opponent,v3,Earl Bamber,0,1771612561719
Game,version,date,track,car,event,laptime [s],S1 [s],S2 [s],S3 [s],S4+ [s]
LMU,1.2,2026-02-20 18:36:01,Silverstone Grand Prix Circuit - ELMS,Cadillac Hertz Team Jota 2025 #38:LM (Hyper),Live,107.432,0,0,0
Tracklen [m],TotalLaps
5869.1,4
,
,
lapdistance [m],speed [m/s],throttle [%],brake [%],steer [%],gear [int],world_x [m],world_y [m],world_z [m]
34.5,72.42,92.2,0.0,0.3,6,35.596,0.602,849.508
34.5,72.56,92.2,0.0,0.2,6,39.917,0.638,849.999
34.5,72.66,92.3,0.0,0.1,6,42.803,0.663,850.325
34.5,72.80,92.3,0.0,0.0,6,47.139,0.704,850.812
49.1,72.89,92.3,0.0,0.0,6,50.034,0.731,851.136
49.1,73.03,92.4,0.0,0.2,6,54.385,0.772,851.618
49.1,73.13,92.4,0.0,0.3,6,57.290,0.798,851.939
49.1,73.27,92.4,0.0,0.2,6,61.656,0.836,852.419
63.7,73.36,92.4,0.0,0.2,6,64.570,0.864,852.738
63.7,73.49,92.5,0.0,0.2,6,68.950,0.907,853.215
63.7,73.59,92.5,0.0,0.2,6,71.874,0.936,853.532
63.7,73.72,92.6,0.0,0.1,6,76.267,0.976,854.006
78.4,73.86,92.6,0.0,-0.0,6,80.669,1.013,854.478
78.4,73.96,92.6,0.0,-0.0,6,83.608,1.037,854.792
78.4,74.08,92.6,0.0,-0.0,6,88.024,1.071,855.262
78.4,74.17,92.7,0.0,0.1,6,90.972,1.095,855.577
93.1,74.30,92.7,0.0,0.0,6,95.400,1.130,856.049
93.1,74.40,92.7,0.0,-0.0,6,98.358,1.151,856.364
93.1,74.53,92.8,0.0,-0.1,6,102.800,1.183,856.836
93.1,74.61,92.8,0.0,0.0,6,105.765,1.204,857.151
108.0,74.74,92.8,0.0,0.3,6,110.220,1.235,857.624
138.1,75.62,93.1,0.0,0.2,6,141.625,1.439,860.882
138.1,75.71,93.1,0.0,0.2,6,144.636,1.459,861.185
138.1,75.82,93.1,0.0,0.5,6,149.158,1.487,861.639
153.2,75.90,93.1,0.0,0.4,6,152.178,1.506,861.939
153.2,76.02,93.2,0.0,0.1,6,156.713,1.532,862.388
153.2,76.10,93.2,0.0,0.0,6,159.740,1.547,862.685
153.2,76.20,93.2,0.0,0.1,6,164.287,1.576,863.128
168.4,76.32,93.3,0.0,0.2,6,168.842,1.605,863.570
168.4,76.40,93.3,0.0,0.2,6,171.882,1.626,863.863
168.4,76.52,93.3,0.0,0.0,6,176.448,1.657,864.302
168.4,76.60,93.3,0.0,-0.2,6,179.497,1.678,864.594
183.7,76.71,93.4,0.0,-0.3,6,184.075,1.707,865.032
183.7,76.82,93.4,0.0,0.6,6,188.659,1.734,865.471
183.7,76.86,53.2,0.0,0.3,6,191.719,1.753,865.765
183.7,76.64,0.0,0.0,-0.6,6,196.304,1.782,866.208
199.0,76.46,0.0,0.0,-0.7,6,199.352,1.801,866.504
199.0,76.19,0.0,0.0,-0.6,6,203.910,1.827,866.953
199.0,76.02,0.0,0.0,-0.5,6,206.939,1.844,867.254
199.0,75.75,0.0,0.0,-0.2,6,211.470,1.867,867.712
214.2,75.56,0.0,0.0,0.1,6,214.481,1.885,868.020
214.2,75.30,0.0,0.0,0.5,6,218.983,1.916,868.487
214.2,75.13,0.0,0.0,0.5,6,221.975,1.936,868.799
214.2,74.87,0.0,0.0,0.7,6,226.452,1.968,869.266
229.2,74.70,0.0,0.0,0.7,6,229.427,1.989,869.575
229.2,74.43,0.0,0.0,0.6,6,233.878,2.021,870.034
229.2,74.16,0.0,0.0,0.7,6,238.313,2.056,870.483
229.2,74.01,0.0,0.0,0.9,6,241.262,2.077,870.777
244.1,73.77,0.0,0.0,1.1,6,245.675,2.102,871.210
244.1,73.59,0.0,0.0,1.3,6,248.609,2.118,871.491
244.1,73.34,0.0,0.0,1.9,6,252.998,2.140,871.902
244.1,73.10,0.0,49.5,2.5,6,255.916,2.154,872.166
258.8,72.13,0.0,77.0,2.6,6,260.260,2.177,872.545
258.8,71.28,0.0,83.6,2.5,6,263.120,2.193,872.784
258.8,69.94,0.0,89.1,2.9,6,267.347,2.216,873.116
258.8,69.01,0.0,90.8,3.1,6,270.120,2.230,873.319
273.0,67.61,0.0,91.3,3.3,6,274.213,2.248,873.593
273.0,66.66,0.0,91.0,3.6,6,276.896,2.260,873.754
273.0,65.26,0.0,91.0,3.6,6,280.851,2.275,873.958
273.0,64.34,30.7,89.1,3.5,0,283.443,2.285,874.067
286.2,63.07,0.0,81.2,3.4,5,287.265,2.298,874.189
286.2,61.81,0.0,62.2,1.6,5,291.013,2.310,874.259
286.2,61.09,0.0,47.4,0.4,5,293.472,2.320,874.271
298.5,60.31,0.0,22.1,-0.0,5,297.114,2.336,874.236
298.5,59.97,0.0,15.6,0.8,5,299.519,2.346,874.174
298.5,59.53,0.0,14.5,4.7,5,303.101,2.363,874.020
298.5,59.26,0.0,9.9,8.1,5,305.473,2.376,873.878
310.3,58.93,0.0,4.7,11.8,5,309.009,2.396,873.610
310.3,58.75,0.0,3.8,13.5,5,311.353,2.411,873.395
310.3,58.49,0.0,2.2,14.8,5,314.850,2.434,873.020
310.3,58.33,0.9,0.2,14.8,5,317.170,2.448,872.735
321.9,58.12,4.3,0.3,12.3,5,320.629,2.470,872.249
321.9,57.97,0.4,5.8,11.5,5,322.923,2.484,871.886
321.9,57.67,0.0,7.8,10.3,5,326.340,2.504,871.284
321.9,57.34,0.0,12.6,10.8,5,329.726,2.522,870.614
333.3,57.08,0.0,10.3,11.9,5,331.963,2.533,870.130
333.3,56.73,0.0,2.5,13.1,5,335.287,2.550,869.346
333.3,56.60,24.8,0.0,13.7,5,337.482,2.561,868.785
333.3,56.55,46.4,0.0,15.5,5,340.754,2.577,867.881
345.0,56.57,61.9,0.0,17.2,5,342.922,2.588,867.238
345.0,56.63,58.7,0.0,20.4,5,346.159,2.603,866.210
345.0,56.67,57.2,0.0,23.0,5,348.305,2.614,865.483
345.0,56.64,36.6,0.0,25.3,5,351.504,2.629,864.332
356.9,56.57,24.5,0.0,25.2,5,353.619,2.640,863.523
356.9,56.41,15.9,0.0,25.5,5,356.760,2.658,862.250
356.9,56.30,26.5,0.0,25.2,5,358.832,2.670,861.361
356.9,56.21,43.9,0.0,24.6,5,361.905,2.688,859.967
368.7,56.22,68.1,0.0,24.3,5,363.934,2.700,858.997
368.7,56.34,73.5,0.0,24.4,5,366.950,2.717,857.480
368.7,56.36,48.9,0.0,26.2,5,369.934,2.734,855.889
368.7,56.37,65.1,0.0,28.1,5,371.900,2.746,854.787
392.5,56.71,42.2,0.0,38.7,5,391.523,2.861,841.367
404.6,56.63,39.5,0.0,38.7,5,394.138,2.878,839.193
404.6,56.57,38.3,0.0,38.7,5,395.850,2.888,837.712
404.6,56.47,38.2,0.0,37.0,5,398.369,2.905,835.441
404.6,56.41,39.7,0.0,35.9,5,400.014,2.916,833.896
416.1,56.29,25.3,0.0,34.3,5,402.432,2.933,831.531
416.1,56.18,25.6,0.0,33.2,5,404.008,2.944,829.926
416.1,56.08,46.5,0.0,30.9,5,406.319,2.960,827.476
416.1,56.08,58.6,0.0,29.2,5,407.825,2.970,825.814
427.5,56.16,77.2,0.0,27.9,5,410.036,2.983,823.275
427.5,56.26,74.3,0.0,26.0,5,412.193,2.993,820.683
427.5,56.35,80.9,0.0,23.7,5,413.599,3.000,818.923
438.6,56.51,88.3,0.0,21.4,5,415.656,3.013,816.235
438.6,56.64,88.5,0.0,20.6,5,416.995,3.022,814.411
438.6,56.83,88.6,0.0,20.1,5,418.960,3.034,811.632
438.6,56.95,88.6,0.0,19.5,5,420.239,3.041,809.750
449.6,57.13,88.7,0.0,18.0,5,422.106,3.055,806.882
449.6,57.27,88.8,0.0,16.7,5,423.317,3.065,804.941
449.6,57.46,88.9,0.0,15.2,5,425.085,3.082,801.989
449.6,57.60,88.9,0.0,13.7,5,426.230,3.096,799.993
460.8,57.80,89.1,0.0,13.1,5,427.897,3.119,796.959
460.8,57.94,89.1,0.0,12.3,5,428.977,3.134,794.912
460.8,58.16,89.2,0.0,11.7,5,430.548,3.159,791.804
460.8,58.37,88.7,0.0,12.0,5,432.063,3.185,788.654
472.3,58.50,89.0,0.0,11.3,5,433.045,3.201,786.533
472.3,58.74,89.4,0.0,9.1,5,434.472,3.225,783.319
472.3,58.88,89.5,0.0,9.4,5,435.393,3.243,781.156
472.3,59.08,88.3,0.0,8.7,5,436.735,3.271,777.882
484.0,59.22,88.3,0.0,8.4,5,437.601,3.291,775.681
484.0,59.41,89.6,0.0,6.6,5,438.863,3.318,772.353
484.0,59.54,90.0,0.0,4.3,5,439.680,3.332,770.120
484.0,59.77,90.0,0.0,2.6,5,440.870,3.347,766.745
495.7,59.91,89.9,0.0,2.9,5,441.633,3.361,764.477
495.7,60.15,89.9,0.0,5.4,5,442.740,3.387,761.050
495.7,60.27,75.3,0.0,6.8,5,443.456,3.403,758.751
495.7,60.45,74.1,0.0,7.1,5,444.498,3.431,755.283
507.6,60.54,87.8,0.0,6.5,5,445.173,3.451,752.960
507.6,60.79,90.2,0.0,4.6,5,446.159,3.481,749.457
507.6,60.97,89.4,0.0,4.6,5,447.109,3.516,745.931
507.6,61.13,89.0,0.0,3.9,5,447.724,3.538,743.567
519.7,61.37,89.8,0.0,3.1,5,448.620,3.565,740.003
519.7,61.52,90.4,0.0,2.9,5,449.200,3.579,737.615
519.7,61.72,90.5,0.0,3.5,5,450.039,3.598,734.015
519.7,61.87,90.6,0.0,4.0,5,450.576,3.615,731.603
531.9,62.08,90.7,0.0,5.5,5,451.354,3.644,727.967
531.9,62.31,90.7,0.0,6.0,5,452.097,3.673,724.311
531.9,62.46,90.7,0.0,5.3,5,452.574,3.693,721.862
531.9,62.68,90.8,0.0,4.4,5,453.259,3.724,718.171
544.4,62.90,90.9,0.0,3.1,5,453.912,3.751,714.462
544.4,63.04,90.9,0.0,2.5,5,454.329,3.768,711.978
544.4,63.27,91.0,0.0,2.0,5,454.929,3.793,708.236
544.4,63.41,91.0,0.0,2.1,5,455.313,3.813,705.732
556.9,63.63,91.1,0.0,2.1,5,455.872,3.843,701.963
556.9,63.78,91.1,0.0,1.8,5,456.235,3.863,699.441
556.9,64.00,91.2,0.0,1.2,5,456.766,3.895,695.645
556.9,64.14,91.3,0.0,0.9,5,457.112,3.918,693.107
569.6,64.36,91.3,0.0,0.9,5,457.623,3.951,689.286
569.6,64.50,91.4,0.0,1.0,5,457.959,3.972,686.731
569.6,64.72,91.4,0.0,1.0,5,458.456,4.006,682.887
569.6,64.86,91.5,0.0,1.1,5,458.783,4.029,680.316
582.4,65.07,91.5,0.0,1.0,5,459.268,4.062,676.449
582.4,65.21,91.5,0.0,1.0,5,459.586,4.084,673.863
582.4,65.42,91.6,0.0,1.0,5,460.058,4.117,669.973
595.3,65.63,91.7,0.0,1.0,5,460.521,4.150,666.070
595.3,65.77,91.7,0.0,1.2,5,460.824,4.172,663.460
595.3,65.97,91.8,0.0,1.2,5,461.272,4.203,659.534
595.3,66.10,91.8,0.0,1.3,5,461.565,4.225,656.909
608.5,66.30,91.9,0.0,1.3,5,461.996,4.259,652.961
608.5,66.44,91.9,0.0,1.4,5,462.278,4.282,650.322
608.5,66.64,92.0,0.0,1.3,5,462.690,4.315,646.351
608.5,66.77,92.0,0.0,1.4,5,462.959,4.337,643.697
621.8,66.97,92.0,0.0,1.4,5,463.352,4.369,639.705
621.8,67.09,92.1,0.0,1.4,5,463.606,4.391,637.036
621.8,67.29,92.2,0.0,1.3,5,463.977,4.424,633.022
621.8,67.42,92.2,0.0,1.2,5,464.218,4.446,630.339
635.2,67.61,92.2,0.0,1.1,5,464.567,4.478,626.304
635.2,67.74,92.3,0.0,1.2,5,464.792,4.499,623.607
635.2,67.92,92.3,0.0,1.3,5,465.120,4.531,619.551
635.2,68.11,92.4,0.0,1.3,5,465.436,4.563,615.483
648.8,68.23,92.4,0.0,1.1,5,465.640,4.584,612.764
648.8,68.42,92.5,0.0,0.8,5,465.937,4.617,608.676
648.8,68.53,92.5,0.0,0.8,5,466.129,4.638,605.944
648.8,68.71,92.6,0.0,-0.1,5,466.409,4.671,601.836
662.5,68.83,92.6,0.0,-1.3,5,466.591,4.692,599.092
662.5,69.01,92.6,0.0,-1.0,5,466.864,4.724,594.966
662.5,69.13,92.7,0.0,-0.9,5,467.048,4.745,592.210
662.5,69.30,92.7,0.0,-0.6,5,467.329,4.775,588.067
676.4,69.42,92.8,0.0,-0.3,5,467.522,4.795,585.299
676.4,69.59,92.8,0.0,-0.0,5,467.818,4.822,581.140
676.4,69.70,92.8,0.0,0.9,5,468.018,4.839,578.362
676.4,69.87,92.9,0.0,1.6,5,468.322,4.864,574.186
690.3,69.91,0.0,0.0,1.2,0,468.522,4.878,571.397
690.3,69.90,92.0,0.0,0.5,6,468.816,4.897,567.215
690.3,70.06,92.1,0.0,0.6,6,469.099,4.914,563.026
690.3,70.17,92.1,0.0,0.3,6,469.283,4.925,560.228
704.4,70.33,92.1,0.0,0.5,6,469.552,4.941,556.022
704.4,70.44,92.1,0.0,1.1,6,469.727,4.951,553.212
704.4,70.60,92.2,0.0,0.1,6,469.986,4.963,548.990
704.4,70.70,92.2,0.0,-0.2,6,470.155,4.971,546.169
718.5,70.86,92.3,0.0,0.0,6,470.407,4.979,541.930
718.5,70.97,92.3,0.0,0.3,6,470.574,4.984,539.098
718.5,71.13,92.3,0.0,0.0,6,470.824,4.989,534.842
718.5,71.24,92.3,0.0,0.6,6,470.991,4.992,532.000
732.8,71.39,92.4,0.0,0.9,6,471.240,4.994,527.729
732.8,71.50,92.4,0.0,0.9,6,471.403,4.994,524.876
732.8,71.65,92.4,0.0,0.4,6,471.643,4.991,520.589
732.8,71.76,92.5,0.0,0.1,6,471.798,4.988,517.725
747.2,71.91,92.5,0.0,0.0,6,472.027,4.982,513.421
747.2,72.07,92.5,0.0,0.1,6,472.251,4.974,509.108
747.2,72.17,92.6,0.0,0.2,6,472.398,4.968,506.228
747.2,72.32,92.6,0.0,0.3,6,472.617,4.955,501.899
761.7,72.43,92.6,0.0,0.2,6,472.762,4.944,499.008
761.7,72.58,92.7,0.0,0.2,6,472.978,4.924,494.663
761.7,72.67,92.7,0.0,0.2,6,473.120,4.909,491.762
761.7,72.82,92.7,0.0,0.2,6,473.332,4.885,487.402
776.2,72.93,92.7,0.0,0.1,6,473.472,4.869,484.491
776.2,73.07,92.8,0.0,0.5,6,473.679,4.844,480.116
776.2,73.16,92.8,0.0,-0.2,6,473.816,4.828,477.195
776.2,73.31,92.8,0.0,-0.9,6,474.019,4.809,472.806
790.8,73.40,92.9,0.0,-1.3,6,474.155,4.797,469.875
790.8,73.55,92.9,0.0,-2.0,6,474.364,4.778,465.472
790.8,73.70,92.9,0.0,-2.4,6,474.586,4.759,461.060
790.8,73.79,92.9,0.0,-2.9,6,474.745,4.747,458.115
805.5,73.92,93.0,0.0,-4.2,6,475.006,4.730,453.692
805.5,74.01,93.0,0.0,-4.2,6,475.196,4.715,450.739
805.5,74.15,93.0,0.0,-4.5,6,475.512,4.691,446.306
805.5,74.23,93.1,0.0,-4.6,6,475.748,4.677,443.348
820.3,74.36,93.1,0.0,-5.9,6,476.137,4.655,438.908
820.3,74.45,93.1,0.0,-6.2,6,476.421,4.635,435.945
820.3,74.56,93.1,0.0,-6.3,6,476.895,4.606,431.501
820.3,74.63,93.2,0.0,-6.4,6,477.245,4.591,428.538
835.1,74.74,93.2,0.0,-7.3,6,477.823,4.573,424.095
835.1,74.81,93.2,0.0,-7.2,6,478.243,4.559,421.133
835.1,74.92,93.2,0.0,-6.9,6,478.929,4.539,416.694
835.1,74.99,93.3,0.0,-7.2,6,479.426,4.529,413.737
850.0,75.10,93.3,0.0,-8.1,6,480.229,4.513,409.307
850.0,75.20,93.3,0.0,-8.5,6,481.102,4.496,404.884
850.0,75.27,93.3,0.0,-8.6,6,481.723,4.483,401.940
864.9,75.36,93.4,0.0,-9.1,6,482.714,4.461,397.532
864.9,75.42,93.4,0.0,-9.1,6,483.415,4.444,394.599
864.9,75.28,0.0,0.0,-9.8,6,484.526,4.412,390.214
864.9,75.09,0.0,0.0,-9.9,6,485.304,4.386,387.309
879.7,74.79,0.0,0.0,-8.6,6,486.532,4.341,382.983
879.7,74.60,0.0,0.0,-7.3,6,487.393,4.310,380.122
879.7,74.31,0.0,0.0,-4.7,6,488.746,4.260,375.864
879.7,74.12,0.0,0.0,-3.9,6,489.688,4.225,373.049
894.7,73.85,0.0,0.0,-4.0,6,491.161,4.171,368.861
894.7,73.67,0.0,0.0,-4.5,6,492.179,4.134,366.092
894.7,73.41,0.0,0.0,-6.0,6,493.754,4.078,361.970
894.7,73.23,0.0,0.0,-6.7,6,494.835,4.042,359.244
909.7,72.98,0.0,0.0,-4.8,6,496.498,3.988,355.185
909.7,72.74,0.0,0.0,-1.1,6,498.208,3.934,351.161
909.7,72.57,0.0,0.0,1.3,6,499.371,3.899,348.498
909.7,72.34,0.0,0.0,2.6,6,501.138,3.848,344.526
924.6,72.19,0.0,0.0,2.7,6,502.321,3.814,341.888
924.6,71.96,0.0,0.0,3.2,6,504.087,3.757,337.940
924.6,71.80,0.0,0.0,3.9,6,505.252,3.716,335.312
924.6,71.57,0.0,0.0,5.1,6,506.971,3.661,331.369
939.4,71.41,0.0,0.0,5.0,6,508.095,3.629,328.739
939.4,71.18,0.0,0.0,4.6,6,509.743,3.585,324.792
939.4,71.02,0.0,0.0,4.7,6,510.816,3.558,322.158
939.4,70.77,0.0,13.6,5.5,6,512.384,3.518,318.203
953.6,70.30,0.0,27.1,6.0,6,513.895,3.484,314.248
953.6,69.90,0.0,42.5,6.0,6,514.868,3.463,311.617
953.6,68.98,0.0,63.7,6.0,6,516.270,3.435,307.689
953.6,67.91,0.0,58.6,7.3,6,517.596,3.414,303.800
967.2,67.26,0.0,58.1,7.3,6,518.434,3.403,301.229
967.2,66.32,0.0,42.0,8.1,6,519.625,3.387,297.402
967.2,65.79,0.0,39.2,8.0,6,520.372,3.377,294.866
967.2,65.04,0.0,39.4,7.5,6,521.421,3.362,291.083
980.2,64.57,0.0,10.1,7.4,6,522.072,3.352,288.574
980.2,64.22,0.0,0.0,7.9,6,522.977,3.334,284.818
980.2,64.05,0.0,0.0,8.6,6,523.533,3.322,282.314
980.2,63.75,0.0,8.8,10.7,6,524.293,3.304,278.555
993.0,63.51,0.0,6.6,11.5,6,524.749,3.294,276.051
993.0,63.21,0.0,0.0,11.0,6,525.358,3.282,272.298
993.0,62.96,0.0,0.0,11.0,6,525.883,3.272,268.549
993.0,62.81,0.0,0.0,10.6,6,526.186,3.269,266.052
1007.2,62.59,0.0,0.0,9.5,0,526.589,3.253,262.311
1007.2,62.43,39.2,0.0,9.8,0,526.817,3.239,259.821
1007.2,62.11,0.0,0.0,9.4,5,527.069,3.242,256.093
1007.2,61.98,0.0,0.0,9.7,5,527.193,3.246,253.614
1021.0,61.74,0.0,0.0,12.4,5,527.328,3.238,249.904
1021.0,61.56,0.0,0.0,14.3,5,527.375,3.230,247.438
1021.0,61.28,0.0,0.0,16.8,5,527.368,3.226,243.753
1021.0,61.11,0.0,0.0,19.0,5,527.317,3.223,241.305
1033.8,60.84,0.0,0.0,21.0,5,527.172,3.219,237.649
1033.8,60.66,0.0,0.0,21.3,5,527.028,3.219,235.223
1033.8,60.38,0.0,0.0,20.3,5,526.738,3.224,231.603
1033.8,60.19,0.0,0.0,18.7,5,526.495,3.232,229.204
1070.0,59.59,0.0,0.0,6.4,5,521.274,3.393,203.305
1070.0,59.37,0.0,0.0,1.8,5,520.246,3.424,199.887
1070.0,59.18,0.0,0.0,-2.2,5,519.173,3.455,196.496
1070.0,59.06,0.0,0.0,-2.3,5,518.442,3.475,194.247
1081.9,58.86,0.0,0.0,-2.2,5,517.340,3.504,190.885
1081.9,58.79,47.7,0.0,-2.9,5,516.608,3.524,188.649
1081.9,58.84,18.4,0.0,-3.8,5,515.519,3.551,185.291
1081.9,58.79,47.7,0.0,-4.5,5,514.804,3.567,183.050
1093.8,59.00,89.8,0.0,-5.3,5,513.750,3.591,179.680
1093.8,59.15,89.9,0.0,-5.8,5,513.060,3.605,177.420
1093.8,59.23,18.5,0.0,-6.4,5,512.050,3.625,174.013
1093.8,59.11,0.0,0.0,-6.8,5,511.399,3.637,171.737
1105.7,58.91,0.0,4.3,-7.2,5,510.462,3.656,168.323
1105.7,58.74,0.0,25.0,-7.7,5,509.863,3.667,166.047
1105.7,58.09,0.0,56.1,-7.4,5,509.009,3.682,162.643
1105.7,57.49,0.0,61.2,-6.8,5,508.473,3.692,160.394
1117.5,56.48,0.0,62.3,-5.4,5,507.719,3.705,157.057
1117.5,55.49,0.0,56.9,-4.2,5,507.031,3.719,153.768
1117.5,54.87,0.0,49.8,-3.9,5,506.609,3.728,151.600
1128.7,54.06,0.0,36.5,-3.3,5,506.031,3.741,148.383
1128.7,53.63,0.0,24.4,-4.1,5,505.684,3.750,146.257
1128.7,53.17,0.0,9.8,-6.8,5,505.219,3.761,143.087
1128.7,52.96,0.0,3.7,-9.4,5,504.944,3.766,140.982
1139.9,52.75,0.0,0.8,-13.5,5,504.587,3.772,137.831
1139.9,52.62,0.0,0.3,-15.5,5,504.383,3.775,135.733
1139.9,52.44,40.7,0.1,-16.9,0,504.132,3.777,132.592
1139.9,52.34,0.0,0.0,-17.0,4,504.001,3.776,130.500
1150.8,52.13,0.0,0.0,-18.4,4,503.856,3.769,127.369
1150.8,51.97,0.0,0.0,-18.5,4,503.796,3.759,125.288
1150.8,51.74,0.0,0.0,-18.2,4,503.769,3.744,122.176
1150.8,51.58,4.1,0.2,-18.0,4,503.797,3.735,120.110
1161.6,51.35,9.0,0.0,-16.4,4,503.908,3.725,117.024
1161.6,51.18,15.8,0.0,-13.4,4,504.104,3.718,113.954
1161.6,51.08,17.9,0.0,-11.8,4,504.281,3.716,111.916
1161.6,50.98,14.8,0.0,-10.6,4,504.611,3.714,108.871
1172.3,50.87,17.9,0.0,-10.4,4,504.870,3.711,106.851
1172.3,50.76,19.4,0.0,-11.3,4,505.313,3.697,103.834
1172.3,50.66,15.7,0.0,-13.0,4,505.654,3.692,101.834
1172.3,50.51,5.2,0.0,-16.0,4,506.219,3.676,98.852
1183.0,50.37,14.6,0.0,-16.8,4,506.634,3.663,96.878
1183.0,50.24,19.9,0.0,-20.0,4,507.322,3.646,93.939
1183.0,50.16,16.2,0.0,-21.9,4,507.818,3.633,91.993
1183.0,50.01,14.7,0.0,-22.9,4,508.620,3.610,89.097
1193.6,49.91,9.3,0.0,-23.5,4,509.193,3.595,87.183
1193.6,49.73,10.6,0.0,-24.6,4,510.106,3.567,84.336
1193.6,49.63,9.9,0.0,-24.4,4,510.748,3.545,82.456
1193.6,49.47,14.0,0.0,-24.5,4,511.767,3.509,79.662
1203.9,49.32,15.7,0.0,-24.8,4,512.850,3.470,76.904
1203.9,49.24,17.4,0.0,-25.0,4,513.609,3.442,75.085
1203.9,49.09,18.8,0.0,-25.8,4,514.803,3.399,72.388
1203.9,49.06,46.0,0.0,-25.4,4,515.636,3.370,70.611
1214.0,49.20,80.1,0.0,-23.8,4,516.945,3.326,67.972
1214.0,49.37,87.5,0.0,-21.5,4,517.860,3.300,66.226
1214.0,49.66,87.6,0.0,-17.7,4,519.295,3.263,63.626
1214.0,49.85,87.7,0.0,-14.9,4,520.295,3.242,61.905
1224.0,50.15,87.9,0.0,-8.2,4,521.853,3.212,59.342
1224.0,50.26,32.5,17.6,-3.4,4,522.927,3.192,57.645
1224.0,49.82,0.0,42.5,0.9,4,524.573,3.163,55.131
1224.0,49.32,0.0,60.6,3.4,4,525.679,3.145,53.483
1233.9,48.35,0.0,74.6,7.2,4,527.325,3.119,51.055
1233.9,47.61,0.0,78.1,8.6,4,528.402,3.100,49.465
1233.9,46.45,0.0,82.2,9.0,4,529.976,3.072,47.120
1233.9,45.65,0.0,83.9,8.8,4,530.993,3.053,45.583
1243.3,44.48,29.9,83.8,8.1,0,532.462,3.025,43.311
1243.3,43.38,0.0,46.6,7.1,3,533.864,2.998,41.077
1243.3,42.84,0.0,21.5,6.2,3,534.759,2.980,39.603
1243.3,42.41,0.0,4.9,5.6,3,536.046,2.951,37.393
1251.9,42.25,0.0,1.1,7.3,3,536.867,2.931,35.913
1251.9,42.06,0.6,0.0,13.2,3,538.047,2.899,33.675
1251.9,41.95,4.3,0.0,17.8,3,538.799,2.877,32.173
1251.9,41.81,8.3,0.0,23.5,3,539.878,2.843,29.904
1260.4,41.72,8.8,0.0,25.1,3,540.564,2.819,28.381
1260.4,41.58,6.9,0.0,25.5,3,541.542,2.783,26.081
1260.4,41.49,14.0,0.0,25.1,3,542.158,2.759,24.538
1260.4,41.50,46.6,0.0,23.6,3,543.026,2.722,22.206
1268.8,41.63,61.4,0.0,22.8,3,543.568,2.698,20.635
1268.8,41.84,52.3,0.0,24.1,3,544.329,2.662,18.250
1268.8,41.87,11.0,4.9,27.2,3,545.025,2.624,15.836
1268.8,41.71,0.0,8.8,28.3,3,545.450,2.598,14.219
1277.8,41.40,0.0,3.7,27.8,3,546.027,2.558,11.793
1277.8,41.25,19.3,0.0,27.1,3,546.369,2.532,10.177
1277.8,41.30,49.7,0.0,22.8,3,546.817,2.496,7.743
1277.8,41.41,49.4,0.0,22.3,3,547.078,2.471,6.110
1286.9,41.52,45.4,0.0,24.2,3,547.411,2.433,3.646
1286.9,41.59,43.1,0.0,26.0,3,547.596,2.405,1.994
1286.9,41.67,41.5,0.0,27.6,3,547.814,2.363,-0.493
1286.9,41.72,44.0,0.0,29.5,3,547.921,2.333,-2.157
1296.0,41.89,68.8,0.0,29.5,3,548.019,2.289,-4.662
1296.0,42.11,84.4,0.0,28.9,3,548.046,2.260,-6.341
1296.0,42.47,86.5,0.0,28.4,3,548.033,2.213,-8.878
1296.0,42.70,72.2,0.0,26.8,3,547.988,2.180,-10.580
1305.3,42.97,69.2,0.0,23.0,3,547.863,2.128,-13.146
1305.3,43.12,63.5,0.0,21.4,3,547.737,2.094,-14.862
1305.3,43.25,57.0,0.0,17.5,3,547.481,2.044,-17.440
1314.9,43.38,60.4,0.0,13.5,3,547.143,1.998,-20.016
1314.9,43.45,53.8,0.0,9.7,3,546.871,1.970,-21.731
1314.9,43.52,60.4,0.0,3.5,3,546.400,1.928,-24.295
1314.9,43.55,43.1,0.0,0.6,3,546.038,1.903,-25.999
1324.6,43.61,42.5,0.0,-4.5,3,545.431,1.866,-28.542
1324.6,43.56,19.8,0.0,-6.2,3,544.980,1.845,-30.226
1324.6,43.42,14.9,0.0,-7.2,3,544.242,1.814,-32.729
1324.6,43.32,14.6,0.0,-4.9,3,543.710,1.793,-34.380
1333.7,43.16,14.5,0.0,-0.7,3,542.854,1.759,-36.830
1333.7,43.06,14.4,0.0,3.6,3,542.244,1.736,-38.442
1333.7,43.08,72.6,0.0,10.6,3,541.267,1.703,-40.832
1333.7,43.29,87.2,0.0,15.1,3,540.571,1.684,-42.412
1343.1,43.68,87.3,0.0,20.9,3,539.462,1.658,-44.772
1343.1,43.95,87.3,0.0,25.3,3,538.682,1.641,-46.341
1343.1,44.33,87.5,0.0,30.5,3,537.456,1.613,-48.687
1343.1,44.69,87.6,0.0,31.7,3,536.162,1.586,-51.023
1352.4,44.93,87.8,0.0,29.4,3,535.261,1.569,-52.571
1352.4,45.27,88.0,0.0,24.1,3,533.848,1.546,-54.878
1352.4,45.51,88.2,0.0,19.6,3,532.866,1.532,-56.405
1352.4,45.85,88.4,0.0,13.3,3,531.334,1.511,-58.676
1361.7,46.09,85.7,0.0,9.7,3,530.274,1.496,-60.178
1361.7,46.39,78.3,0.0,4.8,3,528.627,1.473,-62.409
1361.7,46.58,79.3,0.0,2.1,3,527.492,1.457,-63.882
1361.7,46.90,86.0,0.0,0.1,3,525.737,1.430,-66.067
1371.0,47.11,88.8,0.0,-0.1,3,524.531,1.411,-67.509
1371.0,47.50,88.6,0.0,1.2,3,522.670,1.380,-69.652
1371.0,47.75,88.9,0.0,3.6,3,521.396,1.358,-71.067
1371.0,48.13,89.1,0.0,7.8,3,519.435,1.324,-73.171
1380.5,48.39,89.1,0.0,10.1,3,518.099,1.301,-74.562
1380.5,48.76,89.3,0.0,12.0,3,516.053,1.264,-76.637
1380.5,49.00,89.4,0.0,11.8,3,514.664,1.237,-78.012
1380.5,49.37,89.5,0.0,10.6,3,512.542,1.194,-80.061
1390.1,49.62,0.0,0.0,9.5,0,510.370,1.151,-82.089
1390.1,49.60,87.9,0.0,8.6,4,508.900,1.124,-83.421
1390.1,49.93,88.1,0.0,7.7,4,506.660,1.086,-85.394
1390.1,50.14,88.2,0.0,8.0,4,505.140,1.062,-86.695
1399.8,50.48,88.3,0.0,11.3,4,502.824,1.023,-88.630
1399.8,50.70,88.4,0.0,11.5,4,501.255,0.995,-89.907
1399.8,51.02,88.6,0.0,10.9,4,498.864,0.950,-91.801
1399.8,51.24,88.6,0.0,8.7,4,497.243,0.920,-93.047
1409.8,51.56,88.8,0.0,5.7,4,494.772,0.873,-94.890
1409.8,51.78,88.8,0.0,5.3,4,493.098,0.842,-96.102
1409.8,52.10,88.9,0.0,5.0,4,490.552,0.798,-97.897
1409.8,52.33,89.0,0.0,4.5,4,488.831,0.770,-99.080
1420.2,52.66,89.1,0.0,3.2,4,486.219,0.731,-100.838
1420.2,52.87,89.2,0.0,2.1,4,484.459,0.707,-102.002
1420.2,53.21,89.3,0.0,0.5,4,481.795,0.672,-103.742
1420.2,53.54,89.4,0.0,-0.6,4,479.106,0.637,-105.480
1430.9,53.76,89.5,0.0,-1.5,4,477.302,0.615,-106.641
1430.9,54.08,89.5,0.0,-3.6,4,474.581,0.581,-108.391
1430.9,54.28,89.7,0.0,-4.7,4,472.761,0.560,-109.567
1430.9,54.60,89.8,0.0,-4.6,4,470.024,0.528,-111.351
1441.9,54.82,90.0,0.0,-4.4,4,468.198,0.510,-112.556
1441.9,55.14,90.0,0.0,-5.0,4,465.458,0.484,-114.390
1441.9,55.32,90.2,0.0,-5.4,4,463.632,0.468,-115.633
1441.9,55.63,90.2,0.0,-7.2,4,460.896,0.443,-117.527
1453.2,55.81,90.3,0.0,-8.5,4,459.076,0.425,-118.811
1453.2,56.10,90.4,0.0,-9.6,4,456.354,0.396,-120.774
1453.2,56.29,90.4,0.0,-9.3,4,454.546,0.374,-122.108
1453.2,56.56,90.5,0.0,-8.4,4,451.849,0.345,-124.153
1465.1,56.72,90.6,0.0,-7.8,4,450.064,0.327,-125.547
1465.1,57.00,90.6,0.0,-8.0,4,447.405,0.305,-127.684
1465.1,57.26,90.7,0.0,-8.7,4,444.770,0.284,-129.875
1465.1,57.45,90.8,0.0,-9.1,4,443.026,0.269,-131.365
1476.9,57.71,90.9,0.0,-9.0,4,440.432,0.251,-133.646
1476.9,57.89,90.9,0.0,-7.3,4,438.719,0.243,-135.199
1476.9,58.15,91.0,0.0,-7.5,4,436.173,0.233,-137.572
1476.9,58.33,91.1,0.0,-7.7,4,434.490,0.229,-139.182
1488.8,58.59,91.2,0.0,-8.2,4,431.985,0.222,-141.637
1488.8,58.77,91.2,0.0,-7.7,4,430.328,0.218,-143.299
1488.8,59.03,91.3,0.0,-6.7,4,427.864,0.211,-145.831
1488.8,59.19,91.3,0.0,-6.5,4,426.236,0.207,-147.546
1500.9,59.45,91.4,0.0,-6.5,0,423.818,0.202,-150.157
1524.7,60.86,90.6,0.0,-7.4,5,407.031,0.186,-170.535
1524.7,61.09,90.7,0.0,-8.2,5,404.871,0.171,-173.486
1524.7,61.22,90.8,0.0,-6.8,5,403.452,0.161,-175.478
1536.8,61.46,90.8,0.0,-6.3,5,401.352,0.143,-178.501
1536.8,61.61,90.8,0.0,-5.5,5,399.971,0.129,-180.538
1536.8,61.82,90.9,0.0,-5.0,5,397.930,0.107,-183.627
1536.8,61.99,91.0,0.0,-4.3,5,396.587,0.092,-185.707
1549.1,62.21,91.0,0.0,-3.7,5,394.596,0.070,-188.856
1549.1,62.44,91.1,0.0,-3.5,5,392.631,0.052,-192.038
1549.1,62.60,91.1,0.0,-3.2,5,391.334,0.041,-194.175
1586.9,64.34,91.6,0.0,-2.7,5,376.843,-0.017,-219.517
1586.9,64.55,91.7,0.0,-2.0,5,374.993,-0.021,-222.912
1586.9,64.77,91.7,0.0,-0.4,5,373.153,-0.023,-226.327
1586.9,64.92,91.8,0.0,-0.0,5,371.931,-0.024,-228.615
1599.9,65.14,91.8,0.0,-0.2,5,370.101,-0.026,-232.060
1599.9,65.28,91.9,0.0,-0.4,5,368.881,-0.028,-234.365
1599.9,65.50,91.9,0.0,-0.5,5,367.050,-0.034,-237.835
1599.9,65.64,91.9,0.0,-0.5,5,365.828,-0.040,-240.155
1612.9,65.86,92.0,0.0,-0.5,5,363.995,-0.050,-243.648
1612.9,65.99,92.0,0.0,-0.5,5,362.773,-0.058,-245.984
1612.9,66.20,92.1,0.0,-0.7,5,360.940,-0.072,-249.501
1612.9,66.33,92.1,0.0,-0.9,5,359.719,-0.082,-251.853
1626.1,66.55,92.2,0.0,-1.1,5,357.888,-0.097,-255.394
1626.1,66.68,92.2,0.0,-1.0,5,356.669,-0.106,-257.763
1626.1,66.88,92.3,0.0,-0.7,5,354.843,-0.122,-261.329
1626.1,67.09,92.3,0.0,-0.5,5,353.019,-0.138,-264.911
1639.5,67.22,92.4,0.0,-0.1,5,351.805,-0.148,-267.306
1639.5,67.42,92.4,0.0,-0.1,5,349.982,-0.164,-270.910
1639.5,67.55,92.5,0.0,-0.5,5,348.767,-0.175,-273.320
1639.5,67.75,92.5,0.0,-1.3,5,346.941,-0.191,-276.944
1653.0,67.88,92.5,0.0,-1.3,5,345.723,-0.202,-279.368
1653.0,68.07,92.6,0.0,-1.0,5,343.898,-0.220,-283.015
1653.0,68.20,92.6,0.0,-0.7,5,342.683,-0.232,-285.454
1653.0,68.40,92.7,0.0,-0.4,5,340.863,-0.253,-289.125
1666.6,68.53,92.7,0.0,-0.3,5,339.651,-0.268,-291.581
1666.6,68.71,92.8,0.0,-0.3,5,337.834,-0.290,-295.275
1666.6,68.83,92.8,0.0,-0.4,5,336.624,-0.304,-297.744
1666.6,69.03,92.8,0.0,-0.4,5,334.806,-0.332,-301.458
1680.4,69.14,92.9,0.0,-0.2,5,333.593,-0.349,-303.941
1680.4,69.32,92.9,0.0,0.1,5,331.772,-0.370,-307.673
1680.4,69.44,93.0,0.0,0.3,5,330.557,-0.383,-310.168
1680.4,69.63,93.0,0.0,0.2,5,328.732,-0.408,-313.919
1694.2,69.79,93.1,0.0,0.0,5,326.904,-0.434,-317.680
1694.2,69.91,93.1,0.0,-0.1,0,325.682,-0.450,-320.193
1694.2,69.83,92.2,0.0,-0.2,6,323.850,-0.474,-323.963
1694.2,69.94,92.2,0.0,-0.2,6,322.629,-0.490,-326.477
1708.2,70.11,92.3,0.0,-0.1,6,320.794,-0.513,-330.256
1708.2,70.23,92.3,0.0,-0.0,6,319.569,-0.529,-332.781
1708.2,70.39,92.3,0.0,-0.0,6,317.728,-0.553,-336.576
1708.2,70.50,92.3,0.0,-0.1,6,316.499,-0.569,-339.112
1722.2,70.66,92.4,0.0,-0.1,6,314.653,-0.594,-342.923
1722.2,70.78,92.4,0.0,-0.2,6,313.420,-0.610,-345.469
1722.2,70.94,92.4,0.0,-0.1,6,311.568,-0.634,-349.295
1722.2,71.05,92.5,0.0,-0.1,6,310.332,-0.651,-351.851
1736.4,71.21,92.5,0.0,-0.1,6,308.475,-0.676,-355.694
1736.4,71.37,92.5,0.0,-0.1,6,306.616,-0.703,-359.546
1736.4,71.48,92.5,0.0,-0.1,6,305.374,-0.721,-362.119
1750.7,71.64,92.6,0.0,-0.1,6,303.510,-0.750,-365.986
1750.7,71.75,92.6,0.0,-0.1,6,302.265,-0.771,-368.570
1750.7,71.90,92.6,0.0,-0.2,6,300.396,-0.802,-372.452
1750.7,72.01,92.7,0.0,-0.2,6,299.148,-0.822,-375.046
1765.0,72.17,92.7,0.0,-0.2,6,297.274,-0.855,-378.944
1765.0,72.27,92.7,0.0,-0.2,6,296.023,-0.878,-381.547
1765.0,72.42,92.8,0.0,-0.1,6,294.145,-0.911,-385.460
1765.0,72.53,92.8,0.0,-0.1,6,292.890,-0.933,-388.073
1779.5,72.68,92.8,0.0,-0.0,6,291.007,-0.965,-392.000
1779.5,72.78,92.8,0.0,-0.0,6,289.749,-0.987,-394.623
1779.5,72.93,92.9,0.0,0.1,6,287.860,-1.020,-398.565
1779.5,73.03,92.9,0.0,0.1,6,286.598,-1.043,-401.197
1794.1,73.18,92.9,0.0,0.2,6,284.703,-1.079,-405.153
1794.1,73.32,93.0,0.0,0.2,6,282.803,-1.110,-409.116
1794.1,73.42,93.0,0.0,0.2,6,281.535,-1.128,-411.762
1794.1,73.57,93.0,0.0,0.1,6,279.627,-1.155,-415.737
1823.6,74.56,93.2,0.0,0.3,6,266.116,-1.363,-443.756
1838.4,74.69,93.3,0.0,0.4,6,264.161,-1.392,-447.784
1838.4,74.79,93.3,0.0,0.5,6,262.853,-1.411,-450.472
1838.4,74.92,93.3,0.0,0.3,6,260.885,-1.438,-454.509
1838.4,75.01,93.3,0.0,0.2,6,259.569,-1.456,-457.203
1853.4,75.15,93.3,0.0,0.3,6,257.588,-1.482,-461.248
1853.4,75.24,93.4,0.0,0.5,6,256.262,-1.499,-463.948
1853.4,75.37,93.4,0.0,0.5,6,254.268,-1.527,-468.002
1853.4,75.46,93.4,0.0,0.5,6,252.934,-1.546,-470.707
1868.4,75.59,93.4,0.0,0.4,6,250.926,-1.572,-474.769
1868.4,75.67,93.5,0.0,0.4,6,249.582,-1.590,-477.479
1868.4,75.79,93.5,0.0,0.5,6,247.560,-1.616,-481.548
1868.4,75.88,93.5,0.0,0.4,6,246.207,-1.632,-484.263
1883.6,76.00,93.6,0.0,0.3,6,244.172,-1.657,-488.339
1883.6,76.13,93.6,0.0,0.3,6,242.128,-1.680,-492.420
1883.6,76.22,93.6,0.0,0.2,6,240.761,-1.695,-495.143
1898.8,76.34,93.6,0.0,0.3,6,238.705,-1.718,-499.231
1898.8,76.42,93.6,0.0,0.2,6,237.330,-1.733,-501.960
1898.8,76.54,93.6,0.0,0.3,6,235.263,-1.757,-506.056
1898.8,76.62,93.7,0.0,0.4,6,233.881,-1.772,-508.789
1914.1,76.74,93.7,0.0,0.4,6,231.803,-1.796,-512.894
1914.1,76.82,93.7,0.0,0.4,6,230.414,-1.812,-515.633
1914.1,76.93,93.7,0.0,0.3,6,228.326,-1.836,-519.746
1914.1,77.01,93.7,0.0,0.3,6,226.931,-1.853,-522.490
1929.5,77.13,93.8,0.0,0.2,6,224.832,-1.878,-526.610
1929.5,77.20,93.8,0.0,0.1,6,223.430,-1.894,-529.360
1929.5,77.31,93.8,0.0,-0.0,6,221.322,-1.914,-533.488
1929.5,77.39,93.8,0.0,-0.1,6,219.914,-1.930,-536.243
1945.0,77.50,93.9,0.0,-0.2,6,217.799,-1.954,-540.380
1945.0,77.62,93.9,0.0,-0.4,6,215.681,-1.985,-544.523
1945.0,77.70,93.9,0.0,-0.5,6,214.269,-2.009,-547.290
1945.0,77.81,93.9,0.0,-0.5,6,212.149,-2.049,-551.445
1960.5,77.88,93.9,0.0,-0.4,6,210.737,-2.077,-554.220
1960.5,77.99,93.9,0.0,-0.3,6,208.620,-2.123,-558.389
1960.5,78.06,93.9,0.0,-0.2,6,207.210,-2.154,-561.173
1960.5,78.17,94.0,0.0,-0.4,6,205.098,-2.203,-565.356
1976.1,78.24,94.0,0.0,-0.6,6,203.691,-2.237,-568.150
1976.1,78.34,94.0,0.0,-0.6,6,201.584,-2.288,-572.347
1976.1,78.41,94.0,0.0,-0.6,6,200.181,-2.323,-575.151
1976.1,78.45,0.0,0.0,-0.5,0,198.080,-2.376,-579.363
1991.8,78.36,93.4,0.0,-0.4,7,196.685,-2.412,-582.170
1991.8,78.46,93.4,0.0,-0.3,7,194.596,-2.467,-586.385
1991.8,78.53,93.4,0.0,-0.3,7,193.206,-2.501,-589.200
1991.8,78.63,93.4,0.0,-0.2,7,191.123,-2.554,-593.429
2007.5,78.70,93.4,0.0,-0.1,7,189.735,-2.592,-596.253
2007.5,78.80,93.4,0.0,0.0,7,187.653,-2.649,-600.494
2007.5,78.90,93.5,0.0,0.2,7,185.568,-2.705,-604.741
2007.5,78.97,93.5,0.0,0.4,7,184.177,-2.745,-607.575
2023.2,79.06,93.5,0.0,0.8,7,182.085,-2.798,-611.829
2023.2,79.13,93.5,0.0,1.0,7,180.686,-2.832,-614.666
2023.2,79.24,93.5,0.0,1.0,7,178.580,-2.886,-618.925
2023.2,79.30,93.5,0.0,1.1,7,177.170,-2.921,-621.764
2039.1,79.39,93.6,0.0,1.3,7,175.042,-2.968,-626.023
2039.1,79.45,93.6,0.0,1.4,7,173.616,-2.996,-628.861
2039.1,79.55,93.6,0.0,1.2,7,171.464,-3.036,-633.118
2039.1,79.61,93.6,0.0,1.1,7,170.021,-3.062,-635.954
2055.0,79.70,93.6,0.0,1.0,7,167.842,-3.097,-640.208
2055.0,79.77,93.6,0.0,1.0,7,166.380,-3.119,-643.043
2055.0,79.86,93.6,0.0,0.9,7,164.176,-3.148,-647.293
2055.0,79.92,93.6,0.0,0.6,7,162.698,-3.164,-650.126
2070.9,80.00,93.7,0.0,0.4,7,160.470,-3.185,-654.374
2070.9,80.09,93.7,0.0,0.5,7,158.228,-3.199,-658.622
2070.9,80.15,93.7,0.0,0.6,7,156.727,-3.207,-661.453
2070.9,80.24,93.7,0.0,1.2,7,154.467,-3.214,-665.701
2086.9,80.30,93.7,0.0,1.1,7,152.954,-3.216,-668.533
2086.9,80.38,93.7,0.0,2.0,7,150.674,-3.216,-672.779
2086.9,80.43,93.7,0.0,2.1,7,149.144,-3.213,-675.609
2086.9,80.51,93.8,0.0,1.8,7,146.832,-3.205,-679.847
2102.9,80.56,93.8,0.0,1.5,7,145.277,-3.198,-682.668
2102.9,80.55,81.4,0.0,1.0,7,142.925,-3.183,-686.890
2102.9,80.48,20.6,0.0,1.3,7,141.346,-3.171,-689.698
2102.9,80.21,0.0,0.0,1.1,7,138.968,-3.148,-693.892
2119.0,80.03,0.0,0.0,0.8,7,137.378,-3.130,-696.675
2119.0,79.77,0.0,0.0,0.8,7,134.991,-3.098,-700.833
2119.0,79.48,0.0,0.0,0.7,7,132.601,-3.063,-704.970
2134.9,79.21,0.0,0.0,0.7,7,130.211,-3.023,-709.088
2134.9,79.02,0.0,0.0,1.0,7,128.618,-2.994,-711.822
2134.9,78.76,0.0,0.0,1.7,7,126.227,-2.945,-715.908
2134.9,78.59,0.0,0.0,2.1,7,124.632,-2.909,-718.621
2150.6,78.32,0.0,0.0,2.3,7,122.236,-2.851,-722.672
2150.6,78.14,0.0,0.0,2.3,7,120.634,-2.809,-725.360
2150.6,77.88,0.0,0.0,2.2,7,118.222,-2.742,-729.372
2150.6,77.70,0.0,0.0,1.7,7,116.607,-2.692,-732.031
2166.1,77.44,0.0,0.0,2.1,7,114.174,-2.612,-735.998
2166.1,77.27,0.0,0.0,2.2,7,112.545,-2.555,-738.629
2166.1,76.91,0.0,31.0,2.0,7,110.092,-2.466,-742.553
2166.1,76.40,0.0,62.3,1.6,7,108.455,-2.405,-745.147
2181.4,75.26,0.0,83.9,1.2,7,106.009,-2.312,-748.987
2181.4,74.36,0.0,88.3,1.4,7,104.391,-2.250,-751.505
2181.4,72.96,30.2,91.0,1.8,0,101.986,-2.158,-755.215
2181.4,71.58,0.0,94.7,2.7,6,99.605,-2.070,-758.842
2196.0,70.61,0.0,94.5,2.2,6,98.033,-2.018,-761.213
2196.0,69.08,0.0,87.8,0.6,6,95.695,-1.941,-764.693
2196.0,68.16,0.0,89.1,0.6,6,94.145,-1.887,-766.960
2196.0,66.76,0.0,91.0,1.3,6,91.835,-1.810,-770.287
2209.6,65.81,0.0,90.3,1.0,6,90.306,-1.760,-772.456
2209.6,64.41,0.0,89.4,1.4,6,88.031,-1.683,-775.634
2209.6,63.51,32.7,91.4,2.1,0,86.527,-1.632,-777.705
2209.6,62.13,0.0,91.8,1.8,5,84.290,-1.559,-780.741
2222.3,61.20,0.0,91.0,1.5,5,82.814,-1.512,-782.719
2222.3,59.81,0.0,89.9,1.9,5,80.621,-1.445,-785.615
2222.3,58.92,0.0,90.7,2.2,5,79.173,-1.402,-787.499
2222.3,57.55,0.0,88.1,2.9,5,77.022,-1.340,-790.254
2234.0,56.65,0.0,85.7,3.2,5,75.602,-1.300,-792.044
2234.0,55.36,0.0,88.9,3.9,0,73.488,-1.244,-794.659
2234.0,54.52,32.0,89.2,3.8,0,72.089,-1.209,-796.355
2234.0,53.22,0.0,77.5,3.3,4,70.006,-1.156,-798.829
2244.8,52.08,0.0,57.3,2.2,4,67.937,-1.104,-801.217
2244.8,51.44,0.0,37.4,1.4,4,66.560,-1.071,-802.763
2244.8,50.77,0.0,19.9,0.3,4,64.485,-1.021,-805.020
2244.8,50.45,0.0,14.3,1.6,4,63.089,-0.988,-806.486
2254.9,50.07,0.0,10.8,5.9,4,60.970,-0.938,-808.632
2254.9,49.85,0.0,9.9,9.4,4,59.542,-0.905,-810.029
2254.9,49.53,0.0,8.6,14.1,4,57.376,-0.854,-812.078
2254.9,49.33,0.0,8.3,16.3,4,55.918,-0.820,-813.414
2264.7,49.04,0.0,7.1,17.4,4,53.708,-0.768,-815.370
2264.7,48.84,0.0,6.4,17.6,4,52.219,-0.735,-816.641
2264.7,48.56,0.0,4.6,17.1,4,49.961,-0.685,-818.495
2264.7,48.38,0.0,3.6,16.6,4,48.437,-0.652,-819.694
2274.4,48.13,0.0,1.6,16.5,4,46.125,-0.602,-821.436
2274.4,47.98,0.1,0.1,16.8,4,44.565,-0.569,-822.560
2274.4,47.76,5.5,0.0,18.2,4,42.199,-0.521,-824.188
2274.4,47.65,10.4,0.0,18.9,4,40.604,-0.489,-825.234
2284.0,47.47,10.6,0.0,20.4,4,38.183,-0.441,-826.745
2284.0,47.31,10.2,0.0,21.6,4,35.731,-0.393,-828.185
2284.0,47.19,6.3,0.0,22.4,4,34.080,-0.361,-829.105
2284.0,47.02,8.1,0.0,23.3,4,31.581,-0.313,-830.424
2293.7,46.88,3.8,0.0,24.1,4,29.901,-0.281,-831.264
2293.7,46.70,10.5,0.0,23.9,4,27.362,-0.234,-832.461
2293.7,46.58,8.2,0.0,23.5,4,25.657,-0.203,-833.218
2293.7,46.42,13.6,0.0,22.8,4,23.081,-0.155,-834.288
2303.3,46.30,9.3,0.0,22.2,4,21.352,-0.122,-834.958
2303.3,46.14,10.1,0.0,22.6,4,18.743,-0.073,-835.899
2303.3,46.02,5.9,0.0,23.4,4,16.996,-0.041,-836.486
2303.3,45.84,9.1,0.0,25.0,4,14.364,0.005,-837.303
2312.9,45.72,8.3,0.0,25.6,4,12.603,0.036,-837.805
2312.9,45.56,11.3,0.0,24.6,4,9.953,0.082,-838.494
2312.9,45.44,7.5,0.0,23.7,4,8.181,0.114,-838.910
2312.9,45.26,8.0,0.0,22.2,4,5.518,0.161,-839.468
2322.4,45.09,4.0,0.0,20.4,4,2.851,0.208,-839.951
2322.4,44.96,6.1,0.0,19.1,4,1.072,0.238,-840.231
2322.4,44.78,3.4,0.0,17.7,4,-1.596,0.283,-840.587
2322.4,44.66,5.0,0.0,18.0,4,-3.374,0.311,-840.783
2331.8,44.48,4.3,0.0,17.5,4,-6.038,0.353,-841.016
2331.8,44.36,4.6,0.0,16.2,4,-7.812,0.379,-841.131
2331.8,44.20,4.4,0.0,14.9,4,-10.466,0.419,-841.244
2331.8,44.09,8.8,0.0,15.1,4,-12.231,0.444,-841.280
2341.2,44.10,54.9,0.0,15.9,4,-14.875,0.479,-841.281
2341.2,44.24,75.6,0.0,16.1,4,-16.641,0.502,-841.246
2341.2,44.21,6.3,26.7,16.6,4,-19.296,0.534,-841.143
2341.2,43.89,0.0,28.1,17.0,4,-21.056,0.554,-841.042
2350.6,43.44,0.0,2.4,15.7,4,-23.667,0.582,-840.843
2350.6,43.36,31.7,0.0,14.5,4,-25.395,0.598,-840.678
2350.6,43.58,83.1,0.0,14.4,4,-27.984,0.621,-840.378
2350.6,43.79,82.2,0.0,15.1,4,-29.715,0.634,-840.145
2359.9,44.07,81.6,0.0,16.7,4,-32.319,0.652,-839.743
2359.9,44.37,83.3,0.0,18.7,4,-34.931,0.669,-839.278
2359.9,44.57,83.8,0.0,20.0,4,-36.675,0.680,-838.933
2369.0,44.85,83.0,0.0,20.5,4,-39.295,0.697,-838.360
2369.0,45.05,81.4,0.0,20.4,4,-41.044,0.708,-837.941
2369.0,45.28,71.4,0.0,20.2,4,-43.666,0.724,-837.257
2369.0,45.43,68.4,0.0,19.9,4,-45.411,0.733,-836.763
2378.6,45.63,72.0,0.0,20.4,4,-48.023,0.745,-835.965
2378.6,45.78,75.5,0.0,20.9,4,-49.760,0.751,-835.394
2378.6,46.02,75.8,0.0,20.8,4,-52.357,0.762,-834.479
2378.6,46.25,77.1,0.0,21.3,4,-54.942,0.772,-833.491
2388.2,46.41,78.3,0.0,21.7,4,-56.659,0.778,-832.793
2388.2,46.68,81.8,0.0,21.9,4,-59.223,0.783,-831.690
2388.2,46.86,83.9,0.0,21.7,4,-60.926,0.785,-830.916
2388.2,47.14,86.2,0.0,21.4,4,-63.467,0.786,-829.696
2397.9,47.33,85.8,0.0,21.4,4,-65.153,0.786,-828.843
2397.9,47.61,84.2,0.0,21.8,4,-67.665,0.784,-827.502
2397.9,47.78,79.4,0.0,22.4,4,-69.328,0.782,-826.569
2397.9,48.00,75.4,0.0,23.3,4,-71.804,0.776,-825.111
2407.5,48.15,77.8,0.0,24.1,4,-73.440,0.772,-824.101
2407.5,48.39,83.0,0.0,25.6,4,-75.870,0.763,-822.527
2407.5,48.56,83.1,0.0,26.1,4,-77.475,0.757,-821.439
2407.5,48.82,82.6,0.0,26.6,4,-79.858,0.745,-819.750
2417.2,48.96,72.6,0.0,26.7,4,-81.430,0.736,-818.587
2417.2,49.10,56.5,0.0,26.8,4,-83.756,0.722,-816.786
2417.2,49.23,70.6,0.0,28.2,4,-86.041,0.706,-814.921
2417.2,49.37,84.0,0.0,28.9,4,-87.542,0.694,-813.643
2426.8,49.63,81.9,0.0,29.0,4,-89.763,0.674,-811.673
2426.8,49.78,76.9,0.0,28.8,4,-91.223,0.659,-810.323
2426.8,49.76,14.0,0.0,29.5,4,-93.375,0.635,-808.250
2426.8,49.65,13.7,0.0,30.9,4,-94.776,0.618,-806.840
2436.4,49.48,13.7,0.0,33.2,4,-96.825,0.593,-804.684
2436.4,49.37,13.6,0.0,34.4,4,-98.155,0.577,-803.221
2436.4,49.31,58.1,0.0,35.3,4,-100.097,0.550,-800.989
2436.4,49.39,62.2,0.0,34.2,4,-101.361,0.531,-799.473
2445.8,49.53,75.0,0.0,31.2,4,-103.211,0.501,-797.154
2445.8,49.69,87.1,0.0,29.8,4,-104.415,0.480,-795.577
2445.8,49.98,88.0,0.0,28.0,4,-106.181,0.447,-793.166
2445.8,50.24,88.1,0.0,26.1,4,-107.898,0.412,-790.698
2455.4,50.44,88.2,0.0,25.8,4,-109.017,0.386,-789.025
2455.4,50.65,58.2,0.0,22.2,4,-110.660,0.339,-786.479
2455.4,50.73,72.3,0.0,17.7,4,-111.728,0.304,-784.756
2455.4,50.95,63.0,0.0,9.1,4,-113.279,0.249,-782.130
2465.3,51.05,69.0,0.0,2.0,4,-114.278,0.213,-780.353
2465.3,51.16,55.4,0.0,-6.1,4,-115.730,0.156,-777.652
2465.3,51.33,78.8,0.0,-12.3,4,-116.672,0.113,-775.833
2465.3,51.52,88.1,0.0,-16.1,4,-118.037,0.048,-773.067
2475.5,51.77,85.8,0.0,-18.5,4,-118.928,-0.002,-771.204
2475.5,52.15,88.8,0.0,-19.7,4,-120.240,-0.086,-768.379
2475.5,52.34,88.9,0.0,-14.7,4,-121.101,-0.142,-766.476
2475.5,52.66,89.0,0.0,-2.9,4,-122.397,-0.230,-763.606
2486.1,52.91,89.1,0.0,2.2,4,-123.277,-0.288,-761.689
2486.1,53.19,89.5,0.0,2.5,4,-124.627,-0.376,-758.808
2486.1,53.57,89.4,0.0,-0.3,4,-126.004,-0.475,-755.917
2486.1,53.79,89.5,0.0,-4.2,4,-126.938,-0.542,-753.986
2496.9,54.11,89.6,0.0,-5.9,4,-128.363,-0.643,-751.081
2496.9,54.32,89.7,0.0,-5.5,4,-129.329,-0.708,-749.140
2496.9,54.67,89.8,0.0,-5.4,4,-130.802,-0.809,-746.223
2496.9,54.89,89.8,0.0,-5.4,4,-131.802,-0.877,-744.275
2508.0,55.19,89.9,0.0,-4.6,4,-133.334,-0.979,-741.352
2508.0,55.43,90.0,0.0,-3.5,4,-134.376,-1.045,-739.403
2508.0,55.73,90.1,0.0,-3.3,4,-135.968,-1.144,-736.477
2508.0,55.94,90.3,0.0,-3.1,4,-137.047,-1.217,-734.524
2519.5,56.27,90.3,0.0,-3.1,4,-138.692,-1.336,-731.590
2519.5,56.43,90.4,0.0,-3.1,4,-139.807,-1.418,-729.633
2519.5,56.78,90.4,0.0,-2.0,4,-141.504,-1.547,-726.695
2519.5,56.96,90.5,0.0,-2.4,4,-142.652,-1.636,-724.733
2530.9,57.30,90.6,0.0,-2.7,4,-144.397,-1.777,-721.787
2530.9,57.49,90.6,0.0,-3.6,4,-145.577,-1.873,-719.820
2530.9,57.81,90.8,0.0,-3.0,4,-147.374,-2.018,-716.868
2542.5,58.11,90.9,0.0,-1.7,4,-149.198,-2.163,-713.912
2542.5,58.31,90.9,0.0,-2.2,4,-150.430,-2.261,-711.938
2542.5,58.61,91.0,0.0,-3.8,4,-152.298,-2.408,-708.974
2542.5,58.80,91.1,0.0,-3.9,4,-153.560,-2.506,-706.997
2554.4,59.08,91.2,0.0,-3.4,4,-155.478,-2.646,-704.029
2554.4,59.28,91.3,0.0,-3.1,4,-156.775,-2.737,-702.051
2554.4,59.56,91.4,0.0,-2.8,0,-158.746,-2.871,-699.084
2554.4,59.54,0.0,0.0,-2.4,0,-160.075,-2.959,-697.108
2566.3,59.72,90.1,0.0,-2.2,5,-162.086,-3.088,-694.155
2566.3,59.90,90.1,0.0,-2.3,5,-163.442,-3.171,-692.186
2566.3,60.16,90.2,0.0,-2.4,5,-165.497,-3.289,-689.232
2566.3,60.33,90.3,0.0,-2.3,5,-166.881,-3.363,-687.261
2578.4,60.59,90.4,0.0,-2.1,5,-168.979,-3.466,-684.304
2578.4,60.76,90.4,0.0,-1.9,5,-170.390,-3.529,-682.331
2578.4,61.01,90.5,0.0,-1.5,5,-172.528,-3.615,-679.371
2578.4,61.26,90.6,0.0,-1.2,5,-174.690,-3.690,-676.409
2590.8,61.42,90.6,0.0,-1.2,5,-176.143,-3.731,-674.433
2590.8,61.67,90.7,0.0,-0.3,5,-178.341,-3.783,-671.467
2590.8,61.83,90.7,0.0,-0.0,5,-179.816,-3.811,-669.487
2590.8,62.08,90.8,0.0,-0.2,5,-182.041,-3.846,-666.509
2603.2,62.24,90.9,0.0,-0.3,5,-183.531,-3.865,-664.520
2603.2,62.48,90.9,0.0,-0.5,5,-185.775,-3.891,-661.526
2603.2,62.64,91.0,0.0,-0.6,5,-187.278,-3.907,-659.525
2603.2,62.88,91.0,0.0,-0.6,5,-189.541,-3.929,-656.516
2641.2,64.54,91.5,0.0,-0.9,5,-206.522,-3.980,-634.209
2641.2,64.76,91.6,0.0,-1.0,5,-208.893,-3.966,-631.139
2641.2,64.90,91.6,0.0,-1.0,5,-210.481,-3.954,-629.090
2641.2,64.98,20.0,0.0,-1.2,5,-212.876,-3.932,-626.014
2654.1,64.85,0.0,0.0,-1.5,5,-214.476,-3.917,-623.968
2654.1,64.63,0.0,0.0,-1.9,5,-216.875,-3.894,-620.913
2654.1,64.49,0.0,0.0,-2.2,5,-218.475,-3.880,-618.886
2654.1,64.27,0.0,0.0,-2.3,5,-220.878,-3.859,-615.861
2667.0,64.06,0.0,0.0,-2.0,5,-223.285,-3.840,-612.856
2667.0,63.92,0.0,0.0,-1.6,5,-224.893,-3.831,-610.864
2667.0,63.71,0.0,0.0,-1.6,5,-227.308,-3.823,-607.892
2667.0,63.58,0.0,0.0,-1.6,5,-228.921,-3.820,-605.922
2679.7,63.36,0.0,0.0,-1.5,5,-231.343,-3.820,-602.982
2679.7,63.23,0.0,0.0,-1.4,5,-232.959,-3.823,-601.033
2679.7,63.02,0.0,0.0,-1.1,5,-235.384,-3.833,-598.124
2679.7,62.88,0.0,0.0,-1.1,5,-237.002,-3.841,-596.194
2692.4,62.67,0.0,0.0,-1.1,5,-239.430,-3.858,-593.314
2692.4,62.53,0.0,0.0,-1.3,5,-241.048,-3.873,-591.403
2692.4,62.32,0.0,0.0,-0.9,5,-243.476,-3.900,-588.551
2692.4,62.12,0.0,38.2,-0.8,5,-245.095,-3.920,-586.659
2704.9,61.36,0.0,65.2,-0.8,5,-247.511,-3.955,-583.846
2704.9,60.66,0.0,77.4,-0.7,5,-249.105,-3.980,-581.996
2704.9,59.44,0.0,85.1,-0.3,5,-251.464,-4.020,-579.268
2704.9,58.60,0.0,88.1,-0.1,5,-253.012,-4.047,-577.484
2716.9,57.28,0.0,89.6,0.3,5,-255.295,-4.088,-574.859
2716.9,55.95,0.0,90.4,0.2,5,-257.531,-4.130,-572.299
2716.9,55.05,0.0,90.0,0.3,5,-258.995,-4.157,-570.628
2716.9,53.75,35.8,91.8,-0.3,0,-261.150,-4.197,-568.174
2728.0,52.86,0.0,91.4,-0.6,4,-262.561,-4.224,-566.573
2728.0,51.52,0.0,90.8,-1.2,4,-264.637,-4.265,-564.225
2728.0,50.63,0.0,90.5,-1.6,4,-265.994,-4.292,-562.696
2728.0,49.32,0.0,91.0,-2.3,4,-267.991,-4.333,-560.456
2738.2,48.43,0.0,90.3,-2.7,4,-269.297,-4.359,-558.999
2738.2,47.11,0.0,90.1,-2.7,4,-271.219,-4.397,-556.870
2738.2,46.25,0.0,90.1,-2.7,4,-272.477,-4.421,-555.488
2738.2,44.96,42.5,89.9,-2.5,0,-274.330,-4.456,-553.472
2747.5,44.14,0.0,90.5,-2.2,3,-275.544,-4.478,-552.166
2763.7,35.56,0.0,63.3,1.2,2,-287.891,-4.690,-539.816
2763.7,34.62,0.0,60.3,2.3,2,-289.466,-4.714,-538.416
2763.7,34.00,0.0,59.2,2.3,2,-290.506,-4.730,-537.519
2770.6,33.09,0.0,61.0,1.8,2,-292.052,-4.752,-536.228
2770.6,32.47,0.0,61.1,1.2,2,-293.073,-4.766,-535.403
2770.6,31.57,0.0,59.8,2.8,2,-294.588,-4.787,-534.220
2770.6,30.96,0.0,54.2,-0.5,2,-295.587,-4.800,-533.466
2776.9,30.13,0.0,45.5,-2.8,2,-297.070,-4.818,-532.387
2776.9,29.62,0.0,41.1,0.5,2,-298.051,-4.829,-531.703
2776.9,28.95,0.0,39.3,-6.3,2,-299.513,-4.846,-530.726
2776.9,28.52,0.0,39.0,-14.5,2,-300.483,-4.855,-530.108
2782.6,27.89,0.0,39.7,-19.5,0,-301.931,-4.869,-529.229
2782.6,27.49,45.2,44.0,-15.1,0,-302.890,-4.877,-528.674
2782.6,26.82,0.0,40.3,-12.2,1,-304.316,-4.889,-527.883
2782.6,26.17,0.0,33.8,-11.1,1,-305.721,-4.899,-527.137
2787.7,25.80,0.0,29.5,-7.5,1,-306.647,-4.905,-526.664
2787.7,25.28,0.0,27.0,-12.6,1,-308.022,-4.913,-525.984
2787.7,24.97,0.0,20.3,-17.2,1,-308.929,-4.918,-525.550
2787.7,24.61,0.0,11.8,-24.6,1,-310.281,-4.923,-524.931
2792.8,24.42,0.0,10.9,-28.3,1,-311.181,-4.926,-524.541
2792.8,24.14,0.0,10.0,-31.2,1,-312.531,-4.929,-523.992
2792.8,23.96,0.0,6.8,-31.8,1,-313.431,-4.930,-523.652
2792.8,23.75,0.0,7.9,-28.4,1,-314.784,-4.930,-523.182
2798.3,23.60,0.0,5.9,-29.9,1,-315.686,-4.929,-522.895
2798.3,23.40,0.0,2.6,-39.1,1,-317.041,-4.926,-522.503
2798.3,23.25,0.0,4.9,-45.3,1,-317.945,-4.922,-522.274
2798.3,23.02,8.7,0.8,-54.9,1,-319.301,-4.912,-521.978
2805.4,23.00,31.5,0.0,-57.2,1,-320.207,-4.903,-521.813
2805.4,23.21,50.4,0.0,-58.7,1,-321.574,-4.898,-521.603
2805.4,23.47,41.0,0.0,-48.9,1,-322.964,-4.896,-521.438
2805.4,23.53,38.9,0.0,-49.0,1,-323.901,-4.892,-521.362
2811.0,23.55,16.9,0.0,-50.1,1,-325.312,-4.888,-521.294
2811.0,23.49,2.1,5.6,-49.7,1,-326.253,-4.891,-521.274
2811.0,23.23,0.0,1.5,-49.1,1,-327.656,-4.899,-521.289
2811.0,23.02,7.7,0.0,-47.9,1,-328.579,-4.896,-521.344
2816.3,22.88,11.3,0.0,-46.1,1,-329.950,-4.889,-521.481
2816.3,22.79,12.7,0.0,-47.0,1,-330.854,-4.883,-521.607
2816.3,22.67,13.8,0.0,-50.3,1,-332.197,-4.875,-521.847
2816.3,22.60,18.2,0.0,-55.1,1,-333.081,-4.870,-522.041
2821.1,22.55,21.4,0.0,-56.7,1,-334.391,-4.860,-522.383
2821.1,22.56,26.6,0.0,-57.1,1,-335.254,-4.853,-522.646
2821.1,22.68,41.8,0.0,-59.7,1,-336.536,-4.841,-523.090
2821.1,22.83,47.2,0.0,-61.4,1,-337.384,-4.831,-523.418
2825.8,23.06,43.0,0.0,-59.6,1,-338.652,-4.816,-523.954
2825.8,23.24,48.7,0.0,-52.6,1,-339.909,-4.798,-524.543
2825.8,23.51,73.9,0.0,-45.3,1,-340.742,-4.786,-524.965
2830.5,23.96,61.2,0.0,-33.8,1,-341.994,-4.766,-525.644
2830.5,24.22,59.3,0.0,-26.9,1,-342.827,-4.752,-526.127
2830.5,24.62,59.7,0.0,-15.6,1,-344.073,-4.731,-526.896
2830.5,24.93,71.0,0.0,-9.7,1,-344.902,-4.717,-527.436
2835.4,25.51,77.0,0.0,-3.9,1,-346.153,-4.695,-528.284
2835.4,25.93,81.1,0.0,0.9,1,-346.994,-4.681,-528.875
2835.4,26.59,81.8,0.0,6.8,1,-348.272,-4.660,-529.793
2835.4,27.04,81.2,0.0,8.0,1,-349.140,-4.645,-530.422
2840.6,27.66,73.8,0.0,10.3,1,-350.468,-4.623,-531.384
2840.6,28.01,62.7,0.0,12.7,1,-351.373,-4.608,-532.032
2840.6,28.37,49.1,0.0,16.4,1,-352.758,-4.585,-533.003
2840.6,28.55,41.5,0.0,17.0,1,-353.698,-4.570,-533.645
2846.3,28.76,38.9,0.0,20.7,1,-355.133,-4.549,-534.590
2846.3,28.96,40.2,0.0,24.1,1,-356.599,-4.529,-535.511
2846.3,29.10,42.2,0.0,26.1,1,-357.594,-4.517,-536.110
2846.3,29.31,40.0,0.0,28.5,1,-359.114,-4.500,-536.979
2852.1,29.42,34.8,0.0,29.6,1,-360.147,-4.490,-537.538
2852.1,29.52,28.8,0.0,30.5,1,-361.723,-4.476,-538.340
2852.1,29.55,29.5,0.0,30.4,1,-362.789,-4.468,-538.848
2852.1,29.64,24.8,0.0,29.2,1,-364.413,-4.457,-539.568
2858.1,29.63,17.7,0.0,29.3,1,-365.510,-4.451,-540.018
2858.1,29.57,17.0,0.0,30.9,1,-367.171,-4.444,-540.647
2858.1,29.54,18.3,0.0,32.6,1,-368.289,-4.439,-541.033
2858.1,29.47,9.7,0.0,33.9,1,-369.978,-4.434,-541.562
2865.0,29.41,13.6,0.0,34.6,1,-371.111,-4.433,-541.883
2865.0,29.42,38.4,0.0,37.1,1,-372.821,-4.431,-542.313
2865.0,29.53,48.1,0.0,37.6,1,-373.972,-4.432,-542.569
2865.0,29.82,48.6,0.0,37.6,1,-375.719,-4.437,-542.910
2871.6,30.09,48.9,0.0,30.9,1,-377.494,-4.437,-543.187
2871.6,30.25,73.4,0.0,27.5,1,-378.692,-4.436,-543.336
2871.6,30.37,0.0,0.0,21.8,0,-380.504,-4.439,-543.517
2871.6,30.38,64.7,0.0,15.0,2,-381.716,-4.439,-543.599
2878.6,30.56,35.5,0.0,5.2,2,-383.544,-4.441,-543.670
2878.6,30.62,24.6,0.0,0.2,2,-384.768,-4.444,-543.684
2878.6,30.58,12.6,0.0,-17.3,2,-386.604,-4.453,-543.657
2878.6,30.51,11.6,0.0,-28.6,2,-387.825,-4.460,-543.605
2886.5,30.43,25.2,0.0,-16.1,2,-389.648,-4.463,-543.477
2886.5,30.51,49.1,0.0,-3.5,2,-390.860,-4.465,-543.358
2886.5,30.80,57.1,0.0,17.5,2,-392.684,-4.468,-543.124
2886.5,30.99,56.9,0.0,30.1,2,-393.904,-4.469,-542.935
2893.3,31.27,58.8,0.0,42.4,2,-395.743,-4.472,-542.611
2893.3,31.45,59.8,0.0,45.9,2,-396.973,-4.472,-542.367
2893.3,31.72,60.5,0.0,46.6,2,-398.822,-4.473,-541.955
2893.3,31.97,52.8,0.0,41.7,2,-400.672,-4.474,-541.482
2900.2,32.10,47.2,0.0,36.9,2,-401.905,-4.477,-541.132
2900.2,32.24,38.9,0.0,29.6,2,-403.747,-4.484,-540.554
2900.2,32.34,37.0,0.0,24.4,2,-404.967,-4.491,-540.133
2900.2,32.36,21.6,0.0,16.6,2,-406.783,-4.504,-539.447
2906.4,32.32,19.3,0.0,11.6,2,-407.980,-4.514,-538.955
2906.4,32.24,15.2,0.0,3.9,2,-409.749,-4.531,-538.167
2906.4,32.19,14.8,0.0,-0.8,2,-410.911,-4.545,-537.610
2906.4,32.10,14.7,0.0,-6.1,2,-412.626,-4.567,-536.728
2912.5,32.05,14.7,0.0,-7.9,2,-413.751,-4.583,-536.111
2912.5,31.97,19.0,0.0,-9.6,2,-415.409,-4.609,-535.141
2912.5,31.98,33.1,0.0,-8.6,2,-416.495,-4.626,-534.466
2912.5,32.26,73.8,0.0,-0.9,2,-418.101,-4.653,-533.405
2918.7,32.58,78.0,0.0,3.2,2,-419.165,-4.670,-532.665
2918.7,33.10,83.8,0.0,11.8,2,-420.756,-4.698,-531.506
2918.7,33.64,84.7,0.0,19.9,2,-422.346,-4.725,-530.292
2918.7,33.99,84.8,0.0,20.4,2,-423.406,-4.744,-529.453
2925.0,34.51,85.1,0.0,21.6,2,-424.993,-4.770,-528.149
2925.0,34.86,85.2,0.0,20.3,2,-426.049,-4.786,-527.250
2925.0,35.39,85.4,0.0,18.3,2,-427.626,-4.810,-525.854
2925.0,35.71,85.6,0.0,15.6,2,-428.672,-4.825,-524.891
2931.9,36.25,85.8,0.0,9.8,2,-430.230,-4.847,-523.401
2931.9,36.59,85.9,0.0,8.5,2,-431.264,-4.861,-522.375
2931.9,37.12,86.0,0.0,7.1,2,-432.804,-4.881,-520.790
2931.9,37.47,86.0,0.0,7.3,2,-433.825,-4.894,-519.703
2939.1,37.99,86.2,0.0,7.1,2,-435.348,-4.912,-518.029
2939.1,38.35,86.2,0.0,7.7,2,-436.359,-4.925,-516.887
2939.1,38.86,86.3,0.0,10.5,2,-437.874,-4.944,-515.137
2939.1,39.16,86.5,0.0,12.6,2,-438.879,-4.955,-513.945
2946.6,39.61,85.3,0.0,14.7,2,-440.381,-4.971,-512.122
2946.6,40.02,81.2,0.0,15.6,2,-441.870,-4.987,-510.255
2946.6,40.28,84.0,0.0,14.4,2,-442.850,-4.997,-508.984
2954.4,40.42,0.0,0.0,12.4,0,-444.301,-5.013,-507.042
2954.4,40.52,85.0,0.0,11.0,3,-445.242,-5.021,-505.727
2954.4,40.88,75.7,0.0,9.3,3,-446.626,-5.030,-503.716
2954.4,41.07,70.1,0.0,7.8,3,-447.532,-5.037,-502.351
2962.4,41.38,52.4,0.0,8.1,3,-448.862,-5.046,-500.266
2962.4,41.58,71.1,0.0,8.8,3,-449.729,-5.052,-498.852
2962.4,41.93,75.5,0.0,11.1,3,-450.998,-5.057,-496.693
2962.4,42.18,82.1,0.0,12.2,3,-451.822,-5.058,-495.227
2970.4,42.57,85.6,0.0,13.4,3,-453.032,-5.058,-492.990
2970.4,42.81,85.8,0.0,13.6,3,-453.820,-5.061,-491.474
2970.4,43.07,35.7,0.0,11.1,3,-454.973,-5.072,-489.169
2970.4,43.21,75.3,0.0,8.0,3,-456.078,-5.083,-486.830
2978.8,43.40,83.0,0.0,7.4,3,-456.783,-5.087,-485.249
2978.8,43.70,68.4,0.0,6.0,3,-457.804,-5.098,-482.844
2978.8,43.93,85.4,0.0,6.1,3,-458.458,-5.107,-481.219
2978.8,44.34,86.2,0.0,7.9,3,-459.399,-5.123,-478.745
2987.2,44.61,86.3,0.0,10.1,3,-460.001,-5.136,-477.071
2987.2,45.00,86.5,0.0,13.7,3,-460.865,-5.158,-474.526
2987.2,45.27,86.6,0.0,15.2,3,-461.416,-5.175,-472.808
2987.2,45.66,86.7,0.0,16.4,3,-462.202,-5.203,-470.197
2996.0,45.91,86.9,0.0,16.8,3,-462.699,-5.222,-468.435
2996.0,46.28,87.1,0.0,16.4,3,-463.404,-5.255,-465.762
2996.0,46.53,87.2,0.0,15.7,3,-463.844,-5.278,-463.959
2996.0,46.90,87.4,0.0,15.0,3,-464.459,-5.314,-461.225
3005.0,47.25,87.6,0.0,14.1,3,-465.017,-5.353,-458.458
3005.0,47.48,87.7,0.0,13.0,3,-465.356,-5.380,-456.594
3005.0,47.83,87.9,0.0,11.5,3,-465.812,-5.421,-453.773
3005.0,48.06,88.0,0.0,10.8,3,-466.081,-5.448,-451.874
3014.4,48.41,88.1,0.0,11.2,3,-466.430,-5.487,-449.002
3014.4,48.64,88.2,0.0,12.7,3,-466.626,-5.513,-447.072
3014.4,49.00,88.3,0.0,14.1,3,-466.868,-5.552,-444.154
3014.4,49.22,88.4,0.0,16.3,0,-466.996,-5.578,-442.194
3024.0,49.19,86.5,0.0,18.0,4,-467.135,-5.617,-439.245
3024.0,49.40,86.6,0.0,18.1,4,-467.192,-5.643,-437.275
3024.0,49.69,86.9,0.0,18.2,4,-467.224,-5.682,-434.303
3024.0,49.99,87.0,0.0,17.5,4,-467.192,-5.720,-431.313
3033.8,50.19,87.1,0.0,16.6,4,-467.131,-5.745,-429.311
3033.8,50.48,87.3,0.0,15.1,4,-466.981,-5.780,-426.295
3033.8,50.67,87.5,0.0,14.0,4,-466.841,-5.802,-424.277
3033.8,50.96,87.6,0.0,11.4,4,-466.567,-5.833,-421.242
3044.4,51.16,87.7,0.0,9.9,4,-466.343,-5.852,-419.212
3044.4,51.45,87.8,0.0,9.4,4,-465.944,-5.877,-416.161
3044.4,51.65,87.9,0.0,10.0,4,-465.636,-5.892,-414.123
3044.4,51.93,88.1,0.0,11.4,4,-465.115,-5.912,-411.060
3055.6,52.11,88.2,0.0,12.2,4,-464.729,-5.924,-409.016
3055.6,52.38,88.4,0.0,12.3,4,-464.095,-5.943,-405.946
3055.6,52.59,88.6,0.0,11.9,4,-463.642,-5.962,-403.897
3055.6,52.91,87.6,0.0,10.5,4,-462.913,-6.000,-400.819
3066.7,53.16,88.5,0.0,10.0,4,-462.107,-6.036,-397.742
3066.7,53.35,88.6,0.0,11.0,4,-461.526,-6.058,-395.693
3066.7,53.62,88.7,0.0,13.4,4,-460.587,-6.085,-392.625
3066.7,53.80,88.8,0.0,14.9,4,-459.918,-6.100,-390.584
3077.7,54.08,88.9,0.0,15.5,4,-458.856,-6.121,-387.528
3077.7,54.27,89.0,0.0,14.7,4,-458.110,-6.134,-385.494
3077.7,54.54,89.1,0.0,12.5,4,-456.937,-6.153,-382.448
3077.7,54.74,89.2,0.0,10.5,4,-456.117,-6.166,-380.423
3088.5,55.02,89.3,0.0,8.4,4,-454.830,-6.182,-377.393
3088.5,55.21,89.3,0.0,8.2,4,-453.935,-6.190,-375.378
3088.5,55.50,89.4,0.0,9.0,4,-452.540,-6.200,-372.365
3088.5,55.69,89.5,0.0,9.2,4,-451.577,-6.206,-370.361
3099.4,55.98,89.6,0.0,8.9,4,-450.090,-6.219,-367.360
3099.4,56.17,89.7,0.0,8.5,4,-449.068,-6.228,-365.364
3099.4,56.45,89.8,0.0,7.6,4,-447.489,-6.242,-362.377
3110.5,56.74,89.9,0.0,7.6,4,-445.856,-6.254,-359.401
3110.5,56.92,90.0,0.0,7.6,4,-444.738,-6.263,-357.422
3110.5,57.20,90.1,0.0,7.9,4,-443.017,-6.275,-354.463
3110.5,57.38,90.1,0.0,8.0,4,-441.839,-6.282,-352.497
3121.8,57.66,90.2,0.0,8.9,4,-440.031,-6.291,-349.558
3121.8,57.85,90.3,0.0,9.2,4,-438.799,-6.297,-347.605
3121.8,58.11,90.4,0.0,8.6,4,-436.908,-6.305,-344.686
3121.8,58.28,90.5,0.0,7.9,4,-435.618,-6.310,-342.748
3133.3,58.52,90.6,0.0,6.7,4,-433.641,-6.316,-339.855
3133.3,58.73,90.7,0.0,5.6,4,-432.297,-6.320,-337.934
3133.3,58.94,90.8,0.0,5.0,0,-430.241,-6.325,-335.064
3133.3,58.92,0.0,0.0,3.8,0,-428.847,-6.326,-333.162
3145.1,59.11,89.4,0.0,2.2,5,-426.728,-6.319,-330.329
3145.1,59.32,89.5,0.0,1.1,5,-424.572,-6.310,-327.506
3145.1,59.50,89.5,0.0,0.6,5,-423.119,-6.303,-325.626
3145.1,59.74,89.7,0.0,0.4,5,-420.917,-6.292,-322.806
3157.0,59.94,89.7,0.0,0.1,5,-419.437,-6.283,-320.925
3157.0,60.19,89.8,0.0,-0.5,5,-417.203,-6.269,-318.099
3157.0,60.35,89.8,0.0,-0.8,5,-415.706,-6.260,-316.210
3157.0,60.60,89.9,0.0,-1.0,5,-413.451,-6.246,-313.367
3169.1,60.75,90.0,0.0,-1.1,5,-411.945,-6.236,-311.465
3169.1,61.00,90.1,0.0,-1.1,5,-409.681,-6.221,-308.599
3169.1,61.16,90.1,0.0,-1.1,5,-408.171,-6.211,-306.679
3169.1,61.39,90.2,0.0,-1.1,5,-405.905,-6.195,-303.784
3181.4,61.55,90.3,0.0,-1.1,5,-404.395,-6.183,-301.844
3181.4,61.78,90.3,0.0,-1.0,5,-402.129,-6.165,-298.920
3181.4,61.94,90.4,0.0,-1.0,5,-400.618,-6.153,-296.961
3181.4,62.17,90.5,0.0,-0.8,5,-398.352,-6.133,-294.007
3193.8,62.41,90.5,0.0,-0.8,5,-396.085,-6.114,-291.037
3193.8,62.56,90.6,0.0,-0.7,5,-394.572,-6.101,-289.047
3193.8,62.79,90.7,0.0,-0.7,5,-392.303,-6.080,-286.050
3193.8,62.95,90.7,0.0,-0.6,5,-390.788,-6.066,-284.042
3206.3,63.18,90.8,0.0,-0.5,5,-388.515,-6.047,-281.019
3206.3,63.32,90.8,0.0,-0.3,5,-386.997,-6.034,-278.995
3206.3,63.55,90.9,0.0,-0.4,5,-384.718,-6.011,-275.947
3206.3,63.69,90.9,0.0,-0.4,5,-383.197,-5.994,-273.907
3219.0,63.92,91.0,0.0,-0.3,5,-380.911,-5.967,-270.837
3219.0,64.07,91.1,0.0,-0.2,5,-379.385,-5.949,-268.782
3219.0,64.28,91.1,0.0,-0.1,5,-377.092,-5.922,-265.690
3219.0,64.43,91.1,0.0,-0.1,5,-375.560,-5.904,-263.621
3231.8,64.65,91.2,0.0,-0.2,5,-373.258,-5.877,-260.508
3231.8,64.86,91.3,0.0,-0.1,5,-370.949,-5.849,-257.384
3231.8,65.00,91.3,0.0,-0.0,5,-369.407,-5.827,-255.295
3231.8,65.21,91.4,0.0,0.2,5,-367.088,-5.793,-252.152
3244.8,65.34,91.5,0.0,0.4,5,-365.538,-5.769,-250.051
3244.8,65.56,91.5,0.0,0.6,5,-363.207,-5.733,-246.892
3244.8,65.69,91.5,0.0,0.6,5,-361.647,-5.707,-244.781
3244.8,65.90,91.6,0.0,0.5,5,-359.299,-5.667,-241.608
3257.9,66.03,91.7,0.0,0.4,5,-357.728,-5.638,-239.489
3257.9,66.23,91.7,0.0,0.3,5,-355.362,-5.594,-236.305
3257.9,66.37,91.7,0.0,0.3,5,-353.778,-5.566,-234.178
3257.9,66.57,91.8,0.0,0.1,5,-351.393,-5.523,-230.982
3271.2,66.70,91.8,0.0,0.2,5,-349.797,-5.496,-228.848
3271.2,66.90,91.9,0.0,0.2,5,-347.395,-5.460,-225.640
3271.2,67.03,91.9,0.0,0.3,5,-345.788,-5.436,-223.497
3271.2,67.22,92.0,0.0,0.3,5,-343.371,-5.397,-220.277
3284.6,67.41,92.0,0.0,0.2,5,-340.944,-5.354,-217.049
3284.6,67.55,92.1,0.0,0.2,5,-339.322,-5.326,-214.892
3284.6,67.73,92.1,0.0,0.3,5,-336.881,-5.280,-211.651
3284.6,67.86,92.2,0.0,0.2,5,-335.250,-5.249,-209.485
3298.1,68.04,92.3,0.0,-0.0,5,-332.797,-5.202,-206.230
3298.1,68.16,92.3,0.0,-0.1,5,-331.157,-5.171,-204.055
3298.1,68.34,92.3,0.0,-0.2,5,-328.692,-5.122,-200.785
3298.1,68.46,92.4,0.0,-0.2,5,-327.045,-5.088,-198.601
3311.8,68.65,92.4,0.0,-0.1,5,-324.570,-5.036,-195.316
3311.8,68.77,92.4,0.0,-0.1,5,-322.917,-5.000,-193.121
3311.8,68.93,92.5,0.0,-0.2,5,-320.434,-4.944,-189.821
3311.8,69.05,92.5,0.0,-0.2,5,-318.775,-4.907,-187.615
3325.5,69.23,92.6,0.0,-0.3,5,-316.284,-4.852,-184.299
3325.5,69.34,92.6,0.0,-0.2,5,-314.622,-4.815,-182.083
3325.5,69.51,92.7,0.0,-0.2,5,-312.124,-4.759,-178.750
3339.4,69.68,92.7,0.0,-0.3,5,-309.623,-4.705,-175.407
3339.4,69.79,92.8,0.0,-0.4,0,-307.953,-4.668,-173.173
3339.4,69.70,91.8,0.0,-0.3,6,-305.450,-4.613,-169.820
3339.4,69.80,91.9,0.0,-0.3,6,-303.782,-4.575,-167.584
3353.4,69.96,91.9,0.0,-0.2,6,-301.279,-4.517,-164.222
3353.4,70.07,91.9,0.0,-0.2,6,-299.608,-4.478,-161.974
3353.4,70.23,92.0,0.0,-0.3,6,-297.099,-4.420,-158.596
3353.4,70.33,92.0,0.0,-0.3,6,-295.425,-4.380,-156.338
3367.4,70.48,92.1,0.0,-0.3,6,-292.912,-4.320,-152.944
3367.4,70.59,92.1,0.0,-0.3,6,-291.235,-4.280,-150.675
3367.4,70.74,92.1,0.0,-0.2,6,-288.718,-4.218,-147.265
3367.4,70.84,92.2,0.0,-0.2,6,-287.038,-4.177,-144.985
3381.6,71.00,92.2,0.0,-0.1,6,-284.516,-4.116,-141.559
3381.6,71.15,92.2,0.0,-0.0,6,-281.992,-4.056,-138.123
3381.6,71.25,92.2,0.0,0.1,6,-280.306,-4.017,-135.827
3381.6,71.40,92.3,0.0,0.2,6,-277.775,-3.956,-132.377
3395.8,71.50,92.3,0.0,0.2,6,-276.085,-3.916,-130.073
3395.8,71.64,92.4,0.0,0.2,6,-273.545,-3.854,-126.611
3395.8,71.74,92.4,0.0,0.1,6,-271.849,-3.812,-124.300
3395.8,71.89,92.4,0.0,0.0,6,-269.298,-3.750,-120.827
3410.2,71.99,92.5,0.0,-0.1,6,-267.595,-3.708,-118.509
3410.2,72.13,92.5,0.0,-0.2,6,-265.035,-3.645,-115.026
3410.2,72.23,92.5,0.0,-0.3,6,-263.325,-3.603,-112.700
3410.2,72.37,92.5,0.0,-0.4,6,-260.758,-3.539,-109.204
3424.6,72.46,92.6,0.0,-0.5,6,-259.045,-3.494,-106.869
3424.6,72.59,92.6,0.0,-0.6,6,-256.474,-3.427,-103.359
3424.6,72.49,0.0,0.0,-0.5,6,-253.906,-3.359,-99.842
3424.6,72.38,50.4,0.0,-0.5,6,-252.201,-3.313,-97.501
3439.1,72.49,92.6,0.0,-0.4,6,-249.648,-3.246,-93.986
3439.1,72.58,92.6,0.0,-0.4,6,-247.946,-3.202,-91.636
3439.1,72.73,92.7,0.0,-0.4,6,-245.393,-3.136,-88.104
3439.1,72.82,92.7,0.0,-0.2,6,-243.691,-3.095,-85.743
3453.7,72.95,92.7,0.0,0.3,6,-241.137,-3.031,-82.193
3453.7,73.04,92.8,0.0,0.9,6,-239.434,-2.988,-79.823
3453.7,73.18,92.8,0.0,1.7,6,-236.874,-2.926,-76.261
3453.7,73.27,92.8,0.0,1.4,6,-235.161,-2.884,-73.886
3468.3,73.41,92.8,0.0,1.4,6,-232.581,-2.820,-70.322
3468.3,73.50,92.9,0.0,2.1,6,-230.852,-2.778,-67.947
3468.3,73.63,92.9,0.0,3.4,6,-228.242,-2.713,-64.389
3468.3,73.70,92.9,2.6,4.3,6,-226.489,-2.668,-62.022
3483.0,73.21,0.0,67.6,5.2,6,-223.841,-2.600,-58.489
3537.4,65.09,38.4,15.1,10.8,6,-184.189,-1.665,-15.685
3537.4,64.85,0.0,17.6,14.6,6,-182.207,-1.630,-14.003
3537.4,64.47,16.2,0.5,17.5,6,-179.212,-1.584,-11.537
3550.3,64.38,46.8,0.0,18.0,6,-177.198,-1.559,-9.930
3550.3,64.42,83.7,0.0,17.3,6,-174.139,-1.527,-7.571
3550.3,64.47,89.1,0.0,16.8,6,-172.070,-1.509,-6.035
3550.3,64.56,89.2,0.0,15.6,6,-168.918,-1.483,-3.788
3563.3,64.63,89.2,0.0,16.2,6,-166.785,-1.466,-2.331
3563.3,64.70,89.3,0.0,19.0,6,-163.537,-1.439,-0.209
3563.3,64.77,85.9,0.0,21.3,6,-160.232,-1.407,1.831
3563.3,64.79,79.3,0.0,22.7,6,-157.998,-1.381,3.143
3576.9,64.80,86.7,0.0,25.0,6,-154.605,-1.337,5.042
3576.9,64.86,89.7,0.0,26.7,6,-152.320,-1.312,6.270
3576.9,65.00,89.6,0.0,28.6,6,-148.863,-1.288,8.065
3576.9,64.97,67.0,0.0,30.3,6,-146.531,-1.270,9.214
3590.9,64.87,58.1,0.0,34.5,6,-142.999,-1.239,10.858
3590.9,64.81,52.1,0.0,38.6,6,-140.625,-1.217,11.902
3590.9,64.62,24.8,0.0,45.8,6,-137.038,-1.182,13.391
3590.9,64.46,23.1,0.0,50.4,6,-134.634,-1.158,14.333
3604.6,64.22,20.2,0.0,55.2,6,-131.013,-1.121,15.672
3604.6,63.96,21.2,0.0,57.6,6,-127.376,-1.085,16.922
3604.6,63.79,23.2,0.0,58.3,6,-124.944,-1.063,17.707
3617.6,63.50,14.9,0.0,57.2,6,-121.287,-1.030,18.806
3617.6,63.29,14.0,0.0,55.5,6,-118.843,-1.007,19.485
3617.6,62.98,13.5,0.0,53.7,6,-115.172,-0.974,20.422
3617.6,62.77,13.4,0.0,52.0,6,-112.722,-0.954,20.993
3630.1,62.44,13.3,0.0,50.3,6,-109.046,-0.921,21.766
3630.1,62.24,13.3,0.0,50.9,6,-106.594,-0.897,22.224
3630.1,61.94,13.2,0.0,51.8,0,-102.918,-0.861,22.830
3630.1,61.75,35.9,0.0,54.9,0,-100.469,-0.838,23.182
3642.3,61.41,10.9,0.0,57.5,5,-96.801,-0.801,23.630
3642.3,61.22,15.4,0.0,58.8,5,-94.361,-0.775,23.875
3642.3,60.93,15.3,0.0,59.6,5,-90.708,-0.733,24.165
3642.3,60.74,15.2,0.0,59.9,5,-88.278,-0.705,24.308
3654.2,60.46,15.4,0.0,55.8,5,-84.644,-0.664,24.448
3654.2,60.28,15.7,0.0,52.2,5,-82.230,-0.636,24.492
3654.2,60.01,17.3,0.0,46.7,5,-78.621,-0.593,24.479
3654.2,59.76,20.0,0.0,41.1,5,-75.030,-0.548,24.373
3666.0,59.61,23.5,0.0,36.7,5,-72.645,-0.518,24.251
3666.0,59.45,45.9,0.0,30.2,5,-69.084,-0.475,23.995
3666.0,59.42,65.8,0.0,26.5,5,-66.717,-0.446,23.775
3666.0,59.47,71.2,0.0,21.6,5,-63.173,-0.403,23.373
3677.8,59.54,84.6,0.0,17.3,5,-60.815,-0.374,23.055
3677.8,59.71,90.2,0.0,12.4,5,-57.282,-0.323,22.505
3677.8,59.80,90.3,0.0,9.2,5,-54.928,-0.289,22.094
3677.8,60.02,90.3,0.0,3.9,5,-51.397,-0.242,21.421
3689.7,60.17,90.3,0.0,0.1,5,-49.043,-0.214,20.936
3689.7,60.39,90.4,0.0,-5.2,5,-45.512,-0.174,20.156
3689.7,60.55,90.4,0.0,-6.2,5,-43.157,-0.148,19.606
3689.7,60.78,90.5,0.0,-5.5,5,-39.617,-0.108,18.762
3701.7,61.01,89.4,0.0,-5.0,5,-36.061,-0.070,17.926
3701.7,61.16,90.4,0.0,-5.6,5,-33.680,-0.045,17.383
3701.7,61.36,90.8,0.0,-7.4,5,-30.089,-0.008,16.600
3701.7,61.49,90.8,0.0,-8.4,5,-27.683,0.015,16.099
3714.0,61.68,91.0,0.0,-9.8,5,-24.057,0.045,15.384
3714.0,61.86,90.8,0.0,-10.3,5,-21.627,0.062,14.933
3714.0,62.07,90.9,0.0,-9.9,5,-17.964,0.088,14.306
3714.0,62.17,91.1,0.0,-9.4,5,-15.509,0.104,13.922
3726.4,62.36,91.1,0.0,-9.2,5,-11.809,0.129,13.403
3726.4,62.51,91.1,0.0,-9.2,5,-9.331,0.146,13.095
3726.4,62.69,91.2,0.0,-10.3,5,-5.598,0.171,12.693
3726.4,62.80,91.2,0.0,-10.5,5,-3.098,0.187,12.464
3739.0,63.00,91.3,0.0,-10.2,5,0.665,0.212,12.182
3739.0,63.19,91.3,0.0,-10.1,5,4.444,0.242,11.976
3739.0,63.28,91.4,0.0,-10.3,5,6.971,0.266,11.881
3739.0,63.48,91.4,0.0,-10.8,5,10.773,0.305,11.802
3751.9,63.62,91.4,0.0,-10.6,5,13.314,0.332,11.789
3751.9,63.78,91.4,0.0,-9.8,5,17.134,0.377,11.833
3751.9,63.88,91.6,0.0,-9.7,5,19.686,0.410,11.902
3751.9,64.07,91.6,0.0,-8.7,5,23.521,0.461,12.068
3765.1,64.19,91.7,0.0,-8.3,5,26.081,0.499,12.221
3765.1,64.37,91.7,0.0,-8.1,5,29.925,0.558,12.512
3765.1,64.49,91.7,0.0,-8.8,5,32.491,0.597,12.744
3765.1,64.68,91.8,0.0,-11.5,5,36.345,0.649,13.143
3778.3,64.79,91.8,0.0,-12.9,5,38.917,0.681,13.445
3778.3,64.95,91.9,0.0,-12.7,5,42.774,0.731,13.960
3778.3,65.11,91.9,0.0,-11.9,5,46.630,0.784,14.549
3778.3,65.23,92.0,0.0,-11.3,5,49.200,0.820,14.983
3791.8,65.38,92.0,0.0,-10.6,5,53.052,0.873,15.700
3791.8,65.49,92.0,0.0,-10.5,5,55.616,0.910,16.220
3791.8,65.64,92.2,0.0,-9.7,5,59.456,0.965,17.068
3791.8,65.74,92.1,0.0,-9.2,5,62.011,1.003,17.676
3805.3,65.88,92.1,0.0,-8.6,5,65.836,1.059,18.653
3805.3,65.96,92.3,0.0,-7.8,5,68.379,1.097,19.347
3805.3,66.09,92.4,0.0,-8.4,5,72.183,1.156,20.456
3805.3,66.24,92.3,0.0,-8.8,5,74.711,1.194,21.236
3818.9,66.36,92.3,0.0,-9.2,5,78.492,1.252,22.470
3818.9,66.42,92.5,0.0,-9.2,5,81.002,1.290,23.337
3818.9,66.58,92.5,0.0,-9.4,5,84.753,1.346,24.700
3832.5,66.75,92.5,0.0,-9.3,5,88.484,1.403,26.143
3832.5,66.84,92.5,0.0,-9.3,5,90.957,1.444,27.150
3832.5,66.97,92.5,0.0,-10.9,5,94.648,1.504,28.725
3832.5,67.06,92.5,0.0,-11.5,5,97.095,1.544,29.819
3845.9,67.21,92.6,0.0,-12.4,5,100.742,1.607,31.526
3845.9,67.29,92.6,0.0,-12.8,5,103.159,1.650,32.706
3845.9,67.43,92.7,0.0,-12.5,5,106.760,1.714,34.539
3845.9,67.53,92.7,0.0,-12.0,5,109.145,1.756,35.802
3859.3,67.66,92.7,0.0,-11.5,5,112.697,1.820,37.758
3859.3,67.75,92.7,0.0,-11.1,5,115.046,1.862,39.104
3859.3,67.88,92.8,0.0,-11.0,5,118.542,1.926,41.186
3859.3,67.97,92.8,0.0,-11.2,5,120.852,1.967,42.613
3872.8,68.10,92.9,0.0,-12.0,5,124.290,2.028,44.814
3872.8,68.24,92.9,0.0,-12.5,5,127.691,2.086,47.084
3872.8,68.29,52.9,0.0,-12.2,5,129.938,2.125,48.636
3872.8,68.06,0.0,0.0,-12.0,5,133.267,2.180,51.014
3886.3,67.87,0.0,0.0,-11.0,5,135.454,2.214,52.630
3886.3,67.59,0.0,0.0,-9.0,5,138.683,2.262,55.098
3886.3,67.40,0.0,0.0,-8.1,5,140.801,2.292,56.773
3886.3,67.13,0.0,0.0,-6.7,5,143.927,2.331,59.326
3899.8,66.95,0.0,0.0,-6.9,5,145.977,2.353,61.056
3899.8,66.69,0.0,0.0,-6.0,5,149.003,2.379,63.686
3899.8,66.51,0.0,0.0,-5.2,5,150.987,2.393,65.465
3899.8,66.26,0.0,0.0,-3.9,5,153.915,2.411,68.166
3913.0,66.10,0.0,0.0,-3.2,5,155.837,2.421,69.987
3913.0,65.87,0.0,0.0,-2.6,5,158.680,2.435,72.742
3913.0,65.64,0.0,0.0,-1.9,5,161.483,2.448,75.519
3913.0,65.49,0.0,0.0,-1.6,5,163.333,2.457,77.379
3926.2,65.27,0.0,0.0,-0.9,5,166.085,2.469,80.175
3926.2,65.14,0.0,0.0,-0.6,5,167.908,2.478,82.041
3926.2,64.92,0.0,0.0,-0.1,5,170.627,2.494,84.839
3926.2,64.77,0.0,0.0,0.1,5,172.433,2.505,86.701
3939.1,64.55,0.0,22.6,0.5,5,175.132,2.522,89.488
3939.1,64.16,0.0,58.3,0.5,5,176.925,2.534,91.339
3939.1,63.15,0.0,77.7,0.6,5,179.587,2.552,94.082
3939.1,62.34,0.0,84.2,0.5,5,181.337,2.563,95.883
3951.7,61.03,0.0,88.6,0.4,5,183.922,2.581,98.536
3951.7,60.14,0.0,89.9,0.4,5,185.617,2.594,100.271
3951.7,58.78,0.0,90.9,0.3,5,188.116,2.610,102.821
3951.7,57.44,0.0,91.9,0.4,5,190.564,2.625,105.308
3963.5,56.52,0.0,91.2,0.4,5,192.166,2.633,106.930
3963.5,55.13,0.0,90.7,0.6,5,194.527,2.645,109.310
3963.5,54.25,40.2,91.2,0.7,0,196.073,2.655,110.860
3963.5,52.91,0.0,91.9,1.0,4,198.352,2.669,113.133
3974.4,52.01,0.0,91.9,0.9,4,199.843,2.679,114.612
3974.4,50.65,0.0,91.0,1.1,4,202.039,2.697,116.775
3974.4,49.75,0.0,90.6,1.3,4,203.476,2.711,118.179
3974.4,48.43,0.0,90.8,2.0,4,205.594,2.734,120.230
3984.4,47.53,0.0,90.8,2.4,4,206.980,2.750,121.559
3984.4,46.21,0.0,90.7,2.9,4,209.023,2.775,123.496
3984.4,45.34,41.3,90.2,3.5,0,210.360,2.791,124.749
3984.4,44.09,0.0,88.6,4.0,3,212.332,2.814,126.572
3993.6,43.23,0.0,86.7,4.0,3,213.625,2.828,127.749
3993.6,42.01,0.0,83.6,3.2,3,215.530,2.847,129.457
3993.6,40.82,0.0,79.2,1.3,3,217.400,2.864,131.098
3993.6,40.07,0.0,69.7,0.1,3,218.628,2.874,132.153
4001.9,39.06,0.0,55.3,-2.1,0,220.448,2.886,133.678
4001.9,38.53,39.2,50.6,-3.3,0,221.653,2.893,134.658
4001.9,37.73,0.0,43.8,-3.2,2,223.454,2.900,136.071
4001.9,37.21,0.0,39.1,-2.6,2,224.649,2.904,136.976
4009.5,36.51,0.0,34.6,-0.4,2,226.438,2.907,138.278
4009.5,36.09,0.0,32.3,2.5,2,227.629,2.908,139.110
4009.5,35.50,0.0,30.7,8.2,2,229.413,2.908,140.307
4009.5,35.13,0.0,30.5,11.1,2,230.602,2.907,141.071
4016.7,34.58,0.0,30.1,14.6,2,232.382,2.904,142.170
4016.7,34.23,0.0,30.5,16.1,2,233.566,2.901,142.873
4016.7,33.68,0.0,29.2,16.8,2,235.337,2.895,143.882
4023.4,33.16,0.0,27.9,16.4,2,237.103,2.888,144.835
4023.4,32.82,0.0,25.9,16.4,2,238.277,2.883,145.439
4023.4,32.37,0.0,18.5,17.1,2,240.036,2.875,146.295
4023.4,32.11,0.0,14.1,18.3,2,241.207,2.869,146.835
4029.7,31.80,0.0,10.3,20.5,2,242.967,2.860,147.597
4029.7,31.61,0.0,7.7,22.2,2,244.143,2.853,148.073
4029.7,31.38,0.0,4.5,25.6,2,245.911,2.843,148.741
4029.7,31.24,0.0,3.5,23.8,2,247.093,2.837,149.154
4035.7,31.05,0.0,4.9,20.3,2,248.873,2.827,149.726
4035.7,30.84,0.0,6.6,20.0,2,250.657,2.816,150.243
4035.7,30.69,0.0,11.2,20.6,2,251.847,2.809,150.558
4035.7,30.42,0.0,9.2,20.6,2,253.630,2.797,150.985
4041.7,30.25,0.0,7.1,21.4,2,254.816,2.789,151.241
4041.7,30.04,0.0,6.2,22.6,2,256.593,2.778,151.578
4041.7,29.90,0.0,4.1,23.9,2,257.776,2.771,151.773
4041.7,29.73,1.1,0.2,26.0,2,259.549,2.762,152.018
4048.0,29.65,6.6,0.0,27.6,2,260.729,2.756,152.151
4048.0,29.56,6.3,0.0,29.9,2,262.499,2.748,152.303
4048.0,29.48,7.9,0.0,33.4,2,263.678,2.744,152.372
4048.0,29.41,17.9,0.0,39.9,2,265.444,2.738,152.423
4055.4,29.37,14.8,0.0,43.4,2,266.619,2.735,152.419
4055.4,29.31,20.9,0.0,48.1,2,268.378,2.733,152.359
4055.4,29.31,24.3,0.0,54.3,2,270.132,2.733,152.230
4055.4,29.31,24.3,0.0,57.0,2,270.716,2.733,152.173
4062.3,29.22,14.6,0.0,68.2,2,273.038,2.735,151.869
4062.3,29.13,12.6,0.0,73.6,2,274.189,2.738,151.673
4062.3,28.97,12.3,0.0,80.2,2,275.896,2.745,151.322
4062.3,28.87,11.5,0.0,85.2,2,277.021,2.751,151.051
4070.5,28.72,12.1,0.0,94.3,2,278.687,2.762,150.591
4070.5,28.60,11.7,0.0,97.3,2,279.781,2.771,150.249
4070.5,28.40,11.2,0.0,100.0,2,281.394,2.788,149.683
4070.5,28.25,11.2,0.0,100.0,2,282.450,2.802,149.271
4077.2,28.04,11.1,0.0,100.0,2,284.000,2.826,148.601
4077.2,27.91,11.1,0.0,100.0,2,285.011,2.844,148.120
4077.2,27.73,11.0,0.0,100.0,2,286.493,2.874,147.352
4077.2,27.54,11.0,0.0,100.0,2,287.932,2.905,146.529
4083.6,27.41,10.9,0.0,100.0,2,288.867,2.926,145.951
4083.6,27.22,10.9,0.0,100.0,2,290.233,2.958,145.045
4083.6,27.10,10.8,0.0,99.0,2,291.117,2.980,144.413
4083.6,26.92,49.6,0.0,94.5,0,292.403,3.014,143.427
4089.7,26.75,6.0,0.0,90.7,1,293.231,3.038,142.744
4089.7,26.55,12.6,0.0,84.0,1,294.430,3.074,141.686
4089.7,26.44,12.7,0.0,80.2,1,295.200,3.098,140.958
4089.7,26.30,13.0,0.0,74.0,1,296.311,3.133,139.832
4094.7,26.22,15.9,0.0,69.7,1,297.023,3.155,139.061
4094.7,26.14,18.2,0.0,63.5,1,298.049,3.186,137.871
4094.7,26.09,18.7,0.0,58.5,1,298.705,3.206,137.058
4094.7,26.07,30.9,0.0,48.2,1,299.644,3.233,135.808
4099.6,26.16,31.3,0.0,33.1,1,300.533,3.257,134.519
4099.6,26.21,26.4,0.0,21.3,1,301.098,3.271,133.637
4099.6,26.30,30.3,0.0,5.2,1,301.907,3.291,132.286
4099.6,26.44,44.8,0.0,-1.4,1,302.423,3.303,131.367
4104.6,26.84,67.1,0.0,-3.4,1,303.174,3.320,129.958
4104.6,27.20,76.0,0.0,-1.0,1,303.662,3.332,128.994
4104.6,27.82,77.5,0.0,4.3,1,304.383,3.347,127.511
4104.6,28.22,78.3,0.0,7.8,1,304.859,3.356,126.497
4109.9,28.82,76.9,0.0,12.6,1,305.565,3.370,124.940
4109.9,29.20,75.9,0.0,13.9,1,306.030,3.378,123.877
4109.9,29.75,76.1,0.0,14.7,1,306.713,3.391,122.248
4109.9,30.12,76.7,0.0,15.0,1,307.159,3.399,121.137
4115.7,30.66,77.0,0.0,14.9,1,307.808,3.411,119.434
4115.7,31.19,78.6,0.0,14.6,1,308.433,3.423,117.689
4115.7,31.55,80.8,0.0,14.5,1,308.834,3.430,116.500
4121.9,32.06,69.8,0.0,14.2,1,309.408,3.440,114.681
4121.9,32.36,76.9,0.0,13.8,1,309.770,3.447,113.445
4121.9,32.54,0.0,0.0,12.4,0,310.278,3.457,111.562
4121.9,32.69,80.9,0.0,11.9,2,310.587,3.464,110.296
4128.4,33.19,84.8,0.0,12.1,2,311.015,3.477,108.368
4128.4,33.54,84.9,0.0,12.6,2,311.279,3.485,107.060
4128.4,34.06,85.1,0.0,13.4,2,311.640,3.499,105.066
4128.4,34.40,85.2,0.0,13.6,2,311.857,3.510,103.714
4135.2,34.93,83.9,0.0,14.2,2,312.145,3.527,101.656
4135.2,35.23,73.3,0.0,16.3,2,312.310,3.540,100.263
4135.2,35.56,53.9,0.0,14.9,2,312.517,3.561,98.149
4135.2,35.68,18.8,10.5,11.7,2,312.669,3.583,96.017
4142.3,35.50,0.3,27.4,9.7,2,312.741,3.600,94.594
4142.3,34.92,0.0,39.6,6.5,2,312.809,3.626,92.480
4142.3,34.47,0.0,51.9,4.6,2,312.834,3.646,91.091
4142.3,33.62,0.0,63.7,3.1,2,312.847,3.678,89.047
4148.9,32.97,0.0,69.0,0.9,2,312.844,3.700,87.714
4148.9,31.95,0.0,71.9,-3.9,2,312.830,3.734,85.764
4148.9,31.26,0.0,72.6,-6.8,2,312.817,3.758,84.499
4148.9,30.19,0.0,72.9,-9.4,2,312.802,3.792,82.654
4154.9,29.50,0.0,68.1,-10.8,2,312.798,3.815,81.458
4154.9,28.54,0.0,50.3,-12.6,2,312.804,3.848,79.717
4154.9,28.04,0.0,40.9,-14.1,0,312.820,3.869,78.585
4154.9,27.46,0.0,31.3,-16.1,1,312.866,3.899,76.920
4160.3,27.09,0.0,26.9,-17.4,1,312.915,3.917,75.829
4160.3,26.62,0.0,20.0,-20.0,1,313.016,3.943,74.221
4160.3,26.22,0.0,14.4,-23.2,1,313.154,3.965,72.641
4160.3,26.00,0.0,13.0,-24.9,1,313.268,3.980,71.603
4165.4,25.68,0.0,11.2,-26.8,1,313.472,4.000,70.066
4165.4,25.49,0.0,9.8,-27.8,1,313.632,4.012,69.054
4165.4,25.21,0.0,7.9,-29.2,1,313.907,4.029,67.558
4165.4,25.04,0.0,8.7,-29.7,1,314.116,4.040,66.575
4170.4,24.78,0.0,8.4,-30.0,1,314.464,4.055,65.121
4170.4,24.61,0.0,7.8,-31.3,1,314.720,4.063,64.166
4170.4,24.36,0.0,8.1,-33.6,1,315.140,4.075,62.759
4170.4,24.18,0.0,7.8,-34.7,1,315.445,4.081,61.837
4175.2,23.94,0.0,5.5,-34.5,1,315.939,4.090,60.480
4175.2,23.79,0.0,4.4,-35.0,1,316.293,4.095,59.593
4175.2,23.59,0.0,4.5,-37.2,1,316.861,4.100,58.290
4175.2,23.37,0.0,3.1,-40.5,1,317.473,4.104,57.020
4179.8,23.25,0.0,1.4,-41.6,1,317.906,4.105,56.194
4179.8,23.07,0.0,1.4,-42.8,1,318.592,4.106,54.986
4179.8,22.96,0.0,2.1,-43.2,1,319.074,4.105,54.201
4179.8,22.78,0.0,3.6,-43.4,1,319.833,4.102,53.058
4184.2,22.66,0.0,1.5,-43.7,1,320.362,4.099,52.318
4184.2,22.49,0.0,1.8,-43.3,1,321.188,4.093,51.245
4184.2,22.37,0.0,3.3,-42.9,1,321.760,4.089,50.554
4184.2,22.18,0.0,5.4,-42.3,1,322.649,4.082,49.555
4188.5,22.04,0.0,6.6,-42.0,1,323.259,4.076,48.915
4188.5,21.83,0.0,3.1,-41.7,1,324.201,4.068,47.996
4188.5,21.71,0.0,3.3,-41.3,1,324.846,4.061,47.410
4188.5,21.53,0.0,3.8,-42.6,1,325.835,4.051,46.570
4192.4,21.35,0.0,4.5,-45.1,1,326.849,4.040,45.778
4192.4,21.22,0.0,5.3,-46.7,1,327.537,4.032,45.278
4192.4,21.05,8.5,0.0,-51.7,1,328.589,4.019,44.570
4192.4,21.05,25.4,0.0,-54.1,1,329.304,4.010,44.126
4196.5,21.19,41.4,0.0,-56.5,1,330.403,3.996,43.498
4196.5,21.34,47.5,0.0,-57.9,1,331.156,3.986,43.103
4196.5,21.63,59.4,0.0,-60.4,1,332.317,3.970,42.546
4196.5,21.81,37.4,0.0,-60.6,1,333.113,3.960,42.199
4200.9,21.90,28.7,0.0,-56.4,1,334.335,3.944,41.724
4200.9,21.93,25.3,0.0,-51.7,1,335.165,3.933,41.440
4200.9,22.05,37.9,0.0,-45.3,1,336.429,3.916,41.065
4200.9,22.18,37.1,0.0,-42.3,1,337.286,3.906,40.849
4205.7,22.40,47.4,0.0,-40.9,1,338.593,3.892,40.573
4205.7,22.66,47.3,0.0,-41.5,1,339.927,3.878,40.355
4205.7,22.86,49.9,0.0,-43.4,1,340.829,3.869,40.242
4210.8,23.17,52.0,0.0,-46.5,1,342.204,3.855,40.118
4210.8,23.39,52.7,0.0,-49.0,1,343.134,3.847,40.068
4210.8,23.69,51.1,0.0,-52.8,1,344.545,3.835,40.040
4210.8,23.89,53.3,0.0,-55.0,1,345.496,3.827,40.054
4216.4,24.20,50.6,0.0,-57.2,1,346.936,3.815,40.124
4216.4,24.40,52.9,0.0,-59.3,1,347.904,3.808,40.205
4216.4,24.66,41.5,0.0,-63.0,1,349.365,3.797,40.377
4216.4,24.75,31.1,0.0,-63.9,1,350.342,3.792,40.529
4222.3,24.84,37.7,0.0,-64.0,1,351.802,3.784,40.810
4222.3,24.93,37.4,0.0,-65.6,1,352.771,3.780,41.034
4222.3,25.06,37.7,0.0,-62.1,1,354.218,3.774,41.424
4222.3,25.12,31.9,0.0,-58.1,1,355.177,3.772,41.721
4228.4,25.25,46.5,0.0,-51.2,1,356.603,3.768,42.220
4228.4,25.50,45.5,0.0,-43.7,1,358.016,3.767,42.785
4228.4,25.69,48.6,0.0,-38.0,1,358.952,3.767,43.199
4228.4,25.99,54.7,0.0,-28.8,1,360.347,3.768,43.874
4235.1,26.23,58.6,0.0,-24.2,1,361.271,3.770,44.360
4235.1,26.68,67.7,0.0,-22.4,1,362.650,3.774,45.141
4235.1,27.00,67.4,0.0,-22.7,1,363.568,3.779,45.696
4235.1,27.49,67.2,0.0,-25.4,1,364.943,3.788,46.580
4240.7,27.80,65.4,0.0,-27.8,1,365.856,3.795,47.203
4240.7,28.23,63.5,0.0,-31.4,1,367.217,3.807,48.187
4240.7,28.51,63.3,0.0,-33.6,1,368.119,3.815,48.876
4240.7,28.92,64.3,0.0,-35.0,1,369.458,3.827,49.958
4246.3,29.29,57.6,0.0,-30.2,1,370.779,3.839,51.099
4246.3,29.53,53.9,0.0,-26.2,1,371.647,3.847,51.893
4246.3,29.88,54.2,0.0,-23.5,1,372.928,3.857,53.131
4246.3,30.11,63.3,0.0,-20.4,1,373.767,3.863,53.988
4252.0,30.44,58.3,0.0,-23.2,1,375.001,3.872,55.320
4252.0,30.68,63.5,0.0,-26.2,1,375.806,3.877,56.239
4252.0,31.02,54.4,0.0,-30.6,1,376.986,3.884,57.665
4252.0,31.21,50.9,0.0,-32.9,1,377.751,3.888,58.646
4258.0,31.45,61.1,0.0,-36.3,1,378.865,3.894,60.160
4258.0,31.72,78.5,0.0,-38.1,1,379.584,3.897,61.197
4258.0,32.11,62.5,0.0,-34.0,1,380.634,3.901,62.799
4258.0,32.35,57.6,0.0,-29.2,1,381.311,3.903,63.895
4264.2,32.61,0.0,0.0,-23.7,0,382.291,3.904,65.581
4264.2,32.68,84.4,7.2,-19.5,2,383.216,3.904,67.304
4264.2,32.81,26.0,1.2,-15.7,2,383.803,3.904,68.475
4264.2,32.83,53.7,0.0,-8.2,2,384.637,3.903,70.258
4270.6,33.12,84.6,0.0,-9.1,2,385.166,3.902,71.465
4270.6,33.67,84.7,0.0,-4.6,2,385.935,3.900,73.314
4270.6,34.03,84.8,0.0,-1.5,2,386.435,3.899,74.572
4270.6,34.58,84.9,0.0,-1.2,2,387.175,3.897,76.491
4277.3,34.95,85.1,0.0,-3.9,2,387.667,3.895,77.791
4277.3,35.49,85.3,0.0,-5.0,2,388.404,3.891,79.771
4277.3,35.85,85.4,0.0,-6.1,2,388.893,3.888,81.110
4277.3,36.37,84.2,0.0,-9.9,2,389.624,3.882,83.149
4284.3,36.71,83.3,0.0,-10.5,2,390.106,3.878,84.528
4284.3,37.22,84.7,0.0,-6.8,2,390.813,3.872,86.629
4284.3,37.75,86.1,0.0,-6.9,2,391.503,3.867,88.769
4284.3,38.10,86.1,0.0,-6.3,2,391.953,3.863,90.217
4291.7,38.61,86.3,0.0,-8.6,2,392.613,3.860,92.420
4291.7,38.96,86.4,0.0,-11.1,2,393.043,3.857,93.910
4291.7,39.45,86.5,0.0,-12.1,2,393.667,3.853,96.177
4291.7,39.78,86.6,0.0,-11.4,2,394.068,3.851,97.709
4299.4,40.26,86.7,0.0,-9.5,2,394.643,3.847,100.039
4299.4,40.58,86.8,0.0,-8.3,2,395.007,3.844,101.614
4299.4,41.06,86.9,0.0,-5.5,2,395.527,3.839,104.006
4299.4,41.38,86.9,0.0,-1.1,2,395.856,3.835,105.621
4307.5,41.85,87.0,0.0,0.6,0,396.331,3.830,108.072
4307.5,41.86,0.0,0.0,1.2,0,396.639,3.827,109.718
4307.5,42.19,85.3,0.0,-0.7,3,397.093,3.823,112.195
4315.8,42.63,85.4,0.0,-1.9,3,397.548,3.819,114.698
4315.8,42.92,85.5,0.0,-2.3,3,397.851,3.815,116.381
4315.8,43.36,85.6,0.0,-2.7,3,398.305,3.810,118.929
4315.8,43.65,85.7,0.0,-3.3,3,398.605,3.807,120.642
4324.4,44.08,85.8,0.0,-4.3,3,399.048,3.803,123.235
4324.4,44.36,85.9,0.0,-4.7,3,399.338,3.801,124.980
4324.4,44.78,86.0,0.0,-5.7,3,399.759,3.799,127.620
4324.4,45.07,86.1,0.0,-5.8,3,400.030,3.797,129.396
4333.3,45.49,86.2,0.0,-6.3,3,400.418,3.794,132.084
4333.3,45.76,86.3,0.0,-6.4,3,400.663,3.792,133.892
4333.3,46.17,86.6,0.0,-7.1,3,401.008,3.789,136.628
4333.3,46.44,86.7,0.0,-7.2,3,401.222,3.787,138.467
4342.5,46.84,86.9,0.0,-7.6,3,401.518,3.784,141.249
4342.5,47.24,87.1,0.0,-8.0,3,401.781,3.780,144.058
4342.5,47.50,87.2,0.0,-8.2,3,401.937,3.776,145.946
4342.5,47.89,87.3,0.0,-8.1,3,402.139,3.772,148.800
4352.0,48.13,87.5,0.0,-8.3,3,402.252,3.769,150.717
4352.0,48.52,87.6,0.0,-9.2,3,402.387,3.766,153.613
4352.0,48.88,87.8,0.0,-10.3,3,402.479,3.762,156.533
4352.0,49.13,87.9,0.0,-10.8,3,402.516,3.760,158.492
4361.7,49.48,88.0,0.0,-11.3,3,402.530,3.755,161.449
4361.7,49.60,0.0,0.0,-8.9,0,402.512,3.752,163.432
4361.7,49.68,86.4,0.0,-8.2,4,402.440,3.746,166.407
4361.7,49.90,86.5,0.0,-8.4,4,402.364,3.741,168.396
4371.6,50.23,86.6,0.0,-6.7,4,402.206,3.735,171.395
4371.6,50.45,86.7,0.0,-7.6,4,402.073,3.732,173.404
4371.6,50.77,86.9,0.0,-8.2,4,401.835,3.726,176.431
4371.6,50.99,87.0,0.0,-9.0,4,401.651,3.721,178.457
4381.8,51.31,87.2,0.0,-9.8,4,401.335,3.714,181.509
4381.8,51.63,87.3,0.0,-9.3,4,400.970,3.707,184.575
4381.8,51.84,87.4,0.0,-8.8,4,400.697,3.703,186.626
4381.8,52.15,87.6,0.0,-9.0,4,400.243,3.698,189.712
4392.3,52.37,87.7,0.0,-11.2,4,399.911,3.696,191.775
4392.3,52.66,87.9,0.0,-15.9,4,399.363,3.694,194.878
4392.3,52.86,87.9,0.0,-17.4,4,398.964,3.693,196.949
4392.3,53.14,88.1,0.0,-20.5,4,398.307,3.692,200.060
4403.4,53.31,88.2,0.0,-22.4,4,397.829,3.692,202.134
4403.4,53.57,88.3,0.0,-25.1,4,397.048,3.694,205.243
4403.4,53.73,88.4,0.0,-27.0,4,396.485,3.693,207.314
4403.4,53.89,88.8,0.0,-28.0,4,395.574,3.692,210.411
4415.2,54.01,80.3,0.0,-25.0,4,394.577,3.695,213.492
4415.2,54.08,60.9,0.0,-22.6,4,393.863,3.701,215.533
4415.2,54.11,55.2,0.0,-20.2,4,392.724,3.710,218.573
4415.2,54.08,32.8,0.0,-19.2,4,391.923,3.715,220.583
4426.7,53.90,25.4,0.0,-19.8,4,390.654,3.723,223.564
4426.7,53.76,20.8,0.0,-21.1,4,389.764,3.729,225.525
4426.7,53.58,31.9,0.0,-24.4,4,388.367,3.739,228.426
4426.7,53.50,34.3,0.0,-27.8,4,387.395,3.744,230.335
4437.7,53.41,44.2,0.0,-33.6,4,385.880,3.748,233.161
4437.7,53.40,48.1,0.0,-38.0,4,384.831,3.749,235.022
4437.7,53.34,34.4,0.0,-44.0,4,383.200,3.749,237.778
4437.7,53.28,28.9,0.0,-46.3,4,382.076,3.750,239.591
4448.1,53.15,22.8,0.0,-46.7,4,380.340,3.752,242.270
4448.1,53.02,34.8,0.0,-42.5,4,378.545,3.758,244.901
4448.1,52.98,40.1,0.0,-38.0,4,377.313,3.763,246.627
4458.5,52.97,52.2,0.0,-31.4,4,375.413,3.772,249.174
4458.5,53.01,64.5,0.0,-25.7,4,374.109,3.778,250.845
4458.5,53.18,86.1,0.0,-17.3,4,372.098,3.787,253.315
4458.5,53.35,89.0,0.0,-11.7,4,370.719,3.792,254.938
4469.0,53.63,89.1,0.0,-4.8,4,368.592,3.801,257.341
4469.0,53.82,89.1,0.0,-2.3,4,367.138,3.807,258.922
4469.0,54.11,89.2,0.0,-1.4,4,364.908,3.814,261.269
4469.0,54.33,89.2,0.0,-2.0,4,363.393,3.818,262.821
4479.8,54.64,89.3,0.0,-3.0,4,361.087,3.821,265.137
4479.8,54.85,89.4,0.0,-3.3,4,359.531,3.823,266.677
4479.8,55.16,89.5,0.0,-3.7,4,357.172,3.825,268.985
4479.8,55.47,89.6,0.0,-3.8,4,354.786,3.825,271.290
4490.8,55.67,89.7,0.0,-3.9,4,353.179,3.824,272.825
4490.8,55.97,89.1,0.0,-4.4,4,350.742,3.824,275.122
4490.8,56.16,88.9,0.0,-4.7,4,349.101,3.825,276.649
4490.8,56.44,90.0,0.0,-5.8,4,346.612,3.827,278.933
4502.0,56.62,90.1,0.0,-5.9,4,344.934,3.828,280.449
4502.0,56.93,90.1,0.0,-4.7,4,342.390,3.830,282.713
4502.0,57.10,90.3,0.0,-3.6,4,340.673,3.832,284.215
4502.0,57.40,90.4,0.0,-2.6,4,338.071,3.834,286.457
4513.4,57.59,90.5,0.0,-1.8,4,336.318,3.834,287.944
4513.4,57.88,90.5,0.0,-1.0,4,333.662,3.834,290.168
4513.4,58.07,90.5,0.0,-0.7,4,331.876,3.834,291.647
4513.4,58.36,90.6,0.0,-0.1,4,329.177,3.833,293.864
4525.0,58.64,90.7,0.0,0.8,4,326.458,3.831,296.082
4525.0,58.81,90.8,0.0,1.0,4,324.636,3.830,297.564
4525.0,59.09,90.9,0.0,0.7,4,321.890,3.830,299.793
4525.0,59.27,91.0,0.0,0.5,4,320.053,3.829,301.285
4536.8,59.54,91.0,0.0,0.5,4,317.289,3.827,303.534
4536.8,59.62,0.0,0.0,0.6,0,315.441,3.827,305.041
4536.8,59.66,89.8,0.0,0.8,5,312.673,3.831,307.304
4536.8,59.83,89.8,0.0,0.8,5,310.825,3.835,308.819
4548.7,60.08,89.9,0.0,0.9,5,308.047,3.840,311.103
4548.7,60.24,90.0,0.0,0.9,5,306.190,3.843,312.634
4548.7,60.48,90.1,0.0,0.9,5,303.400,3.850,314.942
4548.7,60.65,90.1,0.0,0.8,5,301.537,3.856,316.490
4560.7,60.88,90.2,0.0,0.9,5,298.737,3.863,318.824
4560.7,61.04,90.3,0.0,1.0,5,296.866,3.866,320.389
4560.7,61.29,90.3,0.0,1.1,5,294.056,3.870,322.748
4560.7,61.53,90.4,0.0,0.8,5,291.240,3.871,325.124
4573.0,61.69,90.5,0.0,0.8,5,289.359,3.868,326.716
4573.0,61.93,90.5,0.0,0.8,5,286.534,3.862,329.117
4573.0,62.08,90.6,0.0,0.8,5,284.647,3.859,330.727
4573.0,62.32,90.7,0.0,0.7,5,281.812,3.851,333.153
4585.4,62.48,90.7,0.0,0.6,5,279.919,3.845,334.779
4585.4,62.70,90.8,0.0,0.5,5,277.075,3.840,337.231
4585.4,62.85,90.9,0.0,0.7,5,275.176,3.839,338.873
4585.4,63.09,90.9,0.0,0.5,5,272.321,3.839,341.347
4597.9,63.24,91.0,0.0,0.4,5,270.414,3.841,343.004
4597.9,63.47,91.0,0.0,0.1,5,267.547,3.844,345.500
4597.9,63.70,91.1,0.0,0.1,5,264.673,3.849,348.008
4597.9,63.84,91.1,0.0,0.2,5,262.752,3.854,349.686
4610.7,64.07,91.2,0.0,0.2,5,259.864,3.863,352.212
4610.7,64.21,91.2,0.0,0.2,5,257.934,3.871,353.901
4610.7,64.43,91.3,0.0,0.2,5,255.030,3.883,356.443
4610.7,64.57,91.4,0.0,0.2,5,253.089,3.891,358.143
4623.5,64.79,91.4,0.0,-0.1,5,250.170,3.901,360.701
4623.5,64.94,91.4,0.0,-0.1,5,248.220,3.910,362.411
4623.5,65.16,91.5,0.0,0.2,5,245.285,3.924,364.984
4623.5,65.30,91.5,0.0,0.3,5,243.324,3.932,366.704
4636.5,65.51,91.6,0.0,0.1,5,240.374,3.941,369.291
4636.5,65.65,91.6,0.0,0.0,5,238.402,3.946,371.021
4636.5,65.86,91.7,0.0,-0.0,5,235.437,3.953,373.624
4649.7,66.08,91.8,0.0,-0.0,5,232.463,3.956,376.235
4649.7,66.21,91.8,0.0,-0.1,5,230.475,3.956,377.980
4649.7,66.42,91.9,0.0,-0.1,5,227.487,3.955,380.606
4649.7,66.55,91.9,0.0,-0.0,5,225.489,3.953,382.362
4662.9,66.75,92.0,0.0,0.1,5,222.486,3.948,385.002
4662.9,66.89,92.0,0.0,0.1,5,220.479,3.945,386.767
4662.9,67.09,92.0,0.0,0.1,5,217.460,3.941,389.421
4662.9,67.23,92.1,0.0,0.0,5,215.443,3.938,391.194
4676.3,67.42,92.1,0.0,0.0,5,212.410,3.932,393.862
4676.3,67.56,92.2,0.0,-0.1,5,210.383,3.927,395.645
4676.3,67.75,92.2,0.0,-0.1,5,207.336,3.919,398.326
4676.3,67.88,92.3,0.0,0.0,5,205.300,3.915,400.119
4689.9,68.08,92.3,0.0,0.1,5,202.239,3.910,402.814
4689.9,68.26,92.4,0.0,0.2,5,199.170,3.904,405.517
4689.9,68.39,92.4,0.0,0.1,5,197.119,3.901,407.323
4689.9,68.57,92.5,0.0,0.1,5,194.036,3.897,410.039
4703.6,68.70,92.5,0.0,0.1,5,191.977,3.893,411.854
4703.6,68.88,92.6,0.0,0.1,5,188.881,3.887,414.583
4703.6,69.00,92.6,0.0,0.1,5,186.813,3.884,416.407
4703.6,69.19,92.6,0.0,0.1,5,183.704,3.879,419.150
4717.4,69.31,92.7,0.0,0.1,5,181.628,3.878,420.983
4717.4,69.48,92.7,0.0,0.1,5,178.507,3.875,423.739
4717.4,69.60,92.8,0.0,0.2,5,176.423,3.872,425.580
4717.4,69.78,92.8,0.0,0.2,5,173.291,3.867,428.350
4731.3,69.89,92.8,0.0,0.2,5,171.199,3.863,430.201
4731.3,69.98,0.0,0.0,0.2,0,168.056,3.857,432.984
4731.3,69.97,92.0,0.0,0.1,6,164.916,3.853,435.767
4731.3,70.08,92.0,0.0,0.1,6,162.821,3.852,437.626
4745.3,70.25,92.1,0.0,0.1,6,159.674,3.851,440.421
4745.3,70.36,92.1,0.0,0.2,6,157.572,3.851,442.289
4745.3,70.52,92.1,0.0,0.2,6,154.414,3.852,445.098
4745.3,70.63,92.1,0.0,0.2,6,152.305,3.854,446.974
4759.4,70.79,92.2,0.0,0.2,6,149.138,3.859,449.796
4759.4,70.90,92.2,0.0,0.2,6,147.022,3.861,451.682
4759.4,71.06,92.2,0.0,0.1,6,143.844,3.864,454.517
4759.4,71.22,92.3,0.0,0.0,6,140.661,3.867,457.360
4773.6,71.33,92.3,0.0,0.0,6,138.535,3.869,459.260
4773.6,71.48,92.4,0.0,0.0,6,135.342,3.873,462.116
4773.6,71.59,92.4,0.0,0.1,6,133.210,3.874,464.023
4773.6,71.74,92.4,0.0,0.1,6,130.006,3.875,466.891
4787.9,71.85,92.5,0.0,0.1,6,127.866,3.877,468.806
4787.9,72.00,92.5,0.0,0.1,6,124.652,3.879,471.685
4787.9,72.10,92.5,0.0,0.1,6,122.505,3.879,473.608
4787.9,72.25,92.6,0.0,0.2,6,119.280,3.880,476.497
4802.3,72.41,92.6,0.0,0.1,6,116.048,3.880,479.392
4802.3,72.50,92.6,0.0,-0.0,6,113.890,3.880,481.326
4802.3,72.65,92.6,0.0,-0.1,6,110.647,3.878,484.233
4802.3,72.76,92.7,0.0,-0.1,6,108.482,3.876,486.174
4816.8,72.90,92.7,0.0,-0.1,6,105.229,3.870,489.090
4816.8,73.00,92.7,0.0,-0.0,6,103.056,3.865,491.038
4816.8,73.14,92.8,0.0,-0.0,6,99.791,3.857,493.964
4816.8,73.24,92.8,0.0,-0.0,6,97.611,3.851,495.917
4831.4,73.38,92.8,0.0,0.0,6,94.335,3.841,498.852
4831.4,73.48,92.8,0.0,-0.0,6,92.148,3.833,500.812
4831.4,73.62,92.9,0.0,-0.0,6,88.861,3.818,503.756
4831.4,73.72,92.9,0.0,-0.1,6,86.666,3.808,505.722
4846.1,73.86,92.9,0.0,-0.0,6,83.369,3.790,508.676
4846.1,73.95,93.0,0.0,0.0,6,81.167,3.777,510.649
4846.1,74.10,93.0,0.0,0.0,6,77.859,3.758,513.612
4860.9,74.23,93.0,0.0,-0.0,6,74.544,3.737,516.581
4860.9,74.33,93.0,0.0,-0.1,6,72.331,3.723,518.563
4860.9,74.46,93.1,0.0,-0.1,6,69.006,3.701,521.540
4860.9,74.55,93.1,0.0,-0.1,6,66.786,3.686,523.528
4875.8,74.69,93.1,0.0,-0.1,6,63.450,3.662,526.513
4875.8,74.78,93.1,0.0,0.0,6,61.222,3.644,528.507
4875.8,74.92,93.2,0.0,0.2,6,57.874,3.617,531.500
4875.8,75.01,93.2,0.0,0.2,6,55.638,3.596,533.497
4890.8,75.14,93.2,0.0,-0.0,6,52.278,3.564,536.497
4890.8,75.23,93.2,0.0,-0.1,6,50.035,3.541,538.500
4890.8,75.37,93.2,0.0,0.0,6,46.665,3.505,541.509
4890.8,75.45,93.3,0.0,0.2,6,44.415,3.480,543.517
4905.9,75.59,93.3,0.0,0.4,6,41.035,3.439,546.535
4905.9,75.72,93.3,0.0,0.3,6,37.650,3.396,549.558
4905.9,75.81,93.3,0.0,0.2,6,35.391,3.364,551.578
4905.9,75.94,93.3,0.0,-0.0,6,31.998,3.310,554.614
4921.0,75.91,21.1,0.0,-0.1,6,29.737,3.275,556.640
4921.0,75.66,0.0,0.0,-0.1,6,26.352,3.221,559.677
4921.0,75.49,0.0,0.0,-0.1,6,24.103,3.184,561.697
4921.0,75.25,0.0,0.0,-0.1,6,20.739,3.128,564.720
4936.1,75.08,0.0,0.0,-0.1,6,18.503,3.089,566.730
4936.1,74.82,0.0,0.0,-0.0,6,15.160,3.031,569.738
4936.1,74.64,0.0,0.0,-0.1,6,12.938,2.993,571.738
4936.1,74.39,0.0,0.0,-0.5,6,9.615,2.937,574.729
4951.0,74.22,0.0,0.0,-0.7,6,7.406,2.900,576.717
4951.0,73.97,0.0,0.0,-0.8,6,4.099,2.849,579.689
4951.0,73.73,0.0,0.0,-0.6,6,0.800,2.798,582.647
4951.0,73.58,0.0,0.0,-0.6,6,-1.396,2.760,584.610
4965.8,73.33,0.0,0.0,-0.7,6,-4.685,2.702,587.544
4965.8,73.17,0.0,0.0,-0.7,6,-6.874,2.664,589.491
4965.8,72.92,0.0,0.0,-0.7,6,-10.153,2.610,592.399
4965.8,72.76,0.0,0.0,-0.8,6,-12.336,2.574,594.330
4980.4,72.51,0.0,19.5,-0.8,6,-15.605,2.522,597.212
4980.4,72.16,0.0,41.9,-0.9,6,-17.779,2.487,599.122
4980.4,71.24,0.0,74.9,-0.9,6,-21.019,2.438,601.959
4980.4,70.44,0.0,84.1,-1.0,6,-23.155,2.404,603.824
4994.7,69.11,0.0,89.6,-1.1,6,-26.316,2.353,606.573
4994.7,68.20,0.0,90.3,-1.0,6,-28.393,2.318,608.372
4994.7,66.80,0.0,90.7,-0.9,6,-31.461,2.268,611.019
4994.7,65.89,0.0,91.2,-1.0,6,-33.477,2.236,612.748
5008.2,64.49,0.0,90.9,-1.2,6,-36.455,2.190,615.287
5008.2,63.14,33.3,92.2,-1.4,0,-39.379,2.146,617.763
5008.2,62.22,0.0,92.3,-1.3,5,-41.299,2.118,619.378
5008.2,60.84,0.0,91.6,-1.6,5,-44.134,2.075,621.746
5020.7,59.92,0.0,91.1,-1.5,5,-45.995,2.047,623.288
5020.7,58.55,0.0,90.9,-2.3,5,-48.742,2.004,625.547
5020.7,57.65,0.0,90.8,-2.7,5,-50.546,1.976,627.015
5020.7,56.31,0.0,91.4,-3.6,5,-53.210,1.935,629.161
5032.3,55.40,0.0,90.9,-3.9,5,-54.959,1.909,630.554
5032.3,54.08,34.2,92.6,-4.3,0,-57.545,1.870,632.582
5032.3,53.19,0.0,92.3,-4.0,4,-59.244,1.845,633.894
5032.3,51.86,0.0,85.4,-3.7,4,-61.756,1.807,635.801
5043.0,51.02,0.0,80.2,-3.0,4,-63.407,1.782,637.032
5043.0,49.84,0.0,61.8,-1.4,4,-65.852,1.745,638.815
5043.0,48.89,0.0,49.0,-0.2,4,-68.274,1.709,640.521
5043.0,48.34,0.0,43.5,-0.0,4,-69.881,1.687,641.618
5052.9,47.60,0.0,41.4,-1.6,4,-72.284,1.654,643.203
5052.9,47.11,0.0,46.0,-3.6,4,-73.882,1.632,644.222
5052.9,46.33,0.0,50.4,-6.9,4,-76.271,1.601,645.693
5052.9,45.80,0.0,46.7,-9.0,4,-77.854,1.580,646.637
5062.1,45.05,0.0,39.7,-11.2,4,-80.216,1.548,647.999
5062.1,44.62,0.0,33.6,-11.3,4,-81.783,1.527,648.871
5062.1,44.06,0.0,23.1,-10.7,4,-84.128,1.495,650.128
5062.1,43.76,0.0,20.0,-11.0,4,-85.690,1.473,650.932
5070.9,43.37,0.0,13.1,-11.8,0,-88.034,1.439,652.088
5070.9,43.18,47.1,16.4,-11.8,0,-89.601,1.417,652.825
5070.9,42.77,0.0,28.2,-12.1,3,-91.955,1.384,653.881
5079.5,42.21,0.0,30.3,-12.7,3,-94.305,1.352,654.874
5079.5,41.86,0.0,22.9,-12.7,3,-95.866,1.331,655.500
5079.5,41.43,0.0,11.9,-13.3,3,-98.202,1.300,656.387
5079.5,41.22,0.0,8.5,-14.2,3,-99.758,1.279,656.943
5087.9,40.95,0.0,4.9,-16.1,3,-102.096,1.249,657.725
5087.9,40.81,0.0,3.6,-16.9,3,-103.657,1.228,658.213
5087.9,40.61,0.0,0.9,-17.5,3,-106.003,1.197,658.892
5087.9,40.49,0.0,0.1,-18.1,3,-107.570,1.177,659.311
5096.4,40.31,0.1,0.0,-19.3,3,-109.925,1.147,659.885
5096.4,40.19,0.1,0.2,-19.7,3,-111.497,1.128,660.233
5096.4,40.01,0.0,0.9,-19.9,3,-113.857,1.098,660.702
5096.4,39.89,0.0,1.0,-20.1,3,-115.431,1.079,660.978
5104.8,39.71,0.0,1.7,-16.2,3,-117.793,1.051,661.336
5104.8,39.59,0.0,2.0,-16.6,3,-119.366,1.032,661.539
5104.8,39.40,0.0,2.2,-14.6,3,-121.722,1.007,661.789
5104.8,39.21,0.0,3.1,-12.1,3,-124.074,0.983,661.974
5112.9,39.09,0.0,2.9,-14.5,3,-125.637,0.969,662.064
5112.9,38.90,0.0,2.5,-16.3,3,-127.976,0.948,662.151
5112.9,38.78,0.0,2.3,-16.5,3,-129.529,0.933,662.178
5112.9,38.60,0.0,3.2,-18.4,3,-131.851,0.913,662.171
5121.2,38.47,0.0,4.0,-19.4,3,-133.392,0.899,662.135
5121.2,38.27,0.0,3.4,-21.9,3,-135.693,0.880,662.032
5121.2,38.13,0.0,2.1,-22.2,3,-137.217,0.867,661.930
5121.2,37.95,2.2,0.0,-24.3,3,-139.491,0.849,661.724
5129.1,37.85,5.6,0.0,-23.7,3,-140.997,0.836,661.552
5129.1,37.71,4.0,0.0,-20.8,3,-143.242,0.819,661.239
5129.1,37.61,3.4,0.0,-20.1,3,-144.729,0.807,660.994
5129.1,37.45,2.2,0.0,-23.2,3,-146.941,0.790,660.574
5137.2,37.35,3.6,0.0,-25.8,3,-148.404,0.779,660.259
5137.2,37.19,4.8,0.0,-29.3,3,-150.578,0.763,659.734
5137.2,37.04,5.8,0.0,-31.8,3,-152.726,0.748,659.146
5137.2,36.94,6.3,0.0,-33.1,3,-154.142,0.737,658.718
5145.3,36.79,5.4,0.0,-35.0,3,-156.242,0.723,658.024
5145.3,36.67,3.3,0.0,-36.1,3,-157.625,0.713,657.526
5145.3,36.49,2.6,0.2,-36.8,3,-159.669,0.699,656.726
5145.3,36.36,3.7,0.0,-36.7,3,-161.010,0.691,656.156
5153.1,36.20,13.7,0.0,-35.5,3,-162.989,0.681,655.248
5153.1,36.11,15.3,0.0,-33.4,3,-164.284,0.676,654.605
5153.1,35.98,16.4,0.0,-30.0,3,-166.193,0.670,653.589
5153.1,35.92,12.4,0.0,-27.1,3,-167.442,0.668,652.876
5161.2,35.78,14.0,0.0,-24.7,3,-169.276,0.669,651.751
5161.2,35.71,12.3,0.0,-23.8,3,-170.476,0.667,650.974
5161.2,35.58,17.0,0.0,-27.0,3,-172.240,0.660,649.764
5161.2,35.52,26.1,0.0,-28.9,3,-173.388,0.657,648.925
5168.9,35.48,33.2,0.0,-33.5,3,-175.067,0.656,647.616
5168.9,35.52,38.0,0.0,-40.4,3,-176.699,0.658,646.248
5168.9,35.53,34.6,0.0,-46.3,3,-177.761,0.659,645.305
5168.9,35.54,32.7,0.0,-55.4,3,-179.316,0.663,643.846
5176.8,35.53,30.6,0.0,-61.8,3,-180.326,0.666,642.846
5176.8,35.45,16.5,0.0,-71.3,3,-181.802,0.671,641.310
5176.8,35.35,12.2,0.0,-75.2,3,-182.757,0.675,640.264
5176.8,35.17,40.0,0.0,-73.8,0,-184.144,0.681,638.666
5184.5,35.05,2.0,0.0,-74.5,2,-185.036,0.687,637.580
5184.5,34.82,13.3,0.0,-71.7,2,-186.320,0.696,635.923
5184.5,34.72,13.3,0.0,-68.9,2,-187.141,0.703,634.801
5184.5,34.58,18.3,0.0,-67.3,2,-188.322,0.712,633.090
5191.5,34.50,20.0,0.0,-65.6,2,-189.075,0.719,631.931
5191.5,34.36,14.0,0.0,-64.1,2,-190.151,0.729,630.167
5191.5,34.21,13.7,0.0,-62.6,2,-191.162,0.741,628.376
5191.5,34.11,14.5,0.0,-60.7,2,-191.800,0.749,627.168
5198.3,33.98,15.8,0.0,-57.1,2,-192.706,0.759,625.337
5198.3,33.89,17.3,0.0,-53.8,2,-193.275,0.765,624.104
5198.3,33.80,22.5,0.0,-46.5,2,-194.076,0.773,622.238
5198.3,33.77,29.5,0.0,-40.1,2,-194.574,0.777,620.982
5204.8,33.86,52.8,0.0,-29.0,2,-195.269,0.782,619.077
5204.8,33.98,43.9,0.0,-20.4,2,-195.700,0.785,617.791
5204.8,34.12,46.5,0.0,-7.7,2,-196.297,0.787,615.837
5204.8,34.24,44.4,0.0,-0.8,2,-196.663,0.789,614.520
5211.3,34.47,59.3,0.0,4.8,2,-197.166,0.790,612.522
5211.3,34.70,69.3,0.0,5.3,2,-197.472,0.792,611.174
5211.3,35.17,81.7,0.0,0.9,2,-197.894,0.795,609.122
5211.3,35.52,81.5,0.0,-4.2,2,-198.153,0.797,607.732
5218.2,36.02,82.6,0.0,-10.8,2,-198.514,0.801,605.617
5218.2,36.53,83.5,0.0,-14.5,2,-198.844,0.805,603.467
5218.2,36.86,84.8,0.0,-14.6,2,-199.047,0.808,602.014
5225.4,37.38,86.0,0.0,-15.0,2,-199.323,0.814,599.805
5225.4,37.70,86.2,0.0,-12.9,2,-199.486,0.819,598.313
5225.4,38.20,86.3,0.0,-7.5,2,-199.696,0.827,596.047
5225.4,38.53,86.4,0.0,-4.9,2,-199.813,0.833,594.517
5233.1,39.05,86.5,0.0,-2.7,2,-199.958,0.844,592.195
5233.1,39.39,86.5,0.0,-1.9,2,-200.034,0.853,590.629
5233.1,39.84,66.6,0.0,-0.3,2,-200.125,0.867,588.254
5233.1,40.02,30.8,0.2,1.6,2,-200.198,0.884,585.859
5241.1,39.94,4.0,28.9,3.5,2,-200.242,0.895,584.259
5241.1,39.31,0.0,55.3,6.0,2,-200.313,0.911,581.879
5241.1,38.75,0.0,52.6,7.2,2,-200.367,0.921,580.318
5241.1,37.94,0.0,43.4,9.1,2,-200.462,0.938,578.018
5248.9,37.47,0.0,39.5,10.3,2,-200.539,0.949,576.511
5248.9,36.83,0.0,27.7,12.0,2,-200.679,0.965,574.286
5248.9,36.50,0.0,22.2,13.0,2,-200.792,0.976,572.823
5248.9,36.07,0.0,15.3,14.6,2,-200.994,0.992,570.655
5256.3,35.84,0.0,10.7,15.8,2,-201.152,1.002,569.225
5256.3,35.55,0.0,6.8,17.5,2,-201.426,1.015,567.101
5256.3,35.39,0.0,4.2,19.1,2,-201.635,1.024,565.697
5256.3,35.17,0.0,5.4,19.7,2,-201.992,1.037,563.610
5263.5,35.01,0.0,6.9,19.2,2,-202.260,1.047,562.232
5263.5,34.77,0.0,4.1,17.3,2,-202.704,1.061,560.186
5263.5,34.56,0.0,4.3,17.2,2,-203.199,1.075,558.166
5263.5,34.41,0.0,10.9,17.4,2,-203.558,1.085,556.833
5270.9,34.02,0.0,29.0,17.8,2,-204.136,1.101,554.861
5270.9,33.66,0.0,27.3,18.1,2,-204.545,1.112,553.570
5270.9,33.07,0.0,48.9,18.3,2,-205.191,1.128,551.673
5270.9,32.54,0.0,41.6,17.8,2,-205.641,1.140,550.439
5278.0,31.88,0.0,27.7,16.3,2,-206.342,1.157,548.638
5278.0,31.54,0.0,19.8,15.4,2,-206.831,1.170,547.467
5278.0,31.15,0.0,13.6,15.3,2,-207.598,1.189,545.750
5278.0,30.93,0.0,10.9,16.6,2,-208.132,1.202,544.628
5285.4,30.64,0.0,14.2,19.6,2,-208.966,1.222,542.980
5285.4,30.41,0.0,16.8,21.5,2,-209.543,1.236,541.903
5285.4,30.05,0.0,15.6,23.6,2,-210.435,1.255,540.323
5285.4,29.82,0.0,12.4,24.4,2,-211.048,1.268,539.294
5292.1,29.52,0.0,9.8,25.2,2,-211.998,1.286,537.788
5292.1,29.34,0.0,7.6,25.8,2,-212.651,1.298,536.809
5292.1,29.11,0.0,3.4,27.2,2,-213.662,1.316,535.376
5292.1,28.98,0.0,2.7,28.3,2,-214.358,1.327,534.446
5298.5,28.80,0.0,1.2,30.1,2,-215.435,1.344,533.087
5298.5,28.64,2.9,0.0,31.9,2,-216.551,1.360,531.774
5298.5,28.55,2.8,0.0,33.5,2,-217.316,1.370,530.924
5298.5,28.40,1.6,0.0,36.2,2,-218.498,1.384,529.690
5305.0,28.31,7.6,0.0,37.7,2,-219.306,1.393,528.895
5305.0,28.21,10.9,0.0,39.6,2,-220.551,1.407,527.744
5305.0,28.14,10.3,0.0,40.8,2,-221.402,1.415,527.005
5305.0,28.06,17.3,0.0,42.6,2,-222.709,1.426,525.940
5310.9,28.04,22.4,0.0,43.7,2,-223.602,1.434,525.261
5310.9,28.04,25.7,0.0,45.7,2,-224.971,1.443,524.284
5310.9,28.04,26.4,0.0,47.3,2,-225.905,1.449,523.663
5310.9,28.08,30.9,0.0,50.1,2,-227.336,1.458,522.777
5316.7,28.11,24.8,0.0,54.3,2,-228.801,1.465,521.944
5316.7,28.09,20.5,0.0,57.4,2,-229.796,1.470,521.420
5316.7,28.04,21.3,0.0,61.7,2,-231.309,1.475,520.682
5316.7,28.01,19.6,0.0,64.4,2,-232.332,1.478,520.223
5322.5,27.94,17.0,0.0,68.6,2,-233.885,1.482,519.584
5322.5,27.88,15.6,0.0,71.2,2,-234.930,1.484,519.193
5322.5,27.77,13.9,0.0,74.6,2,-236.512,1.487,518.658
5322.5,27.69,13.3,0.0,76.1,2,-237.573,1.488,518.337
5328.3,27.58,19.0,0.0,77.6,2,-239.175,1.489,517.908
5328.3,27.52,14.6,0.0,78.7,2,-240.249,1.490,517.659
5328.3,27.38,11.3,0.0,80.5,2,-241.865,1.489,517.339
5328.3,27.28,11.1,0.0,81.2,2,-242.944,1.489,517.163
5333.9,27.14,11.1,0.0,80.6,2,-244.563,1.487,516.954
5333.9,27.04,11.0,0.0,76.1,2,-245.642,1.485,516.851
5333.9,26.90,49.7,0.0,77.2,0,-247.258,1.482,516.752
5339.7,26.71,10.9,0.0,76.3,1,-248.866,1.478,516.721
5339.7,26.63,13.6,0.0,74.5,1,-249.933,1.475,516.737
5339.7,26.51,13.8,0.0,71.9,1,-251.525,1.469,516.815
5339.7,26.43,14.5,0.0,69.9,1,-252.580,1.465,516.903
5345.1,26.34,16.3,0.0,66.2,1,-254.153,1.458,517.087
5345.1,26.30,18.3,0.0,63.3,1,-255.194,1.453,517.245
5345.1,26.28,23.7,0.0,58.2,1,-256.744,1.444,517.534
5345.1,26.31,29.4,0.0,54.9,1,-257.770,1.438,517.760
5350.6,26.44,40.0,0.0,50.2,1,-259.303,1.428,518.150
5350.6,26.59,49.7,0.0,46.8,1,-260.322,1.420,518.443
5350.6,26.94,60.5,0.0,40.5,1,-261.850,1.407,518.933
5350.6,27.27,46.9,0.0,32.5,1,-263.379,1.393,519.486
5356.1,27.45,46.0,0.0,27.1,1,-264.396,1.383,519.888
5356.1,27.75,51.7,0.0,21.1,1,-265.915,1.367,520.545
5356.1,27.99,55.6,0.0,19.3,1,-266.924,1.355,521.017
5356.1,28.38,56.3,0.0,20.7,1,-268.434,1.338,521.776
5361.9,28.62,54.7,0.0,23.1,1,-269.438,1.326,522.315
5361.9,28.97,54.4,0.0,27.0,1,-270.937,1.308,523.173
5361.9,29.22,54.8,0.0,29.7,1,-271.932,1.296,523.776
5361.9,29.56,54.5,0.0,33.7,1,-273.415,1.277,524.727
5368.0,29.77,55.3,0.0,35.6,1,-274.398,1.263,525.392
5368.0,30.10,58.4,0.0,36.4,1,-275.858,1.243,526.437
5368.0,30.35,59.7,0.0,35.7,1,-276.822,1.228,527.166
5368.0,30.71,62.5,0.0,34.5,1,-278.251,1.207,528.310
5374.8,30.96,65.6,0.0,33.6,1,-279.191,1.192,529.108
5374.8,31.33,60.9,0.0,32.3,1,-280.582,1.169,530.355
5374.8,31.66,59.0,0.0,31.3,1,-281.945,1.146,531.663
5374.8,31.87,61.3,0.0,31.1,1,-282.835,1.129,532.569
5381.5,32.17,54.6,0.0,30.1,1,-284.141,1.104,533.977
5381.5,32.34,54.6,0.0,29.1,1,-284.989,1.087,534.949
5381.5,32.63,62.9,0.0,28.7,1,-286.225,1.063,536.454
5381.5,32.74,0.0,0.0,28.7,0,-287.025,1.047,537.490
5388.4,32.76,62.7,0.0,28.9,2,-288.175,1.024,539.080
5388.4,32.97,62.9,0.0,29.1,2,-288.914,1.008,540.167
5388.4,33.29,61.5,0.0,29.7,2,-289.984,0.984,541.841
5388.4,33.51,67.5,0.0,31.8,2,-290.672,0.968,542.985
5396.1,33.83,67.1,0.0,32.1,2,-291.665,0.943,544.744
5396.1,34.07,66.9,0.0,31.1,2,-292.299,0.927,545.944
5396.1,34.32,48.3,0.0,29.3,2,-293.207,0.904,547.784
5396.1,34.53,64.3,0.0,28.0,2,-294.056,0.882,549.666
5403.6,34.75,69.7,0.0,26.8,2,-294.589,0.868,550.945
5403.6,34.99,33.8,0.0,23.2,2,-295.344,0.845,552.896
5403.6,35.07,50.4,0.0,21.8,2,-295.812,0.829,554.216
5403.6,35.25,54.1,0.0,20.8,2,-296.456,0.807,556.225
5411.8,35.36,44.1,0.0,17.6,2,-296.846,0.794,557.582
5411.8,35.57,61.7,0.0,13.4,2,-297.371,0.776,559.643
5411.8,35.77,61.7,0.0,11.9,2,-297.684,0.764,561.034
5411.8,36.12,80.1,0.0,10.0,2,-298.102,0.746,563.149
5419.9,36.58,76.3,0.0,7.2,2,-298.461,0.727,565.299
5419.9,36.88,85.4,0.0,7.3,2,-298.667,0.717,566.753
5419.9,37.42,86.0,0.0,8.7,2,-298.932,0.702,568.965
5419.9,37.76,86.1,0.0,11.2,2,-299.083,0.694,570.460
5427.7,38.26,86.3,0.0,13.4,2,-299.273,0.682,572.732
5427.7,38.61,86.3,0.0,13.8,2,-299.376,0.675,574.266
5427.7,39.10,86.5,0.0,14.2,2,-299.495,0.668,576.593
5427.7,39.43,86.6,0.0,14.1,2,-299.549,0.665,578.162
5435.8,39.90,86.1,0.0,13.8,2,-299.589,0.662,580.541
5435.8,40.20,85.8,0.0,13.3,2,-299.588,0.661,582.142
5435.8,40.63,83.2,0.0,12.0,2,-299.542,0.658,584.565
5435.8,40.91,82.9,0.0,11.6,2,-299.480,0.656,586.194
5443.8,41.20,0.0,0.0,11.9,0,-299.340,0.651,588.656
5443.8,41.30,81.3,0.0,13.1,3,-299.138,0.645,591.119
5443.8,41.57,84.9,0.0,14.8,3,-298.971,0.640,592.767
5451.9,41.99,85.4,0.0,15.7,3,-298.670,0.632,595.255
5451.9,42.26,85.5,0.0,16.2,3,-298.438,0.625,596.923
5451.9,42.66,85.6,0.0,16.7,3,-298.039,0.613,599.439
5451.9,42.95,85.6,0.0,17.0,3,-297.740,0.604,601.124
5460.2,43.32,85.9,0.0,17.1,3,-297.242,0.588,603.663
5460.2,43.63,85.8,0.0,15.6,3,-296.876,0.575,605.363
5460.2,44.02,85.9,0.0,14.1,3,-296.273,0.556,607.921
5460.2,44.28,86.0,0.0,12.9,3,-295.834,0.542,609.631
5468.9,44.68,86.2,0.0,11.7,3,-295.122,0.521,612.202
5468.9,44.94,86.2,0.0,12.2,3,-294.614,0.504,613.920
5468.9,45.34,86.3,0.0,9.3,3,-293.799,0.476,616.502
5468.9,45.60,86.3,0.0,7.2,3,-293.220,0.456,618.226
5477.9,46.01,86.4,0.0,5.0,3,-292.303,0.424,620.815
5477.9,46.41,86.6,0.0,5.8,3,-291.333,0.387,623.412
5477.9,46.67,86.7,0.0,6.2,3,-290.661,0.361,625.148
5477.9,47.09,86.9,0.0,6.1,3,-289.615,0.325,627.758
5487.1,47.34,87.0,0.0,5.9,3,-288.894,0.303,629.502
5487.1,47.70,87.3,0.0,5.7,3,-287.785,0.263,632.128
5487.1,47.76,0.0,0.0,4.3,0,-287.029,0.230,633.882
5487.1,47.85,85.8,0.0,0.8,4,-285.871,0.175,636.501
5496.5,48.09,61.5,0.0,-0.6,4,-285.080,0.139,638.249
5496.5,48.38,84.6,0.0,1.2,4,-283.861,0.086,640.872
5496.5,48.62,85.6,0.0,3.2,4,-283.028,0.053,642.624
5496.5,48.93,85.9,0.0,5.9,4,-281.754,0.007,645.257
5506.2,49.18,86.0,0.0,7.1,4,-280.889,-0.022,647.018
5506.2,49.53,86.2,0.0,6.7,4,-279.566,-0.063,649.666
5506.2,49.76,86.3,0.0,6.3,4,-278.667,-0.091,651.436
5506.2,50.12,86.7,0.0,4.8,4,-277.294,-0.138,654.097
5516.1,50.45,86.6,0.0,3.6,4,-275.880,-0.177,656.760
5516.1,50.68,86.8,0.0,3.2,4,-274.913,-0.194,658.537
5516.1,51.01,86.9,0.0,2.7,4,-273.431,-0.212,661.201
5516.1,51.22,87.0,0.0,2.7,4,-272.423,-0.224,662.980
5526.2,51.57,87.2,0.0,4.7,4,-270.885,-0.241,665.651
5526.2,51.76,87.4,0.0,5.1,4,-269.841,-0.250,667.434
5526.2,52.12,87.5,0.0,4.8,4,-268.249,-0.269,670.112
5526.2,52.33,87.6,0.0,4.7,4,-267.167,-0.281,671.899
5536.6,52.66,87.7,0.0,4.8,4,-265.514,-0.298,674.579
5536.6,52.88,87.8,0.0,5.0,4,-264.391,-0.308,676.366
5536.6,53.21,87.9,0.0,5.1,4,-262.678,-0.323,679.047
5536.6,53.42,88.0,0.0,5.0,4,-261.516,-0.331,680.835
5547.2,53.74,88.2,0.0,4.4,4,-259.743,-0.340,683.516
5547.2,53.95,88.2,0.0,3.7,4,-258.541,-0.345,685.303
5547.2,54.28,88.3,0.0,2.3,4,-256.711,-0.350,687.984
5547.2,54.59,88.5,0.0,1.9,4,-254.850,-0.354,690.667
5557.9,54.80,88.6,0.0,1.7,4,-253.594,-0.357,692.458
5557.9,55.12,88.7,0.0,1.3,4,-251.691,-0.362,695.151
5557.9,55.32,88.8,0.0,1.0,4,-250.410,-0.365,696.949
5557.9,55.63,88.9,0.0,1.4,4,-248.472,-0.371,699.655
5568.9,55.84,89.0,0.0,1.8,4,-247.169,-0.377,701.464
5568.9,56.14,89.1,0.0,2.4,4,-245.198,-0.386,704.183
5568.9,56.34,89.2,0.0,2.8,4,-243.872,-0.391,706.000
5568.9,56.64,89.3,0.0,3.1,4,-241.864,-0.399,708.730
5580.0,56.84,89.4,0.0,3.3,4,-240.511,-0.404,710.551
5580.0,57.13,89.5,0.0,3.7,4,-238.458,-0.409,713.285
5580.0,57.33,89.6,0.0,3.8,4,-237.073,-0.413,715.107
5580.0,57.62,89.7,0.0,4.0,4,-234.969,-0.416,717.839
5591.4,57.90,89.8,0.0,4.3,4,-232.834,-0.418,720.567
5591.4,58.09,89.8,0.0,4.4,4,-231.391,-0.419,722.383
5591.4,58.36,90.0,0.0,4.6,4,-229.199,-0.420,725.102
5591.4,58.54,90.0,0.0,4.7,4,-227.717,-0.421,726.910
5603.1,58.81,90.1,0.0,4.5,4,-225.464,-0.419,729.615
5603.1,58.98,90.2,0.0,4.8,4,-223.943,-0.417,731.413
5603.1,59.25,90.3,0.0,4.0,4,-221.630,-0.413,734.102
5603.1,59.43,90.4,0.0,4.5,4,-220.068,-0.409,735.889
5615.1,59.46,0.0,0.0,4.2,0,-217.699,-0.400,738.558
5615.1,59.54,89.0,0.0,3.3,5,-216.106,-0.392,740.325
5615.1,59.78,89.1,0.0,3.9,5,-213.689,-0.376,742.964
5615.1,59.94,89.2,0.0,3.5,5,-212.060,-0.363,744.719
5627.3,60.18,89.3,0.0,3.8,5,-209.590,-0.344,747.342
5627.3,60.33,89.4,0.0,4.3,5,-207.926,-0.329,749.085
5627.3,60.57,89.4,0.0,4.1,5,-205.404,-0.304,751.691
5639.7,60.80,89.6,0.0,4.9,5,-202.850,-0.277,754.286
5639.7,60.96,89.6,0.0,5.4,5,-201.130,-0.258,756.009
5639.7,61.19,89.7,0.0,6.1,5,-198.521,-0.231,758.583
5639.7,61.35,89.7,0.0,6.0,5,-196.762,-0.215,760.289
5652.1,61.57,89.8,0.0,5.5,5,-194.093,-0.193,762.832
5652.1,61.72,89.9,0.0,5.9,5,-192.293,-0.180,764.517
5652.1,61.95,90.0,0.0,6.0,5,-189.562,-0.168,767.029
5652.1,62.11,90.0,0.0,5.4,5,-187.721,-0.164,768.691
5664.8,62.31,90.1,0.0,5.0,5,-184.926,-0.160,771.164
5664.8,62.47,90.2,0.0,4.9,5,-183.040,-0.157,772.798
5664.8,62.75,90.3,0.0,5.1,5,-179.216,-0.147,776.032
5664.8,62.90,90.3,0.0,5.7,5,-177.279,-0.142,777.633
5677.5,63.12,90.4,0.0,6.2,5,-174.344,-0.137,780.016
5677.5,63.28,90.4,0.0,6.5,5,-172.368,-0.135,781.591
5677.5,63.48,90.5,0.0,6.8,5,-169.373,-0.135,783.934
5677.5,63.63,90.6,0.0,6.3,5,-167.355,-0.138,785.479
5690.5,63.84,90.6,0.0,6.3,5,-164.294,-0.140,787.771
5690.5,63.96,90.7,0.0,6.5,5,-162.232,-0.139,789.280
5690.5,64.16,90.8,0.0,7.3,5,-159.105,-0.136,791.514
5690.5,64.30,90.8,0.0,7.8,5,-156.998,-0.136,792.985
5703.6,64.51,91.0,0.0,6.4,5,-153.806,-0.135,795.161
5703.6,64.62,90.9,0.0,5.7,5,-151.656,-0.135,796.591
5703.6,64.83,91.1,0.0,4.5,5,-148.396,-0.130,798.702
5703.6,65.03,91.1,0.0,5.6,5,-145.097,-0.121,800.772
5716.8,65.17,91.1,0.0,6.9,5,-142.878,-0.116,802.134
5716.8,65.36,91.2,0.0,8.4,5,-139.522,-0.113,804.150
5716.8,65.47,91.2,0.0,8.8,5,-137.265,-0.112,805.473
5716.8,65.65,91.4,0.0,6.7,5,-133.847,-0.108,807.420
5730.2,65.80,91.3,0.0,6.0,5,-131.547,-0.104,808.693
5730.2,65.98,91.4,0.0,6.8,5,-128.067,-0.104,810.566
5730.2,66.09,91.4,0.0,7.5,5,-125.724,-0.103,811.787
5730.2,66.28,91.4,0.0,8.8,5,-122.178,-0.100,813.574
5743.6,66.39,91.5,0.0,9.3,5,-119.794,-0.099,814.738
5743.6,66.57,91.6,0.0,8.5,5,-116.188,-0.095,816.440
5743.6,66.67,91.7,0.0,8.6,5,-113.764,-0.092,817.546
5743.6,66.85,91.7,0.0,8.5,5,-110.098,-0.090,819.162
5757.2,67.02,91.8,0.0,8.6,5,-106.398,-0.086,820.722
5757.2,67.13,91.8,0.0,7.9,5,-103.912,-0.082,821.730
5757.2,67.30,91.9,0.0,7.0,5,-100.155,-0.075,823.196
5757.2,67.42,91.9,0.0,6.8,5,-97.633,-0.071,824.143
5770.8,67.59,91.9,0.0,6.9,5,-93.824,-0.064,825.520
5770.8,67.70,92.0,0.0,7.5,5,-91.268,-0.060,826.409
5770.8,67.88,92.0,0.0,7.4,5,-87.412,-0.056,827.702
5770.8,67.99,92.1,0.0,6.7,5,-84.825,-0.052,828.533
5784.4,68.14,92.2,0.0,6.6,5,-80.923,-0.044,829.735
5784.4,68.26,92.2,0.0,6.5,5,-78.306,-0.038,830.508
5784.4,68.43,92.2,0.0,6.7,5,-74.360,-0.030,831.622
5784.4,68.53,92.2,0.0,6.8,5,-71.716,-0.024,832.335
5798.0,68.70,92.3,0.0,6.8,5,-67.729,-0.015,833.361
5798.0,68.80,92.3,0.0,5.4,5,-65.058,-0.008,834.015
5798.0,68.97,92.4,0.0,4.7,5,-61.033,0.002,834.952
5811.7,69.13,92.4,0.0,4.1,5,-56.987,0.015,835.839
5811.7,69.24,92.5,0.0,3.8,5,-54.278,0.025,836.405
5811.7,69.40,92.5,0.0,3.9,5,-50.200,0.041,837.219
5811.7,69.51,92.5,0.0,3.9,5,-47.471,0.054,837.740
5825.5,69.68,92.6,0.0,3.9,5,-43.364,0.076,838.493
5825.5,69.79,92.6,0.0,3.8,5,-40.617,0.091,838.975
5825.5,69.95,92.7,0.0,3.7,0,-36.484,0.115,839.670
5825.5,69.87,0.0,0.0,3.4,0,-33.722,0.130,840.115
5839.4,69.95,91.8,0.0,2.8,6,-29.578,0.153,840.750
5839.4,70.06,91.8,0.0,2.3,6,-26.807,0.169,841.155
5839.4,70.21,91.9,0.0,2.2,6,-22.640,0.195,841.735
5839.4,70.32,91.9,0.0,2.0,6,-19.854,0.215,842.107
5853.5,70.48,91.9,0.0,1.6,6,-15.665,0.243,842.646
5853.5,70.59,92.0,0.0,1.2,6,-12.866,0.260,842.994
5853.5,70.74,92.0,0.0,0.6,6,-8.657,0.287,843.504
5853.5,70.90,92.0,0.0,0.1,6,-4.438,0.315,844.002
-1.6,71.00,92.1,0.0,-0.0,6,-1.619,0.335,844.329
