opponent,v3,Ricky Taylor,0,1771575853847
Game,version,date,track,car,event,laptime [s],S1 [s],S2 [s],S3 [s],S4+ [s]
LMU,1.2,2026-02-20 08:24:13,Silverstone Grand Prix Circuit - ELMS,Cadillac WTR 2025 #101:LM (Hyper),Live,109.141,0,0,0
Tracklen [m],TotalLaps
5866.5,2
,
,
lapdistance [m],speed [m/s],throttle [%],brake [%],steer [%],gear [int],world_x [m],world_y [m],world_z [m]
2.0,71.06,86.0,0.0,-0.2,6,10.431,0.418,845.573
2.0,71.21,86.0,0.0,-0.1,6,14.670,0.448,846.064
16.2,71.32,86.1,0.0,0.0,6,17.502,0.470,846.393
16.2,71.47,86.1,0.0,0.2,6,21.756,0.503,846.888
16.2,71.57,86.1,0.0,0.3,6,24.598,0.526,847.220
16.2,71.72,86.1,0.0,0.4,6,28.867,0.562,847.717
30.5,71.82,86.1,0.0,0.4,6,31.718,0.586,848.049
30.5,71.97,86.2,0.0,0.3,6,36.003,0.623,848.546
30.5,72.07,86.2,0.0,0.3,6,38.864,0.646,848.876
30.5,72.22,86.2,0.0,0.3,6,43.164,0.681,849.370
44.9,72.31,86.2,0.0,0.4,6,46.036,0.706,849.698
44.9,72.45,86.2,0.0,0.3,6,50.350,0.745,850.187
44.9,72.60,86.2,0.0,0.2,6,54.674,0.785,850.674
44.9,72.69,86.2,0.0,0.1,6,57.562,0.811,850.996
59.4,72.84,86.3,0.0,0.2,6,61.901,0.852,851.479
59.4,72.93,86.3,0.0,0.3,6,64.798,0.879,851.799
59.4,73.07,86.3,0.0,0.4,6,69.151,0.921,852.279
59.4,73.16,86.3,0.0,0.3,6,72.058,0.949,852.598
74.0,73.30,86.3,0.0,0.1,6,76.425,0.987,853.076
74.0,73.39,86.4,0.0,-0.0,6,79.342,1.012,853.394
74.0,73.53,86.3,0.0,-0.1,6,83.723,1.047,853.869
74.0,73.62,86.4,0.0,-0.1,6,86.649,1.070,854.186
88.7,73.75,86.4,0.0,0.1,6,91.045,1.105,854.661
88.7,73.85,86.4,0.0,0.1,6,93.979,1.128,854.978
88.7,73.98,86.4,0.0,0.1,6,98.388,1.160,855.454
88.7,74.06,86.5,0.0,-0.0,6,101.332,1.181,855.772
103.4,74.20,86.5,0.0,0.1,6,105.754,1.213,856.249
103.4,74.33,86.5,0.0,0.4,6,110.184,1.245,856.726
103.4,74.42,86.5,0.0,0.4,6,113.141,1.266,857.044
118.3,74.54,86.5,0.0,0.3,6,117.585,1.298,857.519
118.3,74.64,86.5,0.0,0.2,6,120.551,1.318,857.835
118.3,74.77,86.5,0.0,0.1,6,125.009,1.345,858.305
118.3,74.86,86.5,0.0,0.2,6,127.985,1.361,858.616
133.2,74.98,86.6,0.0,0.4,6,132.456,1.386,859.081
133.2,75.06,86.6,0.0,0.3,6,135.440,1.404,859.389
133.2,75.18,86.7,0.0,0.3,6,139.923,1.436,859.850
133.2,75.26,86.7,0.0,0.2,6,142.917,1.458,860.155
148.3,75.39,86.7,0.0,0.2,6,147.413,1.486,860.611
148.3,75.48,86.7,0.0,0.2,6,150.415,1.505,860.914
148.3,75.61,86.6,0.0,0.3,6,154.925,1.532,861.366
148.3,75.73,86.7,0.0,0.2,6,159.442,1.557,861.815
163.4,75.79,86.7,0.0,0.3,6,162.458,1.575,862.114
163.4,75.92,86.7,0.0,0.2,6,166.987,1.603,862.559
163.4,75.99,86.7,0.0,0.2,6,170.011,1.622,862.856
163.4,76.12,86.7,0.0,0.1,6,174.553,1.652,863.298
178.6,76.20,86.7,0.0,-0.1,6,177.584,1.671,863.592
178.6,76.31,86.8,0.0,-0.3,6,182.138,1.701,864.034
178.6,76.39,86.7,0.0,-0.5,6,185.177,1.720,864.328
178.6,76.50,86.8,0.0,-0.6,6,189.743,1.748,864.771
193.9,76.57,86.8,0.0,-0.6,6,192.789,1.767,865.069
193.9,76.69,86.8,0.0,-0.6,6,197.364,1.796,865.522
193.9,76.77,86.8,0.0,-0.5,6,200.418,1.815,865.828
193.9,76.88,86.8,0.0,-0.4,6,205.004,1.842,866.294
209.2,76.96,86.8,0.0,-0.4,6,208.064,1.859,866.609
209.2,77.06,86.8,0.0,-0.2,6,212.659,1.884,867.087
209.2,77.12,86.9,0.0,0.1,6,215.725,1.903,867.410
209.2,77.24,86.9,0.0,0.3,6,220.330,1.934,867.897
224.6,77.34,86.9,0.0,0.3,6,224.941,1.966,868.384
224.6,77.42,86.9,0.0,0.5,6,228.019,1.987,868.708
224.6,77.51,86.9,0.0,0.9,6,232.642,2.018,869.191
224.6,77.57,79.7,0.0,1.1,6,235.727,2.041,869.509
240.1,77.41,6.1,49.3,1.0,6,240.356,2.073,869.981
240.1,76.79,0.0,74.8,1.1,6,243.427,2.092,870.289
240.1,75.52,0.0,87.0,1.3,6,247.977,2.117,870.737
240.1,74.59,0.0,89.0,1.5,6,250.967,2.133,871.025
255.3,73.18,0.0,90.6,1.9,6,255.384,2.158,871.439
255.3,72.24,0.0,91.3,2.2,6,258.283,2.173,871.703
255.3,70.81,0.0,90.8,2.0,6,262.562,2.196,872.076
255.3,69.87,0.0,90.6,2.3,6,265.367,2.212,872.309
269.6,68.49,0.0,92.7,3.0,6,269.508,2.233,872.630
269.6,67.56,0.0,92.8,3.2,6,272.224,2.246,872.824
269.6,66.14,0.0,92.1,3.6,6,276.228,2.262,873.085
269.6,64.74,35.2,91.9,3.7,0,280.151,2.276,873.303
282.9,63.83,0.0,92.4,3.3,5,282.722,2.286,873.423
282.9,62.47,0.0,79.4,3.4,5,286.511,2.300,873.564
282.9,61.66,0.0,69.7,2.9,5,288.994,2.308,873.629
282.9,60.55,0.0,50.7,1.3,5,292.661,2.322,873.680
295.3,59.97,0.0,33.9,0.9,5,295.072,2.334,873.678
295.3,59.36,0.0,15.8,1.7,5,298.651,2.350,873.621
295.3,59.07,0.0,14.1,3.7,5,301.019,2.360,873.544
295.3,58.67,0.0,11.4,8.2,5,304.548,2.379,873.372
307.0,58.43,0.0,6.3,10.9,5,306.885,2.391,873.221
307.0,58.16,0.0,3.7,13.1,5,310.372,2.413,872.940
307.0,57.99,0.0,5.5,12.5,5,312.684,2.428,872.720
307.0,57.73,0.0,1.1,13.1,5,316.135,2.450,872.337
318.5,57.58,2.6,0.0,11.7,5,318.423,2.464,872.046
318.5,57.37,0.5,2.0,10.8,5,321.837,2.484,871.554
318.5,57.08,0.0,11.1,10.2,5,325.225,2.503,870.995
318.5,56.85,0.0,13.0,9.9,5,327.468,2.515,870.586
329.9,56.43,0.0,21.9,9.2,5,330.801,2.532,869.919
329.9,56.10,0.0,20.6,8.7,5,333.001,2.543,869.439
329.9,55.69,0.0,1.6,8.0,5,336.264,2.559,868.669
329.9,55.57,25.5,0.0,9.7,5,338.420,2.570,868.120
341.3,55.58,57.3,0.0,14.4,5,341.636,2.586,867.239
341.3,55.66,67.9,0.0,17.8,5,343.770,2.597,866.614
341.3,55.78,70.8,0.0,22.1,5,346.961,2.611,865.619
341.3,55.84,59.5,0.0,24.8,5,349.080,2.622,864.915
352.9,55.84,41.7,0.0,25.6,5,352.240,2.637,863.800
352.9,55.77,15.1,0.4,25.1,5,354.330,2.647,863.016
352.9,55.53,4.4,0.6,25.3,5,357.433,2.664,861.781
352.9,55.41,30.2,0.0,24.9,5,359.477,2.676,860.918
364.9,55.38,59.1,0.0,24.3,5,362.510,2.693,859.561
364.9,55.49,81.6,0.0,24.3,5,365.511,2.710,858.130
364.9,55.57,72.2,0.0,24.8,5,367.496,2.721,857.134
376.5,55.62,55.4,0.0,27.5,5,370.447,2.738,855.577
376.5,55.64,63.6,0.0,30.0,5,372.392,2.749,854.498
376.5,55.71,61.4,0.0,33.9,5,375.280,2.766,852.819
376.5,55.71,50.6,0.0,36.2,5,377.184,2.778,851.661
388.2,55.68,42.2,0.0,39.8,5,380.005,2.795,849.869
388.2,55.66,48.3,0.0,41.7,5,381.861,2.805,848.639
388.2,55.60,34.6,0.0,44.2,5,384.609,2.819,846.743
388.2,55.52,30.3,0.0,45.0,5,386.414,2.829,845.446
400.0,55.38,28.3,0.0,45.0,5,389.075,2.845,843.449
400.0,55.28,27.2,0.0,44.3,5,390.819,2.855,842.086
400.0,55.13,25.7,0.0,42.9,5,393.386,2.871,839.992
400.0,55.04,35.5,0.0,42.3,5,395.065,2.882,838.565
411.4,54.92,27.8,0.0,41.5,5,397.534,2.897,836.377
411.4,54.77,32.3,0.0,41.0,5,399.940,2.914,834.132
411.4,54.70,36.2,0.0,40.5,5,401.510,2.925,832.606
411.4,54.57,23.8,0.0,38.9,5,403.814,2.942,830.273
422.5,54.47,27.5,0.0,37.8,5,405.314,2.952,828.690
422.5,54.37,36.8,0.0,34.8,5,407.512,2.967,826.276
422.5,54.33,41.8,0.0,33.0,5,408.944,2.976,824.639
422.5,54.31,51.6,0.0,30.6,5,411.041,2.988,822.145
433.4,54.33,61.0,0.0,28.0,5,412.407,2.994,820.455
433.4,54.44,80.3,0.0,22.9,5,414.404,3.005,817.876
433.4,54.54,84.3,0.0,20.2,5,415.702,3.014,816.126
433.4,54.75,84.3,0.0,17.2,5,417.604,3.028,813.455
444.1,54.87,84.4,0.0,15.6,5,418.842,3.036,811.647
444.1,55.08,84.3,0.0,13.0,5,420.654,3.047,808.891
444.1,55.28,84.4,0.0,11.4,5,422.408,3.061,806.083
444.1,55.43,84.4,0.0,10.5,5,423.547,3.072,804.185
454.8,55.88,84.5,0.0,10.4,5,426.830,3.110,798.370
454.8,56.03,84.5,0.0,10.5,5,427.882,3.124,796.395
454.8,56.27,84.5,0.0,9.4,5,429.423,3.147,793.400
465.8,56.42,84.6,0.0,9.7,5,430.426,3.164,791.382
465.8,56.65,84.0,0.0,9.8,5,431.893,3.189,788.324
465.8,56.79,84.4,0.0,8.9,5,432.847,3.204,786.266
465.8,57.02,84.8,0.0,7.4,5,434.238,3.228,783.148
477.0,57.18,84.8,0.0,7.8,5,435.140,3.244,781.050
477.0,57.41,83.9,0.0,7.8,5,436.457,3.268,777.876
477.0,57.60,84.1,0.0,8.0,5,437.732,3.293,774.669
477.0,57.77,84.8,0.0,7.8,5,438.558,3.311,772.515
488.5,58.02,85.0,0.0,6.9,5,439.764,3.339,769.258
488.5,58.14,85.2,0.0,6.3,5,440.546,3.357,767.071
488.5,58.36,85.1,0.0,4.8,5,441.685,3.382,763.767
488.5,58.54,85.0,0.0,4.0,5,442.422,3.397,761.549
499.9,58.72,72.3,0.0,3.7,5,443.496,3.417,758.200
499.9,58.84,70.8,0.0,4.8,5,444.188,3.433,755.953
499.9,58.99,85.5,0.0,6.8,5,445.190,3.466,752.565
499.9,59.12,85.5,0.0,5.9,5,445.840,3.489,750.294
511.5,59.36,85.5,0.0,4.5,5,446.791,3.516,746.868
511.5,59.52,85.4,0.0,3.5,5,447.408,3.529,744.574
511.5,59.74,84.1,0.0,2.2,5,448.305,3.552,741.110
511.5,59.85,85.3,0.0,3.2,5,448.883,3.570,738.789
523.3,60.15,85.4,0.0,4.8,5,449.726,3.591,735.289
523.3,60.29,85.4,0.0,5.5,5,450.271,3.607,732.943
523.3,60.51,85.5,0.0,5.6,5,451.060,3.634,729.407
535.3,60.73,85.5,0.0,4.9,5,451.815,3.661,725.849
535.3,60.88,85.6,0.0,4.4,5,452.298,3.680,723.466
535.3,61.11,85.6,0.0,3.7,5,452.991,3.710,719.873
535.3,61.26,85.7,0.0,3.8,5,453.433,3.730,717.466
547.5,61.49,85.7,0.0,3.1,5,454.073,3.756,713.840
547.5,61.65,85.7,0.0,2.7,5,454.482,3.771,711.412
547.5,61.87,85.7,0.0,2.2,5,455.074,3.797,707.755
547.5,62.02,85.8,0.0,2.3,5,455.454,3.816,705.307
559.8,62.25,85.9,0.0,2.0,5,456.008,3.846,701.620
559.8,62.41,85.9,0.0,1.5,5,456.368,3.865,699.154
559.8,62.63,85.9,0.0,0.7,5,456.894,3.897,695.441
559.8,62.78,85.9,0.0,0.8,5,457.239,3.919,692.957
572.2,63.00,86.0,0.0,0.9,5,457.747,3.951,689.218
572.2,63.16,86.0,0.0,1.0,5,458.081,3.972,686.717
572.2,63.38,86.0,0.0,1.0,5,458.577,4.005,682.955
572.2,63.60,86.1,0.0,1.0,5,459.066,4.037,679.177
584.8,63.75,86.1,0.0,1.0,5,459.388,4.058,676.651
584.8,63.96,86.1,0.0,1.0,5,459.865,4.091,672.850
584.8,64.11,86.2,0.0,1.0,5,460.179,4.113,670.308
584.8,64.33,86.2,0.0,1.1,5,460.643,4.145,666.483
597.5,64.47,86.2,0.0,1.2,5,460.947,4.166,663.926
597.5,64.68,86.2,0.0,1.3,5,461.397,4.197,660.078
597.5,64.82,86.3,0.0,1.5,5,461.692,4.218,657.505
597.5,65.03,86.3,0.0,1.5,5,462.126,4.251,653.634
610.4,65.17,86.3,0.0,1.5,5,462.409,4.274,651.046
610.4,65.38,86.4,0.0,1.4,5,462.826,4.306,647.152
610.4,65.52,86.4,0.0,1.3,5,463.097,4.328,644.548
610.4,65.72,86.4,0.0,1.2,5,463.494,4.359,640.632
623.5,66.13,86.5,0.0,1.5,5,464.250,4.424,632.758
623.5,66.33,86.5,0.0,1.5,5,464.611,4.456,628.801
623.5,66.46,86.5,0.0,1.4,5,464.844,4.477,626.156
636.7,66.66,86.6,0.0,1.3,5,465.184,4.508,622.177
636.7,67.05,86.6,0.0,1.0,5,465.825,4.571,614.180
650.1,67.25,86.7,0.0,1.0,5,466.129,4.603,610.163
650.1,67.38,86.7,0.0,0.8,5,466.326,4.624,607.478
650.1,67.57,86.7,0.0,0.8,5,466.613,4.656,603.441
650.1,67.70,86.7,0.0,0.6,5,466.800,4.677,600.742
663.6,67.89,86.7,0.0,0.6,5,467.072,4.708,596.684
663.6,68.01,86.8,0.0,0.8,5,467.249,4.728,593.973
663.6,68.20,86.8,0.0,-0.4,5,467.510,4.759,589.895
663.6,68.32,86.8,0.0,-0.2,5,467.683,4.779,587.171
677.3,68.50,86.8,0.0,-0.1,5,467.941,4.807,583.075
677.3,68.62,86.8,0.0,-0.3,5,468.115,4.825,580.338
677.3,68.80,86.9,0.0,0.5,5,468.377,4.850,576.224
677.3,68.92,86.9,0.0,1.2,5,468.552,4.866,573.476
691.0,69.10,86.9,0.0,0.9,5,468.814,4.887,569.344
691.0,69.21,86.9,0.0,0.5,5,468.987,4.899,566.583
691.0,69.39,86.9,0.0,0.0,5,469.242,4.915,562.433
691.0,69.56,87.0,0.0,0.6,5,469.492,4.932,558.273
704.9,69.67,87.0,0.0,0.4,5,469.657,4.942,555.493
704.9,69.85,87.0,0.0,0.0,5,469.901,4.956,551.315
704.9,69.96,87.0,0.0,0.3,5,470.063,4.964,548.524
704.9,69.94,0.0,0.0,-0.0,0,470.304,4.974,544.331
718.9,69.98,85.8,0.0,-0.1,6,470.464,4.980,541.539
718.9,70.14,85.9,0.0,-0.3,6,470.703,4.986,537.342
718.9,70.25,85.9,0.0,-0.1,6,470.864,4.989,534.539
718.9,70.42,85.9,0.0,0.8,6,471.105,4.993,530.326
733.1,70.52,85.9,0.0,1.0,6,471.266,4.995,527.512
733.1,70.69,85.9,0.0,0.8,6,471.504,4.993,523.283
733.1,70.80,86.0,0.0,0.4,6,471.659,4.991,520.457
733.1,70.96,86.0,0.0,0.0,6,471.887,4.986,516.211
747.3,71.06,86.0,0.0,-0.1,6,472.036,4.982,513.375
747.3,71.22,86.0,0.0,0.1,6,472.256,4.975,509.112
747.3,71.39,86.0,0.0,0.3,6,472.473,4.964,504.840
747.3,71.48,86.1,0.0,0.3,6,472.616,4.955,501.987
761.6,71.80,86.1,0.0,0.2,6,473.043,4.918,493.400
761.6,71.96,86.1,0.0,0.1,6,473.252,4.895,489.093
775.9,72.06,86.1,0.0,0.0,6,473.391,4.878,486.216
775.9,72.21,86.2,0.0,0.2,6,473.596,4.855,481.893
775.9,72.36,86.2,0.0,0.3,6,473.800,4.831,477.561
775.9,72.46,86.2,0.0,-0.4,6,473.935,4.817,474.668
790.4,72.61,86.2,0.0,-1.0,6,474.137,4.799,470.321
790.4,72.71,86.2,0.0,-1.7,6,474.274,4.787,467.418
790.4,72.86,86.3,0.0,-2.3,6,474.486,4.768,463.056
790.4,72.96,86.3,0.0,-2.6,6,474.636,4.756,460.144
804.9,73.10,86.3,0.0,-3.7,6,474.880,4.739,455.769
804.9,73.19,86.3,0.0,-3.9,6,475.057,4.726,452.849
804.9,73.34,86.3,0.0,-4.4,6,475.350,4.703,448.463
804.9,73.42,86.4,0.0,-4.4,6,475.568,4.687,445.536
819.5,73.56,86.4,0.0,-5.1,6,475.931,4.667,441.142
819.5,73.65,86.4,0.0,-6.0,6,476.197,4.651,438.210
819.5,73.78,86.4,0.0,-6.2,6,476.635,4.621,433.810
819.5,73.85,86.4,0.0,-6.3,6,476.960,4.603,430.875
834.3,73.96,86.5,0.0,-6.8,6,477.499,4.583,426.474
834.3,74.07,86.5,0.0,-7.2,6,478.098,4.564,422.074
834.3,74.16,86.5,0.0,-7.0,6,478.533,4.550,419.142
834.3,74.26,86.5,0.0,-7.0,6,479.244,4.533,414.746
849.0,74.34,86.5,0.0,-8.2,6,479.755,4.522,411.818
849.0,74.44,86.5,0.0,-9.5,6,480.580,4.506,407.432
849.0,74.52,86.5,0.0,-10.0,6,481.170,4.494,404.512
849.0,74.61,86.6,0.0,-10.3,6,482.115,4.475,400.139
863.8,74.68,86.6,0.0,-9.3,6,482.785,4.460,397.230
863.8,74.76,86.6,0.0,-9.1,6,483.855,4.433,392.876
863.8,74.84,86.6,0.0,-8.7,6,484.609,4.410,389.981
863.8,74.92,86.6,0.0,-9.2,6,485.801,4.369,385.650
878.5,74.98,86.6,0.0,-10.2,6,486.637,4.339,382.771
878.5,75.08,86.6,0.0,-10.4,6,487.956,4.290,378.467
878.5,75.16,86.7,0.0,-9.6,6,489.352,4.238,374.182
878.5,75.22,86.7,0.0,-8.4,6,490.326,4.202,371.337
893.4,75.31,86.7,0.0,-7.6,6,491.852,4.146,367.088
893.4,75.37,86.7,0.0,-7.7,6,492.913,4.108,364.268
893.4,75.46,86.7,0.0,-7.6,6,494.569,4.051,360.057
893.4,75.52,86.7,0.0,-6.3,6,495.714,4.014,357.264
908.9,75.63,86.7,0.0,-2.9,6,497.490,3.958,353.092
908.9,75.71,86.7,0.0,-0.5,6,498.707,3.920,350.322
908.9,75.67,21.9,8.4,2.6,6,500.574,3.866,346.180
908.9,75.44,0.0,13.4,3.1,6,501.831,3.831,343.431
924.5,74.96,0.0,42.0,3.2,6,503.709,3.774,339.326
924.5,74.41,0.0,51.8,2.7,6,504.944,3.732,336.605
924.5,73.48,0.0,51.6,3.1,6,506.755,3.672,332.553
924.5,72.86,0.0,48.8,3.7,6,507.930,3.636,329.871
939.7,72.00,0.0,41.1,5.0,6,509.639,3.590,325.874
939.7,71.24,0.0,39.3,6.0,6,511.286,3.549,321.904
939.7,70.74,0.0,39.6,6.1,6,512.346,3.523,319.269
954.0,70.00,0.0,34.3,5.8,6,513.877,3.488,315.333
954.0,69.54,0.0,36.8,5.8,6,514.856,3.468,312.719
954.0,68.70,0.0,61.2,5.2,6,516.261,3.438,308.813
954.0,68.01,0.0,64.2,5.2,6,517.152,3.422,306.226
967.5,66.98,0.0,56.1,5.0,6,518.417,3.403,302.378
967.5,66.35,0.0,48.9,6.0,6,519.215,3.393,299.832
967.5,65.50,0.0,32.0,8.2,6,520.345,3.379,296.041
967.5,65.07,0.0,26.5,8.8,6,521.052,3.369,293.527
980.3,64.51,0.0,10.4,9.4,6,522.046,3.354,289.768
980.3,64.34,55.7,0.0,9.9,6,522.662,3.344,287.267
980.3,64.42,73.4,0.0,11.7,6,523.524,3.326,283.502
980.3,64.39,21.6,21.7,12.8,6,524.056,3.313,280.980
993.2,63.92,0.0,9.6,14.2,6,524.784,3.295,277.199
993.2,63.67,0.0,2.2,12.7,6,525.219,3.285,274.684
993.2,63.54,61.6,0.0,11.4,6,525.800,3.272,270.914
993.2,63.47,15.7,16.5,9.3,6,526.300,3.261,267.136
1007.4,63.25,0.3,7.7,8.6,6,526.582,3.259,264.617
1007.4,62.96,14.4,1.2,7.6,6,526.951,3.245,260.848
1007.4,62.85,65.7,0.0,7.4,6,527.154,3.232,258.341
1007.4,62.78,25.4,0.0,7.5,6,527.365,3.240,254.578
1021.3,62.66,4.5,0.0,8.5,6,527.462,3.244,252.071
1021.3,62.51,21.6,0.0,11.4,6,527.563,3.229,248.317
1021.3,62.36,17.5,0.4,13.8,6,527.579,3.222,245.820
1021.3,62.13,33.3,6.3,16.7,0,527.527,3.219,242.085
1034.4,61.94,0.0,8.5,18.1,5,527.449,3.217,239.604
1034.4,61.59,0.0,5.2,17.8,5,527.265,3.216,235.902
1034.4,61.37,0.0,2.8,16.8,5,527.095,3.218,233.448
1034.4,61.08,0.0,0.2,14.0,5,526.766,3.228,229.789
1046.8,60.91,1.2,0.0,12.4,5,526.498,3.238,227.364
1046.8,60.66,4.1,0.0,11.0,5,526.026,3.254,223.747
1046.8,60.43,8.8,0.0,10.1,5,525.472,3.269,220.157
1046.8,60.29,8.4,0.0,7.7,5,525.056,3.280,217.778
1058.8,60.07,14.9,0.0,7.4,5,524.362,3.301,214.235
1058.8,59.99,36.9,0.0,7.6,5,523.855,3.317,211.888
1058.8,60.10,82.3,0.0,7.9,5,523.033,3.344,208.382
1058.8,60.24,85.5,0.0,8.0,5,522.447,3.363,206.048
1070.6,60.46,85.5,0.0,6.8,5,521.517,3.393,202.549
1070.6,60.61,85.5,0.0,4.7,5,520.868,3.413,200.217
1070.6,60.84,85.6,0.0,1.2,5,519.856,3.443,196.718
1070.6,60.99,85.6,0.0,-0.1,5,519.161,3.464,194.383
1082.8,61.23,85.6,0.0,-1.3,5,518.096,3.494,190.875
1082.8,61.38,85.7,0.0,-2.0,5,517.378,3.514,188.531
1082.8,61.62,85.7,0.0,-2.9,5,516.298,3.542,185.003
1082.8,61.77,85.7,0.0,-3.8,5,515.581,3.560,182.641
1095.3,61.99,68.1,1.6,-4.8,5,514.517,3.585,179.085
1095.3,61.68,0.0,49.4,-5.9,5,513.476,3.606,175.518
1095.3,61.09,0.0,65.9,-5.6,5,512.805,3.618,173.155
1095.3,60.01,0.0,73.8,-4.6,5,511.840,3.637,169.649
1107.6,59.24,0.0,69.3,-4.0,5,511.227,3.648,167.343
1107.6,58.17,0.0,60.9,-1.3,5,510.353,3.664,163.929
1107.6,57.51,0.0,54.5,-1.4,5,509.800,3.673,161.681
1107.6,56.64,0.0,52.0,-3.2,5,509.019,3.687,158.346
1119.3,56.06,0.0,53.5,-4.0,5,508.529,3.697,156.144
1119.3,55.19,0.0,52.3,-6.5,5,507.838,3.714,152.878
1119.3,54.62,0.0,46.0,-8.7,5,507.406,3.724,150.724
1119.3,53.88,0.0,33.5,-9.1,5,506.803,3.739,147.524
1130.6,53.48,0.0,22.0,-9.9,5,506.435,3.748,145.408
1130.6,53.06,0.0,8.7,-10.9,5,505.932,3.759,142.251
1130.6,52.79,0.0,1.6,-12.4,5,505.494,3.767,139.106
1130.6,52.65,0.0,0.3,-13.9,5,505.240,3.771,137.013
1141.7,52.46,40.8,3.4,-16.2,0,504.914,3.773,133.876
1141.7,52.34,0.0,2.8,-17.8,4,504.736,3.773,131.787
1141.7,52.11,6.4,0.0,-20.8,4,504.524,3.767,128.661
1141.7,51.97,4.1,0.0,-21.7,4,504.421,3.760,126.581
1152.6,51.80,32.2,0.0,-20.4,4,504.329,3.746,123.470
1152.6,51.71,15.9,0.0,-18.7,4,504.312,3.739,121.400
1152.6,51.49,3.4,0.0,-16.6,4,504.357,3.730,118.303
1152.6,51.34,10.1,0.0,-15.1,4,504.437,3.731,116.248
1163.5,51.20,16.3,0.0,-13.6,4,504.611,3.722,113.177
1163.5,51.06,16.2,0.0,-13.7,4,504.772,3.717,111.138
1163.5,50.89,21.3,0.0,-13.6,4,505.087,3.716,108.095
1163.5,50.82,21.9,0.0,-13.2,4,505.330,3.708,106.076
1174.5,50.45,13.7,0.0,-17.2,4,506.460,3.685,99.078
1174.5,50.29,13.9,0.0,-18.0,4,507.053,3.660,96.114
1185.1,50.11,25.7,0.0,-20.4,4,507.733,3.644,93.181
1185.1,50.03,17.1,0.0,-21.9,4,508.223,3.628,91.238
1185.1,49.85,16.4,0.0,-25.1,4,509.024,3.606,88.351
1185.1,49.74,15.2,0.0,-29.1,4,509.598,3.590,86.444
1195.6,49.58,16.3,0.0,-37.3,4,510.514,3.560,83.609
1195.6,49.47,13.8,0.0,-42.8,4,511.161,3.537,81.737
1195.6,49.30,14.8,0.0,-51.4,4,512.184,3.500,78.956
1195.6,49.19,13.9,0.0,-55.9,4,512.899,3.474,77.120
1205.9,49.01,13.8,0.0,-60.1,4,514.020,3.432,74.396
1205.9,48.88,13.7,0.0,-61.7,4,514.800,3.403,72.600
1205.9,48.69,14.3,0.0,-60.2,4,516.021,3.358,69.939
1205.9,48.56,17.1,0.0,-56.7,4,516.870,3.330,68.190
1215.8,48.37,17.7,0.0,-50.8,4,518.201,3.291,65.605
1215.8,48.26,15.9,0.0,-49.4,4,519.126,3.267,63.908
1215.8,48.12,30.6,0.0,-45.9,4,520.569,3.236,61.403
1225.4,48.03,25.9,0.0,-34.7,4,522.077,3.208,58.944
1225.4,47.99,34.3,0.0,-27.3,4,523.116,3.189,57.329
1225.4,48.11,73.9,0.0,-16.3,4,524.727,3.162,54.940
1225.4,48.13,22.1,33.2,-6.9,4,525.836,3.145,53.365
1235.0,47.50,0.0,54.4,8.7,4,527.530,3.121,51.046
1235.0,46.92,0.0,62.8,15.3,4,528.659,3.103,49.530
1235.0,45.93,0.0,70.9,18.1,4,530.325,3.076,47.294
1235.0,45.23,0.0,75.9,16.8,4,531.406,3.059,45.825
1244.2,44.17,31.2,79.0,13.3,0,532.969,3.034,43.644
1244.2,43.47,0.0,59.5,10.7,3,533.972,3.018,42.205
1244.2,42.62,0.0,22.4,6.2,3,535.413,2.994,40.062
1244.2,42.27,0.0,8.6,3.2,3,536.333,2.976,38.635
1252.7,41.94,0.0,0.5,-0.3,3,537.653,2.949,36.482
1252.7,41.72,5.6,0.0,0.2,3,538.905,2.920,34.307
1252.7,41.60,9.9,0.0,3.3,3,539.700,2.900,32.842
1252.7,41.45,11.1,0.0,10.0,3,540.833,2.869,30.623
1261.1,41.36,13.5,0.0,16.2,3,541.548,2.847,29.129
1261.1,41.22,6.6,0.0,26.2,3,542.562,2.813,26.868
1261.1,41.11,8.8,0.0,32.7,3,543.199,2.790,25.350
1261.1,41.07,38.5,0.0,39.8,3,544.102,2.754,23.057
1269.6,41.13,47.1,0.0,41.9,3,544.669,2.730,21.515
1269.6,41.29,54.1,0.0,43.3,3,545.470,2.695,19.176
1269.6,41.39,52.0,0.0,44.3,3,545.969,2.672,17.600
1269.6,41.44,30.3,0.0,45.7,3,546.666,2.636,15.215
1278.1,41.41,24.3,0.0,46.6,3,547.093,2.611,13.614
1278.1,41.33,22.9,0.0,47.9,3,547.674,2.574,11.201
1278.1,41.25,23.1,0.0,48.1,3,548.020,2.548,9.586
1278.1,41.18,23.7,0.0,47.2,3,548.476,2.511,7.156
1287.0,41.12,26.1,0.0,47.6,3,548.738,2.485,5.531
1287.0,41.08,27.1,0.0,49.4,3,549.072,2.446,3.088
1287.0,41.04,31.4,0.0,52.8,3,549.334,2.405,0.639
1287.0,41.01,25.3,0.0,55.1,3,549.468,2.377,-0.996
1295.8,40.90,16.4,0.0,58.0,3,549.611,2.335,-3.450
1295.8,40.80,16.6,0.0,59.0,3,549.667,2.306,-5.082
1295.8,40.67,17.2,0.0,58.3,3,549.692,2.263,-7.526
1295.8,40.62,26.7,0.0,58.2,3,549.670,2.233,-9.152
1304.6,40.59,31.5,0.0,58.2,3,549.580,2.189,-11.586
1304.6,40.56,25.3,0.0,58.4,3,549.482,2.158,-13.206
1304.6,40.48,27.5,0.0,58.6,3,549.274,2.112,-15.628
1304.6,40.43,20.6,0.0,58.3,3,549.095,2.083,-17.236
1313.0,40.13,18.8,0.0,53.7,3,548.219,1.987,-22.805
1313.0,40.06,20.7,0.0,50.7,3,547.896,1.961,-24.376
1321.9,39.97,26.3,0.0,45.2,3,547.350,1.924,-26.714
1321.9,39.94,35.0,0.0,38.9,3,546.730,1.890,-29.029
1321.9,39.97,45.2,0.0,34.2,3,546.275,1.869,-30.560
1321.9,40.16,69.6,0.0,27.6,3,545.530,1.838,-32.844
1330.6,40.36,83.8,0.0,23.8,3,544.993,1.817,-34.362
1330.6,40.74,77.5,0.0,17.6,3,544.129,1.784,-36.636
1330.6,40.96,83.7,0.0,13.8,3,543.513,1.762,-38.149
1330.6,41.31,77.6,0.0,8.5,3,542.529,1.729,-40.412
1339.4,41.56,83.0,0.0,5.7,3,541.832,1.709,-41.914
1339.4,41.95,85.6,0.0,2.6,3,540.726,1.680,-44.161
1339.4,42.24,85.6,0.0,2.4,3,539.951,1.662,-45.655
1339.4,42.68,85.5,0.0,5.7,3,538.734,1.636,-47.892
1348.0,42.96,85.6,0.0,9.5,3,537.890,1.617,-49.381
1348.0,43.38,85.7,0.0,13.2,3,536.577,1.591,-51.614
1348.0,43.67,85.7,0.0,14.1,3,535.672,1.575,-53.100
1348.0,44.07,85.9,0.0,13.4,3,534.271,1.552,-55.327
1357.1,44.34,86.0,0.0,12.3,3,533.306,1.537,-56.808
1357.1,44.75,86.2,0.0,11.2,3,531.812,1.516,-59.023
1357.1,45.14,86.3,0.0,11.2,3,530.260,1.493,-61.228
1357.1,45.41,86.3,0.0,11.1,3,529.195,1.477,-62.691
1366.1,45.81,86.4,0.0,10.9,3,527.548,1.452,-64.876
1366.1,46.07,86.4,0.0,11.1,3,526.419,1.433,-66.325
1366.1,46.44,86.6,0.0,10.8,3,524.676,1.403,-68.484
1366.1,46.71,86.6,0.0,10.6,3,523.482,1.381,-69.914
1375.2,47.09,86.6,0.0,10.3,3,521.643,1.348,-72.042
1375.2,47.34,86.7,0.0,10.0,3,520.385,1.325,-73.450
1375.2,47.67,55.2,0.0,11.7,3,518.451,1.288,-75.543
1375.2,47.69,18.2,0.0,13.9,3,517.133,1.263,-76.922
1384.5,47.60,17.7,0.0,16.9,3,515.123,1.224,-78.954
1384.5,47.70,78.7,0.0,17.6,3,513.760,1.196,-80.285
1384.5,48.05,86.8,0.0,17.0,3,511.671,1.156,-82.255
1384.5,48.29,86.8,0.0,15.7,3,510.246,1.131,-83.551
1393.9,48.65,86.9,0.0,13.9,3,508.060,1.095,-85.468
1393.9,48.97,87.0,0.0,13.2,0,505.818,1.061,-87.350
1393.9,48.95,0.0,0.0,12.6,0,504.296,1.036,-88.583
1393.9,49.15,85.1,0.0,10.5,4,501.980,0.996,-90.395
1403.4,49.36,85.1,0.0,8.6,4,500.409,0.966,-91.582
1403.4,49.69,85.2,0.0,6.1,4,498.009,0.922,-93.332
1403.4,49.91,85.2,0.0,3.8,4,496.380,0.892,-94.477
1403.4,50.24,85.2,0.0,1.9,4,493.897,0.847,-96.167
1413.3,50.47,85.3,0.0,1.7,4,492.219,0.819,-97.279
1413.3,50.81,85.3,0.0,2.2,4,489.671,0.778,-98.932
1413.3,51.04,85.4,0.0,2.0,4,487.956,0.752,-100.030
1413.3,51.37,85.5,0.0,0.7,4,485.362,0.716,-101.675
1423.4,51.60,85.5,0.0,-0.2,4,483.621,0.693,-102.773
1423.4,51.94,85.6,0.0,-1.4,4,480.991,0.660,-104.426
1423.4,52.27,85.7,0.0,-1.8,4,478.345,0.627,-106.089
1423.4,52.49,85.7,0.0,-2.4,4,476.572,0.605,-107.205
1433.9,52.82,85.8,0.0,-4.4,4,473.904,0.572,-108.895
1433.9,53.04,85.8,0.0,-5.3,4,472.120,0.552,-110.035
1433.9,53.36,85.9,0.0,-4.8,4,469.440,0.523,-111.768
1433.9,53.58,86.1,0.0,-4.4,4,467.653,0.505,-112.941
1444.8,53.91,86.1,0.0,-5.1,4,464.972,0.480,-114.731
1444.8,54.07,86.1,0.0,-6.1,4,463.185,0.463,-115.944
1444.8,54.38,86.2,0.0,-7.9,4,460.509,0.438,-117.796
1444.8,54.58,86.2,0.0,-8.6,4,458.730,0.423,-119.054
1456.0,54.89,86.2,0.0,-9.6,4,456.066,0.391,-120.973
1456.0,55.07,86.3,0.0,-10.4,4,454.299,0.372,-122.282
1456.0,55.34,86.3,0.0,-10.1,4,451.664,0.345,-124.286
1456.0,55.55,86.4,0.0,-9.4,4,449.917,0.327,-125.652
1467.5,55.82,86.4,0.0,-8.8,4,447.321,0.305,-127.752
1467.5,56.09,86.4,0.0,-9.7,4,444.750,0.284,-129.909
1467.5,56.28,86.5,0.0,-10.0,4,443.050,0.270,-131.378
1479.1,56.54,86.6,0.0,-10.5,4,440.523,0.252,-133.628
1479.1,56.72,86.6,0.0,-9.1,4,438.856,0.243,-135.162
1479.1,56.99,86.7,0.0,-8.3,4,436.381,0.232,-137.508
1479.1,57.18,86.7,0.0,-8.1,4,434.746,0.227,-139.101
1491.0,57.44,86.8,0.0,-8.8,4,432.315,0.221,-141.533
1491.0,57.62,86.8,0.0,-8.4,4,430.709,0.215,-143.180
1491.0,57.90,86.8,0.0,-7.4,4,428.320,0.207,-145.691
1491.0,58.08,86.8,0.0,-6.9,4,426.744,0.202,-147.392
1502.8,58.34,86.8,0.0,-6.6,4,424.402,0.197,-149.982
1502.8,58.51,86.9,0.0,-6.5,4,422.856,0.195,-151.735
1502.8,58.78,86.9,0.0,-6.8,4,420.562,0.195,-154.402
1502.8,58.95,87.0,0.0,-7.2,4,419.047,0.198,-156.204
1514.6,59.20,87.0,0.0,-7.1,4,416.796,0.202,-158.941
1514.6,59.24,0.0,0.0,-6.5,0,414.574,0.201,-161.717
1514.6,59.32,85.3,0.0,-6.1,5,413.114,0.198,-163.584
1514.6,59.55,85.3,0.0,-6.0,5,410.951,0.193,-166.418
1526.4,59.70,85.4,0.0,-6.4,5,409.525,0.187,-168.330
1526.4,59.95,85.4,0.0,-5.8,5,407.413,0.174,-171.231
1526.4,60.09,85.4,0.0,-6.6,5,406.022,0.165,-173.188
1526.4,60.33,85.5,0.0,-5.2,5,403.963,0.151,-176.156
1538.3,60.48,85.5,0.0,-4.8,5,402.607,0.139,-178.155
1538.3,60.72,85.5,0.0,-4.3,5,400.595,0.118,-181.183
1538.3,60.88,85.6,0.0,-4.1,5,399.269,0.103,-183.221
1538.3,61.11,85.6,0.0,-3.5,5,397.301,0.082,-186.306
1550.5,61.27,85.7,0.0,-3.3,5,396.001,0.068,-188.379
1550.5,61.51,85.7,0.0,-3.1,5,394.067,0.048,-191.513
1550.5,61.66,85.7,0.0,-2.8,5,392.788,0.036,-193.618
1550.5,61.89,85.8,0.0,-2.3,5,390.882,0.020,-196.796
1562.8,62.05,85.8,0.0,-2.0,5,389.619,0.011,-198.929
1562.8,62.29,85.8,0.0,-1.8,5,387.734,-0.000,-202.147
1562.8,62.52,85.9,0.0,-1.5,5,385.859,-0.009,-205.388
1562.8,62.68,85.9,0.0,-1.3,5,384.614,-0.014,-207.560
1575.3,62.91,86.0,0.0,-1.0,5,382.753,-0.019,-210.835
1575.3,63.07,86.0,0.0,-0.9,5,381.515,-0.022,-213.030
1575.3,63.29,86.1,0.0,-0.6,5,379.663,-0.027,-216.336
1575.3,63.44,86.0,0.0,-0.8,5,378.430,-0.029,-218.551
1587.9,63.68,86.1,0.0,-1.0,5,376.582,-0.032,-221.886
1587.9,63.82,86.1,0.0,-1.2,5,375.352,-0.033,-224.119
1587.9,64.05,86.1,0.0,-1.3,5,373.508,-0.034,-227.483
1587.9,64.20,86.2,0.0,-1.4,5,372.280,-0.035,-229.734
1600.7,64.42,86.2,0.0,-1.2,5,370.440,-0.038,-233.125
1600.7,64.56,86.2,0.0,-1.1,5,369.215,-0.040,-235.395
1600.7,64.78,86.2,0.0,-1.1,5,367.380,-0.047,-238.814
1600.7,64.93,86.3,0.0,-1.1,5,366.158,-0.053,-241.102
1613.6,65.14,86.3,0.0,-1.1,5,364.328,-0.062,-244.548
1613.6,65.36,86.3,0.0,-1.0,5,362.501,-0.074,-248.011
1613.6,65.50,86.4,0.0,-1.1,5,361.286,-0.083,-250.328
1613.6,65.71,86.4,0.0,-1.2,5,359.466,-0.097,-253.818
1626.7,65.85,86.4,0.0,-1.2,5,358.255,-0.107,-256.153
1626.7,66.06,86.5,0.0,-1.1,5,356.442,-0.122,-259.671
1626.7,66.20,86.5,0.0,-1.0,5,355.236,-0.132,-262.025
1626.7,66.41,86.5,0.0,-1.0,5,353.432,-0.148,-265.570
1639.9,66.55,86.5,0.0,-1.2,5,352.232,-0.159,-267.943
1639.9,66.75,86.6,0.0,-1.2,5,350.435,-0.175,-271.515
1639.9,66.88,86.6,0.0,-0.9,5,349.238,-0.186,-273.904
1639.9,67.09,86.6,0.0,-0.6,5,347.446,-0.202,-277.501
1653.2,67.22,86.6,0.0,-0.4,5,346.252,-0.213,-279.907
1653.2,67.42,86.7,0.0,-0.4,5,344.463,-0.231,-283.528
1653.2,67.62,86.7,0.0,-0.2,5,342.674,-0.250,-287.163
1653.2,67.75,86.7,0.0,-0.1,5,341.481,-0.264,-289.593
1666.7,67.94,86.8,0.0,-0.1,5,339.691,-0.286,-293.248
1666.7,68.07,86.8,0.0,-0.0,5,338.497,-0.300,-295.692
1666.7,68.27,86.8,0.0,0.0,5,336.703,-0.324,-299.367
1666.7,68.40,86.8,0.0,0.1,5,335.505,-0.343,-301.823
1680.3,68.57,86.8,0.0,0.2,5,333.705,-0.368,-305.517
1680.3,68.69,86.9,0.0,0.2,5,332.503,-0.381,-307.985
1680.3,68.89,86.9,0.0,0.0,5,330.695,-0.402,-311.695
1680.3,69.01,86.9,0.0,-0.0,5,329.488,-0.418,-314.174
1694.1,69.18,87.0,0.0,-0.0,5,327.672,-0.442,-317.901
1694.1,69.31,86.9,0.0,-0.1,5,326.459,-0.459,-320.390
1694.1,69.49,87.0,0.0,-0.1,5,324.635,-0.483,-324.133
1694.1,69.61,87.0,0.0,-0.0,5,323.417,-0.499,-326.634
1708.0,69.79,87.0,0.0,-0.0,5,321.587,-0.522,-330.394
1708.0,69.77,0.0,0.0,-0.1,0,319.754,-0.546,-334.160
1708.0,69.82,85.8,0.0,-0.1,6,318.533,-0.562,-336.670
1721.9,69.99,85.8,0.0,-0.1,6,316.699,-0.585,-340.441
1721.9,70.10,85.9,0.0,-0.1,6,315.474,-0.601,-342.960
1721.9,70.27,85.9,0.0,-0.0,6,313.634,-0.626,-346.748
1721.9,70.38,85.9,0.0,-0.1,6,312.406,-0.642,-349.278
1736.0,70.54,85.9,0.0,-0.0,6,310.560,-0.667,-353.081
1736.0,70.66,85.9,0.0,-0.0,6,309.328,-0.684,-355.622
1736.0,70.82,86.0,0.0,-0.1,6,307.478,-0.710,-359.441
1736.0,70.93,86.0,0.0,-0.1,6,306.243,-0.729,-361.993
1750.1,71.09,86.0,0.0,-0.1,6,304.387,-0.757,-365.828
1750.1,71.20,86.0,0.0,-0.1,6,303.148,-0.777,-368.390
1750.1,71.36,86.0,0.0,-0.1,6,301.288,-0.807,-372.240
1750.1,71.47,86.1,0.0,-0.1,6,300.046,-0.828,-374.813
1764.4,71.63,86.1,0.0,-0.0,6,298.180,-0.860,-378.679
1764.4,71.79,86.1,0.0,-0.1,6,296.311,-0.893,-382.554
1764.4,71.89,86.1,0.0,-0.1,6,295.064,-0.915,-385.142
1764.4,72.05,86.1,0.0,-0.1,6,293.190,-0.948,-389.032
1778.8,72.15,86.2,0.0,-0.0,6,291.939,-0.969,-391.630
1778.8,72.31,86.2,0.0,0.0,6,290.059,-1.000,-395.535
1778.8,72.41,86.2,0.0,0.0,6,288.804,-1.022,-398.143
1778.8,72.57,86.2,0.0,0.0,6,286.919,-1.056,-402.062
1793.2,72.67,86.2,0.0,0.1,6,285.660,-1.079,-404.679
1793.2,72.81,86.3,0.0,0.1,6,283.768,-1.112,-408.611
1793.2,72.91,86.3,0.0,0.2,6,282.504,-1.130,-411.237
1793.2,73.06,86.3,0.0,0.2,6,280.604,-1.157,-415.182
1807.8,73.17,86.3,0.0,0.2,6,279.334,-1.176,-417.817
1807.8,73.31,86.3,0.0,0.3,6,277.425,-1.204,-421.774
1807.8,73.41,86.3,0.0,0.4,6,276.150,-1.223,-424.417
1807.8,73.55,86.4,0.0,0.3,6,274.232,-1.253,-428.386
1822.5,73.70,86.4,0.0,0.2,6,272.308,-1.283,-432.362
1822.5,73.79,86.4,0.0,0.2,6,271.022,-1.303,-435.017
1822.5,73.93,86.4,0.0,0.3,6,269.088,-1.333,-439.004
1822.5,74.03,86.4,0.0,0.4,6,267.794,-1.354,-441.665
1837.3,74.17,86.5,0.0,0.4,6,265.849,-1.383,-445.662
1837.3,74.26,86.5,0.0,0.3,6,264.548,-1.402,-448.330
1837.3,74.40,86.5,0.0,0.3,6,262.590,-1.430,-452.337
1837.3,74.49,86.5,0.0,0.3,6,261.280,-1.448,-455.011
1852.1,74.63,86.5,0.0,0.3,6,259.309,-1.475,-459.027
1852.1,74.72,86.5,0.0,0.3,6,257.991,-1.492,-461.707
1852.1,74.86,86.6,0.0,0.4,6,256.006,-1.519,-465.731
1852.1,74.94,86.6,0.0,0.4,6,254.679,-1.538,-468.416
1867.1,75.08,86.6,0.0,0.5,6,252.681,-1.564,-472.449
1867.1,75.17,86.6,0.0,0.3,6,251.345,-1.582,-475.140
1867.1,75.30,86.6,0.0,0.2,6,249.333,-1.609,-479.181
1867.1,75.43,86.6,0.0,0.3,6,247.312,-1.633,-483.226
1882.2,75.52,86.7,0.0,0.5,6,245.961,-1.649,-485.925
1882.2,75.65,86.7,0.0,0.5,6,243.927,-1.673,-489.978
1882.2,75.73,86.7,0.0,0.5,6,242.567,-1.689,-492.683
1882.2,75.85,86.7,0.0,0.3,6,240.521,-1.711,-496.744
1897.3,75.94,86.7,0.0,0.2,6,239.153,-1.725,-499.454
1897.3,76.07,86.7,0.0,0.2,6,237.094,-1.748,-503.523
1897.3,76.16,86.7,0.0,0.2,6,235.718,-1.764,-506.238
1897.3,76.27,86.7,0.0,0.2,6,233.648,-1.787,-510.315
1912.5,76.35,86.8,0.0,0.2,6,232.265,-1.803,-513.036
1912.5,76.47,86.8,0.0,0.2,6,230.185,-1.825,-517.122
1912.5,76.56,86.8,0.0,0.3,6,228.795,-1.842,-519.848
1912.5,76.68,86.8,0.0,0.3,6,226.704,-1.868,-523.942
1927.8,76.80,86.8,0.0,0.1,6,224.607,-1.892,-528.040
1927.8,76.87,86.8,0.0,-0.1,6,223.206,-1.906,-530.776
1927.8,76.98,86.8,0.0,-0.2,6,221.100,-1.927,-534.882
1927.8,77.06,86.9,0.0,-0.2,6,219.694,-1.942,-537.623
1943.2,77.18,86.9,0.0,-0.3,6,217.581,-1.968,-541.740
1943.2,77.26,86.9,0.0,-0.4,6,216.171,-1.989,-544.488
1943.2,77.37,86.9,0.0,-0.5,6,214.055,-2.025,-548.616
1943.2,77.45,86.9,0.0,-0.5,6,212.644,-2.052,-551.372
1958.6,77.56,86.9,0.0,-0.6,6,210.529,-2.095,-555.513
1958.6,77.64,86.9,0.0,-0.5,6,209.120,-2.125,-558.278
1958.6,77.74,86.9,0.0,-0.5,6,207.008,-2.171,-562.433
1958.6,77.82,87.0,0.0,-0.6,6,205.601,-2.205,-565.208
1974.2,77.92,87.0,0.0,-0.6,6,203.494,-2.255,-569.378
1974.2,78.00,87.0,0.0,-0.5,6,202.091,-2.289,-572.162
1974.2,78.10,87.0,0.0,-0.5,6,199.990,-2.341,-576.347
1989.8,78.22,87.0,0.0,-0.6,6,197.892,-2.394,-580.541
1989.8,78.29,87.0,0.0,-0.6,6,196.496,-2.430,-583.342
1989.8,78.39,87.0,0.0,-0.3,6,194.404,-2.485,-587.551
1989.8,78.46,87.0,0.0,-0.1,6,193.012,-2.519,-590.361
2005.4,78.40,0.0,0.0,-0.1,0,190.926,-2.573,-594.582
2005.4,78.41,86.1,0.0,-0.0,7,189.540,-2.611,-597.394
2005.4,78.50,86.1,0.0,0.0,7,187.460,-2.667,-601.616
2005.4,78.58,86.1,0.0,0.1,7,186.072,-2.704,-604.434
2021.1,78.69,86.1,0.0,0.5,7,183.986,-2.763,-608.666
2021.1,78.75,86.1,0.0,0.8,7,182.592,-2.798,-611.489
2021.1,78.86,86.1,0.0,1.2,7,180.496,-2.849,-615.726
2021.1,78.93,86.1,0.0,1.3,7,179.093,-2.885,-618.552
2036.9,79.02,86.2,0.0,1.3,7,176.979,-2.937,-622.792
2036.9,79.07,86.2,0.0,1.2,7,175.562,-2.968,-625.618
2036.9,79.17,86.2,0.0,1.3,7,173.424,-3.009,-629.857
2036.9,79.27,86.2,0.0,1.1,7,171.270,-3.048,-634.094
2052.7,79.33,86.2,0.0,0.9,7,169.826,-3.073,-636.918
2052.7,79.43,86.2,0.0,0.7,7,167.645,-3.107,-641.152
2052.7,79.49,86.2,0.0,0.6,7,166.181,-3.128,-643.973
2052.7,79.58,86.2,0.0,0.7,7,163.975,-3.156,-648.204
2068.6,79.65,86.2,0.0,0.7,7,162.496,-3.172,-651.024
2068.6,79.73,86.3,0.0,0.8,7,160.266,-3.191,-655.254
2068.6,79.80,86.3,0.0,0.9,7,158.773,-3.200,-658.074
2068.6,79.89,86.3,0.0,1.8,7,156.525,-3.211,-662.304
2084.5,79.95,86.3,0.0,1.9,7,155.019,-3.216,-665.123
2084.5,80.02,86.3,0.0,2.2,7,152.747,-3.219,-669.351
2084.5,80.09,86.3,0.0,2.1,7,151.222,-3.219,-672.166
2084.5,80.16,86.3,0.0,1.8,7,148.915,-3.214,-676.384
2100.5,80.22,86.4,0.0,1.8,7,147.364,-3.208,-679.191
2100.5,80.30,86.3,0.0,1.5,7,145.017,-3.197,-683.396
2100.5,80.38,86.4,0.0,0.6,7,142.648,-3.181,-687.594
2100.5,80.44,86.4,0.0,0.7,7,141.058,-3.169,-690.390
2116.5,80.51,86.4,0.0,0.7,7,138.659,-3.145,-694.580
2116.5,80.57,86.4,0.0,0.8,7,137.051,-3.126,-697.372
2116.5,80.65,86.4,0.0,0.5,7,134.629,-3.094,-701.558
2116.5,80.71,86.4,0.0,0.4,7,133.009,-3.070,-704.349
2132.6,80.78,86.4,0.0,0.5,7,130.569,-3.030,-708.534
2132.6,80.83,86.4,0.0,0.8,7,128.938,-3.001,-711.324
2132.6,80.90,86.4,0.0,1.3,7,126.482,-2.952,-715.508
2132.6,80.95,86.4,0.0,1.6,7,124.839,-2.915,-718.297
2148.7,81.02,86.5,0.0,1.8,7,122.360,-2.855,-722.476
2148.7,81.07,86.5,0.0,2.1,7,120.698,-2.812,-725.258
2148.7,81.05,35.1,12.9,2.0,7,118.186,-2.742,-729.425
2148.7,80.71,0.0,52.6,2.2,7,116.504,-2.691,-732.190
2164.9,79.62,0.0,81.3,1.8,7,113.985,-2.608,-736.292
2164.9,78.26,0.0,89.0,1.2,7,111.486,-2.519,-740.319
2164.9,77.32,0.0,91.0,0.7,7,109.834,-2.458,-742.957
2164.9,75.86,0.0,90.7,0.6,7,107.377,-2.365,-746.842
2180.4,74.93,0.0,92.5,0.6,7,105.754,-2.302,-749.385
2180.4,73.47,0.0,91.2,1.7,7,103.343,-2.209,-753.129
2180.4,72.55,29.7,92.8,2.1,0,101.751,-2.148,-755.579
2180.4,71.16,0.0,95.7,3.0,6,99.384,-2.061,-759.184
2195.0,70.20,0.0,95.4,2.4,6,97.821,-2.009,-761.542
2195.0,68.67,0.0,87.9,0.2,6,95.496,-1.933,-764.999
2195.0,67.75,0.0,88.9,-0.1,6,93.955,-1.880,-767.252
2195.0,66.37,0.0,90.5,0.7,6,91.656,-1.803,-770.556
2208.6,65.43,0.0,90.5,0.5,6,90.135,-1.753,-772.710
2208.6,64.03,0.0,89.8,1.5,0,87.870,-1.677,-775.867
2208.6,63.14,25.5,92.0,2.3,0,86.373,-1.627,-777.924
2208.6,61.75,0.0,90.9,2.0,5,84.147,-1.554,-780.941
2221.3,60.35,0.0,89.8,1.6,5,81.948,-1.485,-783.873
2221.3,59.45,0.0,89.9,1.9,5,80.497,-1.441,-785.782
2221.3,58.08,0.0,89.2,2.3,5,78.341,-1.378,-788.575
2221.3,57.20,0.0,87.5,2.8,5,76.918,-1.337,-790.390
2233.0,55.88,0.0,86.0,3.6,5,74.802,-1.279,-793.044
2233.0,55.03,0.0,88.1,4.0,0,73.402,-1.242,-794.767
2233.0,53.77,0.0,86.1,3.9,4,71.318,-1.189,-797.282
2233.0,52.92,0.0,76.9,3.5,4,69.938,-1.154,-798.911
2243.8,51.77,0.0,55.6,2.3,4,67.879,-1.103,-801.285
2243.8,51.16,0.0,36.2,1.4,4,66.509,-1.070,-802.823
2243.8,50.51,0.0,19.2,0.4,4,64.444,-1.020,-805.067
2243.8,50.20,0.0,14.0,2.5,4,63.054,-0.987,-806.525
2254.0,49.83,0.0,10.4,7.9,4,60.945,-0.937,-808.660
2254.0,49.61,0.0,9.2,11.6,4,59.522,-0.904,-810.049
2254.0,49.30,0.0,8.0,15.1,4,57.362,-0.854,-812.084
2263.7,49.01,0.0,7.9,16.9,4,55.174,-0.802,-814.061
2263.7,48.82,0.0,6.4,17.1,4,53.699,-0.769,-815.347
2263.7,48.54,0.0,5.7,17.3,4,51.462,-0.719,-817.224
2263.7,48.35,0.0,3.8,17.0,4,49.953,-0.686,-818.440
2273.4,48.10,0.0,3.0,16.6,4,47.663,-0.636,-820.209
2273.4,47.94,0.0,1.3,16.6,4,46.118,-0.603,-821.350
2273.4,47.72,1.3,0.0,17.5,4,43.774,-0.555,-823.006
2273.4,47.58,5.9,0.0,18.3,4,42.194,-0.523,-824.071
2282.9,47.41,9.4,0.0,19.1,4,39.797,-0.476,-825.612
2282.9,47.29,7.8,0.0,19.8,4,38.181,-0.444,-826.600
2282.9,47.13,10.8,0.0,20.6,4,35.732,-0.397,-828.023
2282.9,47.01,7.2,0.0,21.3,4,34.082,-0.365,-828.932
2292.6,46.85,9.2,0.0,21.9,4,31.587,-0.317,-830.235
2292.6,46.72,4.1,0.0,22.7,4,29.909,-0.285,-831.064
2292.6,46.54,9.7,0.0,22.7,4,27.373,-0.239,-832.246
2292.6,46.37,10.9,0.0,22.1,4,24.816,-0.191,-833.354
2302.3,46.26,11.9,0.0,21.6,4,23.099,-0.159,-834.049
2302.3,46.10,9.2,0.0,20.9,4,20.507,-0.110,-835.029
2302.3,45.99,8.6,0.0,21.3,4,18.770,-0.078,-835.640
2302.3,45.80,5.5,0.0,22.6,4,16.152,-0.031,-836.496
2311.9,45.68,7.6,0.0,23.5,4,14.401,-0.001,-837.026
2311.9,45.50,7.3,0.0,23.3,4,11.765,0.044,-837.757
2311.9,45.39,9.4,0.0,22.4,4,10.002,0.075,-838.200
2311.9,45.22,4.9,0.0,21.0,4,7.351,0.123,-838.801
2321.4,45.10,6.1,0.0,20.1,4,5.581,0.155,-839.159
2321.4,44.92,3.0,0.0,18.8,4,2.922,0.201,-839.634
2321.4,44.79,4.8,0.0,17.9,4,1.149,0.231,-839.909
2321.4,44.61,2.5,0.0,17.0,4,-1.510,0.276,-840.260
2330.8,44.49,3.3,0.0,17.6,4,-3.281,0.304,-840.453
2330.8,44.31,3.2,0.0,17.7,4,-5.935,0.346,-840.684
2330.8,44.13,4.4,0.0,15.8,4,-8.584,0.386,-840.843
2330.8,44.02,2.6,0.5,14.9,4,-10.345,0.412,-840.911
2340.2,43.87,21.1,0.0,15.1,4,-12.981,0.450,-840.957
2340.2,43.90,52.5,0.0,15.6,4,-14.736,0.474,-840.952
2340.2,44.10,62.1,2.6,15.8,4,-17.375,0.508,-840.893
2340.2,44.05,7.7,26.9,16.3,4,-19.137,0.529,-840.820
2349.6,43.55,0.0,22.3,16.8,0,-21.762,0.558,-840.662
2349.6,43.30,49.0,3.7,15.8,0,-23.494,0.576,-840.525
2349.6,43.23,59.4,0.0,13.9,3,-26.075,0.601,-840.270
2349.6,43.45,85.5,0.0,13.9,3,-27.795,0.615,-840.067
2358.6,43.83,82.8,0.0,15.2,3,-30.389,0.634,-839.710
2358.6,44.07,82.5,0.0,16.2,3,-32.125,0.646,-839.438
2358.6,44.45,85.3,0.0,17.9,3,-34.739,0.663,-838.976
2358.6,44.69,85.9,0.0,19.0,3,-36.488,0.674,-838.631
2368.0,45.06,84.8,0.0,19.5,3,-39.118,0.691,-838.057
2368.0,45.39,79.8,0.0,19.4,3,-41.754,0.707,-837.415
2368.0,45.59,72.8,0.0,19.3,3,-43.512,0.718,-836.949
2368.0,45.84,69.7,0.0,19.4,3,-46.147,0.731,-836.190
2377.7,46.01,73.0,0.0,20.1,3,-47.902,0.739,-835.646
2377.7,46.28,77.4,0.0,20.7,3,-50.527,0.749,-834.770
2377.7,46.47,77.4,0.0,20.8,3,-52.273,0.756,-834.145
2377.7,46.74,79.2,0.0,21.4,3,-54.884,0.766,-833.145
2387.4,46.93,80.9,0.0,21.9,3,-56.619,0.772,-832.439
2387.4,47.24,85.0,0.0,22.3,3,-59.213,0.778,-831.320
2387.4,47.45,86.6,0.0,22.4,3,-60.936,0.780,-830.536
2387.4,47.77,86.9,0.0,22.2,3,-63.509,0.781,-829.297
2397.2,47.98,87.1,0.0,22.2,3,-65.217,0.780,-828.431
2397.2,48.29,86.9,0.0,22.9,3,-67.763,0.779,-827.070
2397.2,48.47,81.6,0.0,23.4,3,-69.449,0.776,-826.121
2397.2,48.72,77.5,0.0,24.4,3,-71.959,0.770,-824.639
2407.0,48.72,0.0,0.0,26.0,0,-74.439,0.762,-823.086
2407.0,48.73,73.4,0.0,26.9,4,-76.066,0.757,-822.015
2407.0,48.96,80.2,0.0,27.7,4,-78.477,0.747,-820.350
2407.0,49.11,77.8,0.0,28.5,4,-80.067,0.738,-819.202
2416.7,49.28,56.1,0.0,29.2,4,-82.423,0.725,-817.423
2416.7,49.32,48.8,0.0,30.4,4,-83.970,0.715,-816.202
2416.7,49.44,71.9,0.0,33.0,4,-86.255,0.698,-814.318
2416.7,49.56,70.7,0.0,34.1,4,-87.757,0.686,-813.027
2426.4,49.70,56.6,0.0,34.9,4,-89.975,0.666,-811.040
2426.4,49.75,51.4,0.0,35.6,4,-91.429,0.650,-809.683
2426.4,49.81,52.2,0.0,36.4,4,-93.571,0.626,-807.601
2426.4,49.78,21.0,0.0,36.1,4,-94.970,0.608,-806.183
2436.1,49.62,13.4,0.0,35.1,4,-97.017,0.583,-804.014
2436.1,49.50,13.4,0.0,34.3,4,-98.346,0.566,-802.543
2436.1,49.37,40.9,0.0,31.9,4,-100.286,0.538,-800.300
2445.5,49.50,71.9,0.0,28.8,4,-102.167,0.509,-798.009
2445.5,49.65,82.1,0.0,27.5,4,-103.392,0.488,-796.449
2445.5,49.92,85.4,0.0,26.4,4,-105.187,0.456,-794.063
2445.5,50.11,85.3,0.0,25.5,4,-106.357,0.432,-792.441
2455.1,50.38,85.4,0.0,24.1,4,-108.069,0.394,-789.960
2455.1,50.55,85.7,0.0,23.9,4,-109.183,0.367,-788.277
2455.1,50.75,72.7,0.0,20.8,4,-110.818,0.319,-785.716
2455.1,50.91,74.4,0.0,15.9,4,-111.880,0.283,-783.982
2465.1,51.14,85.8,0.0,7.5,4,-113.423,0.227,-781.340
2465.1,51.32,85.8,0.0,2.9,4,-114.421,0.189,-779.551
2465.1,51.57,81.4,0.0,-4.0,4,-115.875,0.129,-776.831
2465.1,51.77,84.3,0.0,-8.8,4,-116.816,0.089,-774.991
2475.3,52.05,83.9,0.0,-11.6,4,-118.193,0.021,-772.199
2475.3,52.30,78.0,0.0,-14.3,4,-119.094,-0.033,-770.319
2475.3,52.61,85.2,0.0,-13.0,4,-120.418,-0.116,-767.467
2475.3,52.81,85.9,0.0,-8.0,4,-121.292,-0.172,-765.549
2486.0,53.15,86.0,0.0,-1.5,4,-122.616,-0.256,-762.662
2486.0,53.48,86.0,0.0,-0.0,4,-123.968,-0.344,-759.764
2486.0,53.74,86.0,0.0,-0.4,4,-124.884,-0.409,-757.828
2486.0,54.04,86.1,0.0,-2.9,4,-126.287,-0.509,-754.917
2496.9,54.27,86.1,0.0,-3.7,4,-127.240,-0.576,-752.974
2496.9,54.60,86.2,0.0,-4.4,4,-128.696,-0.676,-750.053
2496.9,54.82,86.2,0.0,-4.5,4,-129.683,-0.743,-748.102
2496.9,55.14,86.3,0.0,-4.8,4,-131.189,-0.846,-745.170
2508.0,55.32,86.3,0.0,-4.1,4,-132.211,-0.914,-743.212
2508.0,55.64,86.4,0.0,-3.2,4,-133.773,-1.012,-740.274
2508.0,55.85,86.4,0.0,-2.9,4,-134.833,-1.078,-738.313
2508.0,56.14,86.6,0.0,-3.6,4,-136.446,-1.186,-735.367
2519.6,56.38,86.4,0.0,-3.8,4,-137.538,-1.264,-733.400
2519.6,56.70,86.5,0.0,-3.6,4,-139.203,-1.384,-730.448
2519.6,56.99,86.6,0.0,-3.5,4,-140.899,-1.510,-727.492
2519.6,57.20,86.6,0.0,-3.3,4,-142.046,-1.598,-725.519
2531.1,57.52,86.7,0.0,-3.8,4,-143.791,-1.738,-722.556
2531.1,57.72,86.7,0.0,-3.8,4,-144.972,-1.834,-720.580
2531.1,58.02,86.8,0.0,-2.4,4,-146.770,-1.980,-717.614
2531.1,58.22,86.8,0.0,-2.0,4,-147.988,-2.077,-715.636
2542.7,58.52,86.9,0.0,-2.1,4,-149.838,-2.223,-712.667
2542.7,58.71,86.9,0.0,-2.9,4,-151.087,-2.322,-710.686
2542.7,59.01,86.9,0.0,-3.0,4,-152.983,-2.470,-707.711
2542.7,59.20,87.0,0.0,-2.5,4,-154.263,-2.566,-705.726
2554.6,59.48,87.0,0.0,-2.1,0,-156.206,-2.705,-702.746
2554.6,59.45,0.0,0.0,-1.7,0,-157.514,-2.795,-700.761
2554.6,59.64,85.3,0.0,-1.5,5,-159.490,-2.928,-697.790
2554.6,59.82,85.4,0.0,-1.8,5,-160.820,-3.016,-695.808
2566.6,60.08,85.4,0.0,-2.0,5,-162.834,-3.144,-692.830
2566.6,60.34,85.5,0.0,-2.1,5,-164.868,-3.266,-689.848
2566.6,60.51,85.5,0.0,-1.8,5,-166.237,-3.342,-687.858
2566.6,60.77,85.6,0.0,-1.5,5,-168.308,-3.447,-684.869
2578.8,60.94,85.6,0.0,-1.4,5,-169.701,-3.512,-682.875
2578.8,61.19,85.6,0.0,-1.4,5,-171.808,-3.601,-679.879
2578.8,61.35,85.7,0.0,-1.4,5,-173.224,-3.654,-677.880
2578.8,61.60,85.7,0.0,-1.2,5,-175.364,-3.722,-674.877
2591.2,61.76,85.8,0.0,-1.1,5,-176.802,-3.760,-672.873
2591.2,62.01,85.8,0.0,-1.1,5,-178.974,-3.806,-669.862
2591.2,62.17,85.8,0.0,-1.2,5,-180.432,-3.832,-667.852
2591.2,62.42,85.9,0.0,-1.2,5,-182.634,-3.864,-664.833
2603.6,62.58,85.9,0.0,-1.1,5,-184.111,-3.883,-662.816
2603.6,62.81,85.9,0.0,-1.0,5,-186.340,-3.908,-659.787
2603.6,62.97,86.0,0.0,-0.9,5,-187.835,-3.925,-657.764
2603.6,63.21,86.0,0.0,-0.9,5,-190.092,-3.946,-654.725
2616.2,63.44,86.1,0.0,-1.0,5,-192.364,-3.964,-651.681
2616.2,63.59,86.1,0.0,-1.0,5,-193.887,-3.975,-649.648
2616.2,63.82,86.1,0.0,-0.9,5,-196.185,-3.987,-646.594
2616.2,63.96,86.2,0.0,-0.9,5,-197.725,-3.993,-644.555
2628.9,64.19,86.2,0.0,-0.8,5,-200.048,-3.999,-641.492
2628.9,64.34,86.2,0.0,-0.7,5,-201.605,-4.000,-639.447
2628.9,64.55,86.2,0.0,-0.7,5,-203.952,-3.999,-636.375
2628.9,64.70,86.2,0.0,-0.7,5,-205.525,-3.995,-634.324
2641.7,64.91,86.3,0.0,-0.9,5,-207.897,-3.982,-631.244
2641.7,65.05,86.3,0.0,-1.0,5,-209.487,-3.970,-629.188
2641.7,65.27,86.4,0.0,-1.3,5,-211.883,-3.949,-626.099
2641.7,65.41,86.4,0.0,-1.4,5,-213.489,-3.935,-624.038
2654.7,65.90,86.4,0.0,-2.0,5,-219.171,-3.884,-616.814
2654.7,66.03,86.5,0.0,-2.2,5,-220.813,-3.870,-614.749
2667.8,66.24,86.5,0.0,-1.4,5,-223.295,-3.853,-611.653
2667.8,66.37,86.5,0.0,-1.4,5,-224.961,-3.845,-609.590
2667.8,66.58,86.5,0.0,-1.4,5,-227.479,-3.838,-606.497
2667.8,66.78,86.5,0.0,-1.3,5,-230.017,-3.837,-603.404
2681.1,66.91,86.6,0.0,-1.3,5,-231.720,-3.839,-601.344
2681.1,67.09,62.5,12.6,-1.1,5,-234.292,-3.847,-598.253
2681.1,66.89,5.6,37.2,-1.2,5,-236.013,-3.855,-596.198
2681.1,66.05,0.0,72.4,-1.1,5,-238.585,-3.872,-593.144
2694.5,65.29,0.0,81.6,-1.0,5,-240.283,-3.887,-591.137
2694.5,64.02,0.0,87.7,-0.1,5,-242.798,-3.914,-588.179
2694.5,63.13,0.0,88.8,0.2,5,-244.450,-3.935,-586.244
2694.5,61.79,0.0,90.3,0.3,5,-246.892,-3.969,-583.397
2707.3,60.88,0.0,90.0,0.2,5,-248.494,-3.994,-581.537
2707.3,59.53,0.0,90.0,0.1,5,-250.858,-4.033,-578.802
2707.3,58.65,0.0,90.5,-0.0,5,-252.408,-4.060,-577.016
2707.3,57.31,0.0,90.5,0.3,5,-254.694,-4.100,-574.391
2719.1,56.40,0.0,89.9,0.3,5,-256.191,-4.126,-572.677
2719.1,55.07,0.0,90.1,0.3,5,-258.397,-4.166,-570.160
2719.1,53.78,38.3,91.7,-0.3,0,-260.555,-4.205,-567.707
2719.1,52.89,0.0,91.3,-0.4,4,-261.968,-4.231,-566.106
2730.1,51.56,0.0,90.9,-1.0,4,-264.046,-4.272,-563.758
2730.1,50.68,0.0,90.8,-1.4,4,-265.406,-4.299,-562.229
2730.1,49.40,0.0,92.2,-2.4,4,-267.406,-4.341,-559.988
2730.1,48.48,0.0,90.4,-2.6,4,-268.715,-4.368,-558.530
2740.1,47.16,0.0,89.4,-2.7,4,-270.639,-4.407,-556.400
2740.1,46.30,0.0,89.4,-2.8,4,-271.899,-4.431,-555.017
2740.1,45.02,42.2,89.5,-2.5,0,-273.756,-4.465,-552.999
2740.1,44.20,0.0,90.0,-2.2,3,-274.973,-4.488,-551.692
2749.3,42.91,0.0,89.0,-2.0,3,-276.766,-4.520,-549.787
2749.3,42.10,0.0,88.6,-1.9,3,-277.940,-4.542,-548.555
2749.3,40.85,0.0,87.2,-0.0,3,-279.670,-4.573,-546.763
2749.3,40.02,0.0,85.7,0.8,3,-280.803,-4.593,-545.607
2757.6,38.87,43.8,83.9,2.0,0,-282.475,-4.622,-543.930
2757.6,37.75,0.0,76.5,0.4,2,-284.120,-4.648,-542.322
2757.6,37.01,0.0,70.2,-0.9,2,-285.202,-4.665,-541.288
2765.1,35.97,0.0,63.5,-1.4,2,-286.803,-4.691,-539.792
2765.1,35.34,0.0,61.4,-1.1,2,-287.860,-4.707,-538.832
2765.1,34.43,0.0,59.2,-1.8,2,-289.431,-4.731,-537.447
2765.1,33.82,0.0,59.7,-2.5,2,-290.469,-4.747,-536.559
2772.0,32.91,0.0,60.9,-3.4,2,-292.013,-4.770,-535.282
2772.0,32.30,0.0,61.0,-3.9,2,-293.032,-4.784,-534.467
2772.0,31.38,0.0,57.3,-4.2,2,-294.544,-4.805,-533.297
2772.0,30.79,0.0,51.2,-4.2,2,-295.542,-4.818,-532.553
2778.1,29.99,0.0,43.7,-4.1,2,-297.023,-4.836,-531.488
2778.1,29.51,0.0,40.6,-1.6,2,-298.004,-4.847,-530.813
2778.1,28.84,0.0,37.4,-9.8,2,-299.466,-4.863,-529.849
2778.1,28.44,0.0,36.2,-13.7,2,-300.437,-4.872,-529.240
2783.7,27.84,0.0,35.8,-18.5,0,-301.887,-4.885,-528.372
2783.7,27.30,0.0,33.4,-21.3,1,-303.328,-4.896,-527.556
2783.7,26.91,0.0,31.2,-22.5,1,-304.282,-4.903,-527.041
2783.7,26.37,0.0,29.3,-23.0,1,-305.706,-4.912,-526.313
2788.8,26.02,0.0,29.0,-17.9,1,-306.650,-4.918,-525.856
2788.8,25.53,0.0,22.9,-13.1,1,-308.056,-4.926,-525.212
2788.8,25.24,0.0,21.3,-15.3,1,-308.988,-4.930,-524.805
2788.8,24.84,0.0,19.5,-25.6,1,-310.377,-4.935,-524.231
2793.8,24.58,0.0,16.0,-31.5,1,-311.299,-4.937,-523.873
2793.8,24.25,0.0,11.5,-36.4,1,-312.678,-4.939,-523.378
2793.8,24.05,0.0,10.9,-37.7,1,-313.596,-4.940,-523.078
2793.8,23.75,0.0,9.1,-34.7,1,-314.972,-4.938,-522.672
2800.3,23.57,0.0,6.8,-32.8,1,-315.888,-4.937,-522.432
2800.3,23.33,0.0,7.0,-31.9,1,-317.259,-4.932,-522.117
2800.3,23.15,0.0,6.5,-34.4,1,-318.171,-4.928,-521.936
2800.3,22.93,10.9,0.0,-42.7,1,-319.535,-4.916,-521.714
2806.1,23.01,41.8,0.0,-41.3,1,-320.901,-4.904,-521.546
2806.1,23.18,52.6,0.0,-37.6,1,-321.820,-4.900,-521.457
2806.1,23.54,48.4,0.0,-27.1,1,-323.217,-4.898,-521.360
2806.1,23.68,38.6,0.0,-20.3,1,-324.159,-4.893,-521.326
2811.8,23.72,6.6,7.8,-17.0,1,-325.582,-4.889,-521.313
2811.8,23.62,0.0,13.7,-18.0,1,-326.530,-4.893,-521.325
2811.8,23.26,0.0,5.7,-23.2,1,-327.936,-4.896,-521.391
2811.8,23.12,0.0,1.9,-26.4,1,-328.860,-4.892,-521.468
2817.0,22.97,1.1,0.0,-32.8,1,-330.234,-4.885,-521.623
2817.0,22.88,3.9,0.0,-37.0,1,-331.142,-4.879,-521.751
2817.0,22.80,19.6,0.0,-43.6,1,-332.492,-4.871,-521.979
2817.0,22.85,34.7,0.0,-46.3,1,-333.388,-4.866,-522.157
2821.9,23.07,48.0,0.0,-46.7,1,-334.729,-4.858,-522.467
2821.9,23.28,53.1,0.0,-46.5,1,-335.624,-4.851,-522.704
2821.9,23.64,66.6,0.0,-47.2,1,-336.972,-4.839,-523.104
2821.9,24.07,54.3,0.0,-46.5,1,-338.328,-4.825,-523.560
2826.6,24.26,55.3,0.0,-44.2,1,-339.233,-4.814,-523.896
2826.6,24.51,45.3,0.0,-38.1,1,-340.587,-4.797,-524.451
2826.6,24.69,43.0,0.0,-33.7,1,-341.484,-4.785,-524.854
2826.6,24.96,54.9,0.0,-31.4,1,-342.821,-4.765,-525.509
2831.5,25.17,49.1,0.0,-29.1,1,-343.707,-4.751,-525.977
2831.5,25.50,56.5,0.0,-23.7,1,-345.027,-4.730,-526.728
2831.5,25.74,57.2,0.0,-18.9,1,-345.902,-4.717,-527.260
2831.5,26.17,62.3,0.0,-8.2,1,-347.210,-4.695,-528.103
2836.6,26.51,72.3,0.0,-0.3,1,-348.082,-4.681,-528.693
2836.6,27.13,81.3,0.0,8.0,1,-349.399,-4.660,-529.613
2836.6,27.57,79.7,0.0,8.9,1,-350.290,-4.646,-530.248
2836.6,28.13,61.8,0.0,15.5,1,-351.647,-4.623,-531.222
2841.9,28.47,46.2,0.0,17.7,1,-353.034,-4.601,-532.201
2841.9,28.63,40.8,0.0,15.8,1,-353.976,-4.586,-532.846
2841.9,28.81,33.1,0.0,13.6,1,-355.411,-4.565,-533.800
2841.9,28.91,32.6,0.0,14.2,1,-356.382,-4.552,-534.424
2847.6,29.07,36.5,0.0,17.6,1,-357.858,-4.533,-535.342
2847.6,29.19,34.4,0.0,19.7,1,-358.857,-4.521,-535.942
2847.6,29.28,24.5,0.0,22.7,1,-360.377,-4.504,-536.818
2847.6,29.30,23.0,0.0,24.6,1,-361.403,-4.494,-537.382
2853.5,29.35,23.8,0.0,25.5,1,-362.963,-4.480,-538.197
2853.5,29.35,15.7,0.0,25.4,1,-364.015,-4.471,-538.717
2853.5,29.31,16.7,0.0,25.0,1,-365.611,-4.460,-539.459
2853.5,29.30,24.2,0.0,30.2,1,-366.685,-4.454,-539.928
2860.0,29.28,18.8,0.0,38.2,1,-368.313,-4.445,-540.589
2860.0,29.27,22.3,0.0,41.8,1,-369.410,-4.441,-540.999
2860.0,29.23,19.9,0.0,45.1,1,-371.070,-4.436,-541.568
2860.0,29.24,34.2,0.0,47.5,1,-372.187,-4.433,-541.914
2866.6,29.44,48.7,0.0,50.1,1,-373.879,-4.435,-542.390
2866.6,29.60,44.8,0.0,51.3,1,-375.599,-4.438,-542.810
2866.6,29.68,44.8,0.0,49.0,1,-376.759,-4.436,-543.051
2873.3,29.84,37.9,0.0,46.4,1,-378.518,-4.436,-543.362
2873.3,29.97,45.2,0.0,46.0,1,-379.700,-4.439,-543.540
2873.3,30.04,32.4,0.0,43.6,1,-381.490,-4.436,-543.741
2873.3,30.04,35.7,0.0,41.8,1,-382.687,-4.436,-543.840
2881.0,30.08,20.2,0.0,39.8,1,-384.489,-4.445,-543.944
2881.0,29.99,16.1,0.0,27.0,1,-385.690,-4.449,-543.973
2881.0,29.85,15.8,0.0,8.4,1,-387.485,-4.452,-543.951
2881.0,29.77,16.4,0.0,-3.0,1,-388.676,-4.454,-543.896
2887.8,29.67,16.4,0.0,1.1,1,-390.454,-4.456,-543.756
2887.8,29.58,21.8,0.0,8.1,1,-392.219,-4.460,-543.547
2887.8,29.59,37.1,0.0,13.7,1,-393.389,-4.462,-543.369
2887.8,29.78,49.7,0.0,22.5,1,-395.138,-4.464,-543.043
2894.9,29.98,61.2,0.0,28.5,1,-396.304,-4.466,-542.786
2894.9,30.38,66.9,0.0,36.1,1,-398.060,-4.468,-542.345
2894.9,30.64,64.8,0.0,39.2,1,-399.234,-4.469,-542.016
2894.9,30.99,59.4,0.0,37.0,1,-401.000,-4.473,-541.469
2901.1,31.21,60.6,0.0,33.8,1,-402.178,-4.477,-541.070
2901.1,31.52,56.0,0.0,27.5,1,-403.943,-4.486,-540.419
2901.1,31.70,49.6,0.0,23.3,1,-405.117,-4.494,-539.951
2901.1,31.94,50.7,0.0,15.7,1,-406.870,-4.507,-539.195
2907.2,32.09,49.4,0.0,11.7,1,-408.031,-4.517,-538.656
2907.2,32.33,50.5,0.0,7.2,1,-409.761,-4.535,-537.798
2907.2,32.50,55.3,0.0,4.7,1,-410.908,-4.548,-537.192
2907.2,32.59,0.0,0.0,3.3,0,-412.613,-4.569,-536.237
2913.5,32.85,74.5,0.0,5.1,2,-414.294,-4.594,-535.231
2913.5,33.17,82.2,0.0,9.2,2,-415.412,-4.610,-534.529
2913.5,33.70,81.9,0.0,15.8,2,-417.088,-4.637,-533.429
2913.5,34.03,82.0,0.0,19.9,2,-418.205,-4.655,-532.664
2919.9,34.54,82.8,0.0,21.6,2,-419.878,-4.683,-531.469
2919.9,34.86,81.7,0.0,22.2,2,-420.990,-4.702,-530.640
2919.9,35.34,82.0,0.0,20.2,2,-422.652,-4.731,-529.349
2919.9,35.66,83.1,0.0,17.9,2,-423.753,-4.750,-528.454
2926.7,36.14,83.9,0.0,13.9,2,-425.395,-4.777,-527.061
2926.7,36.48,85.4,0.0,11.0,2,-426.482,-4.794,-526.098
2926.7,36.99,86.0,0.0,8.0,2,-428.101,-4.819,-524.604
2926.7,37.31,86.2,0.0,6.1,2,-429.171,-4.835,-523.575
2934.0,37.84,86.2,0.0,5.4,2,-430.768,-4.857,-521.984
2934.0,38.20,86.2,0.0,6.1,2,-431.826,-4.872,-520.892
2934.0,38.72,86.3,0.0,8.3,2,-433.405,-4.892,-519.211
2934.0,39.22,86.5,0.0,9.2,2,-434.976,-4.912,-517.481
2941.5,39.55,86.6,0.0,10.1,2,-436.020,-4.925,-516.302
2941.5,40.05,86.6,0.0,11.9,2,-437.581,-4.945,-514.496
2941.5,40.37,86.5,0.0,12.8,2,-438.616,-4.957,-513.266
2941.5,40.81,78.9,0.0,13.7,2,-440.156,-4.975,-511.381
2949.4,41.05,72.3,0.0,13.8,2,-441.171,-4.987,-510.097
2949.4,41.41,79.6,0.0,13.6,2,-442.673,-5.004,-508.132
2949.4,41.55,0.0,0.0,13.5,0,-443.657,-5.014,-506.796
2949.4,41.66,85.3,0.0,12.7,3,-445.097,-5.028,-504.761
2957.5,41.93,85.4,0.0,12.9,3,-446.038,-5.036,-503.380
2957.5,42.34,85.6,0.0,13.7,3,-447.424,-5.046,-501.266
2957.5,42.60,85.6,0.0,14.2,3,-448.330,-5.052,-499.830
2957.5,43.01,85.7,0.0,15.0,3,-449.661,-5.059,-497.634
2965.7,43.45,85.7,0.0,14.7,3,-450.957,-5.064,-495.388
2965.7,43.71,85.8,0.0,15.1,3,-451.799,-5.065,-493.862
2965.7,44.09,86.0,0.0,16.2,3,-453.029,-5.068,-491.534
2965.7,44.35,86.1,0.0,15.9,3,-453.827,-5.071,-489.957
2974.3,44.74,86.1,0.0,13.9,3,-454.989,-5.077,-487.552
2974.3,44.99,86.2,0.0,13.6,3,-455.740,-5.082,-485.923
2974.3,45.35,86.4,0.0,13.4,3,-456.827,-5.091,-483.441
2974.3,45.60,86.4,0.0,13.0,3,-457.526,-5.100,-481.762
2983.0,45.98,86.4,0.0,13.0,3,-458.534,-5.115,-479.207
2983.0,46.22,86.5,0.0,13.4,3,-459.178,-5.128,-477.479
2983.0,46.58,86.6,0.0,14.3,3,-460.102,-5.150,-474.854
2983.0,46.82,86.7,0.0,14.4,3,-460.689,-5.167,-473.081
2992.0,47.18,86.7,0.0,14.3,3,-461.524,-5.195,-470.389
2992.0,47.40,86.8,0.0,14.6,3,-462.049,-5.215,-468.572
2992.0,47.75,86.9,0.0,14.8,3,-462.790,-5.248,-465.817
3001.2,48.09,86.9,0.0,15.1,3,-463.473,-5.283,-463.024
3001.2,48.32,86.9,0.0,15.3,3,-463.894,-5.309,-461.144
3001.2,48.53,0.0,0.0,15.5,0,-464.475,-5.349,-458.295
3001.2,48.47,76.9,0.0,15.3,4,-464.823,-5.376,-456.387
3010.7,48.74,85.0,0.0,15.0,4,-465.286,-5.417,-453.509
3010.7,48.94,85.0,0.0,15.3,4,-465.558,-5.445,-451.576
3010.7,49.25,85.1,0.0,16.7,4,-465.910,-5.485,-448.652
3010.7,49.44,85.1,0.0,18.0,4,-466.109,-5.511,-446.689
3020.4,49.75,85.2,0.0,17.6,4,-466.353,-5.551,-443.724
3020.4,49.96,85.2,0.0,16.6,4,-466.481,-5.578,-441.735
3020.4,50.26,85.3,0.0,15.1,4,-466.620,-5.619,-438.732
3020.4,50.47,85.3,0.0,14.1,4,-466.677,-5.646,-436.719
3030.4,50.77,85.1,0.0,13.1,4,-466.711,-5.686,-433.683
3030.4,50.97,81.6,0.0,12.2,4,-466.698,-5.713,-431.649
3030.4,51.23,76.9,0.0,11.9,4,-466.624,-5.750,-428.585
3030.4,51.47,76.9,0.0,14.5,4,-466.484,-5.786,-425.507
3040.9,51.65,80.0,0.0,15.2,4,-466.353,-5.808,-423.449
3040.9,51.91,84.7,0.0,14.8,4,-466.098,-5.838,-420.353
3040.9,52.11,85.6,0.0,15.1,4,-465.889,-5.857,-418.283
3040.9,52.40,85.9,0.0,15.1,4,-465.516,-5.881,-415.171
3052.1,52.57,86.0,0.0,15.2,4,-465.226,-5.896,-413.092
3052.1,52.83,86.1,0.0,14.0,4,-464.731,-5.915,-409.970
3052.1,53.00,86.1,0.0,12.7,4,-464.359,-5.927,-407.886
3052.1,53.24,86.5,0.0,11.0,4,-463.747,-5.949,-404.759
3063.4,53.35,66.9,0.0,9.3,4,-463.307,-5.973,-402.674
3063.4,53.52,67.4,0.0,7.7,4,-462.592,-6.014,-399.548
3063.4,53.60,76.1,0.0,7.0,4,-462.068,-6.039,-397.471
3063.4,53.80,85.7,0.0,7.9,4,-461.209,-6.071,-394.367
3074.8,54.02,86.3,0.0,10.4,4,-460.260,-6.096,-391.276
3074.8,54.18,86.3,0.0,12.5,4,-459.579,-6.110,-389.222
3074.8,54.43,86.3,0.0,15.8,4,-458.491,-6.130,-386.152
3074.8,54.62,86.3,0.0,17.9,4,-457.722,-6.143,-384.111
3085.6,54.88,86.3,0.0,19.4,4,-456.507,-6.163,-381.060
3085.6,55.04,86.3,0.0,19.2,4,-455.656,-6.174,-379.034
3085.6,55.31,86.3,0.0,17.4,4,-454.318,-6.188,-376.006
3085.6,55.48,86.4,0.0,15.8,4,-453.386,-6.195,-373.996
3096.5,55.73,86.5,0.0,12.6,4,-451.931,-6.204,-370.994
3096.5,55.92,86.5,0.0,9.4,4,-450.925,-6.212,-369.001
3096.5,56.20,86.5,0.0,5.7,4,-449.361,-6.225,-366.024
3096.5,56.38,86.5,0.0,4.3,4,-448.284,-6.234,-364.048
3107.6,56.67,86.5,0.0,4.7,4,-446.619,-6.246,-361.094
3107.6,56.85,86.6,0.0,5.9,4,-445.479,-6.255,-359.131
3107.6,57.15,86.6,0.0,7.3,4,-443.729,-6.268,-356.193
3107.6,57.33,86.7,0.0,7.5,4,-442.538,-6.276,-354.238
3118.8,57.61,86.7,0.0,6.9,4,-440.714,-6.286,-351.313
3118.8,57.89,86.8,0.0,7.0,4,-438.846,-6.297,-348.395
3118.8,58.06,86.8,0.0,6.6,4,-437.576,-6.304,-346.456
3118.8,58.33,86.8,0.0,6.4,4,-435.633,-6.315,-343.555
3130.3,58.51,86.8,0.0,6.2,4,-434.312,-6.321,-341.628
3130.3,58.77,86.9,0.0,5.2,4,-432.292,-6.329,-338.747
3130.3,58.96,86.9,0.0,4.8,4,-430.921,-6.332,-336.834
3130.3,59.21,87.0,0.0,3.2,4,-428.828,-6.334,-333.973
3142.1,59.39,87.0,0.0,2.6,4,-427.411,-6.332,-332.071
3142.1,59.43,0.0,0.0,1.8,0,-425.258,-6.326,-329.228
3142.1,59.53,85.3,0.0,1.3,5,-423.810,-6.319,-327.341
3142.1,59.77,85.3,0.0,0.8,5,-421.618,-6.308,-324.513
3154.0,59.93,85.4,0.0,0.4,5,-420.144,-6.300,-322.626
3154.0,60.17,85.5,0.0,-0.2,5,-417.919,-6.286,-319.793
3154.0,60.33,85.5,0.0,-0.6,5,-416.427,-6.276,-317.901
3154.0,60.57,85.5,0.0,-0.9,5,-414.180,-6.262,-315.054
3166.1,60.82,85.5,0.0,-1.1,5,-411.925,-6.247,-312.195
3166.1,60.98,85.6,0.0,-1.2,5,-410.419,-6.235,-310.281
3166.1,61.21,85.6,0.0,-1.2,5,-408.157,-6.218,-307.397
3166.1,61.37,85.7,0.0,-1.1,5,-406.648,-6.207,-305.465
3178.4,61.60,85.7,0.0,-0.9,5,-404.384,-6.188,-302.553
3178.4,61.76,85.7,0.0,-0.9,5,-402.875,-6.175,-300.602
3178.4,61.99,85.8,0.0,-0.8,5,-400.611,-6.156,-297.660
3178.4,62.15,85.8,0.0,-0.7,5,-399.101,-6.142,-295.689
3190.7,62.38,85.9,0.0,-0.6,5,-396.836,-6.122,-292.719
3190.7,62.53,85.9,0.0,-0.6,5,-395.326,-6.109,-290.730
3190.7,62.77,85.9,0.0,-0.7,5,-393.058,-6.088,-287.733
3190.7,62.92,85.9,0.0,-0.8,5,-391.545,-6.074,-285.726
3203.2,63.14,86.0,0.0,-0.6,5,-389.273,-6.055,-282.703
3203.2,63.30,86.0,0.0,-0.6,5,-387.757,-6.043,-280.679
3203.2,63.52,86.0,0.0,-0.4,5,-385.481,-6.022,-277.632
3215.9,63.73,86.1,0.0,-0.6,5,-383.201,-5.998,-274.570
3215.9,63.88,86.1,0.0,-0.5,5,-381.679,-5.980,-272.522
3215.9,64.11,86.1,0.0,-0.3,5,-379.392,-5.952,-269.438
3215.9,64.26,86.2,0.0,-0.1,5,-377.865,-5.934,-267.375
3228.7,64.47,86.2,0.0,-0.1,5,-375.570,-5.908,-264.270
3228.7,64.61,86.2,0.0,-0.0,5,-374.038,-5.890,-262.193
3228.7,64.82,86.3,0.0,0.0,5,-371.734,-5.862,-259.068
3228.7,64.96,86.3,0.0,0.1,5,-370.195,-5.841,-256.978
3241.7,65.16,86.3,0.0,0.1,5,-367.882,-5.807,-253.834
3241.7,65.31,86.4,0.0,0.2,5,-366.336,-5.785,-251.733
3241.7,65.51,86.4,0.0,0.4,5,-364.009,-5.749,-248.572
3241.7,65.65,86.4,0.0,0.6,5,-362.454,-5.724,-246.460
3254.8,65.86,86.4,0.0,0.5,5,-360.112,-5.685,-243.286
3254.8,65.99,86.4,0.0,0.4,5,-358.545,-5.658,-241.165
3254.8,66.19,86.5,0.0,0.3,5,-356.186,-5.616,-237.978
3254.8,66.40,86.5,0.0,0.3,5,-353.815,-5.574,-234.785
3268.0,66.53,86.5,0.0,0.2,5,-352.229,-5.546,-232.652
3268.0,66.73,86.6,0.0,0.2,5,-349.840,-5.505,-229.447
3268.0,66.86,86.6,0.0,0.2,5,-348.241,-5.480,-227.307
3268.0,67.06,86.6,0.0,0.1,5,-345.836,-5.446,-224.090
3281.4,67.18,86.6,0.0,0.1,5,-344.227,-5.420,-221.941
3281.4,67.38,86.7,0.0,0.1,5,-341.806,-5.379,-218.711
3281.4,67.50,86.7,0.0,0.1,5,-340.187,-5.351,-216.554
3281.4,67.69,86.7,0.0,0.0,5,-337.752,-5.306,-213.312
3294.9,67.82,86.7,0.0,-0.0,5,-336.124,-5.275,-211.145
3294.9,68.00,86.7,0.0,-0.1,5,-333.676,-5.228,-207.889
3294.9,68.13,86.8,0.0,-0.1,5,-332.040,-5.197,-205.713
3294.9,68.31,86.8,0.0,-0.2,5,-329.580,-5.150,-202.442
3308.5,68.48,86.8,0.0,-0.2,5,-327.114,-5.099,-199.163
3308.5,68.60,86.9,0.0,-0.2,5,-325.467,-5.064,-196.972
3308.5,68.78,86.9,0.0,-0.2,5,-322.992,-5.010,-193.678
3308.5,68.89,86.9,0.0,-0.2,5,-321.339,-4.973,-191.476
3322.3,69.07,86.9,0.0,-0.2,5,-318.856,-4.917,-188.166
3322.3,69.18,86.9,0.0,-0.2,5,-317.198,-4.880,-185.954
3322.3,69.36,86.9,0.0,-0.2,5,-314.708,-4.825,-182.627
3322.3,69.47,87.0,0.0,-0.3,5,-313.045,-4.788,-180.404
3336.1,69.63,87.0,0.0,-0.4,5,-310.549,-4.733,-177.061
3336.1,69.75,87.0,0.0,-0.4,5,-308.882,-4.697,-174.827
3336.1,69.92,87.0,0.0,-0.3,5,-306.378,-4.642,-171.468
3336.1,70.02,87.0,0.0,-0.3,0,-304.708,-4.605,-169.223
3350.1,69.92,85.8,0.0,-0.4,6,-302.203,-4.547,-165.854
3350.1,70.03,85.8,0.0,-0.3,6,-300.535,-4.508,-163.607
3350.1,70.19,85.9,0.0,-0.3,6,-298.030,-4.449,-160.229
3350.1,70.34,85.9,0.0,-0.2,6,-295.523,-4.390,-156.841
3364.1,70.45,85.9,0.0,-0.3,6,-293.850,-4.349,-154.576
3364.1,70.60,85.9,0.0,-0.2,6,-291.338,-4.289,-151.172
3364.1,70.70,86.0,0.0,-0.2,6,-289.662,-4.248,-148.897
3364.1,70.86,86.0,0.0,-0.2,6,-287.146,-4.186,-145.476
3378.3,70.96,86.0,0.0,-0.3,6,-285.468,-4.146,-143.191
3378.3,71.11,86.0,0.0,-0.3,6,-282.947,-4.085,-139.755
3378.3,71.21,86.1,0.0,-0.3,6,-281.264,-4.046,-137.459
3378.3,71.36,86.1,0.0,-0.1,6,-278.737,-3.986,-134.009
3392.5,71.46,86.1,0.0,0.1,6,-277.050,-3.945,-131.705
3392.5,71.61,86.1,0.0,0.2,6,-274.515,-3.883,-128.242
3392.5,71.71,86.1,0.0,0.2,6,-272.823,-3.842,-125.930
3392.5,71.85,86.1,0.0,0.1,6,-270.278,-3.779,-122.456
3406.9,72.14,86.2,0.0,-0.2,6,-265.172,-3.653,-115.489
3406.9,72.28,86.2,0.0,-0.2,6,-262.610,-3.589,-111.995
3421.3,72.42,86.2,0.0,-0.2,6,-260.046,-3.524,-108.493
3421.3,72.51,86.2,0.0,-0.4,6,-258.335,-3.479,-106.154
3421.3,72.65,86.3,0.0,-0.5,6,-255.768,-3.410,-102.637
3421.3,72.75,86.2,0.0,-0.5,6,-254.056,-3.365,-100.287
3435.8,72.89,86.3,0.0,-0.4,6,-251.488,-3.296,-96.752
3435.8,72.98,86.3,0.0,-0.4,6,-249.777,-3.251,-94.390
3435.8,73.12,86.3,0.0,-0.4,6,-247.210,-3.185,-90.839
3435.8,73.21,86.3,0.0,-0.4,6,-245.499,-3.142,-88.465
3450.4,73.34,86.3,0.0,-0.2,6,-242.932,-3.078,-84.896
3450.4,73.43,86.4,0.0,0.3,6,-241.221,-3.035,-82.512
3450.4,73.56,86.4,0.0,1.2,6,-238.652,-2.972,-78.929
3450.4,73.65,86.4,0.0,1.8,6,-236.936,-2.930,-76.537
3465.1,73.78,86.4,0.0,1.1,6,-234.353,-2.866,-72.947
3465.1,73.87,86.4,0.0,1.5,6,-232.623,-2.823,-70.555
3465.1,74.00,86.4,0.0,2.6,6,-230.015,-2.759,-66.968
3465.1,73.99,29.3,17.9,3.8,6,-227.386,-2.693,-63.388
3479.9,73.66,0.0,54.1,4.3,6,-225.625,-2.648,-61.015
3479.9,72.59,0.0,80.4,4.6,6,-222.987,-2.580,-57.505
3479.9,71.72,0.0,86.5,4.4,6,-221.236,-2.534,-55.208
3479.9,70.42,0.0,65.9,4.3,6,-218.621,-2.466,-51.838
3494.4,69.69,0.0,50.8,4.5,6,-216.882,-2.421,-49.640
3494.4,68.83,0.0,35.3,4.9,6,-214.267,-2.356,-46.411
3494.4,68.36,0.0,26.0,6.2,6,-212.512,-2.313,-44.300
3494.4,67.81,0.0,12.8,7.0,6,-209.857,-2.248,-41.197
3508.1,67.53,0.0,5.4,4.2,6,-208.067,-2.205,-39.167
3508.1,67.24,1.9,0.2,4.4,6,-205.349,-2.140,-36.174
3508.1,67.10,10.5,0.0,5.3,6,-203.515,-2.096,-34.211
3508.1,66.93,19.2,0.0,7.0,6,-200.732,-2.031,-31.308
3521.4,66.83,16.5,0.0,8.1,6,-198.857,-1.989,-29.400
3521.4,66.57,3.4,24.5,8.9,6,-196.017,-1.925,-26.578
3521.4,65.82,0.0,75.3,7.3,6,-193.153,-1.861,-23.818
3521.4,65.00,0.0,35.6,6.2,6,-191.248,-1.818,-22.024
3534.4,64.60,71.9,0.0,4.9,6,-188.387,-1.753,-19.400
3534.4,64.69,84.9,0.0,6.1,6,-186.457,-1.711,-17.680
3534.4,64.64,16.6,17.7,11.9,6,-183.523,-1.653,-15.137
3534.4,64.32,0.0,15.1,15.2,6,-181.550,-1.620,-13.474
3547.2,63.98,32.0,0.0,17.5,6,-178.572,-1.576,-11.038
3547.2,63.96,57.7,0.0,17.5,6,-176.566,-1.552,-9.450
3547.2,64.01,83.4,0.0,17.5,6,-173.518,-1.521,-7.118
3547.2,64.08,84.9,0.0,17.0,6,-171.455,-1.504,-5.599
3560.2,64.18,84.9,0.0,16.5,6,-168.312,-1.478,-3.379
3560.2,64.25,84.9,0.0,18.0,6,-166.186,-1.462,-1.939
3560.2,64.31,85.0,0.0,21.4,6,-162.948,-1.434,0.157
3560.2,64.37,84.7,0.0,22.7,6,-160.758,-1.412,1.508
3573.4,64.37,81.0,0.0,22.9,6,-157.427,-1.372,3.464
3573.4,64.44,84.9,0.0,21.3,6,-154.050,-1.331,5.342
3573.4,64.52,57.0,0.0,20.9,6,-151.776,-1.311,6.560
3587.2,64.52,79.9,0.0,20.8,6,-148.332,-1.287,8.327
3587.2,64.47,60.2,0.0,21.2,6,-146.010,-1.267,9.451
3587.2,64.39,61.9,0.0,24.1,6,-142.495,-1.235,11.061
3587.2,64.33,51.5,0.0,27.6,6,-140.132,-1.213,12.081
3601.0,64.21,50.4,0.0,35.2,6,-136.560,-1.178,13.532
3601.0,64.14,50.2,0.0,41.6,6,-134.161,-1.154,14.448
3601.0,63.90,21.4,0.0,53.7,6,-129.333,-1.106,16.159
3601.0,63.76,27.2,0.0,57.8,6,-126.909,-1.083,16.960
3614.2,63.52,17.7,0.0,60.0,6,-123.261,-1.050,18.092
3614.2,63.33,15.4,0.0,58.9,6,-120.824,-1.029,18.798
3614.2,63.05,17.0,0.0,56.4,6,-117.161,-0.995,19.777
3614.2,62.86,16.3,0.0,55.1,6,-114.715,-0.973,20.378
3626.9,62.55,13.1,0.0,50.8,6,-111.043,-0.942,21.199
3626.9,62.23,12.8,0.0,50.8,6,-107.369,-0.907,21.917
3626.9,62.02,12.7,0.0,49.8,0,-104.920,-0.883,22.340
3626.9,61.71,2.0,0.0,50.5,5,-101.249,-0.848,22.895
3639.1,61.48,10.9,0.0,52.0,5,-98.806,-0.825,23.210
3639.1,61.17,14.8,0.0,54.4,5,-95.147,-0.787,23.600
3639.1,60.99,14.8,0.0,54.3,5,-92.712,-0.760,23.806
3639.1,60.71,14.6,0.0,53.9,5,-89.068,-0.719,24.039
3651.0,60.54,15.6,0.0,53.4,5,-86.645,-0.691,24.145
3651.0,60.28,17.2,0.0,49.1,5,-83.021,-0.650,24.231
3651.0,60.12,19.1,0.0,45.3,5,-80.613,-0.622,24.238
3651.0,59.95,41.8,0.0,38.6,5,-77.012,-0.578,24.173
3662.8,59.87,37.0,0.0,33.8,5,-74.618,-0.548,24.078
3662.8,59.76,42.1,0.0,26.9,5,-71.036,-0.502,23.860
3662.8,59.74,63.8,0.0,22.9,5,-68.654,-0.473,23.664
3662.8,59.84,82.4,0.0,16.7,5,-65.086,-0.430,23.300
3674.8,59.94,85.6,0.0,12.9,5,-62.709,-0.401,23.009
3674.8,60.12,85.5,0.0,7.8,5,-59.144,-0.355,22.499
3674.8,60.31,85.6,0.0,5.3,5,-55.581,-0.305,21.907
3674.8,60.45,85.6,0.0,4.4,5,-53.206,-0.272,21.473
3686.7,60.68,85.5,0.0,2.7,5,-49.640,-0.226,20.774
3686.7,60.83,85.5,0.0,0.5,5,-47.261,-0.199,20.280
3686.7,61.07,85.6,0.0,-2.5,5,-43.687,-0.157,19.508
3686.7,61.22,85.6,0.0,-3.7,5,-41.299,-0.129,18.982
3698.8,61.45,84.9,0.0,-4.7,5,-37.705,-0.089,18.192
3698.8,61.60,85.0,0.0,-5.3,5,-35.300,-0.063,17.673
3698.8,61.82,85.8,0.0,-6.4,5,-31.677,-0.025,16.917
3698.8,61.98,85.7,0.0,-7.2,5,-29.250,-0.001,16.429
3711.2,62.19,85.8,0.0,-8.5,5,-25.593,0.031,15.730
3711.2,62.33,85.8,0.0,-8.5,5,-23.144,0.050,15.287
3711.2,62.49,86.2,0.0,-8.7,5,-19.453,0.076,14.665
3711.2,62.61,86.0,0.0,-9.0,5,-16.980,0.093,14.281
3723.7,62.85,86.0,0.0,-7.2,5,-13.254,0.117,13.756
3723.7,63.04,86.0,0.0,-8.1,5,-9.507,0.142,13.296
3723.7,63.15,86.1,0.0,-9.5,5,-6.998,0.158,13.025
3736.4,63.33,86.1,0.0,-10.9,5,-3.220,0.183,12.674
3736.4,63.47,86.1,0.0,-10.6,5,-0.692,0.200,12.477
3736.4,63.62,86.2,0.0,-10.2,5,3.113,0.229,12.242
3736.4,63.77,86.2,0.0,-10.4,5,5.658,0.251,12.127
3749.3,63.95,86.2,0.0,-10.5,5,9.487,0.289,12.015
3749.3,64.05,86.2,0.0,-10.8,5,12.047,0.316,11.982
3749.3,64.22,86.3,0.0,-10.2,5,15.895,0.359,11.992
3749.3,64.35,86.3,0.0,-10.2,5,18.466,0.391,12.041
3762.5,64.52,86.3,0.0,-9.9,5,22.329,0.442,12.175
3762.5,64.64,86.3,0.0,-9.3,5,24.908,0.479,12.307
3762.5,64.78,86.4,0.0,-8.2,5,28.781,0.539,12.570
3762.5,64.90,86.4,0.0,-7.9,5,31.365,0.580,12.785
3775.9,65.09,86.4,0.0,-10.7,5,35.247,0.634,13.162
3775.9,65.26,86.4,0.0,-14.0,5,39.132,0.682,13.604
3775.9,65.37,86.4,0.0,-14.8,5,41.722,0.716,13.942
3775.9,65.51,86.5,0.0,-14.1,5,45.605,0.769,14.515
3789.5,65.61,86.5,0.0,-13.1,5,48.193,0.804,14.940
3789.5,65.76,86.5,0.0,-12.0,5,52.070,0.859,15.644
3789.5,65.85,86.6,0.0,-11.8,5,54.651,0.895,16.159
3789.5,65.98,86.6,0.0,-11.3,5,58.516,0.949,16.997
3803.0,66.09,86.7,0.0,-10.6,5,61.087,0.987,17.602
3803.0,66.23,86.7,0.0,-9.9,5,64.935,1.044,18.575
3803.0,66.36,86.8,0.0,-9.1,5,68.770,1.102,19.628
3803.0,66.53,86.7,0.0,-8.4,5,72.592,1.159,20.758
3816.7,66.62,86.6,0.0,-8.2,5,75.132,1.197,21.555
3816.7,66.73,86.7,0.0,-8.6,5,78.927,1.255,22.818
3816.7,66.81,86.9,0.0,-9.1,5,81.447,1.293,23.703
3816.7,66.97,86.8,0.0,-9.7,5,85.210,1.350,25.096
3830.4,67.05,86.7,0.0,-10.0,5,87.707,1.389,26.069
3830.4,67.20,86.7,0.0,-10.0,5,91.433,1.448,27.594
3830.4,67.28,86.7,0.0,-10.7,5,93.904,1.489,28.655
3830.4,67.42,86.7,0.0,-11.4,5,97.589,1.549,30.312
3843.9,67.51,86.7,0.0,-11.9,5,100.030,1.591,31.461
3843.9,67.64,86.8,0.0,-12.4,5,103.669,1.655,33.248
3843.9,67.77,86.8,0.0,-12.4,5,107.279,1.720,35.110
3843.9,67.86,86.8,0.0,-12.2,5,109.668,1.763,36.393
3857.4,68.00,86.8,0.0,-11.7,5,113.227,1.826,38.378
3857.4,68.08,86.8,0.0,-11.4,5,115.581,1.869,39.744
3857.4,68.21,86.8,0.0,-11.3,5,119.082,1.933,41.853
3857.4,68.29,86.9,0.0,-11.6,5,121.398,1.974,43.299
3870.9,68.43,86.9,0.0,-12.2,5,124.841,2.035,45.526
3870.9,68.51,86.9,0.0,-12.4,5,127.116,2.074,47.050
3870.9,68.64,86.9,0.0,-12.1,5,130.497,2.131,49.393
3870.9,68.72,86.9,0.0,-12.3,5,132.730,2.167,50.993
3884.5,68.84,87.0,0.0,-12.2,5,136.046,2.219,53.448
3884.5,68.93,86.9,0.0,-11.8,5,138.234,2.252,55.123
3884.5,69.05,87.0,0.0,-11.6,5,141.481,2.297,57.690
3884.5,69.14,87.0,0.0,-11.2,5,143.622,2.324,59.437
3898.3,69.26,87.0,0.0,-10.7,5,146.799,2.356,62.109
3898.3,69.31,0.0,0.0,-8.9,0,149.932,2.381,64.843
3898.3,69.20,75.3,0.0,-6.4,6,151.990,2.394,66.697
3912.1,69.29,85.8,0.0,-3.4,6,155.033,2.413,69.525
3912.1,69.39,85.8,0.0,-2.2,6,157.038,2.423,71.442
3912.1,69.54,85.8,0.0,-2.0,6,160.013,2.437,74.360
3912.1,69.64,76.8,0.0,-2.2,6,161.981,2.446,76.329
3926.0,68.44,0.0,78.3,-0.1,6,168.768,2.480,83.275
3926.0,67.61,0.0,84.6,0.6,6,170.659,2.491,85.234
3926.0,66.28,0.0,89.0,1.1,6,173.446,2.509,88.131
3939.5,64.91,0.0,90.4,1.0,6,176.176,2.529,90.971
3939.5,64.01,33.2,91.6,0.6,0,177.965,2.541,92.830
3939.5,62.64,0.0,92.4,0.2,5,180.605,2.560,95.568
3939.5,61.71,0.0,91.3,0.0,5,182.335,2.573,97.357
3952.2,60.33,0.0,90.9,0.1,5,184.886,2.592,99.986
3952.2,59.43,0.0,91.2,0.3,5,186.558,2.605,101.703
3952.2,58.06,0.0,90.8,0.7,5,189.024,2.621,104.226
3952.2,57.16,0.0,91.1,0.8,5,190.640,2.630,105.872
3963.9,55.81,0.0,91.2,0.8,5,193.020,2.642,108.288
3963.9,54.90,0.0,90.4,0.6,5,194.579,2.651,109.863
3963.9,53.58,41.7,91.5,0.9,0,196.877,2.666,112.170
3963.9,52.68,0.0,91.4,0.9,4,198.383,2.676,113.673
3974.8,51.33,0.0,91.1,0.8,4,200.600,2.694,115.872
3974.8,49.98,0.0,90.1,1.1,4,202.770,2.715,118.004
3974.8,49.11,0.0,91.1,1.5,4,204.191,2.730,119.388
3984.8,47.79,0.0,89.8,2.5,4,206.285,2.755,121.408
3984.8,46.91,0.0,90.2,2.7,4,207.656,2.771,122.717
3984.8,45.61,0.0,90.3,3.6,0,209.677,2.796,124.623
3984.8,44.76,31.6,89.2,4.2,0,211.000,2.812,125.856
3993.9,43.50,0.0,87.2,4.3,3,212.953,2.835,127.649
3993.9,42.67,0.0,85.4,4.1,3,214.233,2.849,128.806
3993.9,41.47,0.0,82.2,2.6,3,216.121,2.867,130.485
3993.9,40.68,0.0,77.8,1.4,3,217.360,2.879,131.566
4002.1,39.60,0.0,62.4,-0.5,3,219.193,2.893,133.131
4002.1,38.96,0.0,53.9,-2.0,3,220.402,2.900,134.136
4002.1,38.13,43.3,45.8,-3.4,0,222.203,2.909,135.587
4002.1,37.67,0.0,42.8,-3.1,2,223.401,2.914,136.518
4009.8,36.92,0.0,37.6,-1.6,2,225.194,2.919,137.859
4009.8,36.25,0.0,33.1,2.0,2,226.982,2.922,139.134
4009.8,35.85,0.0,31.2,5.5,2,228.172,2.922,139.949
4009.8,35.28,0.0,30.6,10.6,2,229.957,2.921,141.121
4016.9,34.92,0.0,30.2,13.0,2,231.145,2.919,141.870
4016.9,34.38,0.0,31.0,15.6,2,232.923,2.915,142.949
4016.9,34.01,0.0,29.9,16.6,2,234.105,2.911,143.639
4016.9,33.49,0.0,28.4,16.4,2,235.874,2.905,144.626
4023.6,33.15,0.0,27.7,16.3,2,237.050,2.900,145.254
4023.6,32.65,0.0,22.7,16.4,2,238.812,2.891,146.147
4023.6,32.36,0.0,17.8,16.7,2,239.984,2.886,146.710
4023.6,32.01,0.0,12.1,18.5,2,241.743,2.876,147.507
4029.9,31.81,0.0,10.1,20.1,2,242.918,2.870,148.007
4029.9,31.54,0.0,6.6,23.1,2,244.684,2.860,148.710
4029.9,31.39,0.0,4.3,25.0,2,245.864,2.854,149.148
4029.9,31.19,0.0,3.4,26.7,2,247.641,2.844,149.756
4035.9,31.06,0.0,3.2,27.3,2,248.829,2.837,150.129
4035.9,30.87,0.0,3.0,29.1,2,250.616,2.826,150.639
4035.9,30.67,0.0,7.2,25.6,2,252.407,2.815,151.089
4035.9,30.51,0.0,6.0,22.8,2,253.602,2.807,151.355
4041.9,30.30,0.0,2.6,19.9,2,255.393,2.794,151.704
4041.9,30.19,0.0,4.8,19.6,2,256.586,2.786,151.904
4041.9,30.01,0.0,1.6,21.4,2,258.374,2.776,152.156
4041.9,29.91,1.1,0.1,23.0,2,259.565,2.769,152.294
4048.1,29.80,8.7,0.0,29.4,2,261.348,2.759,152.456
4048.1,29.72,5.1,0.0,34.2,2,262.536,2.754,152.532
4048.1,29.61,11.4,0.0,39.1,2,264.315,2.746,152.596
4048.1,29.56,17.7,0.0,41.6,2,265.498,2.742,152.603
4055.5,29.48,12.7,0.0,44.2,2,267.269,2.738,152.557
4055.5,29.41,16.5,0.0,46.7,2,269.032,2.736,152.442
4055.5,29.36,14.9,0.0,49.7,2,270.202,2.735,152.327
4055.5,29.27,12.5,0.0,55.9,2,271.947,2.735,152.099
4062.4,29.18,8.1,0.0,59.9,2,273.100,2.737,151.910
4062.4,29.02,10.9,0.0,65.7,2,274.814,2.740,151.570
4062.4,28.93,11.1,0.0,68.2,2,275.942,2.745,151.306
4062.4,28.78,10.6,0.0,75.1,2,277.614,2.754,150.853
4070.5,28.69,12.2,0.0,81.9,2,278.713,2.761,150.516
4070.5,28.52,12.4,0.0,89.7,2,280.336,2.774,149.958
4070.5,28.39,11.5,0.0,90.0,2,281.398,2.785,149.550
4070.5,28.19,11.2,0.0,89.9,2,282.960,2.805,148.887
4077.3,28.06,11.2,0.0,88.8,2,283.978,2.821,148.408
4077.3,27.88,11.1,0.0,86.0,2,285.470,2.849,147.640
4077.3,27.77,11.1,0.0,83.0,2,286.442,2.869,147.097
4077.3,27.61,11.0,0.0,75.9,2,287.862,2.899,146.236
4083.7,27.51,11.0,0.0,74.5,2,288.785,2.920,145.632
4083.7,27.35,12.2,0.0,75.8,2,290.132,2.952,144.686
4083.7,27.22,12.4,0.0,75.1,2,291.431,2.984,143.691
4083.7,27.12,12.5,0.0,73.9,2,292.271,3.007,143.001
4090.0,26.98,50.1,0.0,71.3,0,293.488,3.042,141.928
4090.0,26.85,9.3,0.0,68.0,1,294.272,3.066,141.189
4090.0,26.74,20.4,0.0,60.7,1,295.402,3.102,140.047
4090.0,26.72,26.5,0.0,55.0,1,296.127,3.125,139.262
4095.2,26.81,38.7,0.0,46.2,1,297.177,3.158,138.049
4095.2,26.95,53.7,0.0,39.8,1,297.853,3.179,137.214
4095.2,27.17,36.4,0.0,28.7,1,298.834,3.209,135.921
4095.2,27.27,40.3,0.0,20.9,1,299.465,3.227,135.034
4100.3,27.47,37.4,0.0,10.0,1,300.374,3.253,133.667
4100.3,27.63,45.3,0.0,5.1,1,300.959,3.269,132.735
4100.3,27.97,62.9,0.0,2.4,1,301.809,3.291,131.301
4105.6,28.47,72.2,0.0,4.4,1,302.633,3.312,129.824
4105.6,28.83,76.1,0.0,6.6,1,303.172,3.325,128.814
4105.6,29.41,77.7,0.0,9.7,1,303.966,3.342,127.259
4105.6,29.78,79.3,0.0,11.3,1,304.486,3.354,126.196
4111.3,30.34,78.4,0.0,13.1,1,305.251,3.369,124.564
4111.3,30.71,76.5,0.0,13.2,1,305.749,3.379,123.450
4111.3,31.24,77.9,0.0,13.4,1,306.477,3.393,121.741
4111.3,31.58,78.3,0.0,13.6,1,306.946,3.402,120.577
4117.5,32.08,74.7,0.0,13.7,1,307.625,3.416,118.792
4117.5,32.39,72.7,0.0,13.7,1,308.060,3.424,117.579
4117.5,32.56,0.0,0.0,14.1,0,308.680,3.436,115.728
4117.5,32.69,75.0,0.0,15.3,2,309.064,3.443,114.482
4124.0,33.13,80.6,0.0,16.1,2,309.605,3.454,112.584
4124.0,33.47,84.9,0.0,15.9,2,309.943,3.462,111.297
4124.0,33.98,82.0,0.0,14.4,2,310.417,3.475,109.331
4124.0,34.47,85.3,0.0,13.5,2,310.848,3.488,107.325
4130.8,34.79,80.0,0.0,13.1,2,311.111,3.498,105.965
4130.8,35.27,84.2,0.0,12.2,2,311.465,3.513,103.894
4130.8,35.60,85.7,0.0,11.1,2,311.673,3.525,102.493
4130.8,36.04,62.3,0.0,12.7,2,311.944,3.545,100.361
4137.9,36.16,31.2,0.0,11.9,2,312.095,3.559,98.925
4137.9,36.08,3.5,11.9,9.4,2,312.271,3.582,96.764
4137.9,35.87,0.0,26.7,8.1,2,312.359,3.598,95.327
4137.9,35.31,0.0,41.8,5.9,2,312.453,3.624,93.191
4144.9,34.85,0.0,50.1,4.5,2,312.496,3.644,91.788
4144.9,34.02,0.0,62.6,3.1,2,312.537,3.674,89.720
4144.9,33.39,0.0,67.9,1.6,2,312.554,3.696,88.370
4144.9,32.37,0.0,72.2,-2.4,2,312.569,3.730,86.396
4151.4,31.68,0.0,73.7,-5.3,2,312.575,3.753,85.114
4151.4,30.60,0.0,74.1,-8.5,2,312.587,3.787,83.243
4151.4,29.90,0.0,73.4,-10.3,2,312.599,3.810,82.032
4151.4,28.87,0.0,57.0,-12.5,2,312.627,3.842,80.268
4157.1,28.06,0.0,40.8,-14.6,0,312.676,3.873,78.561
4157.1,27.66,45.5,33.3,-16.0,0,312.723,3.893,77.447
4157.1,27.12,0.0,27.2,-17.8,1,312.820,3.920,75.806
4157.1,26.79,0.0,22.5,-19.4,1,312.904,3.937,74.730
4162.4,26.36,0.0,16.6,-22.5,1,313.059,3.959,73.143
4162.4,26.12,0.0,13.4,-24.6,1,313.184,3.973,72.101
4162.4,25.79,0.0,12.6,-26.6,1,313.405,3.993,70.559
4162.4,25.48,0.0,10.5,-28.1,1,313.669,4.011,69.043
4167.5,25.29,0.0,9.2,-29.1,1,313.868,4.022,68.047
4167.5,25.03,0.0,9.5,-30.0,1,314.203,4.038,66.575
4167.5,24.85,0.0,9.3,-30.0,1,314.451,4.047,65.608
4167.5,24.58,0.0,8.6,-31.4,1,314.858,4.059,64.182
4172.4,24.40,0.0,7.9,-32.8,1,315.154,4.067,63.248
4172.4,24.15,0.0,8.3,-34.4,1,315.633,4.076,61.872
4172.4,23.99,0.0,7.4,-34.5,1,315.977,4.081,60.973
4172.4,23.75,0.0,5.5,-35.2,1,316.529,4.087,59.651
4177.1,23.60,0.0,4.1,-36.0,1,316.921,4.091,58.789
4177.1,23.40,0.0,2.3,-37.3,1,317.545,4.094,57.524
4177.1,23.28,0.0,4.0,-37.7,1,317.985,4.095,56.700
4177.1,23.09,0.0,3.2,-39.0,1,318.679,4.096,55.494
4181.7,22.96,0.0,2.5,-39.6,1,319.165,4.095,54.712
4181.7,22.79,0.0,1.5,-40.2,1,319.928,4.093,53.570
4181.7,22.62,0.0,3.9,-40.8,1,320.729,4.088,52.468
4181.7,22.49,0.0,3.8,-41.4,1,321.283,4.084,51.756
4185.9,22.30,0.0,3.8,-41.3,1,322.145,4.077,50.724
4185.9,22.18,0.0,4.0,-40.9,1,322.738,4.072,50.061
4185.9,21.99,0.0,4.1,-40.7,1,323.654,4.063,49.104
4185.9,21.86,0.0,6.0,-41.0,1,324.283,4.058,48.492
4190.0,21.65,0.0,5.2,-41.3,1,325.248,4.048,47.613
4190.0,21.51,0.0,4.4,-42.5,1,325.905,4.041,47.053
4190.0,21.33,0.0,3.3,-45.1,1,326.912,4.030,46.254
4190.0,21.21,0.0,2.2,-46.9,1,327.596,4.022,45.748
4194.1,21.05,2.9,0.3,-51.6,1,328.642,4.008,45.031
4194.1,21.01,17.9,0.0,-54.6,1,329.353,3.999,44.581
4194.1,21.10,38.2,0.0,-57.0,1,330.444,3.985,43.947
4194.1,21.24,47.1,0.0,-58.3,1,331.190,3.975,43.548
4198.2,21.54,59.2,0.0,-60.5,1,332.343,3.960,42.986
4198.2,21.73,29.3,0.0,-60.0,1,333.534,3.944,42.469
4198.2,21.78,24.0,0.0,-56.3,1,334.346,3.934,42.156
4202.8,21.84,28.5,0.0,-49.0,1,335.585,3.918,41.737
4202.8,21.95,40.6,0.0,-38.0,1,336.425,3.907,41.490
4202.8,22.18,45.1,0.0,-27.6,1,337.708,3.893,41.168
4202.8,22.40,54.0,0.0,-25.7,1,338.579,3.883,40.980
4207.7,22.79,57.7,0.0,-35.1,1,339.912,3.869,40.739
4207.7,23.04,56.6,0.0,-40.2,1,340.818,3.861,40.605
4207.7,23.38,50.8,0.0,-44.5,1,342.201,3.848,40.445
4207.7,23.58,50.2,0.0,-50.7,1,343.136,3.841,40.367
4213.1,23.87,53.2,0.0,-58.4,1,344.557,3.829,40.294
4213.1,24.18,51.1,0.0,-64.3,1,345.998,3.818,40.277
4213.1,24.35,44.2,0.0,-68.3,1,346.968,3.811,40.297
4213.1,24.52,35.0,0.0,-76.4,1,348.432,3.801,40.379
4219.9,24.55,25.9,0.0,-81.1,1,349.409,3.795,40.468
4219.9,24.48,15.0,0.0,-85.5,1,350.868,3.788,40.656
4219.9,24.41,15.2,0.0,-87.6,1,351.833,3.784,40.817
4219.9,24.31,14.0,0.0,-90.4,1,353.265,3.779,41.110
4225.8,24.22,11.7,0.0,-87.2,1,354.208,3.776,41.340
4225.8,24.09,11.6,0.0,-90.0,1,355.602,3.774,41.736
4225.8,24.01,14.6,0.0,-91.2,1,356.518,3.772,42.032
4225.8,23.89,11.8,0.0,-85.9,1,357.868,3.771,42.526
4231.5,23.80,11.4,0.0,-84.9,1,358.751,3.771,42.886
4231.5,23.67,12.2,0.0,-77.6,1,360.049,3.772,43.472
4231.5,23.61,14.4,0.0,-73.8,1,360.897,3.774,43.892
4231.5,23.57,23.0,0.0,-65.0,1,362.141,3.778,44.566
4236.8,23.66,43.4,0.0,-54.1,1,363.356,3.783,45.293
4236.8,23.90,70.5,0.0,-45.2,1,364.154,3.788,45.808
4236.8,24.38,61.0,0.0,-30.4,1,365.346,3.795,46.630
4236.8,24.68,69.7,0.0,-21.8,1,366.136,3.801,47.209
4241.8,25.18,64.6,0.0,-12.8,1,367.319,3.811,48.123
4241.8,25.53,71.8,0.0,-10.6,1,368.107,3.818,48.760
4241.8,26.10,73.7,0.0,-12.3,1,369.291,3.828,49.756
4241.8,26.48,73.0,0.0,-14.6,1,370.083,3.834,50.447
4247.0,27.04,73.4,0.0,-16.2,1,371.273,3.845,51.524
4247.0,27.42,74.9,0.0,-17.3,1,372.067,3.851,52.267
4247.0,27.99,78.3,0.0,-19.0,1,373.260,3.861,53.424
4247.0,28.38,78.6,0.0,-19.0,1,374.055,3.867,54.222
4252.3,28.96,79.2,0.0,-18.1,1,375.245,3.875,55.462
4252.3,29.36,80.9,0.0,-16.9,1,376.035,3.881,56.319
4252.3,29.96,83.2,0.0,-17.1,1,377.215,3.889,57.649
4252.3,30.53,80.7,0.0,-17.2,1,378.385,3.898,59.036
4258.0,30.90,76.1,0.0,-17.2,1,379.156,3.903,59.991
4258.0,31.42,79.3,0.0,-17.2,1,380.298,3.910,61.470
4258.0,31.77,81.4,0.0,-17.1,1,381.047,3.915,62.487
4258.0,32.29,80.7,0.0,-17.6,1,382.152,3.920,64.058
4264.1,32.50,0.0,0.0,-16.8,0,382.874,3.924,65.135
4264.1,32.63,83.4,0.0,-16.1,2,383.917,3.928,66.783
4264.1,32.97,84.5,0.0,-16.3,2,384.591,3.930,67.907
4264.1,33.49,84.8,0.0,-14.7,2,385.578,3.934,69.638
4270.4,33.84,84.9,0.0,-13.5,2,386.219,3.937,70.822
4270.4,34.37,85.1,0.0,-12.3,2,387.157,3.941,72.639
4270.4,34.72,85.2,0.0,-11.9,2,387.765,3.944,73.879
4270.4,35.25,85.4,0.0,-11.5,2,388.656,3.947,75.779
4277.2,35.60,85.4,0.0,-11.5,2,389.237,3.948,77.071
4277.2,36.13,85.5,0.0,-11.3,2,390.089,3.948,79.045
4277.2,36.44,85.9,0.0,-10.9,2,390.645,3.946,80.386
4277.2,36.98,84.6,0.0,-10.4,2,391.460,3.941,82.431
4284.3,37.46,84.0,0.0,-10.6,2,392.249,3.938,84.519
4284.3,37.76,85.7,0.0,-9.2,2,392.761,3.933,85.933
4284.3,38.23,80.9,0.0,-4.8,2,393.507,3.926,88.086
4284.3,38.56,85.9,0.0,-3.4,2,393.988,3.922,89.544
4291.7,39.04,86.4,0.0,-2.5,2,394.683,3.918,91.765
4291.7,39.37,86.5,0.0,-3.3,2,395.132,3.914,93.266
4291.7,39.82,86.8,0.0,-5.9,2,395.784,3.912,95.548
4291.7,40.13,86.9,0.0,-7.2,2,396.208,3.911,97.089
4299.5,40.61,87.1,0.0,-7.8,2,396.829,3.909,99.429
4299.5,40.79,0.0,0.0,-7.8,0,397.234,3.907,101.007
4299.5,40.93,85.3,0.0,-6.2,3,397.821,3.904,103.383
4299.5,41.24,85.2,0.0,-5.2,3,398.201,3.903,104.981
4307.5,41.69,85.3,0.0,-4.6,3,398.756,3.900,107.405
4307.5,42.14,85.4,0.0,-4.4,3,399.293,3.895,109.861
4307.5,42.44,85.4,0.0,-4.5,3,399.642,3.892,111.516
4315.8,42.87,85.5,0.0,-5.1,3,400.151,3.887,114.023
4315.8,43.16,85.6,0.0,-5.6,3,400.481,3.883,115.711
4315.8,43.59,85.7,0.0,-6.0,3,400.962,3.878,118.268
4315.8,43.88,85.8,0.0,-6.3,3,401.271,3.875,119.990
4324.4,44.31,85.9,0.0,-6.7,3,401.716,3.871,122.597
4324.4,44.58,86.0,0.0,-6.8,3,401.999,3.868,124.351
4324.4,45.01,86.1,0.0,-6.9,3,402.402,3.864,127.008
4324.4,45.28,86.1,0.0,-6.9,3,402.655,3.860,128.795
4333.3,45.70,86.2,0.0,-6.9,3,403.010,3.855,131.500
4333.3,45.97,86.3,0.0,-7.0,3,403.229,3.850,133.320
4333.3,46.37,86.4,0.0,-7.3,3,403.531,3.844,136.073
4333.3,46.64,86.4,0.0,-7.5,3,403.713,3.840,137.923
4342.4,47.04,86.5,0.0,-7.5,3,403.958,3.834,140.722
4342.4,47.30,86.6,0.0,-7.7,3,404.102,3.830,142.603
4342.4,47.69,86.7,0.0,-8.1,3,404.288,3.823,145.446
4342.4,48.07,86.7,0.0,-7.8,3,404.434,3.816,148.314
4351.8,48.32,86.8,0.0,-7.8,3,404.509,3.812,150.240
4351.8,48.69,86.9,0.0,-8.8,3,404.587,3.806,153.148
4351.8,48.94,86.9,0.0,-9.3,3,404.616,3.802,155.100
4351.8,49.30,87.0,0.0,-9.8,3,404.620,3.795,158.046
4361.5,49.42,0.0,0.0,-10.0,0,404.597,3.791,160.022
4361.5,49.51,85.0,0.0,-10.1,4,404.519,3.785,162.985
4361.5,49.72,85.2,0.0,-10.6,4,404.438,3.781,164.968
4361.5,50.04,85.2,0.0,-11.4,4,404.272,3.773,167.955
4371.3,50.25,85.2,0.0,-11.8,4,404.130,3.768,169.956
4371.3,50.57,85.3,0.0,-11.2,4,403.867,3.761,172.968
4371.3,50.77,85.4,0.0,-10.2,4,403.660,3.757,174.984
4371.3,51.09,85.5,0.0,-9.1,4,403.301,3.748,178.018
4381.4,51.30,85.5,0.0,-9.1,4,403.030,3.742,180.047
4381.4,51.62,85.6,0.0,-10.3,4,402.576,3.734,183.100
4381.4,51.92,85.7,0.0,-11.3,4,402.066,3.725,186.163
4381.4,52.13,85.7,0.0,-11.7,4,401.694,3.719,188.211
4391.8,52.44,85.8,0.0,-11.2,4,401.087,3.712,191.287
4391.8,52.63,85.9,0.0,-11.3,4,400.647,3.708,193.342
4391.8,52.92,86.0,0.0,-14.2,4,399.936,3.703,196.427
4391.8,53.11,86.0,0.0,-15.1,4,399.425,3.700,198.485
4402.7,53.40,86.0,0.0,-16.2,4,398.598,3.698,201.571
4402.7,53.57,86.1,0.0,-17.4,4,398.006,3.697,203.627
4402.7,53.85,86.1,0.0,-19.4,4,397.057,3.697,206.706
4402.7,54.03,86.2,0.0,-21.3,4,396.384,3.695,208.756
4414.1,54.27,86.3,0.0,-21.8,4,395.310,3.693,211.821
4414.1,54.39,86.4,0.0,-20.2,4,394.547,3.696,213.856
4414.1,54.63,86.5,0.0,-16.8,4,393.335,3.705,216.892
4414.1,54.78,86.5,0.0,-15.3,4,392.484,3.709,218.908
4426.1,55.01,86.5,0.0,-13.3,4,391.141,3.716,221.915
4426.1,55.22,86.6,0.0,-12.7,4,389.715,3.724,224.898
4426.1,55.34,86.6,0.0,-12.5,4,388.718,3.731,226.871
4426.1,55.56,86.5,0.0,-14.1,4,387.158,3.739,229.809
4437.5,55.73,86.6,0.0,-15.0,4,386.076,3.742,231.754
4437.5,55.94,86.6,0.0,-17.0,4,384.390,3.743,234.648
4437.5,56.10,86.6,0.0,-18.0,4,383.223,3.743,236.561
4437.5,56.33,86.6,0.0,-18.3,4,381.409,3.743,239.404
4448.5,56.48,86.6,0.0,-18.3,4,380.158,3.744,241.280
4448.5,56.71,86.7,0.0,-17.7,4,378.219,3.748,244.067
4448.5,56.87,86.7,0.0,-16.5,4,376.886,3.753,245.906
4448.5,57.12,86.7,0.0,-15.0,4,374.829,3.761,248.638
4459.7,57.28,86.7,0.0,-13.5,4,373.421,3.766,250.441
4459.7,57.52,86.8,0.0,-10.7,4,371.256,3.775,253.119
4459.7,57.70,86.8,0.0,-9.0,4,369.777,3.781,254.886
4459.7,57.95,86.8,0.0,-7.9,4,367.509,3.790,257.510
4471.1,58.21,86.8,0.0,-7.7,4,365.185,3.799,260.106
4471.1,58.39,86.9,0.0,-6.7,4,363.607,3.803,261.822
4471.1,58.64,86.9,0.0,-5.3,4,361.198,3.809,264.376
4471.1,58.82,86.9,0.0,-4.7,4,359.568,3.813,266.066
4482.7,59.08,87.0,0.0,-4.9,4,357.086,3.817,268.586
4482.7,59.26,87.0,0.0,-5.1,4,355.410,3.818,270.257
4482.7,59.52,87.0,0.0,-5.4,4,352.863,3.819,272.748
4482.7,59.59,0.0,0.0,-5.4,0,351.144,3.820,274.399
4494.6,59.63,84.8,0.0,-5.7,5,348.542,3.823,276.849
4494.6,59.78,85.2,0.0,-5.5,5,346.789,3.824,278.470
4494.6,60.00,85.5,0.0,-5.6,5,344.128,3.826,280.885
4494.6,60.16,85.5,0.0,-4.6,5,342.334,3.828,282.483
4506.5,60.41,85.5,0.0,-3.9,5,339.613,3.830,284.865
4506.5,60.64,85.6,0.0,-2.9,5,336.858,3.830,287.230
4506.5,60.79,85.7,0.0,-2.2,5,335.004,3.831,288.799
4518.6,61.04,85.7,0.0,-1.3,5,332.200,3.831,291.142
4518.6,61.20,85.6,0.0,-1.0,5,330.317,3.830,292.700
4518.6,61.44,85.7,0.0,-0.5,5,327.475,3.827,295.036
4518.6,61.61,85.7,0.0,-0.1,5,325.570,3.826,296.595
4530.9,61.84,85.7,0.0,0.5,5,322.701,3.826,298.935
4530.9,62.00,85.8,0.0,0.6,5,320.781,3.826,300.500
4530.9,62.23,85.8,0.0,0.7,5,317.893,3.824,302.854
4530.9,62.39,85.9,0.0,0.8,5,315.962,3.823,304.431
4543.3,62.61,85.9,0.0,0.8,5,313.061,3.827,306.805
4543.3,62.77,85.9,0.0,0.9,5,311.122,3.831,308.396
4543.3,63.00,86.0,0.0,0.9,5,308.209,3.837,310.793
4543.3,63.16,86.0,0.0,1.0,5,306.263,3.840,312.399
4555.9,63.38,86.0,0.0,0.9,5,303.340,3.847,314.821
4555.9,63.53,86.1,0.0,0.9,5,301.389,3.853,316.444
4555.9,63.76,86.1,0.0,0.9,5,298.457,3.860,318.890
4555.9,63.99,86.1,0.0,1.0,5,295.521,3.865,321.353
4568.6,64.13,86.2,0.0,0.9,5,293.561,3.868,323.003
4568.6,64.35,86.2,0.0,0.8,5,290.618,3.868,325.491
4568.6,64.51,86.2,0.0,0.9,5,288.653,3.864,327.158
4568.6,64.72,86.2,0.0,0.8,5,285.702,3.858,329.672
4581.5,64.86,86.3,0.0,0.8,5,283.733,3.855,331.356
4581.5,65.07,86.3,0.0,1.0,5,280.775,3.846,333.894
4581.5,65.22,86.3,0.0,0.7,5,278.800,3.840,335.594
4581.5,65.42,86.4,0.0,0.6,5,275.835,3.837,338.156
4594.5,65.57,86.4,0.0,0.6,5,273.856,3.836,339.872
4594.5,65.78,86.4,0.0,0.5,5,270.881,3.837,342.455
4594.5,65.92,86.4,0.0,0.5,5,268.895,3.840,344.184
4594.5,66.13,86.5,0.0,0.2,5,265.909,3.844,346.788
4607.7,66.26,86.5,0.0,0.1,5,263.916,3.848,348.529
4607.7,66.46,86.5,0.0,0.0,5,260.920,3.857,351.151
4607.7,66.67,86.6,0.0,0.1,5,257.916,3.868,353.783
4607.7,66.80,86.6,0.0,0.1,5,255.908,3.876,355.542
4621.1,67.00,86.6,0.0,0.1,5,252.890,3.889,358.188
4621.1,67.14,86.6,0.0,-0.1,5,250.874,3.895,359.957
4621.1,67.33,86.7,0.0,-0.1,5,247.842,3.909,362.618
4621.1,67.46,86.7,0.0,0.0,5,245.817,3.919,364.396
4634.5,67.65,86.7,0.0,0.2,5,242.771,3.930,367.070
4634.5,67.78,86.7,0.0,0.2,5,240.736,3.937,368.857
4634.5,67.97,86.8,0.0,0.2,5,237.676,3.945,371.544
4634.5,68.10,86.8,0.0,0.1,5,235.632,3.949,373.340
4648.1,68.29,86.8,0.0,0.1,5,232.558,3.953,376.040
4648.1,68.42,86.8,0.0,0.0,5,230.505,3.954,377.845
4648.1,68.60,86.8,0.0,-0.0,5,227.418,3.953,380.559
4648.1,68.72,86.9,0.0,-0.0,5,225.356,3.950,382.373
4661.8,68.91,86.9,0.0,0.0,5,222.257,3.945,385.100
4661.8,69.08,86.9,0.0,0.1,5,219.149,3.940,387.835
4661.8,69.21,86.9,0.0,0.1,5,217.073,3.937,389.662
4661.8,69.38,87.0,0.0,0.1,5,213.953,3.933,392.409
4675.6,69.50,87.0,0.0,0.0,5,211.868,3.929,394.244
4675.6,69.68,87.0,0.0,-0.0,5,208.736,3.920,397.004
4675.6,69.79,87.0,0.0,0.0,5,206.643,3.915,398.848
4675.6,69.96,87.0,0.0,0.0,0,203.498,3.909,401.619
4689.6,69.89,0.0,0.0,0.1,0,201.399,3.906,403.469
4689.6,69.99,85.8,0.0,0.1,6,198.253,3.900,406.243
4689.6,70.10,85.8,0.0,0.1,6,196.151,3.898,408.096
4689.6,70.26,85.9,0.0,0.1,6,192.994,3.893,410.881
4703.6,70.37,85.9,0.0,0.1,6,190.885,3.889,412.742
4703.6,70.54,85.9,0.0,0.1,6,187.716,3.883,415.539
4703.6,70.70,85.9,0.0,0.1,6,184.540,3.879,418.343
4703.6,70.80,86.0,0.0,0.1,6,182.419,3.877,420.217
4717.7,70.97,86.0,0.0,0.1,6,179.232,3.874,423.033
4717.7,71.08,86.0,0.0,0.1,6,177.104,3.872,424.915
4717.7,71.24,86.0,0.0,0.2,6,173.907,3.867,427.744
4717.7,71.34,86.0,0.0,0.2,6,171.772,3.862,429.634
4731.9,71.50,86.1,0.0,0.2,6,168.566,3.856,432.476
4731.9,71.50,86.1,0.0,0.2,6,168.566,3.856,432.476
4731.9,71.55,86.1,0.0,0.2,6,167.495,3.854,433.425
4731.9,71.86,86.1,0.0,0.1,6,161.062,3.850,439.137
4746.2,72.01,86.1,0.0,0.1,6,157.837,3.849,442.005
4746.2,72.11,86.1,0.0,0.2,6,155.684,3.850,443.921
4746.2,72.26,86.2,0.0,0.2,6,152.450,3.853,446.802
4760.7,72.41,86.2,0.0,0.1,6,149.210,3.858,449.689
4760.7,72.51,86.2,0.0,0.1,6,147.048,3.860,451.619
4760.7,72.66,86.2,0.0,0.1,6,143.799,3.862,454.520
4760.7,72.76,86.2,0.0,0.1,6,141.631,3.864,456.458
4775.2,72.90,86.3,0.0,0.0,6,138.374,3.869,459.370
4775.2,73.00,86.3,0.0,-0.1,6,136.199,3.871,461.316
4775.2,73.15,86.3,0.0,-0.0,6,132.933,3.873,464.241
4775.2,73.24,86.3,0.0,0.0,6,130.753,3.874,466.194
4789.8,73.38,86.3,0.0,0.1,6,127.477,3.876,469.129
4789.8,73.47,86.4,0.0,0.1,6,125.290,3.878,471.089
4789.8,73.62,86.4,0.0,0.0,6,122.004,3.878,474.035
4789.8,73.71,86.4,0.0,0.0,6,119.810,3.879,476.002
4804.6,73.85,86.4,0.0,0.0,6,116.515,3.880,478.957
4804.6,73.94,86.4,0.0,-0.0,6,114.314,3.879,480.930
4804.6,74.08,86.5,0.0,-0.1,6,111.009,3.878,483.895
4804.6,74.18,86.5,0.0,-0.1,6,108.802,3.876,485.875
4819.4,74.31,86.5,0.0,-0.1,6,105.486,3.870,488.850
4819.4,74.45,86.5,0.0,0.0,6,102.164,3.862,491.829
4819.4,74.53,86.5,0.0,0.1,6,99.946,3.856,493.819
4819.4,74.67,86.5,0.0,0.1,6,96.613,3.847,496.806
4834.3,74.76,86.5,0.0,0.1,6,94.388,3.841,498.801
4834.3,74.90,86.5,0.0,0.0,6,91.044,3.827,501.797
4834.3,74.98,86.4,0.0,-0.0,6,88.812,3.817,503.798
4834.3,75.11,86.0,0.0,-0.1,6,85.459,3.800,506.803
4849.3,75.20,85.7,0.0,-0.1,6,83.221,3.788,508.810
4849.3,75.32,85.5,0.0,-0.0,6,79.859,3.769,511.823
4849.3,75.40,85.2,0.0,-0.1,6,77.614,3.756,513.836
4849.3,75.53,85.1,0.0,-0.1,6,74.243,3.735,516.858
4864.4,75.61,84.9,0.0,-0.1,6,71.992,3.720,518.875
4864.4,75.72,84.2,0.0,-0.1,6,68.611,3.698,521.904
4864.4,75.80,84.4,0.0,-0.1,6,66.354,3.683,523.926
4864.4,75.92,84.5,0.0,-0.1,6,62.963,3.658,526.962
4879.5,76.03,84.7,0.0,-0.1,6,59.567,3.631,530.002
4879.5,76.11,84.8,0.0,-0.1,6,57.299,3.611,532.030
4879.5,76.22,84.9,66.2,-0.0,6,53.892,3.579,535.076
4879.5,75.71,43.3,33.7,-0.0,6,51.625,3.557,537.102
4894.7,75.18,47.4,75.0,-0.0,6,48.247,3.522,540.119
4894.7,74.48,0.0,75.0,0.0,6,46.013,3.497,542.115
4894.7,73.27,0.0,75.0,0.2,6,42.706,3.460,545.069
4894.7,72.46,0.0,75.0,0.3,6,40.531,3.433,547.012
4909.4,71.42,43.6,75.0,0.2,6,37.313,3.392,549.887
4909.4,70.94,43.3,75.0,0.3,6,35.189,3.361,551.786
4909.4,70.10,33.4,75.0,0.0,6,32.038,3.313,554.606
4909.4,69.43,0.0,75.0,-0.1,6,29.957,3.281,556.471
4923.5,68.59,34.3,75.0,-0.1,6,26.876,3.232,559.235
4923.5,67.94,0.0,75.0,0.1,6,24.842,3.198,561.061
4923.5,66.77,0.0,75.0,0.1,6,21.834,3.150,563.765
4923.5,65.94,35.3,75.0,0.0,6,18.876,3.099,566.425
4936.9,65.30,0.0,75.0,0.1,6,16.923,3.065,568.183
4936.9,64.47,35.7,75.0,0.2,6,14.031,3.016,570.786
4936.9,63.84,0.0,75.0,0.2,0,12.122,2.983,572.505
4936.9,62.71,0.0,75.0,-0.1,5,9.300,2.937,575.047
4949.8,62.09,41.7,12.5,-0.4,5,7.446,2.906,576.717
4949.8,61.50,43.2,75.0,-0.7,5,4.687,2.863,579.202
4949.8,60.75,0.0,75.0,-0.9,5,2.868,2.836,580.839
4949.8,59.61,0.0,75.0,-0.9,5,0.181,2.793,583.255
4962.0,59.00,40.4,75.0,-1.1,5,-1.585,2.762,584.839
4962.0,58.18,0.0,75.0,-0.8,5,-4.208,2.715,587.187
4962.0,57.59,40.4,75.0,-0.5,5,-5.934,2.686,588.729
4962.0,56.78,0.0,75.0,-0.4,5,-8.500,2.643,591.014
4973.6,56.19,40.2,12.5,-0.4,5,-10.189,2.615,592.513
4973.6,55.61,46.4,75.0,-0.5,5,-12.704,2.574,594.741
4973.6,54.68,40.2,75.0,-0.6,5,-15.183,2.535,596.931
4973.6,54.23,47.6,75.0,-0.8,5,-16.818,2.510,598.372
4984.6,53.16,42.3,75.0,-0.8,0,-19.239,2.473,600.501
4984.6,52.41,0.0,75.0,-0.7,4,-20.828,2.448,601.894
4984.6,51.29,0.0,37.5,-0.7,4,-23.171,2.412,603.944
4984.6,50.88,36.4,75.0,-0.8,4,-24.711,2.387,605.287
4995.0,49.94,0.0,37.5,-0.9,4,-26.996,2.349,607.276
4995.0,49.71,62.8,75.0,-1.0,4,-28.500,2.324,608.580
4995.0,48.88,0.0,75.0,-1.1,4,-30.741,2.287,610.517
4995.0,48.13,0.0,37.5,-1.1,4,-32.212,2.263,611.784
5004.9,47.52,46.1,75.0,-1.1,4,-34.391,2.229,613.654
5004.9,46.82,0.0,75.0,-1.3,4,-35.826,2.207,614.881
5004.9,46.22,60.2,0.0,-1.4,4,-37.947,2.175,616.686
5004.9,46.38,70.4,0.0,-1.6,4,-39.360,2.153,617.882
5014.3,46.65,70.5,0.0,-1.9,4,-41.494,2.121,619.680
5014.3,46.83,70.3,0.0,-2.0,4,-42.927,2.099,620.880
5014.3,47.10,70.4,0.0,-2.2,4,-45.092,2.066,622.683
5023.6,47.37,70.2,0.0,-2.4,4,-47.276,2.031,624.487
5023.6,47.54,69.6,0.0,-2.5,4,-48.744,2.008,625.690
5023.6,47.79,65.5,0.0,-3.1,4,-50.962,1.973,627.495
5023.6,47.91,48.0,3.7,-3.8,4,-52.452,1.950,628.696
5033.2,47.67,0.0,40.8,-4.7,4,-54.697,1.915,630.487
5033.2,47.22,0.0,47.9,-5.2,4,-56.188,1.892,631.663
5033.2,46.43,0.0,57.1,-5.3,4,-58.406,1.859,633.390
5033.2,45.84,0.0,60.0,-5.3,4,-59.871,1.837,634.514
5042.4,44.93,0.0,60.8,-5.6,4,-62.046,1.804,636.155
5042.4,44.31,0.0,60.3,-5.5,0,-63.481,1.782,637.218
5042.4,43.45,0.0,51.8,-5.2,3,-65.613,1.749,638.765
5042.4,42.90,0.0,45.8,-5.3,3,-67.022,1.729,639.764
5051.1,42.18,0.0,39.3,-5.9,3,-69.122,1.699,641.217
5051.1,41.74,0.0,36.6,-6.7,3,-70.514,1.679,642.155
5051.1,41.13,0.0,36.8,-7.9,3,-72.593,1.651,643.520
5051.1,40.71,0.0,38.9,-8.4,3,-73.973,1.632,644.402
5059.2,40.06,0.0,41.7,-9.0,3,-76.032,1.604,645.683
5059.2,39.40,0.0,37.4,-9.2,3,-78.075,1.577,646.912
5059.2,39.02,0.0,17.2,-9.2,3,-79.430,1.559,647.702
5059.2,38.68,0.0,13.9,-10.6,3,-81.460,1.532,648.847
5066.9,38.47,0.0,12.4,-11.2,3,-82.816,1.513,649.585
5066.9,38.19,0.0,11.5,-11.4,3,-84.852,1.485,650.654
5066.9,38.00,0.0,9.8,-11.6,3,-86.211,1.466,651.343
5066.9,37.76,0.0,6.6,-11.9,3,-88.254,1.437,652.340
5074.4,37.62,0.0,10.2,-12.0,3,-89.619,1.418,652.980
5074.4,37.32,0.0,19.0,-12.4,3,-91.670,1.389,653.903
5074.4,37.07,0.0,21.7,-12.6,3,-93.037,1.371,654.492
5074.4,36.60,0.0,26.0,-12.6,3,-95.081,1.343,655.336
5081.8,36.30,0.0,19.5,-12.5,3,-96.438,1.324,655.870
5081.8,35.95,0.0,12.7,-12.8,3,-98.468,1.298,656.630
5081.8,35.76,0.0,10.2,-13.5,3,-99.819,1.280,657.110
5081.8,35.54,43.9,8.4,-14.4,0,-101.847,1.254,657.790
5089.1,35.39,0.0,7.8,-14.5,2,-103.200,1.235,658.217
5089.1,35.15,0.0,5.4,-14.7,2,-105.229,1.209,658.817
5089.1,34.94,0.0,3.9,-15.1,2,-107.259,1.183,659.368
5089.1,34.81,0.0,3.6,-15.9,2,-108.612,1.166,659.709
5096.4,34.63,0.0,3.2,-16.6,2,-110.641,1.141,660.179
5096.4,34.50,0.0,3.2,-16.7,2,-111.994,1.123,660.467
5096.4,34.32,0.0,3.6,-16.8,2,-114.022,1.098,660.856
5096.4,34.20,0.0,3.4,-17.1,2,-115.372,1.082,661.089
5103.5,34.01,0.0,3.5,-16.3,2,-117.396,1.058,661.396
5103.5,33.89,0.0,3.7,-15.9,2,-118.742,1.042,661.573
5103.5,33.70,0.0,3.5,-16.1,2,-120.757,1.019,661.799
5103.5,33.58,0.0,3.9,-15.2,2,-122.097,1.005,661.921
5110.7,33.39,0.0,4.3,-13.2,2,-124.101,0.985,662.066
5110.7,33.27,0.0,4.2,-14.5,2,-125.433,0.972,662.138
5110.7,33.08,0.0,4.2,-15.1,2,-127.422,0.955,662.210
5110.7,32.96,0.0,4.1,-14.8,2,-128.743,0.942,662.235
5117.6,32.77,0.0,3.8,-17.6,2,-130.715,0.925,662.237
5117.6,32.65,0.0,4.3,-16.6,2,-132.023,0.913,662.215
5117.6,32.46,0.0,4.3,-17.5,2,-133.976,0.896,662.145
5117.6,32.27,0.0,4.8,-15.8,2,-135.915,0.879,662.031
5124.6,32.15,0.0,4.4,-14.7,2,-137.199,0.868,661.930
5124.6,31.97,0.0,3.2,-18.0,2,-139.114,0.853,661.745
5124.6,31.85,0.0,2.6,-19.8,2,-140.382,0.842,661.598
5124.6,31.68,0.0,3.4,-18.1,2,-142.271,0.827,661.340
5131.3,31.57,0.0,3.1,-19.4,2,-143.521,0.817,661.145
5131.3,31.40,0.0,3.4,-19.2,2,-145.380,0.803,660.813
5131.3,31.28,0.0,3.5,-20.1,2,-146.610,0.793,660.567
5131.3,31.10,0.0,3.2,-21.3,2,-148.436,0.779,660.161
5137.9,30.98,0.0,2.9,-21.9,2,-149.642,0.770,659.865
5137.9,30.81,0.0,3.9,-17.1,2,-151.432,0.756,659.383
5137.9,30.69,0.0,4.3,-14.5,2,-152.613,0.748,659.038
5137.9,30.51,0.0,4.4,-16.8,2,-154.366,0.735,658.489
5144.7,30.39,0.0,4.3,-20.0,2,-155.521,0.726,658.103
5144.7,30.20,0.0,6.1,-23.2,2,-157.234,0.714,657.492
5144.7,30.06,0.0,5.8,-24.1,2,-158.360,0.706,657.062
5144.7,29.83,0.0,6.9,-23.7,2,-160.024,0.695,656.382
5151.2,29.61,0.0,3.8,-21.9,2,-161.654,0.685,655.660
5151.2,29.49,0.0,5.3,-21.0,2,-162.723,0.680,655.155
5151.2,29.31,0.0,0.9,-20.7,2,-164.299,0.675,654.362
5151.2,29.21,0.0,0.2,-21.0,2,-165.332,0.673,653.811
5157.6,29.07,0.0,1.3,-21.1,2,-166.855,0.671,652.951
5157.6,28.98,0.0,0.7,-21.5,2,-167.853,0.670,652.358
5157.6,28.84,1.1,0.0,-22.6,2,-169.322,0.669,651.436
5157.6,28.76,1.7,0.0,-23.9,2,-170.286,0.666,650.804
5163.9,28.50,14.4,0.0,-28.2,2,-173.537,0.655,648.465
5163.9,28.49,19.1,0.0,-25.3,2,-174.872,0.655,647.395
5170.6,28.50,24.4,0.0,-23.9,2,-175.742,0.657,646.659
5170.6,28.61,35.4,0.0,-23.3,2,-177.023,0.659,645.522
5170.6,28.70,40.4,0.0,-25.3,2,-177.862,0.660,644.741
5170.6,28.88,45.0,0.0,-29.5,2,-179.097,0.664,643.535
5176.8,29.10,54.1,0.0,-32.2,2,-180.305,0.666,642.286
5176.8,29.29,59.6,0.0,-33.2,2,-181.095,0.668,641.427
5176.8,29.49,42.8,0.0,-32.3,2,-182.253,0.672,640.097
5176.8,29.58,37.1,0.0,-31.2,2,-183.004,0.674,639.185
5183.1,29.68,33.8,0.0,-28.3,2,-184.093,0.680,637.780
5183.1,29.74,28.5,0.0,-25.8,2,-184.793,0.685,636.820
5183.1,29.85,42.0,0.0,-18.9,2,-185.806,0.693,635.348
5183.1,30.01,52.6,0.0,-13.7,2,-186.459,0.699,634.346
5189.6,30.25,33.6,0.0,-10.7,2,-187.415,0.707,632.811
5189.6,30.23,5.8,9.1,-10.9,2,-188.035,0.713,631.772
5189.6,29.95,0.0,19.5,-11.8,2,-188.938,0.721,630.207
5189.6,29.70,0.0,14.4,-12.4,2,-189.520,0.726,629.165
5195.7,29.46,2.7,0.5,-13.3,2,-190.363,0.737,627.604
5195.7,29.42,18.9,0.0,-14.1,2,-190.908,0.744,626.560
5195.7,29.54,41.3,0.0,-15.6,2,-191.703,0.754,624.981
5195.7,29.66,41.3,0.0,-16.7,2,-192.219,0.761,623.916
5201.5,29.86,45.6,0.0,-18.0,2,-192.971,0.771,622.297
5201.5,30.09,50.6,0.0,-19.3,2,-193.697,0.779,620.652
5201.5,30.25,50.6,0.0,-19.5,2,-194.163,0.784,619.540
5207.3,30.52,59.1,0.0,-18.4,2,-194.837,0.789,617.847
5207.3,30.74,61.7,0.0,-17.2,2,-195.268,0.792,616.700
5207.3,31.09,61.8,0.0,-15.6,2,-195.886,0.795,614.952
5207.3,31.30,57.5,0.0,-15.3,2,-196.279,0.796,613.768
5213.2,31.61,57.6,0.0,-16.2,2,-196.834,0.797,611.965
5213.2,31.83,62.5,0.0,-17.2,2,-197.183,0.798,610.746
5213.2,32.18,64.0,0.0,-18.9,2,-197.674,0.800,608.890
5213.2,32.41,64.2,0.0,-20.3,2,-197.980,0.801,607.635
5219.5,32.77,65.5,0.0,-19.8,2,-198.406,0.802,605.727
5219.5,33.02,66.3,0.0,-18.3,2,-198.666,0.804,604.438
5219.5,33.41,73.3,0.0,-16.9,2,-199.021,0.807,602.478
5219.5,33.69,75.5,0.0,-15.2,2,-199.232,0.809,601.154
5226.1,34.15,74.5,0.0,-14.5,2,-199.514,0.814,599.139
5226.1,34.42,70.3,0.0,-13.5,2,-199.676,0.818,597.778
5226.1,34.82,68.2,0.0,-9.2,2,-199.883,0.825,595.712
5226.1,35.07,65.1,0.0,-7.2,2,-199.996,0.831,594.319
5233.1,35.42,58.3,0.0,-6.1,2,-200.133,0.840,592.209
5233.1,35.62,57.4,0.0,-5.6,2,-200.206,0.848,590.790
5233.1,35.72,10.9,18.4,-4.3,2,-200.293,0.860,588.649
5233.1,35.30,0.0,31.0,-1.5,2,-200.359,0.875,586.517
5240.2,34.92,0.0,41.0,0.5,2,-200.397,0.884,585.113
5240.2,34.24,0.0,49.3,3.4,2,-200.451,0.899,583.036
5240.2,33.73,0.0,53.3,5.0,2,-200.487,0.908,581.677
5240.2,32.94,0.0,45.4,7.1,2,-200.547,0.923,579.676
5247.0,32.46,0.0,38.9,7.8,2,-200.594,0.932,578.368
5247.0,31.86,0.0,33.0,9.1,2,-200.678,0.947,576.439
5247.0,31.51,0.0,16.5,10.3,2,-200.746,0.956,575.174
5247.0,31.26,6.6,0.0,12.8,2,-200.869,0.971,573.296
5253.4,31.25,22.3,0.0,14.7,2,-200.967,0.980,572.050
5253.4,31.40,49.1,0.0,17.6,2,-201.141,0.993,570.180
5253.4,31.56,48.9,0.0,19.2,2,-201.277,1.002,568.929
5253.4,31.80,55.4,0.0,20.8,2,-201.515,1.014,567.044
5259.9,32.03,70.0,0.0,21.2,2,-201.698,1.022,565.781
5259.9,32.39,60.7,0.0,22.4,2,-202.014,1.034,563.875
5259.9,32.62,66.1,0.0,22.1,2,-202.254,1.043,562.598
5259.9,33.03,71.1,0.0,21.0,2,-202.659,1.055,560.671
5266.6,33.25,60.8,0.0,19.8,2,-202.960,1.064,559.381
5266.6,33.52,49.5,0.0,18.9,2,-203.459,1.078,557.441
5266.6,33.66,40.3,0.0,18.7,2,-203.824,1.088,556.148
5266.6,33.50,0.3,27.8,19.5,2,-204.417,1.103,554.219
5273.6,32.93,0.0,40.9,19.5,2,-205.055,1.120,552.328
5273.6,32.48,0.0,34.7,18.6,2,-205.499,1.130,551.097
5273.6,31.90,0.0,24.9,16.6,2,-206.196,1.147,549.296
5273.6,31.59,0.0,18.9,15.7,2,-206.682,1.159,548.122
5281.0,31.22,0.0,12.4,15.2,2,-207.445,1.177,546.399
5281.0,31.01,0.0,10.7,16.1,2,-207.976,1.190,545.273
5281.0,30.73,0.0,12.1,19.1,2,-208.804,1.210,543.616
5281.0,30.53,0.0,14.9,20.6,2,-209.376,1.224,542.532
5287.8,30.18,0.0,16.7,22.6,2,-210.261,1.244,540.939
5287.8,29.95,0.0,14.0,23.5,2,-210.869,1.256,539.901
5287.8,29.64,0.0,10.3,24.4,2,-211.810,1.275,538.381
5287.8,29.45,0.0,9.3,25.0,2,-212.457,1.287,537.392
5295.0,29.20,0.0,4.7,26.4,2,-213.458,1.305,535.944
5295.0,29.07,0.0,2.9,27.6,2,-214.146,1.317,535.004
5295.0,28.88,0.0,2.6,29.5,2,-215.211,1.333,533.630
5295.0,28.76,0.1,0.4,30.8,2,-215.943,1.344,532.739
5301.3,28.61,2.3,0.0,32.8,2,-217.073,1.360,531.441
5301.3,28.51,2.6,0.0,34.4,2,-217.848,1.370,530.601
5301.3,28.36,3.9,0.0,36.9,2,-219.044,1.384,529.383
5301.3,28.25,10.3,0.0,39.0,2,-220.277,1.397,528.216
5307.3,28.18,10.7,0.0,40.2,2,-221.120,1.406,527.466
5307.3,28.08,13.4,0.0,41.9,2,-222.416,1.417,526.385
5307.3,28.05,20.4,0.0,43.1,2,-223.301,1.425,525.694
5307.3,28.04,25.1,0.0,44.9,2,-224.660,1.435,524.702
5313.2,28.04,26.2,0.0,46.4,2,-225.587,1.441,524.071
5313.2,28.08,31.6,0.0,49.1,2,-227.008,1.450,523.168
5313.2,28.11,30.2,0.0,51.4,2,-227.975,1.455,522.596
5313.2,28.13,24.8,0.0,56.1,2,-229.454,1.462,521.784
5319.1,28.10,20.2,0.0,59.2,2,-230.456,1.466,521.273
5319.1,28.06,22.7,0.0,63.4,2,-231.981,1.471,520.557
5319.1,28.04,25.4,0.0,66.3,2,-233.011,1.474,520.113
5319.1,28.00,18.4,0.0,70.7,2,-234.576,1.478,519.496
5325.1,27.94,14.6,0.0,73.6,2,-235.629,1.480,519.119
5325.1,27.81,13.0,0.0,76.9,2,-237.221,1.482,518.606
5325.1,27.73,12.4,0.0,78.4,2,-238.289,1.483,518.300
5325.1,27.59,11.6,0.0,80.2,2,-239.898,1.484,517.895
5330.8,27.45,11.1,0.0,79.9,2,-241.514,1.484,517.556
5330.8,27.34,11.0,0.0,79.4,2,-242.594,1.484,517.367
5330.8,27.20,11.4,0.0,81.0,2,-244.214,1.483,517.139
5330.8,27.11,11.2,0.0,79.7,2,-245.294,1.481,517.024
5336.5,26.96,48.8,0.0,79.2,0,-246.912,1.478,516.907
5336.5,26.85,2.2,0.0,79.4,1,-247.988,1.476,516.867
5336.5,26.67,13.0,0.0,78.0,1,-249.593,1.471,516.862
5336.5,26.58,13.0,0.0,76.3,1,-250.658,1.468,516.895
5342.0,26.45,13.3,0.0,73.7,1,-252.245,1.462,516.999
5342.0,26.37,14.0,0.0,71.6,1,-253.297,1.458,517.104
5342.0,26.31,14.9,0.0,69.2,1,-254.342,1.453,517.236
5342.0,26.23,17.2,0.0,64.9,1,-255.898,1.445,517.488
5347.4,26.22,28.6,0.0,60.0,1,-257.439,1.436,517.801
5347.4,26.29,36.5,0.0,57.0,1,-258.460,1.430,518.043
5347.4,26.48,46.7,0.0,52.1,1,-259.988,1.419,518.457
5352.9,26.77,53.3,0.0,46.1,1,-261.512,1.407,518.931
5352.9,26.99,60.7,0.0,41.0,1,-262.528,1.398,519.281
5352.9,27.28,41.4,0.0,32.0,1,-264.050,1.383,519.859
5352.9,27.45,46.4,0.0,26.3,1,-265.060,1.372,520.280
5358.5,27.76,53.0,0.0,20.4,1,-266.567,1.356,520.963
5358.5,28.01,56.9,0.0,19.1,1,-267.569,1.344,521.453
5358.5,28.40,57.0,0.0,20.5,1,-269.066,1.327,522.239
5358.5,28.64,56.2,0.0,22.8,1,-270.061,1.315,522.796
5364.7,29.03,56.4,0.0,26.6,1,-271.547,1.296,523.681
5364.7,29.27,55.7,0.0,29.6,1,-272.533,1.284,524.302
5364.7,29.62,56.0,0.0,33.1,1,-274.003,1.264,525.281
5364.7,29.97,58.6,0.0,33.6,1,-275.460,1.243,526.314
5370.9,30.20,59.4,0.0,35.4,1,-276.423,1.229,527.035
5370.9,30.58,62.2,0.0,30.1,1,-277.852,1.207,528.167
5370.9,30.84,65.4,0.0,29.8,1,-278.793,1.192,528.954
5370.9,31.24,65.5,0.0,33.1,1,-280.189,1.170,530.187
5377.5,31.50,65.4,0.0,32.9,1,-281.105,1.154,531.043
5377.5,31.88,64.1,0.0,29.5,1,-282.459,1.130,532.377
5377.5,32.10,62.7,0.0,29.2,1,-283.344,1.113,533.300
5377.5,32.41,57.5,0.0,27.7,1,-284.641,1.088,534.735
5384.8,32.61,60.2,0.0,27.2,1,-285.484,1.072,535.725
5384.8,32.83,0.0,0.0,27.6,0,-286.712,1.048,537.258
5384.8,32.78,60.8,0.0,28.0,2,-287.501,1.033,538.306
5384.8,33.07,63.0,0.0,29.0,2,-288.640,1.009,539.918
5391.9,33.27,61.9,0.0,29.5,2,-289.374,0.994,541.023
5391.9,33.61,67.6,0.0,31.6,2,-290.438,0.969,542.723
5391.9,33.81,54.2,0.0,33.3,2,-291.121,0.953,543.884
5391.9,34.05,61.1,0.0,32.8,2,-292.102,0.929,545.667
5399.8,34.29,59.7,0.0,30.6,2,-293.026,0.907,547.496
5399.8,34.45,58.0,0.0,29.2,2,-293.611,0.892,548.740
5399.8,34.70,58.8,0.0,27.8,2,-294.437,0.871,550.643
5399.8,34.91,65.4,0.0,25.6,2,-294.955,0.856,551.934
5407.3,35.06,53.4,0.0,23.3,2,-295.449,0.841,553.243
5407.3,35.20,42.9,0.0,22.5,2,-296.134,0.818,555.236
5407.3,35.33,38.1,0.0,18.5,2,-296.747,0.797,557.260
5407.3,35.41,52.3,0.0,15.7,2,-297.115,0.785,558.626
5415.5,35.66,59.3,0.0,12.4,2,-297.608,0.767,560.700
5415.5,35.86,65.4,0.0,11.1,2,-297.901,0.754,562.099
5415.5,36.24,70.7,0.0,8.8,2,-298.287,0.736,564.226
5415.5,36.53,79.8,0.0,8.0,2,-298.512,0.724,565.663
5423.2,37.02,86.0,0.0,9.0,2,-298.797,0.709,567.849
5423.2,37.39,86.0,0.0,10.6,2,-298.959,0.700,569.328
5423.2,37.89,86.1,0.0,13.0,2,-299.162,0.687,571.576
5423.2,38.23,86.2,0.0,13.2,2,-299.272,0.679,573.094
5431.4,38.74,86.3,0.0,13.2,2,-299.400,0.670,575.399
5431.4,39.23,86.5,0.0,13.2,2,-299.484,0.664,577.735
5431.4,39.55,86.5,0.0,13.3,2,-299.514,0.661,579.310
5431.4,40.00,86.2,0.0,13.0,2,-299.519,0.659,581.695
5439.4,40.31,85.4,0.0,12.5,2,-299.494,0.657,583.301
5439.4,40.74,83.7,0.0,11.7,2,-299.413,0.654,585.730
5439.4,41.03,83.6,0.0,11.7,2,-299.328,0.651,587.362
5439.4,41.33,0.0,0.0,12.5,0,-299.154,0.646,589.829
5447.4,41.31,82.2,0.0,13.7,3,-299.005,0.642,591.474
5447.4,41.70,85.3,0.0,15.2,3,-298.731,0.634,593.949
5447.4,41.99,85.4,0.0,15.2,3,-298.517,0.628,595.608
5447.4,42.40,85.5,0.0,15.8,3,-298.148,0.617,598.112
5455.6,42.67,85.6,0.0,15.7,3,-297.868,0.609,599.790
5455.6,43.08,85.7,0.0,16.5,3,-297.399,0.594,602.318
5455.6,43.34,85.9,0.0,15.9,3,-297.052,0.583,604.011
5455.6,43.76,85.9,0.0,14.3,3,-296.483,0.563,606.560
5464.1,44.15,86.0,0.0,12.9,3,-295.847,0.543,609.118
5464.1,44.42,86.0,0.0,12.2,3,-295.387,0.529,610.828
5464.1,44.82,86.1,0.0,11.0,3,-294.647,0.506,613.400
5464.1,45.08,86.2,0.0,9.9,3,-294.120,0.488,615.118
5472.8,45.48,86.3,0.0,7.7,3,-293.278,0.459,617.701
5472.8,45.75,86.3,0.0,6.6,3,-292.684,0.438,619.425
5472.8,46.17,86.3,0.0,6.4,3,-291.747,0.404,622.017
5472.8,46.44,86.3,0.0,7.0,3,-291.096,0.379,623.751
5481.9,46.86,86.5,0.0,6.7,3,-290.081,0.340,626.357
5481.9,47.10,86.7,0.0,6.3,3,-289.380,0.315,628.100
5481.9,47.51,86.6,0.0,6.1,3,-288.295,0.279,630.720
5481.9,47.71,86.8,0.0,6.2,3,-287.550,0.254,632.471
5491.3,47.75,0.0,0.0,3.7,0,-286.407,0.207,635.099
5491.3,47.91,85.0,0.0,1.3,4,-285.632,0.168,636.846
5491.3,48.29,80.1,0.0,-0.0,4,-284.438,0.107,639.473
5491.3,48.47,85.0,0.0,1.1,4,-283.617,0.075,641.224
5500.8,48.81,85.0,0.0,3.6,4,-282.357,0.031,643.855
5500.8,49.17,85.1,0.0,6.4,4,-281.067,-0.010,646.495
5500.8,49.44,85.0,0.0,6.6,4,-280.191,-0.037,648.261
5510.6,49.74,85.2,0.0,6.1,4,-278.850,-0.080,650.917
5510.6,49.97,85.2,0.0,5.6,4,-277.938,-0.107,652.690
5510.6,50.32,85.1,0.0,3.2,4,-276.541,-0.150,655.353
5510.6,50.55,85.4,0.0,2.1,4,-275.588,-0.176,657.130
5520.6,50.87,85.3,0.0,2.2,4,-274.123,-0.207,659.795
5520.6,51.05,85.5,0.0,3.2,4,-273.125,-0.220,661.572
5520.6,51.41,85.5,0.0,5.0,4,-271.602,-0.233,664.241
5520.6,51.61,85.7,0.0,6.3,4,-270.571,-0.242,666.024
5530.8,51.97,85.6,0.0,5.7,4,-269.001,-0.261,668.704
5530.8,52.18,85.7,0.0,4.9,4,-267.933,-0.274,670.492
5530.8,52.51,85.8,0.0,4.4,4,-266.300,-0.291,673.173
5530.8,52.72,85.8,0.0,4.5,4,-265.190,-0.301,674.961
5541.3,53.05,85.9,0.0,4.6,4,-263.495,-0.316,677.642
5541.3,53.26,85.9,0.0,4.8,4,-262.345,-0.324,679.430
5541.3,53.59,86.0,0.0,4.3,4,-260.590,-0.335,682.112
5541.3,53.90,86.0,0.0,3.6,4,-258.800,-0.343,684.793
5551.9,54.11,86.1,0.0,2.8,4,-257.587,-0.347,686.580
5551.9,54.43,86.1,0.0,2.2,4,-255.741,-0.351,689.262
5551.9,54.64,86.2,0.0,2.0,4,-254.495,-0.354,691.052
5551.9,54.95,86.2,0.0,1.6,4,-252.606,-0.358,693.742
5562.8,55.16,86.2,0.0,1.5,4,-251.333,-0.362,695.539
5562.8,55.48,86.3,0.0,1.3,4,-249.407,-0.367,698.241
5562.8,55.68,86.4,0.0,1.6,4,-248.112,-0.372,700.047
5562.8,55.99,86.4,0.0,2.0,4,-246.152,-0.381,702.764
5573.8,56.19,86.5,0.0,2.4,4,-244.835,-0.387,704.579
5573.8,56.48,86.5,0.0,2.9,4,-242.839,-0.395,707.306
5573.8,56.68,86.5,0.0,3.2,4,-241.495,-0.400,709.127
5573.8,56.98,86.6,0.0,3.6,4,-239.458,-0.406,711.860
5585.1,57.17,86.6,0.0,3.7,4,-238.084,-0.410,713.683
5585.1,57.46,86.7,0.0,3.9,4,-235.997,-0.414,716.416
5585.1,57.75,86.7,0.0,4.4,4,-233.879,-0.417,719.147
5585.1,57.93,86.8,0.0,4.6,4,-232.450,-0.418,720.965
5596.6,58.21,86.8,0.0,4.6,4,-230.276,-0.420,723.688
5596.6,58.39,86.9,0.0,4.7,4,-228.808,-0.420,725.499
5596.6,58.66,86.9,0.0,4.6,4,-226.575,-0.420,728.209
5596.6,58.83,86.9,0.0,3.4,4,-225.066,-0.418,730.010
5608.4,59.11,87.0,0.0,3.5,4,-222.773,-0.415,732.704
5608.4,59.28,87.0,0.0,3.9,4,-221.226,-0.412,734.495
5608.4,59.54,87.1,0.0,4.1,0,-218.876,-0.404,737.175
5608.4,59.49,0.0,0.0,4.7,0,-217.293,-0.397,738.954
5620.6,59.66,85.3,0.0,3.4,5,-214.898,-0.384,741.605
5620.6,59.82,85.3,0.0,3.4,5,-213.283,-0.373,743.365
5620.6,60.05,85.4,0.0,3.8,5,-210.834,-0.354,745.997
5620.6,60.21,85.5,0.0,3.5,5,-209.183,-0.340,747.746
5632.8,60.45,85.5,0.0,4.3,5,-206.681,-0.317,750.360
5632.8,60.68,85.6,0.0,5.0,5,-204.146,-0.291,752.964
5632.8,60.83,85.6,0.0,5.1,5,-202.439,-0.272,754.692
5632.8,61.06,85.6,0.0,5.7,5,-199.849,-0.244,757.274
5645.2,61.21,85.7,0.0,6.0,5,-198.104,-0.227,758.986
5645.2,61.44,85.7,0.0,5.6,5,-195.455,-0.204,761.540
5645.2,61.59,85.7,0.0,5.7,5,-193.668,-0.189,763.231
5645.2,61.82,85.8,0.0,6.1,5,-190.957,-0.173,765.752
5657.7,61.97,85.8,0.0,5.9,5,-189.130,-0.167,767.422
5657.7,62.19,85.8,0.0,5.3,5,-186.356,-0.161,769.907
5657.7,62.34,85.9,0.0,5.1,5,-184.484,-0.159,771.550
5657.7,62.55,85.9,0.0,4.8,5,-181.644,-0.154,773.992
5670.5,62.70,85.9,0.0,4.8,5,-179.729,-0.149,775.606
5670.5,62.92,86.0,0.0,5.5,5,-176.824,-0.141,778.007
5670.5,63.07,86.0,0.0,5.8,5,-174.868,-0.137,779.594
5670.5,63.29,86.0,0.0,6.4,5,-171.904,-0.134,781.956
5683.3,63.50,86.1,0.0,6.7,5,-168.904,-0.136,784.294
5683.3,63.64,86.1,0.0,6.3,5,-166.882,-0.139,785.836
5683.3,63.84,86.1,0.0,6.2,5,-163.817,-0.140,788.122
5683.3,63.98,86.2,0.0,6.3,5,-161.751,-0.139,789.626
5696.3,64.17,86.3,0.0,7.8,5,-158.618,-0.137,791.855
5696.3,64.32,86.2,0.0,7.6,5,-156.508,-0.134,793.321
5696.3,64.53,86.2,0.0,6.4,5,-153.311,-0.135,795.492
5696.3,64.65,86.3,0.0,5.8,5,-151.157,-0.134,796.918
5709.5,64.84,86.3,0.0,4.5,5,-147.893,-0.129,799.022
5709.5,64.97,86.3,0.0,5.1,5,-145.694,-0.122,800.402
5709.5,65.17,86.3,0.0,6.5,5,-142.368,-0.115,802.444
5709.5,65.32,86.3,0.0,7.6,5,-140.131,-0.114,803.787
5722.7,65.46,86.5,0.0,8.3,5,-136.745,-0.112,805.768
5722.7,65.56,86.6,0.0,7.3,5,-134.467,-0.109,807.065
5722.7,65.80,86.6,0.0,6.7,5,-131.019,-0.104,808.974
5722.7,65.91,86.6,0.0,7.3,5,-128.700,-0.103,810.223
5736.2,66.09,86.6,0.0,8.1,5,-125.189,-0.103,812.054
5736.2,66.28,86.5,0.0,9.1,5,-121.639,-0.100,813.834
5736.2,66.38,86.6,0.0,9.0,5,-119.253,-0.099,814.993
5749.7,66.56,86.6,0.0,8.2,5,-115.643,-0.095,816.688
5749.7,66.68,86.6,0.0,8.0,5,-113.216,-0.092,817.788
5749.7,66.84,86.6,0.0,8.3,5,-109.546,-0.089,819.393
5749.7,66.97,86.6,0.0,8.4,5,-107.080,-0.087,820.433
5763.2,67.13,86.7,0.0,7.5,5,-103.352,-0.081,821.945
5763.2,67.23,86.7,0.0,7.1,5,-100.849,-0.076,822.921
5763.2,67.42,86.7,0.0,6.8,5,-97.067,-0.070,824.342
5763.2,67.53,86.7,0.0,6.9,5,-94.529,-0.065,825.260
5776.8,67.71,86.8,0.0,7.6,5,-90.698,-0.059,826.595
5776.8,67.82,86.8,0.0,7.5,5,-88.129,-0.057,827.457
5776.8,67.99,86.8,0.0,6.6,5,-84.251,-0.051,828.705
5776.8,68.09,86.8,0.0,6.6,5,-81.650,-0.046,829.507
5790.4,68.26,86.8,0.0,6.5,5,-77.728,-0.037,830.667
5790.4,68.37,86.8,0.0,6.8,5,-75.099,-0.031,831.410
5790.4,68.54,86.9,0.0,7.0,5,-71.134,-0.023,832.482
5790.4,68.70,86.9,0.0,6.6,5,-67.146,-0.014,833.501
5804.0,68.80,86.9,0.0,5.3,5,-64.474,-0.007,834.150
5804.0,68.97,86.9,0.0,4.6,5,-60.447,0.004,835.081
5804.0,69.07,86.9,0.0,4.2,5,-57.751,0.012,835.673
5804.0,69.24,86.9,0.0,4.0,5,-53.690,0.027,836.524
5817.8,69.35,86.9,0.0,4.0,5,-50.973,0.038,837.067
5817.8,69.51,87.0,0.0,3.8,5,-46.882,0.057,837.851
5817.8,69.62,87.0,0.0,3.8,5,-44.145,0.072,838.353
5817.8,69.70,0.0,0.0,3.8,0,-40.027,0.095,839.078
5831.6,69.64,85.8,0.0,3.4,6,-37.280,0.110,839.540
5831.6,69.80,85.8,0.0,3.0,6,-33.150,0.133,840.206
5831.6,69.90,85.8,0.0,3.3,6,-30.389,0.148,840.630
5831.6,70.06,85.8,0.0,2.6,6,-26.235,0.172,841.239
5845.6,70.16,85.9,0.0,2.3,6,-23.458,0.190,841.627
5845.6,70.31,85.9,0.0,1.9,6,-19.282,0.219,842.187
5845.6,70.42,85.9,0.0,1.6,6,-16.491,0.238,842.547
5845.6,70.58,85.9,0.0,0.9,6,-12.294,0.264,843.070
5859.7,70.73,85.9,0.0,0.3,6,-8.085,0.291,843.578
5859.7,70.84,86.0,0.0,0.1,6,-5.274,0.310,843.909
5859.7,70.99,86.0,0.0,-0.1,6,-1.047,0.340,844.401
5859.7,71.10,86.0,0.0,-0.2,6,1.775,0.358,844.726
4.7,71.25,86.0,0.0,-0.2,6,6.018,0.385,845.212
