opponent,v3,Paul di Resta,0,1771612784711
Game,version,date,track,car,event,laptime [s],S1 [s],S2 [s],S3 [s],S4+ [s]
LMU,1.2,2026-02-20 18:39:44,Silverstone Grand Prix Circuit - ELMS,Peugeot TotalEnergies 2025 #93:LM (Hyper),Live,109.264,0,0,0
Tracklen [m],TotalLaps
5869.1,6
,
,
lapdistance [m],speed [m/s],throttle [%],brake [%],steer [%],gear [int],world_x [m],world_y [m],world_z [m]
26.0,71.54,59.3,0.0,0.2,5,38.492,0.570,849.735
40.3,71.69,59.4,0.0,0.2,5,42.760,0.605,850.227
40.3,71.78,59.4,0.0,0.2,5,45.611,0.631,850.553
40.3,71.93,59.4,0.0,0.2,5,49.894,0.671,851.041
40.3,72.03,59.4,0.0,0.2,5,52.755,0.698,851.365
54.7,72.18,59.4,0.0,0.2,5,57.053,0.738,851.849
54.7,72.28,59.4,0.0,0.2,5,59.924,0.763,852.171
54.7,72.42,59.4,0.0,0.2,5,64.238,0.802,852.651
54.7,72.51,59.3,0.0,0.1,5,67.118,0.830,852.971
69.1,72.65,59.2,0.0,0.2,5,71.447,0.873,853.448
69.1,72.79,59.1,0.0,0.1,5,75.783,0.914,853.925
69.1,72.88,59.1,0.0,0.0,5,78.679,0.939,854.242
83.7,73.01,58.9,0.0,0.0,5,83.030,0.974,854.717
83.7,73.10,58.9,0.0,0.0,5,85.935,0.996,855.033
83.7,73.23,58.8,0.0,0.0,5,90.299,1.030,855.507
83.7,73.24,0.0,0.0,0.0,0,93.212,1.054,855.823
98.3,73.21,85.0,0.0,0.1,6,97.577,1.087,856.297
98.3,73.30,78.6,0.0,0.7,6,100.490,1.108,856.612
98.3,73.43,69.1,0.0,0.6,6,104.866,1.139,857.085
98.3,73.52,62.7,0.0,0.3,6,107.788,1.159,857.397
113.0,73.64,58.2,0.0,-0.2,6,112.177,1.190,857.862
113.0,73.73,58.3,0.0,0.5,6,115.108,1.212,858.171
113.0,73.86,58.3,0.0,0.5,6,119.511,1.245,858.631
113.0,73.99,58.3,0.0,0.2,6,123.923,1.273,859.088
127.7,74.08,58.3,0.0,0.3,6,126.869,1.288,859.390
127.7,74.20,58.3,0.0,-0.1,6,131.294,1.310,859.840
127.7,74.28,58.4,0.0,0.3,6,134.248,1.325,860.138
127.7,74.39,58.4,0.0,0.2,6,138.686,1.354,860.585
142.6,74.47,58.5,0.0,0.1,6,141.648,1.379,860.881
142.6,74.61,58.4,0.0,0.3,6,146.098,1.411,861.323
142.6,74.69,58.4,0.0,0.2,6,149.069,1.429,861.617
142.6,74.81,58.5,0.0,0.1,6,153.533,1.456,862.055
157.5,74.89,58.5,0.0,0.1,6,156.512,1.473,862.346
157.5,75.01,58.5,0.0,0.1,6,160.988,1.496,862.781
157.5,75.09,58.5,0.0,0.1,6,163.976,1.514,863.071
157.5,75.21,58.6,0.0,0.0,6,168.464,1.543,863.504
172.5,75.29,58.6,0.0,-0.1,6,171.459,1.563,863.793
172.5,75.41,58.6,0.0,0.2,6,175.959,1.595,864.225
172.5,75.48,58.7,0.0,0.4,6,178.963,1.615,864.512
172.5,75.60,58.7,0.0,0.0,6,183.475,1.645,864.941
187.6,75.72,58.7,0.0,-0.7,6,187.994,1.671,865.367
187.6,75.79,58.7,0.0,-0.8,6,191.010,1.689,865.651
187.6,75.90,58.8,0.0,-0.6,6,195.540,1.719,866.082
187.6,75.98,58.8,0.0,-0.3,6,198.564,1.737,866.374
202.8,76.09,58.8,0.0,-0.4,6,203.104,1.764,866.820
202.8,76.16,58.8,0.0,-0.4,6,206.134,1.781,867.122
202.8,76.28,58.8,0.0,-0.2,6,210.684,1.804,867.583
202.8,76.35,58.9,0.0,-0.0,6,213.720,1.820,867.895
218.0,76.45,58.9,0.0,0.2,6,218.279,1.849,868.368
218.0,76.53,58.9,0.0,0.3,6,221.322,1.871,868.685
218.0,76.64,58.9,0.0,0.4,6,225.892,1.904,869.162
218.0,76.72,59.0,0.0,0.4,6,228.943,1.925,869.479
233.3,76.75,35.4,8.6,0.5,6,233.523,1.958,869.951
233.3,76.49,6.2,60.3,0.6,6,236.574,1.981,870.261
233.3,75.47,0.0,79.4,0.6,6,241.114,2.015,870.717
233.3,74.25,0.0,84.2,0.7,6,245.588,2.042,871.158
248.5,73.40,0.0,84.7,0.9,6,248.529,2.057,871.442
248.5,72.14,0.0,85.0,1.1,6,252.878,2.080,871.854
248.5,71.30,0.0,85.2,1.4,6,255.736,2.095,872.117
248.5,70.03,0.0,84.8,1.5,6,259.962,2.118,872.493
262.8,69.20,0.0,85.2,1.6,6,262.738,2.134,872.730
262.8,67.95,0.0,85.4,2.0,6,266.842,2.157,873.061
262.8,67.13,0.0,86.1,1.9,6,269.538,2.171,873.264
262.8,65.88,0.0,85.7,1.7,6,273.520,2.190,873.540
276.3,65.05,0.0,85.5,2.0,6,276.135,2.201,873.705
276.3,63.81,26.3,85.5,2.5,0,279.997,2.216,873.922
276.3,63.00,0.0,85.4,2.6,5,282.532,2.226,874.043
276.3,61.79,0.0,77.2,3.0,5,286.275,2.240,874.189
289.0,60.68,0.0,65.2,3.0,5,289.949,2.250,874.291
289.0,60.02,0.0,56.7,3.3,5,292.364,2.259,874.330
289.0,59.20,0.0,33.0,4.7,5,295.941,2.275,874.340
289.0,58.83,0.0,21.0,5.8,5,298.301,2.285,874.316
300.9,58.39,0.0,18.2,7.2,5,301.817,2.300,874.229
300.9,58.12,0.0,16.3,7.9,5,304.146,2.312,874.135
300.9,57.75,0.0,8.3,8.5,5,307.617,2.330,873.940
300.9,57.56,0.0,6.2,8.6,5,309.917,2.343,873.773
312.4,57.30,0.0,5.0,9.2,5,313.350,2.365,873.467
334.9,55.67,20.6,0.0,15.2,5,342.094,2.525,867.891
346.3,55.61,20.0,0.0,16.1,5,344.220,2.535,867.234
346.3,55.50,12.1,0.0,17.9,5,347.386,2.550,866.189
346.3,55.41,11.4,0.0,19.3,5,349.478,2.560,865.451
346.3,55.25,11.3,0.0,19.5,5,352.587,2.575,864.286
357.8,55.10,8.2,0.0,19.2,5,355.658,2.592,863.049
357.8,54.98,8.2,0.0,19.0,5,357.683,2.604,862.186
357.8,54.80,3.6,0.0,18.5,5,360.686,2.622,860.833
357.8,54.70,20.5,0.0,18.2,5,362.665,2.634,859.894
369.6,54.71,46.1,0.0,18.0,5,365.600,2.652,858.427
369.6,54.75,36.8,0.0,18.4,5,367.539,2.663,857.409
369.6,54.74,25.9,0.0,19.6,5,370.417,2.680,855.826
369.6,54.73,31.4,0.0,20.5,5,372.315,2.692,854.734
381.0,54.78,39.1,0.0,21.2,5,375.130,2.709,853.043
381.0,54.82,40.7,0.0,21.0,5,376.988,2.721,851.879
381.0,54.87,34.7,0.0,20.3,5,379.743,2.738,850.079
381.0,54.88,32.6,0.0,19.9,5,381.558,2.749,848.845
392.5,54.90,31.6,0.0,19.3,5,384.247,2.764,846.943
392.5,54.91,32.9,0.0,19.1,5,386.015,2.774,845.640
392.5,54.96,41.4,0.0,18.5,5,388.630,2.789,843.634
392.5,55.04,39.7,0.0,17.5,5,391.200,2.806,841.565
404.0,55.07,34.9,0.0,17.3,5,392.889,2.817,840.152
404.0,55.12,38.6,0.0,17.2,5,395.384,2.832,837.984
404.0,55.18,43.1,0.0,16.7,5,397.022,2.843,836.507
404.0,55.31,49.9,0.0,15.8,5,399.441,2.860,834.241
415.5,55.38,35.2,0.0,15.6,5,401.028,2.871,832.698
415.5,55.25,2.1,3.6,14.9,5,403.368,2.888,830.341
415.5,55.12,23.7,0.0,13.8,5,404.893,2.898,828.746
415.5,55.17,66.1,0.0,11.4,5,407.135,2.914,826.314
426.6,55.27,62.8,0.0,10.6,5,408.601,2.923,824.662
426.6,55.45,51.3,0.0,10.8,5,410.762,2.936,822.141
426.6,55.59,51.4,0.0,11.5,5,412.179,2.942,820.430
426.6,55.77,51.5,0.0,12.5,5,414.264,2.952,817.821
437.6,55.89,51.7,0.0,13.1,5,415.628,2.960,816.054
437.6,56.07,51.9,0.0,13.5,5,417.638,2.974,813.363
437.6,56.25,50.6,0.0,14.6,5,419.603,2.983,810.626
437.6,56.35,44.0,0.0,15.4,5,420.886,2.990,808.776
448.6,56.49,52.3,0.0,16.2,5,422.763,3.004,805.959
448.6,56.58,52.4,0.0,16.3,5,423.982,3.014,804.055
448.6,56.70,34.1,0.0,15.0,5,425.761,3.031,801.159
448.6,56.73,42.3,0.0,14.2,5,426.910,3.045,799.203
459.5,56.87,52.1,0.0,13.7,5,428.581,3.069,796.234
459.5,56.99,50.3,0.0,13.2,5,429.662,3.084,794.230
459.5,57.15,53.1,0.0,13.1,5,431.232,3.109,791.188
459.5,57.28,52.9,0.0,13.0,5,432.246,3.126,789.136
470.8,57.45,53.3,0.0,12.3,5,433.723,3.148,786.028
470.8,57.56,53.3,0.0,11.2,5,434.675,3.165,783.934
470.8,57.72,54.2,0.0,10.3,5,436.051,3.197,780.760
470.8,57.82,54.3,0.0,8.8,5,436.941,3.215,778.628
482.2,58.05,53.1,0.0,3.7,5,438.239,3.228,775.403
482.2,58.23,53.7,0.0,2.3,5,439.476,3.242,772.143
482.2,58.25,16.5,0.0,3.8,5,440.266,3.256,769.950
493.7,58.33,53.9,0.0,5.7,5,441.403,3.284,766.644
493.7,58.47,54.1,0.0,6.1,5,442.136,3.305,764.426
493.7,58.68,54.2,0.0,4.9,5,443.205,3.336,761.079
493.7,58.80,46.2,0.0,3.8,5,443.898,3.354,758.834
505.2,58.94,45.5,0.0,2.5,5,444.906,3.378,755.450
505.2,59.11,54.5,0.0,2.3,5,445.878,3.403,752.045
505.2,59.25,54.5,0.0,1.4,5,446.510,3.419,749.763
505.2,59.48,54.3,0.0,1.9,5,447.436,3.445,746.324
516.9,59.63,54.2,0.0,2.4,5,448.042,3.463,744.021
516.9,59.82,54.7,0.0,2.9,5,448.935,3.490,740.551
516.9,59.99,54.9,0.0,3.3,5,449.520,3.509,738.228
516.9,60.20,55.1,0.0,3.5,5,450.381,3.538,734.727
528.8,60.33,55.2,0.0,3.9,5,450.939,3.560,732.383
528.8,60.52,55.5,0.0,4.3,5,451.752,3.591,728.850
528.8,60.66,55.5,0.0,3.7,5,452.278,3.605,726.485
528.8,60.87,55.4,0.0,3.4,5,453.034,3.627,722.919
540.9,61.00,55.5,0.0,3.5,5,453.514,3.646,720.529
540.9,61.20,55.8,0.0,3.2,5,454.201,3.677,716.929
540.9,61.34,55.8,0.0,3.2,5,454.641,3.694,714.518
540.9,61.56,55.9,0.0,2.9,5,455.274,3.716,710.887
553.1,61.76,56.1,0.0,2.3,5,455.877,3.739,707.237
553.1,61.90,56.2,0.0,2.1,5,456.263,3.759,704.794
553.1,62.11,56.3,0.0,1.6,5,456.821,3.790,701.117
553.1,62.26,56.3,0.0,1.2,5,457.183,3.808,698.656
565.4,62.46,56.5,0.0,0.8,5,457.710,3.839,694.953
565.4,62.60,56.5,0.0,0.8,5,458.054,3.860,692.476
565.4,62.81,56.7,0.0,0.8,5,458.561,3.892,688.748
565.4,62.95,56.7,0.0,0.8,5,458.894,3.913,686.255
577.8,63.16,56.8,0.0,0.8,5,459.385,3.944,682.504
577.8,63.30,56.9,0.0,0.8,5,459.709,3.965,679.996
577.8,63.51,57.0,0.0,0.8,5,460.187,3.996,676.222
577.8,63.65,57.0,0.0,0.8,5,460.501,4.018,673.699
590.4,63.85,57.2,0.0,0.9,5,460.966,4.050,669.903
590.4,63.99,57.2,0.0,0.9,5,461.272,4.071,667.365
590.4,64.19,57.3,0.0,0.9,5,461.723,4.103,663.547
590.4,64.39,57.4,0.0,1.0,5,462.165,4.133,659.715
603.2,64.53,57.5,0.0,1.0,5,462.455,4.154,657.153
603.2,64.72,57.6,0.0,1.0,5,462.880,4.188,653.300
603.2,64.86,57.6,0.0,1.1,5,463.158,4.211,650.723
603.2,65.06,57.7,0.0,1.1,5,463.566,4.244,646.848
616.1,65.19,57.8,0.0,1.1,5,463.832,4.266,644.256
616.1,65.39,57.8,0.0,1.1,5,464.221,4.297,640.359
616.1,65.52,57.9,0.0,1.1,5,464.474,4.319,637.754
616.1,65.71,58.0,0.0,1.1,5,464.842,4.351,633.834
655.7,67.35,58.4,0.0,0.6,5,467.543,4.625,599.346
655.7,67.53,58.4,0.0,0.6,5,467.806,4.655,595.309
669.1,67.65,58.4,0.0,0.6,5,467.978,4.676,592.612
669.1,67.83,58.5,0.0,0.6,5,468.229,4.706,588.556
669.1,67.95,58.5,0.0,0.6,5,468.392,4.725,585.845
669.1,68.13,58.5,0.0,0.6,5,468.630,4.753,581.771
682.7,68.25,58.6,0.0,0.5,5,468.785,4.770,579.048
682.7,68.42,58.6,0.0,0.5,5,469.011,4.794,574.954
682.7,68.54,58.7,0.0,0.5,5,469.159,4.809,572.219
682.7,68.71,58.7,0.0,0.5,5,469.374,4.829,568.108
696.5,68.83,58.7,0.0,0.4,5,469.514,4.841,565.361
696.5,69.00,58.8,0.0,0.3,5,469.720,4.858,561.232
696.5,69.17,58.8,0.0,0.1,5,469.920,4.874,557.091
696.5,69.29,58.9,0.0,0.0,5,470.051,4.885,554.326
710.3,69.46,58.9,0.0,-0.3,5,470.246,4.898,550.168
710.3,69.57,59.0,0.0,-0.7,5,470.376,4.906,547.391
710.3,69.74,59.0,0.0,-0.4,5,470.573,4.916,543.217
710.3,69.86,59.0,0.0,-0.6,5,470.707,4.921,540.428
724.3,70.02,59.1,0.0,-0.4,5,470.914,4.927,536.237
724.3,70.13,59.1,0.0,0.1,5,471.056,4.930,533.438
724.3,70.30,59.1,0.0,0.3,5,471.274,4.934,529.231
724.3,70.41,59.2,0.0,0.4,5,471.421,4.935,526.421
738.4,70.58,59.2,0.0,0.2,5,471.640,4.933,522.197
738.4,70.74,59.2,0.0,0.1,5,471.858,4.929,517.964
738.4,70.85,59.2,0.0,0.0,5,472.002,4.925,515.136
738.4,71.01,59.3,0.0,0.1,5,472.216,4.919,510.886
752.6,71.11,59.3,0.0,0.1,5,472.358,4.913,508.048
752.6,71.28,59.3,0.0,-0.0,5,472.570,4.902,503.782
752.6,71.44,59.3,0.0,0.0,5,472.780,4.888,499.506
752.6,71.54,59.3,0.0,0.1,5,472.920,4.875,496.650
766.9,71.70,59.4,0.0,0.2,5,473.129,4.854,492.358
766.9,71.80,59.4,0.0,0.2,5,473.267,4.839,489.492
766.9,71.96,59.4,0.0,0.1,5,473.474,4.814,485.185
766.9,72.05,59.4,0.0,0.2,5,473.611,4.798,482.308
781.3,72.21,59.4,0.0,0.1,5,473.815,4.774,477.985
781.3,72.31,59.4,0.0,-0.4,5,473.950,4.759,475.098
781.3,72.45,59.3,0.0,-0.8,5,474.152,4.741,470.760
781.3,72.55,59.2,0.0,-1.3,5,474.289,4.730,467.864
795.8,72.70,59.1,0.0,-1.8,5,474.502,4.710,463.511
795.8,72.80,59.1,0.0,-2.0,5,474.653,4.698,460.606
795.8,72.93,58.9,0.0,-2.8,5,474.898,4.681,456.241
795.8,73.02,58.8,0.0,-3.2,5,475.076,4.669,453.328
810.3,73.15,58.8,0.0,-3.4,5,475.370,4.647,448.953
810.3,73.28,58.7,0.0,-3.6,0,475.703,4.623,444.572
810.3,73.18,0.0,0.0,-3.7,0,475.949,4.609,441.653
824.9,73.25,81.8,0.0,-4.3,6,476.355,4.586,437.281
824.9,73.33,75.4,0.0,-4.7,6,476.653,4.565,434.364
824.9,73.44,65.9,0.0,-5.3,6,477.149,4.537,429.990
824.9,73.51,59.5,0.0,-5.6,6,477.517,4.524,427.074
839.5,73.62,58.3,0.0,-5.9,6,478.122,4.506,422.702
839.5,73.70,58.3,0.0,-6.0,6,478.562,4.493,419.788
839.5,73.80,58.3,0.0,-5.9,6,479.281,4.474,415.423
839.5,73.87,58.3,0.0,-6.3,6,479.800,4.463,412.516
854.2,73.97,58.3,0.0,-6.6,6,480.639,4.447,408.161
854.2,74.03,58.4,0.0,-6.8,6,481.239,4.436,405.262
854.2,74.13,58.4,0.0,-6.0,6,482.198,4.417,400.923
854.2,74.20,58.4,0.0,-5.6,6,482.877,4.403,398.035
868.8,74.30,58.4,0.0,-5.4,6,483.953,4.377,393.712
868.8,74.41,58.4,0.0,-6.1,6,485.095,4.343,389.400
868.8,74.48,58.4,0.0,-6.7,6,485.891,4.315,386.531
868.8,74.58,58.4,0.0,-6.4,6,487.141,4.269,382.237
883.5,74.64,58.5,0.0,-6.3,6,488.011,4.237,379.383
883.5,74.74,58.5,0.0,-6.3,6,489.376,4.186,375.115
883.5,74.80,58.5,0.0,-6.1,6,490.325,4.150,372.279
883.5,74.90,58.5,0.0,-6.3,6,491.809,4.096,368.041
898.6,74.96,58.5,0.0,-6.5,6,492.838,4.058,365.227
898.6,75.05,58.6,0.0,-6.3,6,494.442,4.001,361.023
898.6,75.11,58.6,0.0,-5.1,6,495.552,3.964,358.233
898.6,75.21,58.4,0.0,-2.5,6,497.275,3.909,354.066
914.1,75.26,48.2,0.0,-0.9,6,498.458,3.872,351.299
914.1,75.12,8.8,21.3,1.1,6,500.273,3.816,347.166
914.1,74.82,0.0,20.5,1.7,6,501.497,3.783,344.428
914.1,74.35,0.0,41.4,2.1,6,503.330,3.731,340.344
929.6,73.58,0.0,58.1,2.1,6,505.138,3.669,336.288
929.6,72.96,0.0,57.4,2.5,6,506.320,3.626,333.605
929.6,72.04,0.0,54.0,2.6,6,508.046,3.571,329.612
929.6,71.46,0.0,50.0,3.1,6,509.164,3.543,326.967
944.3,70.67,0.0,44.9,4.0,6,510.792,3.503,323.025
944.3,70.16,0.0,45.5,4.4,6,511.843,3.478,320.411
944.3,69.40,0.0,41.6,4.2,6,513.364,3.441,316.509
944.3,68.92,0.0,38.8,4.1,6,514.339,3.419,313.919
958.2,68.19,0.0,62.6,4.3,6,515.742,3.390,310.050
958.2,67.54,0.0,65.9,4.6,6,516.636,3.373,307.485
958.2,66.52,0.0,60.0,4.5,6,517.910,3.352,303.669
958.2,65.90,0.0,59.4,4.2,6,518.714,3.342,301.144
971.3,65.04,0.0,44.3,5.2,6,519.857,3.328,297.385
971.3,64.53,0.0,40.4,5.6,6,520.577,3.319,294.895
971.3,63.85,0.0,35.4,6.3,6,521.591,3.305,291.178
971.3,63.36,35.2,2.1,7.5,6,522.528,3.290,287.480
983.8,63.37,76.1,0.0,8.5,6,523.111,3.279,285.014
983.8,63.40,22.6,24.4,10.4,6,523.925,3.260,281.298
983.8,63.11,0.0,20.9,11.6,6,524.426,3.247,278.817
983.8,62.68,0.0,4.4,11.3,6,525.107,3.230,275.105
997.0,62.56,39.6,0.0,10.1,6,525.512,3.222,272.634
997.0,62.57,48.2,0.0,9.9,6,526.054,3.211,268.919
997.0,62.50,13.5,6.7,9.5,6,526.370,3.205,266.437
997.0,62.24,22.2,0.0,9.9,6,526.774,3.200,262.717
1011.0,62.17,38.8,0.0,10.4,6,527.004,3.195,260.239
1011.0,62.24,48.6,0.0,9.5,6,527.292,3.180,256.519
1011.0,62.14,8.2,8.9,10.2,6,527.430,3.181,254.034
1011.0,61.89,26.5,0.5,11.7,0,527.570,3.186,250.316
1024.6,61.67,2.8,4.0,11.5,5,527.649,3.173,246.609
1024.6,61.45,0.0,6.0,12.5,5,527.652,3.165,244.147
1024.6,61.12,0.0,8.8,14.1,5,527.581,3.160,240.470
1024.6,60.90,0.0,7.0,14.6,5,527.486,3.158,238.030
1037.2,60.58,0.0,4.7,14.6,5,527.274,3.159,234.392
1037.2,60.37,0.0,1.6,14.1,5,527.084,3.164,231.980
1037.2,60.12,1.2,0.1,12.9,5,526.726,3.177,228.383
1037.2,59.97,2.7,0.0,12.0,5,526.439,3.188,225.998
1049.3,59.75,4.5,0.0,12.2,5,525.941,3.203,222.441
1049.3,59.62,5.9,0.0,11.2,5,525.564,3.213,220.083
1049.3,59.42,8.5,0.0,9.6,5,524.930,3.229,216.568
1049.3,59.30,10.3,0.0,9.1,5,524.462,3.244,214.241
1061.1,59.24,35.3,0.0,8.2,5,523.694,3.269,210.769
1061.1,59.31,50.6,0.0,7.4,5,523.141,3.286,208.464
1061.1,59.50,54.8,0.0,6.3,5,522.254,3.315,205.013
1061.1,59.64,54.9,0.0,5.2,5,521.629,3.335,202.714
1072.8,59.85,55.0,0.0,2.8,5,520.647,3.365,199.267
1072.8,60.07,55.1,0.0,0.6,5,519.620,3.395,195.820
1072.8,60.21,55.1,0.0,0.1,5,518.918,3.415,193.519
1084.9,60.43,55.3,0.0,-1.3,5,517.848,3.445,190.062
1084.9,60.58,55.4,0.0,-1.9,5,517.128,3.464,187.752
1084.9,60.80,55.5,0.0,-2.6,5,516.051,3.492,184.274
1084.9,60.95,55.6,0.0,-3.2,5,515.337,3.510,181.947
1097.2,61.09,26.3,20.7,-4.0,5,514.281,3.534,178.440
1097.2,60.81,0.5,52.3,-4.4,5,513.591,3.548,176.100
1097.2,59.91,0.0,74.6,-4.1,5,512.592,3.566,172.615
1097.2,59.17,0.0,80.7,-3.6,5,511.954,3.577,170.319
1109.3,58.02,0.0,75.4,-1.9,5,511.042,3.595,166.921
1109.3,57.30,0.0,68.8,-1.6,5,510.466,3.606,164.687
1109.3,56.31,0.0,58.2,-1.6,5,509.649,3.620,161.376
1109.3,55.46,0.0,58.4,-2.4,5,508.891,3.635,158.109
1120.7,54.87,0.0,58.6,-2.7,5,508.417,3.644,155.952
1120.7,54.01,0.0,56.6,-4.3,5,507.751,3.661,152.753
1120.7,53.45,0.0,49.8,-5.9,5,507.336,3.671,150.643
1120.7,52.73,0.0,37.3,-6.5,5,506.757,3.685,147.510
1131.6,52.34,0.0,25.2,-7.2,5,506.403,3.695,145.438
1131.6,51.93,0.0,11.1,-8.1,5,505.920,3.706,142.347
1131.6,51.66,0.0,3.5,-9.4,5,505.498,3.714,139.268
1131.6,51.52,0.0,1.8,-10.4,0,505.252,3.718,137.219
1142.5,51.35,0.0,4.1,-11.8,4,504.937,3.720,134.149
1142.5,51.20,0.0,3.5,-12.7,4,504.763,3.720,132.104
1142.5,50.99,2.9,0.1,-14.5,4,504.558,3.716,129.045
1142.5,50.88,3.4,0.0,-15.8,4,504.457,3.710,127.010
1153.2,50.70,15.6,1.5,-16.1,4,504.362,3.695,123.964
1153.2,50.51,2.2,0.1,-15.1,4,504.346,3.683,120.927
1153.2,50.38,3.5,1.8,-14.0,4,504.381,3.678,118.910
1153.2,50.17,7.4,0.0,-12.0,4,504.501,3.675,115.895
1163.8,50.06,8.9,0.0,-11.5,4,504.625,3.677,113.894
1163.8,49.93,10.1,0.0,-10.7,4,504.861,3.670,110.904
1163.8,49.80,5.8,0.0,-11.5,4,505.056,3.661,108.918
1163.8,49.62,19.6,0.0,-11.8,4,505.420,3.658,105.959
1174.6,49.56,18.0,0.0,-11.3,4,505.701,3.653,103.995
1195.3,48.12,9.3,0.0,-34.6,4,512.048,3.455,79.448
1195.3,48.00,9.3,0.0,-34.8,4,512.732,3.429,77.651
1205.3,47.83,10.4,0.0,-34.5,4,513.810,3.389,74.986
1205.3,47.66,10.8,0.0,-34.6,4,514.950,3.346,72.357
1205.3,47.55,15.8,0.0,-34.2,4,515.745,3.317,70.627
1215.0,47.42,21.4,0.0,-32.7,4,516.992,3.275,68.066
1215.0,47.34,23.5,0.0,-31.1,4,517.859,3.249,66.381
1215.0,47.26,31.3,0.0,-29.7,4,519.216,3.214,63.888
1215.0,47.24,38.5,0.0,-27.9,4,520.157,3.193,62.249
1224.5,47.27,53.7,0.0,-20.8,4,521.621,3.165,59.822
1224.5,47.36,65.6,0.0,-15.2,4,522.632,3.147,58.223
1224.5,47.46,39.7,0.0,-6.5,4,524.199,3.119,55.848
1224.5,47.43,15.8,26.7,-1.7,4,525.273,3.102,54.283
1233.9,46.87,0.0,57.5,6.1,4,526.910,3.077,51.971
1233.9,46.32,0.0,66.7,8.9,4,527.997,3.060,50.456
1233.9,45.37,0.0,75.4,9.7,4,529.598,3.033,48.216
1233.9,44.67,33.4,78.8,8.9,0,530.635,3.015,46.743
1259.6,40.48,5.0,0.0,23.0,3,541.753,2.758,27.240
1259.6,40.39,3.8,0.0,22.6,3,542.376,2.735,25.747
1259.6,40.32,35.9,0.0,21.4,3,543.257,2.699,23.493
1267.8,40.40,61.7,0.0,20.3,3,543.807,2.675,21.976
1267.8,40.68,82.8,0.0,19.7,3,544.580,2.640,19.671
1267.8,40.87,68.7,0.0,20.6,3,545.063,2.617,18.113
1267.8,41.06,49.8,0.0,23.3,3,545.736,2.580,15.750
1276.5,41.10,34.7,0.0,25.7,3,546.150,2.555,14.159
1276.5,41.10,28.6,0.0,29.3,3,546.715,2.516,11.759
1276.5,41.13,47.7,0.0,31.4,3,547.214,2.478,9.344
1276.5,41.21,55.5,0.0,31.6,3,547.508,2.453,7.725
1285.4,41.31,39.3,0.0,33.0,3,547.894,2.416,5.279
1285.4,41.32,31.0,0.0,34.1,3,548.116,2.390,3.641
1285.4,41.30,27.7,0.0,36.2,3,548.394,2.348,1.179
1285.4,41.27,25.5,0.0,37.1,3,548.542,2.320,-0.466
1294.0,41.21,23.3,0.0,38.1,3,548.706,2.277,-2.935
1294.0,41.16,22.9,0.0,38.4,3,548.776,2.248,-4.580
1294.0,41.09,22.0,0.0,38.9,3,548.822,2.205,-7.047
1294.0,41.05,26.9,0.0,39.5,3,548.815,2.175,-8.689
1302.9,41.04,32.1,0.0,41.6,3,548.750,2.129,-11.151
1302.9,41.00,18.1,0.0,42.9,3,548.671,2.096,-12.790
1302.9,40.88,14.7,0.0,44.3,3,548.494,2.048,-15.240
1302.9,40.78,14.3,0.0,44.7,3,548.337,2.018,-16.865
1312.0,40.64,14.0,0.0,44.6,3,548.042,1.974,-19.290
1312.0,40.55,14.0,0.0,43.9,3,547.805,1.946,-20.896
1312.0,40.41,14.6,0.0,42.2,3,547.390,1.907,-23.289
1321.0,40.28,15.8,0.0,40.2,3,546.903,1.870,-25.661
1321.0,40.20,17.3,0.0,38.7,3,546.537,1.847,-27.228
1321.0,40.09,20.0,0.0,36.6,3,545.928,1.815,-29.558
1321.0,40.04,23.3,0.0,35.0,3,545.482,1.796,-31.098
1329.8,40.00,27.5,0.0,33.6,3,544.756,1.767,-33.386
1329.8,39.99,30.0,0.0,33.0,3,544.237,1.747,-34.899
1329.8,40.02,45.7,0.0,32.1,3,543.407,1.715,-37.151
1329.8,40.08,46.1,0.0,31.1,3,542.819,1.693,-38.641
1338.2,40.17,51.8,0.0,28.6,3,541.882,1.662,-40.858
1338.2,40.27,65.2,0.0,26.2,3,541.220,1.643,-42.323
1338.2,40.55,86.9,0.0,21.5,3,540.168,1.617,-44.506
1338.2,40.79,89.6,0.0,18.3,3,539.429,1.601,-45.955
1338.2,41.03,89.6,0.0,15.8,3,538.660,1.585,-47.398
1346.8,41.53,89.6,0.0,11.7,3,537.035,1.550,-50.272
1346.8,41.77,89.6,0.0,9.7,3,536.177,1.533,-51.699
1346.8,42.15,89.6,0.0,7.6,3,534.835,1.509,-53.828
1355.5,42.41,89.6,0.0,7.0,3,533.903,1.495,-55.239
1355.5,42.80,89.6,0.0,6.9,3,532.457,1.473,-57.345
1355.5,43.06,89.7,0.0,7.3,3,531.460,1.460,-58.743
1355.5,43.46,89.7,0.0,8.4,3,529.922,1.439,-60.833
1364.2,43.72,89.7,0.0,8.6,3,528.868,1.424,-62.221
1364.2,44.11,89.7,0.0,8.2,3,527.246,1.400,-64.296
1364.2,44.37,89.7,0.0,7.9,3,526.136,1.383,-65.674
1364.2,44.75,89.7,0.0,7.5,3,524.429,1.356,-67.731
1373.0,45.01,89.7,0.0,7.2,3,523.263,1.336,-69.095
1373.0,45.40,89.7,0.0,7.1,3,521.472,1.305,-71.131
1373.0,45.65,89.7,0.0,7.2,3,520.249,1.284,-72.479
1373.0,46.04,89.7,0.0,7.1,3,518.373,1.250,-74.490
1400.6,49.18,89.9,0.0,7.5,3,500.048,0.916,-91.109
1400.6,49.53,89.9,0.0,5.4,3,497.693,0.872,-92.902
1400.6,49.76,89.9,0.0,3.9,3,496.096,0.842,-94.080
1410.3,50.11,89.9,0.0,3.3,3,493.661,0.796,-95.824
1410.3,50.35,89.9,0.0,3.4,3,492.014,0.767,-96.973
1410.3,50.70,89.9,0.0,3.1,3,489.510,0.726,-98.680
1410.3,50.93,90.0,0.0,2.4,3,487.821,0.700,-99.810
1420.4,51.27,90.0,0.0,1.1,3,485.261,0.663,-101.495
1420.4,51.62,90.1,0.0,-0.0,3,482.671,0.629,-103.174
1420.4,51.84,90.0,0.0,-0.5,3,480.931,0.607,-104.293
1430.7,52.07,0.0,0.0,-1.0,0,478.305,0.573,-105.976
1430.7,52.07,89.8,0.0,-1.4,4,476.552,0.551,-107.098
1430.7,52.37,89.8,0.0,-2.7,4,473.915,0.518,-108.790
1430.7,52.57,89.8,0.0,-3.5,4,472.152,0.496,-109.929
1441.4,52.91,86.5,0.0,-3.2,4,469.503,0.466,-111.659
1441.4,53.08,80.0,0.0,-3.0,4,467.736,0.449,-112.829
1441.4,53.42,70.2,0.0,-3.8,4,465.084,0.425,-114.610
1441.4,53.62,63.7,0.0,-4.5,4,463.316,0.409,-115.816
1452.4,53.90,57.3,0.0,-5.8,4,460.666,0.388,-117.657
1452.4,54.08,57.5,0.0,-6.5,4,458.904,0.373,-118.904
1452.4,54.32,49.4,0.0,-7.4,4,456.267,0.346,-120.807
1452.4,54.43,55.5,0.0,-7.8,4,454.518,0.327,-122.098
1463.6,54.65,39.8,0.0,-8.2,4,451.908,0.291,-124.071
1463.6,54.79,35.5,0.0,-9.2,4,449.324,0.261,-126.097
1463.6,54.92,55.2,0.0,-8.5,4,447.619,0.247,-127.477
1463.6,55.19,58.0,0.0,-7.6,4,445.082,0.230,-129.592
1475.2,55.38,58.0,0.0,-7.3,4,443.403,0.217,-131.030
1475.2,55.66,58.0,0.0,-7.4,4,440.904,0.199,-133.231
1475.2,55.84,58.1,0.0,-6.1,4,439.252,0.189,-134.729
1475.2,56.11,58.2,0.0,-5.4,4,436.796,0.179,-137.019
1486.7,56.30,58.2,0.0,-5.5,4,435.172,0.174,-138.573
1486.7,56.57,58.3,0.0,-5.6,4,432.752,0.169,-140.941
1486.7,56.76,58.3,0.0,-5.6,4,431.150,0.164,-142.544
1486.7,57.04,58.4,0.0,-5.5,4,428.763,0.157,-144.984
1498.3,57.22,58.5,0.0,-5.4,4,427.184,0.153,-146.635
1498.3,57.48,58.6,0.0,-5.2,4,424.833,0.147,-149.147
1498.3,57.66,58.6,0.0,-5.2,4,423.279,0.145,-150.846
1498.3,57.93,58.7,0.0,-5.1,4,420.968,0.145,-153.430
1510.0,58.19,58.8,0.0,-5.3,4,418.681,0.151,-156.057
1510.0,58.36,58.9,0.0,-5.5,4,417.170,0.155,-157.831
1510.0,58.62,58.9,0.0,-5.6,4,414.921,0.157,-160.525
1510.0,58.80,59.0,0.0,-5.9,4,413.435,0.156,-162.343
1521.6,59.05,59.0,0.0,-6.0,4,411.228,0.151,-165.105
1521.6,59.22,59.1,0.0,-6.0,4,409.772,0.146,-166.969
1521.6,59.47,59.1,0.0,-6.2,4,407.612,0.134,-169.799
1521.6,59.64,59.1,0.0,-7.1,4,406.189,0.125,-171.709
1533.3,59.87,59.2,0.0,-5.8,4,404.084,0.110,-174.610
1533.3,60.04,59.2,0.0,-5.1,4,402.700,0.100,-176.568
1533.3,60.28,59.2,0.0,-4.9,4,400.650,0.080,-179.538
1533.3,60.44,59.2,0.0,-4.5,4,399.301,0.066,-181.540
1545.3,60.69,59.1,0.0,-4.1,4,397.303,0.045,-184.575
1545.3,60.93,59.0,0.0,-3.3,4,395.334,0.023,-187.646
1545.3,61.09,58.8,0.0,-2.9,4,394.035,0.009,-189.712
1545.3,61.32,58.6,0.0,-2.6,0,392.107,-0.008,-192.837
1557.5,61.27,0.0,0.0,-2.1,0,390.835,-0.018,-194.933
1557.5,61.42,81.1,0.0,-1.4,5,388.947,-0.032,-198.090
1557.5,61.57,74.4,0.0,-2.0,5,387.697,-0.040,-200.208
1557.5,61.78,64.3,0.0,-2.1,5,385.835,-0.049,-203.405
1569.7,61.93,57.6,0.0,-2.6,5,384.601,-0.053,-205.550
1569.7,62.15,56.3,0.0,-2.9,5,382.764,-0.057,-208.786
1569.7,62.29,56.4,0.0,-2.7,5,381.548,-0.061,-210.958
1569.7,62.51,56.5,0.0,-1.3,5,379.740,-0.066,-214.235
1582.2,62.65,56.5,0.0,-0.1,5,378.543,-0.070,-216.433
1582.2,62.86,56.7,0.0,0.2,5,376.756,-0.075,-219.747
1582.2,63.08,56.8,0.0,-0.3,5,374.972,-0.079,-223.078
1582.2,63.22,56.8,0.0,-0.5,5,373.782,-0.080,-225.306
1594.7,63.44,57.0,0.0,-0.4,5,371.994,-0.081,-228.658
1594.7,63.58,57.0,0.0,-0.3,5,370.801,-0.083,-230.900
1594.7,63.79,57.1,0.0,-0.3,5,369.009,-0.085,-234.275
1594.7,63.93,57.2,0.0,-0.3,5,367.814,-0.088,-236.532
1607.5,64.14,57.2,0.0,-0.5,5,366.019,-0.096,-239.929
1607.5,64.28,57.3,0.0,-0.6,5,364.822,-0.103,-242.201
1607.5,64.49,57.4,0.0,-0.6,5,363.025,-0.114,-245.620
1607.5,64.63,57.4,0.0,-0.7,5,361.828,-0.123,-247.908
1620.3,64.84,57.6,0.0,-0.7,5,360.033,-0.137,-251.352
1620.3,64.97,57.6,0.0,-0.8,5,358.838,-0.146,-253.656
1620.3,65.18,57.7,0.0,-0.6,5,357.047,-0.161,-257.125
1633.3,65.38,57.8,0.0,-0.7,5,355.259,-0.176,-260.610
1633.3,65.52,57.9,0.0,-0.4,5,354.069,-0.186,-262.941
1633.3,65.72,58.0,0.0,-0.4,5,352.285,-0.202,-266.450
1633.3,65.85,58.0,0.0,-0.1,5,351.097,-0.212,-268.798
1646.5,66.05,58.0,0.0,0.1,5,349.313,-0.228,-272.330
1646.5,66.19,58.1,0.0,0.1,5,348.123,-0.239,-274.691
1646.5,66.38,58.1,0.0,0.0,5,346.335,-0.254,-278.243
1646.5,66.51,58.2,0.0,0.0,5,345.141,-0.265,-280.618
1659.7,66.71,58.2,0.0,-0.2,5,343.345,-0.283,-284.188
1659.7,66.84,58.2,0.0,-0.0,5,342.146,-0.295,-286.574
1659.7,67.03,58.3,0.0,0.0,5,340.342,-0.316,-290.161
1659.7,67.16,58.3,0.0,0.1,5,339.137,-0.330,-292.559
1673.1,67.35,58.4,0.0,-0.5,5,337.326,-0.351,-296.165
1673.1,67.48,58.4,0.0,-0.6,5,336.117,-0.365,-298.575
1673.1,67.67,58.4,0.0,-0.5,5,334.303,-0.393,-302.201
1673.1,67.85,58.5,0.0,-0.3,5,332.488,-0.417,-305.838
1686.6,67.97,58.5,0.0,-0.3,5,331.280,-0.429,-308.271
1686.6,68.16,58.6,0.0,-0.3,5,329.466,-0.449,-311.930
1686.6,68.29,58.6,0.0,-0.3,5,328.257,-0.466,-314.376
1686.6,68.47,58.6,0.0,-0.3,5,326.443,-0.491,-318.055
1700.3,68.59,58.7,0.0,-0.2,5,325.232,-0.507,-320.514
1700.3,68.77,58.7,0.0,-0.2,5,323.416,-0.530,-324.213
1700.3,68.89,58.8,0.0,-0.1,5,322.204,-0.545,-326.685
1700.3,69.07,58.8,0.0,-0.1,5,320.384,-0.568,-330.402
1714.1,69.19,58.9,0.0,-0.2,5,319.170,-0.584,-332.886
1714.1,69.37,58.9,0.0,-0.2,5,317.347,-0.608,-336.620
1714.1,69.48,58.9,0.0,-0.1,5,316.130,-0.623,-339.116
1714.1,69.65,59.0,0.0,-0.1,5,314.302,-0.647,-342.868
1728.0,69.77,59.0,0.0,-0.1,5,313.081,-0.664,-345.375
1728.0,69.94,59.1,0.0,-0.1,5,311.249,-0.687,-349.144
1728.0,70.12,59.1,0.0,-0.1,5,309.413,-0.712,-352.923
1728.0,70.23,59.1,0.0,-0.1,5,308.188,-0.728,-355.448
1742.0,70.40,59.2,0.0,-0.1,5,306.347,-0.754,-359.244
1742.0,70.52,59.2,0.0,-0.1,5,305.118,-0.773,-361.780
1742.0,70.68,59.2,0.0,-0.1,5,303.273,-0.801,-365.592
1742.0,70.79,59.2,0.0,-0.1,5,302.041,-0.821,-368.139
1756.1,70.96,59.2,0.0,-0.1,5,300.190,-0.852,-371.968
1756.1,71.07,59.3,0.0,-0.1,5,298.955,-0.873,-374.525
1756.1,71.23,59.3,0.0,-0.1,5,297.100,-0.905,-378.369
1756.1,71.34,59.3,0.0,-0.0,5,295.861,-0.927,-380.937
1770.3,71.50,59.3,0.0,-0.0,5,294.000,-0.960,-384.796
1770.3,71.60,59.4,0.0,-0.0,5,292.758,-0.982,-387.375
1770.3,71.76,59.4,0.0,-0.0,5,290.893,-1.014,-391.249
1770.3,71.92,59.4,0.0,0.0,5,289.024,-1.046,-395.133
1784.6,72.02,59.4,0.0,0.0,5,287.776,-1.068,-397.727
1784.6,72.18,59.4,0.0,0.1,5,285.901,-1.101,-401.625
1784.6,72.28,59.4,0.0,0.1,5,284.648,-1.125,-404.228
1784.6,72.43,59.3,0.0,0.1,5,282.766,-1.158,-408.140
1799.1,72.53,59.2,0.0,0.1,5,281.509,-1.177,-410.752
1799.1,72.68,59.1,0.0,0.1,5,279.619,-1.203,-414.676
1799.1,72.78,59.1,0.0,0.2,5,278.356,-1.222,-417.297
1799.1,72.92,59.0,0.0,0.2,5,276.458,-1.249,-421.233
1813.6,73.01,58.9,0.0,0.1,5,275.189,-1.268,-423.862
1813.6,73.15,58.9,0.0,0.2,5,273.282,-1.298,-427.810
1813.6,73.24,58.7,0.0,0.2,0,272.007,-1.317,-430.445
1813.6,73.14,88.2,0.0,0.2,6,270.093,-1.347,-434.397
1828.2,73.28,78.6,0.0,0.2,6,268.176,-1.376,-438.349
1828.2,73.37,72.3,0.0,0.2,6,266.895,-1.396,-440.987
1828.2,73.51,62.7,0.0,0.2,6,264.967,-1.425,-444.949
1828.2,73.60,58.2,0.0,0.2,6,263.678,-1.444,-447.594
1842.9,73.74,58.3,0.0,0.3,6,261.738,-1.472,-451.566
1842.9,73.83,58.3,0.0,0.3,6,260.441,-1.490,-454.216
1842.9,73.96,58.3,0.0,0.3,6,258.489,-1.516,-458.197
1842.9,74.05,58.3,0.0,0.3,6,257.184,-1.533,-460.854
1857.7,74.19,58.4,0.0,0.3,6,255.219,-1.558,-464.843
1857.7,74.28,58.4,0.0,0.3,6,253.904,-1.576,-467.505
1857.7,74.41,58.4,0.0,0.4,6,251.926,-1.603,-471.502
1857.7,74.49,58.4,0.0,0.4,6,250.602,-1.620,-474.170
1872.6,74.62,58.4,0.0,0.4,6,248.611,-1.647,-478.175
1872.6,74.75,58.5,0.0,0.3,6,246.611,-1.672,-482.185
1872.6,74.83,58.5,0.0,0.3,6,245.273,-1.688,-484.861
1887.5,74.96,58.5,0.0,0.2,6,243.260,-1.712,-488.878
1887.5,75.05,58.5,0.0,0.2,6,241.913,-1.728,-491.559
1887.5,75.17,58.6,0.0,0.2,6,239.887,-1.750,-495.584
1887.5,75.25,58.6,0.0,0.2,6,238.532,-1.765,-498.270
1902.6,75.38,58.6,0.0,0.2,6,236.495,-1.787,-502.303
1902.6,75.46,58.6,0.0,0.2,6,235.133,-1.803,-504.995
1902.6,75.58,58.7,0.0,0.2,6,233.084,-1.826,-509.036
1902.6,75.66,58.7,0.0,0.2,6,231.715,-1.842,-511.733
1917.7,75.78,58.7,0.0,0.2,6,229.656,-1.865,-515.783
1917.7,75.86,58.7,0.0,0.2,6,228.280,-1.881,-518.486
1917.7,75.98,58.7,0.0,0.2,6,226.211,-1.906,-522.544
1917.7,76.06,58.8,0.0,0.2,6,224.828,-1.923,-525.252
1932.9,76.18,58.8,0.0,0.1,6,222.749,-1.947,-529.318
1932.9,76.30,58.9,0.0,0.1,6,220.665,-1.967,-533.390
1932.9,76.38,58.9,0.0,-0.0,6,219.274,-1.982,-536.107
1932.9,76.49,58.9,0.0,-0.2,6,217.183,-2.006,-540.189
1948.1,76.57,58.9,0.0,-0.3,6,215.787,-2.025,-542.913
1948.1,76.69,58.9,0.0,-0.3,6,213.692,-2.059,-547.006
1948.1,76.77,58.9,0.0,-0.3,6,212.295,-2.085,-549.739
1948.1,76.88,59.0,0.0,-0.3,6,210.201,-2.126,-553.844
1963.5,76.96,59.0,0.0,-0.3,6,208.805,-2.156,-556.586
1963.5,77.07,59.0,0.0,-0.4,6,206.713,-2.202,-560.706
1963.5,77.14,59.1,0.0,-0.5,6,205.319,-2.234,-563.457
1963.5,77.26,59.1,0.0,-0.5,6,203.231,-2.284,-567.591
1978.9,77.33,59.1,0.0,-0.4,6,201.840,-2.318,-570.352
1978.9,77.44,59.1,0.0,-0.5,6,199.757,-2.369,-574.501
1978.9,77.52,59.2,0.0,-0.5,6,198.371,-2.403,-577.273
1978.9,77.63,59.2,0.0,-0.5,6,196.293,-2.457,-581.438
1994.4,77.74,59.2,0.0,-0.3,6,194.220,-2.511,-585.611
1994.4,77.81,59.2,0.0,-0.2,6,192.839,-2.546,-588.399
1994.4,77.92,59.3,0.0,-0.1,6,190.770,-2.597,-592.587
1994.4,78.00,59.3,0.0,0.0,6,189.391,-2.633,-595.384
2010.0,78.11,59.3,0.0,0.2,6,187.324,-2.691,-599.586
2010.0,78.18,59.3,0.0,0.3,6,185.945,-2.728,-602.390
2010.0,78.28,59.3,0.0,0.4,6,183.873,-2.784,-606.601
2010.0,78.35,59.3,0.0,0.5,6,182.489,-2.822,-609.411
2025.6,78.45,59.4,0.0,0.7,6,180.407,-2.873,-613.629
2025.6,78.53,59.4,0.0,0.8,6,179.014,-2.908,-616.442
2025.6,78.63,59.4,0.0,0.9,6,176.915,-2.960,-620.663
2025.6,78.73,59.4,0.0,0.9,6,174.803,-3.009,-624.885
2041.4,78.79,59.4,0.0,0.9,6,173.386,-3.037,-627.699
2041.4,78.90,59.4,0.0,1.0,6,171.250,-3.076,-631.919
2041.4,78.97,59.4,0.0,1.0,6,169.817,-3.102,-634.732
2041.4,79.06,59.4,0.0,0.9,6,167.655,-3.138,-638.951
2057.1,79.13,59.5,0.0,0.8,6,166.205,-3.161,-641.763
2057.1,79.22,59.5,0.0,0.8,6,164.018,-3.190,-645.979
2057.1,79.28,59.5,0.0,0.8,6,162.552,-3.208,-648.790
2057.1,79.38,59.5,0.0,0.8,6,160.342,-3.230,-653.005
2073.0,79.44,59.5,0.0,0.7,6,158.862,-3.242,-655.815
2073.0,79.53,59.5,0.0,0.5,6,156.631,-3.255,-660.030
2073.0,79.59,59.5,0.0,0.4,6,155.136,-3.261,-662.841
2073.0,79.68,59.5,0.0,0.6,6,152.886,-3.265,-667.056
2088.8,79.75,59.5,0.0,0.6,6,151.379,-3.266,-669.866
2088.8,79.84,59.5,0.0,0.5,6,149.112,-3.265,-674.082
2088.8,79.92,59.6,0.0,0.4,6,146.833,-3.258,-678.299
2088.8,79.98,59.6,0.0,0.4,6,145.309,-3.252,-681.110
2104.8,80.07,59.6,0.0,0.5,6,143.013,-3.240,-685.327
2104.8,80.12,59.6,0.0,0.6,6,141.477,-3.229,-688.138
2104.8,80.20,59.6,0.0,0.8,6,139.164,-3.209,-692.355
2104.8,80.26,59.6,0.0,0.9,6,137.616,-3.192,-695.166
2120.8,80.34,59.5,0.0,0.9,6,135.284,-3.163,-699.382
2120.8,80.39,59.4,0.0,1.3,6,133.723,-3.141,-702.192
2120.8,80.46,59.4,0.0,1.3,6,131.367,-3.104,-706.403
2120.8,80.51,59.4,0.0,1.3,6,129.786,-3.077,-709.207
2136.8,80.59,59.3,0.0,1.5,6,127.398,-3.033,-713.409
2136.8,80.63,59.3,0.0,1.7,6,125.795,-2.999,-716.206
2136.8,80.64,30.5,19.4,1.9,6,123.370,-2.943,-720.394
2152.9,80.03,0.0,66.1,2.1,6,120.930,-2.880,-724.556
2152.9,79.31,0.0,79.2,1.6,6,119.304,-2.836,-727.299
2152.9,78.06,0.0,84.3,0.6,6,116.875,-2.764,-731.350
2152.9,77.20,0.0,85.1,0.8,6,115.264,-2.711,-734.006
2168.4,75.90,0.0,85.2,1.0,6,112.864,-2.627,-737.924
2168.4,75.04,0.0,85.2,1.1,6,111.275,-2.570,-740.493
2168.4,73.75,0.0,85.0,0.9,6,108.910,-2.481,-744.280
2168.4,72.90,0.0,85.1,0.9,6,107.344,-2.421,-746.762
2183.2,71.62,0.0,85.2,0.9,6,105.015,-2.332,-750.421
2183.2,70.79,0.0,85.6,1.3,6,103.474,-2.272,-752.817
2183.2,69.51,0.0,85.0,1.7,6,101.181,-2.184,-756.349
2183.2,68.68,0.0,85.4,2.1,6,99.664,-2.128,-758.660
2197.1,67.42,0.0,86.6,1.7,6,97.404,-2.052,-762.064
2197.1,66.54,0.0,83.8,1.1,6,95.908,-2.005,-764.288
2197.1,65.31,0.0,84.3,1.1,6,93.673,-1.929,-767.553
2197.1,64.08,0.0,85.7,1.8,0,91.452,-1.854,-770.739
2210.1,63.25,22.8,85.9,1.5,0,89.980,-1.806,-772.819
2210.1,62.01,0.0,85.3,2.0,5,87.786,-1.733,-775.872
2210.1,61.19,0.0,85.4,2.4,5,86.333,-1.684,-777.863
2210.1,59.96,0.0,84.6,1.9,5,84.167,-1.613,-780.783
2222.3,59.14,0.0,84.6,1.5,5,82.733,-1.567,-782.686
2222.3,57.93,0.0,84.4,1.6,5,80.595,-1.503,-785.476
2222.3,57.13,0.0,84.5,1.7,5,79.180,-1.461,-787.291
2222.3,55.92,0.0,84.7,2.3,5,77.070,-1.402,-789.948
2233.6,55.11,0.0,84.3,2.7,5,75.672,-1.364,-791.675
2233.6,53.91,0.0,84.7,3.3,0,73.589,-1.310,-794.199
2233.6,53.13,33.8,85.3,3.3,0,72.209,-1.275,-795.837
2233.6,51.94,0.0,76.8,2.5,4,70.149,-1.224,-798.226
2244.2,51.20,0.0,70.4,1.8,4,68.783,-1.191,-799.773
2244.2,50.23,0.0,42.6,0.9,4,66.737,-1.141,-802.025
2244.2,49.58,0.0,23.5,1.2,4,64.683,-1.093,-804.202
2244.2,49.27,0.0,17.7,2.7,4,63.301,-1.060,-805.616
2254.0,48.90,0.0,13.7,6.7,4,61.207,-1.011,-807.687
2254.0,48.68,0.0,11.9,9.0,4,59.798,-0.979,-809.037
2254.0,48.38,0.0,10.7,10.5,4,57.663,-0.929,-811.017
2254.0,48.18,0.0,9.8,10.7,4,56.226,-0.896,-812.308
2263.6,47.90,0.0,8.8,10.6,4,54.051,-0.845,-814.198
2263.6,47.72,0.0,8.1,10.5,4,52.586,-0.812,-815.428
2263.6,47.46,0.0,6.9,10.8,4,50.366,-0.765,-817.224
2263.6,47.29,0.0,5.4,10.8,4,48.870,-0.734,-818.388
2273.1,47.06,0.0,2.6,11.4,4,46.603,-0.686,-820.081
2273.1,46.92,0.0,2.2,11.9,4,45.075,-0.654,-821.176
2273.1,46.72,0.0,0.7,13.0,4,42.759,-0.607,-822.766
2273.1,46.53,0.3,0.1,13.5,4,40.416,-0.561,-824.294
2282.6,46.41,3.9,0.0,13.8,4,38.838,-0.531,-825.276
2282.6,46.26,5.5,0.0,14.3,4,36.446,-0.483,-826.694
2282.6,46.15,5.3,0.0,14.6,4,34.837,-0.452,-827.603
2282.6,46.00,4.5,0.0,15.0,4,32.401,-0.405,-828.910
2292.1,45.89,4.8,0.0,15.2,4,30.764,-0.373,-829.744
2292.1,45.73,4.9,0.0,15.4,4,28.288,-0.326,-830.938
2292.1,45.62,6.5,0.0,15.5,4,26.626,-0.295,-831.695
2292.1,45.48,10.2,0.0,13.8,4,24.114,-0.248,-832.772
2301.7,45.39,9.2,0.0,12.7,4,22.428,-0.216,-833.451
2301.7,45.26,7.4,0.0,14.4,4,19.884,-0.167,-834.411
2301.7,45.16,5.0,0.0,16.2,4,18.180,-0.135,-835.013
2301.7,45.00,3.3,0.0,16.8,4,15.612,-0.089,-835.864
2311.3,44.84,5.1,0.0,17.4,4,13.033,-0.045,-836.646
2311.3,44.73,6.0,0.0,15.3,4,11.308,-0.015,-837.127
2311.3,44.57,3.5,0.0,14.6,4,8.712,0.031,-837.788
2311.3,44.46,2.6,0.0,14.4,4,6.977,0.063,-838.188
2339.0,43.26,70.4,0.0,13.0,3,-16.446,0.440,-840.548
2339.0,43.37,32.4,21.1,13.3,3,-18.178,0.462,-840.506
2366.7,44.64,89.7,0.0,15.9,3,-42.930,0.656,-836.786
2376.2,44.98,89.7,0.0,16.1,3,-45.512,0.671,-836.041
2376.2,45.21,89.7,0.0,16.6,3,-47.235,0.679,-835.508
2376.2,45.54,89.7,0.0,17.2,3,-49.818,0.688,-834.651
2376.2,45.77,89.7,0.0,17.0,3,-51.539,0.695,-834.039
2385.8,46.09,89.8,0.0,17.0,3,-54.115,0.705,-833.062
2385.8,46.32,89.8,0.0,17.2,3,-55.829,0.711,-832.371
2385.8,46.63,89.8,0.0,17.6,3,-58.392,0.718,-831.276
2385.8,46.85,89.8,0.0,18.0,3,-60.097,0.721,-830.509
2395.5,47.17,89.8,0.0,18.8,3,-62.644,0.722,-829.300
2395.5,47.38,89.8,0.0,19.3,3,-64.335,0.721,-828.454
2395.5,47.69,89.8,0.0,20.7,3,-66.859,0.720,-827.127
2395.5,47.89,89.8,0.0,21.8,3,-68.532,0.718,-826.204
2405.3,48.20,89.8,0.0,23.1,3,-71.027,0.713,-824.761
2405.3,48.46,79.6,0.0,24.4,3,-73.501,0.706,-823.250
2405.3,48.60,75.8,0.0,25.4,3,-75.137,0.700,-822.204
2405.3,48.76,53.6,0.0,26.4,3,-77.564,0.691,-820.579
2415.0,48.79,43.3,0.0,27.4,3,-79.162,0.684,-819.460
2415.0,48.78,33.0,0.0,28.8,3,-81.526,0.671,-817.733
2415.0,48.74,25.4,0.0,29.5,3,-83.076,0.661,-816.549
2415.0,48.68,36.7,0.0,30.5,3,-85.362,0.646,-814.728
2424.5,48.68,43.5,0.0,31.0,3,-86.859,0.635,-813.484
2424.5,48.71,42.2,0.0,31.2,3,-89.068,0.616,-811.572
2424.5,48.71,39.9,0.0,31.4,3,-90.514,0.603,-810.266
2424.5,48.70,36.5,0.0,32.2,3,-92.644,0.580,-808.265
2434.1,48.68,35.3,0.0,32.3,3,-94.036,0.563,-806.903
2434.1,48.60,16.7,0.0,32.2,3,-96.077,0.538,-804.816
2434.1,48.50,12.1,0.0,32.0,3,-97.405,0.521,-803.399
2434.1,48.33,11.9,0.0,31.3,3,-99.347,0.496,-801.239
2443.4,48.17,11.8,0.0,29.7,3,-101.227,0.468,-799.037
2443.4,48.06,11.7,0.0,28.2,3,-102.445,0.449,-797.546
2443.4,48.04,49.3,0.0,26.2,3,-104.219,0.419,-795.276
2443.4,48.10,53.8,0.0,25.5,3,-105.370,0.398,-793.736
2452.5,48.22,62.3,0.0,24.5,3,-107.053,0.363,-791.388
2452.5,48.35,73.7,0.0,23.9,3,-108.146,0.338,-789.796
2452.5,48.58,82.4,0.0,23.0,3,-109.748,0.297,-787.370
2452.5,48.76,87.9,0.0,21.2,3,-110.792,0.267,-785.727
2462.0,49.07,89.9,0.0,15.7,3,-112.321,0.214,-783.223
2462.0,49.26,89.9,0.0,11.5,3,-113.312,0.178,-781.524
2462.0,49.57,89.9,0.0,5.5,3,-114.754,0.120,-778.936
2462.0,49.71,90.1,0.0,1.5,3,-115.687,0.081,-777.184
2471.7,50.06,89.9,0.0,-4.4,3,-117.048,0.020,-774.519
2471.7,50.38,90.0,0.0,-6.0,3,-118.365,-0.046,-771.810
2471.7,50.63,90.0,0.0,-7.3,3,-119.228,-0.097,-769.984
2471.7,51.00,89.9,0.0,-6.2,3,-120.505,-0.179,-767.217
2481.9,51.24,90.0,0.0,-3.9,3,-121.354,-0.236,-765.358
2481.9,51.57,90.1,0.0,-1.8,3,-122.643,-0.318,-762.558
2481.9,51.81,90.1,0.0,-1.5,3,-123.517,-0.372,-760.685
2481.9,51.88,0.0,0.0,-2.2,0,-124.847,-0.460,-757.872
2492.4,52.00,89.8,0.0,-2.7,4,-125.746,-0.525,-756.002
2492.4,52.32,89.8,0.0,-2.9,4,-127.120,-0.624,-753.192
2492.4,52.54,89.8,0.0,-2.4,4,-128.055,-0.689,-751.316
2492.4,52.87,87.8,0.0,-2.3,4,-129.484,-0.784,-748.498
2503.0,53.08,81.3,0.0,-2.8,4,-130.453,-0.849,-746.615
2503.0,53.40,71.5,0.0,-2.8,4,-131.932,-0.948,-743.786
2503.0,53.72,61.9,0.0,-2.9,4,-133.442,-1.046,-740.951
2503.0,53.95,57.3,0.0,-2.7,4,-134.465,-1.110,-739.058
2514.0,54.28,57.4,0.0,-2.8,4,-136.024,-1.212,-736.213
2514.0,54.50,57.5,0.0,-2.9,4,-137.079,-1.284,-734.313
2514.0,54.82,57.6,0.0,-2.7,4,-138.685,-1.398,-731.457
2514.0,55.02,57.8,0.0,-2.2,4,-139.772,-1.478,-729.550
2525.2,55.32,58.0,0.0,-2.5,4,-141.427,-1.602,-726.687
2525.2,55.54,58.0,0.0,-2.7,4,-142.545,-1.688,-724.774
2525.2,55.86,58.0,0.0,-2.8,4,-144.246,-1.825,-721.902
2525.2,56.06,58.1,0.0,-3.0,4,-145.397,-1.919,-719.985
2536.4,56.37,58.2,0.0,-1.7,4,-147.150,-2.060,-717.107
2536.4,56.58,58.2,0.0,-1.7,4,-148.335,-2.155,-715.187
2536.4,56.88,58.3,0.0,-2.4,4,-150.135,-2.297,-712.302
2536.4,57.09,58.4,0.0,-3.0,4,-151.349,-2.393,-710.376
2547.8,57.39,58.5,0.0,-2.7,4,-153.193,-2.537,-707.483
2547.8,57.69,58.6,0.0,-1.8,4,-155.067,-2.676,-704.588
2547.8,57.88,58.7,0.0,-1.4,4,-156.332,-2.766,-702.656
2559.5,58.18,58.8,0.0,-1.4,4,-158.251,-2.897,-699.755
2559.5,58.38,58.8,0.0,-1.5,4,-159.544,-2.983,-697.817
2559.5,58.67,58.9,0.0,-1.6,4,-161.501,-3.111,-694.905
2559.5,58.86,59.0,0.0,-1.7,4,-162.817,-3.195,-692.960
2571.3,59.14,59.0,0.0,-1.6,4,-164.809,-3.315,-690.036
2571.3,59.33,59.1,0.0,-1.4,4,-166.150,-3.390,-688.084
2571.3,59.61,59.1,0.0,-1.3,4,-168.179,-3.495,-685.152
2571.3,59.79,59.2,0.0,-1.3,4,-169.543,-3.560,-683.193
2583.3,60.07,59.2,0.0,-1.1,4,-171.609,-3.648,-680.252
2583.3,60.24,59.2,0.0,-1.1,4,-172.998,-3.702,-678.289
2583.3,60.51,59.2,0.0,-1.0,4,-175.099,-3.771,-675.339
2583.3,60.68,59.0,0.0,-1.0,4,-176.512,-3.809,-673.370
2595.5,60.93,58.8,0.0,-1.0,4,-178.646,-3.857,-670.413
2595.5,61.18,58.5,0.0,-0.9,0,-180.800,-3.894,-667.450
2595.5,61.14,0.0,0.0,-0.8,0,-182.243,-3.915,-665.474
2595.5,61.29,81.1,0.0,-0.7,5,-184.416,-3.942,-662.516
2607.8,61.45,74.3,0.0,-0.8,5,-185.874,-3.958,-660.541
2607.8,61.68,64.2,0.0,-0.8,5,-188.073,-3.982,-657.574
2607.8,61.83,57.5,0.0,-0.8,5,-189.548,-3.996,-655.593
2607.8,62.05,56.3,0.0,-0.7,5,-191.773,-4.014,-652.617
2620.1,62.20,56.4,0.0,-0.7,5,-193.265,-4.025,-650.630
2620.1,62.41,56.5,0.0,-0.7,5,-195.515,-4.039,-647.646
2620.1,62.56,56.5,0.0,-0.7,5,-197.024,-4.045,-645.653
2620.1,62.78,56.7,0.0,-0.7,5,-199.298,-4.052,-642.660
2632.6,62.92,56.7,0.0,-0.7,5,-200.823,-4.055,-640.661
2632.6,63.14,56.9,0.0,-0.7,5,-203.121,-4.055,-637.658
2632.6,63.35,57.0,0.0,-0.7,5,-205.434,-4.051,-634.651
2632.6,63.49,57.0,0.0,-0.8,5,-206.983,-4.044,-632.643
2645.2,63.70,57.1,0.0,-0.8,5,-209.320,-4.028,-629.627
2645.2,63.83,57.2,0.0,-0.8,5,-210.885,-4.014,-627.614
2645.2,64.04,57.3,0.0,-1.0,5,-213.246,-3.992,-624.591
2645.2,64.18,57.3,0.0,-1.1,5,-214.829,-3.977,-622.573
2657.9,64.39,57.4,0.0,-1.5,5,-217.218,-3.955,-619.545
2657.9,64.53,57.4,0.0,-1.6,5,-218.820,-3.941,-617.525
2657.9,64.73,57.5,0.0,-1.8,5,-221.239,-3.920,-614.495
2657.9,64.86,57.6,0.0,-1.4,5,-222.863,-3.908,-612.476
2670.8,65.07,57.7,0.0,-1.4,5,-225.317,-3.896,-609.448
2670.8,65.20,57.7,0.0,-1.4,5,-226.963,-3.891,-607.429
2670.8,65.40,57.8,0.0,-1.3,5,-229.450,-3.888,-604.402
2670.8,65.51,46.2,7.3,-1.2,5,-231.119,-3.889,-602.384
2683.9,65.18,0.0,48.2,-1.0,5,-233.630,-3.896,-599.367
2683.9,64.64,0.0,67.9,-0.8,5,-235.297,-3.903,-597.375
2683.9,63.60,0.0,80.3,-0.5,5,-237.776,-3.918,-594.429
2683.9,62.43,0.0,83.5,-0.3,5,-240.221,-3.937,-591.541
2696.7,61.64,0.0,84.5,-0.1,5,-241.830,-3.952,-589.650
2696.7,60.43,0.0,84.5,-0.0,5,-244.210,-3.980,-586.864
2696.7,59.64,0.0,84.7,-0.1,5,-245.776,-4.000,-585.041
2696.7,58.44,0.0,85.0,-0.1,5,-248.090,-4.034,-582.357
2708.8,57.64,0.0,84.6,-0.1,5,-249.610,-4.059,-580.600
2708.8,56.45,0.0,84.5,-0.0,5,-251.855,-4.097,-578.014
2708.8,55.65,0.0,84.5,0.0,5,-253.329,-4.122,-576.322
2708.8,54.48,0.0,84.6,0.2,5,-255.504,-4.161,-573.833
2720.0,53.69,0.0,84.8,0.1,5,-256.931,-4.186,-572.205
2720.0,52.53,38.7,85.2,0.0,0,-259.036,-4.224,-569.810
2720.0,51.76,0.0,85.9,-0.2,4,-260.417,-4.249,-568.245
2720.0,50.57,0.0,85.3,-0.5,4,-262.452,-4.288,-565.943
2730.5,49.40,0.0,84.8,-0.9,4,-264.444,-4.326,-563.698
2730.5,48.63,0.0,84.5,-1.1,4,-265.750,-4.352,-562.234
2730.5,47.48,0.0,85.0,-1.5,4,-267.674,-4.392,-560.084
2730.5,46.69,0.0,84.4,-1.8,4,-268.936,-4.418,-558.684
2740.1,45.53,0.0,84.4,-1.9,4,-270.796,-4.455,-556.633
2740.1,44.78,34.2,84.5,-2.0,0,-272.016,-4.478,-555.299
2740.1,43.65,0.0,85.9,-1.9,3,-273.818,-4.512,-553.349
2740.1,42.88,0.0,85.7,-1.8,3,-275.000,-4.533,-552.083
2749.0,41.72,0.0,85.4,-2.0,3,-276.745,-4.565,-550.237
2749.0,40.97,0.0,85.8,-2.1,3,-277.889,-4.585,-549.041
2749.0,39.84,0.0,85.6,-1.6,3,-279.579,-4.616,-547.300
2749.0,39.08,0.0,85.4,-1.1,3,-280.688,-4.636,-546.175
2757.1,37.97,0.0,84.5,0.1,0,-282.327,-4.663,-544.542
2757.1,37.24,44.1,82.1,0.7,0,-283.404,-4.681,-543.490
2757.1,36.21,0.0,74.3,0.7,2,-284.998,-4.706,-541.966
2764.5,35.23,0.0,67.5,0.9,2,-286.568,-4.730,-540.506
2764.5,34.60,0.0,65.0,1.5,2,-287.604,-4.746,-539.567
2764.5,33.70,0.0,62.2,1.2,2,-289.142,-4.769,-538.211
2764.5,33.12,0.0,60.9,0.5,2,-290.157,-4.784,-537.341
2771.1,32.25,0.0,62.5,-1.1,2,-291.667,-4.806,-536.087
2771.1,31.67,0.0,62.9,-2.3,2,-292.664,-4.820,-535.285
2771.1,30.80,0.0,62.6,-2.4,2,-294.145,-4.840,-534.133
2771.1,30.23,0.0,57.7,-5.4,2,-295.120,-4.853,-533.398
2777.2,29.47,39.2,49.0,-7.7,0,-296.570,-4.871,-532.346
2777.2,28.78,0.0,43.7,-4.2,1,-298.009,-4.887,-531.352
2777.2,28.14,0.0,41.6,-8.6,1,-299.434,-4.903,-530.410
2777.2,27.73,0.0,40.3,-13.3,1,-300.378,-4.912,-529.810
2782.7,27.13,0.0,38.8,-18.6,1,-301.785,-4.925,-528.955
2782.7,26.74,0.0,41.1,-16.6,1,-302.719,-4.933,-528.416
2782.7,26.14,0.0,39.1,-11.4,1,-304.110,-4.944,-527.651
2782.7,25.76,0.0,36.3,-8.9,1,-305.029,-4.950,-527.167
2787.7,25.24,0.0,30.8,-7.5,1,-306.396,-4.959,-526.478
2787.7,24.92,0.0,31.6,-8.3,1,-307.299,-4.965,-526.041
2787.7,24.47,0.0,24.6,-11.1,1,-308.643,-4.972,-525.416
2787.7,24.10,0.0,16.1,-14.5,1,-309.976,-4.977,-524.827
2792.6,23.91,0.0,11.7,-16.2,1,-310.861,-4.980,-524.455
2792.6,23.64,0.0,13.0,-21.5,1,-312.188,-4.982,-523.927
2792.6,23.47,0.0,9.0,-24.8,1,-313.071,-4.984,-523.599
2792.6,23.25,0.0,9.1,-26.0,1,-314.398,-4.984,-523.146
2798.0,23.10,0.0,7.1,-26.7,1,-315.283,-4.983,-522.871
2798.0,22.89,0.0,8.1,-28.3,1,-316.613,-4.980,-522.502
2798.0,22.73,0.0,7.9,-31.0,1,-317.500,-4.978,-522.286
2798.0,22.50,0.0,3.5,-34.0,1,-318.829,-4.970,-522.010
2804.9,22.39,10.3,0.0,-34.0,1,-319.713,-4.963,-521.858
2804.9,22.43,42.6,0.0,-33.5,1,-321.044,-4.953,-521.675
2804.9,22.58,54.9,0.0,-33.5,1,-321.940,-4.947,-521.581
2804.9,22.89,38.8,0.0,-30.7,1,-323.300,-4.939,-521.477
2810.4,23.00,28.5,0.0,-30.5,1,-324.216,-4.936,-521.432
2810.4,23.01,8.8,5.3,-30.5,1,-325.597,-4.937,-521.404
2810.4,22.84,0.0,9.4,-30.5,1,-326.975,-4.944,-521.424
2810.4,22.64,0.0,4.0,-31.9,1,-327.884,-4.947,-521.472
2815.6,22.42,3.7,0.0,-32.5,1,-329.228,-4.941,-521.602
2815.6,22.35,5.5,0.0,-33.6,1,-330.115,-4.934,-521.726
2815.6,22.26,7.0,0.0,-36.8,1,-331.433,-4.923,-521.954
2815.6,22.21,16.1,0.0,-38.0,1,-332.304,-4.918,-522.134
2820.4,22.29,41.5,0.0,-37.5,1,-333.600,-4.910,-522.447
2820.4,22.43,52.6,0.0,-36.0,1,-334.462,-4.904,-522.684
2820.4,22.74,65.0,0.0,-34.0,1,-335.755,-4.893,-523.085
2820.4,23.00,70.1,0.0,-32.9,1,-336.620,-4.885,-523.382
2825.1,23.47,71.7,0.0,-30.3,1,-337.923,-4.871,-523.871
2825.1,23.71,66.5,0.0,-27.5,1,-338.797,-4.860,-524.227
2825.1,24.10,55.2,0.0,-22.7,1,-340.107,-4.843,-524.808
2825.1,24.34,71.5,0.0,-21.3,1,-340.980,-4.830,-525.227
2829.9,24.74,62.1,0.0,-19.1,1,-342.288,-4.811,-525.901
2829.9,25.13,67.1,0.0,-15.3,1,-343.593,-4.790,-526.631
2829.9,25.39,65.8,0.0,-12.1,1,-344.461,-4.775,-527.148
2834.9,25.85,70.7,0.0,-6.6,1,-345.760,-4.754,-527.966
2834.9,26.18,77.4,0.0,-2.4,1,-346.629,-4.740,-528.538
2834.9,26.74,83.4,0.0,3.3,1,-347.939,-4.718,-529.432
2834.9,27.13,84.0,0.0,5.4,1,-348.821,-4.704,-530.048
2840.2,27.76,85.7,0.0,8.3,1,-350.165,-4.682,-530.997
2840.2,28.14,65.4,0.0,9.9,1,-351.077,-4.667,-531.643
2840.2,28.41,32.8,0.0,11.5,1,-352.468,-4.644,-532.616
2840.2,28.46,18.5,0.0,12.8,1,-353.408,-4.629,-533.256
2845.8,28.48,21.4,0.0,10.0,1,-354.834,-4.608,-534.197
2845.8,28.55,29.1,0.0,10.3,1,-355.794,-4.595,-534.811
2845.8,28.69,35.1,0.0,15.4,1,-357.253,-4.576,-535.716
2845.8,28.81,39.7,0.0,18.6,1,-358.241,-4.564,-536.305
2851.5,28.98,33.2,0.0,22.1,1,-359.747,-4.548,-537.163
2851.5,29.05,19.0,0.0,24.3,1,-361.283,-4.533,-537.983
2851.5,29.02,9.0,0.0,25.0,1,-362.321,-4.525,-538.504
2851.5,28.98,14.8,0.0,24.5,1,-363.896,-4.513,-539.243
2857.4,28.94,9.5,0.0,24.3,1,-364.958,-4.507,-539.707
2857.4,28.83,4.3,0.0,25.0,1,-366.566,-4.498,-540.355
2857.4,28.76,8.5,0.0,26.0,1,-367.646,-4.493,-540.756
2857.4,28.66,6.7,0.0,27.0,1,-369.278,-4.487,-541.307
2863.5,28.58,3.2,0.0,27.4,1,-370.373,-4.484,-541.642
2863.5,28.51,24.5,0.0,29.2,1,-372.024,-4.483,-542.096
2863.5,28.59,45.0,0.0,30.7,1,-373.132,-4.484,-542.369
2863.5,28.89,65.2,0.0,31.9,1,-374.816,-4.488,-542.737
2870.7,29.14,86.4,0.0,30.7,1,-375.956,-4.490,-542.953
2870.7,29.47,65.4,0.0,25.8,1,-377.693,-4.491,-543.231
2870.7,29.67,56.6,0.0,22.9,1,-378.865,-4.491,-543.385
2870.7,29.98,49.3,0.0,14.6,1,-380.644,-4.492,-543.567
2877.5,30.14,34.6,0.0,6.1,1,-382.444,-4.491,-543.689
2877.5,30.18,30.3,0.0,-1.2,1,-383.649,-4.491,-543.736
2877.5,30.22,19.4,0.0,-3.2,1,-385.462,-4.497,-543.763
2877.5,30.19,12.9,0.0,-11.6,1,-386.670,-4.504,-543.749
2885.3,30.10,15.7,0.0,-6.9,1,-388.478,-4.513,-543.674
2885.3,30.11,42.4,0.0,-1.6,1,-389.678,-4.515,-543.584
2885.3,30.47,79.5,0.0,8.1,1,-391.483,-4.516,-543.392
2885.3,30.81,76.1,0.0,15.0,1,-392.697,-4.517,-543.232
2892.1,31.30,76.0,0.0,24.0,1,-394.537,-4.519,-542.946
2892.1,31.61,77.1,0.0,28.6,1,-395.775,-4.521,-542.723
2892.1,32.06,78.4,0.0,32.9,1,-397.646,-4.522,-542.341
2892.1,32.34,73.3,0.0,33.9,1,-398.901,-4.522,-542.054
2898.8,32.67,62.1,0.0,33.2,1,-400.791,-4.524,-541.573
2898.8,32.87,56.0,0.0,32.1,1,-402.053,-4.527,-541.219
2898.8,33.08,46.7,0.0,30.8,1,-403.943,-4.535,-540.636
2898.8,33.23,41.7,0.0,30.2,1,-405.825,-4.546,-539.991
2905.3,33.31,39.3,0.0,30.5,1,-407.072,-4.556,-539.526
2905.3,33.41,36.0,0.0,31.7,1,-408.928,-4.572,-538.777
2905.3,33.45,24.5,0.0,32.9,1,-410.154,-4.585,-538.243
2905.3,33.38,12.6,0.0,35.5,1,-411.971,-4.608,-537.395
2911.6,33.31,12.4,0.0,37.3,1,-413.165,-4.624,-536.800
2911.6,33.21,12.2,0.0,40.1,1,-414.928,-4.652,-535.865
2911.6,33.13,12.1,0.0,41.3,1,-416.084,-4.670,-535.214
2911.6,33.03,18.7,0.0,42.0,1,-417.788,-4.699,-534.197
2917.9,33.02,25.3,0.0,41.5,1,-418.906,-4.717,-533.493
2917.9,33.04,27.3,0.0,39.6,1,-420.554,-4.745,-532.394
2917.9,33.05,30.2,0.0,38.1,1,-421.635,-4.764,-531.634
2917.9,33.14,37.1,0.0,35.2,1,-423.230,-4.791,-530.451
2924.2,33.22,43.0,0.0,34.3,1,-424.275,-4.808,-529.634
2924.2,33.42,53.9,0.0,30.7,1,-425.817,-4.832,-528.363
2924.2,33.81,89.8,0.0,26.1,1,-427.333,-4.853,-527.036
2924.2,34.15,89.9,0.0,24.9,0,-428.334,-4.866,-526.119
2930.7,34.13,89.6,0.0,22.0,2,-429.812,-4.886,-524.699
2930.7,34.41,89.6,0.0,16.0,2,-430.776,-4.900,-523.726
2930.7,34.81,75.3,0.0,6.2,2,-432.203,-4.920,-522.218
2930.7,35.07,78.9,0.0,1.2,2,-433.141,-4.932,-521.183
2937.5,35.49,77.8,0.0,-5.1,2,-434.531,-4.948,-519.587
2937.5,35.78,83.8,0.0,-7.3,2,-435.448,-4.959,-518.497
2937.5,36.23,82.0,0.0,-6.8,2,-436.818,-4.975,-516.828
2937.5,36.59,89.2,0.0,-3.7,2,-437.729,-4.987,-515.692
2944.5,37.09,89.7,0.0,3.1,2,-439.096,-5.004,-513.956
2944.5,37.45,89.7,0.0,6.5,2,-440.009,-5.015,-512.779
2944.5,37.92,89.7,0.0,9.3,2,-441.381,-5.030,-510.985
2944.5,38.21,89.8,0.0,9.8,2,-442.295,-5.041,-509.767
2951.9,38.65,89.8,0.0,7.8,2,-443.658,-5.058,-507.909
2951.9,39.07,88.6,0.0,5.3,2,-445.006,-5.073,-506.006
2951.9,39.36,88.4,0.0,3.8,2,-445.892,-5.082,-504.711
2959.4,39.75,87.6,0.0,2.1,2,-447.201,-5.090,-502.730
2959.4,40.02,76.7,0.0,0.9,2,-448.058,-5.095,-501.385
2959.4,40.41,89.8,0.0,1.2,2,-449.322,-5.101,-499.330
2959.4,40.59,0.0,0.0,1.6,0,-450.150,-5.105,-497.936
2967.3,40.65,89.6,0.0,4.9,3,-451.358,-5.113,-495.822
2967.3,40.93,89.6,0.0,6.2,3,-452.142,-5.116,-494.391
2967.3,41.27,89.6,0.0,8.4,3,-453.290,-5.116,-492.209
2967.3,41.52,89.6,0.0,9.0,3,-454.039,-5.117,-490.732
2975.2,41.88,89.6,0.0,8.1,3,-455.138,-5.125,-488.483
2975.2,42.29,89.6,0.0,6.9,3,-456.204,-5.135,-486.194
2975.2,42.54,89.6,0.0,7.3,3,-456.893,-5.140,-484.643
2975.2,42.93,89.7,0.0,7.8,3,-457.894,-5.152,-482.284
2983.5,43.19,89.7,0.0,8.9,3,-458.540,-5.161,-480.688
2983.5,43.57,89.7,0.0,9.6,3,-459.477,-5.178,-478.261
2983.5,43.83,89.7,0.0,10.6,3,-460.080,-5.191,-476.620
2983.5,44.21,89.7,0.0,12.2,3,-460.952,-5.214,-474.128
2991.9,44.45,89.7,0.0,12.5,3,-461.510,-5.231,-472.446
2991.9,44.83,89.7,0.0,12.4,3,-462.308,-5.259,-469.890
2991.9,45.06,89.7,0.0,12.5,3,-462.814,-5.279,-468.166
2991.9,45.43,89.7,0.0,12.5,3,-463.531,-5.311,-465.548
3000.7,45.66,89.7,0.0,12.4,3,-463.980,-5.334,-463.783
3000.7,46.02,89.8,0.0,12.7,3,-464.609,-5.370,-461.106
3000.7,46.25,89.8,0.0,13.1,3,-464.998,-5.396,-459.303
3000.7,46.60,89.8,0.0,13.1,3,-465.532,-5.436,-456.570
3009.7,46.94,89.8,0.0,12.9,3,-466.007,-5.476,-453.806
3009.7,47.17,89.8,0.0,12.7,3,-466.288,-5.503,-451.945
3009.7,47.51,89.8,0.0,12.7,3,-466.658,-5.542,-449.130
3009.7,47.73,89.8,0.0,13.1,3,-466.869,-5.568,-447.238
3019.1,48.07,89.8,0.0,14.1,3,-467.133,-5.606,-444.377
3019.1,48.29,89.8,0.0,15.0,3,-467.274,-5.632,-442.456
3019.1,48.61,89.9,0.0,15.7,3,-467.434,-5.670,-439.555
3019.1,48.83,89.9,0.0,15.9,3,-467.504,-5.695,-437.608
3028.6,49.15,89.9,0.0,16.2,3,-467.556,-5.733,-434.670
3028.6,49.36,89.9,0.0,16.2,3,-467.554,-5.759,-432.701
3028.6,49.66,89.9,0.0,15.8,3,-467.493,-5.796,-429.732
3028.6,49.86,89.9,0.0,15.2,3,-467.412,-5.820,-427.743
3038.5,50.16,89.9,0.0,14.5,3,-467.231,-5.854,-424.749
3038.5,50.35,90.0,0.0,13.6,3,-467.069,-5.876,-422.746
3038.5,50.65,90.0,0.0,11.9,3,-466.763,-5.905,-419.733
3038.5,50.93,90.1,0.0,11.2,3,-466.380,-5.931,-416.710
3049.0,51.13,90.1,0.0,11.0,3,-466.083,-5.947,-414.691
3049.0,51.41,90.0,0.0,11.2,3,-465.577,-5.968,-411.658
3049.0,51.51,0.0,0.0,11.6,0,-465.201,-5.981,-409.633
3049.0,51.55,89.8,0.0,12.1,4,-464.582,-6.003,-406.607
3060.3,51.74,89.8,0.0,12.4,4,-464.136,-6.020,-404.591
3060.3,52.02,89.8,0.0,12.9,4,-463.417,-6.051,-401.563
3060.3,52.20,89.8,0.0,13.2,4,-462.901,-6.073,-399.544
3060.3,52.47,89.8,0.0,12.8,4,-462.072,-6.107,-396.516
3071.2,52.64,89.8,0.0,12.3,4,-461.479,-6.126,-394.500
3071.2,52.91,85.2,0.0,11.0,4,-460.528,-6.151,-391.480
3071.2,53.08,78.7,0.0,10.1,4,-459.854,-6.164,-389.471
3071.2,53.36,68.9,0.0,9.2,4,-458.785,-6.184,-386.463
3081.9,53.55,62.4,0.0,8.9,4,-458.035,-6.197,-384.461
3081.9,53.83,57.3,0.0,8.9,4,-456.856,-6.216,-381.464
3081.9,54.11,57.4,0.0,9.0,4,-455.615,-6.233,-378.474
3081.9,54.29,57.5,0.0,8.7,4,-454.753,-6.243,-376.485
3092.5,54.57,57.7,0.0,8.1,4,-453.411,-6.253,-373.508
3092.5,54.77,57.8,0.0,7.7,4,-452.485,-6.259,-371.528
3092.5,55.05,57.9,0.0,7.2,4,-451.050,-6.269,-368.562
3092.5,55.24,57.9,0.0,6.8,4,-450.065,-6.278,-366.590
3103.3,55.52,58.0,0.0,6.9,4,-448.542,-6.292,-363.637
3103.3,55.71,58.0,0.0,7.0,4,-447.497,-6.300,-361.674
3103.3,55.98,58.1,0.0,7.1,4,-445.886,-6.313,-358.736
3103.3,56.17,58.2,0.0,7.0,4,-444.784,-6.321,-356.783
3114.3,56.44,58.2,0.0,6.7,4,-443.087,-6.332,-353.863
3114.3,56.62,58.3,0.0,6.5,4,-441.926,-6.339,-351.923
3114.3,56.88,58.3,0.0,6.6,4,-440.141,-6.345,-349.024
3114.3,57.06,58.4,0.0,6.5,4,-438.924,-6.349,-347.099
3125.5,57.32,58.6,0.0,6.3,4,-437.055,-6.355,-344.221
3125.5,57.60,58.6,0.0,5.7,4,-435.139,-6.364,-341.355
3125.5,57.78,58.6,0.0,5.3,4,-433.833,-6.368,-339.453
3137.0,58.03,58.8,0.0,4.2,4,-431.835,-6.370,-336.612
3137.0,58.20,58.9,0.0,3.3,4,-430.476,-6.369,-334.726
3137.0,58.44,59.0,0.0,2.4,4,-428.404,-6.364,-331.908
3137.0,58.61,59.0,0.0,2.0,4,-427.000,-6.358,-330.035
3148.7,58.89,59.0,0.0,1.5,4,-424.865,-6.345,-327.230
3148.7,59.06,59.0,0.0,1.2,4,-423.426,-6.338,-325.361
3148.7,59.33,59.1,0.0,0.8,4,-421.247,-6.329,-322.557
3148.7,59.49,59.1,0.0,0.7,4,-419.782,-6.324,-320.686
3160.6,59.75,59.1,0.0,0.3,4,-417.571,-6.312,-317.875
3160.6,59.92,59.2,0.0,-0.0,4,-416.089,-6.303,-315.996
3160.6,60.19,59.2,0.0,-0.7,4,-413.858,-6.291,-313.168
3160.6,60.36,59.2,0.0,-1.0,4,-412.365,-6.284,-311.275
3172.7,60.61,59.0,0.0,-1.1,4,-410.121,-6.270,-308.423
3172.7,60.86,59.0,0.0,-1.0,4,-407.873,-6.257,-305.556
3172.7,61.02,58.9,0.0,-0.9,4,-406.374,-6.248,-303.634
3172.7,61.26,58.7,0.0,-0.9,4,-404.124,-6.232,-300.737
3184.9,61.33,0.0,0.0,-0.9,0,-402.624,-6.221,-298.797
3184.9,61.36,84.5,0.0,-0.7,5,-400.382,-6.204,-295.881
3184.9,61.50,77.7,0.0,-0.5,5,-398.889,-6.191,-293.930
3184.9,61.72,67.6,0.0,-0.5,5,-396.648,-6.172,-290.990
3197.2,61.87,60.9,0.0,-0.5,5,-395.154,-6.159,-289.022
3197.2,62.08,56.3,0.0,-0.7,5,-392.911,-6.138,-286.056
3197.2,62.23,56.4,0.0,-0.6,5,-391.415,-6.125,-284.071
3197.2,62.45,56.4,0.0,-0.5,5,-389.168,-6.105,-281.081
3209.6,62.59,56.5,0.0,-0.3,5,-387.669,-6.092,-279.080
3209.6,62.80,56.6,0.0,-0.5,5,-385.418,-6.070,-276.067
3209.6,62.93,56.8,0.0,-0.4,5,-383.915,-6.053,-274.051
3209.6,63.15,56.8,0.0,-0.3,5,-381.658,-6.028,-271.016
3222.2,63.36,56.9,0.0,-0.2,5,-379.397,-6.001,-267.968
3222.2,63.50,57.0,0.0,-0.1,5,-377.888,-5.983,-265.930
3222.2,63.71,57.1,0.0,-0.2,5,-375.619,-5.957,-262.861
3222.2,63.85,57.1,0.0,-0.2,5,-374.104,-5.939,-260.810
3234.9,64.05,57.3,0.0,-0.1,5,-371.827,-5.912,-257.723
3234.9,64.18,57.3,0.0,0.0,5,-370.305,-5.892,-255.659
3234.9,64.39,57.4,0.0,0.2,5,-368.018,-5.859,-252.554
3234.9,64.52,57.5,0.0,0.3,5,-366.489,-5.836,-250.478
3247.8,64.72,57.6,0.0,0.4,5,-364.189,-5.800,-247.357
3247.8,64.86,57.6,0.0,0.4,5,-362.651,-5.775,-245.272
3247.8,65.06,57.7,0.0,0.3,5,-360.335,-5.736,-242.137
3247.8,65.18,57.8,0.0,0.3,5,-358.786,-5.708,-240.044
3260.8,65.38,57.9,0.0,0.3,5,-356.453,-5.663,-236.899
3260.8,65.52,57.9,0.0,0.3,5,-354.892,-5.632,-234.798
3260.8,65.71,58.0,0.0,0.1,5,-352.541,-5.587,-231.641
3260.8,65.91,58.0,0.0,0.1,5,-350.179,-5.545,-228.477
3273.9,66.04,58.1,0.0,0.2,5,-348.600,-5.519,-226.364
3273.9,66.23,58.0,0.0,0.1,5,-346.222,-5.485,-223.188
3273.9,66.35,58.1,0.0,0.1,5,-344.632,-5.460,-221.066
3273.9,66.54,58.2,0.0,-0.0,5,-342.239,-5.419,-217.878
3287.2,66.67,58.2,0.0,-0.1,5,-340.639,-5.390,-215.748
3287.2,66.85,58.2,0.0,-0.1,5,-338.232,-5.346,-212.547
3287.2,66.97,58.3,0.0,-0.1,5,-336.622,-5.315,-210.409
3287.2,67.16,58.3,0.0,-0.0,5,-334.203,-5.269,-207.195
3300.6,67.28,58.3,0.0,-0.1,5,-332.586,-5.238,-205.047
3300.6,67.46,58.4,0.0,-0.1,5,-330.155,-5.192,-201.818
3300.6,67.58,58.4,0.0,-0.1,5,-328.531,-5.159,-199.661
3300.6,67.76,58.5,0.0,-0.1,5,-326.090,-5.108,-196.417
3314.1,67.87,58.5,0.0,-0.1,5,-324.460,-5.073,-194.249
3314.1,68.05,58.5,0.0,-0.2,5,-322.010,-5.019,-190.990
3314.1,68.23,58.6,0.0,-0.2,5,-319.555,-4.964,-187.722
3314.1,68.35,58.6,0.0,-0.2,5,-317.916,-4.927,-185.537
3327.7,68.52,58.7,0.0,-0.2,5,-315.454,-4.873,-182.253
3327.7,68.63,58.7,0.0,-0.2,5,-313.811,-4.836,-180.057
3327.7,68.80,58.7,0.0,-0.2,5,-311.342,-4.781,-176.756
3327.7,68.91,58.8,0.0,-0.2,5,-309.694,-4.745,-174.550
3341.4,69.08,58.8,0.0,-0.2,5,-307.219,-4.691,-171.232
3341.4,69.19,58.9,0.0,-0.2,5,-305.566,-4.654,-169.015
3341.4,69.36,58.9,0.0,-0.2,5,-303.085,-4.598,-165.681
3341.4,69.47,59.0,0.0,-0.2,5,-301.429,-4.559,-163.454
3355.3,69.63,59.0,0.0,-0.3,5,-298.942,-4.501,-160.104
3455.2,73.13,88.2,0.0,0.9,6,-233.741,-2.902,-71.244
3469.8,73.26,78.6,0.0,1.5,6,-231.155,-2.839,-67.695
3469.8,73.34,71.1,6.7,2.3,6,-229.422,-2.796,-65.331
3469.8,72.91,0.0,59.8,3.1,6,-226.809,-2.729,-61.799
3469.8,72.25,0.0,75.3,3.3,6,-225.070,-2.683,-59.472
3484.4,71.07,0.0,83.6,2.6,6,-222.472,-2.615,-56.043
3484.4,70.24,0.0,80.9,2.5,6,-220.748,-2.569,-53.802
3484.4,69.09,0.0,59.8,2.6,6,-218.171,-2.500,-50.510
3484.4,68.47,0.0,48.6,3.1,6,-216.455,-2.456,-48.359
3498.4,67.69,0.0,35.9,4.4,6,-213.874,-2.391,-45.193
3498.4,67.26,0.0,26.3,6.7,6,-212.144,-2.348,-43.121
3498.4,66.77,0.0,12.1,5.4,6,-209.526,-2.284,-40.069
3511.8,66.42,0.0,2.9,5.6,6,-206.875,-2.221,-37.081
3511.8,66.25,4.0,0.1,5.5,6,-205.085,-2.178,-35.122
3511.8,66.07,12.3,0.0,4.9,6,-202.364,-2.113,-32.232
3511.8,65.96,11.6,0.0,5.0,6,-200.528,-2.070,-30.335
3524.8,65.81,10.7,11.5,5.8,6,-197.741,-2.008,-27.532
3524.8,65.56,2.4,24.5,7.0,6,-195.863,-1.966,-25.692
3524.8,64.89,0.0,57.4,7.6,6,-193.028,-1.902,-22.988
3524.8,64.28,0.0,17.3,7.4,6,-191.135,-1.859,-21.230
3537.6,64.05,70.2,0.0,6.6,6,-188.278,-1.793,-18.657
3537.6,64.13,75.4,0.0,7.1,6,-186.345,-1.751,-16.973
3537.6,64.25,64.6,0.0,10.0,6,-183.405,-1.693,-14.487
3537.6,64.33,50.0,0.0,12.7,6,-181.417,-1.660,-12.856
3550.4,64.36,45.6,0.0,16.2,6,-178.396,-1.619,-10.453
3550.4,64.41,51.3,0.0,17.2,6,-176.357,-1.596,-8.880
3550.4,64.50,53.8,0.0,17.7,6,-173.256,-1.568,-6.570
3550.4,64.58,53.9,0.0,17.6,6,-170.103,-1.544,-4.323
3563.4,64.62,53.9,0.0,17.6,6,-167.969,-1.528,-2.866
3563.4,64.64,42.6,0.0,18.7,6,-164.725,-1.503,-0.742
3563.4,64.63,35.4,0.0,20.0,6,-162.533,-1.484,0.630
3563.4,64.58,39.9,0.0,21.3,6,-159.206,-1.450,2.618
3576.9,64.59,47.9,0.0,21.6,6,-156.961,-1.424,3.895
3576.9,64.59,53.8,0.0,23.4,6,-153.558,-1.385,5.749
3576.9,64.60,45.0,0.0,24.8,6,-151.269,-1.364,6.947
3576.9,64.59,26.8,0.0,26.0,6,-147.804,-1.337,8.683
3590.8,64.48,13.8,0.0,28.8,6,-145.472,-1.318,9.792
3590.8,64.29,17.2,0.0,32.4,6,-141.952,-1.287,11.382
3590.8,64.16,17.8,0.0,34.0,6,-139.590,-1.264,12.393
3590.8,63.95,15.7,0.0,35.5,6,-136.027,-1.229,13.835
3604.4,63.80,14.0,0.0,36.1,6,-133.640,-1.204,14.746
3604.4,63.56,11.8,0.0,36.8,6,-130.043,-1.168,16.036
3604.4,63.31,10.1,0.0,38.0,6,-126.430,-1.133,17.235
3604.4,63.13,8.9,0.0,38.8,6,-124.014,-1.111,17.983
3617.3,62.85,8.3,0.0,39.5,6,-120.381,-1.079,19.028
3617.3,62.67,8.3,0.0,40.2,6,-117.955,-1.056,19.671
3617.3,62.39,8.2,0.0,41.8,6,-114.309,-1.024,20.560
3617.3,62.20,8.2,0.0,42.6,6,-111.877,-1.004,21.103
3629.7,61.91,8.2,0.0,43.1,6,-108.226,-0.971,21.837
3629.7,61.73,19.5,0.0,43.3,0,-105.792,-0.947,22.274
3629.7,61.44,4.8,0.0,43.1,5,-102.143,-0.912,22.855
3629.7,61.24,8.8,0.0,42.7,5,-99.712,-0.888,23.192
3641.8,60.96,8.7,0.0,41.5,5,-96.071,-0.851,23.619
3641.8,60.77,8.7,0.0,40.6,5,-93.647,-0.825,23.851
3641.8,60.51,8.7,0.0,39.1,5,-90.019,-0.784,24.122
3641.8,60.33,8.6,0.0,38.0,5,-87.605,-0.756,24.253
3653.6,60.08,9.3,0.0,35.1,5,-83.995,-0.714,24.374
3653.6,59.85,12.0,0.0,32.0,5,-80.397,-0.672,24.406
3653.6,59.70,14.4,0.0,29.6,5,-78.006,-0.643,24.378
3653.6,59.53,20.1,0.0,25.7,5,-74.432,-0.598,24.259
3665.4,59.45,25.5,0.0,22.8,5,-72.056,-0.568,24.131
3665.4,59.40,36.3,0.0,18.4,5,-68.500,-0.523,23.867
3665.4,59.41,39.1,0.0,15.8,5,-66.135,-0.495,23.645
3665.4,59.47,46.0,0.0,12.5,5,-62.592,-0.452,23.243
3677.2,59.57,54.0,0.0,10.1,5,-60.232,-0.423,22.930
3677.2,59.72,55.4,0.0,7.6,5,-56.695,-0.373,22.392
3677.2,59.84,55.4,0.0,6.0,5,-54.337,-0.337,21.995
3677.2,60.06,55.2,0.0,3.1,5,-50.799,-0.287,21.351
3689.1,60.27,55.1,0.0,-0.1,5,-47.257,-0.246,20.655
3689.1,60.41,55.3,0.0,-1.2,5,-44.894,-0.221,20.166
3689.1,60.63,55.4,0.0,-2.0,5,-41.343,-0.182,19.408
3689.1,60.77,55.5,0.0,-2.5,5,-38.970,-0.155,18.899
3701.1,60.98,55.1,0.0,-3.6,5,-35.397,-0.117,18.142
3701.1,61.12,55.6,0.0,-4.4,5,-33.006,-0.092,17.647
3701.1,61.33,55.9,0.0,-4.5,5,-29.404,-0.057,16.929
3701.1,61.47,56.0,0.0,-4.0,5,-26.992,-0.035,16.467
3713.4,61.68,56.0,0.0,-4.1,5,-23.359,-0.008,15.804
3713.4,61.81,56.2,0.0,-4.7,5,-20.926,0.008,15.382
3713.4,62.01,56.2,0.0,-5.3,5,-17.260,0.030,14.782
3713.4,62.15,56.3,0.0,-5.9,5,-14.806,0.044,14.407
3725.8,62.33,56.5,0.0,-7.7,5,-11.109,0.068,13.886
3725.8,62.46,56.5,0.0,-8.3,5,-8.633,0.085,13.568
3725.8,62.64,56.6,0.0,-8.9,5,-4.905,0.110,13.141
3725.8,62.75,56.8,0.0,-9.0,5,-2.410,0.127,12.893
3738.4,62.92,56.8,0.0,-8.7,5,1.347,0.154,12.579
3738.4,63.08,56.9,0.0,-9.1,5,5.119,0.186,12.341
3738.4,63.19,57.0,0.0,-9.2,5,7.642,0.211,12.224
3751.3,63.36,57.1,0.0,-9.8,5,11.436,0.251,12.113
3751.3,63.47,57.0,0.0,-9.6,5,13.972,0.279,12.080
3751.3,63.62,57.2,0.0,-9.7,5,17.784,0.324,12.095
3751.3,63.73,57.3,0.0,-9.5,5,20.330,0.357,12.148
3764.5,63.89,57.3,0.0,-8.9,5,24.155,0.410,12.292
3764.5,63.99,57.3,0.0,-8.4,5,26.708,0.448,12.433
3764.5,64.15,57.4,0.0,-7.8,5,30.542,0.510,12.711
3764.5,64.24,57.4,0.0,-8.0,5,33.099,0.551,12.936
3777.6,64.38,57.4,0.0,-10.6,5,36.937,0.601,13.326
3777.6,64.50,48.2,0.0,-12.6,5,39.497,0.632,13.622
3777.6,64.59,55.7,0.0,-13.5,5,43.335,0.681,14.131
3777.6,64.73,57.6,0.0,-12.4,5,47.169,0.733,14.720
3791.0,64.81,57.7,0.0,-11.4,5,49.722,0.769,15.158
3791.0,64.94,57.7,0.0,-10.7,5,53.546,0.823,15.883
3791.0,65.03,57.8,0.0,-11.1,5,56.091,0.859,16.413
3791.0,65.18,57.8,0.0,-11.7,5,59.900,0.913,17.276
3804.5,65.26,57.9,0.0,-11.9,5,62.433,0.950,17.899
3804.5,65.40,58.0,0.0,-12.0,5,66.222,1.007,18.900
3804.5,65.49,58.0,0.0,-11.9,5,68.740,1.045,19.612
3804.5,65.62,58.0,0.0,-11.3,5,72.506,1.100,20.746
3817.9,65.72,57.9,0.0,-10.6,5,75.007,1.137,21.546
3817.9,65.84,58.0,0.0,-9.9,5,78.743,1.193,22.814
3817.9,65.93,58.1,0.0,-9.9,5,81.224,1.231,23.704
3817.9,66.08,58.2,0.0,-9.9,5,84.928,1.287,25.102
3831.5,66.17,58.1,0.0,-9.8,5,87.386,1.325,26.077
3831.5,66.30,58.2,0.0,-9.5,5,91.055,1.383,27.604
3831.5,66.45,58.2,0.0,-9.5,5,94.700,1.441,29.207
3831.5,66.54,58.2,0.0,-9.3,5,97.116,1.481,30.317
3844.8,66.67,58.3,0.0,-9.0,5,100.718,1.543,32.045
3844.8,66.77,58.3,0.0,-8.8,5,103.105,1.585,33.238
3844.8,66.91,58.3,0.0,-8.5,5,106.662,1.648,35.089
3844.8,67.00,58.3,0.0,-8.4,5,109.017,1.690,36.362
3858.2,67.14,58.3,0.0,-8.4,5,112.526,1.753,38.331
3858.2,67.23,58.4,0.0,-8.5,5,114.848,1.795,39.683
3858.2,67.37,58.4,0.0,-8.5,5,118.305,1.858,41.768
3858.2,67.46,58.4,0.0,-8.6,5,120.592,1.900,43.196
3871.6,67.60,58.4,0.0,-8.8,5,123.995,1.959,45.393
3871.6,67.69,58.5,0.0,-9.0,5,126.246,1.998,46.894
3871.6,67.82,58.5,0.0,-8.7,5,129.593,2.054,49.200
3871.6,67.91,58.6,0.0,-8.9,5,131.804,2.091,50.775
3885.0,68.04,58.6,0.0,-8.9,5,135.090,2.143,53.189
3885.0,68.13,58.6,0.0,-8.8,5,137.259,2.175,54.835
3885.0,68.26,58.6,0.0,-8.9,5,140.481,2.221,57.357
3885.0,68.40,58.6,0.0,-9.0,5,143.662,2.262,59.942
3898.6,68.48,58.7,0.0,-8.6,5,145.761,2.284,61.699
3898.6,68.62,58.7,0.0,-7.9,5,148.877,2.311,64.384
3898.6,68.71,58.7,0.0,-6.8,5,150.931,2.325,66.207
3898.6,68.85,58.8,0.0,-5.0,5,153.977,2.345,68.991
3912.4,68.95,58.8,0.0,-4.0,5,155.986,2.356,70.877
3912.4,68.94,23.6,41.8,-2.7,5,158.967,2.371,73.749
3912.4,68.47,0.0,60.9,-1.9,5,160.928,2.380,75.678
3912.4,67.46,0.0,78.2,-0.4,5,163.813,2.393,78.564
3926.0,66.27,0.0,82.5,0.9,5,166.629,2.408,81.426
3926.0,65.47,0.0,83.5,1.1,5,168.469,2.419,83.313
3926.0,64.25,0.0,84.5,0.8,5,171.179,2.438,86.110
3926.0,63.43,0.0,84.7,0.4,5,172.954,2.450,87.947
3939.0,62.20,0.0,84.5,0.1,5,175.574,2.470,90.660
3939.0,61.41,0.0,85.6,0.1,5,177.293,2.484,92.439
3939.0,60.18,0.0,84.9,0.2,5,179.832,2.502,95.061
3939.0,59.38,0.0,84.8,0.3,5,181.499,2.514,96.778
3951.1,58.17,0.0,84.4,0.4,5,183.960,2.533,99.306
3951.1,57.37,0.0,84.9,0.6,5,185.575,2.545,100.961
3951.1,56.17,0.0,84.9,0.6,5,187.960,2.563,103.397
3951.1,55.39,0.0,85.3,0.7,5,189.525,2.572,104.989
3962.5,54.19,0.0,84.6,0.5,5,191.835,2.585,107.331
3962.5,53.39,0.0,84.4,0.5,0,193.350,2.593,108.860
3962.5,52.23,0.0,85.6,0.5,4,195.589,2.607,111.106
3962.5,51.44,0.0,85.5,0.6,4,197.057,2.616,112.572
3973.1,50.24,0.0,84.4,0.6,4,199.224,2.632,114.722
3973.1,49.06,0.0,84.3,0.9,4,201.349,2.651,116.813
3973.1,48.28,0.0,83.9,1.2,4,202.743,2.665,118.174
3982.8,47.11,0.0,84.3,1.8,4,204.801,2.688,120.166
3982.8,46.35,0.0,84.8,2.2,4,206.152,2.705,121.461
3982.8,45.19,33.8,85.0,2.4,0,208.145,2.729,123.352
3982.8,44.43,0.0,85.8,2.7,3,209.454,2.745,124.579
3991.8,43.26,0.0,85.7,2.9,3,211.387,2.769,126.367
3991.8,42.49,0.0,85.3,2.9,3,212.656,2.783,127.523
3991.8,41.34,0.0,84.3,2.7,3,214.529,2.804,129.203
3991.8,40.59,0.0,83.0,2.0,3,215.760,2.816,130.287
4000.1,39.49,0.0,77.9,0.6,3,217.579,2.832,131.860
4000.1,38.80,0.0,67.2,-0.4,3,218.775,2.841,132.872
4000.1,37.88,0.0,54.2,-1.9,3,220.551,2.852,134.336
4000.1,37.10,0.0,46.5,-2.1,3,222.313,2.860,135.736
4007.7,36.63,0.0,42.5,-1.0,3,223.483,2.865,136.634
4007.7,35.99,0.0,39.2,2.2,3,225.236,2.869,137.929
4007.7,35.59,0.0,37.5,5.1,3,226.404,2.871,138.759
4007.7,35.05,42.3,35.7,9.0,0,228.152,2.871,139.959
4014.8,34.71,0.0,36.8,10.3,2,229.315,2.871,140.729
4014.8,34.15,0.0,36.1,10.4,2,231.057,2.869,141.842
4014.8,33.77,0.0,35.3,10.4,2,232.214,2.866,142.554
4014.8,33.23,0.0,34.7,10.7,2,233.945,2.861,143.578
4021.5,32.87,0.0,33.1,10.6,2,235.096,2.857,144.231
4021.5,32.36,0.0,31.1,11.0,2,236.817,2.850,145.164
4021.5,32.03,0.0,29.2,11.6,2,237.962,2.845,145.755
4021.5,31.59,0.0,21.3,12.7,2,239.676,2.837,146.596
4027.7,31.34,0.0,16.6,13.6,2,240.818,2.831,147.126
4027.7,31.03,0.0,12.1,15.2,2,242.532,2.821,147.876
4027.7,30.78,0.0,8.9,17.0,2,244.251,2.812,148.573
4027.7,30.62,0.0,6.6,18.4,2,245.400,2.806,149.008
4033.6,30.42,0.0,5.1,19.5,2,247.128,2.796,149.613
4033.6,30.30,0.0,4.7,20.0,2,248.284,2.789,149.986
4033.6,30.11,0.0,4.5,21.0,2,250.023,2.779,150.496
4033.6,29.99,0.0,3.9,21.7,2,251.185,2.772,150.805
4039.5,29.80,0.0,7.8,19.0,2,252.931,2.760,151.218
4039.5,29.66,0.0,6.8,17.0,2,254.096,2.752,151.461
4039.5,29.46,0.0,3.9,14.8,2,255.841,2.740,151.777
4039.5,29.35,0.0,6.8,14.6,2,257.004,2.732,151.957
4045.6,29.17,0.0,3.7,15.5,2,258.745,2.721,152.182
4045.6,29.07,0.0,0.7,16.5,2,259.903,2.715,152.303
4045.6,28.96,5.6,1.5,20.5,2,261.638,2.706,152.443
4045.6,28.88,1.3,0.5,23.6,2,262.793,2.700,152.507
4051.9,28.76,5.3,0.0,27.3,2,264.522,2.693,152.555
4051.9,28.68,9.0,0.0,29.9,2,266.245,2.687,152.543
4051.9,28.61,5.7,0.0,31.2,2,267.390,2.685,152.498
4051.9,28.54,17.0,0.0,33.2,2,269.100,2.683,152.377
4058.4,28.50,12.8,0.0,35.1,2,270.235,2.682,152.261
4058.4,28.42,13.7,0.0,39.3,2,271.928,2.682,152.033
4058.4,28.36,10.0,0.0,41.8,2,273.048,2.683,151.846
4058.4,28.23,9.7,0.0,45.9,2,274.713,2.686,151.513
4066.3,28.14,8.4,0.0,47.9,2,275.810,2.690,151.254
4066.3,28.01,38.3,0.0,52.1,0,277.436,2.699,150.813
4066.3,27.90,5.6,0.0,55.4,1,278.505,2.705,150.483
4066.3,27.75,10.4,0.0,61.0,1,280.084,2.718,149.940
4073.1,27.65,10.2,0.0,63.0,1,281.119,2.727,149.545
4073.1,27.46,9.4,0.0,62.7,1,282.641,2.745,148.900
4073.1,27.36,9.2,0.0,61.2,1,283.635,2.760,148.436
4073.1,27.19,9.2,0.0,60.9,1,285.091,2.786,147.690
4080.7,27.04,9.2,0.0,60.8,1,286.507,2.816,146.888
4080.7,26.94,9.1,0.0,59.2,1,287.428,2.836,146.326
4080.7,26.79,9.2,0.0,61.1,1,288.776,2.867,145.442
4080.7,26.69,9.3,0.0,59.5,1,289.652,2.887,144.827
4086.6,26.54,9.4,0.0,56.9,1,290.927,2.918,143.867
4086.6,26.45,10.6,0.0,55.9,1,291.753,2.940,143.202
4086.6,26.33,12.1,0.0,53.9,1,292.951,2.974,142.167
4086.6,26.26,13.6,0.0,52.1,1,293.724,2.997,141.454
4092.0,26.18,17.3,0.0,48.9,1,294.844,3.032,140.350
4092.0,26.16,21.4,0.0,46.4,1,295.566,3.055,139.592
4092.0,26.18,30.9,0.0,41.9,1,296.610,3.089,138.421
4092.0,26.25,39.4,0.0,39.0,1,297.284,3.110,137.618
4097.1,26.47,60.3,0.0,34.2,1,298.262,3.141,136.377
4097.1,26.72,81.1,0.0,29.9,1,298.895,3.160,135.523
4097.1,27.03,50.2,0.0,21.8,1,299.820,3.187,134.202
4102.2,27.31,42.8,0.0,13.6,1,300.707,3.212,132.835
4102.2,27.48,56.9,0.0,8.8,1,301.277,3.227,131.900
4102.2,27.93,64.9,0.0,3.1,1,302.371,3.256,129.974
4102.2,28.23,73.2,0.0,2.4,1,302.898,3.269,128.983
4107.6,28.72,75.6,0.0,2.9,1,303.669,3.287,127.460
4107.6,29.08,84.5,0.0,4.1,1,304.171,3.298,126.420
4107.6,29.62,74.8,0.0,6.0,1,304.909,3.314,124.822
4107.6,29.98,85.3,0.0,6.9,1,305.390,3.324,123.733
4113.4,30.54,83.7,0.0,7.9,1,306.095,3.338,122.060
4113.4,30.91,84.5,0.0,8.3,1,306.552,3.348,120.920
4113.4,31.45,82.1,0.0,8.8,1,307.217,3.362,119.173
4113.4,31.79,77.6,0.0,8.8,1,307.645,3.371,117.983
4119.5,32.28,80.0,0.0,8.9,1,308.260,3.383,116.163
4119.5,32.60,78.6,0.0,9.4,1,308.651,3.391,114.927
4119.5,33.06,74.2,0.0,9.2,1,309.207,3.402,113.038
4119.5,33.50,85.8,0.0,7.5,0,309.719,3.414,111.109
4126.1,33.51,0.0,0.0,6.7,0,310.035,3.423,109.806
4126.1,33.82,89.6,0.0,7.7,2,310.463,3.436,107.836
4126.1,34.17,89.6,0.0,8.8,2,310.725,3.445,106.502
4126.1,34.67,85.7,0.0,10.3,2,311.085,3.461,104.470
4132.9,34.96,79.4,0.0,11.0,2,311.300,3.472,103.094
4132.9,35.34,55.7,0.0,13.7,2,311.586,3.491,101.005
4132.9,35.42,25.7,0.0,13.8,2,311.748,3.505,99.598
4132.9,35.33,1.2,7.5,11.6,2,311.948,3.527,97.484
4139.9,35.15,0.0,25.2,9.6,2,312.053,3.542,96.078
4139.9,34.66,0.0,41.8,5.9,2,312.173,3.567,93.985
4139.9,34.23,0.0,44.3,3.9,2,312.230,3.585,92.607
4139.9,33.49,0.0,63.7,1.9,2,312.290,3.615,90.574
4146.7,32.90,0.0,69.2,1.2,2,312.316,3.636,89.246
4146.7,31.94,0.0,73.8,-0.8,2,312.341,3.669,87.299
4146.7,31.27,0.0,75.7,-2.6,2,312.351,3.691,86.034
4146.7,30.26,0.0,77.2,-5.3,0,312.363,3.725,84.186
4152.8,29.26,0.0,77.8,-7.4,1,312.379,3.757,82.399
4152.8,28.58,0.0,70.7,-8.4,1,312.395,3.779,81.241
4152.8,27.64,0.0,49.9,-9.3,1,312.432,3.810,79.554
4152.8,27.15,0.0,39.1,-9.8,1,312.468,3.830,78.458
4158.2,26.59,0.0,28.8,-11.3,1,312.547,3.858,76.848
4158.2,26.28,0.0,24.4,-13.0,1,312.617,3.875,75.793
4158.2,25.89,0.0,19.0,-15.3,1,312.750,3.899,74.233
4158.2,25.65,0.0,16.0,-16.7,1,312.858,3.913,73.208
4163.3,25.35,0.0,14.2,-18.0,1,313.052,3.933,71.690
4163.3,25.15,0.0,13.5,-18.8,1,313.203,3.946,70.691
4163.3,24.87,0.0,11.7,-19.7,1,313.462,3.963,69.212
4163.3,24.70,0.0,10.7,-20.3,1,313.657,3.974,68.240
4168.2,24.45,0.0,10.4,-20.1,1,313.983,3.989,66.801
4168.2,24.29,0.0,11.4,-20.4,1,314.223,3.998,65.856
4168.2,24.04,0.0,10.7,-21.7,1,314.616,4.010,64.460
4173.0,23.79,0.0,9.8,-23.1,1,315.048,4.021,63.092
4173.0,23.63,0.0,10.0,-23.6,1,315.359,4.027,62.195
4173.0,23.40,0.0,9.6,-23.9,1,315.858,4.035,60.875
4173.0,23.24,0.0,8.2,-24.4,1,316.213,4.039,60.012
4177.6,23.03,0.0,6.1,-25.6,1,316.779,4.044,58.744
4177.6,22.90,0.0,5.2,-26.3,1,317.178,4.047,57.917
4177.6,22.72,0.0,5.7,-27.0,1,317.811,4.049,56.703
4177.6,22.59,0.0,5.4,-27.4,1,318.254,4.050,55.913
4182.0,22.41,0.0,4.5,-27.9,1,318.951,4.049,54.756
4182.0,22.30,0.0,3.8,-28.3,1,319.437,4.048,54.005
4182.0,22.14,0.0,4.9,-28.6,1,320.197,4.045,52.910
4182.0,22.02,0.0,5.6,-28.5,1,320.723,4.042,52.200
4186.1,21.83,0.0,5.5,-29.0,1,321.539,4.035,51.168
4186.1,21.71,0.0,5.7,-29.4,1,322.102,4.031,50.503
4186.1,21.53,0.0,5.8,-29.6,1,322.973,4.023,49.541
4186.1,21.34,0.0,7.5,-29.7,1,323.873,4.015,48.622
4190.1,21.21,0.0,7.4,-29.4,1,324.489,4.009,48.034
4190.1,21.02,0.0,6.6,-30.3,1,325.433,4.000,47.189
4190.1,20.89,0.0,5.7,-31.6,1,326.076,3.993,46.651
4190.1,20.72,0.0,4.4,-33.5,1,327.060,3.982,45.882
4194.0,20.60,0.0,5.5,-35.3,1,327.728,3.974,45.396
4194.0,20.45,4.3,0.1,-37.8,1,328.749,3.961,44.708
4194.0,20.44,24.1,0.0,-38.8,1,329.443,3.952,44.276
4194.0,20.58,45.8,0.0,-39.7,1,330.511,3.939,43.666
4198.0,20.74,55.7,0.0,-40.6,1,331.243,3.930,43.282
4198.0,21.07,81.5,0.0,-40.7,1,332.371,3.914,42.739
4198.0,21.33,56.0,0.0,-43.1,1,333.147,3.904,42.397
4198.0,21.56,52.3,0.0,-41.3,1,334.342,3.888,41.922
4202.5,21.79,47.8,0.0,-38.5,1,335.571,3.873,41.499
4202.5,21.97,53.8,0.0,-34.3,1,336.408,3.862,41.246
4202.5,22.28,60.0,0.0,-37.3,1,337.692,3.847,40.910
4202.5,22.47,57.8,0.0,-38.4,1,338.565,3.838,40.716
4207.3,22.75,56.2,0.0,-38.3,1,339.899,3.824,40.470
4207.3,22.94,55.0,0.0,-40.7,1,340.803,3.816,40.338
4207.3,23.17,42.0,0.0,-44.7,1,342.177,3.803,40.184
4207.3,23.27,35.3,0.0,-48.1,1,343.104,3.795,40.114
4212.6,23.33,25.9,0.0,-53.2,1,344.500,3.783,40.056
4212.6,23.34,22.8,0.0,-55.9,1,345.434,3.776,40.049
4212.6,23.32,19.1,0.0,-59.1,1,346.833,3.765,40.086
4212.6,23.29,16.8,0.0,-61.3,1,347.764,3.759,40.143
4218.1,23.22,14.2,0.0,-63.0,1,349.153,3.750,40.278
4218.1,23.16,12.5,0.0,-63.3,1,350.073,3.744,40.400
4218.1,23.05,12.2,0.0,-62.7,1,351.439,3.737,40.634
4218.1,22.96,12.7,0.0,-61.6,1,352.788,3.731,40.928
4224.8,22.90,13.3,0.0,-61.8,1,353.677,3.728,41.156
4224.8,22.82,14.0,0.0,-57.6,1,354.991,3.725,41.547
4224.8,22.77,16.2,0.0,-54.0,1,355.854,3.723,41.840
4224.8,22.76,25.2,0.0,-47.2,1,357.131,3.720,42.326
4230.3,22.82,39.4,0.0,-42.4,1,357.970,3.719,42.681
4230.3,23.12,82.8,0.0,-33.6,1,359.218,3.718,43.261
4230.3,23.44,62.0,0.0,-26.6,1,360.049,3.718,43.679
4230.3,23.85,82.8,0.0,-17.7,1,361.296,3.720,44.353
4235.6,24.19,74.7,0.0,-13.7,1,362.128,3.722,44.833
4235.6,24.70,86.9,0.0,-9.4,1,363.378,3.727,45.596
4235.6,25.09,86.1,0.0,-8.3,1,364.217,3.732,46.132
4235.6,25.69,87.5,0.0,-8.6,1,365.483,3.740,46.976
4240.8,26.10,89.3,0.0,-9.8,1,366.333,3.748,47.567
4240.8,26.71,89.4,0.0,-11.7,1,367.616,3.760,48.493
4240.8,27.28,80.1,0.0,-13.4,1,368.908,3.772,49.469
4240.8,27.64,81.6,0.0,-13.5,1,369.770,3.780,50.149
4246.0,28.15,75.8,0.0,-12.9,1,371.061,3.793,51.212
4246.0,28.49,78.7,0.0,-12.9,1,371.918,3.801,51.951
4246.0,28.98,78.1,0.0,-13.0,1,373.199,3.812,53.104
4246.0,29.30,73.9,0.0,-12.7,1,374.046,3.819,53.904
4251.5,29.76,77.5,0.0,-11.9,1,375.305,3.829,55.148
4251.5,30.08,71.7,0.0,-11.4,1,376.136,3.836,56.009
4251.5,30.57,85.0,0.0,-13.0,1,377.368,3.845,57.346
4251.5,30.90,74.0,0.0,-12.0,1,378.179,3.851,58.270
4257.2,31.35,75.5,0.0,-15.5,1,379.377,3.860,59.701
4257.2,31.65,75.3,0.0,-16.0,1,380.161,3.866,60.686
4257.2,32.08,75.6,0.0,-12.7,1,381.314,3.874,62.210
4257.2,32.35,70.7,0.0,-14.5,1,382.066,3.878,63.256
4263.3,32.75,74.1,0.0,-16.4,1,383.165,3.883,64.869
4263.3,33.01,68.1,0.0,-13.3,1,383.878,3.886,65.974
4263.3,33.40,77.0,0.0,-14.5,1,384.914,3.890,67.674
4269.6,33.81,81.5,0.0,-11.9,0,385.909,3.894,69.427
4269.6,33.80,0.0,0.0,-9.7,0,386.547,3.896,70.621
4269.6,34.10,89.6,0.0,-7.3,2,387.455,3.900,72.439
4269.6,34.43,89.6,0.0,-6.0,2,388.041,3.902,73.678
4276.4,34.90,89.6,0.0,-4.1,2,388.894,3.904,75.574
4276.4,35.28,89.6,0.0,-3.4,2,389.450,3.904,76.862
4276.4,35.82,89.6,0.0,-3.8,2,390.264,3.902,78.832
4276.4,36.09,89.7,0.0,-4.3,2,390.793,3.902,80.168
4283.4,36.59,88.9,0.0,-4.2,2,391.569,3.901,82.206
4283.4,36.89,84.3,0.0,-3.8,2,392.077,3.899,83.585
4283.4,37.24,55.3,0.0,-1.7,2,392.822,3.892,85.681
4283.4,37.51,83.7,0.0,-0.1,2,393.304,3.887,87.094
4290.7,37.82,53.8,0.0,1.5,2,394.004,3.880,89.241
4290.7,38.15,85.6,0.0,0.3,2,394.678,3.874,91.417
4290.7,38.43,72.6,0.0,-0.5,2,395.116,3.871,92.884
4290.7,38.93,89.4,0.0,-2.3,2,395.760,3.867,95.113
4298.3,39.29,89.8,0.0,-3.4,2,396.182,3.865,96.619
4298.3,39.78,89.8,0.0,-3.4,2,396.803,3.862,98.908
4298.3,40.08,89.8,0.0,-2.5,2,397.209,3.860,100.452
4298.3,40.60,89.8,0.0,-1.9,2,397.809,3.856,102.797
4306.1,40.91,89.9,0.0,-1.5,2,398.202,3.854,104.378
4306.1,41.37,89.9,0.0,-2.0,2,398.781,3.850,106.776
4306.1,41.67,89.9,0.0,-2.3,2,399.161,3.847,108.393
4306.1,41.83,0.0,0.0,-3.4,0,399.720,3.843,110.838
4314.3,41.98,89.6,0.0,-4.1,3,400.083,3.840,112.473
4314.3,42.39,89.6,0.0,-4.7,3,400.613,3.836,114.947
4314.3,42.66,89.6,0.0,-4.8,3,400.956,3.834,116.612
4314.3,43.06,89.6,0.0,-4.9,3,401.452,3.831,119.135
4322.7,43.46,89.7,0.0,-5.1,3,401.922,3.828,121.687
4322.7,43.73,89.7,0.0,-5.2,3,402.221,3.826,123.404
4322.7,44.12,89.7,0.0,-5.4,3,402.645,3.823,126.004
4322.7,44.38,89.7,0.0,-5.4,3,402.911,3.820,127.754
4331.4,44.77,89.7,0.0,-5.2,3,403.285,3.815,130.401
4331.4,45.04,89.7,0.0,-5.2,3,403.516,3.811,132.182
4331.4,45.43,89.7,0.0,-5.3,3,403.836,3.805,134.876
4331.4,45.69,89.7,0.0,-5.3,3,404.030,3.800,136.688
4340.3,46.07,89.7,0.0,-5.4,3,404.292,3.794,139.427
4340.3,46.33,89.7,0.0,-5.5,3,404.447,3.790,141.268
4340.3,46.71,89.8,0.0,-5.9,3,404.651,3.783,144.051
4340.3,47.08,89.8,0.0,-5.9,3,404.818,3.776,146.859
4349.4,47.33,89.8,0.0,-5.6,3,404.907,3.771,148.745
4349.4,47.70,89.8,0.0,-6.0,3,405.008,3.765,151.594
4349.4,47.94,89.8,0.0,-6.6,3,405.053,3.760,153.506
4349.4,48.31,89.8,0.0,-7.0,3,405.084,3.754,156.392
4358.9,48.54,89.9,0.0,-7.3,3,405.080,3.749,158.328
4358.9,48.89,89.9,0.0,-7.5,3,405.035,3.743,161.250
4358.9,49.13,89.9,0.0,-7.5,3,404.977,3.739,163.209
4358.9,49.47,89.9,0.0,-8.3,3,404.848,3.732,166.164
4368.6,49.69,89.9,0.0,-8.0,3,404.733,3.726,168.143
4368.6,50.03,89.9,0.0,-6.6,3,404.514,3.719,171.126
4368.6,50.37,89.9,0.0,-6.3,3,404.241,3.712,174.125
4368.6,50.59,89.9,0.0,-6.7,3,404.029,3.707,176.132
4378.5,50.92,90.0,0.0,-9.1,3,403.670,3.699,179.156
4378.5,51.13,90.0,0.0,-10.6,3,403.399,3.693,181.178
4378.5,51.44,90.0,0.0,-12.1,3,402.943,3.685,184.221
4378.5,51.63,90.0,0.0,-12.5,0,402.605,3.680,186.254
4388.6,51.57,89.7,0.0,-12.1,4,402.043,3.671,189.299
4388.6,51.74,89.8,0.0,-11.2,4,401.628,3.666,191.322
4388.6,52.01,89.8,0.0,-11.0,4,400.946,3.660,194.359
4388.6,52.19,89.8,0.0,-11.5,4,400.450,3.656,196.383
4399.1,52.45,89.8,0.0,-11.9,4,399.645,3.650,199.416
4399.1,52.63,89.8,0.0,-12.3,4,399.065,3.648,201.436
4399.1,52.88,85.9,0.0,-13.7,4,398.133,3.646,204.461
4399.1,53.06,79.4,0.0,-14.6,4,397.471,3.645,206.473
4410.5,53.30,69.6,0.0,-16.2,4,396.421,3.643,209.485
4410.5,53.56,59.8,0.0,-17.1,4,395.296,3.642,212.487
4410.5,53.72,57.3,0.0,-17.0,4,394.502,3.644,214.480
4421.9,53.95,57.4,0.0,-16.9,4,393.248,3.651,217.456
4421.9,54.07,51.1,0.0,-16.9,4,392.371,3.656,219.431
4421.9,54.13,23.0,0.0,-17.3,4,390.998,3.663,222.373
4421.9,54.14,33.4,0.0,-17.7,4,390.044,3.668,224.317
4433.3,54.29,56.7,0.0,-17.5,4,388.555,3.677,227.207
4433.3,54.41,48.7,0.0,-17.5,4,387.522,3.683,229.121
4433.3,54.50,32.3,0.0,-17.4,4,385.920,3.688,231.969
4433.3,54.55,41.4,0.0,-17.2,4,384.817,3.689,233.850
4444.2,54.71,51.2,0.0,-16.2,4,383.107,3.688,236.646
4444.2,54.85,57.3,0.0,-14.6,4,381.929,3.688,238.493
4444.2,55.09,57.9,0.0,-12.1,4,380.103,3.689,241.239
4444.2,55.25,57.2,0.0,-10.9,4,378.848,3.691,243.054
4455.1,55.51,57.9,0.0,-9.4,4,376.910,3.697,245.752
4455.1,55.78,58.1,0.0,-8.6,4,374.908,3.705,248.424
4455.1,55.96,58.1,0.0,-8.9,4,373.542,3.710,250.192
4455.1,56.23,58.2,0.0,-7.6,4,371.446,3.718,252.824
4466.1,56.40,58.2,0.0,-6.6,4,370.018,3.724,254.566
4466.1,56.67,58.3,0.0,-5.6,4,367.833,3.734,257.160
4466.1,56.85,58.4,0.0,-5.6,4,366.349,3.741,258.878
4466.1,57.12,58.4,0.0,-5.5,4,364.084,3.749,261.438
4477.4,57.30,58.5,0.0,-5.3,4,362.548,3.754,263.135
4477.4,57.57,58.6,0.0,-5.2,4,360.209,3.761,265.664
4477.4,57.74,58.6,0.0,-5.1,4,358.625,3.764,267.340
4477.4,58.01,58.7,0.0,-5.3,4,356.214,3.768,269.839
4488.9,58.19,58.8,0.0,-5.4,4,354.584,3.769,271.494
4488.9,58.45,58.9,0.0,-5.4,4,352.103,3.768,273.962
4488.9,58.61,59.0,0.0,-5.3,4,350.426,3.769,275.594
4488.9,58.85,59.2,0.0,-5.5,4,347.875,3.771,278.025
4500.6,59.11,59.1,0.0,-5.3,4,345.283,3.774,280.433
4500.6,59.27,59.1,0.0,-4.2,4,343.532,3.778,282.025
4500.6,59.49,59.2,0.0,-2.7,4,340.870,3.788,284.392
4500.6,59.66,59.2,0.0,-2.3,4,339.075,3.793,285.960
4512.4,59.96,59.2,0.0,-1.6,4,336.355,3.793,288.301
4512.4,60.13,59.2,0.0,-1.4,4,334.525,3.789,289.855
4512.4,60.33,58.7,0.0,-1.4,4,331.756,3.785,292.176
4512.4,60.52,59.0,0.0,-1.2,4,329.897,3.784,293.721
4524.5,60.78,59.0,0.0,-0.5,4,327.091,3.783,296.037
4524.5,60.93,58.7,0.0,-0.2,4,325.210,3.782,297.582
4524.5,61.18,58.6,0.0,-0.1,4,322.376,3.781,299.903
4524.5,61.25,0.0,0.0,0.1,0,320.481,3.780,301.454
4536.6,61.28,84.4,0.0,0.4,5,317.638,3.778,303.780
4536.6,61.43,77.7,0.0,0.6,5,315.739,3.778,305.334
4536.6,61.65,67.6,0.0,0.7,5,312.884,3.782,307.675
4536.6,61.87,57.6,0.0,0.6,5,310.022,3.789,310.028
4548.9,62.02,56.2,0.0,0.7,5,308.110,3.792,311.604
4548.9,62.24,56.3,0.0,0.7,5,305.238,3.796,313.979
4548.9,62.38,56.4,0.0,0.7,5,303.320,3.801,315.570
4548.9,62.59,56.5,0.0,0.8,5,300.440,3.808,317.970
4561.4,62.74,56.6,0.0,0.8,5,298.517,3.813,319.577
4561.4,62.95,56.7,0.0,0.8,5,295.629,3.818,322.001
4561.4,63.10,56.8,0.0,0.7,5,293.702,3.820,323.625
4561.4,63.31,56.9,0.0,0.7,5,290.807,3.820,326.074
4574.0,63.46,56.9,0.0,0.7,5,288.874,3.816,327.715
4574.0,63.66,57.1,0.0,0.6,5,285.972,3.809,330.188
4574.0,63.80,57.1,0.0,0.6,5,284.035,3.805,331.845
4574.0,64.01,57.3,0.0,0.6,5,281.126,3.797,334.343
4586.7,64.16,57.3,0.0,0.4,5,279.184,3.790,336.016
4586.7,64.35,57.5,0.0,0.4,5,276.268,3.786,338.536
4586.7,64.56,57.5,0.0,0.3,5,273.347,3.786,341.070
4586.7,64.70,57.6,0.0,0.3,5,271.396,3.788,342.766
4599.6,64.91,57.6,0.0,0.2,5,268.464,3.791,345.320
4599.6,65.05,57.7,0.0,0.2,5,266.506,3.793,347.029
4599.6,65.25,57.8,0.0,0.1,5,263.563,3.799,349.601
4599.6,65.38,57.8,0.0,0.1,5,261.598,3.805,351.321
4612.6,65.58,58.0,0.0,0.1,5,258.643,3.818,353.909
4612.6,65.71,58.0,0.0,0.1,5,256.668,3.826,355.640
4612.6,65.91,58.1,0.0,0.1,5,253.699,3.841,358.243
4612.6,66.05,58.0,0.0,0.1,5,251.716,3.847,359.983
4625.8,66.24,58.1,0.0,0.1,5,248.733,3.861,362.600
4625.8,66.36,58.2,0.0,0.1,5,246.740,3.872,364.350
4625.8,66.56,58.2,0.0,0.1,5,243.744,3.885,366.980
4625.8,66.69,58.2,0.0,0.1,5,241.741,3.892,368.739
4639.1,66.88,58.3,0.0,0.0,5,238.731,3.901,371.383
4639.1,67.07,58.3,0.0,0.1,5,235.713,3.908,374.036
4639.1,67.20,58.3,0.0,0.1,5,233.696,3.910,375.809
4652.5,67.39,58.4,0.0,0.1,5,230.664,3.911,378.475
4652.5,67.51,58.4,0.0,0.0,5,228.638,3.910,380.256
4652.5,67.70,58.4,0.0,0.0,5,225.593,3.907,382.935
4652.5,67.82,58.5,0.0,0.0,5,223.558,3.903,384.726
4666.0,68.00,58.5,0.0,0.0,5,220.500,3.899,387.418
4666.0,68.12,58.5,0.0,0.1,5,218.457,3.895,389.216
4666.0,68.30,58.6,0.0,0.0,5,215.385,3.890,391.921
4666.0,68.43,58.6,0.0,0.0,5,213.333,3.886,393.728
4679.7,68.61,58.7,0.0,0.0,5,210.249,3.878,396.445
4679.7,68.72,58.7,0.0,0.0,5,208.188,3.873,398.261
4679.7,68.90,58.8,0.0,0.1,5,205.091,3.866,400.990
4679.7,69.02,58.8,0.0,0.1,5,203.022,3.863,402.814
4693.5,69.19,58.9,0.0,0.1,5,199.912,3.858,405.556
4693.5,69.37,58.9,0.0,0.1,5,196.795,3.853,408.305
4693.5,69.48,58.9,0.0,0.1,5,194.712,3.850,410.142
4693.5,69.66,59.0,0.0,0.1,5,191.583,3.844,412.904
4707.4,69.77,59.0,0.0,0.1,5,189.492,3.841,414.749
4707.4,69.94,59.1,0.0,0.1,5,186.351,3.835,417.523
4707.4,70.05,59.1,0.0,0.1,5,184.253,3.832,419.377
4707.4,70.22,59.1,0.0,0.1,5,181.100,3.829,422.163
4721.4,70.33,59.1,0.0,0.1,5,178.994,3.827,424.025
4721.4,70.50,59.2,0.0,0.1,5,175.830,3.824,426.825
4721.4,70.61,59.2,0.0,0.2,5,173.717,3.820,428.695
4721.4,70.78,59.2,0.0,0.2,5,170.542,3.813,431.508
4735.5,70.88,59.2,0.0,0.2,5,168.422,3.809,433.387
4735.5,71.04,59.3,0.0,0.1,5,165.238,3.804,436.213
4735.5,71.15,59.3,0.0,0.1,5,163.112,3.803,438.101
4735.5,71.31,59.3,0.0,0.1,5,159.918,3.802,440.940
4749.7,71.46,59.3,0.0,0.1,5,156.719,3.802,443.787
4749.7,71.57,59.3,0.0,0.1,5,154.582,3.802,445.689
4749.7,71.72,59.4,0.0,0.1,5,151.373,3.806,448.549
4749.7,71.82,59.4,0.0,0.1,5,149.231,3.810,450.460
4764.1,71.98,59.4,0.0,0.1,5,146.013,3.813,453.333
4764.1,72.08,59.4,0.0,0.1,5,143.864,3.815,455.252
4764.1,72.23,59.4,0.0,0.1,5,140.637,3.817,458.137
4764.1,72.33,59.4,0.0,0.0,5,138.482,3.819,460.065
4778.5,72.48,59.3,0.0,0.0,5,135.246,3.823,462.962
4778.5,72.57,59.3,0.0,0.1,5,133.085,3.824,464.897
4778.5,72.72,59.1,0.0,0.1,5,129.838,3.825,467.805
4778.5,72.81,59.1,0.0,0.1,5,127.671,3.827,469.747
4793.0,72.95,59.0,0.0,0.1,5,124.415,3.830,472.665
4793.0,73.08,58.8,0.0,0.0,5,121.153,3.831,475.590
4793.0,73.17,58.8,0.0,0.0,5,118.976,3.832,477.542
4793.0,73.23,0.0,0.0,0.0,0,115.705,3.832,480.476
4807.6,73.16,88.2,0.0,-0.0,6,113.526,3.832,482.431
4807.6,73.29,78.6,0.0,-0.0,6,110.256,3.829,485.364
4807.6,73.39,72.2,0.0,0.0,6,108.072,3.827,487.323
4807.6,73.52,62.7,0.0,-0.0,6,104.792,3.821,490.265
4822.3,73.61,58.2,0.0,0.0,6,102.601,3.816,492.230
4822.3,73.74,58.3,0.0,0.0,6,99.310,3.807,495.181
4822.3,73.83,58.3,0.0,-0.0,6,97.113,3.801,497.151
4822.3,73.97,58.3,0.0,-0.0,6,93.812,3.791,500.111
4837.1,74.05,58.3,0.0,0.0,6,91.608,3.782,502.087
4837.1,74.19,58.3,0.0,0.0,6,88.296,3.766,505.055
4837.1,74.32,58.4,0.0,-0.0,6,84.979,3.749,508.029
4837.1,74.40,58.4,0.0,0.0,6,82.765,3.736,510.014
4851.9,74.53,58.4,0.0,-0.0,6,79.438,3.716,512.996
4851.9,74.62,58.4,0.0,-0.0,6,77.217,3.703,514.987
4851.9,74.74,58.5,0.0,-0.0,6,73.880,3.681,517.977
4851.9,74.83,58.5,0.0,-0.1,6,71.653,3.667,519.973
4866.9,74.95,58.5,0.0,-0.0,6,68.306,3.645,522.971
4866.9,75.04,58.5,0.0,-0.1,6,66.071,3.629,524.972
4866.9,75.17,58.5,0.0,-0.1,6,62.715,3.604,527.978
4866.9,75.25,58.6,0.0,-0.0,6,60.473,3.587,529.984
4881.9,75.37,58.6,0.0,-0.0,6,57.105,3.558,532.996
4881.9,75.46,58.6,0.0,-0.1,6,54.857,3.538,535.007
4881.9,75.58,58.6,0.0,-0.0,6,51.478,3.504,538.026
4881.9,75.66,58.7,0.0,0.0,6,49.223,3.481,540.041
4896.9,75.78,58.7,0.0,0.1,6,45.835,3.445,543.067
4896.9,75.90,58.7,0.0,0.2,6,42.441,3.405,546.098
4896.9,75.99,58.7,0.0,0.2,6,40.176,3.377,548.122
4912.1,76.11,58.8,0.0,0.1,6,36.775,3.332,551.163
4912.1,76.19,58.8,0.0,0.1,6,34.505,3.297,553.194
4912.1,76.31,58.8,0.0,0.1,6,31.098,3.241,556.246
4912.1,76.38,58.9,0.0,0.1,6,28.824,3.204,558.284
4927.4,76.51,58.9,0.0,0.0,6,25.411,3.146,561.347
4927.4,76.58,58.9,0.0,-0.1,6,23.134,3.108,563.393
4927.4,76.70,58.9,0.0,-0.0,6,19.714,3.050,566.467
4927.4,76.78,59.0,0.0,0.1,6,17.432,3.010,568.519
4942.7,76.90,59.0,0.0,-0.0,6,14.005,2.951,571.602
4942.7,76.98,59.0,0.0,-0.2,6,11.717,2.912,573.660
4942.7,77.09,59.1,0.0,-0.4,6,8.281,2.854,576.751
4942.7,77.17,59.0,0.0,-0.5,6,5.987,2.817,578.812
4958.1,77.03,16.5,60.0,-0.4,6,2.540,2.764,581.904
4958.1,76.05,0.0,81.2,-0.5,6,-0.885,2.707,584.969
4958.1,75.21,0.0,82.0,-0.4,6,-3.142,2.665,586.985
4958.1,73.96,0.0,84.0,-0.3,6,-6.485,2.610,589.963
4973.2,73.13,0.0,84.8,-0.3,6,-8.686,2.574,591.918
4973.2,71.88,0.0,85.0,-0.4,6,-11.944,2.521,594.804
4973.2,71.04,0.0,84.6,-0.5,6,-14.088,2.487,596.697
4973.2,69.80,0.0,84.8,-0.6,6,-17.260,2.438,599.491
4987.4,68.97,0.0,85.0,-0.5,6,-19.347,2.407,601.323
4987.4,67.74,0.0,85.8,-0.5,6,-22.436,2.361,604.025
4987.4,66.91,0.0,85.2,-0.6,6,-24.467,2.328,605.795
4987.4,65.68,0.0,84.9,-0.7,6,-27.473,2.278,608.404
5000.8,64.86,0.0,84.7,-0.7,6,-29.449,2.245,610.112
5000.8,63.64,0.0,84.6,-0.7,0,-32.374,2.198,612.627
5000.8,62.85,23.4,85.8,-0.8,0,-34.297,2.169,614.272
5000.8,61.63,0.0,85.7,-0.8,5,-37.144,2.126,616.693
5013.4,60.42,0.0,85.3,-0.9,5,-39.944,2.085,619.056
5013.4,59.61,0.0,85.2,-1.0,5,-41.784,2.057,620.599
5013.4,58.41,0.0,84.8,-1.3,5,-44.507,2.016,622.866
5013.4,57.62,0.0,85.2,-1.3,5,-46.297,1.989,624.345
5025.1,56.42,0.0,84.8,-1.8,5,-48.945,1.947,626.515
5025.1,55.63,0.0,84.6,-2.0,5,-50.686,1.920,627.928
5025.1,54.44,0.0,85.0,-2.6,5,-53.262,1.881,629.996
5025.1,53.65,0.0,84.6,-2.8,5,-54.958,1.855,631.340
5036.0,52.49,34.3,85.9,-3.1,0,-57.469,1.818,633.301
5036.0,51.71,0.0,85.8,-3.1,4,-59.122,1.794,634.571
5036.0,50.53,0.0,82.5,-3.0,4,-61.572,1.757,636.420
5036.0,49.77,0.0,79.9,-2.8,4,-63.185,1.733,637.614
5046.2,48.67,0.0,62.8,-2.3,4,-65.578,1.697,639.346
5046.2,48.07,0.0,53.5,-2.3,4,-67.160,1.673,640.462
5046.2,47.29,0.0,46.6,-3.0,4,-69.521,1.639,642.078
5046.2,46.60,0.0,44.0,-4.7,4,-71.874,1.606,643.628
5055.6,46.14,0.0,46.5,-5.9,4,-73.437,1.584,644.628
5055.6,45.44,0.0,50.1,-7.0,4,-75.775,1.552,646.074
5055.6,44.96,0.0,46.8,-7.5,4,-77.326,1.531,647.005
5055.6,44.28,0.0,40.3,-7.4,0,-79.642,1.500,648.348
5064.5,43.89,34.4,37.1,-7.0,0,-81.182,1.479,649.209
5064.5,43.34,0.0,26.9,-6.2,3,-83.487,1.448,650.450
5064.5,43.04,0.0,22.3,-6.7,3,-85.021,1.428,651.244
5064.5,42.64,0.0,16.9,-8.2,3,-87.324,1.396,652.387
5073.0,42.41,0.0,13.5,-9.0,3,-88.860,1.375,653.117
5073.0,42.05,0.0,30.1,-10.1,3,-91.169,1.342,654.166
5073.0,41.72,0.0,36.4,-10.6,3,-92.706,1.322,654.833
5073.0,41.15,0.0,33.1,-10.3,3,-95.005,1.290,655.783
5081.4,40.80,0.0,23.8,-9.8,3,-96.531,1.270,656.381
5081.4,40.41,0.0,13.6,-9.7,3,-98.816,1.241,657.227
5081.4,40.21,0.0,10.4,-10.2,3,-100.339,1.222,657.756
5081.4,39.97,0.0,6.4,-11.5,3,-102.626,1.192,658.501
5089.6,39.75,0.0,4.2,-12.8,3,-104.917,1.162,659.188
5089.6,39.63,0.0,2.7,-13.2,3,-106.447,1.142,659.612
5089.6,39.46,0.0,2.9,-13.9,3,-108.747,1.114,660.197
5089.6,39.35,0.0,2.7,-14.3,3,-110.282,1.095,660.555
5097.7,39.17,0.0,3.2,-14.4,3,-112.587,1.066,661.041
5097.7,39.06,0.0,3.7,-14.3,3,-114.125,1.047,661.330
5097.7,38.87,0.0,3.2,-14.4,3,-116.431,1.020,661.712
5097.7,38.75,0.0,3.6,-14.6,3,-117.968,1.002,661.931
5105.8,38.56,0.0,3.4,-14.4,3,-120.271,0.975,662.207
5105.8,38.44,0.0,3.8,-14.1,3,-121.804,0.959,662.354
5105.8,38.25,0.0,3.8,-13.9,3,-124.099,0.935,662.522
5105.8,38.13,0.0,3.7,-14.1,3,-125.625,0.921,662.598
5113.7,37.95,0.0,3.8,-14.7,3,-127.907,0.901,662.660
5113.7,37.77,0.0,3.3,-15.2,3,-130.179,0.880,662.660
5113.7,37.65,0.0,4.1,-15.5,3,-131.687,0.867,662.627
5121.7,37.46,0.0,4.3,-15.6,3,-133.938,0.847,662.526
5121.7,37.33,0.0,4.1,-15.6,3,-135.430,0.834,662.424
5121.7,37.14,0.0,3.5,-15.5,3,-137.655,0.815,662.220
5121.7,37.02,0.0,1.2,-15.9,3,-139.129,0.803,662.050
5129.7,36.87,0.0,1.1,-15.0,3,-141.325,0.785,661.745
5129.7,36.77,0.0,2.0,-13.2,3,-142.779,0.773,661.508
5129.7,36.62,0.0,2.1,-12.4,3,-144.943,0.755,661.104
5129.7,36.52,0.0,2.7,-13.7,3,-146.375,0.744,660.804
5137.3,36.35,0.0,1.9,-16.2,3,-148.505,0.728,660.309
5137.3,36.25,0.0,1.1,-17.5,3,-149.911,0.717,659.949
5137.3,36.10,0.0,1.3,-18.9,3,-152.001,0.701,659.362
5137.3,35.99,0.0,0.9,-19.3,3,-153.380,0.691,658.939
5145.2,35.84,0.0,1.9,-19.8,3,-155.424,0.676,658.257
5145.2,35.67,0.0,5.3,-20.3,3,-157.438,0.661,657.517
5145.2,35.53,0.0,10.1,-20.3,3,-158.762,0.651,656.992
5145.2,35.28,0.0,4.4,-20.1,3,-160.715,0.638,656.156
5152.7,35.15,0.0,0.5,-19.6,3,-161.995,0.631,655.567
5152.7,35.00,5.2,0.0,-18.9,3,-163.880,0.622,654.632
5152.7,34.92,9.7,0.0,-18.5,3,-165.115,0.619,653.976
5152.7,34.83,10.8,0.0,-18.0,3,-166.935,0.616,652.942
5160.7,34.77,6.4,0.0,-18.2,3,-168.127,0.615,652.222
5160.7,34.67,5.7,0.0,-20.0,3,-169.881,0.612,651.098
5160.7,34.58,5.0,0.0,-22.6,3,-171.029,0.609,650.323
5160.7,34.46,45.1,0.0,-27.5,0,-172.716,0.604,649.121
5168.2,34.41,21.7,0.0,-29.2,2,-173.816,0.601,648.293
5168.2,34.42,33.4,0.0,-29.9,2,-175.429,0.600,647.005
5168.2,34.49,45.4,0.0,-30.7,2,-176.481,0.603,646.115
5168.2,34.69,62.0,0.0,-32.9,2,-178.029,0.607,644.735
5176.0,34.96,55.9,0.0,-35.2,2,-179.547,0.611,643.300
5176.0,35.05,36.1,0.0,-36.5,2,-180.541,0.613,642.314
5176.0,35.06,28.6,0.0,-39.8,2,-181.995,0.618,640.793
5176.0,35.05,24.6,0.0,-40.9,2,-182.936,0.622,639.754
5183.4,35.00,21.4,0.0,-41.5,2,-184.305,0.629,638.160
5183.4,34.96,21.3,0.0,-41.1,2,-185.188,0.635,637.074
5183.4,34.91,22.4,0.0,-40.7,2,-186.468,0.645,635.413
5183.4,34.89,23.0,0.0,-40.2,2,-187.291,0.652,634.286
5190.7,34.85,20.9,0.0,-40.2,2,-188.482,0.662,632.566
5190.7,34.80,18.8,0.0,-39.9,2,-189.247,0.668,631.401
5190.7,34.74,20.4,0.0,-38.7,2,-190.344,0.679,629.627
5190.7,34.71,24.6,0.0,-37.8,2,-191.044,0.687,628.427
5197.6,34.70,30.6,0.0,-35.9,2,-192.045,0.700,626.602
5197.6,34.74,35.0,0.0,-34.7,2,-192.682,0.707,625.368
5197.6,34.81,39.4,0.0,-33.2,2,-193.593,0.717,623.492
5197.6,34.92,45.3,0.0,-31.0,2,-194.451,0.724,621.584
5204.3,35.02,50.9,0.0,-29.3,2,-194.992,0.727,620.295
5204.3,35.24,62.0,0.0,-26.4,2,-195.761,0.731,618.333
5204.3,35.43,69.4,0.0,-24.5,2,-196.245,0.732,617.006
5204.3,35.77,77.7,0.0,-21.4,2,-196.930,0.732,614.984
5210.9,36.02,73.7,0.0,-19.4,2,-197.360,0.732,613.615
5210.9,36.35,75.0,0.0,-16.6,2,-197.959,0.732,611.529
5210.9,36.56,67.3,0.0,-14.9,2,-198.328,0.732,610.118
5210.9,36.87,70.4,0.0,-12.6,2,-198.832,0.734,607.975
5218.0,37.08,78.6,0.0,-11.7,2,-199.136,0.735,606.528
5218.0,37.39,64.4,0.0,-9.6,2,-199.543,0.737,604.332
5218.0,37.60,76.8,0.0,-7.9,2,-199.782,0.738,602.852
5218.0,37.97,77.9,0.0,-6.6,2,-200.089,0.742,600.607
5225.4,38.23,83.6,0.0,-5.1,2,-200.262,0.746,599.093
5225.4,38.65,89.6,0.0,-2.5,2,-200.474,0.753,596.798
5225.4,39.11,89.8,0.0,0.1,2,-200.633,0.762,594.471
5225.4,39.45,89.8,0.0,1.3,2,-200.713,0.769,592.903
5233.2,39.92,89.8,0.0,1.7,2,-200.794,0.782,590.524
5233.2,40.18,53.7,2.7,1.9,2,-200.830,0.791,588.922
5233.2,39.99,0.0,28.7,2.3,2,-200.869,0.808,586.514
5233.2,39.66,0.0,43.8,3.2,2,-200.893,0.819,584.920
5241.2,38.94,0.0,61.9,4.5,2,-200.936,0.835,582.559
5241.2,38.36,0.0,66.2,5.0,2,-200.973,0.845,581.012
5241.2,37.45,0.0,55.5,6.0,2,-201.044,0.862,578.738
5241.2,36.92,0.0,48.6,6.7,2,-201.104,0.873,577.251
5248.9,36.23,0.0,38.9,7.8,2,-201.220,0.890,575.059
5248.9,35.83,0.0,30.6,8.7,2,-201.316,0.901,573.620
5248.9,35.36,0.0,22.4,9.9,2,-201.491,0.917,571.491
5256.2,34.98,0.0,15.5,11.5,2,-201.706,0.932,569.392
5256.2,34.77,0.0,11.1,12.6,2,-201.873,0.941,568.007
5256.2,34.51,0.0,8.0,14.1,2,-202.161,0.953,565.948
5256.2,34.35,0.0,7.7,14.6,2,-202.380,0.962,564.588
5263.2,34.12,0.0,7.9,14.1,2,-202.752,0.975,562.568
5263.2,33.96,0.0,8.4,13.1,2,-203.028,0.984,561.234
5263.2,33.72,0.0,7.2,12.5,2,-203.482,0.998,559.255
5263.2,33.57,0.0,6.3,12.7,2,-203.811,1.007,557.950
5270.5,33.30,0.0,30.0,13.0,2,-204.346,1.023,556.015
5270.5,32.97,0.0,35.7,13.3,2,-204.727,1.034,554.744
5270.5,32.43,0.0,61.6,13.4,2,-205.328,1.051,552.876
5270.5,31.91,0.0,53.8,13.1,2,-205.748,1.062,551.658
5277.4,31.19,0.0,35.7,12.2,2,-206.401,1.079,549.881
5277.4,30.82,0.0,28.2,11.7,2,-206.854,1.091,548.727
5277.4,30.37,0.0,19.0,11.5,2,-207.567,1.109,547.035
5277.4,30.04,0.0,11.5,12.7,2,-208.319,1.129,545.387
5284.8,29.86,0.0,12.5,14.2,2,-208.842,1.142,544.309
5284.8,29.58,0.0,14.7,16.1,2,-209.658,1.163,542.722
5284.8,29.38,0.0,15.3,17.2,2,-210.220,1.176,541.685
5284.8,29.07,0.0,14.9,18.2,2,-211.091,1.195,540.163
5291.4,28.87,0.0,12.0,18.4,2,-211.691,1.207,539.171
5291.4,28.61,0.0,8.4,18.9,2,-212.620,1.225,537.719
5291.4,28.46,0.0,7.4,19.5,0,-213.261,1.236,536.774
5291.4,28.29,0.0,5.7,20.4,1,-214.253,1.254,535.390
5297.7,28.15,0.0,3.8,20.9,1,-214.936,1.265,534.491
5297.7,27.96,0.0,1.9,22.3,1,-215.991,1.281,533.179
5297.7,27.84,0.0,0.6,23.3,1,-216.715,1.291,532.330
5297.7,27.69,1.2,0.0,25.0,1,-217.831,1.306,531.093
5303.7,27.60,3.4,0.0,26.2,1,-218.596,1.315,530.294
5303.7,27.47,4.9,0.0,27.6,1,-219.773,1.328,529.135
5303.7,27.37,9.0,0.0,29.3,1,-220.986,1.341,528.024
5303.7,27.32,12.0,0.0,30.4,1,-221.815,1.349,527.310
5310.0,27.27,14.7,0.0,32.0,1,-223.089,1.360,526.281
5310.0,27.25,19.3,0.0,33.1,1,-223.958,1.367,525.623
5310.0,27.27,25.0,0.0,34.9,1,-225.292,1.376,524.677
5310.0,27.31,28.2,0.0,36.3,1,-226.201,1.382,524.073
5315.7,27.36,26.7,0.0,38.7,1,-227.594,1.390,523.208
5315.7,27.39,23.7,0.0,40.9,1,-228.542,1.395,522.660
5315.7,27.38,20.0,0.0,44.1,1,-229.988,1.402,521.880
5315.7,27.36,18.4,0.0,46.1,1,-230.968,1.406,521.390
5321.4,27.33,18.1,0.0,48.7,1,-232.457,1.410,520.702
5321.4,27.29,17.2,0.0,50.5,1,-233.463,1.413,520.275
5321.4,27.23,15.3,0.0,52.9,1,-234.987,1.417,519.683
5321.4,27.18,14.3,0.0,54.6,1,-236.014,1.419,519.321
5327.1,27.08,12.2,0.0,56.8,1,-237.565,1.421,518.828
5327.1,26.97,10.9,0.0,58.5,1,-239.128,1.422,518.397
5327.1,26.88,10.2,0.0,59.5,1,-240.175,1.423,518.144
5327.1,26.75,9.5,0.0,61.0,1,-241.751,1.423,517.816
5332.7,26.66,9.3,0.0,60.2,1,-242.803,1.423,517.631
5332.7,26.52,9.3,0.0,60.0,1,-244.383,1.422,517.408
5332.7,26.43,9.5,0.0,60.9,1,-245.436,1.420,517.294
5332.7,26.30,9.2,0.0,59.7,1,-247.014,1.418,517.175
5338.2,26.21,9.4,0.0,60.3,1,-248.063,1.416,517.130
5338.2,26.08,9.4,0.0,60.7,1,-249.632,1.412,517.114
5338.2,25.99,9.3,0.0,60.3,1,-250.673,1.408,517.138
5338.2,25.86,9.3,0.0,59.0,1,-252.227,1.403,517.224
5343.5,25.78,9.7,0.0,57.8,1,-253.256,1.399,517.316
5343.5,25.67,10.8,0.0,55.4,1,-254.788,1.393,517.503
5343.5,25.60,12.1,0.0,53.6,1,-255.801,1.388,517.661
5343.5,25.53,15.8,0.0,50.6,1,-257.308,1.380,517.947
5348.9,25.50,18.9,0.0,48.5,1,-258.303,1.374,518.170
5348.9,25.51,25.9,0.0,45.2,1,-259.784,1.365,518.553
5348.9,25.60,37.6,0.0,41.6,1,-261.252,1.353,518.992
5348.9,25.71,48.8,0.0,38.8,1,-262.225,1.345,519.317
5354.4,26.05,76.8,0.0,33.5,1,-263.681,1.331,519.853
5354.4,26.32,54.2,0.0,29.0,1,-264.652,1.321,520.244
5354.4,26.68,66.1,0.0,22.5,1,-266.108,1.306,520.881
5354.4,26.92,58.1,0.0,18.8,1,-267.076,1.295,521.340
5359.9,27.32,60.6,0.0,15.4,1,-268.525,1.278,522.078
5359.9,27.57,64.9,0.0,14.3,1,-269.488,1.266,522.603
5359.9,28.00,63.3,0.0,13.5,1,-270.927,1.249,523.442
5359.9,28.30,73.7,0.0,12.5,1,-271.884,1.236,524.034
5365.7,28.80,76.5,0.0,14.1,1,-273.317,1.217,524.971
5365.7,29.12,73.8,0.0,13.0,1,-274.270,1.204,525.627
5365.7,29.63,78.0,0.0,13.5,1,-275.697,1.183,526.660
5365.7,29.96,75.2,0.0,14.6,1,-276.644,1.168,527.381
5371.9,30.45,81.2,0.0,14.3,1,-278.058,1.146,528.513
5371.9,30.96,74.2,0.0,18.5,1,-279.462,1.124,529.705
5371.9,31.25,74.0,0.0,18.2,1,-280.390,1.109,530.533
5378.5,31.70,71.9,0.0,20.2,1,-281.766,1.086,531.825
5378.5,31.98,70.9,0.0,21.3,1,-282.671,1.070,532.720
5378.5,32.35,63.4,0.0,22.3,1,-284.005,1.046,534.113
5378.5,32.57,66.4,0.0,22.7,1,-284.876,1.029,535.075
5385.8,32.94,70.9,0.0,24.3,1,-286.153,1.006,536.568
5385.8,33.17,66.2,0.0,25.7,1,-286.983,0.991,537.597
5385.8,33.47,58.2,0.0,28.4,1,-288.195,0.969,539.186
5385.8,33.64,54.6,0.0,30.7,1,-288.978,0.954,540.276
5393.1,33.92,59.7,0.0,35.7,1,-290.115,0.931,541.953
5393.1,34.06,47.5,0.0,40.8,1,-290.848,0.916,543.098
5393.1,34.14,25.9,0.0,48.0,1,-291.905,0.893,544.850
5393.1,34.06,16.2,0.0,54.2,1,-292.906,0.872,546.635
5401.0,33.98,14.3,0.0,57.0,1,-293.540,0.859,547.840
5401.0,33.85,12.9,0.0,56.5,1,-294.440,0.840,549.665
5401.0,33.71,12.7,0.0,54.8,1,-295.279,0.822,551.509
5401.0,33.61,12.7,0.0,52.4,1,-295.804,0.809,552.750
5408.3,33.47,13.1,0.0,54.1,1,-296.535,0.790,554.625
5408.3,33.38,13.0,0.0,53.1,1,-296.984,0.778,555.884
5408.3,33.23,12.8,0.0,51.7,1,-297.600,0.762,557.785
5408.3,33.14,13.2,0.0,51.7,1,-297.972,0.752,559.059
5416.0,33.03,15.9,0.0,51.2,1,-298.473,0.738,560.980
5416.0,32.96,18.4,0.0,50.5,1,-298.772,0.728,562.266
5416.0,32.86,13.8,0.0,47.0,1,-299.165,0.714,564.201
5416.0,32.79,15.6,0.0,44.4,1,-299.390,0.705,565.495
5436.9,35.78,89.6,0.0,7.2,2,-299.806,0.616,584.361
5436.9,36.13,89.6,0.0,8.1,2,-299.698,0.612,585.794
5444.0,36.64,89.7,0.0,8.1,2,-299.508,0.605,587.968
5444.0,36.98,89.7,0.0,7.9,2,-299.362,0.600,589.432
5444.0,37.48,89.7,0.0,7.9,2,-299.110,0.593,591.651
5444.0,37.81,89.7,0.0,8.5,2,-298.920,0.588,593.144
5451.4,38.30,89.7,0.0,8.4,2,-298.598,0.578,595.403
5451.4,38.63,89.8,0.0,8.3,2,-298.359,0.571,596.923
5451.4,39.10,89.8,0.0,8.4,2,-297.961,0.560,599.219
5451.4,39.43,89.8,0.0,8.4,2,-297.669,0.551,600.762
5459.0,39.89,89.8,0.0,9.1,2,-297.192,0.536,603.092
5459.0,40.19,89.9,0.0,8.7,2,-296.847,0.525,604.655
5459.0,40.66,89.9,0.0,8.4,2,-296.287,0.505,607.015
5459.0,41.11,90.0,0.0,7.7,2,-295.674,0.486,609.389
5466.9,41.41,89.9,0.0,7.6,2,-295.236,0.473,610.980
5466.9,41.55,0.0,0.0,7.4,0,-294.538,0.451,613.372
5466.9,41.69,89.6,0.0,6.9,3,-294.047,0.434,614.961
5466.9,42.11,89.6,0.0,6.0,3,-293.271,0.407,617.351
5475.1,42.37,89.6,0.0,5.4,3,-292.727,0.389,618.950
5475.1,42.78,89.6,0.0,5.2,3,-291.873,0.359,621.357
5475.1,43.05,89.6,0.0,5.2,3,-291.281,0.337,622.967
5475.1,43.46,89.7,0.0,4.8,3,-290.362,0.299,625.393
5483.7,43.73,89.7,0.0,4.2,3,-289.728,0.273,627.017
5483.7,44.12,89.7,0.0,3.8,3,-288.742,0.239,629.459
5483.7,44.37,89.7,0.0,3.5,3,-288.064,0.216,631.093
5483.7,44.75,89.6,0.0,3.3,3,-287.021,0.179,633.554
5492.4,45.01,89.8,0.0,2.5,3,-286.309,0.150,635.200
5492.4,45.33,85.4,0.0,0.9,3,-285.213,0.102,637.677
5492.4,45.69,83.5,0.0,-0.3,3,-284.086,0.050,640.163
5492.4,45.99,89.4,0.0,-0.6,3,-283.316,0.014,641.826
5501.4,46.39,89.8,0.0,1.7,3,-282.126,-0.033,644.328
5501.4,46.62,89.8,0.0,3.7,3,-281.314,-0.059,646.000
5501.4,47.00,89.6,0.0,4.9,3,-280.072,-0.097,648.519
5501.4,47.30,89.6,0.0,4.4,3,-279.227,-0.123,650.205
5510.7,47.63,89.8,0.0,2.9,3,-277.931,-0.158,652.741
5510.7,47.86,89.9,0.0,0.8,3,-277.052,-0.187,654.435
5510.7,48.26,89.9,0.0,-1.5,3,-275.701,-0.226,656.981
5510.7,48.50,89.9,0.0,-0.8,3,-274.775,-0.247,658.679
5520.2,48.86,89.9,0.0,1.4,3,-273.355,-0.270,661.229
5520.2,49.08,89.9,0.0,2.8,3,-272.390,-0.280,662.933
5520.2,49.45,89.9,0.0,4.3,3,-270.920,-0.291,665.497
5520.2,49.68,89.9,0.0,4.7,3,-269.925,-0.300,667.211
5530.1,50.04,89.9,0.0,3.8,3,-268.407,-0.320,669.789
5530.1,50.29,89.9,0.0,3.3,3,-267.376,-0.333,671.510
5530.1,50.63,89.9,0.0,3.0,3,-265.796,-0.350,674.092
5540.1,50.98,90.0,0.0,3.0,3,-264.181,-0.364,676.676
5540.1,51.21,90.0,0.0,3.1,3,-263.085,-0.373,678.401
5540.1,51.55,90.1,0.0,3.2,3,-261.412,-0.386,680.989
5540.1,51.77,90.0,0.0,3.0,3,-260.277,-0.392,682.715
5550.4,51.98,0.0,0.0,2.6,0,-258.548,-0.399,685.305
5550.4,51.97,89.8,0.0,1.8,4,-257.381,-0.403,687.025
5550.4,52.28,89.8,0.0,1.0,4,-255.610,-0.407,689.602
5550.4,52.49,89.8,0.0,1.2,4,-254.415,-0.409,691.322
5560.8,52.80,89.1,0.0,1.1,4,-252.602,-0.413,693.909
5560.8,53.01,82.6,0.0,0.9,4,-251.382,-0.417,695.638
5560.8,53.33,72.8,0.0,0.9,4,-249.535,-0.422,698.238
5560.8,53.54,66.3,0.0,1.2,4,-248.293,-0.427,699.977
5571.3,53.85,57.2,0.0,1.6,4,-246.414,-0.435,702.593
5571.3,54.06,57.3,0.0,1.9,4,-245.150,-0.441,704.342
5571.3,54.36,57.5,0.0,2.2,4,-243.236,-0.449,706.971
5571.3,54.66,57.6,0.0,2.5,4,-241.299,-0.456,709.605
5582.1,54.87,57.8,0.0,2.7,4,-239.993,-0.461,711.363
5582.1,55.17,57.9,0.0,3.0,4,-238.011,-0.466,714.002
5582.1,55.36,57.9,0.0,3.1,4,-236.673,-0.469,715.762
5582.1,55.66,58.0,0.0,3.4,4,-234.642,-0.472,718.401
5616.1,58.07,58.8,0.0,2.8,4,-215.610,-0.445,741.026
5652.3,60.30,59.2,0.0,4.4,4,-194.014,-0.247,762.951
5652.3,60.54,59.3,0.0,4.7,4,-191.359,-0.229,765.418
5652.3,60.71,59.3,0.0,4.8,4,-189.569,-0.222,767.055
5652.3,60.94,59.0,0.0,4.6,4,-186.854,-0.217,769.493
5664.7,61.10,58.8,0.0,4.5,4,-185.023,-0.215,771.106
5664.7,61.32,58.6,0.0,4.2,4,-182.244,-0.211,773.507
5664.7,61.38,0.0,0.0,4.0,0,-180.371,-0.207,775.093
5664.7,61.40,84.5,0.0,3.7,5,-177.539,-0.199,777.445
5677.1,61.54,77.7,0.0,3.7,5,-175.633,-0.195,778.998
5677.1,61.75,67.6,0.0,4.2,5,-172.746,-0.190,781.308
5677.1,61.89,60.9,0.0,4.8,5,-170.801,-0.189,782.835
5677.1,62.10,56.3,0.0,5.3,5,-167.856,-0.192,785.106
5689.8,62.23,56.3,0.0,5.3,5,-165.872,-0.195,786.604
5689.8,62.43,56.5,0.0,5.1,5,-162.864,-0.196,788.826
5689.8,62.56,56.6,0.0,5.4,5,-160.837,-0.194,790.289
5689.8,62.76,56.6,0.0,6.4,5,-157.766,-0.192,792.457
5702.6,62.95,56.9,0.0,5.7,5,-154.656,-0.191,794.590
5702.6,63.08,56.8,0.0,4.6,5,-152.561,-0.192,795.992
5702.6,63.28,57.0,0.0,4.1,5,-149.386,-0.189,798.062
5702.6,63.40,57.1,0.0,4.1,5,-147.247,-0.185,799.419
5715.5,63.60,57.1,0.0,5.1,5,-144.009,-0.175,801.427
5715.5,63.73,57.0,0.0,5.5,5,-141.832,-0.171,802.748
5715.5,63.93,57.2,0.0,6.4,5,-138.538,-0.169,804.702
5715.5,64.05,57.2,0.0,6.4,5,-136.323,-0.168,805.984
5728.5,64.23,57.3,0.0,5.6,5,-132.968,-0.164,807.870
5728.5,64.36,57.4,0.0,5.4,5,-130.711,-0.160,809.103
5728.5,64.56,57.4,0.0,5.3,5,-127.297,-0.159,810.918
5728.5,64.67,57.6,0.0,5.5,5,-125.000,-0.158,812.103
5741.7,64.85,57.7,0.0,5.7,5,-121.526,-0.156,813.842
5741.7,64.98,57.7,0.0,5.8,5,-119.191,-0.154,814.977
5741.7,65.15,57.8,0.0,5.5,5,-115.661,-0.151,816.643
5741.7,65.34,57.8,0.0,5.4,5,-112.098,-0.147,818.264
5755.0,65.46,57.9,0.0,5.7,5,-109.705,-0.146,819.320
5755.0,65.64,58.0,0.0,5.8,5,-106.089,-0.143,820.866
5755.0,65.76,58.0,0.0,5.7,5,-103.660,-0.139,821.869
5755.0,65.93,58.1,0.0,5.6,5,-99.991,-0.132,823.334
5768.2,66.05,58.1,0.0,5.7,5,-97.528,-0.128,824.283
5768.2,66.23,58.1,0.0,5.8,5,-93.809,-0.122,825.667
5768.2,66.34,58.2,0.0,6.1,5,-91.313,-0.118,826.561
5768.2,66.52,58.2,0.0,6.2,5,-87.546,-0.114,827.862
5781.5,66.63,58.2,0.0,5.9,5,-85.019,-0.111,828.700
5781.5,66.79,58.3,0.0,5.6,5,-81.204,-0.104,829.910
5781.5,66.90,58.3,0.0,5.6,5,-78.646,-0.099,830.687
5781.5,67.07,58.3,0.0,5.6,5,-74.787,-0.091,831.808
5794.8,67.18,58.4,0.0,5.7,5,-72.200,-0.086,832.526
5794.8,67.34,58.4,0.0,5.7,5,-68.298,-0.078,833.557
5794.8,67.51,58.4,0.0,4.3,5,-64.373,-0.068,834.533
5794.8,67.61,58.4,0.0,4.1,5,-61.743,-0.062,835.155
5808.2,67.79,58.5,0.0,3.6,5,-57.781,-0.050,836.046
5808.2,67.89,58.5,0.0,3.2,5,-55.127,-0.041,836.614
5808.2,68.07,58.5,0.0,3.1,5,-51.131,-0.025,837.430
5808.2,68.18,58.6,0.0,3.1,5,-48.457,-0.014,837.953
5821.7,68.35,58.6,0.0,3.0,5,-44.432,0.007,838.707
5821.7,68.46,58.7,0.0,3.0,5,-41.739,0.022,839.191
5821.7,68.63,58.7,0.0,2.9,5,-37.686,0.045,839.888
5821.7,68.74,58.7,0.0,2.9,5,-34.976,0.060,840.335
5835.4,68.91,58.8,0.0,2.8,5,-30.897,0.083,840.977
5835.4,69.02,58.8,0.0,2.3,5,-28.169,0.099,841.387
5835.4,69.19,58.9,0.0,1.8,5,-24.065,0.123,841.977
5835.4,69.29,58.9,0.0,1.5,5,-21.322,0.142,842.353
5849.2,69.47,58.9,0.0,1.2,5,-17.195,0.172,842.898
5849.2,69.64,59.0,0.0,0.8,5,-13.055,0.198,843.422
5849.2,69.75,59.0,0.0,0.5,5,-10.289,0.215,843.763
5863.2,69.91,59.1,0.0,0.3,5,-6.130,0.242,844.264
5863.2,70.02,59.1,0.0,0.1,5,-3.351,0.261,844.593
5863.2,70.18,59.1,0.0,-0.0,5,0.826,0.290,845.083
5863.2,70.30,59.1,0.0,-0.1,5,3.616,0.308,845.408
8.0,70.46,59.2,0.0,-0.1,5,7.810,0.332,845.895
