opponent,v3,Norman Nato,0,1771576417859
Game,version,date,track,car,event,laptime [s],S1 [s],S2 [s],S3 [s],S4+ [s]
LMU,1.2,2026-02-20 08:33:37,Silverstone Grand Prix Circuit - ELMS,Cadillac Hertz Team Jota 2025 #12:LM (Hyper),Live,110.211,0,0,0
Tracklen [m],TotalLaps
5869.0,1
,
,
lapdistance [m],speed [m/s],throttle [%],brake [%],steer [%],gear [int],world_x [m],world_y [m],world_z [m]
3.3,70.90,91.5,0.0,0.1,6,7.412,0.388,845.868
3.3,71.05,91.6,0.0,0.1,6,11.642,0.417,846.361
3.3,71.15,91.6,0.0,0.1,6,14.466,0.437,846.691
17.5,71.31,91.7,0.0,0.1,6,18.711,0.471,847.188
17.5,71.42,91.7,0.0,0.1,6,21.546,0.492,847.520
17.5,71.57,91.7,0.0,0.2,6,25.806,0.525,848.019
17.5,71.67,91.8,0.0,0.3,6,28.651,0.548,848.352
31.8,71.82,91.8,0.0,0.4,6,32.926,0.585,848.852
31.8,71.92,91.8,0.0,0.3,6,35.781,0.610,849.185
31.8,72.07,91.9,0.0,0.2,6,40.072,0.645,849.682
31.8,72.22,91.9,0.0,0.2,6,44.372,0.682,850.178
46.2,72.32,92.0,0.0,0.1,6,47.243,0.709,850.506
46.2,72.47,92.0,0.0,0.2,6,51.559,0.749,850.997
46.2,72.55,92.0,0.0,0.2,6,54.440,0.776,851.323
46.2,72.71,92.1,0.0,0.2,6,58.771,0.815,851.809
60.7,72.80,92.1,0.0,0.2,6,61.663,0.841,852.132
60.7,72.94,92.2,0.0,0.2,6,66.007,0.882,852.615
60.7,73.03,92.2,0.0,0.2,6,68.909,0.910,852.937
60.7,73.18,92.2,0.0,0.1,6,73.268,0.952,853.418
75.3,73.27,92.2,0.0,0.1,6,76.179,0.979,853.738
75.3,73.41,92.3,0.0,0.0,6,80.553,1.015,854.217
75.3,73.51,92.3,0.0,-0.1,6,83.474,1.038,854.536
75.3,73.64,92.3,0.0,-0.0,6,87.862,1.072,855.013
90.0,73.78,92.4,0.0,0.1,6,92.258,1.108,855.491
90.0,73.87,92.4,0.0,0.2,6,95.193,1.130,855.811
90.0,74.01,92.4,0.0,0.2,6,99.603,1.162,856.290
90.0,74.10,92.5,0.0,0.1,6,102.548,1.183,856.610
104.7,74.23,92.5,0.0,0.3,6,106.971,1.215,857.090
104.7,74.31,92.5,0.0,0.5,6,109.925,1.236,857.410
104.7,74.44,92.6,0.0,0.5,6,114.361,1.268,857.889
104.7,74.53,92.6,0.0,0.4,6,117.324,1.290,858.207
119.6,74.67,92.7,0.0,0.3,6,121.774,1.320,858.682
119.6,74.77,92.6,0.0,0.3,6,124.745,1.337,858.997
119.6,74.89,92.7,0.0,0.4,6,129.210,1.360,859.467
134.6,75.02,92.7,0.0,0.6,6,133.683,1.384,859.934
134.6,75.10,92.7,0.0,0.4,6,136.668,1.402,860.243
134.6,75.22,92.8,0.0,0.4,6,141.153,1.437,860.706
134.6,75.31,92.8,0.0,0.2,6,144.148,1.458,861.013
149.6,75.44,92.8,0.0,0.3,6,148.647,1.486,861.470
149.6,75.52,92.9,0.0,0.4,6,151.650,1.505,861.774
149.6,75.64,92.9,0.0,0.5,6,156.162,1.531,862.227
149.6,75.73,92.9,0.0,0.3,6,159.174,1.547,862.528
164.7,75.85,93.0,0.0,0.2,6,163.698,1.574,862.978
164.7,75.92,93.0,0.0,0.1,6,166.718,1.593,863.276
164.7,76.04,93.0,0.0,0.3,6,171.255,1.623,863.722
164.7,76.12,93.0,0.0,0.3,6,174.284,1.644,864.018
179.9,76.24,93.1,0.0,-0.1,6,178.833,1.675,864.462
179.9,76.32,93.1,0.0,-0.3,6,181.869,1.694,864.757
179.9,76.44,93.1,0.0,-0.6,6,186.430,1.722,865.201
179.9,76.51,93.2,0.0,0.1,6,189.475,1.740,865.498
195.2,76.63,93.2,0.0,-0.6,6,194.047,1.769,865.944
195.2,76.71,93.2,0.0,-0.8,6,197.098,1.788,866.243
195.2,76.82,93.2,0.0,-0.7,6,201.681,1.815,866.696
195.2,76.92,93.3,0.0,-0.4,6,206.270,1.841,867.157
210.5,77.00,93.3,0.0,-0.1,6,209.333,1.856,867.469
210.5,77.11,93.3,0.0,0.2,6,213.931,1.882,867.943
210.5,77.18,93.3,0.0,0.3,6,217.000,1.901,868.263
210.5,77.28,93.4,0.0,0.4,6,221.608,1.933,868.746
226.0,77.35,93.4,0.0,0.6,6,224.683,1.955,869.068
226.0,77.46,93.4,0.0,0.9,6,229.302,1.987,869.551
226.0,77.53,93.5,0.0,1.0,6,232.385,2.009,869.871
226.0,77.55,37.9,14.7,0.9,6,237.014,2.045,870.345
241.5,77.22,0.0,52.4,0.7,6,240.095,2.068,870.656
241.5,76.15,0.0,80.2,0.7,6,244.679,2.096,871.111
241.5,75.28,0.0,86.5,1.0,6,247.695,2.112,871.404
241.5,73.88,0.0,89.7,1.5,6,252.153,2.134,871.829
256.5,72.92,0.0,89.4,1.7,6,255.078,2.149,872.100
256.5,71.49,0.0,90.1,2.0,6,259.397,2.173,872.489
256.5,70.56,0.0,91.0,2.0,6,262.230,2.189,872.735
256.5,69.14,0.0,91.3,2.6,6,266.409,2.212,873.080
270.6,67.72,0.0,91.5,2.3,6,270.506,2.232,873.393
270.6,66.78,0.0,91.3,2.1,6,273.191,2.244,873.582
270.6,65.37,0.0,90.9,3.1,6,277.151,2.261,873.837
270.6,64.45,31.4,91.5,4.0,0,279.745,2.271,873.986
283.8,63.06,0.0,89.1,3.9,5,283.568,2.286,874.172
283.8,62.18,0.0,79.4,4.0,5,286.073,2.294,874.271
283.8,60.96,0.0,62.9,3.0,5,289.767,2.305,874.378
283.8,60.23,0.0,50.4,1.5,5,292.192,2.314,874.418
296.0,59.40,0.0,27.8,0.9,5,295.781,2.330,874.424
296.0,59.02,0.0,16.8,1.5,5,298.149,2.340,874.392
296.0,58.58,0.0,13.9,4.3,5,301.676,2.355,874.286
296.0,58.31,0.0,12.2,7.2,5,304.011,2.366,874.177
307.7,57.96,0.0,5.4,10.9,5,307.493,2.385,873.958
307.7,57.69,0.0,3.4,12.9,5,310.951,2.406,873.675
307.7,57.52,0.0,3.2,13.6,5,313.245,2.420,873.451
307.7,57.28,0.1,0.2,14.0,5,316.667,2.442,873.063
319.1,57.14,4.5,0.0,13.9,5,318.937,2.456,872.767
319.1,56.94,2.9,0.2,13.6,5,322.323,2.477,872.266
319.1,56.78,0.3,3.0,14.2,5,324.566,2.491,871.893
319.1,56.53,0.0,4.1,15.1,5,327.910,2.510,871.276
330.3,56.35,0.0,3.3,15.6,5,330.123,2.522,870.826
330.3,56.09,3.9,1.6,15.6,5,333.415,2.538,870.092
330.3,55.94,5.6,0.3,15.4,5,335.592,2.549,869.561
330.3,55.79,27.2,0.0,15.1,5,338.832,2.565,868.704
341.6,55.73,33.3,0.0,15.4,5,340.977,2.576,868.091
341.6,55.67,40.7,0.0,16.9,5,344.171,2.591,867.109
341.6,55.64,38.2,0.0,18.5,5,346.286,2.601,866.414
341.6,55.57,29.4,0.0,21.8,5,349.434,2.617,865.308
353.1,55.50,25.7,0.0,23.2,5,351.515,2.627,864.531
353.1,55.36,20.5,0.0,23.2,5,354.607,2.643,863.306
353.1,55.26,19.1,0.0,23.3,5,356.648,2.655,862.451
353.1,55.10,15.3,0.0,23.0,5,359.675,2.674,861.110
365.0,54.96,41.0,0.0,21.7,5,362.661,2.692,859.702
365.0,54.99,68.3,0.0,20.9,5,364.630,2.704,858.724
365.0,55.12,72.0,0.0,20.1,5,367.559,2.721,857.198
365.0,55.17,56.8,0.0,19.9,5,369.495,2.732,856.141
376.5,55.24,74.2,0.0,20.5,5,372.369,2.750,854.495
376.5,55.34,85.5,0.0,21.1,5,374.266,2.762,853.359
376.5,55.54,86.6,0.0,21.0,5,377.086,2.779,851.596
376.5,55.67,86.7,0.0,21.0,5,378.949,2.791,850.381
388.1,55.86,86.8,0.0,21.4,5,381.717,2.808,848.503
388.1,55.99,86.9,0.0,21.7,5,383.545,2.818,847.214
388.1,56.18,87.0,0.0,21.9,5,386.258,2.833,845.222
400.1,56.36,87.2,0.0,21.4,5,388.932,2.849,843.163
400.1,56.51,68.8,0.0,19.8,5,391.568,2.865,841.036
400.1,56.56,61.3,0.0,19.5,5,393.300,2.876,839.583
400.1,56.55,35.3,0.0,19.1,5,395.858,2.892,837.353
411.8,56.50,36.6,0.0,18.5,5,397.533,2.903,835.834
411.8,56.42,25.7,5.5,17.6,5,399.997,2.920,833.509
411.8,56.24,4.1,24.5,17.2,5,401.607,2.932,831.931
411.8,55.72,0.0,13.3,15.2,5,403.962,2.948,829.534
423.2,55.47,15.0,0.8,12.8,5,405.491,2.959,827.920
423.2,55.48,82.1,0.0,9.1,5,407.732,2.974,825.462
423.2,55.61,86.9,0.0,8.7,5,409.198,2.984,823.792
423.2,55.83,87.0,0.0,9.2,5,411.360,2.995,821.243
434.4,56.05,87.1,0.0,9.5,5,413.474,3.005,818.637
434.4,56.19,87.2,0.0,11.2,5,414.857,3.013,816.869
434.4,56.41,87.3,0.0,14.0,5,416.892,3.027,814.174
434.4,56.56,87.4,0.0,15.5,5,418.226,3.034,812.350
445.3,56.78,87.5,0.0,19.1,5,420.191,3.043,809.576
445.3,56.91,87.6,0.0,19.7,5,421.473,3.051,807.698
445.3,57.11,87.7,0.0,18.4,5,423.351,3.066,804.840
445.3,57.24,87.8,0.0,16.9,5,424.573,3.076,802.907
456.4,57.43,87.9,0.0,13.9,5,426.354,3.096,799.965
456.4,57.56,88.1,0.0,13.0,5,427.507,3.111,797.975
456.4,57.76,88.1,0.0,12.2,5,429.186,3.133,794.951
456.4,57.89,88.2,0.0,11.6,5,430.270,3.150,792.908
467.7,58.08,88.3,0.0,13.5,5,431.845,3.176,789.807
467.7,58.24,87.8,0.0,13.4,5,432.865,3.191,787.716
467.7,58.42,88.5,0.0,11.5,5,434.346,3.215,784.547
467.7,58.61,88.6,0.0,11.8,5,435.766,3.249,781.336
479.3,58.70,88.5,0.0,11.3,5,436.684,3.269,779.178
479.3,58.84,50.9,0.0,5.9,5,438.028,3.283,775.920
479.3,58.90,70.3,0.0,2.4,5,438.893,3.290,773.729
479.3,59.06,88.8,0.0,0.5,5,440.128,3.311,770.414
490.9,59.17,89.0,0.0,1.8,5,440.914,3.333,768.185
490.9,59.42,89.0,0.0,4.9,5,442.053,3.364,764.815
490.9,59.58,89.0,0.0,6.5,5,442.792,3.380,762.553
490.9,59.77,77.3,0.0,6.9,5,443.869,3.402,759.138
502.6,59.86,74.6,0.0,6.3,5,444.563,3.422,756.848
502.6,60.05,86.7,0.0,2.9,5,445.575,3.451,753.399
502.6,60.16,89.4,0.0,1.1,5,446.231,3.467,751.086
502.6,60.40,89.1,0.0,-0.4,5,447.186,3.491,747.597
514.4,60.55,88.3,0.0,1.7,5,447.806,3.510,745.259
514.4,60.79,88.2,0.0,4.1,5,448.719,3.538,741.737
514.4,60.92,89.4,0.0,5.2,5,449.317,3.555,739.378
514.4,61.18,89.6,0.0,6.3,5,450.200,3.582,735.823
526.5,61.41,89.7,0.0,5.7,5,451.056,3.619,732.247
526.5,61.55,89.9,0.0,5.2,5,451.611,3.638,729.852
526.5,61.77,89.9,0.0,3.4,5,452.416,3.659,726.242
526.5,61.90,89.9,0.0,2.9,5,452.927,3.675,723.822
538.8,62.12,90.0,0.0,2.9,5,453.654,3.707,720.174
538.8,62.27,90.0,0.0,3.8,5,454.117,3.727,717.730
538.8,62.50,90.1,0.0,3.5,5,454.782,3.752,714.047
538.8,62.64,90.2,0.0,3.2,5,455.207,3.767,711.581
551.2,62.86,90.3,0.0,2.3,5,455.817,3.791,707.866
551.2,63.01,90.3,0.0,2.3,5,456.207,3.811,705.380
551.2,63.23,90.4,0.0,1.9,5,456.774,3.842,701.636
551.2,63.39,90.4,0.0,1.4,5,457.141,3.861,699.130
563.8,63.61,90.5,0.0,1.1,5,457.677,3.892,695.359
563.8,63.76,90.6,0.0,0.8,5,458.027,3.913,692.836
563.8,63.98,90.6,0.0,0.8,5,458.542,3.946,689.040
576.4,64.19,90.7,0.0,0.8,5,459.048,3.978,685.229
576.4,64.34,90.8,0.0,0.8,5,459.380,3.999,682.680
576.4,64.56,90.8,0.0,0.9,5,459.873,4.031,678.845
576.4,64.70,90.9,0.0,0.9,5,460.198,4.052,676.281
589.2,64.91,91.0,0.0,1.0,5,460.678,4.085,672.423
589.2,65.06,91.0,0.0,1.0,5,460.994,4.107,669.843
589.2,65.27,91.1,0.0,1.0,5,461.461,4.139,665.962
589.2,65.41,91.1,0.0,1.0,5,461.768,4.161,663.367
602.1,65.62,91.2,0.0,1.0,5,462.220,4.192,659.463
602.1,65.76,91.2,0.0,1.0,5,462.516,4.214,656.852
602.1,65.96,91.3,0.0,1.2,5,462.951,4.249,652.926
602.1,66.10,91.3,0.0,1.4,5,463.235,4.271,650.300
615.3,66.30,91.4,0.0,1.3,5,463.652,4.305,646.351
615.3,66.44,91.4,0.0,1.3,5,463.924,4.327,643.710
615.3,66.64,91.5,0.0,1.2,5,464.322,4.359,639.739
615.3,66.77,91.6,0.0,1.4,5,464.580,4.381,637.083
628.6,66.97,91.6,0.0,1.3,5,464.956,4.414,633.090
628.6,67.16,91.7,0.0,1.4,5,465.320,4.448,629.083
628.6,67.29,91.7,0.0,1.2,5,465.555,4.469,626.404
628.6,67.49,91.8,0.0,1.1,5,465.898,4.501,622.376
642.0,67.62,91.8,0.0,0.9,5,466.119,4.522,619.683
642.0,67.81,91.9,0.0,0.8,5,466.440,4.553,615.633
642.0,67.93,91.9,0.0,0.9,5,466.647,4.575,612.927
642.0,68.12,92.0,0.0,0.9,5,466.948,4.607,608.857
655.6,68.24,92.0,0.0,0.7,5,467.144,4.628,606.137
655.6,68.43,92.1,0.0,0.7,5,467.429,4.661,602.047
655.6,68.55,92.1,0.0,0.6,5,467.614,4.682,599.314
655.6,68.73,92.2,0.0,0.5,5,467.884,4.713,595.206
669.3,68.84,92.2,0.0,0.6,5,468.060,4.734,592.460
669.3,69.03,92.3,0.0,0.8,5,468.317,4.764,588.332
669.3,69.14,92.3,0.0,0.8,5,468.485,4.784,585.574
669.3,69.33,92.3,0.0,0.7,5,468.731,4.811,581.427
683.1,69.44,92.4,0.0,0.7,5,468.890,4.829,578.657
683.1,69.62,92.4,0.0,0.7,5,469.124,4.854,574.492
683.1,69.79,92.5,0.0,0.7,5,469.350,4.876,570.316
683.1,69.90,92.5,0.0,0.7,5,469.497,4.889,567.527
697.1,70.07,92.6,0.0,0.3,0,469.713,4.907,563.333
697.1,69.99,0.0,0.0,0.1,0,469.852,4.918,560.535
697.1,70.08,91.7,0.0,-0.1,6,470.057,4.934,556.340
697.1,70.19,91.7,0.0,-0.1,6,470.191,4.945,553.538
711.1,70.36,91.8,0.0,-0.0,6,470.390,4.958,549.326
711.1,70.47,91.8,0.0,-0.0,6,470.522,4.966,546.513
711.1,70.63,91.8,0.0,0.0,6,470.721,4.975,542.285
711.1,70.74,91.9,0.0,-0.0,6,470.853,4.980,539.460
725.3,70.91,91.9,0.0,-0.6,6,471.053,4.985,535.216
725.3,71.01,91.9,0.0,-0.3,6,471.187,4.988,532.381
725.3,71.17,92.0,0.0,0.2,6,471.390,4.992,528.121
725.3,71.27,92.0,0.0,0.4,6,471.527,4.992,525.276
739.6,71.43,92.1,0.0,0.2,6,471.733,4.990,520.999
739.6,71.59,92.1,0.0,-0.1,6,471.940,4.985,516.714
739.6,71.70,92.1,0.0,-0.1,6,472.077,4.981,513.852
739.6,71.85,92.2,0.0,0.0,6,472.283,4.974,509.551
754.0,71.95,92.2,0.0,0.1,6,472.421,4.968,506.678
754.0,72.11,92.2,0.0,0.1,6,472.629,4.956,502.362
754.0,72.22,92.3,0.0,-0.0,6,472.767,4.945,499.479
754.0,72.37,92.3,0.0,-0.1,6,472.975,4.926,495.146
768.4,72.47,92.3,0.0,-0.1,6,473.113,4.912,492.253
768.4,72.62,92.4,0.0,0.0,6,473.319,4.888,487.905
768.4,72.72,92.4,0.0,0.1,6,473.456,4.872,485.002
768.4,72.87,92.5,0.0,0.1,6,473.661,4.848,480.639
783.0,72.97,92.5,0.0,-0.2,6,473.797,4.832,477.726
783.0,73.12,92.5,0.0,-1.0,6,474.003,4.811,473.348
783.0,73.22,92.5,0.0,-1.5,6,474.142,4.800,470.425
783.0,73.36,92.6,0.0,-1.9,6,474.357,4.781,466.034
797.6,73.46,92.6,0.0,-2.1,6,474.507,4.768,463.101
797.6,73.60,92.6,0.0,-2.6,6,474.748,4.750,458.696
797.6,73.74,92.7,0.0,-3.8,6,475.013,4.732,454.284
797.6,73.84,92.7,0.0,-4.3,6,475.206,4.718,451.339
812.3,73.97,92.7,0.0,-4.7,6,475.525,4.694,446.917
812.3,74.05,92.8,0.0,-5.0,6,475.762,4.679,443.966
812.3,74.18,92.8,0.0,-6.5,6,476.156,4.658,439.537
812.3,74.27,92.9,0.0,-7.0,6,476.444,4.639,436.583
827.1,74.38,92.9,0.0,-6.7,6,476.926,4.609,432.150
827.1,74.45,92.9,0.0,-6.8,6,477.284,4.593,429.195
827.1,74.56,92.9,0.0,-7.6,6,477.878,4.574,424.765
827.1,74.62,93.0,0.0,-7.7,6,478.311,4.561,421.813
841.9,74.74,93.0,0.0,-7.3,6,479.019,4.541,417.388
841.9,74.80,93.0,0.0,-7.5,6,479.532,4.529,414.442
841.9,74.90,93.0,0.0,-8.4,6,480.361,4.513,410.029
856.8,75.01,93.0,0.0,-7.9,6,481.263,4.496,405.623
856.8,75.07,93.1,0.0,-7.6,6,481.904,4.483,402.691
856.8,75.17,93.1,0.0,-6.9,6,482.924,4.461,398.301
856.8,75.25,93.1,0.0,-6.8,6,483.643,4.444,395.380
871.6,75.35,93.2,0.0,-7.5,6,484.776,4.413,391.007
871.6,75.43,93.1,0.0,-8.0,6,485.566,4.387,388.097
871.6,75.51,93.2,0.0,-7.8,6,486.807,4.342,383.743
871.6,75.57,93.2,0.0,-7.1,6,487.674,4.310,380.848
886.5,75.67,93.2,0.0,-5.2,6,489.032,4.260,376.519
886.5,75.74,93.2,0.0,-6.2,6,489.976,4.225,373.642
886.5,75.84,93.3,0.0,-8.0,6,491.450,4.170,369.340
886.5,75.90,93.3,0.0,-8.8,6,492.470,4.133,366.483
902.0,76.00,93.3,0.0,-9.4,6,494.059,4.076,362.212
902.0,76.05,93.3,0.0,-8.2,6,495.158,4.038,359.377
902.0,76.14,93.4,0.0,-4.4,6,496.868,3.982,355.144
902.0,75.76,3.7,51.6,-0.5,6,498.643,3.925,350.940
917.6,75.15,0.0,38.3,2.3,6,499.848,3.889,348.172
917.6,74.49,0.0,17.6,4.1,6,501.674,3.839,344.071
917.6,74.19,0.0,24.5,3.7,6,502.895,3.804,341.360
917.6,73.51,0.0,45.3,2.6,6,504.713,3.743,337.316
932.8,72.95,0.0,50.8,2.6,6,505.905,3.703,334.639
932.8,72.03,0.0,48.2,2.9,6,507.650,3.647,330.653
932.8,71.45,0.0,43.8,4.2,6,508.783,3.615,328.016
932.8,70.67,0.0,35.9,5.4,6,510.433,3.572,324.083
947.5,70.20,0.0,36.8,5.9,6,511.499,3.546,321.475
947.5,69.48,0.0,34.7,5.8,6,513.045,3.509,317.579
947.5,69.02,0.0,31.4,5.7,6,514.037,3.486,314.992
947.5,68.36,0.0,47.8,5.6,6,515.465,3.456,311.124
961.2,67.76,0.0,60.0,5.3,6,516.375,3.437,308.557
961.2,66.73,0.0,58.1,5.3,6,517.673,3.415,304.735
961.2,66.07,0.0,54.0,4.8,6,518.493,3.403,302.208
961.2,65.18,0.0,38.5,5.6,6,519.658,3.389,298.445
974.1,64.50,0.0,24.0,7.0,6,520.745,3.374,294.710
974.1,64.14,0.0,18.1,7.6,6,521.427,3.365,292.228
974.1,63.72,23.9,2.8,8.2,6,522.387,3.350,288.515
974.1,63.73,79.4,0.0,8.7,6,522.987,3.338,286.038
986.7,63.82,50.0,1.2,10.2,6,523.831,3.320,282.306
986.7,63.70,5.1,11.6,12.1,6,524.355,3.307,279.809
986.7,63.37,18.0,0.5,14.0,6,525.077,3.289,276.066
986.7,63.29,38.2,0.0,12.9,6,525.514,3.280,273.571
1000.4,63.32,72.9,0.0,13.7,6,526.106,3.267,269.820
1000.4,63.35,69.5,0.0,13.3,6,526.459,3.257,267.311
1000.4,63.33,45.4,0.0,11.2,6,526.920,3.248,263.538
1000.4,63.29,28.9,4.1,10.8,6,527.184,3.242,261.018
1014.0,62.95,0.0,24.5,10.9,6,527.510,3.234,257.243
1014.0,62.45,34.4,26.5,11.7,0,527.748,3.232,253.487
1014.0,62.12,0.0,12.1,12.6,5,527.862,3.229,250.997
1014.0,61.67,7.1,0.0,12.5,5,527.968,3.222,247.285
1027.5,61.50,6.9,0.8,13.3,5,527.990,3.218,244.822
1027.5,61.21,0.0,4.8,16.2,5,527.951,3.215,241.140
1027.5,61.00,0.0,4.4,18.2,5,527.878,3.213,238.696
1027.5,60.68,0.0,3.1,19.9,5,527.697,3.213,235.050
1040.1,60.47,0.2,0.5,19.9,5,527.527,3.218,232.633
1040.1,60.20,2.6,0.0,18.2,5,527.199,3.229,229.027
1040.1,60.04,8.5,0.0,16.6,5,526.934,3.239,226.636
1040.1,59.82,9.1,0.0,14.5,5,526.466,3.252,223.070
1052.1,59.68,10.6,0.0,13.2,5,526.109,3.261,220.707
1052.1,59.44,15.6,0.0,8.9,5,525.503,3.276,217.185
1052.1,59.33,22.9,0.0,7.2,5,525.050,3.289,214.853
1052.1,59.24,52.8,0.0,6.9,5,524.300,3.313,211.377
1063.8,59.31,79.1,0.0,7.0,5,523.757,3.330,209.069
1063.8,59.52,86.6,0.0,7.4,5,522.880,3.359,205.614
1063.8,59.75,86.8,0.0,6.9,5,521.938,3.388,202.163
1063.8,59.90,86.8,0.0,5.1,5,521.280,3.409,199.863
1075.6,60.13,87.0,0.0,1.1,5,520.255,3.439,196.411
1075.6,60.30,87.1,0.0,-0.4,5,519.552,3.460,194.108
1075.6,60.54,87.2,0.0,-2.0,5,518.475,3.490,190.647
1075.6,60.69,87.3,0.0,-2.7,5,517.750,3.510,188.334
1087.8,60.93,87.4,0.0,-3.2,5,516.661,3.540,184.852
1087.8,61.09,87.5,0.0,-3.8,5,515.938,3.558,182.521
1087.8,61.29,51.4,27.3,-4.7,5,514.869,3.583,179.008
1087.8,60.92,1.8,78.0,-5.5,5,514.170,3.598,176.663
1100.2,59.72,0.0,77.5,-3.0,5,513.158,3.616,173.185
1100.2,58.92,0.0,72.2,-2.5,5,512.509,3.628,170.901
1100.2,57.82,0.0,57.1,-2.0,5,511.578,3.645,167.523
1100.2,57.20,0.0,49.0,-1.9,5,510.984,3.655,165.299
1112.0,56.40,0.0,40.4,-2.4,5,510.134,3.669,161.998
1112.0,55.72,0.0,40.6,-5.2,5,509.331,3.684,158.731
1112.0,55.24,0.0,46.4,-7.1,5,508.822,3.694,156.570
1123.3,54.45,0.0,48.1,-7.8,5,508.099,3.711,153.358
1123.3,53.91,0.0,44.5,-9.0,5,507.645,3.722,151.238
1123.3,53.20,40.1,34.8,-9.1,0,507.011,3.736,148.087
1123.3,52.80,0.0,25.6,-8.7,4,506.622,3.746,146.003
1134.4,52.32,0.0,10.2,-9.3,4,506.091,3.758,142.894
1134.4,52.10,0.0,3.8,-10.1,4,505.773,3.764,140.830
1134.4,51.86,1.4,0.0,-12.9,4,505.353,3.770,137.739
1134.4,51.73,4.6,0.0,-15.0,4,505.111,3.773,135.682
1145.3,51.53,1.5,3.4,-18.2,4,504.806,3.774,132.599
1145.3,51.37,0.0,1.0,-20.5,4,504.640,3.772,130.547
1145.3,51.17,13.2,0.0,-23.4,4,504.446,3.764,127.477
1145.3,51.07,15.8,0.0,-23.0,4,504.355,3.755,125.434
1156.1,50.92,17.2,0.0,-20.6,4,504.284,3.741,122.375
1156.1,50.74,6.2,0.0,-17.8,4,504.297,3.732,119.324
1156.1,50.59,7.9,0.0,-15.8,4,504.356,3.732,117.298
1156.1,50.40,8.9,0.0,-12.4,4,504.504,3.729,114.272
1166.7,50.30,13.2,0.0,-10.6,4,504.638,3.720,112.262
1166.7,50.08,15.1,0.0,-8.7,4,504.916,3.716,109.264
1166.7,50.00,20.4,0.0,-6.4,4,505.137,3.708,107.275
1166.7,49.84,24.6,0.0,-5.4,4,505.538,3.701,104.306
1177.2,49.75,23.5,0.0,-6.0,4,505.853,3.699,102.339
1177.2,49.63,9.7,0.0,-6.7,4,506.369,3.681,99.402
1177.2,49.46,13.9,0.0,-6.1,4,506.752,3.667,97.457
1177.2,49.27,24.0,0.0,-5.6,4,507.402,3.656,94.568
1187.7,49.18,20.9,0.0,-6.6,4,507.868,3.642,92.655
1187.7,49.00,13.2,0.0,-8.0,4,508.626,3.617,89.808
1187.7,48.86,13.2,0.0,-9.2,4,509.176,3.603,87.930
1187.7,48.67,13.1,0.0,-13.8,4,510.057,3.577,85.139
1198.0,48.49,16.6,0.0,-18.7,4,511.005,3.546,82.382
1198.0,48.40,26.3,0.0,-23.3,4,511.674,3.523,80.564
1198.0,48.29,20.9,0.0,-31.8,4,512.734,3.486,77.864
1198.0,48.21,19.8,0.0,-38.0,4,513.479,3.459,76.084
1208.0,48.07,15.7,0.0,-47.0,4,514.648,3.418,73.443
1208.0,47.96,17.1,0.0,-51.7,4,515.460,3.390,71.703
1208.0,47.82,20.6,0.0,-54.0,4,516.726,3.347,69.123
1208.0,47.73,20.6,0.0,-50.8,4,517.603,3.320,67.425
1217.8,47.61,24.1,0.0,-44.3,4,518.969,3.283,64.913
1217.8,47.55,30.6,0.0,-41.1,4,519.916,3.261,63.262
1217.8,47.52,40.8,0.0,-31.6,4,521.389,3.232,60.820
1217.8,47.55,52.5,0.0,-21.1,4,522.408,3.213,59.216
1227.3,47.73,73.9,0.0,-6.2,4,523.990,3.186,56.836
1227.3,47.90,71.6,0.0,1.9,4,525.080,3.168,55.265
1227.3,47.72,2.6,49.1,11.0,4,526.757,3.143,52.932
1227.3,46.91,0.0,61.0,14.5,4,528.440,3.118,50.642
1236.8,46.28,0.0,66.9,13.6,4,529.542,3.100,49.138
1236.8,45.24,0.0,74.8,11.0,4,531.148,3.074,46.907
1236.8,44.53,38.2,79.1,9.6,0,532.180,3.058,45.437
1236.8,43.45,0.0,75.0,7.7,3,533.670,3.034,43.255
1245.8,42.74,0.0,48.5,6.3,3,534.623,3.017,41.818
1245.8,41.98,0.0,15.7,3.1,3,535.992,2.992,39.678
1245.8,41.68,0.0,5.3,1.5,3,536.866,2.975,38.251
1245.8,41.42,0.0,0.2,0.9,3,538.119,2.947,36.096
1254.1,41.27,2.6,0.0,3.1,3,538.916,2.927,34.647
1254.1,41.10,6.9,0.0,10.2,3,540.055,2.897,32.454
1254.1,40.99,4.9,0.0,16.1,3,540.776,2.876,30.979
1254.1,40.84,6.7,0.0,25.3,3,541.802,2.843,28.748
1262.4,40.73,4.4,0.0,29.9,3,542.452,2.820,27.252
1262.4,40.58,13.3,0.0,33.6,3,543.374,2.785,24.994
1262.4,40.56,40.2,0.0,33.6,3,544.234,2.749,22.718
1262.4,40.65,57.5,0.0,32.0,3,544.772,2.725,21.186
1270.8,40.88,60.2,0.0,30.3,3,545.527,2.690,18.860
1270.8,41.01,54.9,0.0,30.2,3,545.995,2.667,17.291
1270.8,41.14,43.7,0.0,30.9,3,546.643,2.631,14.913
1270.8,41.18,33.9,0.0,32.1,3,547.038,2.605,13.315
1279.5,41.18,37.6,0.0,34.3,3,547.571,2.567,10.903
1279.5,41.21,43.8,0.0,35.0,3,547.886,2.541,9.285
1279.5,41.34,51.4,0.0,35.2,3,548.299,2.503,6.845
1279.5,41.43,50.9,0.0,36.5,3,548.535,2.477,5.206
1288.1,41.56,46.9,0.0,38.8,3,548.835,2.436,2.735
1288.1,41.62,42.7,0.0,41.0,3,548.997,2.408,1.080
1288.1,41.65,30.2,0.0,44.1,3,549.182,2.365,-1.411
1288.1,41.62,27.6,0.0,45.6,3,549.266,2.336,-3.075
1297.0,41.58,31.8,0.0,46.8,3,549.334,2.292,-5.570
1297.0,41.61,34.2,0.0,46.4,3,549.333,2.247,-8.065
1297.0,41.64,45.2,0.0,47.2,3,549.294,2.216,-9.729
1306.0,41.75,47.5,0.0,48.6,3,549.180,2.169,-12.227
1306.0,41.81,45.7,0.0,49.8,3,549.065,2.137,-13.894
1306.0,41.85,33.5,0.0,51.6,3,548.834,2.090,-16.393
1306.0,41.82,23.3,0.0,52.6,3,548.641,2.060,-18.055
1315.2,41.71,21.5,0.0,53.2,3,548.290,2.017,-20.536
1315.2,41.64,21.9,0.0,52.4,3,548.016,1.989,-22.181
1315.2,41.55,23.9,0.0,49.6,3,547.545,1.949,-24.631
1315.2,41.49,25.5,0.0,47.2,3,547.189,1.924,-26.253
1324.0,41.43,29.2,0.0,42.9,3,546.594,1.889,-28.668
1324.0,41.40,32.9,0.0,39.7,3,546.155,1.868,-30.265
1324.0,41.46,50.5,0.0,35.5,3,545.435,1.837,-32.643
1324.0,41.55,51.5,0.0,33.9,3,544.914,1.816,-34.219
1333.0,41.77,75.8,0.0,31.8,3,544.076,1.783,-36.572
1333.0,41.98,84.4,0.0,30.6,3,543.477,1.761,-38.136
1333.0,42.35,85.7,0.0,28.0,3,542.519,1.729,-40.476
1333.0,42.70,85.4,0.0,23.6,3,541.485,1.698,-42.808
1342.0,42.93,81.4,0.0,19.5,3,540.753,1.680,-44.356
1342.0,43.26,79.4,0.0,13.5,3,539.593,1.653,-46.665
1342.0,43.47,71.7,0.0,10.3,3,538.780,1.635,-48.197
1342.0,43.76,75.9,0.0,6.4,3,537.501,1.608,-50.479
1351.1,43.97,82.5,0.0,4.5,3,536.608,1.591,-51.989
1351.1,44.35,85.4,0.0,3.4,3,535.210,1.567,-54.239
1351.1,44.61,86.2,0.0,3.4,3,534.239,1.551,-55.729
1351.1,45.01,86.2,0.0,4.8,3,532.727,1.528,-57.950
1360.2,45.27,86.3,0.0,6.9,3,531.683,1.513,-59.423
1360.2,45.68,86.3,0.0,11.0,3,530.068,1.490,-61.621
1360.2,45.96,86.3,0.0,12.5,3,528.960,1.473,-63.080
1360.2,46.35,86.5,0.0,13.2,3,527.253,1.447,-65.259
1369.3,46.60,86.5,0.0,12.9,3,526.085,1.427,-66.705
1369.3,47.00,86.6,0.0,11.1,3,524.288,1.397,-68.862
1369.3,47.38,86.7,0.0,9.2,3,522.435,1.364,-71.001
1369.3,47.63,86.7,0.0,8.5,3,521.169,1.341,-72.417
1378.6,48.00,86.9,0.0,9.0,3,519.223,1.305,-74.523
1378.6,48.25,87.0,0.0,10.6,3,517.894,1.281,-75.915
1378.6,48.62,87.1,0.0,13.8,3,515.855,1.242,-77.985
1378.6,48.86,87.2,0.0,15.4,3,514.466,1.215,-79.352
1388.1,49.21,87.4,0.0,16.5,3,512.336,1.173,-81.380
1388.1,49.44,87.5,0.0,16.3,0,510.885,1.146,-82.716
1388.1,49.40,85.6,0.0,14.4,4,508.666,1.107,-84.682
1388.1,49.60,85.8,0.0,13.0,4,507.160,1.084,-85.967
1397.7,49.92,86.0,0.0,11.3,4,504.857,1.048,-87.865
1397.7,50.12,86.2,0.0,10.7,4,503.293,1.022,-89.111
1397.7,50.45,86.3,0.0,7.0,4,500.904,0.979,-90.952
1397.7,50.77,86.4,0.0,3.3,4,498.463,0.934,-92.757
1407.7,50.99,86.5,0.0,1.6,4,496.808,0.903,-93.940
1407.7,51.32,86.6,0.0,1.2,4,494.287,0.857,-95.689
1407.7,51.55,86.7,0.0,2.2,4,492.583,0.827,-96.841
1407.7,51.89,86.9,0.0,3.3,4,489.998,0.785,-98.557
1417.9,52.12,87.0,0.0,3.0,4,488.258,0.758,-99.695
1417.9,52.45,87.1,0.0,1.3,4,485.625,0.721,-101.398
1417.9,52.68,87.3,0.0,0.0,4,483.855,0.697,-102.532
1417.9,53.01,87.4,0.0,-1.3,4,481.181,0.663,-104.235
1428.4,53.24,87.5,0.0,-1.5,4,479.388,0.640,-105.373
1428.4,53.57,87.7,0.0,-2.3,4,476.683,0.607,-107.090
1428.4,53.79,87.7,0.0,-3.3,4,474.873,0.585,-108.244
1428.4,54.10,87.9,0.0,-5.2,4,472.148,0.552,-109.991
1439.3,54.32,88.1,0.0,-5.0,4,470.329,0.532,-111.170
1439.3,54.63,88.2,0.0,-4.4,4,467.599,0.505,-112.965
1439.3,54.82,88.2,0.0,-4.9,4,465.778,0.489,-114.180
1439.3,55.15,88.3,0.0,-6.0,4,463.048,0.459,-116.031
1450.6,55.42,88.5,0.0,-7.3,4,460.325,0.438,-117.924
1450.6,55.58,88.7,0.0,-8.2,4,458.515,0.422,-119.208
1450.6,55.92,88.7,0.0,-9.5,4,455.803,0.387,-121.167
1450.6,56.08,88.8,0.0,-9.9,4,454.006,0.367,-122.503
1462.1,56.35,89.0,0.0,-9.3,4,451.327,0.339,-124.551
1462.1,56.53,89.0,0.0,-8.7,4,449.554,0.322,-125.949
1462.1,56.80,89.2,0.0,-8.5,4,446.918,0.301,-128.094
1462.1,56.98,89.2,0.0,-8.8,4,445.176,0.288,-129.557
1473.9,57.24,89.3,0.0,-9.4,4,442.583,0.266,-131.797
1473.9,57.43,89.4,0.0,-9.6,4,440.872,0.254,-133.323
1473.9,57.69,89.5,0.0,-7.9,4,438.332,0.240,-135.662
1473.9,57.86,89.6,0.0,-7.9,4,436.657,0.233,-137.254
1485.9,58.14,89.6,0.0,-7.8,4,434.168,0.226,-139.685
1485.9,58.30,89.8,0.0,-8.3,4,432.523,0.221,-141.333
1485.9,58.58,89.8,0.0,-7.9,4,430.078,0.213,-143.846
1497.8,58.83,89.9,0.0,-7.0,4,427.661,0.205,-146.407
1497.8,59.00,90.0,0.0,-6.3,4,426.066,0.201,-148.141
1497.8,59.26,90.1,0.0,-5.1,4,423.697,0.195,-150.781
1497.8,59.34,0.0,0.0,-4.9,0,422.133,0.194,-152.566
1509.9,59.37,88.7,0.0,-4.9,5,419.819,0.197,-155.269
1509.9,59.54,88.8,0.0,-5.5,5,418.291,0.200,-157.091
1509.9,59.77,88.9,0.0,-5.8,5,416.016,0.203,-159.853
1509.9,59.94,89.0,0.0,-6.0,5,414.511,0.202,-161.715
1521.8,60.18,89.1,0.0,-6.2,5,412.273,0.198,-164.539
1521.8,60.33,89.1,0.0,-6.2,5,410.796,0.194,-166.442
1521.8,60.56,89.3,0.0,-6.6,5,408.602,0.185,-169.329
1521.8,60.72,89.3,0.0,-7.0,5,407.154,0.176,-171.275
1533.7,60.95,89.4,0.0,-7.2,5,405.011,0.162,-174.228
1533.7,61.10,89.5,0.0,-5.9,5,403.601,0.153,-176.220
1533.7,61.34,89.5,0.0,-5.4,5,401.512,0.134,-179.241
1533.7,61.56,89.6,0.0,-4.4,5,399.455,0.113,-182.300
1545.9,61.71,89.7,0.0,-4.2,5,398.102,0.098,-184.360
1545.9,61.94,89.8,0.0,-3.7,5,396.097,0.077,-187.481
1545.9,62.10,89.8,0.0,-3.6,5,394.775,0.062,-189.579
1545.9,62.33,89.9,0.0,-3.4,5,392.810,0.044,-192.753
1558.3,62.49,90.0,0.0,-2.9,5,391.512,0.033,-194.885
1558.3,62.72,90.1,0.0,-2.1,5,389.580,0.019,-198.105
1558.3,62.87,90.1,0.0,-1.8,5,388.301,0.011,-200.267
1558.3,63.11,90.2,0.0,-1.7,5,386.393,0.001,-203.529
1570.9,63.26,90.2,0.0,-1.8,5,385.128,-0.004,-205.716
1570.9,63.49,90.3,0.0,-1.8,5,383.236,-0.010,-209.015
1570.9,63.65,90.4,0.0,-1.5,5,381.980,-0.013,-211.225
1570.9,63.87,90.5,0.0,-0.5,5,380.100,-0.018,-214.556
1583.6,64.02,90.5,0.0,-0.7,5,378.850,-0.020,-216.787
1583.6,64.24,90.6,0.0,-0.9,5,376.977,-0.024,-220.149
1583.6,64.40,90.6,0.0,-1.1,5,375.730,-0.026,-222.399
1583.6,64.62,90.7,0.0,-1.1,5,373.862,-0.027,-225.788
1596.5,64.84,90.8,0.0,-1.1,5,371.998,-0.028,-229.195
1596.5,64.99,90.8,0.0,-1.0,5,370.756,-0.029,-231.475
1596.5,65.20,90.9,0.0,-1.0,5,368.897,-0.032,-234.909
1596.5,65.35,90.9,0.0,-1.1,5,367.658,-0.036,-237.207
1609.5,65.57,91.0,0.0,-1.1,5,365.803,-0.045,-240.668
1609.5,65.71,91.0,0.0,-1.0,5,364.568,-0.051,-242.985
1609.5,65.92,91.1,0.0,-1.0,5,362.718,-0.062,-246.473
1609.5,66.06,91.2,0.0,-1.1,5,361.487,-0.071,-248.807
1622.6,66.27,91.2,0.0,-1.4,5,359.644,-0.085,-252.323
1622.6,66.41,91.3,0.0,-1.4,5,358.418,-0.095,-254.675
1622.6,66.62,91.3,0.0,-1.2,5,356.582,-0.110,-258.218
1622.6,66.75,91.4,0.0,-0.9,5,355.361,-0.120,-260.589
1635.9,66.95,91.5,0.0,-0.7,5,353.535,-0.135,-264.160
1635.9,67.09,91.5,0.0,-0.7,5,352.320,-0.146,-266.550
1635.9,67.30,91.6,0.0,-0.6,5,350.503,-0.162,-270.148
1635.9,67.43,91.6,0.0,-0.6,5,349.293,-0.173,-272.555
1649.4,67.63,91.7,0.0,-0.4,5,347.482,-0.189,-276.179
1649.4,67.82,91.7,0.0,-0.2,5,345.673,-0.206,-279.817
1649.4,67.95,91.8,0.0,-0.1,5,344.468,-0.218,-282.250
1649.4,68.15,91.8,0.0,-0.2,5,342.660,-0.237,-285.911
1662.9,68.28,91.9,0.0,-0.2,5,341.455,-0.250,-288.358
1662.9,68.47,91.9,0.0,-0.1,5,339.646,-0.272,-292.040
1662.9,68.60,92.0,0.0,-0.1,5,338.439,-0.287,-294.501
1662.9,68.79,92.0,0.0,-0.1,5,336.626,-0.309,-298.202
1676.6,68.90,92.1,0.0,-0.1,5,335.416,-0.328,-300.675
1676.6,69.08,92.1,0.0,-0.0,5,333.597,-0.354,-304.394
1676.6,69.21,92.2,0.0,-0.0,5,332.383,-0.368,-306.879
1676.6,69.39,92.2,0.0,-0.0,5,330.558,-0.388,-310.614
1690.4,69.51,92.3,0.0,-0.1,5,329.339,-0.404,-313.110
1690.4,69.69,92.3,0.0,-0.1,5,327.506,-0.430,-316.862
1690.4,69.82,92.3,0.0,-0.0,5,326.281,-0.446,-319.369
1690.4,69.99,92.4,0.0,0.0,0,324.441,-0.470,-323.137
1704.4,69.90,91.5,0.0,0.0,6,322.601,-0.494,-326.909
1704.4,70.02,91.5,0.0,0.0,6,321.374,-0.509,-329.423
1704.4,70.19,91.6,0.0,0.0,6,319.530,-0.533,-333.204
1704.4,70.30,91.6,0.0,-0.0,6,318.299,-0.549,-335.729
1718.4,70.47,91.6,0.0,-0.1,6,316.449,-0.573,-339.525
1718.4,70.58,91.7,0.0,-0.1,6,315.214,-0.589,-342.061
1718.4,70.75,91.7,0.0,-0.2,6,313.358,-0.614,-345.873
1718.4,70.86,91.8,0.0,-0.1,6,312.119,-0.630,-348.419
1732.5,71.02,91.8,0.0,-0.1,6,310.257,-0.654,-352.246
1732.5,71.13,91.8,0.0,0.0,6,309.015,-0.671,-354.803
1732.5,71.29,91.9,0.0,-0.0,6,307.149,-0.697,-358.646
1732.5,71.41,91.9,0.0,-0.1,6,305.903,-0.716,-361.214
1746.7,71.56,92.0,0.0,-0.2,6,304.032,-0.744,-365.072
1746.7,71.67,92.0,0.0,-0.1,6,302.783,-0.764,-367.650
1746.7,71.83,92.0,0.0,-0.1,6,300.906,-0.795,-371.524
1761.1,71.99,92.1,0.0,-0.1,6,299.027,-0.825,-375.408
1761.1,72.09,92.1,0.0,-0.1,6,297.773,-0.847,-378.002
1761.1,72.25,92.1,0.0,-0.1,6,295.889,-0.881,-381.900
1761.1,72.35,92.2,0.0,0.0,6,294.632,-0.903,-384.505
1775.5,72.51,92.2,0.0,0.0,6,292.743,-0.936,-388.418
1775.5,72.61,92.3,0.0,0.0,6,291.483,-0.957,-391.032
1775.5,72.77,92.3,0.0,-0.0,6,289.589,-0.990,-394.960
1775.5,72.86,92.3,0.0,-0.1,6,288.324,-1.011,-397.583
1790.1,73.02,92.4,0.0,-0.2,6,286.424,-1.045,-401.525
1790.1,73.12,92.4,0.0,-0.1,6,285.155,-1.069,-404.157
1790.1,73.26,92.4,0.0,0.1,6,283.247,-1.102,-408.112
1790.1,73.36,92.5,0.0,0.2,6,281.973,-1.120,-410.753
1804.7,73.51,92.5,0.0,0.1,6,280.059,-1.147,-414.721
1804.7,73.62,92.5,0.0,0.1,6,278.779,-1.167,-417.371
1804.7,73.75,92.5,0.0,0.1,6,276.856,-1.195,-421.351
1804.7,73.90,92.6,0.0,0.2,6,274.927,-1.223,-425.338
1819.5,74.00,92.6,0.0,0.3,6,273.638,-1.243,-428.001
1819.5,74.14,92.6,0.0,0.3,6,271.700,-1.273,-431.999
1819.5,74.23,92.7,0.0,0.3,6,270.405,-1.293,-434.669
1819.5,74.37,92.7,0.0,0.3,6,268.456,-1.323,-438.679
1834.3,74.47,92.7,0.0,0.3,6,267.154,-1.343,-441.355
1834.3,74.61,92.8,0.0,0.4,6,265.194,-1.373,-445.375
1834.3,74.70,92.8,0.0,0.4,6,263.884,-1.392,-448.058
1834.3,74.83,92.8,0.0,0.3,6,261.913,-1.420,-452.086
1849.3,74.92,92.9,0.0,0.3,6,260.594,-1.438,-454.775
1849.3,75.06,92.9,0.0,0.4,6,258.609,-1.464,-458.813
1849.3,75.15,92.9,0.0,0.5,6,257.281,-1.482,-461.508
1849.3,75.28,93.0,0.0,0.5,6,255.284,-1.508,-465.554
1864.3,75.37,93.0,0.0,0.4,6,253.947,-1.527,-468.255
1864.3,75.50,93.0,0.0,0.3,6,251.936,-1.553,-472.309
1864.3,75.64,93.0,0.0,0.4,6,249.915,-1.580,-476.368
1864.3,75.72,93.1,0.0,0.5,6,248.564,-1.598,-479.077
1879.4,75.85,93.1,0.0,0.6,6,246.530,-1.622,-483.143
1879.4,75.93,93.1,0.0,0.4,6,245.170,-1.639,-485.857
1879.4,76.06,93.2,0.0,0.2,6,243.123,-1.663,-489.931
1879.4,76.14,93.2,0.0,0.2,6,241.754,-1.678,-492.649
1894.6,76.27,93.2,0.0,0.1,6,239.693,-1.701,-496.731
1894.6,76.35,93.2,0.0,-0.0,6,238.315,-1.716,-499.454
1894.6,76.47,93.3,0.0,0.0,6,236.242,-1.739,-503.543
1894.6,76.56,93.3,0.0,0.2,6,234.857,-1.755,-506.272
1909.9,76.67,93.3,0.0,0.3,6,232.773,-1.778,-510.369
1909.9,76.75,93.3,0.0,0.3,6,231.381,-1.794,-513.103
1909.9,76.87,93.4,0.0,0.2,6,229.289,-1.817,-517.209
1909.9,76.99,93.4,0.0,0.2,6,227.189,-1.842,-521.319
1925.3,77.07,93.4,0.0,0.1,6,225.786,-1.859,-524.062
1925.3,77.18,93.4,0.0,0.1,6,223.677,-1.884,-528.181
1925.3,77.26,93.5,0.0,0.1,6,222.267,-1.898,-530.929
1925.3,77.38,93.5,0.0,0.0,6,220.149,-1.919,-535.056
1940.7,77.45,93.5,0.0,-0.1,6,218.734,-1.935,-537.810
1940.7,77.57,93.5,0.0,-0.3,6,216.610,-1.962,-541.947
1940.7,77.65,93.6,0.0,-0.4,6,215.192,-1.983,-544.708
1940.7,77.75,93.6,0.0,-0.6,6,213.064,-2.020,-548.856
1956.2,77.83,93.6,0.0,-0.5,6,211.646,-2.047,-551.625
1971.8,78.27,93.7,0.0,-0.4,6,203.153,-2.235,-568.319
1971.8,78.37,93.7,0.0,-0.3,6,201.038,-2.286,-572.514
1971.8,78.44,93.7,0.0,-0.4,6,199.630,-2.320,-575.316
1987.5,78.55,93.7,0.0,-0.6,6,197.521,-2.373,-579.527
1987.5,78.61,93.8,0.0,-0.6,0,196.117,-2.410,-582.339
1987.5,78.48,93.1,0.0,-0.4,7,194.017,-2.464,-586.557
1987.5,78.55,93.1,0.0,-0.2,7,192.622,-2.499,-589.370
2003.2,78.65,93.1,0.0,0.1,7,190.530,-2.551,-593.597
2003.2,78.73,93.1,0.0,0.2,7,189.137,-2.589,-596.419
2003.2,78.82,93.2,0.0,0.3,7,187.047,-2.647,-600.658
2003.2,78.92,93.2,0.0,0.4,7,184.955,-2.703,-604.902
2018.9,78.99,93.2,0.0,0.6,7,183.558,-2.741,-607.734
2018.9,79.09,93.2,0.0,1.0,7,181.458,-2.795,-611.986
2018.9,79.15,93.2,0.0,1.2,7,180.054,-2.829,-614.822
2018.9,79.26,93.2,0.0,1.4,7,177.940,-2.882,-619.078
2034.8,79.32,93.3,0.0,1.3,7,176.524,-2.916,-621.916
2034.8,79.41,93.3,0.0,1.1,7,174.388,-2.963,-626.171
2034.8,79.48,93.3,0.0,1.0,7,172.955,-2.991,-629.008
2034.8,79.57,93.3,0.0,0.9,7,170.793,-3.030,-633.260
2050.6,79.64,93.3,0.0,0.9,7,169.342,-3.055,-636.095
2050.6,79.73,93.4,0.0,0.9,7,167.153,-3.091,-640.345
2050.6,79.79,93.4,0.0,0.8,7,165.685,-3.112,-643.177
2050.6,79.88,93.4,0.0,0.7,7,163.470,-3.141,-647.424
2066.6,79.94,93.4,0.0,0.6,7,161.986,-3.157,-650.255
2066.6,80.03,93.4,0.0,0.5,7,159.749,-3.177,-654.501
2066.6,80.09,93.4,0.0,0.4,7,158.250,-3.188,-657.331
2066.6,80.18,93.5,0.0,0.5,7,155.992,-3.199,-661.575
2082.6,80.26,93.5,0.0,0.6,7,153.722,-3.205,-665.819
2082.6,80.32,93.5,0.0,0.7,7,152.204,-3.207,-668.649
2082.6,80.41,93.5,0.0,0.7,7,149.918,-3.207,-672.895
2082.6,80.47,93.5,0.0,0.5,7,148.388,-3.203,-675.726
2098.6,80.55,93.5,0.0,0.5,7,146.085,-3.196,-679.971
2098.6,80.60,93.6,0.0,0.5,7,144.543,-3.189,-682.802
2098.6,80.68,93.6,0.0,0.7,7,142.223,-3.174,-687.047
2098.6,80.74,93.6,0.0,0.7,7,140.670,-3.162,-689.877
2114.7,80.82,93.6,0.0,0.8,7,138.331,-3.139,-694.122
2114.7,80.87,93.6,0.0,1.5,7,136.766,-3.120,-696.951
2114.7,80.95,93.6,0.0,1.6,7,134.405,-3.089,-701.193
2114.7,81.00,93.6,0.0,1.4,7,132.823,-3.066,-704.019
2130.8,81.07,93.6,0.0,1.1,7,130.433,-3.027,-708.254
2130.8,81.12,93.6,0.0,1.1,7,128.830,-2.998,-711.073
2130.8,81.19,93.7,0.0,1.6,7,126.408,-2.950,-715.297
2147.0,81.26,93.7,0.0,2.2,7,123.965,-2.895,-719.514
2147.0,81.30,93.7,0.0,2.5,7,122.325,-2.854,-722.320
2147.0,81.38,93.7,0.0,2.8,7,119.843,-2.789,-726.522
2147.0,81.21,23.4,44.3,2.2,7,118.175,-2.742,-729.315
2163.2,80.23,0.0,77.0,2.0,7,115.669,-2.664,-733.465
2163.2,79.37,0.0,86.4,1.6,7,114.004,-2.608,-736.190
2163.2,77.95,0.0,90.0,1.2,7,111.526,-2.520,-740.209
2163.2,76.99,0.0,91.2,0.9,7,109.886,-2.459,-742.840
2178.7,75.53,0.0,91.1,0.8,7,107.448,-2.367,-746.714
2178.7,74.56,0.0,91.7,0.8,7,105.837,-2.305,-749.247
2178.7,73.12,0.0,91.8,1.7,0,103.443,-2.213,-752.977
2178.7,72.15,22.6,91.7,2.1,0,101.862,-2.152,-755.417
2193.4,70.75,0.0,93.7,3.0,6,99.511,-2.063,-759.005
2193.4,69.84,0.0,96.8,2.6,6,97.958,-2.011,-761.352
2193.4,68.25,0.0,87.5,0.6,6,95.653,-1.936,-764.795
2193.4,66.87,0.0,89.6,-0.2,6,93.362,-1.858,-768.141
2207.0,65.93,0.0,90.8,0.1,6,91.842,-1.807,-770.322
2207.0,64.52,30.8,90.0,-0.2,0,89.578,-1.733,-773.517
2207.0,63.60,0.0,89.7,0.7,5,88.079,-1.683,-775.596
2207.0,62.23,0.0,91.2,2.4,5,85.844,-1.609,-778.642
2219.7,61.29,0.0,90.4,2.8,5,84.368,-1.561,-780.624
2219.7,59.92,0.0,90.8,2.5,5,82.172,-1.492,-783.524
2219.7,58.98,0.0,89.9,2.4,5,80.722,-1.449,-785.409
2219.7,57.60,0.0,90.1,1.6,5,78.565,-1.387,-788.165
2231.4,56.71,0.0,87.3,1.4,5,77.139,-1.347,-789.954
2231.4,55.41,39.6,84.1,1.2,0,75.018,-1.289,-792.566
2231.4,54.60,0.0,89.0,1.4,4,73.612,-1.253,-794.261
2231.4,53.27,0.0,87.0,1.3,4,71.518,-1.201,-796.732
2242.2,52.41,0.0,76.8,1.1,4,70.133,-1.167,-798.330
2242.2,51.26,0.0,59.3,0.5,4,68.067,-1.117,-800.656
2242.2,50.37,0.0,32.4,-0.6,4,66.002,-1.068,-802.899
2242.2,49.92,0.0,21.1,-1.6,4,64.619,-1.035,-804.353
2252.3,49.42,0.0,11.5,-1.3,4,62.527,-0.987,-806.474
2252.3,49.18,0.0,9.5,1.1,4,61.116,-0.954,-807.852
2252.3,48.87,0.0,7.5,6.7,4,58.973,-0.905,-809.866
2252.3,48.67,0.0,7.3,10.8,4,57.528,-0.871,-811.177
2261.9,48.40,0.0,5.8,15.4,4,55.340,-0.821,-813.099
2261.9,48.23,0.0,5.4,16.8,4,53.868,-0.787,-814.352
2261.9,47.98,0.0,4.6,17.0,4,51.641,-0.739,-816.188
2261.9,47.81,0.0,4.5,16.1,4,50.142,-0.707,-817.381
2271.5,47.57,0.0,3.1,14.4,4,47.869,-0.660,-819.119
2271.5,47.41,0.0,2.0,13.9,4,46.337,-0.627,-820.242
2271.5,47.19,0.0,1.2,14.1,4,44.014,-0.580,-821.873
2271.5,47.05,0.0,0.7,14.9,4,42.450,-0.549,-822.925
2281.1,46.84,2.1,0.0,15.8,4,40.081,-0.503,-824.448
2281.1,46.66,8.5,0.0,16.9,4,37.683,-0.456,-825.903
2281.1,46.56,8.1,0.0,17.7,4,36.069,-0.424,-826.836
2281.1,46.39,9.1,0.0,18.3,4,33.625,-0.376,-828.180
2290.7,46.29,7.1,0.0,18.6,4,31.982,-0.345,-829.038
2290.7,46.12,7.4,0.0,17.8,4,29.498,-0.297,-830.268
2290.7,46.01,6.7,0.0,16.7,4,27.829,-0.266,-831.050
2290.7,45.85,9.3,0.0,15.8,4,25.309,-0.219,-832.165
2300.4,45.75,10.1,0.0,14.3,4,23.618,-0.187,-832.869
2300.4,45.61,11.3,0.0,14.6,4,21.066,-0.138,-833.867
2300.4,45.52,9.2,0.0,16.7,4,19.354,-0.105,-834.495
2300.4,45.37,5.8,0.0,19.3,4,16.776,-0.058,-835.383
2310.0,45.26,5.3,0.0,20.8,4,15.051,-0.028,-835.939
2310.0,45.09,7.5,0.0,21.7,4,12.455,0.017,-836.716
2310.0,44.98,7.4,0.0,18.9,4,10.718,0.047,-837.195
2310.0,44.82,5.1,0.0,17.9,4,8.106,0.094,-837.852
2319.5,44.64,3.1,0.0,17.9,4,5.487,0.143,-838.437
2319.5,44.52,2.8,0.0,18.1,4,3.738,0.174,-838.787
2319.5,44.33,2.2,0.0,18.1,4,1.114,0.220,-839.254
2319.5,44.20,2.6,0.0,18.1,4,-0.635,0.250,-839.525
2328.7,44.02,1.8,0.0,19.1,4,-3.259,0.295,-839.873
2328.7,43.89,2.4,0.0,20.2,4,-5.007,0.323,-840.065
2328.7,43.71,3.5,0.0,19.1,4,-7.625,0.365,-840.294
2328.7,43.59,3.1,0.0,17.3,4,-9.367,0.392,-840.408
2338.0,43.41,3.4,0.0,16.7,4,-11.974,0.430,-840.520
2338.0,43.35,34.1,0.0,16.6,4,-13.709,0.455,-840.556
2338.0,43.49,72.2,0.0,15.7,4,-16.312,0.491,-840.556
2338.0,43.59,34.6,16.5,15.3,4,-18.054,0.513,-840.520
2347.4,43.23,42.2,31.9,16.6,0,-20.658,0.544,-840.414
2347.4,42.88,0.0,12.7,17.8,3,-22.378,0.562,-840.310
2347.4,42.60,31.8,0.0,17.9,3,-24.932,0.588,-840.102
2356.6,42.85,85.7,0.0,18.3,3,-27.479,0.610,-839.830
2356.6,43.10,84.0,0.0,17.7,3,-29.184,0.623,-839.613
2356.6,43.46,81.9,0.0,16.6,3,-31.752,0.640,-839.233
2356.6,43.69,83.2,0.0,15.2,3,-33.470,0.651,-838.941
2365.9,44.04,85.2,0.0,14.9,3,-36.053,0.667,-838.443
2365.9,44.28,83.9,0.0,14.4,3,-37.780,0.678,-838.071
2365.9,44.63,82.3,0.0,14.9,3,-40.373,0.694,-837.452
2365.9,44.83,75.4,0.0,15.6,3,-42.103,0.705,-836.999
2375.4,45.10,68.4,0.0,17.1,3,-44.697,0.719,-836.258
2375.4,45.26,68.3,0.0,18.0,3,-46.423,0.728,-835.726
2375.4,45.51,74.0,0.0,20.6,3,-49.006,0.738,-834.868
2375.4,45.69,74.5,0.0,22.0,3,-50.724,0.744,-834.257
2385.0,45.97,76.6,0.0,23.8,3,-53.294,0.754,-833.278
2385.0,46.16,77.3,0.0,24.5,3,-55.001,0.760,-832.587
2385.0,46.45,81.3,0.0,24.2,3,-57.554,0.768,-831.492
2385.0,46.77,85.0,0.0,23.2,3,-60.096,0.772,-830.329
2394.7,46.98,87.0,0.0,22.2,3,-61.784,0.772,-829.515
2394.7,47.31,87.0,0.0,20.6,3,-64.306,0.772,-828.235
2394.7,47.52,87.5,0.0,20.0,3,-65.978,0.771,-827.341
2394.7,47.83,82.0,0.0,19.8,3,-68.472,0.767,-825.941
2404.4,48.00,78.1,0.0,19.8,3,-70.122,0.764,-824.967
2404.4,48.24,77.8,0.0,20.1,3,-72.577,0.757,-823.449
2404.4,48.40,81.9,0.0,20.7,3,-74.198,0.751,-822.397
2404.4,48.58,0.0,0.0,21.4,0,-76.606,0.741,-820.760
2414.1,48.50,67.8,0.0,21.8,4,-78.186,0.734,-819.633
2414.1,48.67,68.4,0.0,21.9,4,-80.522,0.722,-817.890
2414.1,48.77,57.6,0.0,22.3,4,-82.059,0.713,-816.692
2414.1,48.87,58.9,0.0,24.2,4,-84.330,0.697,-814.843
2423.8,48.98,74.5,0.0,25.5,4,-85.821,0.686,-813.576
2423.8,49.25,84.2,0.0,26.4,4,-88.027,0.667,-811.624
2423.8,49.48,71.6,0.0,27.1,4,-90.199,0.645,-809.610
2423.8,49.59,71.2,0.0,27.4,4,-91.625,0.629,-808.235
2433.5,49.82,84.0,0.0,25.5,4,-93.728,0.603,-806.122
2433.5,50.00,87.1,0.0,24.0,4,-95.107,0.585,-804.679
2433.5,50.27,87.3,0.0,22.5,4,-97.139,0.558,-802.461
2433.5,50.46,87.4,0.0,21.6,4,-98.469,0.538,-800.950
2443.2,50.72,87.5,0.0,20.4,4,-100.427,0.508,-798.631
2443.2,50.91,87.6,0.0,19.6,4,-101.705,0.486,-797.051
2443.2,51.19,87.8,0.0,19.2,4,-103.582,0.453,-794.632
2443.2,51.37,87.9,0.0,19.5,4,-104.807,0.429,-792.987
2453.1,51.66,88.0,0.0,19.6,4,-106.604,0.389,-790.473
2453.1,51.85,88.0,0.0,19.5,4,-107.775,0.360,-788.767
2453.1,52.13,88.1,0.0,19.6,4,-109.490,0.313,-786.163
2453.1,52.41,88.3,0.0,18.8,4,-111.156,0.264,-783.507
2463.2,52.60,88.4,0.0,17.7,4,-112.239,0.229,-781.708
2463.2,52.86,88.7,0.0,15.2,4,-113.827,0.172,-778.974
2463.2,53.04,88.7,0.0,10.8,4,-114.863,0.128,-777.127
2463.2,53.35,88.6,0.0,4.4,4,-116.379,0.060,-774.318
2473.7,53.55,88.8,0.0,1.8,4,-117.355,0.020,-772.417
2473.7,53.74,89.4,0.0,-3.9,4,-118.781,-0.041,-769.534
2473.7,53.79,0.0,0.0,-9.0,0,-119.721,-0.096,-767.601
2473.7,53.89,63.0,0.0,-13.8,5,-121.115,-0.199,-764.689
2484.6,54.02,87.3,0.0,-10.7,5,-122.026,-0.258,-762.735
2484.6,54.24,87.7,0.0,-3.6,5,-123.397,-0.342,-759.790
2484.6,54.50,87.6,0.0,0.3,5,-124.321,-0.406,-757.823
2484.6,54.75,87.6,0.0,1.0,5,-125.741,-0.506,-754.871
2495.6,54.94,87.9,0.0,-0.7,5,-126.709,-0.572,-752.904
2495.6,55.22,88.0,0.0,-3.0,5,-128.189,-0.670,-749.952
2495.6,55.49,88.0,0.0,-4.8,5,-129.697,-0.770,-746.995
2495.6,55.64,88.2,0.0,-5.0,5,-130.717,-0.839,-745.021
2506.8,55.93,88.3,0.0,-4.0,5,-132.271,-0.943,-742.058
2506.8,56.11,88.3,0.0,-3.4,5,-133.324,-1.014,-740.082
2506.8,56.38,88.5,0.0,-3.0,5,-134.931,-1.123,-737.116
2506.8,56.57,88.5,0.0,-3.0,5,-136.019,-1.198,-735.138
2518.3,56.84,88.6,0.0,-3.2,5,-137.676,-1.316,-732.169
2518.3,57.04,88.6,0.0,-3.3,5,-138.799,-1.398,-730.189
2518.3,57.31,88.8,0.0,-3.5,5,-140.507,-1.524,-727.218
2518.3,57.50,88.9,0.0,-3.6,5,-141.662,-1.612,-725.235
2530.0,57.77,89.0,0.0,-3.7,5,-143.418,-1.751,-722.260
2530.0,57.95,89.0,0.0,-3.2,5,-144.605,-1.846,-720.276
2530.0,58.22,89.1,0.0,-2.6,5,-146.412,-1.991,-717.300
2530.0,58.41,89.2,0.0,-2.4,5,-147.634,-2.089,-715.316
2541.6,58.68,89.3,0.0,-2.4,5,-149.490,-2.236,-712.338
2541.6,58.95,89.4,0.0,-2.5,5,-151.373,-2.383,-709.358
2541.6,59.13,89.4,0.0,-2.3,5,-152.644,-2.481,-707.370
2553.5,59.40,89.6,0.0,-2.0,5,-154.571,-2.623,-704.386
2553.5,59.58,89.6,0.0,-1.9,5,-155.870,-2.715,-702.394
2553.5,59.84,89.7,0.0,-1.9,5,-157.837,-2.852,-699.404
2553.5,60.03,89.8,0.0,-1.8,5,-159.161,-2.943,-697.408
2565.6,60.29,89.9,0.0,-1.8,5,-161.166,-3.075,-694.409
2565.6,60.46,89.9,0.0,-1.9,5,-162.514,-3.161,-692.408
2565.6,60.72,90.0,0.0,-1.8,5,-164.556,-3.283,-689.403
2565.6,60.90,90.1,0.0,-1.8,5,-165.929,-3.359,-687.397
2577.8,61.15,90.2,0.0,-1.6,5,-168.008,-3.464,-684.385
2577.8,61.32,90.2,0.0,-1.7,5,-169.406,-3.528,-682.375
2577.8,61.57,90.3,0.0,-1.5,5,-171.521,-3.615,-679.357
2577.8,61.74,90.3,0.0,-1.3,5,-172.943,-3.666,-677.343
2590.2,61.99,90.4,0.0,-1.1,5,-175.094,-3.732,-674.320
2590.2,62.24,90.5,0.0,-1.1,5,-177.267,-3.784,-671.293
2590.2,62.40,90.5,0.0,-1.1,5,-178.726,-3.814,-669.273
2590.2,62.64,90.6,0.0,-1.1,5,-180.930,-3.850,-666.238
2602.7,62.80,90.7,0.0,-1.1,5,-182.410,-3.871,-664.212
2602.7,63.04,90.8,0.0,-1.0,5,-184.643,-3.899,-661.169
2602.7,63.20,90.8,0.0,-1.0,5,-186.142,-3.917,-659.138
2602.7,63.43,90.9,0.0,-1.0,5,-188.403,-3.941,-656.086
2615.3,63.59,90.9,0.0,-1.0,5,-189.920,-3.955,-654.048
2615.3,63.82,91.0,0.0,-1.0,5,-192.209,-3.974,-650.987
2615.3,63.97,91.0,0.0,-1.0,5,-193.744,-3.984,-648.944
2615.3,64.20,91.1,0.0,-1.1,5,-196.059,-3.997,-645.874
2628.1,64.35,91.1,0.0,-0.9,5,-197.610,-4.002,-643.824
2628.1,64.57,91.2,0.0,-0.8,5,-199.951,-4.008,-640.746
2628.1,64.79,91.3,0.0,-0.8,5,-202.307,-4.009,-637.663
2628.1,64.94,91.3,0.0,-0.8,5,-203.885,-4.007,-635.604
2641.0,65.15,91.4,0.0,-0.8,5,-206.266,-3.999,-632.512
2641.0,65.29,91.4,0.0,-0.9,5,-207.861,-3.989,-630.448
2641.0,65.51,91.5,0.0,-1.1,5,-210.266,-3.970,-627.348
2641.0,65.65,91.5,0.0,-1.7,5,-211.877,-3.955,-625.279
2654.0,65.86,91.6,0.0,-2.5,5,-214.309,-3.934,-622.172
2654.0,66.00,91.6,0.0,-3.7,5,-215.940,-3.919,-620.101
2654.0,66.20,91.7,0.0,-4.0,5,-218.406,-3.897,-616.995
2654.0,66.33,91.7,0.0,-2.5,5,-220.066,-3.883,-614.929
2667.2,66.54,91.8,0.0,-0.7,5,-222.580,-3.865,-611.836
2667.2,66.67,91.8,0.0,-0.5,5,-224.270,-3.856,-609.778
2667.2,66.87,91.9,0.0,-1.1,5,-226.825,-3.847,-606.692
2667.2,67.09,91.9,0.0,-1.4,5,-229.399,-3.845,-603.605
2680.5,67.22,92.0,0.0,-1.3,5,-231.124,-3.846,-601.547
2680.5,67.39,74.2,17.3,-0.9,5,-233.726,-3.852,-598.458
2680.5,67.15,8.6,58.1,-0.9,5,-235.465,-3.859,-596.402
2680.5,66.13,0.0,79.3,-0.8,5,-238.056,-3.875,-593.351
2694.0,65.30,0.0,85.5,-0.7,5,-239.762,-3.889,-591.349
2694.0,63.99,0.0,89.6,-0.2,5,-242.285,-3.915,-588.400
2694.0,63.05,0.0,89.1,0.0,5,-243.941,-3.935,-586.470
2694.0,61.70,0.0,90.0,0.2,5,-246.386,-3.968,-583.633
2706.8,60.81,0.0,91.4,0.3,5,-247.989,-3.993,-581.778
2706.8,59.41,0.0,89.7,0.3,5,-250.354,-4.032,-579.052
2706.8,58.07,0.0,90.4,0.7,5,-252.669,-4.071,-576.392
2706.8,57.16,0.0,90.3,0.7,5,-254.186,-4.097,-574.655
2718.6,55.80,0.0,90.0,0.5,5,-256.421,-4.136,-572.103
2718.6,54.93,41.9,91.2,0.4,0,-257.883,-4.161,-570.438
2718.6,53.61,0.0,92.2,0.2,4,-260.037,-4.200,-567.992
2718.6,52.71,0.0,91.7,-0.2,4,-261.445,-4.226,-566.397
2729.5,51.35,0.0,90.9,-0.2,4,-263.516,-4.266,-564.058
2729.5,50.48,0.0,91.0,-1.1,4,-264.870,-4.293,-562.534
2729.5,49.15,0.0,91.0,-1.7,4,-266.861,-4.334,-560.301
2729.5,48.27,0.0,91.1,-2.5,4,-268.161,-4.362,-558.847
2739.5,46.90,0.0,89.0,-3.2,4,-270.072,-4.401,-556.722
2739.5,46.05,0.0,88.9,-4.3,4,-271.320,-4.425,-555.342
2739.5,44.77,41.2,88.1,-4.3,0,-273.159,-4.460,-553.329
2739.5,43.96,0.0,88.7,-3.2,3,-274.364,-4.482,-552.025
2748.6,42.69,0.0,86.8,-0.1,3,-276.142,-4.515,-550.125
2748.6,41.47,0.0,86.0,2.3,3,-277.880,-4.546,-548.291
2748.6,40.65,0.0,84.9,3.8,3,-279.018,-4.567,-547.105
2756.9,39.43,0.0,82.8,4.6,0,-280.694,-4.597,-545.380
2756.9,38.69,39.5,82.5,3.3,0,-281.792,-4.615,-544.266
2756.9,37.54,0.0,76.2,-0.8,2,-283.414,-4.642,-542.652
2756.9,36.80,0.0,69.7,-3.5,2,-284.480,-4.659,-541.612
2764.4,35.76,0.0,61.9,-5.6,2,-286.056,-4.685,-540.109
2764.4,35.12,0.0,58.7,-5.2,2,-287.096,-4.701,-539.144
2764.4,34.23,0.0,57.4,-4.8,2,-288.643,-4.725,-537.750
2764.4,33.65,0.0,56.6,-4.9,2,-289.666,-4.741,-536.856
2771.2,32.77,0.0,58.3,-5.3,2,-291.189,-4.765,-535.569
2771.2,32.17,0.0,59.0,-5.0,2,-292.196,-4.779,-534.747
2771.2,31.26,0.0,58.4,-4.6,2,-293.691,-4.801,-533.566
2771.2,30.68,0.0,53.2,-4.3,2,-294.677,-4.814,-532.815
2777.4,29.85,0.0,45.6,-4.1,2,-296.141,-4.833,-531.739
2777.4,29.35,0.0,41.9,-3.8,2,-297.109,-4.844,-531.055
2777.4,28.66,0.0,37.3,-6.0,2,-298.552,-4.860,-530.081
2777.4,28.05,0.0,35.5,-11.2,2,-299.987,-4.874,-529.165
2782.9,27.67,49.5,35.3,-15.1,0,-300.940,-4.883,-528.586
2782.9,27.10,0.0,34.5,-18.1,1,-302.363,-4.894,-527.760
2782.9,26.71,0.0,31.6,-19.5,1,-303.305,-4.901,-527.239
2782.9,26.16,0.0,29.5,-21.5,1,-304.709,-4.911,-526.498
2788.0,25.81,0.0,28.8,-22.4,1,-305.638,-4.916,-526.032
2788.0,25.29,0.0,25.9,-22.3,1,-307.024,-4.924,-525.374
2788.0,24.98,0.0,21.3,-22.5,1,-307.943,-4.929,-524.963
2788.0,24.57,0.0,18.4,-25.2,1,-309.314,-4.935,-524.388
2792.9,24.32,0.0,17.4,-26.7,1,-310.225,-4.938,-524.032
2792.9,23.96,0.0,12.8,-28.7,1,-311.587,-4.941,-523.540
2792.9,23.76,0.0,10.8,-29.7,1,-312.493,-4.942,-523.239
2792.9,23.48,0.0,10.2,-31.0,1,-313.850,-4.942,-522.830
2798.1,23.29,0.0,8.5,-29.6,1,-314.753,-4.941,-522.584
2798.1,23.05,0.0,6.5,-28.8,1,-316.105,-4.938,-522.256
2798.1,22.82,0.0,6.2,-30.4,1,-317.452,-4.933,-521.974
2798.1,22.65,0.0,6.0,-34.5,1,-318.347,-4.929,-521.812
2804.9,22.46,12.8,0.0,-38.1,1,-319.685,-4.919,-521.610
2804.9,22.53,35.9,0.0,-36.0,1,-320.577,-4.912,-521.503
2804.9,22.76,52.0,0.0,-32.2,1,-321.930,-4.902,-521.379
2804.9,23.02,69.3,0.0,-27.7,1,-322.844,-4.898,-521.316
2810.4,23.36,31.9,0.0,-19.8,1,-324.235,-4.895,-521.254
2810.4,23.42,11.7,5.8,-20.4,1,-325.170,-4.893,-521.237
2810.4,23.24,0.0,15.6,-26.0,1,-326.571,-4.895,-521.246
2810.4,22.96,0.0,9.2,-30.0,1,-327.496,-4.899,-521.276
2815.7,22.71,0.0,3.1,-32.7,1,-328.862,-4.894,-521.371
2815.7,22.60,0.0,0.6,-34.6,1,-329.764,-4.889,-521.460
2815.7,22.45,2.0,0.0,-37.9,1,-331.104,-4.882,-521.631
2815.7,22.35,16.4,0.0,-42.5,1,-332.430,-4.874,-521.846
2820.4,22.39,32.3,0.0,-45.1,1,-333.309,-4.870,-522.016
2820.4,22.60,46.0,0.0,-45.8,1,-334.624,-4.861,-522.314
2820.4,22.79,51.5,0.0,-45.7,1,-335.502,-4.855,-522.541
2820.4,23.14,66.2,0.0,-46.3,1,-336.823,-4.843,-522.927
2825.0,23.58,54.6,0.0,-46.2,1,-338.153,-4.829,-523.368
2825.0,23.79,51.4,0.0,-44.0,1,-339.042,-4.819,-523.693
2825.0,24.04,43.5,0.0,-37.5,1,-340.372,-4.802,-524.231
2825.0,24.21,50.7,0.0,-32.6,1,-341.253,-4.790,-524.621
2829.7,24.48,50.3,0.0,-28.7,1,-342.568,-4.771,-525.256
2829.7,24.68,53.3,0.0,-26.7,1,-343.439,-4.757,-525.711
2829.7,25.02,53.7,0.0,-22.4,1,-344.739,-4.737,-526.440
2834.6,25.40,62.0,0.0,-17.2,1,-346.030,-4.717,-527.225
2834.6,25.70,65.8,0.0,-11.1,1,-346.889,-4.703,-527.778
2834.6,26.21,72.8,0.0,-0.2,1,-348.178,-4.682,-528.649
2834.6,26.61,79.3,0.0,5.9,1,-349.043,-4.668,-529.253
2839.7,27.26,77.7,0.0,8.7,1,-350.358,-4.646,-530.191
2839.7,27.66,65.9,0.0,14.1,1,-351.248,-4.632,-530.833
2839.7,28.03,46.7,0.0,16.3,1,-352.608,-4.610,-531.804
2839.7,28.19,39.3,0.0,18.0,1,-353.529,-4.595,-532.448
2845.3,28.36,30.5,0.0,13.4,1,-354.934,-4.574,-533.399
2851.1,28.83,23.1,0.0,23.6,1,-360.788,-4.501,-536.990
2851.1,28.85,23.8,0.0,25.3,1,-361.800,-4.491,-537.543
2851.1,28.90,19.1,0.0,25.8,1,-363.338,-4.477,-538.340
2851.1,28.88,15.1,0.0,25.5,1,-364.376,-4.469,-538.848
2857.0,28.84,17.0,0.0,25.3,1,-365.949,-4.458,-539.573
2857.0,28.83,17.2,0.0,28.5,1,-367.008,-4.452,-540.030
2857.0,28.78,20.5,0.0,37.0,1,-368.612,-4.444,-540.674
2857.0,28.78,21.4,0.0,41.2,1,-369.691,-4.440,-541.074
2863.2,28.76,24.4,0.0,45.7,1,-371.325,-4.435,-541.630
2863.2,28.80,36.5,0.0,48.5,1,-372.426,-4.433,-541.967
2863.2,28.97,43.0,0.0,51.2,1,-374.093,-4.435,-542.434
2863.2,29.09,49.3,0.0,53.5,1,-375.220,-4.437,-542.715
2870.5,29.30,50.1,0.0,50.6,1,-376.932,-4.438,-543.084
2870.5,29.42,38.4,0.0,47.7,1,-378.087,-4.437,-543.295
2870.5,29.52,40.8,0.0,47.4,1,-379.835,-4.436,-543.558
2877.2,29.59,29.9,0.0,45.6,1,-381.596,-4.437,-543.759
2877.2,29.58,19.1,0.0,45.3,1,-382.776,-4.441,-543.861
2877.2,29.49,22.2,0.0,45.3,1,-384.546,-4.446,-543.955
2877.2,29.42,17.9,0.0,45.7,1,-385.724,-4.449,-543.978
2884.9,29.27,15.6,0.0,47.4,1,-387.484,-4.451,-543.953
2891.3,28.79,22.5,0.0,70.9,1,-395.517,-4.465,-542.923
2891.3,28.70,15.1,0.0,76.4,1,-397.193,-4.467,-542.514
2891.3,28.61,13.8,0.0,75.6,1,-398.299,-4.469,-542.212
2897.5,28.46,14.4,0.0,69.3,1,-399.938,-4.472,-541.716
2897.5,28.39,16.5,0.0,61.7,1,-401.016,-4.475,-541.355
2897.5,28.36,27.4,0.0,47.5,1,-402.614,-4.481,-540.768
2897.5,28.44,45.7,0.0,36.8,1,-403.667,-4.486,-540.345
2903.2,28.73,42.2,0.0,18.6,1,-405.239,-4.497,-539.660
2903.2,28.89,47.4,0.0,7.6,1,-406.282,-4.505,-539.172
2903.2,29.23,54.8,0.0,-3.2,1,-407.841,-4.519,-538.395
2909.0,29.69,72.4,0.0,-4.8,1,-409.403,-4.534,-537.570
2909.0,30.07,74.9,0.0,-1.8,1,-410.450,-4.545,-536.995
2909.0,30.64,74.8,0.0,5.0,1,-412.032,-4.564,-536.096
2909.0,31.00,75.5,0.0,9.4,1,-413.096,-4.578,-535.475
2914.9,31.56,78.3,0.0,13.7,1,-414.703,-4.601,-534.509
2914.9,31.92,79.6,0.0,15.2,1,-415.782,-4.617,-533.841
2914.9,32.48,81.8,0.0,16.4,1,-417.410,-4.642,-532.802
2914.9,32.84,84.1,0.0,16.7,0,-418.499,-4.660,-532.082
2921.1,32.89,83.8,0.0,16.7,2,-420.123,-4.688,-530.964
2921.1,33.22,84.0,0.0,17.6,2,-421.196,-4.706,-530.193
2921.1,33.75,84.3,0.0,17.0,2,-422.805,-4.734,-528.991
2921.1,34.09,84.8,0.0,16.1,2,-423.875,-4.752,-528.159
2927.6,34.61,84.7,0.0,15.2,2,-425.475,-4.778,-526.861
2927.6,34.97,85.3,0.0,13.9,2,-426.537,-4.795,-525.963
2927.6,35.48,85.6,0.0,12.0,2,-428.122,-4.819,-524.567
2927.6,36.02,85.8,0.0,9.4,2,-429.696,-4.842,-523.113
2934.6,36.35,85.8,0.0,8.4,2,-430.739,-4.856,-522.111
2934.6,36.89,85.9,0.0,7.7,2,-432.295,-4.877,-520.561
2934.6,37.24,86.0,0.0,8.1,2,-433.325,-4.890,-519.496
2934.6,37.76,86.2,0.0,8.4,2,-434.863,-4.909,-517.854
2941.9,38.11,86.2,0.0,8.7,2,-435.882,-4.922,-516.732
2941.9,38.63,86.3,0.0,10.5,2,-437.405,-4.941,-515.007
2941.9,38.96,86.4,0.0,12.3,2,-438.416,-4.953,-513.830
2941.9,39.43,81.4,0.0,14.2,2,-439.922,-4.971,-512.024
2949.5,39.72,75.3,0.0,14.9,2,-440.917,-4.983,-510.794
2949.5,40.08,77.7,0.0,14.8,2,-442.392,-5.000,-508.909
2949.5,40.38,84.5,0.0,14.3,2,-443.362,-5.010,-507.625
2949.5,40.51,0.0,0.0,13.4,0,-444.794,-5.024,-505.663
2957.4,40.63,85.1,0.0,12.4,3,-445.724,-5.033,-504.335
2957.4,41.04,85.2,0.0,11.7,3,-447.094,-5.042,-502.305
2957.4,41.45,85.4,0.0,11.9,3,-448.433,-5.049,-500.226
2957.4,41.71,85.6,0.0,12.6,3,-449.309,-5.053,-498.813
2965.4,42.10,85.4,0.0,12.9,3,-450.596,-5.059,-496.655
2965.4,42.33,83.3,0.0,12.9,3,-451.433,-5.062,-495.189
2965.4,42.64,74.5,0.0,12.5,3,-452.658,-5.065,-492.953
2965.4,42.90,85.1,0.0,12.1,3,-453.451,-5.067,-491.438
2973.7,43.26,64.9,0.0,10.2,3,-454.611,-5.073,-489.128
2973.7,43.46,82.6,0.0,8.8,3,-455.359,-5.078,-487.563
2973.7,43.84,85.9,0.0,8.4,3,-456.443,-5.086,-485.180
2973.7,44.09,86.0,0.0,8.2,3,-457.141,-5.092,-483.566
2982.1,44.48,86.2,0.0,7.9,3,-458.149,-5.105,-481.108
2982.1,44.75,86.2,0.0,8.2,3,-458.795,-5.116,-479.446
2982.1,45.13,86.3,0.0,9.6,3,-459.724,-5.135,-476.916
2982.1,45.38,86.4,0.0,10.9,3,-460.316,-5.149,-475.206
2990.7,45.76,86.4,0.0,12.1,3,-461.163,-5.174,-472.607
2990.7,46.15,86.5,0.0,13.0,3,-461.960,-5.202,-469.969
2990.7,46.39,86.6,0.0,14.0,3,-462.462,-5.222,-468.188
2990.7,46.76,86.7,0.0,14.8,3,-463.172,-5.255,-465.486
2999.7,47.01,86.7,0.0,15.1,3,-463.615,-5.278,-463.664
2999.7,47.37,86.8,0.0,15.5,3,-464.235,-5.315,-460.902
2999.7,47.61,86.8,0.0,15.3,3,-464.616,-5.341,-459.042
2999.7,47.95,86.9,0.0,14.2,3,-465.139,-5.382,-456.224
3009.1,48.18,86.9,0.0,13.4,3,-465.454,-5.409,-454.328
3009.1,48.52,87.0,0.0,12.4,3,-465.872,-5.450,-451.459
3009.1,48.75,87.0,0.0,12.4,3,-466.115,-5.477,-449.529
3009.1,49.09,87.1,0.0,13.9,0,-466.426,-5.516,-446.611
3018.6,49.05,0.0,0.0,13.8,0,-466.596,-5.542,-444.655
3018.6,49.25,85.2,0.0,12.9,4,-466.794,-5.582,-441.716
3018.6,49.57,85.4,0.0,12.5,4,-466.931,-5.621,-438.756
3018.6,49.79,85.5,0.0,14.6,4,-466.989,-5.647,-436.770
3028.4,50.09,85.7,0.0,17.4,4,-467.026,-5.687,-433.775
3028.4,50.29,85.8,0.0,18.2,4,-467.017,-5.713,-431.768
3028.4,50.59,86.0,0.0,17.9,4,-466.947,-5.750,-428.743
3028.4,50.78,86.2,0.0,17.2,4,-466.863,-5.774,-426.717
3038.5,51.06,86.5,0.0,15.5,4,-466.676,-5.808,-423.668
3038.5,51.25,86.5,0.0,13.1,4,-466.510,-5.829,-421.629
3038.5,51.54,86.7,0.0,10.4,4,-466.198,-5.857,-418.562
3038.5,51.72,86.8,0.0,9.2,4,-465.947,-5.873,-416.513
3049.6,52.01,86.9,0.0,8.9,4,-465.507,-5.896,-413.433
3049.6,52.17,87.1,0.0,9.2,4,-465.171,-5.909,-411.377
3049.6,52.45,87.3,0.0,9.9,4,-464.606,-5.929,-408.290
3049.6,52.62,87.4,0.0,10.5,4,-464.192,-5.944,-406.230
3060.8,52.89,68.6,0.0,11.1,4,-463.522,-5.975,-403.137
3060.8,53.11,86.6,0.0,11.7,4,-462.784,-6.012,-400.046
3060.8,53.27,87.6,0.0,12.6,4,-462.249,-6.035,-397.988
3071.9,53.53,87.7,0.0,14.3,4,-461.378,-6.067,-394.905
3071.9,53.71,87.7,0.0,15.4,4,-460.751,-6.085,-392.854
3071.9,53.97,87.9,0.0,16.5,4,-459.745,-6.107,-389.785
3071.9,54.16,88.0,0.0,16.3,4,-459.033,-6.120,-387.743
3082.8,54.44,88.1,0.0,14.8,4,-457.906,-6.140,-384.687
3082.8,54.61,88.2,0.0,13.4,4,-457.116,-6.153,-382.655
3082.8,54.89,88.3,0.0,10.6,4,-455.873,-6.171,-379.614
3082.8,55.08,88.3,0.0,8.9,4,-455.005,-6.181,-377.594
3093.7,55.36,88.5,0.0,8.0,4,-453.646,-6.193,-374.573
3093.7,55.56,88.6,0.0,8.3,4,-452.705,-6.199,-372.565
3093.7,55.84,88.6,0.0,8.3,4,-451.246,-6.210,-369.559
3093.7,56.14,88.8,0.0,8.1,4,-449.732,-6.222,-366.561
3104.6,56.33,88.8,0.0,7.9,4,-448.694,-6.232,-364.566
3104.6,56.61,89.0,0.0,7.3,4,-447.092,-6.245,-361.582
3104.6,56.80,89.0,0.0,7.3,4,-445.995,-6.253,-359.597
3104.6,57.09,89.1,0.0,7.3,4,-444.307,-6.266,-356.627
3115.9,57.26,89.3,0.0,7.4,4,-443.153,-6.274,-354.653
3115.9,57.55,89.3,0.0,7.5,4,-441.379,-6.284,-351.701
3115.9,57.74,89.4,0.0,8.2,4,-440.169,-6.290,-349.739
3115.9,58.01,89.5,0.0,8.7,4,-438.313,-6.298,-346.804
3127.3,58.19,89.6,0.0,8.3,4,-437.049,-6.304,-344.855
3127.3,58.44,89.7,0.0,7.0,4,-435.111,-6.312,-341.942
3127.3,58.63,89.7,0.0,5.9,4,-433.790,-6.315,-340.009
3127.3,58.78,0.0,0.0,4.4,0,-431.770,-6.317,-337.123
3139.0,58.71,88.5,0.0,3.0,5,-430.403,-6.322,-335.212
3139.0,58.96,88.5,0.0,1.8,5,-428.317,-6.321,-332.366
3139.0,59.20,88.7,0.0,2.5,5,-426.191,-6.314,-329.531
3139.0,59.38,88.7,0.0,2.4,5,-424.754,-6.307,-327.644
3150.8,59.62,88.8,0.0,1.6,5,-422.578,-6.298,-324.814
3150.8,59.79,88.9,0.0,1.0,5,-421.114,-6.288,-322.928
3150.8,60.05,88.9,0.0,0.0,5,-418.900,-6.274,-320.096
3150.8,60.22,89.1,0.0,-0.5,5,-417.414,-6.265,-318.206
3162.8,60.47,89.1,0.0,-0.8,5,-415.173,-6.252,-315.363
3162.8,60.62,89.2,0.0,-0.8,5,-413.673,-6.243,-313.462
3162.8,60.87,89.3,0.0,-0.8,5,-411.418,-6.229,-310.599
3162.8,61.03,89.3,0.0,-1.1,5,-409.912,-6.219,-308.682
3175.1,61.27,89.4,0.0,-1.2,5,-407.652,-6.204,-305.793
3175.1,61.43,89.5,0.0,-1.2,5,-406.144,-6.194,-303.857
3175.1,61.66,89.6,0.0,-1.1,5,-403.882,-6.177,-300.939
3175.1,61.90,89.7,0.0,-1.0,5,-401.620,-6.159,-298.002
3187.4,62.06,89.7,0.0,-0.9,5,-400.112,-6.147,-296.035
3187.4,62.30,89.8,0.0,-0.8,5,-397.850,-6.128,-293.069
3187.4,62.45,89.9,0.0,-0.8,5,-396.342,-6.115,-291.082
3187.4,62.68,90.0,0.0,-0.7,5,-394.078,-6.095,-288.088
3199.8,62.83,90.1,0.0,-0.7,5,-392.567,-6.081,-286.084
3199.8,63.07,90.1,0.0,-0.5,5,-390.300,-6.060,-283.064
3199.8,63.22,90.2,0.0,-0.5,5,-388.787,-6.047,-281.042
3199.8,63.44,90.2,0.0,-0.5,5,-386.516,-6.026,-277.996
3212.4,63.59,90.3,0.0,-0.5,5,-384.999,-6.011,-275.958
3212.4,63.81,90.4,0.0,-0.4,5,-382.722,-5.986,-272.889
3212.4,63.96,90.4,0.0,-0.3,5,-381.201,-5.968,-270.836
3212.4,64.18,90.5,0.0,-0.2,5,-378.916,-5.941,-267.745
3225.2,64.33,90.6,0.0,-0.2,5,-377.390,-5.923,-265.677
3225.2,64.55,90.6,0.0,-0.2,5,-375.097,-5.896,-262.565
3225.2,64.77,90.7,0.0,-0.2,5,-372.797,-5.869,-259.440
3225.2,64.91,90.8,0.0,-0.0,5,-371.261,-5.850,-257.351
3238.2,65.12,90.8,0.0,0.2,5,-368.952,-5.817,-254.208
3238.2,65.26,90.9,0.0,0.3,5,-367.409,-5.794,-252.106
3238.2,65.47,90.9,0.0,0.5,5,-365.089,-5.759,-248.945
3238.2,65.61,91.0,0.0,0.6,5,-363.537,-5.735,-246.832
3251.2,65.82,91.1,0.0,0.4,5,-361.201,-5.696,-243.657
3251.2,65.96,91.1,0.0,0.4,5,-359.638,-5.669,-241.535
3251.2,66.16,91.2,0.0,0.3,5,-357.283,-5.625,-238.347
3251.2,66.30,91.2,0.0,0.4,5,-355.708,-5.594,-236.218
3264.4,66.50,91.3,0.0,0.4,5,-353.335,-5.550,-233.019
3264.4,66.63,91.3,0.0,0.1,5,-351.747,-5.520,-230.882
3264.4,66.83,91.4,0.0,0.0,5,-349.357,-5.479,-227.671
3264.4,66.97,91.4,0.0,-0.1,5,-347.757,-5.455,-225.526
3277.8,67.16,91.5,0.0,-0.0,5,-345.349,-5.418,-222.303
3277.8,67.35,91.6,0.0,0.2,5,-342.931,-5.377,-219.073
3277.8,67.48,91.6,0.0,0.3,5,-341.315,-5.349,-216.915
3291.2,67.67,91.7,0.0,0.2,5,-338.884,-5.305,-213.670
3291.2,67.80,91.7,0.0,0.0,5,-337.259,-5.274,-211.503
3291.2,67.98,91.8,0.0,-0.3,5,-334.815,-5.227,-208.245
3291.2,68.11,91.8,0.0,-0.3,5,-333.181,-5.196,-206.068
3304.8,68.29,91.9,0.0,-0.3,5,-330.724,-5.149,-202.797
3304.8,68.41,91.9,0.0,-0.3,5,-329.082,-5.116,-200.611
3304.8,68.60,92.0,0.0,-0.2,5,-326.615,-5.065,-197.324
3304.8,68.72,92.0,0.0,-0.2,5,-324.967,-5.030,-195.128
3318.5,68.89,92.1,0.0,-0.2,5,-322.491,-4.975,-191.825
3318.5,69.01,92.1,0.0,-0.2,5,-320.837,-4.938,-189.618
3318.5,69.19,92.2,0.0,-0.2,5,-318.353,-4.883,-186.300
3318.5,69.36,92.2,0.0,-0.1,5,-315.865,-4.828,-182.971
3332.4,69.47,92.2,0.0,-0.1,5,-314.204,-4.790,-180.747
3332.4,69.64,92.3,0.0,-0.2,5,-311.709,-4.735,-177.402
3332.4,69.75,92.4,0.0,-0.3,5,-310.044,-4.698,-175.167
3332.4,69.91,92.4,0.0,-0.3,0,-307.543,-4.643,-171.806
3346.3,69.84,0.0,0.0,-0.2,0,-305.875,-4.606,-169.562
3346.3,69.94,91.5,0.0,-0.1,6,-303.377,-4.549,-166.197
3346.3,70.03,91.6,0.0,0.0,6,-301.710,-4.510,-163.949
3346.3,70.20,91.6,0.0,0.0,6,-299.208,-4.452,-160.568
3360.3,70.30,91.6,0.0,-0.0,6,-297.538,-4.412,-158.308
3360.3,70.46,91.7,0.0,-0.2,6,-295.031,-4.352,-154.911
3360.3,70.57,91.7,0.0,-0.3,6,-293.357,-4.312,-152.641
3360.3,70.73,91.7,0.0,-0.3,6,-290.844,-4.251,-149.229
3374.5,70.83,91.8,0.0,-0.3,6,-289.168,-4.211,-146.948
3374.5,70.98,91.8,0.0,-0.1,6,-286.651,-4.150,-143.519
3374.5,71.13,91.9,0.0,-0.0,6,-284.131,-4.089,-140.081
3374.5,71.24,91.9,0.0,-0.0,6,-282.449,-4.049,-137.784
3388.7,71.39,91.9,0.0,0.1,6,-279.924,-3.990,-134.331
3388.7,71.49,92.0,0.0,0.2,6,-278.238,-3.950,-132.024
3388.7,71.63,92.0,0.0,0.3,6,-275.704,-3.889,-128.559
3388.7,71.73,92.0,0.0,0.3,6,-274.013,-3.848,-126.244
3403.0,71.88,92.1,0.0,0.9,6,-271.470,-3.786,-122.767
3403.0,71.99,92.1,0.0,0.6,6,-269.770,-3.744,-120.446
3403.0,72.13,92.2,0.0,1.2,6,-267.213,-3.681,-116.961
3403.0,72.22,92.2,0.0,1.2,6,-265.502,-3.640,-114.636
3417.4,72.37,92.2,0.0,0.4,6,-262.926,-3.578,-111.146
3417.4,72.46,92.2,0.0,-0.7,6,-261.202,-3.535,-108.820
3417.4,72.60,92.3,0.0,-1.4,6,-258.608,-3.469,-105.326
3417.4,72.74,92.3,0.0,-1.1,6,-256.012,-3.403,-101.824
3432.0,72.84,92.3,0.0,-0.8,6,-254.282,-3.358,-99.483
3432.0,72.97,92.4,0.0,-0.5,6,-251.690,-3.290,-95.960
3432.0,73.06,92.4,0.0,-0.6,6,-249.965,-3.245,-93.604
3432.0,73.21,92.4,0.0,-0.7,6,-247.379,-3.180,-90.059
3446.6,73.30,92.5,0.0,-0.7,6,-245.657,-3.136,-87.689
3446.6,73.44,92.5,0.0,-0.2,6,-243.076,-3.073,-84.124
3446.6,73.52,92.6,0.0,0.4,6,-241.356,-3.029,-81.741
3446.6,73.65,92.6,0.0,1.3,6,-238.776,-2.966,-78.159
3461.3,73.75,92.6,0.0,1.6,6,-237.054,-2.924,-75.767
3461.3,73.87,92.6,0.0,0.7,6,-234.461,-2.860,-72.178
3461.3,73.97,92.7,0.0,0.9,6,-232.725,-2.817,-69.785
3461.3,74.10,92.7,0.0,2.4,6,-230.107,-2.753,-66.198
3476.1,73.99,31.9,55.2,3.5,6,-228.352,-2.708,-63.811
3476.1,72.95,0.0,80.9,4.4,6,-225.723,-2.640,-60.266
3476.1,72.07,0.0,86.9,4.0,6,-223.982,-2.595,-57.944
3476.1,70.67,0.0,89.0,2.8,6,-221.389,-2.526,-54.533
3490.6,69.34,0.0,61.1,2.7,6,-218.816,-2.457,-51.212
3490.6,68.65,0.0,45.1,3.1,6,-217.106,-2.413,-49.045
3490.6,67.87,0.0,31.0,4.6,6,-214.536,-2.348,-45.857
3490.6,67.44,0.0,22.6,6.6,6,-212.812,-2.305,-43.770
3504.2,66.93,0.0,10.9,8.0,6,-210.207,-2.240,-40.694
3504.2,66.69,0.0,4.8,5.9,6,-208.453,-2.198,-38.678
3504.2,66.40,2.4,0.2,7.6,6,-205.791,-2.135,-35.703
3504.2,66.26,14.9,0.0,8.2,6,-203.993,-2.091,-33.751
3517.5,66.10,21.4,0.0,8.5,6,-201.261,-2.027,-30.870
3517.5,65.99,17.6,0.0,8.0,6,-199.416,-1.985,-28.979
3517.5,65.76,7.0,24.5,10.8,6,-196.614,-1.922,-26.190
3517.5,65.41,0.0,84.5,10.4,6,-194.726,-1.879,-24.368
3530.4,64.36,0.0,25.4,9.2,6,-191.885,-1.814,-21.703
3530.4,64.02,47.3,1.4,7.7,6,-189.987,-1.770,-19.976
3530.4,64.10,88.5,0.0,8.5,6,-187.105,-1.707,-17.436
3543.1,64.24,88.5,0.0,12.2,6,-184.170,-1.648,-14.945
3543.1,64.34,87.7,0.0,15.1,6,-182.185,-1.614,-13.311
3543.1,64.43,69.4,0.0,19.2,6,-179.165,-1.570,-10.902
3543.1,64.45,67.9,0.0,21.0,6,-177.126,-1.546,-9.325
3556.0,64.53,87.3,0.0,21.6,6,-174.027,-1.516,-7.008
3556.0,64.59,88.9,0.0,20.9,6,-171.933,-1.500,-5.498
3556.0,64.68,89.0,0.0,18.5,6,-168.745,-1.475,-3.291
3556.0,64.75,89.0,0.0,17.9,6,-166.588,-1.458,-1.860
3569.1,64.83,85.3,0.0,18.8,6,-163.306,-1.431,0.222
3569.1,64.82,75.0,0.0,19.7,6,-161.086,-1.408,1.564
3569.1,64.76,37.9,0.0,20.4,6,-157.717,-1.372,3.506
3569.1,64.68,51.6,0.0,21.4,6,-155.449,-1.347,4.754
3582.8,64.68,80.4,0.0,23.6,6,-152.015,-1.311,6.558
3582.8,64.73,88.4,0.0,25.2,6,-149.706,-1.294,7.725
3582.8,64.74,59.0,0.0,27.5,6,-146.203,-1.266,9.406
3582.8,64.62,36.4,0.0,31.3,6,-142.663,-1.236,10.997
3596.7,64.50,35.4,0.0,34.4,6,-140.286,-1.214,12.006
3596.7,64.33,32.7,0.0,38.8,6,-136.699,-1.180,13.446
3596.7,64.24,44.1,0.0,41.2,6,-134.294,-1.156,14.357
3596.7,64.11,37.0,0.0,43.1,6,-130.668,-1.120,15.653
3610.2,63.99,30.3,0.0,43.4,6,-128.239,-1.097,16.469
3610.2,63.79,28.2,0.0,42.8,6,-124.583,-1.063,17.621
3610.2,63.65,28.4,0.0,41.3,6,-122.137,-1.042,18.338
3610.2,63.43,27.6,0.0,39.3,6,-118.457,-1.008,19.334
3623.1,63.28,26.4,0.0,38.9,6,-115.998,-0.987,19.946
3623.1,63.05,25.1,0.0,38.7,6,-112.301,-0.955,20.786
3623.1,62.84,36.6,0.0,39.3,6,-108.598,-0.922,21.527
3623.1,62.71,21.2,0.0,40.3,6,-106.126,-0.898,21.967
3635.5,62.44,13.3,0.0,42.7,6,-102.416,-0.862,22.549
3635.5,62.26,13.3,0.0,43.9,6,-99.945,-0.839,22.886
3635.5,61.99,33.2,0.0,43.8,0,-96.242,-0.801,23.313
3635.5,61.80,2.0,0.0,42.7,5,-93.777,-0.775,23.545
3647.7,61.52,15.5,0.0,39.5,5,-90.087,-0.733,23.817
3647.7,61.35,24.8,0.0,36.4,5,-87.633,-0.705,23.948
3647.7,61.23,52.0,0.0,30.9,5,-83.958,-0.663,24.067
3647.7,61.18,48.9,0.0,27.5,5,-81.510,-0.635,24.096
3659.6,61.15,66.2,0.0,22.5,5,-77.841,-0.591,24.062
3659.6,61.22,87.2,0.0,18.2,5,-74.174,-0.545,23.935
3659.6,61.32,90.2,0.0,15.3,5,-71.727,-0.513,23.801
3659.6,61.49,90.3,0.0,12.0,5,-68.053,-0.467,23.530
3671.9,61.62,90.3,0.0,10.1,5,-65.602,-0.437,23.305
3684.2,62.40,90.6,0.0,5.1,5,-50.871,-0.238,21.259
3684.2,62.64,90.6,0.0,2.5,5,-47.178,-0.193,20.606
3684.2,62.78,90.6,0.0,-0.1,5,-44.712,-0.164,20.147
3696.6,63.01,90.7,0.0,-2.9,5,-41.008,-0.122,19.430
3696.6,63.16,90.7,0.0,-3.9,5,-38.533,-0.094,18.942
3696.6,63.37,90.1,0.0,-4.2,5,-34.808,-0.054,18.211
3696.6,63.52,90.9,0.0,-4.7,5,-32.316,-0.029,17.732
3709.2,63.74,90.9,0.0,-3.8,5,-28.563,0.006,17.035
3709.2,63.92,91.1,0.0,-4.0,5,-24.792,0.037,16.366
3709.2,64.11,91.0,0.0,-4.5,5,-22.268,0.053,15.937
3709.2,64.31,91.1,0.0,-5.8,5,-18.467,0.076,15.324
3722.1,64.42,91.2,0.0,-6.6,5,-15.922,0.092,14.938
3722.1,64.63,91.2,0.0,-7.2,5,-12.090,0.115,14.395
3722.1,64.76,91.3,0.0,-7.4,5,-9.524,0.132,14.061
3722.1,64.94,91.4,0.0,-7.7,5,-5.661,0.157,13.603
3735.1,65.07,91.4,0.0,-7.7,5,-3.075,0.174,13.329
3735.1,65.25,91.5,0.0,-9.2,5,0.817,0.203,12.972
3735.1,65.35,91.5,0.0,-10.8,5,3.421,0.225,12.772
3735.1,65.52,91.6,0.0,-12.6,5,7.340,0.262,12.531
3748.4,65.67,91.7,0.0,-13.4,5,11.272,0.303,12.364
3748.4,65.79,91.6,0.0,-12.5,5,13.900,0.331,12.296
3748.4,65.93,91.7,0.0,-12.1,5,17.851,0.379,12.264
3748.4,66.01,91.8,0.0,-12.0,5,20.489,0.414,12.290
3761.9,66.16,91.9,0.0,-11.2,5,24.453,0.470,12.400
3761.9,66.24,91.9,0.0,-10.2,5,27.097,0.511,12.523
3761.9,66.38,92.0,0.0,-8.6,5,31.066,0.575,12.779
3761.9,66.47,92.0,0.0,-9.1,5,33.715,0.614,12.992
3775.7,66.64,92.0,0.0,-12.1,5,37.689,0.665,13.374
3775.7,66.71,92.0,0.0,-13.7,5,40.338,0.698,13.676
3775.7,66.83,92.1,0.0,-16.4,5,44.309,0.752,14.204
3789.6,66.96,92.1,0.0,-18.1,5,48.275,0.807,14.818
3789.6,67.04,92.0,0.0,-18.5,5,50.915,0.844,15.275
3789.6,67.14,91.6,0.0,-18.3,5,54.868,0.899,16.031
3789.6,67.22,92.0,0.0,-16.9,5,57.497,0.937,16.584
3803.3,67.32,92.3,0.0,-13.9,5,61.429,0.995,17.489
3803.3,67.38,92.3,0.0,-12.3,5,64.043,1.033,18.141
3803.3,67.44,92.5,0.0,-9.6,5,67.947,1.092,19.194
3803.3,67.50,92.6,0.0,-7.8,5,70.539,1.131,19.944
3817.2,67.61,92.5,0.0,-5.9,5,74.410,1.188,21.143
3817.2,67.65,92.5,0.0,-4.7,5,76.978,1.226,21.993
3817.2,67.72,92.6,0.0,-4.1,0,80.808,1.284,23.342
3817.2,67.61,0.0,0.0,-4.6,0,83.344,1.323,24.289
3831.1,67.51,77.6,0.0,-6.6,6,87.111,1.381,25.781
3831.1,67.53,91.7,0.0,-8.2,6,89.603,1.420,26.824
3831.1,67.66,91.7,0.0,-11.8,6,93.315,1.479,28.458
3831.1,67.78,91.7,0.0,-14.8,6,96.997,1.538,30.173
3844.7,67.85,91.7,0.0,-16.1,6,99.435,1.579,31.361
3844.7,67.96,91.8,0.0,-16.0,6,103.067,1.642,33.207
3844.7,68.03,91.8,0.0,-14.3,6,105.470,1.684,34.479
3844.7,68.15,91.8,0.0,-10.6,6,109.048,1.748,36.450
3858.3,68.22,91.9,0.0,-8.7,6,111.413,1.790,37.807
3858.3,68.33,91.9,0.0,-7.2,6,114.931,1.853,39.905
3858.3,68.41,91.9,0.0,-7.5,6,117.256,1.895,41.345
3858.3,68.54,92.0,0.0,-9.1,6,120.713,1.957,43.563
3871.9,68.63,92.0,0.0,-10.4,6,123.000,1.997,45.078
3871.9,68.76,92.0,0.0,-11.5,6,126.403,2.055,47.403
3871.9,68.85,92.0,0.0,-11.0,6,128.652,2.092,48.987
3871.9,68.97,92.1,0.0,-10.3,6,131.999,2.147,51.415
3885.6,69.05,92.1,0.0,-9.6,6,134.209,2.181,53.067
3885.6,69.17,92.1,0.0,-8.7,6,137.493,2.230,55.599
3885.6,69.30,92.2,0.0,-9.1,6,140.738,2.275,58.193
3885.6,69.40,92.2,0.0,-9.2,6,142.879,2.301,59.957
3899.5,69.52,92.2,0.0,-9.5,6,146.058,2.335,62.650
3899.5,69.60,92.3,0.0,-8.7,6,148.156,2.353,64.477
3899.5,69.73,92.3,0.0,-5.8,6,151.267,2.376,67.268
3899.5,69.81,92.3,0.0,-4.5,6,153.318,2.390,69.161
3913.4,69.95,92.3,0.0,-3.2,6,156.362,2.407,72.044
3913.4,70.06,92.3,0.0,-2.6,6,158.371,2.418,73.994
3913.4,70.18,60.5,11.3,-2.1,6,161.361,2.433,76.955
3913.4,69.76,0.0,52.9,-1.3,6,164.320,2.448,79.939
3927.3,69.13,0.0,73.6,-0.6,6,166.266,2.459,81.924
3927.3,67.90,0.0,85.1,0.5,6,169.135,2.478,84.872
3927.3,67.03,0.0,89.0,0.9,6,171.015,2.492,86.812
3927.3,65.65,0.0,90.6,1.2,6,173.782,2.512,89.675
3940.8,64.72,0.0,90.8,1.0,6,175.595,2.527,91.552
3940.8,63.36,21.7,92.6,0.5,0,178.266,2.548,94.317
3940.8,62.40,0.0,91.7,0.3,5,180.016,2.561,96.126
3940.8,61.03,0.0,91.6,0.3,5,182.596,2.581,98.785
3953.3,60.08,0.0,90.6,0.5,5,184.287,2.594,100.523
3953.3,58.72,0.0,91.6,0.7,5,186.779,2.613,103.075
3953.3,57.83,0.0,91.9,0.6,5,188.411,2.625,104.742
3953.3,56.43,0.0,90.5,0.1,5,190.816,2.640,107.188
3964.9,55.08,41.6,90.9,-0.3,0,193.170,2.655,109.568
3964.9,54.19,0.0,91.5,-0.3,4,194.712,2.665,111.119
3964.9,52.82,0.0,91.1,0.1,4,196.984,2.682,113.391
3964.9,51.90,0.0,90.2,0.1,4,198.472,2.695,114.868
3975.6,50.56,0.0,90.6,0.6,4,200.662,2.716,117.029
3975.6,49.66,0.0,90.0,1.5,4,202.096,2.732,118.432
3975.6,48.33,0.0,90.3,2.9,4,204.207,2.758,120.481
3975.6,47.46,0.0,90.4,2.9,4,205.590,2.775,121.809
3985.4,46.13,0.0,89.4,2.8,4,207.627,2.801,123.745
3985.4,45.28,41.1,88.7,2.8,0,208.961,2.818,124.997
3985.4,44.02,0.0,86.7,2.1,3,210.927,2.842,126.819
3985.4,43.19,0.0,85.0,1.3,3,212.216,2.857,127.997
3994.4,41.97,0.0,81.2,2.3,3,214.116,2.878,129.707
3994.4,40.79,0.0,78.1,2.0,3,215.980,2.897,131.350
3994.4,40.04,0.0,71.9,0.9,3,217.204,2.908,132.408
4002.5,38.99,0.0,57.0,-1.5,3,219.017,2.921,133.938
4002.5,38.39,0.0,52.6,-3.5,0,220.213,2.929,134.922
4002.5,37.57,0.0,63.1,-4.4,2,221.997,2.937,136.342
4002.5,36.94,0.0,67.9,-3.2,2,223.178,2.941,137.253
4010.0,35.91,0.0,70.0,-1.4,2,224.929,2.946,138.565
4010.0,35.24,0.0,72.8,-0.5,2,226.081,2.948,139.402
4010.0,34.20,0.0,76.2,0.4,2,227.785,2.950,140.604
4010.0,33.49,0.0,76.7,0.7,2,228.904,2.950,141.370
4016.8,32.44,0.0,73.9,-16.8,2,230.553,2.950,142.466
4016.8,31.74,0.0,69.7,-27.5,0,231.629,2.948,143.168
4016.8,30.78,0.0,58.9,-20.0,1,233.203,2.946,144.189
4016.8,30.16,0.0,55.7,-5.7,1,234.233,2.944,144.844
4022.9,29.27,0.0,52.7,13.8,1,235.754,2.940,145.776
4022.9,28.41,0.0,44.4,25.2,1,237.250,2.935,146.649
4022.9,27.91,0.0,36.3,28.7,1,238.235,2.931,147.197
4022.9,27.29,0.0,29.9,28.9,1,239.701,2.924,147.969
4028.4,26.93,0.0,24.0,27.0,1,240.673,2.919,148.450
4028.4,26.47,0.0,16.9,22.9,1,242.128,2.911,149.121
4028.4,26.22,0.0,13.8,20.8,1,243.097,2.905,149.537
4028.4,25.90,0.0,10.5,20.4,1,244.551,2.897,150.113
4033.4,25.63,0.0,8.5,22.5,1,246.006,2.888,150.637
4033.4,25.46,0.0,6.3,24.1,1,246.976,2.882,150.958
4033.4,25.25,0.0,4.2,25.3,1,248.432,2.874,151.399
4033.4,25.12,0.0,3.6,26.0,1,249.403,2.868,151.668
4038.2,24.94,0.0,2.9,26.8,1,250.859,2.859,152.035
4038.2,24.82,0.0,1.5,27.2,1,251.830,2.853,152.254
4038.2,24.67,0.0,0.2,26.5,1,253.286,2.842,152.547
4038.2,24.57,0.0,0.6,26.3,1,254.256,2.835,152.717
4042.9,24.42,0.0,1.4,26.5,1,255.710,2.824,152.936
4042.9,24.32,0.0,0.9,26.8,1,256.677,2.817,153.057
4042.9,24.19,4.0,0.0,26.8,1,258.125,2.807,153.201
4042.9,24.11,4.0,0.0,27.2,1,259.088,2.800,153.274
4047.8,24.00,2.6,0.0,27.7,1,260.530,2.791,153.347
4047.8,23.92,4.3,0.0,28.1,1,261.488,2.784,153.372
4047.8,23.84,7.6,0.0,28.5,1,262.921,2.775,153.374
4047.8,23.75,5.9,0.0,28.8,1,264.348,2.767,153.333
4052.9,23.69,4.5,0.0,28.8,1,265.296,2.762,153.281
4052.9,23.60,7.2,0.0,26.8,1,266.710,2.755,153.167
4052.9,23.55,5.3,0.0,25.9,1,267.648,2.752,153.068
4052.9,23.44,2.4,0.0,25.9,1,269.046,2.748,152.887
4058.3,23.36,2.8,0.0,26.6,1,269.972,2.746,152.746
4058.3,23.26,3.9,0.0,28.3,1,271.349,2.744,152.502
4058.3,23.18,2.6,0.0,29.4,1,272.260,2.744,152.319
4058.3,23.05,2.5,0.0,30.4,1,273.613,2.744,152.012
4065.1,22.98,4.8,0.0,30.7,1,274.505,2.744,151.784
4065.1,22.86,2.8,0.4,30.9,1,275.829,2.747,151.410
4065.1,22.77,0.7,1.2,31.8,1,276.700,2.751,151.138
4065.1,22.65,5.4,0.0,33.1,1,277.989,2.756,150.697
4076.5,22.79,34.8,0.0,31.6,1,284.142,2.818,147.878
4076.5,23.01,45.9,0.0,32.1,1,285.326,2.840,147.184
4076.5,23.21,51.3,0.0,31.7,1,286.110,2.855,146.695
4082.1,23.57,56.0,0.0,30.2,1,287.280,2.881,145.923
4082.1,23.82,60.5,0.0,29.5,1,288.057,2.898,145.381
4082.1,24.21,51.6,0.0,28.3,1,289.217,2.924,144.529
4082.1,24.40,42.8,0.0,27.4,1,289.985,2.943,143.933
4087.5,24.60,34.4,0.0,26.8,1,291.122,2.971,143.001
4087.5,24.71,32.3,0.0,26.8,1,291.868,2.991,142.357
4087.5,24.80,22.8,0.0,26.6,1,292.968,3.023,141.359
4092.7,24.80,13.1,0.0,26.4,1,294.041,3.056,140.328
4092.7,24.75,6.8,0.0,25.9,1,294.740,3.078,139.625
4092.7,24.65,10.9,0.0,25.2,1,295.760,3.111,138.551
4092.7,24.66,23.2,0.0,25.3,1,296.423,3.133,137.821
4097.5,24.78,35.8,0.0,25.0,1,297.394,3.164,136.702
4097.5,24.93,41.4,0.0,24.7,1,298.029,3.184,135.937
4097.5,25.20,48.7,0.0,25.1,1,298.963,3.213,134.760
4097.5,25.41,52.9,0.0,25.8,1,299.575,3.231,133.955
4102.3,25.76,56.7,0.0,24.3,1,300.474,3.257,132.712
4102.3,26.02,58.4,0.0,22.2,1,301.062,3.273,131.861
4102.3,26.42,57.2,0.0,18.9,1,301.925,3.296,130.546
4102.3,26.68,54.2,0.0,16.8,1,302.488,3.310,129.646
4107.3,27.05,57.6,0.0,14.5,1,303.310,3.329,128.261
4107.3,27.33,57.0,0.0,13.5,1,303.844,3.341,127.315
4107.3,27.73,59.0,0.0,13.0,1,304.623,3.357,125.859
4107.3,28.12,53.7,0.0,13.4,1,305.376,3.372,124.363
4112.7,28.35,50.8,0.0,14.2,1,305.861,3.381,123.344
4112.7,28.68,49.6,0.0,16.7,1,306.564,3.394,121.784
4112.7,28.89,49.8,0.0,18.0,1,307.015,3.402,120.726
4112.7,29.18,48.4,0.0,19.0,1,307.666,3.414,119.111
4118.4,29.37,46.8,0.0,19.2,1,308.082,3.422,118.016
4118.4,29.66,48.0,0.0,19.5,1,308.679,3.432,116.350
4118.4,29.86,52.2,0.0,19.4,1,309.057,3.439,115.222
4118.4,30.20,57.4,0.0,19.7,1,309.596,3.448,113.504
4124.3,30.44,60.5,0.0,19.2,1,309.935,3.455,112.340
4124.3,30.81,54.0,0.0,17.4,1,310.412,3.465,110.566
4124.3,31.02,45.6,0.0,16.2,1,310.707,3.472,109.365
4124.3,31.21,37.2,0.0,15.8,1,311.115,3.483,107.544
4130.5,31.30,31.4,0.0,16.2,1,311.363,3.491,106.319
4130.5,31.31,9.3,0.0,17.1,1,311.699,3.505,104.470
4130.5,31.12,0.1,2.9,17.0,1,311.992,3.519,102.619
4130.5,30.98,0.0,2.7,16.2,1,312.163,3.530,101.389
4136.7,30.78,0.0,3.3,16.5,1,312.386,3.548,99.549
4136.7,30.63,0.0,3.3,17.5,1,312.512,3.560,98.327
4136.7,30.41,0.0,12.2,14.4,1,312.667,3.579,96.502
4136.7,30.19,0.0,19.1,11.2,1,312.748,3.592,95.292
4142.8,29.77,0.0,23.0,7.7,1,312.841,3.613,93.495
4142.8,29.46,0.0,31.7,6.9,1,312.888,3.629,92.311
4142.8,28.87,0.0,40.4,6.0,1,312.938,3.653,90.560
4142.8,28.43,0.0,41.9,5.3,1,312.961,3.671,89.413
4148.4,27.71,0.0,47.4,4.3,1,312.984,3.698,87.728
4148.4,27.21,0.0,49.9,4.3,1,312.992,3.716,86.628
4148.4,26.43,0.0,49.2,2.0,1,312.996,3.745,85.017
4148.4,25.91,0.0,51.7,-1.0,1,312.995,3.764,83.970
4153.5,25.12,0.0,48.5,-5.9,1,312.992,3.793,82.437
4153.5,24.39,0.0,41.4,-9.8,1,312.994,3.820,80.951
4153.5,23.95,0.0,36.9,-12.5,1,313.003,3.839,79.984
4153.5,23.37,0.0,27.7,-16.2,1,313.029,3.865,78.565
4158.2,23.05,0.0,22.9,-18.4,1,313.058,3.881,77.636
4158.2,22.64,0.0,18.1,-20.9,1,313.123,3.905,76.267
4158.2,22.40,0.0,15.5,-21.9,1,313.181,3.919,75.368
4158.2,22.08,0.0,12.2,-23.2,1,313.291,3.940,74.038
4162.5,21.90,0.0,10.4,-24.2,1,313.381,3.952,73.162
4162.5,21.64,0.0,8.8,-25.5,1,313.541,3.969,71.866
4162.5,21.48,0.0,8.3,-26.1,1,313.664,3.980,71.012
4162.5,21.26,0.0,7.2,-26.4,1,313.875,3.995,69.747
4166.8,21.11,0.0,6.5,-27.0,1,314.033,4.005,68.914
4166.8,20.91,0.0,5.6,-28.0,1,314.295,4.018,67.681
4166.8,20.78,0.0,6.0,-28.5,1,314.486,4.026,66.869
4166.8,20.59,0.0,5.7,-28.4,1,314.799,4.038,65.667
4170.9,20.40,0.0,5.5,-28.3,1,315.141,4.048,64.486
4170.9,20.27,0.0,5.2,-29.2,1,315.384,4.054,63.710
4170.9,20.09,0.0,4.6,-30.9,1,315.774,4.062,62.563
4170.9,19.97,0.0,3.0,-31.6,1,316.050,4.066,61.810
4174.9,19.83,0.0,1.2,-32.2,1,316.488,4.073,60.700
4174.9,19.74,0.0,1.4,-32.8,1,316.797,4.076,59.971
4174.9,19.61,0.0,1.6,-34.0,1,317.285,4.080,58.895
4174.9,19.53,0.0,1.7,-34.7,1,317.627,4.082,58.191
4178.8,19.39,0.0,2.3,-35.1,1,318.164,4.084,57.154
4178.8,19.30,0.0,2.6,-35.8,1,318.539,4.085,56.477
4178.8,19.15,0.0,2.8,-37.4,1,319.123,4.085,55.482
4178.8,19.05,0.0,3.0,-37.7,1,319.529,4.085,54.835
4182.5,18.91,0.0,3.2,-37.6,1,320.161,4.083,53.887
4182.5,18.81,0.0,3.3,-37.3,1,320.596,4.081,53.271
4182.5,18.65,0.0,4.3,-37.3,1,321.270,4.076,52.371
4182.5,18.54,0.0,4.5,-37.6,1,321.732,4.072,51.787
4186.0,18.38,0.0,4.8,-37.8,1,322.444,4.067,50.939
4186.0,18.21,0.0,5.1,-37.9,1,323.177,4.061,50.121
4186.0,18.10,0.0,5.1,-38.2,1,323.677,4.056,49.594
4189.4,17.93,0.0,6.2,-38.7,1,324.443,4.049,48.831
4189.4,17.81,0.0,6.3,-39.1,1,324.962,4.044,48.340
4189.4,17.62,0.0,6.6,-39.6,1,325.755,4.035,47.632
4189.4,17.50,0.0,6.6,-40.4,1,326.292,4.030,47.179
4192.8,17.31,0.0,6.5,-41.9,1,327.109,4.020,46.527
4192.8,17.19,0.0,6.4,-42.8,1,327.661,4.014,46.113
4192.8,17.01,0.0,4.6,-43.1,1,328.500,4.003,45.521
4192.8,16.91,0.0,0.9,-46.8,1,329.065,3.996,45.146
4196.2,16.84,11.7,0.0,-50.2,1,329.927,3.984,44.615
4196.2,16.87,24.3,0.0,-50.5,1,330.512,3.977,44.281
4196.2,17.02,36.6,0.0,-49.9,1,331.409,3.965,43.806
4196.2,17.16,42.9,0.0,-44.5,1,332.023,3.957,43.506
4199.8,17.54,66.2,0.0,-46.8,1,332.969,3.944,43.076
4199.8,17.88,40.8,0.0,-48.2,1,333.952,3.931,42.671
4199.8,18.06,48.3,0.0,-47.3,1,334.625,3.923,42.420
4199.8,18.37,50.7,0.0,-45.2,1,335.660,3.910,42.073
4203.3,18.59,51.8,0.0,-40.9,1,336.368,3.901,41.862
4203.3,18.85,35.0,0.0,-32.5,1,337.454,3.889,41.573
4203.3,18.95,24.0,0.0,-29.9,1,338.189,3.881,41.399
4203.3,18.99,14.1,0.0,-29.2,1,339.302,3.869,41.160
4207.7,18.98,9.4,0.0,-32.3,1,340.048,3.863,41.018
4207.7,18.94,9.1,0.0,-36.2,1,341.171,3.853,40.831
4207.7,18.93,11.8,0.0,-39.6,1,341.921,3.846,40.726
4207.7,18.96,24.3,0.0,-47.0,1,343.050,3.837,40.600
4212.3,19.03,32.2,0.0,-49.8,1,343.807,3.831,40.540
4212.3,19.19,34.7,0.0,-52.2,1,344.951,3.823,40.487
4212.3,19.29,32.0,0.0,-53.5,1,345.721,3.816,40.477
4212.3,19.44,36.5,0.0,-54.0,1,346.882,3.807,40.502
4217.1,19.58,41.8,0.0,-53.9,1,347.660,3.801,40.546
4217.1,19.80,51.0,17.7,-52.3,1,348.835,3.793,40.654
4217.1,19.90,56.5,0.0,-48.7,1,350.014,3.786,40.813
4217.1,20.09,31.8,0.0,-44.2,1,350.802,3.782,40.948
4222.2,20.26,32.9,0.0,-37.9,1,351.987,3.778,41.195
4222.2,20.40,51.8,0.0,-40.0,1,352.777,3.774,41.386
4222.2,20.77,61.9,0.0,-42.4,1,353.967,3.770,41.718
4222.2,20.95,49.6,0.0,-41.1,1,354.763,3.770,41.971
4227.4,21.33,43.5,0.0,-38.7,1,355.959,3.766,42.392
4227.4,21.55,57.9,0.0,-37.3,1,356.758,3.764,42.702
4227.4,21.91,58.8,0.0,-34.9,1,357.957,3.763,43.216
4227.4,22.21,58.6,0.0,-32.9,1,358.757,3.762,43.588
4232.8,22.61,60.7,0.0,-30.6,1,359.958,3.761,44.189
4232.8,22.90,62.3,0.0,-24.1,1,360.759,3.761,44.620
4232.8,23.28,45.8,0.0,-16.9,1,361.963,3.764,45.306
4232.8,23.51,34.6,0.0,-15.9,1,363.166,3.768,46.030
4238.1,23.63,34.3,0.0,-17.2,1,363.965,3.773,46.528
4238.1,23.84,39.1,0.0,-19.3,1,365.161,3.781,47.300
4238.1,23.99,37.9,0.0,-20.5,1,365.957,3.788,47.832
4238.1,24.18,34.7,0.0,-22.2,1,367.144,3.799,48.654
4243.1,24.29,32.6,0.0,-23.3,1,367.931,3.807,49.220
4243.1,24.46,36.1,0.0,-24.2,1,369.101,3.818,50.097
4243.1,24.62,43.7,0.0,-25.4,1,369.874,3.826,50.701
4243.1,24.94,55.6,0.0,-25.9,1,371.025,3.838,51.640
4247.9,25.21,59.0,0.0,-26.0,1,371.789,3.845,52.289
4247.9,25.63,60.8,0.0,-25.6,1,372.927,3.856,53.302
4247.9,25.91,60.7,0.0,-25.6,1,373.682,3.862,54.003
4247.9,26.34,60.4,0.0,-24.0,1,374.805,3.871,55.096
4252.8,26.63,61.0,0.0,-22.9,1,375.546,3.877,55.852
4252.8,27.07,62.4,0.0,-21.7,1,376.646,3.885,57.027
4252.8,27.37,61.7,0.0,-21.3,1,377.372,3.891,57.838
4252.8,27.80,60.3,0.0,-21.4,1,378.447,3.899,59.095
4258.0,28.22,59.7,0.0,-21.9,1,379.505,3.906,60.399
4258.0,28.49,59.6,0.0,-22.2,1,380.201,3.911,61.295
4258.0,28.90,60.0,0.0,-21.6,1,381.225,3.917,62.677
4258.0,29.17,60.7,0.0,-21.2,1,381.896,3.921,63.625
4263.5,29.56,58.0,0.0,-21.1,1,382.883,3.926,65.084
4263.5,29.84,63.3,0.0,-20.2,1,383.527,3.928,66.081
4263.5,30.28,66.0,0.0,-19.0,1,384.471,3.932,67.617
4263.5,30.58,67.9,0.0,-18.7,1,385.086,3.934,68.666
4269.2,31.07,70.7,0.0,-16.5,1,385.987,3.938,70.280
4269.2,31.39,71.7,0.0,-15.0,1,386.574,3.941,71.382
4269.2,31.88,74.0,0.0,-12.9,1,387.433,3.944,73.073
4269.2,32.23,76.4,0.0,-11.9,1,387.993,3.947,74.226
4275.4,32.75,77.4,0.0,-11.3,1,388.817,3.950,75.991
4275.4,32.93,0.0,0.0,-10.7,0,389.621,3.950,77.794
4275.4,33.12,77.9,0.0,-9.8,2,390.139,3.949,79.007
4281.9,33.56,72.2,0.0,-9.6,2,390.902,3.949,80.856
4281.9,33.86,68.5,0.0,-9.4,2,391.400,3.947,82.109
4281.9,34.21,64.3,0.0,-9.4,2,392.131,3.943,84.015
4281.9,34.58,65.3,0.0,-9.8,2,392.839,3.937,85.952
4288.7,34.80,66.5,0.0,-8.9,2,393.300,3.933,87.260
4288.7,35.23,72.1,0.0,-7.6,2,393.973,3.925,89.250
4288.7,35.43,73.3,0.0,-7.5,2,394.407,3.923,90.594
4288.7,35.92,73.4,0.0,-6.6,2,395.044,3.921,92.638
4295.6,36.22,69.8,0.0,-6.3,2,395.458,3.918,94.019
4295.6,36.57,69.6,0.0,-6.3,2,396.063,3.915,96.117
4295.6,36.83,69.8,0.0,-6.5,2,396.455,3.915,97.531
4295.6,37.23,69.8,0.0,-6.4,2,397.029,3.913,99.678
4302.9,37.54,69.5,0.0,-6.0,2,397.404,3.911,101.125
4302.9,37.91,71.0,0.0,-4.8,2,397.952,3.908,103.321
4302.9,38.17,71.3,0.0,-4.3,2,398.308,3.906,104.799
4302.9,38.56,72.5,0.0,-4.8,2,398.830,3.904,107.041
4310.3,38.83,72.3,0.0,-4.9,2,399.170,3.901,108.551
4310.3,39.24,72.2,0.0,-5.0,2,399.669,3.897,110.839
4310.3,39.65,73.0,0.0,-4.9,2,400.155,3.892,113.155
4310.3,39.92,73.2,0.0,-4.9,2,400.470,3.889,114.714
4318.1,40.31,74.1,0.0,-5.3,2,400.930,3.885,117.076
4318.1,40.58,75.1,0.0,-5.6,2,401.227,3.882,118.666
4318.1,40.98,76.0,0.0,-6.1,2,401.659,3.879,121.073
4318.1,41.24,76.8,0.0,-6.5,2,401.936,3.877,122.694
4326.2,41.64,77.7,0.0,-6.7,2,402.335,3.874,125.148
4326.2,41.91,81.2,0.0,-6.9,0,402.588,3.871,126.799
4326.2,41.94,72.9,0.0,-6.6,3,402.945,3.866,129.289
4326.2,42.16,71.6,0.0,-6.3,3,403.167,3.863,130.955
4334.4,42.50,69.8,0.0,-6.4,3,403.478,3.857,133.475
4334.4,42.71,69.7,0.0,-6.7,3,403.670,3.853,135.168
4334.4,43.05,70.0,0.0,-7.3,3,403.935,3.848,137.727
4334.4,43.26,70.1,0.0,-7.5,3,404.096,3.844,139.445
4342.9,43.58,70.3,0.0,-7.5,3,404.312,3.838,142.041
4342.9,43.91,70.6,0.0,-7.8,3,404.498,3.832,144.658
4342.9,44.12,70.6,0.0,-7.7,3,404.604,3.828,146.415
4342.9,44.45,71.0,0.0,-7.6,3,404.734,3.821,149.068
4351.6,44.66,71.1,0.0,-7.6,3,404.802,3.817,150.849
4351.6,44.98,71.7,0.0,-8.2,3,404.874,3.812,153.536
4351.6,45.19,71.9,0.0,-8.8,3,404.902,3.808,155.339
4351.6,45.51,72.6,0.0,-9.5,3,404.911,3.802,158.059
4360.4,45.72,73.0,0.0,-9.6,3,404.895,3.798,159.883
4360.4,46.04,73.3,0.0,-10.0,3,404.835,3.792,162.634
4360.4,46.24,73.7,0.0,-10.7,3,404.770,3.789,164.478
4360.4,46.55,73.9,0.0,-11.4,3,404.635,3.781,167.258
4369.6,46.76,74.4,0.0,-11.5,3,404.517,3.776,169.120
4369.6,47.06,74.7,0.0,-11.8,3,404.297,3.770,171.925
4369.6,47.26,75.1,0.0,-9.6,3,404.121,3.766,173.803
4369.6,47.58,75.3,0.0,-9.6,3,403.814,3.759,176.631
4378.9,47.78,75.9,0.0,-9.9,3,403.582,3.753,178.524
4378.9,48.09,76.5,0.0,-9.4,3,403.189,3.746,181.372
4378.9,48.40,77.2,0.0,-9.9,3,402.745,3.738,184.232
4378.9,48.60,77.6,0.0,-10.0,3,402.421,3.732,186.145
4388.5,48.91,78.4,0.0,-12.9,3,401.892,3.724,189.021
4388.5,49.10,78.9,0.0,-14.1,3,401.508,3.720,190.943
4388.5,49.39,79.6,0.0,-15.1,0,400.882,3.714,193.830
4388.5,49.35,0.0,0.0,-15.2,0,400.430,3.710,195.754
4398.5,49.47,69.3,0.0,-13.7,4,399.700,3.705,198.625
4398.5,49.61,66.2,0.0,-12.6,4,399.174,3.703,200.535
4398.5,49.82,66.0,0.0,-13.0,4,398.327,3.701,203.395
4398.5,49.89,37.7,0.0,-14.0,4,397.725,3.701,205.296
4408.9,49.85,28.4,0.0,-16.6,4,396.768,3.698,208.131
4408.9,49.90,63.4,0.0,-17.8,4,396.095,3.697,210.009
4408.9,50.11,72.2,0.0,-17.6,4,395.029,3.697,212.813
4419.9,50.31,72.3,0.0,-15.2,4,393.892,3.702,215.601
4419.9,50.45,72.7,0.0,-13.8,4,393.096,3.707,217.452
4419.9,50.68,72.4,0.0,-12.8,4,391.846,3.713,220.217
4419.9,50.82,72.5,0.0,-12.6,4,390.974,3.717,222.049
4430.8,51.04,72.8,0.0,-13.6,4,389.608,3.724,224.781
4430.8,51.17,73.1,0.0,-14.3,4,388.658,3.730,226.591
4430.8,51.39,73.3,0.0,-15.9,4,387.180,3.737,229.290
4430.8,51.55,73.1,0.0,-15.9,4,386.160,3.740,231.078
4441.1,51.77,73.3,0.0,-15.4,4,384.580,3.742,233.743
4441.1,51.91,73.3,0.0,-14.2,4,383.492,3.741,235.508
4441.1,52.12,73.6,0.0,-10.2,4,381.807,3.741,238.135
4441.1,52.28,73.4,0.0,-7.8,4,380.649,3.741,239.872
4451.4,52.50,73.4,0.0,-5.9,4,378.862,3.744,242.457
4451.4,52.66,73.4,0.0,-5.8,4,377.639,3.747,244.168
4451.4,52.90,73.6,0.0,-6.7,4,375.762,3.753,246.718
4451.4,53.14,73.8,0.0,-7.7,4,373.840,3.760,249.252
4461.8,53.30,74.1,0.0,-7.8,4,372.536,3.765,250.934
4461.8,53.54,74.4,0.0,-7.3,4,370.545,3.774,253.445
4461.8,53.70,74.6,0.0,-7.0,4,369.195,3.780,255.111
4461.8,53.94,75.0,0.0,-6.7,4,367.134,3.789,257.597
4472.4,54.10,75.1,0.0,-7.1,4,365.738,3.795,259.245
4472.4,54.34,75.5,0.0,-7.2,4,363.610,3.803,261.704
4472.4,54.49,75.8,0.0,-6.8,4,362.167,3.808,263.334
4472.4,54.72,76.6,0.0,-6.3,4,359.969,3.815,265.762
4483.2,54.88,77.9,0.0,-6.5,4,358.479,3.820,267.370
4483.2,55.14,80.0,0.0,-6.9,4,356.211,3.824,269.768
4483.2,55.31,81.5,0.0,-7.0,4,354.676,3.825,271.356
4483.2,55.57,82.8,0.0,-6.8,4,352.339,3.825,273.721
4494.3,55.74,82.0,0.0,-6.6,4,350.757,3.826,275.287
4494.3,55.99,84.8,0.0,-7.5,4,348.349,3.831,277.618
4494.3,56.29,88.0,0.0,-6.6,4,345.901,3.834,279.931
4494.3,56.46,88.7,0.0,-5.9,4,344.246,3.837,281.460
4505.5,56.71,88.8,0.0,-3.4,4,341.727,3.844,283.735
4505.5,56.87,89.0,0.0,-3.1,4,340.024,3.851,285.238
4505.5,57.14,89.2,0.0,-1.7,4,337.443,3.852,287.480
4505.5,57.34,89.1,0.0,-0.4,4,335.703,3.849,288.968
4516.9,57.59,89.3,0.0,0.1,4,333.064,3.847,291.185
4516.9,57.79,89.3,0.0,-0.1,4,331.288,3.845,292.659
4516.9,58.04,89.5,0.0,-0.8,4,328.605,3.845,294.867
4516.9,58.25,89.5,0.0,-0.8,4,326.806,3.844,296.341
4528.4,58.53,89.6,0.0,-0.5,4,324.094,3.840,298.558
4528.4,58.72,89.7,0.0,-0.2,4,322.278,3.839,300.041
4528.4,59.01,89.7,0.0,0.3,4,319.542,3.838,302.274
4528.4,59.19,89.8,0.0,0.5,4,317.712,3.837,303.770
4540.2,59.46,89.9,0.0,0.8,4,314.958,3.838,306.023
4540.2,59.50,0.0,0.0,0.9,0,312.197,3.843,308.288
4540.2,59.59,88.6,0.0,0.8,5,310.358,3.846,309.800
4540.2,59.84,88.7,0.0,0.9,5,307.594,3.850,312.079
4552.1,60.00,88.7,0.0,0.9,5,305.748,3.854,313.607
4552.1,60.24,88.9,0.0,0.9,5,302.974,3.860,315.912
4552.1,60.41,88.9,0.0,0.9,5,301.120,3.865,317.457
4552.1,60.65,89.0,0.0,0.9,5,298.336,3.871,319.788
4564.1,60.82,89.1,0.0,0.9,5,296.476,3.874,321.350
4564.1,61.06,89.2,0.0,1.0,5,293.682,3.878,323.708
4564.1,61.22,89.3,0.0,0.8,5,291.816,3.879,325.288
4564.1,61.47,89.3,0.0,0.8,5,289.011,3.874,327.672
4576.3,61.63,89.4,0.0,0.8,5,287.139,3.870,329.270
4576.3,61.86,89.5,0.0,0.7,5,284.326,3.864,331.679
4576.3,62.03,89.6,0.0,0.7,5,282.447,3.859,333.294
4576.3,62.26,89.6,0.0,0.6,5,279.624,3.850,335.729
4588.7,62.49,89.7,0.0,0.5,5,276.795,3.847,338.179
4588.7,62.65,89.8,0.0,0.7,5,274.906,3.847,339.820
4588.7,62.88,89.9,0.0,0.4,5,272.066,3.847,342.293
4588.7,63.04,89.9,0.0,0.3,5,270.168,3.849,343.948
4601.3,63.27,90.0,0.0,0.1,5,267.316,3.851,346.442
4601.3,63.42,90.1,0.0,0.1,5,265.410,3.854,348.111
4601.3,63.64,90.2,0.0,0.1,5,262.544,3.863,350.624
4601.3,63.80,90.2,0.0,0.1,5,260.629,3.870,352.306
4614.0,64.02,90.3,0.0,0.2,5,257.748,3.882,354.836
4614.0,64.17,90.3,0.0,0.2,5,255.823,3.892,356.528
4614.0,64.39,90.5,0.0,0.2,5,252.926,3.904,359.074
4614.0,64.53,90.5,0.0,-0.0,5,250.990,3.912,360.777
4626.8,64.75,90.6,0.0,-0.1,5,248.078,3.927,363.339
4626.8,64.90,90.6,0.0,0.1,5,246.132,3.937,365.051
4626.8,65.12,90.7,0.0,0.3,5,243.204,3.948,367.628
4639.8,65.33,90.7,0.0,0.1,5,240.266,3.958,370.213
4653.0,66.25,91.1,0.0,-0.0,5,227.432,3.971,381.520
4653.0,66.39,91.1,0.0,0.0,5,225.442,3.968,383.275
4653.0,66.60,91.2,0.0,0.0,5,222.450,3.964,385.913
4666.2,66.80,91.2,0.0,0.1,5,219.449,3.959,388.561
4666.2,66.94,91.3,0.0,0.1,5,217.443,3.956,390.330
4666.2,67.14,91.4,0.0,0.0,5,214.427,3.951,392.991
4666.2,67.27,91.4,0.0,0.0,5,212.412,3.946,394.769
4679.6,67.47,91.5,0.0,-0.1,5,209.381,3.938,397.444
4679.6,67.60,91.5,0.0,-0.0,5,207.356,3.934,399.232
4679.6,67.80,91.6,0.0,0.1,5,204.312,3.928,401.921
4679.6,67.93,91.6,0.0,0.1,5,202.277,3.925,403.718
4693.2,68.13,91.7,0.0,0.1,5,199.218,3.920,406.420
4693.2,68.25,91.7,0.0,0.1,5,197.174,3.917,408.225
4693.2,68.44,91.8,0.0,0.1,5,194.102,3.913,410.941
4693.2,68.57,91.8,0.0,0.1,5,192.049,3.909,412.755
4706.9,68.75,91.9,0.0,0.0,5,188.963,3.903,415.484
4706.9,68.88,91.9,0.0,0.0,5,186.902,3.900,417.308
4706.9,69.06,92.0,0.0,0.1,5,183.803,3.896,420.050
4706.9,69.24,92.1,0.0,0.2,5,180.697,3.893,422.800
4720.7,69.36,92.1,0.0,0.2,5,178.622,3.891,424.638
4720.7,69.54,92.1,0.0,0.1,5,175.504,3.887,427.401
4720.7,69.66,92.2,0.0,0.2,5,173.421,3.883,429.249
4720.7,69.84,92.2,0.0,0.2,5,170.291,3.876,432.026
4734.6,69.95,92.3,0.0,0.2,5,168.201,3.873,433.883
4734.6,69.93,0.0,0.0,0.2,0,165.063,3.869,436.672
4734.6,69.97,91.4,0.0,0.2,6,162.973,3.867,438.531
4734.6,70.14,91.4,0.0,0.2,6,159.834,3.866,441.326
4748.6,70.25,91.5,0.0,0.2,6,157.738,3.866,443.194
4748.6,70.42,91.5,0.0,0.2,6,154.589,3.867,446.003
4748.6,70.53,91.6,0.0,0.1,6,152.486,3.870,447.879
4748.6,70.69,91.6,0.0,0.1,6,149.326,3.874,450.701
4762.7,70.80,91.6,0.0,0.1,6,147.217,3.877,452.587
4762.7,70.96,91.7,0.0,0.2,6,144.047,3.879,455.423
4762.7,71.12,91.7,0.0,0.1,6,140.872,3.882,458.266
4762.7,71.23,91.8,0.0,0.1,6,138.752,3.884,460.166
4776.9,71.38,91.8,0.0,0.0,6,135.566,3.887,463.022
4776.9,71.50,91.8,0.0,0.0,6,133.439,3.888,464.930
4776.9,71.65,91.9,0.0,0.0,6,130.243,3.890,467.798
4776.9,71.75,91.9,0.0,0.0,6,128.108,3.892,469.713
4791.2,71.91,92.0,0.0,-0.0,6,124.902,3.894,472.592
4791.2,72.01,92.0,0.0,0.0,6,122.760,3.896,474.515
4791.2,72.16,92.0,0.0,0.0,6,119.542,3.897,477.405
4791.2,72.27,92.1,0.0,0.0,6,117.393,3.898,479.335
4805.6,72.42,92.1,0.0,-0.1,6,114.164,3.897,482.236
4805.6,72.52,92.1,0.0,-0.1,6,112.008,3.896,484.173
4805.6,72.67,92.2,0.0,-0.0,6,108.768,3.893,487.084
4805.6,72.77,92.2,0.0,-0.0,6,106.604,3.890,489.027
4820.1,72.92,92.2,0.0,-0.0,6,103.352,3.883,491.947
4820.1,73.07,92.3,0.0,0.0,6,100.093,3.874,494.872
4820.1,73.17,92.3,0.0,0.0,6,97.916,3.869,496.826
4834.7,73.31,92.4,0.0,0.0,6,94.646,3.860,499.760
4834.7,73.41,92.4,0.0,-0.0,6,92.462,3.851,501.719
4834.7,73.56,92.4,0.0,-0.0,6,89.180,3.836,504.663
4834.7,73.65,92.4,0.0,-0.0,6,86.988,3.824,506.629
4849.5,73.80,92.5,0.0,0.1,6,83.695,3.806,509.582
4849.5,73.89,92.5,0.0,0.1,6,81.496,3.793,511.554
4849.5,74.03,92.5,0.0,-0.0,6,78.192,3.773,514.516
4849.5,74.12,92.6,0.0,-0.0,6,75.986,3.759,516.493
4864.3,74.26,92.6,0.0,-0.2,6,72.671,3.738,519.464
4864.3,74.36,92.6,0.0,-0.2,6,70.458,3.723,521.448
4864.3,74.50,92.7,0.0,-0.6,6,67.131,3.701,524.427
4864.3,74.59,92.7,0.0,-1.0,6,64.909,3.684,526.415
4879.2,74.73,92.7,0.0,-1.0,6,61.569,3.659,529.399
4879.2,74.86,92.8,0.0,-0.2,6,58.218,3.632,532.383
4879.2,74.96,92.8,0.0,-0.4,6,55.978,3.611,534.374
4879.2,75.10,92.8,0.0,-0.0,6,52.610,3.579,537.359
4894.1,75.18,92.8,0.0,-0.2,6,50.358,3.556,539.349
4894.1,75.32,92.9,0.0,0.2,6,46.973,3.520,542.337
4894.1,75.40,92.9,0.0,0.6,6,44.713,3.495,544.330
4894.1,75.54,92.9,0.0,0.8,6,41.317,3.454,547.325
4909.2,75.63,93.0,0.0,0.7,6,39.050,3.424,549.326
4924.4,76.28,93.1,0.0,0.1,6,22.029,3.151,564.470
4924.4,76.36,93.1,0.0,0.2,6,19.756,3.112,566.507
4939.6,76.49,93.2,0.0,0.1,6,16.342,3.052,569.568
4939.6,76.57,93.2,0.0,-0.0,6,14.065,3.013,571.613
4939.6,76.69,93.2,0.0,-0.4,6,10.645,2.955,574.685
4939.6,76.77,93.3,0.0,-0.3,6,8.362,2.917,576.736
4954.9,76.89,93.3,0.0,0.2,6,4.933,2.862,579.815
4954.9,76.96,93.3,0.0,-0.1,6,2.642,2.827,581.870
4954.9,77.09,93.4,0.0,-0.8,6,-0.798,2.768,584.956
4954.9,77.13,49.5,36.6,-1.0,6,-4.247,2.707,588.043
4970.4,76.72,0.0,66.3,-0.5,6,-6.544,2.668,590.095
4970.4,75.54,0.0,84.9,0.2,6,-9.957,2.611,593.135
4970.4,74.63,0.0,88.2,0.3,6,-12.203,2.574,595.131
4970.4,73.22,0.0,90.0,-0.2,6,-15.522,2.521,598.077
4985.3,72.28,0.0,90.5,-0.8,6,-17.701,2.488,600.008
4985.3,70.88,0.0,91.5,-1.1,6,-20.920,2.440,602.856
4985.3,69.93,0.0,91.5,-1.3,6,-23.032,2.406,604.721
4985.3,68.52,0.0,90.5,-1.2,6,-26.151,2.355,607.468
4999.3,67.59,0.0,90.6,-0.7,6,-28.199,2.322,609.264
4999.3,66.19,0.0,90.4,-0.8,6,-31.224,2.273,611.905
4999.3,65.27,0.0,90.8,-0.9,6,-33.210,2.242,613.630
4999.3,63.89,32.9,91.4,-1.1,0,-36.146,2.198,616.162
5012.3,62.53,0.0,92.4,-1.4,5,-39.028,2.156,618.630
5012.3,61.61,0.0,92.7,-1.4,5,-40.921,2.127,620.240
5012.3,60.20,0.0,90.5,-1.3,5,-43.714,2.083,622.600
5012.3,59.29,0.0,90.4,-1.2,5,-45.547,2.056,624.136
5024.5,57.94,0.0,91.0,-2.0,5,-48.254,2.014,626.385
5024.5,57.03,0.0,90.3,-2.6,5,-50.030,1.986,627.848
5024.5,55.68,0.0,90.7,-3.5,5,-52.654,1.946,629.983
5024.5,54.78,0.0,90.3,-4.0,0,-54.377,1.920,631.368
5035.7,53.47,0.0,92.5,-4.2,4,-56.925,1.881,633.385
5035.7,52.57,0.0,91.8,-3.8,4,-58.600,1.857,634.690
5035.7,51.25,0.0,83.9,-3.1,4,-61.074,1.820,636.585
5035.7,50.42,0.0,77.7,-2.3,4,-62.700,1.795,637.808
5046.0,49.25,0.0,59.5,-0.5,4,-65.109,1.759,639.580
5046.0,48.61,0.0,49.7,0.2,4,-66.702,1.735,640.719
5046.0,47.79,0.0,41.7,0.7,4,-69.080,1.701,642.366
5046.0,47.07,0.0,37.4,-1.1,4,-71.450,1.666,643.943
5055.5,46.62,0.0,37.5,-3.2,4,-73.027,1.643,644.956
5055.5,45.97,0.0,38.1,-6.9,4,-75.389,1.610,646.421
5055.5,45.54,0.0,35.9,-9.2,4,-76.960,1.588,647.361
5055.5,44.92,0.0,31.6,-11.1,4,-79.309,1.555,648.721
5064.5,44.55,0.0,29.0,-11.3,4,-80.872,1.534,649.594
5064.5,44.05,0.0,21.1,-10.2,4,-83.213,1.503,650.853
5064.5,43.77,0.0,18.8,-10.2,4,-84.773,1.482,651.660
5064.5,43.38,0.0,15.7,-11.3,4,-87.115,1.450,652.823
5073.1,43.16,43.0,13.6,-11.7,0,-88.678,1.429,653.567
5073.1,42.77,0.0,31.0,-12.2,3,-91.027,1.397,654.634
5073.1,42.39,0.0,37.5,-12.4,3,-92.591,1.376,655.312
5073.1,41.74,0.0,30.9,-12.2,3,-94.924,1.344,656.276
5081.5,41.36,0.0,20.5,-11.8,3,-96.472,1.324,656.883
5081.5,40.97,0.0,11.3,-12.2,3,-98.788,1.295,657.739
5081.5,40.76,0.0,7.7,-13.2,3,-100.332,1.276,658.276
5081.5,40.52,0.0,4.8,-15.4,3,-102.651,1.246,659.030
5089.8,40.29,0.0,2.7,-17.8,3,-104.974,1.216,659.725
5089.8,40.16,0.0,1.7,-18.5,3,-106.525,1.197,660.154
5089.8,39.98,0.0,2.1,-19.4,3,-108.855,1.168,660.746
5089.8,39.85,0.0,1.5,-19.7,3,-110.410,1.149,661.107
5098.0,39.66,0.0,2.2,-19.3,3,-112.745,1.120,661.596
5098.0,39.54,0.0,2.3,-19.0,3,-114.302,1.102,661.887
5098.0,39.34,0.0,2.7,-19.4,3,-116.638,1.074,662.268
5098.0,39.21,0.0,2.0,-19.5,3,-118.194,1.057,662.486
5106.2,39.02,0.0,2.4,-19.1,3,-120.525,1.030,662.759
5106.2,38.89,0.0,2.3,-18.5,3,-122.076,1.014,662.903
5106.2,38.70,0.0,2.0,-18.1,3,-124.398,0.991,663.064
5106.2,38.57,0.0,3.1,-18.5,3,-125.942,0.976,663.135
5114.1,38.38,0.0,1.6,-19.2,3,-128.250,0.955,663.188
5114.1,38.26,0.0,2.4,-19.9,3,-129.783,0.942,663.188
5114.1,38.07,0.0,1.3,-20.6,3,-132.073,0.921,663.136
5122.1,37.89,0.0,1.8,-20.4,3,-134.349,0.901,663.022
5122.1,37.77,0.0,3.0,-20.4,3,-135.859,0.888,662.910
5122.1,37.59,0.0,0.7,-21.1,3,-138.109,0.869,662.690
5122.1,37.47,0.0,1.1,-21.6,3,-139.599,0.857,662.510
5130.1,37.29,0.5,0.3,-21.6,3,-141.819,0.839,662.187
5130.1,37.18,0.4,0.3,-21.7,3,-143.287,0.827,661.938
5130.1,37.00,0.0,0.4,-21.8,3,-145.472,0.810,661.512
5130.1,36.89,0.3,0.0,-21.9,3,-146.916,0.798,661.195
5137.8,36.72,0.2,0.5,-22.9,3,-149.060,0.782,660.668
5137.8,36.60,0.0,0.6,-23.4,3,-150.476,0.772,660.284
5137.8,36.44,1.4,0.0,-24.0,3,-152.576,0.756,659.658
5137.8,36.32,0.2,0.7,-24.5,3,-153.960,0.746,659.209
5145.7,36.15,1.9,0.0,-25.2,3,-156.011,0.731,658.486
5145.7,36.05,1.7,0.1,-25.7,3,-157.360,0.721,657.971
5145.7,35.87,0.0,0.5,-25.8,3,-159.356,0.707,657.151
5145.7,35.76,2.6,0.0,-25.5,3,-160.667,0.698,656.572
5153.3,35.59,1.0,1.5,-24.4,3,-162.601,0.687,655.655
5153.3,35.42,4.3,0.0,-23.7,3,-164.495,0.678,654.680
5153.3,35.30,5.2,0.0,-22.5,3,-165.735,0.673,653.997
5153.3,35.14,4.5,0.2,-20.3,3,-167.559,0.669,652.930
5161.3,35.08,40.8,0.0,-19.1,0,-168.751,0.666,652.187
5161.3,34.96,4.9,0.0,-19.2,2,-170.504,0.665,651.028
5161.3,34.85,8.7,0.0,-21.0,2,-171.651,0.662,650.231
5161.3,34.79,22.2,0.0,-25.1,2,-173.332,0.657,648.992
5168.7,34.76,22.9,0.0,-27.9,2,-174.428,0.657,648.136
5168.7,34.80,36.3,0.0,-31.7,2,-176.037,0.658,646.808
5168.7,34.87,41.5,0.0,-34.1,2,-177.089,0.659,645.894
5168.7,35.03,48.2,0.0,-35.8,2,-178.635,0.662,644.479
5176.6,35.17,51.7,0.0,-36.2,2,-179.646,0.664,643.506
5176.6,35.38,55.0,0.0,-37.3,2,-181.133,0.669,642.001
5176.6,35.60,57.0,0.0,-39.2,2,-182.581,0.674,640.440
5176.6,35.75,54.9,0.0,-38.4,2,-183.525,0.678,639.370
5184.0,35.93,50.2,0.0,-35.5,2,-184.901,0.686,637.718
5184.0,36.06,54.6,0.0,-33.4,2,-185.793,0.692,636.588
5184.0,36.34,74.5,0.0,-31.5,2,-187.091,0.702,634.849
5184.0,36.56,63.6,0.0,-30.6,2,-187.933,0.709,633.659
5191.6,36.68,18.4,7.0,-29.5,2,-189.158,0.719,631.833
5191.6,36.51,0.5,14.1,-28.4,2,-189.940,0.726,630.595
5191.6,36.14,0.8,1.2,-27.2,2,-191.052,0.738,628.720
5191.6,36.01,19.9,0.0,-25.8,2,-191.753,0.747,627.459
5198.7,36.05,42.5,0.0,-24.0,2,-192.753,0.758,625.544
5198.7,36.16,54.7,0.0,-23.3,2,-193.387,0.765,624.247
5198.7,36.37,53.6,0.0,-20.6,2,-194.295,0.773,622.270
5198.7,36.50,47.8,0.0,-17.7,2,-194.870,0.777,620.932
5205.6,36.67,50.5,0.0,-12.9,2,-195.686,0.781,618.894
5205.6,36.83,46.4,0.0,-9.0,2,-196.447,0.782,616.825
5205.6,36.95,54.8,0.0,-7.2,2,-196.922,0.782,615.428
5205.6,37.17,56.1,0.0,-6.6,2,-197.587,0.781,613.307
5212.7,37.34,65.0,0.0,-7.4,2,-197.997,0.782,611.874
5212.7,37.66,66.9,0.0,-9.9,2,-198.565,0.782,609.698
5212.7,37.89,68.9,0.0,-11.9,2,-198.912,0.783,608.228
5212.7,38.23,71.5,0.0,-15.7,2,-199.387,0.785,605.994
5220.0,38.47,75.5,0.0,-16.8,2,-199.672,0.786,604.488
5220.0,38.89,83.5,0.0,-15.9,2,-200.056,0.788,602.200
5220.0,39.19,86.4,0.0,-16.3,2,-200.282,0.791,600.655
5220.0,39.64,86.8,0.0,-12.3,2,-200.575,0.796,598.309
5227.8,39.93,87.1,0.0,-8.3,2,-200.741,0.800,596.727
5227.8,40.37,84.7,0.0,-1.8,2,-200.944,0.808,594.328
5227.8,40.68,87.3,0.0,1.8,2,-201.050,0.814,592.711
5227.8,41.15,87.5,0.0,5.1,2,-201.168,0.827,590.260
5235.9,41.25,6.5,33.7,5.4,2,-201.242,0.843,587.785
5235.9,40.86,0.0,42.3,4.4,2,-201.275,0.853,586.141
5235.9,40.12,0.0,62.3,4.6,2,-201.322,0.870,583.711
5235.9,39.44,0.0,68.1,5.2,2,-201.356,0.879,582.119
5244.1,38.40,0.0,62.2,6.8,2,-201.421,0.895,579.781
5244.1,37.77,0.0,52.1,8.3,2,-201.474,0.906,578.258
5244.1,36.97,0.0,41.7,10.4,2,-201.576,0.923,576.017
5244.1,36.50,0.0,33.1,11.8,2,-201.661,0.934,574.549
5251.7,35.96,0.0,23.0,13.5,2,-201.819,0.951,572.381
5258.9,34.35,0.0,10.9,19.0,2,-203.273,1.019,561.966
5258.9,34.15,0.0,11.3,17.4,2,-203.562,1.028,560.626
5266.2,33.84,0.0,10.6,16.3,2,-204.037,1.042,558.642
5266.2,33.65,0.0,18.5,16.2,2,-204.380,1.052,557.336
5266.2,33.20,0.0,34.5,16.5,2,-204.934,1.069,555.407
5266.2,32.79,0.0,34.3,17.1,2,-205.325,1.080,554.145
5273.2,32.17,0.0,41.6,17.4,2,-205.941,1.097,552.294
5273.2,31.71,0.0,36.0,16.9,2,-206.370,1.109,551.090
5273.2,31.12,0.0,24.9,16.0,2,-207.041,1.126,549.329
5273.2,30.80,0.0,20.4,16.3,2,-207.509,1.138,548.181
5280.6,30.41,0.0,13.0,16.2,2,-208.243,1.158,546.498
5280.6,30.12,0.0,10.4,18.2,2,-209.015,1.178,544.854
5280.6,29.93,0.0,11.2,20.8,2,-209.550,1.192,543.779
5287.4,29.64,0.0,11.6,22.6,2,-210.383,1.212,542.197
5287.4,29.44,0.0,12.1,23.5,2,-210.956,1.225,541.164
5287.4,29.15,0.0,9.1,25.0,2,-211.845,1.244,539.647
5287.4,28.98,0.0,7.0,25.3,2,-212.458,1.256,538.658
5294.6,28.75,0.0,5.2,26.2,2,-213.408,1.275,537.210
5294.6,28.61,0.0,4.2,27.3,2,-214.063,1.287,536.268
5294.6,28.42,0.0,1.8,29.0,2,-215.077,1.304,534.890
5294.6,28.31,0.0,1.3,30.2,2,-215.775,1.315,533.995
5300.9,28.14,0.0,0.6,32.2,2,-216.854,1.331,532.690
5300.9,28.04,0.0,0.1,33.8,2,-217.595,1.342,531.845
5300.9,27.88,2.7,0.0,36.0,2,-218.738,1.356,530.617
5300.9,27.79,4.1,0.0,36.4,2,-219.521,1.365,529.825
5306.9,27.66,7.6,0.0,38.5,2,-220.727,1.378,528.679
5306.9,27.56,11.5,0.0,40.6,2,-221.970,1.390,527.584
5306.9,27.51,13.6,0.0,42.5,2,-222.820,1.398,526.882
5306.9,27.46,20.7,0.0,44.6,2,-224.124,1.409,525.874
5312.7,27.45,25.2,0.0,46.3,2,-225.014,1.415,525.231
5312.7,27.48,29.4,0.0,49.0,2,-226.380,1.425,524.309
5312.7,27.50,29.7,0.0,51.3,2,-227.310,1.430,523.722
5312.7,27.53,25.9,0.0,55.5,2,-228.734,1.438,522.887
5318.5,27.52,22.2,0.0,58.8,2,-229.700,1.442,522.360
5318.5,27.47,20.4,0.0,63.0,2,-231.173,1.448,521.616
5318.5,27.44,19.7,0.0,65.3,2,-232.168,1.451,521.152
5318.5,27.37,17.6,0.0,68.9,2,-233.680,1.455,520.505
5324.5,27.32,16.1,0.0,71.2,2,-234.699,1.457,520.108
5324.5,27.22,14.1,0.0,74.6,2,-236.242,1.460,519.563
5324.5,27.14,13.1,0.0,76.6,2,-237.278,1.462,519.234
5324.5,27.01,12.1,0.0,78.9,0,-238.842,1.463,518.794
5335.7,26.41,13.0,0.0,76.7,1,-245.144,1.460,517.685
5335.7,26.29,16.3,0.0,76.1,1,-246.721,1.457,517.572
5335.7,26.22,13.9,0.0,75.4,1,-247.771,1.455,517.532
5335.7,26.11,13.7,0.0,73.6,1,-249.341,1.450,517.525
5341.2,26.05,14.1,0.0,72.3,1,-250.384,1.447,517.555
5341.2,25.95,15.2,0.0,69.6,1,-251.940,1.441,517.652
5341.2,25.90,16.6,0.0,67.3,1,-252.972,1.437,517.750
5341.2,25.85,19.8,0.0,63.4,1,-254.512,1.430,517.948
5346.6,25.84,23.0,0.0,60.5,1,-255.532,1.424,518.114
5346.6,25.89,31.0,0.0,55.9,1,-257.055,1.416,518.411
5346.6,25.98,38.0,0.0,52.9,1,-258.066,1.409,518.642
5346.6,26.23,55.7,0.0,47.6,1,-259.580,1.399,519.037
5352.1,26.48,61.0,0.0,43.3,1,-260.591,1.391,519.334
5352.1,26.82,47.9,0.0,35.7,1,-262.110,1.378,519.830
5352.1,26.99,45.7,0.0,29.9,1,-263.122,1.369,520.195
5352.1,27.25,43.1,0.0,22.0,1,-264.634,1.354,520.794
5357.7,27.56,53.7,0.0,18.2,1,-266.138,1.339,521.456
5357.7,27.81,54.8,0.0,16.5,1,-267.138,1.328,521.929
5357.7,28.17,52.9,0.0,22.4,1,-268.636,1.311,522.689
5357.7,28.40,52.1,0.0,25.7,1,-269.630,1.299,523.228
5363.6,28.75,52.9,0.0,23.1,1,-271.113,1.281,524.084
5363.6,28.97,50.9,0.0,30.0,1,-272.099,1.269,524.684
5363.6,29.27,51.0,0.0,34.9,1,-273.568,1.250,525.629
5363.6,29.47,53.1,0.0,33.0,1,-274.540,1.236,526.288
5370.1,29.80,54.2,0.0,28.4,1,-275.984,1.216,527.323
5370.1,30.03,55.4,0.0,25.9,1,-276.938,1.201,528.044
5370.1,30.39,60.5,0.0,23.8,1,-278.355,1.181,529.174
5370.1,30.66,62.1,0.0,23.1,1,-279.290,1.166,529.958
5376.6,31.06,60.7,0.0,24.5,1,-280.678,1.145,531.183
5376.6,31.30,61.6,0.0,28.7,1,-281.592,1.130,532.030
5376.6,31.67,62.4,0.0,33.5,1,-282.943,1.106,533.349
5376.6,31.90,62.1,0.0,34.9,1,-283.828,1.091,534.261
5383.3,32.26,64.2,0.0,36.6,1,-285.130,1.068,535.677
5383.3,32.59,64.1,0.0,38.7,1,-286.397,1.046,537.153
5383.3,32.71,0.0,0.0,39.5,0,-287.220,1.032,538.168
5383.3,32.72,56.3,0.0,40.5,2,-288.407,1.010,539.728
5398.1,33.51,32.4,0.0,52.6,2,-293.271,0.911,547.636
5398.1,33.52,29.2,0.0,54.9,2,-294.148,0.891,549.445
5398.1,33.53,32.2,0.0,58.4,2,-294.697,0.878,550.668
5406.0,33.55,32.2,0.0,65.7,2,-295.469,0.857,552.527
5406.0,33.54,24.5,0.0,70.7,2,-295.949,0.843,553.780
5406.0,33.43,15.0,0.0,76.8,2,-296.616,0.823,555.676
5406.0,33.33,12.8,0.0,76.4,2,-297.023,0.811,556.947
5413.2,33.17,12.6,0.0,75.1,2,-297.577,0.795,558.864
5413.2,33.03,14.5,0.0,75.3,2,-298.063,0.780,560.790
5413.2,32.95,19.1,0.0,70.2,2,-298.351,0.769,562.078
5413.2,32.83,14.0,0.0,63.1,2,-298.724,0.754,564.015
5420.8,32.76,15.4,0.0,58.6,2,-298.936,0.744,565.310
5420.8,32.66,21.2,0.0,49.1,2,-299.192,0.731,567.255
5420.8,32.66,31.6,0.0,40.7,2,-299.324,0.722,568.555
5420.8,32.87,71.9,0.0,27.3,2,-299.468,0.709,570.513
5427.6,33.17,84.8,0.0,17.9,2,-299.530,0.700,571.831
5427.6,33.69,81.0,0.0,3.6,2,-299.579,0.688,573.835
5427.6,34.05,82.9,0.0,-2.5,2,-299.585,0.680,575.189
5427.6,34.61,85.1,0.0,-3.8,2,-299.561,0.671,577.248
5434.8,34.99,85.1,0.0,-0.6,2,-299.528,0.665,578.638
5434.8,35.53,85.3,0.0,5.5,2,-299.459,0.659,580.752
5434.8,35.90,85.4,0.0,8.4,2,-299.404,0.656,582.178
5434.8,36.42,85.7,0.0,11.2,2,-299.302,0.652,584.344
5442.0,36.94,85.3,0.0,12.0,2,-299.171,0.648,586.540
5442.0,37.29,85.3,0.0,11.9,2,-299.065,0.645,588.020
5442.0,37.81,85.6,0.0,12.1,2,-298.873,0.640,590.264
5442.0,38.14,86.2,0.0,12.4,2,-298.721,0.635,591.774
5449.4,38.63,86.5,0.0,13.1,2,-298.453,0.628,594.061
5449.4,38.97,86.5,0.0,12.6,2,-298.248,0.622,595.598
5449.4,39.46,86.6,0.0,12.1,2,-297.897,0.612,597.924
5449.4,39.78,86.7,0.0,11.7,2,-297.633,0.604,599.486
5457.0,40.27,86.8,0.0,12.2,2,-297.195,0.590,601.846
5457.0,40.57,86.9,0.0,12.7,2,-296.872,0.580,603.430
5457.0,41.05,86.9,0.0,11.9,2,-296.344,0.561,605.819
5457.0,41.35,87.0,0.0,11.9,2,-295.960,0.548,607.421
5465.0,41.50,0.0,0.0,11.0,0,-295.336,0.529,609.831
5465.0,41.65,85.3,0.0,10.5,3,-294.891,0.516,611.431
5465.0,42.08,85.4,0.0,9.2,3,-294.180,0.493,613.840
5465.0,42.38,85.5,0.0,8.0,3,-293.678,0.475,615.451
5473.3,42.80,85.6,0.0,7.1,3,-292.880,0.448,617.878
5473.3,43.24,85.7,0.0,6.7,3,-292.032,0.420,620.316
5473.3,43.54,85.7,0.0,7.0,3,-291.442,0.398,621.947
5481.8,43.97,85.8,0.0,7.1,3,-290.522,0.362,624.405
5481.8,44.24,85.9,0.0,6.2,3,-289.885,0.336,626.049
5481.8,44.70,86.0,0.0,4.9,3,-288.896,0.297,628.527
5481.8,44.96,86.1,0.0,4.7,3,-288.215,0.273,630.184
5490.7,45.35,86.3,0.0,5.6,3,-287.165,0.235,632.681
5490.7,45.66,86.4,0.0,4.8,3,-286.446,0.207,634.353
5490.7,46.07,86.4,0.0,3.9,3,-285.340,0.162,636.870
5490.7,46.29,86.6,0.0,3.8,3,-284.582,0.131,638.554
5499.8,46.70,86.6,0.0,2.8,3,-283.417,0.085,641.088
5499.8,46.98,86.5,0.0,3.2,3,-282.620,0.057,642.784
5499.8,47.35,86.8,0.0,4.5,3,-281.399,0.013,645.334
5499.8,47.61,86.7,0.0,4.7,3,-280.566,-0.017,647.040
5509.2,48.03,86.8,0.0,4.6,3,-279.286,-0.053,649.607
5509.2,48.30,87.2,0.0,4.6,0,-277.974,-0.094,652.183
5509.2,48.31,0.0,0.0,2.9,0,-277.086,-0.127,653.898
5509.2,48.59,84.8,0.0,2.1,4,-275.724,-0.170,656.464
5518.8,48.79,84.9,0.0,3.3,4,-274.794,-0.188,658.175
5518.8,49.14,84.9,0.0,4.7,4,-273.374,-0.210,660.746
5518.8,49.36,85.0,0.0,5.1,4,-272.411,-0.221,662.464
5518.8,49.68,85.2,0.0,6.0,4,-270.943,-0.235,665.047
5528.7,49.86,85.5,0.0,5.8,4,-269.948,-0.246,666.773
5528.7,50.28,85.2,0.0,4.1,4,-268.428,-0.265,669.365
5528.7,50.51,85.3,0.0,3.7,4,-267.393,-0.276,671.094
5528.7,50.85,85.4,0.0,4.0,4,-265.809,-0.292,673.689
5538.8,51.08,85.4,0.0,4.3,4,-264.734,-0.301,675.421
5538.8,51.41,85.5,0.0,4.5,4,-263.092,-0.316,678.020
5538.8,51.63,85.5,0.0,4.6,4,-261.979,-0.324,679.754
5538.8,51.97,85.7,0.0,4.2,4,-260.280,-0.334,682.356
5549.0,52.19,85.8,0.0,3.9,4,-259.129,-0.339,684.091
5549.0,52.52,86.0,0.0,2.6,4,-257.373,-0.344,686.695
5549.0,52.74,86.1,0.0,2.1,4,-256.185,-0.347,688.433
5549.0,53.07,86.3,0.0,1.9,4,-254.379,-0.352,691.043
5559.5,53.40,86.5,0.0,1.6,4,-252.548,-0.356,693.659
5559.5,53.62,86.6,0.0,1.5,4,-251.314,-0.360,695.408
5559.5,53.95,86.7,0.0,1.2,4,-249.446,-0.365,698.038
5559.5,54.16,86.9,0.0,1.6,4,-248.190,-0.370,699.797
5570.2,54.48,87.0,0.0,2.2,4,-246.290,-0.378,702.445
5570.2,54.69,87.1,0.0,2.4,4,-245.012,-0.384,704.214
5570.2,55.00,87.2,0.0,2.7,4,-243.076,-0.392,706.875
5570.2,55.21,87.3,0.0,2.9,4,-241.772,-0.397,708.652
5581.1,55.53,87.5,0.0,3.3,4,-239.795,-0.404,711.321
5581.1,55.73,87.6,0.0,3.5,4,-238.461,-0.408,713.102
5581.1,56.03,87.7,0.0,3.8,4,-236.437,-0.412,715.774
5581.1,56.24,87.8,0.0,4.2,4,-235.070,-0.414,717.555
5592.2,56.53,88.0,0.0,4.5,4,-232.994,-0.417,720.225
5592.2,56.73,88.1,0.0,4.5,4,-231.592,-0.418,722.004
5592.2,57.02,88.2,0.0,4.5,4,-229.460,-0.419,724.668
5592.2,57.32,88.3,0.0,4.5,4,-227.292,-0.419,727.325
5603.6,57.51,88.4,0.0,3.5,4,-225.827,-0.418,729.093
5603.6,57.79,88.5,0.0,4.2,4,-223.599,-0.415,731.738
5603.6,57.97,88.6,0.0,3.6,4,-222.094,-0.413,733.497
5603.6,58.26,88.7,0.0,3.9,4,-219.808,-0.407,736.129
5615.5,58.44,88.8,0.0,4.6,4,-218.266,-0.401,737.880
5615.5,58.71,88.9,0.0,3.9,4,-215.923,-0.390,740.499
5615.5,58.88,89.0,0.0,4.6,4,-214.342,-0.379,742.240
5615.5,59.15,89.2,0.0,4.0,4,-211.943,-0.362,744.844
5627.4,59.33,89.2,0.0,4.2,4,-210.324,-0.349,746.574
5627.4,59.59,89.3,0.0,4.0,4,-207.868,-0.328,749.161
5627.4,59.66,0.0,0.0,3.9,0,-206.212,-0.312,750.879
5627.4,59.70,87.9,0.0,4.3,5,-203.710,-0.285,753.436
5639.7,59.86,88.0,0.0,4.6,5,-202.025,-0.267,755.133
5639.7,60.11,88.1,0.0,5.6,5,-199.472,-0.240,757.668
5639.7,60.33,88.3,0.0,6.0,5,-196.884,-0.216,760.188
5639.7,60.50,88.3,0.0,5.6,5,-195.139,-0.201,761.859
5651.9,60.73,88.5,0.0,5.7,5,-192.490,-0.181,764.351
5651.9,60.88,88.5,0.0,5.7,5,-190.705,-0.171,766.002
5651.9,61.12,88.6,0.0,5.1,5,-187.995,-0.164,768.462
5651.9,61.27,88.7,0.0,4.8,5,-186.168,-0.161,770.089
5664.4,61.49,88.8,0.0,4.6,5,-183.393,-0.157,772.510
5664.4,61.64,88.8,0.0,4.5,5,-181.521,-0.153,774.110
5664.4,61.86,89.0,0.0,4.9,5,-178.682,-0.145,776.490
5664.4,62.03,89.0,0.0,5.3,5,-176.769,-0.141,778.064
5676.9,62.25,89.1,0.0,5.8,5,-173.870,-0.136,780.408
5676.9,62.41,89.2,0.0,6.1,5,-171.918,-0.134,781.958
5676.9,62.62,89.3,0.0,6.4,5,-168.959,-0.136,784.263
5676.9,62.77,89.3,0.0,6.0,5,-166.966,-0.138,785.784
5689.7,62.98,89.4,0.0,6.1,5,-163.943,-0.139,788.040
5689.7,63.13,89.5,0.0,6.5,5,-161.906,-0.139,789.527
5689.7,63.33,89.6,0.0,7.6,5,-158.817,-0.136,791.729
5702.6,63.53,89.7,0.0,7.1,5,-155.688,-0.133,793.897
5702.6,63.71,89.7,0.0,6.0,5,-153.582,-0.136,795.325
5702.6,63.90,89.8,0.0,5.1,5,-150.388,-0.133,797.433
5702.6,64.00,89.9,0.0,4.7,5,-148.237,-0.129,798.817
5715.7,64.24,90.0,0.0,5.8,5,-144.977,-0.120,800.861
5715.7,64.39,90.0,0.0,6.4,5,-142.785,-0.115,802.206
5715.7,64.58,90.1,0.0,7.8,5,-139.469,-0.112,804.196
5715.7,64.70,90.1,0.0,8.2,5,-137.237,-0.111,805.502
5728.8,64.89,90.4,0.0,6.9,5,-133.859,-0.107,807.425
5728.8,65.04,90.2,0.0,6.6,5,-131.586,-0.104,808.684
5728.8,65.22,90.3,0.0,7.0,5,-128.146,-0.104,810.535
5728.8,65.34,90.4,0.0,7.1,5,-125.830,-0.103,811.742
5742.1,65.54,90.4,0.0,7.2,5,-122.325,-0.100,813.509
5742.1,65.64,90.6,0.0,7.2,5,-119.968,-0.098,814.661
5742.1,65.84,90.6,0.0,6.3,5,-116.403,-0.095,816.347
5742.1,66.03,90.7,0.0,6.6,5,-112.803,-0.091,817.984
5755.5,66.15,90.7,0.0,6.9,5,-110.384,-0.090,819.051
5755.5,66.34,90.8,0.0,7.1,5,-106.729,-0.087,820.611
5755.5,66.45,90.9,0.0,6.9,5,-104.274,-0.083,821.623
5755.5,66.63,90.9,0.0,6.6,5,-100.566,-0.076,823.101
5768.9,66.76,91.0,0.0,6.7,5,-98.076,-0.072,824.060
5768.9,66.94,91.0,0.0,6.9,5,-94.317,-0.066,825.457
5768.9,67.06,91.1,0.0,7.4,5,-91.794,-0.061,826.362
5768.9,67.24,91.2,0.0,7.4,5,-87.987,-0.058,827.677
5782.4,67.35,91.2,0.0,6.7,5,-85.432,-0.054,828.525
5782.4,67.52,91.3,0.0,6.5,5,-81.576,-0.047,829.750
5782.4,67.63,91.3,0.0,6.6,5,-78.990,-0.041,830.537
5782.4,67.81,91.4,0.0,7.0,5,-75.089,-0.033,831.673
5795.9,67.92,91.4,0.0,7.2,5,-72.475,-0.028,832.401
5795.9,68.09,91.5,0.0,7.5,5,-68.531,-0.020,833.448
5795.9,68.25,91.5,0.0,5.5,5,-64.563,-0.010,834.439
5795.9,68.36,91.6,0.0,5.1,5,-61.905,-0.004,835.070
5809.4,68.53,91.6,0.0,4.0,5,-57.899,0.008,835.974
5809.4,68.64,91.7,0.0,3.7,5,-55.217,0.018,836.548
5809.4,68.82,91.7,0.0,3.9,5,-51.177,0.033,837.374
5809.4,68.93,91.8,0.0,4.0,5,-48.473,0.045,837.902
5823.1,69.10,91.8,0.0,4.0,5,-44.403,0.066,838.664
5823.1,69.21,91.9,0.0,3.9,5,-41.681,0.082,839.153
5823.1,69.39,91.9,0.0,3.5,5,-37.583,0.105,839.857
5823.1,69.50,92.0,0.0,3.6,5,-34.843,0.120,840.309
5836.9,69.66,92.0,0.0,3.5,5,-30.719,0.143,840.957
5836.9,69.78,92.1,0.0,2.8,5,-27.962,0.159,841.371
5836.9,69.94,92.1,0.0,2.2,0,-23.813,0.184,841.964
5836.9,69.85,0.0,0.0,1.8,0,-21.043,0.204,842.342
5850.9,69.95,91.2,0.0,1.2,6,-16.886,0.233,842.887
5850.9,70.11,91.2,0.0,0.6,6,-12.718,0.258,843.412
5850.9,70.22,91.3,0.0,0.3,6,-9.932,0.276,843.752
5850.9,70.38,91.3,0.0,0.1,6,-5.744,0.304,844.253
5864.9,70.49,91.4,0.0,-0.1,6,-2.946,0.323,844.582
5864.9,70.65,91.4,0.0,-0.2,6,1.259,0.351,845.072
5864.9,70.76,91.4,0.0,-0.2,6,4.068,0.368,845.397
5864.9,70.91,91.5,0.0,-0.2,6,8.289,0.395,845.886
9.9,71.02,91.5,0.0,-0.1,6,11.108,0.415,846.213
