opponent,v3,Neel Jani,0,1771612692945
Game,version,date,track,car,event,laptime [s],S1 [s],S2 [s],S3 [s],S4+ [s]
LMU,1.2,2026-02-20 18:38:12,Silverstone Grand Prix Circuit - ELMS,Proton Competition 2025 #99:LM (Hyper),Live,107.202,0,0,0
Tracklen [m],TotalLaps
5869.1,5
,
,
lapdistance [m],speed [m/s],throttle [%],brake [%],steer [%],gear [int],world_x [m],world_y [m],world_z [m]
26.1,72.03,90.7,0.0,0.2,6,31.515,0.534,848.684
26.1,72.12,90.7,0.0,0.2,6,34.378,0.559,849.015
26.1,72.27,90.8,0.0,0.2,6,38.681,0.596,849.511
40.5,72.37,90.8,0.0,0.2,6,41.555,0.620,849.840
40.5,72.51,90.9,0.0,0.1,6,45.873,0.658,850.332
40.5,72.65,90.9,0.0,0.1,6,50.200,0.698,850.820
40.5,72.74,91.0,0.0,0.2,6,53.089,0.725,851.145
55.0,72.89,91.0,0.0,0.2,6,57.430,0.766,851.629
55.0,72.98,91.0,0.0,0.1,6,60.330,0.791,851.951
55.0,73.11,91.1,0.0,0.1,6,64.686,0.831,852.431
55.0,73.21,91.1,0.0,0.2,6,67.594,0.859,852.751
69.6,73.34,91.2,0.0,0.1,6,71.964,0.903,853.229
69.6,73.43,91.2,0.0,0.0,6,74.882,0.930,853.547
69.6,73.57,91.2,0.0,-0.0,6,79.266,0.967,854.023
69.6,73.66,91.2,0.0,-0.1,6,82.193,0.991,854.340
84.3,73.80,91.3,0.0,-0.1,6,86.591,1.025,854.814
84.3,73.88,91.3,0.0,-0.0,6,89.527,1.048,855.130
84.3,74.01,91.4,0.0,0.1,6,93.938,1.083,855.605
128.8,75.13,91.7,0.0,0.1,6,132.499,1.340,859.698
128.8,75.20,91.8,0.0,0.1,6,135.489,1.357,860.005
128.8,75.32,91.8,0.0,0.2,6,139.981,1.390,860.463
143.9,75.40,91.9,0.0,0.2,6,142.980,1.414,860.768
143.9,75.53,91.9,0.0,0.1,6,147.486,1.443,861.222
143.9,75.66,91.9,0.0,0.1,6,151.999,1.470,861.674
143.9,75.74,91.9,0.0,0.1,6,155.012,1.488,861.973
159.0,75.87,91.9,0.0,0.1,6,159.537,1.512,862.421
159.0,75.93,92.0,0.0,0.2,6,162.558,1.529,862.718
159.0,76.05,92.0,0.0,0.1,6,167.096,1.558,863.162
159.0,76.13,92.0,0.0,0.0,6,170.125,1.579,863.457
174.2,76.25,92.1,0.0,-0.1,6,174.675,1.610,863.898
174.2,76.33,92.1,0.0,-0.1,6,177.713,1.630,864.191
174.2,76.45,92.1,0.0,-0.2,6,182.275,1.660,864.631
174.2,76.53,92.1,0.0,-0.3,6,185.320,1.679,864.925
189.5,76.64,92.2,0.0,-0.4,6,189.893,1.706,865.368
189.5,76.71,92.2,0.0,-0.5,6,192.945,1.725,865.667
189.5,76.83,92.2,0.0,-0.2,6,197.529,1.754,866.121
189.5,76.94,92.3,0.0,-0.2,6,202.118,1.781,866.582
204.8,77.01,92.3,0.0,-0.2,6,205.181,1.799,866.894
204.8,77.12,92.3,0.0,-0.1,6,209.781,1.822,867.368
204.8,77.20,92.3,0.0,0.0,6,212.851,1.838,867.687
204.8,77.30,92.4,0.0,0.2,6,217.460,1.867,868.170
220.2,77.37,92.4,0.0,0.3,6,220.537,1.889,868.494
220.2,77.49,92.4,0.0,0.4,6,225.157,1.922,868.979
220.2,77.56,92.4,0.0,0.5,6,228.241,1.944,869.301
220.2,77.66,92.5,0.0,0.5,6,232.873,1.976,869.779
235.8,77.68,49.1,23.2,0.5,6,235.964,2.000,870.094
235.8,77.08,0.0,66.5,0.6,6,240.588,2.034,870.559
235.8,76.37,0.0,82.3,0.6,6,243.644,2.053,870.861
235.8,75.10,0.0,89.2,0.8,6,248.169,2.077,871.299
251.1,74.21,0.0,90.2,1.0,6,251.144,2.092,871.581
251.1,72.87,0.0,91.7,1.5,6,255.540,2.116,871.986
251.1,71.52,0.0,91.5,1.6,6,259.858,2.139,872.367
251.1,70.63,0.0,92.0,1.8,6,262.693,2.156,872.607
265.6,69.30,0.0,91.9,2.1,6,266.880,2.179,872.940
265.6,68.42,0.0,92.8,2.3,6,269.628,2.193,873.144
265.6,67.08,0.0,92.3,2.4,6,273.686,2.212,873.419
265.6,66.19,0.0,92.1,2.5,6,276.348,2.223,873.580
279.1,64.87,0.0,92.0,2.6,6,280.277,2.237,873.786
279.1,63.98,0.0,90.6,2.4,6,282.853,2.247,873.896
279.1,62.72,0.0,78.5,2.7,0,286.654,2.261,874.020
279.1,61.96,30.7,70.2,2.4,0,289.148,2.268,874.074
291.8,60.93,0.0,55.7,1.6,5,292.836,2.282,874.106
291.8,60.35,0.0,38.1,1.9,5,295.263,2.293,874.091
291.8,59.75,0.0,20.1,3.6,5,298.865,2.309,874.017
291.8,59.44,0.0,18.1,4.8,5,301.247,2.320,873.931
303.8,59.02,0.0,14.2,6.9,5,304.797,2.337,873.747
303.8,58.67,0.0,7.5,8.1,5,308.319,2.357,873.500
303.8,58.48,0.0,6.3,8.4,5,310.654,2.372,873.298
315.4,58.20,0.0,5.6,9.0,5,314.137,2.395,872.942
315.4,58.03,0.0,1.9,9.2,5,316.446,2.410,872.668
315.4,57.81,1.1,1.8,8.1,5,319.889,2.431,872.201
315.4,57.66,0.0,5.0,7.2,5,322.172,2.445,871.851
326.8,57.36,0.0,12.4,7.1,5,325.575,2.465,871.270
326.8,57.12,0.0,16.1,7.1,5,327.825,2.478,870.847
326.8,56.71,0.0,18.2,8.6,5,331.172,2.495,870.160
326.8,56.44,0.0,14.5,9.4,5,333.381,2.505,869.667
361.8,55.74,20.7,0.0,17.8,5,358.917,2.635,861.251
361.8,55.66,48.3,0.0,16.8,5,361.960,2.653,859.872
361.8,55.75,80.8,0.0,16.3,5,364.968,2.671,858.418
361.8,55.85,76.6,0.0,16.5,5,366.958,2.683,857.406
373.5,55.93,60.1,0.0,17.9,5,369.916,2.700,855.827
373.5,55.97,71.2,0.0,19.5,5,371.869,2.711,854.734
373.5,56.12,84.5,0.0,21.7,5,374.768,2.729,853.032
373.5,56.24,84.8,0.0,22.8,5,376.684,2.741,851.858
385.4,56.36,69.5,0.0,24.4,5,379.529,2.758,850.037
385.4,56.41,65.0,0.0,25.3,5,381.406,2.769,848.786
385.4,56.45,56.5,0.0,26.6,5,384.187,2.784,846.855
397.2,56.45,50.9,0.0,27.3,5,386.923,2.799,844.859
397.2,56.43,48.7,0.0,27.3,5,388.720,2.809,843.492
397.2,56.40,46.4,0.0,26.0,5,391.372,2.826,841.389
397.2,56.37,46.6,0.0,25.3,5,393.110,2.837,839.952
408.9,56.34,49.9,0.0,24.3,5,395.673,2.853,837.747
408.9,56.33,52.8,0.0,23.5,5,397.351,2.863,836.242
408.9,56.35,60.2,0.0,22.3,5,399.821,2.880,833.934
408.9,56.33,33.0,5.7,21.9,5,401.436,2.892,832.363
420.6,56.06,0.0,3.2,20.7,5,403.807,2.909,829.963
420.6,55.91,32.4,0.0,19.3,5,405.347,2.919,828.338
420.6,55.98,82.9,0.0,16.4,5,407.607,2.935,825.857
420.6,56.09,85.5,0.0,15.1,5,409.083,2.944,824.171
431.8,56.27,85.7,0.0,13.8,5,411.255,2.956,821.594
431.8,56.39,85.7,0.0,12.6,5,412.673,2.962,819.844
431.8,56.57,85.8,0.0,11.1,5,414.753,2.974,817.168
431.8,56.76,86.0,0.0,11.0,5,416.774,2.988,814.436
442.9,56.90,86.1,0.0,11.6,5,418.093,2.997,812.584
442.9,57.10,86.1,0.0,12.0,5,420.030,3.007,809.766
442.9,57.23,86.2,0.0,11.7,5,421.290,3.015,807.859
442.9,57.43,86.4,0.0,11.1,5,423.134,3.030,804.956
454.0,57.57,86.4,0.0,10.4,5,424.333,3.040,802.994
454.0,57.77,86.6,0.0,9.3,5,426.085,3.060,800.011
454.0,57.90,86.7,0.0,8.7,5,427.220,3.075,797.996
454.0,58.11,86.8,0.0,8.4,5,428.878,3.098,794.937
465.4,58.25,86.8,0.0,8.0,5,429.952,3.114,792.873
465.4,58.44,86.7,0.0,8.6,5,431.516,3.141,789.741
465.4,58.60,86.1,0.0,8.2,5,432.529,3.157,787.631
465.4,58.80,87.2,0.0,7.1,5,434.005,3.180,784.434
477.0,58.93,87.2,0.0,6.6,5,434.957,3.197,782.281
477.0,59.15,86.6,0.0,6.1,5,436.342,3.223,779.021
477.0,59.35,86.1,0.0,4.8,5,437.675,3.251,775.726
477.0,59.48,87.4,0.0,3.5,5,438.534,3.271,773.510
488.7,59.68,87.9,0.0,-0.2,5,439.789,3.292,770.164
488.7,59.84,87.8,0.0,-2.1,5,440.602,3.299,767.917
488.7,60.05,87.8,0.0,-0.9,5,441.771,3.318,764.516
488.7,60.18,87.9,0.0,1.7,5,442.518,3.335,762.231
500.5,60.38,74.5,0.0,5.7,5,443.604,3.364,758.782
500.5,60.48,72.8,0.0,6.5,5,444.311,3.383,756.470
500.5,60.70,88.1,0.0,5.5,5,445.344,3.410,752.986
500.5,60.84,88.2,0.0,3.3,5,446.013,3.428,750.650
512.5,61.05,88.3,0.0,2.2,5,446.986,3.456,747.125
512.5,61.21,88.3,0.0,2.5,5,447.615,3.477,744.763
512.5,61.48,86.9,0.0,2.5,5,448.532,3.510,741.199
512.5,61.62,88.3,0.0,2.7,5,449.125,3.534,738.810
524.6,61.75,88.9,0.0,2.7,5,449.987,3.566,735.211
524.6,61.93,38.4,0.0,0.5,5,450.819,3.584,731.596
524.6,61.98,70.8,0.0,0.4,5,451.348,3.596,729.176
524.6,62.16,88.7,0.0,2.0,5,452.102,3.624,725.530
536.9,62.31,88.8,0.0,2.8,5,452.584,3.644,723.088
536.9,62.52,88.9,0.0,3.3,5,453.280,3.676,719.409
536.9,62.66,89.0,0.0,3.1,5,453.728,3.696,716.946
536.9,62.89,89.0,0.0,2.2,5,454.376,3.722,713.236
549.4,63.04,89.1,0.0,1.6,5,454.792,3.738,710.752
549.4,63.25,89.2,0.0,1.3,5,455.392,3.763,707.012
549.4,63.39,89.2,0.0,1.3,5,455.777,3.783,704.509
549.4,63.61,89.3,0.0,1.3,5,456.339,3.815,700.741
562.0,63.76,89.3,0.0,1.0,5,456.705,3.834,698.221
562.0,63.97,89.4,0.0,0.5,5,457.241,3.867,694.427
562.0,64.19,89.5,0.0,0.5,5,457.765,3.900,690.619
562.0,64.33,89.6,0.0,0.6,5,458.108,3.921,688.072
574.7,64.54,89.6,0.0,0.7,5,458.617,3.954,684.240
574.7,64.68,89.7,0.0,0.8,5,458.951,3.976,681.677
574.7,64.89,89.8,0.0,0.7,5,459.446,4.009,677.822
574.7,65.03,89.8,0.0,0.7,5,459.771,4.031,675.244
587.5,65.24,89.9,0.0,0.7,5,460.252,4.064,671.366
587.5,65.38,89.9,0.0,0.7,5,460.567,4.086,668.773
587.5,65.58,90.0,0.0,0.7,5,461.033,4.119,664.873
587.5,65.72,90.1,0.0,0.7,5,461.339,4.140,662.266
600.5,65.92,90.1,0.0,0.8,5,461.789,4.172,658.342
600.5,66.05,90.2,0.0,0.8,5,462.083,4.194,655.720
600.5,66.25,90.3,0.0,0.8,5,462.515,4.228,651.775
600.5,66.38,90.3,0.0,0.9,5,462.797,4.251,649.137
613.7,66.58,90.4,0.0,0.9,5,463.210,4.284,645.170
613.7,66.78,90.4,0.0,0.9,5,463.612,4.316,641.190
613.7,66.91,90.5,0.0,1.1,5,463.872,4.338,638.530
627.0,67.10,90.5,0.0,1.1,5,464.253,4.371,634.528
627.0,67.23,90.6,0.0,0.9,5,464.500,4.393,631.853
627.0,67.42,90.7,0.0,0.8,5,464.859,4.425,627.830
627.0,67.54,90.7,0.0,0.7,5,465.091,4.447,625.141
640.5,67.74,90.7,0.0,0.6,5,465.427,4.478,621.097
640.5,67.86,90.8,0.0,0.7,5,465.645,4.499,618.394
640.5,68.05,90.9,0.0,0.7,5,465.961,4.531,614.330
640.5,68.17,90.9,0.0,0.7,5,466.166,4.553,611.614
654.1,68.35,91.0,0.0,0.6,5,466.465,4.585,607.530
654.1,68.48,91.0,0.0,0.5,5,466.658,4.606,604.800
654.1,68.66,91.1,0.0,0.5,5,466.941,4.639,600.696
654.1,68.84,91.1,0.0,0.5,5,467.215,4.670,596.581
667.9,68.96,91.2,0.0,0.6,5,467.393,4.691,593.831
667.9,69.14,91.2,0.0,0.1,5,467.654,4.722,589.697
667.9,69.26,91.3,0.0,-0.1,5,467.825,4.742,586.935
667.9,69.43,91.3,0.0,-0.7,5,468.079,4.771,582.782
681.7,69.55,91.3,0.0,-0.2,5,468.248,4.789,580.008
681.7,69.72,91.4,0.0,0.5,5,468.505,4.814,575.838
681.7,69.84,91.4,0.0,1.0,5,468.677,4.830,573.052
681.7,70.01,91.5,0.0,0.5,5,468.934,4.851,568.865
695.7,70.13,91.5,0.0,-0.1,5,469.104,4.863,566.067
695.7,70.29,91.6,0.0,-0.0,5,469.355,4.879,561.863
695.7,70.40,91.6,0.0,0.1,5,469.520,4.890,559.054
695.7,70.57,91.7,0.0,0.3,5,469.766,4.906,554.832
709.8,70.60,0.0,0.0,-0.1,0,469.929,4.916,552.013
709.8,70.59,90.8,0.0,-0.3,6,470.171,4.928,547.786
709.8,70.75,90.9,0.0,0.0,6,470.412,4.938,543.553
709.8,70.85,90.9,0.0,-0.2,6,470.573,4.943,540.726
724.0,71.01,90.9,0.0,-0.1,6,470.817,4.949,536.478
724.0,71.11,91.0,0.0,0.4,6,470.980,4.951,533.641
724.0,71.26,91.0,0.0,0.7,6,471.226,4.955,529.377
724.0,71.37,91.1,0.0,0.7,6,471.389,4.956,526.529
738.3,71.52,91.1,0.0,0.2,6,471.628,4.954,522.249
738.3,71.62,91.1,0.0,0.0,6,471.785,4.951,519.391
738.3,71.78,91.2,0.0,0.0,6,472.014,4.945,515.095
738.3,71.88,91.2,0.0,0.1,6,472.164,4.941,512.226
752.7,72.03,91.2,0.0,0.1,6,472.387,4.933,507.915
752.7,72.13,91.3,0.0,0.1,6,472.534,4.925,505.036
752.7,72.29,91.3,0.0,0.2,6,472.752,4.912,500.709
752.7,72.39,91.3,0.0,0.2,6,472.897,4.900,497.820
767.2,72.54,91.4,0.0,0.1,6,473.112,4.880,493.478
767.2,72.68,91.4,0.0,0.0,6,473.325,4.857,489.127
767.2,72.78,91.5,0.0,0.0,6,473.465,4.840,486.221
767.2,72.92,91.5,0.0,0.1,6,473.673,4.816,481.855
781.8,73.03,91.5,0.0,0.3,6,473.812,4.799,478.940
781.8,73.17,91.6,0.0,-0.5,6,474.018,4.777,474.559
781.8,73.26,91.6,0.0,-0.8,6,474.155,4.765,471.634
781.8,73.41,91.6,0.0,-1.4,6,474.364,4.747,467.239
796.4,73.50,91.7,0.0,-1.7,6,474.509,4.734,464.305
796.4,73.64,91.7,0.0,-2.0,6,474.740,4.715,459.897
796.4,73.73,91.7,0.0,-2.4,6,474.906,4.704,456.954
796.4,73.87,91.8,0.0,-2.7,6,475.181,4.686,452.535
811.1,73.96,91.8,0.0,-3.0,6,475.382,4.671,449.586
811.1,74.09,91.8,0.0,-3.0,6,475.717,4.646,445.157
811.1,74.17,91.9,0.0,-3.3,6,475.965,4.632,442.203
811.1,74.30,91.9,0.0,-4.2,6,476.376,4.609,437.768
825.9,74.42,91.9,0.0,-4.3,6,476.835,4.578,433.330
825.9,74.49,91.9,0.0,-4.4,6,477.173,4.559,430.372
825.9,74.60,92.0,0.0,-4.5,6,477.736,4.540,425.935
825.9,74.67,92.0,0.0,-4.8,6,478.145,4.528,422.978
840.7,74.79,92.0,0.0,-4.7,6,478.813,4.508,418.544
840.7,74.86,92.1,0.0,-4.8,6,479.296,4.495,415.590
840.7,74.96,92.1,0.0,-5.3,6,480.078,4.479,411.165
840.7,75.03,92.1,0.0,-5.4,6,480.638,4.468,408.218
855.6,75.13,92.2,0.0,-5.7,6,481.536,4.451,403.804
855.6,75.20,92.2,0.0,-5.1,6,482.173,4.439,400.866
855.6,75.30,92.2,0.0,-4.9,6,483.188,4.415,396.467
855.6,75.37,92.2,0.0,-5.7,6,483.904,4.397,393.539
870.5,75.46,92.2,0.0,-8.0,6,485.033,4.363,389.158
870.5,75.55,92.3,0.0,-7.3,6,486.233,4.320,384.790
870.5,75.61,92.3,0.0,-7.1,6,487.076,4.289,381.887
885.4,75.69,92.3,0.0,-5.9,6,488.406,4.239,377.548
885.4,75.74,92.4,0.0,-5.5,6,489.338,4.204,374.667
885.4,75.83,92.4,0.0,-5.1,6,490.804,4.150,370.363
885.4,75.88,92.4,0.0,-5.4,6,491.826,4.112,367.507
900.8,75.96,92.4,0.0,-5.9,6,493.423,4.054,363.242
900.8,76.02,92.4,0.0,-5.4,6,494.532,4.016,360.412
900.8,76.11,92.5,0.0,-3.2,6,496.256,3.960,356.187
900.8,76.18,84.4,0.0,-1.1,6,497.444,3.922,353.382
916.4,76.06,7.6,13.6,1.4,6,499.273,3.865,349.195
916.4,75.64,0.0,17.8,2.4,6,501.135,3.812,345.042
916.4,75.34,0.0,20.2,2.5,6,502.379,3.778,342.289
916.4,74.76,0.0,45.3,2.7,6,504.227,3.720,338.180
931.9,74.22,0.0,56.0,2.5,6,505.439,3.678,335.457
931.9,73.29,0.0,53.7,2.2,6,507.214,3.617,331.401
931.9,72.70,0.0,50.3,2.4,6,508.363,3.584,328.716
931.9,71.89,0.0,42.6,3.4,6,510.035,3.542,324.713
946.8,71.39,0.0,42.3,4.0,6,511.115,3.516,322.057
946.8,70.65,0.0,41.1,3.2,6,512.680,3.477,318.093
946.8,70.16,0.0,37.7,3.0,6,513.686,3.454,315.462
946.8,69.48,0.0,48.8,4.4,6,515.136,3.423,311.530
960.7,68.90,0.0,60.0,5.0,6,516.063,3.404,308.920
960.7,67.93,0.0,59.3,5.4,6,517.385,3.381,305.032
960.7,67.30,0.0,55.8,4.8,6,518.221,3.369,302.458
960.7,66.41,0.0,45.5,5.1,6,519.405,3.354,298.624
973.9,65.63,0.0,39.7,5.4,6,520.507,3.340,294.818
973.9,65.16,0.0,39.9,5.3,6,521.194,3.330,292.293
973.9,64.47,0.0,13.5,5.6,6,522.155,3.314,288.524
973.9,64.29,60.2,0.0,5.9,6,522.749,3.303,286.019
986.6,64.32,35.3,21.8,7.2,6,523.573,3.285,282.250
986.6,64.00,0.0,39.1,8.6,6,524.078,3.272,279.731
986.6,63.33,0.0,20.4,9.2,6,524.763,3.255,275.973
986.6,63.04,9.8,2.6,7.9,6,525.171,3.246,273.479
1000.4,62.98,53.2,5.6,6.5,6,525.715,3.234,269.739
1000.4,62.86,5.4,26.1,5.8,6,526.031,3.228,267.241
1000.4,62.45,0.0,12.0,7.1,6,526.436,3.226,263.504
1000.4,62.27,13.8,2.0,7.0,6,526.674,3.216,261.021
1014.0,62.12,76.9,0.0,5.9,6,526.975,3.192,257.302
1014.0,62.12,61.2,0.0,6.0,6,527.110,3.198,254.821
1014.0,62.12,66.0,0.0,5.8,6,527.238,3.220,251.096
1014.0,62.18,73.4,0.0,3.9,6,527.323,3.212,247.370
1027.6,62.30,28.2,0.0,3.4,6,527.349,3.193,244.879
1027.6,62.02,0.6,2.5,8.0,6,527.302,3.177,241.149
1027.6,61.83,0.0,3.6,9.3,6,527.211,3.175,238.673
1027.6,61.56,0.0,3.3,11.0,6,527.000,3.179,234.977
1040.4,61.37,0.0,1.1,12.4,6,526.812,3.183,232.526
1040.4,61.12,0.7,0.0,13.2,6,526.458,3.195,228.868
1040.4,60.97,1.1,0.0,12.7,6,526.174,3.206,226.442
1040.4,60.74,1.6,0.2,12.4,6,525.680,3.223,222.824
1052.6,60.58,0.3,0.8,9.9,6,525.305,3.233,220.426
1052.6,60.31,0.0,4.8,6.3,6,524.674,3.251,216.854
1052.6,60.13,29.4,2.5,4.7,0,524.206,3.265,214.491
1052.6,59.95,39.2,0.0,2.6,5,523.436,3.291,210.973
1064.5,60.08,85.0,0.0,2.1,5,522.590,3.318,207.475
1064.5,60.22,85.7,0.0,2.6,5,521.986,3.338,205.146
1064.5,60.44,85.8,0.0,3.2,5,521.031,3.368,201.655
1064.5,60.59,85.9,0.0,2.5,5,520.368,3.388,199.328
1076.5,60.83,86.0,0.0,0.9,5,519.344,3.418,195.833
1076.5,60.98,86.1,0.0,0.0,5,518.645,3.438,193.500
1076.5,61.21,86.3,0.0,-1.5,5,517.581,3.468,189.992
1076.5,61.37,86.4,0.0,-2.2,5,516.865,3.488,187.648
1088.8,61.60,86.5,0.0,-2.6,5,515.793,3.515,184.119
1088.8,61.75,86.6,0.0,-2.8,5,515.083,3.533,181.757
1088.8,61.91,50.1,4.5,-3.4,5,514.033,3.557,178.198
1088.8,61.80,4.7,37.3,-3.8,5,513.347,3.571,175.819
1101.3,61.03,0.0,70.6,-4.1,5,512.352,3.588,172.267
1101.3,60.31,0.0,81.2,-2.7,5,511.716,3.600,169.923
1101.3,59.16,0.0,79.3,-2.6,5,510.804,3.617,166.455
1113.3,58.03,0.0,71.4,-3.5,5,509.946,3.633,163.044
1113.3,57.33,0.0,64.5,-2.4,5,509.408,3.642,160.799
1113.3,56.37,0.0,63.7,-2.3,5,508.650,3.656,157.472
1113.3,55.73,0.0,61.7,-1.6,5,508.179,3.666,155.278
1124.8,54.82,0.0,56.5,-3.2,5,507.524,3.683,152.025
1124.8,54.26,0.0,47.2,-4.6,5,507.117,3.693,149.881
1124.8,53.55,0.0,32.8,-6.1,5,506.557,3.707,146.695
1124.8,53.19,0.0,20.2,-7.2,5,506.216,3.716,144.588
1135.9,52.81,0.0,8.5,-8.6,5,505.754,3.726,141.442
1135.9,52.63,0.0,4.0,-9.4,5,505.480,3.731,139.350
1135.9,52.42,0.0,2.2,-10.4,5,505.124,3.737,136.219
1135.9,52.28,0.0,5.9,-11.0,5,504.924,3.738,134.135
1146.9,52.04,0.0,6.1,-12.3,5,504.679,3.737,131.014
1146.9,51.87,0.0,4.2,-13.5,5,504.553,3.733,128.939
1146.9,51.63,32.9,1.7,-14.0,0,504.419,3.720,125.837
1146.9,51.42,5.3,5.6,-12.1,4,504.362,3.705,122.745
1157.7,51.23,0.0,1.8,-10.5,4,504.372,3.697,120.692
1157.7,50.96,2.2,0.6,-7.7,4,504.459,3.693,117.627
1157.7,50.85,20.3,0.0,-5.9,4,504.565,3.696,115.594
1157.7,50.80,30.0,0.0,-4.0,4,504.775,3.690,112.552
1168.4,50.75,17.1,0.0,-4.4,4,504.955,3.684,110.529
1168.4,50.58,19.0,0.0,-4.7,4,505.288,3.675,107.508
1168.4,50.50,26.4,0.0,-4.0,4,505.551,3.668,105.502
1168.4,50.40,27.8,0.0,-5.3,4,506.024,3.669,102.512
1179.1,50.35,13.8,0.0,-6.0,4,506.371,3.663,100.527
1179.1,50.17,5.0,0.0,-5.7,4,506.937,3.637,97.564
1179.1,50.01,9.7,0.0,-6.8,4,507.364,3.626,95.606
1179.1,49.87,21.7,0.0,-7.9,4,508.064,3.609,92.694
1190.0,49.79,15.0,0.0,-7.7,4,508.565,3.592,90.765
1190.0,49.59,12.1,0.0,-8.3,4,509.380,3.566,87.897
1190.0,49.41,15.6,0.0,-11.4,4,510.273,3.541,85.064
1190.0,49.31,14.4,0.0,-13.8,4,510.906,3.521,83.194
1220.3,49.03,83.7,0.0,-16.1,4,520.765,3.209,61.964
1220.3,49.21,83.9,0.0,-10.8,4,521.785,3.189,60.286
1220.3,49.38,29.3,14.7,-3.1,4,523.374,3.161,57.790
1230.1,49.01,0.0,40.5,1.8,4,525.015,3.132,55.333
1230.1,48.56,0.0,58.7,5.0,4,526.122,3.114,53.724
1230.1,47.66,0.0,73.4,7.9,4,527.776,3.088,51.355
1230.1,46.98,0.0,79.1,8.2,4,528.861,3.071,49.802
1239.6,45.88,0.0,84.3,7.3,4,530.444,3.044,47.507
1239.6,45.12,0.0,86.7,6.5,4,531.465,3.026,45.998
1239.6,43.98,29.9,87.5,5.5,0,532.938,3.001,43.766
1239.6,43.24,0.0,64.9,4.7,3,533.882,2.984,42.297
1265.1,40.97,15.5,0.0,18.3,3,542.924,2.733,24.484
1265.1,41.00,47.9,0.0,16.9,3,543.768,2.696,22.176
1265.1,41.22,63.9,0.0,16.3,3,544.548,2.660,19.837
1265.1,41.38,59.4,0.0,17.1,3,545.033,2.636,18.258
1273.5,41.57,49.2,0.0,19.4,3,545.709,2.599,15.864
1273.5,41.63,35.1,0.0,21.3,3,546.123,2.574,14.252
1273.5,41.65,31.7,0.0,24.1,3,546.689,2.535,11.819
1273.5,41.69,43.1,0.0,25.3,3,547.029,2.508,10.188
1282.6,41.83,57.0,0.0,25.2,3,547.478,2.470,7.724
1282.6,41.96,54.2,0.0,25.8,3,547.740,2.445,6.069
1282.6,42.11,52.1,0.0,26.8,3,548.077,2.406,3.570
1282.6,42.21,50.6,0.0,27.8,3,548.265,2.378,1.895
1291.6,42.33,45.1,0.0,29.1,3,548.490,2.334,-0.631
1291.6,42.36,36.4,0.0,30.0,3,548.643,2.289,-3.167
1291.6,42.40,40.5,0.0,30.7,3,548.704,2.259,-4.860
1300.8,42.50,58.3,0.0,32.0,3,548.736,2.214,-7.406
1300.8,42.66,65.6,0.0,33.4,3,548.720,2.183,-9.108
1300.8,42.86,58.3,0.0,35.8,3,548.640,2.135,-11.672
1300.8,42.96,51.0,0.0,37.2,3,548.550,2.100,-13.385
1310.3,43.01,37.4,0.0,39.5,3,548.353,2.050,-15.957
1310.3,42.99,25.3,0.0,40.6,3,548.180,2.019,-17.668
1310.3,42.88,19.0,0.0,41.4,3,547.858,1.974,-20.224
1310.3,42.80,19.0,0.0,41.0,3,547.601,1.945,-21.918
1319.7,42.67,19.1,0.0,39.6,3,547.153,1.905,-24.442
1319.7,42.59,19.6,0.0,38.4,3,546.811,1.880,-26.113
1319.7,42.47,20.8,0.0,36.4,3,546.233,1.845,-28.598
1319.7,42.37,23.1,0.0,34.3,3,545.577,1.815,-31.057
1328.6,42.33,30.6,0.0,33.5,3,545.099,1.794,-32.682
1328.6,42.36,42.5,0.0,33.5,3,544.322,1.764,-35.100
1328.6,42.42,49.6,0.0,33.9,3,543.767,1.742,-36.702
1328.6,42.54,48.6,0.0,34.6,3,542.876,1.709,-39.089
1337.8,42.57,35.1,0.0,34.6,3,542.243,1.687,-40.669
1337.8,42.54,32.5,0.0,33.3,3,541.236,1.658,-43.015
1337.8,42.55,37.2,0.0,31.4,3,540.526,1.640,-44.561
1337.8,42.61,44.7,0.0,28.6,3,539.405,1.614,-46.856
1346.8,42.71,65.1,0.0,26.9,3,538.621,1.597,-48.371
1346.8,43.01,77.2,0.0,23.9,3,537.388,1.571,-50.627
1346.8,43.21,76.5,0.0,21.5,3,536.526,1.555,-52.120
1346.8,43.54,84.7,0.0,17.7,3,535.173,1.531,-54.343
1355.7,43.78,84.9,0.0,14.7,3,534.231,1.516,-55.813
1355.7,44.15,85.0,0.0,9.9,3,532.759,1.494,-58.000
1355.7,44.51,85.1,0.0,6.2,3,531.217,1.472,-60.166
1355.7,44.75,85.2,0.0,4.5,3,530.152,1.457,-61.598
1364.6,45.13,85.2,0.0,2.8,3,528.500,1.432,-63.728
1364.6,45.39,85.3,0.0,2.5,3,527.363,1.414,-65.137
1364.6,45.79,85.3,0.0,3.5,3,525.607,1.386,-67.233
1364.6,46.06,85.3,0.0,4.6,3,524.404,1.365,-68.620
1373.7,46.45,85.4,0.0,6.4,3,522.554,1.334,-70.687
1373.7,46.72,85.4,0.0,7.3,3,521.292,1.311,-72.056
1373.7,47.10,85.5,0.0,8.4,3,519.358,1.277,-74.100
1373.7,47.36,85.5,0.0,7.9,3,518.042,1.254,-75.455
1382.9,47.74,85.6,0.0,6.8,3,516.028,1.217,-77.474
1382.9,48.00,85.7,0.0,7.7,3,514.658,1.190,-78.812
1382.9,48.38,85.7,0.0,8.8,3,512.562,1.147,-80.802
1382.9,48.74,85.8,0.0,9.4,3,510.414,1.107,-82.768
1392.3,48.98,85.9,0.0,9.3,3,508.952,1.081,-84.064
1392.3,49.33,86.0,0.0,9.0,3,506.713,1.045,-85.983
1392.3,49.56,86.1,0.0,8.9,3,505.192,1.021,-87.245
1392.3,49.91,86.1,0.0,8.6,3,502.867,0.983,-89.115
1402.0,50.14,86.2,0.0,6.8,0,501.289,0.955,-90.344
1402.0,50.12,84.0,0.0,4.3,4,498.887,0.910,-92.154
1402.0,50.33,84.2,0.0,2.2,4,497.264,0.880,-93.337
1402.0,50.65,84.3,0.0,1.1,4,494.791,0.834,-95.085
1412.0,50.87,84.4,0.0,1.7,4,493.120,0.805,-96.237
1412.0,51.20,84.6,0.0,2.4,4,490.582,0.762,-97.950
1412.0,51.42,84.8,0.0,2.3,4,488.873,0.735,-99.085
1412.0,51.75,84.9,0.0,1.2,4,486.285,0.697,-100.781
1422.2,52.07,85.1,0.0,0.0,4,483.671,0.661,-102.473
1422.2,52.30,85.3,0.0,-0.6,4,481.916,0.638,-103.602
1422.2,52.62,85.4,0.0,-1.0,4,479.266,0.605,-105.299
1422.2,52.84,85.6,0.0,-1.4,4,477.490,0.582,-106.435
1432.7,53.15,85.7,0.0,-2.3,4,474.813,0.549,-108.151
1432.7,53.37,85.9,0.0,-3.2,4,473.023,0.526,-109.305
1432.7,53.69,86.0,0.0,-3.3,4,470.332,0.494,-111.057
1432.7,53.89,86.2,0.0,-3.0,4,468.537,0.475,-112.242
1443.6,54.18,86.3,0.0,-3.6,4,465.842,0.448,-114.046
1443.6,54.42,86.4,0.0,-3.6,4,464.047,0.431,-115.267
1443.6,54.73,86.5,0.0,-4.5,4,461.355,0.409,-117.132
1443.6,54.92,86.8,0.0,-5.1,4,459.565,0.396,-118.397
1455.0,55.26,86.8,0.0,-5.8,4,456.883,0.369,-120.326
1455.0,55.52,86.9,0.0,-6.7,4,454.211,0.336,-122.299
1455.0,55.72,87.0,0.0,-7.1,4,452.439,0.313,-123.643
1466.5,55.97,87.1,0.0,-7.0,4,449.799,0.282,-125.706
1466.5,56.16,87.2,0.0,-6.3,4,448.054,0.265,-127.114
1466.5,56.42,87.4,0.0,-5.7,4,445.462,0.247,-129.278
1466.5,56.61,87.4,0.0,-5.6,4,443.749,0.235,-130.751
1478.2,56.87,87.6,0.0,-6.3,4,441.201,0.218,-133.009
1478.2,57.06,87.6,0.0,-5.5,4,439.519,0.208,-134.545
1478.2,57.32,87.8,0.0,-5.5,4,437.021,0.197,-136.897
1478.2,57.51,87.8,0.0,-5.5,4,435.370,0.192,-138.493
1490.1,57.78,88.0,0.0,-5.6,4,432.916,0.186,-140.929
1490.1,57.96,88.0,0.0,-5.6,4,431.293,0.181,-142.579
1490.1,58.22,88.1,0.0,-5.1,4,428.880,0.173,-145.093
1490.1,58.40,88.2,0.0,-4.7,4,427.286,0.168,-146.796
1502.0,58.66,88.3,0.0,-3.9,4,424.918,0.162,-149.389
1502.0,58.93,88.4,0.0,-3.5,4,422.578,0.158,-152.027
1502.0,59.10,88.5,0.0,-3.6,4,421.031,0.158,-153.810
1502.0,59.37,88.6,0.0,-4.3,4,418.732,0.163,-156.519
1513.9,59.53,88.7,0.0,-4.5,4,417.210,0.167,-158.347
1513.9,59.80,88.8,0.0,-4.4,4,414.946,0.168,-161.119
1513.9,59.97,88.9,0.0,-4.5,4,413.449,0.166,-162.988
1513.9,60.22,89.0,0.0,-4.4,4,411.224,0.160,-165.825
1525.8,60.39,89.0,0.0,-4.6,4,409.756,0.155,-167.739
1525.8,60.64,89.2,0.0,-5.2,4,407.578,0.143,-170.643
1525.8,60.79,89.2,0.0,-5.6,4,406.143,0.134,-172.602
1525.8,61.03,89.3,0.0,-4.1,0,404.019,0.120,-175.576
1537.8,60.98,0.0,0.0,-4.0,0,402.623,0.109,-177.578
1537.8,61.12,88.1,0.0,-3.1,5,400.563,0.088,-180.604
1537.8,61.27,88.2,0.0,-2.8,5,399.208,0.074,-182.642
1537.8,61.50,88.3,0.0,-2.6,5,397.200,0.052,-185.729
1550.0,61.74,88.4,0.0,-2.6,5,395.218,0.031,-188.850
1550.0,61.89,88.4,0.0,-2.4,5,393.910,0.017,-190.947
1550.0,62.12,88.5,0.0,-2.2,5,391.964,-0.000,-194.117
1550.0,62.27,88.6,0.0,-1.8,5,390.677,-0.010,-196.246
1562.4,62.50,88.7,0.0,-1.4,5,388.761,-0.023,-199.461
1562.4,62.65,88.8,0.0,-1.3,5,387.491,-0.031,-201.617
1562.4,62.88,88.8,0.0,-1.1,5,385.597,-0.039,-204.871
1562.4,63.03,88.9,0.0,-1.0,5,384.340,-0.043,-207.053
1574.9,63.26,89.0,0.0,-0.7,5,382.461,-0.048,-210.342
1574.9,63.40,89.1,0.0,-0.5,5,381.213,-0.051,-212.546
1574.9,63.64,89.1,0.0,-0.6,5,379.344,-0.056,-215.868
1574.9,63.79,89.2,0.0,-0.9,5,378.101,-0.058,-218.092
1587.6,64.01,89.3,0.0,-1.0,5,376.238,-0.062,-221.442
1587.6,64.23,89.4,0.0,-0.8,5,374.379,-0.064,-224.809
1587.6,64.37,89.4,0.0,-0.7,5,373.141,-0.064,-227.063
1587.6,64.59,89.5,0.0,-0.6,5,371.288,-0.065,-230.459
1600.5,64.73,89.5,0.0,-0.6,5,370.055,-0.067,-232.732
1600.5,64.95,89.6,0.0,-0.6,5,368.208,-0.070,-236.156
1600.5,65.10,89.7,0.0,-0.6,5,366.979,-0.075,-238.448
1600.5,65.31,89.7,0.0,-0.7,5,365.136,-0.084,-241.899
1613.5,65.45,89.8,0.0,-0.7,5,363.910,-0.091,-244.208
1613.5,65.66,89.9,0.0,-0.8,5,362.074,-0.103,-247.686
1613.5,65.80,89.9,0.0,-0.7,5,360.851,-0.113,-250.013
1613.5,66.01,90.0,0.0,-0.8,5,359.022,-0.127,-253.518
1626.6,66.14,90.0,0.0,-0.9,5,357.805,-0.137,-255.864
1626.6,66.35,90.1,0.0,-0.7,5,355.983,-0.152,-259.396
1626.6,66.48,90.2,0.0,-0.7,5,354.772,-0.162,-261.760
1626.6,66.69,90.2,0.0,-0.5,5,352.959,-0.178,-265.320
1639.9,66.89,90.3,0.0,-0.5,5,351.151,-0.194,-268.896
1639.9,67.02,90.4,0.0,-0.5,5,349.948,-0.204,-271.288
1639.9,67.22,90.4,0.0,-0.4,5,348.147,-0.221,-274.889
1639.9,67.35,90.5,0.0,-0.3,5,346.947,-0.231,-277.298
1653.3,67.55,90.5,0.0,-0.4,5,345.149,-0.248,-280.923
1653.3,67.69,90.6,0.0,-0.4,5,343.950,-0.260,-283.348
1653.3,67.88,90.6,0.0,-0.3,5,342.152,-0.280,-286.995
1653.3,68.01,90.7,0.0,-0.1,5,340.953,-0.294,-289.434
1666.8,68.20,90.8,0.0,0.0,5,339.153,-0.316,-293.102
1666.8,68.33,90.8,0.0,0.0,5,337.953,-0.331,-295.555
1666.8,68.52,90.9,0.0,-0.0,5,336.150,-0.353,-299.243
1666.8,68.66,90.9,0.0,-0.0,5,334.947,-0.373,-301.708
1680.5,68.83,91.0,0.0,-0.0,5,333.137,-0.399,-305.414
1680.5,68.95,91.0,0.0,-0.0,5,331.929,-0.412,-307.890
1680.5,69.15,91.1,0.0,-0.0,5,330.113,-0.432,-311.613
1694.3,69.33,91.1,0.0,0.0,5,328.292,-0.457,-315.347
1694.3,69.45,91.2,0.0,0.0,5,327.076,-0.474,-317.842
1694.3,69.63,91.2,0.0,0.0,5,325.248,-0.499,-321.592
1694.3,69.76,91.3,0.0,-0.0,5,324.027,-0.515,-324.098
1708.2,69.93,91.3,0.0,-0.0,5,322.192,-0.538,-327.865
1708.2,70.05,91.4,0.0,-0.0,5,320.966,-0.553,-330.381
1708.2,70.23,91.4,0.0,-0.1,5,319.124,-0.578,-334.165
1708.2,70.34,91.5,0.0,-0.1,5,317.894,-0.593,-336.693
1722.3,70.52,91.5,0.0,-0.1,5,316.046,-0.618,-340.492
1722.3,70.63,91.6,0.0,-0.1,0,314.812,-0.634,-343.031
1722.3,70.54,90.6,0.0,-0.0,6,312.961,-0.658,-346.840
1722.3,70.70,90.7,0.0,-0.0,6,311.110,-0.682,-350.652
1736.4,70.81,90.7,0.0,-0.1,6,309.875,-0.699,-353.198
1736.4,70.97,90.8,0.0,-0.1,6,308.020,-0.724,-357.025
1736.4,71.08,90.8,0.0,-0.1,6,306.781,-0.742,-359.581
1736.4,71.24,90.9,0.0,-0.0,6,304.921,-0.770,-363.424
1750.6,71.35,90.9,0.0,-0.0,6,303.679,-0.789,-365.991
1750.6,71.50,90.9,0.0,-0.0,6,301.814,-0.820,-369.849
1750.6,71.61,91.0,0.0,-0.0,6,300.569,-0.840,-372.426
1750.6,71.77,91.0,0.0,-0.1,6,298.698,-0.872,-376.299
1764.9,71.87,91.0,0.0,-0.1,6,297.450,-0.893,-378.886
1764.9,72.03,91.1,0.0,-0.1,6,295.575,-0.927,-382.774
1764.9,72.13,91.1,0.0,-0.1,6,294.323,-0.949,-385.371
1764.9,72.28,91.2,0.0,-0.1,6,292.443,-0.982,-389.273
1779.3,72.38,91.2,0.0,-0.0,6,291.188,-1.003,-391.880
1779.3,72.53,91.3,0.0,-0.0,6,289.302,-1.035,-395.796
1779.3,72.69,91.3,0.0,-0.0,6,287.413,-1.068,-399.722
1779.3,72.79,91.3,0.0,0.0,6,286.152,-1.091,-402.343
1793.8,72.94,91.4,0.0,0.1,6,284.256,-1.127,-406.282
1793.8,73.03,91.4,0.0,0.1,6,282.990,-1.147,-408.912
1793.8,73.17,91.4,0.0,0.1,6,281.086,-1.174,-412.863
1793.8,73.28,91.5,0.0,0.1,6,279.815,-1.192,-415.501
1808.5,73.42,91.5,0.0,0.1,6,277.903,-1.221,-419.465
1808.5,73.51,91.6,0.0,0.1,6,276.626,-1.239,-422.111
1808.5,73.66,91.6,0.0,0.1,6,274.706,-1.268,-426.087
1808.5,73.76,91.6,0.0,0.1,6,273.422,-1.287,-428.741
1823.2,73.90,91.7,0.0,0.2,6,271.492,-1.317,-432.728
1823.2,73.99,91.7,0.0,0.2,6,270.202,-1.338,-435.389
1823.2,74.13,91.7,0.0,0.3,6,268.262,-1.368,-439.386
1823.2,74.27,91.7,0.0,0.3,6,266.315,-1.398,-443.390
1838.0,74.36,91.8,0.0,0.3,6,265.013,-1.417,-446.062
1838.0,74.50,91.8,0.0,0.3,6,263.055,-1.446,-450.075
1838.0,74.59,91.8,0.0,0.3,6,261.745,-1.464,-452.753
1838.0,74.72,91.9,0.0,0.2,6,259.774,-1.491,-456.775
1852.9,74.81,91.9,0.0,0.3,6,258.455,-1.508,-459.459
1852.9,74.95,91.9,0.0,0.3,6,256.470,-1.534,-463.490
1852.9,75.04,92.0,0.0,0.3,6,255.143,-1.552,-466.180
1852.9,75.17,92.0,0.0,0.3,6,253.145,-1.580,-470.218
1867.9,75.26,92.0,0.0,0.3,6,251.808,-1.597,-472.913
1867.9,75.39,92.0,0.0,0.3,6,249.796,-1.624,-476.960
1867.9,75.47,92.1,0.0,0.3,6,248.450,-1.642,-479.660
1867.9,75.60,92.1,0.0,0.2,6,246.424,-1.666,-483.714
1883.0,75.68,92.1,0.0,0.2,6,245.069,-1.683,-486.419
1883.0,75.81,92.2,0.0,0.2,6,243.030,-1.706,-490.480
1883.0,75.94,92.2,0.0,0.2,6,240.984,-1.729,-494.546
1883.0,76.02,92.2,0.0,0.2,6,239.615,-1.744,-497.259
1898.2,76.14,92.3,0.0,0.2,6,237.557,-1.766,-501.333
1898.2,76.23,92.3,0.0,0.2,6,236.180,-1.782,-504.052
1898.2,76.35,92.3,0.0,0.2,6,234.111,-1.805,-508.135
1898.2,76.43,92.3,0.0,0.2,6,232.728,-1.821,-510.859
1913.4,76.56,92.3,0.0,0.2,6,230.647,-1.845,-514.950
1913.4,76.64,92.4,0.0,0.2,6,229.257,-1.860,-517.680
1913.4,76.76,92.4,0.0,0.1,6,227.166,-1.885,-521.780
1913.4,76.84,92.4,0.0,0.1,6,225.769,-1.903,-524.515
1928.8,76.95,92.5,0.0,-0.0,6,223.667,-1.927,-528.622
1928.8,77.03,92.5,0.0,-0.1,6,222.263,-1.941,-531.363
1928.8,77.15,92.5,0.0,-0.1,6,220.153,-1.962,-535.478
1928.8,77.23,92.5,0.0,-0.1,6,218.745,-1.977,-538.226
1944.2,77.35,92.6,0.0,-0.2,6,216.629,-2.004,-542.352
1944.2,77.46,92.6,0.0,-0.3,6,214.512,-2.037,-546.485
1944.2,77.55,92.6,0.0,-0.3,6,213.100,-2.063,-549.245
1959.7,77.66,92.6,0.0,-0.2,6,210.982,-2.105,-553.391
1959.7,77.73,92.7,0.0,-0.2,6,209.571,-2.134,-556.160
1959.7,77.84,92.7,0.0,-0.3,6,207.457,-2.180,-560.320
1959.7,77.92,92.7,0.0,-0.3,6,206.048,-2.212,-563.098
1975.2,78.03,92.7,0.0,-0.3,6,203.937,-2.263,-567.273
1975.2,78.10,92.7,0.0,-0.2,6,202.531,-2.297,-570.061
1975.2,78.22,92.7,0.0,-0.3,6,200.426,-2.348,-574.251
1975.2,78.29,92.8,0.0,-0.3,6,199.024,-2.383,-577.049
1990.9,78.40,92.8,0.0,-0.3,6,196.924,-2.436,-581.254
1990.9,78.47,92.8,0.0,-0.3,6,195.526,-2.473,-584.062
1990.9,78.57,92.9,0.0,-0.2,6,193.432,-2.527,-588.282
1990.9,78.68,92.9,0.0,-0.0,6,191.340,-2.578,-592.510
2006.6,78.76,92.9,0.0,0.1,6,189.946,-2.615,-595.333
2006.6,78.86,92.9,0.0,0.3,6,187.856,-2.674,-599.574
2006.6,78.93,93.0,0.0,0.3,6,186.462,-2.711,-602.405
2006.6,79.03,93.0,0.0,0.3,6,184.367,-2.768,-606.655
2022.3,79.10,93.0,0.0,0.4,6,182.967,-2.806,-609.491
2022.3,79.20,93.1,0.0,0.6,0,180.861,-2.857,-613.747
2022.3,79.10,0.0,0.0,0.6,0,179.454,-2.892,-616.583
2022.3,79.14,92.3,0.0,0.7,7,177.337,-2.944,-620.830
2038.2,79.20,92.3,0.0,0.7,7,175.918,-2.978,-623.662
2038.2,79.29,92.3,0.0,0.8,7,173.779,-3.022,-627.907
2038.2,79.36,92.4,0.0,0.8,7,172.345,-3.049,-630.737
2038.2,79.45,92.4,0.0,0.8,7,170.181,-3.087,-634.981
2054.0,79.51,92.4,0.0,0.8,7,168.730,-3.111,-637.810
2054.0,79.60,92.4,0.0,0.7,7,166.541,-3.145,-642.051
2054.0,79.69,92.4,0.0,0.6,7,164.337,-3.175,-646.291
2054.0,79.75,92.5,0.0,0.6,7,162.860,-3.192,-649.117
2069.9,79.83,92.5,0.0,0.4,7,160.633,-3.214,-653.355
2069.9,79.89,92.5,0.0,0.4,7,159.142,-3.225,-656.180
2069.9,79.98,92.5,0.0,0.4,7,156.894,-3.238,-660.416
2069.9,80.04,92.5,0.0,0.4,7,155.389,-3.243,-663.240
2085.9,80.12,92.5,0.0,0.6,7,153.123,-3.248,-667.477
2085.9,80.18,92.5,0.0,0.5,7,151.607,-3.249,-670.302
2085.9,80.26,92.6,0.0,0.9,7,149.325,-3.247,-674.539
2085.9,80.32,92.6,0.0,0.7,7,147.797,-3.243,-677.364
2101.9,80.40,92.6,0.0,1.2,7,145.495,-3.233,-681.600
2101.9,80.45,92.6,0.0,1.1,7,143.951,-3.225,-684.423
2101.9,80.53,92.6,0.0,0.9,7,141.620,-3.209,-688.652
2101.9,80.58,92.6,0.0,1.0,7,140.054,-3.196,-691.468
2118.0,80.65,92.7,0.0,0.8,7,137.688,-3.171,-695.686
2118.0,80.73,92.7,0.0,0.7,7,135.303,-3.140,-699.899
2118.0,80.78,92.7,0.0,0.5,7,133.703,-3.117,-702.706
2118.0,80.86,92.7,0.0,0.7,7,131.290,-3.079,-706.912
2134.1,80.91,92.7,0.0,0.8,7,129.673,-3.052,-709.714
2134.1,80.98,92.7,0.0,0.9,7,127.236,-3.005,-713.914
2134.1,81.02,92.8,0.0,1.1,7,125.602,-2.971,-716.711
2134.1,81.09,92.8,0.0,1.3,7,123.135,-2.913,-720.902
2150.2,81.12,79.0,0.0,1.7,7,121.479,-2.871,-723.691
2150.2,80.86,2.6,51.8,1.3,7,118.979,-2.803,-727.862
2150.2,80.22,0.0,75.7,1.0,7,117.310,-2.755,-730.620
2150.2,78.98,0.0,88.0,1.0,7,114.819,-2.674,-734.698
2166.3,78.09,0.0,90.7,1.0,7,113.170,-2.617,-737.373
2166.3,76.72,0.0,91.5,0.8,7,110.716,-2.528,-741.319
2166.3,75.36,0.0,92.3,0.7,7,108.287,-2.437,-745.183
2166.3,74.44,0.0,91.6,0.7,7,106.681,-2.376,-747.715
2181.5,73.09,0.0,91.8,1.2,7,104.294,-2.284,-751.443
2181.5,72.19,0.0,92.2,1.6,7,102.716,-2.224,-753.885
2181.5,70.85,0.0,92.7,1.9,7,100.369,-2.135,-757.479
2181.5,70.01,0.0,96.5,2.0,0,98.816,-2.079,-759.830
2195.8,68.58,0.0,92.4,0.8,6,96.506,-2.008,-763.290
2195.8,67.67,0.0,90.2,-0.3,6,94.974,-1.957,-765.545
2195.8,66.37,0.0,92.7,0.2,6,92.687,-1.878,-768.854
2195.8,65.47,0.0,91.9,0.7,6,91.172,-1.828,-771.013
2209.3,64.13,0.0,91.1,0.9,6,88.916,-1.755,-774.183
2209.3,63.26,0.0,91.3,1.7,6,87.424,-1.704,-776.249
2209.3,61.96,30.0,91.5,1.7,0,85.204,-1.631,-779.282
2209.3,61.10,0.0,92.2,1.2,5,83.736,-1.583,-781.259
2221.8,59.80,0.0,91.5,1.4,5,81.554,-1.515,-784.159
2221.8,58.50,0.0,90.6,1.5,5,79.396,-1.451,-786.978
2221.8,57.63,0.0,90.1,2.1,5,77.970,-1.410,-788.813
2233.4,56.36,0.0,89.4,3.4,5,75.847,-1.350,-791.497
2233.4,55.52,0.0,89.7,4.2,5,74.443,-1.312,-793.241
2233.4,54.26,0.0,89.8,4.4,0,72.350,-1.258,-795.787
2233.4,53.45,28.1,85.3,3.8,0,70.962,-1.223,-797.436
2244.2,52.26,0.0,74.4,2.3,4,68.889,-1.172,-799.838
2244.2,51.54,0.0,55.4,1.1,4,67.511,-1.138,-801.392
2244.2,50.73,0.0,29.7,-0.7,4,65.439,-1.088,-803.654
2244.2,50.35,0.0,21.1,-1.1,4,64.047,-1.055,-805.120
2254.2,49.91,0.0,14.8,1.0,4,61.934,-1.005,-807.260
2254.2,49.66,0.0,12.4,3.7,4,60.507,-0.972,-808.650
2254.2,49.34,0.0,10.3,7.9,4,58.341,-0.922,-810.682
2254.2,49.04,0.0,8.5,11.3,4,56.148,-0.871,-812.656
2264.0,48.86,0.0,7.8,12.4,4,54.671,-0.837,-813.942
2264.0,48.60,0.0,7.1,12.6,4,52.433,-0.787,-815.824
2264.0,48.42,0.0,6.3,12.3,4,50.926,-0.754,-817.047
2264.0,48.16,0.0,5.2,11.1,4,48.641,-0.706,-818.828
2273.6,47.99,0.0,3.9,10.8,4,47.101,-0.673,-819.979
2273.6,47.76,0.0,2.4,10.7,4,44.764,-0.625,-821.649
2273.6,47.62,0.0,1.0,11.3,4,43.189,-0.593,-822.726
2273.6,47.42,0.2,0.1,12.1,4,40.803,-0.546,-824.286
2283.2,47.29,3.7,0.0,12.7,4,39.195,-0.515,-825.287
2283.2,47.12,6.0,0.0,13.5,4,36.759,-0.467,-826.732
2283.2,47.01,6.1,0.0,14.0,4,35.120,-0.435,-827.657
2283.2,46.84,5.3,0.0,14.5,4,32.638,-0.387,-828.986
2292.9,46.72,5.0,0.0,14.7,4,30.969,-0.355,-829.833
2292.9,46.55,5.0,0.0,14.6,4,28.448,-0.308,-831.045
2292.9,46.38,7.6,0.0,14.4,4,25.903,-0.261,-832.185
2292.9,46.27,7.8,0.0,14.2,4,24.196,-0.229,-832.903
2302.6,46.11,9.2,0.0,14.1,4,21.617,-0.180,-833.918
2302.6,46.01,7.6,0.0,12.4,4,19.888,-0.147,-834.553
2302.6,45.85,2.8,0.0,13.2,4,17.281,-0.098,-835.448
2302.6,45.72,1.5,0.0,14.3,4,15.537,-0.068,-836.006
2312.3,45.54,4.1,0.0,15.2,4,12.912,-0.023,-836.784
2312.3,45.43,4.7,0.0,15.0,4,11.156,0.007,-837.261
2312.3,45.25,3.5,0.0,14.4,4,8.516,0.054,-837.913
2312.3,45.13,1.3,0.0,14.0,4,6.751,0.086,-838.307
2321.9,44.94,0.3,0.0,13.6,4,4.101,0.134,-838.835
2321.9,44.82,0.3,0.4,13.3,4,2.334,0.165,-839.148
2321.9,44.63,0.0,0.9,13.0,4,-0.318,0.211,-839.556
2321.9,44.50,0.0,1.5,13.4,4,-2.086,0.241,-839.788
2331.3,44.31,0.0,0.9,13.8,4,-4.734,0.284,-840.075
2331.3,44.12,0.0,1.4,12.0,4,-7.378,0.326,-840.292
2331.3,43.99,0.0,1.8,11.3,4,-9.137,0.353,-840.397
2331.3,43.80,0.0,0.9,11.4,4,-11.769,0.392,-840.498
2340.7,43.73,27.9,0.0,11.5,4,-13.519,0.417,-840.527
2340.7,43.84,68.9,0.0,11.5,4,-16.145,0.453,-840.517
2340.7,43.94,36.4,16.7,11.5,4,-17.900,0.475,-840.476
2340.7,43.59,0.0,37.3,12.8,4,-20.526,0.506,-840.363
2350.2,43.23,0.0,15.9,13.9,4,-22.259,0.525,-840.256
2350.2,42.97,30.2,0.0,13.7,4,-24.835,0.550,-840.046
2350.2,43.04,70.7,0.0,13.6,4,-26.545,0.566,-839.870
2350.2,43.31,81.8,0.0,13.1,4,-29.115,0.587,-839.552
2359.4,43.50,81.8,0.0,12.8,4,-30.833,0.599,-839.304
2359.4,43.78,81.9,0.0,13.2,4,-33.416,0.615,-838.878
2359.4,43.96,82.1,0.0,13.7,4,-35.140,0.625,-838.555
2359.4,44.23,82.2,0.0,14.5,4,-37.728,0.640,-838.012
2368.5,44.51,81.9,0.0,14.9,4,-40.318,0.657,-837.398
2368.5,44.69,79.7,0.0,15.3,4,-42.045,0.668,-836.951
2368.5,44.94,74.3,0.0,15.4,4,-44.633,0.683,-836.224
2368.5,45.10,74.2,0.0,15.6,4,-46.356,0.692,-835.702
2378.0,45.34,78.1,0.0,16.0,4,-48.936,0.702,-834.864
2378.0,45.50,78.3,0.0,15.6,4,-50.651,0.709,-834.267
2378.0,45.76,79.7,0.0,15.2,4,-53.216,0.718,-833.311
2378.0,45.93,80.0,0.0,15.2,4,-54.920,0.725,-832.635
2387.6,46.20,81.7,0.0,15.2,4,-57.467,0.733,-831.562
2387.6,46.38,82.4,0.0,15.4,4,-59.158,0.736,-830.809
2387.6,46.66,83.1,0.0,15.8,4,-61.684,0.738,-829.624
2387.6,46.84,83.2,0.0,16.0,4,-63.360,0.738,-828.795
2397.3,47.12,83.3,0.0,16.7,4,-65.859,0.737,-827.493
2397.3,47.39,82.1,0.0,17.7,4,-68.341,0.734,-826.121
2397.3,47.56,79.7,0.0,18.1,4,-69.983,0.731,-825.169
2426.4,49.46,79.2,0.0,20.5,4,-89.423,0.624,-810.715
2445.7,51.55,86.3,0.0,18.4,4,-106.107,0.380,-791.848
2476.4,53.73,83.7,0.0,-15.8,4,-120.807,-0.187,-766.302
2476.4,54.04,87.4,0.0,-7.3,4,-122.175,-0.279,-763.375
2487.3,54.19,87.8,0.0,-1.3,4,-123.090,-0.339,-761.413
2487.3,54.59,87.8,0.0,2.8,4,-124.486,-0.430,-758.464
2487.3,54.93,87.8,0.0,1.1,4,-125.917,-0.528,-755.508
2487.3,55.14,87.9,0.0,-1.1,4,-126.890,-0.595,-753.535
2498.4,55.46,88.0,0.0,-3.2,4,-128.372,-0.697,-750.570
2498.4,55.66,88.1,0.0,-3.6,4,-129.375,-0.764,-748.588
2498.4,55.98,88.2,0.0,-3.2,4,-130.903,-0.866,-745.610
2498.4,56.18,88.3,0.0,-2.7,4,-131.939,-0.934,-743.622
2509.9,56.52,88.4,0.0,-2.1,4,-133.520,-1.036,-740.636
2509.9,56.71,88.5,0.0,-2.0,4,-134.591,-1.105,-738.643
2509.9,57.02,88.6,0.0,-2.3,4,-136.224,-1.214,-735.650
2509.9,57.22,88.7,0.0,-2.4,4,-137.330,-1.292,-733.653
2521.5,57.52,88.8,0.0,-2.6,4,-139.014,-1.414,-730.655
2521.5,57.71,88.9,0.0,-2.4,4,-140.155,-1.498,-728.654
2521.5,58.01,89.0,0.0,-2.3,4,-141.893,-1.629,-725.652
2521.5,58.21,89.0,0.0,-2.4,4,-143.068,-1.722,-723.649
2533.2,58.51,89.1,0.0,-2.1,4,-144.857,-1.867,-720.644
2533.2,58.71,89.2,0.0,-1.9,4,-146.068,-1.966,-718.639
2533.2,59.00,89.3,0.0,-1.7,4,-147.912,-2.113,-715.632
2533.2,59.29,89.4,0.0,-1.6,4,-149.786,-2.262,-712.623
2545.1,59.48,89.5,0.0,-1.7,4,-151.051,-2.362,-710.615
2545.1,59.77,89.6,0.0,-1.5,4,-152.971,-2.511,-707.601
2545.1,59.96,89.6,0.0,-1.3,4,-154.266,-2.608,-705.589
2545.1,60.24,89.8,0.0,-1.2,4,-156.230,-2.749,-702.569
2557.2,60.43,89.8,0.0,-1.2,4,-157.554,-2.841,-700.554
2557.2,60.71,89.9,0.0,-1.2,4,-159.558,-2.977,-697.526
2557.2,60.89,90.0,0.0,-1.3,4,-160.907,-3.066,-695.505
2557.2,61.16,90.1,0.0,-1.3,0,-162.948,-3.196,-692.468
2569.5,61.12,0.0,0.0,-1.3,0,-164.320,-3.280,-690.445
2569.5,61.30,88.9,0.0,-1.1,5,-166.390,-3.396,-687.416
2569.5,61.46,89.0,0.0,-1.1,5,-167.783,-3.468,-685.395
2569.5,61.71,89.1,0.0,-1.1,5,-169.889,-3.567,-682.362
2581.8,61.96,89.2,0.0,-1.0,5,-172.018,-3.655,-679.325
2581.8,62.12,89.2,0.0,-1.0,5,-173.449,-3.707,-677.298
2581.8,62.36,89.3,0.0,-0.8,5,-175.613,-3.773,-674.257
2581.8,62.51,89.4,0.0,-0.8,5,-177.067,-3.809,-672.227
2594.4,62.75,89.5,0.0,-0.8,5,-179.265,-3.853,-669.179
2594.4,62.91,89.5,0.0,-0.7,5,-180.740,-3.878,-667.145
2594.4,63.15,89.6,0.0,-0.7,5,-182.968,-3.909,-664.090
2594.4,63.30,89.6,0.0,-0.7,5,-184.463,-3.927,-662.051
2607.0,63.53,89.7,0.0,-0.7,5,-186.720,-3.953,-658.988
2607.0,63.69,89.8,0.0,-0.7,5,-188.234,-3.969,-656.943
2607.0,63.91,89.8,0.0,-0.7,5,-190.517,-3.990,-653.872
2607.0,64.06,89.9,0.0,-0.7,5,-192.049,-4.002,-651.821
2619.7,64.28,90.0,0.0,-0.6,5,-194.359,-4.018,-648.742
2619.7,64.43,90.0,0.0,-0.5,5,-195.908,-4.026,-646.686
2619.7,64.65,90.1,0.0,-0.5,5,-198.244,-4.035,-643.598
2632.6,64.86,90.1,0.0,-0.5,5,-200.596,-4.040,-640.506
2632.6,65.01,90.2,0.0,-0.5,5,-202.171,-4.040,-638.441
2632.6,65.22,90.3,0.0,-0.6,5,-204.547,-4.038,-635.340
2632.6,65.36,90.3,0.0,-0.6,5,-206.139,-4.032,-633.271
2645.5,65.56,90.4,0.0,-0.7,5,-208.539,-4.018,-630.162
2645.5,65.70,90.4,0.0,-0.8,5,-210.148,-4.004,-628.088
2645.5,65.91,90.5,0.0,-0.9,5,-212.573,-3.982,-624.973
2645.5,66.05,90.5,0.0,-1.0,5,-214.199,-3.967,-622.894
2658.6,66.25,90.6,0.0,-1.2,5,-216.652,-3.944,-619.775
2658.6,66.38,90.7,0.0,-1.3,5,-218.298,-3.930,-617.695
2658.6,66.58,90.7,0.0,-1.4,5,-220.783,-3.909,-614.575
2658.6,66.72,90.7,0.0,-1.0,5,-222.452,-3.897,-612.497
2671.9,66.91,90.8,0.0,-1.1,5,-224.973,-3.883,-609.380
2671.9,67.05,90.8,0.0,-1.1,5,-226.665,-3.878,-607.303
2671.9,67.25,90.9,0.0,-1.0,5,-229.220,-3.876,-604.188
2671.9,67.32,34.7,24.2,-0.8,5,-231.794,-3.878,-601.076
2685.4,67.03,0.0,50.4,-0.8,5,-233.514,-3.883,-599.010
2685.4,66.12,0.0,76.9,-0.6,5,-236.081,-3.896,-595.944
2685.4,65.37,0.0,85.1,-0.5,5,-237.776,-3.906,-593.931
2685.4,64.13,0.0,89.3,-0.3,5,-240.286,-3.927,-590.963
2698.5,63.28,0.0,89.9,0.1,5,-241.937,-3.943,-589.020
2698.5,62.00,0.0,90.4,0.1,5,-244.380,-3.973,-586.160
2698.5,61.15,0.0,90.9,0.0,5,-245.985,-3.995,-584.289
2698.5,59.87,0.0,90.9,-0.1,5,-248.355,-4.031,-581.536
2710.8,59.02,0.0,91.1,-0.1,5,-249.911,-4.057,-579.736
2710.8,57.76,0.0,91.3,0.1,5,-252.209,-4.096,-577.089
2710.8,56.48,0.0,91.0,0.5,5,-254.460,-4.135,-574.503
2710.8,55.64,0.0,91.1,0.2,5,-255.936,-4.161,-572.812
2722.2,54.39,0.0,91.2,-0.1,5,-258.112,-4.199,-570.327
2722.2,53.55,0.0,91.3,-0.3,0,-259.537,-4.225,-568.703
2722.2,52.32,0.0,91.8,-0.6,4,-261.637,-4.264,-566.317
2722.2,51.48,0.0,91.6,-0.8,4,-263.011,-4.290,-564.759
2732.8,50.24,0.0,91.6,-1.1,4,-265.037,-4.330,-562.474
2732.8,49.40,0.0,91.2,-1.4,4,-266.363,-4.358,-560.984
2732.8,48.16,0.0,90.9,-1.9,4,-268.317,-4.399,-558.802
2732.8,47.32,0.0,89.9,-1.9,4,-269.597,-4.426,-557.383
2742.5,46.11,0.0,90.1,-2.1,4,-271.485,-4.462,-555.308
2742.5,45.30,0.0,90.5,-2.1,4,-272.723,-4.485,-553.960
2742.5,44.09,37.1,91.0,-2.0,0,-274.549,-4.519,-551.994
2742.5,43.30,0.0,91.5,-2.2,3,-275.747,-4.541,-550.719
2751.4,42.08,0.0,92.0,-2.4,3,-277.515,-4.572,-548.863
2751.4,40.87,0.0,91.5,-2.2,3,-279.249,-4.604,-547.074
2751.4,40.06,0.0,90.6,-1.8,3,-280.385,-4.624,-545.919
2751.4,38.87,0.0,88.7,-0.4,3,-282.063,-4.652,-544.246
2759.4,38.09,38.6,84.9,0.5,0,-283.164,-4.670,-543.168
2759.4,37.04,0.0,77.2,0.8,2,-284.794,-4.696,-541.608
2759.4,36.34,0.0,71.8,1.0,2,-285.868,-4.712,-540.606
2759.4,35.34,0.0,67.3,1.6,2,-287.459,-4.737,-539.157
2766.8,34.71,0.0,65.3,1.4,2,-288.509,-4.753,-538.227
2766.8,33.80,0.0,63.8,0.4,2,-290.069,-4.777,-536.887
2766.8,33.19,0.0,64.8,-0.4,2,-291.099,-4.792,-536.029
2766.8,32.27,0.0,65.2,-2.1,2,-292.630,-4.814,-534.796
2773.4,31.67,0.0,65.4,-3.4,2,-293.640,-4.828,-534.010
2773.4,30.78,0.0,57.3,-5.6,2,-295.139,-4.847,-532.884
2773.4,29.98,0.0,49.0,-7.4,2,-296.620,-4.865,-531.820
2773.4,29.51,0.0,45.8,-8.8,2,-297.600,-4.876,-531.144
2779.3,28.87,37.0,42.9,-11.0,0,-299.061,-4.892,-530.178
2779.3,28.46,0.0,41.5,-12.9,1,-300.031,-4.902,-529.564
2779.3,27.83,0.0,40.0,-11.3,1,-301.476,-4.915,-528.689
2779.3,27.42,0.0,39.6,-8.8,1,-302.433,-4.923,-528.134
2784.8,26.84,0.0,35.8,-7.5,1,-303.855,-4.933,-527.340
2784.8,26.47,0.0,34.3,-8.4,1,-304.794,-4.940,-526.833
2784.8,25.95,0.0,33.6,-14.1,1,-306.191,-4.949,-526.108
2784.8,25.60,0.0,30.6,-17.2,1,-307.115,-4.955,-525.650
2790.0,25.13,0.0,24.3,-21.0,1,-308.492,-4.963,-525.002
2790.0,24.85,0.0,22.6,-22.5,1,-309.407,-4.967,-524.598
2790.0,24.46,0.0,21.6,-23.2,1,-310.777,-4.971,-524.037
2790.0,24.21,0.0,16.8,-23.0,1,-311.688,-4.973,-523.694
2795.4,23.89,0.0,14.7,-23.5,1,-313.052,-4.975,-523.222
2795.4,23.59,0.0,14.6,-23.1,1,-314.414,-4.974,-522.805
2795.4,23.39,0.0,11.0,-23.0,1,-315.321,-4.973,-522.555
2801.1,23.14,0.0,9.9,-24.0,1,-316.677,-4.969,-522.225
2801.1,22.97,0.0,9.1,-25.6,1,-317.580,-4.966,-522.034
2801.1,22.73,0.0,3.1,-32.3,1,-318.930,-4.958,-521.793
2801.1,22.63,15.9,0.0,-33.3,1,-319.828,-4.951,-521.663
2806.8,22.74,45.0,0.0,-32.1,1,-321.180,-4.941,-521.513
2806.8,22.92,53.8,0.0,-30.5,1,-322.091,-4.934,-521.441
2806.8,23.18,45.4,0.0,-24.2,1,-323.473,-4.928,-521.369
2806.8,23.31,32.2,0.0,-19.5,1,-324.402,-4.926,-521.346
2812.5,23.34,2.4,10.4,-14.7,1,-325.804,-4.927,-521.350
2812.5,23.21,0.0,11.5,-13.0,1,-326.735,-4.932,-521.375
2812.5,22.90,0.0,4.8,-13.9,1,-328.116,-4.933,-521.464
2812.5,22.74,0.0,1.0,-17.3,1,-329.477,-4.924,-521.610
2817.6,22.66,0.3,0.1,-21.4,1,-330.377,-4.917,-521.733
2817.6,22.54,3.8,0.0,-27.7,1,-331.716,-4.908,-521.949
2817.6,22.53,24.2,0.0,-31.4,1,-332.601,-4.903,-522.116
2817.6,22.69,44.4,0.0,-32.9,1,-333.925,-4.895,-522.406
2822.5,22.87,51.6,0.0,-32.7,1,-334.808,-4.888,-522.628
2822.5,23.20,58.2,0.0,-32.6,1,-336.137,-4.878,-523.004
2822.5,23.45,70.8,0.0,-33.2,1,-337.026,-4.869,-523.285
2822.5,23.94,65.1,0.0,-32.2,1,-338.368,-4.855,-523.750
2827.2,24.19,63.4,0.0,-30.6,1,-339.267,-4.844,-524.093
2827.2,24.53,55.1,0.0,-27.1,1,-340.615,-4.827,-524.655
2827.2,24.76,60.0,0.0,-26.2,1,-341.511,-4.814,-525.063
2827.2,25.09,57.1,0.0,-23.9,1,-342.851,-4.794,-525.726
2832.2,25.31,50.2,0.0,-21.2,1,-343.740,-4.780,-526.200
2832.2,25.66,61.7,0.0,-15.8,1,-345.066,-4.759,-526.959
2832.2,26.05,62.2,0.0,-8.6,1,-346.384,-4.738,-527.774
2832.2,26.36,67.3,0.0,-3.0,1,-347.261,-4.724,-528.347
2837.3,26.90,79.0,0.0,4.3,1,-348.581,-4.703,-529.245
2837.3,27.32,81.2,0.0,4.0,1,-349.469,-4.689,-529.865
2837.3,27.93,70.7,0.0,9.6,1,-350.818,-4.667,-530.826
2837.3,28.22,54.8,0.0,13.3,1,-351.732,-4.652,-531.478
2842.7,28.47,37.7,0.0,14.6,1,-353.125,-4.630,-532.454
2842.7,28.58,32.3,0.0,12.6,1,-354.069,-4.615,-533.094
2842.7,28.71,28.7,0.0,10.3,1,-355.507,-4.594,-534.035
2842.7,28.79,30.8,0.0,10.6,1,-356.478,-4.581,-534.651
2848.4,28.96,37.8,0.0,12.4,1,-357.955,-4.563,-535.555
2848.4,29.07,29.5,0.0,13.9,1,-358.955,-4.551,-536.145
2848.4,29.15,24.5,0.0,16.4,1,-360.474,-4.535,-537.006
2848.4,29.18,23.6,0.0,17.5,1,-361.500,-4.525,-537.561
2854.5,29.23,18.7,0.0,18.4,1,-363.058,-4.511,-538.364
2854.5,29.22,15.3,0.0,19.8,1,-364.637,-4.499,-539.125
2854.5,29.20,17.2,0.0,23.0,1,-365.701,-4.492,-539.608
2854.5,29.18,15.9,0.0,27.8,1,-367.315,-4.483,-540.290
2860.8,29.15,18.1,0.0,30.5,1,-368.401,-4.478,-540.715
2860.8,29.12,12.2,0.0,32.4,1,-370.047,-4.471,-541.305
2860.8,29.06,13.3,0.0,33.9,1,-371.152,-4.469,-541.667
2860.8,29.06,34.9,0.0,37.0,1,-372.823,-4.469,-542.161
2867.2,29.17,44.3,0.0,37.8,1,-373.949,-4.471,-542.460
2867.2,29.38,47.0,0.0,39.2,1,-375.659,-4.473,-542.860
2867.2,29.51,49.3,0.0,38.2,1,-376.812,-4.475,-543.093
2867.2,29.75,53.0,0.0,36.7,1,-378.565,-4.475,-543.391
2874.8,29.89,55.0,0.0,36.3,1,-379.746,-4.474,-543.553
2874.8,30.06,21.9,0.0,34.4,1,-381.535,-4.474,-543.745
2874.8,30.08,31.7,0.0,34.1,1,-382.735,-4.474,-543.837
2874.8,30.07,33.7,0.0,34.4,1,-384.537,-4.477,-543.922
2881.7,30.12,16.1,0.0,28.6,1,-386.344,-4.488,-543.949
2881.7,30.01,14.5,0.0,28.9,1,-387.546,-4.491,-543.921
2881.7,29.88,16.2,0.0,30.3,1,-389.340,-4.492,-543.815
2881.7,29.81,18.6,0.0,31.7,1,-390.529,-4.494,-543.705
2888.5,29.78,30.3,0.0,35.4,1,-392.302,-4.496,-543.482
2888.5,29.81,30.7,0.0,37.9,1,-393.478,-4.498,-543.294
2888.5,29.85,29.1,0.0,42.2,1,-395.235,-4.501,-542.954
2888.5,29.88,29.0,0.0,45.5,1,-396.400,-4.502,-542.690
2895.6,29.87,17.8,0.0,47.1,1,-398.137,-4.504,-542.244
2895.6,29.81,15.5,0.0,46.6,1,-399.284,-4.505,-541.915
2895.6,29.74,20.3,0.0,42.6,1,-400.988,-4.509,-541.378
2895.6,29.75,27.1,0.0,38.4,1,-402.112,-4.513,-540.990
2901.6,29.86,44.6,0.0,30.8,1,-403.785,-4.521,-540.360
2901.6,30.06,64.3,0.0,25.0,1,-404.894,-4.528,-539.908
2901.6,30.43,51.1,0.0,15.4,1,-406.555,-4.540,-539.178
2907.5,30.75,55.3,0.0,6.8,1,-408.210,-4.554,-538.388
2907.5,30.97,58.5,0.0,2.7,1,-409.311,-4.565,-537.830
2907.5,31.38,66.9,0.0,-0.1,1,-410.958,-4.583,-536.947
2907.5,31.69,70.5,0.0,0.2,1,-412.057,-4.597,-536.329
2913.6,32.21,75.1,0.0,2.7,1,-413.709,-4.620,-535.360
2913.6,32.56,76.7,0.0,5.1,1,-414.814,-4.636,-534.685
2913.6,33.09,76.7,0.0,9.0,1,-416.476,-4.662,-533.630
2913.6,33.44,77.2,0.0,11.3,1,-417.587,-4.679,-532.899
2919.9,33.96,80.3,0.0,13.6,1,-419.257,-4.707,-531.761
2919.9,34.31,81.1,0.0,15.1,1,-420.372,-4.726,-530.974
2919.9,34.68,0.0,0.0,14.7,0,-422.041,-4.755,-529.748
2919.9,34.67,76.4,0.0,13.5,2,-423.141,-4.774,-528.904
2926.6,35.14,83.4,0.0,12.3,2,-424.773,-4.802,-527.594
2926.6,35.65,84.6,0.0,10.3,2,-426.395,-4.827,-526.226
2926.6,36.00,84.7,0.0,9.6,2,-427.472,-4.844,-525.282
2926.6,36.49,85.0,0.0,8.4,2,-429.077,-4.867,-523.816
2933.7,36.85,84.9,0.0,7.5,2,-430.141,-4.883,-522.808
2933.7,37.35,85.1,0.0,7.2,2,-431.727,-4.904,-521.247
2933.7,37.70,85.1,0.0,7.2,2,-432.778,-4.918,-520.176
2933.7,38.21,85.3,0.0,6.9,2,-434.345,-4.937,-518.525
2941.1,38.55,85.4,0.0,7.2,2,-435.384,-4.950,-517.396
2941.1,39.05,85.5,0.0,8.3,2,-436.935,-4.970,-515.662
2941.1,39.38,85.5,0.0,9.2,2,-437.963,-4.982,-514.478
2941.1,39.85,84.3,0.0,10.1,2,-439.493,-5.000,-512.660
2948.8,40.13,78.7,0.0,10.6,2,-440.504,-5.013,-511.421
2948.8,40.52,75.1,0.0,10.4,2,-442.002,-5.031,-509.522
2948.8,40.79,80.2,0.0,10.4,2,-442.987,-5.043,-508.229
2948.8,41.21,86.2,0.0,10.0,2,-444.441,-5.057,-506.246
2956.8,41.64,86.2,0.0,9.0,0,-445.868,-5.069,-504.213
2956.8,41.62,0.0,0.0,8.9,0,-446.800,-5.077,-502.833
2956.8,41.87,84.5,0.0,9.0,3,-448.158,-5.085,-500.733
2956.8,42.12,84.5,0.0,8.6,3,-449.044,-5.089,-499.307
2964.8,42.54,84.4,0.0,7.8,3,-450.348,-5.097,-497.128
2964.8,42.79,84.6,0.0,7.4,3,-451.195,-5.099,-495.647
2964.8,43.19,84.6,0.0,6.6,3,-452.433,-5.101,-493.384
2964.8,43.44,84.8,0.0,6.3,3,-453.234,-5.101,-491.849
2973.2,43.80,85.0,0.0,5.6,3,-454.405,-5.106,-489.510
2973.2,44.06,83.0,0.0,4.8,3,-455.164,-5.111,-487.926
2973.2,44.43,85.1,0.0,5.3,3,-456.264,-5.119,-485.512
2973.2,44.81,85.2,0.0,7.0,3,-457.319,-5.129,-483.053
2981.7,45.07,85.2,0.0,8.4,3,-457.997,-5.138,-481.389
2981.7,45.46,85.2,0.0,10.6,3,-458.976,-5.154,-478.857
2981.7,45.72,85.2,0.0,12.0,3,-459.604,-5.167,-477.145
2981.7,46.09,85.4,0.0,13.5,3,-460.508,-5.190,-474.545
2990.5,46.45,85.4,0.0,13.4,3,-461.365,-5.216,-471.905
2990.5,46.70,85.5,0.0,12.9,3,-461.908,-5.235,-470.123
2990.5,47.05,85.6,0.0,12.4,3,-462.677,-5.266,-467.419
2990.5,47.28,85.7,0.0,11.8,3,-463.160,-5.288,-465.596
2999.6,47.64,85.7,0.0,11.1,3,-463.836,-5.324,-462.831
2999.6,47.87,85.8,0.0,11.0,3,-464.254,-5.350,-460.968
2999.6,48.20,85.9,0.0,10.9,3,-464.831,-5.390,-458.145
2999.6,48.43,85.9,0.0,10.6,3,-465.180,-5.417,-456.245
3009.1,48.76,86.0,0.0,10.6,3,-465.650,-5.459,-453.368
3009.1,48.98,86.0,0.0,10.7,3,-465.926,-5.486,-451.433
3009.1,49.32,86.0,0.0,9.8,3,-466.284,-5.527,-448.507
3009.1,49.55,86.1,0.0,9.5,3,-466.487,-5.553,-446.541
3018.7,49.89,86.1,0.0,9.9,3,-466.738,-5.593,-443.569
3018.7,50.11,86.1,0.0,11.6,3,-466.871,-5.620,-441.574
3018.7,50.44,86.2,0.0,13.5,3,-467.020,-5.660,-438.562
3028.6,50.51,0.0,0.0,14.6,0,-467.105,-5.700,-435.532
3028.6,50.59,84.3,0.0,14.3,4,-467.123,-5.727,-433.511
3028.6,50.87,84.4,0.0,13.2,4,-467.092,-5.766,-430.468
3028.6,51.06,84.4,0.0,12.3,4,-467.031,-5.791,-428.431
3038.8,51.33,84.5,0.0,11.6,4,-466.877,-5.826,-425.364
3038.8,51.51,84.6,0.0,10.9,4,-466.731,-5.848,-423.313
3038.8,51.78,84.7,0.0,9.7,4,-466.447,-5.879,-420.229
3038.8,51.96,84.8,0.0,9.5,4,-466.215,-5.897,-418.167
3050.0,52.24,84.9,0.0,9.8,4,-465.801,-5.921,-415.070
3050.0,52.42,85.1,0.0,10.4,4,-465.483,-5.935,-413.001
3050.0,52.69,85.3,0.0,11.3,4,-464.945,-5.955,-409.895
3050.0,52.87,85.3,0.0,12.1,4,-464.547,-5.969,-407.822
3061.3,53.17,85.6,0.0,13.3,4,-463.898,-5.995,-404.709
3061.3,53.34,85.6,0.0,13.7,4,-463.430,-6.017,-402.631
3061.3,53.61,85.7,0.0,14.2,4,-462.671,-6.054,-399.514
3061.3,53.85,85.9,0.0,14.4,4,-461.835,-6.088,-396.402
3072.5,54.02,86.0,0.0,14.1,4,-461.232,-6.109,-394.331
3072.5,54.26,86.1,0.0,12.9,4,-460.259,-6.134,-391.233
3072.5,54.43,86.3,0.0,11.9,4,-459.565,-6.147,-389.173
3072.5,54.69,86.4,0.0,10.1,4,-458.461,-6.167,-386.092
3083.5,54.87,86.5,0.0,9.0,4,-457.685,-6.180,-384.043
3083.5,55.13,86.6,0.0,7.5,4,-456.460,-6.199,-380.980
3083.5,55.31,86.7,0.0,6.7,4,-455.603,-6.211,-378.945
3083.5,55.59,86.8,0.0,6.1,4,-454.260,-6.225,-375.902
3094.4,55.77,86.9,0.0,6.2,4,-453.327,-6.231,-373.880
3094.4,56.04,87.0,0.0,6.4,4,-451.879,-6.241,-370.855
3094.4,56.24,87.1,0.0,6.0,4,-450.883,-6.248,-368.843
3094.4,56.52,87.2,0.0,5.6,4,-449.345,-6.261,-365.831
3105.5,56.80,87.3,0.0,5.2,4,-447.754,-6.275,-362.827
3105.5,56.98,87.4,0.0,5.2,4,-446.664,-6.283,-360.830
3105.5,57.25,87.6,0.0,5.5,4,-444.986,-6.296,-357.843
3105.5,57.44,87.6,0.0,5.5,4,-443.840,-6.306,-355.856
3116.8,57.71,87.7,0.0,5.3,4,-442.077,-6.317,-352.887
3116.8,57.89,87.8,0.0,5.3,4,-440.873,-6.323,-350.913
3116.8,58.15,88.0,0.0,5.7,4,-439.025,-6.332,-347.964
3116.8,58.33,88.0,0.0,5.7,4,-437.766,-6.338,-346.004
3128.3,58.60,88.1,0.0,4.9,4,-435.835,-6.346,-343.076
3128.3,58.76,88.2,0.0,4.5,4,-434.520,-6.351,-341.132
3128.3,59.03,88.3,0.0,3.5,4,-432.507,-6.356,-338.228
3128.3,59.19,88.5,0.0,2.7,4,-431.137,-6.357,-336.301
3140.0,59.46,88.5,0.0,1.3,4,-429.047,-6.360,-333.420
3140.0,59.62,88.6,0.0,1.2,4,-427.629,-6.358,-331.507
3140.0,59.91,88.7,0.0,1.2,4,-425.471,-6.349,-328.643
3140.0,60.17,88.8,0.0,0.7,4,-423.284,-6.340,-325.781
3152.0,60.35,88.9,0.0,0.6,4,-421.812,-6.333,-323.873
3152.0,60.58,89.0,0.0,0.2,0,-419.585,-6.318,-321.010
3152.0,60.54,0.0,0.0,-0.3,0,-418.092,-6.309,-319.101
3152.0,60.71,87.8,0.0,-0.5,5,-415.848,-6.294,-316.241
3164.2,60.87,87.8,0.0,-0.6,5,-414.347,-6.285,-314.329
3164.2,61.10,87.9,0.0,-0.7,5,-412.088,-6.270,-311.451
3164.2,61.25,88.0,0.0,-0.8,5,-410.579,-6.260,-309.525
3164.2,61.49,88.1,0.0,-0.7,5,-408.313,-6.245,-306.623
3176.5,61.73,88.2,0.0,-0.7,5,-406.045,-6.230,-303.704
3176.5,61.88,88.3,0.0,-0.7,5,-404.533,-6.219,-301.749
3176.5,62.11,88.4,0.0,-0.6,5,-402.265,-6.201,-298.802
3176.5,62.26,88.4,0.0,-0.6,5,-400.752,-6.189,-296.828
3188.8,62.48,88.5,0.0,-0.5,5,-398.482,-6.170,-293.853
3188.8,62.64,88.6,0.0,-0.5,5,-396.968,-6.157,-291.861
3188.8,62.87,88.7,0.0,-0.5,5,-394.696,-6.137,-288.860
3188.8,63.01,88.8,0.0,-0.5,5,-393.180,-6.123,-286.850
3201.3,63.23,88.9,0.0,-0.4,5,-390.904,-6.102,-283.823
3201.3,63.38,88.9,0.0,-0.3,5,-389.386,-6.089,-281.797
3201.3,63.61,89.0,0.0,-0.2,5,-387.107,-6.069,-278.745
3201.3,63.75,89.0,0.0,-0.3,5,-385.585,-6.054,-276.702
3214.0,63.97,89.1,0.0,-0.4,5,-383.299,-6.029,-273.628
3214.0,64.11,89.2,0.0,-0.3,5,-381.773,-6.012,-271.571
3214.0,64.33,89.3,0.0,-0.1,5,-379.480,-5.985,-268.475
3214.0,64.48,89.3,0.0,-0.1,5,-377.949,-5.967,-266.404
3226.9,64.68,89.4,0.0,-0.1,5,-375.649,-5.939,-263.286
3226.9,64.90,89.5,0.0,-0.1,5,-373.343,-5.913,-260.157
3226.9,65.03,89.6,0.0,-0.0,5,-371.803,-5.894,-258.065
3226.9,65.17,89.6,0.0,0.0,5,-370.260,-5.874,-255.967
3239.9,65.38,89.7,0.0,0.2,5,-367.940,-5.839,-252.812
3239.9,65.59,89.8,0.0,0.3,5,-365.613,-5.804,-249.647
3239.9,65.72,89.8,0.0,0.4,5,-364.057,-5.780,-247.532
3253.0,65.92,89.9,0.0,0.3,5,-361.715,-5.742,-244.352
3253.0,66.06,89.9,0.0,0.2,5,-360.148,-5.715,-242.229
3253.0,66.26,90.0,0.0,0.3,5,-357.789,-5.672,-239.037
3253.0,66.39,90.1,0.0,0.3,5,-356.211,-5.642,-236.906
3266.2,66.58,90.1,0.0,0.2,5,-353.834,-5.596,-233.703
3266.2,66.72,90.2,0.0,0.1,5,-352.243,-5.567,-231.564
3266.2,66.91,90.2,0.0,0.1,5,-349.848,-5.524,-228.349
3266.2,67.11,90.3,0.0,0.0,5,-347.444,-5.487,-225.128
3279.6,67.24,90.3,0.0,0.1,5,-345.835,-5.464,-222.976
3279.6,67.42,90.4,0.0,0.1,5,-343.415,-5.424,-219.742
3279.6,67.55,90.5,0.0,0.1,5,-341.797,-5.395,-217.582
3279.6,67.74,90.5,0.0,0.0,5,-339.363,-5.352,-214.335
3293.1,67.86,90.6,0.0,0.0,5,-337.736,-5.321,-212.166
3293.1,68.05,90.6,0.0,0.0,5,-335.289,-5.274,-208.906
3293.1,68.17,90.7,0.0,-0.0,5,-333.653,-5.243,-206.727
3293.1,68.35,90.7,0.0,-0.1,5,-331.194,-5.196,-203.453
3306.8,68.48,90.8,0.0,-0.1,5,-329.551,-5.164,-201.265
3306.8,68.65,90.9,0.0,-0.1,5,-327.081,-5.113,-197.975
3306.8,68.77,90.9,0.0,-0.1,5,-325.432,-5.078,-195.778
3306.8,68.95,91.0,0.0,-0.1,5,-322.953,-5.024,-192.473
3320.5,69.07,91.0,0.0,-0.2,5,-321.298,-4.987,-190.264
3320.5,69.24,91.1,0.0,-0.2,5,-318.811,-4.931,-186.944
3320.5,69.42,91.1,0.0,-0.2,5,-316.319,-4.876,-183.613
3320.5,69.53,91.2,0.0,-0.2,5,-314.656,-4.839,-181.388
3334.4,69.71,91.2,0.0,-0.2,5,-312.157,-4.783,-178.041
3334.4,69.82,91.3,0.0,-0.2,5,-310.489,-4.746,-175.804
3334.4,69.98,91.3,0.0,-0.2,5,-307.985,-4.691,-172.441
3334.4,70.09,91.4,0.0,-0.1,5,-306.313,-4.654,-170.194
3348.4,70.26,91.4,0.0,-0.1,5,-303.802,-4.597,-166.815
3348.4,70.36,91.5,0.0,-0.2,5,-302.127,-4.558,-164.557
3348.4,70.53,91.5,0.0,-0.2,5,-299.611,-4.500,-161.161
3348.4,70.63,91.5,0.0,-0.2,0,-297.932,-4.460,-158.892
3362.5,70.54,90.6,0.0,-0.2,6,-295.415,-4.400,-155.486
3362.5,70.64,90.7,0.0,-0.2,6,-293.739,-4.360,-153.215
3362.5,70.79,90.7,0.0,-0.1,6,-291.223,-4.299,-149.799
3362.5,70.89,90.7,0.0,-0.1,6,-289.544,-4.258,-147.517
3376.6,71.05,90.8,0.0,-0.1,6,-287.024,-4.197,-144.086
3376.6,71.19,90.8,0.0,-0.1,6,-284.501,-4.137,-140.646
3376.6,71.29,90.9,0.0,-0.1,6,-282.817,-4.097,-138.348
3376.6,71.44,90.9,0.0,0.0,6,-280.288,-4.037,-134.893
3390.9,71.53,91.0,0.0,0.1,6,-278.600,-3.997,-132.586
3390.9,71.68,91.0,0.0,0.2,6,-276.063,-3.936,-129.119
3390.9,71.77,91.0,0.0,0.3,6,-274.369,-3.895,-126.804
3390.9,71.92,91.1,0.0,0.1,6,-271.823,-3.833,-123.327
3405.2,72.01,91.1,0.0,0.7,6,-270.122,-3.792,-121.005
3405.2,72.16,91.2,0.0,1.0,6,-267.562,-3.729,-117.520
3405.2,72.25,91.2,0.0,0.3,6,-265.850,-3.688,-115.195
3405.2,72.39,91.2,0.0,0.2,6,-263.271,-3.625,-111.706
3419.7,72.48,91.3,0.0,-0.5,6,-261.545,-3.583,-109.380
3419.7,72.62,91.3,0.0,-1.2,6,-258.949,-3.518,-105.886
3419.7,72.75,91.4,0.0,-0.9,6,-256.350,-3.451,-102.384
3419.7,72.85,91.4,0.0,-0.6,6,-254.619,-3.406,-100.044
3434.2,72.98,91.4,0.0,-0.3,6,-252.025,-3.337,-96.521
3434.2,73.07,91.4,0.0,-0.4,6,-250.298,-3.292,-94.166
3434.2,73.21,91.5,0.0,-0.5,6,-247.711,-3.226,-90.622
3434.2,73.30,91.5,0.0,-0.5,6,-245.988,-3.183,-88.252
3448.9,73.44,91.5,0.0,-0.2,6,-243.405,-3.119,-84.688
3448.9,73.52,91.6,0.0,0.3,6,-241.684,-3.076,-82.306
3448.9,73.65,91.6,0.0,1.0,6,-239.102,-3.013,-78.726
3448.9,73.74,91.6,0.0,1.2,6,-237.377,-2.971,-76.336
3463.6,73.87,91.7,0.0,0.7,6,-234.782,-2.907,-72.749
3463.6,74.00,91.7,0.0,1.1,6,-232.173,-2.843,-69.162
3463.6,74.08,91.7,0.0,1.8,6,-230.425,-2.800,-66.772
3478.4,74.01,21.9,34.1,2.9,6,-227.787,-2.734,-63.194
3478.4,73.55,0.0,62.2,3.2,6,-226.022,-2.688,-60.827
3478.4,72.47,0.0,83.9,3.0,6,-223.382,-2.619,-57.327
3478.4,71.63,0.0,88.9,2.7,6,-221.629,-2.573,-55.037
3492.9,70.36,0.0,68.6,2.3,6,-219.012,-2.503,-51.675
3492.9,69.66,0.0,54.1,2.5,6,-217.272,-2.457,-49.480
3492.9,68.81,0.0,38.6,3.2,6,-214.656,-2.392,-46.252
3492.9,68.35,0.0,29.1,4.9,6,-212.905,-2.348,-44.141
3506.6,67.79,0.0,16.0,4.1,6,-210.256,-2.283,-41.032
3506.6,67.52,0.0,8.6,3.5,6,-208.475,-2.241,-38.995
3506.6,67.21,0.0,0.9,5.5,6,-205.773,-2.177,-35.989
3506.6,67.06,5.9,0.0,5.0,6,-203.950,-2.133,-34.017
3519.9,66.88,16.4,0.0,4.9,6,-201.183,-2.067,-31.104
3519.9,66.71,12.1,0.0,5.5,6,-198.377,-2.004,-28.242
3519.9,66.52,4.5,24.5,6.7,6,-196.486,-1.961,-26.364
3519.9,65.83,0.0,66.2,7.2,6,-193.627,-1.897,-23.602
3533.0,65.13,0.0,26.2,7.1,6,-191.718,-1.853,-21.808
3533.0,64.82,74.0,0.0,6.1,6,-188.841,-1.787,-19.185
3533.0,64.90,87.4,0.0,6.3,6,-186.895,-1.743,-17.469
3533.0,65.03,87.5,0.0,8.9,6,-183.932,-1.683,-14.939
3545.9,65.12,80.7,0.0,11.3,6,-181.928,-1.649,-13.278
3545.9,65.14,60.2,0.0,14.5,6,-178.879,-1.605,-10.833
3545.9,65.15,69.0,0.0,15.7,6,-176.821,-1.581,-9.235
3545.9,65.22,86.9,0.0,16.3,6,-173.693,-1.552,-6.889
3558.9,65.29,87.8,0.0,15.9,6,-171.577,-1.536,-5.361
3558.9,65.37,87.9,0.0,14.9,6,-168.356,-1.512,-3.128
3558.9,65.42,88.0,0.0,14.7,6,-166.176,-1.495,-1.682
3558.9,65.50,88.0,0.0,15.5,6,-162.859,-1.466,0.419
3572.4,65.53,75.0,0.0,16.6,6,-159.485,-1.433,2.436
3572.4,65.52,66.9,0.0,17.2,6,-157.206,-1.407,3.731
3572.4,65.53,82.9,0.0,18.3,6,-153.749,-1.365,5.603
3572.4,65.59,87.5,0.0,19.2,6,-151.424,-1.344,6.815
3586.4,65.68,88.3,0.0,20.4,6,-147.900,-1.319,8.574
3586.4,65.66,62.2,0.0,22.1,6,-145.525,-1.300,9.697
3586.4,65.52,35.3,0.0,25.1,6,-141.930,-1.269,11.300
3586.4,65.40,33.7,0.0,27.4,6,-139.517,-1.246,12.316
3600.4,65.21,30.0,0.0,30.9,6,-135.875,-1.210,13.761
3600.4,65.08,30.2,0.0,32.4,6,-133.433,-1.186,14.674
3600.4,64.88,27.2,0.0,33.5,6,-129.755,-1.149,15.966
3600.4,64.74,24.8,0.0,33.8,6,-127.292,-1.125,16.778
3613.8,64.51,23.3,0.0,33.5,6,-123.586,-1.092,17.919
3613.8,64.35,23.0,0.0,32.6,6,-121.108,-1.070,18.627
3613.8,64.11,21.9,0.0,31.6,6,-117.380,-1.036,19.605
3613.8,63.86,16.9,0.0,31.5,6,-113.644,-1.004,20.488
3626.8,63.67,12.1,0.0,31.5,6,-111.149,-0.983,21.022
3626.8,63.37,12.0,0.0,31.6,6,-107.406,-0.948,21.738
3626.8,63.18,11.9,0.0,32.0,6,-104.910,-0.924,22.159
3626.8,62.91,11.9,0.0,32.9,6,-101.167,-0.888,22.711
3639.2,62.72,11.9,0.0,32.8,6,-98.674,-0.864,23.027
3639.2,62.44,11.8,0.0,32.0,6,-94.939,-0.825,23.418
3639.2,62.27,11.8,0.0,30.9,6,-92.454,-0.798,23.625
3639.2,62.01,20.7,0.0,28.5,6,-88.732,-0.756,23.858
3651.4,61.89,32.0,0.0,26.1,6,-86.257,-0.728,23.960
3651.4,61.74,41.5,0.0,22.3,6,-82.549,-0.685,24.036
3651.4,61.68,52.7,0.0,19.6,6,-80.080,-0.657,24.035
3651.4,61.66,73.3,0.0,15.7,6,-76.382,-0.612,23.953
3663.5,61.70,86.3,0.0,13.1,6,-73.918,-0.581,23.846
3663.5,61.81,88.2,0.0,9.7,6,-70.220,-0.533,23.610
3663.5,61.94,88.3,0.0,7.3,6,-66.522,-0.487,23.289
3663.5,62.04,88.3,0.0,5.9,6,-64.057,-0.457,23.030
3675.9,62.18,88.4,0.0,4.4,6,-60.359,-0.411,22.576
3675.9,62.29,88.4,0.0,3.8,6,-57.894,-0.377,22.232
3675.9,62.45,88.5,0.0,3.7,6,-54.196,-0.324,21.663
3675.9,62.56,88.6,0.0,3.6,6,-51.730,-0.290,21.255
3688.3,62.74,88.7,0.0,1.9,6,-48.028,-0.242,20.605
3688.3,62.86,88.7,0.0,0.1,6,-45.558,-0.213,20.150
3688.3,63.05,88.8,0.0,-1.9,6,-41.849,-0.170,19.441
3688.3,63.16,88.8,0.0,-1.7,6,-39.371,-0.141,18.959
3700.8,63.35,87.9,0.0,-1.1,6,-35.646,-0.100,18.235
3700.8,63.47,88.8,0.0,-1.3,6,-33.156,-0.075,17.755
3700.8,63.65,89.0,0.0,-2.3,6,-29.409,-0.038,17.046
3700.8,63.77,89.1,0.0,-3.2,6,-26.904,-0.016,16.582
3713.5,63.96,89.1,0.0,-4.1,6,-23.133,0.012,15.905
3713.5,64.05,89.2,0.0,-4.7,6,-20.610,0.028,15.470
3713.5,64.23,89.3,0.0,-4.8,6,-16.812,0.050,14.849
3726.4,64.40,89.3,0.0,-5.6,6,-12.997,0.073,14.277
3726.4,64.49,89.5,0.0,-6.8,6,-10.443,0.090,13.925
3726.4,64.64,89.5,0.0,-8.0,6,-6.599,0.116,13.446
3726.4,64.76,89.5,0.0,-8.2,6,-4.027,0.133,13.163
3739.5,64.89,89.6,0.0,-7.6,6,-0.155,0.161,12.798
3739.5,64.98,89.7,0.0,-7.6,6,2.434,0.181,12.598
3739.5,65.11,89.7,0.0,-7.6,6,6.330,0.216,12.366
3739.5,65.20,89.7,0.0,-7.9,6,8.933,0.243,12.257
3752.7,65.33,89.8,0.0,-8.2,6,12.847,0.285,12.160
3752.7,65.41,89.8,0.0,-8.6,6,15.461,0.315,12.141
3752.7,65.54,89.9,0.0,-8.7,6,19.389,0.363,12.180
3752.7,65.62,89.9,0.0,-8.5,6,22.011,0.398,12.252
3766.3,65.75,90.0,0.0,-7.5,6,25.948,0.456,12.431
3766.3,65.82,90.0,0.0,-6.8,6,28.573,0.497,12.598
3766.3,65.97,90.1,0.0,-6.3,6,32.513,0.561,12.914
3766.3,66.11,90.1,0.0,-8.7,6,36.456,0.615,13.300
3780.0,66.19,90.1,0.0,-10.3,6,39.085,0.646,13.597
3780.0,66.30,90.2,0.0,-11.3,6,43.026,0.695,14.112
3780.0,66.37,90.2,0.0,-11.4,6,45.650,0.731,14.503
3780.0,66.48,90.3,0.0,-10.6,6,49.580,0.787,15.160
3793.6,66.56,90.3,0.0,-10.0,6,52.196,0.824,15.645
3793.6,66.67,90.4,0.0,-9.6,6,56.112,0.879,16.443
3793.6,66.72,90.4,0.0,-9.2,6,58.715,0.916,17.024
3793.6,66.83,90.5,0.0,-8.7,6,62.609,0.973,17.969
3807.4,66.91,90.5,0.0,-8.7,6,65.196,1.012,18.647
3807.4,67.02,90.5,0.0,-8.9,6,69.063,1.069,19.733
3807.4,67.09,90.5,0.0,-8.9,6,71.632,1.107,20.504
3807.4,67.18,90.6,0.0,-8.2,6,75.468,1.163,21.729
3821.3,67.28,90.7,0.0,-8.0,6,79.283,1.221,23.040
3821.3,67.37,90.7,0.0,-8.1,6,81.814,1.259,23.960
3821.3,67.48,90.7,0.0,-8.4,6,85.590,1.316,25.409
3821.3,67.53,90.7,0.0,-8.4,6,88.092,1.354,26.421
3835.0,67.64,90.8,0.0,-8.1,6,91.823,1.414,28.010
3835.0,67.72,90.8,0.0,-8.4,6,94.294,1.454,29.114
3835.0,67.83,90.8,0.0,-8.5,6,97.976,1.514,30.838
3835.0,67.90,90.9,0.0,-8.7,6,100.413,1.556,32.033
3848.6,68.01,90.9,0.0,-8.4,6,104.041,1.620,33.891
3848.6,68.09,90.9,0.0,-8.0,6,106.442,1.663,35.172
3848.6,68.21,91.0,0.0,-7.2,6,110.017,1.727,37.156
3848.6,68.29,91.0,0.0,-6.9,6,112.381,1.769,38.519
3862.2,68.41,91.0,0.0,-6.7,6,115.899,1.832,40.625
3862.2,68.48,91.1,0.0,-6.6,6,118.225,1.874,42.068
3862.2,68.61,91.1,0.0,-6.9,6,121.686,1.936,44.289
3862.2,68.74,91.1,0.0,-7.1,6,125.112,1.995,46.576
3875.9,68.82,91.2,0.0,-7.0,6,127.377,2.033,48.137
3875.9,68.94,91.2,0.0,-7.0,6,130.744,2.089,50.532
3875.9,69.02,91.2,0.0,-7.0,6,132.969,2.125,52.163
3875.9,69.14,91.3,0.0,-6.9,6,136.274,2.174,54.664
3889.6,69.22,91.3,0.0,-6.8,6,138.455,2.206,56.367
3889.6,69.35,91.3,0.0,-6.7,6,141.693,2.250,58.972
3889.6,69.43,91.4,0.0,-6.9,6,143.830,2.275,60.743
3889.6,69.56,91.4,0.0,-6.3,6,147.003,2.307,63.448
3903.5,69.64,91.4,0.0,-5.2,6,149.095,2.324,65.284
3903.5,69.76,91.5,0.0,-3.6,6,152.198,2.346,68.087
3903.5,69.85,91.5,0.0,-2.8,6,154.244,2.359,69.987
3903.5,69.99,86.6,0.0,-1.9,6,157.282,2.375,72.879
3917.4,70.02,51.7,0.0,-1.6,6,159.288,2.385,74.833
3917.4,69.67,4.3,62.4,-1.2,6,162.268,2.401,77.787
3917.4,68.65,0.0,80.6,-0.4,6,165.195,2.415,80.733
3917.4,67.84,0.0,85.8,0.2,6,167.111,2.426,82.680
3931.2,66.58,0.0,89.5,0.6,6,169.932,2.447,85.565
3931.2,65.73,0.0,91.1,0.6,6,171.780,2.460,87.462
3931.2,64.42,0.0,91.3,0.5,6,174.502,2.482,90.264
3931.2,63.56,0.0,91.6,0.4,6,176.287,2.496,92.101
3944.2,62.27,0.0,92.7,0.3,0,178.919,2.516,94.810
3944.2,61.41,30.7,92.6,0.2,0,180.646,2.529,96.583
3944.2,60.10,0.0,92.3,0.3,5,183.193,2.548,99.194
3944.2,59.24,0.0,91.8,0.4,5,184.863,2.561,100.902
3956.4,57.95,0.0,91.6,0.6,5,187.327,2.580,103.413
3956.4,57.11,0.0,92.3,0.6,5,188.942,2.590,105.055
3956.4,55.81,0.0,91.5,0.5,5,191.324,2.604,107.467
3956.4,54.95,0.0,90.8,0.4,5,192.885,2.614,109.041
3967.7,53.69,0.0,90.7,0.3,5,195.188,2.629,111.351
3967.7,52.45,28.9,92.1,0.4,0,197.446,2.645,113.600
3967.7,51.61,0.0,92.4,0.6,4,198.926,2.658,115.065
3978.1,50.33,0.0,91.4,1.1,4,201.109,2.679,117.211
3978.1,49.50,0.0,91.2,1.4,4,202.539,2.694,118.606
3978.1,48.24,0.0,91.2,2.0,4,204.649,2.719,120.645
3978.1,47.42,0.0,91.2,2.2,4,206.032,2.737,121.969
3987.7,46.17,0.0,91.1,2.5,4,208.072,2.762,123.901
3987.7,45.35,0.0,90.8,3.0,4,209.410,2.779,125.153
3987.7,44.14,32.6,91.0,3.2,0,211.385,2.803,126.974
3987.7,43.33,0.0,90.8,3.2,3,212.682,2.818,128.151
3996.5,42.12,0.0,88.8,2.8,3,214.596,2.838,129.859
3996.5,41.32,0.0,86.7,2.2,3,215.853,2.851,130.960
3996.5,40.18,0.0,76.9,1.0,3,217.709,2.867,132.554
3996.5,39.14,0.0,60.7,-0.6,3,219.536,2.880,134.081
4004.6,38.54,0.0,53.5,-1.7,3,220.743,2.887,135.061
4004.6,37.75,0.0,45.9,-1.9,3,222.543,2.895,136.476
4004.6,37.29,0.0,42.2,-0.9,3,223.740,2.898,137.383
4004.6,36.63,0.0,39.1,2.0,3,225.534,2.902,138.689
4012.0,36.23,0.0,37.2,5.1,3,226.728,2.903,139.525
4012.0,35.65,0.0,35.6,9.1,3,228.517,2.903,140.731
4012.0,35.29,37.0,35.8,10.3,0,229.707,2.902,141.504
4012.0,34.75,0.0,36.0,10.9,2,231.489,2.899,142.621
4019.0,34.38,0.0,35.9,11.0,2,232.674,2.896,143.335
4019.0,33.81,0.0,33.9,10.8,2,234.446,2.890,144.360
4019.0,33.46,0.0,32.5,10.8,2,235.624,2.885,145.012
4019.0,32.94,0.0,30.3,11.4,2,237.386,2.877,145.941
4025.6,32.61,0.0,25.4,12.0,2,238.559,2.871,146.529
4025.6,32.20,0.0,17.7,12.5,2,240.316,2.861,147.362
4025.6,31.87,0.0,12.9,14.1,2,242.074,2.851,148.139
4025.6,31.68,0.0,10.7,15.5,2,243.248,2.845,148.626
4031.7,31.43,0.0,7.3,17.5,2,245.014,2.834,149.310
4031.7,31.29,0.0,5.6,18.6,2,246.195,2.828,149.735
4031.7,31.09,0.0,4.6,20.0,2,247.971,2.818,150.324
4031.7,30.96,0.0,3.6,20.5,2,249.159,2.811,150.685
4037.7,30.79,0.0,1.6,21.5,2,250.945,2.801,151.176
4037.7,30.68,0.0,3.6,20.9,2,252.139,2.793,151.470
4037.7,30.51,0.0,1.9,21.7,2,253.933,2.781,151.860
4037.7,30.40,0.0,0.3,22.0,2,255.131,2.772,152.085
4043.6,30.24,0.7,1.7,21.7,2,256.928,2.760,152.368
4043.6,30.14,0.0,0.9,19.9,2,258.126,2.753,152.520
4043.6,29.99,1.7,0.0,21.2,2,259.922,2.742,152.695
4043.6,29.91,1.4,0.0,22.9,2,261.117,2.735,152.777
4050.4,29.76,2.3,0.0,24.9,2,262.906,2.725,152.846
4050.4,29.67,4.9,0.0,26.0,2,264.094,2.719,152.856
4050.4,29.53,4.0,0.0,27.4,2,265.870,2.712,152.815
4050.4,29.41,5.8,0.0,28.3,2,267.635,2.707,152.706
4057.0,29.32,3.2,0.0,28.8,2,268.805,2.704,152.596
4057.0,29.18,4.8,0.0,30.6,2,270.546,2.702,152.374
4057.0,29.09,5.0,0.0,32.3,2,271.697,2.702,152.191
4057.0,28.93,1.6,0.0,34.5,2,273.406,2.703,151.860
4065.0,28.83,6.4,0.0,36.0,2,274.533,2.704,151.603
4065.0,28.69,6.7,0.0,36.7,2,276.201,2.709,151.160
4065.0,28.59,6.1,0.0,38.7,2,277.298,2.714,150.827
4065.0,28.48,12.9,0.0,42.6,2,278.918,2.724,150.273
4072.0,28.41,37.6,0.0,44.6,0,279.982,2.732,149.869
4072.0,28.28,18.4,0.0,45.8,1,281.550,2.746,149.210
4072.0,28.24,24.4,0.0,46.4,1,282.575,2.757,148.734
4072.0,28.21,21.4,0.0,45.0,1,284.083,2.780,147.964
4079.9,28.18,24.0,0.0,43.7,1,285.553,2.808,147.129
4079.9,28.19,25.8,0.0,43.5,1,286.514,2.829,146.539
4079.9,28.21,27.6,0.0,43.5,1,287.925,2.860,145.606
4079.9,28.24,27.5,0.0,43.6,1,288.846,2.881,144.955
4086.1,28.26,27.4,0.0,43.1,1,290.198,2.913,143.933
4086.1,28.29,28.8,0.0,42.1,1,291.078,2.936,143.223
4086.1,28.36,33.0,0.0,40.4,1,292.366,2.971,142.115
4086.1,28.42,36.0,0.0,38.9,1,293.202,2.995,141.347
4091.9,28.57,41.3,0.0,36.6,1,294.425,3.034,140.154
4091.9,28.70,46.6,0.0,34.7,1,295.220,3.059,139.331
4091.9,28.96,54.6,0.0,31.0,1,296.385,3.097,138.053
4091.9,29.16,56.4,0.0,28.2,1,297.142,3.122,137.173
4097.5,29.47,52.9,0.0,23.6,1,298.251,3.157,135.808
4097.5,29.65,48.3,0.0,20.0,1,298.970,3.178,134.870
4097.5,29.88,46.1,0.0,14.5,1,300.013,3.209,133.422
4103.2,30.11,47.3,0.0,9.8,1,301.015,3.238,131.927
4103.2,30.28,51.4,0.0,7.3,1,301.659,3.255,130.907
4103.2,30.56,53.2,0.0,5.1,1,302.592,3.279,129.339
4103.2,30.79,60.4,0.0,4.4,1,303.193,3.293,128.270
4109.1,31.19,66.8,0.0,4.9,1,304.064,3.313,126.628
4109.1,31.49,72.3,0.0,6.0,1,304.627,3.325,125.509
4109.1,31.95,69.5,0.0,7.5,1,305.444,3.341,123.791
4109.1,32.26,71.2,0.0,8.6,1,305.970,3.351,122.621
4115.3,32.72,71.2,0.0,10.7,1,306.731,3.366,120.827
4115.3,33.01,70.8,0.0,12.1,1,307.219,3.376,119.607
4115.3,33.46,71.8,0.0,13.3,1,307.920,3.390,117.741
4115.3,33.76,73.6,0.0,14.0,1,308.367,3.398,116.474
4122.0,34.19,75.3,0.0,14.4,1,309.004,3.410,114.539
4122.0,34.49,77.6,0.0,13.8,0,309.406,3.417,113.226
4122.0,34.49,72.9,0.0,11.8,2,309.964,3.429,111.233
4122.0,34.91,81.0,0.0,10.7,2,310.468,3.441,109.215
4128.9,35.22,84.6,0.0,10.5,2,310.778,3.450,107.848
4128.9,35.71,81.5,0.0,10.3,2,311.205,3.464,105.764
4128.9,36.00,68.8,0.0,9.9,2,311.463,3.474,104.353
4128.9,36.29,47.7,0.0,12.0,2,311.803,3.492,102.212
4136.1,36.36,29.3,0.0,13.2,2,311.997,3.505,100.772
4136.1,36.28,2.4,6.1,12.5,2,312.237,3.526,98.604
4136.1,36.13,0.0,14.6,11.2,2,312.366,3.541,97.162
4136.1,35.73,0.0,36.1,7.8,2,312.514,3.564,95.009
4143.2,35.34,0.0,47.1,5.3,2,312.587,3.581,93.588
4143.2,34.62,0.0,59.5,2.3,2,312.663,3.609,91.489
4143.2,34.05,0.0,68.3,1.2,2,312.697,3.630,90.115
4143.2,33.08,0.0,76.7,-0.7,2,312.728,3.662,88.099
4149.8,32.38,0.0,78.8,-2.4,2,312.741,3.684,86.789
4149.8,31.32,0.0,81.2,-4.7,2,312.755,3.718,84.876
4149.8,30.23,0.0,81.0,-6.7,0,312.770,3.751,83.027
4149.8,29.55,22.8,78.9,-7.7,0,312.785,3.773,81.831
4155.7,28.52,0.0,60.3,-8.7,1,312.820,3.805,80.088
4155.7,27.94,0.0,48.0,-9.3,1,312.853,3.826,78.958
4155.7,27.27,0.0,34.3,-10.9,1,312.925,3.855,77.303
4155.7,26.91,0.0,30.0,-12.4,1,312.990,3.874,76.221
4161.0,26.44,0.0,23.4,-14.8,1,313.115,3.899,74.626
4161.0,26.17,0.0,19.6,-16.3,1,313.218,3.914,73.578
4161.0,25.81,0.0,14.9,-18.0,1,313.403,3.935,72.030
4161.0,25.60,0.0,15.1,-18.8,1,313.549,3.948,71.011
4166.0,25.30,0.0,13.3,-19.9,1,313.800,3.966,69.505
4166.0,25.11,0.0,11.9,-20.6,1,313.991,3.977,68.515
4166.0,24.84,0.0,11.8,-20.9,1,314.311,3.993,67.051
4166.0,24.66,0.0,11.7,-20.9,1,314.549,4.002,66.089
4171.0,24.40,0.0,10.9,-21.8,1,314.938,4.015,64.669
4171.0,24.14,0.0,9.7,-23.3,1,315.369,4.026,63.278
4171.0,23.98,0.0,8.8,-24.1,1,315.679,4.032,62.367
4171.0,23.74,0.0,9.2,-25.0,1,316.180,4.041,61.025
4175.7,23.58,0.0,7.9,-25.7,1,316.536,4.045,60.148
4175.7,23.36,0.0,5.8,-26.9,1,317.107,4.050,58.860
4175.7,23.23,0.0,4.6,-27.6,1,317.510,4.053,58.020
4175.7,23.04,0.0,5.9,-28.4,1,318.151,4.056,56.788
4180.3,22.91,0.0,5.5,-29.0,1,318.602,4.056,55.987
4180.3,22.72,0.0,4.3,-29.4,1,319.311,4.056,54.816
4180.3,22.60,0.0,3.8,-29.6,1,319.806,4.054,54.057
4180.3,22.44,0.0,6.1,-29.5,1,320.581,4.051,52.950
4184.6,22.31,0.0,6.1,-29.8,1,321.119,4.047,52.233
4184.6,22.11,0.0,5.9,-30.1,1,321.954,4.041,51.194
4184.6,21.99,0.0,6.2,-30.0,1,322.530,4.036,50.526
4184.6,21.79,0.0,6.0,-29.7,1,323.420,4.028,49.560
4188.8,21.60,0.0,8.1,-29.6,1,324.341,4.019,48.640
4188.8,21.45,0.0,7.8,-30.0,1,324.971,4.013,48.052
4188.8,21.18,0.0,6.3,-32.1,1,326.263,4.000,46.939
4192.8,21.06,0.0,5.4,-33.4,1,326.925,3.992,46.413
4192.8,20.88,0.0,4.3,-35.5,1,327.937,3.980,45.666
4192.8,20.78,0.7,0.7,-38.0,1,328.624,3.971,45.195
4192.8,20.74,25.0,0.0,-39.9,1,329.677,3.958,44.531
4196.8,20.83,38.8,0.0,-40.5,1,330.396,3.948,44.115
4196.8,21.06,52.4,0.0,-41.5,1,331.505,3.934,43.526
4196.8,21.28,68.3,0.0,-43.3,1,332.266,3.924,43.157
4196.8,21.61,44.8,0.0,-43.3,1,333.443,3.908,42.635
4201.3,21.74,45.7,0.0,-41.5,1,334.248,3.898,42.315
4201.3,21.95,40.7,0.0,-38.0,1,335.484,3.883,41.881
4201.3,22.12,48.7,0.0,-32.8,1,336.326,3.872,41.621
4201.3,22.41,51.9,0.0,-26.6,1,337.616,3.858,41.277
4206.2,22.62,52.8,0.0,-24.4,1,338.493,3.848,41.077
4206.2,22.94,51.5,0.0,-25.3,1,339.835,3.835,40.819
4206.2,23.25,48.5,0.0,-27.6,1,341.204,3.822,40.612
4206.2,23.43,44.7,0.0,-32.7,1,342.131,3.814,40.503
4211.6,23.68,50.8,0.0,-40.6,1,343.539,3.802,40.383
4211.6,23.88,56.1,0.0,-45.0,1,344.488,3.795,40.332
4211.6,24.17,46.3,0.0,-50.7,1,345.929,3.784,40.301
4211.6,24.28,36.4,0.0,-54.5,1,346.898,3.777,40.311
4217.3,24.36,27.4,0.0,-61.5,1,348.356,3.767,40.378
4217.3,24.35,16.9,0.0,-64.8,1,349.327,3.761,40.457
4217.3,24.23,13.0,0.0,-68.0,1,350.774,3.754,40.627
4217.3,24.15,14.1,0.0,-69.7,1,351.730,3.750,40.776
4223.2,24.03,10.0,0.0,-66.0,1,353.150,3.746,41.052
4223.2,23.93,10.1,0.0,-66.1,1,354.084,3.743,41.269
4223.2,23.80,10.6,0.0,-66.8,1,355.465,3.741,41.647
4223.2,23.71,10.1,0.0,-63.7,1,356.372,3.739,41.932
4229.9,23.60,14.7,0.0,-64.3,1,357.708,3.738,42.409
4229.9,23.50,11.7,0.0,-62.8,1,359.016,3.738,42.944
4229.9,23.42,10.9,0.0,-58.7,1,359.871,3.739,43.331
4229.9,23.33,15.3,0.0,-51.3,1,361.127,3.741,43.956
4235.1,23.32,23.8,0.0,-45.7,1,361.945,3.743,44.403
4235.1,23.50,61.0,0.0,-36.8,1,363.151,3.748,45.119
4235.1,23.81,81.8,0.0,-29.6,1,363.947,3.753,45.628
4235.1,24.27,65.8,0.0,-19.0,1,365.139,3.760,46.441
4240.1,24.61,78.5,0.0,-13.5,1,365.930,3.766,47.013
4240.1,25.13,72.7,0.0,-8.4,1,367.116,3.776,47.916
4240.1,25.50,76.7,0.0,-7.4,1,367.909,3.783,48.545
4240.1,26.07,76.3,0.0,-8.0,1,369.100,3.793,49.530
4245.1,26.45,75.3,0.0,-9.2,1,369.898,3.800,50.213
4245.1,27.01,74.9,0.0,-11.3,1,371.097,3.810,51.276
4245.1,27.56,76.3,0.0,-13.5,1,372.299,3.821,52.386
4245.1,27.94,77.9,0.0,-14.4,1,373.101,3.827,53.152
4250.3,28.50,77.7,0.0,-14.4,1,374.304,3.836,54.342
4250.3,28.88,77.8,0.0,-13.8,1,375.103,3.842,55.165
4250.3,29.45,79.4,0.0,-12.5,1,376.298,3.851,56.442
4250.3,29.83,80.1,0.0,-12.5,1,377.089,3.857,57.323
4255.8,30.38,77.1,0.0,-12.8,1,378.268,3.866,58.692
4255.8,30.74,75.5,0.0,-12.8,1,379.045,3.871,59.635
4255.8,31.25,74.4,0.0,-15.8,1,380.195,3.879,61.095
4255.8,31.58,75.1,0.0,-16.3,1,380.949,3.884,62.100
4261.8,32.07,76.3,0.0,-15.4,1,382.057,3.890,63.653
4261.8,32.38,74.7,0.0,-15.1,1,382.781,3.893,64.719
4261.8,32.84,70.9,0.0,-10.5,1,383.839,3.898,66.364
4268.1,33.30,80.2,0.0,-11.7,1,384.864,3.901,68.061
4268.1,33.61,75.2,0.0,-10.0,1,385.527,3.904,69.223
4268.1,34.09,85.9,0.0,-6.5,0,386.490,3.908,71.010
4268.1,34.10,0.0,0.0,-5.4,0,387.110,3.910,72.226
4274.6,34.45,84.1,0.0,-5.1,2,387.997,3.914,74.076
4274.6,34.81,84.2,0.0,-5.3,2,388.572,3.915,75.336
4274.6,35.32,84.4,0.0,-6.5,2,389.414,3.917,77.262
4274.6,35.67,84.4,0.0,-7.1,2,389.965,3.916,78.570
4281.6,36.20,84.5,0.0,-7.3,2,390.777,3.913,80.567
4281.6,36.53,83.6,0.0,-7.0,2,391.307,3.911,81.921
4281.6,37.01,82.5,0.0,-6.6,2,392.084,3.906,83.985
4281.6,37.30,83.9,0.0,-5.9,2,392.590,3.901,85.383
4288.9,37.80,85.4,0.0,-3.7,2,393.329,3.895,87.512
4288.9,38.33,85.5,0.0,-0.5,2,394.046,3.888,89.680
4288.9,38.63,85.7,0.0,0.4,2,394.510,3.886,91.147
4288.9,39.15,80.4,0.0,1.1,2,395.190,3.881,93.379
4296.5,39.47,85.5,0.0,-0.2,2,395.628,3.880,94.888
4296.5,39.99,85.6,0.0,-2.3,2,396.270,3.878,97.182
4296.5,40.32,85.7,0.0,-2.2,2,396.689,3.877,98.732
4296.5,40.84,85.8,0.0,-1.6,2,397.307,3.872,101.085
4304.3,41.13,86.1,0.0,-2.2,2,397.711,3.869,102.673
4304.3,41.28,0.0,0.0,-2.4,0,398.305,3.865,105.076
4304.3,41.47,84.1,0.0,-3.0,3,398.692,3.861,106.683
4304.3,41.89,84.2,0.0,-4.3,3,399.263,3.859,109.117
4312.6,42.19,84.3,0.0,-4.7,3,399.637,3.859,110.756
4312.6,42.63,84.4,0.0,-4.7,3,400.185,3.857,113.240
4312.6,42.91,84.4,0.0,-4.7,3,400.540,3.854,114.913
4312.6,43.33,84.6,0.0,-4.6,3,401.054,3.850,117.448
4321.0,43.75,84.7,0.0,-4.9,3,401.543,3.846,120.013
4321.0,44.03,84.8,0.0,-5.0,3,401.854,3.844,121.740
4321.0,44.44,84.9,0.0,-5.2,3,402.299,3.841,124.356
4321.0,44.72,84.9,0.0,-5.3,3,402.580,3.839,126.116
4329.7,45.13,85.0,0.0,-5.1,3,402.976,3.834,128.782
4329.7,45.40,85.1,0.0,-5.0,3,403.222,3.831,130.575
4329.7,45.81,85.2,0.0,-5.0,3,403.565,3.824,133.289
4329.7,46.07,85.2,0.0,-5.1,3,403.775,3.820,135.114
4338.8,46.48,85.3,0.0,-5.2,3,404.062,3.814,137.875
4338.8,46.74,85.4,0.0,-5.3,3,404.233,3.810,139.730
4338.8,47.13,85.5,0.0,-5.6,3,404.461,3.804,142.536
4338.8,47.39,85.5,0.0,-5.8,3,404.593,3.799,144.422
4348.0,47.77,85.6,0.0,-5.7,3,404.759,3.792,147.271
4348.0,48.03,85.7,0.0,-5.4,3,404.847,3.787,149.184
4348.0,48.40,85.8,0.0,-6.0,3,404.945,3.781,152.074
4348.0,48.78,85.8,0.0,-6.6,3,405.001,3.774,154.988
4357.5,49.02,85.9,0.0,-6.9,3,405.014,3.770,156.944
4357.5,49.38,86.0,0.0,-7.1,3,404.993,3.763,159.895
4357.5,49.62,86.0,0.0,-7.3,3,404.951,3.759,161.874
4357.5,49.97,86.1,0.0,-7.0,3,404.846,3.753,164.859
4367.3,50.21,86.1,0.0,-7.8,3,404.748,3.747,166.860
4367.3,50.55,86.2,0.0,-6.7,3,404.555,3.739,169.875
4367.3,50.66,0.0,0.0,-6.3,0,404.396,3.735,171.894
4367.3,50.74,84.2,0.0,-6.0,4,404.112,3.728,174.920
4377.3,50.95,84.3,0.0,-6.8,4,403.894,3.723,176.942
4377.3,51.26,84.4,0.0,-9.3,4,403.523,3.715,179.985
4377.3,51.46,84.4,0.0,-10.9,4,403.243,3.709,182.019
4377.3,51.75,84.5,0.0,-12.1,4,402.773,3.701,185.079
4387.5,51.94,84.6,0.0,-12.3,4,402.423,3.696,187.123
4387.5,52.21,84.8,0.0,-11.8,4,401.841,3.688,190.192
4387.5,52.40,84.9,0.0,-11.2,4,401.412,3.683,192.239
4387.5,52.66,85.1,0.0,-11.4,4,400.706,3.677,195.310
4398.0,52.93,85.3,0.0,-11.1,4,399.923,3.671,198.379
4398.0,53.11,85.3,0.0,-10.7,4,399.358,3.668,200.423
4398.0,53.36,85.5,0.0,-11.2,4,398.444,3.665,203.482
4398.0,53.54,85.6,0.0,-12.0,4,397.790,3.665,205.518
4409.5,53.81,85.7,0.0,-13.8,4,396.749,3.663,208.565
4409.5,53.97,85.8,0.0,-15.0,4,396.014,3.661,210.591
4409.5,54.22,86.0,0.0,-15.0,4,394.844,3.662,213.618
4409.5,54.38,86.1,0.0,-14.6,4,394.019,3.665,215.627
4421.0,54.63,86.2,0.0,-14.0,4,392.718,3.673,218.627
4421.0,54.79,86.3,0.0,-13.6,4,391.810,3.677,220.617
4421.0,55.04,86.5,0.0,-13.2,4,390.382,3.685,223.586
4421.0,55.19,86.5,0.0,-13.1,4,389.387,3.690,225.553
4432.6,55.44,86.6,0.0,-13.0,4,387.831,3.699,228.484
4432.6,55.59,86.8,0.0,-13.1,4,386.753,3.704,230.425
4432.6,55.85,86.9,0.0,-12.8,4,385.078,3.707,233.318
4443.7,56.08,87.0,0.0,-11.5,4,383.332,3.707,236.185
4443.7,56.23,87.1,0.0,-9.8,4,382.127,3.706,238.080
4443.7,56.48,87.2,0.0,-7.4,4,380.258,3.707,240.897
4443.7,56.64,87.3,0.0,-6.4,4,378.973,3.709,242.759
4454.8,56.90,87.4,0.0,-6.5,4,376.988,3.714,245.526
4454.8,57.07,87.5,0.0,-7.8,4,375.629,3.719,247.355
4454.8,57.33,87.6,0.0,-8.5,4,373.540,3.728,250.078
4454.8,57.50,87.7,0.0,-7.6,4,372.115,3.733,251.879
4466.1,57.77,87.8,0.0,-5.7,4,369.931,3.742,254.559
4466.1,57.94,87.9,0.0,-4.8,4,368.444,3.749,256.331
4466.1,58.20,88.0,0.0,-4.6,4,366.171,3.759,258.971
4466.1,58.38,88.1,0.0,-4.6,4,364.628,3.765,260.719
4477.7,58.64,88.2,0.0,-4.3,4,362.274,3.772,263.323
4477.7,58.90,88.3,0.0,-4.2,4,359.874,3.779,265.906
4477.7,59.08,88.4,0.0,-4.3,4,358.249,3.783,267.617
4477.7,59.34,88.5,0.0,-4.5,4,355.777,3.786,270.167
4489.5,59.52,88.5,0.0,-4.5,4,354.105,3.786,271.856
4489.5,59.77,88.6,0.0,-4.4,4,351.560,3.787,274.371
4489.5,59.93,88.5,0.0,-4.8,4,349.839,3.787,276.036
4489.5,60.18,88.8,0.0,-4.3,4,347.222,3.789,278.512
4501.4,60.35,88.8,0.0,-4.2,4,345.454,3.790,280.150
4501.4,60.60,88.9,0.0,-1.9,4,342.767,3.792,282.587
4501.4,60.77,89.0,0.0,-1.1,4,340.952,3.794,284.199
4501.4,60.83,0.0,0.0,-0.3,0,338.199,3.800,286.596
4513.6,60.85,88.0,0.0,-0.1,5,336.352,3.804,288.177
4513.6,61.12,87.9,0.0,0.9,5,333.559,3.804,290.543
4513.6,61.29,88.0,0.0,1.0,5,331.684,3.802,292.117
4513.6,61.55,88.1,0.0,0.6,5,328.855,3.801,294.477
4525.8,61.76,88.2,0.0,-0.0,5,326.012,3.799,296.844
4525.8,61.91,88.3,0.0,-0.5,5,324.112,3.799,298.427
4525.8,62.15,88.4,0.0,-0.5,5,321.253,3.799,300.809
4525.8,62.31,88.4,0.0,-0.2,5,319.341,3.798,302.402
4538.2,62.53,88.5,0.0,0.3,5,316.464,3.798,304.799
4538.2,62.68,88.6,0.0,0.4,5,314.539,3.800,306.401
4538.2,62.91,88.7,0.0,0.4,5,311.643,3.806,308.811
4538.2,63.06,88.8,0.0,0.4,5,309.708,3.811,310.423
4550.7,63.29,88.9,0.0,0.4,5,306.797,3.816,312.852
4550.7,63.44,88.9,0.0,0.4,5,304.853,3.819,314.477
4550.7,63.66,89.0,0.0,0.5,5,301.931,3.827,316.926
4550.7,63.81,89.1,0.0,0.5,5,299.979,3.832,318.566
4563.4,64.03,89.2,0.0,0.5,5,297.047,3.838,321.037
4563.4,64.18,89.2,0.0,0.5,5,295.089,3.841,322.693
4563.4,64.40,89.3,0.0,0.5,5,292.148,3.843,325.188
4563.4,64.55,89.3,0.0,0.5,5,290.184,3.841,326.859
4576.3,64.76,89.4,0.0,0.5,5,287.234,3.835,329.378
4576.3,64.97,89.5,0.0,0.4,5,284.280,3.828,331.911
4576.3,65.12,89.6,0.0,0.4,5,282.308,3.823,333.608
4576.3,65.33,89.6,0.0,0.3,5,279.346,3.813,336.164
4589.3,65.46,89.7,0.0,0.3,5,277.369,3.810,337.876
4589.3,65.67,89.8,0.0,0.3,5,274.399,3.810,340.455
4589.3,65.81,89.8,0.0,0.2,5,272.415,3.810,342.181
4589.3,66.02,89.9,0.0,0.1,5,269.435,3.813,344.780
4602.4,66.16,89.9,0.0,0.1,5,267.445,3.814,346.519
4602.4,66.36,90.0,0.0,0.1,5,264.453,3.820,349.137
4602.4,66.49,90.1,0.0,0.0,5,262.455,3.826,350.888
4602.4,66.69,90.1,0.0,0.1,5,259.452,3.839,353.522
4615.7,66.82,90.2,0.0,0.1,5,257.445,3.847,355.283
4615.7,67.02,90.3,0.0,0.1,5,254.428,3.863,357.932
4615.7,67.17,90.3,0.0,0.1,5,252.412,3.870,359.703
4615.7,67.35,90.4,0.0,0.0,5,249.381,3.884,362.367
4629.2,67.54,90.5,0.0,0.2,5,246.342,3.901,365.038
4629.2,67.68,90.5,0.0,0.3,5,244.311,3.910,366.823
4629.2,67.87,90.5,0.0,0.2,5,241.257,3.920,369.508
4629.2,67.99,90.6,0.0,0.0,5,239.217,3.926,371.302
4642.7,68.19,90.6,0.0,-0.0,5,236.150,3.935,374.001
4642.7,68.31,90.7,0.0,0.0,5,234.102,3.937,375.805
4642.7,68.50,90.7,0.0,0.1,5,231.021,3.938,378.517
4642.7,68.63,90.8,0.0,0.1,5,228.963,3.937,380.329
4656.4,68.81,90.9,0.0,0.0,5,225.870,3.934,383.055
4656.4,68.93,90.9,0.0,0.0,5,223.803,3.931,384.876
4656.4,69.12,91.0,0.0,-0.0,5,220.697,3.926,387.615
4656.4,69.23,91.0,0.0,0.0,5,218.621,3.923,389.444
4670.1,69.42,91.1,0.0,0.0,5,215.502,3.917,392.195
4670.1,69.60,91.1,0.0,0.0,5,212.374,3.910,394.953
4670.1,69.72,91.2,0.0,0.0,5,210.285,3.905,396.796
4684.1,69.89,91.2,0.0,0.0,5,207.145,3.897,399.567
4684.1,70.01,91.3,0.0,0.0,5,205.047,3.893,401.418
4684.1,70.18,91.3,0.0,0.1,5,201.894,3.888,404.201
4684.1,70.30,91.4,0.0,0.1,5,199.788,3.885,406.061
4698.1,70.47,91.4,0.0,0.0,5,196.623,3.880,408.856
4698.1,70.58,91.5,0.0,0.0,0,194.509,3.877,410.723
4698.1,70.49,90.6,0.0,0.0,6,191.338,3.871,413.525
4698.1,70.60,90.6,0.0,0.0,6,189.224,3.867,415.394
4712.2,70.76,90.7,0.0,0.1,6,186.048,3.862,418.203
4712.2,70.86,90.7,0.0,0.1,6,183.927,3.860,420.079
4712.2,71.02,90.7,0.0,0.1,6,180.740,3.857,422.900
4712.2,71.12,90.8,0.0,0.1,6,178.611,3.855,424.784
4726.4,71.28,90.8,0.0,0.1,6,175.414,3.850,427.617
4726.4,71.44,90.9,0.0,0.1,6,172.211,3.844,430.458
4726.4,71.54,90.9,0.0,0.1,6,170.072,3.840,432.355
4726.4,71.69,91.0,0.0,0.1,6,166.859,3.834,435.208
4740.7,71.79,91.0,0.0,0.1,6,164.714,3.832,437.115
4740.7,71.95,91.0,0.0,0.1,6,161.493,3.830,439.981
4740.7,72.05,91.1,0.0,0.1,6,159.342,3.830,441.896
4740.7,72.20,91.1,0.0,0.1,6,156.111,3.829,444.774
4755.2,72.30,91.1,0.0,0.1,6,153.954,3.831,446.697
4755.2,72.44,91.2,0.0,0.1,6,150.715,3.835,449.588
4755.2,72.54,91.2,0.0,0.1,6,148.552,3.838,451.520
4755.2,72.69,91.3,0.0,0.0,6,145.304,3.841,454.424
4798.9,73.83,91.6,0.0,0.1,6,119.119,3.861,477.894
4828.6,74.95,91.9,0.0,0.1,6,91.437,3.809,502.735
4843.6,75.08,91.9,0.0,0.4,6,88.083,3.793,505.737
4843.6,75.17,92.0,0.0,-0.6,6,85.844,3.781,507.740
4843.6,75.30,92.0,0.0,-0.7,6,82.479,3.761,510.749
4843.6,75.38,92.0,0.0,0.1,6,80.231,3.747,512.755
4858.7,75.51,92.1,0.0,0.7,6,76.851,3.726,515.766
4858.7,75.60,92.1,0.0,-0.5,6,74.594,3.712,517.776
4858.7,75.72,92.1,0.0,-0.8,6,71.203,3.689,520.793
4858.7,75.81,92.1,0.0,-0.7,6,68.938,3.674,522.806
4873.8,75.93,92.2,0.0,0.2,6,65.532,3.650,525.825
4873.8,76.02,92.2,0.0,0.0,6,63.256,3.633,527.839
4873.8,76.14,92.2,0.0,-0.0,6,59.834,3.606,530.859
4873.8,76.23,92.2,0.0,-0.3,6,57.548,3.586,532.874
4889.0,76.35,92.3,0.0,-0.0,6,54.113,3.554,535.899
4889.0,76.48,92.3,0.0,0.4,6,50.672,3.519,538.928
4889.0,76.55,92.3,0.0,0.5,6,48.375,3.495,540.950
4889.0,76.67,92.4,0.0,0.5,6,44.926,3.457,543.989
4904.3,76.76,92.4,0.0,0.4,6,42.625,3.430,546.019
4904.3,76.88,92.4,0.0,0.2,6,39.174,3.386,549.073
4904.3,76.96,92.4,0.0,0.2,6,36.872,3.355,551.114
4904.3,77.09,92.5,0.0,0.3,6,33.418,3.301,554.184
4919.7,77.16,92.5,0.0,0.3,6,31.115,3.262,556.236
4919.7,77.28,92.5,0.0,0.2,6,27.659,3.205,559.320
4919.7,77.36,92.5,0.0,0.0,6,25.353,3.166,561.382
4919.7,77.48,92.6,0.0,-0.0,6,21.893,3.109,564.480
4935.2,77.56,92.6,0.0,0.0,6,19.585,3.069,566.550
4935.2,77.67,92.6,0.0,0.0,6,16.120,3.009,569.660
4935.2,77.75,92.6,0.0,-0.1,6,13.808,2.969,571.737
4935.2,77.86,92.7,0.0,-0.4,6,10.336,2.911,574.856
4950.7,77.98,92.7,0.0,-0.0,6,6.858,2.853,577.980
4950.7,78.05,92.7,0.0,0.0,6,4.536,2.816,580.063
4950.7,78.11,60.2,15.8,-0.3,6,1.048,2.762,583.191
4950.7,77.84,7.9,67.0,-0.6,6,-1.277,2.722,585.273
4966.3,76.73,0.0,84.6,-0.6,6,-4.736,2.659,588.366
4966.3,75.87,0.0,88.4,-0.1,6,-7.014,2.621,590.399
4966.3,74.56,0.0,91.4,0.2,6,-10.387,2.567,593.401
4966.3,73.66,0.0,91.2,0.0,6,-12.605,2.531,595.371
4981.3,72.33,0.0,91.3,-0.4,6,-15.883,2.479,598.279
4981.3,71.44,0.0,91.2,-0.6,6,-18.037,2.447,600.186
4981.3,70.13,0.0,92.7,-0.8,6,-21.220,2.400,603.000
4981.3,69.23,0.0,92.1,-0.8,6,-23.312,2.366,604.845
4995.4,67.91,0.0,91.5,-0.7,6,-26.403,2.315,607.563
4995.4,67.04,0.0,91.5,-0.6,6,-28.435,2.282,609.343
4995.4,65.73,0.0,91.1,-0.2,6,-31.439,2.233,611.961
4995.4,64.43,0.0,91.4,-0.3,6,-34.392,2.187,614.520
5008.7,63.57,0.0,91.6,-0.4,6,-36.332,2.158,616.192
5008.7,62.28,0.0,91.7,-0.8,6,-39.198,2.116,618.653
5008.7,61.43,27.3,92.5,-1.4,0,-41.081,2.087,620.261
5008.7,60.14,0.0,92.2,-1.9,5,-43.863,2.044,622.623
5021.0,59.29,0.0,92.0,-1.9,5,-45.691,2.016,624.162
5021.0,58.01,0.0,91.8,-2.1,5,-48.394,1.975,626.419
5021.0,57.15,0.0,91.3,-2.1,5,-50.172,1.947,627.886
5021.0,55.89,0.0,91.5,-2.5,5,-52.802,1.906,630.030
5032.6,55.04,0.0,91.0,-2.7,5,-54.533,1.880,631.420
5032.6,53.78,0.0,91.3,-3.0,0,-57.097,1.842,633.444
5032.6,52.96,27.5,92.3,-3.0,0,-58.785,1.817,634.754
5032.6,51.71,0.0,87.7,-2.7,4,-61.286,1.779,636.657
5043.2,50.90,0.0,83.2,-2.3,4,-62.932,1.754,637.884
5043.2,49.76,0.0,65.1,-1.6,4,-65.373,1.718,639.663
5043.2,48.83,0.0,52.8,-1.5,4,-67.793,1.682,641.365
5043.2,48.30,0.0,47.8,-1.9,4,-69.399,1.659,642.460
5053.0,47.58,0.0,44.9,-3.7,4,-71.801,1.624,644.043
5053.0,47.10,0.0,44.9,-5.0,4,-73.398,1.601,645.062
5053.0,46.41,0.0,45.5,-6.6,4,-75.787,1.568,646.534
5053.0,45.95,0.0,43.0,-7.5,4,-77.374,1.546,647.480
5079.6,41.40,0.0,15.6,-8.8,3,-98.633,1.261,657.551
5079.6,41.08,0.0,9.7,-9.7,3,-100.973,1.231,658.354
5087.9,40.83,0.0,6.3,-11.4,3,-103.316,1.201,659.095
5087.9,40.67,0.0,4.7,-12.5,3,-104.880,1.181,659.555
5087.9,40.47,0.0,3.1,-13.4,3,-107.229,1.151,660.192
5087.9,40.35,0.0,3.6,-14.1,3,-108.798,1.133,660.582
5096.3,40.16,0.0,3.2,-14.5,3,-111.154,1.103,661.115
5096.3,40.03,0.0,3.7,-14.4,3,-112.725,1.084,661.435
5096.3,39.83,0.0,3.8,-13.9,3,-115.083,1.055,661.861
5096.3,39.70,0.0,3.4,-14.0,3,-116.655,1.037,662.107
5104.6,39.50,0.0,3.8,-14.1,3,-119.010,1.010,662.422
5104.6,39.31,0.0,3.5,-13.7,3,-121.361,0.984,662.671
5104.6,39.18,0.0,4.0,-13.4,3,-122.926,0.968,662.799
5112.6,38.98,0.0,3.9,-13.4,3,-125.267,0.945,662.934
5112.6,38.85,0.0,3.8,-13.9,3,-126.823,0.931,662.987
5112.6,38.66,0.0,3.7,-14.4,3,-129.148,0.910,663.015
5112.6,38.53,0.0,3.3,-14.9,3,-130.692,0.896,662.997
5120.8,38.34,0.0,3.5,-15.3,3,-132.997,0.876,662.919
5120.8,38.21,0.0,3.2,-15.2,3,-134.526,0.862,662.831
5120.8,38.03,0.0,3.5,-15.3,3,-136.805,0.843,662.646
5120.8,37.90,0.0,2.6,-15.6,3,-138.316,0.830,662.487
5128.6,37.72,0.0,1.4,-16.0,3,-140.566,0.812,662.197
5128.6,37.61,0.0,2.1,-16.0,3,-142.055,0.800,661.968
5128.6,37.44,0.0,1.6,-16.2,3,-144.272,0.781,661.573
5128.6,37.27,0.0,2.2,-16.3,3,-146.466,0.764,661.114
5136.6,37.15,0.0,1.9,-16.7,3,-147.915,0.753,660.774
5136.6,36.98,0.0,1.9,-17.4,3,-150.067,0.737,660.213
5136.6,36.87,0.0,1.7,-17.8,3,-151.487,0.726,659.805
5136.6,36.70,0.0,1.4,-18.2,3,-153.593,0.711,659.143
5144.7,36.59,0.0,1.9,-18.5,3,-154.980,0.700,658.669
5144.7,36.41,0.0,2.3,-19.0,3,-157.034,0.685,657.908
5144.7,36.29,0.0,1.5,-19.1,3,-158.384,0.675,657.367
5144.7,36.10,0.0,3.2,-19.0,3,-160.379,0.661,656.507
5152.3,35.97,0.0,0.6,-18.6,3,-161.687,0.653,655.901
5152.3,35.81,1.5,0.4,-17.6,3,-163.615,0.643,654.941
5152.3,35.70,0.7,0.0,-17.4,3,-164.877,0.638,654.268
5152.3,35.55,4.2,0.0,-16.2,3,-166.733,0.633,653.210
5160.5,35.45,2.6,0.0,-15.8,3,-167.947,0.632,652.472
5160.5,35.32,3.3,0.0,-16.3,3,-169.732,0.629,651.323
5160.5,35.18,2.3,0.2,-18.5,3,-171.475,0.626,650.124
5160.5,35.08,7.6,0.0,-20.3,3,-172.612,0.622,649.298
5168.0,35.01,23.8,0.0,-22.9,3,-174.280,0.618,648.019
5168.0,35.02,29.9,0.0,-23.4,3,-175.367,0.617,647.135
5168.0,35.08,44.5,0.0,-24.0,3,-176.958,0.620,645.761
5168.0,35.18,48.8,0.0,-24.6,3,-177.997,0.623,644.816
5176.0,35.32,52.5,0.0,-25.2,3,-179.524,0.628,643.354
5176.0,35.45,58.1,0.0,-25.9,3,-180.522,0.630,642.350
5176.0,35.65,61.9,0.0,-28.0,3,-181.984,0.635,640.797
5176.0,35.78,60.3,0.0,-27.7,3,-182.935,0.639,639.731
5183.4,35.98,59.1,0.0,-25.8,3,-184.324,0.646,638.087
5183.4,36.12,63.5,0.0,-24.9,3,-185.224,0.652,636.961
5183.4,36.39,75.6,0.0,-24.5,3,-186.536,0.663,635.227
5183.4,36.62,81.6,0.0,-24.7,3,-187.386,0.670,634.041
5191.1,36.84,37.4,0.0,-24.9,3,-188.628,0.680,632.218
5191.1,36.77,4.3,11.5,-25.0,3,-189.425,0.687,630.979
5191.1,36.47,0.0,3.1,-24.9,3,-190.564,0.698,629.099
5191.1,36.31,22.7,0.0,-23.8,3,-191.632,0.712,627.196
5198.3,36.33,38.0,0.0,-22.7,3,-192.309,0.720,625.912
5198.3,36.45,56.1,0.0,-21.7,3,-193.278,0.731,623.956
5198.3,36.58,58.7,0.0,-20.7,3,-193.894,0.737,622.632
5198.3,36.79,61.3,0.0,-18.7,3,-194.773,0.744,620.615
5205.2,36.94,62.5,0.0,-17.1,3,-195.329,0.747,619.249
5205.2,37.18,64.5,0.0,-14.9,3,-196.118,0.750,617.171
5205.2,37.35,67.3,0.0,-13.7,3,-196.614,0.750,615.766
5205.2,37.62,66.7,0.0,-12.3,3,-197.312,0.749,613.628
5212.3,37.79,66.7,0.0,-11.9,3,-197.744,0.749,612.183
5212.3,38.06,67.3,0.0,-12.5,3,-198.341,0.750,609.988
5212.3,38.24,67.6,0.0,-13.0,3,-198.706,0.751,608.507
5212.3,38.52,69.4,0.0,-14.9,3,-199.203,0.752,606.259
5219.8,38.82,74.3,0.0,-15.2,3,-199.639,0.754,603.981
5219.8,39.04,78.9,0.0,-15.6,3,-199.897,0.755,602.446
5219.8,39.42,83.3,0.0,-14.4,3,-200.235,0.759,600.118
5219.8,39.67,83.6,0.0,-12.2,3,-200.428,0.763,598.549
5227.6,40.06,83.7,0.0,-8.6,3,-200.670,0.770,596.170
5227.6,40.32,83.9,0.0,-5.6,3,-200.799,0.775,594.568
5227.6,40.75,83.9,0.0,-1.8,3,-200.949,0.785,592.141
5227.6,41.02,83.8,0.0,0.4,3,-201.021,0.794,590.508
5235.7,41.16,15.5,23.7,2.3,3,-201.097,0.809,588.040
5251.5,35.50,0.0,14.4,12.3,3,-202.168,0.946,568.252
5258.8,35.30,0.0,11.4,13.4,3,-202.357,0.954,566.849
5258.8,35.06,39.2,11.7,13.9,0,-202.684,0.966,564.763
5258.8,34.88,0.0,12.0,13.2,2,-202.932,0.976,563.386
5258.8,34.58,0.0,14.8,11.6,2,-203.345,0.989,561.342
5266.2,34.26,0.0,13.7,11.7,2,-203.807,1.003,559.329
5266.2,34.06,0.0,11.9,12.0,2,-204.141,1.013,558.003
5266.2,33.68,0.0,35.3,12.3,2,-204.683,1.029,556.043
5266.2,33.30,0.0,37.9,12.8,2,-205.067,1.041,554.759
5273.2,32.72,0.0,54.6,13.2,2,-205.674,1.059,552.873
5273.2,32.23,0.0,48.1,13.0,2,-206.098,1.070,551.644
5273.2,31.56,0.0,33.6,12.3,2,-206.759,1.088,549.847
5273.2,31.20,0.0,27.1,12.1,2,-207.220,1.100,548.679
5280.7,30.75,0.0,18.4,12.0,2,-207.943,1.119,546.967
5280.7,30.52,0.0,13.6,12.6,2,-208.447,1.132,545.850
5280.7,30.24,0.0,14.0,14.8,2,-209.235,1.153,544.206
5280.7,30.04,0.0,14.6,15.9,2,-209.782,1.167,543.131
5287.5,29.73,0.0,14.9,17.5,2,-210.630,1.188,541.552
5287.5,29.52,0.0,14.1,18.3,2,-211.215,1.201,540.520
5287.5,29.23,0.0,10.3,18.7,2,-212.123,1.219,539.009
5287.5,28.98,0.0,8.0,19.4,2,-213.068,1.238,537.540
5294.7,28.83,0.0,6.6,20.2,2,-213.720,1.250,536.585
5294.7,28.66,39.7,4.8,21.1,0,-214.730,1.267,535.187
5294.7,28.53,0.0,3.8,21.6,1,-215.427,1.279,534.279
5294.7,28.33,0.0,2.3,22.8,1,-216.503,1.295,532.956
5301.0,28.21,0.0,1.0,23.7,1,-217.242,1.306,532.100
5301.0,28.03,1.0,0.0,25.4,1,-218.382,1.320,530.856
5301.0,27.92,2.5,0.0,25.9,1,-219.163,1.330,530.054
5301.0,27.78,6.7,0.0,27.6,1,-220.365,1.343,528.893
5307.0,27.71,10.8,0.0,28.8,1,-221.187,1.351,528.147
5307.0,27.65,14.7,0.0,31.0,1,-222.451,1.363,527.071
5307.0,27.62,16.9,0.0,32.1,1,-223.315,1.370,526.381
5307.0,27.61,23.5,0.0,34.0,1,-224.642,1.381,525.390
5312.9,27.64,27.1,0.0,35.4,1,-225.547,1.387,524.757
5312.9,27.70,27.6,0.0,37.9,1,-226.937,1.396,523.850
5312.9,27.76,27.7,0.0,40.9,1,-228.363,1.404,522.993
5312.9,27.78,24.5,0.0,43.3,1,-229.332,1.409,522.451
5318.7,27.76,19.2,0.0,46.5,1,-230.811,1.415,521.683
5318.7,27.73,18.7,0.0,48.5,1,-231.812,1.419,521.203
5318.7,27.68,17.6,0.0,51.3,1,-233.333,1.423,520.532
5318.7,27.64,16.6,0.0,52.9,1,-234.359,1.426,520.117
5324.7,27.55,14.5,0.0,55.3,1,-235.913,1.429,519.547
5324.7,27.48,13.3,0.0,56.9,1,-236.958,1.431,519.202
5324.7,27.36,12.2,0.0,58.7,1,-238.536,1.433,518.736
5324.7,27.28,11.7,0.0,59.7,1,-239.594,1.433,518.462
5330.4,27.14,11.2,0.0,59.3,1,-241.187,1.434,518.104
5330.4,27.05,11.0,0.0,58.7,1,-242.252,1.434,517.901
5330.4,26.91,11.4,0.0,60.3,1,-243.851,1.433,517.651
5330.4,26.83,11.3,0.0,61.0,1,-244.919,1.432,517.521
5336.1,26.69,10.9,0.0,59.8,1,-246.518,1.430,517.379
5336.1,26.56,10.9,0.0,60.4,1,-248.114,1.426,517.303
5336.1,26.47,11.0,0.0,60.5,1,-249.175,1.424,517.288
5341.6,26.34,11.0,0.0,59.1,1,-250.759,1.419,517.319
5341.6,26.26,11.0,0.0,58.0,1,-251.810,1.416,517.375
5341.6,26.14,11.8,0.0,55.8,1,-253.376,1.410,517.511
5341.6,26.07,12.7,0.0,54.0,1,-254.412,1.405,517.637
5347.0,25.98,15.0,0.0,50.9,1,-255.955,1.398,517.877
5347.0,25.93,18.9,0.0,47.4,1,-257.483,1.389,518.178
5347.0,25.92,22.9,0.0,45.0,1,-258.493,1.383,518.413
5347.0,25.98,32.0,0.0,41.2,1,-259.996,1.373,518.814
5352.4,26.08,40.9,0.0,38.5,1,-260.993,1.365,519.114
5352.4,26.35,61.6,0.0,33.6,1,-262.482,1.352,519.615
5352.4,26.62,60.0,0.0,29.4,1,-263.475,1.343,519.983
5352.4,26.95,55.1,0.0,22.8,1,-264.963,1.328,520.587
5358.0,27.19,55.1,0.0,19.2,1,-265.953,1.317,521.025
5358.0,27.57,58.7,0.0,14.4,1,-267.434,1.301,521.733
5358.0,27.83,59.3,0.0,15.4,1,-268.419,1.289,522.238
5358.0,28.21,57.5,0.0,14.2,1,-269.893,1.272,523.047
5363.8,28.48,57.6,0.0,12.7,1,-270.871,1.260,523.619
5363.8,28.87,55.4,0.0,19.8,1,-272.334,1.241,524.524
5363.8,29.10,55.2,0.0,22.6,1,-273.304,1.228,525.158
5363.8,29.45,57.2,0.0,21.4,1,-274.750,1.208,526.153
5370.2,29.81,57.5,0.0,24.7,1,-276.184,1.187,527.203
5370.2,30.06,58.8,0.0,22.6,1,-277.131,1.172,527.934
5370.2,30.45,62.7,0.0,19.5,1,-278.537,1.151,529.081
5370.2,30.72,63.0,0.0,19.5,1,-279.465,1.137,529.877
5376.7,31.12,61.5,0.0,21.5,1,-280.841,1.114,531.120
5376.7,31.38,62.1,0.0,21.8,1,-281.746,1.099,531.982
5376.7,31.75,61.9,0.0,22.7,1,-283.082,1.075,533.323
5376.7,31.99,61.5,0.0,23.4,1,-283.957,1.059,534.249
5383.4,32.36,62.5,0.0,24.6,1,-285.242,1.035,535.689
5383.4,32.60,62.2,0.0,25.7,1,-286.079,1.020,536.682
5383.4,32.94,62.8,0.0,27.4,1,-287.303,0.997,538.219
5383.4,33.17,64.1,0.0,28.6,1,-288.097,0.982,539.276
5391.0,33.51,63.2,0.0,30.1,1,-289.254,0.960,540.907
5391.0,33.74,63.1,0.0,31.2,1,-290.001,0.945,542.024
5391.0,34.05,60.8,0.0,34.9,1,-291.086,0.922,543.744
5391.0,34.29,46.2,0.0,38.1,1,-292.120,0.899,545.514
5398.4,34.36,42.7,0.0,40.5,1,-292.778,0.884,546.718
5398.4,34.47,35.5,0.0,43.8,1,-293.714,0.864,548.559
5398.4,34.49,28.3,0.0,45.9,1,-294.304,0.851,549.805
5398.4,34.47,30.7,0.0,51.1,1,-295.138,0.831,551.698
5406.4,34.45,24.6,0.0,54.3,1,-295.660,0.817,552.974
5406.4,34.34,16.8,0.0,54.5,1,-296.390,0.797,554.905
5406.4,34.24,16.7,0.0,55.4,1,-296.838,0.784,556.201
5406.4,34.11,16.6,0.0,54.8,1,-297.452,0.768,558.158
5428.6,34.75,84.3,0.0,3.2,2,-299.899,0.655,575.604
5428.6,35.28,84.4,0.0,0.1,2,-299.885,0.646,577.704
5435.9,35.64,84.4,0.0,0.7,2,-299.853,0.641,579.121
5435.9,36.17,84.6,0.0,3.8,2,-299.777,0.635,581.273
5435.9,36.53,84.7,0.0,5.9,2,-299.710,0.631,582.725
5435.9,37.05,84.9,0.0,8.2,2,-299.586,0.626,584.928
5443.2,37.38,85.0,0.0,8.8,2,-299.487,0.623,586.412
5443.2,37.90,85.2,0.0,9.1,2,-299.307,0.617,588.663
5443.2,38.23,85.3,0.0,9.1,2,-299.165,0.613,590.178
5443.2,38.73,85.4,0.0,9.6,2,-298.916,0.606,592.473
5450.8,39.05,85.5,0.0,9.5,2,-298.724,0.600,594.016
5450.8,39.54,85.6,0.0,8.9,2,-298.395,0.591,596.350
5450.8,40.02,85.8,0.0,8.8,2,-298.014,0.579,598.705
5450.8,40.34,85.8,0.0,8.6,2,-297.732,0.571,600.287
5458.5,40.81,85.9,0.0,9.4,2,-297.265,0.556,602.675
5458.5,41.11,86.1,0.0,9.2,2,-296.924,0.545,604.277
5458.5,41.59,86.1,0.0,8.7,2,-296.369,0.526,606.694
5458.5,41.88,86.2,0.0,8.8,2,-295.966,0.513,608.314
5466.6,42.03,0.0,0.0,8.1,0,-295.316,0.493,610.749
5466.6,42.18,84.3,0.0,8.4,3,-294.854,0.479,612.366
5466.6,42.59,84.4,0.0,8.2,3,-294.118,0.454,614.799
5466.6,42.88,84.5,0.0,6.8,3,-293.597,0.436,616.427
5475.0,43.29,84.6,0.0,4.9,3,-292.769,0.408,618.874
5475.0,43.71,84.7,0.0,4.3,3,-291.890,0.377,621.331
5475.0,44.00,84.7,0.0,4.4,3,-291.280,0.354,622.975
5475.0,44.42,84.9,0.0,4.1,3,-290.329,0.314,625.450
5483.7,44.70,84.9,0.0,3.8,3,-289.672,0.289,627.106
5483.7,45.07,85.1,0.0,3.5,3,-288.654,0.254,629.598
5483.7,45.49,85.2,0.0,3.3,3,-287.601,0.218,632.103
5483.7,45.79,85.4,0.0,2.9,3,-286.881,0.191,633.781
5492.7,46.12,85.6,0.0,1.7,3,-285.773,0.147,636.304
5492.7,46.40,73.0,0.0,0.4,3,-285.017,0.114,637.992
5492.7,46.73,84.8,0.0,-0.9,3,-283.857,0.061,640.532
5492.7,46.99,78.1,0.0,-1.5,3,-283.065,0.028,642.229
5501.9,47.43,85.0,0.0,-0.6,3,-281.842,-0.015,644.784
5501.9,47.69,85.7,0.0,0.6,3,-281.006,-0.043,646.492
5501.9,48.07,85.9,0.0,1.9,3,-279.726,-0.084,649.063
5501.9,48.35,85.8,0.0,2.2,3,-278.858,-0.113,650.785
5511.4,48.55,0.0,0.0,3.4,0,-277.534,-0.149,653.372
5511.4,48.58,75.4,0.0,3.2,4,-276.641,-0.178,655.097
5511.4,48.90,83.9,0.0,2.5,4,-275.278,-0.218,657.682
5511.4,49.10,83.9,0.0,2.4,4,-274.350,-0.239,659.408
5521.1,49.45,83.9,0.0,2.8,4,-272.928,-0.258,661.999
5521.1,49.75,84.1,0.0,3.5,4,-271.473,-0.269,664.594
5521.1,49.98,84.2,0.0,4.2,4,-270.486,-0.277,666.327
5531.0,50.34,84.1,0.0,3.6,4,-268.981,-0.296,668.932
5531.0,50.56,84.1,0.0,3.1,4,-267.957,-0.310,670.671
5531.0,50.87,84.2,0.0,2.8,4,-266.388,-0.326,673.277
5531.0,51.09,84.3,0.0,2.9,4,-265.321,-0.337,675.014
5541.2,51.41,84.3,0.0,3.1,4,-263.691,-0.351,677.620
5541.2,51.62,84.4,0.0,3.3,4,-262.585,-0.360,679.358
5541.2,51.94,84.5,0.0,3.2,4,-260.896,-0.371,681.965
5541.2,52.15,84.6,0.0,2.9,4,-259.751,-0.377,683.703
5551.5,52.47,84.6,0.0,2.1,4,-258.005,-0.384,686.311
5551.5,52.69,84.6,0.0,1.5,4,-256.824,-0.387,688.050
5551.5,53.00,84.7,0.0,1.3,4,-255.027,-0.391,690.662
5551.5,53.22,84.8,0.0,1.0,4,-253.815,-0.394,692.406
5562.0,53.54,84.8,0.0,0.9,4,-251.978,-0.398,695.028
5562.0,53.85,84.9,0.0,0.7,4,-250.119,-0.403,697.659
5562.0,54.06,85.0,0.0,1.1,4,-248.868,-0.408,699.417
5562.0,54.37,85.0,0.0,1.6,4,-246.977,-0.416,702.063
5572.7,54.58,85.1,0.0,1.8,4,-245.704,-0.421,703.832
5572.7,54.89,85.1,0.0,2.1,4,-243.778,-0.430,706.490
5572.7,55.09,85.2,0.0,2.1,4,-242.480,-0.435,708.266
5572.7,55.40,85.4,0.0,2.4,4,-240.511,-0.442,710.932
5583.7,55.59,85.5,0.0,2.6,4,-239.184,-0.446,712.710
5583.7,55.89,85.7,0.0,2.7,4,-237.168,-0.451,715.379
5583.7,56.09,85.7,0.0,2.8,4,-235.808,-0.453,717.158
5583.7,56.38,85.9,0.0,3.0,4,-233.741,-0.456,719.824
5594.9,56.58,86.0,0.0,3.1,4,-232.345,-0.457,721.600
5594.9,56.87,86.1,0.0,3.1,4,-230.222,-0.458,724.260
5594.9,57.06,86.3,0.0,3.1,4,-228.788,-0.459,726.030
5594.9,57.34,86.4,0.0,3.1,4,-226.607,-0.459,728.678
5606.4,57.62,86.6,0.0,3.4,4,-224.389,-0.456,731.319
5606.4,57.81,86.6,0.0,3.4,4,-222.890,-0.454,733.074
5606.4,58.08,86.8,0.0,3.4,4,-220.611,-0.449,735.699
5606.4,58.26,86.9,0.0,3.5,4,-219.071,-0.444,737.443
5618.1,58.53,87.0,0.0,3.4,4,-216.729,-0.433,740.048
5618.1,58.71,87.1,0.0,3.4,4,-215.147,-0.423,741.778
5618.1,58.98,87.2,0.0,2.9,4,-212.742,-0.406,744.362
5618.1,59.15,87.3,0.0,3.0,4,-211.119,-0.393,746.078
5630.2,59.42,87.4,0.0,2.3,4,-208.654,-0.373,748.643
5630.2,59.59,87.5,0.0,2.7,4,-206.992,-0.357,750.346
5630.2,59.85,87.6,0.0,2.3,4,-204.471,-0.331,752.892
5630.2,60.02,87.8,0.0,2.9,4,-202.773,-0.313,754.584
5642.3,60.28,87.9,0.0,3.7,4,-200.201,-0.285,757.115
5642.3,60.45,87.9,0.0,4.0,4,-198.468,-0.268,758.796
5642.3,60.70,88.1,0.0,3.6,4,-195.841,-0.244,761.306
5642.3,60.94,88.2,0.0,3.4,4,-193.178,-0.222,763.801
5654.8,61.01,0.0,0.0,3.6,0,-191.383,-0.211,765.454
5654.8,61.04,86.9,0.0,3.3,5,-188.671,-0.202,767.910
5654.8,61.19,87.0,0.0,3.1,5,-186.845,-0.198,769.534
5654.8,61.42,87.1,0.0,3.1,5,-184.075,-0.195,771.953
5667.2,61.56,87.2,0.0,3.3,5,-182.207,-0.192,773.553
5667.2,61.78,87.3,0.0,3.6,5,-179.376,-0.185,775.935
5667.2,61.93,87.4,0.0,3.9,5,-177.469,-0.179,777.510
5667.2,62.16,87.5,0.0,4.1,5,-174.579,-0.173,779.857
5679.9,62.30,87.6,0.0,4.2,5,-172.634,-0.171,781.409
5679.9,62.52,87.7,0.0,4.5,5,-169.685,-0.171,783.717
5679.9,62.67,87.7,0.0,4.2,5,-167.699,-0.173,785.241
5679.9,62.88,87.8,0.0,4.1,5,-164.687,-0.176,787.502
5692.6,63.09,88.0,0.0,4.6,5,-161.635,-0.175,789.729
5692.6,63.22,88.0,0.0,5.2,5,-159.578,-0.173,791.195
5692.6,63.44,88.1,0.0,5.7,5,-156.461,-0.171,793.367
5692.6,63.57,88.2,0.0,5.3,5,-154.361,-0.172,794.796
5705.6,63.77,88.3,0.0,3.9,5,-151.178,-0.172,796.907
5705.6,63.88,88.4,0.0,3.0,5,-149.033,-0.169,798.292
5705.6,64.11,88.4,0.0,2.8,5,-145.782,-0.161,800.335
5705.6,64.25,88.5,0.0,3.5,5,-143.595,-0.154,801.678
5718.6,64.44,88.7,0.0,4.4,5,-140.286,-0.150,803.667
5718.6,64.59,88.6,0.0,4.8,5,-138.062,-0.149,804.975
5718.6,64.77,88.8,0.0,4.4,5,-134.697,-0.147,806.907
5718.6,64.91,88.8,0.0,3.8,5,-132.433,-0.143,808.173
5731.8,65.10,88.9,0.0,4.0,5,-129.009,-0.139,810.041
5731.8,65.24,88.9,0.0,4.0,5,-126.708,-0.140,811.265
5731.8,65.43,89.0,0.0,4.5,5,-123.225,-0.138,813.063
5731.8,65.55,89.1,0.0,5.0,5,-120.884,-0.136,814.238
5745.2,65.75,89.2,0.0,4.9,5,-117.344,-0.134,815.964
5745.2,65.93,89.3,0.0,5.2,5,-113.769,-0.130,817.643
5745.2,66.05,89.3,0.0,5.1,5,-111.367,-0.129,818.738
5758.5,66.24,89.4,0.0,5.5,5,-107.737,-0.126,820.341
5758.5,66.35,89.5,0.0,5.4,5,-105.298,-0.124,821.381
5758.5,66.53,89.5,0.0,5.2,5,-101.611,-0.117,822.897
5758.5,66.65,89.6,0.0,5.2,5,-99.136,-0.113,823.880
5771.9,66.83,89.6,0.0,5.2,5,-95.396,-0.107,825.311
5771.9,66.95,89.7,0.0,5.3,5,-92.886,-0.103,826.235
5771.9,67.12,89.8,0.0,5.6,5,-89.095,-0.097,827.577
5771.9,67.23,89.8,0.0,5.4,5,-86.551,-0.095,828.443
5785.3,67.40,89.9,0.0,5.0,5,-82.711,-0.089,829.692
5785.3,67.51,90.0,0.0,5.0,5,-80.135,-0.084,830.494
5785.3,67.68,90.0,0.0,4.9,5,-76.248,-0.076,831.649
5785.3,67.85,90.1,0.0,5.0,5,-72.334,-0.068,832.750
5798.8,67.96,90.1,0.0,5.4,5,-69.711,-0.064,833.453
5798.8,68.12,90.2,0.0,3.8,5,-65.755,-0.054,834.459
5798.8,68.24,90.3,0.0,3.6,5,-63.104,-0.048,835.100
5798.8,68.41,90.3,0.0,3.0,5,-59.109,-0.037,836.018
5812.3,68.52,90.4,0.0,2.8,5,-56.434,-0.029,836.603
5812.3,68.69,90.4,0.0,2.7,5,-52.405,-0.013,837.442
5812.3,68.87,90.5,0.0,2.7,5,-48.356,0.004,838.242
5812.3,68.99,90.5,0.0,2.6,5,-45.647,0.018,838.754
5826.0,69.16,90.6,0.0,2.7,5,-41.570,0.041,839.493
5826.0,69.27,90.7,0.0,2.5,5,-38.843,0.057,839.967
5826.0,69.44,90.7,0.0,2.4,5,-34.738,0.079,840.650
5826.0,69.55,90.8,0.0,2.4,5,-31.993,0.094,841.086
5839.9,69.72,90.8,0.0,1.8,5,-27.862,0.118,841.712
5839.9,69.89,90.9,0.0,1.3,5,-23.717,0.144,842.306
5839.9,70.00,90.9,0.0,1.1,5,-20.945,0.164,842.686
5839.9,70.17,91.0,0.0,0.8,5,-16.777,0.193,843.236
5853.9,70.28,91.0,0.0,0.6,5,-13.991,0.210,843.592
5853.9,70.45,91.1,0.0,0.2,5,-9.801,0.236,844.112
5853.9,70.55,91.1,0.0,0.1,5,-7.002,0.255,844.451
5853.9,70.53,0.0,0.0,-0.0,0,-2.797,0.283,844.953
-1.3,70.57,90.2,0.0,-0.1,6,0.004,0.303,845.284
