opponent,v3,Jack Aitken,0,1771612787322
Game,version,date,track,car,event,laptime [s],S1 [s],S2 [s],S3 [s],S4+ [s]
LMU,1.2,2026-02-20 18:39:47,Silverstone Grand Prix Circuit - ELMS,Cadillac Whelen 2025 #311:LM (Hyper),Live,107.499,0,0,0
Tracklen [m],TotalLaps
5869.1,4
,
,
lapdistance [m],speed [m/s],throttle [%],brake [%],steer [%],gear [int],world_x [m],world_y [m],world_z [m]
34.0,71.94,86.2,0.0,0.2,6,45.074,0.686,850.465
48.4,72.05,86.2,0.0,0.1,6,47.934,0.713,850.793
48.4,72.19,86.2,0.0,0.2,6,52.233,0.753,851.283
48.4,72.28,86.2,0.0,0.2,6,55.104,0.780,851.608
48.4,72.44,86.2,0.0,0.3,6,59.418,0.818,852.094
62.8,72.58,86.2,0.0,0.4,6,63.741,0.857,852.579
62.8,72.67,86.2,0.0,0.3,6,66.628,0.885,852.900
62.8,72.81,86.3,0.0,0.2,6,70.966,0.928,853.381
62.8,72.91,86.3,0.0,0.2,6,73.862,0.955,853.701
77.4,73.05,86.3,0.0,0.1,6,78.215,0.993,854.179
77.4,73.15,86.3,0.0,0.1,6,81.121,1.017,854.496
77.4,73.28,86.3,0.0,0.1,6,85.488,1.052,854.970
77.4,73.38,86.3,0.0,0.1,6,88.403,1.075,855.286
92.0,73.51,86.4,0.0,0.1,6,92.784,1.110,855.761
92.0,73.61,86.4,0.0,0.1,6,95.709,1.132,856.078
92.0,73.74,86.4,0.0,0.2,6,100.103,1.164,856.553
92.0,73.84,86.4,0.0,0.2,6,103.038,1.185,856.869
106.7,73.97,86.4,0.0,0.4,6,107.446,1.216,857.343
106.7,74.05,86.5,0.0,1.0,6,110.389,1.237,857.659
106.7,74.18,86.5,0.0,0.4,6,114.810,1.269,858.133
106.7,74.32,86.5,0.0,0.5,6,119.240,1.302,858.603
121.5,74.41,86.5,0.0,0.3,6,122.198,1.321,858.914
121.5,74.54,86.5,0.0,0.4,6,126.642,1.345,859.377
121.5,74.63,86.5,0.0,-0.0,6,129.609,1.360,859.683
121.5,74.76,86.5,0.0,0.3,6,134.067,1.384,860.139
136.5,74.84,86.5,0.0,0.2,6,137.044,1.403,860.441
136.5,74.96,86.6,0.0,0.2,6,141.514,1.438,860.892
136.5,75.06,86.6,0.0,0.1,6,144.499,1.458,861.191
136.5,75.18,86.6,0.0,0.3,6,148.983,1.486,861.638
151.5,75.26,86.6,0.0,0.2,6,151.977,1.505,861.934
151.5,75.39,86.6,0.0,0.1,6,156.475,1.531,862.376
151.5,75.48,86.6,0.0,0.1,6,159.477,1.547,862.669
151.5,75.59,86.7,0.0,0.1,6,163.987,1.574,863.107
166.5,75.67,86.7,0.0,0.1,6,166.998,1.594,863.399
166.5,75.79,86.7,0.0,-0.1,6,171.521,1.624,863.835
166.5,75.91,86.7,0.0,-0.2,6,176.050,1.655,864.270
166.5,75.99,86.7,0.0,-0.2,6,179.074,1.675,864.560
181.7,76.11,86.7,0.0,0.2,6,183.616,1.705,864.995
181.7,76.19,86.7,0.0,-0.0,6,186.648,1.722,865.286
181.7,76.31,86.7,0.0,0.2,6,191.202,1.750,865.724
181.7,76.38,86.8,0.0,-0.7,6,194.241,1.770,866.017
196.9,76.49,86.8,0.0,-1.1,6,198.806,1.798,866.457
196.9,76.58,86.8,0.0,-0.9,6,201.853,1.815,866.753
196.9,76.68,86.8,0.0,-0.5,6,206.428,1.841,867.205
196.9,76.76,86.8,0.0,-0.5,6,209.482,1.857,867.511
212.2,76.87,86.8,0.0,-0.5,6,214.067,1.882,867.977
212.2,76.94,86.8,0.0,-0.3,6,217.127,1.902,868.292
212.2,77.05,86.8,0.0,0.3,6,221.722,1.934,868.767
212.2,77.12,86.8,0.0,0.6,6,224.788,1.956,869.086
227.6,77.24,86.8,0.0,0.7,6,229.394,1.988,869.565
227.6,77.33,86.9,0.0,0.7,6,234.006,2.022,870.040
227.6,77.22,25.2,33.5,0.8,6,237.083,2.045,870.353
243.1,76.41,0.0,73.3,0.9,6,241.674,2.078,870.813
243.1,75.60,0.0,83.6,1.0,6,244.702,2.096,871.112
243.1,74.23,0.0,88.5,1.4,6,249.179,2.119,871.547
243.1,73.30,0.0,89.5,1.7,6,252.118,2.134,871.827
257.9,71.89,0.0,90.6,1.9,6,256.459,2.156,872.230
257.9,70.49,0.0,91.8,2.0,6,260.716,2.180,872.609
257.9,69.55,0.0,91.8,2.0,6,263.508,2.195,872.848
257.9,68.13,0.0,90.9,2.3,6,267.628,2.218,873.182
271.8,67.20,0.0,91.4,2.2,6,270.329,2.231,873.387
271.8,65.81,0.0,91.3,2.0,6,274.312,2.250,873.666
271.8,64.87,0.0,90.9,2.5,0,276.923,2.260,873.833
271.8,63.51,0.0,91.2,2.9,5,280.771,2.275,874.052
284.8,62.57,0.0,86.8,2.7,5,283.291,2.284,874.176
284.8,61.32,0.0,72.5,3.0,5,287.007,2.297,874.327
284.8,60.54,0.0,61.5,2.8,5,289.444,2.304,874.402
284.8,59.55,0.0,43.8,2.2,5,293.046,2.318,874.470
296.9,59.04,0.0,29.3,2.8,5,295.418,2.328,874.483
296.9,58.51,0.0,15.2,4.9,5,298.944,2.342,874.454
296.9,58.23,0.0,13.8,7.3,5,301.279,2.351,874.401
296.9,57.85,0.0,10.5,10.9,5,304.760,2.368,874.271
308.4,57.53,0.0,4.7,12.3,5,308.216,2.386,874.080
308.4,57.36,0.0,3.2,12.5,5,310.508,2.400,873.918
308.4,57.11,0.0,1.9,12.8,5,313.930,2.421,873.618
308.4,56.96,0.7,0.2,13.3,5,316.199,2.435,873.382
319.7,56.76,9.0,0.0,13.8,5,319.585,2.456,872.969
319.7,56.64,8.3,0.0,14.3,5,321.832,2.470,872.655
319.7,56.44,7.7,0.0,16.1,5,325.182,2.491,872.124
319.7,56.31,4.4,1.4,17.4,5,327.403,2.504,871.732
330.9,56.09,8.0,0.0,18.8,5,330.713,2.521,871.084
330.9,55.96,12.5,0.0,19.1,5,332.904,2.532,870.613
330.9,55.81,17.0,0.0,19.4,5,336.168,2.548,869.844
330.9,55.69,9.1,0.0,19.3,5,338.328,2.558,869.290
342.2,55.49,10.9,0.0,19.1,5,341.542,2.574,868.397
342.2,55.36,9.7,0.0,18.9,5,343.666,2.583,867.761
342.2,55.17,13.5,0.0,19.0,5,346.822,2.598,866.744
342.2,55.00,21.9,0.0,20.6,5,349.941,2.612,865.653
353.5,54.91,24.6,0.0,21.3,5,352.001,2.623,864.884
353.5,54.79,22.7,0.0,22.0,5,355.060,2.639,863.670
353.5,54.68,15.7,0.0,22.9,5,357.078,2.650,862.820
353.5,54.49,4.7,0.0,24.2,5,360.070,2.668,861.488
365.2,54.36,18.8,0.0,24.4,5,362.041,2.680,860.563
365.2,54.33,61.4,0.0,24.3,5,364.964,2.698,859.121
365.2,54.41,73.5,0.0,24.0,5,366.895,2.709,858.121
365.2,54.49,54.1,0.0,23.3,5,369.767,2.725,856.563
399.7,55.74,32.4,0.0,17.5,5,393.247,2.870,840.180
399.7,55.67,33.8,0.0,17.6,5,395.760,2.886,837.978
411.2,55.65,44.3,0.0,17.0,5,397.407,2.896,836.479
411.2,55.63,33.8,0.0,15.9,5,399.832,2.914,834.184
411.2,55.55,13.4,15.4,15.4,5,401.420,2.925,832.626
411.2,55.13,0.0,12.8,13.8,5,403.749,2.942,830.257
422.5,54.90,15.7,0.7,11.7,5,405.262,2.952,828.660
422.5,54.93,77.1,0.0,8.5,5,407.484,2.967,826.231
422.5,55.06,84.3,0.0,8.3,5,408.940,2.976,824.582
422.5,55.28,84.4,0.0,9.6,5,411.088,2.988,822.064
433.5,55.42,84.5,0.0,10.2,5,412.497,2.994,820.357
433.5,55.65,84.5,0.0,12.1,5,414.574,3.005,817.752
433.5,55.86,84.5,0.0,14.7,5,416.606,3.018,815.095
433.5,56.02,84.6,0.0,17.4,5,417.938,3.026,813.298
444.3,56.23,84.6,0.0,20.1,5,419.901,3.036,810.563
444.3,56.36,84.7,0.0,20.6,5,421.183,3.044,808.711
444.3,56.55,84.8,0.0,19.8,5,423.059,3.058,805.892
444.3,56.68,84.8,0.0,18.6,5,424.278,3.068,803.984
455.3,56.85,84.9,0.0,17.5,5,426.055,3.087,801.080
455.3,56.98,84.9,0.0,15.2,5,427.204,3.102,799.114
455.3,57.15,85.0,0.0,13.9,5,428.875,3.124,796.126
455.3,57.28,84.9,0.0,12.2,5,429.953,3.140,794.108
466.5,57.46,85.1,0.0,12.0,5,431.515,3.165,791.041
466.5,57.69,84.4,0.0,11.1,5,433.019,3.188,787.931
466.5,57.78,85.1,0.0,10.8,5,433.988,3.204,785.836
466.5,57.95,85.3,0.0,10.8,5,435.386,3.239,782.657
477.9,58.02,72.3,0.0,9.9,5,436.291,3.259,780.522
477.9,58.22,55.1,0.0,3.4,5,437.617,3.271,777.298
477.9,58.31,75.1,0.0,-1.1,5,438.885,3.282,774.040
477.9,58.42,85.1,0.0,-2.1,5,439.689,3.299,771.848
489.4,58.63,85.2,0.0,0.5,5,440.844,3.333,768.534
489.4,58.78,85.2,0.0,3.0,5,441.589,3.354,766.308
489.4,58.99,85.3,0.0,5.9,5,442.678,3.377,762.947
489.4,59.14,85.3,0.0,6.4,5,443.385,3.394,760.692
501.0,59.32,70.3,0.0,5.1,5,444.419,3.418,757.292
501.0,59.43,78.5,0.0,3.8,5,445.089,3.436,755.014
501.0,59.65,85.4,0.0,1.9,5,446.069,3.462,751.580
501.0,59.79,85.5,0.0,0.5,5,446.705,3.480,749.278
512.7,60.03,85.5,0.0,1.7,5,447.637,3.508,745.807
512.7,60.19,84.7,0.0,2.9,5,448.247,3.526,743.482
512.7,60.41,84.9,0.0,4.3,5,449.149,3.552,739.978
512.7,60.58,85.5,0.0,4.9,5,449.739,3.569,737.631
524.7,60.77,85.7,0.0,5.4,5,450.608,3.602,734.097
524.7,60.97,85.8,0.0,5.3,5,451.450,3.636,730.544
524.7,61.12,85.8,0.0,4.7,5,451.999,3.650,728.165
536.8,61.37,85.6,0.0,3.5,5,452.793,3.670,724.577
536.8,61.50,85.7,0.0,3.7,5,453.299,3.690,722.173
536.8,61.73,85.7,0.0,4.8,5,454.026,3.720,718.549
536.8,61.87,85.8,0.0,4.4,5,454.491,3.738,716.121
549.1,62.09,85.9,0.0,4.0,5,455.160,3.761,712.463
549.1,62.25,85.8,0.0,2.5,5,455.586,3.776,710.014
549.1,62.46,85.9,0.0,1.7,5,456.198,3.802,706.323
549.1,62.62,85.9,0.0,1.5,5,456.590,3.823,703.853
561.5,62.85,86.0,0.0,1.1,5,457.163,3.852,700.134
561.5,62.99,86.0,0.0,1.0,5,457.536,3.871,697.645
561.5,63.22,86.0,0.0,0.4,5,458.086,3.903,693.899
561.5,63.37,86.0,0.0,0.4,5,458.447,3.924,691.394
574.1,63.60,86.0,0.0,1.3,5,458.984,3.956,687.623
574.1,63.81,86.1,0.0,1.7,5,459.513,3.987,683.839
574.1,63.96,86.1,0.0,1.6,5,459.862,4.008,681.307
574.1,64.18,86.2,0.0,1.3,5,460.375,4.039,677.498
586.7,64.32,86.2,0.0,1.1,5,460.711,4.060,674.951
586.7,64.53,86.2,0.0,1.2,5,461.204,4.092,671.118
586.7,64.68,86.2,0.0,1.3,5,461.526,4.113,668.554
586.7,64.89,86.3,0.0,1.4,5,462.000,4.145,664.697
599.5,65.03,86.3,0.0,1.4,5,462.310,4.165,662.117
599.5,65.23,86.3,0.0,1.2,5,462.765,4.197,658.236
599.5,65.37,86.3,0.0,1.2,5,463.061,4.219,655.642
599.5,65.58,86.4,0.0,1.2,5,463.495,4.253,651.738
612.6,65.72,86.4,0.0,1.4,5,463.778,4.276,649.128
612.6,65.93,86.4,0.0,1.6,5,464.192,4.309,645.201
612.6,66.06,86.5,0.0,1.6,5,464.462,4.331,642.575
612.6,66.26,86.5,0.0,1.5,5,464.855,4.363,638.626
625.7,66.46,86.5,0.0,1.3,5,465.235,4.396,634.663
625.7,66.59,86.6,0.0,1.3,5,465.481,4.419,632.014
625.7,66.79,86.6,0.0,1.4,5,465.839,4.452,628.030
625.7,66.91,86.6,0.0,1.4,5,466.070,4.473,625.366
639.0,67.12,86.6,0.0,1.6,5,466.407,4.504,621.360
639.0,67.24,86.7,0.0,1.3,5,466.624,4.526,618.682
639.0,67.43,86.7,0.0,1.2,5,466.941,4.557,614.654
639.0,67.56,86.7,0.0,1.1,5,467.145,4.579,611.963
652.5,67.75,86.7,0.0,0.9,5,467.442,4.611,607.915
652.5,67.88,86.7,0.0,0.9,5,467.634,4.632,605.209
652.5,68.06,86.8,0.0,0.9,5,467.914,4.664,601.141
652.5,68.19,86.8,0.0,0.7,5,468.096,4.685,598.423
666.1,68.37,86.8,0.0,0.7,5,468.362,4.716,594.335
666.1,68.49,86.8,0.0,0.7,5,468.535,4.737,591.604
666.1,68.67,86.8,0.0,0.7,5,468.788,4.766,587.498
666.1,68.85,86.9,0.0,0.7,5,469.034,4.795,583.380
679.8,68.96,86.9,0.0,0.6,5,469.194,4.813,580.628
679.8,69.15,86.9,0.0,0.6,5,469.427,4.838,576.492
679.8,69.26,86.9,0.0,0.6,5,469.578,4.854,573.728
679.8,69.44,86.9,0.0,0.7,5,469.800,4.875,569.574
693.7,69.55,87.0,0.0,0.7,5,469.944,4.888,566.798
693.7,69.72,87.0,0.0,0.3,5,470.155,4.906,562.625
693.7,69.84,87.0,0.0,0.2,5,470.293,4.917,559.838
693.7,69.82,0.0,0.0,0.1,0,470.495,4.933,555.651
707.6,69.86,85.8,0.0,0.0,6,470.627,4.942,552.861
707.6,70.02,85.8,0.0,0.0,6,470.824,4.955,548.670
707.6,70.13,85.9,0.0,0.1,6,470.954,4.962,545.870
707.6,70.29,85.9,0.0,0.0,6,471.150,4.971,541.662
721.7,70.46,85.9,0.0,-0.1,6,471.346,4.977,537.444
721.7,70.57,85.9,0.0,-0.1,6,471.477,4.980,534.627
721.7,70.72,86.0,0.0,0.0,6,471.674,4.985,530.393
721.7,70.83,86.0,0.0,0.1,6,471.806,4.986,527.565
735.9,71.00,86.0,0.0,0.1,6,472.005,4.985,523.316
735.9,71.10,86.0,0.0,-0.0,6,472.138,4.983,520.477
735.9,71.26,86.0,0.0,-0.2,6,472.338,4.978,516.211
735.9,71.36,86.1,0.0,-0.2,6,472.471,4.975,513.362
750.2,71.51,86.1,0.0,-0.2,6,472.673,4.968,509.081
750.2,71.62,86.1,0.0,-0.2,6,472.807,4.961,506.222
750.2,71.79,86.1,0.0,0.1,6,473.010,4.948,501.924
750.2,71.88,86.2,0.0,0.2,6,473.146,4.938,499.054
764.5,72.04,86.2,0.0,0.2,6,473.352,4.919,494.742
764.5,72.14,86.2,0.0,0.1,6,473.489,4.905,491.862
764.5,72.28,86.2,0.0,0.0,6,473.694,4.881,487.534
764.5,72.39,86.2,0.0,-0.0,6,473.830,4.865,484.644
779.0,72.55,86.2,0.0,-0.1,6,474.033,4.842,480.301
779.0,72.69,86.2,0.0,-0.5,6,474.237,4.819,475.949
779.0,72.79,86.3,0.0,-0.8,6,474.374,4.806,473.042
793.5,72.94,86.3,0.0,-1.6,6,474.583,4.788,468.676
793.5,73.04,86.3,0.0,-1.9,6,474.727,4.776,465.760
793.5,73.19,86.3,0.0,-2.3,6,474.955,4.755,461.379
793.5,73.28,86.3,0.0,-2.7,6,475.118,4.743,458.455
808.1,73.42,86.4,0.0,-4.0,6,475.382,4.726,454.062
808.1,73.51,86.4,0.0,-4.3,6,475.574,4.712,451.130
808.1,73.65,86.4,0.0,-4.7,6,475.891,4.688,446.727
808.1,73.73,86.4,0.0,-5.1,6,476.126,4.673,443.789
822.8,73.86,86.5,0.0,-6.6,6,476.518,4.652,439.379
822.8,73.95,86.4,0.0,-6.9,6,476.805,4.633,436.437
822.8,74.06,86.5,0.0,-6.8,6,477.284,4.604,432.023
822.8,74.17,86.5,0.0,-7.1,6,477.828,4.581,427.609
837.6,74.24,86.5,0.0,-7.7,6,478.229,4.569,424.669
837.6,74.35,86.5,0.0,-7.8,6,478.885,4.550,420.260
837.6,74.42,86.5,0.0,-7.8,6,479.362,4.537,417.323
837.6,74.53,86.6,0.0,-7.9,6,480.137,4.520,412.922
852.4,74.59,86.6,0.0,-8.3,6,480.693,4.509,409.993
852.4,74.70,86.6,0.0,-7.7,6,481.586,4.492,405.604
852.4,74.80,86.6,0.0,-6.9,6,482.550,4.473,401.225
852.4,74.87,86.6,0.0,-6.9,6,483.231,4.458,398.310
867.1,74.98,86.6,0.0,-7.5,6,484.307,4.431,393.946
867.1,75.04,86.6,0.0,-8.2,6,485.060,4.409,391.042
867.1,75.15,86.6,0.0,-9.2,6,486.241,4.369,386.694
867.1,75.21,86.6,0.0,-8.4,6,487.065,4.339,383.802
881.9,75.31,86.7,0.0,-7.0,6,488.360,4.291,379.476
881.9,75.41,86.7,0.0,-5.7,6,489.726,4.241,375.166
881.9,75.48,86.7,0.0,-5.2,6,490.674,4.205,372.302
881.9,75.58,86.7,0.0,-6.4,6,492.152,4.150,368.018
897.2,75.65,86.7,0.0,-8.3,6,493.174,4.112,365.172
897.2,75.75,86.7,0.0,-9.7,6,494.760,4.056,360.916
897.2,75.81,83.3,0.0,-8.3,6,495.855,4.019,358.090
897.2,75.73,24.9,39.5,-4.2,6,497.554,3.963,353.872
942.8,69.38,0.0,36.1,6.2,6,511.894,3.537,320.556
942.8,68.69,0.0,32.7,6.0,6,513.408,3.501,316.699
942.8,68.25,0.0,30.4,5.8,6,514.380,3.480,314.138
956.7,67.58,0.0,52.6,5.5,6,515.779,3.450,310.308
956.7,66.64,0.0,59.7,5.1,6,517.103,3.424,306.503
956.7,65.98,0.0,53.3,5.0,6,517.942,3.411,303.985
969.8,65.09,0.0,44.0,5.0,6,519.133,3.395,300.236
969.8,64.55,0.0,31.4,6.0,6,519.885,3.386,297.754
969.8,63.97,0.0,19.1,7.5,6,520.950,3.371,294.049
969.8,63.66,0.0,13.4,8.0,6,521.619,3.362,291.585
982.2,63.35,33.7,0.4,8.7,6,522.560,3.347,287.894
982.2,63.39,81.1,0.0,9.4,6,523.149,3.335,285.429
982.2,63.44,30.2,4.8,10.4,6,523.977,3.316,281.714
982.2,63.25,0.8,10.2,11.3,6,524.490,3.304,279.232
995.4,62.93,2.4,0.5,11.5,6,525.195,3.287,275.513
995.4,62.85,43.5,0.0,10.2,6,525.621,3.278,273.034
995.4,62.91,66.8,0.0,11.4,6,526.201,3.265,269.306
995.4,62.97,74.6,0.0,12.0,6,526.548,3.255,266.813
1035.4,60.14,0.0,1.0,21.1,5,527.731,3.214,233.643
1035.4,59.95,1.1,0.0,20.2,5,527.547,3.221,231.248
1035.4,59.70,5.9,0.0,17.9,5,527.201,3.234,227.675
1047.4,59.57,20.0,0.0,15.9,5,526.924,3.243,225.305
1047.4,59.40,16.4,0.0,14.4,5,526.440,3.255,221.769
1047.4,59.26,6.1,0.3,12.5,5,526.072,3.264,219.424
1047.4,59.04,21.6,0.0,8.6,5,525.448,3.280,215.931
1059.1,58.94,26.2,0.0,7.9,5,524.983,3.294,213.617
1059.1,58.93,67.3,0.0,7.9,5,524.217,3.319,210.167
1059.1,59.10,85.0,0.0,8.1,5,523.374,3.346,206.729
1059.1,59.25,85.3,0.0,8.2,5,522.772,3.365,204.440
1070.7,59.46,85.3,0.0,6.7,5,521.819,3.395,201.009
1070.7,59.63,85.3,0.0,4.2,5,521.154,3.415,198.722
1070.7,59.87,85.4,0.0,0.3,5,520.119,3.446,195.291
1070.7,60.03,85.4,0.0,-0.7,5,519.410,3.467,193.001
1082.8,60.26,85.4,0.0,-2.4,5,518.327,3.497,189.559
1082.8,60.43,85.4,0.0,-3.0,5,517.599,3.517,187.258
1082.8,60.67,85.5,0.0,-3.5,5,516.509,3.546,183.794
1082.8,60.81,85.5,0.0,-4.1,5,515.788,3.565,181.474
1095.1,60.87,28.3,48.8,-4.8,5,514.722,3.589,177.980
1095.1,60.32,0.0,76.0,-4.9,5,514.028,3.603,175.654
1095.1,59.15,0.0,70.8,-2.6,5,513.024,3.620,172.212
1095.1,58.42,0.0,62.4,-1.8,5,512.382,3.632,169.948
1107.1,57.46,0.0,50.2,-1.5,5,511.455,3.649,166.596
1107.1,56.91,0.0,43.0,-2.1,5,510.863,3.658,164.386
1107.1,56.18,0.0,36.4,-4.1,5,510.013,3.672,161.100
1118.6,55.53,0.0,43.3,-7.3,5,509.207,3.686,157.846
1118.6,55.04,0.0,45.9,-7.7,5,508.696,3.697,155.694
1118.6,54.26,0.0,46.6,-8.7,5,507.971,3.715,152.495
1118.6,53.75,0.0,40.9,-9.5,5,507.516,3.725,150.382
1129.8,53.08,39.2,30.6,-8.7,0,506.884,3.740,147.240
1129.8,52.73,0.0,20.5,-9.2,4,506.498,3.749,145.159
1129.8,52.30,0.0,7.4,-10.0,4,505.973,3.760,142.052
1129.8,52.10,0.0,1.6,-11.1,4,505.660,3.765,139.987
1140.7,51.88,4.1,0.0,-14.2,4,505.249,3.771,136.895
1140.7,51.76,7.0,0.0,-16.6,4,505.013,3.773,134.835
1140.7,51.57,3.1,0.0,-20.6,4,504.717,3.773,131.749
1140.7,51.46,14.4,0.0,-23.8,4,504.556,3.770,129.695
1140.7,51.37,22.5,0.0,-26.6,4,504.424,3.764,127.643
1151.6,51.26,29.9,0.0,-27.6,4,504.253,3.746,123.541
1151.6,51.17,19.8,2.5,-26.8,4,504.221,3.738,121.493
1151.6,50.92,0.0,3.4,-25.0,4,504.238,3.728,118.429
1162.3,50.71,0.0,1.1,-22.8,4,504.296,3.725,116.397
1162.3,50.46,11.0,0.0,-18.9,4,504.455,3.724,113.366
1162.3,50.37,14.1,0.0,-17.6,4,504.599,3.720,111.354
1162.3,50.15,15.9,0.0,-17.2,4,504.879,3.712,108.351
1172.8,50.04,24.5,0.0,-16.6,4,505.108,3.707,106.360
1172.8,49.91,23.9,0.0,-17.9,4,505.516,3.698,103.389
1172.8,49.81,19.5,0.0,-19.5,4,505.834,3.695,101.420
1172.8,49.67,11.3,0.0,-22.0,4,506.351,3.674,98.480
1183.4,49.51,17.6,0.0,-22.6,4,506.738,3.660,96.534
1183.4,49.34,21.4,0.0,-26.6,4,507.388,3.644,93.641
1183.4,49.24,19.1,0.0,-29.8,4,507.860,3.630,91.726
1183.4,49.06,16.0,0.0,-34.7,4,508.629,3.609,88.879
1213.7,47.43,13.3,0.0,-51.9,4,517.916,3.289,65.594
1213.7,47.24,15.4,0.0,-50.9,4,519.287,3.256,63.106
1213.7,47.13,16.4,0.0,-49.6,4,520.237,3.236,61.475
1223.2,46.96,17.1,0.0,-39.2,4,521.712,3.208,59.069
1223.2,46.89,23.3,0.0,-31.7,4,522.728,3.190,57.490
1223.2,46.93,68.9,0.0,-20.2,4,524.300,3.164,55.158
1223.2,47.02,39.4,11.0,-12.7,4,525.384,3.148,53.623
1232.6,46.69,0.0,34.5,4.0,4,527.051,3.124,51.355
1232.6,46.01,0.0,54.4,15.6,4,528.731,3.098,49.135
1232.6,45.44,0.0,61.9,18.1,4,529.840,3.081,47.679
1241.8,44.47,0.0,71.1,17.7,0,531.463,3.055,45.522
1241.8,43.82,27.8,76.8,15.8,0,532.508,3.039,44.098
1241.8,42.78,0.0,51.7,11.9,3,534.017,3.015,41.980
1241.8,42.23,0.0,27.3,8.8,3,534.981,2.999,40.579
1250.4,41.71,0.0,6.2,4.0,3,536.366,2.974,38.477
1250.4,41.50,0.0,0.9,1.4,3,537.251,2.956,37.068
1250.4,41.26,5.2,0.0,-0.6,3,538.520,2.928,34.934
1250.4,41.13,9.4,0.0,0.7,3,539.328,2.909,33.498
1258.6,40.97,13.1,0.0,5.1,3,540.480,2.879,31.321
1258.6,40.88,15.0,0.0,9.4,3,541.210,2.858,29.855
1258.6,40.75,12.7,0.0,17.8,3,542.243,2.825,27.636
1258.6,40.64,6.0,0.0,24.2,3,542.893,2.803,26.143
1266.9,40.53,29.3,0.0,34.7,3,543.807,2.767,23.887
1266.9,40.57,38.7,0.0,42.8,3,544.656,2.732,21.608
1266.9,40.62,41.0,0.0,46.7,3,545.188,2.709,20.074
1266.9,40.65,34.3,0.0,51.0,3,545.935,2.674,17.753
1275.5,40.65,32.8,0.0,52.8,3,546.400,2.651,16.195
1275.5,40.61,24.1,0.0,54.0,3,547.044,2.615,13.844
1275.5,40.56,24.7,0.0,54.4,3,547.436,2.591,12.269
1275.5,40.44,18.5,0.0,53.9,3,547.966,2.554,9.897
1283.9,40.36,18.5,0.0,52.5,3,548.278,2.529,8.312
1283.9,40.24,17.6,0.0,51.4,3,548.684,2.492,5.928
1283.9,40.17,21.7,0.0,51.8,3,548.914,2.466,4.337
1283.9,40.08,23.1,0.0,53.6,3,549.199,2.427,1.946
1292.5,40.03,25.8,0.0,55.7,3,549.349,2.400,0.351
1292.5,39.93,19.0,0.0,59.1,3,549.516,2.359,-2.042
1292.5,39.85,16.7,0.0,61.1,3,549.587,2.331,-3.636
1292.5,39.70,14.5,0.0,62.4,3,549.637,2.289,-6.022
1301.1,39.58,17.5,0.0,61.5,3,549.619,2.246,-8.400
1301.1,39.52,28.4,0.0,61.5,3,549.569,2.217,-9.981
1301.1,39.48,27.0,0.0,61.0,3,549.440,2.172,-12.347
1301.1,39.44,26.5,0.0,60.7,3,549.316,2.142,-13.920
1309.7,39.37,23.7,0.0,60.0,3,549.073,2.098,-16.271
1309.7,39.30,16.4,0.0,59.1,3,548.872,2.069,-17.832
1309.7,39.18,22.8,0.0,57.0,3,548.513,2.028,-20.158
1309.7,39.13,22.1,0.0,54.7,3,548.235,2.001,-21.699
1317.9,39.03,21.1,0.0,49.8,3,547.758,1.962,-23.995
1317.9,38.98,25.3,0.0,45.7,3,547.402,1.937,-25.514
1317.9,38.96,35.4,0.0,38.8,3,546.806,1.902,-27.773
1317.9,38.99,47.3,0.0,33.7,3,546.367,1.880,-29.269
1326.6,39.21,77.2,0.0,25.0,3,545.648,1.850,-31.500
1326.6,39.57,77.6,0.0,17.0,3,544.857,1.819,-33.726
1326.6,39.78,66.0,0.0,11.9,3,544.292,1.798,-35.208
1326.6,40.10,80.6,0.0,5.9,3,543.387,1.765,-37.425
1335.2,40.35,81.4,0.0,3.1,3,542.745,1.743,-38.899
1335.2,40.73,83.5,0.0,0.9,3,541.726,1.711,-41.107
1335.2,41.01,85.2,0.0,0.9,3,541.009,1.691,-42.575
1335.2,41.46,85.2,0.0,3.7,3,539.880,1.665,-44.775
1343.7,41.75,85.2,0.0,7.3,3,539.095,1.647,-46.242
1343.7,42.19,85.3,0.0,12.8,3,537.875,1.621,-48.445
1343.7,42.48,85.4,0.0,14.7,3,537.037,1.603,-49.915
1343.7,42.89,85.5,0.0,14.4,3,535.736,1.577,-52.120
1352.6,43.17,85.7,0.0,13.4,3,534.839,1.562,-53.588
1352.6,43.58,85.8,0.0,11.5,3,533.446,1.540,-55.785
1352.6,43.98,86.0,0.0,10.5,3,531.997,1.520,-57.975
1352.6,44.26,86.0,0.0,10.4,3,530.999,1.506,-59.430
1361.6,44.66,86.2,0.0,11.1,3,529.454,1.484,-61.603
1361.6,44.93,86.2,0.0,10.9,3,528.392,1.469,-63.046
1361.6,45.33,86.3,0.0,10.6,3,526.751,1.443,-65.198
1361.6,45.59,86.3,0.0,10.8,3,525.625,1.425,-66.625
1370.5,45.98,86.4,0.0,10.1,3,523.887,1.396,-68.751
1370.5,46.23,86.4,0.0,9.8,3,522.697,1.375,-70.158
1370.5,46.61,86.6,0.0,9.6,3,520.862,1.342,-72.253
1370.5,46.87,86.6,0.0,9.4,3,519.607,1.319,-73.637
1379.6,47.24,86.7,0.0,9.2,3,517.678,1.284,-75.697
1379.6,47.50,86.7,0.0,9.5,3,516.361,1.259,-77.058
1379.6,47.74,31.5,0.0,13.6,3,514.342,1.219,-79.082
1389.0,47.72,54.7,0.0,14.9,3,512.280,1.177,-81.069
1389.0,47.92,86.7,0.0,15.5,3,510.880,1.150,-82.371
1389.0,48.28,86.8,0.0,14.5,3,508.736,1.113,-84.301
1389.0,48.52,86.9,0.0,13.6,3,507.275,1.089,-85.570
1398.4,48.85,87.0,0.0,11.4,3,505.039,1.054,-87.449
1398.4,49.09,87.0,0.0,10.9,0,503.520,1.029,-88.685
1398.4,49.07,84.9,0.0,7.6,4,501.206,0.987,-90.506
1398.4,49.27,85.1,0.0,5.3,4,499.640,0.958,-91.695
1408.0,49.61,85.1,0.0,3.3,4,497.252,0.914,-93.453
1408.0,49.83,85.1,0.0,2.6,4,495.634,0.884,-94.608
1408.0,50.18,85.2,0.0,3.3,4,493.171,0.840,-96.320
1408.0,50.41,85.2,0.0,4.0,4,491.509,0.811,-97.452
1418.0,50.75,85.3,0.0,3.7,4,488.987,0.771,-99.138
1418.0,50.97,85.4,0.0,2.7,4,487.288,0.745,-100.257
1418.0,51.31,85.5,0.0,0.8,4,484.717,0.710,-101.929
1418.0,51.65,85.6,0.0,-0.6,4,482.119,0.676,-103.599
1428.3,51.88,85.6,0.0,-1.1,4,480.375,0.653,-104.713
1428.3,52.22,85.7,0.0,-1.5,4,477.742,0.620,-106.391
1428.3,52.43,85.8,0.0,-2.1,4,475.978,0.598,-107.517
1428.3,52.77,85.8,0.0,-4.1,4,473.322,0.566,-109.218
1438.9,52.98,86.0,0.0,-4.2,4,471.546,0.545,-110.365
1438.9,53.32,85.9,0.0,-3.8,4,468.878,0.516,-112.109
1438.9,53.51,86.0,0.0,-4.2,4,467.098,0.500,-113.289
1438.9,53.82,86.1,0.0,-5.1,4,464.427,0.474,-115.086
1450.0,54.03,86.1,0.0,-6.1,4,462.647,0.458,-116.303
1450.0,54.33,86.1,0.0,-8.0,4,459.980,0.434,-118.162
1450.0,54.51,86.4,0.0,-9.0,4,458.205,0.418,-119.423
1450.0,54.84,86.1,0.0,-9.8,4,455.548,0.383,-121.346
1461.3,55.02,86.3,0.0,-9.7,4,453.788,0.367,-122.659
1461.3,55.30,86.4,0.0,-9.2,4,451.161,0.339,-124.669
1461.3,55.56,86.3,0.0,-8.3,4,448.556,0.313,-126.735
1461.3,55.74,86.4,0.0,-8.6,4,446.835,0.300,-128.146
1472.8,56.01,86.6,0.0,-8.8,4,444.273,0.279,-130.309
1472.8,56.21,86.5,0.0,-9.0,4,442.579,0.266,-131.782
1472.8,56.49,86.6,0.0,-8.7,4,440.061,0.249,-134.037
1472.8,56.68,86.6,0.0,-7.1,4,438.397,0.240,-135.571
1484.6,56.96,86.6,0.0,-6.6,4,435.923,0.231,-137.914
1484.6,57.15,86.7,0.0,-6.5,4,434.285,0.227,-139.503
1484.6,57.42,86.7,0.0,-6.7,4,431.846,0.220,-141.924
1484.6,57.61,86.7,0.0,-6.4,4,430.231,0.215,-143.562
1496.3,57.89,86.8,0.0,-5.9,4,427.825,0.208,-146.055
1496.3,58.06,86.8,0.0,-6.0,4,426.234,0.204,-147.741
1496.3,58.33,86.9,0.0,-6.0,4,423.866,0.200,-150.307
1496.3,58.59,86.9,0.0,-6.1,4,421.522,0.199,-152.915
1508.1,58.76,87.0,0.0,-6.5,4,419.972,0.202,-154.678
1508.1,59.03,87.0,0.0,-7.0,4,417.667,0.208,-157.355
1508.1,59.20,87.0,0.0,-6.7,4,416.142,0.210,-159.162
1508.1,59.37,0.0,0.0,-6.4,0,413.876,0.209,-161.906
1519.8,59.32,85.2,0.0,-6.2,5,412.385,0.207,-163.752
1519.8,59.55,85.3,0.0,-5.8,5,410.177,0.201,-166.552
1519.8,59.70,85.4,0.0,-6.3,5,408.722,0.195,-168.441
1519.8,59.94,85.4,0.0,-7.4,5,406.563,0.181,-171.308
1531.6,60.09,85.4,0.0,-8.3,5,405.143,0.172,-173.243
1531.6,60.32,85.5,0.0,-6.7,5,403.041,0.158,-176.180
1531.6,60.46,85.6,0.0,-6.3,5,401.658,0.145,-178.160
1531.6,60.70,85.5,0.0,-5.1,5,399.610,0.124,-181.163
1543.6,60.92,85.6,0.0,-4.5,5,397.596,0.103,-184.205
1543.6,61.09,85.6,0.0,-3.9,5,396.270,0.089,-186.253
1543.6,61.32,85.6,0.0,-3.4,5,394.303,0.067,-189.353
1543.6,61.47,85.7,0.0,-3.3,5,393.006,0.055,-191.438
1555.8,61.72,85.7,0.0,-3.1,5,391.078,0.040,-194.590
1555.8,61.86,85.8,0.0,-2.5,5,389.802,0.030,-196.707
1555.8,62.11,85.8,0.0,-1.8,5,387.902,0.018,-199.903
1555.8,62.26,85.8,0.0,-1.7,5,386.643,0.011,-202.048
1568.2,62.50,85.9,0.0,-1.7,5,384.765,0.004,-205.284
1568.2,62.65,85.9,0.0,-1.6,5,383.518,0.001,-207.454
1568.2,62.88,85.9,0.0,-1.8,5,381.655,-0.004,-210.726
1568.2,63.04,85.9,0.0,-1.7,5,380.418,-0.007,-212.920
1580.7,63.26,86.0,0.0,-2.9,5,378.570,-0.011,-216.227
1580.7,63.48,86.1,0.0,-3.2,5,376.733,-0.016,-219.556
1580.7,63.63,86.1,0.0,-2.5,5,375.517,-0.018,-221.788
1593.4,63.86,86.1,0.0,-0.2,5,373.704,-0.021,-225.156
1593.4,64.01,86.1,0.0,0.4,5,372.503,-0.022,-227.413
1593.4,64.23,86.2,0.0,0.2,5,370.705,-0.024,-230.814
1593.4,64.39,86.2,0.0,-0.1,5,369.506,-0.026,-233.090
1606.2,64.61,86.2,0.0,-0.4,5,367.707,-0.030,-236.515
1606.2,64.75,86.3,0.0,-0.5,5,366.505,-0.036,-238.806
1606.2,64.98,86.3,0.0,-0.6,5,364.700,-0.045,-242.254
1606.2,65.12,86.3,0.0,-0.7,5,363.496,-0.052,-244.559
1619.2,65.33,86.4,0.0,-1.0,5,361.687,-0.066,-248.029
1619.2,65.47,86.4,0.0,-1.2,5,360.481,-0.075,-250.350
1619.2,65.68,86.4,0.0,-1.4,5,358.672,-0.090,-253.844
1619.2,65.82,86.4,0.0,-1.4,5,357.467,-0.100,-256.181
1632.3,66.04,86.5,0.0,-1.0,5,355.661,-0.114,-259.700
1632.3,66.24,86.5,0.0,-0.3,5,353.858,-0.130,-263.235
1632.3,66.38,86.5,0.0,-0.6,5,352.657,-0.140,-265.600
1632.3,66.58,86.5,0.0,-0.1,5,350.856,-0.156,-269.159
1645.6,66.72,86.6,0.0,0.1,5,349.656,-0.166,-271.539
1645.6,66.93,86.6,0.0,0.4,5,347.853,-0.182,-275.120
1645.6,67.06,86.6,0.0,0.4,5,346.649,-0.193,-277.513
1645.6,67.26,86.6,0.0,0.5,5,344.840,-0.210,-281.114
1659.0,67.40,86.7,0.0,0.1,5,343.631,-0.222,-283.520
1659.0,67.60,86.7,0.0,-0.1,5,341.813,-0.241,-287.138
1659.0,67.73,86.7,0.0,-0.6,5,340.598,-0.254,-289.556
1659.0,67.92,86.8,0.0,-0.7,5,338.771,-0.276,-293.192
1672.5,68.05,86.8,0.0,-0.7,5,337.552,-0.290,-295.623
1672.5,68.24,86.8,0.0,-0.5,5,335.724,-0.313,-299.280
1672.5,68.38,86.8,0.0,-0.2,5,334.504,-0.332,-301.724
1672.5,68.55,86.8,0.0,-0.2,5,332.675,-0.355,-305.402
1686.2,68.74,86.9,0.0,-0.1,5,330.844,-0.374,-309.091
1686.2,68.87,86.9,0.0,-0.0,5,329.623,-0.389,-311.557
1686.2,69.05,86.9,0.0,-0.1,5,327.788,-0.414,-315.265
1686.2,69.18,86.9,0.0,-0.3,5,326.563,-0.431,-317.743
1700.0,69.35,87.0,0.0,-0.2,5,324.723,-0.455,-321.469
1700.0,69.48,87.0,0.0,-0.0,5,323.494,-0.470,-323.958
1700.0,69.65,87.0,0.0,-0.1,5,321.648,-0.493,-327.701
1700.0,69.77,87.0,0.0,0.1,5,320.415,-0.509,-330.202
1713.9,69.94,87.0,0.0,-0.0,0,318.564,-0.532,-333.962
1713.9,69.87,0.0,0.0,-0.2,0,317.329,-0.548,-336.471
1713.9,69.97,85.8,0.0,-0.3,6,315.477,-0.571,-340.234
1713.9,70.14,85.8,0.0,-0.3,6,313.624,-0.595,-344.006
1727.9,70.26,85.9,0.0,-0.2,6,312.387,-0.611,-346.527
1727.9,70.42,85.9,0.0,-0.2,6,310.530,-0.635,-350.317
1727.9,70.53,85.9,0.0,-0.1,6,309.292,-0.651,-352.849
1727.9,70.70,85.9,0.0,-0.1,6,307.433,-0.676,-356.656
1742.0,70.81,86.0,0.0,-0.2,6,306.193,-0.694,-359.200
1742.0,70.97,86.0,0.0,-0.2,6,304.331,-0.722,-363.023
1742.0,71.09,86.0,0.0,-0.1,6,303.088,-0.741,-365.578
1742.0,71.25,86.0,0.0,-0.2,6,301.222,-0.772,-369.418
1756.2,71.35,86.0,0.0,-0.2,6,299.977,-0.792,-371.984
1756.2,71.51,86.1,0.0,-0.1,6,298.107,-0.823,-375.840
1756.2,71.62,86.1,0.0,-0.1,6,296.859,-0.845,-378.416
1756.2,71.78,86.1,0.0,-0.1,6,294.985,-0.878,-382.287
1770.5,71.88,86.1,0.0,-0.0,6,293.734,-0.900,-384.874
1770.5,72.04,86.1,0.0,0.0,6,291.856,-0.933,-388.761
1770.5,72.19,86.2,0.0,-0.0,6,289.975,-0.964,-392.657
1770.5,72.30,86.2,0.0,-0.0,6,288.719,-0.986,-395.259
1784.9,72.45,86.2,0.0,0.0,6,286.832,-1.019,-399.170
1784.9,72.55,86.2,0.0,0.1,6,285.572,-1.042,-401.782
1784.9,72.71,86.2,0.0,0.1,6,283.678,-1.078,-405.706
1784.9,72.81,86.3,0.0,0.1,6,282.413,-1.098,-408.327
1799.4,72.95,86.3,0.0,0.1,6,280.512,-1.125,-412.265
1799.4,73.05,86.3,0.0,0.0,6,279.242,-1.143,-414.894
1799.4,73.21,86.3,0.0,0.1,6,277.333,-1.171,-418.844
1799.4,73.30,86.3,0.0,0.1,6,276.057,-1.189,-421.481
1814.0,73.45,86.4,0.0,0.2,6,274.138,-1.218,-425.443
1814.0,73.55,86.4,0.0,0.3,6,272.856,-1.238,-428.088
1814.0,73.69,86.4,0.0,0.4,6,270.929,-1.267,-432.062
1828.7,73.83,86.4,0.0,0.4,6,268.996,-1.298,-436.043
1828.7,73.93,86.4,0.0,0.3,6,267.703,-1.317,-438.700
1828.7,74.07,86.4,0.0,0.3,6,265.759,-1.346,-442.691
1828.7,74.17,86.4,0.0,0.4,6,264.459,-1.366,-445.355
1843.6,74.30,86.5,0.0,0.5,6,262.503,-1.394,-449.356
1843.6,74.39,86.5,0.0,0.5,6,261.195,-1.413,-452.027
1843.6,74.53,86.5,0.0,0.3,6,259.226,-1.439,-456.037
1843.6,74.62,86.5,0.0,0.3,6,257.909,-1.456,-458.714
1858.5,74.76,86.5,0.0,0.2,6,255.927,-1.482,-462.733
1858.5,74.85,86.6,0.0,0.3,6,254.601,-1.499,-465.415
1858.5,74.99,86.6,0.0,0.4,6,252.604,-1.526,-469.442
1858.5,75.07,86.6,0.0,0.4,6,251.269,-1.543,-472.129
1873.5,75.21,86.6,0.0,0.4,6,249.260,-1.570,-476.165
1873.5,75.29,86.6,0.0,0.4,6,247.915,-1.588,-478.858
1873.5,75.42,86.6,0.0,0.4,6,245.892,-1.612,-482.901
1873.5,75.55,86.7,0.0,0.3,6,243.860,-1.637,-486.949
1888.6,75.64,86.7,0.0,0.2,6,242.502,-1.653,-489.650
1888.6,75.76,86.7,0.0,0.2,6,240.457,-1.676,-493.705
1888.6,75.85,86.7,0.0,0.2,6,239.090,-1.691,-496.412
1888.6,75.97,86.7,0.0,0.2,6,237.033,-1.714,-500.475
1903.7,76.06,86.7,0.0,0.2,6,235.658,-1.729,-503.187
1903.7,76.18,86.7,0.0,0.4,6,233.590,-1.753,-507.259
1903.7,76.26,86.8,0.0,0.4,6,232.208,-1.768,-509.977
1903.7,76.39,86.8,0.0,0.2,6,230.130,-1.792,-514.057
1919.0,76.47,86.8,0.0,0.2,6,228.741,-1.807,-516.781
1919.0,76.59,86.8,0.0,0.2,6,226.652,-1.832,-520.870
1919.0,76.67,86.8,0.0,0.3,6,225.256,-1.849,-523.598
1919.0,76.79,86.8,0.0,0.1,6,223.157,-1.874,-527.696
1934.3,76.87,86.8,0.0,-0.1,6,221.755,-1.888,-530.430
1934.3,76.98,86.9,0.0,-0.3,6,219.647,-1.909,-534.535
1934.3,77.10,86.9,0.0,-0.4,6,217.534,-1.933,-538.646
1934.3,77.18,86.9,0.0,-0.4,6,216.124,-1.951,-541.390
1949.7,77.30,86.8,0.0,-0.4,6,214.007,-1.984,-545.512
1949.7,77.37,86.9,0.0,-0.4,6,212.595,-2.009,-548.264
1949.7,77.48,86.9,0.0,-0.5,6,210.477,-2.049,-552.399
1949.7,77.56,86.9,0.0,-0.6,6,209.067,-2.078,-555.160
1965.2,77.67,86.9,0.0,-0.8,6,206.952,-2.123,-559.309
1965.2,77.74,86.9,0.0,-0.9,6,205.543,-2.155,-562.079
1965.2,77.85,86.9,0.0,-0.7,6,203.431,-2.204,-566.242
1965.2,77.92,87.0,0.0,-0.5,6,202.026,-2.238,-569.022
1980.8,78.04,87.0,0.0,-0.3,6,199.921,-2.289,-573.200
1980.8,78.11,87.0,0.0,-0.5,6,198.520,-2.324,-575.990
1980.8,78.22,87.0,0.0,-0.6,6,196.423,-2.378,-580.184
1980.8,78.32,87.0,0.0,-0.5,6,194.328,-2.432,-584.387
1996.4,78.39,87.0,0.0,-0.5,6,192.934,-2.467,-587.193
1996.4,78.43,0.0,0.0,-0.4,0,190.845,-2.518,-591.410
1996.4,78.35,86.0,0.0,-0.2,7,189.456,-2.555,-594.220
1996.4,78.46,86.0,0.0,0.1,7,187.374,-2.612,-598.438
2012.1,78.52,86.1,0.0,0.2,7,185.987,-2.649,-601.254
2012.1,78.62,86.1,0.0,0.4,7,183.903,-2.705,-605.482
2012.1,78.69,86.1,0.0,0.6,7,182.512,-2.742,-608.304
2012.1,78.78,86.2,0.0,0.9,7,180.420,-2.794,-612.539
2027.8,78.85,86.2,0.0,1.0,7,179.022,-2.829,-615.364
2027.8,78.95,86.2,0.0,1.1,7,176.915,-2.881,-619.602
2027.8,79.02,86.2,0.0,1.1,7,175.503,-2.915,-622.428
2027.8,79.11,86.2,0.0,1.1,7,173.374,-2.960,-626.667
2043.6,79.21,86.2,0.0,1.2,7,171.230,-3.000,-630.904
2043.6,79.27,86.2,0.0,1.1,7,169.791,-3.026,-633.728
2043.6,79.37,86.2,0.0,0.9,7,167.620,-3.063,-637.963
2043.6,79.43,86.2,0.0,1.0,7,166.164,-3.086,-640.786
2091.3,80.23,86.3,0.0,0.9,7,145.938,-3.188,-678.858
2091.3,80.29,86.3,0.0,0.8,7,144.405,-3.181,-681.679
2139.5,81.03,86.4,0.0,2.6,7,121.541,-2.838,-722.497
2155.6,81.10,86.4,11.4,2.9,7,119.073,-2.771,-726.688
2155.6,80.89,19.9,58.9,2.2,7,117.414,-2.723,-729.473
2155.6,79.76,0.0,83.9,2.0,7,114.922,-2.644,-733.604
2155.6,78.85,0.0,88.8,1.6,7,113.270,-2.589,-736.313
2171.5,77.43,0.0,85.3,0.9,7,110.810,-2.503,-740.306
2171.5,76.51,0.0,88.5,0.6,7,109.180,-2.444,-742.920
2171.5,75.10,0.0,90.6,0.8,7,106.755,-2.354,-746.770
2171.5,74.15,0.0,91.8,1.0,7,105.152,-2.293,-749.289
2186.5,72.73,28.6,93.1,2.0,0,102.769,-2.202,-752.997
2186.5,71.77,0.0,92.7,2.2,6,101.196,-2.144,-755.423
2186.5,70.35,0.0,93.0,3.0,6,98.856,-2.059,-758.990
2186.5,69.40,0.0,93.7,3.0,6,97.311,-2.009,-761.322
2200.6,67.91,0.0,88.7,1.8,6,95.011,-1.935,-764.741
2200.6,66.53,0.0,90.5,1.2,6,92.725,-1.858,-768.066
2200.6,65.61,0.0,91.0,1.2,6,91.209,-1.808,-770.233
2200.6,64.22,40.9,90.8,0.1,0,88.951,-1.735,-773.409
2213.7,63.30,0.0,89.9,0.6,5,87.455,-1.686,-775.476
2213.7,61.92,0.0,90.8,1.7,5,85.227,-1.614,-778.503
2213.7,61.00,0.0,90.8,2.0,5,83.754,-1.568,-780.473
2213.7,59.61,0.0,90.1,2.1,5,81.564,-1.501,-783.356
2225.8,58.70,0.0,90.1,2.4,5,80.117,-1.458,-785.229
2225.8,57.33,0.0,89.8,2.2,5,77.964,-1.396,-787.968
2225.8,56.44,0.0,86.4,2.4,5,76.542,-1.356,-789.747
2225.8,55.18,40.3,83.3,2.6,0,74.427,-1.299,-792.344
2237.1,54.39,0.0,89.7,2.8,4,73.025,-1.263,-794.030
2237.1,53.07,0.0,86.4,2.6,4,70.937,-1.210,-796.489
2237.1,52.23,0.0,75.7,2.0,4,69.555,-1.175,-798.080
2237.1,51.10,0.0,57.1,1.1,4,67.493,-1.124,-800.397
2247.4,50.24,0.0,30.5,-0.3,4,65.433,-1.074,-802.633
2247.4,49.79,0.0,19.0,-1.3,4,64.054,-1.040,-804.082
2247.4,49.34,0.0,11.0,-0.5,4,61.965,-0.991,-806.198
2247.4,49.11,0.0,9.1,2.6,4,60.555,-0.957,-807.573
2257.3,48.81,0.0,7.2,8.4,4,58.415,-0.907,-809.585
2257.3,48.62,0.0,7.0,12.3,4,56.972,-0.873,-810.895
2257.3,48.36,0.0,5.2,16.2,4,54.788,-0.822,-812.817
2257.3,48.19,0.0,5.2,17.1,4,53.318,-0.789,-814.070
2266.9,47.94,0.0,4.2,16.9,4,51.093,-0.741,-815.904
2266.9,47.77,0.0,4.5,15.7,4,49.595,-0.710,-817.096
2266.9,47.53,0.0,2.4,14.1,4,47.322,-0.663,-818.830
2266.9,47.38,0.0,1.5,13.7,4,45.789,-0.631,-819.950
2276.5,47.17,0.0,1.5,14.3,4,43.466,-0.584,-821.578
2276.5,46.95,0.0,0.5,15.3,4,41.114,-0.537,-823.140
2276.5,46.81,2.6,0.0,15.8,4,39.530,-0.506,-824.144
2276.5,46.64,8.5,0.0,14.1,4,37.131,-0.459,-825.593
2286.1,46.54,7.1,0.0,13.3,4,35.516,-0.426,-826.523
2286.1,46.37,4.5,0.0,12.5,4,33.072,-0.378,-827.864
2286.1,46.26,4.5,0.0,12.2,4,31.431,-0.346,-828.723
2286.1,46.10,4.3,0.0,12.3,4,28.951,-0.298,-829.960
2295.9,46.00,4.9,0.0,12.4,4,27.288,-0.266,-830.751
2295.9,45.84,6.3,0.0,14.4,4,24.778,-0.218,-831.886
2295.9,45.75,10.8,0.0,15.1,4,23.095,-0.186,-832.610
2295.9,45.64,15.5,0.0,17.2,4,20.557,-0.135,-833.644
2305.6,45.57,12.2,0.0,20.0,4,18.854,-0.102,-834.300
2305.6,45.43,7.8,0.0,22.3,4,16.289,-0.055,-835.233
2305.6,45.26,7.5,0.0,23.5,4,13.711,-0.010,-836.101
2305.6,45.15,9.6,0.0,22.2,4,11.984,0.021,-836.639
2315.2,44.99,9.1,0.0,20.2,4,9.385,0.068,-837.384
2315.2,44.89,7.6,0.0,20.2,4,7.646,0.100,-837.839
2315.2,44.71,7.8,0.0,20.9,4,5.030,0.149,-838.457
2315.2,44.60,6.6,0.0,21.6,4,3.283,0.181,-838.828
2324.7,44.42,7.2,0.0,22.3,4,0.659,0.228,-839.323
2324.7,44.30,6.2,0.0,22.8,4,-1.092,0.258,-839.611
2324.7,44.12,6.5,0.0,24.6,4,-3.719,0.303,-839.981
2324.7,44.00,7.1,0.0,25.3,4,-5.469,0.332,-840.186
2333.8,43.82,6.3,0.0,24.1,4,-8.093,0.373,-840.432
2333.8,43.70,4.3,0.0,23.0,4,-9.839,0.400,-840.555
2333.8,43.51,10.9,0.0,22.6,4,-12.452,0.439,-840.678
2333.8,43.47,44.2,0.0,22.3,4,-14.191,0.464,-840.719
2343.2,43.63,71.7,0.0,21.4,4,-16.802,0.499,-840.724
2343.2,43.57,4.8,26.5,21.2,4,-19.421,0.531,-840.659
2343.2,43.23,39.0,28.5,22.8,0,-21.156,0.551,-840.579
2352.5,42.79,5.7,1.3,23.3,3,-23.730,0.578,-840.406
2352.5,42.70,34.2,0.0,23.0,3,-25.432,0.594,-840.254
2352.5,42.92,84.1,0.0,23.1,3,-27.982,0.616,-839.968
2352.5,43.15,82.8,0.0,22.6,3,-29.688,0.629,-839.740
2361.7,43.48,81.8,0.0,22.3,3,-32.256,0.646,-839.342
2361.7,43.71,83.6,0.0,22.1,3,-33.972,0.657,-839.037
2361.7,44.04,85.6,0.0,21.8,3,-36.552,0.673,-838.518
2361.7,44.27,84.5,0.0,20.5,3,-38.275,0.683,-838.132
2371.0,44.59,81.2,0.0,19.5,3,-40.862,0.699,-837.490
2371.0,44.77,74.7,0.0,18.7,3,-42.586,0.710,-837.021
2371.0,45.01,68.6,0.0,17.1,3,-45.168,0.724,-836.257
2371.0,45.17,71.4,0.0,16.5,3,-46.885,0.731,-835.706
2380.6,45.41,76.3,0.0,15.9,3,-49.453,0.741,-834.820
2380.6,45.68,76.6,0.0,15.9,3,-52.010,0.750,-833.858
2380.6,45.86,77.8,0.0,16.5,3,-53.708,0.756,-833.175
2380.6,46.13,79.1,0.0,17.6,3,-56.244,0.764,-832.088
2390.2,46.32,81.4,0.0,18.3,3,-57.927,0.768,-831.324
2390.2,46.64,85.4,0.0,19.2,3,-60.441,0.771,-830.119
2390.2,46.85,86.5,0.0,19.3,3,-62.110,0.771,-829.276
2390.2,47.18,86.2,0.0,18.4,3,-64.600,0.770,-827.952
2400.0,47.40,86.4,0.0,18.2,3,-66.251,0.768,-827.029
2400.0,47.70,80.5,0.0,18.4,3,-68.711,0.764,-825.586
2400.0,47.88,77.2,0.0,18.6,3,-70.339,0.759,-824.585
2400.0,48.13,78.1,0.0,19.1,3,-72.760,0.751,-823.026
2409.7,48.32,82.6,0.0,19.4,3,-74.360,0.744,-821.948
2409.7,48.61,83.8,0.0,19.5,3,-76.736,0.734,-820.273
2409.7,48.89,81.5,0.0,19.0,0,-79.085,0.723,-818.530
2409.7,48.85,0.0,0.0,18.2,0,-80.631,0.714,-817.333
2419.5,48.86,48.8,0.0,17.6,4,-82.910,0.699,-815.491
2419.5,48.93,59.1,0.0,17.6,4,-84.405,0.688,-814.231
2419.5,49.15,82.0,0.0,17.8,4,-86.614,0.670,-812.290
2419.5,49.33,79.9,0.0,18.0,4,-88.067,0.656,-810.961
2429.2,49.55,65.9,0.0,19.1,4,-90.218,0.634,-808.918
2429.2,49.67,71.5,0.0,19.3,4,-91.629,0.617,-807.524
2429.2,49.93,84.7,0.0,18.1,4,-93.713,0.591,-805.384
2429.2,50.12,85.4,0.0,17.4,4,-95.080,0.573,-803.923
2439.0,50.40,85.5,0.0,17.6,4,-97.098,0.544,-801.682
2439.0,50.62,85.4,0.0,17.4,4,-98.421,0.523,-800.156
2439.0,50.90,85.5,0.0,17.3,4,-100.369,0.492,-797.817
2439.0,51.09,85.6,0.0,17.5,4,-101.644,0.470,-796.225
2448.8,51.39,85.6,0.0,18.0,4,-103.519,0.435,-793.790
2448.8,51.57,85.7,0.0,18.3,4,-104.745,0.410,-792.136
2448.8,51.86,85.7,0.0,18.0,4,-106.546,0.368,-789.610
2448.8,52.15,85.8,0.0,17.3,4,-108.301,0.323,-787.031
2458.9,52.33,85.8,0.0,17.5,4,-109.444,0.291,-785.283
2458.9,52.62,85.9,0.0,14.5,4,-111.118,0.239,-782.617
2458.9,52.82,85.9,0.0,12.8,4,-112.206,0.202,-780.812
2458.9,53.09,86.1,0.0,9.9,4,-113.800,0.144,-778.064
2469.2,53.28,86.0,0.0,7.0,4,-114.837,0.104,-776.207
2469.2,53.54,86.2,0.0,3.5,4,-116.357,0.038,-773.387
2469.2,53.77,86.2,0.0,0.1,4,-117.351,-0.012,-771.486
2469.2,54.09,86.2,0.0,-5.3,4,-118.812,-0.092,-768.600
2480.0,54.32,86.1,0.0,-6.6,4,-119.768,-0.148,-766.655
2480.0,54.66,86.2,0.0,-5.0,4,-121.186,-0.233,-763.712
2480.0,54.85,86.3,0.0,-3.2,4,-122.131,-0.287,-761.737
2480.0,55.18,86.3,0.0,-1.8,4,-123.562,-0.374,-758.764
2491.1,55.50,86.4,0.0,-2.3,4,-125.016,-0.469,-755.781
2491.1,55.71,86.4,0.0,-3.1,4,-125.999,-0.538,-753.787
2491.1,56.01,86.4,0.0,-3.5,4,-127.499,-0.643,-750.791
2491.1,56.22,86.5,0.0,-3.5,4,-128.516,-0.712,-748.791
2502.4,56.53,86.5,0.0,-3.2,4,-130.067,-0.816,-745.787
2502.4,56.75,86.5,0.0,-3.0,4,-131.120,-0.885,-743.782
2502.4,57.04,86.6,0.0,-3.0,4,-132.726,-0.990,-740.773
2502.4,57.26,86.7,0.0,-3.1,4,-133.813,-1.063,-738.764
2514.0,57.55,86.7,0.0,-3.9,4,-135.470,-1.177,-735.746
2514.0,57.77,86.7,0.0,-4.0,4,-136.591,-1.255,-733.733
2514.0,58.06,86.8,0.0,-3.7,4,-138.299,-1.377,-730.710
2514.0,58.26,86.8,0.0,-3.5,4,-139.455,-1.461,-728.693
2525.8,58.56,86.9,0.0,-3.4,4,-141.215,-1.593,-725.666
2525.8,58.75,86.9,0.0,-3.5,4,-142.405,-1.685,-723.647
2525.8,59.04,86.9,0.0,-3.3,4,-144.216,-1.830,-720.616
2537.7,59.33,87.0,0.0,-2.8,4,-146.059,-1.977,-717.585
2537.7,59.51,87.0,0.0,-2.7,0,-147.305,-2.076,-715.564
2537.7,59.50,85.3,0.0,-2.4,5,-149.194,-2.225,-712.538
2537.7,59.67,85.3,0.0,-2.2,5,-150.467,-2.325,-710.526
2549.7,59.94,85.4,0.0,-2.0,5,-152.398,-2.474,-707.506
2549.7,60.11,85.4,0.0,-1.9,5,-153.701,-2.571,-705.492
2549.7,60.37,85.5,0.0,-1.8,5,-155.675,-2.712,-702.468
2549.7,60.55,85.5,0.0,-1.9,5,-157.005,-2.805,-700.450
2561.8,60.82,85.6,0.0,-1.9,5,-159.018,-2.942,-697.420
2561.8,61.08,85.6,0.0,-1.8,5,-161.053,-3.077,-694.386
2561.8,61.33,85.7,0.0,-1.9,5,-163.111,-3.206,-691.348
2561.8,61.49,85.7,0.0,-1.8,5,-164.495,-3.287,-689.320
2574.1,61.75,85.7,0.0,-1.7,5,-166.590,-3.400,-686.276
2574.1,61.91,85.8,0.0,-1.6,5,-167.999,-3.469,-684.245
2574.1,62.16,85.8,0.0,-1.6,5,-170.131,-3.564,-681.196
2574.1,62.33,85.9,0.0,-1.5,5,-171.564,-3.621,-679.162
2586.7,62.57,85.9,0.0,-1.3,5,-173.733,-3.695,-676.108
2586.7,62.73,85.9,0.0,-1.1,5,-175.191,-3.737,-674.070
2586.7,62.97,86.0,0.0,-1.1,5,-177.394,-3.790,-671.012
2586.7,63.21,86.0,0.0,-1.2,5,-179.617,-3.831,-667.949
2599.3,63.36,86.1,0.0,-1.2,5,-181.110,-3.855,-665.905
2599.3,63.60,86.1,0.0,-1.1,5,-183.363,-3.885,-662.834
2599.3,63.75,86.1,0.0,-1.1,5,-184.874,-3.903,-660.785
2599.3,63.98,86.1,0.0,-1.0,5,-187.156,-3.929,-657.706
2612.0,64.13,86.2,0.0,-1.0,5,-188.686,-3.945,-655.652
2612.0,64.36,86.2,0.0,-1.0,5,-190.995,-3.965,-652.565
2612.0,64.51,86.2,0.0,-1.0,5,-192.543,-3.977,-650.505
2612.0,64.72,86.3,0.0,-0.9,5,-194.879,-3.992,-647.411
2624.9,64.88,86.3,0.0,-0.9,5,-196.444,-3.999,-645.346
2624.9,65.09,86.3,0.0,-0.9,5,-198.805,-4.006,-642.244
2624.9,65.24,86.3,0.0,-0.9,5,-200.387,-4.009,-640.173
2624.9,65.45,86.4,0.0,-0.9,5,-202.773,-4.009,-637.062
2637.9,65.59,86.4,0.0,-0.8,5,-204.372,-4.006,-634.986
2637.9,65.79,86.4,0.0,-0.8,5,-206.782,-3.996,-631.868
2637.9,66.00,86.5,0.0,-0.9,5,-209.207,-3.979,-628.746
2637.9,66.14,86.5,0.0,-1.0,5,-210.832,-3.965,-626.662
2651.0,66.34,86.5,0.0,-1.3,5,-213.282,-3.943,-623.534
2651.0,66.48,86.5,0.0,-3.2,5,-214.925,-3.928,-621.446
2651.0,66.67,86.6,0.0,-3.3,5,-217.406,-3.905,-618.316
2651.0,66.81,86.6,0.0,-3.1,5,-219.073,-3.891,-616.231
2664.2,67.01,86.6,0.0,-1.6,5,-221.595,-3.871,-613.108
2664.2,67.14,86.6,0.0,-0.8,5,-223.290,-3.860,-611.029
2664.2,67.34,86.7,0.0,-1.0,5,-225.853,-3.849,-607.913
2664.2,67.47,86.7,0.0,-1.3,5,-227.573,-3.846,-605.837
2677.6,67.67,86.7,0.0,-1.2,5,-230.167,-3.844,-602.722
2677.6,67.75,58.5,0.0,-1.3,5,-231.907,-3.847,-600.646
2677.6,67.52,3.3,51.4,-1.5,5,-234.524,-3.855,-597.540
2677.6,66.91,0.0,71.5,-1.4,5,-236.263,-3.863,-595.487
2691.2,65.73,0.0,84.3,-0.6,5,-238.844,-3.881,-592.454
2691.2,64.44,0.0,89.6,0.4,5,-241.385,-3.904,-589.485
2691.2,63.54,0.0,90.2,0.5,5,-243.054,-3.923,-587.542
2704.2,62.18,0.0,90.4,0.6,5,-245.519,-3.955,-584.685
2704.2,61.27,0.0,90.5,0.4,5,-247.137,-3.978,-582.818
2704.2,59.91,0.0,89.9,-0.1,5,-249.523,-4.017,-580.072
2704.2,59.00,0.0,89.5,-0.3,5,-251.088,-4.043,-578.278
2716.2,57.66,0.0,90.0,0.1,5,-253.395,-4.082,-575.642
2716.2,56.78,0.0,90.5,0.4,5,-254.906,-4.108,-573.921
2716.2,55.46,0.0,91.3,0.8,5,-257.133,-4.146,-571.392
2716.2,54.56,41.0,90.4,1.0,0,-258.591,-4.172,-569.742
2727.3,53.25,0.0,91.6,0.3,4,-260.738,-4.211,-567.319
2727.3,52.36,0.0,91.2,0.2,4,-262.142,-4.237,-565.739
2727.3,51.05,0.0,91.5,-0.7,4,-264.206,-4.277,-563.422
2727.3,50.16,0.0,90.8,-1.2,4,-265.556,-4.304,-561.911
2737.5,48.87,0.0,91.7,-2.6,4,-267.542,-4.346,-559.698
2737.5,47.50,0.0,89.2,-3.0,4,-269.479,-4.386,-557.550
2737.5,46.65,0.0,89.2,-3.3,4,-270.746,-4.411,-556.154
2737.5,45.37,0.0,88.2,-3.1,0,-272.610,-4.446,-554.116
2746.8,44.55,37.8,88.3,-2.9,0,-273.832,-4.469,-552.794
2746.8,43.30,0.0,87.9,-1.4,3,-275.633,-4.502,-550.867
2746.8,42.46,0.0,86.8,-0.4,3,-276.813,-4.523,-549.620
2746.8,41.24,0.0,86.0,0.7,3,-278.551,-4.555,-547.803
2755.3,40.45,0.0,85.2,1.4,3,-279.689,-4.575,-546.629
2755.3,39.24,0.0,82.7,2.1,0,-281.366,-4.605,-544.924
2755.3,38.50,46.0,81.7,2.1,0,-282.467,-4.623,-543.824
2755.3,37.40,0.0,74.3,-0.6,2,-284.097,-4.649,-542.232
2763.0,36.68,0.0,68.1,-2.4,2,-285.169,-4.666,-541.207
2763.0,35.66,0.0,61.6,-3.1,2,-286.758,-4.692,-539.726
2763.0,35.05,0.0,59.5,-2.6,2,-287.806,-4.708,-538.776
2763.0,34.16,0.0,58.0,-2.8,2,-289.366,-4.732,-537.404
2770.0,33.27,0.0,58.6,-3.3,2,-290.911,-4.755,-536.096
2770.0,32.67,0.0,59.3,-3.3,2,-291.933,-4.770,-535.260
2770.0,31.77,0.0,60.3,-3.4,2,-293.451,-4.792,-534.060
2770.0,31.17,0.0,56.2,-3.1,2,-294.452,-4.805,-533.295
2776.3,30.33,0.0,47.6,-2.9,2,-295.938,-4.824,-532.200
2776.3,29.81,0.0,43.3,-2.7,2,-296.919,-4.836,-531.504
2776.3,29.10,0.0,38.7,-2.5,2,-298.382,-4.852,-530.511
2776.3,28.67,0.0,36.6,-7.9,2,-299.353,-4.862,-529.882
2782.0,28.08,0.0,35.1,-14.2,2,-300.803,-4.876,-528.988
2782.0,27.70,50.0,35.2,-17.8,0,-301.765,-4.884,-528.424
2782.0,27.14,0.0,33.0,-16.9,1,-303.202,-4.895,-527.620
2782.0,26.76,0.0,30.2,-23.3,1,-304.154,-4.902,-527.112
2787.2,26.23,0.0,27.6,-25.9,1,-305.572,-4.911,-526.392
2787.2,25.90,0.0,27.2,-25.3,1,-306.513,-4.917,-525.942
2787.2,25.42,0.0,21.6,-14.8,1,-307.918,-4.924,-525.309
2787.2,25.02,0.0,19.8,-12.5,1,-309.312,-4.930,-524.720
2792.2,24.77,0.0,19.4,-15.3,1,-310.237,-4.933,-524.349
2792.2,24.39,0.0,14.9,-25.5,1,-311.615,-4.936,-523.823
2792.2,24.17,0.0,12.4,-32.1,1,-312.530,-4.938,-523.495
2792.2,23.87,0.0,11.1,-37.6,1,-313.899,-4.938,-523.043
2797.6,23.67,0.0,9.1,-36.5,1,-314.810,-4.938,-522.770
2797.6,23.40,0.0,6.8,-34.7,1,-316.175,-4.935,-522.404
2797.6,23.25,0.0,7.1,-34.3,1,-317.083,-4.932,-522.190
2797.6,22.99,0.0,5.4,-39.8,1,-318.443,-4.925,-521.914
2803.4,22.83,6.8,0.7,-44.3,1,-319.347,-4.917,-521.762
2803.4,22.84,38.1,0.0,-45.1,1,-320.703,-4.904,-521.581
2803.4,23.02,50.6,0.0,-45.3,1,-321.614,-4.901,-521.484
2803.4,23.31,49.9,0.0,-32.1,1,-322.999,-4.899,-521.374
2810.1,23.46,42.2,0.0,-30.7,1,-323.933,-4.896,-521.332
2810.1,23.53,14.0,2.8,-28.9,1,-325.342,-4.890,-521.315
2810.1,23.38,0.0,9.0,-24.4,1,-326.750,-4.891,-521.345
2810.1,23.17,0.0,4.8,-22.8,1,-327.682,-4.898,-521.390
2815.4,22.93,0.5,0.0,-19.3,1,-329.058,-4.892,-521.521
2815.4,22.84,2.4,0.0,-20.4,1,-329.965,-4.886,-521.640
2815.4,22.73,6.4,0.0,-27.3,1,-331.314,-4.877,-521.862
2815.4,22.68,14.4,0.0,-34.0,1,-332.205,-4.872,-522.037
2820.3,22.76,38.3,0.0,-42.5,1,-333.533,-4.863,-522.337
2820.3,22.91,47.8,0.0,-44.5,1,-334.418,-4.857,-522.564
2820.3,23.24,55.6,0.0,-45.6,1,-335.747,-4.846,-522.945
2820.3,23.48,58.5,0.0,-46.5,1,-336.637,-4.838,-523.229
2825.0,23.93,74.4,0.0,-46.8,1,-337.978,-4.824,-523.697
2825.0,24.19,49.0,0.0,-44.6,1,-338.877,-4.813,-524.041
2825.0,24.49,51.6,0.0,-38.8,1,-340.223,-4.796,-524.605
2825.0,24.69,48.9,0.0,-34.6,1,-341.118,-4.783,-525.013
2829.9,25.00,52.2,0.0,-31.9,1,-342.453,-4.763,-525.675
2829.9,25.29,50.9,0.0,-27.9,1,-343.778,-4.743,-526.395
2829.9,25.50,52.3,0.0,-23.5,1,-344.655,-4.728,-526.906
2834.9,25.84,57.7,0.0,-15.5,1,-345.962,-4.707,-527.720
2834.9,26.12,64.2,0.0,-8.2,1,-346.829,-4.693,-528.292
2834.9,26.63,73.1,0.0,3.4,1,-348.129,-4.671,-529.191
2834.9,27.04,79.5,0.0,8.8,1,-349.002,-4.657,-529.814
2840.1,27.68,76.0,0.0,13.2,1,-350.329,-4.635,-530.778
2840.1,28.04,62.3,0.0,15.5,1,-351.229,-4.620,-531.435
2840.1,28.38,44.3,0.0,17.3,1,-352.603,-4.597,-532.423
2840.1,28.52,37.8,0.0,15.3,1,-353.535,-4.582,-533.075
2845.8,28.71,36.8,0.0,13.9,1,-354.956,-4.560,-534.038
2845.8,28.90,37.7,0.0,15.7,1,-356.402,-4.540,-534.984
2845.8,29.04,39.7,0.0,17.8,1,-357.381,-4.528,-535.602
2845.8,29.24,37.7,0.0,25.5,1,-358.874,-4.510,-536.511
2851.6,29.32,32.0,0.0,30.4,1,-359.886,-4.498,-537.100
2851.6,29.39,24.5,0.0,35.2,1,-361.429,-4.483,-537.952
2851.6,29.39,24.8,0.0,36.4,1,-362.472,-4.474,-538.493
2851.6,29.42,21.3,0.0,36.1,1,-364.060,-4.462,-539.263
2857.6,29.40,15.4,0.0,35.5,1,-365.133,-4.455,-539.746
2857.6,29.28,13.8,0.0,36.3,1,-366.758,-4.447,-540.422
2857.6,29.23,15.3,0.0,37.0,1,-367.852,-4.442,-540.839
2857.6,29.12,10.2,0.0,37.9,1,-369.506,-4.435,-541.412
2863.8,29.03,8.3,0.0,37.9,1,-370.616,-4.433,-541.759
2863.8,28.97,30.0,0.0,39.7,1,-372.291,-4.431,-542.227
2863.8,29.05,43.2,0.0,41.0,1,-373.418,-4.431,-542.506
2863.8,29.26,44.9,0.0,42.5,1,-375.126,-4.434,-542.878
2871.0,29.44,48.5,0.0,38.3,1,-376.859,-4.438,-543.190
2871.0,29.56,51.8,0.0,33.4,1,-378.026,-4.439,-543.362
2871.0,29.80,55.9,0.0,22.2,1,-379.795,-4.437,-543.563
2871.0,29.94,44.6,0.0,11.5,1,-380.985,-4.436,-543.663
2877.8,30.10,22.9,0.0,-0.0,1,-382.784,-4.441,-543.769
2877.8,30.09,17.7,0.0,-11.0,1,-383.987,-4.445,-543.807
2877.8,30.03,15.5,0.0,-24.0,1,-385.791,-4.451,-543.814
2877.8,29.99,17.2,0.0,-19.4,1,-386.991,-4.455,-543.787
2885.6,30.02,46.3,0.0,-5.1,1,-388.788,-4.458,-543.694
2885.6,30.21,56.2,0.0,6.3,1,-389.987,-4.460,-543.596
2885.6,30.59,56.6,0.0,23.1,1,-391.800,-4.464,-543.398
2885.6,30.81,56.4,0.0,32.8,1,-393.016,-4.465,-543.233
2892.4,31.14,57.2,0.0,42.3,1,-394.852,-4.468,-542.942
2892.4,31.35,59.4,0.0,45.3,1,-396.081,-4.468,-542.720
2892.4,31.65,61.0,0.0,45.7,1,-397.931,-4.469,-542.338
2892.4,31.96,61.5,0.0,41.5,1,-399.787,-4.470,-541.896
2899.0,32.12,45.8,0.0,36.5,1,-401.025,-4.472,-541.566
2899.0,32.27,43.6,0.0,28.6,1,-402.877,-4.478,-541.018
2899.0,32.34,37.7,0.0,23.3,1,-404.105,-4.484,-540.617
2899.0,32.38,27.5,0.0,15.4,1,-405.933,-4.495,-539.962
2905.4,32.36,23.2,0.0,10.3,1,-407.140,-4.505,-539.491
2905.4,32.30,20.7,0.0,2.9,1,-408.926,-4.521,-538.734
2905.4,32.26,20.0,0.0,-1.7,1,-410.100,-4.534,-538.197
2905.4,32.19,18.2,0.0,-7.3,1,-411.835,-4.555,-537.344
2911.5,32.15,19.0,0.0,-9.2,1,-412.975,-4.571,-536.747
2911.5,32.09,22.5,0.0,-8.0,1,-414.657,-4.596,-535.806
2911.5,32.10,34.6,0.0,-7.8,1,-415.759,-4.614,-535.150
2911.5,32.36,72.6,0.0,-1.0,1,-417.392,-4.641,-534.117
2917.7,32.55,0.0,0.0,6.5,0,-418.472,-4.659,-533.396
2917.7,32.68,78.5,0.0,13.2,2,-420.068,-4.686,-532.271
2917.7,33.18,83.5,0.0,21.1,2,-421.652,-4.713,-531.093
2917.7,33.53,84.6,0.0,24.2,2,-422.708,-4.731,-530.278
2924.0,34.05,84.9,0.0,22.3,2,-424.288,-4.758,-529.010
2924.0,34.39,85.1,0.0,21.5,2,-425.339,-4.775,-528.134
2924.0,34.91,85.3,0.0,18.0,2,-426.908,-4.798,-526.771
2924.0,35.26,85.5,0.0,18.3,2,-427.948,-4.813,-525.831
2930.7,35.71,85.9,0.0,15.3,2,-429.497,-4.835,-524.371
2930.7,36.02,66.2,0.0,9.5,2,-430.521,-4.850,-523.367
2930.7,36.46,85.0,0.0,6.1,2,-432.039,-4.870,-521.813
2930.7,36.80,86.0,0.0,4.3,2,-433.042,-4.883,-520.746
2937.8,37.33,86.1,0.0,3.9,2,-434.538,-4.901,-519.101
2937.8,37.67,86.1,0.0,3.8,2,-435.530,-4.913,-517.977
2937.8,38.22,86.1,0.0,5.9,2,-437.017,-4.931,-516.253
2937.8,38.56,86.2,0.0,8.2,2,-438.007,-4.943,-515.080
2945.2,39.07,84.9,0.0,11.7,2,-439.490,-4.960,-513.287
2945.2,39.46,80.3,0.0,14.4,2,-440.965,-4.975,-511.452
2945.2,39.69,79.4,0.0,14.7,2,-441.940,-4.987,-510.207
2953.0,40.09,85.3,0.0,12.8,2,-443.388,-5.005,-508.303
2953.0,40.37,87.3,0.0,11.8,0,-444.341,-5.015,-507.007
2953.0,40.36,82.8,0.0,10.0,3,-445.738,-5.024,-505.027
2953.0,40.56,62.5,0.0,8.6,3,-446.646,-5.030,-503.689
2960.8,40.84,78.0,0.0,5.7,3,-447.984,-5.040,-501.647
2960.8,41.07,70.3,0.0,6.0,3,-448.857,-5.046,-500.262
2960.8,41.47,84.7,0.0,9.5,3,-450.143,-5.055,-498.147
2960.8,41.73,85.3,0.0,12.4,3,-450.981,-5.057,-496.711
2968.9,42.13,85.3,0.0,14.0,3,-452.209,-5.057,-494.517
2968.9,42.37,85.6,0.0,14.7,3,-453.012,-5.057,-493.030
2968.9,42.71,60.5,0.0,12.8,3,-454.190,-5.065,-490.766
2968.9,42.82,56.4,0.0,10.0,3,-454.951,-5.070,-489.234
2977.0,43.11,85.3,0.0,4.6,3,-456.052,-5.076,-486.905
2977.0,43.40,69.5,0.0,0.5,3,-457.111,-5.087,-484.536
2977.0,43.61,75.2,0.0,-1.0,3,-457.791,-5.095,-482.934
2977.0,43.97,83.4,0.0,0.6,3,-458.772,-5.111,-480.499
2985.4,44.24,85.9,0.0,2.4,3,-459.402,-5.122,-478.851
2985.4,44.65,86.1,0.0,7.2,3,-460.309,-5.142,-476.344
2985.4,44.92,86.2,0.0,10.7,3,-460.890,-5.157,-474.650
2985.4,45.33,86.2,0.0,14.2,3,-461.731,-5.183,-472.077
2994.2,45.60,86.2,0.0,15.2,3,-462.269,-5.202,-470.341
2994.2,45.98,86.4,0.0,15.6,3,-463.043,-5.232,-467.706
2994.2,46.24,86.5,0.0,15.4,3,-463.535,-5.254,-465.929
2994.2,46.61,86.6,0.0,15.5,3,-464.233,-5.290,-463.233
3003.1,46.86,86.6,0.0,15.6,3,-464.670,-5.315,-461.416
3003.1,47.21,86.7,0.0,15.5,3,-465.280,-5.354,-458.661
3003.1,47.44,86.8,0.0,14.9,3,-465.654,-5.381,-456.806
3003.1,47.78,86.9,0.0,13.5,3,-466.165,-5.422,-453.997
3012.4,48.11,87.0,0.0,11.9,3,-466.611,-5.463,-451.156
3012.4,48.34,87.0,0.0,11.4,3,-466.872,-5.490,-449.245
3012.4,48.67,87.0,0.0,12.0,0,-467.207,-5.529,-446.355
3012.4,48.63,0.0,0.0,13.3,0,-467.392,-5.555,-444.418
3021.9,48.78,83.3,0.0,15.9,4,-467.609,-5.594,-441.507
3021.9,48.98,85.0,0.0,17.7,4,-467.716,-5.619,-439.555
3021.9,49.29,85.1,0.0,20.3,4,-467.822,-5.657,-436.610
3021.9,49.49,85.1,0.0,21.9,4,-467.856,-5.682,-434.635
3031.6,49.78,85.2,0.0,22.8,4,-467.853,-5.720,-431.658
3031.6,49.97,85.3,0.0,22.6,4,-467.814,-5.745,-429.664
3031.6,50.26,85.4,0.0,20.8,4,-467.695,-5.780,-426.660
3031.6,50.44,85.5,0.0,19.3,4,-467.575,-5.803,-424.651
3041.8,50.70,85.6,0.0,15.3,4,-467.332,-5.835,-421.627
3041.8,50.89,85.6,0.0,12.1,4,-467.127,-5.855,-419.606
3041.8,51.14,85.8,0.0,8.2,4,-466.753,-5.882,-416.569
3041.8,51.43,85.8,0.0,5.4,4,-466.301,-5.905,-413.526
3052.5,51.61,85.8,0.0,4.8,4,-465.958,-5.920,-411.494
3052.5,51.90,85.8,0.0,5.7,4,-465.380,-5.942,-408.444
3052.5,52.10,85.8,0.0,8.3,4,-464.957,-5.958,-406.408
3052.5,52.41,85.8,0.0,12.6,4,-464.266,-5.986,-403.351
3063.6,52.61,85.8,0.0,15.7,4,-463.770,-6.007,-401.310
3063.6,52.90,85.9,0.0,18.4,4,-462.971,-6.039,-398.248
3063.6,53.09,85.9,0.0,18.6,4,-462.402,-6.059,-396.207
3063.6,53.36,86.1,0.0,16.9,4,-461.490,-6.085,-393.147
3074.7,53.55,86.1,0.0,14.6,4,-460.843,-6.100,-391.109
3074.7,53.82,86.2,0.0,11.1,4,-459.814,-6.121,-388.058
3074.7,54.01,86.2,0.0,9.0,4,-459.089,-6.135,-386.027
3074.7,54.29,86.2,0.0,8.0,4,-457.944,-6.155,-382.988
3085.3,54.47,86.3,0.0,9.3,4,-457.142,-6.169,-380.966
3085.3,54.76,86.3,0.0,10.8,4,-455.879,-6.186,-377.943
3085.3,55.04,86.3,0.0,13.6,4,-454.548,-6.197,-374.930
3085.3,55.22,86.3,0.0,14.2,4,-453.624,-6.203,-372.929
3096.1,55.50,86.4,0.0,12.0,4,-452.188,-6.213,-369.934
3096.1,55.68,86.4,0.0,9.9,4,-451.197,-6.220,-367.944
3096.1,55.96,86.5,0.0,7.2,4,-449.662,-6.234,-364.968
3096.1,56.15,86.5,0.0,6.0,4,-448.604,-6.242,-362.991
3107.1,56.43,86.6,0.0,5.8,4,-446.969,-6.254,-360.036
3107.1,56.62,86.6,0.0,6.7,4,-445.850,-6.262,-358.072
3107.1,56.91,86.6,0.0,7.6,4,-444.128,-6.273,-355.134
3107.1,57.09,86.6,0.0,8.0,4,-442.953,-6.279,-353.181
3141.4,59.09,85.3,0.0,1.9,5,-425.100,-6.286,-327.300
3202.1,63.28,86.0,0.0,-0.1,5,-385.563,-6.010,-275.865
3214.7,63.51,86.0,0.0,-0.4,5,-383.288,-5.987,-272.817
3214.7,63.65,86.1,0.0,0.1,5,-381.768,-5.970,-270.779
3214.7,63.87,86.1,0.0,-0.2,5,-379.484,-5.944,-267.711
3214.7,64.01,86.2,0.0,-0.2,5,-377.958,-5.925,-265.658
3227.5,64.23,86.2,0.0,-0.5,5,-375.664,-5.898,-262.570
3227.5,64.38,86.2,0.0,-0.5,5,-374.132,-5.881,-260.505
3227.5,64.60,86.2,0.0,-0.1,5,-371.829,-5.854,-257.396
3227.5,64.73,86.3,0.0,0.1,5,-370.291,-5.833,-255.317
3240.4,64.95,86.3,0.0,0.2,5,-367.980,-5.799,-252.188
3240.4,65.09,86.3,0.0,0.2,5,-366.437,-5.775,-250.095
3240.4,65.30,86.3,0.0,0.4,5,-364.115,-5.739,-246.948
3253.4,65.50,86.4,0.0,0.4,5,-361.784,-5.701,-243.791
3253.4,65.64,86.4,0.0,0.4,5,-360.225,-5.674,-241.683
3253.4,65.85,86.4,0.0,0.4,5,-357.878,-5.629,-238.513
3253.4,65.98,86.4,0.0,0.4,5,-356.307,-5.599,-236.396
3266.6,66.18,86.5,0.0,0.2,5,-353.943,-5.552,-233.214
3266.6,66.32,86.5,0.0,-0.3,5,-352.360,-5.522,-231.089
3266.6,66.52,86.5,0.0,-0.1,5,-349.978,-5.480,-227.895
3266.6,66.65,86.6,0.0,-0.2,5,-348.384,-5.454,-225.762
3279.9,66.84,86.6,0.0,-0.0,5,-345.987,-5.417,-222.555
3279.9,66.97,86.7,0.0,0.3,5,-344.384,-5.390,-220.412
3279.9,67.16,86.7,0.0,0.4,5,-341.974,-5.348,-217.190
3279.9,67.30,86.7,0.0,0.4,5,-340.364,-5.320,-215.037
3293.3,67.48,86.7,0.0,0.5,5,-337.942,-5.275,-211.800
3293.3,67.61,86.7,0.0,0.3,5,-336.324,-5.244,-209.637
3293.3,67.80,86.7,0.0,-0.0,5,-333.890,-5.197,-206.385
3293.3,67.99,86.7,0.0,-0.2,5,-331.448,-5.150,-203.124
3306.8,68.12,86.7,0.0,-0.4,5,-329.817,-5.118,-200.945
3306.8,68.30,86.8,0.0,-0.7,5,-327.363,-5.068,-197.670
3306.8,68.41,86.8,0.0,-0.4,5,-325.724,-5.033,-195.483
3306.8,68.60,86.8,0.0,0.3,5,-323.262,-4.979,-192.193
3320.5,68.72,86.8,0.0,0.2,5,-321.617,-4.942,-189.994
3320.5,68.89,86.9,0.0,-0.2,5,-319.147,-4.887,-186.687
3320.5,69.01,86.9,0.0,-0.3,5,-317.497,-4.850,-184.478
3320.5,69.19,86.9,0.0,-0.2,5,-315.018,-4.795,-181.156
3334.3,69.30,86.9,0.0,-0.1,5,-313.362,-4.758,-178.936
3334.3,69.46,87.0,0.0,-0.3,5,-310.875,-4.702,-175.598
3334.3,69.58,87.0,0.0,-0.3,5,-309.215,-4.666,-173.368
3334.3,69.74,87.0,0.0,0.5,5,-306.721,-4.610,-170.015
3348.3,69.84,87.1,0.0,0.4,0,-305.056,-4.573,-167.775
3348.3,69.76,85.8,0.0,0.1,6,-302.558,-4.515,-164.414
3348.3,69.91,85.9,0.0,0.0,6,-300.058,-4.457,-161.052
3348.3,70.03,85.8,0.0,0.0,6,-298.388,-4.418,-158.806
3362.2,70.18,85.9,0.0,-0.6,6,-295.878,-4.359,-155.432
3362.2,70.29,85.9,0.0,-0.5,6,-294.201,-4.320,-153.179
3362.2,70.44,86.0,0.0,-0.4,6,-291.682,-4.259,-149.792
3362.2,70.56,85.9,0.0,-0.5,6,-290.000,-4.220,-147.528
3376.3,70.70,86.0,0.0,-0.1,6,-287.477,-4.160,-144.125
3376.3,70.81,86.0,0.0,-0.1,6,-285.792,-4.119,-141.851
3376.3,70.97,86.0,0.0,0.2,6,-283.262,-4.059,-138.433
3376.3,71.07,86.0,0.0,0.1,6,-281.573,-4.021,-136.150
3390.5,71.21,86.0,0.0,-0.2,6,-279.035,-3.962,-132.718
3390.5,71.32,86.0,0.0,-0.2,6,-277.341,-3.923,-130.427
3390.5,71.46,86.1,0.0,0.8,6,-274.795,-3.860,-126.983
3390.5,71.56,86.1,0.0,1.2,6,-273.096,-3.819,-124.682
3404.8,71.71,86.1,0.0,1.3,6,-270.541,-3.757,-121.227
3404.8,71.86,86.1,0.0,0.9,6,-267.976,-3.696,-117.768
3404.8,71.96,86.1,0.0,0.0,6,-266.259,-3.656,-115.461
3404.8,72.10,86.2,0.0,0.1,6,-263.674,-3.594,-111.998
3419.2,72.20,86.2,0.0,-0.8,6,-261.946,-3.552,-109.688
3419.2,72.33,86.2,0.0,-1.6,6,-259.347,-3.487,-106.218
3419.2,72.44,86.2,0.0,-1.9,6,-257.613,-3.443,-103.900
3419.2,72.57,86.2,0.0,-1.4,6,-255.014,-3.377,-100.412
3433.7,72.66,86.2,0.0,-1.2,6,-253.284,-3.331,-98.079
3433.7,72.80,86.2,0.0,-1.0,6,-250.694,-3.264,-94.568
3433.7,72.90,86.3,0.0,-1.0,6,-248.971,-3.221,-92.219
3433.7,73.03,86.3,0.0,-0.9,6,-246.389,-3.155,-88.684
3448.3,73.17,86.3,0.0,-0.6,6,-243.812,-3.091,-85.136
3448.3,73.26,86.3,0.0,-0.1,6,-242.096,-3.048,-82.763
3448.3,73.39,86.3,0.0,0.9,6,-239.522,-2.984,-79.196
3448.3,73.49,86.3,0.0,1.5,6,-237.805,-2.943,-76.812
3462.9,73.62,86.4,0.0,1.3,6,-235.223,-2.879,-73.234
3462.9,73.71,86.4,0.0,1.3,6,-233.495,-2.836,-70.848
3462.9,73.83,86.4,0.0,2.1,6,-230.891,-2.772,-67.270
3462.9,73.88,61.6,23.4,3.0,6,-229.146,-2.728,-64.887
3477.7,73.22,0.0,69.4,4.2,6,-226.520,-2.660,-61.333
3477.7,72.45,0.0,81.7,4.5,6,-224.776,-2.615,-58.997
3477.7,71.12,0.0,89.4,3.6,6,-222.176,-2.547,-55.560
3477.7,70.19,0.0,80.9,3.1,6,-220.455,-2.501,-53.317
3492.1,68.99,0.0,51.9,3.3,6,-217.886,-2.433,-50.025
3492.1,68.39,0.0,39.2,3.8,6,-216.174,-2.389,-47.876
3492.1,67.67,0.0,25.9,5.3,6,-213.596,-2.324,-44.711
3505.7,67.13,0.0,14.5,8.3,6,-210.997,-2.260,-41.613
3505.7,66.85,0.0,6.4,6.5,6,-209.247,-2.217,-39.583
3505.7,66.55,0.0,0.8,6.2,6,-206.594,-2.153,-36.587
3505.7,66.40,9.2,0.0,7.3,6,-204.804,-2.110,-34.622
3518.9,66.23,18.3,0.0,8.4,6,-202.084,-2.045,-31.718
3518.9,66.13,18.0,0.0,9.0,6,-200.248,-2.003,-29.811
3518.9,65.95,9.4,22.6,9.9,6,-197.460,-1.940,-26.996
3518.9,65.64,0.5,24.5,9.7,6,-195.580,-1.898,-25.153
3531.9,64.75,0.0,45.8,8.2,6,-192.744,-1.833,-22.452
3531.9,64.24,0.0,6.4,7.2,6,-190.851,-1.789,-20.699
3531.9,64.19,84.8,0.0,6.9,6,-187.986,-1.724,-18.129
3531.9,64.29,84.9,0.0,8.6,6,-186.048,-1.683,-16.443
3544.6,64.44,84.9,0.0,12.9,6,-183.097,-1.627,-13.952
3544.6,64.53,80.6,0.0,15.2,6,-181.103,-1.595,-12.316
3544.6,64.61,69.5,0.0,18.0,6,-178.072,-1.554,-9.904
3544.6,64.70,80.7,0.0,18.2,6,-174.993,-1.522,-7.545
3557.5,64.76,84.9,0.0,17.9,6,-172.913,-1.504,-6.005
3557.5,64.85,85.1,0.0,16.9,6,-169.746,-1.480,-3.749
3557.5,64.92,79.3,0.0,16.4,6,-167.603,-1.463,-2.285
3557.5,64.91,47.3,0.0,17.3,6,-164.342,-1.435,-0.155
3570.9,64.80,17.0,0.0,18.4,6,-162.140,-1.414,1.219
3570.9,64.55,5.3,0.0,20.3,6,-158.805,-1.379,3.203
3570.9,64.42,37.9,0.0,21.0,6,-156.562,-1.354,4.476
3570.9,64.39,73.0,0.0,23.5,6,-153.166,-1.321,6.318
3584.6,64.43,82.0,0.0,25.5,6,-150.879,-1.302,7.504
3584.6,64.47,64.9,0.0,27.6,6,-147.412,-1.272,9.216
3584.6,64.44,50.8,0.0,29.4,6,-145.078,-1.252,10.312
3584.6,64.30,33.6,0.0,32.7,6,-141.549,-1.220,11.881
3598.0,64.20,35.4,0.0,34.5,6,-139.180,-1.197,12.877
3598.0,64.07,44.6,0.0,37.1,6,-135.603,-1.161,14.297
3598.0,63.94,40.1,0.0,39.1,6,-132.001,-1.124,15.629
3598.0,63.85,35.0,0.0,39.9,6,-129.588,-1.100,16.469
3611.4,63.68,30.4,0.0,40.7,6,-125.951,-1.066,17.656
3611.4,63.54,28.8,0.0,40.8,6,-123.517,-1.044,18.399
3611.4,63.34,28.7,0.0,39.9,6,-119.854,-1.012,19.434
3611.4,63.19,15.8,0.0,39.7,6,-117.405,-0.990,20.072
3624.2,62.92,12.9,0.0,40.1,6,-113.725,-0.959,20.953
3624.2,62.73,12.8,0.0,40.0,6,-111.269,-0.938,21.486
3624.2,62.44,12.8,0.0,40.3,6,-107.583,-0.904,22.203
3624.2,62.26,12.7,0.0,41.0,6,-105.125,-0.880,22.628
3636.5,62.00,33.0,0.0,42.4,0,-101.439,-0.845,23.188
3636.5,61.81,2.0,0.0,42.5,5,-98.983,-0.821,23.510
3636.5,61.50,14.9,0.0,41.0,5,-95.306,-0.783,23.911
3636.5,61.33,14.9,0.0,39.6,5,-92.858,-0.756,24.126
3648.5,61.09,14.8,0.0,38.0,5,-89.194,-0.714,24.371
3648.5,60.93,24.5,0.0,35.8,5,-86.756,-0.686,24.483
3648.5,60.78,38.5,0.0,31.3,5,-83.106,-0.644,24.576
3648.5,60.70,51.9,0.0,28.4,5,-79.462,-0.601,24.578
3660.4,60.70,63.7,0.0,26.6,5,-77.035,-0.572,24.528
3660.4,60.74,77.0,0.0,25.0,5,-73.396,-0.526,24.380
3660.4,60.85,85.0,0.0,20.4,5,-70.969,-0.497,24.233
3660.4,61.00,85.8,0.0,17.8,5,-67.326,-0.452,23.944
3672.5,61.09,85.8,0.0,16.3,5,-64.897,-0.423,23.704
3672.5,61.25,85.8,0.0,11.2,5,-61.252,-0.378,23.273
3672.5,61.39,85.7,0.0,7.9,5,-58.823,-0.344,22.938
3672.5,61.53,85.8,0.0,4.0,5,-55.182,-0.284,22.366
3684.7,61.75,85.9,0.0,0.9,5,-51.539,-0.233,21.735
3684.7,61.88,86.0,0.0,-1.0,5,-49.109,-0.203,21.285
3684.7,62.10,85.9,0.0,-2.9,5,-45.460,-0.164,20.570
3684.7,62.25,85.9,0.0,-3.5,5,-43.023,-0.139,20.072
3697.0,62.48,85.9,0.0,-3.5,5,-39.360,-0.099,19.312
3697.0,62.63,84.9,0.0,-3.8,5,-36.910,-0.073,18.808
3697.0,62.85,85.8,0.0,-3.5,5,-33.219,-0.036,18.071
3697.0,62.99,86.0,0.0,-4.6,5,-30.748,-0.012,17.594
3709.5,63.20,86.1,0.0,-4.8,5,-27.027,0.020,16.902
3709.5,63.32,86.2,0.0,-5.2,5,-24.536,0.039,16.457
3709.5,63.54,86.1,0.0,-6.1,5,-20.783,0.063,15.818
3709.5,63.71,86.0,0.0,-6.1,5,-18.271,0.077,15.412
3722.2,63.88,86.2,0.0,-6.7,5,-14.487,0.099,14.840
3722.2,64.03,86.1,0.0,-7.2,5,-11.954,0.115,14.484
3722.2,64.23,86.2,0.0,-7.5,5,-8.139,0.139,13.994
3722.2,64.34,86.3,0.0,-7.8,5,-5.585,0.156,13.697
3735.2,64.52,86.4,0.0,-7.6,5,-1.739,0.183,13.300
3735.2,64.71,86.3,0.0,-8.4,5,2.124,0.213,12.966
3735.2,64.85,86.3,0.0,-10.9,5,4.708,0.236,12.780
3748.3,65.02,86.3,0.0,-13.3,5,8.597,0.274,12.558
3748.3,65.10,86.5,0.0,-14.1,5,11.196,0.301,12.449
3748.3,65.27,86.4,0.0,-13.3,5,15.106,0.345,12.348
3748.3,65.38,86.4,0.0,-13.2,5,17.719,0.377,12.326
3761.8,65.52,86.5,0.0,-12.9,5,21.645,0.429,12.361
3761.8,65.59,86.6,0.0,-12.3,5,24.266,0.466,12.433
3761.8,65.73,86.6,0.0,-10.5,5,28.201,0.529,12.614
3761.8,65.83,86.6,0.0,-9.4,5,30.826,0.571,12.781
3775.5,65.98,86.6,0.0,-10.7,5,34.768,0.628,13.094
3775.5,66.09,86.6,0.0,-12.8,5,37.397,0.661,13.343
3775.5,66.21,86.6,0.0,-15.6,5,41.340,0.712,13.790
3775.5,66.32,86.6,0.0,-18.2,5,45.279,0.766,14.326
3789.0,66.44,86.6,0.0,-19.6,5,47.903,0.802,14.729
3789.0,66.54,86.6,0.0,-20.3,5,51.834,0.857,15.405
3789.0,66.60,86.7,0.0,-20.3,5,54.450,0.894,15.903
3789.0,66.72,86.7,0.0,-18.2,5,58.365,0.950,16.721
3802.8,66.77,86.8,0.0,-16.3,5,60.967,0.988,17.317
3802.8,66.86,86.9,0.0,-13.6,5,64.858,1.046,18.283
3802.8,66.94,86.7,0.0,-11.1,5,67.442,1.085,18.977
3802.8,67.01,86.8,0.0,-8.2,5,71.301,1.143,20.093
3816.6,67.06,87.0,0.0,-6.2,5,73.863,1.181,20.884
3816.6,67.14,86.9,0.0,-3.0,5,77.686,1.238,22.146
3816.6,67.20,86.9,0.0,-2.3,5,80.219,1.277,23.038
3816.6,67.27,86.8,0.0,-2.1,5,83.997,1.335,24.449
3830.4,67.32,87.0,0.0,-2.5,5,86.501,1.373,25.437
3830.4,67.41,86.9,0.0,-4.2,5,90.230,1.432,26.995
3830.4,67.54,86.8,0.0,-8.5,5,93.929,1.490,28.640
3830.4,67.62,86.8,0.0,-11.7,5,96.377,1.529,29.785
3843.9,67.75,86.8,0.0,-16.2,5,100.024,1.590,31.570
3843.9,67.84,86.8,0.0,-17.8,5,102.439,1.632,32.802
3843.9,67.96,86.8,0.0,-17.3,5,106.037,1.695,34.711
3843.9,68.04,86.8,0.0,-15.2,5,108.418,1.737,36.024
3857.5,68.15,86.9,0.0,-11.8,5,111.962,1.800,38.056
3857.5,68.23,86.9,0.0,-9.8,5,114.304,1.842,39.453
3857.5,68.34,86.9,0.0,-7.4,5,117.784,1.905,41.614
3857.5,68.43,86.9,0.0,-6.9,5,120.082,1.946,43.096
3871.1,68.56,86.9,0.0,-8.1,5,123.500,2.006,45.378
3871.1,68.65,86.9,0.0,-9.4,5,125.758,2.044,46.937
3871.1,68.80,86.9,0.0,-10.4,5,129.116,2.100,49.328
3871.1,68.89,86.9,0.0,-10.9,5,131.336,2.136,50.957
3884.8,69.02,86.9,0.0,-10.2,5,134.638,2.187,53.449
3884.8,69.16,86.9,0.0,-9.0,5,137.905,2.234,56.001
3884.8,69.25,87.0,0.0,-8.9,5,140.061,2.264,57.736
3884.8,69.39,87.0,0.0,-8.7,5,143.265,2.304,60.387
3898.6,69.48,87.0,0.0,-8.7,5,145.380,2.327,62.186
3898.6,69.61,87.0,0.0,-7.4,5,148.521,2.354,64.933
3898.6,69.62,0.0,0.0,-5.7,0,150.592,2.369,66.795
3898.6,69.56,85.8,0.0,-3.3,6,153.656,2.390,69.629
3912.5,69.67,85.8,0.0,-2.1,6,155.676,2.401,71.545
3912.5,69.82,85.8,0.0,-1.6,6,158.679,2.417,74.459
3912.5,69.91,76.7,0.0,-1.8,6,160.665,2.428,76.424
3912.5,69.70,1.7,36.5,-1.7,6,163.624,2.444,79.393
3926.5,69.19,0.0,65.6,-1.1,6,165.576,2.454,81.373
3926.5,68.07,0.0,82.3,0.0,6,168.460,2.473,84.317
3926.5,67.22,0.0,87.2,0.6,6,170.350,2.486,86.255
3926.5,65.87,0.0,89.5,0.9,6,173.135,2.507,89.120
3939.9,64.50,0.0,90.6,0.7,0,175.862,2.529,91.927
3939.9,63.59,39.3,91.3,0.5,0,177.648,2.543,93.766
3939.9,62.20,0.0,91.3,0.4,5,180.282,2.563,96.474
3939.9,61.30,0.0,90.8,0.4,5,182.008,2.576,98.244
3952.5,59.93,0.0,90.8,0.8,5,184.553,2.597,100.845
3952.5,59.04,0.0,91.5,0.9,5,186.220,2.609,102.545
3952.5,57.67,0.0,91.2,0.7,5,188.678,2.627,105.043
3952.5,56.78,0.0,91.6,0.2,5,190.287,2.637,106.673
3964.2,55.41,0.0,90.6,-0.4,5,192.660,2.651,109.064
3964.2,54.51,0.0,89.9,0.1,0,194.214,2.662,110.621
3964.2,53.20,0.0,91.7,0.2,4,196.506,2.679,112.902
3964.2,52.29,0.0,90.9,1.1,4,198.008,2.690,114.387
3975.0,50.95,0.0,90.5,1.5,4,200.221,2.711,116.557
3975.0,50.06,0.0,89.8,1.8,4,201.671,2.726,117.966
3975.0,48.74,0.0,90.2,2.0,4,203.810,2.751,120.022
3984.9,47.44,0.0,90.1,1.7,4,205.905,2.776,122.010
3984.9,46.56,0.0,89.6,1.9,4,207.276,2.793,123.297
3984.9,44.85,38.8,88.1,2.5,0,209.962,2.826,125.783
3984.9,44.03,0.0,86.9,1.9,3,211.278,2.841,126.980
3993.9,42.78,0.0,83.5,2.5,3,213.216,2.863,128.722
3993.9,41.97,0.0,81.0,2.8,3,214.487,2.876,129.847
3993.9,40.81,0.0,78.2,2.4,3,216.362,2.894,131.478
3993.9,40.06,0.0,70.5,1.8,3,217.593,2.904,132.529
4002.1,39.04,0.0,55.2,0.3,3,219.416,2.917,134.050
4002.1,38.44,0.0,48.4,-0.9,3,220.620,2.924,135.027
4002.1,37.66,0.0,41.0,-1.4,3,222.416,2.931,136.438
4002.1,37.20,0.0,37.6,-0.4,3,223.610,2.935,137.343
4009.7,36.55,0.0,34.7,2.9,3,225.397,2.939,138.648
4009.7,36.16,0.0,33.3,6.9,0,226.587,2.940,139.485
4009.7,35.64,0.0,33.5,12.5,2,228.371,2.941,140.695
4009.7,35.06,0.0,32.2,14.6,2,230.150,2.939,141.851
4016.8,34.68,0.0,31.6,15.2,2,231.333,2.937,142.592
4016.8,34.12,0.0,31.3,15.7,2,233.102,2.932,143.657
4016.8,33.75,0.0,29.7,15.7,2,234.278,2.927,144.336
4016.8,33.23,0.0,28.1,15.4,2,236.039,2.920,145.306
4023.5,32.89,0.0,27.6,15.6,2,237.211,2.914,145.921
4023.5,32.41,0.0,20.5,16.3,2,238.965,2.905,146.794
4023.5,32.13,0.0,15.9,16.5,2,240.133,2.899,147.343
4023.5,31.80,0.0,11.6,18.1,2,241.888,2.889,148.119
4029.7,31.61,0.0,9.4,19.9,2,243.059,2.882,148.605
4029.7,31.36,0.0,5.9,23.0,2,244.821,2.872,149.287
4029.7,31.21,0.0,4.3,24.8,2,245.999,2.865,149.711
4029.7,31.01,0.0,2.9,27.0,2,247.771,2.855,150.299
4035.7,30.89,0.0,1.8,28.0,2,248.955,2.848,150.658
4035.7,30.72,0.0,0.4,29.4,2,250.737,2.838,151.149
4035.7,30.61,0.3,1.7,27.3,2,251.928,2.830,151.444
4035.7,30.44,0.0,0.4,28.3,2,253.718,2.818,151.835
4041.7,30.28,2.3,0.0,28.9,2,255.510,2.805,152.164
4041.7,30.19,3.9,0.0,28.1,2,256.705,2.797,152.348
4041.7,30.04,1.3,0.0,25.8,2,258.498,2.785,152.570
4041.7,29.95,4.1,0.0,27.6,2,259.693,2.778,152.684
4047.8,29.82,3.4,0.0,31.3,2,261.482,2.768,152.804
4047.8,29.73,5.0,0.0,33.5,2,262.672,2.761,152.848
4047.8,29.61,7.7,0.0,35.7,2,264.453,2.753,152.861
4047.8,29.53,4.8,0.0,36.9,2,265.635,2.748,152.834
4055.0,29.40,9.3,0.0,38.0,2,267.400,2.742,152.736
4055.0,29.33,7.3,0.0,38.6,2,268.571,2.740,152.633
4055.0,29.19,5.6,0.0,40.8,2,270.314,2.738,152.424
4055.0,29.11,8.6,0.0,43.3,2,271.467,2.737,152.248
4061.9,28.97,5.4,0.0,47.0,2,273.180,2.738,151.929
4061.9,28.88,10.9,0.0,49.2,2,274.310,2.739,151.680
4061.9,28.74,12.8,0.0,50.3,2,275.984,2.744,151.251
4070.0,28.61,11.4,0.0,53.0,2,277.632,2.752,150.754
4070.0,28.57,14.9,0.0,57.0,2,278.715,2.759,150.387
4070.0,28.46,14.4,0.0,63.7,2,280.315,2.771,149.784
4070.0,28.37,17.8,0.0,68.4,2,281.364,2.781,149.346
4076.9,28.25,18.5,0.0,74.1,2,282.906,2.799,148.636
4076.9,28.16,13.5,0.0,74.4,2,283.913,2.815,148.127
4076.9,28.01,12.3,0.0,74.3,2,285.388,2.842,147.311
4076.9,27.92,12.2,0.0,74.8,2,286.347,2.862,146.736
4083.4,27.77,11.9,0.0,75.0,2,287.749,2.892,145.829
4083.4,27.67,11.8,0.0,74.9,2,288.660,2.913,145.196
4083.4,27.52,11.9,0.0,73.6,2,289.988,2.944,144.207
4083.4,27.43,12.5,0.0,71.6,2,290.847,2.965,143.521
4089.9,27.30,14.0,0.0,67.5,2,292.094,2.998,142.454
4089.9,27.23,15.9,0.0,64.1,2,292.898,3.022,141.717
4089.9,27.15,21.4,0.0,58.1,2,294.064,3.057,140.576
4089.9,27.14,33.4,0.0,50.5,2,295.182,3.093,139.393
4095.2,27.22,48.2,0.0,44.4,2,295.902,3.116,138.579
4095.2,27.47,57.0,0.0,33.6,2,296.951,3.150,137.319
4095.2,27.61,48.8,0.0,25.8,2,297.629,3.172,136.452
4095.2,27.84,51.3,0.0,15.7,2,298.615,3.202,135.113
4100.5,28.02,57.4,0.0,10.6,2,299.251,3.221,134.196
4100.5,28.34,64.8,0.0,6.5,2,300.179,3.249,132.784
4100.5,28.59,71.3,0.0,6.3,2,300.781,3.266,131.819
4100.5,29.04,76.6,0.0,9.0,2,301.664,3.291,130.334
4106.0,29.34,76.2,0.0,11.2,2,302.241,3.306,129.319
4106.0,29.78,75.0,0.0,13.8,2,303.087,3.327,127.761
4106.0,30.08,75.4,0.0,14.9,2,303.639,3.340,126.700
4106.0,30.52,74.5,0.0,15.8,2,304.448,3.359,125.073
4111.8,30.94,71.8,0.0,15.2,2,305.233,3.375,123.406
4111.8,31.22,71.0,0.0,15.1,2,305.739,3.386,122.271
4111.8,31.63,70.2,0.0,15.5,2,306.473,3.401,120.535
4111.8,31.89,69.7,0.0,16.0,2,306.944,3.411,119.356
4118.1,32.29,70.7,0.0,16.5,2,307.621,3.425,117.555
4118.1,32.56,72.0,0.0,16.7,2,308.053,3.434,116.332
4118.1,32.97,72.1,0.0,17.4,2,308.667,3.446,114.466
4118.1,33.26,79.3,0.0,17.1,2,309.055,3.453,113.200
4124.6,33.72,77.8,0.0,15.1,2,309.601,3.466,111.267
4124.6,34.01,68.1,0.0,13.2,2,309.941,3.474,109.957
4124.6,34.42,80.9,0.0,11.8,2,310.411,3.487,107.960
4124.6,34.73,74.6,0.0,11.2,2,310.699,3.497,106.607
4131.5,35.17,79.5,0.0,11.3,2,311.090,3.512,104.548
4131.5,35.47,84.5,0.0,11.3,2,311.323,3.523,103.156
4131.5,35.91,67.5,0.0,13.6,2,311.630,3.542,101.037
4131.5,36.07,19.9,0.4,13.6,2,311.880,3.563,98.891
4138.6,35.97,1.7,6.5,12.3,2,312.013,3.578,97.456
4138.6,35.65,0.0,27.5,9.6,2,312.164,3.602,95.311
4138.6,35.29,0.0,37.7,7.6,2,312.236,3.619,93.893
4138.6,34.63,0.0,49.5,4.6,2,312.308,3.648,91.795
4145.5,34.09,0.0,58.5,3.2,2,312.337,3.668,90.420
4145.5,33.18,0.0,66.9,1.4,2,312.361,3.701,88.399
4145.5,32.52,0.0,70.0,-0.9,2,312.366,3.724,87.084
4145.5,31.48,0.0,72.5,-5.3,2,312.367,3.758,85.162
4151.8,30.79,0.0,73.1,-7.5,2,312.367,3.781,83.916
4151.8,29.74,0.0,72.4,-10.2,2,312.371,3.814,82.098
4151.8,29.06,0.0,61.5,-11.8,0,312.380,3.836,80.922
4151.8,28.23,0.0,46.0,-13.4,1,312.409,3.868,79.203
4157.5,27.73,0.0,37.3,-14.3,1,312.440,3.888,78.084
4157.5,27.13,0.0,26.7,-16.3,1,312.511,3.916,76.439
4157.5,26.66,0.0,20.0,-19.1,1,312.614,3.942,74.828
4157.5,26.39,0.0,17.0,-21.3,1,312.702,3.958,73.771
4162.7,26.03,0.0,14.0,-24.8,1,312.866,3.979,72.206
4162.7,25.81,0.0,11.4,-26.2,1,312.997,3.993,71.178
4162.7,25.52,0.0,10.0,-27.2,1,313.228,4.012,69.655
4162.7,25.33,0.0,9.8,-28.1,1,313.405,4.024,68.654
4167.7,25.05,0.0,9.6,-29.2,1,313.706,4.041,67.172
4167.7,24.87,0.0,8.3,-29.8,1,313.931,4.051,66.199
4167.7,24.61,0.0,8.3,-30.4,1,314.304,4.065,64.762
4167.7,24.44,0.0,8.7,-31.6,1,314.577,4.073,63.819
4172.6,24.18,0.0,9.3,-33.6,1,315.021,4.083,62.429
4172.6,24.00,0.0,7.3,-34.3,1,315.342,4.089,61.520
4172.6,23.77,0.0,5.7,-34.2,1,315.858,4.097,60.183
4172.6,23.62,0.0,5.2,-34.7,1,316.226,4.101,59.309
4177.4,23.41,0.0,5.0,-36.0,1,316.814,4.105,58.027
4177.4,23.26,0.0,3.5,-37.0,1,317.230,4.107,57.191
4177.4,23.08,0.0,2.2,-37.3,1,317.888,4.109,55.966
4181.9,22.91,0.0,2.7,-37.9,1,318.588,4.109,54.777
4181.9,22.79,0.0,3.4,-38.4,1,319.077,4.107,54.004
4181.9,22.60,0.0,4.3,-38.9,1,319.843,4.105,52.878
4181.9,22.48,0.0,2.0,-39.8,1,320.374,4.101,52.149
4186.1,22.31,0.0,3.0,-39.3,1,321.201,4.095,51.089
4186.1,22.19,0.0,4.1,-39.4,1,321.771,4.091,50.406
4186.1,22.00,0.0,6.1,-39.6,1,322.654,4.084,49.416
4186.1,21.85,0.0,7.4,-40.1,1,323.259,4.078,48.780
4190.1,21.65,0.0,3.2,-40.3,1,324.191,4.070,47.866
4190.1,21.53,0.0,3.8,-40.0,1,324.827,4.064,47.282
4190.1,21.35,0.0,4.5,-41.6,1,325.802,4.054,46.443
4190.1,21.23,0.0,5.1,-43.5,1,326.466,4.047,45.910
4194.1,21.03,0.0,3.3,-46.5,1,327.481,4.036,45.149
4194.1,20.88,9.7,0.0,-51.1,1,328.517,4.023,44.438
4194.1,20.89,25.1,0.0,-53.3,1,329.222,4.014,43.991
4194.1,21.02,39.3,0.0,-55.8,1,330.307,4.001,43.357
4198.1,21.16,45.3,0.0,-57.4,1,331.050,3.992,42.958
4198.1,21.44,62.3,0.0,-59.8,1,332.195,3.977,42.393
4198.1,21.66,50.8,0.0,-60.1,1,332.981,3.966,42.040
4198.1,21.80,29.9,0.0,-56.5,1,334.190,3.951,41.551
4202.6,21.86,22.4,0.0,-52.1,1,335.012,3.940,41.258
4202.6,21.97,38.7,0.0,-45.5,1,336.266,3.924,40.866
4202.6,22.09,40.5,0.0,-41.9,1,337.117,3.914,40.638
4202.6,22.32,42.2,0.0,-40.0,1,338.415,3.899,40.345
4207.3,22.49,42.9,0.0,-40.3,1,339.296,3.890,40.180
4207.3,22.76,50.8,0.0,-42.4,1,340.638,3.877,39.982
4207.3,22.97,53.2,0.0,-44.5,1,341.546,3.868,39.881
4207.3,23.31,52.3,0.0,-48.0,1,342.930,3.855,39.775
4212.5,23.60,51.9,0.0,-51.9,1,344.335,3.843,39.727
4212.5,23.80,51.5,0.0,-54.0,1,345.283,3.835,39.726
4212.5,24.11,48.9,0.0,-56.5,1,346.719,3.824,39.774
4212.5,24.29,49.7,0.0,-58.2,1,347.684,3.817,39.841
4218.1,24.50,36.3,0.0,-63.3,1,349.140,3.807,39.991
4218.1,24.57,30.4,0.0,-65.3,1,350.112,3.801,40.126
4218.1,24.62,27.0,0.0,-67.5,1,351.565,3.794,40.383
4218.1,24.65,26.4,0.0,-69.3,1,352.529,3.789,40.588
4225.0,24.66,24.3,0.0,-69.7,1,353.964,3.784,40.949
4225.0,24.67,24.1,0.0,-67.8,1,354.911,3.781,41.223
4225.0,24.70,28.1,0.0,-64.1,1,356.318,3.778,41.685
4225.0,24.85,45.0,0.0,-58.4,1,357.708,3.776,42.207
4230.7,24.99,43.0,0.0,-53.8,1,358.629,3.775,42.589
4230.7,25.33,71.4,0.0,-45.2,1,360.001,3.776,43.213
4230.7,25.64,60.6,0.0,-38.5,1,360.915,3.778,43.663
4230.7,26.03,62.6,0.0,-30.0,1,362.283,3.782,44.391
4236.3,26.33,60.4,0.0,-24.1,1,363.191,3.786,44.911
4236.3,26.79,66.8,0.0,-17.9,1,364.550,3.795,45.741
4236.3,27.11,66.7,0.0,-16.2,1,365.454,3.802,46.326
4236.3,27.58,64.2,0.0,-16.1,1,366.809,3.814,47.251
4241.8,27.90,63.1,0.0,-17.3,1,367.710,3.822,47.897
4241.8,28.33,63.2,0.0,-24.2,1,369.058,3.835,48.909
4241.8,28.77,64.7,0.0,-22.5,1,370.400,3.848,49.972
4241.8,29.07,66.0,0.0,-22.2,1,371.290,3.856,50.709
4247.4,29.55,69.6,0.0,-25.7,1,372.619,3.868,51.860
4247.4,29.86,74.3,0.0,-29.3,1,373.499,3.876,52.657
4247.4,30.37,76.1,0.0,-23.8,1,374.809,3.887,53.900
4247.4,30.70,70.4,0.0,-21.6,1,375.674,3.894,54.761
4253.0,31.16,70.5,0.0,-27.7,1,376.957,3.904,56.100
4253.0,31.45,73.4,0.0,-29.3,1,377.799,3.911,57.026
4253.0,31.85,66.2,0.0,-29.7,1,379.039,3.921,58.465
4253.0,32.07,60.0,0.0,-29.9,1,379.847,3.927,59.455
4259.0,32.39,62.0,0.0,-27.0,1,381.027,3.935,60.986
4259.0,32.59,62.0,0.0,-23.2,0,381.791,3.939,62.037
4259.0,32.55,70.4,0.0,-23.1,2,382.896,3.944,63.650
4259.0,32.75,64.8,0.0,-22.1,2,383.601,3.947,64.748
4265.2,33.03,60.0,0.0,-13.4,2,384.621,3.950,66.436
4265.2,33.40,72.7,0.0,-13.2,2,385.595,3.953,68.173
4265.2,33.67,73.5,0.0,-13.1,2,386.221,3.955,69.359
4271.7,34.12,84.8,0.0,-9.7,2,387.126,3.958,71.179
4271.7,34.48,85.3,0.0,-9.9,2,387.711,3.959,72.419
4271.7,34.96,85.0,0.0,-6.9,2,388.563,3.962,74.319
4271.7,35.25,63.4,0.0,-4.8,2,389.114,3.963,75.609
4278.6,35.65,83.7,0.0,-3.6,2,389.920,3.963,77.578
4278.6,36.06,85.5,0.0,-3.3,2,390.444,3.962,78.912
4278.6,36.53,85.9,0.0,-4.4,2,391.216,3.960,80.947
4278.6,36.85,85.1,0.0,-5.5,2,391.722,3.959,82.324
4285.7,37.29,85.2,0.0,-7.1,2,392.468,3.953,84.418
4285.7,37.61,79.7,0.0,-6.5,2,392.958,3.946,85.834
4285.7,38.14,85.8,0.0,-3.4,2,393.678,3.935,87.988
4285.7,38.46,86.2,0.0,-2.4,2,394.145,3.930,89.446
4293.3,38.96,86.3,0.0,-3.3,2,394.829,3.927,91.664
4293.3,39.37,86.7,0.0,-4.3,2,395.495,3.922,93.914
4293.3,39.70,86.7,0.0,-5.4,2,395.930,3.920,95.434
4293.3,40.16,86.9,0.0,-6.8,2,396.569,3.916,97.741
4301.0,40.34,0.0,0.0,-6.0,0,396.987,3.916,99.296
4301.0,40.48,85.2,0.0,-4.7,3,397.596,3.914,101.639
4301.0,40.79,85.2,0.0,-3.6,3,397.995,3.911,103.214
4301.0,41.22,85.3,0.0,-4.1,3,398.583,3.909,105.601
4309.1,41.55,85.2,0.0,-5.7,3,398.969,3.907,107.210
4309.1,41.96,85.5,0.0,-5.6,3,399.538,3.907,109.649
4309.1,42.23,85.6,0.0,-4.9,3,399.912,3.905,111.291
4309.1,42.73,85.4,0.0,-4.0,3,400.462,3.899,113.780
4317.3,43.02,85.5,0.0,-4.0,3,400.821,3.895,115.456
4317.3,43.44,85.6,0.0,-4.5,3,401.344,3.890,117.996
4317.3,43.73,85.7,0.0,-5.2,3,401.684,3.888,119.705
4317.3,44.15,85.8,0.0,-6.1,3,402.179,3.886,122.294
4325.9,44.58,85.9,0.0,-6.7,3,402.653,3.884,124.912
4325.9,44.85,86.0,0.0,-6.9,3,402.957,3.881,126.674
4325.9,45.28,86.1,0.0,-6.7,3,403.391,3.878,129.342
4325.9,45.54,86.2,0.0,-6.5,3,403.665,3.875,131.137
4334.8,45.95,86.3,0.0,-7.0,3,404.051,3.869,133.854
4334.8,46.22,86.4,0.0,-7.0,3,404.290,3.866,135.681
4334.8,46.62,86.4,0.0,-7.6,3,404.622,3.860,138.446
4334.8,46.89,86.5,0.0,-7.4,3,404.823,3.857,140.305
4344.0,47.29,86.6,0.0,-8.1,3,405.097,3.852,143.116
4344.0,47.54,86.7,0.0,-9.2,3,405.260,3.848,145.005
4344.0,47.92,86.7,0.0,-9.9,3,405.470,3.841,147.860
4344.0,48.17,86.8,0.0,-9.7,3,405.587,3.837,149.778
4353.4,48.54,86.8,0.0,-10.2,3,405.723,3.831,152.676
4353.4,48.78,86.9,0.0,-10.6,3,405.787,3.827,154.620
4353.4,49.14,87.0,0.0,-11.2,3,405.841,3.821,157.557
4353.4,49.37,0.0,0.0,-10.9,0,405.842,3.814,160.514
4363.1,49.33,85.0,0.0,-10.6,4,405.811,3.809,162.487
4363.1,49.65,85.1,0.0,-10.6,4,405.715,3.802,165.455
4363.1,49.86,85.2,0.0,-11.1,4,405.619,3.797,167.442
4363.1,50.16,85.3,0.0,-11.7,4,405.426,3.789,170.436
4372.9,50.38,85.3,0.0,-12.3,4,405.263,3.784,172.440
4372.9,50.69,85.4,0.0,-13.2,4,404.967,3.776,175.457
4372.9,50.89,85.4,0.0,-13.5,4,404.735,3.771,177.475
4372.9,51.20,85.5,0.0,-14.2,4,404.334,3.762,180.510
4382.9,51.40,85.6,0.0,-15.0,4,404.030,3.757,182.539
4382.9,51.69,85.6,0.0,-15.8,4,403.518,3.749,185.588
4382.9,51.89,85.7,0.0,-16.0,4,403.140,3.743,187.625
4382.9,52.16,85.8,0.0,-15.7,4,402.514,3.735,190.682
4393.2,52.36,85.8,0.0,-14.8,4,402.056,3.730,192.721
4393.2,52.63,85.9,0.0,-15.0,4,401.308,3.722,195.780
4393.2,52.90,86.0,0.0,-13.9,4,400.488,3.715,198.838
4393.2,53.08,86.0,0.0,-12.7,4,399.898,3.711,200.873
4403.9,53.35,86.1,0.0,-12.4,4,398.947,3.708,203.921
4403.9,53.53,86.1,0.0,-13.2,4,398.271,3.706,205.949
4403.9,53.80,86.1,0.0,-14.2,4,397.196,3.704,208.984
4403.9,53.99,86.1,0.0,-14.8,4,396.438,3.703,211.001
4415.4,54.25,86.2,0.0,-15.7,4,395.235,3.704,214.017
4415.4,54.42,86.3,0.0,-15.9,4,394.392,3.707,216.020
4415.4,54.69,86.3,0.0,-16.3,4,393.068,3.713,219.013
4415.4,54.86,86.3,0.0,-16.0,4,392.145,3.717,220.999
4427.0,55.12,86.4,0.0,-15.6,4,390.701,3.725,223.966
4427.0,55.29,86.4,0.0,-14.7,4,389.698,3.731,225.933
4427.0,55.54,86.5,0.0,-13.9,4,388.136,3.740,228.868
4427.0,55.72,86.5,0.0,-13.0,4,387.058,3.744,230.814
4438.3,55.99,86.5,0.0,-14.0,4,385.385,3.746,233.717
4438.3,56.24,86.6,0.0,-12.9,4,383.644,3.746,236.598
4438.3,56.40,86.6,0.0,-12.9,4,382.445,3.746,238.505
4449.4,56.65,86.6,0.0,-13.3,4,380.586,3.748,241.341
4449.4,56.81,86.7,0.0,-13.7,4,379.308,3.750,243.215
4449.4,57.06,86.7,0.0,-14.0,4,377.332,3.756,246.001
4449.4,57.22,86.7,0.0,-14.4,4,375.977,3.762,247.841
4460.6,57.46,86.8,0.0,-14.6,4,373.890,3.771,250.576
4460.6,57.62,86.8,0.0,-14.0,4,372.463,3.777,252.382
4460.6,57.87,86.8,0.0,-12.4,4,370.270,3.787,255.063
4460.6,58.02,86.9,0.0,-10.5,4,368.772,3.794,256.831
4472.0,58.27,86.9,0.0,-7.7,4,366.475,3.805,259.457
4472.0,58.43,86.9,0.0,-6.4,4,364.911,3.811,261.189
4472.0,58.69,87.0,0.0,-5.0,4,362.522,3.818,263.765
4472.0,58.87,86.9,0.0,-4.5,4,360.901,3.822,265.468
4483.7,59.13,87.0,0.0,-4.7,4,358.431,3.827,268.003
4483.7,59.38,87.1,0.0,-5.5,0,355.921,3.827,270.521
4483.7,59.34,0.0,0.0,-5.4,0,354.228,3.826,272.187
4483.7,59.48,85.3,0.0,-4.9,5,351.666,3.826,274.662
4495.5,59.63,85.3,0.0,-5.0,5,349.937,3.828,276.302
4495.5,59.88,85.5,0.0,-5.1,5,347.312,3.835,278.743
4495.5,60.04,85.4,0.0,-5.2,5,345.542,3.840,280.361
4495.5,60.24,85.4,0.0,-2.8,5,342.856,3.847,282.768
4507.5,60.39,85.5,0.0,-1.9,5,341.045,3.849,284.363
4507.5,60.62,85.6,0.0,-0.6,5,338.300,3.849,286.738
4507.5,60.78,85.6,0.0,-0.1,5,336.453,3.849,288.313
4507.5,60.98,85.7,0.0,0.7,5,333.658,3.847,290.665
4519.7,61.16,85.7,0.0,0.6,5,331.783,3.845,292.230
4519.7,61.40,85.7,0.0,0.0,5,328.955,3.843,294.579
4519.7,61.56,85.7,0.0,-0.0,5,327.062,3.842,296.149
4519.7,61.79,85.8,0.0,0.3,5,324.215,3.840,298.511
4531.9,62.02,85.8,0.0,0.7,5,321.359,3.839,300.885
4531.9,62.18,85.8,0.0,0.9,5,319.450,3.838,302.475
4531.9,62.41,85.8,0.0,1.0,5,316.582,3.838,304.871
4531.9,62.57,85.9,0.0,1.0,5,314.667,3.841,306.477
4544.4,62.80,85.9,0.0,0.9,5,311.789,3.847,308.897
4544.4,62.95,86.0,0.0,0.9,5,309.868,3.852,310.519
4544.4,63.18,86.0,0.0,0.9,5,306.982,3.857,312.966
4544.4,63.33,86.0,0.0,1.0,5,305.055,3.861,314.606
4557.0,63.56,86.0,0.0,1.0,5,302.161,3.869,317.079
4557.0,63.70,86.1,0.0,0.3,5,300.230,3.874,318.736
4557.0,63.93,86.1,0.0,-0.8,5,297.328,3.880,321.234
4557.0,64.08,86.1,0.0,-0.8,5,295.390,3.883,322.906
4569.7,64.30,86.2,0.0,-0.4,5,292.473,3.886,325.421
4569.7,64.53,86.2,0.0,0.6,5,289.544,3.882,327.943
4569.7,64.68,86.2,0.0,1.2,5,287.586,3.878,329.628
4569.7,64.89,86.3,0.0,1.3,5,284.639,3.871,332.163
4582.6,65.03,86.3,0.0,1.0,5,282.671,3.866,333.859
4582.6,65.24,86.3,0.0,0.5,5,279.715,3.857,336.415
4582.6,65.38,86.4,0.0,0.3,5,277.742,3.854,338.126
4582.6,65.58,86.5,0.0,0.3,5,274.778,3.854,340.705
4595.7,65.74,86.4,0.0,0.2,5,272.799,3.854,342.432
4595.7,65.95,86.4,0.0,0.2,5,269.825,3.856,345.032
4595.7,66.08,86.5,0.0,0.2,5,267.839,3.858,346.771
4595.7,66.29,86.5,0.0,0.0,5,264.853,3.863,349.389
4608.9,66.42,86.5,0.0,-0.2,5,262.859,3.870,351.140
4608.9,66.62,86.6,0.0,-0.1,5,259.860,3.883,353.773
4608.9,66.83,86.6,0.0,0.1,5,256.851,3.898,356.414
4608.9,66.96,86.6,0.0,0.3,5,254.841,3.907,358.179
4622.3,67.16,86.6,0.0,0.2,5,251.817,3.920,360.833
4622.3,67.29,86.6,0.0,0.1,5,249.797,3.932,362.607
4622.3,67.48,86.7,0.0,0.3,5,246.760,3.949,365.275
4622.3,67.62,86.7,0.0,0.5,5,244.731,3.957,367.059
4635.8,67.81,86.7,0.0,0.3,5,241.681,3.968,369.743
4635.8,67.93,86.7,0.0,0.4,5,239.645,3.975,371.537
4635.8,68.12,86.8,0.0,0.4,5,236.584,3.984,374.237
4635.8,68.25,86.8,0.0,0.3,5,234.540,3.987,376.043
4649.3,68.44,86.8,0.0,-0.0,5,231.468,3.987,378.759
4649.3,68.56,86.8,0.0,-0.3,5,229.416,3.986,380.575
4649.3,68.75,86.8,0.0,-0.3,5,226.333,3.983,383.306
4649.3,68.86,86.9,0.0,-0.6,5,224.273,3.981,385.131
4663.0,69.05,86.9,0.0,-0.5,5,221.175,3.977,387.872
4663.0,69.23,86.9,0.0,-0.3,5,218.066,3.972,390.618
4663.0,69.35,86.9,0.0,-0.2,5,215.987,3.968,392.451
4676.9,69.52,87.0,0.0,0.0,5,212.861,3.960,395.204
4676.9,69.64,87.0,0.0,-0.1,5,210.771,3.954,397.042
4676.9,69.82,87.0,0.0,0.0,5,207.628,3.947,399.803
4676.9,69.93,87.0,0.0,0.1,5,205.528,3.943,401.647
4690.9,69.91,0.0,0.0,0.3,0,202.373,3.938,404.415
4690.9,69.95,85.8,0.0,0.3,6,200.272,3.934,406.260
4690.9,70.12,85.9,0.0,0.3,6,197.115,3.929,409.033
4690.9,70.23,85.9,0.0,0.2,6,195.006,3.926,410.886
4704.9,70.39,85.9,0.0,0.3,6,191.840,3.920,413.673
4704.9,70.51,85.9,0.0,0.2,6,189.726,3.916,415.536
4704.9,70.67,86.0,0.0,0.4,6,186.550,3.911,418.338
4704.9,70.77,86.0,0.0,0.4,6,184.431,3.908,420.211
4719.0,70.94,86.0,0.0,0.2,6,181.247,3.904,423.028
4719.0,71.10,86.0,0.0,0.2,6,178.058,3.901,425.854
4719.0,71.20,86.0,0.0,-0.0,6,175.930,3.898,427.743
4719.0,71.36,86.0,0.0,-0.2,6,172.732,3.892,430.583
4733.3,71.47,86.1,0.0,-0.1,6,170.597,3.888,432.480
4733.3,71.62,86.1,0.0,-0.0,6,167.388,3.882,435.331
4733.3,71.72,86.1,0.0,-0.1,6,165.244,3.880,437.235
4733.3,71.88,86.1,0.0,-0.3,6,162.023,3.878,440.095
4747.6,71.98,86.1,0.0,-0.1,6,159.871,3.877,442.005
4747.6,72.14,86.2,0.0,0.2,6,156.637,3.876,444.873
4747.6,72.24,86.2,0.0,0.2,6,154.477,3.877,446.789
4747.6,72.39,86.2,0.0,0.3,6,151.231,3.881,449.667
4762.1,72.49,86.2,0.0,0.4,6,149.063,3.883,451.590
4762.1,72.64,86.2,0.0,0.4,6,145.808,3.886,454.481
4762.1,72.74,86.3,0.0,0.4,6,143.636,3.887,456.413
4762.1,72.88,86.3,0.0,0.3,6,140.374,3.890,459.318
4776.6,73.03,86.3,0.0,0.1,6,137.108,3.892,462.232
4776.6,73.13,86.3,0.0,-0.0,6,134.929,3.894,464.180
4776.6,73.27,86.3,0.0,-0.2,6,131.656,3.895,467.108
4776.6,73.36,86.3,0.0,-0.1,6,129.471,3.897,469.063
4791.2,73.50,86.4,0.0,0.1,6,126.188,3.900,472.001
4791.2,73.60,86.4,0.0,0.0,6,123.995,3.902,473.963
4791.2,73.74,86.4,0.0,-0.0,6,120.701,3.904,476.909
4791.2,73.83,86.4,0.0,-0.1,6,118.501,3.905,478.876
4806.0,73.98,86.4,0.0,-0.1,6,115.194,3.905,481.830
4806.0,74.07,86.4,0.0,-0.1,6,112.986,3.903,483.802
4806.0,74.20,86.5,0.0,-0.4,6,109.668,3.901,486.764
4806.0,74.29,86.5,0.0,-0.2,6,107.451,3.897,488.740
4820.8,74.43,86.5,0.0,0.0,6,104.120,3.890,491.708
4820.8,74.52,86.5,0.0,-0.1,6,101.895,3.884,493.688
4820.8,74.65,86.5,0.0,-0.1,6,98.551,3.875,496.662
4820.8,74.79,86.5,0.0,-0.0,6,95.201,3.866,499.641
4835.7,74.88,86.5,0.0,0.1,6,92.964,3.857,501.629
4835.7,75.01,86.6,0.0,-0.1,6,89.603,3.841,504.617
4835.7,75.10,86.6,0.0,-0.2,6,87.359,3.829,506.611
4835.7,75.23,86.6,0.0,-0.3,6,83.989,3.810,509.607
4850.8,75.32,86.6,0.0,-0.1,6,81.738,3.797,511.607
4850.8,75.45,86.6,0.0,-0.0,6,78.357,3.776,514.610
4850.8,75.54,86.6,0.0,-0.4,6,76.099,3.761,516.616
4850.8,75.66,86.7,0.0,-0.3,6,72.708,3.739,519.627
4865.8,75.75,86.7,0.0,0.0,6,70.443,3.724,521.637
4865.8,75.87,86.7,0.0,-0.1,6,67.039,3.700,524.654
4865.8,75.96,86.7,0.0,-0.5,6,64.767,3.684,526.668
4865.8,76.08,86.7,0.0,-0.8,6,61.352,3.657,529.692
4881.0,76.17,86.7,0.0,-0.4,6,59.072,3.639,531.709
4881.0,76.29,86.8,0.0,-0.1,6,55.644,3.608,534.737
4881.0,76.37,86.7,0.0,0.1,6,53.353,3.586,536.755
4881.0,76.49,86.8,0.0,-0.0,6,49.912,3.551,539.786
4896.3,76.62,86.8,0.0,0.3,6,46.463,3.514,542.819
4896.3,76.70,86.8,0.0,0.7,6,44.161,3.488,544.844
4896.3,76.82,86.8,0.0,0.8,6,40.704,3.445,547.887
4896.3,76.90,86.8,0.0,0.6,6,38.399,3.415,549.921
4911.6,77.02,86.8,0.0,0.3,6,34.940,3.363,552.979
4911.6,77.10,86.8,0.0,0.2,6,32.634,3.326,555.024
4911.6,77.19,86.9,0.0,0.4,6,29.175,3.271,558.099
4911.6,77.29,86.9,0.0,0.4,6,26.868,3.231,560.155
4927.0,77.39,86.9,0.0,0.4,6,23.407,3.174,563.245
4927.0,77.48,86.9,0.0,0.3,6,21.099,3.134,565.310
4927.0,77.60,86.9,0.0,0.2,6,17.634,3.074,568.413
4927.0,77.67,86.9,0.0,0.1,6,15.322,3.034,570.486
4942.5,77.78,86.9,0.0,-0.2,6,11.852,2.975,573.601
4942.5,77.89,86.9,0.0,-0.3,6,8.378,2.917,576.721
4942.5,77.97,86.9,0.0,0.1,6,6.059,2.879,578.803
4958.1,78.07,87.0,0.0,-0.2,6,2.575,2.825,581.929
4958.1,78.14,81.4,0.5,-0.6,6,0.249,2.786,584.015
4958.1,77.84,0.0,47.8,-1.1,6,-3.239,2.724,587.139
4958.1,77.22,0.0,72.5,-0.6,6,-5.552,2.684,589.207
4973.6,75.97,0.0,85.9,0.3,6,-8.985,2.627,592.269
4973.6,75.07,0.0,89.0,0.4,6,-11.243,2.589,594.278
4973.6,73.66,0.0,89.5,-0.1,6,-14.580,2.535,597.243
4973.6,72.73,0.0,90.0,-0.5,6,-16.772,2.502,599.187
4988.4,71.33,0.0,90.3,-1.2,6,-20.009,2.454,602.054
4988.4,70.41,0.0,91.8,-1.2,6,-22.135,2.421,603.933
4988.4,69.01,0.0,90.9,-1.4,6,-25.274,2.370,606.700
4988.4,68.07,0.0,90.6,-1.2,6,-27.335,2.336,608.510
5002.2,66.69,0.0,90.4,-0.2,6,-30.380,2.286,611.173
5002.2,65.32,0.0,90.7,-0.0,6,-33.371,2.239,613.772
5002.2,64.40,0.0,90.2,-0.7,0,-35.335,2.210,615.471
5002.2,63.07,0.0,91.5,-1.6,5,-38.235,2.168,617.967
5015.1,62.17,0.0,92.5,-2.0,5,-40.139,2.139,619.597
5015.1,60.78,0.0,90.8,-2.6,5,-42.950,2.095,621.989
5015.1,59.86,0.0,89.7,-1.9,5,-44.794,2.067,623.548
5015.1,58.53,0.0,91.0,-1.7,5,-47.517,2.025,625.831
5027.0,57.62,0.0,90.9,-2.2,5,-49.305,1.997,627.317
5027.0,56.28,0.0,90.8,-3.2,5,-51.946,1.956,629.489
5027.0,55.38,0.0,90.8,-4.0,5,-53.681,1.930,630.898
5027.0,54.07,36.8,91.8,-3.6,0,-56.247,1.891,632.951
5038.1,53.18,0.0,91.9,-2.7,4,-57.933,1.866,634.279
5038.1,51.86,0.0,86.0,-2.5,4,-60.425,1.829,636.211
5038.1,51.00,0.0,79.5,-2.6,4,-62.063,1.805,637.459
5038.1,49.82,0.0,63.7,-2.1,4,-64.488,1.768,639.268
5048.3,48.86,0.0,49.5,-2.1,4,-66.889,1.733,641.001
5048.3,48.31,0.0,43.6,-1.9,4,-68.482,1.709,642.116
5048.3,47.57,0.0,39.5,-3.1,4,-70.865,1.674,643.728
5048.3,47.12,0.0,38.1,-4.6,4,-72.451,1.651,644.764
5057.7,46.45,0.0,38.5,-6.9,4,-74.827,1.617,646.261
5057.7,46.01,0.0,36.2,-8.8,4,-76.408,1.595,647.222
5057.7,45.39,0.0,33.7,-10.3,4,-78.774,1.562,648.608
5057.7,44.99,0.0,30.7,-10.7,4,-80.349,1.541,649.497
5066.7,44.47,0.0,22.6,-9.9,4,-82.709,1.509,650.777
5066.7,44.18,0.0,19.3,-10.0,4,-84.282,1.488,651.595
5066.7,43.79,0.0,16.8,-11.3,4,-86.643,1.456,652.774
5066.7,43.54,0.0,16.4,-12.1,4,-88.219,1.435,653.528
5075.3,43.16,42.9,30.1,-13.0,0,-90.586,1.402,654.608
5075.3,42.82,0.0,39.2,-13.1,3,-92.163,1.381,655.294
5075.3,42.14,0.0,34.5,-12.4,3,-94.519,1.349,656.271
5075.3,41.57,0.0,19.8,-11.5,3,-96.860,1.319,657.181
5083.7,41.30,0.0,12.7,-11.5,3,-98.417,1.300,657.750
5083.7,40.99,0.0,6.5,-13.1,3,-100.751,1.270,658.552
5083.7,40.83,0.0,5.7,-14.6,3,-102.309,1.251,659.052
5083.7,40.60,0.0,2.2,-17.6,3,-104.650,1.220,659.751
5092.0,40.47,0.0,2.8,-18.7,3,-106.213,1.201,660.182
5092.0,40.28,0.0,1.7,-20.0,3,-108.561,1.172,660.778
5092.0,40.15,0.0,1.9,-20.4,3,-110.128,1.153,661.141
5092.0,39.96,0.0,1.8,-20.1,3,-112.481,1.124,661.633
5100.3,39.83,0.0,1.5,-19.5,3,-114.050,1.105,661.925
5100.3,39.64,0.0,3.0,-19.6,3,-116.404,1.078,662.308
5100.3,39.51,0.0,1.1,-19.7,3,-117.972,1.060,662.526
5100.3,39.32,0.0,1.9,-19.3,3,-120.321,1.033,662.798
5108.3,39.20,0.0,1.7,-18.8,3,-121.885,1.016,662.942
5108.3,39.01,0.0,1.8,-18.3,3,-124.226,0.992,663.101
5108.3,38.82,0.0,1.6,-19.1,3,-126.559,0.971,663.194
5108.3,38.70,0.0,1.0,-19.7,3,-128.110,0.957,663.219
5116.4,38.52,0.0,2.4,-20.8,3,-130.427,0.936,663.204
5116.4,38.39,0.0,1.4,-21.2,3,-131.965,0.922,663.159
5116.4,38.22,0.0,0.9,-20.9,3,-134.260,0.902,663.038
5116.4,38.10,0.0,1.9,-20.8,3,-135.782,0.888,662.922
5124.5,37.92,0.5,0.0,-21.4,3,-138.051,0.870,662.694
5124.5,37.80,0.3,0.0,-22.0,3,-139.554,0.857,662.507
5124.5,37.63,1.4,0.1,-22.1,3,-141.793,0.839,662.175
5124.5,37.53,2.6,0.0,-22.3,3,-143.274,0.826,661.918
5132.3,37.36,0.8,0.1,-22.5,3,-145.478,0.809,661.481
5132.3,37.25,1.8,0.0,-22.7,3,-146.934,0.798,661.155
5132.3,37.09,2.0,0.0,-23.8,3,-149.098,0.781,660.614
5140.3,36.92,2.1,0.1,-24.7,3,-151.236,0.765,660.013
5140.3,36.82,4.0,0.0,-25.1,3,-152.645,0.755,659.579
5140.3,36.66,0.7,0.1,-25.9,3,-154.736,0.739,658.878
5140.3,36.55,3.2,0.0,-26.6,3,-156.112,0.729,658.378
5148.0,36.40,3.1,0.0,-27.3,3,-158.149,0.714,657.578
5148.0,36.28,1.9,0.0,-27.4,3,-159.489,0.704,657.012
5148.0,36.13,5.8,0.0,-26.8,3,-161.466,0.691,656.113
5148.0,36.03,4.2,0.0,-26.0,3,-162.763,0.684,655.480
5156.1,35.86,4.9,0.0,-25.5,3,-164.675,0.674,654.480
5156.1,35.75,9.5,0.0,-23.5,3,-165.925,0.671,653.781
5156.1,35.64,6.2,0.0,-20.5,3,-167.765,0.668,652.684
5156.1,35.56,8.6,0.0,-19.4,3,-168.968,0.667,651.922
5163.7,35.44,8.5,0.0,-20.0,3,-170.736,0.664,650.736
5163.7,35.35,7.6,0.0,-22.2,0,-171.892,0.661,649.918
5163.7,35.23,23.2,0.0,-26.3,2,-173.587,0.656,648.648
5163.7,35.21,33.1,0.0,-29.4,2,-175.232,0.656,647.322
5171.8,35.29,38.7,0.0,-31.6,2,-176.305,0.657,646.408
5171.8,35.39,45.0,0.0,-34.4,2,-177.882,0.660,644.991
5171.8,35.52,47.8,0.0,-35.5,2,-178.912,0.662,644.016
5171.8,35.70,51.7,0.0,-38.4,2,-180.426,0.667,642.509
5179.7,35.84,55.4,0.0,-41.4,2,-181.415,0.670,641.475
5179.7,36.05,55.0,0.0,-43.6,2,-182.865,0.675,639.879
5179.7,36.17,44.5,0.0,-43.6,2,-183.809,0.679,638.785
5179.7,36.26,41.8,0.0,-42.1,2,-185.182,0.687,637.102
5187.1,36.32,40.5,0.0,-42.0,2,-186.070,0.694,635.953
5187.1,36.45,52.6,0.0,-42.2,2,-187.358,0.704,634.192
5187.1,36.58,47.3,0.0,-43.2,2,-188.191,0.711,632.993
5187.1,36.60,20.6,0.0,-44.3,2,-189.397,0.722,631.158
5194.6,36.50,6.9,0.0,-44.8,2,-190.167,0.729,629.915
5194.6,36.34,20.1,0.0,-44.7,2,-191.270,0.742,628.028
5194.6,36.31,30.8,0.0,-42.8,2,-192.310,0.754,626.114
5194.6,36.34,35.5,0.0,-41.4,2,-192.971,0.761,624.820
5201.5,36.38,39.5,0.0,-38.2,2,-193.915,0.770,622.854
5201.5,36.43,43.7,0.0,-34.9,2,-194.512,0.775,621.526
5201.5,36.56,46.1,0.0,-28.2,2,-195.359,0.780,619.506
5201.5,36.63,40.6,0.0,-23.4,2,-195.891,0.782,618.142
5208.5,36.68,32.8,0.0,-16.3,2,-196.637,0.783,616.073
5208.5,36.68,23.5,0.0,-12.2,2,-197.100,0.782,614.681
5208.5,36.70,26.1,0.0,-7.4,2,-197.738,0.782,612.574
5208.5,36.66,21.8,0.0,-4.9,2,-198.125,0.783,611.158
5215.5,36.66,41.6,0.0,-3.5,2,-198.647,0.784,609.023
5215.5,36.75,53.7,0.0,-3.5,2,-198.959,0.785,607.589
5215.5,37.00,64.3,0.0,-4.7,2,-199.373,0.788,605.416
5215.5,37.21,59.7,0.0,-5.1,2,-199.616,0.789,603.953
5222.8,37.57,83.9,0.0,-5.7,2,-199.931,0.793,601.733
5222.8,38.07,86.3,0.0,-8.1,2,-200.192,0.798,599.480
5222.8,38.38,86.4,0.0,-7.7,2,-200.336,0.803,597.959
5222.8,38.88,86.5,0.0,-5.6,2,-200.513,0.811,595.649
5230.5,39.21,86.5,0.0,-4.0,2,-200.605,0.817,594.091
5230.5,39.71,86.6,0.0,-2.7,2,-200.710,0.828,591.727
5230.5,40.04,85.6,0.0,-1.6,2,-200.760,0.837,590.133
5230.5,40.33,33.0,1.1,0.9,2,-200.813,0.854,587.721
5238.4,40.25,2.4,9.5,2.4,2,-200.840,0.865,586.109
5238.4,39.85,0.0,36.1,5.0,2,-200.879,0.882,583.704
5238.4,39.38,0.0,56.7,6.4,2,-200.910,0.892,582.118
5238.4,38.51,0.0,53.4,7.9,2,-200.968,0.908,579.780
5246.4,37.96,0.0,46.7,9.0,2,-201.019,0.919,578.250
5246.4,37.22,0.0,39.1,10.7,2,-201.116,0.936,575.996
5246.4,36.78,0.0,31.6,11.8,2,-201.199,0.947,574.518
5246.4,36.25,0.0,22.3,13.3,2,-201.353,0.964,572.332
5253.9,35.96,0.0,18.0,14.4,2,-201.478,0.975,570.893
5253.9,35.59,0.0,11.4,16.5,2,-201.702,0.990,568.757
5253.9,35.30,0.0,6.5,18.0,2,-201.971,1.003,566.648
5253.9,35.13,0.0,6.1,19.7,2,-202.177,1.012,565.254
5261.2,34.89,0.0,5.8,19.6,2,-202.532,1.026,563.183
5261.2,34.73,0.0,6.4,18.7,2,-202.797,1.035,561.816
5261.2,34.49,0.0,5.4,17.0,2,-203.239,1.050,559.786
5261.2,34.34,0.0,4.5,17.0,2,-203.561,1.059,558.448
5268.4,34.10,0.0,20.7,17.3,2,-204.087,1.075,556.462
5268.4,33.81,0.0,35.3,17.6,2,-204.465,1.086,555.156
5268.4,33.23,0.0,27.7,18.0,2,-205.064,1.103,553.236
5268.4,32.81,0.0,48.4,18.0,2,-205.485,1.115,551.982
5275.8,32.06,0.0,35.7,17.0,2,-206.143,1.132,550.149
5275.8,31.65,0.0,26.4,15.9,2,-206.600,1.144,548.960
5275.8,31.17,0.0,18.7,15.0,2,-207.318,1.163,547.217
5275.8,30.91,0.0,13.3,15.0,2,-207.820,1.176,546.081
5282.7,30.61,0.0,11.4,17.3,2,-208.605,1.196,544.410
5282.7,30.32,0.0,13.7,20.5,2,-209.429,1.217,542.778
5282.7,30.10,0.0,14.5,22.3,2,-209.998,1.231,541.712
5290.1,29.77,0.0,14.0,24.0,2,-210.880,1.251,540.146
5290.1,29.56,0.0,10.9,24.8,2,-211.487,1.263,539.126
5290.1,29.29,0.0,7.5,25.6,2,-212.427,1.282,537.632
5290.1,29.13,0.0,6.3,26.2,2,-213.075,1.294,536.659
5296.5,28.91,0.0,3.1,27.7,2,-214.079,1.312,535.237
5296.5,28.78,0.0,1.6,28.8,2,-214.770,1.323,534.313
5296.5,28.62,0.0,0.5,30.5,2,-215.839,1.340,532.963
5296.5,28.51,0.7,0.0,31.7,2,-216.575,1.351,532.088
5302.7,28.36,2.5,0.0,33.9,2,-217.710,1.366,530.815
5302.7,28.26,2.1,0.0,35.4,2,-218.489,1.376,529.992
5302.7,28.13,7.8,0.0,38.0,2,-219.688,1.390,528.799
5302.7,28.03,10.7,0.0,39.9,2,-220.926,1.403,527.657
5308.7,27.96,10.4,0.0,41.1,2,-221.772,1.411,526.924
5308.7,27.89,18.7,0.0,42.9,2,-223.073,1.423,525.867
5308.7,27.87,23.9,0.0,44.7,2,-224.411,1.434,524.863
5308.7,27.87,25.5,0.0,46.0,2,-225.323,1.440,524.223
5314.9,27.89,30.0,0.0,48.4,2,-226.722,1.450,523.307
5314.9,27.92,29.9,0.0,50.3,2,-227.675,1.455,522.727
5314.9,27.93,24.0,0.0,54.5,2,-229.133,1.463,521.900
5314.9,27.90,20.0,0.0,57.4,2,-230.121,1.467,521.380
5320.6,27.86,21.5,0.0,61.4,2,-231.626,1.473,520.649
5320.6,27.83,19.9,0.0,64.0,2,-232.643,1.476,520.194
5320.6,27.77,17.4,0.0,68.1,2,-234.186,1.480,519.561
5320.6,27.71,16.1,0.0,70.6,2,-235.226,1.482,519.174
5337.6,26.50,14.8,0.0,69.3,1,-250.136,1.474,516.752
5337.6,26.43,15.3,0.0,67.8,1,-251.194,1.470,516.797
5343.0,26.35,17.0,0.0,65.0,1,-252.772,1.464,516.919
5343.0,26.31,19.1,0.0,62.6,1,-253.819,1.460,517.035
5343.0,26.29,24.1,0.0,58.1,1,-255.380,1.452,517.260
5343.0,26.32,29.4,0.0,54.6,1,-256.416,1.447,517.445
5348.5,26.50,51.0,0.0,49.2,1,-257.965,1.438,517.773
5348.5,26.73,59.2,0.0,45.8,1,-258.998,1.431,518.026
5348.5,27.10,57.7,0.0,40.1,1,-260.554,1.421,518.455
5348.5,27.32,52.2,0.0,36.0,1,-261.594,1.412,518.775
5354.0,27.60,47.3,0.0,29.3,1,-263.152,1.398,519.309
5354.0,27.77,41.5,0.0,25.1,1,-264.188,1.388,519.699
5354.0,28.04,51.6,0.0,20.6,1,-265.735,1.372,520.338
5354.0,28.39,53.6,0.0,19.7,1,-267.274,1.356,521.039
5360.0,28.62,53.1,0.0,21.5,1,-268.298,1.345,521.540
5360.0,28.94,51.0,0.0,25.9,1,-269.827,1.327,522.342
5360.0,29.15,51.0,0.0,28.6,1,-270.840,1.316,522.910
5360.0,29.47,51.7,0.0,32.3,1,-272.350,1.298,523.808
5366.1,29.67,51.5,0.0,34.7,1,-273.351,1.285,524.438
5366.1,29.97,53.1,0.0,37.2,1,-274.839,1.266,525.430
5366.1,30.17,55.5,0.0,37.7,1,-275.822,1.252,526.122
5366.1,30.50,57.4,0.0,36.8,1,-277.280,1.232,527.210
5372.4,30.72,59.4,0.0,36.0,1,-278.241,1.218,527.968
5372.4,31.07,63.5,0.0,34.8,1,-279.661,1.196,529.157
5372.4,31.31,60.3,0.0,33.9,1,-280.595,1.181,529.984
5372.4,31.64,59.4,0.0,32.9,1,-281.973,1.158,531.275
5378.9,31.85,59.9,0.0,32.7,1,-282.874,1.142,532.169
5378.9,32.14,58.5,0.0,31.8,1,-284.196,1.118,533.560
5378.9,32.40,55.4,0.0,30.1,1,-285.478,1.093,535.009
5378.9,32.58,59.5,0.0,29.7,1,-286.309,1.078,536.008
5386.2,32.78,0.0,0.0,29.6,0,-287.518,1.054,537.553
5386.2,32.72,57.9,0.0,29.8,2,-288.294,1.039,538.608
5386.2,32.98,60.1,0.0,30.5,2,-289.411,1.016,540.230
5386.2,33.17,59.0,0.0,31.4,2,-290.129,1.001,541.340
5393.2,33.46,62.6,0.0,33.7,2,-291.168,0.977,543.047
5393.2,33.67,65.1,0.0,34.8,2,-291.834,0.961,544.212
5393.2,34.00,64.8,0.0,35.4,2,-292.792,0.938,546.001
5393.2,34.22,65.3,0.0,36.5,2,-293.402,0.923,547.220
5401.1,34.54,64.1,0.0,38.1,2,-294.274,0.902,549.089
5401.1,34.75,64.6,0.0,39.3,2,-294.827,0.888,550.359
5401.1,35.06,63.5,0.0,40.7,2,-295.613,0.865,552.299
5401.1,35.25,56.9,0.0,41.3,2,-296.106,0.851,553.616
5408.6,35.41,44.0,0.0,43.6,2,-296.795,0.829,555.620
5408.6,35.48,42.7,0.0,42.4,2,-297.217,0.816,556.973
5408.6,35.62,47.4,0.0,39.0,2,-297.794,0.799,559.026
5416.7,35.88,71.0,0.0,35.8,2,-298.305,0.782,561.107
5416.7,36.14,81.6,0.0,32.8,2,-298.612,0.771,562.514
5416.7,36.58,73.3,0.0,24.7,2,-299.023,0.755,564.655
5416.7,36.83,78.7,0.0,19.2,2,-299.264,0.744,566.103
5424.8,37.25,68.4,0.0,10.6,2,-299.569,0.732,568.303
5424.8,37.50,74.9,0.0,6.4,2,-299.739,0.723,569.787
5424.8,37.95,86.4,0.0,3.5,2,-299.943,0.712,572.040
5424.8,38.28,86.4,0.0,2.7,2,-300.048,0.705,573.560
5432.5,38.79,86.4,0.0,4.7,2,-300.159,0.697,575.869
5432.5,39.12,86.5,0.0,7.5,2,-300.205,0.692,577.426
5432.5,39.62,85.4,0.0,11.2,2,-300.234,0.687,579.787
5432.5,39.93,83.5,0.0,12.9,2,-300.229,0.684,581.377
5440.5,40.36,80.4,0.0,14.2,2,-300.184,0.679,583.784
5440.5,40.64,79.7,0.0,14.4,2,-300.128,0.675,585.403
5440.5,41.04,82.1,0.0,14.6,2,-300.001,0.669,587.849
5440.5,41.34,0.0,0.0,13.9,0,-299.820,0.663,590.315
5448.5,41.32,83.2,0.0,14.0,3,-299.667,0.657,591.961
5448.5,41.71,85.4,0.0,16.5,3,-299.389,0.649,594.435
5448.5,42.00,85.4,0.0,15.7,3,-299.171,0.643,596.094
5448.5,42.35,50.8,0.0,17.8,3,-298.793,0.632,598.596
5491.6,47.78,86.9,0.0,2.2,3,-284.398,0.104,639.755
5501.0,48.22,86.7,0.0,4.4,3,-283.167,0.055,642.357
5501.0,48.61,86.8,0.0,6.4,3,-281.907,0.010,644.973
5501.0,48.86,86.9,0.0,5.6,3,-281.052,-0.018,646.723
5501.0,49.21,87.0,0.0,3.8,0,-279.743,-0.061,649.358
5510.7,49.22,0.0,0.0,3.0,0,-278.855,-0.091,651.116
5510.7,49.41,85.2,0.0,2.5,4,-277.505,-0.134,653.747
5510.7,49.69,85.1,0.0,2.3,4,-276.589,-0.158,655.505
5510.7,50.03,85.3,0.0,2.9,4,-275.191,-0.189,658.149
5520.6,50.29,85.3,0.0,2.8,4,-274.243,-0.206,659.916
5520.6,50.59,85.4,0.0,3.3,4,-272.796,-0.226,662.573
5520.6,50.85,85.4,0.0,4.0,4,-271.815,-0.235,664.349
5520.6,51.16,85.6,0.0,5.1,4,-270.322,-0.248,667.020
5530.8,51.39,85.5,0.0,4.6,4,-269.312,-0.260,668.804
5530.8,51.72,85.6,0.0,4.7,4,-267.767,-0.278,671.484
5530.8,51.96,85.6,0.0,4.0,4,-266.717,-0.290,673.272
5530.8,52.28,85.7,0.0,3.6,4,-265.110,-0.307,675.954
5541.1,52.61,85.7,0.0,3.7,4,-263.467,-0.323,678.636
5541.1,52.82,85.9,0.0,4.2,4,-262.352,-0.332,680.426
5541.1,53.15,85.9,0.0,4.2,4,-260.651,-0.344,683.111
5541.1,53.37,85.9,0.0,4.2,4,-259.499,-0.350,684.902
5551.7,53.69,86.0,0.0,2.4,4,-257.743,-0.357,687.590
5551.7,53.90,86.0,0.0,2.1,4,-256.555,-0.360,689.383
5551.7,54.22,86.1,0.0,2.2,4,-254.749,-0.365,692.077
5551.7,54.43,86.1,0.0,2.3,4,-253.529,-0.369,693.875
5562.5,54.75,86.2,0.0,2.1,4,-251.679,-0.374,696.576
5562.5,54.95,86.2,0.0,2.0,4,-250.430,-0.378,698.380
5562.5,55.26,86.3,0.0,2.6,4,-248.538,-0.385,701.091
5562.5,55.47,86.3,0.0,2.8,4,-247.263,-0.390,702.901
5573.4,55.77,86.4,0.0,3.1,4,-245.328,-0.398,705.619
5573.4,55.98,86.4,0.0,3.3,4,-244.024,-0.403,707.434
5573.4,56.27,86.5,0.0,3.3,4,-242.044,-0.411,710.157
5573.4,56.57,86.5,0.0,3.7,4,-240.034,-0.417,712.881
5584.5,56.77,86.6,0.0,3.9,4,-238.677,-0.421,714.696
5584.5,57.06,86.6,0.0,4.1,4,-236.614,-0.425,717.417
5584.5,57.25,86.7,0.0,4.4,4,-235.221,-0.427,719.229
5584.5,57.54,86.7,0.0,4.8,4,-233.104,-0.429,721.945
5595.9,57.73,86.7,0.0,4.8,4,-231.673,-0.431,723.752
5595.9,58.01,86.8,0.0,4.8,4,-229.497,-0.432,726.457
5595.9,58.19,86.8,0.0,4.7,4,-228.026,-0.432,728.256
5595.9,58.46,86.9,0.0,4.8,4,-225.788,-0.431,730.945
5607.6,58.64,86.9,0.0,4.9,4,-224.275,-0.428,732.732
5607.6,58.90,86.9,0.0,5.0,4,-221.975,-0.424,735.404
5607.6,59.07,87.0,0.0,4.9,4,-220.419,-0.420,737.178
5607.6,59.33,87.0,0.0,5.1,4,-218.054,-0.410,739.828
5619.6,59.50,87.0,0.0,5.0,0,-216.457,-0.401,741.587
5619.6,59.45,85.3,0.0,4.5,5,-214.033,-0.384,744.206
5619.6,59.68,85.4,0.0,4.3,5,-211.578,-0.365,746.803
5619.6,59.85,85.4,0.0,4.2,5,-209.922,-0.352,748.527
5631.6,60.09,85.4,0.0,4.3,5,-207.406,-0.330,751.099
5631.6,60.24,85.5,0.0,4.2,5,-205.710,-0.314,752.805
5631.6,60.47,85.5,0.0,4.3,5,-203.136,-0.287,755.351
5631.6,60.63,85.6,0.0,4.5,5,-201.401,-0.269,757.042
5643.9,60.86,85.6,0.0,4.6,5,-198.773,-0.243,759.565
5643.9,61.02,85.6,0.0,4.5,5,-197.002,-0.227,761.240
5643.9,61.25,85.6,0.0,4.2,5,-194.316,-0.205,763.738
5643.9,61.40,85.7,0.0,4.6,5,-192.508,-0.192,765.395
5656.4,61.64,85.7,0.0,4.8,5,-189.767,-0.180,767.867
5656.4,61.79,85.7,0.0,4.6,5,-187.921,-0.175,769.505
5656.4,62.01,85.9,0.0,4.5,5,-185.123,-0.169,771.947
5656.4,62.16,85.8,0.0,4.5,5,-183.238,-0.166,773.563
5668.9,62.38,85.8,0.0,4.3,5,-180.381,-0.159,775.970
5668.9,62.61,85.9,0.0,5.0,5,-177.488,-0.153,778.355
5668.9,62.75,85.9,0.0,5.3,5,-175.541,-0.150,779.934
5681.7,62.98,86.0,0.0,5.7,5,-172.590,-0.146,782.283
5681.7,63.12,86.0,0.0,6.1,5,-170.604,-0.146,783.836
5681.7,63.34,86.0,0.0,6.1,5,-167.594,-0.149,786.145
5681.7,63.47,86.1,0.0,6.1,5,-165.566,-0.150,787.668
5720.8,65.42,86.4,0.0,6.8,5,-134.250,-0.121,808.041
5720.8,65.62,86.4,0.0,7.2,5,-130.815,-0.118,809.953
5734.1,65.73,86.5,0.0,7.2,5,-128.507,-0.118,811.206
5734.1,65.92,86.5,0.0,6.7,5,-125.013,-0.116,813.047
5734.1,66.05,86.5,0.0,6.5,5,-122.663,-0.113,814.249
5734.1,66.23,86.6,0.0,6.7,5,-119.109,-0.111,816.013
5747.5,66.41,86.6,0.0,7.1,5,-115.519,-0.107,817.729
5747.5,66.53,86.6,0.0,7.4,5,-113.107,-0.105,818.846
5747.5,66.71,86.6,0.0,8.0,5,-109.460,-0.102,820.481
5747.5,66.82,86.6,0.0,8.3,5,-107.010,-0.098,821.543
5760.9,67.00,86.7,0.0,8.0,5,-103.307,-0.091,823.093
5760.9,67.11,86.7,0.0,7.7,5,-100.820,-0.087,824.097
5760.9,67.28,86.7,0.0,7.5,5,-97.063,-0.081,825.559
5760.9,67.40,86.7,0.0,7.3,5,-94.540,-0.076,826.503
5774.4,67.57,86.7,0.0,7.7,5,-90.731,-0.069,827.872
5774.4,67.67,86.8,0.0,7.9,5,-88.175,-0.067,828.756
5774.4,67.84,86.8,0.0,7.4,5,-84.316,-0.062,830.034
5774.4,67.95,86.8,0.0,7.3,5,-81.727,-0.058,830.853
5787.9,68.11,86.8,0.0,7.4,5,-77.821,-0.051,832.035
5787.9,68.21,86.8,0.0,7.2,5,-75.202,-0.047,832.792
5787.9,68.37,86.8,0.0,7.4,5,-71.252,-0.040,833.880
5801.4,68.53,86.9,0.0,6.9,5,-67.277,-0.032,834.910
5801.4,68.64,86.9,0.0,5.4,5,-64.613,-0.026,835.565
5801.4,68.80,86.9,0.0,4.6,5,-60.598,-0.017,836.502
5801.4,68.90,86.9,0.0,4.1,5,-57.910,-0.008,837.097
5815.0,69.07,86.9,0.0,3.7,5,-53.860,0.007,837.949
5815.0,69.18,86.9,0.0,3.8,5,-51.149,0.018,838.492
5815.0,69.34,87.0,0.0,3.9,5,-47.068,0.039,839.274
5815.0,69.45,87.0,0.0,3.8,5,-44.338,0.054,839.776
5828.8,69.61,87.0,0.0,4.0,0,-40.229,0.078,840.499
5828.8,69.54,0.0,0.0,3.5,0,-37.484,0.092,840.963
5828.8,69.63,85.8,0.0,3.4,6,-33.364,0.115,841.625
5828.8,69.73,85.8,0.0,3.9,6,-30.609,0.131,842.047
5842.7,69.89,85.8,0.0,3.6,6,-26.465,0.157,842.649
5842.7,69.99,85.8,0.0,3.1,6,-23.694,0.176,843.030
5842.7,70.14,85.9,0.0,2.4,6,-19.526,0.207,843.574
5842.7,70.31,85.9,0.0,1.4,6,-15.344,0.234,844.088
5856.8,70.41,85.9,0.0,0.3,6,-12.550,0.250,844.416
5856.8,70.56,86.0,0.0,-0.3,6,-8.348,0.279,844.891
5856.8,70.67,85.9,0.0,-0.3,6,-5.540,0.298,845.200
5856.8,70.82,86.0,0.0,-0.3,6,-1.321,0.328,845.660
1.7,70.94,86.0,0.0,-0.4,6,1.497,0.346,845.967
