opponent,v3,Alessandro Pier Guidi,0,1771614417741
Game,version,date,track,car,event,laptime [s],S1 [s],S2 [s],S3 [s],S4+ [s]
LMU,1.2,2026-02-20 19:06:57,Silverstone Grand Prix Circuit - ELMS,Ferrari AF Corse 2025 #51:LM (Hyper),Live,107.208,0,0,0
Tracklen [m],TotalLaps
5865.7,1
,
,
lapdistance [m],speed [m/s],throttle [%],brake [%],steer [%],gear [int],world_x [m],world_y [m],world_z [m]
9.5,69.12,60.2,0.0,-0.2,5,16.234,0.404,846.276
9.5,69.29,60.2,0.0,-0.1,5,20.358,0.436,846.758
23.3,69.46,60.3,0.0,0.1,5,24.491,0.469,847.242
23.3,69.62,60.3,0.0,0.3,5,28.635,0.502,847.728
23.3,69.78,60.3,0.0,0.3,5,32.788,0.539,848.216
37.2,69.95,60.3,0.0,0.2,5,36.951,0.574,848.702
37.2,70.10,60.2,0.0,0.3,5,41.124,0.608,849.187
37.2,70.18,0.0,0.0,0.5,0,45.306,0.643,849.670
37.2,70.16,86.3,0.0,0.3,6,49.487,0.680,850.149
51.3,70.31,76.6,0.0,0.2,6,53.673,0.719,850.625
51.3,70.52,63.7,0.0,0.3,6,59.270,0.771,851.257
51.3,70.67,59.2,0.0,0.2,6,63.479,0.810,851.728
65.3,70.82,59.2,0.0,0.2,6,67.697,0.850,852.198
65.3,70.97,59.3,0.0,0.1,6,71.925,0.891,852.666
65.3,71.12,59.3,0.0,0.1,6,76.161,0.929,853.133
79.5,71.27,59.4,0.0,0.0,6,80.407,0.964,853.598
79.5,71.41,59.4,0.0,-0.1,6,84.661,0.998,854.063
79.5,71.60,59.5,0.0,-0.0,6,90.348,1.043,854.684
93.8,71.75,59.5,0.0,0.0,6,94.623,1.076,855.149
93.8,71.90,59.6,0.0,0.1,6,98.906,1.106,855.616
93.8,72.04,59.6,0.0,0.1,6,103.198,1.137,856.083
108.2,72.18,59.7,0.0,0.2,6,107.499,1.168,856.551
108.2,72.32,59.7,0.0,0.3,6,111.808,1.199,857.019
108.2,72.46,59.7,0.0,0.4,6,116.126,1.230,857.486
108.2,72.60,59.8,0.0,0.3,6,120.453,1.261,857.952
122.6,72.79,59.8,0.0,0.3,6,126.235,1.295,858.567
122.6,72.93,59.8,0.0,0.3,6,130.583,1.317,859.026
122.6,73.06,59.9,0.0,0.4,6,134.938,1.342,859.481
137.3,73.19,60.0,0.0,0.3,6,139.302,1.372,859.934
137.3,73.33,60.0,0.0,0.3,6,143.674,1.405,860.385
137.3,73.47,59.9,0.0,0.3,6,148.055,1.432,860.833
151.9,73.60,60.0,0.0,0.2,6,152.444,1.459,861.279
151.9,73.73,60.1,0.0,0.3,6,156.841,1.485,861.722
151.9,73.86,60.1,0.0,0.2,6,161.247,1.509,862.164
166.6,74.03,60.1,0.0,0.1,6,167.133,1.545,862.748
166.6,74.16,60.2,0.0,0.1,6,171.557,1.574,863.185
166.6,74.29,60.2,0.0,0.0,6,175.989,1.603,863.620
181.5,74.42,60.2,0.0,-0.2,6,180.429,1.633,864.054
181.5,74.55,60.2,0.0,-0.4,6,184.877,1.661,864.488
181.5,74.67,60.2,0.0,-0.5,6,189.332,1.687,864.923
181.5,74.79,60.2,0.0,-0.6,6,193.794,1.715,865.363
196.4,74.91,60.2,0.0,-0.7,6,198.262,1.744,865.810
196.4,75.04,60.2,0.0,-0.6,6,202.738,1.771,866.264
196.4,75.16,60.2,0.0,-0.5,6,207.219,1.796,866.726
211.4,75.32,60.2,0.0,-0.2,6,213.205,1.827,867.354
211.4,75.43,60.3,0.0,0.2,6,217.702,1.856,867.832
211.4,75.55,60.3,0.0,0.3,6,222.205,1.888,868.315
226.5,75.66,60.3,0.0,0.3,6,226.716,1.919,868.797
226.5,75.78,60.3,0.0,0.6,6,231.234,1.949,869.276
226.5,75.90,60.3,0.0,0.8,6,235.759,1.982,869.750
241.6,75.99,50.1,6.6,0.7,6,240.292,2.015,870.217
241.6,75.63,0.0,53.3,1.0,6,244.822,2.042,870.674
241.6,74.27,0.0,80.0,1.3,6,250.796,2.073,871.261
256.6,73.06,0.0,83.8,1.7,6,255.199,2.096,871.679
256.6,71.81,0.0,84.5,2.1,6,259.530,2.120,872.074
256.6,70.55,0.0,85.0,2.2,6,263.787,2.143,872.443
256.6,69.31,0.0,85.1,2.9,6,267.972,2.165,872.782
270.8,68.08,0.0,85.5,3.4,6,272.085,2.186,873.087
270.8,66.82,0.0,85.1,3.6,6,276.125,2.203,873.354
270.8,65.59,0.0,85.1,3.8,6,280.094,2.217,873.577
284.2,63.97,0.0,78.4,3.8,6,285.273,2.236,873.799
284.2,62.83,0.0,67.0,3.6,6,289.078,2.248,873.903
284.2,61.85,0.0,53.9,3.2,6,292.819,2.262,873.948
296.7,61.08,0.0,29.0,4.2,6,296.507,2.280,873.928
296.7,60.43,0.0,19.6,7.1,6,301.365,2.301,873.800
296.7,60.00,0.0,15.6,9.3,0,304.974,2.320,873.625
308.7,59.67,0.0,9.4,10.0,5,308.556,2.340,873.383
308.7,59.26,0.0,7.2,10.1,5,313.294,2.371,872.953
308.7,58.99,0.0,1.4,11.1,5,316.819,2.393,872.551
320.4,58.77,1.2,1.9,10.0,5,320.320,2.415,872.078
320.4,58.53,0.0,12.3,9.5,5,323.798,2.435,871.534
320.4,58.18,0.0,13.4,9.8,5,327.246,2.455,870.923
332.0,57.62,0.0,18.8,11.4,5,331.789,2.477,870.006
332.0,57.21,0.0,5.3,12.4,5,335.147,2.494,869.240
332.0,57.04,45.3,0.0,13.7,5,339.571,2.517,868.106
343.6,57.11,58.3,0.0,16.1,5,342.863,2.533,867.166
343.6,57.23,44.3,0.0,19.8,5,346.138,2.548,866.146
343.6,57.29,35.1,0.0,24.6,5,349.394,2.564,865.049
355.8,57.24,19.2,0.0,26.4,5,352.623,2.580,863.875
355.8,57.08,8.3,0.0,26.6,5,355.818,2.596,862.626
355.8,56.90,17.1,0.0,25.6,5,358.971,2.614,861.302
355.8,56.81,30.6,0.0,24.0,5,362.082,2.633,859.903
367.7,56.86,44.6,0.0,23.5,5,366.170,2.657,857.916
367.7,56.88,31.0,0.0,25.9,5,369.195,2.674,856.336
367.7,56.86,34.6,0.0,30.3,5,372.178,2.691,854.680
379.9,56.87,34.6,0.0,34.4,5,375.120,2.709,852.953
379.9,56.86,31.5,0.0,35.9,5,378.021,2.727,851.157
379.9,56.82,28.5,0.0,35.9,5,380.878,2.744,849.294
391.8,56.77,28.0,0.0,34.7,5,383.688,2.759,847.367
391.8,56.70,28.1,0.0,34.0,5,386.448,2.774,845.374
391.8,56.64,28.9,0.0,33.0,5,389.153,2.790,843.314
403.6,56.57,28.6,0.0,31.3,5,392.673,2.813,840.466
403.6,56.53,30.0,0.0,30.0,5,395.247,2.829,838.255
403.6,56.50,33.7,0.0,28.8,5,397.764,2.845,835.983
415.3,56.51,38.4,0.0,27.4,5,400.221,2.863,833.648
415.3,56.53,33.9,0.0,26.0,5,402.623,2.880,831.253
415.3,56.58,44.0,0.0,24.2,5,404.967,2.897,828.801
415.3,56.71,55.3,0.0,21.5,5,407.256,2.912,826.290
426.8,56.84,41.8,0.0,19.9,5,409.492,2.927,823.720
426.8,57.00,54.5,0.0,18.4,5,412.390,2.941,820.210
426.8,57.18,56.6,0.0,16.5,5,414.499,2.952,817.511
438.1,57.38,56.8,0.0,15.5,5,416.553,2.967,814.756
438.1,57.57,56.9,0.0,15.3,5,418.556,2.979,811.950
438.1,57.79,57.0,0.0,15.0,5,420.510,2.989,809.094
449.3,58.07,57.2,0.0,14.2,5,423.030,3.008,805.205
449.3,58.27,57.4,0.0,13.2,5,424.858,3.025,802.233
449.3,58.48,57.5,0.0,12.1,5,426.628,3.045,799.211
460.6,58.68,57.7,0.0,12.2,5,428.343,3.069,796.143
460.6,58.89,57.7,0.0,11.6,5,430.002,3.093,793.031
460.6,59.10,57.7,0.0,12.8,5,431.603,3.120,789.875
472.2,59.38,57.8,0.0,11.5,5,433.655,3.151,785.604
472.2,59.54,58.2,0.0,10.8,5,435.125,3.180,782.353
472.2,59.80,57.8,0.0,11.0,5,436.538,3.218,779.064
484.1,59.90,58.6,0.0,11.1,5,437.906,3.247,775.743
484.1,60.25,58.2,0.0,10.0,5,439.245,3.250,772.395
484.1,60.42,58.4,0.0,9.7,5,440.517,3.265,769.006
484.1,60.66,58.5,0.0,7.5,5,441.723,3.296,765.581
495.9,60.85,58.6,0.0,6.0,5,442.876,3.332,762.124
495.9,61.10,48.0,0.0,3.9,5,444.344,3.371,757.472
495.9,61.30,57.5,0.0,3.8,5,445.391,3.399,753.954
508.0,61.59,58.8,0.0,3.8,5,446.730,3.431,749.225
508.0,61.81,58.3,0.0,4.5,5,447.694,3.455,745.651
508.0,62.04,58.1,0.0,4.4,5,448.627,3.480,742.055
520.2,62.26,59.0,0.0,4.6,5,449.529,3.506,738.438
520.2,62.48,59.2,0.0,5.0,5,450.400,3.539,734.801
520.2,62.59,59.5,0.0,6.6,5,451.235,3.583,731.144
532.6,62.93,59.2,0.0,6.3,5,452.051,3.601,727.472
532.6,63.13,59.2,0.0,5.0,5,452.826,3.620,723.770
532.6,63.39,59.5,0.0,3.6,5,453.783,3.661,718.802
545.2,63.60,59.5,0.0,2.9,5,454.454,3.689,715.052
545.2,63.82,59.5,0.0,2.9,5,455.092,3.713,711.284
545.2,64.09,59.7,0.0,2.5,5,455.896,3.747,706.232
557.9,64.23,59.7,0.0,2.2,5,456.282,3.768,703.695
557.9,64.44,59.8,0.0,1.2,5,456.846,3.799,699.877
557.9,64.58,59.8,0.0,1.3,5,457.212,3.819,697.323
557.9,64.79,59.9,0.0,1.1,5,457.751,3.852,693.480
570.7,64.93,59.9,0.0,1.1,5,458.104,3.874,690.910
570.7,65.14,59.9,0.0,1.0,5,458.626,3.907,687.044
570.7,65.27,60.0,0.0,0.9,5,458.969,3.929,684.459
570.7,65.48,60.0,0.0,1.0,5,459.478,3.962,680.570
583.6,65.61,60.1,0.0,1.1,5,459.813,3.983,677.970
583.6,65.82,60.1,0.0,1.2,5,460.309,4.016,674.059
583.6,66.01,60.1,0.0,1.3,5,460.798,4.049,670.135
583.6,66.15,60.1,0.0,1.3,5,461.119,4.071,667.511
596.7,66.34,60.1,0.0,1.5,5,461.593,4.104,663.566
596.7,66.47,60.1,0.0,1.4,5,461.904,4.126,660.928
596.7,66.66,60.1,0.0,1.4,5,462.362,4.158,656.961
596.7,66.79,60.1,0.0,1.4,5,462.661,4.181,654.309
609.9,66.97,60.1,0.0,1.5,5,463.100,4.216,650.321
609.9,67.10,60.1,0.0,1.5,5,463.387,4.238,647.655
609.9,67.29,60.1,0.0,1.6,5,463.807,4.272,643.646
609.9,67.41,60.1,0.0,1.5,5,464.079,4.293,640.966
623.4,67.59,60.1,0.0,1.4,5,464.478,4.326,636.936
623.4,67.71,60.1,0.0,1.5,5,464.736,4.349,634.243
623.4,67.89,60.1,0.0,1.5,5,465.112,4.382,630.193
623.4,68.01,60.1,0.0,1.5,5,465.355,4.404,627.486
636.9,68.19,60.1,0.0,1.6,5,465.709,4.436,623.416
636.9,68.30,60.1,0.0,1.4,5,465.938,4.457,620.696
636.9,68.47,60.1,0.0,1.4,5,466.270,4.489,616.607
636.9,68.64,60.2,0.0,1.0,5,466.590,4.522,612.506
650.6,68.76,60.2,0.0,1.0,5,466.797,4.543,609.767
650.6,68.93,60.2,0.0,0.8,5,467.098,4.576,605.647
650.6,69.04,60.2,0.0,0.8,5,467.293,4.597,602.895
650.6,69.21,60.2,0.0,0.7,5,467.577,4.629,598.758
664.4,69.32,60.2,0.0,0.7,5,467.762,4.650,595.994
664.4,69.48,60.3,0.0,0.7,5,468.032,4.682,591.840
664.4,69.59,60.3,0.0,0.7,5,468.208,4.703,589.064
664.4,69.76,60.3,0.0,0.8,5,468.466,4.732,584.892
678.3,69.86,60.3,0.0,0.8,5,468.633,4.751,582.105
678.3,70.02,60.2,0.0,0.7,5,468.879,4.777,577.916
678.3,70.13,60.2,0.0,0.6,5,469.038,4.794,575.118
678.3,70.28,60.0,0.0,0.7,0,469.270,4.816,570.912
692.3,70.21,0.0,0.0,0.6,0,469.421,4.829,568.106
692.3,70.29,83.1,0.0,0.3,6,469.642,4.847,563.898
692.3,70.45,73.4,0.0,0.2,6,469.857,4.864,559.682
692.3,70.55,66.9,0.0,0.1,6,469.997,4.875,556.866
706.4,70.71,59.2,0.0,0.0,6,470.204,4.891,552.633
706.4,70.81,59.2,0.0,-0.0,6,470.340,4.899,549.806
706.4,70.96,59.3,0.0,0.0,6,470.545,4.911,545.559
706.4,71.06,59.3,0.0,0.0,6,470.681,4.917,542.722
720.6,71.22,59.3,0.0,-0.0,6,470.885,4.924,538.459
720.6,71.31,59.4,0.0,-0.3,6,471.022,4.927,535.612
720.6,71.46,59.4,0.0,0.1,6,471.229,4.932,531.334
720.6,71.56,59.5,0.0,0.2,6,471.367,4.935,528.477
735.0,71.72,59.5,0.0,0.2,6,471.576,4.934,524.184
735.0,71.81,59.6,0.0,-0.0,6,471.716,4.933,521.317
735.0,71.96,59.6,0.0,-0.2,6,471.924,4.928,517.009
749.4,72.11,59.6,0.0,-0.1,6,472.132,4.922,512.692
749.4,72.20,59.7,0.0,-0.1,6,472.272,4.918,509.809
749.4,72.36,59.7,0.0,-0.1,6,472.482,4.908,505.478
749.4,72.45,59.7,0.0,-0.0,6,472.623,4.899,502.586
763.9,72.60,59.8,0.0,0.1,6,472.835,4.883,498.240
763.9,72.69,59.8,0.0,0.1,6,472.977,4.870,495.337
763.9,72.84,59.8,0.0,0.1,6,473.191,4.848,490.977
763.9,72.93,59.9,0.0,0.1,6,473.332,4.832,488.065
778.5,73.07,59.9,0.0,0.1,6,473.544,4.807,483.691
778.5,73.17,59.9,0.0,-0.1,6,473.685,4.791,480.770
778.5,73.31,60.0,0.0,-0.5,6,473.897,4.766,476.381
778.5,73.40,60.0,0.0,-0.7,6,474.039,4.753,473.450
793.1,73.54,60.0,0.0,-1.5,6,474.255,4.736,469.048
793.1,73.63,60.0,0.0,-1.8,6,474.403,4.723,466.108
793.1,73.77,60.1,0.0,-2.4,6,474.637,4.703,461.693
793.1,73.90,60.1,0.0,-3.1,6,474.890,4.686,457.270
807.8,73.99,60.1,0.0,-4.0,6,475.073,4.674,454.318
807.8,74.12,60.2,0.0,-4.5,6,475.371,4.652,449.885
807.8,74.21,60.2,0.0,-4.8,6,475.590,4.636,446.927
807.8,74.33,60.2,0.0,-5.1,6,475.956,4.614,442.486
822.6,74.40,60.2,0.0,-5.8,6,476.228,4.599,439.524
822.6,74.53,60.2,0.0,-6.5,6,476.676,4.570,435.079
822.6,74.59,60.2,0.0,-6.6,6,477.009,4.550,432.116
822.6,74.69,60.2,0.0,-6.6,6,477.565,4.526,427.672
837.5,74.76,60.2,0.0,-6.8,6,477.974,4.515,424.712
837.5,74.87,60.2,0.0,-7.0,6,478.645,4.495,420.274
837.5,74.93,60.2,0.0,-7.0,6,479.132,4.482,417.318
837.5,75.02,60.2,0.0,-7.4,6,479.924,4.465,412.890
852.4,75.08,60.2,0.0,-7.8,6,480.492,4.454,409.943
852.4,75.18,60.3,0.0,-6.5,6,481.406,4.436,405.529
852.4,75.27,60.3,0.0,-5.5,6,482.392,4.417,401.125
852.4,75.34,60.3,0.0,-5.6,6,483.087,4.402,398.194
867.3,75.44,60.3,0.0,-6.5,6,484.185,4.375,393.806
867.3,75.51,60.3,0.0,-7.2,6,484.951,4.353,390.886
867.3,75.61,60.3,0.0,-8.1,6,486.151,4.313,386.515
867.3,75.67,60.3,0.0,-7.5,6,486.986,4.282,383.607
882.2,75.76,60.3,0.0,-6.3,6,488.298,4.233,379.259
882.2,75.82,60.3,0.0,-5.0,6,489.212,4.199,376.368
882.2,75.91,60.3,0.0,-5.4,6,490.640,4.146,372.047
882.2,75.97,60.3,0.0,-7.1,6,491.629,4.109,369.175
897.5,76.06,60.3,0.0,-8.7,6,493.169,4.052,364.882
897.5,76.12,60.3,0.0,-8.9,6,494.233,4.014,362.031
897.5,76.20,60.3,0.0,-6.6,6,495.890,3.958,357.773
897.5,76.26,60.3,0.0,-4.0,6,497.035,3.921,354.947
913.2,76.36,60.3,0.0,-0.4,6,498.810,3.864,350.728
913.2,76.42,60.3,0.0,1.6,6,500.028,3.827,347.926
913.2,76.51,41.2,5.4,2.2,6,501.890,3.776,343.733
913.2,76.35,4.8,33.8,2.4,6,503.139,3.740,340.941
928.8,75.66,0.0,59.0,2.8,6,504.997,3.680,336.774
928.8,74.70,0.0,59.0,3.5,6,506.815,3.616,332.643
928.8,74.07,0.0,53.4,3.7,6,507.997,3.578,329.912
928.8,73.22,0.0,44.9,4.1,6,509.720,3.530,325.841
944.1,72.72,0.0,42.2,4.7,6,510.833,3.503,323.142
944.1,71.98,0.0,42.7,5.5,6,512.450,3.464,319.112
944.1,71.49,0.0,39.3,5.6,6,513.489,3.440,316.437
944.1,70.81,0.0,42.0,5.7,6,514.986,3.408,312.438
958.5,70.28,0.0,60.3,5.4,6,515.942,3.387,309.781
958.5,69.31,0.0,60.5,5.4,6,517.307,3.362,305.820
958.5,68.67,0.0,57.9,5.0,6,518.170,3.348,303.198
958.5,67.76,0.0,47.1,5.0,6,519.393,3.333,299.290
972.0,67.24,0.0,43.1,5.8,6,520.162,3.323,296.702
972.0,66.52,0.0,34.9,6.6,6,521.248,3.309,292.837
972.0,66.10,0.0,21.7,6.7,6,521.926,3.299,290.272
972.0,65.83,64.6,0.0,7.0,6,522.876,3.283,286.433
985.1,65.91,49.7,0.6,8.6,6,523.752,3.264,282.580
985.1,65.77,6.8,15.6,10.2,6,524.295,3.251,280.001
985.1,65.43,17.0,1.0,11.5,6,525.043,3.232,276.137
985.1,65.34,38.1,0.0,10.5,6,525.496,3.222,273.562
998.6,65.42,62.2,0.0,11.7,6,526.110,3.209,269.688
998.6,65.45,57.6,0.0,11.0,6,526.477,3.202,267.097
998.6,65.54,26.7,0.0,12.3,6,526.959,3.200,263.195
998.6,65.41,9.1,31.6,13.9,6,527.242,3.196,260.591
1013.2,64.82,0.0,31.9,13.8,6,527.613,3.175,256.698
1013.2,64.43,0.0,36.2,14.8,6,527.801,3.173,254.119
1013.2,63.91,4.7,2.9,13.8,6,528.017,3.169,250.274
1013.2,63.67,14.8,0.0,14.1,6,528.115,3.163,247.724
1027.1,63.46,12.9,0.0,14.4,6,528.181,3.157,243.910
1027.1,63.20,0.4,8.4,16.1,6,528.151,3.153,240.110
1027.1,62.96,0.0,6.3,17.6,6,528.079,3.152,237.587
1040.1,62.62,0.0,3.2,19.2,6,527.890,3.155,233.824
1040.1,62.33,0.2,0.0,19.0,6,527.604,3.166,230.087
1040.1,62.16,3.1,0.0,18.6,6,527.360,3.175,227.609
1040.1,61.93,4.4,0.0,17.4,6,526.921,3.189,223.912
1052.4,61.70,7.6,6.2,16.6,6,526.394,3.202,220.240
1052.4,61.44,18.9,0.0,12.7,6,525.777,3.216,216.598
1052.4,61.29,29.3,0.0,10.1,6,525.064,3.237,212.986
1064.4,61.33,56.7,0.0,7.8,6,523.975,3.273,208.207
1064.4,61.47,54.2,0.0,7.3,6,523.059,3.303,204.639
1064.4,61.63,54.3,0.0,6.4,6,522.073,3.334,201.081
1076.7,61.81,54.4,0.0,3.0,6,521.029,3.366,197.528
1076.7,62.00,54.5,0.0,0.2,6,519.943,3.398,193.977
1076.7,62.18,54.7,0.0,-1.9,6,518.827,3.430,190.423
1076.7,62.38,54.8,0.0,-3.1,6,517.700,3.461,186.861
1089.3,62.56,54.9,0.0,-2.2,6,516.576,3.492,183.286
1089.3,62.74,49.2,10.8,-2.4,6,515.462,3.520,179.696
1089.3,61.76,0.0,89.5,-3.9,0,514.009,3.548,174.916
1101.9,60.13,0.0,73.7,-2.4,5,512.628,3.571,170.239
1101.9,59.12,0.0,58.7,-2.3,5,511.648,3.588,166.797
1101.9,58.28,0.0,48.2,-3.2,5,510.716,3.604,163.399
1113.9,57.55,0.0,40.6,-5.1,5,509.835,3.619,160.037
1113.9,56.83,0.0,52.6,-7.4,5,509.004,3.634,156.706
1113.9,56.02,0.0,55.0,-7.5,5,508.230,3.652,153.408
1125.5,55.21,0.0,47.5,-8.6,5,507.514,3.669,150.148
1125.5,54.50,0.0,34.4,-8.2,5,506.862,3.684,146.921
1125.5,53.98,0.0,14.5,-9.4,5,506.280,3.698,143.719
1136.8,53.57,0.0,1.6,-12.0,5,505.614,3.711,139.470
1136.8,53.37,1.0,0.0,-15.0,5,505.201,3.716,136.288
1136.8,53.18,0.2,3.9,-18.0,5,504.862,3.718,133.109
1148.0,52.95,0.0,0.7,-21.4,5,504.596,3.715,129.936
1148.0,52.77,4.5,0.0,-24.4,5,504.400,3.705,126.770
1148.0,52.64,37.6,0.0,-23.5,5,504.281,3.690,123.611
1148.0,52.49,15.3,5.3,-20.9,5,504.251,3.680,120.457
1159.0,52.18,0.1,2.3,-17.9,5,504.347,3.677,116.270
1159.0,51.95,0.1,0.4,-16.2,5,504.506,3.670,113.149
1159.0,51.70,10.9,0.0,-14.6,5,504.747,3.665,110.049
1170.2,51.55,21.3,0.0,-13.0,5,505.066,3.660,106.968
1170.2,51.40,19.3,0.0,-13.2,5,505.452,3.644,103.903
1170.2,51.17,6.5,0.0,-15.4,5,506.099,3.632,99.852
1181.0,50.95,9.6,0.0,-13.8,0,506.660,3.610,96.839
1181.0,50.72,1.4,0.0,-17.2,4,507.302,3.591,93.858
1181.0,50.45,9.0,0.0,-21.7,4,508.020,3.569,90.908
1191.7,50.21,10.5,0.0,-27.0,4,508.818,3.546,87.995
1191.7,50.02,17.5,0.0,-35.8,4,509.690,3.520,85.118
1191.7,49.86,12.0,0.0,-45.7,4,510.631,3.488,82.272
1202.1,49.67,10.0,0.0,-57.4,4,511.639,3.451,79.462
1202.1,49.41,9.0,0.0,-67.5,4,513.078,3.397,75.769
1202.1,49.20,8.8,0.0,-67.4,4,514.224,3.353,73.042
1212.2,48.98,8.8,0.0,-63.2,4,515.429,3.308,70.354
1212.2,48.76,8.9,0.0,-58.6,4,516.701,3.265,67.712
1212.2,48.53,9.3,0.0,-53.6,4,518.043,3.226,65.120
1212.2,48.30,10.3,0.0,-53.3,4,519.455,3.193,62.581
1221.9,48.09,10.1,0.0,-46.0,4,520.935,3.164,60.097
1221.9,47.91,13.3,0.0,-35.2,4,522.480,3.136,57.666
1221.9,47.80,32.9,0.0,-26.4,4,524.085,3.109,55.286
1231.5,47.65,3.9,26.0,-10.3,4,526.324,3.077,52.189
1231.5,47.12,0.0,51.3,6.6,4,528.054,3.052,49.930
1231.5,46.32,0.0,64.6,17.9,4,529.788,3.025,47.724
1240.9,45.39,0.0,71.6,19.4,4,531.487,2.999,45.558
1240.9,44.42,26.8,71.7,16.4,0,533.124,2.975,43.416
1240.9,43.54,0.0,35.7,11.8,3,534.684,2.952,41.288
1249.7,43.00,0.0,9.0,7.3,3,536.168,2.929,39.159
1249.7,42.71,0.0,1.2,4.2,3,537.578,2.903,37.009
1249.7,42.48,0.0,0.9,4.3,3,538.915,2.875,34.831
1258.2,42.19,2.4,0.0,10.0,3,540.582,2.836,31.883
1258.2,41.99,2.3,0.1,16.8,3,541.744,2.805,29.640
1258.2,41.79,2.1,0.4,25.6,3,542.829,2.772,27.373
1258.2,41.61,10.3,0.0,36.2,3,543.839,2.738,25.085
1266.7,41.53,27.8,0.0,48.4,3,545.075,2.691,21.999
1266.7,41.51,28.8,0.0,53.5,3,545.924,2.656,19.657
1266.7,41.44,20.6,0.0,56.1,3,546.706,2.622,17.295
1275.4,41.33,15.9,0.0,57.0,3,547.420,2.588,14.916
1275.4,41.20,12.6,0.0,57.4,3,548.061,2.552,12.525
1275.4,41.04,12.4,0.0,57.5,3,548.626,2.514,10.123
1283.9,40.88,11.6,0.0,57.2,3,549.114,2.477,7.715
1283.9,40.66,10.3,0.0,58.1,3,549.643,2.426,4.497
1283.9,40.49,9.5,0.0,60.2,3,549.950,2.386,2.082
1292.5,40.31,8.9,0.0,63.0,3,550.181,2.346,-0.331
1292.5,40.14,8.7,0.0,65.2,3,550.339,2.306,-2.740
1292.5,39.97,8.7,0.0,65.6,3,550.424,2.264,-5.141
1301.0,39.79,8.8,0.0,63.9,3,550.437,2.221,-7.534
1301.0,39.63,9.1,0.0,61.7,3,550.378,2.178,-9.915
1301.0,39.47,9.6,0.0,59.6,3,550.246,2.135,-12.284
1301.0,39.30,10.5,0.0,57.4,3,550.042,2.091,-14.638
1309.5,39.11,14.0,0.0,52.9,3,549.653,2.034,-17.750
1309.5,39.00,17.8,0.0,48.7,3,549.275,1.993,-20.062
1309.5,38.93,24.8,0.0,44.2,3,548.823,1.954,-22.355
1317.7,38.91,37.1,0.0,38.5,3,548.298,1.914,-24.630
1317.7,39.02,61.9,0.0,31.7,3,547.699,1.877,-26.888
1317.7,39.32,89.8,0.0,23.8,3,547.024,1.842,-29.138
1326.2,39.69,91.1,0.0,15.2,3,546.273,1.809,-31.384
1326.2,40.08,91.1,0.0,8.6,3,545.450,1.776,-33.631
1326.2,40.50,91.1,0.0,5.2,3,544.559,1.743,-35.877
1334.9,41.05,91.1,0.0,6.7,3,543.271,1.698,-38.871
1334.9,41.47,91.1,0.0,9.9,3,542.236,1.665,-41.119
1334.9,41.89,91.1,0.0,11.4,3,541.147,1.635,-43.369
1343.5,42.30,91.1,0.0,12.2,3,540.006,1.608,-45.621
1343.5,42.72,91.1,0.0,12.6,3,538.815,1.582,-47.876
1343.5,43.12,91.1,0.0,12.8,3,537.572,1.556,-50.130
1343.5,43.52,91.1,0.0,12.3,3,536.272,1.530,-52.380
1352.5,43.92,91.2,0.0,12.1,3,534.914,1.507,-54.623
1352.5,44.31,91.2,0.0,11.6,3,533.497,1.485,-56.857
1352.5,44.84,91.2,0.0,11.8,3,531.516,1.456,-59.821
1361.5,45.22,91.2,0.0,13.0,3,529.962,1.433,-62.029
1361.5,45.60,91.2,0.0,12.9,3,528.349,1.408,-64.224
1361.5,45.98,91.2,0.0,12.5,3,526.678,1.380,-66.404
1370.5,46.34,91.2,0.0,12.0,3,524.948,1.349,-68.565
1370.5,46.72,91.2,0.0,12.7,3,523.159,1.317,-70.707
1370.5,47.08,91.3,0.0,14.8,3,521.309,1.282,-72.827
1379.6,47.43,91.3,0.0,14.7,3,519.399,1.246,-74.921
1379.6,47.79,91.3,0.0,14.7,3,517.428,1.209,-76.987
1379.6,48.25,91.3,0.0,15.4,3,514.708,1.156,-79.697
1389.1,48.58,91.3,0.0,15.1,3,512.598,1.115,-81.692
1389.1,48.91,91.3,0.0,13.9,3,510.426,1.076,-83.650
1389.1,49.25,91.3,0.0,12.4,3,508.195,1.040,-85.571
1389.1,49.57,91.4,0.0,12.1,3,505.907,1.006,-87.454
1398.6,50.02,91.4,0.0,10.8,3,502.775,0.955,-89.915
1398.6,50.46,91.4,0.0,8.3,3,499.553,0.894,-92.316
1408.5,50.79,91.4,0.0,6.1,3,497.077,0.848,-94.073
1408.5,51.12,91.5,0.0,2.7,3,494.552,0.802,-95.794
1408.5,51.35,0.0,0.0,1.3,0,491.983,0.758,-97.487
1408.5,51.46,91.2,0.0,1.2,4,489.392,0.717,-99.153
1418.7,51.79,91.2,0.0,0.5,4,486.776,0.679,-100.810
1418.7,52.11,91.2,0.0,-0.3,4,484.138,0.645,-102.468
1418.7,52.56,91.2,0.0,-1.3,4,480.590,0.599,-104.690
1429.1,52.88,88.6,0.0,-1.9,4,477.911,0.566,-106.370
1429.1,53.32,75.7,0.0,-3.9,4,474.321,0.522,-108.636
1429.1,53.64,66.2,0.0,-4.4,4,471.618,0.490,-110.363
1440.0,53.99,58.9,0.0,-4.0,4,468.912,0.464,-112.121
1440.0,54.32,59.3,0.0,-5.3,4,466.203,0.443,-113.913
1440.0,54.74,59.3,0.0,-6.8,4,463.491,0.414,-115.736
1451.1,54.94,60.0,0.0,-8.8,4,460.779,0.391,-117.599
1451.1,55.37,59.6,0.0,-11.4,4,458.070,0.360,-119.501
1451.1,55.79,59.9,0.0,-10.5,4,454.474,0.322,-122.111
1462.7,56.09,60.0,0.0,-9.9,4,451.796,0.293,-124.130
1462.7,56.48,59.8,0.0,-10.0,4,448.258,0.254,-126.914
1462.7,56.74,60.0,0.0,-11.3,4,445.640,0.232,-129.077
1474.5,57.01,60.0,0.0,-11.6,4,443.051,0.212,-131.299
1474.5,57.27,60.0,0.0,-11.3,4,440.492,0.195,-133.581
1474.5,57.52,60.0,0.0,-8.5,4,437.968,0.182,-135.923
1486.3,57.78,60.0,0.0,-7.4,4,435.477,0.174,-138.321
1486.3,58.04,60.0,0.0,-7.5,4,433.017,0.167,-140.774
1486.3,58.30,60.0,0.0,-7.7,4,430.583,0.160,-143.275
1498.2,58.64,60.0,0.0,-7.4,4,427.379,0.149,-146.682
1498.2,58.89,60.0,0.0,-6.9,4,425.008,0.142,-149.291
1498.2,59.15,60.0,0.0,-6.5,4,422.665,0.138,-151.946
1498.2,59.39,60.0,0.0,-6.4,4,420.352,0.139,-154.646
1510.2,59.64,60.1,0.0,-6.9,4,418.066,0.144,-157.389
1510.2,59.89,60.1,0.0,-7.1,4,415.806,0.146,-160.173
1510.2,60.13,60.1,0.0,-7.3,4,413.573,0.144,-162.996
1522.2,60.37,60.1,0.0,-7.1,4,411.370,0.138,-165.861
1522.2,60.69,60.2,0.0,-6.0,4,408.480,0.125,-169.745
1522.2,60.92,59.9,0.0,-6.8,4,406.348,0.111,-172.705
1534.2,60.93,0.0,0.0,-5.7,0,404.252,0.097,-175.702
1534.2,61.16,79.6,0.0,-3.8,5,401.514,0.072,-179.743
1534.2,61.47,66.6,0.0,-3.4,5,398.828,0.043,-183.846
1546.4,61.70,58.8,0.0,-3.6,5,396.843,0.022,-186.962
1546.4,61.93,58.9,0.0,-3.5,5,394.877,0.000,-190.107
1546.4,62.16,59.0,0.0,-3.1,5,392.930,-0.019,-193.279
1558.7,62.39,59.1,0.0,-2.4,5,390.999,-0.035,-196.478
1558.7,62.62,59.2,0.0,-2.0,5,389.083,-0.048,-199.701
1558.7,62.77,59.3,0.0,-1.9,5,387.813,-0.055,-201.863
1558.7,63.00,59.3,0.0,-1.8,5,385.916,-0.064,-205.124
1571.2,63.15,59.4,0.0,-1.7,5,384.656,-0.069,-207.310
1571.2,63.38,59.4,0.0,-1.5,5,382.773,-0.074,-210.605
1571.2,63.52,59.5,0.0,-1.1,5,381.522,-0.077,-212.813
1571.2,63.75,59.6,0.0,-0.5,5,379.650,-0.081,-216.140
1583.9,63.90,59.6,0.0,-0.9,5,378.404,-0.084,-218.368
1583.9,64.11,59.7,0.0,-1.2,5,376.537,-0.087,-221.723
1583.9,64.26,59.7,0.0,-1.4,5,375.293,-0.088,-223.969
1583.9,64.47,59.8,0.0,-1.4,5,373.430,-0.089,-227.351
1596.7,64.70,59.8,0.0,-1.4,5,371.570,-0.090,-230.750
1596.7,64.83,59.8,0.0,-1.3,5,370.332,-0.092,-233.026
1596.7,65.05,59.9,0.0,-1.2,5,368.477,-0.096,-236.452
1596.7,65.19,60.0,0.0,-1.2,5,367.242,-0.101,-238.745
1609.7,65.40,60.0,0.0,-1.2,5,365.392,-0.110,-242.198
1609.7,65.54,60.1,0.0,-1.4,5,364.161,-0.116,-244.509
1609.7,65.75,60.1,0.0,-1.3,5,362.317,-0.128,-247.988
1609.7,65.88,60.1,0.0,-1.4,5,361.089,-0.137,-250.317
1622.8,66.09,60.1,0.0,-1.5,5,359.252,-0.151,-253.824
1622.8,66.23,60.1,0.0,-1.3,5,358.030,-0.161,-256.171
1622.8,66.43,60.1,0.0,-1.2,5,356.201,-0.176,-259.705
1622.8,66.56,60.1,0.0,-1.1,5,354.985,-0.186,-262.070
1636.1,66.76,60.1,0.0,-1.0,5,353.166,-0.203,-265.631
1636.1,66.89,60.1,0.0,-1.2,5,351.956,-0.213,-268.014
1636.1,67.08,60.1,0.0,-1.2,5,350.145,-0.230,-271.601
1636.1,67.21,60.1,0.0,-0.9,5,348.939,-0.240,-274.001
1649.4,67.40,60.1,0.0,-0.5,5,347.133,-0.256,-277.613
1649.4,67.59,60.1,0.0,-0.2,5,345.330,-0.273,-281.238
1649.4,67.72,60.1,0.0,-0.3,5,344.129,-0.285,-283.663
1663.0,67.91,60.1,0.0,-0.4,5,342.327,-0.305,-287.311
1663.0,68.03,60.1,0.0,-0.3,5,341.126,-0.319,-289.750
1663.0,68.22,60.1,0.0,-0.1,5,339.323,-0.341,-293.418
1663.0,68.34,60.1,0.0,-0.0,5,338.120,-0.355,-295.869
1676.6,68.52,60.2,0.0,0.0,5,336.314,-0.378,-299.556
1676.6,68.65,60.1,0.0,0.0,5,335.107,-0.399,-302.019
1676.6,68.81,60.2,0.0,0.0,5,333.295,-0.423,-305.723
1676.6,68.93,60.2,0.0,-0.0,5,332.084,-0.436,-308.197
1690.3,69.11,60.2,0.0,-0.0,5,330.265,-0.456,-311.917
1690.3,69.24,60.2,0.0,0.1,5,329.049,-0.473,-314.402
1690.3,69.41,60.2,0.0,0.1,5,327.222,-0.498,-318.138
1690.3,69.57,60.3,0.0,-0.0,5,325.390,-0.523,-321.883
1704.2,69.69,60.3,0.0,-0.1,5,324.167,-0.538,-324.385
1704.2,69.86,60.2,0.0,-0.0,5,322.328,-0.562,-328.145
1704.2,69.97,60.2,0.0,-0.0,5,321.100,-0.577,-330.657
1704.2,70.13,60.1,0.0,-0.0,5,319.255,-0.601,-334.433
1718.2,70.16,0.0,0.0,-0.1,0,318.023,-0.617,-336.955
1718.2,70.16,86.3,0.0,-0.1,6,316.177,-0.641,-340.736
1718.2,70.26,79.9,0.0,-0.2,6,314.945,-0.657,-343.259
1718.2,70.43,70.2,0.0,-0.1,6,313.095,-0.682,-347.052
1732.3,70.53,63.7,0.0,-0.1,6,311.859,-0.698,-349.586
1732.3,70.70,59.2,0.0,-0.1,6,310.004,-0.722,-353.395
1732.3,70.80,59.2,0.0,-0.1,6,308.765,-0.739,-355.939
1732.3,70.96,59.3,0.0,-0.1,6,306.905,-0.765,-359.762
1746.4,71.06,59.3,0.0,-0.1,6,305.663,-0.784,-362.317
1746.4,71.22,59.3,0.0,-0.1,6,303.798,-0.812,-366.156
1746.4,71.32,59.4,0.0,-0.0,6,302.553,-0.832,-368.720
1746.4,71.48,59.4,0.0,-0.1,6,300.683,-0.863,-372.574
1760.7,71.63,59.5,0.0,-0.1,6,298.810,-0.894,-376.437
1760.7,71.74,59.5,0.0,-0.1,6,297.561,-0.915,-379.017
1760.7,71.88,59.6,0.0,-0.0,6,295.683,-0.949,-382.895
1760.7,71.98,59.6,0.0,-0.1,6,294.430,-0.971,-385.484
1775.0,72.13,59.6,0.0,-0.1,6,292.548,-1.003,-389.376
1775.0,72.29,59.7,0.0,-0.0,6,290.663,-1.035,-393.277
1775.0,72.38,59.7,0.0,0.0,6,289.404,-1.056,-395.882
1775.0,72.53,59.8,0.0,0.1,6,287.514,-1.089,-399.797
1789.5,72.63,59.8,0.0,0.1,6,286.251,-1.112,-402.411
1789.5,72.78,59.8,0.0,0.1,6,284.354,-1.147,-406.339
1789.5,72.87,59.9,0.0,0.1,6,283.087,-1.168,-408.961
1789.5,73.02,59.9,0.0,0.1,6,281.183,-1.194,-412.902
1804.1,73.17,59.9,0.0,0.3,6,279.273,-1.222,-416.849
1804.1,73.26,59.9,0.0,0.3,6,277.998,-1.241,-419.485
1804.1,73.40,60.0,0.0,0.2,6,276.080,-1.268,-423.445
1804.1,73.50,60.0,0.0,0.2,6,274.799,-1.288,-426.088
1818.7,73.63,60.1,0.0,0.2,6,272.872,-1.317,-430.059
1818.7,73.73,60.1,0.0,0.3,6,271.583,-1.337,-432.709
1818.7,73.87,60.1,0.0,0.4,6,269.646,-1.368,-436.690
1818.7,73.96,60.1,0.0,0.4,6,268.352,-1.388,-439.348
1833.5,74.10,60.1,0.0,0.4,6,266.404,-1.417,-443.339
1833.5,74.18,60.2,0.0,0.4,6,265.102,-1.437,-446.004
1833.5,74.32,60.2,0.0,0.4,6,263.143,-1.465,-450.004
1833.5,74.41,60.2,0.0,0.4,6,261.833,-1.484,-452.674
1848.3,74.54,60.2,0.0,0.4,6,259.861,-1.510,-456.684
1848.3,74.63,60.2,0.0,0.4,6,258.542,-1.528,-459.359
1848.3,74.76,60.2,0.0,0.5,6,256.557,-1.553,-463.377
1863.3,74.89,60.2,0.0,0.4,6,254.564,-1.580,-467.400
1863.3,74.98,60.2,0.0,0.4,6,253.230,-1.599,-470.084
1863.3,75.06,60.2,0.0,0.5,6,251.894,-1.616,-472.770
1863.3,75.19,60.2,0.0,0.4,6,249.882,-1.642,-476.803
1878.3,75.31,60.3,0.0,0.5,6,247.861,-1.668,-480.841
1878.3,75.40,60.3,0.0,0.4,6,246.510,-1.684,-483.535
1878.3,75.52,60.3,0.0,0.4,6,244.476,-1.708,-487.579
1878.3,75.60,60.3,0.0,0.4,6,243.116,-1.724,-490.278
1893.4,75.72,60.3,0.0,0.3,6,241.069,-1.747,-494.330
1893.4,75.80,60.3,0.0,0.4,6,239.701,-1.762,-497.033
1893.4,75.92,60.3,0.0,0.3,6,237.643,-1.784,-501.093
1893.4,76.00,60.3,0.0,0.2,6,236.267,-1.799,-503.801
1908.6,76.11,60.3,0.0,0.1,6,234.197,-1.823,-507.868
1908.6,76.19,60.3,0.0,0.2,6,232.814,-1.838,-510.582
1908.6,76.31,60.3,0.0,0.2,6,230.733,-1.862,-514.656
1908.6,76.42,60.3,0.0,0.3,6,228.647,-1.885,-518.735
1923.8,76.50,60.3,0.0,0.3,6,227.253,-1.902,-521.457
1923.8,76.61,60.3,0.0,0.2,6,225.158,-1.927,-525.544
1923.8,76.69,60.3,0.0,0.1,6,223.757,-1.944,-528.271
1923.8,76.79,60.3,0.0,-0.0,6,221.652,-1.964,-532.366
1939.2,76.87,60.3,0.0,-0.1,6,220.245,-1.978,-535.098
1939.2,76.98,60.3,0.0,-0.3,6,218.132,-2.002,-539.201
1939.2,77.06,60.3,0.0,-0.3,6,216.722,-2.020,-541.940
1939.2,77.17,60.3,0.0,-0.5,6,214.605,-2.052,-546.053
1954.6,77.24,60.3,0.0,-0.5,6,213.192,-2.077,-548.799
1954.6,77.35,60.3,0.0,-0.4,6,211.075,-2.118,-552.925
1954.6,77.42,60.3,0.0,-0.4,6,209.664,-2.148,-555.679
1954.6,77.52,60.3,0.0,-0.4,6,207.549,-2.193,-559.818
1970.0,77.63,60.3,0.0,-0.5,6,205.437,-2.241,-563.966
1970.0,77.70,60.3,0.0,-0.6,6,204.031,-2.274,-566.735
1970.0,77.80,60.3,0.0,-0.6,6,201.924,-2.325,-570.897
1970.0,77.87,60.3,0.0,-0.6,6,200.522,-2.359,-573.676
1985.6,77.97,60.4,0.0,-0.6,6,198.421,-2.410,-577.852
1985.6,78.04,60.4,0.0,-0.4,6,197.023,-2.446,-580.641
1985.6,78.14,60.4,0.0,-0.4,6,194.929,-2.500,-584.832
1985.6,78.21,60.4,0.0,-0.3,6,193.535,-2.536,-587.630
2001.2,78.30,60.4,0.0,-0.2,6,191.448,-2.587,-591.835
2001.2,78.38,60.4,0.0,-0.1,6,190.057,-2.623,-594.643
2001.2,78.48,60.4,0.0,0.2,6,187.972,-2.681,-598.861
2001.2,78.54,60.4,0.0,0.4,6,186.581,-2.719,-601.676
2016.9,78.64,60.4,0.0,0.5,6,184.494,-2.775,-605.904
2016.9,78.71,60.4,0.0,0.6,6,183.101,-2.813,-608.725
2016.9,78.79,60.4,0.0,0.8,6,181.005,-2.865,-612.959
2016.9,78.86,60.4,0.0,0.9,6,179.603,-2.899,-615.783
2032.6,78.96,60.5,0.0,1.2,6,177.492,-2.952,-620.021
2032.6,79.05,60.5,0.0,1.3,6,175.368,-3.002,-624.258
2032.6,79.11,60.5,0.0,1.2,6,173.944,-3.031,-627.082
2032.6,79.20,60.4,0.0,1.2,6,171.796,-3.071,-631.317
2048.5,79.26,60.4,0.0,1.1,6,170.355,-3.096,-634.139
2048.5,79.35,60.4,0.0,1.1,6,168.180,-3.133,-638.371
2048.5,79.40,60.3,0.0,0.9,6,166.721,-3.155,-641.191
2048.5,79.49,60.3,0.0,0.7,0,164.520,-3.185,-645.419
2064.3,79.36,89.8,0.0,0.6,7,162.308,-3.212,-649.639
2064.3,79.41,83.3,0.0,0.6,7,160.827,-3.226,-652.447
2064.3,79.49,73.6,0.0,0.6,7,158.595,-3.243,-656.660
2064.3,79.54,67.1,0.0,0.5,7,157.100,-3.252,-659.467
2080.2,79.63,59.3,0.0,0.5,7,154.850,-3.260,-663.679
2080.2,79.71,59.4,0.0,0.5,7,152.588,-3.264,-667.890
2080.2,79.76,59.4,0.0,0.6,7,151.075,-3.264,-670.697
2096.1,79.84,59.4,0.0,0.6,7,148.797,-3.262,-674.909
2096.1,79.90,59.4,0.0,0.6,7,147.273,-3.257,-677.716
2096.1,79.97,59.4,0.0,0.6,7,144.979,-3.248,-681.928
2096.1,80.03,59.4,0.0,0.6,7,143.444,-3.240,-684.735
2112.0,80.10,59.4,0.0,0.7,7,141.133,-3.224,-688.947
2112.0,80.14,59.5,0.0,0.8,7,139.586,-3.210,-691.754
2112.0,80.22,59.5,0.0,0.8,7,137.258,-3.185,-695.963
2112.0,80.27,59.5,0.0,0.9,7,135.699,-3.165,-698.769
2128.0,80.34,59.5,0.0,1.2,7,133.351,-3.132,-702.976
2128.0,80.39,59.6,0.0,1.5,7,131.778,-3.107,-705.780
2128.0,80.46,59.6,0.0,1.8,7,129.408,-3.067,-709.982
2128.0,80.50,59.6,0.0,1.8,7,127.818,-3.037,-712.782
2144.1,80.56,59.6,0.0,2.1,7,125.417,-2.987,-716.974
2144.1,80.61,59.6,0.0,2.4,7,123.804,-2.949,-719.765
2144.1,80.63,33.7,28.4,2.5,7,121.363,-2.888,-723.941
2144.1,79.94,0.0,68.2,2.4,7,118.906,-2.821,-728.090
2160.1,79.19,0.0,78.9,1.3,7,117.268,-2.774,-730.821
2160.1,77.95,0.0,84.1,1.0,7,114.821,-2.694,-734.853
2160.1,77.11,0.0,85.2,1.1,7,113.198,-2.638,-737.497
2160.1,75.81,0.0,85.3,1.3,7,110.778,-2.550,-741.397
2175.5,74.97,0.0,85.4,1.4,7,109.176,-2.490,-743.953
2175.5,73.69,0.0,85.1,1.4,7,106.789,-2.399,-747.722
2175.5,72.84,0.0,84.8,1.3,7,105.210,-2.338,-750.193
2175.5,71.59,0.0,85.7,1.8,7,102.859,-2.248,-753.834
2190.0,70.73,0.0,84.8,2.1,7,101.304,-2.190,-756.220
2190.0,69.55,0.0,90.0,3.3,0,98.987,-2.105,-759.733
2190.0,68.67,33.7,87.7,2.6,0,97.453,-2.055,-762.035
2190.0,67.39,0.0,84.4,1.7,6,95.163,-1.981,-765.415
2203.8,66.55,0.0,84.4,1.5,6,93.639,-1.928,-767.620
2203.8,65.33,0.0,85.6,1.7,6,91.363,-1.853,-770.859
2203.8,64.06,0.0,84.4,1.1,6,89.100,-1.779,-774.015
2203.8,62.84,0.0,84.8,2.5,6,86.850,-1.705,-777.087
2216.6,62.02,0.0,84.4,3.0,6,85.358,-1.656,-779.092
2216.6,60.82,24.2,85.2,2.8,0,83.134,-1.586,-782.033
2216.6,59.62,0.0,85.6,2.4,5,80.927,-1.519,-784.896
2216.6,58.81,0.0,85.4,2.3,5,79.464,-1.477,-786.760
2228.6,57.59,0.0,84.6,2.7,5,77.284,-1.416,-789.490
2228.6,56.78,0.0,84.1,3.3,5,75.839,-1.377,-791.265
2228.6,55.60,0.0,85.3,4.2,5,73.684,-1.321,-793.859
2228.6,54.79,0.0,84.6,4.5,5,72.255,-1.285,-795.544
2239.8,53.61,0.0,76.5,4.1,0,70.122,-1.233,-798.000
2239.8,52.90,22.0,71.9,3.6,0,68.704,-1.198,-799.592
2239.8,51.94,0.0,45.1,2.6,4,66.580,-1.147,-801.911
2239.8,51.44,0.0,29.6,2.0,4,65.160,-1.113,-803.414
2250.2,50.93,0.0,19.0,3.4,4,63.012,-1.063,-805.609
2250.2,50.66,0.0,16.3,6.0,4,61.565,-1.029,-807.035
2250.2,50.30,0.0,13.3,10.2,4,59.372,-0.978,-809.124
2250.2,50.08,0.0,12.7,12.0,4,57.895,-0.943,-810.484
2260.2,49.76,0.0,10.6,13.5,4,55.659,-0.891,-812.477
2260.2,49.47,0.0,9.7,13.7,4,53.396,-0.840,-814.411
2260.2,49.28,0.0,8.8,13.7,4,51.873,-0.806,-815.668
2270.1,48.99,0.0,7.8,13.3,4,49.564,-0.758,-817.502
2270.1,48.81,0.0,5.1,13.0,4,48.008,-0.726,-818.687
2270.1,48.57,0.0,2.7,13.4,4,45.648,-0.676,-820.408
2270.1,48.43,0.0,3.0,14.1,4,44.058,-0.644,-821.519
2279.9,48.21,0.0,2.4,15.4,4,41.647,-0.596,-823.129
2279.9,48.06,0.0,0.4,15.8,4,40.023,-0.565,-824.164
2279.9,47.88,4.8,0.0,16.5,4,37.563,-0.516,-825.657
2279.9,47.77,4.3,0.0,16.9,4,35.906,-0.483,-826.613
2289.9,47.60,4.1,0.0,16.0,4,33.397,-0.434,-827.988
2289.9,47.48,2.2,0.0,14.0,4,31.710,-0.402,-828.864
2289.9,47.31,2.9,0.0,11.7,4,29.159,-0.353,-830.120
2289.9,47.20,1.2,0.0,10.7,4,27.445,-0.321,-830.918
2299.8,47.03,4.3,0.0,10.9,4,24.859,-0.272,-832.058
2299.8,46.94,6.9,0.0,12.6,4,23.124,-0.239,-832.781
2299.8,46.82,14.1,0.0,16.5,4,20.507,-0.188,-833.810
2299.8,46.70,6.1,0.0,20.4,4,17.872,-0.137,-834.775
2309.7,46.60,3.8,0.0,20.7,4,16.108,-0.106,-835.383
2309.7,46.43,2.9,0.0,20.7,4,13.452,-0.060,-836.237
2309.7,46.31,5.0,0.0,18.7,4,11.674,-0.029,-836.765
2309.7,46.14,3.4,0.0,16.2,4,8.997,0.019,-837.491
2319.5,46.02,2.7,0.0,16.1,4,7.207,0.052,-837.930
2319.5,45.84,1.7,0.0,17.1,4,4.517,0.102,-838.525
2319.5,45.72,1.0,0.0,18.0,4,2.720,0.135,-838.879
2319.5,45.53,0.9,0.0,19.0,4,0.023,0.182,-839.347
2328.9,45.41,1.1,0.1,19.6,4,-1.776,0.213,-839.616
2328.9,45.23,0.9,0.0,21.6,4,-4.474,0.258,-839.957
2328.9,45.11,3.1,0.0,21.0,4,-6.271,0.288,-840.141
2328.9,44.93,1.3,0.0,18.7,4,-8.963,0.330,-840.355
2338.5,44.74,0.4,0.2,18.0,4,-11.650,0.370,-840.494
2338.5,44.67,29.1,0.0,17.9,4,-13.437,0.396,-840.545
2338.5,44.76,74.3,0.0,17.4,4,-16.118,0.433,-840.561
2338.5,44.86,42.5,16.3,17.4,4,-17.911,0.456,-840.532
2348.1,44.52,0.0,41.4,19.2,4,-20.593,0.488,-840.433
2348.1,44.12,0.0,18.3,20.8,4,-22.363,0.507,-840.331
2348.1,43.84,28.7,0.0,20.5,4,-24.992,0.533,-840.124
2348.1,43.92,85.5,0.0,20.2,4,-26.737,0.548,-839.946
2357.6,44.20,91.1,0.0,20.1,4,-29.360,0.570,-839.622
2357.6,44.39,91.1,0.0,20.8,4,-31.113,0.582,-839.367
2357.6,44.66,91.1,0.0,20.8,4,-33.747,0.598,-838.925
2357.6,44.84,91.1,0.0,22.1,4,-35.505,0.609,-838.588
2367.1,45.12,91.1,0.0,22.5,4,-38.143,0.625,-838.020
2367.1,45.30,91.1,0.0,23.3,4,-39.901,0.636,-837.600
2367.1,45.57,91.1,0.0,23.5,4,-42.537,0.652,-836.907
2367.1,45.76,91.1,0.0,23.4,4,-44.293,0.662,-836.405
2376.8,46.05,91.1,0.0,23.6,4,-46.924,0.675,-835.592
2376.8,46.31,91.1,0.0,23.7,4,-49.549,0.685,-834.708
2376.8,46.49,91.1,0.0,23.6,4,-51.294,0.692,-834.076
2376.8,46.75,91.1,0.0,23.6,4,-53.901,0.701,-833.065
2386.5,46.94,91.1,0.0,23.7,4,-55.633,0.707,-832.349
2386.5,47.20,91.1,0.0,23.9,4,-58.218,0.714,-831.213
2386.5,47.39,91.2,0.0,24.3,4,-59.933,0.717,-830.416
2386.5,47.65,91.2,0.0,25.1,4,-62.492,0.718,-829.160
2396.4,47.83,91.2,0.0,25.8,4,-64.188,0.717,-828.281
2396.4,48.10,91.2,0.0,27.6,4,-66.713,0.715,-826.902
2396.4,48.27,91.2,0.0,29.3,4,-68.384,0.712,-825.942
2396.4,48.54,91.2,0.0,30.1,4,-70.871,0.706,-824.443
2406.3,48.69,81.4,0.0,30.4,4,-72.514,0.700,-823.404
2406.3,48.89,80.5,0.0,30.3,4,-74.953,0.691,-821.787
2406.3,49.03,82.7,0.0,29.8,4,-76.561,0.684,-820.670
2406.3,49.25,84.6,0.0,28.9,4,-78.945,0.673,-818.936
2416.2,49.39,85.7,0.0,27.9,4,-80.515,0.665,-817.742
2416.2,49.64,89.0,0.0,26.9,4,-82.841,0.650,-815.894
2416.2,49.81,89.4,0.0,26.7,4,-84.371,0.639,-814.624
2416.2,50.06,91.1,0.0,26.3,4,-86.634,0.621,-812.663
2426.0,50.32,91.2,0.0,25.8,4,-88.859,0.600,-810.634
2426.0,50.49,91.2,0.0,26.1,4,-90.320,0.585,-809.245
2426.0,50.74,91.2,0.0,25.6,4,-92.477,0.559,-807.108
2426.0,50.91,91.2,0.0,24.5,4,-93.890,0.540,-805.647
2435.9,51.17,91.2,0.0,23.4,4,-95.971,0.513,-803.401
2435.9,51.33,91.2,0.0,23.9,4,-97.332,0.493,-801.868
2435.9,51.60,91.2,0.0,24.0,4,-99.335,0.462,-799.518
2435.9,51.77,91.2,0.0,23.8,4,-100.642,0.440,-797.917
2445.9,52.03,91.2,0.0,23.1,4,-102.562,0.406,-795.466
2445.9,52.21,91.2,0.0,22.7,4,-103.814,0.382,-793.800
2445.9,52.47,91.3,0.0,21.5,4,-105.650,0.343,-791.253
2445.9,52.64,91.3,0.0,20.4,4,-106.845,0.314,-789.525
2456.0,52.90,86.7,0.0,18.4,4,-108.595,0.267,-786.886
2456.0,53.16,77.0,0.0,16.7,4,-110.290,0.216,-784.195
2456.0,53.34,70.6,0.0,15.0,4,-111.389,0.180,-782.371
2466.5,53.61,60.9,0.0,13.0,4,-112.994,0.122,-779.594
2466.5,53.79,59.1,0.0,12.5,4,-114.036,0.082,-777.717
2466.5,54.09,59.2,0.0,9.8,4,-115.560,0.020,-774.863
2466.5,54.32,59.1,0.0,8.1,4,-116.557,-0.026,-772.938
2477.2,54.68,59.2,0.0,2.5,4,-118.024,-0.103,-770.017
2477.2,54.90,59.3,0.0,-1.4,4,-118.985,-0.157,-768.049
2477.2,55.20,59.5,0.0,-3.4,4,-120.410,-0.243,-765.071
2477.2,55.43,59.6,0.0,-3.4,4,-121.356,-0.302,-763.072
2488.4,55.77,59.7,0.0,-2.9,4,-122.783,-0.392,-760.059
2488.4,56.00,59.7,0.0,-3.1,4,-123.747,-0.452,-758.042
2488.4,56.31,59.8,0.0,-3.8,4,-125.212,-0.547,-755.010
2488.4,56.52,59.8,0.0,-4.4,4,-126.202,-0.616,-752.985
2499.9,56.82,59.9,0.0,-4.7,4,-127.714,-0.725,-749.941
2499.9,57.03,59.9,0.0,-4.7,4,-128.739,-0.798,-747.909
2499.9,57.31,60.0,0.0,-3.9,4,-130.308,-0.906,-744.860
2499.9,57.62,60.0,0.0,-3.4,4,-131.912,-1.011,-741.811
2511.5,57.81,60.0,0.0,-3.7,4,-133.000,-1.083,-739.776
2511.5,58.12,60.0,0.0,-4.0,4,-134.658,-1.196,-736.721
2511.5,58.31,60.0,0.0,-4.3,4,-135.780,-1.274,-734.683
2511.5,58.59,60.0,0.0,-4.1,4,-137.489,-1.395,-731.624
2523.4,58.79,60.0,0.0,-4.0,4,-138.647,-1.479,-729.583
2523.4,59.07,60.0,0.0,-3.7,4,-140.408,-1.610,-726.521
2523.4,59.25,60.0,0.0,-3.7,4,-141.600,-1.702,-724.480
2523.4,59.54,60.0,0.0,-3.8,4,-143.413,-1.846,-721.416
2535.4,59.72,60.1,0.0,-3.4,4,-144.639,-1.944,-719.373
2535.4,59.99,60.1,0.0,-3.1,4,-146.505,-2.093,-716.308
2535.4,60.17,60.1,0.0,-2.9,4,-147.766,-2.194,-714.266
2535.4,60.45,60.1,0.0,-2.7,4,-149.682,-2.345,-711.200
2547.5,60.63,60.2,0.0,-2.7,4,-150.975,-2.446,-709.156
2547.5,60.89,59.9,0.0,-2.4,0,-152.938,-2.596,-706.088
2547.5,60.86,89.4,0.0,-1.9,5,-154.924,-2.741,-703.026
2547.5,61.04,82.9,0.0,-1.7,5,-156.258,-2.835,-700.988
2559.8,61.30,73.1,0.0,-1.7,5,-158.279,-2.974,-697.928
2559.8,61.47,66.6,0.0,-1.8,5,-159.639,-3.066,-695.887
2559.8,61.72,58.8,0.0,-2.0,5,-161.697,-3.201,-692.821
2559.8,61.89,58.9,0.0,-2.0,5,-163.081,-3.286,-690.774
2572.2,62.13,59.0,0.0,-1.9,5,-165.176,-3.406,-687.703
2572.2,62.30,59.1,0.0,-1.8,5,-166.585,-3.480,-685.653
2572.2,62.54,59.2,0.0,-1.6,5,-168.717,-3.580,-682.577
2572.2,62.70,59.3,0.0,-1.6,5,-170.151,-3.640,-680.524
2584.7,62.94,59.4,0.0,-1.4,5,-172.320,-3.721,-677.444
2584.7,63.09,59.4,0.0,-1.3,5,-173.778,-3.767,-675.389
2584.7,63.32,59.5,0.0,-1.2,5,-175.983,-3.826,-672.304
2584.7,63.48,59.5,0.0,-1.3,5,-177.464,-3.858,-670.246
2597.4,63.71,59.6,0.0,-1.3,5,-179.701,-3.899,-667.155
2597.4,63.86,59.6,0.0,-1.4,5,-181.203,-3.921,-665.093
2597.4,64.09,59.7,0.0,-1.3,5,-183.469,-3.951,-661.996
2597.4,64.31,59.7,0.0,-1.2,5,-185.753,-3.979,-658.894
2610.2,64.46,59.8,0.0,-1.3,5,-187.284,-3.996,-656.824
2610.2,64.68,59.8,0.0,-1.2,5,-189.595,-4.019,-653.715
2610.2,64.83,59.9,0.0,-1.2,5,-191.145,-4.032,-651.640
2610.2,65.05,59.9,0.0,-1.1,5,-193.483,-4.049,-648.523
2623.1,65.18,60.0,0.0,-0.9,5,-195.050,-4.058,-646.443
2623.1,65.40,60.0,0.0,-0.8,5,-197.414,-4.068,-643.320
2623.1,65.53,60.1,0.0,-0.8,5,-198.999,-4.072,-641.236
2623.1,65.74,60.1,0.0,-0.8,5,-201.388,-4.075,-638.106
2636.2,65.88,60.1,0.0,-0.9,5,-202.988,-4.074,-636.017
2636.2,66.08,60.1,0.0,-2.5,5,-205.401,-4.068,-632.879
2636.2,66.21,60.1,0.0,-1.5,5,-207.019,-4.059,-630.786
2636.2,66.41,60.1,0.0,0.1,5,-209.461,-4.041,-627.646
2649.3,66.54,60.1,0.0,-1.8,5,-211.098,-4.026,-625.551
2649.3,66.73,60.1,0.0,-2.9,5,-213.566,-4.004,-622.406
2649.3,66.86,60.1,0.0,-3.9,5,-215.221,-3.989,-620.309
2649.3,67.05,60.1,0.0,-4.2,5,-217.723,-3.965,-617.166
2662.6,67.23,60.1,0.0,-3.9,5,-220.253,-3.944,-614.032
2662.6,67.35,60.1,0.0,-3.6,5,-221.958,-3.932,-611.949
2662.6,67.54,60.1,0.0,-3.1,5,-224.542,-3.918,-608.835
2662.6,67.66,60.1,0.0,-2.3,5,-226.282,-3.912,-606.766
2676.1,67.50,8.4,42.8,-0.4,5,-228.913,-3.908,-603.675
2676.1,67.01,0.0,64.2,0.2,5,-230.667,-3.908,-601.633
2676.1,65.99,0.0,78.2,0.5,5,-233.277,-3.913,-598.610
2676.1,65.23,0.0,81.5,0.5,5,-234.996,-3.919,-596.626
2689.5,64.05,0.0,83.9,0.2,5,-237.540,-3.932,-593.695
2689.5,63.25,0.0,83.7,-0.0,5,-239.212,-3.944,-591.772
2689.5,62.06,0.0,84.2,-0.4,5,-241.681,-3.966,-588.934
2689.5,61.26,0.0,84.3,-0.4,5,-243.301,-3.985,-587.073
2702.1,60.07,0.0,84.1,-0.4,5,-245.695,-4.016,-584.328
2702.1,58.89,0.0,84.3,-0.2,5,-248.043,-4.051,-581.638
2702.1,58.10,0.0,83.9,-0.2,5,-249.584,-4.077,-579.876
2714.0,56.93,0.0,84.6,-0.2,5,-251.859,-4.115,-577.278
2714.0,56.14,0.0,84.2,0.2,5,-253.351,-4.140,-575.577
2714.0,54.97,0.0,84.2,0.3,5,-255.552,-4.178,-573.072
2714.0,54.20,0.0,84.8,-0.0,5,-256.995,-4.203,-571.431
2725.0,53.03,0.0,84.4,0.1,5,-259.124,-4.240,-569.017
2725.0,52.27,27.8,85.1,-0.2,0,-260.520,-4.265,-567.438
2725.0,51.12,0.0,85.5,-0.4,4,-262.577,-4.304,-565.114
2725.0,50.35,0.0,85.3,-1.0,4,-263.925,-4.330,-563.596
2735.2,49.19,0.0,84.7,-1.2,4,-265.912,-4.370,-561.364
2735.2,48.44,0.0,85.2,-1.8,4,-267.214,-4.398,-559.907
2735.2,47.26,0.0,83.2,-2.0,4,-269.132,-4.439,-557.769
2735.2,46.50,0.0,83.6,-3.6,4,-270.389,-4.464,-556.376
2744.6,45.38,0.0,83.6,-4.6,4,-272.245,-4.499,-554.335
2744.6,44.62,0.0,83.8,-4.6,0,-273.465,-4.522,-553.009
2744.6,43.52,0.0,84.5,-2.8,3,-275.269,-4.555,-551.073
2744.6,42.38,0.0,84.7,-1.3,3,-277.042,-4.587,-549.201
2753.3,41.62,0.0,84.4,-1.6,3,-278.207,-4.608,-547.988
2753.3,40.50,0.0,84.1,-1.9,3,-279.928,-4.639,-546.223
2753.3,39.74,0.0,83.6,-2.6,3,-281.057,-4.658,-545.082
2753.3,38.61,0.0,81.7,-3.4,3,-282.726,-4.686,-543.423
2761.3,37.89,0.0,76.4,-4.1,3,-283.822,-4.703,-542.353
2761.3,36.88,0.0,70.6,-5.2,3,-285.442,-4.729,-540.800
2761.3,36.24,0.0,67.8,-5.2,3,-286.509,-4.746,-539.798
2761.3,35.36,27.1,68.5,-5.9,0,-288.091,-4.771,-538.344
2768.5,34.74,0.0,68.3,-6.7,2,-289.135,-4.788,-537.406
2768.5,33.81,0.0,68.7,-7.7,2,-290.682,-4.812,-536.048
2768.5,33.19,0.0,70.2,-7.7,2,-291.702,-4.828,-535.177
2768.5,32.24,0.0,71.8,-8.4,2,-293.213,-4.850,-533.921
2775.1,31.61,0.0,67.0,-10.7,2,-294.207,-4.865,-533.118
2775.1,30.72,0.0,56.9,-13.0,2,-295.681,-4.885,-531.965
2775.1,30.19,0.0,52.1,-12.5,2,-296.655,-4.897,-531.233
2775.1,29.47,0.0,46.4,-13.6,2,-298.108,-4.915,-530.187
2781.0,28.81,0.0,43.8,-16.1,2,-299.554,-4.930,-529.203
2781.0,28.38,0.0,43.0,-17.5,2,-300.516,-4.940,-528.581
2781.0,27.96,0.0,42.9,-16.9,2,-301.474,-4.948,-527.987
2781.0,27.35,0.0,39.5,-18.8,2,-302.905,-4.959,-527.146
2786.3,26.78,0.0,37.0,-22.0,2,-304.328,-4.969,-526.362
2786.3,26.41,0.0,36.5,-22.6,2,-305.273,-4.975,-525.872
2786.3,25.87,0.0,34.3,-21.9,0,-306.683,-4.983,-525.183
2786.3,25.56,39.5,29.9,-22.7,0,-307.619,-4.988,-524.754
2791.4,25.11,0.0,25.9,-24.2,1,-309.017,-4.995,-524.157
2791.4,24.82,0.0,24.0,-24.8,1,-309.946,-4.998,-523.789
2791.4,24.42,0.0,17.9,-24.9,1,-311.335,-5.001,-523.283
2791.4,24.20,0.0,14.7,-25.5,1,-312.257,-5.003,-522.975
2796.7,23.91,0.0,13.3,-26.2,1,-313.639,-5.003,-522.557
2796.7,23.73,0.0,11.5,-26.4,1,-314.558,-5.002,-522.305
2796.7,23.48,0.0,8.3,-28.4,1,-315.934,-5.000,-521.967
2796.7,23.26,0.0,8.3,-31.2,1,-317.306,-4.995,-521.677
2802.4,23.11,0.0,8.1,-36.7,1,-318.219,-4.992,-521.511
2802.4,22.95,12.3,0.0,-36.0,1,-319.584,-4.984,-521.306
2802.4,22.99,34.4,0.0,-33.6,1,-320.496,-4.979,-521.198
2802.4,23.24,53.8,0.0,-30.4,1,-321.876,-4.972,-521.073
2808.0,23.47,60.3,0.0,-25.0,1,-322.809,-4.966,-521.013
2808.0,23.82,34.9,0.0,-24.1,1,-324.228,-4.961,-520.954
2808.0,23.90,10.2,6.6,-26.9,1,-325.183,-4.961,-520.936
2808.0,23.68,0.0,17.4,-30.5,1,-326.612,-4.961,-520.948
2813.7,23.44,0.0,11.9,-31.6,1,-327.554,-4.960,-520.984
2813.7,23.19,0.0,5.0,-31.9,1,-328.949,-4.954,-521.083
2813.7,23.08,0.0,1.8,-32.6,1,-329.870,-4.950,-521.176
2813.7,22.94,0.3,0.0,-34.6,1,-331.239,-4.942,-521.355
2818.8,22.87,6.8,0.0,-38.4,1,-332.143,-4.937,-521.500
2818.8,22.92,34.9,0.0,-41.4,1,-333.491,-4.929,-521.760
2818.8,23.07,46.5,0.0,-42.1,1,-334.387,-4.923,-521.962
2818.8,23.39,57.8,0.0,-42.9,1,-335.736,-4.913,-522.311
2823.6,23.64,62.6,0.0,-44.7,1,-336.638,-4.905,-522.574
2823.6,24.15,75.2,0.0,-45.6,1,-338.001,-4.891,-523.014
2823.6,24.51,64.8,0.0,-41.8,1,-339.372,-4.875,-523.513
2823.6,24.70,35.7,0.0,-37.3,1,-340.286,-4.863,-523.879
2828.5,24.96,47.0,0.0,-32.3,1,-341.647,-4.845,-524.480
2828.5,25.14,47.3,0.0,-28.9,1,-342.549,-4.832,-524.915
2828.5,25.45,52.7,0.0,-23.4,1,-343.893,-4.811,-525.618
2828.5,25.68,62.1,0.0,-19.3,1,-344.784,-4.797,-526.120
2833.5,26.10,65.3,0.0,-16.3,1,-346.114,-4.777,-526.920
2833.5,26.41,70.7,0.0,-6.6,1,-346.998,-4.763,-527.484
2833.5,26.98,84.5,0.0,2.4,1,-348.328,-4.741,-528.374
2833.5,27.42,90.1,0.0,5.9,1,-349.223,-4.727,-528.991
2838.7,28.12,91.1,0.0,6.8,1,-350.584,-4.705,-529.949
2838.7,28.56,77.8,0.0,13.9,1,-351.506,-4.690,-530.607
2838.7,28.97,47.9,0.0,17.7,1,-352.917,-4.668,-531.602
2838.7,29.11,36.2,0.0,18.8,1,-353.874,-4.653,-532.260
2844.3,29.22,20.3,0.0,14.1,1,-355.332,-4.632,-533.228
2844.3,29.26,20.0,0.0,9.7,1,-356.812,-4.612,-534.170
2844.3,29.30,20.7,0.0,7.7,1,-357.808,-4.599,-534.786
2850.3,29.35,18.7,0.0,14.9,1,-359.314,-4.580,-535.694
2850.3,29.36,15.6,0.0,14.6,1,-360.328,-4.569,-536.287
2850.3,29.34,14.9,0.0,21.3,1,-361.861,-4.552,-537.154
2850.3,29.35,14.9,0.0,24.0,1,-362.893,-4.542,-537.713
2856.3,29.28,8.5,0.0,25.1,1,-364.457,-4.529,-538.519
2856.3,29.25,14.1,0.0,26.0,1,-365.509,-4.521,-539.031
2856.3,29.25,14.7,0.0,29.2,1,-367.105,-4.510,-539.761
2856.3,29.23,16.9,0.0,35.3,1,-368.181,-4.504,-540.220
2862.6,29.27,29.4,0.0,42.4,1,-369.813,-4.497,-540.864
2862.6,29.31,34.5,0.0,45.5,1,-370.914,-4.493,-541.262
2862.6,29.48,47.7,0.0,49.2,1,-372.587,-4.489,-541.816
2862.6,29.71,63.0,0.0,51.0,1,-373.720,-4.490,-542.158
2870.1,29.90,63.4,0.0,53.0,0,-375.447,-4.489,-542.624
2870.1,29.88,0.0,0.0,49.9,0,-376.610,-4.492,-542.905
2870.1,29.82,39.2,0.0,44.9,2,-378.364,-4.491,-543.263
2870.1,29.88,25.8,0.0,36.1,2,-380.132,-4.491,-543.556
2877.0,29.84,21.4,0.0,35.5,2,-381.316,-4.490,-543.713
2877.0,29.77,11.9,0.0,34.3,2,-383.095,-4.494,-543.899
2877.0,29.65,8.8,0.0,28.6,2,-384.280,-4.499,-543.985
2877.0,29.45,8.3,0.0,12.0,2,-386.052,-4.503,-544.053
2883.8,29.32,8.3,0.0,1.4,2,-387.228,-4.504,-544.054
2883.8,29.17,8.3,0.0,-12.2,2,-388.982,-4.506,-543.996
2883.8,29.09,9.7,0.0,-13.3,2,-390.144,-4.508,-543.918
2883.8,29.00,24.8,0.0,-1.4,2,-391.879,-4.511,-543.748
2891.0,29.09,70.0,0.0,8.6,2,-393.029,-4.512,-543.595
2891.0,29.54,90.4,0.0,23.2,2,-394.763,-4.514,-543.308
2891.0,30.02,91.0,0.0,37.2,2,-396.514,-4.516,-542.956
2891.0,30.33,91.0,0.0,43.2,2,-397.690,-4.516,-542.687
2897.3,30.76,76.7,0.0,49.0,2,-399.466,-4.518,-542.235
2897.3,30.96,63.7,0.0,50.9,2,-400.653,-4.521,-541.900
2897.3,31.17,46.2,0.0,49.6,2,-402.434,-4.527,-541.347
2897.3,31.25,41.0,0.0,49.0,2,-403.615,-4.532,-540.944
2903.5,31.35,38.7,0.0,47.9,2,-405.374,-4.544,-540.286
2903.5,31.40,36.7,0.0,43.8,2,-406.536,-4.553,-539.813
2903.5,31.49,45.0,0.0,38.2,2,-408.261,-4.569,-539.051
2903.5,31.62,61.5,0.0,35.1,2,-409.399,-4.580,-538.508
2909.6,31.91,59.3,0.0,27.8,2,-411.096,-4.600,-537.640
2909.6,32.06,57.2,0.0,21.5,2,-412.218,-4.615,-537.026
2909.6,32.31,56.2,0.0,14.4,2,-413.885,-4.639,-536.053
2909.6,32.57,61.7,0.0,8.7,2,-415.532,-4.665,-535.018
2915.7,32.78,67.2,0.0,5.7,2,-416.619,-4.683,-534.293
2915.7,33.17,82.3,0.0,5.2,2,-418.235,-4.709,-533.154
2915.7,33.49,89.5,0.0,6.7,2,-419.306,-4.727,-532.361
2915.7,34.02,91.1,0.0,10.6,2,-420.905,-4.755,-531.121
2922.2,34.37,91.1,0.0,13.2,2,-421.967,-4.773,-530.260
2922.2,34.89,91.1,0.0,14.1,2,-423.552,-4.801,-528.919
2922.2,35.24,91.1,0.0,13.8,2,-424.604,-4.818,-527.993
2922.2,35.76,91.1,0.0,12.2,2,-426.175,-4.843,-526.556
2929.0,36.11,91.1,0.0,10.9,2,-427.217,-4.860,-525.567
2929.0,36.61,91.1,0.0,8.5,2,-428.774,-4.883,-524.040
2929.0,36.99,91.1,0.0,7.1,2,-429.809,-4.898,-522.994
2929.0,37.49,91.1,0.0,6.8,2,-431.358,-4.919,-521.385
2936.3,37.85,91.1,0.0,7.0,2,-432.389,-4.933,-520.287
2936.3,38.35,91.2,0.0,7.3,2,-433.934,-4.953,-518.604
2936.3,38.69,91.2,0.0,7.3,2,-434.963,-4.966,-517.458
2936.3,39.19,91.2,0.0,8.9,2,-436.506,-4.985,-515.704
2943.9,39.68,91.2,0.0,11.1,2,-438.044,-5.004,-513.908
2943.9,40.00,91.2,0.0,11.9,2,-439.065,-5.017,-512.684
2943.9,40.46,91.3,0.0,13.0,2,-440.584,-5.035,-510.810
2943.9,40.76,91.3,0.0,13.0,2,-441.588,-5.046,-509.534
2951.7,41.19,91.3,0.0,12.7,2,-443.075,-5.063,-507.577
2951.7,41.51,91.3,0.0,12.5,2,-444.053,-5.074,-506.243
2951.7,41.93,91.5,0.0,12.8,0,-445.495,-5.087,-504.198
2951.7,41.92,0.0,0.0,13.4,0,-446.437,-5.094,-502.810
2959.8,42.18,91.1,0.0,13.5,3,-447.812,-5.103,-500.698
2959.8,42.46,91.1,0.0,13.0,3,-448.710,-5.108,-499.264
2959.8,42.82,91.1,0.0,12.3,3,-450.028,-5.114,-497.072
2959.8,43.10,91.1,0.0,11.7,3,-450.886,-5.117,-495.584
2968.1,43.50,91.2,0.0,12.6,3,-452.140,-5.120,-493.309
2968.1,43.76,91.2,0.0,13.6,3,-452.954,-5.122,-491.766
2968.1,44.14,91.2,0.0,15.0,3,-454.143,-5.126,-489.413
2968.1,44.40,91.2,0.0,14.9,3,-454.914,-5.131,-487.820
2976.6,44.78,91.2,0.0,15.7,3,-456.035,-5.139,-485.392
2976.6,45.15,91.2,0.0,15.9,3,-457.112,-5.149,-482.919
2976.6,45.39,91.2,0.0,15.5,3,-457.806,-5.157,-481.247
2985.3,45.76,91.2,0.0,15.0,3,-458.806,-5.174,-478.703
2985.3,46.01,91.2,0.0,14.8,3,-459.446,-5.187,-476.984
2985.3,46.35,91.2,0.0,14.8,3,-460.364,-5.209,-474.370
2985.3,46.59,91.2,0.0,14.3,3,-460.947,-5.227,-472.606
2994.3,46.94,91.3,0.0,13.7,3,-461.776,-5.255,-469.925
2994.3,47.17,91.3,0.0,13.9,3,-462.296,-5.276,-468.117
2994.3,47.52,91.3,0.0,14.0,3,-463.030,-5.309,-465.374
2994.3,47.75,91.3,0.0,14.3,3,-463.486,-5.333,-463.524
3003.6,48.08,91.3,0.0,15.0,3,-464.121,-5.371,-460.722
3003.6,48.30,91.3,0.0,15.3,3,-464.510,-5.397,-458.834
3003.6,48.64,91.3,0.0,15.3,3,-465.042,-5.439,-455.976
3003.6,48.85,91.3,0.0,15.3,3,-465.361,-5.466,-454.053
3013.1,49.17,91.4,0.0,15.3,3,-465.784,-5.508,-451.144
3013.1,49.49,91.4,0.0,16.1,3,-466.140,-5.549,-448.207
3013.1,49.71,91.4,0.0,16.8,3,-466.340,-5.575,-446.234
3013.1,50.02,91.4,0.0,14.8,3,-466.586,-5.615,-443.253
3022.9,50.24,91.4,0.0,13.8,3,-466.715,-5.642,-441.253
3022.9,50.55,91.4,0.0,12.7,3,-466.854,-5.683,-438.233
3022.9,50.76,91.4,0.0,13.5,3,-466.911,-5.710,-436.208
3022.9,50.97,0.0,0.0,15.8,0,-466.943,-5.750,-433.155
3033.0,50.92,91.2,0.0,16.2,4,-466.927,-5.776,-431.118
3033.0,51.20,91.2,0.0,15.4,4,-466.842,-5.814,-428.057
3033.0,51.39,91.2,0.0,15.0,4,-466.745,-5.837,-426.008
3033.0,51.66,91.2,0.0,14.1,4,-466.538,-5.871,-422.924
3043.5,51.85,91.2,0.0,12.8,4,-466.357,-5.891,-420.862
3043.5,52.12,91.2,0.0,12.6,4,-466.021,-5.918,-417.762
3043.5,52.31,91.3,0.0,12.8,4,-465.755,-5.934,-415.691
3043.5,52.58,91.3,0.0,13.8,4,-465.292,-5.956,-412.580
3055.1,52.76,91.3,0.0,14.6,4,-464.942,-5.969,-410.503
3055.1,53.00,82.9,0.0,14.8,4,-464.357,-5.988,-407.385
3055.1,53.24,73.4,0.0,15.5,4,-463.706,-6.010,-404.264
3055.1,53.42,66.9,0.0,15.5,4,-463.241,-6.033,-402.182
3066.4,53.65,50.3,0.0,15.8,4,-462.487,-6.076,-399.060
3066.4,53.70,21.9,0.0,17.8,4,-461.937,-6.101,-396.985
3066.4,53.71,39.3,0.0,21.1,4,-461.043,-6.133,-393.890
3066.4,53.84,57.9,0.0,21.2,4,-460.403,-6.149,-391.838
3077.4,54.09,59.1,0.0,19.2,4,-459.379,-6.169,-388.767
3077.4,54.27,59.2,0.0,17.2,4,-458.655,-6.182,-386.724
3077.4,54.54,59.3,0.0,14.2,4,-457.510,-6.201,-383.668
3077.4,54.72,59.3,0.0,12.4,4,-456.706,-6.214,-381.637
3088.2,54.99,59.4,0.0,10.6,4,-455.440,-6.232,-378.600
3088.2,55.17,59.4,0.0,9.8,4,-454.556,-6.242,-376.582
3088.2,55.45,59.6,0.0,9.3,4,-453.176,-6.252,-373.565
3088.2,55.64,59.6,0.0,9.3,4,-452.223,-6.258,-371.558
3099.1,55.92,59.7,0.0,8.7,4,-450.748,-6.269,-368.554
3099.1,56.20,59.8,0.0,8.0,4,-449.220,-6.282,-365.558
3099.1,56.39,59.8,0.0,7.7,4,-448.173,-6.291,-363.565
3099.1,56.67,59.9,0.0,7.6,4,-446.558,-6.305,-360.583
3110.2,56.86,59.9,0.0,7.7,4,-445.453,-6.313,-358.599
3110.2,57.14,60.0,0.0,7.8,4,-443.754,-6.326,-355.632
3110.2,57.32,60.0,0.0,7.6,4,-442.593,-6.334,-353.659
3110.2,57.58,60.0,0.0,7.5,4,-440.808,-6.343,-350.711
3121.5,57.76,60.0,0.0,7.8,4,-439.591,-6.348,-348.752
3121.5,58.03,60.0,0.0,7.7,4,-437.725,-6.357,-345.823
3121.5,58.20,60.0,0.0,7.6,4,-436.453,-6.362,-343.878
3121.5,58.49,60.0,0.0,7.2,4,-434.504,-6.370,-340.970
3133.1,58.65,60.0,0.0,6.5,4,-433.179,-6.374,-339.039
3133.1,58.92,60.0,0.0,5.0,4,-431.151,-6.378,-336.154
3133.1,59.08,60.0,0.0,4.2,4,-429.773,-6.378,-334.240
3133.1,59.31,60.1,0.0,2.6,4,-427.669,-6.373,-331.379
3144.9,59.47,60.1,0.0,2.8,4,-426.245,-6.367,-329.478
3144.9,59.78,60.1,0.0,2.3,4,-424.081,-6.354,-326.630
3144.9,59.96,60.1,0.0,1.7,4,-422.622,-6.347,-324.731
3144.9,60.23,60.1,0.0,0.4,4,-420.412,-6.337,-321.882
3156.9,60.46,59.9,0.0,-0.5,0,-418.181,-6.324,-319.030
3156.9,60.43,0.0,0.0,-0.9,0,-416.687,-6.316,-317.129
3156.9,60.58,82.8,0.0,-0.9,5,-414.443,-6.302,-314.278
3156.9,60.77,76.2,0.0,-1.1,5,-412.942,-6.293,-312.371
3169.0,61.00,66.4,0.0,-1.5,5,-410.685,-6.278,-309.498
3169.0,61.16,59.9,0.0,-1.5,5,-409.179,-6.268,-307.575
3169.0,61.40,58.7,0.0,-1.2,5,-406.919,-6.253,-304.676
3169.0,61.55,58.7,0.0,-1.2,5,-405.412,-6.243,-302.733
3181.3,61.78,58.9,0.0,-1.3,5,-403.152,-6.226,-299.804
3181.3,61.94,58.9,0.0,-1.3,5,-401.646,-6.214,-297.842
3181.3,62.16,59.0,0.0,-1.0,5,-399.386,-6.196,-294.883
3181.3,62.32,59.1,0.0,-0.8,5,-397.880,-6.184,-292.901
3193.7,62.54,59.1,0.0,-0.8,5,-395.620,-6.164,-289.915
3193.7,62.77,59.2,0.0,-0.9,5,-393.359,-6.144,-286.912
3193.7,62.92,59.3,0.0,-0.9,5,-391.851,-6.129,-284.902
3206.2,63.14,59.4,0.0,-0.8,5,-389.587,-6.109,-281.873
3206.2,63.29,59.4,0.0,-0.7,5,-388.076,-6.096,-279.846
3206.2,63.51,59.5,0.0,-0.5,5,-385.807,-6.074,-276.793
3206.2,63.65,59.5,0.0,-0.4,5,-384.293,-6.058,-274.751
3218.9,63.87,59.6,0.0,-0.3,5,-382.019,-6.033,-271.675
3218.9,64.01,59.6,0.0,-0.3,5,-380.500,-6.015,-269.617
3218.9,64.23,59.7,0.0,-0.2,5,-378.219,-5.988,-266.520
3218.9,64.37,59.7,0.0,-0.1,5,-376.696,-5.969,-264.448
3231.8,64.58,59.8,0.0,-0.1,5,-374.406,-5.943,-261.330
3231.8,64.73,59.8,0.0,-0.1,5,-372.875,-5.925,-259.246
3231.8,64.93,59.9,0.0,-0.0,5,-370.575,-5.896,-256.110
3231.8,65.07,60.0,0.0,0.1,5,-369.037,-5.874,-254.014
3244.8,65.27,60.0,0.0,0.3,5,-366.725,-5.839,-250.861
3244.8,65.41,60.0,0.0,0.4,5,-365.180,-5.815,-248.754
3244.8,65.61,60.1,0.0,0.7,5,-362.854,-5.778,-245.585
3244.8,65.82,60.1,0.0,0.5,5,-360.517,-5.739,-242.410
3257.9,65.95,60.1,0.0,0.4,5,-358.954,-5.710,-240.289
3257.9,66.15,60.1,0.0,0.5,5,-356.599,-5.665,-237.102
3257.9,66.28,60.1,0.0,0.5,5,-355.023,-5.634,-234.974
3257.9,66.47,60.1,0.0,0.3,5,-352.650,-5.589,-231.777
3271.2,66.60,60.1,0.0,0.2,5,-351.062,-5.559,-229.642
3271.2,66.80,60.1,0.0,0.2,5,-348.671,-5.519,-226.433
3271.2,66.93,60.1,0.0,0.0,5,-347.071,-5.496,-224.290
3271.2,67.11,60.1,0.0,-0.2,5,-344.664,-5.458,-221.070
3284.5,67.23,60.1,0.0,-0.3,5,-343.053,-5.431,-218.920
3284.5,67.42,60.1,0.0,-0.4,5,-340.631,-5.388,-215.688
3284.5,67.54,60.1,0.0,-0.5,5,-339.011,-5.359,-213.529
3284.5,67.72,60.1,0.0,-0.3,5,-336.575,-5.312,-210.285
3298.0,67.83,60.1,0.0,-0.2,5,-334.948,-5.281,-208.117
3298.0,68.01,60.1,0.0,-0.0,5,-332.501,-5.234,-204.859
3298.0,68.19,60.1,0.0,-0.1,5,-330.049,-5.187,-201.591
3298.0,68.31,60.1,0.0,-0.3,5,-328.411,-5.154,-199.408
3311.7,68.47,60.2,0.0,-0.5,5,-325.948,-5.102,-196.126
3311.7,68.59,60.2,0.0,-0.4,5,-324.304,-5.067,-193.933
3311.7,68.76,60.2,0.0,-0.2,5,-321.833,-5.011,-190.636
3311.7,68.88,60.2,0.0,-0.2,5,-320.183,-4.974,-188.433
3325.4,69.04,60.2,0.0,-0.3,5,-317.706,-4.919,-185.120
3325.4,69.15,60.2,0.0,-0.3,5,-316.052,-4.882,-182.906
3325.4,69.32,60.2,0.0,-0.3,5,-313.568,-4.826,-179.578
3325.4,69.43,60.2,0.0,-0.2,5,-311.910,-4.790,-177.354
3339.3,69.59,60.3,0.0,-0.2,5,-309.419,-4.734,-174.009
3339.3,69.69,60.3,0.0,-0.2,5,-307.757,-4.698,-171.774
3339.3,69.85,60.3,0.0,-0.2,5,-305.261,-4.642,-168.415
3339.3,69.95,60.3,0.0,-0.3,5,-303.595,-4.603,-166.170
3353.2,70.10,60.1,0.0,-0.3,5,-301.094,-4.545,-162.794
3353.2,70.13,0.0,0.0,-0.3,0,-299.425,-4.506,-160.540
3353.2,70.11,86.3,0.0,-0.2,6,-296.925,-4.448,-157.159
3353.2,70.26,76.6,0.0,-0.2,6,-294.424,-4.388,-153.771
3367.2,70.37,70.1,0.0,-0.2,6,-292.756,-4.348,-151.508
3367.2,70.51,60.4,0.0,-0.3,6,-290.250,-4.288,-148.105
3367.2,70.61,59.2,0.0,-0.2,6,-288.578,-4.247,-145.832
3367.2,70.76,59.2,0.0,-0.0,6,-286.068,-4.186,-142.414
3381.4,70.86,59.2,0.0,-0.1,6,-284.393,-4.146,-140.131
3381.4,71.01,59.3,0.0,0.6,6,-281.877,-4.087,-136.699
3381.4,71.10,59.3,0.0,0.2,6,-280.196,-4.048,-134.408
3381.4,71.25,59.4,0.0,-0.1,6,-277.669,-3.988,-130.967
3395.6,71.34,59.4,0.0,-0.0,6,-275.981,-3.947,-128.669
3395.6,71.48,59.5,0.0,1.3,6,-273.443,-3.886,-125.217
3395.6,71.58,59.5,0.0,1.5,6,-271.748,-3.844,-122.913
3395.6,71.72,59.5,0.0,0.5,6,-269.196,-3.783,-119.454
3409.9,71.81,59.5,0.0,0.8,6,-267.488,-3.741,-117.147
3409.9,71.95,59.6,0.0,0.8,6,-264.915,-3.680,-113.686
3409.9,72.05,59.6,0.0,0.0,6,-263.193,-3.639,-111.378
3409.9,72.18,59.7,0.0,-1.3,6,-260.602,-3.576,-107.914
3424.3,72.32,59.7,0.0,-1.6,6,-258.006,-3.511,-104.443
3424.3,72.40,59.8,0.0,-1.2,6,-256.275,-3.466,-102.123
3424.3,72.55,59.7,0.0,-0.8,6,-253.684,-3.399,-98.632
3424.3,72.63,59.8,0.0,-0.7,6,-251.960,-3.354,-96.296
3438.8,72.78,59.8,0.0,-0.9,6,-249.378,-3.287,-92.781
3438.8,72.86,59.8,0.0,-0.9,6,-247.660,-3.244,-90.430
3438.8,73.00,59.8,0.0,-0.8,6,-245.085,-3.179,-86.893
3438.8,73.09,59.9,0.0,-0.6,6,-243.371,-3.137,-84.528
3453.4,73.21,59.9,0.0,0.3,6,-240.801,-3.073,-80.970
3453.4,73.30,60.0,0.0,0.9,6,-239.089,-3.031,-78.593
3453.4,73.43,60.0,0.0,1.5,6,-236.516,-2.968,-75.022
3453.4,73.51,60.0,0.0,1.0,6,-234.796,-2.926,-72.640
3468.1,73.64,60.0,0.0,1.2,6,-232.205,-2.862,-69.067
3468.1,73.73,60.0,0.0,2.2,6,-230.469,-2.819,-66.685
3468.1,73.85,60.1,0.0,3.9,6,-227.849,-2.753,-63.117
3482.8,73.82,24.5,40.6,4.8,6,-225.207,-2.683,-59.559
3482.8,73.34,0.0,62.4,4.5,6,-223.436,-2.637,-57.206
3482.8,72.28,0.0,73.1,3.9,6,-220.782,-2.568,-53.732
3482.8,71.55,0.0,61.8,3.6,6,-219.016,-2.522,-51.461
3497.3,70.61,0.0,46.0,3.8,6,-216.365,-2.453,-48.119
3497.3,70.10,0.0,38.4,4.4,6,-214.592,-2.408,-45.933
3497.3,69.44,0.0,26.1,7.2,6,-211.916,-2.341,-42.714
3497.3,69.09,0.0,15.8,6.8,6,-210.116,-2.297,-40.607
3511.2,68.71,0.0,4.9,4.9,6,-207.390,-2.231,-37.501
3511.2,68.52,0.7,0.5,6.5,6,-205.550,-2.187,-35.464
3511.2,68.32,12.8,0.0,7.7,6,-202.756,-2.120,-32.458
3511.2,68.21,13.3,0.0,8.0,6,-200.869,-2.076,-30.484
3524.6,68.04,11.5,9.3,9.0,6,-198.003,-2.011,-27.570
3524.6,67.79,2.4,24.5,9.1,6,-196.069,-1.968,-25.661
3524.6,67.12,0.0,51.7,7.7,6,-193.144,-1.901,-22.860
3524.6,66.56,0.0,13.9,6.9,6,-191.185,-1.856,-21.040
3537.9,66.37,71.2,0.0,6.2,6,-188.224,-1.788,-18.375
3537.9,66.50,71.2,0.0,8.9,6,-185.211,-1.724,-15.767
3537.9,66.58,64.5,0.0,12.2,6,-183.173,-1.686,-14.055
3537.9,66.71,57.7,0.0,17.5,6,-180.073,-1.637,-11.529
3551.1,66.79,57.8,0.0,20.0,6,-177.979,-1.609,-9.873
3551.1,66.90,57.8,0.0,21.1,6,-174.795,-1.577,-7.435
3551.1,66.95,57.9,0.0,21.2,6,-172.642,-1.559,-5.845
3551.1,67.03,57.9,0.0,20.3,6,-169.364,-1.535,-3.519
3564.7,67.07,57.9,0.0,20.1,6,-167.145,-1.518,-2.013
3564.7,67.11,48.2,0.0,21.4,6,-163.767,-1.489,0.176
3564.7,67.07,32.9,0.0,23.0,6,-161.484,-1.466,1.586
3564.7,66.91,20.6,0.0,24.5,6,-158.019,-1.429,3.623
3578.5,66.82,33.4,0.0,25.2,6,-155.686,-1.403,4.930
3578.5,66.80,55.0,0.0,28.3,6,-152.153,-1.369,6.823
3578.5,66.80,39.9,0.0,30.1,6,-149.774,-1.350,8.040
3578.5,66.70,30.4,0.0,32.8,6,-146.171,-1.319,9.789
3592.8,66.56,25.1,0.0,34.8,6,-142.533,-1.287,11.446
3592.8,66.45,25.5,0.0,35.5,6,-140.089,-1.264,12.498
3592.8,66.29,26.0,0.0,35.8,6,-136.398,-1.227,13.994
3592.8,66.17,25.3,0.0,36.0,6,-133.923,-1.201,14.937
3606.8,66.01,22.8,0.0,36.3,6,-130.188,-1.163,16.271
3606.8,65.88,21.2,0.0,36.9,6,-127.686,-1.139,17.106
3606.8,65.64,8.2,0.0,38.3,6,-123.919,-1.105,18.280
3606.8,65.45,8.1,0.0,38.7,6,-121.399,-1.083,19.007
3620.2,65.16,8.1,0.0,39.2,6,-117.612,-1.049,20.012
3620.2,64.98,8.1,0.0,39.8,6,-115.083,-1.028,20.626
3620.2,64.69,8.1,0.0,40.2,6,-111.284,-0.996,21.466
3620.2,64.50,8.1,0.0,40.2,6,-108.749,-0.973,21.968
3632.9,64.22,8.0,0.0,40.2,6,-104.946,-0.936,22.635
3632.9,64.03,8.0,0.0,40.2,6,-102.410,-0.911,23.025
3632.9,63.75,8.0,0.0,39.8,6,-98.609,-0.875,23.528
3632.9,63.56,8.0,0.0,38.7,6,-96.078,-0.849,23.806
3645.4,63.29,8.0,0.0,36.4,6,-92.287,-0.807,24.138
3645.4,63.03,8.0,0.0,34.5,6,-88.504,-0.764,24.372
3645.4,62.89,21.1,0.0,31.7,6,-85.988,-0.735,24.473
3645.4,62.75,28.6,0.0,27.2,6,-82.220,-0.692,24.544
3657.7,62.69,35.8,0.0,26.1,6,-79.711,-0.662,24.536
3657.7,62.66,42.5,0.0,22.5,6,-75.952,-0.616,24.442
3657.7,62.67,46.9,0.0,22.2,6,-73.449,-0.585,24.326
3657.7,62.75,55.0,0.0,18.8,6,-69.695,-0.538,24.074
3670.2,62.80,54.0,0.0,17.2,6,-67.194,-0.508,23.857
3670.2,62.91,53.3,0.0,16.0,6,-63.444,-0.463,23.460
3670.2,62.98,55.3,0.0,12.1,6,-60.946,-0.432,23.146
3670.2,63.11,55.9,0.0,8.0,6,-57.205,-0.371,22.598
3682.7,63.24,55.8,0.0,4.8,6,-54.711,-0.329,22.194
3682.7,63.39,56.4,0.0,1.0,6,-50.968,-0.274,21.542
3682.7,63.55,56.1,0.0,-0.9,6,-48.473,-0.246,21.081
3682.7,63.73,55.6,0.0,-2.5,6,-44.725,-0.212,20.352
3695.3,63.90,55.9,0.0,-2.5,6,-40.973,-0.175,19.593
3695.3,64.02,56.0,0.0,-3.0,6,-38.466,-0.148,19.084
3695.3,64.19,55.6,0.0,-3.6,6,-34.694,-0.109,18.332
3695.3,64.31,56.3,0.0,-4.1,6,-32.172,-0.083,17.843
3708.1,64.48,56.4,0.0,-4.6,6,-28.374,-0.048,17.132
3708.1,64.61,56.4,0.0,-4.8,6,-25.834,-0.028,16.674
3708.1,64.78,56.5,0.0,-5.4,6,-22.009,-0.002,16.015
3708.1,64.89,56.6,0.0,-6.0,6,-19.451,0.013,15.596
3721.1,65.05,56.9,0.0,-6.7,6,-15.598,0.035,15.004
3721.1,65.16,56.8,0.0,-6.9,6,-13.020,0.050,14.635
3721.1,65.32,56.9,0.0,-7.3,6,-9.140,0.075,14.125
3721.1,65.43,57.1,0.0,-7.6,6,-6.544,0.092,13.816
3734.2,65.58,57.1,0.0,-7.9,6,-2.636,0.118,13.401
3734.2,65.68,57.1,0.0,-7.6,6,-0.022,0.137,13.160
3734.2,65.83,57.3,0.0,-9.8,6,3.911,0.170,12.853
3734.2,65.92,57.4,0.0,-11.6,6,6.540,0.195,12.687
3747.5,66.05,57.5,0.0,-12.7,6,10.495,0.236,12.499
3747.5,66.18,57.6,0.0,-11.9,6,14.460,0.280,12.389
3747.5,66.26,57.6,0.0,-11.5,6,17.108,0.312,12.362
3761.2,66.38,57.7,0.0,-11.6,6,21.087,0.363,12.392
3761.2,66.46,57.7,0.0,-11.3,6,23.742,0.400,12.462
3761.2,66.57,57.8,0.0,-10.7,6,27.728,0.463,12.643
3761.2,66.64,57.9,0.0,-10.5,6,30.387,0.507,12.813
3775.1,66.76,57.9,0.0,-11.9,6,34.376,0.568,13.132
3775.1,66.84,57.7,0.0,-14.4,6,37.035,0.602,13.382
3775.1,66.97,57.8,0.0,-18.1,6,41.025,0.651,13.827
3775.1,67.03,57.9,0.0,-18.8,6,43.682,0.686,14.173
3788.8,67.13,57.9,0.0,-17.9,6,47.662,0.741,14.765
3788.8,67.19,58.0,0.0,-16.8,6,50.310,0.778,15.210
3788.8,67.27,58.1,0.0,-15.5,6,54.274,0.834,15.953
3788.8,67.33,58.1,0.0,-15.2,6,56.910,0.871,16.499
3802.7,67.42,58.2,0.0,-15.0,6,60.851,0.928,17.398
3802.7,67.51,58.4,0.0,-15.4,6,64.775,0.987,18.388
3802.7,67.57,58.1,0.0,-15.4,6,67.382,1.026,19.097
3802.7,67.67,58.0,0.0,-15.4,6,71.275,1.082,20.233
3816.7,67.71,58.4,0.0,-15.3,6,73.860,1.121,21.039
3816.7,67.81,58.3,0.0,-14.4,6,77.717,1.179,22.322
3816.7,67.87,56.1,0.0,-13.5,6,80.276,1.218,23.226
3816.7,67.95,58.2,0.0,-12.8,6,84.091,1.275,24.654
3830.6,68.01,58.5,0.0,-12.8,6,86.619,1.314,25.654
3830.6,68.10,58.4,0.0,-12.5,6,90.386,1.373,27.228
3830.6,68.15,58.5,0.0,-13.0,6,92.880,1.413,28.325
3830.6,68.26,58.4,0.0,-13.1,6,96.594,1.473,30.041
3844.3,68.33,58.4,0.0,-13.1,6,99.053,1.514,31.231
3844.3,68.43,58.5,0.0,-12.4,6,102.711,1.578,33.086
3844.3,68.51,58.5,0.0,-11.7,6,105.131,1.621,34.367
3844.3,68.61,58.5,0.0,-10.6,6,108.732,1.684,36.355
3858.0,68.68,58.6,0.0,-10.2,6,111.112,1.727,37.723
3858.0,68.79,58.6,0.0,-9.9,6,114.651,1.790,39.839
3858.0,68.90,58.6,0.0,-10.0,6,118.152,1.853,42.030
3858.0,68.97,58.7,0.0,-10.2,6,120.465,1.895,43.530
3871.7,69.10,58.7,0.0,-10.6,6,123.904,1.954,45.837
3871.7,69.17,58.7,0.0,-10.6,6,126.176,1.993,47.413
3871.7,69.28,58.7,0.0,-10.0,6,129.551,2.048,49.833
3871.7,69.36,58.8,0.0,-10.0,6,131.779,2.084,51.483
3885.5,69.47,58.8,0.0,-9.8,6,135.086,2.135,54.014
3885.5,69.55,58.8,0.0,-9.8,6,137.268,2.166,55.737
3885.5,69.66,58.9,0.0,-9.9,6,140.505,2.210,58.375
3885.5,69.74,58.9,0.0,-9.1,6,142.639,2.237,60.169
3899.4,69.86,58.9,0.0,-8.3,6,145.805,2.270,62.910
3899.4,69.94,59.0,0.0,-7.3,6,147.893,2.288,64.769
3899.4,70.07,59.0,0.0,-5.1,6,150.989,2.310,67.607
3899.4,70.15,58.7,0.0,-4.1,6,153.030,2.323,69.530
3913.4,70.20,32.4,9.7,-2.9,6,156.061,2.340,72.455
3913.4,69.96,6.4,56.9,-2.2,6,158.058,2.351,74.424
3913.4,69.01,0.0,76.4,-0.9,6,161.006,2.366,77.377
3913.4,67.84,0.0,82.1,0.5,6,163.888,2.381,80.305
3927.2,67.05,0.0,84.3,0.9,6,165.772,2.393,82.238
3927.2,65.82,0.0,84.6,0.7,6,168.548,2.414,85.103
3927.2,65.02,0.0,85.3,1.6,6,170.366,2.428,86.986
3927.2,63.79,0.0,84.6,1.2,6,173.052,2.450,89.768
3940.2,62.98,0.0,84.8,-0.2,6,174.817,2.465,91.591
3940.2,61.78,0.0,85.5,0.7,6,177.424,2.486,94.279
3940.2,60.97,26.8,85.2,0.8,0,179.137,2.499,96.040
3940.2,59.77,0.0,85.8,2.1,5,181.669,2.519,98.634
3952.5,58.96,0.0,85.3,3.2,5,183.333,2.533,100.330
3952.5,57.77,0.0,84.9,3.5,5,185.796,2.553,102.823
3952.5,57.00,0.0,85.9,2.9,5,187.417,2.565,104.450
3952.5,55.79,0.0,84.7,-0.7,5,189.819,2.581,106.835
3963.9,54.98,0.0,83.6,-2.4,5,191.400,2.591,108.389
3963.9,53.81,0.0,83.4,-2.7,5,193.739,2.607,110.669
3963.9,52.65,0.0,84.3,-1.1,0,196.037,2.624,112.890
3963.9,51.88,27.7,85.0,0.2,0,197.544,2.637,114.341
3974.6,50.71,0.0,85.2,1.4,4,199.765,2.657,116.475
3974.6,49.93,0.0,84.6,2.0,4,201.219,2.672,117.869
3974.6,48.76,0.0,84.5,2.4,4,203.363,2.697,119.914
3974.6,47.99,0.0,84.4,3.3,4,204.768,2.714,121.246
3984.4,46.83,0.0,84.4,3.3,4,206.842,2.740,123.196
3984.4,46.07,0.0,84.4,3.4,4,208.204,2.757,124.463
3984.4,44.91,0.0,84.0,3.8,4,210.214,2.781,126.312
3984.4,44.17,31.0,84.9,4.3,0,211.535,2.797,127.510
3993.6,43.03,0.0,84.7,6.2,3,213.487,2.818,129.255
3993.6,42.27,0.0,84.4,6.4,3,214.771,2.831,130.381
3993.6,41.13,0.0,81.8,5.9,3,216.670,2.849,132.014
3993.6,40.40,0.0,70.9,5.1,3,217.918,2.859,133.064
4001.9,39.45,0.0,57.9,3.3,3,219.772,2.871,134.584
4001.9,38.63,0.0,48.9,0.7,3,221.610,2.880,136.037
4001.9,38.16,0.0,45.7,1.8,3,222.831,2.884,136.971
4009.6,37.48,0.0,42.7,4.7,3,224.656,2.888,138.321
4009.6,37.07,0.0,40.8,6.5,3,225.869,2.890,139.189
4009.6,36.47,0.0,40.7,9.3,3,227.682,2.892,140.448
4009.6,36.07,0.0,39.4,10.2,3,228.886,2.891,141.259
4016.9,35.50,0.0,40.0,10.7,3,230.684,2.890,142.434
4016.9,35.10,0.0,40.5,11.4,0,231.878,2.888,143.190
4016.9,34.54,0.0,39.1,12.1,2,233.661,2.883,144.281
4016.9,34.15,0.0,37.8,11.9,2,234.845,2.879,144.979
4023.7,33.58,0.0,37.6,12.9,2,236.614,2.872,145.981
4023.7,33.21,0.0,32.3,16.1,2,237.789,2.867,146.618
4023.7,32.73,0.0,23.3,18.5,2,239.547,2.859,147.525
4023.7,32.47,0.0,20.0,19.6,2,240.720,2.852,148.097
4030.1,32.11,0.0,13.5,22.0,2,242.481,2.843,148.905
4030.1,31.92,0.0,10.5,23.2,2,243.658,2.837,149.409
4030.1,31.67,0.0,9.5,23.8,2,245.432,2.827,150.113
4030.1,31.43,0.0,5.4,26.1,2,247.213,2.818,150.755
4036.1,31.29,0.0,3.6,27.6,2,248.405,2.812,151.147
4036.1,31.11,0.0,4.4,28.1,2,250.199,2.803,151.681
4036.1,30.98,0.0,5.5,29.5,2,251.399,2.796,152.002
4036.1,30.80,0.3,0.0,31.3,2,253.203,2.784,152.430
4042.1,30.70,0.3,1.3,30.7,2,254.408,2.776,152.678
4042.1,30.53,0.0,4.1,31.2,2,256.217,2.764,152.993
4042.1,30.41,1.4,0.7,32.0,2,257.424,2.757,153.164
4042.1,30.27,2.1,0.0,31.7,2,259.234,2.745,153.363
4048.2,30.17,0.4,2.2,32.0,2,260.439,2.738,153.457
4048.2,30.02,3.6,0.0,32.6,2,262.243,2.728,153.540
4048.2,29.93,4.9,0.0,32.7,2,263.442,2.721,153.556
4048.2,29.81,2.0,0.2,33.1,2,265.234,2.712,153.522
4055.3,29.71,3.8,0.0,33.5,2,266.423,2.707,153.460
4055.3,29.60,5.9,0.0,33.8,2,268.196,2.702,153.308
4055.3,29.48,4.9,0.0,34.9,2,269.954,2.698,153.085
4055.3,29.41,6.8,0.0,36.5,2,271.117,2.697,152.899
4062.1,29.29,4.5,0.0,38.9,2,272.846,2.697,152.565
4062.1,29.20,5.5,0.0,41.2,2,273.987,2.697,152.305
4062.1,29.09,8.9,0.0,43.1,2,275.678,2.700,151.860
4062.1,29.01,5.3,0.0,42.6,2,276.791,2.704,151.525
4070.1,28.88,7.8,0.0,43.7,2,278.436,2.712,150.967
4070.1,28.82,13.0,0.0,44.4,2,279.515,2.718,150.558
4070.1,28.74,17.8,0.0,42.9,2,281.107,2.732,149.890
4070.1,28.74,33.2,0.0,43.2,2,282.150,2.742,149.408
4076.9,28.84,50.7,0.0,42.2,2,283.689,2.763,148.624
4076.9,28.97,61.0,0.0,40.3,2,284.699,2.780,148.064
4076.9,29.29,77.5,0.0,38.1,2,286.196,2.808,147.165
4076.9,29.54,80.3,0.0,37.0,2,287.185,2.828,146.528
4083.7,29.90,74.5,0.0,34.9,2,288.652,2.861,145.517
4083.7,30.11,69.3,0.0,33.3,2,289.619,2.883,144.806
4083.7,30.39,62.8,0.0,30.7,2,291.045,2.917,143.685
4083.7,30.71,75.9,0.0,28.9,2,292.440,2.955,142.498
4090.6,30.92,65.1,0.0,28.6,2,293.352,2.981,141.671
4090.6,31.10,39.6,0.0,30.2,2,294.690,3.023,140.378
4090.6,31.14,31.7,0.0,31.3,2,295.557,3.051,139.485
4090.6,31.24,45.1,0.0,33.1,2,296.820,3.091,138.106
4096.6,31.37,56.7,0.0,34.9,2,297.639,3.117,137.160
4096.6,31.64,69.9,0.0,35.2,2,298.837,3.154,135.700
4096.6,31.88,83.2,0.0,33.7,2,299.616,3.177,134.697
4096.6,32.19,48.8,0.0,29.3,2,300.755,3.209,133.150
4102.6,32.31,53.0,0.0,25.2,2,301.492,3.228,132.091
4102.6,32.49,46.9,0.0,18.0,2,302.556,3.254,130.465
4102.6,32.59,45.9,0.0,13.3,2,303.238,3.269,129.357
4102.6,32.71,37.8,0.0,7.8,2,304.218,3.290,127.661
4108.8,32.80,50.4,0.0,5.7,2,304.841,3.302,126.509
4108.8,32.99,53.6,0.0,4.5,2,305.733,3.318,124.749
4108.8,33.17,63.7,0.0,4.8,2,306.299,3.328,123.554
4108.8,33.50,72.3,0.0,6.7,2,307.106,3.342,121.725
4115.2,33.91,86.9,0.0,10.6,2,307.867,3.355,119.853
4115.2,34.22,82.9,0.0,12.9,2,308.350,3.363,118.579
4115.2,34.70,90.5,0.0,16.3,2,309.040,3.374,116.631
4115.2,35.01,91.1,0.0,18.1,2,309.476,3.381,115.308
4122.0,35.48,85.4,0.0,18.0,2,310.093,3.392,113.286
4122.0,35.78,89.7,0.0,16.5,2,310.478,3.399,111.914
4122.0,36.19,79.4,0.0,13.6,2,311.013,3.410,109.823
4122.0,36.46,86.0,0.0,12.2,2,311.340,3.418,108.408
4129.2,36.87,74.7,0.0,10.8,2,311.785,3.431,106.254
4129.2,37.05,46.3,0.0,10.4,2,312.050,3.441,104.800
4129.2,37.05,5.3,0.7,13.0,2,312.393,3.458,102.602
4129.2,36.94,0.0,5.9,16.5,2,312.585,3.470,101.134
4136.6,36.69,0.0,12.0,16.3,2,312.821,3.491,98.937
4136.6,36.49,0.0,17.6,13.8,2,312.946,3.505,97.479
4136.6,36.05,0.0,42.1,9.3,2,313.089,3.528,95.305
4136.6,35.62,0.0,53.5,6.1,2,313.159,3.544,93.872
4143.8,34.84,0.0,63.2,2.6,2,313.230,3.572,91.757
4143.8,33.93,0.0,72.3,1.4,2,313.270,3.601,89.692
4143.8,33.27,0.0,75.3,0.2,2,313.284,3.623,88.347
4150.3,32.25,0.0,79.1,-3.0,2,313.293,3.655,86.379
4150.3,31.54,0.0,81.1,-5.4,2,313.296,3.678,85.102
4150.3,30.46,0.0,81.5,-8.4,2,313.301,3.712,83.240
4150.3,29.75,0.0,80.8,-10.2,2,313.309,3.735,82.035
4156.2,28.71,0.0,61.8,-12.2,2,313.334,3.767,80.280
4156.2,28.15,0.0,49.0,-13.4,2,313.362,3.789,79.143
4156.2,27.51,0.0,35.3,-15.3,2,313.428,3.819,77.474
4156.2,27.16,0.0,31.0,-17.0,2,313.490,3.838,76.382
4161.5,26.70,0.0,24.8,-19.4,2,313.613,3.864,74.770
4161.5,26.44,0.0,21.2,-21.0,2,313.715,3.879,73.712
4161.5,26.10,0.0,16.7,-22.8,2,313.901,3.901,72.147
4161.5,25.78,0.0,16.9,-24.3,2,314.129,3.920,70.606
4166.6,25.58,0.0,15.5,-25.3,0,314.304,3.933,69.594
4166.6,25.32,0.0,14.1,-26.4,1,314.602,3.949,68.096
4166.6,25.13,0.0,14.6,-25.8,1,314.825,3.959,67.112
4166.6,24.83,0.0,13.8,-26.6,1,315.195,3.973,65.659
4171.6,24.63,0.0,12.6,-28.0,1,315.465,3.981,64.707
4171.6,24.36,0.0,10.9,-30.2,1,315.904,3.992,63.304
4171.6,24.19,0.0,11.8,-31.0,1,316.221,3.998,62.385
4171.6,23.93,0.0,9.9,-31.9,1,316.731,4.006,61.035
4176.4,23.76,0.0,8.2,-32.6,1,317.094,4.011,60.153
4176.4,23.55,0.0,5.6,-34.0,1,317.675,4.016,58.857
4176.4,23.42,0.0,4.2,-34.9,1,318.086,4.019,58.013
4176.4,23.22,0.0,5.8,-36.7,1,318.738,4.021,56.774
4181.0,23.03,0.0,4.4,-37.8,1,319.431,4.022,55.572
4181.0,22.91,0.0,3.7,-38.0,1,319.916,4.021,54.791
4181.0,22.74,0.0,2.7,-37.9,1,320.678,4.019,53.653
4181.0,22.63,0.0,5.7,-38.1,1,321.208,4.016,52.916
4185.3,22.43,0.0,5.4,-39.0,1,322.033,4.010,51.845
4185.3,22.30,0.0,5.5,-38.8,1,322.603,4.005,51.155
4185.3,22.12,0.0,5.7,-38.2,1,323.487,3.997,50.158
4185.3,21.99,0.0,5.5,-38.2,1,324.095,3.991,49.518
4189.5,21.79,0.0,7.7,-39.3,1,325.033,3.983,48.598
4189.5,21.65,0.0,6.8,-40.8,1,325.673,3.976,48.010
4189.5,21.46,0.0,5.3,-43.1,1,326.656,3.966,47.169
4189.5,21.33,0.0,4.2,-44.5,1,327.325,3.958,46.636
4193.6,21.17,0.0,1.7,-43.2,1,328.351,3.946,45.878
4193.6,21.07,12.5,0.0,-41.7,1,329.401,3.932,45.170
4193.6,21.12,31.2,0.0,-40.1,1,330.117,3.922,44.725
4193.6,21.35,49.9,0.0,-39.0,1,331.220,3.909,44.089
4197.8,21.58,60.2,0.0,-40.4,1,331.976,3.899,43.684
4197.8,22.04,84.0,0.0,-44.1,1,333.147,3.885,43.104
4197.8,22.27,38.4,0.0,-52.2,1,333.953,3.875,42.736
4197.8,22.52,49.0,0.0,-60.7,1,335.194,3.861,42.224
4202.6,22.68,52.5,0.0,-60.5,1,336.043,3.851,41.912
4202.6,22.94,40.1,0.0,-56.7,1,337.344,3.837,41.489
4202.6,23.09,47.6,0.0,-54.9,1,338.230,3.829,41.239
4202.6,23.33,45.6,0.0,-57.4,1,339.583,3.816,40.913
4207.8,23.50,47.6,0.0,-57.6,1,340.501,3.808,40.729
4207.8,23.69,34.5,0.0,-63.4,1,341.899,3.796,40.501
4207.8,23.76,30.0,0.0,-69.4,1,342.840,3.789,40.384
4207.8,23.79,19.2,0.0,-79.1,1,344.262,3.778,40.260
4213.2,23.72,12.4,0.0,-86.8,1,345.686,3.768,40.197
4213.2,23.65,9.8,0.0,-91.0,1,346.634,3.761,40.190
4213.2,23.51,8.4,0.0,-93.6,1,348.048,3.752,40.232
4213.2,23.42,8.3,0.0,-92.5,1,348.985,3.747,40.295
4219.9,23.27,8.3,0.0,-92.9,1,350.378,3.739,40.442
4219.9,23.17,8.4,0.0,-97.2,1,351.297,3.736,40.577
4219.9,23.02,8.3,0.0,-89.2,1,352.659,3.731,40.832
4219.9,22.93,8.3,0.0,-91.5,1,353.556,3.728,41.036
4225.6,22.79,8.5,0.0,-91.1,1,354.879,3.724,41.395
4225.6,22.70,8.4,0.0,-87.4,1,355.747,3.722,41.669
4225.6,22.57,9.0,0.0,-82.9,1,357.025,3.719,42.128
4225.6,22.49,10.5,0.0,-79.6,1,357.860,3.718,42.467
4231.0,22.41,16.1,0.0,-66.9,1,359.087,3.718,43.023
4231.0,22.43,29.8,0.0,-56.3,1,359.888,3.718,43.425
4231.0,22.75,82.1,0.0,-43.4,1,361.073,3.719,44.077
4231.0,23.09,64.7,0.0,-35.6,1,361.861,3.721,44.545
4236.1,23.56,73.7,0.0,-22.8,1,363.039,3.724,45.296
4236.1,24.12,80.3,0.0,-12.2,1,364.219,3.730,46.102
4236.1,24.56,89.9,0.0,-8.9,1,365.009,3.734,46.668
4241.2,25.25,91.0,0.0,-9.0,1,366.207,3.743,47.559
4241.2,25.72,91.0,0.0,-10.6,1,367.015,3.750,48.180
4241.2,26.42,91.0,0.0,-14.0,1,368.239,3.760,49.151
4241.2,26.86,91.0,0.0,-15.9,1,369.063,3.768,49.826
4246.4,27.53,81.2,0.0,-16.5,1,370.306,3.779,50.881
4246.4,27.93,87.4,0.0,-15.5,1,371.137,3.786,51.614
4246.4,28.56,82.8,0.0,-14.9,1,372.385,3.797,52.759
4246.4,28.95,85.7,0.0,-14.4,1,373.216,3.804,53.552
4251.9,29.52,79.0,0.0,-13.4,1,374.459,3.814,54.789
4251.9,29.90,90.9,0.0,-12.8,1,375.283,3.820,55.644
4251.9,30.51,90.1,0.0,-13.1,1,376.512,3.829,56.975
4251.9,30.91,91.2,0.0,-14.0,1,377.325,3.834,57.895
4257.7,31.34,0.0,0.0,-15.5,0,378.533,3.843,59.322
4257.7,31.34,90.5,0.0,-16.5,2,379.319,3.848,60.297
4257.7,31.85,91.0,0.0,-18.2,2,380.473,3.856,61.801
4257.7,32.36,91.0,0.0,-20.2,2,381.604,3.863,63.358
4263.9,32.69,91.0,0.0,-20.5,2,382.346,3.866,64.426
4263.9,33.20,91.0,0.0,-19.3,2,383.436,3.872,66.073
4263.9,33.53,91.0,0.0,-19.0,2,384.148,3.874,67.202
4263.9,34.03,91.1,0.0,-15.8,2,385.188,3.879,68.941
4270.3,34.38,91.1,0.0,-13.0,2,385.862,3.882,70.130
4270.3,34.89,91.1,0.0,-10.1,2,386.846,3.886,71.959
4270.3,35.23,91.1,0.0,-9.3,2,387.484,3.889,73.207
4270.3,35.75,91.1,0.0,-9.4,2,388.413,3.894,75.122
4277.2,36.09,91.1,0.0,-10.3,2,389.017,3.895,76.425
4277.2,36.61,91.1,0.0,-11.3,2,389.901,3.896,78.417
4277.2,36.95,91.1,0.0,-11.7,2,390.478,3.895,79.770
4277.2,37.46,90.8,0.0,-10.4,2,391.321,3.895,81.835
4284.4,37.76,90.2,0.0,-10.1,2,391.869,3.894,83.235
4284.4,38.21,91.0,0.0,-9.6,2,392.669,3.889,85.369
4284.4,38.71,91.3,0.0,-6.4,2,393.442,3.888,87.545
4284.4,39.00,79.7,0.0,-3.2,2,393.945,3.887,89.017
4292.0,39.23,20.8,0.0,2.9,2,394.679,3.877,91.245
4292.0,39.44,77.0,0.0,5.3,2,395.148,3.872,92.747
4292.0,39.89,91.3,0.0,2.2,2,395.815,3.873,95.031
4292.0,40.11,91.3,0.0,-0.4,0,396.246,3.874,96.572
4299.8,40.33,91.1,0.0,-3.7,3,396.879,3.871,98.903
4299.8,40.46,91.0,0.0,-4.0,3,397.289,3.865,100.465
4299.8,40.97,78.2,0.0,-3.0,3,397.892,3.856,102.836
4299.8,41.29,90.5,0.0,-2.8,3,398.281,3.855,104.434
4307.9,41.82,91.1,0.0,-2.0,3,398.852,3.854,106.860
4307.9,42.14,91.1,0.0,-1.6,3,399.224,3.853,108.497
4307.9,42.59,91.1,0.0,-1.2,3,399.769,3.847,110.979
4307.9,42.86,91.1,0.0,-2.3,3,400.121,3.842,112.650
4316.2,43.28,91.1,0.0,-5.2,3,400.635,3.836,115.182
4316.2,43.69,91.1,0.0,-6.6,3,401.132,3.831,117.742
4316.2,43.97,91.2,0.0,-6.8,3,401.454,3.828,119.465
4316.2,44.38,91.2,0.0,-6.7,3,401.919,3.825,122.074
4324.8,44.65,91.2,0.0,-6.6,3,402.215,3.823,123.829
4324.8,45.06,91.2,0.0,-6.7,3,402.638,3.819,126.486
4324.8,45.32,91.2,0.0,-6.6,3,402.903,3.816,128.273
4324.8,45.72,91.2,0.0,-6.6,3,403.276,3.810,130.978
4333.7,45.99,91.2,0.0,-6.7,3,403.508,3.806,132.797
4333.7,46.38,91.2,0.0,-7.0,3,403.827,3.800,135.549
4333.7,46.64,91.2,0.0,-7.1,3,404.022,3.795,137.398
4333.7,47.03,91.2,0.0,-7.0,3,404.285,3.789,140.195
4342.9,47.28,91.3,0.0,-7.2,3,404.440,3.785,142.074
4342.9,47.66,91.3,0.0,-7.7,3,404.644,3.778,144.914
4342.9,47.91,91.3,0.0,-7.7,3,404.758,3.773,146.822
4342.9,48.29,91.3,0.0,-7.5,3,404.897,3.767,149.704
4352.3,48.53,91.3,0.0,-8.0,3,404.966,3.762,151.638
4352.3,48.89,91.3,0.0,-8.9,3,405.035,3.756,154.559
4352.3,49.24,91.3,0.0,-9.4,3,405.060,3.750,157.502
4352.3,49.47,91.4,0.0,-9.6,3,405.051,3.745,159.476
4361.9,49.81,91.4,0.0,-9.9,3,404.994,3.739,162.453
4361.9,50.03,91.4,0.0,-10.7,3,404.928,3.735,164.448
4361.9,50.37,91.4,0.0,-11.4,3,404.784,3.727,167.456
4361.9,50.59,91.4,0.0,-9.3,3,404.657,3.722,169.471
4371.8,50.90,91.4,0.0,-8.1,3,404.417,3.715,172.505
4371.8,51.12,91.5,0.0,-8.3,3,404.227,3.711,174.537
4371.8,51.19,0.0,0.0,-11.3,0,403.896,3.703,177.591
4371.8,51.30,91.2,0.0,-12.5,4,403.645,3.697,179.624
4382.0,51.60,91.2,0.0,-14.1,4,403.217,3.689,182.681
4382.0,51.79,91.2,0.0,-14.8,4,402.897,3.684,184.723
4382.0,52.08,91.2,0.0,-15.0,4,402.361,3.675,187.792
4382.0,52.26,91.2,0.0,-14.9,4,401.964,3.670,189.840
4392.3,52.53,91.3,0.0,-14.2,4,401.305,3.663,192.914
4392.3,52.79,91.3,0.0,-14.7,4,400.572,3.657,195.987
4392.3,52.96,84.8,0.0,-14.5,4,400.041,3.652,198.034
4403.2,53.24,75.1,0.0,-14.0,4,399.178,3.648,201.100
4403.2,53.41,68.6,0.0,-14.8,4,398.558,3.646,203.141
4403.2,53.67,58.9,0.0,-17.0,4,397.563,3.645,206.195
4403.2,53.82,59.0,0.0,-18.8,4,396.860,3.643,208.225
4414.8,53.99,36.0,0.0,-21.3,4,395.745,3.641,211.262
4414.8,54.08,54.4,0.0,-21.1,4,394.959,3.642,213.275
4414.8,54.32,59.2,0.0,-19.5,4,393.716,3.647,216.279
4414.8,54.49,59.2,0.0,-18.8,4,392.845,3.651,218.274
4426.5,54.73,59.4,0.0,-18.0,4,391.475,3.658,221.249
4426.5,54.89,59.4,0.0,-17.5,4,390.517,3.663,223.221
4426.5,55.13,59.5,0.0,-16.9,4,389.017,3.672,226.161
4426.5,55.30,59.5,0.0,-16.9,4,387.976,3.678,228.108
4437.8,55.56,59.6,0.0,-17.1,4,386.356,3.685,231.012
4437.8,55.81,59.7,0.0,-16.6,4,384.670,3.687,233.896
4437.8,55.99,59.7,0.0,-15.8,4,383.510,3.687,235.806
4437.8,56.24,59.8,0.0,-13.3,4,381.711,3.686,238.652
4448.9,56.41,59.9,0.0,-11.4,4,380.473,3.687,240.534
4448.9,56.67,59.9,0.0,-10.8,4,378.561,3.690,243.335
4448.9,56.84,60.0,0.0,-10.5,4,377.249,3.694,245.187
4448.9,57.09,60.0,0.0,-12.0,4,375.227,3.702,247.943
4460.0,57.26,60.0,0.0,-11.9,4,373.846,3.708,249.765
4460.0,57.52,60.0,0.0,-10.3,4,371.724,3.716,252.476
4460.0,57.69,60.0,0.0,-8.7,4,370.276,3.723,254.268
4460.0,57.94,60.0,0.0,-7.1,4,368.057,3.733,256.934
4471.4,58.11,60.0,0.0,-7.0,4,366.548,3.740,258.696
4471.4,58.37,60.0,0.0,-7.3,4,364.242,3.749,261.322
4471.4,58.54,60.0,0.0,-7.1,4,362.678,3.754,263.060
4471.4,58.80,60.0,0.0,-6.7,4,360.295,3.761,265.650
4483.1,58.96,60.0,0.0,-6.6,4,358.680,3.765,267.364
4483.1,59.22,60.0,0.0,-6.7,4,356.222,3.769,269.918
4483.1,59.47,60.0,0.0,-6.8,4,353.721,3.769,272.451
4483.1,59.63,60.1,0.0,-6.8,4,352.029,3.769,274.127
4494.9,59.86,61.1,0.0,-7.3,4,349.455,3.771,276.621
4494.9,59.93,0.0,0.0,-7.6,0,347.717,3.773,278.271
4494.9,59.92,86.1,0.0,-5.8,5,345.080,3.786,280.712
4494.9,60.10,79.6,0.0,-3.8,5,343.299,3.798,282.324
4506.9,60.45,70.4,0.0,-1.7,5,340.604,3.800,284.729
4506.9,60.69,63.3,0.0,-0.6,5,338.782,3.797,286.325
4506.9,60.89,59.2,0.0,-0.9,5,336.012,3.805,288.697
4506.9,61.18,59.1,0.0,-0.3,5,334.152,3.797,290.275
4519.0,61.51,58.9,0.0,0.3,5,331.331,3.795,292.640
4519.0,61.72,58.9,0.0,0.6,5,329.436,3.796,294.215
4519.0,62.02,59.0,0.0,1.1,5,326.579,3.793,296.583
4519.0,62.24,59.1,0.0,0.4,5,323.708,3.787,298.959
4531.4,62.39,59.2,0.0,-0.2,5,321.789,3.784,300.550
4531.4,62.61,59.2,0.0,-0.3,5,318.906,3.782,302.947
4531.4,62.77,59.3,0.0,-0.2,5,316.979,3.781,304.552
4531.4,62.99,59.3,0.0,0.4,5,314.083,3.784,306.969
4543.9,63.15,59.4,0.0,0.7,5,312.146,3.789,308.586
4543.9,63.37,59.4,0.0,0.7,5,309.235,3.796,311.020
4543.9,63.52,59.5,0.0,0.7,5,307.289,3.799,312.649
4543.9,63.74,59.6,0.0,0.5,5,304.365,3.804,315.103
4556.5,63.89,59.6,0.0,0.4,5,302.412,3.809,316.746
4556.5,64.11,59.7,0.0,0.5,5,299.478,3.817,319.222
4556.5,64.26,59.7,0.0,0.7,5,297.517,3.821,320.879
4556.5,64.47,59.7,0.0,0.7,5,294.572,3.825,323.376
4569.4,64.61,59.8,0.0,0.7,5,292.604,3.827,325.047
4569.4,64.83,59.8,0.0,0.7,5,289.649,3.823,327.565
4569.4,65.04,59.9,0.0,0.9,5,286.687,3.816,330.097
4569.4,65.18,60.0,0.0,1.0,5,284.711,3.812,331.792
4582.4,65.39,60.0,0.0,0.9,5,281.742,3.803,334.348
4582.4,65.53,60.0,0.0,0.7,5,279.761,3.797,336.059
4582.4,65.73,60.1,0.0,0.4,5,276.786,3.793,338.639
4582.4,65.87,60.1,0.0,0.4,5,274.800,3.793,340.367
4595.5,66.07,60.1,0.0,0.3,5,271.818,3.794,342.969
4595.5,66.21,60.1,0.0,0.3,5,269.826,3.796,344.710
4595.5,66.42,60.1,0.0,0.2,5,266.834,3.798,347.332
4595.5,66.54,60.1,0.0,0.2,5,264.835,3.802,349.086
4608.7,66.74,60.1,0.0,-0.0,5,261.831,3.813,351.724
4608.7,66.86,60.1,0.0,-0.0,5,259.825,3.822,353.488
4608.7,67.06,60.1,0.0,0.1,5,256.808,3.836,356.141
4608.7,67.19,60.1,0.0,0.2,5,254.792,3.846,357.914
4622.1,67.38,60.1,0.0,0.1,5,251.761,3.858,360.581
4622.1,67.50,60.1,0.0,0.1,5,249.737,3.869,362.362
4622.1,67.68,60.1,0.0,0.3,5,246.693,3.886,365.042
4622.1,67.81,60.1,0.0,0.3,5,244.659,3.895,366.832
4635.7,67.99,60.1,0.0,0.2,5,241.603,3.905,369.525
4635.7,68.17,60.1,0.0,0.2,5,238.539,3.916,372.227
4635.7,68.29,60.1,0.0,0.2,5,236.493,3.922,374.032
4649.3,68.48,60.1,0.0,0.1,5,233.418,3.925,376.748
4649.3,68.59,60.2,0.0,0.1,5,231.364,3.925,378.564
4649.3,68.77,60.2,0.0,-0.1,5,228.277,3.923,381.293
4649.3,68.89,60.2,0.0,-0.0,5,226.215,3.921,383.117
4663.0,69.06,60.2,0.0,-0.2,5,223.116,3.917,385.859
4663.0,69.17,60.2,0.0,-0.3,5,221.046,3.914,387.691
4663.0,69.34,60.2,0.0,-0.3,5,217.933,3.909,390.443
4663.0,69.46,60.2,0.0,-0.1,5,215.853,3.905,392.281
4676.9,69.63,60.3,0.0,-0.0,5,212.725,3.898,395.042
4676.9,69.74,60.3,0.0,-0.1,5,210.635,3.892,396.886
4676.9,69.90,60.3,0.0,0.0,5,207.493,3.885,399.656
4676.9,70.01,60.2,0.0,0.1,5,205.394,3.881,401.507
4690.9,70.17,60.1,0.0,0.2,0,202.239,3.876,404.287
4690.9,70.10,0.0,0.0,0.2,0,200.133,3.872,406.142
4690.9,70.19,83.1,0.0,0.1,6,196.977,3.867,408.924
4690.9,70.35,73.4,0.0,0.1,6,193.816,3.863,411.713
4704.9,70.46,66.9,0.0,0.2,6,191.705,3.859,413.577
4704.9,70.62,59.2,0.0,0.3,6,188.533,3.853,416.379
4704.9,70.72,59.2,0.0,0.3,6,186.416,3.850,418.251
4704.9,70.87,59.2,0.0,0.3,6,183.235,3.846,421.066
4719.1,70.98,59.3,0.0,0.2,6,181.112,3.844,422.948
4719.1,71.13,59.3,0.0,0.2,6,177.923,3.840,425.776
4719.1,71.23,59.4,0.0,0.1,6,175.794,3.838,427.667
4719.1,71.39,59.4,0.0,-0.0,6,172.596,3.832,430.509
4733.3,71.49,59.4,0.0,0.1,6,170.460,3.827,432.407
4733.3,71.64,59.5,0.0,0.0,6,167.252,3.822,435.261
4733.3,71.73,59.5,0.0,-0.0,6,165.110,3.819,437.166
4733.3,71.88,59.6,0.0,-0.1,6,161.891,3.817,440.030
4747.7,71.98,59.6,0.0,-0.0,6,159.742,3.817,441.942
4747.7,72.13,59.7,0.0,0.1,6,156.512,3.816,444.816
4747.7,72.27,59.7,0.0,0.2,6,153.275,3.818,447.694
4747.7,72.37,59.7,0.0,0.2,6,151.114,3.821,449.617
4762.1,72.52,59.7,0.0,0.3,6,147.868,3.825,452.507
4762.1,72.61,59.8,0.0,0.3,6,145.701,3.827,454.438
4762.1,72.76,59.8,0.0,0.4,6,142.446,3.829,457.340
4762.1,72.85,59.8,0.0,0.3,6,140.275,3.831,459.280
4776.7,72.99,59.8,0.0,0.1,6,137.014,3.834,462.196
4776.7,73.08,59.9,0.0,0.0,6,134.837,3.835,464.145
4776.7,73.22,59.9,0.0,-0.2,6,131.569,3.837,467.074
4776.7,73.31,59.9,0.0,0.0,6,129.386,3.838,469.030
4791.3,73.45,60.0,0.0,0.1,6,126.108,3.841,471.969
4791.3,73.54,60.0,0.0,-0.0,6,123.919,3.843,473.931
4791.3,73.68,60.1,0.0,-0.2,6,120.630,3.846,476.878
4791.3,73.77,60.1,0.0,-0.1,6,118.434,3.847,478.845
4806.0,73.90,60.1,0.0,-0.1,6,115.134,3.846,481.800
4806.0,73.99,60.1,0.0,-0.2,6,112.930,3.845,483.773
4806.0,74.12,60.1,0.0,-0.2,6,109.618,3.842,486.735
4806.0,74.21,60.2,0.0,-0.1,6,107.406,3.839,488.712
4820.8,74.35,60.2,0.0,-0.1,6,104.083,3.832,491.681
4820.8,74.47,60.2,0.0,-0.1,6,100.752,3.823,494.653
4820.8,74.56,60.2,0.0,-0.1,6,98.527,3.817,496.637
4820.8,74.69,60.2,0.0,-0.2,6,95.185,3.808,499.616
4835.7,74.78,60.2,0.0,0.0,6,92.953,3.800,501.605
4835.7,74.91,60.2,0.0,-0.1,6,89.601,3.784,504.592
4835.7,74.99,60.2,0.0,-0.3,6,87.362,3.772,506.585
4835.7,75.12,60.2,0.0,-0.3,6,83.999,3.753,509.579
4850.7,75.20,60.2,0.0,-0.1,6,81.753,3.739,511.578
4850.7,75.32,60.2,0.0,-0.0,6,78.379,3.718,514.578
4850.7,75.41,60.3,0.0,-0.4,6,76.126,3.704,516.581
4850.7,75.53,60.3,0.0,-0.4,6,72.741,3.682,519.588
4865.8,75.61,60.3,0.0,0.0,6,70.480,3.667,521.595
4865.8,75.73,60.3,0.0,-0.1,6,67.084,3.643,524.607
4865.8,75.85,60.3,0.0,-0.4,6,63.681,3.618,527.624
4865.8,75.93,60.3,0.0,-0.7,6,61.409,3.600,529.636
4880.9,76.05,60.3,0.0,-0.1,6,57.994,3.572,532.657
4880.9,76.13,60.3,0.0,-0.3,6,55.713,3.552,534.671
4880.9,76.25,60.3,0.0,0.0,6,52.284,3.518,537.695
4880.9,76.32,60.3,0.0,-0.1,6,49.994,3.495,539.711
4896.2,76.44,60.3,0.0,0.3,6,46.554,3.458,542.738
4896.2,76.52,60.3,0.0,0.7,6,44.257,3.432,544.758
4896.2,76.63,60.3,0.0,0.8,6,40.808,3.390,547.793
4896.2,76.71,60.3,0.0,0.6,6,38.508,3.359,549.821
4911.5,76.83,60.3,0.0,0.5,6,35.057,3.309,552.871
4911.5,76.91,60.3,0.0,0.4,6,32.757,3.271,554.910
4911.5,77.00,60.3,0.0,0.5,6,29.306,3.215,557.977
4911.5,77.08,60.3,0.0,0.4,6,27.005,3.176,560.026
4926.8,77.19,60.3,0.0,0.2,6,23.553,3.118,563.108
4926.8,77.26,60.3,0.0,0.2,6,21.251,3.079,565.168
4926.8,77.38,60.3,0.0,0.2,6,17.796,3.019,568.263
4926.8,77.45,60.3,0.0,0.2,6,15.491,2.979,570.330
4942.3,77.56,60.3,0.0,-0.1,6,12.032,2.920,573.437
4942.3,77.66,60.3,0.0,-0.3,6,8.568,2.862,576.548
4942.3,77.73,60.3,0.0,-0.0,6,6.257,2.824,578.625
4957.8,77.73,29.5,34.4,-0.4,6,2.785,2.770,581.742
4957.8,77.32,0.0,60.7,-0.6,6,0.476,2.733,583.815
4957.8,76.27,0.0,79.1,-0.9,6,-2.958,2.671,586.893
4957.8,75.48,0.0,82.9,-0.8,6,-5.220,2.632,588.918
4973.1,74.24,0.0,84.0,0.1,6,-8.573,2.576,591.911
4973.1,73.41,0.0,84.6,0.3,6,-10.779,2.540,593.875
4973.1,72.16,0.0,84.2,-0.4,6,-14.045,2.487,596.779
4973.1,71.34,0.0,84.5,-0.7,6,-16.192,2.454,598.685
4987.5,70.11,0.0,84.7,-0.9,6,-19.369,2.406,601.501
4987.5,69.31,0.0,85.9,-0.8,6,-21.459,2.375,603.350
4987.5,68.06,0.0,84.5,-0.8,6,-24.550,2.325,606.077
4987.5,66.84,0.0,84.2,-1.1,6,-27.593,2.275,608.749
5001.1,66.03,0.0,84.3,-0.6,6,-29.594,2.242,610.500
5001.1,64.82,0.0,84.3,-0.4,6,-32.557,2.195,613.079
5001.1,64.02,0.0,84.3,-0.5,6,-34.505,2.165,614.767
5001.1,62.82,0.0,84.5,-0.9,6,-37.388,2.122,617.253
5014.0,62.03,0.0,85.0,-1.1,6,-39.284,2.095,618.881
5014.0,60.85,25.4,86.1,-1.2,0,-42.088,2.051,621.277
5014.0,60.04,0.0,85.5,-1.4,5,-43.931,2.022,622.844
5014.0,58.85,0.0,85.3,-1.4,5,-46.657,1.982,625.147
5025.9,58.05,0.0,85.3,-2.1,5,-48.449,1.954,626.652
5025.9,56.86,0.0,84.7,-3.8,5,-51.100,1.912,628.859
5025.9,56.08,0.0,85.1,-5.2,5,-52.844,1.886,630.296
5025.9,54.89,0.0,84.4,-4.8,5,-55.429,1.847,632.397
5037.1,54.11,0.0,84.4,-4.2,5,-57.133,1.821,633.759
5037.1,52.95,0.0,83.4,-3.3,0,-59.661,1.784,635.744
5037.1,52.20,23.0,82.2,-3.1,0,-61.328,1.759,637.027
5037.1,51.06,0.0,74.3,-2.7,4,-63.803,1.722,638.893
5047.5,50.36,0.0,63.5,-3.0,4,-65.437,1.697,640.097
5047.5,49.48,0.0,53.5,-3.7,4,-67.872,1.662,641.843
5047.5,48.70,0.0,49.4,-5.4,4,-70.293,1.626,643.521
5047.5,48.22,0.0,48.2,-7.1,4,-71.902,1.603,644.604
5057.2,47.50,0.0,49.2,-9.2,4,-74.307,1.568,646.175
5057.2,47.01,0.0,46.8,-10.4,4,-75.905,1.545,647.186
5057.2,46.33,0.0,43.0,-10.4,4,-78.296,1.512,648.646
5057.2,45.88,0.0,39.7,-10.0,4,-79.886,1.490,649.580
5066.4,45.30,0.0,29.8,-8.0,4,-82.269,1.457,650.924
5066.4,44.97,0.0,26.2,-7.9,4,-83.858,1.436,651.782
5066.4,44.53,0.0,21.7,-9.6,4,-86.245,1.405,653.013
5066.4,44.26,0.0,21.7,-10.9,4,-87.838,1.383,653.797
5075.1,43.85,0.0,36.4,-12.8,4,-90.232,1.351,654.921
5075.1,43.46,0.0,41.8,-13.4,0,-91.827,1.329,655.633
5075.1,42.82,0.0,44.7,-12.9,3,-94.211,1.298,656.646
5075.1,42.37,0.0,32.9,-11.9,3,-95.792,1.277,657.282
5083.6,41.87,0.0,17.3,-10.6,3,-98.156,1.248,658.176
5083.6,41.54,0.0,9.4,-11.3,3,-100.517,1.219,659.002
5083.6,41.37,0.0,8.5,-12.4,3,-102.094,1.199,659.515
5083.6,41.13,0.0,4.8,-15.4,3,-104.463,1.169,660.232
5092.0,41.00,0.0,5.3,-16.7,3,-106.046,1.150,660.673
5092.0,40.79,0.0,4.0,-18.2,3,-108.423,1.122,661.281
5092.0,40.66,0.0,4.4,-18.8,3,-110.009,1.103,661.652
5092.0,40.46,0.0,4.3,-18.5,3,-112.391,1.073,662.154
5100.3,40.33,0.0,3.8,-17.7,3,-113.979,1.055,662.451
5100.3,40.13,0.0,5.5,-17.1,3,-116.361,1.028,662.840
5100.3,39.99,0.0,3.5,-17.3,3,-117.948,1.010,663.061
5100.3,39.80,0.0,4.3,-17.3,3,-120.326,0.983,663.338
5108.4,39.67,0.0,3.7,-17.1,3,-121.909,0.966,663.485
5108.4,39.48,0.0,3.9,-16.8,3,-124.278,0.942,663.647
5108.4,39.35,0.0,4.7,-17.0,3,-125.853,0.927,663.718
5108.4,39.16,0.0,3.1,-17.6,3,-128.208,0.906,663.768
5116.6,38.98,0.0,5.0,-18.5,3,-130.552,0.886,663.753
5116.6,38.85,0.0,2.8,-19.0,3,-132.108,0.872,663.708
5116.6,38.67,0.0,3.6,-18.7,3,-134.431,0.851,663.587
5116.6,38.55,0.0,4.9,-18.4,3,-135.971,0.838,663.469
5124.7,38.36,0.0,2.1,-18.9,3,-138.267,0.820,663.239
5124.7,38.25,0.0,3.1,-19.3,3,-139.787,0.808,663.050
5124.7,38.07,0.0,1.5,-19.4,3,-142.052,0.789,662.713
5124.7,37.96,0.0,2.3,-19.6,3,-143.550,0.777,662.453
5132.6,37.78,0.0,1.8,-19.7,3,-145.779,0.760,662.010
5132.6,37.67,0.0,1.3,-19.9,3,-147.252,0.748,661.680
5132.6,37.51,0.0,3.1,-20.7,3,-149.440,0.733,661.131
5132.6,37.40,0.0,1.1,-21.2,3,-150.884,0.722,660.731
5140.6,37.24,0.0,2.2,-21.9,3,-153.026,0.707,660.081
5140.6,37.12,0.0,3.5,-22.4,3,-154.438,0.697,659.613
5140.6,36.95,0.0,0.8,-23.0,3,-156.529,0.682,658.861
5140.6,36.84,0.0,2.5,-23.2,3,-157.905,0.672,658.326
5148.3,36.66,0.0,2.2,-23.2,3,-159.939,0.658,657.474
5148.3,36.48,0.0,5.8,-22.9,3,-161.935,0.645,656.562
5148.3,36.33,0.0,4.8,-22.6,3,-163.243,0.638,655.921
5156.3,36.13,0.0,3.1,-22.1,3,-165.167,0.629,654.910
5156.3,36.00,0.0,4.5,-22.1,3,-166.426,0.624,654.204
5156.3,35.81,1.7,0.9,-22.4,3,-168.276,0.617,653.100
5156.3,35.72,6.6,0.0,-22.8,3,-169.484,0.613,652.333
5163.9,35.61,6.9,0.0,-24.3,3,-171.258,0.608,651.137
5163.9,35.56,20.6,0.0,-25.3,3,-172.416,0.606,650.309
5163.9,35.56,28.6,0.0,-26.5,3,-174.116,0.604,649.021
5163.9,35.56,32.3,0.0,-27.9,3,-175.226,0.604,648.131
5171.9,35.66,55.1,0.0,-28.5,3,-176.855,0.605,646.751
5171.9,35.78,65.2,0.0,-28.9,3,-177.920,0.607,645.798
5171.9,36.03,76.1,0.0,-30.0,3,-179.486,0.611,644.321
5171.9,36.21,79.0,0.0,-30.4,3,-180.510,0.614,643.302
5179.8,36.52,86.8,0.0,-33.9,3,-182.018,0.619,641.725
5179.8,36.83,80.9,0.0,-34.1,3,-183.488,0.625,640.089
5179.8,37.02,78.0,0.0,-33.1,3,-184.447,0.629,638.965
5179.8,37.29,77.4,0.0,-30.9,3,-185.846,0.637,637.231
5187.4,37.46,77.4,0.0,-30.3,3,-186.753,0.644,636.043
5187.4,37.76,84.5,0.0,-30.9,3,-188.074,0.655,634.215
5187.4,37.91,51.4,0.0,-32.2,3,-188.929,0.662,632.966
5187.4,37.72,0.5,23.3,-34.1,3,-190.164,0.672,631.058
5194.9,37.44,0.0,12.6,-34.4,3,-190.947,0.680,629.775
5194.9,37.18,17.1,0.0,-32.7,3,-192.059,0.693,627.833
5194.9,37.18,43.5,0.0,-30.7,3,-192.763,0.701,626.524
5194.9,37.36,79.2,0.0,-33.4,3,-193.772,0.711,624.530
5202.0,37.52,70.7,0.0,-33.6,3,-194.415,0.716,623.178
5202.0,37.68,57.0,0.0,-29.6,3,-195.334,0.720,621.117
5202.0,37.80,72.5,0.0,-26.7,3,-195.914,0.722,619.724
5202.0,37.99,61.1,0.0,-23.3,3,-196.735,0.722,617.604
5209.2,38.16,58.6,0.0,-21.5,3,-197.495,0.720,615.450
5209.2,38.29,73.6,0.0,-22.0,3,-197.966,0.719,613.996
5209.2,38.53,75.7,0.0,-24.4,3,-198.617,0.719,611.786
5209.2,38.70,71.8,0.0,-25.0,3,-199.016,0.719,610.294
5216.5,38.95,75.4,0.0,-26.5,3,-199.559,0.720,608.030
5216.5,39.12,75.7,0.0,-29.7,3,-199.885,0.721,606.503
5216.5,39.36,70.0,0.0,-31.8,3,-200.321,0.722,604.190
5216.5,39.51,67.8,0.0,-32.7,3,-200.575,0.723,602.633
5224.3,39.74,72.3,0.0,-32.1,3,-200.898,0.726,600.279
5224.3,39.90,77.9,0.0,-30.4,3,-201.077,0.729,598.697
5224.3,40.24,90.1,0.0,-23.6,3,-201.292,0.735,596.303
5224.3,40.47,91.1,0.0,-16.3,3,-201.398,0.741,594.693
5232.3,40.86,91.1,0.0,-4.0,3,-201.505,0.751,592.256
5232.3,41.13,91.1,0.0,3.4,3,-201.543,0.760,590.617
5232.3,41.33,21.0,18.1,9.2,3,-201.559,0.777,588.141
5232.3,40.96,0.0,37.1,8.3,3,-201.549,0.795,585.670
5240.6,40.58,0.0,54.1,9.0,3,-201.546,0.807,584.039
5240.6,39.76,0.0,68.0,9.3,3,-201.560,0.822,581.626
5240.6,39.14,0.0,63.7,9.6,3,-201.587,0.832,580.047
5240.6,38.29,0.0,52.7,9.5,3,-201.659,0.849,577.724
5248.5,37.79,0.0,48.0,9.7,3,-201.729,0.861,576.203
5248.5,37.12,0.0,35.1,11.5,3,-201.871,0.878,573.960
5248.5,36.77,0.0,28.5,12.0,3,-201.992,0.889,572.487
5248.5,36.32,0.0,21.1,12.7,3,-202.214,0.905,570.305
5256.0,36.08,0.0,15.9,14.6,3,-202.388,0.914,568.867
5256.0,35.78,0.0,10.7,16.2,3,-202.690,0.925,566.732
5256.0,35.61,0.0,11.4,15.5,3,-202.921,0.933,565.323
5256.0,35.35,0.0,13.8,16.2,3,-203.310,0.946,563.229
5263.4,35.16,0.0,15.0,14.8,3,-203.598,0.955,561.849
5263.4,34.85,0.0,17.2,11.9,3,-204.069,0.969,559.802
5263.4,34.55,35.2,20.0,14.3,0,-204.584,0.983,557.784
5263.4,34.29,0.0,36.6,13.7,2,-204.952,0.994,556.457
5270.9,33.69,0.0,40.5,17.9,2,-205.536,1.012,554.501
5270.9,33.29,0.0,59.3,18.4,2,-205.945,1.025,553.225
5270.9,32.51,0.0,47.3,16.9,2,-206.586,1.042,551.356
5270.9,32.06,0.0,37.3,16.1,2,-207.032,1.055,550.143
5278.0,31.51,0.0,26.2,13.0,2,-207.732,1.074,548.370
5278.0,31.22,0.0,19.8,10.9,2,-208.221,1.087,547.214
5278.0,30.88,0.0,13.4,11.8,2,-208.987,1.108,545.516
5278.0,30.69,0.0,14.2,14.6,2,-209.517,1.122,544.404
5285.6,30.40,0.0,15.4,18.8,2,-210.340,1.145,542.766
5285.6,30.10,0.0,15.0,24.3,2,-211.193,1.166,541.164
5285.6,29.90,0.0,12.2,28.8,2,-211.781,1.179,540.117
5292.4,29.63,0.0,7.4,28.8,2,-212.696,1.199,538.583
5292.4,29.49,0.0,7.0,28.8,2,-213.331,1.212,537.585
5292.4,29.27,0.0,4.1,32.4,2,-214.319,1.231,536.125
5292.4,29.14,0.0,2.1,33.4,2,-215.003,1.243,535.178
5299.6,28.98,0.0,1.1,34.0,2,-216.068,1.261,533.798
5299.6,28.87,0.0,0.3,36.6,2,-216.804,1.272,532.905
5299.6,28.71,1.6,0.0,40.6,2,-217.946,1.288,531.608
5299.6,28.61,3.7,0.0,43.7,2,-218.731,1.297,530.773
5305.7,28.48,5.7,0.0,47.7,2,-219.945,1.311,529.565
5305.7,28.39,8.0,0.0,48.7,2,-220.778,1.320,528.790
5305.7,28.29,12.1,0.0,49.8,2,-222.061,1.332,527.675
5305.7,28.23,13.4,0.0,51.2,2,-222.939,1.339,526.962
5311.7,28.16,17.4,0.0,52.8,2,-224.287,1.350,525.941
5311.7,28.13,19.5,0.0,54.1,2,-225.207,1.356,525.291
5311.7,28.09,21.0,0.0,56.1,2,-226.615,1.366,524.364
5311.7,28.05,20.2,0.0,58.4,2,-228.057,1.373,523.494
5317.7,28.02,19.1,0.0,60.3,2,-229.035,1.378,522.946
5317.7,27.96,17.7,0.0,62.8,2,-230.526,1.384,522.174
5317.7,27.91,17.8,0.0,64.0,2,-231.535,1.387,521.693
5317.7,27.84,17.6,0.0,65.6,2,-233.068,1.391,521.023
5323.5,27.79,17.5,0.0,66.2,2,-234.102,1.393,520.611
5323.5,27.72,17.1,0.0,67.1,2,-235.669,1.396,520.048
5323.5,27.67,16.0,0.0,68.0,2,-236.724,1.397,519.708
5323.5,27.58,15.6,0.0,68.9,2,-238.318,1.398,519.254
5329.6,27.53,15.6,0.0,69.0,2,-239.387,1.398,518.987
5329.6,27.44,14.8,0.0,69.2,2,-241.000,1.398,518.643
5329.6,27.37,14.8,0.0,69.0,2,-242.079,1.397,518.450
5329.6,27.29,16.3,0.0,67.6,2,-243.702,1.396,518.217
5335.3,27.24,17.3,0.0,66.3,2,-244.786,1.394,518.100
5335.3,27.17,19.0,0.0,64.3,2,-246.414,1.391,517.979
5335.3,27.13,22.7,0.0,61.8,2,-248.041,1.387,517.925
5335.3,27.12,26.6,0.0,59.8,2,-249.126,1.384,517.926
5341.0,27.14,31.8,0.0,57.0,2,-250.753,1.378,517.982
5341.0,27.18,36.2,0.0,55.3,2,-251.836,1.374,518.056
5341.0,27.28,45.7,0.0,52.8,2,-253.461,1.367,518.221
5341.0,27.39,50.6,0.0,51.5,2,-254.544,1.362,518.367
5346.8,27.59,58.4,0.0,49.9,2,-256.171,1.353,518.637
5346.8,27.76,65.4,0.0,49.1,2,-257.256,1.347,518.853
5346.8,28.06,71.9,0.0,47.6,2,-258.887,1.337,519.228
5346.8,28.28,74.0,0.0,46.4,2,-259.977,1.329,519.513
5352.6,28.62,78.4,0.0,43.8,2,-261.614,1.317,519.993
5352.6,28.86,67.7,0.0,38.9,2,-262.707,1.308,520.350
5352.6,29.13,65.1,0.0,31.6,2,-264.342,1.294,520.942
5352.6,29.32,68.7,0.0,26.6,2,-265.427,1.284,521.375
5358.7,29.64,65.0,0.0,23.8,2,-267.048,1.269,522.080
5358.7,29.84,65.7,0.0,25.1,2,-268.124,1.257,522.587
5358.7,30.12,60.8,0.0,21.5,2,-269.726,1.240,523.403
5358.7,30.43,61.2,0.0,24.6,2,-271.314,1.222,524.284
5365.4,30.62,61.1,0.0,32.5,2,-272.363,1.209,524.906
5365.4,30.91,67.5,0.0,35.6,2,-273.925,1.190,525.889
5365.4,31.14,74.6,0.0,35.7,2,-274.957,1.176,526.577
5365.4,31.52,76.1,0.0,36.7,2,-276.492,1.155,527.660
5372.0,31.79,81.6,0.0,35.1,2,-277.506,1.141,528.417
5372.0,32.24,88.3,0.0,34.6,2,-279.012,1.120,529.607
5372.0,32.53,78.3,0.0,32.7,2,-280.006,1.105,530.437
5372.0,32.89,72.7,0.0,33.8,2,-281.477,1.083,531.736
5378.8,33.11,69.0,0.0,34.8,2,-282.440,1.067,532.637
5378.8,33.39,56.2,0.0,35.9,2,-283.856,1.043,534.043
5378.8,33.52,53.4,0.0,36.6,2,-284.776,1.027,535.014
5378.8,33.70,48.7,0.0,40.1,2,-286.116,1.005,536.521
5386.5,33.78,39.8,0.0,43.5,2,-286.981,0.990,537.557
5386.5,33.82,28.4,0.0,50.4,2,-288.232,0.968,539.154
5386.5,33.81,22.5,0.0,55.7,2,-289.034,0.953,540.243
5386.5,33.75,16.4,0.0,63.5,2,-290.189,0.932,541.909
5393.7,33.64,12.4,0.0,71.7,2,-291.286,0.910,543.607
5393.7,33.55,10.5,0.0,74.8,2,-291.984,0.895,544.755
5393.7,33.39,8.9,0.0,75.5,2,-292.977,0.875,546.501
5393.7,33.28,8.5,0.0,73.3,2,-293.601,0.863,547.680
5401.5,33.12,8.5,0.0,74.4,2,-294.480,0.844,549.468
5401.5,33.01,8.5,0.0,73.0,2,-295.027,0.832,550.672
5401.5,32.85,8.4,0.0,69.4,2,-295.791,0.812,552.494
5401.5,32.74,8.5,0.0,69.1,2,-296.261,0.799,553.719
5408.7,32.58,9.0,0.0,70.7,2,-296.906,0.780,555.569
5408.7,32.46,8.9,0.0,68.5,2,-297.294,0.768,556.811
5408.7,32.31,9.5,0.0,66.0,2,-297.815,0.751,558.683
5408.7,32.22,10.5,0.0,66.0,2,-298.121,0.741,559.937
5416.2,32.09,10.5,0.0,60.3,2,-298.523,0.724,561.825
5416.2,31.98,16.1,0.0,52.9,2,-298.853,0.708,563.718
5416.2,31.96,25.2,0.0,46.6,2,-299.035,0.697,564.984
5423.0,32.04,52.1,0.0,34.9,2,-299.246,0.682,566.891
5423.0,32.26,83.5,0.0,26.6,2,-299.350,0.672,568.172
5423.0,32.77,91.0,0.0,13.9,2,-299.457,0.657,570.119
5423.0,33.11,91.0,0.0,4.9,2,-299.497,0.648,571.435
5430.2,33.67,91.0,0.0,-3.8,2,-299.520,0.634,573.437
5430.2,34.04,91.0,0.0,-4.2,2,-299.515,0.625,574.790
5430.2,34.57,91.1,0.0,0.4,2,-299.487,0.614,576.847
5430.2,34.93,91.1,0.0,4.0,2,-299.463,0.609,578.236
5437.2,35.47,91.1,0.0,7.8,2,-299.416,0.603,580.347
5437.2,35.81,91.1,0.0,9.2,2,-299.375,0.600,581.771
5437.2,36.33,91.1,0.0,10.6,2,-299.294,0.597,583.933
5437.2,36.68,91.1,0.0,11.1,2,-299.223,0.595,585.391
5444.5,37.19,91.1,0.0,11.4,2,-299.087,0.591,587.602
5444.5,37.54,91.1,0.0,11.8,2,-298.974,0.588,589.092
5444.5,38.03,91.2,0.0,12.4,2,-298.769,0.583,591.348
5444.5,38.52,91.2,0.0,13.4,2,-298.517,0.576,593.630
5452.0,38.85,91.2,0.0,13.1,2,-298.322,0.570,595.164
5452.0,39.33,91.2,0.0,12.7,2,-297.986,0.560,597.484
5452.0,39.64,91.2,0.0,12.2,2,-297.733,0.552,599.043
5452.0,40.12,91.2,0.0,12.1,2,-297.309,0.539,601.397
5459.7,40.41,91.3,0.0,12.7,2,-296.996,0.530,602.976
5459.7,40.88,91.3,0.0,11.8,2,-296.482,0.511,605.359
5459.7,41.18,91.3,0.0,11.7,2,-296.109,0.498,606.957
5459.7,41.62,91.3,0.0,11.0,2,-295.502,0.479,609.364
5467.8,41.91,91.4,0.0,10.6,0,-295.065,0.466,610.976
5467.8,41.93,90.0,0.0,9.8,3,-294.369,0.444,613.392
5467.8,42.19,87.8,0.0,8.5,3,-293.878,0.427,615.000
5467.8,42.58,84.6,0.0,7.7,3,-293.098,0.400,617.420
5476.1,42.83,80.5,0.0,7.2,3,-292.551,0.382,619.038
5476.1,43.17,76.4,0.0,7.4,3,-291.693,0.352,621.470
5476.1,43.50,74.7,0.0,7.4,3,-290.796,0.316,623.909
5476.1,43.71,74.5,0.0,6.4,3,-290.176,0.292,625.539
5484.7,44.00,74.8,0.0,5.6,3,-289.215,0.255,627.988
5484.7,44.24,73.8,0.0,5.6,3,-288.554,0.232,629.624
5484.7,44.59,73.3,0.0,5.3,3,-287.535,0.200,632.085
5484.7,44.79,73.6,0.0,4.2,3,-286.839,0.177,633.731
5493.5,45.07,75.4,0.0,3.3,3,-285.772,0.132,636.205
5493.5,45.37,77.6,0.0,2.8,3,-285.043,0.097,637.860
5493.5,45.63,79.6,0.0,3.4,3,-283.918,0.054,640.346
5493.5,45.94,59.4,0.0,2.9,3,-283.156,0.019,642.008
5502.6,46.17,73.6,0.0,4.5,3,-281.979,-0.021,644.506
5502.6,46.43,76.9,0.0,4.5,3,-281.179,-0.048,646.174
5502.6,46.75,75.4,0.0,4.6,3,-279.953,-0.087,648.685
5502.6,46.98,76.4,0.0,4.8,3,-279.118,-0.115,650.362
5511.8,47.29,78.4,0.0,4.3,3,-277.837,-0.155,652.881
5511.8,47.71,78.0,0.0,1.9,3,-276.525,-0.197,655.410
5511.8,48.02,78.7,0.0,0.4,3,-275.629,-0.222,657.101
5511.8,48.32,81.6,0.0,0.6,3,-274.250,-0.252,659.639
5521.3,48.56,81.8,0.0,2.1,3,-273.309,-0.266,661.332
5521.3,48.90,81.2,0.0,4.1,3,-271.871,-0.280,663.876
5521.3,49.13,80.5,0.0,4.9,3,-270.898,-0.288,665.578
5521.3,49.42,82.4,0.0,4.7,3,-269.416,-0.306,668.134
5531.1,49.64,81.4,0.0,4.0,3,-268.410,-0.321,669.841
5531.1,49.94,82.1,0.0,3.9,3,-266.873,-0.339,672.401
5531.1,50.14,82.4,0.0,4.2,3,-265.828,-0.350,674.108
5531.1,50.45,83.0,0.0,4.6,3,-264.236,-0.364,676.670
5541.1,50.65,83.2,0.0,4.6,3,-263.156,-0.374,678.380
5541.1,50.95,83.7,0.0,4.6,3,-261.510,-0.386,680.944
5541.1,51.15,84.1,0.0,4.4,3,-260.395,-0.393,682.654
5541.1,51.46,87.2,0.0,3.9,0,-258.694,-0.400,685.219
5551.3,51.44,77.9,0.0,2.4,4,-256.967,-0.406,687.777
5551.3,51.62,78.3,0.0,1.7,4,-255.802,-0.408,689.477
5551.3,51.87,76.3,0.0,1.3,4,-254.035,-0.412,692.029
5551.3,52.03,76.2,0.0,1.0,4,-252.845,-0.415,693.732
5561.5,52.28,76.4,0.0,1.1,4,-251.043,-0.420,696.291
5561.5,52.45,76.5,0.0,0.8,4,-249.833,-0.423,698.000
5561.5,52.70,76.6,0.0,1.4,4,-248.005,-0.430,700.570
5561.5,52.86,74.1,0.0,1.7,4,-246.777,-0.435,702.287
5571.9,53.11,66.0,0.0,2.2,4,-244.922,-0.444,704.868
5571.9,53.27,60.8,0.0,2.5,4,-243.674,-0.449,706.591
5571.9,53.52,52.9,0.0,2.9,4,-241.786,-0.456,709.179
5571.9,53.68,50.4,0.0,3.3,4,-240.515,-0.461,710.905
5582.5,53.93,50.6,0.0,3.7,4,-238.588,-0.466,713.495
5582.5,54.09,50.9,0.0,3.9,4,-237.290,-0.469,715.221
5582.5,54.33,51.2,0.0,4.3,4,-235.320,-0.473,717.809
5582.5,54.49,51.4,0.0,4.5,4,-233.991,-0.474,719.532
5593.3,54.73,51.7,0.0,4.7,4,-231.973,-0.476,722.113
5593.3,54.97,51.9,0.0,4.8,4,-229.925,-0.478,724.688
5593.3,55.13,52.2,0.0,4.9,4,-228.542,-0.478,726.401
5604.4,55.36,52.3,0.0,5.0,4,-226.440,-0.478,728.963
5604.4,55.52,52.6,0.0,5.0,4,-225.020,-0.477,730.666
5604.4,55.75,52.8,0.0,5.1,4,-222.863,-0.473,733.213
5604.4,55.91,53.0,0.0,5.1,4,-221.406,-0.470,734.905
5615.7,56.14,53.3,0.0,5.1,4,-219.191,-0.464,737.433
5615.7,56.29,53.5,0.0,5.2,4,-217.696,-0.457,739.112
5615.7,56.52,53.9,0.0,5.0,4,-215.423,-0.444,741.619
5615.7,56.68,54.1,0.0,4.9,4,-213.889,-0.434,743.284
5627.2,56.91,54.4,0.0,4.9,4,-211.559,-0.416,745.769
5627.2,57.06,54.6,0.0,4.8,4,-209.987,-0.403,747.419
5627.2,57.28,55.3,0.0,4.7,4,-207.600,-0.382,749.882
5627.2,57.44,55.6,0.0,4.4,4,-205.990,-0.367,751.517
5638.8,57.67,55.9,0.0,4.4,4,-203.548,-0.341,753.957
5638.8,57.90,56.3,0.0,4.2,4,-201.074,-0.314,756.386
5638.8,58.05,56.6,0.0,4.7,4,-199.408,-0.296,757.998
5638.8,58.29,57.0,0.0,5.2,4,-196.884,-0.273,760.408
5650.8,58.44,57.3,0.0,5.0,4,-195.183,-0.258,762.006
5650.8,58.67,57.8,0.0,5.0,4,-192.605,-0.238,764.393
5650.8,58.82,57.7,0.0,5.2,4,-190.870,-0.228,765.976
5650.8,59.05,58.1,0.0,5.0,4,-188.240,-0.220,768.339
5662.7,59.20,58.2,0.0,4.7,4,-186.468,-0.218,769.905
5662.7,59.42,58.7,0.0,4.5,4,-183.782,-0.214,772.239
5662.7,59.57,59.0,0.0,4.5,4,-181.972,-0.211,773.784
5662.7,59.79,59.4,0.0,4.7,4,-179.230,-0.203,776.086
5674.9,59.94,59.8,0.0,5.1,4,-177.384,-0.198,777.611
5674.9,60.17,60.3,0.0,5.5,4,-174.589,-0.193,779.883
5674.9,60.32,60.9,0.0,5.7,4,-172.707,-0.190,781.388
5674.9,60.55,60.8,0.0,6.2,4,-169.856,-0.190,783.628
5687.2,60.77,60.8,0.0,6.1,4,-166.970,-0.194,785.845
5687.2,60.82,0.0,0.0,6.1,0,-165.027,-0.196,787.307
5687.2,60.83,75.5,0.0,5.3,5,-162.089,-0.196,789.469
5687.2,60.94,69.9,0.0,5.0,5,-160.112,-0.194,790.891
5699.7,61.12,61.4,0.0,6.0,5,-157.118,-0.192,792.998
5699.7,61.24,55.9,0.0,7.0,5,-155.103,-0.192,794.387
5699.7,61.41,52.2,0.0,6.3,5,-152.053,-0.193,796.444
5699.7,61.52,52.3,0.0,5.6,5,-150.000,-0.191,797.795
5712.1,61.69,52.5,0.0,4.7,5,-146.890,-0.183,799.793
5712.1,61.81,52.5,0.0,5.3,5,-144.799,-0.177,801.107
5712.1,61.98,52.7,0.0,6.2,5,-141.636,-0.171,803.054
5712.1,62.11,52.5,0.0,6.6,5,-139.511,-0.171,804.335
5724.8,62.28,53.2,0.0,6.4,5,-136.297,-0.170,806.230
5724.8,62.39,53.4,0.0,5.8,5,-134.136,-0.168,807.472
5724.8,62.55,53.3,0.0,6.1,5,-130.865,-0.164,809.302
5724.8,62.73,53.4,0.0,6.7,5,-127.563,-0.164,811.096
5737.5,62.84,53.7,0.0,7.0,5,-125.343,-0.163,812.270
5737.5,63.01,53.7,0.0,6.9,5,-121.986,-0.160,813.995
5737.5,63.12,53.9,0.0,6.9,5,-119.730,-0.159,815.123
5737.5,63.28,54.2,0.0,6.7,5,-116.318,-0.155,816.777
5750.4,63.39,54.3,0.0,7.1,5,-114.026,-0.153,817.855
5750.4,63.55,54.4,0.0,7.2,5,-110.562,-0.151,819.436
5750.4,63.66,54.5,0.0,7.2,5,-108.236,-0.149,820.465
5750.4,63.81,54.8,0.0,7.2,5,-104.719,-0.144,821.968
5763.2,63.93,54.8,0.0,7.0,5,-102.358,-0.140,822.943
5763.2,64.08,55.1,0.0,7.1,5,-98.792,-0.134,824.365
5763.2,64.19,55.3,0.0,7.0,5,-96.398,-0.130,825.286
5763.2,64.35,55.5,0.0,7.2,5,-92.782,-0.124,826.627
5776.1,64.46,55.5,0.0,7.3,5,-90.356,-0.120,827.493
5776.1,64.62,55.7,0.0,7.1,5,-86.695,-0.116,828.752
5776.1,64.77,56.0,0.0,6.7,5,-83.006,-0.111,829.957
5776.1,64.88,56.4,0.0,6.7,5,-80.531,-0.106,830.732
5788.9,65.05,57.6,0.0,6.7,5,-76.798,-0.099,831.852
5788.9,65.16,58.5,0.0,6.6,5,-74.296,-0.095,832.570
5788.9,65.39,59.6,0.0,6.9,5,-69.257,-0.086,833.939
5801.9,65.51,59.8,0.0,6.8,5,-66.721,-0.080,834.588
5801.9,65.69,60.0,0.0,4.8,5,-62.897,-0.071,835.521
5801.9,65.82,60.1,0.0,4.6,5,-60.335,-0.065,836.115
5801.9,66.00,60.1,0.0,4.0,5,-56.473,-0.052,836.967
5814.9,66.13,60.1,0.0,3.8,5,-53.888,-0.043,837.511
5814.9,66.32,60.1,0.0,4.1,5,-49.993,-0.026,838.296
5814.9,66.51,60.1,0.0,4.1,5,-46.079,-0.007,839.047
5814.9,66.63,60.1,0.0,4.0,5,-43.461,0.008,839.528
5828.2,66.82,60.1,0.0,4.0,5,-39.518,0.030,840.222
5828.2,66.95,60.1,0.0,3.7,5,-36.880,0.045,840.667
5828.2,67.13,60.1,0.0,3.6,5,-32.910,0.066,841.306
5828.2,67.25,60.1,0.0,3.2,5,-30.254,0.082,841.714
5841.6,67.43,60.1,0.0,2.8,5,-26.257,0.106,842.299
5841.6,67.55,60.1,0.0,2.7,5,-23.583,0.124,842.673
5841.6,67.72,60.1,0.0,2.3,5,-19.561,0.153,843.209
5841.6,67.85,60.1,0.0,1.8,5,-16.872,0.172,843.553
5855.1,68.03,60.1,0.0,0.7,5,-12.827,0.196,844.052
5855.1,68.14,60.1,0.0,0.3,5,-10.123,0.213,844.375
5855.1,68.31,60.1,0.0,0.5,5,-6.058,0.240,844.851
5855.1,68.49,60.2,0.0,0.1,5,-1.981,0.268,845.322
-0.5,68.61,60.2,0.0,-0.1,5,0.742,0.288,845.634
