opponent,v3,Paul-Loup Chatin,0,1771612801929
Game,version,date,track,car,event,laptime [s],S1 [s],S2 [s],S3 [s],S4+ [s]
LMU,1.2,2026-02-20 18:40:01,Silverstone Grand Prix Circuit - ELMS,Alpine Endurance Team 2025 #35:LM (Hyper),Live,107.139,0,0,0
Tracklen [m],TotalLaps
5869.1,6
,
,
lapdistance [m],speed [m/s],throttle [%],brake [%],steer [%],gear [int],world_x [m],world_y [m],world_z [m]
35.1,72.78,92.1,0.0,0.3,6,43.395,0.655,849.947
35.1,72.92,92.2,0.0,0.3,6,47.736,0.694,850.446
49.6,73.01,92.2,0.0,0.3,6,50.636,0.721,850.777
49.6,73.16,92.3,0.0,0.1,6,54.993,0.762,851.271
49.6,73.26,92.3,0.0,0.1,6,57.903,0.788,851.599
49.6,73.40,92.4,0.0,0.3,6,62.275,0.827,852.089
64.2,73.49,92.4,0.0,0.3,6,65.194,0.855,852.414
64.2,73.64,92.4,0.0,0.3,6,69.581,0.897,852.902
64.2,73.78,92.5,0.0,0.2,6,73.976,0.939,853.388
64.2,73.88,92.5,0.0,0.2,6,76.911,0.965,853.712
79.0,74.02,92.6,0.0,0.1,6,81.321,1.002,854.196
79.0,74.10,92.6,0.0,0.1,6,84.265,1.025,854.519
79.0,74.24,92.6,0.0,0.0,6,88.689,1.059,855.002
79.0,74.33,92.7,0.0,0.0,6,91.642,1.083,855.325
93.8,74.47,92.7,0.0,0.1,6,96.080,1.117,855.810
93.8,74.56,92.7,0.0,0.1,6,99.042,1.138,856.132
93.8,74.69,92.8,0.0,0.3,6,103.493,1.170,856.617
93.8,74.78,92.8,0.0,0.4,6,106.465,1.191,856.940
108.7,74.91,92.9,0.0,0.4,6,110.929,1.223,857.424
108.7,74.99,92.9,0.0,0.4,6,113.910,1.245,857.746
108.7,75.13,92.9,0.0,0.5,6,118.388,1.279,858.228
108.7,75.22,93.0,0.0,0.4,6,121.378,1.298,858.548
123.7,75.35,93.0,0.0,0.4,6,125.869,1.324,859.025
123.7,75.44,93.0,0.0,0.3,6,128.868,1.339,859.341
123.7,75.56,93.1,0.0,0.3,6,133.373,1.363,859.813
138.8,75.69,93.1,0.0,0.3,6,137.886,1.392,860.282
138.8,75.77,93.1,0.0,0.3,6,140.899,1.416,860.593
138.8,75.90,93.2,0.0,0.3,6,145.424,1.447,861.058
138.8,75.98,93.2,0.0,0.3,6,148.446,1.465,861.366
154.0,76.10,93.3,0.0,0.4,6,152.985,1.493,861.826
154.0,76.19,93.3,0.0,0.3,6,156.015,1.510,862.131
154.0,76.31,93.3,0.0,0.2,6,160.567,1.535,862.587
154.0,76.38,93.3,0.0,0.2,6,163.605,1.553,862.889
169.2,76.50,93.4,0.0,0.2,6,168.169,1.583,863.341
169.2,76.58,93.4,0.0,0.2,6,171.216,1.603,863.642
169.2,76.70,93.4,0.0,-0.1,6,175.792,1.634,864.091
169.2,76.77,93.5,0.0,-0.2,6,178.847,1.655,864.390
169.2,76.86,93.5,0.0,-0.4,6,181.905,1.674,864.689
184.5,77.01,93.5,0.0,-0.8,6,188.030,1.711,865.289
184.5,77.09,93.6,0.0,-0.8,6,191.097,1.730,865.591
184.5,77.20,93.6,0.0,-0.6,6,195.702,1.760,866.049
199.9,77.28,93.6,0.0,-0.4,6,198.776,1.778,866.358
199.9,77.39,93.6,0.0,-0.3,6,203.392,1.805,866.829
199.9,77.46,93.7,0.0,-0.4,6,206.473,1.822,867.146
199.9,77.58,93.7,0.0,-0.3,6,211.099,1.845,867.628
215.4,77.64,93.7,0.0,-0.1,6,214.186,1.863,867.952
215.4,77.74,93.8,0.0,0.4,6,218.821,1.894,868.441
215.4,77.82,93.8,0.0,0.6,6,221.915,1.916,868.768
215.4,77.93,93.8,0.0,0.6,6,226.562,1.948,869.257
231.0,77.99,93.8,0.0,0.5,6,229.663,1.969,869.581
231.0,78.10,93.8,4.8,0.7,6,234.321,2.004,870.061
231.0,77.93,21.8,43.0,0.9,6,237.427,2.028,870.377
231.0,77.03,0.0,78.5,1.4,6,242.057,2.061,870.841
275.2,65.58,20.2,91.2,6.5,0,279.046,2.250,873.907
275.2,64.28,0.0,91.7,6.7,5,282.940,2.264,874.093
275.2,63.41,0.0,89.8,7.3,5,285.494,2.274,874.190
288.2,62.12,0.0,82.3,7.3,5,289.261,2.285,874.296
288.2,61.29,0.0,71.1,6.2,5,291.730,2.294,874.336
288.2,60.28,0.0,45.3,5.7,5,295.378,2.310,874.345
288.2,59.78,0.0,28.1,6.1,5,297.779,2.320,874.316
300.4,59.24,0.0,21.7,7.4,5,301.349,2.335,874.216
300.4,58.77,0.0,17.4,9.8,5,304.886,2.352,874.045
300.4,58.50,0.0,11.5,11.3,5,307.226,2.365,873.893
312.0,58.16,0.0,8.3,13.0,5,310.715,2.386,873.609
312.0,57.96,0.0,7.9,14.3,5,313.027,2.401,873.383
312.0,57.68,0.0,2.0,15.3,5,316.473,2.423,872.990
312.0,57.53,1.5,0.1,15.5,5,318.758,2.438,872.690
323.4,57.31,0.0,1.8,15.5,5,322.166,2.459,872.182
323.4,57.15,0.0,6.2,15.9,5,324.424,2.473,871.804
323.4,56.86,0.0,8.6,16.3,5,327.787,2.492,871.179
323.4,56.65,0.0,9.3,16.4,5,330.012,2.504,870.724
334.8,56.33,0.0,8.3,15.8,5,333.319,2.520,869.981
334.8,56.13,0.0,1.9,15.3,5,335.504,2.531,869.445
334.8,55.96,27.7,0.0,15.2,5,338.753,2.548,868.579
334.8,55.92,38.1,0.0,16.0,5,340.903,2.558,867.960
346.2,55.93,53.2,0.0,18.5,5,344.107,2.574,866.967
346.2,55.94,45.1,0.0,22.3,5,347.289,2.589,865.900
346.2,55.92,37.0,0.0,24.7,5,349.396,2.600,865.147
346.2,55.83,23.0,0.0,25.0,5,352.531,2.616,863.957
357.9,55.72,5.9,0.0,24.7,5,354.601,2.627,863.125
357.9,55.50,22.6,0.2,23.5,0,357.671,2.645,861.818
357.9,55.39,24.4,0.0,21.7,4,359.694,2.657,860.908
357.9,55.35,56.6,0.0,19.1,4,362.694,2.676,859.484
369.8,55.44,82.0,0.0,17.9,4,364.675,2.688,858.494
369.8,55.64,72.2,0.0,17.2,4,367.626,2.705,856.946
369.8,55.70,58.4,0.0,17.3,4,369.576,2.717,855.872
369.8,55.82,78.1,0.0,18.6,4,372.473,2.736,854.200
381.5,55.97,87.0,0.0,19.5,4,374.388,2.748,853.046
381.5,56.21,87.7,0.0,20.2,4,377.235,2.766,851.254
381.5,56.36,87.8,0.0,20.6,4,379.118,2.778,850.020
381.5,56.60,88.0,0.0,21.1,4,381.918,2.794,848.111
393.3,56.83,88.1,0.0,21.6,4,384.686,2.809,846.133
393.3,56.98,88.1,0.0,21.7,4,386.512,2.819,844.774
393.3,57.20,88.3,0.0,20.0,4,389.220,2.835,842.677
393.3,57.36,88.4,0.0,19.0,4,391.004,2.846,841.240
405.5,57.57,77.6,0.0,18.5,4,393.647,2.863,839.026
405.5,57.60,43.5,0.0,18.3,4,395.384,2.873,837.513
405.5,57.54,30.0,0.0,18.0,4,397.944,2.890,835.194
405.5,57.44,9.9,9.3,18.2,4,399.618,2.901,833.616
417.3,57.04,0.0,24.5,17.9,4,402.073,2.919,831.211
417.3,56.64,0.0,31.1,16.3,4,403.669,2.930,829.589
417.3,56.15,15.3,1.1,12.4,4,405.996,2.946,827.136
417.3,56.17,79.2,0.0,10.3,4,407.510,2.956,825.478
428.7,56.41,87.9,0.0,9.9,4,409.741,2.970,822.943
428.7,56.66,88.1,0.0,10.8,4,411.927,2.981,820.350
428.7,56.84,88.1,0.0,11.7,4,413.359,2.988,818.589
428.7,57.08,88.2,0.0,15.0,4,415.465,3.000,815.899
439.9,57.26,88.3,0.0,16.8,4,416.845,3.009,814.075
439.9,57.51,88.4,0.0,19.9,4,418.879,3.020,811.298
439.9,57.67,88.5,0.0,21.7,4,420.209,3.026,809.418
439.9,57.89,88.7,0.0,22.9,4,422.160,3.039,806.552
451.1,58.05,88.7,0.0,22.1,4,423.429,3.049,804.612
451.1,58.26,88.9,0.0,19.3,4,425.284,3.065,801.657
451.1,58.40,88.9,0.0,16.7,4,426.485,3.079,799.657
451.1,58.62,89.1,0.0,15.1,4,428.231,3.102,796.612
462.4,58.76,89.2,0.0,13.8,4,429.360,3.117,794.555
462.4,58.98,89.3,0.0,13.7,4,430.998,3.144,791.426
462.4,59.20,89.2,0.0,13.8,4,432.572,3.169,788.250
462.4,59.32,89.4,0.0,13.5,4,433.589,3.184,786.109
474.1,59.58,89.5,0.0,12.6,4,435.060,3.212,782.859
474.1,59.71,89.6,0.0,13.1,4,436.006,3.235,780.670
474.1,59.79,53.1,0.0,11.7,0,437.381,3.266,777.358
474.1,59.81,0.0,0.0,7.5,0,438.276,3.273,775.139
485.9,59.78,82.7,0.0,3.2,5,439.560,3.282,771.791
485.9,59.91,88.7,0.0,2.5,5,440.374,3.297,769.541
485.9,60.14,88.7,0.0,4.6,5,441.543,3.331,766.135
485.9,60.30,88.8,0.0,6.9,5,442.296,3.355,763.848
497.7,60.51,88.8,0.0,8.6,5,443.399,3.382,760.396
497.7,60.67,76.1,0.0,7.5,5,444.115,3.397,758.080
497.7,60.82,82.1,0.0,5.7,5,445.157,3.420,754.588
509.7,61.04,89.1,0.0,2.4,5,446.163,3.445,751.074
509.7,61.20,89.2,0.0,1.9,5,446.814,3.462,748.717
509.7,61.42,88.7,0.0,3.4,5,447.767,3.491,745.165
509.7,61.57,88.6,0.0,4.4,5,448.390,3.510,742.785
521.9,61.83,89.2,0.0,5.6,5,449.306,3.537,739.198
521.9,61.97,89.5,0.0,6.2,5,449.904,3.555,736.796
521.9,62.19,89.6,0.0,6.9,5,450.778,3.590,733.176
521.9,62.34,89.7,0.0,7.3,5,451.342,3.616,730.751
534.2,62.58,89.8,0.0,6.2,5,452.165,3.640,727.096
534.2,62.72,89.9,0.0,5.2,5,452.693,3.652,724.646
534.2,62.91,89.9,0.0,4.1,5,453.442,3.680,720.953
534.2,63.07,89.9,0.0,5.0,5,453.918,3.701,718.479
546.7,63.30,90.0,0.0,4.0,5,454.600,3.728,714.750
546.7,63.45,90.1,0.0,4.0,5,455.037,3.743,712.254
546.7,63.67,90.2,0.0,3.3,5,455.666,3.767,708.493
546.7,63.89,90.2,0.0,2.2,5,456.267,3.797,704.714
559.4,64.04,90.3,0.0,1.8,5,456.656,3.818,702.186
559.4,64.27,90.4,0.0,1.8,5,457.227,3.847,698.380
559.4,64.41,90.4,0.0,1.8,5,457.599,3.868,695.833
559.4,64.63,90.5,0.0,1.7,5,458.146,3.901,692.002
572.2,64.77,90.6,0.0,1.7,5,458.505,3.922,689.439
572.2,64.99,90.7,0.0,1.6,5,459.034,3.954,685.583
572.2,65.13,90.7,0.0,1.6,5,459.381,3.976,683.004
572.2,65.35,90.8,0.0,1.4,5,459.893,4.008,679.123
585.1,65.50,90.8,0.0,1.5,5,460.229,4.029,676.528
585.1,65.70,90.9,0.0,1.6,5,460.724,4.062,672.624
585.1,65.84,91.0,0.0,1.6,5,461.049,4.084,670.014
585.1,66.05,91.0,0.0,1.6,5,461.529,4.117,666.087
598.2,66.19,91.1,0.0,1.7,5,461.843,4.139,663.461
598.2,66.40,91.2,0.0,1.6,5,462.305,4.170,659.510
598.2,66.61,91.2,0.0,1.7,5,462.757,4.203,655.546
598.2,66.74,91.3,0.0,1.9,5,463.051,4.227,652.895
611.4,66.94,91.4,0.0,1.9,5,463.483,4.262,648.909
611.4,67.08,91.4,0.0,1.9,5,463.765,4.284,646.244
611.4,67.28,91.5,0.0,1.8,5,464.177,4.317,642.235
611.4,67.41,91.5,0.0,1.7,5,464.444,4.339,639.554
624.8,67.61,91.6,0.0,1.8,5,464.834,4.372,635.523
624.8,67.74,91.7,0.0,1.9,5,465.086,4.395,632.828
624.8,67.93,91.7,0.0,1.9,5,465.455,4.428,628.775
624.8,68.06,91.8,0.0,1.7,5,465.693,4.450,626.066
638.3,68.25,91.9,0.0,1.6,5,466.039,4.482,621.992
638.3,68.38,91.9,0.0,1.7,5,466.262,4.503,619.269
638.3,68.57,92.0,0.0,1.5,5,466.587,4.535,615.174
638.3,68.75,92.0,0.0,1.4,5,466.901,4.568,611.067
652.0,68.88,92.1,0.0,1.3,5,467.104,4.590,608.322
652.0,69.07,92.1,0.0,1.1,5,467.399,4.622,604.195
652.0,69.18,92.2,0.0,1.1,5,467.591,4.644,601.437
652.0,69.37,92.3,0.0,1.1,5,467.870,4.675,597.290
665.9,69.49,92.3,0.0,1.2,5,468.052,4.697,594.520
665.9,69.67,92.4,0.0,1.1,5,468.319,4.728,590.354
665.9,69.79,92.4,0.0,1.0,5,468.492,4.748,587.571
665.9,69.96,92.5,0.0,0.9,5,468.745,4.777,583.386
679.8,70.08,92.5,0.0,0.8,5,468.909,4.795,580.590
679.8,70.25,92.6,0.0,0.8,5,469.148,4.821,576.388
679.8,70.37,92.6,0.0,0.9,5,469.304,4.836,573.580
679.8,70.54,92.7,0.0,0.8,5,469.531,4.858,569.359
693.9,70.71,92.7,0.0,0.6,5,469.752,4.877,565.127
693.9,70.82,92.8,0.0,0.4,5,469.896,4.889,562.301
693.9,70.98,92.9,0.0,0.2,0,470.107,4.906,558.052
693.9,70.91,0.0,0.0,0.1,0,470.246,4.916,555.217
708.1,71.01,91.9,0.0,0.0,6,470.450,4.930,550.966
708.1,71.12,92.0,0.0,-0.0,6,470.586,4.939,548.127
708.1,71.28,92.0,0.0,0.0,6,470.789,4.949,543.860
708.1,71.39,92.1,0.0,0.0,6,470.924,4.954,541.010
722.4,71.55,92.1,0.0,-0.0,6,471.127,4.960,536.727
722.4,71.65,92.2,0.0,-0.0,6,471.263,4.964,533.867
722.4,71.81,92.2,0.0,-0.0,6,471.467,4.968,529.568
722.4,71.92,92.2,0.0,-0.0,6,471.603,4.969,526.697
736.8,72.08,92.3,0.0,-0.1,6,471.808,4.967,522.382
736.8,72.24,92.3,0.0,-0.1,6,472.013,4.963,518.057
736.8,72.34,92.4,0.0,-0.1,6,472.150,4.960,515.169
751.3,72.50,92.4,0.0,-0.1,6,472.357,4.954,510.829
751.3,72.60,92.5,0.0,-0.0,6,472.496,4.948,507.931
751.3,72.76,92.5,0.0,0.0,6,472.706,4.936,503.576
751.3,72.86,92.5,0.0,0.1,6,472.846,4.927,500.667
765.8,73.01,92.6,0.0,0.2,6,473.056,4.909,496.296
765.8,73.12,92.6,0.0,0.2,6,473.197,4.895,493.377
765.8,73.27,92.7,0.0,0.0,6,473.408,4.871,488.991
765.8,73.37,92.7,0.0,-0.0,6,473.548,4.855,486.062
780.5,73.51,92.7,0.0,-0.3,6,473.756,4.831,481.661
780.5,73.62,92.8,0.0,-0.5,6,473.896,4.815,478.722
780.5,73.76,92.8,0.0,-1.0,6,474.106,4.793,474.306
780.5,73.86,92.8,0.0,-1.6,6,474.249,4.781,471.358
795.3,74.01,92.9,0.0,-2.1,6,474.470,4.763,466.927
795.3,74.15,92.9,0.0,-2.7,6,474.705,4.742,462.489
795.3,74.24,92.9,0.0,-3.3,6,474.872,4.730,459.526
795.3,74.39,93.0,0.0,-4.7,6,475.143,4.712,455.076
810.1,74.48,93.0,0.0,-5.0,6,475.340,4.699,452.105
810.1,74.62,93.0,0.0,-5.7,6,475.665,4.674,447.645
810.1,74.70,93.1,0.0,-6.2,6,475.905,4.659,444.668
810.1,74.81,93.2,0.0,-7.4,6,476.306,4.638,440.201
825.0,74.90,93.2,0.0,-8.0,6,476.600,4.620,437.222
825.0,75.03,93.2,0.0,-8.1,6,477.089,4.589,432.751
825.0,75.09,93.2,0.0,-8.1,6,477.451,4.572,429.771
825.0,75.20,93.3,0.0,-8.6,6,478.053,4.553,425.302
839.9,75.28,93.3,0.0,-8.9,6,478.492,4.540,422.325
839.9,75.38,93.3,0.0,-8.7,6,479.210,4.520,417.863
839.9,75.45,93.4,0.0,-8.9,6,479.728,4.508,414.892
839.9,75.55,93.4,0.0,-9.5,6,480.568,4.491,410.441
854.9,75.65,93.4,0.0,-8.1,6,481.480,4.473,405.998
854.9,75.72,93.4,0.0,-7.4,6,482.129,4.461,403.041
854.9,75.82,93.5,0.0,-7.4,6,483.161,4.439,398.614
854.9,75.90,93.5,0.0,-7.6,6,483.887,4.422,395.667
869.9,76.00,93.5,0.0,-8.7,6,485.029,4.390,391.256
869.9,76.07,93.6,0.0,-9.8,6,485.825,4.364,388.321
869.9,76.17,93.6,0.0,-9.1,6,487.074,4.319,383.928
869.9,76.23,93.6,0.0,-7.9,6,487.945,4.287,381.008
884.9,76.33,93.6,0.0,-6.6,6,489.310,4.237,376.640
884.9,76.40,93.7,0.0,-6.3,6,490.259,4.202,373.736
884.9,76.51,93.7,0.0,-9.1,6,491.737,4.147,369.394
884.9,76.61,93.7,0.0,-11.1,6,493.282,4.089,365.068
900.6,76.66,93.8,0.0,-10.7,6,494.350,4.051,362.196
900.6,76.76,93.8,0.0,-7.0,6,496.013,3.995,357.905
900.6,76.81,93.8,0.0,-3.7,6,497.162,3.957,355.057
900.6,76.92,93.8,0.0,-0.0,6,498.941,3.900,350.802
916.4,76.99,93.8,0.0,1.9,6,500.157,3.865,347.976
916.4,77.08,77.9,0.0,2.5,6,502.012,3.815,343.742
916.4,77.04,25.4,33.0,3.0,6,503.253,3.778,340.920
916.4,76.29,0.0,69.3,3.5,6,505.101,3.714,336.702
932.2,75.57,0.0,73.1,4.3,6,506.310,3.671,333.915
932.2,74.41,0.0,66.3,4.4,6,508.076,3.616,329.775
932.2,73.72,0.0,60.2,4.2,6,509.218,3.584,327.040
932.2,72.78,0.0,54.2,6.1,6,510.881,3.542,322.971
947.3,72.18,0.0,54.8,7.3,6,511.954,3.515,320.276
947.3,71.28,0.0,49.0,7.7,6,513.508,3.478,316.261
947.3,70.46,0.0,52.8,7.6,6,514.987,3.446,312.273
947.3,69.83,0.0,75.0,7.5,6,515.931,3.426,309.629
961.4,68.66,0.0,74.6,7.3,6,517.279,3.401,305.696
961.4,67.89,0.0,70.0,6.7,6,518.130,3.388,303.100
961.4,66.83,0.0,58.1,7.7,6,519.336,3.373,299.241
961.4,66.20,0.0,54.1,8.8,6,520.096,3.364,296.690
974.6,65.36,0.0,41.4,8.7,6,521.166,3.349,292.890
974.6,64.88,20.6,35.2,8.6,0,521.835,3.339,290.372
974.6,64.49,63.8,0.0,7.7,5,522.771,3.322,286.608
974.6,64.57,84.9,0.0,8.8,5,523.353,3.310,284.094
987.4,64.47,6.5,27.8,11.6,5,524.167,3.291,280.306
987.4,64.12,0.0,12.4,13.8,5,524.667,3.278,277.783
987.4,63.81,31.0,1.1,13.3,5,525.349,3.264,274.007
987.4,63.85,82.3,0.0,14.6,5,525.761,3.256,271.488
1001.2,63.97,77.9,0.0,16.9,5,526.322,3.242,267.695
1001.2,64.06,61.7,0.0,17.1,5,526.808,3.230,263.886
1001.2,64.07,81.4,0.0,17.5,5,527.088,3.226,261.339
1015.4,64.08,18.5,29.4,16.7,5,527.451,3.213,257.509
1015.4,63.76,0.0,28.7,17.4,5,527.638,3.215,254.958
1015.4,63.05,0.0,25.4,17.5,5,527.856,3.212,251.158
1015.4,62.66,0.0,3.2,16.5,5,527.958,3.206,248.645
1028.7,62.32,0.5,8.5,13.6,5,528.034,3.200,244.897
1028.7,62.07,0.0,9.6,12.9,5,528.031,3.197,242.408
1028.7,61.67,0.0,9.3,13.2,5,527.951,3.193,238.696
1028.7,61.41,0.0,6.9,14.0,5,527.845,3.193,236.236
1041.4,61.06,0.0,2.9,15.8,5,527.606,3.198,232.569
1041.4,60.86,0.0,1.5,17.1,5,527.394,3.206,230.140
1041.4,60.60,3.2,0.0,19.2,5,527.001,3.220,226.517
1041.4,60.37,8.0,0.0,21.8,5,526.525,3.233,222.919
1053.4,60.23,13.7,2.0,20.6,5,526.162,3.242,220.535
1053.4,60.01,16.0,0.0,16.8,5,525.548,3.256,216.980
1053.4,59.90,22.1,0.0,14.7,5,525.091,3.270,214.626
1053.4,59.83,52.7,0.0,11.3,5,524.336,3.294,211.115
1065.2,59.91,79.2,0.0,9.1,5,523.789,3.311,208.784
1065.2,60.11,87.4,0.0,6.6,5,522.906,3.340,205.295
1065.2,60.26,87.5,0.0,5.5,5,522.279,3.360,202.971
1065.2,60.50,87.6,0.0,3.2,5,521.291,3.391,199.486
1077.2,60.65,87.7,0.0,1.7,5,520.607,3.411,197.162
1077.2,60.90,87.8,0.0,0.5,5,519.553,3.443,193.672
1077.2,61.06,87.9,0.0,-0.8,5,518.837,3.463,191.340
1077.2,61.31,88.0,0.0,-0.9,5,517.755,3.493,187.833
1089.6,61.46,88.1,0.0,-1.9,5,517.029,3.513,185.488
1089.6,61.71,88.2,0.0,-2.3,5,515.941,3.542,181.957
1089.6,61.88,47.1,25.8,-3.4,5,514.858,3.567,178.410
1089.6,61.53,1.7,72.9,-4.3,5,514.144,3.581,176.045
1102.0,60.42,0.0,83.7,-4.8,5,513.099,3.600,172.535
1102.0,59.62,0.0,79.6,-7.6,5,512.425,3.612,170.229
1102.0,58.52,0.0,67.3,-9.0,5,511.454,3.629,166.819
1102.0,57.85,0.0,57.4,-7.4,5,510.837,3.639,164.574
1113.9,56.99,0.0,47.2,-6.6,5,509.959,3.654,161.241
1113.9,56.49,0.0,49.8,-5.9,5,509.409,3.663,159.038
1113.9,55.67,22.1,62.6,-6.0,0,508.635,3.679,155.762
1113.9,55.04,0.0,63.1,-6.0,4,508.153,3.690,153.599
1125.3,54.10,0.0,55.4,-9.0,4,507.481,3.707,150.393
1125.3,53.53,0.0,46.9,-10.4,4,507.066,3.716,148.280
1125.3,52.84,0.0,27.0,-11.9,4,506.496,3.731,145.140
1125.3,52.37,0.0,12.1,-14.0,4,505.991,3.742,142.024
1136.3,52.16,0.0,5.4,-15.2,4,505.691,3.747,139.955
1136.3,51.92,0.0,1.9,-17.1,4,505.298,3.753,136.858
1136.3,51.77,0.0,2.4,-18.3,4,505.075,3.755,134.796
1136.3,51.55,0.0,2.4,-20.3,4,504.799,3.755,131.708
1147.2,51.40,2.0,0.2,-22.1,4,504.654,3.752,129.654
1147.2,51.21,3.6,0.0,-23.4,4,504.493,3.742,126.579
1147.2,51.07,1.0,0.0,-22.8,4,504.427,3.734,124.534
1147.2,50.83,2.4,0.9,-21.7,4,504.395,3.723,121.477
1158.0,50.68,0.1,0.6,-20.5,4,504.418,3.719,119.446
1158.0,50.46,9.2,0.0,-19.2,4,504.514,3.709,116.413
1158.0,50.35,20.9,0.0,-18.8,4,504.624,3.707,114.400
1158.0,50.27,16.8,0.0,-19.5,4,504.851,3.703,111.389
1168.6,50.12,12.8,0.0,-20.5,4,505.151,3.695,108.392
1168.6,50.00,15.9,0.0,-20.3,4,505.394,3.691,106.404
1168.6,49.91,15.2,0.0,-22.7,4,505.817,3.681,103.437
1168.6,49.77,2.4,0.0,-25.9,4,506.142,3.676,101.469
1179.4,49.56,3.8,0.0,-30.1,4,506.680,3.661,98.538
1200.1,48.09,13.5,0.0,-56.5,4,514.188,3.414,74.327
1229.1,46.65,24.4,62.0,17.0,0,528.273,3.101,50.725
1238.5,45.75,0.0,72.7,17.1,3,529.930,3.076,48.499
1238.5,45.06,0.0,77.9,15.6,3,531.003,3.059,47.033
1238.5,43.99,0.0,83.3,13.9,3,532.556,3.034,44.856
1238.5,43.27,0.0,78.2,13.3,3,533.551,3.018,43.421
1247.3,42.30,0.0,41.1,12.7,3,534.982,2.994,41.289
1247.3,41.85,0.0,22.9,12.1,3,535.895,2.978,39.875
1247.3,41.42,0.0,6.6,10.9,3,537.204,2.951,37.748
1247.3,41.24,0.0,3.8,10.4,3,538.037,2.933,36.320
1255.6,41.02,0.0,0.6,13.5,3,539.230,2.903,34.160
1255.6,40.89,0.7,0.0,17.2,3,539.987,2.883,32.707
1255.6,40.71,0.3,0.1,23.3,3,541.064,2.852,30.509
1255.6,40.60,3.6,0.0,27.3,3,541.745,2.830,29.032
1263.7,40.43,1.4,0.8,31.7,3,542.711,2.796,26.802
1263.7,40.29,19.2,0.0,33.8,3,543.613,2.761,24.555
1263.7,40.29,37.4,0.0,33.8,3,544.177,2.738,23.046
1263.7,40.42,56.7,0.0,32.6,3,544.971,2.702,20.759
1272.0,40.56,61.0,0.0,32.1,3,545.464,2.679,19.217
1272.0,40.74,52.7,0.0,32.7,3,546.151,2.643,16.878
1272.0,40.83,47.1,0.0,33.2,3,546.573,2.619,15.302
1272.0,40.91,36.9,0.0,34.8,3,547.151,2.582,12.919
1280.8,40.94,42.8,0.0,36.0,3,547.498,2.556,11.320
1280.8,41.04,49.7,0.0,36.2,3,547.960,2.518,8.905
1280.8,41.16,52.6,0.0,35.6,3,548.229,2.492,7.283
1280.8,41.28,48.0,0.0,36.7,3,548.574,2.453,4.835
1289.6,41.36,46.8,0.0,37.7,3,548.766,2.426,3.193
1289.6,41.45,43.7,0.0,40.2,3,548.998,2.384,0.720
1289.6,41.51,40.4,0.0,41.2,3,549.113,2.355,-0.935
1289.6,41.58,46.3,0.0,41.9,3,549.227,2.311,-3.424
1298.2,41.73,60.5,0.0,41.9,3,549.270,2.267,-5.922
1298.2,41.89,68.7,0.0,41.0,3,549.260,2.237,-7.594
1298.2,42.14,63.2,0.0,41.7,3,549.189,2.190,-10.113
1298.2,42.26,57.8,0.0,42.6,3,549.103,2.158,-11.798
1307.3,42.39,43.5,0.0,43.9,3,548.915,2.108,-14.331
1307.3,42.41,37.5,0.0,45.0,3,548.747,2.076,-16.018
1307.3,42.44,37.8,0.0,45.9,3,548.433,2.029,-18.544
1307.3,42.46,38.9,0.0,46.2,3,548.182,2.000,-20.223
1316.6,42.50,42.0,0.0,45.1,3,547.743,1.957,-22.733
1316.6,42.55,45.3,0.0,43.6,3,547.408,1.930,-24.400
1316.6,42.64,50.6,0.0,40.8,3,546.843,1.892,-26.892
1316.6,42.73,56.2,0.0,38.5,3,546.423,1.868,-28.547
1326.0,42.93,66.0,0.0,34.5,3,545.728,1.836,-31.020
1326.0,43.18,73.2,0.0,31.4,3,544.958,1.804,-33.485
1326.0,43.37,76.4,0.0,29.7,3,544.404,1.782,-35.124
1326.0,43.68,78.2,0.0,27.6,3,543.513,1.748,-37.578
1335.4,43.87,79.4,0.0,26.1,3,542.877,1.725,-39.208
1335.4,44.15,72.0,0.0,22.6,3,541.858,1.692,-41.644
1335.4,44.32,74.9,0.0,20.1,3,541.135,1.672,-43.258
1335.4,44.60,73.6,0.0,16.0,3,539.986,1.645,-45.665
1344.7,44.80,83.9,0.0,14.9,3,539.178,1.626,-47.259
1344.7,45.16,86.0,0.0,14.3,3,537.905,1.599,-49.638
1344.7,45.39,82.2,0.0,13.8,3,537.015,1.581,-51.214
1344.7,45.73,84.4,0.0,12.9,3,535.619,1.555,-53.563
1353.8,45.97,86.2,0.0,12.5,3,534.648,1.539,-55.118
1353.8,46.34,86.2,0.0,11.9,3,533.132,1.516,-57.434
1353.8,46.71,86.3,0.0,12.6,3,531.548,1.493,-59.732
1353.8,46.96,86.4,0.0,13.4,3,530.455,1.477,-61.253
1363.3,47.34,86.5,0.0,14.0,3,528.763,1.451,-63.518
1363.3,47.58,86.5,0.0,14.0,3,527.601,1.433,-65.018
1363.3,47.95,86.5,0.0,14.0,3,525.806,1.403,-67.252
1363.3,48.20,86.7,0.0,13.4,3,524.577,1.382,-68.730
1372.7,48.56,86.8,0.0,12.4,3,522.682,1.348,-70.928
1372.7,48.81,86.9,0.0,11.8,3,521.386,1.324,-72.380
1372.7,49.17,87.1,0.0,12.3,3,519.394,1.288,-74.540
1372.7,49.41,87.2,0.0,13.9,3,518.033,1.263,-75.965
1382.3,49.77,87.4,0.0,16.7,3,515.944,1.223,-78.083
1382.3,50.01,87.5,0.0,17.8,3,514.521,1.195,-79.481
1382.3,50.35,87.7,0.0,17.8,3,512.337,1.152,-81.552
1382.3,50.57,87.8,0.0,16.9,3,510.848,1.124,-82.913
1392.1,50.91,87.9,0.0,15.1,3,508.564,1.086,-84.926
1392.1,51.24,88.1,0.0,14.2,3,506.221,1.050,-86.900
1392.1,51.47,88.2,0.0,13.6,3,504.629,1.025,-88.196
1402.1,51.79,88.4,0.0,12.7,3,502.195,0.983,-90.111
1402.1,52.01,88.5,0.0,11.9,3,500.544,0.952,-91.368
1402.1,52.33,88.6,0.0,6.7,3,498.022,0.905,-93.220
1402.1,52.56,88.6,0.0,3.8,3,496.311,0.873,-94.432
1412.5,52.79,0.0,0.0,2.4,0,493.704,0.826,-96.221
1412.5,52.78,87.1,0.0,2.4,4,491.948,0.796,-97.392
1412.5,53.10,87.3,0.0,2.6,4,489.290,0.754,-99.129
1412.5,53.32,87.4,0.0,2.0,4,487.501,0.727,-100.281
1423.1,53.65,87.5,0.0,0.7,4,484.796,0.690,-102.006
1423.1,53.87,87.6,0.0,-0.4,4,482.980,0.666,-103.157
1423.1,54.20,87.8,0.0,-1.4,4,480.240,0.631,-104.889
1423.1,54.42,87.9,0.0,-2.3,4,478.405,0.609,-106.049
1434.0,54.74,88.0,0.0,-3.8,4,475.640,0.575,-107.802
1434.0,55.07,88.1,0.0,-6.0,4,472.865,0.542,-109.576
1434.0,55.27,88.3,0.0,-5.9,4,471.012,0.522,-110.773
1434.0,55.59,88.4,0.0,-5.5,4,468.231,0.493,-112.594
1445.3,55.77,88.6,0.0,-6.3,4,466.377,0.474,-113.826
1445.3,56.08,88.8,0.0,-6.7,4,463.599,0.450,-115.707
1445.3,56.26,88.9,0.0,-8.0,4,461.749,0.431,-116.981
1445.3,56.54,89.0,0.0,-10.3,4,458.980,0.405,-118.929
1456.9,56.75,89.1,0.0,-10.7,4,457.139,0.387,-120.250
1456.9,57.09,89.1,0.0,-11.5,4,454.387,0.353,-122.272
1456.9,57.24,89.2,0.0,-11.5,4,452.564,0.334,-123.651
1456.9,57.52,89.4,0.0,-11.2,4,449.848,0.308,-125.766
1468.8,57.69,89.3,0.0,-11.1,4,448.052,0.291,-127.208
1468.8,57.93,89.5,0.0,-11.4,4,445.383,0.270,-129.423
1468.8,58.19,89.6,0.0,-11.8,4,442.742,0.248,-131.695
1468.8,58.37,89.7,0.0,-10.9,4,441.000,0.235,-133.244
1481.0,58.64,89.7,0.0,-8.8,4,438.416,0.220,-135.619
1481.0,58.81,89.8,0.0,-9.3,4,436.712,0.214,-137.235
1481.0,59.08,89.9,0.0,-9.5,4,434.180,0.206,-139.704
1481.0,59.24,90.1,0.0,-10.0,4,432.509,0.201,-141.379
1493.1,59.51,90.1,0.0,-9.5,4,430.024,0.193,-143.931
1493.1,59.67,90.2,0.0,-8.9,4,428.383,0.188,-145.660
1493.1,59.94,90.3,0.0,-8.2,4,425.946,0.180,-148.294
1493.1,60.12,90.3,0.0,-7.9,4,424.338,0.177,-150.077
1505.4,60.37,90.4,0.0,-7.9,4,421.953,0.174,-152.791
1505.4,60.53,90.5,0.0,-7.9,4,420.379,0.176,-154.627
1505.4,60.79,90.6,0.0,-7.5,4,418.043,0.180,-157.417
1505.4,60.96,90.7,0.0,-7.0,4,416.500,0.182,-159.300
1517.5,61.21,90.8,0.0,-7.1,4,414.206,0.181,-162.158
1517.5,61.38,90.8,0.0,-7.2,4,412.691,0.178,-164.085
1517.5,61.62,91.0,0.0,-7.5,4,410.442,0.172,-167.009
1517.5,61.87,91.1,0.0,-8.2,4,408.220,0.161,-169.973
1529.7,62.02,91.1,0.0,-9.5,4,406.754,0.152,-171.971
1529.7,62.25,91.2,0.0,-6.8,4,404.586,0.138,-175.003
1529.7,62.31,0.0,0.0,-6.5,0,403.159,0.127,-177.046
1529.7,62.34,90.1,0.0,-5.4,5,401.053,0.107,-180.133
1542.0,62.50,90.2,0.0,-5.0,5,399.668,0.093,-182.210
1542.0,62.73,90.3,0.0,-4.5,5,397.615,0.071,-185.356
1542.0,62.88,90.3,0.0,-4.5,5,396.261,0.056,-187.472
1542.0,63.12,90.4,0.0,-4.3,5,394.251,0.035,-190.672
1554.6,63.27,90.4,0.0,-4.0,5,392.922,0.023,-192.822
1554.6,63.50,90.5,0.0,-3.1,5,390.946,0.007,-196.071
1554.6,63.66,90.6,0.0,-2.6,5,389.638,-0.003,-198.252
1554.6,63.89,90.7,0.0,-2.5,5,387.689,-0.015,-201.544
1567.3,64.12,90.7,0.0,-2.6,5,385.753,-0.024,-204.860
1567.3,64.27,90.8,0.0,-2.3,5,384.467,-0.028,-207.082
1567.3,64.49,90.9,0.0,-1.8,5,382.547,-0.033,-210.433
1567.3,64.64,90.9,0.0,-1.0,5,381.271,-0.036,-212.678
1580.1,64.86,91.0,0.0,-1.2,5,379.363,-0.041,-216.062
1580.1,65.02,91.0,0.0,-1.5,5,378.093,-0.044,-218.328
1580.1,65.23,91.1,0.0,-1.9,5,376.192,-0.047,-221.741
1580.1,65.38,91.2,0.0,-1.7,5,374.926,-0.048,-224.025
1593.1,65.60,91.3,0.0,-1.4,5,373.031,-0.049,-227.467
1593.1,65.74,91.3,0.0,-1.3,5,371.770,-0.049,-229.771
1593.1,65.96,91.4,0.0,-1.2,5,369.881,-0.052,-233.241
1593.1,66.10,91.4,0.0,-1.2,5,368.625,-0.055,-235.564
1606.3,66.32,91.5,0.0,-1.3,5,366.742,-0.062,-239.062
1606.3,66.46,91.5,0.0,-1.3,5,365.489,-0.067,-241.403
1606.3,66.67,91.6,0.0,-1.2,5,363.612,-0.078,-244.928
1619.6,66.88,91.7,0.0,-1.3,5,361.740,-0.091,-248.470
1619.6,67.03,91.7,0.0,-1.4,5,360.494,-0.100,-250.840
1619.6,67.23,91.8,0.0,-1.4,5,358.629,-0.115,-254.409
1619.6,67.36,91.8,0.0,-1.4,5,357.388,-0.125,-256.798
1633.0,67.57,91.9,0.0,-1.3,5,355.532,-0.140,-260.395
1633.0,67.70,92.0,0.0,-1.2,5,354.298,-0.151,-262.802
1633.0,67.90,92.0,0.0,-1.3,5,352.451,-0.167,-266.426
1633.0,68.04,92.1,0.0,-1.2,5,351.222,-0.177,-268.851
1646.6,68.24,92.1,0.0,-1.0,5,349.382,-0.194,-272.501
1646.6,68.43,92.2,0.0,-0.9,5,347.545,-0.210,-276.167
1646.6,68.63,92.3,0.0,-0.7,5,345.711,-0.227,-279.847
1646.6,68.76,92.3,0.0,-0.7,5,344.489,-0.239,-282.307
1660.3,68.95,92.4,0.0,-0.4,5,342.657,-0.258,-286.010
1660.3,69.08,92.4,0.0,-0.2,5,341.435,-0.272,-288.485
1660.3,69.28,92.5,0.0,-0.2,5,339.602,-0.294,-292.209
1660.3,69.40,92.5,0.0,-0.2,5,338.380,-0.309,-294.698
1674.1,69.59,92.6,0.0,-0.1,5,336.544,-0.332,-298.441
1674.1,69.71,92.7,0.0,-0.0,5,335.318,-0.350,-300.942
1674.1,69.89,92.7,0.0,0.1,5,333.477,-0.376,-304.703
1674.1,70.07,92.7,0.0,0.0,5,331.632,-0.397,-308.475
1688.1,70.20,92.8,0.0,-0.1,5,330.399,-0.411,-310.995
1688.1,70.38,92.8,0.0,-0.2,5,328.547,-0.436,-314.783
1688.1,70.49,92.9,0.0,0.0,5,327.309,-0.453,-317.313
1688.1,70.66,92.9,0.0,0.1,5,325.449,-0.478,-321.117
1702.1,70.78,93.0,0.0,0.0,5,324.208,-0.494,-323.659
1702.1,70.95,93.1,0.0,-0.1,5,322.341,-0.518,-327.479
1702.1,70.98,0.4,0.0,-0.2,0,321.095,-0.534,-330.030
1702.1,70.98,92.2,0.0,-0.2,6,319.228,-0.558,-333.855
1716.3,71.09,92.2,0.0,-0.1,6,317.981,-0.574,-336.408
1716.3,71.26,92.2,0.0,-0.1,6,316.109,-0.599,-340.246
1716.3,71.37,92.3,0.0,-0.0,6,314.859,-0.615,-342.810
1716.3,71.53,92.3,0.0,-0.1,6,312.981,-0.640,-346.663
1730.6,71.64,92.4,0.0,-0.2,6,311.728,-0.656,-349.238
1730.6,71.81,92.4,0.0,-0.2,6,309.844,-0.681,-353.107
1730.6,71.97,92.5,0.0,-0.2,6,307.958,-0.706,-356.985
1730.6,72.08,92.5,0.0,-0.1,6,306.699,-0.724,-359.576
1744.9,72.24,92.5,0.0,-0.1,6,304.808,-0.753,-363.471
1744.9,72.35,92.6,0.0,-0.1,6,303.546,-0.773,-366.072
1744.9,72.51,92.6,0.0,-0.1,6,301.650,-0.803,-369.982
1744.9,72.61,92.6,0.0,-0.2,6,300.385,-0.824,-372.594
1759.4,72.77,92.7,0.0,-0.2,6,298.484,-0.856,-376.518
1759.4,72.87,92.7,0.0,-0.2,6,297.215,-0.878,-379.140
1759.4,73.03,92.8,0.0,-0.2,6,295.310,-0.912,-383.080
1759.4,73.13,92.8,0.0,-0.1,6,294.038,-0.934,-385.711
1774.0,73.28,92.8,0.0,-0.0,6,292.127,-0.967,-389.666
1774.0,73.38,92.9,0.0,-0.0,6,290.852,-0.988,-392.307
1774.0,73.54,92.9,0.0,-0.0,6,288.937,-1.021,-396.276
1774.0,73.63,93.0,0.0,-0.1,6,287.658,-1.043,-398.927
1788.7,73.79,93.0,0.0,-0.0,6,285.736,-1.079,-402.909
1788.7,73.93,93.0,0.0,0.1,6,283.809,-1.113,-406.900
1788.7,74.03,93.0,0.0,0.2,6,282.523,-1.133,-409.565
1803.5,74.18,93.1,0.0,0.2,6,280.589,-1.159,-413.568
1803.5,74.28,93.1,0.0,0.2,6,279.298,-1.178,-416.241
1803.5,74.42,93.1,0.0,0.2,6,277.356,-1.207,-420.257
1803.5,74.52,93.2,0.0,0.2,6,276.058,-1.226,-422.937
1818.3,74.66,93.2,0.0,0.2,6,274.107,-1.256,-426.965
1818.3,74.76,93.2,0.0,0.2,6,272.803,-1.276,-429.653
1818.3,74.90,93.3,0.0,0.3,6,270.842,-1.306,-433.691
1818.3,74.99,93.3,0.0,0.3,6,269.531,-1.327,-436.387
1833.3,75.13,93.3,0.0,0.4,6,267.559,-1.357,-440.435
1833.3,75.22,93.4,0.0,0.4,6,266.241,-1.377,-443.138
1833.3,75.35,93.4,0.0,0.4,6,264.258,-1.406,-447.196
1833.3,75.44,93.4,0.0,0.5,6,262.932,-1.425,-449.905
1848.4,75.58,93.5,0.0,0.5,6,260.937,-1.453,-453.972
1848.4,75.71,93.5,0.0,0.4,6,258.934,-1.480,-458.044
1848.4,75.80,93.5,0.0,0.4,6,257.594,-1.497,-460.762
1848.4,75.93,93.6,0.0,0.5,6,255.578,-1.523,-464.843
1863.6,76.02,93.6,0.0,0.6,6,254.229,-1.542,-467.566
1863.6,76.15,93.6,0.0,0.6,6,252.199,-1.569,-471.655
1863.6,76.24,93.6,0.0,0.6,6,250.842,-1.587,-474.383
1863.6,76.36,93.7,0.0,0.6,6,248.798,-1.614,-478.479
1878.8,76.45,93.7,0.0,0.5,6,247.431,-1.631,-481.212
1878.8,76.57,93.7,0.0,0.5,6,245.374,-1.655,-485.315
1878.8,76.65,93.8,0.0,0.5,6,243.998,-1.672,-488.053
1878.8,76.77,93.8,0.0,0.5,6,241.927,-1.696,-492.164
1894.1,76.86,93.8,0.0,0.4,6,240.543,-1.711,-494.906
1894.1,76.98,93.9,0.0,0.4,6,238.460,-1.733,-499.025
1894.1,77.07,93.9,0.0,0.3,6,237.067,-1.749,-501.773
1894.1,77.18,93.9,0.0,0.3,6,234.973,-1.773,-505.899
1909.5,77.31,93.9,0.0,0.4,6,232.872,-1.796,-510.029
1909.5,77.38,93.9,0.0,0.5,6,231.468,-1.812,-512.786
1909.5,77.50,93.9,0.0,0.5,6,229.356,-1.835,-516.924
1909.5,77.57,93.9,0.0,0.4,6,227.945,-1.852,-519.686
1925.0,77.69,94.0,0.0,0.2,6,225.823,-1.878,-523.832
1925.0,77.76,94.0,0.0,0.1,6,224.405,-1.895,-526.599
1925.0,77.87,94.0,0.0,-0.0,6,222.274,-1.917,-530.753
1925.0,77.95,94.1,0.0,-0.0,6,220.850,-1.931,-533.524
1940.6,78.06,94.1,0.0,-0.1,6,218.710,-1.954,-537.687
1940.6,78.14,94.1,0.0,-0.3,6,217.283,-1.971,-540.465
1940.6,78.25,94.1,0.0,-0.5,6,215.139,-2.002,-544.639
1940.6,78.33,94.2,0.0,-0.6,6,213.709,-2.027,-547.424
1956.2,78.44,94.3,0.0,-0.5,6,211.564,-2.067,-551.610
1956.2,78.51,94.3,0.0,-0.5,6,210.135,-2.096,-554.404
1956.2,78.62,94.3,0.0,-0.5,6,207.993,-2.142,-558.603
1956.2,78.55,0.0,0.0,-0.7,0,205.855,-2.189,-562.807
1971.9,78.56,93.6,0.0,-0.7,7,204.434,-2.223,-565.608
1971.9,78.66,93.7,0.0,-0.7,7,202.306,-2.274,-569.817
1971.9,78.74,93.7,0.0,-0.7,7,200.889,-2.308,-572.628
1971.9,78.84,93.7,0.0,-0.6,7,198.766,-2.360,-576.851
1987.7,78.91,93.7,0.0,-0.6,7,197.354,-2.396,-579.672
1987.7,79.02,93.7,0.0,-0.5,7,195.237,-2.451,-583.911
1987.7,79.09,93.8,0.0,-0.5,7,193.828,-2.488,-586.741
1987.7,79.19,93.8,0.0,-0.3,7,191.718,-2.539,-590.994
2003.5,79.26,93.8,0.0,-0.1,7,190.312,-2.575,-593.834
2003.5,79.37,93.8,0.0,0.2,7,188.204,-2.633,-598.100
2003.5,79.44,93.8,0.0,0.4,7,186.798,-2.671,-600.947
2003.5,79.54,93.9,0.0,0.5,7,184.687,-2.728,-605.223
2019.4,79.61,93.9,0.0,0.8,7,183.277,-2.766,-608.076
2019.4,79.70,93.9,0.0,1.2,7,181.157,-2.818,-612.359
2019.4,79.77,93.9,0.0,1.3,7,179.739,-2.853,-615.215
2019.4,79.87,93.9,0.0,1.3,7,177.603,-2.907,-619.501
2035.3,79.96,94.0,0.0,1.3,7,175.454,-2.958,-623.787
2035.3,80.02,94.0,0.0,1.3,7,174.014,-2.987,-626.644
2035.3,80.11,94.0,0.0,1.5,7,171.840,-3.028,-630.927
2035.3,80.19,94.0,0.0,1.5,7,170.383,-3.054,-633.783
2051.3,80.28,94.0,0.0,1.4,7,168.184,-3.091,-638.065
2051.3,80.33,94.0,0.0,1.2,7,166.709,-3.114,-640.918
2051.3,80.42,94.1,0.0,1.0,7,164.484,-3.145,-645.197
2051.3,80.48,94.1,0.0,1.0,7,162.993,-3.163,-648.049
2067.4,80.57,94.1,0.0,1.0,7,160.745,-3.186,-652.325
2067.4,80.63,94.1,0.0,1.1,7,159.239,-3.199,-655.176
2067.4,80.72,94.1,0.0,1.0,7,156.970,-3.213,-659.452
2067.4,80.78,94.1,0.0,1.0,7,155.451,-3.219,-662.302
2083.5,80.86,94.2,0.0,0.9,7,153.163,-3.224,-666.578
2083.5,80.95,94.2,0.0,0.8,7,150.865,-3.225,-670.853
2083.5,81.01,94.2,0.0,0.8,7,149.326,-3.224,-673.703
2099.6,81.09,94.2,0.0,0.8,7,147.010,-3.218,-677.979
2099.6,81.15,94.2,0.0,0.8,7,145.460,-3.212,-680.829
2099.6,81.22,94.3,0.0,1.0,7,143.126,-3.200,-685.105
2099.6,81.28,94.3,0.0,1.0,7,141.565,-3.189,-687.955
2115.8,81.35,94.3,0.0,1.1,7,139.213,-3.168,-692.230
2115.8,81.40,94.3,0.0,1.2,7,137.639,-3.151,-695.079
2115.8,81.49,94.3,0.0,1.4,7,135.268,-3.121,-699.351
2115.8,81.53,94.3,0.0,1.6,7,133.680,-3.099,-702.198
2132.1,81.60,94.3,0.0,2.0,7,131.286,-3.062,-706.467
2132.1,81.68,94.3,0.0,2.4,7,128.877,-3.020,-710.732
2132.1,81.73,94.4,0.0,2.7,7,127.260,-2.989,-713.572
2132.1,81.79,94.4,0.0,2.9,7,124.816,-2.936,-717.825
2148.4,81.84,94.4,0.0,3.0,7,123.174,-2.897,-720.655
2148.4,81.67,23.4,56.7,3.2,7,120.689,-2.833,-724.889
2148.4,81.01,0.0,75.5,2.6,7,119.026,-2.787,-727.688
2148.4,79.77,0.0,87.6,2.3,7,116.541,-2.712,-731.825
2164.5,78.88,0.0,90.1,2.1,7,114.893,-2.658,-734.538
2164.5,77.50,0.0,90.6,2.4,7,112.437,-2.573,-738.538
2164.5,76.59,0.0,90.7,2.4,7,110.812,-2.514,-741.158
2164.5,75.22,0.0,90.9,2.2,7,108.393,-2.423,-745.019
2179.8,74.31,0.0,90.7,2.2,7,106.794,-2.362,-747.547
2179.8,72.98,18.9,91.6,2.8,0,104.414,-2.270,-751.272
2179.8,72.07,0.0,91.6,3.3,6,102.840,-2.210,-753.711
2179.8,70.74,0.0,92.5,4.0,6,100.498,-2.121,-757.300
2194.2,69.42,0.0,93.7,5.2,6,98.178,-2.041,-760.809
2194.2,68.46,0.0,90.3,4.8,6,96.643,-1.992,-763.101
2194.2,67.13,0.0,90.0,3.4,6,94.350,-1.915,-766.463
2194.2,66.27,0.0,91.6,3.4,6,92.827,-1.863,-768.655
2207.7,64.94,21.0,91.6,2.6,0,90.556,-1.790,-771.872
2207.7,64.06,0.0,91.6,2.6,5,89.050,-1.741,-773.969
2207.7,62.73,0.0,90.8,4.3,5,86.806,-1.666,-777.042
2207.7,61.85,0.0,90.3,4.8,5,85.320,-1.618,-779.044
2220.3,60.56,0.0,90.1,4.8,5,83.108,-1.548,-781.977
2220.3,59.69,0.0,89.8,4.9,5,81.644,-1.504,-783.888
2220.3,58.41,0.0,90.6,5.0,5,79.465,-1.440,-786.684
2220.3,57.55,0.0,90.3,5.3,0,78.023,-1.400,-788.502
2232.0,56.28,0.0,91.1,5.9,4,75.876,-1.341,-791.160
2232.0,55.42,0.0,91.0,6.5,4,74.454,-1.303,-792.886
2232.0,54.15,0.0,90.9,7.3,4,72.338,-1.250,-795.404
2232.0,52.87,0.0,84.9,7.3,4,70.240,-1.198,-797.836
2242.8,52.07,0.0,80.2,7.3,4,68.849,-1.164,-799.410
2242.8,50.99,0.0,52.7,7.0,4,66.771,-1.113,-801.700
2242.8,50.42,0.0,35.3,6.3,4,65.386,-1.080,-803.182
2242.8,49.82,0.0,22.1,5.6,4,63.295,-1.031,-805.342
2252.9,49.52,0.0,18.1,6.9,4,61.888,-0.998,-806.744
2252.9,49.12,0.0,15.0,10.1,4,59.754,-0.948,-808.794
2252.9,48.88,0.0,13.7,12.3,4,58.316,-0.914,-810.126
2252.9,48.54,0.0,12.3,15.2,4,56.138,-0.863,-812.076
2262.6,48.33,0.0,11.2,16.4,4,54.674,-0.830,-813.345
2262.6,48.02,0.0,11.4,17.3,4,52.457,-0.781,-815.200
2262.6,47.81,0.0,10.7,17.3,4,50.965,-0.749,-816.404
2262.6,47.50,0.0,8.2,16.3,4,48.707,-0.702,-818.158
2272.1,47.32,0.0,4.9,16.0,4,47.187,-0.670,-819.292
2272.1,47.09,0.0,3.3,16.3,4,44.883,-0.622,-820.939
2272.1,46.94,0.0,3.0,17.1,4,43.331,-0.591,-822.001
2272.1,46.73,0.0,1.7,15.1,4,40.981,-0.545,-823.542
2281.6,46.54,0.7,0.1,13.7,4,38.604,-0.499,-825.017
2281.6,46.42,2.3,0.0,13.6,4,37.005,-0.467,-825.966
2281.6,46.25,2.2,0.0,17.3,4,34.587,-0.420,-827.337
2281.6,46.14,2.8,0.0,17.0,0,32.962,-0.388,-828.217
2291.3,46.01,1.4,0.0,17.3,3,30.507,-0.340,-829.487
2291.3,45.88,1.0,0.0,19.7,3,28.859,-0.309,-830.300
2291.3,45.70,7.3,0.0,22.8,3,26.371,-0.261,-831.466
2291.3,45.60,12.8,0.0,21.1,3,24.702,-0.229,-832.205
2300.9,45.48,16.8,0.0,21.6,3,22.181,-0.181,-833.257
2300.9,45.42,16.6,0.0,20.9,3,20.488,-0.147,-833.921
2300.9,45.28,6.5,0.0,20.4,3,17.934,-0.099,-834.860
2300.9,45.17,4.9,0.0,22.8,3,16.224,-0.068,-835.449
2310.6,44.99,7.7,0.0,26.3,3,13.649,-0.023,-836.275
2310.6,44.84,12.0,0.0,23.9,3,11.062,0.022,-837.028
2310.6,44.73,7.8,0.0,23.4,3,9.331,0.053,-837.488
2320.0,44.56,6.0,0.0,23.2,3,6.727,0.101,-838.115
2320.0,44.44,6.2,0.0,23.3,3,4.987,0.133,-838.492
2320.0,44.26,5.9,0.0,23.3,3,2.375,0.180,-838.997
2320.0,44.14,5.3,0.0,23.1,3,0.632,0.210,-839.293
2329.4,43.96,4.0,0.0,23.4,3,-1.983,0.255,-839.676
2329.4,43.83,4.0,0.0,24.5,3,-3.726,0.284,-839.891
2329.4,43.65,6.2,0.0,23.3,3,-6.337,0.327,-840.153
2329.4,43.54,5.1,0.0,21.0,3,-8.076,0.354,-840.287
2338.4,43.36,3.8,0.0,19.8,3,-10.679,0.393,-840.430
2338.4,43.26,14.4,0.0,19.9,3,-12.410,0.418,-840.486
2338.4,43.30,57.3,0.0,19.6,3,-15.005,0.455,-840.513
2338.4,43.47,72.6,0.0,19.1,3,-16.740,0.478,-840.495
2347.8,43.43,4.8,27.2,19.5,3,-19.350,0.511,-840.417
2347.8,42.92,0.0,20.9,21.6,3,-21.938,0.540,-840.278
2347.8,42.66,1.3,2.3,22.0,3,-23.645,0.558,-840.152
2347.8,42.66,63.0,0.0,21.9,3,-26.190,0.582,-839.911
2357.0,42.85,83.3,0.0,21.7,3,-27.887,0.597,-839.714
2357.0,43.19,76.7,0.0,20.7,3,-30.443,0.615,-839.366
2357.0,43.38,75.6,0.0,19.4,3,-32.153,0.626,-839.098
2357.0,43.69,80.7,0.0,18.2,3,-34.724,0.641,-838.637
2366.3,43.91,78.8,0.0,18.7,3,-36.441,0.651,-838.290
2366.3,44.22,80.2,0.0,18.4,3,-39.019,0.667,-837.707
2366.3,44.45,79.7,0.0,19.0,3,-40.739,0.678,-837.278
2366.3,44.73,71.3,0.0,19.5,3,-43.319,0.693,-836.573
2375.7,44.90,67.6,0.0,20.5,3,-45.037,0.702,-836.063
2375.7,45.14,70.6,0.0,21.3,3,-47.609,0.714,-835.239
2375.7,45.32,74.0,0.0,22.8,3,-49.320,0.720,-834.651
2375.7,45.60,74.6,0.0,23.7,3,-51.879,0.729,-833.708
2385.3,45.88,76.1,0.0,24.5,3,-54.427,0.738,-832.692
2385.3,46.07,77.2,0.0,24.8,3,-56.121,0.744,-831.975
2385.3,46.37,80.5,0.0,24.5,3,-58.651,0.750,-830.841
2385.3,46.58,83.3,0.0,24.4,3,-60.331,0.752,-830.046
2395.0,46.91,86.2,0.0,23.2,3,-62.840,0.752,-828.795
2395.0,47.13,85.0,0.0,21.5,3,-64.505,0.751,-827.920
2395.0,47.44,83.6,0.0,19.4,3,-66.986,0.749,-826.547
2395.0,47.63,78.8,0.0,18.4,3,-68.630,0.746,-825.591
2404.8,47.89,74.4,0.0,16.8,3,-71.074,0.739,-824.097
2404.8,48.05,76.1,0.0,16.6,3,-72.689,0.733,-823.060
2404.8,48.32,81.4,0.0,16.7,3,-75.086,0.724,-821.446
2404.8,48.52,81.4,0.0,16.7,3,-76.668,0.717,-820.329
2414.5,48.80,79.1,0.0,17.1,3,-79.016,0.706,-818.596
2414.5,48.94,59.0,0.0,17.6,3,-80.564,0.697,-817.401
2414.5,49.01,38.6,0.0,20.2,3,-82.852,0.682,-815.557
2414.5,49.12,65.6,0.0,23.2,3,-85.096,0.665,-813.653
2424.3,49.30,84.4,0.0,24.3,3,-86.571,0.652,-812.351
2424.3,49.61,79.9,0.0,24.6,3,-88.756,0.632,-810.344
2424.3,49.76,69.2,0.0,24.5,3,-90.194,0.617,-808.973
2424.3,49.99,78.3,0.0,22.6,3,-92.318,0.591,-806.866
2434.1,50.19,87.4,0.0,20.6,3,-93.711,0.573,-805.427
2434.1,50.50,88.0,0.0,18.2,3,-95.767,0.546,-803.216
2434.1,50.70,88.2,0.0,18.0,3,-97.115,0.527,-801.706
2434.1,51.02,88.3,0.0,16.8,3,-99.101,0.495,-799.391
2443.9,51.22,88.4,0.0,16.1,3,-100.400,0.474,-797.812
2443.9,51.53,88.5,0.0,15.9,3,-102.309,0.440,-795.393
2443.9,51.74,88.6,0.0,16.3,3,-103.556,0.416,-793.747
2443.9,52.04,88.8,0.0,16.8,3,-105.387,0.377,-791.231
2453.9,52.24,88.9,0.0,17.0,3,-106.582,0.348,-789.522
2453.9,52.45,0.0,0.0,17.2,0,-108.334,0.302,-786.913
2453.9,52.48,87.4,0.0,16.8,4,-110.026,0.252,-784.263
2453.9,52.69,87.5,0.0,14.4,4,-111.125,0.217,-782.470
2464.2,52.98,87.6,0.0,11.3,4,-112.732,0.161,-779.739
2464.2,53.19,87.7,0.0,9.5,4,-113.778,0.121,-777.892
2464.2,53.51,87.7,0.0,5.9,4,-115.311,0.058,-775.085
2464.2,53.70,87.8,0.0,3.8,4,-116.311,0.016,-773.190
2474.7,53.99,88.2,0.0,-0.2,4,-117.785,-0.056,-770.315
2474.7,54.22,88.2,0.0,-3.1,4,-118.755,-0.109,-768.380
2474.7,54.58,88.2,0.0,-5.0,4,-120.195,-0.195,-765.453
2474.7,54.82,88.2,0.0,-4.8,4,-121.152,-0.255,-763.487
2485.7,55.18,88.4,0.0,-3.5,4,-122.595,-0.339,-760.521
2568.7,62.47,90.1,0.0,-2.1,5,-169.066,-3.545,-682.494
2581.2,62.71,90.2,0.0,-1.9,5,-171.220,-3.633,-679.420
2581.2,62.88,90.3,0.0,-1.7,5,-172.668,-3.685,-677.369
2581.2,63.12,90.4,0.0,-1.6,5,-174.859,-3.752,-674.290
2581.2,63.28,90.5,0.0,-1.5,5,-176.330,-3.789,-672.235
2593.9,63.52,90.5,0.0,-1.5,5,-178.555,-3.836,-669.150
2593.9,63.68,90.6,0.0,-1.5,5,-180.048,-3.861,-667.091
2593.9,63.92,90.7,0.0,-1.5,5,-182.303,-3.894,-663.998
2593.9,64.08,90.7,0.0,-1.5,5,-183.817,-3.914,-661.934
2606.6,64.31,90.8,0.0,-1.5,5,-186.101,-3.941,-658.834
2606.6,64.47,90.8,0.0,-1.4,5,-187.633,-3.958,-656.764
2606.6,64.69,90.9,0.0,-1.2,5,-189.945,-3.980,-653.655
2619.5,64.92,91.0,0.0,-1.2,5,-192.274,-3.999,-650.542
2619.5,65.07,91.0,0.0,-1.2,5,-193.836,-4.010,-648.464
2619.5,65.29,91.1,0.0,-1.2,5,-196.191,-4.022,-645.343
2619.5,65.43,91.2,0.0,-1.1,5,-197.770,-4.028,-643.260
2632.5,65.65,91.3,0.0,-0.9,5,-200.151,-4.033,-640.131
2632.5,65.79,91.3,0.0,-1.0,5,-201.747,-4.034,-638.042
2632.5,66.01,91.4,0.0,-1.2,5,-204.153,-4.031,-634.905
2632.5,66.15,91.4,0.0,-1.2,5,-205.766,-4.025,-632.811
2645.7,66.36,91.5,0.0,-2.2,5,-208.196,-4.010,-629.666
2645.7,66.50,91.6,0.0,-1.8,5,-209.826,-3.997,-627.568
2645.7,66.70,91.6,0.0,-3.7,5,-212.286,-3.975,-624.420
2645.7,66.84,91.7,0.0,-4.4,5,-213.938,-3.961,-622.322
2658.9,67.04,91.7,0.0,-4.6,5,-216.438,-3.937,-619.179
2658.9,67.17,91.8,0.0,-4.4,5,-218.121,-3.922,-617.088
2658.9,67.37,91.8,0.0,-1.8,5,-220.672,-3.900,-613.960
2658.9,67.58,91.9,0.0,-0.6,5,-223.250,-3.883,-610.839
2672.4,67.71,91.9,0.0,-0.7,5,-224.983,-3.875,-608.761
2672.4,67.91,90.1,0.0,-1.3,5,-227.597,-3.868,-605.644
2672.4,67.98,61.6,0.0,-1.3,5,-229.348,-3.866,-603.565
2672.4,67.65,3.8,63.1,-1.0,5,-231.978,-3.868,-600.454
2686.0,67.00,0.0,75.8,-0.8,5,-233.721,-3.873,-598.399
2686.0,65.84,0.0,85.4,-0.7,5,-236.306,-3.884,-595.361
2686.0,65.02,0.0,88.2,-0.8,5,-238.006,-3.895,-593.369
2686.0,63.76,0.0,90.3,-1.0,5,-240.519,-3.915,-590.432
2699.0,62.89,0.0,90.1,-0.9,5,-242.170,-3.932,-588.508
2699.0,61.61,0.0,89.7,-0.9,5,-244.608,-3.962,-585.676
2699.0,60.76,0.0,90.2,-0.8,5,-246.209,-3.984,-583.822
2699.0,59.48,0.0,90.1,-0.8,5,-248.572,-4.021,-581.093
2711.3,58.64,0.0,90.4,-0.8,5,-250.122,-4.046,-579.308
2711.3,57.38,0.0,90.5,-0.4,0,-252.409,-4.085,-576.682
2711.3,56.13,0.0,91.2,-0.6,4,-254.651,-4.124,-574.116
2711.3,55.29,0.0,91.3,-0.7,4,-256.120,-4.149,-572.438
2722.6,54.02,0.0,90.6,-0.8,4,-258.286,-4.187,-569.973
2722.6,53.19,0.0,90.4,-0.7,4,-259.705,-4.212,-568.363
2722.6,51.94,0.0,90.1,-1.2,4,-261.795,-4.251,-565.998
2722.6,51.11,0.0,90.1,-1.0,4,-263.162,-4.277,-564.454
2733.1,49.89,0.0,90.4,-1.5,4,-265.177,-4.317,-562.188
2733.1,49.05,0.0,90.3,-2.1,4,-266.495,-4.345,-560.710
2733.1,47.81,0.0,89.7,-3.5,0,-268.436,-4.386,-558.544
2733.1,47.02,25.6,90.7,-4.2,0,-269.706,-4.412,-557.134
2742.7,45.79,0.0,90.9,-6.6,3,-271.579,-4.448,-555.070
2742.7,44.98,0.0,90.2,-6.1,3,-272.807,-4.472,-553.731
2742.7,43.75,0.0,89.8,-5.5,3,-274.618,-4.505,-551.777
2742.7,42.94,0.0,89.2,-5.1,3,-275.806,-4.527,-550.512
2751.5,41.74,0.0,88.4,-4.2,3,-277.558,-4.558,-548.671
2751.5,40.55,0.0,86.6,-4.2,3,-279.276,-4.589,-546.895
2751.5,39.75,0.0,85.1,-4.8,3,-280.403,-4.609,-545.748
2751.5,38.63,26.9,83.6,-5.3,0,-282.065,-4.637,-544.083
2759.6,37.90,0.0,80.4,-5.9,2,-283.157,-4.655,-543.008
2759.6,36.82,0.0,73.3,-7.0,2,-284.769,-4.680,-541.448
2759.6,36.14,0.0,69.6,-7.2,2,-285.828,-4.697,-540.443
2759.6,35.18,0.0,66.4,-7.1,2,-287.396,-4.722,-538.985
2766.8,34.56,0.0,65.7,-9.8,2,-288.429,-4.738,-538.046
2766.8,33.65,0.0,64.8,-14.2,2,-289.961,-4.762,-536.686
2766.8,33.05,0.0,66.6,-15.8,2,-290.972,-4.778,-535.814
2766.8,32.12,0.0,68.6,-16.9,2,-292.472,-4.801,-534.557
2773.5,31.20,0.0,67.0,-17.4,2,-293.952,-4.822,-533.364
2773.5,30.60,0.0,60.6,-17.6,2,-294.928,-4.835,-532.603
2773.5,29.76,0.0,52.5,-15.9,2,-296.377,-4.854,-531.515
2773.5,29.25,0.0,48.7,-14.2,2,-297.335,-4.866,-530.825
2779.4,28.54,0.0,43.5,-13.2,2,-298.763,-4.882,-529.840
2779.4,28.09,0.0,42.1,-13.3,2,-299.710,-4.892,-529.218
2779.4,27.45,0.0,40.8,-14.2,2,-301.124,-4.905,-528.335
2779.4,27.03,0.0,40.5,-14.6,2,-302.062,-4.912,-527.779
2784.8,26.45,33.9,36.4,-18.8,0,-303.461,-4.923,-526.993
2784.8,26.10,0.0,35.9,-22.3,1,-304.390,-4.929,-526.499
2784.8,25.53,0.0,34.5,-25.7,1,-305.774,-4.937,-525.803
2784.8,25.17,0.0,31.8,-25.8,1,-306.691,-4.942,-525.368
2789.8,24.67,0.0,25.7,-27.2,1,-308.056,-4.950,-524.757
2789.8,24.37,0.0,23.4,-28.5,1,-308.961,-4.953,-524.378
2789.8,23.97,0.0,21.4,-30.0,1,-310.312,-4.958,-523.849
2789.8,23.72,0.0,16.9,-31.6,1,-311.209,-4.960,-523.525
2795.1,23.39,0.0,13.4,-33.6,1,-312.550,-4.962,-523.078
2795.1,23.10,0.0,12.4,-34.7,1,-313.888,-4.962,-522.680
2795.1,22.91,0.0,10.6,-33.6,1,-314.777,-4.961,-522.441
2800.6,22.66,0.0,8.5,-34.2,1,-316.106,-4.958,-522.121
2800.6,22.51,0.0,9.0,-35.4,1,-316.990,-4.955,-521.932
2800.6,22.27,0.0,8.9,-43.0,1,-318.312,-4.949,-521.688
2800.6,22.11,1.9,1.4,-44.7,1,-319.189,-4.944,-521.553
2806.2,22.11,35.2,0.0,-41.0,1,-320.504,-4.933,-521.392
2806.2,22.24,39.9,0.0,-36.8,1,-321.386,-4.927,-521.307
2806.2,22.53,55.5,0.0,-30.1,1,-322.726,-4.920,-521.213
2806.2,22.80,60.5,0.0,-26.0,1,-323.632,-4.915,-521.172
2811.6,23.09,15.4,5.8,-25.6,1,-325.007,-4.916,-521.132
2811.6,22.97,0.8,15.1,-30.1,1,-325.929,-4.916,-521.130
2811.6,22.60,0.0,12.3,-35.9,1,-327.298,-4.918,-521.162
2811.6,22.34,0.0,5.6,-38.3,1,-328.644,-4.912,-521.247
2816.7,22.21,0.0,2.7,-39.8,1,-329.531,-4.908,-521.328
2816.7,22.05,0.0,0.2,-42.7,1,-330.849,-4.902,-521.488
2816.7,21.95,1.7,0.0,-44.9,1,-331.720,-4.897,-521.620
2816.7,21.94,27.8,0.0,-49.5,1,-333.014,-4.890,-521.855
2821.4,22.05,38.5,0.0,-50.2,1,-333.874,-4.885,-522.039
2821.4,22.30,47.8,0.0,-49.3,1,-335.165,-4.876,-522.358
2821.4,22.51,51.5,0.0,-48.9,1,-336.028,-4.869,-522.599
2821.4,22.92,69.8,0.0,-49.8,1,-337.327,-4.856,-523.003
2825.9,23.18,49.0,0.0,-48.5,1,-338.199,-4.847,-523.302
2825.9,23.47,42.0,0.0,-43.2,1,-339.507,-4.831,-523.799
2825.9,23.62,42.9,0.0,-38.4,1,-340.376,-4.820,-524.161
2825.9,23.90,41.5,0.0,-33.0,1,-341.673,-4.802,-524.751
2830.6,24.12,49.1,0.0,-32.4,1,-342.534,-4.789,-525.174
2830.6,24.48,53.3,0.0,-30.1,1,-343.822,-4.770,-525.855
2830.6,24.87,58.2,0.0,-25.4,1,-345.106,-4.750,-526.591
2830.6,25.15,61.0,0.0,-25.7,1,-345.960,-4.736,-527.110
2835.4,25.60,59.3,0.0,-8.9,1,-347.239,-4.716,-527.933
2835.4,25.96,72.4,0.0,-1.1,1,-348.094,-4.702,-528.508
2835.4,26.58,77.0,0.0,6.5,1,-349.389,-4.681,-529.403
2835.4,27.01,76.1,0.0,7.6,1,-350.265,-4.667,-530.019
2840.6,27.54,57.1,0.0,15.1,1,-351.599,-4.645,-530.966
2840.6,27.76,43.9,0.0,16.9,1,-352.504,-4.631,-531.602
2840.6,27.96,32.3,0.0,16.1,1,-353.882,-4.609,-532.547
2840.6,28.03,23.9,0.0,14.3,1,-354.814,-4.596,-533.168
2846.2,28.10,22.7,0.0,14.8,1,-356.226,-4.576,-534.084
2846.2,28.15,25.2,0.0,17.5,1,-357.178,-4.563,-534.684
2846.2,28.26,25.6,0.0,21.4,1,-358.622,-4.545,-535.567
2846.2,28.29,18.7,0.0,23.6,1,-359.596,-4.534,-536.141
2851.9,28.31,20.0,0.0,24.2,1,-361.073,-4.518,-536.978
2851.9,28.34,21.2,0.0,26.5,1,-362.069,-4.509,-537.517
2851.9,28.36,14.6,0.0,28.5,1,-363.581,-4.495,-538.297
2851.9,28.29,12.4,0.0,28.5,1,-365.111,-4.483,-539.038
2857.7,28.26,16.1,0.0,29.7,1,-366.139,-4.476,-539.507
2857.7,28.25,14.4,0.0,38.0,1,-367.698,-4.467,-540.175
2857.7,28.23,19.0,0.0,45.0,1,-368.747,-4.462,-540.593
2857.7,28.24,24.2,0.0,52.5,1,-370.336,-4.456,-541.180
2863.8,28.28,27.6,0.0,55.4,1,-371.408,-4.452,-541.541
2863.8,28.43,43.0,0.0,61.2,1,-373.031,-4.450,-542.043
2863.8,28.62,44.5,0.0,65.0,1,-374.129,-4.452,-542.353
2863.8,28.76,42.8,0.0,70.8,1,-375.798,-4.454,-542.773
2871.1,28.88,31.1,0.0,71.3,1,-377.490,-4.456,-543.137
2871.1,28.89,32.3,0.0,72.4,1,-378.627,-4.453,-543.340
2871.1,29.04,31.3,0.0,75.1,1,-380.343,-4.456,-543.605
2871.1,29.02,23.8,0.0,77.0,1,-381.495,-4.455,-543.742
2877.7,29.01,23.8,0.0,82.4,1,-383.228,-4.455,-543.898
2877.7,28.99,21.1,0.0,84.4,1,-384.386,-4.460,-543.973
2877.7,28.88,16.3,0.0,84.5,1,-386.122,-4.464,-544.025
2877.7,28.81,13.9,0.0,84.8,1,-387.276,-4.465,-544.023
2885.2,28.67,13.7,0.0,86.6,1,-388.999,-4.468,-543.965
2885.2,28.59,13.6,0.0,88.1,1,-390.142,-4.470,-543.892
2885.2,28.47,13.5,0.0,89.6,1,-391.847,-4.473,-543.732
2885.2,28.38,13.5,0.0,91.8,1,-392.975,-4.474,-543.592
2891.5,28.25,13.5,0.0,94.8,1,-394.654,-4.476,-543.333
2891.5,28.16,13.4,0.0,95.9,1,-395.764,-4.477,-543.127
2891.5,28.02,13.4,0.0,95.1,1,-397.411,-4.478,-542.768
2891.5,27.93,13.4,0.0,92.9,1,-398.496,-4.479,-542.497
2897.5,27.79,13.4,0.0,86.8,1,-400.105,-4.482,-542.042
2897.5,27.68,13.7,0.0,76.5,1,-401.688,-4.487,-541.529
2897.5,27.62,14.8,0.0,69.6,1,-402.730,-4.492,-541.157
2903.0,27.55,19.9,0.0,58.6,1,-404.270,-4.501,-540.551
2903.0,27.57,28.6,0.0,50.5,1,-405.282,-4.508,-540.116
2903.0,27.78,57.5,0.0,36.0,1,-406.785,-4.520,-539.415
2903.0,27.98,39.9,0.0,25.0,1,-407.781,-4.530,-538.914
2908.5,28.29,54.0,0.0,9.7,1,-409.267,-4.545,-538.116
2908.5,28.54,55.4,0.0,2.6,1,-410.255,-4.556,-537.555
2908.5,29.05,72.3,0.0,-0.9,1,-411.739,-4.574,-536.674
2908.5,29.43,73.4,0.0,0.2,1,-412.734,-4.588,-536.061
2914.2,30.02,75.1,0.0,5.4,1,-414.239,-4.610,-535.106
2914.2,30.42,76.2,0.0,9.6,1,-415.251,-4.625,-534.446
2914.2,31.00,76.3,0.0,15.0,1,-416.780,-4.649,-533.421
2914.2,31.57,78.6,0.0,17.1,1,-418.323,-4.674,-532.354
2920.1,31.95,81.1,0.0,17.4,1,-419.357,-4.691,-531.618
2920.1,32.53,82.7,0.0,18.2,1,-420.915,-4.718,-530.473
2920.1,32.76,0.0,0.0,17.6,0,-421.956,-4.736,-529.683
2920.1,32.94,78.3,0.0,16.1,2,-423.498,-4.763,-528.462
2926.4,33.28,83.5,0.0,16.3,2,-424.521,-4.780,-527.622
2926.4,33.80,84.6,0.0,15.7,2,-426.052,-4.804,-526.318
2926.4,34.16,84.7,0.0,15.1,2,-427.071,-4.821,-525.420
2926.4,34.66,85.1,0.0,13.7,2,-428.594,-4.843,-524.028
2933.2,35.05,85.0,0.0,12.2,2,-429.608,-4.858,-523.072
2933.2,35.56,85.3,0.0,11.5,2,-431.122,-4.879,-521.593
2933.2,35.92,85.4,0.0,11.1,2,-432.129,-4.892,-520.579
2933.2,36.46,85.5,0.0,11.2,2,-433.634,-4.912,-519.015
2940.2,36.80,85.6,0.0,10.2,2,-434.634,-4.924,-517.945
2940.2,37.33,85.8,0.0,10.9,2,-436.129,-4.943,-516.301
2940.2,37.86,85.9,0.0,13.3,2,-437.620,-4.962,-514.609
2940.2,38.20,85.0,0.0,14.6,2,-438.609,-4.973,-513.454
2947.6,38.67,78.3,0.0,16.1,2,-440.082,-4.990,-511.680
2947.6,38.95,73.6,0.0,16.9,2,-441.055,-5.001,-510.471
2947.6,39.36,77.0,0.0,17.1,2,-442.498,-5.018,-508.619
2947.6,39.64,83.1,0.0,16.6,2,-443.447,-5.029,-507.357
2955.2,40.11,86.8,0.0,14.9,2,-444.850,-5.042,-505.422
2955.2,40.42,86.9,0.0,14.0,2,-445.771,-5.050,-504.103
2955.2,40.87,86.8,0.0,13.2,2,-447.131,-5.059,-502.081
2955.2,41.12,74.4,0.0,12.9,2,-448.021,-5.065,-500.705
2963.2,41.46,78.5,0.0,12.1,2,-449.328,-5.073,-498.601
2963.2,41.69,78.7,0.0,12.1,2,-450.177,-5.076,-497.173
2963.2,42.01,80.0,0.0,11.3,2,-451.419,-5.079,-494.992
2963.2,42.31,87.2,0.0,11.5,2,-452.228,-5.082,-493.512
2971.3,42.69,87.7,0.0,12.0,0,-453.409,-5.084,-491.252
2971.3,42.72,73.8,0.0,11.6,3,-454.547,-5.090,-488.954
2971.3,42.98,85.0,0.0,11.0,3,-455.277,-5.094,-487.405
2971.3,43.36,85.6,0.0,12.1,3,-456.338,-5.102,-485.043
2979.5,43.62,85.6,0.0,13.0,3,-457.022,-5.109,-483.444
2979.5,44.02,85.6,0.0,14.2,3,-458.014,-5.122,-481.010
2979.5,44.29,85.7,0.0,15.0,3,-458.652,-5.133,-479.364
2979.5,44.69,85.7,0.0,16.2,3,-459.573,-5.151,-476.859
2988.1,44.93,85.9,0.0,16.6,3,-460.162,-5.166,-475.167
2988.1,45.32,86.0,0.0,16.0,3,-461.008,-5.191,-472.596
2988.1,45.58,86.1,0.0,15.2,3,-461.546,-5.209,-470.860
2988.1,45.96,86.2,0.0,14.8,3,-462.309,-5.238,-468.223
2996.9,46.21,86.2,0.0,14.4,3,-462.789,-5.259,-466.444
2996.9,46.58,86.3,0.0,14.1,3,-463.465,-5.293,-463.744
2996.9,46.83,86.4,0.0,14.2,3,-463.885,-5.317,-461.924
2996.9,47.19,86.5,0.0,14.3,3,-464.467,-5.356,-459.165
3006.1,47.56,86.5,0.0,13.8,3,-464.991,-5.396,-456.372
3006.1,47.80,86.5,0.0,13.7,3,-465.306,-5.423,-454.492
3006.1,48.16,86.6,0.0,13.8,3,-465.728,-5.464,-451.645
3006.1,48.40,86.6,0.0,14.4,3,-465.973,-5.490,-449.731
3015.5,48.75,86.7,0.0,16.3,3,-466.289,-5.530,-446.834
3015.5,48.99,86.7,0.0,15.9,3,-466.464,-5.556,-444.888
3015.5,49.35,86.8,0.0,14.6,3,-466.675,-5.596,-441.946
3015.5,49.58,86.9,0.0,14.3,3,-466.782,-5.622,-439.971
3025.2,49.94,86.9,0.0,16.9,3,-466.891,-5.662,-436.989
3025.2,50.16,87.0,0.0,18.7,3,-466.929,-5.689,-434.988
3025.2,50.50,86.9,0.0,19.8,3,-466.933,-5.728,-431.969
3025.2,50.71,87.0,0.0,19.6,3,-466.898,-5.753,-429.946
3035.3,51.03,86.6,0.0,18.6,3,-466.786,-5.790,-426.896
3035.3,51.23,87.4,0.0,17.6,3,-466.671,-5.813,-424.855
3035.3,51.53,87.6,0.0,14.7,3,-466.435,-5.845,-421.782
3046.0,51.83,87.4,0.0,12.8,3,-466.122,-5.873,-418.698
3046.0,51.93,0.0,0.0,12.7,0,-465.870,-5.890,-416.637
3046.0,52.02,83.6,0.0,13.5,4,-465.263,-5.919,-412.529
3046.0,52.22,85.8,0.0,14.4,4,-464.910,-5.932,-410.476
3057.2,52.45,86.0,0.0,15.5,4,-464.321,-5.949,-407.391
3057.2,52.65,74.1,0.0,16.7,4,-463.894,-5.964,-405.333
3057.2,52.95,85.9,0.0,19.1,4,-463.209,-5.999,-402.241
3057.2,53.11,86.0,0.0,20.7,4,-462.713,-6.025,-400.179
3068.4,53.38,86.3,0.0,20.2,4,-461.904,-6.061,-397.090
3068.4,53.55,86.4,0.0,19.9,4,-461.320,-6.082,-395.033
3068.4,53.81,86.6,0.0,18.3,4,-460.377,-6.109,-391.954
3068.4,53.98,86.7,0.0,16.9,4,-459.703,-6.123,-389.907
3079.5,54.26,86.8,0.0,14.5,4,-458.630,-6.143,-386.843
3079.5,54.45,86.9,0.0,12.9,4,-457.875,-6.156,-384.805
3079.5,54.73,87.1,0.0,10.8,4,-456.682,-6.176,-381.755
3079.5,55.00,87.2,0.0,9.7,4,-455.418,-6.193,-378.716
3090.3,55.20,87.3,0.0,9.5,4,-454.537,-6.203,-376.696
3090.3,55.49,87.4,0.0,10.2,4,-453.163,-6.214,-373.674
3090.3,55.68,87.5,0.0,10.7,4,-452.214,-6.220,-371.664
3090.3,55.97,87.6,0.0,10.2,4,-450.746,-6.231,-368.654
3101.3,56.17,87.7,0.0,9.7,4,-449.739,-6.240,-366.651
3101.3,56.46,87.9,0.0,9.1,4,-448.183,-6.254,-363.652
3101.3,56.65,88.0,0.0,9.0,4,-447.115,-6.263,-361.658
3101.3,56.93,88.1,0.0,9.3,4,-445.471,-6.276,-358.675
3112.4,57.12,88.2,0.0,9.3,4,-444.346,-6.284,-356.691
3112.4,57.41,88.3,0.0,9.3,4,-442.615,-6.296,-353.724
3112.4,57.59,88.4,0.0,9.2,4,-441.431,-6.303,-351.753
3112.4,57.86,88.5,0.0,9.5,4,-439.613,-6.311,-348.806
3123.8,58.05,88.7,0.0,9.0,4,-438.372,-6.316,-346.848
3123.8,58.32,88.7,0.0,8.2,4,-436.467,-6.325,-343.922
3123.8,58.50,88.8,0.0,7.7,4,-435.169,-6.328,-341.980
3123.8,58.77,89.1,0.0,7.2,4,-433.181,-6.333,-339.079
3135.4,59.05,89.1,0.0,6.1,4,-431.147,-6.339,-336.188
3135.4,59.23,89.2,0.0,4.5,4,-429.765,-6.340,-334.268
3135.4,59.49,89.3,0.0,3.3,4,-427.656,-6.337,-331.399
3135.4,59.68,89.4,0.0,2.8,4,-426.228,-6.331,-329.491
3147.3,59.97,89.5,0.0,2.2,4,-424.059,-6.320,-326.631
3147.3,60.13,89.5,0.0,1.5,4,-422.597,-6.313,-324.726
3147.3,60.40,89.7,0.0,0.5,4,-420.383,-6.300,-321.867
3147.3,60.59,89.7,0.0,-0.1,4,-418.895,-6.291,-319.958
3159.4,60.88,89.9,0.0,-0.8,4,-416.648,-6.276,-317.090
3159.4,61.06,90.0,0.0,-1.2,4,-415.143,-6.266,-315.172
3159.4,61.32,90.0,0.0,-1.3,4,-412.875,-6.254,-312.285
3159.4,61.50,90.1,0.0,-1.3,4,-411.360,-6.244,-310.352
3171.6,61.74,90.2,0.0,-1.1,4,-409.084,-6.230,-307.439
3171.6,61.92,90.3,0.0,-1.1,4,-407.565,-6.220,-305.487
3171.6,62.16,90.4,0.0,-1.2,4,-405.286,-6.205,-302.545
3184.1,62.41,90.6,0.0,-1.2,0,-403.006,-6.188,-299.585
3184.1,62.35,0.0,0.0,-1.1,0,-401.488,-6.176,-297.604
3184.1,62.52,89.4,0.0,-0.9,5,-399.216,-6.158,-294.627
3184.1,62.68,89.4,0.0,-1.0,5,-397.702,-6.145,-292.634
3196.5,62.91,89.6,0.0,-0.9,5,-395.428,-6.126,-289.631
3196.5,63.07,89.6,0.0,-0.9,5,-393.911,-6.112,-287.619
3196.5,63.30,89.7,0.0,-0.8,5,-391.634,-6.091,-284.589
3196.5,63.45,89.8,0.0,-0.7,5,-390.114,-6.077,-282.560
3209.2,63.68,89.9,0.0,-0.5,5,-387.833,-6.057,-279.504
3209.2,63.83,89.9,0.0,-0.5,5,-386.310,-6.042,-277.459
3209.2,64.05,90.0,0.0,-0.6,5,-384.023,-6.018,-274.380
3209.2,64.21,90.1,0.0,-0.6,5,-382.495,-6.002,-272.319
3222.0,64.43,90.2,0.0,-0.4,5,-380.201,-5.975,-269.217
3222.0,64.58,90.2,0.0,-0.3,5,-378.669,-5.957,-267.142
3222.0,64.80,90.3,0.0,-0.2,5,-376.366,-5.929,-264.018
3222.0,65.02,90.4,0.0,-0.2,5,-374.059,-5.903,-260.881
3235.0,65.16,90.5,0.0,-0.1,5,-372.517,-5.885,-258.784
3235.0,65.38,90.6,0.0,0.1,5,-370.199,-5.854,-255.628
3235.0,65.51,90.6,0.0,0.3,5,-368.651,-5.831,-253.517
3235.0,65.73,90.7,0.0,0.5,5,-366.322,-5.796,-250.343
3248.1,65.87,90.7,0.0,0.7,5,-364.765,-5.772,-248.222
3248.1,66.08,90.8,0.0,0.6,5,-362.421,-5.734,-245.032
3248.1,66.22,90.9,0.0,0.5,5,-360.853,-5.708,-242.902
3248.1,66.42,91.0,0.0,0.5,5,-358.491,-5.665,-239.700
3261.3,66.55,91.0,0.0,0.5,5,-356.910,-5.635,-237.562
3261.3,66.76,91.1,0.0,0.5,5,-354.530,-5.589,-234.349
3261.3,66.90,91.2,0.0,0.2,5,-352.937,-5.558,-232.203
3261.3,67.10,91.2,0.0,0.4,5,-350.538,-5.515,-228.978
3274.7,67.30,91.3,0.0,0.4,5,-348.128,-5.476,-225.746
3274.7,67.43,91.3,0.0,0.3,5,-346.517,-5.452,-223.586
3274.7,67.63,91.5,0.0,0.3,5,-344.091,-5.412,-220.341
3274.7,67.75,91.5,0.0,0.4,5,-342.469,-5.384,-218.174
3288.2,67.96,91.6,0.0,0.4,5,-340.029,-5.340,-214.916
3288.2,68.08,91.6,0.0,0.3,5,-338.398,-5.310,-212.739
3288.2,68.26,91.7,0.0,0.1,5,-335.945,-5.263,-209.467
3288.2,68.40,91.7,0.0,-0.0,5,-334.304,-5.232,-207.281
3301.8,68.59,91.8,0.0,-0.1,5,-331.838,-5.185,-203.995
3301.8,68.71,91.8,0.0,-0.2,5,-330.189,-5.153,-201.799
3301.8,68.89,91.9,0.0,-0.3,5,-327.711,-5.102,-198.498
3301.8,69.02,91.9,0.0,-0.3,5,-326.056,-5.067,-196.293
3315.6,69.20,92.0,0.0,-0.3,5,-323.569,-5.014,-192.976
3315.6,69.32,92.1,0.0,-0.3,5,-321.908,-4.977,-190.760
3315.6,69.50,92.1,0.0,-0.3,5,-319.412,-4.921,-187.427
3315.6,69.67,92.2,0.0,-0.3,5,-316.912,-4.865,-184.084
3329.5,69.79,92.2,0.0,-0.3,5,-315.244,-4.828,-181.850
3329.5,69.96,92.3,0.0,-0.3,5,-312.737,-4.772,-178.491
3329.5,70.07,92.3,0.0,-0.3,5,-311.063,-4.735,-176.245
3329.5,70.25,92.4,0.0,-0.3,5,-308.550,-4.679,-172.869
3343.5,70.36,92.4,0.0,-0.3,5,-306.872,-4.642,-170.613
3343.5,70.52,92.5,0.0,-0.3,5,-304.353,-4.585,-167.221
3343.5,70.64,92.6,0.0,-0.3,5,-302.671,-4.546,-164.954
3343.5,70.79,92.7,0.0,-0.4,5,-300.146,-4.487,-161.545
3357.6,70.90,92.7,0.0,-0.5,0,-298.460,-4.448,-159.268
3357.6,70.81,91.7,0.0,-0.3,6,-295.934,-4.387,-155.850
3357.6,70.91,91.8,0.0,-0.3,6,-294.251,-4.347,-153.569
3357.6,71.07,91.8,0.0,-0.3,6,-291.725,-4.287,-150.141
3371.8,71.17,91.9,0.0,-0.4,6,-290.039,-4.246,-147.851
3371.8,71.33,91.9,0.0,-0.3,6,-287.507,-4.185,-144.407
3371.8,71.48,92.0,0.0,-0.2,6,-284.972,-4.124,-140.954
3371.8,71.58,92.0,0.0,0.4,6,-283.280,-4.083,-138.647
3386.1,71.74,92.1,0.0,0.3,6,-280.739,-4.024,-135.180
3386.1,71.84,92.1,0.0,0.1,6,-279.041,-3.984,-132.864
3386.1,71.99,92.2,0.0,-0.1,6,-276.490,-3.923,-129.385
3386.1,72.09,92.2,0.0,0.7,6,-274.786,-3.882,-127.062
3400.5,72.24,92.2,0.0,0.9,6,-272.223,-3.820,-123.573
3400.5,72.34,92.3,0.0,1.3,6,-270.509,-3.779,-121.245
3400.5,72.48,92.3,0.0,1.2,6,-267.929,-3.716,-117.750
3400.5,72.58,92.3,0.0,0.2,6,-266.202,-3.675,-115.419
3415.0,72.73,92.4,0.0,0.4,6,-263.602,-3.612,-111.921
3415.0,72.83,92.4,0.0,-0.7,6,-261.863,-3.570,-109.587
3415.0,72.96,92.5,0.0,-1.7,6,-259.248,-3.505,-106.082
3415.0,73.07,92.5,0.0,-1.7,6,-257.503,-3.460,-103.741
3429.5,73.21,92.5,0.0,-1.0,6,-254.887,-3.393,-100.218
3429.5,73.30,92.6,0.0,-0.7,6,-253.146,-3.348,-97.862
3429.5,73.44,92.6,0.0,-0.9,6,-250.538,-3.279,-94.317
3444.2,73.58,92.7,0.0,-0.9,6,-247.934,-3.213,-90.758
3444.2,73.67,92.7,0.0,-0.9,6,-246.200,-3.169,-88.379
3444.2,73.80,92.7,0.0,-0.6,6,-243.602,-3.105,-84.799
3444.2,73.90,92.8,0.0,0.2,6,-241.870,-3.062,-82.406
3459.0,74.03,92.8,0.0,1.4,6,-239.273,-2.998,-78.809
3459.0,74.12,92.8,0.0,1.8,6,-237.539,-2.956,-76.407
3459.0,74.25,92.9,0.0,1.1,6,-234.929,-2.892,-72.801
3459.0,74.34,92.9,0.0,1.4,6,-233.183,-2.849,-70.398
3473.8,74.47,92.9,0.0,3.1,6,-230.549,-2.784,-66.794
3473.8,74.53,67.8,8.8,4.2,6,-228.783,-2.740,-64.393
3473.8,74.14,0.0,55.6,5.4,6,-226.121,-2.670,-60.811
3473.8,73.50,0.0,76.2,5.6,6,-224.345,-2.624,-58.450
3488.6,72.29,0.0,87.5,5.3,6,-221.690,-2.554,-54.971
3488.6,71.01,0.0,76.8,5.4,6,-219.049,-2.484,-51.577
3488.6,70.24,0.0,66.8,5.9,6,-217.294,-2.438,-49.362
3488.6,69.22,0.0,50.3,6.7,6,-214.663,-2.372,-46.109
3502.7,68.66,0.0,38.7,8.8,6,-212.904,-2.328,-43.985
3502.7,67.99,0.0,21.8,6.5,6,-210.248,-2.262,-40.862
3502.7,67.67,0.0,11.8,5.5,6,-208.462,-2.220,-38.819
3502.7,67.33,0.0,1.1,8.0,6,-205.755,-2.155,-35.808
3516.1,67.17,8.1,0.0,9.2,6,-203.929,-2.111,-33.833
3516.1,67.01,21.9,0.0,10.5,6,-201.155,-2.046,-30.917
3516.1,66.90,18.1,0.0,11.4,6,-199.283,-2.003,-29.002
3516.1,66.65,3.9,24.5,11.4,6,-196.441,-1.940,-26.175
3529.3,66.30,0.0,87.2,10.3,6,-194.528,-1.897,-24.328
3529.3,65.28,0.0,23.2,9.7,6,-191.648,-1.830,-21.627
3529.3,64.99,48.0,0.9,9.5,6,-189.722,-1.786,-19.875
3529.3,65.09,88.7,0.0,11.4,6,-186.796,-1.722,-17.295
3542.2,65.24,88.8,0.0,15.5,6,-183.815,-1.664,-14.766
3542.2,65.33,81.7,0.0,18.1,6,-181.799,-1.630,-13.107
3542.2,65.37,60.7,0.0,21.3,6,-178.732,-1.586,-10.664
3542.2,65.38,66.3,0.0,22.1,6,-176.661,-1.563,-9.068
3555.2,65.46,88.0,0.0,22.4,6,-173.511,-1.534,-6.726
3555.2,65.53,89.1,0.0,21.6,6,-171.381,-1.517,-5.202
3555.2,65.63,89.2,0.0,20.4,6,-168.137,-1.492,-2.976
3555.2,65.69,89.3,0.0,20.6,6,-165.941,-1.475,-1.535
3568.6,65.79,89.3,0.0,22.0,6,-162.600,-1.445,0.559
3568.6,65.80,77.9,0.0,22.9,6,-160.340,-1.421,1.908
3568.6,65.77,57.1,0.0,23.6,6,-156.909,-1.382,3.860
3568.6,65.78,71.7,0.0,25.9,6,-153.434,-1.340,5.729
3582.5,65.85,84.2,0.0,28.9,6,-151.098,-1.322,6.941
3582.5,65.87,70.4,0.0,32.6,6,-147.556,-1.298,8.693
3582.5,65.82,45.7,0.0,34.8,6,-145.170,-1.278,9.809
3582.5,65.64,26.5,0.0,37.2,6,-141.564,-1.247,11.408
3596.6,65.52,32.0,0.0,38.0,6,-139.145,-1.224,12.421
3596.6,65.36,43.8,0.0,38.5,6,-135.493,-1.189,13.862
3596.6,65.29,53.5,0.0,38.6,6,-133.043,-1.164,14.770
3596.6,65.19,46.4,0.0,38.8,6,-129.346,-1.128,16.056
3610.4,65.10,41.7,0.0,39.3,6,-126.867,-1.105,16.862
3610.4,64.96,44.0,0.0,40.1,6,-123.133,-1.072,17.992
3610.4,64.82,44.2,0.0,40.6,6,-119.379,-1.038,19.026
3610.4,64.74,42.0,0.0,41.4,6,-116.867,-1.015,19.661
3623.5,64.58,27.7,0.0,42.8,6,-113.087,-0.983,20.536
3623.5,64.41,13.8,0.0,43.4,6,-110.562,-0.961,21.065
3623.5,64.13,13.7,0.0,43.3,6,-106.771,-0.926,21.775
3623.5,63.96,13.7,0.0,43.1,6,-104.244,-0.901,22.193
3636.2,63.69,23.0,0.0,41.9,0,-100.453,-0.865,22.741
3636.2,63.49,5.9,0.0,39.6,5,-97.928,-0.840,23.052
3636.2,63.21,15.2,0.0,35.8,5,-94.147,-0.800,23.432
3636.2,63.03,15.2,0.0,33.3,5,-91.630,-0.772,23.630
3648.6,62.81,41.1,0.0,29.1,5,-87.861,-0.729,23.846
3648.6,62.79,71.9,0.0,26.1,5,-85.351,-0.701,23.935
3648.6,62.87,88.3,0.0,22.3,5,-81.583,-0.657,23.990
3648.6,62.97,90.5,0.0,19.6,5,-79.066,-0.628,23.975
3660.9,63.11,90.5,0.0,16.9,5,-75.286,-0.581,23.874
3660.9,63.27,90.6,0.0,13.8,5,-71.500,-0.533,23.682
3660.9,63.38,90.6,0.0,13.4,5,-68.974,-0.500,23.507
3673.5,63.56,90.7,0.0,13.3,5,-65.181,-0.453,23.177
3673.5,63.68,90.7,0.0,12.3,5,-62.650,-0.422,22.914
3673.5,63.86,90.8,0.0,9.5,5,-58.852,-0.371,22.452
3673.5,63.99,90.8,0.0,7.6,5,-56.320,-0.335,22.103
3686.2,64.19,91.0,0.0,5.8,5,-52.519,-0.279,21.527
3686.2,64.32,91.0,0.0,4.6,5,-49.983,-0.246,21.112
3686.2,64.54,91.0,0.0,1.9,5,-46.175,-0.200,20.448
3686.2,64.68,91.1,0.0,-0.7,5,-43.634,-0.171,19.981
3699.0,64.89,91.1,0.0,-2.8,5,-39.815,-0.127,19.257
3699.0,65.04,90.2,0.0,-1.9,5,-37.263,-0.099,18.768
3699.0,65.26,91.1,0.0,-2.0,5,-33.424,-0.059,18.036
3699.0,65.40,91.3,0.0,-3.0,5,-30.856,-0.034,17.554
3712.1,65.60,91.4,0.0,-5.4,5,-26.992,0.001,16.842
3712.1,65.82,91.4,0.0,-7.0,5,-23.111,0.029,16.153
3712.1,65.92,91.6,0.0,-8.2,5,-20.514,0.045,15.709
3712.1,66.13,91.6,0.0,-8.4,5,-16.603,0.068,15.077
3725.3,66.26,91.6,0.0,-8.3,5,-13.985,0.083,14.683
3725.3,66.41,91.8,0.0,-9.1,5,-10.043,0.109,14.136
3725.3,66.57,91.7,0.0,-11.1,5,-7.404,0.126,13.803
3725.3,66.74,91.8,0.0,-13.3,5,-3.431,0.152,13.356
3738.8,66.84,91.8,0.0,-13.7,5,-0.773,0.172,13.097
3738.8,66.99,91.9,0.0,-14.4,5,3.228,0.204,12.773
3738.8,67.09,92.0,0.0,-14.5,5,5.904,0.228,12.602
3738.8,67.24,92.0,0.0,-14.9,5,9.928,0.268,12.415
3752.4,67.31,92.1,0.0,-14.5,5,12.618,0.297,12.338
3752.4,67.46,92.1,0.0,-14.7,5,16.660,0.344,12.294
3752.4,67.55,92.1,0.0,-15.2,5,19.360,0.378,12.314
3752.4,67.68,92.2,0.0,-14.9,5,23.414,0.434,12.419
3766.4,67.78,92.3,0.0,-13.6,5,27.473,0.497,12.614
3766.4,67.87,92.4,0.0,-12.5,5,30.180,0.541,12.794
3766.4,68.04,92.4,0.0,-14.7,5,34.243,0.602,13.129
3766.4,68.11,92.4,0.0,-17.3,5,36.952,0.637,13.394
3780.6,68.24,92.4,0.0,-18.3,5,41.016,0.687,13.863
3780.6,68.31,92.5,0.0,-19.0,5,43.722,0.723,14.226
3780.6,68.43,92.5,0.0,-18.9,5,47.775,0.779,14.848
3780.6,68.48,92.6,0.0,-18.6,5,50.473,0.817,15.313
3794.7,68.59,92.3,0.0,-18.3,5,54.512,0.873,16.086
3794.7,68.66,92.6,0.0,-17.7,5,57.198,0.911,16.652
3794.7,68.76,92.9,0.0,-16.7,5,61.214,0.971,17.580
3794.7,68.83,92.7,0.0,-16.5,5,63.883,1.011,18.249
3808.7,68.94,92.7,0.0,-16.1,5,67.872,1.071,19.326
3808.7,68.98,93.1,0.0,-16.2,5,70.520,1.112,20.096
3808.7,69.09,93.0,0.0,-16.4,5,74.476,1.172,21.321
3808.7,69.20,92.8,0.0,-16.5,5,78.410,1.230,22.634
3823.0,69.22,93.0,0.0,-16.7,0,81.019,1.269,23.559
3823.0,69.08,72.8,0.0,-16.6,6,84.904,1.329,25.019
3823.0,69.12,86.1,0.0,-16.0,6,87.471,1.369,26.039
3823.0,69.20,92.1,0.0,-14.8,6,91.296,1.429,27.642
3837.1,69.23,92.2,0.0,-15.0,6,93.829,1.469,28.760
3837.1,69.33,92.2,0.0,-14.9,6,97.600,1.529,30.509
3837.1,69.40,92.2,0.0,-15.2,6,100.093,1.572,31.725
3837.1,69.50,92.3,0.0,-15.5,6,103.804,1.636,33.620
3851.0,69.57,92.3,0.0,-15.5,6,106.258,1.679,34.928
3851.0,69.67,92.4,0.0,-14.7,6,109.908,1.743,36.959
3851.0,69.74,92.4,0.0,-14.0,6,112.320,1.786,38.357
3851.0,69.85,92.4,0.0,-13.1,6,115.906,1.850,40.519
3864.9,69.92,92.4,0.0,-12.7,6,118.274,1.893,42.004
3864.9,70.03,92.5,0.0,-12.7,6,121.792,1.956,44.294
3864.9,70.15,92.5,0.0,-12.8,6,125.271,2.015,46.657
3864.9,70.23,92.5,0.0,-12.7,6,127.566,2.053,48.272
3878.9,70.33,92.6,0.0,-12.9,6,130.975,2.109,50.753
3878.9,70.42,92.6,0.0,-12.1,6,133.224,2.144,52.445
3878.9,70.54,92.6,0.0,-11.0,6,136.562,2.194,55.040
3878.9,70.62,92.6,0.0,-10.6,6,138.763,2.225,56.807
3892.9,70.74,92.7,0.0,-10.4,6,142.030,2.268,59.510
3892.9,70.82,92.7,0.0,-10.0,6,144.184,2.292,61.347
3892.9,70.95,92.7,0.0,-8.9,6,147.381,2.322,64.150
3892.9,71.03,92.8,0.0,-7.2,6,149.490,2.338,66.052
3907.1,71.17,92.8,0.0,-5.1,6,152.619,2.359,68.951
3907.1,71.23,72.9,0.0,-4.2,6,154.684,2.372,70.912
3907.1,71.09,9.6,50.8,-3.1,6,157.750,2.388,73.888
3907.1,70.51,0.0,72.8,-2.5,6,159.766,2.399,75.881
3921.3,69.35,0.0,84.7,-1.1,6,162.732,2.415,78.852
3921.3,68.08,0.0,88.6,0.0,6,165.630,2.433,81.790
3921.3,67.22,0.0,89.4,0.2,6,167.524,2.446,83.724
3934.8,65.92,0.0,90.3,0.2,0,170.313,2.467,86.587
3934.8,65.07,21.5,91.6,0.2,0,172.140,2.481,88.468
3934.8,63.77,0.0,92.0,1.9,5,174.833,2.504,91.243
3934.8,62.90,0.0,91.4,1.7,5,176.600,2.518,93.061
3947.5,61.58,0.0,90.5,3.0,5,179.207,2.538,95.739
3947.5,60.73,0.0,90.4,1.8,5,180.919,2.551,97.488
3947.5,59.44,0.0,90.3,0.4,5,183.449,2.571,100.060
3947.5,58.61,0.0,91.3,0.1,5,185.110,2.585,101.740
3959.4,57.32,0.0,90.4,0.2,0,187.562,2.603,104.209
3959.4,56.48,23.2,91.1,0.5,0,189.170,2.614,105.822
3959.4,55.20,0.0,90.9,1.0,4,191.542,2.628,108.193
3959.4,54.34,0.0,90.0,1.0,4,193.095,2.638,109.741
3970.4,53.09,0.0,90.0,1.2,4,195.385,2.655,112.013
3970.4,51.83,0.0,90.0,1.4,4,197.628,2.673,114.225
3970.4,51.00,0.0,90.4,1.8,4,199.097,2.686,115.667
3970.4,49.74,0.0,90.1,3.2,4,201.261,2.708,117.778
3980.6,48.91,0.0,90.1,3.5,4,202.680,2.724,119.152
3980.6,47.67,0.0,90.0,5.4,0,204.771,2.750,121.161
3980.6,46.87,27.4,91.1,5.4,0,206.142,2.767,122.466
3980.6,45.63,0.0,91.1,5.2,3,208.165,2.793,124.368
3989.9,44.79,0.0,89.9,5.8,3,209.492,2.809,125.600
3989.9,43.57,0.0,87.1,5.7,3,211.448,2.833,127.392
3989.9,42.78,0.0,85.5,7.5,3,212.731,2.847,128.550
3989.9,41.62,0.0,82.4,10.0,3,214.626,2.867,130.230
3998.4,40.85,0.0,80.6,10.1,3,215.872,2.879,131.313
3998.4,39.77,0.0,70.7,11.3,3,217.716,2.895,132.882
3998.4,39.13,26.4,62.4,10.7,0,218.931,2.904,133.890
3998.4,38.28,0.0,55.1,7.4,2,220.741,2.914,135.349
4006.3,37.46,0.0,47.5,4.5,2,222.536,2.921,136.744
4006.3,36.97,0.0,45.0,3.8,2,223.726,2.924,137.640
4006.3,36.30,0.0,41.4,5.2,2,225.503,2.928,138.935
4006.3,35.87,0.0,40.4,7.8,2,226.682,2.929,139.769
4013.6,35.25,0.0,39.3,12.8,2,228.442,2.930,140.977
4013.6,34.85,0.0,38.8,15.5,2,229.609,2.930,141.756
4013.6,34.24,0.0,39.0,18.6,2,231.350,2.927,142.882
4013.6,33.84,0.0,39.5,19.8,2,232.506,2.925,143.603
4020.4,33.24,0.0,36.3,20.0,2,234.233,2.920,144.639
4020.4,32.86,0.0,36.0,19.6,2,235.380,2.916,145.297
4020.4,32.29,0.0,34.5,19.7,2,237.095,2.908,146.237
4020.4,31.93,0.0,28.8,20.0,2,238.235,2.902,146.829
4026.7,31.47,0.0,21.8,19.5,2,239.943,2.893,147.669
4026.7,31.08,0.0,18.5,20.6,2,241.649,2.884,148.450
4026.7,30.85,0.0,13.0,22.6,2,242.788,2.877,148.938
4026.7,30.58,0.0,9.2,25.5,2,244.500,2.867,149.622
4032.7,30.42,0.0,8.6,27.1,2,245.643,2.861,150.047
4032.7,30.19,0.0,4.7,29.9,2,247.363,2.851,150.638
4032.7,30.07,0.0,3.2,31.6,2,248.513,2.845,151.000
4032.7,29.90,0.0,3.8,32.1,2,250.242,2.835,151.496
4038.4,29.78,0.0,4.6,33.0,2,251.398,2.828,151.795
4038.4,29.61,0.3,0.0,34.5,2,253.134,2.817,152.195
4038.4,29.51,0.4,0.4,33.9,2,254.293,2.809,152.428
4038.4,29.35,0.0,2.6,33.7,2,256.033,2.797,152.727
4044.1,29.24,1.4,0.4,34.6,2,257.194,2.789,152.891
4044.1,29.10,2.6,0.0,35.1,2,258.933,2.778,153.086
4044.1,28.96,0.4,2.0,35.7,2,260.671,2.768,153.217
4044.1,28.86,2.2,0.3,36.7,2,261.826,2.761,153.270
4050.6,28.73,5.1,0.0,36.9,2,263.553,2.752,153.296
4050.6,28.65,3.1,0.0,37.2,2,264.701,2.746,153.279
4050.6,28.52,5.8,0.0,38.1,2,266.414,2.738,153.199
4050.6,28.44,6.1,0.0,38.5,2,267.550,2.735,153.111
4057.0,28.32,3.1,0.0,39.2,2,269.243,2.731,152.925
4057.0,28.23,4.0,0.0,40.6,2,270.363,2.730,152.766
4057.0,28.12,6.2,0.0,43.3,2,272.028,2.729,152.477
4057.0,28.03,3.7,0.0,44.8,2,273.128,2.728,152.250
4063.5,27.91,11.2,0.0,47.1,2,274.760,2.730,151.858
4063.5,27.84,7.3,0.0,47.1,2,275.835,2.733,151.562
4063.5,27.72,6.9,0.0,46.0,2,277.427,2.740,151.066
4063.5,27.66,14.5,0.0,47.7,2,278.472,2.745,150.700
4071.4,27.60,16.6,0.0,50.2,2,280.019,2.756,150.102
4071.4,27.57,27.9,0.0,49.7,2,281.536,2.770,149.443
4071.4,27.59,37.1,0.0,50.5,2,282.532,2.781,148.969
4078.0,27.72,44.3,0.0,48.4,2,284.004,2.803,148.204
4078.0,27.84,49.4,0.0,45.6,2,284.972,2.820,147.658
4078.0,28.05,55.2,0.0,42.8,2,286.403,2.848,146.786
4078.0,28.22,61.1,0.0,41.7,2,287.344,2.867,146.170
4085.3,28.51,58.2,0.0,39.6,2,288.738,2.898,145.195
4085.3,28.67,54.3,0.0,37.7,2,289.654,2.919,144.511
4085.3,28.92,59.4,0.0,34.7,2,291.004,2.952,143.434
4085.3,29.09,60.4,0.0,33.2,2,291.888,2.976,142.684
4091.2,29.33,51.3,0.0,31.9,2,293.187,3.013,141.508
4091.2,29.46,45.4,0.0,32.4,2,294.034,3.039,140.693
4091.2,29.61,42.6,0.0,33.6,2,295.273,3.079,139.428
4091.2,29.71,43.2,0.0,33.8,2,296.078,3.105,138.557
4097.0,29.87,45.6,0.0,34.2,2,297.256,3.142,137.213
4097.0,30.06,49.7,0.0,34.2,2,298.397,3.178,135.825
4097.0,30.21,53.5,0.0,32.9,2,299.137,3.200,134.874
4097.0,30.46,57.6,0.0,29.7,2,300.216,3.232,133.410
4102.7,30.63,52.9,0.0,27.2,2,300.916,3.251,132.409
4102.7,30.86,56.4,0.0,22.7,2,301.932,3.278,130.870
4102.7,31.04,54.2,0.0,19.9,2,302.588,3.294,129.820
4102.7,31.30,58.1,0.0,16.2,2,303.538,3.316,128.210
4108.6,31.47,49.3,0.0,14.8,2,304.148,3.329,127.114
4108.6,31.75,65.8,0.0,15.0,2,305.029,3.346,125.436
4108.6,31.93,49.5,0.0,15.5,2,305.594,3.356,124.294
4108.6,32.24,64.6,0.0,17.5,2,306.404,3.371,122.550
4114.8,32.47,64.9,0.0,19.3,2,306.922,3.380,121.365
4114.8,32.81,64.1,0.0,22.1,2,307.665,3.394,119.554
4114.8,33.04,64.6,0.0,23.3,2,308.138,3.402,118.325
4114.8,33.39,66.5,0.0,24.7,2,308.813,3.413,116.451
4121.4,33.78,76.6,0.0,25.1,2,309.446,3.424,114.539
4121.4,34.03,64.4,0.0,23.6,2,309.844,3.431,113.243
4121.4,34.39,64.6,0.0,19.9,2,310.401,3.442,111.268
4121.4,34.61,64.4,0.0,17.5,2,310.745,3.449,109.932
4128.2,34.99,65.3,0.0,15.3,2,311.218,3.461,107.900
4128.2,35.21,67.4,0.0,14.9,2,311.504,3.470,106.526
4128.2,35.57,61.1,0.0,14.6,2,311.890,3.484,104.438
4128.2,35.74,50.8,0.0,15.0,2,312.116,3.495,103.031
4135.3,35.88,29.7,0.0,20.6,2,312.408,3.514,100.901
4135.3,35.86,7.4,2.8,20.9,2,312.570,3.527,99.475
4135.3,35.65,0.0,13.2,17.9,2,312.767,3.548,97.338
4135.3,35.42,0.0,30.3,14.8,2,312.869,3.563,95.919
4142.4,34.85,0.0,48.7,9.1,2,312.984,3.587,93.812
4142.4,34.37,0.0,53.8,5.8,2,313.038,3.605,92.428
4142.4,33.54,0.0,66.2,3.1,2,313.092,3.634,90.389
4142.4,32.59,0.0,72.5,1.3,2,313.122,3.664,88.403
4149.0,31.92,0.0,74.7,-0.7,2,313.132,3.686,87.112
4149.0,30.89,0.0,76.3,-4.8,2,313.141,3.719,85.226
4149.0,30.19,0.0,76.7,-7.3,2,313.146,3.741,84.003
4149.0,29.15,0.0,75.8,-10.9,2,313.158,3.774,82.222
4154.8,28.47,0.0,66.5,-13.2,2,313.171,3.795,81.068
4154.8,27.61,0.0,49.2,-16.4,2,313.206,3.827,79.386
4154.8,27.14,0.0,40.1,-18.3,2,313.242,3.847,78.291
4154.8,26.58,0.0,30.9,-20.8,2,313.318,3.875,76.681
4160.1,26.27,33.6,27.6,-22.5,0,313.387,3.892,75.626
4160.1,25.85,0.0,22.7,-24.6,1,313.518,3.916,74.067
4160.1,25.58,0.0,18.9,-26.1,1,313.626,3.930,73.043
4160.1,25.22,0.0,16.3,-28.1,1,313.819,3.951,71.531
4165.1,25.00,0.0,15.1,-29.4,1,313.969,3.963,70.538
4165.1,24.69,0.0,12.8,-31.2,1,314.227,3.980,69.069
4165.1,24.49,0.0,11.2,-32.4,1,314.421,3.991,68.105
4165.1,24.22,0.0,11.7,-32.9,1,314.746,4.006,66.680
4170.0,23.95,0.0,11.2,-33.4,1,315.112,4.019,65.281
4170.0,23.77,0.0,10.7,-35.0,1,315.377,4.026,64.364
4170.0,23.50,0.0,9.4,-37.7,1,315.808,4.037,63.013
4170.0,23.33,0.0,10.1,-38.7,1,316.117,4.042,62.128
4174.7,23.08,0.0,8.3,-39.5,1,316.616,4.050,60.828
4174.7,22.93,0.0,6.9,-40.2,1,316.970,4.054,59.978
4174.7,22.71,0.0,4.7,-41.6,1,317.536,4.059,58.731
4174.7,22.59,0.0,3.5,-42.5,1,317.935,4.061,57.918
4179.2,22.40,0.0,4.7,-44.1,1,318.568,4.064,56.725
4179.2,22.27,0.0,3.9,-45.2,1,319.011,4.064,55.949
4179.2,22.09,0.0,2.8,-45.7,1,319.708,4.063,54.815
4179.2,21.98,0.0,2.2,-45.7,1,320.194,4.062,54.080
4183.5,21.82,0.0,4.8,-45.2,1,320.954,4.058,53.007
4183.5,21.69,0.0,4.8,-46.0,1,321.480,4.054,52.314
4183.5,21.50,0.0,5.2,-46.2,1,322.296,4.048,51.307
4187.6,21.31,0.0,5.7,-45.5,1,323.145,4.041,50.342
4187.6,21.18,0.0,5.7,-45.3,1,323.727,4.035,49.723
4187.6,20.98,0.0,7.3,-45.7,1,324.623,4.027,48.830
4187.6,20.84,0.0,7.0,-46.7,1,325.235,4.021,48.260
4191.5,20.64,0.0,5.6,-48.9,1,326.173,4.011,47.441
4191.5,20.51,0.0,4.7,-50.5,1,326.810,4.004,46.921
4191.5,20.33,0.0,3.5,-52.6,1,327.785,3.992,46.179
4191.5,20.22,0.0,1.7,-55.7,1,328.447,3.984,45.710
4195.5,20.12,17.1,0.0,-60.3,1,329.459,3.970,45.047
4195.5,20.17,31.7,0.0,-61.2,1,330.148,3.961,44.631
4195.5,20.37,44.2,0.0,-61.3,1,331.211,3.948,44.043
4195.5,20.56,49.9,0.0,-61.5,1,331.940,3.938,43.672
4199.9,20.80,35.8,0.0,-52.4,1,333.066,3.923,43.150
4199.9,20.99,38.3,0.0,-50.9,1,334.225,3.908,42.674
4199.9,21.15,48.1,0.0,-50.4,1,335.015,3.899,42.383
4199.9,21.45,48.7,0.0,-48.0,1,336.228,3.884,41.985
4204.7,21.67,46.7,0.0,-44.0,1,337.056,3.875,41.745
4204.7,21.96,46.1,0.0,-39.9,1,338.325,3.861,41.425
4204.7,22.16,46.2,0.0,-39.3,1,339.187,3.853,41.237
4204.7,22.44,43.6,0.0,-42.2,1,340.502,3.840,40.994
4209.8,22.59,38.8,0.0,-44.6,1,341.392,3.832,40.858
4209.8,22.81,40.5,0.0,-52.2,1,342.743,3.821,40.695
4209.8,22.96,43.8,0.0,-59.5,1,343.655,3.814,40.613
4209.8,23.25,46.3,0.0,-67.9,1,345.038,3.803,40.534
4215.4,23.41,44.2,0.0,-73.4,1,345.970,3.796,40.511
4215.4,23.65,41.6,0.0,-81.1,1,347.382,3.787,40.525
4215.4,23.72,30.4,0.0,-87.3,1,348.329,3.781,40.566
4215.4,23.73,18.4,0.0,-92.3,1,349.749,3.772,40.680
4221.2,23.67,15.8,0.0,-95.1,1,351.159,3.767,40.857
4221.2,23.60,15.0,0.0,-96.6,1,352.092,3.764,41.011
4221.2,23.52,15.8,0.0,-100.0,1,353.477,3.761,41.292
4221.2,23.45,16.0,0.0,-100.0,1,354.390,3.759,41.513
4227.0,23.35,12.6,0.0,-94.6,1,355.741,3.757,41.893
4227.0,23.28,12.8,0.0,-99.9,1,356.630,3.755,42.178
4227.0,23.17,12.9,0.0,-96.9,1,357.940,3.754,42.652
4227.0,23.09,12.9,0.0,-98.5,1,358.798,3.754,42.999
4232.5,22.99,13.8,0.0,-97.0,1,360.060,3.755,43.562
4232.5,22.92,14.3,0.0,-93.0,1,360.884,3.756,43.967
4232.5,22.85,17.0,0.0,-80.7,1,362.094,3.760,44.617
4232.5,22.84,25.1,0.0,-71.8,1,362.882,3.763,45.079
4237.6,23.04,57.3,0.0,-54.9,1,364.041,3.769,45.817
4237.6,23.32,47.4,0.0,-42.3,1,364.807,3.774,46.339
4237.6,23.70,63.1,0.0,-24.7,1,365.945,3.782,47.169
4237.6,24.15,63.4,0.0,-13.3,1,367.077,3.791,48.050
4242.6,24.52,70.5,0.0,-10.5,1,367.831,3.797,48.663
4242.6,25.09,70.9,0.0,-11.9,1,368.969,3.806,49.621
4242.6,25.47,70.0,0.0,-13.6,1,369.732,3.813,50.284
4242.6,26.02,69.5,0.0,-16.6,1,370.881,3.823,51.314
4247.6,26.39,70.3,0.0,-18.5,1,371.650,3.829,52.025
4247.6,26.96,73.1,0.0,-21.2,1,372.809,3.838,53.128
4247.6,27.34,73.8,0.0,-21.8,1,373.582,3.844,53.889
4247.6,27.92,73.9,0.0,-20.7,1,374.743,3.853,55.071
4252.8,28.30,75.0,0.0,-19.4,1,375.515,3.859,55.887
4252.8,28.89,77.4,0.0,-18.5,1,376.670,3.867,57.154
4252.8,29.27,71.2,0.0,-18.7,1,377.436,3.872,58.029
4252.8,29.79,68.9,0.0,-18.7,1,378.574,3.880,59.385
4258.4,30.12,69.5,0.0,-19.0,1,379.324,3.886,60.318
4258.4,30.63,73.6,0.0,-19.4,1,380.433,3.893,61.763
4258.4,31.15,75.1,0.0,-20.1,1,381.524,3.899,63.260
4258.4,31.49,75.3,0.0,-19.9,1,382.239,3.903,64.288
4264.3,31.98,70.6,0.0,-18.0,1,383.290,3.908,65.874
4264.3,32.31,81.2,0.0,-17.7,1,383.976,3.910,66.961
4264.3,32.48,0.0,0.0,-15.7,0,384.977,3.914,68.631
4264.3,32.67,83.5,0.0,-14.4,2,385.617,3.917,69.764
4270.5,33.19,84.4,0.0,-12.9,2,386.553,3.921,71.503
4270.5,33.54,84.5,0.0,-12.6,2,387.162,3.924,72.690
4270.5,34.06,84.7,0.0,-12.6,2,388.054,3.928,74.509
4270.5,34.42,84.8,0.0,-12.6,2,388.636,3.930,75.748
4277.1,34.94,85.0,0.0,-12.9,2,389.491,3.932,77.644
4277.1,35.30,85.2,0.0,-13.1,2,390.049,3.932,78.932
4277.1,35.81,83.0,0.0,-12.1,2,390.871,3.930,80.898
4284.1,36.32,83.1,0.0,-10.2,2,391.671,3.927,82.907
4284.1,36.65,82.5,0.0,-10.2,2,392.191,3.924,84.270
4284.1,37.10,67.8,0.0,-8.3,2,392.952,3.916,86.347
4284.1,37.35,67.5,0.0,-6.4,2,393.443,3.912,87.751
4291.4,37.82,86.0,0.0,-6.0,2,394.156,3.905,89.890
4291.4,38.16,86.3,0.0,-6.2,2,394.616,3.904,91.338
4291.4,38.70,86.2,0.0,-6.8,2,395.291,3.901,93.543
4291.4,39.06,86.3,0.0,-6.9,2,395.729,3.899,95.035
4299.0,39.57,86.3,0.0,-6.4,2,396.369,3.897,97.304
4299.0,39.91,86.4,0.0,-5.8,2,396.785,3.894,98.838
4299.0,40.41,86.5,0.0,-4.9,2,397.392,3.893,101.169
4299.0,40.76,86.5,0.0,-4.4,2,397.787,3.891,102.744
4306.9,41.25,86.6,0.0,-4.2,2,398.364,3.889,105.134
4306.9,41.57,86.8,0.0,-4.3,2,398.739,3.887,106.747
4306.9,42.05,86.9,0.0,-4.6,2,399.288,3.884,109.195
4306.9,42.54,87.0,0.0,-4.5,2,399.823,3.878,111.675
4315.1,42.85,87.1,0.0,-4.9,2,400.169,3.874,113.346
4315.1,43.32,87.3,0.0,-5.9,2,400.674,3.869,115.881
4315.1,43.62,87.3,0.0,-6.5,2,401.001,3.866,117.588
4315.1,44.08,87.4,0.0,-7.4,2,401.475,3.861,120.175
4323.8,44.24,0.0,0.0,-7.7,0,401.779,3.859,121.916
4323.8,44.40,85.5,0.0,-7.8,3,402.211,3.855,124.536
4323.8,44.67,85.6,0.0,-7.9,3,402.484,3.852,126.296
4323.8,45.09,85.7,0.0,-7.9,3,402.871,3.847,128.960
4332.6,45.36,85.8,0.0,-8.0,3,403.114,3.844,130.752
4332.6,45.78,85.9,0.0,-8.4,3,403.453,3.838,133.464
4332.6,46.04,86.0,0.0,-8.4,3,403.661,3.834,135.288
4332.6,46.45,86.0,0.0,-8.6,3,403.945,3.827,138.047
4341.6,46.72,86.1,0.0,-8.7,3,404.116,3.823,139.902
4341.6,47.12,86.2,0.0,-9.2,3,404.344,3.817,142.707
4341.6,47.51,86.3,0.0,-9.5,3,404.536,3.810,145.539
4341.6,47.77,86.4,0.0,-9.4,3,404.643,3.805,147.441
4351.0,48.16,86.5,0.0,-9.4,3,404.769,3.799,150.316
4351.0,48.42,86.5,0.0,-10.2,3,404.831,3.795,152.246
4351.0,48.80,86.6,0.0,-11.0,3,404.887,3.789,155.161
4351.0,49.05,86.7,0.0,-11.4,3,404.900,3.785,157.117
4360.6,49.41,86.8,0.0,-11.8,3,404.881,3.778,160.070
4360.6,49.66,86.8,0.0,-12.1,3,404.839,3.774,162.051
4360.6,50.02,86.9,0.0,-11.1,3,404.734,3.768,165.039
4360.6,50.27,87.0,0.0,-12.4,3,404.636,3.762,167.042
4370.4,50.62,87.0,0.0,-10.9,3,404.444,3.755,170.061
4370.4,50.85,87.1,0.0,-10.5,3,404.284,3.750,172.084
4370.4,51.21,87.1,0.0,-10.8,3,404.000,3.744,175.132
4370.4,51.44,87.2,0.0,-12.3,3,403.781,3.738,177.173
4380.5,51.78,87.2,0.0,-16.1,3,403.406,3.730,180.246
4380.5,52.10,87.3,0.0,-18.9,3,402.972,3.722,183.331
4380.5,52.30,87.4,0.0,-19.5,3,402.646,3.716,185.393
4380.5,52.60,87.4,0.0,-19.2,0,402.101,3.708,188.492
4391.0,52.55,0.0,0.0,-18.1,0,401.697,3.703,190.557
4391.0,52.72,85.8,0.0,-16.6,4,401.028,3.696,193.641
4391.0,52.90,85.9,0.0,-16.2,4,400.539,3.692,195.695
4391.0,53.16,85.9,0.0,-14.9,4,399.742,3.687,198.775
4401.8,53.35,86.1,0.0,-14.4,4,399.165,3.684,200.825
4401.8,53.60,86.2,0.0,-15.8,4,398.233,3.682,203.895
4401.8,53.79,86.3,0.0,-17.2,4,397.568,3.681,205.937
4401.8,54.06,86.4,0.0,-20.9,4,396.508,3.678,208.993
4413.2,54.23,86.5,0.0,-22.3,4,395.759,3.677,211.024
4413.2,54.47,86.7,0.0,-22.0,4,394.568,3.679,214.060
4413.2,54.65,86.9,0.0,-21.5,4,393.730,3.684,216.074
4413.2,54.89,86.9,0.0,-20.5,4,392.409,3.693,219.083
4425.2,55.07,87.1,0.0,-19.8,4,391.488,3.697,221.079
4425.2,55.30,87.3,0.0,-19.0,4,390.041,3.704,224.057
4425.2,55.54,87.4,0.0,-18.3,4,388.515,3.712,227.011
4425.2,55.70,87.5,0.0,-18.4,4,387.455,3.718,228.967
4436.6,55.95,87.6,0.0,-17.5,4,385.805,3.723,231.881
4436.6,56.12,87.7,0.0,-16.1,4,384.664,3.723,233.810
4436.6,56.36,87.8,0.0,-13.4,4,382.893,3.723,236.681
4436.6,56.52,87.9,0.0,-11.3,4,381.670,3.723,238.579
4447.8,56.78,88.0,0.0,-9.4,4,379.776,3.724,241.400
4447.8,56.96,88.1,0.0,-9.1,4,378.475,3.726,243.266
4447.8,57.23,88.2,0.0,-10.1,4,376.468,3.732,246.041
4447.8,57.41,88.3,0.0,-10.8,4,375.097,3.738,247.878
4459.0,57.68,88.4,0.0,-12.2,4,372.994,3.746,250.616
4459.0,57.86,88.5,0.0,-11.3,4,371.562,3.751,252.429
4459.0,58.13,88.6,0.0,-9.2,4,369.370,3.761,255.130
4459.0,58.31,88.7,0.0,-8.4,4,367.879,3.768,256.918
4470.4,58.58,88.8,0.0,-8.5,4,365.599,3.777,259.582
4470.4,58.85,88.9,0.0,-8.1,4,363.270,3.786,262.224
4470.4,59.03,89.0,0.0,-8.1,4,361.690,3.791,263.973
4482.1,59.29,89.1,0.0,-8.0,4,359.281,3.798,266.579
4482.1,59.46,89.2,0.0,-8.3,4,357.649,3.802,268.304
4482.1,59.73,89.3,0.0,-8.4,4,355.164,3.804,270.875
4482.1,59.89,89.4,0.0,-8.5,4,353.482,3.804,272.576
4494.0,60.16,89.3,0.0,-8.1,4,350.921,3.805,275.107
4494.0,60.31,89.4,0.0,-8.8,4,349.188,3.806,276.781
4494.0,60.59,89.7,0.0,-8.0,4,346.551,3.809,279.271
4494.0,60.77,89.8,0.0,-6.4,4,344.769,3.810,280.917
4506.1,60.98,89.9,0.0,-4.0,4,342.056,3.818,283.362
4506.1,61.13,90.2,0.0,-3.5,0,340.224,3.828,284.978
4506.1,61.13,88.8,0.0,-1.1,5,337.454,3.832,287.384
4506.1,61.36,88.8,0.0,0.4,5,334.660,3.824,289.769
4518.3,61.51,89.0,0.0,0.4,5,332.781,3.822,291.352
4518.3,61.76,89.0,0.0,-0.3,5,329.944,3.823,293.724
4518.3,62.05,89.1,0.0,-0.6,5,327.090,3.822,296.100
4518.3,62.20,89.2,0.0,-0.3,5,325.178,3.821,297.687
4530.7,62.44,89.3,0.0,0.2,5,322.299,3.820,300.072
4530.7,62.60,89.4,0.0,0.3,5,320.372,3.819,301.666
4530.7,62.84,89.5,0.0,0.5,5,317.473,3.818,304.065
4530.7,62.99,89.5,0.0,0.6,5,315.535,3.819,305.669
4543.2,63.22,89.7,0.0,0.7,5,312.619,3.824,308.084
4543.2,63.38,89.7,0.0,0.8,5,310.670,3.828,309.700
4543.2,63.61,89.8,0.0,0.8,5,307.741,3.832,312.135
4543.2,63.77,89.9,0.0,0.9,5,305.784,3.836,313.766
4555.9,63.99,90.0,0.0,1.0,5,302.843,3.843,316.223
4581.7,65.99,90.8,0.0,0.9,5,276.140,3.828,339.002
4594.9,66.21,90.8,0.0,0.5,5,273.149,3.828,341.604
4594.9,66.34,90.9,0.0,0.4,5,271.151,3.830,343.347
4594.9,66.55,91.0,0.0,0.2,5,268.150,3.832,345.970
4594.9,66.69,91.0,0.0,0.2,5,266.145,3.834,347.726
4608.2,66.89,91.1,0.0,0.1,5,263.133,3.842,350.368
4608.2,67.04,91.2,0.0,0.1,5,261.120,3.850,352.135
4608.2,67.24,91.2,0.0,0.2,5,258.094,3.863,354.793
4608.2,67.37,91.3,0.0,0.1,5,256.072,3.873,356.570
4621.6,67.57,91.4,0.0,0.1,5,253.032,3.887,359.243
4621.6,67.70,91.4,0.0,0.0,5,251.001,3.896,361.030
4621.6,67.90,91.5,0.0,0.1,5,247.947,3.912,363.718
4621.6,68.11,91.5,0.0,0.4,5,244.885,3.927,366.413
4635.2,68.23,91.6,0.0,0.3,5,242.839,3.934,368.215
4635.2,68.43,91.7,0.0,0.1,5,239.762,3.944,370.925
4635.2,68.56,91.7,0.0,0.1,5,237.707,3.950,372.736
4635.2,68.75,91.8,0.0,0.1,5,234.617,3.956,375.460
4648.9,68.88,91.8,0.0,0.1,5,232.553,3.957,377.280
4648.9,69.07,91.9,0.0,0.1,5,229.449,3.956,380.018
4648.9,69.20,91.9,0.0,0.1,5,227.376,3.954,381.847
4648.9,69.38,92.0,0.0,0.1,5,224.259,3.950,384.597
4662.7,69.50,92.1,0.0,0.0,5,222.177,3.947,386.435
4662.7,69.69,92.2,0.0,0.0,5,219.046,3.943,389.199
4662.7,69.81,92.2,0.0,0.1,5,216.955,3.939,391.045
4662.7,69.99,92.3,0.0,0.1,5,213.812,3.933,393.821
4676.7,70.11,92.3,0.0,0.1,5,211.712,3.927,395.675
4676.7,70.29,92.3,0.0,0.0,5,208.555,3.919,398.464
4676.7,70.46,92.4,0.0,-0.0,5,205.391,3.913,401.259
4676.7,70.58,92.5,0.0,0.0,5,203.277,3.910,403.127
4690.8,70.75,92.6,0.0,0.1,5,200.101,3.905,405.935
4690.8,70.86,92.6,0.0,0.1,5,197.979,3.901,407.810
4690.8,70.84,0.0,0.0,0.2,0,194.792,3.897,410.627
4690.8,70.89,91.7,0.0,0.2,6,192.669,3.893,412.504
4704.9,71.05,91.8,0.0,0.2,6,189.480,3.887,415.326
4704.9,71.17,91.8,0.0,0.2,6,187.350,3.884,417.211
4704.9,71.33,91.9,0.0,0.2,6,184.150,3.880,420.044
4704.9,71.44,91.9,0.0,0.2,6,182.013,3.878,421.938
4719.2,71.60,91.9,0.0,0.2,6,178.802,3.874,424.784
4719.2,71.71,92.0,0.0,0.2,6,176.658,3.872,426.686
4719.2,71.87,92.0,0.0,0.2,6,173.437,3.866,429.545
4719.2,71.97,92.1,0.0,0.2,6,171.286,3.862,431.456
4733.5,72.13,92.1,0.0,0.2,6,168.055,3.856,434.328
4733.5,72.24,92.2,0.0,0.1,6,165.898,3.853,436.247
4733.5,72.39,92.2,0.0,0.1,6,162.658,3.851,439.132
4748.0,72.55,92.3,0.0,0.0,6,159.411,3.850,442.024
4748.0,72.65,92.3,0.0,0.1,6,157.243,3.849,443.956
4748.0,72.81,92.3,0.0,0.2,6,153.986,3.851,446.859
4748.0,72.91,92.4,0.0,0.3,6,151.811,3.854,448.798
4762.5,73.05,92.4,0.0,0.3,6,148.544,3.858,451.713
4762.5,73.16,92.4,0.0,0.2,6,146.363,3.860,453.661
4762.5,73.31,92.5,0.0,0.2,6,143.086,3.862,456.589
4762.5,73.40,92.5,0.0,0.2,6,140.900,3.864,458.545
4777.2,73.55,92.6,0.0,0.0,6,137.615,3.867,461.485
4777.2,73.65,92.6,0.0,0.0,6,135.422,3.869,463.449
4777.2,73.80,92.7,0.0,0.0,6,132.128,3.870,466.401
4777.2,73.89,92.7,0.0,0.0,6,129.929,3.872,468.372
4791.9,74.04,92.7,0.0,0.1,6,126.624,3.875,471.334
4791.9,74.13,92.8,0.0,0.1,6,124.417,3.877,473.312
4791.9,74.27,92.8,0.0,0.0,6,121.102,3.879,476.283
4791.9,74.42,92.8,0.0,-0.2,6,117.780,3.880,479.260
4806.8,74.51,92.9,0.0,-0.1,6,115.562,3.880,481.248
4806.8,74.65,92.9,0.0,-0.0,6,112.230,3.879,484.234
4806.8,74.74,92.9,0.0,-0.1,6,110.005,3.877,486.228
4806.8,74.88,93.0,0.0,-0.1,6,106.662,3.872,489.223
4821.7,74.97,93.0,0.0,-0.2,6,104.429,3.867,491.222
4897.8,77.13,93.7,0.0,0.8,6,47.581,3.505,541.761
4897.8,77.25,93.7,0.0,0.6,6,44.108,3.466,544.824
4897.8,77.33,93.7,0.0,0.6,6,41.792,3.438,546.871
4897.8,77.45,93.7,0.0,0.4,6,38.316,3.392,549.949
4913.3,77.53,93.7,0.0,0.3,6,35.998,3.359,552.007
4913.3,77.66,93.7,0.0,0.4,6,32.520,3.303,555.101
4913.3,77.73,93.8,0.0,0.3,6,30.201,3.267,557.168
4913.3,77.84,93.8,0.0,0.1,6,26.721,3.209,560.277
4928.8,77.91,93.9,0.0,0.1,6,24.400,3.170,562.354
4928.8,78.03,93.9,0.0,0.3,6,20.916,3.111,565.475
4928.8,78.11,93.9,0.0,0.3,6,18.591,3.070,567.560
4928.8,78.22,94.0,0.0,-0.0,6,15.102,3.009,570.692
4944.4,78.29,94.0,0.0,-0.3,6,12.773,2.970,572.784
4944.4,78.40,94.1,0.0,-0.6,6,9.277,2.911,575.925
4944.4,78.48,94.1,0.0,-0.1,6,6.942,2.872,578.021
4944.4,78.51,3.4,6.6,-0.1,0,3.436,2.817,581.167
4960.1,78.11,0.0,55.1,-0.9,7,-0.065,2.760,584.305
4960.1,77.47,0.0,76.0,-1.1,7,-2.384,2.719,586.382
4960.1,76.25,0.0,86.9,-0.7,7,-5.825,2.661,589.457
4960.1,75.39,0.0,89.8,-0.2,7,-8.090,2.623,591.476
4975.4,74.06,0.0,90.6,-0.0,7,-11.441,2.568,594.458
4975.4,73.18,19.1,91.3,-0.4,0,-13.644,2.532,596.414
4975.4,71.85,0.0,91.7,-0.8,6,-16.901,2.482,599.302
4975.4,70.96,0.0,91.4,-1.1,6,-19.041,2.450,601.197
4989.9,69.64,0.0,91.5,-1.3,6,-22.204,2.402,603.991
4989.9,68.75,0.0,90.9,-1.3,6,-24.282,2.368,605.822
4989.9,67.44,0.0,90.7,-1.5,6,-27.354,2.318,608.519
4989.9,66.56,0.0,90.4,-1.2,6,-29.373,2.284,610.285
5003.5,65.28,20.5,91.0,-1.0,0,-32.358,2.237,612.883
5003.5,64.42,0.0,91.8,-1.1,5,-34.320,2.207,614.582
5003.5,63.12,0.0,91.1,-1.4,5,-37.220,2.164,617.082
5003.5,61.84,0.0,91.3,-2.3,5,-40.068,2.121,619.523
5016.2,60.97,0.0,90.7,-2.9,5,-41.938,2.092,621.117
5016.2,59.69,0.0,90.1,-2.7,5,-44.701,2.050,623.459
5016.2,58.84,0.0,90.5,-3.3,5,-46.516,2.022,624.987
5016.2,57.57,0.0,90.8,-4.3,5,-49.199,1.980,627.226
5028.0,56.73,21.9,90.7,-5.2,0,-50.963,1.953,628.683
5028.0,55.47,0.0,91.9,-5.7,4,-53.573,1.913,630.814
5028.0,54.62,0.0,91.1,-5.6,4,-55.289,1.887,632.195
5028.0,53.35,0.0,90.6,-5.5,4,-57.829,1.849,634.208
5039.0,52.52,0.0,89.5,-6.3,4,-59.501,1.824,635.511
5039.0,51.28,0.0,87.0,-8.1,4,-61.976,1.787,637.404
5039.0,50.48,0.0,80.8,-8.9,4,-63.605,1.763,638.626
5039.0,49.38,0.0,64.3,-9.6,4,-66.023,1.727,640.396
5049.2,48.75,0.0,56.9,-9.1,4,-67.622,1.703,641.535
5049.2,47.92,0.0,50.8,-8.5,4,-70.010,1.668,643.184
5049.2,47.17,24.5,48.5,-8.2,0,-72.388,1.634,644.761
5049.2,46.69,0.0,49.5,-8.2,3,-73.969,1.611,645.774
5058.6,45.92,0.0,46.3,-9.2,3,-76.334,1.577,647.235
5058.6,45.45,0.0,43.4,-9.8,3,-77.905,1.556,648.171
5058.6,44.76,0.0,38.3,-10.6,3,-80.253,1.523,649.517
5058.6,44.35,0.0,31.1,-10.2,3,-81.815,1.502,650.377
5067.5,43.84,0.0,24.2,-11.4,3,-84.154,1.471,651.614
5067.5,43.55,0.0,21.5,-12.8,3,-85.714,1.451,652.404
5067.5,43.14,0.0,20.6,-14.5,3,-88.053,1.419,653.541
5067.5,42.87,0.0,29.3,-15.2,3,-89.614,1.398,654.265
5076.0,42.32,0.0,45.5,-15.8,3,-91.952,1.366,655.302
5076.0,41.85,0.0,48.5,-15.6,3,-93.503,1.345,655.959
5076.0,41.16,0.0,33.2,-14.5,3,-95.814,1.315,656.889
5076.0,40.80,0.0,23.2,-13.8,3,-97.346,1.295,657.472
5084.2,40.41,0.0,12.5,-14.2,3,-99.640,1.267,658.293
5084.2,40.13,0.0,8.7,-15.8,3,-101.933,1.238,659.052
5084.2,39.96,0.0,6.0,-17.6,3,-103.464,1.218,659.524
5092.4,39.75,0.0,5.1,-19.5,3,-105.763,1.190,660.182
5092.4,39.62,0.0,4.3,-20.3,3,-107.298,1.171,660.587
5092.4,39.43,0.0,3.9,-21.5,3,-109.603,1.143,661.145
5092.4,39.30,0.0,5.0,-21.6,3,-111.141,1.124,661.484
5100.5,39.10,0.0,3.4,-21.0,3,-113.448,1.096,661.941
5116.3,37.30,0.0,4.0,-22.4,3,-135.508,0.876,663.123
5124.0,37.18,0.0,2.2,-22.6,3,-136.992,0.863,662.993
5124.0,37.01,0.0,2.5,-23.5,3,-139.204,0.845,662.746
5124.0,36.91,26.6,4.2,-23.6,0,-140.670,0.833,662.549
5124.0,36.75,0.0,2.6,-23.4,2,-142.853,0.816,662.203
5131.9,36.56,0.0,2.9,-23.4,2,-145.015,0.798,661.796
5131.9,36.44,0.0,1.0,-23.4,2,-146.443,0.787,661.492
5131.9,36.26,0.0,0.9,-24.4,2,-148.565,0.771,660.987
5131.9,36.14,0.0,1.9,-25.0,2,-149.965,0.761,660.618
5139.7,35.96,1.9,0.0,-25.8,2,-152.042,0.746,660.017
5139.7,35.85,1.2,0.1,-26.3,2,-153.412,0.736,659.584
5139.7,35.68,1.9,0.1,-27.2,2,-155.442,0.721,658.888
5139.7,35.57,3.8,0.0,-27.6,2,-156.778,0.711,658.393
5147.2,35.41,0.8,1.4,-27.8,2,-158.757,0.697,657.603
5147.2,35.29,1.8,0.2,-27.8,2,-160.056,0.688,657.046
5147.2,35.13,1.4,0.8,-27.4,2,-161.976,0.676,656.163
5147.2,35.00,0.1,0.8,-27.1,2,-163.234,0.669,655.543
5155.0,34.84,3.5,0.0,-27.2,2,-165.089,0.661,654.568
5155.0,34.73,1.1,0.1,-27.5,2,-166.303,0.656,653.888
5155.0,34.57,5.8,0.0,-27.8,2,-168.089,0.651,652.825
5162.4,34.44,8.9,0.0,-28.7,2,-169.835,0.647,651.711
5162.4,34.38,6.9,0.0,-30.3,2,-170.975,0.646,650.940
5162.4,34.32,20.8,0.0,-33.5,2,-172.654,0.644,649.745
5162.4,34.31,24.5,0.0,-35.2,2,-173.752,0.643,648.921
5170.2,34.33,29.5,0.0,-37.7,2,-175.365,0.642,647.641
5170.2,34.39,38.1,0.0,-39.3,2,-176.419,0.643,646.760
5170.2,34.51,44.7,0.0,-41.1,2,-177.970,0.644,645.394
5170.2,34.65,50.5,0.0,-41.3,2,-178.983,0.647,644.453
5177.5,34.86,53.8,0.0,-40.8,2,-180.473,0.651,642.995
5177.5,35.01,56.3,0.0,-42.2,2,-181.447,0.654,641.993
5177.5,35.25,57.0,0.0,-42.0,2,-182.874,0.659,640.443
5177.5,35.40,51.4,0.0,-39.9,2,-183.803,0.663,639.379
5185.1,35.58,55.7,0.0,-35.3,2,-185.158,0.670,637.737
5185.1,35.75,59.3,0.0,-32.6,2,-186.036,0.676,636.613
5185.1,36.01,53.9,0.0,-29.7,2,-187.313,0.686,634.881
5185.1,36.27,51.5,0.0,-29.1,2,-188.545,0.696,633.098
5192.3,36.28,17.1,7.6,-28.9,2,-189.338,0.703,631.882
5192.3,35.99,0.0,10.1,-28.2,2,-190.473,0.714,630.032
5192.3,35.79,1.3,1.0,-27.7,2,-191.190,0.722,628.788
5192.3,35.70,29.9,0.0,-26.5,2,-192.209,0.735,626.903
5199.3,35.76,40.6,0.0,-26.4,2,-192.857,0.742,625.629
5220.7,38.90,72.4,0.0,-20.5,2,-200.211,0.768,602.280
5220.7,39.15,77.1,0.0,-18.8,2,-200.437,0.770,600.736
5220.7,39.48,76.6,0.0,-12.7,2,-200.725,0.775,598.396
5228.5,39.83,63.8,0.0,-5.6,2,-200.952,0.782,596.028
5228.5,40.07,83.7,0.0,-0.7,2,-201.071,0.787,594.435
5228.5,40.54,86.0,0.0,4.7,2,-201.206,0.797,592.022
5228.5,40.87,85.8,0.0,6.7,2,-201.270,0.806,590.396
5236.6,40.97,8.2,31.2,6.0,2,-201.339,0.821,587.937
5236.6,40.62,0.0,40.3,5.3,2,-201.377,0.832,586.304
5236.6,39.93,0.0,62.0,5.3,2,-201.440,0.849,583.886
5236.6,39.31,0.0,70.0,5.0,2,-201.487,0.858,582.300
5244.7,38.32,0.0,67.4,8.2,2,-201.572,0.873,579.971
5244.7,37.68,0.0,58.7,10.3,2,-201.639,0.883,578.451
5244.7,36.87,0.0,49.6,12.9,2,-201.761,0.899,576.217
5244.7,36.38,0.0,41.1,13.9,2,-201.857,0.909,574.755
5252.2,35.78,0.0,29.7,14.8,2,-202.031,0.925,572.597
5252.2,35.31,0.0,21.9,16.4,2,-202.242,0.940,570.474
5252.2,35.04,0.0,16.4,17.8,2,-202.405,0.949,569.076
5252.2,34.72,0.0,10.4,19.6,2,-202.684,0.961,567.002
5259.5,34.55,0.0,9.8,21.2,2,-202.896,0.969,565.633
5259.5,34.28,0.0,9.8,21.2,2,-203.256,0.981,563.599
5259.5,34.11,0.0,9.9,20.3,2,-203.523,0.990,562.257
5259.5,33.85,0.0,10.0,16.6,2,-203.962,1.003,560.266
5266.6,33.67,0.0,11.8,18.1,2,-204.280,1.012,558.953
5266.6,33.37,0.0,24.3,17.9,2,-204.795,1.028,557.008
5266.6,33.07,0.0,38.1,20.6,2,-205.161,1.039,555.729
5266.6,32.45,0.0,38.0,23.0,2,-205.740,1.057,553.849
5273.6,32.01,0.0,49.3,22.5,2,-206.145,1.068,552.624
5273.6,31.29,0.0,39.4,20.5,2,-206.778,1.086,550.833
5273.6,30.88,0.0,32.6,19.2,2,-207.218,1.098,549.670
5273.6,30.37,0.0,23.9,15.2,2,-207.908,1.116,547.966
5281.0,29.97,0.0,16.2,13.1,2,-208.634,1.136,546.308
5281.0,29.76,0.0,13.3,16.0,2,-209.135,1.150,545.223
5281.0,29.47,0.0,15.2,20.1,2,-209.914,1.170,543.625
5281.0,29.27,0.0,15.7,22.9,2,-210.448,1.185,542.579
5287.7,28.95,0.0,14.9,28.7,2,-211.274,1.205,541.039
5287.7,28.75,0.0,11.8,34.6,2,-211.841,1.218,540.034
5287.7,28.48,0.0,6.9,37.1,2,-212.722,1.237,538.560
5287.7,28.34,0.0,6.1,36.8,2,-213.332,1.249,537.601
5294.9,28.13,0.0,3.7,40.7,2,-214.281,1.268,536.198
5294.9,28.00,0.0,1.7,41.0,2,-214.938,1.279,535.288
5294.9,27.83,0.0,1.0,40.5,2,-215.960,1.296,533.961
5294.9,27.72,0.0,0.4,42.5,2,-216.665,1.307,533.102
5301.0,27.56,1.0,0.0,42.0,2,-217.758,1.322,531.854
5301.0,27.45,3.0,0.0,41.9,2,-218.509,1.331,531.050
5301.0,27.32,3.8,0.0,41.2,2,-219.668,1.345,529.886
5306.9,27.19,6.9,0.0,42.2,2,-220.866,1.357,528.773
5306.9,27.13,11.0,0.0,43.0,2,-221.686,1.364,528.059
5306.9,27.06,14.4,0.0,45.5,2,-222.945,1.375,527.032
5306.9,27.02,18.0,0.0,46.7,2,-223.805,1.382,526.376
5312.7,27.01,24.5,0.0,48.6,2,-225.124,1.391,525.434
5312.7,27.03,28.2,0.0,49.6,2,-226.023,1.397,524.834
5312.7,27.06,28.1,0.0,51.8,2,-227.401,1.405,523.977
5312.7,27.09,29.3,0.0,53.5,2,-228.338,1.409,523.434
5318.4,27.12,29.3,0.0,56.4,2,-229.769,1.415,522.663
5318.4,27.15,30.5,0.0,57.9,2,-230.741,1.419,522.179
5318.4,27.20,35.6,0.0,59.9,2,-232.222,1.423,521.499
5318.4,27.25,35.0,0.0,61.2,2,-233.225,1.425,521.076
5324.5,27.32,34.3,0.0,62.9,2,-234.753,1.428,520.489
5324.5,27.37,30.4,0.0,65.2,2,-236.306,1.430,519.960
5324.5,27.37,27.9,0.0,67.2,2,-237.353,1.431,519.640
5324.5,27.37,25.9,0.0,70.0,2,-238.939,1.432,519.211
5330.2,27.37,23.9,0.0,71.9,2,-240.004,1.432,518.958
5330.2,27.33,21.3,0.0,74.5,2,-241.612,1.432,518.631
5330.2,27.29,20.5,0.0,75.6,2,-242.689,1.431,518.448
5330.2,27.24,20.0,0.0,76.2,2,-244.310,1.430,518.226
5336.0,27.20,19.2,0.0,76.6,2,-245.393,1.428,518.113
5336.0,27.13,18.7,0.0,76.9,2,-247.019,1.425,517.997
5336.0,27.09,18.9,0.0,76.5,2,-248.103,1.423,517.954
5336.0,27.03,19.1,0.0,75.6,2,-249.726,1.419,517.944
5341.6,26.99,19.0,0.0,74.9,2,-250.806,1.416,517.972
5341.6,26.93,19.5,0.0,74.1,2,-252.421,1.410,518.067
5341.6,26.90,20.2,0.0,73.3,2,-253.493,1.406,518.165
5341.6,26.85,20.9,0.0,72.2,2,-255.094,1.399,518.364
5347.3,26.83,22.1,0.0,71.3,2,-256.154,1.394,518.531
5347.3,26.81,24.3,0.0,69.7,2,-257.735,1.385,518.832
5347.3,26.81,27.2,0.0,67.4,2,-259.302,1.376,519.193
5347.3,26.82,29.7,0.0,65.5,2,-260.339,1.369,519.467
5364.8,28.83,54.0,0.0,31.0,2,-274.249,1.222,526.130
5364.8,29.00,54.9,0.0,29.0,2,-275.193,1.208,526.798
5370.9,29.28,56.1,0.0,27.8,2,-276.594,1.188,527.842
5370.9,29.57,59.8,0.0,27.1,2,-277.978,1.167,528.937
5370.9,29.79,62.3,0.0,26.9,2,-278.891,1.153,529.695
5370.9,30.12,60.8,0.0,30.0,2,-280.246,1.132,530.874
5377.3,30.33,60.6,0.0,34.3,2,-281.139,1.118,531.688
5377.3,30.63,61.5,0.0,38.9,2,-282.460,1.095,532.952
5377.3,30.83,60.2,0.0,40.0,2,-283.325,1.080,533.825
5377.3,31.13,60.2,0.0,40.3,2,-284.596,1.057,535.180
5383.9,31.32,60.7,0.0,40.8,2,-285.424,1.043,536.115
5383.9,31.61,59.5,0.0,41.2,2,-286.634,1.022,537.563
5383.9,31.80,58.6,0.0,40.9,2,-287.419,1.007,538.558
5383.9,32.05,55.4,0.0,40.3,2,-288.560,0.987,540.096
5391.3,32.18,37.4,0.0,39.3,2,-289.295,0.973,541.149
5391.3,32.38,58.7,0.0,40.9,2,-290.356,0.951,542.767
5391.3,32.52,59.7,0.0,43.6,2,-291.035,0.937,543.872
5391.3,32.71,50.2,0.0,47.1,2,-292.013,0.915,545.566
5398.3,32.85,55.6,0.0,50.8,2,-292.635,0.900,546.721
5398.3,33.01,40.1,0.0,55.1,2,-293.521,0.881,548.487
5398.3,33.05,28.1,0.0,56.5,2,-294.078,0.867,549.686
5398.3,33.10,33.6,0.0,63.1,2,-294.865,0.847,551.507
5406.1,33.10,22.2,0.0,65.7,2,-295.593,0.826,553.355
5406.1,33.05,20.3,0.0,67.8,2,-296.043,0.812,554.599
5406.1,32.97,21.0,0.0,69.5,2,-296.662,0.793,556.480
5406.1,32.94,20.8,0.0,66.2,2,-297.037,0.781,557.744
5413.3,32.89,23.0,0.0,62.7,2,-297.543,0.765,559.653
5413.3,32.89,26.5,0.0,61.2,2,-297.844,0.754,560.934
5413.3,32.89,31.0,0.0,53.6,2,-298.240,0.738,562.867
5413.3,32.95,40.5,0.0,47.8,2,-298.468,0.727,564.163
5420.9,33.19,70.9,0.0,38.9,2,-298.756,0.711,566.125
5420.9,33.47,77.5,0.0,30.4,2,-298.912,0.702,567.448
5420.9,33.84,71.2,0.0,17.4,2,-299.097,0.688,569.457
5420.9,34.14,83.9,0.0,11.3,2,-299.188,0.679,570.813
5428.0,34.60,73.9,0.0,1.0,2,-299.279,0.666,572.873
5428.0,34.93,82.8,0.0,-2.8,2,-299.313,0.657,574.262
5428.0,35.47,85.1,0.0,-0.3,2,-299.327,0.647,576.373
5428.0,35.84,85.2,0.0,4.1,2,-299.319,0.642,577.799
5435.4,36.37,85.4,0.0,10.3,2,-299.285,0.636,579.963
5435.4,36.71,85.5,0.0,12.8,2,-299.249,0.633,581.424
5435.4,37.24,84.7,0.0,14.7,2,-299.173,0.630,583.640
5435.4,37.57,83.3,0.0,15.0,2,-299.103,0.628,585.134
5442.8,38.06,82.1,0.0,14.7,2,-298.965,0.625,587.398
5442.8,38.54,82.5,0.0,14.8,2,-298.785,0.620,589.688
5442.8,38.86,84.8,0.0,15.4,2,-298.638,0.616,591.228
5450.4,39.35,86.5,0.0,15.9,2,-298.377,0.609,593.559
5450.4,39.67,86.6,0.0,15.0,2,-298.175,0.604,595.125
5450.4,40.16,86.7,0.0,13.8,2,-297.827,0.593,597.494
5450.4,40.48,86.8,0.0,12.9,2,-297.565,0.585,599.085
5458.3,40.96,86.9,0.0,12.5,2,-297.125,0.572,601.487
5458.3,41.27,87.0,0.0,12.9,2,-296.800,0.561,603.098
5458.3,41.74,87.0,0.0,12.5,2,-296.267,0.542,605.529
5458.3,42.05,87.1,0.0,12.3,2,-295.880,0.529,607.159
5466.5,42.51,87.2,0.0,11.5,2,-295.249,0.509,609.615
5466.5,42.81,87.3,0.0,11.5,2,-294.796,0.495,611.259
5466.5,43.26,87.4,0.0,10.8,2,-294.072,0.472,613.737
5466.5,43.44,0.0,0.0,10.2,0,-293.560,0.454,615.394
5475.0,43.57,85.4,0.0,8.7,3,-292.749,0.427,617.871
5475.0,43.86,85.4,0.0,8.1,3,-292.181,0.408,619.524
5475.0,44.28,85.5,0.0,8.2,3,-291.291,0.376,622.013
5475.0,44.70,85.6,0.0,7.7,3,-290.358,0.339,624.513
5483.8,44.99,85.8,0.0,6.9,3,-289.712,0.313,626.185
5483.8,45.41,85.8,0.0,6.8,3,-288.710,0.275,628.703
5483.8,45.68,85.9,0.0,6.6,3,-288.020,0.249,630.388
5483.8,46.07,86.1,0.0,6.9,3,-286.956,0.208,632.927
5492.8,46.36,86.2,0.0,5.7,3,-286.229,0.179,634.625
5492.8,46.80,86.1,0.0,4.0,3,-285.107,0.133,637.183
5492.8,47.06,86.5,0.0,4.4,3,-284.338,0.102,638.894
5492.8,47.43,86.3,0.0,4.6,3,-283.155,0.059,641.469
5502.1,47.72,86.4,0.0,5.4,3,-282.346,0.032,643.191
5502.1,48.06,86.7,0.0,6.4,3,-281.104,-0.008,645.781
5502.1,48.38,86.4,0.0,5.7,3,-280.259,-0.040,647.514
5502.1,48.73,86.5,0.0,4.9,3,-278.958,-0.084,650.120
5511.7,49.02,86.6,0.0,4.9,3,-278.070,-0.111,651.860
5511.7,49.36,86.8,0.0,3.8,3,-276.710,-0.153,654.478
5511.7,49.64,86.8,0.0,3.5,3,-275.783,-0.181,656.227
5511.7,50.02,86.8,0.0,4.2,3,-274.360,-0.216,658.856
5521.6,50.26,86.8,0.0,4.9,3,-273.392,-0.232,660.611
5521.6,50.65,86.9,0.0,5.6,3,-271.910,-0.246,663.250
5521.6,50.88,87.1,0.0,6.2,3,-270.905,-0.252,665.014
5521.6,51.27,87.2,0.0,5.3,3,-269.372,-0.269,667.666
5531.8,51.50,87.1,0.0,4.4,3,-268.329,-0.282,669.437
5531.8,51.86,87.2,0.0,4.9,3,-266.732,-0.300,672.094
5531.8,52.22,87.3,0.0,5.7,3,-265.099,-0.316,674.754
5531.8,52.45,87.3,0.0,5.8,3,-263.990,-0.326,676.529
5542.2,52.80,87.4,0.0,5.9,3,-262.297,-0.340,679.194
5542.2,53.02,87.4,0.0,5.6,3,-261.149,-0.347,680.971
5542.2,53.25,0.0,0.0,4.9,0,-259.396,-0.356,683.637
5542.2,53.24,85.8,0.0,3.5,4,-258.213,-0.361,685.406
5552.7,53.57,85.8,0.0,2.7,4,-256.414,-0.365,688.057
5552.7,53.78,85.9,0.0,2.3,4,-255.199,-0.368,689.826
5552.7,54.11,85.9,0.0,2.2,4,-253.354,-0.373,692.485
5552.7,54.32,86.0,0.0,2.1,4,-252.111,-0.376,694.261
5563.4,54.64,86.1,0.0,1.4,4,-250.228,-0.381,696.932
5563.4,54.85,86.3,0.0,1.7,4,-248.961,-0.386,698.718
5563.4,55.17,86.4,0.0,2.4,4,-247.044,-0.394,701.404
5563.4,55.38,86.5,0.0,2.8,4,-245.754,-0.400,703.199
5574.4,55.68,86.7,0.0,3.3,4,-243.801,-0.409,705.897
5574.4,55.89,86.8,0.0,3.6,4,-242.486,-0.414,707.700
5574.4,56.20,87.0,0.0,4.1,4,-240.492,-0.421,710.406
5574.4,56.50,87.1,0.0,4.5,4,-238.470,-0.427,713.115
5585.5,56.70,87.2,0.0,4.6,4,-237.105,-0.430,714.921
5585.5,57.00,87.4,0.0,5.0,4,-235.033,-0.434,717.629
5585.5,57.19,87.5,0.0,5.3,4,-233.634,-0.435,719.434
5585.5,57.48,87.6,0.0,5.4,4,-231.507,-0.437,722.137
5596.9,57.68,87.7,0.0,5.5,4,-230.070,-0.438,723.937
5596.9,57.96,87.9,0.0,5.6,4,-227.885,-0.439,726.631
5596.9,58.15,87.9,0.0,5.7,4,-226.408,-0.438,728.422
5596.9,58.43,88.1,0.0,6.0,4,-224.161,-0.436,731.102
5608.6,58.62,88.2,0.0,5.5,4,-222.643,-0.433,732.884
5608.6,58.90,88.3,0.0,5.8,4,-220.334,-0.428,735.548
5608.6,59.08,88.4,0.0,5.1,4,-218.774,-0.423,737.317
5608.6,59.36,88.6,0.0,4.4,4,-216.403,-0.411,739.963
5620.7,59.54,88.6,0.0,4.7,4,-214.803,-0.402,741.721
5620.7,59.80,88.8,0.0,4.4,4,-212.373,-0.385,744.350
5620.7,60.07,88.9,0.0,4.6,4,-209.911,-0.365,746.970
5620.7,60.25,89.0,0.0,4.8,4,-208.250,-0.351,748.711
5632.9,60.51,89.1,0.0,4.7,4,-205.733,-0.326,751.315
5632.9,60.68,89.2,0.0,5.6,4,-204.036,-0.309,753.046
5632.9,60.94,89.3,0.0,6.2,4,-201.463,-0.280,755.631
5632.9,61.11,89.4,0.0,6.8,4,-199.728,-0.262,757.348
5645.4,61.36,89.5,0.0,6.9,4,-197.097,-0.237,759.912
5645.4,61.52,89.6,0.0,6.7,4,-195.322,-0.222,761.611
5645.4,61.76,89.7,0.0,6.9,4,-192.628,-0.200,764.145
5645.4,61.92,89.8,0.0,7.0,4,-190.812,-0.190,765.823
5657.9,62.17,89.9,0.0,6.5,4,-188.055,-0.183,768.325
5657.9,62.33,90.0,0.0,6.4,4,-186.196,-0.180,769.981
5657.9,62.34,0.0,0.0,6.1,0,-183.376,-0.176,772.441
5657.9,62.41,88.8,0.0,5.7,5,-181.480,-0.172,774.061
5670.6,62.63,88.9,0.0,5.9,5,-178.606,-0.164,776.470
5670.6,62.87,89.0,0.0,6.8,5,-175.694,-0.157,778.857
5670.6,63.02,89.1,0.0,7.3,5,-173.733,-0.154,780.435
5683.4,63.24,89.2,0.0,7.8,5,-170.761,-0.152,782.783
5683.4,63.38,89.3,0.0,7.4,5,-168.760,-0.154,784.333
5683.4,63.61,89.4,0.0,6.4,5,-165.724,-0.157,786.635
5683.4,63.82,89.4,0.0,6.4,5,-162.648,-0.158,788.903
5696.5,63.95,89.6,0.0,8.0,5,-160.575,-0.157,790.396
5696.5,64.17,89.7,0.0,9.0,5,-157.432,-0.152,792.607
5696.5,64.35,89.8,0.0,8.2,5,-154.250,-0.151,794.786
5696.5,64.50,89.8,0.0,6.8,5,-152.109,-0.151,796.219
5709.6,64.71,89.9,0.0,5.4,5,-148.861,-0.148,798.335
5709.6,64.85,89.9,0.0,5.6,5,-146.673,-0.142,799.723
5709.6,65.05,90.1,0.0,7.6,5,-143.360,-0.133,801.775
5709.6,65.21,90.0,0.0,8.6,5,-141.132,-0.131,803.125
5722.9,65.40,90.2,0.0,9.8,5,-137.762,-0.129,805.123
5722.9,65.54,90.3,0.0,9.6,5,-135.494,-0.128,806.432
5722.9,65.71,90.3,0.0,8.6,5,-132.061,-0.123,808.359
5722.9,65.86,90.4,0.0,9.0,5,-129.751,-0.121,809.620
5736.3,66.04,90.5,0.0,8.8,5,-126.255,-0.122,811.474
5736.3,66.15,90.6,0.0,8.4,5,-123.903,-0.119,812.681
5736.3,66.34,90.7,0.0,8.5,5,-120.344,-0.117,814.451
5736.3,66.48,90.6,0.0,7.8,5,-117.951,-0.116,815.604
5749.8,66.65,90.8,0.0,8.4,5,-114.331,-0.111,817.292
5749.8,66.86,90.8,0.0,8.6,5,-110.678,-0.109,818.933
5749.8,66.98,90.9,0.0,8.8,5,-108.224,-0.108,820.001
5749.8,67.15,91.0,0.0,8.5,5,-104.515,-0.103,821.560
5763.3,67.28,91.0,0.0,8.3,5,-102.023,-0.099,822.571
5763.3,67.46,91.1,0.0,8.5,5,-98.260,-0.093,824.045
5763.3,67.58,91.1,0.0,8.6,5,-95.734,-0.089,824.999
5763.3,67.75,91.2,0.0,9.0,5,-91.919,-0.082,826.388
5776.9,67.88,91.3,0.0,9.1,5,-89.360,-0.079,827.285
5817.9,69.51,91.9,0.0,4.9,5,-50.900,0.012,837.546
5817.9,69.68,92.0,0.0,4.7,5,-46.802,0.032,838.343
5817.9,69.79,92.1,0.0,4.7,5,-44.060,0.046,838.854
5817.9,69.96,92.1,0.0,4.6,5,-39.934,0.070,839.591
5831.8,70.08,92.1,0.0,4.7,5,-37.173,0.085,840.064
5831.8,70.24,92.2,0.0,4.6,5,-33.019,0.107,840.743
5831.8,70.35,92.2,0.0,4.0,5,-30.241,0.123,841.176
5831.8,70.52,92.3,0.0,2.9,5,-26.062,0.147,841.798
5845.9,70.62,92.4,0.0,2.4,5,-23.267,0.166,842.195
5845.9,70.79,92.5,0.0,2.2,0,-19.064,0.196,842.766
5845.9,70.71,0.0,0.0,1.7,0,-16.258,0.214,843.134
5845.9,70.80,91.5,0.0,0.9,6,-12.048,0.240,843.669
5860.0,70.91,91.6,0.0,0.6,6,-9.236,0.259,844.016
5860.0,71.07,91.6,0.0,0.3,6,-5.008,0.286,844.528
5860.0,71.22,91.7,0.0,0.1,6,-0.769,0.316,845.033
5860.0,71.34,91.7,0.0,-0.1,6,2.062,0.334,845.367
5.1,71.50,91.8,0.0,-0.2,6,6.318,0.359,845.867
