opponent,v3,Paul di Resta,0,1771614444154
Game,version,date,track,car,event,laptime [s],S1 [s],S2 [s],S3 [s],S4+ [s]
LMU,1.2,2026-02-20 19:07:24,Silverstone Grand Prix Circuit - ELMS,Peugeot TotalEnergies 2025 #93:LM (Hyper),Live,111.179,0,0,0
Tracklen [m],TotalLaps
5865.7,1
,
,
lapdistance [m],speed [m/s],throttle [%],brake [%],steer [%],gear [int],world_x [m],world_y [m],world_z [m]
0.9,67.71,58.5,0.0,0.9,5,10.659,0.415,842.066
14.4,67.89,58.2,0.0,0.9,5,14.703,0.444,842.501
14.4,68.07,58.4,0.0,0.8,5,18.759,0.473,842.927
14.4,68.25,58.5,0.0,0.4,5,22.827,0.508,843.344
14.4,68.43,58.5,0.0,0.7,5,26.906,0.544,843.753
28.0,68.60,58.6,0.0,-0.1,5,30.997,0.579,844.154
28.0,68.78,58.7,0.0,0.3,5,35.099,0.614,844.550
28.0,69.01,58.8,0.0,0.3,5,40.585,0.661,845.072
41.8,69.19,58.9,0.0,0.2,5,44.713,0.696,845.460
41.8,69.42,58.9,0.0,0.2,5,50.233,0.744,845.971
41.8,69.59,59.0,0.0,-0.0,5,54.385,0.782,846.352
55.7,69.76,59.0,0.0,-0.0,5,58.548,0.820,846.731
55.7,69.93,59.1,0.0,-0.2,5,62.721,0.858,847.110
55.7,70.10,59.1,0.0,-0.4,5,66.904,0.896,847.490
69.6,70.26,59.2,0.0,-0.5,5,71.096,0.933,847.875
69.6,70.43,59.2,0.0,-0.4,5,75.299,0.970,848.264
69.6,70.65,59.2,0.0,-0.2,5,80.916,1.017,848.793
83.7,70.81,59.2,0.0,-0.4,5,85.141,1.052,849.196
83.7,71.02,59.3,0.0,-0.6,5,90.787,1.100,849.741
83.7,71.18,59.3,0.0,-0.5,5,95.032,1.134,850.156
98.0,71.34,59.3,0.0,-0.3,5,99.286,1.167,850.579
98.0,71.50,59.3,0.0,-0.4,5,103.549,1.201,851.009
98.0,71.65,59.3,0.0,-0.4,5,107.821,1.231,851.447
112.3,71.80,59.4,0.0,-0.1,5,112.101,1.262,851.891
112.3,71.95,59.4,0.0,-0.0,5,116.390,1.298,852.342
112.3,72.11,59.4,0.0,0.0,5,120.687,1.330,852.796
126.7,72.31,59.4,0.0,-0.1,5,126.431,1.364,853.407
126.7,72.46,59.4,0.0,-0.1,5,130.749,1.386,853.870
126.7,72.60,59.2,0.0,-0.2,5,135.076,1.408,854.335
126.7,72.74,59.0,0.0,-0.1,5,139.410,1.438,854.804
141.2,72.88,59.0,0.0,0.1,5,143.753,1.469,855.276
141.2,73.01,58.8,0.0,0.1,5,148.103,1.503,855.750
141.2,73.15,58.8,0.0,0.1,5,152.462,1.532,856.226
155.8,73.22,0.0,0.0,0.2,0,156.829,1.557,856.702
155.8,73.22,81.8,0.0,-0.0,6,162.647,1.588,857.336
155.8,73.36,72.3,0.0,-0.0,6,167.019,1.611,857.811
170.5,73.49,62.7,0.0,0.1,6,171.398,1.635,858.287
170.5,73.67,58.2,0.0,0.0,6,177.250,1.669,858.920
170.5,73.85,58.3,0.0,-0.2,6,183.117,1.704,859.554
185.2,73.98,58.3,0.0,-0.4,6,187.525,1.731,860.031
185.2,74.11,58.3,0.0,-0.5,6,191.941,1.759,860.511
185.2,74.24,58.3,0.0,-0.5,6,196.365,1.786,860.997
200.0,74.37,58.4,0.0,-0.4,6,200.795,1.815,861.490
200.0,74.49,58.4,0.0,-0.3,6,205.233,1.843,861.990
200.0,74.58,58.4,0.0,0.4,6,208.195,1.862,862.328
200.0,74.70,58.5,0.0,1.1,6,212.643,1.890,862.837
214.9,74.79,58.4,0.0,0.4,6,215.614,1.908,863.176
214.9,74.91,58.5,0.0,-0.3,6,220.076,1.934,863.680
214.9,74.99,58.5,0.0,-0.2,6,223.055,1.952,864.014
214.9,75.11,58.6,0.0,0.9,6,227.529,1.981,864.513
229.9,75.19,58.4,0.0,0.7,6,230.517,1.999,864.844
229.9,75.29,53.5,14.4,0.2,6,235.005,2.025,865.336
229.9,75.04,15.4,57.3,0.5,6,237.996,2.044,865.659
229.9,74.05,0.0,73.3,1.0,6,242.447,2.070,866.134
244.9,72.89,0.0,76.7,0.5,6,246.833,2.097,866.592
244.9,72.10,0.0,78.7,0.6,6,249.719,2.116,866.887
244.9,70.89,0.0,79.1,1.0,6,253.990,2.141,867.314
244.9,70.07,0.0,82.2,1.1,6,256.798,2.157,867.588
259.2,68.79,0.0,94.2,1.2,6,260.948,2.181,867.980
259.2,67.85,0.0,89.8,1.3,6,263.672,2.195,868.230
259.2,66.54,0.0,83.3,1.8,6,267.690,2.215,868.582
259.2,65.71,0.0,83.9,0.6,6,270.328,2.228,868.801
272.7,64.46,0.0,83.1,-0.5,6,274.223,2.245,869.106
272.7,63.62,0.0,83.2,0.0,0,276.779,2.255,869.296
272.7,62.40,0.0,85.0,2.1,5,280.553,2.271,869.562
272.7,61.57,0.0,84.0,5.1,5,283.029,2.281,869.726
285.4,60.36,0.0,67.0,6.6,5,286.682,2.294,869.946
285.4,59.68,0.0,58.8,5.4,5,289.081,2.303,870.070
285.4,58.79,0.0,50.1,3.8,5,292.633,2.318,870.212
285.4,58.26,0.0,34.8,3.0,5,294.973,2.328,870.277
297.3,57.72,0.0,13.6,3.0,5,298.452,2.343,870.328
297.3,57.37,0.0,12.1,5.9,5,301.905,2.359,870.320
297.3,57.16,0.0,10.2,6.2,5,304.196,2.369,870.284
308.7,56.87,0.0,4.8,7.6,5,307.615,2.384,870.185
308.7,56.71,0.0,3.5,7.4,5,309.885,2.396,870.087
308.7,56.48,0.0,3.8,7.7,5,313.276,2.414,869.893
308.7,56.34,0.0,0.9,7.7,5,315.526,2.425,869.731
320.1,56.00,0.3,18.5,7.1,5,318.886,2.440,869.440
320.1,55.73,0.0,9.7,5.7,5,321.109,2.450,869.212
320.1,55.44,0.0,9.3,2.9,5,324.421,2.466,868.821
320.1,55.24,0.0,11.7,2.3,5,326.616,2.477,868.529
331.4,54.90,0.0,20.9,2.2,5,329.887,2.493,868.051
331.4,54.62,0.0,24.1,3.0,5,332.052,2.504,867.711
331.4,54.24,0.0,3.3,9.9,5,335.272,2.520,867.173
331.4,54.12,34.3,0.0,14.1,5,338.470,2.536,866.591
342.6,54.15,48.5,0.0,16.3,5,340.594,2.545,866.172
342.6,54.27,56.0,0.0,19.6,5,343.773,2.559,865.488
342.6,54.35,46.0,0.0,21.8,5,345.888,2.567,864.991
342.6,54.41,31.8,0.0,26.3,5,349.049,2.580,864.182
354.5,54.35,18.5,0.0,29.1,5,351.145,2.588,863.601
354.5,54.21,10.2,0.0,33.7,5,354.266,2.600,862.668
354.5,54.06,2.9,2.5,37.4,5,356.328,2.608,862.005
354.5,53.82,11.2,0.0,42.2,5,359.389,2.622,860.954
365.9,53.67,10.6,0.0,44.8,5,361.408,2.631,860.214
365.9,53.45,8.1,0.0,47.8,5,364.403,2.645,859.049
365.9,53.29,8.1,0.0,49.0,5,366.377,2.654,858.236
365.9,53.05,8.0,0.0,50.0,5,369.302,2.667,856.961
377.0,52.89,8.0,0.0,51.1,5,371.227,2.676,856.075
377.0,52.65,9.2,0.0,52.7,5,374.076,2.690,854.692
377.0,52.49,9.2,0.0,53.9,5,375.949,2.699,853.735
377.0,52.23,9.2,0.0,55.2,5,378.717,2.713,852.250
387.8,51.98,9.1,0.0,56.4,5,381.436,2.727,850.705
387.8,51.81,9.1,0.0,56.8,5,383.220,2.735,849.644
387.8,51.55,9.1,0.0,56.4,5,385.853,2.748,848.005
387.8,51.39,9.1,0.0,55.8,0,387.578,2.757,846.881
398.5,51.13,1.5,0.0,54.5,4,390.121,2.771,845.150
398.5,50.86,9.9,0.0,52.9,4,392.606,2.785,843.365
398.5,50.70,9.9,0.0,51.5,4,394.232,2.794,842.147
398.5,50.46,9.8,0.0,48.9,4,396.622,2.807,840.276
408.7,50.31,9.8,0.0,47.6,4,398.183,2.815,839.001
408.7,50.08,9.7,0.0,45.3,4,400.476,2.828,837.048
408.7,49.93,9.7,0.0,45.2,4,401.971,2.836,835.720
408.7,49.71,9.6,0.0,47.2,4,404.165,2.847,833.689
418.7,49.49,9.6,0.0,45.9,4,406.300,2.858,831.615
418.7,49.35,9.6,0.0,44.9,4,407.689,2.864,830.209
418.7,49.13,9.8,0.0,45.8,4,409.722,2.873,828.064
418.7,48.99,10.0,0.0,46.2,4,411.042,2.880,826.612
428.4,48.78,9.7,0.0,47.3,4,412.970,2.891,824.401
428.4,48.64,9.5,0.0,48.2,4,414.222,2.897,822.908
428.4,48.41,9.5,0.0,46.8,4,416.044,2.907,820.637
428.4,48.26,9.6,0.0,44.5,4,417.221,2.917,819.103
437.7,48.06,10.8,0.0,40.0,4,418.929,2.933,816.771
437.7,47.94,12.4,0.0,37.2,4,420.031,2.944,815.199
437.7,47.78,17.2,0.0,32.5,4,421.630,2.959,812.814
437.7,47.71,32.9,0.0,29.8,4,422.659,2.968,811.205
446.8,47.69,38.2,0.0,24.9,4,424.149,2.982,808.763
446.8,47.71,59.1,0.0,22.2,4,425.108,2.991,807.114
446.8,47.90,85.2,0.0,16.4,4,426.495,3.006,804.605
456.1,48.15,89.7,0.0,11.4,4,427.825,3.024,802.050
456.1,48.34,89.7,0.0,8.1,4,428.683,3.037,800.322
456.1,48.51,89.7,0.0,5.3,4,429.519,3.053,798.575
456.1,48.80,89.7,0.0,1.5,4,430.735,3.080,795.921
465.7,48.99,44.2,0.0,-2.9,4,431.917,3.100,793.238
465.7,49.10,51.7,0.0,-4.5,4,432.688,3.107,791.433
465.7,49.33,89.3,0.0,-1.0,4,433.811,3.121,788.704
465.7,49.57,89.7,0.0,2.0,4,434.546,3.135,786.868
475.5,49.90,89.7,0.0,4.5,4,435.639,3.161,784.093
475.5,50.09,89.7,0.0,4.7,4,436.362,3.179,782.229
475.5,50.42,89.5,0.0,4.7,4,437.438,3.200,779.414
475.5,50.57,89.2,0.0,4.0,4,438.147,3.210,777.523
485.5,50.95,89.6,0.0,2.5,4,439.193,3.223,774.664
485.5,51.10,89.8,0.0,2.0,4,439.873,3.235,772.741
485.5,51.40,89.8,0.0,2.3,4,440.866,3.258,769.830
485.5,51.74,89.8,0.0,3.6,4,441.830,3.283,766.890
495.6,51.95,89.8,0.0,4.3,4,442.460,3.298,764.915
495.6,52.26,89.8,0.0,4.5,4,443.386,3.319,761.929
495.6,52.45,82.0,0.0,4.5,4,443.989,3.333,759.924
495.6,52.71,75.3,0.0,3.7,4,444.869,3.358,756.895
505.9,52.87,80.8,0.0,3.4,4,445.440,3.377,754.863
505.9,53.19,77.4,0.0,2.8,4,446.275,3.404,751.796
505.9,53.36,71.0,0.0,3.0,4,446.814,3.424,749.734
505.9,53.65,61.3,0.0,3.8,4,447.596,3.454,746.621
516.4,53.83,57.3,0.0,4.4,4,448.101,3.472,744.532
516.4,54.16,56.9,0.0,3.9,4,448.838,3.491,741.378
516.4,54.36,57.4,0.0,4.1,4,449.310,3.505,739.260
516.4,54.64,57.7,0.0,4.1,4,449.991,3.529,736.062
527.2,54.94,57.9,0.0,3.7,4,450.644,3.556,732.840
527.2,55.15,57.9,0.0,2.1,4,451.064,3.574,730.680
527.2,55.45,57.8,0.0,-0.3,4,451.675,3.598,727.420
527.2,55.63,58.0,0.0,-0.5,4,452.072,3.614,725.234
538.2,55.92,58.1,0.0,0.0,4,452.658,3.641,721.940
538.2,56.12,58.1,0.0,0.3,4,453.047,3.659,719.734
538.2,56.42,58.2,0.0,0.3,4,453.632,3.686,716.410
538.2,56.61,58.2,0.0,0.2,4,454.023,3.701,714.184
549.4,56.91,58.3,0.0,0.1,4,454.612,3.722,710.830
549.4,57.09,58.4,0.0,0.1,4,455.005,3.737,708.585
549.4,57.38,58.5,0.0,0.2,4,455.597,3.762,705.202
549.4,57.56,58.6,0.0,0.3,4,455.992,3.781,702.938
560.8,57.85,58.6,0.0,0.4,4,456.585,3.808,699.528
560.8,58.03,58.7,0.0,0.4,4,456.981,3.825,697.245
560.8,58.31,58.8,0.0,0.4,4,457.575,3.854,693.805
560.8,58.50,58.9,0.0,0.5,4,457.970,3.873,691.503
572.4,58.77,59.0,0.0,0.5,4,458.562,3.901,688.036
572.4,59.04,59.0,0.0,0.5,4,459.152,3.930,684.552
572.4,59.22,59.0,0.0,0.6,4,459.545,3.949,682.220
572.4,59.49,59.1,0.0,0.7,4,460.131,3.976,678.707
584.1,59.67,59.1,0.0,0.9,4,460.520,3.994,676.357
584.1,59.93,59.2,0.0,0.9,4,461.100,4.022,672.816
584.1,60.11,59.2,0.0,1.0,4,461.484,4.041,670.447
584.1,60.37,59.2,0.0,1.0,4,462.054,4.069,666.879
596.1,60.62,59.3,0.0,1.1,4,462.618,4.096,663.294
596.1,60.79,59.1,0.0,1.1,4,462.989,4.114,660.894
596.1,61.04,58.9,0.0,1.1,4,463.539,4.141,657.282
596.1,61.20,58.7,0.0,1.0,4,463.901,4.161,654.864
608.2,61.35,0.0,0.0,1.1,0,464.436,4.192,651.226
608.2,61.38,84.5,0.0,1.0,5,464.960,4.222,647.584
608.2,61.53,77.7,0.0,0.9,5,465.304,4.241,645.151
620.4,61.75,67.6,0.0,1.2,5,465.811,4.270,641.488
620.4,61.90,60.9,0.0,1.1,5,466.144,4.289,639.038
620.4,62.11,56.3,0.0,1.2,5,466.633,4.318,635.351
620.4,62.26,56.4,0.0,1.3,5,466.954,4.337,632.884
632.8,62.48,56.5,0.0,1.3,5,467.425,4.367,629.172
632.8,62.62,56.5,0.0,1.4,5,467.732,4.387,626.690
632.8,62.84,56.6,0.0,1.4,5,468.182,4.416,622.954
632.8,62.98,56.7,0.0,1.4,5,468.474,4.435,620.455
645.4,63.19,56.8,0.0,1.6,5,468.901,4.464,616.694
645.4,63.33,56.9,0.0,1.6,5,469.177,4.483,614.179
645.4,63.54,57.0,0.0,1.6,5,469.578,4.513,610.394
645.4,63.69,57.1,0.0,1.6,5,469.837,4.532,607.864
658.1,63.89,57.2,0.0,1.5,5,470.213,4.562,604.055
658.1,64.03,57.2,0.0,1.4,5,470.454,4.581,601.508
658.1,64.24,57.3,0.0,1.3,5,470.803,4.610,597.676
658.1,64.45,57.4,0.0,1.4,5,471.135,4.638,593.830
670.9,64.59,57.5,0.0,1.4,5,471.348,4.657,591.258
670.9,64.79,57.6,0.0,1.3,5,471.655,4.684,587.389
670.9,64.93,57.6,0.0,1.3,5,471.852,4.701,584.802
670.9,65.14,57.7,0.0,1.2,5,472.133,4.726,580.911
683.9,65.27,57.7,0.0,1.2,5,472.313,4.741,578.310
683.9,65.47,57.8,0.0,1.2,5,472.571,4.763,574.396
683.9,65.61,57.9,0.0,1.1,5,472.735,4.777,571.780
683.9,65.81,58.0,0.0,1.1,5,472.970,4.797,567.845
697.0,65.94,58.0,0.0,1.1,5,473.119,4.809,565.215
697.0,66.14,58.1,0.0,1.1,5,473.332,4.825,561.259
697.0,66.27,58.1,0.0,1.1,5,473.467,4.835,558.614
697.0,66.47,58.2,0.0,1.0,5,473.659,4.848,554.637
710.2,66.60,58.2,0.0,0.5,5,473.780,4.857,551.979
710.2,66.79,58.2,0.0,-0.7,5,473.953,4.867,547.982
710.2,66.99,58.3,0.0,-0.8,5,474.120,4.877,543.972
710.2,67.18,58.3,0.0,-0.3,5,474.288,4.884,539.951
723.6,67.31,58.3,0.0,0.0,5,474.403,4.888,537.264
723.6,67.50,58.4,0.0,0.2,5,474.579,4.891,533.224
723.6,67.69,58.4,0.0,-0.0,5,474.758,4.893,529.172
723.6,67.81,58.5,0.0,0.7,5,474.878,4.893,526.465
737.1,68.00,58.5,0.0,1.7,5,475.056,4.892,522.395
737.1,68.12,58.6,0.0,1.5,5,475.171,4.891,519.675
737.1,68.30,58.6,0.0,1.0,5,475.332,4.888,515.586
737.1,68.43,58.6,0.0,0.7,5,475.431,4.886,512.854
750.8,68.61,58.7,0.0,0.4,5,475.569,4.881,508.745
750.8,68.73,58.7,0.0,0.1,5,475.656,4.876,506.000
750.8,68.91,58.7,0.0,-0.3,5,475.779,4.863,501.874
750.8,69.02,58.8,0.0,-0.5,5,475.858,4.853,499.116
764.6,69.20,58.9,0.0,-0.6,5,475.977,4.837,494.972
764.6,69.32,58.9,0.0,-0.8,5,476.059,4.825,492.203
764.6,69.49,59.0,0.0,-0.9,5,476.187,4.804,488.041
764.6,69.61,58.9,0.0,-0.9,5,476.277,4.786,485.261
778.4,69.77,59.0,0.0,-0.8,5,476.423,4.761,481.083
778.4,69.93,59.1,0.0,-1.1,5,476.581,4.742,476.895
778.4,70.05,59.1,0.0,-1.6,5,476.694,4.729,474.098
792.4,70.21,59.1,0.0,-1.8,5,476.876,4.711,469.895
792.4,70.32,59.2,0.0,-1.7,5,477.007,4.699,467.087
792.4,70.49,59.2,0.0,-1.7,5,477.220,4.679,462.869
792.4,70.59,59.2,0.0,-1.8,5,477.374,4.665,460.052
806.5,70.75,59.2,0.0,-2.1,5,477.624,4.643,455.820
806.5,70.85,59.2,0.0,-2.5,5,477.804,4.629,452.994
806.5,71.01,59.3,0.0,-3.3,5,478.099,4.608,448.748
806.5,71.11,59.3,0.0,-3.5,5,478.314,4.593,445.914
820.7,71.25,59.3,0.0,-3.7,5,478.667,4.571,441.658
820.7,71.35,59.3,0.0,-3.9,5,478.926,4.557,438.818
820.7,71.49,59.3,0.0,-4.1,5,479.351,4.534,434.555
820.7,71.58,59.4,0.0,-4.6,5,479.663,4.519,431.710
834.9,71.72,59.4,0.0,-5.5,5,480.173,4.496,427.442
834.9,71.80,59.4,0.0,-5.9,5,480.546,4.483,424.596
834.9,71.93,59.4,0.0,-4.2,5,481.158,4.468,420.329
834.9,72.06,59.4,0.0,-2.9,5,481.830,4.453,416.062
849.3,72.15,59.4,0.0,-2.6,5,482.310,4.442,413.219
849.3,72.28,59.4,0.0,-3.6,5,483.073,4.425,408.954
849.3,72.37,59.3,0.0,-4.6,5,483.608,4.413,406.111
849.3,72.50,59.3,0.0,-4.9,5,484.451,4.392,401.848
863.6,72.58,59.2,0.0,-4.9,5,485.041,4.377,399.008
863.6,72.70,59.1,0.0,-4.8,5,485.971,4.351,394.750
863.6,72.78,59.0,0.0,-3.9,5,486.622,4.331,391.915
863.6,72.90,59.0,0.0,-4.0,5,487.646,4.295,387.666
878.1,72.98,58.9,0.0,-4.6,5,488.360,4.268,384.838
878.1,73.09,58.8,0.0,-5.2,5,489.480,4.227,380.602
878.1,73.17,58.8,0.0,-5.1,0,490.258,4.197,377.782
878.1,73.04,88.2,0.0,-6.9,6,491.471,4.150,373.567
892.8,73.15,78.6,0.0,-6.1,6,492.745,4.099,369.370
892.8,73.23,72.2,0.0,-6.0,6,493.632,4.063,366.581
892.8,73.33,62.7,0.0,-6.3,6,495.023,4.008,362.410
892.8,73.40,58.2,0.0,-5.6,6,495.990,3.972,359.640
908.1,73.50,58.3,0.0,-5.9,6,497.504,3.919,355.502
908.1,73.57,51.4,0.0,-6.5,6,498.552,3.884,352.754
908.1,73.53,26.7,40.4,-3.0,6,500.179,3.831,348.651
908.1,73.05,0.0,55.7,-1.4,6,501.296,3.800,345.938
923.2,72.06,0.0,96.0,1.8,6,502.993,3.755,341.925
923.2,71.28,0.0,96.9,5.7,6,504.128,3.721,339.291
923.2,69.75,0.0,93.9,6.5,6,505.809,3.657,335.403
923.2,68.78,0.0,91.5,5.6,6,506.911,3.618,332.859
937.8,67.43,0.0,91.4,2.0,6,508.530,3.571,329.104
937.8,66.53,0.0,90.7,0.0,6,509.580,3.542,326.637
937.8,65.29,0.0,50.1,0.4,6,511.108,3.502,322.990
937.8,64.74,0.0,47.0,1.8,6,512.094,3.479,320.583
951.1,63.78,0.0,54.4,4.9,6,513.529,3.446,317.000
951.1,63.05,0.0,24.4,5.4,6,514.905,3.417,313.454
951.1,62.72,0.0,24.6,3.9,6,515.791,3.398,311.099
951.1,62.10,26.5,38.6,1.5,0,517.071,3.372,307.578
963.6,61.69,0.0,29.2,1.7,5,517.893,3.357,305.242
963.6,61.11,0.0,35.2,4.8,5,519.080,3.340,301.753
963.6,60.66,0.0,45.0,4.6,5,519.842,3.331,299.438
963.6,59.92,0.0,33.1,4.5,5,520.940,3.318,295.990
975.5,59.53,0.0,23.0,2.6,5,521.641,3.309,293.706
975.5,59.06,0.0,30.9,4.0,5,522.651,3.296,290.294
975.5,58.68,0.0,33.9,7.9,5,523.296,3.286,288.028
975.5,58.07,0.0,33.7,10.4,5,524.213,3.269,284.646
987.1,57.66,0.0,32.5,11.2,5,524.788,3.257,282.403
987.1,57.06,0.0,32.0,10.1,5,525.586,3.239,279.054
987.1,56.66,0.0,33.6,8.9,5,526.073,3.228,276.832
987.1,56.03,0.0,33.3,7.0,5,526.733,3.214,273.515
998.9,55.62,0.0,43.0,6.8,5,527.126,3.206,271.316
998.9,54.93,0.0,44.3,6.6,5,527.650,3.193,268.040
998.9,54.35,0.0,87.6,7.8,5,527.956,3.184,265.873
998.9,53.28,46.8,18.1,7.8,0,528.356,3.172,262.669
1011.0,52.85,0.0,4.2,6.0,4,528.674,3.165,259.502
1011.0,52.68,12.2,0.0,5.0,4,528.837,3.163,257.398
1011.0,52.67,67.8,0.0,6.6,4,529.017,3.162,254.244
1011.0,52.83,88.5,0.0,7.5,4,529.097,3.160,252.136
1022.2,53.11,78.7,0.0,9.7,4,529.165,3.156,248.959
1022.2,53.19,34.8,0.0,10.4,4,529.177,3.153,246.833
1022.2,53.36,43.5,0.0,9.6,4,529.148,3.150,243.637
1022.2,53.42,28.5,4.2,9.0,4,529.098,3.149,241.502
1033.1,53.25,0.0,2.4,8.2,4,528.974,3.149,238.303
1033.1,53.18,23.5,0.0,8.6,4,528.858,3.151,236.177
1033.1,53.36,73.5,0.0,8.2,4,528.631,3.158,232.991
1033.1,53.55,67.0,0.0,8.4,4,528.444,3.165,230.862
1043.9,53.83,57.3,0.0,9.3,4,528.112,3.176,227.658
1043.9,54.11,57.5,0.0,9.6,4,527.720,3.185,224.444
1043.9,54.30,57.5,0.0,9.1,4,527.426,3.191,222.296
1054.5,54.59,57.7,0.0,8.7,4,526.935,3.200,219.067
1054.5,54.76,55.9,0.0,9.7,4,526.573,3.208,216.911
1054.5,54.96,32.8,1.8,8.2,4,525.978,3.225,213.673
1054.5,54.96,35.6,0.0,8.6,4,525.546,3.239,211.517
1065.2,55.20,57.9,0.0,9.4,4,524.849,3.263,208.288
1065.2,55.37,58.0,0.0,9.7,4,524.350,3.280,206.135
1065.2,55.64,57.9,0.0,9.5,4,523.547,3.308,202.903
1065.2,55.82,58.1,0.0,8.7,4,522.977,3.327,200.749
1076.3,56.09,58.2,0.0,5.4,4,522.071,3.356,197.517
1076.3,56.28,58.2,0.0,2.7,4,521.435,3.376,195.362
1076.3,56.56,58.3,0.0,-0.2,4,520.441,3.406,192.126
1076.3,56.76,58.3,0.0,-1.2,4,519.759,3.426,189.966
1087.8,57.05,58.4,0.0,-3.0,4,518.721,3.456,186.714
1087.8,57.23,58.5,0.0,-2.5,4,518.027,3.476,184.537
1087.8,57.51,58.6,0.0,-3.4,4,516.993,3.506,181.254
1087.8,57.80,58.6,0.0,-3.4,4,515.972,3.532,177.949
1099.5,57.99,58.7,0.0,-3.2,4,515.302,3.545,175.733
1099.5,58.22,45.8,0.0,-4.5,4,514.313,3.559,172.390
1099.5,58.24,18.3,23.1,-4.7,4,513.670,3.569,170.151
1099.5,57.65,0.0,62.6,-5.1,4,512.738,3.582,166.796
1111.2,57.01,0.0,64.2,-3.9,4,512.142,3.589,164.580
1111.2,56.03,0.0,66.1,-3.4,4,511.293,3.600,161.295
1111.2,55.36,0.0,64.9,-4.2,4,510.757,3.608,159.131
1111.2,54.30,0.0,69.8,-2.2,4,510.003,3.624,155.927
1122.4,53.64,0.0,70.2,-2.8,4,509.537,3.642,153.818
1122.4,52.54,0.0,62.8,-3.6,4,508.882,3.669,150.698
1122.4,51.94,0.0,56.1,-4.9,4,508.475,3.689,148.648
1122.4,51.27,0.0,45.2,-3.6,4,507.900,3.710,145.604
1133.2,50.75,0.0,27.4,-4.1,4,507.539,3.716,143.595
1133.2,50.15,0.0,12.0,-3.8,4,507.047,3.723,140.609
1133.2,49.77,0.0,12.6,-4.5,4,506.622,3.737,137.643
1133.2,49.54,0.0,14.4,-5.7,4,506.369,3.742,135.671
1143.8,49.18,0.0,23.4,-9.3,4,506.041,3.747,132.728
1143.8,48.97,0.0,23.4,-12.2,4,505.851,3.743,130.773
1143.8,48.51,0.0,54.5,-16.0,4,505.604,3.721,127.857
1143.8,47.82,0.0,58.3,-15.6,4,505.470,3.704,125.933
1154.4,47.16,35.1,62.2,-12.2,0,505.326,3.686,123.085
1154.4,46.48,0.0,53.5,-4.6,3,505.263,3.675,121.212
1154.4,45.73,0.0,22.0,5.6,3,505.225,3.663,118.446
1154.4,45.40,0.0,18.1,9.5,3,505.238,3.657,116.622
1163.9,44.92,0.0,13.1,12.4,3,505.315,3.654,113.915
1163.9,44.68,0.0,13.1,9.8,3,505.404,3.652,112.125
1163.9,44.31,0.0,8.6,5.6,3,505.594,3.649,109.461
1163.9,44.10,0.0,6.6,1.5,3,505.758,3.645,107.701
1173.4,43.83,0.0,3.7,-7.0,3,506.062,3.639,105.080
1173.4,43.66,0.0,3.5,-12.1,3,506.303,3.637,103.346
1173.4,43.48,0.0,0.3,-18.8,3,506.704,3.629,100.762
1173.4,43.32,10.5,0.0,-21.4,3,507.157,3.620,98.198
1182.7,43.22,3.3,5.0,-18.6,3,507.496,3.619,96.500
1182.7,43.02,0.0,7.0,-12.8,3,508.051,3.618,93.973
1182.7,42.88,0.0,6.2,-8.8,3,508.441,3.606,92.300
1182.7,42.64,0.0,0.9,-5.7,3,509.057,3.570,89.808
1191.9,42.48,13.8,0.0,-3.9,3,509.508,3.550,88.167
1191.9,42.41,13.1,0.0,-3.6,3,510.245,3.530,85.729
1191.9,42.33,2.2,0.3,-6.7,3,510.770,3.516,84.118
1191.9,42.18,0.1,1.0,-12.2,3,511.597,3.489,81.721
1200.9,42.08,0.0,0.2,-13.5,3,512.175,3.469,80.138
1200.9,41.95,4.2,0.0,-10.6,3,513.081,3.435,77.785
1200.9,41.87,3.1,0.0,-9.6,3,513.708,3.412,76.231
1200.9,41.81,21.5,0.0,-8.6,3,514.685,3.376,73.919
1209.6,41.84,33.8,0.0,-8.3,3,515.362,3.351,72.390
1209.6,42.02,66.0,0.0,-8.3,3,516.415,3.313,70.107
1209.6,42.23,80.0,0.0,-8.6,3,517.143,3.288,68.589
1209.6,42.56,67.5,0.0,-6.9,3,518.278,3.253,66.312
1218.0,42.83,66.9,0.0,-5.7,3,519.460,3.220,64.040
1218.0,42.99,50.0,0.0,-6.5,3,520.272,3.200,62.528
1218.0,43.19,39.1,5.7,-12.4,3,521.523,3.172,60.265
1218.0,43.09,2.3,24.4,-16.0,3,522.381,3.155,58.767
1226.6,42.58,0.0,41.6,-18.7,3,523.696,3.129,56.556
1226.6,42.13,0.0,43.8,-17.0,3,524.590,3.112,55.116
1226.6,41.68,47.5,0.0,-9.0,3,525.958,3.089,53.011
1226.6,41.81,72.0,0.0,-3.7,3,526.899,3.076,51.632
1235.0,41.51,14.2,87.7,6.8,3,528.351,3.054,49.587
1235.0,40.81,0.0,84.7,10.8,3,529.320,3.037,48.254
1235.0,39.73,0.0,45.2,12.7,3,530.747,3.011,46.303
1235.0,39.28,0.0,12.9,9.9,3,531.680,2.997,45.028
1243.1,39.43,88.6,0.0,5.0,3,533.068,2.977,43.123
1243.1,39.55,11.8,0.0,7.4,3,534.447,2.957,41.194
1243.1,39.52,16.2,0.0,10.4,3,535.352,2.941,39.898
1251.0,39.52,23.3,0.0,14.5,3,536.683,2.917,37.935
1251.0,39.51,18.8,13.2,15.6,3,537.548,2.900,36.613
1251.0,39.22,0.0,19.4,15.8,3,538.805,2.874,34.611
1251.0,38.97,0.0,19.4,15.4,3,539.610,2.856,33.269
1258.8,38.59,0.0,20.7,13.5,3,540.764,2.829,31.249
1258.8,38.34,0.0,17.8,12.7,3,541.498,2.810,29.896
1258.8,37.99,0.0,12.0,12.1,3,542.544,2.782,27.859
1258.8,37.80,0.0,8.7,12.0,3,543.205,2.763,26.495
1266.6,37.55,0.0,8.7,12.7,3,544.143,2.733,24.438
1266.6,37.38,0.0,9.5,13.3,3,544.734,2.712,23.061
1266.6,37.13,0.0,6.2,13.6,3,545.567,2.682,20.986
1266.6,37.00,0.0,4.7,13.7,3,546.087,2.662,19.598
1274.4,36.81,0.0,3.7,13.8,3,546.818,2.633,17.508
1274.4,36.69,0.0,2.2,13.8,3,547.273,2.613,16.110
1274.4,36.54,0.0,2.7,13.7,3,547.908,2.583,14.007
1274.4,36.38,0.0,0.5,13.4,3,548.486,2.551,11.897
1281.9,36.30,1.7,0.0,13.3,3,548.839,2.530,10.487
1281.9,36.19,1.0,0.0,13.3,3,549.323,2.497,8.367
1281.9,36.11,3.5,0.0,13.3,3,549.614,2.475,6.951
1281.9,36.01,1.5,0.3,13.5,3,550.004,2.442,4.822
1289.6,35.92,0.1,0.5,13.8,3,550.233,2.419,3.402
1289.6,35.81,2.9,0.0,14.4,3,550.531,2.386,1.271
1289.6,35.74,2.2,0.0,14.9,3,550.699,2.363,-0.150
1289.6,35.63,3.1,0.0,15.6,3,550.904,2.329,-2.281
1296.9,35.56,6.1,0.0,15.9,3,551.010,2.305,-3.701
1296.9,35.47,4.5,0.0,16.4,3,551.121,2.269,-5.829
1296.9,35.41,9.9,0.0,16.7,3,551.162,2.245,-7.246
1296.9,35.36,15.2,0.0,17.2,3,551.174,2.208,-9.368
1304.5,35.46,69.4,0.0,18.2,3,551.148,2.183,-10.783
1304.5,35.78,80.9,0.0,20.0,3,551.062,2.147,-12.918
1304.5,36.00,81.4,0.0,21.4,3,550.972,2.122,-14.350
1304.5,36.33,86.3,0.0,23.5,3,550.786,2.085,-16.510
1312.0,36.68,88.2,0.0,23.7,3,550.537,2.048,-18.685
1312.0,36.92,89.1,0.0,23.6,3,550.334,2.024,-20.143
1312.0,37.16,89.5,0.0,23.4,3,550.102,1.999,-21.605
1312.0,37.52,89.6,0.0,23.5,3,549.696,1.963,-23.808
1319.9,37.87,86.6,0.0,23.3,3,549.223,1.927,-26.018
1319.9,38.06,68.4,0.0,23.0,3,548.867,1.904,-27.494
1319.9,38.23,54.5,0.0,23.3,3,548.273,1.870,-29.704
1319.9,38.35,66.4,0.0,24.0,3,547.837,1.847,-31.172
1327.8,38.63,78.6,0.0,24.7,3,547.123,1.815,-33.367
1327.8,38.82,76.2,0.0,24.8,3,546.608,1.794,-34.827
1327.8,39.10,74.8,0.0,25.9,3,545.780,1.762,-37.012
1327.8,39.29,78.3,0.0,26.2,3,545.190,1.741,-38.464
1336.1,39.56,73.9,0.0,25.1,3,544.250,1.711,-40.634
1336.1,39.76,84.2,0.0,23.0,3,543.588,1.691,-42.075
1336.1,40.11,89.6,0.0,17.1,3,542.538,1.661,-44.227
1336.1,40.49,89.6,0.0,10.0,3,541.421,1.632,-46.371
1344.4,40.76,89.6,0.0,6.3,3,540.639,1.614,-47.795
1344.4,41.16,89.6,0.0,3.5,3,539.412,1.587,-49.923
1344.4,41.43,89.6,0.0,3.2,3,538.560,1.570,-51.337
1344.4,41.86,89.6,0.0,4.7,3,537.233,1.545,-53.453
1352.7,42.13,89.6,0.0,6.5,3,536.318,1.529,-54.861
1352.7,42.54,89.6,0.0,8.5,3,534.904,1.504,-56.971
1352.7,42.82,89.6,0.0,9.0,3,533.935,1.488,-58.375
1352.7,43.22,89.7,0.0,9.3,3,532.439,1.464,-60.478
1361.3,43.49,89.7,0.0,9.7,3,531.413,1.448,-61.876
1361.3,43.89,89.7,0.0,10.7,3,529.832,1.422,-63.966
1361.3,44.15,89.7,0.0,11.8,3,528.748,1.404,-65.352
1361.3,44.53,89.7,0.0,11.9,3,527.075,1.375,-67.419
1369.9,44.78,89.7,0.0,12.7,3,525.927,1.355,-68.787
1369.9,45.15,89.7,0.0,12.1,3,524.157,1.323,-70.822
1369.9,45.40,89.7,0.0,12.1,3,522.943,1.300,-72.165
1369.9,45.76,89.7,0.0,12.0,3,521.072,1.265,-74.158
1378.8,46.01,89.8,0.0,11.8,3,519.790,1.241,-75.471
1378.8,46.37,89.8,0.0,12.2,3,517.816,1.206,-77.415
1378.8,46.73,89.8,0.0,13.4,3,515.783,1.169,-79.329
1378.8,46.97,89.8,0.0,13.9,3,514.396,1.143,-80.587
1387.9,47.31,89.8,0.0,13.1,3,512.265,1.105,-82.445
1387.9,47.54,89.8,0.0,11.1,3,510.811,1.080,-83.664
1387.9,47.91,89.8,0.0,7.6,3,508.584,1.046,-85.462
1387.9,48.15,89.8,0.0,6.1,3,507.068,1.024,-86.641
1397.2,48.52,89.9,0.0,5.1,3,504.754,0.991,-88.387
1397.2,48.76,89.9,0.0,3.3,3,503.186,0.965,-89.538
1397.2,49.15,89.9,0.0,1.0,3,500.799,0.923,-91.248
1397.2,49.40,89.9,0.0,0.6,3,499.186,0.893,-92.379
1406.8,49.79,89.9,0.0,1.0,3,496.738,0.848,-94.069
1406.8,50.03,89.9,0.0,1.9,3,495.089,0.818,-95.193
1406.8,50.40,89.9,0.0,2.6,3,492.592,0.774,-96.878
1406.8,50.65,89.9,0.0,2.6,3,490.912,0.746,-98.000
1416.8,51.02,90.0,0.0,1.8,3,488.369,0.706,-99.681
1416.8,51.37,90.0,0.0,0.8,3,485.797,0.669,-101.359
1416.8,51.61,90.1,0.0,0.3,3,484.068,0.646,-102.477
1427.1,51.95,90.0,0.0,-0.3,0,481.454,0.612,-104.156
1427.1,51.94,0.0,0.0,-0.4,0,479.703,0.590,-105.275
1427.1,52.18,89.8,0.0,-1.0,4,477.073,0.556,-106.955
1427.1,52.39,89.8,0.0,-1.7,4,475.311,0.534,-108.080
1437.6,52.71,89.8,0.0,-2.9,4,472.657,0.504,-109.782
1437.6,52.94,85.8,0.0,-2.9,4,470.883,0.484,-110.928
1437.6,53.26,76.1,0.0,-2.5,4,468.216,0.456,-112.669
1437.6,53.47,69.8,0.0,-3.0,4,466.436,0.439,-113.845
1448.5,53.78,60.1,0.0,-3.5,4,463.765,0.417,-115.636
1448.5,54.00,57.4,0.0,-4.5,4,461.983,0.401,-116.848
1448.5,54.26,57.6,0.0,-6.1,4,459.313,0.382,-118.697
1448.5,54.46,57.7,0.0,-6.8,4,457.536,0.363,-119.948
1459.9,54.60,40.1,0.0,-7.8,4,454.880,0.329,-121.857
1459.9,54.67,37.2,0.0,-8.4,4,453.121,0.306,-123.154
1459.9,54.80,19.1,0.0,-9.2,4,450.504,0.274,-125.138
1459.9,54.91,55.6,0.0,-9.2,4,447.922,0.252,-127.176
1471.3,55.08,58.0,0.0,-9.2,4,446.216,0.241,-128.564
1471.3,55.38,58.0,0.0,-9.6,4,443.676,0.223,-130.692
1471.3,55.58,58.0,0.0,-10.5,4,441.996,0.211,-132.141
1471.3,55.86,58.1,0.0,-9.8,4,439.499,0.194,-134.364
1482.7,56.04,58.1,0.0,-8.7,4,437.853,0.187,-135.879
1482.7,56.31,58.2,0.0,-7.9,4,435.409,0.179,-138.199
1482.7,56.49,58.3,0.0,-7.4,4,433.797,0.175,-139.777
1482.7,56.78,58.3,0.0,-7.5,4,431.402,0.168,-142.187
1494.5,56.96,58.4,0.0,-7.4,4,429.821,0.163,-143.822
1494.5,57.23,58.5,0.0,-6.7,4,427.474,0.155,-146.317
1494.5,57.51,58.6,0.0,-5.5,4,425.155,0.149,-148.861
1494.5,57.70,58.6,0.0,-4.7,4,423.626,0.145,-150.583
1506.1,57.97,58.7,0.0,-4.1,4,421.353,0.144,-153.205
1506.1,58.16,58.8,0.0,-4.2,4,419.851,0.146,-154.976
1506.1,58.43,58.9,0.0,-4.7,4,417.616,0.151,-157.666
1506.1,58.62,58.9,0.0,-4.8,4,416.136,0.153,-159.479
1517.8,58.89,59.0,0.0,-5.0,4,413.932,0.151,-162.229
1517.8,59.08,59.0,0.0,-5.1,4,412.473,0.148,-164.084
1517.8,59.34,59.1,0.0,-5.2,4,410.305,0.142,-166.897
1517.8,59.51,59.1,0.0,-5.5,4,408.872,0.135,-168.793
1529.5,59.78,59.1,0.0,-6.5,4,406.744,0.121,-171.670
1529.5,59.95,59.2,0.0,-6.2,4,405.342,0.112,-173.610
1529.5,60.20,59.2,0.0,-4.7,4,403.265,0.097,-176.556
1529.5,60.46,59.2,0.0,-4.6,4,401.216,0.078,-179.539
1541.4,60.63,59.3,0.0,-4.2,4,399.867,0.064,-181.550
1541.4,60.88,59.0,0.0,-3.8,4,397.867,0.042,-184.597
1541.4,61.05,58.9,0.0,-3.5,4,396.548,0.028,-186.648
1541.4,61.29,58.7,0.0,-3.0,4,394.590,0.007,-189.752
1553.6,61.45,58.5,0.0,-2.8,0,393.297,-0.006,-191.838
1553.6,61.40,87.8,0.0,-2.0,5,391.379,-0.023,-194.985
1553.6,61.56,81.1,0.0,-1.5,5,390.114,-0.032,-197.094
1553.6,61.79,71.0,0.0,-1.3,5,388.229,-0.044,-200.277
1565.9,61.94,64.3,0.0,-1.4,5,386.979,-0.051,-202.413
1565.9,62.17,56.3,0.0,-1.6,5,385.113,-0.058,-205.634
1565.9,62.32,56.4,0.0,-1.5,5,383.873,-0.062,-207.793
1565.9,62.56,56.4,0.0,-1.2,5,382.019,-0.067,-211.048
1578.3,62.71,56.5,0.0,-0.8,5,380.786,-0.070,-213.229
1578.3,62.93,56.7,0.0,-0.9,5,378.941,-0.074,-216.515
1578.3,63.08,56.7,0.0,-1.1,5,377.713,-0.077,-218.715
1578.3,63.31,56.8,0.0,-1.2,5,375.873,-0.081,-222.030
1590.9,63.53,57.0,0.0,-1.0,5,374.035,-0.082,-225.362
1590.9,63.68,57.0,0.0,-0.9,5,372.813,-0.082,-227.592
1590.9,63.90,57.2,0.0,-0.9,5,370.981,-0.083,-230.952
1590.9,64.05,57.2,0.0,-0.9,5,369.762,-0.085,-233.202
1603.6,64.27,57.3,0.0,-0.8,5,367.935,-0.089,-236.589
1603.6,64.42,57.4,0.0,-0.9,5,366.718,-0.094,-238.857
1603.6,64.64,57.5,0.0,-0.9,5,364.895,-0.103,-242.272
1603.6,64.78,57.6,0.0,-0.9,5,363.682,-0.110,-244.558
1616.5,65.00,57.7,0.0,-0.9,5,361.864,-0.122,-248.000
1616.5,65.14,57.7,0.0,-0.9,5,360.654,-0.131,-250.305
1616.5,65.36,57.8,0.0,-0.9,5,358.842,-0.146,-253.775
1616.5,65.50,57.9,0.0,-0.9,5,357.637,-0.156,-256.098
1629.5,65.71,58.0,0.0,-0.9,5,355.833,-0.170,-259.596
1629.5,65.86,58.0,0.0,-0.9,5,354.633,-0.181,-261.938
1629.5,66.07,58.1,0.0,-0.9,5,352.837,-0.196,-265.464
1629.5,66.21,58.1,0.0,-0.8,5,351.641,-0.207,-267.824
1642.7,66.42,58.1,0.0,-0.6,5,349.851,-0.223,-271.377
1642.7,66.63,58.2,0.0,-0.5,5,348.065,-0.239,-274.946
1642.7,66.77,58.2,0.0,-0.4,5,346.875,-0.249,-277.333
1656.0,66.97,58.3,0.0,-0.3,5,345.092,-0.266,-280.927
1656.0,67.11,58.3,0.0,-0.3,5,343.904,-0.278,-283.331
1656.0,67.32,58.3,0.0,-0.2,5,342.121,-0.297,-286.948
1656.0,67.45,58.4,0.0,-0.2,5,340.932,-0.311,-289.366
1669.5,67.65,58.4,0.0,-0.1,5,339.147,-0.333,-293.004
1669.5,67.78,58.4,0.0,-0.1,5,337.956,-0.348,-295.437
1669.5,67.98,58.5,0.0,-0.0,5,336.167,-0.370,-299.095
1669.5,68.12,58.5,0.0,-0.0,5,334.972,-0.389,-301.540
1683.1,68.31,58.6,0.0,0.0,5,333.176,-0.416,-305.217
1683.1,68.43,58.7,0.0,0.0,5,331.976,-0.429,-307.675
1683.1,68.63,58.7,0.0,-0.0,5,330.173,-0.448,-311.370
1683.1,68.76,58.7,0.0,-0.1,5,328.968,-0.464,-313.839
1696.8,68.95,58.8,0.0,-0.1,5,327.157,-0.490,-317.552
1696.8,69.14,58.8,0.0,-0.1,5,325.340,-0.515,-321.275
1696.8,69.27,58.9,0.0,-0.0,5,324.127,-0.531,-323.762
1696.8,69.46,58.9,0.0,-0.0,5,322.303,-0.553,-327.503
1710.6,69.58,59.0,0.0,-0.0,5,321.085,-0.569,-330.002
1710.6,69.77,59.0,0.0,-0.1,5,319.254,-0.593,-333.760
1710.6,69.89,59.0,0.0,-0.1,5,318.032,-0.609,-336.271
1710.6,70.07,59.1,0.0,-0.0,5,316.194,-0.633,-340.046
1724.6,70.19,59.1,0.0,-0.0,5,314.967,-0.649,-342.568
1724.6,70.38,59.2,0.0,-0.1,5,313.123,-0.674,-346.360
1724.6,70.50,59.2,0.0,-0.1,5,311.891,-0.690,-348.894
1724.6,70.68,59.2,0.0,-0.1,5,310.041,-0.714,-352.703
1738.7,70.79,59.2,0.0,-0.1,5,308.806,-0.731,-355.248
1738.7,70.97,59.2,0.0,-0.1,5,306.949,-0.757,-359.074
1738.7,71.09,59.3,0.0,-0.1,5,305.710,-0.775,-361.630
1738.7,71.26,59.3,0.0,-0.1,5,303.849,-0.804,-365.473
1752.9,71.38,59.3,0.0,-0.1,5,302.606,-0.824,-368.041
1752.9,71.55,59.3,0.0,-0.1,5,300.738,-0.855,-371.900
1752.9,71.72,59.4,0.0,-0.1,5,298.868,-0.886,-375.770
1752.9,71.83,59.4,0.0,-0.1,5,297.619,-0.907,-378.355
1767.2,72.00,59.4,0.0,-0.1,5,295.743,-0.941,-382.240
1767.2,72.11,59.4,0.0,-0.1,5,294.491,-0.963,-384.836
1767.2,72.28,59.4,0.0,-0.2,5,292.610,-0.996,-388.737
1767.2,72.39,59.4,0.0,-0.1,5,291.353,-1.017,-391.343
1781.7,72.55,59.3,0.0,0.0,5,289.466,-1.049,-395.260
1781.7,72.66,59.2,0.0,0.1,5,288.206,-1.071,-397.876
1781.7,72.81,59.1,0.0,0.1,5,286.313,-1.105,-401.808
1781.7,72.92,59.0,0.0,0.1,5,285.049,-1.129,-404.434
1796.2,73.07,58.9,0.0,0.1,5,283.148,-1.162,-408.379
1796.2,73.17,58.8,0.0,0.1,5,281.879,-1.181,-411.014
1796.2,73.14,0.0,0.0,0.1,0,279.971,-1.207,-414.969
1796.2,73.18,85.0,0.0,0.1,6,278.700,-1.226,-417.604
1810.8,73.33,75.4,0.0,0.1,6,276.789,-1.254,-421.561
1810.8,73.48,65.9,0.0,0.2,6,274.873,-1.282,-425.526
1810.8,73.58,59.5,0.0,0.2,6,273.592,-1.302,-428.173
1810.8,73.73,58.3,0.0,0.2,6,271.665,-1.331,-432.150
1825.5,73.83,58.3,0.0,0.2,6,270.377,-1.352,-434.805
1825.5,73.97,58.3,0.0,0.2,6,268.441,-1.382,-438.793
1825.5,74.07,58.3,0.0,0.2,6,267.146,-1.402,-441.456
1825.5,74.22,58.4,0.0,0.3,6,265.197,-1.431,-445.455
1840.3,74.31,58.4,0.0,0.3,6,263.894,-1.450,-448.124
1840.3,74.46,58.4,0.0,0.3,6,261.934,-1.478,-452.133
1840.3,74.55,58.4,0.0,0.3,6,260.622,-1.496,-454.808
1840.3,74.69,58.5,0.0,0.3,6,258.648,-1.522,-458.827
1855.3,74.78,58.5,0.0,0.4,6,257.328,-1.539,-461.508
1855.3,74.92,58.5,0.0,0.4,6,255.341,-1.565,-465.536
1855.3,75.02,58.5,0.0,0.4,6,254.012,-1.584,-468.224
1855.3,75.15,58.6,0.0,0.3,6,252.011,-1.610,-472.259
1870.2,75.25,58.6,0.0,0.3,6,250.672,-1.628,-474.953
1870.2,75.38,58.6,0.0,0.3,6,248.657,-1.655,-478.997
1870.2,75.47,58.6,0.0,0.3,6,247.308,-1.672,-481.695
1870.2,75.61,58.6,0.0,0.2,6,245.279,-1.696,-485.748
1885.3,75.74,58.7,0.0,0.2,6,243.241,-1.720,-489.805
1885.3,75.83,58.7,0.0,0.2,6,241.878,-1.736,-492.512
1885.3,75.96,58.7,0.0,0.2,6,239.828,-1.758,-496.577
1885.3,76.05,58.7,0.0,0.2,6,238.457,-1.773,-499.291
1900.5,76.18,58.8,0.0,0.2,6,236.394,-1.796,-503.365
1900.5,76.27,58.8,0.0,0.3,6,235.015,-1.812,-506.084
1900.5,76.39,58.8,0.0,0.3,6,232.942,-1.835,-510.167
1900.5,76.48,58.9,0.0,0.3,6,231.556,-1.851,-512.892
1915.8,76.61,58.9,0.0,0.2,6,229.472,-1.874,-516.984
1915.8,76.69,58.9,0.0,0.2,6,228.079,-1.890,-519.715
1915.8,76.82,59.0,0.0,0.1,6,225.983,-1.916,-523.816
1915.8,76.90,59.0,0.0,0.1,6,224.583,-1.933,-526.552
1931.1,77.02,59.0,0.0,0.0,6,222.477,-1.956,-530.662
1931.1,77.15,59.0,0.0,-0.1,6,220.366,-1.976,-534.777
1931.1,77.24,59.1,0.0,-0.1,6,218.957,-1.992,-537.524
1946.5,77.36,59.1,0.0,-0.2,6,216.839,-2.017,-541.650
1946.5,77.45,59.1,0.0,-0.3,6,215.426,-2.038,-544.404
1946.5,77.57,59.1,0.0,-0.3,6,213.305,-2.075,-548.543
1946.5,77.65,59.2,0.0,-0.3,6,211.891,-2.102,-551.306
1962.1,77.77,59.2,0.0,-0.4,6,209.771,-2.145,-555.458
1962.1,77.85,59.2,0.0,-0.4,6,208.358,-2.176,-558.231
1962.1,77.97,59.3,0.0,-0.4,6,206.240,-2.222,-562.398
1962.1,78.05,59.2,0.0,-0.4,6,204.830,-2.256,-565.181
1977.6,78.17,59.3,0.0,-0.4,6,202.716,-2.307,-569.364
1977.6,78.25,59.3,0.0,-0.4,6,201.309,-2.341,-572.157
1977.6,78.37,59.3,0.0,-0.5,6,199.201,-2.393,-576.356
1977.6,78.45,59.3,0.0,-0.4,6,197.797,-2.428,-579.160
1993.3,78.56,59.4,0.0,-0.3,6,195.695,-2.483,-583.375
1993.3,78.64,59.4,0.0,-0.2,6,194.295,-2.519,-586.190
1993.3,78.75,59.4,0.0,-0.2,6,192.198,-2.572,-590.420
1993.3,78.87,59.4,0.0,-0.0,6,190.103,-2.625,-594.658
2009.1,78.96,59.4,0.0,0.1,6,188.706,-2.663,-597.489
2009.1,79.06,59.4,0.0,0.2,6,186.611,-2.721,-601.740
2009.1,79.14,59.4,0.0,0.3,6,185.212,-2.758,-604.578
2009.1,79.26,59.4,0.0,0.5,6,183.109,-2.816,-608.839
2024.9,79.32,59.5,0.0,0.6,6,181.704,-2.852,-611.682
2024.9,79.44,59.5,0.0,0.7,6,179.589,-2.903,-615.949
2024.9,79.51,59.5,0.0,0.8,6,178.173,-2.938,-618.794
2024.9,79.62,59.5,0.0,0.9,6,176.039,-2.990,-623.064
2040.8,79.69,59.5,0.0,0.8,6,174.608,-3.021,-625.911
2040.8,79.80,59.5,0.0,0.8,6,172.448,-3.062,-630.180
2040.8,79.87,59.5,0.0,0.9,6,171.000,-3.089,-633.026
2040.8,79.98,59.6,0.0,1.0,6,168.815,-3.126,-637.294
2056.7,80.04,59.6,0.0,1.0,6,167.349,-3.149,-640.139
2056.7,80.15,59.6,0.0,0.9,6,165.139,-3.181,-644.406
2056.7,80.25,59.6,0.0,0.8,6,162.913,-3.208,-648.672
2056.7,80.31,59.6,0.0,0.8,6,161.422,-3.224,-651.515
2072.8,80.41,59.6,0.0,0.7,6,159.173,-3.243,-655.781
2072.8,80.48,59.5,0.0,0.7,6,157.667,-3.252,-658.624
2072.8,80.58,59.4,0.0,0.6,6,155.398,-3.262,-662.890
2072.8,80.64,59.4,0.0,0.5,6,153.878,-3.266,-665.733
2088.8,80.73,59.3,0.0,0.4,6,151.589,-3.268,-669.999
2088.8,80.79,59.3,0.0,0.4,6,150.057,-3.267,-672.842
2088.8,80.88,59.2,0.0,0.4,6,147.750,-3.262,-677.109
2088.8,80.94,59.2,0.0,0.4,6,146.206,-3.256,-679.953
2105.0,81.03,59.2,0.0,0.5,6,143.881,-3.245,-684.220
2105.0,81.08,59.1,0.0,1.2,6,142.325,-3.235,-687.064
2105.0,81.17,59.0,0.0,1.5,6,139.981,-3.216,-691.330
2105.0,81.22,59.0,0.0,1.2,6,138.410,-3.200,-694.172
2121.1,81.30,58.9,0.0,0.8,0,136.038,-3.171,-698.431
2121.1,81.20,0.0,0.0,0.8,0,134.446,-3.150,-701.265
2121.1,81.21,81.4,0.0,0.7,7,132.047,-3.113,-705.504
2121.1,80.92,2.0,51.1,0.9,7,129.633,-3.072,-709.731
2137.3,80.31,0.0,76.5,1.0,7,128.025,-3.043,-712.529
2137.3,79.09,0.0,83.0,1.1,7,125.628,-2.992,-716.669
2137.3,78.25,0.0,80.5,1.1,7,124.042,-2.955,-719.389
2137.3,76.98,0.0,79.9,1.1,7,121.681,-2.894,-723.406
2153.0,76.17,0.0,76.6,1.6,7,120.118,-2.852,-726.042
2153.0,74.99,0.0,74.1,0.9,7,117.788,-2.785,-729.934
2153.0,74.22,0.0,68.8,0.7,7,116.242,-2.736,-732.488
2153.0,73.13,0.0,69.3,1.0,7,113.937,-2.658,-736.261
2167.9,72.41,0.0,64.7,1.1,7,112.408,-2.605,-738.739
2167.9,71.38,0.0,70.3,1.0,7,110.128,-2.521,-742.402
2167.9,70.66,0.0,69.2,0.8,0,108.616,-2.465,-744.809
2167.9,69.58,0.0,74.9,0.8,6,106.362,-2.379,-748.363
2182.1,68.82,0.0,70.6,0.8,6,104.869,-2.321,-750.696
2182.1,67.72,0.0,75.4,1.5,6,102.647,-2.236,-754.138
2182.1,66.95,0.0,79.6,1.7,6,101.176,-2.180,-756.396
2182.1,65.78,0.0,80.8,2.0,6,98.986,-2.100,-759.722
2195.5,64.60,33.0,75.5,1.0,0,96.816,-2.030,-762.979
2195.5,63.83,0.0,73.4,0.6,5,95.377,-1.983,-765.108
2195.5,62.73,0.0,72.3,1.1,5,93.225,-1.909,-768.237
2195.5,62.00,0.0,88.3,1.7,5,91.797,-1.861,-770.285
2208.2,60.74,0.0,84.4,1.1,5,89.671,-1.792,-773.294
2208.2,59.90,0.0,82.5,0.8,5,88.265,-1.745,-775.256
2208.2,58.70,0.0,81.0,1.9,5,86.174,-1.674,-778.136
2208.2,57.90,0.0,80.2,2.2,5,84.791,-1.628,-780.015
2220.1,56.72,0.0,79.3,1.9,5,82.731,-1.562,-782.771
2220.1,55.94,0.0,78.3,1.9,5,81.368,-1.520,-784.566
2220.1,54.83,0.0,74.6,2.0,5,79.337,-1.460,-787.198
2220.1,54.11,0.0,68.6,2.2,5,77.990,-1.422,-788.912
2231.1,53.10,0.0,59.8,2.9,5,75.977,-1.366,-791.422
2231.1,52.52,38.0,48.8,3.5,0,74.639,-1.331,-793.058
2231.1,51.77,0.0,58.1,4.3,4,72.630,-1.280,-795.458
2241.5,50.88,0.0,58.8,5.0,4,70.619,-1.231,-797.792
2241.5,50.29,0.0,57.4,5.2,4,69.279,-1.198,-799.310
2241.5,49.44,0.0,42.3,5.3,4,67.269,-1.150,-801.527
2241.5,48.99,0.0,28.6,5.2,4,65.927,-1.119,-802.968
2251.3,48.51,0.0,18.1,5.5,4,63.900,-1.071,-805.076
2251.3,48.25,0.0,14.1,6.4,4,62.537,-1.039,-806.449
2251.3,47.92,0.0,11.3,7.9,4,60.472,-0.991,-808.464
2251.3,47.72,0.0,9.4,8.7,4,59.081,-0.959,-809.778
2260.8,47.45,0.0,8.9,9.3,4,56.974,-0.910,-811.705
2260.8,47.27,0.0,7.7,9.8,4,55.556,-0.877,-812.960
2260.8,47.02,0.0,7.3,10.3,4,53.406,-0.828,-814.799
2260.8,46.85,0.0,6.1,10.8,4,51.960,-0.796,-815.996
2270.1,46.61,0.0,4.8,11.3,4,49.767,-0.750,-817.743
2270.1,46.46,0.0,2.7,11.3,4,48.290,-0.719,-818.876
2270.1,46.26,0.0,1.2,11.8,4,46.050,-0.672,-820.524
2270.1,46.14,0.0,0.6,12.2,4,44.541,-0.641,-821.591
2279.5,45.96,0.9,0.0,13.1,4,42.253,-0.595,-823.140
2279.5,45.80,4.5,0.0,13.5,4,39.937,-0.550,-824.628
2279.5,45.70,8.6,0.0,13.8,4,38.377,-0.519,-825.584
2279.5,45.57,8.5,0.0,14.4,4,36.013,-0.473,-826.966
2288.7,45.48,10.1,0.0,14.8,4,34.422,-0.442,-827.851
2288.7,45.36,9.5,0.0,15.3,4,32.014,-0.395,-829.126
2288.7,45.27,10.0,0.0,15.6,4,30.394,-0.364,-829.939
2288.7,45.14,8.2,0.0,15.8,4,27.945,-0.318,-831.105
2298.2,45.05,11.4,0.0,15.8,4,26.300,-0.288,-831.844
2298.2,44.92,8.0,0.0,13.3,4,23.814,-0.241,-832.895
2298.2,44.85,17.9,0.0,13.2,4,22.146,-0.209,-833.558
2298.2,44.77,13.4,0.0,14.2,4,19.627,-0.161,-834.497
2307.7,44.68,6.6,0.0,15.5,4,17.938,-0.129,-835.087
2307.7,44.55,9.2,0.0,16.1,4,15.394,-0.084,-835.919
2307.7,44.46,8.0,0.0,16.7,4,13.691,-0.055,-836.438
2307.7,44.33,11.8,0.0,14.8,4,11.127,-0.011,-837.158
2317.1,44.20,7.2,0.0,14.3,4,8.551,0.035,-837.807
2317.1,44.11,7.4,0.0,14.3,4,6.830,0.066,-838.201
2317.1,43.96,3.5,0.0,14.7,4,4.243,0.114,-838.734
2317.1,43.85,3.7,0.0,14.9,4,2.515,0.145,-839.051
2326.4,43.69,2.0,0.0,14.9,4,-0.077,0.190,-839.470
2326.4,43.58,2.3,0.2,15.0,4,-1.806,0.219,-839.712
2326.4,43.44,36.9,0.0,16.0,0,-4.398,0.262,-840.016
2326.4,43.33,0.8,0.1,15.4,3,-6.126,0.290,-840.181
2335.6,43.14,0.5,0.0,13.3,3,-8.713,0.330,-840.371
2335.6,43.02,0.7,0.2,12.8,3,-10.434,0.356,-840.460
2335.6,42.88,18.3,0.0,13.2,3,-13.009,0.393,-840.538
2335.6,42.91,51.1,0.0,13.3,3,-14.724,0.417,-840.553
2344.9,43.12,62.5,0.0,13.6,3,-17.304,0.452,-840.525
2344.9,43.10,10.4,26.1,14.0,3,-19.029,0.473,-840.473
2344.9,42.61,0.0,28.6,15.6,3,-21.599,0.502,-840.346
2344.9,42.27,0.0,5.5,15.9,3,-23.292,0.519,-840.230
2353.7,42.17,48.9,0.0,15.3,3,-25.813,0.544,-840.005
2353.7,42.44,88.1,0.0,15.4,3,-28.333,0.565,-839.717
2353.7,42.67,89.7,0.0,15.7,3,-30.019,0.578,-839.490
2353.7,43.04,89.7,0.0,16.1,3,-32.560,0.594,-839.097
2362.9,43.28,89.7,0.0,15.9,3,-34.260,0.604,-838.798
2362.9,43.64,89.7,0.0,16.7,3,-36.816,0.620,-838.291
2362.9,43.87,89.7,0.0,16.5,3,-38.525,0.630,-837.913
2362.9,44.22,89.7,0.0,17.1,3,-41.092,0.647,-837.288
2372.2,44.45,89.7,0.0,17.1,3,-42.805,0.657,-836.833
2372.2,44.81,89.7,0.0,17.1,3,-45.377,0.671,-836.091
2372.2,45.04,89.7,0.0,17.5,3,-47.093,0.679,-835.559
2372.2,45.37,89.7,0.0,18.0,3,-49.667,0.689,-834.703
2381.7,45.60,89.7,0.0,17.8,3,-51.380,0.695,-834.093
2381.7,45.94,89.8,0.0,17.9,3,-53.947,0.705,-833.117
2381.7,46.16,89.8,0.0,18.1,3,-55.654,0.711,-832.427
2381.7,46.49,89.8,0.0,18.6,3,-58.208,0.718,-831.333
2391.4,46.83,89.8,0.0,19.4,3,-60.754,0.722,-830.170
2391.4,47.04,89.8,0.0,19.9,3,-62.446,0.722,-829.357
2391.4,47.37,89.8,0.0,20.8,3,-64.972,0.722,-828.078
2391.4,47.58,87.3,0.0,21.8,3,-66.648,0.721,-827.187
2401.1,47.84,77.0,0.0,23.8,3,-69.148,0.717,-825.792
2401.1,48.00,73.3,0.0,24.9,3,-70.802,0.713,-824.824
2401.1,48.18,66.0,0.0,26.9,3,-73.263,0.706,-823.318
2401.1,48.29,61.6,0.0,28.0,3,-74.887,0.701,-822.277
2410.8,48.38,45.3,0.0,29.2,3,-77.297,0.691,-820.663
2410.8,48.39,38.1,0.0,29.9,3,-78.882,0.684,-819.553
2410.8,48.37,32.0,0.0,30.7,3,-81.226,0.672,-817.841
2410.8,48.33,26.0,0.0,30.9,3,-82.764,0.663,-816.668
2420.4,48.27,33.2,0.0,31.5,3,-85.032,0.648,-814.863
2420.4,48.26,37.0,0.0,31.9,3,-86.518,0.637,-813.630
2420.4,48.25,36.5,0.0,32.1,3,-88.707,0.619,-811.736
2420.4,48.24,34.9,0.0,32.4,3,-90.140,0.605,-810.444
2429.9,48.21,32.1,0.0,33.3,3,-92.249,0.583,-808.463
2429.9,48.16,31.1,0.0,33.4,3,-94.307,0.558,-806.433
2429.9,48.12,31.3,0.0,33.2,3,-95.649,0.541,-805.052
2439.3,48.01,11.8,0.0,33.0,3,-97.615,0.516,-802.942
2439.3,47.89,11.6,0.0,32.7,3,-98.893,0.499,-801.511
2439.3,47.73,11.5,0.0,31.3,3,-100.759,0.471,-799.332
2439.3,47.64,25.7,0.0,29.8,3,-101.969,0.452,-797.858
2448.4,47.64,42.4,0.0,27.6,3,-103.733,0.422,-795.609
2448.4,47.68,46.3,0.0,26.8,3,-104.878,0.401,-794.085
2448.4,47.76,53.6,0.0,25.7,3,-106.551,0.367,-791.763
2448.4,47.85,60.4,0.0,24.9,3,-107.637,0.342,-790.189
2457.6,48.03,70.9,0.0,23.7,3,-109.224,0.303,-787.791
2457.6,48.20,80.1,0.0,22.6,3,-110.256,0.274,-786.167
2457.6,48.45,89.8,0.0,18.2,3,-111.768,0.225,-783.695
2457.6,48.69,88.8,0.0,13.4,3,-112.753,0.188,-782.021
2467.1,48.97,89.9,0.0,5.8,3,-114.186,0.131,-779.466
2467.1,49.28,89.9,0.0,-1.1,3,-115.565,0.077,-776.863
2467.1,49.46,89.9,0.0,-4.4,3,-116.459,0.043,-775.104
2467.1,49.54,0.0,0.0,-8.0,0,-117.773,-0.019,-772.440
2476.9,49.52,59.8,0.0,-10.0,4,-118.628,-0.069,-770.655
2476.9,49.80,89.7,0.0,-9.0,4,-119.878,-0.147,-767.952
2476.9,50.00,89.7,0.0,-5.6,4,-120.700,-0.195,-766.135
2476.9,50.31,89.8,0.0,-1.9,4,-121.941,-0.264,-763.391
2487.0,50.61,89.8,0.0,0.1,4,-122.776,-0.321,-761.556
2487.0,50.96,89.7,0.0,0.5,4,-124.053,-0.419,-758.792
2487.0,51.21,89.7,0.0,-0.3,4,-124.923,-0.490,-756.945
2487.0,51.54,89.7,0.0,-1.8,4,-126.265,-0.591,-754.172
2497.4,51.76,89.8,0.0,-2.5,4,-127.180,-0.653,-752.321
2497.4,52.09,89.8,0.0,-2.9,4,-128.578,-0.746,-749.540
2497.4,52.33,89.8,0.0,-2.8,4,-129.527,-0.808,-747.681
2497.4,52.67,89.8,0.0,-2.5,4,-130.975,-0.900,-744.887
2508.1,52.86,87.8,0.0,-2.4,4,-131.956,-0.965,-743.020
2508.1,53.20,78.0,0.0,-2.3,4,-133.451,-1.067,-740.213
2508.1,53.54,68.2,0.0,-2.1,4,-134.979,-1.170,-737.400
2508.1,53.77,61.8,0.0,-2.3,4,-136.014,-1.240,-735.522
2519.0,54.10,57.3,0.0,-2.6,4,-137.591,-1.350,-732.699
2519.0,54.33,57.5,0.0,-3.0,4,-138.659,-1.426,-730.813
2519.0,54.66,57.6,0.0,-3.1,4,-140.284,-1.545,-727.979
2519.0,54.88,57.7,0.0,-3.1,4,-141.383,-1.627,-726.086
2530.2,55.20,57.9,0.0,-2.9,4,-143.054,-1.758,-723.242
2530.2,55.43,57.9,0.0,-2.8,4,-144.185,-1.849,-721.343
2530.2,55.75,58.0,0.0,-2.3,4,-145.907,-1.989,-718.491
2530.2,55.96,58.1,0.0,-2.2,4,-147.073,-2.081,-716.588
2541.3,56.28,58.2,0.0,-2.1,4,-148.845,-2.222,-713.729
2541.3,56.49,58.2,0.0,-2.0,4,-150.042,-2.317,-711.820
2541.3,56.81,58.3,0.0,-2.0,4,-151.860,-2.460,-708.952
2541.3,57.02,58.4,0.0,-1.8,4,-153.086,-2.554,-707.037
2552.8,57.33,58.5,0.0,-1.6,4,-154.948,-2.691,-704.159
2552.8,57.53,58.6,0.0,-1.5,4,-156.203,-2.780,-702.238
2552.8,57.84,58.7,0.0,-1.6,4,-158.105,-2.911,-699.350
2552.8,58.15,58.8,0.0,-1.5,4,-160.030,-3.041,-696.455
2564.4,58.35,58.8,0.0,-1.5,4,-161.326,-3.126,-694.521
2564.4,58.65,58.9,0.0,-1.5,4,-163.288,-3.250,-691.614
2564.4,58.84,59.0,0.0,-1.5,4,-164.609,-3.329,-689.672
2564.4,59.13,59.0,0.0,-1.4,4,-166.609,-3.438,-686.755
2576.2,59.33,59.1,0.0,-1.4,4,-167.955,-3.506,-684.807
2576.2,59.61,59.1,0.0,-1.4,4,-169.992,-3.599,-681.880
2576.2,59.80,59.2,0.0,-1.2,4,-171.363,-3.656,-679.925
2576.2,60.08,59.2,0.0,-1.1,4,-173.438,-3.732,-676.989
2588.2,60.26,59.2,0.0,-0.9,4,-174.833,-3.775,-675.029
2588.2,60.53,59.2,0.0,-0.9,4,-176.943,-3.829,-672.085
2588.2,60.71,59.0,0.0,-0.9,4,-178.362,-3.859,-670.119
2588.2,60.97,58.8,0.0,-0.9,4,-180.504,-3.896,-667.165
2600.4,61.14,58.7,0.0,-0.9,4,-181.943,-3.917,-665.192
2600.4,61.30,0.0,0.0,-0.9,0,-184.116,-3.945,-662.228
2600.4,61.34,84.5,0.0,-0.8,5,-186.297,-3.970,-659.269
2600.4,61.50,77.7,0.0,-0.7,5,-187.759,-3.986,-657.295
2612.7,61.73,67.6,0.0,-0.8,5,-189.966,-4.007,-654.330
2612.7,61.88,60.9,0.0,-0.8,5,-191.446,-4.019,-652.350
2612.7,62.11,56.3,0.0,-0.8,5,-193.678,-4.035,-649.375
2612.7,62.26,56.4,0.0,-0.8,5,-195.175,-4.044,-647.388
2625.1,62.49,56.5,0.0,-0.7,5,-197.432,-4.054,-644.404
2625.1,62.64,56.6,0.0,-0.7,5,-198.946,-4.058,-642.411
2625.1,62.86,56.7,0.0,-0.6,5,-201.228,-4.061,-639.417
2625.1,63.01,56.8,0.0,-0.6,5,-202.758,-4.061,-637.419
2637.6,63.23,56.9,0.0,-0.6,5,-205.065,-4.057,-634.416
2637.6,63.37,56.9,0.0,-0.7,5,-206.610,-4.051,-632.411
2637.6,63.59,57.1,0.0,-0.8,5,-208.941,-4.035,-629.399
2637.6,63.73,57.1,0.0,-0.9,5,-210.503,-4.021,-627.389
2650.2,63.95,57.2,0.0,-1.1,5,-212.859,-4.000,-624.369
2650.2,64.16,57.3,0.0,-1.3,5,-215.230,-3.978,-621.345
2650.2,64.30,57.3,0.0,-1.5,5,-216.820,-3.963,-619.328
2662.9,64.51,57.4,0.0,-2.5,5,-219.222,-3.942,-616.301
2662.9,64.65,57.5,0.0,-2.1,5,-220.836,-3.929,-614.284
2662.9,64.85,57.6,0.0,-1.1,5,-223.276,-3.912,-611.261
2662.9,64.99,57.6,0.0,-1.1,5,-224.915,-3.905,-609.247
2675.9,65.20,57.7,0.0,-1.1,5,-227.392,-3.898,-606.228
2675.9,65.34,57.8,0.0,-1.2,5,-229.054,-3.897,-604.215
2675.9,65.50,39.4,0.0,-1.0,5,-231.563,-3.899,-601.195
2675.9,65.44,9.4,23.4,-0.9,5,-233.243,-3.903,-599.185
2689.0,64.80,0.0,66.2,-0.8,5,-235.760,-3.914,-596.190
2689.0,64.11,0.0,80.7,-0.7,5,-237.424,-3.924,-594.219
2689.0,62.91,0.0,86.0,-0.4,5,-239.890,-3.943,-591.310
2689.0,62.08,0.0,87.0,-0.2,5,-241.512,-3.959,-589.405
2701.7,60.80,0.0,86.1,0.0,5,-243.909,-3.987,-586.602
2701.7,59.98,0.0,86.1,0.1,5,-245.484,-4.007,-584.768
2701.7,58.73,0.0,80.8,0.0,5,-247.810,-4.042,-582.069
2701.7,57.48,0.0,77.8,-0.1,5,-250.094,-4.079,-579.431
2713.5,56.68,0.0,86.3,-0.1,5,-251.592,-4.105,-577.706
2713.5,55.43,0.0,84.6,0.8,5,-253.803,-4.143,-575.169
2713.5,54.63,0.0,84.5,0.8,5,-255.251,-4.168,-573.509
2713.5,53.43,0.0,85.2,0.0,0,-257.386,-4.205,-571.067
2724.4,52.63,39.9,85.1,-0.3,0,-258.784,-4.230,-569.470
2724.4,51.44,0.0,85.8,-0.9,4,-260.845,-4.267,-567.122
2724.4,50.63,0.0,84.8,-0.8,4,-262.194,-4.293,-565.588
2724.4,49.44,0.0,84.4,-1.0,4,-264.182,-4.331,-563.335
2734.5,48.64,0.0,83.9,-1.2,4,-265.483,-4.357,-561.866
2734.5,47.48,0.0,85.4,-1.7,4,-267.402,-4.398,-559.711
2734.5,46.66,0.0,83.9,-1.9,4,-268.660,-4.425,-558.307
2734.5,45.48,0.0,82.4,-1.9,0,-270.513,-4.462,-556.254
2743.8,44.73,32.1,83.9,-2.2,0,-271.729,-4.485,-554.919
2743.8,43.58,0.0,84.4,-1.8,3,-273.525,-4.518,-552.969
2743.8,42.42,0.0,84.1,-1.6,3,-275.287,-4.550,-551.081
2743.8,41.64,0.0,84.2,-1.7,3,-276.442,-4.571,-549.858
2752.4,40.50,0.0,84.0,-1.7,3,-278.148,-4.602,-548.077
2752.4,39.74,0.0,83.6,-1.1,3,-279.266,-4.622,-546.924
2752.4,38.60,0.0,82.4,-0.1,3,-280.919,-4.651,-545.250
2752.4,37.88,0.0,81.7,0.8,0,-282.004,-4.669,-544.170
2760.2,36.81,0.0,76.6,1.4,2,-283.610,-4.695,-542.605
2760.2,36.13,0.0,71.6,1.3,2,-284.667,-4.711,-541.598
2760.2,35.15,0.0,65.1,1.2,2,-286.234,-4.735,-540.140
2760.2,34.53,0.0,62.5,1.6,2,-287.267,-4.751,-539.203
2767.3,33.65,0.0,60.4,1.2,2,-288.802,-4.775,-537.850
2767.3,33.06,0.0,58.8,0.5,2,-289.816,-4.790,-536.981
2767.3,32.20,0.0,60.0,-1.1,2,-291.324,-4.813,-535.729
2767.3,31.63,0.0,61.1,-2.1,2,-292.319,-4.827,-534.928
2773.7,30.75,0.0,60.8,-4.1,2,-293.798,-4.847,-533.778
2773.7,30.18,0.0,54.8,-5.3,2,-294.773,-4.860,-533.046
2773.7,29.43,40.6,48.0,-6.8,0,-296.221,-4.878,-531.996
2773.7,28.74,0.0,43.6,-7.9,1,-297.659,-4.894,-531.005
2779.5,28.30,0.0,39.8,-7.8,1,-298.612,-4.904,-530.375
2779.5,27.70,0.0,37.2,-12.1,1,-300.031,-4.919,-529.474
2779.5,27.32,0.0,36.7,-13.4,1,-300.973,-4.927,-528.904
2779.5,26.75,0.0,35.9,-14.2,1,-302.377,-4.939,-528.090
2784.8,26.38,0.0,32.6,-10.5,1,-303.307,-4.946,-527.576
2784.8,25.88,0.0,30.9,-8.6,1,-304.693,-4.955,-526.842
2784.8,25.55,0.0,30.6,-10.3,1,-305.610,-4.961,-526.374
2784.8,25.07,0.0,27.8,-14.8,1,-306.975,-4.970,-525.706
2789.8,24.77,0.0,23.6,-17.7,1,-307.879,-4.975,-525.285
2789.8,24.38,0.0,20.1,-20.9,1,-309.230,-4.981,-524.692
2789.8,24.14,0.0,19.0,-22.0,1,-310.128,-4.984,-524.324
2789.8,23.80,0.0,14.8,-22.3,1,-311.473,-4.987,-523.814
2795.2,23.60,0.0,12.9,-22.4,1,-312.369,-4.988,-523.501
2795.2,23.33,0.0,12.6,-22.0,1,-313.711,-4.989,-523.074
2795.2,23.14,0.0,13.0,-21.4,1,-314.604,-4.988,-522.816
2795.2,22.88,0.0,8.7,-22.1,1,-315.941,-4.985,-522.469
2800.8,22.66,0.0,8.9,-23.9,1,-317.274,-4.981,-522.171
2800.8,22.50,0.0,8.4,-28.6,1,-318.161,-4.977,-521.999
2800.8,22.28,6.0,0.8,-32.0,1,-319.488,-4.968,-521.785
2800.8,22.25,30.3,0.0,-31.7,1,-320.371,-4.961,-521.673
2806.5,22.47,43.4,0.0,-31.5,1,-321.706,-4.949,-521.543
2806.5,22.65,55.1,0.0,-28.3,1,-322.606,-4.944,-521.481
2806.5,22.99,37.2,0.0,-23.0,1,-323.972,-4.940,-521.420
2806.5,23.08,22.4,0.0,-20.9,1,-324.893,-4.939,-521.403
2812.0,22.98,0.4,13.7,-19.0,1,-326.275,-4.940,-521.417
2812.0,22.82,0.0,12.6,-18.8,1,-327.191,-4.945,-521.450
2812.0,22.49,0.0,4.0,-19.5,1,-328.546,-4.945,-521.548
2812.0,22.38,0.0,1.6,-20.3,1,-329.438,-4.938,-521.646
2817.2,22.26,0.1,0.1,-24.1,1,-330.765,-4.928,-521.828
2817.2,22.18,1.8,0.0,-27.6,1,-331.642,-4.923,-521.971
2817.2,22.16,29.0,0.0,-31.5,1,-332.947,-4.915,-522.222
2817.2,22.26,43.9,0.0,-32.3,1,-333.814,-4.910,-522.415
2821.9,22.53,57.7,0.0,-32.2,1,-335.115,-4.901,-522.747
2821.9,22.88,65.0,0.0,-33.1,1,-336.421,-4.890,-523.129
2821.9,23.18,88.1,0.0,-33.8,1,-337.296,-4.881,-523.413
2826.6,23.62,52.6,0.0,-32.4,1,-338.620,-4.867,-523.881
2826.6,23.84,69.2,0.0,-30.3,1,-339.504,-4.857,-524.225
2826.6,24.16,52.0,0.0,-27.1,1,-340.828,-4.839,-524.790
2826.6,24.38,59.8,0.0,-25.8,1,-341.708,-4.827,-525.198
2831.4,24.69,60.8,0.0,-22.6,1,-343.023,-4.807,-525.859
2831.4,24.90,57.6,0.0,-19.5,1,-343.894,-4.793,-526.331
2831.4,25.24,61.4,0.0,-14.1,1,-345.194,-4.773,-527.085
2831.4,25.49,58.3,0.0,-11.2,1,-346.057,-4.759,-527.618
2836.4,25.92,74.6,0.0,-1.4,1,-347.346,-4.738,-528.461
2836.4,26.26,78.6,0.0,3.4,1,-348.209,-4.724,-529.047
2836.4,26.84,87.4,0.0,3.7,1,-349.514,-4.703,-529.958
2836.4,27.47,76.9,0.0,10.1,1,-350.839,-4.681,-530.904
2841.7,27.83,60.5,0.0,14.5,1,-351.737,-4.666,-531.548
2841.7,28.10,38.1,0.0,16.0,1,-353.109,-4.644,-532.515
2841.7,28.21,30.6,0.0,13.5,1,-354.039,-4.630,-533.150
2841.7,28.32,27.1,0.0,10.5,1,-355.455,-4.610,-534.083
2847.3,28.40,30.1,0.0,10.4,1,-356.412,-4.597,-534.692
2847.3,28.57,37.4,0.0,12.0,1,-357.867,-4.578,-535.586
2847.3,28.70,34.1,0.0,13.4,1,-358.852,-4.567,-536.171
2847.3,28.79,21.7,0.0,15.8,1,-360.350,-4.550,-537.026
2853.0,28.81,19.9,0.0,17.0,1,-361.361,-4.541,-537.578
2853.0,28.84,16.9,0.0,20.8,1,-362.895,-4.527,-538.376
2853.0,28.82,10.7,0.0,22.9,1,-363.930,-4.519,-538.885
2853.0,28.78,17.0,0.0,25.7,1,-365.498,-4.508,-539.610
2858.9,28.75,13.8,0.0,28.8,1,-367.087,-4.499,-540.285
2858.9,28.72,14.3,0.0,31.0,1,-368.158,-4.494,-540.704
2858.9,28.65,7.9,0.0,32.8,1,-369.778,-4.487,-541.285
2858.9,28.56,2.3,0.0,34.0,1,-370.866,-4.485,-541.641
2865.8,28.52,34.0,0.0,37.5,1,-372.506,-4.484,-542.128
2865.8,28.65,51.7,0.0,39.0,1,-373.610,-4.486,-542.423
2865.8,28.90,55.3,0.0,41.4,1,-375.290,-4.489,-542.822
2865.8,29.09,47.1,0.0,41.5,1,-376.426,-4.490,-543.058
2872.3,29.22,34.5,0.0,41.3,1,-378.148,-4.489,-543.359
2872.3,29.28,33.1,0.0,42.9,1,-379.306,-4.488,-543.528
2872.3,29.41,35.5,0.0,46.6,1,-381.054,-4.488,-543.733
2872.3,29.48,32.4,0.0,49.5,1,-382.226,-4.491,-543.838
2880.0,29.52,28.7,0.0,54.6,1,-383.992,-4.493,-543.947
2880.0,29.53,24.0,0.0,59.6,1,-385.763,-4.498,-543.998
2880.0,29.48,18.9,0.0,61.3,1,-386.943,-4.500,-543.998
2880.0,29.36,9.9,0.0,62.0,1,-388.709,-4.503,-543.947
2886.7,29.26,9.6,0.0,61.7,1,-389.879,-4.505,-543.879
2886.7,29.12,9.6,0.0,60.7,1,-391.625,-4.507,-543.729
2886.7,29.02,9.5,0.0,59.8,1,-392.780,-4.509,-543.596
2886.7,28.88,9.5,0.0,55.6,1,-394.499,-4.511,-543.346
2893.1,28.78,9.7,0.0,54.8,1,-395.635,-4.512,-543.146
2893.1,28.65,10.9,0.0,52.7,1,-397.322,-4.512,-542.795
2893.1,28.57,12.0,0.0,50.6,1,-398.435,-4.513,-542.529
2893.1,28.48,14.6,0.0,47.0,1,-400.087,-4.515,-542.081
2899.1,28.44,16.4,0.0,44.2,1,-401.176,-4.518,-541.751
2899.1,28.42,21.7,0.0,40.0,1,-402.793,-4.524,-541.209
2899.1,28.44,28.8,0.0,37.2,1,-403.860,-4.530,-540.816
2899.1,28.57,44.4,0.0,32.6,1,-405.447,-4.541,-540.181
2904.8,28.89,75.3,0.0,26.8,1,-407.023,-4.554,-539.488
2904.8,29.19,60.4,0.0,21.7,1,-408.074,-4.564,-538.995
2904.8,29.49,61.3,0.0,13.1,1,-409.647,-4.580,-538.206
2904.8,29.73,51.8,0.0,7.8,1,-410.692,-4.592,-537.648
2910.5,30.06,63.1,0.0,2.0,1,-412.252,-4.612,-536.766
2910.5,30.33,59.8,0.0,0.1,1,-413.290,-4.627,-536.150
2910.5,30.79,81.2,0.0,0.1,1,-414.846,-4.651,-535.183
2910.5,31.15,77.9,0.0,1.3,1,-415.885,-4.668,-534.510
2916.3,31.72,89.5,0.0,3.8,1,-417.449,-4.693,-533.459
2916.3,32.13,89.8,0.0,5.4,1,-418.496,-4.710,-532.730
2916.3,32.73,89.8,0.0,7.6,1,-420.076,-4.737,-531.596
2916.3,33.12,89.8,0.0,9.1,1,-421.133,-4.756,-530.812
2922.5,33.70,89.8,0.0,9.5,1,-422.723,-4.783,-529.593
2922.5,33.93,0.0,0.0,8.9,0,-423.782,-4.802,-528.750
2922.5,34.09,89.6,0.0,9.5,2,-425.348,-4.828,-527.449
2922.5,34.45,89.6,0.0,9.3,2,-426.384,-4.844,-526.554
2929.2,34.98,89.6,0.0,9.4,2,-427.937,-4.867,-525.166
2929.2,35.49,89.6,0.0,8.7,2,-429.483,-4.889,-523.726
2929.2,35.87,89.6,0.0,8.0,2,-430.511,-4.904,-522.737
2936.1,36.38,89.7,0.0,7.2,2,-432.047,-4.924,-521.210
2936.1,36.73,89.7,0.0,7.0,2,-433.068,-4.937,-520.164
2936.1,37.26,89.7,0.0,6.3,2,-434.592,-4.956,-518.552
2936.1,37.60,89.7,0.0,6.1,2,-435.604,-4.969,-517.450
2943.4,38.11,89.7,0.0,7.2,2,-437.117,-4.987,-515.758
2943.4,38.45,89.7,0.0,8.4,2,-438.122,-5.000,-514.603
2943.4,38.93,89.8,0.0,9.4,2,-439.619,-5.018,-512.831
2943.4,39.25,89.8,0.0,9.9,2,-440.610,-5.030,-511.622
2951.0,39.71,89.9,0.0,10.3,2,-442.084,-5.047,-509.769
2951.0,40.00,89.9,0.0,10.1,2,-443.056,-5.057,-508.505
2951.0,40.43,90.0,0.0,8.6,0,-444.495,-5.072,-506.568
2951.0,40.45,0.0,0.0,6.9,0,-445.438,-5.081,-505.253
2958.9,40.68,89.6,0.0,5.8,3,-446.812,-5.092,-503.248
2958.9,40.91,89.6,0.0,5.2,3,-447.707,-5.095,-501.884
2958.9,41.25,89.6,0.0,4.7,3,-449.022,-5.098,-499.800
2958.9,41.55,66.3,0.0,3.4,3,-450.305,-5.106,-497.673
2966.8,41.74,85.6,0.0,2.9,3,-451.138,-5.111,-496.232
2966.8,42.08,83.6,0.0,3.0,3,-452.351,-5.114,-494.030
2966.8,42.27,82.5,0.0,3.7,3,-453.137,-5.114,-492.538
2966.8,42.51,63.0,0.0,3.5,3,-454.284,-5.118,-490.269
2974.9,42.70,87.9,0.0,4.1,3,-455.026,-5.124,-488.736
2974.9,43.12,89.7,0.0,5.4,3,-456.107,-5.133,-486.400
2974.9,43.38,89.7,0.0,7.0,3,-456.806,-5.139,-484.817
2974.9,43.77,89.7,0.0,9.7,3,-457.819,-5.151,-482.408
2983.4,44.04,89.7,0.0,11.1,3,-458.472,-5.160,-480.778
2983.4,44.42,89.7,0.0,12.5,3,-459.418,-5.177,-478.300
2983.4,44.67,89.7,0.0,13.1,3,-460.026,-5.190,-476.626
2983.4,45.05,89.7,0.0,13.2,3,-460.903,-5.213,-474.082
2992.0,45.29,89.7,0.0,12.6,3,-461.462,-5.231,-472.365
2992.0,45.66,89.7,0.0,11.6,3,-462.259,-5.259,-469.756
2992.0,46.02,89.8,0.0,11.2,3,-463.005,-5.290,-467.110
2992.0,46.26,89.8,0.0,11.0,3,-463.473,-5.312,-465.325
3000.9,46.62,89.8,0.0,11.1,3,-464.130,-5.347,-462.618
3000.9,46.86,89.8,0.0,11.6,3,-464.536,-5.373,-460.794
3000.9,47.21,89.8,0.0,12.3,3,-465.099,-5.412,-458.029
3000.9,47.44,89.8,0.0,12.5,3,-465.440,-5.439,-456.168
3010.1,47.78,89.8,0.0,12.6,3,-465.902,-5.480,-453.350
3010.1,48.01,89.8,0.0,12.6,3,-466.176,-5.507,-451.454
3010.1,48.36,89.9,0.0,12.9,3,-466.533,-5.547,-448.586
3010.1,48.58,89.9,0.0,13.5,3,-466.736,-5.573,-446.659
3019.6,48.92,89.9,0.0,14.6,3,-466.988,-5.612,-443.745
3019.6,49.14,89.9,0.0,15.3,3,-467.122,-5.638,-441.789
3019.6,49.47,89.9,0.0,15.7,3,-467.269,-5.677,-438.836
3019.6,49.69,89.9,0.0,15.9,3,-467.331,-5.703,-436.854
3029.4,50.00,89.9,0.0,16.2,3,-467.369,-5.742,-433.865
3029.4,50.31,89.9,0.0,15.9,3,-467.338,-5.780,-430.856
3029.4,50.51,90.0,0.0,15.5,3,-467.278,-5.805,-428.841
3029.4,50.80,90.1,0.0,14.9,3,-467.126,-5.841,-425.807
3039.6,50.99,90.0,0.0,14.3,3,-466.983,-5.863,-423.776
3039.6,51.27,89.9,0.0,12.6,0,-466.705,-5.894,-420.722
3039.6,51.22,0.0,0.0,12.0,0,-466.476,-5.913,-418.684
3039.6,51.36,88.3,0.0,11.1,4,-466.068,-5.937,-415.637
3050.5,51.54,89.8,0.0,10.9,4,-465.754,-5.952,-413.603
3050.5,51.82,89.8,0.0,11.0,4,-465.222,-5.972,-410.549
3050.5,52.01,89.8,0.0,11.4,4,-464.829,-5.985,-408.511
3050.5,52.31,89.8,0.0,12.5,4,-464.187,-6.009,-405.449
3061.6,52.50,89.8,0.0,13.5,4,-463.726,-6.029,-403.405
3061.6,52.77,89.8,0.0,14.1,4,-462.983,-6.063,-400.336
3061.6,52.95,83.9,0.0,14.0,4,-462.449,-6.086,-398.291
3061.6,53.22,74.1,0.0,13.4,4,-461.589,-6.118,-395.225
3072.6,53.39,67.6,0.0,12.9,4,-460.973,-6.137,-393.184
3072.6,53.66,58.0,0.0,12.0,4,-459.987,-6.159,-390.128
3072.6,53.93,57.4,0.0,11.3,4,-458.928,-6.179,-387.080
3072.6,54.12,57.5,0.0,11.0,4,-458.185,-6.192,-385.051
3083.4,54.40,57.6,0.0,10.8,4,-457.015,-6.211,-382.014
3083.4,54.59,57.7,0.0,10.5,4,-456.199,-6.224,-379.993
3083.4,54.87,57.8,0.0,9.6,4,-454.921,-6.240,-376.969
3083.4,55.06,57.9,0.0,8.9,4,-454.032,-6.248,-374.958
3094.2,55.34,58.0,0.0,8.1,4,-452.649,-6.257,-371.950
3094.2,55.53,58.0,0.0,7.7,4,-451.694,-6.263,-369.949
3094.2,55.81,58.1,0.0,7.2,4,-450.216,-6.276,-366.954
3094.2,56.00,58.1,0.0,7.2,4,-449.200,-6.285,-364.963
3105.1,56.28,58.2,0.0,7.1,4,-447.629,-6.299,-361.983
3105.1,56.47,58.2,0.0,7.1,4,-446.552,-6.308,-360.002
3105.1,56.74,58.3,0.0,7.0,4,-444.893,-6.320,-357.040
3105.1,56.93,58.4,0.0,6.9,4,-443.757,-6.328,-355.071
3116.3,57.20,58.5,0.0,6.5,4,-442.009,-6.338,-352.127
3116.3,57.47,58.6,0.0,6.6,4,-440.208,-6.345,-349.197
3116.3,57.65,58.6,0.0,6.5,4,-438.979,-6.349,-347.250
3127.7,57.92,58.7,0.0,6.2,4,-437.093,-6.355,-344.342
3127.7,58.09,58.8,0.0,5.8,4,-435.808,-6.359,-342.410
3127.7,58.37,58.8,0.0,4.9,4,-433.840,-6.367,-339.523
3127.7,58.54,58.9,0.0,4.5,4,-432.501,-6.369,-337.607
3139.3,58.80,59.0,0.0,3.0,4,-430.452,-6.369,-334.746
3139.3,58.96,59.1,0.0,2.5,4,-429.062,-6.367,-332.846
3139.3,59.20,59.1,0.0,1.9,4,-426.944,-6.362,-330.004
3139.3,59.38,59.1,0.0,1.8,4,-425.512,-6.354,-328.114
3151.2,59.65,59.2,0.0,1.6,4,-423.340,-6.340,-325.280
3151.2,59.85,59.1,0.0,0.9,4,-421.877,-6.334,-323.389
3151.2,60.10,59.2,0.0,0.1,4,-419.665,-6.323,-320.552
3151.2,60.27,59.2,0.0,0.0,4,-418.179,-6.314,-318.658
3163.2,60.51,59.0,0.0,0.0,4,-415.940,-6.301,-315.810
3163.2,60.78,59.1,0.0,-0.3,4,-413.690,-6.288,-312.951
3163.2,60.96,59.2,0.0,-0.7,4,-412.186,-6.282,-311.037
3163.2,61.19,58.6,0.0,-1.0,0,-409.926,-6.269,-308.153
3175.5,61.14,0.0,0.0,-1.0,0,-408.419,-6.260,-306.225
3175.5,61.29,81.1,0.0,-0.8,5,-406.165,-6.246,-303.328
3175.5,61.44,74.3,0.0,-0.7,5,-404.662,-6.235,-301.387
3175.5,61.67,64.2,0.0,-0.6,5,-402.408,-6.218,-298.462
3187.8,61.82,57.5,0.0,-0.6,5,-400.905,-6.207,-296.503
3187.8,62.04,56.2,0.0,-0.6,5,-398.650,-6.188,-293.550
3187.8,62.19,56.3,0.0,-0.7,5,-397.147,-6.176,-291.572
3187.8,62.41,56.4,0.0,-0.6,5,-394.890,-6.156,-288.593
3200.1,62.55,56.5,0.0,-0.6,5,-393.385,-6.142,-286.599
3200.1,62.77,56.6,0.0,-0.6,5,-391.125,-6.121,-283.594
3200.1,62.92,56.7,0.0,-0.5,5,-389.618,-6.107,-281.583
3200.1,63.13,56.8,0.0,-0.5,5,-387.355,-6.086,-278.554
3212.7,63.27,56.9,0.0,-0.5,5,-385.844,-6.072,-276.527
3212.7,63.49,57.0,0.0,-0.4,5,-383.575,-6.049,-273.476
3212.7,63.70,57.1,0.0,-0.2,5,-381.303,-6.023,-270.411
3212.7,63.84,57.2,0.0,-0.1,5,-379.786,-6.005,-268.361
3225.5,64.06,57.3,0.0,-0.2,5,-377.507,-5.978,-265.274
3225.5,64.20,57.3,0.0,-0.2,5,-375.984,-5.960,-263.210
3225.5,64.40,57.4,0.0,-0.2,5,-373.696,-5.933,-260.104
3225.5,64.55,57.4,0.0,-0.1,5,-372.168,-5.915,-258.028
3238.4,64.75,57.6,0.0,0.1,5,-369.870,-5.885,-254.903
3238.4,64.88,57.7,0.0,0.2,5,-368.335,-5.862,-252.814
3238.4,65.09,57.8,0.0,0.3,5,-366.027,-5.827,-249.673
3238.4,65.23,57.8,0.0,0.4,5,-364.483,-5.803,-247.573
3251.4,65.43,57.9,0.0,0.3,5,-362.160,-5.765,-244.416
3251.4,65.56,58.0,0.0,0.3,5,-360.606,-5.739,-242.308
3251.4,65.76,58.0,0.0,0.5,5,-358.266,-5.696,-239.139
3251.4,65.96,58.1,0.0,0.4,5,-355.915,-5.649,-235.964
3264.5,66.09,58.1,0.0,0.3,5,-354.342,-5.618,-233.843
3264.5,66.29,58.1,0.0,0.1,5,-351.972,-5.573,-230.657
3264.5,66.42,58.1,0.0,0.1,5,-350.387,-5.544,-228.528
3264.5,66.62,58.2,0.0,0.1,5,-348.000,-5.506,-225.330
3277.8,66.74,58.2,0.0,0.1,5,-346.404,-5.482,-223.194
3277.8,66.93,58.3,0.0,0.2,5,-344.002,-5.444,-219.983
3277.8,67.05,58.3,0.0,0.1,5,-342.396,-5.416,-217.839
3277.8,67.24,58.4,0.0,0.1,5,-339.980,-5.372,-214.615
3291.2,67.36,58.4,0.0,0.2,5,-338.365,-5.343,-212.461
3291.2,67.55,58.5,0.0,0.2,5,-335.937,-5.296,-209.224
3291.2,67.68,58.5,0.0,0.2,5,-334.314,-5.265,-207.062
3291.2,67.86,58.5,0.0,0.1,5,-331.873,-5.218,-203.810
3304.7,67.98,58.5,0.0,0.0,5,-330.242,-5.187,-201.638
3304.7,68.17,58.6,0.0,-0.0,5,-327.790,-5.138,-198.372
3304.7,68.34,58.6,0.0,-0.1,5,-325.332,-5.086,-195.097
3304.7,68.46,58.6,0.0,-0.2,5,-323.690,-5.050,-192.909
3318.3,68.64,58.7,0.0,-0.1,5,-321.223,-4.994,-189.619
3318.3,68.76,58.7,0.0,-0.2,5,-319.576,-4.957,-187.420
3318.3,68.93,58.8,0.0,-0.2,5,-317.101,-4.902,-184.114
3318.3,69.04,58.8,0.0,-0.2,5,-315.448,-4.865,-181.904
3332.1,69.22,58.9,0.0,-0.2,5,-312.966,-4.810,-178.582
3332.1,69.33,58.9,0.0,-0.2,5,-311.309,-4.773,-176.361
3332.1,69.50,59.0,0.0,-0.3,5,-308.821,-4.718,-173.022
3332.1,69.62,59.0,0.0,-0.3,5,-307.160,-4.682,-170.791
3346.0,69.78,59.0,0.0,-0.4,5,-304.665,-4.625,-167.436
3346.0,69.89,59.0,0.0,-0.4,5,-302.999,-4.587,-165.194
3346.0,70.06,59.1,0.0,-0.2,5,-300.498,-4.529,-161.822
3346.0,70.17,59.1,0.0,-0.2,5,-298.828,-4.490,-159.570
3360.0,70.33,59.2,0.0,-0.0,5,-296.321,-4.430,-156.183
3360.0,70.44,59.2,0.0,-0.0,5,-294.646,-4.390,-153.920
3360.0,70.60,59.2,0.0,-0.2,5,-292.130,-4.331,-150.519
3360.0,70.70,59.2,0.0,-0.3,5,-290.450,-4.291,-148.247
3374.1,70.86,59.2,0.0,0.1,5,-287.927,-4.230,-144.832
3374.1,71.02,59.3,0.0,0.1,5,-285.400,-4.169,-141.407
3374.1,71.12,59.3,0.0,-0.1,5,-283.712,-4.129,-139.120
3388.3,71.29,59.3,0.0,0.2,5,-281.176,-4.070,-135.683
3388.3,71.39,59.3,0.0,-0.1,5,-279.482,-4.031,-133.387
3388.3,71.54,59.3,0.0,-0.2,5,-276.935,-3.972,-129.939
3388.3,71.63,59.4,0.0,-0.1,5,-275.235,-3.931,-127.636
3402.6,71.79,59.4,0.0,0.7,5,-272.679,-3.869,-124.175
3402.6,71.89,59.4,0.0,0.7,5,-270.971,-3.828,-121.865
3402.6,72.03,59.4,0.0,0.6,5,-268.401,-3.766,-118.396
3402.6,72.14,59.4,0.0,0.5,5,-266.683,-3.725,-116.081
3417.0,72.28,59.4,0.0,0.4,5,-264.095,-3.663,-112.607
3417.0,72.38,59.4,0.0,-0.4,5,-262.364,-3.622,-110.290
3417.0,72.52,59.3,0.0,-1.1,5,-259.760,-3.557,-106.810
3417.0,72.62,59.3,0.0,-1.2,5,-258.022,-3.513,-104.486
3431.5,72.76,59.3,0.0,-0.8,5,-255.418,-3.446,-100.989
3431.5,72.84,59.1,0.0,-0.7,5,-253.684,-3.401,-98.650
3431.5,72.98,59.1,0.0,-0.8,5,-251.088,-3.333,-95.130
3431.5,73.11,58.8,0.0,-0.7,5,-248.496,-3.266,-91.597
3446.1,73.19,58.8,0.0,-0.6,5,-246.771,-3.223,-89.235
3446.1,73.15,0.0,0.0,-0.4,0,-244.188,-3.159,-85.682
3446.1,73.17,85.0,0.0,0.0,6,-242.472,-3.117,-83.313
3446.1,73.29,75.4,0.0,0.8,6,-239.900,-3.053,-79.752
3460.8,73.38,69.1,0.0,1.2,6,-238.184,-3.011,-77.374
3460.8,73.51,59.5,0.0,0.7,6,-235.604,-2.948,-73.802
3460.8,73.60,58.2,0.0,0.8,6,-233.876,-2.905,-71.421
3460.8,73.72,58.3,0.0,1.6,6,-231.273,-2.841,-67.850
3475.5,73.81,58.3,3.5,2.4,6,-229.529,-2.798,-65.471
3475.5,73.38,0.0,58.9,3.2,6,-226.899,-2.730,-61.917
3475.5,72.71,0.0,75.3,3.3,6,-225.149,-2.685,-59.575
3475.5,71.50,0.0,83.8,2.6,6,-222.535,-2.617,-56.125
3490.0,70.64,0.0,81.4,2.5,6,-220.800,-2.570,-53.870
3490.0,69.46,0.0,60.8,2.6,6,-218.210,-2.501,-50.560
3490.0,68.52,0.0,44.2,3.3,6,-215.621,-2.435,-47.330
3490.0,68.01,0.0,35.6,4.1,6,-213.890,-2.391,-45.217
3503.8,67.38,0.0,21.7,6.0,6,-211.279,-2.326,-42.107
3503.8,67.06,0.0,12.1,4.3,6,-209.523,-2.284,-40.070
3503.8,66.71,0.0,2.7,4.9,6,-206.863,-2.220,-37.066
3503.8,66.55,4.4,0.1,5.1,6,-205.068,-2.177,-35.096
3517.1,66.37,13.6,0.0,6.1,6,-202.344,-2.112,-32.185
3517.1,66.27,13.4,0.0,6.1,6,-200.506,-2.069,-30.272
3517.1,66.11,12.1,11.8,7.7,6,-197.717,-2.006,-27.446
3517.1,65.85,2.8,24.5,8.0,6,-195.836,-1.964,-25.593
3530.1,65.18,0.0,54.8,7.6,6,-192.993,-1.899,-22.873
3530.1,64.57,0.0,16.0,7.1,6,-191.091,-1.855,-21.107
3530.1,64.34,70.9,0.0,6.3,6,-188.219,-1.789,-18.524
3530.1,64.41,75.5,0.0,7.1,6,-186.276,-1.747,-16.834
3542.9,64.54,64.7,0.0,10.4,6,-183.318,-1.689,-14.343
3542.9,64.62,52.6,0.0,13.2,6,-181.318,-1.657,-12.708
3542.9,64.69,48.0,0.0,16.8,6,-178.278,-1.615,-10.299
3542.9,64.74,51.9,0.0,17.9,6,-176.225,-1.593,-8.723
3555.8,64.84,54.0,0.0,18.5,6,-173.103,-1.566,-6.406
3555.8,64.93,54.1,0.0,18.1,6,-169.927,-1.542,-4.154
3555.8,64.96,54.2,0.0,17.9,6,-167.779,-1.526,-2.694
3555.8,64.95,34.6,0.0,18.8,6,-164.513,-1.499,-0.567
3569.0,64.91,26.8,0.0,20.0,6,-162.308,-1.480,0.806
3569.0,64.84,41.5,0.0,21.0,6,-158.961,-1.446,2.792
3569.0,64.84,46.8,0.0,21.2,6,-156.702,-1.419,4.067
3569.0,64.88,54.0,0.0,22.2,6,-153.279,-1.381,5.917
3582.7,64.90,54.6,0.0,23.4,6,-150.975,-1.359,7.112
3582.7,64.93,27.8,0.0,24.6,6,-147.486,-1.334,8.844
3582.7,64.82,12.2,0.0,27.3,6,-145.139,-1.315,9.951
3582.7,64.62,16.1,0.0,30.0,6,-141.594,-1.284,11.537
3596.6,64.49,19.1,0.0,30.8,6,-139.217,-1.261,12.544
3596.6,64.30,20.4,0.0,31.1,6,-135.629,-1.225,13.980
3596.6,64.12,18.9,0.0,31.0,6,-132.019,-1.188,15.325
3596.6,63.99,17.7,0.0,31.1,6,-129.600,-1.163,16.171
3610.1,63.78,15.6,0.0,32.0,6,-125.957,-1.128,17.363
3610.1,63.63,14.3,0.0,32.9,6,-123.520,-1.107,18.107
3610.1,63.40,13.7,0.0,34.0,6,-119.853,-1.074,19.145
3610.1,63.23,8.3,0.0,34.9,6,-117.402,-1.051,19.785
3622.9,62.97,8.3,0.0,36.2,6,-113.721,-1.020,20.669
3622.9,62.79,8.3,0.0,36.7,6,-111.264,-0.999,21.207
3622.9,62.51,8.3,0.0,36.8,6,-107.576,-0.965,21.935
3622.9,62.33,8.2,0.0,36.8,6,-105.117,-0.941,22.367
3635.3,62.06,8.2,0.0,36.8,6,-101.429,-0.905,22.940
3635.3,61.88,8.2,0.0,36.4,0,-98.972,-0.881,23.271
3635.3,61.60,1.5,0.0,35.2,5,-95.291,-0.843,23.687
3635.3,61.40,7.9,0.0,34.0,5,-92.841,-0.816,23.912
3647.3,61.14,8.7,0.0,32.1,5,-89.173,-0.774,24.171
3647.3,60.98,8.7,0.0,30.6,5,-86.734,-0.745,24.293
3647.3,60.75,16.3,0.0,27.9,5,-83.084,-0.703,24.400
3647.3,60.63,21.0,0.0,25.9,5,-80.657,-0.675,24.421
3659.3,60.51,27.4,0.0,22.8,5,-77.023,-0.630,24.376
3659.3,60.46,36.5,0.0,19.6,5,-73.397,-0.584,24.240
3659.3,60.48,44.1,0.0,17.2,5,-70.983,-0.553,24.100
3671.3,60.55,47.5,0.0,14.7,5,-67.363,-0.509,23.822
3671.3,60.60,40.4,0.0,14.2,5,-64.952,-0.480,23.591
3671.3,60.71,52.5,0.0,11.8,5,-61.337,-0.436,23.179
3671.3,60.80,55.9,0.0,9.6,5,-58.928,-0.405,22.859
3683.4,60.96,56.1,0.0,6.1,5,-55.317,-0.347,22.314
3683.4,61.10,55.9,0.0,3.0,5,-52.909,-0.309,21.915
3683.4,61.32,55.8,0.0,-0.2,5,-49.294,-0.261,21.270
3683.4,61.47,55.7,0.0,-1.7,5,-46.882,-0.235,20.813
3695.5,61.67,55.9,0.0,-2.2,5,-43.259,-0.199,20.093
3695.5,61.81,56.0,0.0,-2.0,5,-40.840,-0.173,19.599
3695.5,62.02,55.4,0.0,-2.2,5,-37.200,-0.134,18.858
3695.5,62.23,56.2,0.0,-3.5,5,-33.545,-0.096,18.129
3707.9,62.37,56.4,0.0,-4.4,5,-31.099,-0.071,17.654
3707.9,62.57,56.6,0.0,-4.1,5,-27.415,-0.038,16.966
3707.9,62.72,56.6,0.0,-4.0,5,-24.948,-0.019,16.525
3707.9,62.93,56.7,0.0,-4.4,5,-21.233,0.004,15.891
3720.5,63.07,56.7,0.0,-4.7,5,-18.746,0.018,15.490
3720.5,63.26,56.8,0.0,-5.3,5,-14.999,0.039,14.924
3720.5,63.39,56.9,0.0,-5.5,5,-12.491,0.054,14.572
3720.5,63.59,57.1,0.0,-5.9,5,-8.713,0.078,14.086
3733.2,63.71,57.2,0.0,-6.2,5,-6.185,0.095,13.790
3733.2,63.90,57.3,0.0,-6.4,5,-2.378,0.121,13.392
3733.2,64.03,57.3,0.0,-6.5,5,0.170,0.140,13.160
3733.2,64.20,57.3,0.0,-8.7,5,4.005,0.172,12.863
3746.3,64.32,57.4,0.0,-9.5,5,6.570,0.196,12.702
3746.3,64.48,57.5,0.0,-10.2,5,10.429,0.235,12.519
3746.3,64.59,57.6,0.0,-9.9,5,13.009,0.263,12.439
3746.3,64.75,57.7,0.0,-10.0,5,16.888,0.309,12.383
3759.6,64.84,57.7,0.0,-10.2,5,19.479,0.342,12.390
3759.6,65.00,57.8,0.0,-10.2,5,23.373,0.395,12.470
3759.6,65.14,57.9,0.0,-9.7,5,27.272,0.455,12.636
3759.6,65.24,57.9,0.0,-9.4,5,29.875,0.498,12.794
3773.0,65.35,58.0,0.0,-10.2,5,33.781,0.560,13.095
3773.0,65.43,58.0,0.0,-11.9,5,36.385,0.595,13.332
3773.0,65.52,28.8,0.0,-14.6,5,40.291,0.641,13.749
3773.0,65.51,45.6,0.0,-15.5,5,42.891,0.674,14.074
3786.6,65.61,58.0,0.0,-15.1,5,46.784,0.728,14.633
3786.6,65.69,58.1,0.0,-14.1,5,49.376,0.765,15.052
3786.6,65.81,58.1,0.0,-13.2,5,53.257,0.820,15.754
3786.6,65.89,58.1,0.0,-13.3,5,55.840,0.857,16.269
3800.2,66.02,58.1,0.0,-13.6,5,59.705,0.911,17.117
3800.2,66.09,58.1,0.0,-13.9,5,62.274,0.949,17.732
3800.2,66.22,58.2,0.0,-14.2,5,66.116,1.006,18.726
3800.2,66.29,58.2,0.0,-14.2,5,68.669,1.044,19.436
3813.7,66.41,58.3,0.0,-14.2,5,72.484,1.100,20.569
3813.7,66.54,58.2,0.0,-14.1,5,76.282,1.157,21.786
3813.7,66.61,58.3,0.0,-13.8,5,78.802,1.195,22.645
3813.7,66.72,58.3,0.0,-13.3,5,82.563,1.254,24.004
3827.5,66.81,58.3,0.0,-13.0,5,85.058,1.291,24.955
3827.5,66.93,58.3,0.0,-12.9,5,88.779,1.348,26.453
3827.5,67.00,58.3,0.0,-12.6,5,91.245,1.388,27.500
3827.5,67.12,58.4,0.0,-12.5,5,94.919,1.447,29.138
3841.0,67.20,58.4,0.0,-12.2,5,97.352,1.487,30.276
3841.0,67.32,58.4,0.0,-11.7,5,100.975,1.549,32.053
3841.0,67.40,58.4,0.0,-11.3,5,103.372,1.591,33.282
3841.0,67.53,58.5,0.0,-10.4,5,106.940,1.654,35.192
3854.5,67.61,58.5,0.0,-9.6,5,109.300,1.696,36.509
3854.5,67.74,58.5,0.0,-8.8,5,112.811,1.758,38.546
3854.5,67.83,58.5,0.0,-8.5,5,115.133,1.800,39.946
3854.5,67.97,58.6,0.0,-8.1,5,118.587,1.863,42.105
3868.0,68.11,58.6,0.0,-8.1,5,122.008,1.924,44.331
3868.0,68.21,58.6,0.0,-8.1,5,124.270,1.962,45.852
3868.0,68.35,58.6,0.0,-7.9,5,127.635,2.019,48.186
3868.0,68.44,58.7,0.0,-7.7,5,129.860,2.056,49.778
3881.6,68.58,58.7,0.0,-7.7,5,133.167,2.109,52.218
3881.6,68.67,58.7,0.0,-7.6,5,135.352,2.142,53.878
3881.6,68.81,58.8,0.0,-7.5,5,138.599,2.189,56.421
3881.6,68.90,58.8,0.0,-7.6,5,140.743,2.218,58.149
3895.3,69.04,58.8,0.0,-7.8,5,143.928,2.257,60.791
3895.3,69.14,58.9,0.0,-7.3,5,146.030,2.279,62.584
3895.3,69.28,58.9,0.0,-6.3,5,149.153,2.305,65.321
3895.3,69.38,58.9,0.0,-5.2,5,151.212,2.319,67.178
3909.1,69.52,59.0,0.0,-3.8,5,154.270,2.339,70.009
3909.1,69.63,59.0,0.0,-3.1,5,156.288,2.350,71.924
3909.1,69.45,11.8,48.6,-2.1,5,159.286,2.365,74.833
3909.1,68.88,0.0,67.2,-1.5,5,161.256,2.375,76.778
3922.9,67.77,0.0,79.3,-0.2,5,164.155,2.389,79.682
3922.9,66.55,0.0,82.7,0.7,5,166.985,2.406,82.553
3922.9,65.72,0.0,84.1,0.9,5,168.836,2.419,84.446
3936.2,64.47,0.0,84.6,0.6,5,171.562,2.440,87.246
3936.2,63.62,0.0,84.3,0.4,5,173.348,2.453,89.085
3936.2,62.38,0.0,84.5,0.3,5,175.983,2.475,91.800
3936.2,61.55,0.0,84.9,0.2,5,177.711,2.489,93.579
3948.6,60.29,0.0,84.6,0.3,5,180.261,2.508,96.201
3948.6,59.47,0.0,84.8,0.4,5,181.934,2.521,97.917
3948.6,58.23,0.0,84.5,0.5,5,184.404,2.540,100.445
3948.6,57.41,0.0,85.1,0.6,5,186.024,2.553,102.098
3960.2,56.20,0.0,86.1,0.7,5,188.414,2.570,104.530
3960.2,55.37,0.0,85.6,0.7,5,189.982,2.580,106.119
3960.2,54.13,0.0,84.7,0.5,5,192.296,2.593,108.455
3960.2,53.31,0.0,84.3,0.3,0,193.813,2.603,109.980
3971.0,52.12,0.0,86.1,0.4,4,196.052,2.618,112.217
3971.0,50.90,0.0,85.3,0.5,4,198.248,2.635,114.396
3971.0,50.08,0.0,84.7,0.6,4,199.687,2.648,115.815
3971.0,48.87,0.0,84.0,1.1,4,201.809,2.669,117.892
3981.0,48.07,0.0,84.4,1.4,4,203.201,2.685,119.244
3981.0,46.87,0.0,84.4,2.0,4,205.255,2.710,121.221
3981.0,46.08,0.0,84.4,2.2,4,206.603,2.727,122.504
3981.0,44.91,29.2,85.2,2.4,0,208.591,2.752,124.377
3990.2,44.12,0.0,84.9,2.7,3,209.896,2.769,125.591
3990.2,42.94,0.0,84.0,2.6,3,211.822,2.792,127.359
3990.2,42.16,0.0,83.4,2.4,3,213.085,2.806,128.501
3990.2,41.02,0.0,81.6,1.8,3,214.952,2.826,130.160
3998.6,40.27,0.0,80.1,0.9,3,216.179,2.838,131.229
3998.6,39.20,0.0,70.3,-0.4,3,217.993,2.853,132.779
3998.6,38.54,0.0,60.2,-1.2,3,219.187,2.862,133.776
3998.6,37.68,0.0,49.9,-2.4,3,220.963,2.872,135.218
4006.3,36.92,0.0,43.1,-1.7,3,222.728,2.879,136.596
4006.3,36.47,0.0,39.8,-0.2,3,223.901,2.883,137.479
4006.3,35.85,0.0,37.4,3.3,3,225.659,2.886,138.752
4006.3,35.46,0.0,35.8,6.3,3,226.830,2.887,139.568
4013.5,34.92,41.5,35.2,9.8,0,228.582,2.887,140.747
4013.5,34.57,0.0,35.7,10.5,2,229.749,2.886,141.504
4013.5,34.01,0.0,35.0,10.6,2,231.494,2.882,142.596
4013.5,33.64,0.0,34.1,10.6,2,232.653,2.879,143.295
4020.3,33.09,0.0,33.3,10.7,2,234.387,2.873,144.298
4020.3,32.74,0.0,31.7,10.7,2,235.539,2.869,144.936
4020.3,32.23,0.0,29.9,11.2,2,237.263,2.861,145.847
4020.3,31.91,0.0,26.1,12.0,2,238.410,2.855,146.424
4026.6,31.49,0.0,18.3,12.9,2,240.127,2.846,147.242
4026.6,31.26,0.0,14.4,13.7,2,241.271,2.839,147.758
4026.6,30.97,0.0,11.0,15.5,2,242.990,2.830,148.486
4026.6,30.72,0.0,7.5,17.5,2,244.714,2.820,149.161
4032.6,30.58,0.0,5.5,18.5,2,245.866,2.813,149.581
4032.6,30.38,0.0,4.5,19.7,2,247.599,2.803,150.165
4032.6,30.26,0.0,3.6,20.4,2,248.758,2.797,150.523
4032.6,30.09,0.0,2.1,21.3,2,250.501,2.787,151.013
4038.4,29.98,0.0,0.5,22.0,2,251.666,2.779,151.307
4038.4,29.82,0.0,3.5,18.8,2,253.417,2.767,151.701
4038.4,29.70,0.0,2.0,19.4,2,254.585,2.759,151.930
4038.4,29.56,1.1,0.0,21.1,2,256.338,2.747,152.225
4044.5,29.47,1.5,2.1,19.9,2,257.507,2.739,152.388
4044.5,29.32,0.0,0.3,20.5,2,259.260,2.728,152.583
4044.5,29.24,2.6,0.0,22.2,2,260.427,2.721,152.681
4044.5,29.12,1.7,0.0,24.9,2,262.176,2.712,152.778
4050.8,29.03,2.1,0.0,26.2,2,263.338,2.706,152.809
4050.8,28.92,5.4,0.0,27.7,2,265.077,2.698,152.804
4050.8,28.80,4.8,0.0,28.9,2,266.807,2.692,152.734
4050.8,28.72,6.8,0.0,29.5,2,267.955,2.689,152.651
4057.3,28.60,2.2,0.0,30.7,2,269.666,2.687,152.472
4057.3,28.52,5.0,0.0,32.3,2,270.798,2.686,152.317
4057.3,28.39,4.7,0.0,35.2,2,272.482,2.686,152.033
4057.3,28.30,2.5,0.0,36.8,0,273.593,2.686,151.809
4065.2,28.18,8.3,0.0,38.7,1,275.242,2.689,151.420
4065.2,28.08,6.4,0.0,39.1,1,276.328,2.693,151.123
4065.2,27.95,9.8,0.0,42.9,1,277.933,2.702,150.626
4065.2,27.87,13.4,0.0,46.0,1,278.988,2.709,150.260
4072.0,27.78,11.9,0.0,50.9,1,280.547,2.721,149.661
4072.0,27.67,15.3,0.0,56.1,1,282.075,2.735,149.003
4072.0,27.58,12.2,0.0,58.0,1,283.073,2.749,148.530
4078.7,27.44,10.7,0.0,57.5,1,284.538,2.773,147.771
4078.7,27.35,10.5,0.0,57.2,1,285.493,2.792,147.232
4078.7,27.22,10.4,0.0,56.8,1,286.891,2.822,146.381
4078.7,27.13,10.3,0.0,56.6,1,287.800,2.842,145.786
4085.8,27.00,10.3,0.0,55.9,1,289.130,2.873,144.854
4085.8,26.90,10.5,0.0,54.9,1,289.992,2.893,144.207
4085.8,26.78,12.2,0.0,52.3,1,291.248,2.925,143.199
4085.8,26.71,14.1,0.0,50.3,1,292.060,2.947,142.503
4091.3,26.64,18.6,0.0,46.7,1,293.239,2.981,141.422
4091.3,26.63,23.7,0.0,43.9,1,294.001,3.005,140.677
4091.3,26.69,36.9,0.0,39.7,1,295.108,3.040,139.523
4091.3,26.81,50.5,0.0,36.4,1,295.824,3.064,138.730
4096.6,27.16,79.1,0.0,30.5,1,296.873,3.097,137.499
4096.6,27.42,47.2,0.0,25.6,1,297.558,3.119,136.649
4096.6,27.71,56.2,0.0,18.3,1,298.559,3.150,135.334
4096.6,27.99,51.5,0.0,11.2,1,299.524,3.179,133.971
4101.9,28.19,51.3,0.0,7.4,1,300.148,3.198,133.038
4101.9,28.51,63.1,0.0,4.0,1,301.055,3.223,131.601
4101.9,28.78,65.3,0.0,3.2,1,301.643,3.239,130.618
4101.9,29.23,73.6,0.0,3.8,1,302.504,3.262,129.107
4107.4,29.55,76.9,0.0,4.6,1,303.064,3.276,128.075
4107.4,30.07,78.8,0.0,5.9,1,303.887,3.295,126.488
4107.4,30.41,80.0,0.0,6.9,1,304.424,3.306,125.405
4107.4,30.89,78.5,0.0,7.7,1,305.210,3.323,123.743
4113.3,31.25,86.9,0.0,8.2,1,305.720,3.333,122.611
4113.3,31.75,78.8,0.0,8.5,1,306.462,3.348,120.874
4113.3,32.10,86.9,0.0,8.9,1,306.941,3.358,119.691
4113.3,32.57,71.3,0.0,9.1,1,307.634,3.372,117.880
4119.7,32.87,81.1,0.0,9.2,1,308.077,3.381,116.649
4119.7,33.32,73.2,0.0,9.8,1,308.709,3.393,114.767
4119.7,33.74,75.8,0.0,9.4,1,309.301,3.404,112.845
4119.7,33.91,0.0,0.0,8.8,0,309.670,3.412,111.542
4126.4,34.01,89.0,0.0,8.9,2,310.175,3.424,109.572
4126.4,34.34,89.6,0.0,9.5,2,310.484,3.432,108.242
4126.4,34.82,86.1,0.0,10.4,2,310.911,3.447,106.212
4126.4,35.13,76.6,0.0,10.6,2,311.171,3.457,104.838
4133.3,35.46,54.0,0.0,10.9,2,311.518,3.474,102.749
4133.3,35.58,36.7,0.0,13.7,2,311.719,3.486,101.343
4133.3,35.57,7.0,1.9,14.7,2,311.970,3.506,99.222
4133.3,35.45,0.3,6.0,13.6,2,312.107,3.521,97.808
4140.4,35.15,0.0,29.1,10.3,2,312.266,3.544,95.694
4140.4,34.81,0.0,39.7,7.4,2,312.345,3.560,94.296
4140.4,34.16,0.0,51.3,3.5,2,312.428,3.587,92.227
4140.4,33.64,0.0,61.1,1.7,2,312.464,3.607,90.870
4147.1,32.75,0.0,69.7,0.3,2,312.496,3.638,88.877
4147.1,32.10,0.0,73.5,-1.1,2,312.507,3.660,87.579
4147.1,31.08,0.0,74.9,-4.0,2,312.513,3.694,85.682
4147.1,30.05,0.0,75.4,-6.4,0,312.517,3.728,83.846
4153.1,29.38,32.9,75.7,-7.7,0,312.522,3.750,82.657
4153.1,28.38,0.0,66.2,-8.9,1,312.539,3.782,80.922
4153.1,27.75,0.0,52.5,-9.3,1,312.559,3.803,79.798
4153.1,27.00,0.0,36.3,-9.9,1,312.608,3.833,78.157
4158.5,26.62,0.0,29.0,-10.9,1,312.656,3.852,77.085
4158.5,26.16,0.0,23.7,-13.3,1,312.756,3.878,75.505
4158.5,25.88,0.0,20.0,-14.9,1,312.841,3.893,74.467
4158.5,25.53,0.0,15.3,-17.0,1,312.999,3.915,72.933
4163.6,25.32,0.0,12.8,-17.9,1,313.125,3.928,71.923
4163.6,25.03,0.0,13.1,-19.1,1,313.346,3.947,70.428
4163.6,24.84,0.0,11.8,-19.7,1,313.516,3.959,69.445
4163.6,24.58,0.0,10.2,-20.5,1,313.803,3.975,67.990
4168.5,24.42,0.0,9.1,-20.3,1,314.017,3.985,67.034
4168.5,24.17,0.0,11.0,-20.6,1,314.373,3.999,65.619
4168.5,24.00,0.0,10.6,-21.5,1,314.631,4.007,64.691
4168.5,23.75,0.0,9.5,-23.0,1,315.052,4.018,63.321
4173.2,23.52,0.0,10.4,-23.7,1,315.512,4.027,61.979
4173.2,23.36,0.0,9.5,-23.9,1,315.842,4.033,61.101
4173.2,23.13,0.0,7.5,-24.6,1,316.369,4.039,59.810
4173.2,22.99,0.0,6.0,-25.4,1,316.742,4.043,58.967
4177.8,22.80,0.0,4.3,-26.5,1,317.336,4.047,57.728
4177.8,22.68,0.0,5.4,-27.0,1,317.753,4.048,56.920
4177.8,22.49,0.0,4.8,-27.6,1,318.413,4.049,55.736
4177.8,22.37,0.0,4.2,-27.9,1,318.874,4.049,54.965
4182.2,22.20,0.0,3.1,-28.4,1,319.596,4.047,53.840
4182.2,22.10,0.0,3.8,-28.6,1,320.099,4.045,53.110
4182.2,21.93,0.0,5.3,-28.7,1,320.882,4.040,52.046
4182.2,21.80,0.0,5.1,-29.0,1,321.422,4.036,51.358
4186.3,21.62,0.0,5.2,-29.4,1,322.260,4.030,50.361
4186.3,21.44,0.0,5.5,-29.7,1,323.130,4.022,49.405
4186.3,21.32,0.0,7.2,-29.9,1,323.726,4.016,48.791
4190.3,21.12,0.0,7.0,-29.4,1,324.644,4.008,47.908
4190.3,20.99,0.0,6.3,-30.0,1,325.270,4.002,47.344
4190.3,20.81,0.0,5.1,-31.8,1,326.228,3.992,46.535
4190.3,20.69,0.0,4.2,-33.1,1,326.881,3.985,46.022
4194.2,20.52,0.0,4.1,-35.6,1,327.878,3.973,45.290
4194.2,20.42,1.9,0.6,-37.5,1,328.555,3.965,44.829
4194.2,20.41,29.1,0.0,-38.9,1,329.591,3.951,44.178
4194.2,20.51,43.1,0.0,-39.6,1,330.299,3.943,43.769
4198.2,20.75,57.8,0.0,-40.9,1,331.391,3.929,43.189
4198.2,20.96,63.9,0.0,-42.5,1,332.140,3.919,42.824
4198.2,21.34,49.7,0.0,-42.8,1,333.298,3.903,42.307
4198.2,21.48,45.7,0.0,-41.5,1,334.092,3.893,41.986
4202.6,21.70,47.6,0.0,-38.6,1,335.311,3.877,41.549
4202.6,21.86,53.8,0.0,-36.6,1,336.141,3.867,41.287
4202.6,22.15,53.9,0.0,-36.0,1,337.413,3.852,40.938
4202.6,22.44,56.8,0.0,-37.4,1,338.717,3.838,40.642
4207.5,22.63,54.2,0.0,-38.9,1,339.602,3.829,40.474
4207.5,22.90,52.6,0.0,-42.3,1,340.952,3.816,40.270
4207.5,23.06,41.9,0.0,-45.0,1,341.865,3.808,40.165
4207.5,23.18,29.9,0.0,-50.0,1,343.248,3.796,40.054
4212.8,23.20,23.8,0.0,-53.4,1,344.175,3.788,40.012
4212.8,23.19,20.2,0.0,-57.3,1,345.566,3.777,39.997
4212.8,23.17,18.3,0.0,-59.3,1,346.493,3.770,40.018
4212.8,23.12,15.7,0.0,-62.1,1,347.880,3.760,40.098
4218.2,23.07,14.1,0.0,-63.1,1,348.800,3.754,40.184
4218.2,22.98,12.2,0.0,-63.3,1,350.170,3.746,40.362
4218.2,22.91,12.0,0.0,-62.7,1,351.075,3.741,40.513
4218.2,22.82,12.7,0.0,-60.9,1,352.418,3.735,40.790
4224.9,22.76,13.4,0.0,-58.9,1,353.304,3.732,41.007
4224.9,22.69,17.0,0.0,-54.6,1,354.615,3.727,41.381
4224.9,22.69,26.8,0.0,-48.7,1,355.905,3.724,41.813
4224.9,22.75,38.0,0.0,-43.9,1,356.755,3.722,42.132
4230.3,23.01,72.0,0.0,-36.9,1,358.021,3.720,42.659
4230.3,23.31,71.7,0.0,-30.9,1,358.863,3.719,43.042
4230.3,23.70,73.9,0.0,-21.1,1,360.128,3.720,43.664
4230.3,24.01,65.5,0.0,-16.2,1,360.971,3.721,44.110
4235.6,24.50,81.4,0.0,-11.4,1,362.237,3.724,44.824
4235.6,24.86,77.8,0.0,-9.2,1,363.084,3.727,45.329
4235.6,25.43,84.6,0.0,-8.4,1,364.362,3.735,46.128
4235.6,25.84,83.7,0.0,-8.8,1,365.220,3.741,46.688
4240.9,26.44,89.4,0.0,-10.4,1,366.515,3.752,47.570
4240.9,26.84,75.4,0.0,-11.3,1,367.385,3.760,48.185
4240.9,27.40,88.7,0.0,-13.4,1,368.693,3.773,49.150
4240.9,27.76,67.0,0.0,-13.8,1,369.567,3.781,49.823
4246.2,28.25,77.9,0.0,-12.9,1,370.874,3.794,50.876
4246.2,28.73,75.3,0.0,-14.1,1,372.175,3.806,51.984
4246.2,29.06,75.7,0.0,-15.4,1,373.037,3.814,52.753
4246.2,29.51,70.1,0.0,-12.2,1,374.320,3.825,53.952
4251.6,29.82,72.5,0.0,-11.3,1,375.167,3.832,54.783
4251.6,30.28,73.9,0.0,-15.0,1,376.423,3.842,56.075
4251.6,30.59,75.9,0.0,-15.3,1,377.249,3.848,56.968
4251.6,31.04,73.3,0.0,-12.3,1,378.470,3.858,58.355
4257.4,31.33,70.5,0.0,-14.2,1,379.271,3.864,59.310
4257.4,31.76,71.3,0.0,-16.5,1,380.449,3.872,60.790
4257.4,32.02,71.1,0.0,-13.8,1,381.218,3.877,61.808
4257.4,32.42,67.7,0.0,-14.3,1,382.344,3.884,63.378
4263.5,32.67,69.3,0.0,-15.3,1,383.075,3.887,64.455
4263.5,33.04,63.8,0.0,-12.4,1,384.139,3.891,66.113
4263.5,33.29,69.4,0.0,-13.1,1,384.827,3.894,67.247
4263.5,33.68,72.9,0.0,-13.3,1,385.823,3.897,68.991
4269.9,33.99,0.0,0.0,-9.5,0,386.776,3.901,70.785
4269.9,33.96,87.1,0.0,-9.5,2,387.382,3.903,72.001
4269.9,34.40,88.7,0.0,-6.4,2,388.251,3.906,73.857
4269.9,34.75,89.3,0.0,-4.0,2,388.812,3.908,75.120
4276.6,35.23,87.2,0.0,-1.6,2,389.632,3.909,77.051
4276.6,35.53,78.8,0.0,-1.0,2,390.164,3.910,78.362
4276.6,35.96,83.2,0.0,-0.3,2,390.942,3.909,80.360
4276.6,36.29,89.4,0.0,-0.1,2,391.449,3.907,81.713
4283.6,36.67,58.0,0.0,-0.5,2,392.192,3.903,83.771
4283.6,36.83,53.2,0.0,-0.7,2,392.676,3.899,85.160
4283.6,37.15,69.2,0.0,-0.8,2,393.380,3.889,87.265
4283.6,37.46,71.3,0.0,-0.0,2,393.838,3.883,88.685
4290.9,37.91,89.7,0.0,-1.1,2,394.509,3.877,90.842
4290.9,38.16,82.8,0.0,-1.9,2,394.947,3.874,92.298
4290.9,38.61,83.0,0.0,-2.4,2,395.592,3.870,94.508
4290.9,38.97,89.6,0.0,-3.0,2,396.014,3.867,96.000
4298.4,39.48,89.8,0.0,-2.8,2,396.636,3.864,98.270
4298.4,39.99,89.8,0.0,-2.1,2,397.245,3.863,100.575
4298.4,40.30,89.9,0.0,-2.0,2,397.645,3.861,102.129
4306.2,40.82,89.9,0.0,-0.6,2,398.236,3.855,104.489
4306.2,41.14,89.9,0.0,-0.7,2,398.622,3.851,106.082
4306.2,41.59,89.9,0.0,-2.1,2,399.189,3.848,108.497
4306.2,41.76,0.0,0.0,-2.5,0,399.561,3.846,110.123
4314.4,41.91,89.6,0.0,-2.7,3,400.106,3.842,112.570
4314.4,42.19,89.6,0.0,-3.1,3,400.463,3.839,114.213
4314.4,42.61,89.6,0.0,-3.5,3,400.988,3.836,116.701
4314.4,42.89,89.6,0.0,-3.8,3,401.330,3.834,118.376
4322.8,43.30,89.7,0.0,-4.2,3,401.830,3.831,120.912
4322.8,43.57,89.7,0.0,-4.5,3,402.152,3.830,122.619
4322.8,43.98,89.7,0.0,-5.7,3,402.617,3.828,125.203
4322.8,44.25,89.7,0.0,-6.3,3,402.913,3.826,126.942
4331.5,44.66,89.7,0.0,-6.4,3,403.333,3.822,129.575
4331.5,45.05,89.7,0.0,-6.2,3,403.720,3.817,132.238
4331.5,45.31,89.7,0.0,-6.1,3,403.958,3.813,134.029
4331.5,45.72,89.7,0.0,-5.9,3,404.283,3.807,136.739
4340.4,45.97,89.7,0.0,-5.8,3,404.479,3.803,138.562
4340.4,46.37,89.8,0.0,-5.9,3,404.739,3.798,141.319
4340.4,46.63,89.8,0.0,-6.3,3,404.891,3.793,143.172
4340.4,47.01,89.8,0.0,-6.4,3,405.086,3.786,145.974
4349.5,47.26,89.8,0.0,-6.2,3,405.193,3.782,147.856
4349.5,47.64,89.8,0.0,-6.1,3,405.319,3.775,150.699
4349.5,47.89,89.8,0.0,-6.5,3,405.379,3.771,152.609
4349.5,48.26,89.8,0.0,-7.0,3,405.432,3.764,155.492
4359.0,48.50,89.9,0.0,-7.3,3,405.442,3.760,157.427
4359.0,48.86,89.9,0.0,-7.5,3,405.417,3.752,160.347
4359.0,49.10,89.9,0.0,-7.6,3,405.373,3.748,162.305
4359.0,49.45,89.9,0.0,-8.4,3,405.263,3.741,165.259
4368.7,49.80,89.9,0.0,-8.7,3,405.100,3.733,168.231
4368.7,50.03,89.9,0.0,-8.9,3,404.960,3.728,170.223
4368.7,50.36,89.9,0.0,-9.5,3,404.700,3.721,173.222
4368.7,50.58,90.0,0.0,-9.9,3,404.494,3.716,175.230
4378.6,50.91,90.0,0.0,-10.2,3,404.134,3.707,178.253
4378.6,51.12,90.1,0.0,-10.6,3,403.858,3.701,180.274
4378.6,51.43,90.0,0.0,-11.4,3,403.390,3.693,183.314
4378.6,51.52,0.0,0.0,-11.7,0,403.041,3.687,185.344
4388.7,51.56,89.8,0.0,-11.5,4,402.463,3.678,188.379
4388.7,51.74,89.8,0.0,-10.9,4,402.038,3.673,190.401
4388.7,52.03,89.8,0.0,-10.5,4,401.340,3.665,193.434
4388.7,52.21,89.8,0.0,-10.9,4,400.836,3.661,195.456
4399.4,52.49,89.8,0.0,-11.1,4,400.019,3.654,198.489
4399.4,52.67,89.8,0.0,-11.0,4,399.434,3.650,200.508
4399.4,52.94,83.9,0.0,-11.6,4,398.493,3.648,203.533
4399.4,53.21,74.2,0.0,-12.6,4,397.481,3.646,206.552
4410.5,53.38,67.6,0.0,-13.6,4,396.767,3.645,208.561
4410.5,53.66,57.9,0.0,-14.6,4,395.638,3.642,211.566
4410.5,53.84,57.3,0.0,-14.9,4,394.844,3.643,213.564
4410.5,54.09,57.5,0.0,-14.3,4,393.591,3.648,216.549
4422.0,54.26,57.7,0.0,-13.7,4,392.715,3.653,218.531
4422.0,54.51,57.8,0.0,-13.0,4,391.342,3.659,221.490
4422.0,54.69,57.8,0.0,-13.0,4,390.387,3.665,223.454
4422.0,54.93,53.6,0.0,-13.4,4,388.896,3.674,226.384
4433.5,55.09,56.3,0.0,-13.7,4,387.864,3.680,228.327
4433.5,55.34,57.3,0.0,-13.9,4,386.262,3.687,231.226
4433.5,55.51,58.0,0.0,-13.8,4,385.159,3.688,233.149
4433.5,55.77,57.4,0.0,-13.2,4,383.452,3.688,236.017
4444.7,55.94,58.1,0.0,-12.9,4,382.276,3.688,237.917
4444.7,56.19,58.2,0.0,-11.3,4,380.455,3.689,240.744
4444.7,56.44,58.3,0.0,-11.7,4,378.567,3.692,243.546
4444.7,56.61,58.3,0.0,-11.9,4,377.270,3.696,245.397
4455.7,56.84,58.4,0.0,-12.4,4,375.270,3.705,248.150
4455.7,57.01,58.4,0.0,-12.5,4,373.901,3.711,249.969
4455.7,57.34,58.6,0.0,-10.5,4,371.078,3.723,253.567
4466.9,57.51,58.6,0.0,-8.9,4,369.624,3.730,255.345
4466.9,57.76,58.7,0.0,-7.3,4,367.392,3.740,257.986
4466.9,57.93,58.7,0.0,-6.9,4,365.872,3.747,259.730
4466.9,58.20,58.8,0.0,-6.3,4,363.548,3.756,262.324
4478.4,58.38,58.9,0.0,-5.9,4,361.970,3.760,264.040
4478.4,58.64,58.9,0.0,-5.3,4,359.563,3.766,266.595
4478.4,58.90,59.0,0.0,-5.1,4,357.109,3.770,269.127
4478.4,59.08,59.0,0.0,-5.1,4,355.450,3.771,270.804
4490.1,59.35,59.0,0.0,-5.1,4,352.925,3.769,273.302
4490.1,59.52,59.2,0.0,-5.0,4,351.218,3.768,274.956
4490.1,59.74,59.7,0.0,-5.3,4,348.623,3.771,277.418
4490.1,59.90,59.3,0.0,-4.9,4,346.871,3.773,279.047
4502.0,60.18,59.2,0.0,-4.1,4,344.208,3.780,281.472
4502.0,60.33,59.2,0.0,-3.0,4,342.409,3.788,283.075
4502.0,60.53,58.5,0.0,-2.2,0,339.681,3.799,285.463
4502.0,60.49,0.0,0.0,-1.2,0,337.847,3.801,287.045
4514.1,60.63,81.0,0.0,0.3,5,335.083,3.794,289.399
4514.1,60.80,74.2,0.0,0.8,5,333.225,3.788,290.962
4514.1,61.00,64.2,0.0,0.1,5,330.418,3.786,293.300
4514.1,61.24,56.1,0.0,-0.2,5,327.596,3.786,295.642
4576.4,64.34,57.3,0.0,0.5,5,287.277,3.819,329.668
4576.4,64.48,57.4,0.0,0.5,5,285.322,3.814,331.346
4576.4,64.69,57.5,0.0,0.5,5,282.386,3.806,333.875
4576.4,64.84,57.6,0.0,0.4,5,280.426,3.800,335.568
4589.4,65.04,57.7,0.0,0.3,5,277.481,3.794,338.118
4589.4,65.18,57.8,0.0,0.4,5,275.514,3.794,339.825
4589.4,65.39,57.9,0.0,0.3,5,272.559,3.794,342.395
4589.4,65.60,57.9,0.0,0.2,5,269.598,3.797,344.977
4602.4,65.73,58.0,0.0,0.2,5,267.619,3.798,346.704
4602.4,65.93,58.0,0.0,0.1,5,264.646,3.803,349.304
4602.4,66.07,58.1,0.0,0.1,5,262.660,3.810,351.043
4602.4,66.27,58.1,0.0,0.1,5,259.674,3.823,353.659
4615.6,66.40,58.1,0.0,0.1,5,257.679,3.832,355.409
4615.6,66.60,58.2,0.0,0.1,5,254.680,3.847,358.039
4615.6,66.74,58.2,0.0,0.0,5,252.675,3.855,359.798
4615.6,66.93,58.3,0.0,-0.0,5,249.662,3.869,362.443
4629.0,67.05,58.3,0.0,0.0,5,247.649,3.881,364.211
4629.0,67.25,58.3,0.0,0.1,5,244.621,3.895,366.869
4629.0,67.38,58.3,0.0,0.1,5,242.598,3.902,368.645
4629.0,67.57,58.4,0.0,0.1,5,239.557,3.912,371.317
4642.4,67.70,58.4,0.0,0.0,5,237.525,3.918,373.103
4642.4,67.89,58.5,0.0,0.1,5,234.470,3.924,375.788
4642.4,68.08,58.5,0.0,0.0,5,231.407,3.924,378.481
4642.4,68.20,58.5,0.0,0.0,5,229.360,3.923,380.280
4656.0,68.38,58.6,0.0,0.0,5,226.284,3.920,382.986
4656.0,68.51,58.6,0.0,0.0,5,224.229,3.916,384.795
4656.0,68.69,58.7,0.0,0.0,5,221.139,3.912,387.513
4656.0,68.81,58.8,0.0,0.0,5,219.075,3.909,389.330
4669.7,68.99,58.8,0.0,0.0,5,215.973,3.903,392.061
4669.7,69.11,58.8,0.0,0.0,5,213.900,3.899,393.886
4669.7,69.29,58.9,0.0,0.0,5,210.784,3.890,396.630
4669.7,69.41,58.9,0.0,0.0,5,208.703,3.885,398.463
4683.6,69.58,59.0,0.0,0.1,5,205.575,3.878,401.220
4683.6,69.70,59.0,0.0,0.1,5,203.485,3.875,403.061
4683.6,69.88,59.1,0.0,0.1,5,200.344,3.870,405.830
4697.5,70.05,59.1,0.0,0.1,5,197.195,3.865,408.606
4697.5,70.16,59.1,0.0,0.1,5,195.092,3.862,410.460
4697.5,70.34,59.2,0.0,0.1,5,191.932,3.856,413.248
4697.5,70.45,59.2,0.0,0.1,5,189.820,3.852,415.111
4711.6,70.62,59.2,0.0,0.1,5,186.648,3.847,417.912
4711.6,70.73,59.2,0.0,0.1,5,184.529,3.844,419.783
4711.6,70.90,59.2,0.0,0.1,5,181.345,3.840,422.595
4711.6,71.01,59.3,0.0,0.1,5,179.218,3.838,424.475
4725.8,71.17,59.3,0.0,0.1,5,176.023,3.834,427.300
4725.8,71.28,59.3,0.0,0.1,5,173.890,3.831,429.188
4725.8,71.45,59.3,0.0,0.2,5,170.684,3.824,432.027
4725.8,71.55,59.3,0.0,0.2,5,168.544,3.819,433.924
4740.0,71.71,59.4,0.0,0.1,5,165.329,3.815,436.776
4740.0,71.82,59.4,0.0,0.1,5,163.182,3.813,438.681
4740.0,71.97,59.4,0.0,0.1,5,159.958,3.812,441.546
4740.0,72.08,59.4,0.0,0.1,5,157.805,3.812,443.460
4754.5,72.23,59.4,0.0,0.2,5,154.571,3.812,446.338
4754.5,72.38,59.3,0.0,0.1,5,151.332,3.816,449.224
4754.5,72.48,59.3,0.0,0.2,5,149.169,3.819,451.151
4754.5,72.63,59.2,0.0,0.1,5,145.921,3.823,454.049
4769.0,72.73,59.1,0.0,0.1,5,143.753,3.824,455.985
4769.0,72.87,59.0,0.0,0.1,5,140.495,3.826,458.895
4769.0,72.96,58.9,0.0,0.0,5,138.321,3.828,460.839
4769.0,73.10,58.8,0.0,0.0,5,135.055,3.831,463.761
4783.5,73.20,58.8,0.0,0.0,5,132.875,3.832,465.712
4783.5,73.26,0.0,0.0,0.1,0,129.601,3.834,468.643
4783.5,73.18,88.2,0.0,0.1,6,127.419,3.836,470.597
4783.5,73.31,78.6,0.0,0.0,6,124.146,3.839,473.529
4798.2,73.41,72.3,0.0,0.0,6,121.960,3.840,475.487
4798.2,73.55,62.7,0.0,0.0,6,118.677,3.842,478.429
4798.2,73.64,58.2,0.0,0.0,6,116.485,3.842,480.393
4798.2,73.78,58.3,0.0,-0.0,6,113.192,3.841,483.344
4812.9,73.86,58.3,0.0,-0.0,6,110.993,3.839,485.315
4812.9,74.00,58.3,0.0,-0.0,6,107.690,3.836,488.276
4812.9,74.14,58.3,0.0,-0.0,6,104.381,3.829,491.241
4812.9,74.23,58.4,0.0,-0.0,6,102.171,3.823,493.221
4827.7,74.36,58.4,0.0,0.0,6,98.851,3.815,496.196
4827.7,74.44,58.4,0.0,0.0,6,96.635,3.809,498.181
4827.7,74.58,58.4,0.0,-0.6,6,93.305,3.798,501.164
4827.7,74.67,58.4,0.0,-0.1,6,91.080,3.788,503.154
4842.7,74.79,58.5,0.0,0.1,6,87.738,3.771,506.142
4842.7,74.88,58.5,0.0,0.0,6,85.505,3.759,508.136
4842.7,75.01,58.5,0.0,-0.9,6,82.152,3.739,511.131
4842.7,75.09,58.5,0.0,-0.7,6,79.911,3.725,513.129
4857.6,75.22,58.6,0.0,0.3,6,76.544,3.704,516.127
4857.6,75.30,58.6,0.0,0.6,6,74.294,3.689,518.127
4857.6,75.43,58.6,0.0,-0.6,6,70.913,3.667,521.129
4857.6,75.51,58.6,0.0,-1.1,6,68.655,3.652,523.133
4872.7,75.64,58.7,0.0,0.0,6,65.262,3.627,526.141
4872.7,75.72,58.7,0.0,0.8,6,62.995,3.610,528.147
4872.7,75.84,58.7,0.0,-0.3,6,59.589,3.583,531.158
4872.7,75.97,58.7,0.0,-1.1,6,56.176,3.553,534.174
4887.9,76.05,58.8,0.0,-0.3,6,53.896,3.531,536.185
4887.9,76.17,58.8,0.0,0.7,6,50.469,3.497,539.202
4887.9,76.25,58.8,0.0,0.8,6,48.180,3.473,541.215
4887.9,76.37,58.9,0.0,0.5,6,44.742,3.435,544.239
4903.1,76.46,58.9,0.0,0.4,6,42.449,3.408,546.260
4903.1,76.58,58.9,0.0,0.3,6,39.009,3.364,549.300
4903.1,76.66,58.9,0.0,0.3,6,36.715,3.332,551.332
4903.1,76.78,58.9,0.0,0.4,6,33.273,3.278,554.387
4918.4,76.86,59.0,0.0,0.3,6,30.978,3.239,556.430
4918.4,76.97,59.0,0.0,0.2,6,27.534,3.183,559.500
4918.4,77.05,59.0,0.0,0.1,6,25.237,3.144,561.553
4918.4,77.17,59.1,0.0,0.1,6,21.790,3.086,564.638
4933.8,77.25,59.1,0.0,0.1,6,19.491,3.047,566.699
4933.8,77.36,59.1,0.0,0.1,6,16.038,2.986,569.796
4933.8,77.44,59.1,0.0,-0.1,6,13.735,2.946,571.864
4933.8,77.55,59.2,0.0,-0.4,6,10.276,2.888,574.971
4949.3,77.67,59.2,0.0,-0.0,6,6.812,2.830,578.082
4949.3,77.74,59.2,4.0,-0.0,6,4.499,2.794,580.158
4949.3,77.28,0.0,67.1,-0.4,6,1.032,2.740,583.267
4949.3,76.57,0.0,80.5,-0.7,6,-1.261,2.700,585.322
4964.8,75.30,0.0,83.5,-0.7,6,-4.658,2.640,588.361
5093.4,39.18,0.0,3.1,-14.5,3,-112.331,1.071,661.204
5156.4,34.61,4.4,0.0,-19.6,3,-170.199,0.613,650.877
5163.9,34.49,45.1,0.3,-24.5,0,-171.901,0.607,649.693
5163.9,34.37,17.0,0.0,-27.6,2,-173.561,0.602,648.464
5163.9,34.36,28.1,0.0,-28.4,2,-174.643,0.600,647.616
5171.8,34.42,40.0,0.0,-28.6,2,-176.227,0.602,646.296
5171.8,34.52,52.6,0.0,-29.4,2,-177.262,0.606,645.385
5171.8,34.78,64.6,0.0,-31.9,2,-178.789,0.609,643.976
5171.8,34.96,62.6,0.0,-33.0,2,-179.791,0.612,643.006
5179.6,35.17,43.7,0.0,-34.2,2,-181.266,0.614,641.506
5179.6,35.21,36.8,0.0,-35.1,2,-182.224,0.618,640.475
5179.6,35.25,30.7,0.0,-35.6,2,-183.620,0.624,638.888
5179.6,35.26,29.2,0.0,-35.5,2,-184.964,0.633,637.254
5186.9,35.27,30.3,0.0,-36.0,2,-185.830,0.640,636.142
5186.9,35.30,31.5,0.0,-37.0,2,-187.088,0.651,634.439
5186.9,35.32,29.4,0.0,-38.1,2,-187.899,0.657,633.282
5186.9,35.29,19.6,0.0,-39.0,2,-189.074,0.668,631.519
5194.0,35.24,17.1,0.0,-38.6,2,-189.827,0.675,630.326
5194.0,35.17,20.9,0.0,-37.6,2,-190.908,0.686,628.511
5194.0,35.15,27.6,0.0,-36.4,2,-191.595,0.695,627.284
5194.0,35.19,34.6,0.0,-34.4,2,-192.581,0.707,625.419
5200.8,35.25,38.5,0.0,-33.1,2,-193.512,0.717,623.522
5200.8,35.32,41.2,0.0,-32.0,2,-194.102,0.722,622.241
5200.8,35.44,46.1,0.0,-30.3,2,-194.943,0.728,620.292
5200.8,35.54,49.9,0.0,-29.0,2,-195.473,0.731,618.975
5207.6,35.75,55.0,0.0,-27.2,2,-196.224,0.733,616.973
5207.6,35.90,63.4,0.0,-26.3,2,-196.695,0.733,615.620
5207.6,36.25,83.1,0.0,-25.1,2,-197.358,0.733,613.561
5207.6,36.52,81.1,0.0,-24.2,2,-197.773,0.733,612.167
5214.5,36.85,68.7,0.0,-22.6,2,-198.351,0.733,610.044
5214.5,37.06,73.6,0.0,-21.4,2,-198.704,0.734,608.609
5214.5,37.42,82.3,0.0,-20.0,2,-199.188,0.735,606.429
5214.5,37.63,66.6,0.0,-18.3,2,-199.479,0.736,604.957
5221.8,37.94,71.2,0.0,-14.6,2,-199.867,0.738,602.724
5221.8,38.13,71.2,0.0,-12.6,2,-200.089,0.740,601.219
5221.8,38.42,74.4,0.0,-8.5,2,-200.371,0.745,598.941
5221.8,38.63,72.6,0.0,-5.8,2,-200.523,0.750,597.408
5229.5,38.95,82.1,0.0,-1.3,2,-200.701,0.758,595.088
5229.5,39.37,86.6,0.0,2.7,2,-200.820,0.768,592.742
5229.5,39.68,89.8,0.0,4.4,2,-200.870,0.776,591.163
5229.5,40.12,51.7,2.5,6.2,2,-200.908,0.791,588.769
5237.4,40.07,4.7,22.6,5.5,2,-200.914,0.803,587.164
5237.4,39.62,0.0,42.4,4.6,2,-200.919,0.821,584.772
5237.4,39.19,0.0,56.9,4.8,2,-200.928,0.831,583.194
5237.4,38.31,0.0,64.4,4.9,2,-200.957,0.848,580.868
5245.3,37.69,0.0,58.0,5.4,2,-200.989,0.859,579.347
5245.3,36.87,0.0,47.1,6.6,2,-201.059,0.876,577.110
5245.3,36.39,0.0,41.2,7.5,2,-201.123,0.888,575.646
5245.3,35.78,0.0,29.0,8.9,2,-201.249,0.905,573.484
5252.7,35.46,0.0,23.4,9.8,2,-201.355,0.916,572.063
5252.7,35.05,0.0,16.7,11.3,2,-201.547,0.932,569.956
5252.7,34.83,0.0,12.1,12.5,2,-201.699,0.941,568.566
5252.7,34.55,0.0,7.4,13.9,2,-201.964,0.954,566.501
5259.9,34.40,0.0,7.1,14.8,2,-202.168,0.963,565.137
5259.9,34.16,0.0,7.0,14.6,2,-202.518,0.976,563.110
5259.9,33.93,0.0,7.6,13.2,2,-202.919,0.990,561.106
5259.9,33.78,0.0,6.8,12.7,2,-203.213,0.999,559.784
5267.0,33.56,0.0,5.2,13.0,2,-203.695,1.013,557.822
5267.0,33.41,0.0,20.0,13.1,2,-204.044,1.024,556.529
5267.0,32.96,0.0,32.0,13.4,2,-204.605,1.040,554.616
5267.0,32.61,0.0,27.6,13.5,2,-205.000,1.052,553.365
5273.9,31.94,0.0,52.0,13.3,2,-205.623,1.068,551.528
5273.9,31.43,0.0,39.5,12.7,2,-206.054,1.080,550.335
5273.9,30.85,0.0,26.7,11.8,2,-206.728,1.098,548.593
5273.9,30.55,0.0,21.3,11.6,2,-207.198,1.110,547.458
5281.1,30.17,0.0,12.9,12.1,2,-207.936,1.129,545.793
5281.1,29.99,0.0,11.0,13.3,2,-208.450,1.142,544.705
5281.1,29.71,0.0,14.4,15.5,2,-209.253,1.163,543.103
5281.1,29.51,0.0,15.6,16.7,2,-209.808,1.176,542.056
5287.8,29.19,0.0,16.2,17.9,2,-210.667,1.195,540.518
5287.8,28.88,0.0,12.2,18.4,2,-211.560,1.214,539.022
5287.8,28.69,0.0,9.5,18.7,2,-212.174,1.226,538.048
5294.9,28.45,0.0,7.4,19.4,0,-213.127,1.243,536.623
5294.9,28.34,38.7,6.1,20.1,0,-213.782,1.255,535.695
5294.9,28.14,0.0,3.6,20.8,1,-214.798,1.272,534.338
5294.9,28.01,0.0,2.1,21.6,1,-215.496,1.283,533.458
5301.0,27.83,0.0,0.3,23.0,1,-216.573,1.298,532.175
5301.0,27.73,0.6,0.0,24.1,1,-217.312,1.308,531.345
5301.0,27.59,3.3,0.0,26.0,1,-218.450,1.322,530.137
5301.0,27.50,3.9,0.0,27.0,1,-219.229,1.332,529.357
5306.9,27.39,8.2,0.0,28.7,1,-220.427,1.344,528.228
5306.9,27.34,11.4,0.0,29.7,1,-221.246,1.352,527.502
5306.9,27.27,12.4,0.0,31.0,1,-222.505,1.364,526.453
5306.9,27.25,17.3,0.0,32.0,1,-223.364,1.371,525.782
5312.6,27.25,23.3,0.0,33.6,1,-224.682,1.381,524.815
5312.6,27.27,24.3,0.0,34.8,1,-225.581,1.387,524.198
5312.6,27.32,27.2,0.0,36.9,1,-226.960,1.396,523.314
5312.6,27.38,25.2,0.0,39.6,1,-228.372,1.404,522.480
5318.3,27.38,20.3,0.0,41.7,1,-229.332,1.408,521.951
5340.8,26.07,9.5,0.0,58.3,1,-250.518,1.419,516.860
5340.8,25.99,9.7,0.0,57.5,1,-251.558,1.415,516.904
5340.8,25.87,10.6,0.0,55.8,1,-253.110,1.410,517.022
5340.8,25.80,11.6,0.0,54.3,1,-254.137,1.406,517.134
5346.1,25.71,14.1,0.0,51.7,1,-255.667,1.399,517.352
5346.1,25.66,18.2,0.0,48.6,1,-257.183,1.391,517.629
5346.1,25.66,22.4,0.0,46.5,1,-258.186,1.386,517.847
5346.1,25.70,30.1,0.0,43.6,1,-259.680,1.376,518.221
5351.5,25.78,36.9,0.0,41.6,1,-260.670,1.369,518.503
5351.5,25.98,52.2,0.0,38.2,1,-262.149,1.357,518.972
5351.5,26.19,68.0,0.0,35.3,1,-263.133,1.348,519.317
5351.5,26.60,51.5,0.0,29.4,1,-264.612,1.333,519.883
5356.9,26.83,64.1,0.0,25.3,1,-265.597,1.323,520.295
5356.9,27.17,53.6,0.0,19.7,1,-267.072,1.307,520.965
5356.9,27.41,66.0,0.0,17.3,1,-268.051,1.296,521.445
5356.9,27.79,61.2,0.0,15.5,1,-269.516,1.279,522.216
5362.5,28.06,64.7,0.0,15.0,1,-270.488,1.268,522.764
5362.5,28.47,66.8,0.0,14.7,1,-271.941,1.250,523.637
5362.5,28.78,75.8,0.0,15.7,1,-272.906,1.237,524.252
5362.5,29.25,69.4,0.0,17.8,1,-274.350,1.218,525.224
5368.5,29.56,71.1,0.0,18.6,1,-275.308,1.204,525.905
5368.5,30.00,64.6,0.0,19.0,1,-276.736,1.183,526.978
5368.5,30.42,75.0,0.0,19.2,1,-278.149,1.161,528.111
5368.5,30.72,69.7,0.0,19.4,1,-279.081,1.146,528.901
5375.2,31.12,67.6,0.0,19.6,1,-280.464,1.124,530.137
5375.2,31.39,69.5,0.0,19.8,1,-281.373,1.108,530.995
5375.2,31.79,67.9,0.0,20.7,1,-282.716,1.084,532.330
5375.2,32.03,67.9,0.0,21.4,1,-283.596,1.067,533.254
5381.9,32.37,62.5,0.0,21.5,1,-284.888,1.042,534.690
5381.9,32.61,69.3,0.0,21.9,1,-285.729,1.026,535.680
5381.9,32.98,66.8,0.0,23.0,1,-286.960,1.002,537.213
5381.9,33.22,68.8,0.0,24.0,1,-287.760,0.987,538.268
5388.8,33.56,63.2,0.0,25.8,1,-288.925,0.964,539.896
5388.8,33.77,61.3,0.0,27.4,1,-289.679,0.949,541.012
5388.8,34.08,63.3,0.0,31.2,1,-290.771,0.925,542.728
5388.8,34.26,51.8,0.0,34.0,1,-291.474,0.909,543.899
5426.7,34.31,0.0,0.0,18.6,0,-299.982,0.672,570.979
5426.7,34.29,89.6,0.0,13.8,2,-300.073,0.665,572.347
5426.7,34.77,89.6,0.0,6.2,2,-300.162,0.654,574.415
5426.7,35.30,89.6,0.0,1.6,2,-300.202,0.645,576.516
5464.4,41.87,89.6,0.0,9.4,3,-295.827,0.491,610.361
5464.4,42.27,89.5,0.0,8.2,3,-295.107,0.469,612.779
5464.4,42.53,84.9,0.0,8.1,3,-294.596,0.452,614.396
5472.8,42.89,79.8,0.0,6.1,3,-293.783,0.423,616.824
5472.8,43.11,78.3,0.0,4.8,3,-293.210,0.404,618.445
5472.8,43.46,75.9,0.0,3.7,3,-292.308,0.372,620.880
5472.8,43.68,74.6,0.0,3.8,3,-291.684,0.349,622.506
5481.4,44.00,73.3,0.0,3.9,3,-290.718,0.310,624.952
5481.4,44.19,73.5,0.0,3.7,3,-290.054,0.287,626.585
5481.4,44.50,72.9,0.0,3.3,3,-289.034,0.253,629.040
5481.4,44.69,72.3,0.0,2.9,3,-288.336,0.230,630.682
5490.1,45.00,71.7,0.0,2.6,3,-287.268,0.192,633.152
5490.1,45.14,72.6,0.0,2.1,3,-286.541,0.163,634.801
5490.1,45.47,75.3,0.0,0.7,3,-285.429,0.113,637.280
5490.1,45.83,74.5,0.0,-0.3,3,-284.289,0.057,639.769
5499.2,46.06,75.9,0.0,-0.0,3,-283.512,0.021,641.434
5499.2,46.38,73.2,0.0,1.6,3,-282.318,-0.024,643.936
5499.2,46.58,72.7,0.0,2.5,3,-281.506,-0.051,645.607
5499.2,46.87,72.5,0.0,2.7,3,-280.267,-0.086,648.122
5547.4,51.10,80.1,0.0,3.6,3,-260.001,-0.399,683.905
5547.4,51.39,81.6,0.0,2.9,3,-258.301,-0.406,686.466
5547.4,51.59,82.4,0.0,2.1,3,-257.149,-0.409,688.174
5547.4,51.90,84.9,0.0,1.6,3,-255.396,-0.413,690.735
5557.7,52.10,85.4,0.0,1.3,0,-254.211,-0.416,692.444
5557.7,52.08,76.2,0.0,1.1,4,-252.419,-0.421,695.005
5557.7,52.25,75.5,0.0,0.8,4,-251.216,-0.424,696.709
5557.7,52.49,75.0,0.0,0.9,4,-249.397,-0.429,699.270
5568.0,52.66,75.0,0.0,1.1,4,-248.174,-0.433,700.981
5568.0,52.90,71.4,0.0,1.6,4,-246.326,-0.441,703.552
5568.0,53.15,63.4,0.0,1.9,4,-244.460,-0.449,706.128
5568.0,53.31,58.0,0.0,2.1,4,-243.204,-0.454,707.847
5578.5,53.55,50.1,0.0,2.4,4,-241.302,-0.461,710.427
5578.5,53.71,48.6,0.0,2.7,4,-240.022,-0.465,712.148
5578.5,53.96,48.9,0.0,3.1,4,-238.080,-0.470,714.728
5578.5,54.11,49.0,0.0,3.1,4,-236.771,-0.473,716.448
5589.2,54.35,49.2,0.0,3.4,4,-234.785,-0.476,719.025
5589.2,54.51,49.4,0.0,3.5,4,-233.445,-0.477,720.740
5589.2,54.75,49.6,0.0,3.6,4,-231.409,-0.479,723.309
5589.2,54.91,49.7,0.0,3.7,4,-230.036,-0.480,725.019
5600.2,55.14,50.0,0.0,3.9,4,-227.949,-0.481,727.576
5600.2,55.30,50.2,0.0,3.9,4,-226.540,-0.480,729.277
5600.2,55.53,50.6,0.0,4.0,4,-224.398,-0.478,731.819
5600.2,55.68,50.7,0.0,4.0,4,-222.952,-0.475,733.509
5611.3,55.92,50.9,0.0,4.0,4,-220.754,-0.470,736.034
5611.3,56.15,51.3,0.0,4.1,4,-218.523,-0.462,738.548
5611.3,56.30,51.5,0.0,4.0,4,-217.016,-0.455,740.217
5622.7,56.52,51.9,0.0,3.9,4,-214.727,-0.440,742.709
5622.7,56.68,52.1,0.0,3.9,4,-213.182,-0.429,744.364
5622.7,56.90,52.3,0.0,3.9,4,-210.836,-0.411,746.835
5622.7,57.06,52.4,0.0,3.7,4,-209.253,-0.397,748.474
5634.4,57.28,52.7,0.0,3.6,4,-206.852,-0.376,750.922
5634.4,57.43,53.0,0.0,3.4,4,-205.232,-0.360,752.547
5634.4,57.65,53.4,0.0,3.4,4,-202.776,-0.333,754.972
5634.4,57.81,53.5,0.0,3.5,4,-201.121,-0.315,756.582
5646.1,58.03,53.7,0.0,3.7,4,-198.613,-0.289,758.987
5646.1,58.19,53.9,0.0,3.7,4,-196.924,-0.274,760.584
5646.1,58.41,54.2,0.0,3.6,4,-194.365,-0.252,762.967
5646.1,58.56,54.5,0.0,3.8,4,-192.641,-0.239,764.548
5658.0,58.79,54.4,0.0,4.0,4,-190.030,-0.226,766.908
5658.0,58.93,54.7,0.0,3.9,4,-188.272,-0.221,768.474
5658.0,59.16,54.9,0.0,3.8,4,-185.607,-0.217,770.808
5658.0,59.38,55.3,0.0,3.6,4,-182.910,-0.213,773.124
5670.1,59.52,55.7,0.0,3.6,4,-181.093,-0.209,774.658
5670.1,59.74,56.1,0.0,3.9,4,-178.340,-0.201,776.942
5670.1,59.89,56.3,0.0,4.2,4,-176.486,-0.197,778.455
5670.1,60.11,56.8,0.0,4.6,4,-173.680,-0.192,780.709
5682.2,60.26,57.1,0.0,4.8,4,-171.791,-0.190,782.200
5682.2,60.48,57.6,0.0,4.9,4,-168.929,-0.191,784.420
5682.2,60.63,57.8,0.0,4.8,4,-167.001,-0.194,785.887
5682.2,60.85,59.2,0.0,4.9,4,-164.079,-0.196,788.063
5694.7,60.99,59.8,0.0,4.8,4,-162.109,-0.196,789.497
5694.7,61.21,59.1,0.0,5.0,4,-159.124,-0.193,791.625
5694.7,61.35,59.3,0.0,5.3,4,-157.113,-0.191,793.026
5694.7,61.36,0.0,0.0,4.9,0,-154.070,-0.190,795.102
5707.2,61.40,73.8,0.0,4.3,5,-152.029,-0.191,796.464
5707.2,61.56,65.3,0.0,3.6,5,-148.937,-0.189,798.476
5707.2,61.67,59.5,0.0,3.7,5,-146.857,-0.184,799.797
5707.2,61.83,50.5,0.0,4.4,5,-143.710,-0.174,801.751
5719.8,61.99,49.4,0.0,5.0,5,-140.533,-0.171,803.676
5719.8,62.11,49.5,0.0,5.4,5,-138.399,-0.170,804.943
5719.8,62.27,49.9,0.0,5.1,5,-135.171,-0.169,806.814
5719.8,62.36,50.0,0.0,4.6,5,-133.001,-0.166,808.039
5732.4,62.52,49.9,0.0,4.9,5,-129.720,-0.161,809.846
5732.4,62.64,50.0,0.0,5.3,5,-127.515,-0.162,811.031
5732.4,62.78,50.3,0.0,5.7,5,-124.181,-0.160,812.773
5732.4,62.89,50.3,0.0,5.8,5,-121.940,-0.158,813.912
5745.3,63.05,50.5,0.0,5.7,5,-118.554,-0.156,815.586
5745.3,63.14,50.7,0.0,5.6,5,-116.278,-0.154,816.677
5745.3,63.30,50.6,0.0,5.6,5,-112.839,-0.150,818.277
5745.3,63.40,50.7,0.0,5.8,5,-110.529,-0.149,819.318
5809.5,65.65,57.6,0.0,3.5,5,-57.884,-0.054,836.416
5809.5,65.84,58.0,0.0,3.1,5,-54.025,-0.040,837.232
5809.5,65.97,58.1,0.0,3.1,5,-51.442,-0.030,837.754
5809.5,66.16,58.1,0.0,3.0,5,-47.551,-0.012,838.509
5822.6,66.29,58.1,0.0,2.9,5,-44.946,0.002,838.993
5822.6,66.48,58.2,0.0,2.9,5,-41.026,0.024,839.693
5822.6,66.61,58.2,0.0,2.8,5,-38.403,0.039,840.142
5822.6,66.80,58.2,0.0,2.9,5,-34.454,0.061,840.791
5835.9,66.98,58.3,0.0,2.9,5,-30.489,0.083,841.410
5835.9,67.11,58.3,0.0,2.3,5,-27.837,0.099,841.805
5835.9,67.23,58.3,0.0,1.9,5,-25.178,0.115,842.187
5835.9,67.41,58.4,0.0,1.5,5,-21.176,0.143,842.736
5849.4,67.60,58.4,0.0,1.3,5,-17.161,0.172,843.262
5849.4,67.73,58.4,0.0,1.0,5,-14.476,0.188,843.602
5849.4,67.91,58.5,0.0,0.6,5,-10.438,0.212,844.098
5849.4,68.03,58.5,0.0,0.3,5,-7.739,0.231,844.422
5862.9,68.21,58.6,0.0,0.0,5,-3.680,0.257,844.900
5862.9,68.33,58.6,0.0,-0.0,5,-0.968,0.277,845.216
5862.9,68.52,58.7,0.0,-0.1,5,3.110,0.303,845.687
5862.9,68.64,58.7,0.0,-0.1,5,5.835,0.318,846.000
7.4,68.81,58.8,0.0,-0.1,5,9.931,0.343,846.472
