opponent,v3,Mike Conway,0,1771575894057
Game,version,date,track,car,event,laptime [s],S1 [s],S2 [s],S3 [s],S4+ [s]
LMU,1.2,2026-02-20 08:24:54,Silverstone Grand Prix Circuit - ELMS,Toyota Gazoo Racing 2025 #7:LM (Hyper),Live,106.497,0,0,0
Tracklen [m],TotalLaps
5866.5,2
,
,
lapdistance [m],speed [m/s],throttle [%],brake [%],steer [%],gear [int],world_x [m],world_y [m],world_z [m]
-2.2,71.06,70.9,0.0,-0.1,6,9.028,0.342,845.898
12.0,71.21,61.1,0.0,-0.0,6,13.267,0.372,846.393
12.0,71.31,59.9,0.0,0.1,6,16.098,0.393,846.723
12.0,71.46,60.0,0.0,0.2,6,20.352,0.427,847.221
12.0,71.61,60.0,0.0,0.2,6,24.615,0.459,847.720
26.3,71.71,60.0,0.0,0.2,6,27.462,0.481,848.053
26.3,71.86,60.1,0.0,0.2,6,31.739,0.518,848.551
26.3,71.96,60.1,0.0,0.2,6,34.596,0.543,848.882
26.3,72.10,60.2,0.0,0.2,6,38.889,0.579,849.377
40.7,72.20,60.2,0.0,0.2,6,41.756,0.603,849.706
40.7,72.34,60.3,0.0,0.2,6,46.063,0.641,850.197
40.7,72.44,60.3,0.0,0.2,6,48.940,0.667,850.523
40.7,72.58,60.3,0.0,0.2,6,53.263,0.708,851.010
55.2,72.67,60.3,0.0,0.2,6,56.149,0.734,851.333
55.2,72.82,60.3,0.0,0.1,6,60.487,0.773,851.816
55.2,72.91,60.4,0.0,0.1,6,63.383,0.799,852.137
55.2,73.04,60.4,0.0,0.1,6,67.735,0.841,852.616
69.7,73.14,60.4,0.0,0.1,6,70.641,0.870,852.935
69.7,73.27,60.4,0.0,0.1,6,75.007,0.911,853.412
69.7,73.41,60.5,0.0,0.0,6,79.381,0.949,853.888
69.7,73.50,60.5,0.0,0.0,6,82.302,0.972,854.205
84.4,73.64,60.5,0.0,0.0,6,86.690,1.006,854.680
84.4,73.72,60.5,0.0,0.0,6,89.620,1.029,854.997
84.4,73.86,60.6,0.0,0.0,6,94.021,1.064,855.472
84.4,73.95,60.6,0.0,0.1,6,96.960,1.086,855.789
99.1,74.08,60.6,0.0,0.0,6,101.375,1.117,856.265
99.1,74.16,60.6,0.0,0.1,6,104.323,1.138,856.583
99.1,74.29,60.7,0.0,0.3,6,108.750,1.170,857.059
99.1,74.38,60.7,0.0,0.3,6,111.707,1.191,857.376
113.9,74.51,60.7,0.0,0.2,6,116.148,1.224,857.850
113.9,74.59,60.7,0.0,0.2,6,119.113,1.246,858.165
113.9,74.73,60.7,0.0,0.2,6,123.568,1.274,858.635
113.9,74.81,60.8,0.0,0.2,6,126.542,1.290,858.946
128.8,74.94,60.8,0.0,0.3,6,131.010,1.313,859.410
128.8,75.06,60.8,0.0,0.2,6,135.486,1.337,859.872
128.8,75.14,60.9,0.0,0.1,6,138.474,1.358,860.179
143.9,75.26,60.9,0.0,0.1,6,142.962,1.395,860.636
143.9,75.36,60.9,0.0,0.1,6,145.959,1.414,860.939
143.9,75.47,61.0,0.0,0.1,6,150.461,1.441,861.392
143.9,75.55,61.0,0.0,0.2,6,153.466,1.459,861.693
159.0,75.68,61.0,0.0,0.2,6,157.981,1.484,862.141
159.0,75.76,61.0,0.0,0.1,6,160.995,1.500,862.439
159.0,75.88,61.1,0.0,0.1,6,165.522,1.529,862.884
159.0,75.96,61.1,0.0,0.1,6,168.544,1.548,863.180
174.1,76.08,61.1,0.0,-0.0,6,173.083,1.579,863.622
174.1,76.16,61.1,0.0,-0.1,6,176.113,1.600,863.915
174.1,76.28,61.1,0.0,-0.2,6,180.665,1.630,864.356
174.1,76.36,61.2,0.0,-0.3,6,183.703,1.649,864.649
189.4,76.47,61.2,0.0,-0.4,6,188.266,1.676,865.092
189.4,76.58,61.3,0.0,-0.5,6,192.836,1.704,865.539
189.4,76.66,61.3,0.0,-0.4,6,195.885,1.724,865.840
189.4,76.77,61.3,0.0,-0.3,6,200.465,1.751,866.299
204.7,76.85,61.3,0.0,-0.3,6,203.522,1.769,866.609
204.7,76.97,61.3,0.0,-0.2,6,208.112,1.794,867.080
204.7,77.05,61.3,0.0,-0.0,6,211.176,1.810,867.398
204.7,77.15,61.4,0.0,0.2,6,215.776,1.837,867.880
220.1,77.22,61.4,0.0,0.3,6,218.846,1.858,868.203
220.1,77.34,61.4,0.0,0.4,6,223.457,1.891,868.689
220.1,77.41,61.4,0.0,0.4,6,226.535,1.912,869.012
220.1,77.53,61.4,0.0,0.4,6,231.158,1.944,869.493
235.6,77.59,61.4,0.0,0.5,6,234.244,1.967,869.810
235.6,77.70,61.4,2.0,0.5,6,238.879,2.002,870.280
235.6,77.55,20.0,58.2,0.6,6,241.971,2.023,870.588
235.6,76.55,0.0,78.9,0.8,6,246.576,2.048,871.038
251.0,75.33,0.0,84.3,1.1,6,251.114,2.072,871.470
251.0,74.50,0.0,86.3,1.3,6,254.100,2.089,871.747
251.0,73.21,0.0,85.9,1.4,6,258.516,2.113,872.142
251.0,72.38,0.0,86.7,1.6,6,261.419,2.130,872.390
265.8,71.10,0.0,86.4,1.9,6,265.711,2.154,872.737
265.8,70.26,0.0,86.4,2.1,6,268.532,2.169,872.950
265.8,69.00,0.0,86.6,2.3,6,272.702,2.189,873.237
265.8,68.16,0.0,86.9,2.5,6,275.442,2.200,873.406
279.6,66.90,0.0,86.2,2.7,6,279.490,2.215,873.622
279.6,66.06,0.0,85.7,2.6,6,282.148,2.225,873.738
279.6,64.84,0.0,77.4,3.0,6,286.075,2.240,873.867
279.6,64.08,0.0,70.4,3.0,6,288.654,2.248,873.923
292.6,63.05,0.0,59.1,2.6,6,292.469,2.262,873.957
292.6,62.45,0.0,43.1,3.1,6,294.980,2.273,873.943
292.6,61.82,0.0,23.0,4.6,6,298.707,2.290,873.868
292.6,61.35,0.0,22.5,5.9,6,302.399,2.307,873.726
305.0,61.04,0.0,18.2,6.9,6,304.844,2.319,873.593
305.0,60.66,0.0,10.1,7.5,6,308.486,2.340,873.337
305.0,60.45,0.0,8.7,7.9,6,310.900,2.355,873.128
305.0,60.15,0.0,7.2,8.6,6,314.499,2.379,872.755
316.9,59.96,0.0,2.4,9.0,0,316.884,2.394,872.468
316.9,59.76,0.0,4.8,7.4,5,320.442,2.416,871.976
316.9,59.58,0.0,11.4,6.8,5,322.801,2.430,871.607
316.9,59.22,0.0,17.3,7.1,5,326.313,2.450,870.996
328.7,58.95,0.0,23.0,7.6,5,328.635,2.462,870.550
328.7,58.44,0.0,26.3,9.1,5,332.083,2.479,869.826
328.7,58.09,0.0,15.7,9.5,5,334.355,2.491,869.306
328.7,57.80,27.9,0.0,9.7,5,337.727,2.508,868.466
340.6,57.81,54.9,0.0,10.9,5,341.071,2.525,867.548
340.6,57.89,64.2,0.0,12.5,5,343.289,2.536,866.893
340.6,58.03,54.5,0.0,16.0,5,346.604,2.552,865.843
340.6,58.10,42.3,0.0,18.5,5,348.804,2.562,865.099
352.6,58.07,22.8,0.0,20.2,5,352.084,2.578,863.918
352.6,57.99,11.2,0.4,20.9,5,354.253,2.589,863.090
352.6,57.75,3.3,0.9,20.8,5,357.471,2.607,861.785
352.6,57.64,28.9,0.0,19.8,5,359.591,2.619,860.874
365.1,57.62,57.0,0.0,18.4,5,362.737,2.638,859.442
365.1,57.67,59.6,0.0,17.9,5,364.815,2.650,858.442
365.1,57.69,37.3,0.0,18.6,5,367.902,2.668,856.876
365.1,57.70,43.6,0.0,20.3,5,369.938,2.679,855.789
377.1,57.64,15.0,0.0,21.5,5,372.956,2.697,854.096
377.1,57.57,14.5,0.0,24.1,5,374.942,2.709,852.928
377.1,57.48,30.2,0.0,26.4,5,377.881,2.727,851.120
377.1,57.46,32.5,0.0,27.3,5,379.815,2.739,849.877
389.4,57.39,25.2,0.0,27.9,5,382.678,2.755,847.958
389.4,57.29,20.1,0.0,28.1,5,385.489,2.770,845.974
389.4,57.20,20.0,0.0,28.0,5,387.332,2.780,844.615
401.4,57.07,21.4,0.0,27.0,5,390.046,2.796,842.521
401.4,56.99,21.5,0.0,26.2,5,391.822,2.807,841.089
401.4,56.87,21.7,0.0,25.4,5,394.436,2.824,838.890
401.4,56.79,22.4,0.0,24.9,5,396.144,2.835,837.390
413.1,56.70,25.6,0.0,23.8,5,398.654,2.851,835.090
413.1,56.65,28.4,0.0,23.1,5,400.293,2.863,833.523
413.1,56.60,29.1,0.0,21.8,5,402.700,2.881,831.125
413.1,56.58,29.3,0.0,20.8,5,404.271,2.892,829.495
424.7,56.57,35.9,0.0,18.9,5,406.575,2.908,827.003
424.7,56.58,42.0,0.0,16.9,5,408.819,2.923,824.455
424.7,56.61,33.2,0.0,15.9,5,410.281,2.932,822.728
424.7,56.67,50.7,0.0,14.7,5,412.426,2.942,820.093
435.9,56.76,56.8,0.0,13.7,5,413.823,2.949,818.306
435.9,56.92,57.0,0.0,12.8,5,415.869,2.963,815.578
435.9,57.04,57.0,0.0,12.6,5,417.202,2.973,813.730
435.9,57.22,57.1,0.0,12.6,5,419.161,2.984,810.917
447.1,57.37,57.2,0.0,12.3,5,420.439,2.991,809.015
447.1,57.61,57.4,0.0,12.4,5,422.312,3.004,806.119
447.1,57.74,57.5,0.0,12.2,5,423.531,3.015,804.161
447.1,57.96,57.6,0.0,11.2,5,425.317,3.032,801.185
458.3,58.09,57.7,0.0,10.1,5,426.475,3.046,799.174
458.3,58.30,57.9,0.0,9.2,5,428.165,3.069,796.120
458.3,58.44,57.9,0.0,8.6,5,429.260,3.084,794.058
458.3,58.63,58.1,0.0,8.7,5,430.854,3.110,790.930
469.8,58.85,57.6,0.0,8.7,5,432.393,3.136,787.759
469.8,58.99,58.2,0.0,8.4,5,433.389,3.151,785.624
469.8,59.18,58.4,0.0,7.7,5,434.836,3.176,782.388
469.8,59.33,58.4,0.0,7.2,5,435.770,3.193,780.210
481.5,59.54,57.4,0.0,6.4,5,437.130,3.219,776.914
481.5,59.68,57.8,0.0,5.6,5,438.005,3.239,774.697
481.5,59.91,58.6,0.0,3.8,5,439.278,3.266,771.344
481.5,60.00,59.1,0.0,3.2,5,440.101,3.279,769.092
493.4,60.21,59.1,0.0,2.7,5,441.298,3.292,765.691
493.4,60.36,59.2,0.0,3.7,5,442.066,3.306,763.405
493.4,60.58,53.9,0.0,5.3,5,443.179,3.334,759.952
493.4,60.68,48.7,0.0,5.2,5,443.899,3.353,757.637
505.2,60.84,54.7,0.0,4.4,5,444.947,3.381,754.146
505.2,60.98,59.4,0.0,3.6,5,445.625,3.400,751.806
505.2,61.19,59.3,0.0,2.5,5,446.613,3.427,748.277
505.2,61.45,58.8,0.0,3.8,5,447.566,3.461,744.724
517.3,61.61,58.7,0.0,3.4,5,448.186,3.481,742.343
517.3,61.82,59.6,0.0,3.3,5,449.088,3.513,738.752
517.3,61.96,59.8,0.0,3.5,5,449.670,3.533,736.345
517.3,62.19,59.8,0.0,3.0,5,450.515,3.557,732.719
529.6,62.33,59.7,0.0,2.8,5,451.059,3.570,730.288
529.6,62.55,59.9,0.0,3.2,5,451.838,3.595,726.624
529.6,62.69,60.0,0.0,3.6,5,452.335,3.614,724.170
529.6,62.90,60.0,0.0,3.5,5,453.051,3.646,720.472
542.1,63.04,60.1,0.0,3.1,5,453.510,3.667,717.995
542.1,63.26,60.1,0.0,2.4,5,454.172,3.695,714.265
542.1,63.40,60.2,0.0,2.1,5,454.597,3.711,711.768
542.1,63.61,60.2,0.0,1.8,5,455.209,3.735,708.008
554.7,63.75,60.3,0.0,1.5,5,455.602,3.755,705.491
554.7,63.96,60.3,0.0,1.4,5,456.174,3.786,701.703
554.7,64.18,60.3,0.0,0.8,5,456.728,3.816,697.900
554.7,64.32,60.4,0.0,0.6,5,457.088,3.838,695.355
567.4,64.53,60.4,0.0,0.7,5,457.618,3.871,691.527
567.4,64.67,60.5,0.0,0.7,5,457.965,3.893,688.967
567.4,64.88,60.5,0.0,0.7,5,458.479,3.926,685.115
567.4,65.01,60.6,0.0,0.7,5,458.817,3.948,682.540
580.2,65.22,60.6,0.0,0.7,5,459.317,3.981,678.665
580.2,65.35,60.7,0.0,0.8,5,459.645,4.003,676.075
580.2,65.56,60.7,0.0,0.8,5,460.131,4.036,672.178
580.2,65.69,60.7,0.0,0.8,5,460.450,4.058,669.573
593.2,65.89,60.8,0.0,0.8,5,460.921,4.091,665.654
593.2,66.03,60.8,0.0,0.9,5,461.230,4.113,663.034
593.2,66.23,60.9,0.0,0.8,5,461.685,4.144,659.093
606.4,66.42,61.0,0.0,0.8,5,462.129,4.177,655.139
606.4,66.55,61.0,0.0,0.9,5,462.419,4.200,652.496
606.4,66.75,61.0,0.0,1.0,5,462.844,4.235,648.520
606.4,66.88,61.1,0.0,1.0,5,463.121,4.257,645.863
619.7,67.07,61.1,0.0,0.9,5,463.527,4.289,641.865
619.7,67.19,61.1,0.0,1.0,5,463.790,4.311,639.193
619.7,67.38,61.2,0.0,1.0,5,464.175,4.344,635.175
619.7,67.51,61.2,0.0,1.0,5,464.424,4.366,632.489
633.1,67.69,61.2,0.0,0.9,5,464.787,4.399,628.450
633.1,67.82,61.2,0.0,0.8,5,465.022,4.421,625.750
633.1,68.00,61.2,0.0,0.8,5,465.362,4.452,621.690
633.1,68.12,61.2,0.0,0.8,5,465.583,4.473,618.977
646.7,68.31,61.3,0.0,0.7,5,465.903,4.505,614.897
646.7,68.42,61.3,0.0,0.6,5,466.110,4.527,612.171
646.7,68.60,61.3,0.0,0.7,5,466.413,4.559,608.071
646.7,68.78,61.3,0.0,0.5,5,466.704,4.591,603.960
660.5,68.90,61.3,0.0,0.5,5,466.893,4.613,601.214
660.5,69.07,61.3,0.0,0.5,5,467.170,4.645,597.084
660.5,69.19,61.3,0.0,0.6,5,467.350,4.666,594.325
660.5,69.36,61.2,0.0,0.6,5,467.613,4.697,590.177
674.3,69.48,61.2,0.0,-0.1,5,467.784,4.717,587.406
674.3,69.64,61.2,0.0,0.1,5,468.037,4.746,583.241
674.3,69.75,61.2,0.0,-0.3,5,468.204,4.765,580.458
674.3,69.92,61.1,0.0,0.1,5,468.454,4.790,576.276
688.3,70.03,61.0,0.0,0.7,5,468.621,4.806,573.482
688.3,70.19,60.9,0.0,0.4,5,468.872,4.828,569.283
688.3,70.30,60.9,0.0,0.1,5,469.037,4.840,566.479
688.3,70.45,60.7,0.0,-0.2,5,469.283,4.857,562.264
702.4,70.61,60.6,0.0,0.2,5,469.526,4.873,558.039
702.4,70.71,60.5,0.0,0.3,5,469.687,4.884,555.218
702.4,70.86,60.4,0.0,-0.2,5,469.928,4.898,550.978
702.4,70.88,0.0,0.0,0.1,0,470.088,4.906,548.147
716.6,70.87,87.1,0.0,-0.2,6,470.327,4.917,543.903
716.6,70.97,80.6,0.0,-0.3,6,470.487,4.922,541.071
716.6,71.12,70.9,0.0,0.1,6,470.729,4.928,536.815
716.6,71.23,64.4,0.0,0.3,6,470.892,4.931,533.973
730.8,71.38,59.9,0.0,0.4,6,471.136,4.935,529.702
730.8,71.48,59.9,0.0,0.6,6,471.298,4.936,526.850
730.8,71.63,60.0,0.0,0.3,6,471.537,4.934,522.563
730.8,71.74,60.0,0.0,0.1,6,471.693,4.931,519.700
745.2,71.88,60.1,0.0,0.1,6,471.923,4.926,515.398
745.2,71.98,60.1,0.0,0.1,6,472.074,4.921,512.525
745.2,72.14,60.1,0.0,0.2,6,472.297,4.913,508.208
745.2,72.23,60.2,0.0,0.2,6,472.444,4.906,505.325
759.7,72.39,60.2,0.0,0.2,6,472.664,4.892,500.992
759.7,72.53,60.3,0.0,0.1,6,472.881,4.875,496.650
759.7,72.63,60.3,0.0,0.1,6,473.024,4.861,493.751
759.7,72.78,60.3,0.0,0.1,6,473.237,4.838,489.394
774.2,72.88,60.4,0.0,0.1,6,473.378,4.821,486.484
774.2,73.02,60.4,0.0,0.2,6,473.587,4.796,482.113
774.2,73.12,60.4,0.0,0.3,6,473.726,4.780,479.194
774.2,73.26,60.4,0.0,-0.5,6,473.932,4.758,474.807
788.8,73.36,60.5,0.0,-0.9,6,474.070,4.745,471.878
788.8,73.50,60.5,0.0,-1.2,6,474.280,4.728,467.478
788.8,73.60,60.5,0.0,-1.5,6,474.425,4.715,464.540
788.8,73.73,60.5,0.0,-1.9,6,474.656,4.696,460.126
803.5,73.82,60.6,0.0,-2.5,6,474.822,4.684,457.180
803.5,73.95,60.6,0.0,-2.9,6,475.096,4.666,452.755
803.5,74.04,60.6,0.0,-3.1,6,475.296,4.651,449.802
803.5,74.17,60.6,0.0,-3.3,6,475.630,4.627,445.369
818.3,74.29,60.7,0.0,-3.6,6,476.010,4.606,440.932
818.3,74.37,60.7,0.0,-4.1,6,476.289,4.590,437.972
818.3,74.50,60.7,0.0,-4.4,6,476.749,4.559,433.530
818.3,74.56,60.7,0.0,-4.4,6,477.088,4.540,430.568
833.1,74.67,60.8,0.0,-4.4,6,477.652,4.520,426.127
833.1,74.74,60.8,0.0,-4.7,6,478.063,4.509,423.167
833.1,74.86,60.8,0.0,-4.8,6,478.732,4.488,418.730
833.1,74.92,60.8,0.0,-4.8,6,479.216,4.475,415.774
848.0,75.02,60.9,0.0,-5.3,6,480.000,4.459,411.344
848.0,75.09,60.9,0.0,-5.6,6,480.561,4.448,408.395
848.0,75.19,60.9,0.0,-5.9,6,481.461,4.431,403.978
848.0,75.26,60.9,0.0,-5.4,6,482.100,4.418,401.038
862.9,75.36,60.9,0.0,-6.2,6,483.119,4.395,396.636
862.9,75.41,60.9,0.0,-7.2,6,483.838,4.377,393.708
862.9,75.50,61.0,0.0,-6.8,6,484.977,4.344,389.326
877.7,75.60,61.0,0.0,-6.6,6,486.191,4.301,384.959
877.7,75.65,61.0,0.0,-6.7,6,487.043,4.269,382.057
877.7,75.73,61.0,0.0,-6.0,6,488.389,4.219,377.720
877.7,75.79,61.0,0.0,-5.6,6,489.331,4.184,374.840
892.8,75.87,61.1,0.0,-5.4,6,490.811,4.129,370.539
892.8,75.93,61.1,0.0,-5.6,6,491.841,4.092,367.683
892.8,76.02,61.1,0.0,-5.9,6,493.450,4.034,363.419
892.8,76.08,61.1,0.0,-5.2,6,494.564,3.996,360.589
908.4,76.17,61.2,0.0,-2.7,6,496.298,3.940,356.364
908.4,76.24,61.2,0.0,-0.9,6,497.491,3.902,353.560
908.4,76.36,61.1,0.0,1.0,6,499.327,3.845,349.367
908.4,76.43,61.2,0.0,1.6,6,500.574,3.809,346.577
924.1,76.55,61.5,0.0,2.1,6,502.457,3.757,342.393
924.1,76.63,61.5,0.0,2.7,6,503.710,3.719,339.598
924.1,76.67,27.8,35.7,3.2,6,505.577,3.655,335.393
924.1,75.93,0.0,52.1,2.8,6,507.402,3.591,331.191
939.9,75.35,0.0,51.4,1.8,6,508.583,3.556,328.405
939.9,74.52,0.0,46.6,2.3,6,510.300,3.514,324.248
939.9,74.00,0.0,46.6,3.5,6,511.408,3.488,321.491
939.9,73.22,0.0,43.8,4.5,6,513.014,3.448,317.375
954.7,72.72,0.0,40.1,4.4,6,514.044,3.425,314.643
954.7,71.98,0.0,61.7,4.7,6,515.525,3.394,310.561
954.7,71.34,0.0,65.2,4.8,6,516.466,3.375,307.852
954.7,70.31,0.0,60.6,4.0,6,517.803,3.353,303.816
968.7,69.69,0.0,61.5,3.8,6,518.643,3.342,301.144
968.7,68.77,0.0,46.9,5.1,6,519.830,3.328,297.162
968.7,68.24,0.0,43.3,5.3,6,520.572,3.318,294.523
968.7,67.48,0.0,43.2,5.9,6,521.610,3.302,290.585
982.0,66.87,34.2,3.8,6.0,6,522.560,3.285,286.670
982.0,66.84,71.7,0.0,6.8,6,523.146,3.273,284.061
982.0,66.57,3.0,39.2,8.5,6,523.953,3.253,280.136
982.0,66.09,0.0,47.6,9.0,6,524.440,3.241,277.527
995.8,65.40,0.0,9.9,7.2,6,525.093,3.226,273.637
995.8,65.19,57.3,0.0,7.1,6,525.480,3.218,271.054
995.8,65.07,10.0,26.1,5.5,6,525.982,3.215,267.176
995.8,64.79,0.0,21.0,6.7,6,526.270,3.215,264.595
1010.5,64.46,21.5,2.5,7.3,6,526.656,3.195,260.737
1010.5,64.26,72.2,0.0,7.6,6,526.876,3.172,258.171
1010.5,64.20,69.5,0.0,6.1,6,527.098,3.172,254.325
1010.5,64.20,63.3,0.0,7.0,6,527.177,3.197,251.758
1024.5,64.23,58.5,0.0,5.7,6,527.251,3.217,247.906
1024.5,64.26,58.1,0.0,4.2,6,527.279,3.207,245.337
1024.5,64.40,25.0,0.0,7.2,6,527.276,3.168,241.475
1024.5,64.22,0.2,4.2,12.4,6,527.162,3.147,237.615
1037.7,64.00,0.0,4.2,12.6,6,527.013,3.152,235.055
1037.7,63.74,0.0,2.9,13.5,6,526.714,3.167,231.234
1037.7,63.55,0.0,1.0,14.8,6,526.467,3.176,228.700
1037.7,63.30,3.7,0.0,15.6,6,526.022,3.192,224.920
1050.6,63.15,4.3,0.0,14.1,6,525.675,3.203,222.415
1050.6,62.91,2.0,3.1,10.0,6,525.080,3.219,218.680
1050.6,62.71,0.0,1.6,7.9,6,524.632,3.232,216.207
1050.6,62.45,15.2,0.6,4.9,6,523.883,3.256,212.528
1062.9,62.41,63.0,0.0,3.7,6,523.334,3.274,210.092
1062.9,62.52,69.9,0.0,3.3,6,522.440,3.303,206.453
1062.9,62.62,62.5,0.0,3.8,6,521.802,3.324,204.034
1062.9,62.79,55.1,0.0,3.4,6,520.793,3.355,200.410
1075.4,62.91,55.1,0.0,2.2,6,520.092,3.376,197.996
1075.4,63.32,55.4,0.0,-1.8,6,517.532,3.449,189.540
1088.1,63.51,55.6,0.0,-2.5,6,516.413,3.479,185.904
1088.1,63.63,55.7,0.0,-2.8,6,515.671,3.498,183.472
1088.1,63.80,52.5,0.0,-3.3,6,514.572,3.524,179.811
1088.1,63.78,18.8,21.5,-3.7,6,513.853,3.540,177.362
1100.9,63.19,0.0,69.3,-4.2,6,512.806,3.560,173.695
1100.9,62.50,0.0,85.0,-3.1,6,512.136,3.572,171.271
1100.9,61.31,31.3,81.3,-2.5,0,511.177,3.590,167.680
1100.9,60.55,0.0,78.2,-1.1,5,510.570,3.602,165.318
1113.4,59.44,0.0,66.8,-0.9,5,509.708,3.618,161.822
1113.4,58.80,0.0,59.7,-3.0,5,509.166,3.628,159.519
1113.4,57.87,0.0,61.8,-4.3,5,508.404,3.642,156.101
1113.4,57.25,0.0,60.3,-5.2,5,507.932,3.653,153.846
1125.2,56.37,0.0,52.6,-5.8,5,507.276,3.670,150.500
1125.2,55.84,0.0,44.4,-5.8,5,506.874,3.680,148.291
1125.2,55.19,0.0,24.9,-5.6,5,506.328,3.694,145.005
1125.2,54.76,0.0,10.1,-7.1,5,505.849,3.705,141.742
1136.7,54.57,0.0,4.1,-8.2,5,505.568,3.711,139.574
1136.7,54.35,0.0,1.5,-10.4,5,505.204,3.716,136.326
1136.7,54.21,0.0,3.9,-11.8,5,505.000,3.718,134.164
1136.7,53.98,0.0,5.3,-13.7,5,504.752,3.716,130.927
1148.1,53.82,0.0,8.0,-15.0,5,504.625,3.712,128.775
1148.1,53.52,0.0,6.1,-15.2,5,504.493,3.699,125.556
1148.1,53.33,4.1,10.1,-13.8,5,504.450,3.689,123.420
1148.1,53.04,0.1,1.2,-11.0,5,504.459,3.679,120.228
1159.5,52.88,2.8,0.4,-8.7,5,504.515,3.677,118.110
1159.5,52.73,39.4,0.0,-6.3,5,504.668,3.675,114.946
1159.5,52.75,42.6,0.0,-3.7,5,504.806,3.667,112.841
1159.5,52.63,25.6,0.0,-5.2,5,505.097,3.666,109.693
1170.6,52.55,25.9,0.0,-5.4,5,505.332,3.663,107.602
1170.6,52.50,27.1,0.0,-2.8,5,505.737,3.647,104.477
1170.6,52.27,21.1,0.0,-4.0,5,506.236,3.644,101.374
1170.6,52.21,18.6,0.0,-3.2,5,506.605,3.635,99.318
1181.7,52.02,17.0,0.0,-3.2,5,507.220,3.617,96.251
1181.7,51.90,25.0,0.0,-4.0,5,507.672,3.605,94.222
1181.7,51.75,12.4,0.0,-5.2,5,508.406,3.579,91.199
1181.7,51.62,14.2,0.0,-5.8,5,508.937,3.559,89.201
1192.6,51.38,31.8,0.0,-8.4,0,509.804,3.532,86.235
1192.6,51.23,4.7,0.0,-11.6,4,510.424,3.513,84.278
1192.6,51.03,20.7,0.0,-17.2,4,511.413,3.479,81.374
1192.6,50.95,26.9,0.0,-22.2,4,512.112,3.454,79.458
1203.3,50.84,21.1,0.0,-30.9,4,513.221,3.412,76.613
1203.3,50.74,17.4,0.0,-36.9,4,513.998,3.383,74.736
1203.3,50.58,12.8,0.0,-42.7,4,515.213,3.338,71.949
1203.3,50.47,15.4,0.0,-43.1,4,516.054,3.307,70.112
1213.7,50.30,17.1,0.0,-39.2,4,517.369,3.262,67.390
1213.7,50.14,20.5,0.0,-34.6,4,518.753,3.222,64.714
1213.7,50.04,23.8,0.0,-30.7,4,519.716,3.199,62.957
1223.8,49.95,32.0,0.0,-21.9,4,521.220,3.168,60.362
1223.8,49.93,41.8,0.0,-16.6,4,522.263,3.149,58.658
1223.8,49.83,5.4,13.0,-9.4,4,523.882,3.120,56.140
1223.8,49.58,0.0,38.7,-4.2,4,524.994,3.101,54.490
1233.7,48.88,0.0,64.3,5.8,4,526.690,3.075,52.069
1233.7,48.26,0.0,70.6,9.7,4,527.824,3.058,50.489
1233.7,46.90,0.0,78.2,11.0,4,530.049,3.021,47.396
1233.7,46.18,0.0,80.7,9.6,4,531.125,3.003,45.876
1243.1,45.10,32.0,82.4,7.1,0,532.681,2.977,43.619
1243.1,44.40,0.0,60.2,5.4,3,533.676,2.960,42.130
1243.1,43.62,0.0,19.0,3.3,3,535.106,2.934,39.911
1243.1,43.35,0.0,6.2,3.0,3,536.018,2.916,38.430
1251.9,43.12,0.0,0.6,5.1,3,537.327,2.887,36.191
1251.9,42.95,1.5,0.0,11.1,3,538.568,2.856,33.927
1251.9,42.84,4.3,0.0,15.8,3,539.357,2.834,32.403
1251.9,42.72,7.8,0.0,20.9,3,540.488,2.800,30.099
1260.5,42.63,6.2,0.0,22.6,3,541.207,2.777,28.551
1260.5,42.48,4.0,0.0,23.2,3,542.230,2.741,26.212
1260.5,42.39,15.7,0.0,22.7,3,542.874,2.716,24.641
1260.5,42.44,62.1,0.0,21.5,3,543.779,2.679,22.264
1269.4,42.62,85.2,0.0,20.9,3,544.343,2.654,20.660
1269.4,42.94,83.4,0.0,21.6,3,545.136,2.617,18.220
1269.4,43.13,82.5,0.0,22.8,3,545.628,2.593,16.571
1269.4,43.31,47.9,0.0,25.7,3,546.310,2.554,14.069
1278.3,43.35,41.9,0.0,28.6,3,546.724,2.527,12.386
1278.3,43.38,39.3,0.0,32.7,3,547.286,2.486,9.845
1278.3,43.39,39.5,0.0,34.3,3,547.617,2.460,8.142
1278.3,43.40,32.5,0.0,37.1,3,548.054,2.421,5.576
1287.7,43.40,34.8,0.0,38.7,3,548.306,2.394,3.858
1287.7,43.36,22.8,0.0,41.0,3,548.627,2.351,1.275
1287.7,43.25,17.6,0.0,42.4,3,548.874,2.307,-1.312
1287.7,43.17,16.5,0.0,42.9,3,548.997,2.277,-3.036
1297.0,43.02,15.3,0.0,43.5,3,549.117,2.232,-5.618
1297.0,42.93,14.7,0.0,43.6,3,549.154,2.203,-7.337
1297.0,42.81,23.2,0.0,45.0,3,549.147,2.156,-9.909
1297.0,42.77,32.5,0.0,46.5,3,549.102,2.125,-11.619
1306.3,42.71,21.9,0.0,48.8,3,548.973,2.075,-14.181
1306.3,42.62,16.6,0.0,49.4,3,548.845,2.043,-15.883
1306.3,42.46,11.5,0.0,50.0,3,548.590,1.998,-18.422
1306.3,42.33,10.6,0.0,50.6,3,548.378,1.969,-20.105
1315.6,42.15,10.5,0.0,50.1,3,547.995,1.928,-22.610
1315.6,42.03,10.4,0.0,49.3,3,547.698,1.902,-24.267
1315.6,41.83,10.5,0.0,47.1,3,547.186,1.865,-26.730
1315.6,41.71,10.7,0.0,45.5,3,546.801,1.841,-28.356
1324.8,41.53,11.5,0.0,43.0,3,546.159,1.810,-30.769
1324.8,41.37,12.7,0.0,41.3,3,545.442,1.779,-33.151
1324.8,41.30,24.3,0.0,40.7,3,544.925,1.759,-34.721
1333.4,41.29,38.9,0.0,40.0,3,544.094,1.726,-37.054
1333.4,41.28,31.6,0.0,39.5,3,543.501,1.705,-38.596
1333.4,41.20,19.8,0.0,37.9,3,542.556,1.673,-40.883
1333.4,41.14,24.5,0.0,35.6,3,541.889,1.653,-42.388
1342.2,41.11,36.7,0.0,30.4,3,540.830,1.626,-44.616
1342.2,41.16,49.5,0.0,26.7,3,540.086,1.609,-46.083
1342.2,41.38,87.3,0.0,21.8,3,538.912,1.583,-48.261
1342.2,41.62,91.9,0.0,18.5,3,538.090,1.566,-49.703
1350.9,41.98,91.9,0.0,13.6,3,536.797,1.541,-51.851
1350.9,42.23,91.9,0.0,10.8,3,535.895,1.524,-53.273
1350.9,42.60,91.9,0.0,7.2,3,534.484,1.501,-55.389
1350.9,42.86,91.9,0.0,5.5,3,533.505,1.486,-56.790
1359.6,43.26,91.9,0.0,4.8,3,531.986,1.464,-58.879
1359.6,43.67,91.9,0.0,6.0,3,530.410,1.442,-60.956
1359.6,43.94,91.9,0.0,6.7,3,529.332,1.426,-62.337
1359.6,44.34,91.9,0.0,6.9,3,527.676,1.402,-64.402
1368.4,44.61,91.9,0.0,6.9,3,526.545,1.384,-65.775
1368.4,45.00,92.0,0.0,6.6,3,524.811,1.356,-67.828
1368.4,45.27,92.0,0.0,6.3,3,523.629,1.336,-69.192
1368.4,45.66,92.0,0.0,6.3,3,521.815,1.304,-71.229
1377.3,45.92,92.0,0.0,6.4,3,520.580,1.282,-72.580
1377.3,46.31,92.0,0.0,6.5,3,518.687,1.248,-74.597
1377.3,46.70,92.0,0.0,6.7,3,516.746,1.213,-76.600
1377.3,47.08,92.0,0.0,8.4,3,514.758,1.174,-78.589
1386.4,47.32,92.0,0.0,9.5,3,513.407,1.147,-79.907
1386.4,47.69,92.0,0.0,10.2,3,511.337,1.106,-81.865
1386.4,47.92,92.0,0.0,10.2,3,509.927,1.079,-83.155
1386.4,48.28,92.1,0.0,9.4,3,507.766,1.042,-85.067
1395.7,48.51,92.1,0.0,9.2,3,506.294,1.019,-86.323
1395.7,48.86,92.1,0.0,8.7,3,504.042,0.983,-88.182
1395.7,49.09,92.1,0.0,8.3,3,502.512,0.958,-89.405
1395.7,49.44,92.1,0.0,6.1,3,500.176,0.915,-91.213
1405.4,49.67,92.1,0.0,4.7,3,498.589,0.885,-92.400
1405.4,50.02,92.1,0.0,2.8,3,496.169,0.840,-94.155
1405.4,50.38,92.1,0.0,2.6,3,493.705,0.795,-95.885
1405.4,50.61,92.2,0.0,2.7,3,492.039,0.766,-97.026
1415.3,50.96,92.2,0.0,2.4,3,489.512,0.724,-98.726
1415.3,51.18,92.3,0.0,1.7,3,487.809,0.698,-99.853
1415.3,51.52,92.2,0.0,0.6,3,485.230,0.661,-101.537
1415.3,51.74,92.1,0.0,0.0,3,483.496,0.638,-102.658
1425.6,51.96,0.0,0.0,-0.6,0,480.878,0.605,-104.341
1425.6,51.96,92.0,0.0,-0.8,4,479.128,0.582,-105.462
1425.6,52.28,92.0,0.0,-1.4,4,476.496,0.550,-107.148
1425.6,52.50,92.0,0.0,-2.2,4,474.733,0.528,-108.280
1436.1,52.81,91.4,0.0,-3.5,4,472.080,0.494,-109.994
1436.1,53.02,84.8,0.0,-3.3,4,470.309,0.473,-111.151
1436.1,53.33,75.1,0.0,-3.1,4,467.649,0.444,-112.912
1436.1,53.53,68.6,0.0,-3.8,4,465.875,0.429,-114.105
1447.0,53.85,59.6,0.0,-4.8,4,463.214,0.407,-115.921
1447.0,54.15,59.9,0.0,-6.1,4,460.555,0.385,-117.773
1447.0,54.31,59.9,0.0,-6.4,4,458.786,0.372,-119.029
1458.2,54.57,60.1,0.0,-6.1,4,456.141,0.344,-120.944
1458.2,54.74,60.0,0.0,-6.3,4,454.385,0.323,-122.245
1458.2,54.88,36.9,0.0,-7.1,4,451.770,0.290,-124.238
1458.2,55.02,28.3,0.0,-8.2,4,450.040,0.267,-125.593
1469.8,55.07,40.7,0.0,-8.9,4,447.472,0.241,-127.670
1469.8,55.60,60.2,0.0,-7.4,4,442.428,0.206,-131.983
1469.8,55.87,60.3,0.0,-6.7,4,439.947,0.190,-134.223
1481.2,56.14,60.4,0.0,-5.7,4,437.495,0.178,-136.521
1481.2,56.33,60.4,0.0,-5.8,4,435.876,0.173,-138.081
1481.2,56.60,60.5,0.0,-5.8,4,433.468,0.166,-140.464
1481.2,56.79,60.6,0.0,-5.9,4,431.876,0.162,-142.078
1492.8,57.06,60.7,0.0,-5.5,4,429.506,0.154,-144.536
1492.8,57.24,60.7,0.0,-4.7,4,427.940,0.149,-146.201
1492.8,57.51,60.8,0.0,-4.1,4,425.611,0.142,-148.736
1492.8,57.70,60.8,0.0,-4.0,4,424.071,0.138,-150.450
1504.6,57.97,60.9,0.0,-4.0,4,421.780,0.136,-153.055
1504.6,58.14,61.0,0.0,-4.2,4,420.265,0.138,-154.814
1504.6,58.41,61.0,0.0,-4.6,4,418.009,0.143,-157.485
1504.6,58.59,61.1,0.0,-4.6,4,416.516,0.146,-159.286
1516.2,58.86,61.1,0.0,-4.7,4,414.293,0.146,-162.020
1516.2,59.12,61.1,0.0,-5.0,4,412.094,0.142,-164.792
1516.2,59.29,61.1,0.0,-5.2,4,410.642,0.138,-166.662
1527.9,59.54,61.1,0.0,-5.4,4,408.485,0.128,-169.499
1527.9,59.71,61.1,0.0,-6.1,4,407.062,0.119,-171.413
1527.9,59.95,61.2,0.0,-5.3,4,404.956,0.105,-174.320
1527.9,60.11,61.1,0.0,-4.4,4,403.571,0.096,-176.281
1539.8,60.36,61.1,0.0,-4.2,4,401.519,0.077,-179.255
1539.8,60.52,61.1,0.0,-3.9,4,400.168,0.063,-181.259
1539.8,60.76,60.8,0.0,-3.5,4,398.166,0.042,-184.297
1539.8,60.92,60.8,0.0,-3.1,4,396.846,0.027,-186.342
1551.9,61.15,60.6,0.0,-2.7,4,394.888,0.006,-189.436
1551.9,61.31,60.4,0.0,-2.6,4,393.595,-0.007,-191.516
1551.9,61.54,60.2,0.0,-2.1,4,391.673,-0.024,-194.660
1551.9,61.60,0.0,0.0,-1.7,0,390.402,-0.033,-196.770
1564.2,61.64,87.0,0.0,-1.2,5,388.516,-0.046,-199.947
1564.2,61.88,77.2,0.0,-1.0,5,386.643,-0.056,-203.144
1564.2,62.03,70.8,0.0,-1.0,5,385.401,-0.061,-205.288
1564.2,62.27,61.1,0.0,-1.0,5,383.545,-0.067,-208.521
1576.6,62.42,59.9,0.0,-1.0,5,382.311,-0.070,-210.688
1576.6,62.65,59.9,0.0,-0.4,5,380.466,-0.074,-213.954
1576.6,62.80,60.0,0.0,-0.7,5,379.238,-0.077,-216.142
1576.6,63.03,60.1,0.0,-1.0,5,377.399,-0.081,-219.438
1589.1,63.18,60.1,0.0,-1.1,5,376.173,-0.083,-221.645
1589.1,63.41,60.2,0.0,-0.9,5,374.338,-0.085,-224.969
1589.1,63.55,60.2,0.0,-0.7,5,373.117,-0.085,-227.194
1589.1,63.78,60.3,0.0,-0.7,5,371.288,-0.086,-230.547
1601.8,63.92,60.3,0.0,-0.8,5,370.070,-0.088,-232.792
1601.8,64.14,60.3,0.0,-0.7,5,368.246,-0.091,-236.173
1601.8,64.30,60.4,0.0,-0.7,5,367.031,-0.096,-238.437
1601.8,64.51,60.4,0.0,-0.7,5,365.212,-0.105,-241.845
1614.7,64.66,60.5,0.0,-0.7,5,364.001,-0.112,-244.127
1614.7,64.87,60.5,0.0,-0.8,5,362.187,-0.124,-247.562
1614.7,65.08,60.6,0.0,-0.9,5,360.376,-0.138,-251.014
1614.7,65.22,60.6,0.0,-0.9,5,359.171,-0.147,-253.325
1627.7,65.43,60.6,0.0,-0.9,5,357.367,-0.162,-256.804
1627.7,65.57,60.7,0.0,-0.8,5,356.168,-0.172,-259.133
1627.7,65.78,60.7,0.0,-0.7,5,354.373,-0.187,-262.640
1627.7,65.92,60.8,0.0,-0.7,5,353.178,-0.197,-264.988
1640.8,66.12,60.9,0.0,-0.6,5,351.391,-0.213,-268.522
1640.8,66.26,60.9,0.0,-0.6,5,350.201,-0.224,-270.887
1640.8,66.46,61.0,0.0,-0.5,5,348.420,-0.240,-274.447
1640.8,66.60,61.0,0.0,-0.4,5,347.233,-0.251,-276.829
1654.1,66.80,61.1,0.0,-0.4,5,345.455,-0.267,-280.413
1654.1,67.00,61.1,0.0,-0.4,5,343.677,-0.285,-284.011
1654.1,67.13,61.1,0.0,-0.3,5,342.491,-0.298,-286.418
1654.1,67.33,61.2,0.0,-0.2,5,340.712,-0.319,-290.038
1667.5,67.47,61.2,0.0,-0.1,5,339.526,-0.333,-292.458
1667.5,67.66,61.2,0.0,-0.2,5,337.744,-0.355,-296.099
1667.5,67.79,61.2,0.0,-0.2,5,336.555,-0.370,-298.533
1667.5,67.99,61.2,0.0,-0.1,5,334.767,-0.398,-302.193
1681.0,68.11,61.2,0.0,0.0,5,333.573,-0.415,-304.638
1681.0,68.30,61.3,0.0,0.0,5,331.780,-0.435,-308.316
1681.0,68.43,61.3,0.0,-0.0,5,330.582,-0.448,-310.774
1681.0,68.62,61.3,0.0,-0.1,5,328.780,-0.472,-314.470
1694.7,68.74,61.3,0.0,-0.1,5,327.577,-0.489,-316.939
1694.7,68.93,61.3,0.0,-0.1,5,325.768,-0.514,-320.651
1694.7,69.05,61.3,0.0,-0.0,5,324.559,-0.530,-323.132
1694.7,69.23,61.3,0.0,-0.0,5,322.743,-0.553,-326.861
1708.5,69.35,61.2,0.0,-0.0,5,321.530,-0.568,-329.352
1708.5,69.53,61.2,0.0,-0.1,5,319.707,-0.592,-333.098
1708.5,69.71,61.2,0.0,-0.1,5,317.880,-0.616,-336.854
1708.5,69.82,61.1,0.0,-0.1,5,316.660,-0.632,-339.364
1722.4,69.99,61.0,0.0,-0.1,5,314.827,-0.656,-343.136
1722.4,70.11,60.9,0.0,-0.1,5,313.602,-0.673,-345.656
1722.4,70.27,60.8,0.0,-0.1,5,311.764,-0.697,-349.444
1722.4,70.38,60.7,0.0,-0.1,5,310.536,-0.713,-351.975
1736.4,70.54,60.6,0.0,-0.1,5,308.692,-0.738,-355.779
1736.4,70.65,60.5,0.0,-0.1,5,307.461,-0.755,-358.320
1736.4,70.81,60.4,0.0,-0.1,5,305.612,-0.783,-362.139
1736.4,70.84,0.0,0.0,-0.1,0,304.378,-0.802,-364.690
1750.5,70.83,87.1,0.0,-0.1,6,302.529,-0.831,-368.514
1750.5,70.93,80.6,0.0,-0.1,6,301.296,-0.851,-371.067
1750.5,71.09,70.9,0.0,-0.1,6,299.444,-0.882,-374.904
1764.7,71.25,61.2,0.0,-0.1,6,297.589,-0.914,-378.749
1764.7,71.35,59.9,0.0,-0.0,6,296.350,-0.936,-381.318
1764.7,71.51,60.0,0.0,-0.0,6,294.490,-0.969,-385.179
1764.7,71.62,60.0,0.0,-0.0,6,293.248,-0.991,-387.757
1779.0,71.77,60.1,0.0,-0.0,6,291.383,-1.022,-391.633
1779.0,71.88,60.1,0.0,-0.0,6,290.137,-1.043,-394.222
1779.0,72.03,60.1,0.0,0.0,6,288.266,-1.076,-398.112
1779.0,72.14,60.2,0.0,0.1,6,287.016,-1.098,-400.710
1793.4,72.29,60.2,0.0,0.1,6,285.138,-1.133,-404.614
1793.4,72.39,60.2,0.0,0.1,6,283.884,-1.156,-407.222
1793.4,72.54,60.3,0.0,0.1,6,281.998,-1.184,-411.139
1793.4,72.64,60.3,0.0,0.1,6,280.739,-1.201,-413.754
1807.9,72.79,60.3,0.0,0.1,6,278.845,-1.229,-417.685
1807.9,72.89,60.4,0.0,0.1,6,277.580,-1.248,-420.309
1807.9,73.04,60.4,0.0,0.1,6,275.677,-1.276,-424.251
1807.9,73.19,60.4,0.0,0.1,6,273.768,-1.305,-428.200
1822.5,73.28,60.5,0.0,0.2,6,272.493,-1.325,-430.837
1822.5,73.42,60.5,0.0,0.2,6,270.574,-1.355,-434.797
1822.5,73.52,60.5,0.0,0.2,6,269.292,-1.375,-437.441
1822.5,73.66,60.5,0.0,0.2,6,267.363,-1.405,-441.413
1837.2,73.76,60.6,0.0,0.2,6,266.073,-1.425,-444.064
1837.2,73.90,60.6,0.0,0.2,6,264.133,-1.453,-448.046
1837.2,74.00,60.6,0.0,0.3,6,262.835,-1.472,-450.703
1837.2,74.13,60.6,0.0,0.3,6,260.882,-1.500,-454.695
1852.0,74.23,60.7,0.0,0.3,6,259.576,-1.517,-457.359
1852.0,74.36,60.7,0.0,0.2,6,257.609,-1.543,-461.359
1852.0,74.46,60.7,0.0,0.3,6,256.294,-1.560,-464.029
1852.0,74.59,60.7,0.0,0.3,6,254.315,-1.587,-468.038
1866.9,74.68,60.7,0.0,0.3,6,252.991,-1.605,-470.714
1866.9,74.81,60.8,0.0,0.3,6,250.998,-1.631,-474.731
1866.9,74.90,60.8,0.0,0.3,6,249.664,-1.649,-477.412
1866.9,75.03,60.8,0.0,0.2,6,247.657,-1.674,-481.437
1881.9,75.17,60.9,0.0,0.2,6,245.642,-1.698,-485.466
1881.9,75.25,60.9,0.0,0.2,6,244.294,-1.715,-488.155
1881.9,75.38,60.9,0.0,0.2,6,242.265,-1.738,-492.193
1881.9,75.47,61.0,0.0,0.2,6,240.909,-1.753,-494.888
1897.0,75.60,61.0,0.0,0.2,6,238.868,-1.775,-498.934
1897.0,75.68,61.0,0.0,0.1,6,237.503,-1.790,-501.634
1897.0,75.81,61.0,0.0,0.2,6,235.451,-1.814,-505.689
1897.0,75.94,61.0,0.0,0.2,6,233.392,-1.837,-509.749
1912.1,76.02,61.1,0.0,0.2,6,232.016,-1.852,-512.458
1912.1,76.14,61.1,0.0,0.2,6,229.947,-1.876,-516.527
1912.1,76.23,61.1,0.0,0.2,6,228.563,-1.892,-519.242
1912.1,76.35,61.2,0.0,0.1,6,226.483,-1.917,-523.319
1927.4,76.43,61.2,0.0,0.1,6,225.093,-1.934,-526.040
1927.4,76.55,61.2,0.0,0.0,6,223.003,-1.957,-530.125
1927.4,76.63,61.3,0.0,-0.0,6,221.606,-1.970,-532.852
1927.4,76.76,61.3,0.0,-0.1,6,219.508,-1.992,-536.947
1942.7,76.84,61.3,0.0,-0.2,6,218.106,-2.008,-539.681
1942.7,76.96,61.3,0.0,-0.2,6,216.003,-2.037,-543.787
1942.7,77.04,61.3,0.0,-0.3,6,214.599,-2.060,-546.528
1942.7,77.16,61.3,0.0,-0.3,6,212.493,-2.099,-550.647
1958.1,77.24,61.3,0.0,-0.2,6,211.090,-2.127,-553.397
1958.1,77.36,61.4,0.0,-0.3,6,208.986,-2.172,-557.530
1958.1,77.47,61.4,0.0,-0.3,6,206.884,-2.218,-561.671
1958.1,77.55,61.4,0.0,-0.3,6,205.483,-2.250,-564.437
1973.5,77.66,61.4,0.0,-0.4,6,203.385,-2.301,-568.593
1973.5,77.74,61.4,0.0,-0.4,6,201.987,-2.335,-571.369
1973.5,77.85,61.4,0.0,-0.4,6,199.894,-2.386,-575.541
1973.5,77.93,61.4,0.0,-0.4,6,198.500,-2.421,-578.327
1989.1,78.05,61.4,0.0,-0.2,6,196.412,-2.475,-582.514
1989.1,78.12,61.4,0.0,-0.2,6,195.023,-2.511,-585.311
1989.1,78.23,61.4,0.0,-0.1,6,192.940,-2.564,-589.513
1989.1,78.31,61.4,0.0,-0.1,6,191.554,-2.598,-592.320
2004.7,78.42,61.4,0.0,0.1,6,189.474,-2.654,-596.536
2004.7,78.50,61.4,0.0,0.2,6,188.087,-2.693,-599.351
2004.7,78.61,61.5,0.0,0.3,6,186.006,-2.749,-603.579
2004.7,78.68,61.5,0.0,0.4,6,184.616,-2.787,-606.400
2020.4,78.78,61.5,0.0,0.5,6,182.526,-2.843,-610.636
2020.4,78.88,61.5,0.0,0.7,6,180.428,-2.893,-614.875
2020.4,78.96,61.5,0.0,0.7,6,179.024,-2.928,-617.702
2036.2,79.06,61.5,0.0,0.7,6,176.908,-2.981,-621.943
2036.2,79.13,61.5,0.0,0.6,6,175.489,-3.013,-624.771
2036.2,79.23,61.4,0.0,0.7,6,173.348,-3.055,-629.012
2036.2,79.30,61.4,0.0,0.6,6,171.913,-3.081,-631.838
2052.0,79.40,61.4,0.0,0.6,6,169.747,-3.119,-636.078
2052.0,79.47,61.4,0.0,0.6,6,168.294,-3.143,-638.903
2052.0,79.56,61.4,0.0,0.6,6,166.103,-3.176,-643.141
2052.0,79.62,61.4,0.0,0.6,6,164.634,-3.195,-645.965
2067.9,79.72,61.4,0.0,0.5,6,162.419,-3.221,-650.201
2067.9,79.81,61.4,0.0,0.5,6,160.192,-3.242,-654.437
2067.9,79.87,61.3,0.0,0.5,6,158.700,-3.252,-657.260
2067.9,79.96,61.2,0.0,0.4,6,156.452,-3.263,-661.496
2083.9,80.02,61.2,0.0,0.3,6,154.947,-3.268,-664.319
2083.9,80.11,61.1,0.0,0.3,6,152.681,-3.272,-668.554
2083.9,80.17,61.1,0.0,0.4,6,151.164,-3.272,-671.378
2083.9,80.26,61.1,0.0,1.3,6,148.880,-3.269,-675.614
2099.8,80.31,61.1,0.0,1.3,6,147.350,-3.264,-678.438
2099.8,80.38,61.0,0.0,1.3,6,145.042,-3.254,-682.670
2099.8,80.44,61.0,0.0,0.7,6,143.492,-3.245,-685.488
2099.8,80.51,60.9,0.0,0.9,6,141.150,-3.228,-689.710
2115.9,80.56,60.9,0.0,1.0,6,139.577,-3.213,-692.522
2115.9,80.63,60.9,0.0,0.7,6,137.202,-3.187,-696.734
2115.9,80.68,60.8,0.0,0.3,6,135.608,-3.166,-699.539
2115.9,80.75,60.8,0.0,0.6,6,133.205,-3.132,-703.743
2132.0,80.82,60.8,0.0,0.8,6,130.788,-3.093,-707.944
2132.0,80.87,60.8,0.0,0.8,6,129.169,-3.064,-710.742
2132.0,80.93,60.6,0.0,1.0,6,126.728,-3.016,-714.937
2132.0,80.97,60.6,0.0,1.2,6,125.091,-2.981,-717.731
2148.1,81.04,60.5,0.0,1.4,0,122.621,-2.921,-721.916
2148.1,80.92,0.0,2.8,1.8,0,120.963,-2.879,-724.699
2148.1,80.49,0.0,62.2,0.7,7,118.465,-2.810,-728.852
2148.1,79.81,0.0,77.0,0.8,7,116.800,-2.760,-731.594
2164.2,78.59,0.0,84.8,0.9,7,114.315,-2.678,-735.646
2164.2,77.73,0.0,86.3,0.9,7,112.669,-2.619,-738.306
2164.2,76.44,0.0,86.4,0.6,7,110.220,-2.529,-742.231
2164.2,75.58,0.0,86.6,0.6,7,108.599,-2.468,-744.805
2179.5,74.29,0.0,86.7,0.8,7,106.187,-2.376,-748.601
2179.5,73.43,0.0,86.1,1.2,7,104.592,-2.314,-751.089
2179.5,72.16,0.0,86.7,1.7,7,102.218,-2.223,-754.757
2179.5,70.89,0.0,86.9,1.9,0,99.864,-2.133,-758.347
2194.0,70.08,20.1,89.8,1.9,0,98.305,-2.079,-760.698
2194.0,68.73,0.0,84.5,0.3,6,95.982,-2.007,-764.156
2194.0,67.89,0.0,84.0,-0.3,6,94.438,-1.956,-766.412
2194.0,66.66,0.0,86.0,0.8,6,92.131,-1.877,-769.727
2207.7,65.82,0.0,85.8,1.3,6,90.602,-1.827,-771.893
2207.7,64.57,0.0,85.3,1.8,6,88.325,-1.753,-775.075
2207.7,63.75,0.0,85.9,1.9,6,86.816,-1.702,-777.152
2207.7,62.52,0.0,85.7,1.2,6,84.568,-1.628,-780.203
2220.4,61.70,0.0,85.6,1.1,0,83.081,-1.580,-782.194
2220.4,60.49,0.0,86.4,1.4,5,80.865,-1.512,-785.117
2220.4,59.66,0.0,85.8,1.7,5,79.398,-1.469,-787.022
2220.4,58.45,0.0,85.3,2.6,5,77.214,-1.406,-789.814
2232.4,57.63,0.0,84.6,3.0,5,75.767,-1.366,-791.631
2232.4,56.43,0.0,85.0,3.8,5,73.610,-1.309,-794.290
2232.4,55.62,0.0,84.4,4.2,5,72.180,-1.272,-796.017
2232.4,54.44,0.0,76.4,4.3,5,70.044,-1.219,-798.537
2243.5,53.36,0.0,61.3,4.0,0,67.911,-1.166,-800.970
2243.5,52.79,32.9,42.8,3.7,0,66.488,-1.132,-802.545
2243.5,52.14,0.0,26.7,3.6,4,64.337,-1.081,-804.844
2243.5,51.81,0.0,21.1,4.6,4,62.889,-1.046,-806.336
2253.9,51.39,0.0,16.7,7.0,4,60.692,-0.995,-808.518
2253.9,51.13,0.0,14.5,8.4,4,59.211,-0.961,-809.936
2253.9,50.78,0.0,12.5,9.9,4,56.965,-0.908,-812.010
2253.9,50.57,0.0,10.9,10.7,4,55.451,-0.873,-813.358
2264.0,50.26,0.0,10.3,11.2,4,53.156,-0.821,-815.328
2264.0,50.06,0.0,9.0,11.6,4,51.609,-0.787,-816.607
2264.0,49.77,0.0,6.9,11.6,4,49.264,-0.737,-818.469
2264.0,49.59,0.0,5.1,11.5,4,47.682,-0.703,-819.672
2273.9,49.34,0.0,2.6,11.9,4,45.282,-0.652,-821.417
2273.9,49.12,0.0,0.2,12.8,4,42.850,-0.603,-823.093
2273.9,49.00,1.7,0.0,13.5,4,41.210,-0.570,-824.172
2283.8,48.82,6.8,0.0,14.2,4,38.724,-0.522,-825.730
2283.8,48.71,7.8,0.0,14.6,4,37.048,-0.489,-826.727
2283.8,48.54,6.9,0.0,15.2,4,34.508,-0.440,-828.163
2283.8,48.44,6.9,0.0,15.6,4,32.799,-0.407,-829.079
2293.9,48.26,5.1,0.0,16.1,4,30.211,-0.357,-830.391
2293.9,48.14,4.5,0.0,16.3,4,28.472,-0.325,-831.223
2293.9,47.97,10.7,0.0,16.3,4,25.844,-0.276,-832.408
2293.9,47.87,10.0,0.0,16.3,4,24.078,-0.243,-833.154
2303.9,47.70,7.6,0.0,16.3,4,21.411,-0.192,-834.206
2303.9,47.59,5.3,0.0,16.7,4,19.623,-0.158,-834.864
2303.9,47.41,1.5,0.0,18.0,4,16.926,-0.108,-835.786
2303.9,47.28,2.6,0.0,18.7,4,15.121,-0.076,-836.360
2313.8,47.09,2.7,0.0,18.8,4,12.404,-0.030,-837.154
2313.8,46.96,5.7,0.0,18.2,4,10.586,0.001,-837.638
2313.8,46.77,1.3,1.3,17.1,4,7.851,0.050,-838.293
2313.8,46.57,2.1,0.0,16.2,4,5.111,0.100,-838.866
2323.7,46.44,0.6,1.6,15.8,4,3.281,0.133,-839.204
2323.7,46.24,1.3,0.1,15.5,4,0.536,0.181,-839.645
2323.7,46.11,0.2,1.8,15.7,4,-1.294,0.212,-839.895
2323.7,45.90,0.8,0.0,16.1,4,-4.037,0.257,-840.205
2333.4,45.78,0.4,1.1,15.5,4,-5.863,0.286,-840.368
2333.4,45.59,1.1,0.2,14.0,4,-8.598,0.328,-840.550
2333.4,45.47,0.2,2.0,13.7,4,-10.417,0.355,-840.630
2333.4,45.31,22.3,0.0,13.4,4,-13.139,0.394,-840.688
2343.1,45.33,56.9,0.0,13.0,4,-14.951,0.419,-840.686
2343.1,45.49,54.9,12.2,13.0,4,-17.674,0.454,-840.627
2343.1,45.34,4.4,26.2,13.7,4,-19.491,0.476,-840.550
2343.1,44.78,0.0,22.3,14.2,4,-22.191,0.506,-840.383
2352.7,44.52,5.3,1.8,13.1,4,-23.971,0.524,-840.238
2352.7,44.52,72.7,0.0,11.6,4,-26.626,0.548,-839.965
2352.7,44.79,91.9,0.0,11.6,4,-29.282,0.569,-839.625
2352.7,44.98,91.9,0.0,12.2,4,-31.057,0.581,-839.362
2362.3,45.26,91.9,0.0,13.8,4,-33.726,0.598,-838.910
2362.3,45.44,91.9,0.0,14.8,4,-35.507,0.609,-838.570
2362.3,45.72,91.9,0.0,15.6,4,-38.182,0.625,-838.002
2362.3,45.91,91.9,0.0,15.6,4,-39.965,0.637,-837.583
2372.0,46.18,91.9,0.0,15.7,4,-42.641,0.653,-836.897
2372.0,46.37,91.9,0.0,15.6,4,-44.424,0.663,-836.400
2372.0,46.65,91.9,0.0,16.0,4,-47.096,0.677,-835.597
2372.0,46.83,91.9,0.0,16.6,4,-48.874,0.684,-835.021
2381.8,47.10,91.9,0.0,16.5,4,-51.536,0.694,-834.097
2381.8,47.28,91.9,0.0,16.7,4,-53.304,0.701,-833.439
2381.8,47.55,91.9,0.0,17.3,4,-55.948,0.710,-832.389
2381.8,47.73,91.9,0.0,17.7,4,-57.703,0.716,-831.649
2391.8,48.00,91.9,0.0,18.3,4,-60.326,0.720,-830.479
2391.8,48.27,91.9,0.0,19.0,4,-62.933,0.721,-829.238
2391.8,48.45,91.9,0.0,19.4,4,-64.661,0.721,-828.370
2391.8,48.71,91.9,0.0,20.4,4,-67.236,0.719,-827.006
2401.7,48.88,91.9,0.0,21.2,4,-68.941,0.717,-826.056
2401.7,49.14,92.0,0.0,21.9,4,-71.479,0.711,-824.572
2401.7,49.31,92.0,0.0,22.3,4,-73.157,0.706,-823.543
2401.7,49.55,92.0,0.0,22.8,4,-75.651,0.698,-821.938
2411.7,49.72,92.0,0.0,22.8,4,-77.296,0.691,-820.827
2411.7,49.97,92.0,0.0,23.2,4,-79.738,0.680,-819.102
2411.7,50.13,92.0,0.0,23.6,4,-81.348,0.671,-817.913
2411.7,50.33,73.4,0.0,24.5,4,-83.733,0.656,-816.070
2421.6,50.44,77.2,0.0,25.6,4,-85.301,0.646,-814.804
2421.6,50.57,62.7,0.0,27.1,4,-87.618,0.627,-812.851
2421.6,50.62,57.9,0.0,27.7,4,-89.137,0.614,-811.514
2421.6,50.54,10.3,0.0,28.6,4,-91.374,0.592,-809.461
2431.4,50.36,10.2,0.0,28.3,4,-93.551,0.566,-807.358
2431.4,50.24,10.2,0.0,27.1,4,-94.967,0.549,-805.928
2431.4,50.07,10.2,0.0,25.0,4,-97.034,0.523,-803.741
2431.4,49.95,10.2,0.0,23.9,4,-98.374,0.506,-802.256
2441.1,49.82,43.2,0.0,22.1,4,-100.328,0.478,-799.989
2441.1,49.89,77.4,0.0,20.9,4,-101.595,0.458,-798.450
2441.1,50.11,89.1,0.0,19.5,4,-103.449,0.427,-796.093
2441.1,50.29,92.0,0.0,19.2,4,-104.656,0.405,-794.489
2450.6,50.55,92.0,0.0,18.8,4,-106.425,0.369,-792.036
2450.6,50.74,92.0,0.0,18.1,4,-107.577,0.343,-790.369
2450.6,50.97,92.0,0.0,17.1,4,-109.261,0.301,-787.826
2450.6,51.18,92.0,0.0,16.4,4,-110.359,0.269,-786.103
2460.5,51.44,92.0,0.0,11.6,4,-111.964,0.217,-783.478
2460.5,51.71,92.0,0.0,5.5,4,-113.515,0.159,-780.802
2460.5,51.88,92.0,0.0,2.9,4,-114.519,0.118,-778.990
2470.7,52.16,92.0,0.0,-0.4,4,-115.980,0.059,-776.235
2470.7,52.35,92.0,0.0,-0.1,4,-116.931,0.017,-774.374
2470.7,52.69,92.0,0.0,0.1,4,-118.330,-0.057,-771.553
2470.7,52.92,88.8,0.0,-1.3,4,-119.249,-0.112,-769.652
2481.3,53.23,78.9,0.0,-2.0,4,-120.616,-0.195,-766.779
2481.3,53.46,72.4,0.0,-2.1,4,-121.528,-0.250,-764.851
2481.3,53.80,62.8,0.0,-2.2,4,-122.908,-0.333,-761.946
2481.3,54.03,59.6,0.0,-1.9,4,-123.839,-0.392,-760.003
2492.2,54.35,59.8,0.0,-2.1,4,-125.254,-0.490,-757.078
2492.2,54.57,59.9,0.0,-2.5,4,-126.211,-0.558,-755.123
2492.2,54.89,60.0,0.0,-2.3,4,-127.672,-0.661,-752.184
2492.2,55.10,60.0,0.0,-2.3,4,-128.662,-0.728,-750.222
2503.4,55.41,60.1,0.0,-2.7,4,-130.171,-0.828,-747.272
2503.4,55.62,60.2,0.0,-3.1,4,-131.193,-0.897,-745.302
2503.4,55.94,60.3,0.0,-3.0,4,-132.750,-1.001,-742.343
2503.4,56.26,60.4,0.0,-2.5,4,-134.340,-1.103,-739.379
2514.9,56.45,60.5,0.0,-2.7,4,-135.417,-1.171,-737.400
2514.9,56.77,60.7,0.0,-2.4,4,-137.056,-1.281,-734.428
2514.9,56.97,60.7,0.0,-2.4,4,-138.165,-1.361,-732.444
2514.9,57.29,60.7,0.0,-2.1,4,-139.856,-1.483,-729.465
2526.5,57.47,60.8,0.0,-2.0,4,-141.000,-1.568,-727.477
2526.5,57.80,60.8,0.0,-2.4,4,-142.739,-1.704,-724.492
2526.5,57.99,60.9,0.0,-2.9,4,-143.915,-1.798,-722.500
2526.5,58.29,61.0,0.0,-2.5,4,-145.706,-1.944,-719.510
2538.2,58.48,61.0,0.0,-1.7,4,-146.917,-2.042,-717.517
2538.2,58.77,61.1,0.0,-1.8,4,-148.759,-2.189,-714.525
2538.2,58.97,61.1,0.0,-2.1,4,-150.004,-2.288,-712.529
2538.2,59.26,61.1,0.0,-2.5,4,-151.893,-2.437,-709.532
2550.1,59.45,61.1,0.0,-2.4,4,-153.169,-2.536,-707.532
2550.1,59.73,61.1,0.0,-1.9,4,-155.108,-2.681,-704.532
2550.1,60.00,61.1,0.0,-1.3,4,-157.076,-2.818,-701.532
2550.1,60.18,61.1,0.0,-1.2,4,-158.403,-2.908,-699.530
2562.2,60.46,61.0,0.0,-1.3,4,-160.413,-3.042,-696.523
2562.2,60.64,61.0,0.0,-1.4,4,-161.765,-3.130,-694.516
2562.2,60.91,60.7,0.0,-1.4,4,-163.810,-3.257,-691.500
2562.2,61.08,60.5,0.0,-1.2,4,-165.185,-3.338,-689.487
2574.5,61.32,60.3,0.0,-1.1,4,-167.266,-3.451,-686.464
2574.5,61.40,0.0,0.0,-1.1,0,-168.665,-3.520,-684.448
2574.5,61.46,86.9,0.0,-1.0,5,-170.774,-3.616,-681.430
2574.5,61.62,80.4,0.0,-0.9,5,-172.190,-3.673,-679.417
2586.8,61.86,70.8,0.0,-0.8,5,-174.332,-3.749,-676.396
2586.8,62.02,64.3,0.0,-0.8,5,-175.771,-3.791,-674.380
2586.8,62.27,59.9,0.0,-0.9,5,-177.946,-3.843,-671.353
2586.8,62.43,59.9,0.0,-0.8,5,-179.407,-3.872,-669.332
2599.4,62.67,60.0,0.0,-0.8,5,-181.613,-3.907,-666.296
2599.4,62.91,60.1,0.0,-0.7,5,-183.836,-3.937,-663.255
2599.4,63.07,60.1,0.0,-0.7,5,-185.328,-3.954,-661.225
2599.4,63.30,60.2,0.0,-0.7,5,-187.579,-3.979,-658.176
2611.9,63.45,60.2,0.0,-0.7,5,-189.089,-3.994,-656.140
2611.9,63.68,60.3,0.0,-0.7,5,-191.368,-4.014,-653.082
2611.9,63.83,60.3,0.0,-0.6,5,-192.896,-4.025,-651.041
2611.9,64.05,60.3,0.0,-0.6,5,-195.200,-4.040,-647.975
2624.7,64.20,60.4,0.0,-0.6,5,-196.745,-4.047,-645.928
2624.7,64.41,60.4,0.0,-0.6,5,-199.075,-4.054,-642.853
2624.7,64.56,60.5,0.0,-0.6,5,-200.637,-4.057,-640.800
2624.7,64.77,60.5,0.0,-0.5,5,-202.991,-4.058,-637.717
2637.5,64.92,60.6,0.0,-0.6,5,-204.569,-4.055,-635.658
2637.5,65.12,60.6,0.0,-0.7,5,-206.948,-4.046,-632.567
2637.5,65.33,60.7,0.0,-0.8,5,-209.341,-4.030,-629.471
2637.5,65.47,60.7,0.0,-0.8,5,-210.945,-4.016,-627.405
2650.5,65.68,60.7,0.0,-1.0,5,-213.364,-3.993,-624.302
2650.5,65.82,60.8,0.0,-1.2,5,-214.985,-3.978,-622.232
2650.5,66.02,60.8,0.0,-1.5,5,-217.432,-3.955,-619.125
2650.5,66.15,60.9,0.0,-1.7,5,-219.074,-3.941,-617.054
2663.6,66.35,60.9,0.0,-1.4,5,-221.554,-3.921,-613.947
2663.6,66.35,60.9,0.0,-1.4,5,-221.554,-3.921,-613.947
2663.6,66.42,60.9,0.0,-1.1,5,-222.385,-3.915,-612.913
2663.6,66.81,61.0,0.0,-1.3,5,-227.421,-3.893,-606.705
2676.9,67.01,61.1,0.0,-1.1,5,-229.969,-3.892,-603.603
2676.9,67.02,29.6,40.6,-0.8,5,-231.678,-3.894,-601.537
2676.9,66.28,0.0,69.3,-0.7,5,-234.239,-3.902,-598.460
2676.9,65.59,0.0,78.4,-0.4,5,-235.933,-3.911,-596.436
2690.3,64.44,0.0,83.4,-0.3,5,-238.445,-3.926,-593.449
2690.3,63.25,0.0,85.3,-0.1,5,-240.921,-3.947,-590.523
2690.3,62.44,0.0,85.2,0.1,5,-242.551,-3.964,-588.607
2703.0,61.23,0.0,85.0,-0.1,5,-244.962,-3.993,-585.785
2703.0,60.43,0.0,85.5,-0.2,5,-246.548,-4.016,-583.937
2703.0,59.22,0.0,85.1,-0.2,5,-248.892,-4.052,-581.216
2703.0,58.42,0.0,85.1,-0.2,5,-250.432,-4.078,-579.435
2714.9,57.24,0.0,85.3,-0.1,5,-252.706,-4.117,-576.812
2714.9,56.44,0.0,85.1,0.1,5,-254.200,-4.143,-575.095
2714.9,55.26,0.0,85.3,0.0,5,-256.405,-4.183,-572.569
2714.9,54.47,0.0,85.3,-0.0,5,-257.851,-4.208,-570.917
2725.9,53.30,0.0,85.5,-0.3,0,-259.986,-4.247,-568.486
2725.9,52.54,28.9,85.4,-0.5,0,-261.386,-4.273,-566.896
2725.9,51.37,0.0,85.6,-0.7,4,-263.451,-4.313,-564.559
2725.9,50.59,0.0,85.8,-1.0,4,-264.805,-4.340,-563.032
2736.2,49.42,0.0,85.7,-1.4,4,-266.803,-4.381,-560.791
2736.2,48.25,0.0,85.2,-1.9,4,-268.762,-4.422,-558.609
2736.2,47.47,0.0,85.1,-2.0,4,-270.047,-4.448,-557.189
2736.2,46.32,0.0,85.2,-2.1,4,-271.945,-4.484,-555.109
2745.7,45.55,0.0,85.8,-2.0,4,-273.191,-4.507,-553.757
2745.7,44.41,29.4,86.1,-2.1,0,-275.033,-4.541,-551.782
2745.7,43.64,0.0,86.3,-2.4,3,-276.244,-4.563,-550.500
2745.7,42.49,0.0,86.2,-2.8,3,-278.033,-4.595,-548.633
2754.4,41.71,0.0,85.5,-2.9,3,-279.209,-4.616,-547.425
2754.4,40.55,0.0,85.4,-2.8,3,-280.947,-4.647,-545.670
2754.4,39.80,0.0,84.9,-2.6,3,-282.091,-4.666,-544.538
2754.4,38.66,0.0,80.3,-2.4,3,-283.783,-4.693,-542.899
2762.3,37.95,0.0,75.8,-2.4,3,-284.897,-4.710,-541.845
2762.3,36.93,0.0,71.1,-0.2,0,-286.548,-4.736,-540.320
2762.3,36.30,32.9,71.0,1.1,0,-287.637,-4.752,-539.340
2762.3,35.34,0.0,69.4,-1.8,2,-289.253,-4.777,-537.920
2769.6,34.38,0.0,69.5,-6.2,2,-290.847,-4.801,-536.563
2769.6,33.75,0.0,70.6,-8.8,2,-291.899,-4.816,-535.695
2769.6,32.79,0.0,70.9,-10.5,2,-293.460,-4.838,-534.448
2769.6,32.16,0.0,68.7,-6.9,2,-294.489,-4.851,-533.654
2776.1,31.24,0.0,58.7,-5.8,2,-296.014,-4.871,-532.515
2776.1,30.70,0.0,52.9,-5.8,2,-297.020,-4.883,-531.790
2776.1,29.99,31.4,48.3,-5.0,0,-298.518,-4.900,-530.755
2776.1,29.53,0.0,47.3,-4.6,1,-299.511,-4.911,-530.097
2782.0,28.85,0.0,44.8,-5.6,1,-300.988,-4.925,-529.155
2782.0,28.42,0.0,42.6,-7.0,1,-301.965,-4.934,-528.555
2782.0,27.80,0.0,40.3,-13.4,1,-303.415,-4.946,-527.693
2782.0,27.40,0.0,35.6,-16.9,1,-304.375,-4.954,-527.145
2787.3,26.87,0.0,33.5,-19.3,1,-305.807,-4.964,-526.368
2787.3,26.53,0.0,34.1,-19.7,1,-306.758,-4.970,-525.881
2787.3,26.02,0.0,25.9,-20.6,1,-308.179,-4.978,-525.197
2787.3,25.60,0.0,23.1,-21.5,1,-309.596,-4.985,-524.571
2792.5,25.33,0.0,22.5,-21.6,1,-310.540,-4.987,-524.186
2792.5,24.97,0.0,16.8,-21.9,1,-311.953,-4.990,-523.658
2792.5,24.75,0.0,15.9,-22.8,1,-312.895,-4.991,-523.337
2792.5,24.43,0.0,15.6,-22.6,1,-314.305,-4.991,-522.902
2798.1,24.23,0.0,12.2,-22.6,1,-315.244,-4.990,-522.643
2798.1,23.97,0.0,10.5,-23.7,1,-316.649,-4.986,-522.299
2798.1,23.81,0.0,11.1,-25.9,1,-317.584,-4.982,-522.100
2798.1,23.55,0.0,3.4,-33.1,1,-318.983,-4.975,-521.848
2805.1,23.47,18.6,0.0,-34.0,1,-319.913,-4.968,-521.713
2805.1,23.59,49.8,0.0,-33.7,1,-321.314,-4.956,-521.558
2805.1,23.79,60.8,0.0,-31.4,1,-322.257,-4.948,-521.483
2805.1,24.06,65.2,0.0,-28.0,1,-323.691,-4.940,-521.407
2810.8,24.20,38.0,0.0,-26.2,1,-324.656,-4.939,-521.381
2810.8,24.24,1.4,14.2,-18.3,1,-326.113,-4.943,-521.380
2810.8,23.97,0.0,11.4,-13.0,1,-327.559,-4.949,-521.434
2810.8,23.70,0.0,5.1,-10.9,1,-328.510,-4.949,-521.506
2816.3,23.51,0.0,0.2,-11.2,1,-329.916,-4.939,-521.670
2816.3,23.43,1.5,0.0,-15.6,1,-330.845,-4.931,-521.812
2816.3,23.35,12.5,0.0,-26.1,1,-332.225,-4.921,-522.065
2816.3,23.38,35.6,0.0,-31.6,1,-333.139,-4.916,-522.259
2821.3,23.59,56.7,0.0,-35.1,1,-334.506,-4.907,-522.593
2821.3,23.80,63.9,0.0,-36.0,1,-335.420,-4.901,-522.844
2821.3,24.17,82.8,0.0,-37.6,1,-336.794,-4.889,-523.265
2821.3,24.50,91.5,0.0,-37.9,1,-337.715,-4.879,-523.577
2826.1,24.95,68.7,0.0,-35.6,1,-339.106,-4.864,-524.092
2826.1,25.20,64.7,0.0,-33.1,1,-340.034,-4.852,-524.470
2826.1,25.53,71.9,0.0,-30.6,1,-341.424,-4.833,-525.088
2826.1,25.77,63.4,0.0,-28.7,1,-342.346,-4.819,-525.536
2831.2,26.10,58.5,0.0,-24.2,1,-343.723,-4.798,-526.259
2831.2,26.32,61.8,0.0,-20.2,1,-344.634,-4.784,-526.776
2831.2,26.68,68.4,0.0,-12.7,1,-345.992,-4.762,-527.600
2836.4,27.12,76.4,0.0,-3.3,1,-347.342,-4.740,-528.482
2836.4,27.47,86.8,0.0,2.7,1,-348.242,-4.725,-529.099
2836.4,28.09,91.8,0.0,5.0,1,-349.603,-4.703,-530.059
2836.4,28.52,88.1,0.0,10.4,1,-350.521,-4.688,-530.720
2841.9,29.01,65.0,0.0,13.0,1,-351.922,-4.665,-531.727
2841.9,29.23,52.0,0.0,13.8,1,-352.875,-4.650,-532.398
2841.9,29.46,41.5,0.0,11.6,1,-354.330,-4.627,-533.389
2841.9,29.60,39.6,0.0,10.9,1,-355.316,-4.613,-534.037
2847.8,29.81,43.8,0.0,12.1,1,-356.820,-4.593,-534.993
2847.8,29.97,49.2,0.0,13.4,1,-357.839,-4.580,-535.617
2847.8,30.16,33.7,0.0,15.7,1,-359.394,-4.562,-536.531
2847.8,30.24,29.4,0.0,17.1,1,-360.447,-4.551,-537.123
2853.8,30.31,25.9,0.0,21.6,1,-362.048,-4.536,-537.980
2853.8,30.32,18.0,0.0,23.9,1,-363.130,-4.527,-538.527
2853.8,30.29,17.0,0.0,25.9,1,-364.774,-4.515,-539.306
2853.8,30.29,19.9,0.0,27.6,1,-365.882,-4.508,-539.795
2860.5,30.25,14.7,0.0,30.7,1,-367.564,-4.499,-540.481
2860.5,30.19,12.9,0.0,32.4,1,-369.266,-4.492,-541.105
2860.5,30.12,4.8,0.0,33.7,1,-370.411,-4.489,-541.487
2860.5,30.05,29.5,0.0,37.5,1,-372.138,-4.487,-542.009
2867.2,30.12,49.8,0.0,39.0,1,-373.299,-4.488,-542.324
2867.2,30.37,56.2,0.0,41.1,1,-375.062,-4.492,-542.750
2867.2,30.55,58.8,0.0,41.4,1,-376.254,-4.493,-542.999
2867.2,30.75,50.0,0.0,40.9,1,-378.064,-4.492,-543.318
2874.9,30.85,54.7,0.0,42.1,1,-379.282,-4.490,-543.495
2874.9,31.07,44.6,0.0,44.2,1,-381.128,-4.489,-543.710
2874.9,31.16,38.5,0.0,46.1,1,-382.367,-4.491,-543.821
2874.9,31.19,30.9,0.0,50.9,1,-384.235,-4.495,-543.933
2882.0,31.21,25.0,0.0,52.0,1,-385.481,-4.500,-543.973
2882.0,31.13,18.8,0.0,55.9,1,-387.352,-4.506,-543.973
2882.0,31.04,12.7,0.0,57.1,1,-388.595,-4.508,-543.930
2882.0,30.90,10.4,0.0,58.9,1,-390.449,-4.510,-543.810
2889.8,30.80,10.3,0.0,59.7,1,-391.678,-4.511,-543.695
2889.8,30.65,10.2,0.0,60.0,1,-393.508,-4.513,-543.471
2889.8,30.50,10.2,0.0,56.4,1,-395.320,-4.515,-543.185
2889.8,30.40,10.4,0.0,55.6,1,-396.517,-4.515,-542.958
2896.1,30.26,11.6,0.0,53.1,1,-398.293,-4.516,-542.565
2896.1,30.18,12.4,0.0,51.0,1,-399.465,-4.517,-542.267
2896.1,30.08,14.3,0.0,47.3,1,-401.203,-4.520,-541.769
2896.1,30.02,16.0,0.0,44.9,1,-402.348,-4.524,-541.403
2902.1,29.97,19.5,0.0,41.6,1,-404.045,-4.533,-540.805
2902.1,29.95,23.4,0.0,39.4,1,-405.163,-4.540,-540.373
2902.1,30.00,33.6,0.0,35.6,1,-406.820,-4.554,-539.677
2902.1,30.09,45.4,0.0,32.6,1,-407.913,-4.564,-539.179
2908.0,30.39,79.1,0.0,26.7,1,-409.541,-4.580,-538.381
2908.0,30.70,67.4,0.0,21.4,1,-410.623,-4.593,-537.816
2908.0,31.06,68.9,0.0,12.9,1,-412.241,-4.614,-536.916
2908.0,31.30,60.0,0.0,7.9,1,-413.315,-4.629,-536.282
2914.0,31.70,76.5,0.0,2.8,1,-414.917,-4.654,-535.283
2914.0,32.01,81.5,0.0,1.4,1,-415.982,-4.671,-534.584
2914.0,32.56,91.7,0.0,2.4,1,-417.577,-4.697,-533.488
2914.0,33.16,91.9,0.0,5.4,1,-419.174,-4.724,-532.335
2920.1,33.55,92.0,0.0,7.6,1,-420.241,-4.742,-531.536
2920.1,34.12,92.0,0.0,10.3,1,-421.843,-4.770,-530.291
2920.1,34.50,92.0,0.0,10.9,1,-422.912,-4.789,-529.432
2920.1,35.05,92.0,0.0,11.3,1,-424.515,-4.816,-528.098
2926.8,35.40,92.2,0.0,10.8,1,-425.582,-4.834,-527.179
2926.8,35.92,92.0,0.0,9.8,0,-427.177,-4.859,-525.754
2926.8,35.93,0.0,0.0,9.1,0,-428.232,-4.874,-524.778
2926.8,36.31,91.9,0.0,7.7,2,-429.794,-4.897,-523.281
2933.8,36.65,91.9,0.0,7.3,2,-430.830,-4.911,-522.255
2933.8,37.17,91.9,0.0,7.2,2,-432.381,-4.931,-520.675
2933.8,37.50,91.9,0.0,7.5,2,-433.411,-4.945,-519.595
2933.8,38.00,91.9,0.0,6.8,2,-434.951,-4.964,-517.935
2941.1,38.34,91.9,0.0,7.1,2,-435.974,-4.977,-516.803
2941.1,38.83,92.0,0.0,8.4,2,-437.503,-4.996,-515.066
2941.1,39.15,92.0,0.0,9.3,2,-438.516,-5.008,-513.882
2941.1,39.62,92.0,0.0,10.2,2,-440.026,-5.026,-512.065
2948.8,40.06,92.0,0.0,10.4,2,-441.518,-5.044,-510.199
2948.8,40.37,92.0,0.0,10.1,2,-442.502,-5.055,-508.927
2948.8,40.81,92.1,0.0,10.2,2,-443.958,-5.072,-506.976
2948.8,41.09,92.2,0.0,9.7,2,-444.913,-5.081,-505.646
2956.7,41.50,92.1,0.0,8.9,2,-446.321,-5.092,-503.609
2956.7,41.63,0.0,0.0,8.8,0,-447.240,-5.099,-502.223
2956.7,41.72,91.9,0.0,9.3,3,-448.581,-5.108,-500.116
2956.7,41.98,91.9,0.0,9.2,3,-449.452,-5.112,-498.687
2964.7,42.37,91.9,0.0,8.8,3,-450.727,-5.114,-496.504
2964.7,43.27,91.9,0.0,7.4,3,-453.562,-5.120,-491.225
2973.1,43.51,91.9,0.0,7.2,3,-454.332,-5.124,-489.670
2973.1,43.90,91.9,0.0,6.5,3,-455.454,-5.132,-487.301
2973.1,44.14,91.9,0.0,7.5,3,-456.176,-5.137,-485.696
2973.1,44.52,91.9,0.0,9.7,3,-457.223,-5.147,-483.252
2981.5,44.91,92.0,0.0,11.5,3,-458.228,-5.161,-480.765
2981.5,45.16,92.0,0.0,12.4,3,-458.874,-5.172,-479.084
2981.5,45.53,92.0,0.0,13.0,3,-459.806,-5.191,-476.529
2981.5,45.77,92.0,0.0,12.9,3,-460.402,-5.206,-474.804
2990.2,46.13,92.0,0.0,12.0,3,-461.256,-5.232,-472.183
2990.2,46.37,92.0,0.0,11.3,3,-461.796,-5.251,-470.414
2990.2,46.72,92.0,0.0,11.1,3,-462.560,-5.281,-467.729
2990.2,46.95,92.0,0.0,11.1,3,-463.039,-5.303,-465.918
2999.3,47.31,92.0,0.0,11.5,3,-463.710,-5.339,-463.172
2999.3,47.54,92.0,0.0,12.0,3,-464.125,-5.364,-461.322
2999.3,47.87,92.1,0.0,12.6,3,-464.698,-5.403,-458.519
2999.3,48.10,92.1,0.0,12.6,3,-465.047,-5.430,-456.632
3008.7,48.44,92.1,0.0,12.4,3,-465.518,-5.472,-453.775
3008.7,48.66,92.1,0.0,12.2,3,-465.797,-5.499,-451.854
3008.7,49.00,92.1,0.0,12.4,3,-466.161,-5.540,-448.948
3008.7,49.21,92.1,0.0,12.9,3,-466.367,-5.566,-446.996
3018.2,49.54,92.1,0.0,11.8,3,-466.622,-5.606,-444.045
3018.2,49.87,92.1,0.0,10.5,3,-466.814,-5.646,-441.070
3018.2,50.08,92.1,0.0,11.1,3,-466.906,-5.673,-439.074
3028.1,50.40,92.1,0.0,12.3,3,-466.991,-5.713,-436.061
3028.1,50.61,92.2,0.0,12.9,3,-467.011,-5.739,-434.042
3028.1,50.90,92.3,0.0,13.2,3,-466.984,-5.778,-430.997
3028.1,51.10,92.2,0.0,12.9,3,-466.927,-5.803,-428.959
3038.3,51.38,92.1,0.0,12.4,0,-466.779,-5.839,-425.889
3038.3,51.32,0.0,0.0,11.8,0,-466.638,-5.862,-423.839
3038.3,51.50,92.0,0.0,9.7,4,-466.361,-5.893,-420.770
3038.3,51.68,92.0,0.0,9.2,4,-466.133,-5.911,-418.720
3049.0,51.96,92.0,0.0,9.3,4,-465.728,-5.935,-415.638
3049.0,52.14,92.0,0.0,10.0,4,-465.416,-5.949,-413.580
3049.0,52.42,92.0,0.0,10.8,4,-464.888,-5.969,-410.489
3049.0,52.60,92.0,0.0,11.5,4,-464.498,-5.981,-408.426
3060.7,52.88,88.8,0.0,12.5,4,-463.858,-6.004,-405.327
3060.7,53.06,82.3,0.0,12.9,4,-463.398,-6.023,-403.259
3060.7,53.30,72.5,0.0,12.4,4,-462.657,-6.060,-400.157
3060.7,53.43,66.0,0.0,12.4,4,-462.122,-6.087,-398.091
3071.9,53.52,22.8,0.0,12.8,4,-461.249,-6.121,-395.002
3071.9,53.51,15.6,0.0,13.2,4,-460.623,-6.140,-392.955
3071.9,53.60,52.6,0.0,12.9,4,-459.620,-6.162,-389.904
3071.9,53.85,59.7,0.0,11.1,4,-458.545,-6.181,-386.866
3082.7,54.03,59.7,0.0,9.9,4,-457.789,-6.193,-384.846
3082.7,54.31,59.9,0.0,8.7,4,-456.599,-6.212,-381.822
3082.7,54.50,59.9,0.0,8.4,4,-455.768,-6.224,-379.811
3082.7,54.78,60.0,0.0,7.8,4,-454.467,-6.240,-376.803
3093.5,54.96,60.1,0.0,7.4,4,-453.564,-6.247,-374.803
3093.5,55.25,60.2,0.0,7.1,4,-452.162,-6.257,-371.809
3093.5,55.44,60.2,0.0,6.7,4,-451.196,-6.263,-369.817
3093.5,55.72,60.3,0.0,6.0,4,-449.703,-6.276,-366.836
3104.4,55.91,60.3,0.0,5.9,4,-448.679,-6.285,-364.853
3104.4,56.19,60.4,0.0,6.0,4,-447.098,-6.298,-361.885
3104.4,56.38,60.4,0.0,6.2,4,-446.015,-6.307,-359.911
3104.4,56.65,60.5,0.0,6.2,4,-444.349,-6.320,-356.959
3115.6,56.83,60.6,0.0,6.0,4,-443.210,-6.329,-354.996
3115.6,57.10,60.6,0.0,5.7,4,-441.458,-6.340,-352.062
3115.6,57.28,60.7,0.0,5.8,4,-440.260,-6.346,-350.113
3115.6,57.55,60.8,0.0,5.8,4,-438.423,-6.354,-347.200
3126.9,57.73,60.9,0.0,5.7,4,-437.170,-6.361,-345.264
3126.9,58.00,60.9,0.0,5.2,4,-435.248,-6.369,-342.374
3126.9,58.17,61.0,0.0,4.6,4,-433.939,-6.373,-340.455
3126.9,58.45,61.0,0.0,3.8,4,-431.935,-6.380,-337.588
3138.5,58.72,61.1,0.0,2.7,4,-429.884,-6.382,-334.734
3138.5,58.90,61.1,0.0,1.7,4,-428.494,-6.383,-332.837
3138.5,59.16,61.1,0.0,1.4,4,-426.376,-6.379,-329.999
3138.5,59.34,61.1,0.0,1.4,4,-424.945,-6.373,-328.110
3150.3,59.63,61.1,0.0,1.0,4,-422.774,-6.359,-325.279
3150.3,59.79,61.2,0.0,0.6,4,-421.312,-6.350,-323.391
3150.3,60.06,61.2,0.0,-0.0,4,-419.102,-6.338,-320.555
3150.3,60.23,61.1,0.0,-0.2,4,-417.618,-6.328,-318.662
3162.4,60.49,61.1,0.0,-0.5,4,-415.380,-6.314,-315.815
3162.4,60.66,61.0,0.0,-0.6,4,-413.882,-6.305,-313.911
3162.4,60.90,60.8,0.0,-0.7,4,-411.630,-6.290,-311.044
3162.4,61.06,60.7,0.0,-0.8,4,-410.125,-6.280,-309.124
3174.6,61.30,60.5,0.0,-0.7,4,-407.866,-6.264,-306.231
3174.6,61.45,60.3,0.0,-0.7,4,-406.359,-6.254,-304.294
3174.6,61.68,60.1,0.0,-0.7,0,-404.098,-6.237,-301.373
3174.6,61.63,0.0,0.0,-0.6,0,-402.592,-6.225,-299.419
3186.9,61.78,83.7,0.0,-0.5,5,-400.340,-6.207,-296.484
3186.9,61.93,77.2,0.0,-0.3,5,-398.838,-6.194,-294.518
3186.9,62.16,67.5,0.0,-0.5,5,-396.584,-6.175,-291.555
3186.9,62.39,59.8,0.0,-0.5,5,-394.328,-6.155,-288.577
3199.3,62.54,59.9,0.0,-0.6,5,-392.823,-6.141,-286.583
3199.3,62.77,60.0,0.0,-0.5,5,-390.563,-6.120,-283.579
3199.3,62.92,60.0,0.0,-0.4,5,-389.054,-6.107,-281.568
3199.3,63.15,60.1,0.0,-0.3,5,-386.790,-6.088,-278.540
3211.8,63.29,60.1,0.0,-0.3,5,-385.278,-6.073,-276.513
3211.8,63.51,60.2,0.0,-0.3,5,-383.007,-6.048,-273.462
3211.8,63.66,60.3,0.0,-0.2,5,-381.490,-6.030,-271.421
3211.8,63.88,60.3,0.0,-0.2,5,-379.212,-6.003,-268.347
3224.5,64.02,60.3,0.0,-0.1,5,-377.691,-5.985,-266.291
3224.5,64.24,60.4,0.0,-0.1,5,-375.404,-5.959,-263.197
3224.5,64.39,60.4,0.0,-0.2,5,-373.877,-5.941,-261.127
3224.5,64.60,60.4,0.0,-0.1,5,-371.580,-5.913,-258.014
3237.4,64.73,60.5,0.0,-0.0,5,-370.046,-5.893,-255.931
3237.4,64.94,60.5,0.0,0.1,5,-367.740,-5.859,-252.799
3237.4,65.08,60.6,0.0,0.2,5,-366.199,-5.836,-250.705
3237.4,65.29,60.6,0.0,0.4,5,-363.880,-5.800,-247.557
3250.4,65.49,60.7,0.0,0.3,5,-361.551,-5.762,-244.399
3250.4,65.63,60.7,0.0,0.2,5,-359.993,-5.736,-242.290
3250.4,65.83,60.8,0.0,0.3,5,-357.648,-5.693,-239.121
3250.4,65.97,60.8,0.0,0.3,5,-356.078,-5.663,-237.004
3263.6,66.17,60.9,0.0,0.2,5,-353.714,-5.619,-233.822
3263.6,66.30,60.9,0.0,0.1,5,-352.132,-5.590,-231.698
3263.6,66.50,61.0,0.0,0.1,5,-349.751,-5.548,-228.505
3263.6,66.63,61.0,0.0,0.1,5,-348.158,-5.523,-226.372
3276.8,66.83,61.0,0.0,0.1,5,-345.760,-5.489,-223.166
3276.8,66.95,61.1,0.0,0.1,5,-344.156,-5.463,-221.025
3276.8,67.08,61.1,0.0,0.1,5,-342.549,-5.436,-218.881
3276.8,67.27,61.2,0.0,0.1,5,-340.130,-5.393,-215.657
3290.2,67.46,61.2,0.0,0.1,5,-337.703,-5.348,-212.426
3290.2,67.58,61.2,0.0,0.1,5,-336.081,-5.317,-210.267
3290.2,67.77,61.2,0.0,-0.0,5,-333.642,-5.270,-207.022
3303.8,67.96,61.2,0.0,-0.1,5,-331.195,-5.223,-203.768
3303.8,68.08,61.2,0.0,-0.1,5,-329.560,-5.191,-201.593
3303.8,68.26,61.3,0.0,-0.1,5,-327.102,-5.141,-198.325
3303.8,68.38,61.3,0.0,-0.1,5,-325.461,-5.106,-196.141
3317.4,68.56,61.3,0.0,-0.1,5,-322.994,-5.053,-192.856
3317.4,68.67,61.3,0.0,-0.2,5,-321.347,-5.016,-190.662
3317.4,68.85,61.3,0.0,-0.2,5,-318.872,-4.960,-187.362
3317.4,68.97,61.3,0.0,-0.2,5,-317.219,-4.923,-185.156
3331.2,69.14,61.3,0.0,-0.2,5,-314.737,-4.868,-181.840
3331.2,69.25,61.3,0.0,-0.2,5,-313.080,-4.831,-179.623
3331.2,69.42,61.2,0.0,-0.2,5,-310.591,-4.776,-176.290
3331.2,69.53,61.2,0.0,-0.2,5,-308.930,-4.740,-174.063
3345.1,69.70,61.2,0.0,-0.2,5,-306.435,-4.685,-170.714
3345.1,69.86,61.1,0.0,-0.2,5,-303.936,-4.628,-167.355
3345.1,69.97,61.0,0.0,-0.2,5,-302.269,-4.590,-165.111
3345.1,70.12,60.9,0.0,-0.2,5,-299.765,-4.531,-161.736
3359.1,70.23,60.8,0.0,-0.2,5,-298.094,-4.493,-159.481
3359.1,70.38,60.7,0.0,-0.2,5,-295.585,-4.433,-156.091
3359.1,70.48,60.6,0.0,-0.2,5,-293.911,-4.393,-153.826
3359.1,70.63,60.5,0.0,-0.2,5,-291.398,-4.333,-150.420
3373.2,70.73,60.5,0.0,-0.1,5,-289.721,-4.292,-148.144
3373.2,70.87,60.3,0.0,-0.1,0,-287.205,-4.231,-144.722
3373.2,70.79,0.0,0.0,-0.1,0,-285.527,-4.190,-142.438
3373.2,70.87,83.8,0.0,-0.1,6,-283.014,-4.130,-139.014
3387.3,70.97,77.3,0.0,0.0,6,-281.338,-4.090,-136.726
3387.3,71.12,67.6,0.0,0.1,6,-278.819,-4.031,-133.288
3387.3,71.22,61.1,0.0,0.1,6,-277.137,-3.991,-130.992
3387.3,71.36,59.9,0.0,0.1,6,-274.610,-3.930,-127.541
3401.6,71.51,60.0,0.0,0.0,6,-272.077,-3.868,-124.085
3401.6,71.61,60.0,0.0,0.0,6,-270.385,-3.827,-121.777
3401.6,71.75,60.0,0.0,-0.1,6,-267.842,-3.765,-118.310
3401.6,71.85,60.1,0.0,-0.1,6,-266.143,-3.723,-115.994
3416.0,71.95,60.1,0.0,-0.2,6,-264.442,-3.682,-113.676
3416.0,72.08,60.2,0.0,-0.3,6,-261.888,-3.619,-110.192
3416.0,72.23,60.2,0.0,-0.4,6,-259.331,-3.553,-106.700
3416.0,72.32,60.2,0.0,-0.4,6,-257.625,-3.508,-104.366
3430.4,72.46,60.3,0.0,-0.4,6,-255.066,-3.441,-100.857
3430.4,72.56,60.3,0.0,-0.3,6,-253.360,-3.396,-98.512
3430.4,72.69,60.3,0.0,-0.3,6,-250.802,-3.328,-94.986
3430.4,72.79,60.3,0.0,-0.3,6,-249.097,-3.284,-92.629
3444.9,72.92,60.4,0.0,-0.3,6,-246.539,-3.219,-89.085
3444.9,73.01,60.4,0.0,-0.2,6,-244.834,-3.176,-86.717
3444.9,73.14,60.4,0.0,0.2,6,-242.275,-3.113,-83.157
3444.9,73.23,60.4,0.0,0.6,6,-240.569,-3.070,-80.779
3459.6,73.37,60.5,0.0,1.1,6,-238.004,-3.008,-77.207
3459.6,73.50,60.5,0.0,0.7,6,-235.430,-2.944,-73.632
3459.6,73.58,60.5,0.0,0.9,6,-233.705,-2.902,-71.249
3459.6,73.71,60.5,0.0,1.8,6,-231.105,-2.838,-67.677
3474.3,73.80,60.6,0.0,2.3,6,-229.362,-2.795,-65.298
3474.3,73.92,60.6,0.0,2.9,6,-226.725,-2.726,-61.737
3474.3,74.00,60.6,0.0,3.4,6,-224.950,-2.680,-59.371
3474.3,74.00,28.7,35.2,4.2,6,-222.259,-2.610,-55.838
3489.1,73.58,0.0,48.7,4.5,6,-220.450,-2.563,-53.504
3489.1,72.75,0.0,51.5,4.3,6,-217.724,-2.492,-50.061
3489.1,72.18,0.0,47.7,3.9,6,-215.900,-2.446,-47.808
3489.1,71.39,0.0,36.7,4.7,6,-213.147,-2.378,-44.495
3503.5,70.94,0.0,27.4,3.9,6,-211.296,-2.332,-42.332
3503.5,70.42,0.0,12.6,3.2,6,-208.493,-2.265,-39.151
3503.5,70.16,0.0,4.4,4.4,6,-206.603,-2.220,-37.069
3503.5,69.90,5.3,0.0,4.5,6,-203.731,-2.153,-34.003
3517.5,69.71,13.5,0.0,4.9,6,-200.816,-2.085,-30.996
3517.5,69.59,7.7,0.0,5.3,6,-198.850,-2.041,-29.022
3517.5,69.28,1.4,24.5,4.9,6,-195.870,-1.975,-26.108
3517.5,68.93,0.0,98.1,4.7,6,-193.867,-1.930,-24.202
3531.2,67.82,0.0,26.5,4.8,6,-190.858,-1.863,-21.412
3531.2,67.52,47.3,1.1,5.3,6,-188.850,-1.817,-19.600
3531.2,67.60,78.7,0.0,7.3,6,-185.800,-1.751,-16.932
3531.2,67.62,37.0,6.6,9.5,6,-183.739,-1.711,-15.181
3544.6,67.28,0.0,8.7,12.4,6,-180.614,-1.660,-12.606
3544.6,67.07,26.2,0.0,12.9,6,-178.514,-1.631,-10.930
3544.6,67.00,60.9,0.0,12.1,6,-175.329,-1.596,-8.476
3544.6,67.03,71.4,0.0,11.7,6,-173.176,-1.576,-6.880
3558.0,67.10,61.6,0.0,11.7,6,-169.897,-1.551,-4.548
3558.0,67.12,58.1,0.0,12.4,6,-167.678,-1.534,-3.037
3558.0,67.14,58.2,0.0,15.0,6,-164.302,-1.508,-0.841
3558.0,67.20,37.0,0.0,17.0,6,-162.021,-1.490,0.577
3571.9,67.11,48.1,0.0,18.7,6,-158.551,-1.450,2.625
3571.9,67.19,58.3,0.0,19.5,6,-155.030,-1.401,4.582
3571.9,67.17,58.9,0.0,21.0,6,-152.656,-1.364,5.840
3586.3,67.13,59.8,0.0,18.2,6,-149.071,-1.325,7.678
3586.3,67.17,58.1,0.0,14.2,6,-146.668,-1.318,8.875
3586.3,67.14,11.0,0.0,11.4,6,-143.023,-1.310,10.599
3586.3,66.89,13.5,0.0,11.2,6,-140.568,-1.290,11.674
3600.6,66.62,13.5,0.0,11.6,6,-136.858,-1.247,13.183
3600.6,66.44,17.0,0.0,14.0,6,-134.371,-1.220,14.133
3600.6,66.27,33.9,0.0,20.2,6,-130.623,-1.183,15.473
3600.6,66.14,22.2,0.0,25.4,6,-128.110,-1.158,16.309
3614.4,65.96,17.2,0.0,34.3,6,-124.324,-1.125,17.482
3614.4,65.81,12.5,0.0,38.9,6,-121.792,-1.103,18.211
3614.4,65.56,13.0,0.0,41.5,6,-117.984,-1.068,19.228
3614.4,65.39,12.1,0.0,40.7,6,-115.441,-1.045,19.856
3627.5,65.12,9.6,0.0,37.5,6,-111.621,-1.012,20.719
3627.5,64.92,10.8,0.0,34.9,6,-109.072,-0.989,21.235
3627.5,64.62,8.5,0.0,31.7,6,-105.246,-0.952,21.919
3627.5,64.32,8.5,0.0,30.3,6,-101.422,-0.914,22.498
3640.2,64.12,8.4,0.0,29.7,6,-98.873,-0.890,22.826
3640.2,63.82,8.4,0.0,29.4,6,-95.056,-0.851,23.228
3640.2,63.63,8.4,0.0,29.6,6,-92.516,-0.823,23.436
3640.2,63.36,8.4,0.0,29.7,6,-88.713,-0.780,23.665
3652.7,63.20,13.3,0.0,28.8,6,-86.183,-0.752,23.763
3652.7,63.02,22.8,0.0,26.3,6,-82.398,-0.708,23.830
3652.7,62.93,28.2,0.0,23.6,6,-79.879,-0.679,23.822
3652.7,62.84,37.3,0.0,18.5,6,-76.108,-0.634,23.729
3665.1,62.82,42.4,0.0,15.0,6,-73.597,-0.602,23.611
3665.1,62.84,50.4,0.0,10.2,6,-69.837,-0.553,23.354
3665.1,62.89,46.4,0.0,8.1,6,-67.333,-0.521,23.131
3665.1,62.98,52.4,0.0,6.2,6,-63.579,-0.476,22.726
3677.7,63.07,55.3,0.0,5.5,6,-61.079,-0.445,22.409
3677.7,63.21,55.4,0.0,4.9,6,-57.330,-0.393,21.868
3677.7,63.32,55.5,0.0,4.4,6,-54.831,-0.357,21.472
3677.7,63.48,55.7,0.0,3.4,6,-51.082,-0.306,20.834
3690.2,63.65,55.7,0.0,0.9,6,-47.331,-0.259,20.149
3690.2,63.77,55.7,0.0,-0.6,6,-44.828,-0.230,19.672
3690.2,63.94,55.9,0.0,-2.0,6,-41.068,-0.185,18.936
3690.2,64.07,56.0,0.0,-2.4,6,-38.557,-0.156,18.441
3703.0,64.24,55.7,0.0,-3.1,6,-34.779,-0.114,17.706
3703.0,64.35,56.3,0.0,-3.5,6,-32.253,-0.088,17.227
3703.0,64.52,56.4,0.0,-3.1,6,-28.450,-0.050,16.532
3703.0,64.64,56.3,0.0,-3.0,6,-25.906,-0.028,16.086
3715.9,64.80,56.4,0.0,-3.6,6,-22.077,-0.000,15.446
3715.9,64.91,56.6,0.0,-4.2,6,-19.515,0.016,15.039
3715.9,65.07,56.8,0.0,-5.9,6,-15.659,0.038,14.464
3715.9,65.17,56.8,0.0,-6.6,6,-13.079,0.054,14.108
3728.9,65.32,56.9,0.0,-7.2,6,-9.195,0.080,13.622
3728.9,65.46,57.1,0.0,-7.5,6,-5.295,0.106,13.198
3728.9,65.55,57.2,0.0,-7.4,6,-2.686,0.123,12.955
3728.9,65.68,57.2,0.0,-7.1,6,1.239,0.151,12.652
3742.2,65.77,57.4,0.0,-7.4,6,3.863,0.172,12.494
3742.2,65.89,57.4,0.0,-7.8,6,7.809,0.209,12.325
3742.2,65.98,57.4,0.0,-8.2,6,10.445,0.237,12.255
3742.2,66.11,57.5,0.0,-8.1,6,14.407,0.280,12.216
3755.7,66.20,57.6,0.0,-8.2,6,17.053,0.311,12.234
3755.7,66.32,57.7,0.0,-7.9,6,21.027,0.362,12.329
3755.7,66.40,57.8,0.0,-7.5,6,23.679,0.399,12.437
3755.7,66.52,57.9,0.0,-6.7,6,27.659,0.460,12.670
3769.5,66.61,57.9,0.0,-6.4,6,30.313,0.504,12.873
3769.5,66.71,58.0,0.0,-7.6,6,34.296,0.567,13.237
3769.5,66.78,57.9,0.0,-9.5,6,36.950,0.601,13.514
3769.5,66.89,42.1,0.0,-11.7,6,40.932,0.646,13.989
3783.2,66.95,58.0,0.0,-11.4,6,44.907,0.698,14.549
3783.2,67.02,58.1,0.0,-10.1,6,47.553,0.735,14.971
3783.2,67.11,58.1,0.0,-8.9,6,51.514,0.791,15.677
3783.2,67.18,58.2,0.0,-9.1,6,54.148,0.828,16.196
3797.1,67.29,58.2,0.0,-10.0,6,58.091,0.884,17.047
3797.1,67.37,58.3,0.0,-10.3,6,60.712,0.922,17.666
3797.1,67.47,58.4,0.0,-10.6,6,64.631,0.981,18.664
3797.1,67.54,58.3,0.0,-10.4,6,67.235,1.020,19.375
3811.1,67.64,58.3,0.0,-9.6,6,71.127,1.078,20.513
3811.1,67.70,58.4,0.0,-8.9,6,73.711,1.116,21.317
3811.1,67.79,58.6,0.0,-7.9,6,77.569,1.174,22.595
3811.1,67.87,58.4,0.0,-8.1,6,80.129,1.214,23.493
3825.1,67.99,58.5,0.0,-8.8,6,83.951,1.271,24.907
3825.1,68.06,58.7,0.0,-9.1,6,86.486,1.308,25.894
3825.1,68.16,58.7,0.0,-8.6,6,90.267,1.367,27.443
3825.1,68.24,58.7,0.0,-8.4,6,92.773,1.408,28.520
3838.8,68.35,58.7,0.0,-7.8,6,96.510,1.469,30.201
3838.8,68.46,58.8,0.0,-7.6,6,100.216,1.531,31.962
3838.8,68.54,58.8,0.0,-7.6,6,102.670,1.574,33.179
3852.5,68.65,58.9,0.0,-7.6,6,106.325,1.639,35.069
3852.5,68.73,58.9,0.0,-7.5,6,108.744,1.682,36.371
3852.5,68.84,58.9,0.0,-7.5,6,112.345,1.747,38.385
3852.5,68.92,59.0,0.0,-7.4,6,114.728,1.790,39.768
3866.3,69.03,59.0,0.0,-7.3,6,118.271,1.855,41.903
3866.3,69.10,59.1,0.0,-7.4,6,120.614,1.898,43.366
3866.3,69.22,59.1,0.0,-7.7,6,124.099,1.959,45.618
3866.3,69.29,59.1,0.0,-7.8,6,126.401,1.998,47.158
3880.0,69.40,59.2,0.0,-7.6,6,129.823,2.055,49.524
3880.0,69.48,59.2,0.0,-7.7,6,132.082,2.093,51.140
3880.0,69.59,59.3,0.0,-7.6,6,135.437,2.145,53.619
3880.0,69.66,59.3,0.0,-7.5,6,137.650,2.178,55.309
3893.9,69.77,59.3,0.0,-7.6,6,140.934,2.224,57.899
3893.9,69.85,59.4,0.0,-7.8,6,143.100,2.251,59.661
3893.9,69.97,59.4,0.0,-7.2,6,146.313,2.286,62.357
3893.9,70.09,59.4,0.0,-5.9,6,149.484,2.312,65.113
3907.9,70.16,59.4,0.0,-4.8,6,151.573,2.326,66.985
3907.9,70.29,59.5,0.0,-3.4,6,154.669,2.345,69.842
3907.9,70.38,59.5,0.0,-2.7,6,156.712,2.357,71.777
3907.9,70.12,6.1,47.0,-1.8,6,159.742,2.372,74.714
3921.9,69.57,0.0,68.9,-1.1,6,161.731,2.381,76.678
3921.9,68.47,0.0,80.9,0.1,6,164.658,2.396,79.612
3921.9,67.68,0.0,84.2,0.6,6,166.572,2.407,81.552
3921.9,66.46,0.0,85.8,0.7,6,169.389,2.426,84.429
3935.4,65.63,0.0,86.3,0.5,6,171.234,2.439,86.322
3935.4,64.39,0.0,86.2,0.3,6,173.955,2.458,89.121
3935.4,63.58,0.0,86.8,0.2,6,175.740,2.472,90.957
3935.4,62.34,0.0,86.7,0.2,6,178.375,2.492,93.668
3948.0,61.52,0.0,86.3,0.3,0,180.104,2.504,95.444
3948.0,60.31,0.0,87.1,0.4,5,182.659,2.523,98.062
3948.0,59.50,0.0,86.8,0.4,5,184.335,2.536,99.776
3948.0,58.28,0.0,86.7,0.5,5,186.810,2.555,102.301
3959.9,57.07,0.0,86.3,0.6,5,189.240,2.570,104.769
3959.9,56.26,0.0,85.7,0.5,5,190.833,2.579,106.383
3959.9,55.06,0.0,85.5,0.4,5,193.187,2.592,108.755
3959.9,54.26,0.0,85.7,0.4,5,194.731,2.601,110.305
3970.9,53.07,0.0,85.9,0.7,0,197.012,2.615,112.581
3970.9,50.70,0.0,86.3,1.2,4,201.448,2.651,116.959
3981.2,49.51,0.0,86.0,1.5,4,203.603,2.674,119.057
3981.2,48.72,0.0,85.6,1.9,4,205.019,2.690,120.421
3981.2,47.54,0.0,85.9,2.1,4,207.110,2.716,122.416
3981.2,46.37,0.0,85.7,2.8,4,209.164,2.741,124.347
3990.7,45.58,0.0,86.0,3.2,4,210.513,2.757,125.599
3990.7,44.42,29.1,86.3,3.6,0,212.510,2.780,127.420
3990.7,43.66,0.0,87.3,3.6,3,213.822,2.795,128.597
3990.7,42.48,0.0,87.0,3.2,3,215.764,2.814,130.306
3999.4,41.70,0.0,85.2,2.7,3,217.041,2.825,131.406
3999.4,40.57,0.0,69.6,1.8,3,218.929,2.840,132.998
3999.4,39.92,0.0,60.2,0.8,3,220.174,2.847,134.021
3999.4,39.06,0.0,51.8,0.4,3,222.028,2.857,135.498
4007.4,38.56,0.0,47.7,1.3,3,223.260,2.861,136.444
4007.4,37.86,0.0,43.9,3.7,3,225.103,2.866,137.809
4007.4,37.42,0.0,42.5,6.1,3,226.330,2.868,138.683
4007.4,36.80,0.0,40.1,9.2,3,228.165,2.868,139.946
4014.8,36.40,0.0,40.1,9.8,3,229.386,2.868,140.755
4014.8,35.81,0.0,39.8,10.4,3,231.213,2.866,141.922
4014.8,35.25,36.3,40.8,10.6,0,233.034,2.862,143.031
4014.8,34.85,0.0,39.7,10.3,2,234.246,2.858,143.738
4021.8,34.25,0.0,36.7,10.4,2,236.057,2.851,144.747
4021.8,33.87,0.0,35.0,10.9,2,237.261,2.846,145.386
4021.8,33.35,0.0,27.3,12.0,2,239.063,2.837,146.293
4021.8,33.05,0.0,21.2,12.8,2,240.263,2.831,146.864
4028.4,32.69,0.0,15.1,14.7,2,242.063,2.822,147.671
4028.4,32.49,0.0,12.2,16.1,2,243.265,2.815,148.176
4028.4,32.22,0.0,7.9,18.4,2,245.072,2.805,148.885
4028.4,32.00,0.0,5.5,19.7,2,246.886,2.795,149.534
4034.6,31.87,0.0,5.1,20.3,2,248.100,2.788,149.932
4034.6,31.67,0.0,4.9,21.5,2,249.927,2.778,150.478
4034.6,31.54,0.0,4.6,22.3,2,251.147,2.770,150.807
4034.6,31.33,0.0,9.4,20.0,2,252.982,2.758,151.246
4040.8,31.16,0.0,7.7,18.0,2,254.205,2.750,151.503
4040.8,30.95,0.0,2.8,15.9,2,256.039,2.737,151.835
4040.8,30.83,0.0,6.3,15.8,2,257.261,2.729,152.021
4040.8,30.63,0.0,1.6,16.6,2,259.090,2.718,152.249
4047.1,30.54,1.8,0.0,20.1,2,260.308,2.711,152.369
4047.1,30.45,5.8,0.0,25.1,2,262.133,2.702,152.498
4047.1,30.36,3.1,0.0,27.5,2,263.348,2.696,152.549
4047.1,30.27,13.5,0.0,30.2,2,265.167,2.689,152.571
4053.7,30.23,12.1,0.0,31.4,2,266.377,2.685,152.547
4053.7,30.12,11.0,0.0,33.3,2,268.185,2.681,152.451
4053.7,30.07,15.2,0.0,36.1,2,269.983,2.680,152.284
4053.7,30.01,14.7,0.0,38.9,2,271.175,2.680,152.134
4061.6,29.93,13.6,0.0,43.7,2,272.951,2.681,151.852
4061.6,29.85,10.1,0.0,47.0,2,274.125,2.683,151.626
4061.6,29.71,10.6,0.0,50.8,2,275.867,2.688,151.228
4061.6,29.62,8.7,0.0,53.8,2,277.015,2.694,150.925
4070.0,29.48,11.1,0.0,60.2,2,278.712,2.705,150.413
4070.0,29.36,10.9,0.0,64.7,2,279.827,2.714,150.036
4070.0,29.18,10.0,0.0,66.4,2,281.472,2.729,149.418
4070.0,29.05,9.7,0.0,66.5,2,282.546,2.742,148.969
4076.9,28.87,32.7,0.0,64.7,0,284.124,2.767,148.240
4076.9,28.73,1.5,0.0,62.9,1,285.151,2.787,147.717
4076.9,28.54,9.7,0.0,60.3,1,286.653,2.818,146.884
4076.9,28.43,9.7,0.0,57.5,1,287.630,2.840,146.297
4083.5,28.28,9.9,0.0,57.8,1,289.058,2.872,145.372
4083.5,28.13,10.2,0.0,59.2,1,290.440,2.905,144.396
4083.5,28.03,10.1,0.0,59.5,1,291.335,2.928,143.718
4090.0,27.87,10.0,0.0,59.5,1,292.637,2.964,142.661
4090.0,27.77,10.1,0.0,59.1,1,293.476,2.989,141.930
4090.0,27.62,10.5,0.0,57.4,1,294.693,3.026,140.799
4090.0,27.53,11.2,0.0,55.7,1,295.475,3.051,140.021
4095.2,27.42,13.2,0.0,52.4,1,296.606,3.087,138.822
4095.2,27.35,15.0,0.0,50.1,1,297.331,3.110,138.001
4095.2,27.28,18.9,0.0,46.6,1,298.375,3.142,136.738
4095.2,27.26,23.7,0.0,43.7,1,299.042,3.162,135.875
4100.4,27.30,36.0,0.0,38.2,1,300.001,3.190,134.550
4100.4,27.41,52.6,0.0,33.8,1,300.613,3.207,133.644
4100.4,27.75,57.3,0.0,25.3,1,301.496,3.230,132.247
4100.4,27.92,52.0,0.0,18.4,1,302.063,3.244,131.289
4105.7,28.24,56.3,0.0,9.3,1,302.877,3.264,129.815
4105.7,28.62,65.3,0.0,3.4,1,303.652,3.282,128.298
4105.7,28.91,74.1,0.0,1.7,1,304.151,3.292,127.262
4105.7,29.46,91.8,0.0,2.7,1,304.877,3.308,125.670
4111.3,29.87,90.7,0.0,3.9,1,305.350,3.317,124.583
4111.3,30.49,91.7,0.0,6.1,1,306.043,3.331,122.911
4111.3,30.90,91.9,0.0,7.8,1,306.494,3.340,121.770
4111.3,31.50,91.9,0.0,10.0,1,307.153,3.354,120.020
4117.5,31.88,91.9,0.0,11.0,1,307.580,3.363,118.827
4117.5,33.37,92.0,0.0,11.7,1,309.162,3.395,113.855
4124.0,33.91,92.0,0.0,10.3,1,309.692,3.406,111.909
4124.0,34.25,92.0,0.0,9.0,1,310.021,3.414,110.587
4124.0,34.77,92.1,0.0,8.2,1,310.480,3.427,108.568
4124.0,35.11,92.0,0.0,8.2,1,310.760,3.437,107.200
4130.9,35.27,0.0,0.0,8.4,0,311.137,3.452,105.119
4130.9,35.44,91.9,0.0,9.1,2,311.356,3.462,103.724
4130.9,35.94,91.9,0.0,12.2,2,311.644,3.482,101.603
4130.9,36.23,74.7,0.0,12.7,2,311.810,3.496,100.169
4138.0,36.45,34.3,0.0,10.8,2,312.018,3.518,97.998
4138.0,36.46,13.8,13.7,9.5,2,312.128,3.534,96.544
4138.0,36.08,0.0,42.2,6.7,2,312.254,3.559,94.368
4138.0,35.65,0.0,46.9,4.7,2,312.316,3.577,92.934
4145.1,34.88,0.0,66.7,2.5,2,312.380,3.607,90.816
4145.1,33.94,0.0,73.5,0.4,2,312.419,3.640,88.750
4145.1,33.27,0.0,76.0,-1.3,2,312.437,3.662,87.404
4145.1,32.23,0.0,79.9,-3.7,2,312.456,3.697,85.437
4151.6,31.53,0.0,81.3,-5.1,2,312.468,3.720,84.161
4151.6,30.45,30.3,81.9,-6.8,0,312.491,3.755,82.300
4151.6,29.77,0.0,73.1,-7.7,1,312.513,3.777,81.095
4151.6,28.80,0.0,51.6,-8.5,1,312.561,3.809,79.338
4157.4,28.32,0.0,40.7,-9.4,1,312.607,3.830,78.196
4157.4,27.74,0.0,30.6,-11.8,1,312.700,3.858,76.516
4157.4,27.42,0.0,26.8,-13.6,1,312.781,3.876,75.416
4157.4,27.00,0.0,21.0,-16.0,1,312.931,3.899,73.789
4162.8,26.75,0.0,17.6,-17.3,1,313.053,3.914,72.721
4162.8,26.42,0.0,16.2,-18.6,1,313.268,3.935,71.140
4162.8,26.21,0.0,15.2,-19.4,1,313.435,3.947,70.100
4162.8,25.91,0.0,13.2,-20.5,1,313.721,3.965,68.563
4167.9,25.63,0.0,11.4,-20.8,1,314.052,3.981,67.051
4167.9,25.46,0.0,13.3,-20.9,1,314.297,3.991,66.059
4167.9,25.18,0.0,12.6,-22.1,1,314.699,4.004,64.594
4167.9,24.99,0.0,11.9,-23.2,1,314.992,4.012,63.634
4173.0,24.73,0.0,10.5,-24.3,1,315.467,4.022,62.220
4173.0,24.56,0.0,11.1,-24.5,1,315.809,4.028,61.295
4173.0,24.31,0.0,9.1,-25.2,1,316.358,4.035,59.935
4173.0,24.15,0.0,7.4,-26.0,1,316.748,4.038,59.048
4177.8,23.94,0.0,5.2,-27.4,1,317.370,4.043,57.746
4177.8,23.81,0.0,6.3,-28.3,1,317.810,4.044,56.898
4177.8,23.62,0.0,5.5,-29.6,1,318.504,4.045,55.656
4177.8,23.49,0.0,4.5,-30.2,1,318.991,4.045,54.849
4182.4,23.31,0.0,3.4,-30.8,1,319.758,4.043,53.673
4182.4,23.20,0.0,5.6,-31.0,1,320.292,4.040,52.911
4182.4,23.01,0.0,5.6,-31.4,1,321.125,4.035,51.802
4182.4,22.88,0.0,5.7,-31.6,1,321.702,4.030,51.088
4186.7,22.68,0.0,6.1,-31.4,1,322.597,4.023,50.056
4186.7,22.49,0.0,6.7,-31.3,1,323.528,4.014,49.070
4186.7,22.35,0.0,8.0,-31.0,1,324.167,4.008,48.440
4190.9,22.14,0.0,7.4,-31.3,1,325.150,3.999,47.536
4190.9,22.01,0.0,6.5,-32.3,1,325.820,3.992,46.962
4190.9,21.81,0.0,5.2,-34.3,1,326.848,3.981,46.141
4190.9,21.70,0.0,4.5,-35.6,1,327.547,3.972,45.623
4195.1,21.53,1.8,0.6,-37.6,1,328.616,3.959,44.888
4195.1,21.50,20.9,0.0,-39.3,1,329.342,3.950,44.428
4195.1,21.62,46.2,0.0,-41.1,1,330.460,3.936,43.779
4195.1,21.78,57.6,0.0,-42.6,1,331.226,3.926,43.372
4199.5,22.10,84.3,0.0,-42.0,1,332.407,3.910,42.795
4199.5,22.39,68.4,0.0,-42.2,1,333.220,3.899,42.433
4199.5,22.64,56.7,0.0,-45.1,1,334.473,3.883,41.931
4199.5,22.80,45.8,0.0,-45.8,1,335.329,3.873,41.627
4203.9,23.07,65.1,0.0,-42.1,1,336.642,3.856,41.217
4203.9,23.27,62.0,0.0,-42.5,1,337.536,3.846,40.976
4203.9,23.58,58.5,0.0,-44.6,1,338.905,3.832,40.662
4203.9,23.85,53.3,0.0,-46.8,1,340.304,3.818,40.407
4209.8,23.98,43.4,0.0,-47.7,1,341.251,3.810,40.271
4209.8,24.17,47.6,0.0,-54.6,1,342.686,3.797,40.116
4209.8,24.25,37.3,0.0,-59.7,1,343.652,3.789,40.045
4209.8,24.22,13.5,0.0,-65.8,1,345.106,3.778,39.987
4215.5,24.14,11.0,0.0,-68.8,1,346.073,3.771,39.982
4215.5,24.01,9.9,0.0,-68.8,1,347.517,3.760,40.026
4215.5,23.92,9.9,0.0,-66.8,1,348.474,3.755,40.091
4215.5,23.79,10.2,0.0,-70.2,1,349.897,3.746,40.241
4221.3,23.70,10.2,0.0,-68.9,1,350.837,3.742,40.377
4221.3,23.57,10.0,0.0,-67.7,1,352.232,3.736,40.634
4221.3,23.48,10.4,0.0,-68.3,1,353.150,3.732,40.840
4221.3,23.35,10.2,0.0,-67.2,1,354.508,3.728,41.200
4227.0,23.26,10.4,0.0,-65.6,1,355.399,3.726,41.474
4227.0,23.15,11.2,0.0,-62.1,1,356.713,3.723,41.934
4227.0,23.05,14.4,0.0,-54.6,1,357.999,3.721,42.452
4227.0,23.03,22.3,0.0,-49.6,1,358.840,3.720,42.828
4232.5,23.14,56.9,0.0,-40.3,1,360.080,3.721,43.441
4232.5,24.46,89.7,0.0,-15.1,1,363.355,3.729,45.367
4237.8,24.85,90.8,0.0,-11.4,1,364.176,3.733,45.911
4237.8,26.45,91.7,0.0,-10.4,1,367.491,3.758,48.323
4243.1,26.85,91.8,0.0,-12.0,1,368.329,3.766,48.981
4243.1,27.45,91.8,0.0,-13.7,1,369.592,3.777,50.007
4243.1,27.85,91.8,0.0,-14.0,1,370.437,3.785,50.719
4243.1,28.46,91.8,0.0,-14.2,1,371.707,3.796,51.831
4248.5,29.05,91.8,0.0,-14.4,1,372.978,3.807,52.997
4248.5,29.44,91.8,0.0,-13.9,1,373.822,3.814,53.805
4248.5,30.00,84.9,0.0,-12.5,1,375.084,3.824,55.064
4248.5,30.37,90.5,0.0,-11.7,1,375.918,3.830,55.936
4254.2,30.94,89.7,0.0,-11.9,1,377.158,3.839,57.292
4254.2,31.32,91.7,0.0,-12.6,1,377.977,3.846,58.229
4254.2,31.87,89.5,0.0,-13.1,1,379.190,3.854,59.684
4254.2,32.23,89.2,0.0,-15.0,1,379.988,3.860,60.687
4260.1,32.75,90.9,0.0,-15.0,1,381.164,3.868,62.241
4260.1,33.09,85.6,0.0,-16.2,1,381.933,3.872,63.309
4260.1,33.56,84.1,0.0,-15.3,1,383.060,3.877,64.960
4260.1,33.87,82.1,0.0,-14.6,1,383.791,3.881,66.092
4266.5,34.31,86.6,0.0,-13.2,1,384.856,3.884,67.837
4266.5,34.63,89.4,0.0,-10.8,1,385.543,3.887,69.032
4266.5,35.10,92.0,0.0,-7.4,0,386.539,3.891,70.870
4273.3,35.11,91.8,0.0,-5.9,2,387.486,3.895,72.752
4273.3,35.44,91.9,0.0,-5.8,2,388.090,3.897,74.027
4273.3,35.96,91.9,0.0,-6.4,2,388.969,3.900,75.978
4273.3,36.28,91.9,0.0,-7.3,2,389.540,3.901,77.304
4280.3,36.79,91.9,0.0,-8.1,2,390.382,3.898,79.327
4280.3,37.11,91.9,0.0,-8.0,2,390.930,3.896,80.699
4280.3,37.62,90.7,0.0,-6.9,2,391.734,3.894,82.792
4280.3,37.94,90.3,0.0,-6.1,2,392.256,3.891,84.209
4287.7,38.41,91.6,0.0,-3.6,2,393.021,3.885,86.366
4287.7,38.75,91.8,0.0,-1.2,2,393.518,3.879,87.825
4287.7,39.16,87.1,0.0,0.6,2,394.240,3.873,90.046
4287.7,39.39,69.5,0.0,0.4,2,394.706,3.870,91.545
4295.4,40.82,92.1,0.0,-3.8,2,396.682,3.861,98.479
4295.4,41.31,92.1,0.0,-2.8,2,397.311,3.858,100.861
4303.4,41.66,92.1,0.0,-2.7,2,397.723,3.856,102.467
4303.4,41.92,0.0,0.0,-3.5,0,398.329,3.852,104.902
4303.4,41.94,91.9,0.0,-3.7,3,398.721,3.848,106.532
4303.4,42.35,91.9,0.0,-4.3,3,399.293,3.844,108.994
4311.6,42.63,91.9,0.0,-4.3,3,399.665,3.842,110.651
4311.6,43.05,91.9,0.0,-4.5,3,400.208,3.838,113.163
4311.6,43.32,91.9,0.0,-4.5,3,400.558,3.835,114.854
4311.6,43.73,91.9,0.0,-4.5,3,401.065,3.831,117.415
4320.1,44.00,91.9,0.0,-4.6,3,401.390,3.828,119.139
4320.1,44.40,91.9,0.0,-4.9,3,401.855,3.825,121.749
4320.1,44.67,91.9,0.0,-5.0,3,402.151,3.822,123.505
4320.1,45.07,92.0,0.0,-5.2,3,402.571,3.819,126.163
4328.9,45.46,92.0,0.0,-5.1,3,402.962,3.814,128.850
4328.9,45.72,92.0,0.0,-5.0,3,403.205,3.810,130.657
4328.9,46.12,92.0,0.0,-5.1,3,403.542,3.803,133.391
4328.9,46.37,92.0,0.0,-5.1,3,403.749,3.799,135.228
4338.0,46.76,92.0,0.0,-5.2,3,404.030,3.793,138.007
4338.0,47.01,92.0,0.0,-5.3,3,404.198,3.789,139.874
4338.0,47.39,92.0,0.0,-5.6,3,404.420,3.782,142.697
4338.0,47.64,92.0,0.0,-5.8,3,404.548,3.777,144.593
4347.2,48.01,92.0,0.0,-5.7,3,404.707,3.770,147.457
4347.2,48.25,92.1,0.0,-5.6,3,404.791,3.765,149.379
4347.2,48.61,92.1,0.0,-6.2,3,404.883,3.759,152.283
4347.2,48.85,92.1,0.0,-6.6,3,404.920,3.754,154.232
4356.8,49.21,92.1,0.0,-7.0,3,404.939,3.748,157.173
4356.8,49.44,92.1,0.0,-7.2,3,404.925,3.743,159.145
4356.8,49.79,92.1,0.0,-7.4,3,404.863,3.737,162.121
4366.5,50.12,92.1,0.0,-6.7,3,404.748,3.730,165.115
4366.5,50.35,92.1,0.0,-7.5,3,404.644,3.725,167.122
4366.5,50.68,92.2,0.0,-6.6,3,404.442,3.717,170.145
4366.5,50.90,92.2,0.0,-6.4,3,404.278,3.713,172.170
4376.5,51.22,92.3,0.0,-6.7,3,403.986,3.706,175.219
4376.5,51.43,92.2,0.0,-7.6,3,403.763,3.700,177.259
4376.5,51.73,92.1,0.0,-9.8,0,403.383,3.692,180.330
4376.5,51.69,0.0,0.0,-10.8,0,403.097,3.687,182.379
4386.8,51.88,92.0,0.0,-10.7,4,402.615,3.678,185.446
4386.8,52.07,92.0,0.0,-10.6,4,402.256,3.673,187.493
4386.8,52.34,92.0,0.0,-10.6,4,401.657,3.665,190.567
4386.8,52.52,92.0,0.0,-10.8,4,401.216,3.660,192.617
4397.4,52.79,92.0,0.0,-11.8,4,400.493,3.654,195.692
4397.4,52.96,85.5,0.0,-12.0,4,399.968,3.650,197.741
4397.4,53.23,75.8,0.0,-11.9,4,399.117,3.646,200.810
4397.4,53.39,69.3,0.0,-12.4,4,398.506,3.644,202.852
4408.5,53.64,59.6,0.0,-13.7,4,397.524,3.643,205.909
4408.5,53.81,48.5,0.0,-14.6,4,396.470,3.641,208.955
4408.5,53.88,20.0,0.0,-14.4,4,395.728,3.639,210.977
4408.5,53.88,39.6,0.0,-15.7,4,394.553,3.640,213.988
4420.4,54.00,58.8,0.0,-15.2,4,393.726,3.644,215.980
4420.4,54.20,59.9,0.0,-13.8,4,392.420,3.653,218.952
4420.4,54.33,52.6,0.0,-12.9,4,391.508,3.658,220.922
4420.4,54.34,15.6,0.0,-13.0,4,390.079,3.665,223.853
4431.9,54.35,28.5,0.0,-13.7,4,389.086,3.670,225.787
4431.9,54.48,54.6,0.0,-14.4,4,387.539,3.679,228.660
4431.9,54.62,54.0,0.0,-14.5,4,386.469,3.683,230.561
4431.9,54.78,46.5,0.0,-14.0,4,384.811,3.686,233.393
4442.8,54.88,40.5,0.0,-13.4,4,383.669,3.685,235.266
4442.8,55.06,59.1,0.0,-11.4,4,381.900,3.685,238.048
4442.8,55.23,60.1,0.0,-9.4,4,380.681,3.685,239.887
4442.8,55.49,60.2,0.0,-7.4,4,378.796,3.687,242.620
4453.7,55.67,60.3,0.0,-6.7,4,377.503,3.690,244.428
4453.7,55.94,60.3,0.0,-6.5,4,375.512,3.697,247.120
4453.7,56.22,60.4,0.0,-6.3,4,373.466,3.705,249.791
4453.7,56.41,60.4,0.0,-6.1,4,372.073,3.710,251.561
4464.8,56.68,60.5,0.0,-5.4,4,369.943,3.719,254.200
4464.8,56.86,60.6,0.0,-5.2,4,368.495,3.725,255.949
4464.8,57.13,60.7,0.0,-5.4,4,366.285,3.735,258.558
4464.8,57.31,60.7,0.0,-5.5,4,364.786,3.740,260.287
4476.1,57.58,60.8,0.0,-5.1,4,362.499,3.748,262.866
4476.1,57.76,60.9,0.0,-5.0,4,360.950,3.753,264.574
4476.1,58.03,60.9,0.0,-5.1,4,358.586,3.760,267.119
4476.1,58.20,61.0,0.0,-5.3,4,356.986,3.763,268.804
4487.6,58.47,61.0,0.0,-5.3,4,354.549,3.765,271.316
4487.6,59.14,61.3,0.0,-5.4,4,347.832,3.769,277.902
4499.3,59.30,61.2,0.0,-5.5,4,346.104,3.770,279.522
4499.3,59.54,61.1,0.0,-4.0,4,343.476,3.774,281.931
4499.3,59.71,61.1,0.0,-3.1,4,341.702,3.776,283.522
4499.3,59.95,60.6,0.0,-2.6,4,339.007,3.777,285.893
4511.3,60.12,60.5,0.0,-2.2,4,337.189,3.778,287.463
4511.3,60.40,60.6,0.0,-1.6,4,334.435,3.782,289.804
4511.3,60.56,60.6,0.0,-1.1,4,332.582,3.784,291.358
4511.3,60.80,60.5,0.0,-0.7,4,329.783,3.783,293.685
4523.3,60.97,60.6,0.0,-0.5,4,327.905,3.781,295.236
4523.3,61.21,60.4,0.0,-0.2,4,325.073,3.779,297.562
4523.3,61.44,60.2,0.0,0.0,0,322.227,3.778,299.893
4523.3,61.39,0.0,0.0,0.2,0,320.326,3.777,301.449
4535.5,61.55,83.7,0.0,0.4,5,317.473,3.775,303.784
4535.5,61.71,77.2,0.0,0.5,5,315.566,3.775,305.346
4535.5,61.94,67.5,0.0,0.6,5,312.700,3.779,307.699
4535.5,62.09,61.0,0.0,0.6,5,310.784,3.784,309.275
4547.9,62.33,59.8,0.0,0.6,5,307.905,3.789,311.650
4547.9,62.48,59.8,0.0,0.6,5,305.982,3.792,313.241
4547.9,62.71,60.0,0.0,0.6,5,303.093,3.799,315.640
4547.9,62.86,60.0,0.0,0.6,5,301.164,3.804,317.247
4560.3,63.09,60.1,0.0,0.7,5,298.266,3.811,319.671
4560.3,63.24,60.1,0.0,0.7,5,296.331,3.814,321.295
4560.3,63.46,60.2,0.0,0.6,5,293.425,3.818,323.744
4560.3,63.61,60.2,0.0,0.6,5,291.485,3.819,325.385
4573.0,63.83,60.2,0.0,0.6,5,288.571,3.814,327.860
4573.0,64.05,60.3,0.0,0.5,5,285.652,3.807,330.349
4573.0,64.20,60.4,0.0,0.5,5,283.704,3.803,332.017
4585.8,64.42,60.4,0.0,0.5,5,280.778,3.794,334.531
4585.8,64.56,60.4,0.0,0.3,5,278.824,3.787,336.215
4585.8,64.77,60.5,0.0,0.3,5,275.890,3.784,338.752
4585.8,64.91,60.5,0.0,0.3,5,273.930,3.785,340.451
4598.8,65.13,60.6,0.0,0.2,5,270.986,3.787,343.010
4598.8,65.27,60.6,0.0,0.2,5,269.020,3.789,344.723
4598.8,65.48,60.7,0.0,0.1,5,266.064,3.792,347.301
4598.8,65.62,60.7,0.0,0.1,5,264.090,3.796,349.026
4611.9,65.82,60.8,0.0,0.1,5,261.123,3.805,351.622
4611.9,65.96,60.8,0.0,0.1,5,259.140,3.813,353.358
4611.9,66.17,60.9,0.0,0.1,5,256.159,3.827,355.970
4611.9,66.30,60.9,0.0,0.1,5,254.167,3.836,357.716
4625.1,66.50,61.0,0.0,0.1,5,251.172,3.847,360.343
4625.1,66.64,61.0,0.0,0.1,5,249.171,3.856,362.099
4625.1,66.83,61.1,0.0,0.2,5,246.161,3.872,364.739
4625.1,67.03,61.1,0.0,0.1,5,243.143,3.884,367.388
4638.5,67.16,61.1,0.0,0.0,5,241.127,3.891,369.159
4638.5,67.35,61.2,0.0,0.0,5,238.095,3.900,371.822
4638.5,67.48,61.2,0.0,0.1,5,236.070,3.904,373.602
4638.5,67.68,61.2,0.0,0.0,5,233.024,3.908,376.279
4652.0,67.80,61.2,0.0,0.0,5,230.990,3.908,378.067
4652.0,67.99,61.2,0.0,0.0,5,227.931,3.907,380.758
4652.0,68.12,61.2,0.0,0.0,5,225.887,3.904,382.556
4652.0,68.31,61.3,0.0,0.0,5,222.815,3.900,385.259
4665.6,68.43,61.3,0.0,0.0,5,220.762,3.896,387.066
4665.6,68.62,61.3,0.0,0.0,5,217.676,3.891,389.782
4665.6,68.74,61.3,0.0,0.0,5,215.614,3.888,391.597
4665.6,68.92,61.3,0.0,0.0,5,212.515,3.882,394.326
4679.3,69.04,61.3,0.0,0.0,5,210.445,3.876,396.150
4679.3,69.22,61.3,0.0,0.1,5,207.333,3.868,398.892
4679.3,69.34,61.2,0.0,0.1,5,205.254,3.864,400.724
4679.3,69.51,61.2,0.0,0.1,5,202.130,3.859,403.478
4693.2,69.69,61.2,0.0,0.0,5,198.998,3.854,406.239
4693.2,69.80,61.2,0.0,0.0,5,196.906,3.850,408.084
4693.2,69.97,61.0,0.0,0.1,5,193.761,3.846,410.858
4693.2,70.08,60.9,0.0,0.1,5,191.661,3.842,412.711
4707.2,70.25,60.8,0.0,0.1,5,188.505,3.836,415.497
4707.2,70.36,60.8,0.0,0.1,5,186.398,3.833,417.358
4707.2,70.51,60.6,0.0,0.1,5,183.231,3.829,420.156
4707.2,70.62,60.5,0.0,0.1,5,181.116,3.827,422.025
4721.3,70.78,60.4,0.0,0.1,5,177.938,3.824,424.835
4721.3,70.88,60.3,0.0,0.1,5,175.816,3.821,426.712
4721.3,70.86,0.0,0.0,0.1,0,172.631,3.815,429.532
4721.3,70.89,87.1,0.0,0.1,6,170.510,3.811,431.412
4735.4,71.05,77.4,0.0,0.1,6,167.324,3.805,434.237
4735.4,71.15,70.9,0.0,0.1,6,165.197,3.803,436.124
4735.4,71.30,61.2,0.0,0.1,6,162.003,3.801,438.962
4735.4,71.45,60.0,0.0,0.1,6,158.802,3.800,441.807
4749.7,71.56,60.0,0.0,0.1,6,156.666,3.800,443.709
4749.7,71.71,60.0,0.0,0.1,6,153.456,3.802,446.567
4749.7,71.81,60.1,0.0,0.1,6,151.313,3.805,448.476
4749.7,71.96,60.1,0.0,0.1,6,148.095,3.809,451.347
4764.1,72.06,60.1,0.0,0.1,6,145.946,3.811,453.265
4764.1,72.21,60.2,0.0,0.1,6,142.718,3.813,456.149
4764.1,72.31,60.3,0.0,0.1,6,140.564,3.816,458.075
4764.1,72.46,60.3,0.0,0.0,6,137.327,3.819,460.970
4778.5,72.56,60.3,0.0,0.0,6,135.165,3.821,462.904
4778.5,72.71,60.3,0.0,0.0,6,131.919,3.823,465.811
4778.5,72.80,60.3,0.0,0.0,6,129.751,3.824,467.753
4778.5,72.95,60.4,0.0,0.0,6,126.495,3.826,470.670
4793.1,73.04,60.4,0.0,0.0,6,124.321,3.828,472.619
4793.1,73.18,60.4,0.0,0.0,6,121.054,3.829,475.547
4793.1,73.33,60.5,0.0,0.0,6,117.782,3.830,478.481
4793.1,73.42,60.5,0.0,0.0,6,115.597,3.830,480.440
4807.7,73.56,60.5,0.0,-0.0,6,112.314,3.829,483.384
4807.7,73.65,60.5,0.0,-0.0,6,110.123,3.827,485.349
4807.7,73.79,60.6,0.0,-0.0,6,106.830,3.823,488.302
4807.7,73.88,60.6,0.0,-0.0,6,104.631,3.819,490.274
4822.4,74.02,60.6,0.0,0.0,6,101.327,3.810,493.236
4822.4,74.11,60.6,0.0,0.0,6,99.122,3.804,495.213
4822.4,74.25,60.7,0.0,-0.0,6,95.807,3.796,498.184
4822.4,74.34,60.7,0.0,-0.0,6,93.595,3.788,500.167
4837.3,74.48,60.7,0.0,-0.0,6,90.270,3.774,503.147
4852.2,74.83,60.8,0.0,-0.0,6,81.376,3.726,511.118
4852.2,74.92,60.8,0.0,-0.0,6,79.146,3.713,513.117
4852.2,75.05,60.8,0.0,-0.0,6,75.796,3.692,516.119
4852.2,75.14,60.9,0.0,-0.0,6,73.559,3.678,518.124
4867.2,75.27,60.9,0.0,-0.0,6,70.198,3.656,521.134
4867.2,75.36,60.9,0.0,-0.0,6,67.954,3.641,523.144
4867.2,75.49,60.9,0.0,-0.1,6,64.583,3.617,526.162
4867.2,75.61,61.0,0.0,-0.1,6,61.205,3.591,529.185
4882.3,75.70,61.0,0.0,-0.1,6,58.950,3.573,531.202
4882.3,75.83,61.0,0.0,-0.0,6,55.561,3.543,534.231
4882.3,75.91,61.0,0.0,-0.0,6,53.299,3.521,536.253
4882.3,76.04,61.1,0.0,0.0,6,49.899,3.487,539.290
4897.5,76.12,61.1,0.0,0.1,6,47.630,3.463,541.317
4897.5,76.25,61.1,0.0,0.2,6,44.220,3.425,544.361
4897.5,76.33,61.1,0.0,0.2,6,41.945,3.398,546.393
4897.5,76.46,61.2,0.0,0.1,6,38.527,3.355,549.448
4912.7,76.54,61.2,0.0,0.1,6,36.247,3.323,551.487
4912.7,76.67,61.2,0.0,0.1,6,32.823,3.268,554.553
4912.7,76.75,61.2,0.0,0.1,6,30.538,3.231,556.600
4912.7,76.87,61.3,0.0,0.0,6,27.108,3.175,559.677
4928.1,76.95,61.3,0.0,-0.0,6,24.820,3.137,561.732
4928.1,77.07,61.3,0.0,-0.0,6,21.383,3.080,564.820
4928.1,77.20,61.3,0.0,0.1,6,17.943,3.020,567.915
4928.1,77.27,61.4,0.0,0.0,6,15.646,2.980,569.981
4943.5,77.40,61.4,0.0,-0.2,6,12.197,2.920,573.084
4943.5,77.47,61.4,0.0,-0.4,6,9.895,2.882,575.155
4943.5,77.59,61.4,0.0,-0.5,6,6.436,2.825,578.265
4943.5,77.67,61.4,0.0,-0.5,6,4.125,2.789,580.338
4959.0,77.79,61.7,12.6,-0.4,6,0.650,2.735,583.448
4959.0,77.56,19.5,66.0,-0.5,6,-1.669,2.695,585.519
4959.0,76.48,0.0,81.3,-0.6,6,-5.122,2.632,588.595
4959.0,75.67,0.0,84.3,-0.4,6,-7.397,2.595,590.617
4974.3,74.42,0.0,85.9,-0.3,6,-10.769,2.541,593.605
4974.3,73.57,0.0,85.9,-0.3,6,-12.989,2.505,595.565
4974.3,72.32,0.0,86.0,-0.4,6,-16.275,2.453,598.459
4974.3,71.48,0.0,86.0,-0.4,6,-18.438,2.421,600.357
4988.9,70.24,0.0,86.8,-0.5,6,-21.640,2.373,603.157
4988.9,69.40,0.0,86.3,-0.6,6,-23.746,2.340,604.992
4988.9,68.15,0.0,86.1,-0.7,6,-26.864,2.288,607.699
4988.9,66.91,0.0,85.7,-0.6,6,-29.933,2.237,610.349
5002.6,66.09,0.0,85.5,-0.6,6,-31.951,2.205,612.083
5002.6,64.87,0.0,86.1,-0.7,6,-34.941,2.159,614.636
5002.6,64.05,0.0,86.3,-0.8,6,-36.907,2.129,616.305
5002.6,62.83,0.0,86.2,-0.9,6,-39.819,2.086,618.761
5015.5,62.02,0.0,86.3,-1.0,6,-41.734,2.057,620.365
5015.5,60.82,30.3,87.2,-1.1,0,-44.569,2.013,622.723
5015.5,60.02,0.0,87.3,-1.3,5,-46.435,1.985,624.261
5015.5,58.79,0.0,86.1,-1.7,5,-49.196,1.942,626.518
5027.6,57.99,0.0,85.6,-2.2,5,-51.013,1.914,627.988
5027.6,56.79,0.0,85.7,-2.7,5,-53.705,1.872,630.138
5027.6,55.99,0.0,85.6,-3.0,5,-55.477,1.846,631.535
5027.6,54.80,0.0,85.9,-3.3,5,-58.106,1.807,633.573
5038.8,54.00,0.0,85.6,-3.3,5,-59.838,1.781,634.892
5038.8,52.85,25.7,84.5,-3.4,0,-62.408,1.742,636.810
5038.8,51.67,0.0,74.3,-2.7,4,-64.947,1.703,638.654
5038.8,50.97,0.0,63.7,-2.4,4,-66.623,1.678,639.841
5049.3,50.07,0.0,55.1,-2.7,4,-69.122,1.642,641.559
5049.3,49.53,0.0,51.3,-3.6,4,-70.780,1.618,642.663
5049.3,48.76,0.0,55.5,-5.1,4,-73.260,1.584,644.262
5049.3,48.22,0.0,58.8,-5.9,4,-74.906,1.562,645.289
5059.0,47.36,0.0,56.8,-6.9,4,-77.361,1.529,646.773
5059.0,46.82,0.0,50.9,-6.8,4,-78.989,1.507,647.723
5059.0,46.09,0.0,42.2,-6.2,4,-81.418,1.475,649.090
5059.0,45.66,0.0,33.5,-6.0,4,-83.032,1.453,649.964
5068.2,45.15,0.0,25.8,-7.3,4,-85.450,1.420,651.219
5068.2,44.86,0.0,20.6,-8.3,4,-87.062,1.398,652.021
5068.2,44.49,0.0,21.3,-9.4,4,-89.483,1.364,653.172
5068.2,44.21,0.0,34.2,-10.0,4,-91.100,1.341,653.904
5077.0,43.66,33.9,37.8,-10.4,0,-93.522,1.308,654.947
5077.0,43.27,0.0,38.3,-9.8,3,-95.132,1.286,655.606
5077.0,42.70,0.0,22.7,-9.1,3,-97.538,1.254,656.536
5085.8,42.31,0.0,13.5,-9.5,3,-99.939,1.224,657.396
5085.8,42.11,0.0,9.3,-10.6,3,-101.540,1.203,657.932
5085.8,41.86,0.0,5.8,-12.3,3,-103.945,1.171,658.683
5085.8,41.71,0.0,3.2,-13.1,3,-105.551,1.150,659.146
5094.5,41.53,0.0,2.0,-13.9,3,-107.965,1.120,659.785
5094.5,41.41,0.0,2.2,-14.7,3,-109.577,1.100,660.175
5094.5,41.24,0.0,2.8,-15.0,3,-111.999,1.069,660.705
5094.5,41.11,0.0,3.8,-14.9,3,-113.616,1.049,661.021
5102.9,40.91,0.0,3.6,-15.0,3,-116.042,1.020,661.437
5102.9,40.78,0.0,3.8,-15.2,3,-117.658,1.001,661.675
5102.9,40.58,0.0,3.8,-15.0,3,-120.081,0.973,661.974
5102.9,40.44,0.0,3.6,-14.5,3,-121.693,0.956,662.133
5111.4,40.24,0.0,4.3,-14.1,3,-124.108,0.931,662.311
5111.4,40.11,0.0,4.1,-14.5,3,-125.713,0.916,662.390
5111.4,39.91,0.0,4.2,-14.2,3,-128.113,0.894,662.450
5111.4,39.71,0.0,3.8,-15.2,3,-130.501,0.873,662.444
5119.9,39.58,0.0,5.3,-14.0,3,-132.087,0.859,662.402
5119.9,39.37,0.0,5.7,-14.8,3,-134.453,0.838,662.285
5119.9,39.23,0.0,6.8,-14.6,3,-136.021,0.824,662.171
5119.9,39.01,0.0,1.9,-15.8,3,-138.357,0.805,661.945
5128.0,38.90,0.2,0.1,-16.5,3,-139.904,0.792,661.758
5128.0,38.75,0.3,1.0,-14.3,3,-142.210,0.773,661.422
5128.0,38.65,0.0,1.5,-13.3,3,-143.736,0.761,661.163
5128.0,38.49,0.0,2.4,-15.0,3,-146.008,0.743,660.722
5136.3,38.38,0.0,1.9,-16.7,3,-147.510,0.731,660.394
5136.3,38.21,0.0,0.8,-18.8,3,-149.742,0.714,659.851
5136.3,38.10,0.0,0.9,-19.9,3,-151.216,0.703,659.454
5136.3,37.94,0.0,0.6,-20.8,3,-153.403,0.686,658.805
5144.6,37.83,0.0,1.1,-21.3,3,-154.844,0.676,658.337
5144.6,37.64,0.0,6.9,-22.1,3,-156.979,0.660,657.581
5144.6,37.48,0.0,7.1,-22.4,3,-158.382,0.650,657.042
5144.6,37.20,0.0,6.8,-22.6,3,-160.450,0.636,656.180
5152.6,36.97,2.5,0.0,-21.8,3,-162.474,0.624,655.254
5152.6,36.88,7.7,0.0,-20.8,3,-163.797,0.619,654.598
5152.6,36.79,21.7,0.0,-19.4,3,-165.746,0.616,653.557
5152.6,36.74,18.5,0.0,-18.5,3,-167.022,0.615,652.827
5161.0,36.66,11.2,0.0,-18.7,3,-168.902,0.613,651.679
5161.0,36.59,7.4,0.0,-20.5,3,-170.132,0.611,650.882
5161.0,36.43,2.8,0.3,-26.1,3,-171.940,0.605,649.644
5161.0,36.35,19.2,0.0,-28.7,3,-173.118,0.600,648.790
5168.8,36.31,36.6,0.0,-31.6,3,-174.844,0.597,647.459
5168.8,36.34,42.6,0.0,-33.7,3,-175.967,0.599,646.537
5168.8,36.46,63.2,0.0,-37.8,3,-177.615,0.604,645.106
5168.8,36.62,55.6,0.0,-42.2,3,-179.227,0.608,643.620
5177.0,36.68,48.8,0.0,-45.7,3,-180.279,0.611,642.599
5177.0,36.69,29.8,0.0,-50.7,3,-181.821,0.616,641.028
5177.0,36.61,13.9,0.0,-51.8,3,-182.819,0.620,639.954
5177.0,36.44,10.6,0.0,-51.6,3,-184.268,0.627,638.309
5184.9,36.32,10.5,0.0,-50.8,3,-185.198,0.633,637.189
5184.9,36.17,16.4,0.0,-49.6,3,-186.541,0.643,635.479
5184.9,36.09,17.4,0.0,-49.0,3,-187.401,0.651,634.317
5184.9,36.00,22.7,0.0,-49.3,3,-188.642,0.661,632.546
5192.2,35.93,22.7,0.0,-49.4,3,-189.435,0.668,631.346
5192.2,35.81,12.1,0.0,-49.0,3,-190.573,0.680,629.519
5192.2,35.70,11.2,0.0,-48.5,3,-191.295,0.688,628.284
5192.2,35.56,12.5,0.0,-46.7,3,-192.324,0.701,626.410
5199.2,35.47,13.1,0.0,-45.5,3,-192.975,0.708,625.147
5199.2,35.34,14.9,0.0,-43.0,3,-193.898,0.716,623.234
5199.2,35.26,16.9,0.0,-40.7,3,-194.477,0.721,621.946
5199.2,35.16,21.0,0.0,-37.1,3,-195.290,0.726,619.996
5205.8,35.11,27.5,0.0,-33.8,3,-196.038,0.729,618.025
5205.8,35.11,39.5,0.0,-32.0,3,-196.501,0.729,616.700
5205.8,35.24,67.8,0.0,-29.6,3,-197.144,0.729,614.691
5205.8,35.41,80.9,0.0,-28.4,3,-197.540,0.729,613.335
5212.6,35.73,91.7,0.0,-26.4,3,-198.085,0.730,611.273
5212.6,35.96,91.3,0.0,-24.9,3,-198.418,0.731,609.879
5212.6,36.32,91.8,0.0,-21.9,3,-198.871,0.733,607.759
5212.6,36.54,91.8,0.0,-19.9,3,-199.141,0.734,606.328
5219.6,36.89,91.8,0.0,-15.3,3,-199.498,0.737,604.155
5219.6,37.15,91.8,0.0,-11.7,3,-199.704,0.739,602.689
5219.6,37.52,91.8,0.0,-8.2,3,-199.963,0.744,600.465
5219.6,37.78,91.8,0.0,-6.1,3,-200.104,0.749,598.966
5227.1,38.18,91.8,0.0,-3.9,3,-200.270,0.757,596.694
5227.1,38.44,91.8,0.0,-3.2,3,-200.355,0.763,595.165
5227.1,38.86,91.8,0.0,-2.7,3,-200.451,0.774,592.849
5227.1,39.13,91.9,0.0,-2.3,3,-200.500,0.783,591.290
5234.8,39.54,91.3,0.0,-0.2,3,-200.557,0.797,588.932
5234.8,39.93,86.9,0.0,2.1,3,-200.603,0.814,586.549
5234.8,40.16,68.4,0.0,3.8,3,-200.634,0.825,584.948
5242.8,40.02,1.9,43.4,5.3,3,-200.688,0.842,582.539
5242.8,39.60,0.0,46.8,5.8,3,-200.733,0.852,580.946
5242.8,38.92,0.0,44.8,6.6,3,-200.822,0.867,578.591
5242.8,38.48,0.0,43.9,7.2,3,-200.898,0.879,577.044
5250.7,37.85,0.0,37.1,8.2,3,-201.039,0.896,574.757
5250.7,37.49,0.0,30.5,8.8,3,-201.153,0.907,573.254
5250.7,37.03,0.0,24.1,9.9,3,-201.359,0.923,571.028
5250.7,36.76,0.0,18.9,10.9,3,-201.520,0.933,569.560
5258.2,36.43,0.0,11.8,12.7,3,-201.799,0.947,567.382
5258.2,36.25,0.0,10.2,13.6,3,-202.012,0.956,565.944
5258.2,36.00,0.0,11.1,13.4,3,-202.377,0.969,563.807
5258.2,35.83,0.0,11.9,12.4,3,-202.651,0.978,562.396
5265.8,35.56,0.0,11.3,12.1,3,-203.104,0.992,560.302
5265.8,35.31,0.0,9.2,12.8,3,-203.608,1.007,558.236
5265.8,35.15,0.0,20.4,12.9,3,-203.974,1.017,556.875
5265.8,34.72,35.7,34.6,13.1,0,-204.563,1.034,554.861
5273.1,34.37,0.0,29.8,13.1,2,-204.980,1.046,553.543
5273.1,33.63,0.0,62.1,12.9,2,-205.639,1.064,551.608
5273.1,33.05,0.0,47.0,12.0,2,-206.094,1.076,550.354
5273.1,32.40,0.0,31.6,10.7,2,-206.806,1.094,548.524
5280.7,32.05,0.0,24.6,10.7,2,-207.303,1.107,547.334
5280.7,31.65,0.0,14.4,12.1,2,-208.084,1.127,545.590
5280.7,31.45,0.0,14.4,13.9,2,-208.629,1.141,544.451
5280.7,31.14,0.0,17.5,16.2,2,-209.480,1.163,542.777
5287.7,30.92,0.0,18.5,17.6,2,-210.068,1.177,541.683
5287.7,30.56,0.0,17.5,18.6,2,-210.979,1.197,540.079
5287.7,30.34,0.0,13.9,18.8,2,-211.608,1.210,539.036
5287.7,30.05,0.0,9.5,19.4,2,-212.584,1.228,537.509
5295.0,29.89,0.0,7.8,20.0,2,-213.257,1.241,536.517
5295.0,29.67,0.0,4.5,21.2,2,-214.301,1.259,535.067
5295.0,29.48,0.0,2.3,22.8,2,-215.386,1.276,533.663
5295.0,29.37,0.0,1.2,23.9,2,-216.133,1.288,532.754
5301.4,29.25,34.0,0.3,25.5,0,-217.289,1.304,531.429
5301.4,29.15,0.0,0.1,26.4,1,-218.084,1.314,530.573
5301.4,28.99,2.1,0.0,27.9,1,-219.309,1.328,529.331
5301.4,28.90,6.0,0.0,29.2,1,-220.148,1.337,528.532
5307.6,28.81,11.6,0.0,31.2,1,-221.440,1.350,527.380
5307.6,28.76,13.1,0.0,32.6,1,-222.323,1.358,526.641
5307.6,28.72,20.3,0.0,35.0,1,-223.680,1.370,525.578
5307.6,28.72,25.5,0.0,36.7,1,-224.606,1.377,524.899
5313.7,28.76,27.7,0.0,39.7,1,-226.029,1.387,523.925
5313.7,28.79,27.8,0.0,42.0,1,-226.998,1.393,523.305
5313.7,28.80,22.9,0.0,46.0,1,-228.482,1.401,522.419
5313.7,28.78,19.4,0.0,48.8,1,-229.489,1.406,521.860
5319.9,28.71,14.4,0.0,52.6,1,-231.022,1.413,521.070
5319.9,28.60,13.1,0.0,56.1,1,-232.579,1.418,520.341
5319.9,28.53,11.9,0.0,58.2,1,-233.629,1.422,519.890
5319.9,28.40,10.5,0.0,61.4,1,-235.220,1.426,519.266
5325.8,28.30,9.9,0.0,59.7,1,-236.288,1.428,518.886
5325.8,28.16,9.9,0.0,61.1,1,-237.902,1.431,518.372
5325.8,28.06,10.0,0.0,61.1,1,-238.984,1.432,518.066
5325.8,27.92,9.7,0.0,59.8,1,-240.614,1.434,517.663
5331.6,27.83,9.9,0.0,62.2,1,-241.705,1.434,517.430
5331.6,27.68,9.7,0.0,60.4,1,-243.344,1.434,517.138
5331.6,27.59,9.9,0.0,61.8,1,-244.439,1.434,516.980
5331.6,27.45,9.8,0.0,59.8,1,-246.080,1.432,516.799
5337.3,27.36,9.9,0.0,61.0,1,-247.173,1.430,516.716
5337.3,27.22,9.9,0.0,59.0,1,-248.809,1.427,516.646
5337.3,27.13,9.9,0.0,59.8,1,-249.896,1.425,516.637
5337.3,27.00,10.3,0.0,60.8,1,-251.519,1.420,516.676
5342.8,26.91,10.1,0.0,61.2,1,-252.596,1.417,516.739
5342.8,26.78,10.0,0.0,61.1,1,-254.200,1.411,516.886
5342.8,26.64,10.1,0.0,60.3,1,-255.789,1.405,517.098
5342.8,26.56,10.3,0.0,59.5,1,-256.838,1.400,517.275
5348.3,26.46,16.2,0.0,58.2,1,-258.396,1.392,517.593
5348.3,26.41,14.6,0.0,57.5,1,-259.425,1.386,517.838
5348.3,26.31,12.0,0.0,56.0,1,-260.950,1.375,518.257
5348.3,26.24,13.2,0.0,54.4,1,-261.954,1.367,518.569
5353.8,26.17,16.8,0.0,51.0,1,-263.439,1.354,519.086
5353.8,26.14,20.6,0.0,48.2,1,-264.414,1.344,519.463
5353.8,26.17,31.4,0.0,43.6,1,-265.857,1.329,520.079
5353.8,26.25,42.7,0.0,40.3,1,-266.806,1.318,520.524
5359.1,26.60,85.5,0.0,35.4,1,-268.217,1.302,521.241
5359.1,26.95,79.3,0.0,31.7,1,-269.156,1.290,521.754
5359.1,27.40,77.6,0.0,24.4,1,-270.563,1.272,522.577
5359.1,27.68,69.5,0.0,19.6,1,-271.496,1.260,523.161
5365.0,28.14,70.3,0.0,14.5,1,-272.887,1.240,524.091
5365.0,28.63,85.8,0.0,12.3,1,-274.270,1.220,525.082
5365.0,28.97,76.9,0.0,10.5,1,-275.188,1.205,525.777
5371.0,29.45,85.0,0.0,12.6,1,-276.558,1.183,526.869
5371.0,29.84,91.8,0.0,12.4,1,-277.465,1.167,527.630
5371.0,30.44,91.8,0.0,14.0,1,-278.822,1.144,528.824
5371.0,30.83,91.9,0.0,16.5,1,-279.722,1.128,529.654
5377.4,31.41,91.7,0.0,16.1,1,-281.064,1.103,530.950
5377.4,31.79,90.3,0.0,16.6,1,-281.951,1.086,531.849
5377.4,32.31,85.7,0.0,16.8,1,-283.267,1.060,533.251
5377.4,32.63,77.1,0.0,16.3,1,-284.131,1.043,534.220
5384.7,33.09,85.5,0.0,16.1,1,-285.400,1.017,535.726
5384.7,33.41,91.0,0.0,16.6,1,-286.228,1.000,536.766
5384.7,33.88,80.7,0.0,17.4,1,-287.442,0.976,538.378
5384.7,34.17,87.5,0.0,18.1,1,-288.230,0.959,539.487
5392.0,34.61,81.2,0.0,18.7,1,-289.379,0.935,541.200
5392.0,34.87,81.0,0.0,19.1,1,-290.121,0.918,542.374
5392.0,35.12,0.0,0.0,21.2,0,-291.194,0.893,544.181
5392.0,35.16,84.9,0.0,21.5,2,-292.203,0.867,546.028
5400.2,35.41,83.7,0.0,22.0,2,-292.841,0.851,547.287
5400.2,35.81,80.7,0.0,22.9,2,-293.752,0.829,549.219
5400.2,36.06,75.8,0.0,24.0,2,-294.329,0.815,550.535
5400.2,36.43,80.4,0.0,25.6,2,-295.147,0.792,552.548
5408.0,36.67,89.2,0.0,28.0,2,-295.661,0.777,553.916
5408.0,37.04,77.1,0.0,28.6,2,-296.380,0.755,556.006
5408.0,37.20,50.5,0.0,27.9,2,-296.822,0.741,557.424
5408.0,37.41,72.8,0.0,28.2,2,-297.423,0.723,559.578
5416.6,37.63,77.8,0.0,28.9,2,-297.787,0.712,561.034
5416.6,37.97,80.6,0.0,28.8,2,-298.279,0.695,563.247
5416.6,38.23,83.2,0.0,27.9,2,-298.573,0.684,564.742
5416.6,38.60,84.9,0.0,25.9,2,-298.960,0.669,567.013
5425.0,39.00,90.6,0.0,22.2,2,-299.280,0.656,569.318
5425.0,39.28,92.0,0.0,20.0,2,-299.457,0.649,570.873
5425.0,39.56,92.0,0.0,17.3,2,-299.605,0.642,572.442
5425.0,40.00,92.0,0.0,12.9,2,-299.771,0.632,574.822
5433.1,40.42,92.0,0.0,9.8,2,-299.868,0.625,577.232
5433.1,40.71,92.1,0.0,8.4,2,-299.895,0.622,578.853
5433.1,41.13,92.1,0.0,8.0,2,-299.880,0.617,581.308
5433.1,41.43,92.2,0.0,8.0,2,-299.835,0.614,582.958
5441.4,41.85,92.2,0.0,9.0,2,-299.718,0.609,585.453
5441.4,42.13,92.0,0.0,9.9,2,-299.607,0.605,587.128
5441.4,42.25,0.0,0.0,10.8,0,-299.395,0.598,589.654
5441.4,42.40,91.9,0.0,11.2,3,-299.221,0.593,591.336
5449.7,42.78,91.9,0.0,10.7,3,-298.912,0.584,593.872
5449.7,43.05,91.9,0.0,10.2,3,-298.675,0.577,595.571
5449.7,43.44,91.9,0.0,10.3,3,-298.271,0.565,598.134
5449.7,43.83,91.9,0.0,10.5,3,-297.808,0.552,600.710
5458.2,44.08,91.9,0.0,11.1,3,-297.466,0.542,602.434
5458.2,44.47,91.9,0.0,11.0,3,-296.907,0.523,605.030
5458.2,44.73,91.9,0.0,10.3,3,-296.500,0.509,606.766
5458.2,45.09,92.0,0.0,10.6,3,-295.836,0.488,609.376
5466.9,45.34,92.0,0.0,9.7,3,-295.358,0.474,611.120
5466.9,45.72,92.0,0.0,10.1,3,-294.590,0.449,613.741
5466.9,45.97,92.0,0.0,9.0,3,-294.044,0.430,615.491
5466.9,46.34,92.0,0.0,6.3,3,-293.173,0.400,618.119
5476.0,46.60,92.0,0.0,5.1,3,-292.558,0.379,619.873
5476.0,46.99,92.0,0.0,4.6,3,-291.591,0.344,622.507
5476.0,47.23,92.0,0.0,4.7,3,-290.919,0.317,624.267
5476.0,47.61,92.0,0.0,4.0,3,-289.875,0.276,626.913
5485.3,47.87,92.0,0.0,3.4,3,-289.153,0.250,628.680
5485.3,48.23,92.1,0.0,3.0,3,-288.035,0.215,631.335
5485.3,48.44,92.1,0.0,2.9,3,-287.270,0.190,633.110
5485.3,48.64,0.0,0.0,1.8,0,-286.098,0.143,635.776
5494.8,48.72,87.3,0.0,0.9,4,-284.901,0.084,638.436
5494.8,48.97,92.0,0.0,1.4,4,-284.085,0.043,640.211
5494.8,49.35,92.0,0.0,2.2,4,-282.829,-0.011,642.878
5494.8,49.55,92.0,0.0,3.0,4,-281.971,-0.040,644.658
5504.6,49.87,92.0,0.0,2.8,4,-280.659,-0.080,647.336
5504.6,50.12,91.7,0.0,2.6,4,-279.769,-0.109,649.127
5504.6,50.45,92.0,0.0,2.8,4,-278.409,-0.153,651.818
5504.6,50.66,92.0,0.0,3.2,4,-277.486,-0.180,653.616
5514.6,51.06,92.0,0.0,2.4,4,-276.075,-0.220,656.320
5514.6,51.22,92.0,0.0,2.4,4,-275.113,-0.243,658.124
5514.6,51.54,92.0,0.0,2.7,4,-273.638,-0.269,660.831
5514.6,51.78,92.0,0.0,2.8,4,-272.635,-0.282,662.637
5524.8,52.09,92.0,0.0,3.6,4,-271.100,-0.295,665.349
5524.8,52.32,92.0,0.0,4.1,4,-270.059,-0.304,667.158
5524.8,52.63,92.0,0.0,3.6,4,-268.469,-0.323,669.874
5524.8,52.83,90.7,0.0,3.4,4,-267.388,-0.336,671.684
5535.3,53.14,80.9,0.0,3.4,4,-265.732,-0.354,674.398
5535.3,53.46,71.2,0.0,3.5,4,-264.039,-0.369,677.110
5535.3,53.66,64.7,0.0,3.7,4,-262.889,-0.379,678.917
5545.9,53.97,59.6,0.0,3.5,4,-261.135,-0.392,681.627
5545.9,54.18,59.7,0.0,3.2,4,-259.944,-0.398,683.433
5545.9,54.48,59.9,0.0,2.6,4,-258.130,-0.405,686.141
5545.9,54.69,59.9,0.0,2.0,4,-256.902,-0.408,687.945
5556.7,54.99,60.0,0.0,1.5,4,-255.036,-0.412,690.654
5556.7,55.19,60.1,0.0,1.3,4,-253.777,-0.415,692.463
5556.7,55.50,60.2,0.0,0.9,4,-251.869,-0.420,695.179
5556.7,55.70,60.2,0.0,0.8,4,-250.584,-0.423,696.994
5567.7,55.99,60.3,0.0,1.2,4,-248.641,-0.430,699.723
5567.7,56.19,60.3,0.0,1.5,4,-247.334,-0.435,701.546
5567.7,56.48,60.4,0.0,1.9,4,-245.356,-0.444,704.287
5567.7,56.77,60.5,0.0,2.2,4,-243.356,-0.452,707.033
5578.9,56.96,60.6,0.0,2.3,4,-242.008,-0.457,708.865
5578.9,57.25,60.7,0.0,2.6,4,-239.965,-0.464,711.614
5578.9,57.44,60.7,0.0,2.7,4,-238.586,-0.468,713.447
5578.9,57.72,60.8,0.0,2.9,4,-236.494,-0.473,716.195
5590.4,57.90,60.9,0.0,3.1,4,-235.082,-0.475,718.025
5590.4,58.18,61.0,0.0,3.3,4,-232.936,-0.477,720.767
5590.4,58.45,61.0,0.0,3.5,4,-230.757,-0.479,723.504
5590.4,58.62,61.1,0.0,3.7,4,-229.285,-0.479,725.324
5602.1,58.89,61.1,0.0,3.7,4,-227.046,-0.479,728.048
5602.1,59.07,61.1,0.0,3.7,4,-225.534,-0.478,729.858
5602.1,59.33,61.1,0.0,3.7,4,-223.234,-0.475,732.564
5602.1,59.50,61.1,0.0,3.7,4,-221.680,-0.472,734.361
5614.0,59.75,61.2,0.0,3.8,4,-219.317,-0.465,737.046
5614.0,59.92,61.2,0.0,3.8,4,-217.720,-0.458,738.829
5614.0,60.17,61.1,0.0,2.3,4,-215.293,-0.445,741.491
5614.0,60.33,61.1,0.0,2.1,4,-213.655,-0.434,743.258
5626.3,60.58,61.0,0.0,2.7,4,-211.170,-0.415,745.899
5626.3,60.74,60.9,0.0,3.2,4,-209.496,-0.401,747.656
5626.3,60.97,60.6,0.0,3.7,4,-206.959,-0.378,750.281
5626.3,61.13,60.5,0.0,3.7,4,-205.250,-0.361,752.024
5638.7,61.35,60.3,0.0,3.6,4,-202.656,-0.332,754.626
5638.7,61.57,60.2,0.0,3.8,0,-200.028,-0.304,757.212
5638.7,61.52,0.0,0.0,3.8,0,-198.259,-0.286,758.924
5638.7,61.66,83.7,0.0,3.2,5,-195.584,-0.262,761.470
5651.3,61.81,77.2,0.0,3.1,5,-193.780,-0.247,763.156
5651.3,62.03,67.5,0.0,3.6,5,-191.045,-0.229,765.669
5651.3,62.18,61.0,0.0,3.7,5,-189.202,-0.222,767.335
5651.3,62.40,59.7,0.0,3.7,5,-186.408,-0.217,769.817
5663.9,62.54,59.8,0.0,3.6,5,-184.526,-0.215,771.460
5663.9,62.76,59.9,0.0,3.5,5,-181.670,-0.211,773.904
5663.9,62.90,60.0,0.0,3.6,5,-179.746,-0.206,775.520
5663.9,63.11,60.1,0.0,4.0,5,-176.830,-0.197,777.924
5676.8,63.25,60.1,0.0,4.2,5,-174.866,-0.193,779.515
5676.8,63.47,60.2,0.0,4.6,5,-171.891,-0.190,781.882
5676.8,63.61,60.2,0.0,4.9,5,-169.889,-0.190,783.446
5676.8,63.82,60.3,0.0,4.9,5,-166.853,-0.195,785.769
5689.8,63.95,60.3,0.0,4.6,5,-164.808,-0.196,787.300
5689.8,64.15,60.3,0.0,4.4,5,-161.705,-0.196,789.567
5689.8,64.33,60.5,0.0,5.4,5,-158.563,-0.194,791.799
5689.8,64.47,60.4,0.0,5.1,5,-156.446,-0.192,793.266
5702.9,64.67,60.5,0.0,4.4,5,-153.239,-0.192,795.438
5702.9,64.81,60.5,0.0,3.8,5,-151.078,-0.191,796.865
5702.9,64.99,60.6,0.0,3.5,5,-147.803,-0.187,798.970
5702.9,65.13,60.6,0.0,3.7,5,-145.598,-0.180,800.352
5716.2,65.32,60.6,0.0,4.5,5,-142.262,-0.171,802.396
5716.2,65.45,60.7,0.0,5.5,5,-140.020,-0.168,803.741
5716.2,65.65,60.6,0.0,6.5,5,-136.628,-0.168,805.732
5716.2,65.75,60.7,0.0,5.8,5,-134.345,-0.167,807.034
5729.6,65.94,60.8,0.0,5.0,5,-130.889,-0.161,808.947
5729.6,66.08,60.7,0.0,4.8,5,-128.565,-0.160,810.198
5729.6,66.25,60.9,0.0,4.8,5,-125.045,-0.159,812.034
5729.6,66.36,60.9,0.0,5.0,5,-122.678,-0.157,813.229
5743.0,66.54,61.0,0.0,5.3,5,-119.098,-0.154,814.983
5743.0,66.71,61.0,0.0,5.3,5,-115.483,-0.150,816.689
5743.0,66.84,61.1,0.0,5.2,5,-113.055,-0.148,817.800
5743.0,66.95,61.1,0.0,5.2,5,-110.611,-0.147,818.890
5756.6,67.13,61.1,0.0,5.4,5,-106.919,-0.145,820.484
5756.6,67.29,61.2,0.0,5.1,5,-103.193,-0.139,822.026
5756.6,67.40,61.2,0.0,5.1,5,-100.691,-0.135,823.024
5770.2,67.58,61.2,0.0,5.1,5,-96.912,-0.128,824.479
5770.2,67.69,61.2,0.0,5.2,5,-94.376,-0.124,825.420
5770.2,67.86,61.2,0.0,5.7,5,-90.547,-0.118,826.788
5770.2,67.97,61.2,0.0,5.6,5,-87.978,-0.116,827.671
5783.8,68.13,61.3,0.0,5.1,5,-84.100,-0.111,828.948
5783.8,68.23,61.3,0.0,5.0,5,-81.499,-0.105,829.767
5783.8,68.40,61.3,0.0,4.9,5,-77.574,-0.097,830.949
5783.8,68.50,61.3,0.0,5.0,5,-74.943,-0.092,831.705
5797.4,68.67,61.3,0.0,5.6,5,-70.975,-0.084,832.793
5797.4,68.77,61.3,0.0,4.9,5,-68.316,-0.078,833.487
5797.4,68.92,61.3,0.0,3.6,5,-64.307,-0.069,834.480
5797.4,69.08,61.3,0.0,3.2,5,-60.275,-0.058,835.420
5811.1,69.19,61.3,0.0,3.1,5,-57.575,-0.050,836.018
5811.1,69.35,61.2,0.0,2.9,5,-53.509,-0.035,836.877
5811.1,69.46,61.2,0.0,2.8,5,-50.788,-0.024,837.426
5811.1,69.62,61.2,0.0,2.7,5,-46.692,-0.005,838.218
5824.9,69.72,61.1,0.0,2.7,5,-43.952,0.010,838.725
5824.9,69.88,61.0,0.0,2.7,5,-39.828,0.033,839.455
5824.9,69.99,61.0,0.0,2.8,5,-37.070,0.048,839.923
5824.9,70.14,60.9,0.0,2.7,5,-32.921,0.071,840.596
5838.9,70.24,60.8,0.0,2.4,5,-30.147,0.087,841.026
5838.9,70.39,60.8,0.0,1.7,5,-25.973,0.111,841.642
5838.9,70.49,60.6,0.0,1.4,5,-23.183,0.129,842.034
5838.9,70.63,60.5,0.0,1.2,5,-18.988,0.159,842.600
5853.0,70.74,60.5,0.0,1.0,5,-16.184,0.178,842.964
5853.0,70.88,60.4,0.0,0.5,5,-11.969,0.203,843.494
5853.0,70.85,0.0,0.0,0.2,0,-7.747,0.231,844.009
5853.0,70.89,87.1,0.0,-0.0,6,-4.933,0.249,844.346
-2.0,71.03,77.4,0.0,-0.1,6,-0.705,0.280,844.844
