opponent,v3,Neel Jani,0,1771576208637
Game,version,date,track,car,event,laptime [s],S1 [s],S2 [s],S3 [s],S4+ [s]
LMU,1.2,2026-02-20 08:30:08,Silverstone Grand Prix Circuit - ELMS,Proton Competition 2025 #99:LM (Hyper),Live,107.185,0,0,0
Tracklen [m],TotalLaps
5867.5,2
,
,
lapdistance [m],speed [m/s],throttle [%],brake [%],steer [%],gear [int],world_x [m],world_y [m],world_z [m]
14.9,72.30,85.3,0.0,0.2,6,18.934,0.429,847.673
14.9,72.45,85.3,0.0,0.1,6,23.248,0.460,848.169
14.9,72.60,85.3,0.0,0.2,6,27.571,0.493,848.665
29.4,72.69,85.3,0.0,0.2,6,30.457,0.518,848.996
29.4,72.84,85.3,0.0,0.2,6,34.794,0.556,849.490
29.4,72.94,85.3,0.0,0.2,6,37.691,0.581,849.820
29.4,73.08,85.3,0.0,0.1,6,42.043,0.618,850.311
43.9,73.17,85.4,0.0,0.1,6,44.950,0.645,850.638
43.9,73.32,85.4,0.0,0.0,6,49.317,0.686,851.126
43.9,73.41,85.4,0.0,0.1,6,52.233,0.714,851.450
43.9,73.55,85.4,0.0,0.2,6,56.615,0.754,851.934
58.6,73.65,85.4,0.0,0.2,6,59.541,0.780,852.256
58.6,73.78,85.4,0.0,0.2,6,63.937,0.819,852.737
58.6,73.87,85.5,0.0,0.2,6,66.872,0.848,853.057
58.6,74.01,85.5,0.0,0.2,6,71.282,0.892,853.535
73.4,74.10,85.5,0.0,0.2,6,74.227,0.920,853.852
73.4,74.24,85.5,0.0,0.0,6,78.651,0.959,854.326
73.4,74.37,85.5,0.0,0.0,6,83.084,0.995,854.798
73.4,74.46,85.5,0.0,-0.3,6,86.044,1.018,855.111
88.2,74.58,85.6,0.0,0.5,6,90.490,1.053,855.582
88.2,74.67,85.6,0.0,0.4,6,93.458,1.077,855.895
88.2,74.81,85.6,0.0,0.1,6,97.917,1.111,856.365
88.2,74.89,85.6,0.0,-0.4,6,100.895,1.132,856.677
103.1,75.02,85.6,0.0,0.2,6,105.367,1.164,857.145
103.1,75.11,85.6,0.0,0.5,6,108.353,1.184,857.457
103.1,75.23,85.6,0.0,0.5,6,112.839,1.216,857.923
103.1,75.32,85.7,0.0,0.1,6,115.834,1.239,858.232
118.1,75.45,85.7,0.0,-0.1,6,120.333,1.272,858.692
118.1,75.53,85.7,0.0,-0.1,6,123.336,1.292,858.997
118.1,75.66,85.7,0.0,0.3,6,127.849,1.315,859.454
118.1,75.74,85.7,0.0,0.2,6,130.862,1.329,859.757
133.2,75.85,85.7,0.0,0.1,6,135.387,1.354,860.210
133.2,75.93,85.7,0.0,0.2,6,138.407,1.375,860.511
133.2,76.05,85.8,0.0,0.1,6,142.944,1.412,860.961
148.5,76.18,85.8,0.0,-0.0,6,147.489,1.441,861.409
148.5,76.27,85.8,0.0,-0.0,6,150.523,1.459,861.707
148.5,76.39,85.8,0.0,0.1,6,155.081,1.487,862.152
148.5,76.47,85.8,0.0,0.1,6,158.123,1.503,862.449
163.7,76.58,85.9,0.0,0.1,6,162.693,1.528,862.893
163.7,76.66,85.9,0.0,0.1,6,165.743,1.548,863.189
163.7,76.77,85.9,0.0,0.0,6,170.325,1.578,863.631
163.7,76.85,85.9,0.0,0.3,6,173.383,1.599,863.926
179.1,76.97,85.9,0.0,0.5,6,177.976,1.631,864.367
179.1,77.05,85.9,0.0,0.3,6,181.043,1.651,864.660
179.1,77.17,85.9,0.0,-0.5,6,185.648,1.680,865.095
179.1,77.24,85.9,0.0,-0.8,6,188.722,1.698,865.385
194.5,77.35,85.9,0.0,-0.8,6,193.339,1.727,865.823
194.5,77.42,86.0,0.0,-0.3,6,196.420,1.746,866.119
194.5,77.54,85.9,0.0,-0.2,6,201.047,1.774,866.572
194.5,77.65,86.0,0.0,-0.2,6,205.679,1.801,867.034
210.0,77.72,86.0,0.0,-0.2,6,208.770,1.817,867.347
210.0,77.83,86.0,0.0,0.1,6,213.412,1.841,867.824
210.0,77.90,86.0,0.0,0.3,6,216.510,1.860,868.145
210.0,78.00,86.0,0.0,0.4,6,221.161,1.893,868.630
225.5,78.07,86.0,0.0,0.3,6,224.265,1.915,868.954
225.5,78.18,86.1,0.0,0.4,6,228.927,1.948,869.438
225.5,78.24,86.1,0.0,0.4,6,232.039,1.969,869.758
225.5,78.35,85.4,0.0,0.6,6,236.712,2.005,870.232
241.2,78.36,42.5,35.1,0.7,6,239.831,2.029,870.544
241.2,77.56,0.0,81.6,1.0,6,244.494,2.058,871.003
241.2,76.69,0.0,87.5,1.1,6,247.567,2.073,871.300
241.2,75.33,0.0,90.4,1.3,6,252.110,2.096,871.729
256.5,74.40,0.0,91.1,1.3,6,255.094,2.113,872.003
256.5,73.01,0.0,91.5,1.4,6,259.502,2.137,872.394
256.5,71.62,0.0,91.9,1.9,6,263.829,2.161,872.757
256.5,70.71,0.0,92.4,2.2,6,266.668,2.177,872.981
271.0,69.32,0.0,92.3,1.7,6,270.861,2.198,873.288
271.0,68.41,0.0,92.7,1.8,6,273.611,2.211,873.473
271.0,67.02,0.0,92.0,2.7,6,277.669,2.227,873.716
271.0,66.12,0.0,91.9,3.1,6,280.330,2.237,873.854
284.4,64.75,0.0,87.4,3.3,6,284.255,2.252,874.020
284.4,63.90,0.0,79.5,3.5,6,286.829,2.261,874.102
284.4,62.71,0.0,65.2,2.6,6,290.628,2.273,874.179
284.4,62.02,0.0,55.2,2.0,6,293.123,2.283,874.195
297.0,61.19,0.0,28.6,2.7,6,296.820,2.299,874.163
297.0,60.81,0.0,20.5,3.6,6,299.259,2.310,874.104
297.0,60.36,29.1,19.4,5.2,0,302.891,2.327,873.956
297.0,59.94,0.0,12.3,7.0,5,306.494,2.346,873.738
309.0,59.69,0.0,8.1,7.7,5,308.880,2.360,873.554
309.0,59.39,0.0,6.4,8.7,5,312.438,2.383,873.221
309.0,59.20,0.0,3.4,9.3,5,314.795,2.398,872.961
309.0,58.96,3.4,0.0,9.0,5,318.312,2.421,872.513
320.7,58.82,2.3,1.3,8.7,5,320.643,2.435,872.175
320.7,58.57,0.0,10.2,8.3,5,324.120,2.456,871.609
320.7,58.34,0.0,10.9,8.0,5,326.421,2.470,871.193
320.7,57.96,0.0,17.5,8.3,5,329.844,2.487,870.513
332.3,57.67,0.0,15.4,8.9,5,332.104,2.499,870.021
332.3,57.27,0.0,4.0,9.3,5,335.460,2.516,869.225
332.3,57.13,22.9,0.0,9.4,5,337.675,2.527,868.654
332.3,57.09,46.8,0.0,10.5,5,340.975,2.544,867.735
343.9,57.12,63.4,0.0,11.8,5,343.163,2.554,867.080
343.9,57.20,58.4,0.0,14.4,5,346.429,2.570,866.032
343.9,57.23,53.4,0.0,16.5,5,348.594,2.580,865.290
343.9,57.19,31.4,0.0,17.3,5,351.820,2.597,864.115
356.1,57.01,2.0,0.7,17.7,5,355.011,2.614,862.865
356.1,56.84,0.6,0.2,17.3,5,357.114,2.625,861.991
356.1,56.66,30.2,0.0,16.0,5,360.230,2.644,860.620
356.1,56.64,53.7,0.0,15.2,5,362.284,2.656,859.663
368.0,56.75,81.1,0.0,14.5,5,365.336,2.675,858.165
368.0,56.84,74.2,0.0,14.6,5,367.355,2.686,857.122
368.0,56.92,62.8,0.0,16.1,5,370.354,2.704,855.494
368.0,56.99,74.9,0.0,17.6,5,372.333,2.716,854.366
380.2,57.15,84.0,0.0,19.6,5,375.273,2.734,852.611
380.2,57.27,84.0,0.0,20.4,5,377.214,2.746,851.399
380.2,57.45,84.0,0.0,21.3,5,380.096,2.764,849.520
380.2,57.57,84.0,0.0,22.2,5,381.999,2.775,848.228
392.2,57.70,73.4,0.0,23.0,5,384.823,2.790,846.231
392.2,57.80,70.0,0.0,23.4,5,387.603,2.805,844.164
392.2,57.85,68.0,0.0,23.0,5,389.430,2.816,842.746
404.4,58.02,47.1,0.0,21.7,5,399.920,2.884,833.612
416.3,57.78,3.2,24.5,21.0,5,402.396,2.901,831.173
416.3,57.27,0.0,4.2,19.2,5,404.796,2.918,828.691
416.3,57.11,33.9,0.0,16.9,5,406.352,2.929,827.015
427.9,57.19,83.9,0.0,13.6,5,408.631,2.944,824.454
427.9,57.31,84.0,0.0,12.2,5,410.118,2.953,822.713
427.9,57.48,84.1,0.0,10.5,5,412.304,2.964,820.052
427.9,57.61,84.1,0.0,9.5,5,413.728,2.971,818.244
439.3,57.79,84.1,0.0,9.6,5,415.812,2.985,815.481
439.3,57.93,84.1,0.0,10.4,5,417.168,2.995,813.606
439.3,58.13,84.1,0.0,12.0,5,419.160,3.006,810.751
439.3,58.26,84.1,0.0,12.3,5,420.457,3.013,808.818
450.6,58.46,84.2,0.0,12.1,5,422.355,3.027,805.876
450.6,58.60,84.2,0.0,11.5,5,423.588,3.038,803.886
450.6,58.80,84.3,0.0,10.2,5,425.392,3.055,800.861
450.6,58.94,84.3,0.0,9.1,5,426.560,3.070,798.817
462.1,59.13,84.4,0.0,8.5,5,428.262,3.093,795.712
462.1,59.35,84.4,0.0,7.8,5,429.906,3.117,792.560
462.1,59.48,84.4,0.0,8.2,5,430.967,3.135,790.434
462.1,59.70,83.8,0.0,8.1,5,432.514,3.160,787.211
473.9,59.83,84.5,0.0,7.5,5,433.513,3.176,785.040
473.9,60.05,84.5,0.0,6.7,5,434.962,3.202,781.749
473.9,60.19,84.6,0.0,6.3,5,435.897,3.218,779.534
473.9,60.38,83.4,0.0,5.8,5,437.256,3.244,776.183
485.8,60.50,84.3,0.0,5.3,5,438.132,3.262,773.930
485.8,60.76,84.7,0.0,4.4,5,439.405,3.290,770.522
485.8,60.87,84.8,0.0,3.7,5,440.224,3.310,768.232
485.8,61.05,85.2,0.0,2.1,5,441.414,3.338,764.775
497.8,61.21,84.5,0.0,0.6,5,442.183,3.353,762.455
497.8,61.43,70.5,0.0,-0.4,5,443.301,3.372,758.949
497.8,61.51,69.0,0.0,0.9,5,444.014,3.391,756.596
497.8,61.74,82.6,0.0,3.3,5,445.047,3.425,753.046
509.9,61.95,85.0,0.0,3.0,5,446.045,3.459,749.472
509.9,62.14,84.7,0.0,2.3,5,446.694,3.480,747.076
509.9,62.34,83.9,0.0,1.4,5,447.643,3.501,743.465
509.9,62.49,83.8,0.0,1.4,5,448.256,3.516,741.044
522.3,62.69,85.1,0.0,2.3,5,449.142,3.542,737.395
522.3,62.87,85.0,0.0,2.9,5,449.716,3.557,734.950
522.3,63.10,85.0,0.0,3.3,5,450.547,3.580,731.264
522.3,63.24,85.0,0.0,3.3,5,451.080,3.599,728.794
534.8,63.45,85.1,0.0,3.4,5,451.848,3.629,725.073
534.8,63.59,85.1,0.0,3.0,5,452.340,3.649,722.580
534.8,63.81,85.2,0.0,2.5,5,453.046,3.682,718.825
534.8,63.95,85.2,0.0,2.3,5,453.497,3.702,716.310
547.5,64.17,85.3,0.0,1.8,5,454.148,3.728,712.522
547.5,64.32,85.2,0.0,1.6,5,454.566,3.745,709.986
547.5,64.53,85.3,0.0,1.5,5,455.167,3.773,706.168
547.5,64.75,85.3,0.0,1.0,5,455.744,3.804,702.333
560.3,64.89,85.3,0.0,1.0,5,456.119,3.825,699.768
560.3,65.11,85.4,0.0,0.8,5,456.667,3.857,695.907
560.3,65.25,85.4,0.0,0.7,5,457.025,3.880,693.325
560.3,65.46,85.4,0.0,0.7,5,457.551,3.914,689.440
573.3,65.61,85.4,0.0,0.6,5,457.897,3.936,686.842
573.3,65.81,85.5,0.0,0.7,5,458.407,3.970,682.933
573.3,65.95,85.5,0.0,0.7,5,458.742,3.993,680.320
573.3,66.16,85.5,0.0,0.7,5,459.238,4.026,676.389
586.3,66.29,85.5,0.0,0.8,5,459.563,4.049,673.760
586.3,66.50,85.6,0.0,0.8,5,460.043,4.083,669.806
586.3,66.63,85.6,0.0,0.8,5,460.359,4.105,667.162
586.3,66.83,85.6,0.0,0.7,5,460.823,4.138,663.186
599.6,66.97,85.7,0.0,0.8,5,461.127,4.159,660.528
599.6,67.16,85.7,0.0,0.8,5,461.574,4.192,656.529
599.6,67.36,85.7,0.0,0.8,5,462.009,4.227,652.517
599.6,67.49,85.7,0.0,0.9,5,462.293,4.250,649.835
613.0,67.69,85.8,0.0,0.9,5,462.710,4.283,645.802
613.0,67.82,85.8,0.0,0.9,5,462.980,4.305,643.106
613.0,68.01,85.8,0.0,0.9,5,463.375,4.338,639.050
613.0,68.14,85.8,0.0,0.9,5,463.631,4.360,636.340
626.5,68.33,85.9,0.0,0.9,5,464.004,4.394,632.264
626.5,68.45,85.9,0.0,0.9,5,464.246,4.416,629.539
626.5,68.64,85.9,0.0,0.8,5,464.596,4.449,625.442
626.5,68.76,85.9,0.0,0.7,5,464.823,4.470,622.704
640.2,68.95,86.0,0.0,0.7,5,465.151,4.502,618.586
640.2,69.07,86.0,0.0,0.7,5,465.364,4.523,615.834
640.2,69.25,86.0,0.0,0.7,5,465.673,4.556,611.697
640.2,69.37,86.0,0.0,0.6,5,465.873,4.578,608.932
654.0,69.55,86.0,0.0,0.1,5,466.164,4.611,604.775
654.0,69.73,86.1,0.0,-0.5,5,466.449,4.644,600.606
654.0,69.85,86.1,0.0,-0.9,5,466.637,4.665,597.822
668.0,70.02,86.1,0.0,-0.6,5,466.921,4.697,593.636
668.0,70.14,86.1,0.0,-0.5,5,467.114,4.718,590.839
668.0,70.31,86.1,0.0,0.0,5,467.410,4.749,586.637
668.0,70.43,86.2,0.0,0.2,5,467.613,4.768,583.830
682.1,70.60,86.2,0.0,0.0,5,467.922,4.795,579.611
682.1,70.71,86.2,0.0,0.5,0,468.130,4.812,576.793
682.1,70.62,85.0,0.0,0.7,6,468.441,4.836,572.565
682.1,70.72,85.0,0.0,0.9,6,468.646,4.849,569.746
696.3,70.88,85.0,0.0,0.4,6,468.946,4.867,565.509
696.3,70.99,85.0,0.0,0.2,6,469.140,4.878,562.678
696.3,71.14,85.1,0.0,0.5,6,469.424,4.894,558.424
696.3,71.25,85.1,0.0,0.6,6,469.609,4.905,555.582
710.5,71.41,85.1,0.0,0.1,6,469.879,4.919,551.312
710.5,71.56,85.1,0.0,0.0,6,470.143,4.931,547.031
710.5,71.67,85.1,0.0,-0.0,6,470.316,4.937,544.172
710.5,71.83,85.2,0.0,-0.0,6,470.574,4.945,539.875
724.9,71.93,85.2,0.0,0.2,6,470.745,4.949,537.005
724.9,72.08,85.2,0.0,0.6,6,471.002,4.953,532.693
724.9,72.18,85.2,0.0,0.6,6,471.172,4.955,529.813
724.9,72.34,85.2,0.0,0.7,6,471.424,4.956,525.485
739.4,72.44,85.2,0.0,0.3,6,471.589,4.954,522.594
739.4,72.59,85.3,0.0,0.0,6,471.829,4.950,518.250
739.4,72.69,85.3,0.0,0.0,6,471.985,4.946,515.349
739.4,72.84,85.3,0.0,0.1,6,472.216,4.939,510.989
754.0,72.94,85.3,0.0,0.3,6,472.368,4.934,508.077
754.0,73.09,85.3,0.0,0.2,6,472.593,4.922,503.702
754.0,73.24,85.4,0.0,0.2,6,472.816,4.907,499.318
754.0,73.34,85.4,0.0,0.1,6,472.962,4.894,496.390
768.7,73.49,85.4,0.0,0.1,6,473.180,4.872,491.991
768.7,73.58,85.4,0.0,0.0,6,473.324,4.856,489.054
768.7,73.73,85.4,0.0,0.0,6,473.537,4.831,484.640
768.7,73.82,85.5,0.0,0.3,6,473.678,4.815,481.692
783.4,73.97,85.5,0.0,-0.1,6,473.887,4.790,477.264
783.4,74.06,85.5,0.0,-0.7,6,474.026,4.776,474.307
783.4,74.20,85.5,0.0,-1.1,6,474.235,4.759,469.864
783.4,74.30,85.5,0.0,-1.3,6,474.378,4.746,466.898
798.3,74.44,85.5,0.0,-1.7,6,474.604,4.726,462.442
798.3,74.53,85.5,0.0,-2.0,6,474.764,4.714,459.467
798.3,74.66,85.6,0.0,-2.8,6,475.028,4.696,454.999
798.3,74.75,85.6,0.0,-2.8,6,475.220,4.684,452.018
813.1,74.88,85.6,0.0,-2.9,6,475.539,4.659,447.541
813.1,75.00,85.6,0.0,-3.2,6,475.902,4.636,443.059
813.1,75.08,85.7,0.0,-3.8,6,476.171,4.622,440.070
813.1,75.21,85.6,0.0,-4.5,6,476.612,4.594,435.583
828.1,75.29,85.6,0.0,-4.5,6,476.936,4.573,432.591
828.1,75.39,85.7,0.0,-4.4,6,477.475,4.548,428.103
828.1,75.45,85.7,0.0,-4.5,6,477.871,4.537,425.113
828.1,75.58,85.7,0.0,-4.7,6,478.519,4.517,420.629
843.1,75.64,85.7,0.0,-4.6,6,478.988,4.504,417.641
843.1,75.75,85.7,0.0,-5.2,6,479.751,4.486,413.164
843.1,75.81,85.7,0.0,-5.4,6,480.298,4.476,410.183
843.1,75.91,85.8,0.0,-4.4,6,481.178,4.459,405.717
858.2,75.98,85.8,0.0,-4.1,6,481.803,4.447,402.745
858.2,76.08,85.8,0.0,-5.2,6,482.798,4.426,398.293
858.2,76.15,85.8,0.0,-6.0,6,483.498,4.409,395.330
858.2,76.25,85.8,0.0,-6.9,6,484.605,4.378,390.894
873.2,76.34,85.8,0.0,-7.4,6,485.781,4.338,386.470
873.2,76.39,85.9,0.0,-7.3,6,486.607,4.307,383.529
873.2,76.48,85.8,0.0,-5.6,6,487.912,4.258,379.134
873.2,76.52,85.9,0.0,-5.1,6,488.828,4.223,376.214
888.3,76.61,85.9,0.0,-4.3,6,490.269,4.169,371.853
888.3,76.66,85.9,0.0,-4.0,6,491.275,4.132,368.957
888.3,76.76,85.9,0.0,-5.1,6,492.846,4.074,364.631
888.3,76.82,85.9,0.0,-5.6,6,493.934,4.035,361.759
903.9,76.92,85.9,0.0,-4.4,6,495.626,3.978,357.469
903.9,76.98,85.9,0.0,-2.4,6,496.791,3.941,354.621
903.9,77.09,85.9,0.0,0.5,6,498.590,3.884,350.364
903.9,77.17,85.9,0.0,1.9,6,499.818,3.846,347.534
919.8,77.24,49.6,6.2,2.3,6,501.686,3.792,343.295
919.8,77.06,3.3,36.5,2.2,6,502.934,3.755,340.471
919.8,76.29,0.0,57.9,1.2,6,504.783,3.692,336.255
935.6,75.29,0.0,57.8,1.0,6,506.588,3.631,332.079
935.6,74.65,0.0,53.7,1.6,6,507.761,3.598,329.318
935.6,73.76,0.0,46.2,3.0,6,509.479,3.553,325.210
935.6,73.22,0.0,44.8,4.8,6,510.595,3.525,322.489
950.5,72.42,0.0,43.9,4.8,6,512.218,3.484,318.431
950.5,71.89,0.0,39.6,3.8,6,513.260,3.459,315.739
950.5,71.15,0.0,48.4,2.8,6,514.762,3.428,311.717
950.5,70.55,0.0,62.2,2.9,6,515.721,3.408,309.049
964.6,69.52,0.0,61.4,4.6,6,517.092,3.385,305.074
964.6,68.85,0.0,57.7,5.1,6,517.959,3.372,302.445
964.6,67.89,0.0,48.3,6.7,6,519.190,3.357,298.530
964.6,67.33,0.0,43.6,6.9,6,519.965,3.346,295.938
977.8,66.55,0.0,43.7,6.3,6,521.054,3.331,292.071
977.8,66.01,0.0,32.0,6.0,6,521.731,3.320,289.506
977.8,65.60,62.0,0.0,5.6,6,522.672,3.303,285.675
977.8,65.56,29.6,24.6,6.4,6,523.527,3.284,281.833
991.1,65.22,0.0,44.9,7.9,6,524.047,3.271,279.268
991.1,64.42,0.0,28.6,8.4,6,524.750,3.255,275.442
991.1,64.08,17.8,3.1,8.2,6,525.167,3.246,272.906
991.1,63.96,48.9,10.1,6.3,6,525.715,3.240,269.106
1005.4,63.83,3.7,26.1,5.2,6,526.037,3.235,266.570
1005.4,63.43,2.5,2.1,8.0,6,526.453,3.226,262.776
1005.4,63.29,40.8,0.0,8.1,6,526.697,3.210,260.253
1005.4,63.19,69.1,0.0,6.5,6,526.989,3.191,256.469
1019.0,63.16,74.2,0.0,6.2,6,527.108,3.208,253.945
1019.0,63.19,80.9,0.0,4.6,6,527.234,3.224,250.157
1019.0,63.22,82.0,0.0,3.3,6,527.294,3.215,247.630
1019.0,63.44,37.5,0.0,4.0,6,527.332,3.187,243.826
1032.6,63.28,16.1,0.6,7.3,6,527.296,3.176,241.291
1032.6,62.99,0.0,2.0,9.0,6,527.144,3.175,237.506
1032.6,62.70,0.0,1.3,11.8,6,526.895,3.181,233.743
1032.6,62.51,1.5,0.1,14.0,6,526.676,3.187,231.248
1045.4,62.26,7.5,0.0,16.3,6,526.268,3.201,227.527
1045.4,62.11,8.3,0.0,17.3,6,525.946,3.213,225.060
1045.4,61.88,5.1,0.0,16.2,6,525.392,3.230,221.381
1045.4,61.70,1.2,5.7,13.9,6,524.974,3.241,218.945
1057.8,61.37,0.0,5.9,10.2,6,524.273,3.261,215.319
1057.8,61.15,0.0,1.2,7.4,6,523.755,3.278,212.924
1057.8,61.04,69.0,0.0,3.6,6,522.905,3.306,209.360
1057.8,61.12,83.1,0.0,2.0,6,522.291,3.325,206.996
1069.8,61.28,83.1,0.0,1.4,6,521.303,3.356,203.460
1069.8,61.39,83.1,0.0,1.2,6,520.605,3.377,201.108
1069.8,61.58,83.1,0.0,0.7,6,519.511,3.409,197.585
1069.8,61.71,83.2,0.0,0.5,6,518.761,3.430,195.237
1082.2,61.90,83.2,0.0,-1.6,6,517.618,3.461,191.710
1082.2,62.09,83.3,0.0,-3.0,6,516.468,3.491,188.173
1082.2,62.22,83.3,0.0,-3.4,6,515.705,3.510,185.807
1082.2,62.40,83.3,0.0,-3.7,6,514.573,3.536,182.244
1094.7,62.53,82.8,0.0,-3.9,6,513.833,3.552,179.858
1094.7,62.69,74.2,0.0,-4.4,6,512.748,3.575,176.262
1094.7,62.61,24.3,41.5,-4.8,6,512.046,3.588,173.855
1094.7,61.86,0.0,64.6,-4.8,6,511.036,3.607,170.256
1107.3,61.18,0.0,76.8,-4.4,0,510.395,3.619,167.879
1107.3,60.05,0.0,82.3,-3.3,5,509.486,3.637,164.355
1107.3,59.22,0.0,81.5,-2.4,5,508.915,3.647,162.037
1107.3,58.02,0.0,77.5,-1.4,5,508.114,3.661,158.610
1119.3,57.25,0.0,72.1,-1.0,5,507.618,3.670,156.357
1119.3,56.17,0.0,62.5,-0.9,5,506.934,3.685,153.023
1119.3,55.52,0.0,51.9,-1.3,5,506.518,3.695,150.827
1119.3,54.71,0.0,36.2,-2.8,5,505.951,3.708,147.569
1130.7,54.13,0.0,17.2,-5.2,5,505.454,3.721,144.342
1130.7,53.87,0.0,8.7,-7.3,5,505.161,3.727,142.202
1130.7,53.60,0.0,3.1,-10.0,5,504.774,3.735,139.001
1130.7,53.46,0.0,1.1,-11.2,5,504.553,3.738,136.871
1141.9,53.26,0.0,1.2,-12.1,5,504.276,3.741,133.681
1141.9,53.12,1.7,0.1,-12.1,5,504.129,3.741,131.558
1141.9,52.96,7.3,0.0,-13.0,5,503.966,3.737,128.379
1141.9,52.87,13.5,0.0,-14.0,5,503.893,3.729,126.264
1153.0,52.70,3.1,3.0,-14.5,5,503.844,3.712,123.097
1153.0,52.53,0.4,9.5,-14.7,5,503.857,3.702,120.992
1153.0,52.19,0.0,4.9,-13.6,5,503.949,3.690,117.851
1153.0,52.01,1.0,0.2,-12.2,5,504.058,3.684,115.770
1163.9,51.82,15.1,0.0,-9.9,5,504.294,3.679,112.664
1163.9,51.73,12.4,0.0,-8.8,5,504.499,3.678,110.603
1163.9,51.58,14.5,0.0,-8.5,5,504.869,3.676,107.526
1175.0,51.48,26.6,0.0,-7.9,5,505.306,3.666,104.466
1175.0,51.42,17.3,0.0,-8.2,0,505.638,3.657,102.435
1175.0,51.24,3.5,0.0,-9.9,4,506.202,3.645,99.407
1175.0,51.12,7.0,0.0,-9.5,4,506.613,3.631,97.402
1185.8,50.92,12.1,0.0,-10.7,4,507.299,3.613,94.418
1185.8,50.83,14.9,0.0,-12.7,4,507.797,3.600,92.445
1185.8,50.67,11.2,0.0,-14.8,4,508.604,3.578,89.508
1185.8,50.57,7.9,0.0,-16.1,4,509.183,3.563,87.568
1196.5,50.40,6.7,0.0,-18.6,4,510.105,3.537,84.682
1196.5,50.28,5.8,0.0,-19.4,4,510.754,3.515,82.776
1196.5,50.10,8.3,0.0,-19.7,4,511.779,3.479,79.944
1196.5,49.99,9.2,0.0,-19.8,4,512.499,3.453,78.076
1206.9,49.83,12.6,0.0,-19.1,4,513.634,3.411,75.305
1206.9,49.73,11.4,0.0,-19.0,4,514.428,3.382,73.480
1206.9,49.63,40.1,0.0,-17.8,4,515.676,3.338,70.774
1206.9,49.76,76.0,0.0,-16.2,4,516.997,3.294,68.103
1217.0,49.93,84.1,0.0,-14.1,4,517.921,3.267,66.337
1217.0,50.22,84.2,0.0,-11.4,4,519.372,3.229,63.707
1217.0,50.40,84.2,0.0,-9.4,4,520.382,3.208,61.967
1217.0,50.71,82.9,0.0,-5.2,4,521.956,3.178,59.375
1227.0,50.75,26.9,31.1,-2.2,4,523.039,3.158,57.658
1227.0,50.20,0.0,61.4,0.4,4,524.691,3.128,55.115
1227.0,49.58,0.0,72.9,2.9,4,525.795,3.109,53.451
1227.0,48.51,0.0,82.5,5.9,4,527.431,3.082,51.002
1236.9,47.73,0.0,85.3,6.8,4,528.500,3.064,49.400
1236.9,46.53,0.0,88.2,6.7,4,530.061,3.035,47.038
1236.9,45.71,0.0,89.6,6.3,4,531.067,3.016,45.490
1236.9,44.49,35.6,86.6,5.2,0,532.521,2.989,43.205
1246.0,43.75,0.0,60.7,4.5,3,533.451,2.970,41.704
1246.0,42.92,0.0,19.3,3.5,3,534.788,2.943,39.475
1246.0,42.56,0.0,5.4,4.1,3,536.056,2.914,37.248
1246.0,42.41,0.0,2.8,6.3,3,536.866,2.893,35.754
1254.6,42.22,0.0,1.6,11.1,3,538.031,2.861,33.498
1254.6,42.11,0.0,0.4,14.4,3,538.776,2.838,31.985
1254.6,41.93,1.6,0.0,16.6,3,539.844,2.803,29.701
1254.6,41.82,1.5,0.0,16.9,3,540.522,2.780,28.169
1271.8,41.90,59.1,0.0,14.7,3,543.977,2.633,18.791
1271.8,41.99,18.2,4.8,17.4,3,544.681,2.596,16.374
1271.8,41.76,0.0,12.2,19.3,3,545.319,2.556,13.942
1271.8,41.53,0.0,9.6,18.7,3,545.705,2.529,12.321
1281.0,41.32,24.4,0.0,17.7,3,546.219,2.490,9.891
1281.0,41.36,49.9,0.0,15.9,3,546.520,2.465,8.266
1281.0,41.57,53.0,0.0,14.3,3,546.912,2.430,5.810
1281.0,41.68,49.3,0.0,15.6,3,547.136,2.405,4.161
1290.0,41.80,37.2,0.0,18.0,3,547.418,2.364,1.673
1290.0,41.81,28.3,0.0,19.4,3,547.567,2.335,0.008
1290.0,41.84,39.7,0.0,20.2,3,547.731,2.291,-2.496
1290.0,42.05,70.1,0.0,20.2,3,547.823,2.247,-5.009
1298.8,42.27,82.7,0.0,19.1,3,547.846,2.217,-6.694
1298.8,42.65,84.7,0.0,18.9,3,547.827,2.171,-9.241
1298.8,42.90,84.7,0.0,17.8,3,547.778,2.138,-10.950
1298.8,43.27,70.2,0.0,15.3,3,547.649,2.085,-13.531
1308.3,43.40,57.6,0.0,14.1,3,547.520,2.050,-15.259
1308.3,43.56,57.8,0.0,11.1,3,547.257,2.001,-17.854
1308.3,43.65,49.8,0.0,9.7,3,547.034,1.969,-19.583
1308.3,43.73,40.3,0.0,6.4,3,546.629,1.926,-22.172
1318.0,43.72,33.4,0.0,5.1,3,546.311,1.899,-23.892
1318.0,43.76,27.5,0.0,2.7,3,545.767,1.860,-26.460
1318.0,43.71,42.0,0.0,2.1,3,545.358,1.836,-28.161
1318.0,43.90,45.7,0.0,1.1,3,544.679,1.800,-30.698
1327.8,43.91,46.1,0.0,1.8,3,544.180,1.779,-32.381
1327.8,44.01,44.9,0.0,5.1,3,543.368,1.747,-34.890
1327.8,44.13,73.6,0.0,7.5,3,542.784,1.725,-36.552
1327.8,44.48,84.9,0.0,12.3,3,541.843,1.690,-39.037
1337.5,44.85,85.1,0.0,16.5,3,540.822,1.657,-41.514
1337.5,45.09,85.2,0.0,18.6,3,540.095,1.638,-43.158
1337.5,45.47,85.2,0.0,21.3,3,538.940,1.612,-45.616
1337.5,45.72,85.3,0.0,23.1,3,538.130,1.595,-47.250
1347.1,46.08,85.3,0.0,24.3,3,536.859,1.566,-49.691
1347.1,46.30,85.4,0.0,23.9,3,535.970,1.547,-51.310
1347.1,46.63,85.5,0.0,22.3,3,534.572,1.522,-53.722
1347.1,46.85,85.6,0.0,20.1,3,533.597,1.507,-55.316
1356.7,47.19,85.6,0.0,16.6,3,532.072,1.486,-57.688
1356.7,47.40,85.8,0.0,14.5,3,531.013,1.472,-59.255
1356.7,47.73,85.9,0.0,11.6,3,529.363,1.449,-61.584
1356.7,47.95,85.9,0.0,9.5,3,528.223,1.432,-63.120
1366.3,48.27,86.0,0.0,6.2,3,526.456,1.406,-65.401
1366.3,48.48,85.9,0.0,4.3,3,525.238,1.386,-66.905
1366.3,48.80,83.6,0.0,1.7,3,523.356,1.354,-69.134
1375.9,49.14,86.1,0.0,0.7,3,521.406,1.321,-71.331
1375.9,49.36,86.1,0.0,0.8,3,520.070,1.298,-72.777
1375.9,49.72,86.1,0.0,2.5,3,518.011,1.262,-74.920
1375.9,49.97,86.1,0.0,4.4,3,516.604,1.237,-76.332
1385.7,50.34,86.1,0.0,9.1,3,514.449,1.195,-78.431
1385.7,50.58,86.2,0.0,10.4,3,512.985,1.166,-79.819
1385.7,50.82,0.0,0.0,10.7,0,510.747,1.121,-81.882
1385.7,50.79,84.2,0.0,9.1,4,509.231,1.093,-83.234
1395.6,51.10,84.3,0.0,5.5,4,506.919,1.054,-85.231
1395.6,51.31,84.4,0.0,4.2,4,505.348,1.029,-86.545
1395.6,51.64,84.5,0.0,4.3,4,502.951,0.991,-88.492
1395.6,51.86,84.5,0.0,5.0,4,501.328,0.963,-89.776
1405.8,52.19,84.6,0.0,5.8,4,498.857,0.917,-91.682
1405.8,52.41,84.6,0.0,4.6,4,497.185,0.886,-92.938
1405.8,52.73,84.7,0.0,4.1,4,494.642,0.838,-94.803
1405.8,53.06,84.7,0.0,3.7,4,492.059,0.791,-96.644
1416.2,53.27,84.8,0.0,3.1,4,490.314,0.761,-97.859
1416.2,53.60,84.9,0.0,1.9,4,487.666,0.719,-99.665
1416.2,53.82,84.9,0.0,1.2,4,485.881,0.693,-100.861
1416.2,54.15,85.0,0.0,0.3,4,483.180,0.656,-102.645
1427.0,54.36,85.0,0.0,-0.1,4,481.364,0.632,-103.833
1427.0,54.68,85.1,0.0,-0.8,4,478.622,0.597,-105.616
1427.0,54.90,85.1,0.0,-1.3,4,476.784,0.574,-106.808
1427.0,55.22,85.2,0.0,-2.7,4,474.014,0.540,-108.607
1438.0,55.43,85.2,0.0,-3.4,4,472.162,0.516,-109.817
1438.0,55.77,85.3,0.0,-3.1,4,469.378,0.483,-111.654
1438.0,55.97,85.4,0.0,-3.2,4,467.521,0.465,-112.896
1438.0,56.31,85.4,0.0,-3.8,4,464.735,0.438,-114.785
1449.6,56.49,85.5,0.0,-4.1,4,462.879,0.421,-116.066
1449.6,56.79,85.5,0.0,-5.1,4,460.100,0.400,-118.020
1449.6,57.06,85.6,0.0,-6.2,4,457.329,0.377,-120.014
1449.6,57.27,85.5,0.0,-6.3,4,455.485,0.353,-121.364
1461.5,57.54,85.6,0.0,-7.0,4,452.732,0.316,-123.434
1461.5,57.71,85.6,0.0,-7.0,4,450.911,0.295,-124.846
1461.5,57.98,85.7,0.0,-6.6,4,448.203,0.269,-127.015
1461.5,58.13,85.7,0.0,-6.4,4,446.414,0.256,-128.496
1473.4,58.42,85.8,0.0,-6.5,4,443.755,0.237,-130.765
1473.4,58.58,85.8,0.0,-6.5,4,441.997,0.223,-132.308
1473.4,58.84,85.9,0.0,-4.7,4,439.386,0.207,-134.672
1473.4,59.02,85.9,0.0,-4.6,4,437.662,0.200,-136.280
1485.7,59.29,85.9,0.0,-4.9,4,435.099,0.191,-138.733
1485.7,59.47,86.0,0.0,-5.1,4,433.403,0.187,-140.396
1485.7,59.73,86.0,0.0,-5.2,4,430.879,0.181,-142.929
1485.7,59.91,86.0,0.0,-4.9,4,429.210,0.175,-144.642
1497.9,60.17,86.1,0.0,-4.5,4,426.727,0.168,-147.251
1497.9,60.42,86.1,0.0,-4.4,4,424.272,0.163,-149.907
1497.9,60.58,86.2,0.0,-4.5,4,422.650,0.161,-151.703
1497.9,60.84,86.2,0.0,-4.8,4,420.242,0.164,-154.435
1510.1,61.00,86.2,0.0,-5.1,0,418.652,0.168,-156.281
1510.1,60.94,84.7,0.0,-4.9,5,416.294,0.173,-159.079
1510.1,61.10,84.7,0.0,-4.6,5,414.742,0.173,-160.962
1510.1,61.33,84.7,0.0,-4.6,5,412.438,0.170,-163.822
1522.3,61.48,84.8,0.0,-4.6,5,410.920,0.166,-165.753
1522.3,61.71,84.9,0.0,-5.3,5,408.670,0.157,-168.684
1522.3,61.86,84.8,0.0,-6.2,5,407.188,0.147,-170.662
1522.3,62.08,84.9,0.0,-5.1,5,404.996,0.133,-173.664
1534.5,62.22,84.9,0.0,-4.2,5,403.556,0.122,-175.691
1534.5,62.45,85.0,0.0,-4.0,5,401.426,0.104,-178.765
1534.5,62.67,85.0,0.0,-3.4,5,399.331,0.082,-181.879
1534.5,62.82,85.0,0.0,-3.0,5,397.954,0.067,-183.977
1546.9,63.05,85.0,0.0,-2.5,5,395.914,0.044,-187.154
1546.9,63.20,85.1,0.0,-2.3,5,394.570,0.030,-189.291
1546.9,63.43,85.1,0.0,-2.2,5,392.575,0.010,-192.524
1546.9,63.58,85.1,0.0,-2.0,5,391.257,-0.000,-194.695
1559.5,63.81,85.2,0.0,-1.5,5,389.296,-0.015,-197.975
1559.5,63.96,85.2,0.0,-1.4,5,387.998,-0.023,-200.175
1559.5,64.19,85.2,0.0,-1.3,5,386.062,-0.033,-203.496
1559.5,64.34,85.2,0.0,-1.9,5,384.777,-0.037,-205.723
1572.3,64.56,85.3,0.0,-1.6,5,382.861,-0.042,-209.081
1572.3,64.71,85.3,0.0,-1.8,5,381.591,-0.046,-211.333
1572.3,64.93,85.4,0.0,-1.1,5,379.697,-0.050,-214.729
1585.3,65.15,85.4,0.0,-0.1,5,377.816,-0.055,-218.148
1585.3,65.30,85.4,0.0,0.0,5,376.567,-0.058,-220.438
1585.3,65.51,85.4,0.0,-0.2,5,374.697,-0.061,-223.888
1585.3,65.65,85.5,0.0,-0.4,5,373.452,-0.062,-226.196
1598.4,65.87,85.5,0.0,-0.5,5,371.583,-0.063,-229.671
1598.4,66.01,85.5,0.0,-0.5,5,370.338,-0.065,-231.996
1598.4,66.22,85.6,0.0,-0.4,5,368.469,-0.068,-235.495
1598.4,66.37,85.6,0.0,-0.5,5,367.223,-0.072,-237.835
1611.6,66.58,85.6,0.0,-0.6,5,365.355,-0.082,-241.359
1611.6,66.72,85.6,0.0,-0.7,5,364.111,-0.088,-243.716
1611.6,66.92,85.7,0.0,-0.8,5,362.245,-0.101,-247.264
1611.6,67.06,85.7,0.0,-0.9,5,361.002,-0.111,-249.637
1625.0,67.27,85.7,0.0,-0.9,5,359.141,-0.125,-253.211
1625.0,67.40,85.7,0.0,-0.9,5,357.903,-0.135,-255.602
1625.0,67.60,85.8,0.0,-0.6,5,356.049,-0.151,-259.203
1625.0,67.80,85.8,0.0,-0.2,5,354.199,-0.166,-262.819
1638.5,67.94,85.8,0.0,-0.4,5,352.968,-0.177,-265.238
1638.5,68.14,85.8,0.0,-0.1,5,351.123,-0.193,-268.879
1638.5,68.26,85.9,0.0,-0.5,5,349.893,-0.204,-271.314
1638.5,68.46,85.9,0.0,-0.8,5,348.049,-0.221,-274.977
1652.1,68.59,85.9,0.0,-0.6,5,346.821,-0.231,-277.427
1652.1,68.79,85.9,0.0,-0.5,5,344.980,-0.249,-281.114
1652.1,68.91,86.0,0.0,-0.3,5,343.755,-0.261,-283.580
1652.1,69.11,86.0,0.0,-0.2,5,341.919,-0.281,-287.292
1665.9,69.23,86.0,0.0,-0.2,5,340.696,-0.295,-289.773
1665.9,69.42,86.0,0.0,-0.1,5,338.863,-0.317,-293.506
1665.9,69.54,86.0,0.0,-0.1,5,337.641,-0.332,-296.002
1665.9,69.72,86.1,0.0,-0.1,5,335.806,-0.356,-299.756
1679.8,69.86,86.0,0.0,-0.1,5,334.581,-0.377,-302.264
1679.8,70.03,86.1,0.0,-0.0,5,332.742,-0.402,-306.036
1679.8,70.21,86.2,0.0,0.0,5,330.901,-0.421,-309.818
1679.8,70.33,86.2,0.0,0.0,5,329.671,-0.436,-312.345
1693.8,70.52,86.2,0.0,-0.0,5,327.823,-0.462,-316.145
1693.8,70.62,86.2,0.0,-0.1,0,326.589,-0.479,-318.683
1693.8,70.53,85.0,0.0,-0.1,6,324.739,-0.504,-322.492
1693.8,70.65,85.0,0.0,-0.1,6,323.505,-0.520,-325.032
1707.9,70.81,85.0,0.0,-0.0,6,321.652,-0.543,-328.850
1707.9,70.93,85.0,0.0,-0.0,6,320.415,-0.559,-331.400
1707.9,71.09,85.1,0.0,-0.1,6,318.557,-0.583,-335.233
1707.9,71.20,85.1,0.0,-0.1,6,317.316,-0.600,-337.794
1722.1,71.37,85.1,0.0,-0.1,6,315.451,-0.624,-341.643
1722.1,71.47,85.1,0.0,-0.1,6,314.207,-0.641,-344.214
1722.1,71.64,85.1,0.0,-0.1,6,312.337,-0.666,-348.079
1722.1,71.74,85.2,0.0,-0.0,6,311.089,-0.682,-350.660
1736.4,71.90,85.2,0.0,-0.1,6,309.215,-0.708,-354.540
1736.4,72.06,85.2,0.0,-0.1,6,307.338,-0.734,-358.429
1736.4,72.17,85.2,0.0,-0.1,6,306.085,-0.752,-361.027
1736.4,72.33,85.2,0.0,-0.1,6,304.203,-0.781,-364.932
1750.8,72.43,85.3,0.0,-0.1,6,302.947,-0.801,-367.540
1750.8,72.59,85.3,0.0,-0.1,6,301.060,-0.833,-371.460
1750.8,72.69,85.3,0.0,-0.0,6,299.801,-0.854,-374.078
1750.8,72.84,85.3,0.0,-0.0,6,297.910,-0.886,-378.012
1765.4,72.95,85.3,0.0,-0.0,6,296.648,-0.909,-380.640
1765.4,73.10,85.3,0.0,-0.0,6,294.752,-0.943,-384.590
1765.4,73.20,85.4,0.0,-0.0,6,293.487,-0.966,-387.227
1765.4,73.34,85.4,0.0,-0.0,6,291.586,-0.998,-391.191
1780.0,73.44,85.4,0.0,0.0,6,290.317,-1.019,-393.838
1780.0,73.60,85.4,0.0,0.0,6,288.411,-1.053,-397.816
1780.0,73.69,85.4,0.0,0.0,6,287.138,-1.075,-400.472
1780.0,73.84,85.4,0.0,0.1,6,285.225,-1.111,-404.463
1794.7,73.98,85.5,0.0,0.1,6,283.308,-1.145,-408.462
1794.7,74.08,85.5,0.0,0.1,6,282.028,-1.163,-411.131
1794.7,74.22,85.5,0.0,0.1,6,280.103,-1.190,-415.142
1794.7,74.32,85.5,0.0,0.2,6,278.818,-1.209,-417.820
1809.5,74.46,85.5,0.0,0.2,6,276.885,-1.238,-421.842
1809.5,74.55,85.6,0.0,0.2,6,275.593,-1.257,-424.528
1809.5,74.69,85.6,0.0,0.2,6,273.651,-1.287,-428.562
1809.5,74.79,85.6,0.0,0.2,6,272.353,-1.307,-431.255
1824.5,74.92,85.6,0.0,0.3,6,270.401,-1.338,-435.299
1824.5,75.01,85.6,0.0,0.3,6,269.096,-1.359,-437.999
1824.5,75.15,85.6,0.0,0.3,6,267.134,-1.389,-442.053
1824.5,75.24,85.7,0.0,0.3,6,265.822,-1.410,-444.759
1854.6,75.81,85.7,0.0,0.3,6,257.210,-1.529,-462.406
1854.6,75.90,85.7,0.0,0.3,6,255.873,-1.547,-465.130
1854.6,76.03,85.7,0.0,0.3,6,253.859,-1.575,-469.218
1854.6,76.11,85.8,0.0,0.3,6,252.512,-1.593,-471.947
1869.8,76.25,85.8,0.0,0.3,6,250.485,-1.620,-476.043
1869.8,76.33,85.8,0.0,0.2,6,249.129,-1.639,-478.776
1869.8,76.45,85.8,0.0,0.2,6,247.088,-1.664,-482.880
1885.0,76.58,85.8,0.0,0.2,6,245.038,-1.688,-486.988
1885.0,76.66,85.8,0.0,0.2,6,243.667,-1.705,-489.729
1885.0,76.78,85.9,0.0,0.2,6,241.605,-1.728,-493.844
1885.0,76.87,85.9,0.0,0.1,6,240.226,-1.743,-496.590
1900.4,76.99,85.9,0.0,0.1,6,238.151,-1.766,-500.713
1900.4,77.07,85.9,0.0,0.2,6,236.764,-1.782,-503.464
1900.4,77.19,85.9,0.0,0.3,6,234.679,-1.806,-507.595
1900.4,77.27,85.9,0.0,0.4,6,233.285,-1.821,-510.352
1915.8,77.39,85.9,0.0,0.3,6,231.190,-1.845,-514.491
1915.8,77.47,86.0,0.0,0.2,6,229.789,-1.860,-517.253
1915.8,77.59,86.0,0.0,0.1,6,227.683,-1.886,-521.400
1915.8,77.66,86.0,0.0,0.1,6,226.275,-1.903,-524.167
1931.3,77.77,86.0,0.0,0.0,6,224.158,-1.928,-528.322
1931.3,77.85,86.0,0.0,-0.0,6,222.743,-1.943,-531.094
1931.3,77.96,86.0,0.0,-0.1,6,220.617,-1.964,-535.256
1931.3,78.08,86.0,0.0,-0.1,6,218.487,-1.987,-539.425
1946.9,78.16,86.0,0.0,-0.2,6,217.066,-2.006,-542.207
1946.9,78.28,86.0,0.0,-0.2,6,214.932,-2.039,-546.387
1946.9,78.35,86.0,0.0,-0.3,6,213.510,-2.065,-549.178
1946.9,78.45,86.1,0.0,-0.3,6,211.376,-2.107,-553.370
1962.6,78.53,86.1,0.0,-0.3,6,209.955,-2.138,-556.169
1962.6,78.64,86.1,0.0,-0.3,6,207.825,-2.184,-560.374
1962.6,78.71,86.1,0.0,-0.3,6,206.406,-2.216,-563.183
1962.6,78.82,86.1,0.0,-0.4,6,204.280,-2.267,-567.403
1978.3,78.88,86.1,0.0,-0.4,6,202.864,-2.301,-570.221
1978.3,78.99,86.1,0.0,-0.4,6,200.743,-2.353,-574.456
1978.3,79.06,86.1,0.0,-0.4,6,199.331,-2.388,-577.283
1978.3,79.17,86.2,0.0,-0.3,6,197.217,-2.443,-581.533
2010.0,79.41,85.1,0.0,0.3,7,187.398,-2.702,-601.450
2010.0,79.47,85.1,0.0,0.3,7,185.997,-2.739,-604.302
2010.0,79.57,85.1,0.0,0.4,7,183.893,-2.798,-608.583
2010.0,79.63,85.1,0.0,0.5,7,182.486,-2.835,-611.440
2025.9,79.73,85.2,0.0,0.7,7,180.369,-2.886,-615.725
2025.9,79.80,85.2,0.0,0.8,7,178.952,-2.922,-618.583
2025.9,79.89,85.2,0.0,0.8,7,176.816,-2.974,-622.871
2025.9,79.94,85.2,0.0,0.7,7,175.384,-3.006,-625.728
2041.9,80.03,85.2,0.0,0.7,7,173.224,-3.047,-630.013
2041.9,80.12,85.2,0.0,0.7,7,171.049,-3.086,-634.297
2041.9,80.18,85.2,0.0,0.8,7,169.590,-3.111,-637.152
2073.9,80.56,85.3,0.0,0.4,7,159.950,-3.229,-655.691
2073.9,80.62,85.3,0.0,0.4,7,158.445,-3.239,-658.542
2073.9,80.70,85.3,0.0,1.4,7,156.178,-3.249,-662.817
2073.9,80.78,85.3,0.0,1.8,7,153.896,-3.254,-667.090
2090.0,80.83,85.3,0.0,1.6,7,152.364,-3.256,-669.936
2090.0,80.91,85.3,0.0,1.2,7,150.046,-3.254,-674.199
2090.0,80.96,85.4,0.0,1.0,7,148.487,-3.250,-677.036
2090.0,81.04,85.4,0.0,1.0,7,146.128,-3.240,-681.284
2106.2,81.09,85.4,0.0,1.0,7,144.542,-3.232,-684.113
2106.2,81.17,85.4,0.0,0.7,7,142.145,-3.215,-688.350
2106.2,81.22,85.4,0.0,0.7,7,140.536,-3.201,-691.171
2106.2,81.29,85.4,0.0,0.5,7,138.109,-3.176,-695.399
2122.3,81.34,85.4,0.0,0.2,7,136.483,-3.156,-698.215
2122.3,81.41,85.4,0.0,0.3,7,134.033,-3.122,-702.439
2122.3,81.46,85.4,0.0,0.4,7,132.395,-3.097,-705.254
2122.3,81.54,85.4,0.0,0.7,7,129.929,-3.056,-709.477
2138.6,81.58,85.4,0.0,0.9,7,128.280,-3.026,-712.292
2138.6,81.65,85.4,0.0,1.1,7,125.797,-2.974,-716.512
2138.6,81.72,85.4,0.0,1.2,7,123.299,-2.916,-720.728
2138.6,81.76,85.5,0.0,1.6,7,121.623,-2.874,-723.535
2154.9,81.80,62.1,16.2,1.0,7,119.091,-2.806,-727.738
2154.9,81.52,6.0,48.2,1.0,7,117.394,-2.757,-730.530
2154.9,80.49,0.0,81.3,1.1,7,114.850,-2.676,-734.676
2154.9,79.63,0.0,88.4,1.1,7,113.164,-2.617,-737.401
2171.0,78.23,0.0,91.5,0.8,7,110.656,-2.527,-741.420
2171.0,77.29,0.0,92.2,0.6,7,108.998,-2.464,-744.054
2171.0,75.86,0.0,91.7,0.6,7,106.534,-2.371,-747.934
2171.0,74.93,0.0,91.9,1.0,7,104.906,-2.308,-750.475
2186.2,73.53,0.0,92.0,1.6,7,102.486,-2.216,-754.217
2186.2,72.59,0.0,91.7,2.0,7,100.887,-2.155,-756.664
2186.2,71.25,0.0,95.9,2.3,0,98.506,-2.070,-760.265
2186.2,70.28,31.9,94.1,1.6,0,96.932,-2.021,-762.620
2200.6,68.86,0.0,91.1,-0.2,6,94.584,-1.944,-766.073
2200.6,67.50,0.0,93.0,0.2,6,92.250,-1.864,-769.434
2200.6,66.56,0.0,91.9,0.5,6,90.705,-1.814,-771.627
2200.6,65.18,0.0,91.0,1.3,6,88.405,-1.739,-774.844
2214.0,64.28,0.0,91.6,1.8,6,86.884,-1.688,-776.940
2214.0,62.92,0.0,91.3,1.5,6,84.620,-1.613,-780.015
2214.0,62.02,0.0,91.3,1.4,0,83.125,-1.565,-782.019
2214.0,60.71,0.0,92.6,1.4,5,80.902,-1.497,-784.957
2226.4,59.81,0.0,92.2,1.4,5,79.432,-1.453,-786.869
2226.4,58.46,0.0,91.4,2.0,5,77.247,-1.390,-789.667
2226.4,57.57,0.0,90.9,2.5,5,75.803,-1.350,-791.485
2226.4,56.24,0.0,90.9,3.1,5,73.653,-1.293,-794.141
2237.9,55.37,0.0,90.7,3.2,5,72.231,-1.257,-795.864
2237.9,54.07,0.0,81.2,2.7,0,70.112,-1.203,-798.374
2237.9,53.30,25.9,74.6,2.3,0,68.706,-1.168,-799.999
2237.9,52.25,0.0,44.9,1.5,4,66.602,-1.116,-802.366
2248.6,51.74,0.0,29.8,1.1,4,65.197,-1.082,-803.899
2248.6,51.20,0.0,19.1,2.5,4,63.071,-1.031,-806.139
2248.6,50.79,0.0,14.8,5.7,4,60.919,-0.980,-808.314
2248.6,50.54,0.0,12.5,7.8,4,59.470,-0.946,-809.731
2258.7,50.21,0.0,11.0,9.5,4,57.274,-0.894,-811.809
2258.7,50.00,0.0,9.5,10.4,4,55.796,-0.859,-813.163
2258.7,49.71,0.0,8.3,10.5,4,53.557,-0.807,-815.146
2258.7,49.52,0.0,7.2,10.7,4,52.048,-0.772,-816.436
2268.6,49.24,0.0,5.7,10.4,4,49.761,-0.722,-818.319
2268.6,49.07,0.0,5.4,10.4,4,48.219,-0.689,-819.539
2268.6,48.81,0.0,3.5,11.5,4,45.878,-0.638,-821.312
2268.6,48.65,0.0,2.3,12.5,4,44.301,-0.605,-822.457
2278.3,48.42,0.8,0.3,13.9,4,41.908,-0.555,-824.117
2278.3,48.28,2.4,0.0,14.5,4,40.296,-0.523,-825.185
2278.3,48.08,4.4,0.0,15.1,4,37.850,-0.475,-826.726
2288.2,47.89,3.9,0.0,15.4,4,35.373,-0.425,-828.194
2288.2,47.76,3.4,0.0,15.7,4,33.705,-0.392,-829.130
2288.2,47.56,1.7,0.6,16.3,4,31.180,-0.344,-830.471
2288.2,47.41,1.4,0.1,16.7,4,29.483,-0.311,-831.324
2298.0,47.20,4.2,0.0,17.1,4,26.917,-0.264,-832.537
2298.0,47.07,5.7,0.0,17.1,4,25.194,-0.231,-833.302
2298.0,46.88,6.3,0.0,17.0,4,22.591,-0.182,-834.382
2298.0,46.75,5.8,0.0,16.8,4,20.844,-0.149,-835.057
2307.8,46.56,3.3,0.0,17.3,4,18.210,-0.099,-836.003
2307.8,46.42,0.4,0.3,17.8,4,16.445,-0.067,-836.592
2307.8,46.21,5.1,0.0,18.4,4,13.790,-0.021,-837.409
2307.8,46.08,3.6,0.0,18.2,4,12.013,0.010,-837.910
2317.4,45.89,6.3,0.0,17.2,4,9.340,0.057,-838.593
2317.4,45.70,3.0,0.0,16.1,4,6.658,0.105,-839.193
2317.4,45.57,3.5,0.0,15.4,4,4.868,0.137,-839.549
2317.4,45.37,1.7,0.0,14.3,4,2.180,0.184,-840.018
2326.9,45.24,2.1,0.3,13.8,4,0.388,0.214,-840.288
2326.9,45.04,0.0,0.5,13.8,4,-2.299,0.259,-840.627
2326.9,44.91,1.2,0.0,13.7,4,-4.088,0.287,-840.812
2326.9,44.72,0.5,0.3,11.9,4,-6.769,0.329,-841.026
2345.8,44.30,0.0,26.1,12.2,4,-20.098,0.509,-841.055
2345.8,43.79,0.0,12.3,12.1,4,-22.736,0.538,-840.875
2345.8,43.60,11.3,0.5,11.1,4,-24.477,0.555,-840.723
2355.2,43.70,79.4,0.0,10.3,4,-27.078,0.579,-840.442
2355.2,43.90,82.0,0.0,10.5,4,-28.815,0.593,-840.220
2355.2,44.20,81.9,0.0,11.6,4,-31.429,0.611,-839.836
2355.2,44.40,82.1,0.0,12.5,4,-33.177,0.623,-839.544
2364.6,44.69,82.3,0.0,14.0,4,-35.803,0.639,-839.053
2364.6,44.99,82.5,0.0,14.6,4,-38.435,0.656,-838.495
2364.6,45.18,82.6,0.0,14.7,4,-40.190,0.667,-838.086
2364.6,45.47,78.9,0.0,14.8,4,-42.825,0.683,-837.415
2373.8,45.64,74.7,0.0,14.8,4,-44.581,0.693,-836.930
2373.8,45.88,75.5,0.0,15.0,4,-47.211,0.706,-836.144
2373.8,46.05,78.4,0.0,15.5,4,-48.962,0.713,-835.582
2373.8,46.31,79.1,0.0,15.3,4,-51.580,0.723,-834.678
2383.5,46.49,79.5,0.0,15.4,4,-53.321,0.730,-834.034
2383.5,46.76,80.4,0.0,15.7,4,-55.922,0.740,-833.008
2383.5,46.94,81.6,0.0,16.0,4,-57.650,0.745,-832.284
2383.5,47.22,83.1,0.0,16.2,4,-60.232,0.749,-831.140
2393.3,47.41,83.4,0.0,16.3,4,-61.946,0.750,-830.338
2393.3,47.70,83.4,0.0,16.3,4,-64.503,0.750,-829.074
2393.3,47.88,83.5,0.0,16.6,4,-66.197,0.749,-828.190
2393.3,48.16,82.5,0.0,17.3,4,-68.723,0.747,-826.804
2403.0,48.42,78.5,0.0,17.8,4,-71.226,0.742,-825.346
2403.0,48.59,79.4,0.0,18.3,4,-72.881,0.737,-824.334
2403.0,48.85,83.1,0.0,19.1,4,-75.341,0.729,-822.757
2403.0,49.03,83.8,0.0,19.1,4,-76.966,0.722,-821.666
2412.8,49.30,83.9,0.0,19.1,4,-79.379,0.711,-819.970
2412.8,49.47,77.5,0.0,19.1,4,-80.971,0.703,-818.801
2412.8,49.66,62.8,0.0,20.0,4,-83.328,0.688,-816.988
2412.8,49.65,21.2,0.0,20.8,4,-84.876,0.678,-815.742
2422.6,49.49,11.6,0.0,22.1,4,-87.151,0.660,-813.827
2422.6,49.38,11.6,0.0,23.2,4,-88.636,0.647,-812.520
2422.6,49.22,11.6,0.0,23.1,4,-90.811,0.626,-810.516
2422.6,49.25,71.5,0.0,21.7,4,-92.230,0.611,-809.151
2432.2,49.51,84.0,0.0,20.3,4,-94.319,0.586,-807.052
2432.2,49.69,84.0,0.0,20.6,4,-95.687,0.568,-805.616
2432.2,49.96,84.1,0.0,20.1,4,-97.700,0.542,-803.407
2441.7,50.23,84.2,0.0,21.2,4,-99.666,0.515,-801.134
2441.7,50.41,84.3,0.0,20.7,4,-100.950,0.495,-799.585
2441.7,50.68,84.3,0.0,19.1,4,-102.835,0.464,-797.210
2441.7,50.86,84.4,0.0,18.2,4,-104.063,0.442,-795.594
2451.4,51.14,84.4,0.0,17.0,4,-105.863,0.407,-793.120
2451.4,51.33,84.5,0.0,15.9,4,-107.035,0.382,-791.440
2451.4,51.61,84.5,0.0,14.5,4,-108.751,0.340,-788.873
2451.4,51.76,84.7,0.0,14.1,4,-109.867,0.310,-787.133
2461.5,52.08,84.6,0.0,9.9,4,-111.504,0.258,-784.484
2461.5,52.25,84.8,0.0,5.9,4,-112.566,0.220,-782.689
2461.5,52.53,84.8,0.0,1.3,4,-114.113,0.161,-779.953
2461.5,52.69,85.0,0.0,-0.6,4,-115.116,0.118,-778.104
2471.8,53.04,84.7,0.0,-3.8,4,-116.583,0.053,-775.293
2471.8,53.25,84.9,0.0,-3.2,4,-117.535,0.010,-773.393
2471.8,53.58,85.0,0.0,-3.6,4,-118.941,-0.066,-770.516
2471.8,53.94,84.9,0.0,-2.5,4,-120.335,-0.150,-767.608
2482.6,54.16,85.0,0.0,-1.3,4,-121.266,-0.208,-765.658
2482.6,54.47,85.0,0.0,-0.0,4,-122.672,-0.295,-762.720
2482.6,54.72,85.0,0.0,0.1,4,-123.620,-0.352,-760.754
2482.6,55.03,85.2,0.0,-1.2,4,-125.055,-0.446,-757.794
2493.7,55.25,85.2,0.0,-2.1,4,-126.021,-0.514,-755.813
2493.7,55.58,85.2,0.0,-2.7,4,-127.489,-0.621,-752.832
2493.7,55.78,85.3,0.0,-2.7,4,-128.482,-0.689,-750.840
2493.7,56.11,85.4,0.0,-2.4,4,-129.996,-0.790,-747.846
2505.2,56.32,85.4,0.0,-3.0,4,-131.021,-0.858,-745.847
2505.2,56.64,85.4,0.0,-2.7,4,-132.585,-0.964,-742.843
2505.2,56.84,85.5,0.0,-3.0,4,-133.647,-1.033,-740.838
2505.2,57.14,85.5,0.0,-2.9,4,-135.268,-1.137,-737.830
2516.8,57.46,85.6,0.0,-1.8,4,-136.922,-1.245,-734.817
2516.8,57.68,85.6,0.0,-1.8,4,-138.042,-1.323,-732.808
2516.8,57.96,85.7,0.0,-0.9,4,-139.748,-1.448,-729.790
2516.8,58.17,85.7,0.0,-2.0,4,-140.901,-1.535,-727.776
2528.5,58.46,85.8,0.0,-2.3,4,-142.656,-1.672,-724.752
2528.5,58.68,85.8,0.0,-2.9,4,-143.842,-1.768,-722.734
2528.5,58.99,85.9,0.0,-2.5,4,-145.649,-1.916,-719.705
2528.5,59.18,85.9,0.0,-1.7,4,-146.872,-2.014,-717.686
2540.4,59.48,85.9,0.0,-1.5,4,-148.734,-2.162,-714.656
2540.4,59.68,86.0,0.0,-1.9,4,-149.991,-2.262,-712.635
2540.4,59.97,86.0,0.0,-2.8,4,-151.901,-2.413,-709.600
2540.4,60.16,86.0,0.0,-2.7,4,-153.191,-2.514,-707.576
2552.5,60.45,86.1,0.0,-2.2,4,-155.153,-2.660,-704.540
2552.5,60.63,86.1,0.0,-1.9,4,-156.479,-2.753,-702.516
2552.5,60.91,86.2,0.0,-1.7,0,-158.495,-2.890,-699.481
2552.5,60.88,84.6,0.0,-1.5,5,-160.535,-3.025,-696.453
2564.8,61.06,84.6,0.0,-1.5,5,-161.908,-3.112,-694.440
2564.8,61.32,84.7,0.0,-1.6,5,-163.989,-3.239,-691.418
2564.8,61.49,84.8,0.0,-1.6,5,-165.391,-3.320,-689.403
2564.8,61.75,84.8,0.0,-1.5,5,-167.514,-3.432,-686.380
2577.1,61.92,84.8,0.0,-1.4,5,-168.944,-3.501,-684.363
2577.1,62.16,84.9,0.0,-1.2,5,-171.109,-3.597,-681.337
2577.1,62.33,84.9,0.0,-1.1,5,-172.565,-3.654,-679.319
2577.1,62.58,85.0,0.0,-0.5,5,-174.770,-3.730,-676.290
2589.7,62.74,85.0,0.0,-0.1,5,-176.252,-3.772,-674.270
2589.7,62.98,85.1,0.0,-0.0,5,-178.490,-3.824,-671.235
2589.7,63.14,85.1,0.0,-0.1,5,-179.991,-3.852,-669.208
2589.7,63.38,85.1,0.0,-0.4,5,-182.252,-3.887,-666.161
2602.4,63.63,85.1,0.0,-0.4,5,-184.526,-3.915,-663.104
2602.4,63.78,85.2,0.0,-0.4,5,-186.048,-3.932,-661.061
2602.4,64.02,85.2,0.0,-0.4,5,-188.343,-3.956,-657.990
2602.4,64.17,85.2,0.0,-0.5,5,-189.879,-3.970,-655.938
2615.2,64.40,85.3,0.0,-0.5,5,-192.195,-3.989,-652.854
2615.2,64.55,85.3,0.0,-0.5,5,-193.747,-4.000,-650.795
2615.2,64.77,85.3,0.0,-0.5,5,-196.085,-4.013,-647.699
2615.2,64.92,85.3,0.0,-0.5,5,-197.652,-4.019,-645.632
2628.1,65.14,85.4,0.0,-0.5,5,-200.012,-4.024,-642.526
2628.1,65.29,85.4,0.0,-0.5,5,-201.594,-4.026,-640.452
2628.1,65.51,85.4,0.0,-0.6,5,-203.978,-4.026,-637.336
2641.1,65.72,85.5,0.0,-0.6,5,-206.376,-4.019,-634.214
2641.1,65.86,85.5,0.0,-0.7,5,-207.982,-4.011,-632.130
2641.1,66.07,85.5,0.0,-0.7,5,-210.404,-3.993,-629.000
2641.1,66.20,85.6,0.0,-0.8,5,-212.026,-3.978,-626.911
2654.3,66.42,85.6,0.0,-1.0,5,-214.474,-3.955,-623.775
2654.3,66.56,85.6,0.0,-1.1,5,-216.115,-3.940,-621.682
2654.3,66.76,85.6,0.0,-1.4,5,-218.592,-3.916,-618.543
2654.3,66.90,85.7,0.0,-1.6,5,-220.254,-3.902,-616.450
2667.5,67.10,85.7,0.0,-1.1,5,-222.765,-3.882,-613.311
2667.5,67.23,85.7,0.0,-1.0,5,-224.451,-3.872,-611.219
2667.5,67.44,85.7,0.0,-0.9,5,-226.996,-3.862,-608.083
2667.5,67.57,85.7,0.0,-1.0,5,-228.705,-3.859,-605.992
2681.0,67.76,83.5,0.0,-0.8,5,-231.285,-3.860,-602.858
2681.0,67.78,21.8,22.6,-0.8,5,-233.881,-3.866,-599.726
2681.0,67.44,0.8,61.5,-0.9,5,-235.615,-3.874,-597.648
2681.0,66.41,0.0,80.5,-0.9,5,-238.197,-3.891,-594.568
2694.5,65.60,0.0,85.9,-0.6,5,-239.899,-3.905,-592.547
2694.5,64.32,0.0,89.1,-0.0,5,-242.419,-3.930,-589.570
2694.5,63.44,0.0,90.0,0.3,5,-244.076,-3.949,-587.622
2694.5,62.12,0.0,90.6,0.3,5,-246.525,-3.982,-584.756
2707.3,61.25,0.0,90.9,0.1,5,-248.133,-4.006,-582.883
2707.3,59.93,0.0,90.8,-0.0,5,-250.507,-4.045,-580.127
2707.3,59.06,0.0,90.9,-0.1,5,-252.064,-4.071,-578.325
2707.3,57.74,0.0,90.7,0.0,5,-254.361,-4.112,-575.676
2719.1,56.88,0.0,90.6,0.0,5,-255.867,-4.139,-573.945
2719.1,55.59,0.0,91.0,-0.0,5,-258.087,-4.180,-571.401
2719.1,54.72,0.0,90.6,-0.1,5,-259.540,-4.207,-569.740
2719.1,53.45,32.6,91.7,-0.4,0,-261.682,-4.247,-567.299
2730.1,52.17,0.0,92.0,-0.8,4,-263.779,-4.288,-564.920
2730.1,51.31,0.0,91.8,-1.0,4,-265.151,-4.316,-563.369
2730.1,50.02,0.0,91.6,-1.5,4,-267.173,-4.357,-561.096
2730.1,49.17,0.0,91.3,-1.8,4,-268.496,-4.384,-559.616
2740.1,47.88,0.0,90.8,-2.0,4,-270.446,-4.423,-557.451
2740.1,47.04,0.0,90.8,-2.1,4,-271.723,-4.448,-556.044
2740.1,45.78,0.0,91.3,-1.9,4,-273.607,-4.483,-553.991
2740.1,44.94,0.0,91.3,-1.9,0,-274.841,-4.506,-552.659
2749.4,43.70,0.0,92.7,-2.4,3,-276.663,-4.539,-550.719
2749.4,42.87,0.0,93.0,-2.4,3,-277.857,-4.561,-549.464
2749.4,41.60,0.0,92.1,-2.2,3,-279.619,-4.593,-547.639
2749.4,40.77,0.0,91.7,-1.8,3,-280.774,-4.614,-546.461
2757.8,39.54,0.0,89.6,-0.4,3,-282.477,-4.643,-544.755
2757.8,38.33,0.0,82.4,0.9,0,-284.149,-4.670,-543.120
2757.8,37.61,37.5,76.9,1.4,0,-285.247,-4.688,-542.070
2757.8,36.57,0.0,71.8,2.2,2,-286.876,-4.713,-540.551
2765.4,35.88,0.0,68.9,2.2,2,-287.949,-4.729,-539.576
2765.4,34.90,0.0,65.5,1.3,2,-289.542,-4.754,-538.169
2765.4,34.25,0.0,64.8,0.5,2,-290.593,-4.769,-537.268
2765.4,33.31,0.0,66.4,-0.8,2,-292.154,-4.792,-535.973
2772.2,32.66,0.0,66.3,-2.0,2,-293.184,-4.806,-535.147
2772.2,31.73,0.0,63.8,-2.8,2,-294.712,-4.826,-533.962
2772.2,31.13,0.0,57.2,-5.5,2,-295.719,-4.839,-533.207
2772.2,30.30,0.0,48.7,-4.2,2,-297.215,-4.858,-532.129
2778.4,29.81,0.0,45.2,-3.7,2,-298.204,-4.869,-531.444
2778.4,29.16,37.9,43.4,-11.3,0,-299.677,-4.885,-530.463
2778.4,28.74,0.0,43.6,-15.7,1,-300.654,-4.895,-529.840
2778.4,28.07,0.0,43.7,-10.0,1,-302.110,-4.908,-528.952
2783.9,27.38,0.0,44.8,-8.0,1,-303.550,-4.920,-528.115
2783.9,26.94,0.0,40.6,-7.9,1,-304.498,-4.928,-527.584
2783.9,26.33,0.0,33.6,-9.1,1,-305.905,-4.938,-526.824
2783.9,25.98,0.0,28.8,-10.3,1,-306.833,-4.944,-526.341
2789.1,25.50,0.0,26.5,-13.2,1,-308.216,-4.952,-525.650
2789.1,25.21,0.0,20.3,-15.4,1,-309.131,-4.957,-525.212
2789.1,24.87,0.0,13.0,-18.4,1,-310.499,-4.962,-524.591
2789.1,24.68,0.0,13.3,-22.5,1,-311.411,-4.965,-524.202
2794.9,24.40,0.0,10.4,-27.6,1,-312.779,-4.968,-523.657
2794.9,24.21,0.0,11.3,-28.9,1,-313.692,-4.968,-523.322
2794.9,23.92,0.0,10.6,-28.8,1,-315.063,-4.968,-522.867
2794.9,23.74,0.0,8.5,-29.2,1,-315.978,-4.967,-522.596
2800.8,23.49,0.0,8.9,-30.1,1,-317.350,-4.963,-522.239
2800.8,23.30,0.0,7.5,-33.7,1,-318.264,-4.959,-522.036
2800.8,23.09,12.2,0.0,-35.3,1,-319.632,-4.949,-521.784
2806.7,23.15,28.7,0.0,-33.5,1,-321.005,-4.939,-521.593
2806.7,23.26,46.1,0.0,-33.6,1,-321.928,-4.931,-521.496
2806.7,23.54,53.0,0.0,-28.6,1,-323.327,-4.924,-521.391
2806.7,23.67,42.1,0.0,-26.2,1,-324.270,-4.924,-521.345
2812.3,23.77,4.8,9.4,-15.7,1,-325.694,-4.927,-521.317
2812.3,23.64,0.0,11.7,-14.9,1,-326.643,-4.931,-521.327
2812.3,23.31,0.0,3.9,-15.6,1,-328.050,-4.932,-521.398
2812.3,23.12,0.7,0.3,-15.6,1,-328.975,-4.928,-521.484
2817.6,22.97,7.1,0.0,-15.0,1,-330.345,-4.918,-521.668
2817.6,22.90,9.3,0.0,-15.7,1,-331.249,-4.911,-521.824
2817.6,22.86,24.2,0.0,-19.1,1,-332.592,-4.902,-522.107
2817.6,22.95,38.7,0.0,-21.9,1,-333.481,-4.896,-522.329
2822.5,23.23,53.5,0.0,-25.8,1,-334.811,-4.886,-522.710
2822.5,23.48,60.4,0.0,-28.2,1,-335.700,-4.878,-522.994
2822.5,23.93,77.5,0.0,-31.1,1,-337.041,-4.865,-523.463
2822.5,24.46,78.3,0.0,-31.4,1,-338.395,-4.850,-523.984
2827.4,24.80,70.7,0.0,-29.6,1,-339.305,-4.838,-524.362
2827.4,25.22,63.9,0.0,-26.0,1,-340.672,-4.820,-524.977
2827.4,25.50,61.7,0.0,-24.5,1,-341.584,-4.806,-525.420
2827.4,25.91,60.9,0.0,-20.8,1,-342.949,-4.785,-526.135
2832.5,26.16,58.7,0.0,-17.1,1,-343.857,-4.770,-526.644
2832.5,26.57,61.2,0.0,-10.7,1,-345.214,-4.749,-527.455
2832.5,26.87,65.3,0.0,-5.9,1,-346.116,-4.734,-528.026
2832.5,27.42,78.3,0.0,1.3,1,-347.472,-4.712,-528.924
2837.9,27.83,79.7,0.0,4.8,1,-348.383,-4.697,-529.548
2837.9,28.48,80.7,0.0,5.3,1,-349.767,-4.675,-530.514
2837.9,28.87,66.7,0.0,9.8,1,-350.704,-4.660,-531.175
2837.9,29.20,38.5,0.0,12.6,1,-352.132,-4.637,-532.174
2843.5,29.31,22.2,0.0,11.8,1,-353.585,-4.614,-533.160
2843.5,29.35,22.5,0.0,10.3,1,-354.565,-4.599,-533.803
2843.5,29.45,30.3,0.0,10.1,1,-356.053,-4.579,-534.749
2843.5,29.56,36.1,0.0,11.3,1,-357.058,-4.566,-535.368
2849.5,29.76,35.9,0.0,13.7,1,-358.587,-4.547,-536.278
2849.5,29.86,31.0,0.0,16.6,1,-359.621,-4.536,-536.870
2849.5,29.94,24.8,0.0,22.1,1,-361.195,-4.521,-537.730
2849.5,29.95,20.9,0.0,24.5,1,-362.259,-4.511,-538.281
2855.6,29.97,21.5,0.0,25.6,1,-363.876,-4.499,-539.067
2855.6,29.94,12.1,0.0,26.8,1,-365.517,-4.488,-539.800
2855.6,29.86,5.4,0.0,27.8,1,-366.623,-4.482,-540.257
2855.6,29.73,10.1,0.0,29.2,1,-368.295,-4.475,-540.890
2861.9,29.66,8.1,0.0,29.1,1,-369.418,-4.471,-541.277
2861.9,29.52,7.7,0.0,29.6,1,-371.113,-4.467,-541.804
2861.9,29.48,27.9,0.0,31.0,1,-372.250,-4.467,-542.120
2861.9,29.61,46.3,0.0,31.3,1,-373.970,-4.468,-542.545
2868.4,29.81,59.7,0.0,31.7,1,-375.132,-4.471,-542.795
2868.4,30.20,72.5,0.0,29.1,1,-376.902,-4.473,-543.120
2868.4,30.43,56.6,0.0,26.6,1,-378.100,-4.471,-543.301
2868.4,30.66,55.3,0.0,24.7,1,-379.919,-4.470,-543.523
2876.2,30.89,62.2,0.0,22.3,1,-381.144,-4.471,-543.640
2876.2,31.05,36.1,0.0,15.0,1,-382.998,-4.474,-543.761
2876.2,31.06,28.8,0.0,13.8,1,-384.240,-4.476,-543.804
2876.2,31.06,16.7,0.0,6.1,1,-386.102,-4.486,-543.818
2883.3,30.93,13.0,0.0,-9.4,1,-387.961,-4.493,-543.756
2883.3,30.85,12.9,0.0,-17.8,1,-389.194,-4.495,-543.674
2883.3,30.76,12.7,0.0,-24.1,1,-391.034,-4.497,-543.499
2883.3,30.72,23.0,0.0,-14.9,1,-392.255,-4.498,-543.353
2891.0,30.92,56.6,0.0,2.8,1,-394.081,-4.501,-543.080
2891.0,31.19,59.0,0.0,14.6,1,-395.303,-4.502,-542.861
2891.0,31.57,60.9,0.0,27.4,1,-397.148,-4.503,-542.485
2891.0,31.82,61.7,0.0,33.4,1,-398.384,-4.503,-542.207
2897.6,32.17,65.2,0.0,36.8,1,-400.247,-4.505,-541.747
2897.6,32.43,63.5,0.0,35.8,1,-401.493,-4.507,-541.408
2897.6,32.73,53.0,0.0,33.9,1,-403.366,-4.513,-540.849
2897.6,32.88,48.7,0.0,32.5,1,-404.612,-4.520,-540.441
2904.0,33.05,41.9,0.0,29.2,1,-406.474,-4.533,-539.774
2904.0,33.14,43.8,0.0,27.9,1,-407.707,-4.543,-539.292
2904.0,33.25,34.5,0.0,25.6,1,-409.540,-4.560,-538.514
2910.3,33.30,33.6,0.0,22.5,1,-411.350,-4.582,-537.672
2910.3,33.34,38.1,0.0,20.9,1,-412.542,-4.598,-537.075
2910.3,33.43,35.6,0.0,19.4,1,-414.307,-4.624,-536.128
2910.3,33.50,42.0,0.0,18.3,1,-415.467,-4.642,-535.461
2916.7,33.65,47.9,0.0,17.2,1,-417.182,-4.671,-534.406
2916.7,33.79,54.4,0.0,17.0,1,-418.310,-4.690,-533.668
2916.7,34.05,57.9,0.0,16.6,1,-419.979,-4.718,-532.505
2916.7,34.26,62.5,0.0,15.8,1,-421.077,-4.737,-531.693
2923.2,34.35,0.0,0.0,14.0,0,-422.700,-4.765,-530.423
2923.2,34.47,79.1,0.0,13.8,2,-423.758,-4.783,-529.545
2923.2,34.96,84.0,0.0,12.0,2,-425.324,-4.808,-528.174
2923.2,35.30,84.4,0.0,9.8,2,-426.358,-4.824,-527.224
2930.0,35.83,84.7,0.0,6.0,2,-427.896,-4.847,-525.747
2930.0,36.16,84.8,0.0,4.0,2,-428.912,-4.862,-524.728
2930.0,36.71,84.9,0.0,1.4,2,-430.426,-4.884,-523.154
2930.0,37.25,85.0,0.0,1.5,2,-431.932,-4.904,-521.525
2937.3,37.62,85.0,0.0,2.7,2,-432.933,-4.918,-520.413
2937.3,38.16,85.2,0.0,4.1,2,-434.436,-4.937,-518.708
2937.3,38.51,85.3,0.0,5.1,2,-435.439,-4.950,-517.550
2937.3,39.03,85.4,0.0,6.8,2,-436.946,-4.969,-515.779
2944.8,39.38,85.5,0.0,7.9,2,-437.951,-4.981,-514.576
2944.8,39.85,84.7,0.0,8.9,2,-439.453,-4.999,-512.734
2944.8,40.19,82.6,0.0,9.3,2,-440.449,-5.011,-511.481
2944.8,40.63,80.1,0.0,9.0,2,-441.930,-5.029,-509.562
2952.7,40.93,83.4,0.0,9.2,2,-442.906,-5.041,-508.256
2952.7,41.39,86.1,0.0,9.3,2,-444.350,-5.057,-506.255
2952.7,41.68,86.2,0.0,9.4,2,-445.300,-5.065,-504.892
2952.7,42.00,0.0,0.0,9.7,0,-446.700,-5.075,-502.806
2960.8,41.98,84.2,0.0,9.8,3,-447.611,-5.083,-501.396
2960.8,42.36,84.5,0.0,9.4,3,-448.944,-5.091,-499.247
2960.8,42.77,84.6,0.0,9.0,3,-450.243,-5.096,-497.049
2960.8,43.05,84.6,0.0,8.4,3,-451.089,-5.098,-495.556
2969.1,43.48,84.7,0.0,8.2,3,-452.328,-5.100,-493.275
2969.1,43.75,84.8,0.0,8.6,3,-453.132,-5.101,-491.727
2969.1,44.14,85.0,0.0,9.0,3,-454.304,-5.107,-489.368
2969.1,44.40,85.0,0.0,9.0,3,-455.063,-5.112,-487.769
2977.6,44.81,85.0,0.0,10.2,3,-456.166,-5.119,-485.331
2977.6,45.08,85.1,0.0,11.2,3,-456.876,-5.125,-483.680
2977.6,45.47,85.2,0.0,12.1,3,-457.906,-5.138,-481.167
2977.6,45.73,85.2,0.0,12.4,3,-458.568,-5.149,-479.468
2986.3,46.12,85.3,0.0,12.7,3,-459.522,-5.167,-476.884
2986.3,46.36,85.4,0.0,12.6,3,-460.131,-5.182,-475.138
2986.3,46.74,85.5,0.0,11.9,3,-461.003,-5.208,-472.486
2986.3,46.99,85.6,0.0,11.2,3,-461.554,-5.227,-470.695
2995.3,47.35,85.7,0.0,10.8,3,-462.334,-5.257,-467.975
2995.3,47.71,85.7,0.0,10.6,3,-463.056,-5.290,-465.218
2995.3,47.95,85.8,0.0,10.8,3,-463.505,-5.314,-463.358
2995.3,48.31,85.9,0.0,11.2,3,-464.127,-5.352,-460.540
3004.7,48.54,85.9,0.0,11.5,3,-464.508,-5.379,-458.641
3004.7,48.89,86.0,0.0,11.6,3,-465.027,-5.421,-455.766
3004.7,49.12,86.0,0.0,10.0,3,-465.336,-5.448,-453.831
3004.7,49.47,86.0,0.0,8.4,3,-465.745,-5.490,-450.902
3014.3,49.72,86.1,0.0,8.1,3,-465.983,-5.517,-448.934
3014.3,50.07,86.1,0.0,8.4,3,-466.288,-5.557,-445.957
3014.3,50.31,86.1,0.0,8.9,3,-466.458,-5.585,-443.957
3014.3,50.66,86.2,0.0,11.2,0,-466.667,-5.626,-440.937
3024.2,50.62,0.0,0.0,12.3,0,-466.773,-5.653,-438.914
3024.2,50.82,84.3,0.0,12.9,4,-466.878,-5.694,-435.875
3024.2,51.12,84.4,0.0,12.8,4,-466.916,-5.734,-432.818
3024.2,51.31,84.5,0.0,12.6,4,-466.902,-5.760,-430.770
3045.3,52.53,84.8,0.0,10.6,4,-465.982,-5.902,-417.312
3045.3,52.72,84.8,0.0,10.8,4,-465.709,-5.918,-415.225
3045.3,52.99,84.9,0.0,11.3,4,-465.235,-5.940,-412.090
3056.7,53.28,84.9,0.0,12.1,4,-464.685,-5.960,-408.951
3056.7,53.47,84.9,0.0,12.9,4,-464.279,-5.974,-406.855
3056.7,53.74,85.0,0.0,13.5,4,-463.616,-6.003,-403.709
3056.7,53.93,85.1,0.0,13.4,4,-463.138,-6.027,-401.610
3068.0,54.18,85.1,0.0,13.5,4,-462.356,-6.065,-398.463
3068.0,54.35,85.1,0.0,13.6,4,-461.789,-6.088,-396.368
3068.0,54.59,85.2,0.0,14.3,4,-460.866,-6.118,-393.234
3068.0,54.76,85.2,0.0,14.4,4,-460.203,-6.134,-391.150
3079.3,55.02,85.2,0.0,14.2,4,-459.140,-6.154,-388.034
3079.3,55.19,85.3,0.0,13.3,4,-458.388,-6.167,-385.963
3079.3,55.45,85.3,0.0,11.8,4,-457.196,-6.187,-382.865
3079.3,55.63,85.3,0.0,10.4,4,-456.359,-6.199,-380.808
3090.3,55.89,85.4,0.0,8.5,4,-455.039,-6.216,-377.736
3090.3,56.06,85.4,0.0,7.6,4,-454.115,-6.225,-375.696
3090.3,56.33,85.4,0.0,7.3,4,-452.669,-6.234,-372.651
3090.3,56.61,85.5,0.0,6.5,4,-451.157,-6.244,-369.620
3101.4,56.80,85.5,0.0,5.7,4,-450.114,-6.252,-367.606
3101.4,57.08,85.5,0.0,4.8,4,-448.503,-6.266,-364.594
3101.4,57.27,85.6,0.0,4.5,4,-447.398,-6.275,-362.593
3101.4,57.55,85.7,0.0,4.5,4,-445.695,-6.288,-359.599
3112.7,57.74,85.7,0.0,4.6,4,-444.532,-6.297,-357.609
3112.7,58.02,85.7,0.0,4.8,4,-442.747,-6.310,-354.630
3112.7,58.20,85.7,0.0,4.8,4,-441.531,-6.318,-352.650
3112.7,58.48,85.8,0.0,5.0,4,-439.666,-6.327,-349.688
3124.2,58.67,85.8,0.0,4.8,4,-438.397,-6.334,-347.719
3124.2,58.94,85.9,0.0,4.5,4,-436.454,-6.346,-344.774
3124.2,59.12,85.9,0.0,4.1,4,-435.132,-6.353,-342.819
3124.2,59.39,85.9,0.0,3.5,4,-433.108,-6.363,-339.896
3136.0,59.57,86.0,0.0,3.3,4,-431.733,-6.367,-337.955
3136.0,59.84,86.0,0.0,2.3,4,-429.632,-6.370,-335.054
3136.0,60.11,86.0,0.0,1.8,4,-427.491,-6.369,-332.162
3136.0,60.28,86.1,0.0,1.5,4,-426.044,-6.365,-330.239
3148.0,60.55,86.1,0.0,1.2,4,-423.846,-6.356,-327.357
3148.0,60.73,86.1,0.0,0.9,4,-422.365,-6.348,-325.436
3148.0,60.99,86.2,0.0,0.4,4,-420.126,-6.335,-322.553
3148.0,61.16,86.2,0.0,0.0,0,-418.622,-6.326,-320.629
3160.2,61.11,84.7,0.0,-0.4,5,-416.357,-6.311,-317.744
3160.2,61.28,84.7,0.0,-0.6,5,-414.844,-6.302,-315.820
3160.2,61.52,84.8,0.0,-0.7,5,-412.567,-6.286,-312.925
3160.2,61.68,84.8,0.0,-0.7,5,-411.046,-6.275,-310.987
3172.6,61.91,84.8,0.0,-0.7,5,-408.760,-6.258,-308.069
3172.6,62.08,84.9,0.0,-0.7,5,-407.235,-6.246,-306.114
3172.6,62.31,84.9,0.0,-0.7,5,-404.945,-6.228,-303.168
3172.6,62.47,84.9,0.0,-0.6,5,-403.419,-6.215,-301.194
3185.0,62.70,85.0,0.0,-0.5,5,-401.128,-6.196,-298.219
3185.0,62.93,85.0,0.0,-0.3,5,-398.836,-6.176,-295.228
3185.0,63.09,85.0,0.0,-0.4,5,-397.308,-6.162,-293.224
3185.0,63.32,85.1,0.0,-0.4,5,-395.013,-6.142,-290.205
3197.6,63.47,85.1,0.0,-0.5,5,-393.482,-6.128,-288.184
3197.6,63.71,85.1,0.0,-0.4,5,-391.184,-6.107,-285.139
3197.6,63.85,85.2,0.0,-0.4,5,-389.651,-6.094,-283.101
3197.6,64.08,85.2,0.0,-0.2,5,-387.348,-6.075,-280.031
3210.3,64.23,85.2,0.0,-0.2,5,-385.812,-6.062,-277.976
3210.3,64.44,85.3,0.0,-0.3,5,-383.504,-6.037,-274.882
3210.3,64.60,85.3,0.0,-0.3,5,-381.963,-6.019,-272.812
3210.3,64.82,85.3,0.0,-0.2,5,-379.647,-5.991,-269.697
3223.2,64.96,85.4,0.0,-0.1,5,-378.101,-5.972,-267.612
3223.2,65.19,85.4,0.0,-0.2,5,-375.778,-5.945,-264.475
3223.2,65.40,85.4,0.0,-0.2,5,-373.448,-5.918,-261.326
3223.2,65.54,85.4,0.0,-0.1,5,-371.893,-5.900,-259.220
3236.3,65.75,85.5,0.0,0.1,5,-369.554,-5.868,-256.051
3236.3,65.89,85.5,0.0,0.2,5,-367.992,-5.845,-253.932
3236.3,66.10,85.5,0.0,0.3,5,-365.642,-5.810,-250.746
3236.3,66.24,85.5,0.0,0.4,5,-364.071,-5.786,-248.616
3249.5,66.44,85.6,0.0,0.3,5,-361.707,-5.748,-245.414
3249.5,66.58,85.6,0.0,0.3,5,-360.125,-5.721,-243.275
3249.5,66.79,85.6,0.0,0.3,5,-357.744,-5.680,-240.060
3249.5,66.92,85.7,0.0,0.2,5,-356.151,-5.651,-237.913
3262.8,67.13,85.7,0.0,0.1,5,-353.751,-5.608,-234.687
3262.8,67.26,85.7,0.0,0.0,5,-352.145,-5.580,-232.532
3262.8,67.46,85.7,0.0,-0.0,5,-349.727,-5.539,-229.295
3262.8,67.59,85.8,0.0,0.0,5,-348.109,-5.514,-227.132
3276.3,67.79,85.8,0.0,0.0,5,-345.675,-5.480,-223.882
3276.3,67.98,85.8,0.0,0.1,5,-343.231,-5.441,-220.624
3276.3,68.11,85.8,0.0,0.1,5,-341.598,-5.413,-218.447
3289.9,68.30,85.9,0.0,0.1,5,-339.140,-5.369,-215.176
3289.9,68.43,85.9,0.0,0.1,5,-337.497,-5.338,-212.991
3289.9,68.62,85.9,0.0,0.1,5,-335.027,-5.291,-209.705
3289.9,68.75,85.9,0.0,-0.0,5,-333.375,-5.259,-207.511
3303.6,68.93,86.0,0.0,-0.1,5,-330.892,-5.211,-204.211
3303.6,69.05,86.0,0.0,-0.1,5,-329.233,-5.180,-202.006
3303.6,69.23,86.0,0.0,-0.1,5,-326.739,-5.128,-198.692
3303.6,69.35,86.0,0.0,-0.1,5,-325.073,-5.093,-196.477
3317.4,69.54,86.0,0.0,-0.1,5,-322.570,-5.038,-193.147
3317.4,69.65,86.1,0.0,-0.2,5,-320.898,-5.001,-190.922
3317.4,69.83,86.1,0.0,-0.2,5,-318.387,-4.944,-187.576
3317.4,69.95,86.1,0.0,-0.2,5,-316.710,-4.907,-185.339
3331.4,70.12,86.1,0.0,-0.2,5,-314.191,-4.851,-181.977
3331.4,70.29,86.1,0.0,-0.2,5,-311.668,-4.795,-178.604
3331.4,70.41,86.2,0.0,-0.2,5,-309.984,-4.758,-176.350
3331.4,70.58,86.2,0.0,-0.3,5,-307.455,-4.703,-172.961
3345.5,70.69,86.2,0.0,-0.2,5,-305.767,-4.666,-170.696
3345.5,70.66,0.0,0.0,-0.2,0,-303.234,-4.609,-167.293
3345.5,70.69,85.0,0.0,-0.2,6,-301.548,-4.569,-165.025
3345.5,70.85,85.0,0.0,-0.2,6,-299.017,-4.510,-161.616
3359.6,70.96,85.0,0.0,-0.2,6,-297.329,-4.470,-159.338
3359.6,71.11,85.1,0.0,-0.3,6,-294.793,-4.410,-155.913
3359.6,71.21,85.1,0.0,-0.3,6,-293.101,-4.370,-153.624
3359.6,71.37,85.1,0.0,-0.3,6,-290.561,-4.308,-150.183
3373.9,71.47,85.1,0.0,-0.2,6,-288.867,-4.267,-147.884
3373.9,71.63,85.1,0.0,-0.0,6,-286.323,-4.205,-144.427
3373.9,71.73,85.1,0.0,-0.0,6,-284.626,-4.164,-142.116
3373.9,71.88,85.2,0.0,-0.1,6,-282.077,-4.103,-138.644
3388.2,72.03,85.2,0.0,-0.0,6,-279.525,-4.042,-135.162
3388.2,72.13,85.2,0.0,0.1,6,-277.820,-4.002,-132.837
3388.2,72.28,85.2,0.0,0.1,6,-275.260,-3.940,-129.343
3388.2,72.38,85.3,0.0,0.1,6,-273.550,-3.898,-127.010
3402.7,72.53,85.3,0.0,0.1,6,-270.979,-3.835,-123.505
3402.7,72.63,85.3,0.0,0.0,6,-269.262,-3.793,-121.165
3402.7,72.77,85.3,0.0,-0.1,6,-266.682,-3.729,-117.648
3402.7,72.87,85.3,0.0,-0.2,6,-264.959,-3.686,-115.301
3417.3,73.01,85.3,0.0,-0.3,6,-262.371,-3.622,-111.772
3417.3,73.11,85.3,0.0,-0.3,6,-260.643,-3.578,-109.416
3417.3,73.25,85.4,0.0,-0.5,6,-258.050,-3.510,-105.874
3417.3,73.39,85.4,0.0,-0.3,6,-255.457,-3.440,-102.321
3446.6,74.03,85.5,0.0,-0.0,6,-243.361,-3.126,-85.603
3446.6,74.11,85.5,0.0,0.4,6,-241.632,-3.083,-83.197
3446.6,74.25,85.5,0.0,0.9,6,-239.037,-3.019,-79.582
3461.5,74.34,85.5,0.0,1.2,6,-237.303,-2.977,-77.169
3461.5,74.47,85.5,0.0,0.6,6,-234.693,-2.913,-73.549
3461.5,74.55,85.6,0.0,1.0,6,-232.944,-2.869,-71.136
3461.5,74.68,85.6,0.0,1.8,6,-230.307,-2.805,-67.519
3476.4,74.77,64.9,0.0,2.7,6,-227.649,-2.740,-63.908
3476.4,74.62,14.3,37.3,3.1,6,-225.864,-2.694,-61.511
3476.4,73.78,0.0,64.2,3.6,6,-223.180,-2.625,-57.954
3476.4,73.08,0.0,69.4,3.5,6,-221.393,-2.579,-55.622
3491.2,71.97,0.0,64.9,3.4,6,-218.714,-2.508,-52.191
3491.2,71.28,0.0,59.9,3.4,6,-216.928,-2.463,-49.949
3491.2,70.29,0.0,52.6,3.6,6,-214.243,-2.396,-46.657
3491.2,69.68,0.0,45.3,4.8,6,-212.446,-2.353,-44.510
3505.3,68.89,0.0,35.2,3.0,6,-209.733,-2.287,-41.360
3505.3,68.43,0.0,28.8,1.8,6,-207.910,-2.244,-39.306
3505.3,67.83,0.0,27.1,2.1,6,-205.153,-2.178,-36.287
3505.3,67.45,0.0,23.5,2.5,6,-203.300,-2.134,-34.315
3518.8,66.93,0.0,22.6,3.8,6,-200.502,-2.068,-31.412
3518.8,66.43,0.0,22.6,5.0,6,-197.684,-2.004,-28.571
3518.8,66.09,0.0,22.5,5.0,6,-195.796,-1.962,-26.711
3518.8,65.47,0.0,56.0,4.5,6,-192.948,-1.899,-23.974
3531.9,64.85,0.0,54.2,4.3,6,-191.046,-1.856,-22.191
3531.9,64.10,0.0,22.4,4.0,6,-188.192,-1.791,-19.581
3531.9,63.76,0.0,24.0,4.2,6,-186.282,-1.750,-17.881
3531.9,63.26,0.0,24.7,5.2,6,-183.401,-1.693,-15.385
3544.6,62.92,0.0,22.8,6.6,6,-181.472,-1.660,-13.757
3544.6,62.42,0.0,29.4,9.0,6,-178.564,-1.617,-11.373
3544.6,62.04,0.0,31.1,9.8,6,-176.615,-1.593,-9.823
3544.6,61.45,0.0,23.9,9.4,6,-173.677,-1.563,-7.564
3569.7,59.10,0.0,23.3,7.5,5,-160.680,-1.454,1.216
3569.7,58.53,0.0,22.0,6.2,5,-157.624,-1.409,2.983
3569.7,58.14,0.0,20.2,6.4,5,-154.553,-1.359,4.661
3582.0,57.92,0.0,19.8,7.5,5,-152.503,-1.340,5.751
3582.0,57.38,0.0,14.1,10.1,5,-149.426,-1.331,7.338
3582.0,56.99,0.0,8.3,11.6,5,-147.370,-1.319,8.341
3582.0,56.55,0.0,1.3,6.7,5,-144.276,-1.295,9.768
3594.4,56.36,7.5,0.0,4.5,5,-142.204,-1.275,10.665
3594.4,56.22,42.2,0.0,11.5,5,-139.075,-1.245,11.936
3594.4,56.25,78.0,0.0,17.2,5,-136.974,-1.225,12.735
3594.4,56.38,63.3,0.0,23.9,5,-133.790,-1.196,13.867
3606.3,56.39,47.3,0.0,25.1,5,-131.649,-1.177,14.575
3606.3,56.30,27.1,0.0,27.6,5,-128.416,-1.148,15.568
3606.3,56.21,27.6,0.0,28.6,5,-126.253,-1.130,16.185
3606.3,56.11,37.9,0.0,27.2,5,-122.995,-1.104,17.047
3617.9,56.09,52.6,0.0,27.3,5,-120.815,-1.086,17.577
3617.9,56.11,57.9,0.0,24.7,5,-117.529,-1.058,18.303
3617.9,56.12,61.8,0.0,23.8,5,-115.328,-1.040,18.741
3617.9,56.17,62.9,0.0,20.9,5,-112.011,-1.013,19.328
3629.4,56.21,62.9,0.0,21.3,5,-108.677,-0.987,19.826
3629.4,56.27,76.1,0.0,21.2,5,-106.445,-0.967,20.107
3629.4,56.39,70.8,0.0,20.3,5,-103.084,-0.937,20.456
3629.4,56.44,65.9,0.0,20.0,5,-100.835,-0.917,20.639
3640.6,56.55,76.7,0.0,15.5,5,-97.452,-0.886,20.842
3640.6,56.66,83.3,0.0,12.3,5,-95.190,-0.864,20.929
3640.6,56.86,83.9,0.0,7.2,5,-91.785,-0.830,20.992
3640.6,57.01,83.8,0.0,3.8,5,-89.508,-0.806,20.991
3651.9,57.25,83.9,0.0,0.3,5,-86.082,-0.769,20.932
3651.9,57.41,83.9,0.0,-0.3,5,-83.790,-0.743,20.860
3651.9,57.66,83.9,0.0,0.8,5,-80.342,-0.703,20.721
3651.9,57.84,84.0,0.0,1.9,5,-78.035,-0.676,20.614
3663.4,58.08,84.0,0.0,3.0,5,-74.562,-0.634,20.437
3663.4,58.33,84.1,0.0,3.3,5,-71.076,-0.589,20.240
3663.4,58.49,84.1,0.0,3.6,5,-68.745,-0.559,20.094
3663.4,58.73,84.2,0.0,3.7,5,-65.237,-0.514,19.850
3675.1,58.89,84.2,0.0,3.9,5,-62.892,-0.482,19.666
3675.1,59.13,84.3,0.0,4.7,5,-59.366,-0.431,19.357
3675.1,59.28,84.3,0.0,5.5,5,-57.010,-0.396,19.128
3675.1,59.52,84.4,0.0,5.0,5,-53.467,-0.344,18.746
3686.9,59.67,84.4,0.0,4.6,5,-51.101,-0.310,18.464
3686.9,59.90,84.5,0.0,3.0,5,-47.544,-0.260,18.001
3686.9,60.05,84.5,0.0,1.2,5,-45.169,-0.228,17.666
3686.9,60.30,84.5,0.0,-0.8,5,-41.600,-0.181,17.129
3698.8,60.46,84.5,0.0,-1.6,5,-39.215,-0.151,16.754
3698.8,60.69,84.2,0.0,-2.3,5,-35.627,-0.107,16.180
3698.8,60.85,84.6,0.0,-2.7,5,-33.227,-0.078,15.796
3698.8,61.09,84.7,0.0,-3.2,5,-29.614,-0.038,15.231
3711.0,61.33,84.7,0.0,-3.8,5,-25.983,-0.003,14.685
3711.0,61.48,84.7,0.0,-4.2,5,-23.552,0.017,14.338
3711.0,61.71,84.8,0.0,-4.7,5,-19.891,0.044,13.846
3711.0,61.84,84.9,0.0,-5.0,5,-17.439,0.061,13.541
3723.3,62.05,84.9,0.0,-5.4,5,-13.746,0.085,13.125
3723.3,62.21,84.9,0.0,-5.5,5,-11.273,0.102,12.876
3723.3,62.43,85.0,0.0,-6.0,5,-7.549,0.127,12.549
3723.3,62.55,85.0,0.0,-6.4,5,-5.057,0.143,12.362
3735.8,62.78,85.0,0.0,-6.2,5,-1.305,0.165,12.132
3735.8,62.91,85.0,0.0,-6.1,5,1.206,0.182,12.015
3735.8,63.12,85.1,0.0,-5.7,5,4.984,0.211,11.896
3748.5,63.32,85.1,0.0,-5.5,5,8.776,0.248,11.845
3748.5,63.46,85.1,0.0,-5.7,5,11.311,0.274,11.847
3748.5,63.66,85.2,0.0,-5.6,5,15.124,0.316,11.903
3748.5,63.81,85.2,0.0,-5.8,5,17.672,0.346,11.975
3761.6,64.01,85.2,0.0,-5.9,5,21.502,0.395,12.137
3761.6,64.15,85.3,0.0,-5.9,5,24.061,0.431,12.281
3761.6,64.35,85.3,0.0,-5.7,5,27.905,0.490,12.553
3761.6,64.48,85.3,0.0,-5.6,5,30.472,0.531,12.771
3775.0,64.70,85.4,0.0,-6.7,5,34.328,0.590,13.147
3775.0,64.84,85.3,0.0,-8.6,5,36.903,0.623,13.427
3775.0,65.03,85.4,0.0,-10.1,5,40.770,0.669,13.903
3775.0,65.15,85.4,0.0,-10.1,5,43.348,0.703,14.263
3788.4,65.32,85.4,0.0,-9.3,5,47.214,0.756,14.866
3788.4,65.50,85.5,0.0,-8.2,5,51.079,0.811,15.547
3788.4,65.62,85.5,0.0,-8.2,5,53.653,0.847,16.045
3788.4,65.80,85.5,0.0,-8.6,5,57.510,0.900,16.857
3802.0,65.90,85.5,0.0,-8.5,5,60.077,0.937,17.444
3802.0,66.06,85.5,0.0,-8.1,5,63.920,0.994,18.393
3802.0,66.15,85.7,0.0,-7.9,5,66.476,1.032,19.069
3802.0,66.31,85.4,0.0,-7.5,5,70.300,1.089,20.150
3815.7,66.45,85.0,0.0,-7.2,5,72.843,1.126,20.913
3815.7,66.60,85.4,0.0,-7.1,5,76.644,1.183,22.126
3815.7,66.67,85.1,0.0,-7.4,5,79.168,1.221,22.980
3815.7,66.82,84.9,0.0,-7.6,5,82.940,1.279,24.327
3829.4,66.95,85.3,0.0,-7.6,5,85.444,1.317,25.269
3829.4,67.09,85.3,0.0,-7.7,5,89.181,1.374,26.748
3829.4,67.17,84.3,0.0,-7.8,5,91.659,1.414,27.780
3829.4,67.31,85.4,0.0,-8.2,5,95.356,1.475,29.394
3842.9,67.46,85.8,0.0,-8.3,5,99.026,1.536,31.088
3842.9,67.55,85.6,0.0,-8.2,5,101.458,1.579,32.261
3842.9,67.70,85.7,0.0,-8.1,5,105.081,1.643,34.085
3842.9,67.79,85.7,0.0,-7.9,5,107.480,1.686,35.344
3856.4,67.93,85.9,0.0,-7.7,5,111.054,1.750,37.295
3856.4,68.03,85.9,0.0,-7.7,5,113.418,1.792,38.636
3856.4,68.17,85.9,0.0,-7.6,5,116.938,1.856,40.711
3856.4,68.27,85.6,0.0,-7.6,5,119.265,1.899,42.135
3869.9,68.41,85.9,0.0,-7.8,5,122.727,1.960,44.331
3869.9,68.51,85.9,0.0,-7.9,5,125.016,2.000,45.833
3869.9,68.64,86.0,0.0,-7.8,5,128.419,2.058,48.144
3869.9,68.74,86.0,0.0,-7.7,5,130.667,2.096,49.724
3883.5,68.88,86.0,0.0,-7.8,5,134.007,2.149,52.150
3883.5,68.98,86.0,0.0,-7.7,5,136.212,2.183,53.804
3883.5,69.11,86.0,0.0,-7.5,5,139.485,2.231,56.342
3883.5,69.25,86.0,0.0,-7.5,5,142.716,2.274,58.946
3897.3,69.34,86.0,0.0,-7.5,5,144.848,2.298,60.717
3897.3,69.49,85.7,0.0,-6.7,5,148.012,2.328,63.425
3897.3,69.50,46.0,6.3,-5.4,5,150.097,2.343,65.264
3897.3,69.17,0.0,41.5,-3.2,5,153.177,2.363,68.064
3911.2,68.64,0.0,57.3,-1.1,5,155.192,2.374,69.947
3911.2,67.76,0.0,74.3,-0.4,5,158.151,2.389,72.777
3911.2,67.06,0.0,76.9,-0.2,5,160.080,2.398,74.662
3911.2,65.88,0.0,80.1,-0.2,5,162.912,2.413,77.475
3924.6,64.65,0.0,80.4,0.3,5,165.669,2.427,80.259
3924.6,63.84,0.0,77.1,1.7,5,167.469,2.437,82.095
3924.6,62.66,0.0,79.5,3.5,5,170.122,2.454,84.812
3924.6,61.89,0.0,78.3,3.1,5,171.864,2.465,86.594
3937.2,60.75,0.0,72.9,1.1,5,174.445,2.483,89.220
3937.2,59.99,0.0,68.8,0.5,5,176.146,2.495,90.936
3937.2,58.92,0.0,73.2,1.1,5,178.672,2.513,93.458
3937.2,58.23,0.0,71.4,1.1,5,180.339,2.524,95.106
3949.1,57.20,0.0,33.2,0.3,5,182.816,2.541,97.529
3949.1,56.83,39.1,66.6,-1.4,5,184.454,2.552,99.116
3949.1,55.98,0.0,70.6,-2.4,5,186.894,2.569,101.468
3949.1,55.28,0.0,70.6,-2.3,5,188.497,2.578,103.013
3960.4,54.24,0.0,69.4,-1.4,5,190.860,2.590,105.299
3960.4,53.55,0.0,69.5,-0.6,5,192.407,2.596,106.802
3960.4,52.52,32.5,70.1,0.3,0,194.683,2.607,109.028
3971.0,51.51,0.0,69.4,0.7,4,196.909,2.619,111.219
3971.0,50.83,0.0,69.5,0.8,4,198.366,2.627,112.658
3971.0,49.80,0.0,69.0,0.7,4,200.514,2.641,114.782
3971.0,49.12,0.0,69.4,1.0,4,201.921,2.652,116.174
3981.0,48.12,0.0,67.8,1.4,4,203.999,2.672,118.224
3981.0,47.44,0.0,71.1,1.8,4,205.364,2.686,119.564
3981.0,46.42,0.0,71.4,2.1,4,207.381,2.710,121.531
3981.0,45.73,0.0,71.6,2.5,4,208.707,2.726,122.814
3990.2,44.70,0.0,72.9,3.4,4,210.667,2.750,124.692
3990.2,44.01,0.0,74.3,3.8,4,211.957,2.766,125.912
3990.2,42.96,36.7,79.7,4.2,0,213.867,2.788,127.693
3990.2,42.23,0.0,81.4,4.3,3,215.123,2.802,128.846
3998.8,41.10,0.0,78.5,4.0,3,216.982,2.820,130.522
3998.8,40.36,0.0,70.7,3.9,3,218.204,2.830,131.601
3998.8,39.35,0.0,65.8,3.4,3,220.014,2.844,133.166
3998.8,38.40,0.0,64.0,3.3,3,221.804,2.855,134.664
4006.7,37.77,0.0,61.3,3.7,3,222.987,2.861,135.626
4006.7,36.89,0.0,57.4,4.3,3,224.746,2.868,137.016
4006.7,36.33,0.0,53.4,5.9,3,225.909,2.872,137.907
4006.7,35.56,35.5,51.8,8.5,0,227.643,2.876,139.191
4013.9,35.05,0.0,49.6,9.5,2,228.792,2.878,140.014
4013.9,34.31,0.0,40.1,9.7,2,230.506,2.878,141.195
4013.9,33.89,0.0,36.0,10.0,2,231.644,2.877,141.948
4013.9,33.33,0.0,28.9,10.9,2,233.348,2.875,143.028
4020.7,32.99,0.0,25.5,11.6,2,234.483,2.872,143.715
4020.7,32.54,0.0,22.2,12.4,2,236.187,2.867,144.697
4020.7,32.27,0.0,18.7,13.1,2,237.324,2.863,145.320
4020.7,31.91,0.0,14.6,14.2,2,239.033,2.855,146.206
4027.0,31.62,0.0,9.6,15.1,2,240.749,2.847,147.037
4027.0,31.46,0.0,6.4,15.9,2,241.898,2.841,147.560
4027.0,31.25,0.0,4.9,17.4,2,243.628,2.832,148.298
4027.0,31.12,0.0,9.4,18.5,2,244.787,2.826,148.759
4033.0,30.89,0.0,3.3,19.5,2,246.533,2.816,149.403
4033.0,30.78,3.7,0.9,19.8,2,247.701,2.810,149.799
4033.0,30.62,0.0,4.2,20.6,2,249.461,2.800,150.345
4033.0,30.47,0.0,10.7,21.2,2,250.638,2.793,150.675
4038.9,30.19,0.0,10.9,18.2,2,252.403,2.782,151.118
4038.9,30.01,0.0,14.1,16.0,2,253.579,2.774,151.380
4038.9,29.70,0.0,18.7,13.6,2,255.337,2.761,151.724
4038.9,29.46,0.0,18.0,13.0,2,256.504,2.753,151.922
4045.1,29.12,0.0,18.0,13.9,2,258.244,2.743,152.172
4045.1,28.88,0.0,21.2,15.2,0,259.396,2.737,152.309
4045.1,28.53,0.0,18.6,20.6,1,261.111,2.728,152.473
4045.1,28.17,0.0,11.4,23.7,1,262.810,2.720,152.580
4051.3,27.96,0.0,19.7,24.8,1,263.932,2.715,152.618
4051.3,27.56,0.0,10.8,25.6,1,265.598,2.709,152.625
4051.3,27.37,0.0,1.4,25.7,1,266.697,2.706,152.594
4051.3,27.16,0.0,8.6,25.8,1,268.330,2.703,152.493
4057.6,26.99,0.0,4.5,26.1,1,269.408,2.702,152.390
4057.6,26.81,3.9,0.0,27.9,1,271.009,2.701,152.185
4057.6,26.70,3.6,2.7,29.0,1,272.066,2.701,152.013
4057.6,26.50,3.3,0.8,29.6,1,273.632,2.702,151.705
4065.2,26.41,7.1,0.0,29.9,1,274.663,2.703,151.464
4065.2,26.25,1.4,6.6,29.2,1,276.188,2.708,151.050
4065.2,26.11,0.7,1.1,30.2,1,277.188,2.713,150.741
4065.2,25.96,5.2,0.0,32.3,1,278.663,2.721,150.227
4071.7,25.92,36.6,0.0,46.4,1,279.629,2.728,149.850
4071.7,25.91,25.0,1.6,68.6,1,281.057,2.740,149.235
4071.7,25.83,15.9,0.0,76.1,1,282.455,2.753,148.560
4071.7,25.70,10.6,0.0,80.8,1,283.365,2.766,148.074
4078.1,25.50,10.5,0.0,81.4,1,284.691,2.788,147.300
4078.1,25.38,10.4,0.0,77.3,1,285.549,2.804,146.753
4078.1,25.20,10.4,0.0,70.7,1,286.796,2.831,145.889
4078.1,25.09,10.3,0.0,73.9,1,287.602,2.849,145.286
4085.1,24.93,10.2,0.0,83.5,1,288.770,2.876,144.344
4085.1,24.80,10.2,0.0,82.3,1,289.521,2.893,143.692
4085.1,24.62,10.2,0.0,74.1,1,290.604,2.920,142.680
4085.1,24.50,10.1,0.0,72.4,1,291.297,2.938,141.984
4090.4,24.34,10.1,0.0,75.3,1,292.292,2.966,140.908
4090.4,24.23,10.1,0.0,77.7,1,292.925,2.985,140.171
4090.4,24.06,10.0,0.0,64.2,1,293.827,3.013,139.039
4090.4,23.97,10.0,0.0,49.0,1,294.398,3.032,138.266
4095.4,24.02,61.0,0.0,24.3,1,295.209,3.059,137.080
4095.4,24.50,58.1,0.0,-0.8,1,295.988,3.087,135.853
4095.4,24.83,72.8,0.0,-9.8,1,296.505,3.104,135.013
4100.3,25.40,74.3,0.0,-9.3,1,297.291,3.131,133.729
4100.3,25.74,68.7,0.0,-4.4,1,297.826,3.150,132.858
4100.3,26.22,64.8,0.0,2.4,1,298.645,3.178,131.533
4100.3,26.53,62.5,0.0,5.6,1,299.198,3.196,130.635
4110.8,28.89,71.1,0.0,11.9,1,303.052,3.312,123.924
4110.8,29.40,68.5,0.0,11.7,1,303.845,3.333,122.367
4110.8,29.72,68.6,0.0,11.7,1,304.361,3.347,121.303
4110.8,30.22,68.7,0.0,12.0,1,305.115,3.366,119.672
4116.6,30.54,69.1,0.0,12.4,1,305.603,3.378,118.560
4116.6,31.03,71.3,0.0,12.7,1,306.309,3.395,116.855
4116.6,31.36,72.5,0.0,12.7,1,306.764,3.406,115.693
4116.6,31.84,73.1,0.0,12.8,1,307.417,3.421,113.915
4122.8,32.33,74.8,0.0,11.5,1,308.034,3.434,112.092
4122.8,32.65,74.8,0.0,10.2,1,308.423,3.444,110.853
4122.8,33.15,76.3,0.0,8.7,1,308.973,3.458,108.958
4122.8,33.47,78.7,0.0,8.4,1,309.316,3.467,107.672
4129.4,33.96,75.9,0.0,8.3,1,309.794,3.482,105.707
4129.4,34.28,76.5,0.0,8.3,1,310.087,3.493,104.374
4129.4,34.44,0.0,0.0,8.0,0,310.484,3.510,102.348
4129.4,34.58,69.4,0.0,11.3,2,310.715,3.523,100.989
4136.2,34.85,41.0,0.0,11.7,2,311.016,3.544,98.927
4136.2,34.94,34.5,0.0,10.0,2,311.187,3.558,97.542
4136.2,34.93,5.8,23.6,8.3,2,311.403,3.582,95.455
4136.2,34.64,0.0,40.5,6.8,2,311.522,3.598,94.068
4143.1,33.96,0.0,52.7,4.0,2,311.669,3.625,92.013
4143.1,33.43,0.0,59.4,2.2,2,311.751,3.644,90.667
4143.1,32.56,0.0,65.0,-0.3,2,311.855,3.675,88.688
4149.6,31.62,0.0,67.0,-2.5,2,311.944,3.706,86.763
4149.6,30.99,0.0,68.3,-3.4,2,312.000,3.727,85.511
4149.6,30.03,0.0,68.9,-4.8,2,312.083,3.759,83.681
4149.6,29.39,37.4,68.9,-6.4,0,312.141,3.779,82.493
4155.4,28.46,0.0,56.3,-8.6,1,312.238,3.809,80.758
4155.4,27.90,0.0,44.5,-9.8,1,312.311,3.828,79.633
4155.4,27.26,0.0,25.9,-11.9,1,312.441,3.856,77.983
4155.4,26.97,0.0,15.5,-13.5,1,312.544,3.873,76.903
4160.7,26.65,0.0,13.7,-15.9,1,312.726,3.897,75.304
4160.7,26.46,0.0,11.7,-15.8,1,312.867,3.912,74.251
4160.7,26.19,0.0,10.2,-14.7,1,313.108,3.932,72.690
4160.7,26.02,0.0,12.0,-14.4,1,313.289,3.944,71.661
4165.9,25.75,0.0,11.7,-15.1,1,313.588,3.962,70.137
4165.9,25.57,0.0,11.3,-16.1,1,313.806,3.973,69.134
4165.9,25.30,0.0,15.4,-17.7,1,314.161,3.987,67.649
4165.9,25.00,0.0,15.8,-18.1,1,314.551,4.001,66.191
4170.9,24.79,0.0,14.8,-18.9,1,314.830,4.009,65.234
4170.9,24.49,0.0,12.8,-20.7,1,315.277,4.020,63.825
4170.9,24.30,0.0,11.3,-21.9,1,315.595,4.027,62.902
4170.9,24.03,0.0,10.8,-22.9,1,316.104,4.035,61.544
4175.7,23.86,0.0,9.4,-23.8,1,316.465,4.040,60.657
4175.7,23.62,0.0,6.8,-25.5,1,317.039,4.045,59.353
4175.7,23.48,0.0,5.0,-26.6,1,317.444,4.048,58.502
4175.7,23.29,0.0,5.3,-27.8,1,318.087,4.051,57.254
4180.3,23.17,0.0,5.0,-28.8,1,318.538,4.052,56.441
4180.3,22.98,0.0,3.7,-29.7,1,319.248,4.051,55.253
4180.3,22.86,0.0,3.1,-29.9,1,319.744,4.050,54.482
4180.3,22.70,0.0,1.9,-30.0,1,320.522,4.047,53.357
4184.6,22.59,0.0,4.8,-30.2,1,321.062,4.044,52.629
4184.6,22.40,0.0,5.3,-30.8,1,321.902,4.037,51.572
4184.6,22.21,0.0,5.9,-30.5,1,322.777,4.030,50.560
4184.6,22.07,0.0,10.5,-30.1,1,323.379,4.024,49.910
4188.9,21.80,0.0,13.9,-30.0,1,324.307,4.015,48.975
4188.9,21.61,0.0,13.3,-30.2,1,324.940,4.009,48.380
4188.9,21.30,0.0,21.7,-31.4,1,325.908,3.999,47.530
4188.9,21.04,0.0,23.0,-32.4,1,326.563,3.992,46.993
4192.9,20.70,0.0,5.3,-33.8,1,327.557,3.980,46.232
4192.9,20.57,1.6,0.2,-35.6,1,328.230,3.972,45.754
4192.9,20.58,39.9,0.0,-43.0,1,329.262,3.958,45.079
4192.9,20.77,59.2,0.0,-46.7,1,329.970,3.948,44.653
4197.0,21.14,65.9,0.0,-48.1,1,331.068,3.934,44.045
4197.0,21.36,46.9,0.0,-48.4,1,331.826,3.924,43.660
4197.0,21.64,57.1,0.0,-38.5,1,332.996,3.908,43.120
4197.0,21.80,38.0,0.0,-33.8,1,333.798,3.898,42.787
4201.5,22.07,50.7,0.0,-28.3,1,335.031,3.883,42.330
4201.5,22.43,62.6,0.0,-26.2,1,336.299,3.867,41.919
4201.5,22.72,65.6,0.0,-25.2,1,337.167,3.857,41.671
4201.5,23.13,59.7,0.0,-25.7,1,338.500,3.844,41.336
4206.6,23.39,56.6,0.0,-27.1,1,339.409,3.834,41.139
4206.6,23.73,52.6,0.0,-30.8,1,340.799,3.822,40.885
4206.6,23.94,48.0,0.0,-33.7,1,341.741,3.814,40.744
4206.6,24.20,47.2,0.0,-41.1,1,343.175,3.802,40.578
4212.1,24.37,50.1,0.0,-47.0,1,344.143,3.795,40.497
4212.1,24.48,18.5,0.0,-57.0,1,345.608,3.784,40.424
4212.1,24.44,14.7,0.0,-63.9,1,346.586,3.777,40.408
4212.1,24.34,14.9,0.0,-67.2,1,348.049,3.767,40.438
4218.0,24.27,11.4,0.0,-74.1,1,349.020,3.762,40.492
4218.0,24.11,10.1,0.0,-72.2,1,350.465,3.755,40.628
4218.0,24.00,10.0,0.0,-69.3,1,351.419,3.751,40.755
4218.0,23.87,10.0,0.0,-71.4,1,352.835,3.747,40.999
4224.9,23.71,10.0,0.0,-73.9,1,354.229,3.744,41.307
4224.9,23.61,9.9,0.0,-68.7,1,355.144,3.742,41.547
4224.9,23.48,12.0,0.0,-66.5,1,356.497,3.740,41.957
4224.9,23.41,12.2,0.0,-67.5,1,357.383,3.739,42.264
4230.5,23.28,10.1,0.0,-65.7,1,358.688,3.739,42.773
4230.5,23.19,10.4,0.0,-61.3,1,359.541,3.740,43.143
4230.5,23.09,13.9,0.0,-54.4,1,360.792,3.742,43.745
4230.5,23.10,33.2,0.0,-50.5,1,361.609,3.744,44.176
4235.6,23.35,57.0,0.0,-44.2,1,362.815,3.748,44.871
4235.6,23.60,68.9,0.0,-37.4,1,363.611,3.752,45.367
4235.6,24.07,63.5,0.0,-26.7,1,364.799,3.760,46.162
4235.6,24.36,68.6,0.0,-19.6,1,365.587,3.765,46.725
4240.6,24.85,67.8,0.0,-11.2,1,366.762,3.774,47.617
4240.6,25.20,69.1,0.0,-8.1,1,367.544,3.781,48.241
4240.6,25.72,67.2,0.0,-7.8,1,368.717,3.790,49.217
4245.7,26.20,64.7,0.0,-10.8,1,369.891,3.800,50.239
4245.7,26.51,63.4,0.0,-12.6,1,370.673,3.807,50.945
4245.7,26.96,62.6,0.0,-14.7,1,371.846,3.816,52.039
4245.7,27.24,56.2,0.0,-17.2,1,372.625,3.823,52.791
4250.8,27.64,62.0,0.0,-21.3,1,373.786,3.831,53.957
4250.8,27.92,61.6,0.0,-22.1,1,374.552,3.837,54.762
4250.8,28.36,63.6,0.0,-18.4,1,375.686,3.844,56.011
4250.8,28.66,64.2,0.0,-15.0,1,376.432,3.849,56.873
4256.3,29.10,55.3,0.0,-11.8,1,377.536,3.856,58.208
4256.3,29.31,42.6,0.0,-11.1,1,378.261,3.860,59.124
4256.3,29.51,33.3,0.0,-12.0,1,379.327,3.866,60.530
4256.3,29.61,32.8,0.0,-12.8,1,380.022,3.870,61.486
4262.0,29.82,42.5,0.0,-13.6,1,381.044,3.876,62.945
4262.0,30.12,52.4,0.0,-14.7,1,382.044,3.880,64.439
4262.0,30.37,60.5,0.0,-14.6,1,382.698,3.882,65.455
4262.0,30.81,65.7,0.0,-14.1,1,383.661,3.885,67.016
4267.9,31.12,67.0,0.0,-14.2,1,384.291,3.888,68.082
4267.9,31.60,69.9,0.0,-12.8,1,385.216,3.891,69.719
4267.9,31.93,70.9,0.0,-11.5,1,385.819,3.893,70.836
4267.9,32.43,71.4,0.0,-9.9,1,386.704,3.896,72.551
4274.1,32.76,72.3,0.0,-9.3,1,387.281,3.899,73.719
4280.7,35.06,76.7,0.0,-7.7,1,391.055,3.900,82.426
4280.7,35.26,0.0,0.0,-7.3,0,391.557,3.896,83.742
4280.7,35.40,69.8,0.0,-6.7,2,392.282,3.889,85.730
4287.6,35.70,71.1,0.0,-5.9,2,392.751,3.884,87.072
4287.6,36.14,74.1,0.0,-5.5,2,393.436,3.876,89.114
4287.6,36.45,72.5,0.0,-5.5,2,393.880,3.873,90.495
4287.6,36.90,72.9,0.0,-5.4,2,394.530,3.868,92.596
4302.2,39.07,71.3,0.0,-3.4,2,397.682,3.854,104.331
4302.2,39.34,71.5,0.0,-3.3,2,398.041,3.853,105.857
4309.8,39.75,72.3,0.0,-3.3,2,398.567,3.850,108.170
4309.8,40.16,72.6,0.0,-3.5,2,399.078,3.848,110.511
4309.8,40.42,72.9,0.0,-3.5,2,399.411,3.845,112.088
4309.8,40.83,73.5,0.0,-3.8,2,399.898,3.841,114.475
4317.8,41.09,73.8,0.0,-4.0,2,400.213,3.839,116.083
4317.8,41.50,75.0,0.0,-4.3,2,400.672,3.834,118.517
4317.8,41.76,75.4,0.0,-4.5,2,400.968,3.832,120.155
4317.8,42.17,76.6,0.0,-4.8,2,401.394,3.828,122.636
4326.0,42.44,80.0,0.0,-4.9,2,401.665,3.826,124.305
4326.0,42.58,0.0,0.0,-5.0,0,402.052,3.822,126.829
4326.0,42.72,73.7,0.0,-4.7,3,402.292,3.819,128.517
4326.0,43.07,70.3,0.0,-4.6,3,402.631,3.814,131.067
4334.5,43.29,69.1,0.0,-4.8,3,402.842,3.810,132.781
4334.5,43.62,69.2,0.0,-5.1,3,403.133,3.804,135.372
4334.5,43.83,69.3,0.0,-5.3,3,403.312,3.801,137.111
4334.5,44.15,69.6,0.0,-5.3,3,403.554,3.796,139.739
4343.1,44.48,69.9,0.0,-5.5,3,403.765,3.790,142.389
4343.1,44.69,70.1,0.0,-5.6,3,403.889,3.786,144.168
4343.1,45.02,70.3,0.0,-5.7,3,404.046,3.779,146.854
4343.1,45.23,70.6,0.0,-5.6,3,404.131,3.775,148.657
4352.0,45.55,70.8,0.0,-5.8,3,404.228,3.769,151.378
4352.0,45.76,71.2,0.0,-6.2,3,404.272,3.766,153.203
4352.0,46.08,71.4,0.0,-6.7,3,404.306,3.760,155.958
4352.0,46.29,71.9,0.0,-6.9,3,404.307,3.757,157.805
4361.1,46.61,72.4,0.0,-7.2,3,404.272,3.751,160.591
4361.1,46.82,72.6,0.0,-7.5,3,404.224,3.747,162.459
4361.1,47.13,73.2,0.0,-8.2,3,404.112,3.741,165.274
4361.1,47.34,73.4,0.0,-8.3,3,404.012,3.736,167.160
4370.4,47.64,74.0,0.0,-8.4,3,403.816,3.729,170.002
4370.4,47.85,74.1,0.0,-8.4,3,403.656,3.725,171.905
4370.4,48.15,74.5,0.0,-6.7,3,403.368,3.719,174.770
4370.4,48.46,74.7,0.0,-5.8,3,403.029,3.711,177.648
4379.9,48.67,74.9,0.0,-5.8,3,402.774,3.705,179.573
4379.9,48.98,75.3,0.0,-6.6,3,402.349,3.697,182.471
4379.9,49.18,75.8,0.0,-7.2,3,402.039,3.691,184.409
4379.9,49.49,76.1,0.0,-7.5,3,401.532,3.683,187.325
4389.8,49.69,76.8,0.0,-7.6,3,401.164,3.678,189.274
4389.8,49.99,77.1,0.0,-7.4,3,400.568,3.672,192.203
4389.8,50.19,77.8,0.0,-7.7,3,400.139,3.669,194.160
4389.8,50.49,78.2,0.0,-8.2,3,399.449,3.664,197.100
4400.2,50.68,78.2,0.0,-8.2,3,398.955,3.662,199.062
4400.2,50.74,0.0,0.0,-10.2,0,398.165,3.661,202.003
4400.2,50.80,65.5,0.0,-11.3,4,397.604,3.661,203.954
4400.2,50.94,47.1,0.0,-12.8,4,396.710,3.660,206.872
4411.0,51.03,66.9,0.0,-14.1,4,396.079,3.658,208.811
4411.0,51.24,72.1,0.0,-13.7,4,395.074,3.655,211.710
4411.0,51.42,72.0,0.0,-11.7,4,393.986,3.663,214.590
4411.0,51.58,71.9,0.0,-10.5,4,393.220,3.672,216.502
4422.1,51.81,71.8,0.0,-9.3,4,392.014,3.681,219.359
4422.1,51.93,71.8,0.0,-8.6,4,391.172,3.683,221.254
4422.1,52.12,72.0,0.0,-9.2,4,389.844,3.687,224.078
4422.1,52.24,72.1,0.0,-10.3,4,388.912,3.692,225.946
4433.1,52.45,72.1,0.0,-12.6,4,387.451,3.701,228.725
4433.1,52.59,72.2,0.0,-14.1,4,386.438,3.705,230.565
4433.1,52.80,72.3,0.0,-15.1,4,384.865,3.707,233.307
4433.1,52.93,72.4,0.0,-14.7,4,383.779,3.707,235.121
4443.7,53.13,72.6,0.0,-12.4,4,382.094,3.706,237.820
4443.7,53.27,72.6,0.0,-10.3,4,380.933,3.707,239.603
4443.7,53.48,72.5,0.0,-7.7,4,379.132,3.709,242.251
4443.7,53.62,72.4,0.0,-6.7,4,377.894,3.711,243.999
4454.2,53.84,72.4,0.0,-6.1,4,375.984,3.718,246.595
4454.2,53.99,72.5,0.0,-6.4,4,374.677,3.723,248.311
4454.2,54.22,72.7,0.0,-6.5,4,372.673,3.730,250.864
4464.9,54.45,73.0,0.0,-6.1,4,370.617,3.738,253.394
4464.9,54.61,73.1,0.0,-5.7,4,369.220,3.744,255.068
4464.9,54.84,73.3,0.0,-5.2,4,367.084,3.753,257.562
4464.9,55.00,73.3,0.0,-5.4,4,365.635,3.758,259.213
4475.7,55.23,73.5,0.0,-5.4,4,363.425,3.765,261.672
4475.7,55.38,73.7,0.0,-5.3,4,361.927,3.769,263.299
4475.7,55.62,75.0,0.0,-5.3,4,359.642,3.775,265.720
4475.7,55.78,76.2,0.0,-4.6,4,358.094,3.779,267.322
4486.8,56.03,78.2,0.0,-3.6,4,355.736,3.782,269.707
4486.8,56.20,79.5,0.0,-3.3,4,354.142,3.782,271.286
4486.8,56.47,80.2,0.0,-3.5,4,351.716,3.783,273.640
4486.8,56.64,79.4,0.0,-3.7,4,350.077,3.784,275.199
4498.1,56.91,82.5,0.0,-4.4,4,347.588,3.787,277.523
4498.1,57.09,84.8,0.0,-4.0,4,345.908,3.789,279.064
4498.1,57.38,85.6,0.0,-3.3,4,343.357,3.791,281.362
4498.1,57.67,85.6,0.0,-2.1,4,340.767,3.793,283.643
4509.6,57.87,85.7,0.0,-1.7,4,339.021,3.793,285.156
4509.6,58.15,85.7,0.0,-1.1,4,336.374,3.793,287.416
4509.6,58.34,85.7,0.0,-0.7,4,334.593,3.793,288.917
4509.6,58.63,85.8,0.0,-0.4,4,331.899,3.793,291.164
4521.2,58.82,85.8,0.0,-0.3,4,330.090,3.792,292.662
4521.2,59.11,85.9,0.0,-0.1,4,327.360,3.789,294.912
4521.2,59.30,85.9,0.0,0.1,4,325.530,3.788,296.415
4521.2,59.57,85.9,0.0,0.3,4,322.773,3.788,298.675
4533.0,59.75,86.0,0.0,0.4,4,320.928,3.789,300.188
4533.0,60.03,86.0,0.0,0.4,4,318.149,3.787,302.466
4533.0,60.21,86.0,0.0,0.4,4,316.291,3.786,303.992
4533.0,60.48,86.1,0.0,0.5,4,313.495,3.789,306.291
4545.0,60.65,86.1,0.0,0.5,4,311.626,3.793,307.832
4545.0,60.92,86.2,0.0,0.6,4,308.814,3.799,310.155
4545.0,61.18,86.2,0.0,0.6,0,305.995,3.804,312.492
4545.0,61.13,0.0,0.0,0.5,0,304.114,3.808,314.057
4557.2,61.29,84.7,0.0,0.5,5,301.296,3.817,316.408
4557.2,61.45,84.7,0.0,0.6,5,299.414,3.822,317.984
4557.2,61.69,84.8,0.0,0.6,5,296.585,3.828,320.360
4557.2,61.86,84.8,0.0,0.6,5,294.696,3.831,321.953
4569.5,62.10,84.9,0.0,0.5,5,291.858,3.834,324.355
4569.5,62.26,84.9,0.0,0.5,5,289.963,3.832,325.965
4569.5,62.50,84.9,0.0,0.5,5,287.115,3.826,328.392
4569.5,62.65,84.9,0.0,0.5,5,285.213,3.822,330.019
4582.0,62.89,85.0,0.0,0.5,5,282.356,3.816,332.472
4582.0,63.03,85.1,0.0,0.6,5,280.448,3.810,334.116
4582.0,63.28,85.0,0.0,0.3,5,277.581,3.800,336.593
4582.0,63.42,85.1,0.0,0.3,5,275.667,3.800,338.253
4594.7,63.65,85.1,0.0,0.3,5,272.790,3.800,340.753
4594.7,63.88,85.2,0.0,0.4,5,269.905,3.803,343.266
4594.7,64.04,85.2,0.0,0.3,5,267.978,3.805,344.948
4594.7,64.26,85.2,0.0,0.1,5,265.081,3.810,347.482
4607.5,64.41,85.3,0.0,0.0,5,263.145,3.814,349.177
4607.5,64.63,85.3,0.0,-0.0,5,260.235,3.824,351.730
4607.5,64.78,85.3,0.0,0.0,5,258.290,3.831,353.437
4607.5,65.00,85.3,0.0,0.1,5,255.365,3.843,356.006
4620.4,65.14,85.4,0.0,0.1,5,253.410,3.852,357.724
4620.4,65.36,85.4,0.0,0.0,5,250.470,3.862,360.308
4620.4,65.51,85.4,0.0,-0.0,5,248.504,3.870,362.037
4620.4,65.72,85.5,0.0,0.1,5,245.549,3.885,364.637
4633.5,65.86,85.5,0.0,0.1,5,243.573,3.893,366.375
4633.5,66.08,85.5,0.0,0.1,5,240.602,3.902,368.989
4633.5,66.22,85.5,0.0,0.0,5,238.616,3.908,370.737
4633.5,66.43,85.6,0.0,0.0,5,235.630,3.915,373.367
4646.7,66.63,85.6,0.0,0.1,5,232.635,3.918,376.005
4646.7,66.77,85.6,0.0,0.1,5,230.633,3.919,377.769
4646.7,66.98,85.7,0.0,0.0,5,227.623,3.918,380.421
4646.7,67.11,85.7,0.0,0.0,5,225.612,3.916,382.195
4660.1,67.32,85.7,0.0,-0.0,5,222.587,3.911,384.862
4660.1,67.45,85.7,0.0,0.0,5,220.566,3.908,386.645
4660.1,67.65,85.8,0.0,0.0,5,217.527,3.903,389.326
4660.1,67.78,85.8,0.0,0.1,5,215.497,3.901,391.118
4673.6,67.98,85.8,0.0,0.1,5,212.443,3.895,393.813
4673.6,68.12,85.8,0.0,0.0,5,210.403,3.890,395.614
4673.6,68.31,85.9,0.0,0.0,5,207.335,3.882,398.323
4673.6,68.44,85.9,0.0,0.0,5,205.285,3.878,400.133
4687.2,68.63,85.9,0.0,0.1,5,202.204,3.873,402.856
4687.2,68.76,85.9,0.0,0.0,5,200.145,3.869,404.675
4687.2,68.95,86.0,0.0,0.1,5,197.049,3.864,407.411
4701.0,69.14,86.0,0.0,0.1,5,193.946,3.860,410.155
4701.0,69.27,86.0,0.0,0.1,5,191.873,3.857,411.988
4701.0,69.45,86.0,0.0,0.0,5,188.756,3.851,414.746
4701.0,69.58,86.0,0.0,0.0,5,186.674,3.848,416.588
4728.9,70.36,86.1,0.0,0.1,5,173.062,3.831,428.653
4728.9,70.47,86.2,0.0,0.1,5,170.956,3.827,430.523
4728.9,70.65,86.2,0.0,0.1,5,167.792,3.821,433.336
4728.9,70.76,86.2,0.0,0.1,0,165.679,3.818,435.215
4743.0,70.66,85.0,0.0,0.1,6,162.510,3.816,438.036
4743.0,70.77,85.0,0.0,0.1,6,160.398,3.816,439.918
4743.0,70.94,85.0,0.0,0.1,6,157.226,3.816,442.747
4743.0,71.04,85.0,0.0,0.1,6,155.107,3.816,444.638
4757.2,71.20,85.1,0.0,0.1,6,151.925,3.820,447.480
4757.2,71.42,85.1,0.0,0.1,6,147.672,3.826,451.282
4757.2,71.58,85.1,0.0,0.1,6,144.476,3.829,454.143
4757.2,71.69,85.1,0.0,0.0,6,142.342,3.830,456.055
4771.5,71.84,85.2,0.0,0.0,6,139.136,3.834,458.928
4771.5,71.94,85.2,0.0,0.0,6,136.996,3.837,460.848
4771.5,72.10,85.2,0.0,0.0,6,133.780,3.839,463.734
4785.9,72.25,85.2,0.0,0.1,6,130.557,3.841,466.627
4785.9,72.36,85.2,0.0,0.0,6,128.406,3.842,468.560
4785.9,72.50,85.3,0.0,0.0,6,125.173,3.845,471.464
4785.9,72.61,85.3,0.0,0.1,6,123.015,3.846,473.403
4800.4,72.76,85.3,0.0,0.1,6,119.771,3.847,476.318
4800.4,72.86,85.3,0.0,0.1,6,117.606,3.847,478.265
4800.4,73.01,85.3,0.0,-0.0,6,114.351,3.847,481.190
4800.4,73.11,85.3,0.0,-0.1,6,112.179,3.846,483.144
4815.0,73.25,85.4,0.0,-0.0,6,108.914,3.844,486.080
4815.0,73.35,85.4,0.0,-0.0,6,106.734,3.841,488.040
4815.0,73.50,85.4,0.0,-0.0,6,103.458,3.833,490.985
4815.0,73.60,85.4,0.0,0.0,6,101.270,3.828,492.952
4829.7,73.74,85.4,0.0,0.0,6,97.983,3.819,495.907
4829.7,73.88,85.5,0.0,0.0,6,94.690,3.810,498.867
4829.7,73.98,85.5,0.0,0.0,6,92.490,3.802,500.843
4829.7,74.12,85.5,0.0,0.0,6,89.186,3.787,503.812
4844.5,74.31,85.5,0.0,-0.0,6,84.770,3.765,507.781
4844.5,74.40,85.5,0.0,0.0,6,82.558,3.752,509.768
4844.5,74.54,85.5,0.0,-0.0,6,79.235,3.733,512.755
4844.5,74.63,85.6,0.0,-0.0,6,77.016,3.719,514.749
4859.4,74.77,85.6,0.0,-0.0,6,73.683,3.698,517.744
4859.4,74.86,85.6,0.0,-0.0,6,71.457,3.684,519.744
4859.4,75.00,85.6,0.0,-0.0,6,68.112,3.662,522.747
4859.4,75.08,85.6,0.0,-0.1,6,65.879,3.647,524.752
4874.3,75.22,85.6,0.0,-0.1,6,62.523,3.622,527.764
4874.3,75.36,85.7,0.0,-0.1,6,59.161,3.595,530.780
4874.3,75.44,85.7,0.0,-0.0,6,56.916,3.575,532.793
4889.4,75.58,85.7,0.0,-0.0,6,53.542,3.544,535.817
4889.4,75.67,85.7,0.0,-0.0,6,51.289,3.521,537.835
4889.4,75.80,85.7,0.0,0.1,6,47.904,3.486,540.866
4889.4,75.93,85.8,0.0,0.1,6,44.513,3.449,543.902
4950.5,77.37,85.9,0.0,-0.5,6,5.767,2.836,578.765
4950.5,77.48,86.0,0.0,-0.3,6,2.312,2.784,581.870
4950.5,77.58,86.0,0.0,-0.3,6,0.003,2.747,583.940
4966.0,77.69,75.4,12.7,-0.4,6,-3.468,2.683,587.046
4966.0,77.47,10.5,49.1,-0.4,6,-5.785,2.642,589.112
4966.0,76.49,0.0,80.4,-0.5,6,-9.240,2.585,592.185
4966.0,75.65,0.0,86.9,-0.5,6,-11.517,2.547,594.205
4981.3,74.31,0.0,90.4,-0.4,6,-14.889,2.494,597.187
4981.3,72.94,0.0,91.2,-0.4,6,-18.205,2.443,600.109
4981.3,72.02,0.0,91.2,-0.4,6,-20.385,2.411,602.023
4981.3,70.65,0.0,92.0,-0.6,6,-23.608,2.361,604.844
4995.7,69.74,0.0,91.8,-0.7,6,-25.726,2.327,606.690
4995.7,68.38,0.0,91.8,-0.7,6,-28.857,2.275,609.408
4995.7,67.47,0.0,91.3,-0.7,6,-30.914,2.241,611.185
4995.7,66.12,0.0,91.7,-0.7,6,-33.956,2.193,613.798
5009.2,65.23,0.0,91.6,-0.8,6,-35.955,2.163,615.505
5009.2,63.89,0.0,91.8,-0.9,6,-38.911,2.119,618.012
5009.2,63.00,0.0,92.3,-1.0,6,-40.852,2.090,619.649
5009.2,61.67,28.7,91.8,-1.1,0,-43.722,2.046,622.051
5021.8,60.80,0.0,93.1,-1.2,5,-45.608,2.017,623.617
5021.8,59.47,0.0,92.4,-1.6,5,-48.395,1.974,625.912
5021.8,58.57,0.0,91.6,-1.9,5,-50.226,1.945,627.404
5021.8,57.26,0.0,91.9,-2.5,5,-52.933,1.904,629.586
5033.5,55.94,0.0,91.5,-2.9,5,-55.596,1.863,631.698
5033.5,55.08,0.0,92.1,-3.1,5,-57.347,1.837,633.065
5033.5,53.78,31.9,91.4,-3.2,0,-59.940,1.799,635.054
5033.5,52.94,0.0,89.9,-3.1,4,-61.646,1.773,636.339
5044.3,51.66,0.0,80.8,-2.6,4,-64.174,1.735,638.203
5044.3,50.88,0.0,67.3,-2.2,4,-65.839,1.710,639.402
5044.3,49.89,0.0,54.7,-1.7,4,-68.316,1.673,641.136
5044.3,49.33,0.0,49.7,-2.1,4,-69.959,1.650,642.250
5054.3,48.56,0.0,49.0,-3.7,4,-72.415,1.616,643.861
5054.3,48.03,0.0,51.1,-4.9,4,-74.047,1.593,644.897
5054.3,47.23,0.0,52.4,-6.6,4,-76.485,1.560,646.393
5054.3,46.70,0.0,47.8,-7.2,4,-78.101,1.538,647.352
5063.7,45.97,0.0,40.9,-7.2,4,-80.514,1.506,648.735
5063.7,45.54,0.0,34.2,-6.7,4,-82.117,1.484,649.620
5063.7,45.00,0.0,25.0,-7.1,4,-84.516,1.452,650.893
5063.7,44.56,0.0,18.9,-8.2,4,-86.915,1.419,652.103
5072.6,44.30,0.0,15.0,-8.9,4,-88.516,1.397,652.876
5072.6,43.92,0.0,31.0,-9.7,4,-90.921,1.363,653.984
5072.6,43.56,0.0,37.4,-10.2,4,-92.524,1.341,654.687
5072.6,42.96,38.1,34.8,-10.0,0,-94.920,1.309,655.687
5081.3,42.61,0.0,26.4,-9.4,3,-96.512,1.288,656.316
5081.3,42.16,0.0,15.7,-9.2,3,-98.895,1.257,657.202
5081.3,41.92,0.0,11.1,-9.6,3,-100.483,1.237,657.757
5081.3,41.64,0.0,7.0,-11.0,3,-102.866,1.206,658.534
5089.9,41.47,0.0,4.7,-12.1,3,-104.457,1.185,659.016
5089.9,41.27,0.0,2.2,-13.0,3,-106.848,1.154,659.684
5089.9,41.15,0.0,2.5,-13.8,3,-108.445,1.135,660.093
5089.9,40.96,0.0,2.3,-14.7,3,-110.843,1.105,660.653
5098.3,40.84,0.0,2.9,-14.8,3,-112.444,1.085,660.991
5098.3,40.64,0.0,3.5,-14.6,3,-114.847,1.056,661.440
5098.3,40.44,0.0,3.4,-14.8,3,-117.250,1.028,661.822
5098.3,40.31,0.0,3.4,-14.7,3,-118.850,1.009,662.038
5106.8,40.10,0.0,3.3,-14.0,3,-121.248,0.982,662.304
5106.8,39.97,0.0,3.8,-13.6,3,-122.843,0.965,662.442
5106.8,39.76,0.0,3.8,-13.4,3,-125.231,0.942,662.589
5106.8,39.62,0.0,3.6,-14.0,3,-126.818,0.928,662.649
5115.1,39.43,0.0,3.4,-14.7,3,-129.189,0.907,662.683
5115.1,39.29,0.0,3.3,-15.2,3,-130.764,0.893,662.669
5115.1,39.09,0.0,4.0,-15.7,3,-133.114,0.872,662.593
5115.1,38.96,0.0,3.8,-15.6,3,-134.673,0.858,662.505
5123.2,38.75,0.0,3.6,-15.8,3,-136.997,0.838,662.318
5123.2,38.62,0.0,1.7,-16.1,3,-138.536,0.825,662.156
5123.2,38.44,0.0,0.8,-14.8,3,-140.829,0.807,661.859
5123.2,38.33,0.0,1.7,-14.1,3,-142.346,0.794,661.624
5131.5,38.16,0.0,1.2,-15.1,3,-144.605,0.776,661.219
5131.5,38.05,0.0,2.1,-15.9,3,-146.098,0.764,660.913
5131.5,37.87,0.0,1.2,-17.5,3,-148.318,0.747,660.403
5139.7,37.70,0.0,1.2,-18.8,3,-150.512,0.731,659.830
5139.7,37.59,0.0,0.9,-19.4,3,-151.959,0.720,659.413
5139.7,37.42,0.0,0.6,-19.9,3,-154.105,0.704,658.736
5139.7,37.30,0.0,1.6,-20.3,3,-155.518,0.693,658.250
5147.5,37.10,0.0,5.3,-20.6,3,-157.610,0.678,657.468
5147.5,36.95,0.0,8.8,-20.6,3,-158.983,0.668,656.913
5147.5,36.69,0.0,2.9,-20.1,3,-161.008,0.654,656.028
5147.5,36.55,0.3,0.1,-19.2,3,-162.332,0.646,655.403
5155.8,36.38,4.6,0.0,-17.7,3,-164.283,0.638,654.411
5155.8,36.30,13.3,0.0,-16.7,3,-165.558,0.635,653.713
5155.8,36.21,9.3,0.0,-15.1,3,-167.436,0.633,652.615
5155.8,36.12,6.3,0.0,-15.0,3,-168.664,0.632,651.850
5163.6,35.99,2.1,4.7,-16.8,3,-170.470,0.629,650.659
5163.6,35.87,0.1,1.1,-18.9,3,-171.649,0.625,649.837
5163.6,35.72,17.1,0.0,-21.8,3,-173.378,0.618,648.564
5163.6,35.68,31.4,0.0,-23.3,3,-175.056,0.615,647.233
5171.7,35.73,41.6,0.0,-23.6,3,-176.147,0.618,646.311
5171.7,35.88,51.8,0.0,-25.0,3,-177.749,0.623,644.881
5171.7,35.99,53.6,0.0,-26.3,3,-178.797,0.626,643.899
5171.7,36.15,57.8,0.0,-28.4,3,-180.338,0.629,642.379
5179.8,36.32,61.5,0.0,-29.6,3,-181.343,0.631,641.335
5179.8,36.50,53.5,0.0,-29.4,3,-182.813,0.638,639.719
5179.8,36.59,50.3,0.0,-28.1,3,-183.766,0.642,638.612
5179.8,36.74,55.6,0.0,-26.5,3,-185.154,0.652,636.906
5187.3,36.89,69.6,0.0,-26.3,3,-186.052,0.659,635.738
5187.3,37.23,81.8,0.0,-26.4,3,-187.361,0.670,633.942
5187.3,37.44,58.8,0.0,-26.5,3,-188.210,0.677,632.714
5187.3,37.42,7.0,7.0,-26.4,3,-189.440,0.688,630.833
5194.9,37.26,0.0,2.9,-26.4,3,-190.223,0.696,629.561
5194.9,37.07,18.6,0.0,-26.0,3,-191.338,0.709,627.630
5194.9,37.09,42.0,0.0,-24.7,3,-192.387,0.722,625.670
5194.9,37.19,55.5,0.0,-24.2,3,-193.054,0.729,624.343
5202.1,37.38,58.8,0.0,-22.8,3,-194.009,0.739,622.320
5202.1,37.52,60.8,0.0,-21.7,3,-194.615,0.743,620.951
5202.1,37.75,63.4,0.0,-19.3,3,-195.477,0.748,618.864
5202.1,37.92,65.0,0.0,-18.3,3,-196.021,0.750,617.452
5209.3,38.18,66.2,0.0,-16.9,3,-196.789,0.750,615.303
5209.3,38.33,62.6,0.0,-15.7,3,-197.268,0.750,613.850
5209.3,38.57,65.7,0.0,-15.7,3,-197.933,0.749,611.641
5209.3,38.74,65.8,0.0,-14.5,3,-198.341,0.750,610.150
5216.6,39.00,68.8,0.0,-13.9,3,-198.898,0.751,607.886
5216.6,39.19,71.2,0.0,-14.1,3,-199.234,0.752,606.359
5216.6,39.49,75.6,0.0,-13.3,3,-199.682,0.753,604.043
5216.6,39.84,81.5,0.0,-13.0,3,-200.067,0.756,601.695
5224.4,40.10,83.7,0.0,-11.6,3,-200.288,0.759,600.112
5224.4,40.49,84.0,0.0,-8.9,3,-200.565,0.765,597.711
5224.4,40.76,84.0,0.0,-6.5,3,-200.716,0.770,596.094
5224.4,41.18,84.1,0.0,-2.4,3,-200.892,0.778,593.644
5232.5,41.46,84.1,0.0,-0.2,3,-200.978,0.786,591.994
5232.5,41.86,61.9,0.0,2.5,3,-201.067,0.800,589.495
5232.5,41.86,12.5,22.8,3.0,3,-201.108,0.811,587.820
5232.5,41.41,0.0,42.8,4.3,3,-201.159,0.827,585.321
5240.9,40.97,0.0,59.4,4.7,3,-201.196,0.838,583.673
5240.9,40.04,0.0,70.1,5.4,3,-201.265,0.853,581.241
5240.9,39.37,0.0,63.7,6.1,3,-201.322,0.863,579.653
5240.9,38.48,0.0,52.7,6.9,3,-201.431,0.880,577.319
5248.9,37.96,0.0,46.5,7.8,3,-201.521,0.892,575.792
5248.9,37.29,0.0,33.3,8.9,3,-201.687,0.908,573.540
5248.9,36.77,0.0,25.0,9.5,3,-201.894,0.924,571.328
5248.9,36.48,0.0,19.9,10.7,3,-202.056,0.934,569.871
5256.5,36.12,0.0,13.2,11.9,3,-202.336,0.947,567.711
5256.5,35.92,0.0,11.4,12.7,3,-202.550,0.955,566.286
5256.5,35.64,0.0,11.9,13.1,3,-202.914,0.967,564.170
5263.8,35.36,0.0,14.4,11.1,3,-203.330,0.981,562.080
5263.8,35.05,37.8,16.3,11.2,0,-203.795,0.994,560.019
5263.8,34.85,0.0,17.7,11.9,2,-204.130,1.004,558.661
5263.8,34.46,0.0,31.8,11.2,2,-204.674,1.020,556.653
5271.4,34.10,0.0,43.4,12.7,2,-205.061,1.031,555.337
5271.4,33.44,0.0,33.7,14.6,2,-205.673,1.049,553.404
5271.4,33.00,0.0,49.0,12.8,2,-206.102,1.061,552.145
5271.4,32.26,0.0,38.4,11.6,2,-206.774,1.079,550.305
5278.4,31.86,0.0,30.7,10.5,2,-207.240,1.091,549.110
5278.4,31.36,0.0,20.8,9.1,2,-207.971,1.110,547.359
5278.4,31.10,0.0,15.7,9.7,2,-208.479,1.124,546.218
5278.4,30.79,0.0,13.5,13.1,2,-209.270,1.145,544.538
5286.0,30.59,0.0,14.2,14.9,2,-209.818,1.160,543.439
5286.0,30.28,0.0,14.0,17.5,2,-210.666,1.181,541.822
5286.0,30.07,0.0,13.4,20.6,2,-211.250,1.195,540.765
5286.0,29.78,0.0,9.1,21.3,2,-212.159,1.214,539.217
5292.8,29.53,0.0,6.8,19.8,2,-213.109,1.233,537.712
5292.8,29.38,0.0,6.2,21.8,2,-213.766,1.246,536.734
5292.8,29.16,0.0,3.2,24.9,2,-214.786,1.264,535.305
5292.8,29.04,0.0,1.5,25.2,2,-215.492,1.276,534.378
5299.9,28.86,0.0,0.9,28.4,2,-216.586,1.293,533.029
5299.9,28.75,0.3,0.0,30.4,2,-217.340,1.303,532.158
5299.9,28.62,39.6,0.0,31.3,0,-218.507,1.318,530.894
5299.9,28.51,2.0,0.0,31.0,1,-219.310,1.328,530.080
5306.0,28.34,6.4,0.0,31.2,1,-220.547,1.340,528.906
5306.0,28.26,11.2,0.0,31.5,1,-221.394,1.349,528.155
5306.0,28.17,13.6,0.0,33.0,1,-222.697,1.360,527.075
5306.0,28.13,17.4,0.0,34.2,1,-223.588,1.367,526.386
5312.0,28.13,24.3,0.0,36.3,1,-224.956,1.377,525.399
5312.0,28.16,27.8,0.0,38.0,1,-225.889,1.383,524.770
5312.0,28.20,25.7,0.0,40.9,1,-227.321,1.392,523.870
5312.0,28.23,24.9,0.0,43.1,1,-228.295,1.397,523.299
5318.0,28.22,19.1,0.0,46.6,1,-229.782,1.403,522.489
5318.0,28.16,17.6,0.0,49.4,1,-231.297,1.409,521.737
5318.0,28.12,17.4,0.0,51.0,1,-232.321,1.412,521.269
5318.0,28.04,16.2,0.0,53.0,1,-233.875,1.416,520.618
5330.0,27.46,13.8,0.0,60.2,1,-241.875,1.423,518.335
5330.0,27.33,11.6,0.0,60.4,1,-243.499,1.422,518.077
5330.0,27.24,11.2,0.0,61.2,1,-244.582,1.421,517.942
5335.7,27.11,11.0,0.0,59.7,1,-246.206,1.418,517.794
5335.7,27.01,11.0,0.0,60.2,1,-247.287,1.416,517.733
5335.7,26.88,11.2,0.0,60.3,1,-248.903,1.412,517.697
5335.7,26.79,11.1,0.0,59.5,1,-249.976,1.409,517.710
5341.3,26.66,11.2,0.0,57.9,1,-251.578,1.403,517.783
5341.3,26.57,11.6,0.0,56.7,1,-252.640,1.399,517.867
5341.3,26.46,12.6,0.0,54.4,1,-254.220,1.392,518.048
5341.3,26.40,16.5,0.0,52.8,1,-255.266,1.387,518.203
5346.9,26.39,24.5,0.0,50.1,1,-256.823,1.379,518.489
5346.9,26.42,27.8,0.0,48.3,1,-257.855,1.373,518.714
5346.9,26.47,24.6,0.0,45.4,1,-259.393,1.363,519.102
5346.9,26.50,27.8,0.0,43.3,1,-260.411,1.355,519.394
5352.4,26.60,39.0,0.0,39.4,1,-261.926,1.342,519.883
5352.4,26.88,60.9,0.0,28.1,1,-263.431,1.329,520.435
5352.4,27.17,60.7,0.0,23.5,1,-264.433,1.318,520.838
5358.1,27.55,59.1,0.0,15.3,1,-265.936,1.303,521.494
5358.1,27.85,61.1,0.0,13.6,1,-266.938,1.293,521.966
5358.1,28.27,58.4,0.0,16.5,1,-268.442,1.275,522.722
5358.1,28.53,57.2,0.0,13.9,1,-269.441,1.264,523.262
5364.0,28.94,57.1,0.0,13.4,1,-270.936,1.245,524.118
5364.0,29.20,55.1,0.0,18.9,1,-271.930,1.233,524.720
5364.0,29.54,54.5,0.0,22.6,1,-273.415,1.214,525.668
5364.0,29.78,56.0,0.0,22.3,1,-274.399,1.200,526.329
5370.6,30.15,57.1,0.0,20.6,1,-275.865,1.179,527.368
5370.6,30.41,58.4,0.0,19.6,1,-276.836,1.165,528.092
5370.6,30.81,63.1,0.0,19.0,1,-278.278,1.144,529.227
5370.6,31.10,64.4,0.0,19.4,1,-279.231,1.130,530.016
5377.2,31.52,63.1,0.0,23.3,1,-280.648,1.108,531.249
5377.2,31.92,64.8,0.0,24.4,1,-282.043,1.085,532.542
5377.2,32.18,64.5,0.0,25.9,1,-282.959,1.070,533.438
5377.2,32.57,64.3,0.0,27.1,1,-284.308,1.047,534.834
5384.6,32.82,65.4,0.0,28.1,1,-285.190,1.031,535.799
5384.6,33.19,65.0,0.0,29.6,1,-286.481,1.009,537.299
5384.6,33.43,66.0,0.0,30.4,1,-287.320,0.995,538.333
5384.6,33.78,66.4,0.0,31.8,1,-288.544,0.973,539.934
5391.9,34.00,58.9,0.0,32.6,1,-289.336,0.959,541.033
5391.9,34.25,50.7,0.0,35.1,1,-290.484,0.937,542.728
5391.9,34.36,46.8,0.0,38.0,1,-291.219,0.921,543.886
5391.9,34.44,31.7,0.0,42.5,1,-292.273,0.899,545.662
5399.9,34.45,30.0,0.0,46.1,1,-292.939,0.885,546.868
5399.9,34.45,28.9,0.0,51.2,1,-293.883,0.866,548.707
5399.9,34.41,19.7,0.0,52.8,1,-294.478,0.853,549.949
5399.9,34.29,16.6,0.0,55.7,1,-295.318,0.833,551.831
5407.3,34.19,16.6,0.0,57.1,1,-295.843,0.820,553.096
5407.3,34.05,16.2,0.0,55.7,1,-296.573,0.801,555.009
5407.3,33.90,16.3,0.0,56.4,1,-297.232,0.783,556.938
5407.3,33.80,16.2,0.0,55.8,1,-297.631,0.773,558.232
5415.1,33.67,15.8,0.0,53.1,1,-298.167,0.758,560.184
5415.1,33.59,20.9,0.0,52.8,1,-298.485,0.748,561.491
5415.1,33.50,18.9,0.0,50.6,1,-298.903,0.734,563.460
5415.1,33.44,16.4,0.0,49.2,1,-299.142,0.724,564.778
5422.2,33.31,17.5,0.0,46.0,1,-299.439,0.710,566.758
5422.2,33.25,19.6,0.0,41.9,1,-299.597,0.702,568.080
5422.2,33.23,33.1,0.0,36.4,1,-299.775,0.689,570.066
5422.2,33.35,57.7,0.0,32.3,1,-299.856,0.681,571.394
5429.4,33.71,73.9,0.0,24.0,1,-299.922,0.669,573.403
5429.4,34.06,86.2,0.0,17.2,1,-299.931,0.661,574.758
5429.4,34.24,0.0,0.0,6.4,0,-299.891,0.651,576.810
5429.4,34.43,84.2,0.0,1.0,2,-299.830,0.644,578.180
5436.4,34.99,84.2,0.0,-2.2,2,-299.698,0.635,580.258
5436.4,35.36,84.3,0.0,-1.2,2,-299.589,0.629,581.659
5436.4,35.91,84.5,0.0,2.7,2,-299.401,0.622,583.788
5436.4,36.46,84.7,0.0,6.2,2,-299.190,0.615,585.948
5443.6,36.82,84.8,0.0,7.3,2,-299.037,0.611,587.405
5443.6,37.35,85.0,0.0,7.6,2,-298.782,0.604,589.614
5443.6,37.70,85.1,0.0,7.7,2,-298.595,0.599,591.103
5443.6,38.23,85.3,0.0,8.1,2,-298.283,0.591,593.359
5451.0,38.58,85.3,0.0,7.9,2,-298.052,0.585,594.877
5451.0,39.09,85.5,0.0,7.8,2,-297.671,0.574,597.174
5451.0,39.42,85.6,0.0,7.6,2,-297.391,0.565,598.719
5451.0,39.94,85.7,0.0,7.7,2,-296.933,0.552,601.054
5458.7,40.26,85.8,0.0,8.3,2,-296.602,0.541,602.623
5458.7,40.76,85.9,0.0,8.3,2,-296.065,0.523,604.992
5458.7,41.08,86.0,0.0,8.3,2,-295.680,0.509,606.582
5458.7,41.56,86.1,0.0,7.6,2,-295.058,0.488,608.981
5466.8,41.88,86.1,0.0,7.4,2,-294.614,0.475,610.589
5466.8,42.21,0.0,0.0,7.0,0,-293.905,0.453,613.012
5466.8,42.36,84.3,0.0,6.3,3,-293.150,0.427,615.430
5466.8,42.65,84.4,0.0,5.6,3,-292.620,0.409,617.045
5475.1,43.09,84.5,0.0,5.1,3,-291.785,0.382,619.477
5475.1,43.38,84.6,0.0,5.2,3,-291.204,0.362,621.104
5475.1,43.81,84.7,0.0,4.8,3,-290.298,0.327,623.557
5475.1,44.11,84.8,0.0,4.0,3,-289.671,0.301,625.199
5483.8,44.54,84.9,0.0,3.7,3,-288.696,0.263,627.672
5483.8,44.83,84.9,0.0,3.7,3,-288.023,0.238,629.327
5483.8,45.26,85.0,0.0,3.9,3,-286.984,0.199,631.821
5483.8,45.55,85.2,0.0,3.9,3,-286.272,0.169,633.491
5492.7,45.96,85.2,0.0,3.3,3,-285.175,0.123,636.007
5492.7,46.26,85.3,0.0,2.9,3,-284.424,0.092,637.691
5492.7,46.67,85.4,0.0,3.0,3,-283.269,0.047,640.227
5492.7,46.94,85.4,0.0,2.7,3,-282.479,0.018,641.924
5501.9,47.36,85.6,0.0,2.9,3,-281.265,-0.025,644.479
5501.9,47.75,85.6,0.0,3.6,3,-280.017,-0.068,647.043
5501.9,48.02,85.7,0.0,3.6,3,-279.164,-0.094,648.757
5511.4,48.41,85.8,0.0,3.3,3,-277.856,-0.133,651.337
5511.4,48.69,85.8,0.0,3.1,3,-276.965,-0.160,653.062
5511.4,49.08,85.8,0.0,2.6,3,-275.597,-0.198,655.655
5511.4,49.35,85.9,0.0,2.5,3,-274.664,-0.220,657.388
5521.2,49.70,86.0,0.0,2.9,3,-273.234,-0.244,659.992
5521.2,49.98,86.1,0.0,3.0,3,-272.261,-0.254,661.732
5521.2,50.36,86.1,0.0,3.2,3,-270.775,-0.268,664.349
5521.2,50.48,0.0,0.0,3.5,0,-269.766,-0.279,666.096
5531.2,50.59,84.1,0.0,3.1,4,-268.232,-0.297,668.708
5531.2,50.92,84.2,0.0,3.1,4,-266.665,-0.313,671.318
5531.2,51.26,84.3,0.0,3.2,4,-265.064,-0.327,673.932
5531.2,51.48,84.4,0.0,3.2,4,-263.977,-0.335,675.675
5541.4,51.81,84.5,0.0,3.2,4,-262.319,-0.348,678.293
5541.4,52.03,84.5,0.0,3.2,4,-261.195,-0.356,680.038
5541.4,52.36,84.6,0.0,2.7,4,-259.479,-0.364,682.657
5541.4,52.58,84.6,0.0,2.3,4,-258.316,-0.369,684.404
5551.8,52.91,84.7,0.0,1.6,4,-256.544,-0.374,687.025
5551.8,53.23,84.8,0.0,1.5,4,-254.743,-0.378,689.651
5551.8,53.45,84.8,0.0,1.3,4,-253.528,-0.381,691.404
5551.8,53.78,84.9,0.0,1.0,4,-251.684,-0.386,694.039
5562.4,54.00,84.9,0.0,0.6,4,-250.441,-0.390,695.800
5562.4,54.32,85.0,0.0,0.8,4,-248.560,-0.397,698.448
5562.4,54.53,85.0,0.0,1.2,4,-247.295,-0.402,700.220
5562.4,54.85,85.1,0.0,1.6,4,-245.380,-0.411,702.884
5573.1,55.06,85.2,0.0,1.9,4,-244.092,-0.417,704.664
5573.1,55.37,85.2,0.0,2.1,4,-242.139,-0.426,707.340
5573.1,55.58,85.3,0.0,2.2,4,-240.823,-0.430,709.126
5573.1,55.89,85.3,0.0,2.6,4,-238.827,-0.437,711.808
5584.2,56.09,85.3,0.0,2.6,4,-237.480,-0.440,713.597
5584.2,56.40,85.4,0.0,2.8,4,-235.435,-0.444,716.280
5584.2,56.59,85.4,0.0,2.5,4,-234.054,-0.446,718.068
5584.2,56.89,85.5,0.0,2.4,4,-231.955,-0.448,720.748
5595.5,57.19,85.5,0.0,1.2,4,-229.826,-0.449,723.427
5595.5,57.38,85.6,0.0,1.1,4,-228.389,-0.449,725.212
5595.5,57.68,85.6,0.0,1.5,4,-226.213,-0.449,727.890
5595.5,57.87,85.7,0.0,2.0,4,-224.747,-0.447,729.677
5607.1,58.16,85.7,0.0,2.4,4,-222.528,-0.444,732.358
5607.1,58.35,85.7,0.0,3.1,4,-221.034,-0.442,734.146
5607.1,58.63,85.8,0.0,3.9,4,-218.768,-0.436,736.825
5607.1,58.81,85.8,0.0,4.5,4,-217.238,-0.430,738.607
5619.0,59.09,85.9,0.0,3.6,4,-214.911,-0.418,741.270
5619.0,59.27,85.9,0.0,3.4,4,-213.338,-0.407,743.039
5619.0,59.54,86.0,0.0,3.4,4,-210.945,-0.389,745.680
5619.0,59.71,86.0,0.0,3.3,4,-209.328,-0.376,747.432
5631.2,59.98,86.0,0.0,2.5,4,-206.870,-0.353,750.049
5631.2,60.16,86.1,0.0,3.1,4,-205.211,-0.337,751.786
5631.2,60.41,86.1,0.0,4.2,4,-202.691,-0.310,754.380
5631.2,60.58,86.1,0.0,4.6,4,-200.990,-0.291,756.101
5643.5,60.83,86.2,0.0,4.6,4,-198.408,-0.265,758.670
5643.5,60.99,0.0,0.0,4.0,0,-195.787,-0.242,761.219
5643.5,60.94,84.7,0.0,3.5,5,-194.022,-0.227,762.900
5656.0,61.17,84.7,0.0,3.5,5,-191.345,-0.209,765.400
5656.0,61.33,84.7,0.0,3.5,5,-189.539,-0.202,767.056
5656.0,61.55,84.8,0.0,3.7,5,-186.798,-0.197,769.520
5656.0,61.70,84.8,0.0,3.7,5,-184.949,-0.194,771.150
5668.5,61.93,84.8,0.0,3.7,5,-182.143,-0.191,773.574
5668.5,62.08,84.9,0.0,3.5,5,-180.250,-0.186,775.177
5668.5,62.31,84.9,0.0,3.8,5,-177.379,-0.178,777.560
5668.5,62.46,84.9,0.0,4.0,5,-175.445,-0.174,779.137
5694.1,63.62,85.2,0.0,5.2,5,-159.369,-0.173,791.321
5694.1,63.85,85.2,0.0,5.5,5,-156.229,-0.170,793.502
5694.1,64.05,85.3,0.0,4.7,5,-153.049,-0.170,795.649
5707.1,64.19,85.3,0.0,3.6,5,-150.907,-0.170,797.058
5707.1,64.39,85.3,0.0,2.7,5,-147.658,-0.166,799.137
5707.1,64.53,85.3,0.0,3.3,5,-145.470,-0.158,800.500
5707.1,64.75,85.4,0.0,4.8,5,-142.159,-0.151,802.517
5720.3,64.87,85.3,0.0,5.5,5,-139.933,-0.149,803.845
5720.3,65.10,85.3,0.0,5.6,5,-136.563,-0.147,805.805
5720.3,65.20,85.4,0.0,5.0,5,-134.295,-0.145,807.088
5720.3,65.40,85.5,0.0,4.4,5,-130.862,-0.139,808.975
5733.6,65.53,85.5,0.0,4.1,5,-128.553,-0.138,810.210
5733.6,65.72,85.5,0.0,4.2,5,-125.058,-0.137,812.021
5733.6,65.85,85.5,0.0,4.7,5,-122.705,-0.135,813.199
5733.6,66.04,85.5,0.0,5.6,5,-119.146,-0.132,814.927
5747.0,66.17,85.5,0.0,5.5,5,-116.754,-0.130,816.051
5747.0,66.35,85.6,0.0,5.6,5,-113.136,-0.126,817.697
5747.0,66.53,85.6,0.0,5.7,5,-109.483,-0.123,819.293
5747.0,66.66,85.6,0.0,5.5,5,-107.029,-0.122,820.328
5760.5,66.83,85.7,0.0,5.1,5,-103.318,-0.116,821.834
5760.5,66.94,85.7,0.0,5.2,5,-100.826,-0.111,822.806
5760.5,67.13,85.7,0.0,5.3,5,-97.061,-0.104,824.221
5760.5,67.25,85.7,0.0,5.3,5,-94.533,-0.100,825.133
5774.0,67.43,85.8,0.0,5.1,5,-90.716,-0.094,826.457
5774.0,67.55,85.8,0.0,4.7,5,-88.155,-0.091,827.311
5774.0,67.72,85.8,0.0,4.0,5,-84.290,-0.086,828.544
5774.0,67.84,85.8,0.0,4.0,5,-81.697,-0.081,829.336
5787.6,68.02,85.8,0.0,4.2,5,-77.785,-0.072,830.480
5787.6,68.14,85.9,0.0,4.4,5,-75.163,-0.066,831.215
5787.6,68.32,85.9,0.0,5.0,5,-71.210,-0.057,832.277
5787.6,68.43,85.9,0.0,4.5,5,-68.561,-0.052,832.957
5801.2,68.61,85.9,0.0,3.1,5,-64.568,-0.041,833.934
5801.2,68.78,86.0,0.0,2.7,5,-60.553,-0.030,834.862
5801.2,68.90,86.0,0.0,2.6,5,-57.864,-0.022,835.455
5814.9,69.08,86.0,0.0,2.5,5,-53.814,-0.007,836.310
5814.9,69.19,86.0,0.0,2.6,5,-51.104,0.003,836.858
5814.9,69.37,86.0,0.0,2.6,5,-47.024,0.022,837.651
5814.9,69.49,86.1,0.0,2.7,5,-44.294,0.036,838.160
5828.7,69.66,86.1,0.0,2.6,5,-40.185,0.059,838.896
5828.7,69.78,86.1,0.0,2.6,5,-37.437,0.075,839.369
5828.7,69.95,86.1,0.0,2.4,5,-33.301,0.097,840.049
5828.7,70.07,86.1,0.0,2.3,5,-30.535,0.112,840.484
5842.7,70.23,86.1,0.0,1.6,5,-26.373,0.136,841.108
5842.7,70.34,86.2,0.0,1.3,5,-23.590,0.153,841.506
5842.7,70.51,86.2,0.0,1.0,5,-19.405,0.182,842.080
5842.7,70.54,0.0,0.0,0.8,0,-16.607,0.202,842.449
5856.8,70.52,85.0,0.0,0.3,6,-12.412,0.228,842.986
5856.8,70.68,85.0,0.0,0.1,6,-8.208,0.254,843.507
5856.8,70.79,85.0,0.0,0.0,6,-5.400,0.273,843.848
5856.8,70.95,85.0,0.0,-0.0,6,-1.178,0.302,844.354
1.7,71.05,85.1,0.0,-0.1,6,1.641,0.322,844.689
