opponent,v3,Paul di Resta,0,1771612009368
Game,version,date,track,car,event,laptime [s],S1 [s],S2 [s],S3 [s],S4+ [s]
LMU,1.2,2026-02-20 18:26:49,Silverstone Grand Prix Circuit - ELMS,Peugeot TotalEnergies 2025 #93:LM (Hyper),Live,110.004,0,0,0
Tracklen [m],TotalLaps
5869.0,1
,
,
lapdistance [m],speed [m/s],throttle [%],brake [%],steer [%],gear [int],world_x [m],world_y [m],world_z [m]
3.0,70.37,59.2,0.0,-0.1,5,7.036,0.321,846.280
3.0,70.47,59.2,0.0,-0.1,5,9.834,0.339,846.605
3.0,70.63,59.2,0.0,-0.0,5,14.039,0.368,847.095
17.1,70.73,59.2,0.0,0.1,5,16.846,0.390,847.422
17.1,70.89,59.3,0.0,0.1,5,21.066,0.423,847.915
17.1,71.00,59.3,0.0,0.2,5,23.884,0.444,848.245
17.1,71.15,59.3,0.0,0.2,5,28.120,0.476,848.739
31.3,71.25,59.3,0.0,0.2,5,30.948,0.500,849.068
31.3,71.40,59.3,0.0,0.2,5,35.199,0.538,849.562
31.3,71.55,59.3,0.0,0.2,5,39.459,0.574,850.053
31.3,71.66,59.3,0.0,0.3,5,42.304,0.598,850.380
45.6,71.80,59.4,0.0,0.3,5,46.579,0.638,850.868
45.6,71.90,59.4,0.0,0.2,5,49.434,0.665,851.192
45.6,72.04,59.4,0.0,0.2,5,53.725,0.706,851.676
45.6,72.14,59.4,0.0,0.2,5,56.591,0.732,851.997
60.0,72.29,59.4,0.0,0.2,5,60.896,0.769,852.476
60.0,72.38,59.4,0.0,0.2,5,63.772,0.795,852.795
60.0,72.51,59.3,0.0,0.1,5,68.092,0.836,853.271
60.0,72.60,59.1,0.0,0.1,5,70.976,0.866,853.588
74.5,72.74,59.0,0.0,0.3,5,75.310,0.908,854.062
74.5,72.84,59.1,0.0,0.2,5,78.204,0.933,854.377
74.5,72.96,58.9,0.0,0.5,5,82.553,0.969,854.847
74.5,73.05,58.8,0.0,0.2,5,85.456,0.991,855.158
89.1,73.18,58.8,0.0,0.4,5,89.818,1.024,855.621
89.1,73.13,0.0,0.0,0.1,0,94.185,1.060,856.081
89.1,73.16,85.0,0.0,0.5,6,97.094,1.082,856.385
89.1,73.29,75.4,0.0,-0.2,6,101.464,1.114,856.838
103.7,73.38,69.1,0.0,-0.2,6,104.382,1.134,857.138
103.7,73.51,59.5,0.0,0.0,6,108.765,1.165,857.589
103.7,73.59,58.2,0.0,0.8,6,111.691,1.185,857.889
103.7,73.72,58.3,0.0,0.3,6,116.087,1.218,858.339
118.4,73.80,58.3,0.0,-0.1,6,119.022,1.241,858.637
118.4,73.93,58.3,0.0,-0.2,6,123.431,1.270,859.081
118.4,74.02,58.3,0.0,0.2,6,126.375,1.286,859.375
118.4,74.14,58.3,0.0,0.2,6,130.798,1.307,859.816
133.1,74.22,58.4,0.0,0.1,6,133.751,1.322,860.110
133.1,74.34,58.4,0.0,0.0,6,138.185,1.350,860.549
133.1,74.42,58.4,0.0,0.0,6,141.146,1.375,860.842
133.1,74.55,58.4,0.0,0.3,6,145.593,1.407,861.281
148.1,74.67,58.4,0.0,0.2,6,150.048,1.434,861.719
148.1,74.75,58.5,0.0,0.1,6,153.022,1.452,862.010
148.1,74.87,58.5,0.0,-0.0,6,157.489,1.478,862.444
148.1,74.96,58.5,0.0,0.0,6,160.472,1.493,862.733
163.0,75.06,58.6,0.0,0.1,6,164.951,1.520,863.166
163.0,75.15,58.5,0.0,0.1,6,167.941,1.540,863.455
163.0,75.26,58.6,0.0,-0.0,6,172.433,1.570,863.887
163.0,75.34,58.6,0.0,0.3,6,175.431,1.591,864.175
178.0,75.46,58.6,0.0,0.6,6,179.934,1.622,864.605
178.0,75.53,58.7,0.0,0.0,6,182.940,1.641,864.890
178.0,75.65,58.7,0.0,-0.6,6,187.455,1.668,865.316
178.0,75.72,58.7,0.0,-0.8,6,190.469,1.686,865.600
193.1,75.83,58.7,0.0,-0.6,6,194.994,1.715,866.030
193.1,75.91,58.7,0.0,-0.4,6,198.015,1.734,866.321
193.1,76.02,58.8,0.0,-0.4,6,202.551,1.760,866.765
208.3,76.13,58.8,0.0,-0.4,6,207.093,1.786,867.219
208.3,76.20,58.8,0.0,-0.3,6,210.124,1.801,867.526
208.3,76.31,58.9,0.0,0.0,6,214.675,1.826,867.993
208.3,76.38,58.9,0.0,0.2,6,217.712,1.845,868.309
223.5,76.49,58.9,0.0,0.3,6,222.273,1.877,868.785
223.5,76.57,58.9,0.0,0.3,6,225.318,1.899,869.103
223.5,76.68,58.9,0.0,0.4,6,229.890,1.931,869.578
223.5,76.74,59.0,0.0,0.5,6,232.942,1.953,869.891
238.9,76.51,17.4,64.7,0.6,6,237.522,1.988,870.357
238.9,75.84,0.0,78.3,0.6,6,240.556,2.011,870.661
238.9,74.64,0.0,83.8,0.6,6,245.052,2.038,871.105
238.9,73.82,0.0,84.9,0.7,6,248.009,2.054,871.392
253.8,72.56,0.0,84.8,1.2,6,252.383,2.077,871.806
253.8,71.72,0.0,84.8,1.3,6,255.259,2.092,872.071
253.8,70.48,0.0,84.5,1.5,6,259.511,2.114,872.451
253.8,69.25,0.0,85.4,1.8,6,263.690,2.139,872.805
267.9,68.43,0.0,85.6,2.2,6,266.436,2.154,873.025
267.9,67.19,0.0,85.7,1.8,6,270.496,2.175,873.329
267.9,66.37,0.0,85.7,1.8,6,273.162,2.188,873.512
267.9,65.13,0.0,85.0,2.1,6,277.102,2.204,873.758
281.2,64.32,0.0,85.1,2.5,0,279.689,2.214,873.900
281.2,63.12,0.0,84.2,2.6,5,283.510,2.229,874.078
281.2,62.32,0.0,79.0,3.0,5,286.019,2.238,874.172
281.2,61.20,0.0,67.7,3.0,5,289.725,2.249,874.276
293.6,60.52,0.0,58.7,2.9,5,292.160,2.258,874.316
293.6,59.69,0.0,35.6,4.1,5,295.767,2.274,874.329
293.6,59.30,0.0,22.5,5.6,5,298.146,2.284,874.307
293.6,58.85,0.0,18.9,7.3,5,301.690,2.299,874.222
305.4,58.57,0.0,17.4,8.1,5,304.038,2.311,874.131
305.4,58.20,0.0,8.9,8.7,5,307.536,2.329,873.940
305.4,57.91,0.0,5.9,8.7,5,311.010,2.350,873.680
305.4,57.74,0.0,5.2,9.1,5,313.313,2.364,873.469
316.9,57.49,0.0,0.7,10.1,5,316.750,2.387,873.095
316.9,57.36,3.4,0.0,10.9,5,319.029,2.401,872.807
316.9,57.16,1.6,0.5,11.8,5,322.429,2.421,872.316
316.9,57.02,0.1,2.9,12.7,5,324.684,2.435,871.948
328.2,56.79,0.0,2.9,13.6,5,328.044,2.455,871.339
328.2,56.63,0.0,1.0,13.9,5,330.268,2.466,870.894
328.2,56.43,15.2,0.0,14.1,5,333.580,2.483,870.164
328.2,56.32,12.2,0.0,14.2,5,335.773,2.494,869.635
339.6,56.20,19.6,0.0,14.6,5,339.038,2.510,868.778
339.6,56.13,20.0,0.0,15.3,5,341.199,2.520,868.164
339.6,56.03,19.6,0.0,16.7,5,344.417,2.535,867.181
339.6,55.96,14.4,0.0,17.8,5,346.546,2.545,866.483
351.2,55.81,10.8,0.0,19.7,5,349.711,2.560,865.376
351.2,55.70,10.4,0.0,19.9,5,351.801,2.571,864.597
351.2,55.55,10.4,0.0,19.5,5,354.904,2.587,863.369
351.2,55.37,8.2,0.0,19.2,5,357.968,2.605,862.069
362.8,55.25,6.0,0.0,18.9,5,359.986,2.617,861.163
362.8,55.10,23.3,0.0,18.5,5,362.978,2.635,859.746
362.8,55.09,38.9,0.0,18.4,5,364.950,2.647,858.763
362.8,55.14,34.6,0.0,18.9,5,367.880,2.665,857.229
374.6,55.13,27.2,0.0,19.7,5,369.813,2.676,856.167
374.6,55.11,30.7,0.0,20.8,5,372.680,2.693,854.519
374.6,55.13,35.8,0.0,21.4,5,374.569,2.705,853.383
374.6,55.18,40.2,0.0,21.0,5,377.373,2.723,851.625
386.1,55.21,36.8,0.0,20.5,5,379.221,2.735,850.417
386.1,55.22,31.1,0.0,19.8,5,381.959,2.751,848.553
386.1,55.22,30.7,0.0,19.4,5,383.761,2.761,847.275
386.1,55.22,32.7,0.0,19.0,5,386.426,2.776,845.307
397.7,55.25,38.5,0.0,18.6,5,388.177,2.787,843.960
397.7,55.31,42.1,0.0,17.5,5,390.765,2.803,841.886
397.7,55.38,36.2,0.0,17.0,5,393.308,2.820,839.751
397.7,55.41,36.1,0.0,16.9,5,394.977,2.830,838.294
409.2,55.49,44.1,0.0,16.2,5,397.442,2.846,836.061
409.2,55.57,50.9,0.0,15.5,5,399.060,2.857,834.539
409.2,55.67,28.8,0.0,15.1,5,401.447,2.875,832.206
409.2,55.62,8.2,0.2,14.7,5,403.011,2.886,830.622
420.7,55.52,28.3,0.0,13.3,5,405.309,2.902,828.207
420.7,55.57,47.5,0.0,11.9,5,406.811,2.912,826.570
420.7,55.71,51.5,0.0,11.0,5,409.021,2.927,824.069
420.7,55.81,41.2,0.0,11.3,5,410.469,2.935,822.372
431.8,55.94,48.7,0.0,12.3,5,412.603,2.944,819.787
431.8,56.05,51.8,0.0,12.5,5,413.997,2.951,818.035
431.8,56.23,52.1,0.0,12.7,5,416.049,2.965,815.364
431.8,56.35,52.2,0.0,12.6,5,417.392,2.974,813.556
442.8,56.52,51.6,0.0,13.3,5,419.368,2.984,810.807
442.8,56.68,47.4,0.0,14.8,5,421.294,2.994,808.010
442.8,56.78,52.3,0.0,15.7,5,422.546,3.003,806.118
453.8,56.92,52.7,0.0,14.8,5,424.377,3.018,803.240
453.8,57.02,41.3,0.0,14.2,5,425.564,3.030,801.296
453.8,57.12,51.2,0.0,13.1,5,427.291,3.052,798.340
453.8,57.23,53.1,0.0,12.8,5,428.408,3.067,796.345
465.0,57.41,53.2,0.0,12.2,5,430.035,3.090,793.315
465.0,57.53,53.3,0.0,12.4,5,431.085,3.108,791.271
465.0,57.71,53.0,0.0,12.1,5,432.613,3.133,788.170
465.0,57.83,53.5,0.0,11.8,5,433.603,3.147,786.082
476.4,58.00,53.5,0.0,10.2,5,435.036,3.171,782.916
476.4,58.11,54.2,0.0,9.9,5,435.957,3.193,780.785
476.4,58.28,54.1,0.0,8.5,5,437.296,3.223,777.560
476.4,58.45,53.2,0.0,5.4,5,438.165,3.233,775.393
488.0,58.61,53.9,0.0,2.6,5,439.420,3.246,772.114
488.0,58.78,54.4,0.0,3.5,5,440.613,3.266,768.800
488.0,58.92,54.6,0.0,5.0,5,441.376,3.284,766.573
488.0,59.13,54.7,0.0,6.6,5,442.486,3.315,763.211
499.5,59.28,54.5,0.0,5.6,5,443.205,3.335,760.955
499.5,59.41,44.9,0.0,3.9,5,444.254,3.360,757.553
499.5,59.52,50.1,0.0,2.8,5,444.932,3.377,755.273
499.5,59.71,55.0,0.0,2.0,5,445.918,3.404,751.836
511.3,59.84,55.2,0.0,1.2,5,446.557,3.420,749.532
511.3,60.06,55.1,0.0,2.3,5,447.494,3.445,746.059
511.3,60.20,55.1,0.0,2.9,5,448.106,3.465,743.734
511.3,60.41,55.4,0.0,4.0,5,449.008,3.492,740.230
523.2,60.56,55.6,0.0,4.6,5,449.598,3.510,737.885
523.2,60.75,55.8,0.0,5.1,5,450.462,3.538,734.350
523.2,60.88,55.8,0.0,5.1,5,451.018,3.562,731.983
523.2,61.09,56.1,0.0,4.1,5,451.825,3.593,728.415
535.3,61.29,56.0,0.0,2.5,5,452.595,3.614,724.825
535.3,61.41,56.1,0.0,2.3,5,453.082,3.631,722.420
535.3,61.61,56.2,0.0,3.0,5,453.776,3.662,718.796
535.3,61.75,56.2,0.0,3.5,5,454.218,3.681,716.370
547.6,61.96,56.3,0.0,3.5,5,454.858,3.705,712.714
547.6,62.11,56.3,0.0,2.8,5,455.268,3.720,710.267
547.6,62.30,56.4,0.0,2.2,5,455.859,3.744,706.582
547.6,62.44,56.5,0.0,1.7,5,456.237,3.764,704.117
559.9,62.65,56.6,0.0,1.4,5,456.787,3.795,700.405
559.9,62.79,56.6,0.0,1.1,5,457.143,3.814,697.922
559.9,62.99,56.8,0.0,0.8,5,457.665,3.846,694.185
559.9,63.13,56.8,0.0,0.9,5,458.006,3.867,691.686
572.4,63.34,56.9,0.0,0.8,5,458.510,3.899,687.926
572.4,63.47,57.0,0.0,0.7,5,458.841,3.921,685.412
572.4,63.68,57.1,0.0,0.7,5,459.331,3.953,681.629
572.4,63.88,57.2,0.0,0.8,5,459.812,3.984,677.834
585.0,64.01,57.2,0.0,0.8,5,460.129,4.005,675.296
585.0,64.22,57.3,0.0,0.8,5,460.597,4.038,671.478
585.0,64.35,57.4,0.0,0.9,5,460.905,4.060,668.926
585.0,64.55,57.5,0.0,1.0,5,461.361,4.092,665.086
597.8,64.68,57.6,0.0,0.9,5,461.659,4.113,662.519
597.8,64.88,57.6,0.0,1.0,5,462.099,4.144,658.658
597.8,65.01,57.7,0.0,0.9,5,462.387,4.166,656.076
597.8,65.20,57.8,0.0,0.9,5,462.810,4.200,652.193
610.7,65.33,57.8,0.0,1.0,5,463.086,4.223,649.598
610.7,65.53,57.9,0.0,1.1,5,463.491,4.256,645.693
610.7,65.66,58.0,0.0,1.0,5,463.754,4.277,643.083
610.7,65.85,58.0,0.0,1.1,5,464.140,4.309,639.158
623.8,65.97,58.0,0.0,1.1,5,464.390,4.330,636.533
623.8,66.16,58.1,0.0,1.0,5,464.754,4.363,632.587
623.8,66.35,58.1,0.0,1.1,5,465.106,4.396,628.627
623.8,66.48,58.2,0.0,1.0,5,465.334,4.417,625.981
637.0,66.66,58.2,0.0,1.0,5,465.666,4.448,622.001
637.0,66.78,58.2,0.0,1.0,5,465.880,4.469,619.341
637.0,66.97,58.3,0.0,0.8,5,466.191,4.500,615.341
637.0,67.09,58.3,0.0,0.8,5,466.393,4.521,612.668
650.3,67.27,58.3,0.0,0.7,5,466.685,4.553,608.648
650.3,67.39,58.4,0.0,0.6,5,466.874,4.574,605.962
650.3,67.57,58.4,0.0,0.6,5,467.151,4.606,601.923
650.3,67.69,58.4,0.0,0.6,5,467.330,4.627,599.224
663.8,67.87,58.5,0.0,0.6,5,467.592,4.658,595.166
663.8,67.98,58.5,0.0,0.6,5,467.763,4.678,592.455
663.8,68.16,58.6,0.0,0.6,5,468.013,4.708,588.378
663.8,68.28,58.6,0.0,0.6,5,468.176,4.728,585.655
677.5,68.45,58.6,0.0,0.6,5,468.414,4.756,581.560
677.5,68.62,58.7,0.0,0.5,5,468.645,4.781,577.455
677.5,68.74,58.7,0.0,0.4,5,468.795,4.798,574.712
691.2,68.91,58.8,0.0,-0.2,5,469.013,4.820,570.589
691.2,69.03,58.8,0.0,0.1,5,469.157,4.833,567.834
691.2,69.20,58.8,0.0,-0.2,5,469.370,4.850,563.693
691.2,69.31,58.9,0.0,-0.4,5,469.512,4.861,560.927
705.1,69.47,58.9,0.0,-0.1,5,469.728,4.877,556.769
705.1,69.59,59.0,0.0,0.2,5,469.873,4.888,553.992
705.1,69.75,59.0,0.0,-0.1,5,470.092,4.901,549.818
705.1,69.86,59.0,0.0,-0.3,5,470.240,4.909,547.030
719.0,70.03,59.1,0.0,-0.1,5,470.464,4.918,542.839
719.0,70.14,59.1,0.0,-0.4,5,470.615,4.923,540.040
719.0,70.30,59.2,0.0,-0.1,5,470.845,4.928,535.834
719.0,70.41,59.2,0.0,0.3,5,471.001,4.931,533.024
733.2,70.57,59.2,0.0,0.5,5,471.236,4.935,528.801
733.2,70.68,59.2,0.0,0.6,5,471.392,4.935,525.981
733.2,70.84,59.2,0.0,0.3,5,471.624,4.933,521.742
733.2,71.00,59.3,0.0,0.1,5,471.851,4.928,517.493
747.4,71.11,59.3,0.0,0.1,5,472.000,4.924,514.655
747.4,71.26,59.3,0.0,0.2,5,472.221,4.918,510.390
747.4,71.37,59.3,0.0,0.2,5,472.367,4.912,507.541
747.4,71.53,59.3,0.0,0.2,5,472.584,4.900,503.260
761.7,71.63,59.3,0.0,0.2,5,472.727,4.890,500.401
761.7,71.79,59.4,0.0,0.2,5,472.941,4.872,496.104
761.7,71.89,59.4,0.0,0.2,5,473.082,4.858,493.234
761.7,72.04,59.4,0.0,0.2,5,473.292,4.835,488.922
776.1,72.14,59.4,0.0,0.1,5,473.432,4.818,486.042
776.1,72.28,59.4,0.0,0.1,5,473.638,4.794,481.714
776.1,72.39,59.4,0.0,0.3,5,473.775,4.778,478.824
776.1,72.53,59.3,0.0,-0.5,5,473.978,4.756,474.482
790.6,72.67,59.1,0.0,-1.0,5,474.182,4.738,470.131
790.6,72.77,59.1,0.0,-1.3,5,474.320,4.726,467.225
790.6,72.91,58.9,0.0,-1.9,5,474.536,4.707,462.861
790.6,73.00,58.9,0.0,-2.1,5,474.690,4.694,459.947
805.1,73.13,58.7,0.0,-3.0,0,474.939,4.677,455.570
805.1,73.05,0.0,0.0,-3.0,0,475.121,4.665,452.652
805.1,73.12,81.8,0.0,-3.1,6,475.421,4.643,448.279
805.1,73.20,75.4,0.0,-3.1,6,475.643,4.627,445.361
819.7,73.32,65.9,0.0,-3.7,6,476.015,4.606,440.982
819.7,73.41,59.5,0.0,-4.4,6,476.287,4.591,438.060
819.7,73.54,58.2,0.0,-4.9,6,476.735,4.560,433.674
819.7,73.61,58.3,0.0,-5.0,6,477.064,4.541,430.750
834.4,73.71,58.3,0.0,-4.9,6,477.610,4.520,426.365
834.4,73.79,58.3,0.0,-5.0,6,478.009,4.509,423.442
834.4,73.90,58.3,0.0,-5.1,6,478.660,4.489,419.060
834.4,74.00,58.4,0.0,-5.5,6,479.377,4.471,414.682
849.1,74.07,58.4,0.0,-6.3,6,479.893,4.460,411.765
849.1,74.18,58.4,0.0,-6.9,6,480.722,4.444,407.396
849.1,74.24,58.4,0.0,-7.0,6,481.314,4.433,404.488
849.1,74.33,58.4,0.0,-7.2,6,482.262,4.414,400.133
863.8,74.40,58.4,0.0,-6.7,6,482.935,4.399,397.236
863.8,74.49,58.4,0.0,-6.1,6,484.006,4.373,392.900
863.8,74.56,58.4,0.0,-6.5,6,484.759,4.350,390.016
863.8,74.65,58.5,0.0,-7.5,6,485.947,4.309,385.701
878.4,74.71,58.5,0.0,-7.8,6,486.779,4.278,382.832
878.4,74.79,58.5,0.0,-7.4,6,488.089,4.229,378.543
878.4,74.85,58.5,0.0,-7.1,6,489.004,4.195,375.694
878.4,74.94,58.5,0.0,-6.3,6,490.441,4.142,371.437
893.3,74.99,58.5,0.0,-6.1,6,491.441,4.105,368.611
893.3,75.08,58.6,0.0,-6.5,6,493.005,4.048,364.389
893.3,75.17,58.6,0.0,-6.0,6,494.643,3.991,360.191
893.3,75.23,58.6,0.0,-4.7,6,495.776,3.954,357.405
908.8,75.33,58.6,0.0,-1.8,6,497.531,3.899,353.244
908.8,75.41,58.6,0.0,-0.2,6,498.735,3.861,350.480
908.8,75.44,26.0,2.9,1.5,6,500.577,3.806,346.346
908.8,75.28,2.2,15.7,1.9,6,501.818,3.772,343.598
924.3,74.82,0.0,47.0,2.5,6,503.671,3.718,339.492
924.3,74.32,0.0,60.6,2.7,6,504.891,3.677,336.769
924.3,73.36,0.0,60.2,2.6,6,506.683,3.613,332.714
924.3,72.74,0.0,56.4,2.5,6,507.845,3.576,330.032
939.5,71.86,0.0,49.0,3.1,6,509.535,3.532,326.036
939.5,71.34,0.0,45.7,3.8,6,510.628,3.506,323.387
939.5,70.57,0.0,46.8,4.3,6,512.214,3.468,319.435
939.5,70.05,0.0,43.3,4.4,6,513.233,3.443,316.813
953.8,69.34,0.0,41.7,4.4,6,514.702,3.411,312.896
953.8,68.84,0.0,63.6,4.9,6,515.640,3.392,310.296
953.8,67.85,0.0,68.6,5.5,6,516.982,3.366,306.418
967.3,66.85,0.0,59.9,5.0,6,518.239,3.347,302.576
967.3,66.23,0.0,53.2,5.0,6,519.031,3.338,300.034
967.3,65.39,0.0,44.6,6.0,6,520.149,3.324,296.246
967.3,64.90,0.0,40.6,6.1,6,520.849,3.315,293.735
980.1,64.20,0.0,38.3,6.6,6,521.828,3.300,289.986
980.1,63.81,16.3,6.1,7.0,6,522.435,3.290,287.499
980.1,63.79,68.1,0.0,8.2,6,523.278,3.273,283.768
980.1,63.72,18.8,41.1,9.4,6,523.798,3.260,281.270
992.8,63.06,0.0,30.7,11.2,6,524.510,3.242,277.531
992.8,62.66,0.0,12.6,10.4,6,524.937,3.232,275.053
992.8,62.42,58.2,0.0,8.6,6,525.506,3.220,271.346
992.8,62.41,31.9,12.4,7.3,6,525.841,3.213,268.872
1006.8,62.04,26.3,18.2,6.9,0,526.273,3.206,265.161
1006.8,61.81,1.2,2.3,7.5,5,526.520,3.203,262.697
1006.8,61.64,56.4,0.0,6.0,5,526.842,3.187,259.008
1006.8,61.68,48.2,0.0,6.6,5,527.075,3.184,255.316
1020.5,61.63,37.0,0.0,8.4,5,527.176,3.196,252.851
1020.5,61.67,47.9,0.0,9.1,5,527.286,3.195,249.156
1020.5,61.72,42.8,0.0,11.5,5,527.329,3.182,246.688
1020.5,61.71,12.9,2.7,16.2,5,527.323,3.164,242.985
1033.4,61.54,1.6,6.1,18.3,5,527.268,3.160,240.520
1033.4,61.23,0.0,6.0,17.4,5,527.117,3.159,236.839
1033.4,61.03,0.0,5.1,15.5,5,526.971,3.160,234.398
1033.4,60.73,0.0,1.3,12.3,5,526.676,3.168,230.757
1045.8,60.55,0.0,0.8,10.7,5,526.428,3.177,228.344
1045.8,60.30,1.2,0.2,9.5,5,525.980,3.194,224.746
1045.8,60.14,1.2,0.0,10.2,5,525.635,3.205,222.362
1045.8,59.91,2.0,2.8,9.3,5,525.047,3.222,218.808
1057.8,59.74,0.0,2.0,9.1,5,524.609,3.233,216.455
1057.8,59.50,6.9,0.0,9.1,5,523.883,3.256,212.952
1057.8,59.48,63.2,0.0,7.9,5,523.081,3.283,209.476
1057.8,59.59,68.9,0.0,6.8,5,522.507,3.301,207.165
1069.5,59.79,58.5,0.0,5.1,5,521.591,3.331,203.704
1069.5,59.92,55.0,0.0,3.7,5,520.948,3.351,201.398
1069.5,60.13,55.1,0.0,1.4,5,519.941,3.381,197.941
1069.5,60.28,55.2,0.0,0.5,5,519.248,3.401,195.635
1081.6,60.50,55.3,0.0,-0.4,5,518.186,3.431,192.171
1081.6,60.64,55.4,0.0,-1.2,5,517.469,3.451,189.857
1081.6,60.86,55.6,0.0,-2.2,5,516.389,3.479,186.377
1081.6,61.00,55.6,0.0,-2.6,5,515.670,3.497,184.048
1093.8,61.21,55.8,0.0,-3.4,5,514.603,3.522,180.541
1093.8,61.31,37.2,0.0,-3.9,5,513.903,3.538,178.193
1093.8,61.14,2.3,42.8,-4.5,5,512.875,3.558,174.663
1093.8,60.66,0.0,66.8,-4.5,5,512.213,3.570,172.317
1106.2,59.62,0.0,82.4,-4.0,5,511.261,3.587,168.833
1106.2,58.44,0.0,82.4,-2.9,5,510.365,3.604,165.404
1106.2,57.67,0.0,77.4,-2.3,5,509.801,3.615,163.150
1106.2,56.58,0.0,68.7,-1.9,5,509.005,3.630,159.815
1117.9,55.91,0.0,66.3,-2.2,5,508.509,3.639,157.619
1117.9,54.94,0.0,61.1,-2.5,5,507.820,3.654,154.365
1117.9,54.35,0.0,57.3,-3.8,5,507.396,3.665,152.219
1117.9,53.53,0.0,43.6,-5.2,5,506.810,3.679,149.035
1129.0,53.08,0.0,34.6,-5.7,5,506.454,3.689,146.933
1129.0,52.57,0.0,16.3,-7.1,5,505.971,3.702,143.800
1129.0,52.34,0.0,9.3,-8.1,5,505.682,3.708,141.722
1129.0,52.09,0.0,2.7,-9.7,5,505.299,3.715,138.613
1140.1,51.96,0.0,2.3,-10.6,5,505.079,3.719,136.544
1140.1,51.76,0.0,4.3,-11.7,5,504.802,3.720,133.444
1140.1,51.62,0.0,2.5,-12.5,5,504.653,3.719,131.381
1140.1,51.45,37.9,2.5,-14.4,0,504.482,3.713,128.294
1150.9,51.25,0.4,0.4,-14.6,4,504.376,3.698,125.214
1150.9,51.11,4.1,5.4,-13.4,4,504.348,3.688,123.167
1150.9,50.85,1.0,0.4,-11.4,4,504.375,3.678,120.108
1150.9,50.71,1.6,0.8,-10.1,4,504.438,3.674,118.077
1161.6,50.52,13.8,0.0,-8.6,4,504.602,3.676,115.044
1161.6,50.43,15.5,0.0,-8.9,4,504.754,3.678,113.031
1161.6,50.36,8.3,0.0,-9.6,4,505.024,3.667,110.019
1161.6,50.21,5.9,0.0,-12.1,4,505.245,3.660,108.020
1172.2,50.09,20.3,0.0,-12.5,4,505.640,3.651,105.038
1172.2,49.99,17.8,0.0,-13.9,4,505.949,3.652,103.060
1172.2,49.87,1.8,1.4,-15.3,4,506.464,3.645,100.108
1172.2,49.75,0.7,0.2,-16.3,4,506.835,3.630,98.150
1182.8,49.51,7.5,0.0,-19.3,4,507.452,3.611,95.237
1182.8,49.44,14.9,0.0,-19.9,4,507.899,3.597,93.309
1182.8,49.28,6.4,0.0,-21.5,4,508.626,3.574,90.438
1193.3,49.10,6.7,0.0,-23.1,4,509.420,3.548,87.595
1193.3,48.98,6.1,0.0,-25.0,4,509.988,3.531,85.718
1193.3,48.81,5.9,0.0,-27.2,4,510.893,3.500,82.927
1193.3,48.69,5.3,0.0,-28.2,4,511.530,3.477,81.084
1203.5,48.52,7.7,0.0,-29.3,4,512.536,3.439,78.346
1203.5,48.41,9.1,0.0,-29.7,4,513.242,3.413,76.541
1203.5,48.24,10.2,0.0,-30.1,4,514.354,3.371,73.863
1203.5,48.13,12.7,0.0,-30.4,4,515.131,3.342,72.099
1213.4,48.02,28.2,0.0,-29.7,4,516.350,3.298,69.485
1213.4,47.99,41.8,0.0,-28.5,4,517.200,3.270,67.764
1213.4,48.02,48.3,0.0,-26.3,4,518.533,3.232,65.211
1213.4,48.04,50.4,0.0,-25.4,4,519.461,3.208,63.529
1223.0,48.15,68.2,0.0,-20.8,4,520.909,3.178,61.034
1223.0,48.28,84.4,0.0,-15.9,4,521.911,3.159,59.388
1223.0,48.38,20.8,14.4,-8.0,4,523.468,3.131,56.940
1223.0,48.03,0.0,42.2,-1.4,4,525.074,3.103,54.532
1232.7,47.58,0.0,58.6,3.6,4,526.159,3.086,52.956
1232.7,46.71,0.0,71.6,8.5,4,527.784,3.061,50.637
1232.7,46.05,0.0,76.2,9.4,4,528.850,3.044,49.117
1232.7,45.01,33.8,80.8,8.4,0,530.409,3.016,46.871
1241.9,44.31,0.0,83.4,7.2,3,531.414,2.999,45.393
1241.9,43.20,0.0,79.8,5.1,3,532.867,2.973,43.204
1241.9,42.49,0.0,54.0,3.5,3,533.797,2.956,41.763
1241.9,41.78,0.0,16.3,1.7,3,535.133,2.931,39.618
1250.4,41.54,0.0,5.9,1.6,3,535.985,2.913,38.186
1250.4,41.33,0.0,1.0,4.8,3,537.211,2.885,36.023
1250.4,41.22,0.0,0.1,8.9,3,537.993,2.864,34.570
1250.4,41.07,1.9,0.0,15.8,3,539.116,2.832,32.372
1258.6,40.98,4.4,0.0,18.9,3,539.833,2.810,30.896
1258.6,40.85,4.0,0.0,20.6,3,540.861,2.776,28.666
1258.6,40.71,1.9,0.0,19.9,3,541.829,2.741,26.418
1258.6,40.62,5.5,0.0,19.0,3,542.437,2.718,24.910
1266.9,40.61,48.5,0.0,17.8,3,543.293,2.681,22.630
1266.9,40.75,71.7,0.0,17.3,3,543.828,2.657,21.094
1266.9,41.05,73.7,0.0,18.6,3,544.579,2.622,18.759
1266.9,41.17,49.2,0.0,20.6,3,545.046,2.598,17.182
1275.7,41.18,14.3,0.0,24.2,3,545.695,2.560,14.798
1275.7,41.10,8.4,0.0,26.2,3,546.091,2.534,13.200
1275.7,41.00,21.9,0.0,27.6,3,546.627,2.495,10.797
1275.7,41.10,71.9,0.0,26.9,3,547.092,2.458,8.380
1284.7,41.29,78.5,0.0,26.3,3,547.364,2.434,6.756
1284.7,41.49,53.3,0.0,27.5,3,547.717,2.396,4.297
1284.7,41.57,46.8,0.0,28.8,3,547.918,2.369,2.648
1284.7,41.64,43.1,0.0,31.5,3,548.162,2.326,0.164
1293.3,41.67,38.2,0.0,33.0,3,548.286,2.297,-1.497
1293.3,41.69,37.1,0.0,34.5,3,548.414,2.253,-3.994
1293.3,41.70,35.3,0.0,35.4,3,548.462,2.223,-5.661
1293.3,41.74,46.8,0.0,36.8,3,548.476,2.179,-8.163
1302.4,41.81,50.3,0.0,38.3,3,548.450,2.148,-9.833
1302.4,41.83,24.5,0.0,40.5,3,548.357,2.098,-12.341
1302.4,41.76,19.5,0.0,41.6,3,548.257,2.065,-14.010
1302.4,41.65,18.0,0.0,42.3,3,548.048,2.016,-16.503
1311.7,41.57,17.5,0.0,42.2,3,547.867,1.985,-18.158
1311.7,41.45,16.8,0.0,41.5,3,547.534,1.942,-20.626
1311.7,41.32,17.4,0.0,40.1,3,547.125,1.902,-23.075
1311.7,41.24,18.1,0.0,39.1,3,546.811,1.877,-24.696
1320.9,41.13,19.7,0.0,37.5,3,546.277,1.841,-27.109
1320.9,41.07,21.1,0.0,36.5,3,545.880,1.819,-28.704
1320.9,40.99,24.7,0.0,35.0,3,545.222,1.790,-31.076
1320.9,40.96,26.9,0.0,34.4,3,544.744,1.771,-32.644
1330.0,40.93,28.7,0.0,34.1,3,543.974,1.741,-34.976
1330.0,40.92,30.0,0.0,33.9,3,543.426,1.719,-36.519
1330.0,40.91,33.9,0.0,32.9,3,542.550,1.687,-38.811
1330.0,40.92,39.3,0.0,31.5,3,541.929,1.665,-40.325
1338.5,40.98,52.1,0.0,28.2,3,540.941,1.636,-42.574
1338.5,41.09,65.8,0.0,25.4,3,540.244,1.619,-44.059
1338.5,41.37,85.8,0.0,21.6,3,539.138,1.595,-46.271
1338.5,41.59,89.6,0.0,19.7,3,538.365,1.579,-47.737
1347.2,41.96,89.6,0.0,16.9,3,537.149,1.552,-49.928
1347.2,42.19,89.6,0.0,14.8,3,536.299,1.535,-51.381
1347.2,42.54,89.6,0.0,11.8,3,534.967,1.511,-53.544
1356.1,42.91,89.7,0.0,9.4,3,533.565,1.489,-55.689
1356.1,43.16,89.7,0.0,8.3,3,532.595,1.475,-57.110
1356.1,43.54,89.7,0.0,7.7,3,531.087,1.454,-59.228
1356.1,43.79,89.7,0.0,8.1,3,530.049,1.440,-60.633
1364.9,44.18,89.7,0.0,8.2,3,528.447,1.418,-62.729
1364.9,44.43,89.7,0.0,8.1,3,527.349,1.402,-64.119
1364.9,44.82,89.7,0.0,8.0,3,525.659,1.376,-66.195
1364.9,45.06,89.7,0.0,7.8,3,524.503,1.357,-67.571
1373.8,45.45,89.7,0.0,7.3,3,522.728,1.328,-69.625
1373.8,45.70,89.7,0.0,7.2,3,521.517,1.307,-70.986
1373.8,46.08,89.7,0.0,7.0,3,519.658,1.274,-73.016
1373.8,46.33,89.8,0.0,6.9,3,518.391,1.252,-74.361
1382.9,46.70,89.8,0.0,7.1,3,516.449,1.217,-76.364
1382.9,46.95,89.8,0.0,7.1,3,515.129,1.192,-77.692
1382.9,47.32,89.8,0.0,7.0,3,513.109,1.150,-79.670
1382.9,47.69,89.8,0.0,8.5,3,511.042,1.108,-81.631
1392.1,47.92,89.8,0.0,8.2,3,509.636,1.081,-82.926
1392.1,48.28,89.8,0.0,7.8,3,507.485,1.044,-84.849
1392.1,48.52,89.8,0.0,8.7,3,506.023,1.020,-86.118
1392.1,48.87,89.9,0.0,8.9,3,503.791,0.984,-88.000
1401.6,49.09,89.9,0.0,9.2,3,502.276,0.958,-89.241
1401.6,49.43,89.9,0.0,7.8,3,499.963,0.916,-91.080
1401.6,49.66,89.9,0.0,6.5,3,498.394,0.886,-92.289
1401.6,50.00,89.9,0.0,4.1,3,495.999,0.841,-94.077
1411.4,50.23,89.9,0.0,3.6,3,494.376,0.810,-95.252
1411.4,50.57,89.9,0.0,3.7,3,491.906,0.766,-96.995
1411.4,50.80,90.0,0.0,3.5,3,490.236,0.738,-98.144
1411.4,51.14,90.0,0.0,2.5,3,487.701,0.698,-99.853
1421.5,51.48,90.1,0.0,1.2,3,485.133,0.661,-101.550
1421.5,51.71,90.1,0.0,0.4,3,483.404,0.638,-102.676
1421.5,52.03,90.0,0.0,-0.3,0,480.791,0.604,-104.365
1421.5,52.02,0.0,0.0,-0.7,0,479.040,0.582,-105.490
1431.9,52.25,89.8,0.0,-1.4,4,476.409,0.549,-107.178
1431.9,52.46,89.8,0.0,-2.2,4,474.648,0.528,-108.309
1431.9,52.75,89.8,0.0,-3.5,4,471.998,0.495,-110.022
1431.9,52.97,84.6,0.0,-3.3,4,470.227,0.475,-111.177
1442.6,53.28,74.8,0.0,-2.9,4,467.570,0.446,-112.935
1442.6,53.47,68.3,0.0,-3.5,4,465.798,0.429,-114.125
1442.6,53.79,58.6,0.0,-4.4,4,463.139,0.406,-115.939
1442.6,54.01,57.3,0.0,-5.4,4,461.368,0.392,-117.167
1453.7,54.25,57.6,0.0,-6.6,4,458.717,0.371,-119.042
1453.7,54.43,57.7,0.0,-7.1,4,456.954,0.354,-120.313
1453.7,54.65,57.8,0.0,-7.4,4,454.320,0.324,-122.253
1453.7,54.74,40.4,0.0,-7.5,4,452.574,0.302,-123.570
1465.2,54.96,35.5,0.0,-8.4,4,449.976,0.267,-125.587
1465.2,55.11,54.9,0.0,-8.3,4,447.407,0.242,-127.659
1465.2,55.29,58.0,0.0,-7.8,4,445.711,0.230,-129.071
1465.2,55.57,58.1,0.0,-7.0,4,443.185,0.212,-131.233
1476.6,55.75,58.1,0.0,-7.1,4,441.514,0.201,-132.704
1476.6,56.02,58.1,0.0,-5.5,4,439.029,0.186,-134.955
1476.6,56.20,58.2,0.0,-5.1,4,437.387,0.180,-136.485
1476.6,56.48,58.2,0.0,-5.5,4,434.943,0.172,-138.819
1488.2,56.66,58.3,0.0,-5.6,4,433.325,0.169,-140.400
1488.2,56.93,58.4,0.0,-5.7,4,430.914,0.163,-142.808
1488.2,57.11,58.4,0.0,-5.5,4,429.318,0.158,-144.437
1488.2,57.38,58.5,0.0,-5.3,4,426.942,0.151,-146.917
1499.9,57.55,58.6,0.0,-5.2,4,425.371,0.148,-148.594
1499.9,57.82,58.7,0.0,-5.2,4,423.034,0.144,-151.146
1499.9,58.08,58.8,0.0,-5.1,4,420.721,0.145,-153.741
1499.9,58.24,58.8,0.0,-5.2,4,419.193,0.149,-155.495
1511.6,58.51,58.9,0.0,-5.5,4,416.922,0.155,-158.161
1511.6,58.68,58.9,0.0,-5.4,4,415.420,0.156,-159.960
1511.6,58.94,59.0,0.0,-5.8,4,413.187,0.154,-162.692
1511.6,59.10,59.0,0.0,-6.0,4,411.714,0.151,-164.536
1523.2,59.35,59.1,0.0,-6.0,4,409.527,0.144,-167.336
1523.2,59.52,59.1,0.0,-6.1,4,408.085,0.136,-169.226
1523.2,59.76,59.1,0.0,-7.1,4,405.948,0.122,-172.095
1523.2,59.92,59.2,0.0,-6.2,4,404.543,0.112,-174.032
1535.0,60.16,59.2,0.0,-5.0,4,402.464,0.097,-176.974
1535.0,60.32,59.2,0.0,-4.9,4,401.096,0.084,-178.957
1535.0,60.56,59.3,0.0,-4.4,4,399.072,0.063,-181.964
1535.0,60.71,59.1,0.0,-4.1,4,397.739,0.048,-183.991
1547.0,60.95,59.0,0.0,-3.4,4,395.765,0.026,-187.060
1547.0,61.19,58.8,0.0,-2.8,4,393.816,0.005,-190.162
1547.0,61.34,58.5,0.0,-2.7,0,392.530,-0.006,-192.248
1559.2,61.29,87.8,0.0,-1.9,5,390.623,-0.022,-195.393
1559.2,61.44,81.1,0.0,-1.4,5,389.364,-0.031,-197.500
1559.2,61.66,71.0,0.0,-1.6,5,387.489,-0.043,-200.681
1559.2,61.80,64.3,0.0,-1.6,5,386.246,-0.049,-202.814
1571.5,62.01,56.3,0.0,-2.5,5,384.392,-0.055,-206.032
1571.5,62.16,56.3,0.0,-2.9,5,383.162,-0.058,-208.189
1571.5,62.37,56.5,0.0,-2.8,5,381.330,-0.063,-211.444
1571.5,62.51,56.5,0.0,-2.1,5,380.117,-0.066,-213.628
1584.0,62.73,56.6,0.0,-0.1,5,378.313,-0.071,-216.923
1584.0,62.87,56.7,0.0,0.2,5,377.116,-0.075,-219.131
1584.0,63.08,56.8,0.0,-0.3,5,375.326,-0.079,-222.458
1584.0,63.22,56.9,0.0,-0.6,5,374.133,-0.081,-224.684
1596.6,63.43,57.0,0.0,-0.5,5,372.341,-0.082,-228.034
1596.6,63.64,57.1,0.0,-0.3,5,370.548,-0.083,-231.397
1596.6,63.78,57.1,0.0,-0.3,5,369.351,-0.085,-233.647
1596.6,63.99,57.2,0.0,-0.4,5,367.556,-0.090,-237.033
1609.3,64.13,57.3,0.0,-0.6,5,366.358,-0.095,-239.298
1609.3,64.33,57.4,0.0,-0.8,5,364.560,-0.105,-242.706
1609.3,64.47,57.5,0.0,-1.0,5,363.361,-0.112,-244.986
1609.3,64.68,57.6,0.0,-1.1,5,361.562,-0.126,-248.417
1622.2,64.81,57.6,0.0,-1.1,5,360.364,-0.135,-250.713
1622.2,65.22,57.8,0.0,-0.6,5,356.777,-0.164,-257.641
1622.2,65.35,57.9,0.0,-0.6,5,355.585,-0.174,-259.964
1635.2,65.56,57.9,0.0,-0.2,5,353.800,-0.189,-263.462
1635.2,65.69,58.0,0.0,-0.2,5,352.611,-0.199,-265.802
1635.2,65.89,58.0,0.0,-0.1,5,350.829,-0.215,-269.323
1635.2,66.09,58.1,0.0,-0.0,5,349.045,-0.231,-272.858
1648.4,66.22,58.1,0.0,-0.0,5,347.854,-0.241,-275.220
1648.4,66.42,58.1,0.0,-0.1,5,346.064,-0.257,-278.774
1648.4,66.55,58.2,0.0,-0.1,5,344.869,-0.268,-281.149
1648.4,66.74,58.2,0.0,-0.5,5,343.071,-0.286,-284.720
1661.7,66.87,58.2,0.0,-0.7,5,341.871,-0.299,-287.107
1661.7,67.06,58.3,0.0,-0.7,5,340.070,-0.319,-290.698
1661.7,67.19,58.3,0.0,-0.6,5,338.869,-0.333,-293.099
1661.7,67.37,58.4,0.0,-0.3,5,337.070,-0.354,-296.713
1675.1,67.50,58.4,0.0,-0.3,5,335.871,-0.369,-299.129
1675.1,67.69,58.4,0.0,-0.2,5,334.073,-0.398,-302.763
1675.1,67.80,58.5,0.0,-0.2,5,332.874,-0.414,-305.193
1675.1,67.99,58.5,0.0,-0.1,5,331.077,-0.433,-308.848
1688.6,68.11,58.5,0.0,-0.2,5,329.877,-0.447,-311.292
1688.6,68.30,58.6,0.0,-0.2,5,328.076,-0.471,-314.966
1688.6,68.48,58.6,0.0,-0.2,5,326.272,-0.497,-318.651
1688.6,68.60,58.7,0.0,-0.1,5,325.068,-0.513,-321.113
1702.3,68.77,58.7,0.0,-0.1,5,323.260,-0.536,-324.816
1702.3,68.89,58.8,0.0,-0.0,5,322.053,-0.551,-327.290
1702.3,69.07,58.8,0.0,-0.1,5,320.240,-0.574,-331.010
1702.3,69.19,58.8,0.0,-0.1,5,319.029,-0.590,-333.496
1716.1,69.36,58.9,0.0,-0.1,5,317.211,-0.613,-337.233
1716.1,69.48,58.9,0.0,-0.1,5,315.996,-0.629,-339.730
1716.1,69.65,59.0,0.0,-0.1,5,314.172,-0.654,-343.484
1716.1,69.77,59.0,0.0,-0.1,5,312.955,-0.670,-345.992
1730.0,69.94,59.1,0.0,-0.1,5,311.125,-0.694,-349.763
1730.0,70.05,59.1,0.0,-0.1,5,309.904,-0.710,-352.282
1730.0,70.22,59.1,0.0,-0.1,5,308.069,-0.735,-356.068
1730.0,70.33,59.2,0.0,-0.1,5,306.845,-0.752,-358.598
1744.0,70.50,59.2,0.0,-0.1,5,305.005,-0.780,-362.401
1744.0,70.66,59.2,0.0,-0.1,5,303.163,-0.808,-366.214
1744.0,70.77,59.2,0.0,-0.1,5,301.933,-0.829,-368.761
1758.1,70.94,59.3,0.0,-0.1,5,300.085,-0.859,-372.589
1758.1,71.04,59.3,0.0,-0.1,5,298.852,-0.880,-375.147
1758.1,71.21,59.3,0.0,-0.0,5,296.999,-0.912,-378.991
1758.1,71.32,59.3,0.0,-0.0,5,295.763,-0.934,-381.559
1772.3,71.47,59.3,0.0,-0.0,5,293.905,-0.967,-385.418
1772.3,71.58,59.3,0.0,-0.0,5,292.665,-0.990,-387.996
1772.3,71.74,59.4,0.0,-0.0,5,290.802,-1.021,-391.871
1772.3,71.84,59.4,0.0,-0.0,5,289.559,-1.042,-394.459
1786.7,72.00,59.4,0.0,0.0,5,287.690,-1.075,-398.348
1786.7,72.10,59.4,0.0,0.0,5,286.442,-1.097,-400.945
1786.7,72.25,59.4,0.0,0.1,5,284.567,-1.133,-404.848
1786.7,72.35,59.4,0.0,0.1,5,283.314,-1.155,-407.454
1801.1,72.49,59.2,0.0,0.1,5,281.431,-1.183,-411.370
1801.1,72.64,59.1,0.0,0.1,5,279.544,-1.209,-415.293
1801.1,72.74,59.1,0.0,0.1,5,278.283,-1.228,-417.913
1801.1,72.88,58.9,0.0,0.1,5,276.387,-1.256,-421.849
1815.7,72.97,58.9,0.0,0.1,5,275.120,-1.275,-424.476
1815.7,73.11,58.8,0.0,0.2,5,273.215,-1.304,-428.423
1815.7,73.20,58.7,0.0,0.2,5,271.942,-1.323,-431.057
1815.7,73.17,0.0,0.0,0.2,0,270.029,-1.353,-435.012
1830.3,73.19,85.0,0.0,0.2,6,268.753,-1.373,-437.645
1830.3,73.33,75.4,0.0,0.2,6,266.835,-1.403,-441.600
1830.3,73.42,69.1,0.0,0.2,6,265.552,-1.422,-444.240
1830.3,73.56,59.5,0.0,0.3,6,263.622,-1.451,-448.204
1845.0,73.65,58.2,0.0,0.3,6,262.331,-1.470,-450.850
1845.0,73.78,58.3,0.0,0.3,6,260.389,-1.497,-454.824
1845.0,73.88,58.3,0.0,0.3,6,259.090,-1.514,-457.476
1845.0,74.01,58.3,0.0,0.3,6,257.135,-1.540,-461.458
1859.8,74.14,58.4,0.0,0.3,6,255.172,-1.565,-465.445
1859.8,74.23,58.4,0.0,0.3,6,253.860,-1.584,-468.106
1859.8,74.36,58.4,0.0,0.3,6,251.883,-1.610,-472.101
1859.8,74.44,58.4,0.0,0.3,6,250.562,-1.627,-474.767
1874.6,74.57,58.4,0.0,0.3,6,248.572,-1.654,-478.770
1874.6,74.66,58.5,0.0,0.3,6,247.241,-1.671,-481.441
1874.6,74.78,58.5,0.0,0.3,6,245.238,-1.695,-485.451
1874.6,74.87,58.5,0.0,0.2,6,243.898,-1.711,-488.127
1889.6,74.99,58.5,0.0,0.2,6,241.882,-1.734,-492.145
1889.6,75.07,58.5,0.0,0.2,6,240.534,-1.749,-494.827
1889.6,75.20,58.6,0.0,0.3,6,238.506,-1.771,-498.852
1889.6,75.28,58.6,0.0,0.2,6,237.150,-1.786,-501.539
1904.6,75.40,58.6,0.0,0.2,6,235.111,-1.809,-505.573
1904.6,75.48,58.6,0.0,0.2,6,233.748,-1.825,-508.265
1904.6,75.61,58.6,0.0,0.2,6,231.698,-1.849,-512.308
1904.6,75.72,58.7,0.0,0.2,6,229.642,-1.872,-516.355
1919.7,75.80,58.7,0.0,0.2,6,228.268,-1.887,-519.056
1919.7,75.93,58.7,0.0,0.1,6,226.201,-1.913,-523.112
1919.7,76.01,58.7,0.0,0.1,6,224.820,-1.930,-525.818
1919.7,76.12,58.8,0.0,0.1,6,222.744,-1.953,-529.882
1934.9,76.19,58.9,0.0,0.0,6,221.357,-1.966,-532.594
1934.9,76.31,58.9,0.0,-0.0,6,219.273,-1.988,-536.666
1934.9,76.39,58.9,0.0,-0.1,6,217.881,-2.004,-539.385
1934.9,76.51,58.9,0.0,-0.2,6,215.792,-2.032,-543.468
1950.2,76.59,58.9,0.0,-0.2,6,214.397,-2.054,-546.194
1950.2,76.70,58.9,0.0,-0.3,6,212.306,-2.093,-550.289
1950.2,76.78,59.0,0.0,-0.3,6,210.912,-2.121,-553.023
1950.2,76.89,59.0,0.0,-0.3,6,208.821,-2.165,-557.132
1965.5,76.97,59.0,0.0,-0.4,6,207.429,-2.195,-559.876
1965.5,77.08,59.0,0.0,-0.4,6,205.341,-2.243,-563.998
1965.5,77.19,59.1,0.0,-0.4,6,203.257,-2.293,-568.130
1965.5,77.27,59.1,0.0,-0.4,6,201.869,-2.327,-570.889
1980.9,77.37,59.1,0.0,-0.4,6,199.789,-2.378,-575.036
1980.9,77.45,59.1,0.0,-0.4,6,198.405,-2.412,-577.805
1980.9,77.56,59.2,0.0,-0.3,6,196.332,-2.466,-581.967
1980.9,77.63,59.2,0.0,-0.3,6,194.952,-2.502,-584.747
1996.4,77.74,59.2,0.0,-0.2,6,192.884,-2.555,-588.924
1996.4,77.81,59.3,0.0,-0.1,6,191.507,-2.589,-591.713
1996.4,77.93,59.3,0.0,0.0,6,189.443,-2.643,-595.903
1996.4,78.00,59.2,0.0,0.1,6,188.066,-2.682,-598.701
2012.0,78.11,59.3,0.0,0.3,6,186.001,-2.738,-602.904
2012.0,78.18,59.3,0.0,0.4,6,184.622,-2.775,-605.708
2012.0,78.28,59.3,0.0,0.5,6,182.549,-2.832,-609.919
2027.6,78.38,59.3,0.0,0.6,6,180.469,-2.883,-614.133
2027.6,78.45,59.4,0.0,0.7,6,179.076,-2.917,-616.943
2027.6,78.56,59.4,0.0,0.9,6,176.979,-2.969,-621.160
2027.6,78.62,59.4,0.0,1.0,6,175.573,-3.003,-623.972
2043.3,78.72,59.4,0.0,0.9,6,173.453,-3.046,-628.189
2043.3,78.79,59.4,0.0,0.9,6,172.031,-3.072,-631.000
2043.3,78.89,59.4,0.0,0.9,6,169.886,-3.110,-635.215
2043.3,78.96,59.4,0.0,0.9,6,168.447,-3.134,-638.025
2059.1,79.05,59.4,0.0,0.7,6,166.276,-3.168,-642.239
2059.1,79.11,59.5,0.0,0.6,6,164.820,-3.188,-645.047
2059.1,79.21,59.5,0.0,0.5,6,162.625,-3.214,-649.258
2059.1,79.27,59.5,0.0,0.5,6,161.153,-3.229,-652.065
2074.9,79.36,59.5,0.0,0.5,6,158.935,-3.247,-656.276
2074.9,79.42,59.5,0.0,0.5,6,157.450,-3.256,-659.083
2074.9,79.52,59.5,0.0,0.5,6,155.213,-3.265,-663.293
2074.9,79.58,59.5,0.0,0.5,6,153.715,-3.268,-666.101
2090.8,79.67,59.5,0.0,0.5,6,151.460,-3.270,-670.312
2090.8,79.73,59.5,0.0,0.4,6,149.951,-3.270,-673.120
2090.8,79.81,59.6,0.0,0.5,6,147.679,-3.264,-677.333
2090.8,79.90,59.6,0.0,0.5,6,145.397,-3.256,-681.545
2106.7,79.96,59.6,0.0,1.1,6,143.869,-3.248,-684.354
2106.7,80.04,59.6,0.0,1.5,6,141.567,-3.232,-688.565
2106.7,80.09,59.6,0.0,1.5,6,140.023,-3.219,-691.371
2106.7,80.17,59.6,0.0,1.1,6,137.691,-3.194,-695.575
2122.7,80.23,59.6,0.0,0.7,6,136.124,-3.175,-698.374
2122.7,80.30,59.5,0.0,0.7,6,133.756,-3.142,-702.568
2122.7,80.36,59.5,0.0,0.9,6,132.168,-3.117,-705.361
2122.7,80.44,59.5,0.0,1.0,6,129.771,-3.077,-709.547
2138.7,80.48,59.5,0.0,1.2,6,128.165,-3.048,-712.336
2138.7,80.55,59.3,0.0,1.6,6,125.740,-2.998,-716.514
2138.7,80.59,52.6,6.9,1.7,6,124.113,-2.961,-719.296
2138.7,80.19,0.0,55.6,1.7,6,121.661,-2.900,-723.454
2154.7,79.55,0.0,75.2,1.7,6,120.025,-2.856,-726.200
2154.7,78.35,0.0,83.4,0.6,6,117.582,-2.786,-730.262
2154.7,77.08,0.0,84.8,0.8,6,115.156,-2.707,-734.246
2154.7,76.23,0.0,85.5,1.0,6,113.550,-2.651,-736.859
2170.2,74.94,0.0,85.1,1.0,6,111.159,-2.565,-740.715
2170.2,74.11,0.0,85.4,0.9,6,109.577,-2.506,-743.243
2170.2,72.84,0.0,85.2,0.8,6,107.222,-2.417,-746.972
2170.2,72.00,0.0,85.1,0.7,6,105.665,-2.357,-749.416
2184.8,70.76,0.0,85.7,1.4,6,103.347,-2.266,-753.019
2184.8,69.91,0.0,84.9,1.7,6,101.815,-2.209,-755.379
2184.8,68.67,0.0,84.9,2.1,6,99.533,-2.123,-758.856
2184.8,67.87,0.0,87.6,1.7,6,98.022,-2.072,-761.134
2198.6,66.56,0.0,82.7,0.8,6,95.772,-2.001,-764.482
2198.6,65.75,0.0,83.2,0.7,6,94.277,-1.951,-766.668
2198.6,64.55,0.0,85.2,1.4,6,92.046,-1.874,-769.880
2198.6,63.72,0.0,84.6,1.5,0,90.568,-1.826,-771.978
2211.6,62.51,0.0,85.4,1.3,5,88.365,-1.753,-775.061
2211.6,61.30,0.0,85.5,1.7,5,86.179,-1.679,-778.066
2211.6,59.69,0.0,84.6,1.0,5,83.296,-1.585,-781.955
2223.7,58.48,0.0,83.8,1.5,5,81.157,-1.519,-784.785
2223.7,57.29,0.0,83.6,2.0,5,79.039,-1.456,-787.539
2223.7,56.11,0.0,84.1,3.6,5,76.940,-1.396,-790.219
2235.0,54.93,0.0,84.1,4.5,5,74.858,-1.339,-792.821
2235.0,53.75,0.0,84.0,4.5,0,72.790,-1.285,-795.345
2235.0,51.85,0.0,72.9,2.6,4,69.367,-1.199,-799.368
2245.5,50.84,0.0,49.9,1.5,4,67.320,-1.149,-801.671
2245.5,49.77,0.0,19.6,2.0,4,63.885,-1.068,-805.339
2245.5,49.38,0.0,14.8,5.6,4,61.789,-1.018,-807.450
2255.4,49.04,0.0,11.9,9.3,4,59.665,-0.970,-809.501
2255.4,48.74,0.0,10.9,10.8,4,57.515,-0.920,-811.497
2255.4,48.45,0.0,9.2,11.2,4,55.338,-0.869,-813.437
2265.1,48.17,0.0,8.3,11.0,4,53.135,-0.819,-815.320
2265.1,47.91,0.0,6.5,11.1,4,50.904,-0.770,-817.146
2265.1,47.65,0.0,5.0,11.1,4,48.643,-0.722,-818.909
2274.6,47.35,0.0,2.5,11.9,4,45.582,-0.658,-821.160
2274.6,47.15,0.0,0.4,13.0,4,43.252,-0.610,-822.774
2274.6,46.96,1.2,0.0,13.7,4,40.893,-0.564,-824.325
2284.1,46.80,6.6,0.0,14.3,4,38.504,-0.517,-825.810
2284.1,46.64,6.0,0.0,14.7,4,36.086,-0.470,-827.227
2284.1,46.49,7.7,0.0,15.2,4,33.640,-0.422,-828.577
2284.1,46.33,4.3,0.0,15.6,4,31.167,-0.375,-829.859
2293.7,46.17,4.6,0.0,15.9,4,28.671,-0.328,-831.071
2293.7,46.01,7.7,0.0,15.9,4,26.153,-0.281,-832.213
2293.7,45.81,7.6,0.0,16.0,4,22.761,-0.217,-833.621
2303.3,45.71,7.7,0.0,16.0,4,21.052,-0.185,-834.277
2303.3,45.55,4.3,0.0,16.8,4,18.475,-0.136,-835.200
2303.3,45.44,3.0,0.0,17.5,4,16.749,-0.104,-835.777
2303.3,45.27,4.0,0.0,18.3,4,14.151,-0.060,-836.584
2312.9,45.15,4.4,0.0,18.1,4,12.412,-0.030,-837.082
2312.9,44.98,4.7,0.0,17.1,4,9.796,0.015,-837.764
2312.9,44.86,2.7,0.9,16.3,4,8.047,0.047,-838.176
2312.9,44.68,1.9,0.0,15.6,4,5.419,0.095,-838.731
2322.4,44.56,0.5,1.1,15.3,4,3.664,0.127,-839.060
2322.4,44.38,0.1,0.6,14.8,4,1.032,0.172,-839.493
2322.4,44.25,0.0,1.9,14.7,4,-0.723,0.202,-839.742
2322.4,44.05,0.0,0.7,15.4,4,-3.354,0.246,-840.055
2331.7,43.93,0.0,0.5,15.3,4,-5.105,0.274,-840.225
2331.7,43.75,0.5,0.3,13.5,4,-7.728,0.315,-840.421
2331.7,43.58,0.0,2.3,12.5,0,-10.345,0.354,-840.547
2331.7,43.48,37.1,0.4,12.4,0,-12.086,0.380,-840.594
2341.1,43.45,46.2,0.0,11.9,3,-14.692,0.416,-840.610
2341.1,43.55,67.9,0.0,11.8,3,-16.431,0.439,-840.584
2341.1,43.59,9.6,27.3,12.4,3,-19.047,0.472,-840.496
2341.1,43.28,0.0,39.0,13.1,3,-20.783,0.492,-840.405
2350.4,42.77,0.0,5.4,12.7,3,-23.357,0.519,-840.222
2350.4,42.66,29.1,0.0,11.6,3,-25.058,0.535,-840.068
2350.4,42.91,89.6,0.0,11.2,3,-27.607,0.558,-839.785
2350.4,43.16,89.7,0.0,11.6,3,-29.314,0.571,-839.564
2359.6,43.52,89.7,0.0,12.8,3,-31.885,0.588,-839.182
2359.6,43.75,89.7,0.0,13.7,3,-33.605,0.598,-838.893
2359.6,44.10,89.7,0.0,14.9,3,-36.195,0.614,-838.404
2368.7,44.45,89.7,0.0,15.4,3,-38.792,0.630,-837.848
2368.7,44.68,89.7,0.0,15.5,3,-40.526,0.641,-837.440
2368.7,45.02,89.7,0.0,15.7,3,-43.132,0.658,-836.771
2368.7,45.25,89.7,0.0,15.8,3,-44.870,0.668,-836.287
2378.2,45.59,89.7,0.0,16.6,3,-47.480,0.680,-835.505
2378.2,45.80,89.7,0.0,17.3,3,-49.220,0.687,-834.945
2378.2,46.13,89.8,0.0,17.4,3,-51.826,0.697,-834.046
2378.2,46.34,89.8,0.0,17.8,3,-53.560,0.704,-833.406
2387.9,46.66,89.8,0.0,18.7,3,-56.156,0.714,-832.385
2387.9,46.87,89.8,0.0,19.3,3,-57.882,0.719,-831.665
2387.9,47.19,89.8,0.0,20.4,3,-60.464,0.723,-830.528
2387.9,47.39,89.8,0.0,21.2,3,-62.179,0.724,-829.731
2397.7,47.69,89.8,0.0,22.4,3,-64.740,0.724,-828.476
2397.7,47.89,89.8,0.0,23.4,3,-66.438,0.723,-827.600
2397.7,48.15,76.7,0.0,25.1,3,-68.971,0.721,-826.227
2397.7,48.34,68.3,0.0,26.8,3,-71.481,0.716,-824.786
2407.5,48.43,61.9,0.0,28.1,3,-73.139,0.711,-823.788
2407.5,48.53,54.2,0.0,29.8,3,-75.599,0.703,-822.235
2407.5,48.57,49.0,0.0,30.6,3,-77.219,0.697,-821.165
2407.5,48.61,43.2,0.0,31.7,3,-79.618,0.686,-819.507
2417.2,48.60,36.2,0.0,32.3,3,-81.195,0.678,-818.370
2417.2,48.56,33.2,0.0,32.8,3,-83.521,0.664,-816.614
2417.2,48.53,33.4,0.0,33.3,3,-85.047,0.655,-815.413
2417.2,48.48,31.7,0.0,34.1,3,-87.294,0.638,-813.564
2426.7,48.41,15.8,0.0,34.3,3,-88.765,0.626,-812.302
2426.7,48.24,11.9,0.0,34.3,3,-90.925,0.605,-810.367
2426.7,48.13,11.8,0.0,34.4,3,-92.333,0.591,-809.051
2426.7,47.95,11.7,0.0,34.1,3,-94.397,0.566,-807.038
2435.9,47.84,11.6,0.0,33.5,3,-95.738,0.550,-805.670
2435.9,47.67,11.5,0.0,32.4,3,-97.698,0.526,-803.580
2435.9,47.56,11.4,0.0,31.7,3,-98.970,0.510,-802.162
2435.9,47.39,11.3,0.0,30.1,3,-100.825,0.484,-800.001
2445.0,47.34,41.2,0.0,28.0,3,-102.618,0.455,-797.797
2445.0,47.38,52.8,0.0,26.7,3,-103.781,0.436,-796.302
2445.0,47.55,72.4,0.0,25.6,3,-105.481,0.405,-794.019
2445.0,47.69,69.2,0.0,24.8,3,-106.588,0.383,-792.469
2454.2,47.92,87.0,0.0,23.5,3,-108.209,0.347,-790.104
2454.2,48.12,89.9,0.0,22.4,3,-109.265,0.321,-788.500
2454.2,48.40,89.9,0.0,18.2,3,-110.816,0.275,-786.056
2454.2,48.60,89.9,0.0,14.2,3,-111.824,0.241,-784.399
2463.6,48.90,89.9,0.0,7.4,3,-113.294,0.187,-781.871
2463.6,49.10,89.6,0.0,2.7,3,-114.244,0.149,-780.158
2463.6,49.35,90.0,0.0,-2.6,0,-115.628,0.091,-777.549
2463.6,49.36,0.0,0.0,-5.7,0,-116.523,0.050,-775.788
2473.3,49.47,83.6,0.0,-5.2,4,-117.819,-0.011,-773.125
2473.3,49.69,89.7,0.0,-3.8,4,-118.665,-0.058,-771.333
2473.3,50.01,89.7,0.0,-2.7,4,-119.922,-0.136,-768.620
2473.3,50.35,89.7,0.0,-1.7,4,-121.183,-0.219,-765.887
2483.4,50.58,89.7,0.0,-1.8,4,-122.032,-0.275,-764.057
2483.4,50.89,89.7,0.0,-2.4,4,-123.324,-0.355,-761.302
2483.4,51.12,89.7,0.0,-2.8,4,-124.198,-0.410,-759.461
2483.4,51.45,89.7,0.0,-2.5,4,-125.529,-0.502,-756.690
2493.7,51.66,89.8,0.0,-2.7,4,-126.432,-0.567,-754.837
2493.7,51.98,89.8,0.0,-1.8,4,-127.812,-0.664,-752.053
2493.7,52.20,89.8,0.0,-1.8,4,-128.749,-0.728,-750.194
2493.7,52.53,89.8,0.0,-1.9,4,-130.178,-0.823,-747.398
2504.4,52.74,89.8,0.0,-2.9,4,-131.145,-0.888,-745.530
2504.4,53.06,81.3,0.0,-2.6,4,-132.619,-0.986,-742.721
2504.4,53.27,74.8,0.0,-3.0,4,-133.619,-1.051,-740.846
2504.4,53.60,65.3,0.0,-2.9,4,-135.143,-1.148,-738.028
2515.3,53.80,58.7,0.0,-3.3,4,-136.175,-1.216,-736.146
2515.3,54.14,57.4,0.0,-2.3,4,-137.749,-1.324,-733.318
2515.3,54.46,57.6,0.0,-1.7,4,-139.352,-1.439,-730.484
2515.3,54.69,57.6,0.0,-1.8,4,-140.437,-1.520,-728.592
2526.4,55.00,57.8,0.0,-1.4,4,-142.087,-1.645,-725.749
2526.4,55.21,57.9,0.0,-2.5,4,-143.202,-1.733,-723.850
2526.4,55.53,58.0,0.0,-3.0,4,-144.895,-1.871,-720.996
2526.4,55.73,58.0,0.0,-2.8,4,-146.040,-1.964,-719.091
2537.5,56.05,58.1,0.0,-1.7,4,-147.783,-2.105,-716.230
2537.5,56.25,58.2,0.0,-1.4,4,-148.961,-2.198,-714.321
2537.5,56.56,58.2,0.0,-2.5,4,-150.749,-2.340,-711.451
2537.5,56.76,58.3,0.0,-3.2,4,-151.955,-2.436,-709.536
2548.9,57.06,58.4,0.0,-3.1,4,-153.788,-2.578,-706.659
2548.9,57.26,58.5,0.0,-2.7,4,-155.027,-2.670,-704.741
2548.9,57.55,58.6,0.0,-1.8,4,-156.913,-2.802,-701.862
2548.9,57.75,58.6,0.0,-1.3,4,-158.187,-2.889,-699.942
2560.5,58.04,58.7,0.0,-1.1,4,-160.118,-3.017,-697.059
2560.5,58.33,58.8,0.0,-1.3,4,-162.073,-3.143,-694.170
2560.5,58.53,58.9,0.0,-1.4,4,-163.388,-3.225,-692.240
2572.2,58.81,59.0,0.0,-1.4,4,-165.377,-3.342,-689.339
2572.2,59.00,59.0,0.0,-1.3,4,-166.714,-3.416,-687.401
2572.2,59.28,59.1,0.0,-1.2,4,-168.738,-3.517,-684.488
2572.2,59.46,59.1,0.0,-1.2,4,-170.098,-3.580,-682.544
2584.1,59.73,59.1,0.0,-1.1,4,-172.156,-3.666,-679.621
2584.1,59.91,59.2,0.0,-1.0,4,-173.540,-3.718,-677.670
2584.1,60.17,59.2,0.0,-0.9,4,-175.632,-3.784,-674.739
2584.1,60.34,59.3,0.0,-0.9,4,-177.038,-3.820,-672.782
2596.3,60.60,59.1,0.0,-0.9,4,-179.162,-3.865,-669.841
2596.3,60.77,58.9,0.0,-0.9,4,-180.589,-3.889,-667.877
2596.3,61.02,58.8,0.0,-0.9,4,-182.743,-3.920,-664.927
2596.3,61.26,58.5,0.0,-0.9,0,-184.915,-3.946,-661.971
2608.5,61.22,0.0,0.0,-0.8,0,-186.369,-3.962,-659.999
2608.5,61.37,81.1,0.0,-0.7,5,-188.558,-3.986,-657.046
2608.5,61.52,74.3,0.0,-0.7,5,-190.025,-3.999,-655.074
2608.5,61.74,64.3,0.0,-0.7,5,-192.239,-4.017,-652.113
2620.8,61.89,57.5,0.0,-0.7,5,-193.724,-4.027,-650.136
2620.8,62.11,56.3,0.0,-0.7,5,-195.963,-4.040,-647.165
2620.8,62.25,56.4,0.0,-0.7,5,-197.463,-4.046,-645.182
2620.8,62.47,56.5,0.0,-0.8,5,-199.726,-4.052,-642.202
2633.2,62.61,56.6,0.0,-0.7,5,-201.242,-4.054,-640.213
2633.2,62.83,56.7,0.0,-0.6,5,-203.528,-4.054,-637.224
2633.2,62.97,56.8,0.0,-0.6,5,-205.060,-4.051,-635.229
2633.2,63.17,56.9,0.0,-0.8,5,-207.370,-4.041,-632.232
2645.8,63.31,57.0,0.0,-0.9,5,-208.917,-4.031,-630.231
2645.8,63.52,57.1,0.0,-1.0,5,-211.250,-4.010,-627.226
2645.8,63.66,57.1,0.0,-1.1,5,-212.814,-3.996,-625.220
2645.8,63.87,57.2,0.0,-1.3,5,-215.172,-3.974,-622.208
2658.4,64.07,57.3,0.0,-1.6,5,-217.548,-3.951,-619.193
2658.4,64.21,57.3,0.0,-1.6,5,-219.141,-3.937,-617.183
2658.4,64.41,57.4,0.0,-1.7,5,-221.548,-3.918,-614.167
2658.4,64.54,57.5,0.0,-1.2,5,-223.164,-3.906,-612.158
2671.2,64.75,57.5,0.0,-1.3,5,-225.605,-3.894,-609.144
2671.2,64.88,57.6,0.0,-1.3,5,-227.243,-3.890,-607.135
2671.2,65.08,57.7,0.0,-1.3,5,-229.717,-3.888,-604.122
2671.2,65.19,42.5,7.2,-1.1,5,-231.378,-3.889,-602.114
2684.2,64.88,0.0,45.6,-0.9,5,-233.875,-3.896,-599.111
2684.2,64.38,0.0,67.6,-0.8,5,-235.535,-3.904,-597.127
2684.2,63.35,0.0,79.3,-0.5,5,-238.003,-3.919,-594.192
2684.2,62.60,0.0,82.3,-0.5,5,-239.630,-3.931,-592.267
2697.0,61.43,0.0,83.7,-0.1,5,-242.040,-3.954,-589.429
2697.0,60.64,0.0,84.1,-0.1,5,-243.625,-3.972,-587.570
2697.0,59.46,0.0,84.3,-0.1,5,-245.971,-4.003,-584.832
2697.0,58.29,0.0,84.7,-0.1,5,-248.278,-4.037,-582.154
2709.1,57.49,0.0,84.0,-0.2,5,-249.793,-4.062,-580.400
2709.1,56.33,0.0,84.1,-0.2,5,-252.031,-4.100,-577.819
2709.1,55.55,0.0,84.3,-0.1,5,-253.500,-4.125,-576.130
2709.1,54.39,0.0,84.2,0.1,5,-255.670,-4.164,-573.643
2720.3,53.62,0.0,84.4,0.0,5,-257.093,-4.189,-572.016
2720.3,52.48,38.5,85.1,-0.1,0,-259.194,-4.227,-569.623
2720.3,51.72,0.0,86.0,-0.4,4,-260.572,-4.252,-568.057
2720.3,50.54,0.0,84.8,-0.6,4,-262.603,-4.291,-565.755
2730.7,49.77,0.0,84.3,-0.8,4,-263.934,-4.317,-564.252
2730.7,48.63,0.0,84.2,-1.2,4,-265.897,-4.356,-562.044
2730.7,47.88,0.0,84.7,-1.5,4,-267.184,-4.383,-560.604
2730.7,46.72,0.0,83.8,-1.9,4,-269.082,-4.422,-558.492
2740.3,45.97,0.0,84.1,-1.9,4,-270.327,-4.447,-557.116
2740.3,44.84,34.5,84.2,-2.1,0,-272.164,-4.482,-555.102
2740.3,43.73,0.0,85.6,-1.9,3,-273.969,-4.515,-553.149
2740.3,42.97,0.0,85.1,-1.9,3,-275.153,-4.537,-551.880
2749.2,41.83,0.0,84.8,-2.2,3,-276.902,-4.569,-550.030
2749.2,41.09,0.0,84.9,-2.4,3,-278.050,-4.589,-548.831
2749.2,39.96,0.0,84.9,-2.3,3,-279.746,-4.620,-547.087
2749.2,39.21,0.0,84.9,-2.0,3,-280.860,-4.640,-545.960
2757.4,38.09,0.0,84.3,-1.1,3,-282.507,-4.667,-544.324
2757.4,37.36,41.8,80.7,-0.5,0,-283.589,-4.685,-543.270
2757.4,36.35,0.0,73.6,-0.3,2,-285.191,-4.710,-541.744
2757.4,35.69,0.0,69.0,-0.1,2,-286.247,-4.726,-540.762
2764.8,34.75,0.0,65.7,0.6,2,-287.813,-4.750,-539.341
2764.8,33.84,0.0,63.1,0.1,2,-289.360,-4.774,-537.982
2764.8,33.26,0.0,62.6,-0.8,2,-290.382,-4.789,-537.110
2771.5,32.38,0.0,64.5,-2.6,2,-291.901,-4.811,-535.854
2771.5,31.79,0.0,64.6,-3.9,2,-292.904,-4.825,-535.051
2771.5,30.91,0.0,63.3,-3.9,2,-294.392,-4.845,-533.899
2771.5,30.34,0.0,57.5,-6.8,2,-295.373,-4.857,-533.164
2777.5,29.56,0.0,48.5,-6.6,2,-296.831,-4.875,-532.111
2777.5,29.10,0.0,44.9,-5.0,0,-297.795,-4.886,-531.442
2777.5,28.50,0.0,43.9,-9.1,1,-299.233,-4.902,-530.481
2777.5,28.08,0.0,42.6,-13.6,1,-300.185,-4.912,-529.868
2783.0,27.47,0.0,40.4,-18.5,1,-301.606,-4.925,-528.995
2783.0,27.06,0.0,38.7,-18.6,1,-302.548,-4.933,-528.444
2783.0,26.47,0.0,40.6,-12.2,1,-303.953,-4.944,-527.663
2783.0,26.08,0.0,37.8,-9.4,1,-304.882,-4.951,-527.171
2788.1,25.54,0.0,32.1,-7.6,1,-306.264,-4.960,-526.471
2788.1,25.06,0.0,30.7,-8.8,1,-307.632,-4.968,-525.812
2788.1,24.75,0.0,25.8,-11.0,1,-308.536,-4.973,-525.393
2788.1,24.37,0.0,16.9,-14.5,1,-309.884,-4.978,-524.797
2793.0,24.17,0.0,13.2,-18.2,1,-310.779,-4.981,-524.421
2793.0,23.90,0.0,12.8,-23.6,1,-312.121,-4.984,-523.890
2793.0,23.73,0.0,9.7,-25.9,1,-313.015,-4.985,-523.562
2793.0,23.49,0.0,11.3,-26.0,1,-314.358,-4.985,-523.110
2798.4,23.32,0.0,8.9,-26.2,1,-315.254,-4.984,-522.837
2798.4,23.10,0.0,9.4,-27.1,1,-316.598,-4.981,-522.473
2798.4,22.93,0.0,9.2,-29.9,1,-317.495,-4.978,-522.260
2798.4,22.69,0.0,4.1,-32.7,1,-318.836,-4.970,-521.990
2805.4,22.57,10.0,0.1,-32.7,1,-319.729,-4.964,-521.842
2805.4,22.62,42.9,0.0,-32.2,1,-321.072,-4.953,-521.666
2805.4,22.76,54.0,0.0,-31.6,1,-321.976,-4.947,-521.575
2805.4,23.07,38.5,0.0,-28.9,1,-323.348,-4.942,-521.475
2811.0,23.20,40.7,0.0,-29.2,1,-324.272,-4.941,-521.433
2811.0,23.27,7.6,7.6,-30.2,1,-325.667,-4.940,-521.414
2811.0,23.07,0.0,10.8,-30.4,1,-327.058,-4.944,-521.446
2811.0,22.87,0.0,5.3,-31.7,1,-327.976,-4.945,-521.500
2816.2,22.63,2.3,0.0,-31.1,1,-329.333,-4.939,-521.639
2816.2,22.56,4.0,0.0,-29.8,1,-330.228,-4.932,-521.766
2816.2,22.47,4.9,0.0,-30.5,1,-331.559,-4.923,-521.999
2816.2,22.43,16.2,0.0,-31.5,1,-332.438,-4.917,-522.182
2821.0,22.52,41.3,0.0,-31.1,1,-333.747,-4.909,-522.498
2821.0,22.67,52.5,0.0,-30.3,1,-334.618,-4.903,-522.737
2821.0,22.99,64.8,0.0,-29.7,1,-335.926,-4.892,-523.139
2821.0,23.26,81.0,0.0,-30.1,1,-336.801,-4.883,-523.436
2825.7,23.77,79.0,0.0,-29.2,1,-338.124,-4.869,-523.924
2825.7,24.18,71.2,0.0,-26.0,1,-339.455,-4.853,-524.466
2825.7,24.44,66.8,0.0,-23.9,1,-340.344,-4.841,-524.859
2825.7,24.84,65.4,0.0,-22.5,1,-341.676,-4.822,-525.496
2830.6,25.10,64.0,0.0,-20.8,1,-342.564,-4.808,-525.953
2830.6,25.48,61.7,0.0,-16.5,1,-343.892,-4.787,-526.685
2830.6,25.74,64.4,0.0,-13.0,1,-344.775,-4.773,-527.204
2830.6,26.18,74.3,0.0,-6.8,1,-346.095,-4.752,-528.026
2835.7,26.51,80.2,0.0,-2.4,1,-346.977,-4.737,-528.602
2835.7,27.08,82.9,0.0,3.2,1,-348.307,-4.716,-529.502
2835.7,27.48,86.3,0.0,5.4,1,-349.203,-4.702,-530.123
2835.7,28.11,80.9,0.0,8.8,1,-350.567,-4.680,-531.081
2841.1,28.43,58.3,0.0,11.1,1,-351.491,-4.665,-531.732
2841.1,28.65,29.4,0.0,12.7,1,-352.900,-4.642,-532.706
2841.1,28.69,18.6,0.0,11.3,1,-353.852,-4.627,-533.346
2841.1,28.74,24.2,0.0,9.7,1,-355.295,-4.607,-534.286
2846.7,28.86,34.2,0.0,10.5,1,-356.758,-4.587,-535.203
2846.7,28.99,39.8,0.0,11.8,1,-357.747,-4.575,-535.804
2846.7,29.17,32.9,0.0,17.0,1,-359.251,-4.558,-536.687
2846.7,29.24,27.9,0.0,20.7,1,-360.270,-4.547,-537.259
2852.6,29.29,18.9,0.0,24.4,1,-361.819,-4.532,-538.086
2852.6,29.27,15.6,0.0,25.7,1,-362.865,-4.523,-538.612
2852.6,29.25,14.6,0.0,25.6,1,-364.453,-4.512,-539.359
2852.6,29.20,7.6,0.0,26.1,1,-365.525,-4.506,-539.827
2858.5,29.08,5.9,0.0,27.4,1,-367.146,-4.497,-540.482
2858.5,29.00,8.4,0.0,28.6,1,-368.236,-4.493,-540.885
2858.5,28.88,3.9,0.0,29.0,1,-369.882,-4.487,-541.438
2858.5,28.80,4.1,0.0,29.5,1,-370.986,-4.484,-541.773
2865.4,28.80,36.5,0.0,32.3,1,-372.651,-4.484,-542.227
2865.4,28.91,53.9,0.0,33.4,1,-373.772,-4.485,-542.500
2865.4,29.28,78.4,0.0,34.5,1,-375.477,-4.489,-542.865
2872.0,29.61,62.2,0.0,31.4,1,-377.216,-4.491,-543.177
2872.0,29.80,50.0,0.0,27.9,1,-378.391,-4.492,-543.352
2872.0,29.96,65.3,0.0,25.6,1,-380.172,-4.491,-543.562
2872.0,30.13,57.1,0.0,24.2,1,-381.370,-4.490,-543.667
2879.7,30.36,42.6,0.0,17.8,1,-383.180,-4.491,-543.773
2879.7,30.44,31.6,0.0,13.1,1,-384.396,-4.493,-543.813
2879.7,30.48,15.9,0.0,3.9,1,-386.224,-4.502,-543.823
2879.7,30.43,11.9,0.0,4.6,1,-387.442,-4.508,-543.791
2886.7,30.31,19.7,0.0,7.0,1,-389.261,-4.513,-543.678
2886.7,30.30,30.1,0.0,8.2,1,-390.467,-4.514,-543.561
2886.7,30.48,66.6,0.0,12.3,1,-392.274,-4.516,-543.328
2886.7,30.72,62.6,0.0,15.6,1,-393.482,-4.518,-543.135
2893.4,31.13,80.7,0.0,20.3,1,-395.304,-4.521,-542.793
2893.4,31.46,87.6,0.0,23.2,1,-396.527,-4.522,-542.528
2893.4,31.96,78.3,0.0,25.9,1,-398.375,-4.524,-542.081
2893.4,32.39,82.4,0.0,26.1,1,-400.237,-4.526,-541.571
2900.4,32.66,60.8,0.0,24.9,1,-401.482,-4.529,-541.197
2900.4,32.98,67.3,0.0,22.6,1,-403.352,-4.536,-540.584
2900.4,33.17,58.7,0.0,20.9,1,-404.599,-4.542,-540.141
2900.4,33.44,57.8,0.0,18.5,1,-406.463,-4.555,-539.422
2906.8,33.59,55.5,0.0,17.2,1,-407.700,-4.565,-538.907
2906.8,33.82,54.2,0.0,15.4,1,-409.545,-4.582,-538.080
2906.8,33.97,52.9,0.0,14.5,1,-410.767,-4.596,-537.494
2906.8,34.12,0.0,0.0,13.8,0,-412.586,-4.619,-536.562
2913.3,34.07,61.6,0.0,13.4,2,-413.782,-4.636,-535.908
2913.3,34.38,67.3,0.0,12.7,2,-415.556,-4.663,-534.877
2913.3,34.60,70.4,0.0,12.5,2,-416.731,-4.682,-534.155
2913.3,35.01,82.6,0.0,13.0,2,-418.481,-4.711,-533.019
2919.8,35.30,83.2,0.0,13.6,2,-419.641,-4.731,-532.227
2919.8,35.74,88.7,0.0,14.4,2,-421.373,-4.761,-530.986
2919.8,36.20,85.5,0.0,13.6,2,-423.092,-4.791,-529.683
2919.8,36.50,89.1,0.0,13.2,2,-424.229,-4.810,-528.778
2926.8,36.96,89.7,0.0,11.6,2,-425.921,-4.837,-527.368
2926.8,37.28,89.7,0.0,10.3,2,-427.039,-4.854,-526.392
2926.8,37.73,89.7,0.0,9.0,2,-428.701,-4.878,-524.876
2926.8,38.03,89.8,0.0,7.5,2,-429.797,-4.894,-523.831
2934.2,38.51,89.8,0.0,6.0,2,-431.427,-4.916,-522.214
2934.2,38.83,89.8,0.0,5.6,2,-432.503,-4.931,-521.104
2934.2,39.31,89.8,0.0,5.5,2,-434.103,-4.951,-519.391
2934.2,39.62,89.8,0.0,6.1,2,-435.161,-4.963,-518.221
2941.9,40.10,89.8,0.0,7.6,2,-436.739,-4.983,-516.425
2941.9,40.41,89.8,0.0,8.6,2,-437.785,-4.996,-515.202
2941.9,40.85,89.9,0.0,9.6,2,-439.344,-5.016,-513.329
2941.9,41.12,90.0,0.0,10.1,2,-440.375,-5.027,-512.055
2949.8,41.23,0.0,0.0,9.5,0,-441.901,-5.044,-510.109
2949.8,41.46,89.6,0.0,8.4,3,-443.390,-5.062,-508.130
2949.8,41.70,89.6,0.0,7.3,3,-444.367,-5.072,-506.784
2949.8,42.08,89.6,0.0,6.1,3,-445.808,-5.085,-504.725
2958.0,42.34,89.6,0.0,5.6,3,-446.753,-5.093,-503.326
2958.0,42.71,89.7,0.0,6.2,3,-448.140,-5.101,-501.184
2958.0,42.94,89.7,0.0,6.5,3,-449.043,-5.103,-499.729
2958.0,43.28,89.7,0.0,5.9,3,-450.368,-5.109,-497.510
2966.2,43.49,89.7,0.0,5.5,3,-451.232,-5.113,-496.006
2966.2,43.85,88.5,0.0,6.5,3,-452.496,-5.119,-493.710
2966.2,44.07,89.7,0.0,7.8,3,-453.311,-5.119,-492.153
2966.2,44.36,60.8,0.0,6.9,3,-454.500,-5.121,-489.781
2974.6,44.48,53.4,0.0,5.1,3,-455.270,-5.126,-488.181
2974.6,44.75,88.9,0.0,3.9,3,-456.386,-5.138,-485.749
2974.6,45.13,89.7,0.0,6.6,3,-457.453,-5.149,-483.274
2974.6,45.37,89.7,0.0,9.3,3,-458.138,-5.157,-481.599
2983.4,45.73,89.7,0.0,13.2,3,-459.128,-5.174,-479.053
2983.4,45.97,89.7,0.0,15.2,3,-459.764,-5.186,-477.333
2983.4,46.31,89.8,0.0,16.5,3,-460.681,-5.209,-474.721
2983.4,46.55,89.8,0.0,16.2,3,-461.266,-5.226,-472.959
2992.3,46.88,89.8,0.0,14.7,3,-462.102,-5.255,-470.285
2992.3,47.10,89.8,0.0,14.0,3,-462.628,-5.275,-468.481
2992.3,47.43,89.8,0.0,13.0,3,-463.371,-5.308,-465.745
2992.3,47.64,89.8,0.0,12.7,3,-463.834,-5.332,-463.901
3001.5,47.97,89.8,0.0,13.0,3,-464.477,-5.370,-461.107
3001.5,48.17,89.9,0.0,13.5,3,-464.873,-5.396,-459.226
3001.5,48.50,89.9,0.0,14.3,3,-465.413,-5.437,-456.378
3001.5,48.70,89.9,0.0,13.6,3,-465.738,-5.465,-454.462
3010.9,49.02,89.9,0.0,13.3,3,-466.170,-5.507,-451.563
3010.9,49.34,89.9,0.0,14.1,3,-466.537,-5.548,-448.636
3010.9,49.55,89.9,0.0,15.0,3,-466.746,-5.574,-446.670
3020.6,49.86,89.9,0.0,16.2,3,-467.005,-5.614,-443.700
3020.6,50.06,89.9,0.0,16.9,3,-467.142,-5.640,-441.707
3020.6,50.37,89.9,0.0,17.2,3,-467.293,-5.680,-438.698
3020.6,50.56,90.0,0.0,17.2,3,-467.356,-5.707,-436.681
3030.6,50.85,90.0,0.0,17.4,3,-467.393,-5.746,-433.640
3030.6,51.03,90.1,0.0,17.3,3,-467.379,-5.772,-431.603
3030.6,51.30,90.0,0.0,16.8,3,-467.295,-5.810,-428.535
3030.6,51.38,0.0,0.0,16.5,0,-467.196,-5.834,-426.483
3041.0,51.38,87.3,0.0,15.4,4,-466.983,-5.869,-423.411
3041.0,51.54,89.8,0.0,13.8,4,-466.797,-5.890,-421.361
3041.0,51.79,89.8,0.0,12.5,4,-466.451,-5.918,-418.282
3041.0,51.96,89.8,0.0,12.1,4,-466.177,-5.934,-416.225
3052.0,52.22,89.8,0.0,12.2,4,-465.702,-5.957,-413.137
3052.0,52.39,89.8,0.0,12.9,4,-465.343,-5.970,-411.076
3052.0,52.66,89.8,0.0,14.2,4,-464.747,-5.991,-407.982
3052.0,52.93,84.6,0.0,15.9,4,-464.086,-6.016,-404.884
3063.2,53.10,78.1,0.0,16.6,4,-463.612,-6.038,-402.818
3063.2,53.34,68.3,0.0,16.3,4,-462.843,-6.072,-399.719
3063.2,53.49,61.8,0.0,15.8,4,-462.290,-6.095,-397.656
3063.2,53.64,34.9,0.0,15.5,4,-461.398,-6.126,-394.568
3074.5,53.71,39.6,0.0,15.1,4,-460.761,-6.144,-392.518
3074.5,53.92,57.4,0.0,13.7,4,-459.742,-6.165,-389.455
3074.5,54.09,57.5,0.0,12.6,4,-459.023,-6.178,-387.419
3074.5,54.35,57.6,0.0,11.2,4,-457.885,-6.197,-384.372
3085.3,54.52,57.7,0.0,10.5,4,-457.089,-6.210,-382.346
3085.3,54.80,57.8,0.0,9.9,4,-455.839,-6.229,-379.314
3085.3,54.97,57.8,0.0,9.3,4,-454.968,-6.239,-377.299
3085.3,55.24,57.9,0.0,8.3,4,-453.608,-6.250,-374.286
3096.1,55.43,58.0,0.0,7.9,4,-452.667,-6.256,-372.283
3096.1,55.70,58.1,0.0,7.3,4,-451.210,-6.266,-369.285
3096.1,55.98,58.1,0.0,6.9,4,-449.699,-6.279,-366.296
3096.1,56.16,58.1,0.0,6.7,4,-448.662,-6.288,-364.308
3107.1,56.43,58.2,0.0,6.5,4,-447.061,-6.302,-361.335
3107.1,56.60,58.3,0.0,6.5,4,-445.965,-6.310,-359.358
3107.1,56.87,58.4,0.0,6.4,4,-444.279,-6.323,-356.401
3107.1,57.05,58.4,0.0,6.3,4,-443.127,-6.331,-354.436
3118.3,57.31,58.5,0.0,6.1,4,-441.355,-6.341,-351.499
3118.3,57.48,58.6,0.0,6.3,4,-440.146,-6.346,-349.548
3118.3,57.75,58.6,0.0,6.2,4,-438.290,-6.354,-346.632
3118.3,57.92,58.7,0.0,6.0,4,-437.026,-6.359,-344.695
3129.7,58.18,58.8,0.0,5.5,4,-435.088,-6.366,-341.802
3129.7,58.34,58.9,0.0,5.0,4,-433.770,-6.371,-339.881
3129.7,58.62,58.9,0.0,4.1,4,-431.754,-6.380,-337.009
3129.7,58.79,58.9,0.0,3.5,4,-430.384,-6.383,-335.103
3141.4,59.04,59.0,0.0,2.6,4,-428.292,-6.380,-332.255
3141.4,59.27,59.1,0.0,2.0,4,-426.162,-6.370,-329.416
3141.4,59.46,59.2,0.0,1.6,4,-424.724,-6.362,-327.527
3141.4,59.71,59.2,0.0,1.3,4,-422.543,-6.353,-324.694
3153.3,59.90,59.1,0.0,1.0,4,-421.076,-6.347,-322.805
3153.3,60.14,59.2,0.0,0.3,4,-418.858,-6.331,-319.969
3153.3,60.32,59.2,0.0,-0.3,4,-417.370,-6.323,-318.076
3153.3,60.56,59.0,0.0,-0.5,4,-415.125,-6.309,-315.228
3165.4,60.73,59.1,0.0,-0.6,4,-413.623,-6.300,-313.324
3165.4,60.97,58.9,0.0,-0.8,4,-411.364,-6.285,-310.456
3165.4,61.13,58.8,0.0,-0.9,4,-409.856,-6.275,-308.536
3165.4,61.37,58.6,0.0,-0.9,4,-407.591,-6.260,-305.642
3177.7,61.43,0.0,0.0,-0.8,0,-406.081,-6.250,-303.705
3177.7,61.46,84.5,0.0,-0.8,5,-403.823,-6.233,-300.793
3177.7,61.60,77.7,0.0,-0.7,5,-402.320,-6.221,-298.845
3177.7,61.82,67.6,0.0,-0.6,5,-400.065,-6.203,-295.909
3190.0,62.03,57.6,0.0,-0.6,5,-397.810,-6.184,-292.957
3190.0,62.18,56.3,0.0,-0.6,5,-396.306,-6.171,-290.980
3190.0,62.39,56.4,0.0,-0.7,5,-394.049,-6.151,-288.002
3190.0,62.52,56.5,0.0,-0.7,5,-392.543,-6.137,-286.009
3202.4,62.74,56.6,0.0,-0.5,5,-390.284,-6.116,-283.007
3202.4,62.88,56.7,0.0,-0.4,5,-388.777,-6.103,-280.997
3202.4,63.09,56.8,0.0,-0.4,5,-386.514,-6.083,-277.971
3202.4,63.22,56.9,0.0,-0.5,5,-385.003,-6.068,-275.947
3215.0,63.43,57.0,0.0,-0.4,5,-382.734,-6.043,-272.900
3215.0,63.57,57.0,0.0,-0.3,5,-381.220,-6.025,-270.861
3215.0,63.77,57.1,0.0,-0.2,5,-378.945,-5.998,-267.792
3215.0,63.91,57.2,0.0,-0.2,5,-377.427,-5.981,-265.740
3227.7,64.11,57.3,0.0,-0.2,5,-375.145,-5.954,-262.651
3227.7,64.25,57.3,0.0,-0.2,5,-373.620,-5.936,-260.586
3227.7,64.45,57.4,0.0,-0.0,5,-371.329,-5.909,-257.479
3240.6,64.64,57.5,0.0,0.1,5,-369.033,-5.877,-254.361
3240.6,64.78,57.6,0.0,0.2,5,-367.499,-5.854,-252.277
3240.6,64.98,57.7,0.0,0.3,5,-365.191,-5.819,-249.142
3240.6,65.11,57.7,0.0,0.4,5,-363.649,-5.795,-247.048
3253.6,65.30,57.8,0.0,0.3,5,-361.327,-5.757,-243.900
3253.6,65.43,57.9,0.0,0.3,5,-359.773,-5.730,-241.798
3253.6,65.62,58.0,0.0,0.3,5,-357.434,-5.687,-238.638
3253.6,65.75,58.0,0.0,0.3,5,-355.869,-5.657,-236.528
3266.7,65.95,58.1,0.0,0.2,5,-353.513,-5.612,-233.357
3266.7,66.07,58.1,0.0,0.1,5,-351.936,-5.583,-231.240
3266.7,66.26,58.1,0.0,0.2,5,-349.562,-5.541,-228.059
3266.7,66.39,58.1,0.0,0.2,5,-347.974,-5.517,-225.934
3280.0,66.58,58.2,0.0,0.1,5,-345.584,-5.482,-222.740
3280.0,66.70,58.2,0.0,0.1,5,-343.986,-5.456,-220.607
3280.0,66.88,58.3,0.0,0.1,5,-341.582,-5.415,-217.402
3280.0,67.00,58.3,0.0,0.1,5,-339.975,-5.386,-215.261
3293.3,67.18,58.3,0.0,0.1,5,-337.557,-5.341,-212.043
3293.3,67.37,58.4,0.0,0.1,5,-335.132,-5.295,-208.817
3293.3,67.49,58.4,0.0,0.0,5,-333.512,-5.263,-206.661
3293.3,67.66,58.4,0.0,-0.1,5,-331.075,-5.217,-203.421
3306.8,67.78,58.5,0.0,-0.1,5,-329.447,-5.186,-201.257
3306.8,67.96,58.5,0.0,-0.1,5,-327.000,-5.136,-198.003
3306.8,68.07,58.5,0.0,-0.2,5,-325.365,-5.101,-195.828
3306.8,68.25,58.6,0.0,-0.2,5,-322.909,-5.047,-192.559
3320.4,68.36,58.6,0.0,-0.1,5,-321.268,-5.010,-190.375
3320.4,68.54,58.7,0.0,-0.2,5,-318.804,-4.955,-187.090
3320.4,68.65,58.7,0.0,-0.3,5,-317.159,-4.918,-184.895
3320.4,68.82,58.8,0.0,-0.3,5,-314.687,-4.864,-181.594
3334.2,68.93,58.8,0.0,-0.2,5,-313.037,-4.827,-179.389
3334.2,69.10,58.8,0.0,-0.2,5,-310.559,-4.772,-176.072
3334.2,69.21,58.9,0.0,-0.3,5,-308.905,-4.736,-173.855
3334.2,69.38,58.9,0.0,-0.3,5,-306.421,-4.681,-170.522
3348.0,69.54,59.0,0.0,-0.2,5,-303.933,-4.625,-167.179
3348.0,69.65,59.0,0.0,-0.2,5,-302.273,-4.587,-164.945
3348.0,69.82,59.0,0.0,-0.2,5,-299.780,-4.529,-161.586
3348.0,69.92,59.1,0.0,-0.3,5,-298.116,-4.489,-159.341
3362.0,70.08,59.1,0.0,-0.3,5,-295.618,-4.430,-155.965
3362.0,70.19,59.1,0.0,-0.4,5,-293.951,-4.390,-153.710
3362.0,70.35,59.2,0.0,-0.3,5,-291.448,-4.330,-150.318
3362.0,70.45,59.2,0.0,-0.2,5,-289.778,-4.290,-148.051
3376.0,70.61,59.2,0.0,-0.1,5,-287.270,-4.229,-144.643
3376.0,70.72,59.2,0.0,-0.2,5,-285.597,-4.188,-142.365
3376.0,70.87,59.2,0.0,-0.2,5,-283.085,-4.128,-138.941
3376.0,70.98,59.3,0.0,-0.1,5,-281.407,-4.089,-136.654
3390.2,71.13,59.3,0.0,0.1,5,-278.888,-4.030,-133.216
3390.2,71.23,59.3,0.0,0.1,5,-277.206,-3.990,-130.919
3390.2,71.38,59.3,0.0,0.1,5,-274.678,-3.929,-127.468
3390.2,71.53,59.3,0.0,0.0,5,-272.145,-3.867,-124.010
3404.5,71.63,59.3,0.0,0.0,5,-270.452,-3.825,-121.701
3404.5,71.78,59.4,0.0,0.0,5,-267.908,-3.763,-118.232
3404.5,71.88,59.4,0.0,-0.1,5,-266.209,-3.721,-115.916
3404.5,72.02,59.4,0.0,0.5,5,-263.656,-3.659,-112.436
3418.9,72.12,59.5,0.0,-0.0,5,-261.950,-3.617,-110.113
3418.9,72.27,59.5,0.0,-0.6,5,-259.385,-3.552,-106.623
3418.9,72.36,59.5,0.0,-0.7,5,-257.673,-3.508,-104.292
3418.9,72.51,60.4,0.0,-0.4,5,-255.103,-3.440,-100.788
3433.3,72.60,59.3,0.0,-0.4,5,-253.391,-3.395,-98.446
3433.3,72.73,59.2,0.0,-0.4,5,-250.824,-3.327,-94.923
3433.3,72.82,59.1,0.0,-0.5,5,-249.113,-3.283,-92.569
3433.3,72.96,59.0,0.0,-0.4,5,-246.548,-3.218,-89.027
3447.9,73.05,58.9,0.0,-0.3,5,-244.838,-3.175,-86.661
3447.9,73.18,58.9,0.0,0.1,5,-242.274,-3.112,-83.102
3447.9,73.26,58.8,0.0,0.6,5,-240.564,-3.069,-80.725
3447.9,73.32,0.0,0.0,1.1,0,-237.997,-3.007,-77.154
3462.5,73.20,41.2,46.7,0.7,6,-235.426,-2.944,-73.589
3462.5,72.65,0.0,90.3,0.8,6,-233.714,-2.902,-71.224
3462.5,71.35,0.0,90.3,1.2,6,-231.172,-2.839,-67.728
3462.5,70.47,0.0,89.6,1.6,6,-229.497,-2.797,-65.437
3477.0,69.17,0.0,89.4,2.1,6,-227.012,-2.731,-62.063
3477.0,68.32,0.0,89.1,2.3,6,-225.370,-2.687,-59.855
3477.0,67.03,0.0,89.1,2.3,6,-222.927,-2.622,-56.609
3477.0,66.18,0.0,89.0,2.1,6,-221.311,-2.579,-54.490
3490.5,64.91,0.0,88.8,2.8,6,-218.901,-2.514,-51.379
3490.5,64.10,0.0,70.7,3.4,0,-217.305,-2.473,-49.351
3490.5,63.08,0.0,64.0,3.7,5,-214.914,-2.412,-46.377
3490.5,62.43,0.0,61.2,3.8,5,-213.320,-2.372,-44.437
3503.3,61.51,0.0,51.6,5.5,5,-210.923,-2.312,-41.593
3503.3,60.96,0.0,52.2,5.0,5,-209.320,-2.273,-39.741
3503.3,60.20,0.0,39.1,2.6,5,-206.902,-2.215,-37.027
3503.3,59.75,0.0,31.4,3.2,5,-205.280,-2.177,-35.258
3515.4,59.21,0.0,28.3,-1.5,5,-202.831,-2.118,-32.662
3515.4,58.70,0.0,29.5,-4.6,5,-200.371,-2.061,-30.121
3515.4,58.35,0.0,30.9,-3.9,5,-198.733,-2.023,-28.447
3527.0,57.82,0.0,31.1,6.7,5,-196.295,-1.968,-25.956
3527.0,57.46,0.0,92.0,10.3,5,-194.676,-1.930,-24.313
3527.0,56.35,0.0,64.1,9.9,5,-192.260,-1.872,-21.897
3527.0,55.74,0.0,24.4,6.4,5,-190.657,-1.833,-20.330
3538.1,55.64,78.3,23.9,-2.7,5,-188.236,-1.773,-18.034
3538.1,55.43,18.2,52.6,-1.8,5,-186.601,-1.735,-16.527
3538.1,54.62,0.0,53.1,1.0,5,-184.148,-1.684,-14.315
3538.1,54.10,0.0,42.1,2.3,5,-182.520,-1.654,-12.872
3549.0,53.51,0.0,24.7,2.6,5,-180.085,-1.614,-10.752
3549.0,53.23,0.0,18.8,4.3,5,-178.465,-1.590,-9.362
3549.0,52.89,0.0,19.3,5.1,5,-176.032,-1.561,-7.309
3549.0,52.51,0.0,19.5,5.6,5,-173.592,-1.536,-5.296
3559.7,52.26,0.0,18.7,5.9,5,-171.961,-1.522,-3.980
3559.7,51.91,0.0,11.7,6.6,5,-169.506,-1.501,-2.047
3559.7,51.71,0.0,9.9,7.0,5,-167.859,-1.485,-0.788
3559.7,51.46,0.0,5.2,7.9,0,-165.373,-1.459,1.055
3570.2,51.33,40.6,3.6,8.3,0,-163.702,-1.441,2.253
3570.2,51.16,9.4,0.0,9.3,4,-161.174,-1.412,4.003
3570.2,51.16,61.3,0.0,9.9,4,-159.473,-1.393,5.139
3570.2,51.41,89.7,0.0,11.6,4,-156.886,-1.364,6.804
3580.8,51.59,89.8,0.0,12.5,4,-155.136,-1.345,7.889
3580.8,51.86,89.8,0.0,15.0,4,-152.471,-1.318,9.478
3580.8,52.03,89.8,0.0,16.4,4,-150.668,-1.300,10.509
3580.8,52.26,89.8,0.0,18.9,4,-147.923,-1.272,12.009
3591.4,52.42,89.8,0.0,19.7,4,-146.065,-1.252,12.975
3591.4,52.65,89.8,0.0,21.1,4,-143.240,-1.219,14.370
3591.4,52.79,89.1,0.0,22.2,4,-141.330,-1.196,15.263
3591.4,53.01,79.4,0.0,25.0,4,-138.428,-1.162,16.548
3602.1,53.15,49.8,0.0,29.2,4,-135.485,-1.129,17.766
3602.1,53.16,31.7,0.0,31.9,4,-133.504,-1.109,18.538
3602.1,53.07,18.3,0.0,36.3,4,-130.512,-1.080,19.634
3602.1,52.97,11.9,0.0,38.9,4,-128.505,-1.063,20.323
3612.7,52.78,9.0,0.0,42.0,4,-125.484,-1.038,21.292
3612.7,52.63,10.5,0.0,43.7,4,-123.463,-1.022,21.894
3612.7,52.40,10.4,0.0,45.4,4,-120.425,-1.000,22.729
3612.7,52.24,10.3,0.0,46.5,4,-118.395,-0.984,23.240
3622.9,52.00,10.4,0.0,46.7,4,-115.346,-0.961,23.937
3622.9,51.84,10.4,0.0,47.2,4,-113.311,-0.944,24.354
3622.9,51.59,10.2,0.0,47.6,4,-110.258,-0.917,24.909
3622.9,51.44,10.2,0.0,49.9,4,-108.222,-0.899,25.231
3632.9,51.19,10.0,0.0,53.7,4,-105.171,-0.871,25.646
3632.9,51.02,10.0,0.0,56.6,4,-103.140,-0.853,25.878
3632.9,50.76,9.9,0.0,61.4,4,-100.098,-0.824,26.155
3632.9,50.50,9.8,0.0,63.9,4,-97.066,-0.794,26.352
3642.8,50.32,9.8,0.0,64.8,4,-95.052,-0.774,26.438
3642.8,50.04,9.7,0.0,66.6,4,-92.041,-0.745,26.500
3642.8,49.88,9.7,0.0,62.5,4,-90.043,-0.726,26.498
3642.8,49.61,9.6,0.0,55.4,4,-87.058,-0.698,26.433
3652.6,49.36,9.6,0.0,48.6,4,-84.093,-0.668,26.288
3652.6,49.21,9.6,0.0,43.2,4,-82.126,-0.647,26.148
3652.6,49.00,10.9,0.0,32.7,4,-79.192,-0.616,25.877
3652.6,48.90,18.7,0.0,25.7,4,-77.247,-0.597,25.655
3662.2,48.85,57.2,0.0,14.6,4,-74.342,-0.568,25.258
3662.2,48.93,86.7,0.0,5.3,4,-72.411,-0.552,24.954
3662.2,49.22,84.8,0.0,-8.1,4,-69.511,-0.528,24.442
3662.2,49.22,84.8,0.0,-8.1,4,-69.511,-0.528,24.442
3662.2,49.22,84.8,0.0,-8.1,4,-69.511,-0.528,24.442
3672.0,49.93,89.7,0.0,-3.5,4,-62.710,-0.453,23.070
3672.0,50.25,89.7,0.0,0.5,4,-59.763,-0.417,22.486
3672.0,50.46,89.7,0.0,1.2,4,-57.785,-0.390,22.109
3681.9,50.77,89.7,0.0,1.2,4,-54.801,-0.349,21.552
3681.9,50.99,89.7,0.0,1.3,4,-52.800,-0.322,21.183
3681.9,51.30,89.7,0.0,1.5,4,-49.783,-0.282,20.624
3681.9,51.52,89.7,0.0,1.6,4,-47.763,-0.257,20.245
3692.1,51.82,89.8,0.0,1.2,4,-44.718,-0.221,19.666
3692.1,52.03,89.8,0.0,0.8,4,-42.679,-0.197,19.271
3692.1,52.33,89.8,0.0,-0.2,4,-39.608,-0.160,18.667
3692.1,52.54,89.4,0.0,-1.0,4,-37.551,-0.137,18.258
3702.5,52.85,87.8,0.0,-2.6,4,-34.451,-0.104,17.641
3702.5,53.15,78.0,0.0,-4.8,4,-31.332,-0.072,17.027
3702.5,53.36,71.4,0.0,-5.6,4,-29.240,-0.051,16.626
3713.1,53.66,61.7,0.0,-6.1,4,-26.084,-0.024,16.046
3713.1,53.85,57.4,0.0,-4.6,4,-23.967,-0.007,15.676
3713.1,54.13,57.4,0.0,-5.1,4,-20.771,0.014,15.150
3713.1,54.34,57.4,0.0,-4.5,4,-18.627,0.027,14.819
3724.0,54.63,57.6,0.0,-4.2,4,-15.392,0.047,14.354
3724.0,54.82,57.7,0.0,-4.2,4,-13.223,0.061,14.063
3724.0,55.11,57.8,0.0,-4.6,4,-9.951,0.082,13.656
3724.0,55.31,57.9,0.0,-5.5,4,-7.758,0.097,13.403
3735.1,55.59,58.0,0.0,-7.6,4,-4.450,0.119,13.054
3735.1,55.77,58.1,0.0,-8.1,4,-2.233,0.134,12.846
3735.1,56.04,58.1,0.0,-8.1,4,1.109,0.158,12.574
3735.1,56.21,58.2,0.0,-7.8,4,3.349,0.176,12.424
3746.5,56.47,58.3,0.0,-8.4,4,6.724,0.207,12.246
3746.5,56.64,58.3,0.0,-8.7,4,8.984,0.230,12.162
3746.5,56.89,58.4,0.0,-9.2,4,12.389,0.266,12.084
3746.5,57.06,58.4,0.0,-9.1,4,14.668,0.292,12.066
3758.1,57.31,58.5,0.0,-8.4,4,18.098,0.333,12.092
3758.1,57.57,58.6,0.0,-3.1,4,21.542,0.378,12.181
3758.1,57.74,58.7,0.0,-0.6,4,23.846,0.410,12.272
3758.1,58.01,58.7,0.0,0.1,4,27.314,0.463,12.444
3770.1,58.19,58.8,0.0,-4.9,4,29.633,0.501,12.575
3770.1,58.44,58.9,0.0,-10.2,4,33.124,0.555,12.794
3770.1,58.60,58.9,0.0,-11.8,4,35.459,0.587,12.959
3770.1,58.84,59.0,0.0,-12.5,4,38.969,0.630,13.249
3782.2,58.98,59.0,0.0,-12.0,4,41.314,0.660,13.480
3782.2,59.18,59.1,0.0,-11.1,4,44.834,0.708,13.890
3782.2,59.31,59.1,0.0,-11.0,4,47.182,0.742,14.206
3782.2,59.51,59.1,0.0,-12.2,4,50.704,0.792,14.744
3794.4,59.64,59.1,0.0,-13.3,4,53.052,0.825,15.145
3794.4,59.84,59.2,0.0,-14.9,4,56.573,0.875,15.811
3794.4,59.97,59.2,0.0,-15.5,4,58.919,0.908,16.296
3794.4,60.15,59.3,0.0,-15.0,4,62.433,0.960,17.090
3806.7,60.25,50.6,0.0,-14.5,4,64.772,0.995,17.662
3806.7,60.41,59.0,0.0,-13.8,4,68.271,1.047,18.584
3806.7,60.51,60.4,0.0,-13.1,4,70.597,1.082,19.243
3806.7,60.69,60.4,0.0,-12.6,4,74.077,1.133,20.296
3819.0,60.81,59.6,0.0,-12.5,4,76.389,1.167,21.043
3819.0,60.90,0.0,0.0,-12.0,0,79.843,1.222,22.229
3819.0,60.87,82.9,0.0,-10.7,5,83.269,1.273,23.488
3819.0,60.97,77.6,0.0,-9.7,5,85.541,1.307,24.369
3831.5,61.13,67.4,0.0,-8.6,5,88.929,1.360,25.757
3831.5,61.22,60.8,0.0,-8.1,5,91.176,1.397,26.725
3831.5,61.40,56.0,0.0,-8.5,5,94.528,1.452,28.238
3831.5,61.52,56.1,0.0,-8.9,5,96.751,1.488,29.286
3843.8,61.69,56.2,0.0,-9.1,5,100.068,1.543,30.916
3843.8,61.80,56.2,0.0,-8.7,5,102.266,1.581,32.040
3843.8,61.98,56.3,0.0,-8.1,5,105.546,1.638,33.781
3843.8,62.10,56.4,0.0,-7.6,5,107.719,1.676,34.977
3856.1,62.27,56.5,0.0,-7.3,5,110.960,1.734,36.824
3856.1,62.39,56.5,0.0,-7.3,5,113.107,1.771,38.091
3856.1,62.57,56.6,0.0,-7.4,5,116.306,1.828,40.042
3856.1,62.68,56.6,0.0,-7.5,5,118.426,1.867,41.377
3868.6,62.86,56.7,0.0,-9.3,5,121.583,1.923,43.429
3868.6,62.97,56.8,0.0,-9.4,5,123.673,1.959,44.829
3868.6,63.14,56.9,0.0,-7.8,5,126.784,2.012,46.982
3868.6,63.25,56.9,0.0,-6.7,5,128.840,2.046,48.451
3881.1,63.43,57.0,0.0,-6.7,5,131.899,2.096,50.704
3881.1,63.60,57.1,0.0,-8.4,5,134.928,2.143,53.015
3881.1,63.71,57.1,0.0,-9.1,5,136.931,2.173,54.588
3881.1,63.88,57.2,0.0,-9.4,5,139.907,2.214,56.994
3893.8,63.99,57.3,0.0,-7.9,5,141.871,2.240,58.631
3893.8,64.16,57.3,0.0,-6.0,5,144.790,2.273,61.133
3893.8,64.28,57.4,0.0,-4.9,5,146.717,2.291,62.831
3893.8,64.46,57.4,0.0,-3.9,5,149.581,2.313,65.421
3906.6,64.58,57.5,0.0,-3.1,5,151.474,2.325,67.175
3906.6,64.77,57.6,0.0,-2.5,5,154.293,2.342,69.841
3906.6,64.90,57.6,0.0,-2.7,5,156.162,2.352,71.640
3906.6,65.10,57.7,0.0,-1.5,5,158.951,2.366,74.364
3919.6,65.22,54.2,0.0,-0.8,5,160.804,2.375,76.197
3919.6,65.15,5.5,17.2,-0.8,5,163.574,2.389,78.962
3919.6,64.85,0.0,46.4,-0.7,5,165.408,2.399,80.806
3919.6,64.04,0.0,62.0,-0.4,5,168.130,2.415,83.557
3932.5,63.42,0.0,68.3,-0.2,5,169.920,2.427,85.373
3932.5,62.41,0.0,70.6,0.1,5,172.567,2.447,88.068
3932.5,61.73,0.0,71.8,0.2,5,174.306,2.460,89.842
3932.5,60.69,0.0,74.2,0.3,5,176.877,2.481,92.467
3944.8,59.63,0.0,74.3,0.3,5,179.403,2.500,95.048
3944.8,58.91,0.0,74.5,0.2,5,181.063,2.513,96.742
3944.8,57.85,0.0,75.6,0.3,5,183.518,2.531,99.244
3944.8,57.14,0.0,76.1,0.4,5,185.130,2.544,100.886
3956.5,56.06,0.0,77.6,0.5,5,187.515,2.561,103.307
3956.5,55.34,0.0,77.4,0.5,5,189.081,2.572,104.893
3956.5,54.15,0.0,90.5,0.4,5,191.395,2.585,107.230
3956.5,53.33,37.6,88.0,0.4,0,192.911,2.593,108.756
3967.5,52.14,0.0,86.2,0.4,4,195.148,2.607,110.998
3967.5,51.35,0.0,85.5,0.5,4,196.615,2.617,112.460
3967.5,50.16,0.0,84.0,0.5,4,198.778,2.634,114.607
3967.5,49.42,0.0,66.0,0.6,4,200.197,2.646,116.006
3977.6,48.46,0.0,72.5,1.3,4,202.297,2.667,118.061
3977.6,47.79,0.0,78.0,1.8,4,203.680,2.683,119.403
3977.6,46.71,0.0,81.7,2.5,4,205.724,2.707,121.369
3977.6,45.96,0.0,83.2,2.6,4,207.067,2.724,122.649
3987.1,44.84,33.3,84.4,2.9,0,209.052,2.749,124.518
3987.1,43.71,0.0,86.0,3.2,3,211.001,2.772,126.325
3987.1,42.94,0.0,85.5,3.2,3,212.282,2.787,127.495
3995.8,41.79,0.0,84.7,3.2,3,214.175,2.808,129.195
3995.8,41.05,0.0,84.2,2.7,3,215.418,2.821,130.292
3995.8,39.93,0.0,80.0,1.7,3,217.257,2.838,131.883
3995.8,39.22,0.0,69.7,0.8,3,218.465,2.847,132.907
4003.8,38.29,0.0,55.9,-0.8,3,220.259,2.859,134.389
4003.8,37.74,0.0,50.3,-1.3,3,221.445,2.865,135.342
4003.8,37.02,0.0,43.8,-0.2,3,223.219,2.872,136.716
4003.8,36.58,0.0,40.8,1.6,3,224.398,2.875,137.598
4011.2,35.97,0.0,38.9,5.4,3,226.166,2.878,138.870
4011.2,35.59,0.0,37.4,8.0,3,227.342,2.879,139.686
4011.2,35.04,0.0,36.8,10.4,0,229.103,2.879,140.867
4011.2,34.69,42.2,37.6,10.5,0,230.274,2.878,141.625
4018.1,34.14,0.0,37.0,10.2,2,232.028,2.874,142.718
4018.1,33.77,0.0,36.8,10.3,2,233.194,2.871,143.416
4018.1,33.21,0.0,34.4,10.3,2,234.937,2.865,144.418
4018.1,32.86,0.0,32.9,10.6,2,236.096,2.860,145.054
4024.6,32.35,0.0,30.3,11.5,2,237.830,2.852,145.962
4024.6,31.90,0.0,22.0,12.5,2,239.559,2.844,146.813
4024.6,31.65,0.0,17.3,13.2,2,240.712,2.837,147.349
4024.6,31.34,0.0,12.7,15.0,2,242.443,2.828,148.109
4030.8,31.16,0.0,10.5,16.3,2,243.599,2.822,148.585
4030.8,30.92,0.0,6.8,18.2,2,245.337,2.812,149.253
4030.8,30.78,0.0,5.0,19.1,2,246.500,2.805,149.667
4030.8,30.59,0.0,4.6,20.0,2,248.249,2.796,150.242
4036.7,30.47,0.0,3.9,20.6,2,249.419,2.789,150.593
4036.7,30.30,0.0,2.3,21.6,2,251.179,2.778,151.070
4036.7,30.19,0.0,5.6,20.2,2,252.355,2.771,151.355
4036.7,30.00,0.0,4.4,17.2,2,254.121,2.758,151.733
4042.5,29.89,0.0,2.5,17.8,2,255.298,2.750,151.952
4042.5,29.74,1.6,3.7,19.4,2,257.065,2.738,152.232
4042.5,29.64,0.5,2.6,18.8,2,258.243,2.731,152.385
4042.5,29.49,0.7,0.1,21.6,2,260.008,2.721,152.566
4048.6,29.42,5.1,0.5,23.8,2,261.183,2.714,152.654
4048.6,29.29,1.0,0.0,26.2,2,262.942,2.705,152.735
4048.6,29.18,7.9,0.0,27.9,2,264.696,2.697,152.753
4048.6,29.11,7.6,0.0,28.9,2,265.862,2.692,152.729
4055.8,29.00,6.6,0.0,30.1,2,267.603,2.688,152.636
4055.8,28.93,7.8,0.0,30.9,2,268.757,2.686,152.537
4055.8,28.82,7.2,0.0,33.1,2,270.478,2.684,152.334
4055.8,28.75,6.3,0.0,35.3,2,271.617,2.684,152.163
4062.6,28.61,2.8,0.0,38.3,2,273.310,2.684,151.853
4062.6,28.52,7.7,0.0,40.3,2,274.426,2.686,151.611
4062.6,28.38,7.6,0.0,42.0,2,276.081,2.691,151.191
4062.6,28.29,3.7,0.0,43.7,0,277.170,2.697,150.876
4070.7,28.16,7.0,0.0,48.0,1,278.779,2.706,150.349
4070.7,28.06,11.5,0.0,50.7,1,279.836,2.714,149.964
4070.7,27.94,14.3,0.0,55.3,1,281.394,2.727,149.335
4070.7,27.86,15.9,0.0,58.3,1,282.413,2.739,148.881
4077.4,27.72,10.3,0.0,58.9,1,283.911,2.761,148.146
4077.4,27.62,10.0,0.0,58.5,1,284.886,2.779,147.623
4077.4,27.48,9.8,0.0,58.3,1,286.314,2.808,146.791
4077.4,27.34,9.7,0.0,58.1,1,287.700,2.839,145.907
4084.7,27.24,9.7,0.0,57.7,1,288.601,2.860,145.290
4084.7,27.10,9.9,0.0,56.3,1,289.917,2.890,144.328
4084.7,27.01,10.6,0.0,54.5,1,290.768,2.912,143.660
4084.7,26.89,12.9,0.0,51.2,1,292.006,2.944,142.621
4090.2,26.82,15.6,0.0,48.7,1,292.805,2.967,141.903
4090.2,26.78,22.7,0.0,44.3,1,293.964,3.003,140.790
4090.2,26.80,31.0,0.0,41.3,1,294.712,3.026,140.023
4090.2,26.94,50.9,0.0,36.1,1,295.801,3.062,138.836
4095.4,27.15,70.9,0.0,32.2,1,296.507,3.085,138.018
4095.4,27.56,53.0,0.0,25.0,1,297.545,3.118,136.747
4095.4,27.76,60.2,0.0,20.1,1,298.219,3.139,135.872
4095.4,28.06,54.5,0.0,13.0,1,299.203,3.169,134.517
4100.7,28.27,61.3,0.0,9.1,1,299.839,3.187,133.588
4100.7,28.63,63.2,0.0,5.3,1,300.766,3.214,132.156
4100.7,29.05,72.4,0.0,4.2,1,301.664,3.239,130.678
4100.7,29.37,76.9,0.0,4.6,1,302.248,3.254,129.668
4106.2,29.87,83.1,0.0,5.6,1,303.106,3.275,128.113
4106.2,30.22,77.0,0.0,6.3,1,303.666,3.288,127.051
4106.2,30.74,87.7,0.0,7.6,1,304.488,3.306,125.418
4106.2,31.08,74.2,0.0,8.0,1,305.024,3.317,124.305
4112.1,31.60,88.6,0.0,8.6,1,305.806,3.333,122.596
4112.1,31.96,81.5,0.0,8.8,1,306.313,3.343,121.431
4112.1,32.46,88.7,0.0,9.4,1,307.049,3.358,119.645
4112.1,32.80,78.1,0.0,9.6,1,307.522,3.367,118.429
4118.5,33.26,85.2,0.0,9.7,1,308.202,3.380,116.569
4118.5,33.57,81.8,0.0,10.2,1,308.634,3.388,115.305
4118.5,33.88,0.0,0.0,9.9,0,309.248,3.399,113.375
4118.5,33.85,84.8,0.0,10.0,2,309.626,3.406,112.075
4125.2,34.30,89.6,0.0,10.1,2,310.150,3.418,110.101
4125.2,34.78,89.6,0.0,10.7,2,310.629,3.431,108.085
4125.2,35.10,89.6,0.0,11.1,2,310.924,3.441,106.720
4132.1,35.55,71.1,0.0,11.3,2,311.327,3.455,104.639
4132.1,35.73,53.5,0.0,11.6,2,311.566,3.466,103.234
4132.1,35.87,29.5,0.0,15.1,2,311.875,3.485,101.108
4132.1,35.85,11.1,1.1,15.6,2,312.049,3.499,99.684
4139.3,35.67,0.0,9.3,13.5,2,312.262,3.520,97.548
4139.3,35.48,0.0,27.2,11.0,2,312.374,3.535,96.129
4139.3,34.96,0.0,44.5,6.4,2,312.499,3.560,94.017
4139.3,34.51,0.0,46.8,3.8,2,312.558,3.578,92.628
4146.1,33.75,0.0,65.3,1.3,2,312.617,3.607,90.579
4146.1,33.15,0.0,70.5,0.4,2,312.642,3.628,89.240
4146.1,32.18,0.0,75.1,-1.5,2,312.662,3.660,87.278
4146.1,31.51,0.0,77.7,-3.2,2,312.670,3.683,86.003
4152.3,30.48,0.0,79.6,-5.7,2,312.678,3.717,84.142
4152.3,29.45,26.7,80.0,-7.5,0,312.692,3.750,82.343
4152.3,28.78,0.0,73.8,-8.4,1,312.707,3.772,81.177
4152.3,27.82,0.0,52.8,-9.2,1,312.743,3.803,79.478
4157.8,27.31,0.0,41.4,-9.6,1,312.781,3.823,78.376
4157.8,26.73,0.0,30.5,-11.1,1,312.861,3.852,76.757
4157.8,26.41,0.0,26.6,-12.8,1,312.934,3.869,75.696
4157.8,26.00,0.0,20.5,-15.2,1,313.071,3.892,74.129
4163.0,25.76,0.0,17.2,-16.7,1,313.182,3.907,73.100
4163.0,25.44,0.0,15.3,-18.1,1,313.382,3.927,71.577
4163.0,25.24,0.0,14.5,-18.9,1,313.536,3.939,70.575
4163.0,24.95,0.0,12.5,-19.9,1,313.801,3.956,69.092
4167.9,24.78,0.0,11.3,-20.4,1,314.001,3.967,68.118
4167.9,24.52,0.0,12.2,-20.2,1,314.335,3.982,66.677
4167.9,24.35,0.0,12.1,-20.6,1,314.580,3.991,65.730
4167.9,24.09,0.0,11.1,-21.9,1,314.980,4.003,64.333
4172.7,23.84,0.0,9.9,-23.3,1,315.421,4.013,62.963
4172.7,23.69,0.0,11.2,-23.6,1,315.738,4.019,62.067
4172.7,23.44,0.0,9.7,-24.2,1,316.247,4.027,60.747
4172.7,23.29,0.0,8.2,-24.8,1,316.608,4.031,59.885
4177.4,23.08,0.0,6.0,-25.9,1,317.184,4.036,58.619
4177.4,22.95,0.0,4.6,-26.6,1,317.591,4.038,57.793
4177.4,22.77,0.0,6.1,-27.4,1,318.235,4.040,56.581
4177.4,22.64,0.0,5.6,-27.9,1,318.686,4.040,55.792
4181.8,22.46,0.0,4.4,-28.4,1,319.394,4.039,54.640
4181.8,22.35,0.0,3.7,-28.7,1,319.888,4.038,53.892
4181.8,22.19,0.0,6.0,-28.7,1,320.660,4.035,52.801
4181.8,22.07,0.0,6.1,-29.0,1,321.194,4.031,52.095
4186.0,21.88,0.0,6.0,-29.5,1,322.023,4.024,51.070
4186.0,21.75,0.0,6.2,-29.6,1,322.595,4.020,50.410
4186.0,21.57,0.0,5.9,-29.7,1,323.478,4.011,49.456
4186.0,21.45,0.0,8.3,-29.8,1,324.083,4.006,48.845
4190.0,21.24,0.0,7.9,-30.0,1,325.015,3.997,47.965
4190.0,21.04,0.0,6.6,-31.4,1,325.971,3.987,47.132
4190.0,20.92,0.0,5.6,-32.6,1,326.622,3.980,46.602
4190.0,20.75,0.0,4.2,-34.4,1,327.618,3.968,45.846
4194.0,20.63,0.0,3.0,-31.7,1,328.295,3.960,45.370
4194.0,20.54,11.6,0.0,-29.2,1,329.328,3.947,44.694
4194.0,20.58,31.0,0.0,-31.4,1,330.031,3.938,44.268
4194.0,20.76,51.0,0.0,-35.8,1,331.111,3.924,43.660
4198.1,20.95,61.5,0.0,-39.4,1,331.850,3.914,43.275
4202.6,22.52,54.1,0.0,-44.8,1,338.382,3.837,40.887
4202.6,22.68,44.8,0.0,-47.1,1,339.264,3.828,40.692
4207.5,22.80,31.8,0.0,-47.0,1,340.607,3.815,40.449
4207.5,22.85,30.2,0.0,-51.0,1,341.510,3.807,40.319
4207.5,22.91,27.5,0.0,-56.2,1,342.875,3.796,40.172
4207.5,22.91,21.6,0.0,-59.2,1,343.789,3.788,40.105
4212.8,22.87,17.5,0.0,-62.2,1,345.162,3.778,40.054
4212.8,22.83,15.4,0.0,-63.6,1,346.076,3.771,40.052
4212.8,22.75,12.6,0.0,-65.5,1,347.443,3.761,40.099
4212.8,22.68,11.6,0.0,-66.3,1,348.349,3.755,40.164
4218.3,22.57,10.4,0.0,-66.5,1,349.699,3.747,40.312
4218.3,22.49,10.3,0.0,-65.8,1,350.590,3.742,40.444
4218.3,22.37,10.9,0.0,-64.0,1,351.913,3.736,40.692
4224.8,22.27,12.4,0.0,-62.9,1,353.216,3.730,41.000
4224.8,22.21,13.8,0.0,-62.0,1,354.074,3.727,41.238
4224.8,22.14,15.8,0.0,-59.5,1,355.341,3.724,41.644
4224.8,22.10,17.7,0.0,-57.2,1,356.172,3.722,41.946
4230.1,22.08,22.8,0.0,-51.5,1,357.400,3.719,42.446
4230.1,22.11,32.6,0.0,-46.9,1,358.205,3.718,42.810
4230.1,22.33,71.1,0.0,-35.3,1,359.398,3.717,43.402
4230.1,22.64,89.4,0.0,-26.8,1,360.188,3.717,43.829
4235.3,23.09,71.3,0.0,-15.9,1,361.377,3.718,44.513
4235.3,23.44,89.1,0.0,-11.1,1,362.170,3.720,44.998
4235.3,24.04,88.6,0.0,-7.0,1,363.369,3.724,45.764
4235.3,24.44,89.0,0.0,-6.5,1,364.176,3.728,46.300
4240.3,25.06,89.2,0.0,-8.2,1,365.399,3.736,47.141
4240.3,25.46,89.2,0.0,-10.2,1,366.222,3.743,47.726
4240.3,26.06,89.3,0.0,-12.7,1,367.467,3.754,48.639
4240.3,26.66,89.5,0.0,-14.7,1,368.723,3.766,49.599
4245.5,27.05,89.5,0.0,-14.6,1,369.564,3.774,50.265
4245.5,27.59,77.9,0.0,-13.5,1,370.828,3.786,51.308
4245.5,27.95,84.7,0.0,-13.2,1,371.669,3.794,52.032
4245.5,28.46,78.3,0.0,-12.9,1,372.927,3.805,53.163
4250.8,28.80,77.0,0.0,-12.7,1,373.761,3.812,53.947
4250.8,29.28,79.2,0.0,-11.8,1,375.001,3.822,55.169
4250.8,29.62,74.0,0.0,-11.3,1,375.821,3.828,56.014
4250.8,30.12,86.4,0.0,-11.7,1,377.038,3.838,57.329
4256.4,30.48,80.2,0.0,-12.3,1,377.840,3.844,58.236
4256.4,30.97,82.7,0.0,-12.7,1,379.029,3.853,59.644
4256.4,31.31,79.2,0.0,-14.0,1,379.810,3.858,60.613
4256.4,31.79,83.0,0.0,-12.1,1,380.961,3.866,62.114
4262.4,32.10,77.2,0.0,-13.7,1,381.715,3.870,63.145
4262.4,32.55,81.0,0.0,-13.0,1,382.821,3.876,64.737
4262.4,32.85,76.8,0.0,-12.5,1,383.540,3.879,65.829
4262.4,33.28,82.3,0.0,-13.3,1,384.591,3.883,67.511
4268.8,33.73,78.0,0.0,-11.6,1,385.604,3.888,69.246
4268.8,33.91,0.0,0.0,-8.2,0,386.257,3.890,70.432
4268.8,34.03,89.5,0.0,-8.0,2,387.192,3.894,72.238
4268.8,34.36,89.6,0.0,-7.4,2,387.792,3.897,73.467
4275.4,34.87,89.6,0.0,-7.1,2,388.666,3.900,75.350
4275.4,35.19,89.6,0.0,-7.1,2,389.234,3.902,76.630
4275.4,35.70,89.6,0.0,-7.6,2,390.069,3.901,78.586
4275.4,36.04,89.6,0.0,-7.5,2,390.613,3.899,79.913
4282.4,36.54,88.9,0.0,-6.4,2,391.410,3.896,81.938
4282.4,36.84,88.1,0.0,-6.1,2,391.928,3.894,83.311
4282.4,37.24,77.7,0.0,-4.9,2,392.685,3.888,85.398
4282.4,37.53,81.1,0.0,-3.4,2,393.176,3.884,86.811
4289.6,37.99,78.4,0.0,-0.6,2,393.893,3.877,88.960
4289.6,38.28,83.9,0.0,0.1,2,394.358,3.874,90.413
4289.6,38.73,80.7,0.0,0.9,2,395.035,3.869,92.620
4289.6,39.22,89.5,0.0,0.1,2,395.692,3.866,94.864
4297.3,39.56,89.8,0.0,-1.2,2,396.118,3.864,96.380
4297.3,40.07,89.8,0.0,-2.0,2,396.743,3.862,98.684
4297.3,40.36,89.9,0.0,-1.9,2,397.151,3.860,100.239
4297.3,40.79,90.0,0.0,-3.3,0,397.753,3.856,102.596
4305.1,40.79,0.0,0.0,-4.1,0,398.146,3.853,104.180
4305.1,41.10,89.6,0.0,-4.1,3,398.719,3.849,106.566
4305.1,41.37,89.6,0.0,-4.2,3,399.093,3.848,108.171
4305.1,41.79,89.6,0.0,-4.2,3,399.640,3.844,110.604
4313.3,42.06,89.6,0.0,-4.1,3,399.995,3.841,112.242
4313.3,42.46,89.6,0.0,-4.4,3,400.513,3.837,114.724
4313.3,42.72,89.6,0.0,-4.5,3,400.846,3.834,116.394
4313.3,43.12,89.6,0.0,-4.7,3,401.329,3.829,118.923
4321.6,43.39,89.7,0.0,-4.8,3,401.638,3.827,120.624
4321.6,43.78,89.7,0.0,-5.0,3,402.081,3.823,123.201
4321.6,44.04,89.7,0.0,-5.1,3,402.362,3.821,124.934
4321.6,44.44,89.7,0.0,-5.2,3,402.760,3.817,127.558
4330.3,44.70,89.7,0.0,-5.1,3,403.010,3.814,129.322
4330.3,45.08,89.7,0.0,-5.1,3,403.360,3.808,131.992
4330.3,45.47,89.7,0.0,-5.3,3,403.678,3.801,134.689
4330.3,45.73,89.7,0.0,-5.3,3,403.872,3.797,136.502
4339.2,46.11,89.7,0.0,-5.3,3,404.136,3.791,139.244
4339.2,46.36,89.7,0.0,-5.4,3,404.292,3.787,141.086
4339.2,46.73,89.8,0.0,-5.7,3,404.499,3.780,143.870
4339.2,46.99,89.8,0.0,-5.8,3,404.616,3.775,145.740
4348.4,47.35,89.8,0.0,-5.6,3,404.760,3.768,148.566
4348.4,47.60,89.8,0.0,-5.7,3,404.835,3.764,150.463
4348.4,47.96,89.8,0.0,-6.4,3,404.912,3.758,153.328
4348.4,48.20,89.8,0.0,-6.8,3,404.941,3.754,155.250
4357.8,48.55,89.9,0.0,-7.2,3,404.948,3.747,158.152
4357.8,48.78,89.9,0.0,-7.4,3,404.926,3.743,160.098
4357.8,49.13,89.9,0.0,-7.8,3,404.853,3.736,163.033
4357.8,49.35,89.9,0.0,-8.4,3,404.776,3.732,165.001
4367.4,49.69,89.9,0.0,-7.9,3,404.617,3.724,167.967
4367.4,50.02,89.9,0.0,-6.5,3,404.403,3.717,170.950
4367.4,50.24,89.9,0.0,-6.3,3,404.230,3.713,172.947
4377.3,50.57,90.0,0.0,-6.7,3,403.927,3.705,175.956
4377.3,50.79,90.0,0.0,-7.0,3,403.696,3.700,177.969
4377.3,51.11,90.0,0.0,-9.6,3,403.307,3.692,181.001
4377.3,51.32,90.1,0.0,-11.1,3,403.016,3.686,183.029
4387.4,51.61,90.0,0.0,-12.3,3,402.531,3.678,186.078
4387.4,51.71,0.0,0.0,-12.5,0,402.172,3.672,188.114
4387.4,51.74,89.8,0.0,-11.5,4,401.575,3.665,191.156
4387.4,51.92,89.8,0.0,-11.1,4,401.137,3.661,193.182
4397.9,52.18,89.8,0.0,-11.6,4,400.419,3.655,196.220
4397.9,52.35,89.8,0.0,-11.9,4,399.899,3.651,198.245
4397.9,52.61,89.8,0.0,-12.4,4,399.055,3.647,201.278
4397.9,52.78,89.8,0.0,-13.4,4,398.450,3.646,203.296
4408.9,53.03,80.7,0.0,-14.9,4,397.481,3.645,206.318
4408.9,53.27,70.9,0.0,-16.6,4,396.441,3.642,209.333
4408.9,53.45,64.3,0.0,-17.3,4,395.707,3.641,211.337
4408.9,53.68,57.3,0.0,-17.3,4,394.540,3.643,214.331
4420.7,53.84,57.3,0.0,-17.1,4,393.718,3.647,216.318
4420.7,54.05,57.4,0.0,-16.9,4,392.423,3.654,219.283
4420.7,54.14,36.4,0.0,-16.9,4,391.519,3.659,221.250
4420.7,54.16,31.3,0.0,-17.6,4,390.104,3.667,224.174
4432.1,54.24,48.7,0.0,-17.7,4,389.121,3.673,226.106
4432.1,54.41,50.7,0.0,-17.4,4,387.587,3.682,228.982
4432.1,54.49,33.4,0.0,-17.4,4,386.527,3.686,230.885
4432.1,54.55,39.5,0.0,-17.2,4,384.885,3.689,233.714
4443.0,54.64,46.5,0.0,-16.6,4,383.754,3.688,235.581
4443.0,54.83,57.2,0.0,-14.8,4,382.001,3.688,238.357
4443.0,54.99,57.9,0.0,-12.9,4,380.792,3.688,240.191
4443.0,55.22,55.6,0.0,-10.7,4,378.922,3.690,242.917
4453.8,55.47,57.7,0.0,-9.2,4,376.985,3.696,245.613
4453.8,55.64,58.1,0.0,-8.5,4,375.658,3.701,247.395
4453.8,55.91,58.1,0.0,-8.4,4,373.619,3.709,250.048
4453.8,56.09,58.2,0.0,-7.7,4,372.229,3.714,251.804
4464.8,56.35,58.2,0.0,-6.3,4,370.099,3.723,254.419
4464.8,56.53,58.3,0.0,-5.6,4,368.650,3.729,256.150
4464.8,56.80,58.3,0.0,-5.4,4,366.435,3.739,258.729
4464.8,56.98,58.4,0.0,-5.5,4,364.934,3.745,260.439
4476.1,57.24,58.5,0.0,-5.3,4,362.644,3.753,262.987
4476.1,57.42,58.5,0.0,-5.2,4,361.093,3.757,264.676
4476.1,57.69,58.6,0.0,-5.1,4,358.730,3.763,267.194
4476.1,57.86,58.7,0.0,-5.2,4,357.132,3.767,268.862
4487.5,58.12,58.8,0.0,-5.3,4,354.699,3.768,271.349
4487.5,58.30,58.8,0.0,-5.4,4,353.054,3.768,272.997
4487.5,58.55,59.0,0.0,-5.3,4,350.551,3.768,275.450
4487.5,58.80,59.1,0.0,-5.5,4,348.006,3.768,277.882
4499.2,58.94,59.1,0.0,-5.2,4,346.286,3.770,279.490
4499.2,59.20,59.1,0.0,-4.1,4,343.670,3.776,281.881
4499.2,59.35,59.2,0.0,-2.9,4,341.904,3.782,283.462
4499.2,59.60,59.2,0.0,-2.3,4,339.223,3.788,285.816
4511.0,59.80,59.1,0.0,-1.4,4,337.417,3.789,287.378
4511.0,60.07,59.1,0.0,-0.5,4,334.680,3.787,289.709
4511.0,60.23,59.1,0.0,-0.2,4,332.839,3.785,291.258
4511.0,60.49,59.2,0.0,-0.4,4,330.057,3.786,293.575
4523.0,60.64,59.2,0.0,-0.3,4,328.191,3.786,295.119
4523.0,60.88,59.1,0.0,-0.1,4,325.378,3.782,297.438
4523.0,61.04,58.9,0.0,0.1,4,323.495,3.781,298.986
4523.0,61.27,58.6,0.0,0.3,4,320.659,3.780,301.315
4535.2,61.43,58.5,0.0,0.4,0,318.763,3.778,302.871
4535.2,61.38,87.8,0.0,0.5,5,315.916,3.777,305.210
4535.2,61.59,77.7,0.0,0.5,5,313.067,3.781,307.554
4535.2,61.74,71.0,0.0,0.5,5,311.164,3.786,309.122
4547.5,61.96,60.9,0.0,0.6,5,308.304,3.792,311.487
4547.5,62.11,56.3,0.0,0.6,5,306.394,3.795,313.070
4547.5,62.32,56.4,0.0,0.7,5,303.524,3.801,315.456
4547.5,62.46,56.5,0.0,0.7,5,301.608,3.806,317.055
4559.9,62.67,56.6,0.0,0.8,5,298.730,3.813,319.464
4559.9,62.82,56.7,0.0,0.9,5,296.809,3.816,321.079
4559.9,63.03,56.8,0.0,0.8,5,293.923,3.821,323.512
4559.9,63.17,56.8,0.0,0.7,5,291.997,3.822,325.143
4572.5,63.38,56.9,0.0,0.7,5,289.104,3.818,327.601
4572.5,63.52,56.9,0.0,0.6,5,287.173,3.813,329.248
4572.5,63.73,57.1,0.0,0.6,5,284.274,3.806,331.731
4572.5,63.87,57.1,0.0,0.6,5,282.338,3.801,333.393
4585.2,64.08,57.2,0.0,0.5,5,279.432,3.791,335.900
4585.2,64.27,57.4,0.0,0.4,5,276.521,3.787,338.419
4585.2,64.41,57.4,0.0,0.5,5,274.577,3.787,340.106
4598.0,64.61,57.5,0.0,0.4,5,271.657,3.788,342.647
4598.0,64.75,57.6,0.0,0.3,5,269.707,3.790,344.347
4598.0,64.96,57.7,0.0,0.2,5,266.777,3.793,346.906
4598.0,65.09,57.7,0.0,0.1,5,264.819,3.797,348.619
4611.0,65.29,57.8,0.0,0.1,5,261.878,3.806,351.196
4611.0,65.42,57.9,0.0,0.1,5,259.913,3.814,352.920
4611.0,65.62,57.9,0.0,0.1,5,256.959,3.827,355.513
4611.0,65.75,58.0,0.0,0.2,5,254.985,3.837,357.246
4624.2,65.95,58.0,0.0,0.2,5,252.016,3.848,359.853
4624.2,66.08,58.1,0.0,0.1,5,250.033,3.857,361.596
4624.2,66.27,58.1,0.0,0.1,5,247.051,3.873,364.217
4624.2,66.40,58.2,0.0,0.2,5,245.059,3.883,365.969
4637.4,66.59,58.2,0.0,0.1,5,242.063,3.893,368.603
4637.4,66.72,58.2,0.0,0.1,5,240.061,3.899,370.364
4637.4,66.90,58.3,0.0,0.0,5,237.052,3.908,373.012
4637.4,67.10,58.3,0.0,0.0,5,234.035,3.913,375.668
4650.8,67.22,58.3,0.0,0.0,5,232.019,3.914,377.443
4650.8,67.40,58.4,0.0,0.0,5,228.988,3.913,380.112
4650.8,67.53,58.4,0.0,0.1,5,226.964,3.911,381.896
4650.8,67.71,58.4,0.0,0.0,5,223.920,3.907,384.578
4664.3,67.83,58.5,0.0,0.0,5,221.887,3.904,386.370
4664.3,68.01,58.5,0.0,0.0,5,218.830,3.899,389.065
4664.3,68.13,58.6,0.0,0.0,5,216.788,3.896,390.866
4664.3,68.31,58.6,0.0,0.0,5,213.718,3.890,393.573
4677.9,68.43,58.6,0.0,0.0,5,211.667,3.885,395.381
4677.9,68.61,58.7,0.0,0.0,5,208.584,3.876,398.101
4677.9,68.72,58.7,0.0,0.0,5,206.525,3.872,399.918
4677.9,68.90,58.8,0.0,0.1,5,203.430,3.866,402.650
4691.7,69.01,58.8,0.0,0.1,5,201.362,3.863,404.475
4691.7,69.19,58.9,0.0,0.1,5,198.254,3.858,407.220
4691.7,69.36,58.9,0.0,0.1,5,195.139,3.854,409.971
4691.7,69.48,58.9,0.0,0.1,5,193.059,3.850,411.809
4705.5,69.65,59.0,0.0,0.1,5,189.931,3.845,414.573
4705.5,69.76,59.0,0.0,0.1,5,187.843,3.841,416.420
4705.5,69.93,59.1,0.0,0.1,5,184.704,3.836,419.196
4705.5,70.04,59.1,0.0,0.1,5,182.607,3.834,421.050
4719.5,70.21,59.1,0.0,0.1,5,179.457,3.831,423.839
4719.5,70.32,59.2,0.0,0.1,5,177.353,3.829,425.702
4719.5,70.48,59.2,0.0,0.1,5,174.192,3.824,428.503
4719.5,70.59,59.2,0.0,0.1,5,172.082,3.820,430.375
4733.6,70.75,59.2,0.0,0.2,5,168.910,3.813,433.189
4733.6,70.86,59.2,0.0,0.2,5,166.793,3.810,435.070
4733.6,71.02,59.3,0.0,0.1,5,163.612,3.807,437.898
4733.6,71.12,59.3,0.0,0.1,5,161.489,3.806,439.787
4747.8,71.28,59.3,0.0,0.1,5,158.298,3.805,442.628
4747.8,71.44,59.3,0.0,0.1,5,155.102,3.805,445.476
4747.8,71.54,59.4,0.0,0.1,5,152.969,3.808,447.379
4747.8,71.69,59.4,0.0,0.1,5,149.763,3.812,450.241
4762.1,71.79,59.4,0.0,0.1,5,147.624,3.815,452.152
4762.1,71.95,59.4,0.0,0.1,5,144.409,3.818,455.027
4762.1,72.05,59.4,0.0,0.1,5,142.263,3.819,456.947
4762.1,72.19,59.4,0.0,0.1,5,139.040,3.822,459.833
4776.5,72.29,59.4,0.0,0.1,5,136.888,3.824,461.761
4776.5,72.44,59.4,0.0,0.1,5,133.655,3.826,464.658
4776.5,72.54,59.3,0.0,0.1,5,131.496,3.827,466.594
4776.5,72.67,59.1,0.0,0.0,5,128.253,3.830,469.503
4791.0,72.77,59.1,0.0,0.0,5,126.088,3.832,471.445
4791.0,72.91,59.0,0.0,0.0,5,122.836,3.834,474.364
4791.0,73.04,58.9,0.0,0.1,5,119.578,3.836,477.288
4805.5,73.17,58.8,0.0,0.0,5,116.314,3.837,480.219
4805.5,73.26,58.7,0.0,0.0,0,114.135,3.836,482.175
4805.5,73.16,88.2,0.0,-0.0,6,110.866,3.834,485.110
4805.5,73.25,81.8,0.0,-0.0,6,108.688,3.832,487.066
4820.2,73.38,72.2,0.0,-0.0,6,105.415,3.826,490.005
4820.2,73.47,65.9,0.0,0.0,6,103.230,3.821,491.967
4820.2,73.61,58.2,0.0,0.0,6,99.946,3.813,494.914
4820.2,73.70,58.2,0.0,0.0,6,97.754,3.807,496.881
4834.9,73.83,58.3,0.0,0.0,6,94.460,3.798,499.837
4834.9,73.96,58.3,0.0,0.0,6,91.161,3.784,502.798
4834.9,74.05,58.3,0.0,-0.0,6,88.958,3.774,504.775
4834.9,74.18,58.3,0.0,-0.0,6,85.648,3.756,507.745
4849.7,74.26,58.4,0.0,-0.0,6,83.439,3.743,509.727
4849.7,74.39,58.4,0.0,-0.0,6,80.120,3.723,512.705
4849.7,74.48,58.4,0.0,-0.0,6,77.904,3.710,514.693
4849.7,74.60,58.4,0.0,-0.3,6,74.575,3.689,517.680
4864.6,74.69,58.5,0.0,-0.0,6,72.352,3.675,519.673
4864.6,74.81,58.5,0.0,0.2,6,69.012,3.652,522.665
4864.6,74.90,58.5,0.0,-1.0,6,66.781,3.637,524.663
4864.6,75.02,58.5,0.0,-1.2,6,63.429,3.612,527.660
4879.6,75.10,58.5,0.0,-0.2,6,61.188,3.595,529.658
4879.6,75.23,58.6,0.0,0.8,6,57.816,3.567,532.653
4879.6,75.31,58.6,0.0,-0.4,6,55.564,3.546,534.651
4879.6,75.43,58.6,0.0,-0.7,6,52.179,3.513,537.649
4894.6,75.52,58.6,0.0,-0.0,6,49.918,3.490,539.649
4894.6,75.64,58.7,0.0,0.6,6,46.519,3.454,542.651
4894.6,75.76,58.7,0.0,0.6,6,43.115,3.415,545.656
4894.6,75.84,58.7,0.0,0.4,6,40.843,3.387,547.664
4909.8,75.96,58.7,0.0,0.2,6,37.435,3.342,550.683
4909.8,76.05,58.7,0.0,0.2,6,35.162,3.308,552.702
4909.8,76.16,58.8,0.0,0.3,6,31.750,3.252,555.736
4909.8,76.24,58.8,0.0,0.3,6,29.475,3.215,557.764
4925.0,76.36,58.8,0.0,0.1,6,26.061,3.157,560.813
4925.0,76.43,58.9,0.0,0.1,6,23.783,3.119,562.850
4925.0,76.55,58.9,0.0,0.1,6,20.365,3.061,565.912
4925.0,76.63,58.9,0.0,0.1,6,18.085,3.022,567.957
4940.3,76.75,59.0,0.0,0.0,6,14.661,2.962,571.031
4940.3,76.83,59.0,0.0,-0.2,6,12.376,2.923,573.083
4940.3,76.94,59.0,0.0,-0.3,6,8.945,2.865,576.166
4940.3,77.02,59.0,0.0,-0.0,6,6.654,2.827,578.223
4955.7,77.07,35.9,43.9,-0.1,6,3.213,2.774,581.311
4955.7,76.25,0.0,77.7,-0.6,6,-0.215,2.719,584.385
4955.7,75.46,0.0,81.7,-0.7,6,-2.477,2.677,586.411
4955.7,74.24,0.0,84.0,-0.2,6,-5.827,2.620,589.405
4970.8,73.42,0.0,85.0,0.2,6,-8.032,2.584,591.371
4970.8,72.17,0.0,85.1,0.2,6,-11.297,2.532,594.276
4970.8,71.35,0.0,84.6,-0.1,6,-13.444,2.497,596.183
4970.8,70.11,0.0,84.5,-0.7,6,-16.620,2.447,599.001
4985.2,69.30,0.0,84.6,-0.7,6,-18.708,2.416,600.851
4985.2,68.10,0.0,85.8,-0.6,6,-21.797,2.370,603.582
4985.2,67.27,0.0,85.1,-0.8,6,-23.829,2.338,605.374
4985.2,66.05,0.0,84.5,-0.8,6,-26.835,2.288,608.016
4998.7,65.25,0.0,84.7,-0.7,6,-28.812,2.255,609.747
4998.7,64.04,0.0,84.5,-0.8,6,-31.738,2.208,612.297
4998.7,63.25,26.1,85.0,-1.0,0,-33.663,2.178,613.965
4998.7,62.06,0.0,85.5,-1.1,5,-36.514,2.136,616.419
5011.5,61.26,0.0,85.3,-1.1,5,-38.390,2.109,618.023
5011.5,60.07,0.0,85.3,-1.1,5,-41.166,2.067,620.380
5011.5,58.87,0.0,84.2,-1.3,5,-43.899,2.024,622.678
5011.5,58.09,0.0,84.6,-1.4,5,-45.697,1.998,624.176
5023.4,56.92,0.0,85.0,-1.8,5,-48.359,1.957,626.375
5023.4,56.13,0.0,84.5,-2.1,5,-50.111,1.929,627.807
5023.4,54.96,0.0,84.9,-2.6,5,-52.705,1.890,629.902
5023.4,54.18,0.0,84.5,-2.9,5,-54.412,1.863,631.264
5034.5,53.02,37.0,85.3,-3.2,0,-56.943,1.826,633.252
5034.5,52.26,0.0,85.6,-3.2,4,-58.611,1.801,634.539
5034.5,51.09,0.0,83.3,-3.1,4,-61.083,1.765,636.414
5034.5,50.33,0.0,80.6,-2.9,4,-62.712,1.740,637.625
5044.9,49.23,0.0,65.9,-2.5,4,-65.129,1.704,639.381
5044.9,48.61,0.0,56.2,-2.6,4,-66.727,1.680,640.512
5044.9,47.81,0.0,48.7,-3.1,4,-69.111,1.645,642.151
5044.9,47.32,0.0,45.5,-4.1,4,-70.695,1.622,643.207
5054.5,46.64,0.0,46.2,-5.7,4,-73.064,1.589,644.737
5054.5,45.95,0.0,46.7,-6.8,4,-75.424,1.556,646.205
5054.5,45.49,0.0,45.7,-7.4,4,-76.992,1.534,647.148
5063.5,44.83,0.0,40.4,-7.3,4,-79.335,1.502,648.511
5063.5,44.42,0.0,37.2,-7.1,4,-80.892,1.481,649.385
5063.5,43.90,36.6,27.4,-6.5,0,-83.224,1.450,650.643
5063.5,43.61,0.0,24.0,-6.9,3,-84.778,1.429,651.449
5072.1,43.20,0.0,19.1,-8.1,3,-87.110,1.398,652.609
5072.1,42.95,0.0,15.6,-8.9,3,-88.665,1.376,653.350
5072.1,42.57,0.0,33.0,-9.9,3,-91.002,1.344,654.414
5072.1,42.21,0.0,37.6,-10.4,3,-92.557,1.323,655.091
5080.6,41.62,0.0,36.8,-10.2,3,-94.882,1.291,656.053
5080.6,41.24,0.0,26.6,-9.7,3,-96.425,1.271,656.659
5080.6,40.83,0.0,14.8,-9.5,3,-98.733,1.242,657.514
5080.6,40.62,0.0,11.0,-10.0,3,-100.272,1.223,658.050
5088.8,40.37,0.0,6.6,-11.4,3,-102.582,1.193,658.802
5088.8,40.15,0.0,4.7,-13.0,3,-104.896,1.163,659.495
5088.8,40.02,0.0,3.4,-13.5,3,-106.442,1.144,659.922
5088.8,39.84,0.0,3.6,-14.2,3,-108.764,1.115,660.513
5097.0,39.72,0.0,3.4,-14.5,3,-110.314,1.096,660.872
5097.0,39.54,0.0,3.7,-14.4,3,-112.641,1.067,661.361
5097.0,39.42,0.0,4.1,-14.2,3,-114.194,1.048,661.651
5097.0,39.23,0.0,3.5,-14.3,3,-116.522,1.021,662.032
5105.2,39.10,0.0,3.8,-14.5,3,-118.073,1.003,662.251
5105.2,38.91,0.0,3.6,-14.5,3,-120.398,0.976,662.525
5105.2,38.79,0.0,4.2,-14.2,3,-121.945,0.960,662.671
5105.2,38.60,0.0,4.0,-14.0,3,-124.261,0.936,662.834
5113.2,38.48,0.0,3.7,-14.2,3,-125.801,0.922,662.908
5113.2,38.29,0.0,4.0,-14.8,3,-128.104,0.901,662.964
5113.2,38.17,0.0,3.6,-15.1,3,-129.633,0.888,662.968
5113.2,37.99,0.0,3.9,-15.6,3,-131.917,0.867,662.921
5121.2,37.80,0.0,3.6,-15.6,3,-134.189,0.847,662.812
5121.2,37.68,0.0,3.1,-15.6,3,-135.695,0.834,662.705
5121.2,37.50,0.0,3.1,-15.9,3,-137.940,0.815,662.491
5121.2,37.38,0.0,1.8,-16.3,3,-139.427,0.803,662.314
5128.9,37.22,0.0,2.0,-16.5,3,-141.643,0.785,661.998
5128.9,37.11,0.0,1.9,-16.6,3,-143.109,0.773,661.752
5128.9,36.95,0.0,1.4,-16.8,3,-145.291,0.755,661.333
5128.9,36.84,0.0,2.0,-16.9,3,-146.734,0.744,661.019
5136.9,36.68,0.0,1.5,-17.6,3,-148.877,0.728,660.498
5136.9,36.57,0.0,1.8,-18.0,3,-150.292,0.717,660.118
5136.9,36.41,0.0,1.5,-18.5,3,-152.392,0.702,659.498
5136.9,36.25,0.0,1.0,-18.9,3,-154.463,0.686,658.819
5144.8,36.14,0.0,2.1,-19.2,3,-155.828,0.676,658.334
5144.8,35.97,0.0,2.2,-19.5,3,-157.847,0.661,657.557
5144.8,35.79,0.0,4.3,-19.6,3,-159.832,0.647,656.723
5144.8,35.66,0.0,1.9,-19.4,3,-161.135,0.638,656.134
5152.4,35.50,2.7,0.9,-18.8,3,-163.055,0.627,655.202
5152.4,35.40,1.3,0.1,-18.5,3,-164.313,0.622,654.547
5152.4,35.27,5.2,0.0,-18.0,3,-166.166,0.617,653.517
5152.4,35.19,4.1,0.0,-17.5,3,-167.378,0.615,652.799
5160.5,35.06,2.2,0.0,-17.8,3,-169.162,0.613,651.677
5160.5,34.98,3.1,0.0,-19.0,3,-170.329,0.611,650.901
5160.5,34.84,3.1,0.1,-21.8,3,-172.044,0.606,649.699
5160.5,34.77,14.1,0.0,-23.7,3,-173.165,0.603,648.872
5168.0,34.74,28.0,0.0,-25.7,3,-174.808,0.600,647.590
5168.0,34.74,40.2,0.0,-25.7,3,-175.878,0.601,646.704
5168.0,34.88,64.7,0.0,-26.4,3,-177.450,0.605,645.329
5168.0,35.03,74.4,0.0,-27.0,3,-178.478,0.608,644.382
5175.9,35.29,81.3,0.0,-28.3,3,-179.994,0.612,642.916
5175.9,35.50,85.3,0.0,-29.8,3,-180.988,0.614,641.908
5175.9,35.72,63.4,0.0,-31.6,3,-182.448,0.619,640.347
5183.3,35.84,47.9,0.0,-31.9,3,-183.863,0.626,638.733
5183.3,35.89,45.4,0.0,-31.8,3,-184.779,0.631,637.629
5183.3,35.96,47.8,0.0,-32.7,3,-186.110,0.641,635.934
5183.3,36.03,49.1,0.0,-33.5,3,-186.970,0.648,634.779
5190.9,36.10,38.5,0.0,-35.4,3,-188.220,0.659,633.013
5190.9,36.08,22.5,0.0,-36.2,3,-189.026,0.666,631.814
5190.9,35.97,9.0,0.0,-35.8,3,-190.186,0.677,629.990
5190.9,35.89,14.8,0.0,-34.9,3,-190.925,0.685,628.757
5197.9,35.84,32.3,0.0,-32.9,3,-191.982,0.698,626.883
5197.9,35.86,43.0,0.0,-31.7,3,-192.654,0.705,625.617
5197.9,35.95,51.5,0.0,-30.7,3,-193.617,0.716,623.690
5197.9,36.02,53.5,0.0,-29.9,3,-194.228,0.721,622.387
5204.7,36.16,57.7,0.0,-28.6,3,-195.099,0.726,620.405
5204.7,36.26,60.0,0.0,-27.8,3,-195.649,0.729,619.065
5204.7,36.44,61.6,0.0,-27.4,3,-196.429,0.730,617.029
5204.7,36.63,71.1,0.0,-27.8,3,-197.154,0.729,614.961
5211.7,36.81,76.5,0.0,-28.5,3,-197.607,0.728,613.564
5211.7,37.01,59.6,0.0,-29.8,3,-198.240,0.728,611.442
5211.7,37.11,58.5,0.0,-30.5,3,-198.630,0.728,610.012
5211.7,37.27,59.6,0.0,-30.7,3,-199.166,0.729,607.847
5218.9,37.37,59.3,0.0,-30.9,3,-199.493,0.729,606.390
5218.9,37.54,64.8,0.0,-29.2,3,-199.933,0.730,604.187
5218.9,37.68,70.5,0.0,-27.2,3,-200.194,0.731,602.705
5218.9,37.94,82.8,0.0,-24.0,3,-200.533,0.734,600.463
5226.4,38.15,88.5,0.0,-21.0,3,-200.725,0.738,598.954
5226.4,38.49,89.6,0.0,-15.8,3,-200.963,0.743,596.668
5226.4,38.72,89.6,0.0,-11.5,3,-201.088,0.748,595.129
5226.4,39.09,89.6,0.0,-4.5,3,-201.224,0.757,592.800
5234.1,39.34,89.6,0.0,-0.9,3,-201.283,0.765,591.233
5234.1,39.69,62.0,0.0,3.7,3,-201.327,0.779,588.862
5234.1,39.70,4.0,8.8,4.8,3,-201.335,0.797,586.479
5234.1,39.52,0.0,30.2,5.0,3,-201.335,0.809,584.893
5242.1,38.97,0.0,55.9,5.5,3,-201.344,0.824,582.536
5242.1,38.44,0.0,61.1,5.7,3,-201.361,0.834,580.986
5242.1,37.61,0.0,53.0,6.5,3,-201.408,0.851,578.704
5242.1,37.12,0.0,48.0,7.3,3,-201.456,0.863,577.209
5257.0,34.84,0.0,10.2,13.9,3,-202.367,0.941,566.515
5257.0,34.69,42.4,10.4,14.6,0,-202.575,0.949,565.140
5257.0,34.45,0.0,10.9,13.9,2,-202.933,0.962,563.096
5264.1,34.18,0.0,13.9,12.4,2,-203.342,0.976,561.077
5264.1,33.98,0.0,13.3,12.1,2,-203.642,0.985,559.747
5264.1,33.68,0.0,10.6,12.4,2,-204.133,0.999,557.777
5264.1,33.48,0.0,29.5,12.5,2,-204.488,1.010,556.481
5271.4,32.95,0.0,37.9,13.0,2,-205.055,1.027,554.569
5271.4,32.57,0.0,30.7,13.2,2,-205.454,1.039,553.320
5271.4,31.90,0.0,50.8,12.9,2,-206.081,1.056,551.487
5271.4,31.42,0.0,39.5,12.5,2,-206.516,1.068,550.297
5278.3,30.86,0.0,27.3,12.0,2,-207.198,1.086,548.557
5278.3,30.56,0.0,21.5,11.8,2,-207.673,1.098,547.424
5278.3,30.21,0.0,13.1,12.6,2,-208.419,1.118,545.761
5278.3,30.02,0.0,12.5,14.0,2,-208.938,1.132,544.673
5285.7,29.75,0.0,14.4,16.0,2,-209.748,1.153,543.073
5285.7,29.55,0.0,14.8,17.0,2,-210.307,1.166,542.027
5285.7,29.25,0.0,14.6,18.2,2,-211.174,1.185,540.490
5285.7,28.96,0.0,10.5,18.5,2,-212.077,1.203,538.995
5292.3,28.80,0.0,8.4,19.0,2,-212.699,1.216,538.022
5292.3,28.58,0.0,6.5,20.0,2,-213.664,1.233,536.596
5292.3,28.44,0.0,4.8,20.7,0,-214.328,1.245,535.669
5292.3,28.30,0.0,3.4,21.7,1,-215.359,1.262,534.315
5298.7,28.17,0.0,2.6,22.4,1,-216.067,1.273,533.435
5298.7,27.99,0.0,1.0,23.8,1,-217.162,1.289,532.153
5298.7,27.88,0.3,0.1,24.9,1,-217.912,1.298,531.325
5298.7,27.74,3.1,0.0,26.0,1,-219.068,1.312,530.122
5305.2,27.65,4.0,0.0,27.2,1,-219.860,1.321,529.347
5305.2,27.54,8.4,0.0,29.0,1,-221.078,1.334,528.225
5305.2,27.49,11.5,0.0,30.1,1,-221.910,1.342,527.505
5305.2,27.43,14.5,0.0,32.2,1,-223.189,1.353,526.466
5311.1,27.41,19.1,0.0,33.3,1,-224.062,1.360,525.802
5311.1,27.43,25.2,0.0,35.3,1,-225.402,1.370,524.848
5311.1,27.48,27.9,0.0,37.5,1,-226.778,1.379,523.944
5311.1,27.52,27.1,0.0,39.3,1,-227.716,1.384,523.368
5316.8,27.54,22.1,0.0,42.5,1,-229.150,1.391,522.548
5316.8,27.53,19.9,0.0,44.6,1,-230.122,1.396,522.030
5316.8,27.50,18.1,0.0,47.5,1,-231.603,1.401,521.300
5316.8,27.47,17.9,0.0,49.3,1,-232.604,1.404,520.845
5322.6,27.42,16.5,0.0,51.8,1,-234.124,1.408,520.212
5322.6,27.37,15.3,0.0,53.4,1,-235.148,1.410,519.822
5322.6,27.28,13.2,0.0,55.9,1,-236.699,1.413,519.288
5322.6,27.21,12.0,0.0,57.4,1,-237.740,1.414,518.966
5328.3,27.09,10.7,0.0,59.1,1,-239.311,1.416,518.535
5328.3,27.01,10.0,0.0,60.1,1,-240.364,1.417,518.283
5328.3,26.87,9.4,0.0,59.8,1,-241.947,1.417,517.957
5328.3,26.78,9.3,0.0,59.1,1,-243.004,1.416,517.775
5333.9,26.65,9.8,0.0,60.5,1,-244.592,1.415,517.555
5333.9,26.56,9.5,0.0,60.0,1,-245.651,1.414,517.443
5333.9,26.42,9.3,0.0,59.9,1,-247.236,1.411,517.329
5339.6,26.29,9.6,0.0,60.5,1,-248.817,1.408,517.278
5339.6,26.20,9.4,0.0,60.7,1,-249.867,1.405,517.279
5339.6,26.07,9.3,0.0,59.9,1,-251.434,1.400,517.332
5339.6,25.98,9.4,0.0,59.0,1,-252.473,1.397,517.402
5345.0,25.86,10.1,0.0,56.9,1,-254.020,1.391,517.557
5345.0,25.79,11.1,0.0,55.2,1,-255.044,1.386,517.695
5345.0,25.69,13.8,0.0,52.4,1,-256.567,1.379,517.951
5345.0,25.65,16.2,0.0,50.3,1,-257.574,1.373,518.155
5350.4,25.62,21.4,0.0,47.1,1,-259.070,1.364,518.510
5350.4,25.64,27.4,0.0,44.8,1,-260.059,1.357,518.779
5350.4,25.74,39.8,0.0,41.0,1,-261.532,1.345,519.230
5350.4,25.87,52.7,0.0,38.0,1,-262.509,1.337,519.564
5355.8,26.25,83.2,0.0,32.3,1,-263.970,1.323,520.114
5355.8,26.52,53.2,0.0,27.5,1,-264.946,1.313,520.514
5355.8,26.88,60.7,0.0,21.3,1,-266.408,1.298,521.167
5355.8,27.26,71.4,0.0,16.6,1,-267.866,1.281,521.881
5361.4,27.55,68.5,0.0,15.7,1,-268.836,1.269,522.390
5361.4,27.96,68.1,0.0,11.2,1,-270.286,1.252,523.205
5361.4,28.28,71.0,0.0,10.1,1,-271.251,1.240,523.782
5361.4,28.80,81.0,0.0,15.7,1,-272.698,1.221,524.695
5367.3,29.14,79.3,0.0,15.5,1,-273.662,1.208,525.337
5367.3,29.66,79.3,0.0,14.0,1,-275.106,1.187,526.348
5367.3,29.99,77.6,0.0,17.1,1,-276.065,1.173,527.055
5367.3,30.48,79.5,0.0,15.2,1,-277.498,1.151,528.167
5373.7,30.82,85.1,0.0,14.1,1,-278.446,1.137,528.942
5373.7,31.30,73.5,0.0,16.5,1,-279.860,1.114,530.156
5373.7,31.61,81.0,0.0,18.2,1,-280.793,1.099,530.999
5373.7,32.06,75.6,0.0,20.7,1,-282.177,1.076,532.314
5380.8,32.34,76.0,0.0,22.2,1,-283.086,1.059,533.226
5380.8,32.70,65.5,0.0,23.2,1,-284.425,1.035,534.644
5380.8,32.95,73.8,0.0,24.2,1,-285.298,1.019,535.624
5380.8,33.32,69.0,0.0,26.5,1,-286.578,0.996,537.144
5387.9,33.63,57.1,0.0,29.4,1,-287.819,0.974,538.723
5387.9,33.81,64.8,0.0,32.0,1,-288.621,0.959,539.807
5387.9,34.13,61.2,0.0,36.8,1,-289.788,0.937,541.477
5387.9,34.29,52.0,0.0,41.3,1,-290.542,0.922,542.619
5395.8,34.43,38.7,0.0,48.9,1,-291.632,0.899,544.369
5395.8,34.44,21.8,0.0,53.4,1,-292.329,0.885,545.557
5395.8,34.31,14.0,0.0,57.7,1,-293.326,0.864,547.363
5395.8,34.22,13.3,0.0,57.8,1,-293.956,0.852,548.581
5403.2,34.08,13.1,0.0,57.2,1,-294.849,0.834,550.425
5403.2,33.98,13.0,0.0,56.3,1,-295.409,0.821,551.666
5403.2,33.84,12.8,0.0,53.6,1,-296.195,0.802,553.542
5403.2,33.74,12.9,0.0,53.5,1,-296.681,0.790,554.804
5411.1,33.59,13.1,0.0,54.2,1,-297.352,0.773,556.709
5411.1,33.50,12.9,0.0,52.8,1,-297.760,0.763,557.987
5411.1,33.36,12.8,0.0,50.9,1,-298.313,0.749,559.915
5411.1,33.25,18.5,0.0,50.3,1,-298.800,0.735,561.853
5418.2,33.19,16.9,0.0,48.5,1,-299.087,0.726,563.151
5418.2,33.09,15.8,0.0,44.8,1,-299.463,0.712,565.103
5418.2,33.03,18.4,0.0,41.8,1,-299.675,0.704,566.409
5418.2,33.01,28.9,0.0,34.9,1,-299.937,0.693,568.372
5425.5,33.07,41.9,0.0,30.3,1,-300.074,0.685,569.686
5425.5,33.39,87.6,0.0,23.2,1,-300.227,0.675,571.671
5425.5,33.71,89.8,0.0,17.3,1,-300.297,0.668,573.011
5425.5,33.89,0.0,0.0,8.5,0,-300.353,0.657,575.042
5432.3,34.05,89.6,0.0,4.3,2,-300.356,0.651,576.399
5432.3,34.58,89.6,0.0,1.0,2,-300.320,0.642,578.456
5432.3,34.93,89.6,0.0,1.4,2,-300.272,0.637,579.844
5432.3,35.45,89.6,0.0,4.1,2,-300.170,0.630,581.952
5439.4,35.80,89.6,0.0,6.1,2,-300.084,0.625,583.374
5439.4,36.31,89.6,0.0,8.1,2,-299.932,0.618,585.531
5439.4,36.64,89.7,0.0,8.8,2,-299.812,0.613,586.984
5439.4,37.14,89.7,0.0,9.1,2,-299.602,0.606,589.187
5446.6,37.64,89.7,0.0,9.1,2,-299.352,0.599,591.415
5446.6,37.96,89.7,0.0,9.5,2,-299.161,0.593,592.914
5446.6,38.44,89.8,0.0,9.3,2,-298.835,0.584,595.182
5446.6,38.76,89.8,0.0,9.1,2,-298.592,0.577,596.706
5454.1,39.23,89.8,0.0,9.9,2,-298.186,0.565,599.009
5454.1,39.54,89.8,0.0,9.5,2,-297.886,0.556,600.555
5454.1,40.00,89.8,0.0,9.2,2,-297.394,0.541,602.889
5454.1,40.29,89.9,0.0,8.3,2,-297.039,0.530,604.454
5461.8,40.76,89.9,0.0,7.5,2,-296.463,0.510,606.816
5461.8,41.05,89.9,0.0,7.2,2,-296.048,0.497,608.398
5461.8,41.50,89.9,0.0,6.9,2,-295.384,0.477,610.783
5461.8,41.67,0.0,0.0,7.0,0,-294.914,0.462,612.379
5469.9,41.79,89.6,0.0,7.2,3,-294.174,0.437,614.767
5469.9,42.19,89.6,0.0,6.0,3,-293.387,0.410,617.160
5469.9,42.46,89.6,0.0,5.2,3,-292.836,0.392,618.760
5478.3,42.86,89.6,0.0,4.8,3,-291.974,0.362,621.169
5478.3,43.14,89.7,0.0,4.9,3,-291.377,0.340,622.781
5478.3,43.51,89.7,0.0,4.6,3,-290.450,0.302,625.209
5478.3,43.80,89.7,0.0,4.0,3,-289.812,0.276,626.834
5486.9,44.17,89.7,0.0,3.6,3,-288.822,0.240,629.280
5486.9,44.47,89.7,0.0,3.3,3,-288.143,0.218,630.916
5486.9,44.78,89.6,0.0,3.1,3,-287.096,0.183,633.380
5486.9,45.03,89.7,0.0,2.3,3,-286.381,0.155,635.027
5495.8,45.31,60.8,0.0,0.8,3,-285.284,0.108,637.506
5495.8,45.51,80.7,0.0,0.0,3,-284.536,0.074,639.160
5495.8,45.97,89.7,0.0,-0.5,3,-283.389,0.018,641.651
5495.8,46.20,89.8,0.0,0.9,3,-282.602,-0.015,643.317
5504.9,46.55,89.8,0.0,3.5,3,-281.394,-0.056,645.823
5504.9,46.82,89.7,0.0,4.0,3,-280.573,-0.082,647.500
5504.9,47.22,89.6,0.0,3.9,3,-279.318,-0.119,650.025
5504.9,47.54,89.9,0.0,3.7,3,-278.034,-0.158,652.560
5514.3,47.78,89.9,0.0,2.9,3,-277.163,-0.187,654.254
5514.3,48.22,89.8,0.0,1.3,3,-275.824,-0.225,656.803
5514.3,48.47,89.8,0.0,1.1,3,-274.909,-0.247,658.506
5514.3,48.80,89.9,0.0,1.8,3,-273.504,-0.270,661.062
5523.9,49.04,89.9,0.0,2.4,3,-272.548,-0.281,662.768
5523.9,49.39,89.9,0.0,3.4,3,-271.087,-0.292,665.334
5523.9,49.62,89.9,0.0,3.9,3,-270.097,-0.299,667.048
5523.9,49.99,89.9,0.0,3.3,3,-268.586,-0.317,669.625
5533.8,50.21,89.9,0.0,2.8,3,-267.560,-0.330,671.346
5533.8,50.56,89.9,0.0,2.9,3,-265.988,-0.348,673.928
5533.8,50.79,90.0,0.0,3.2,3,-264.920,-0.359,675.650
5533.8,51.13,90.0,0.0,3.4,3,-263.290,-0.373,678.236
5544.0,51.35,90.0,0.0,3.5,3,-262.185,-0.382,679.961
5544.0,51.68,90.1,0.0,3.2,3,-260.497,-0.393,682.550
5544.0,51.89,90.0,0.0,3.0,3,-259.353,-0.398,684.277
5544.0,51.98,0.0,0.0,2.0,0,-257.612,-0.404,686.864
5554.3,52.20,89.8,0.0,1.4,4,-255.848,-0.408,689.441
5554.3,52.40,89.8,0.0,1.2,4,-254.657,-0.411,691.160
5554.3,52.71,89.8,0.0,1.0,4,-252.852,-0.415,693.745
5554.3,52.92,85.8,0.0,0.9,4,-251.636,-0.418,695.472
5564.7,53.23,76.0,0.0,0.7,4,-249.795,-0.423,698.070
5564.7,53.44,69.5,0.0,1.1,4,-248.557,-0.428,699.807
5564.7,53.75,59.8,0.0,1.6,4,-246.685,-0.436,702.421
5564.7,53.95,57.3,0.0,1.9,4,-245.426,-0.442,704.168
5575.3,54.25,57.4,0.0,2.2,4,-243.520,-0.450,706.795
5586.2,55.63,58.0,0.0,3.5,4,-234.281,-0.474,719.094
5586.2,55.92,58.1,0.0,3.6,4,-232.217,-0.476,721.727
5597.3,56.11,58.1,0.0,3.7,4,-230.822,-0.477,723.481
5597.3,56.39,58.2,0.0,3.8,4,-228.702,-0.478,726.106
5597.3,56.58,58.3,0.0,3.9,4,-227.270,-0.478,727.853
5597.3,56.85,58.4,0.0,4.0,4,-225.091,-0.477,730.466
5608.7,57.13,58.4,0.0,4.0,4,-222.876,-0.473,733.071
5608.7,57.31,58.5,0.0,4.0,4,-221.380,-0.470,734.802
5608.7,57.58,58.6,0.0,4.1,4,-219.104,-0.463,737.390
5608.7,57.75,58.7,0.0,4.1,4,-217.566,-0.457,739.109
5620.4,58.02,58.7,0.0,4.0,4,-215.228,-0.444,741.677
5620.4,58.20,58.8,0.0,3.9,4,-213.649,-0.433,743.382
5620.4,58.46,58.8,0.0,3.6,4,-211.250,-0.414,745.928
5620.4,58.63,58.9,0.0,3.1,4,-209.630,-0.401,747.619
5632.3,58.89,59.0,0.0,3.0,4,-207.172,-0.379,750.146
5632.3,59.06,59.0,0.0,2.6,4,-205.516,-0.363,751.825
5632.3,59.32,59.1,0.0,3.2,4,-203.004,-0.335,754.335
5632.3,59.48,59.1,0.0,3.7,4,-201.313,-0.317,756.004
5644.5,59.73,59.1,0.0,4.2,4,-198.751,-0.290,758.499
5644.5,59.90,59.2,0.0,4.3,4,-197.026,-0.274,760.155
5644.5,60.14,59.2,0.0,4.1,4,-194.408,-0.251,762.628
5644.5,60.31,59.2,0.0,4.2,4,-192.644,-0.238,764.268
5656.7,60.55,59.2,0.0,4.5,4,-189.969,-0.224,766.715
5656.7,60.79,59.2,0.0,4.4,4,-187.259,-0.218,769.145
5656.7,60.95,59.0,0.0,4.3,4,-185.433,-0.216,770.754
5656.7,61.17,58.7,0.0,4.1,4,-182.662,-0.212,773.150
5669.0,61.32,58.6,0.0,4.0,4,-180.794,-0.208,774.734
5669.0,61.33,0.0,0.0,4.0,0,-177.964,-0.200,777.089
5669.0,61.39,84.5,0.0,3.9,5,-176.064,-0.196,778.642
5669.0,61.61,74.4,0.0,3.9,5,-173.186,-0.191,780.951
5681.6,61.75,67.6,0.0,4.4,5,-171.249,-0.190,782.478
5681.6,61.95,57.6,0.0,5.0,5,-168.313,-0.192,784.747
5681.6,62.09,56.3,0.0,5.1,5,-166.336,-0.194,786.246
5681.6,62.29,56.4,0.0,5.0,5,-163.339,-0.196,788.467
5694.3,62.41,56.5,0.0,5.3,5,-161.320,-0.195,789.931
5694.3,62.61,56.6,0.0,6.0,5,-158.259,-0.192,792.098
5694.3,62.73,56.6,0.0,5.9,5,-156.197,-0.190,793.524
5694.3,62.94,56.7,0.0,5.7,5,-153.075,-0.190,795.636
5707.1,63.07,56.8,0.0,5.0,5,-150.971,-0.190,797.023
5707.1,63.25,57.0,0.0,4.1,5,-147.784,-0.186,799.072
5707.1,63.44,57.1,0.0,4.2,5,-144.559,-0.175,801.082
5707.1,63.58,57.3,0.0,4.8,5,-142.390,-0.170,802.405
5720.1,63.78,57.1,0.0,5.5,5,-139.110,-0.168,804.364
5720.1,63.91,57.1,0.0,5.6,5,-136.905,-0.168,805.651
5720.1,64.09,57.2,0.0,4.8,5,-133.568,-0.166,807.550
5720.1,64.19,57.4,0.0,4.6,5,-131.323,-0.162,808.793
5733.1,64.41,57.4,0.0,5.1,5,-127.930,-0.160,810.627
5733.1,64.53,57.5,0.0,5.5,5,-125.648,-0.161,811.827
5733.1,64.71,57.6,0.0,5.8,5,-122.196,-0.158,813.592
5733.1,64.83,57.6,0.0,5.9,5,-119.877,-0.156,814.745
5746.3,65.01,57.7,0.0,5.6,5,-116.369,-0.153,816.438
5746.3,65.13,57.8,0.0,5.7,5,-114.012,-0.150,817.542
5746.3,65.31,57.8,0.0,5.9,5,-110.449,-0.148,819.159
5746.3,65.43,57.9,0.0,6.1,5,-108.056,-0.147,820.211
5759.5,65.60,58.0,0.0,6.1,5,-104.438,-0.143,821.748
5759.5,65.77,58.0,0.0,5.9,5,-100.788,-0.136,823.234
5759.5,65.89,58.0,0.0,5.9,5,-98.338,-0.132,824.198
5772.7,66.06,58.1,0.0,6.0,5,-94.636,-0.126,825.600
5772.7,66.18,58.1,0.0,6.2,5,-92.152,-0.122,826.506
5772.7,66.35,58.1,0.0,6.4,5,-88.401,-0.117,827.823
5772.7,66.46,58.2,0.0,6.1,5,-85.884,-0.115,828.671
5786.0,66.62,58.2,0.0,5.7,5,-82.085,-0.108,829.896
5786.0,66.73,58.2,0.0,5.7,5,-79.537,-0.103,830.682
5786.0,66.89,58.3,0.0,5.7,5,-75.692,-0.096,831.815
5786.0,67.00,58.3,0.0,5.7,5,-73.115,-0.091,832.541
5799.3,67.17,58.3,0.0,6.0,5,-69.227,-0.083,833.585
5799.3,67.27,58.4,0.0,4.9,5,-66.622,-0.078,834.249
5799.3,67.44,58.4,0.0,4.2,5,-62.695,-0.068,835.202
5799.3,67.55,58.4,0.0,3.7,5,-60.065,-0.061,835.808
5812.6,67.71,58.5,0.0,3.3,5,-56.101,-0.049,836.678
5812.6,67.83,58.5,0.0,3.2,5,-53.448,-0.039,837.233
5812.6,68.00,58.5,0.0,3.0,5,-49.453,-0.022,838.032
5812.6,68.17,58.6,0.0,2.9,5,-45.440,-0.002,838.794
5826.2,68.28,58.6,0.0,2.9,5,-42.755,0.013,839.282
5826.2,68.39,58.7,0.0,2.9,5,-40.064,0.029,839.756
5826.2,68.56,58.7,0.0,2.9,5,-36.013,0.051,840.439
5826.2,68.73,58.7,0.0,2.9,5,-31.946,0.074,841.090
5839.9,68.84,58.8,0.0,2.5,5,-29.227,0.089,841.506
5839.9,69.00,58.8,0.0,1.9,5,-25.136,0.114,842.103
5839.9,69.11,58.8,0.0,1.5,5,-22.400,0.132,842.485
5839.9,69.27,58.9,0.0,1.2,5,-18.286,0.162,843.035
5853.7,69.39,58.9,0.0,1.0,5,-15.536,0.180,843.390
5853.7,69.56,59.0,0.0,0.6,5,-11.400,0.204,843.908
5853.7,69.66,59.0,0.0,0.4,5,-8.637,0.223,844.245
5853.7,69.83,59.0,0.0,0.1,5,-4.482,0.250,844.743
-1.6,69.94,59.1,0.0,0.0,5,-1.706,0.270,845.071
