opponent,v3,Alessandro Pier Guidi,0,1771576021827
Game,version,date,track,car,event,laptime [s],S1 [s],S2 [s],S3 [s],S4+ [s]
LMU,1.2,2026-02-20 08:27:01,Silverstone Grand Prix Circuit - ELMS,Ferrari AF Corse 2025 #51:LM (Hyper),Live,105.445,0,0,0
Tracklen [m],TotalLaps
5866.5,4
,
,
lapdistance [m],speed [m/s],throttle [%],brake [%],steer [%],gear [int],world_x [m],world_y [m],world_z [m]
22.9,72.06,59.6,0.0,0.2,6,22.659,0.445,847.534
22.9,72.16,59.6,0.0,0.4,6,25.523,0.467,847.869
22.9,72.30,59.7,0.0,0.4,6,29.827,0.503,848.372
22.9,72.45,59.7,0.0,0.3,6,34.140,0.541,848.875
37.4,72.55,59.7,0.0,0.2,6,37.021,0.565,849.209
37.4,72.69,59.8,0.0,0.3,6,41.349,0.601,849.709
37.4,72.79,59.8,0.0,0.3,6,44.239,0.626,850.040
37.4,72.93,59.9,0.0,0.3,6,48.582,0.665,850.535
51.9,73.02,59.9,0.0,0.3,6,51.482,0.692,850.864
51.9,73.17,59.9,0.0,0.3,6,55.840,0.733,851.355
51.9,73.26,59.9,0.0,0.3,6,58.750,0.759,851.680
51.9,73.40,60.0,0.0,0.3,6,63.122,0.799,852.167
66.6,73.48,60.0,0.0,0.3,6,66.041,0.827,852.491
66.6,73.62,60.0,0.0,0.2,6,70.427,0.870,852.975
66.6,73.71,60.1,0.0,0.1,6,73.356,0.898,853.296
66.6,73.86,60.0,0.0,0.1,6,77.756,0.936,853.777
81.3,73.95,60.1,0.0,0.1,6,80.694,0.961,854.097
81.3,74.08,60.1,0.0,0.0,6,85.109,0.996,854.577
81.3,74.21,60.1,0.0,-0.0,6,89.531,1.030,855.056
81.3,74.29,60.2,0.0,0.0,6,92.483,1.054,855.376
96.1,74.43,60.2,0.0,0.1,6,96.919,1.087,855.856
96.1,74.52,60.2,0.0,0.1,6,99.880,1.108,856.176
96.1,74.64,60.2,0.0,0.0,6,104.328,1.140,856.657
96.1,74.73,60.2,0.0,0.2,6,107.298,1.161,856.977
111.0,74.86,60.2,0.0,0.4,6,111.760,1.193,857.458
111.0,74.94,60.2,0.0,0.5,6,114.738,1.215,857.778
111.0,75.07,60.2,0.0,0.4,6,119.213,1.248,858.257
111.0,75.15,60.2,0.0,0.4,6,122.200,1.268,858.575
125.9,75.28,60.2,0.0,0.3,6,126.688,1.292,859.048
125.9,75.36,60.2,0.0,0.3,6,129.684,1.307,859.362
125.9,75.48,60.3,0.0,0.3,6,134.185,1.331,859.829
125.9,75.59,60.3,0.0,0.3,6,138.693,1.361,860.294
141.1,75.67,60.3,0.0,0.3,6,141.702,1.386,860.602
141.1,75.80,60.3,0.0,0.3,6,146.223,1.415,861.063
141.1,75.92,60.3,0.0,0.2,6,150.751,1.443,861.520
141.1,76.00,60.3,0.0,0.3,6,153.775,1.462,861.824
156.3,76.12,60.3,0.0,0.3,6,158.315,1.487,862.277
156.3,76.19,60.3,0.0,0.3,6,161.346,1.503,862.578
156.3,76.30,60.3,0.0,0.1,6,165.899,1.532,863.028
156.3,76.38,60.3,0.0,0.1,6,168.937,1.552,863.326
171.5,76.49,60.3,0.0,0.1,6,173.501,1.582,863.772
171.5,76.56,60.3,0.0,-0.0,6,176.547,1.603,864.068
171.5,76.67,60.3,0.0,-0.2,6,181.123,1.633,864.511
171.5,76.75,60.3,0.0,-0.3,6,184.177,1.653,864.807
186.8,76.86,60.3,0.0,-0.5,6,188.763,1.680,865.253
186.8,76.93,60.3,0.0,-0.6,6,191.824,1.698,865.552
186.8,77.03,60.3,0.0,-0.6,6,196.420,1.728,866.006
186.8,77.10,60.3,0.0,-0.5,6,199.487,1.747,866.313
202.2,77.21,60.3,0.0,-0.4,6,204.093,1.774,866.780
202.2,77.32,60.3,0.0,-0.4,6,208.704,1.798,867.255
202.2,77.39,60.3,0.0,-0.1,6,211.781,1.814,867.576
217.6,77.49,60.3,0.0,0.3,6,216.401,1.842,868.063
217.6,77.55,60.3,0.0,0.5,6,219.484,1.863,868.391
217.6,77.66,60.3,0.0,0.6,6,224.114,1.896,868.883
217.6,77.72,60.3,0.0,0.7,6,227.204,1.917,869.211
233.2,77.82,60.3,0.0,0.9,6,231.844,1.949,869.699
233.2,77.88,60.4,0.0,1.1,6,234.941,1.973,870.021
233.2,77.98,61.1,0.0,1.1,6,239.592,2.008,870.497
233.2,78.00,41.9,0.0,1.3,6,242.696,2.028,870.810
248.8,77.54,2.7,68.0,1.5,6,247.346,2.052,871.269
248.8,76.79,0.0,78.2,1.6,6,250.421,2.067,871.565
248.8,75.53,0.0,83.3,1.8,6,254.973,2.090,871.992
248.8,74.65,0.0,84.0,1.9,6,257.966,2.105,872.263
263.9,73.34,0.0,84.8,2.2,6,262.392,2.130,872.647
263.9,72.04,0.0,85.2,3.0,6,266.742,2.155,872.999
263.9,71.16,0.0,85.4,3.3,6,269.599,2.170,873.214
263.9,69.85,0.0,85.3,3.6,6,273.822,2.190,873.505
278.1,66.40,0.0,81.8,4.2,6,284.714,2.232,874.051
278.1,65.57,0.0,78.4,4.3,6,287.354,2.241,874.129
291.4,64.37,0.0,64.1,3.4,6,291.253,2.253,874.196
291.4,63.69,0.0,52.2,3.2,6,293.816,2.264,874.203
291.4,62.91,0.0,25.8,4.3,6,297.613,2.281,874.156
291.4,62.39,0.0,21.3,6.5,6,301.371,2.298,874.040
304.0,62.07,0.0,20.0,8.0,6,303.858,2.310,873.921
304.0,61.64,0.0,10.7,10.0,6,307.562,2.331,873.685
304.0,61.41,0.0,8.0,10.6,6,310.015,2.346,873.487
304.0,61.10,0.0,6.8,11.5,6,313.674,2.370,873.131
316.1,60.91,0.0,2.6,12.0,6,316.099,2.386,872.853
316.1,60.68,2.1,1.0,12.6,6,319.715,2.408,872.375
316.1,60.52,0.3,3.6,12.9,6,322.112,2.423,872.013
316.1,60.21,0.0,10.9,11.3,6,325.684,2.444,871.406
328.1,59.98,0.0,14.8,10.9,6,328.047,2.457,870.960
328.1,59.59,27.1,15.7,11.8,0,331.559,2.475,870.229
328.1,59.30,0.0,12.6,12.0,5,333.878,2.486,869.700
328.1,58.98,21.8,0.0,12.0,5,337.320,2.504,868.840
340.2,58.94,42.6,0.0,12.7,5,339.595,2.515,868.222
340.2,58.99,57.1,0.0,15.3,5,342.989,2.532,867.224
340.2,59.09,43.0,0.0,19.4,5,346.362,2.548,866.143
340.2,59.13,37.2,0.0,23.1,5,348.599,2.559,865.377
352.4,59.09,22.8,0.0,25.7,5,351.931,2.576,864.161
352.4,58.99,9.3,0.0,25.9,5,354.133,2.587,863.307
352.4,58.79,8.3,0.0,25.2,5,357.401,2.605,861.962
352.4,58.68,18.9,0.0,23.9,5,359.554,2.618,861.022
365.0,58.61,38.1,0.0,21.8,5,362.747,2.637,859.545
365.0,58.65,50.9,0.0,20.9,5,364.853,2.650,858.514
365.0,58.72,38.3,0.0,21.8,5,367.983,2.668,856.901
365.0,58.71,32.1,0.0,24.4,5,370.047,2.680,855.780
377.3,58.72,41.7,0.0,28.8,5,373.106,2.699,854.034
377.3,58.76,42.4,0.0,31.4,5,375.123,2.711,852.827
377.3,58.80,38.3,0.0,32.9,5,378.113,2.729,850.958
377.3,58.80,35.7,0.0,32.9,5,380.082,2.742,849.672
389.8,58.80,34.4,0.0,32.7,5,382.998,2.758,847.686
389.8,58.78,33.3,0.0,31.8,5,384.915,2.768,846.324
389.8,58.77,37.3,0.0,30.3,5,387.746,2.784,844.222
402.0,58.78,38.8,0.0,27.9,5,390.523,2.801,842.048
402.0,58.78,38.3,0.0,26.9,5,392.342,2.813,840.559
402.0,58.80,38.1,0.0,26.3,5,395.025,2.829,838.269
402.0,58.82,38.9,0.0,26.0,5,396.782,2.840,836.705
414.1,58.86,45.2,0.0,25.2,5,399.368,2.858,834.302
414.1,58.90,37.0,0.0,25.1,5,401.061,2.870,832.664
414.1,58.82,14.8,0.0,24.0,5,403.549,2.888,830.156
414.1,58.78,34.2,0.0,22.5,5,405.171,2.899,828.454
426.2,58.88,57.0,0.0,19.1,5,407.553,2.915,825.850
426.2,58.98,54.4,0.0,17.8,5,409.109,2.925,824.080
426.2,59.10,44.5,0.0,17.5,5,411.396,2.937,821.375
426.2,59.20,56.3,0.0,17.3,5,412.888,2.944,819.539
437.9,59.38,57.9,0.0,17.2,5,415.076,2.956,816.735
437.9,59.58,58.0,0.0,17.5,5,417.206,2.971,813.872
437.9,59.70,58.1,0.0,17.7,5,418.597,2.979,811.934
437.9,59.92,58.1,0.0,17.3,5,420.639,2.989,808.984
449.5,60.05,58.2,0.0,17.9,5,421.967,2.998,806.985
449.5,60.23,58.3,0.0,16.5,5,423.907,3.014,803.943
449.5,60.37,58.4,0.0,15.7,5,425.166,3.026,801.887
449.5,60.55,58.4,0.0,14.2,5,426.999,3.049,798.756
461.2,60.69,58.5,0.0,14.1,5,428.185,3.065,796.642
461.2,60.88,58.6,0.0,13.3,5,429.910,3.089,793.429
461.2,61.01,58.7,0.0,13.9,5,431.023,3.108,791.260
461.2,61.22,58.1,0.0,13.5,5,432.641,3.134,787.971
473.3,61.35,58.6,0.0,12.8,5,433.687,3.149,785.754
473.3,61.52,58.9,0.0,11.1,5,435.196,3.183,782.391
473.3,61.65,59.1,0.0,10.6,5,436.166,3.210,780.127
473.3,61.74,59.8,0.0,10.6,5,437.579,3.246,776.703
485.5,62.11,52.1,0.0,7.6,5,438.966,3.247,773.259
485.5,62.17,57.6,0.0,7.2,5,439.851,3.253,770.937
485.5,62.37,59.3,0.0,8.4,5,441.114,3.279,767.421
485.5,62.51,59.4,0.0,8.2,5,441.922,3.302,765.058
497.8,62.73,59.5,0.0,7.1,5,443.091,3.339,761.489
497.8,62.86,55.7,0.0,5.1,5,443.846,3.361,759.094
497.8,63.05,50.9,0.0,3.5,5,444.940,3.389,755.478
497.8,63.20,58.6,0.0,2.8,5,445.645,3.405,753.055
510.1,63.43,59.4,0.0,2.6,5,446.668,3.431,749.397
510.1,63.57,59.4,0.0,3.7,5,447.330,3.449,746.945
510.1,63.75,59.4,0.0,4.9,5,448.298,3.475,743.251
510.1,63.90,59.4,0.0,4.9,5,448.927,3.491,740.777
522.8,64.10,59.8,0.0,5.2,5,449.845,3.519,737.048
522.8,64.27,59.8,0.0,5.4,5,450.437,3.544,734.550
522.8,64.42,60.0,0.0,6.4,5,451.295,3.587,730.787
522.8,64.69,59.8,0.0,6.0,5,451.857,3.598,728.268
535.6,64.88,59.8,0.0,5.8,5,452.661,3.617,724.467
535.6,65.06,60.0,0.0,3.6,5,453.413,3.646,720.642
535.6,65.20,60.0,0.0,3.1,5,453.889,3.667,718.081
535.6,65.41,60.0,0.0,3.4,5,454.570,3.695,714.223
548.6,65.55,60.0,0.0,3.4,5,455.005,3.711,711.641
548.6,65.75,60.1,0.0,2.7,5,455.633,3.736,707.753
548.6,65.89,60.1,0.0,2.4,5,456.035,3.756,705.151
548.6,66.09,60.1,0.0,1.8,5,456.619,3.789,701.236
561.6,66.23,60.1,0.0,1.4,5,456.997,3.809,698.617
561.6,66.43,60.1,0.0,1.4,5,457.551,3.842,694.676
561.6,66.57,60.1,0.0,1.3,5,457.914,3.865,692.042
561.6,66.77,60.1,0.0,1.2,5,458.449,3.898,688.078
574.8,66.90,60.1,0.0,1.0,5,458.801,3.921,685.429
574.8,67.09,60.1,0.0,1.0,5,459.320,3.955,681.443
574.8,67.22,60.1,0.0,1.1,5,459.662,3.977,678.779
574.8,67.41,60.1,0.0,1.2,5,460.167,4.010,674.772
588.1,67.60,60.1,0.0,1.3,5,460.664,4.045,670.752
588.1,67.73,60.1,0.0,1.3,5,460.991,4.067,668.066
588.1,67.92,60.1,0.0,1.2,5,461.472,4.101,664.026
588.1,68.04,60.1,0.0,1.3,5,461.788,4.123,661.325
601.6,68.23,60.1,0.0,1.3,5,462.252,4.156,657.264
601.6,68.34,60.1,0.0,1.2,5,462.555,4.179,654.550
601.6,68.52,60.2,0.0,1.2,5,462.999,4.215,650.468
601.6,68.65,60.2,0.0,1.3,5,463.289,4.239,647.741
615.2,68.82,60.2,0.0,1.4,5,463.713,4.273,643.639
615.2,69.00,60.2,0.0,1.4,5,464.124,4.306,639.525
615.2,69.11,60.2,0.0,1.4,5,464.390,4.329,636.776
629.0,69.29,60.2,0.0,1.5,5,464.778,4.363,632.643
629.0,69.40,60.2,0.0,1.5,5,465.030,4.386,629.881
629.0,69.57,60.3,0.0,1.5,5,465.395,4.419,625.728
629.0,69.69,60.3,0.0,1.4,5,465.631,4.441,622.953
642.9,69.85,60.3,0.0,1.4,5,465.973,4.473,618.782
642.9,69.96,60.3,0.0,1.2,5,466.194,4.495,615.995
642.9,70.13,60.1,0.0,1.1,5,466.516,4.528,611.805
642.9,70.23,60.1,0.0,1.0,5,466.723,4.550,609.005
656.9,70.20,0.0,0.0,0.8,0,467.025,4.583,604.801
656.9,70.24,86.3,0.0,0.6,6,467.219,4.605,602.000
656.9,70.40,76.6,0.0,0.5,6,467.502,4.638,597.790
656.9,70.51,70.2,0.0,0.7,6,467.685,4.659,594.978
671.0,70.66,60.5,0.0,0.9,6,467.954,4.692,590.752
671.0,70.82,59.2,0.0,0.9,6,468.216,4.722,586.516
671.0,70.93,59.2,0.0,0.9,6,468.386,4.742,583.687
671.0,71.09,59.3,0.0,0.7,6,468.635,4.769,579.434
685.2,71.19,59.3,0.0,0.7,6,468.796,4.786,576.593
685.2,71.34,59.4,0.0,0.7,6,469.031,4.811,572.324
685.2,71.45,59.4,0.0,0.6,6,469.184,4.825,569.473
685.2,71.60,59.5,0.0,0.5,6,469.407,4.844,565.188
699.5,72.00,59.6,0.0,-0.0,6,469.974,4.889,553.714
699.5,72.15,59.6,0.0,-0.5,6,470.183,4.903,549.395
713.9,72.25,59.7,0.0,-0.6,6,470.323,4.911,546.510
713.9,72.40,59.7,0.0,-0.9,6,470.538,4.920,542.176
713.9,72.50,59.7,0.0,-0.3,6,470.684,4.925,539.282
713.9,72.65,59.8,0.0,-0.2,6,470.910,4.931,534.933
728.5,72.75,59.8,0.0,0.4,6,471.065,4.933,532.029
728.5,72.89,59.9,0.0,0.7,6,471.300,4.937,527.667
728.5,73.04,59.8,0.0,0.5,6,471.534,4.935,523.295
728.5,73.14,59.9,0.0,0.2,6,471.688,4.933,520.376
743.1,73.29,59.9,0.0,0.2,6,471.916,4.928,515.989
743.1,73.38,60.0,0.0,0.3,6,472.066,4.924,513.060
743.1,73.52,60.0,0.0,0.3,6,472.290,4.916,508.659
743.1,73.62,60.0,0.0,0.2,6,472.437,4.909,505.720
757.9,73.76,60.0,0.0,0.2,6,472.658,4.895,501.305
757.9,73.86,60.1,0.0,0.2,6,472.804,4.884,498.356
757.9,74.00,60.1,0.0,0.2,6,473.021,4.863,493.926
757.9,74.09,60.1,0.0,0.2,6,473.165,4.848,490.968
772.7,74.23,60.2,0.0,0.2,6,473.378,4.823,486.524
772.7,74.32,60.2,0.0,0.1,6,473.520,4.806,483.557
772.7,74.46,60.2,0.0,0.6,6,473.731,4.781,479.098
772.7,74.55,60.2,0.0,-0.2,6,473.870,4.766,476.122
787.5,74.68,60.2,0.0,-0.8,6,474.077,4.746,471.650
787.5,74.82,60.2,0.0,-1.9,6,474.286,4.729,467.170
787.5,74.92,60.2,0.0,-2.2,6,474.430,4.715,464.179
802.5,75.04,60.2,0.0,-2.8,6,474.660,4.696,459.686
802.5,75.12,60.2,0.0,-3.6,6,474.826,4.685,456.688
802.5,75.25,60.2,0.0,-4.2,6,475.099,4.666,452.185
802.5,75.33,60.2,0.0,-4.4,6,475.301,4.651,449.181
817.5,75.45,60.3,0.0,-4.3,6,475.637,4.626,444.670
817.5,75.52,60.3,0.0,-5.0,6,475.888,4.612,441.661
817.5,75.64,60.3,0.0,-6.7,6,476.304,4.587,437.146
817.5,75.71,60.3,0.0,-7.1,6,476.611,4.566,434.135
832.6,75.80,60.3,0.0,-7.0,6,477.127,4.538,429.619
832.6,75.86,60.3,0.0,-6.8,6,477.512,4.525,426.610
832.6,75.96,60.3,0.0,-7.0,6,478.150,4.506,422.101
832.6,76.02,60.3,0.0,-6.9,6,478.615,4.492,419.097
847.7,76.11,60.3,0.0,-7.2,6,479.378,4.473,414.598
847.7,76.20,60.3,0.0,-8.0,6,480.219,4.457,410.107
847.7,76.25,60.3,0.0,-8.1,6,480.822,4.445,407.118
847.7,76.34,60.3,0.0,-7.3,6,481.790,4.427,402.644
862.8,76.40,60.3,0.0,-6.4,6,482.478,4.413,399.668
862.8,76.48,60.3,0.0,-5.8,6,483.571,4.388,395.214
862.8,76.54,60.3,0.0,-6.3,6,484.339,4.368,392.251
862.8,76.65,60.3,0.0,-7.6,6,485.546,4.329,387.818
877.9,76.71,60.3,0.0,-8.0,6,486.388,4.299,384.869
877.9,76.78,60.3,0.0,-7.1,6,487.709,4.250,380.458
877.9,76.84,60.3,0.0,-6.7,6,488.630,4.216,377.527
877.9,76.92,60.3,0.0,-6.9,6,490.072,4.162,373.146
893.1,76.98,60.3,0.0,-7.1,6,491.075,4.125,370.236
893.1,77.06,60.3,0.0,-7.4,6,492.641,4.068,365.889
893.1,77.11,60.3,0.0,-7.8,6,493.727,4.029,363.003
893.1,77.19,60.3,0.0,-6.6,6,495.419,3.972,358.695
909.0,77.25,60.3,0.0,-4.5,6,496.589,3.934,355.837
909.0,77.34,60.3,0.0,-0.9,6,498.400,3.876,351.569
909.0,77.43,60.3,0.0,1.8,6,500.269,3.820,347.319
909.0,77.50,61.1,0.0,2.4,6,501.536,3.786,344.491
925.0,77.62,61.1,0.0,3.1,6,503.444,3.731,340.248
925.0,77.70,60.3,0.0,3.5,6,504.713,3.686,337.413
925.0,77.71,22.0,16.1,4.4,6,506.595,3.622,333.147
925.0,77.39,0.0,44.6,4.7,6,507.827,3.583,330.298
940.9,76.53,0.0,47.9,4.6,6,509.625,3.530,326.043
940.9,75.96,0.0,48.0,4.5,6,510.784,3.502,323.221
940.9,75.10,0.0,49.5,4.8,6,512.462,3.461,319.009
940.9,74.51,0.0,44.8,4.9,6,513.537,3.436,316.216
956.0,73.71,0.0,50.6,5.4,6,515.080,3.403,312.044
956.0,73.07,0.0,68.2,5.6,6,516.062,3.383,309.276
956.0,71.94,0.0,68.4,5.7,6,517.461,3.358,305.154
956.0,70.83,0.0,66.6,4.7,6,518.768,3.340,301.074
970.2,70.13,0.0,53.3,5.3,6,519.590,3.330,298.375
970.2,69.24,0.0,42.6,5.7,6,520.748,3.315,294.357
970.2,68.73,0.0,39.8,5.7,6,521.470,3.305,291.693
970.2,68.07,28.3,6.0,6.1,6,522.481,3.289,287.716
983.7,68.04,76.3,0.0,8.4,6,523.107,3.277,285.068
983.7,68.05,23.5,28.7,12.3,6,523.981,3.257,281.078
983.7,67.70,0.0,20.3,14.5,6,524.517,3.243,278.415
983.7,67.30,10.3,0.0,13.2,6,525.243,3.226,274.433
997.8,67.24,59.1,0.0,12.4,6,525.675,3.218,271.777
997.8,67.28,44.3,0.0,12.9,6,526.253,3.202,267.783
997.8,67.14,15.4,0.0,10.7,6,526.577,3.204,265.113
997.8,67.00,27.9,0.0,9.3,6,526.993,3.206,261.111
1012.7,66.95,47.5,0.0,8.7,6,527.239,3.191,258.444
1012.7,66.96,13.2,19.9,12.7,6,527.532,3.171,254.432
1012.7,66.69,0.0,10.7,17.3,6,527.660,3.175,251.762
1012.7,66.30,0.0,2.5,19.0,6,527.793,3.167,247.773
1027.2,65.94,0.0,9.4,19.5,6,527.829,3.161,243.805
1027.2,65.68,0.0,11.4,19.8,6,527.798,3.158,241.173
1027.2,65.25,0.0,9.2,19.1,6,527.671,3.155,237.246
1027.2,64.98,0.0,6.4,18.1,6,527.531,3.156,234.645
1040.7,64.62,0.0,0.5,15.9,6,527.232,3.165,230.768
1040.7,64.43,3.7,0.0,14.7,6,526.974,3.175,228.200
1040.7,64.18,7.7,0.0,13.9,6,526.506,3.191,224.370
1040.7,64.03,8.8,0.0,13.9,6,526.141,3.201,221.831
1053.5,63.79,8.0,0.0,11.7,6,525.513,3.217,218.048
1053.5,63.65,15.3,0.0,10.7,6,525.041,3.229,215.544
1053.5,63.51,31.0,0.0,9.9,6,524.250,3.255,211.812
1053.5,63.54,49.6,0.0,9.3,6,523.674,3.273,209.338
1066.0,63.68,55.8,0.0,8.3,6,522.738,3.304,205.639
1066.0,63.79,55.9,0.0,7.3,6,522.073,3.325,203.178
1066.0,63.97,56.0,0.0,3.8,6,521.023,3.357,199.492
1078.7,64.15,56.1,0.0,0.4,6,519.920,3.390,195.811
1078.7,64.28,56.2,0.0,-0.5,6,519.164,3.412,193.357
1078.7,64.47,56.3,0.0,-2.1,6,518.012,3.444,189.671
1078.7,64.60,56.4,0.0,-2.8,6,517.239,3.464,187.208
1091.8,64.78,56.5,0.0,-3.8,6,516.085,3.495,183.503
1091.8,64.91,56.6,0.0,-4.5,6,515.324,3.513,181.024
1091.8,64.79,14.2,65.1,-5.7,6,514.203,3.538,177.293
1091.8,64.10,0.0,85.4,-5.8,6,513.477,3.552,174.817
1104.8,62.81,0.0,88.2,-3.5,6,512.434,3.570,171.153
1104.8,61.97,0.0,81.1,-2.5,0,511.773,3.582,168.745
1104.8,60.81,0.0,67.3,-0.7,5,510.832,3.599,165.182
1104.8,60.12,0.0,58.8,0.1,5,510.239,3.609,162.836
1117.1,59.23,0.0,48.5,-1.6,5,509.400,3.625,159.355
1117.1,58.36,0.0,59.1,-5.2,5,508.618,3.640,155.912
1117.1,57.74,0.0,59.4,-6.8,5,508.127,3.652,153.641
1117.1,56.84,0.0,52.0,-9.2,5,507.435,3.669,150.273
1128.8,56.29,0.0,43.7,-9.5,5,507.005,3.680,148.050
1128.8,55.63,0.0,22.5,-9.3,5,506.418,3.695,144.745
1128.8,55.32,0.0,12.0,-9.8,5,506.064,3.703,142.554
1128.8,55.01,0.0,2.5,-11.1,5,505.593,3.711,139.278
1140.5,54.86,0.0,0.3,-12.7,5,505.321,3.715,137.097
1140.5,54.65,0.0,4.4,-15.6,5,504.976,3.718,133.829
1140.5,54.50,0.0,4.5,-17.7,5,504.787,3.717,131.654
1140.5,54.26,3.9,3.8,-21.1,5,504.566,3.711,128.399
1152.0,54.09,1.3,2.3,-21.7,5,504.459,3.702,126.234
1152.0,53.83,9.3,2.4,-19.2,5,504.370,3.689,122.997
1152.0,53.67,7.4,0.3,-16.5,5,504.360,3.684,120.847
1152.0,53.48,7.9,0.0,-12.9,5,504.426,3.684,117.633
1163.2,53.38,14.1,0.0,-11.5,5,504.506,3.677,115.498
1163.2,53.26,11.8,0.0,-10.6,5,504.700,3.668,112.303
1163.2,53.10,12.7,0.0,-9.7,5,504.982,3.665,109.125
1163.2,53.03,13.1,0.0,-8.8,5,505.206,3.654,107.014
1174.6,52.82,14.3,0.0,-9.4,5,505.629,3.654,103.867
1174.6,52.74,18.5,0.0,-11.1,5,505.946,3.646,101.779
1174.6,52.56,3.7,0.0,-13.5,5,506.474,3.622,98.663
1174.6,52.38,15.5,0.0,-14.0,5,506.876,3.611,96.603
1185.7,52.18,8.5,0.0,-17.8,5,507.546,3.594,93.539
1185.7,52.05,12.2,0.0,-22.0,5,508.030,3.576,91.510
1185.7,51.80,13.6,0.0,-28.8,5,508.828,3.550,88.499
1185.7,51.68,17.0,0.0,-35.0,5,509.407,3.534,86.512
1196.6,51.50,13.7,0.0,-46.3,5,510.336,3.504,83.559
1196.6,51.38,9.8,0.0,-53.7,5,510.994,3.480,81.609
1196.6,51.18,9.1,0.0,-63.8,5,512.033,3.441,78.713
1196.6,51.03,8.8,0.0,-67.8,5,512.759,3.413,76.803
1207.1,50.81,29.9,0.0,-66.2,0,513.900,3.369,73.968
1207.1,50.56,7.4,0.0,-60.8,4,515.105,3.323,71.176
1207.1,50.40,9.2,0.0,-58.1,4,515.947,3.292,69.340
1207.1,50.15,9.6,0.0,-51.1,4,517.271,3.248,66.630
1217.3,49.99,10.3,0.0,-48.5,4,518.196,3.223,64.853
1217.3,49.76,12.1,0.0,-46.3,4,519.646,3.189,62.235
1217.3,49.63,12.8,0.0,-40.3,4,520.652,3.169,60.520
1217.3,49.46,17.9,0.0,-30.4,4,522.220,3.140,57.995
1227.3,49.40,29.4,0.0,-24.3,4,523.301,3.122,56.339
1227.3,49.42,41.7,14.1,-15.1,4,524.978,3.095,53.896
1227.3,49.22,4.0,44.9,-4.3,4,526.130,3.078,52.293
1227.3,48.46,0.0,62.3,10.1,4,527.880,3.052,49.939
1237.1,47.84,0.0,69.3,15.7,4,529.041,3.033,48.401
1237.1,46.80,0.0,74.9,17.8,4,530.749,3.004,46.130
1237.1,46.10,0.0,78.0,16.4,4,531.854,2.987,44.634
1237.1,45.03,29.8,62.6,12.4,0,533.446,2.961,42.410
1246.4,44.46,0.0,35.4,9.4,3,534.464,2.945,40.937
1246.4,43.90,0.0,8.5,5.3,3,535.925,2.919,38.726
1246.4,43.61,0.0,0.5,3.1,3,537.310,2.891,36.496
1246.4,43.47,3.3,0.0,4.0,3,538.192,2.871,34.994
1255.2,43.29,8.6,0.0,9.3,3,539.452,2.840,32.717
1255.2,43.20,13.2,0.0,14.3,3,540.250,2.819,31.182
1255.2,43.09,12.6,0.0,23.8,3,541.383,2.785,28.854
1255.2,43.01,11.5,0.0,30.5,3,542.098,2.761,27.288
1263.8,42.89,17.3,0.0,38.7,3,543.113,2.725,24.920
1263.8,42.89,40.9,0.0,42.0,3,543.752,2.700,23.328
1263.8,42.99,56.0,0.0,43.8,3,544.655,2.663,20.917
1263.8,43.08,51.8,0.0,44.5,3,545.220,2.639,19.291
1272.7,43.14,43.3,0.0,46.6,3,546.009,2.603,16.828
1272.7,43.17,38.2,0.0,48.1,3,546.496,2.578,15.172
1272.7,43.11,18.3,0.0,51.1,3,547.164,2.540,12.671
1272.7,43.02,17.9,0.0,52.8,3,547.567,2.513,10.996
1281.9,42.89,17.2,0.0,54.1,3,548.105,2.474,8.476
1281.9,42.76,14.9,0.0,55.7,3,548.562,2.436,5.947
1281.9,42.66,13.1,0.0,57.3,3,548.823,2.409,4.259
1291.1,42.50,11.0,0.0,60.4,3,549.151,2.368,1.725
1291.1,42.38,10.0,0.0,62.4,3,549.326,2.340,0.036
1291.1,42.20,9.3,0.0,64.7,3,549.526,2.296,-2.493
1291.1,42.07,9.0,0.0,62.7,3,549.616,2.267,-4.176
1300.1,41.88,9.3,0.0,63.5,3,549.687,2.223,-6.694
1300.1,41.77,9.4,0.0,63.7,3,549.692,2.194,-8.367
1300.1,41.61,14.0,0.0,61.9,3,549.636,2.148,-10.868
1300.1,41.50,9.7,0.0,62.8,3,549.558,2.117,-12.528
1308.8,41.32,9.2,0.0,64.1,3,549.376,2.070,-15.006
1308.8,41.19,9.1,0.0,64.3,3,549.211,2.040,-16.647
1308.8,41.00,9.1,0.0,63.7,3,548.899,1.997,-19.093
1308.8,40.82,9.3,0.0,62.3,3,548.510,1.956,-21.517
1317.8,40.69,9.6,0.0,60.1,3,548.208,1.929,-23.118
1317.8,40.52,10.9,0.0,55.5,3,547.691,1.890,-25.499
1317.8,40.41,13.0,0.0,51.7,3,547.303,1.866,-27.070
1317.8,40.28,18.4,0.0,45.6,3,546.656,1.831,-29.402
1326.6,40.22,24.8,0.0,41.0,3,546.181,1.810,-30.940
1326.6,40.22,38.1,0.0,35.2,3,545.406,1.779,-33.225
1326.6,40.27,50.8,0.0,31.9,3,544.848,1.758,-34.735
1326.6,40.55,88.2,0.0,27.5,3,543.953,1.725,-36.986
1335.4,40.81,91.1,0.0,24.6,3,543.316,1.703,-38.482
1335.4,41.20,91.1,0.0,19.2,3,542.299,1.670,-40.721
1335.4,41.46,91.1,0.0,15.0,3,541.579,1.649,-42.209
1335.4,41.88,91.1,0.0,9.1,3,540.438,1.621,-44.432
1343.9,42.17,91.1,0.0,6.8,3,539.639,1.603,-45.910
1343.9,42.60,91.1,0.0,7.3,3,538.387,1.576,-48.123
1343.9,42.89,91.1,0.0,8.9,3,537.521,1.558,-49.597
1343.9,43.32,91.1,0.0,10.5,3,536.177,1.531,-51.805
1352.9,43.74,91.2,0.0,11.1,3,534.780,1.507,-54.011
1352.9,44.03,91.2,0.0,10.9,3,533.820,1.492,-55.480
1352.9,44.45,91.2,0.0,10.7,3,532.337,1.470,-57.681
1352.9,44.72,91.2,0.0,10.6,3,531.318,1.456,-59.144
1362.0,45.13,91.2,0.0,11.4,3,529.746,1.435,-61.332
1362.0,45.41,91.2,0.0,11.3,3,528.667,1.419,-62.786
1362.0,45.81,91.2,0.0,11.1,3,527.003,1.393,-64.957
1362.0,46.21,91.2,0.0,11.2,3,525.282,1.366,-67.115
1371.1,46.61,91.2,0.0,10.7,3,523.505,1.335,-69.258
1371.1,46.87,91.2,0.0,10.5,3,522.288,1.313,-70.676
1371.1,47.26,91.3,0.0,10.4,3,520.415,1.280,-72.788
1371.1,47.52,91.3,0.0,11.0,3,519.135,1.256,-74.186
1380.4,47.91,91.3,0.0,10.6,3,517.168,1.220,-76.264
1380.4,48.16,91.3,0.0,11.4,3,515.826,1.194,-77.638
1380.4,48.24,11.3,0.0,13.8,3,513.772,1.152,-79.677
1380.4,48.35,82.0,0.0,14.5,3,512.379,1.124,-81.014
1389.7,48.71,91.3,0.0,14.1,3,510.243,1.084,-82.992
1389.7,48.95,91.3,0.0,13.2,3,508.787,1.058,-84.292
1389.7,49.30,91.4,0.0,12.3,3,506.555,1.023,-86.215
1389.7,49.53,91.4,0.0,11.9,3,505.035,0.999,-87.478
1399.3,49.89,91.4,0.0,11.4,3,502.711,0.961,-89.347
1399.3,50.11,91.4,0.0,8.8,3,501.133,0.932,-90.574
1399.3,50.47,91.4,0.0,5.9,3,498.722,0.887,-92.387
1409.3,50.82,91.4,0.0,3.5,3,496.261,0.841,-94.166
1409.3,51.06,91.4,0.0,3.0,3,494.594,0.810,-95.336
1409.3,51.41,91.5,0.0,3.7,0,492.059,0.766,-97.074
1409.3,51.39,0.0,0.0,3.7,0,490.352,0.737,-98.221
1419.4,51.65,91.2,0.0,2.5,4,487.776,0.697,-99.924
1419.4,51.88,91.2,0.0,1.4,4,486.042,0.673,-101.055
1419.4,52.22,91.2,0.0,0.0,4,483.419,0.638,-102.748
1419.4,52.44,91.2,0.0,-0.5,4,481.658,0.615,-103.877
1429.9,52.78,91.3,0.0,-0.8,4,478.998,0.582,-105.576
1429.9,53.01,84.7,0.0,-1.3,4,477.216,0.559,-106.715
1429.9,53.35,75.0,0.0,-3.2,4,474.529,0.526,-108.434
1429.9,53.59,68.5,0.0,-4.3,4,472.732,0.504,-109.592
1440.8,53.93,59.0,0.0,-4.3,4,470.029,0.475,-111.350
1440.8,55.05,59.6,0.0,-7.0,4,461.894,0.397,-116.815
1452.0,55.22,59.7,0.0,-8.2,4,460.086,0.383,-118.078
1452.0,55.59,57.9,0.0,-8.6,4,457.381,0.353,-120.003
1452.0,55.84,53.4,0.0,-9.7,4,455.582,0.335,-121.316
1452.0,56.09,60.0,0.0,-9.8,4,452.895,0.304,-123.324
1463.5,56.34,59.8,0.0,-11.1,4,451.113,0.284,-124.695
1463.5,56.61,59.8,0.0,-11.4,4,448.459,0.258,-126.799
1463.5,56.80,60.0,0.0,-11.8,4,446.704,0.242,-128.235
1463.5,57.08,60.0,0.0,-11.3,4,444.095,0.221,-130.440
1475.5,57.35,60.0,0.0,-10.8,4,441.517,0.202,-132.705
1475.5,57.53,60.0,0.0,-9.5,4,439.817,0.191,-134.250
1475.5,57.79,60.0,0.0,-7.5,4,437.296,0.180,-136.618
1475.5,57.98,60.0,0.0,-7.5,4,435.632,0.174,-138.229
1487.3,58.25,60.0,0.0,-6.7,4,433.161,0.167,-140.688
1487.3,58.44,60.0,0.0,-6.4,4,431.527,0.163,-142.353
1487.3,58.71,60.0,0.0,-6.0,4,429.096,0.155,-144.889
1487.3,58.89,60.0,0.0,-5.7,4,427.486,0.150,-146.604
1499.4,59.16,60.0,0.0,-5.7,4,425.091,0.143,-149.211
1499.4,59.33,60.0,0.0,-5.8,4,423.505,0.140,-150.972
1499.4,59.59,60.0,0.0,-5.8,4,421.146,0.140,-153.647
1499.4,59.76,60.1,0.0,-6.0,4,419.585,0.143,-155.453
1511.3,60.01,60.1,0.0,-6.6,4,417.263,0.149,-158.195
1511.3,60.19,60.1,0.0,-6.7,4,415.727,0.150,-160.044
1511.3,60.45,60.1,0.0,-6.9,4,413.443,0.148,-162.851
1523.3,60.69,60.0,0.0,-7.0,4,411.186,0.144,-165.698
1523.3,60.85,59.9,0.0,-7.3,0,409.697,0.139,-167.619
1523.3,60.79,89.4,0.0,-6.8,5,407.493,0.126,-170.528
1523.3,60.94,82.9,0.0,-7.4,5,406.047,0.117,-172.486
1535.3,61.17,73.1,0.0,-5.9,5,403.910,0.103,-175.460
1535.3,61.33,66.6,0.0,-5.1,5,402.504,0.092,-177.467
1535.3,61.57,58.8,0.0,-5.4,5,400.424,0.071,-180.511
1535.3,61.72,58.9,0.0,-5.2,5,399.056,0.056,-182.561
1547.6,61.96,58.9,0.0,-4.7,5,397.028,0.035,-185.668
1547.6,62.12,59.0,0.0,-4.1,5,395.692,0.020,-187.758
1547.6,62.35,59.1,0.0,-3.4,5,393.708,-0.001,-190.921
1547.6,62.51,59.2,0.0,-3.2,5,392.398,-0.012,-193.047
1560.0,62.74,59.2,0.0,-2.7,5,390.451,-0.027,-196.260
1560.0,62.90,59.3,0.0,-2.4,5,389.161,-0.036,-198.417
1560.0,63.14,59.4,0.0,-2.1,5,387.240,-0.048,-201.673
1560.0,63.37,59.4,0.0,-1.9,5,385.330,-0.056,-204.952
1572.6,63.53,59.5,0.0,-1.7,5,384.063,-0.059,-207.150
1572.6,63.76,59.5,0.0,-1.7,5,382.168,-0.064,-210.466
1572.6,63.91,59.6,0.0,-1.3,5,380.910,-0.067,-212.687
1572.6,64.14,59.6,0.0,-0.9,5,379.026,-0.072,-216.035
1585.4,64.30,59.7,0.0,-2.9,5,377.772,-0.075,-218.277
1585.4,64.52,59.8,0.0,-2.1,5,375.897,-0.079,-221.655
1585.4,64.66,59.8,0.0,-1.4,5,374.652,-0.080,-223.918
1585.4,64.89,59.9,0.0,-0.9,5,372.789,-0.081,-227.329
1598.3,65.03,59.9,0.0,-1.1,5,371.550,-0.081,-229.613
1598.3,65.26,60.0,0.0,-1.2,5,369.695,-0.084,-233.052
1598.3,65.40,60.0,0.0,-1.1,5,368.459,-0.086,-235.355
1598.3,65.63,60.0,0.0,-0.9,5,366.606,-0.093,-238.821
1611.4,65.77,60.1,0.0,-0.9,5,365.373,-0.099,-241.141
1611.4,65.98,60.1,0.0,-1.1,5,363.524,-0.110,-244.634
1611.4,66.19,60.1,0.0,-1.5,5,361.678,-0.123,-248.143
1611.4,66.34,60.1,0.0,-1.6,5,360.448,-0.133,-250.491
1624.6,66.55,60.1,0.0,-1.4,5,358.607,-0.147,-254.026
1624.6,66.68,60.1,0.0,-1.2,5,357.382,-0.157,-256.392
1624.6,66.88,60.1,0.0,-0.7,5,355.548,-0.172,-259.954
1624.6,67.02,60.1,0.0,-0.5,5,354.329,-0.182,-262.338
1638.0,67.23,60.1,0.0,-0.2,5,352.503,-0.198,-265.928
1638.0,67.36,60.1,0.0,0.1,5,351.287,-0.209,-268.329
1638.0,67.56,60.1,0.0,-0.3,5,349.461,-0.225,-271.941
1638.0,67.75,60.1,0.0,-0.8,5,347.635,-0.241,-275.566
1651.4,67.89,60.1,0.0,-1.0,5,346.417,-0.252,-277.989
1651.4,68.08,60.1,0.0,-0.8,5,344.591,-0.269,-281.636
1651.4,68.20,60.1,0.0,-0.7,5,343.374,-0.281,-284.075
1651.4,68.40,60.1,0.0,-0.5,5,341.551,-0.301,-287.744
1665.1,68.59,60.2,0.0,-0.3,5,339.728,-0.322,-291.427
1665.1,68.71,60.2,0.0,-0.3,5,338.514,-0.337,-293.890
1665.1,68.89,60.2,0.0,-0.2,5,336.692,-0.359,-297.593
1665.1,69.01,60.2,0.0,-0.1,5,335.477,-0.376,-300.069
1678.8,69.20,60.2,0.0,-0.0,5,333.651,-0.405,-303.791
1678.8,69.32,60.2,0.0,-0.0,5,332.433,-0.419,-306.279
1678.8,69.49,60.3,0.0,-0.2,5,330.603,-0.439,-310.019
1678.8,69.62,60.3,0.0,-0.2,5,329.380,-0.454,-312.518
1692.7,69.80,60.3,0.0,-0.1,5,327.542,-0.480,-316.275
1692.7,69.91,60.3,0.0,-0.1,5,326.315,-0.497,-318.785
1692.7,70.08,60.2,0.0,-0.1,5,324.471,-0.521,-322.558
1692.7,70.20,60.1,0.0,-0.1,5,323.240,-0.536,-325.078
1706.7,70.29,0.0,0.0,-0.1,0,321.390,-0.560,-328.867
1706.7,70.22,89.6,0.0,-0.1,6,320.158,-0.576,-331.392
1706.7,70.39,79.9,0.0,0.0,6,318.308,-0.600,-335.183
1720.7,70.56,70.1,0.0,-0.0,6,316.456,-0.624,-338.984
1720.7,70.67,63.7,0.0,-0.1,6,315.219,-0.640,-341.522
1720.7,70.83,59.2,0.0,-0.2,6,313.360,-0.665,-345.338
1720.7,70.94,59.3,0.0,-0.1,6,312.119,-0.681,-347.888
1734.9,71.10,59.3,0.0,-0.1,6,310.256,-0.705,-351.719
1734.9,71.21,59.4,0.0,-0.1,6,309.011,-0.721,-354.279
1734.9,71.38,59.4,0.0,-0.1,6,307.143,-0.747,-358.126
1734.9,71.48,59.5,0.0,-0.1,6,305.895,-0.765,-360.696
1749.2,71.64,59.5,0.0,-0.1,6,304.021,-0.794,-364.559
1749.2,71.75,59.5,0.0,-0.1,6,302.771,-0.814,-367.140
1749.2,71.91,59.5,0.0,-0.1,6,300.892,-0.845,-371.018
1749.2,72.01,59.6,0.0,-0.2,6,299.639,-0.865,-373.608
1763.5,72.17,59.6,0.0,-0.1,6,297.755,-0.897,-377.502
1763.5,72.27,59.7,0.0,-0.1,6,296.498,-0.919,-380.102
1763.5,72.42,59.7,0.0,-0.1,6,294.610,-0.953,-384.010
1763.5,72.53,59.7,0.0,-0.1,6,293.349,-0.976,-386.621
1778.0,72.73,59.8,0.0,-0.0,6,290.825,-1.019,-391.853
1778.0,72.83,59.8,0.0,-0.0,6,289.561,-1.040,-394.475
1778.0,72.99,59.8,0.0,0.1,6,287.662,-1.073,-398.416
1778.0,73.08,59.9,0.0,0.1,6,286.393,-1.096,-401.047
1792.6,73.52,60.0,0.0,0.2,6,280.664,-1.190,-412.932
1792.6,73.62,60.0,0.0,0.1,6,279.385,-1.208,-415.582
1807.3,73.77,60.1,0.0,0.1,6,277.462,-1.237,-419.564
1807.3,73.86,60.1,0.0,0.2,6,276.177,-1.256,-422.221
1807.3,74.01,60.1,0.0,0.2,6,274.245,-1.285,-426.215
1807.3,74.10,60.1,0.0,0.2,6,272.954,-1.304,-428.880
1822.1,74.24,60.2,0.0,0.2,6,271.013,-1.334,-432.884
1822.1,74.34,60.2,0.0,0.3,6,269.715,-1.355,-435.557
1822.1,74.48,60.2,0.0,0.3,6,267.763,-1.385,-439.572
1836.9,74.62,60.2,0.0,0.3,6,265.804,-1.414,-443.593
1836.9,74.71,60.2,0.0,0.4,6,264.495,-1.434,-446.277
1836.9,74.84,60.2,0.0,0.4,6,262.525,-1.462,-450.308
1836.9,74.93,60.2,0.0,0.4,6,261.208,-1.481,-452.998
1851.9,75.07,60.2,0.0,0.3,6,259.225,-1.507,-457.037
1851.9,75.15,60.2,0.0,0.3,6,257.899,-1.525,-459.733
1851.9,75.29,60.3,0.0,0.4,6,255.902,-1.550,-463.780
1851.9,75.38,60.2,0.0,0.5,6,254.567,-1.569,-466.481
1867.0,75.50,60.3,0.0,0.6,6,252.558,-1.596,-470.537
1867.0,75.58,60.3,0.0,0.5,6,251.214,-1.613,-473.243
1867.0,75.71,60.3,0.0,0.3,6,249.191,-1.640,-477.306
1867.0,75.80,60.3,0.0,0.3,6,247.838,-1.658,-480.017
1882.1,75.92,60.3,0.0,0.3,6,245.800,-1.682,-484.086
1882.1,76.00,60.3,0.0,0.3,6,244.438,-1.699,-486.802
1882.1,76.12,60.3,0.0,0.3,6,242.387,-1.723,-490.879
1882.1,76.21,60.3,0.0,0.3,6,241.016,-1.738,-493.599
1897.3,76.32,60.3,0.0,0.3,6,238.953,-1.760,-497.683
1897.3,76.45,60.3,0.0,0.2,6,236.884,-1.783,-501.772
1897.3,76.53,60.3,0.0,0.2,6,235.500,-1.799,-504.501
1897.3,76.64,60.3,0.0,0.3,6,233.420,-1.822,-508.598
1912.6,76.72,60.3,0.0,0.3,6,232.029,-1.838,-511.331
1912.6,76.83,60.3,0.0,0.4,6,229.939,-1.861,-515.436
1912.6,76.91,60.3,0.0,0.3,6,228.542,-1.877,-518.175
1912.6,77.02,60.3,0.0,0.2,6,226.441,-1.902,-522.287
1928.0,77.10,60.3,0.0,0.1,6,225.037,-1.919,-525.031
1928.0,77.20,60.3,0.0,0.1,6,222.927,-1.944,-529.150
1928.0,77.27,60.3,0.0,0.0,6,221.516,-1.957,-531.899
1928.0,77.39,60.3,0.0,-0.1,6,219.397,-1.979,-536.026
1943.5,77.47,60.3,0.0,-0.2,6,217.983,-1.995,-538.781
1943.5,77.58,60.3,0.0,-0.4,6,215.858,-2.023,-542.919
1943.5,77.65,60.3,0.0,-0.5,6,214.440,-2.045,-545.681
1943.5,77.76,60.3,0.0,-0.4,6,212.313,-2.084,-549.829
1959.0,77.86,60.3,0.0,-0.3,6,210.187,-2.126,-553.985
1959.0,77.93,60.3,0.0,-0.4,6,208.771,-2.157,-556.760
1959.0,78.04,60.4,0.0,-0.5,6,206.649,-2.202,-560.930
1959.0,78.11,60.4,0.0,-0.6,6,205.235,-2.235,-563.714
1974.6,78.22,60.4,0.0,-0.8,6,203.117,-2.286,-567.898
1974.6,78.28,60.4,0.0,-0.8,6,201.707,-2.320,-570.692
1974.6,78.38,60.4,0.0,-0.6,6,199.594,-2.371,-574.890
1974.6,78.45,60.4,0.0,-0.5,6,198.188,-2.406,-577.693
1990.3,78.56,60.4,0.0,-0.5,6,196.084,-2.460,-581.907
1990.3,78.62,60.4,0.0,-0.5,6,194.683,-2.496,-584.720
1990.3,78.72,60.4,0.0,-0.5,6,192.584,-2.550,-588.948
1990.3,78.78,60.4,0.0,-0.4,6,191.187,-2.584,-591.771
2006.0,78.89,60.4,0.0,-0.2,6,189.092,-2.639,-596.011
2006.0,78.96,60.4,0.0,-0.0,6,187.696,-2.679,-598.842
2006.0,79.05,60.5,0.0,0.3,6,185.602,-2.735,-603.094
2006.0,79.15,60.5,0.0,0.6,6,183.504,-2.792,-607.351
2021.8,79.21,60.5,0.0,0.7,6,182.104,-2.829,-610.191
2021.8,79.30,60.4,0.0,0.8,6,179.997,-2.880,-614.453
2021.8,79.37,60.4,0.0,0.9,6,178.587,-2.915,-617.296
2021.8,79.47,60.4,0.0,1.0,6,176.462,-2.968,-621.561
2037.7,79.47,83.3,0.0,0.9,7,170.733,-3.082,-632.912
2053.5,79.56,73.6,0.0,1.0,7,168.559,-3.119,-637.159
2053.5,79.64,63.9,0.0,1.1,7,166.370,-3.154,-641.404
2053.5,79.70,59.3,0.0,1.0,7,164.903,-3.174,-644.232
2053.5,79.79,59.4,0.0,0.8,7,162.690,-3.202,-648.474
2069.5,79.84,59.4,0.0,0.8,7,161.207,-3.217,-651.301
2069.5,79.92,59.4,0.0,0.8,7,158.971,-3.236,-655.540
2069.5,79.97,59.5,0.0,0.9,7,157.474,-3.246,-658.366
2069.5,80.06,59.4,0.0,0.8,7,155.220,-3.256,-662.604
2085.4,80.12,59.4,0.0,0.7,7,153.710,-3.259,-665.430
2085.4,80.20,59.5,0.0,0.5,7,151.437,-3.261,-669.668
2085.4,80.25,59.5,0.0,0.6,7,149.915,-3.261,-672.493
2085.4,80.33,59.5,0.0,0.6,7,147.624,-3.257,-676.731
2101.4,80.38,59.5,0.0,0.6,7,146.092,-3.251,-679.556
2101.4,80.46,59.5,0.0,0.6,7,143.784,-3.240,-683.794
2101.4,80.51,59.5,0.0,0.8,7,142.240,-3.231,-686.620
2101.4,80.59,59.6,0.0,1.0,7,139.916,-3.212,-690.857
2117.5,80.66,59.6,0.0,1.1,7,137.582,-3.187,-695.094
2117.5,80.71,59.6,0.0,1.1,7,136.019,-3.168,-697.917
2117.5,80.78,59.7,0.0,1.2,7,133.666,-3.136,-702.151
2117.5,80.83,59.6,0.0,1.4,7,132.089,-3.112,-704.973
2133.6,80.90,59.7,0.0,1.8,7,129.712,-3.072,-709.202
2133.6,80.94,59.7,0.0,2.1,7,128.118,-3.043,-712.019
2133.6,81.00,59.7,0.0,2.3,7,125.711,-2.993,-716.239
2133.6,81.04,59.8,0.0,2.4,7,124.094,-2.956,-719.047
2149.8,81.11,59.7,0.0,2.4,7,121.648,-2.895,-723.251
2149.8,81.15,59.8,0.0,2.6,7,120.002,-2.851,-726.047
2149.8,80.95,12.6,37.9,2.0,7,117.510,-2.781,-730.228
2149.8,80.40,0.0,67.8,1.9,7,115.841,-2.729,-732.991
2165.9,79.21,0.0,82.3,1.5,7,113.344,-2.645,-737.080
2165.9,78.33,0.0,84.6,1.3,7,111.688,-2.586,-739.763
2165.9,76.99,0.0,85.4,0.9,7,109.220,-2.494,-743.717
2165.9,75.66,0.0,85.5,1.1,7,106.773,-2.401,-747.590
2181.3,74.76,0.0,85.4,1.1,7,105.154,-2.339,-750.127
2181.3,73.44,0.0,85.5,2.1,7,102.744,-2.246,-753.865
2181.3,72.56,0.0,85.8,2.5,7,101.150,-2.186,-756.313
2181.3,71.29,0.0,89.1,3.1,0,98.776,-2.099,-759.918
2195.9,70.36,30.8,86.6,2.5,0,97.206,-2.050,-762.277
2195.9,69.02,0.0,84.2,1.6,6,94.859,-1.973,-765.740
2195.9,68.16,0.0,84.9,1.6,6,93.298,-1.920,-767.997
2195.9,66.85,0.0,85.0,1.8,6,90.966,-1.843,-771.312
2209.6,65.98,0.0,84.7,1.3,6,89.420,-1.792,-773.474
2209.6,64.69,0.0,84.8,2.7,6,87.112,-1.716,-776.644
2209.6,63.83,0.0,84.8,3.2,6,85.582,-1.665,-778.711
2209.6,62.56,0.0,84.8,2.9,6,83.302,-1.592,-781.743
2222.4,61.70,0.0,84.6,2.7,6,81.791,-1.546,-783.718
2222.4,60.46,22.5,85.6,2.7,0,79.540,-1.480,-786.612
2222.4,59.60,0.0,85.2,2.7,5,78.047,-1.438,-788.495
2222.4,58.33,0.0,84.6,3.2,5,75.823,-1.377,-791.249
2234.3,57.08,0.0,84.9,4.2,5,73.613,-1.320,-793.917
2234.3,56.24,0.0,84.6,4.4,5,72.148,-1.283,-795.648
2234.3,55.00,0.0,77.5,4.2,5,69.961,-1.229,-798.170
2234.3,54.22,0.0,71.4,3.8,5,68.507,-1.193,-799.802
2245.4,53.23,30.1,43.4,3.1,0,66.330,-1.141,-802.179
2245.4,52.76,0.0,30.5,2.6,4,64.872,-1.106,-803.718
2245.4,52.21,0.0,20.6,4.2,4,62.666,-1.054,-805.965
2245.4,51.91,0.0,17.5,6.8,4,61.181,-1.020,-807.425
2255.8,51.52,0.0,14.1,10.5,4,58.930,-0.967,-809.560
2255.8,51.28,0.0,13.3,12.1,4,57.414,-0.931,-810.949
2255.8,50.93,0.0,11.2,13.7,4,55.118,-0.878,-812.982
2255.8,50.72,0.0,11.1,14.0,4,53.573,-0.842,-814.304
2266.0,50.40,0.0,9.7,14.2,4,51.232,-0.791,-816.233
2266.0,50.08,0.0,7.4,13.4,4,48.863,-0.742,-818.096
2266.0,49.89,0.0,4.1,13.1,4,47.265,-0.708,-819.298
2276.0,49.65,0.0,2.7,13.7,4,44.842,-0.658,-821.043
2276.0,49.49,0.0,2.4,14.6,4,43.208,-0.625,-822.167
2276.0,49.26,0.0,0.9,15.7,4,40.732,-0.576,-823.793
2276.0,49.12,2.3,0.0,16.3,4,39.064,-0.544,-824.837
2286.1,48.95,6.2,0.0,17.3,4,36.535,-0.494,-826.340
2286.1,48.83,5.3,0.0,17.8,4,34.832,-0.460,-827.301
2286.1,48.65,3.4,0.0,15.7,4,32.254,-0.410,-828.681
2286.1,48.53,3.7,0.0,16.2,4,30.520,-0.376,-829.560
2296.3,48.36,4.0,0.0,13.8,4,27.899,-0.327,-830.816
2296.3,48.24,5.1,0.0,12.8,4,26.139,-0.294,-831.612
2296.3,48.09,7.6,0.0,13.2,4,23.480,-0.243,-832.745
2296.3,47.96,14.0,0.0,15.3,4,20.801,-0.191,-833.804
2306.4,47.88,9.4,0.0,16.8,4,19.004,-0.157,-834.470
2306.4,47.72,3.8,0.0,20.4,4,16.296,-0.107,-835.414
2306.4,47.60,2.9,0.0,21.8,4,14.483,-0.075,-836.005
2306.4,47.43,6.3,0.0,21.5,4,11.753,-0.028,-836.827
2316.5,47.31,5.5,0.0,20.6,4,9.927,0.004,-837.330
2316.5,47.13,4.5,0.0,19.3,4,7.178,0.055,-838.014
2316.5,47.00,3.3,0.0,19.0,4,5.341,0.089,-838.425
2316.5,46.81,2.8,0.0,19.0,4,2.580,0.139,-838.973
2326.4,46.68,1.2,0.0,19.1,4,0.738,0.171,-839.294
2326.4,46.48,1.4,0.0,20.0,4,-2.026,0.219,-839.706
2326.4,46.35,1.3,0.0,21.1,4,-3.868,0.250,-839.937
2326.4,46.16,3.8,0.0,20.3,4,-6.630,0.295,-840.215
2336.2,46.04,2.8,0.0,19.1,4,-8.468,0.323,-840.356
2336.2,45.85,1.1,0.0,19.0,4,-11.221,0.365,-840.503
2336.2,45.75,20.7,0.0,19.0,4,-13.052,0.391,-840.557
2336.2,45.82,69.4,0.0,18.5,4,-15.797,0.429,-840.576
2346.1,45.92,26.2,26.9,18.7,4,-18.550,0.464,-840.523
2346.1,45.63,0.0,45.5,20.1,4,-20.381,0.486,-840.447
2346.1,45.03,0.0,7.9,21.5,4,-23.096,0.515,-840.281
2346.1,44.86,26.5,0.0,20.8,4,-24.887,0.532,-840.132
2355.8,44.99,87.5,0.0,19.9,4,-27.565,0.556,-839.846
2355.8,45.19,91.1,0.0,20.1,4,-29.353,0.570,-839.615
2355.8,45.47,91.1,0.0,21.6,4,-32.042,0.588,-839.208
2355.8,45.66,91.1,0.0,22.4,4,-33.837,0.599,-838.895
2365.4,45.95,91.1,0.0,24.6,4,-36.532,0.616,-838.360
2365.4,46.14,91.1,0.0,24.9,4,-38.329,0.627,-837.961
2365.4,46.42,91.1,0.0,25.8,4,-41.025,0.644,-837.297
2365.4,46.71,91.1,0.0,26.1,4,-43.718,0.660,-836.556
2375.3,46.91,91.1,0.0,26.0,4,-45.512,0.669,-836.021
2375.3,47.18,91.1,0.0,25.0,4,-48.197,0.681,-835.154
2375.3,47.36,91.2,0.0,24.2,4,-49.983,0.687,-834.535
2375.3,47.64,91.2,0.0,22.3,4,-52.653,0.697,-833.537
2385.2,47.83,91.2,0.0,21.4,4,-54.425,0.704,-832.828
2385.2,48.11,91.2,0.0,20.6,4,-57.072,0.712,-831.699
2385.2,48.31,91.2,0.0,20.3,4,-58.829,0.716,-830.905
2385.2,48.60,91.2,0.0,20.6,4,-61.451,0.718,-829.651
2395.3,48.79,91.2,0.0,20.7,4,-63.189,0.718,-828.773
2395.3,49.07,91.2,0.0,21.7,4,-65.779,0.716,-827.392
2395.3,49.27,91.2,0.0,22.7,4,-67.494,0.714,-826.431
2395.3,49.55,91.2,0.0,23.8,4,-70.048,0.708,-824.927
2405.4,49.74,91.2,0.0,24.0,4,-71.738,0.703,-823.884
2405.4,50.02,91.2,0.0,24.0,4,-74.250,0.694,-822.258
2405.4,50.30,91.2,0.0,23.0,4,-76.733,0.684,-820.558
2405.4,50.48,91.2,0.0,22.2,4,-78.370,0.677,-819.384
2415.5,50.75,91.2,0.0,21.1,4,-80.799,0.664,-817.562
2415.5,50.94,90.9,0.0,20.7,4,-82.399,0.654,-816.307
2415.5,51.21,90.5,0.0,21.2,4,-84.768,0.638,-814.365
2415.5,51.38,91.2,0.0,21.7,4,-86.327,0.625,-813.030
2425.6,51.66,91.2,0.0,22.4,4,-88.630,0.605,-810.970
2425.6,51.84,91.2,0.0,23.4,4,-90.144,0.589,-809.559
2425.6,52.10,91.2,0.0,24.5,4,-92.379,0.563,-807.386
2425.6,52.28,91.3,0.0,24.1,4,-93.845,0.545,-805.900
2435.7,52.55,91.3,0.0,23.5,4,-96.005,0.517,-803.615
2435.7,52.72,91.3,0.0,24.1,4,-97.418,0.497,-802.055
2435.7,52.98,84.1,0.0,24.4,4,-99.497,0.466,-799.661
2435.7,53.15,77.7,0.0,24.2,4,-100.855,0.444,-798.030
2445.9,53.41,68.0,0.0,23.9,4,-102.847,0.410,-795.531
2445.9,53.64,52.2,0.0,24.5,4,-104.786,0.373,-792.971
2445.9,53.73,35.5,0.0,24.7,4,-106.048,0.346,-791.234
2456.3,53.82,42.3,0.0,24.8,4,-107.892,0.302,-788.587
2456.3,53.95,57.1,0.0,24.2,4,-109.088,0.270,-786.795
2456.3,54.16,47.2,0.0,22.7,4,-110.836,0.220,-784.064
2456.3,54.25,39.3,0.0,21.6,4,-111.969,0.186,-782.216
2466.9,54.43,58.0,0.0,19.3,4,-113.625,0.129,-779.409
2466.9,54.65,59.2,0.0,13.9,4,-114.705,0.084,-777.514
2466.9,54.88,55.1,0.0,5.6,4,-116.271,0.020,-774.627
2466.9,55.01,36.7,0.0,4.6,4,-117.276,-0.016,-772.674
2477.8,55.15,60.1,0.0,1.1,4,-118.745,-0.073,-769.714
2477.8,55.26,60.0,0.0,-1.6,4,-119.718,-0.134,-767.733
2477.8,56.01,59.5,0.0,-4.2,4,-121.171,-0.242,-764.732
2477.8,56.27,60.0,0.0,-4.3,4,-122.611,-0.320,-761.685
2489.1,56.37,60.1,0.0,-3.3,4,-123.573,-0.389,-759.650
2489.1,56.88,58.0,0.0,-4.4,4,-125.039,-0.507,-756.583
2489.1,57.05,58.5,0.0,-4.9,4,-126.035,-0.580,-754.536
2489.1,57.35,60.0,0.0,-4.0,4,-127.557,-0.683,-751.462
2500.7,57.56,60.0,0.0,-3.6,4,-128.591,-0.750,-749.411
2500.7,57.91,60.0,0.0,-3.4,4,-130.171,-0.847,-746.330
2500.7,58.10,60.0,0.0,-3.8,4,-131.242,-0.915,-744.273
2500.7,58.43,60.0,0.0,-4.6,4,-132.873,-1.025,-741.184
2512.6,58.63,60.0,0.0,-4.9,4,-133.978,-1.102,-739.123
2512.6,58.92,60.0,0.0,-4.8,4,-135.664,-1.220,-736.028
2512.6,59.12,60.0,0.0,-4.2,4,-136.806,-1.301,-733.964
2512.6,59.39,60.0,0.0,-3.6,4,-138.549,-1.425,-730.869
2524.7,59.59,60.0,0.0,-3.5,4,-139.731,-1.511,-728.805
2524.7,59.87,60.1,0.0,-3.7,4,-141.530,-1.646,-725.709
2524.7,60.06,60.1,0.0,-4.0,4,-142.747,-1.741,-723.645
2524.7,60.35,60.1,0.0,-3.9,4,-144.598,-1.890,-720.547
2536.8,60.63,60.1,0.0,-3.3,4,-146.481,-2.041,-717.448
2536.8,60.81,60.1,0.0,-3.0,4,-147.755,-2.142,-715.384
2536.8,60.99,0.0,0.0,-2.7,0,-149.690,-2.295,-712.286
2536.8,60.96,89.4,0.0,-2.4,5,-150.993,-2.398,-710.227
2549.1,61.23,79.6,0.0,-1.8,5,-152.967,-2.551,-707.143
2549.1,61.40,73.1,0.0,-1.7,5,-154.299,-2.649,-705.087
2549.1,61.67,63.4,0.0,-1.9,5,-156.319,-2.792,-702.000
2549.1,61.85,58.9,0.0,-2.1,5,-157.678,-2.886,-699.939
2561.5,62.11,59.0,0.0,-2.1,5,-159.735,-3.025,-696.845
2561.5,62.28,59.0,0.0,-2.1,5,-161.119,-3.116,-694.780
2561.5,62.54,59.2,0.0,-2.0,5,-163.214,-3.249,-691.680
2561.5,62.71,59.2,0.0,-2.0,5,-164.623,-3.332,-689.611
2574.0,62.96,59.3,0.0,-2.0,5,-166.756,-3.449,-686.505
2574.0,63.12,59.4,0.0,-2.0,5,-168.190,-3.520,-684.433
2574.0,63.37,59.5,0.0,-1.8,5,-170.361,-3.617,-681.322
2574.0,63.61,59.6,0.0,-1.7,5,-172.554,-3.703,-678.209
2586.8,63.78,59.6,0.0,-1.5,5,-174.029,-3.753,-676.133
2586.8,64.01,59.7,0.0,-1.3,5,-176.259,-3.814,-673.016
2586.8,64.17,59.7,0.0,-1.2,5,-177.758,-3.848,-670.937
2586.8,64.40,59.8,0.0,-1.3,5,-180.022,-3.889,-667.815
2599.7,64.56,59.8,0.0,-1.3,5,-181.542,-3.912,-665.732
2599.7,64.79,59.9,0.0,-1.2,5,-183.836,-3.942,-662.603
2599.7,64.94,59.9,0.0,-1.2,5,-185.376,-3.960,-660.515
2599.7,65.17,60.0,0.0,-1.2,5,-187.699,-3.986,-657.379
2612.7,65.32,60.0,0.0,-1.2,5,-189.257,-4.001,-655.286
2612.7,65.54,60.1,0.0,-1.2,5,-191.607,-4.021,-652.142
2612.7,65.68,60.1,0.0,-1.1,5,-193.183,-4.033,-650.044
2612.7,65.90,60.1,0.0,-1.0,5,-195.560,-4.047,-646.893
2625.8,66.04,60.1,0.0,-1.0,5,-197.154,-4.053,-644.790
2625.8,66.25,60.1,0.0,-0.9,5,-199.557,-4.060,-641.632
2625.8,66.46,60.1,0.0,-0.9,5,-201.975,-4.062,-638.469
2625.8,66.60,60.1,0.0,-1.0,5,-203.595,-4.061,-636.358
2639.0,66.80,60.1,0.0,-0.9,5,-206.037,-4.054,-633.188
2639.0,66.93,60.1,0.0,-1.0,5,-207.674,-4.045,-631.073
2639.0,67.13,60.1,0.0,-1.2,5,-210.140,-4.025,-627.897
2639.0,67.26,60.1,0.0,-1.5,5,-211.793,-4.010,-625.778
2652.3,67.46,60.1,0.0,-1.8,5,-214.285,-3.988,-622.596
2652.3,67.59,60.1,0.0,-2.0,5,-215.955,-3.972,-620.474
2652.3,67.78,60.1,0.0,-2.1,5,-218.476,-3.949,-617.291
2652.3,67.91,60.1,0.0,-2.3,5,-220.167,-3.935,-615.169
2665.8,68.09,60.1,0.0,-1.7,5,-222.723,-3.916,-611.989
2665.8,68.22,60.1,0.0,-1.7,5,-224.438,-3.907,-609.871
2665.8,68.40,60.1,0.0,-1.7,5,-227.029,-3.899,-606.695
2665.8,68.49,43.4,0.0,-1.6,5,-228.768,-3.898,-604.580
2679.4,68.23,2.4,50.9,-1.3,5,-231.386,-3.899,-601.418
2679.4,67.65,0.0,69.8,-1.0,5,-233.127,-3.904,-599.329
2679.4,66.52,0.0,80.6,-0.6,5,-235.715,-3.916,-596.242
2692.9,65.29,0.0,83.5,-0.5,5,-238.266,-3.932,-593.217
2692.9,64.45,0.0,84.1,-0.5,5,-239.945,-3.945,-591.236
2692.9,63.20,0.0,85.1,-0.4,5,-242.430,-3.970,-588.320
2692.9,62.35,0.0,84.4,-0.3,5,-244.064,-3.990,-586.411
2705.6,61.10,0.0,84.6,-0.5,5,-246.481,-4.024,-583.601
2705.6,60.28,0.0,85.0,-0.4,5,-248.068,-4.048,-581.763
2705.6,59.02,0.0,84.1,-0.6,5,-250.414,-4.087,-579.057
2705.6,58.21,0.0,84.9,-0.6,5,-251.954,-4.113,-577.288
2717.5,56.97,0.0,84.5,-0.2,5,-254.229,-4.153,-574.685
2717.5,56.15,0.0,84.4,0.2,5,-255.723,-4.178,-572.984
2717.5,54.92,0.0,84.7,0.2,5,-257.927,-4.217,-570.481
2717.5,54.11,0.0,84.6,0.1,5,-259.372,-4.242,-568.846
2728.5,52.89,0.0,84.7,-0.5,0,-261.502,-4.281,-566.442
2728.5,52.09,27.3,85.3,-0.6,0,-262.898,-4.308,-564.872
2728.5,50.89,0.0,85.7,-1.5,4,-264.956,-4.348,-562.564
2728.5,49.67,0.0,84.9,-2.1,4,-266.971,-4.390,-560.315
2738.6,48.86,0.0,84.4,-2.7,4,-268.290,-4.418,-558.849
2738.6,47.65,0.0,83.7,-3.1,4,-270.235,-4.458,-556.702
2738.6,46.86,0.0,83.9,-3.7,4,-271.511,-4.482,-555.305
2738.6,45.68,0.0,84.2,-3.5,4,-273.395,-4.517,-553.262
2748.0,44.90,0.0,84.6,-3.3,0,-274.632,-4.539,-551.937
2748.0,43.73,0.0,85.8,-3.6,3,-276.461,-4.572,-550.003
2748.0,42.94,0.0,85.8,-3.9,3,-277.662,-4.594,-548.752
2748.0,41.74,0.0,85.0,-4.0,3,-279.436,-4.626,-546.930
2756.6,40.94,0.0,84.9,-4.2,3,-280.602,-4.646,-545.755
2756.6,39.77,0.0,84.3,-4.0,3,-282.325,-4.675,-544.052
2756.6,38.99,0.0,80.4,-3.9,3,-283.458,-4.693,-542.956
2756.6,37.90,0.0,73.8,-3.8,3,-285.137,-4.719,-541.370
2764.4,37.22,0.0,70.8,-3.3,3,-286.243,-4.736,-540.352
2764.4,36.27,27.3,70.2,-3.2,0,-287.886,-4.761,-538.881
2764.4,35.31,0.0,69.1,-4.5,2,-289.512,-4.786,-537.476
2764.4,34.65,0.0,69.6,-5.3,2,-290.585,-4.802,-536.576
2771.4,33.67,0.0,70.8,-6.0,2,-292.177,-4.825,-535.282
2771.4,33.01,0.0,70.8,-6.6,2,-293.227,-4.839,-534.457
2771.4,32.03,0.0,65.6,-7.2,2,-294.781,-4.860,-533.274
2771.4,31.41,0.0,58.1,-7.3,2,-295.804,-4.873,-532.523
2777.8,30.57,0.0,49.5,-5.8,2,-297.324,-4.891,-531.450
2777.8,30.08,0.0,46.1,-5.1,2,-298.330,-4.902,-530.770
2777.8,29.38,0.0,43.6,-12.7,2,-299.829,-4.917,-529.802
2777.8,28.95,0.0,41.8,-15.4,2,-300.824,-4.926,-529.191
2783.5,28.32,0.0,39.8,-11.5,2,-302.308,-4.939,-528.323
2783.5,27.91,0.0,41.0,-14.1,2,-303.290,-4.946,-527.774
2783.5,27.31,0.0,35.3,-23.5,2,-304.752,-4.957,-526.992
2783.5,26.79,0.0,30.0,-21.7,2,-306.204,-4.966,-526.266
2788.7,26.47,0.0,33.1,-17.6,2,-307.167,-4.972,-525.811
2788.7,25.97,0.0,27.8,-14.7,2,-308.605,-4.979,-525.170
2788.7,25.68,0.0,22.7,-15.9,0,-309.557,-4.983,-524.768
2788.7,25.35,0.0,20.7,-23.6,1,-310.981,-4.987,-524.203
2793.8,25.09,0.0,17.5,-27.5,1,-311.927,-4.988,-523.852
2793.8,24.76,0.0,14.3,-30.3,1,-313.342,-4.990,-523.368
2793.8,24.55,0.0,15.0,-30.3,1,-314.284,-4.989,-523.074
2793.8,24.25,0.0,10.5,-31.4,1,-315.694,-4.987,-522.677
2800.6,24.08,0.0,9.1,-32.8,1,-316.632,-4.985,-522.443
2800.6,23.82,0.0,7.8,-39.1,1,-318.037,-4.978,-522.139
2800.6,23.64,0.0,2.9,-42.2,1,-318.971,-4.971,-521.969
2800.6,23.56,29.0,0.0,-42.5,1,-320.371,-4.958,-521.764
2806.5,23.67,46.5,0.0,-42.2,1,-321.309,-4.951,-521.657
2806.5,23.98,36.7,0.0,-26.7,1,-322.734,-4.943,-521.533
2806.5,24.30,46.4,0.0,-27.1,1,-324.178,-4.942,-521.450
2806.5,24.39,19.2,3.1,-28.8,1,-325.152,-4.943,-521.422
2812.3,24.25,0.0,14.2,-25.4,1,-326.612,-4.948,-521.423
2812.3,23.98,0.0,8.9,-23.5,1,-327.577,-4.949,-521.459
2812.3,23.71,0.0,2.0,-19.0,1,-329.003,-4.943,-521.573
2812.3,23.59,0.2,0.2,-18.1,1,-329.942,-4.937,-521.684
2817.7,23.44,3.7,0.0,-23.6,1,-331.336,-4.929,-521.902
2817.7,23.37,11.8,0.0,-30.6,1,-332.255,-4.923,-522.080
2817.7,23.47,39.8,0.0,-38.7,1,-333.623,-4.914,-522.393
2817.7,23.66,52.1,0.0,-42.1,1,-334.534,-4.908,-522.633
2822.7,24.05,64.0,0.0,-46.1,1,-335.905,-4.897,-523.037
2827.7,25.29,61.3,0.0,-43.1,1,-339.617,-4.856,-524.387
2827.7,25.61,58.5,0.0,-38.9,1,-341.013,-4.837,-525.005
2827.7,25.82,50.7,0.0,-35.6,1,-341.939,-4.824,-525.453
2827.7,26.12,46.7,0.0,-28.6,1,-343.317,-4.802,-526.178
2832.9,26.42,53.1,0.0,-19.4,1,-344.682,-4.780,-526.964
2832.9,26.68,57.6,0.0,-12.7,1,-345.586,-4.765,-527.521
2832.9,27.14,75.0,0.0,-2.0,1,-346.936,-4.743,-528.403
2832.9,27.54,84.0,0.0,4.3,1,-347.838,-4.728,-529.019
2838.2,28.22,90.8,0.0,9.3,1,-349.205,-4.706,-529.980
2838.2,28.71,91.1,0.0,10.3,1,-350.131,-4.691,-530.641
2838.2,29.35,66.7,0.0,15.9,1,-351.547,-4.668,-531.655
2838.2,29.59,47.4,0.0,17.5,1,-352.510,-4.652,-532.334
2843.9,29.78,32.6,0.0,16.4,1,-353.981,-4.629,-533.340
2843.9,29.89,32.2,0.0,14.9,1,-354.977,-4.615,-533.997
2843.9,30.07,38.0,0.0,15.4,1,-356.493,-4.594,-534.963
2843.9,30.23,44.1,0.0,17.0,1,-357.521,-4.581,-535.593
2850.0,30.46,36.4,0.0,21.7,1,-359.089,-4.563,-536.519
2850.0,30.58,26.6,0.0,28.9,1,-360.687,-4.546,-537.413
2850.0,30.61,23.3,0.0,32.1,1,-361.768,-4.536,-537.986
2850.0,30.61,17.1,0.0,33.6,1,-363.413,-4.523,-538.804
2856.3,30.60,17.4,0.0,33.9,1,-364.524,-4.515,-539.319
2856.3,30.55,10.3,0.0,35.5,1,-366.209,-4.505,-540.043
2856.3,30.49,13.3,0.0,37.2,1,-367.345,-4.499,-540.492
2856.3,30.39,8.2,0.0,38.3,1,-369.064,-4.492,-541.110
2862.7,30.30,3.8,0.0,38.5,1,-370.218,-4.489,-541.486
2862.7,30.20,25.5,0.0,41.8,1,-371.960,-4.487,-541.997
2862.7,30.28,51.1,0.0,43.4,1,-373.130,-4.487,-542.303
2862.7,30.50,32.3,0.0,41.4,1,-374.906,-4.488,-542.710
2870.2,30.61,59.8,0.0,38.5,1,-376.105,-4.489,-542.946
2870.2,30.73,0.0,0.0,32.2,0,-377.923,-4.489,-543.249
2870.2,30.79,74.5,0.0,27.4,2,-379.752,-4.490,-543.482
2870.2,30.93,28.9,0.0,14.7,2,-380.981,-4.491,-543.602
2877.2,30.97,19.5,0.0,0.4,2,-382.835,-4.489,-543.722
2877.2,30.94,10.6,0.0,-4.1,2,-384.072,-4.494,-543.773
2877.2,30.83,8.8,0.0,-22.5,2,-385.926,-4.506,-543.798
2877.2,30.73,10.6,0.0,-25.7,2,-387.157,-4.509,-543.772
2885.2,30.58,8.3,0.0,-43.0,2,-388.994,-4.514,-543.678
2885.2,30.50,8.3,0.0,-47.0,2,-390.212,-4.515,-543.582
2885.2,30.39,16.5,0.0,-27.1,2,-392.029,-4.517,-543.393
2885.2,30.53,75.9,0.0,-7.5,2,-393.235,-4.518,-543.232
2892.0,32.06,88.0,0.0,46.3,2,-398.773,-4.521,-542.209
2898.5,32.48,76.4,0.0,45.6,2,-400.657,-4.522,-541.766
2898.5,32.75,66.6,0.0,41.6,2,-402.548,-4.527,-541.260
2898.5,32.92,48.1,0.0,39.1,2,-403.807,-4.533,-540.887
2898.5,33.04,39.5,0.0,35.1,2,-405.688,-4.544,-540.272
2905.0,33.08,29.9,0.0,31.2,2,-406.932,-4.553,-539.823
2905.0,33.06,22.6,0.0,27.8,2,-408.778,-4.570,-539.095
2905.0,33.02,20.3,0.0,25.4,2,-409.993,-4.583,-538.574
2905.0,32.95,15.9,0.0,20.8,2,-411.788,-4.606,-537.740
2911.2,32.89,16.9,0.0,18.4,2,-412.965,-4.622,-537.150
2911.2,32.83,21.7,0.0,17.0,2,-414.700,-4.649,-536.215
2911.2,32.82,28.9,0.0,17.8,2,-415.836,-4.668,-535.557
2911.2,32.92,57.8,0.0,17.4,2,-417.510,-4.696,-534.517
2917.5,33.23,70.7,0.0,17.8,2,-419.156,-4.723,-533.411
2917.5,33.50,80.2,0.0,18.0,2,-420.242,-4.742,-532.636
2917.5,33.97,88.8,0.0,18.5,2,-421.858,-4.769,-531.419
2917.5,34.33,90.4,0.0,17.6,2,-422.927,-4.787,-530.571
2924.0,34.85,91.1,0.0,16.7,2,-424.521,-4.814,-529.243
2924.0,35.21,91.1,0.0,14.7,2,-425.575,-4.831,-528.321
2924.0,35.75,91.1,0.0,11.8,2,-427.144,-4.854,-526.885
2924.0,36.11,91.1,0.0,15.8,2,-428.184,-4.869,-525.894
2930.8,36.59,91.1,0.0,14.3,2,-429.730,-4.891,-524.357
2930.8,36.98,91.1,0.0,9.4,2,-430.753,-4.906,-523.301
2930.8,37.52,91.1,0.0,4.9,2,-432.277,-4.927,-521.668
2930.8,37.88,91.1,0.0,3.7,2,-433.288,-4.939,-520.549
2938.1,38.40,91.2,0.0,3.6,2,-434.798,-4.957,-518.833
2938.1,38.75,91.2,0.0,4.5,2,-435.804,-4.970,-517.665
2938.1,39.27,91.2,0.0,7.8,2,-437.316,-4.988,-515.881
2945.7,39.75,91.3,0.0,11.4,2,-438.828,-5.007,-514.058
2945.7,40.08,91.3,0.0,13.0,2,-439.834,-5.017,-512.819
2945.7,40.53,91.4,0.0,14.2,2,-441.336,-5.031,-510.925
2945.7,40.81,91.5,0.0,13.3,0,-442.329,-5.041,-509.638
2953.7,40.81,91.1,0.0,10.6,3,-443.795,-5.057,-507.677
2953.7,41.03,91.1,0.0,9.4,3,-444.748,-5.065,-506.348
2953.7,41.28,53.0,0.0,7.6,3,-446.151,-5.073,-504.316
2953.7,41.48,83.2,0.0,6.5,3,-447.069,-5.079,-502.939
2961.7,41.80,80.6,0.0,5.4,3,-448.417,-5.088,-500.835
2961.7,42.04,81.7,0.0,6.3,3,-449.297,-5.094,-499.408
2961.7,42.38,81.1,0.0,7.9,3,-450.591,-5.102,-497.230
2961.7,42.61,90.9,0.0,8.7,3,-451.431,-5.106,-495.752
2969.8,43.04,91.1,0.0,9.8,3,-452.662,-5.109,-493.496
2969.8,43.20,55.1,0.0,10.0,3,-453.460,-5.111,-491.967
2969.8,43.32,44.9,0.0,7.4,3,-454.623,-5.120,-489.648
2969.8,43.62,88.7,0.0,4.7,3,-455.742,-5.132,-487.295
2978.3,43.93,91.2,0.0,4.0,3,-456.466,-5.140,-485.701
2978.3,44.32,91.2,0.0,6.8,3,-457.513,-5.150,-483.271
2978.3,44.59,91.2,0.0,10.0,3,-458.187,-5.158,-481.627
2978.3,45.01,91.2,0.0,13.6,3,-459.167,-5.174,-479.124
2986.8,45.28,91.2,0.0,14.8,3,-459.799,-5.187,-477.434
2986.8,45.67,91.2,0.0,16.6,3,-460.715,-5.208,-474.865
2986.8,45.93,91.2,0.0,16.5,3,-461.302,-5.226,-473.130
2986.8,46.31,91.2,0.0,15.3,3,-462.143,-5.254,-470.495
2995.7,46.56,91.2,0.0,14.8,3,-462.674,-5.274,-468.715
2995.7,46.93,91.3,0.0,14.1,3,-463.426,-5.306,-466.014
2995.7,47.18,91.3,0.0,13.8,3,-463.895,-5.330,-464.192
2995.7,47.54,91.3,0.0,14.2,3,-464.551,-5.367,-461.428
3004.9,47.90,91.3,0.0,14.8,3,-465.145,-5.407,-458.628
3004.9,48.13,91.3,0.0,15.0,3,-465.507,-5.434,-456.742
3004.9,48.48,91.3,0.0,14.9,3,-465.995,-5.476,-453.886
3004.9,48.71,91.3,0.0,14.7,3,-466.284,-5.503,-451.964
3014.4,49.06,91.3,0.0,14.7,3,-466.660,-5.544,-449.057
3014.4,49.29,91.4,0.0,15.2,3,-466.873,-5.570,-447.102
3014.4,49.63,91.4,0.0,16.4,3,-467.137,-5.610,-444.147
3014.4,49.85,91.4,0.0,17.2,3,-467.276,-5.636,-442.163
3024.1,50.18,91.4,0.0,17.9,3,-467.429,-5.675,-439.168
3024.1,50.39,91.4,0.0,18.0,3,-467.493,-5.701,-437.158
3024.1,50.71,91.4,0.0,18.2,3,-467.532,-5.741,-434.126
3024.1,50.92,91.5,0.0,17.9,3,-467.518,-5.767,-432.094
3034.1,50.96,0.0,0.0,16.9,0,-467.435,-5.805,-429.036
3034.1,51.05,91.2,0.0,15.4,4,-467.336,-5.829,-427.000
3034.1,51.33,91.2,0.0,13.4,4,-467.123,-5.863,-423.937
3034.1,51.62,91.2,0.0,11.0,4,-466.831,-5.894,-420.863
3044.8,51.82,91.2,0.0,10.4,4,-466.592,-5.913,-418.808
3044.8,52.13,91.2,0.0,10.9,4,-466.170,-5.938,-415.720
3044.8,52.32,91.3,0.0,11.7,4,-465.846,-5.953,-413.656
3044.8,52.62,91.3,0.0,12.9,4,-465.303,-5.974,-410.556
3056.0,52.83,90.0,0.0,13.6,4,-464.903,-5.988,-408.486
3056.0,53.13,80.3,0.0,15.5,4,-464.253,-6.013,-405.375
3056.0,53.34,73.8,0.0,16.0,4,-463.787,-6.035,-403.298
3056.0,53.62,64.1,0.0,15.9,4,-463.030,-6.068,-400.181
3067.3,53.81,58.9,0.0,15.5,4,-462.487,-6.091,-398.103
3067.3,54.10,59.1,0.0,15.1,4,-461.609,-6.123,-394.988
3067.3,54.28,59.1,0.0,14.9,4,-460.982,-6.141,-392.914
3067.3,54.57,59.3,0.0,13.9,4,-459.977,-6.163,-389.807
3078.3,54.76,59.3,0.0,13.2,4,-459.267,-6.176,-387.739
3078.3,55.05,59.4,0.0,12.0,4,-458.145,-6.196,-384.643
3078.3,55.34,59.5,0.0,11.1,4,-456.953,-6.217,-381.554
3078.3,55.53,59.6,0.0,10.8,4,-456.121,-6.229,-379.499
3089.3,55.81,59.7,0.0,11.1,4,-454.816,-6.244,-376.425
3089.3,56.01,59.7,0.0,10.5,4,-453.909,-6.251,-374.381
3089.3,56.29,59.8,0.0,10.6,4,-452.497,-6.260,-371.323
3089.3,56.48,59.9,0.0,9.8,4,-451.522,-6.268,-369.290
3100.3,56.77,60.0,0.0,8.9,4,-450.011,-6.280,-366.247
3100.3,56.96,60.0,0.0,8.6,4,-448.972,-6.290,-364.224
3100.3,57.24,60.0,0.0,8.5,4,-447.364,-6.303,-361.200
3100.3,57.43,60.0,0.0,8.6,4,-446.261,-6.312,-359.189
3111.5,57.71,60.0,0.0,8.6,4,-444.562,-6.324,-356.183
3111.5,57.89,60.0,0.0,8.2,4,-443.398,-6.332,-354.186
3111.5,58.16,60.0,0.0,7.7,4,-441.606,-6.340,-351.201
3111.5,58.34,60.0,0.0,7.9,4,-440.382,-6.344,-349.219
3123.0,58.62,60.0,0.0,8.1,4,-438.502,-6.349,-346.257
3123.0,58.89,60.0,0.0,7.4,4,-436.573,-6.358,-343.307
3123.0,59.05,60.0,0.0,6.9,4,-435.257,-6.359,-341.351
3134.7,59.32,60.1,0.0,6.3,4,-433.241,-6.354,-338.429
3134.7,59.52,60.1,0.0,4.8,4,-431.870,-6.351,-336.487
3134.7,59.82,60.1,0.0,2.5,4,-429.775,-6.346,-333.584
3134.7,60.06,60.0,0.0,2.0,0,-428.354,-6.346,-331.651
3146.7,60.05,89.3,0.0,1.7,5,-426.192,-6.340,-328.765
3146.7,60.22,82.9,0.0,2.3,5,-424.734,-6.330,-326.851
3146.7,60.60,72.8,0.0,0.6,5,-422.527,-6.324,-323.977
3146.7,60.79,66.3,0.0,-0.5,5,-421.037,-6.317,-322.060
3158.8,61.06,59.1,0.0,-0.1,5,-418.783,-6.301,-319.185
3158.8,61.30,58.8,0.0,-0.2,5,-417.271,-6.294,-317.262
3158.8,61.56,58.8,0.0,0.3,5,-414.991,-6.286,-314.368
3158.8,61.82,58.7,0.0,-0.8,5,-412.699,-6.278,-311.462
3171.2,61.98,58.8,0.0,-2.1,5,-411.166,-6.270,-309.517
3171.2,62.22,59.1,0.0,-2.7,5,-408.865,-6.255,-306.587
3171.2,62.39,59.1,0.0,-2.2,5,-407.332,-6.248,-304.624
3171.2,62.62,59.2,0.0,-1.0,5,-405.036,-6.237,-301.659
3183.7,62.77,59.3,0.0,-0.7,5,-403.508,-6.226,-299.670
3183.7,63.01,59.3,0.0,-0.7,5,-401.218,-6.208,-296.672
3183.7,63.17,59.4,0.0,-0.8,5,-399.692,-6.196,-294.663
3183.7,63.40,59.5,0.0,-0.4,5,-397.400,-6.177,-291.636
3196.3,63.55,59.5,0.0,-0.4,5,-395.870,-6.164,-289.610
3196.3,63.78,59.6,0.0,-0.2,5,-393.573,-6.143,-286.559
3196.3,63.93,59.6,0.0,-0.3,5,-392.039,-6.128,-284.517
3196.3,64.16,59.6,0.0,-0.7,5,-389.734,-6.106,-281.442
3209.0,64.31,59.7,0.0,0.1,5,-388.195,-6.092,-279.385
3209.0,64.53,59.8,0.0,-0.3,5,-385.882,-6.070,-276.289
3209.0,64.76,59.8,0.0,-0.5,5,-383.561,-6.046,-273.182
3209.0,64.89,59.9,0.0,-0.1,5,-382.011,-6.029,-271.104
3222.0,65.11,59.9,0.0,-0.3,5,-379.682,-6.001,-267.976
3222.0,65.26,60.0,0.0,-0.2,5,-378.126,-5.983,-265.885
3222.0,65.47,60.0,0.0,-0.5,5,-375.787,-5.956,-262.737
3222.0,65.61,60.1,0.0,-0.6,5,-374.225,-5.938,-260.632
3235.1,66.23,60.1,0.0,0.2,5,-367.171,-5.843,-251.092
3248.3,66.44,60.1,0.0,0.3,5,-364.808,-5.807,-247.889
3248.3,66.58,60.1,0.0,0.5,5,-363.229,-5.781,-245.748
3248.3,66.78,60.1,0.0,0.4,5,-360.852,-5.742,-242.531
3248.3,66.91,60.1,0.0,0.4,5,-359.262,-5.713,-240.382
3261.7,67.10,60.1,0.0,0.4,5,-356.869,-5.666,-237.152
3261.7,67.68,60.1,0.0,0.1,5,-349.627,-5.529,-227.423
3275.1,67.88,60.1,0.0,0.1,5,-347.193,-5.493,-224.165
3275.1,67.99,60.1,0.0,-0.2,5,-345.566,-5.467,-221.989
3275.1,68.17,60.1,0.0,0.0,5,-343.120,-5.426,-218.719
3275.1,68.30,60.1,0.0,-0.0,5,-341.485,-5.396,-216.533
3288.8,68.48,60.1,0.0,-0.2,5,-339.027,-5.352,-213.248
3288.8,68.60,60.2,0.0,-0.3,5,-337.385,-5.321,-211.054
3288.8,68.78,60.2,0.0,-0.1,5,-334.915,-5.274,-207.756
3288.8,68.89,60.2,0.0,-0.1,5,-333.265,-5.241,-205.552
3302.5,69.07,60.2,0.0,-0.1,5,-330.785,-5.194,-202.239
3302.5,69.24,60.2,0.0,-0.2,5,-328.299,-5.144,-198.918
3302.5,69.36,60.2,0.0,-0.3,5,-326.638,-5.110,-196.699
3316.3,69.52,60.3,0.0,-0.2,5,-324.142,-5.056,-193.364
3316.3,69.64,60.3,0.0,-0.1,5,-322.476,-5.018,-191.135
3316.3,69.81,60.3,0.0,-0.3,5,-319.971,-4.962,-187.785
3316.3,69.92,60.3,0.0,-0.3,5,-318.299,-4.925,-185.547
3330.3,70.08,60.3,0.0,-0.3,5,-315.787,-4.869,-182.182
3330.3,70.19,60.1,0.0,-0.4,5,-314.109,-4.831,-179.934
3330.3,70.27,0.0,0.0,-0.3,0,-311.590,-4.775,-176.555
3330.3,70.19,89.6,0.0,-0.3,6,-309.912,-4.738,-174.303
3344.3,70.35,79.8,0.0,0.6,6,-307.395,-4.682,-170.921
3344.3,70.46,73.4,0.0,0.3,6,-305.715,-4.644,-168.661
3344.3,70.61,63.7,0.0,-0.0,6,-303.191,-4.587,-165.265
3344.3,70.71,59.2,0.0,0.3,6,-301.504,-4.547,-162.998
3358.5,70.87,59.2,0.0,-0.3,6,-298.969,-4.488,-159.591
3358.5,71.02,59.3,0.0,-0.2,6,-296.429,-4.429,-156.176
3358.5,71.12,59.4,0.0,-0.2,6,-294.732,-4.389,-153.896
3358.5,71.28,59.4,0.0,-0.5,6,-292.183,-4.328,-150.468
3372.7,71.72,59.5,0.0,-0.2,6,-284.518,-4.144,-140.132
3387.0,71.87,59.6,0.0,0.3,6,-281.957,-4.085,-136.669
3387.0,71.97,59.6,0.0,-0.1,6,-280.246,-4.046,-134.357
3387.0,72.11,59.6,0.0,-0.3,6,-277.676,-3.986,-130.882
3387.0,72.21,59.7,0.0,-0.3,6,-275.960,-3.946,-128.562
3401.5,72.36,59.7,0.0,1.0,6,-273.383,-3.884,-125.074
3401.5,72.45,59.7,0.0,1.2,6,-271.662,-3.842,-122.746
3401.5,72.59,59.8,0.0,0.2,6,-269.072,-3.780,-119.250
3401.5,72.69,59.8,0.0,0.6,6,-267.340,-3.738,-116.918
3416.0,72.83,59.8,0.0,0.9,6,-264.732,-3.676,-113.418
3416.0,72.96,59.8,0.0,-0.3,6,-262.114,-3.613,-109.915
3416.0,73.06,59.8,0.0,-1.2,6,-260.364,-3.570,-107.578
3416.0,73.20,59.9,0.0,-1.8,6,-257.736,-3.504,-104.065
3430.6,73.29,59.9,0.0,-1.4,6,-255.985,-3.458,-101.717
3430.6,73.42,59.9,0.0,-1.0,6,-253.362,-3.391,-98.183
3430.6,73.51,60.0,0.0,-0.9,6,-251.618,-3.345,-95.819
3430.6,73.65,60.0,0.0,-1.1,6,-249.005,-3.278,-92.261
3445.3,73.74,60.0,0.0,-1.2,6,-247.266,-3.233,-89.882
3445.3,73.87,60.0,0.0,-1.0,6,-244.661,-3.168,-86.302
3445.3,73.95,60.1,0.0,-0.5,6,-242.927,-3.126,-83.909
3445.3,74.08,60.1,0.0,0.7,6,-240.327,-3.061,-80.309
3460.1,74.17,60.1,0.0,1.2,6,-238.595,-3.019,-77.904
3460.1,74.30,60.2,0.0,1.7,6,-235.991,-2.955,-74.291
3460.1,74.38,60.2,0.0,1.1,6,-234.249,-2.912,-71.882
3460.1,74.50,60.2,0.0,1.8,6,-231.625,-2.847,-68.268
3475.0,74.59,60.2,0.0,2.9,6,-229.866,-2.804,-65.860
3475.0,74.71,60.2,0.0,4.1,6,-227.211,-2.736,-62.254
3475.0,74.82,60.2,0.0,4.9,6,-224.528,-2.665,-58.660
3475.0,74.87,40.4,16.5,4.9,6,-222.720,-2.618,-56.274
3489.9,74.36,0.0,45.1,5.2,6,-219.984,-2.546,-52.726
3489.9,73.80,0.0,51.8,5.2,6,-218.151,-2.499,-50.396
3489.9,72.91,0.0,46.7,5.1,6,-215.394,-2.430,-46.964
3489.9,72.36,0.0,38.5,5.8,6,-213.548,-2.384,-44.719
3504.6,71.67,0.0,23.3,5.8,6,-210.759,-2.315,-41.419
3504.6,71.32,0.0,12.5,3.5,6,-208.883,-2.270,-39.261
3504.6,70.94,0.0,1.5,5.6,6,-206.037,-2.202,-36.082
3504.6,70.77,9.2,0.0,6.9,6,-204.115,-2.155,-33.999
3518.7,70.59,17.2,0.0,8.2,6,-201.195,-2.086,-30.924
3518.7,70.47,12.1,0.0,9.0,6,-199.224,-2.041,-28.906
3518.7,70.17,2.1,24.5,9.4,6,-196.230,-1.974,-25.929
3518.7,69.45,0.0,54.7,8.9,6,-193.202,-1.905,-23.029
3546.1,68.83,61.3,0.0,15.3,6,-181.809,-1.667,-13.081
3546.1,68.89,56.5,0.0,18.7,6,-179.659,-1.635,-11.360
3546.1,68.99,58.6,0.0,22.1,6,-176.388,-1.596,-8.828
3546.1,69.05,58.7,0.0,23.1,6,-174.177,-1.575,-7.175
3560.0,69.12,58.7,0.0,22.9,6,-170.812,-1.550,-4.755
3560.0,69.16,58.8,0.0,22.3,6,-168.535,-1.533,-3.187
3560.0,69.20,58.8,0.0,22.3,6,-165.067,-1.505,-0.907
3560.0,69.23,54.8,0.0,23.5,6,-161.537,-1.473,1.282
3574.1,69.24,50.7,0.0,24.1,6,-159.151,-1.447,2.687
3574.1,69.23,55.5,0.0,25.2,6,-155.526,-1.404,4.717
3574.1,69.29,58.6,0.0,26.0,6,-153.082,-1.374,6.021
3574.1,69.32,56.6,0.0,29.6,6,-149.385,-1.342,7.920
3588.9,69.30,33.2,0.0,33.1,6,-146.896,-1.328,9.142
3588.9,69.11,21.3,0.0,39.5,6,-143.128,-1.299,10.888
3588.9,68.97,25.2,0.0,41.5,6,-140.597,-1.275,11.995
3588.9,68.76,21.3,0.0,42.2,6,-136.777,-1.237,13.570
3603.5,68.61,20.1,0.0,41.9,6,-134.215,-1.211,14.564
3603.5,68.37,17.6,0.0,41.2,6,-130.353,-1.171,15.968
3603.5,68.20,16.4,0.0,41.0,6,-127.766,-1.145,16.846
3603.5,67.93,14.0,0.0,41.3,6,-123.871,-1.109,18.076
3617.6,67.64,13.1,0.0,41.7,6,-119.961,-1.075,19.198
3617.6,67.44,8.3,0.0,42.6,6,-117.348,-1.051,19.884
3617.6,67.12,8.3,0.0,45.0,6,-113.422,-1.017,20.826
3617.6,66.90,8.3,0.0,46.4,6,-110.803,-0.995,21.394
3631.0,66.58,8.3,0.0,48.2,6,-106.871,-0.958,22.154
3631.0,66.37,8.2,0.0,49.3,6,-104.249,-0.932,22.601
3631.0,66.07,8.2,0.0,50.4,6,-100.319,-0.894,23.188
3631.0,65.85,8.2,0.0,49.8,6,-97.702,-0.868,23.521
3644.0,65.53,8.2,0.0,47.8,6,-93.781,-0.826,23.930
3644.0,65.33,8.1,0.0,45.7,6,-91.173,-0.796,24.145
3644.0,65.03,8.1,0.0,41.8,6,-87.269,-0.751,24.379
3644.0,64.84,10.2,0.0,38.4,6,-84.673,-0.721,24.477
3656.6,64.58,16.5,0.0,33.6,6,-80.791,-0.676,24.538
3656.6,64.44,20.8,0.0,30.3,6,-78.211,-0.645,24.519
3656.6,64.28,29.6,0.0,25.5,6,-74.352,-0.596,24.403
3656.6,64.22,43.4,0.0,20.5,6,-70.504,-0.547,24.185
3669.4,64.22,48.4,0.0,19.3,6,-67.943,-0.516,23.987
3669.4,64.27,46.1,0.0,18.0,6,-64.107,-0.469,23.609
3669.4,64.32,54.6,0.0,14.8,6,-61.554,-0.437,23.305
3669.4,64.42,56.7,0.0,10.9,6,-57.731,-0.379,22.765
3682.2,64.52,56.9,0.0,8.3,6,-55.185,-0.333,22.357
3682.2,64.74,56.7,0.0,3.3,6,-51.365,-0.273,21.695
3682.2,64.85,57.1,0.0,-0.8,6,-48.816,-0.245,21.227
3682.2,65.06,56.7,0.0,-3.7,6,-44.992,-0.212,20.478
3695.0,65.17,56.8,0.0,-4.8,6,-42.442,-0.189,19.952
3695.0,65.35,56.9,0.0,-2.2,6,-38.611,-0.150,19.145
3695.0,65.47,56.0,0.0,-0.8,6,-36.050,-0.123,18.612
3695.0,65.65,57.1,0.0,-5.1,6,-32.195,-0.084,17.828
3708.1,65.82,57.3,0.0,-6.6,6,-28.325,-0.047,17.071
3708.1,65.95,57.2,0.0,-6.7,6,-25.735,-0.027,16.585
3708.1,66.12,57.3,0.0,-6.3,6,-21.835,-0.001,15.889
3708.1,66.24,57.4,0.0,-6.3,6,-19.226,0.015,15.451
3721.3,66.40,57.5,0.0,-6.7,6,-15.295,0.038,14.837
3721.3,66.50,57.6,0.0,-7.0,6,-12.664,0.054,14.459
3721.3,66.66,57.7,0.0,-7.7,6,-8.704,0.080,13.942
3721.3,66.76,58.0,0.0,-8.2,6,-6.054,0.097,13.630
3734.8,66.91,58.0,0.0,-9.0,6,-2.066,0.124,13.216
3734.8,67.01,57.9,0.0,-10.1,6,0.602,0.144,12.977
3734.8,67.15,57.9,0.0,-11.8,6,4.616,0.178,12.683
3734.8,67.24,58.0,0.0,-12.0,6,7.299,0.204,12.530
3748.3,67.37,58.1,0.0,-12.2,6,11.334,0.247,12.370
3748.3,67.49,58.1,0.0,-11.3,6,15.379,0.292,12.295
3748.3,67.57,58.2,0.0,-11.4,6,18.080,0.325,12.296
3762.3,67.69,58.2,0.0,-11.4,6,22.136,0.379,12.371
3762.3,67.78,58.2,0.0,-11.2,6,24.843,0.418,12.472
3762.3,67.89,58.2,0.0,-10.6,6,28.906,0.483,12.702
3762.3,67.95,58.5,0.0,-10.4,6,31.615,0.527,12.903
3776.4,68.06,58.3,0.0,-12.8,6,35.678,0.585,13.267
3776.4,68.17,58.3,0.0,-15.4,6,38.388,0.618,13.551
3776.4,68.28,58.4,0.0,-17.0,6,42.451,0.669,14.051
3776.4,68.35,58.4,0.0,-16.9,6,45.156,0.705,14.435
3790.5,68.45,58.5,0.0,-15.5,6,49.206,0.762,15.088
3790.5,68.50,58.5,0.0,-14.4,6,51.901,0.800,15.575
3790.5,68.60,58.5,0.0,-13.8,6,55.933,0.856,16.385
3790.5,68.66,58.6,0.0,-13.8,6,58.614,0.895,16.977
3804.7,68.75,58.7,0.0,-13.9,6,62.620,0.954,17.946
3804.7,68.86,58.8,0.0,-14.4,6,66.609,1.013,19.006
3804.7,68.93,58.6,0.0,-14.6,6,69.258,1.052,19.761
3804.7,69.02,58.5,0.0,-14.4,6,73.216,1.111,20.968
3818.8,69.09,58.7,0.0,-13.4,6,75.842,1.150,21.822
3818.8,69.17,58.8,0.0,-12.8,6,79.760,1.210,23.179
3818.8,69.24,58.6,0.0,-12.8,6,82.358,1.249,24.132
3818.8,69.33,58.8,0.0,-13.1,6,86.233,1.307,25.636
3833.0,69.40,58.9,0.0,-13.0,6,88.800,1.347,26.688
3833.0,69.49,58.9,0.0,-12.0,6,92.624,1.408,28.340
3833.0,69.57,58.8,0.0,-11.4,6,95.157,1.449,29.489
3833.0,69.67,58.9,0.0,-10.6,6,98.927,1.512,31.285
3847.0,69.74,58.9,0.0,-10.2,6,101.421,1.555,32.529
3847.0,69.86,58.9,0.0,-9.7,6,105.136,1.620,34.463
3847.0,69.93,59.0,0.0,-9.4,6,107.593,1.664,35.794
3847.0,70.05,59.0,0.0,-9.1,6,111.252,1.729,37.854
3861.0,70.17,59.1,0.0,-9.0,6,114.876,1.794,39.988
3861.0,70.25,59.1,0.0,-9.0,6,117.273,1.838,41.450
3861.0,70.37,59.1,0.0,-9.1,6,120.840,1.902,43.701
3861.0,70.45,59.1,0.0,-9.3,6,123.198,1.944,45.240
3875.0,70.57,59.2,0.0,-9.5,6,126.706,2.003,47.603
3875.0,70.64,59.2,0.0,-9.3,6,129.024,2.042,49.217
3875.0,70.77,59.2,0.0,-9.6,6,132.467,2.098,51.693
3875.0,70.84,59.3,0.0,-9.5,6,134.742,2.133,53.380
3889.1,70.95,59.3,0.0,-9.5,6,138.118,2.183,55.967
3889.1,71.03,59.3,0.0,-9.8,6,140.345,2.215,57.728
3889.1,71.15,59.4,0.0,-10.0,6,143.651,2.256,60.423
3889.1,71.27,59.4,0.0,-9.2,6,146.914,2.289,63.181
3903.3,71.35,59.4,0.0,-8.3,6,149.064,2.306,65.054
3903.3,71.46,59.5,0.0,-5.8,6,152.252,2.329,67.916
3903.3,71.51,40.3,12.3,-4.6,6,154.351,2.342,69.858
3903.3,71.08,0.0,50.2,-3.1,6,157.457,2.359,72.806
3917.5,70.49,0.0,67.8,-1.7,6,159.489,2.369,74.780
3917.5,69.36,0.0,77.7,0.2,6,162.473,2.384,77.733
3917.5,68.55,0.0,79.2,1.0,6,164.421,2.394,79.689
3917.5,67.33,0.0,80.2,1.0,6,167.282,2.411,82.597
3931.3,66.51,0.0,100.0,0.5,6,169.153,2.423,84.513
3931.3,65.11,0.0,71.1,0.0,6,171.909,2.442,87.344
3931.3,64.38,0.0,70.7,0.1,6,173.715,2.456,89.202
3931.3,63.27,0.0,79.3,0.4,6,176.385,2.477,91.951
3944.2,62.47,0.0,82.1,0.5,6,178.139,2.490,93.756
3944.2,61.25,0.0,82.2,0.6,0,180.730,2.510,96.417
3944.2,60.44,24.1,83.4,0.6,0,182.431,2.522,98.160
3944.2,59.21,0.0,83.4,0.7,5,184.943,2.542,100.728
3956.3,57.99,0.0,83.4,0.9,5,187.408,2.560,103.238
3956.3,57.18,0.0,84.8,1.0,5,189.026,2.570,104.880
3956.3,55.94,0.0,85.1,1.0,5,191.415,2.584,107.294
3956.3,55.10,0.0,83.7,1.0,5,192.981,2.593,108.871
3967.6,53.82,0.0,89.9,0.9,5,195.293,2.607,111.185
3967.6,52.97,0.0,86.8,1.0,0,196.807,2.618,112.693
3967.6,51.73,0.0,89.2,1.0,4,199.042,2.635,114.904
3967.6,50.87,0.0,87.4,1.2,4,200.507,2.648,116.344
3978.1,46.93,0.0,82.2,3.4,4,207.556,2.729,123.126
3987.8,46.14,0.0,81.4,3.9,4,208.916,2.745,124.399
3987.8,45.02,0.0,76.7,4.9,4,210.926,2.770,126.256
3987.8,44.27,0.0,84.0,5.3,0,212.249,2.785,127.459
3987.8,43.13,0.0,78.9,5.7,3,214.205,2.806,129.207
3996.7,42.37,0.0,78.1,5.4,3,215.493,2.818,130.334
3996.7,41.25,0.0,63.9,3.9,3,217.399,2.835,131.968
3996.7,40.32,0.0,57.1,6.0,3,219.280,2.849,133.535
3996.7,39.75,0.0,52.8,6.2,3,220.527,2.856,134.542
4004.9,38.96,0.0,48.6,7.1,3,222.388,2.864,135.998
4004.9,38.47,0.0,46.0,7.8,3,223.624,2.868,136.932
4004.9,37.78,0.0,43.7,8.9,3,225.473,2.871,138.281
4004.9,37.33,0.0,42.0,10.0,3,226.702,2.873,139.146
4012.5,36.70,0.0,37.0,11.7,3,228.540,2.873,140.393
4012.5,36.31,0.0,36.2,11.8,3,229.763,2.872,141.192
4012.5,35.75,0.0,35.6,12.7,3,231.595,2.869,142.342
4012.5,35.36,0.0,38.9,13.4,3,232.814,2.866,143.076
4019.6,34.79,34.5,36.1,13.9,0,234.637,2.860,144.128
4019.6,34.41,0.0,36.6,14.0,2,235.851,2.855,144.795
4019.6,33.84,0.0,33.1,14.5,2,237.665,2.847,145.746
4019.6,33.48,0.0,26.4,15.1,2,238.872,2.841,146.345
4026.3,33.05,0.0,18.4,16.2,2,240.679,2.831,147.192
4026.3,32.71,0.0,13.1,18.7,2,242.489,2.821,147.979
4026.3,32.52,0.0,10.4,20.7,2,243.697,2.815,148.470
4032.7,32.27,0.0,6.6,23.7,2,245.515,2.805,149.157
4032.7,32.12,0.0,5.1,25.0,2,246.731,2.798,149.582
4032.7,31.92,0.0,4.1,26.3,2,248.562,2.787,150.167
4032.7,31.80,0.0,3.2,27.2,2,249.786,2.780,150.523
4038.7,31.62,0.0,2.5,28.5,2,251.627,2.769,151.003
4038.7,31.48,0.0,8.9,24.8,2,252.857,2.760,151.287
4038.7,31.24,0.0,5.6,20.8,2,254.702,2.747,151.659
4038.7,31.11,0.0,1.8,19.0,2,255.931,2.739,151.872
4045.2,30.93,0.0,4.8,19.3,2,257.773,2.727,152.138
4045.2,30.81,0.0,1.1,21.3,2,259.000,2.719,152.282
4045.2,30.68,4.2,0.0,28.8,2,260.837,2.709,152.449
4045.2,30.62,5.2,0.0,32.7,2,262.061,2.703,152.527
4051.8,30.50,4.1,0.0,36.6,2,263.893,2.694,152.590
4051.8,30.42,7.5,0.0,38.3,2,265.112,2.689,152.594
4051.8,30.31,5.7,0.0,39.7,2,266.933,2.684,152.540
4051.8,30.19,6.0,0.0,40.8,2,268.744,2.681,152.414
4058.7,30.10,2.2,0.0,42.4,2,269.943,2.680,152.289
4058.7,29.95,6.7,0.0,46.6,2,271.728,2.679,152.043
4058.7,29.86,6.7,0.0,49.3,2,272.907,2.680,151.839
4058.7,29.72,8.2,0.0,53.6,2,274.657,2.683,151.475
4066.9,29.61,6.2,0.0,55.7,2,275.809,2.687,151.191
4066.9,29.46,4.3,0.0,60.5,2,277.514,2.696,150.706
4066.9,29.35,3.9,0.0,65.2,2,278.633,2.703,150.345
4066.9,29.16,2.7,0.0,72.5,2,280.285,2.716,149.749
4075.2,29.02,6.9,0.0,77.4,2,281.365,2.726,149.317
4075.2,28.83,8.7,0.0,82.9,2,282.951,2.745,148.612
4075.2,28.71,8.3,0.0,80.7,2,283.984,2.762,148.105
4075.2,28.53,8.3,0.0,78.1,2,285.496,2.790,147.290
4081.9,28.42,8.3,0.0,76.5,2,286.478,2.811,146.714
4081.9,28.26,8.4,0.0,78.2,2,287.914,2.843,145.803
4081.9,28.10,8.3,0.0,73.9,2,289.304,2.875,144.840
4081.9,27.99,8.6,0.0,73.3,2,290.203,2.896,144.170
4088.1,27.83,9.4,0.0,71.1,2,291.509,2.930,143.122
4088.1,27.74,10.6,0.0,69.1,2,292.351,2.953,142.396
4088.1,27.62,14.2,0.0,65.3,2,293.569,2.989,141.269
4088.1,27.56,18.1,0.0,62.2,2,294.353,3.013,140.492
4093.7,27.52,27.8,0.0,56.6,2,295.485,3.050,139.290
4093.7,27.55,36.9,0.0,52.3,2,296.214,3.073,138.464
4093.7,27.69,56.3,0.0,45.4,2,297.268,3.107,137.187
4093.7,27.88,78.5,0.0,40.1,2,297.947,3.129,136.309
4099.1,28.19,60.8,0.0,30.3,2,298.936,3.159,134.949
4099.1,28.38,63.7,0.0,23.4,2,299.572,3.178,134.014
4099.1,28.63,60.2,0.0,13.7,2,300.491,3.205,132.573
4099.1,28.94,73.0,0.0,7.3,2,301.369,3.229,131.087
4104.6,29.22,78.2,0.0,5.3,2,301.935,3.245,130.071
4104.6,29.70,90.0,0.0,4.6,2,302.758,3.266,128.509
4104.6,30.06,91.0,0.0,5.2,2,303.294,3.279,127.442
4104.6,30.60,91.0,0.0,8.2,2,304.079,3.298,125.801
4110.4,30.96,91.0,0.0,10.4,2,304.592,3.310,124.683
4110.4,31.51,91.0,0.0,13.3,2,305.346,3.326,122.968
4110.4,31.87,91.0,0.0,14.8,2,305.837,3.337,121.800
4110.4,32.41,91.0,0.0,16.3,2,306.555,3.352,120.012
4116.7,32.76,91.0,0.0,16.8,2,307.019,3.363,118.795
4116.7,33.27,88.6,0.0,16.3,2,307.690,3.377,116.933
4116.7,33.62,91.0,0.0,16.2,2,308.119,3.386,115.667
4116.7,34.12,81.3,0.0,15.1,2,308.732,3.398,113.730
4123.3,34.40,73.4,0.0,13.7,2,309.117,3.406,112.415
4123.3,34.85,80.3,0.0,11.9,2,309.654,3.419,110.410
4123.3,35.24,62.1,0.0,12.1,2,310.143,3.433,108.365
4130.4,35.45,37.9,0.0,14.7,2,310.579,3.448,106.289
4130.4,35.58,48.6,0.0,16.8,2,310.838,3.458,104.893
4130.4,35.75,36.2,0.0,18.8,2,311.183,3.476,102.781
4130.4,35.78,14.1,2.3,21.5,2,311.384,3.489,101.364
4137.5,35.33,0.0,61.7,9.3,2,311.641,3.509,99.242
4137.5,34.58,0.0,32.4,-6.7,2,311.853,3.531,97.154
4137.5,34.20,0.0,56.9,-16.6,2,311.981,3.545,95.784
4137.5,33.38,0.0,63.1,-16.3,2,312.175,3.568,93.763
4144.2,32.77,0.0,96.5,-12.3,2,312.313,3.584,92.446
4144.2,31.58,0.0,72.4,-1.6,2,312.533,3.608,90.525
4144.2,30.82,0.0,62.7,6.6,2,312.684,3.624,89.285
4144.2,29.72,0.0,84.9,5.2,2,312.912,3.649,87.480
4150.3,28.98,0.0,65.7,3.6,2,313.066,3.665,86.315
4150.3,28.11,0.0,34.7,10.4,2,313.306,3.689,84.620
4150.3,27.75,0.0,28.1,18.4,2,313.470,3.704,83.515
4150.3,27.32,0.0,23.6,17.6,2,313.698,3.729,81.878
4155.8,27.06,0.0,21.1,13.7,2,313.833,3.745,80.799
4155.8,26.71,0.0,19.3,5.5,2,314.012,3.771,79.196
4155.8,26.37,0.0,18.8,-1.1,2,314.171,3.797,77.611
4155.8,26.15,0.0,18.7,-3.8,2,314.273,3.814,76.565
4161.0,25.83,0.0,17.0,-9.6,2,314.429,3.839,75.013
4161.0,25.63,0.0,15.8,-13.4,2,314.538,3.854,73.990
4161.0,25.36,40.4,16.0,-16.8,0,314.718,3.875,72.471
4161.0,25.16,0.0,16.7,-17.8,1,314.852,3.889,71.469
4166.0,24.84,0.0,15.3,-20.4,1,315.076,3.908,69.985
4166.0,24.63,0.0,13.9,-22.3,1,315.242,3.920,69.009
4166.0,24.34,0.0,11.9,-23.2,1,315.519,3.936,67.566
4166.0,24.16,0.0,11.6,-23.2,1,315.723,3.946,66.617
4170.8,23.90,0.0,9.8,-25.5,1,316.056,3.960,65.214
4170.8,23.66,0.0,8.3,-28.6,1,316.427,3.972,63.836
4170.8,23.51,0.0,7.8,-29.3,1,316.694,3.979,62.931
4170.8,23.28,0.0,9.5,-29.9,1,317.129,3.989,61.596
4175.5,23.12,0.0,7.9,-30.8,1,317.440,3.995,60.722
4175.5,22.90,0.0,6.7,-32.7,1,317.939,4.002,59.434
4175.5,22.76,0.0,6.0,-33.7,1,318.294,4.006,58.592
4175.5,22.55,0.0,11.3,-34.1,1,318.859,4.010,57.355
4180.0,22.37,0.0,11.6,-35.1,1,319.257,4.012,56.549
4180.0,22.10,0.0,11.8,-35.9,1,319.884,4.014,55.371
4180.0,21.92,0.0,13.3,-36.1,1,320.323,4.014,54.608
4180.0,21.64,0.0,14.1,-35.3,1,321.010,4.013,53.495
4184.2,21.45,0.0,13.4,-34.7,1,321.485,4.011,52.776
4184.2,21.17,0.0,12.1,-35.3,1,322.224,4.007,51.732
4184.2,21.00,0.0,10.6,-35.7,1,322.733,4.004,51.059
4184.2,20.76,0.0,9.8,-36.4,1,323.520,3.999,50.084
4188.4,20.52,0.0,10.0,-37.1,1,324.335,3.992,49.151
4188.4,20.37,0.0,3.5,-36.7,1,324.892,3.988,48.552
4188.4,20.29,15.9,0.0,-38.2,1,325.750,3.981,47.686
4188.4,20.36,33.1,0.0,-40.6,1,326.340,3.976,47.127
4192.2,20.55,36.6,0.0,-45.4,1,327.256,3.967,46.311
4192.2,20.66,32.5,0.0,-48.7,1,327.888,3.961,45.783
4192.2,20.80,36.4,0.0,-54.1,1,328.869,3.950,45.019
4192.2,20.93,44.2,0.0,-56.1,1,329.545,3.942,44.531
4196.4,21.17,44.8,0.0,-60.8,1,330.595,3.931,43.831
4196.4,21.33,50.2,0.0,-64.5,1,331.319,3.923,43.386
4196.4,21.62,51.9,0.0,-70.4,1,332.440,3.910,42.753
4196.4,21.76,38.6,0.0,-73.2,1,333.212,3.901,42.356
4200.9,21.82,23.1,0.0,-74.4,1,334.398,3.887,41.806
4200.9,21.84,21.1,0.0,-74.0,1,335.205,3.878,41.473
4200.9,21.85,19.2,0.0,-73.7,1,336.436,3.864,41.024
4205.7,21.83,18.4,0.0,-75.8,1,337.689,3.851,40.641
4205.7,21.82,19.7,0.0,-77.7,1,338.534,3.843,40.421
4205.7,21.81,19.2,0.0,-80.1,1,339.813,3.830,40.144
4205.7,21.80,18.8,0.0,-82.7,1,340.672,3.823,39.994
4210.6,21.77,16.7,0.0,-83.8,1,341.968,3.811,39.820
4210.6,21.74,15.6,0.0,-83.4,1,342.834,3.804,39.739
4210.6,21.69,16.1,0.0,-81.9,1,344.135,3.793,39.668
4210.6,21.66,17.4,0.0,-79.6,1,345.002,3.786,39.656
4215.8,21.65,20.1,0.0,-75.3,1,346.300,3.776,39.689
4215.8,21.64,19.7,0.0,-71.8,1,347.164,3.769,39.747
4215.8,21.66,23.1,0.0,-66.9,1,348.455,3.760,39.887
4215.8,21.70,31.5,0.0,-63.0,1,349.312,3.754,40.015
4221.0,21.90,52.6,0.0,-55.1,1,350.596,3.745,40.260
4221.0,22.13,58.3,0.0,-48.7,1,351.453,3.740,40.458
4221.0,22.49,56.6,0.0,-39.6,1,352.745,3.733,40.806
4221.0,22.86,59.0,0.0,-30.5,1,354.041,3.727,41.215
4226.5,23.14,67.4,0.0,-24.8,1,354.908,3.723,41.521
4226.5,23.66,69.5,0.0,-19.1,1,356.216,3.719,42.025
4226.5,24.06,81.7,0.0,-19.1,1,357.097,3.716,42.391
4226.5,24.71,84.1,0.0,-19.7,1,358.433,3.714,42.983
4232.3,25.14,80.7,0.0,-18.7,1,359.334,3.714,43.407
4232.3,25.80,83.9,0.0,-17.7,1,360.701,3.715,44.088
4232.3,26.24,85.1,0.0,-19.3,1,361.621,3.717,44.572
4232.3,26.91,87.1,0.0,-19.1,1,363.013,3.723,45.346
4238.1,27.34,81.7,0.0,-18.7,1,363.949,3.729,45.894
4238.1,28.00,87.2,0.0,-19.0,1,365.361,3.739,46.764
4238.1,28.42,85.5,0.0,-19.3,1,366.307,3.748,47.378
4238.1,29.01,79.2,0.0,-20.3,1,367.729,3.762,48.349
4243.9,29.38,81.2,0.0,-21.2,1,368.677,3.772,49.030
4243.9,29.87,71.9,0.0,-20.6,1,370.093,3.786,50.103
4243.9,30.18,69.1,0.0,-18.7,1,371.031,3.795,50.853
4243.9,30.65,73.5,0.0,-22.7,1,372.424,3.809,52.030
4249.7,31.10,68.4,0.0,-23.9,1,373.800,3.821,53.269
4249.7,31.38,74.1,0.0,-20.6,1,374.705,3.829,54.129
4249.7,31.53,0.0,0.0,-20.3,0,376.038,3.839,55.470
4249.7,31.69,90.3,0.0,-22.9,2,376.901,3.846,56.391
4255.6,32.20,87.6,0.0,-19.4,2,378.173,3.856,57.824
4255.6,32.52,86.0,0.0,-22.2,2,379.006,3.862,58.813
4255.6,32.98,83.8,0.0,-24.9,2,380.233,3.871,60.347
4255.6,33.27,79.3,0.0,-21.6,2,381.033,3.876,61.403
4261.9,33.67,78.9,0.0,-26.4,2,382.203,3.883,63.034
4261.9,33.90,68.4,0.0,-27.0,2,382.961,3.886,64.153
4261.9,34.28,70.9,0.0,-22.1,2,384.059,3.890,65.877
4261.9,34.53,77.2,0.0,-21.5,2,384.767,3.893,67.057
4268.5,34.95,76.5,0.0,-17.9,2,385.790,3.896,68.872
4268.5,35.38,87.5,0.0,-11.5,2,386.765,3.900,70.741
4268.5,35.69,83.7,0.0,-8.3,2,387.392,3.902,72.016
4268.5,36.16,89.0,0.0,-4.1,2,388.298,3.904,73.971
4275.4,36.48,90.7,0.0,-2.1,2,388.882,3.907,75.300
4275.4,36.95,84.6,0.0,-1.2,2,389.734,3.909,77.332
4275.4,37.34,89.2,0.0,-5.9,2,390.286,3.910,78.710
4275.4,37.76,91.2,0.0,-17.7,2,391.094,3.917,80.812
4282.7,38.10,91.3,0.0,-21.1,2,391.627,3.913,82.233
4282.7,38.33,0.0,0.0,-13.1,0,392.408,3.900,84.390
4282.7,38.40,69.2,0.0,-4.4,3,392.899,3.895,85.844
4282.7,38.79,83.0,0.0,4.9,3,393.601,3.891,88.050
4290.2,39.02,56.3,0.0,9.2,3,394.057,3.884,89.536
4290.2,39.46,89.1,0.0,11.0,3,394.724,3.871,91.793
4290.2,39.95,91.1,0.0,4.9,3,395.365,3.866,94.086
4290.2,40.25,91.1,0.0,-0.1,3,395.786,3.866,95.633
4298.0,40.75,91.1,0.0,-5.5,3,396.418,3.863,97.976
4298.0,41.06,91.1,0.0,-6.8,3,396.842,3.864,99.555
4298.0,41.58,91.1,0.0,-5.3,3,397.479,3.860,101.949
4298.0,41.94,91.1,0.0,-3.1,3,397.901,3.855,103.564
4306.1,42.39,91.1,0.0,-5.0,3,398.521,3.846,106.016
4306.1,42.63,91.1,0.0,-8.3,3,398.920,3.843,107.669
4306.1,43.11,91.1,0.0,-10.1,3,399.498,3.841,110.175
4306.1,43.39,91.1,0.0,-10.3,3,399.867,3.839,111.865
4314.5,43.83,91.2,0.0,-9.1,3,400.392,3.835,114.427
4314.5,44.10,91.2,0.0,-8.4,3,400.721,3.831,116.154
4314.5,44.54,91.2,0.0,-7.0,3,401.184,3.826,118.772
4314.5,44.82,91.2,0.0,-6.6,3,401.471,3.823,120.535
4323.3,45.24,91.2,0.0,-6.6,3,401.873,3.818,123.206
4323.3,45.67,91.2,0.0,-7.0,3,402.242,3.812,125.908
4323.3,45.94,91.2,0.0,-6.0,3,402.470,3.808,127.725
4332.2,46.36,91.2,0.0,-3.2,3,402.786,3.801,130.475
4332.2,46.64,91.2,0.0,-2.5,3,402.982,3.796,132.324
4332.2,47.06,91.2,0.0,-3.1,3,403.257,3.788,135.121
4332.2,47.33,91.3,0.0,-3.9,3,403.430,3.784,137.000
4341.5,47.74,91.3,0.0,-4.8,3,403.673,3.777,139.841
4341.5,48.00,91.3,0.0,-5.3,3,403.824,3.773,141.749
4341.5,48.53,91.3,0.0,-6.2,3,404.094,3.764,145.600
4341.5,48.79,91.3,0.0,-6.3,3,404.210,3.760,147.543
4351.0,49.17,91.3,0.0,-6.5,3,404.358,3.754,150.477
4351.0,49.42,91.3,0.0,-7.3,3,404.437,3.750,152.447
4351.0,49.79,91.4,0.0,-8.3,3,404.524,3.745,155.421
4351.0,50.03,91.4,0.0,-8.8,3,404.560,3.742,157.417
4360.9,50.38,91.4,0.0,-9.3,3,404.576,3.736,160.429
4360.9,50.62,91.4,0.0,-9.9,3,404.560,3.732,162.448
4360.9,50.97,91.4,0.0,-10.0,3,404.493,3.727,165.494
4360.9,51.19,91.5,0.0,-10.9,0,404.421,3.722,167.536
4370.9,51.16,91.2,0.0,-7.3,4,404.265,3.715,170.602
4370.9,51.38,91.2,0.0,-7.8,4,404.129,3.711,172.648
4370.9,51.71,91.2,0.0,-11.4,4,403.882,3.705,175.730
4370.9,51.92,91.1,0.0,-13.9,4,403.686,3.700,177.793
4381.2,52.22,90.4,0.0,-16.7,4,403.342,3.693,180.898
4381.2,52.47,66.0,0.0,-18.2,4,402.931,3.686,184.012
4381.2,52.55,65.8,0.0,-18.3,4,402.618,3.680,186.089
4381.2,52.76,82.2,0.0,-17.8,4,402.085,3.672,189.203
4391.7,52.92,79.4,0.0,-16.9,4,401.685,3.668,191.278
4391.7,53.15,70.5,0.0,-16.8,4,401.017,3.662,194.388
4391.7,53.31,64.5,0.0,-17.5,4,400.527,3.658,196.460
4391.7,53.54,56.0,0.0,-18.1,4,399.723,3.652,199.562
4402.6,53.69,54.5,0.0,-19.0,4,399.139,3.650,201.626
4402.6,53.92,55.0,0.0,-21.5,4,398.197,3.649,204.713
4402.6,54.07,56.1,0.0,-23.4,4,397.525,3.648,206.765
4402.6,54.22,33.5,0.0,-25.5,4,396.458,3.645,209.834
4414.0,54.26,35.0,0.0,-25.5,4,395.704,3.645,211.868
4414.0,54.42,54.2,0.0,-22.9,4,394.507,3.648,214.900
4414.0,54.53,45.2,0.0,-20.7,4,393.664,3.653,216.909
4414.0,54.65,46.4,0.0,-18.5,4,392.334,3.659,219.902
4425.9,54.76,49.8,0.0,-18.2,4,391.405,3.664,221.883
4425.9,54.96,49.7,0.0,-18.1,4,389.946,3.672,224.833
4425.9,55.14,53.1,0.0,-20.3,4,388.412,3.681,227.757
4425.9,55.29,58.6,0.0,-21.5,4,387.350,3.687,229.693
4437.3,55.53,51.0,0.0,-20.4,4,385.701,3.691,232.580
4437.3,55.65,45.6,0.0,-18.6,4,384.566,3.691,234.491
4437.3,55.87,57.9,0.0,-14.9,4,382.806,3.691,237.335
4437.3,56.04,59.1,0.0,-12.1,4,381.593,3.691,239.216
4448.3,56.31,59.4,0.0,-12.0,4,379.716,3.692,242.015
4448.3,56.50,59.6,0.0,-12.7,4,378.427,3.695,243.866
4448.3,56.77,59.9,0.0,-13.5,4,376.438,3.702,246.620
4448.3,56.95,60.0,0.0,-13.9,4,375.076,3.708,248.441
4459.4,57.23,60.1,0.0,-12.9,4,372.981,3.716,251.150
4459.4,57.41,60.1,0.0,-10.7,4,371.550,3.722,252.941
4459.4,57.68,60.1,0.0,-7.7,4,369.352,3.732,255.603
4459.4,57.87,60.1,0.0,-6.8,4,367.854,3.739,257.362
4470.7,58.15,60.1,0.0,-7.0,4,365.563,3.748,259.982
4470.7,58.44,60.3,0.0,-7.2,4,363.223,3.757,262.581
4470.7,58.63,60.6,0.0,-6.9,4,361.638,3.761,264.304
4482.4,58.91,60.2,0.0,-9.1,4,359.222,3.767,266.872
4482.4,59.08,60.0,0.0,-11.1,4,357.586,3.771,268.572
4482.4,59.35,60.0,0.0,-12.3,4,355.093,3.772,271.102
4482.4,59.53,60.0,0.0,-12.2,4,353.401,3.771,272.772
4494.2,59.76,60.5,0.0,-8.1,4,350.817,3.771,275.246
4494.2,59.94,62.0,0.0,-7.6,4,349.063,3.773,276.875
4494.2,60.22,60.1,0.0,-6.6,4,346.385,3.781,279.288
4494.2,60.44,61.8,0.0,-4.0,4,344.573,3.785,280.882
4506.2,60.72,60.1,0.0,-8.1,4,341.815,3.786,283.249
4506.2,60.91,60.2,0.0,-10.4,4,339.948,3.787,284.809
4506.2,61.18,60.2,0.0,-7.3,4,337.108,3.783,287.122
4506.2,61.32,59.8,0.0,-4.1,0,335.186,3.779,288.641
4518.4,61.25,89.4,0.0,-0.7,5,332.267,3.775,290.877
4518.4,61.49,79.7,0.0,0.6,5,329.311,3.770,293.072
4518.4,61.66,73.2,0.0,0.6,5,327.321,3.765,294.523
4518.4,61.91,63.5,0.0,0.3,5,324.316,3.759,296.693
4530.6,62.08,59.0,0.0,0.3,5,322.304,3.758,298.141
4530.6,62.32,59.1,0.0,1.3,5,319.276,3.755,300.322
4530.6,62.49,59.1,0.0,1.6,5,317.252,3.752,301.783
4530.6,62.73,59.2,0.0,1.6,5,314.211,3.749,303.988
4543.1,62.88,59.3,0.0,1.2,5,312.181,3.751,305.467
4543.1,63.12,59.4,0.0,0.7,5,309.132,3.755,307.700
4543.1,63.28,59.4,0.0,0.5,5,307.096,3.757,309.198
4543.1,63.52,59.5,0.0,0.3,5,304.036,3.761,311.457
4555.7,63.67,59.5,0.0,0.2,5,301.992,3.766,312.970
4555.7,63.90,59.6,0.0,0.3,5,298.918,3.772,315.249
4555.7,64.05,59.6,0.0,0.5,5,296.863,3.774,316.774
4555.7,64.29,59.7,0.0,1.0,5,293.773,3.776,319.070
4568.4,64.51,59.8,0.0,-0.4,5,290.673,3.776,321.377
4568.4,64.67,59.8,0.0,-0.3,5,288.602,3.775,322.921
4568.4,64.89,59.9,0.0,0.8,5,285.487,3.770,325.244
4568.4,65.04,59.9,0.0,0.9,5,283.404,3.767,326.798
4581.4,64.65,59.9,0.0,5.3,5,280.280,3.764,329.133
4581.4,64.76,59.8,0.0,8.8,5,278.208,3.756,330.685
4581.4,64.97,59.6,0.0,6.5,5,275.112,3.743,333.043
4581.4,65.10,60.0,0.0,5.0,5,273.060,3.744,334.642
4594.3,65.32,60.0,0.0,4.2,5,269.999,3.748,337.077
4594.3,65.46,59.8,0.0,4.0,5,267.969,3.749,338.725
4594.3,65.66,59.9,0.0,3.3,5,264.939,3.751,341.234
4594.3,65.80,59.9,0.0,3.2,5,262.929,3.752,342.927
4607.4,66.01,60.1,0.0,2.5,5,259.923,3.753,345.496
4607.4,66.15,60.3,0.0,2.0,5,257.925,3.755,347.226
4607.4,66.36,60.5,0.0,1.3,5,254.933,3.758,349.842
4607.4,66.57,60.4,0.0,4.4,5,251.944,3.763,352.482
4620.7,66.71,60.1,0.0,6.4,5,249.954,3.768,354.255
4620.7,66.92,60.1,0.0,6.0,5,246.978,3.775,356.940
4620.7,67.06,60.1,0.0,4.6,5,245.002,3.779,358.750
4620.7,67.27,60.1,0.0,1.5,5,242.054,3.786,361.497
4634.1,67.41,60.1,0.0,-0.1,5,240.099,3.793,363.349
4634.1,67.62,60.1,0.0,0.3,5,237.175,3.804,366.152
4634.1,67.84,60.1,0.0,0.6,5,234.252,3.811,368.974
4634.1,67.97,60.1,0.0,-1.0,5,232.301,3.816,370.864
4647.6,68.16,60.1,0.0,-0.8,5,229.369,3.822,373.706
4647.6,68.30,60.1,0.0,-2.0,5,227.407,3.826,375.603
4647.6,68.49,60.1,0.0,-1.7,5,224.451,3.828,378.449
4647.6,68.61,60.2,0.0,-1.6,5,222.471,3.829,380.345
4661.3,68.80,60.2,0.0,-1.4,5,219.484,3.827,383.186
4661.3,68.92,60.2,0.0,-1.9,5,217.483,3.824,385.078
4661.3,69.09,60.2,0.0,-1.7,5,214.465,3.821,387.912
4661.3,69.21,60.2,0.0,-0.6,5,212.443,3.821,389.799
4675.0,69.39,60.2,0.0,-1.0,5,209.395,3.817,392.627
4675.0,69.51,60.3,0.0,-0.7,5,207.354,3.813,394.512
4675.0,69.68,60.3,0.0,-0.8,5,204.281,3.808,397.338
4675.0,69.80,60.3,0.0,0.1,5,202.225,3.805,399.223
4688.9,69.97,60.2,0.0,0.9,5,199.131,3.800,402.053
4688.9,70.08,60.2,0.0,1.0,5,197.065,3.797,403.944
4688.9,70.25,60.1,0.0,0.8,5,193.962,3.793,406.788
4703.0,70.22,0.0,0.0,0.6,0,190.858,3.791,409.642
4703.0,70.27,86.3,0.0,0.6,6,188.793,3.788,411.547
4703.0,70.43,76.6,0.0,0.6,6,185.695,3.784,414.413
4703.0,70.54,70.2,0.0,0.4,6,183.629,3.782,416.331
4717.0,70.70,60.5,0.0,0.2,6,180.527,3.782,419.217
4717.0,70.81,59.2,0.0,0.3,6,178.456,3.782,421.147
4717.0,70.97,59.3,0.0,0.6,6,175.347,3.781,424.049
4717.0,71.08,59.3,0.0,0.4,6,173.272,3.779,425.989
4731.2,71.24,59.3,0.0,0.2,6,170.156,3.776,428.907
4731.2,71.35,59.4,0.0,-0.0,6,168.076,3.773,430.858
4731.2,71.50,59.4,0.0,0.3,6,164.953,3.771,433.792
4731.2,71.60,59.5,0.0,0.4,6,162.868,3.771,435.753
4745.5,71.76,59.5,0.0,0.2,6,159.737,3.772,438.701
4745.5,71.86,59.6,0.0,-0.0,6,157.648,3.773,440.672
4745.5,72.01,59.6,0.0,-0.2,6,154.510,3.776,443.635
4745.5,72.17,59.7,0.0,0.3,6,151.367,3.782,446.606
4759.9,72.27,59.7,0.0,0.4,6,149.268,3.787,448.590
4759.9,72.42,59.7,0.0,0.3,6,146.114,3.793,451.572
4759.9,72.52,59.7,0.0,0.7,6,144.008,3.796,453.565
4759.9,72.67,59.8,0.0,-0.0,6,140.847,3.801,456.560
4774.4,72.77,59.8,0.0,-0.4,6,138.736,3.806,458.561
4774.4,72.92,59.8,0.0,0.4,6,135.565,3.811,461.569
4774.4,73.01,59.8,0.0,0.2,6,133.448,3.814,463.578
4774.4,73.16,59.9,0.0,0.3,6,130.268,3.818,466.596
4789.0,73.25,59.9,0.0,0.5,6,128.145,3.820,468.612
4789.0,73.39,60.0,0.0,-1.8,6,124.956,3.825,471.642
4789.0,73.49,60.0,0.0,-2.1,6,122.825,3.827,473.665
4789.0,73.63,60.0,0.0,-1.9,6,119.618,3.830,476.696
4803.7,73.77,60.1,0.0,-1.3,6,116.394,3.833,479.722
4803.7,73.86,60.1,0.0,-1.1,6,114.234,3.833,481.735
4803.7,74.00,60.1,0.0,-1.2,6,110.978,3.833,484.748
4803.7,74.09,60.1,0.0,-0.9,6,108.799,3.832,486.753
4818.5,74.55,60.2,0.0,-0.5,6,97.809,3.809,496.759
4833.4,74.68,60.2,0.0,-0.4,6,94.486,3.800,499.759
4833.4,74.77,60.2,0.0,-0.3,6,92.266,3.791,501.760
4833.4,74.91,60.2,0.0,-0.2,6,88.929,3.776,504.764
4833.4,74.99,60.2,0.0,-0.1,6,86.699,3.764,506.767
4848.3,75.12,60.2,0.0,-0.1,6,83.348,3.745,509.776
4848.3,75.21,60.2,0.0,-0.1,6,81.110,3.732,511.783
4848.3,75.34,60.2,0.0,-0.1,6,77.747,3.711,514.797
4848.3,75.42,60.2,0.0,-0.1,6,75.501,3.697,516.809
4863.4,75.55,60.3,0.0,-0.1,6,72.127,3.676,519.831
4863.4,75.63,60.3,0.0,-0.1,6,69.875,3.661,521.847
4863.4,75.76,60.3,0.0,-0.1,6,66.490,3.637,524.876
4863.4,75.84,60.3,0.0,-0.1,6,64.230,3.621,526.897
4878.5,75.97,60.3,0.0,-0.3,6,60.835,3.595,529.932
4878.5,76.05,60.3,0.0,-0.2,6,58.568,3.576,531.957
4878.5,76.17,60.3,0.0,-0.5,6,55.160,3.546,534.997
4878.5,76.30,60.3,0.0,0.2,6,51.744,3.512,538.038
4893.7,76.38,60.3,0.0,0.3,6,49.462,3.489,540.066
4893.7,76.50,60.3,0.0,0.3,6,46.033,3.452,543.112
4893.7,76.58,60.3,0.0,0.3,6,43.745,3.426,545.144
4893.7,76.70,60.3,0.0,0.3,6,40.308,3.383,548.199
4909.0,76.77,60.3,0.0,0.3,6,38.016,3.353,550.240
4909.0,76.90,60.3,0.0,0.2,6,34.575,3.302,553.306
4909.0,76.97,60.3,0.0,0.2,6,32.279,3.263,555.355
4909.0,77.08,60.3,0.0,0.2,6,28.833,3.208,558.434
4924.4,77.17,60.3,0.0,0.2,6,26.535,3.168,560.491
4924.4,77.28,60.3,0.0,0.0,6,23.084,3.111,563.582
4924.4,77.35,60.3,0.0,0.0,6,20.782,3.072,565.647
4924.4,77.47,60.3,0.0,-0.0,6,17.326,3.012,568.748
4939.9,77.54,60.3,0.0,-0.4,6,15.019,2.972,570.819
4939.9,77.65,60.3,0.0,-0.3,6,11.555,2.913,573.929
4939.9,77.76,60.3,0.0,0.6,6,8.085,2.855,577.041
4939.9,77.83,60.3,0.0,0.0,6,5.768,2.817,579.118
4955.4,77.80,24.4,26.1,-0.9,6,2.290,2.763,582.235
4955.4,77.41,0.0,57.7,-0.9,6,-0.024,2.724,584.308
4955.4,76.33,0.0,78.4,-0.8,6,-3.464,2.662,587.386
4955.4,75.51,0.0,80.4,-0.4,6,-5.731,2.623,589.409
4970.8,74.26,0.0,81.7,-0.4,6,-9.090,2.568,592.397
4970.8,73.41,0.0,81.4,-0.6,6,-11.300,2.532,594.358
4970.8,72.16,0.0,79.2,-0.8,6,-14.573,2.479,597.252
4970.8,71.34,0.0,80.3,-0.8,6,-16.728,2.446,599.150
4985.4,70.10,0.0,80.4,-0.7,6,-19.918,2.399,601.951
4985.4,69.29,0.0,82.1,-0.8,6,-22.017,2.367,603.788
4985.4,68.05,0.0,80.0,-1.0,6,-25.125,2.316,606.496
4985.4,67.24,0.0,80.7,-1.1,6,-27.170,2.282,608.269
4999.2,66.02,0.0,77.9,-0.9,6,-30.198,2.232,610.883
4999.2,64.83,0.0,78.1,-1.0,6,-33.180,2.185,613.439
4999.2,64.04,0.0,78.3,-1.2,6,-35.143,2.155,615.112
5012.2,62.85,0.0,81.0,-1.4,6,-38.050,2.112,617.573
5012.2,62.05,0.0,81.6,-1.6,6,-39.963,2.084,619.182
5012.2,60.84,26.3,82.5,-1.7,0,-42.794,2.040,621.547
5012.2,60.04,0.0,82.9,-1.8,5,-44.656,2.011,623.091
5024.3,58.82,0.0,81.1,-2.0,5,-47.412,1.969,625.357
5024.3,58.02,0.0,81.2,-2.5,5,-49.225,1.941,626.835
5024.3,56.82,0.0,80.7,-3.4,5,-51.908,1.899,628.999
5024.3,56.03,0.0,80.7,-4.0,5,-53.675,1.872,630.406
5035.7,54.86,0.0,80.2,-4.6,5,-56.292,1.833,632.463
5035.7,54.07,0.0,80.0,-4.9,5,-58.017,1.808,633.796
5035.7,52.91,0.0,80.4,-5.0,5,-60.575,1.770,635.738
5035.7,52.15,26.3,80.6,-5.1,0,-62.263,1.744,636.992
5046.2,51.00,0.0,72.4,-4.3,4,-64.767,1.706,638.813
5046.2,49.97,0.0,60.6,-3.8,4,-67.244,1.669,640.558
5046.2,49.35,0.0,55.3,-3.8,4,-68.884,1.645,641.680
5046.2,48.51,0.0,51.4,-4.9,4,-71.332,1.611,643.303
5056.0,47.98,0.0,52.4,-5.9,4,-72.957,1.588,644.346
5056.0,47.15,0.0,56.7,-7.2,4,-75.382,1.555,645.852
5056.0,46.58,0.0,54.2,-8.1,4,-76.990,1.533,646.818
5056.0,45.78,0.0,48.2,-8.5,4,-79.387,1.501,648.210
5065.2,45.28,0.0,43.2,-5.5,4,-80.977,1.479,649.100
5065.2,44.64,0.0,33.0,-3.1,4,-83.351,1.448,650.382
5065.2,44.28,0.0,28.4,-5.6,4,-84.928,1.427,651.204
5065.2,43.82,0.0,22.9,-9.1,4,-87.290,1.394,652.392
5073.9,43.55,0.0,20.0,-10.1,4,-88.862,1.372,653.156
5073.9,43.09,0.0,39.0,-10.9,0,-91.218,1.340,654.258
5073.9,42.72,29.8,39.8,-10.5,0,-92.784,1.318,654.962
5073.9,42.02,0.0,42.8,-9.3,3,-95.120,1.287,655.970
5082.4,41.40,0.0,24.9,-8.7,3,-97.436,1.256,656.917
5082.4,41.12,0.0,17.4,-10.0,3,-98.975,1.237,657.515
5082.4,40.79,0.0,10.5,-12.9,3,-101.281,1.208,658.363
5082.4,40.62,0.0,8.2,-14.6,3,-102.819,1.188,658.898
5090.8,40.39,0.0,5.7,-16.5,3,-105.129,1.159,659.651
5090.8,40.25,0.0,5.9,-16.6,3,-106.672,1.140,660.120
5090.8,40.04,0.0,4.7,-17.1,3,-108.991,1.112,660.772
5090.8,39.90,0.0,7.5,-17.2,3,-110.539,1.093,661.173
5098.9,39.66,0.0,5.8,-16.7,3,-112.862,1.065,661.720
5098.9,39.52,0.0,7.2,-16.3,3,-114.412,1.047,662.049
5098.9,39.28,0.0,8.2,-16.4,3,-116.736,1.021,662.485
5098.9,39.13,0.0,5.2,-16.1,3,-118.283,1.004,662.740
5107.1,38.91,0.0,6.9,-15.4,3,-120.601,0.978,663.068
5107.1,38.76,0.0,6.1,-14.7,3,-122.144,0.962,663.250
5107.1,38.56,0.0,7.0,-14.4,3,-124.453,0.940,663.471
5107.1,38.33,0.0,6.8,-14.7,3,-126.755,0.919,663.629
5115.1,38.19,0.0,5.3,-15.0,3,-128.284,0.906,663.702
5115.1,37.98,0.0,8.8,-15.7,3,-130.568,0.887,663.764
5115.1,37.82,0.0,6.1,-16.0,3,-132.085,0.874,663.774
5115.1,37.61,0.0,7.9,-15.8,3,-134.348,0.855,663.741
5122.9,37.46,0.0,9.0,-15.6,3,-135.849,0.843,663.687
5122.9,37.24,0.0,5.3,-15.8,3,-138.086,0.826,663.558
5122.9,37.10,0.0,7.9,-16.4,3,-139.568,0.815,663.441
5122.9,36.87,0.0,5.8,-16.2,3,-141.776,0.799,663.219
5130.7,36.74,0.0,7.3,-16.4,3,-143.238,0.788,663.040
5130.7,36.52,0.0,7.7,-16.7,3,-145.414,0.773,662.725
5130.7,36.38,0.0,5.2,-16.2,3,-146.852,0.763,662.484
5130.7,36.19,0.0,5.3,-17.6,3,-148.991,0.750,662.077
5138.2,36.06,0.0,5.8,-21.1,3,-150.404,0.741,661.776
5138.2,35.87,0.0,2.7,-24.5,3,-152.504,0.729,661.277
5138.2,35.69,0.0,3.3,-27.2,3,-154.577,0.717,660.718
5138.2,35.57,0.0,0.9,-27.9,3,-155.943,0.709,660.311
5145.8,35.41,0.0,1.0,-27.8,3,-157.967,0.697,659.648
5145.8,35.30,0.0,2.5,-27.7,3,-159.298,0.690,659.170
5145.8,35.12,0.8,1.0,-26.9,3,-161.265,0.679,658.400
5145.8,35.00,0.1,8.8,-26.8,3,-162.556,0.673,657.850
5153.0,34.71,0.0,11.4,-26.2,0,-164.456,0.664,656.974
5153.0,34.55,35.3,10.1,-25.5,0,-165.697,0.658,656.357
5153.0,34.26,0.0,7.8,-23.8,2,-167.518,0.650,655.384
5153.0,34.09,0.0,2.4,-22.3,2,-168.704,0.645,654.705
5160.5,33.94,14.5,0.0,-20.9,2,-170.443,0.639,653.638
5160.5,33.94,26.4,0.0,-22.5,2,-172.139,0.634,652.512
5160.5,33.99,36.6,0.0,-26.4,2,-173.248,0.631,651.728
5167.6,34.12,38.0,0.0,-30.1,2,-174.883,0.628,650.502
5167.6,34.18,33.2,0.0,-31.9,2,-175.953,0.628,649.653
5167.6,34.31,46.1,0.0,-33.4,2,-177.527,0.627,648.334
5167.6,34.44,53.9,0.0,-31.4,2,-178.557,0.628,647.424
5174.9,34.71,63.2,0.0,-26.1,2,-180.074,0.629,646.010
5174.9,34.92,68.0,0.0,-26.6,2,-181.067,0.630,645.034
5174.9,35.28,73.5,0.0,-20.3,2,-182.529,0.633,643.519
5174.9,35.54,77.8,0.0,-20.9,2,-183.486,0.636,642.476
5182.1,35.93,72.3,0.0,-21.9,2,-184.894,0.641,640.860
5182.1,36.17,70.3,0.0,-18.4,2,-185.813,0.644,639.749
5182.1,36.49,61.1,0.0,-24.6,2,-187.157,0.650,638.034
5182.1,36.75,60.7,0.0,-31.5,2,-188.456,0.659,636.262
5189.3,36.94,77.2,0.0,-34.8,2,-189.295,0.666,635.051
5189.3,37.23,41.3,0.0,-36.1,2,-190.517,0.676,633.191
5189.3,37.18,6.3,9.6,-35.4,2,-191.301,0.683,631.925
5189.3,36.91,1.1,1.4,-33.7,2,-192.421,0.693,630.005
5196.5,36.81,25.4,0.0,-31.4,2,-193.129,0.700,628.711
5196.5,36.93,57.3,0.0,-26.3,2,-194.138,0.707,626.745
5196.5,37.10,75.8,0.0,-24.1,2,-194.781,0.710,625.411
5196.5,37.34,52.2,0.0,-19.8,2,-195.700,0.713,623.376
5203.5,37.48,76.2,0.0,-17.9,2,-196.281,0.713,621.997
5203.5,37.66,47.1,0.0,-18.4,2,-197.102,0.713,619.897
5203.5,37.78,55.6,0.0,-23.3,2,-197.614,0.711,618.478
5203.5,37.94,50.0,0.0,-23.2,2,-198.327,0.708,616.322
5210.5,38.06,58.3,0.0,-23.1,2,-198.764,0.707,614.867
5210.5,38.35,74.0,0.0,-36.4,2,-199.363,0.708,612.655
5210.5,38.53,35.8,0.0,-42.8,2,-199.895,0.709,610.410
5210.5,38.62,48.2,0.0,-48.4,2,-200.212,0.709,608.900
5218.0,38.62,18.4,0.0,-56.6,2,-200.632,0.709,606.620
5218.0,38.53,14.7,0.0,-56.2,2,-200.873,0.709,605.096
5218.0,38.39,12.9,0.0,-55.7,2,-201.180,0.709,602.808
5218.0,38.29,14.5,0.0,-52.4,2,-201.346,0.714,601.284
5225.6,38.17,20.8,0.0,-44.8,2,-201.540,0.724,598.999
5225.6,38.14,37.7,0.0,-39.3,2,-201.635,0.729,597.476
5225.6,38.27,47.9,0.0,-22.4,2,-201.722,0.738,595.186
5225.6,38.38,81.5,0.0,-5.9,2,-201.741,0.746,593.654
5233.3,38.55,15.4,0.0,20.6,2,-201.716,0.759,591.345
5233.3,38.51,11.0,0.0,38.9,2,-201.668,0.768,589.805
5233.3,38.37,9.9,0.0,46.3,2,-201.559,0.786,587.501
5233.3,38.45,68.2,0.0,39.2,2,-201.466,0.799,585.969
5241.0,38.80,54.9,0.0,21.0,2,-201.313,0.819,583.656
5241.0,38.79,2.5,10.3,8.2,2,-201.195,0.836,581.328
5241.0,38.58,0.0,20.3,5.7,2,-201.148,0.849,579.781
5241.0,38.15,0.0,28.7,7.8,2,-201.129,0.868,577.478
5248.7,37.80,0.0,29.7,10.6,2,-201.148,0.881,575.958
5248.7,37.34,0.0,13.5,14.7,2,-201.221,0.900,573.705
5248.7,37.13,0.0,13.0,16.7,2,-201.301,0.912,572.218
5248.7,36.82,0.0,11.1,19.0,2,-201.466,0.930,570.005
5256.3,36.63,0.0,8.2,20.1,2,-201.606,0.940,568.542
5256.3,36.38,0.0,5.4,21.3,2,-201.865,0.955,566.367
5256.3,36.22,0.0,6.5,20.9,2,-202.071,0.964,564.930
5256.3,35.98,0.0,8.0,19.0,2,-202.433,0.980,562.794
5263.7,35.80,0.0,8.6,17.0,2,-202.709,0.989,561.385
5263.7,35.55,0.0,7.1,16.5,2,-203.172,1.004,559.295
5263.7,35.31,0.0,9.7,16.8,2,-203.692,1.019,557.234
5263.7,35.10,0.0,32.0,17.0,2,-204.071,1.031,555.876
5271.3,34.58,0.0,28.0,17.7,2,-204.679,1.048,553.875
5271.3,34.25,0.0,66.1,18.0,2,-205.110,1.060,552.567
5271.3,33.39,0.0,49.8,17.0,2,-205.787,1.077,550.652
5271.3,32.89,0.0,36.9,15.6,2,-206.257,1.089,549.412
5278.5,32.32,0.0,25.5,13.7,2,-206.994,1.108,547.599
5278.5,32.02,0.0,18.2,13.6,2,-207.509,1.121,546.420
5278.5,31.67,0.0,13.1,15.6,2,-208.319,1.142,544.690
5278.5,31.47,0.0,15.9,17.7,2,-208.882,1.156,543.559
5286.1,31.13,0.0,19.1,21.1,2,-209.761,1.177,541.898
5286.1,30.88,0.0,19.9,22.8,2,-210.366,1.191,540.815
5286.1,30.52,0.0,14.6,23.8,2,-211.303,1.210,539.229
5292.9,30.21,0.0,11.1,24.5,2,-212.279,1.229,537.690
5292.9,30.03,0.0,8.7,25.1,2,-212.951,1.241,536.690
5292.9,29.80,0.0,4.7,26.3,2,-213.994,1.260,535.229
5292.9,29.67,0.0,3.4,27.4,2,-214.712,1.271,534.281
5300.0,29.49,0.0,1.5,29.2,2,-215.824,1.288,532.897
5300.0,29.38,0.0,0.2,30.4,2,-216.589,1.299,532.002
5300.0,29.24,1.1,0.0,32.4,2,-217.771,1.314,530.700
5300.0,29.14,0.3,0.1,33.8,2,-218.583,1.324,529.860
5306.2,29.01,5.6,0.0,35.9,2,-219.833,1.338,528.643
5306.2,28.94,7.9,0.0,37.0,2,-220.689,1.347,527.862
5306.2,28.84,7.4,0.0,38.4,2,-222.007,1.360,526.735
5306.2,28.79,15.3,0.0,39.4,2,-222.907,1.367,526.016
5312.2,28.77,23.1,0.0,41.0,2,-224.291,1.378,524.983
5312.2,28.77,25.0,0.0,42.3,2,-225.235,1.385,524.325
5312.2,28.80,30.6,0.0,44.7,2,-226.684,1.394,523.386
5312.2,28.85,30.1,0.0,48.0,2,-228.170,1.402,522.503
5318.2,28.86,27.0,0.0,50.8,2,-229.181,1.407,521.946
5318.2,28.85,22.9,0.0,54.6,2,-230.724,1.413,521.160
5318.2,28.84,24.5,0.0,56.9,2,-231.768,1.417,520.669
5318.2,28.82,22.8,0.0,60.3,2,-233.358,1.421,519.986
5324.4,28.80,20.5,0.0,62.4,2,-234.431,1.424,519.565
5324.4,28.75,19.4,0.0,65.4,2,-236.058,1.426,518.988
5324.4,28.70,17.5,0.0,67.1,2,-237.153,1.428,518.639
5324.4,28.62,15.8,0.0,68.8,2,-238.808,1.430,518.173
5330.3,28.56,14.4,0.0,69.9,2,-239.919,1.430,517.900
5330.3,28.45,12.3,0.0,71.6,2,-241.592,1.431,517.548
5330.3,28.36,11.4,0.0,72.5,2,-242.711,1.430,517.351
5330.3,28.24,11.0,0.0,72.5,2,-244.393,1.429,517.115
5336.1,28.15,10.7,0.0,72.3,2,-245.515,1.427,516.996
5336.1,28.02,10.5,0.0,72.0,2,-247.196,1.424,516.876
5336.1,27.90,11.2,0.0,71.0,2,-248.872,1.421,516.826
5336.1,27.82,11.5,0.0,70.2,2,-249.987,1.418,516.831
5341.9,27.70,12.1,0.0,68.9,2,-251.651,1.412,516.896
5341.9,27.63,13.3,0.0,67.7,2,-252.755,1.408,516.977
5341.9,27.54,16.0,0.0,65.1,2,-254.401,1.402,517.155
5341.9,27.50,18.1,0.0,63.0,2,-255.490,1.397,517.311
5347.6,27.46,23.7,0.0,59.5,2,-257.113,1.389,517.600
5347.6,27.47,29.3,0.0,57.3,2,-258.187,1.383,517.830
5347.6,27.53,37.2,0.0,54.2,2,-259.788,1.373,518.228
5347.6,27.61,44.3,0.0,52.2,2,-260.849,1.365,518.529
5353.3,27.79,59.9,0.0,48.5,2,-262.431,1.352,519.033
5353.3,28.00,76.4,0.0,45.2,2,-263.482,1.343,519.405
5353.3,28.39,68.4,0.0,38.9,2,-265.059,1.327,520.018
5353.3,28.61,69.6,0.0,34.7,2,-266.107,1.317,520.464
5359.1,28.95,74.3,0.0,29.2,2,-267.672,1.300,521.190
5359.1,29.35,73.7,0.0,26.6,2,-269.230,1.282,521.985
5359.1,29.59,73.4,0.0,25.6,2,-270.262,1.270,522.552
5359.1,29.99,78.1,0.0,24.3,2,-271.800,1.252,523.460
5365.4,30.28,82.6,0.0,24.9,2,-272.819,1.239,524.102
5365.4,30.73,81.8,0.0,27.1,2,-274.338,1.219,525.121
5365.4,31.04,84.4,0.0,28.3,2,-275.344,1.204,525.837
5365.4,31.50,81.3,0.0,29.0,2,-276.841,1.182,526.965
5371.9,31.80,84.8,0.0,29.1,2,-277.829,1.167,527.755
5371.9,32.25,79.3,0.0,29.0,2,-279.294,1.144,528.997
5371.9,32.53,76.4,0.0,28.8,2,-280.258,1.128,529.861
5371.9,32.94,74.7,0.0,28.7,2,-281.682,1.103,531.212
5378.7,33.21,78.6,0.0,29.2,2,-282.615,1.086,532.149
5378.7,33.59,71.0,0.0,29.7,2,-283.987,1.059,533.609
5378.7,33.94,71.4,0.0,29.0,2,-285.320,1.033,535.133
5378.7,34.18,77.4,0.0,29.0,2,-286.185,1.016,536.185
5386.3,35.43,75.7,0.0,33.4,2,-290.212,0.935,541.853
5393.7,35.74,61.4,0.0,36.9,2,-291.318,0.910,543.679
5393.7,35.89,54.2,0.0,39.1,2,-292.024,0.893,544.925
5393.7,36.08,48.3,0.0,43.7,2,-293.031,0.869,546.834
5393.7,36.17,42.1,0.0,47.4,2,-293.668,0.854,548.131
5402.0,36.25,33.4,0.0,53.0,2,-294.573,0.832,550.107
5402.0,36.27,28.6,0.0,55.8,2,-295.142,0.817,551.441
5402.0,36.25,23.9,0.0,58.8,2,-295.944,0.795,553.463
5402.0,36.21,21.9,0.0,59.5,2,-296.440,0.780,554.825
5410.4,36.13,19.8,0.0,56.7,2,-297.123,0.761,556.885
5410.4,36.09,20.7,0.0,53.5,2,-297.536,0.749,558.269
5410.4,36.04,24.3,0.0,48.5,2,-298.091,0.733,560.360
5410.4,36.07,37.8,0.0,45.7,2,-298.421,0.722,561.764
5418.1,36.16,40.5,0.0,39.8,2,-298.855,0.706,563.886
5418.1,36.27,53.6,0.0,35.5,2,-299.104,0.695,565.312
5418.1,36.58,86.0,0.0,28.1,2,-299.418,0.681,567.473
5426.1,37.09,91.1,0.0,19.6,2,-299.667,0.669,569.668
5426.1,37.41,91.2,0.0,14.9,2,-299.799,0.661,571.152
5426.1,37.91,91.2,0.0,8.1,2,-299.945,0.649,573.405
5426.1,38.26,91.2,0.0,5.3,2,-300.009,0.642,574.927
5433.9,38.77,91.2,0.0,5.2,2,-300.058,0.634,577.236
5433.9,39.12,91.2,0.0,6.9,2,-300.061,0.629,578.794
5433.9,39.63,91.2,0.0,10.2,2,-300.029,0.624,581.155
5433.9,39.96,91.2,0.0,12.0,2,-299.983,0.620,582.746
5441.9,40.45,91.3,0.0,13.2,2,-299.880,0.615,585.155
5441.9,40.77,91.3,0.0,13.5,2,-299.785,0.611,586.776
5441.9,41.24,91.3,0.0,13.4,2,-299.602,0.604,589.229
5441.9,41.54,91.3,0.0,13.5,2,-299.451,0.600,590.877
5450.0,41.99,91.4,0.0,14.2,0,-299.177,0.592,593.367
5450.0,41.98,0.0,0.0,13.5,0,-298.963,0.585,595.033
5450.0,42.28,91.1,0.0,12.8,3,-298.594,0.574,597.530
5450.0,42.69,91.1,0.0,14.7,3,-298.165,0.562,600.042
5458.2,42.98,91.1,0.0,14.9,3,-297.846,0.553,601.725
5458.2,43.37,91.2,0.0,16.3,3,-297.319,0.536,604.260
5458.2,43.66,91.2,0.0,16.9,3,-296.934,0.522,605.957
5458.2,44.05,91.2,0.0,16.2,3,-296.299,0.502,608.509
5466.8,44.32,91.2,0.0,14.0,3,-295.838,0.489,610.215
5466.8,44.73,91.2,0.0,11.8,3,-295.092,0.466,612.779
5466.8,44.98,91.2,0.0,11.4,3,-294.560,0.448,614.491
5466.8,45.39,91.2,0.0,7.7,3,-293.708,0.418,617.064
5475.7,45.66,91.2,0.0,5.6,3,-293.104,0.398,618.781
5475.7,46.07,91.2,0.0,4.3,3,-292.151,0.364,621.362
5475.7,46.35,91.2,0.0,5.1,3,-291.490,0.339,623.087
5475.7,46.78,91.2,0.0,5.2,3,-290.461,0.302,625.685
5484.8,47.06,91.2,0.0,4.7,3,-289.752,0.280,627.422
5484.8,47.46,91.3,0.0,4.5,3,-288.658,0.247,630.038
5484.8,47.77,91.4,0.0,4.1,0,-287.533,0.203,632.667
5484.8,47.89,0.0,0.0,2.2,0,-286.770,0.167,634.421
5494.3,48.15,90.0,0.0,-0.2,4,-285.596,0.116,637.050
5494.3,48.44,91.2,0.0,0.6,4,-284.793,0.080,638.804
5494.3,48.75,91.2,0.0,1.9,4,-283.561,0.025,641.445
5494.3,49.06,91.2,0.0,3.0,4,-282.722,-0.009,643.212
5504.0,49.45,91.2,0.0,4.1,4,-281.433,-0.054,645.871
5504.0,49.71,91.2,0.0,3.8,4,-280.556,-0.082,647.649
5504.0,50.09,91.1,0.0,3.1,4,-279.215,-0.119,650.324
5504.0,50.33,91.2,0.0,2.2,4,-278.305,-0.144,652.115
5513.9,50.68,91.2,0.0,1.1,4,-276.917,-0.186,654.810
5513.9,51.00,91.2,0.0,0.1,4,-275.976,-0.219,656.613
5513.9,51.43,91.3,0.0,-0.3,4,-274.530,-0.248,659.323
5513.9,51.70,91.2,0.0,0.6,4,-273.547,-0.264,661.136
5524.1,52.04,91.2,0.0,4.5,4,-272.044,-0.277,663.861
5524.1,52.34,91.3,0.0,7.0,4,-270.514,-0.290,666.593
5524.1,52.59,87.1,0.0,5.8,4,-269.480,-0.304,668.418
5524.1,52.94,86.7,0.0,3.5,4,-267.892,-0.328,671.157
5534.6,53.15,80.2,0.0,3.4,4,-266.807,-0.342,672.980
5534.6,53.47,70.5,0.0,4.9,4,-265.143,-0.360,675.711
5534.6,53.69,64.0,0.0,5.7,4,-264.011,-0.370,677.530
5534.6,54.02,59.0,0.0,6.2,4,-262.282,-0.385,680.259
5545.2,54.23,59.1,0.0,5.8,4,-261.108,-0.393,682.078
5545.2,54.55,59.2,0.0,4.9,4,-259.315,-0.402,684.803
5545.2,54.76,59.3,0.0,3.8,4,-258.098,-0.407,686.619
5545.2,55.08,59.4,0.0,2.7,4,-256.243,-0.412,689.342
5556.1,55.29,59.4,0.0,2.4,4,-254.989,-0.414,691.158
5556.1,55.61,59.5,0.0,1.9,4,-253.084,-0.419,693.885
5556.1,55.82,59.6,0.0,1.7,4,-251.801,-0.423,695.706
5556.1,56.13,59.7,0.0,1.4,4,-249.857,-0.428,698.445
5567.2,56.44,59.8,0.0,1.8,4,-247.892,-0.435,701.191
5567.2,56.65,59.8,0.0,2.3,4,-246.571,-0.441,703.026
5567.2,56.95,59.9,0.0,2.9,4,-244.570,-0.449,705.785
5567.2,57.16,60.0,0.0,3.1,4,-243.224,-0.455,707.627
5578.4,57.45,60.0,0.0,3.3,4,-241.183,-0.462,710.393
5578.4,57.65,60.0,0.0,3.6,4,-239.806,-0.466,712.238
5578.4,57.94,60.0,0.0,4.0,4,-237.717,-0.472,715.005
5578.4,58.13,60.0,0.0,4.3,4,-236.308,-0.474,716.849
5589.9,58.41,60.0,0.0,4.7,4,-234.167,-0.477,719.613
5589.9,58.60,60.0,0.0,4.8,4,-232.721,-0.478,721.452
5589.9,58.88,60.0,0.0,4.9,4,-230.523,-0.480,724.207
5589.9,59.06,60.0,0.0,5.0,4,-229.038,-0.481,726.039
5601.6,59.32,60.0,0.0,5.1,4,-226.780,-0.481,728.779
5601.6,59.50,60.0,0.0,5.1,4,-225.253,-0.479,730.600
5601.6,59.77,60.1,0.0,5.2,4,-222.932,-0.476,733.322
5613.7,60.02,60.1,0.0,5.3,4,-220.572,-0.470,736.031
5613.7,60.19,60.1,0.0,5.4,4,-218.977,-0.465,737.830
5613.7,60.44,60.1,0.0,5.2,4,-216.552,-0.453,740.515
5613.7,60.61,60.1,0.0,5.1,4,-214.914,-0.442,742.297
5626.0,60.85,59.9,0.0,5.1,0,-212.424,-0.424,744.957
5626.0,60.79,0.0,0.0,4.8,0,-210.745,-0.411,746.718
5626.0,60.95,82.9,0.0,3.9,5,-208.203,-0.389,749.338
5626.0,61.11,76.3,0.0,3.7,5,-206.488,-0.373,751.074
5638.4,61.35,66.6,0.0,3.9,5,-203.884,-0.346,753.665
5638.4,61.51,60.1,0.0,3.9,5,-202.129,-0.326,755.384
5638.4,61.75,58.8,0.0,4.7,5,-199.469,-0.298,757.951
5638.4,61.91,58.9,0.0,5.1,5,-197.678,-0.281,759.656
5651.1,62.13,59.0,0.0,4.9,5,-194.964,-0.257,762.201
5651.1,62.29,59.0,0.0,4.9,5,-193.135,-0.242,763.889
5651.1,62.52,59.1,0.0,5.1,5,-190.365,-0.227,766.407
5651.1,62.75,59.2,0.0,5.0,5,-187.561,-0.219,768.909
5663.7,62.90,59.2,0.0,5.0,5,-185.671,-0.216,770.565
5663.7,63.12,59.3,0.0,4.9,5,-182.806,-0.212,773.031
5663.7,63.27,59.4,0.0,4.8,5,-180.876,-0.208,774.662
5663.7,63.49,59.5,0.0,5.1,5,-177.950,-0.199,777.091
5676.7,63.64,59.5,0.0,5.5,5,-175.980,-0.195,778.698
5676.7,63.86,59.6,0.0,5.9,5,-172.995,-0.190,781.089
5676.7,64.01,59.6,0.0,6.2,5,-170.985,-0.189,782.670
5676.7,64.23,59.7,0.0,6.4,5,-167.940,-0.192,785.020
5689.8,64.37,59.7,0.0,6.5,5,-165.889,-0.195,786.571
5689.8,64.57,59.9,0.0,6.2,5,-162.777,-0.195,788.868
5689.8,64.71,59.8,0.0,6.8,5,-160.681,-0.194,790.380
5689.8,64.90,60.0,0.0,7.4,5,-157.502,-0.191,792.618
5703.0,65.10,60.0,0.0,6.9,5,-154.283,-0.190,794.821
5703.0,65.26,59.9,0.0,6.0,5,-152.115,-0.190,796.269
5703.0,65.45,60.1,0.0,4.8,5,-148.828,-0.187,798.406
5703.0,65.58,60.0,0.0,5.0,5,-146.614,-0.182,799.808
5716.4,65.78,60.1,0.0,6.0,5,-143.262,-0.171,801.879
5716.4,65.92,60.1,0.0,6.8,5,-141.009,-0.168,803.243
5716.4,66.13,60.1,0.0,7.4,5,-137.601,-0.167,805.261
5716.4,66.25,60.1,0.0,6.9,5,-135.308,-0.166,806.584
5729.9,66.45,60.1,0.0,6.4,5,-131.837,-0.163,808.533
5729.9,66.58,60.1,0.0,6.6,5,-129.503,-0.161,809.810
5729.9,66.76,60.1,0.0,6.5,5,-125.970,-0.161,811.686
5729.9,66.88,60.1,0.0,6.8,5,-123.594,-0.159,812.910
5743.4,67.07,60.1,0.0,7.6,5,-120.000,-0.156,814.708
5743.4,67.19,60.1,0.0,7.2,5,-117.585,-0.154,815.880
5743.4,67.36,60.1,0.0,7.5,5,-113.932,-0.150,817.595
5743.4,67.53,60.1,0.0,7.4,5,-110.245,-0.148,819.262
5757.1,67.65,60.1,0.0,7.5,5,-107.767,-0.146,820.344
5757.1,67.81,60.1,0.0,7.4,5,-104.023,-0.141,821.922
5757.1,67.92,60.1,0.0,7.3,5,-101.508,-0.136,822.943
5757.1,68.08,60.1,0.0,7.3,5,-97.708,-0.130,824.429
5770.8,68.20,60.1,0.0,7.3,5,-95.158,-0.126,825.389
5770.8,68.36,60.1,0.0,7.7,5,-91.306,-0.119,826.783
5770.8,68.47,60.2,0.0,7.8,5,-88.722,-0.116,827.682
5770.8,68.62,60.2,0.0,7.2,5,-84.820,-0.112,828.983
5784.5,68.73,60.2,0.0,7.0,5,-82.203,-0.107,829.816
5784.5,68.88,60.2,0.0,6.8,5,-78.254,-0.099,831.017
5784.5,68.99,60.2,0.0,6.8,5,-75.606,-0.094,831.785
5784.5,69.14,60.2,0.0,6.8,5,-71.612,-0.086,832.890
5798.2,69.24,60.2,0.0,7.3,5,-68.935,-0.081,833.593
5798.2,69.40,60.3,0.0,5.4,5,-64.900,-0.071,834.600
5798.2,69.56,60.3,0.0,4.7,5,-60.842,-0.061,835.550
5798.2,69.66,60.3,0.0,4.2,5,-58.124,-0.053,836.154
5812.0,69.82,60.3,0.0,3.8,5,-54.031,-0.038,837.019
5812.0,69.92,60.2,0.0,3.8,5,-51.291,-0.027,837.571
5812.0,70.08,60.1,0.0,3.7,5,-47.167,-0.008,838.366
5812.0,70.18,60.1,0.0,3.6,0,-44.409,0.007,838.875
5825.9,70.08,89.6,0.0,3.4,6,-40.266,0.031,839.608
5825.9,70.19,83.1,0.0,3.0,6,-37.500,0.046,840.076
5825.9,70.34,73.4,0.0,3.1,6,-33.339,0.069,840.749
5825.9,70.44,66.9,0.0,3.4,6,-30.556,0.085,841.179
5839.9,70.60,59.1,0.0,2.7,6,-26.371,0.109,841.795
5839.9,70.70,59.2,0.0,2.3,6,-23.572,0.127,842.188
5839.9,70.85,59.3,0.0,1.8,6,-19.364,0.157,842.753
5839.9,70.96,59.3,0.0,1.5,6,-16.552,0.176,843.117
5854.1,71.11,59.3,0.0,1.0,6,-12.323,0.202,843.645
5854.1,71.26,59.4,0.0,0.6,6,-8.083,0.230,844.157
5854.1,71.37,59.4,0.0,0.3,6,-5.250,0.248,844.492
-0.9,71.52,59.5,0.0,0.0,6,-0.993,0.278,844.988
