opponent,v3,Ricky Taylor,0,1771612999928
Game,version,date,track,car,event,laptime [s],S1 [s],S2 [s],S3 [s],S4+ [s]
LMU,1.2,2026-02-20 18:43:19,Silverstone Grand Prix Circuit - ELMS,Cadillac WTR 2025 #101:LM (Hyper),Live,108.383,0,0,0
Tracklen [m],TotalLaps
5869.1,4
,
,
lapdistance [m],speed [m/s],throttle [%],brake [%],steer [%],gear [int],world_x [m],world_y [m],world_z [m]
85.6,75.00,86.6,0.0,0.3,6,90.905,1.095,855.747
85.6,75.15,86.6,0.0,0.2,6,95.385,1.130,856.217
85.6,75.25,86.6,0.0,-0.0,6,98.376,1.152,856.530
100.6,75.39,86.6,0.0,-0.1,6,102.870,1.184,856.999
100.6,75.48,86.6,0.0,-0.0,6,105.871,1.205,857.311
100.6,75.61,86.7,0.0,0.7,6,110.379,1.236,857.778
115.7,75.75,86.7,0.0,0.8,6,114.896,1.270,858.244
115.7,75.84,86.7,0.0,0.4,6,117.912,1.293,858.552
115.7,75.98,86.7,0.0,-0.0,6,122.443,1.323,859.012
115.7,76.07,86.7,0.0,0.4,6,125.469,1.340,859.317
130.8,76.21,86.7,0.0,0.1,6,130.015,1.363,859.773
130.8,76.29,86.7,0.0,0.1,6,133.049,1.379,860.076
130.8,76.42,86.8,0.0,0.5,6,137.607,1.408,860.531
130.8,76.54,86.8,0.0,0.0,6,142.173,1.444,860.984
146.2,76.65,86.8,0.0,-0.1,6,145.222,1.463,861.285
146.2,76.77,86.8,0.0,0.2,6,149.802,1.492,861.736
146.2,76.86,86.8,0.0,0.2,6,152.860,1.511,862.034
146.2,76.98,86.8,0.0,0.0,6,157.453,1.538,862.481
161.5,77.08,86.8,0.0,0.0,6,160.520,1.554,862.778
161.5,77.19,86.9,0.0,0.1,6,165.126,1.582,863.223
161.5,77.28,86.9,0.0,0.3,6,168.201,1.602,863.519
161.5,77.40,86.9,0.0,0.4,6,172.819,1.633,863.963
177.0,77.49,86.9,0.0,0.6,6,175.903,1.655,864.260
177.0,77.61,86.9,0.0,0.7,6,180.534,1.686,864.703
177.0,77.68,86.9,0.0,-0.4,6,183.626,1.706,864.996
177.0,77.80,86.9,0.0,-1.0,6,188.270,1.733,865.433
192.5,77.88,86.9,0.0,-0.7,6,191.369,1.752,865.726
192.5,78.00,86.9,0.0,-0.7,6,196.025,1.782,866.170
192.5,78.12,86.9,0.0,-0.7,6,200.686,1.810,866.623
192.5,78.20,87.0,0.0,-0.7,6,203.797,1.828,866.930
208.1,78.32,87.1,0.0,-0.6,6,208.469,1.853,867.397
208.1,78.32,0.0,0.0,-0.1,0,211.586,1.869,867.714
208.1,78.24,72.6,0.0,0.5,7,216.256,1.898,868.195
208.1,78.26,68.2,0.0,0.7,7,219.368,1.920,868.520
223.8,78.28,61.2,0.0,0.9,7,224.039,1.953,869.009
223.8,78.28,62.4,0.0,1.1,7,227.153,1.974,869.335
223.8,78.31,70.0,0.0,1.1,7,231.825,2.007,869.820
223.8,78.32,58.7,8.8,1.0,7,234.942,2.031,870.140
239.4,77.88,0.0,58.3,0.7,7,239.609,2.066,870.612
239.4,77.18,0.0,76.4,0.6,7,242.697,2.086,870.920
239.4,75.85,0.0,85.0,0.7,7,247.270,2.111,871.366
239.4,74.92,0.0,86.7,0.9,7,250.273,2.126,871.653
254.7,73.49,0.0,87.5,1.6,7,254.710,2.149,872.067
254.7,72.54,31.6,90.2,2.0,0,257.620,2.164,872.330
254.7,71.09,0.0,94.4,2.1,6,261.916,2.188,872.705
254.7,69.59,0.0,91.4,2.5,6,266.124,2.212,873.053
269.0,68.62,0.0,89.5,2.5,6,268.881,2.226,873.267
269.0,67.18,0.0,85.4,1.8,6,272.947,2.245,873.559
269.0,66.26,0.0,83.5,1.7,6,275.612,2.257,873.734
269.0,64.92,0.0,78.8,2.5,0,279.543,2.272,873.962
282.3,64.11,40.4,65.1,2.8,0,282.121,2.281,874.091
282.3,62.98,0.0,70.1,3.8,5,285.934,2.295,874.244
282.3,62.22,0.0,62.0,4.3,5,288.438,2.303,874.322
282.3,61.18,0.0,46.7,4.5,5,292.140,2.315,874.394
294.8,60.63,0.0,31.1,5.6,5,294.577,2.326,874.411
294.8,60.05,0.0,15.5,7.4,5,298.197,2.341,874.386
294.8,59.77,0.0,14.2,8.4,5,300.593,2.350,874.335
294.8,59.36,0.0,11.6,10.2,5,304.165,2.367,874.202
306.7,59.00,0.0,5.1,10.9,5,307.710,2.386,874.000
306.7,58.81,0.0,2.5,11.1,5,310.061,2.400,873.826
306.7,58.57,0.0,0.7,12.4,5,313.568,2.422,873.508
306.7,58.42,3.3,0.0,13.6,5,315.894,2.437,873.256
318.3,58.24,14.7,0.0,15.1,5,319.367,2.458,872.819
318.3,58.13,10.8,0.0,15.9,5,321.671,2.472,872.488
318.3,57.93,3.2,0.0,17.6,5,325.108,2.494,871.930
318.3,57.78,3.9,0.0,18.6,5,327.385,2.507,871.518
329.8,57.57,5.8,0.0,19.3,5,330.779,2.525,870.839
329.8,57.44,19.3,0.0,19.2,5,333.026,2.536,870.345
329.8,57.29,24.8,0.0,18.9,5,336.372,2.552,869.538
329.8,57.22,29.1,0.0,18.8,5,338.587,2.563,868.956
341.4,57.11,29.5,0.0,19.2,5,341.886,2.579,868.018
341.4,57.03,26.5,0.0,20.0,5,344.068,2.589,867.349
341.4,56.89,17.7,0.0,21.9,5,347.315,2.604,866.279
341.4,56.78,19.9,0.0,24.1,5,349.459,2.615,865.523
353.1,56.63,25.6,0.0,25.4,5,352.644,2.631,864.326
353.1,56.54,24.3,0.0,25.8,5,354.746,2.642,863.486
353.1,56.39,18.7,0.0,26.9,5,357.866,2.660,862.164
388.7,57.15,78.6,0.0,26.5,5,387.892,2.840,844.300
400.9,57.25,80.6,0.0,25.9,5,389.691,2.851,842.887
400.9,57.32,45.2,0.0,25.3,5,392.353,2.868,840.710
400.9,57.28,30.8,5.3,25.2,5,394.963,2.884,838.471
400.9,57.12,2.7,4.0,26.2,5,396.670,2.895,836.947
412.6,56.98,72.4,0.0,26.4,5,399.174,2.912,834.617
412.6,57.07,69.7,0.0,24.0,5,400.813,2.924,833.030
412.6,56.96,4.0,2.7,20.4,5,403.225,2.941,830.601
412.6,56.79,23.9,0.0,18.0,5,404.795,2.952,828.955
424.2,56.84,79.4,0.0,13.3,5,407.097,2.968,826.443
424.2,56.98,84.9,0.0,12.2,5,408.602,2.978,824.735
424.2,57.19,85.0,0.0,11.9,5,410.819,2.991,822.126
424.2,57.33,85.0,0.0,11.4,5,412.269,2.997,820.354
435.6,57.56,85.0,0.0,11.2,5,414.402,3.009,817.647
469.9,60.01,85.4,0.0,11.0,5,434.810,3.228,783.380
469.9,60.14,85.9,0.0,13.5,5,436.247,3.261,780.075
481.8,60.19,85.5,0.0,15.8,5,437.177,3.279,777.855
481.8,60.41,36.4,0.0,6.9,5,438.536,3.290,774.502
481.8,60.41,68.0,0.0,1.7,5,439.402,3.299,772.247
481.8,60.56,85.8,0.0,-1.8,5,440.631,3.328,768.833
493.8,60.72,85.7,0.0,-1.9,5,441.415,3.349,766.537
493.8,61.00,85.6,0.0,1.2,5,442.549,3.378,763.067
493.8,61.11,85.8,0.0,3.9,5,443.281,3.395,760.737
493.8,61.33,70.3,0.0,6.1,5,444.346,3.422,757.222
505.8,61.42,78.8,0.0,6.1,5,445.038,3.441,754.867
505.8,61.65,85.7,0.0,4.5,5,446.054,3.466,751.318
505.8,61.82,85.8,0.0,3.1,5,446.715,3.482,748.939
505.8,62.08,85.0,0.0,3.9,5,447.683,3.509,745.350
518.0,62.23,84.9,0.0,4.4,5,448.311,3.529,742.945
518.0,62.48,85.7,0.0,5.8,5,449.231,3.558,739.320
518.0,62.64,86.0,0.0,6.2,5,449.829,3.577,736.892
518.0,62.82,86.2,0.0,6.3,5,450.697,3.612,733.230
530.4,63.03,86.2,0.0,5.8,5,451.530,3.644,729.546
530.4,63.22,86.1,0.0,4.2,5,452.067,3.657,727.079
530.4,63.45,86.0,0.0,2.7,5,452.832,3.680,723.356
530.4,63.61,86.0,0.0,2.7,5,453.314,3.701,720.861
543.1,63.84,86.1,0.0,3.7,5,454.002,3.732,717.101
543.1,64.01,86.1,0.0,3.9,5,454.442,3.750,714.582
543.1,64.25,86.1,0.0,3.1,5,455.077,3.774,710.788
543.1,64.40,86.2,0.0,2.4,5,455.482,3.791,708.248
555.8,64.63,86.2,0.0,1.9,5,456.066,3.822,704.422
555.8,64.78,86.3,0.0,1.8,5,456.443,3.843,701.862
555.8,65.02,86.3,0.0,1.3,5,456.993,3.873,698.008
555.8,65.17,86.3,0.0,0.9,5,457.350,3.895,695.429
568.7,65.40,86.4,0.0,1.0,5,457.876,3.928,691.548
568.7,65.56,86.4,0.0,1.1,5,458.221,3.950,688.952
568.7,65.78,86.4,0.0,1.0,5,458.732,3.984,685.045
568.7,65.93,86.4,0.0,1.0,5,459.068,4.006,682.433
581.7,66.16,86.5,0.0,1.2,5,459.565,4.039,678.502
581.7,66.31,86.5,0.0,1.3,5,459.892,4.061,675.873
581.7,66.53,86.5,0.0,1.2,5,460.377,4.095,671.918
581.7,66.68,86.6,0.0,1.2,5,460.696,4.118,669.274
594.9,66.90,86.6,0.0,1.1,5,461.166,4.151,665.295
594.9,67.12,86.6,0.0,1.2,5,461.627,4.184,661.301
594.9,67.26,86.6,0.0,1.3,5,461.928,4.206,658.631
594.9,67.48,86.7,0.0,1.4,5,462.371,4.240,654.613
608.3,67.62,86.7,0.0,1.3,5,462.661,4.264,651.928
608.3,67.83,86.7,0.0,1.4,5,463.086,4.298,647.887
608.3,67.97,86.7,0.0,1.2,5,463.362,4.321,645.185
608.3,68.18,86.8,0.0,1.4,5,463.766,4.354,641.121
621.8,68.32,86.8,0.0,1.6,5,464.028,4.376,638.404
621.8,68.52,86.8,0.0,1.6,5,464.410,4.410,634.317
621.8,68.66,86.8,0.0,1.5,5,464.658,4.433,631.585
621.8,68.86,86.8,0.0,1.2,5,465.019,4.466,627.476
635.5,69.00,86.9,0.0,1.1,5,465.251,4.488,624.729
635.5,69.19,86.9,0.0,1.0,5,465.588,4.520,620.598
635.5,69.32,86.9,0.0,1.0,5,465.805,4.541,617.836
635.5,69.52,87.0,0.0,1.0,5,466.121,4.574,613.684
649.3,69.64,87.0,0.0,1.0,5,466.325,4.597,610.908
649.3,69.84,87.0,0.0,1.0,5,466.622,4.629,606.735
649.3,69.97,87.0,0.0,0.9,5,466.814,4.651,603.946
649.3,69.96,0.0,0.0,0.9,0,467.095,4.684,599.755
663.3,70.07,85.8,0.0,0.7,6,467.366,4.716,595.565
663.3,70.19,85.8,0.0,0.8,6,467.541,4.738,592.766
663.3,70.37,85.9,0.0,1.0,6,467.799,4.769,588.557
663.3,70.50,85.9,0.0,0.1,6,467.966,4.789,585.745
677.4,70.68,85.9,0.0,-0.1,6,468.213,4.818,581.517
677.4,70.80,85.9,0.0,-0.2,6,468.376,4.836,578.692
677.4,70.98,86.0,0.0,0.2,6,468.619,4.861,574.446
677.4,71.10,86.0,0.0,0.3,6,468.781,4.876,571.609
735.0,73.04,86.3,0.0,0.8,6,471.453,4.995,524.116
735.0,73.15,86.3,0.0,0.4,6,471.614,4.994,521.197
735.0,73.33,86.3,0.0,-2.0,6,471.851,4.989,516.809
735.0,73.44,86.3,0.0,-2.6,6,472.009,4.985,513.878
749.7,73.60,86.4,0.0,-1.7,6,472.253,4.977,509.474
749.7,73.71,86.4,0.0,-0.7,6,472.423,4.970,506.533
749.7,73.89,86.4,0.0,0.1,6,472.691,4.956,502.113
764.5,74.05,86.4,0.0,-0.2,6,472.972,4.938,497.685
764.5,74.16,86.4,0.0,-0.4,6,473.164,4.924,494.727
764.5,74.33,86.4,0.0,-0.9,6,473.457,4.900,490.282
764.5,74.43,86.5,0.0,-0.2,6,473.655,4.883,487.313
779.3,74.59,86.5,0.0,0.1,6,473.955,4.857,482.853
779.3,74.70,86.4,0.0,1.5,6,474.157,4.840,479.875
779.3,74.82,74.1,0.0,1.9,6,474.458,4.816,475.399
779.3,74.88,71.9,0.0,1.0,6,474.654,4.802,472.412
794.3,74.96,67.6,0.0,-0.6,6,474.937,4.783,467.926
794.3,75.00,70.2,0.0,-1.1,6,475.120,4.769,464.933
794.3,75.08,70.4,0.0,-1.6,6,475.392,4.748,460.439
794.3,75.12,64.8,0.0,-2.2,6,475.575,4.735,457.440
809.3,75.16,60.9,0.0,-3.1,6,475.862,4.717,452.941
809.3,75.16,45.8,0.0,-3.6,6,476.065,4.701,449.941
809.3,75.00,7.3,0.5,-4.5,6,476.393,4.676,445.447
809.3,74.84,42.0,0.0,-5.4,6,476.758,4.656,440.968
824.2,74.83,60.8,0.0,-6.1,6,477.024,4.639,437.986
824.2,74.91,74.7,0.0,-6.2,6,477.462,4.611,433.516
824.2,74.95,76.5,0.0,-6.6,6,477.787,4.594,430.536
824.2,75.05,85.8,0.0,-7.2,6,478.327,4.573,426.069
839.2,75.14,85.1,0.0,-7.5,6,478.722,4.561,423.091
839.2,75.25,83.7,0.0,-7.4,6,479.371,4.542,418.627
839.2,75.30,82.7,0.0,-7.5,6,479.843,4.531,415.653
839.2,75.16,6.9,13.1,-8.4,6,480.609,4.514,411.202
854.1,74.87,0.0,10.3,-7.2,6,481.157,4.503,408.251
854.1,74.49,0.0,5.8,-6.1,6,482.035,4.486,403.857
854.1,74.26,0.0,5.8,-4.3,6,482.657,4.473,400.947
854.1,73.92,0.0,6.3,-3.0,6,483.642,4.450,396.611
868.8,73.70,0.0,6.2,-4.2,6,484.332,4.433,393.740
868.8,73.38,0.0,6.5,-6.9,6,485.409,4.399,389.461
868.8,73.15,0.0,6.3,-8.5,6,486.155,4.373,386.626
868.8,72.82,0.0,5.4,-10.0,6,487.318,4.329,382.404
883.3,72.60,0.0,5.7,-9.6,6,488.128,4.298,379.610
883.3,72.27,0.0,4.9,-7.1,6,489.397,4.250,375.453
883.3,71.95,0.0,5.8,-5.3,6,490.734,4.200,371.338
883.3,71.72,0.0,5.9,-5.1,6,491.664,4.165,368.619
897.8,71.39,0.0,5.2,-5.5,6,493.116,4.112,364.579
897.8,71.17,0.0,5.8,-6.6,6,494.120,4.076,361.910
897.8,70.86,0.0,3.6,-6.8,6,495.681,4.024,357.945
897.8,70.66,0.0,5.2,-5.4,6,496.754,3.990,355.326
912.5,70.37,0.0,4.2,-2.1,6,498.407,3.937,351.431
912.5,70.17,0.0,4.2,0.8,6,499.536,3.903,348.857
912.5,69.77,0.0,47.4,2.7,6,501.255,3.855,345.023
912.5,69.22,0.0,48.1,2.9,6,502.404,3.823,342.491
926.8,68.34,0.0,50.1,3.1,6,504.110,3.770,338.731
926.8,67.67,0.0,53.6,2.9,6,505.229,3.732,336.250
926.8,66.76,0.0,53.4,3.8,6,506.870,3.676,332.566
926.8,66.16,0.0,44.1,4.5,6,507.936,3.643,330.130
940.7,65.30,0.0,52.3,5.6,6,509.488,3.600,326.502
940.7,64.69,0.0,48.4,5.8,6,510.489,3.575,324.102
940.7,64.00,0.0,8.3,1.6,6,511.940,3.540,320.526
940.7,63.78,0.0,11.4,-0.3,6,512.877,3.517,318.147
953.6,63.34,0.0,27.7,0.3,6,514.244,3.486,314.586
953.6,62.75,0.0,26.8,2.3,0,515.576,3.458,311.043
953.6,62.41,37.2,49.1,5.1,0,516.447,3.440,308.696
953.6,61.55,0.0,50.6,11.9,5,517.723,3.418,305.201
966.0,60.95,0.0,48.3,13.2,5,518.543,3.405,302.891
966.0,60.13,0.0,27.3,6.2,5,519.714,3.391,299.452
966.0,59.69,0.0,41.3,5.7,5,520.455,3.382,297.171
966.0,58.97,0.0,8.2,1.3,5,521.504,3.368,293.770
977.7,58.80,26.5,0.0,-2.1,5,522.164,3.359,291.510
977.7,58.92,81.4,0.0,1.6,5,523.105,3.345,288.107
977.7,59.07,76.1,0.0,11.0,5,523.709,3.334,285.826
977.7,59.24,71.3,0.0,20.2,5,524.578,3.315,282.386
989.5,59.33,77.8,0.0,22.5,5,525.130,3.303,280.080
989.5,59.46,43.8,12.1,22.3,5,525.902,3.285,276.600
989.5,59.14,0.0,16.6,15.6,5,526.594,3.270,273.108
989.5,58.78,0.0,24.4,13.3,5,527.006,3.261,270.784
1002.1,58.23,0.0,10.4,7.8,5,527.553,3.246,267.317
1002.1,57.96,17.1,1.7,2.7,5,527.868,3.237,265.014
1002.1,57.83,43.3,0.0,2.0,5,528.266,3.226,261.565
1002.1,57.82,48.8,0.0,3.6,5,528.480,3.221,259.262
1014.8,57.89,67.5,2.1,9.3,5,528.730,3.218,255.800
1014.8,57.83,13.4,1.8,16.1,5,528.852,3.216,253.488
1014.8,57.73,39.4,0.0,28.0,5,528.973,3.212,250.024
1014.8,57.70,37.1,0.0,33.6,5,529.014,3.209,247.716
1026.9,57.73,57.6,0.0,35.9,5,529.011,3.206,244.253
1026.9,57.71,38.8,0.0,33.5,5,528.966,3.205,241.945
1026.9,57.64,51.7,0.0,34.6,5,528.827,3.204,238.487
1026.9,57.62,47.9,0.0,36.9,5,528.685,3.207,236.186
1038.6,57.54,39.3,0.0,36.0,5,528.396,3.214,232.743
1038.6,57.47,31.2,0.0,34.1,5,528.152,3.222,230.455
1038.6,57.33,31.6,0.0,31.8,5,527.714,3.234,227.039
1038.6,57.27,41.9,0.0,30.3,5,527.375,3.242,224.772
1050.1,57.22,43.5,0.0,28.6,5,526.796,3.254,221.387
1050.1,57.18,48.0,0.0,27.5,5,526.363,3.262,219.140
1050.1,57.19,55.0,0.0,25.2,5,525.639,3.279,215.786
1061.4,57.17,45.6,0.0,26.2,5,524.827,3.303,212.453
1061.4,57.15,41.3,0.0,26.8,5,524.241,3.320,210.243
1061.4,57.09,39.9,0.0,26.5,5,523.295,3.348,206.949
1061.4,57.07,40.8,0.0,24.5,5,522.621,3.368,204.768
1072.7,57.03,40.5,0.0,19.9,5,521.547,3.399,201.518
1072.7,57.01,38.9,0.0,14.1,5,520.791,3.420,199.366
1072.7,56.99,38.1,0.0,0.7,5,519.596,3.452,196.161
1072.7,57.02,59.9,0.0,-4.8,5,518.766,3.474,194.038
1084.3,57.26,84.7,0.0,-7.0,5,517.480,3.505,190.861
1084.3,57.44,84.8,0.0,-11.0,5,516.608,3.526,188.740
1084.3,57.68,85.0,0.0,-11.5,5,515.307,3.555,185.541
1084.3,57.86,84.9,0.0,-10.6,5,514.459,3.572,183.392
1095.9,58.10,85.1,0.0,-10.0,5,513.226,3.597,180.140
1095.9,58.24,81.7,0.0,-10.0,5,512.433,3.612,177.952
1095.9,58.46,81.7,0.0,-10.9,5,511.295,3.633,174.642
1095.9,58.51,38.8,34.1,-11.9,5,510.572,3.646,172.417
1107.6,57.81,0.0,90.6,-11.3,5,509.547,3.666,169.074
1107.6,56.94,0.0,64.8,-11.6,5,508.907,3.679,166.869
1107.6,55.74,0.0,93.0,-12.0,0,508.006,3.695,163.608
1107.6,54.52,0.0,66.5,-9.0,4,507.181,3.709,160.403
1118.8,53.84,0.0,13.5,-4.6,4,506.673,3.718,158.296
1118.8,53.15,0.0,34.1,4.3,4,505.981,3.730,155.160
1118.8,52.67,0.0,72.4,8.4,4,505.566,3.739,153.084
1118.8,51.67,0.0,74.9,11.8,4,505.008,3.749,150.001
1129.5,50.94,0.0,66.5,17.1,4,504.677,3.756,147.974
1129.5,49.96,0.0,58.1,29.4,4,504.241,3.765,144.977
1129.5,49.33,0.0,48.1,34.6,0,503.986,3.771,143.007
1129.5,48.55,0.0,40.2,46.0,3,503.660,3.777,140.088
1139.7,48.04,0.0,34.5,51.8,3,503.477,3.780,138.163
1139.7,47.31,0.0,31.1,56.8,3,503.249,3.784,135.311
1139.7,46.82,0.0,42.2,56.1,3,503.128,3.785,133.431
1139.7,46.05,0.0,45.4,42.5,3,502.991,3.785,130.647
1149.4,45.56,0.0,35.1,29.8,3,502.931,3.783,128.815
1149.4,44.90,0.0,24.7,11.5,3,502.892,3.775,126.100
1149.4,44.49,0.0,25.2,0.8,3,502.903,3.769,124.311
1149.4,43.90,0.0,24.3,-16.4,3,502.979,3.758,121.660
1158.5,43.34,0.0,54.2,-32.5,3,503.128,3.747,119.046
1158.5,42.79,0.0,54.8,-41.1,3,503.263,3.740,117.327
1158.5,41.91,0.0,39.4,-47.6,3,503.513,3.730,114.797
1158.5,41.44,0.0,24.1,-47.8,3,503.712,3.725,113.141
1167.4,40.90,0.0,22.1,-44.5,3,504.064,3.717,110.696
1167.4,40.53,0.0,20.0,-40.4,3,504.337,3.712,109.090
1167.4,40.03,0.0,20.0,-29.8,3,504.805,3.708,106.718
1167.4,39.74,0.0,19.6,-22.4,3,505.153,3.706,105.161
1175.9,39.21,0.0,18.8,-9.7,3,505.727,3.702,102.863
1175.9,38.94,0.0,18.8,-1.0,3,506.140,3.697,101.355
1175.9,38.40,51.9,31.2,17.1,0,506.794,3.678,99.124
1175.9,38.03,0.0,32.2,32.7,2,507.262,3.670,97.668
1183.9,37.54,0.0,22.2,51.3,2,508.006,3.664,95.525
1183.9,37.33,0.0,20.7,60.4,2,508.518,3.657,94.117
1183.9,36.84,0.0,22.5,67.8,2,509.302,3.639,92.033
1183.9,36.56,0.0,28.9,66.7,2,509.838,3.631,90.667
1192.0,36.01,0.0,30.5,58.4,2,510.655,3.615,88.649
1192.0,35.51,0.0,36.7,47.7,2,511.210,3.601,87.329
1192.0,34.74,0.0,34.7,28.2,2,512.059,3.589,85.399
1192.0,34.30,0.0,30.4,13.2,2,512.629,3.582,84.142
1199.7,33.83,0.0,35.5,-5.7,2,513.478,3.562,82.283
1199.7,33.17,0.0,38.8,-14.7,2,514.318,3.535,80.449
1199.7,32.58,0.0,31.7,-16.8,2,514.866,3.518,79.254
1199.7,31.92,0.0,40.5,-11.2,2,515.676,3.503,77.496
1206.6,31.51,0.0,49.9,-11.0,2,516.209,3.495,76.344
1206.6,31.16,37.7,48.8,-5.4,0,517.008,3.473,74.640
1206.6,30.89,0.0,53.6,-5.4,1,517.540,3.444,73.519
1206.6,29.45,0.0,60.5,4.9,1,518.335,3.403,71.890
1213.0,28.89,0.0,62.4,15.8,1,518.862,3.391,70.847
1213.0,27.92,0.0,64.9,13.8,1,519.640,3.373,69.329
1213.0,27.28,0.0,62.0,7.3,1,520.151,3.361,68.348
1213.0,26.33,0.0,51.3,1.5,1,520.906,3.342,66.926
1218.8,25.73,0.0,38.5,-2.9,1,521.402,3.329,66.009
1218.8,25.14,28.5,0.0,1.1,1,522.136,3.309,64.675
1218.8,25.36,59.8,75.0,-6.1,1,522.630,3.297,63.795
1218.8,24.74,0.0,75.0,-20.6,1,523.380,3.278,62.487
1237.0,19.20,0.0,32.5,-3.1,1,531.540,3.138,50.733
1237.0,18.65,0.0,39.8,10.6,1,532.252,3.129,49.848
1237.0,18.23,0.0,42.7,14.8,1,532.709,3.123,49.268
1240.7,17.56,0.0,45.9,14.5,1,533.365,3.114,48.416
1240.7,17.10,0.0,45.3,11.9,1,533.783,3.109,47.862
1240.7,16.40,0.0,47.5,11.8,1,534.383,3.101,47.054
1240.7,15.92,0.0,47.3,13.3,1,534.765,3.095,46.532
1244.0,15.20,0.0,46.3,15.5,1,535.310,3.087,45.772
1244.0,14.65,42.1,7.5,17.9,1,535.821,3.080,45.039
1244.0,14.88,73.7,0.0,19.0,1,536.152,3.074,44.552
1244.0,15.39,74.3,0.0,15.3,1,536.653,3.066,43.796
1253.8,20.82,70.6,0.0,18.1,1,542.154,2.949,34.038
1257.8,21.17,70.1,0.0,17.3,1,542.506,2.939,33.277
1257.8,21.70,69.3,0.0,12.2,1,543.032,2.923,32.104
1257.8,22.05,68.8,0.0,6.1,1,543.381,2.913,31.303
1257.8,22.57,68.1,0.0,12.5,1,543.909,2.896,30.074
1262.0,22.92,67.8,0.0,16.9,1,544.260,2.884,29.235
1262.0,23.43,67.4,0.0,20.4,1,544.779,2.866,27.947
1262.0,23.78,67.4,0.0,20.4,1,545.118,2.853,27.066
1262.0,24.30,66.8,0.0,19.9,1,545.613,2.833,25.713
1266.7,24.82,66.3,0.0,19.5,1,546.091,2.812,24.321
1266.7,25.16,65.8,0.0,19.0,1,546.399,2.797,23.370
1266.7,25.68,65.6,0.0,17.5,1,546.844,2.774,21.913
1266.7,26.02,64.8,0.0,17.3,1,547.129,2.759,20.919
1271.7,26.52,63.9,0.0,17.1,1,547.537,2.735,19.398
1271.7,26.86,63.7,0.0,16.7,1,547.796,2.719,18.363
1271.7,27.35,63.5,0.0,16.8,1,548.165,2.695,16.781
1271.7,27.68,62.7,0.0,16.8,1,548.397,2.678,15.705
1277.2,28.15,62.0,0.0,16.4,1,548.723,2.651,14.064
1277.2,28.47,61.9,0.0,16.1,1,548.924,2.633,12.950
1277.2,28.94,62.0,0.0,16.1,1,549.203,2.604,11.252
1277.2,29.24,62.3,0.0,15.9,1,549.371,2.585,10.101
1283.0,29.71,63.5,0.0,15.1,1,549.599,2.554,8.348
1283.0,30.03,64.2,0.0,14.8,1,549.733,2.534,7.162
1283.0,30.50,65.2,0.0,15.0,1,549.906,2.503,5.355
1283.0,30.83,66.4,0.0,15.4,1,550.002,2.482,4.133
1289.4,31.32,67.4,0.0,16.3,1,550.118,2.450,2.274
1289.4,31.63,67.2,0.0,17.5,1,550.176,2.428,1.017
1289.4,32.10,68.1,0.0,19.0,1,550.230,2.394,-0.893
1289.4,32.41,69.9,0.0,19.0,1,550.243,2.371,-2.182
1296.0,32.89,73.8,0.0,18.0,1,550.226,2.335,-4.140
1296.0,33.08,0.0,0.0,16.0,0,550.163,2.298,-6.121
1296.0,33.26,76.4,0.0,14.1,2,550.093,2.273,-7.444
1302.9,33.76,75.6,0.0,13.7,2,549.949,2.235,-9.448
1302.9,34.08,75.2,0.0,14.6,2,549.828,2.209,-10.798
1302.9,34.53,68.0,0.0,16.5,2,549.609,2.168,-12.844
1302.9,34.80,68.1,0.0,17.6,2,549.437,2.141,-14.219
1310.5,35.22,68.7,0.0,18.7,2,549.138,2.100,-16.297
1310.5,35.49,68.8,0.0,18.7,2,548.910,2.074,-17.692
1310.5,35.90,69.3,0.0,19.6,2,548.525,2.034,-19.797
1310.5,36.17,69.5,0.0,20.6,2,548.239,2.009,-21.209
1342.3,38.24,71.7,0.0,13.4,2,539.652,1.662,-44.894
1342.3,38.53,72.2,0.0,14.2,2,538.945,1.647,-46.256
1342.3,38.93,72.4,0.0,15.8,2,537.840,1.622,-48.299
1342.3,39.19,72.9,0.0,16.3,2,537.074,1.606,-49.660
1350.5,39.59,73.8,0.0,15.5,2,535.878,1.582,-51.697
1350.5,39.86,74.0,0.0,14.6,2,535.049,1.567,-53.052
1350.5,40.25,75.7,0.0,13.2,2,533.755,1.547,-55.077
1350.5,40.53,76.2,0.0,12.5,2,532.861,1.534,-56.422
1358.7,40.92,77.9,0.0,12.2,2,531.472,1.515,-58.431
1358.7,41.21,77.9,0.0,12.2,2,530.515,1.502,-59.765
1358.7,41.60,78.8,0.0,12.5,0,529.032,1.481,-61.757
1358.7,41.60,74.5,0.0,11.7,3,527.500,1.459,-63.728
1367.1,41.85,74.2,0.0,11.1,3,526.453,1.444,-65.026
1367.1,42.19,74.1,0.0,10.9,3,524.838,1.419,-66.961
1367.1,42.44,72.6,0.0,10.4,3,523.733,1.401,-68.242
1367.1,42.78,70.3,0.0,8.6,3,522.032,1.373,-70.150
1375.5,43.01,70.3,0.0,8.0,3,520.870,1.353,-71.412
1375.5,43.35,70.4,0.0,7.5,3,519.090,1.323,-73.294
1375.5,43.58,70.5,0.0,7.5,3,517.879,1.302,-74.540
1375.5,43.92,70.5,0.0,8.1,3,516.028,1.269,-76.400
1384.1,44.15,70.8,0.0,8.3,3,514.772,1.246,-77.635
1384.1,44.49,70.9,0.0,8.3,3,512.856,1.207,-79.477
1384.1,44.72,71.0,0.0,8.3,3,511.556,1.180,-80.699
1384.1,45.05,71.7,0.0,8.6,3,509.574,1.142,-82.520
1392.8,45.27,72.2,0.0,8.4,3,508.229,1.118,-83.725
1392.8,45.61,72.7,0.0,8.2,3,506.179,1.083,-85.521
1392.8,45.82,73.1,0.0,8.2,3,504.790,1.061,-86.709
1392.8,46.17,73.5,0.0,8.5,3,502.673,1.025,-88.480
1401.8,46.39,73.7,0.0,8.6,3,501.241,0.999,-89.651
1401.8,46.72,74.1,0.0,8.4,3,499.058,0.959,-91.392
1401.8,47.06,74.2,0.0,9.4,3,496.833,0.917,-93.113
1401.8,47.27,74.6,0.0,7.9,3,495.327,0.888,-94.247
1411.0,47.61,74.7,0.0,5.8,3,493.033,0.846,-95.931
1411.0,47.82,75.2,0.0,5.8,3,491.482,0.818,-97.041
1411.0,48.16,75.7,0.0,5.1,3,489.122,0.779,-98.691
1411.0,48.39,76.0,0.0,4.5,3,487.530,0.755,-99.781
1420.6,48.72,76.8,0.0,3.0,3,485.113,0.720,-101.405
1420.6,48.94,77.3,0.0,1.9,3,483.484,0.698,-102.483
1420.6,49.28,76.9,0.0,0.3,3,481.018,0.665,-104.095
1420.6,49.49,77.6,0.0,-0.3,3,479.362,0.644,-105.170
1430.4,49.84,81.9,0.0,-1.1,3,476.859,0.613,-106.785
1430.4,49.96,0.0,0.0,-1.8,0,475.181,0.592,-107.867
1430.4,50.04,71.5,0.0,-2.9,4,472.664,0.561,-109.494
1430.4,50.24,70.6,0.0,-3.7,4,470.982,0.543,-110.586
1440.6,50.49,70.8,0.0,-4.5,4,468.455,0.515,-112.242
1440.6,50.71,70.8,0.0,-4.9,4,466.767,0.497,-113.359
1440.6,50.95,70.9,0.0,-5.2,4,464.236,0.474,-115.058
1440.6,51.10,70.9,0.0,-5.5,4,462.550,0.459,-116.207
1451.0,51.39,71.4,0.0,-6.1,4,460.023,0.436,-117.958
1451.0,51.54,72.1,0.0,-6.9,4,458.342,0.418,-119.145
1451.0,51.80,72.0,0.0,-7.3,4,455.827,0.390,-120.956
1461.7,52.05,71.9,0.0,-7.7,4,453.324,0.364,-122.808
1461.7,52.22,71.9,0.0,-8.2,4,451.662,0.346,-124.067
1461.7,52.45,72.5,0.0,-8.1,4,449.185,0.322,-125.995
1461.7,52.62,72.5,0.0,-8.4,4,447.544,0.308,-127.306
1472.6,52.87,72.4,0.0,-8.8,4,445.097,0.290,-129.313
1472.6,53.04,72.5,0.0,-9.0,4,443.477,0.278,-130.676
1472.6,53.27,72.8,0.0,-9.9,4,441.065,0.261,-132.761
1472.6,53.43,73.2,0.0,-9.4,4,439.470,0.253,-134.179
1483.6,53.68,73.4,0.0,-7.1,4,437.098,0.243,-136.346
1483.6,53.84,73.6,0.0,-6.7,4,435.529,0.239,-137.816
1483.6,54.10,73.7,0.0,-7.6,4,433.194,0.233,-140.058
1483.6,54.27,73.9,0.0,-7.6,4,431.648,0.230,-141.576
1494.8,54.51,73.9,0.0,-6.9,4,429.346,0.223,-143.889
1494.8,54.67,74.0,0.0,-6.6,4,427.823,0.220,-145.454
1494.8,54.91,74.5,0.0,-6.7,4,425.558,0.214,-147.835
1494.8,55.08,74.8,0.0,-6.7,4,424.060,0.212,-149.446
1505.9,55.32,75.3,0.0,-6.5,4,421.833,0.211,-151.896
1505.9,55.56,75.9,0.0,-6.3,4,419.629,0.215,-154.386
1505.9,55.72,75.9,0.0,-6.2,4,418.172,0.219,-156.069
1505.9,55.98,76.1,0.0,-6.6,4,416.005,0.222,-158.624
1517.0,56.14,76.3,0.0,-6.6,4,414.572,0.222,-160.348
1517.0,56.38,76.8,0.0,-6.7,4,412.442,0.218,-162.966
1517.0,56.55,76.8,0.0,-6.7,4,411.037,0.215,-164.734
1517.0,56.78,77.0,0.0,-7.0,4,408.950,0.207,-167.417
1528.1,56.95,77.1,0.0,-7.0,4,407.573,0.199,-169.227
1528.1,57.18,77.9,0.0,-7.6,4,405.532,0.185,-171.975
1528.1,57.34,78.1,0.0,-8.3,4,404.188,0.175,-173.830
1528.1,57.59,78.1,0.0,-6.4,4,402.198,0.160,-176.645
1539.5,57.75,78.4,0.0,-5.8,4,400.888,0.147,-178.543
1539.5,57.98,78.9,0.0,-5.0,4,398.949,0.128,-181.422
1539.5,58.15,79.3,0.0,-4.8,4,397.672,0.114,-183.362
1539.5,58.39,79.2,0.0,-3.9,4,395.779,0.092,-186.300
1551.1,58.55,79.5,0.0,-3.5,4,394.530,0.078,-188.277
1551.1,58.79,79.7,0.0,-3.2,4,392.674,0.061,-191.268
1551.1,58.95,80.3,0.0,-3.1,4,391.447,0.052,-193.277
1551.1,59.20,80.5,0.0,-2.5,4,389.620,0.038,-196.313
1562.8,59.36,82.7,0.0,-2.3,4,388.409,0.029,-198.352
1562.8,59.62,84.3,0.0,-2.0,4,386.601,0.019,-201.429
1562.8,59.67,0.0,0.0,-1.7,0,384.805,0.013,-204.527
1562.8,59.73,73.5,0.0,-1.6,5,383.616,0.009,-206.597
1574.8,59.92,73.6,0.0,-3.6,5,381.841,0.005,-209.716
1574.8,60.05,73.7,0.0,-4.1,5,380.663,0.002,-211.807
1574.8,60.24,73.7,0.0,-3.8,5,378.910,-0.002,-214.960
1574.8,60.36,73.8,0.0,-3.0,5,377.750,-0.005,-217.075
1586.8,60.56,74.0,0.0,-2.1,5,376.027,-0.010,-220.267
1586.8,60.69,74.0,0.0,-1.9,5,374.887,-0.013,-222.407
1586.8,60.88,74.1,0.0,-1.3,5,373.191,-0.016,-225.635
1586.8,61.01,74.2,0.0,-0.1,5,372.066,-0.017,-227.798
1598.9,61.20,74.5,0.0,0.7,5,370.384,-0.020,-231.055
1598.9,61.33,74.5,0.0,0.7,5,369.262,-0.022,-233.233
1598.9,61.53,74.5,0.0,0.3,5,367.576,-0.026,-236.510
1598.9,61.65,74.6,0.0,0.0,5,366.448,-0.032,-238.700
1611.2,61.84,74.8,0.0,-0.2,5,364.749,-0.041,-241.992
1611.2,61.97,74.8,0.0,-0.3,5,363.614,-0.048,-244.192
1611.2,62.16,74.7,0.0,-0.4,5,361.906,-0.061,-247.501
1611.2,62.29,74.9,0.0,-0.7,5,360.765,-0.071,-249.713
1623.6,62.47,75.0,0.0,-0.9,5,359.052,-0.084,-253.040
1623.6,62.61,75.8,0.0,-1.0,5,357.910,-0.094,-255.265
1623.6,62.80,77.6,0.0,-0.7,5,356.196,-0.108,-258.613
1623.6,63.00,79.4,0.0,-0.4,5,354.483,-0.122,-261.976
1636.1,63.14,80.6,0.0,-0.2,5,353.341,-0.132,-264.225
1636.1,63.36,82.3,0.0,-0.1,5,351.629,-0.147,-267.611
1636.1,63.51,83.1,0.0,0.1,5,350.486,-0.157,-269.876
1636.1,63.75,84.6,0.0,0.2,5,348.768,-0.172,-273.285
1648.8,63.89,85.6,0.0,0.3,5,347.620,-0.182,-275.565
1648.8,64.13,86.2,0.0,0.1,5,345.893,-0.197,-278.995
1648.8,64.28,86.2,0.0,-0.0,5,344.738,-0.208,-281.288
1648.8,64.52,86.2,0.0,-0.1,5,343.000,-0.226,-284.738
1661.7,64.67,86.2,0.0,0.0,5,341.838,-0.238,-287.045
1661.7,64.90,86.3,0.0,0.2,5,340.089,-0.258,-290.517
1661.7,65.05,86.3,0.0,0.1,5,338.920,-0.271,-292.838
1661.7,65.28,86.4,0.0,-1.0,5,337.162,-0.291,-296.330
1674.6,65.43,86.4,0.0,-1.2,5,335.988,-0.307,-298.665
1674.6,65.66,86.4,0.0,-0.4,5,334.225,-0.333,-302.179
1674.6,65.79,86.4,0.0,-0.4,5,333.049,-0.348,-304.530
1674.6,66.02,86.5,0.0,-0.1,5,331.286,-0.366,-308.069
1687.8,66.17,86.5,0.0,-0.1,5,330.110,-0.380,-310.437
1687.8,66.39,86.5,0.0,-0.6,5,328.344,-0.403,-313.999
1687.8,66.53,86.5,0.0,-0.4,5,327.164,-0.420,-316.381
1687.8,66.75,86.6,0.0,-0.2,5,325.392,-0.443,-319.965
1701.1,66.89,86.6,0.0,-0.2,5,324.209,-0.458,-322.361
1701.1,67.10,86.6,0.0,0.0,5,322.432,-0.480,-325.966
1701.1,67.24,86.7,0.0,-0.1,5,321.245,-0.494,-328.376
1701.1,67.45,86.7,0.0,-0.5,5,319.462,-0.517,-332.002
1714.5,67.66,86.7,0.0,-0.5,5,317.675,-0.540,-335.639
1714.5,67.79,86.7,0.0,-0.4,5,316.483,-0.555,-338.071
1714.5,68.00,86.8,0.0,-0.2,5,314.692,-0.579,-341.730
1714.5,68.13,86.8,0.0,-0.1,5,313.497,-0.594,-344.176
1728.1,68.33,86.8,0.0,-0.0,5,311.704,-0.618,-347.856
1728.1,68.47,86.8,0.0,-0.1,5,310.507,-0.633,-350.316
1728.1,68.67,86.8,0.0,-0.2,5,308.709,-0.657,-354.016
1728.1,68.79,86.9,0.0,-0.2,5,307.509,-0.673,-356.489
1741.8,68.99,86.9,0.0,-0.2,5,305.706,-0.699,-360.208
1741.8,69.12,86.9,0.0,-0.2,5,304.502,-0.718,-362.694
1741.8,69.31,86.9,0.0,-0.2,5,302.694,-0.747,-366.432
1741.8,69.44,86.9,0.0,-0.1,5,301.486,-0.766,-368.930
1755.6,69.62,87.0,0.0,-0.1,5,299.673,-0.797,-372.686
1755.6,69.74,87.0,0.0,-0.2,5,298.463,-0.817,-375.196
1755.6,69.93,87.0,0.0,-0.2,5,296.644,-0.849,-378.971
1755.6,70.05,87.1,0.0,-0.2,0,295.429,-0.870,-381.493
1769.5,69.96,85.8,0.0,-0.0,6,293.608,-0.903,-385.277
1769.5,70.08,85.8,0.0,0.0,6,292.394,-0.924,-387.801
1769.5,70.26,85.9,0.0,0.0,6,290.571,-0.955,-391.596
1769.5,70.38,85.9,0.0,0.0,6,289.354,-0.976,-394.131
1783.6,70.55,85.9,0.0,-0.0,6,287.524,-1.008,-397.942
1783.6,70.67,85.9,0.0,0.0,6,286.302,-1.030,-400.488
1783.6,70.84,86.0,0.0,0.0,6,284.465,-1.065,-404.315
1797.7,71.00,86.0,0.0,0.2,6,282.623,-1.096,-408.150
1797.7,71.12,86.0,0.0,0.2,6,281.392,-1.114,-410.712
1797.7,71.29,86.0,0.0,0.2,6,279.542,-1.140,-414.562
1797.7,71.41,86.0,0.0,0.2,6,278.305,-1.159,-417.134
1812.0,71.58,86.1,0.0,0.2,6,276.445,-1.186,-420.999
1812.0,71.68,86.1,0.0,0.3,6,275.202,-1.204,-423.580
1812.0,71.85,86.1,0.0,0.3,6,273.332,-1.233,-427.458
1812.0,71.96,86.1,0.0,0.2,6,272.082,-1.252,-430.049
1826.3,72.12,86.2,0.0,0.2,6,270.202,-1.282,-433.940
1826.3,72.23,86.2,0.0,0.3,6,268.945,-1.302,-436.539
1826.3,72.39,86.2,0.0,0.4,6,267.053,-1.331,-440.442
1826.3,72.50,86.2,0.0,0.5,6,265.788,-1.350,-443.049
1840.8,72.66,86.2,0.0,0.5,6,263.885,-1.378,-446.965
1840.8,72.76,86.3,0.0,0.4,6,262.612,-1.396,-449.580
1840.8,72.92,86.3,0.0,0.4,6,260.696,-1.424,-453.507
1840.8,73.02,86.3,0.0,0.4,6,259.414,-1.441,-456.129
1855.4,73.17,86.3,0.0,0.4,6,257.484,-1.466,-460.067
1855.4,73.28,86.3,0.0,0.4,6,256.193,-1.483,-462.695
1855.4,73.43,86.3,0.0,0.5,6,254.249,-1.509,-466.644
1855.4,73.58,86.4,0.0,0.4,6,252.296,-1.535,-470.598
1870.1,73.68,86.4,0.0,0.4,6,250.990,-1.552,-473.237
1870.1,73.83,86.4,0.0,0.3,6,249.023,-1.579,-477.201
1870.1,73.93,86.4,0.0,0.4,6,247.707,-1.596,-479.847
1870.1,74.07,86.4,0.0,0.4,6,245.726,-1.620,-483.820
1884.9,74.17,86.5,0.0,0.3,6,244.400,-1.636,-486.472
1884.9,74.32,86.5,0.0,0.3,6,242.406,-1.660,-490.454
1884.9,74.41,86.5,0.0,0.2,6,241.071,-1.675,-493.113
1884.9,74.56,86.5,0.0,0.4,6,239.063,-1.697,-497.105
1899.7,74.65,86.5,0.0,0.4,6,237.720,-1.711,-499.769
1899.7,74.79,86.5,0.0,0.3,6,235.700,-1.734,-503.771
1899.7,74.89,86.6,0.0,0.3,6,234.350,-1.749,-506.443
1899.7,75.03,86.6,0.0,0.3,6,232.318,-1.773,-510.455
1914.7,75.12,86.6,0.0,0.3,6,230.960,-1.788,-513.133
1914.7,75.26,86.6,0.0,0.2,6,228.917,-1.811,-517.155
1914.7,75.35,86.6,0.0,0.1,6,227.552,-1.828,-519.839
1914.7,75.49,86.7,0.0,0.1,6,225.498,-1.853,-523.871
1929.8,75.62,86.7,0.0,0.2,6,223.438,-1.877,-527.908
1929.8,75.71,86.7,0.0,0.2,6,222.061,-1.891,-530.603
1929.8,75.84,86.7,0.0,0.1,6,219.991,-1.912,-534.651
1929.8,75.93,86.7,0.0,-0.1,6,218.609,-1.928,-537.353
1945.0,76.07,86.7,0.0,-0.3,6,216.532,-1.954,-541.412
1945.0,76.15,86.7,0.0,-0.4,6,215.146,-1.974,-544.122
1945.0,76.28,86.7,0.0,-0.5,6,213.065,-2.010,-548.194
1945.0,76.37,86.7,0.0,-0.5,6,211.677,-2.036,-550.913
1960.2,76.50,86.8,0.0,-0.5,6,209.596,-2.079,-554.999
1960.2,76.58,86.8,0.0,-0.4,6,208.209,-2.109,-557.728
1960.2,76.71,86.8,0.0,-0.4,6,206.130,-2.154,-561.830
1960.2,76.79,86.8,0.0,-0.5,6,204.746,-2.187,-564.569
1975.5,76.92,86.8,0.0,-0.5,6,202.671,-2.236,-568.687
1975.5,77.00,86.8,0.0,-0.4,6,201.290,-2.270,-571.437
1975.5,77.12,86.9,0.0,-0.4,6,199.220,-2.321,-575.571
1975.5,77.20,86.9,0.0,-0.4,6,197.842,-2.356,-578.332
1990.9,77.31,86.9,0.0,-0.4,6,195.779,-2.409,-582.482
1990.9,77.44,86.9,0.0,-0.3,6,193.718,-2.463,-586.642
1990.9,77.52,86.9,0.0,-0.3,6,192.345,-2.497,-589.420
1990.9,77.64,86.9,0.0,-0.1,6,190.288,-2.549,-593.595
2006.4,77.72,86.9,0.0,0.0,6,188.917,-2.587,-596.383
2006.4,77.84,86.9,0.0,0.2,6,186.860,-2.644,-600.571
2006.4,77.91,87.0,0.0,0.3,6,185.487,-2.680,-603.367
2006.4,78.03,86.9,0.0,0.3,6,183.425,-2.737,-607.565
2022.0,78.10,86.9,0.0,0.6,6,182.047,-2.773,-610.367
2022.0,78.21,87.0,0.0,0.9,6,179.973,-2.823,-614.572
2022.0,78.29,87.0,0.0,1.0,6,178.586,-2.858,-617.377
2022.0,78.40,87.0,0.0,1.0,6,176.495,-2.911,-621.586
2037.6,78.46,87.0,0.0,1.0,6,175.093,-2.942,-624.392
2037.6,78.39,0.0,0.0,0.9,0,172.979,-2.984,-628.598
2037.6,78.40,86.1,0.0,1.0,7,171.564,-3.010,-631.396
2037.6,78.51,86.1,0.0,1.0,7,169.429,-3.048,-635.591
2053.3,78.58,86.1,0.0,0.9,7,167.997,-3.072,-638.388
2053.3,78.69,86.1,0.0,0.7,7,165.837,-3.105,-642.581
2053.3,78.79,86.1,0.0,0.6,7,163.661,-3.134,-646.774
2053.3,78.85,86.1,0.0,0.6,7,162.202,-3.150,-649.569
2069.1,78.95,86.1,0.0,0.7,7,160.003,-3.172,-653.761
2069.1,79.02,86.2,0.0,0.8,7,158.531,-3.183,-656.556
2069.1,79.12,86.2,0.0,0.6,7,156.312,-3.195,-660.750
2069.1,79.19,86.2,0.0,0.6,7,154.826,-3.200,-663.546
2084.8,79.29,86.2,0.0,0.6,7,152.588,-3.204,-667.740
2084.8,79.35,86.2,0.0,0.7,7,151.091,-3.205,-670.537
2084.8,79.44,86.2,0.0,0.8,7,148.836,-3.203,-674.732
2084.8,79.50,86.2,0.0,0.7,7,147.328,-3.199,-677.530
2100.7,79.59,86.3,0.0,0.8,7,145.056,-3.190,-681.727
2100.7,79.65,86.3,0.0,0.8,7,143.536,-3.181,-684.526
2100.7,79.75,86.3,0.0,0.8,7,141.247,-3.165,-688.724
2100.7,79.80,86.3,0.0,0.7,7,139.714,-3.152,-691.523
2116.6,79.89,86.3,0.0,1.6,7,137.405,-3.127,-695.721
2116.6,79.96,86.3,0.0,1.5,7,135.859,-3.108,-698.519
2116.6,80.04,86.3,0.0,1.4,7,133.525,-3.075,-702.713
2116.6,80.10,86.3,0.0,1.3,7,131.960,-3.051,-705.507
2132.5,80.18,86.3,0.0,1.1,7,129.594,-3.011,-709.693
2132.5,80.27,86.3,0.0,1.4,7,127.209,-2.966,-713.873
2132.5,80.32,86.4,0.0,1.8,7,125.607,-2.931,-716.656
2148.5,80.40,86.4,0.0,2.2,7,123.186,-2.875,-720.825
2148.5,80.45,86.4,0.0,2.4,7,121.559,-2.834,-723.600
2148.5,80.53,86.4,0.0,2.6,7,119.097,-2.767,-727.754
2148.5,80.58,86.4,0.0,2.0,7,117.440,-2.719,-730.517
2164.6,80.65,86.4,0.0,2.4,7,114.931,-2.639,-734.651
2164.6,80.54,34.6,44.2,2.5,7,113.245,-2.581,-737.400
2164.6,79.57,0.0,77.2,2.3,7,110.711,-2.491,-741.486
2164.6,78.66,0.0,85.8,1.7,7,109.030,-2.429,-744.169
2180.4,77.18,0.0,89.0,1.0,7,106.529,-2.334,-748.123
2180.4,76.19,0.0,90.1,0.9,7,104.877,-2.270,-750.709
2180.4,74.69,0.0,91.3,1.7,7,102.420,-2.176,-754.514
2180.4,73.70,0.0,91.7,2.3,7,100.797,-2.114,-757.000
2195.3,72.24,22.5,94.6,3.1,0,98.384,-2.029,-760.658
2195.3,70.64,0.0,89.7,1.2,6,95.997,-1.951,-764.221
2195.3,69.66,0.0,89.5,-0.2,6,94.415,-1.896,-766.541
2195.3,68.21,0.0,91.4,0.0,6,92.056,-1.817,-769.941
2209.3,67.19,0.0,90.3,-0.2,6,90.496,-1.766,-772.156
2209.3,65.73,0.0,89.9,1.0,6,88.174,-1.688,-775.401
2209.3,64.76,0.0,90.6,2.8,6,86.639,-1.637,-777.513
2209.3,63.33,29.2,91.7,3.4,0,84.358,-1.562,-780.609
2222.2,62.38,0.0,92.0,3.3,5,82.851,-1.514,-782.623
2222.2,60.91,0.0,90.7,3.0,5,80.612,-1.445,-785.569
2222.2,59.98,0.0,91.7,2.5,5,79.132,-1.402,-787.483
2222.2,58.55,0.0,89.4,2.0,5,76.932,-1.339,-790.278
2234.1,57.61,0.0,87.4,1.7,5,75.477,-1.299,-792.090
2234.1,56.25,35.7,90.8,1.6,0,73.311,-1.243,-794.732
2234.1,55.37,0.0,91.5,1.6,4,71.874,-1.207,-796.444
2234.1,54.00,0.0,79.2,1.5,4,69.735,-1.154,-798.933
2245.0,53.18,0.0,67.6,1.2,4,68.316,-1.119,-800.542
2245.0,52.13,0.0,36.3,-0.2,4,66.194,-1.068,-802.882
2245.0,51.41,0.0,18.8,-2.3,4,64.060,-1.018,-805.138
2245.0,51.06,0.0,12.6,-2.4,4,62.623,-0.984,-806.600
2255.3,50.66,0.0,9.0,0.2,4,60.442,-0.934,-808.733
2255.3,50.43,0.0,8.0,3.8,4,58.968,-0.899,-810.118
2255.3,50.12,0.0,7.1,10.6,4,56.730,-0.848,-812.140
2255.3,49.92,0.0,5.8,14.9,4,55.223,-0.813,-813.456
2265.2,49.65,0.0,5.6,18.3,4,52.941,-0.762,-815.384
2265.2,49.47,0.0,4.9,18.8,4,51.406,-0.729,-816.639
2265.2,49.20,0.0,4.0,17.2,4,49.080,-0.679,-818.470
2265.2,49.02,0.0,2.4,15.9,4,47.513,-0.646,-819.654
2275.1,48.78,0.0,1.3,14.4,4,45.135,-0.596,-821.373
2275.1,48.63,0.0,0.2,14.3,4,43.533,-0.564,-822.481
2275.1,48.41,3.5,0.0,14.7,4,41.104,-0.516,-824.085
2275.1,48.28,8.4,0.0,15.4,4,39.468,-0.484,-825.115
2285.0,48.12,12.3,0.0,17.1,4,36.986,-0.435,-826.600
2285.0,47.96,10.9,0.0,19.2,4,34.475,-0.386,-828.015
2285.0,47.86,11.6,0.0,20.2,4,32.785,-0.354,-828.919
2285.0,47.70,9.1,0.0,21.2,4,30.228,-0.305,-830.215
2294.9,47.58,9.7,0.0,21.2,4,28.510,-0.273,-831.039
2294.9,47.42,12.2,0.0,20.7,4,25.913,-0.224,-832.213
2294.9,47.32,13.9,0.0,20.4,4,24.170,-0.192,-832.954
2294.9,47.16,13.0,0.0,20.0,4,21.536,-0.141,-834.000
2304.9,47.07,10.8,0.0,20.3,4,19.769,-0.108,-834.656
2304.9,46.89,7.4,0.0,22.1,4,17.105,-0.058,-835.576
2304.9,46.77,8.0,0.0,23.4,4,15.322,-0.027,-836.149
2304.9,46.59,11.2,0.0,24.1,4,12.636,0.019,-836.945
2314.7,46.48,11.2,0.0,22.8,4,10.840,0.050,-837.431
2314.7,46.31,8.9,0.0,21.7,4,8.136,0.099,-838.093
2314.7,46.18,6.1,0.0,21.1,4,6.330,0.132,-838.490
2314.7,46.00,6.0,0.0,20.4,4,3.616,0.181,-839.020
2324.4,45.80,5.3,0.0,19.5,4,0.900,0.228,-839.474
2324.4,45.68,4.4,0.0,19.1,4,-0.911,0.259,-839.733
2324.4,45.48,3.5,0.0,19.8,4,-3.626,0.303,-840.059
2324.4,45.34,4.3,0.0,19.5,4,-5.434,0.333,-840.233
2362.5,45.39,83.6,0.0,18.9,4,-37.484,0.676,-838.143
2362.5,45.60,83.4,0.0,19.5,4,-39.259,0.688,-837.744
2372.2,45.89,78.3,0.0,20.4,4,-41.924,0.704,-837.088
2372.2,46.14,70.4,0.0,20.6,4,-44.587,0.720,-836.362
2372.2,46.29,70.8,0.0,21.0,4,-46.360,0.729,-835.840
2372.2,46.52,76.0,0.0,22.0,4,-49.014,0.740,-834.998
2382.0,46.70,77.1,0.0,21.6,4,-50.778,0.747,-834.396
2382.0,46.95,77.9,0.0,21.3,4,-53.416,0.758,-833.431
2382.0,47.13,78.6,0.0,21.3,4,-55.168,0.764,-832.746
2382.0,47.40,80.7,0.0,21.4,4,-57.786,0.772,-831.659
2391.8,47.59,82.4,0.0,21.5,4,-59.525,0.775,-830.895
2391.8,47.88,84.7,0.0,21.7,4,-62.122,0.777,-829.688
2391.8,48.08,84.8,0.0,21.8,4,-63.844,0.777,-828.842
2391.8,48.37,84.9,0.0,22.6,4,-66.413,0.777,-827.511
2401.7,48.57,82.4,0.0,23.5,4,-68.114,0.775,-826.583
2401.7,48.82,76.1,0.0,24.6,4,-70.648,0.770,-825.130
2401.7,48.97,76.3,0.0,25.5,4,-72.323,0.766,-824.120
2401.7,49.22,81.4,0.0,26.8,4,-74.812,0.758,-822.546
2411.6,49.48,82.7,0.0,27.2,4,-77.272,0.748,-820.900
2411.6,49.67,84.0,0.0,27.4,4,-78.896,0.741,-819.762
2411.6,49.91,74.8,0.0,27.3,4,-81.305,0.728,-817.996
2411.6,50.04,61.8,0.0,27.2,4,-82.892,0.718,-816.780
2421.4,50.16,66.3,0.0,28.3,4,-85.236,0.703,-814.899
2421.4,50.29,79.4,0.0,29.1,4,-86.775,0.691,-813.609
2421.4,50.52,74.7,0.0,29.9,4,-89.050,0.671,-811.618
2421.4,50.67,76.6,0.0,30.7,4,-90.544,0.657,-810.253
2431.3,50.85,68.7,0.0,32.3,4,-92.751,0.632,-808.154
2431.3,50.97,68.3,0.0,32.5,4,-94.196,0.614,-806.720
2431.3,50.91,14.2,0.0,33.0,4,-96.318,0.588,-804.518
2431.3,50.80,13.9,0.0,33.5,4,-97.697,0.571,-803.023
2441.1,50.63,13.8,0.0,32.9,4,-99.712,0.543,-800.742
2441.1,50.51,13.8,0.0,31.7,4,-101.019,0.523,-799.198
2441.1,50.49,69.6,0.0,28.0,4,-102.922,0.493,-796.843
2441.1,50.66,84.9,0.0,28.6,4,-104.159,0.471,-795.244
2450.7,50.94,85.5,0.0,24.9,4,-105.974,0.436,-792.796
2450.7,51.23,85.6,0.0,23.9,4,-107.737,0.398,-790.290
2450.7,51.41,85.6,0.0,22.5,4,-108.884,0.372,-788.587
2450.7,51.62,86.0,0.0,21.8,4,-110.563,0.328,-785.992
2460.7,51.82,55.4,0.0,17.3,4,-111.659,0.291,-784.238
2460.7,51.96,79.9,0.0,8.0,4,-113.253,0.234,-781.564
2460.7,52.13,79.9,0.0,3.2,4,-114.282,0.194,-779.755
2460.7,52.32,69.1,0.0,-4.2,4,-115.776,0.134,-777.003
2471.0,52.49,80.9,0.0,-9.3,4,-116.744,0.093,-775.144
2471.0,52.75,86.2,0.0,-12.2,4,-118.153,0.026,-772.320
2471.0,53.01,86.2,0.0,-15.1,4,-119.074,-0.027,-770.417
2471.0,53.39,85.9,0.0,-15.0,4,-120.433,-0.113,-767.531
2481.6,53.73,86.0,0.0,-6.8,4,-121.775,-0.200,-764.614
2481.6,53.94,86.1,0.0,-1.4,4,-122.678,-0.257,-762.661
2481.6,54.27,86.2,0.0,1.5,4,-124.057,-0.346,-759.723
2481.6,54.52,86.2,0.0,1.3,4,-124.992,-0.411,-757.761
2492.6,54.85,86.2,0.0,-1.9,4,-126.422,-0.513,-754.810
2492.6,55.07,86.2,0.0,-3.2,4,-127.392,-0.581,-752.839
2492.6,55.42,86.3,0.0,-4.3,4,-128.872,-0.683,-749.875
2492.6,55.64,86.4,0.0,-4.4,4,-129.875,-0.751,-747.895
2503.8,55.97,86.4,0.0,-4.9,4,-131.404,-0.854,-744.920
2503.8,56.19,86.5,0.0,-4.1,4,-132.442,-0.924,-742.933
2503.8,56.50,86.5,0.0,-3.3,4,-134.029,-1.025,-739.951
2503.8,56.72,86.7,0.0,-3.1,4,-135.106,-1.092,-737.962
2515.4,57.05,86.7,0.0,-3.0,4,-136.749,-1.200,-734.973
2515.4,57.27,86.7,0.0,-3.2,4,-137.861,-1.279,-732.978
2515.4,57.58,86.7,0.0,-3.2,4,-139.556,-1.404,-729.982
2515.4,57.79,86.7,0.0,-3.6,4,-140.703,-1.490,-727.982
2527.1,58.10,86.8,0.0,-3.3,4,-142.449,-1.623,-724.981
2527.1,58.41,86.8,0.0,-3.2,4,-144.224,-1.767,-721.974
2527.1,58.60,86.9,0.0,-3.5,4,-145.426,-1.865,-719.969
2538.9,58.91,86.9,0.0,-1.8,4,-147.258,-2.012,-716.961
2538.9,59.11,87.0,0.0,-1.7,4,-148.496,-2.111,-714.955
2538.9,59.42,87.0,0.0,-2.8,4,-150.378,-2.260,-711.943
2538.9,59.61,87.0,0.0,-3.9,4,-151.648,-2.360,-709.932
2550.9,59.67,0.0,0.0,-3.9,0,-153.574,-2.509,-706.917
2550.9,59.77,85.3,0.0,-3.1,5,-154.872,-2.604,-704.915
2550.9,60.04,85.4,0.0,-2.4,5,-156.844,-2.742,-701.914
2550.9,60.23,85.5,0.0,-2.1,5,-158.176,-2.833,-699.913
2562.9,60.50,85.5,0.0,-1.7,5,-160.198,-2.967,-696.912
2562.9,60.68,85.5,0.0,-1.9,5,-161.562,-3.054,-694.911
2562.9,60.95,85.6,0.0,-2.4,5,-163.629,-3.182,-691.907
2562.9,61.13,85.6,0.0,-2.3,5,-165.020,-3.263,-689.903
2575.3,61.40,85.7,0.0,-1.4,5,-167.128,-3.376,-686.894
2575.3,61.66,85.7,0.0,-1.0,5,-169.258,-3.479,-683.881
2575.3,61.83,85.8,0.0,-1.1,5,-170.688,-3.542,-681.869
2575.3,62.09,85.8,0.0,-1.1,5,-172.850,-3.629,-678.847
2587.7,62.26,85.8,0.0,-1.0,5,-174.302,-3.680,-676.828
2587.7,62.51,85.9,0.0,-0.9,5,-176.495,-3.743,-673.796
2587.7,62.68,85.9,0.0,-0.9,5,-177.966,-3.778,-671.771
2587.7,62.93,86.0,0.0,-0.9,5,-180.188,-3.820,-668.729
2625.9,65.36,86.4,0.0,-0.8,5,-204.078,-3.991,-636.920
2638.9,65.58,86.4,0.0,-0.9,5,-206.476,-3.984,-633.809
2638.9,65.72,86.4,0.0,-1.0,5,-208.082,-3.975,-631.732
2638.9,65.94,86.5,0.0,-1.1,5,-210.505,-3.956,-628.613
2638.9,66.08,86.5,0.0,-1.1,5,-212.128,-3.941,-626.531
2652.0,66.31,86.5,0.0,-1.4,5,-214.577,-3.919,-623.405
2652.0,66.45,86.5,0.0,-1.6,5,-216.220,-3.903,-621.319
2652.0,66.66,86.6,0.0,-2.0,5,-218.698,-3.881,-618.189
2652.0,66.80,86.6,0.0,-2.4,5,-220.361,-3.866,-616.101
2665.2,67.01,86.6,0.0,-1.9,5,-222.874,-3.847,-612.972
2665.2,67.14,86.6,0.0,-1.6,5,-224.561,-3.837,-610.886
2665.2,67.35,86.7,0.0,-1.7,5,-227.109,-3.828,-607.758
2665.2,67.49,86.7,0.0,-1.6,5,-228.819,-3.826,-605.673
2678.6,67.69,86.7,0.0,-1.4,5,-231.403,-3.826,-602.548
2678.6,67.82,86.7,0.0,-1.2,5,-233.136,-3.830,-600.465
2678.6,67.94,38.2,8.2,-1.2,5,-235.752,-3.840,-597.341
2692.2,67.49,0.0,55.7,-1.3,5,-238.374,-3.857,-594.232
2692.2,66.81,0.0,73.2,-1.3,5,-240.112,-3.871,-592.181
2692.2,65.55,0.0,84.9,-0.6,5,-242.688,-3.898,-589.155
2692.2,64.64,0.0,87.7,-0.1,5,-244.382,-3.918,-587.175
2705.4,63.24,0.0,90.2,0.2,5,-246.885,-3.952,-584.263
2705.4,62.30,0.0,90.8,0.3,5,-248.526,-3.977,-582.361
2705.4,60.85,0.0,90.2,0.3,5,-250.947,-4.017,-579.567
2705.4,59.92,0.0,90.8,0.2,5,-252.534,-4.044,-577.743
2717.6,58.50,0.0,90.9,0.3,5,-254.872,-4.085,-575.065
2717.6,57.56,0.0,90.7,0.1,5,-256.402,-4.113,-573.317
2717.6,56.15,0.0,90.5,0.2,5,-258.655,-4.154,-570.752
2717.6,55.22,0.0,90.8,-0.0,5,-260.128,-4.181,-569.080
2728.8,53.86,39.8,91.9,-0.4,0,-262.297,-4.222,-566.626
2728.8,52.93,0.0,92.3,-0.8,4,-263.715,-4.250,-565.027
2728.8,51.53,0.0,91.8,-1.6,4,-265.800,-4.291,-562.685
2728.8,50.14,0.0,92.0,-2.4,4,-267.837,-4.333,-560.411
2739.1,49.21,0.0,91.2,-2.7,4,-269.167,-4.360,-558.933
2739.1,47.81,0.0,90.4,-2.6,4,-271.124,-4.399,-556.776
2739.1,46.90,0.0,90.4,-2.4,4,-272.404,-4.423,-555.376
2739.1,45.56,42.3,89.7,-2.0,0,-274.287,-4.458,-553.337
2748.5,44.70,0.0,89.5,-1.8,3,-275.521,-4.481,-552.017
2748.5,43.37,0.0,88.6,-2.0,3,-277.338,-4.514,-550.096
2748.5,42.51,0.0,87.9,-1.8,3,-278.528,-4.536,-548.854
2748.5,41.24,0.0,86.6,-0.7,3,-280.280,-4.568,-547.050
2757.0,40.38,0.0,84.8,0.2,3,-281.428,-4.588,-545.888
2757.0,39.21,41.9,83.0,1.6,0,-283.124,-4.616,-544.204
2757.0,38.45,0.0,78.9,1.1,2,-284.240,-4.634,-543.122
2757.0,37.32,0.0,70.5,9.0,2,-285.891,-4.660,-541.557
2764.7,36.57,0.0,65.7,7.5,2,-286.973,-4.677,-540.549
2764.7,35.55,0.0,61.3,3.7,2,-288.573,-4.702,-539.090
2764.7,34.58,0.0,58.1,-1.7,2,-290.152,-4.726,-537.697
2764.7,33.95,0.0,58.7,-5.0,2,-291.195,-4.742,-536.806
2771.6,33.02,0.0,59.8,-8.7,2,-292.746,-4.764,-535.526
2771.6,32.40,0.0,60.0,-10.4,2,-293.772,-4.778,-534.712
2771.6,31.48,0.0,54.9,-10.5,2,-295.295,-4.798,-533.546
2771.6,30.90,0.0,49.0,-10.8,2,-296.300,-4.811,-532.805
2777.9,30.10,0.0,42.5,-4.9,2,-297.797,-4.828,-531.751
2777.9,29.61,0.0,40.5,-3.5,2,-298.788,-4.839,-531.083
2777.9,28.92,0.0,39.6,-9.1,2,-300.266,-4.855,-530.133
2777.9,28.48,0.0,40.2,-12.7,2,-301.247,-4.864,-529.536
2783.5,27.83,49.5,44.6,-8.5,0,-302.711,-4.877,-528.691
2783.5,27.37,0.0,42.6,-8.2,1,-303.680,-4.884,-528.159
2783.5,26.67,0.0,36.2,-8.4,1,-305.115,-4.895,-527.402
2783.5,26.06,0.0,29.5,-6.1,1,-306.528,-4.904,-526.690
2788.6,25.71,0.0,28.6,-8.8,1,-307.459,-4.910,-526.235
2788.6,25.22,0.0,21.2,-16.0,1,-308.840,-4.917,-525.579
2788.6,24.95,0.0,15.3,-20.4,1,-309.753,-4.921,-525.162
2788.6,24.63,0.0,11.0,-27.0,1,-311.117,-4.925,-524.569
2793.7,24.43,0.0,11.0,-29.7,1,-312.025,-4.927,-524.197
2793.7,24.15,0.0,7.4,-31.6,1,-313.387,-4.929,-523.676
2793.7,23.98,0.0,3.3,-30.2,1,-314.295,-4.929,-523.356
2793.7,23.76,0.0,6.2,-28.5,1,-315.658,-4.928,-522.915
2800.4,23.61,0.0,1.9,-35.1,1,-316.567,-4.927,-522.647
2800.4,23.39,0.2,4.1,-44.7,1,-317.932,-4.921,-522.290
2800.4,23.23,0.1,1.9,-52.8,1,-318.841,-4.914,-522.084
2800.4,23.15,32.0,0.0,-57.6,1,-320.207,-4.902,-521.825
2806.3,23.25,45.9,0.0,-58.6,1,-321.123,-4.897,-521.680
2806.3,23.57,36.0,0.0,-50.6,1,-322.515,-4.895,-521.495
2806.3,23.72,36.9,0.0,-49.2,1,-323.927,-4.892,-521.367
2806.3,23.72,28.0,0.0,-50.2,1,-324.874,-4.888,-521.316
2812.0,23.67,2.0,5.5,-49.7,1,-326.297,-4.888,-521.281
2812.0,23.53,0.0,4.2,-47.7,1,-327.241,-4.895,-521.283
2812.0,23.19,8.4,0.0,-46.3,1,-328.641,-4.897,-521.348
2812.0,23.08,11.1,0.0,-43.6,1,-329.563,-4.892,-521.434
2817.2,22.94,12.4,0.0,-42.5,1,-330.931,-4.883,-521.616
2817.2,22.85,12.1,0.0,-42.9,1,-331.834,-4.878,-521.772
2817.2,22.72,12.0,0.0,-46.7,1,-333.171,-4.869,-522.057
2817.2,22.63,14.1,0.0,-49.2,1,-334.050,-4.863,-522.282
2822.1,22.55,22.9,0.0,-53.8,1,-335.348,-4.852,-522.670
2822.1,22.56,31.4,0.0,-58.3,1,-336.201,-4.844,-522.965
2822.1,22.68,37.4,0.0,-60.3,1,-337.465,-4.829,-523.458
2822.1,22.79,37.9,0.0,-58.9,1,-338.299,-4.819,-523.820
2826.7,22.97,41.7,0.0,-54.3,1,-339.537,-4.802,-524.411
2826.7,23.12,46.7,0.0,-49.2,1,-340.356,-4.789,-524.834
2826.7,23.57,79.5,0.0,-38.9,1,-341.578,-4.770,-525.514
2831.5,24.05,59.7,0.0,-29.3,1,-342.803,-4.749,-526.249
2831.5,24.35,65.5,0.0,-20.6,1,-343.618,-4.735,-526.768
2831.5,24.83,68.4,0.0,-8.4,1,-344.843,-4.713,-527.589
2831.5,25.23,78.6,0.0,-3.2,1,-345.663,-4.699,-528.161
2836.5,25.90,80.7,0.0,3.6,1,-346.908,-4.677,-529.054
2836.5,26.36,81.4,0.0,7.1,1,-347.751,-4.663,-529.671
2836.5,27.05,80.3,0.0,8.5,1,-349.039,-4.641,-530.621
2836.5,27.48,77.2,0.0,9.2,1,-349.917,-4.626,-531.266
2841.8,28.03,62.3,0.0,12.9,1,-351.264,-4.603,-532.245
2841.8,28.31,53.5,0.0,15.5,1,-352.182,-4.588,-532.897
2841.8,28.60,42.3,0.0,19.4,1,-353.587,-4.565,-533.868
2841.8,28.76,39.9,0.0,21.7,1,-354.541,-4.550,-534.505
2847.5,28.97,40.4,0.0,24.7,1,-355.998,-4.530,-535.440
2847.5,29.12,41.8,0.0,26.1,1,-356.988,-4.517,-536.047
2847.5,29.35,42.2,0.0,28.3,1,-358.503,-4.500,-536.931
2847.5,29.53,33.7,0.0,29.6,1,-360.052,-4.484,-537.778
2853.3,29.59,28.7,0.0,30.0,1,-361.104,-4.475,-538.318
2853.3,29.63,25.8,0.0,29.9,1,-362.705,-4.462,-539.088
2853.3,29.68,26.8,0.0,29.2,1,-363.788,-4.455,-539.573
2853.3,29.69,17.2,0.0,28.6,1,-365.434,-4.446,-540.255
2859.7,29.65,15.8,0.0,29.8,1,-366.542,-4.441,-540.678
2859.7,29.61,19.7,0.0,32.5,1,-368.220,-4.435,-541.266
2859.7,29.58,16.4,0.0,33.5,1,-369.349,-4.432,-541.624
2859.7,29.50,14.3,0.0,34.5,1,-371.053,-4.429,-542.113
2866.2,29.50,29.7,0.0,36.4,1,-372.195,-4.428,-542.406
2866.2,29.66,46.8,0.0,37.7,1,-373.925,-4.429,-542.797
2866.2,29.82,59.5,0.0,36.6,1,-375.091,-4.431,-543.027
2866.2,30.11,50.4,0.0,31.1,1,-376.864,-4.436,-543.326
2872.8,30.35,67.6,0.0,23.1,1,-378.662,-4.436,-543.557
2872.8,30.53,58.2,0.0,18.6,1,-379.873,-4.435,-543.677
2872.8,30.77,0.0,0.0,5.6,0,-381.708,-4.437,-543.811
2872.8,30.73,29.5,0.0,3.1,2,-382.937,-4.441,-543.870
2880.7,30.78,27.8,0.0,4.2,2,-384.781,-4.447,-543.904
2880.7,30.84,43.2,0.0,6.5,2,-386.013,-4.451,-543.889
2880.7,31.05,53.4,0.0,12.0,2,-387.867,-4.455,-543.809
2880.7,31.22,52.9,0.0,17.0,2,-389.108,-4.457,-543.716
2887.8,31.49,52.8,0.0,22.2,2,-390.979,-4.461,-543.522
2887.8,31.67,52.9,0.0,26.1,2,-392.230,-4.463,-543.355
2887.8,31.93,52.6,0.0,31.6,2,-394.113,-4.466,-543.053
2887.8,32.10,53.6,0.0,34.0,2,-395.372,-4.468,-542.818
2895.3,32.36,55.7,0.0,35.2,2,-397.263,-4.469,-542.416
2895.3,32.62,57.0,0.0,33.4,2,-399.156,-4.471,-541.953
2895.3,32.80,59.0,0.0,29.9,2,-400.418,-4.472,-541.610
2895.3,33.09,53.7,0.0,23.4,2,-402.311,-4.477,-541.043
2901.8,33.26,51.7,0.0,19.8,2,-403.571,-4.483,-540.629
2901.8,33.47,47.9,0.0,14.5,2,-405.456,-4.494,-539.957
2901.8,33.61,45.7,0.0,11.6,2,-406.707,-4.503,-539.473
2901.8,33.80,45.4,0.0,8.8,2,-408.572,-4.519,-538.694
2908.3,33.92,45.6,0.0,7.2,2,-409.808,-4.531,-538.140
2908.3,34.12,48.7,0.0,6.0,2,-411.648,-4.553,-537.258
2908.3,34.28,50.8,0.0,6.4,2,-412.866,-4.569,-536.636
2908.3,34.58,64.2,0.0,10.4,2,-414.681,-4.597,-535.653
2914.7,34.84,69.6,0.0,10.5,2,-415.885,-4.616,-534.963
2914.7,35.13,25.3,0.0,19.0,2,-417.682,-4.645,-533.875
2914.7,35.06,13.4,0.0,27.5,2,-419.449,-4.675,-532.729
2914.7,35.06,48.2,0.0,30.6,2,-420.606,-4.695,-531.938
2921.4,35.47,81.5,0.0,31.1,2,-422.322,-4.724,-530.704
2921.4,35.81,82.2,0.0,30.9,2,-423.461,-4.743,-529.847
2921.4,36.29,83.7,0.0,29.2,2,-425.158,-4.771,-528.509
2921.4,36.62,84.4,0.0,28.1,2,-426.281,-4.788,-527.580
2928.3,37.09,78.6,0.0,22.3,2,-427.950,-4.812,-526.131
2928.3,37.31,74.1,0.0,19.7,2,-429.050,-4.827,-525.128
2928.3,37.60,58.0,0.0,13.3,2,-430.671,-4.849,-523.573
2928.3,37.82,78.4,0.0,9.1,2,-431.733,-4.863,-522.503
2935.6,38.11,59.1,0.0,0.9,2,-433.296,-4.882,-520.847
2935.6,38.32,72.7,0.0,-2.4,2,-434.321,-4.895,-519.714
2935.6,38.66,78.1,0.0,-4.6,2,-435.835,-4.912,-517.970
2943.2,39.18,85.9,0.0,-2.0,2,-437.331,-4.927,-516.178
2943.2,39.54,86.7,0.0,2.2,2,-438.324,-4.938,-514.957
2943.2,40.07,85.8,0.0,8.7,2,-439.810,-4.957,-513.089
2943.2,40.37,84.1,0.0,11.6,2,-440.796,-4.967,-511.818
2951.0,40.81,81.9,0.0,13.7,2,-442.269,-4.986,-509.879
2951.0,41.08,85.4,0.0,13.2,2,-443.244,-5.000,-508.563
2951.0,41.40,0.0,0.0,12.1,0,-444.686,-5.015,-506.550
2951.0,41.37,85.2,0.0,10.9,3,-445.626,-5.022,-505.188
2959.1,41.77,85.5,0.0,9.1,3,-447.007,-5.032,-503.115
2959.1,42.04,85.6,0.0,7.5,3,-447.915,-5.039,-501.707
2959.1,42.41,77.6,0.0,7.6,3,-449.254,-5.050,-499.557
2959.1,42.71,84.5,0.0,9.7,3,-450.129,-5.055,-498.098
2967.3,43.07,85.9,0.0,13.0,3,-451.410,-5.055,-495.868
2967.3,43.39,85.8,0.0,13.8,3,-452.249,-5.056,-494.355
2967.3,43.75,86.2,0.0,14.3,3,-453.477,-5.059,-492.046
2967.3,44.02,86.8,0.0,10.6,3,-454.666,-5.066,-489.699
2975.7,44.19,34.7,0.0,1.4,3,-455.435,-5.072,-488.111
2975.7,44.34,65.5,0.0,2.6,3,-456.551,-5.083,-485.701
2975.7,44.59,85.4,0.0,3.7,3,-457.265,-5.091,-484.073
2975.7,44.97,86.2,0.0,5.6,3,-458.296,-5.104,-481.593
2984.2,45.25,86.3,0.0,6.9,3,-458.956,-5.115,-479.914
2984.2,45.66,86.3,0.0,9.8,3,-459.905,-5.133,-477.359
2984.2,45.92,86.4,0.0,12.0,3,-460.512,-5.147,-475.632
2984.2,46.33,86.4,0.0,14.2,3,-461.385,-5.173,-473.007
2993.2,46.59,86.5,0.0,14.6,3,-461.942,-5.191,-471.234
2993.2,46.99,86.6,0.0,15.0,3,-462.739,-5.221,-468.543
2993.2,47.26,86.7,0.0,14.6,3,-463.243,-5.243,-466.728
2993.2,47.64,86.7,0.0,13.7,3,-463.959,-5.278,-463.973
3002.4,48.02,86.8,0.0,13.5,3,-464.622,-5.316,-461.182
3002.4,48.25,86.9,0.0,13.5,3,-465.034,-5.343,-459.302
3002.4,48.62,87.0,0.0,13.0,3,-465.604,-5.384,-456.453
3002.4,48.86,87.0,0.0,12.6,0,-465.951,-5.413,-454.535
3011.9,48.92,85.0,0.0,12.6,4,-466.556,-5.468,-450.675
3011.9,49.25,85.1,0.0,14.4,4,-466.934,-5.509,-447.755
3011.9,49.59,85.1,0.0,17.5,4,-467.248,-5.548,-444.808
3021.6,49.80,85.2,0.0,19.4,4,-467.422,-5.575,-442.829
3021.6,50.11,85.3,0.0,21.4,4,-467.631,-5.614,-439.839
3021.6,50.32,85.3,0.0,21.9,4,-467.733,-5.640,-437.834
3021.6,50.63,85.4,0.0,22.5,4,-467.830,-5.680,-434.808
3031.5,50.83,85.5,0.0,22.6,4,-467.856,-5.706,-432.779
3031.5,51.12,85.6,0.0,22.3,4,-467.833,-5.744,-429.722
3031.5,51.30,85.7,0.0,21.5,4,-467.775,-5.768,-427.675
3031.5,51.58,85.8,0.0,20.4,4,-467.623,-5.803,-424.593
3041.9,51.77,85.8,0.0,18.7,4,-467.477,-5.826,-422.531
3041.9,52.04,85.9,0.0,15.1,4,-467.189,-5.857,-419.432
3041.9,52.30,86.0,0.0,12.0,4,-466.817,-5.884,-416.324
3041.9,52.58,86.1,0.0,9.4,4,-466.362,-5.909,-413.212
3052.9,52.86,86.1,0.0,8.3,4,-465.825,-5.931,-410.095
3052.9,53.05,86.1,0.0,8.7,4,-465.424,-5.946,-408.016
3052.9,53.34,86.1,0.0,11.4,4,-464.761,-5.972,-404.894
3052.9,53.56,86.1,0.0,13.4,4,-464.279,-5.992,-402.811
3064.1,53.85,86.1,0.0,16.9,4,-463.496,-6.025,-399.686
3064.1,54.04,86.1,0.0,18.4,4,-462.933,-6.046,-397.603
3064.1,54.33,86.2,0.0,18.9,4,-462.028,-6.075,-394.481
3075.4,54.61,86.3,0.0,16.8,4,-461.048,-6.099,-391.365
3075.4,54.79,86.3,0.0,14.6,4,-460.353,-6.113,-389.291
3075.4,55.07,86.4,0.0,11.2,4,-459.251,-6.134,-386.185
3075.4,55.26,86.4,0.0,9.0,4,-458.477,-6.148,-384.120
3086.3,55.55,86.4,0.0,10.1,4,-457.254,-6.168,-381.029
3086.3,55.73,86.5,0.0,10.5,4,-456.397,-6.180,-378.975
3086.3,56.02,86.5,0.0,12.1,4,-455.051,-6.194,-375.906
3086.3,56.19,86.5,0.0,12.9,4,-454.114,-6.200,-373.867
3097.3,56.48,86.6,0.0,11.8,4,-452.655,-6.209,-370.818
3097.3,56.67,86.6,0.0,9.7,4,-451.647,-6.217,-368.792
3097.3,56.96,86.7,0.0,7.2,4,-450.085,-6.229,-365.763
3097.3,57.25,86.7,0.0,5.8,4,-448.462,-6.243,-362.746
3108.5,57.45,86.7,0.0,5.8,4,-447.348,-6.250,-360.742
3108.5,57.73,86.8,0.0,6.9,4,-445.632,-6.262,-357.744
3108.5,57.93,86.8,0.0,7.2,4,-444.460,-6.270,-355.750
3108.5,58.20,86.8,0.0,7.4,4,-442.662,-6.280,-352.767
3120.0,58.39,86.9,0.0,7.1,4,-441.435,-6.285,-350.784
3120.0,58.67,86.9,0.0,7.5,4,-439.556,-6.290,-347.818
3120.0,58.84,87.0,0.0,7.5,0,-438.278,-6.294,-345.846
3120.0,58.75,85.2,0.0,6.7,5,-436.328,-6.303,-342.905
3131.6,58.94,85.2,0.0,5.8,5,-435.004,-6.306,-340.958
3131.6,59.20,85.3,0.0,4.4,5,-432.980,-6.310,-338.049
3131.6,59.45,85.3,0.0,3.7,5,-430.909,-6.308,-335.155
3131.6,59.57,85.5,0.0,2.4,5,-429.504,-6.304,-333.233
3143.5,59.89,85.5,0.0,1.4,5,-427.368,-6.299,-330.356
3143.5,60.02,85.5,0.0,1.6,5,-425.923,-6.293,-328.442
3143.5,60.29,85.5,0.0,2.1,5,-423.731,-6.281,-325.575
3143.5,60.43,85.6,0.0,2.1,5,-422.256,-6.273,-323.665
3155.6,60.68,85.6,0.0,0.9,5,-420.025,-6.264,-320.797
3155.6,60.83,85.8,0.0,0.1,5,-418.527,-6.255,-318.884
3155.6,61.10,85.7,0.0,0.7,5,-416.267,-6.242,-316.008
3155.6,61.25,85.7,0.0,0.6,5,-414.753,-6.233,-314.086
3167.8,61.53,85.6,0.0,-1.1,5,-412.473,-6.221,-311.194
3167.8,61.70,85.7,0.0,-2.7,5,-410.948,-6.213,-309.258
3167.8,61.95,85.8,0.0,-3.2,5,-408.657,-6.202,-306.342
3167.8,62.19,85.9,0.0,-1.9,5,-406.367,-6.189,-303.407
3180.2,62.34,85.9,0.0,-1.3,5,-404.843,-6.179,-301.437
3180.2,62.59,85.9,0.0,-0.1,5,-402.565,-6.162,-298.462
3180.2,62.74,85.9,0.0,0.4,5,-401.049,-6.150,-296.466
3180.2,62.99,85.9,0.0,1.0,5,-398.774,-6.132,-293.457
3192.7,63.14,86.0,0.0,0.7,5,-397.255,-6.119,-291.444
3192.7,63.38,86.0,0.0,-0.9,5,-394.970,-6.100,-288.414
3192.7,63.54,86.1,0.0,-1.5,5,-393.441,-6.086,-286.388
3192.7,63.77,86.1,0.0,-0.9,5,-391.143,-6.064,-283.338
3205.4,63.93,86.1,0.0,-0.6,5,-389.610,-6.049,-281.296
3205.4,64.16,86.1,0.0,0.5,5,-387.307,-6.028,-278.221
3205.4,64.31,86.2,0.0,-0.0,5,-385.769,-6.013,-276.163
3205.4,64.54,86.2,0.0,-0.4,5,-383.459,-5.989,-273.064
3218.2,64.68,86.2,0.0,0.1,5,-381.915,-5.972,-270.992
3218.2,64.91,86.3,0.0,-0.0,5,-379.595,-5.945,-267.873
3218.2,65.13,86.3,0.0,-0.2,5,-377.269,-5.917,-264.742
3218.2,65.28,86.3,0.0,-0.4,5,-375.715,-5.899,-262.647
3231.2,65.49,86.4,0.0,-0.4,5,-373.380,-5.872,-259.496
3231.2,65.64,86.4,0.0,-0.3,5,-371.820,-5.853,-257.388
3231.2,65.85,86.4,0.0,0.0,5,-369.476,-5.821,-254.216
3231.2,65.99,86.5,0.0,0.2,5,-367.910,-5.798,-252.095
3244.4,66.21,86.5,0.0,0.3,5,-365.556,-5.762,-248.904
3244.4,66.35,86.5,0.0,0.5,5,-363.983,-5.737,-246.771
3244.4,66.56,86.6,0.0,0.5,5,-361.615,-5.698,-243.564
3244.4,66.69,86.6,0.0,0.7,5,-360.030,-5.670,-241.422
3257.7,66.90,86.6,0.0,0.7,5,-357.645,-5.625,-238.203
3257.7,67.03,86.6,0.0,0.5,5,-356.048,-5.593,-236.053
3257.7,67.24,86.7,0.0,0.1,5,-353.643,-5.546,-232.822
3257.7,67.37,86.7,0.0,-0.1,5,-352.033,-5.516,-230.665
3271.1,67.58,86.7,0.0,0.0,5,-349.610,-5.473,-227.423
3271.1,67.77,86.8,0.0,-0.0,5,-347.176,-5.437,-224.173
3271.1,67.89,86.8,0.0,0.2,5,-345.550,-5.411,-222.002
3284.7,68.10,86.8,0.0,0.2,5,-343.103,-5.369,-218.738
3284.7,68.24,86.8,0.0,0.1,5,-341.467,-5.341,-216.557
3284.7,68.41,86.8,0.0,-0.1,5,-339.008,-5.296,-213.278
3284.7,68.54,86.8,0.0,-0.2,5,-337.364,-5.266,-211.088
3298.3,68.72,86.9,0.0,-0.1,5,-334.893,-5.218,-207.795
3298.3,68.84,86.9,0.0,-0.1,5,-333.241,-5.186,-205.595
3298.3,69.04,86.9,0.0,0.1,5,-330.759,-5.139,-202.286
3298.3,69.15,86.9,0.0,-0.0,5,-329.101,-5.106,-200.076
3312.1,69.34,86.9,0.0,-0.2,5,-326.609,-5.054,-196.752
3312.1,69.46,86.9,0.0,-0.3,5,-324.944,-5.018,-194.530
3312.1,69.62,87.0,0.0,-0.4,0,-322.443,-4.963,-191.192
3312.1,69.56,0.0,0.0,-0.4,0,-320.774,-4.925,-188.963
3326.0,69.65,85.8,0.0,-0.1,6,-318.273,-4.869,-185.621
3326.0,69.82,85.8,0.0,0.0,6,-315.768,-4.814,-182.270
3326.0,69.93,85.8,0.0,-0.1,6,-314.096,-4.776,-180.030
3326.0,70.10,85.9,0.0,-0.4,6,-311.584,-4.720,-176.664
3340.0,70.21,85.9,0.0,-0.5,6,-309.907,-4.683,-174.414
3340.0,70.37,85.9,0.0,-0.2,6,-307.388,-4.628,-171.032
3340.0,70.48,85.9,0.0,0.0,6,-305.707,-4.590,-168.772
3340.0,70.66,85.9,0.0,0.1,6,-303.183,-4.532,-165.374
3354.1,70.76,85.9,0.0,0.1,6,-301.498,-4.493,-163.103
3354.1,70.92,86.0,0.0,-0.3,6,-298.967,-4.433,-159.689
3354.1,71.02,86.0,0.0,0.1,6,-297.277,-4.393,-157.409
3354.1,71.19,86.0,0.0,0.0,6,-294.738,-4.333,-153.981
3368.3,71.29,86.0,0.0,-0.3,6,-293.043,-4.293,-151.691
3368.3,71.44,86.1,0.0,-0.3,6,-290.497,-4.233,-148.250
3368.3,71.55,86.1,0.0,0.4,6,-288.798,-4.193,-145.950
3368.3,71.70,86.1,0.0,0.4,6,-286.245,-4.132,-142.494
3382.7,71.85,86.2,0.0,0.6,6,-283.688,-4.071,-139.029
3382.7,71.96,86.1,0.0,0.4,6,-281.981,-4.031,-136.715
3382.7,72.11,86.2,0.0,-0.2,6,-279.414,-3.972,-133.239
3382.7,72.22,86.2,0.0,-0.3,6,-277.699,-3.931,-130.917
3397.1,72.36,86.2,0.0,-0.1,6,-275.123,-3.868,-127.429
3397.1,72.47,86.2,0.0,1.3,6,-273.402,-3.827,-125.100
3397.1,72.61,86.3,0.0,1.6,6,-270.816,-3.764,-121.600
3397.1,72.70,86.2,0.0,0.3,6,-269.086,-3.723,-119.265
3411.6,72.85,86.3,0.0,0.1,6,-266.483,-3.660,-115.760
3411.6,72.95,86.3,0.0,0.4,6,-264.740,-3.618,-113.422
3411.6,73.10,86.2,0.0,-0.8,6,-262.117,-3.555,-109.913
3411.6,73.19,86.3,0.0,-1.4,6,-260.363,-3.512,-107.572
3426.2,73.34,86.3,0.0,-1.5,6,-257.730,-3.446,-104.053
3426.2,73.42,86.3,0.0,-1.0,6,-255.977,-3.401,-101.700
3426.2,73.56,86.4,0.0,-0.7,6,-253.351,-3.333,-98.159
3426.2,73.70,86.4,0.0,-0.7,6,-250.731,-3.264,-94.603
3440.9,73.81,86.4,0.0,-0.9,6,-248.987,-3.220,-92.224
3440.9,73.94,86.4,0.0,-1.1,6,-246.374,-3.154,-88.644
3440.9,74.03,86.4,0.0,-1.0,6,-244.634,-3.111,-86.251
3440.9,74.16,86.5,0.0,-0.0,6,-242.027,-3.046,-82.651
3455.7,74.25,86.5,0.0,0.8,6,-240.290,-3.003,-80.245
3455.7,74.38,86.5,0.0,1.8,6,-237.682,-2.939,-76.628
3455.7,74.47,86.5,0.0,1.6,6,-235.940,-2.896,-74.215
3455.7,74.61,86.5,0.0,1.1,6,-233.317,-2.832,-70.594
3470.6,74.69,86.6,0.0,1.8,6,-231.560,-2.789,-68.180
3470.6,74.81,86.5,0.0,3.3,6,-228.909,-2.722,-64.563
3470.6,74.90,86.6,0.0,4.2,6,-227.129,-2.676,-62.156
3470.6,74.74,11.0,28.9,4.9,6,-224.437,-2.606,-58.559
3485.6,74.23,0.0,63.2,4.8,6,-222.634,-2.559,-56.184
3485.6,73.05,0.0,69.0,4.6,6,-219.933,-2.488,-52.684
3485.6,71.89,0.0,53.7,4.3,6,-217.239,-2.418,-49.270
3485.6,71.24,0.0,43.6,4.3,6,-215.442,-2.373,-47.040
3500.1,70.42,0.0,28.5,6.4,6,-212.736,-2.305,-43.763
3500.1,69.99,0.0,18.4,6.4,6,-210.920,-2.261,-41.621
3500.1,69.51,0.0,5.4,4.4,6,-208.169,-2.194,-38.468
3500.1,69.30,0.0,0.8,6.3,6,-206.316,-2.150,-36.401
3554.2,67.10,75.9,0.0,23.0,6,-175.407,-1.530,-8.046
3554.2,67.15,84.9,0.0,23.6,6,-173.247,-1.511,-6.451
3554.2,67.23,85.5,0.0,22.3,6,-169.960,-1.485,-4.118
3554.2,67.31,85.5,0.0,21.3,6,-166.612,-1.459,-1.863
3567.9,67.33,85.6,0.0,21.8,6,-164.348,-1.440,-0.406
3567.9,67.38,80.5,0.0,22.5,6,-160.902,-1.407,1.707
3567.9,67.39,61.1,0.0,22.7,6,-158.574,-1.382,3.066
3567.9,67.33,66.8,0.0,24.2,6,-155.040,-1.343,5.029
3623.9,65.69,15.1,0.0,43.4,6,-115.213,-0.977,20.335
3623.9,65.37,13.5,0.0,44.0,6,-111.377,-0.944,21.198
3623.9,65.04,13.4,0.0,44.9,6,-107.538,-0.908,21.955
3623.9,64.84,13.3,0.0,46.1,6,-104.979,-0.883,22.400
3636.7,64.54,13.2,0.0,48.4,6,-101.141,-0.846,22.987
3636.7,64.33,13.2,0.0,49.1,6,-98.586,-0.821,23.322
3636.7,64.02,13.1,0.0,49.0,6,-94.758,-0.781,23.739
3636.7,63.83,13.1,0.0,48.2,6,-92.210,-0.753,23.962
3649.3,63.54,13.0,0.0,45.9,6,-88.397,-0.709,24.216
3649.3,63.35,13.0,0.0,43.0,6,-85.862,-0.680,24.331
3649.3,63.12,34.4,0.0,37.8,6,-82.070,-0.636,24.424
3649.3,63.01,36.1,0.0,34.3,6,-79.547,-0.606,24.431
3661.6,62.84,39.4,0.0,29.0,6,-75.773,-0.559,24.359
3661.6,62.77,51.1,0.0,26.1,6,-73.263,-0.527,24.256
3661.6,62.77,70.4,0.0,20.9,6,-69.505,-0.480,24.022
3661.6,62.85,84.0,0.0,16.6,6,-65.751,-0.434,23.698
3674.1,62.92,84.6,0.0,14.2,6,-63.250,-0.404,23.432
3674.1,63.05,84.6,0.0,9.5,6,-59.503,-0.355,22.955
3674.1,63.14,84.6,0.0,8.0,6,-57.007,-0.317,22.585
3674.1,63.31,84.6,0.0,6.1,6,-53.266,-0.258,21.970
3686.7,63.43,84.8,0.0,4.3,6,-50.771,-0.224,21.528
3686.7,63.60,84.7,0.0,-1.1,6,-47.027,-0.182,20.819
3686.7,63.72,84.6,0.0,-4.0,6,-44.531,-0.156,20.316
3686.7,63.92,84.6,0.0,-5.0,6,-40.784,-0.115,19.530
3699.3,64.04,84.7,0.0,-4.7,6,-38.281,-0.088,19.000
3699.3,64.23,84.1,0.0,-4.6,6,-34.514,-0.049,18.215
3699.3,64.34,84.8,0.0,-5.0,6,-31.994,-0.024,17.708
3699.3,64.52,84.9,0.0,-4.7,6,-28.198,0.011,16.975
3712.2,64.66,84.8,0.0,-5.0,6,-25.658,0.030,16.507
3712.2,64.84,84.8,0.0,-5.7,6,-21.833,0.056,15.835
3712.2,65.02,84.9,0.0,-6.3,6,-17.990,0.080,15.206
3712.2,65.13,85.0,0.0,-6.8,6,-15.417,0.095,14.813
3725.2,65.30,85.0,0.0,-7.3,6,-11.544,0.119,14.266
3725.2,65.41,85.1,0.0,-7.6,6,-8.952,0.137,13.932
3725.2,65.57,85.1,0.0,-8.4,6,-5.050,0.163,13.478
3725.2,65.65,85.3,0.0,-9.8,6,-2.439,0.180,13.209
3738.4,65.83,85.2,0.0,-10.5,6,1.491,0.210,12.864
3738.4,65.94,85.2,0.0,-11.5,6,4.119,0.232,12.675
3738.4,66.08,85.3,0.0,-12.5,6,8.073,0.270,12.456
3738.4,66.16,85.3,0.0,-13.0,6,10.716,0.298,12.354
3751.9,66.30,85.3,0.0,-12.1,6,14.689,0.342,12.269
3751.9,66.40,85.2,0.0,-12.0,6,17.342,0.374,12.260
3751.9,66.54,85.2,0.0,-11.7,6,21.328,0.425,12.318
3751.9,66.60,85.3,0.0,-11.2,6,23.989,0.463,12.405
3765.6,66.72,85.5,0.0,-9.8,6,27.982,0.525,12.612
3765.6,66.85,85.5,0.0,-8.4,6,31.978,0.590,12.904
3765.6,66.94,85.5,0.0,-9.7,6,34.643,0.628,13.140
3779.5,67.09,85.4,0.0,-13.0,6,38.642,0.677,13.556
3779.5,67.17,85.4,0.0,-14.7,6,41.307,0.711,13.883
3779.5,67.27,85.4,0.0,-16.8,6,45.300,0.766,14.447
3779.5,67.36,85.4,0.0,-17.4,6,47.959,0.802,14.870
3793.3,67.47,85.4,0.0,-17.2,6,51.941,0.858,15.577
3793.3,67.53,85.5,0.0,-16.8,6,54.591,0.895,16.096
3793.3,67.61,85.6,0.0,-14.9,6,58.554,0.951,16.949
3793.3,67.69,85.8,0.0,-13.3,6,61.189,0.990,17.568
3876.6,70.08,87.8,0.0,-10.5,6,136.067,2.212,54.207
3890.6,70.15,87.8,0.0,-10.3,6,138.291,2.244,55.916
3890.6,70.28,87.9,0.0,-10.5,6,141.591,2.290,58.534
3890.6,70.36,88.0,0.0,-10.6,6,143.768,2.316,60.314
3890.6,70.49,88.1,0.0,-9.7,6,146.998,2.349,63.038
3904.6,70.57,88.2,0.0,-8.4,6,149.127,2.366,64.888
3904.6,70.69,88.3,0.0,-5.7,6,152.283,2.389,67.716
3904.6,70.78,88.3,0.0,-4.5,6,154.361,2.402,69.635
3904.6,70.92,88.4,0.0,-3.2,6,157.446,2.418,72.561
3918.8,71.03,88.4,0.0,-2.4,6,159.482,2.428,74.539
3918.8,71.15,68.6,0.0,-2.0,6,162.512,2.443,77.542
3918.8,71.12,28.2,29.4,-1.4,6,164.518,2.453,79.560
3918.8,70.33,0.0,73.1,-0.6,6,167.497,2.470,82.591
3932.9,69.05,0.0,85.3,0.3,6,170.420,2.488,85.585
3932.9,68.12,0.0,89.0,0.8,6,172.335,2.501,87.554
3932.9,66.69,0.0,91.4,1.1,6,175.153,2.523,90.457
3932.9,65.72,0.0,91.1,0.9,6,176.999,2.536,92.359
3946.3,64.28,36.7,92.4,0.5,0,179.719,2.557,95.158
3946.3,63.32,0.0,92.7,0.3,5,181.501,2.570,96.988
3946.3,61.86,0.0,91.8,0.3,5,184.126,2.590,99.677
3946.3,60.91,0.0,92.0,0.4,5,185.846,2.603,101.432
3958.7,59.47,0.0,91.7,0.7,5,188.379,2.621,104.009
3958.7,58.51,0.0,91.3,0.6,5,190.038,2.631,105.690
3958.7,57.08,0.0,90.8,0.6,5,192.481,2.644,108.155
3958.7,56.12,0.0,89.9,0.3,5,194.080,2.653,109.760
3970.2,54.75,40.2,91.8,0.4,0,196.436,2.669,112.112
3970.2,53.81,0.0,91.7,0.4,4,197.979,2.679,113.642
3970.2,52.38,0.0,91.0,0.7,4,200.250,2.698,115.880
3970.2,50.97,0.0,90.3,1.2,4,202.470,2.720,118.049
3980.7,50.06,0.0,91.4,1.7,4,203.923,2.736,119.455
3980.7,48.67,0.0,91.3,2.5,4,206.063,2.761,121.506
3980.7,47.75,0.0,90.9,2.5,4,207.463,2.778,122.834
3980.7,46.38,0.0,90.1,3.2,0,209.525,2.803,124.767
3990.3,45.48,38.3,88.4,3.6,0,210.875,2.819,126.015
3990.3,44.18,0.0,86.4,3.8,3,212.866,2.842,127.829
3990.3,43.33,0.0,84.2,3.7,3,214.170,2.856,128.999
3990.3,42.10,0.0,81.4,2.4,3,216.094,2.875,130.695
3999.1,41.30,0.0,77.0,1.1,3,217.357,2.886,131.787
3999.1,40.17,0.0,61.5,-1.0,3,219.224,2.900,133.366
3999.1,39.51,0.0,53.1,-2.8,3,220.455,2.908,134.379
3999.1,38.63,0.0,44.7,-4.7,3,222.289,2.916,135.841
4007.0,38.11,0.0,40.4,-5.1,3,223.507,2.921,136.777
4007.0,37.37,0.0,36.1,-4.3,3,225.328,2.925,138.124
4007.0,36.71,0.0,32.9,-0.4,3,227.146,2.927,139.404
4007.0,36.33,41.1,31.8,3.6,0,228.358,2.927,140.221
4014.4,35.75,0.0,32.4,9.0,2,230.176,2.925,141.393
4014.4,35.34,0.0,31.4,12.0,2,231.386,2.923,142.141
4014.4,34.77,0.0,30.7,15.5,2,233.195,2.918,143.216
4014.4,34.38,0.0,29.7,16.5,2,234.397,2.914,143.901
4021.4,33.83,0.0,28.2,16.7,2,236.195,2.906,144.881
4021.4,33.48,0.0,27.8,16.6,2,237.390,2.901,145.502
4021.4,32.97,0.0,21.1,16.6,2,239.178,2.892,146.384
4021.4,32.68,0.0,16.4,17.0,2,240.368,2.885,146.940
4027.9,32.33,0.0,11.4,18.7,2,242.154,2.876,147.724
4027.9,32.13,0.0,9.2,20.5,2,243.346,2.869,148.215
4027.9,31.86,0.0,5.5,23.9,2,245.139,2.859,148.902
4034.0,31.64,0.0,3.4,26.2,2,246.937,2.849,149.531
4034.0,31.51,0.0,3.1,27.2,2,248.139,2.842,149.918
4034.0,31.31,0.0,3.1,28.8,2,249.948,2.831,150.447
4034.0,31.18,0.0,2.8,29.8,2,251.157,2.823,150.766
4040.1,30.95,0.0,7.4,24.2,2,252.972,2.811,151.193
4040.1,30.78,0.0,5.7,21.4,2,254.181,2.803,151.443
4040.1,30.57,0.0,1.8,18.8,2,255.993,2.790,151.767
4040.1,30.44,0.0,4.4,19.1,2,257.200,2.782,151.951
4046.4,30.25,0.0,0.9,21.3,2,259.006,2.771,152.178
4046.4,30.15,3.1,0.0,23.2,2,260.208,2.765,152.299
4046.4,30.05,6.3,0.0,29.0,2,262.009,2.755,152.436
4046.4,29.92,7.3,0.0,35.5,2,263.806,2.748,152.516
4052.9,29.86,13.3,0.0,38.9,2,265.002,2.743,152.534
4052.9,29.79,11.9,0.0,42.5,2,266.791,2.738,152.507
4052.9,29.73,15.3,0.0,44.3,2,267.980,2.736,152.450
4052.9,29.68,18.8,0.0,48.1,2,269.757,2.735,152.308
4060.8,29.65,18.6,0.0,51.9,2,270.936,2.734,152.175
4060.8,29.56,14.6,0.0,58.2,2,272.694,2.736,151.918
4060.8,29.48,12.9,0.0,62.2,2,273.856,2.737,151.709
4060.8,29.35,12.4,0.0,66.8,2,275.581,2.743,151.338
4067.8,29.23,10.3,0.0,70.5,2,276.717,2.749,151.052
4067.8,29.09,12.8,0.0,79.1,2,278.399,2.759,150.568
4067.8,29.00,12.5,0.0,85.9,2,279.504,2.768,150.208
4067.8,28.81,12.1,0.0,90.1,2,281.133,2.783,149.615
4076.0,28.67,11.5,0.0,91.2,2,282.199,2.795,149.183
4076.0,28.46,11.3,0.0,90.8,2,283.762,2.818,148.481
4076.0,28.27,11.2,0.0,88.9,2,285.282,2.846,147.716
4076.0,28.16,11.2,0.0,88.0,2,286.272,2.866,147.173
4082.5,27.99,11.1,0.0,86.4,2,287.719,2.897,146.313
4082.5,27.87,11.1,0.0,85.4,2,288.660,2.918,145.710
4082.5,27.69,11.0,0.0,82.6,2,290.032,2.950,144.763
4082.5,27.59,11.0,0.0,77.9,2,290.920,2.972,144.105
4088.5,27.43,11.4,0.0,74.6,2,292.212,3.006,143.078
4088.5,27.33,12.6,0.0,74.0,2,293.045,3.030,142.366
4088.5,27.20,13.7,0.0,71.5,2,294.252,3.067,141.263
4088.5,27.11,14.8,0.0,68.4,2,295.029,3.091,140.504
4094.0,27.01,18.5,0.0,62.5,2,296.150,3.127,139.331
4094.0,26.98,22.2,0.0,58.0,2,296.870,3.149,138.526
4094.0,26.97,31.2,0.0,50.7,2,297.908,3.182,137.286
4094.0,27.02,43.6,0.0,44.9,2,298.573,3.202,136.435
4099.2,27.19,42.7,0.0,33.6,2,299.531,3.230,135.122
4099.2,27.30,35.8,0.0,20.0,2,300.442,3.256,133.765
4099.2,27.39,37.3,0.0,11.5,2,301.023,3.271,132.839
4099.2,27.57,50.1,0.0,2.5,2,301.860,3.293,131.419
4104.4,27.79,66.4,0.0,0.5,2,302.397,3.306,130.452
4104.4,28.25,78.3,0.0,2.2,2,303.179,3.325,128.966
4104.4,28.57,78.2,0.0,5.1,2,303.688,3.337,127.951
4104.4,29.07,78.5,0.0,10.2,2,304.435,3.353,126.392
4109.9,29.40,77.7,0.0,13.5,2,304.924,3.363,125.330
4109.9,29.88,75.6,0.0,16.0,2,305.642,3.377,123.705
4109.9,30.19,74.9,0.0,16.7,2,306.109,3.387,122.598
4109.9,30.64,74.6,0.0,17.3,2,306.789,3.401,120.906
4115.9,30.94,73.7,0.0,17.2,2,307.228,3.410,119.756
4115.9,31.39,73.6,0.0,17.0,2,307.863,3.422,117.998
4115.9,31.69,74.8,0.0,16.8,2,308.268,3.430,116.804
4115.9,32.15,75.2,0.0,16.8,2,308.846,3.442,114.979
4122.1,32.62,76.4,0.0,16.4,2,309.388,3.453,113.114
4122.1,32.93,81.1,0.0,15.3,2,309.726,3.461,111.848
4122.1,33.45,78.8,0.0,13.2,2,310.199,3.473,109.914
4122.1,33.78,82.5,0.0,12.3,2,310.491,3.481,108.603
4128.8,34.27,80.5,0.0,11.6,2,310.891,3.495,106.602
4128.8,34.61,82.4,0.0,11.8,2,311.133,3.505,105.246
4128.8,35.13,85.4,0.0,12.0,2,311.456,3.522,103.180
4128.8,35.49,85.0,0.0,12.4,2,311.645,3.534,101.781
4135.7,35.93,64.9,0.0,13.9,2,311.886,3.555,99.653
4135.7,36.12,45.1,0.0,12.5,2,312.016,3.570,98.218
4135.7,36.18,14.7,12.8,10.0,2,312.162,3.594,96.053
4135.7,35.98,0.0,28.5,8.6,2,312.229,3.611,94.610
4142.8,35.37,0.0,42.1,6.4,2,312.290,3.639,92.468
4142.8,34.87,0.0,53.3,4.8,2,312.310,3.660,91.062
4142.8,33.98,0.0,63.9,3.2,2,312.318,3.693,88.995
4149.5,32.96,0.0,69.3,-0.9,2,312.305,3.727,86.985
4149.5,32.24,0.0,71.1,-4.4,2,312.291,3.751,85.679
4149.5,31.17,0.0,72.2,-8.3,2,312.269,3.786,83.775
4149.5,30.44,0.0,72.2,-10.0,2,312.257,3.810,82.542
4155.4,29.38,0.0,59.6,-12.3,2,312.249,3.843,80.745
4155.4,28.75,0.0,47.4,-14.2,2,312.253,3.865,79.582
4155.4,28.02,0.0,33.9,-17.0,2,312.279,3.897,77.879
4155.4,27.65,49.2,28.3,-18.7,0,312.314,3.916,76.766
4160.8,27.17,0.0,22.2,-20.4,1,312.396,3.943,75.123
4160.8,26.86,0.0,18.7,-21.7,1,312.471,3.959,74.044
4160.8,26.46,0.0,14.9,-24.3,1,312.619,3.982,72.451
4160.8,26.10,0.0,11.6,-26.5,1,312.810,4.003,70.885
4165.9,25.89,0.0,10.2,-27.7,1,312.961,4.016,69.856
4165.9,25.59,0.0,9.7,-29.2,1,313.226,4.035,68.334
4165.9,25.40,0.0,9.5,-29.9,1,313.427,4.046,67.334
4165.9,25.12,0.0,8.0,-30.5,1,313.767,4.062,65.857
4171.0,24.94,0.0,8.4,-29.7,1,314.018,4.071,64.888
4171.0,24.67,0.0,9.2,-31.7,1,314.432,4.084,63.458
4171.0,24.48,0.0,9.1,-33.3,1,314.732,4.091,62.521
4171.0,24.20,0.0,6.9,-34.3,1,315.219,4.100,61.144
4175.8,24.03,0.0,5.6,-34.3,1,315.568,4.105,60.245
4175.8,23.81,0.0,4.8,-35.2,1,316.129,4.111,58.923
4175.8,23.66,0.0,4.8,-36.1,1,316.527,4.113,58.061
4175.8,23.44,0.0,3.1,-37.4,1,317.160,4.116,56.797
4180.4,23.32,0.0,2.0,-37.1,1,317.606,4.117,55.975
4180.4,23.14,0.0,2.4,-37.4,1,318.310,4.116,54.772
4180.4,23.02,0.0,2.7,-37.8,1,318.802,4.115,53.991
4180.4,22.83,0.0,3.9,-38.5,1,319.573,4.112,52.851
4184.7,22.65,0.0,1.8,-39.2,1,320.382,4.107,51.752
4184.7,22.54,0.0,2.8,-38.6,1,320.942,4.103,51.043
4184.7,22.35,0.0,4.8,-38.7,1,321.811,4.096,50.013
4184.7,22.21,0.0,5.9,-39.2,1,322.407,4.091,49.351
4189.0,21.99,0.0,7.5,-40.2,1,323.327,4.083,48.395
4189.0,21.84,0.0,3.9,-40.4,1,323.956,4.078,47.784
4189.0,21.65,0.0,3.7,-39.7,1,324.921,4.068,46.907
4189.0,21.53,0.0,4.3,-41.0,1,325.579,4.062,46.347
4192.9,21.34,0.0,4.7,-44.0,1,326.586,4.051,45.546
4192.9,21.20,0.0,5.6,-45.9,1,327.269,4.044,45.039
4192.9,21.03,7.7,0.0,-50.2,1,328.312,4.031,44.321
4192.9,21.02,23.5,0.0,-52.4,1,329.022,4.023,43.870
4196.9,21.15,38.2,0.0,-54.7,1,330.112,4.010,43.231
4196.9,21.29,44.2,0.0,-56.4,1,330.859,4.000,42.828
4196.9,21.57,50.4,0.0,-58.8,1,332.011,3.985,42.259
4196.9,21.90,42.8,0.0,-59.0,1,333.203,3.969,41.733
4201.2,21.99,29.6,0.0,-56.4,1,334.019,3.958,41.410
4201.2,22.09,29.4,0.0,-50.0,1,335.267,3.942,40.974
4201.2,22.17,34.2,0.0,-45.5,1,336.114,3.931,40.717
4201.2,22.37,39.2,0.0,-40.0,1,337.407,3.915,40.382
4206.0,22.53,40.6,0.0,-38.9,1,338.284,3.906,40.191
4206.0,22.79,47.7,0.0,-39.7,1,339.621,3.891,39.953
4206.0,22.99,49.8,0.0,-41.2,1,340.527,3.882,39.826
4206.0,23.31,51.1,0.0,-44.1,1,341.908,3.869,39.683
4211.1,23.54,51.0,0.0,-46.4,1,342.842,3.860,39.620
4211.1,23.84,50.2,0.0,-50.4,1,344.262,3.848,39.573
4211.1,24.05,51.3,0.0,-52.4,1,345.220,3.840,39.574
4211.1,24.36,47.1,0.0,-54.5,1,346.670,3.828,39.625
4216.6,24.63,48.7,0.0,-57.0,1,348.135,3.818,39.739
4216.6,24.81,48.0,0.0,-59.6,1,349.117,3.811,39.851
4216.6,25.06,38.4,0.0,-61.1,1,350.597,3.803,40.072
4216.6,25.14,33.0,0.0,-62.0,1,351.583,3.798,40.257
4222.5,25.25,32.5,0.0,-63.9,1,353.058,3.791,40.588
4222.5,25.30,30.5,0.0,-63.5,1,354.035,3.787,40.846
4222.5,25.38,31.7,0.0,-60.5,1,355.490,3.783,41.287
4222.5,25.47,35.9,0.0,-58.0,1,356.452,3.781,41.616
4228.5,25.66,44.0,0.0,-53.4,1,357.884,3.779,42.164
4228.5,25.87,59.4,0.0,-49.3,1,358.833,3.778,42.564
4228.5,26.31,58.8,0.0,-40.8,1,360.254,3.779,43.219
4228.5,26.56,59.9,0.0,-35.3,1,361.199,3.781,43.691
4235.1,26.97,58.3,0.0,-27.3,1,362.611,3.786,44.455
4235.1,27.26,62.7,0.0,-22.3,1,363.547,3.791,45.001
4235.1,27.72,64.0,0.0,-17.9,1,364.948,3.801,45.870
4235.1,28.04,64.0,0.0,-16.8,1,365.879,3.808,46.483
4240.7,28.50,61.8,0.0,-17.3,1,367.270,3.821,47.451
4240.7,28.95,61.2,0.0,-20.6,1,368.657,3.834,48.474
4240.7,29.23,62.0,0.0,-24.2,1,369.577,3.843,49.185
4246.3,29.67,64.1,0.0,-22.8,1,370.949,3.855,50.297
4246.3,29.98,66.5,0.0,-22.7,1,371.858,3.864,51.068
4246.3,30.46,72.7,0.0,-29.6,1,373.213,3.876,52.271
4246.3,30.79,77.3,0.0,-26.5,1,374.109,3.884,53.105
4252.0,31.32,75.3,0.0,-22.4,1,375.442,3.895,54.406
4252.0,31.65,74.4,0.0,-25.7,1,376.321,3.902,55.306
4252.0,32.11,74.0,0.0,-27.5,1,377.622,3.912,56.708
4252.0,32.41,71.5,0.0,-28.4,0,378.473,3.919,57.677
4258.1,32.37,69.9,0.0,-29.1,2,379.715,3.928,59.173
4258.1,32.59,68.1,0.0,-28.9,2,380.513,3.934,60.196
4258.1,32.90,62.8,0.0,-27.1,2,381.678,3.941,61.779
4258.1,33.21,56.4,0.0,-26.4,2,382.800,3.946,63.414
4264.3,33.39,62.3,0.0,-25.0,2,383.521,3.949,64.533
4264.3,33.68,57.9,0.0,-15.5,2,384.563,3.952,66.254
4264.3,33.91,70.0,0.0,-14.3,2,385.231,3.953,67.429
4264.3,34.30,65.3,0.0,-12.4,2,386.192,3.956,69.234
4270.9,34.56,77.5,0.0,-7.9,2,386.809,3.958,70.465
4270.9,35.02,79.5,0.0,-7.6,2,387.701,3.960,72.351
4270.9,35.38,84.5,0.0,-5.4,2,388.276,3.961,73.635
4270.9,35.81,62.7,0.0,-2.3,2,389.111,3.965,75.599
4277.9,36.12,77.8,0.0,-2.0,2,389.654,3.966,76.931
4277.9,36.65,85.8,0.0,-3.1,2,390.451,3.965,78.961
4277.9,37.01,85.9,0.0,-4.9,2,390.975,3.962,80.338
4277.9,37.53,85.4,0.0,-7.1,2,391.748,3.957,82.435
4285.1,37.78,86.1,0.0,-8.2,2,392.254,3.954,83.853
4285.1,38.36,86.2,0.0,-7.3,2,393.002,3.946,86.010
4285.1,38.60,70.3,0.0,-5.7,2,393.491,3.939,87.469
4285.1,38.92,62.4,0.0,-2.0,2,394.204,3.930,89.683
4292.7,39.39,86.4,0.0,-2.7,2,394.891,3.926,91.928
4292.7,39.75,86.4,0.0,-3.6,2,395.340,3.923,93.445
4292.7,40.25,86.6,0.0,-5.5,2,396.000,3.920,95.751
4292.7,40.58,86.7,0.0,-6.2,2,396.432,3.918,97.309
4300.6,41.08,86.8,0.0,-4.2,2,397.068,3.915,99.674
4300.6,41.41,86.9,0.0,-3.2,2,397.484,3.912,101.271
4300.6,41.75,0.0,0.0,-2.1,0,398.094,3.909,103.693
4300.6,41.74,85.1,0.0,-1.8,3,398.490,3.908,105.314
4308.8,42.20,85.4,0.0,-3.4,3,399.071,3.908,107.763
4308.8,42.50,85.5,0.0,-3.7,3,399.453,3.906,109.412
4308.8,42.96,85.5,0.0,-4.0,3,400.020,3.899,111.911
4308.8,43.24,85.7,0.0,-4.7,3,400.391,3.896,113.594
4317.2,43.71,85.7,0.0,-5.4,3,400.936,3.892,116.145
4317.2,44.02,85.8,0.0,-5.6,3,401.292,3.889,117.862
4317.2,44.46,85.9,0.0,-6.0,3,401.810,3.887,120.464
4317.2,44.90,86.0,0.0,-6.4,3,402.309,3.885,123.097
4325.9,45.19,86.1,0.0,-6.6,3,402.628,3.883,124.870
4325.9,45.63,86.2,0.0,-6.8,3,403.086,3.880,127.555
4325.9,45.92,86.3,0.0,-6.7,3,403.376,3.877,129.362
4325.9,46.34,86.4,0.0,-6.6,3,403.786,3.873,132.098
4334.9,46.61,86.4,0.0,-6.9,3,404.042,3.869,133.939
4334.9,47.04,86.5,0.0,-7.1,3,404.399,3.864,136.725
4334.9,47.31,86.6,0.0,-7.4,3,404.618,3.860,138.599
4334.9,47.72,86.7,0.0,-7.7,3,404.918,3.855,141.433
4344.2,47.99,86.7,0.0,-9.2,3,405.098,3.851,143.338
4344.2,48.38,86.8,0.0,-10.3,3,405.337,3.845,146.219
4344.2,48.64,86.8,0.0,-10.2,3,405.471,3.841,148.154
4344.2,49.02,86.9,0.0,-9.9,3,405.634,3.835,151.078
4353.8,49.27,87.0,0.0,-10.3,3,405.715,3.831,153.042
4353.8,49.36,0.0,0.0,-10.6,0,405.794,3.824,156.003
4353.8,49.58,85.1,0.0,-10.2,4,405.817,3.817,158.968
4353.8,49.81,85.2,0.0,-9.8,4,405.800,3.813,160.955
4363.5,50.14,85.3,0.0,-10.6,4,405.728,3.806,163.952
4363.5,50.37,85.3,0.0,-11.4,4,405.648,3.801,165.960
4363.5,50.70,85.4,0.0,-12.2,4,405.479,3.793,168.987
4363.5,50.91,85.4,0.0,-12.6,4,405.332,3.788,171.013
4373.4,51.23,85.5,0.0,-13.1,4,405.059,3.780,174.064
4373.4,51.45,85.6,0.0,-13.5,4,404.841,3.774,176.106
4373.4,51.76,85.6,0.0,-13.6,4,404.461,3.765,179.178
4373.4,51.97,85.7,0.0,-14.4,4,404.169,3.760,181.232
4383.6,52.28,85.8,0.0,-15.5,4,403.675,3.752,184.319
4383.6,52.48,85.8,0.0,-15.8,4,403.307,3.746,186.382
4383.6,52.78,85.9,0.0,-15.8,4,402.696,3.737,189.479
4383.6,52.98,86.0,0.0,-15.1,4,402.248,3.732,191.546
4394.0,53.27,86.0,0.0,-14.9,4,401.513,3.725,194.647
4394.0,53.55,86.1,0.0,-14.6,4,400.703,3.717,197.747
4394.0,53.74,86.1,0.0,-13.4,4,400.119,3.712,199.812
4405.2,54.03,86.2,0.0,-12.7,4,399.177,3.708,202.904
4405.2,54.20,86.3,0.0,-13.5,4,398.505,3.707,204.961
4405.2,54.50,86.3,0.0,-14.4,4,397.433,3.704,208.040
4405.2,54.68,86.3,0.0,-15.2,4,396.677,3.703,210.088
4416.7,54.96,86.3,0.0,-15.2,4,395.476,3.703,213.150
4416.7,55.13,86.4,0.0,-15.0,4,394.632,3.705,215.182
4416.7,55.41,86.4,0.0,-14.6,4,393.302,3.711,218.220
4416.7,55.58,86.5,0.0,-14.5,4,392.375,3.715,220.236
4428.4,55.85,86.5,0.0,-14.4,4,390.921,3.722,223.247
4428.4,56.04,86.5,0.0,-14.2,4,389.912,3.728,225.244
4428.4,56.32,86.5,0.0,-13.6,4,388.336,3.737,228.223
4428.4,56.58,86.7,0.0,-13.0,4,386.693,3.744,231.183
4440.0,56.76,86.7,0.0,-13.4,4,385.560,3.745,233.146
4440.0,57.02,86.7,0.0,-12.3,4,383.804,3.746,236.072
4440.0,57.20,86.7,0.0,-12.5,4,382.594,3.745,238.009
4440.0,57.45,86.8,0.0,-12.9,4,380.719,3.746,240.892
4451.2,57.62,86.8,0.0,-13.4,4,379.430,3.749,242.797
4451.2,57.87,86.8,0.0,-13.9,4,377.436,3.755,245.630
4451.2,58.04,86.8,0.0,-14.4,4,376.069,3.761,247.501
4451.2,58.29,86.9,0.0,-14.4,4,373.963,3.770,250.283
4462.6,58.45,86.9,0.0,-13.9,4,372.522,3.776,252.120
4462.6,58.70,86.9,0.0,-12.2,4,370.306,3.786,254.848
4462.6,58.86,87.0,0.0,-10.3,4,368.793,3.793,256.646
4462.6,59.11,87.0,0.0,-7.8,4,366.471,3.803,259.316
4474.3,59.27,87.2,0.0,-6.7,0,364.890,3.810,261.079
4474.3,59.21,85.4,0.0,-5.0,5,362.478,3.817,263.690
4474.3,59.46,85.6,0.0,-4.1,5,360.023,3.823,266.268
4474.3,59.62,85.7,0.0,-4.5,5,358.361,3.826,267.973
4486.1,59.87,85.9,0.0,-5.6,5,355.834,3.827,270.515
4486.1,60.04,85.9,0.0,-5.8,5,354.128,3.826,272.200
4486.1,60.28,85.3,0.0,-6.0,5,351.537,3.825,274.712
4486.1,60.42,83.6,0.0,-6.2,5,349.788,3.827,276.376
4498.1,60.67,85.9,0.0,-6.1,5,347.133,3.831,278.855
4498.1,60.81,86.5,0.0,-6.5,5,345.342,3.838,280.495
4498.1,61.03,86.7,0.0,-4.3,5,342.623,3.848,282.937
4498.1,61.14,87.1,0.0,-3.7,5,340.791,3.850,284.554
4510.3,61.41,87.0,0.0,-0.8,5,338.016,3.846,286.966
4510.3,61.58,86.9,0.0,-0.1,5,336.145,3.845,288.563
4510.3,61.86,87.0,0.0,0.6,5,333.313,3.845,290.947
4510.3,62.02,87.1,0.0,0.3,5,331.411,3.844,292.534
4522.6,62.22,87.3,0.0,-0.1,5,328.545,3.843,294.915
4522.6,62.49,87.3,0.0,0.2,5,325.665,3.841,297.303
4522.6,62.64,87.4,0.0,0.7,5,323.739,3.840,298.901
4522.6,62.89,87.5,0.0,1.3,5,320.842,3.839,301.308
4535.1,63.05,87.6,0.0,1.3,5,318.907,3.839,302.920
4535.1,63.29,87.8,0.0,1.2,5,315.998,3.839,305.349
4535.1,63.44,87.9,0.0,1.2,5,314.056,3.842,306.977
4535.1,63.68,88.0,0.0,1.2,5,311.138,3.849,309.432
4547.7,63.84,88.0,0.0,1.1,5,309.190,3.853,311.077
4547.7,64.07,88.2,0.0,0.9,5,306.264,3.858,313.559
4547.7,64.22,88.2,0.0,0.8,5,304.311,3.863,315.223
4547.7,64.45,88.3,0.0,0.7,5,301.379,3.871,317.733
4560.5,64.60,88.4,0.0,-0.4,5,299.422,3.876,319.415
4560.5,64.84,88.5,0.0,-0.9,5,296.480,3.882,321.949
4560.5,64.98,88.6,0.0,-0.8,5,294.514,3.885,323.645
4560.5,65.22,88.7,0.0,-0.3,5,291.556,3.886,326.194
4573.5,65.44,88.8,0.0,0.9,5,288.585,3.880,328.751
4573.5,65.58,88.9,0.0,1.2,5,286.598,3.876,330.459
4573.5,65.80,89.0,0.0,1.1,5,283.611,3.869,333.030
4573.5,65.95,89.0,0.0,0.8,5,281.617,3.862,334.751
4586.6,66.16,89.1,0.0,0.4,5,278.621,3.855,337.345
4586.6,66.30,89.2,0.0,0.3,5,276.621,3.854,339.083
4586.6,66.52,89.3,0.0,0.3,5,273.618,3.854,341.700
4586.6,66.65,89.4,0.0,0.4,5,271.612,3.856,343.451
4599.9,66.87,89.5,0.0,0.4,5,268.597,3.857,346.088
4599.9,67.01,89.5,0.0,0.1,5,266.583,3.859,347.852
4599.9,67.21,89.6,0.0,-0.2,5,263.556,3.867,350.506
4613.4,67.41,89.7,0.0,-0.2,5,260.520,3.880,353.170
4613.4,67.56,89.8,0.0,0.1,5,258.492,3.889,354.951
4613.4,67.76,89.9,0.0,0.3,5,255.441,3.905,357.628
4613.4,67.87,90.0,0.0,0.1,5,253.402,3.914,359.417
4626.9,68.08,90.0,0.0,-0.1,5,250.337,3.929,362.108
4626.9,68.21,90.1,0.0,0.2,5,248.289,3.941,363.906
4626.9,68.41,90.1,0.0,0.3,5,245.211,3.955,366.612
4626.9,68.54,90.2,0.0,0.5,5,243.154,3.962,368.420
4640.6,68.73,90.3,0.0,0.5,5,240.064,3.974,371.141
4640.6,68.93,90.4,0.0,0.3,5,236.966,3.983,373.872
4640.6,69.05,90.4,0.0,0.2,5,234.897,3.986,375.698
4640.6,69.24,90.5,0.0,-0.1,5,231.789,3.987,378.445
4654.4,69.36,90.6,0.0,-0.3,5,229.713,3.986,380.282
4654.4,69.36,90.6,0.0,-0.3,5,229.713,3.986,380.282
4654.4,69.42,90.6,0.0,-0.4,5,228.674,3.985,381.202
4654.4,69.78,90.7,0.0,-0.5,5,222.420,3.978,386.737
4668.3,69.96,90.8,0.0,-0.1,0,219.278,3.974,389.512
4668.3,69.88,89.8,0.0,-0.1,6,216.131,3.967,392.286
4668.3,69.99,89.9,0.0,-0.2,6,214.032,3.962,394.135
4668.3,70.16,89.9,0.0,-0.2,6,210.875,3.954,396.911
4682.3,70.28,90.0,0.0,-0.1,6,208.766,3.949,398.766
4682.3,70.45,90.1,0.0,0.1,6,205.594,3.943,401.551
4682.3,70.56,90.1,0.0,0.2,6,203.475,3.939,403.412
4682.3,70.74,90.2,0.0,0.2,6,200.290,3.934,406.208
4696.5,70.84,90.2,0.0,0.3,6,198.162,3.930,408.077
4696.5,71.02,90.3,0.0,0.3,6,194.966,3.925,410.887
4696.5,71.18,90.4,0.0,0.3,6,191.764,3.920,413.705
4696.5,71.30,90.4,0.0,0.2,6,189.626,3.915,415.589
4710.7,71.46,90.5,0.0,0.4,6,186.416,3.910,418.422
4710.7,71.56,90.5,0.0,0.4,6,184.272,3.907,420.316
4710.7,71.73,90.6,0.0,0.2,6,181.053,3.904,423.164
4710.7,71.84,90.7,0.0,0.1,6,178.904,3.902,425.068
4725.0,72.00,90.7,0.0,-0.1,6,175.676,3.897,427.932
4725.0,72.11,90.7,0.0,-0.2,6,173.521,3.894,429.845
4725.0,72.27,90.8,0.0,0.1,6,170.283,3.887,432.721
4725.0,72.42,90.9,0.0,0.0,6,167.037,3.882,435.603
4739.4,72.52,90.9,0.0,-0.1,6,164.870,3.879,437.528
4739.4,72.68,91.0,0.0,-0.1,6,161.613,3.877,440.419
4739.4,72.78,91.0,0.0,-0.1,6,159.437,3.876,442.350
4739.4,72.93,91.1,0.0,0.1,6,156.167,3.876,445.251
4754.0,73.03,91.1,0.0,0.2,6,153.983,3.877,447.188
4754.0,73.19,91.2,0.0,0.3,6,150.702,3.881,450.099
4754.0,73.28,91.2,0.0,0.4,6,148.511,3.884,452.043
4754.0,73.44,91.3,0.0,0.4,6,145.221,3.886,454.967
4768.7,73.54,91.3,0.0,0.4,6,143.025,3.887,456.921
4768.7,73.68,91.4,0.0,0.2,6,139.728,3.890,459.859
4768.7,73.83,91.4,0.0,0.1,6,136.427,3.893,462.806
4768.7,73.93,91.4,0.0,-0.1,6,134.224,3.894,464.776
4783.4,74.07,91.5,0.0,-0.2,6,130.916,3.896,467.736
4783.4,74.16,91.5,0.0,-0.2,6,128.707,3.897,469.713
4783.4,74.31,91.6,0.0,0.2,6,125.388,3.901,472.683
4783.4,74.40,91.6,0.0,-0.1,6,123.171,3.903,474.666
4798.2,74.54,91.7,0.0,-0.2,6,119.841,3.904,477.644
4798.2,74.64,91.7,0.0,-0.2,6,117.617,3.905,479.632
4798.2,74.77,91.8,0.0,0.1,6,114.274,3.904,482.618
4798.2,74.86,91.8,0.0,-0.2,6,112.042,3.903,484.612
4813.1,75.01,91.8,0.0,-0.3,6,108.688,3.899,487.605
4813.1,75.10,91.9,0.0,-0.3,6,106.448,3.895,489.604
4813.1,75.23,91.9,0.0,0.1,6,103.082,3.888,492.604
4813.1,75.32,92.0,0.0,0.0,6,100.833,3.882,494.607
4828.2,75.46,92.0,0.0,0.1,6,97.455,3.873,497.614
4828.2,75.55,92.0,0.0,0.0,6,95.199,3.866,499.622
4828.2,75.68,92.1,0.0,0.2,6,91.810,3.852,502.638
4843.3,75.81,92.1,0.0,-0.0,6,88.415,3.835,505.659
4843.3,75.90,92.2,0.0,-0.2,6,86.148,3.823,507.676
4843.3,76.02,92.2,0.0,-0.2,6,82.743,3.803,510.705
4843.3,76.12,92.2,0.0,0.1,6,80.469,3.789,512.727
4858.5,76.24,92.3,0.0,-0.7,6,77.053,3.768,515.763
4858.5,76.33,92.3,0.0,0.2,6,74.771,3.753,517.789
4858.5,76.46,92.4,0.0,0.3,6,71.343,3.730,520.830
4858.5,76.54,92.4,0.0,-0.2,6,69.053,3.715,522.859
4873.8,76.67,92.4,0.0,-0.0,6,65.613,3.690,525.908
4873.8,76.75,92.4,0.0,-0.9,6,63.317,3.673,527.942
4873.8,76.87,92.5,0.0,-0.1,6,59.866,3.646,530.996
4873.8,76.96,92.5,0.0,0.1,6,57.560,3.626,533.033
4889.2,77.08,92.6,0.0,0.1,6,54.095,3.593,536.089
4889.2,77.16,92.6,0.0,0.2,6,51.780,3.570,538.127
4889.2,77.27,92.6,0.0,-0.2,6,48.303,3.534,541.188
4889.2,77.36,92.7,0.0,0.2,6,45.982,3.509,543.232
4904.6,77.48,92.7,0.0,0.8,6,42.497,3.468,546.302
4904.6,77.59,92.7,0.0,0.8,6,39.008,3.423,549.378
4904.6,77.67,92.8,0.0,0.7,6,36.682,3.391,551.435
4904.6,77.80,92.8,0.0,0.4,6,33.191,3.335,554.527
4920.1,77.87,92.8,0.0,0.1,6,30.864,3.298,556.594
4920.1,77.97,92.9,0.0,0.1,6,27.374,3.240,559.703
4920.1,78.04,92.9,0.0,0.0,6,25.047,3.201,561.781
4920.1,78.16,92.9,0.0,0.2,6,21.555,3.143,564.905
4935.7,78.24,92.9,0.0,0.2,6,19.225,3.102,566.992
4935.7,78.34,93.0,0.0,0.2,6,15.728,3.041,570.128
4935.7,78.42,93.0,0.0,-0.1,6,13.395,3.001,572.221
4935.7,78.52,93.1,0.0,-0.5,0,9.893,2.942,575.367
4951.4,78.42,0.0,0.0,-0.3,0,7.557,2.903,577.464
4951.4,78.47,92.3,0.0,-0.1,7,4.056,2.848,580.606
4951.4,78.54,92.4,0.0,-0.5,7,1.718,2.812,582.703
4951.4,78.66,92.4,0.0,-1.2,7,-1.793,2.750,585.850
4967.1,78.64,31.7,14.2,-1.2,7,-5.311,2.689,588.997
4967.1,78.27,0.0,55.0,-0.6,7,-7.654,2.650,591.088
4967.1,77.15,0.0,81.7,-0.1,7,-11.141,2.591,594.190
4967.1,76.22,0.0,86.8,-0.0,7,-13.436,2.553,596.228
4982.6,74.77,0.0,89.7,-0.4,7,-16.828,2.500,599.235
4982.6,73.80,0.0,91.2,-0.9,7,-19.055,2.467,601.205
4982.6,72.35,29.9,92.9,-1.1,0,-22.343,2.417,604.109
4982.6,71.37,0.0,92.9,-1.1,6,-24.502,2.382,606.010
4997.2,69.87,0.0,91.5,-1.0,6,-27.688,2.330,608.806
4997.2,68.89,0.0,91.0,-0.5,6,-29.779,2.295,610.633
4997.2,67.43,0.0,90.8,-0.2,6,-32.868,2.247,613.318
4997.2,66.46,0.0,90.8,-0.6,6,-34.895,2.216,615.070
5010.8,65.02,0.0,91.1,-1.5,6,-37.887,2.172,617.645
5010.8,64.09,30.3,92.5,-1.7,0,-39.850,2.143,619.324
5010.8,62.61,0.0,91.4,-2.1,5,-42.749,2.098,621.789
5010.8,61.18,0.0,90.1,-1.1,5,-45.590,2.055,624.184
5023.4,60.24,0.0,90.7,-1.4,5,-47.454,2.026,625.742
5023.4,58.82,0.0,90.6,-2.9,5,-50.208,1.983,628.021
5023.4,57.88,0.0,90.7,-3.6,5,-52.016,1.955,629.500
5023.4,56.47,0.0,90.8,-4.3,5,-54.687,1.915,631.656
5035.0,55.53,0.0,90.5,-4.0,5,-56.441,1.888,633.052
5035.0,54.18,28.8,91.5,-4.4,0,-59.035,1.850,635.080
5035.0,53.27,0.0,88.6,-4.4,4,-60.741,1.825,636.390
5035.0,51.92,0.0,79.0,-3.3,4,-63.263,1.787,638.291
5045.7,51.08,0.0,65.8,-2.1,4,-64.923,1.762,639.514
5045.7,50.05,0.0,51.3,-0.4,4,-67.390,1.725,641.280
5045.7,49.45,0.0,45.7,0.6,4,-69.026,1.702,642.414
5045.7,48.64,0.0,40.4,0.3,4,-71.472,1.666,644.051
5055.6,48.13,0.0,39.9,-0.5,4,-73.099,1.642,645.101
5055.6,47.40,0.0,39.6,-3.4,4,-75.536,1.607,646.613
5055.6,46.93,0.0,37.3,-6.2,4,-77.156,1.585,647.580
5055.6,46.26,0.0,32.9,-9.4,4,-79.581,1.552,648.973
5064.9,45.67,0.0,25.9,-10.7,4,-82.000,1.519,650.298
5064.9,45.33,0.0,20.7,-11.2,4,-83.611,1.498,651.147
5064.9,44.90,0.0,18.3,-12.4,4,-86.027,1.465,652.368
5064.9,44.62,0.0,16.1,-12.8,4,-87.638,1.443,653.150
5073.8,44.23,0.0,27.4,-12.9,4,-90.058,1.410,654.270
5073.8,43.87,0.0,36.5,-13.1,4,-91.670,1.388,654.981
5073.8,43.21,39.9,38.9,-12.8,0,-94.080,1.356,655.993
5073.8,42.77,0.0,30.0,-11.8,3,-95.679,1.335,656.630
5082.4,42.22,0.0,15.4,-10.7,3,-98.065,1.305,657.527
5082.4,41.97,0.0,10.3,-11.2,3,-99.653,1.285,658.087
5082.4,41.67,0.0,5.1,-13.3,3,-102.036,1.254,658.872
5082.4,41.51,0.0,4.0,-15.7,3,-103.627,1.234,659.360
5090.9,41.29,0.0,1.6,-18.3,3,-106.017,1.204,660.037
5090.9,41.10,0.0,1.6,-20.0,3,-108.411,1.174,660.650
5090.9,40.97,0.0,1.3,-20.8,3,-110.010,1.155,661.024
5099.4,40.77,0.0,1.6,-20.6,3,-112.409,1.125,661.531
5099.4,40.64,0.0,1.7,-20.0,3,-114.009,1.105,661.831
5099.4,40.44,0.0,2.3,-20.0,3,-116.410,1.077,662.225
5099.4,40.30,0.0,1.5,-20.0,3,-118.009,1.059,662.448
5107.6,40.11,0.0,1.6,-19.5,3,-120.406,1.032,662.727
5107.6,39.97,0.0,2.0,-18.8,3,-122.001,1.015,662.874
5107.6,39.77,0.0,1.6,-18.5,3,-124.388,0.991,663.034
5107.6,39.64,0.0,2.1,-19.0,3,-125.975,0.976,663.103
5115.9,39.45,0.0,1.4,-19.9,3,-128.347,0.954,663.149
5115.9,39.32,0.0,1.1,-20.7,3,-129.922,0.941,663.143
5115.9,39.13,0.0,1.0,-21.5,3,-132.275,0.919,663.079
5115.9,39.00,0.0,0.5,-21.5,3,-133.836,0.905,662.999
5123.9,38.81,0.0,0.9,-21.3,3,-136.164,0.885,662.825
5123.9,38.69,0.0,0.4,-21.8,3,-137.707,0.872,662.671
5123.9,38.50,1.2,0.0,-22.5,3,-140.005,0.853,662.386
5123.9,38.33,1.1,0.0,-22.4,3,-142.283,0.835,662.036
5132.1,38.21,1.6,0.0,-22.7,3,-143.790,0.822,661.767
5132.1,38.04,1.2,0.1,-22.8,3,-146.032,0.805,661.307
5132.1,37.92,1.7,0.0,-23.2,3,-147.512,0.793,660.965
5132.1,37.75,2.6,0.0,-24.3,3,-149.711,0.777,660.399
5140.3,37.64,2.2,0.0,-24.9,3,-151.161,0.766,659.987
5140.3,37.47,3.8,0.0,-25.7,3,-153.313,0.750,659.316
5140.3,37.37,2.1,0.0,-26.2,3,-154.730,0.739,658.835
5140.3,37.19,3.6,0.0,-27.2,3,-156.829,0.723,658.061
5148.1,37.09,4.2,0.0,-27.5,3,-158.209,0.713,657.510
5148.1,36.91,1.1,0.0,-27.6,3,-160.249,0.699,656.634
5148.1,36.79,5.6,0.0,-27.0,3,-161.587,0.690,656.015
5148.1,36.64,5.2,0.0,-25.7,3,-163.559,0.680,655.034
5156.3,36.47,10.3,0.0,-23.9,3,-165.489,0.672,653.991
5156.3,36.39,8.9,0.0,-21.9,3,-166.750,0.669,653.262
5156.3,36.25,7.7,0.0,-19.9,3,-168.605,0.669,652.117
5156.3,36.17,7.8,0.0,-19.7,3,-169.817,0.667,651.325
5164.6,36.04,7.8,0.0,-22.3,3,-171.600,0.662,650.093
5164.6,35.96,14.1,0.0,-25.1,3,-172.762,0.659,649.242
5164.6,35.90,28.2,0.0,-29.0,3,-174.465,0.655,647.922
5164.6,35.91,33.1,0.0,-31.0,3,-175.573,0.656,647.008
5172.3,36.00,42.1,0.0,-33.8,3,-177.198,0.659,645.591
5172.3,36.06,46.4,0.0,-35.4,3,-178.258,0.661,644.615
5172.3,36.22,50.8,0.0,-37.6,3,-179.816,0.665,643.108
5172.3,36.32,54.1,0.0,-39.5,3,-180.832,0.667,642.073
5180.3,36.49,51.6,0.0,-42.6,3,-182.319,0.673,640.473
5180.3,36.58,38.2,0.0,-42.6,3,-183.760,0.679,638.821
5180.3,36.60,36.9,0.0,-41.2,3,-184.691,0.684,637.691
5180.3,36.68,49.8,0.0,-40.0,3,-186.041,0.694,635.957
5187.8,36.81,63.3,0.0,-39.5,3,-186.912,0.701,634.774
5187.8,37.08,62.7,0.0,-39.6,3,-188.181,0.712,632.957
5187.8,37.16,37.7,0.0,-39.5,3,-189.000,0.719,631.718
5187.8,37.10,13.2,0.0,-39.2,3,-190.178,0.730,629.826
5195.4,37.02,19.4,0.0,-39.2,3,-190.927,0.738,628.547
5195.4,37.00,35.7,0.0,-37.8,3,-191.996,0.752,626.601
5195.4,37.05,43.9,0.0,-36.7,3,-192.676,0.759,625.286
5195.4,37.16,49.4,0.0,-34.1,3,-193.646,0.769,623.283
5202.5,37.26,54.1,0.0,-31.2,3,-194.261,0.774,621.929
5202.5,37.40,46.0,0.0,-25.2,3,-195.135,0.780,619.866
5202.5,37.47,41.4,0.0,-20.7,3,-195.683,0.783,618.473
5202.5,37.56,41.0,0.0,-14.1,3,-196.454,0.784,616.359
5209.5,37.59,31.3,0.0,-8.7,3,-197.160,0.784,614.218
5209.5,37.59,32.6,0.0,-6.2,3,-197.593,0.784,612.778
5209.5,37.63,40.4,0.0,-4.5,3,-198.184,0.785,610.600
5209.5,37.73,58.2,0.0,-4.6,3,-198.539,0.786,609.136
5216.8,37.95,64.0,0.0,-6.1,3,-199.019,0.788,606.918
5216.8,38.15,73.1,0.0,-7.8,3,-199.303,0.789,605.423
5216.8,38.50,73.1,0.0,-8.9,3,-199.679,0.791,603.156
5216.8,38.75,82.9,0.0,-10.1,3,-199.896,0.794,601.627
5224.4,39.19,84.5,0.0,-12.4,3,-200.174,0.800,599.306
5224.4,39.47,84.6,0.0,-11.6,3,-200.330,0.805,597.742
5224.4,39.92,84.7,0.0,-9.1,3,-200.521,0.813,595.368
5224.4,40.24,84.7,0.0,-6.9,3,-200.623,0.819,593.769
5232.4,40.69,84.9,0.0,-4.3,3,-200.739,0.831,591.345
5232.4,41.09,60.1,0.0,-0.9,3,-200.820,0.845,588.893
5232.4,41.15,20.0,2.8,1.1,3,-200.859,0.857,587.248
5240.6,40.93,0.0,29.4,3.9,3,-200.909,0.874,584.784
5240.6,40.55,0.0,47.4,5.7,3,-200.943,0.885,583.154
5240.6,39.70,0.0,57.3,7.2,3,-201.003,0.900,580.744
5240.6,39.08,0.0,51.8,8.4,3,-201.054,0.911,579.169
5248.6,38.27,0.0,43.9,10.1,3,-201.150,0.928,576.849
5248.6,37.78,0.0,38.0,11.2,3,-201.230,0.940,575.330
5248.6,37.15,0.0,26.9,12.6,3,-201.381,0.957,573.087
5248.6,36.82,0.0,22.1,13.5,3,-201.504,0.968,571.612
5256.1,36.40,0.0,15.2,15.5,3,-201.723,0.983,569.426
5256.1,36.16,0.0,10.8,17.0,3,-201.894,0.992,567.985
5256.1,35.88,0.0,7.9,19.1,3,-202.192,1.006,565.844
5256.1,35.62,0.0,7.7,19.4,3,-202.544,1.019,563.728
5263.5,35.47,40.9,8.7,18.7,0,-202.809,1.029,562.331
5263.5,35.22,0.0,9.0,16.3,2,-203.251,1.043,560.255
5263.5,35.02,0.0,7.2,16.0,2,-203.574,1.053,558.888
5263.5,34.76,0.0,17.1,16.3,2,-204.103,1.068,556.862
5271.0,34.48,0.0,33.3,16.8,2,-204.483,1.080,555.529
5271.0,33.86,0.0,30.4,17.9,2,-205.088,1.097,553.569
5271.0,33.41,0.0,48.8,18.2,2,-205.513,1.109,552.290
5271.0,32.61,0.0,36.2,17.3,2,-206.177,1.127,550.423
5278.1,32.19,0.0,27.3,16.3,2,-206.638,1.139,549.211
5278.1,31.67,0.0,19.4,15.2,2,-207.363,1.158,547.438
5278.1,31.39,0.0,13.5,15.1,2,-207.870,1.171,546.283
5278.1,31.08,0.0,10.8,17.2,2,-208.664,1.192,544.585
5285.7,30.77,0.0,13.0,20.5,2,-209.499,1.213,542.928
5285.7,30.55,0.0,13.5,22.4,2,-210.075,1.227,541.845
5285.7,30.21,0.0,13.3,24.5,2,-210.970,1.247,540.256
5285.7,30.00,0.0,10.3,25.2,2,-211.585,1.260,539.221
5292.4,29.72,0.0,6.8,26.0,2,-212.541,1.279,537.705
5292.4,29.55,0.0,5.6,26.7,2,-213.199,1.291,536.719
5292.4,29.33,0.0,2.8,28.1,2,-214.220,1.309,535.277
5292.4,29.21,0.0,1.2,29.2,2,-214.923,1.321,534.341
5298.9,29.03,0.0,0.0,31.1,2,-216.012,1.338,532.974
5298.9,28.92,1.1,0.0,32.4,2,-216.760,1.349,532.089
5298.9,28.72,4.4,0.0,35.8,2,-218.311,1.369,530.383
5298.9,28.63,6.0,0.0,37.3,2,-219.114,1.379,529.563
5305.6,28.51,9.6,0.0,39.8,2,-220.350,1.393,528.375
5305.6,28.45,11.9,0.0,41.5,2,-221.195,1.401,527.612
5305.6,28.36,14.6,0.0,43.5,2,-222.497,1.413,526.511
5311.6,28.31,22.1,0.0,45.6,2,-223.836,1.425,525.465
5311.6,28.32,26.7,0.0,47.2,2,-224.751,1.432,524.797
5311.6,28.34,29.9,0.0,49.9,2,-226.154,1.442,523.839
5311.6,28.37,31.5,0.0,52.1,2,-227.111,1.448,523.231
5317.5,28.41,25.8,0.0,56.4,2,-228.577,1.456,522.363
5317.5,28.39,21.5,0.0,59.8,2,-229.573,1.461,521.816
5317.5,28.33,18.0,0.0,64.5,2,-231.090,1.467,521.044
5317.5,28.28,17.1,0.0,67.3,2,-232.114,1.470,520.563
5323.4,28.18,15.2,0.0,71.6,2,-233.670,1.475,519.893
5323.4,28.11,14.2,0.0,74.2,2,-234.718,1.478,519.482
5323.4,27.98,12.7,0.0,77.8,2,-236.304,1.481,518.917
5323.4,27.89,12.0,0.0,79.6,2,-237.368,1.483,518.578
5329.1,27.74,11.4,0.0,81.5,2,-238.974,1.484,518.123
5329.1,27.64,11.1,0.0,77.3,2,-240.049,1.485,517.857
5329.1,27.51,13.8,0.0,80.9,2,-241.668,1.486,517.514
5329.1,27.36,11.7,0.0,80.9,2,-243.291,1.485,517.237
5335.0,27.27,11.0,0.0,79.0,2,-244.374,1.484,517.091
5335.0,27.13,11.2,0.0,80.4,2,-245.998,1.482,516.926
5335.0,27.03,11.1,0.0,81.3,2,-247.079,1.480,516.854
5335.0,26.89,49.2,0.0,75.7,0,-248.696,1.477,516.802
5340.6,26.76,6.7,0.0,74.9,1,-249.769,1.474,516.804
5340.6,26.61,14.3,0.0,73.3,1,-251.368,1.468,516.864
5340.6,26.53,14.7,0.0,72.1,1,-252.429,1.464,516.940
5340.6,26.44,15.5,0.0,69.8,1,-254.009,1.458,517.109
5346.0,26.38,16.3,0.0,67.0,1,-255.054,1.453,517.257
5346.0,26.32,19.1,0.0,61.7,1,-256.611,1.445,517.532
5346.0,26.32,27.3,0.0,58.1,1,-257.641,1.439,517.750
5346.0,26.45,36.4,0.0,53.0,1,-259.177,1.429,518.128
5351.5,26.64,46.2,0.0,47.4,1,-260.706,1.418,518.568
5351.5,26.85,58.1,0.0,42.9,1,-261.724,1.409,518.895
5351.5,27.22,50.6,0.0,34.4,1,-263.252,1.395,519.438
5351.5,27.41,45.6,0.0,28.4,1,-264.269,1.385,519.835
5357.1,27.72,52.4,0.0,21.1,1,-265.789,1.369,520.484
5357.1,27.97,55.3,0.0,18.5,1,-266.799,1.358,520.951
5357.1,28.39,57.0,0.0,18.9,1,-268.313,1.341,521.703
5357.1,28.65,55.5,0.0,21.1,1,-269.319,1.329,522.237
5362.9,29.02,55.0,0.0,25.2,1,-270.824,1.311,523.089
5362.9,29.28,55.6,0.0,28.0,1,-271.823,1.299,523.688
5362.9,29.65,55.1,0.0,32.3,1,-273.316,1.280,524.635
5362.9,29.88,55.7,0.0,34.5,1,-274.305,1.267,525.296
5369.1,30.23,58.7,0.0,35.6,1,-275.777,1.246,526.336
5369.1,30.62,60.5,0.0,34.5,1,-277.232,1.225,527.436
5369.1,30.86,62.6,0.0,33.7,1,-278.192,1.210,528.204
5369.1,31.27,66.5,0.0,32.4,1,-279.613,1.188,529.408
5375.9,31.52,60.1,0.0,31.4,1,-280.548,1.173,530.245
5375.9,31.87,58.9,0.0,30.2,1,-281.927,1.150,531.554
5375.9,32.09,59.8,0.0,29.7,1,-282.828,1.133,532.460
5375.9,32.40,57.3,0.0,28.5,1,-284.151,1.108,533.872
5382.7,32.57,53.8,0.0,27.4,1,-285.010,1.092,534.846
5382.7,32.87,63.0,0.0,26.8,0,-286.263,1.067,536.356
5382.7,32.85,0.0,0.0,26.9,0,-287.071,1.052,537.394
5382.7,33.01,62.9,0.0,27.6,2,-288.233,1.028,538.988
5390.2,33.24,62.9,0.0,28.3,2,-288.982,1.012,540.080
5390.2,33.59,66.7,0.0,30.0,2,-290.069,0.989,541.764
5390.2,33.83,68.0,0.0,31.1,2,-290.768,0.973,542.916
5390.2,34.18,64.8,0.0,30.5,2,-291.777,0.948,544.688
5397.5,34.48,61.8,0.0,28.2,2,-292.735,0.925,546.511
5397.5,34.67,57.5,0.0,26.8,2,-293.342,0.910,547.753
5397.5,34.94,55.5,0.0,24.7,2,-294.204,0.888,549.654
5397.5,35.12,62.9,0.0,24.0,2,-294.746,0.873,550.946
5405.6,35.40,56.3,0.0,23.2,2,-295.510,0.850,552.918
5405.6,35.58,62.8,0.0,24.5,2,-295.985,0.834,554.255
5405.6,35.87,64.1,0.0,25.0,2,-296.641,0.813,556.295
5405.6,36.06,55.5,0.0,22.4,2,-297.041,0.799,557.677
5413.3,36.38,71.9,0.0,18.9,2,-297.585,0.781,559.780
5413.3,36.65,75.2,0.0,17.6,2,-297.912,0.769,561.203
5413.3,37.07,83.9,0.0,14.1,2,-298.353,0.751,563.369
5413.3,37.41,75.7,0.0,11.0,2,-298.615,0.739,564.835
5421.7,37.87,85.9,0.0,8.6,2,-298.956,0.724,567.066
5421.7,38.23,86.3,0.0,7.9,2,-299.152,0.715,568.575
5421.7,38.76,86.4,0.0,10.0,2,-299.402,0.702,570.870
5421.7,39.10,86.5,0.0,11.6,2,-299.540,0.695,572.421
5429.9,39.63,86.6,0.0,13.2,2,-299.708,0.686,574.775
5429.9,40.12,86.8,0.0,14.5,2,-299.829,0.680,577.164
5429.9,40.45,86.8,0.0,14.7,2,-299.882,0.677,578.774
5438.0,40.91,87.5,0.0,14.2,2,-299.920,0.674,581.214
5438.0,41.09,0.0,0.0,13.2,0,-299.915,0.672,582.855
5438.0,41.18,76.2,0.0,11.9,3,-299.858,0.668,585.318
5438.0,41.42,77.1,0.0,12.2,3,-299.787,0.665,586.968
5446.1,41.82,79.8,0.0,13.3,3,-299.632,0.659,589.460
5446.1,42.09,84.6,0.0,14.6,3,-299.496,0.655,591.132
5446.1,42.51,85.6,0.0,16.5,3,-299.242,0.647,593.657
5446.1,42.81,85.6,0.0,16.5,3,-299.040,0.641,595.351
5454.4,43.24,85.7,0.0,18.7,3,-298.686,0.630,597.907
5454.4,43.66,85.8,0.0,21.7,3,-298.268,0.619,600.479
5454.4,43.88,51.6,0.0,23.8,3,-297.954,0.609,602.202
5454.4,43.84,15.0,0.0,24.3,3,-297.428,0.592,604.781
5462.9,43.81,51.3,0.0,23.2,3,-297.039,0.578,606.490
5462.9,44.14,86.0,0.0,20.4,3,-296.395,0.560,609.047
5462.9,44.41,86.1,0.0,16.8,3,-295.926,0.546,610.754
5462.9,44.80,86.2,0.0,12.3,3,-295.166,0.522,613.319
5471.7,45.06,86.3,0.0,10.1,3,-294.622,0.504,615.031
5471.7,45.45,86.5,0.0,3.8,3,-293.748,0.473,617.601
5471.7,45.67,67.6,0.0,-1.5,3,-293.129,0.452,619.315
5471.7,46.06,85.8,0.0,-3.1,3,-292.150,0.417,621.886
5480.7,46.34,86.6,0.0,-1.7,3,-291.468,0.392,623.603
5480.7,46.72,86.6,0.0,1.8,3,-290.403,0.358,626.182
5480.7,47.04,86.5,0.0,4.1,3,-289.672,0.335,627.909
5480.7,47.35,87.0,0.0,5.5,3,-288.554,0.292,630.510
5490.0,47.77,86.9,0.0,3.8,3,-287.408,0.245,633.125
5490.0,48.02,86.9,0.0,1.3,3,-286.629,0.210,634.874
5490.0,48.51,86.8,0.0,-0.8,3,-285.433,0.150,637.511
5490.0,48.76,86.9,0.0,0.8,3,-284.615,0.113,639.275
5499.6,49.15,86.9,0.0,3.9,3,-283.361,0.063,641.928
5499.6,49.41,86.9,0.0,5.6,3,-282.508,0.033,643.705
5499.6,49.54,0.0,0.0,5.2,0,-281.207,-0.013,646.376
5499.6,49.65,85.0,0.0,3.9,4,-280.327,-0.041,648.152
5509.4,50.07,85.2,0.0,2.9,4,-278.983,-0.080,650.822
5509.4,50.26,85.5,0.0,2.9,4,-278.071,-0.107,652.608
5509.4,50.61,85.5,0.0,2.5,4,-276.682,-0.152,655.295
5509.4,50.86,85.6,0.0,2.8,4,-275.738,-0.180,657.092
5519.5,51.25,85.6,0.0,3.0,4,-274.294,-0.206,659.793
5519.5,51.46,85.8,0.0,3.2,4,-273.313,-0.218,661.599
5519.5,51.84,86.1,0.0,3.8,4,-271.818,-0.233,664.313
5519.5,52.17,86.2,0.0,5.9,4,-270.295,-0.247,667.035
5529.8,52.40,86.2,0.0,5.1,4,-269.263,-0.259,668.853
5529.8,52.75,86.4,0.0,5.0,4,-267.682,-0.278,671.583
5529.8,52.97,86.6,0.0,4.2,4,-266.606,-0.290,673.402
5529.8,53.31,86.7,0.0,3.6,4,-264.958,-0.307,676.131
5540.3,53.54,86.8,0.0,3.6,4,-263.838,-0.318,677.951
5540.3,53.87,87.0,0.0,4.1,4,-262.129,-0.332,680.682
5540.3,54.10,87.0,0.0,4.2,4,-260.970,-0.340,682.503
5540.3,54.43,87.2,0.0,4.5,4,-259.202,-0.350,685.237
5551.1,54.64,87.3,0.0,4.0,4,-258.004,-0.354,687.059
5551.1,54.97,87.4,0.0,3.1,4,-256.179,-0.360,689.793
5551.1,55.18,87.5,0.0,2.6,4,-254.943,-0.363,691.617
5551.1,55.51,87.7,0.0,1.9,4,-253.065,-0.368,694.355
5562.0,55.82,87.8,0.0,1.4,4,-251.160,-0.373,697.097
5562.0,56.04,87.9,0.0,1.8,4,-249.875,-0.377,698.929
5562.0,56.36,88.0,0.0,2.4,4,-247.930,-0.384,701.682
5562.0,56.57,88.1,0.0,2.7,4,-246.619,-0.390,703.521
5573.2,56.88,88.3,0.0,2.9,4,-244.633,-0.398,706.284
5573.2,57.08,88.4,0.0,3.1,4,-243.295,-0.404,708.128
5573.2,57.39,88.5,0.0,3.3,4,-241.264,-0.411,710.896
5573.2,57.59,88.6,0.0,3.5,4,-239.893,-0.415,712.742
5584.5,57.88,88.7,0.0,3.8,4,-237.811,-0.420,715.510
5584.5,58.08,88.8,0.0,3.9,4,-236.405,-0.423,717.354
5584.5,58.37,88.9,0.0,4.3,4,-234.269,-0.426,720.117
5584.5,58.56,89.0,0.0,4.6,4,-232.826,-0.427,721.957
5596.1,58.85,89.1,0.0,4.8,4,-230.632,-0.429,724.712
5596.1,59.03,89.2,0.0,5.0,4,-229.150,-0.430,726.544
5596.1,59.30,89.3,0.0,4.9,4,-226.895,-0.429,729.285
5608.0,59.47,0.0,0.0,5.0,0,-224.601,-0.427,732.015
5608.0,59.43,87.9,0.0,4.6,5,-223.056,-0.424,733.822
5608.0,59.68,88.0,0.0,4.4,5,-220.710,-0.418,736.516
5608.0,59.85,88.1,0.0,4.8,5,-219.125,-0.412,738.305
5620.1,60.10,88.2,0.0,5.1,5,-216.715,-0.400,740.976
5620.1,60.25,88.3,0.0,5.1,5,-215.087,-0.390,742.749
5620.1,60.50,88.4,0.0,5.1,5,-212.615,-0.372,745.396
5620.1,60.66,88.5,0.0,4.9,5,-210.946,-0.359,747.153
5632.4,60.90,88.6,0.0,4.5,5,-208.411,-0.337,749.774
5632.4,61.07,88.6,0.0,4.3,5,-206.700,-0.322,751.513
5632.4,61.31,88.8,0.0,4.2,5,-204.102,-0.295,754.107
5632.4,61.54,88.9,0.0,4.6,5,-201.470,-0.267,756.685
5644.9,61.71,88.9,0.0,5.0,5,-199.696,-0.249,758.397
5644.9,61.95,89.0,0.0,5.0,5,-197.007,-0.225,760.952
5644.9,62.11,89.1,0.0,4.7,5,-195.196,-0.209,762.647
5644.9,62.33,89.3,0.0,5.0,5,-192.449,-0.189,765.175
5657.5,62.58,89.3,0.0,5.0,5,-189.669,-0.177,767.687
5657.5,62.73,89.3,0.0,4.8,5,-187.795,-0.172,769.351
5657.5,62.96,89.4,0.0,4.7,5,-184.955,-0.166,771.831
5657.5,63.11,89.5,0.0,4.7,5,-183.041,-0.163,773.472
5670.4,63.34,89.6,0.0,4.7,5,-180.139,-0.156,775.914
5670.4,63.49,89.7,0.0,5.2,5,-178.184,-0.151,777.531
5670.4,63.72,89.7,0.0,5.8,5,-175.223,-0.146,779.937
5670.4,63.86,89.8,0.0,5.9,5,-173.229,-0.143,781.529
5683.3,64.09,89.9,0.0,6.2,5,-170.209,-0.142,783.897
5683.3,64.24,89.9,0.0,6.0,5,-168.174,-0.145,785.462
5683.3,64.45,90.0,0.0,5.8,5,-165.089,-0.147,787.781
5683.3,64.66,90.1,0.0,5.8,5,-161.963,-0.146,790.067
5696.4,64.80,90.2,0.0,6.4,5,-159.856,-0.145,791.572
5696.4,65.02,90.2,0.0,7.1,5,-156.664,-0.143,793.802
5696.4,65.14,90.4,0.0,6.6,5,-154.515,-0.142,795.269
5696.4,65.34,90.4,0.0,5.9,5,-151.257,-0.140,797.440
5709.7,65.48,90.5,0.0,5.5,5,-149.064,-0.138,798.866
5709.7,65.69,90.5,0.0,5.7,5,-145.740,-0.130,800.972
5709.7,65.82,90.6,0.0,6.5,5,-143.504,-0.125,802.357
5709.7,66.03,90.6,0.0,7.3,5,-140.121,-0.122,804.406
5723.1,66.16,90.7,0.0,7.5,5,-137.846,-0.120,805.752
5723.1,66.35,90.8,0.0,6.8,5,-134.402,-0.118,807.737
5723.1,66.49,90.8,0.0,6.6,5,-132.085,-0.116,809.037
5723.1,66.67,90.9,0.0,7.1,5,-128.581,-0.114,810.954
5736.6,66.88,91.0,0.0,7.2,5,-125.038,-0.113,812.824
5736.6,67.00,91.0,0.0,7.3,5,-122.656,-0.110,814.045
5736.6,67.17,91.1,0.0,7.5,5,-119.053,-0.108,815.837
5736.6,67.30,91.1,0.0,7.3,5,-116.630,-0.105,817.004
5750.2,67.48,91.2,0.0,7.5,5,-112.967,-0.102,818.713
5750.2,67.59,91.2,0.0,7.8,5,-110.505,-0.100,819.824
5750.2,67.77,91.3,0.0,8.1,5,-106.783,-0.095,821.447
5750.2,67.88,91.4,0.0,8.2,5,-104.282,-0.091,822.498
5763.8,68.05,91.4,0.0,7.9,5,-100.504,-0.084,824.031
5763.8,68.16,91.5,0.0,7.9,5,-97.967,-0.080,825.023
5763.8,68.33,91.5,0.0,7.6,5,-94.134,-0.073,826.462
5777.5,68.50,91.6,0.0,8.0,5,-90.270,-0.067,827.846
5777.5,68.61,91.6,0.0,8.0,5,-87.677,-0.064,828.738
5777.5,68.77,91.7,0.0,7.3,5,-83.762,-0.059,830.026
5777.5,68.87,91.7,0.0,7.3,5,-81.136,-0.054,830.852
5791.2,69.05,91.8,0.0,7.2,5,-77.174,-0.048,832.042
5791.2,69.14,91.9,0.0,7.2,5,-74.517,-0.043,832.803
5791.2,69.31,91.9,0.0,7.9,5,-70.510,-0.036,833.896
5791.2,69.41,91.9,0.0,7.2,5,-67.825,-0.031,834.592
5804.9,69.57,92.0,0.0,5.4,5,-63.776,-0.022,835.588
5804.9,69.68,92.0,0.0,4.9,5,-61.065,-0.015,836.221
5804.9,69.64,0.0,0.0,4.1,0,-56.982,-0.002,837.125
5804.9,69.68,91.1,0.0,3.3,6,-54.256,0.008,837.698
5818.7,69.83,91.2,0.0,3.3,6,-50.153,0.026,838.521
5818.7,69.95,91.2,0.0,3.5,6,-47.407,0.040,839.047
5818.7,70.11,91.2,0.0,3.8,6,-43.275,0.062,839.807
5818.7,70.27,91.3,0.0,3.7,6,-39.128,0.086,840.533
5832.7,70.38,91.3,0.0,3.6,6,-36.353,0.100,840.998
5832.7,70.54,91.4,0.0,3.5,6,-32.179,0.124,841.667
5832.7,70.65,91.4,0.0,3.6,6,-29.388,0.141,842.093
5832.7,70.80,91.5,0.0,3.4,6,-25.189,0.167,842.704
5846.9,70.91,91.5,0.0,3.1,6,-22.382,0.187,843.092
5846.9,71.06,91.6,0.0,2.6,6,-18.160,0.218,843.648
5846.9,71.18,91.6,0.0,1.5,6,-15.337,0.235,844.002
5846.9,71.33,91.6,0.0,0.1,6,-11.093,0.261,844.513
5861.1,71.43,91.7,0.0,-0.0,6,-8.257,0.280,844.841
5861.1,71.60,91.7,0.0,-0.2,6,-3.994,0.309,845.326
5861.1,71.70,91.8,0.0,-0.0,6,-1.146,0.330,845.646
5861.1,71.86,91.8,0.0,-0.2,6,3.133,0.355,846.124
6.2,71.97,91.8,0.0,-0.5,6,5.992,0.370,846.444
