opponent,v3,Mike Conway,0,1771576107026
Game,version,date,track,car,event,laptime [s],S1 [s],S2 [s],S3 [s],S4+ [s]
LMU,1.2,2026-02-20 08:28:27,Silverstone Grand Prix Circuit - ELMS,Toyota Gazoo Racing 2025 #7:LM (Hyper),Live,106.234,0,0,0
Tracklen [m],TotalLaps
5866.5,4
,
,
lapdistance [m],speed [m/s],throttle [%],brake [%],steer [%],gear [int],world_x [m],world_y [m],world_z [m]
17.4,71.74,60.1,0.0,0.1,6,18.620,0.410,847.237
17.4,71.84,60.1,0.0,0.1,6,21.472,0.432,847.570
17.4,71.99,60.1,0.0,0.2,6,25.757,0.464,848.070
17.4,72.09,60.2,0.0,0.2,6,28.619,0.487,848.402
31.8,72.23,60.2,0.0,0.2,6,32.919,0.524,848.901
31.8,72.33,60.3,0.0,0.2,6,35.791,0.550,849.232
31.8,72.48,60.3,0.0,0.2,6,40.106,0.586,849.728
31.8,72.57,60.3,0.0,0.2,6,42.988,0.610,850.057
46.3,72.71,60.3,0.0,0.2,6,47.319,0.649,850.548
46.3,72.81,60.3,0.0,0.2,6,50.210,0.676,850.873
46.3,72.95,60.4,0.0,0.2,6,54.555,0.718,851.360
46.3,73.04,60.4,0.0,0.1,6,57.457,0.744,851.683
60.9,73.18,60.4,0.0,0.1,6,61.817,0.782,852.165
60.9,73.27,60.5,0.0,0.1,6,64.728,0.810,852.486
60.9,73.40,60.5,0.0,0.1,6,69.101,0.852,852.966
60.9,73.54,60.5,0.0,0.1,6,73.483,0.895,853.444
75.5,73.63,60.5,0.0,0.0,6,76.409,0.922,853.762
75.5,73.77,60.5,0.0,0.0,6,80.805,0.959,854.238
75.5,73.86,60.6,0.0,0.0,6,83.740,0.982,854.555
75.5,73.99,60.6,0.0,0.0,6,88.149,1.015,855.030
90.3,74.07,60.6,0.0,0.0,6,91.093,1.039,855.347
90.3,74.21,60.6,0.0,0.0,6,95.516,1.074,855.823
90.3,74.29,60.7,0.0,0.1,6,98.469,1.095,856.140
90.3,74.43,60.7,0.0,0.0,6,102.904,1.127,856.617
105.1,74.51,60.7,0.0,0.1,6,105.866,1.148,856.934
105.1,74.64,60.7,0.0,0.2,6,110.315,1.179,857.410
105.1,74.72,60.8,0.0,0.2,6,113.285,1.201,857.727
105.1,74.85,60.8,0.0,0.2,6,117.747,1.234,858.200
120.0,74.94,60.8,0.0,0.2,6,120.726,1.255,858.514
120.0,75.07,60.8,0.0,0.2,6,125.201,1.282,858.983
120.0,75.19,60.9,0.0,0.2,6,129.684,1.304,859.448
120.0,75.27,60.9,0.0,0.2,6,132.678,1.320,859.757
135.1,75.39,60.9,0.0,0.2,6,137.174,1.347,860.217
135.1,75.47,61.0,0.0,0.1,6,140.175,1.371,860.523
135.1,75.61,61.0,0.0,0.1,6,144.684,1.404,860.979
135.1,75.69,61.0,0.0,0.1,6,147.694,1.422,861.282
150.2,75.81,61.0,0.0,0.2,6,152.216,1.449,861.733
150.2,75.89,61.0,0.0,0.2,6,155.235,1.468,862.033
150.2,76.01,61.0,0.0,0.1,6,159.769,1.491,862.481
150.2,76.08,61.1,0.0,0.1,6,162.796,1.509,862.778
165.3,76.20,61.2,0.0,0.1,6,167.342,1.538,863.222
165.3,76.27,61.2,0.0,0.1,6,170.377,1.559,863.517
165.3,76.40,61.2,0.0,-0.0,6,174.936,1.590,863.958
165.3,76.48,61.2,0.0,-0.1,6,177.979,1.611,864.252
180.6,76.59,61.2,0.0,-0.2,6,182.550,1.641,864.692
180.6,76.71,61.3,0.0,-0.4,6,187.127,1.668,865.133
180.6,76.79,61.3,0.0,-0.4,6,190.182,1.686,865.430
195.9,76.90,61.3,0.0,-0.5,6,194.771,1.715,865.879
195.9,76.98,61.3,0.0,-0.3,6,197.833,1.735,866.183
195.9,77.09,61.3,0.0,-0.3,6,202.431,1.762,866.645
195.9,77.16,61.3,0.0,-0.2,6,205.500,1.779,866.957
211.3,77.28,61.3,0.0,-0.1,6,210.109,1.803,867.431
211.3,77.35,61.4,0.0,0.0,6,213.185,1.819,867.750
211.3,77.45,61.4,0.0,0.3,6,217.803,1.849,868.234
211.3,77.53,61.4,0.0,0.3,6,220.886,1.871,868.558
226.8,77.64,61.4,0.0,0.4,6,225.515,1.903,869.043
226.8,77.71,61.4,0.0,0.5,6,228.605,1.925,869.365
226.8,77.81,61.4,0.0,0.6,6,233.246,1.958,869.843
226.8,77.88,61.4,0.0,0.6,6,236.343,1.981,870.158
242.4,77.92,34.9,37.8,0.6,6,240.995,2.016,870.623
242.4,77.15,0.0,72.6,1.0,6,245.630,2.043,871.077
242.4,76.39,0.0,80.9,1.1,6,248.689,2.058,871.370
242.4,75.16,0.0,85.2,1.3,6,253.219,2.082,871.793
257.6,74.31,0.0,85.5,1.4,6,256.198,2.098,872.062
257.6,73.04,0.0,86.2,1.4,6,260.604,2.123,872.444
257.6,72.18,0.0,86.2,1.7,6,263.500,2.139,872.682
257.6,70.91,0.0,86.4,2.1,6,267.783,2.163,873.012
272.1,70.07,0.0,86.6,2.2,6,270.597,2.177,873.211
272.1,68.80,0.0,86.5,2.6,6,274.757,2.196,873.477
272.1,67.95,0.0,85.8,2.6,6,277.490,2.207,873.630
272.1,66.69,0.0,85.6,2.6,6,281.527,2.222,873.819
285.6,65.86,0.0,82.9,2.8,6,284.178,2.232,873.915
285.6,64.68,0.0,73.4,3.0,6,288.095,2.245,874.015
285.6,63.94,0.0,64.8,2.6,6,290.668,2.253,874.048
285.6,62.98,0.0,47.3,3.0,6,294.477,2.270,874.044
298.4,62.29,0.0,24.6,4.5,6,298.234,2.287,873.975
298.4,61.96,0.0,22.2,5.4,6,300.718,2.297,873.892
298.4,61.50,0.0,19.8,6.8,6,304.418,2.316,873.709
298.4,61.21,0.0,13.1,7.4,6,306.868,2.329,873.549
310.6,60.87,0.0,9.0,7.8,6,310.518,2.351,873.250
310.6,60.67,0.0,9.6,8.4,6,312.938,2.367,873.011
310.6,60.38,0.0,2.8,9.1,6,316.545,2.391,872.594
310.6,60.22,0.2,1.3,8.2,6,318.936,2.406,872.276
322.5,59.98,0.0,8.5,9.1,6,322.502,2.427,871.738
322.5,59.78,30.1,16.4,9.0,0,324.865,2.441,871.338
322.5,59.39,0.0,23.5,8.0,5,328.380,2.460,870.680
322.5,59.06,0.0,25.2,8.3,5,330.701,2.472,870.202
334.5,58.55,0.0,15.9,8.7,5,334.144,2.489,869.426
334.5,58.30,6.7,1.5,8.9,5,336.413,2.501,868.868
334.5,58.22,50.9,0.0,9.9,5,339.789,2.518,867.966
334.5,58.32,64.2,0.0,12.6,5,343.144,2.535,866.984
346.4,58.41,57.2,0.0,15.0,5,345.371,2.545,866.285
346.4,58.53,42.7,0.0,19.1,5,348.697,2.561,865.170
346.4,58.53,26.4,0.0,20.3,5,350.903,2.572,864.384
346.4,58.44,13.6,0.0,21.2,5,354.186,2.589,863.142
358.7,58.31,4.9,0.0,21.2,5,356.353,2.600,862.272
358.7,58.13,19.7,0.0,19.9,5,359.567,2.619,860.904
358.7,58.08,34.8,0.0,19.0,5,361.685,2.631,859.949
358.7,58.08,41.5,0.0,18.2,5,364.831,2.650,858.449
371.1,58.08,37.7,0.0,18.6,5,366.906,2.662,857.405
371.1,58.09,40.7,0.0,20.2,5,369.986,2.679,855.775
371.1,58.06,26.8,0.0,21.9,5,372.016,2.691,854.645
371.1,58.07,34.4,0.0,25.9,5,375.025,2.709,852.890
383.3,58.03,19.9,0.0,27.9,5,377.008,2.721,851.681
383.3,57.93,23.1,0.0,29.8,5,379.943,2.739,849.813
383.3,57.82,23.7,0.0,29.9,5,382.828,2.755,847.882
383.3,57.75,21.2,0.0,29.6,5,384.724,2.765,846.559
395.6,57.61,20.3,0.0,28.9,5,387.519,2.780,844.517
395.6,57.52,20.5,0.0,27.8,5,389.349,2.791,843.120
395.6,57.38,20.9,0.0,26.7,5,392.042,2.808,840.969
395.6,57.30,20.9,0.0,26.3,5,393.804,2.819,839.500
407.5,57.17,20.8,0.0,26.0,5,396.395,2.835,837.246
407.5,57.10,22.3,0.0,25.7,5,398.087,2.846,835.709
407.5,57.00,26.1,0.0,25.1,5,400.572,2.864,833.355
407.5,56.96,27.1,0.0,24.5,5,402.194,2.875,831.754
419.2,56.91,30.0,0.0,23.0,5,404.575,2.892,829.305
419.2,56.89,35.2,0.0,21.0,5,406.895,2.908,826.801
419.2,56.87,35.0,0.0,19.6,5,408.407,2.918,825.100
430.7,56.84,23.7,0.0,18.1,5,410.622,2.931,822.506
430.7,56.82,26.4,0.0,17.1,5,412.064,2.938,820.749
430.7,56.84,49.4,0.0,15.1,5,414.172,2.948,818.070
430.7,56.91,54.3,0.0,14.1,5,415.541,2.957,816.253
441.9,57.06,57.0,0.0,13.2,5,417.544,2.972,813.482
441.9,57.16,57.2,0.0,12.9,5,418.849,2.980,811.608
441.9,57.35,57.2,0.0,12.4,5,420.761,2.991,808.755
441.9,57.52,57.3,0.0,12.7,5,422.005,3.000,806.823
453.0,57.73,57.5,0.0,13.2,5,423.828,3.016,803.885
453.0,57.89,57.6,0.0,12.8,5,425.014,3.027,801.901
453.0,58.08,55.6,0.0,11.2,5,426.747,3.048,798.884
453.0,58.29,57.9,0.0,9.6,5,428.422,3.071,795.822
464.4,58.42,57.9,0.0,8.5,5,429.507,3.086,793.755
464.4,58.62,58.1,0.0,8.5,5,431.083,3.113,790.619
464.4,58.76,57.6,0.0,8.4,5,432.103,3.130,788.505
464.4,58.98,58.2,0.0,8.2,5,433.589,3.154,785.300
476.0,59.11,58.3,0.0,7.9,5,434.548,3.169,783.142
476.0,59.34,58.3,0.0,7.4,5,435.944,3.195,779.875
476.0,59.48,57.5,0.0,7.0,5,436.845,3.214,777.676
476.0,59.70,57.9,0.0,4.6,5,438.152,3.245,774.350
487.8,59.84,58.6,0.0,3.1,5,438.998,3.262,772.114
487.8,60.05,58.7,0.0,1.8,5,440.231,3.277,768.736
487.8,60.20,58.6,0.0,2.9,5,441.023,3.288,766.466
487.8,60.41,58.9,0.0,4.5,5,442.168,3.311,763.034
499.6,60.56,59.1,0.0,5.0,5,442.909,3.329,760.732
499.6,60.72,48.9,0.0,4.9,5,443.989,3.357,757.258
499.6,60.91,57.9,0.0,4.2,5,445.031,3.385,753.762
499.6,61.05,59.3,0.0,3.5,5,445.705,3.402,751.418
511.7,61.30,59.1,0.0,2.5,5,446.687,3.431,747.882
511.7,61.43,58.6,0.0,3.3,5,447.322,3.457,745.511
511.7,61.64,59.0,0.0,3.3,5,448.248,3.495,741.939
511.7,61.78,59.4,0.0,3.3,5,448.850,3.514,739.545
523.9,62.02,59.7,0.0,3.8,5,449.727,3.537,735.935
523.9,62.15,59.9,0.0,4.0,5,450.292,3.550,733.518
523.9,62.38,59.7,0.0,3.2,5,451.108,3.571,729.872
523.9,62.51,59.9,0.0,3.1,5,451.628,3.589,727.430
536.2,62.72,60.0,0.0,3.6,5,452.376,3.619,723.749
536.2,62.87,60.0,0.0,3.5,5,452.854,3.640,721.283
536.2,63.08,60.1,0.0,3.1,5,453.542,3.671,717.569
536.2,63.23,60.1,0.0,2.7,5,453.983,3.690,715.082
548.8,63.45,60.2,0.0,2.3,5,454.620,3.714,711.336
548.8,63.66,60.2,0.0,1.8,5,455.227,3.739,707.572
548.8,63.79,60.3,0.0,1.5,5,455.617,3.759,705.053
548.8,64.01,60.3,0.0,1.1,5,456.184,3.790,701.262
561.5,64.15,60.3,0.0,1.1,5,456.552,3.810,698.726
561.5,64.36,60.4,0.0,0.7,5,457.091,3.842,694.909
561.5,64.50,60.4,0.0,0.6,5,457.444,3.864,692.356
561.5,64.71,60.5,0.0,0.6,5,457.963,3.897,688.515
574.2,64.85,60.5,0.0,0.6,5,458.304,3.919,685.946
574.2,65.06,60.6,0.0,0.7,5,458.809,3.952,682.082
574.2,65.20,60.6,0.0,0.7,5,459.141,3.975,679.498
574.2,65.40,60.7,0.0,0.8,5,459.633,4.008,675.612
587.1,65.54,60.7,0.0,0.8,5,459.956,4.030,673.013
587.1,65.74,60.7,0.0,0.8,5,460.433,4.063,669.104
587.1,65.94,60.8,0.0,0.8,5,460.902,4.096,665.182
587.1,66.08,60.8,0.0,0.9,5,461.208,4.118,662.560
600.2,66.27,60.9,0.0,0.8,5,461.660,4.149,658.616
600.2,66.40,60.9,0.0,0.9,5,461.955,4.171,655.979
600.2,66.60,61.0,0.0,0.9,5,462.389,4.206,652.013
600.2,66.73,61.0,0.0,0.9,5,462.672,4.229,649.362
613.5,66.92,61.1,0.0,0.9,5,463.086,4.262,645.375
613.5,67.05,61.1,0.0,0.9,5,463.355,4.284,642.709
613.5,67.24,61.2,0.0,0.9,5,463.749,4.316,638.700
613.5,67.37,61.2,0.0,1.0,5,464.004,4.338,636.020
626.9,67.56,61.2,0.0,0.9,5,464.376,4.371,631.990
626.9,67.68,61.2,0.0,0.9,5,464.617,4.393,629.296
626.9,67.87,61.2,0.0,0.9,5,464.968,4.426,625.245
640.4,68.05,61.2,0.0,0.8,5,465.306,4.457,621.182
640.4,68.17,61.3,0.0,0.8,5,465.524,4.478,618.466
640.4,68.36,61.3,0.0,0.8,5,465.841,4.510,614.383
640.4,68.47,61.3,0.0,0.7,5,466.046,4.532,611.655
654.1,68.65,61.3,0.0,0.6,5,466.345,4.564,607.552
654.1,68.77,61.3,0.0,0.7,5,466.539,4.586,604.811
654.1,68.95,61.3,0.0,0.5,5,466.822,4.618,600.689
654.1,69.07,61.3,0.0,0.5,5,467.005,4.639,597.935
667.9,69.24,61.3,0.0,0.5,5,467.273,4.671,593.795
667.9,69.35,61.2,0.0,-0.6,5,467.447,4.692,591.029
667.9,69.53,61.2,0.0,-0.3,5,467.706,4.722,586.872
667.9,69.64,61.2,0.0,-0.4,5,467.878,4.742,584.094
681.8,69.81,61.2,0.0,-0.2,5,468.138,4.769,579.919
681.8,69.92,61.1,0.0,0.1,5,468.313,4.786,577.130
681.8,70.08,61.0,0.0,0.9,5,468.577,4.810,572.939
681.8,70.24,60.9,0.0,0.5,5,468.839,4.831,568.738
695.8,70.35,60.8,0.0,-0.1,5,469.012,4.843,565.932
695.8,70.51,60.6,0.0,0.1,5,469.268,4.860,561.714
695.8,70.61,60.6,0.0,0.2,5,469.437,4.871,558.897
695.8,70.76,60.5,0.0,0.4,5,469.687,4.886,554.664
710.0,70.86,60.4,0.0,-0.1,5,469.852,4.896,551.836
710.0,70.84,0.0,0.0,-0.2,0,470.098,4.908,547.590
710.0,70.87,87.1,0.0,-0.2,6,470.261,4.915,544.762
710.0,71.02,77.3,0.0,-0.1,6,470.506,4.923,540.512
724.2,71.13,70.8,0.0,-0.1,6,470.670,4.927,537.674
724.2,71.28,61.2,0.0,0.4,6,470.916,4.932,533.409
724.2,71.38,59.9,0.0,0.5,6,471.081,4.934,530.561
724.2,71.54,60.0,0.0,0.6,6,471.326,4.936,526.280
738.6,71.64,60.0,0.0,0.4,6,471.486,4.934,523.422
738.6,71.79,60.0,0.0,0.1,6,471.722,4.931,519.126
738.6,71.94,60.1,0.0,0.1,6,471.952,4.925,514.820
738.6,72.05,60.1,0.0,0.1,6,472.102,4.920,511.944
753.0,72.20,60.2,0.0,0.2,6,472.326,4.912,507.623
753.0,72.30,60.2,0.0,0.2,6,472.473,4.905,504.738
753.0,72.44,60.3,0.0,0.2,6,472.693,4.890,500.401
753.0,72.55,60.3,0.0,0.2,6,472.838,4.879,497.505
767.5,72.69,60.3,0.0,0.2,6,473.053,4.858,493.154
767.5,72.79,60.3,0.0,0.1,6,473.196,4.842,490.248
767.5,72.94,60.3,0.0,0.1,6,473.407,4.817,485.881
767.5,73.04,60.4,0.0,0.1,6,473.547,4.801,482.966
782.1,73.18,60.4,0.0,0.1,6,473.754,4.777,478.584
782.1,73.28,60.4,0.0,-0.4,6,473.892,4.762,475.659
782.1,73.42,60.5,0.0,-0.8,6,474.097,4.743,471.263
782.1,73.52,60.5,0.0,-1.2,6,474.237,4.732,468.328
796.8,73.66,60.5,0.0,-1.6,6,474.454,4.712,463.918
796.8,73.79,60.6,0.0,-2.1,6,474.688,4.694,459.501
796.8,73.88,60.6,0.0,-2.7,6,474.857,4.682,456.553
796.8,74.01,60.6,0.0,-3.0,6,475.136,4.664,452.125
811.5,74.10,60.6,0.0,-3.2,6,475.340,4.648,449.170
811.5,74.23,60.6,0.0,-3.1,6,475.680,4.624,444.733
811.5,74.31,60.7,0.0,-3.4,6,475.933,4.610,441.774
811.5,74.44,60.7,0.0,-4.3,6,476.351,4.586,437.332
826.3,74.52,60.7,0.0,-4.4,6,476.657,4.565,434.368
826.3,74.62,60.7,0.0,-4.4,6,477.165,4.537,429.923
826.3,74.69,60.8,0.0,-4.3,6,477.539,4.524,426.961
826.3,74.80,60.8,0.0,-4.7,6,478.155,4.506,422.519
841.2,74.88,60.8,0.0,-4.8,6,478.600,4.492,419.559
841.2,74.98,60.9,0.0,-4.8,6,479.325,4.473,415.122
841.2,75.08,60.9,0.0,-5.2,6,480.120,4.457,410.692
841.2,75.15,60.9,0.0,-5.3,6,480.688,4.446,407.741
856.1,75.25,60.9,0.0,-5.5,6,481.599,4.428,403.323
871.0,75.57,61.0,0.0,-7.4,6,485.149,4.338,388.667
871.0,75.63,61.0,0.0,-7.8,6,485.954,4.309,385.752
871.0,75.71,61.0,0.0,-7.4,6,487.226,4.262,381.394
871.0,75.76,61.0,0.0,-6.3,6,488.120,4.229,378.500
885.9,75.85,61.1,0.0,-5.3,6,489.531,4.176,374.176
885.9,75.90,61.1,0.0,-5.0,6,490.517,4.140,371.306
885.9,75.98,61.1,0.0,-5.4,6,492.063,4.084,367.021
885.9,76.04,61.1,0.0,-5.8,6,493.137,4.045,364.177
901.4,76.13,61.1,0.0,-4.9,6,494.813,3.987,359.931
901.4,76.20,61.1,0.0,-3.3,6,495.970,3.950,357.113
901.4,76.30,61.2,0.0,-0.5,6,497.763,3.893,352.905
901.4,76.38,61.2,0.0,0.8,6,498.989,3.855,350.109
917.0,76.49,61.2,0.0,1.8,6,500.862,3.801,345.923
917.0,76.58,61.1,0.0,2.0,6,502.120,3.767,343.132
917.0,76.71,61.2,0.0,2.5,6,504.002,3.711,338.937
932.8,76.77,29.8,21.4,3.2,6,505.865,3.645,334.726
932.8,76.44,0.0,40.1,2.9,6,507.086,3.603,331.914
932.8,75.67,0.0,47.1,3.1,6,508.867,3.550,327.710
932.8,75.13,0.0,45.5,3.7,6,510.018,3.521,324.922
948.2,74.35,0.0,47.7,3.1,6,511.687,3.481,320.758
948.2,73.81,0.0,46.0,4.1,6,512.761,3.454,317.995
948.2,73.04,0.0,40.4,4.2,6,514.306,3.419,313.868
948.2,72.54,0.0,59.3,4.5,6,515.292,3.398,311.128
962.7,71.57,0.0,67.5,4.7,6,516.700,3.370,307.037
962.7,70.88,0.0,61.7,4.2,6,517.588,3.356,304.329
962.7,69.91,0.0,55.3,4.2,6,518.843,3.340,300.294
962.7,69.30,0.0,48.3,5.1,6,519.631,3.330,297.623
976.3,68.49,0.0,45.7,5.4,6,520.738,3.315,293.639
976.3,67.97,0.0,47.6,5.7,6,521.427,3.304,290.997
976.3,67.24,15.7,7.0,6.0,6,522.385,3.288,287.057
976.3,67.18,55.6,22.5,6.8,6,523.256,3.269,283.122
989.8,66.93,6.7,37.2,8.0,6,523.788,3.256,280.491
989.8,66.17,0.0,44.2,8.4,6,524.510,3.238,276.561
989.8,65.69,0.0,22.0,7.3,6,524.939,3.228,273.958
989.8,65.32,45.6,15.1,4.8,6,525.505,3.221,270.072
1003.9,65.13,6.2,33.2,4.3,6,525.830,3.223,267.482
1003.9,64.72,0.0,18.1,6.4,6,526.259,3.219,263.610
1003.9,64.45,5.6,1.4,7.0,6,526.517,3.199,261.038
1003.9,64.06,40.8,0.0,7.6,6,526.839,3.166,257.195
1018.3,63.97,50.5,0.0,7.0,6,526.976,3.174,254.638
1018.3,63.99,61.6,0.0,4.8,6,527.103,3.204,250.802
1018.3,64.02,58.8,0.0,3.4,6,527.165,3.203,248.242
1018.3,64.21,56.3,0.0,7.1,6,527.214,3.177,244.394
1032.1,64.27,44.2,0.0,12.2,6,527.194,3.161,241.825
1032.1,64.21,25.2,0.0,17.3,6,527.069,3.156,237.971
1032.1,64.13,29.2,0.0,19.4,6,526.852,3.161,234.127
1032.1,64.08,20.1,0.0,19.9,6,526.660,3.166,231.570
1045.2,63.88,7.4,0.0,18.5,6,526.293,3.179,227.748
1045.2,63.73,2.4,0.0,17.3,6,525.995,3.190,225.213
1045.2,63.47,2.7,0.0,13.1,6,525.470,3.207,221.433
1045.2,63.30,0.7,4.6,10.1,6,525.068,3.219,218.929
1057.8,62.98,0.0,1.5,6.5,6,524.385,3.238,215.202
1057.8,62.79,9.9,0.0,4.7,6,523.876,3.255,212.739
1057.8,62.74,71.3,0.0,3.2,6,523.034,3.283,209.070
1057.8,62.81,70.0,0.0,3.3,6,522.424,3.303,206.634
1070.2,62.96,58.9,0.0,4.5,6,521.442,3.334,202.992
1070.2,63.07,55.2,0.0,4.3,6,520.751,3.355,200.568
1070.2,63.24,55.4,0.0,2.4,6,519.672,3.387,196.936
1070.2,63.36,55.5,0.0,0.8,6,518.932,3.408,194.515
1082.9,63.54,55.6,0.0,-1.7,6,517.799,3.440,190.881
1082.9,63.72,55.7,0.0,-2.7,6,516.654,3.470,187.240
1082.9,63.84,55.9,0.0,-3.0,6,515.892,3.490,184.805
1082.9,64.01,56.0,0.0,-3.5,6,514.763,3.517,181.140
1095.8,64.09,37.3,3.1,-3.9,6,514.023,3.533,178.687
1095.8,63.83,0.0,44.2,-4.5,6,512.943,3.555,175.002
1095.8,63.33,0.0,68.7,-4.4,6,512.248,3.567,172.553
1095.8,62.24,0.0,84.0,-3.6,6,511.253,3.586,168.917
1108.5,61.44,0.0,87.5,-2.8,0,510.624,3.598,166.523
1108.5,60.24,0.0,81.8,-2.0,5,509.734,3.616,162.980
1108.5,59.44,0.0,75.2,-1.4,5,509.177,3.626,160.651
1108.5,58.35,0.0,68.8,-1.6,5,508.399,3.640,157.202
1120.6,57.66,0.0,64.7,-2.0,5,507.921,3.650,154.931
1120.6,56.72,0.0,57.5,-3.5,5,507.263,3.667,151.561
1120.6,56.13,0.0,47.6,-4.5,5,506.862,3.677,149.339
1120.6,55.42,0.0,31.1,-5.8,5,506.317,3.691,146.037
1132.2,54.93,0.0,13.7,-7.5,5,505.840,3.703,142.761
1132.2,54.71,0.0,6.5,-8.4,5,505.559,3.709,140.586
1132.2,54.47,0.0,1.9,-9.8,5,505.195,3.715,137.331
1132.2,54.34,0.0,2.6,-10.7,5,504.990,3.718,135.165
1143.6,54.12,0.0,4.9,-11.9,5,504.741,3.718,131.920
1143.6,53.97,0.0,2.5,-13.1,5,504.613,3.715,129.762
1143.6,53.70,0.0,8.6,-14.3,5,504.479,3.704,126.534
1143.6,53.51,0.0,15.6,-13.3,5,504.431,3.694,124.390
1155.1,53.14,0.0,4.1,-10.7,5,504.430,3.680,121.190
1155.1,52.95,6.4,0.0,-8.6,5,504.480,3.675,119.069
1155.1,52.79,24.1,0.0,-6.0,5,504.631,3.677,115.901
1155.1,52.78,43.3,0.0,-5.6,5,504.773,3.677,113.795
1166.2,52.75,28.0,0.0,-6.4,5,505.042,3.666,110.641
1166.2,52.67,16.0,0.0,-7.5,5,505.260,3.656,108.544
1166.2,52.52,28.2,0.0,-8.8,5,505.664,3.647,105.415
1177.3,52.41,18.3,0.0,-9.7,5,506.158,3.649,102.304
1177.3,52.33,9.5,0.0,-10.7,5,506.529,3.649,100.242
1177.3,52.19,6.5,0.0,-11.2,5,507.125,3.628,97.164
1177.3,52.05,9.2,0.0,-12.9,5,507.559,3.608,95.124
1188.4,51.86,17.8,0.0,-15.9,5,508.282,3.586,92.092
1188.4,51.79,14.4,0.0,-15.1,0,508.799,3.566,90.084
1188.4,51.58,8.3,0.0,-15.9,4,509.649,3.539,87.102
1188.4,51.47,12.2,0.0,-18.1,4,510.260,3.522,85.133
1199.4,51.31,6.5,0.0,-22.0,4,511.233,3.490,82.207
1199.4,51.19,9.5,0.0,-25.1,4,511.920,3.465,80.276
1199.4,51.02,9.9,0.0,-29.4,4,513.005,3.424,77.408
1199.4,50.91,12.2,0.0,-31.2,4,513.765,3.396,75.516
1209.9,50.74,11.2,0.0,-32.8,4,514.958,3.351,72.710
1209.9,50.64,21.0,0.0,-32.1,4,515.791,3.320,70.861
1209.9,50.56,40.4,0.0,-29.5,4,517.098,3.274,68.122
1209.9,50.56,47.4,0.0,-26.2,4,518.480,3.233,65.422
1220.1,50.59,58.4,0.0,-24.3,4,519.444,3.208,63.644
1220.1,50.70,67.3,0.0,-18.8,4,520.953,3.176,61.007
1220.1,50.81,83.4,0.0,-14.7,4,522.001,3.156,59.269
1220.1,50.75,6.2,35.5,-8.0,4,523.628,3.126,56.688
1230.2,50.34,0.0,53.4,-3.7,4,524.739,3.107,54.998
1230.2,49.47,0.0,70.7,5.4,4,526.423,3.079,52.519
1230.2,48.81,0.0,75.9,9.0,4,527.544,3.062,50.903
1230.2,47.75,0.0,80.1,10.3,4,529.202,3.035,48.525
1239.9,47.01,0.0,82.1,9.3,4,530.280,3.016,46.965
1239.9,45.88,0.0,83.8,7.1,4,531.843,2.989,44.656
1239.9,45.14,32.8,79.1,5.6,0,532.846,2.971,43.135
1239.9,44.16,0.0,37.9,3.6,3,534.287,2.944,40.876
1248.9,43.62,0.0,9.3,2.9,3,535.655,2.916,38.627
1248.9,43.43,0.0,3.4,4.2,3,536.527,2.897,37.120
1248.9,43.24,0.0,0.4,9.1,3,537.780,2.865,34.842
1248.9,43.13,0.7,0.1,13.6,3,538.579,2.843,33.310
1257.6,42.99,5.6,0.0,18.5,3,539.727,2.809,30.996
1257.6,42.90,6.0,0.0,20.1,3,540.457,2.786,29.441
1257.6,42.76,3.6,0.0,20.4,3,541.499,2.750,27.091
1257.6,42.66,1.9,0.0,19.9,3,542.156,2.725,25.514
1266.4,42.60,43.1,0.0,19.0,3,543.081,2.687,23.131
1266.4,42.72,70.3,0.0,18.3,3,543.658,2.662,21.526
1266.4,43.02,82.9,0.0,19.2,3,544.467,2.625,19.086
1266.4,43.17,56.5,0.0,20.8,3,544.971,2.600,17.437
1275.5,43.18,10.3,0.0,24.2,3,545.669,2.561,14.941
1275.5,43.07,6.7,0.0,26.6,3,546.094,2.534,13.270
1275.5,42.98,28.0,0.0,29.2,3,546.669,2.494,10.754
1275.5,43.06,65.6,0.0,29.6,3,547.167,2.455,8.223
1284.9,43.21,69.4,0.0,30.2,3,547.459,2.429,6.523
1284.9,43.42,68.2,0.0,32.1,3,547.838,2.390,3.952
1284.9,43.54,56.5,0.0,33.7,3,548.055,2.362,2.227
1284.9,43.56,28.7,0.0,36.5,3,548.319,2.317,-0.373
1293.9,43.51,24.6,0.0,38.1,3,548.455,2.286,-2.109
1293.9,43.43,22.4,0.0,39.9,3,548.595,2.241,-4.713
1293.9,43.36,21.0,0.0,40.8,3,548.646,2.210,-6.448
1293.9,43.34,38.5,0.0,42.5,3,548.662,2.164,-9.048
1303.3,43.34,39.6,0.0,44.3,3,548.634,2.132,-10.781
1303.3,43.34,35.8,0.0,46.8,3,548.533,2.081,-13.379
1303.3,43.30,24.1,0.0,48.4,3,548.425,2.047,-15.109
1303.3,43.13,11.3,0.0,49.9,3,548.198,1.999,-17.692
1312.9,43.01,10.9,0.0,50.3,3,548.004,1.969,-19.404
1312.9,42.82,10.7,0.0,49.6,3,547.647,1.927,-21.953
1312.9,42.63,10.6,0.0,48.1,3,547.211,1.887,-24.480
1312.9,42.50,10.7,0.0,47.0,3,546.876,1.862,-26.149
1322.3,42.31,10.9,0.0,45.5,3,546.309,1.828,-28.629
1322.3,42.18,11.2,0.0,44.5,3,545.886,1.807,-30.266
1322.3,42.03,15.7,0.0,43.4,3,545.189,1.777,-32.694
1322.3,41.95,22.4,0.0,43.5,3,544.685,1.757,-34.296
1331.5,41.87,25.2,0.0,43.7,3,543.875,1.725,-36.676
1331.5,41.83,29.7,0.0,43.7,3,543.297,1.703,-38.247
1331.5,41.73,15.6,0.0,42.7,3,542.374,1.671,-40.578
1331.5,41.63,15.9,0.0,40.9,3,541.721,1.651,-42.112
1340.4,41.52,21.0,0.0,36.5,3,540.683,1.624,-44.381
1340.4,41.47,26.4,0.0,33.3,3,539.954,1.607,-45.872
1340.4,41.53,60.6,0.0,29.2,3,538.804,1.582,-48.079
1340.4,41.68,76.5,0.0,26.7,3,537.999,1.565,-49.535
1348.9,41.98,83.9,0.0,22.9,3,536.733,1.540,-51.700
1348.9,42.28,87.4,0.0,19.0,3,535.395,1.516,-53.844
1348.9,42.51,91.9,0.0,16.1,3,534.463,1.501,-55.260
1357.7,42.88,91.9,0.0,11.3,3,533.007,1.479,-57.366
1366.5,44.19,91.9,0.0,5.2,3,527.685,1.403,-64.249
1366.5,44.46,91.9,0.0,5.5,3,526.545,1.386,-65.606
1366.5,44.85,92.0,0.0,6.0,3,524.795,1.358,-67.633
1366.5,45.12,92.0,0.0,6.0,3,523.602,1.338,-68.980
1375.4,45.52,92.0,0.0,6.0,3,521.775,1.307,-70.993
1375.4,45.78,92.0,0.0,6.0,3,520.532,1.285,-72.329
1375.4,46.18,92.0,0.0,5.7,3,518.630,1.252,-74.326
1375.4,46.57,92.0,0.0,5.9,3,516.682,1.217,-76.312
1384.5,46.83,92.0,0.0,6.3,3,515.359,1.192,-77.629
1384.5,47.21,92.0,0.0,6.3,3,513.338,1.152,-79.596
1384.5,47.46,92.0,0.0,6.4,3,511.965,1.124,-80.899
1384.5,47.83,92.0,0.0,8.5,3,509.866,1.083,-82.839
1393.8,48.07,92.1,0.0,8.8,3,508.440,1.058,-84.120
1393.8,48.43,92.1,0.0,9.1,3,506.258,1.022,-86.022
1393.8,48.67,92.1,0.0,8.2,3,504.775,0.998,-87.275
1393.8,49.02,92.1,0.0,8.2,3,502.510,0.961,-89.133
1403.3,49.26,92.1,0.0,6.7,3,500.971,0.933,-90.356
1413.1,50.55,92.1,0.0,3.5,3,492.126,0.769,-96.850
1413.1,50.90,92.2,0.0,3.0,3,489.615,0.727,-98.568
1413.1,51.13,92.2,0.0,2.3,3,487.922,0.701,-99.705
1413.1,51.47,92.2,0.0,1.0,3,485.355,0.664,-101.401
1423.3,51.68,92.2,0.0,0.3,3,483.627,0.641,-102.528
1423.3,51.91,0.0,0.0,-0.4,0,481.017,0.607,-104.218
1423.3,51.91,92.0,0.0,-0.6,4,479.272,0.585,-105.342
1423.3,52.23,92.0,0.0,-1.3,4,476.645,0.552,-107.031
1433.7,52.44,92.0,0.0,-2.1,4,474.885,0.530,-108.164
1433.7,52.75,92.0,0.0,-3.4,4,472.236,0.496,-109.879
1433.7,52.97,86.8,0.0,-3.1,4,470.467,0.473,-111.036
1433.7,53.27,77.1,0.0,-2.7,4,467.811,0.446,-112.797
1444.6,53.60,67.3,0.0,-3.5,4,465.153,0.422,-114.591
1444.6,53.81,60.8,0.0,-4.3,4,463.382,0.409,-115.805
1444.6,54.11,59.7,0.0,-5.8,4,460.725,0.387,-117.656
1444.6,54.29,59.8,0.0,-6.2,4,458.957,0.373,-118.911
1455.8,54.53,60.2,0.0,-6.3,4,456.313,0.347,-120.824
1455.8,54.65,42.6,0.0,-6.2,4,454.558,0.325,-122.123
1455.8,54.76,38.2,0.0,-7.0,4,451.946,0.292,-124.110
1455.8,54.94,49.7,0.0,-8.1,4,450.219,0.269,-125.461
1467.2,55.21,60.1,0.0,-8.7,4,447.648,0.243,-127.537
1467.2,55.39,60.2,0.0,-8.4,4,445.949,0.231,-128.952
1467.2,55.66,60.3,0.0,-7.5,4,443.421,0.214,-131.121
1467.2,55.86,60.3,0.0,-7.0,4,441.750,0.201,-132.597
1478.6,56.12,60.4,0.0,-4.9,4,439.268,0.186,-134.860
1478.6,56.31,60.4,0.0,-4.4,4,437.629,0.179,-136.399
1478.6,56.60,60.5,0.0,-4.8,4,435.190,0.170,-138.749
1490.4,56.87,60.6,0.0,-5.1,4,432.772,0.164,-141.144
1490.4,57.06,60.6,0.0,-5.1,4,431.170,0.160,-142.763
1490.4,57.33,60.8,0.0,-4.8,4,428.782,0.153,-145.228
1490.4,57.52,60.8,0.0,-4.6,4,427.202,0.148,-146.895
1502.0,57.79,60.9,0.0,-4.6,4,424.850,0.142,-149.430
1502.0,57.97,60.9,0.0,-4.7,4,423.294,0.140,-151.144
1502.0,58.24,61.0,0.0,-4.6,4,420.979,0.140,-153.751
1502.0,58.41,61.1,0.0,-4.8,4,419.449,0.143,-155.512
1513.8,58.68,61.1,0.0,-5.1,4,417.173,0.149,-158.187
1513.8,58.85,61.1,0.0,-5.1,4,415.669,0.151,-159.992
1513.8,59.12,61.1,0.0,-5.4,4,413.431,0.150,-162.734
1513.8,59.29,61.1,0.0,-5.4,4,411.955,0.147,-164.585
1525.5,59.54,61.1,0.0,-5.5,4,409.763,0.140,-167.395
1525.5,59.71,61.1,0.0,-5.7,4,408.318,0.133,-169.292
1525.5,59.95,61.2,0.0,-6.6,4,406.176,0.119,-172.172
1525.5,60.19,61.1,0.0,-4.8,4,404.069,0.104,-175.096
1537.3,60.35,61.1,0.0,-4.4,4,402.684,0.094,-177.069
1537.3,60.60,61.1,0.0,-4.2,4,400.633,0.074,-180.061
1537.3,60.75,60.9,0.0,-4.0,4,399.283,0.060,-182.078
1537.3,60.99,60.7,0.0,-3.5,4,397.284,0.038,-185.134
1549.4,61.15,60.6,0.0,-3.1,4,395.967,0.023,-187.190
1549.4,61.38,60.3,0.0,-2.6,4,394.011,0.002,-190.302
1549.4,61.53,60.2,0.0,-2.4,0,392.721,-0.010,-192.394
1549.4,61.48,90.2,0.0,-1.7,5,390.806,-0.025,-195.548
1561.7,61.64,83.7,0.0,-1.3,5,389.542,-0.034,-197.661
1561.7,61.87,74.0,0.0,-1.2,5,387.659,-0.046,-200.851
1561.7,62.03,67.5,0.0,-1.3,5,386.409,-0.052,-202.991
1561.7,62.26,59.8,0.0,-1.3,5,384.543,-0.059,-206.218
1574.1,63.10,60.1,0.0,-2.2,5,377.759,-0.075,-218.223
1586.6,63.33,60.2,0.0,-1.8,5,375.922,-0.079,-221.540
1586.6,63.55,60.2,0.0,-0.6,5,374.094,-0.081,-224.878
1586.6,63.70,60.3,0.0,-0.3,5,372.880,-0.082,-227.115
1599.3,63.92,60.3,0.0,-0.4,5,371.063,-0.083,-230.484
1599.3,64.07,60.3,0.0,-0.5,5,369.853,-0.085,-232.740
1599.3,64.29,60.4,0.0,-0.5,5,368.039,-0.088,-236.136
1599.3,64.44,60.4,0.0,-0.5,5,366.830,-0.093,-238.408
1612.2,64.66,60.4,0.0,-0.6,5,365.016,-0.102,-241.830
1612.2,64.80,60.5,0.0,-0.6,5,363.808,-0.109,-244.120
1612.2,65.01,60.5,0.0,-0.8,5,361.997,-0.122,-247.567
1612.2,65.16,60.6,0.0,-0.9,5,360.790,-0.131,-249.874
1625.2,65.37,60.6,0.0,-1.0,5,358.982,-0.146,-253.346
1625.2,65.58,60.7,0.0,-0.6,5,357.178,-0.160,-256.835
1625.2,65.71,60.7,0.0,-0.5,5,355.977,-0.170,-259.170
1625.2,65.92,60.8,0.0,-0.2,5,354.179,-0.186,-262.686
1638.3,66.06,60.9,0.0,-0.3,5,352.982,-0.196,-265.038
1638.3,66.27,60.9,0.0,-0.2,5,351.187,-0.212,-268.578
1638.3,66.41,60.9,0.0,-0.5,5,349.991,-0.222,-270.947
1638.3,66.61,61.0,0.0,-0.7,5,348.195,-0.238,-274.510
1651.6,66.75,61.0,0.0,-0.6,5,346.999,-0.249,-276.894
1651.6,66.95,61.1,0.0,-0.4,5,345.207,-0.265,-280.482
1651.6,67.09,61.1,0.0,-0.4,5,344.013,-0.277,-282.881
1651.6,67.29,61.2,0.0,-0.3,5,342.223,-0.296,-286.493
1665.0,67.42,61.2,0.0,-0.3,5,341.030,-0.309,-288.909
1665.0,67.61,61.2,0.0,-0.2,5,339.241,-0.331,-292.543
1665.0,67.74,61.2,0.0,-0.1,5,338.048,-0.346,-294.972
1665.0,67.94,61.2,0.0,-0.1,5,336.257,-0.368,-298.627
1678.5,68.14,61.2,0.0,-0.0,5,334.464,-0.396,-302.294
1678.5,68.26,61.3,0.0,-0.0,5,333.266,-0.413,-304.745
1678.5,68.45,61.3,0.0,-0.0,5,331.467,-0.433,-308.430
1678.5,68.57,61.3,0.0,-0.0,5,330.266,-0.446,-310.892
1692.2,68.77,61.3,0.0,-0.1,5,328.460,-0.470,-314.595
1692.2,68.95,61.3,0.0,-0.1,5,326.650,-0.496,-318.309
1692.2,69.07,61.3,0.0,-0.1,5,325.441,-0.512,-320.790
1692.2,69.26,61.3,0.0,-0.1,5,323.624,-0.536,-324.521
1706.0,69.37,61.2,0.0,-0.0,5,322.410,-0.551,-327.013
1706.0,69.55,61.2,0.0,-0.0,5,320.587,-0.575,-330.761
1706.0,69.73,61.2,0.0,-0.1,5,318.760,-0.599,-334.518
1706.0,69.84,61.1,0.0,-0.1,5,317.539,-0.615,-337.028
1719.9,70.02,61.0,0.0,-0.1,5,315.706,-0.639,-340.802
1719.9,70.13,60.9,0.0,-0.1,5,314.482,-0.655,-343.323
1719.9,70.29,60.7,0.0,-0.1,5,312.643,-0.679,-347.113
1719.9,70.40,60.7,0.0,-0.1,5,311.415,-0.695,-349.644
1733.9,70.57,60.6,0.0,-0.1,5,309.571,-0.720,-353.450
1733.9,70.67,60.5,0.0,-0.1,5,308.340,-0.737,-355.992
1733.9,70.83,60.4,0.0,-0.1,5,306.491,-0.763,-359.813
1733.9,70.94,60.3,0.0,-0.1,5,305.257,-0.782,-362.365
1748.1,70.91,0.0,0.0,-0.0,0,303.404,-0.810,-366.199
1748.1,70.95,87.1,0.0,-0.0,6,302.171,-0.831,-368.753
1748.1,71.11,77.4,0.0,-0.1,6,300.319,-0.861,-372.591
1748.1,71.21,70.9,0.0,-0.1,6,299.082,-0.882,-375.154
1762.3,71.37,61.2,0.0,-0.1,6,297.226,-0.914,-379.007
1762.3,71.53,60.0,0.0,-0.1,6,295.366,-0.947,-382.870
1762.3,71.64,60.0,0.0,-0.1,6,294.124,-0.970,-385.449
1776.6,71.79,60.1,0.0,-0.0,6,292.259,-1.002,-389.327
1776.6,71.90,60.1,0.0,-0.0,6,291.014,-1.023,-391.916
1776.6,72.05,60.2,0.0,0.0,6,289.143,-1.055,-395.808
1776.6,72.16,60.2,0.0,0.0,6,287.894,-1.077,-398.408
1791.0,72.31,60.2,0.0,0.1,6,286.017,-1.111,-402.314
1791.0,72.41,60.3,0.0,0.1,6,284.764,-1.134,-404.922
1791.0,72.56,60.3,0.0,0.1,6,282.879,-1.166,-408.842
1791.0,72.66,60.3,0.0,0.1,6,281.621,-1.184,-411.459
1805.5,72.81,60.4,0.0,0.1,6,279.729,-1.211,-415.391
1805.5,72.91,60.4,0.0,0.1,6,278.464,-1.230,-418.017
1805.5,73.06,60.4,0.0,0.1,6,276.563,-1.258,-421.962
1805.5,73.16,60.4,0.0,0.1,6,275.293,-1.277,-424.596
1820.1,73.31,60.5,0.0,0.2,6,273.382,-1.306,-428.552
1820.1,73.40,60.5,0.0,0.2,6,272.106,-1.325,-431.194
1820.1,73.55,60.5,0.0,0.2,6,270.185,-1.356,-435.162
1820.1,73.69,60.5,0.0,0.2,6,268.259,-1.386,-439.137
1834.8,73.79,60.6,0.0,0.2,6,266.971,-1.406,-441.790
1834.8,73.93,60.6,0.0,0.3,6,265.033,-1.435,-445.775
1834.8,74.02,60.6,0.0,0.3,6,263.737,-1.454,-448.435
1834.8,74.16,60.6,0.0,0.3,6,261.788,-1.482,-452.429
1849.6,74.25,60.7,0.0,0.2,6,260.483,-1.500,-455.095
1849.6,74.39,60.7,0.0,0.3,6,258.520,-1.526,-459.099
1849.6,74.48,60.7,0.0,0.3,6,257.207,-1.543,-461.771
1849.6,74.62,60.7,0.0,0.3,6,255.231,-1.569,-465.783
1864.5,74.71,60.7,0.0,0.4,6,253.909,-1.588,-468.461
1864.5,74.84,60.8,0.0,0.3,6,251.920,-1.614,-472.482
1864.5,74.93,60.8,0.0,0.3,6,250.589,-1.632,-475.165
1864.5,75.06,60.8,0.0,0.2,6,248.585,-1.658,-479.194
1879.5,75.15,60.9,0.0,0.2,6,247.245,-1.675,-481.882
1879.5,75.28,60.9,0.0,0.2,6,245.228,-1.699,-485.919
1879.5,75.41,60.9,0.0,0.2,6,243.202,-1.724,-489.960
1879.5,75.49,61.0,0.0,0.2,6,241.848,-1.739,-492.656
1894.6,75.63,61.0,0.0,0.1,6,239.810,-1.761,-496.706
1894.6,75.71,61.0,0.0,0.1,6,238.447,-1.776,-499.408
1894.6,75.84,61.0,0.0,0.2,6,236.397,-1.799,-503.466
1894.6,75.93,61.0,0.0,0.2,6,235.027,-1.815,-506.174
1909.7,76.05,61.1,0.0,0.2,6,232.967,-1.838,-510.241
1909.7,76.14,61.1,0.0,0.2,6,231.589,-1.853,-512.955
1909.7,76.26,61.1,0.0,0.2,6,229.518,-1.877,-517.031
1909.7,76.34,61.2,0.0,0.2,6,228.134,-1.893,-519.750
1925.0,76.46,61.2,0.0,0.1,6,226.052,-1.919,-523.834
1925.0,76.55,61.2,0.0,0.1,6,224.660,-1.936,-526.560
1925.0,76.66,61.3,0.0,0.0,6,222.568,-1.958,-530.652
1925.0,76.79,61.3,0.0,-0.1,6,220.471,-1.978,-534.750
1940.3,76.87,61.3,0.0,-0.1,6,219.071,-1.993,-537.485
1940.3,76.99,61.3,0.0,-0.2,6,216.967,-2.019,-541.594
1940.3,77.07,61.3,0.0,-0.2,6,215.564,-2.040,-544.337
1940.3,77.19,61.3,0.0,-0.3,6,213.457,-2.077,-548.457
1955.7,77.27,61.3,0.0,-0.3,6,212.053,-2.103,-551.208
1955.7,77.39,61.4,0.0,-0.3,6,209.947,-2.147,-555.342
1955.7,77.46,61.4,0.0,-0.3,6,208.544,-2.177,-558.103
1971.2,77.73,61.4,0.0,-0.4,6,203.642,-2.290,-567.796
1971.2,77.81,61.4,0.0,-0.3,6,202.243,-2.324,-570.575
1971.2,77.92,61.4,0.0,-0.3,6,200.149,-2.375,-574.751
1986.7,78.04,61.4,0.0,-0.3,6,198.059,-2.428,-578.936
2002.3,78.41,61.5,0.0,-0.0,6,191.112,-2.605,-592.951
2002.3,78.52,61.5,0.0,0.1,6,189.032,-2.662,-597.174
2002.3,78.60,61.5,0.0,0.2,6,187.645,-2.700,-599.993
2002.3,78.70,61.5,0.0,0.3,6,185.562,-2.756,-604.227
2018.1,78.82,61.5,0.0,0.4,6,183.475,-2.814,-608.466
2018.1,78.88,61.5,0.0,0.5,6,182.080,-2.850,-611.294
2018.1,78.99,61.5,0.0,0.7,6,179.980,-2.900,-615.539
2018.1,79.06,61.5,0.0,0.8,6,178.574,-2.936,-618.370
2033.8,79.16,61.5,0.0,0.8,6,176.455,-2.988,-622.617
2033.8,79.22,61.5,0.0,0.8,6,175.035,-3.019,-625.448
2033.8,79.32,61.5,0.0,0.8,6,172.893,-3.060,-629.694
2033.8,79.39,61.5,0.0,0.8,6,171.456,-3.086,-632.524
2049.7,79.49,61.4,0.0,0.7,6,169.288,-3.124,-636.769
2049.7,79.55,61.4,0.0,0.5,6,167.833,-3.147,-639.598
2049.7,79.65,61.4,0.0,0.5,6,165.639,-3.180,-643.839
2049.7,79.71,61.4,0.0,0.4,6,164.168,-3.199,-646.667
2065.6,79.81,61.3,0.0,0.5,6,161.950,-3.224,-650.907
2065.6,79.87,61.3,0.0,0.4,6,160.465,-3.238,-653.733
2065.6,79.96,61.2,0.0,0.4,6,158.226,-3.253,-657.973
2081.5,80.06,61.2,0.0,0.3,6,155.975,-3.264,-662.213
2081.5,80.11,61.2,0.0,0.4,6,154.468,-3.268,-665.040
2081.5,80.20,61.1,0.0,0.4,6,152.199,-3.271,-669.280
2081.5,80.26,61.1,0.0,0.4,6,150.681,-3.271,-672.107
2097.5,80.34,61.0,0.0,0.6,6,148.395,-3.267,-676.348
2097.5,80.39,61.0,0.0,1.3,6,146.864,-3.261,-679.175
2097.5,80.48,61.0,0.0,1.1,6,144.556,-3.251,-683.413
2097.5,80.53,60.9,0.0,0.7,6,143.007,-3.241,-686.236
2113.6,80.60,60.9,0.0,1.1,6,140.668,-3.223,-690.466
2113.6,80.65,60.9,0.0,1.1,6,139.099,-3.208,-693.283
2113.6,80.72,60.8,0.0,0.8,6,136.727,-3.180,-697.503
2113.6,80.76,60.7,0.0,0.7,6,135.135,-3.159,-700.313
2129.7,80.83,60.7,0.0,0.6,6,132.733,-3.124,-704.524
2129.7,80.88,60.8,0.0,0.7,6,131.122,-3.098,-707.328
2129.7,80.95,60.7,0.0,0.9,6,128.694,-3.056,-711.532
2129.7,81.01,60.5,0.0,1.2,6,126.250,-3.007,-715.731
2145.8,80.99,0.0,0.0,1.3,0,124.612,-2.970,-718.527
2145.8,80.91,87.3,0.0,1.3,7,122.142,-2.909,-722.706
2145.8,80.92,58.5,0.0,1.7,7,120.485,-2.866,-725.486
2145.8,80.51,5.9,68.1,1.0,7,117.983,-2.796,-729.639
2161.9,79.77,0.0,79.7,1.2,7,116.316,-2.745,-732.379
2161.9,78.53,0.0,85.6,1.0,7,113.831,-2.661,-736.428
2161.9,77.66,0.0,86.6,0.9,7,112.185,-2.602,-739.085
2161.9,76.36,0.0,86.6,0.5,7,109.735,-2.511,-743.005
2177.4,75.50,0.0,86.9,0.6,7,108.113,-2.450,-745.574
2177.4,74.21,0.0,86.8,0.8,7,105.700,-2.357,-749.363
2177.4,73.34,0.0,86.1,1.3,7,104.104,-2.295,-751.847
2177.4,72.06,0.0,86.2,1.7,7,101.729,-2.204,-755.507
2192.1,71.23,0.0,87.9,1.9,7,100.156,-2.145,-757.904
2192.1,69.97,24.2,89.3,1.7,0,97.813,-2.065,-761.435
2192.1,68.63,0.0,85.2,-0.0,6,95.486,-1.991,-764.883
2192.1,67.79,0.0,84.4,0.1,6,93.939,-1.938,-767.132
2205.9,66.54,0.0,86.2,1.0,6,91.630,-1.860,-770.438
2205.9,65.70,0.0,85.9,1.2,6,90.101,-1.811,-772.597
2205.9,64.45,0.0,85.6,1.7,6,87.822,-1.736,-775.769
2205.9,63.62,0.0,86.3,1.8,6,86.312,-1.685,-777.839
2218.8,62.38,0.0,85.7,1.0,6,84.064,-1.611,-780.880
2218.8,61.57,29.9,86.2,1.2,0,82.576,-1.564,-782.864
2218.8,60.34,0.0,86.1,1.5,5,80.360,-1.497,-785.776
2218.8,59.52,0.0,85.5,1.9,5,78.893,-1.454,-787.673
2230.9,58.30,0.0,85.3,2.7,5,76.708,-1.392,-790.454
2230.9,57.49,0.0,85.3,3.2,5,75.260,-1.352,-792.263
2230.9,56.26,0.0,84.8,3.9,5,73.102,-1.296,-794.909
2230.9,55.46,0.0,83.0,4.2,5,71.671,-1.259,-796.626
2242.1,54.29,0.0,74.8,4.1,5,69.531,-1.206,-799.131
2242.1,53.25,0.0,54.4,3.9,0,67.395,-1.153,-801.549
2242.1,52.72,36.5,37.3,3.6,0,65.967,-1.119,-803.115
2242.1,52.13,0.0,24.7,4.0,4,63.806,-1.068,-805.402
2252.6,51.81,0.0,20.2,5.3,4,62.351,-1.033,-806.886
2252.6,51.39,0.0,15.9,7.7,4,60.144,-0.982,-809.057
2252.6,51.15,0.0,14.1,8.8,4,58.655,-0.948,-810.469
2252.6,50.80,0.0,12.3,10.3,4,56.398,-0.895,-812.533
2262.8,50.58,0.0,10.6,10.9,4,54.877,-0.860,-813.874
2262.8,50.28,0.0,9.9,11.5,4,52.572,-0.807,-815.834
2262.8,50.08,0.0,8.5,11.8,4,51.018,-0.774,-817.105
2262.8,49.79,0.0,6.3,11.6,4,48.662,-0.723,-818.955
2272.7,49.61,0.0,4.4,11.8,4,47.072,-0.690,-820.149
2272.7,49.37,0.0,2.0,12.3,4,44.661,-0.639,-821.882
2272.7,49.23,0.1,0.2,13.0,4,43.036,-0.606,-822.999
2272.7,49.04,3.5,0.0,13.8,4,40.570,-0.557,-824.615
2282.7,48.87,9.9,0.0,14.6,4,38.072,-0.509,-826.158
2282.7,48.77,8.1,0.0,15.0,4,36.388,-0.476,-827.147
2282.7,48.61,9.7,0.0,15.7,4,33.836,-0.426,-828.568
2282.7,48.50,6.2,0.0,16.1,4,32.119,-0.393,-829.475
2292.7,48.32,5.3,0.0,16.6,4,29.521,-0.343,-830.772
2292.7,48.20,6.9,0.0,16.8,4,27.774,-0.311,-831.595
2292.7,48.04,8.1,0.0,16.8,4,25.134,-0.262,-832.764
2292.7,47.93,10.1,0.0,16.8,4,23.361,-0.228,-833.499
2302.8,47.76,3.8,0.0,16.8,4,20.684,-0.177,-834.535
2302.8,47.64,4.2,0.0,17.5,4,18.889,-0.143,-835.182
2302.8,47.45,0.3,0.4,18.7,4,16.184,-0.094,-836.089
2302.8,47.31,3.8,0.0,19.3,4,14.374,-0.062,-836.651
2312.7,47.12,2.6,0.0,19.1,4,11.650,-0.016,-837.428
2312.7,46.93,5.1,0.0,18.2,4,8.915,0.033,-838.121
2312.7,46.80,1.2,0.1,17.5,4,7.087,0.066,-838.536
2322.6,46.61,2.5,0.0,16.8,4,4.340,0.116,-839.091
2322.6,46.48,0.3,0.3,16.4,4,2.507,0.148,-839.417
2322.6,46.28,0.8,0.8,16.1,4,-0.244,0.195,-839.840
2322.6,46.15,0.0,0.6,16.6,4,-2.077,0.226,-840.078
2332.3,45.95,1.5,0.0,16.5,4,-4.824,0.271,-840.369
2332.3,45.82,0.6,0.3,15.2,4,-6.654,0.299,-840.520
2332.3,45.64,1.3,0.8,14.3,4,-9.393,0.341,-840.683
2332.3,45.51,0.1,0.6,14.2,4,-11.215,0.368,-840.750
2342.0,45.41,39.0,0.0,13.8,4,-13.941,0.406,-840.789
2342.0,45.48,68.3,0.0,13.5,4,-15.758,0.431,-840.775
2342.0,45.59,29.0,26.8,13.8,4,-18.490,0.465,-840.698
2342.0,45.31,0.0,47.8,14.5,4,-20.307,0.486,-840.609
2351.7,44.72,0.0,8.9,14.1,4,-23.002,0.515,-840.425
2351.7,44.56,42.4,0.0,12.2,4,-25.666,0.541,-840.177
2351.7,44.69,88.4,0.0,11.7,4,-27.439,0.557,-839.973
2351.7,44.98,91.9,0.0,12.5,4,-30.104,0.577,-839.613
2361.3,45.17,91.9,0.0,13.6,4,-31.885,0.588,-839.335
2361.3,45.45,91.9,0.0,15.3,4,-34.561,0.605,-838.863
2361.3,45.63,91.9,0.0,16.0,4,-36.347,0.616,-838.509
2361.3,45.90,91.9,0.0,16.1,4,-39.029,0.633,-837.920
2371.0,46.10,91.9,0.0,15.9,4,-40.817,0.644,-837.488
2371.0,46.37,91.9,0.0,15.9,4,-43.498,0.660,-836.780
2371.0,46.56,91.9,0.0,15.9,4,-45.285,0.670,-836.269
2371.0,46.84,91.9,0.0,16.7,4,-47.961,0.682,-835.443
2380.8,47.01,91.9,0.0,17.1,4,-49.743,0.689,-834.853
2380.8,47.29,91.9,0.0,17.1,4,-52.407,0.699,-833.905
2380.8,47.46,91.9,0.0,17.5,4,-54.178,0.706,-833.230
2380.8,47.73,91.9,0.0,18.0,4,-56.824,0.715,-832.157
2390.8,48.01,91.9,0.0,18.7,4,-59.457,0.721,-831.013
2390.8,48.19,91.9,0.0,19.1,4,-61.206,0.723,-830.211
2390.8,48.45,91.9,0.0,19.7,4,-63.814,0.723,-828.946
2390.8,48.63,91.9,0.0,20.3,4,-65.542,0.723,-828.062
2400.7,48.89,91.9,0.0,21.5,4,-68.117,0.720,-826.675
2400.7,49.06,92.0,0.0,22.1,4,-69.821,0.718,-825.710
2400.7,49.32,92.0,0.0,22.8,4,-72.358,0.711,-824.203
2400.7,49.48,92.0,0.0,23.3,4,-74.035,0.706,-823.158
2410.6,49.73,92.0,0.0,23.7,4,-76.526,0.697,-821.530
2410.6,49.88,80.9,0.0,23.8,4,-78.169,0.690,-820.405
2410.6,50.06,81.2,0.0,24.7,4,-80.606,0.678,-818.658
2410.6,50.18,75.9,0.0,25.2,4,-82.209,0.669,-817.456
2420.5,50.33,71.7,0.0,26.5,4,-84.582,0.654,-815.596
2420.5,50.44,82.6,0.0,27.6,4,-86.141,0.642,-814.319
2420.5,50.49,21.5,0.0,28.6,4,-88.445,0.624,-812.352
2420.5,50.32,10.2,0.0,28.9,4,-90.694,0.602,-810.329
2430.3,50.21,10.2,0.0,28.7,4,-92.160,0.587,-808.952
2430.3,50.03,10.2,0.0,27.3,4,-94.306,0.561,-806.846
2430.3,49.91,10.1,0.0,26.0,4,-95.700,0.544,-805.414
2430.3,49.74,10.1,0.0,24.3,4,-97.735,0.519,-803.223
2439.9,49.62,10.1,0.0,23.3,4,-99.053,0.501,-801.736
2439.9,49.58,64.8,0.0,21.7,4,-100.975,0.473,-799.466
2439.9,49.70,81.2,0.0,20.6,4,-102.224,0.453,-797.923
2439.9,49.94,91.8,0.0,19.5,4,-104.052,0.422,-795.560
2449.4,50.12,92.0,0.0,19.3,4,-105.243,0.399,-793.953
2449.4,50.40,92.0,0.0,18.5,4,-106.989,0.363,-791.495
2449.4,50.58,92.0,0.0,17.9,4,-108.126,0.336,-789.826
2449.4,50.82,92.0,0.0,16.8,4,-109.790,0.293,-787.281
2459.2,51.01,92.0,0.0,14.9,4,-110.875,0.261,-785.557
2459.2,51.28,92.0,0.0,9.4,4,-112.459,0.206,-782.931
2459.2,51.56,92.0,0.0,4.2,4,-113.988,0.148,-780.252
2459.2,51.76,92.0,0.0,2.2,4,-114.979,0.106,-778.440
2469.3,52.06,92.0,0.0,-1.5,4,-116.424,0.044,-775.684
2469.3,52.24,92.0,0.0,-1.6,4,-117.361,0.001,-773.821
2469.3,52.57,92.0,0.0,-1.8,4,-118.743,-0.072,-770.999
2469.3,52.81,91.4,0.0,-2.5,4,-119.655,-0.127,-769.099
2479.9,53.13,81.6,0.0,-2.2,4,-121.017,-0.211,-766.230
2479.9,53.34,75.1,0.0,-2.0,4,-121.930,-0.267,-764.308
2479.9,53.67,65.3,0.0,-1.0,4,-123.313,-0.351,-761.412
2479.9,53.89,59.6,0.0,-1.1,4,-124.246,-0.410,-759.475
2490.7,54.23,59.7,0.0,-1.8,4,-125.659,-0.508,-756.559
2490.7,54.44,59.8,0.0,-2.6,4,-126.613,-0.576,-754.608
2490.7,54.76,60.0,0.0,-2.2,4,-128.066,-0.680,-751.674
2501.8,55.07,60.1,0.0,-2.4,4,-129.547,-0.779,-748.733
2501.8,55.29,60.2,0.0,-2.9,4,-130.551,-0.846,-746.768
2501.8,55.61,60.2,0.0,-3.1,4,-132.080,-0.949,-743.816
2501.8,55.82,60.3,0.0,-3.0,4,-133.117,-1.018,-741.846
2513.2,56.12,60.4,0.0,-3.2,4,-134.701,-1.120,-738.887
2513.2,56.34,60.3,0.0,-3.5,4,-135.774,-1.190,-736.912
2513.2,56.63,60.5,0.0,-2.0,4,-137.412,-1.301,-733.947
2513.2,56.87,60.4,0.0,-2.4,4,-138.520,-1.380,-731.967
2524.8,57.16,60.7,0.0,-2.2,4,-140.209,-1.503,-728.995
2524.8,57.37,60.7,0.0,-1.9,4,-141.352,-1.588,-727.012
2524.8,57.67,60.8,0.0,-2.7,4,-143.089,-1.724,-724.034
2524.8,57.88,60.8,0.0,-2.6,4,-144.264,-1.820,-722.046
2536.4,58.18,60.9,0.0,-2.5,4,-146.051,-1.967,-719.062
2536.4,58.37,61.0,0.0,-1.7,4,-147.261,-2.065,-717.072
2536.4,58.67,61.1,0.0,-1.9,4,-149.101,-2.211,-714.086
2536.4,58.87,61.1,0.0,-2.5,4,-150.343,-2.310,-712.093
2548.3,59.16,61.1,0.0,-3.1,4,-152.229,-2.459,-709.100
2548.3,59.44,61.1,0.0,-2.6,4,-154.145,-2.606,-706.106
2548.3,59.62,61.1,0.0,-2.1,4,-155.441,-2.701,-704.111
2548.3,59.91,61.2,0.0,-2.0,4,-157.412,-2.838,-701.119
2560.3,60.09,61.1,0.0,-2.0,4,-158.742,-2.927,-699.124
2560.3,60.37,61.1,0.0,-1.5,4,-160.762,-3.060,-696.131
2560.3,60.55,61.0,0.0,-1.2,4,-162.123,-3.146,-694.134
2560.3,60.81,60.8,0.0,-1.0,4,-164.184,-3.272,-691.136
2572.5,60.99,60.6,0.0,-0.9,4,-165.569,-3.351,-689.134
2572.5,61.24,60.3,0.0,-0.9,4,-167.664,-3.462,-686.128
2572.5,61.40,60.1,0.0,-0.9,0,-169.072,-3.531,-684.121
2572.5,61.38,90.2,0.0,-0.9,5,-171.195,-3.625,-681.112
2584.9,61.54,83.7,0.0,-0.8,5,-172.617,-3.681,-679.108
2584.9,61.78,74.0,0.0,-0.7,5,-174.766,-3.756,-676.098
2584.9,61.95,67.5,0.0,-0.7,5,-176.210,-3.797,-674.089
2584.9,62.19,59.9,0.0,-0.7,5,-178.390,-3.848,-671.071
2597.3,62.44,59.9,0.0,-0.8,5,-180.588,-3.888,-668.047
2597.3,62.60,60.0,0.0,-0.7,5,-182.062,-3.910,-666.028
2597.3,62.84,60.0,0.0,-0.7,5,-184.288,-3.938,-662.995
2597.3,62.99,60.1,0.0,-0.7,5,-185.781,-3.955,-660.970
2609.9,63.23,60.1,0.0,-0.7,5,-188.034,-3.979,-657.927
2609.9,63.38,60.2,0.0,-0.7,5,-189.545,-3.994,-655.895
2609.9,63.61,60.2,0.0,-0.7,5,-191.824,-4.013,-652.843
2609.9,63.76,60.3,0.0,-0.6,5,-193.352,-4.024,-650.806
2622.6,63.98,60.3,0.0,-0.6,5,-195.657,-4.038,-647.745
2622.6,64.13,60.4,0.0,-0.6,5,-197.202,-4.044,-645.702
2622.6,64.35,60.4,0.0,-0.6,5,-199.532,-4.051,-642.632
2622.6,64.49,60.4,0.0,-0.6,5,-201.094,-4.053,-640.583
2635.4,64.71,60.5,0.0,-0.6,5,-203.448,-4.053,-637.504
2635.4,64.85,60.5,0.0,-0.6,5,-205.026,-4.050,-635.449
2635.4,65.06,60.6,0.0,-0.6,5,-207.405,-4.040,-632.362
2635.4,65.27,60.7,0.0,-0.8,5,-209.798,-4.023,-629.271
2648.4,65.41,60.7,0.0,-0.9,5,-211.402,-4.009,-627.208
2648.4,65.62,60.7,0.0,-1.1,5,-213.820,-3.986,-624.110
2648.4,65.75,60.8,0.0,-1.2,5,-215.442,-3.971,-622.043
2648.4,65.96,60.8,0.0,-1.4,5,-217.889,-3.948,-618.941
2661.4,66.09,60.8,0.0,-1.6,5,-219.531,-3.934,-616.873
2661.4,66.29,60.9,0.0,-1.2,5,-222.012,-3.913,-613.772
2661.4,66.43,60.9,0.0,-0.9,5,-223.677,-3.902,-611.706
2661.4,66.63,61.0,0.0,-1.2,5,-226.193,-3.891,-608.607
2674.7,66.76,61.0,0.0,-1.2,5,-227.881,-3.887,-606.541
2674.7,66.96,61.1,0.0,-1.0,5,-230.430,-3.887,-603.444
2674.7,66.93,25.0,40.3,-0.8,5,-232.139,-3.889,-601.381
2674.7,66.20,0.0,68.2,-0.6,5,-234.699,-3.898,-598.310
2688.0,65.51,0.0,77.5,-0.4,5,-236.392,-3.907,-596.290
2688.0,64.36,0.0,83.1,-0.3,5,-238.904,-3.923,-593.308
2688.0,63.17,0.0,85.4,-0.1,5,-241.379,-3.944,-590.387
2688.0,62.36,0.0,85.6,0.1,5,-243.007,-3.962,-588.474
2700.9,61.15,0.0,85.5,-0.1,5,-245.417,-3.992,-585.657
2700.9,60.34,0.0,85.5,-0.1,5,-247.001,-4.015,-583.813
2700.9,59.12,0.0,85.1,-0.2,5,-249.343,-4.052,-581.097
2700.9,58.32,0.0,85.0,-0.1,5,-250.881,-4.077,-579.319
2712.9,57.13,0.0,85.3,-0.1,5,-253.154,-4.117,-576.702
2712.9,56.33,0.0,85.3,0.1,5,-254.645,-4.143,-574.990
2712.9,55.15,0.0,85.4,-0.1,5,-256.847,-4.183,-572.470
2712.9,54.35,0.0,85.4,-0.1,5,-258.291,-4.209,-570.821
2724.1,53.56,0.0,85.1,-0.3,5,-259.717,-4.235,-569.199
2724.1,52.41,28.5,86.3,-0.5,0,-261.820,-4.275,-566.812
2724.1,51.22,0.0,86.3,-0.8,4,-263.881,-4.315,-564.482
2724.1,50.44,0.0,86.0,-1.0,4,-265.232,-4.341,-562.961
2734.5,49.27,0.0,85.9,-1.5,4,-267.226,-4.382,-560.728
2734.5,48.08,0.0,85.0,-1.8,4,-269.180,-4.423,-558.555
2734.5,47.31,0.0,85.5,-1.9,4,-270.462,-4.448,-557.140
2744.1,46.15,0.0,85.2,-2.1,4,-272.355,-4.484,-555.070
2744.1,45.38,0.0,85.7,-2.0,4,-273.599,-4.507,-553.724
2744.1,44.24,32.2,86.0,-2.2,0,-275.436,-4.541,-551.759
2744.1,43.46,0.0,86.5,-2.5,3,-276.643,-4.562,-550.484
2753.0,42.31,0.0,86.3,-2.8,3,-278.427,-4.595,-548.627
2753.0,41.53,0.0,85.9,-2.8,3,-279.599,-4.616,-547.426
2753.0,40.36,0.0,85.4,-2.7,3,-281.332,-4.646,-545.682
2753.0,39.61,0.0,85.1,-2.5,3,-282.472,-4.665,-544.558
2761.0,38.46,0.0,79.5,-2.3,3,-284.158,-4.692,-542.930
2761.0,37.41,0.0,73.0,-2.2,3,-285.819,-4.718,-541.371
2761.0,36.75,39.3,70.9,0.9,0,-286.913,-4.735,-540.369
2761.0,35.80,0.0,70.3,2.2,2,-288.537,-4.759,-538.917
2768.4,35.15,0.0,68.6,1.3,2,-289.606,-4.776,-537.982
2768.4,34.20,0.0,69.4,-6.2,2,-291.189,-4.799,-536.629
2768.4,33.57,0.0,70.0,-10.2,2,-292.231,-4.814,-535.761
2768.4,32.62,0.0,70.2,-13.7,2,-293.777,-4.836,-534.513
2775.0,31.99,0.0,66.7,-10.8,2,-294.797,-4.850,-533.717
2775.0,31.10,0.0,57.4,-5.4,2,-296.309,-4.869,-532.577
2775.0,30.56,0.0,52.4,-2.8,2,-297.306,-4.881,-531.850
2775.0,29.86,33.9,48.5,-3.1,0,-298.790,-4.899,-530.807
2781.0,29.41,0.0,47.6,-4.6,1,-299.772,-4.909,-530.142
2781.0,28.72,0.0,45.1,-7.1,1,-301.232,-4.924,-529.187
2781.0,28.29,0.0,42.4,-9.0,1,-302.196,-4.933,-528.576
2781.0,27.67,0.0,40.3,-15.4,1,-303.630,-4.946,-527.700
2786.4,27.09,0.0,32.5,-20.0,1,-305.052,-4.957,-526.876
2786.4,26.75,0.0,31.4,-20.7,1,-305.996,-4.964,-526.358
2786.4,26.26,0.0,27.9,-21.4,1,-307.410,-4.973,-525.627
2786.4,25.95,0.0,24.7,-22.0,1,-308.351,-4.978,-525.173
2791.7,25.53,0.0,22.6,-22.6,1,-309.761,-4.984,-524.542
2791.7,25.27,0.0,22.3,-22.6,1,-310.701,-4.987,-524.155
2791.7,24.91,0.0,16.4,-22.8,1,-312.110,-4.990,-523.624
2791.7,24.69,0.0,15.7,-23.6,1,-313.049,-4.991,-523.303
2797.3,24.37,0.0,15.4,-23.2,1,-314.455,-4.991,-522.868
2803.1,23.45,9.7,0.3,-33.5,1,-319.586,-4.970,-521.756
2803.1,23.50,44.9,0.0,-33.7,1,-320.982,-4.960,-521.586
2803.1,23.64,57.2,0.0,-34.2,1,-321.921,-4.951,-521.504
2810.0,23.99,50.0,0.0,-30.7,1,-323.348,-4.942,-521.418
2810.0,24.10,38.9,0.0,-28.9,1,-324.308,-4.938,-521.386
2810.0,24.17,5.2,9.2,-25.8,1,-325.758,-4.940,-521.377
2810.0,24.04,0.0,12.1,-23.4,1,-326.722,-4.946,-521.399
2815.5,23.70,0.0,3.1,-23.2,1,-328.153,-4.949,-521.487
2815.5,23.50,3.9,0.0,-22.0,1,-329.558,-4.940,-521.652
2815.5,23.43,5.8,0.0,-20.4,1,-330.485,-4.932,-521.798
2815.5,23.34,7.2,0.0,-22.6,1,-331.863,-4.922,-522.065
2820.5,23.33,24.7,0.0,-26.1,1,-332.772,-4.916,-522.273
2820.5,23.48,49.7,0.0,-29.5,1,-334.130,-4.907,-522.629
2820.5,23.67,60.7,0.0,-30.6,1,-335.034,-4.900,-522.895
2820.5,24.03,71.9,0.0,-32.0,1,-336.393,-4.888,-523.338
2825.4,24.35,91.2,0.0,-32.7,1,-337.304,-4.879,-523.663
2825.4,24.88,85.6,0.0,-31.3,1,-338.680,-4.863,-524.195
2825.4,25.17,69.2,0.0,-28.7,1,-339.603,-4.851,-524.583
2825.4,25.59,73.7,0.0,-26.0,1,-340.987,-4.832,-525.214
2830.4,25.85,74.9,0.0,-24.5,1,-341.909,-4.819,-525.669
2830.4,26.23,62.9,0.0,-20.7,1,-343.288,-4.797,-526.403
2830.4,26.48,61.2,0.0,-17.0,1,-344.203,-4.783,-526.925
2830.4,26.89,76.8,0.0,-10.5,1,-345.569,-4.761,-527.758
2835.7,27.38,82.8,0.0,-2.6,1,-346.932,-4.738,-528.646
2835.7,27.77,88.9,0.0,2.4,1,-347.843,-4.723,-529.266
2835.7,28.40,91.8,0.0,6.5,1,-349.222,-4.701,-530.231
2835.7,28.82,88.9,0.0,8.8,1,-350.154,-4.686,-530.894
2841.2,29.32,61.8,0.0,11.0,1,-351.576,-4.662,-531.904
2841.2,29.50,44.8,0.0,12.3,1,-352.541,-4.647,-532.577
2841.2,29.67,33.9,0.0,10.8,1,-354.011,-4.624,-533.572
2841.2,29.78,37.9,0.0,10.5,1,-355.005,-4.609,-534.224
2847.1,29.99,43.7,0.0,13.3,1,-356.519,-4.589,-535.185
2847.1,30.14,45.3,0.0,17.0,1,-357.544,-4.576,-535.812
2847.1,30.36,43.9,0.0,21.5,1,-359.110,-4.558,-536.729
2847.1,30.47,36.0,0.0,23.5,1,-360.173,-4.547,-537.320
2853.2,30.53,18.8,0.0,25.5,1,-361.794,-4.532,-538.171
2853.2,30.50,19.0,0.0,25.6,1,-363.442,-4.519,-538.968
2853.2,30.49,15.5,0.0,25.6,1,-364.554,-4.512,-539.469
2853.2,30.40,6.1,0.0,26.8,1,-366.241,-4.503,-540.171
2859.8,30.33,11.5,0.0,28.1,1,-367.375,-4.497,-540.604
2859.8,30.23,7.6,0.0,29.3,1,-369.092,-4.490,-541.201
2859.8,30.15,5.0,0.0,29.9,1,-370.244,-4.487,-541.564
2859.8,30.06,25.5,0.0,32.5,1,-371.981,-4.485,-542.056
2866.4,30.13,48.1,0.0,33.9,1,-373.148,-4.486,-542.351
2866.4,30.44,68.9,0.0,34.8,1,-374.921,-4.489,-542.747
2866.4,30.70,89.3,0.0,34.5,1,-376.121,-4.491,-542.980
2866.4,31.01,49.7,0.0,31.7,1,-377.948,-4.493,-543.281
2873.3,31.13,90.2,0.0,31.6,1,-379.180,-4.492,-543.442
2873.3,31.55,50.6,0.0,25.2,1,-381.051,-4.490,-543.638
2873.3,31.70,23.1,0.0,19.4,1,-382.312,-4.491,-543.739
2873.3,31.72,41.4,0.0,18.5,1,-384.212,-4.495,-543.834
2881.4,31.79,20.7,0.0,10.8,1,-386.118,-4.504,-543.865
2881.4,31.73,11.0,0.0,1.1,1,-387.388,-4.509,-543.844
2881.4,31.58,10.7,0.0,0.8,1,-389.285,-4.512,-543.744
2881.4,31.50,12.8,0.0,1.5,1,-390.542,-4.513,-543.636
2888.6,31.41,24.4,0.0,4.8,1,-392.416,-4.516,-543.413
2888.6,31.45,46.7,0.0,8.1,1,-393.658,-4.517,-543.223
2888.6,31.80,77.6,0.0,13.9,1,-395.522,-4.520,-542.879
2888.6,32.11,86.7,0.0,17.7,1,-396.770,-4.521,-542.610
2896.0,32.63,90.7,0.0,22.5,1,-398.656,-4.522,-542.150
2896.0,32.97,91.7,0.0,24.6,1,-399.922,-4.523,-541.808
2896.0,33.43,74.6,0.0,25.2,1,-401.831,-4.528,-541.244
2896.0,33.70,84.1,0.0,24.8,1,-403.109,-4.533,-540.832
2902.6,34.08,68.1,0.0,23.3,1,-405.027,-4.544,-540.160
2902.6,34.29,69.5,0.0,22.0,1,-406.305,-4.553,-539.676
2902.6,34.57,64.6,0.0,19.9,1,-408.217,-4.569,-538.893
2909.2,34.80,52.6,0.0,17.7,1,-410.116,-4.588,-538.042
2909.2,34.93,56.1,0.0,16.5,1,-411.372,-4.603,-537.438
2909.2,35.13,51.7,0.0,15.0,1,-413.242,-4.628,-536.478
2909.2,35.27,62.6,0.0,14.5,1,-414.476,-4.647,-535.802
2915.9,35.31,0.0,0.0,14.3,0,-416.307,-4.676,-534.733
2915.9,35.37,77.2,0.0,14.8,2,-417.505,-4.696,-533.986
2915.9,35.77,80.2,0.0,15.6,2,-419.285,-4.726,-532.811
2915.9,36.03,83.1,0.0,16.4,2,-420.462,-4.746,-531.990
2922.7,36.46,88.2,0.0,16.1,2,-422.213,-4.776,-530.703
2922.7,36.77,89.2,0.0,15.5,2,-423.372,-4.796,-529.808
2922.7,37.23,91.9,0.0,14.1,2,-425.093,-4.825,-528.408
2922.7,37.54,91.9,0.0,12.7,2,-426.229,-4.842,-527.436
2929.9,38.01,91.9,0.0,12.8,2,-427.916,-4.867,-525.923
2929.9,38.31,86.1,0.0,11.6,2,-429.028,-4.883,-524.878
2929.9,38.63,75.5,0.0,9.8,2,-430.673,-4.906,-523.261
2929.9,39.08,92.0,0.0,8.3,2,-432.291,-4.928,-521.584
2937.5,39.40,92.0,0.0,7.5,2,-433.358,-4.941,-520.435
2945.4,41.13,92.0,0.0,6.3,2,-439.123,-5.011,-513.715
2945.4,41.41,92.0,0.0,7.2,2,-440.153,-5.024,-512.426
2945.4,41.85,92.2,0.0,8.0,2,-441.684,-5.042,-510.453
2945.4,41.99,0.0,0.0,7.9,0,-442.691,-5.053,-509.112
2953.6,42.08,91.9,0.0,7.6,3,-444.171,-5.071,-507.074
2953.6,42.33,91.9,0.0,7.4,3,-445.139,-5.080,-505.692
2953.6,42.70,91.9,0.0,8.1,3,-446.565,-5.088,-503.579
2953.6,43.09,91.9,0.0,7.9,3,-447.964,-5.098,-501.421
2961.8,43.36,91.9,0.0,8.5,3,-448.881,-5.104,-499.955
2961.8,43.73,91.9,0.0,8.4,3,-450.225,-5.110,-497.716
2961.8,43.98,91.9,0.0,7.2,3,-451.102,-5.114,-496.197
2961.8,44.32,91.9,0.0,7.6,3,-452.382,-5.119,-493.880
2970.2,44.50,92.0,0.0,8.8,3,-453.210,-5.118,-492.308
2970.2,44.88,92.0,0.0,8.3,3,-454.423,-5.122,-489.916
2970.2,45.15,89.9,0.0,6.3,3,-455.211,-5.128,-488.298
2970.2,45.50,92.0,0.0,5.0,3,-456.354,-5.138,-485.831
2979.0,45.74,92.0,0.0,5.8,3,-457.088,-5.144,-484.160
2979.0,46.11,92.0,0.0,7.5,3,-458.148,-5.157,-481.618
2979.0,46.36,92.0,0.0,9.4,3,-458.828,-5.168,-479.898
2979.0,46.72,92.0,0.0,12.5,3,-459.808,-5.187,-477.284
2987.9,46.95,92.0,0.0,14.2,3,-460.435,-5.202,-475.519
2987.9,47.30,92.0,0.0,15.1,3,-461.335,-5.228,-472.840
2987.9,47.65,92.0,0.0,14.5,3,-462.183,-5.258,-470.121
2987.9,47.87,92.1,0.0,14.1,3,-462.717,-5.278,-468.288
2997.1,48.20,92.1,0.0,13.3,3,-463.471,-5.313,-465.507
2997.1,48.42,92.1,0.0,13.1,3,-463.939,-5.337,-463.633
2997.1,48.75,92.1,0.0,13.3,3,-464.591,-5.376,-460.793
2997.1,48.96,92.1,0.0,13.6,3,-464.990,-5.403,-458.880
3006.5,49.28,92.1,0.0,13.7,3,-465.533,-5.445,-455.985
3006.5,49.48,92.1,0.0,13.7,3,-465.858,-5.473,-454.037
3006.5,49.79,92.1,0.0,13.6,3,-466.287,-5.515,-451.091
3006.5,50.00,92.1,0.0,13.8,3,-466.534,-5.543,-449.111
3016.3,50.31,92.1,0.0,14.8,3,-466.847,-5.583,-446.119
3016.3,50.61,92.2,0.0,15.9,3,-467.091,-5.623,-443.102
3016.3,50.81,92.3,0.0,16.5,3,-467.216,-5.650,-441.078
3026.2,51.09,92.2,0.0,16.4,3,-467.345,-5.690,-438.024
3026.2,51.28,92.2,0.0,16.5,3,-467.391,-5.717,-435.978
3026.2,51.45,0.0,0.0,16.3,0,-467.401,-5.757,-432.894
3026.2,51.38,92.0,0.0,15.7,4,-467.364,-5.783,-430.839
3036.5,51.64,92.0,0.0,13.8,4,-467.242,-5.820,-427.751
3036.5,51.82,92.0,0.0,12.9,4,-467.117,-5.844,-425.686
3036.5,52.07,92.0,0.0,11.4,4,-466.862,-5.877,-422.581
3036.5,52.34,92.0,0.0,10.3,4,-466.525,-5.907,-419.468
3047.3,52.51,92.0,0.0,10.3,4,-466.255,-5.925,-417.389
3047.3,52.79,92.0,0.0,10.6,4,-465.786,-5.948,-414.265
3047.3,52.97,85.5,0.0,11.0,4,-465.431,-5.963,-412.181
3047.3,53.24,75.8,0.0,11.1,4,-464.839,-5.982,-409.051
3058.7,53.41,69.3,0.0,11.6,4,-464.406,-5.997,-406.962
3058.7,53.64,59.6,0.0,12.1,4,-463.706,-6.025,-403.828
3058.7,53.81,51.8,0.0,12.2,4,-463.206,-6.049,-401.738
3058.7,53.90,23.0,0.0,12.9,4,-462.397,-6.085,-398.609
3070.3,53.96,49.1,0.0,12.9,4,-461.819,-6.108,-396.531
3070.3,54.21,59.8,0.0,11.9,4,-460.889,-6.138,-393.424
3070.3,54.39,59.9,0.0,10.9,4,-460.226,-6.153,-391.356
3070.3,54.65,60.0,0.0,9.7,4,-459.170,-6.173,-388.261
3081.3,54.83,60.1,0.0,9.1,4,-458.427,-6.186,-386.201
3081.3,55.11,60.1,0.0,8.8,4,-457.256,-6.206,-383.118
3081.3,55.38,60.2,0.0,8.7,4,-456.019,-6.225,-380.044
3081.3,55.57,60.2,0.0,8.4,4,-455.158,-6.236,-377.999
3092.2,55.84,60.3,0.0,7.6,4,-453.813,-6.249,-374.940
3092.2,56.02,60.3,0.0,7.3,4,-452.882,-6.255,-372.906
3092.2,56.30,60.4,0.0,6.9,4,-451.438,-6.265,-369.862
3092.2,56.47,60.5,0.0,6.6,4,-450.444,-6.273,-367.838
3103.2,56.75,60.5,0.0,6.5,4,-448.907,-6.287,-364.809
3103.2,56.94,60.6,0.0,6.5,4,-447.852,-6.296,-362.796
3103.2,57.20,60.7,0.0,6.6,4,-446.222,-6.309,-359.785
3103.2,57.38,60.8,0.0,6.6,4,-445.106,-6.318,-357.783
3114.5,57.65,60.8,0.0,6.3,4,-443.387,-6.331,-354.792
3114.5,57.82,60.9,0.0,6.1,4,-442.210,-6.338,-352.805
3114.5,58.08,61.0,0.0,6.1,4,-440.399,-6.346,-349.838
3114.5,58.35,61.0,0.0,6.0,4,-438.536,-6.353,-346.884
3125.9,58.52,61.1,0.0,5.7,4,-437.265,-6.358,-344.923
3125.9,58.78,61.1,0.0,5.2,4,-435.315,-6.366,-341.994
3125.9,58.95,61.1,0.0,4.5,4,-433.986,-6.369,-340.051
3125.9,59.19,61.1,0.0,3.3,4,-431.953,-6.374,-337.148
3137.7,59.35,61.1,0.0,3.0,4,-430.571,-6.377,-335.222
3137.7,59.62,61.2,0.0,2.6,4,-428.462,-6.378,-332.343
3137.7,59.79,61.1,0.0,2.4,4,-427.035,-6.373,-330.430
3137.7,60.03,61.1,0.0,1.8,4,-424.865,-6.358,-327.565
3161.8,60.97,60.7,0.0,-0.7,4,-416.698,-6.319,-317.056
3161.8,61.13,60.6,0.0,-0.9,4,-415.188,-6.308,-315.137
3161.8,61.38,60.4,0.0,-1.0,4,-412.914,-6.293,-312.250
3161.8,61.54,60.4,0.0,-1.1,4,-411.394,-6.283,-310.318
3174.1,61.76,60.1,0.0,-0.9,0,-409.112,-6.268,-307.408
3174.1,61.71,0.0,0.0,-0.7,0,-407.592,-6.259,-305.461
3174.1,61.86,83.7,0.0,-0.6,5,-405.319,-6.244,-302.536
3174.1,62.09,74.0,0.0,-0.5,5,-403.046,-6.226,-299.593
3186.5,62.24,67.5,0.0,-0.5,5,-401.531,-6.214,-297.622
3186.5,62.47,59.8,0.0,-0.5,5,-399.257,-6.196,-294.651
3186.5,62.63,59.9,0.0,-0.5,5,-397.740,-6.184,-292.662
3186.5,62.85,60.0,0.0,-0.5,5,-395.463,-6.164,-289.665
3199.0,63.00,60.1,0.0,-0.6,5,-393.944,-6.151,-287.659
3199.0,63.23,60.1,0.0,-0.4,5,-391.664,-6.129,-284.636
3199.0,63.38,60.2,0.0,-0.5,5,-390.143,-6.115,-282.612
3199.0,63.60,60.2,0.0,-0.2,5,-387.858,-6.095,-279.565
3211.6,63.74,60.3,0.0,-0.3,5,-386.334,-6.081,-277.525
3211.6,63.96,60.3,0.0,-0.3,5,-384.044,-6.057,-274.454
3211.6,64.11,60.3,0.0,-0.3,5,-382.515,-6.040,-272.400
3211.6,64.32,60.4,0.0,-0.2,5,-380.218,-6.014,-269.307
3224.5,64.46,60.4,0.0,-0.1,5,-378.685,-5.995,-267.238
3224.5,64.68,60.5,0.0,-0.1,5,-376.380,-5.968,-264.124
3224.5,64.89,60.5,0.0,-0.1,5,-374.071,-5.941,-260.998
3224.5,65.03,60.5,0.0,-0.1,5,-372.528,-5.923,-258.908
3237.5,65.23,60.6,0.0,0.1,5,-370.209,-5.893,-255.763
3237.5,65.37,60.7,0.0,0.2,5,-368.660,-5.871,-253.661
3237.5,65.58,60.7,0.0,0.3,5,-366.330,-5.836,-250.498
3237.5,65.71,60.7,0.0,0.3,5,-364.772,-5.812,-248.385
3250.6,65.92,60.8,0.0,0.3,5,-362.428,-5.774,-245.208
3250.6,66.05,60.8,0.0,0.3,5,-360.860,-5.748,-243.085
3250.6,66.25,60.9,0.0,0.3,5,-358.498,-5.706,-239.896
3250.6,66.38,60.9,0.0,0.3,5,-356.918,-5.676,-237.766
3263.8,66.58,61.0,0.0,0.2,5,-354.539,-5.630,-234.565
3263.8,66.71,61.0,0.0,0.1,5,-352.947,-5.600,-232.427
3263.8,66.91,61.1,0.0,0.1,5,-350.550,-5.556,-229.215
3263.8,67.04,61.1,0.0,0.1,5,-348.947,-5.529,-227.069
3277.2,67.23,61.1,0.0,0.1,5,-346.533,-5.494,-223.845
3277.2,67.42,61.2,0.0,0.1,5,-344.111,-5.456,-220.613
3277.2,67.54,61.2,0.0,0.1,5,-342.491,-5.428,-218.455
3277.2,67.73,61.2,0.0,0.1,5,-340.054,-5.385,-215.210
3290.7,67.85,61.2,0.0,0.1,5,-338.425,-5.355,-213.043
3290.7,68.04,61.2,0.0,-0.0,5,-335.975,-5.308,-209.785
3290.7,68.16,61.3,0.0,-0.0,5,-334.338,-5.277,-207.609
3290.7,68.35,61.3,0.0,-0.1,5,-331.876,-5.229,-204.337
3304.3,68.47,61.3,0.0,-0.1,5,-330.231,-5.198,-202.151
3304.3,68.64,61.3,0.0,-0.1,5,-327.758,-5.149,-198.865
3304.3,68.76,61.3,0.0,-0.1,5,-326.106,-5.114,-196.669
3304.3,68.93,61.3,0.0,-0.1,5,-323.624,-5.060,-193.368
3318.0,69.05,61.3,0.0,-0.1,5,-321.967,-5.023,-191.162
3318.0,69.22,61.3,0.0,-0.2,5,-319.477,-4.967,-187.845
3318.0,69.34,61.3,0.0,-0.2,5,-317.814,-4.930,-185.629
3318.0,69.51,61.2,0.0,-0.2,5,-315.317,-4.875,-182.296
3331.9,69.67,61.2,0.0,-0.2,5,-312.815,-4.819,-178.953
3331.9,69.79,61.1,0.0,-0.2,5,-311.146,-4.783,-176.719
3331.9,69.95,61.0,0.0,-0.2,5,-308.639,-4.728,-173.361
3331.9,70.06,61.0,0.0,-0.2,5,-306.965,-4.691,-171.116
3345.8,70.21,60.8,0.0,-0.3,5,-304.452,-4.635,-167.742
3345.8,70.32,60.8,0.0,-0.3,5,-302.774,-4.596,-165.487
3345.8,70.47,60.6,0.0,-0.3,5,-300.256,-4.537,-162.098
3345.8,70.56,60.6,0.0,-0.3,5,-298.576,-4.498,-159.833
3359.9,70.71,60.4,0.0,-0.2,5,-296.053,-4.438,-156.428
3359.9,70.81,60.3,0.0,-0.2,5,-294.370,-4.398,-154.153
3359.9,70.77,0.0,0.0,-0.2,0,-291.845,-4.338,-150.735
3359.9,70.81,87.1,0.0,-0.1,6,-290.166,-4.297,-148.457
3374.1,70.96,77.3,0.0,-0.1,6,-287.645,-4.235,-145.033
3374.1,71.10,67.6,0.0,-0.1,6,-285.121,-4.174,-141.600
3374.1,71.20,61.1,0.0,-0.1,6,-283.437,-4.134,-139.306
3388.3,71.35,59.9,0.0,0.0,6,-280.907,-4.076,-135.859
3388.3,71.45,59.9,0.0,0.1,6,-279.219,-4.036,-133.556
3388.3,71.59,60.0,0.0,0.1,6,-276.682,-3.975,-130.096
3388.3,71.69,60.0,0.0,0.1,6,-274.988,-3.934,-127.785
3402.6,71.83,60.1,0.0,0.1,6,-272.442,-3.872,-124.314
3402.6,71.93,60.1,0.0,0.0,6,-270.741,-3.831,-121.997
3402.6,72.07,60.1,0.0,-0.1,6,-268.185,-3.769,-118.515
3402.6,72.17,60.2,0.0,-0.1,6,-266.478,-3.727,-116.190
3417.1,72.31,60.2,0.0,0.6,6,-263.912,-3.664,-112.698
3417.1,72.40,60.3,0.0,-0.1,6,-262.197,-3.622,-110.367
3417.1,72.54,60.3,0.0,-0.8,6,-259.620,-3.557,-106.866
3417.1,72.64,60.3,0.0,-0.9,6,-257.899,-3.513,-104.528
3431.6,72.78,60.3,0.0,-0.5,6,-255.317,-3.446,-101.012
3431.6,72.91,60.4,0.0,-0.3,6,-252.737,-3.378,-97.486
3431.6,73.00,60.4,0.0,-0.3,6,-251.018,-3.332,-95.128
3431.6,73.14,60.4,0.0,-0.4,6,-248.442,-3.266,-91.582
3446.2,73.23,60.4,0.0,-0.3,6,-246.725,-3.222,-89.212
3446.2,73.36,60.5,0.0,-0.2,6,-244.150,-3.158,-85.647
3446.2,73.45,60.5,0.0,0.1,6,-242.434,-3.115,-83.265
3446.2,73.58,60.5,0.0,0.8,6,-239.859,-3.051,-79.685
3460.9,73.67,60.5,0.0,1.2,6,-238.139,-3.010,-77.295
3460.9,73.80,60.6,0.0,0.7,6,-235.551,-2.947,-73.708
3460.9,73.88,60.6,0.0,0.9,6,-233.819,-2.904,-71.316
3460.9,74.01,60.6,0.0,1.6,6,-231.207,-2.839,-67.731
3475.7,74.09,60.6,0.0,2.2,6,-229.455,-2.796,-65.343
3475.7,74.21,60.7,0.0,3.0,6,-226.808,-2.728,-61.768
3475.7,74.29,60.7,0.0,3.5,6,-225.027,-2.681,-59.392
3475.7,74.28,29.2,43.3,3.7,6,-222.327,-2.611,-55.844
3490.5,73.48,0.0,54.8,4.2,6,-219.604,-2.540,-52.342
3490.5,72.89,0.0,53.8,4.3,6,-217.784,-2.493,-50.048
3490.5,72.02,0.0,45.5,4.1,6,-215.044,-2.423,-46.672
3490.5,71.50,0.0,36.4,5.0,6,-213.206,-2.378,-44.466
3504.9,70.86,0.0,21.8,3.0,6,-210.425,-2.309,-41.226
3504.9,70.53,0.0,12.5,3.2,6,-208.552,-2.264,-39.107
3504.9,70.18,0.0,1.3,4.8,6,-205.709,-2.198,-35.988
3504.9,70.02,7.1,0.0,4.5,6,-203.788,-2.152,-33.945
3518.9,69.84,14.9,0.0,4.9,6,-200.871,-2.084,-30.931
3518.9,69.72,9.0,0.0,5.3,6,-198.902,-2.040,-28.952
3518.9,69.41,1.5,24.5,5.0,6,-195.918,-1.974,-26.031
3518.9,68.68,0.0,68.3,5.7,6,-192.906,-1.907,-23.179
3532.6,67.97,0.0,23.2,6.0,6,-190.898,-1.861,-21.325
3532.6,67.69,72.2,0.0,6.0,6,-187.869,-1.792,-18.614
3532.6,67.76,78.7,0.0,7.0,6,-185.823,-1.749,-16.839
3532.6,67.80,31.8,15.2,10.2,6,-182.710,-1.690,-14.221
3546.0,67.61,3.5,4.9,12.2,6,-180.610,-1.657,-12.510
3546.0,67.40,34.3,0.0,13.5,6,-177.430,-1.616,-10.003
3546.0,67.38,59.7,0.0,13.3,6,-175.285,-1.594,-8.371
3546.0,67.44,65.1,0.0,13.0,6,-172.023,-1.566,-5.981
3559.6,67.48,58.3,0.0,12.9,6,-169.815,-1.549,-4.430
3559.6,67.50,58.4,0.0,13.9,6,-166.453,-1.524,-2.172
3559.6,67.50,50.8,0.0,15.5,6,-164.182,-1.507,-0.713
3559.6,67.46,24.3,0.0,17.9,6,-160.727,-1.476,1.402
3573.4,67.44,56.9,0.0,18.4,6,-157.221,-1.433,3.420
3573.4,67.47,58.5,0.0,19.4,6,-154.856,-1.400,4.717
3573.4,67.47,59.3,0.0,20.0,6,-151.270,-1.349,6.597
3573.4,67.45,59.9,0.0,17.8,6,-148.864,-1.331,7.820
3587.9,67.52,35.0,0.0,15.1,6,-145.227,-1.322,9.601
3587.9,67.41,14.9,0.0,16.0,6,-142.773,-1.308,10.726
3587.9,67.15,29.2,0.0,17.9,6,-139.059,-1.270,12.306
3587.9,67.04,35.3,0.0,20.9,6,-136.567,-1.242,13.300
3602.3,66.95,41.4,0.0,27.8,6,-132.803,-1.204,14.710
3602.3,66.87,19.2,0.0,32.4,6,-130.277,-1.179,15.597
3602.3,66.66,12.8,0.0,38.7,6,-126.473,-1.143,16.851
3602.3,66.50,13.4,0.0,40.6,6,-123.928,-1.121,17.639
3616.2,66.23,12.5,0.0,39.6,6,-120.102,-1.086,18.741
3616.2,66.05,11.5,0.0,37.7,6,-117.544,-1.062,19.420
3616.2,65.76,8.7,0.0,35.1,6,-113.701,-1.028,20.353
3629.3,65.45,9.8,0.0,33.2,6,-109.853,-0.995,21.181
3629.3,65.23,8.5,0.0,32.4,6,-107.285,-0.970,21.671
3629.3,64.93,8.5,0.0,33.1,6,-103.434,-0.932,22.317
3629.3,64.73,8.5,0.0,34.2,6,-100.868,-0.907,22.690
3642.1,64.43,8.5,0.0,35.7,6,-97.022,-0.870,23.162
3642.1,64.23,8.5,0.0,36.3,6,-94.461,-0.842,23.418
3642.1,63.95,8.4,0.0,36.3,6,-90.627,-0.799,23.720
3642.1,63.77,8.4,0.0,35.1,6,-88.077,-0.770,23.868
3654.5,63.52,13.2,0.0,31.4,6,-84.261,-0.726,24.009
3654.5,63.37,17.0,0.0,28.4,6,-81.724,-0.697,24.049
3654.5,63.17,22.6,0.0,23.1,6,-77.928,-0.652,24.024
3654.5,63.07,27.3,0.0,19.9,6,-75.404,-0.620,23.952
3667.0,62.98,37.4,0.0,15.3,6,-71.628,-0.572,23.758
3667.0,62.95,41.7,0.0,12.1,6,-67.862,-0.523,23.466
3667.0,62.96,40.2,0.0,10.4,6,-65.356,-0.493,23.221
3667.0,63.02,53.3,0.0,8.6,6,-61.604,-0.447,22.778
3679.6,63.11,55.3,0.0,7.5,6,-59.106,-0.415,22.434
3679.6,63.25,55.5,0.0,5.6,6,-55.361,-0.362,21.852
3679.6,63.34,55.7,0.0,4.3,6,-52.866,-0.325,21.425
3679.6,63.52,55.7,0.0,1.7,6,-49.123,-0.276,20.738
3692.2,63.63,55.7,0.0,-0.1,6,-46.628,-0.247,20.252
3692.2,63.80,55.8,0.0,-1.8,6,-42.881,-0.204,19.492
3692.2,63.92,55.9,0.0,-2.4,6,-40.380,-0.175,18.976
3692.2,64.10,55.4,0.0,-3.0,6,-36.618,-0.133,18.204
3704.9,64.21,55.9,0.0,-3.6,6,-34.103,-0.107,17.698
3704.9,64.38,56.3,0.0,-4.4,6,-30.316,-0.068,16.963
3704.9,64.48,56.5,0.0,-3.7,6,-27.783,-0.044,16.491
3704.9,64.65,56.6,0.0,-3.9,6,-23.969,-0.013,15.814
3717.8,64.82,56.7,0.0,-4.5,6,-20.137,0.012,15.176
3717.8,64.93,56.7,0.0,-4.9,6,-17.574,0.026,14.775
3717.8,65.08,56.8,0.0,-6.4,6,-13.714,0.050,14.216
3717.8,65.18,57.0,0.0,-7.2,6,-11.132,0.067,13.874
3730.9,65.33,56.9,0.0,-7.6,6,-7.244,0.093,13.413
3730.9,65.43,57.1,0.0,-7.7,6,-4.643,0.110,13.142
3730.9,65.56,57.1,0.0,-7.2,6,-0.730,0.137,12.797
3730.9,65.64,57.3,0.0,-7.4,6,1.887,0.156,12.610
3744.1,65.77,57.3,0.0,-7.6,6,5.823,0.190,12.398
3744.1,65.85,57.4,0.0,-7.8,6,8.454,0.216,12.301
3744.1,65.98,57.5,0.0,-7.9,6,12.407,0.258,12.222
3744.1,66.07,57.5,0.0,-8.1,6,15.048,0.288,12.213
3757.7,66.19,57.6,0.0,-8.2,6,19.015,0.336,12.267
3757.7,66.28,57.7,0.0,-8.0,6,21.663,0.371,12.347
3757.7,66.40,57.8,0.0,-7.2,6,25.638,0.428,12.537
3757.7,66.53,57.9,0.0,-6.4,6,29.615,0.492,12.812
3771.4,66.60,57.9,0.0,-6.5,6,32.268,0.536,13.039
3771.4,66.71,57.9,0.0,-9.0,6,36.246,0.592,13.435
3771.4,66.82,53.6,0.0,-10.7,6,38.899,0.624,13.735
3771.4,66.90,56.2,0.0,-12.0,6,42.877,0.671,14.252
3785.3,66.97,58.0,0.0,-11.4,6,45.525,0.706,14.645
3785.3,67.07,58.1,0.0,-9.4,6,49.491,0.763,15.307
3785.3,67.13,58.1,0.0,-8.8,6,52.129,0.800,15.797
3785.3,67.24,58.2,0.0,-9.2,6,56.078,0.855,16.604
3799.1,67.31,58.3,0.0,-9.7,6,58.703,0.892,17.192
3799.1,67.41,58.3,0.0,-10.1,6,62.630,0.950,18.149
3799.1,67.48,58.4,0.0,-9.9,6,65.239,0.990,18.833
3799.1,67.59,58.3,0.0,-9.3,6,69.139,1.048,19.930
3813.0,67.66,58.4,0.0,-8.8,6,71.730,1.086,20.706
3813.0,67.77,58.5,0.0,-8.2,6,75.601,1.143,21.938
3813.0,67.89,58.5,0.0,-7.9,6,79.451,1.201,23.255
3813.0,67.95,58.5,0.0,-7.7,6,82.005,1.240,24.179
3827.1,68.07,58.5,0.0,-7.8,6,85.818,1.298,25.631
3827.1,68.14,58.7,0.0,-8.0,6,88.347,1.337,26.642
3827.1,68.25,58.6,0.0,-8.0,6,92.118,1.397,28.227
3827.1,68.33,58.7,0.0,-8.0,6,94.618,1.438,29.327
3840.9,68.44,58.7,0.0,-7.9,6,98.345,1.499,31.042
3840.9,68.52,58.8,0.0,-7.8,6,100.813,1.542,32.229
3840.9,68.63,58.8,0.0,-7.6,6,104.490,1.607,34.074
3840.9,68.70,58.9,0.0,-7.5,6,106.924,1.650,35.345
3854.6,68.82,58.9,0.0,-7.4,6,110.548,1.716,37.316
3854.6,68.89,59.0,0.0,-7.4,6,112.946,1.759,38.670
3854.6,69.01,59.0,0.0,-7.5,6,116.514,1.824,40.763
3868.3,69.12,59.0,0.0,-7.6,6,120.046,1.888,42.928
3868.3,69.19,59.0,0.0,-7.8,6,122.381,1.930,44.410
3868.3,69.31,59.1,0.0,-7.9,6,125.853,1.990,46.691
3868.3,69.38,59.1,0.0,-7.7,6,128.146,2.029,48.251
3882.1,69.49,59.2,0.0,-7.8,6,131.554,2.085,50.647
3882.1,69.57,59.3,0.0,-7.7,6,133.803,2.121,52.283
3882.1,69.68,59.3,0.0,-7.6,6,137.142,2.172,54.792
3882.1,69.79,59.3,0.0,-7.7,6,140.437,2.219,57.369
3895.9,69.86,59.4,0.0,-7.8,6,142.610,2.247,59.123
3895.9,69.98,59.4,0.0,-7.3,6,145.835,2.283,61.806
3895.9,70.06,59.4,0.0,-6.9,6,147.961,2.302,63.629
3895.9,70.17,59.5,0.0,-5.2,6,151.112,2.325,66.415
3909.9,70.29,59.5,0.0,-3.6,6,154.219,2.345,69.261
3909.9,70.38,59.5,0.0,-2.8,6,156.268,2.356,71.189
3909.9,70.29,17.4,43.4,-1.9,6,159.309,2.371,74.121
3909.9,69.79,0.0,63.2,-1.4,6,161.307,2.380,76.087
3923.9,68.75,0.0,79.6,-0.2,6,164.251,2.395,79.026
3923.9,67.96,0.0,83.2,0.5,6,166.175,2.406,80.971
3923.9,66.74,0.0,85.5,0.7,6,169.007,2.423,83.857
3923.9,65.91,0.0,86.2,0.4,6,170.861,2.436,85.757
3937.3,64.67,0.0,86.4,0.2,6,173.595,2.455,88.566
3937.3,63.85,0.0,86.8,0.2,6,175.388,2.469,90.410
3937.3,62.61,0.0,86.7,0.2,6,178.036,2.488,93.130
3937.3,61.38,31.5,86.6,0.3,0,180.633,2.507,95.796
3949.9,60.57,0.0,87.6,0.3,5,182.338,2.519,97.542
3949.9,59.34,0.0,86.5,0.4,5,184.856,2.538,100.114
3949.9,58.53,0.0,87.0,0.5,5,186.508,2.551,101.798
3949.9,57.31,0.0,86.3,0.5,5,188.948,2.567,104.275
3961.6,56.49,0.0,87.5,0.5,5,190.549,2.576,105.896
3961.6,55.27,0.0,86.3,0.6,5,192.911,2.588,108.277
3961.6,54.46,0.0,85.6,0.5,5,194.462,2.597,109.833
3961.6,53.27,0.0,86.2,0.6,0,196.751,2.611,112.117
3972.6,52.48,28.3,86.3,0.6,0,198.253,2.621,113.608
3972.6,51.28,0.0,86.5,1.0,4,200.472,2.638,115.795
3972.6,50.48,0.0,85.6,1.2,4,201.927,2.652,117.220
3972.6,49.29,0.0,85.8,1.7,4,204.077,2.675,119.306
3982.7,48.50,0.0,85.4,2.1,4,205.488,2.691,120.662
3982.7,47.32,0.0,85.7,2.3,4,207.574,2.716,122.644
3982.7,46.15,0.0,85.8,3.0,4,209.622,2.741,124.562
3982.7,45.36,0.0,86.1,3.2,4,210.968,2.757,125.805
3992.1,44.21,29.7,86.2,3.5,0,212.959,2.779,127.613
3992.1,43.43,0.0,87.4,3.6,3,214.268,2.793,128.781
3992.1,42.26,0.0,86.9,3.1,3,216.204,2.812,130.475
3992.1,41.48,0.0,83.3,2.6,3,217.477,2.823,131.566
4000.7,40.38,0.0,67.1,1.6,3,219.360,2.836,133.144
4000.7,39.74,0.0,58.5,0.5,3,220.603,2.844,134.157
4000.7,38.89,0.0,50.7,0.2,3,222.454,2.852,135.620
4000.7,38.40,0.0,46.8,1.3,3,223.684,2.856,136.558
4008.6,37.71,0.0,43.6,4.0,3,225.526,2.860,137.909
4008.6,37.27,0.0,41.9,6.5,3,226.752,2.862,138.775
4008.6,36.65,0.0,39.5,9.4,3,228.585,2.863,140.024
4008.6,36.25,0.0,39.8,10.0,3,229.805,2.862,140.825
4015.9,35.66,0.0,39.6,10.6,0,231.630,2.859,141.978
4015.9,35.11,0.0,40.7,10.6,2,233.449,2.855,143.074
4015.9,34.69,0.0,39.1,10.3,2,234.659,2.851,143.772
4022.9,34.11,0.0,36.3,10.6,2,236.468,2.844,144.767
4022.9,33.73,0.0,34.5,11.2,2,237.671,2.839,145.397
4022.9,33.22,0.0,25.4,12.3,2,239.471,2.830,146.290
4022.9,32.94,0.0,19.7,13.3,2,240.669,2.824,146.852
4029.3,32.59,0.0,14.0,15.3,2,242.468,2.815,147.645
4029.3,32.39,0.0,11.3,16.7,2,243.669,2.809,148.142
4029.3,32.14,0.0,7.2,19.0,2,245.476,2.799,148.838
4029.3,31.99,0.0,5.1,19.8,2,246.684,2.792,149.268
4035.5,31.79,0.0,5.4,20.6,2,248.503,2.781,149.862
4035.5,31.66,0.0,6.0,21.6,2,249.720,2.774,150.223
4035.5,31.44,0.0,7.8,22.6,2,251.549,2.763,150.712
4035.5,31.27,0.0,12.9,19.7,2,252.770,2.755,151.002
4041.6,30.99,0.0,9.3,17.0,2,254.599,2.742,151.383
4041.6,30.76,0.0,3.8,15.1,2,256.424,2.729,151.700
4041.6,30.63,0.0,7.5,15.3,2,257.639,2.721,151.876
4041.6,30.42,0.0,2.1,16.6,2,259.458,2.711,152.092
4047.9,30.33,1.7,0.1,17.9,2,260.668,2.704,152.203
4047.9,30.21,1.2,1.4,19.7,2,262.480,2.695,152.324
4047.9,30.11,0.8,0.1,23.1,2,263.686,2.690,152.371
4047.9,30.02,14.0,0.0,27.5,2,265.489,2.683,152.392
4055.5,29.95,5.5,0.0,29.7,2,266.689,2.680,152.368
4055.5,29.86,16.5,0.0,32.6,2,268.480,2.678,152.277
4055.5,29.85,26.5,0.0,35.0,2,269.671,2.677,152.177
4055.5,29.81,18.7,0.0,39.7,2,271.449,2.677,151.971
4062.5,29.79,23.8,0.0,43.2,2,272.628,2.678,151.796
4062.5,29.74,19.8,0.0,48.8,2,274.386,2.681,151.477
4062.5,29.68,14.1,0.0,51.9,2,275.547,2.685,151.225
4062.5,29.54,11.5,0.0,57.6,2,277.270,2.694,150.790
4070.8,29.40,10.5,0.0,63.0,2,278.966,2.706,150.288
4070.8,29.30,9.7,0.0,64.7,2,280.080,2.715,149.919
4070.8,29.10,33.4,0.0,69.0,0,281.724,2.732,149.311
4070.8,28.96,1.5,0.0,68.9,1,282.798,2.746,148.868
4077.8,28.73,9.7,0.0,66.9,1,284.371,2.772,148.149
4077.8,28.61,9.7,0.0,65.9,1,285.396,2.792,147.634
4077.8,28.45,9.7,0.0,65.3,1,286.897,2.824,146.812
4077.8,28.34,9.7,0.0,65.3,1,287.875,2.846,146.234
4085.0,28.17,9.7,0.0,65.1,1,289.304,2.879,145.323
4090.6,27.60,11.7,0.0,56.4,1,294.144,3.010,141.567
4095.8,27.22,19.5,0.0,47.1,1,298.659,3.152,136.802
4095.8,27.20,23.4,0.0,44.7,1,299.334,3.171,135.948
4095.8,27.22,33.6,0.0,39.8,1,300.303,3.198,134.636
4100.9,27.31,46.4,0.0,35.6,1,300.923,3.214,133.739
4100.9,27.60,63.3,0.0,27.5,1,301.815,3.237,132.356
4100.9,27.86,55.7,0.0,17.7,1,302.665,3.257,130.926
4100.9,28.06,57.1,0.0,11.7,1,303.208,3.269,129.949
4106.2,28.41,63.1,0.0,5.2,1,303.988,3.286,128.446
4106.2,28.69,69.4,0.0,2.7,1,304.488,3.296,127.420
4106.2,29.20,89.3,0.0,2.5,1,305.212,3.310,125.844
4106.2,29.58,85.6,0.0,3.3,1,305.682,3.319,124.768
4111.8,30.18,91.8,0.0,5.3,1,306.369,3.332,123.113
4111.8,30.59,91.8,0.0,6.9,1,306.816,3.340,121.983
4111.8,31.20,91.9,0.0,9.2,1,307.468,3.353,120.249
4111.8,31.59,91.9,0.0,10.3,1,307.890,3.361,119.067
4117.9,32.18,91.9,0.0,11.2,1,308.503,3.373,117.256
4117.9,32.55,91.9,0.0,11.6,1,308.896,3.380,116.024
4117.9,33.11,92.0,0.0,11.7,1,309.460,3.391,114.137
4117.9,33.47,92.0,0.0,11.0,1,309.815,3.398,112.855
4124.5,34.00,91.9,0.0,9.1,1,310.316,3.409,110.895
4124.5,34.52,92.1,0.0,7.9,1,310.774,3.421,108.891
4124.5,34.86,92.1,0.0,7.8,1,311.055,3.430,107.533
4131.4,35.22,0.0,0.0,8.4,0,311.437,3.444,105.463
4131.4,35.21,91.8,0.0,9.4,2,311.659,3.455,104.073
4131.4,35.70,91.9,0.0,12.4,2,311.947,3.473,101.967
4131.4,36.01,81.9,0.0,13.8,2,312.113,3.486,100.543
4138.5,36.30,46.0,0.0,12.8,2,312.319,3.508,98.382
4138.5,36.37,29.7,2.3,11.5,2,312.428,3.523,96.933
4138.5,36.14,0.0,36.1,8.6,2,312.547,3.547,94.758
4138.5,35.74,0.0,46.7,6.3,2,312.601,3.565,93.320
4145.5,34.99,0.0,63.1,3.5,2,312.648,3.595,91.197
4145.5,34.39,0.0,69.4,2.0,2,312.663,3.616,89.808
4145.5,33.43,0.0,75.7,-0.8,2,312.665,3.650,87.771
4145.5,32.39,0.0,79.2,-3.8,2,312.654,3.685,85.795
4151.9,31.69,0.0,81.2,-5.2,2,312.645,3.709,84.512
4151.9,30.61,32.8,81.6,-6.7,0,312.635,3.744,82.641
4151.9,29.91,0.0,77.2,-7.4,1,312.634,3.767,81.430
4151.9,28.90,0.0,55.4,-8.0,1,312.647,3.800,79.664
4157.7,28.38,0.0,43.3,-8.7,1,312.668,3.822,78.518
4157.7,27.78,0.0,31.8,-11.0,1,312.724,3.852,76.835
4157.7,27.45,0.0,27.5,-12.9,1,312.780,3.870,75.731
4157.7,27.02,0.0,21.2,-15.3,1,312.891,3.895,74.101
4163.0,26.77,0.0,17.7,-16.8,1,312.986,3.911,73.029
4163.0,26.44,0.0,15.8,-18.1,1,313.162,3.932,71.442
4163.0,26.23,0.0,14.8,-19.0,1,313.302,3.946,70.398
4163.0,25.94,0.0,12.8,-20.3,1,313.548,3.965,68.852
4168.1,25.75,0.0,12.0,-21.9,1,313.736,3.976,67.835
4168.1,25.49,0.0,11.8,-22.6,1,314.056,3.993,66.331
4168.1,25.21,0.0,11.2,-24.1,1,314.422,4.007,64.854
4168.1,25.04,0.0,11.3,-25.1,1,314.692,4.016,63.886
4173.1,24.77,0.0,12.1,-26.3,1,315.136,4.027,62.459
4173.1,24.59,0.0,10.3,-26.2,1,315.458,4.033,61.525
4173.1,24.34,0.0,8.3,-26.4,1,315.981,4.042,60.153
4173.1,24.19,0.0,7.7,-27.0,1,316.355,4.046,59.257
4177.9,23.97,0.0,7.4,-28.1,1,316.955,4.050,57.943
4177.9,23.82,0.0,5.9,-29.0,1,317.381,4.052,57.087
4177.9,23.63,0.0,4.2,-29.7,1,318.058,4.054,55.834
4177.9,23.51,0.0,4.3,-30.2,1,318.533,4.054,55.020
4182.5,23.33,0.0,5.2,-30.7,1,319.284,4.052,53.831
4182.5,23.20,0.0,6.2,-30.9,1,319.808,4.050,53.062
4182.5,23.02,0.0,4.0,-30.9,1,320.626,4.045,51.943
4182.5,22.90,0.0,4.7,-30.9,1,321.194,4.041,51.220
4186.8,22.71,0.0,6.8,-31.0,1,322.077,4.034,50.174
4186.8,22.50,0.0,9.0,-30.9,1,322.994,4.026,49.175
4186.8,22.35,0.0,7.6,-31.1,1,323.624,4.020,48.536
4186.8,22.15,0.0,5.6,-30.3,1,324.593,4.011,47.618
4190.9,22.03,0.0,6.1,-30.9,1,325.256,4.005,47.033
4190.9,21.84,0.0,6.8,-32.9,1,326.271,3.994,46.196
4190.9,21.70,0.0,7.2,-34.2,1,326.962,3.986,45.666
4190.9,21.51,0.0,2.0,-37.3,1,328.018,3.974,44.913
4195.0,21.44,12.5,0.0,-39.1,1,328.736,3.965,44.442
4195.0,21.51,40.6,0.0,-40.8,1,329.837,3.951,43.776
4195.0,21.64,50.8,0.0,-41.9,1,330.592,3.942,43.358
4195.0,21.89,60.2,0.0,-44.5,1,331.755,3.926,42.766
4199.5,22.11,81.8,0.0,-46.3,1,332.552,3.916,42.396
4199.5,22.47,47.6,0.0,-46.0,1,333.785,3.900,41.875
4199.5,22.63,56.1,0.0,-44.4,1,334.628,3.889,41.557
4199.5,22.86,55.4,0.0,-41.5,1,335.922,3.872,41.125
4203.8,23.16,62.0,0.0,-40.6,1,337.250,3.856,40.752
4203.8,23.36,64.0,0.0,-41.2,1,338.155,3.846,40.535
4203.8,23.66,61.5,0.0,-43.2,1,339.537,3.832,40.258
4203.8,23.87,63.2,0.0,-45.7,1,340.475,3.823,40.107
4208.9,24.14,49.4,0.0,-51.0,1,341.904,3.810,39.929
4208.9,24.26,40.6,0.0,-55.1,1,342.868,3.801,39.844
4208.9,24.30,23.4,0.0,-60.0,1,344.324,3.789,39.766
4208.9,24.25,12.7,0.0,-64.7,1,345.295,3.782,39.748
4215.2,24.13,10.9,0.0,-69.6,1,346.746,3.771,39.771
4215.2,24.04,10.0,0.0,-67.1,1,347.708,3.764,39.822
4215.2,23.91,10.0,0.0,-68.4,1,349.141,3.755,39.950
4215.2,23.82,9.9,0.0,-65.5,1,350.089,3.750,40.071
4221.0,23.69,10.7,0.0,-66.8,1,351.495,3.743,40.305
4221.0,23.61,11.0,0.0,-67.3,1,352.421,3.739,40.496
4221.0,23.49,10.4,0.0,-66.5,1,353.793,3.734,40.834
4226.6,23.36,10.8,0.0,-64.0,1,355.141,3.730,41.233
4226.6,23.29,11.7,0.0,-62.0,1,356.025,3.727,41.532
4226.6,23.19,14.3,0.0,-55.9,1,357.327,3.724,42.030
4226.6,23.16,19.0,0.0,-50.0,1,358.180,3.723,42.393
4232.1,23.26,57.3,0.0,-40.0,1,359.437,3.723,42.987
4232.1,23.54,90.9,0.0,-32.4,1,360.268,3.723,43.416
4232.1,24.05,81.0,0.0,-21.5,1,361.515,3.725,44.109
4232.1,24.40,91.1,0.0,-15.6,1,362.347,3.727,44.604
4237.5,24.98,91.0,0.0,-9.6,1,363.601,3.733,45.391
4237.5,25.39,91.3,0.0,-8.1,1,364.442,3.737,45.944
4237.5,26.01,91.5,0.0,-9.2,1,365.712,3.746,46.817
4237.5,26.60,91.7,0.0,-11.5,1,366.992,3.757,47.738
4242.8,27.01,91.8,0.0,-13.1,1,367.851,3.765,48.379
4242.8,27.60,91.8,0.0,-16.3,1,369.146,3.777,49.380
4242.8,28.00,91.8,0.0,-16.3,1,370.012,3.785,50.076
4242.8,28.59,88.5,0.0,-14.0,1,371.313,3.797,51.165
4248.3,28.97,87.0,0.0,-14.4,1,372.179,3.805,51.922
4248.3,29.53,84.6,0.0,-14.2,1,373.474,3.817,53.105
4248.3,29.88,82.1,0.0,-12.2,1,374.333,3.823,53.926
4248.3,30.42,87.4,0.0,-13.4,1,375.609,3.833,55.206
4254.0,30.78,86.7,0.0,-15.5,1,376.452,3.840,56.092
4254.0,31.31,87.3,0.0,-14.8,1,377.702,3.850,57.472
4254.0,31.66,85.3,0.0,-14.9,1,378.523,3.856,58.426
4254.0,32.16,81.9,0.0,-17.2,1,379.736,3.865,59.906
4259.9,32.47,83.7,0.0,-16.4,1,380.529,3.870,60.926
4259.9,32.94,78.1,0.0,-14.6,1,381.691,3.877,62.506
4259.9,33.37,83.9,0.0,-15.8,1,382.821,3.883,64.142
4259.9,33.66,79.5,0.0,-14.3,1,383.553,3.886,65.264
4266.3,34.08,81.6,0.0,-13.4,1,384.618,3.889,66.994
4266.3,34.39,88.2,0.0,-13.3,1,385.304,3.892,68.178
4266.3,34.85,87.2,0.0,-9.7,1,386.297,3.895,70.001
4266.3,35.17,91.9,0.0,-7.6,0,386.936,3.898,71.247
4273.1,35.17,91.7,0.0,-5.3,2,387.851,3.900,73.148
4273.1,35.51,91.9,0.0,-4.3,2,388.434,3.901,74.435
4273.1,35.99,91.9,0.0,-3.6,2,389.281,3.904,76.403
4273.1,36.32,91.9,0.0,-3.9,2,389.833,3.904,77.739
4280.1,36.84,91.9,0.0,-4.9,2,390.643,3.904,79.779
4280.1,37.21,91.7,0.0,-5.2,2,391.174,3.901,81.160
4280.1,37.64,91.0,0.0,-5.9,2,391.953,3.897,83.265
4280.1,38.00,60.1,0.0,-5.0,2,392.711,3.891,85.403
4287.5,38.26,85.6,0.0,-3.9,2,393.204,3.885,86.846
4287.5,38.76,91.8,0.0,-1.7,2,393.925,3.877,89.041
4287.5,39.08,92.0,0.0,-1.2,2,394.395,3.874,90.526
4287.5,39.58,89.4,0.0,-0.4,2,395.082,3.870,92.784
4295.1,39.87,92.0,0.0,-0.6,2,395.528,3.869,94.309
4295.1,40.39,92.0,0.0,-1.0,2,396.183,3.866,96.627
4295.1,40.73,92.0,0.0,-1.4,2,396.610,3.862,98.192
4295.1,41.16,92.0,0.0,-1.4,0,397.234,3.861,100.569
4303.1,41.20,0.0,0.0,-1.5,0,397.642,3.857,102.166
4303.1,41.50,91.9,0.0,-1.8,3,398.239,3.850,104.571
4303.1,41.76,91.9,0.0,-2.2,3,398.630,3.846,106.188
4303.1,42.16,91.9,0.0,-3.2,3,399.208,3.845,108.638
4311.3,42.44,91.9,0.0,-3.1,3,399.588,3.844,110.286
4311.3,42.86,91.9,0.0,-3.3,3,400.148,3.839,112.782
4311.3,43.27,91.9,0.0,-3.8,3,400.694,3.836,115.307
4311.3,43.55,91.9,0.0,-4.0,3,401.050,3.833,117.006
4319.7,43.96,91.9,0.0,-5.2,3,401.569,3.830,119.578
4319.7,44.22,91.9,0.0,-5.8,3,401.902,3.829,121.310
4319.7,44.62,91.9,0.0,-6.2,3,402.380,3.826,123.931
4319.7,44.89,92.0,0.0,-6.2,3,402.682,3.825,125.695
4328.5,45.28,92.0,0.0,-5.9,3,403.107,3.821,128.366
4328.5,45.55,92.0,0.0,-5.7,3,403.371,3.817,130.163
4328.5,45.94,92.0,0.0,-5.6,3,403.736,3.811,132.882
4328.5,46.20,92.0,0.0,-5.6,3,403.959,3.807,134.711
4337.5,46.58,92.0,0.0,-5.7,3,404.261,3.801,137.477
4337.5,46.84,92.0,0.0,-5.7,3,404.441,3.797,139.336
4337.5,47.22,92.0,0.0,-5.9,3,404.680,3.791,142.147
4337.5,47.47,92.0,0.0,-6.0,3,404.818,3.786,144.035
4346.7,47.84,92.0,0.0,-5.9,3,404.991,3.778,146.888
4365.9,50.20,92.1,0.0,-8.4,3,404.999,3.732,166.489
4365.9,50.53,92.2,0.0,-6.9,3,404.804,3.724,169.504
4365.9,50.85,92.2,0.0,-7.1,3,404.551,3.717,172.534
4375.9,51.07,92.3,0.0,-8.4,3,404.351,3.712,174.562
4375.9,51.37,92.2,0.0,-9.7,3,404.003,3.704,177.615
4375.9,51.57,92.1,0.0,-10.3,3,403.738,3.698,179.656
4375.9,51.63,0.0,0.0,-10.7,0,403.286,3.690,182.722
4386.1,51.72,92.0,0.0,-10.3,4,402.949,3.684,184.760
4386.1,52.00,92.0,0.0,-9.8,4,402.385,3.675,187.819
4386.1,52.19,92.0,0.0,-9.8,4,401.970,3.669,189.861
4386.1,52.47,92.0,0.0,-9.9,4,401.284,3.662,192.924
4396.7,52.65,92.0,0.0,-10.7,4,400.787,3.658,194.966
4396.7,52.91,87.5,0.0,-11.1,4,399.980,3.651,198.027
4396.7,53.10,81.0,0.0,-11.0,4,399.400,3.647,200.066
4396.7,53.36,71.2,0.0,-11.4,4,398.467,3.644,203.120
4407.7,53.54,64.8,0.0,-12.0,4,397.803,3.644,205.152
4407.7,53.75,59.6,0.0,-13.2,4,396.748,3.642,208.193
4407.7,53.91,24.3,0.0,-14.1,4,395.624,3.638,211.221
4407.7,53.92,35.8,0.0,-14.4,4,394.833,3.639,213.227
4419.6,54.13,59.8,0.0,-13.1,4,393.584,3.645,216.216
4419.6,54.28,60.0,0.0,-12.3,4,392.708,3.650,218.200
4419.6,54.46,52.9,0.0,-11.8,4,391.334,3.658,221.158
4419.6,54.52,23.6,0.0,-12.0,4,390.379,3.663,223.117
4431.1,54.50,26.2,0.0,-12.5,4,388.889,3.671,226.029
4431.1,54.58,52.0,0.0,-12.4,4,387.859,3.676,227.951
4431.1,54.83,60.1,0.0,-11.6,4,386.257,3.683,230.815
4431.1,54.99,60.1,0.0,-10.9,4,385.154,3.685,232.714
4442.1,55.23,52.4,0.0,-10.2,4,383.445,3.685,235.544
4442.1,55.39,59.0,0.0,-9.7,4,382.269,3.684,237.418
4442.1,55.65,60.3,0.0,-8.5,4,380.450,3.685,240.208
4442.1,55.83,60.3,0.0,-7.8,4,379.202,3.686,242.055
4453.0,56.10,60.4,0.0,-7.8,4,377.277,3.691,244.805
4453.0,56.36,60.4,0.0,-8.8,4,375.292,3.699,247.533
4453.0,56.54,60.5,0.0,-8.7,4,373.937,3.704,249.338
4453.0,56.80,60.6,0.0,-7.5,4,371.855,3.713,252.025
4475.5,57.77,60.9,0.0,-5.7,4,363.748,3.747,261.669
4487.1,58.83,61.1,0.0,-5.2,4,354.164,3.767,271.858
4487.1,59.00,61.1,0.0,-5.2,4,352.497,3.767,273.523
4487.1,59.25,61.7,0.0,-5.4,4,349.959,3.767,276.001
4487.1,59.42,61.5,0.0,-5.5,4,348.243,3.769,277.639
4498.9,59.65,61.1,0.0,-5.0,4,345.632,3.773,280.077
4498.9,59.91,61.1,0.0,-3.2,4,342.979,3.778,282.489
4498.9,60.07,61.0,0.0,-2.8,4,341.187,3.783,284.084
4510.8,60.29,60.3,0.0,-1.9,4,338.469,3.788,286.460
4510.8,60.46,60.3,0.0,-1.4,4,336.639,3.789,288.035
4510.8,60.72,60.6,0.0,-0.8,4,333.868,3.789,290.389
4510.8,60.92,60.9,0.0,-0.4,4,332.008,3.785,291.956
4523.0,61.13,60.3,0.0,-0.5,4,329.201,3.783,294.305
4523.0,61.31,60.6,0.0,-0.7,4,327.320,3.781,295.873
4523.0,61.53,60.2,0.0,-0.6,4,324.487,3.780,298.228
4523.0,61.60,0.0,0.0,-0.3,0,322.591,3.780,299.801
4535.2,61.66,86.9,0.0,0.2,5,319.744,3.779,302.158
4535.2,61.81,80.4,0.0,0.5,5,317.842,3.779,303.731
4535.2,62.04,70.7,0.0,0.5,5,314.977,3.780,306.096
4535.2,62.27,61.1,0.0,0.4,5,312.103,3.786,308.472
4547.6,62.42,59.9,0.0,0.4,5,310.183,3.790,310.062
4547.6,62.65,59.9,0.0,0.4,5,307.295,3.795,312.457
4547.6,62.81,60.0,0.0,0.5,5,305.366,3.798,314.061
4547.6,63.03,60.1,0.0,0.6,5,302.466,3.805,316.478
4560.1,63.19,60.1,0.0,0.6,5,300.530,3.810,318.097
4560.1,63.41,60.2,0.0,0.7,5,297.620,3.816,320.537
4560.1,63.56,60.2,0.0,0.6,5,295.677,3.819,322.172
4560.1,63.78,60.3,0.0,0.5,5,292.759,3.823,324.637
4572.8,63.93,60.3,0.0,0.5,5,290.811,3.822,326.289
4572.8,64.16,60.3,0.0,0.6,5,287.884,3.815,328.778
4572.8,64.30,60.4,0.0,0.6,5,285.930,3.810,330.445
4572.8,64.51,60.4,0.0,0.5,5,282.995,3.804,332.959
4585.7,64.66,60.5,0.0,0.5,5,281.036,3.797,334.643
4585.7,64.87,60.5,0.0,0.3,5,278.093,3.789,337.180
4585.7,65.08,60.6,0.0,0.3,5,275.145,3.788,339.731
4585.7,65.23,60.6,0.0,0.3,5,273.177,3.788,341.438
4598.7,65.44,60.7,0.0,0.2,5,270.219,3.791,344.010
4598.7,65.58,60.7,0.0,0.2,5,268.243,3.792,345.730
4598.7,65.79,60.8,0.0,0.1,5,265.273,3.796,348.321
4598.7,65.92,60.8,0.0,0.1,5,263.290,3.802,350.054
4611.9,66.13,60.9,0.0,0.1,5,260.308,3.813,352.662
4611.9,66.26,60.9,0.0,0.1,5,258.316,3.821,354.405
4611.9,66.46,61.0,0.0,0.1,5,255.321,3.836,357.028
4611.9,66.60,61.0,0.0,0.1,5,253.319,3.845,358.782
4625.1,66.80,61.1,0.0,0.1,5,250.310,3.856,361.419
4625.1,66.93,61.1,0.0,0.1,5,248.299,3.867,363.182
4625.1,67.13,61.1,0.0,0.2,5,245.276,3.883,365.834
4625.1,67.26,61.1,0.0,0.1,5,243.255,3.890,367.606
4638.6,67.45,61.2,0.0,0.0,5,240.218,3.899,370.271
4638.6,67.64,61.2,0.0,0.0,5,237.172,3.908,372.945
4638.6,67.77,61.2,0.0,0.1,5,235.137,3.912,374.732
4638.6,67.97,61.2,0.0,0.0,5,232.078,3.914,377.419
4652.1,68.09,61.2,0.0,0.0,5,230.034,3.913,379.215
4652.1,68.28,61.3,0.0,0.0,5,226.961,3.911,381.915
4652.1,68.40,61.3,0.0,0.0,5,224.909,3.908,383.720
4652.1,68.59,61.3,0.0,0.0,5,221.823,3.903,386.434
4665.7,68.71,61.3,0.0,0.0,5,219.761,3.900,388.247
4665.7,68.89,61.3,0.0,0.0,5,216.661,3.895,390.974
4665.7,69.01,61.3,0.0,0.0,5,214.591,3.891,392.795
4665.7,69.19,61.3,0.0,0.0,5,211.478,3.884,395.534
4679.5,69.31,61.2,0.0,0.0,5,209.399,3.878,397.364
4679.5,69.49,61.2,0.0,0.1,5,206.274,3.870,400.116
4679.5,69.60,61.2,0.0,0.0,5,204.187,3.867,401.954
4679.5,69.78,61.2,0.0,0.0,5,201.049,3.862,404.718
4693.5,69.95,61.0,0.0,0.0,5,197.904,3.857,407.489
4693.5,70.06,60.9,0.0,0.0,5,195.804,3.854,409.340
4693.5,70.23,60.8,0.0,0.1,5,192.647,3.849,412.123
4693.5,70.34,60.7,0.0,0.0,5,190.538,3.845,413.983
4707.5,70.50,60.6,0.0,0.1,5,187.370,3.839,416.777
4707.5,70.65,60.5,0.0,0.1,5,184.196,3.834,419.579
4707.5,70.75,60.4,0.0,0.1,5,182.076,3.832,421.450
4721.6,70.91,60.3,0.0,0.1,0,178.891,3.829,424.264
4721.6,70.84,0.0,0.0,0.1,0,176.766,3.827,426.142
4721.6,70.93,83.8,0.0,0.1,6,173.582,3.821,428.958
4721.6,71.03,77.4,0.0,0.1,6,171.456,3.817,430.840
4735.8,71.18,67.6,0.0,0.1,6,168.263,3.811,433.668
4735.8,71.29,61.2,0.0,0.1,6,166.131,3.808,435.559
4735.8,71.44,59.9,0.0,0.1,6,162.928,3.805,438.400
4735.8,71.54,60.0,0.0,0.1,6,160.790,3.804,440.299
4750.1,71.70,60.0,0.0,0.1,6,157.578,3.804,443.153
4750.1,71.80,60.1,0.0,0.1,6,155.434,3.804,445.060
4750.1,71.95,60.1,0.0,0.1,6,152.213,3.807,447.927
4750.1,72.05,60.2,0.0,0.1,6,150.062,3.810,449.843
4764.5,72.21,60.2,0.0,0.1,6,146.832,3.814,452.723
4764.5,72.35,60.2,0.0,0.1,6,143.597,3.816,455.610
4764.5,72.45,60.3,0.0,0.1,6,141.437,3.818,457.539
4764.5,72.60,60.3,0.0,0.0,6,138.192,3.821,460.439
4779.0,72.70,60.3,0.0,0.0,6,136.026,3.823,462.375
4779.0,72.84,60.3,0.0,0.1,6,132.772,3.825,465.286
4779.0,72.94,60.4,0.0,0.0,6,130.599,3.826,467.230
4779.0,73.08,60.4,0.0,0.0,6,127.335,3.829,470.152
4793.5,73.18,60.4,0.0,0.0,6,125.156,3.830,472.103
4793.5,73.32,60.4,0.0,0.0,6,121.882,3.832,475.035
4793.5,73.42,60.5,0.0,0.0,6,119.696,3.833,476.993
4793.5,73.56,60.5,0.0,0.0,6,116.412,3.834,479.935
4808.2,73.65,60.5,0.0,-0.0,6,114.219,3.833,481.899
4808.2,73.79,60.5,0.0,-0.0,6,110.925,3.831,484.851
4808.2,73.93,60.6,0.0,-0.0,6,107.625,3.827,487.808
4808.2,74.02,60.6,0.0,-0.0,6,105.421,3.823,489.782
4823.0,74.16,60.6,0.0,0.0,6,102.110,3.815,492.748
4823.0,74.25,60.7,0.0,0.0,6,99.900,3.810,494.729
4823.0,74.38,60.7,0.0,-0.0,6,96.578,3.801,497.703
4823.0,74.47,60.7,0.0,0.0,6,94.361,3.794,499.689
4837.9,74.61,60.7,0.0,0.0,6,91.029,3.780,502.673
4837.9,74.70,60.7,0.0,0.0,6,88.805,3.770,504.664
4837.9,74.83,60.8,0.0,-0.0,6,85.463,3.752,507.657
4837.9,74.92,60.8,0.0,-0.0,6,83.232,3.739,509.655
4852.8,75.05,60.8,0.0,-0.0,6,79.880,3.719,512.655
4852.8,75.14,60.9,0.0,-0.0,6,77.643,3.706,514.659
4852.8,75.27,60.9,0.0,-0.0,6,74.281,3.685,517.668
4852.8,75.40,60.9,0.0,-0.1,6,70.914,3.663,520.683
4867.9,75.48,60.9,0.0,-0.1,6,68.665,3.648,522.695
4867.9,75.61,61.0,0.0,-0.1,6,65.287,3.624,525.717
4867.9,75.70,61.0,0.0,-0.1,6,63.031,3.607,527.734
4867.9,75.83,61.0,0.0,-0.0,6,59.642,3.580,530.763
4883.0,75.91,61.0,0.0,-0.0,6,57.379,3.561,532.785
4883.0,76.04,61.1,0.0,-0.0,6,53.979,3.529,535.821
4883.0,76.12,61.1,0.0,-0.0,6,51.709,3.507,537.847
4883.0,76.25,61.1,0.0,0.1,6,48.299,3.472,540.890
4898.2,76.33,61.1,0.0,0.1,6,46.022,3.447,542.921
4898.2,76.46,61.2,0.0,0.2,6,42.602,3.408,545.972
4898.2,76.54,61.2,0.0,0.1,6,40.319,3.379,548.010
4898.2,76.66,61.2,0.0,0.1,6,36.892,3.333,551.072
4913.5,76.75,61.2,0.0,0.1,6,34.605,3.299,553.117
4913.5,76.87,61.3,0.0,0.1,6,31.172,3.242,556.190
4913.5,76.99,61.3,0.0,0.1,6,27.735,3.186,559.269
4913.5,77.07,61.3,0.0,-0.0,6,25.441,3.147,561.327
4928.9,77.19,61.3,0.0,-0.0,6,21.998,3.090,564.418
4928.9,77.27,61.3,0.0,0.0,6,19.700,3.051,566.482
4928.9,77.40,61.4,0.0,0.0,6,16.249,2.990,569.583
4928.9,77.47,61.4,0.0,-0.1,6,13.946,2.950,571.653
4944.3,77.59,61.4,0.0,-0.4,6,10.487,2.892,574.763
4944.3,77.67,61.4,0.0,-0.5,6,8.177,2.854,576.838
4944.3,77.78,61.4,0.0,-0.5,6,4.706,2.798,579.952
4944.3,77.85,59.1,0.0,-0.3,6,2.387,2.763,582.027
4959.9,77.70,14.3,61.3,-0.4,6,-1.097,2.704,585.138
4959.9,77.04,0.0,75.4,-0.5,6,-3.409,2.662,587.198
4959.9,75.85,0.0,83.6,-0.3,6,-6.840,2.604,590.246
4959.9,75.02,0.0,85.4,-0.2,6,-9.099,2.568,592.248
4975.2,73.76,0.0,86.0,-0.3,6,-12.446,2.514,595.205
4975.2,72.49,0.0,85.8,-0.5,6,-15.742,2.462,598.105
4975.2,71.65,0.0,86.0,-0.5,6,-17.910,2.429,600.007
4989.7,70.41,0.0,86.6,-0.5,6,-21.119,2.381,602.814
4989.7,69.57,0.0,86.6,-0.6,6,-23.231,2.348,604.654
4989.7,68.32,0.0,86.2,-0.6,6,-26.357,2.297,607.367
4989.7,67.49,0.0,86.0,-0.6,6,-28.413,2.262,609.144
5003.4,66.24,0.0,85.8,-0.6,6,-31.457,2.213,611.761
5003.4,65.42,0.0,86.0,-0.7,6,-33.459,2.181,613.473
5003.4,64.19,0.0,86.0,-0.8,6,-36.424,2.136,615.992
5003.4,63.38,0.0,86.2,-0.9,6,-38.374,2.108,617.640
5016.2,62.16,0.0,86.5,-1.0,6,-41.261,2.064,620.062
5016.2,61.34,0.0,86.0,-1.2,0,-43.160,2.035,621.643
5016.2,60.15,0.0,87.6,-1.3,5,-45.971,1.992,623.966
5016.2,58.92,0.0,86.5,-1.7,5,-48.737,1.949,626.229
5028.2,58.11,0.0,85.8,-2.0,5,-50.557,1.921,627.703
5028.2,56.90,0.0,86.0,-2.6,5,-53.253,1.879,629.859
5028.2,56.10,0.0,85.5,-2.9,5,-55.028,1.853,631.260
5028.2,54.90,0.0,85.8,-3.2,5,-57.660,1.813,633.304
5039.4,54.10,0.0,85.7,-3.3,5,-59.394,1.788,634.627
5039.4,52.93,30.7,84.4,-3.4,0,-61.966,1.749,636.552
5039.4,52.16,0.0,82.0,-3.1,4,-63.663,1.723,637.795
5039.4,51.04,0.0,65.9,-2.4,4,-66.183,1.685,639.596
5049.8,50.41,0.0,58.6,-2.3,4,-67.849,1.660,640.754
5049.8,49.56,0.0,52.2,-3.2,4,-70.338,1.625,642.430
5049.8,49.04,0.0,51.6,-4.3,4,-71.990,1.602,643.508
5049.8,48.25,0.0,57.2,-5.7,4,-74.459,1.568,645.067
5059.5,47.41,0.0,57.3,-6.8,4,-76.914,1.535,646.557
5059.5,46.87,0.0,52.1,-6.9,4,-78.541,1.513,647.511
5059.5,46.12,0.0,44.3,-6.4,4,-80.969,1.481,648.886
5059.5,45.67,0.0,35.5,-6.1,4,-82.581,1.459,649.765
5068.6,45.15,0.0,26.1,-7.0,4,-84.996,1.426,651.027
5068.6,44.85,0.0,22.1,-8.0,4,-86.605,1.404,651.834
5068.6,44.46,0.0,15.7,-9.2,4,-89.021,1.370,652.992
5068.6,44.22,0.0,31.7,-9.9,4,-90.635,1.348,653.729
5077.4,43.68,33.9,38.2,-10.4,0,-93.055,1.315,654.781
5086.1,41.88,0.0,7.2,-11.3,3,-102.655,1.189,658.308
5086.1,41.72,0.0,5.1,-12.6,3,-104.256,1.167,658.792
5086.1,41.52,0.0,2.1,-13.5,3,-106.661,1.136,659.463
5094.8,41.41,0.0,2.3,-14.1,3,-108.268,1.116,659.874
5094.8,41.23,0.0,2.6,-14.9,3,-110.683,1.086,660.436
5094.8,41.05,0.0,3.5,-14.9,3,-113.101,1.056,660.932
5094.8,40.92,0.0,4.0,-14.7,3,-114.714,1.036,661.224
5103.2,40.72,0.0,3.8,-15.0,3,-117.133,1.007,661.605
5103.2,40.58,0.0,3.8,-15.0,3,-118.745,0.989,661.820
5103.2,40.38,0.0,3.6,-14.7,3,-121.160,0.961,662.084
5103.2,40.25,0.0,3.9,-14.2,3,-122.767,0.944,662.219
5111.7,40.05,0.0,4.2,-14.3,3,-125.172,0.921,662.362
5111.7,39.91,0.0,3.8,-13.4,3,-126.771,0.907,662.419
5111.7,39.72,0.0,4.1,-14.0,3,-129.160,0.885,662.448
5111.7,39.59,0.0,3.9,-14.8,3,-130.746,0.871,662.430
5120.1,39.39,0.0,5.6,-14.1,3,-133.114,0.850,662.349
5120.1,39.25,0.0,5.9,-14.6,3,-134.684,0.836,662.259
5120.1,39.03,0.0,5.0,-14.8,3,-137.025,0.816,662.070
5120.1,38.90,0.0,1.8,-15.6,3,-138.576,0.803,661.909
5128.2,38.74,0.6,0.0,-15.6,3,-140.886,0.784,661.612
5128.2,38.59,0.0,1.6,-13.6,3,-143.177,0.765,661.251
5128.2,38.48,0.0,1.7,-13.5,3,-144.694,0.753,660.975
5128.2,38.32,0.0,2.2,-15.7,3,-146.950,0.735,660.510
5136.5,38.20,0.0,1.4,-17.4,3,-148.442,0.724,660.166
5136.5,38.04,0.0,1.1,-19.3,3,-150.658,0.707,659.599
5136.5,37.93,0.0,0.8,-20.2,3,-152.120,0.696,659.186
5136.5,37.76,0.0,1.1,-21.0,3,-154.289,0.680,658.513
5144.8,37.65,0.0,1.8,-21.5,3,-155.718,0.669,658.029
5144.8,37.44,0.0,7.9,-22.2,3,-157.832,0.654,657.250
5144.8,37.27,0.0,11.4,-22.5,3,-159.221,0.644,656.696
5144.8,36.99,0.0,2.6,-22.3,3,-161.266,0.631,655.812
5152.7,36.86,4.3,0.0,-21.6,3,-162.604,0.624,655.187
5152.7,36.73,14.3,0.0,-20.0,3,-164.574,0.618,654.190
5152.7,36.68,21.5,0.0,-19.1,3,-165.863,0.616,653.488
5152.7,36.61,15.4,0.0,-18.1,3,-167.763,0.614,652.381
5161.1,36.52,10.1,0.0,-19.6,3,-169.622,0.612,651.215
5161.1,36.44,4.9,1.6,-22.4,3,-170.837,0.609,650.407
5161.1,36.27,10.8,0.0,-27.5,3,-172.622,0.602,649.152
5161.1,36.23,28.2,0.0,-30.0,3,-173.784,0.598,648.285
5168.9,36.23,41.1,0.0,-32.6,3,-175.486,0.598,646.934
5168.9,36.26,46.2,0.0,-35.0,3,-176.594,0.601,645.999
5168.9,36.39,59.4,0.0,-39.2,3,-178.223,0.605,644.552
5168.9,36.46,45.7,0.0,-42.3,3,-179.288,0.608,643.557
5177.1,36.42,21.0,0.0,-46.7,3,-180.848,0.611,642.023
5177.1,36.34,17.0,0.0,-49.0,3,-181.857,0.615,640.975
5177.1,36.20,13.0,0.0,-50.8,3,-183.323,0.622,639.366
5177.1,36.10,11.6,0.0,-50.5,3,-184.267,0.627,638.270
5185.0,35.93,10.7,0.0,-49.3,3,-185.630,0.636,636.593
5185.0,35.83,10.8,0.0,-48.6,3,-186.503,0.643,635.453
5185.0,35.69,17.2,0.0,-47.9,3,-187.761,0.654,633.716
5192.2,35.58,22.1,0.0,-47.8,3,-188.958,0.664,631.944
5192.2,35.53,23.0,0.0,-47.4,3,-189.723,0.671,630.745
5192.2,35.40,12.7,0.0,-46.5,3,-190.816,0.683,628.919
5192.2,35.31,13.9,0.0,-45.4,3,-191.509,0.691,627.686
5199.1,35.19,16.6,0.0,-42.8,3,-192.495,0.703,625.815
5199.1,35.13,18.2,0.0,-41.1,3,-193.118,0.710,624.554
5199.1,35.04,22.9,0.0,-37.8,3,-193.999,0.719,622.642
5199.1,35.00,28.0,0.0,-35.2,3,-194.551,0.723,621.354
5205.8,35.00,38.2,0.0,-31.2,3,-195.325,0.728,619.403
5205.8,35.04,47.7,0.0,-28.6,3,-195.806,0.730,618.087
5205.8,35.19,70.9,0.0,-25.3,3,-196.478,0.732,616.091
5205.8,35.39,91.4,0.0,-23.1,3,-196.894,0.732,614.743
5212.5,35.75,91.8,0.0,-20.0,3,-197.471,0.733,612.689
5212.5,35.98,91.8,0.0,-18.1,3,-197.825,0.733,611.299
5212.5,36.34,91.8,0.0,-15.6,3,-198.308,0.735,609.185
5212.5,36.72,91.8,0.0,-13.7,3,-198.734,0.738,607.035
5219.7,36.95,91.8,0.0,-12.6,3,-198.988,0.740,605.584
5219.7,37.34,91.8,0.0,-10.1,3,-199.322,0.743,603.382
5219.7,37.59,91.8,0.0,-9.1,3,-199.515,0.746,601.897
5219.7,37.98,91.8,0.0,-8.5,3,-199.760,0.752,599.644
5227.2,38.25,91.8,0.0,-7.2,3,-199.896,0.757,598.126
5227.2,38.65,91.8,0.0,-5.5,3,-200.064,0.766,595.826
5227.2,38.92,91.8,0.0,-4.4,3,-200.153,0.773,594.278
5227.2,39.33,91.9,0.0,-3.2,3,-200.260,0.784,591.933
5235.0,39.60,91.9,0.0,-1.9,3,-200.316,0.793,590.356
5235.0,39.98,76.4,0.0,0.4,3,-200.384,0.809,587.970
5235.0,40.17,63.4,0.0,1.9,3,-200.424,0.820,586.368
5235.0,40.28,19.3,24.1,4.2,3,-200.482,0.837,583.953
5243.0,39.99,0.0,49.1,5.0,3,-200.527,0.847,582.347
5243.0,39.28,0.0,49.7,5.8,3,-200.607,0.863,579.968
5243.0,38.58,0.0,45.4,6.8,3,-200.712,0.879,577.634
5243.0,38.14,0.0,42.5,7.4,3,-200.798,0.891,576.101
5250.8,37.54,0.0,31.5,8.5,3,-200.955,0.907,573.836
5250.8,37.22,0.0,26.8,9.1,3,-201.081,0.918,572.345
5250.8,36.80,0.0,19.5,10.4,3,-201.304,0.934,570.136
5250.8,36.57,0.0,14.4,11.5,3,-201.476,0.944,568.678
5258.3,36.28,0.0,9.8,13.3,3,-201.774,0.957,566.513
5258.3,36.12,0.0,9.9,13.7,3,-202.000,0.966,565.083
5258.3,35.87,0.0,11.1,13.0,3,-202.386,0.980,562.957
5258.3,35.70,0.0,11.6,12.0,3,-202.671,0.989,561.554
5265.9,35.44,0.0,10.0,12.3,3,-203.143,1.003,559.472
5265.9,35.28,0.0,8.3,12.8,3,-203.485,1.013,558.099
5265.9,35.01,0.0,31.6,13.1,0,-204.043,1.029,556.064
5265.9,34.71,36.8,31.0,13.2,0,-204.441,1.040,554.727
5273.2,34.23,0.0,71.6,13.4,2,-205.075,1.058,552.758
5273.2,33.35,0.0,54.4,12.7,2,-205.745,1.075,550.842
5273.2,32.83,0.0,39.6,11.7,2,-206.208,1.087,549.602
5273.2,32.24,0.0,27.5,10.6,2,-206.935,1.106,547.790
5280.8,31.93,0.0,19.9,11.0,2,-207.442,1.119,546.611
5280.8,31.59,0.0,12.9,12.9,2,-208.239,1.140,544.880
5280.8,31.28,0.0,17.1,15.4,2,-209.079,1.161,543.190
5287.7,30.94,0.0,20.7,17.6,2,-209.956,1.182,541.542
5287.7,30.69,0.0,20.1,18.4,2,-210.560,1.196,540.467
5287.7,30.33,0.0,13.9,18.7,2,-211.497,1.215,538.894
5287.7,30.13,0.0,12.0,19.0,2,-212.143,1.228,537.872
5295.1,29.86,0.0,8.0,19.9,2,-213.146,1.246,536.377
5295.1,29.71,0.0,5.0,20.6,2,-213.837,1.259,535.406
5295.1,29.51,0.0,3.8,22.1,2,-214.907,1.276,533.988
5295.1,29.39,0.0,1.5,23.2,2,-215.644,1.287,533.069
5301.4,29.27,34.2,0.5,24.7,0,-216.785,1.304,531.729
5301.4,29.18,0.0,1.1,25.6,1,-217.569,1.314,530.862
5301.4,29.00,1.8,0.2,27.2,1,-218.779,1.329,529.604
5301.4,28.88,7.7,0.0,29.1,1,-220.029,1.343,528.398
5307.6,28.81,9.4,0.0,30.4,1,-220.884,1.352,527.624
5307.6,28.71,11.9,0.0,32.3,1,-222.199,1.364,526.507
5307.6,28.68,18.8,0.0,33.8,1,-223.097,1.372,525.792
5307.6,28.68,23.4,0.0,36.2,1,-224.477,1.383,524.765
5313.6,28.69,24.7,0.0,37.9,1,-225.419,1.389,524.109
5313.6,28.72,28.1,0.0,41.0,1,-226.862,1.399,523.170
5313.6,28.74,23.4,0.0,43.4,1,-227.845,1.405,522.574
5313.6,28.70,16.8,0.0,47.3,1,-229.345,1.412,521.726
5319.8,28.65,15.4,0.0,49.8,1,-230.361,1.417,521.193
5319.8,28.57,14.8,0.0,53.2,1,-231.906,1.423,520.444
5319.8,28.51,13.6,0.0,55.4,1,-232.948,1.426,519.978
5319.8,28.40,11.7,0.0,58.4,1,-234.529,1.431,519.332
5325.7,28.31,10.8,0.0,60.5,1,-235.592,1.433,518.937
5325.7,28.17,9.9,0.0,59.5,1,-237.198,1.436,518.398
5325.7,28.02,9.9,0.0,62.7,1,-238.817,1.438,517.925
5325.7,27.93,9.8,0.0,60.2,1,-239.901,1.440,517.647
5331.4,27.79,9.7,0.0,58.8,1,-241.532,1.440,517.285
5331.4,27.69,10.1,0.0,60.8,1,-242.623,1.440,517.080
5331.4,27.55,10.0,0.0,60.9,1,-244.261,1.440,516.828
5331.4,27.46,9.7,0.0,58.2,1,-245.354,1.439,516.697
5337.1,27.33,10.2,0.0,60.0,1,-246.992,1.436,516.557
5337.1,27.24,10.2,0.0,61.1,1,-248.082,1.435,516.500
5337.1,27.10,9.8,0.0,60.3,1,-249.712,1.431,516.470
5337.1,27.01,9.7,0.0,59.0,1,-250.795,1.428,516.485
5342.7,26.88,10.5,0.0,59.5,1,-252.410,1.423,516.563
5342.7,26.80,10.8,0.0,59.4,1,-253.480,1.420,516.651
5342.7,26.68,10.9,0.0,58.6,1,-255.074,1.413,516.835
5342.7,26.60,11.2,0.0,57.8,1,-256.127,1.409,516.994
5348.1,26.49,12.1,0.0,56.2,1,-257.693,1.401,517.286
5348.1,26.39,13.0,0.0,54.8,1,-259.240,1.392,517.639
5348.1,26.34,14.2,0.0,53.7,1,-260.260,1.386,517.908
5348.1,26.27,16.8,0.0,51.4,1,-261.772,1.374,518.360
5353.5,26.24,19.6,0.0,49.3,1,-262.767,1.365,518.695
5353.5,26.24,27.2,0.0,45.5,1,-264.241,1.351,519.246
5353.5,26.29,34.8,0.0,42.7,1,-265.212,1.341,519.647
5353.5,26.47,54.1,0.0,38.1,1,-266.653,1.325,520.299
5358.9,26.71,74.7,0.0,34.4,1,-267.607,1.314,520.768
5358.9,27.22,79.9,0.0,28.0,1,-269.036,1.297,521.524
5358.9,27.52,73.6,0.0,23.6,1,-269.988,1.285,522.063
5358.9,27.96,61.9,0.0,17.5,1,-271.410,1.267,522.925
5364.8,28.25,77.8,0.0,14.8,1,-272.354,1.254,523.534
5364.8,28.77,79.1,0.0,12.9,1,-273.764,1.234,524.501
5364.8,29.11,87.3,0.0,12.8,1,-274.701,1.220,525.179
5364.8,29.63,86.2,0.0,13.4,1,-276.102,1.198,526.247
5370.8,30.18,82.4,0.0,14.0,1,-277.494,1.176,527.377
5370.8,30.54,90.0,0.0,14.7,1,-278.417,1.160,528.165
5370.8,31.10,83.8,0.0,15.8,1,-279.791,1.137,529.400
5370.8,31.45,85.0,0.0,16.4,1,-280.701,1.121,530.258
5377.3,31.99,87.7,0.0,17.2,1,-282.050,1.096,531.598
5377.3,32.33,87.2,0.0,17.9,1,-282.939,1.078,532.527
5377.3,32.81,75.4,0.0,18.0,1,-284.252,1.052,533.973
5377.3,33.09,77.0,0.0,17.6,1,-285.110,1.035,534.972
5384.6,33.54,85.4,0.0,17.8,1,-286.368,1.010,536.524
5384.6,33.84,82.6,0.0,18.1,1,-287.187,0.993,537.594
5384.6,34.28,84.6,0.0,19.1,1,-288.384,0.969,539.249
5384.6,34.58,82.0,0.0,19.7,1,-289.159,0.953,540.387
5391.9,35.01,88.9,0.0,21.2,0,-290.287,0.928,542.143
5391.9,34.99,0.0,0.0,22.4,0,-291.011,0.911,543.342
5391.9,35.25,91.9,0.0,24.3,2,-292.044,0.886,545.174
5400.1,35.70,86.4,0.0,25.6,2,-293.025,0.863,547.061
5400.1,35.98,88.6,0.0,26.5,2,-293.651,0.849,548.351
5400.1,36.43,91.9,0.0,28.6,2,-294.547,0.827,550.328
5400.1,36.71,88.0,0.0,29.9,2,-295.117,0.812,551.675
5407.9,37.07,71.1,0.0,33.2,2,-295.924,0.788,553.736
5407.9,37.23,57.9,0.0,34.7,2,-296.428,0.773,555.133
5407.9,37.25,23.1,0.0,36.2,2,-297.122,0.753,557.258
5407.9,37.21,24.1,0.0,37.0,2,-297.543,0.741,558.687
5416.4,37.23,38.7,0.0,38.1,2,-298.114,0.725,560.845
5416.4,37.29,43.9,0.0,38.0,2,-298.458,0.714,562.295
5416.4,37.37,37.0,0.0,35.4,2,-298.920,0.699,564.487
5416.4,37.42,42.0,0.0,32.9,2,-299.190,0.689,565.958
5424.6,37.59,65.2,0.0,27.8,2,-299.534,0.677,568.180
5424.6,37.82,86.2,0.0,24.3,2,-299.726,0.670,569.676
5424.6,38.25,92.0,0.0,19.2,2,-299.959,0.660,571.945
5424.6,38.69,92.0,0.0,13.4,2,-300.126,0.650,574.246
5432.4,38.99,92.0,0.0,10.1,2,-300.201,0.644,575.797
5432.4,39.43,92.0,0.0,6.5,2,-300.256,0.638,578.148
5432.4,39.73,92.0,0.0,5.1,2,-300.256,0.633,579.730
5432.4,40.19,92.0,0.0,5.2,2,-300.205,0.628,582.127
5440.5,40.50,92.0,0.0,6.1,2,-300.138,0.624,583.738
5440.5,40.96,92.1,0.0,8.4,2,-299.992,0.617,586.177
5440.5,41.26,92.1,0.0,9.7,2,-299.866,0.612,587.816
5440.5,41.70,92.2,0.0,10.7,2,-299.634,0.604,590.293
5448.6,41.99,92.2,0.0,11.2,2,-299.451,0.598,591.956
5456.8,43.31,91.9,0.0,12.4,3,-297.654,0.546,602.870
5456.8,43.56,91.9,0.0,13.1,3,-297.281,0.534,604.565
5456.8,43.95,91.9,0.0,11.8,3,-296.669,0.513,607.118
5465.3,44.19,91.9,0.0,11.5,3,-296.224,0.500,608.823
5465.3,44.57,91.9,0.0,9.3,3,-295.501,0.478,611.385
5465.3,44.83,92.0,0.0,8.7,3,-294.985,0.462,613.096
5465.3,45.21,92.0,0.0,7.7,3,-294.159,0.434,615.667
5474.2,45.48,92.0,0.0,6.0,3,-293.574,0.414,617.384
5474.2,45.86,92.0,0.0,4.1,3,-292.647,0.382,619.961
5474.2,46.26,92.0,0.0,3.8,3,-291.669,0.346,622.545
5474.2,46.52,92.0,0.0,4.0,3,-290.994,0.320,624.273
5483.4,46.90,92.0,0.0,3.6,3,-289.947,0.278,626.871
5483.4,47.16,92.0,0.0,3.0,3,-289.227,0.255,628.609
5483.4,47.52,92.0,0.0,2.4,3,-288.115,0.221,631.221
5483.4,47.74,92.1,0.0,2.4,3,-287.357,0.195,632.969
5492.8,47.96,44.2,0.0,0.7,3,-286.198,0.146,635.594
5492.8,48.11,39.9,0.0,-1.1,3,-285.411,0.107,637.345
5492.8,48.38,91.5,0.0,0.2,3,-284.201,0.047,639.973
5492.8,48.60,92.1,0.0,2.3,3,-283.376,0.012,641.727
5502.3,48.98,92.1,0.0,3.8,3,-282.111,-0.034,644.367
5502.3,49.24,92.1,0.0,4.0,3,-281.252,-0.060,646.133
5502.3,49.60,92.2,0.0,2.6,3,-279.939,-0.101,648.792
5502.3,49.87,92.1,0.0,1.8,3,-279.047,-0.130,650.571
5512.2,50.20,92.1,0.0,2.3,3,-277.683,-0.172,653.245
5522.2,51.28,92.0,0.0,2.5,4,-271.923,-0.289,663.995
5522.2,51.58,92.0,0.0,3.8,4,-270.415,-0.299,666.687
5522.2,51.94,92.0,0.0,4.1,4,-268.879,-0.316,669.386
5532.5,52.15,92.0,0.0,4.0,4,-267.836,-0.330,671.187
5532.5,52.46,92.0,0.0,3.9,4,-266.237,-0.350,673.886
5532.5,52.66,92.0,0.0,4.1,4,-265.149,-0.361,675.685
5532.5,52.97,86.1,0.0,4.0,4,-263.484,-0.377,678.380
5543.0,53.18,79.6,0.0,4.0,4,-262.351,-0.386,680.175
5543.0,53.49,69.9,0.0,3.6,4,-260.619,-0.398,682.865
5543.0,53.70,63.4,0.0,3.3,4,-259.442,-0.404,684.657
5543.0,54.01,59.7,0.0,2.4,4,-257.646,-0.410,687.342
5553.7,54.21,59.8,0.0,2.1,4,-256.430,-0.413,689.132
5553.7,54.52,59.9,0.0,1.7,4,-254.581,-0.417,691.819
5553.7,54.73,60.0,0.0,1.4,4,-253.334,-0.420,693.612
5553.7,55.04,60.0,0.0,1.0,4,-251.443,-0.425,696.308
5564.5,55.24,60.1,0.0,1.1,4,-250.170,-0.429,698.108
5564.5,55.54,60.2,0.0,1.4,4,-248.242,-0.435,700.815
5564.5,55.84,60.3,0.0,1.7,4,-246.294,-0.444,703.529
5564.5,56.04,60.3,0.0,1.9,4,-244.982,-0.449,705.341
5575.5,56.33,60.4,0.0,2.3,4,-242.995,-0.457,708.063
5575.5,56.53,60.4,0.0,2.4,4,-241.655,-0.462,709.880
5575.5,56.82,60.6,0.0,2.7,4,-239.623,-0.469,712.605
5575.5,57.01,60.6,0.0,2.8,4,-238.253,-0.472,714.422
5586.8,57.29,60.7,0.0,3.1,4,-236.171,-0.476,717.147
5586.8,57.48,60.8,0.0,3.3,4,-234.766,-0.478,718.961
5586.8,57.76,60.9,0.0,3.5,4,-232.631,-0.480,721.680
5586.8,57.94,60.9,0.0,3.5,4,-231.189,-0.481,723.489
5598.2,58.22,61.0,0.0,3.6,4,-228.997,-0.483,726.197
5598.2,58.40,61.0,0.0,3.6,4,-227.516,-0.483,727.998
5598.2,58.66,61.1,0.0,3.7,4,-225.263,-0.481,730.691
5598.2,58.84,61.1,0.0,3.7,4,-223.740,-0.479,732.481
5610.1,59.10,61.1,0.0,3.7,4,-221.425,-0.474,735.156
5610.1,59.28,61.1,0.0,3.7,4,-219.860,-0.470,736.932
5610.1,59.53,61.1,0.0,3.8,4,-217.481,-0.459,739.585
5622.1,59.79,61.2,0.0,3.7,4,-215.063,-0.445,742.225
5622.1,59.95,61.2,0.0,3.7,4,-213.431,-0.434,743.976
5622.1,60.20,61.1,0.0,3.6,4,-210.951,-0.414,746.591
5622.1,60.37,61.1,0.0,3.5,4,-209.277,-0.400,748.326
5634.4,60.61,60.9,0.0,3.3,4,-206.735,-0.377,750.916
5634.4,60.76,60.8,0.0,3.2,4,-205.020,-0.360,752.634
5634.4,61.00,60.6,0.0,3.3,4,-202.419,-0.332,755.197
5634.4,61.15,60.5,0.0,3.4,4,-200.667,-0.313,756.898
5646.8,61.38,60.4,0.0,3.6,4,-198.010,-0.286,759.438
5646.8,61.52,60.2,0.0,3.6,4,-196.220,-0.270,761.122
5646.8,61.66,0.0,0.0,3.5,0,-193.507,-0.247,763.634
5646.8,61.61,90.2,0.0,3.4,5,-191.685,-0.234,765.295
5659.5,61.84,80.5,0.0,2.9,5,-188.929,-0.224,767.768
5659.5,61.99,74.0,0.0,2.8,5,-187.072,-0.220,769.406
5659.5,62.21,64.3,0.0,3.2,5,-184.257,-0.216,771.847
5659.5,62.43,59.8,0.0,3.6,5,-181.407,-0.211,774.266
5672.1,62.58,59.9,0.0,3.7,5,-179.487,-0.206,775.867
5672.1,62.79,60.0,0.0,4.0,5,-176.579,-0.198,778.252
5672.1,62.94,60.1,0.0,4.2,5,-174.622,-0.194,779.830
5672.1,63.16,60.1,0.0,4.5,5,-171.657,-0.191,782.179
5685.0,63.30,60.1,0.0,4.7,5,-169.661,-0.191,783.731
5685.0,63.51,60.2,0.0,4.6,5,-166.635,-0.195,786.036
5685.0,63.64,60.2,0.0,4.6,5,-164.596,-0.196,787.555
5685.0,63.85,60.3,0.0,4.5,5,-161.504,-0.196,789.805
5697.9,63.98,60.3,0.0,4.8,5,-159.421,-0.195,791.287
5697.9,64.18,60.4,0.0,4.6,5,-156.264,-0.191,793.481
5697.9,64.32,60.4,0.0,4.6,5,-154.139,-0.191,794.926
5697.9,64.52,60.5,0.0,4.2,5,-150.920,-0.192,797.064
5711.1,64.65,60.5,0.0,3.7,5,-148.751,-0.189,798.468
5711.1,64.85,60.5,0.0,3.9,5,-145.467,-0.180,800.541
5711.1,65.04,60.6,0.0,4.7,5,-142.148,-0.171,802.581
5711.1,65.17,60.6,0.0,5.1,5,-139.917,-0.170,803.924
5724.4,65.37,60.7,0.0,5.0,5,-136.541,-0.169,805.908
5724.4,65.49,60.8,0.0,4.5,5,-134.270,-0.167,807.208
5724.4,65.67,60.8,0.0,4.3,5,-130.832,-0.162,809.121
5724.4,65.81,60.8,0.0,4.9,5,-128.520,-0.161,810.375
5737.7,65.99,60.8,0.0,5.5,5,-125.023,-0.161,812.219
5737.7,66.11,60.9,0.0,5.5,5,-122.671,-0.160,813.422
5737.7,66.29,61.0,0.0,5.4,5,-119.115,-0.157,815.189
5737.7,66.41,61.0,0.0,5.1,5,-116.724,-0.155,816.341
5751.2,66.59,61.0,0.0,5.3,5,-113.108,-0.151,818.027
5751.2,66.71,61.0,0.0,5.6,5,-110.679,-0.150,819.124
5751.2,66.89,61.1,0.0,5.8,5,-107.006,-0.148,820.728
5751.2,67.05,61.1,0.0,5.5,5,-103.300,-0.142,822.279
5764.7,67.17,61.2,0.0,5.3,5,-100.810,-0.138,823.282
5764.7,67.34,61.2,0.0,5.4,5,-97.049,-0.131,824.743
5764.7,67.45,61.2,0.0,5.5,5,-94.524,-0.127,825.688
5764.7,67.62,61.2,0.0,5.8,5,-90.711,-0.121,827.059
5778.2,67.73,61.2,0.0,5.8,5,-88.153,-0.118,827.943
5778.2,67.90,61.2,0.0,5.3,5,-84.291,-0.114,829.222
5778.2,68.00,61.3,0.0,5.1,5,-81.700,-0.108,830.042
5778.2,68.17,61.3,0.0,5.0,5,-77.790,-0.101,831.224
5791.8,68.28,61.3,0.0,5.1,5,-75.168,-0.096,831.980
5791.8,68.44,61.3,0.0,5.6,5,-71.214,-0.088,833.068
5791.8,68.54,61.3,0.0,5.0,5,-68.564,-0.083,833.761
5791.8,68.70,61.3,0.0,3.6,5,-64.568,-0.073,834.753
5805.4,68.81,61.3,0.0,3.5,5,-61.891,-0.067,835.385
5805.4,68.98,61.3,0.0,3.2,5,-57.859,-0.055,836.290
5805.4,69.08,61.3,0.0,2.9,5,-55.159,-0.046,836.866
5805.4,69.25,61.3,0.0,2.8,5,-51.093,-0.030,837.696
5819.1,69.41,61.2,0.0,2.7,5,-47.009,-0.010,838.486
5819.1,69.52,61.2,0.0,2.7,5,-44.277,0.004,838.993
5819.1,69.68,61.1,0.0,2.7,5,-40.166,0.028,839.723
5819.1,69.79,61.1,0.0,2.8,5,-37.417,0.043,840.190
5833.0,69.95,61.0,0.0,2.6,5,-33.279,0.065,840.863
5833.0,70.05,61.0,0.0,2.4,5,-30.513,0.081,841.292
5833.0,70.20,60.8,0.0,1.7,5,-26.351,0.106,841.908
5833.0,70.30,60.8,0.0,1.4,5,-23.569,0.124,842.300
5847.0,70.45,60.6,0.0,1.2,5,-19.384,0.154,842.865
5847.0,70.55,60.6,0.0,1.0,5,-16.588,0.173,843.229
5847.0,70.71,60.5,0.0,0.6,5,-12.384,0.198,843.759
5847.0,70.80,60.4,0.0,0.4,5,-9.575,0.216,844.103
5861.1,70.77,0.0,0.0,0.1,0,-5.356,0.245,844.610
5861.1,70.86,83.8,0.0,-0.1,6,-1.138,0.274,845.108
5861.1,70.96,77.3,0.0,-0.1,6,1.679,0.293,845.437
6.1,71.12,67.6,0.0,-0.1,6,5.912,0.317,845.929
