opponent,v3,Jules Gounon,0,1771576099842
Game,version,date,track,car,event,laptime [s],S1 [s],S2 [s],S3 [s],S4+ [s]
LMU,1.2,2026-02-20 08:28:19,Silverstone Grand Prix Circuit - ELMS,Alpine Endurance Team 2025 #36:LM (Hyper),Live,108.587,0,0,0
Tracklen [m],TotalLaps
5866.5,1
,
,
lapdistance [m],speed [m/s],throttle [%],brake [%],steer [%],gear [int],world_x [m],world_y [m],world_z [m]
4.4,70.78,86.4,0.0,-0.3,6,9.885,0.384,846.225
4.4,70.90,86.4,0.0,-0.3,6,12.700,0.403,846.550
4.4,71.06,86.4,0.0,-0.0,6,16.930,0.436,847.041
18.6,71.17,86.4,0.0,0.1,6,19.755,0.458,847.369
18.6,71.33,86.5,0.0,0.2,6,24.001,0.489,847.864
18.6,71.44,86.5,0.0,0.3,6,26.837,0.512,848.195
18.6,71.60,86.5,0.0,0.4,6,31.099,0.548,848.692
32.8,71.71,86.5,0.0,0.4,6,33.945,0.573,849.023
32.8,71.87,86.5,0.0,0.4,6,38.223,0.609,849.520
32.8,71.97,86.5,0.0,0.3,6,41.081,0.633,849.850
32.8,72.12,86.6,0.0,0.4,6,45.375,0.671,850.344
47.2,72.23,86.6,0.0,0.4,6,48.243,0.697,850.672
47.2,72.38,86.6,0.0,0.3,6,52.553,0.738,851.162
47.2,72.54,86.6,0.0,0.1,6,56.873,0.778,851.649
47.2,72.64,86.6,0.0,0.1,6,59.758,0.803,851.973
61.7,72.79,86.7,0.0,0.3,6,64.093,0.843,852.456
61.7,72.89,86.7,0.0,0.4,6,66.989,0.870,852.778
61.7,73.04,86.7,0.0,0.3,6,71.340,0.913,853.260
61.7,73.14,86.7,0.0,0.2,6,74.245,0.940,853.580
76.3,73.29,86.7,0.0,-0.0,6,78.611,0.978,854.060
76.3,73.39,86.7,0.0,-0.1,6,81.527,1.002,854.379
76.3,73.53,86.8,0.0,-0.1,6,85.908,1.036,854.856
76.3,73.63,86.8,0.0,-0.0,6,88.834,1.059,855.175
91.0,73.77,86.8,0.0,0.1,6,93.229,1.095,855.653
91.0,73.87,86.8,0.0,0.1,6,96.164,1.117,855.972
91.0,74.01,86.8,0.0,0.0,6,100.574,1.148,856.452
91.0,74.10,86.9,0.0,0.1,6,103.519,1.169,856.771
105.7,74.25,86.9,0.0,0.2,6,107.943,1.201,857.251
105.7,74.38,86.9,0.0,0.2,6,112.375,1.232,857.730
105.7,74.47,86.9,0.0,0.4,6,115.335,1.255,858.048
120.6,74.62,86.9,0.0,0.5,6,119.782,1.287,858.525
120.6,74.70,87.0,0.0,0.5,6,122.751,1.306,858.841
120.6,74.85,87.0,0.0,0.5,6,127.212,1.329,859.313
120.6,74.93,87.0,0.0,0.4,6,130.191,1.344,859.627
135.6,75.06,87.0,0.0,0.4,6,134.666,1.369,860.094
135.6,75.15,87.0,0.0,0.4,6,137.654,1.389,860.404
135.6,75.32,87.1,0.0,0.5,6,143.641,1.435,861.020
135.6,75.41,87.1,0.0,0.4,6,146.640,1.453,861.327
150.6,75.54,87.1,0.0,0.4,6,151.145,1.481,861.784
150.6,75.62,87.1,0.0,0.4,6,154.153,1.499,862.088
150.6,75.76,87.1,0.0,0.4,6,158.671,1.523,862.541
150.6,75.84,87.1,0.0,0.5,6,161.689,1.540,862.842
165.7,75.97,87.1,0.0,0.4,6,166.220,1.569,863.291
165.7,76.06,87.1,0.0,0.3,6,169.246,1.589,863.590
165.7,76.18,87.1,0.0,0.7,6,173.791,1.620,864.035
165.7,76.27,87.2,0.0,0.4,6,176.826,1.640,864.331
181.0,76.39,87.2,0.0,0.7,6,181.384,1.670,864.772
181.0,76.47,87.2,0.0,-0.2,6,184.427,1.689,865.063
181.0,76.60,87.2,0.0,-1.3,6,188.998,1.716,865.499
181.0,76.67,87.2,0.0,-1.4,6,192.049,1.736,865.789
196.3,76.79,87.2,0.0,-0.8,6,196.632,1.765,866.228
196.3,76.91,87.2,0.0,-0.5,6,201.220,1.792,866.676
196.3,76.99,87.3,0.0,-0.4,6,204.283,1.810,866.979
196.3,77.10,87.3,0.0,-0.5,6,208.882,1.833,867.442
211.6,77.17,87.3,0.0,-0.3,6,211.951,1.849,867.755
211.6,77.29,87.3,0.0,0.2,6,216.560,1.878,868.231
211.6,77.36,85.6,2.4,0.4,6,219.636,1.900,868.551
211.6,77.01,0.0,52.3,0.4,6,224.247,1.932,869.032
227.1,76.38,0.0,76.4,0.3,6,227.301,1.954,869.350
227.1,75.14,0.0,87.2,0.5,6,231.826,1.986,869.818
227.1,74.24,0.0,89.5,0.8,6,234.800,2.009,870.123
227.1,72.91,0.0,93.0,1.2,6,239.194,2.045,870.570
242.0,71.97,0.0,92.3,1.7,6,242.078,2.065,870.860
242.0,70.58,0.0,91.3,1.9,6,246.337,2.088,871.284
242.0,69.67,0.0,90.7,2.1,6,249.130,2.103,871.558
242.0,68.32,0.0,91.7,2.2,6,253.253,2.125,871.954
256.1,67.41,0.0,91.3,2.5,6,255.958,2.138,872.207
256.1,66.06,0.0,91.3,3.1,0,259.948,2.160,872.570
256.1,64.73,0.0,92.4,3.5,5,263.859,2.181,872.910
256.1,63.84,0.0,92.2,4.5,5,266.424,2.195,873.123
269.2,62.49,0.0,91.4,4.9,5,270.204,2.214,873.421
269.2,61.62,0.0,91.0,5.1,5,272.681,2.225,873.605
269.2,60.30,0.0,89.7,6.2,5,276.332,2.241,873.858
269.2,59.43,0.0,87.7,8.2,5,278.723,2.250,874.010
281.4,58.17,0.0,81.4,10.1,5,282.248,2.263,874.211
281.4,57.39,0.0,73.2,10.7,0,284.557,2.272,874.325
281.4,56.34,0.0,50.7,11.0,4,287.968,2.283,874.464
281.4,55.78,0.0,36.0,10.0,4,290.210,2.289,874.530
292.8,55.11,0.0,35.1,8.8,4,293.538,2.302,874.583
292.8,54.70,0.0,24.6,8.4,4,295.734,2.312,874.586
292.8,54.23,0.0,14.4,8.4,4,299.002,2.324,874.543
292.8,53.98,0.0,13.3,9.2,4,301.166,2.333,874.482
303.7,53.62,0.0,10.8,11.1,4,304.391,2.349,874.339
303.7,53.31,0.0,5.1,12.5,4,307.593,2.366,874.139
303.7,53.14,0.0,4.0,13.4,4,309.715,2.378,873.973
314.2,52.91,0.0,3.8,14.4,4,312.883,2.398,873.676
314.2,52.75,0.0,1.6,15.1,4,314.984,2.412,873.446
314.2,52.55,3.2,0.0,15.8,4,318.119,2.432,873.054
314.2,52.43,5.6,0.0,15.9,4,320.198,2.445,872.761
324.5,52.25,4.4,0.0,16.1,4,323.300,2.464,872.272
324.5,52.12,0.8,0.0,16.7,4,325.356,2.477,871.913
324.5,51.92,4.8,0.1,17.2,4,328.422,2.495,871.325
324.5,51.79,1.8,0.0,17.5,4,330.452,2.505,870.900
334.9,51.62,16.3,0.0,17.5,4,333.477,2.521,870.211
334.9,51.52,8.4,0.0,17.6,4,335.480,2.530,869.717
334.9,51.38,17.0,0.0,17.9,4,338.463,2.545,868.923
334.9,51.31,19.3,0.0,18.3,4,340.438,2.555,868.360
345.4,51.22,23.1,0.0,19.2,4,343.380,2.569,867.462
345.4,51.13,21.1,0.0,20.5,4,346.296,2.583,866.501
345.4,51.06,18.1,0.0,21.3,4,348.225,2.593,865.826
345.4,50.94,16.3,0.0,23.0,4,351.095,2.607,864.762
356.1,50.86,16.9,0.0,22.6,4,352.990,2.617,864.019
356.1,50.71,8.8,0.0,21.0,4,355.806,2.633,862.853
356.1,50.61,12.7,0.0,20.6,4,357.664,2.644,862.043
356.1,50.46,7.4,0.0,19.7,4,360.420,2.661,860.779
366.8,50.40,35.2,0.0,19.0,4,362.237,2.672,859.904
366.8,50.52,75.4,0.0,18.1,4,364.939,2.689,858.542
366.8,50.66,67.6,0.0,17.5,4,366.729,2.700,857.599
366.8,50.75,41.9,0.0,16.7,4,369.395,2.715,856.132
377.4,50.79,56.6,0.0,16.7,4,371.156,2.726,855.121
377.4,50.98,78.8,0.0,17.1,4,373.776,2.743,853.554
377.4,51.17,85.3,0.0,17.1,4,375.510,2.754,852.475
377.4,51.46,85.6,0.0,16.2,4,378.096,2.771,850.806
388.1,51.73,80.2,0.0,15.0,4,380.662,2.787,849.075
388.1,51.90,78.2,0.0,14.3,4,382.360,2.797,847.887
388.1,52.14,79.3,0.0,13.6,4,384.887,2.811,846.055
388.1,52.31,82.3,0.0,13.6,4,386.556,2.820,844.799
399.1,52.58,83.6,0.0,13.0,4,389.036,2.835,842.863
399.1,52.71,54.5,0.0,12.1,4,390.673,2.845,841.539
399.1,52.66,18.3,0.0,13.1,4,393.096,2.861,839.507
399.1,52.59,16.2,0.0,14.7,4,394.685,2.871,838.126
410.3,52.45,17.1,0.0,16.0,4,397.027,2.886,836.018
410.3,52.37,15.0,0.0,16.2,4,398.561,2.896,834.589
410.3,52.16,0.9,22.6,16.2,4,400.821,2.912,832.413
410.3,51.86,0.0,24.5,15.6,4,402.298,2.923,830.946
420.9,51.40,0.0,5.7,13.2,4,404.460,2.938,828.727
420.9,51.27,29.7,0.0,11.2,4,405.868,2.948,827.234
420.9,51.47,84.8,0.0,9.9,4,407.944,2.962,824.959
420.9,51.75,80.4,0.0,10.8,4,409.988,2.974,822.633
431.3,51.93,81.0,0.0,11.2,4,411.333,2.980,821.055
431.3,52.22,85.0,0.0,11.4,4,413.321,2.989,818.646
431.3,52.42,85.7,0.0,12.2,4,414.627,2.996,817.011
431.3,52.71,85.8,0.0,13.8,4,416.555,3.009,814.517
441.5,52.91,85.9,0.0,14.6,4,417.822,3.016,812.827
441.5,53.17,51.1,0.0,17.4,4,419.693,3.024,810.252
441.5,53.12,51.1,0.0,20.2,4,421.514,3.034,807.635
441.5,53.25,86.0,0.0,21.6,4,422.697,3.043,805.867
451.8,53.54,86.0,0.0,20.8,4,424.434,3.058,803.176
451.8,53.69,86.1,0.0,18.9,4,425.564,3.069,801.353
451.8,53.96,82.8,0.0,14.9,4,427.215,3.089,798.578
451.8,54.11,80.6,0.0,13.2,4,428.286,3.103,796.701
462.3,54.35,85.2,0.0,9.5,4,429.847,3.125,793.847
462.3,54.53,86.3,0.0,8.2,4,430.856,3.141,791.917
462.3,54.77,86.0,0.0,7.8,4,432.323,3.165,788.986
462.3,54.97,86.1,0.0,6.9,4,433.274,3.179,787.009
473.1,55.22,86.3,0.0,5.4,4,434.654,3.205,784.006
473.1,55.39,86.4,0.0,7.1,4,435.544,3.225,781.981
473.1,55.59,62.6,0.0,7.8,4,436.839,3.254,778.915
473.1,55.67,45.2,0.0,6.2,4,437.684,3.263,776.858
484.1,55.84,85.4,0.0,4.3,4,438.908,3.272,773.746
484.1,56.03,86.4,0.0,3.9,4,439.692,3.283,771.651
484.1,56.18,76.8,0.0,6.3,4,440.820,3.313,768.482
495.0,56.31,29.3,0.0,8.4,4,441.908,3.341,765.286
495.0,56.41,76.3,0.0,9.2,4,442.613,3.358,763.145
495.0,56.56,68.9,0.0,7.7,4,443.641,3.382,759.917
495.0,56.71,74.1,0.0,6.2,4,444.307,3.399,757.752
506.2,56.90,82.5,0.0,3.5,4,445.277,3.425,754.486
506.2,57.11,86.6,0.0,1.9,4,445.907,3.441,752.294
506.2,57.36,86.7,0.0,0.2,4,446.825,3.466,748.987
506.2,57.56,86.6,0.0,0.8,4,447.423,3.483,746.768
517.6,57.85,86.4,0.0,3.1,4,448.303,3.510,743.419
517.6,58.05,86.5,0.0,4.2,4,448.880,3.525,741.174
517.6,58.34,86.8,0.0,5.5,4,449.732,3.548,737.789
517.6,58.51,86.9,0.0,6.1,4,450.290,3.566,735.520
529.1,58.80,86.9,0.0,6.7,4,451.107,3.603,732.097
529.1,58.93,87.1,0.0,7.4,4,451.639,3.626,729.804
529.1,59.23,87.1,0.0,6.4,4,452.419,3.645,726.346
529.1,59.50,87.0,0.0,5.3,4,453.162,3.664,722.863
540.9,59.67,87.0,0.0,3.9,4,453.631,3.685,720.527
540.9,59.92,87.1,0.0,4.0,4,454.306,3.714,717.003
540.9,60.11,87.1,0.0,3.2,4,454.736,3.730,714.642
540.9,60.38,87.2,0.0,2.7,4,455.355,3.752,711.081
552.9,60.55,87.2,0.0,2.9,4,455.751,3.767,708.696
552.9,60.82,87.2,0.0,3.3,4,456.325,3.795,705.101
552.9,60.99,87.3,0.0,3.3,4,456.696,3.815,702.693
552.9,61.26,87.3,0.0,2.4,4,457.239,3.843,699.067
565.0,61.43,87.3,0.0,1.8,4,457.592,3.862,696.639
565.0,61.69,87.4,0.0,1.5,4,458.109,3.893,692.983
565.0,61.85,87.4,0.0,1.4,4,458.447,3.914,690.536
565.0,62.11,87.4,0.0,1.4,4,458.946,3.945,686.851
577.2,62.35,87.4,0.0,1.5,0,459.436,3.976,683.150
577.2,62.30,0.0,0.0,1.6,0,459.758,3.996,680.677
577.2,62.46,86.1,0.0,1.2,5,460.232,4.027,676.967
577.2,62.62,86.2,0.0,1.2,5,460.544,4.047,674.485
589.6,63.41,86.3,0.0,1.6,5,462.053,4.152,661.974
602.2,63.65,86.3,0.0,1.6,5,462.488,4.182,658.188
602.2,63.80,86.3,0.0,1.6,5,462.773,4.204,655.655
602.2,64.03,86.4,0.0,1.5,5,463.192,4.238,651.844
602.2,64.18,86.4,0.0,1.6,5,463.466,4.260,649.295
614.9,64.41,86.5,0.0,1.7,5,463.869,4.292,645.458
614.9,64.56,86.5,0.0,1.6,5,464.131,4.313,642.893
614.9,64.78,86.5,0.0,1.6,5,464.514,4.344,639.032
614.9,64.93,86.5,0.0,1.5,5,464.763,4.366,636.450
627.8,65.15,86.6,0.0,1.8,5,465.127,4.398,632.566
627.8,65.30,86.6,0.0,1.6,5,465.363,4.420,629.968
627.8,65.51,86.7,0.0,1.7,5,465.707,4.452,626.059
627.8,65.66,86.7,0.0,1.6,5,465.930,4.472,623.445
640.9,65.88,86.7,0.0,1.5,5,466.254,4.503,619.513
640.9,66.02,86.7,0.0,1.5,5,466.464,4.523,616.884
640.9,66.23,86.8,0.0,1.3,5,466.769,4.555,612.929
640.9,66.44,86.8,0.0,1.0,5,467.064,4.586,608.960
654.1,66.58,86.8,0.0,1.1,5,467.255,4.607,606.307
654.1,66.79,86.8,0.0,1.0,5,467.533,4.638,602.315
654.1,66.93,86.9,0.0,0.9,5,467.714,4.659,599.647
654.1,67.14,86.9,0.0,1.0,5,467.979,4.689,595.634
667.5,67.27,86.9,0.0,1.0,5,468.151,4.710,592.952
667.5,67.48,87.0,0.0,0.8,5,468.404,4.740,588.918
667.5,67.61,87.0,0.0,0.9,5,468.569,4.759,586.221
667.5,67.82,87.0,0.0,1.0,5,468.809,4.786,582.166
681.0,67.95,87.0,0.0,1.0,5,468.966,4.804,579.456
681.0,68.15,87.1,0.0,0.9,5,469.195,4.828,575.380
681.0,68.28,87.1,0.0,0.8,5,469.344,4.843,572.655
681.0,68.48,87.1,0.0,0.7,5,469.563,4.863,568.559
694.6,68.61,87.1,0.0,0.6,5,469.704,4.875,565.821
694.6,68.80,87.2,0.0,0.5,5,469.912,4.893,561.704
694.6,69.00,87.2,0.0,0.2,5,470.115,4.909,557.576
694.6,69.12,87.2,0.0,0.1,5,470.248,4.919,554.817
708.4,69.31,87.2,0.0,-0.1,5,470.445,4.933,550.669
708.4,69.43,87.2,0.0,-0.1,5,470.576,4.941,547.898
708.4,69.63,87.3,0.0,0.0,5,470.771,4.950,543.731
708.4,69.75,87.3,0.0,0.0,5,470.902,4.956,540.947
722.4,69.93,87.3,0.0,0.0,5,471.098,4.962,536.761
722.4,70.05,87.3,0.0,0.0,5,471.229,4.965,533.965
722.4,70.23,87.4,0.0,0.1,5,471.427,4.969,529.762
722.4,70.35,87.4,0.0,0.1,5,471.559,4.971,526.954
736.5,70.53,87.4,0.0,-0.0,5,471.757,4.969,522.732
736.5,70.65,87.4,0.0,-0.1,5,471.890,4.967,519.912
736.5,70.74,0.0,0.0,-0.2,0,472.090,4.962,515.674
736.5,70.67,86.3,0.0,-0.1,6,472.223,4.959,512.849
750.7,70.85,86.4,0.0,-0.1,6,472.424,4.951,508.609
750.7,71.02,86.4,0.0,-0.2,6,472.627,4.941,504.358
750.7,71.13,86.4,0.0,-0.1,6,472.762,4.932,501.519
764.9,71.30,86.4,0.0,0.1,6,472.966,4.915,497.251
764.9,71.41,86.4,0.0,0.2,6,473.102,4.901,494.401
764.9,71.58,86.5,0.0,0.3,6,473.307,4.880,490.116
764.9,71.68,86.5,0.0,0.3,6,473.444,4.863,487.254
779.2,71.86,86.5,0.0,-0.0,6,473.648,4.840,482.953
779.2,71.96,86.6,0.0,-0.2,6,473.784,4.824,480.081
779.2,72.12,86.6,0.0,-0.7,6,473.989,4.801,475.763
779.2,72.23,86.6,0.0,-1.2,6,474.126,4.789,472.880
793.6,72.39,86.6,0.0,-2.0,6,474.336,4.771,468.546
793.6,72.50,86.6,0.0,-2.3,6,474.482,4.758,465.652
793.6,72.66,86.6,0.0,-3.0,6,474.712,4.739,461.304
793.6,72.76,86.7,0.0,-3.7,6,474.876,4.727,458.401
808.1,72.92,86.7,0.0,-5.0,6,475.141,4.710,454.039
808.1,73.06,86.7,0.0,-5.6,6,475.436,4.688,449.670
808.1,73.16,86.7,0.0,-6.1,6,475.653,4.672,446.753
808.1,73.30,86.7,0.0,-7.0,6,476.014,4.651,442.374
822.7,73.39,86.8,0.0,-8.1,6,476.280,4.636,439.453
822.7,73.53,86.8,0.0,-8.7,6,476.718,4.607,435.067
822.7,73.62,86.8,0.0,-8.8,6,477.043,4.588,432.142
822.7,73.74,86.8,0.0,-9.1,6,477.584,4.565,427.755
837.4,73.81,86.9,0.0,-9.5,6,477.982,4.554,424.831
837.4,73.94,86.9,0.0,-9.6,6,478.632,4.533,420.447
837.4,74.01,86.9,0.0,-9.6,6,479.104,4.521,417.526
837.4,74.13,86.9,0.0,-10.3,6,479.871,4.504,413.150
852.1,74.19,86.9,0.0,-10.8,6,480.423,4.493,410.235
852.1,74.31,87.0,0.0,-9.6,6,481.308,4.476,405.869
852.1,74.38,87.0,0.0,-8.8,6,481.938,4.464,402.963
852.1,74.49,87.0,0.0,-8.3,6,482.940,4.442,398.611
866.8,74.61,87.0,0.0,-8.6,6,484.009,4.416,394.268
866.8,74.69,87.0,0.0,-9.5,6,484.757,4.395,391.377
866.8,74.81,87.0,0.0,-10.9,6,485.931,4.356,387.049
866.8,74.88,87.0,0.0,-10.8,6,486.750,4.326,384.170
881.5,74.98,87.0,0.0,-9.0,6,488.034,4.278,379.862
881.5,75.05,87.0,0.0,-7.9,6,488.928,4.245,376.998
881.5,75.17,87.0,0.0,-8.9,6,490.327,4.193,372.714
881.5,75.24,87.0,0.0,-10.2,6,491.296,4.157,369.867
896.7,75.28,42.0,5.7,-11.7,6,492.808,4.101,365.611
896.7,75.04,1.6,46.4,-11.8,6,493.853,4.063,362.791
896.7,74.09,0.0,77.4,-8.6,6,495.465,4.008,358.614
896.7,73.26,0.0,83.4,-5.0,6,496.561,3.972,355.876
912.0,71.95,0.0,90.2,0.7,6,498.228,3.919,351.848
912.0,71.04,0.0,69.9,4.2,6,499.349,3.885,349.216
912.0,70.03,0.0,32.3,6.7,6,501.046,3.839,345.340
912.0,69.45,0.0,11.0,5.0,6,502.759,3.790,341.522
926.5,69.28,16.6,16.2,3.2,6,503.901,3.754,338.994
926.5,68.81,0.0,36.2,2.2,6,505.599,3.695,335.212
926.5,68.35,0.0,40.0,3.4,6,506.711,3.658,332.703
926.5,67.64,0.0,39.9,5.7,6,508.342,3.608,328.962
940.6,67.17,0.0,38.3,7.2,6,509.403,3.580,326.483
940.6,66.50,0.0,36.9,8.2,6,510.953,3.542,322.783
940.6,66.05,0.0,36.4,8.2,6,511.956,3.518,320.328
940.6,65.39,0.0,33.8,7.7,6,513.410,3.483,316.662
953.9,64.97,0.0,31.8,7.7,6,514.344,3.463,314.227
953.9,64.36,22.0,54.0,7.6,0,515.689,3.434,310.586
953.9,63.78,0.0,61.8,7.4,5,516.548,3.417,308.170
953.9,62.80,0.0,55.8,8.1,5,517.775,3.396,304.574
966.6,62.19,0.0,52.9,8.2,5,518.552,3.385,302.197
966.6,61.36,0.0,36.8,8.9,5,519.657,3.372,298.659
966.6,60.77,0.0,18.5,10.3,5,520.693,3.358,295.145
966.6,60.48,0.0,15.0,10.8,5,521.344,3.349,292.809
978.5,60.13,0.0,1.9,11.1,5,522.264,3.335,289.309
978.5,60.09,60.6,0.0,11.6,5,522.840,3.325,286.976
978.5,60.25,61.5,0.0,12.4,5,523.653,3.307,283.459
978.5,60.18,8.9,19.1,13.0,5,524.161,3.295,281.103
990.6,59.79,0.0,3.6,13.8,5,524.864,3.277,277.573
990.6,59.66,15.5,0.0,13.3,5,525.292,3.268,275.223
990.6,59.64,67.7,0.0,13.7,5,525.876,3.256,271.693
990.6,59.72,58.9,0.0,15.6,5,526.229,3.248,269.332
1003.3,59.75,54.9,0.0,17.8,5,526.703,3.234,265.779
1003.3,59.61,2.0,18.1,17.6,5,527.109,3.225,262.219
1003.3,59.28,0.0,27.2,17.8,5,527.343,3.217,259.851
1016.6,58.72,0.0,27.2,15.9,5,527.627,3.216,256.322
1016.6,58.36,0.0,24.0,14.3,5,527.776,3.215,253.984
1016.6,57.90,4.7,1.6,12.0,5,527.942,3.211,250.500
1016.6,57.76,25.1,0.0,11.0,5,528.010,3.206,248.188
1028.9,57.57,3.7,6.3,10.6,5,528.044,3.201,244.727
1028.9,57.37,0.0,6.9,11.9,5,528.021,3.199,242.428
1028.9,57.05,0.0,6.6,14.7,5,527.921,3.195,238.996
1028.9,56.84,0.0,4.3,16.6,5,527.812,3.195,236.721
1040.6,56.57,0.0,1.9,18.5,5,527.582,3.199,233.326
1040.6,56.41,0.0,1.4,18.7,5,527.386,3.205,231.074
1040.6,56.18,0.1,0.1,18.1,5,527.031,3.218,227.715
1040.6,55.96,1.3,0.0,16.6,5,526.605,3.231,224.378
1051.8,55.82,5.3,0.0,16.6,5,526.282,3.239,222.165
1051.8,55.62,1.9,0.0,14.2,5,525.738,3.252,218.866
1051.8,55.50,14.6,0.0,11.0,5,525.335,3.262,216.681
1051.8,55.36,21.0,0.0,9.3,5,524.670,3.283,213.422
1062.7,55.35,48.7,0.0,8.7,5,524.188,3.298,211.262
1062.7,55.51,80.2,0.0,7.6,5,523.411,3.323,208.029
1062.7,55.67,84.7,0.0,7.1,5,522.860,3.341,205.876
1062.7,55.92,84.8,0.0,6.0,5,521.990,3.368,202.644
1073.8,56.10,84.8,0.0,4.5,5,521.383,3.387,200.487
1073.8,56.36,84.9,0.0,1.6,5,520.441,3.415,197.248
1073.8,56.53,84.9,0.0,0.2,5,519.796,3.435,195.085
1073.8,56.80,85.0,0.0,-0.4,5,518.808,3.463,191.832
1085.2,56.99,85.0,0.0,-1.3,5,518.141,3.482,189.657
1085.2,57.25,85.0,0.0,-2.6,5,517.135,3.509,186.382
1085.2,57.52,85.1,0.0,-3.9,5,516.129,3.536,183.090
1085.2,57.69,85.2,0.0,-4.8,5,515.462,3.553,180.885
1096.8,57.82,30.7,26.2,-6.0,5,514.473,3.575,177.562
1096.8,57.49,0.0,56.3,-4.5,5,513.827,3.588,175.346
1096.8,56.59,0.0,65.0,-3.6,0,512.887,3.605,172.052
1096.8,55.95,23.8,63.8,-3.4,0,512.281,3.616,169.884
1108.3,55.01,0.0,55.0,-4.7,4,511.404,3.631,166.671
1108.3,54.44,0.0,46.9,-4.9,4,510.841,3.641,164.555
1108.3,53.70,0.0,38.9,-5.7,4,510.030,3.654,161.413
1108.3,53.28,0.0,37.6,-7.0,4,509.512,3.663,159.336
1119.2,52.58,0.0,48.5,-8.5,4,508.770,3.677,156.246
1119.2,52.05,0.0,49.3,-8.7,4,508.301,3.688,154.206
1119.2,51.28,0.0,46.5,-11.7,4,507.636,3.704,151.177
1119.2,50.78,0.0,40.2,-12.3,4,507.221,3.714,149.177
1129.8,50.13,0.0,28.0,-12.3,4,506.645,3.728,146.205
1129.8,49.66,0.0,13.5,-13.6,4,506.127,3.739,143.256
1129.8,49.43,0.0,7.0,-14.3,4,505.815,3.745,141.299
1129.8,49.19,0.0,1.0,-16.4,4,505.399,3.752,138.370
1140.2,49.06,0.0,0.5,-18.1,4,505.157,3.755,136.419
1140.2,48.86,0.0,1.3,-20.5,4,504.847,3.757,133.498
1140.2,48.73,0.0,0.3,-22.5,4,504.675,3.756,131.554
1140.2,48.56,13.7,0.0,-26.5,4,504.469,3.750,128.642
1150.5,48.48,17.5,0.0,-27.7,4,504.367,3.744,126.704
1150.5,48.38,22.7,0.0,-27.5,4,504.267,3.731,123.800
1150.5,48.30,15.6,0.0,-27.2,4,504.240,3.723,121.867
1150.5,48.10,1.0,4.6,-26.4,4,504.262,3.715,118.974
1160.7,47.92,0.0,1.0,-25.7,4,504.316,3.711,117.054
1160.7,47.70,3.8,0.0,-23.9,4,504.458,3.710,114.189
1160.7,47.51,7.5,0.0,-24.5,4,504.657,3.700,111.339
1160.7,47.39,12.2,0.0,-24.7,4,504.833,3.697,109.449
1170.7,47.26,15.5,0.0,-24.8,4,505.148,3.689,106.626
1170.7,47.19,16.8,0.0,-26.0,4,505.398,3.686,104.753
1170.7,47.25,56.9,0.0,-29.9,4,505.823,3.677,101.954
1170.7,47.28,45.3,0.0,-33.2,4,506.140,3.666,100.091
1180.7,47.25,31.7,0.0,-36.4,4,506.674,3.652,97.305
1180.7,47.24,24.6,0.0,-38.1,4,507.066,3.643,95.457
1180.7,47.12,17.9,0.0,-45.7,4,507.705,3.623,92.699
1180.7,47.02,15.2,0.0,-49.4,4,508.167,3.609,90.873
1190.7,46.87,14.0,0.0,-54.5,4,508.914,3.587,88.157
1190.7,46.77,13.0,0.0,-58.4,4,509.445,3.571,86.361
1190.7,46.61,13.0,0.0,-62.5,4,510.289,3.543,83.690
1200.4,46.45,12.7,0.0,-65.2,4,511.189,3.511,81.047
1200.4,46.34,12.8,0.0,-67.1,4,511.820,3.487,79.301
1200.4,46.17,12.8,0.0,-69.2,4,512.815,3.450,76.711
1200.4,46.05,12.7,0.0,-70.4,4,513.510,3.423,75.002
1209.9,45.87,24.4,0.0,-72.5,0,514.601,3.383,72.469
1209.9,45.73,1.8,0.0,-70.3,3,515.360,3.355,70.802
1209.9,45.50,13.8,0.0,-65.2,3,516.548,3.315,68.337
1209.9,45.37,14.0,0.0,-62.5,3,517.373,3.289,66.717
1219.0,45.19,15.1,0.0,-60.0,3,518.661,3.255,64.325
1219.0,45.08,16.3,0.0,-61.3,3,519.553,3.235,62.755
1219.0,44.94,16.9,0.0,-56.0,3,520.938,3.207,60.437
1219.0,44.84,17.7,0.0,-46.3,3,521.892,3.190,58.916
1228.0,44.76,28.4,0.0,-33.1,3,523.368,3.164,56.669
1228.0,44.80,55.4,0.0,-23.7,3,524.382,3.148,55.193
1228.0,44.82,8.2,35.9,-8.7,3,525.950,3.125,53.007
1228.0,44.19,0.0,50.8,10.7,3,527.553,3.102,50.868
1236.9,43.66,0.0,56.7,19.4,3,528.621,3.086,49.471
1236.9,42.79,0.0,62.4,23.6,3,530.201,3.062,47.411
1236.9,42.18,0.0,66.3,22.6,3,531.228,3.046,46.056
1236.9,41.24,0.0,71.0,19.4,3,532.719,3.023,44.044
1245.4,40.61,0.0,57.7,17.4,3,533.675,3.008,42.714
1245.4,39.83,0.0,26.1,14.5,3,535.052,2.986,40.732
1245.4,39.49,0.0,12.4,12.4,3,535.932,2.971,39.412
1245.4,39.17,0.0,3.5,10.2,3,537.196,2.946,37.420
1253.3,39.02,0.0,1.0,9.1,3,538.003,2.929,36.080
1253.3,38.83,1.5,0.0,10.7,3,539.159,2.901,34.051
1253.3,38.71,3.3,0.0,13.6,3,539.894,2.883,32.685
1253.3,38.54,1.5,0.0,19.2,3,540.940,2.853,30.618
1261.0,38.43,4.2,0.0,23.8,3,541.601,2.833,29.228
1261.0,38.27,2.7,0.0,30.1,3,542.539,2.802,27.127
1261.0,38.12,13.4,0.0,35.2,3,543.415,2.769,25.009
1261.0,38.10,31.0,0.0,37.3,3,543.964,2.747,23.587
1268.7,38.18,43.7,0.0,38.1,3,544.739,2.713,21.435
1268.7,38.29,56.3,0.0,37.9,3,545.224,2.691,19.985
1268.7,38.48,52.4,0.0,37.6,3,545.903,2.658,17.785
1268.7,38.58,48.7,0.0,37.4,3,546.323,2.636,16.302
1276.9,38.68,40.1,0.0,36.6,3,546.903,2.601,14.059
1276.9,38.72,35.2,0.0,36.4,3,547.254,2.577,12.551
1276.9,38.79,46.4,0.0,35.8,3,547.727,2.540,10.276
1276.9,38.86,48.9,0.0,34.4,3,548.004,2.516,8.748
1285.2,39.02,47.2,0.0,32.3,3,548.367,2.480,6.440
1285.2,39.07,41.5,0.0,32.2,3,548.571,2.455,4.892
1285.2,39.16,43.3,0.0,32.4,3,548.823,2.416,2.559
1285.2,39.23,45.7,0.0,33.2,3,548.955,2.389,0.997
1293.3,39.35,46.1,0.0,33.9,3,549.096,2.348,-1.355
1293.3,39.48,54.7,0.0,33.6,3,549.171,2.306,-3.717
1293.3,39.63,63.2,0.0,32.8,3,549.184,2.277,-5.299
1293.3,39.91,74.1,0.0,30.7,3,549.148,2.235,-7.683
1301.9,40.14,77.2,0.0,29.9,3,549.091,2.205,-9.282
1301.9,40.46,71.0,0.0,28.2,3,548.950,2.158,-11.695
1301.9,40.59,47.9,0.0,26.5,3,548.821,2.126,-13.311
1301.9,40.67,39.8,0.0,24.6,3,548.567,2.077,-15.735
1310.8,40.73,45.8,0.0,24.2,3,548.356,2.047,-17.349
1310.8,40.85,49.5,0.0,23.9,3,547.978,2.002,-19.766
1310.8,40.95,51.4,0.0,23.5,3,547.686,1.974,-21.375
1310.8,41.12,53.4,0.0,22.5,3,547.187,1.933,-23.785
1319.9,41.24,55.4,0.0,21.9,3,546.814,1.907,-25.389
1319.9,41.43,57.1,0.0,20.5,3,546.196,1.870,-27.790
1319.9,41.65,59.2,0.0,19.2,3,545.507,1.838,-30.184
1319.9,41.80,59.7,0.0,18.7,3,545.010,1.817,-31.777
1328.7,42.04,61.6,0.0,19.3,3,544.211,1.786,-34.161
1337.9,42.89,66.3,0.0,19.2,3,541.092,1.677,-42.056
1337.9,43.08,67.3,0.0,18.2,3,540.381,1.659,-43.620
1337.9,43.36,68.7,0.0,17.1,3,539.259,1.633,-45.957
1337.9,43.56,69.8,0.0,17.7,3,538.477,1.616,-47.509
1347.0,43.85,71.0,0.0,18.1,3,537.251,1.589,-49.826
1347.0,44.05,72.8,0.0,17.7,3,536.399,1.572,-51.363
1347.0,44.38,76.4,0.0,16.4,3,535.065,1.548,-53.655
1347.0,44.59,77.1,0.0,15.3,3,534.140,1.533,-55.174
1356.2,44.93,77.0,0.0,13.6,3,532.699,1.511,-57.439
1356.2,45.14,78.2,0.0,12.9,3,531.703,1.497,-58.939
1356.2,45.48,78.2,0.0,12.5,3,530.157,1.475,-61.175
1356.2,45.70,79.0,0.0,11.7,3,529.092,1.459,-62.654
1365.3,46.04,79.6,0.0,10.7,3,527.444,1.434,-64.858
1365.3,46.27,80.0,0.0,10.1,3,526.313,1.415,-66.315
1365.3,46.60,83.4,0.0,9.0,3,524.564,1.385,-68.483
1374.4,46.96,84.4,0.0,8.0,3,522.756,1.353,-70.629
1374.4,47.20,86.6,0.0,7.6,3,521.517,1.330,-72.047
1374.4,47.57,86.6,0.0,8.4,3,519.610,1.295,-74.154
1374.4,47.83,86.6,0.0,8.5,3,518.305,1.271,-75.545
1383.7,47.92,15.2,0.0,12.6,3,516.302,1.233,-77.607
1383.7,47.85,14.8,0.0,15.9,3,514.943,1.206,-78.957
1383.7,48.09,86.5,0.0,19.1,3,512.868,1.164,-80.947
1383.7,48.33,86.6,0.0,19.6,3,511.454,1.138,-82.257
1393.1,48.70,86.7,0.0,17.7,3,509.287,1.100,-84.199
1393.1,48.95,86.8,0.0,15.7,3,507.811,1.076,-85.476
1393.1,49.29,86.9,0.0,13.0,3,505.548,1.041,-87.363
1393.1,49.54,86.9,0.0,11.1,3,504.011,1.016,-88.604
1402.8,49.87,87.2,0.0,7.1,3,501.660,0.975,-90.438
1402.8,50.11,87.1,0.0,3.3,3,500.064,0.945,-91.641
1402.8,50.48,87.1,0.0,-1.9,3,497.625,0.900,-93.417
1402.8,50.85,87.1,0.0,-3.4,3,495.135,0.854,-95.159
1412.7,51.11,87.1,0.0,-1.7,3,493.449,0.824,-96.304
1412.7,51.49,87.2,0.0,2.3,3,490.886,0.781,-98.007
1412.7,51.74,87.2,0.0,3.8,3,489.159,0.754,-99.136
1412.7,52.12,87.3,0.0,3.1,3,486.545,0.716,-100.829
1423.1,52.35,87.3,0.0,1.5,3,484.787,0.692,-101.958
1423.1,52.72,87.4,0.0,-0.8,3,482.131,0.657,-103.654
1423.1,52.96,87.4,0.0,-1.5,3,480.348,0.634,-104.787
1423.1,53.20,0.0,0.0,-2.5,0,477.657,0.601,-106.494
1433.7,53.20,85.7,0.0,-3.1,4,475.862,0.578,-107.636
1433.7,53.55,85.8,0.0,-5.2,4,473.165,0.547,-109.360
1433.7,53.75,85.9,0.0,-5.6,4,471.363,0.527,-110.523
1433.7,54.08,85.9,0.0,-5.5,4,468.655,0.498,-112.292
1444.7,54.32,86.0,0.0,-6.1,4,466.848,0.481,-113.489
1444.7,54.64,86.1,0.0,-6.6,4,464.138,0.455,-115.313
1444.7,54.94,86.2,0.0,-8.4,4,461.431,0.430,-117.174
1444.7,55.13,86.5,0.0,-9.2,4,459.629,0.413,-118.437
1456.1,55.48,86.3,0.0,-10.9,4,456.930,0.381,-120.365
1456.1,55.61,86.4,0.0,-11.1,4,455.138,0.364,-121.679
1456.1,55.95,86.6,0.0,-11.6,4,452.462,0.335,-123.689
1456.1,56.12,86.4,0.0,-11.5,4,450.688,0.314,-125.058
1467.7,56.40,86.5,0.0,-10.8,4,448.049,0.291,-127.162
1467.7,56.60,86.6,0.0,-10.9,4,446.304,0.278,-128.597
1467.7,56.88,86.6,0.0,-10.8,4,443.709,0.258,-130.798
1467.7,57.05,86.6,0.0,-11.5,4,441.994,0.244,-132.298
1479.6,57.32,86.7,0.0,-9.6,4,439.449,0.228,-134.597
1479.6,57.51,86.7,0.0,-9.2,4,437.769,0.220,-136.164
1479.6,57.78,86.7,0.0,-9.5,4,435.276,0.211,-138.559
1479.6,57.98,86.7,0.0,-9.8,4,433.629,0.206,-140.186
1491.4,58.26,86.8,0.0,-9.8,4,431.180,0.199,-142.668
1491.4,58.52,86.9,0.0,-9.0,4,428.757,0.191,-145.198
1491.4,58.71,86.9,0.0,-8.4,4,427.158,0.186,-146.912
1491.4,58.99,86.9,0.0,-7.2,4,424.782,0.180,-149.523
1503.3,59.17,87.0,0.0,-6.5,4,423.213,0.177,-151.290
1503.3,59.45,87.0,0.0,-6.2,4,420.883,0.177,-153.978
1503.3,59.62,87.0,0.0,-6.7,4,419.344,0.180,-155.794
1503.3,59.89,87.1,0.0,-7.3,4,417.053,0.184,-158.552
1515.4,60.08,87.1,0.0,-7.3,4,415.537,0.185,-160.411
1515.4,60.34,87.2,0.0,-7.7,4,413.281,0.182,-163.232
1515.4,60.52,87.2,0.0,-7.6,4,411.790,0.178,-165.134
1515.4,60.78,87.2,0.0,-7.9,4,409.576,0.171,-168.022
1527.3,60.95,87.3,0.0,-8.1,4,408.114,0.163,-169.968
1527.3,61.20,87.3,0.0,-9.2,4,405.947,0.149,-172.922
1527.3,61.37,87.3,0.0,-7.3,4,404.520,0.140,-174.916
1527.3,61.62,87.4,0.0,-7.0,4,402.407,0.123,-177.939
1539.5,61.87,87.4,0.0,-5.8,4,400.325,0.102,-181.002
1539.5,62.03,87.4,0.0,-5.5,4,398.954,0.088,-183.066
1539.5,62.06,0.0,0.0,-4.7,0,396.925,0.066,-186.190
1539.5,62.14,86.1,0.0,-4.1,5,395.592,0.052,-188.285
1551.8,62.37,86.1,0.0,-3.8,5,393.614,0.032,-191.453
1551.8,62.54,86.1,0.0,-3.6,5,392.308,0.020,-193.582
1551.8,62.78,86.2,0.0,-3.1,5,390.363,0.005,-196.799
1551.8,62.94,86.2,0.0,-2.8,5,389.076,-0.004,-198.959
1564.3,63.18,86.2,0.0,-2.4,5,387.156,-0.015,-202.218
1564.3,63.34,86.3,0.0,-2.3,5,385.882,-0.020,-204.405
1564.3,63.58,86.3,0.0,-2.0,5,383.980,-0.027,-207.703
1564.3,63.74,86.3,0.0,-2.0,5,382.717,-0.030,-209.913
1577.0,63.98,86.4,0.0,-1.0,5,380.828,-0.035,-213.246
1577.0,64.13,86.4,0.0,-1.3,5,379.571,-0.038,-215.479
1577.0,64.37,86.4,0.0,-1.6,5,377.689,-0.042,-218.842
1589.8,64.59,86.5,0.0,-1.8,5,375.810,-0.045,-222.224
1589.8,64.75,86.5,0.0,-1.5,5,374.559,-0.046,-224.488
1589.8,64.98,86.6,0.0,-1.2,5,372.686,-0.047,-227.898
1589.8,65.13,86.6,0.0,-1.1,5,371.439,-0.048,-230.182
1602.8,65.35,86.6,0.0,-1.0,5,369.572,-0.051,-233.622
1602.8,65.50,86.6,0.0,-1.0,5,368.329,-0.053,-235.924
1602.8,65.73,86.7,0.0,-1.2,5,366.466,-0.061,-239.392
1602.8,65.87,86.7,0.0,-1.5,5,365.226,-0.067,-241.713
1615.9,66.10,86.8,0.0,-1.7,5,363.368,-0.077,-245.209
1615.9,66.24,86.8,0.0,-1.7,5,362.130,-0.086,-247.548
1615.9,66.46,86.8,0.0,-1.7,5,360.278,-0.100,-251.071
1615.9,66.60,86.8,0.0,-1.7,5,359.045,-0.109,-253.429
1629.2,66.82,86.9,0.0,-1.5,5,357.199,-0.124,-256.980
1629.2,66.96,86.9,0.0,-1.4,5,355.972,-0.134,-259.357
1629.2,67.17,86.9,0.0,-1.2,5,354.136,-0.150,-262.937
1629.2,67.38,86.9,0.0,-1.1,5,352.305,-0.166,-266.534
1642.6,67.52,87.0,0.0,-1.1,5,351.087,-0.177,-268.941
1642.6,67.73,87.0,0.0,-0.9,5,349.263,-0.193,-272.565
1642.6,67.87,87.0,0.0,-0.8,5,348.049,-0.204,-274.990
1642.6,68.08,87.0,0.0,-0.5,5,346.229,-0.220,-278.639
1656.2,68.21,87.1,0.0,-0.4,5,345.017,-0.232,-281.080
1656.2,68.41,87.1,0.0,-0.4,5,343.200,-0.250,-284.754
1656.2,68.55,87.1,0.0,-0.4,5,341.988,-0.264,-287.210
1656.2,68.75,87.2,0.0,-0.3,5,340.169,-0.285,-290.905
1669.9,68.88,87.2,0.0,-0.3,5,338.956,-0.300,-293.375
1669.9,69.07,87.2,0.0,-0.1,5,337.134,-0.321,-297.091
1669.9,69.20,87.2,0.0,0.0,5,335.918,-0.338,-299.574
1669.9,69.40,87.2,0.0,0.1,5,334.090,-0.367,-303.309
1683.7,69.58,87.3,0.0,0.1,5,332.260,-0.388,-307.054
1683.7,69.71,87.3,0.0,0.1,5,331.037,-0.401,-309.557
1683.7,69.90,87.3,0.0,-0.1,5,329.198,-0.425,-313.319
1683.7,70.03,87.3,0.0,-0.0,5,327.970,-0.442,-315.833
1697.7,70.21,87.3,0.0,0.0,5,326.123,-0.467,-319.613
1697.7,70.33,87.4,0.0,0.0,5,324.890,-0.484,-322.138
1697.7,70.51,87.4,0.0,0.0,5,323.036,-0.508,-325.935
1697.7,70.63,87.4,0.0,-0.0,5,321.798,-0.523,-328.471
1711.8,70.80,87.4,0.0,-0.1,5,319.937,-0.547,-332.284
1711.8,70.92,87.4,0.0,-0.1,0,318.695,-0.563,-334.831
1711.8,70.83,86.4,0.0,-0.0,6,316.831,-0.588,-338.654
1711.8,70.95,86.4,0.0,-0.1,6,315.589,-0.604,-341.202
1725.9,71.12,86.4,0.0,-0.1,6,313.723,-0.628,-345.034
1725.9,71.23,86.4,0.0,-0.1,6,312.477,-0.644,-347.593
1725.9,71.40,86.5,0.0,-0.1,6,310.605,-0.669,-351.441
1725.9,71.57,86.5,0.0,-0.1,6,308.730,-0.694,-355.298
1740.2,71.68,86.5,0.0,-0.1,6,307.478,-0.712,-357.875
1740.2,71.86,86.5,0.0,-0.1,6,305.597,-0.739,-361.749
1740.2,71.97,86.5,0.0,-0.1,6,304.342,-0.759,-364.336
1740.2,72.13,86.6,0.0,-0.1,6,302.456,-0.789,-368.226
1754.6,72.24,86.6,0.0,-0.1,6,301.198,-0.809,-370.824
1754.6,72.40,86.6,0.0,-0.1,6,299.307,-0.840,-374.730
1754.6,72.51,86.6,0.0,-0.1,6,298.046,-0.862,-377.338
1754.6,72.67,86.6,0.0,-0.1,6,296.150,-0.895,-381.259
1769.1,72.78,86.7,0.0,-0.1,6,294.885,-0.918,-383.878
1769.1,72.94,86.7,0.0,-0.0,6,292.984,-0.951,-387.815
1769.1,73.04,86.7,0.0,0.0,6,291.715,-0.973,-390.444
1769.1,73.20,86.7,0.0,0.0,6,289.810,-1.005,-394.395
1783.7,73.30,86.8,0.0,-0.0,6,288.537,-1.027,-397.034
1783.7,73.46,86.8,0.0,0.0,6,286.625,-1.061,-400.999
1783.7,73.61,86.8,0.0,0.1,6,284.708,-1.096,-404.973
1783.7,73.71,86.8,0.0,0.2,6,283.428,-1.118,-407.627
1798.4,73.87,86.8,0.0,0.2,6,281.505,-1.146,-411.614
1798.4,73.97,86.8,0.0,0.2,6,280.219,-1.164,-414.277
1798.4,74.12,86.8,0.0,0.2,6,278.287,-1.193,-418.276
1798.4,74.22,86.9,0.0,0.2,6,276.996,-1.212,-420.947
1813.2,74.36,86.9,0.0,0.3,6,275.054,-1.241,-424.959
1813.2,74.47,86.9,0.0,0.4,6,273.757,-1.260,-427.638
1813.2,74.61,86.9,0.0,0.5,6,271.806,-1.290,-431.662
1813.2,74.71,86.9,0.0,0.4,6,270.502,-1.311,-434.348
1828.1,74.85,87.0,0.0,0.4,6,268.541,-1.341,-438.383
1828.1,74.95,87.0,0.0,0.4,6,267.229,-1.361,-441.077
1828.1,75.09,87.0,0.0,0.4,6,265.256,-1.391,-445.122
1828.1,75.18,87.0,0.0,0.5,6,263.937,-1.411,-447.822
1843.0,75.32,87.0,0.0,0.6,6,261.952,-1.439,-451.877
1843.0,75.46,87.0,0.0,0.5,6,259.960,-1.466,-455.937
1843.0,75.55,87.1,0.0,0.5,6,258.627,-1.484,-458.647
1858.1,75.69,87.1,0.0,0.5,6,256.620,-1.509,-462.716
1873.3,76.14,87.1,0.0,0.5,6,249.874,-1.599,-476.316
1873.3,76.22,87.2,0.0,0.5,6,248.514,-1.617,-479.042
1873.3,76.35,87.2,0.0,0.4,6,246.466,-1.642,-483.135
1873.3,76.44,87.2,0.0,0.5,6,245.096,-1.659,-485.867
1888.6,76.57,87.2,0.0,0.5,6,243.034,-1.683,-489.967
1888.6,76.65,87.2,0.0,0.5,6,241.655,-1.698,-492.704
1888.6,76.78,87.2,0.0,0.3,6,239.581,-1.721,-496.812
1888.6,76.90,87.3,0.0,0.2,6,237.499,-1.744,-500.926
1904.0,76.98,87.3,0.0,0.3,6,236.108,-1.760,-503.671
1904.0,77.10,87.3,0.0,0.3,6,234.014,-1.783,-507.792
1904.0,77.19,87.3,0.0,0.4,6,232.616,-1.799,-510.542
1904.0,77.31,87.3,0.0,0.5,6,230.512,-1.823,-514.672
1919.4,77.39,87.3,0.0,0.5,6,229.106,-1.838,-517.428
1919.4,77.51,87.3,0.0,0.3,6,226.992,-1.863,-521.566
1919.4,77.59,87.3,0.0,0.2,6,225.580,-1.881,-524.327
1919.4,77.70,87.3,0.0,0.1,6,223.455,-1.905,-528.473
1934.9,77.77,87.4,0.0,0.0,6,222.036,-1.919,-531.240
1950.5,78.20,87.4,0.0,-0.5,6,214.200,-2.019,-546.502
1950.5,78.32,87.4,0.0,-0.5,6,212.059,-2.058,-550.681
1950.5,78.39,87.4,0.0,-0.5,6,210.632,-2.086,-553.471
1950.5,78.50,87.4,0.0,-0.6,6,208.493,-2.132,-557.663
1966.2,78.57,87.4,0.0,-0.7,6,207.068,-2.162,-560.462
1966.2,78.50,0.0,0.0,-0.8,0,204.933,-2.211,-564.665
1966.2,78.51,86.6,0.0,-0.8,7,203.515,-2.245,-567.466
1966.2,78.62,86.6,0.0,-0.7,7,201.392,-2.296,-571.674
1981.9,78.69,86.7,0.0,-0.7,7,199.978,-2.330,-574.484
1981.9,78.80,86.7,0.0,-0.7,7,197.860,-2.383,-578.707
1981.9,78.88,86.7,0.0,-0.5,7,196.451,-2.420,-581.528
1981.9,78.98,86.7,0.0,-0.5,7,194.340,-2.474,-585.766
1997.6,79.08,86.7,0.0,-0.3,7,192.232,-2.527,-590.013
1997.6,79.16,86.7,0.0,-0.1,7,190.828,-2.562,-592.849
1997.6,79.27,86.7,0.0,0.1,7,188.723,-2.620,-597.110
1997.6,79.33,86.8,0.0,0.2,7,187.320,-2.658,-599.954
2013.5,79.43,86.8,0.0,0.4,7,185.213,-2.714,-604.225
2013.5,79.51,86.8,0.0,0.6,7,183.806,-2.753,-607.075
2013.5,79.60,86.8,0.0,1.0,7,181.691,-2.807,-611.353
2013.5,79.67,86.8,0.0,1.2,7,180.276,-2.841,-614.207
2029.4,79.78,86.8,0.0,1.4,7,178.146,-2.894,-618.490
2029.4,79.84,86.8,0.0,1.6,7,176.720,-2.929,-621.346
2029.4,79.93,86.9,0.0,1.7,7,174.569,-2.977,-625.629
2029.4,80.00,86.9,0.0,1.7,7,173.127,-3.005,-628.484
2045.3,80.10,86.9,0.0,1.5,7,170.952,-3.045,-632.766
2045.3,80.16,86.9,0.0,1.4,7,169.492,-3.070,-635.619
2045.3,80.26,86.9,0.0,1.1,7,167.290,-3.106,-639.898
2061.4,80.35,86.9,0.0,1.0,7,165.071,-3.138,-644.175
2061.4,80.41,86.9,0.0,1.1,7,163.584,-3.157,-647.025
2061.4,80.50,86.9,0.0,1.1,7,161.342,-3.181,-651.300
2061.4,80.56,86.9,0.0,1.1,7,159.840,-3.195,-654.150
2077.4,80.65,86.9,0.0,0.8,7,157.576,-3.210,-658.424
2077.4,80.71,87.0,0.0,0.7,7,156.060,-3.217,-661.273
2077.4,80.80,87.0,0.0,0.7,7,153.776,-3.224,-665.547
2077.4,80.86,87.0,0.0,0.8,7,152.248,-3.226,-668.396
2093.6,80.95,87.0,0.0,1.0,7,149.946,-3.226,-672.669
2093.6,81.01,87.0,0.0,1.0,7,148.406,-3.223,-675.519
2093.6,81.09,87.0,0.0,0.8,7,146.088,-3.215,-679.794
2093.6,81.15,87.0,0.0,0.8,7,144.536,-3.208,-682.643
2109.7,81.23,87.0,0.0,1.0,7,142.200,-3.194,-686.917
2109.7,81.28,87.0,0.0,1.2,7,140.637,-3.181,-689.767
2109.7,81.36,87.0,0.0,1.3,7,138.283,-3.158,-694.040
2109.7,81.44,87.0,0.0,1.4,7,135.917,-3.130,-698.312
2126.0,81.49,87.0,0.0,1.5,7,134.333,-3.109,-701.160
2126.0,81.56,87.1,0.0,2.0,7,131.945,-3.072,-705.429
2126.0,81.61,87.1,0.0,2.1,7,130.344,-3.046,-708.273
2126.0,81.69,87.1,0.0,2.1,7,127.928,-3.002,-712.534
2142.3,81.73,87.1,0.0,2.4,7,126.305,-2.968,-715.371
2142.3,81.79,77.2,0.0,2.9,7,123.852,-2.913,-719.619
2142.3,81.71,23.4,29.6,3.2,7,122.204,-2.872,-722.444
2142.3,80.87,0.0,77.3,3.3,7,119.723,-2.806,-726.650
2158.5,80.03,0.0,85.7,2.2,7,118.074,-2.759,-729.415
2158.5,78.65,0.0,89.7,2.1,7,115.615,-2.681,-733.494
2158.5,77.72,0.0,91.5,2.2,7,113.987,-2.625,-736.166
2158.5,76.31,0.0,91.8,2.6,7,111.563,-2.539,-740.103
2174.0,71.21,0.0,92.3,3.4,6,102.883,-2.209,-753.819
2188.6,69.85,0.0,93.6,4.0,6,100.573,-2.121,-757.365
2188.6,68.46,0.0,93.0,5.6,6,98.287,-2.041,-760.831
2188.6,67.49,0.0,89.6,5.8,6,96.777,-1.992,-763.094
2202.3,66.15,0.0,90.6,4.1,0,94.524,-1.916,-766.411
2202.3,65.27,19.8,93.0,3.7,0,93.028,-1.865,-768.574
2202.3,63.89,0.0,91.9,2.7,5,90.798,-1.792,-771.746
2202.3,62.97,0.0,90.4,2.4,5,89.322,-1.744,-773.810
2215.0,61.63,0.0,89.4,4.3,5,87.122,-1.670,-776.834
2215.0,60.75,0.0,90.1,5.3,5,85.666,-1.623,-778.804
2215.0,59.42,0.0,90.3,5.9,5,83.500,-1.553,-781.689
2215.0,58.55,0.0,90.2,6.2,5,82.069,-1.509,-783.566
2226.8,57.24,21.6,91.0,6.1,0,79.942,-1.446,-786.314
2226.8,55.93,0.0,90.9,5.9,4,77.835,-1.387,-788.979
2226.8,55.06,0.0,87.4,6.1,4,76.443,-1.348,-790.710
2226.8,53.80,0.0,86.3,7.0,4,74.372,-1.294,-793.238
2237.8,52.96,0.0,87.9,7.7,4,73.002,-1.259,-794.877
2237.8,51.72,0.0,84.4,8.5,4,70.962,-1.208,-797.267
2237.8,50.92,0.0,77.4,8.9,4,69.611,-1.175,-798.815
2237.8,49.81,0.0,57.7,9.1,4,67.594,-1.126,-801.067
2247.9,49.20,0.0,38.7,8.6,4,66.253,-1.094,-802.524
2247.9,48.56,0.0,22.6,6.7,4,64.231,-1.046,-804.648
2247.9,48.25,0.0,17.3,6.3,4,62.871,-1.014,-806.026
2247.9,47.86,0.0,13.9,7.9,4,60.808,-0.967,-808.041
2257.4,47.62,0.0,12.2,9.7,4,59.418,-0.935,-809.350
2257.4,47.30,0.0,11.1,12.8,4,57.311,-0.886,-811.266
2257.4,47.10,0.0,9.7,14.8,4,55.893,-0.853,-812.513
2257.4,46.81,0.0,9.3,16.7,4,53.747,-0.804,-814.339
2266.7,46.53,0.0,8.5,17.5,4,51.579,-0.757,-816.111
2266.7,46.34,0.0,7.6,17.1,4,50.121,-0.727,-817.262
2266.7,46.11,27.7,5.7,16.2,0,47.912,-0.681,-818.940
2266.7,45.95,0.0,4.6,15.8,3,46.425,-0.650,-820.025
2276.0,45.72,0.0,2.8,15.9,3,44.172,-0.604,-821.602
2276.0,45.50,0.0,1.2,16.9,3,41.894,-0.559,-823.118
2276.0,45.36,0.2,0.2,17.3,3,40.362,-0.529,-824.095
2276.0,45.17,7.0,0.0,18.4,3,38.042,-0.484,-825.506
2285.3,45.07,7.4,0.0,19.3,3,36.481,-0.453,-826.412
2285.3,44.91,7.3,0.0,18.7,3,34.120,-0.407,-827.720
2285.3,44.74,5.4,0.0,18.1,3,31.736,-0.361,-828.965
2285.3,44.64,6.9,0.0,18.8,3,30.135,-0.330,-829.760
2294.7,44.49,6.7,0.0,17.5,3,27.718,-0.285,-830.901
2294.7,44.38,7.4,0.0,18.4,3,26.095,-0.254,-831.627
2294.7,44.24,9.0,0.0,16.6,3,23.647,-0.208,-832.663
2294.7,44.16,13.6,0.0,16.8,3,22.005,-0.177,-833.319
2303.8,44.05,8.5,0.0,19.8,3,19.529,-0.129,-834.252
2303.8,43.95,6.8,0.0,22.1,3,17.871,-0.098,-834.841
2303.8,43.79,6.1,0.0,22.5,3,15.374,-0.053,-835.674
2303.8,43.76,31.5,0.0,23.1,3,13.703,-0.025,-836.194
2313.2,43.75,25.9,0.0,20.4,3,11.180,0.019,-836.921
2313.2,43.71,18.4,0.0,20.6,3,9.490,0.049,-837.369
2313.2,43.59,8.2,0.0,21.5,3,6.944,0.096,-837.984
2313.2,43.48,5.9,0.0,22.3,3,5.243,0.127,-838.357
2322.4,43.31,4.5,0.0,22.9,3,2.688,0.173,-838.860
2322.4,43.13,4.1,0.0,22.3,3,0.132,0.218,-839.296
2322.4,43.01,4.3,0.0,22.0,3,-1.573,0.247,-839.548
2331.6,42.83,3.7,0.0,23.2,3,-4.128,0.290,-839.868
2331.6,42.72,5.8,0.0,22.3,3,-5.830,0.318,-840.044
2331.6,42.54,5.1,0.0,19.1,3,-8.379,0.358,-840.250
2331.6,42.43,4.3,0.0,18.1,3,-10.076,0.384,-840.349
2340.7,42.28,17.0,0.0,18.5,3,-12.615,0.422,-840.442
2340.7,42.29,47.3,0.0,18.7,3,-14.306,0.446,-840.468
2340.7,42.53,67.3,0.0,18.5,3,-16.849,0.481,-840.456
2340.7,42.59,21.8,27.7,18.3,3,-18.552,0.503,-840.415
2349.9,42.09,0.0,30.4,20.6,3,-21.093,0.532,-840.305
2349.9,41.73,0.0,6.6,21.9,3,-22.767,0.550,-840.201
2349.9,41.61,42.4,0.0,22.0,3,-25.257,0.574,-839.996
2349.9,41.77,78.8,0.0,22.3,3,-26.914,0.589,-839.823
2358.5,42.11,71.6,0.0,20.2,3,-29.411,0.609,-839.514
2358.5,42.30,68.5,0.0,19.7,3,-31.082,0.620,-839.274
2358.5,42.56,70.9,0.0,17.6,3,-33.593,0.635,-838.858
2358.5,42.86,73.0,0.0,17.1,3,-36.108,0.650,-838.372
2367.6,43.05,72.1,0.0,15.9,3,-37.787,0.660,-838.008
2367.6,43.33,70.7,0.0,15.2,3,-40.305,0.676,-837.402
2367.6,43.50,65.4,0.0,15.8,3,-41.984,0.686,-836.958
2367.6,43.72,59.9,0.0,16.7,3,-44.498,0.700,-836.235
2376.9,43.85,60.2,0.0,17.5,3,-46.170,0.708,-835.714
2376.9,44.08,65.8,0.0,19.0,3,-48.671,0.718,-834.876
2376.9,44.25,66.6,0.0,20.3,3,-50.333,0.724,-834.280
2376.9,44.52,71.8,0.0,21.8,3,-52.819,0.733,-833.328
2386.3,44.70,71.9,0.0,22.5,3,-54.471,0.739,-832.655
2386.3,44.99,73.6,0.0,22.8,3,-56.941,0.747,-831.589
2386.3,45.18,75.1,0.0,21.6,3,-58.582,0.750,-830.842
2386.3,45.48,79.3,0.0,19.3,3,-61.034,0.752,-829.665
2395.8,45.82,80.6,0.0,16.2,3,-63.473,0.752,-828.421
2395.8,46.03,78.7,0.0,14.5,3,-65.092,0.751,-827.553
2395.8,46.33,75.4,0.0,12.8,3,-67.505,0.748,-826.193
2395.8,46.51,71.8,0.0,12.2,3,-69.104,0.744,-825.248
2405.3,46.77,69.2,0.0,11.9,3,-71.482,0.737,-823.774
2405.3,46.93,71.1,0.0,12.6,3,-73.053,0.731,-822.753
2405.3,47.21,74.8,0.0,14.4,3,-75.388,0.722,-821.166
2405.3,47.39,74.5,0.0,15.6,3,-76.930,0.715,-820.070
2414.8,47.68,70.6,0.0,17.2,3,-79.221,0.704,-818.372
2414.8,47.81,51.5,0.0,18.1,3,-80.733,0.696,-817.205
2414.8,47.87,37.6,0.0,20.6,3,-82.969,0.681,-815.406
2414.8,47.94,54.7,0.0,21.9,3,-84.438,0.670,-814.176
2424.4,48.19,82.9,0.0,22.5,3,-86.613,0.652,-812.285
2424.4,48.42,82.2,0.0,21.9,3,-88.046,0.639,-810.990
2424.4,48.67,64.9,0.0,20.8,3,-90.170,0.618,-808.998
2424.4,48.89,74.6,0.0,18.7,3,-92.257,0.593,-806.947
2433.9,49.10,85.6,0.0,16.7,3,-93.626,0.576,-805.546
2433.9,49.43,87.0,0.0,14.4,3,-95.648,0.549,-803.391
2433.9,49.65,87.0,0.0,14.1,3,-96.976,0.530,-801.921
2433.9,49.98,87.1,0.0,13.1,3,-98.933,0.500,-799.664
2443.6,50.19,87.2,0.0,12.4,3,-100.215,0.479,-798.124
2443.6,50.52,87.2,0.0,11.9,3,-102.101,0.447,-795.765
2443.6,50.74,87.2,0.0,12.2,3,-103.333,0.424,-794.158
2453.3,51.50,87.3,0.0,13.4,3,-107.491,0.329,-788.336
2453.3,51.72,87.4,0.0,13.9,3,-108.633,0.298,-786.617
2453.3,52.04,87.4,0.0,13.6,3,-110.307,0.249,-783.994
2463.5,52.37,87.4,0.0,12.3,3,-111.934,0.195,-781.319
2473.8,53.06,86.0,0.0,2.0,4,-117.018,-0.010,-772.110
2473.8,53.44,85.8,0.0,-2.8,4,-118.472,-0.091,-769.266
2473.8,53.66,85.9,0.0,-4.5,4,-119.425,-0.145,-767.349
2473.8,54.02,85.9,0.0,-4.0,4,-120.844,-0.227,-764.449
2484.7,54.34,86.2,0.0,-2.7,4,-122.265,-0.309,-761.526
2484.7,54.59,86.0,0.0,-2.5,4,-123.220,-0.367,-759.568
2484.7,54.93,86.2,0.0,-3.1,4,-124.669,-0.460,-756.621
2484.7,55.18,86.1,0.0,-3.7,4,-125.648,-0.527,-754.650
2495.8,55.50,86.3,0.0,-4.0,4,-127.138,-0.624,-751.686
2495.8,55.71,86.3,0.0,-4.1,4,-128.146,-0.692,-749.705
2495.8,56.05,86.3,0.0,-4.0,4,-129.681,-0.797,-746.727
2495.8,56.26,86.4,0.0,-3.9,4,-130.721,-0.869,-744.739
2507.1,56.57,86.5,0.0,-3.7,4,-132.307,-0.975,-741.752
2507.1,56.78,86.5,0.0,-3.5,4,-133.382,-1.045,-739.758
2507.1,57.12,86.5,0.0,-3.8,4,-135.019,-1.156,-736.761
2507.1,57.33,86.6,0.0,-4.2,4,-136.127,-1.233,-734.760
2518.7,57.65,86.6,0.0,-4.4,4,-137.814,-1.352,-731.755
2518.7,57.86,86.7,0.0,-4.3,4,-138.956,-1.435,-729.749
2518.7,58.17,86.7,0.0,-4.1,4,-140.695,-1.564,-726.737
2530.5,58.48,86.8,0.0,-4.2,4,-142.463,-1.701,-723.721
2530.5,58.70,86.8,0.0,-4.1,4,-143.659,-1.796,-721.708
2530.5,59.00,86.9,0.0,-3.5,4,-145.480,-1.942,-718.687
2530.5,59.20,86.9,0.0,-3.3,4,-146.711,-2.041,-716.672
2542.4,59.51,87.0,0.0,-3.1,4,-148.584,-2.189,-713.646
2542.4,59.72,87.0,0.0,-3.0,4,-149.848,-2.289,-711.628
2542.4,60.02,87.1,0.0,-2.8,4,-151.769,-2.440,-708.597
2542.4,60.21,87.1,0.0,-2.5,4,-153.065,-2.538,-706.574
2554.5,60.51,87.2,0.0,-2.3,4,-155.033,-2.682,-703.537
2554.5,60.71,87.2,0.0,-2.4,4,-156.359,-2.775,-701.510
2554.5,61.00,87.2,0.0,-2.4,4,-158.367,-2.914,-698.465
2554.5,61.19,87.3,0.0,-2.4,4,-159.719,-3.006,-696.432
2566.8,61.47,87.3,0.0,-2.4,4,-161.767,-3.140,-693.378
2566.8,61.66,87.3,0.0,-2.4,4,-163.145,-3.225,-691.339
2566.8,61.94,87.4,0.0,-2.4,4,-165.231,-3.347,-688.277
2566.8,62.20,87.4,0.0,-2.3,4,-167.341,-3.456,-685.211
2579.2,62.38,87.4,0.0,-2.2,0,-168.760,-3.523,-683.165
2579.2,62.34,86.1,0.0,-1.9,5,-170.903,-3.614,-680.100
2579.2,62.51,86.2,0.0,-1.8,5,-172.341,-3.668,-678.059
2579.2,62.76,86.2,0.0,-1.6,5,-174.516,-3.738,-674.996
2591.8,62.93,86.2,0.0,-1.6,5,-175.979,-3.777,-672.952
2591.8,63.18,86.3,0.0,-1.6,5,-178.188,-3.825,-669.882
2591.8,63.34,86.3,0.0,-1.6,5,-179.672,-3.852,-667.833
2591.8,63.59,86.3,0.0,-1.6,5,-181.913,-3.886,-664.756
2604.5,63.75,86.4,0.0,-1.5,5,-183.417,-3.905,-662.701
2604.5,63.99,86.4,0.0,-1.4,5,-185.688,-3.933,-659.615
2604.5,64.15,86.4,0.0,-1.3,5,-187.212,-3.950,-657.554
2604.5,64.39,86.4,0.0,-1.3,5,-189.511,-3.973,-654.459
2617.3,64.54,86.5,0.0,-1.4,5,-191.053,-3.986,-652.393
2617.3,64.77,86.5,0.0,-1.3,5,-193.380,-4.003,-649.290
2617.3,65.00,86.5,0.0,-1.2,5,-195.723,-4.017,-646.181
2617.3,65.15,86.6,0.0,-1.1,5,-197.294,-4.023,-644.105
2630.3,65.38,86.6,0.0,-1.1,5,-199.663,-4.029,-640.988
2630.3,65.53,86.6,0.0,-1.1,5,-201.251,-4.031,-638.907
2630.3,65.75,86.7,0.0,-1.2,5,-203.646,-4.029,-635.780
2630.3,65.90,86.7,0.0,-1.2,5,-205.251,-4.025,-633.693
2643.3,66.11,86.8,0.0,-1.2,5,-207.670,-4.012,-630.559
2643.3,66.25,86.8,0.0,-1.3,5,-209.292,-3.999,-628.467
2643.3,66.47,86.8,0.0,-3.5,5,-211.737,-3.978,-625.325
2643.3,66.61,86.8,0.0,-3.1,5,-213.378,-3.964,-623.230
2656.5,66.82,86.9,0.0,-4.4,5,-215.857,-3.941,-620.088
2656.5,66.96,86.9,0.0,-4.9,5,-217.524,-3.925,-617.995
2656.5,67.16,86.9,0.0,-2.9,5,-220.049,-3.904,-614.862
2656.5,67.30,86.9,0.0,-1.4,5,-221.748,-3.891,-612.779
2669.9,67.51,87.0,0.0,-0.9,5,-224.319,-3.876,-609.657
2669.9,67.72,87.0,0.0,-1.3,5,-226.913,-3.868,-606.538
2669.9,67.83,75.9,0.0,-1.6,5,-228.652,-3.865,-604.459
2669.9,67.75,20.4,48.4,-1.4,5,-231.271,-3.866,-601.342
2683.5,67.20,0.0,70.1,-1.2,5,-233.013,-3.870,-599.277
2683.5,66.08,0.0,84.2,-0.9,5,-235.598,-3.880,-596.224
2683.5,65.23,0.0,87.3,-0.7,5,-237.300,-3.889,-594.221
2683.5,63.95,0.0,90.0,-0.6,5,-239.816,-3.908,-591.270
2696.7,63.07,0.0,80.7,-0.5,5,-241.469,-3.924,-589.339
2696.7,61.88,0.0,79.0,-0.6,5,-243.912,-3.953,-586.493
2696.7,61.10,0.0,85.0,-0.7,5,-245.519,-3.974,-584.629
2696.7,59.85,0.0,89.0,-0.8,5,-247.894,-4.010,-581.882
2709.0,58.99,0.0,89.6,-0.8,5,-249.452,-4.035,-580.085
2709.0,57.70,0.0,90.1,-0.7,5,-251.750,-4.074,-577.441
2709.0,56.84,23.1,90.6,-0.4,0,-253.257,-4.100,-575.713
2709.0,55.57,0.0,91.7,-0.3,4,-255.478,-4.138,-573.172
2720.5,54.26,0.0,91.2,-0.5,4,-257.653,-4.176,-570.694
2720.5,53.40,0.0,90.6,-0.2,4,-259.076,-4.201,-569.076
2720.5,52.12,0.0,90.7,-0.6,4,-261.172,-4.239,-566.701
2720.5,51.26,0.0,90.5,-0.5,4,-262.543,-4.265,-565.152
2731.1,50.00,0.0,90.9,-1.7,4,-264.562,-4.305,-562.879
2731.1,49.15,0.0,90.9,-1.5,4,-265.882,-4.332,-561.397
2731.1,47.88,26.7,90.6,-2.9,0,-267.824,-4.373,-559.225
2731.1,47.05,0.0,90.9,-3.0,3,-269.093,-4.400,-557.811
2740.9,45.80,0.0,91.0,-5.8,3,-270.963,-4.436,-555.743
2740.9,44.95,0.0,89.6,-6.2,3,-272.186,-4.460,-554.401
2740.9,43.71,0.0,87.0,-5.9,3,-273.989,-4.493,-552.443
2740.9,42.90,0.0,85.5,-5.7,3,-275.171,-4.515,-551.174
2749.8,41.72,0.0,83.7,-4.4,3,-276.916,-4.546,-549.327
2749.8,40.55,0.0,82.3,-3.6,3,-278.627,-4.577,-547.545
2749.8,39.79,0.0,80.8,-3.8,3,-279.749,-4.597,-546.394
2757.9,38.66,0.0,78.5,-4.5,0,-281.406,-4.625,-544.720
2757.9,37.95,28.5,77.5,-5.0,0,-282.494,-4.644,-543.639
2757.9,36.90,0.0,71.9,-6.4,2,-284.102,-4.669,-542.069
2757.9,36.21,0.0,68.1,-8.4,2,-285.158,-4.686,-541.056
2765.2,35.24,0.0,63.9,-10.8,2,-286.722,-4.711,-539.588
2765.2,34.64,0.0,63.3,-12.3,2,-287.752,-4.727,-538.642
2765.2,33.74,0.0,62.6,-14.2,2,-289.283,-4.751,-537.273
2765.2,33.14,0.0,62.4,-14.9,2,-290.293,-4.767,-536.394
2771.9,32.24,0.0,64.2,-14.5,2,-291.793,-4.790,-535.128
2771.9,31.64,0.0,65.2,-14.2,2,-292.783,-4.804,-534.318
2771.9,30.73,0.0,61.1,-13.8,2,-294.251,-4.825,-533.155
2771.9,30.16,0.0,55.2,-13.6,2,-295.218,-4.838,-532.414
2778.0,29.34,0.0,48.0,-11.5,2,-296.656,-4.856,-531.354
2778.0,28.62,0.0,42.8,-9.8,2,-298.080,-4.873,-530.355
2778.0,28.16,0.0,40.2,-9.8,2,-299.024,-4.883,-529.722
2778.0,27.53,0.0,38.7,-11.2,2,-300.433,-4.897,-528.821
2783.4,27.12,0.0,38.3,-12.7,2,-301.368,-4.905,-528.254
2783.4,26.54,33.4,35.7,-15.9,0,-302.764,-4.916,-527.450
2783.4,26.20,0.0,34.5,-19.5,1,-303.690,-4.922,-526.944
2783.4,25.64,0.0,32.5,-24.3,1,-305.072,-4.931,-526.229
2788.4,25.28,0.0,31.7,-26.0,1,-305.987,-4.937,-525.781
2788.4,24.76,0.0,26.5,-26.5,1,-307.350,-4.944,-525.151
2788.4,24.45,0.0,23.0,-27.5,1,-308.253,-4.949,-524.757
2788.4,24.05,0.0,20.4,-28.9,1,-309.601,-4.954,-524.208
2793.2,23.79,0.0,19.6,-30.4,1,-310.496,-4.956,-523.868
2793.2,23.44,0.0,13.2,-32.6,1,-311.832,-4.959,-523.398
2793.2,23.24,0.0,11.8,-33.9,1,-312.721,-4.960,-523.111
2793.2,22.96,0.0,11.0,-34.7,1,-314.052,-4.960,-522.721
2798.3,22.70,0.0,8.1,-33.6,1,-315.378,-4.958,-522.376
2798.3,22.54,0.0,7.4,-34.4,1,-316.260,-4.955,-522.172
2798.3,22.32,0.0,7.4,-36.5,1,-317.579,-4.950,-521.902
2798.3,22.16,0.0,6.0,-43.6,1,-318.455,-4.946,-521.748
2805.0,21.98,16.5,0.0,-44.3,1,-319.765,-4.936,-521.558
2805.0,22.06,36.2,0.0,-40.8,1,-320.639,-4.929,-521.456
2805.0,22.24,30.5,0.0,-36.2,1,-321.963,-4.919,-521.338
2805.0,22.45,61.0,0.0,-30.1,1,-322.853,-4.917,-521.277
2810.4,22.78,33.1,0.0,-26.7,1,-324.210,-4.915,-521.217
2810.4,22.84,12.9,4.6,-29.0,1,-325.122,-4.913,-521.199
2810.4,22.68,0.0,15.0,-35.5,1,-326.489,-4.915,-521.205
2810.4,22.40,0.0,8.3,-38.3,1,-327.390,-4.916,-521.234
2815.5,22.18,0.0,3.2,-39.8,1,-328.725,-4.909,-521.321
2815.5,22.07,0.0,0.9,-40.7,1,-329.606,-4.906,-521.403
2815.5,21.92,1.4,0.0,-43.4,1,-330.916,-4.899,-521.565
2815.5,21.81,12.4,0.0,-48.0,1,-332.212,-4.892,-521.770
2820.2,21.84,28.9,0.0,-50.5,1,-333.069,-4.888,-521.932
2820.2,22.03,41.5,0.0,-50.8,1,-334.353,-4.880,-522.216
2820.2,22.20,46.2,0.0,-50.3,1,-335.210,-4.874,-522.433
2820.2,22.52,50.4,0.0,-50.3,1,-336.499,-4.863,-522.801
2824.7,22.78,65.7,0.0,-51.1,1,-337.362,-4.854,-523.075
2824.7,23.11,46.9,0.0,-48.7,1,-338.661,-4.840,-523.529
2824.7,23.28,37.2,0.0,-44.8,1,-339.526,-4.829,-523.864
2824.7,23.50,38.6,0.0,-37.5,1,-340.818,-4.812,-524.411
2829.2,23.67,41.4,0.0,-34.0,1,-341.674,-4.801,-524.805
2829.2,23.96,50.0,0.0,-31.4,1,-342.952,-4.781,-525.442
2829.2,24.17,48.2,0.0,-29.3,1,-343.800,-4.768,-525.896
2829.2,24.52,51.5,0.0,-24.6,1,-345.067,-4.749,-526.622
2834.0,24.77,55.6,0.0,-20.2,1,-345.908,-4.735,-527.134
2834.0,25.20,62.4,0.0,-9.7,1,-347.168,-4.715,-527.943
2834.0,25.70,63.7,0.0,1.5,1,-348.432,-4.695,-528.798
2834.0,26.08,72.2,0.0,6.2,1,-349.281,-4.681,-529.389
2839.0,26.67,67.8,0.0,6.6,1,-350.571,-4.660,-530.303
2839.0,27.00,55.4,0.0,15.3,1,-351.444,-4.646,-530.928
2839.0,27.30,39.0,0.0,19.6,1,-352.774,-4.624,-531.869
2839.0,27.43,33.2,0.0,21.3,1,-353.675,-4.610,-532.491
2844.3,27.56,24.5,0.0,15.4,1,-355.046,-4.590,-533.407
2844.3,27.61,23.8,0.0,14.8,1,-355.972,-4.577,-534.008
2844.3,27.72,27.4,0.0,17.6,1,-357.376,-4.559,-534.893
2844.3,27.81,32.4,0.0,20.2,1,-358.323,-4.547,-535.471
2849.9,27.89,18.5,0.0,23.6,1,-359.763,-4.530,-536.320
2849.9,27.91,18.9,0.0,22.9,1,-360.734,-4.520,-536.871
2849.9,27.93,20.3,0.0,26.6,1,-362.206,-4.505,-537.670
2855.7,27.91,11.8,0.0,28.8,1,-363.696,-4.492,-538.435
2855.7,27.87,15.7,0.0,28.6,1,-364.699,-4.484,-538.924
2855.7,27.89,21.3,0.0,31.6,1,-366.219,-4.474,-539.622
2855.7,27.92,21.9,0.0,38.3,1,-367.243,-4.468,-540.065
2861.7,27.93,22.5,0.0,47.3,1,-368.797,-4.460,-540.690
2861.7,27.96,23.5,0.0,51.4,1,-369.845,-4.456,-541.080
2861.7,27.97,25.5,0.0,56.0,1,-371.433,-4.451,-541.621
2861.7,28.06,34.5,0.0,60.8,1,-372.503,-4.450,-541.954
2868.0,28.23,39.2,0.0,66.5,1,-374.126,-4.453,-542.415
2868.0,28.30,39.9,0.0,71.0,1,-375.223,-4.452,-542.690
2868.0,28.49,35.6,0.0,71.4,1,-376.885,-4.454,-543.061
2868.0,28.50,31.1,0.0,70.7,1,-378.005,-4.452,-543.273
2875.3,28.63,34.6,0.0,73.0,1,-379.696,-4.455,-543.548
2875.3,28.63,27.8,0.0,73.7,1,-380.832,-4.454,-543.694
2875.3,28.66,25.1,0.0,75.6,1,-382.542,-4.456,-543.865
2875.3,28.62,21.6,0.0,81.2,1,-384.258,-4.460,-543.975
2881.9,28.59,19.1,0.0,82.3,1,-385.401,-4.463,-544.013
2881.9,28.45,13.8,0.0,81.9,1,-387.112,-4.466,-544.011
2881.9,28.36,13.5,0.0,82.8,1,-388.248,-4.468,-543.974
2881.9,28.23,13.5,0.0,83.8,1,-389.942,-4.470,-543.863
2888.4,28.16,13.4,0.0,84.0,1,-391.065,-4.472,-543.755
2888.4,28.03,13.4,0.0,88.7,1,-392.737,-4.475,-543.543
2888.4,27.95,13.5,0.0,91.3,1,-393.843,-4.477,-543.369
2888.4,27.82,13.3,0.0,93.3,1,-395.488,-4.479,-543.060
2895.1,27.73,13.3,0.0,93.1,1,-396.573,-4.480,-542.822
2895.1,27.60,13.3,0.0,90.2,1,-398.183,-4.482,-542.417
2895.1,27.51,13.5,0.0,84.1,1,-399.243,-4.483,-542.116
2895.1,27.40,14.7,0.0,72.4,1,-400.813,-4.487,-541.617
2900.7,27.36,17.3,0.0,63.6,1,-401.846,-4.491,-541.253
2900.7,27.36,27.8,0.0,50.2,1,-403.376,-4.498,-540.660
2900.7,27.45,43.5,0.0,40.2,1,-404.385,-4.505,-540.233
2900.7,27.71,39.2,0.0,23.2,1,-405.889,-4.516,-539.543
2906.1,27.98,46.9,0.0,7.7,1,-407.382,-4.529,-538.797
2906.1,28.21,54.2,0.0,0.7,1,-408.374,-4.538,-538.270
2906.1,28.69,64.8,0.0,-3.9,1,-409.865,-4.554,-537.442
2906.1,29.05,67.2,0.0,-2.6,1,-410.864,-4.566,-536.865
2911.7,29.59,67.5,0.0,3.4,1,-412.376,-4.585,-535.967
2911.7,29.95,68.3,0.0,8.2,1,-413.392,-4.599,-535.348
2911.7,30.48,70.5,0.0,13.8,1,-414.930,-4.621,-534.391
2911.7,30.84,70.7,0.0,16.1,1,-415.964,-4.637,-533.733
2917.5,31.37,71.8,0.0,18.3,1,-417.524,-4.661,-532.711
2917.5,31.72,73.7,0.0,18.9,1,-418.570,-4.678,-532.005
2917.5,32.26,76.1,0.0,19.4,1,-420.143,-4.705,-530.908
2917.5,32.60,78.3,0.0,19.9,0,-421.193,-4.722,-530.148
2923.7,32.65,71.6,0.0,18.0,2,-422.756,-4.750,-528.969
2923.7,32.94,73.7,0.0,17.2,2,-423.786,-4.767,-528.158
2923.7,33.44,84.6,0.0,16.7,2,-425.324,-4.792,-526.896
2923.7,33.98,84.8,0.0,14.6,2,-426.859,-4.817,-525.580
2930.1,34.33,85.0,0.0,12.9,2,-427.878,-4.832,-524.672
2930.1,34.78,49.6,0.0,9.9,2,-429.400,-4.855,-523.265
2930.1,35.01,72.9,0.0,9.8,2,-430.406,-4.869,-522.298
2930.1,35.53,85.2,0.0,10.3,2,-431.904,-4.889,-520.807
2937.0,35.90,85.4,0.0,10.6,2,-432.900,-4.902,-519.784
2937.0,36.44,85.6,0.0,10.1,2,-434.390,-4.921,-518.207
2937.0,36.80,85.7,0.0,9.8,2,-435.381,-4.933,-517.129
2937.0,37.34,85.8,0.0,11.0,2,-436.863,-4.952,-515.473
2944.3,37.70,86.0,0.0,12.6,2,-437.848,-4.964,-514.341
2944.3,38.21,80.5,0.0,14.4,2,-439.318,-4.981,-512.603
2944.3,38.51,74.1,0.0,15.4,2,-440.291,-4.993,-511.417
2944.3,38.88,69.2,0.0,16.0,2,-441.733,-5.009,-509.599
2951.7,39.15,73.3,0.0,15.6,2,-442.683,-5.020,-508.360
2951.7,39.59,82.9,0.0,14.6,2,-444.087,-5.035,-506.462
2951.7,40.06,85.6,0.0,13.6,2,-445.467,-5.046,-504.512
2951.7,40.38,86.5,0.0,13.0,2,-446.374,-5.053,-503.184
2959.4,40.83,86.9,0.0,12.3,2,-447.713,-5.063,-501.149
2959.4,41.12,83.4,0.0,11.6,2,-448.589,-5.068,-499.764
2959.4,41.45,78.3,0.0,10.1,2,-449.874,-5.075,-497.646
2959.4,41.74,87.2,0.0,9.3,2,-450.709,-5.077,-496.207
2967.5,42.15,80.6,0.0,8.2,2,-451.932,-5.079,-494.008
2967.5,42.41,87.4,0.0,7.9,0,-452.726,-5.081,-492.515
2967.5,42.40,76.2,0.0,8.3,3,-453.880,-5.086,-490.246
2967.5,42.65,85.2,0.0,8.7,3,-454.621,-5.090,-488.716
2975.6,42.95,85.3,0.0,9.4,3,-455.346,-5.095,-487.166
2975.6,43.34,85.5,0.0,12.5,3,-456.399,-5.103,-484.803
2975.6,43.75,85.6,0.0,14.6,3,-457.412,-5.114,-482.396
2975.6,44.02,85.6,0.0,15.3,3,-458.065,-5.123,-480.767
2984.1,44.42,85.7,0.0,15.9,3,-459.011,-5.139,-478.288
2984.1,44.83,85.9,0.0,15.8,3,-459.914,-5.160,-475.769
2984.1,45.08,86.1,0.0,15.0,3,-460.490,-5.175,-474.066
2992.7,45.47,85.7,0.0,13.2,3,-461.316,-5.201,-471.479
2992.7,45.73,86.1,0.0,12.1,3,-461.839,-5.220,-469.732
2992.7,46.10,85.8,0.0,11.1,3,-462.579,-5.251,-467.080
2992.7,46.34,79.8,0.0,10.4,3,-463.043,-5.273,-465.291
3001.7,46.70,86.1,0.0,10.5,3,-463.692,-5.308,-462.577
3001.7,46.95,86.5,0.0,10.9,3,-464.093,-5.333,-460.748
3001.7,47.31,85.0,0.0,11.3,3,-464.647,-5.372,-457.977
3001.7,47.55,82.3,0.0,11.5,3,-464.983,-5.399,-456.110
3011.0,47.91,86.6,0.0,12.4,3,-465.436,-5.439,-453.284
3011.0,48.28,86.6,0.0,13.5,3,-465.827,-5.480,-450.426
3011.0,48.53,86.7,0.0,13.7,3,-466.052,-5.506,-448.504
3011.0,48.89,86.8,0.0,16.9,3,-466.338,-5.545,-445.596
3020.5,49.13,86.8,0.0,15.4,3,-466.495,-5.571,-443.643
3020.5,49.50,86.6,0.0,13.8,3,-466.679,-5.612,-440.690
3020.5,49.74,86.2,0.0,12.8,3,-466.767,-5.638,-438.708
3020.5,50.09,85.5,0.0,15.2,3,-466.849,-5.678,-435.715
3030.4,50.31,84.7,0.0,16.9,3,-466.868,-5.704,-433.708
3030.4,50.62,80.5,0.0,18.3,3,-466.843,-5.743,-430.681
3030.4,50.82,78.6,0.0,18.5,3,-466.789,-5.768,-428.653
3030.4,51.08,78.6,0.0,18.5,3,-466.647,-5.804,-425.600
3040.8,51.27,81.3,0.0,17.5,3,-466.513,-5.826,-423.559
3040.8,51.55,85.0,0.0,15.0,3,-466.248,-5.856,-420.486
3040.8,51.75,86.9,0.0,14.1,3,-466.030,-5.874,-418.432
3040.8,52.06,87.7,0.0,12.9,3,-465.639,-5.899,-415.344
3051.9,52.11,0.0,0.0,12.8,0,-465.172,-5.920,-412.251
3051.9,52.16,80.4,0.0,13.5,4,-464.820,-5.932,-410.197
3051.9,52.46,86.0,0.0,15.6,4,-464.233,-5.952,-407.114
3051.9,52.64,85.8,0.0,17.7,4,-463.805,-5.968,-405.056
3063.1,52.92,86.1,0.0,20.4,4,-463.114,-5.997,-401.966
3063.1,53.17,85.8,0.0,22.1,4,-462.621,-6.024,-399.903
3063.1,53.42,85.9,0.0,24.2,4,-461.816,-6.062,-396.809
3063.1,53.58,86.0,0.0,24.2,4,-461.233,-6.084,-394.751
3074.4,53.84,86.1,0.0,21.6,4,-460.291,-6.110,-391.670
3085.2,54.84,86.3,0.0,7.3,4,-456.164,-6.184,-380.459
3085.2,55.13,86.2,0.0,6.4,4,-454.863,-6.199,-377.428
3085.2,55.32,86.3,0.0,7.3,4,-453.955,-6.208,-375.415
3096.1,55.62,86.3,0.0,9.7,4,-452.541,-6.217,-372.403
3096.1,55.82,86.4,0.0,10.6,4,-451.567,-6.224,-370.399
3096.1,56.12,86.4,0.0,10.3,4,-450.064,-6.236,-367.397
3096.1,56.31,86.4,0.0,9.7,4,-449.033,-6.245,-365.399
3107.1,56.61,86.5,0.0,8.8,4,-447.443,-6.259,-362.407
3107.1,56.90,86.6,0.0,8.6,4,-445.802,-6.272,-359.424
3107.1,57.10,86.6,0.0,8.6,4,-444.678,-6.280,-357.440
3107.1,57.39,86.6,0.0,8.8,4,-442.951,-6.293,-354.472
3118.4,57.58,86.7,0.0,8.8,4,-441.770,-6.300,-352.499
3118.4,57.87,86.7,0.0,9.4,4,-439.956,-6.309,-349.549
3118.4,58.05,86.8,0.0,9.0,4,-438.718,-6.315,-347.589
3118.4,58.34,86.8,0.0,8.1,4,-436.820,-6.324,-344.659
3129.9,58.53,86.8,0.0,7.3,4,-435.525,-6.329,-342.713
3129.9,58.80,86.9,0.0,6.5,4,-433.540,-6.335,-339.807
3129.9,58.99,87.0,0.0,6.3,4,-432.191,-6.339,-337.876
3129.9,59.28,87.0,0.0,4.9,4,-430.128,-6.343,-334.989
3141.7,59.46,87.0,0.0,4.4,4,-428.729,-6.340,-333.071
3141.7,59.73,87.0,0.0,3.3,4,-426.597,-6.334,-330.201
3141.7,59.92,87.1,0.0,2.6,4,-425.157,-6.328,-328.290
3141.7,60.20,87.1,0.0,1.6,4,-422.970,-6.317,-325.425
3153.7,60.49,87.2,0.0,0.2,4,-420.756,-6.305,-322.560
3153.7,60.70,87.1,0.0,-0.6,4,-419.268,-6.297,-320.648
3153.7,60.95,87.2,0.0,-1.0,4,-417.017,-6.282,-317.776
3153.7,61.14,87.2,0.0,-1.1,4,-415.509,-6.274,-315.856
3165.9,61.40,87.3,0.0,-1.1,4,-413.238,-6.260,-312.966
3165.9,61.57,87.3,0.0,-1.2,4,-411.721,-6.250,-311.031
3165.9,61.83,87.3,0.0,-1.3,4,-409.440,-6.235,-308.116
3165.9,62.00,87.4,0.0,-1.4,4,-407.918,-6.225,-306.163
3178.3,62.25,87.4,0.0,-1.3,4,-405.633,-6.210,-303.219
3178.3,62.42,87.4,0.0,-1.3,4,-404.109,-6.198,-301.246
3178.3,62.45,0.0,0.0,-1.1,0,-401.824,-6.180,-298.274
3178.3,62.53,86.1,0.0,-1.0,5,-400.306,-6.168,-296.289
3190.8,62.78,86.2,0.0,-0.8,5,-398.028,-6.149,-293.299
3190.8,63.01,86.2,0.0,-1.0,5,-395.749,-6.129,-290.293
3190.8,63.17,86.2,0.0,-1.0,5,-394.228,-6.115,-288.279
3190.8,63.41,86.3,0.0,-1.0,5,-391.945,-6.094,-285.245
3203.4,63.57,86.3,0.0,-0.9,5,-390.421,-6.080,-283.214
3203.4,63.80,86.4,0.0,-0.6,5,-388.133,-6.061,-280.155
3203.4,63.96,86.4,0.0,-0.6,5,-386.606,-6.047,-278.106
3203.4,64.18,86.4,0.0,-0.7,5,-384.312,-6.023,-275.022
3216.1,64.34,86.4,0.0,-0.6,5,-382.781,-6.006,-272.959
3216.1,64.56,86.5,0.0,-0.4,5,-380.480,-5.979,-269.852
3216.1,64.71,86.5,0.0,-0.2,5,-378.944,-5.961,-267.773
3216.1,64.94,86.5,0.0,-0.2,5,-376.635,-5.934,-264.643
3229.1,65.08,86.6,0.0,-0.2,5,-375.093,-5.916,-262.550
3229.1,65.31,86.6,0.0,-0.2,5,-372.775,-5.889,-259.399
3229.1,65.45,86.6,0.0,-0.1,5,-371.226,-5.869,-257.293
3229.1,65.66,86.7,0.0,0.2,5,-368.897,-5.836,-254.123
3242.2,65.88,86.7,0.0,0.4,5,-366.562,-5.801,-250.942
3242.2,66.03,86.7,0.0,0.6,5,-365.000,-5.778,-248.816
3242.2,66.24,86.7,0.0,0.6,5,-362.650,-5.740,-245.620
3242.2,66.39,86.8,0.0,0.4,5,-361.077,-5.714,-243.484
3255.4,66.59,86.8,0.0,0.6,5,-358.710,-5.671,-240.274
3255.4,66.73,86.8,0.0,0.5,5,-357.125,-5.642,-238.130
3255.4,66.94,86.9,0.0,0.5,5,-354.739,-5.596,-234.908
3255.4,67.08,86.9,0.0,0.3,5,-353.142,-5.566,-232.756
3268.8,67.29,86.9,0.0,0.3,5,-350.737,-5.522,-229.522
3268.8,67.42,87.0,0.0,0.5,5,-349.128,-5.495,-227.361
3268.8,67.62,86.9,0.0,0.3,5,-346.706,-5.459,-224.114
3268.8,67.76,87.0,0.0,0.1,5,-345.086,-5.434,-221.945
3282.3,67.95,87.0,0.0,0.0,5,-342.648,-5.392,-218.686
3282.3,68.08,87.0,0.0,0.0,5,-341.018,-5.363,-216.508
3282.3,68.27,87.1,0.0,0.1,5,-338.565,-5.319,-213.235
3295.9,68.47,87.1,0.0,0.1,5,-336.105,-5.272,-209.954
3295.9,68.60,87.1,0.0,0.1,5,-334.460,-5.240,-207.761
3295.9,68.79,87.1,0.0,-0.0,5,-331.987,-5.193,-204.465
3295.9,68.92,87.2,0.0,-0.1,5,-330.334,-5.161,-202.262
3309.6,69.10,87.2,0.0,-0.2,5,-327.850,-5.111,-198.951
3309.6,69.22,87.2,0.0,-0.2,5,-326.190,-5.076,-196.738
3309.6,69.40,87.3,0.0,-0.2,5,-323.696,-5.022,-193.411
3309.6,69.52,87.3,0.0,-0.2,5,-322.030,-4.985,-191.188
3323.5,69.71,87.3,0.0,-0.3,5,-319.527,-4.928,-187.845
3323.5,69.83,87.3,0.0,-0.4,5,-317.856,-4.891,-185.610
3323.5,70.01,87.3,0.0,-0.2,5,-315.346,-4.836,-182.250
3323.5,70.12,87.4,0.0,-0.2,5,-313.670,-4.798,-180.005
3337.5,70.29,87.4,0.0,-0.2,5,-311.153,-4.742,-176.628
3337.5,70.41,87.4,0.0,-0.2,5,-309.472,-4.705,-174.371
3337.5,70.58,87.4,0.0,-0.3,5,-306.949,-4.650,-170.978
3337.5,70.74,87.4,0.0,-0.3,5,-304.421,-4.592,-167.575
3351.6,71.03,86.4,0.0,-0.4,6,-295.996,-4.394,-156.192
3365.8,71.19,86.4,0.0,-0.5,6,-293.464,-4.334,-152.759
3365.8,71.29,86.4,0.0,-0.4,6,-291.775,-4.294,-150.465
3365.8,71.45,86.5,0.0,-0.4,6,-289.238,-4.232,-147.015
3365.8,71.55,86.5,0.0,-0.3,6,-287.546,-4.191,-144.710
3380.1,71.72,86.5,0.0,-0.2,6,-285.005,-4.130,-141.244
3380.1,71.82,86.5,0.0,-0.1,6,-283.309,-4.090,-138.929
3380.1,71.97,86.5,0.0,0.0,6,-280.763,-4.030,-135.448
3380.1,72.13,86.6,0.0,0.2,6,-278.212,-3.969,-131.958
3394.5,72.23,86.6,0.0,0.3,6,-276.508,-3.928,-129.628
3394.5,72.38,86.6,0.0,0.2,6,-273.949,-3.866,-126.126
3394.5,72.48,86.6,0.0,0.1,6,-272.239,-3.824,-123.788
3394.5,72.63,86.6,0.0,1.0,6,-269.668,-3.761,-120.276
3409.0,72.73,86.6,0.0,1.7,6,-267.949,-3.719,-117.932
3409.0,72.87,86.7,0.0,0.8,6,-265.360,-3.657,-114.414
3409.0,72.97,86.7,0.0,0.7,6,-263.628,-3.615,-112.068
3409.0,73.12,86.7,0.0,-0.9,6,-261.019,-3.551,-108.547
3423.6,73.21,86.8,0.0,-1.5,6,-259.276,-3.506,-106.198
3423.6,73.35,86.7,0.0,-1.3,6,-256.658,-3.439,-102.666
3423.6,73.46,86.7,0.0,-1.0,6,-254.913,-3.394,-100.305
3423.6,73.60,86.8,0.0,-0.9,6,-252.298,-3.325,-96.753
3438.3,73.70,86.8,0.0,-1.1,6,-250.557,-3.280,-94.377
3438.3,73.85,86.8,0.0,-1.2,6,-247.947,-3.213,-90.804
3438.3,73.98,86.8,0.0,-1.1,6,-245.339,-3.148,-87.218
3438.3,74.06,86.9,0.0,-0.5,6,-243.602,-3.105,-84.821
3453.1,74.20,86.9,0.0,0.9,6,-240.998,-3.040,-81.216
3453.1,74.29,86.9,0.0,1.7,6,-239.262,-2.998,-78.807
3453.1,74.43,86.9,0.0,1.6,6,-236.652,-2.935,-75.190
3453.1,74.52,86.9,0.0,1.1,6,-234.906,-2.891,-72.777
3467.9,74.65,86.9,0.0,2.0,6,-232.274,-2.827,-69.158
3467.9,74.74,87.0,0.0,3.3,6,-230.511,-2.783,-66.747
3467.9,74.69,26.6,29.5,4.9,6,-227.850,-2.716,-63.136
3467.9,74.26,0.0,60.0,5.5,6,-226.070,-2.669,-60.746
3482.8,73.17,0.0,83.0,5.4,6,-223.404,-2.599,-57.213
3482.8,71.86,0.0,85.0,5.4,6,-220.752,-2.529,-53.760
3482.8,71.00,0.0,75.6,5.5,6,-218.993,-2.482,-51.507
3497.2,69.85,0.0,58.9,6.4,6,-216.361,-2.415,-48.200
3497.2,69.20,0.0,48.4,7.1,6,-214.607,-2.371,-46.041
3497.2,68.40,0.0,32.1,9.4,6,-211.964,-2.305,-42.870
3497.2,67.99,0.0,20.2,7.0,6,-210.191,-2.261,-40.797
3510.9,67.54,0.0,6.7,7.0,6,-207.506,-2.197,-37.745
3510.9,67.33,0.0,1.0,8.7,6,-205.696,-2.154,-35.745
3510.9,67.10,12.8,0.0,10.8,6,-202.948,-2.088,-32.794
3510.9,66.93,15.4,0.0,10.6,6,-200.158,-2.024,-29.898
3524.2,66.81,12.6,1.6,10.8,6,-198.275,-1.981,-27.999
3524.2,66.39,0.0,24.5,11.0,6,-195.418,-1.917,-25.201
3524.2,65.86,0.0,61.1,10.9,0,-193.499,-1.874,-23.378
3524.2,65.01,0.0,7.2,10.1,5,-190.616,-1.807,-20.716
3537.1,64.94,75.4,0.0,10.0,5,-188.679,-1.764,-18.986
3537.1,65.10,86.7,0.0,12.2,5,-185.728,-1.701,-16.435
3537.1,65.22,86.7,0.0,14.8,5,-183.730,-1.664,-14.762
3537.1,65.30,40.6,0.0,18.5,5,-180.689,-1.615,-12.295
3550.0,65.21,31.3,0.0,20.5,5,-178.635,-1.587,-10.684
3550.0,65.13,63.8,0.0,21.3,5,-175.520,-1.553,-8.322
3550.0,65.20,85.5,0.0,21.2,5,-173.415,-1.535,-6.785
3550.0,65.34,86.8,0.0,19.6,5,-170.211,-1.510,-4.534
3563.2,65.42,86.3,0.0,18.7,5,-168.042,-1.493,-3.074
3563.2,65.50,60.7,0.0,19.9,5,-164.739,-1.467,-0.947
3563.2,65.51,75.7,0.0,22.1,5,-161.382,-1.437,1.096
3563.2,65.57,77.7,0.0,22.9,5,-159.115,-1.412,2.411
3576.9,65.60,84.7,0.0,21.9,5,-155.672,-1.369,4.313
3576.9,65.70,76.5,0.0,24.3,5,-153.352,-1.341,5.542
3576.9,65.68,87.4,0.0,26.9,0,-149.840,-1.311,7.331
3576.9,65.66,0.0,0.0,26.9,0,-147.481,-1.302,8.490
3591.0,65.55,80.4,0.0,26.3,6,-143.907,-1.273,10.133
3591.0,65.56,65.5,0.0,26.4,6,-141.501,-1.251,11.176
3591.0,65.48,42.8,0.0,28.8,6,-137.861,-1.216,12.660
3591.0,65.41,54.9,0.0,31.2,6,-135.416,-1.193,13.597
3605.0,65.40,66.8,0.0,35.3,6,-131.723,-1.158,14.922
3605.0,65.38,59.0,0.0,37.8,6,-129.244,-1.134,15.755
3605.0,65.33,53.4,0.0,40.6,6,-125.503,-1.100,16.931
3605.0,65.26,54.1,0.0,41.0,6,-121.739,-1.067,18.018
3618.4,65.20,52.5,0.0,40.3,6,-119.218,-1.044,18.689
3618.4,65.12,49.5,0.0,39.4,6,-115.420,-1.010,19.617
3618.4,65.05,48.2,0.0,38.5,6,-112.879,-0.989,20.184
3618.4,64.93,47.9,0.0,37.0,6,-109.056,-0.955,20.950
3631.4,64.86,48.3,0.0,36.2,6,-106.500,-0.931,21.404
3631.4,64.76,48.1,0.0,35.7,6,-102.658,-0.893,22.003
3631.4,64.68,32.3,0.0,35.5,6,-100.092,-0.869,22.348
3631.4,64.43,13.3,0.0,34.0,6,-96.242,-0.830,22.781
3656.7,64.07,85.3,0.0,19.6,6,-82.167,-0.672,23.512
3656.7,64.15,85.4,0.0,16.4,6,-79.603,-0.643,23.506
3656.7,64.27,85.3,0.0,12.3,6,-75.753,-0.596,23.418
3656.7,64.35,85.3,0.0,10.2,6,-73.183,-0.563,23.307
3669.4,64.51,85.3,0.0,9.2,6,-69.326,-0.513,23.067
3669.4,64.61,85.4,0.0,9.7,6,-66.752,-0.480,22.863
3669.4,64.78,85.4,0.0,9.7,6,-62.888,-0.432,22.495
3669.4,64.95,85.3,0.0,9.5,6,-59.022,-0.381,22.055
3682.3,65.06,85.4,0.0,8.5,6,-56.443,-0.343,21.725
3682.3,65.25,85.4,0.0,7.5,6,-52.573,-0.288,21.181
3682.3,65.35,85.5,0.0,6.0,6,-49.992,-0.253,20.787
3682.3,65.54,85.5,0.0,2.2,6,-46.117,-0.205,20.154
3695.3,65.67,85.5,0.0,-0.9,6,-43.531,-0.174,19.705
3695.3,65.86,85.5,0.0,-2.1,6,-39.648,-0.128,19.006
3695.3,65.99,84.2,0.0,-1.3,6,-37.055,-0.099,18.531
3695.3,66.18,85.4,0.0,-1.6,6,-33.155,-0.058,17.818
3708.5,66.31,85.6,0.0,-2.7,6,-30.548,-0.032,17.346
3708.5,66.50,85.6,0.0,-5.1,6,-26.626,0.003,16.649
3708.5,66.61,85.8,0.0,-6.3,6,-24.003,0.023,16.194
3708.5,66.78,85.8,0.0,-7.8,6,-20.055,0.049,15.536
3721.9,66.92,85.7,0.0,-7.9,6,-17.414,0.064,15.117
3721.9,67.09,85.7,0.0,-8.0,6,-13.438,0.088,14.529
3721.9,67.26,85.8,0.0,-10.3,6,-9.443,0.114,13.994
3721.9,67.36,85.8,0.0,-12.3,6,-6.771,0.131,13.670
3735.4,67.50,85.8,0.0,-13.5,6,-2.748,0.158,13.239
3735.4,67.60,85.9,0.0,-13.5,6,-0.058,0.177,12.992
3735.4,67.74,86.0,0.0,-13.9,6,3.990,0.211,12.689
3735.4,67.81,86.0,0.0,-14.3,6,6.697,0.236,12.534
3749.1,67.94,86.0,0.0,-14.6,6,10.766,0.278,12.372
3749.1,68.04,85.9,0.0,-14.6,6,13.485,0.307,12.311
3749.1,68.16,86.0,0.0,-15.0,6,17.570,0.356,12.294
3749.1,68.22,86.1,0.0,-15.0,6,20.297,0.391,12.332
3763.2,68.36,86.1,0.0,-14.4,6,24.392,0.448,12.463
3763.2,68.42,86.1,0.0,-13.7,6,27.123,0.491,12.603
3763.2,68.55,86.1,0.0,-12.9,6,31.221,0.558,12.886
3763.2,68.65,86.1,0.0,-14.6,6,33.955,0.599,13.118
3777.4,68.77,86.1,0.0,-18.1,6,38.056,0.651,13.528
3777.4,68.86,86.2,0.0,-19.5,6,42.154,0.703,14.026
3777.4,68.93,86.2,0.0,-20.1,6,44.883,0.739,14.410
3777.4,69.03,86.2,0.0,-19.3,6,48.970,0.796,15.061
3791.7,69.10,86.2,0.0,-18.7,6,51.689,0.834,15.546
3791.7,69.20,86.2,0.0,-18.2,6,55.758,0.891,16.351
3791.7,69.24,86.2,0.0,-17.9,6,58.463,0.929,16.940
3791.7,69.32,86.3,0.0,-17.5,6,62.507,0.990,17.902
3806.0,69.40,86.3,0.0,-17.4,6,65.193,1.031,18.594
3806.0,69.51,86.2,0.0,-16.8,6,69.208,1.092,19.707
3806.0,69.53,86.3,0.0,-16.6,6,71.873,1.132,20.498
3806.0,69.62,86.4,0.0,-16.0,6,75.852,1.192,21.760
3820.4,69.70,86.3,0.0,-16.2,6,78.492,1.231,22.651
3820.4,69.78,86.2,0.0,-16.5,6,82.430,1.291,24.063
3820.4,69.83,86.5,0.0,-16.3,6,85.039,1.331,25.054
3820.4,69.92,86.4,0.0,-16.1,6,88.930,1.391,26.615
3834.6,69.99,86.4,0.0,-16.4,6,92.788,1.453,28.267
3834.6,70.07,86.3,0.0,-16.4,6,95.342,1.493,29.417
3834.6,70.16,86.3,0.0,-16.6,6,99.143,1.555,31.218
3834.6,70.21,86.4,0.0,-16.5,6,101.656,1.598,32.469
3848.6,70.31,86.4,0.0,-16.2,6,105.394,1.663,34.415
3848.6,70.37,86.4,0.0,-15.5,6,107.865,1.707,35.760
3848.6,70.48,86.4,0.0,-14.6,6,111.539,1.772,37.846
3848.6,70.54,86.4,0.0,-13.9,6,113.965,1.815,39.282
3862.7,70.64,86.4,0.0,-12.3,6,117.570,1.880,41.504
3862.7,70.71,86.4,0.0,-11.7,6,119.950,1.923,43.029
3862.7,70.83,86.4,0.0,-11.6,6,123.487,1.985,45.378
3862.7,70.90,86.4,0.0,-11.6,6,125.822,2.025,46.985
3876.7,71.03,86.4,0.0,-11.6,6,129.291,2.082,49.453
3876.7,71.14,86.4,0.0,-11.7,6,132.719,2.137,51.989
3876.7,71.22,86.5,0.0,-11.5,6,134.983,2.172,53.716
3890.9,71.35,86.5,0.0,-10.9,6,138.343,2.220,56.362
3890.9,71.42,86.5,0.0,-10.6,6,140.559,2.251,58.161
3890.9,71.55,86.5,0.0,-10.3,6,143.850,2.290,60.912
3890.9,71.63,86.5,0.0,-9.7,6,146.020,2.312,62.780
3905.2,71.75,86.5,0.0,-7.5,6,149.240,2.338,65.631
3905.2,71.84,86.5,0.0,-6.1,6,151.363,2.353,67.565
3905.2,71.95,67.2,0.0,-4.6,6,154.514,2.374,70.512
3905.2,71.90,24.0,25.1,-3.9,6,156.592,2.385,72.502
3919.5,71.19,0.0,71.5,-2.8,6,159.667,2.401,75.506
3919.5,70.42,0.0,81.3,-1.8,6,161.678,2.412,77.503
3919.5,69.15,0.0,87.6,-0.2,6,164.634,2.429,80.473
3919.5,68.27,0.0,88.6,0.3,6,166.565,2.441,82.432
3933.3,66.93,0.0,89.8,0.3,6,169.404,2.461,85.332
3933.3,65.61,0.0,90.9,0.1,0,172.181,2.482,88.182
3933.3,64.73,21.2,91.8,0.2,0,173.999,2.497,90.052
3933.3,63.39,0.0,91.9,0.5,5,176.680,2.518,92.810
3946.2,62.50,0.0,91.4,0.7,5,178.436,2.532,94.617
3946.2,61.16,0.0,90.6,1.0,5,181.025,2.551,97.277
3946.2,60.29,0.0,91.4,1.2,5,182.722,2.565,99.017
3946.2,58.97,0.0,91.0,1.3,5,185.223,2.585,101.578
3958.2,58.08,0.0,90.8,1.3,5,186.863,2.597,103.252
3958.2,56.79,22.3,91.3,1.4,0,189.280,2.613,105.711
3958.2,55.94,0.0,92.3,1.5,4,190.864,2.623,107.318
3958.2,54.61,0.0,91.3,1.4,4,193.200,2.637,109.675
3969.4,53.73,0.0,90.2,1.4,4,194.730,2.648,111.212
3969.4,52.43,0.0,90.2,2.2,4,196.986,2.665,113.464
3969.4,51.57,0.0,89.9,2.3,4,198.463,2.678,114.930
3969.4,50.29,0.0,90.5,3.5,4,200.642,2.699,117.076
3979.7,49.00,0.0,90.2,4.9,4,202.777,2.724,119.158
3979.7,48.16,0.0,90.3,5.6,4,204.176,2.740,120.508
3979.7,46.91,25.4,91.2,5.4,0,206.241,2.766,122.478
3979.7,46.06,0.0,91.3,5.0,3,207.596,2.783,123.755
3989.1,44.78,0.0,89.6,5.4,3,209.593,2.808,125.612
3989.1,43.94,0.0,86.9,4.7,3,210.902,2.824,126.812
3989.1,42.73,0.0,83.7,6.0,3,212.833,2.846,128.557
3989.1,41.93,0.0,80.8,8.9,3,214.099,2.860,129.682
3997.7,40.80,0.0,78.3,10.3,3,215.972,2.878,131.315
3997.7,40.07,0.0,72.5,11.9,3,217.203,2.889,132.366
3997.7,39.07,0.0,60.2,11.5,0,219.028,2.902,133.887
3997.7,38.25,0.0,53.2,8.2,2,220.836,2.912,135.343
4005.6,37.69,0.0,48.5,6.0,2,222.033,2.917,136.278
4005.6,36.94,0.0,44.1,5.4,2,223.819,2.922,137.631
4005.6,36.48,0.0,41.3,7.2,2,225.004,2.925,138.499
4005.6,35.83,0.0,39.2,11.7,2,226.775,2.928,139.754
4012.9,35.41,0.0,38.6,14.6,2,227.950,2.928,140.561
4012.9,34.80,0.0,37.0,16.3,2,229.707,2.927,141.725
4012.9,34.41,0.0,37.5,16.9,2,230.873,2.926,142.472
4012.9,33.80,0.0,36.9,17.7,2,232.616,2.922,143.545
4019.8,33.40,0.0,35.5,18.0,2,233.774,2.918,144.230
4019.8,32.83,0.0,34.6,17.7,2,235.504,2.911,145.210
4019.8,32.46,0.0,34.7,18.1,2,236.654,2.906,145.831
4019.8,31.91,0.0,27.0,19.2,2,238.372,2.897,146.715
4026.2,31.47,0.0,20.5,19.5,2,240.085,2.888,147.541
4026.2,31.21,0.0,18.2,20.4,2,241.227,2.881,148.060
4026.2,30.88,0.0,11.5,23.2,2,242.940,2.872,148.792
4026.2,30.70,0.0,9.5,25.3,2,244.084,2.865,149.249
4032.1,30.46,0.0,8.3,27.3,2,245.804,2.855,149.889
4032.1,30.30,0.0,6.2,28.8,2,246.953,2.849,150.286
4032.1,30.11,0.0,3.1,30.8,2,248.680,2.839,150.833
4032.1,29.99,0.0,3.4,31.0,2,249.835,2.833,151.167
4037.9,29.81,0.0,4.6,32.2,2,251.571,2.822,151.620
4037.9,29.69,0.1,0.8,33.3,2,252.731,2.815,151.890
4037.9,29.54,0.3,0.6,33.1,2,254.472,2.803,152.245
4037.9,29.44,0.0,1.7,33.1,2,255.634,2.794,152.447
4043.6,29.30,8.5,0.0,34.3,2,257.378,2.783,152.699
4043.6,29.26,14.4,0.0,35.1,2,258.541,2.776,152.832
4043.6,29.18,6.1,0.0,36.3,2,260.288,2.765,152.979
4050.2,29.05,4.7,0.0,38.1,2,262.033,2.754,153.065
4050.2,28.97,7.8,0.0,38.3,2,263.193,2.748,153.086
4050.2,28.86,4.2,0.0,38.5,2,264.928,2.740,153.065
4050.2,28.77,5.1,0.0,38.9,2,266.080,2.735,153.015
4056.6,28.66,6.5,0.0,39.1,2,267.798,2.729,152.885
4056.6,28.57,4.1,0.0,39.3,2,268.936,2.727,152.762
4056.6,28.44,5.8,0.0,41.2,2,270.630,2.725,152.525
4056.6,28.37,6.2,0.0,43.1,2,271.750,2.724,152.332
4063.3,28.23,3.2,0.0,45.2,2,273.414,2.724,151.990
4063.3,28.14,7.2,0.0,46.7,2,274.510,2.726,151.727
4063.3,28.03,7.8,0.0,46.3,2,276.134,2.730,151.280
4063.3,27.94,4.2,0.0,45.8,2,277.203,2.735,150.945
4071.2,27.86,17.4,0.0,47.2,2,278.782,2.744,150.392
4071.2,27.81,17.8,0.0,48.2,2,280.334,2.756,149.776
4071.2,27.79,27.3,0.0,48.6,2,281.353,2.765,149.332
4071.2,27.85,39.1,0.0,50.1,2,282.857,2.783,148.612
4077.9,27.93,43.7,0.0,48.1,2,283.845,2.797,148.096
4077.9,28.10,47.9,0.0,43.8,2,285.305,2.824,147.265
4077.9,28.23,51.1,0.0,42.1,2,286.265,2.843,146.676
4077.9,28.46,60.0,0.0,40.0,2,287.683,2.874,145.740
4085.4,28.62,55.6,0.0,38.4,2,288.615,2.894,145.082
4085.4,28.84,57.0,0.0,35.8,2,289.991,2.926,144.044
4085.4,29.01,56.2,0.0,33.8,2,290.892,2.949,143.319
4085.4,29.26,56.7,0.0,31.6,2,292.217,2.984,142.180
4091.3,29.41,51.5,0.0,30.8,2,293.082,3.010,141.388
4091.3,29.60,45.4,0.0,31.6,2,294.350,3.049,140.154
4091.3,29.72,43.8,0.0,32.4,2,295.175,3.075,139.302
4091.3,29.88,44.0,0.0,32.6,2,296.382,3.114,137.983
4097.1,30.06,46.8,0.0,33.3,2,297.551,3.152,136.618
4097.1,30.19,49.5,0.0,32.9,2,298.310,3.176,135.683
4097.1,30.42,54.3,0.0,30.8,2,299.418,3.209,134.242
4097.1,30.60,56.9,0.0,28.6,2,300.135,3.230,133.256
4102.8,30.84,49.2,0.0,24.8,2,301.181,3.259,131.738
4102.8,31.01,58.2,0.0,22.1,2,301.855,3.277,130.702
4102.8,31.25,49.7,0.0,18.1,2,302.834,3.301,129.112
4102.8,31.42,55.7,0.0,16.0,2,303.464,3.316,128.028
4108.8,31.69,58.8,0.0,14.7,2,304.374,3.335,126.369
4108.8,31.88,56.5,0.0,14.8,2,304.957,3.347,125.240
4108.8,32.17,59.7,0.0,15.7,2,305.798,3.362,123.513
4108.8,32.39,64.0,0.0,17.0,2,306.334,3.373,122.339
4115.0,32.75,63.8,0.0,19.8,2,307.106,3.387,120.544
4115.0,32.98,63.6,0.0,21.5,2,307.597,3.396,119.325
4115.0,33.34,69.8,0.0,22.9,2,308.301,3.408,117.466
4115.0,33.74,71.8,0.0,24.0,2,308.963,3.420,115.566
4121.6,33.98,64.7,0.0,23.3,2,309.381,3.427,114.278
4121.6,34.31,70.1,0.0,20.7,2,309.968,3.437,112.316
4121.6,34.55,57.1,0.0,18.2,2,310.332,3.445,110.988
4121.6,34.90,72.4,0.0,15.8,2,310.835,3.457,108.968
4128.5,35.15,58.5,0.0,14.9,2,311.142,3.465,107.601
4128.5,35.52,73.0,0.0,14.7,2,311.559,3.479,105.524
4128.5,35.76,61.9,0.0,14.5,2,311.807,3.489,104.120
4128.5,36.04,52.3,0.0,18.4,2,312.133,3.507,101.991
4135.6,36.13,30.9,0.0,20.2,2,312.318,3.520,100.560
4135.6,36.04,1.5,6.8,18.9,2,312.548,3.540,98.405
4135.6,35.88,0.0,17.7,16.6,2,312.670,3.555,96.972
4135.6,35.44,0.0,39.3,11.6,2,312.811,3.578,94.835
4142.7,35.00,0.0,50.5,8.1,2,312.880,3.595,93.426
4142.7,34.24,0.0,60.3,4.2,2,312.953,3.623,91.349
4142.7,33.33,0.0,69.0,2.2,2,312.998,3.653,89.320
4142.7,32.67,0.0,72.5,0.5,2,313.016,3.674,87.999
4149.3,31.63,0.0,74.4,-3.1,2,313.033,3.707,86.068
4149.3,30.94,0.0,73.0,-5.7,2,313.041,3.729,84.815
4149.3,29.90,0.0,74.3,-9.3,2,313.055,3.762,82.988
4149.3,29.22,0.0,70.5,-11.7,2,313.069,3.785,81.805
4155.2,28.25,0.0,55.5,-15.0,2,313.101,3.816,80.081
4155.2,27.73,0.0,45.2,-17.0,2,313.133,3.837,78.961
4155.2,27.09,0.0,32.8,-19.7,2,313.203,3.866,77.318
4155.2,26.74,0.0,28.7,-21.5,2,313.267,3.884,76.242
4160.5,26.30,33.8,23.5,-24.0,0,313.390,3.909,74.656
4160.5,26.06,0.0,21.0,-25.4,1,313.491,3.925,73.613
4160.5,25.67,0.0,16.2,-27.3,1,313.675,3.946,72.072
4165.6,25.32,0.0,15.6,-29.1,1,313.899,3.965,70.558
4165.6,25.10,0.0,13.9,-30.3,1,314.070,3.977,69.564
4165.6,24.79,0.0,11.5,-32.2,1,314.360,3.993,68.096
4165.6,24.60,0.0,10.0,-32.9,1,314.576,4.003,67.132
4170.5,24.32,0.0,11.8,-33.0,1,314.935,4.017,65.708
4170.5,24.13,0.0,11.2,-33.9,1,315.196,4.025,64.775
4170.5,23.85,0.0,10.2,-36.5,1,315.621,4.036,63.399
4170.5,23.59,0.0,10.3,-38.6,1,316.086,4.045,62.054
4175.2,23.41,0.0,9.1,-39.4,1,316.419,4.050,61.175
4175.2,23.16,0.0,6.7,-40.7,1,316.953,4.057,59.883
4175.2,23.02,0.0,5.0,-41.7,1,317.331,4.060,59.040
4175.2,22.82,0.0,2.9,-43.0,1,317.934,4.064,57.804
4179.7,22.63,0.0,4.4,-44.7,1,318.577,4.066,56.601
4179.7,22.50,0.0,3.6,-45.8,1,319.028,4.066,55.819
4179.7,22.32,0.0,2.3,-46.3,1,319.737,4.065,54.676
4179.7,22.21,0.0,1.6,-46.3,1,320.232,4.063,53.936
4184.1,22.05,0.0,4.1,-46.1,1,321.005,4.059,52.856
4184.1,21.92,0.0,4.1,-46.8,1,321.540,4.056,52.158
4184.1,21.73,0.0,4.6,-46.7,1,322.372,4.049,51.146
4184.1,21.60,0.0,5.2,-46.2,1,322.944,4.044,50.495
4188.2,21.41,0.0,5.3,-45.7,1,323.828,4.036,49.555
4188.2,21.27,0.0,7.2,-45.9,1,324.434,4.030,48.953
4188.2,21.05,0.0,6.2,-47.2,1,325.365,4.021,48.089
4188.2,20.85,0.0,4.8,-49.6,1,326.319,4.011,47.270
4192.1,20.73,0.0,3.9,-51.3,1,326.968,4.003,46.750
4192.1,20.56,0.0,4.6,-52.8,1,327.961,3.991,46.009
4192.1,20.44,0.0,0.8,-57.8,1,328.635,3.982,45.542
4192.1,20.38,22.0,0.0,-61.6,1,329.666,3.969,44.883
4196.2,20.45,34.2,0.0,-62.3,1,330.370,3.960,44.470
4196.2,20.67,45.6,0.0,-62.3,1,331.454,3.945,43.884
4196.2,20.84,42.0,0.0,-58.5,1,332.199,3.935,43.517
4196.2,21.06,31.4,0.0,-52.5,1,333.345,3.920,43.002
4200.6,21.17,26.5,0.0,-51.4,1,334.127,3.911,42.686
4200.6,21.38,44.7,0.0,-50.1,1,335.327,3.896,42.251
4200.6,21.55,47.6,0.0,-50.5,1,336.143,3.886,41.989
4200.6,21.85,38.1,0.0,-44.0,1,337.396,3.872,41.636
4205.4,22.03,43.6,0.0,-41.0,1,338.248,3.863,41.428
4205.4,22.34,47.1,0.0,-39.1,1,339.549,3.850,41.155
4205.4,22.66,47.0,0.0,-42.2,1,340.880,3.838,40.929
4205.4,22.85,43.5,0.0,-44.0,1,341.781,3.830,40.804
4210.7,23.12,43.4,0.0,-51.3,1,343.152,3.818,40.658
4210.7,23.29,45.5,0.0,-58.9,1,344.077,3.811,40.589
4210.7,23.58,45.3,0.0,-68.2,1,345.481,3.800,40.529
4210.7,23.74,42.7,0.0,-74.6,1,346.428,3.793,40.519
4216.3,23.93,35.1,0.0,-85.6,1,347.858,3.783,40.553
4216.3,23.96,23.4,0.0,-91.1,1,348.814,3.777,40.608
4216.3,23.94,16.2,0.0,-96.2,1,350.245,3.770,40.742
4216.3,23.90,18.3,0.0,-98.8,1,351.193,3.767,40.867
4222.2,23.83,14.1,0.0,-100.0,1,352.604,3.764,41.105
4222.2,23.78,17.2,0.0,-100.0,1,353.536,3.762,41.297
4222.2,23.71,18.1,0.0,-100.0,1,354.919,3.759,41.636
4222.2,23.67,13.0,0.0,-100.0,1,355.831,3.758,41.894
4228.0,23.54,12.6,0.0,-99.1,1,357.179,3.756,42.329
4228.0,23.42,12.7,0.0,-99.2,1,358.500,3.756,42.819
4228.0,23.35,13.1,0.0,-100.0,1,359.365,3.756,43.176
4233.6,23.24,13.2,0.0,-99.6,1,360.637,3.758,43.755
4233.6,23.17,13.4,0.0,-95.0,1,361.468,3.760,44.170
4233.6,23.08,15.3,0.0,-86.9,1,362.685,3.765,44.835
4233.6,23.04,18.8,0.0,-78.2,1,363.477,3.769,45.307
4238.7,23.10,36.4,0.0,-62.9,1,364.639,3.776,46.058
4238.7,23.30,62.4,0.0,-51.4,1,365.400,3.781,46.587
4238.7,23.65,46.0,0.0,-32.6,1,366.529,3.790,47.429
4238.7,23.89,47.2,0.0,-21.6,1,367.273,3.796,48.020
4243.6,24.36,69.5,0.0,-11.7,1,368.383,3.805,48.945
4243.6,24.74,70.3,0.0,-10.0,1,369.125,3.811,49.587
4243.6,25.33,69.9,0.0,-11.8,1,370.242,3.820,50.589
4243.6,25.71,69.6,0.0,-14.4,1,370.991,3.826,51.282
4248.6,26.29,70.7,0.0,-18.9,1,372.117,3.835,52.360
4248.6,26.86,72.9,0.0,-21.1,1,373.246,3.843,53.483
4248.6,27.25,72.8,0.0,-20.3,1,374.001,3.849,54.258
4248.6,27.84,73.2,0.0,-18.3,1,375.132,3.857,55.461
4253.9,28.23,74.4,0.0,-16.7,1,375.885,3.862,56.291
4253.9,28.83,76.0,0.0,-17.1,1,377.012,3.869,57.578
4253.9,29.23,74.5,0.0,-17.5,1,377.760,3.874,58.465
4253.9,29.78,70.1,0.0,-18.1,1,378.874,3.882,59.840
4259.4,30.13,72.6,0.0,-18.6,1,379.610,3.887,60.784
4259.4,30.66,73.3,0.0,-19.2,1,380.699,3.893,62.246
4259.4,31.02,75.1,0.0,-19.9,1,381.416,3.897,63.249
4259.4,31.56,75.7,0.0,-19.4,1,382.475,3.902,64.798
4265.4,31.90,72.8,0.0,-17.8,1,383.168,3.905,65.860
4265.4,32.41,80.0,0.0,-16.9,0,384.187,3.909,67.497
4265.4,32.42,0.0,0.0,-15.3,0,384.846,3.912,68.614
4265.4,32.79,84.1,0.0,-13.5,2,385.798,3.915,70.319
4271.7,33.33,84.4,0.0,-12.5,2,386.721,3.919,72.073
4271.7,33.68,84.6,0.0,-12.4,2,387.323,3.922,73.270
4271.7,34.22,84.7,0.0,-12.4,2,388.206,3.925,75.105
4271.7,34.59,84.9,0.0,-12.5,2,388.782,3.927,76.354
4278.4,35.13,85.1,0.0,-12.6,2,389.629,3.928,78.265
4278.4,35.49,85.2,0.0,-12.8,2,390.181,3.928,79.564
4278.4,36.03,84.6,0.0,-12.9,2,390.994,3.927,81.548
4278.4,36.33,84.3,0.0,-12.5,2,391.523,3.925,82.894
4285.4,36.79,78.3,0.0,-11.9,2,392.301,3.919,84.946
4300.5,40.16,86.5,0.0,-6.0,2,396.832,3.890,99.616
4300.5,40.66,86.8,0.0,-5.8,2,397.434,3.886,101.963
4300.5,40.99,86.9,0.0,-5.3,2,397.826,3.882,103.547
4300.5,41.51,87.0,0.0,-4.9,2,398.399,3.877,105.954
4308.5,41.85,87.0,0.0,-5.2,2,398.771,3.876,107.579
4308.5,42.34,87.1,0.0,-5.9,2,399.315,3.873,110.044
4308.5,42.83,87.2,0.0,-6.2,2,399.845,3.869,112.543
4308.5,43.15,87.2,0.0,-6.5,2,400.189,3.867,114.228
4316.9,43.63,87.3,0.0,-6.8,2,400.690,3.862,116.782
4316.9,43.94,87.4,0.0,-7.1,2,401.013,3.859,118.502
4316.9,44.09,0.0,0.0,-7.4,0,401.478,3.855,121.105
4316.9,44.27,85.5,0.0,-7.4,3,401.772,3.853,122.846
4325.5,44.70,85.6,0.0,-7.9,3,402.192,3.849,125.480
4325.5,44.98,85.7,0.0,-8.1,3,402.458,3.846,127.254
4325.5,45.40,85.8,0.0,-8.2,3,402.834,3.841,129.938
4325.5,45.68,85.9,0.0,-8.3,3,403.068,3.837,131.744
4334.4,46.10,86.0,0.0,-8.6,3,403.393,3.831,134.477
4334.4,46.38,86.1,0.0,-8.6,3,403.592,3.827,136.316
4334.4,46.79,86.2,0.0,-8.7,3,403.862,3.821,139.097
4334.4,47.06,86.2,0.0,-8.7,3,404.023,3.817,140.966
4343.6,47.47,86.3,0.0,-9.2,3,404.234,3.811,143.794
4343.6,47.87,86.4,0.0,-9.3,3,404.408,3.803,146.648
4343.6,48.13,86.5,0.0,-9.0,3,404.503,3.799,148.565
4353.0,48.53,86.5,0.0,-9.8,3,404.610,3.793,151.462
4353.0,48.79,86.6,0.0,-10.6,3,404.658,3.789,153.408
4353.0,49.18,86.7,0.0,-11.2,3,404.694,3.783,156.346
4353.0,49.43,86.8,0.0,-11.7,3,404.692,3.778,158.317
4362.7,49.81,86.8,0.0,-12.1,3,404.648,3.772,161.293
4362.7,50.05,86.9,0.0,-11.3,3,404.590,3.768,163.289
4362.7,50.42,87.0,0.0,-9.6,3,404.461,3.761,166.299
4362.7,50.66,87.0,0.0,-9.1,3,404.346,3.756,168.317
4372.7,51.03,87.1,0.0,-9.5,3,404.130,3.749,171.360
4372.7,51.28,87.1,0.0,-10.7,3,403.957,3.744,173.399
4372.7,51.63,87.2,0.0,-12.0,3,403.657,3.737,176.470
4372.7,51.98,87.3,0.0,-14.1,3,403.305,3.729,179.558
4382.9,52.21,87.3,0.0,-16.8,3,403.039,3.724,181.624
4382.9,52.53,87.4,0.0,-19.2,3,402.589,3.716,184.733
4382.9,52.63,0.0,0.0,-19.7,0,402.252,3.710,186.810
4382.9,52.67,85.8,0.0,-18.5,4,401.688,3.702,189.915
4393.5,52.86,85.8,0.0,-17.0,4,401.270,3.698,191.983
4393.5,53.13,86.0,0.0,-16.6,4,400.578,3.692,195.086
4393.5,53.31,86.0,0.0,-16.0,4,400.073,3.688,197.154
4393.5,53.58,86.0,0.0,-14.9,4,399.248,3.684,200.252
4404.8,53.76,86.1,0.0,-15.3,4,398.652,3.682,202.314
4404.8,54.02,86.1,0.0,-17.3,4,397.689,3.681,205.400
4404.8,54.21,86.1,0.0,-19.3,4,397.004,3.680,207.453
4404.8,54.47,86.2,0.0,-22.8,4,395.911,3.677,210.524
4416.3,54.64,86.2,0.0,-22.8,4,395.137,3.677,212.564
4416.3,54.88,86.4,0.0,-21.4,4,393.908,3.682,215.611
4416.3,55.15,86.3,0.0,-19.1,4,392.598,3.691,218.639
4416.3,55.30,86.4,0.0,-18.3,4,391.682,3.696,220.649
4428.0,55.55,86.4,0.0,-17.2,4,390.242,3.703,223.646
4428.0,55.71,86.4,0.0,-16.9,4,389.236,3.708,225.631
4428.0,55.96,86.5,0.0,-17.0,4,387.661,3.717,228.587
4428.0,56.12,86.6,0.0,-17.2,4,386.568,3.721,230.543
4439.6,56.38,86.5,0.0,-16.9,4,384.868,3.723,233.458
4439.6,56.54,86.6,0.0,-16.5,4,383.694,3.723,235.387
4439.6,56.79,86.6,0.0,-14.6,4,381.869,3.723,238.255
4439.6,56.96,86.6,0.0,-13.3,4,380.611,3.723,240.150
4450.7,57.22,86.7,0.0,-12.1,4,378.662,3.726,242.966
4450.7,57.39,86.7,0.0,-11.5,4,377.323,3.729,244.826
4450.7,57.66,86.7,0.0,-10.7,4,375.258,3.737,247.591
4450.7,57.84,86.7,0.0,-10.1,4,373.848,3.742,249.419
4462.1,58.11,86.8,0.0,-9.0,4,371.683,3.750,252.142
4462.1,58.40,86.8,0.0,-8.1,4,369.464,3.759,254.842
4462.1,58.58,86.8,0.0,-7.9,4,367.955,3.765,256.630
4462.1,58.86,86.9,0.0,-8.4,4,365.653,3.775,259.296
4473.7,59.04,86.9,0.0,-8.1,4,364.092,3.780,261.063
4473.7,59.32,86.9,0.0,-7.7,4,361.713,3.788,263.698
4473.7,59.50,87.0,0.0,-7.5,4,360.100,3.792,265.443
4473.7,59.77,87.1,0.0,-7.7,4,357.644,3.798,268.044
4485.5,59.95,87.1,0.0,-7.9,4,355.982,3.800,269.767
4485.5,60.21,87.1,0.0,-8.1,4,353.452,3.802,272.334
4485.5,60.39,87.1,0.0,-8.0,4,351.740,3.803,274.032
4485.5,60.64,87.2,0.0,-8.7,4,349.133,3.805,276.560
4497.5,60.81,87.2,0.0,-8.0,4,347.371,3.807,278.232
4497.5,61.05,87.3,0.0,-7.5,4,344.692,3.809,280.719
4497.5,61.24,87.3,0.0,-5.6,4,342.881,3.813,282.362
4497.5,61.49,87.3,0.0,-3.8,4,340.130,3.817,284.808
4509.7,61.69,0.0,0.0,-2.3,0,337.340,3.820,287.234
4509.7,61.63,85.9,0.0,-1.3,5,335.466,3.819,288.837
4509.7,61.90,86.0,0.0,-0.3,5,332.633,3.818,291.225
4509.7,62.07,86.0,0.0,-0.1,5,330.728,3.817,292.812
4522.1,62.31,86.1,0.0,-0.2,5,327.854,3.816,295.191
4522.1,62.48,86.1,0.0,-0.0,5,325.928,3.815,296.777
4522.1,62.72,86.2,0.0,0.2,5,323.026,3.815,299.160
4522.1,62.88,86.2,0.0,0.3,5,321.084,3.814,300.753
4534.5,63.12,86.2,0.0,0.5,5,318.162,3.812,303.150
4534.5,63.28,86.2,0.0,0.7,5,316.209,3.812,304.755
4534.5,63.51,86.3,0.0,0.9,5,313.272,3.815,307.171
4534.5,63.67,86.3,0.0,1.0,5,311.310,3.820,308.790
4547.2,63.91,86.3,0.0,1.0,5,308.361,3.825,311.228
4547.2,64.06,86.4,0.0,1.0,5,306.391,3.828,312.862
4547.2,64.29,86.4,0.0,1.1,5,303.431,3.835,315.324
4560.0,64.53,86.5,0.0,1.1,5,300.465,3.843,317.802
4560.0,64.68,86.5,0.0,1.3,5,298.486,3.848,319.462
4560.0,64.91,86.5,0.0,1.3,5,295.512,3.853,321.965
4560.0,65.06,86.6,0.0,1.0,5,293.526,3.855,323.642
4573.0,65.29,86.6,0.0,0.9,5,290.545,3.854,326.172
4573.0,65.44,86.6,0.0,0.9,5,288.554,3.850,327.867
4573.0,65.66,86.6,0.0,0.9,5,285.565,3.844,330.422
4573.0,65.81,86.7,0.0,1.0,5,283.570,3.840,332.134
4586.1,66.02,86.7,0.0,0.9,5,280.573,3.830,334.715
4586.1,66.24,86.7,0.0,0.6,5,277.572,3.824,337.309
4586.1,66.38,86.8,0.0,0.8,5,275.569,3.824,339.047
4586.1,66.60,86.8,0.0,0.6,5,272.558,3.824,341.664
4599.4,66.74,86.8,0.0,0.5,5,270.548,3.826,343.416
4599.4,66.95,86.9,0.0,0.3,5,267.527,3.828,346.053
4599.4,67.10,86.9,0.0,0.2,5,265.509,3.831,347.819
4599.4,67.30,86.9,0.0,0.1,5,262.477,3.840,350.475
4612.8,67.44,86.9,0.0,0.1,5,260.451,3.847,352.252
4612.8,67.64,87.0,0.0,0.1,5,257.405,3.860,354.925
4612.8,67.78,87.0,0.0,0.1,5,255.371,3.869,356.712
4612.8,67.99,87.0,0.0,0.1,5,252.311,3.882,359.400
4626.4,68.11,87.1,0.0,-0.0,5,250.267,3.891,361.197
4626.4,68.31,87.1,0.0,-0.0,5,247.194,3.907,363.900
4626.4,68.45,87.1,0.0,0.1,5,245.140,3.916,365.706
4626.4,68.65,87.1,0.0,0.2,5,242.053,3.927,368.423
4640.1,68.78,87.1,0.0,0.2,5,239.989,3.933,370.239
4640.1,68.97,87.2,0.0,0.1,5,236.888,3.942,372.969
4640.1,69.17,87.2,0.0,0.1,5,233.778,3.946,375.708
4640.1,69.30,87.2,0.0,0.1,5,231.700,3.947,377.538
4653.9,69.48,87.2,0.0,0.1,5,228.576,3.946,380.290
4653.9,69.61,87.3,0.0,0.1,5,226.489,3.944,382.129
4653.9,69.80,87.3,0.0,0.0,5,223.353,3.940,384.895
4653.9,69.92,87.3,0.0,0.0,5,221.257,3.937,386.743
4667.8,70.10,87.3,0.0,0.1,5,218.107,3.932,389.521
4667.8,70.23,87.3,0.0,0.1,5,216.002,3.929,391.378
4667.8,70.41,87.4,0.0,0.1,5,212.839,3.922,394.169
4667.8,70.53,87.4,0.0,0.0,5,210.725,3.917,396.034
4681.9,70.70,87.4,0.0,0.0,5,207.549,3.909,398.837
4681.9,70.82,87.4,0.0,0.0,5,205.428,3.905,400.711
4681.9,70.79,0.0,0.0,0.0,0,202.242,3.899,403.524
4681.9,70.90,86.4,0.0,0.1,6,199.058,3.894,406.338
4696.1,71.01,86.4,0.0,0.1,6,196.931,3.891,408.217
4696.1,71.18,86.4,0.0,0.1,6,193.735,3.887,411.042
4696.1,71.30,86.4,0.0,0.1,6,191.600,3.883,412.929
4696.1,71.46,86.4,0.0,0.1,6,188.392,3.877,415.766
4710.3,71.57,86.5,0.0,0.1,6,186.249,3.874,417.661
4710.3,71.73,86.5,0.0,0.2,6,183.030,3.870,420.510
4710.3,71.84,86.5,0.0,0.3,6,180.880,3.868,422.414
4710.3,72.01,86.5,0.0,0.2,6,177.650,3.865,425.275
4724.6,72.12,86.5,0.0,0.2,6,175.493,3.862,427.187
4724.6,72.28,86.6,0.0,0.2,6,172.253,3.855,430.062
4724.6,72.39,86.6,0.0,0.2,6,170.089,3.851,431.983
4724.6,72.54,86.6,0.0,0.3,6,166.839,3.846,434.870
4739.1,72.65,86.6,0.0,0.3,6,164.670,3.844,436.800
4739.1,72.81,86.6,0.0,0.2,6,161.410,3.842,439.701
4739.1,72.96,86.7,0.0,0.2,6,158.145,3.841,442.610
4739.1,73.07,86.7,0.0,0.3,6,155.966,3.842,444.553
4753.7,73.22,86.7,0.0,0.3,6,152.692,3.845,447.475
4753.7,73.31,86.7,0.0,0.2,6,150.506,3.848,449.426
4753.7,73.47,86.7,0.0,0.2,6,147.223,3.852,452.361
4753.7,73.57,86.8,0.0,0.1,6,145.031,3.853,454.321
4768.4,73.72,86.8,0.0,0.1,6,141.739,3.856,457.268
4768.4,73.82,86.8,0.0,0.1,6,139.542,3.858,459.237
4768.4,73.96,86.8,0.0,0.0,6,136.240,3.862,462.196
4768.4,74.07,86.8,0.0,0.1,6,134.036,3.863,464.172
4783.1,74.21,86.9,0.0,0.1,6,130.725,3.865,467.143
4783.1,74.31,86.9,0.0,0.1,6,128.515,3.867,469.126
4783.1,74.45,86.9,0.0,0.1,6,125.194,3.869,472.107
4783.1,74.54,86.9,0.0,0.1,6,122.977,3.871,474.098
4813.0,75.11,87.0,0.0,0.0,6,109.618,3.870,486.097
4828.0,75.61,87.0,0.0,0.1,6,97.283,3.843,497.175
4828.0,75.74,87.1,0.0,0.1,6,93.905,3.832,500.208
4828.0,75.88,87.1,0.0,0.0,6,90.520,3.818,503.247
4843.2,75.97,87.1,0.0,-0.0,6,88.260,3.807,505.275
4843.2,76.10,87.1,0.0,-0.1,6,84.866,3.789,508.323
4843.2,76.19,87.1,0.0,-0.1,6,82.600,3.775,510.357
4843.2,76.32,87.2,0.0,-0.1,6,79.196,3.755,513.413
4858.4,76.40,87.2,0.0,-0.0,6,76.923,3.741,515.454
4858.4,76.53,87.2,0.0,-0.0,6,73.508,3.720,518.518
4858.4,76.62,87.2,0.0,-0.1,6,71.229,3.705,520.563
4858.4,76.75,87.2,0.0,-0.2,6,67.804,3.682,523.635
4873.7,76.83,87.2,0.0,-0.2,6,65.517,3.666,525.686
4873.7,76.95,87.2,0.0,-0.8,6,62.082,3.640,528.764
4873.7,77.03,87.2,0.0,-0.7,6,59.786,3.622,530.817
4873.7,77.16,87.3,0.0,-0.9,6,56.336,3.592,533.898
4889.1,77.24,87.3,0.0,-0.3,6,54.030,3.570,535.951
4889.1,77.36,87.3,0.0,0.4,6,50.563,3.535,539.031
4889.1,77.49,87.3,0.0,0.6,6,47.088,3.499,542.114
4889.1,77.56,87.3,0.0,0.5,6,44.769,3.473,544.172
4904.6,77.69,87.3,0.0,0.4,6,41.287,3.431,547.264
4904.6,77.77,87.3,0.0,0.4,6,38.964,3.401,549.330
4904.6,77.89,87.3,0.0,0.3,6,35.477,3.351,552.436
4904.6,77.97,87.3,0.0,0.3,6,33.151,3.313,554.510
4920.2,78.07,87.4,0.0,0.3,6,29.661,3.258,557.629
4920.2,78.15,87.4,0.0,0.3,6,27.333,3.219,559.712
4920.2,78.26,87.4,0.0,0.2,6,23.839,3.161,562.842
4920.2,78.34,87.4,0.0,0.3,6,21.507,3.121,564.933
4935.8,78.44,87.4,0.0,0.2,6,18.007,3.060,568.075
4935.8,78.52,87.4,0.0,0.0,0,15.672,3.020,570.172
4935.8,78.39,86.6,0.0,-0.3,7,12.172,2.959,573.318
4935.8,78.46,86.6,0.0,-0.7,7,9.839,2.920,575.415
4951.5,78.58,86.6,0.0,-0.2,7,6.334,2.863,578.563
4951.5,78.69,86.7,0.0,-0.2,7,2.822,2.808,581.713
4951.5,78.76,80.8,4.8,-0.7,7,0.478,2.770,583.815
4951.5,78.36,0.0,55.6,-1.2,7,-3.038,2.707,586.962
4982.4,69.66,0.0,91.2,-1.9,6,-25.249,2.352,606.654
4996.7,68.31,0.0,91.0,-1.6,6,-28.367,2.300,609.380
4996.7,67.41,0.0,90.7,-1.6,6,-30.417,2.267,611.161
4996.7,66.07,0.0,90.9,-1.8,6,-33.449,2.219,613.779
4996.7,65.19,20.5,91.1,-2.1,0,-35.443,2.189,615.489
5010.1,63.87,0.0,92.3,-2.3,5,-38.393,2.146,618.001
5010.1,62.53,0.0,91.8,-2.6,5,-41.291,2.101,620.450
5010.1,61.64,0.0,90.7,-2.7,5,-43.196,2.072,622.046
5022.6,60.32,0.0,91.0,-3.0,5,-46.010,2.029,624.387
5022.6,59.45,0.0,91.1,-3.7,5,-47.860,2.001,625.911
5022.6,58.14,0.0,90.9,-4.6,5,-50.595,1.958,628.143
5022.6,57.27,0.0,91.0,-5.4,0,-52.392,1.930,629.593
5034.2,55.99,0.0,92.0,-6.0,4,-55.053,1.890,631.710
5034.2,55.11,0.0,91.8,-6.3,4,-56.803,1.864,633.081
5034.2,53.81,0.0,90.9,-6.8,4,-59.393,1.825,635.076
5034.2,52.95,0.0,89.3,-7.3,4,-61.098,1.800,636.365
5045.0,51.67,0.0,83.4,-7.6,4,-63.622,1.762,638.235
5045.0,50.88,0.0,72.1,-7.7,4,-65.284,1.737,639.439
5045.0,49.85,0.0,60.1,-7.2,4,-67.755,1.700,641.180
5045.0,48.95,0.0,52.7,-6.7,4,-70.207,1.665,642.847
5054.8,48.41,0.0,51.7,-6.9,4,-71.834,1.641,643.917
5054.8,47.59,0.0,52.9,-7.6,4,-74.265,1.607,645.463
5054.8,47.05,24.5,54.2,-8.6,0,-75.879,1.584,646.454
5054.8,46.25,0.0,49.4,-9.6,3,-78.289,1.552,647.882
5064.1,45.73,0.0,44.3,-9.8,3,-79.887,1.530,648.796
5064.1,45.04,0.0,33.5,-9.5,3,-82.273,1.498,650.109
5064.1,44.67,0.0,26.4,-10.4,3,-83.860,1.477,650.947
5064.1,44.18,0.0,22.6,-12.6,3,-86.238,1.445,652.152
5072.9,43.90,0.0,18.9,-14.0,3,-87.823,1.423,652.921
5072.9,43.49,0.0,32.6,-15.3,3,-90.202,1.391,654.024
5072.9,43.11,0.0,42.8,-15.9,3,-91.787,1.369,654.725
5072.9,42.41,0.0,44.0,-15.7,3,-94.152,1.337,655.724
5081.4,41.96,0.0,35.4,-14.8,3,-95.719,1.316,656.352
5081.4,41.41,0.0,19.7,-13.9,3,-98.057,1.286,657.238
5081.4,41.03,0.0,11.7,-14.6,3,-100.391,1.257,658.058
5081.4,40.84,0.0,7.9,-15.8,3,-101.947,1.237,658.569
5089.8,40.60,0.0,5.2,-18.4,3,-104.283,1.206,659.283
5089.8,40.46,0.0,3.5,-19.5,3,-105.843,1.187,659.724
5089.8,40.27,0.0,2.9,-21.0,3,-108.187,1.158,660.334
5089.8,40.14,0.0,2.7,-21.9,3,-109.752,1.138,660.706
5098.0,39.96,0.0,3.0,-22.2,3,-112.101,1.109,661.213
5098.0,39.84,0.0,3.3,-21.8,3,-113.668,1.090,661.514
5098.0,39.65,0.0,3.0,-21.5,3,-116.019,1.062,661.913
5098.0,39.52,0.0,3.4,-21.6,3,-117.586,1.044,662.142
5106.3,39.33,0.0,3.1,-21.2,3,-119.934,1.017,662.431
5106.3,39.20,0.0,2.9,-20.7,3,-121.497,1.000,662.587
5106.3,39.01,0.0,3.4,-20.4,3,-123.837,0.976,662.765
5106.3,38.88,0.0,3.2,-20.7,3,-125.392,0.961,662.846
5114.5,38.69,0.0,3.2,-21.8,3,-127.719,0.940,662.914
5114.5,38.51,0.0,2.8,-22.8,3,-130.035,0.919,662.919
5114.5,38.39,0.0,3.2,-23.3,3,-131.573,0.906,662.888
5114.5,38.20,0.0,2.9,-23.4,3,-133.868,0.885,662.788
5122.4,38.07,0.0,2.5,-23.2,3,-135.390,0.872,662.686
5122.4,37.89,0.0,2.3,-23.7,3,-137.660,0.853,662.479
5122.4,37.77,0.0,1.1,-24.1,3,-139.164,0.840,662.306
5122.4,37.60,0.0,1.0,-24.3,3,-141.403,0.822,661.995
5130.5,37.50,0.0,1.0,-24.4,3,-142.886,0.810,661.752
5130.5,37.33,0.0,0.1,-24.7,3,-145.092,0.792,661.336
5130.5,37.22,0.0,0.8,-24.9,3,-146.550,0.781,661.023
5130.5,37.05,0.0,0.2,-25.9,3,-148.716,0.764,660.503
5138.2,36.96,26.9,1.1,-26.5,0,-150.147,0.754,660.122
5138.2,36.81,0.0,1.3,-26.9,2,-152.272,0.738,659.500
5138.2,36.68,0.0,0.3,-27.1,2,-153.672,0.727,659.052
5138.2,36.49,0.5,0.0,-27.6,2,-155.745,0.712,658.330
5146.2,36.30,0.1,0.1,-28.0,2,-157.784,0.696,657.548
5146.2,36.18,2.2,3.2,-28.2,2,-159.124,0.687,656.995
5146.2,35.97,0.3,0.3,-27.9,2,-161.102,0.674,656.115
5146.2,35.86,5.2,0.0,-27.4,2,-162.398,0.666,655.496
5153.9,35.71,8.7,0.0,-26.4,2,-164.309,0.659,654.517
5153.9,35.63,14.4,0.0,-26.0,2,-166.181,0.654,653.481
5153.9,35.56,7.4,0.0,-26.2,2,-167.408,0.653,652.757
5162.0,35.45,8.8,0.0,-28.0,2,-169.214,0.652,651.628
5162.0,35.36,7.5,0.0,-31.5,2,-170.396,0.649,650.848
5162.0,35.24,12.7,0.0,-37.7,2,-172.136,0.644,649.640
5162.0,35.23,22.8,0.0,-41.6,2,-173.275,0.638,648.809
5170.0,35.24,31.0,0.0,-44.0,2,-174.943,0.638,647.514
5170.0,35.27,37.7,0.0,-43.9,2,-176.033,0.640,646.620
5170.0,35.38,43.5,0.0,-44.1,2,-177.635,0.644,645.232
5170.0,35.51,47.2,0.0,-43.5,2,-178.682,0.647,644.277
5177.5,35.64,34.2,0.0,-42.2,2,-180.221,0.649,642.799
5177.5,35.69,39.5,0.0,-43.2,2,-181.222,0.652,641.782
5177.5,35.80,41.5,0.0,-42.6,2,-182.682,0.657,640.212
5177.5,35.86,38.2,0.0,-41.0,2,-183.628,0.661,639.135
5185.3,35.93,40.0,0.0,-38.0,2,-185.001,0.669,637.477
5185.3,36.07,52.7,0.0,-37.4,2,-186.321,0.679,635.768
5185.3,36.25,62.3,0.0,-37.5,2,-187.173,0.686,634.600
5185.3,36.51,49.1,0.0,-39.0,2,-188.414,0.696,632.805
5192.6,36.55,27.8,0.0,-40.0,2,-189.213,0.703,631.581
5192.6,36.46,9.1,0.0,-40.8,2,-190.360,0.714,629.715
5192.6,36.39,21.7,0.0,-41.4,2,-191.089,0.723,628.453
5192.6,36.43,39.7,0.0,-40.8,2,-192.132,0.735,626.534
5199.7,36.54,50.3,0.0,-40.3,2,-192.797,0.743,625.236
5199.7,36.75,55.8,0.0,-38.1,2,-193.751,0.752,623.256
5199.7,36.89,51.3,0.0,-34.8,2,-194.358,0.757,621.915
5199.7,37.04,43.7,0.0,-28.8,2,-195.223,0.762,619.873
5206.7,37.16,49.6,0.0,-24.7,2,-195.767,0.765,618.493
5206.7,37.33,47.9,0.0,-20.2,2,-196.535,0.766,616.395
5206.7,37.50,49.7,0.0,-15.4,2,-197.243,0.766,614.265
5206.7,37.63,53.1,0.0,-13.9,2,-197.681,0.765,612.828
5213.9,37.82,50.5,0.0,-14.0,2,-198.283,0.766,610.647
5213.9,37.97,60.6,0.0,-13.0,2,-198.649,0.767,609.176
5213.9,38.27,66.5,0.0,-14.0,2,-199.147,0.768,606.945
5213.9,38.46,61.2,0.0,-14.8,2,-199.445,0.769,605.440
5221.4,38.74,65.2,0.0,-14.2,2,-199.842,0.771,603.159
5221.4,39.00,83.9,0.0,-15.8,2,-200.072,0.773,601.622
5221.4,39.45,82.0,0.0,-13.5,2,-200.371,0.778,599.288
5221.4,39.74,78.9,0.0,-10.7,2,-200.540,0.783,597.714
5229.2,40.18,84.7,0.0,-6.3,2,-200.748,0.790,595.326
5229.2,40.52,86.7,0.0,-3.5,2,-200.859,0.796,593.717
5229.2,41.01,86.8,0.0,-0.6,2,-200.987,0.807,591.276
5229.2,41.40,42.0,10.9,1.5,2,-201.077,0.821,588.803
5237.4,41.25,2.3,31.2,2.2,2,-201.123,0.833,587.150
5237.4,40.67,0.0,51.1,4.4,2,-201.187,0.849,584.691
5237.4,40.15,0.0,63.5,6.1,2,-201.232,0.860,583.073
5237.4,39.19,0.0,68.3,8.2,2,-201.308,0.875,580.692
5245.5,38.52,0.0,61.3,9.8,2,-201.369,0.885,579.138
5245.5,37.65,0.0,51.8,12.1,2,-201.478,0.901,576.855
5245.5,37.13,0.0,45.2,13.3,2,-201.566,0.912,575.361
5245.5,36.47,0.0,32.5,14.6,2,-201.726,0.929,573.158
5253.1,36.11,0.0,26.9,15.5,2,-201.854,0.939,571.712
5253.1,35.66,0.0,18.5,17.5,2,-202.079,0.954,569.570
5253.1,35.41,0.0,13.4,19.0,2,-202.252,0.962,568.159
5253.1,35.12,0.0,9.7,21.4,2,-202.551,0.975,566.065
5260.4,34.93,0.0,9.5,21.8,2,-202.779,0.983,564.682
5260.4,34.67,0.0,9.9,20.7,2,-203.164,0.997,562.629
5260.4,34.39,0.0,10.4,18.9,2,-203.598,1.010,560.603
5260.4,34.21,0.0,9.7,19.0,2,-203.915,1.019,559.268
5267.6,33.95,0.0,19.7,19.5,2,-204.430,1.034,557.289
5267.6,33.67,0.0,35.3,19.8,2,-204.800,1.045,555.987
5267.6,33.05,0.0,38.5,20.6,2,-205.387,1.063,554.071
5267.6,32.65,0.0,53.7,20.8,2,-205.797,1.074,552.823
5275.1,31.90,0.0,43.3,19.9,2,-206.440,1.092,550.995
5275.1,31.45,0.0,34.8,19.2,2,-206.887,1.103,549.808
5275.1,30.90,0.0,26.1,18.6,2,-207.585,1.122,548.073
5275.1,30.59,0.0,19.6,18.5,2,-208.072,1.134,546.943
5282.0,30.24,0.0,11.9,20.4,2,-208.833,1.155,545.284
5282.0,30.05,0.0,14.9,23.2,2,-209.362,1.169,544.200
5282.0,29.72,0.0,15.5,25.5,2,-210.186,1.190,542.607
5282.0,29.51,0.0,15.9,26.3,2,-210.754,1.203,541.567
5288.7,29.18,0.0,13.2,28.9,2,-211.633,1.222,540.041
5288.7,28.90,0.0,8.9,29.4,2,-212.548,1.240,538.558
5288.7,28.73,0.0,7.5,30.2,2,-213.179,1.253,537.593
5295.9,28.51,0.0,3.8,31.9,2,-214.157,1.270,536.181
5295.9,28.39,0.0,0.9,32.9,2,-214.830,1.282,535.264
5295.9,28.24,0.2,0.2,35.0,2,-215.874,1.299,533.923
5295.9,28.14,0.3,0.0,36.5,2,-216.592,1.309,533.054
5302.1,27.99,1.8,0.0,38.8,2,-217.701,1.325,531.787
5302.1,27.90,3.8,0.0,40.2,2,-218.463,1.334,530.968
5302.1,27.77,4.0,0.0,40.8,2,-219.637,1.348,529.781
5302.1,27.69,6.3,0.0,42.0,2,-220.440,1.356,529.016
5308.1,27.59,11.9,0.0,43.8,2,-221.678,1.369,527.912
5308.1,27.54,14.3,0.0,45.9,2,-222.523,1.376,527.204
5308.1,27.49,18.6,0.0,47.8,2,-223.823,1.387,526.187
5308.1,27.48,25.5,0.0,49.9,2,-225.160,1.397,525.221
5314.0,27.50,29.0,0.0,51.4,2,-226.072,1.403,524.607
5314.0,27.54,29.3,0.0,54.1,2,-227.470,1.412,523.729
5314.0,27.56,29.7,0.0,56.3,2,-228.421,1.417,523.173
5314.0,27.60,29.1,0.0,60.1,2,-229.876,1.423,522.384
5320.0,27.61,28.3,0.0,62.4,2,-230.863,1.427,521.890
5320.0,27.62,28.0,0.0,65.6,2,-232.367,1.431,521.195
5320.0,27.63,27.2,0.0,67.9,2,-233.385,1.434,520.764
5320.0,27.62,24.8,0.0,70.9,2,-234.932,1.437,520.168
5325.8,27.61,22.4,0.0,72.9,2,-235.975,1.438,519.805
5325.8,27.55,20.0,0.0,76.0,2,-237.555,1.440,519.312
5325.8,27.51,19.3,0.0,77.6,2,-238.616,1.441,519.018
5325.8,27.44,18.0,0.0,79.5,2,-240.219,1.441,518.631
5331.6,27.36,16.8,0.0,81.0,2,-241.831,1.441,518.309
5331.6,27.29,16.6,0.0,81.3,2,-242.910,1.440,518.130
5331.6,27.21,16.6,0.0,80.9,2,-244.531,1.439,517.917
5331.6,27.15,16.4,0.0,80.6,2,-245.613,1.437,517.812
5337.3,27.06,16.4,0.0,79.9,2,-247.236,1.434,517.708
5337.3,27.00,16.8,0.0,78.9,2,-248.316,1.432,517.675
5337.3,26.92,17.7,0.0,76.9,2,-249.934,1.427,517.681
5337.3,26.87,18.1,0.0,75.6,2,-251.009,1.424,517.721
5348.5,26.77,30.6,0.0,64.5,2,-257.376,1.395,518.558
5348.5,26.83,37.1,0.0,60.8,2,-258.942,1.385,518.923
5348.5,26.92,42.4,0.0,58.0,2,-259.980,1.378,519.201
5348.5,27.09,53.9,0.0,53.1,2,-261.531,1.365,519.668
5354.4,27.26,57.9,0.0,48.3,2,-262.561,1.357,520.015
5354.4,27.46,46.1,0.0,40.0,2,-264.098,1.343,520.589
5354.4,27.67,50.0,0.0,32.8,2,-265.623,1.328,521.227
5354.4,27.83,51.9,0.0,25.4,2,-266.633,1.317,521.687
5360.2,28.09,55.2,0.0,27.9,2,-268.137,1.300,522.429
5360.2,28.26,53.9,0.0,28.6,2,-269.132,1.288,522.957
5360.2,28.54,53.9,0.0,22.4,2,-270.612,1.271,523.799
5360.2,28.72,53.3,0.0,24.9,2,-271.592,1.258,524.392
5366.2,28.97,51.9,0.0,32.6,2,-273.049,1.239,525.324
5366.2,29.14,53.1,0.0,31.9,2,-274.012,1.225,525.974
5366.2,29.42,55.2,0.0,28.7,2,-275.444,1.205,526.991
5366.2,29.61,55.4,0.0,28.7,2,-276.389,1.191,527.697
5372.4,29.91,59.2,0.0,27.2,2,-277.792,1.170,528.800
5372.4,30.13,62.1,0.0,26.8,2,-278.718,1.156,529.564
5372.4,30.47,60.9,0.0,32.8,2,-280.091,1.134,530.754
5372.4,30.68,60.7,0.0,36.2,2,-280.996,1.120,531.576
5378.9,30.99,61.5,0.0,35.7,2,-282.331,1.097,532.855
5378.9,31.31,60.0,0.0,36.1,2,-283.638,1.074,534.190
5378.9,31.51,60.1,0.0,36.1,2,-284.491,1.058,535.112
5378.9,31.81,60.2,0.0,36.9,2,-285.740,1.036,536.542
5386.2,31.99,54.8,0.0,36.9,2,-286.550,1.022,537.528
5386.2,32.22,50.9,0.0,36.3,2,-287.730,1.000,539.050
5386.2,32.38,56.4,0.0,35.9,2,-288.490,0.986,540.094
5386.2,32.51,41.0,0.0,35.0,2,-289.589,0.965,541.700
5393.2,32.67,59.5,0.0,37.0,2,-290.293,0.950,542.797
5393.2,32.90,52.2,0.0,41.9,2,-291.309,0.927,544.480
5393.2,33.05,48.5,0.0,44.1,2,-291.955,0.913,545.629
5393.2,33.27,60.7,0.0,49.0,2,-292.882,0.892,547.389
5401.0,33.47,58.6,0.0,50.5,2,-293.470,0.877,548.586
5401.0,33.65,46.8,0.0,52.2,2,-294.304,0.858,550.419
5401.0,33.79,53.1,0.0,54.8,2,-294.828,0.844,551.661
5401.0,33.99,48.7,0.0,56.5,2,-295.569,0.822,553.555
5408.3,34.09,31.6,0.0,59.1,2,-296.247,0.800,555.482
5408.3,34.08,30.4,0.0,59.0,2,-296.661,0.788,556.781
5408.3,34.11,30.8,0.0,55.9,2,-297.222,0.770,558.749
5408.3,34.14,32.2,0.0,55.0,2,-297.557,0.759,560.072
5416.3,34.23,45.0,0.0,53.4,2,-298.005,0.742,562.072
5416.3,34.33,46.7,0.0,48.6,2,-298.267,0.731,563.418
5416.3,34.58,64.6,0.0,41.3,2,-298.607,0.714,565.456
5416.3,34.83,80.7,0.0,35.1,2,-298.796,0.704,566.831
5423.6,35.20,60.9,0.0,23.1,2,-299.026,0.690,568.919
5423.6,35.46,82.1,0.0,16.9,2,-299.145,0.681,570.326
5423.6,35.90,66.6,0.0,6.5,2,-299.272,0.668,572.463
5423.6,36.18,73.2,0.0,0.8,2,-299.325,0.660,573.902
5431.4,36.69,85.6,0.0,-0.4,2,-299.359,0.650,576.086
5431.4,37.06,85.6,0.0,2.4,2,-299.357,0.644,577.561
5431.4,37.61,85.8,0.0,8.9,2,-299.323,0.637,579.799
5438.9,38.14,84.8,0.0,13.6,2,-299.259,0.633,582.070
5438.9,38.47,83.8,0.0,15.2,2,-299.198,0.631,583.600
5438.9,38.97,82.4,0.0,15.8,2,-299.075,0.628,585.919
5438.9,39.29,82.0,0.0,15.4,2,-298.970,0.625,587.480
5446.8,39.76,83.4,0.0,15.2,2,-298.775,0.620,589.842
5446.8,40.08,85.6,0.0,15.7,2,-298.616,0.616,591.430
5446.8,40.57,86.8,0.0,15.2,2,-298.335,0.608,593.833
5446.8,40.90,86.9,0.0,14.1,2,-298.118,0.602,595.446
5454.7,41.38,87.0,0.0,13.1,2,-297.746,0.591,597.885
5454.7,41.69,87.2,0.0,12.5,2,-297.465,0.583,599.522
5454.7,42.17,87.2,0.0,12.9,2,-296.996,0.568,601.993
5454.7,42.47,87.3,0.0,13.1,2,-296.651,0.557,603.650
5463.0,42.94,87.3,0.0,12.8,2,-296.086,0.537,606.148
5463.0,43.24,87.4,0.0,12.5,2,-295.676,0.523,607.821
5463.0,43.57,0.0,0.0,12.0,0,-295.009,0.502,610.341
5463.0,43.71,85.4,0.0,11.5,3,-294.288,0.479,612.853
5471.5,43.98,85.6,0.0,11.1,3,-293.777,0.462,614.530
5471.5,44.41,85.6,0.0,9.6,3,-292.966,0.435,617.054
5471.5,44.70,85.7,0.0,8.8,3,-292.396,0.416,618.741
5471.5,45.12,85.8,0.0,8.6,3,-291.499,0.385,621.281
5480.4,45.41,85.8,0.0,8.4,3,-290.876,0.361,622.980
5480.4,45.83,85.9,0.0,7.3,3,-289.904,0.322,625.537
5480.4,46.11,85.9,0.0,6.8,3,-289.232,0.296,627.248
5480.4,46.54,86.1,0.0,6.1,3,-288.188,0.256,629.823
5489.5,46.82,86.1,0.0,6.4,3,-287.471,0.228,631.547
5489.5,47.21,86.3,0.0,6.6,3,-286.365,0.184,634.141
5489.5,47.53,86.3,0.0,5.7,3,-285.608,0.153,635.877
5489.5,47.91,86.4,0.0,5.8,3,-284.441,0.109,638.490
5499.0,48.17,86.8,0.0,5.5,3,-283.643,0.080,640.238
5499.0,48.57,86.6,0.0,4.8,3,-282.416,0.036,642.867
5499.0,48.97,86.8,0.0,5.4,3,-281.153,-0.011,645.505
5499.0,49.19,86.8,0.0,5.1,3,-280.289,-0.039,647.268
5508.6,49.62,86.6,0.0,4.8,3,-278.961,-0.081,649.918
5508.6,49.88,86.9,0.0,5.3,3,-278.056,-0.110,651.689
5508.6,50.25,87.0,0.0,4.8,3,-276.669,-0.151,654.352
5508.6,50.54,86.9,0.0,4.3,3,-275.724,-0.179,656.131
5518.6,50.89,87.0,0.0,4.6,3,-274.273,-0.212,658.804
5518.6,51.14,87.0,0.0,4.9,3,-273.286,-0.228,660.589
5518.6,51.52,87.2,0.0,5.1,3,-271.775,-0.245,663.272
5518.6,51.75,87.3,0.0,5.9,3,-270.749,-0.255,665.065
5528.9,51.85,0.0,0.0,5.1,0,-269.185,-0.272,667.753
5528.9,51.99,85.5,0.0,4.6,4,-268.127,-0.284,669.539
5528.9,52.32,85.5,0.0,5.1,4,-266.509,-0.301,672.217
5528.9,52.55,85.6,0.0,5.6,4,-265.411,-0.311,674.003
5539.3,52.88,85.7,0.0,5.9,4,-263.735,-0.326,676.685
5539.3,53.21,85.8,0.0,5.8,4,-262.024,-0.339,679.368
5539.3,53.43,85.8,0.0,5.3,4,-260.864,-0.346,681.157
5539.3,53.76,85.9,0.0,4.6,4,-259.093,-0.355,683.839
5549.9,53.97,85.9,0.0,3.5,4,-257.892,-0.359,685.628
5549.9,54.41,86.0,0.0,2.4,4,-255.449,-0.365,689.208
5549.9,54.62,86.1,0.0,2.5,4,-254.208,-0.368,691.001
5560.7,54.95,86.1,0.0,2.1,4,-252.326,-0.373,693.696
5560.7,55.16,86.2,0.0,1.5,4,-251.059,-0.377,695.496
5560.7,55.49,86.2,0.0,1.8,4,-249.139,-0.383,698.203
5560.7,55.70,86.3,0.0,2.2,4,-247.848,-0.388,700.013
5571.7,56.02,86.3,0.0,2.8,4,-245.893,-0.397,702.735
5571.7,56.22,86.4,0.0,3.1,4,-244.578,-0.403,704.554
5571.7,56.54,86.4,0.0,3.6,4,-242.585,-0.411,707.286
5571.7,56.74,86.4,0.0,3.7,4,-241.242,-0.416,709.110
5582.9,57.04,86.5,0.0,4.3,4,-239.205,-0.423,711.848
5582.9,57.25,86.5,0.0,4.6,4,-237.830,-0.426,713.674
5582.9,57.55,86.6,0.0,4.9,4,-235.743,-0.430,716.413
5582.9,57.85,86.7,0.0,5.1,4,-233.623,-0.433,719.149
5594.4,58.04,86.7,0.0,5.3,4,-232.191,-0.435,720.971
5594.4,58.34,86.8,0.0,5.6,4,-230.014,-0.436,723.700
5594.4,58.53,86.8,0.0,5.0,4,-228.543,-0.436,725.515
5594.4,58.81,86.9,0.0,5.5,4,-226.306,-0.436,728.233
5606.2,59.00,86.9,0.0,4.3,4,-224.795,-0.434,730.041
5606.2,59.29,86.9,0.0,3.5,4,-222.501,-0.431,732.747
5606.2,59.47,87.0,0.0,4.5,4,-220.953,-0.428,734.548
5606.2,59.75,87.0,0.0,5.5,4,-218.604,-0.420,737.245
5618.3,59.94,87.1,0.0,6.2,4,-217.019,-0.414,739.039
5618.3,60.21,87.1,0.0,5.1,4,-214.612,-0.400,741.721
5618.3,60.39,87.1,0.0,5.0,4,-212.988,-0.389,743.503
5618.3,60.65,87.2,0.0,3.7,4,-210.521,-0.370,746.167
5630.7,60.83,87.2,0.0,3.4,4,-208.857,-0.355,747.938
5630.7,61.10,87.3,0.0,5.8,4,-206.335,-0.332,750.586
5630.7,61.35,87.3,0.0,7.2,4,-203.779,-0.305,753.224
5630.7,61.52,87.3,0.0,7.3,4,-202.056,-0.286,754.975
5643.2,61.77,87.4,0.0,7.2,4,-199.439,-0.259,757.588
5643.2,61.94,87.4,0.0,7.0,4,-197.672,-0.242,759.320
5643.2,62.18,87.4,0.0,6.4,4,-194.989,-0.218,761.900
5643.2,62.33,87.4,0.0,6.6,0,-193.177,-0.204,763.608
5655.9,62.28,86.1,0.0,6.6,5,-190.433,-0.189,766.146
5655.9,62.44,86.1,0.0,6.0,5,-188.586,-0.183,767.822
5655.9,62.67,86.1,0.0,5.8,5,-185.783,-0.179,770.317
5655.9,62.82,86.2,0.0,5.9,5,-183.891,-0.176,771.966
5668.6,63.04,86.2,0.0,6.2,5,-181.022,-0.170,774.419
5668.6,63.20,86.3,0.0,6.6,5,-179.087,-0.165,776.041
5668.6,63.42,86.3,0.0,7.0,5,-176.155,-0.158,778.455
5668.6,63.58,86.3,0.0,7.1,5,-174.179,-0.154,780.051
5681.6,63.80,86.3,0.0,7.2,5,-171.185,-0.151,782.425
5681.6,64.00,86.5,0.0,7.1,5,-168.152,-0.153,784.771
5681.6,64.16,86.4,0.0,6.7,5,-166.109,-0.155,786.318
5681.6,64.39,86.4,0.0,7.5,5,-163.008,-0.158,788.612
5694.7,64.51,86.5,0.0,8.5,5,-160.919,-0.156,790.122
5694.7,64.75,86.6,0.0,9.0,5,-157.752,-0.153,792.359
5694.7,64.82,86.8,0.0,7.9,5,-155.619,-0.150,793.830
5694.7,65.06,86.8,0.0,6.2,5,-152.386,-0.150,796.006
5707.9,65.20,86.6,0.0,5.3,5,-150.207,-0.149,797.435
5707.9,65.43,86.7,0.0,5.7,5,-146.904,-0.143,799.543
5707.9,65.55,86.7,0.0,7.1,5,-144.681,-0.136,800.928
5707.9,65.79,86.6,0.0,8.9,5,-141.316,-0.129,802.978
5721.3,65.91,86.7,0.0,9.9,5,-139.055,-0.127,804.327
5721.3,66.10,86.8,0.0,9.5,5,-135.631,-0.127,806.317
5721.3,66.23,86.8,0.0,8.5,5,-133.326,-0.124,807.617
5721.3,66.39,87.0,0.0,8.7,5,-129.836,-0.117,809.528
5734.9,66.62,86.8,0.0,8.3,5,-126.309,-0.118,811.395
5734.9,66.73,86.9,0.0,8.7,5,-123.935,-0.117,812.609
5734.9,66.92,86.9,0.0,10.2,5,-120.341,-0.116,814.387
5734.9,67.05,86.9,0.0,9.9,5,-117.924,-0.114,815.542
5748.4,67.22,87.0,0.0,10.1,5,-114.268,-0.110,817.232
5748.4,67.35,86.9,0.0,9.3,5,-111.810,-0.108,818.329
5748.4,67.53,87.0,0.0,9.1,5,-108.094,-0.106,819.929
5748.4,67.64,87.0,0.0,8.2,5,-105.597,-0.103,820.963
5762.1,67.82,87.0,0.0,7.3,5,-101.822,-0.097,822.467
5762.1,67.95,87.0,0.0,7.3,5,-99.287,-0.092,823.439
5762.1,68.13,87.0,0.0,7.9,5,-95.459,-0.086,824.854
5762.1,68.24,87.1,0.0,8.2,5,-92.890,-0.081,825.770
5775.8,68.43,87.1,0.0,8.5,5,-89.013,-0.077,827.101
5775.8,68.54,87.1,0.0,8.2,5,-86.412,-0.074,827.961
5775.8,68.71,87.2,0.0,7.7,5,-82.487,-0.067,829.204
5789.6,68.89,87.2,0.0,7.6,5,-78.534,-0.058,830.394
5789.6,69.00,87.2,0.0,7.8,5,-75.885,-0.052,831.158
5789.6,69.18,87.2,0.0,8.4,5,-71.888,-0.044,832.258
5789.6,69.28,87.2,0.0,8.1,5,-69.210,-0.038,832.962
5803.3,69.45,87.3,0.0,5.9,5,-65.173,-0.028,833.970
5803.3,69.57,87.3,0.0,5.8,5,-62.468,-0.021,834.614
5803.3,69.74,87.3,0.0,5.2,5,-58.393,-0.010,835.537
5803.3,69.84,87.3,0.0,4.8,5,-55.664,-0.000,836.126
5817.2,70.02,87.3,0.0,4.8,5,-51.555,0.016,836.974
5817.2,70.14,87.3,0.0,4.7,5,-48.805,0.027,837.517
5817.2,70.31,87.3,0.0,4.6,5,-44.666,0.048,838.301
5817.2,70.42,87.4,0.0,4.7,5,-41.897,0.063,838.803
5831.2,70.59,87.4,0.0,4.7,5,-37.729,0.087,839.527
5831.2,70.70,87.4,0.0,4.5,5,-34.942,0.102,839.990
5831.2,70.86,87.4,0.0,4.1,5,-30.748,0.125,840.655
5831.2,70.83,0.0,0.0,3.0,0,-26.542,0.149,841.284
5845.3,70.87,86.4,0.0,2.3,6,-23.738,0.167,841.684
5845.3,71.03,86.4,0.0,1.9,6,-19.521,0.196,842.260
5845.3,71.14,86.4,0.0,1.7,6,-16.702,0.216,842.630
5845.3,71.30,86.4,0.0,1.3,6,-12.463,0.242,843.169
5859.6,71.41,86.4,0.0,1.0,6,-9.631,0.260,843.521
5859.6,71.57,86.5,0.0,0.6,6,-5.373,0.288,844.038
5859.6,71.67,86.5,0.0,0.3,6,-2.529,0.308,844.378
5859.6,71.84,86.5,0.0,0.0,6,1.746,0.337,844.884
4.7,71.95,86.5,0.0,-0.1,6,4.601,0.354,845.220
