opponent,v3,Kévin Estre,0,1771612577150
Game,version,date,track,car,event,laptime [s],S1 [s],S2 [s],S3 [s],S4+ [s]
LMU,1.2,2026-02-20 18:36:17,Silverstone Grand Prix Circuit - ELMS,Porsche Penske Motorsport 2025 #6:LM (Hyper),Live,107.405,0,0,0
Tracklen [m],TotalLaps
5869.1,3
,
,
lapdistance [m],speed [m/s],throttle [%],brake [%],steer [%],gear [int],world_x [m],world_y [m],world_z [m]
27.6,72.03,85.2,0.0,0.2,6,33.083,0.550,848.776
27.6,72.14,85.2,0.0,0.2,6,35.948,0.574,849.103
27.6,72.28,85.2,0.0,0.2,6,40.252,0.610,849.592
42.1,72.42,85.3,0.0,0.2,6,44.565,0.647,850.079
42.1,72.51,85.3,0.0,0.1,6,47.446,0.674,850.401
42.1,72.66,85.3,0.0,0.2,6,51.773,0.714,850.883
42.1,72.74,85.3,0.0,0.2,6,54.664,0.741,851.203
56.6,72.89,85.3,0.0,0.1,6,59.006,0.781,851.681
56.6,72.98,85.3,0.0,0.1,6,61.906,0.807,851.998
56.6,73.11,85.4,0.0,0.1,6,66.262,0.848,852.473
56.6,73.20,85.4,0.0,0.2,6,69.172,0.876,852.788
71.2,73.34,85.4,0.0,0.1,6,73.542,0.919,853.260
71.2,73.43,85.4,0.0,0.0,6,76.460,0.945,853.574
71.2,73.57,85.4,0.0,-0.0,6,80.845,0.982,854.044
71.2,73.66,85.4,0.0,-0.0,6,83.773,1.005,854.357
85.8,73.79,85.4,0.0,-0.0,6,88.171,1.039,854.825
85.8,73.92,85.5,0.0,0.0,6,92.576,1.074,855.295
85.8,74.01,85.5,0.0,0.1,6,95.518,1.097,855.608
100.6,74.14,85.5,0.0,0.0,6,99.937,1.129,856.078
100.6,74.23,85.5,0.0,0.0,6,102.887,1.150,856.392
100.6,74.35,85.5,0.0,0.2,6,107.319,1.181,856.862
100.6,74.44,85.5,0.0,0.3,6,110.278,1.202,857.175
115.5,74.56,85.6,0.0,0.4,6,114.723,1.235,857.644
115.5,74.64,85.6,0.0,0.3,6,117.691,1.257,857.956
115.5,74.78,85.6,0.0,0.2,6,122.149,1.287,858.421
115.5,74.87,85.6,0.0,0.1,6,125.126,1.304,858.729
130.4,74.99,85.6,0.0,0.2,6,129.598,1.327,859.189
130.4,75.07,85.6,0.0,0.2,6,132.583,1.343,859.493
130.4,75.19,85.6,0.0,0.2,6,137.067,1.370,859.948
130.4,75.26,85.7,0.0,0.2,6,140.061,1.393,860.250
145.5,75.40,85.7,0.0,0.1,6,144.557,1.427,860.700
145.5,75.52,85.7,0.0,0.1,6,149.062,1.454,861.148
145.5,75.60,85.7,0.0,0.1,6,152.070,1.472,861.445
145.5,75.72,85.7,0.0,0.2,6,156.587,1.499,861.889
160.6,75.80,85.7,0.0,0.1,6,159.603,1.515,862.183
160.6,75.91,85.7,0.0,0.1,6,164.133,1.542,862.623
160.6,75.99,85.8,0.0,0.1,6,167.156,1.561,862.915
160.6,76.11,85.8,0.0,-0.0,6,171.698,1.591,863.352
175.8,76.18,85.8,0.0,-0.1,6,174.730,1.612,863.641
175.8,76.30,85.8,0.0,-0.1,6,179.283,1.643,864.075
175.8,76.38,85.8,0.0,-0.2,6,182.323,1.662,864.365
175.8,76.50,85.8,0.0,-0.3,6,186.888,1.690,864.801
191.0,76.57,85.8,0.0,-0.4,6,189.935,1.708,865.094
191.0,76.68,85.9,0.0,-0.4,6,194.511,1.737,865.537
191.0,76.76,85.9,0.0,-0.3,6,197.565,1.757,865.837
191.0,76.87,85.9,0.0,-0.2,6,202.151,1.784,866.293
206.4,76.97,85.9,0.0,-0.1,6,206.743,1.811,866.757
206.4,77.05,85.9,0.0,-0.1,6,209.808,1.827,867.070
206.4,77.16,85.9,0.0,0.1,6,214.410,1.852,867.544
206.4,77.23,85.9,0.0,0.2,6,217.481,1.872,867.863
221.8,77.34,86.0,0.0,0.3,6,222.093,1.905,868.343
221.8,77.41,86.0,0.0,0.4,6,225.171,1.927,868.662
221.8,77.53,85.9,0.0,0.5,6,229.794,1.958,869.138
221.8,77.59,86.0,0.0,0.5,6,232.880,1.980,869.453
237.3,77.66,56.9,0.0,0.4,6,237.515,2.014,869.918
237.3,77.49,17.4,51.6,0.5,6,240.604,2.036,870.224
237.3,76.51,0.0,81.5,0.6,6,245.208,2.063,870.670
237.3,75.69,0.0,87.6,0.8,6,248.240,2.079,870.959
252.6,74.39,0.0,90.6,1.2,6,252.725,2.104,871.375
252.6,73.51,0.0,91.9,1.5,6,255.673,2.121,871.641
252.6,72.17,0.0,91.6,1.5,6,260.030,2.145,872.019
252.6,71.27,0.0,91.6,1.7,6,262.891,2.160,872.257
267.2,69.95,0.0,91.7,2.1,6,267.117,2.183,872.586
267.2,68.63,0.0,92.2,2.3,6,271.267,2.204,872.880
267.2,67.76,0.0,92.4,2.5,6,273.991,2.216,873.055
267.2,66.43,0.0,91.7,2.6,6,278.013,2.232,873.282
280.8,65.55,0.0,91.8,2.5,6,280.652,2.241,873.409
280.8,64.25,0.0,86.0,2.5,6,284.545,2.255,873.556
280.8,63.44,0.0,77.2,2.6,6,287.099,2.264,873.625
280.8,62.32,0.0,62.8,2.2,6,290.873,2.277,873.682
293.5,61.68,0.0,52.9,2.2,6,293.354,2.288,873.686
293.5,60.93,29.8,27.6,3.3,0,297.032,2.305,873.638
293.5,60.59,0.0,21.5,4.3,5,299.462,2.316,873.570
293.5,60.13,0.0,19.1,5.7,5,303.081,2.334,873.412
305.6,59.85,0.0,13.4,7.0,5,305.477,2.347,873.270
305.6,59.50,0.0,6.9,6.5,5,309.047,2.368,873.001
305.6,59.22,0.0,8.7,6.2,5,312.593,2.392,872.666
305.6,59.03,0.0,5.4,6.2,5,314.945,2.407,872.409
317.3,58.79,0.0,0.8,6.7,5,318.452,2.428,871.972
317.3,58.65,0.0,3.6,7.0,5,320.779,2.442,871.647
317.3,58.38,0.0,13.4,7.8,5,324.249,2.461,871.108
317.3,58.14,0.0,16.1,8.2,5,326.547,2.474,870.714
329.0,57.73,0.0,24.7,8.1,5,329.965,2.491,870.074
329.0,57.39,0.0,28.2,8.8,5,332.221,2.502,869.612
329.0,56.91,0.0,5.2,9.2,5,335.568,2.519,868.865
329.0,56.75,20.1,0.0,9.5,5,337.777,2.530,868.328
340.7,56.72,55.9,0.0,10.7,5,341.067,2.546,867.460
340.7,56.78,67.3,0.0,12.4,5,343.250,2.557,866.838
340.7,56.89,70.5,0.0,15.8,5,346.511,2.572,865.841
340.7,56.95,64.7,0.0,18.6,5,348.675,2.582,865.133
352.5,56.99,54.4,0.0,20.4,5,351.902,2.598,864.006
352.5,56.97,30.3,0.0,21.6,5,354.039,2.608,863.213
352.5,56.80,16.0,0.0,22.9,5,357.215,2.625,861.961
364.7,56.67,34.6,0.0,22.9,5,360.350,2.643,860.635
364.7,56.63,45.5,0.0,22.7,5,362.419,2.655,859.710
364.7,56.64,61.1,0.0,22.8,5,365.491,2.672,858.259
364.7,56.65,51.7,0.0,23.3,5,367.520,2.683,857.250
376.6,56.59,39.1,0.0,25.3,5,370.530,2.700,855.675
376.6,56.55,42.9,0.0,27.0,5,372.513,2.711,854.585
376.6,56.49,40.5,0.0,29.5,5,375.451,2.728,852.890
376.6,56.43,36.3,0.0,30.7,5,377.384,2.740,851.722
388.3,56.32,31.3,0.0,32.4,5,380.244,2.757,849.916
388.3,56.24,28.7,0.0,33.1,5,382.124,2.767,848.676
388.3,56.14,37.8,0.0,34.0,5,384.901,2.782,846.765
388.3,56.05,26.3,0.0,34.3,5,386.723,2.792,845.456
400.3,55.88,22.4,0.0,34.3,5,389.409,2.808,843.440
400.3,55.76,21.7,0.0,34.0,5,391.167,2.818,842.063
400.3,55.58,20.9,0.0,33.5,5,393.753,2.834,839.948
400.3,55.40,21.1,0.0,33.2,5,396.277,2.850,837.776
411.7,55.28,21.3,0.0,32.9,5,397.924,2.861,836.297
411.7,55.11,22.2,0.0,32.2,5,400.340,2.878,834.032
411.7,55.00,21.8,0.0,31.8,5,401.916,2.889,832.493
411.7,54.83,22.5,0.0,31.0,5,404.224,2.905,830.142
422.8,54.73,25.0,0.0,30.5,5,405.726,2.916,828.546
422.8,54.60,29.4,0.0,28.9,5,407.925,2.930,826.113
422.8,54.53,31.1,0.0,28.2,5,409.355,2.939,824.464
422.8,54.43,34.5,0.0,27.3,5,411.448,2.950,821.953
433.7,54.38,38.2,0.0,26.1,5,412.807,2.956,820.253
433.7,54.33,48.6,0.0,23.1,5,414.789,2.967,817.664
433.7,54.36,65.4,0.0,21.2,5,416.072,2.977,815.910
433.7,54.48,76.7,0.0,18.9,5,417.947,2.992,813.237
444.3,54.60,82.7,0.0,17.4,5,419.166,2.999,811.428
444.3,54.78,83.3,0.0,14.4,5,420.946,3.011,808.672
444.3,54.90,83.3,0.0,12.4,5,422.098,3.020,806.806
444.3,55.10,83.3,0.0,9.6,5,423.776,3.036,803.965
455.1,55.30,83.4,0.0,7.6,5,425.397,3.054,801.077
455.1,55.44,83.4,0.0,6.5,5,426.446,3.068,799.127
455.1,55.66,83.5,0.0,6.1,5,427.974,3.090,796.166
455.1,55.81,83.5,0.0,5.7,5,428.967,3.105,794.170
466.0,56.04,83.5,0.0,6.0,5,430.418,3.130,791.145
466.0,56.19,83.3,0.0,6.3,5,431.362,3.147,789.109
466.0,56.41,83.4,0.0,5.6,5,432.745,3.170,786.027
466.0,56.58,83.6,0.0,4.9,5,433.644,3.185,783.955
477.2,56.80,83.8,0.0,5.0,5,434.958,3.211,780.818
477.2,56.96,83.1,0.0,4.8,5,435.812,3.226,778.710
477.2,57.18,82.6,0.0,4.6,5,437.061,3.248,775.522
477.2,57.34,83.3,0.0,4.3,5,437.873,3.263,773.381
488.6,57.56,83.9,0.0,3.7,5,439.059,3.286,770.146
488.6,57.72,83.9,0.0,3.7,5,439.829,3.303,767.973
488.6,57.96,84.0,0.0,2.9,5,440.954,3.331,764.690
488.6,58.19,84.1,0.0,2.7,5,442.042,3.360,761.380
499.9,58.32,76.5,0.0,2.7,5,442.749,3.376,759.160
499.9,58.46,70.0,0.0,2.9,5,443.776,3.402,755.812
499.9,58.61,81.9,0.0,3.3,5,444.441,3.419,753.567
499.9,58.82,84.3,0.0,2.4,5,445.411,3.444,750.182
511.5,58.98,84.2,0.0,1.6,5,446.040,3.460,747.911
511.5,59.22,83.5,0.0,2.5,5,446.959,3.485,744.487
511.5,59.36,83.4,0.0,2.9,5,447.555,3.502,742.192
511.5,59.59,84.2,0.0,3.1,5,448.425,3.527,738.732
523.3,59.73,84.4,0.0,3.2,5,448.989,3.544,736.413
523.3,59.97,84.4,0.0,3.1,5,449.808,3.568,732.917
523.3,60.11,84.5,0.0,3.3,5,450.334,3.587,730.574
523.3,60.34,84.5,0.0,3.4,5,451.094,3.615,727.042
535.2,60.49,84.6,0.0,3.6,5,451.582,3.634,724.676
535.2,60.71,84.6,0.0,3.2,5,452.284,3.663,721.109
535.2,60.94,84.7,0.0,2.6,5,452.952,3.694,717.522
535.2,61.09,84.7,0.0,2.2,5,453.381,3.712,715.120
547.3,61.31,84.7,0.0,1.8,5,453.998,3.737,711.500
547.3,61.47,84.7,0.0,1.5,5,454.394,3.753,709.077
547.3,61.69,84.8,0.0,1.5,5,454.967,3.782,705.428
547.3,61.84,84.8,0.0,1.4,5,455.337,3.802,702.986
559.5,62.06,84.9,0.0,1.1,5,455.878,3.831,699.309
559.5,62.21,84.9,0.0,0.6,5,456.230,3.851,696.849
559.5,62.43,84.9,0.0,0.6,5,456.746,3.884,693.146
559.5,62.58,85.0,0.0,0.6,5,457.084,3.906,690.669
571.9,62.81,85.0,0.0,0.7,5,457.584,3.938,686.942
597.1,64.39,85.2,0.0,0.8,5,461.009,4.174,659.171
597.1,64.60,85.3,0.0,0.8,5,461.439,4.206,655.326
597.1,64.73,85.3,0.0,0.8,5,461.720,4.228,652.755
609.9,64.94,85.3,0.0,0.9,5,462.132,4.261,648.887
609.9,65.08,85.4,0.0,0.9,5,462.402,4.282,646.300
609.9,65.29,85.4,0.0,0.8,5,462.796,4.314,642.410
609.9,65.42,85.4,0.0,0.9,5,463.052,4.335,639.809
622.9,65.62,85.4,0.0,1.0,5,463.427,4.366,635.896
622.9,65.82,85.5,0.0,0.9,5,463.790,4.398,631.969
622.9,65.95,85.5,0.0,0.8,5,464.025,4.419,629.345
636.1,66.15,85.5,0.0,0.8,5,464.368,4.451,625.397
662.8,67.63,85.8,0.0,-0.3,5,466.673,4.691,594.714
662.8,67.82,85.8,0.0,-0.1,5,466.973,4.722,590.662
662.8,67.94,85.8,0.0,-0.1,5,467.178,4.741,587.955
676.4,68.13,85.8,0.0,0.4,5,467.491,4.769,583.885
676.4,68.25,85.9,0.0,0.1,5,467.701,4.787,581.166
676.4,68.43,85.9,0.0,-0.0,5,468.019,4.812,577.079
676.4,68.56,85.9,0.0,1.0,5,468.232,4.827,574.347
690.1,68.74,85.9,0.0,1.1,5,468.547,4.848,570.241
690.1,68.86,85.9,0.0,0.9,5,468.753,4.860,567.497
690.1,69.04,86.0,0.0,0.8,5,469.054,4.876,563.372
690.1,69.15,86.0,0.0,0.4,5,469.248,4.887,560.615
703.9,69.33,86.0,0.0,0.4,5,469.530,4.902,556.471
703.9,69.44,86.0,0.0,0.9,5,469.713,4.912,553.701
703.9,69.62,86.1,0.0,0.4,5,469.979,4.925,549.538
703.9,69.79,86.1,0.0,-0.3,5,470.239,4.935,545.364
717.9,69.91,86.1,0.0,-0.2,5,470.409,4.941,542.576
717.9,70.08,86.1,0.0,0.2,5,470.663,4.947,538.384
717.9,70.19,86.1,0.0,0.1,5,470.831,4.950,535.584
717.9,70.36,86.1,0.0,0.6,5,471.082,4.954,531.375
732.0,70.47,86.2,0.0,0.7,5,471.249,4.956,528.564
732.0,70.64,86.2,0.0,0.6,0,471.494,4.956,524.338
732.0,70.57,0.0,0.0,0.3,0,471.653,4.954,521.518
732.0,70.65,85.0,0.0,0.1,6,471.886,4.949,517.289
746.2,70.76,85.0,0.0,0.1,6,472.038,4.945,514.465
746.2,70.92,85.0,0.0,0.1,6,472.261,4.938,510.221
746.2,71.02,85.0,0.0,0.1,6,472.408,4.932,507.386
746.2,71.18,85.1,0.0,0.1,6,472.626,4.920,503.126
760.4,71.28,85.1,0.0,0.1,6,472.770,4.911,500.281
760.4,71.44,85.1,0.0,0.2,6,472.984,4.892,496.005
760.4,71.54,85.1,0.0,0.2,6,473.125,4.879,493.149
760.4,71.69,85.2,0.0,0.1,6,473.335,4.855,488.857
774.7,71.85,85.2,0.0,0.0,6,473.543,4.831,484.557
774.7,71.94,85.2,0.0,0.3,6,473.680,4.815,481.684
774.7,72.10,85.2,0.0,-0.1,6,473.884,4.791,477.368
774.7,72.20,85.2,0.0,-0.6,6,474.018,4.777,474.486
789.1,72.34,85.3,0.0,-1.0,6,474.221,4.759,470.154
789.1,72.45,85.3,0.0,-1.3,6,474.359,4.748,467.262
789.1,72.60,85.3,0.0,-1.7,6,474.575,4.729,462.917
789.1,72.69,85.3,0.0,-1.9,6,474.728,4.716,460.015
803.6,72.83,85.3,0.0,-2.7,6,474.979,4.699,455.657
803.6,72.93,85.3,0.0,-2.8,6,475.161,4.687,452.748
803.6,73.07,85.4,0.0,-3.2,6,475.463,4.664,448.378
803.6,73.16,85.4,0.0,-3.2,6,475.685,4.648,445.463
818.2,73.28,85.4,0.0,-3.5,6,476.057,4.627,441.086
818.2,73.42,85.4,0.0,-4.3,6,476.474,4.602,436.705
818.2,73.51,85.4,0.0,-4.3,6,476.779,4.582,433.782
832.8,73.62,85.4,0.0,-4.3,6,477.285,4.555,429.398
832.8,73.69,85.5,0.0,-4.4,6,477.658,4.542,426.476
832.8,73.81,85.5,0.0,-4.7,6,478.270,4.524,422.093
832.8,73.89,85.5,0.0,-4.7,6,478.712,4.511,419.173
847.5,74.00,85.5,0.0,-4.7,6,479.431,4.493,414.795
847.5,74.08,85.5,0.0,-5.2,6,479.948,4.482,411.879
847.5,74.18,85.5,0.0,-5.5,6,480.779,4.466,407.510
847.5,74.26,85.5,0.0,-5.6,6,481.372,4.455,404.601
862.2,74.36,85.6,0.0,-5.8,6,482.317,4.436,400.244
862.2,74.43,85.6,0.0,-5.3,6,482.987,4.421,397.345
862.2,74.54,85.6,0.0,-4.5,6,484.049,4.394,393.004
862.2,74.62,85.6,0.0,-5.5,6,484.793,4.372,390.116
876.9,74.71,85.6,0.0,-7.0,6,485.967,4.331,385.793
876.9,74.81,85.6,0.0,-6.9,6,487.211,4.284,381.484
876.9,74.87,85.6,0.0,-5.8,6,488.083,4.251,378.620
876.9,74.96,85.6,0.0,-4.8,6,489.453,4.200,374.340
907.2,75.71,85.5,0.0,2.2,6,501.019,3.812,344.918
922.7,75.82,77.0,7.4,2.2,6,502.865,3.759,340.764
922.7,75.70,16.0,45.7,1.6,6,504.092,3.718,337.992
922.7,74.87,0.0,55.3,1.3,6,505.906,3.653,333.852
922.7,74.27,0.0,53.8,1.6,6,507.088,3.615,331.113
938.2,73.41,0.0,48.4,4.0,6,508.821,3.570,327.034
938.2,72.88,0.0,43.7,4.8,6,509.947,3.542,324.333
938.2,72.13,0.0,43.5,5.3,6,511.585,3.501,320.301
938.2,71.62,0.0,41.6,4.0,6,512.639,3.474,317.625
952.8,70.90,0.0,37.6,2.3,6,514.155,3.441,313.626
952.8,70.43,0.0,57.8,2.1,6,515.123,3.421,310.970
952.8,69.49,0.0,63.5,3.4,6,516.511,3.394,307.006
952.8,68.84,0.0,57.8,4.7,6,517.391,3.380,304.382
966.6,67.92,0.0,52.4,6.1,6,518.645,3.363,300.474
966.6,67.08,0.0,44.4,7.2,6,519.820,3.348,296.596
966.6,66.58,0.0,43.7,6.8,6,520.556,3.337,294.026
979.8,65.82,0.0,42.6,6.1,6,521.591,3.322,290.189
979.8,65.37,0.0,7.6,5.5,6,522.232,3.311,287.645
979.8,65.28,74.3,0.0,5.6,6,523.122,3.293,283.831
979.8,65.17,16.0,34.8,6.4,6,523.670,3.280,281.278
992.9,64.49,0.0,40.8,8.3,6,524.415,3.262,277.458
992.9,64.02,0.0,18.9,8.0,6,524.860,3.252,274.926
992.9,63.66,61.6,0.0,7.4,6,525.453,3.242,271.144
992.9,63.67,40.1,9.6,6.0,6,525.802,3.236,268.621
1007.1,63.38,0.0,15.1,6.3,6,526.254,3.232,264.834
1007.1,63.18,11.9,1.4,7.6,6,526.516,3.226,262.316
1007.1,63.06,71.5,0.0,6.3,6,526.862,3.200,258.547
1007.1,63.05,72.2,0.0,6.0,6,527.036,3.192,256.031
1021.1,63.03,75.4,0.0,6.1,6,527.198,3.213,252.253
1021.1,63.05,82.7,0.0,4.3,6,527.300,3.217,248.472
1021.1,63.24,50.4,0.0,2.0,6,527.344,3.202,245.948
1021.1,63.10,16.4,0.0,6.6,6,527.335,3.179,242.156
1034.4,62.90,2.1,2.0,9.0,6,527.266,3.174,239.636
1034.4,62.62,0.0,0.9,11.0,6,527.074,3.176,235.875
1034.4,62.44,0.0,0.5,13.3,6,526.894,3.180,233.380
1034.4,62.19,6.5,0.0,16.2,6,526.545,3.191,229.657
1047.0,62.04,8.4,0.0,17.2,6,526.262,3.202,227.189
1047.0,61.82,7.0,0.0,18.2,6,525.764,3.219,223.506
1047.0,61.67,6.7,0.0,16.6,6,525.385,3.230,221.065
1047.0,61.40,0.7,4.3,13.2,6,524.744,3.248,217.428
1059.3,61.20,0.0,6.1,10.7,6,524.267,3.262,215.023
1059.3,60.93,31.6,0.0,6.2,6,523.477,3.287,211.446
1059.3,60.94,76.0,0.0,3.4,6,522.902,3.306,209.078
1059.3,61.07,83.1,0.0,1.0,6,521.970,3.336,205.539
1071.3,61.17,83.1,0.0,0.6,6,521.306,3.357,203.187
1071.3,61.34,83.1,0.0,0.3,6,520.256,3.388,199.666
1071.3,61.52,83.1,0.0,0.4,6,519.161,3.419,196.147
1071.3,61.65,83.1,0.0,0.1,6,518.418,3.440,193.798
1083.6,61.84,83.2,0.0,-1.8,6,517.294,3.470,190.269
1083.6,61.96,83.2,0.0,-2.7,6,516.543,3.490,187.910
1083.6,62.14,83.3,0.0,-3.2,6,515.424,3.518,184.360
1083.6,62.26,83.3,0.0,-3.5,6,514.687,3.535,181.984
1096.2,62.41,62.1,0.0,-3.9,6,513.601,3.559,178.405
1096.2,62.40,32.8,11.1,-4.3,6,512.896,3.573,176.010
1096.2,61.95,0.0,57.7,-4.6,6,511.871,3.593,172.418
1096.2,61.35,0.0,68.9,-4.5,6,511.217,3.604,170.039
1108.7,60.32,24.3,79.5,-3.6,0,510.285,3.622,166.507
1108.7,59.57,0.0,81.0,-2.9,5,509.698,3.634,164.181
1108.7,58.41,0.0,78.0,-1.9,5,508.868,3.649,160.739
1108.7,57.65,0.0,74.8,-1.7,5,508.351,3.658,158.474
1120.5,56.57,0.0,66.0,-1.6,5,507.633,3.672,155.122
1120.5,55.93,0.0,60.9,-2.1,5,507.193,3.683,152.914
1120.5,55.04,0.0,45.7,-3.1,5,506.589,3.697,149.639
1120.5,54.34,0.0,29.2,-4.7,5,506.054,3.711,146.401
1131.9,54.00,0.0,17.5,-6.1,5,505.734,3.719,144.258
1131.9,53.65,0.0,5.9,-8.4,5,505.308,3.728,141.056
1131.9,53.49,0.0,3.1,-9.6,5,505.060,3.733,138.928
1131.9,53.29,0.0,1.7,-11.0,5,504.743,3.738,135.740
1143.0,53.16,0.0,1.2,-11.6,5,504.568,3.739,133.618
1143.0,52.97,5.0,0.0,-12.4,5,504.363,3.738,130.440
1143.0,52.88,10.4,0.0,-13.6,5,504.262,3.733,128.326
1143.0,52.75,17.1,0.0,-14.8,5,504.166,3.719,125.158
1154.1,52.66,13.4,0.0,-14.5,5,504.144,3.707,123.050
1154.1,52.43,0.1,11.3,-13.3,5,504.183,3.692,119.897
1154.1,52.09,0.0,1.9,-11.3,5,504.309,3.684,116.763
1165.3,51.86,3.2,0.0,-8.6,5,504.523,3.685,113.652
1165.3,51.75,11.1,0.0,-7.2,5,504.711,3.688,111.588
1165.3,51.61,7.3,0.0,-6.0,5,505.043,3.682,108.504
1165.3,51.49,16.5,0.0,-5.4,5,505.303,3.674,106.458
1176.2,51.35,33.0,0.0,-4.3,0,505.761,3.664,103.406
1176.2,51.24,14.3,0.0,-4.6,4,506.114,3.662,101.385
1176.2,51.09,11.7,0.0,-3.5,4,506.687,3.643,98.369
1176.2,50.96,14.3,0.0,-3.2,4,507.112,3.629,96.372
1187.0,50.79,21.6,0.0,-5.2,4,507.818,3.615,93.403
1187.0,50.73,18.0,0.0,-5.0,4,508.320,3.597,91.436
1187.0,50.56,12.5,0.0,-5.1,4,509.135,3.568,88.508
1187.0,50.44,12.0,0.0,-6.8,4,509.727,3.553,86.576
1197.6,50.30,14.5,0.0,-11.3,4,510.673,3.525,83.706
1197.6,50.20,8.4,0.0,-14.7,4,511.341,3.503,81.810
1197.6,50.05,13.5,0.0,-20.6,4,512.398,3.466,78.994
1197.6,49.91,15.1,0.0,-25.1,4,513.518,3.425,76.213
1208.0,49.82,13.6,0.0,-26.9,4,514.299,3.397,74.378
1208.0,49.69,25.4,0.0,-27.0,4,515.521,3.353,71.655
1208.0,49.68,46.6,0.0,-25.4,4,516.372,3.323,69.859
1208.0,49.79,67.8,0.0,-21.4,4,517.708,3.280,67.192
1218.1,49.91,76.4,0.0,-18.2,4,518.641,3.254,65.431
1218.1,50.15,84.2,0.0,-13.8,4,520.106,3.218,62.811
1218.1,50.33,84.2,0.0,-9.8,4,521.124,3.197,61.080
1218.1,50.57,53.2,11.1,-4.0,4,522.713,3.167,58.503
1228.2,50.43,4.7,31.6,-1.1,4,523.806,3.148,56.803
1228.2,49.77,0.0,63.2,2.3,4,525.470,3.118,54.295
1228.2,49.15,0.0,73.4,5.2,4,526.580,3.100,52.657
1228.2,48.12,0.0,82.7,7.2,4,528.226,3.074,50.244
1238.0,47.38,0.0,85.6,7.4,4,529.300,3.056,48.663
1238.0,46.20,0.0,88.5,6.8,4,530.864,3.027,46.328
1238.0,45.42,0.0,89.6,6.3,4,531.870,3.009,44.795
1238.0,44.28,33.9,73.7,5.1,0,533.321,2.982,42.527
1247.0,43.35,0.0,30.6,4.0,3,534.701,2.956,40.290
1247.0,43.00,0.0,12.7,3.6,3,535.582,2.937,38.805
1247.0,42.71,0.0,4.1,5.2,3,536.849,2.908,36.567
1247.0,42.58,0.0,2.3,7.9,3,537.657,2.887,35.065
1255.6,42.40,0.0,0.3,13.3,3,538.819,2.854,32.796
1255.6,42.29,2.0,0.0,16.0,3,539.560,2.832,31.273
1255.6,42.13,4.1,0.0,18.0,3,540.622,2.797,28.974
1255.6,42.03,3.5,0.0,18.1,3,541.295,2.773,27.431
1264.0,41.88,5.2,0.0,17.5,3,542.251,2.736,25.102
1264.0,41.83,28.6,0.0,17.0,3,542.850,2.711,23.539
1264.0,41.94,55.5,0.0,16.0,3,543.691,2.674,21.173
1264.0,42.09,61.2,0.0,16.3,3,544.216,2.650,19.577
1272.9,42.26,43.8,0.0,18.9,3,544.949,2.613,17.155
1272.9,42.26,16.3,0.0,20.2,3,545.402,2.588,15.526
1272.9,42.10,5.7,0.0,22.4,3,546.022,2.548,13.072
1272.9,42.02,13.2,0.0,23.6,3,546.396,2.522,11.432
1282.0,42.01,45.6,0.0,23.0,3,546.894,2.483,8.962
1282.0,42.17,52.7,0.0,22.5,3,547.318,2.445,6.474
1282.0,42.25,49.8,0.0,23.3,3,547.561,2.420,4.803
1282.0,42.39,47.4,0.0,24.5,3,547.871,2.379,2.283
1291.2,42.45,46.5,0.0,25.7,3,548.038,2.350,0.595
1291.2,42.55,45.3,0.0,26.9,3,548.230,2.306,-1.947
1291.2,42.63,51.9,0.0,27.7,3,548.317,2.276,-3.648
1291.2,42.80,64.1,0.0,29.2,3,548.388,2.231,-6.209
1300.5,42.99,78.3,0.0,30.3,3,548.396,2.200,-7.924
1300.5,43.28,66.1,0.0,32.8,3,548.354,2.151,-10.512
1300.5,43.41,55.4,0.0,34.3,3,548.289,2.117,-12.244
1300.5,43.52,45.5,0.0,36.9,3,548.131,2.065,-14.847
1310.0,43.52,29.2,0.0,38.4,3,547.983,2.031,-16.581
1310.0,43.43,21.6,0.0,40.2,3,547.697,1.984,-19.174
1310.0,43.35,21.2,0.0,40.3,3,547.463,1.955,-20.894
1310.0,43.24,21.1,0.0,39.6,3,547.048,1.913,-23.458
1319.7,43.13,21.5,0.0,38.2,3,546.554,1.875,-26.001
1319.7,43.06,22.1,0.0,37.0,3,546.180,1.851,-27.684
1319.7,42.95,23.8,0.0,35.4,3,545.554,1.819,-30.187
1319.7,42.90,24.6,0.0,34.4,3,545.093,1.800,-31.841
1328.7,42.90,44.5,0.0,34.7,3,544.341,1.769,-34.302
1328.7,42.97,48.5,0.0,35.0,3,543.802,1.748,-35.932
1328.7,43.03,39.3,0.0,36.3,3,542.935,1.714,-38.361
1328.7,43.01,26.2,0.0,36.6,3,542.318,1.692,-39.968
1338.0,42.93,26.7,0.0,36.0,3,541.333,1.662,-42.350
1338.0,42.90,29.6,0.0,34.3,3,540.638,1.643,-43.920
1338.0,42.89,34.6,0.0,31.4,3,539.538,1.618,-46.246
1338.0,42.94,52.9,0.0,29.8,3,538.768,1.601,-47.779
1347.1,43.17,75.4,0.0,27.0,3,537.556,1.575,-50.059
1347.1,43.35,72.7,0.0,24.9,3,536.708,1.558,-51.567
1347.1,43.62,77.6,0.0,21.6,3,535.375,1.535,-53.809
1347.1,43.83,82.4,0.0,19.3,3,534.447,1.519,-55.290
1356.0,44.18,85.0,0.0,15.0,3,532.994,1.497,-57.494
1356.0,44.53,85.1,0.0,11.0,3,531.470,1.475,-59.674
1356.0,44.77,85.2,0.0,8.8,3,530.415,1.461,-61.115
1365.0,45.14,85.2,0.0,5.8,3,528.778,1.437,-63.257
1365.0,45.39,85.3,0.0,4.4,3,527.650,1.419,-64.673
1365.0,45.77,85.3,0.0,3.6,3,525.905,1.391,-66.778
1365.0,46.02,85.4,0.0,3.8,3,524.708,1.372,-68.168
1374.1,46.42,85.3,0.0,4.9,3,522.864,1.340,-70.239
1374.1,46.68,85.4,0.0,5.9,3,521.604,1.318,-71.609
1374.1,47.07,85.5,0.0,6.7,3,519.673,1.284,-73.652
1374.1,47.45,85.6,0.0,6.6,3,517.694,1.249,-75.681
1383.4,47.71,85.6,0.0,6.4,3,516.349,1.224,-77.027
1383.4,48.09,85.7,0.0,8.5,3,514.293,1.184,-79.034
1383.4,48.34,85.7,0.0,9.3,3,512.897,1.156,-80.363
1383.4,48.70,85.8,0.0,9.7,3,510.759,1.115,-82.337
1392.8,48.93,85.9,0.0,9.5,3,509.303,1.088,-83.638
1392.8,49.29,85.9,0.0,8.9,3,507.075,1.052,-85.565
1392.8,49.52,86.0,0.0,8.8,3,505.560,1.028,-86.833
1392.8,49.86,86.1,0.0,8.1,3,503.244,0.990,-88.709
1402.5,50.09,86.2,0.0,6.4,3,501.672,0.963,-89.943
1402.5,50.44,86.2,0.0,4.6,0,499.273,0.919,-91.769
1402.5,50.41,0.0,0.0,3.1,0,497.649,0.888,-92.965
1402.5,50.64,84.2,0.0,1.6,4,495.185,0.843,-94.727
1412.5,50.85,84.2,0.0,2.0,4,493.520,0.813,-95.887
1412.5,51.18,84.3,0.0,2.6,4,490.993,0.769,-97.612
1412.5,51.50,84.4,0.0,2.2,4,488.433,0.728,-99.323
1412.5,51.72,84.4,0.0,1.5,4,486.709,0.703,-100.459
1422.7,52.05,84.5,0.0,0.3,4,484.102,0.667,-102.159
1422.7,52.26,84.6,0.0,-0.2,4,482.351,0.644,-103.291
1422.7,52.59,84.6,0.0,-0.7,4,479.706,0.610,-104.992
1422.7,52.80,84.7,0.0,-1.1,4,477.933,0.588,-106.130
1433.2,53.12,84.7,0.0,-2.0,4,475.260,0.555,-107.848
1433.2,53.34,84.8,0.0,-3.0,4,473.472,0.532,-109.002
1433.2,53.64,84.8,0.0,-3.2,4,470.783,0.499,-110.753
1433.2,53.86,84.9,0.0,-3.0,4,468.989,0.478,-111.936
1444.1,54.15,85.2,0.0,-3.5,4,466.296,0.452,-113.737
1444.1,54.36,85.0,0.0,-3.7,4,464.501,0.436,-114.956
1444.1,54.66,85.2,0.0,-4.3,4,461.810,0.414,-116.814
1444.1,54.98,85.2,0.0,-5.6,4,459.123,0.391,-118.710
1455.5,55.17,85.2,0.0,-6.5,4,457.335,0.375,-119.997
1455.5,55.45,85.3,0.0,-6.6,4,454.662,0.344,-121.962
1455.5,55.64,85.2,0.0,-6.7,4,452.888,0.322,-123.300
1455.5,55.91,85.3,0.0,-6.9,4,450.245,0.291,-125.352
1467.1,56.09,85.4,0.0,-6.6,4,448.498,0.274,-126.754
1467.1,56.37,85.4,0.0,-6.8,4,445.900,0.254,-128.906
1467.1,56.56,85.4,0.0,-6.9,4,444.182,0.240,-130.371
1467.1,56.81,85.5,0.0,-7.2,4,441.629,0.221,-132.615
1478.7,56.99,85.5,0.0,-6.0,4,439.943,0.210,-134.144
1478.7,57.25,85.6,0.0,-5.1,4,437.442,0.199,-136.486
1478.7,57.43,85.6,0.0,-5.3,4,435.790,0.193,-138.076
1478.7,57.70,85.6,0.0,-5.4,4,433.334,0.187,-140.504
1490.7,57.88,85.7,0.0,-5.7,4,431.710,0.182,-142.148
1490.7,58.14,85.7,0.0,-5.3,4,429.295,0.174,-144.654
1490.7,58.41,85.8,0.0,-4.7,4,426.906,0.167,-147.207
1490.7,58.58,85.8,0.0,-4.6,4,425.329,0.162,-148.934
1502.5,58.84,85.9,0.0,-4.6,4,422.987,0.158,-151.565
1502.5,59.01,85.9,0.0,-4.6,4,421.441,0.158,-153.344
1502.5,59.27,85.9,0.0,-4.4,4,419.146,0.162,-156.049
1502.5,59.44,86.0,0.0,-4.4,4,417.630,0.165,-157.875
1514.5,59.70,86.0,0.0,-4.1,4,415.375,0.167,-160.648
1514.5,59.87,86.0,0.0,-4.2,4,413.885,0.165,-162.518
1514.5,60.12,86.1,0.0,-4.2,4,411.671,0.160,-165.356
1514.5,60.29,86.1,0.0,-4.4,4,410.211,0.155,-167.270
1526.3,60.53,86.1,0.0,-4.7,4,408.042,0.144,-170.173
1526.3,60.69,86.1,0.0,-5.6,4,406.612,0.134,-172.131
1526.3,60.93,86.2,0.0,-3.9,4,404.496,0.120,-175.103
1526.3,61.00,0.0,0.0,-3.7,0,403.103,0.110,-177.105
1538.4,61.03,84.7,0.0,-3.0,5,401.048,0.090,-180.131
1538.4,61.18,84.7,0.0,-2.8,5,399.696,0.075,-182.167
1538.4,61.40,84.7,0.0,-2.6,5,397.693,0.054,-185.251
1550.6,61.64,84.8,0.0,-2.5,5,395.716,0.033,-188.367
1550.6,61.79,84.8,0.0,-2.3,5,394.410,0.019,-190.462
1550.6,62.01,84.8,0.0,-2.1,5,392.469,0.001,-193.627
1550.6,62.16,84.9,0.0,-1.8,5,391.185,-0.010,-195.753
1563.0,62.40,84.9,0.0,-1.5,5,389.273,-0.023,-198.963
1563.0,62.55,85.0,0.0,-1.3,5,388.006,-0.031,-201.117
1563.0,62.77,85.0,0.0,-1.3,5,386.116,-0.041,-204.366
1563.0,62.92,85.0,0.0,-1.1,5,384.861,-0.045,-206.544
1575.5,63.15,85.1,0.0,-1.0,5,382.987,-0.051,-209.828
1575.5,63.29,85.1,0.0,-0.6,5,381.742,-0.054,-212.029
1575.5,63.52,85.1,0.0,-0.6,5,379.880,-0.058,-215.346
1575.5,63.67,85.2,0.0,-0.8,5,378.641,-0.061,-217.567
1588.2,63.89,85.2,0.0,-1.0,5,376.784,-0.064,-220.913
1588.2,64.03,85.2,0.0,-1.0,5,375.548,-0.066,-223.153
1588.2,64.25,85.2,0.0,-0.8,5,373.697,-0.067,-226.526
1588.2,64.47,85.3,0.0,-0.7,5,371.851,-0.068,-229.917
1601.0,64.61,85.3,0.0,-0.6,5,370.622,-0.070,-232.187
1601.0,64.82,85.3,0.0,-0.6,5,368.781,-0.073,-235.606
1601.0,64.97,85.4,0.0,-0.7,5,367.556,-0.078,-237.894
1601.0,65.18,85.4,0.0,-0.8,5,365.720,-0.087,-241.339
1614.0,65.32,85.4,0.0,-0.9,5,364.498,-0.093,-243.645
1614.0,65.53,85.4,0.0,-1.0,5,362.668,-0.105,-247.117
1614.0,65.67,85.4,0.0,-1.0,5,361.449,-0.114,-249.440
1614.0,65.88,85.5,0.0,-0.9,5,359.625,-0.128,-252.939
1627.1,66.01,85.5,0.0,-0.8,5,358.412,-0.138,-255.281
1653.8,67.54,85.8,0.0,-0.3,5,344.610,-0.261,-282.722
1653.8,67.67,85.8,0.0,-0.2,5,343.417,-0.274,-285.148
1653.8,67.87,85.8,0.0,-0.1,5,341.627,-0.294,-288.799
1667.3,68.00,85.8,0.0,-0.1,5,340.433,-0.309,-291.240
1667.3,68.19,85.9,0.0,-0.0,5,338.641,-0.331,-294.910
1667.3,68.31,85.9,0.0,-0.0,5,337.445,-0.345,-297.364
1667.3,68.49,86.0,0.0,-0.0,5,335.649,-0.371,-301.054
1681.0,68.69,85.9,0.0,0.0,5,333.848,-0.400,-304.755
1681.0,68.81,86.0,0.0,0.0,5,332.645,-0.413,-307.227
1681.0,69.00,86.0,0.0,0.0,5,330.838,-0.433,-310.945
1681.0,69.12,86.0,0.0,0.0,5,329.630,-0.447,-313.429
1694.7,69.31,86.0,0.0,0.0,5,327.815,-0.473,-317.164
1694.7,69.43,86.0,0.0,-0.0,5,326.603,-0.490,-319.659
1694.7,69.60,86.1,0.0,-0.1,5,324.780,-0.514,-323.410
1694.7,69.72,86.1,0.0,-0.1,5,323.563,-0.530,-325.917
1708.6,69.90,86.1,0.0,-0.0,5,321.733,-0.553,-329.684
1708.6,70.02,86.1,0.0,-0.0,5,320.511,-0.569,-332.201
1708.6,70.19,86.1,0.0,-0.0,5,318.675,-0.593,-335.985
1708.6,70.31,86.2,0.0,-0.0,5,317.449,-0.609,-338.513
1722.7,70.48,86.2,0.0,-0.0,5,315.607,-0.634,-342.314
1722.7,70.60,86.2,0.0,-0.1,5,314.377,-0.650,-344.852
1722.7,70.68,0.0,0.0,-0.1,0,312.529,-0.675,-348.668
1722.7,70.62,85.0,0.0,-0.1,6,311.298,-0.691,-351.211
1736.8,70.78,85.0,0.0,-0.0,6,309.451,-0.716,-355.030
1736.8,70.94,85.0,0.0,-0.1,6,307.601,-0.742,-358.858
1736.8,71.05,85.0,0.0,-0.1,6,306.367,-0.760,-361.415
1736.8,71.20,85.1,0.0,-0.1,6,304.512,-0.789,-365.258
1751.0,71.31,85.1,0.0,-0.1,6,303.274,-0.808,-367.825
1751.0,71.47,85.1,0.0,-0.0,6,301.414,-0.839,-371.683
1751.0,71.57,85.1,0.0,-0.0,6,300.173,-0.860,-374.260
1751.0,71.73,85.2,0.0,-0.0,6,298.309,-0.892,-378.133
1765.3,71.83,85.2,0.0,-0.0,6,297.065,-0.914,-380.721
1765.3,71.98,85.2,0.0,-0.0,6,295.196,-0.948,-384.609
1765.3,72.09,85.2,0.0,-0.0,6,293.948,-0.970,-387.206
1765.3,72.24,85.2,0.0,-0.0,6,292.074,-1.001,-391.108
1779.7,72.34,85.2,0.0,-0.0,6,290.823,-1.022,-393.715
1808.8,73.42,85.4,0.0,0.1,6,276.939,-1.248,-422.619
1808.8,73.56,85.4,0.0,0.2,6,275.026,-1.277,-426.590
1808.8,73.66,85.4,0.0,0.2,6,273.747,-1.296,-429.242
1823.5,73.80,85.5,0.0,0.2,6,271.823,-1.326,-433.225
1823.5,73.89,85.5,0.0,0.2,6,270.538,-1.347,-435.884
1823.5,74.03,85.5,0.0,0.2,6,268.603,-1.377,-439.878
1823.5,74.12,85.5,0.0,0.3,6,267.311,-1.397,-442.544
1838.3,74.26,85.5,0.0,0.3,6,265.366,-1.427,-446.547
1838.3,74.35,85.5,0.0,0.3,6,264.065,-1.446,-449.219
1838.3,74.48,85.5,0.0,0.3,6,262.108,-1.474,-453.232
1838.3,74.57,85.6,0.0,0.3,6,260.799,-1.492,-455.910
1853.2,74.71,85.6,0.0,0.2,6,258.828,-1.518,-459.931
1853.2,74.80,85.6,0.0,0.2,6,257.510,-1.535,-462.615
1853.2,74.93,85.6,0.0,0.3,6,255.526,-1.563,-466.644
1853.2,75.06,85.6,0.0,0.3,6,253.534,-1.591,-470.679
1868.1,75.14,85.7,0.0,0.3,6,252.202,-1.608,-473.371
1868.1,75.28,85.7,0.0,0.2,6,250.196,-1.635,-477.414
1868.1,75.36,85.7,0.0,0.2,6,248.855,-1.652,-480.111
1868.1,75.49,85.7,0.0,0.3,6,246.835,-1.677,-484.161
1883.2,75.58,85.7,0.0,0.3,6,245.484,-1.693,-486.863
1883.2,75.70,85.7,0.0,0.2,6,243.452,-1.717,-490.921
1883.2,75.79,85.7,0.0,0.2,6,242.093,-1.732,-493.628
1883.2,75.91,85.8,0.0,0.2,6,240.048,-1.755,-497.694
1898.4,75.99,85.8,0.0,0.2,6,238.681,-1.769,-500.406
1898.4,76.12,85.8,0.0,0.2,6,236.624,-1.792,-504.480
1898.4,76.20,85.8,0.0,0.2,6,235.249,-1.808,-507.198
1898.4,76.32,85.8,0.0,0.2,6,233.182,-1.831,-511.280
1913.6,76.40,85.8,0.0,0.2,6,231.800,-1.847,-514.003
1913.6,76.53,85.8,0.0,0.2,6,229.722,-1.870,-518.093
1913.6,76.65,85.9,0.0,0.1,6,227.637,-1.895,-522.188
1913.6,76.72,85.9,0.0,0.1,6,226.244,-1.912,-524.920
1928.9,76.84,85.9,0.0,0.0,6,224.149,-1.936,-529.023
1928.9,76.91,85.9,0.0,-0.0,6,222.749,-1.950,-531.761
1928.9,77.04,85.9,0.0,-0.1,6,220.645,-1.971,-535.872
1928.9,77.12,85.9,0.0,-0.1,6,219.241,-1.987,-538.617
1944.3,77.24,85.9,0.0,-0.2,6,217.131,-2.014,-542.739
1944.3,77.32,85.9,0.0,-0.2,6,215.724,-2.035,-545.491
1944.3,77.43,85.9,0.0,-0.2,6,213.613,-2.073,-549.625
1944.3,77.51,85.9,0.0,-0.2,6,212.205,-2.100,-552.385
1959.7,77.62,86.0,0.0,-0.3,6,210.095,-2.144,-556.533
1959.7,77.69,86.0,0.0,-0.3,6,208.689,-2.175,-559.302
1959.7,77.81,86.0,0.0,-0.4,6,206.582,-2.222,-563.463
1959.7,77.88,86.0,0.0,-0.4,6,205.178,-2.256,-566.242
1975.3,77.99,86.0,0.0,-0.3,6,203.075,-2.306,-570.418
1975.3,78.10,86.0,0.0,-0.3,6,200.975,-2.357,-574.603
1975.3,78.17,86.0,0.0,-0.3,6,199.577,-2.392,-577.398
1990.9,78.28,86.1,0.0,-0.3,6,197.484,-2.446,-581.598
1990.9,78.35,86.1,0.0,-0.3,6,196.090,-2.483,-584.403
1990.9,78.46,86.1,0.0,-0.2,6,194.001,-2.538,-588.618
1990.9,78.53,86.1,0.0,-0.1,6,192.611,-2.572,-591.433
2006.6,78.64,86.1,0.0,0.1,6,190.526,-2.626,-595.661
2006.6,78.71,86.1,0.0,0.2,6,189.137,-2.665,-598.484
2006.6,78.81,86.1,0.0,0.2,6,187.051,-2.721,-602.725
2006.6,78.88,86.1,0.0,0.3,6,185.659,-2.759,-605.554
2022.3,78.99,86.1,0.0,0.4,6,183.566,-2.817,-609.802
2022.3,79.05,86.2,0.0,0.5,6,182.167,-2.852,-612.636
2022.3,79.16,86.2,0.0,0.6,6,180.061,-2.903,-616.889
2022.3,79.23,86.2,0.0,0.7,6,178.651,-2.939,-619.725
2038.2,79.32,86.2,0.0,0.7,6,176.525,-2.990,-623.979
2038.2,79.34,0.0,0.0,0.8,0,174.385,-3.034,-628.232
2038.2,79.26,85.1,0.0,0.7,7,172.952,-3.060,-631.061
2038.2,79.35,85.1,0.0,0.7,7,170.792,-3.098,-635.301
2054.0,79.41,85.1,0.0,0.6,7,169.344,-3.122,-638.126
2054.0,79.50,85.1,0.0,0.5,7,167.159,-3.156,-642.363
2054.0,79.56,85.2,0.0,0.5,7,165.695,-3.177,-645.187
2054.0,79.65,85.2,0.0,0.5,7,163.486,-3.203,-649.422
2069.9,79.71,85.2,0.0,0.5,7,162.006,-3.218,-652.245
2069.9,79.80,85.2,0.0,1.0,7,159.776,-3.235,-656.478
2069.9,79.85,85.2,0.0,1.3,7,158.282,-3.244,-659.300
2069.9,79.94,85.2,0.0,1.5,7,156.026,-3.253,-663.529
2085.8,79.99,85.2,0.0,1.3,7,154.510,-3.257,-666.346
2085.8,80.08,85.2,0.0,1.1,7,152.218,-3.259,-670.565
2085.8,80.13,85.3,0.0,1.0,7,150.675,-3.257,-673.374
2085.8,80.21,85.2,0.0,1.0,7,148.342,-3.251,-677.580
2101.8,80.29,85.3,0.0,1.0,7,145.988,-3.240,-681.780
2101.8,80.34,85.3,0.0,0.9,7,144.407,-3.232,-684.576
2101.8,80.42,85.3,0.0,0.8,7,142.019,-3.215,-688.766
2101.8,80.47,85.3,0.0,0.6,7,140.416,-3.201,-691.557
2117.9,80.55,85.3,0.0,0.2,7,137.999,-3.175,-695.738
2117.9,80.60,85.3,0.0,-0.0,7,136.379,-3.155,-698.525
2117.9,80.67,85.3,0.0,0.1,7,133.941,-3.121,-702.703
2117.9,80.72,85.3,0.0,0.3,7,132.311,-3.096,-705.489
2133.9,80.80,85.3,0.0,0.5,7,129.859,-3.055,-709.668
2133.9,80.85,85.3,0.0,0.7,7,128.220,-3.025,-712.454
2133.9,80.92,85.4,0.0,1.0,7,125.753,-2.974,-716.633
2133.9,80.97,85.4,0.0,1.1,7,124.101,-2.936,-719.417
2150.1,81.03,85.4,0.0,1.5,7,121.609,-2.874,-723.589
2150.1,81.08,85.4,0.0,1.5,7,119.937,-2.830,-726.367
2150.1,80.59,0.0,68.4,1.0,7,117.416,-2.758,-730.518
2150.1,79.42,0.0,86.2,1.1,7,114.904,-2.678,-734.612
2166.1,78.55,0.0,90.0,1.1,7,113.242,-2.620,-737.300
2166.1,77.20,0.0,91.8,0.8,7,110.768,-2.531,-741.267
2166.1,76.30,0.0,92.5,0.7,7,109.132,-2.469,-743.866
2166.1,74.93,0.0,92.2,0.8,7,106.700,-2.377,-747.699
2181.5,74.04,0.0,92.3,1.1,7,105.093,-2.315,-750.209
2181.5,72.70,0.0,92.7,1.7,7,102.704,-2.224,-753.908
2181.5,71.80,0.0,92.7,1.9,7,101.124,-2.164,-756.329
2181.5,70.51,0.0,95.9,2.0,0,98.772,-2.079,-759.893
2195.9,69.58,32.3,94.5,1.4,0,97.217,-2.030,-762.226
2195.9,68.20,0.0,90.7,-0.3,6,94.897,-1.955,-765.648
2195.9,67.33,0.0,91.2,-0.1,6,93.356,-1.902,-767.879
2195.9,66.02,0.0,92.5,0.6,6,91.059,-1.825,-771.157
2209.4,65.13,0.0,91.8,0.9,6,89.538,-1.776,-773.295
2209.4,63.82,0.0,91.6,1.8,6,87.275,-1.700,-776.434
2209.4,62.51,0.0,91.5,1.6,6,85.032,-1.626,-779.492
2209.4,61.66,28.3,91.9,1.3,0,83.549,-1.578,-781.485
2222.1,60.36,0.0,92.1,1.3,5,81.344,-1.510,-784.410
2222.1,59.50,0.0,91.7,1.4,5,79.886,-1.466,-786.315
2222.1,58.21,0.0,90.9,2.1,5,77.717,-1.404,-789.105
2222.1,57.36,0.0,90.4,2.5,5,76.282,-1.363,-790.919
2233.8,56.10,0.0,90.9,3.2,5,74.147,-1.306,-793.572
2233.8,55.26,0.0,90.8,3.3,5,72.733,-1.269,-795.295
2233.8,53.99,0.0,83.3,3.0,0,70.626,-1.216,-797.808
2233.8,53.25,23.5,77.9,2.5,0,69.228,-1.181,-799.435
2244.7,52.17,0.0,51.7,1.7,4,67.136,-1.129,-801.808
2244.7,51.63,0.0,34.3,1.3,4,65.741,-1.095,-803.346
2244.7,51.07,0.0,21.3,2.3,4,63.632,-1.045,-805.592
2244.7,50.78,0.0,17.4,4.2,4,62.213,-1.011,-807.053
2254.9,50.40,0.0,13.6,7.5,4,60.062,-0.960,-809.194
2254.9,50.07,0.0,11.8,9.1,4,57.885,-0.909,-811.279
2254.9,49.86,0.0,10.4,10.0,4,56.419,-0.874,-812.637
2264.8,49.57,0.0,8.8,10.3,4,54.198,-0.822,-814.629
2264.8,49.38,0.0,8.0,10.5,4,52.702,-0.787,-815.924
2264.8,49.10,0.0,6.6,10.6,4,50.434,-0.737,-817.818
2264.8,48.93,0.0,5.6,10.5,4,48.905,-0.704,-819.045
2274.6,48.67,0.0,4.7,11.5,4,46.585,-0.653,-820.831
2274.6,48.51,0.0,2.4,12.5,4,45.021,-0.620,-821.985
2274.6,48.30,0.0,0.7,14.0,4,42.649,-0.570,-823.661
2274.6,48.16,2.7,0.0,14.7,4,41.050,-0.538,-824.740
2284.4,47.97,4.4,0.0,15.6,4,38.625,-0.490,-826.300
2284.4,47.85,8.1,0.0,15.8,4,36.990,-0.457,-827.300
2284.4,47.67,4.3,0.0,16.5,4,34.511,-0.408,-828.738
2284.4,47.48,5.6,0.0,17.2,4,32.004,-0.359,-830.102
2294.1,47.35,2.1,0.0,17.7,4,30.318,-0.327,-830.970
2294.1,47.15,6.2,0.0,18.6,4,27.768,-0.279,-832.208
2294.1,47.03,6.1,0.0,18.8,4,26.054,-0.247,-832.990
2294.1,46.85,9.7,0.0,18.8,4,23.465,-0.198,-834.098
2303.8,46.73,8.1,0.0,18.7,4,21.727,-0.165,-834.792
2303.8,46.55,7.0,0.0,19.1,4,19.105,-0.115,-835.768
2303.8,46.43,3.9,0.0,19.7,4,17.347,-0.083,-836.376
2303.8,46.23,5.9,0.0,20.7,4,14.700,-0.036,-837.223
2313.5,46.10,7.1,0.0,21.0,4,12.928,-0.005,-837.745
2313.5,45.92,9.2,0.0,20.5,4,10.262,0.042,-838.460
2313.5,45.81,7.4,0.0,19.9,4,8.479,0.073,-838.892
2313.5,45.62,6.0,0.0,19.1,4,5.799,0.122,-839.472
2323.1,45.43,3.2,0.0,17.9,4,3.114,0.169,-839.974
2323.1,45.31,4.4,0.0,17.1,4,1.322,0.200,-840.265
2323.1,45.12,2.1,0.1,16.4,4,-1.365,0.244,-840.636
2323.1,44.99,2.0,0.0,16.4,4,-3.155,0.273,-840.840
2332.5,44.80,4.0,0.0,15.1,4,-5.838,0.316,-841.081
2332.5,44.68,3.3,0.0,13.6,4,-7.624,0.342,-841.201
2332.5,44.51,2.2,0.5,12.7,4,-10.297,0.382,-841.317
2332.5,44.39,6.2,0.1,12.5,4,-12.074,0.407,-841.354
2342.0,44.39,53.0,0.0,12.2,4,-14.736,0.443,-841.351
2342.0,44.51,76.3,0.0,12.1,4,-16.513,0.466,-841.312
2342.0,44.49,6.8,26.5,12.5,4,-19.183,0.498,-841.199
2342.0,44.01,0.0,23.6,13.0,4,-21.834,0.528,-841.024
2351.4,43.73,0.0,3.8,12.3,4,-23.583,0.546,-840.876
2351.4,43.68,61.7,0.0,10.9,4,-26.188,0.570,-840.602
2351.4,43.85,81.9,0.0,10.6,4,-27.925,0.585,-840.385
2351.4,44.13,81.7,0.0,11.2,4,-30.536,0.605,-840.007
2360.7,44.32,81.8,0.0,11.9,4,-32.281,0.616,-839.720
2360.7,44.60,82.2,0.0,13.4,4,-34.904,0.633,-839.236
2360.7,44.79,82.4,0.0,14.2,4,-36.655,0.644,-838.878
2360.7,45.07,82.5,0.0,14.6,4,-39.284,0.660,-838.285
2370.2,45.26,81.7,0.0,14.6,4,-41.038,0.671,-837.853
2370.2,45.51,74.8,0.0,14.6,4,-43.668,0.687,-837.149
2370.2,45.67,72.3,0.0,14.6,4,-45.420,0.696,-836.642
2370.2,45.89,75.4,0.0,15.1,4,-48.042,0.708,-835.826
2379.8,46.14,78.4,0.0,15.4,4,-50.656,0.718,-834.940
2379.8,46.30,78.4,0.0,15.2,4,-52.394,0.724,-834.310
2379.8,46.55,79.7,0.0,15.6,4,-54.991,0.734,-833.304
2379.8,46.72,80.5,0.0,15.9,4,-56.716,0.740,-832.595
2389.5,46.99,82.4,0.0,16.3,4,-59.293,0.745,-831.473
2389.5,47.17,83.1,0.0,16.4,4,-61.005,0.747,-830.687
2389.5,47.44,83.4,0.0,16.6,4,-63.558,0.748,-829.450
2389.5,47.62,83.5,0.0,16.8,4,-65.251,0.747,-828.585
2399.0,47.89,83.3,0.0,17.6,4,-67.774,0.746,-827.228
2399.0,48.06,80.7,0.0,18.1,4,-69.444,0.743,-826.284
2399.0,48.30,77.9,0.0,18.7,4,-71.931,0.738,-824.810
2399.0,48.46,79.8,0.0,19.2,4,-73.574,0.733,-823.788
2408.8,48.71,83.4,0.0,20.0,4,-76.016,0.724,-822.198
2408.8,48.88,83.3,0.0,20.0,4,-77.628,0.717,-821.098
2408.8,49.14,81.7,0.0,20.1,4,-80.022,0.706,-819.391
2418.5,49.34,66.6,0.0,20.2,4,-82.383,0.692,-817.616
2418.5,49.42,60.5,0.0,20.6,4,-83.936,0.682,-816.396
2418.5,49.37,11.7,0.0,21.6,4,-86.227,0.666,-814.513
2418.5,49.26,11.6,0.0,23.8,4,-87.723,0.653,-813.228
2428.2,49.10,11.5,0.0,25.1,4,-89.920,0.633,-811.257
2428.2,48.99,11.5,0.0,23.8,4,-91.351,0.618,-809.915
2428.2,48.97,69.4,0.0,21.6,4,-93.449,0.594,-807.861
2428.2,49.12,81.9,0.0,20.8,4,-94.821,0.577,-806.459
2437.7,49.37,84.0,0.0,21.4,4,-96.839,0.552,-804.302
2437.7,49.55,84.0,0.0,22.3,4,-98.159,0.534,-802.828
2437.7,49.81,81.0,0.0,21.6,4,-100.101,0.507,-800.568
2437.7,49.94,73.6,0.0,21.1,4,-101.369,0.487,-799.028
2447.2,50.16,81.4,0.0,19.8,4,-103.227,0.456,-796.670
2447.2,50.42,84.2,0.0,18.9,4,-105.036,0.423,-794.256
2447.2,50.61,84.3,0.0,18.1,4,-106.215,0.399,-792.615
2447.2,50.88,84.3,0.0,17.5,4,-107.941,0.360,-790.108
2457.0,51.06,84.4,0.0,16.5,4,-109.065,0.332,-788.408
2457.0,51.26,84.8,0.0,14.7,4,-110.711,0.286,-785.818
2457.0,51.46,78.0,0.0,10.3,4,-111.784,0.249,-784.066
2457.0,51.71,84.7,0.0,4.3,4,-113.345,0.191,-781.396
2467.0,51.88,84.7,0.0,1.3,4,-114.355,0.152,-779.587
2467.0,52.15,84.9,0.0,-1.7,4,-115.827,0.090,-776.837
2467.0,52.37,81.4,0.0,-4.1,4,-116.782,0.047,-774.978
2467.0,52.67,84.8,0.0,-3.2,4,-118.179,-0.021,-772.155
2477.5,52.88,84.7,0.0,-3.7,4,-119.094,-0.073,-770.253
2477.5,53.24,84.7,0.0,-2.7,4,-120.455,-0.157,-767.377
2477.5,53.44,84.8,0.0,-1.6,4,-121.362,-0.215,-765.448
2477.5,53.76,84.9,0.0,-0.7,4,-122.736,-0.300,-762.542
2488.3,54.08,85.0,0.0,-1.1,4,-124.128,-0.387,-759.624
2488.3,54.30,85.0,0.0,-1.7,4,-125.067,-0.451,-757.672
2488.3,54.62,85.0,0.0,-3.0,4,-126.494,-0.553,-754.735
2488.3,54.83,85.1,0.0,-2.7,4,-127.461,-0.622,-752.773
2499.4,55.14,85.2,0.0,-2.2,4,-128.934,-0.723,-749.823
2499.4,55.35,85.2,0.0,-2.2,4,-129.934,-0.790,-747.854
2499.4,55.66,85.3,0.0,-2.7,4,-131.458,-0.892,-744.896
2499.4,55.87,85.3,0.0,-2.6,4,-132.492,-0.961,-742.921
2510.8,56.17,85.3,0.0,-2.8,4,-134.069,-1.065,-739.955
2510.8,56.39,85.3,0.0,-2.7,4,-135.139,-1.132,-737.976
2510.8,56.69,85.5,0.0,-1.9,4,-136.770,-1.238,-735.005
2510.8,56.89,85.6,0.0,-1.7,4,-137.873,-1.317,-733.021
2522.3,57.20,85.6,0.0,-1.2,4,-139.553,-1.441,-730.043
2522.3,57.50,85.6,0.0,-1.6,4,-141.266,-1.569,-727.063
2522.3,57.70,85.6,0.0,-2.1,4,-142.424,-1.658,-725.074
2522.3,58.00,85.7,0.0,-2.4,4,-144.185,-1.799,-722.088
2534.0,58.19,85.7,0.0,-2.5,4,-145.376,-1.896,-720.095
2534.0,58.48,85.8,0.0,-1.3,4,-147.191,-2.043,-717.107
2534.0,58.68,85.8,0.0,-1.6,4,-148.417,-2.140,-715.113
2534.0,58.97,85.9,0.0,-2.1,4,-150.281,-2.288,-712.120
2545.8,59.17,85.9,0.0,-2.7,4,-151.539,-2.388,-710.123
2545.8,59.45,85.9,0.0,-2.5,4,-153.450,-2.536,-707.125
2545.8,59.64,86.0,0.0,-2.0,4,-154.742,-2.633,-705.127
2545.8,59.92,86.0,0.0,-1.5,4,-156.706,-2.771,-702.129
2557.8,60.11,86.0,0.0,-1.3,4,-158.032,-2.861,-700.131
2557.8,60.39,86.1,0.0,-1.2,4,-160.044,-2.995,-697.131
2557.8,60.57,86.1,0.0,-1.3,4,-161.399,-3.083,-695.130
2557.8,60.84,86.2,0.0,-1.5,4,-163.452,-3.211,-692.125
2570.0,61.10,86.2,0.0,-1.6,0,-165.530,-3.332,-689.117
2570.0,61.06,0.0,0.0,-1.3,0,-166.926,-3.407,-687.113
2570.0,61.24,84.7,0.0,-0.9,5,-169.034,-3.510,-684.114
2570.0,61.40,84.8,0.0,-1.1,5,-170.452,-3.574,-682.114
2582.3,61.65,84.8,0.0,-0.6,5,-172.598,-3.661,-679.112
2582.3,61.81,84.8,0.0,-0.4,5,-174.040,-3.712,-677.109
2582.3,62.05,84.9,0.0,-0.3,5,-176.218,-3.776,-674.100
2582.3,62.20,84.9,0.0,-0.4,5,-177.680,-3.811,-672.091
2594.8,62.44,85.0,0.0,-0.6,5,-179.885,-3.855,-669.072
2594.8,62.60,85.0,0.0,-0.6,5,-181.363,-3.878,-667.055
2594.8,62.83,85.0,0.0,-0.5,5,-183.592,-3.908,-664.024
2594.8,62.99,85.0,0.0,-0.5,5,-185.086,-3.925,-662.000
2607.4,63.22,85.1,0.0,-0.5,5,-187.340,-3.950,-658.957
2607.4,63.38,85.1,0.0,-0.5,5,-188.850,-3.965,-656.925
2607.4,63.60,85.1,0.0,-0.5,5,-191.127,-3.986,-653.872
2620.1,63.83,85.2,0.0,-0.5,5,-193.418,-4.003,-650.813
2620.1,63.97,85.2,0.0,-0.5,5,-194.954,-4.012,-648.770
2620.1,64.19,85.2,0.0,-0.6,5,-197.270,-4.022,-645.702
2620.1,64.33,85.3,0.0,-0.6,5,-198.821,-4.027,-643.653
2632.9,64.55,85.3,0.0,-0.6,5,-201.160,-4.031,-640.574
2632.9,64.69,85.3,0.0,-0.5,5,-202.727,-4.032,-638.519
2632.9,64.91,85.3,0.0,-0.5,5,-205.089,-4.029,-635.431
2632.9,65.04,85.4,0.0,-0.5,5,-206.672,-4.023,-633.370
2645.8,65.25,85.4,0.0,-0.7,5,-209.058,-4.008,-630.275
2645.8,65.39,85.4,0.0,-0.8,5,-210.657,-3.994,-628.209
2645.8,65.59,85.6,0.0,-1.0,5,-213.068,-3.972,-625.107
2645.8,65.73,85.7,0.0,-1.1,5,-214.684,-3.957,-623.036
2658.9,65.94,85.8,0.0,-1.3,5,-217.122,-3.934,-619.930
2658.9,66.14,85.9,0.0,-1.5,5,-219.580,-3.912,-616.822
2658.9,66.27,86.0,0.0,-1.5,5,-221.229,-3.899,-614.751
2658.9,66.47,86.1,0.0,-0.9,5,-223.721,-3.881,-611.645
2672.1,66.61,86.2,0.0,-1.1,5,-225.394,-3.873,-609.575
2672.1,66.81,86.3,0.0,-1.1,5,-227.920,-3.867,-606.471
2672.1,66.93,86.4,0.0,-1.0,5,-229.615,-3.866,-604.402
2672.1,67.06,41.9,8.0,-0.9,5,-232.173,-3.869,-601.300
2685.5,66.89,1.8,37.7,-0.9,5,-233.885,-3.874,-599.238
2685.5,66.11,0.0,72.3,-0.7,5,-236.444,-3.887,-596.172
2685.5,65.39,0.0,82.1,-0.6,5,-238.136,-3.899,-594.156
2685.5,64.21,0.0,88.4,-0.3,5,-240.644,-3.920,-591.181
2698.6,63.37,0.0,89.2,0.0,5,-242.294,-3.937,-589.233
2698.6,62.11,0.0,90.2,0.2,5,-244.736,-3.966,-586.365
2698.6,60.85,0.0,90.9,0.1,5,-247.136,-4.000,-583.561
2698.6,60.01,0.0,90.7,-0.1,5,-248.712,-4.025,-581.726
2710.9,58.75,0.0,90.6,-0.2,5,-251.040,-4.064,-579.026
2710.9,57.92,0.0,90.9,-0.1,5,-252.567,-4.090,-577.260
2710.9,56.67,0.0,90.9,0.1,5,-254.821,-4.131,-574.662
2710.9,55.83,0.0,90.7,0.1,5,-256.299,-4.157,-572.964
2722.3,54.58,0.0,90.6,0.1,5,-258.479,-4.197,-570.467
2722.3,53.77,0.0,90.8,-0.2,5,-259.908,-4.223,-568.835
2722.3,52.55,32.0,91.5,-0.5,0,-262.014,-4.262,-566.437
2722.3,51.73,0.0,91.9,-0.7,4,-263.394,-4.289,-564.871
2732.9,50.49,0.0,91.5,-1.2,4,-265.427,-4.330,-562.572
2732.9,49.67,0.0,91.2,-1.5,4,-266.759,-4.357,-561.074
2732.9,48.44,0.0,90.8,-1.9,4,-268.723,-4.398,-558.878
2732.9,47.62,0.0,90.6,-2.0,4,-270.009,-4.424,-557.449
2742.7,46.41,0.0,90.3,-2.1,4,-271.907,-4.461,-555.359
2759.8,37.68,38.7,77.9,-0.0,0,-284.773,-4.688,-542.075
2773.9,30.51,0.0,51.6,-5.4,2,-296.776,-4.861,-532.059
2773.9,29.78,0.0,46.6,-4.4,2,-298.263,-4.878,-531.026
2779.9,29.34,0.0,45.1,-9.8,2,-299.245,-4.888,-530.367
2779.9,28.72,35.7,43.2,-16.8,0,-300.710,-4.903,-529.424
2779.9,28.31,0.0,41.8,-19.6,1,-301.682,-4.912,-528.826
2779.9,27.69,0.0,41.7,-15.6,1,-303.134,-4.924,-527.977
2785.4,27.26,0.0,39.8,-12.4,1,-304.095,-4.932,-527.443
2785.4,26.67,0.0,34.7,-9.1,1,-305.525,-4.942,-526.684
2785.4,26.16,0.0,33.2,-8.4,1,-306.942,-4.951,-525.973
2785.4,25.83,0.0,29.3,-10.0,1,-307.880,-4.956,-525.523
2790.6,25.39,0.0,21.4,-16.2,1,-309.277,-4.963,-524.883
2790.6,25.14,0.0,20.2,-21.2,1,-310.204,-4.966,-524.480
2790.6,24.78,0.0,16.0,-25.4,1,-311.592,-4.970,-523.917
2790.6,24.57,0.0,14.6,-26.7,1,-312.517,-4.971,-523.570
2796.2,24.26,0.0,14.3,-26.6,1,-313.903,-4.972,-523.095
2796.2,24.06,0.0,12.9,-25.6,1,-314.827,-4.972,-522.810
2796.2,23.78,0.0,10.2,-25.6,1,-316.211,-4.969,-522.428
2796.2,23.62,0.0,9.9,-26.1,1,-317.133,-4.966,-522.206
2802.1,23.35,0.0,6.3,-32.4,1,-318.513,-4.960,-521.921
2802.1,23.17,18.3,0.0,-34.5,1,-319.890,-4.951,-521.696
2802.1,23.25,33.0,0.0,-33.7,1,-320.810,-4.944,-521.580
2807.9,23.41,45.1,0.0,-30.6,1,-322.203,-4.932,-521.452
2807.9,23.57,59.6,0.0,-27.8,1,-323.140,-4.927,-521.393
2807.9,23.71,29.9,0.0,-25.3,1,-324.557,-4.924,-521.343
2807.9,23.77,9.7,4.6,-21.0,1,-325.508,-4.926,-521.334
2813.6,23.60,0.0,8.0,-14.8,1,-326.930,-4.932,-521.368
2813.6,23.40,0.0,4.1,-12.3,1,-327.869,-4.933,-521.423
2813.6,23.22,0.5,0.1,-11.1,1,-329.261,-4.926,-521.562
2813.6,23.14,2.7,0.0,-14.1,1,-330.180,-4.919,-521.686
2818.8,23.05,6.0,0.0,-22.4,1,-331.547,-4.909,-521.912
2818.8,23.03,21.7,0.0,-28.6,1,-332.451,-4.904,-522.087
2818.8,23.17,43.7,0.0,-32.6,1,-333.803,-4.896,-522.389
2818.8,23.35,52.1,0.0,-33.2,1,-334.704,-4.889,-522.618
2823.7,23.69,59.6,0.0,-33.4,1,-336.060,-4.878,-523.005
2823.7,23.95,71.9,0.0,-33.9,1,-336.967,-4.870,-523.293
2823.7,24.44,65.5,0.0,-33.4,1,-338.337,-4.855,-523.770
2823.7,24.81,63.8,0.0,-30.3,1,-339.713,-4.838,-524.305
2828.7,25.04,57.3,0.0,-27.9,1,-340.630,-4.826,-524.696
2828.7,25.38,57.3,0.0,-26.1,1,-342.001,-4.807,-525.332
2828.7,25.61,59.4,0.0,-23.9,1,-342.911,-4.793,-525.791
2828.7,25.94,52.2,0.0,-18.8,1,-344.269,-4.772,-526.529
2833.8,26.17,59.6,0.0,-14.8,1,-345.169,-4.757,-527.053
2833.8,26.57,61.8,0.0,-7.4,1,-346.512,-4.736,-527.886
2833.8,26.88,68.7,0.0,-1.1,1,-347.405,-4.722,-528.472
2833.8,27.45,82.0,0.0,5.2,1,-348.752,-4.700,-529.387
2839.1,27.88,83.0,0.0,3.3,1,-349.659,-4.686,-530.019
2839.1,28.48,70.2,0.0,11.3,1,-351.037,-4.663,-530.997
2839.1,28.77,55.4,0.0,13.8,1,-351.972,-4.648,-531.658
2839.1,29.04,41.1,0.0,14.9,1,-353.400,-4.626,-532.642
2844.8,29.22,33.0,0.0,10.8,1,-354.857,-4.604,-533.606
2844.8,29.31,31.5,0.0,10.2,1,-355.843,-4.590,-534.237
2844.8,29.47,33.9,0.0,11.5,1,-357.343,-4.571,-535.163
2844.8,29.58,34.7,0.0,12.9,1,-358.357,-4.559,-535.767
2850.7,29.70,26.9,0.0,15.3,1,-359.900,-4.542,-536.651
2850.7,29.74,23.2,0.0,16.8,1,-360.942,-4.531,-537.223
2850.7,29.79,21.9,0.0,18.1,1,-362.525,-4.517,-538.050
2850.7,29.79,15.5,0.0,17.9,1,-363.592,-4.508,-538.579
2856.8,29.76,15.0,0.0,20.3,1,-365.210,-4.496,-539.336
2856.8,29.75,20.5,0.0,23.9,1,-366.300,-4.490,-539.814
2856.8,29.71,16.3,0.0,29.1,1,-367.952,-4.481,-540.488
2856.8,29.69,21.4,0.0,31.1,1,-369.064,-4.476,-540.906
2863.2,29.67,12.3,0.0,33.3,1,-370.748,-4.471,-541.486
2863.2,29.67,33.7,0.0,36.8,1,-372.449,-4.469,-542.007
2863.2,29.76,45.3,0.0,37.9,1,-373.594,-4.471,-542.324
2863.2,29.99,48.5,0.0,39.8,1,-375.334,-4.475,-542.753
2870.6,30.11,50.7,0.0,39.6,1,-376.509,-4.475,-543.002
2870.6,30.34,52.0,0.0,38.7,1,-378.294,-4.472,-543.322
2870.6,30.50,53.7,0.0,39.9,1,-379.497,-4.470,-543.501
2870.6,30.66,27.9,0.0,40.6,1,-381.318,-4.473,-543.725
2877.6,30.64,25.1,0.0,42.3,1,-382.538,-4.475,-543.838
2877.6,30.61,26.7,0.0,46.1,1,-384.373,-4.479,-543.949
2877.6,30.61,25.9,0.0,48.1,1,-385.596,-4.482,-543.986
2877.6,30.56,21.0,0.0,51.0,1,-387.432,-4.487,-543.983
2885.4,30.48,14.4,0.0,52.4,1,-388.652,-4.489,-543.938
2885.4,30.35,14.1,0.0,56.3,1,-390.473,-4.491,-543.815
2885.4,30.22,12.7,0.0,58.5,1,-392.281,-4.493,-543.628
2885.4,30.13,12.3,0.0,59.2,1,-393.478,-4.495,-543.470
2892.1,29.99,12.2,0.0,58.1,1,-395.258,-4.497,-543.184
2892.1,29.89,12.3,0.0,58.8,1,-396.435,-4.497,-542.958
2892.1,29.74,12.5,0.0,58.2,1,-398.181,-4.498,-542.569
2892.1,29.65,12.4,0.0,57.2,1,-399.332,-4.499,-542.276
2898.3,29.52,12.4,0.0,55.0,1,-401.038,-4.502,-541.784
2898.3,29.43,12.3,0.0,53.5,1,-402.160,-4.506,-541.424
2898.3,29.30,12.4,0.0,50.2,1,-403.821,-4.514,-540.834
2898.3,29.22,12.8,0.0,47.2,1,-404.911,-4.521,-540.409
2904.2,29.11,15.5,0.0,42.0,1,-406.521,-4.534,-539.723
2904.2,29.07,19.4,0.0,38.1,1,-407.577,-4.543,-539.234
2904.2,29.10,34.4,0.0,31.4,1,-409.137,-4.559,-538.453
2909.9,29.37,69.6,0.0,23.1,1,-410.674,-4.577,-537.614
2909.9,29.65,59.7,0.0,16.5,1,-411.694,-4.589,-537.021
2909.9,30.00,60.8,0.0,7.2,1,-413.217,-4.611,-536.083
2909.9,30.28,60.2,0.0,2.5,1,-414.227,-4.626,-535.426
2915.7,30.76,77.0,0.0,-0.7,1,-415.740,-4.649,-534.398
2915.7,31.15,80.1,0.0,-0.6,1,-416.750,-4.666,-533.684
2915.7,31.75,81.6,0.0,1.9,1,-418.272,-4.690,-532.570
2915.7,32.15,82.9,0.0,4.7,1,-419.292,-4.707,-531.801
2921.8,32.75,83.3,0.0,9.1,1,-420.831,-4.734,-530.611
2921.8,33.13,84.1,0.0,10.8,1,-421.862,-4.752,-529.793
2921.8,33.71,85.3,0.0,11.2,1,-423.415,-4.779,-528.526
2921.8,34.09,85.8,0.0,11.3,1,-424.452,-4.796,-527.653
2928.4,34.65,86.2,0.0,10.0,1,-426.007,-4.821,-526.300
2928.4,34.87,0.0,0.0,8.8,0,-427.555,-4.846,-524.898
2928.4,35.05,84.4,0.0,7.9,2,-428.572,-4.861,-523.941
2928.4,35.60,84.4,0.0,6.9,2,-430.092,-4.883,-522.465
2935.3,35.93,84.6,0.0,7.1,2,-431.102,-4.897,-521.453
2935.3,36.46,84.7,0.0,7.4,2,-432.614,-4.917,-519.896
2935.3,36.81,84.8,0.0,7.5,2,-433.619,-4.930,-518.830
2935.3,37.32,85.0,0.0,7.1,2,-435.123,-4.948,-517.194
2942.6,37.66,85.1,0.0,7.5,2,-436.123,-4.961,-516.077
2942.6,38.17,85.2,0.0,8.7,2,-437.617,-4.979,-514.363
2942.6,38.50,85.2,0.0,9.3,2,-438.608,-4.991,-513.193
2942.6,38.98,83.5,0.0,10.1,2,-440.083,-5.009,-511.398
2950.1,39.28,82.4,0.0,10.3,2,-441.056,-5.020,-510.173
2950.1,39.74,83.8,0.0,10.0,2,-442.500,-5.037,-508.293
2950.1,40.20,85.6,0.0,9.8,2,-443.919,-5.052,-506.362
2950.1,40.51,85.9,0.0,9.6,2,-444.851,-5.061,-505.045
2958.0,40.97,85.9,0.0,9.9,2,-446.226,-5.072,-503.025
2958.0,41.28,86.0,0.0,10.3,2,-447.126,-5.079,-501.649
2958.0,41.72,86.1,0.0,10.9,2,-448.452,-5.087,-499.542
2958.0,42.01,86.2,0.0,10.8,2,-449.317,-5.092,-498.110
2966.0,42.13,0.0,0.0,10.1,0,-450.583,-5.097,-495.922
2966.0,42.27,84.3,0.0,9.8,3,-451.399,-5.100,-494.446
2966.0,42.67,84.5,0.0,9.8,3,-452.588,-5.101,-492.194
2966.0,42.92,84.6,0.0,10.3,3,-453.362,-5.103,-490.667
2974.3,43.32,84.7,0.0,10.4,3,-454.491,-5.108,-488.341
2974.3,43.59,84.7,0.0,10.5,3,-455.223,-5.112,-486.764
2974.3,43.97,84.8,0.0,11.2,3,-456.287,-5.120,-484.363
2974.3,44.37,84.9,0.0,11.4,3,-457.309,-5.132,-481.919
2982.7,44.62,85.0,0.0,11.4,3,-457.967,-5.141,-480.266
2982.7,45.00,85.1,0.0,11.4,3,-458.918,-5.158,-477.752
2982.7,45.25,85.2,0.0,11.6,3,-459.526,-5.172,-476.053
2982.7,45.62,85.3,0.0,11.4,3,-460.398,-5.196,-473.471
2991.5,45.86,85.4,0.0,11.0,3,-460.951,-5.213,-471.727
2991.5,46.23,85.4,0.0,10.6,3,-461.738,-5.242,-469.079
2991.5,46.48,85.5,0.0,10.7,3,-462.232,-5.262,-467.293
2991.5,46.84,85.5,0.0,10.8,3,-462.928,-5.296,-464.582
3000.5,47.07,85.6,0.0,11.2,3,-463.360,-5.319,-462.755
3000.5,47.43,85.6,0.0,11.7,3,-463.962,-5.357,-459.986
3000.5,47.66,85.7,0.0,11.8,3,-464.329,-5.384,-458.121
3000.5,48.01,85.8,0.0,11.8,3,-464.831,-5.424,-455.296
3009.8,48.23,85.8,0.0,12.1,3,-465.130,-5.452,-453.395
3009.8,48.58,85.9,0.0,12.5,3,-465.526,-5.492,-450.519
3009.8,48.92,85.9,0.0,10.9,3,-465.859,-5.532,-447.614
3009.8,49.15,86.0,0.0,10.0,3,-466.046,-5.559,-445.662
3019.5,49.49,86.0,0.0,9.5,3,-466.276,-5.599,-442.712
3019.5,49.73,86.1,0.0,9.3,3,-466.396,-5.626,-440.732
3019.5,50.07,86.1,0.0,9.1,3,-466.526,-5.667,-437.742
3019.5,50.29,86.2,0.0,9.3,3,-466.580,-5.694,-435.736
3029.4,50.37,0.0,0.0,9.0,0,-466.611,-5.734,-432.714
3029.4,50.46,82.6,0.0,9.2,4,-466.596,-5.760,-430.699
3029.4,50.75,80.0,0.0,10.5,4,-466.520,-5.797,-427.664
3029.4,50.93,83.5,0.0,11.4,4,-466.433,-5.820,-425.633
3039.7,51.22,84.4,0.0,11.4,4,-466.245,-5.852,-422.575
3039.7,51.40,84.4,0.0,11.3,4,-466.079,-5.872,-420.530
3039.7,51.68,84.6,0.0,11.6,4,-465.771,-5.898,-417.453
3050.8,51.96,84.6,0.0,11.8,4,-465.390,-5.922,-414.368
3050.8,52.13,84.7,0.0,11.8,4,-465.095,-5.936,-412.308
3050.8,52.40,84.8,0.0,11.8,4,-464.590,-5.955,-409.213
3050.8,52.55,85.0,0.0,11.6,4,-464.213,-5.969,-407.148
3062.0,52.86,84.9,0.0,11.8,4,-463.597,-5.997,-404.047
3062.0,53.01,85.1,0.0,11.8,4,-463.152,-6.021,-401.978
3062.0,53.27,84.9,0.0,11.0,4,-462.423,-6.061,-398.875
3062.0,53.42,84.9,0.0,11.1,4,-461.889,-6.085,-396.809
3073.2,53.65,85.0,0.0,12.3,4,-461.015,-6.114,-393.719
3073.2,53.81,85.0,0.0,13.4,4,-460.384,-6.131,-391.665
3073.2,54.05,85.1,0.0,14.8,4,-459.367,-6.151,-388.594
3073.2,54.30,85.1,0.0,15.3,4,-458.272,-6.170,-385.534
3084.0,54.47,85.1,0.0,15.1,4,-457.502,-6.184,-383.500
3084.0,54.73,85.2,0.0,13.5,4,-456.285,-6.203,-380.459
3084.0,54.89,85.2,0.0,12.0,4,-455.431,-6.214,-378.440
3084.0,55.15,85.2,0.0,9.6,4,-454.087,-6.227,-375.426
3094.9,55.32,85.3,0.0,8.5,4,-453.149,-6.233,-373.426
3094.9,55.57,85.4,0.0,7.5,4,-451.685,-6.242,-370.439
3094.9,55.76,85.3,0.0,6.7,4,-450.673,-6.249,-368.456
3094.9,56.03,85.4,0.0,6.1,4,-449.102,-6.262,-365.494
3105.9,56.22,85.4,0.0,5.8,4,-448.021,-6.272,-363.526
3105.9,56.48,85.4,0.0,5.6,4,-446.351,-6.284,-360.588
3105.9,56.76,85.5,0.0,4.8,4,-444.626,-6.297,-357.661
3105.9,56.86,85.5,0.0,4.6,4,-444.039,-6.301,-356.689
3117.1,57.22,85.6,0.0,4.1,4,-441.638,-6.317,-352.809
3117.1,57.41,85.6,0.0,4.1,4,-440.405,-6.324,-350.877
3117.1,57.68,85.6,0.0,4.5,4,-438.520,-6.334,-347.985
3117.1,57.86,85.7,0.0,4.3,4,-437.240,-6.342,-346.061
3128.5,58.13,85.7,0.0,3.7,4,-435.283,-6.354,-343.184
3128.5,58.32,85.8,0.0,3.4,4,-433.954,-6.361,-341.272
3128.5,58.58,85.8,0.0,2.7,4,-431.923,-6.369,-338.414
3128.5,58.76,85.8,0.0,2.3,4,-430.547,-6.373,-336.513
3140.2,59.03,85.9,0.0,1.7,4,-428.449,-6.374,-333.670
3140.2,59.21,85.9,0.0,1.5,4,-427.030,-6.372,-331.779
3140.2,59.47,86.0,0.0,1.1,4,-424.877,-6.365,-328.944
3140.2,59.73,86.0,0.0,0.8,4,-422.696,-6.354,-326.111
3152.1,59.91,86.0,0.0,0.5,4,-421.230,-6.346,-324.220
3152.1,60.18,86.0,0.0,0.0,4,-419.013,-6.333,-321.381
3152.1,60.34,86.1,0.0,-0.3,4,-417.525,-6.323,-319.485
3152.1,60.60,86.1,0.0,-0.5,4,-415.283,-6.308,-316.633
3164.2,60.77,86.1,0.0,-0.6,4,-413.782,-6.298,-314.726
3164.2,61.02,86.2,0.0,-0.6,4,-411.524,-6.283,-311.854
3164.2,61.18,86.2,0.0,-0.7,0,-410.017,-6.271,-309.931
3164.2,61.14,84.7,0.0,-0.7,5,-407.757,-6.254,-307.040
3176.5,61.29,84.7,0.0,-0.7,5,-406.253,-6.242,-305.108
3176.5,61.52,84.8,0.0,-0.7,5,-403.996,-6.223,-302.196
3176.5,61.67,84.8,0.0,-0.7,5,-402.491,-6.209,-300.246
3176.5,61.90,85.0,0.0,-0.6,5,-400.233,-6.190,-297.307
3188.8,62.13,85.1,0.0,-0.4,5,-397.973,-6.169,-294.351
3188.8,62.28,85.2,0.0,-0.5,5,-396.466,-6.156,-292.371
3188.8,62.51,85.3,0.0,-0.5,5,-394.204,-6.136,-289.389
3188.8,62.66,85.4,0.0,-0.6,5,-392.695,-6.122,-287.392
3201.2,62.88,85.6,0.0,-0.5,5,-390.430,-6.101,-284.384
3201.2,63.03,85.7,0.0,-0.4,5,-388.918,-6.089,-282.371
3201.2,63.24,85.8,0.0,-0.2,5,-386.648,-6.071,-279.338
3201.2,63.39,85.9,0.0,-0.3,5,-385.134,-6.057,-277.309
3213.8,63.60,86.0,0.0,-0.3,5,-382.858,-6.032,-274.254
3213.8,63.75,86.1,0.0,-0.3,5,-381.339,-6.013,-272.210
3213.8,63.97,86.3,0.0,-0.1,5,-379.057,-5.986,-269.132
3213.8,64.11,86.3,0.0,-0.1,5,-377.533,-5.968,-267.074
3226.6,64.33,86.5,0.0,-0.1,5,-375.243,-5.941,-263.976
3226.6,64.54,86.6,0.0,-0.1,5,-372.947,-5.914,-260.866
3226.6,64.67,86.7,0.0,-0.1,5,-371.414,-5.895,-258.787
3239.5,64.88,86.8,0.0,0.1,5,-369.108,-5.864,-255.658
3239.5,65.02,86.9,0.0,0.2,5,-367.568,-5.841,-253.566
3239.5,65.23,87.0,0.0,0.3,5,-365.252,-5.806,-250.420
3239.5,65.37,87.1,0.0,0.4,5,-363.703,-5.782,-248.317
3252.5,65.57,87.2,0.0,0.3,5,-361.372,-5.744,-245.157
3252.5,65.70,87.3,0.0,0.3,5,-359.812,-5.718,-243.045
3252.5,65.90,87.4,0.0,0.4,5,-357.464,-5.677,-239.872
3252.5,66.04,87.4,0.0,0.4,5,-355.893,-5.649,-237.752
3265.7,66.23,87.6,0.0,0.2,5,-353.528,-5.607,-234.567
3265.7,66.36,87.6,0.0,0.0,5,-351.945,-5.580,-232.440
3265.7,66.56,87.7,0.0,0.1,5,-349.561,-5.539,-229.244
3265.7,66.76,87.8,0.0,0.2,5,-347.168,-5.504,-226.041
3279.0,66.89,87.9,0.0,0.2,5,-345.567,-5.482,-223.901
3279.0,67.07,88.0,0.0,0.1,5,-343.158,-5.443,-220.685
3279.0,67.19,88.1,0.0,0.1,5,-341.547,-5.415,-218.537
3279.0,67.39,88.2,0.0,0.1,5,-339.124,-5.372,-215.308
3292.5,67.51,88.3,0.0,0.1,5,-337.504,-5.342,-213.151
3292.5,67.70,88.4,0.0,0.1,5,-335.068,-5.295,-209.909
3292.5,67.82,88.4,0.0,0.0,5,-333.440,-5.264,-207.742
3292.5,68.00,88.5,0.0,-0.1,5,-330.992,-5.217,-204.486
3306.0,68.13,88.6,0.0,-0.1,5,-329.356,-5.185,-202.310
3306.0,68.31,88.7,0.0,-0.1,5,-326.897,-5.135,-199.039
3306.0,68.43,88.7,0.0,-0.1,5,-325.254,-5.100,-196.853
3306.0,68.61,88.8,0.0,-0.1,5,-322.785,-5.046,-193.566
3319.7,68.73,88.9,0.0,-0.1,5,-321.137,-5.010,-191.370
3319.7,68.90,89.0,0.0,-0.2,5,-318.661,-4.954,-188.067
3319.7,69.08,89.0,0.0,-0.2,5,-316.179,-4.898,-184.755
3319.7,69.19,89.1,0.0,-0.2,5,-314.523,-4.861,-182.541
3333.5,69.36,89.2,0.0,-0.1,5,-312.035,-4.806,-179.212
3333.5,69.48,89.2,0.0,-0.1,5,-310.374,-4.769,-176.988
3333.5,69.65,89.3,0.0,-0.1,5,-307.880,-4.715,-173.642
3333.5,69.76,89.4,0.0,-0.2,5,-306.215,-4.679,-171.406
3347.4,69.92,89.5,0.0,-0.2,5,-303.715,-4.622,-168.045
3347.4,70.03,89.5,0.0,-0.2,5,-302.046,-4.583,-165.798
3347.4,70.19,89.6,0.0,-0.2,5,-299.540,-4.525,-162.420
3347.4,70.30,89.7,0.0,-0.2,5,-297.867,-4.486,-160.163
3361.5,70.46,89.7,0.0,-0.2,5,-295.356,-4.427,-156.768
3361.5,70.57,89.8,0.0,-0.2,5,-293.680,-4.386,-154.500
3361.5,70.54,0.0,0.0,-0.2,0,-291.167,-4.326,-151.092
3361.5,70.62,88.9,0.0,-0.2,6,-288.657,-4.264,-147.683
3375.6,70.73,88.9,0.0,-0.1,6,-286.983,-4.223,-145.406
3375.6,70.87,89.0,0.0,-0.1,6,-284.470,-4.162,-141.982
3375.6,70.97,89.1,0.0,-0.0,6,-282.792,-4.122,-139.695
3375.6,71.12,89.1,0.0,0.0,6,-280.273,-4.062,-136.257
3389.8,71.22,89.2,0.0,0.1,6,-278.592,-4.022,-133.960
3389.8,71.37,89.2,0.0,0.1,6,-276.066,-3.961,-130.509
3389.8,71.46,89.3,0.0,0.1,6,-274.379,-3.920,-128.205
3389.8,71.60,89.4,0.0,0.1,6,-271.844,-3.858,-124.743
3404.1,71.70,89.4,0.0,0.1,6,-270.150,-3.816,-122.431
3404.1,71.84,89.5,0.0,-0.1,6,-267.605,-3.753,-118.959
3404.1,71.93,89.5,0.0,-0.2,6,-265.905,-3.711,-116.640
3404.1,72.08,89.6,0.0,-0.2,6,-263.351,-3.647,-113.156
3418.5,72.22,89.7,0.0,-0.3,6,-260.794,-3.583,-109.665
3418.5,72.31,89.7,0.0,-0.4,6,-259.087,-3.539,-107.332
3418.5,72.45,89.8,0.0,-0.4,6,-256.527,-3.470,-103.826
3418.5,72.54,89.8,0.0,-0.3,6,-254.820,-3.425,-101.483
3432.9,72.68,89.9,0.0,-0.2,6,-252.259,-3.356,-97.959
3432.9,72.77,89.9,0.0,-0.3,6,-250.553,-3.310,-95.604
3432.9,72.90,90.0,0.0,-0.3,6,-247.993,-3.244,-92.062
3432.9,72.99,90.0,0.0,-0.3,6,-246.287,-3.200,-89.696
3447.5,73.13,90.1,0.0,-0.1,6,-243.728,-3.136,-86.138
3447.5,73.22,90.1,0.0,0.2,6,-242.022,-3.094,-83.760
3447.5,73.34,90.2,0.0,0.7,6,-239.460,-3.030,-80.188
3447.5,73.44,90.2,0.0,1.1,6,-237.749,-2.988,-77.803
3462.2,73.57,90.3,0.0,0.7,6,-235.174,-2.926,-74.224
3462.2,73.69,90.3,0.0,1.2,6,-232.585,-2.862,-70.645
3462.2,73.78,90.4,0.0,1.9,6,-230.850,-2.819,-68.260
3476.9,73.90,90.4,0.0,2.7,6,-228.232,-2.755,-64.687
3476.9,73.98,90.5,0.0,3.1,6,-226.472,-2.710,-62.310
3476.9,73.56,1.4,66.7,3.6,6,-223.813,-2.641,-58.764
3476.9,72.85,0.0,80.6,3.7,6,-222.038,-2.596,-56.432
3491.6,71.63,0.0,73.7,3.3,6,-219.384,-2.527,-53.004
3491.6,70.89,0.0,59.2,3.1,6,-217.617,-2.480,-50.766
3491.6,69.99,0.0,43.4,3.1,6,-214.961,-2.414,-47.478
3491.6,69.49,0.0,34.1,4.3,6,-213.181,-2.370,-45.330
3505.6,68.87,0.0,20.0,4.3,6,-210.488,-2.305,-42.172
3505.6,68.55,0.0,10.6,3.3,6,-208.675,-2.262,-40.107
3505.6,68.22,0.0,1.8,3.3,6,-205.924,-2.196,-37.063
3505.6,68.05,4.2,0.0,3.6,6,-204.068,-2.152,-35.068
3519.1,67.86,13.5,0.0,4.7,6,-201.252,-2.086,-32.119
3519.1,67.69,12.7,0.0,5.9,6,-198.400,-2.020,-29.220
3519.1,67.53,5.8,24.5,5.9,6,-196.480,-1.978,-27.316
3519.1,67.03,0.0,99.6,5.1,6,-193.577,-1.914,-24.508
3532.4,66.24,0.0,67.1,4.5,6,-191.637,-1.870,-22.679
3532.4,65.48,46.7,3.0,3.5,6,-188.732,-1.804,-20.007
3532.4,65.51,86.4,0.0,3.9,6,-186.779,-1.761,-18.262
3532.4,65.56,36.3,24.6,6.3,6,-183.809,-1.700,-15.683
3545.4,65.30,0.0,31.6,9.0,6,-181.809,-1.666,-13.992
3545.4,64.70,0.0,28.0,12.0,6,-178.797,-1.621,-11.514
3545.4,64.35,0.0,6.5,12.0,6,-176.779,-1.596,-9.904
3545.4,64.23,77.9,0.0,10.8,6,-173.726,-1.565,-7.551
3558.4,64.29,85.7,0.0,9.9,6,-171.662,-1.547,-6.020
3558.4,64.38,85.9,0.0,9.8,6,-168.517,-1.522,-3.782
3558.4,64.47,86.0,0.0,12.3,6,-165.315,-1.496,-1.618
3558.4,64.53,86.0,0.0,14.7,6,-163.149,-1.479,-0.216
3571.8,64.57,83.0,0.0,17.0,6,-159.850,-1.446,1.815
3571.8,64.58,85.8,0.0,16.8,6,-157.621,-1.416,3.118
3571.8,64.71,86.5,0.0,16.9,6,-154.232,-1.364,5.007
3571.8,64.75,86.8,0.0,17.6,6,-151.950,-1.333,6.229
3585.7,64.72,87.5,0.0,15.4,6,-148.502,-1.306,8.019
3585.7,64.87,57.4,0.0,12.9,6,-146.189,-1.303,9.184
3585.7,64.62,12.2,0.0,9.4,6,-142.676,-1.287,10.849
3585.7,64.37,12.0,0.0,7.0,6,-140.314,-1.263,11.886
3599.5,64.07,11.9,0.0,4.5,6,-136.750,-1.222,13.352
3599.5,63.75,11.8,0.0,4.9,6,-133.169,-1.183,14.722
3599.5,63.53,11.8,0.0,6.2,6,-130.772,-1.159,15.581
3599.5,63.21,11.7,0.0,9.1,6,-127.165,-1.124,16.785
3612.6,62.99,11.7,0.0,11.7,6,-124.754,-1.102,17.533
3612.6,62.66,11.6,0.0,16.1,6,-121.130,-1.071,18.571
3612.6,62.45,13.8,0.0,19.8,6,-118.709,-1.049,19.205
3612.6,62.21,30.5,0.0,27.0,6,-115.072,-1.017,20.073
3625.3,62.07,25.1,0.0,32.4,6,-112.642,-0.997,20.599
3625.3,61.83,17.4,0.0,39.8,6,-108.993,-0.965,21.308
3625.3,61.67,16.9,0.0,42.7,6,-106.559,-0.942,21.731
3625.3,61.41,11.4,0.0,43.4,6,-102.910,-0.907,22.297
3637.4,61.23,11.4,0.0,41.9,6,-100.479,-0.884,22.628
3637.4,60.96,15.5,0.0,37.2,6,-96.838,-0.848,23.048
3637.4,60.70,16.4,0.0,32.4,6,-93.202,-0.809,23.368
3637.4,60.53,17.3,0.0,29.6,6,-90.782,-0.782,23.527
3649.3,60.28,20.2,0.0,25.9,6,-87.162,-0.742,23.683
3649.3,60.13,23.5,0.0,23.0,6,-84.754,-0.715,23.734
3649.3,59.94,32.9,0.0,19.7,6,-81.152,-0.674,23.729
3649.3,59.86,44.5,0.0,17.8,6,-78.756,-0.646,23.673
3661.2,59.83,69.0,0.0,15.2,6,-75.171,-0.603,23.509
3661.2,59.88,84.2,0.0,13.4,6,-72.782,-0.573,23.349
3661.2,60.01,86.1,0.0,10.6,6,-69.200,-0.527,23.037
3661.2,60.10,86.2,0.0,8.6,6,-66.811,-0.498,22.786
3673.2,60.25,86.3,0.0,5.0,6,-63.228,-0.455,22.348
3673.2,60.35,86.3,0.0,2.8,6,-60.840,-0.425,22.016
3673.2,60.52,86.4,0.0,1.7,6,-57.256,-0.376,21.464
3685.2,60.70,86.5,0.0,2.2,6,-53.670,-0.326,20.862
3685.2,60.82,86.6,0.0,2.4,6,-51.277,-0.293,20.438
3685.2,61.01,86.7,0.0,1.2,6,-47.683,-0.247,19.777
3685.2,61.13,86.8,0.0,-0.4,6,-45.284,-0.218,19.321
3697.3,61.31,86.9,0.0,-2.0,6,-41.678,-0.174,18.622
3697.3,61.44,87.0,0.0,-2.5,6,-39.269,-0.145,18.150
3697.3,61.62,86.4,0.0,-2.9,6,-35.646,-0.104,17.448
3697.3,61.74,87.1,0.0,-3.2,6,-33.222,-0.078,16.989
3709.6,61.92,87.3,0.0,-3.8,6,-29.574,-0.040,16.320
3709.6,62.02,87.4,0.0,-4.3,6,-27.133,-0.016,15.891
3709.6,62.22,87.4,0.0,-3.6,6,-23.457,0.012,15.275
3709.6,62.32,87.5,0.0,-4.1,6,-20.997,0.029,14.887
3722.1,62.49,87.6,0.0,-4.6,6,-17.293,0.053,14.340
3722.1,62.66,87.7,0.0,-5.6,6,-13.572,0.076,13.841
3722.1,62.76,87.8,0.0,-6.2,6,-11.083,0.093,13.538
3722.1,62.93,87.9,0.0,-6.7,6,-7.334,0.118,13.130
3734.8,63.03,87.9,0.0,-6.9,6,-4.826,0.134,12.892
3734.8,63.19,88.0,0.0,-6.5,6,-1.052,0.159,12.587
3734.8,63.34,88.1,0.0,-6.3,6,2.736,0.187,12.352
3734.8,63.43,88.2,0.0,-6.5,6,5.268,0.209,12.235
3747.5,63.59,88.3,0.0,-6.7,6,9.076,0.246,12.120
3747.5,63.68,88.3,0.0,-7.1,6,11.621,0.273,12.083
3747.5,63.82,88.4,0.0,-7.0,6,15.445,0.315,12.086
3747.5,63.93,88.5,0.0,-7.1,6,18.000,0.346,12.128
3760.7,64.07,88.5,0.0,-6.9,6,21.837,0.396,12.251
3760.7,64.17,88.6,0.0,-6.5,6,24.399,0.433,12.374
3760.7,64.31,88.7,0.0,-6.0,6,28.244,0.492,12.622
3760.7,64.41,88.7,0.0,-5.8,6,30.809,0.534,12.828
3773.9,64.56,88.8,0.0,-7.3,6,34.661,0.592,13.191
3773.9,64.71,88.8,0.0,-10.0,6,38.515,0.639,13.613
3773.9,64.80,88.9,0.0,-10.4,6,41.085,0.669,13.936
3773.9,64.91,89.0,0.0,-9.8,6,44.936,0.721,14.488
3787.4,65.00,89.0,0.0,-9.2,6,47.501,0.757,14.901
3787.4,65.12,89.1,0.0,-8.4,6,51.343,0.811,15.587
3787.4,65.20,89.1,0.0,-8.6,6,53.900,0.847,16.090
3787.4,65.33,89.2,0.0,-8.5,6,57.728,0.900,16.913
3800.9,65.40,89.2,0.0,-8.1,6,60.273,0.937,17.508
3800.9,65.52,89.3,0.0,-7.7,6,64.081,0.994,18.468
3800.9,65.60,89.4,0.0,-7.6,6,66.612,1.032,19.153
3800.9,65.70,89.6,0.0,-7.4,6,70.397,1.088,20.243
3814.5,65.85,89.6,0.0,-6.9,6,74.168,1.143,21.409
3814.5,65.94,89.5,0.0,-6.6,6,76.672,1.181,22.229
3814.5,66.07,89.6,0.0,-7.1,6,80.413,1.238,23.526
3814.5,66.14,89.7,0.0,-7.5,6,82.897,1.276,24.432
3827.9,66.26,89.7,0.0,-7.7,6,86.606,1.332,25.853
3827.9,66.37,89.7,0.0,-7.5,6,89.066,1.370,26.843
3827.9,66.48,89.8,0.0,-7.2,6,92.737,1.429,28.393
3827.9,66.57,89.8,0.0,-7.2,6,95.171,1.469,29.468
3841.4,66.69,89.9,0.0,-7.4,6,98.799,1.530,31.145
3841.4,66.78,89.9,0.0,-7.6,6,101.202,1.572,32.305
3841.4,66.90,90.0,0.0,-7.8,6,104.784,1.635,34.106
3841.4,66.98,90.0,0.0,-7.8,6,107.156,1.678,35.347
3854.7,67.11,90.1,0.0,-7.6,6,110.690,1.741,37.269
3854.7,67.23,90.1,0.0,-7.4,6,114.192,1.804,39.261
3854.7,67.31,90.1,0.0,-7.3,6,116.509,1.846,40.629
3868.1,67.44,90.2,0.0,-7.3,6,119.955,1.909,42.740
3868.1,67.52,90.2,0.0,-7.5,6,122.234,1.950,44.185
3868.1,67.65,90.3,0.0,-7.8,6,125.624,2.009,46.410
3868.1,67.73,90.3,0.0,-7.7,6,127.864,2.047,47.930
3881.5,67.85,90.4,0.0,-7.8,6,131.193,2.102,50.266
3881.5,67.93,90.4,0.0,-7.8,6,133.391,2.138,51.860
3881.5,68.05,90.4,0.0,-7.6,6,136.655,2.187,54.305
3881.5,68.13,90.5,0.0,-7.4,6,138.809,2.219,55.972
3895.1,68.26,90.5,0.0,-7.3,6,142.006,2.263,58.525
3895.1,68.34,90.6,0.0,-7.5,6,144.114,2.288,60.262
3895.1,68.47,90.6,0.0,-6.8,6,147.243,2.319,62.917
3895.1,68.59,90.6,0.0,-5.2,6,150.330,2.342,65.632
3908.8,68.68,90.7,0.0,-4.0,6,152.364,2.356,67.476
3908.8,68.81,90.7,0.0,-2.7,6,155.381,2.373,70.289
3908.8,68.91,90.8,0.0,-2.0,6,157.370,2.384,72.193
3908.8,69.06,90.8,0.0,-1.4,6,160.328,2.398,75.088
3922.5,69.09,39.4,13.8,-1.1,6,162.285,2.407,77.039
3922.5,68.65,0.0,55.7,-0.7,6,165.194,2.421,79.979
3922.5,68.04,0.0,73.8,-0.3,6,167.108,2.431,81.933
3922.5,66.89,0.0,85.4,0.3,6,169.935,2.448,84.835
3936.1,66.08,0.0,89.8,0.5,6,171.788,2.461,86.745
3936.1,64.80,0.0,90.8,0.6,6,174.521,2.480,89.568
3936.1,63.94,0.0,91.6,0.5,6,176.313,2.494,91.419
3936.1,62.66,0.0,92.2,0.3,6,178.956,2.514,94.150
3948.8,61.39,27.1,93.1,0.2,0,181.549,2.532,96.822
3948.8,60.52,0.0,92.4,0.3,5,183.250,2.545,98.571
3948.8,59.24,0.0,92.5,0.4,5,185.760,2.564,101.145
3948.8,58.38,0.0,91.8,0.5,5,187.406,2.576,102.828
3960.7,57.11,0.0,91.9,0.5,5,189.835,2.591,105.302
3960.7,56.26,0.0,91.4,0.5,5,191.427,2.600,106.919
3960.7,55.00,0.0,91.5,0.5,5,193.777,2.613,109.294
3960.7,54.16,0.0,91.1,0.6,5,195.317,2.622,110.843
3971.7,52.92,31.8,91.7,0.7,0,197.590,2.637,113.117
3971.7,52.10,0.0,92.4,0.8,4,199.080,2.648,114.599
3971.7,50.84,0.0,92.0,1.2,4,201.279,2.667,116.770
3971.7,49.99,0.0,91.2,1.3,4,202.721,2.682,118.183
3981.9,48.75,0.0,91.4,1.9,4,204.848,2.706,120.248
3981.9,47.93,0.0,91.7,2.0,4,206.243,2.723,121.589
3981.9,46.69,0.0,91.5,2.5,4,208.302,2.749,123.546
3981.9,45.46,0.0,91.6,3.1,4,210.323,2.773,125.437
3991.3,44.65,0.0,91.8,3.4,0,211.649,2.789,126.660
3991.3,43.45,0.0,92.1,3.6,3,213.608,2.811,128.437
3991.3,42.63,0.0,90.9,3.3,3,214.894,2.825,129.583
3991.3,41.44,0.0,88.1,2.4,3,216.794,2.843,131.246
3999.9,40.66,0.0,78.4,1.6,3,218.041,2.853,132.316
3999.9,39.63,0.0,62.2,-0.1,3,219.889,2.866,133.863
3999.9,39.02,0.0,54.9,-1.3,3,221.110,2.873,134.856
3999.9,38.22,0.0,47.1,-1.5,3,222.932,2.881,136.289
4007.8,37.75,0.0,43.5,-0.7,3,224.144,2.885,137.207
4007.8,37.08,0.0,40.4,2.5,3,225.959,2.888,138.529
4007.8,36.47,0.0,37.7,7.0,3,227.772,2.890,139.789
4007.8,36.08,0.0,37.1,9.1,3,228.978,2.889,140.597
4015.1,35.52,0.0,36.9,10.9,0,230.784,2.888,141.762
4015.1,35.17,36.8,37.4,11.3,0,231.985,2.885,142.508
4015.1,34.60,0.0,37.1,11.0,2,233.784,2.880,143.581
4015.1,34.21,0.0,35.4,10.7,2,234.979,2.876,144.265
4022.1,33.66,0.0,33.4,10.8,2,236.768,2.869,145.240
4022.1,33.31,0.0,30.7,11.3,2,237.957,2.864,145.857
4022.1,32.83,0.0,21.8,12.0,2,239.738,2.855,146.733
4022.1,32.58,0.0,17.2,12.9,2,240.925,2.849,147.285
4028.5,32.25,0.0,12.4,15.0,2,242.707,2.839,148.063
4028.5,32.07,0.0,9.7,16.6,2,243.898,2.833,148.551
4028.5,31.83,0.0,6.5,18.7,2,245.689,2.823,149.233
4034.7,31.62,0.0,4.9,19.9,2,247.488,2.813,149.858
4034.7,31.49,0.0,4.4,20.6,2,248.691,2.806,150.240
4034.7,31.30,0.0,3.9,21.6,2,250.500,2.796,150.763
4034.7,31.18,0.0,7.4,20.3,2,251.710,2.788,151.078
4040.8,30.96,0.0,5.9,17.7,2,253.527,2.776,151.497
4040.8,30.82,0.0,3.7,16.0,2,254.738,2.768,151.742
4040.8,30.66,0.0,4.3,17.3,2,256.555,2.755,152.059
4040.8,30.54,0.0,2.8,17.5,2,257.766,2.748,152.236
4047.0,30.39,1.2,0.1,21.5,2,259.581,2.738,152.450
4047.0,30.31,6.1,0.0,24.4,2,260.790,2.731,152.559
4047.0,30.20,4.9,0.0,27.6,2,262.602,2.722,152.670
4047.0,30.12,7.4,0.0,29.2,2,263.808,2.716,152.707
4053.5,30.03,12.9,0.0,31.0,2,265.613,2.709,152.706
4053.5,29.93,10.8,0.0,32.4,2,267.410,2.704,152.634
4053.5,29.87,11.9,0.0,33.4,2,268.603,2.702,152.546
4053.5,29.76,10.2,0.0,35.9,2,270.381,2.701,152.356
4061.4,29.68,9.1,0.0,38.4,2,271.559,2.701,152.192
4061.4,29.54,6.2,0.0,42.4,2,273.310,2.702,151.888
4061.4,29.44,9.6,0.0,45.0,2,274.465,2.704,151.647
4061.4,29.31,10.0,0.0,47.7,2,276.177,2.710,151.228
4068.4,29.21,9.0,0.0,51.4,2,277.303,2.716,150.911
4068.4,29.07,11.5,0.0,57.3,2,278.970,2.726,150.380
4068.4,28.97,11.4,0.0,61.2,2,280.063,2.735,149.991
4068.4,28.79,11.1,0.0,63.4,2,281.675,2.750,149.354
4076.6,28.67,10.2,0.0,61.9,2,282.728,2.763,148.893
4076.6,28.49,10.0,0.0,58.5,2,284.272,2.788,148.147
4076.6,28.33,37.3,0.0,58.9,0,285.772,2.817,147.338
4076.6,28.21,2.0,0.0,59.1,1,286.748,2.838,146.766
4083.1,28.02,11.4,0.0,55.2,1,288.172,2.869,145.863
4083.1,27.93,11.9,0.0,55.3,1,289.097,2.891,145.233
4083.1,27.78,12.3,0.0,55.1,1,290.444,2.923,144.244
4083.1,27.69,12.5,0.0,54.5,1,291.316,2.945,143.558
4089.6,27.57,13.0,0.0,53.3,1,292.582,2.979,142.489
4089.6,27.49,13.8,0.0,52.1,1,293.399,3.004,141.750
4089.6,27.38,15.7,0.0,49.6,1,294.582,3.040,140.607
4089.6,27.31,19.8,0.0,45.8,1,295.716,3.077,139.422
4094.9,27.30,24.4,0.0,42.6,1,296.445,3.100,138.609
4094.9,27.36,34.4,0.0,37.8,1,297.500,3.133,137.354
4094.9,27.46,46.0,0.0,34.3,1,298.179,3.155,136.494
4094.9,27.77,60.4,0.0,27.6,1,299.164,3.184,135.164
4100.1,27.98,47.7,0.0,22.2,1,299.801,3.203,134.250
4100.1,28.24,47.5,0.0,13.3,1,300.722,3.229,132.838
4100.1,28.42,51.1,0.0,7.7,1,301.315,3.245,131.873
4100.1,28.77,57.9,0.0,2.4,1,302.173,3.267,130.389
4105.5,29.22,73.2,0.0,1.1,1,303.002,3.288,128.861
4105.5,29.58,77.4,0.0,1.9,1,303.542,3.300,127.817
4105.5,30.15,78.4,0.0,4.5,1,304.337,3.318,126.212
4105.5,30.53,77.4,0.0,6.8,1,304.857,3.329,125.117
4111.3,31.07,75.3,0.0,9.3,1,305.622,3.344,123.435
4111.3,31.42,74.9,0.0,10.6,1,306.119,3.354,122.289
4111.3,31.93,75.0,0.0,12.1,1,306.846,3.368,120.535
4111.3,32.26,75.1,0.0,12.7,1,307.316,3.378,119.341
4117.5,32.75,76.7,0.0,13.0,1,307.997,3.391,117.515
4117.5,33.07,78.2,0.0,13.0,1,308.434,3.399,116.274
4117.5,33.56,79.4,0.0,12.8,1,309.058,3.410,114.376
4117.5,33.89,81.3,0.0,11.8,1,309.453,3.418,113.087
4124.1,34.24,0.0,0.0,9.5,0,310.009,3.429,111.118
4124.1,34.22,77.9,0.0,8.6,2,310.350,3.437,109.793
4124.1,34.67,84.1,0.0,9.0,2,310.817,3.449,107.781
4131.1,35.17,84.5,0.0,10.2,2,311.240,3.463,105.730
4131.1,35.51,84.6,0.0,10.7,2,311.496,3.474,104.340
4131.1,36.00,84.7,0.0,13.0,2,311.840,3.491,102.224
4131.1,36.29,68.2,0.0,13.8,2,312.041,3.504,100.793
4138.2,36.45,23.5,0.0,12.0,2,312.295,3.525,98.624
4138.2,36.40,4.6,9.1,10.6,2,312.432,3.539,97.174
4138.2,36.06,0.0,34.8,7.8,2,312.592,3.562,95.003
4138.2,35.67,0.0,46.4,5.5,2,312.671,3.579,93.570
4145.3,34.97,0.0,60.7,2.7,2,312.755,3.607,91.451
4145.3,34.39,0.0,69.2,1.3,2,312.793,3.627,90.063
4145.3,33.42,0.0,77.2,-0.9,2,312.831,3.660,88.027
4145.3,32.73,0.0,79.6,-2.6,2,312.849,3.682,86.702
4151.8,31.66,0.0,82.3,-4.9,2,312.870,3.716,84.769
4151.8,30.56,0.0,82.5,-6.9,2,312.894,3.750,82.900
4151.8,29.86,34.1,79.2,-7.9,0,312.916,3.772,81.691
4151.8,28.86,0.0,60.0,-9.0,1,312.961,3.804,79.928
4157.5,28.29,0.0,47.8,-9.5,1,313.003,3.825,78.785
4157.5,27.62,0.0,34.3,-11.0,1,313.088,3.855,77.110
4157.5,27.27,0.0,29.9,-12.6,1,313.163,3.873,76.014
4157.5,26.80,0.0,23.4,-15.1,1,313.304,3.898,74.398
4162.8,26.53,0.0,19.8,-16.6,1,313.418,3.913,73.337
4162.8,26.17,0.0,16.6,-18.2,1,313.622,3.934,71.769
4162.8,25.95,0.0,15.6,-19.1,1,313.781,3.947,70.738
4162.8,25.64,0.0,13.5,-20.2,1,314.053,3.964,69.214
4167.9,25.45,0.0,12.3,-20.9,1,314.259,3.975,68.213
4167.9,25.18,0.0,12.6,-20.9,1,314.602,3.990,66.733
4167.9,24.90,0.0,11.9,-21.6,1,314.989,4.004,65.280
4167.9,24.72,0.0,11.3,-22.6,1,315.270,4.012,64.328
4172.9,24.46,0.0,10.3,-24.0,1,315.727,4.022,62.925
4172.9,24.29,0.0,10.7,-24.4,1,316.056,4.028,62.007
4172.9,24.04,0.0,9.0,-25.0,1,316.585,4.036,60.657
4172.9,23.88,0.0,7.7,-25.8,1,316.961,4.040,59.775
4177.6,23.67,0.0,5.5,-27.4,1,317.562,4.044,58.481
4177.6,23.54,0.0,6.0,-28.0,1,317.986,4.047,57.637
4177.6,23.34,0.0,5.3,-29.7,1,318.659,4.048,56.401
4177.6,23.22,0.0,4.6,-30.4,1,319.131,4.048,55.598
4182.2,23.03,0.0,3.7,-30.7,1,319.874,4.047,54.426
4182.2,22.92,0.0,3.5,-30.7,1,320.393,4.045,53.667
4182.2,22.74,0.0,5.4,-31.0,1,321.203,4.040,52.562
4182.2,22.61,0.0,5.4,-31.4,1,321.764,4.036,51.850
4186.5,22.42,0.0,5.9,-31.2,1,322.637,4.029,50.818
4186.5,22.22,0.0,6.1,-30.5,1,323.544,4.020,49.833
4186.5,22.09,0.0,7.6,-30.5,1,324.168,4.014,49.203
4186.5,21.89,0.0,7.2,-31.1,1,325.128,4.005,48.298
4190.6,21.75,0.0,6.6,-32.0,1,325.783,3.998,47.721
4190.6,21.56,0.0,5.5,-33.8,1,326.788,3.987,46.897
4190.6,21.43,0.0,5.0,-34.9,1,327.472,3.979,46.376
4190.6,21.26,0.0,1.5,-33.2,1,328.518,3.965,45.636
4194.9,21.19,7.9,0.0,-31.9,1,329.228,3.956,45.172
4194.9,21.25,32.7,0.0,-29.7,1,330.316,3.942,44.514
4194.9,21.38,42.9,0.0,-28.9,1,331.059,3.932,44.097
4194.9,21.66,54.6,0.0,-31.1,1,332.204,3.917,43.501
4198.9,21.92,71.4,0.0,-32.7,1,332.988,3.907,43.123
4198.9,22.32,54.0,0.0,-38.3,1,334.201,3.893,42.585
4198.9,22.64,52.5,0.0,-44.9,1,335.455,3.878,42.090
4198.9,22.85,55.6,0.0,-42.5,1,336.313,3.869,41.788
4203.8,23.16,51.9,0.0,-40.0,1,337.630,3.855,41.377
4203.8,23.34,50.9,0.0,-39.1,1,338.527,3.846,41.133
4203.8,23.62,50.5,0.0,-41.8,1,339.899,3.833,40.815
4203.8,23.80,53.5,0.0,-42.3,1,340.830,3.826,40.636
4209.8,24.07,49.0,0.0,-49.0,1,342.248,3.814,40.414
4209.8,24.22,41.1,0.0,-54.3,1,343.207,3.807,40.300
4209.8,24.29,23.1,0.0,-62.7,1,344.658,3.796,40.178
4209.8,24.24,12.3,0.0,-67.1,1,345.628,3.789,40.131
4215.6,24.10,10.1,0.0,-71.0,1,347.078,3.780,40.113
4215.6,24.00,10.0,0.0,-73.4,1,348.040,3.774,40.136
4215.6,23.86,10.0,0.0,-74.9,1,349.474,3.766,40.221
4221.4,23.70,10.0,0.0,-74.6,1,350.892,3.760,40.370
4221.4,23.60,9.9,0.0,-73.7,1,351.829,3.757,40.505
4221.4,23.45,9.9,0.0,-71.0,1,353.218,3.752,40.759
4221.4,23.36,9.9,0.0,-68.4,1,354.132,3.750,40.962
4227.0,23.22,10.0,0.0,-69.0,1,355.482,3.747,41.319
4227.0,23.13,10.2,0.0,-68.2,1,356.369,3.746,41.590
4227.0,23.00,9.9,0.0,-65.0,1,357.676,3.744,42.045
4227.0,22.92,13.9,0.0,-64.5,1,358.531,3.744,42.381
4232.4,22.85,15.4,0.0,-61.9,1,359.789,3.745,42.932
4232.4,22.79,13.2,0.0,-58.5,1,360.611,3.746,43.329
4232.4,22.74,20.1,0.0,-50.0,1,361.817,3.749,43.971
4232.4,22.79,39.3,0.0,-45.5,1,362.603,3.752,44.428
4237.4,23.16,81.6,0.0,-37.1,1,363.767,3.758,45.162
4237.4,23.46,64.2,0.0,-28.5,1,364.538,3.762,45.685
4237.4,23.90,65.2,0.0,-17.4,1,365.688,3.769,46.517
4237.4,24.40,78.1,0.0,-9.1,1,366.832,3.778,47.404
4242.4,24.79,80.2,0.0,-6.3,1,367.596,3.784,48.023
4242.4,25.40,80.8,0.0,-6.2,1,368.747,3.794,48.992
4242.4,25.80,80.2,0.0,-10.0,1,369.518,3.800,49.664
4242.4,26.38,78.9,0.0,-15.0,1,370.679,3.809,50.712
4247.5,26.76,78.9,0.0,-17.1,1,371.453,3.816,51.439
4247.5,27.33,80.0,0.0,-18.6,1,372.613,3.825,52.572
4247.5,27.71,81.2,0.0,-18.2,1,373.384,3.830,53.358
4247.5,28.26,69.8,0.0,-14.2,1,374.533,3.838,54.581
4252.8,28.61,76.9,0.0,-11.2,1,375.292,3.843,55.427
4252.8,29.16,75.0,0.0,-10.0,1,376.420,3.850,56.741
4252.8,29.53,80.3,0.0,-9.3,1,377.165,3.854,57.647
4252.8,30.10,79.5,0.0,-8.4,1,378.270,3.860,59.052
4258.5,30.48,78.0,0.0,-8.0,1,378.998,3.865,60.019
4258.5,31.04,77.0,0.0,-8.6,1,380.078,3.870,61.514
4258.5,31.58,78.2,0.0,-10.5,1,381.142,3.875,63.061
4258.5,31.95,80.5,0.0,-11.8,1,381.841,3.878,64.121
4264.5,32.50,84.3,0.0,-12.5,1,382.876,3.882,65.753
4264.5,32.89,85.1,0.0,-13.0,1,383.555,3.884,66.870
4264.5,33.46,85.9,0.0,-12.0,1,384.555,3.887,68.589
4264.5,33.84,86.0,0.0,-10.4,1,385.209,3.889,69.765
4271.0,34.40,86.2,0.0,-8.1,1,386.167,3.892,71.572
4271.0,34.62,0.0,0.0,-7.2,0,386.791,3.894,72.805
4271.0,34.80,84.2,0.0,-6.9,2,387.691,3.897,74.678
4271.0,35.15,84.2,0.0,-7.1,2,388.275,3.899,75.949
4277.9,35.67,84.4,0.0,-7.7,2,389.132,3.900,77.892
4277.9,36.01,84.6,0.0,-8.2,2,389.692,3.900,79.211
4277.9,36.53,84.5,0.0,-8.1,2,390.515,3.899,81.224
4277.9,36.86,83.4,0.0,-7.7,2,391.051,3.896,82.590
4285.0,37.35,82.9,0.0,-7.2,2,391.835,3.890,84.673
4285.0,37.85,84.8,0.0,-5.8,2,392.593,3.883,86.797
4285.0,38.18,85.3,0.0,-5.0,2,393.083,3.878,88.235
4285.0,38.69,85.3,0.0,-4.5,2,393.797,3.870,90.427
4292.5,39.03,85.4,0.0,-4.6,2,394.258,3.867,91.911
4292.5,39.52,85.5,0.0,-5.1,2,394.932,3.863,94.168
4292.5,39.85,85.6,0.0,-5.3,2,395.370,3.862,95.693
4292.5,40.33,85.7,0.0,-4.9,2,396.010,3.860,98.011
4300.3,40.65,85.8,0.0,-4.5,2,396.427,3.858,99.575
4300.3,41.13,85.9,0.0,-3.8,2,397.035,3.855,101.951
4300.3,41.45,86.0,0.0,-3.5,2,397.430,3.852,103.554
4300.3,41.92,86.1,0.0,-3.3,2,398.008,3.849,105.987
4308.5,42.22,86.2,0.0,-3.3,2,398.382,3.847,107.626
4308.5,42.38,0.0,0.0,-3.4,0,398.930,3.845,110.108
4308.5,42.69,84.3,0.0,-3.4,3,399.455,3.841,112.602
4308.5,42.97,84.4,0.0,-3.7,3,399.796,3.838,114.281
4316.8,43.39,84.6,0.0,-4.1,3,400.293,3.834,116.823
4316.8,43.67,84.6,0.0,-4.4,3,400.613,3.831,118.534
4316.8,44.08,84.7,0.0,-4.7,3,401.075,3.827,121.124
4316.8,44.36,84.8,0.0,-4.8,3,401.370,3.824,122.868
4325.4,44.77,84.9,0.0,-5.1,3,401.791,3.821,125.507
4325.4,45.04,85.0,0.0,-5.1,3,402.057,3.818,127.283
4325.4,45.44,85.1,0.0,-4.9,3,402.431,3.813,129.971
4325.4,45.71,85.2,0.0,-4.9,3,402.663,3.809,131.778
4334.3,46.11,85.3,0.0,-5.1,3,402.985,3.803,134.513
4334.3,46.37,85.3,0.0,-5.1,3,403.181,3.800,136.352
4334.3,46.76,85.4,0.0,-5.2,3,403.446,3.794,139.133
4334.3,47.03,85.4,0.0,-5.3,3,403.604,3.790,141.001
4343.6,47.41,85.5,0.0,-5.7,3,403.812,3.783,143.826
4343.6,47.79,85.6,0.0,-5.7,3,403.982,3.776,146.676
4343.6,48.04,85.7,0.0,-5.5,3,404.073,3.772,148.590
4353.0,48.41,85.8,0.0,-5.9,3,404.176,3.766,151.481
4353.0,48.66,85.8,0.0,-6.4,3,404.221,3.762,153.421
4353.0,49.03,85.9,0.0,-6.8,3,404.253,3.757,156.351
4353.0,49.26,85.9,0.0,-7.2,3,404.249,3.753,158.316
4362.7,49.62,86.0,0.0,-7.6,3,404.202,3.747,161.282
4362.7,49.85,86.1,0.0,-7.1,3,404.142,3.743,163.270
4362.7,50.20,86.1,0.0,-5.9,3,404.010,3.736,166.268
4362.7,50.55,86.2,0.0,-5.5,3,403.828,3.728,169.284
4372.6,50.66,0.0,0.0,-5.7,0,403.677,3.724,171.303
4372.6,50.75,84.2,0.0,-6.2,4,403.409,3.717,174.330
4372.6,50.95,84.3,0.0,-6.6,4,403.203,3.713,176.353
4372.6,51.26,84.3,0.0,-7.3,4,402.853,3.704,179.399
4382.7,51.46,84.4,0.0,-8.0,4,402.590,3.699,181.436
4382.7,51.76,84.5,0.0,-8.7,4,402.150,3.691,184.501
4382.7,51.96,84.6,0.0,-8.9,4,401.825,3.685,186.549
4382.7,52.25,84.6,0.0,-8.8,4,401.285,3.678,189.628
4393.2,52.44,84.7,0.0,-8.5,4,400.889,3.674,191.684
4393.2,52.72,84.8,0.0,-11.0,4,400.241,3.669,194.771
4393.2,52.91,84.8,0.0,-12.1,4,399.771,3.666,196.830
4393.2,53.17,85.0,0.0,-12.9,4,399.005,3.663,199.918
4404.5,53.35,85.1,0.0,-13.4,4,398.452,3.661,201.976
4404.5,53.61,85.3,0.0,-14.6,4,397.558,3.661,205.057
4404.5,53.78,85.4,0.0,-15.5,4,396.921,3.661,207.107
4404.5,54.03,85.5,0.0,-17.1,4,395.903,3.658,210.176
4415.9,54.24,85.6,0.0,-17.2,4,394.802,3.658,213.232
4415.9,54.39,85.8,0.0,-16.6,4,394.020,3.662,215.259
4415.9,54.62,86.0,0.0,-16.0,4,392.779,3.671,218.284
4415.9,54.77,86.1,0.0,-15.6,4,391.908,3.676,220.291
4427.6,55.00,86.2,0.0,-15.7,4,390.535,3.684,223.283
4427.6,55.15,86.2,0.0,-16.1,4,389.574,3.689,225.265
4427.6,55.37,86.3,0.0,-16.8,4,388.065,3.699,228.216
4427.6,55.51,86.5,0.0,-17.7,4,387.016,3.704,230.170
4438.9,55.75,86.6,0.0,-18.2,4,385.383,3.708,233.080
4438.9,55.89,86.7,0.0,-18.4,4,384.254,3.708,235.006
4438.9,56.10,86.8,0.0,-17.2,4,382.498,3.708,237.869
4438.9,56.25,86.9,0.0,-15.7,4,381.284,3.708,239.760
4450.0,56.47,87.0,0.0,-13.4,4,379.400,3.710,242.567
4450.0,56.61,87.1,0.0,-12.0,4,378.102,3.713,244.419
4450.0,56.84,87.2,0.0,-10.0,4,376.092,3.721,247.164
4450.0,57.00,87.3,0.0,-9.3,4,374.712,3.727,248.975
4461.1,57.24,87.4,0.0,-8.2,4,372.586,3.735,251.663
4461.1,57.49,87.5,0.0,-7.2,4,370.395,3.744,254.317
4461.1,57.66,87.6,0.0,-6.7,4,368.901,3.750,256.068
4461.1,57.91,87.7,0.0,-6.9,4,366.611,3.760,258.670
4472.5,58.08,87.8,0.0,-7.0,4,365.053,3.765,260.390
4472.5,58.33,87.9,0.0,-6.7,4,362.673,3.772,262.945
4472.5,58.50,88.0,0.0,-5.3,4,361.057,3.775,264.632
4472.5,58.76,88.1,0.0,-2.9,4,358.589,3.780,267.138
4484.2,58.93,88.2,0.0,-2.3,4,356.917,3.782,268.794
4484.2,59.20,88.2,0.0,-2.3,4,354.374,3.782,271.261
4484.2,59.37,88.3,0.0,-2.9,4,352.656,3.782,272.896
4484.2,59.63,88.1,0.0,-3.7,4,350.048,3.783,275.333
4496.0,59.89,88.5,0.0,-3.8,4,347.405,3.786,277.755
4496.0,60.06,88.6,0.0,-3.6,4,345.624,3.787,279.361
4496.0,60.31,88.7,0.0,-2.3,4,342.923,3.789,281.757
4496.0,60.47,88.8,0.0,-1.9,4,341.102,3.790,283.344
4508.0,60.73,88.9,0.0,-1.5,4,338.345,3.791,285.713
4508.0,60.90,89.0,0.0,-1.2,4,336.489,3.791,287.285
4508.0,61.05,0.0,0.0,-0.7,0,333.684,3.790,289.636
4508.0,61.02,87.8,0.0,-0.3,5,331.807,3.790,291.196
4520.2,61.25,87.9,0.0,0.0,5,328.978,3.788,293.531
4520.2,61.41,87.9,0.0,0.2,5,327.083,3.786,295.088
4520.2,61.64,88.1,0.0,0.2,5,324.229,3.785,297.428
4520.2,61.79,88.1,0.0,0.3,5,322.319,3.786,298.992
4532.4,62.03,88.2,0.0,0.3,5,319.446,3.785,301.346
4532.4,62.18,88.3,0.0,0.4,5,317.525,3.784,302.921
4532.4,62.41,88.4,0.0,0.5,5,314.637,3.784,305.293
4544.8,62.63,88.5,0.0,0.5,5,311.742,3.789,307.678
4544.8,62.78,88.6,0.0,0.6,5,309.808,3.794,309.274
4544.8,63.01,88.6,0.0,0.6,5,306.901,3.799,311.680
4544.8,63.16,88.7,0.0,0.5,5,304.960,3.803,313.292
4557.4,63.38,88.8,0.0,0.6,5,302.044,3.812,315.722
4557.4,63.53,88.8,0.0,0.6,5,300.097,3.818,317.350
4557.4,63.75,88.9,0.0,0.7,5,297.172,3.824,319.804
4557.4,63.90,89.0,0.0,0.7,5,295.220,3.827,321.448
4570.2,64.11,89.1,0.0,0.5,5,292.287,3.831,323.927
4570.2,64.26,89.1,0.0,0.5,5,290.330,3.830,325.588
4570.2,64.48,89.2,0.0,0.5,5,287.389,3.824,328.092
4570.2,64.69,89.3,0.0,0.4,5,284.445,3.818,330.611
4583.1,64.84,89.3,0.0,0.5,5,282.480,3.814,332.298
4583.1,65.05,89.4,0.0,0.4,5,279.528,3.804,334.841
4583.1,65.19,89.5,0.0,0.3,5,277.558,3.798,336.544
4583.1,65.39,89.6,0.0,0.3,5,274.599,3.797,339.110
4596.1,65.53,89.6,0.0,0.3,5,272.623,3.797,340.828
4596.1,65.73,89.7,0.0,0.3,5,269.655,3.801,343.414
4596.1,65.87,89.7,0.0,0.2,5,267.672,3.803,345.145
4596.1,66.08,89.8,0.0,0.1,5,264.692,3.808,347.750
4609.3,66.21,89.9,0.0,0.0,5,262.702,3.813,349.493
4609.3,66.41,89.9,0.0,0.0,5,259.710,3.823,352.116
4609.3,66.54,90.0,0.0,0.1,5,257.712,3.830,353.869
4609.3,66.74,90.1,0.0,0.1,5,254.707,3.843,356.507
4622.6,66.87,90.1,0.0,0.2,5,252.700,3.851,358.270
4622.6,67.07,90.2,0.0,0.1,5,249.681,3.862,360.922
4622.6,67.26,90.3,0.0,0.1,5,246.655,3.876,363.583
4622.6,67.39,90.3,0.0,0.1,5,244.632,3.885,365.360
4636.0,67.59,90.4,0.0,0.1,5,241.592,3.896,368.034
4636.0,67.72,90.4,0.0,0.0,5,239.560,3.902,369.822
4636.0,67.90,90.5,0.0,-0.0,5,236.507,3.910,372.510
4636.0,68.03,90.5,0.0,0.0,5,234.466,3.913,374.306
4649.6,68.22,90.6,0.0,0.1,5,231.399,3.916,377.008
4649.6,68.34,90.6,0.0,0.1,5,229.350,3.916,378.813
4649.6,68.53,90.7,0.0,0.0,5,226.269,3.914,381.527
4649.6,68.66,90.7,0.0,-0.0,5,224.211,3.911,383.342
4663.3,68.84,90.8,0.0,-0.0,5,221.118,3.906,386.069
4663.3,68.96,90.8,0.0,0.0,5,219.051,3.902,387.892
4663.3,69.14,90.9,0.0,0.1,5,215.944,3.898,390.632
4663.3,69.32,91.0,0.0,0.1,5,212.830,3.893,393.380
4677.1,69.44,91.0,0.0,0.0,5,210.749,3.888,395.216
4677.1,69.62,91.1,0.0,0.0,5,207.622,3.880,397.976
4677.1,69.73,91.1,0.0,0.0,5,205.533,3.875,399.821
4677.1,69.91,91.2,0.0,0.0,5,202.393,3.870,402.594
4691.0,70.02,91.2,0.0,0.0,5,200.296,3.866,404.446
4691.0,70.19,91.3,0.0,0.0,5,197.144,3.861,407.231
4691.0,70.31,91.3,0.0,0.1,5,195.038,3.859,409.092
4691.0,70.48,91.4,0.0,0.1,5,191.874,3.854,411.889
4705.1,70.65,91.4,0.0,0.1,5,188.703,3.848,414.694
4705.1,70.68,0.0,0.0,0.1,0,186.586,3.844,416.568
4705.1,70.66,90.6,0.0,0.1,6,183.413,3.840,419.376
4705.1,70.76,90.6,0.0,0.1,6,181.295,3.838,421.251
4719.2,70.92,90.6,0.0,0.1,6,178.114,3.836,424.070
4719.2,71.03,90.7,0.0,0.1,6,175.989,3.833,425.953
4719.2,71.19,90.7,0.0,0.1,6,172.798,3.828,428.784
4719.2,71.29,90.8,0.0,0.1,6,170.667,3.824,430.676
4733.4,71.44,90.8,0.0,0.1,6,167.467,3.818,433.520
4733.4,71.54,90.9,0.0,0.1,6,165.330,3.815,435.420
4733.4,71.69,90.9,0.0,0.1,6,162.120,3.813,438.277
4733.4,71.79,90.9,0.0,0.1,6,159.978,3.813,440.186
4747.8,71.95,91.0,0.0,0.1,6,156.759,3.813,443.055
4747.8,72.09,91.0,0.0,0.1,6,153.535,3.815,445.932
4747.8,72.19,91.1,0.0,0.1,6,151.383,3.818,447.854
4762.2,72.34,91.1,0.0,0.1,6,148.150,3.823,450.744
4762.2,72.44,91.1,0.0,0.1,6,145.992,3.825,452.674
4762.2,72.59,91.2,0.0,0.0,6,142.751,3.827,455.576
4762.2,72.68,91.2,0.0,0.0,6,140.587,3.830,457.515
4776.7,72.83,91.2,0.0,-0.0,6,137.337,3.834,460.428
4776.7,72.92,91.3,0.0,-0.0,6,135.167,3.836,462.375
4776.7,73.06,91.3,0.0,0.1,6,131.908,3.838,465.299
4776.7,73.16,91.4,0.0,0.1,6,129.731,3.839,467.253
4791.3,73.30,91.4,0.0,0.0,6,126.462,3.841,470.188
4791.3,73.39,91.4,0.0,0.0,6,124.280,3.842,472.148
4791.3,73.53,91.5,0.0,-0.0,6,121.001,3.843,475.094
4791.3,73.62,91.5,0.0,-0.0,6,118.812,3.844,477.061
4806.0,73.76,91.5,0.0,-0.0,6,115.524,3.844,480.016
4806.0,73.90,91.6,0.0,-0.1,6,112.230,3.843,482.977
4806.0,73.99,91.6,0.0,-0.1,6,110.030,3.841,484.955
4806.0,74.12,91.6,0.0,-0.0,6,106.726,3.838,487.925
4820.8,74.22,91.7,0.0,-0.0,6,104.519,3.833,489.908
4820.8,74.35,91.7,0.0,0.0,6,101.204,3.825,492.887
4820.8,74.44,91.7,0.0,0.0,6,98.991,3.819,494.876
4820.8,74.57,91.8,0.0,-0.0,6,95.666,3.810,497.863
4835.7,74.66,91.8,0.0,0.0,6,93.446,3.803,499.858
4835.7,74.79,91.8,0.0,0.0,6,90.111,3.789,502.854
4835.7,74.88,91.8,0.0,-0.0,6,87.884,3.778,504.854
4835.7,75.01,91.9,0.0,-0.0,6,84.539,3.761,507.859
4850.7,75.10,91.9,0.0,0.0,6,82.306,3.748,509.865
4850.7,75.22,91.9,0.0,-0.0,6,78.952,3.728,512.878
4850.7,75.31,92.0,0.0,-0.0,6,76.712,3.715,514.890
4850.7,75.44,92.0,0.0,-0.1,6,73.348,3.694,517.912
4865.7,75.56,92.0,0.0,-0.1,6,69.977,3.672,520.938
4865.7,75.65,92.1,0.0,-0.0,6,67.727,3.657,522.958
4865.7,75.78,92.1,0.0,-0.1,6,64.346,3.633,525.992
4865.7,75.86,92.1,0.0,-0.1,6,62.089,3.616,528.017
4880.9,75.98,92.2,0.0,-0.1,6,58.698,3.588,531.058
4880.9,76.07,92.2,0.0,-0.1,6,56.433,3.568,533.088
4880.9,76.19,92.2,0.0,-0.0,6,53.031,3.536,536.136
4880.9,76.27,92.2,0.0,-0.0,6,50.760,3.513,538.170
4896.1,76.39,92.3,0.0,0.1,6,47.348,3.477,541.224
4896.1,76.48,92.3,0.0,0.2,6,45.070,3.452,543.263
4896.1,76.60,92.3,0.0,0.2,6,41.649,3.412,546.326
4896.1,76.68,92.3,0.0,0.2,6,39.365,3.384,548.371
4911.4,76.80,92.4,0.0,0.1,6,35.937,3.337,551.444
4911.4,76.88,92.4,0.0,0.1,6,33.650,3.301,553.497
4911.4,77.01,92.4,0.0,0.0,6,30.215,3.245,556.582
4911.4,77.12,92.5,0.0,-0.0,6,26.778,3.189,559.673
4926.8,77.20,92.5,0.0,-0.1,6,24.485,3.151,561.738
4926.8,77.32,92.5,0.0,-0.0,6,21.041,3.094,564.840
4926.8,77.40,92.5,0.0,-0.0,6,18.743,3.054,566.912
4926.8,77.51,92.6,0.0,-0.1,6,15.293,2.994,570.024
4942.3,77.59,92.6,0.0,-0.2,6,12.990,2.954,572.102
4942.3,77.70,92.6,0.0,-0.5,6,9.531,2.896,575.222
4942.3,77.78,92.6,0.0,-0.5,6,7.221,2.858,577.304
4942.3,77.89,92.6,0.0,-0.4,6,3.750,2.804,580.427
4957.8,77.97,92.7,0.0,-0.2,6,1.430,2.769,582.509
4957.8,77.80,38.9,62.1,-0.3,6,-2.054,2.709,585.628
4957.8,77.13,0.0,80.2,-0.4,6,-4.367,2.666,587.694
4957.8,75.90,0.0,88.4,-0.4,6,-7.797,2.608,590.749
4973.2,74.59,0.0,90.6,-0.4,6,-11.174,2.553,593.749
4973.2,73.71,0.0,90.8,-0.3,6,-13.396,2.518,595.716
4973.2,72.39,0.0,91.3,-0.4,6,-16.684,2.467,598.618
4973.2,71.51,0.0,91.6,-0.4,6,-18.846,2.434,600.520
4987.9,70.21,0.0,92.7,-0.5,6,-22.044,2.386,603.324
4987.9,69.32,0.0,91.8,-0.7,6,-24.147,2.353,605.162
4987.9,68.02,0.0,91.6,-0.7,6,-27.256,2.301,607.869
4987.9,67.15,0.0,91.4,-0.7,6,-29.300,2.267,609.640
5001.7,65.85,0.0,91.2,-0.7,6,-32.324,2.218,612.247
5001.7,64.99,0.0,90.8,-0.7,6,-34.312,2.187,613.952
5001.7,63.72,0.0,91.4,-0.9,6,-37.252,2.143,616.458
5001.7,62.88,0.0,91.7,-1.0,6,-39.185,2.114,618.096
5014.6,61.60,28.8,92.2,-1.1,0,-42.044,2.071,620.501
5014.6,60.76,0.0,93.0,-1.1,5,-43.923,2.042,622.071
5014.6,59.48,0.0,92.6,-1.4,5,-46.703,2.000,624.374
5026.7,58.19,0.0,91.4,-1.8,5,-49.434,1.957,626.615
5026.7,57.36,0.0,91.2,-2.2,5,-51.229,1.929,628.072
5026.7,56.10,0.0,91.6,-2.7,5,-53.886,1.888,630.203
5026.7,55.26,0.0,91.4,-2.9,5,-55.634,1.862,631.585
5037.9,54.01,0.0,91.7,-3.2,5,-58.222,1.824,633.601
5037.9,53.19,31.6,91.3,-3.2,0,-59.926,1.798,634.905
5037.9,51.98,0.0,88.2,-3.1,4,-62.451,1.760,636.800
5037.9,51.15,0.0,80.9,-2.7,4,-64.114,1.735,638.023
5048.2,50.07,0.0,62.1,-2.1,4,-66.582,1.698,639.793
5048.2,49.46,0.0,54.8,-2.0,4,-68.216,1.674,640.932
5048.2,48.42,0.0,47.1,-3.5,4,-71.467,1.628,643.113
5048.2,47.93,0.0,50.5,-4.6,4,-73.088,1.606,644.158
5057.9,47.17,0.0,53.9,-6.1,4,-75.509,1.573,645.670
5057.9,46.64,0.0,51.9,-7.0,4,-77.115,1.551,646.641
5057.9,45.89,0.0,44.9,-7.2,4,-79.513,1.519,648.041
5057.9,45.44,0.0,39.8,-6.9,4,-81.105,1.498,648.938
5066.9,44.85,0.0,28.5,-6.6,4,-83.487,1.466,650.230
5066.9,44.54,0.0,24.0,-7.2,4,-85.073,1.444,651.056
5066.9,44.12,0.0,17.8,-8.4,4,-87.453,1.411,652.244
5066.9,43.89,0.0,16.2,-9.0,4,-89.041,1.389,653.003
5075.7,43.49,0.0,33.1,-9.9,4,-91.429,1.356,654.089
5075.7,43.13,0.0,36.9,-10.3,0,-93.019,1.334,654.779
5075.7,42.57,0.0,32.8,-9.8,3,-95.397,1.302,655.759
5075.7,42.06,0.0,18.4,-9.2,3,-97.765,1.271,656.672
5084.3,41.82,0.0,13.5,-9.3,3,-99.343,1.250,657.244
5084.3,41.52,0.0,8.2,-10.5,3,-101.710,1.220,658.047
5084.3,41.35,0.0,6.2,-11.5,3,-103.290,1.199,658.548
5084.3,41.13,0.0,2.7,-12.7,3,-105.664,1.168,659.245
5092.7,41.01,0.0,1.8,-13.3,3,-107.251,1.148,659.674
5092.7,40.84,0.0,1.9,-14.4,3,-109.634,1.118,660.263
5092.7,40.72,0.0,2.4,-14.8,3,-111.226,1.099,660.621
5092.7,40.54,0.0,3.2,-14.7,3,-113.616,1.069,661.103
5101.2,40.42,0.0,3.4,-14.6,3,-115.210,1.050,661.388
5101.2,40.22,0.0,3.5,-14.8,3,-117.601,1.022,661.758
5101.2,40.09,0.0,3.4,-14.4,3,-119.194,1.003,661.967
5101.2,39.89,0.0,3.5,-13.5,3,-121.579,0.977,662.222
5109.7,39.69,0.0,3.8,-13.1,3,-123.960,0.953,662.407
5109.7,39.56,0.0,3.8,-13.2,3,-125.543,0.938,662.492
5109.7,39.37,0.0,3.6,-14.4,3,-127.910,0.916,662.564
5109.7,39.24,0.0,3.4,-14.5,3,-129.482,0.902,662.576
5117.8,39.05,0.0,4.0,-15.6,3,-131.830,0.881,662.539
5117.8,38.91,0.0,4.1,-16.0,3,-133.389,0.867,662.479
5117.8,38.71,0.0,4.1,-15.6,3,-135.713,0.847,662.333
5117.8,38.58,0.0,3.4,-16.2,3,-137.253,0.834,662.199
5126.1,38.39,0.0,0.5,-16.3,3,-139.548,0.815,661.944
5126.1,38.28,0.2,0.1,-15.1,3,-141.068,0.803,661.738
5126.1,38.12,0.0,1.1,-12.8,3,-143.331,0.784,661.374
5126.1,38.01,0.0,1.4,-13.5,3,-144.828,0.772,661.097
5134.0,37.85,0.0,1.4,-15.6,3,-147.056,0.755,660.629
5134.0,37.74,0.0,1.0,-17.3,3,-148.528,0.744,660.284
5134.0,37.58,0.0,0.9,-19.2,3,-150.715,0.727,659.715
5142.2,37.42,0.0,0.5,-20.3,3,-152.876,0.711,659.085
5142.2,37.30,0.0,0.4,-20.7,3,-154.299,0.700,658.630
5142.2,37.13,0.0,3.3,-21.3,3,-156.409,0.685,657.897
5142.2,37.00,0.0,5.1,-21.4,3,-157.796,0.675,657.373
5150.4,36.77,0.0,6.2,-21.3,3,-159.845,0.660,656.536
5150.4,36.60,0.0,2.0,-20.9,3,-161.188,0.652,655.943
5150.4,36.41,6.1,0.0,-19.8,3,-163.165,0.641,655.000
5150.4,36.32,10.0,0.0,-18.6,3,-164.458,0.637,654.333
5158.2,36.23,13.8,0.0,-17.3,3,-166.363,0.634,653.280
5158.2,36.16,11.6,0.0,-16.9,3,-167.610,0.633,652.544
5158.2,36.06,9.2,0.0,-17.7,3,-169.445,0.630,651.392
5158.2,35.97,4.9,0.9,-19.9,3,-170.644,0.628,650.594
5166.4,35.81,7.4,0.0,-24.8,3,-172.405,0.622,649.354
5166.4,35.74,21.6,0.0,-27.8,3,-173.553,0.618,648.500
5166.4,35.72,33.5,0.0,-29.3,3,-175.233,0.615,647.169
5166.4,35.79,46.1,0.0,-30.2,3,-176.865,0.619,645.777
5174.5,35.88,49.8,0.0,-31.3,3,-177.930,0.622,644.818
5189.7,36.47,58.6,0.0,-32.7,3,-188.259,0.677,632.792
5189.7,36.56,37.4,0.0,-32.7,3,-189.456,0.687,630.956
5189.7,36.57,28.3,0.0,-32.6,3,-190.222,0.695,629.710
5196.9,36.54,29.9,0.0,-32.3,3,-191.320,0.708,627.812
5196.9,36.55,35.1,0.0,-31.4,3,-192.019,0.716,626.528
5196.9,36.60,41.9,0.0,-30.3,3,-193.019,0.728,624.575
5196.9,36.66,44.4,0.0,-29.2,3,-193.655,0.734,623.255
5203.9,36.77,52.1,0.0,-27.2,3,-194.560,0.741,621.247
5203.9,36.88,57.7,0.0,-24.6,3,-195.131,0.745,619.890
5203.9,37.09,65.1,0.0,-21.9,3,-195.941,0.748,617.824
5203.9,37.34,72.0,0.0,-19.4,3,-196.695,0.749,615.723
5210.9,37.51,60.5,0.0,-17.4,3,-197.166,0.749,614.302
5210.9,37.73,68.0,0.0,-15.7,3,-197.821,0.748,612.143
5210.9,37.89,65.4,0.0,-14.4,3,-198.222,0.748,610.685
5210.9,38.14,69.4,0.0,-13.1,3,-198.770,0.750,608.472
5218.3,38.32,72.2,0.0,-12.8,3,-199.100,0.751,606.979
5218.3,38.61,76.6,0.0,-12.1,3,-199.542,0.753,604.714
5218.3,38.84,76.0,0.0,-10.7,3,-199.802,0.753,603.188
5218.3,39.18,83.2,0.0,-10.0,3,-200.139,0.758,600.873
5226.0,39.44,83.6,0.0,-8.3,3,-200.328,0.761,599.313
5226.0,39.82,83.7,0.0,-5.9,3,-200.562,0.768,596.948
5226.0,40.09,83.7,0.0,-4.0,3,-200.686,0.773,595.355
5226.0,40.51,83.7,0.0,-1.7,3,-200.827,0.783,592.942
5234.0,40.78,83.8,0.0,-0.7,3,-200.894,0.791,591.318
5234.0,41.13,49.9,0.0,1.2,3,-200.966,0.806,588.861
5234.0,41.02,0.9,15.3,2.8,3,-201.021,0.823,586.395
5234.0,40.77,0.0,39.1,4.0,3,-201.056,0.834,584.759
5242.2,40.10,0.0,63.0,4.9,3,-201.119,0.849,582.330
5242.2,39.52,0.0,63.9,5.8,3,-201.170,0.859,580.738
5242.2,38.64,0.0,54.5,6.6,3,-201.265,0.875,578.394
5242.2,38.13,0.0,49.5,7.3,3,-201.345,0.886,576.860
5250.1,37.44,0.0,38.5,8.5,3,-201.491,0.902,574.596
5250.1,37.06,0.0,31.0,9.0,3,-201.610,0.914,573.111
5250.1,36.58,0.0,23.5,9.9,3,-201.822,0.929,570.912
5250.1,36.32,0.0,18.3,11.0,3,-201.987,0.939,569.463
5257.6,35.98,0.0,12.1,12.2,3,-202.271,0.952,567.312
5257.6,35.80,0.0,10.8,13.5,3,-202.489,0.960,565.893
5257.6,35.53,0.0,11.5,13.5,3,-202.858,0.973,563.785
5257.6,35.36,0.0,11.7,11.8,3,-203.134,0.982,562.394
5265.1,35.07,37.8,16.3,11.4,0,-203.589,0.995,560.329
5265.1,34.76,0.0,15.4,12.0,2,-204.091,1.009,558.295
5265.1,34.52,0.0,28.9,11.4,2,-204.454,1.020,556.957
5265.1,33.99,0.0,41.1,13.3,2,-205.035,1.037,554.983
5272.4,33.57,0.0,35.1,14.1,2,-205.443,1.049,553.695
5272.4,32.87,0.0,50.5,12.8,2,-206.087,1.067,551.805
5272.4,32.38,0.0,40.5,12.4,2,-206.534,1.079,550.578
5272.4,31.79,0.0,28.8,11.0,2,-207.235,1.097,548.785
5280.0,31.47,0.0,22.7,9.9,2,-207.723,1.109,547.617
5280.0,31.09,0.0,14.4,10.6,2,-208.488,1.130,545.904
5280.0,30.89,0.0,13.4,12.7,2,-209.019,1.144,544.783
5280.0,30.60,0.0,14.7,15.4,2,-209.846,1.165,543.134
5286.9,30.39,0.0,14.9,17.1,2,-210.417,1.180,542.055
5286.9,30.08,0.0,13.7,20.6,2,-211.301,1.200,540.470
5286.9,29.80,0.0,9.3,20.4,2,-212.223,1.219,538.929
5286.9,29.63,0.0,7.9,19.9,2,-212.861,1.232,537.925
5293.6,29.40,0.0,5.5,22.9,2,-213.852,1.250,536.457
5293.6,29.26,0.0,3.5,23.0,2,-214.536,1.262,535.504
5293.6,29.08,0.0,1.8,23.6,2,-215.599,1.280,534.113
5293.6,28.97,0.0,1.0,26.0,2,-216.332,1.291,533.212
5300.7,28.81,0.2,0.0,29.6,2,-217.466,1.307,531.902
5300.7,28.70,2.9,0.0,30.3,2,-218.246,1.317,531.056
5300.7,28.56,5.2,0.0,31.0,2,-219.450,1.331,529.831
5300.7,28.48,38.0,0.0,31.8,0,-220.276,1.340,529.043
5306.9,28.37,11.5,0.0,32.5,1,-221.548,1.352,527.907
5306.9,28.32,13.7,0.0,33.6,1,-222.419,1.360,527.180
5306.9,28.26,19.3,0.0,35.2,1,-223.757,1.371,526.136
5306.9,28.26,24.0,0.0,36.7,1,-224.671,1.378,525.471
5312.9,28.29,25.6,0.0,39.6,1,-226.073,1.387,524.516
5325.0,27.71,11.1,0.0,57.7,1,-237.767,1.427,519.091
5325.0,27.62,11.2,0.0,59.8,1,-238.833,1.428,518.794
5330.7,27.48,11.2,0.0,60.7,1,-240.440,1.429,518.402
5330.7,27.34,10.9,0.0,59.3,1,-242.052,1.429,518.076
5330.7,27.25,11.2,0.0,60.8,1,-243.129,1.429,517.895
5330.7,27.11,11.1,0.0,61.0,1,-244.745,1.427,517.680
5336.4,27.02,10.9,0.0,59.4,1,-245.823,1.426,517.572
5336.4,26.88,11.0,0.0,60.7,1,-247.437,1.423,517.466
5336.4,26.79,11.1,0.0,61.2,1,-248.510,1.421,517.432
5336.4,26.66,10.9,0.0,60.9,1,-250.113,1.416,517.435
5342.0,26.57,10.8,0.0,60.8,1,-251.177,1.413,517.473
5352.9,25.89,28.2,0.0,36.8,1,-263.399,1.339,520.083
5352.9,26.13,64.4,0.0,26.3,1,-264.838,1.324,520.680
5352.9,26.43,62.0,0.0,21.7,1,-265.796,1.314,521.112
5358.4,26.86,65.9,0.0,16.1,1,-267.232,1.298,521.810
5358.4,27.17,66.5,0.0,16.8,1,-268.191,1.286,522.308
5358.4,27.61,64.1,0.0,12.4,1,-269.626,1.269,523.105
5358.4,27.91,63.5,0.0,9.1,1,-270.582,1.257,523.669
5364.1,28.37,61.1,0.0,14.2,1,-272.016,1.238,524.559
5364.1,28.64,59.7,0.0,19.7,1,-272.971,1.225,525.182
5364.1,29.04,60.7,0.0,18.7,1,-274.398,1.205,526.159
5364.1,29.31,61.3,0.0,17.9,1,-275.345,1.191,526.839
5370.5,29.73,61.6,0.0,18.6,1,-276.759,1.170,527.903
5370.5,30.00,63.8,0.0,18.2,1,-277.696,1.156,528.643
5370.5,30.45,66.9,0.0,17.9,1,-279.092,1.134,529.799
5376.9,30.89,65.2,0.0,19.4,1,-280.476,1.113,531.011
5376.9,31.17,65.4,0.0,22.1,1,-281.389,1.098,531.850
5376.9,31.58,66.1,0.0,25.1,1,-282.742,1.075,533.158
5376.9,31.84,65.4,0.0,26.0,1,-283.629,1.059,534.063
5383.7,32.23,66.3,0.0,26.9,1,-284.936,1.036,535.471
5383.7,32.48,66.5,0.0,27.7,1,-285.789,1.021,536.444
5383.7,32.85,66.7,0.0,28.8,1,-287.037,1.000,537.954
5383.7,33.10,68.4,0.0,29.4,1,-287.848,0.985,538.993
5391.3,33.44,65.4,0.0,30.3,1,-289.030,0.964,540.601
5391.3,33.66,61.1,0.0,31.0,1,-289.794,0.949,541.704
5391.3,33.93,56.9,0.0,34.0,1,-290.901,0.927,543.403
5391.3,34.08,52.1,0.0,36.4,1,-291.609,0.912,544.563
5414.5,33.65,15.9,0.0,54.1,1,-297.941,0.759,559.597
5414.5,33.58,20.7,0.0,53.9,1,-298.272,0.750,560.900
5414.5,33.52,22.7,0.0,50.1,1,-298.711,0.735,562.864
5414.5,33.45,16.8,0.0,48.6,1,-298.964,0.725,564.180
5421.6,33.34,17.6,0.0,46.3,1,-299.286,0.710,566.158
5421.6,33.27,19.3,0.0,43.1,1,-299.459,0.702,567.479
5421.6,33.23,25.5,0.0,37.5,1,-299.662,0.690,569.463
5421.6,33.29,47.8,0.0,34.1,1,-299.759,0.682,570.789
5428.6,33.60,67.8,0.0,26.8,1,-299.850,0.670,572.792
5428.6,34.07,86.2,0.0,17.3,1,-299.878,0.658,574.821
5428.6,34.27,0.0,0.0,10.0,0,-299.861,0.651,576.189
5428.6,34.42,84.2,0.0,1.5,2,-299.784,0.641,578.244
5435.8,34.79,84.2,0.0,-1.4,2,-299.704,0.635,579.625
5435.8,35.32,84.3,0.0,-1.2,2,-299.548,0.627,581.721
5435.8,35.68,84.4,0.0,0.7,2,-299.427,0.622,583.135
5435.8,36.20,84.6,0.0,4.3,2,-299.226,0.615,585.281
5442.9,36.55,84.7,0.0,6.0,2,-299.081,0.611,586.728
5442.9,37.07,84.8,0.0,7.5,2,-298.843,0.604,588.923
5442.9,37.41,85.0,0.0,8.0,2,-298.669,0.600,590.402
5442.9,37.92,85.1,0.0,8.7,2,-298.379,0.592,592.642
5450.3,38.25,85.3,0.0,8.7,2,-298.164,0.587,594.150
5450.3,38.75,85.4,0.0,8.3,2,-297.807,0.577,596.431
5450.3,39.08,85.5,0.0,8.1,2,-297.545,0.569,597.964
5450.3,39.56,85.6,0.0,7.8,2,-297.112,0.556,600.282
5457.9,40.04,85.7,0.0,8.6,2,-296.631,0.541,602.620
5457.9,40.35,85.8,0.0,8.6,2,-296.283,0.529,604.190
5457.9,40.83,85.9,0.0,8.5,2,-295.722,0.509,606.559
5457.9,41.14,86.0,0.0,8.1,2,-295.318,0.496,608.147
5465.9,41.60,86.1,0.0,7.6,2,-294.668,0.475,610.541
5465.9,41.90,86.2,0.0,7.5,2,-294.206,0.461,612.146
5465.9,42.06,0.0,0.0,6.9,0,-293.472,0.437,614.559
5465.9,42.21,84.3,0.0,6.1,3,-292.958,0.419,616.162
5474.2,42.64,84.4,0.0,5.1,3,-292.145,0.393,618.573
5474.2,42.92,84.4,0.0,5.1,3,-291.577,0.374,620.187
5474.2,43.34,84.6,0.0,5.1,3,-290.691,0.341,622.617
5474.2,43.62,84.7,0.0,4.5,3,-290.078,0.316,624.243
5482.7,44.05,84.7,0.0,3.6,3,-289.124,0.278,626.693
5482.7,44.32,84.8,0.0,3.7,3,-288.465,0.253,628.332
5482.7,44.74,84.9,0.0,3.7,3,-287.445,0.215,630.800
5491.5,45.15,85.1,0.0,3.9,3,-286.392,0.173,633.281
5491.5,45.43,85.1,0.0,3.5,3,-285.671,0.143,634.942
5491.5,45.86,85.2,0.0,2.9,3,-284.561,0.097,637.444
5491.5,46.11,85.3,0.0,3.1,3,-283.802,0.065,639.118
5500.6,46.52,85.3,0.0,2.9,3,-282.636,0.019,641.640
5500.6,46.76,85.4,0.0,3.0,3,-281.838,-0.009,643.326
5500.6,47.19,85.5,0.0,3.6,3,-280.614,-0.049,645.863
5500.6,47.45,85.5,0.0,3.4,3,-279.779,-0.075,647.561
5510.0,47.83,85.6,0.0,3.0,3,-278.496,-0.113,650.113
5510.0,48.10,85.7,0.0,3.0,3,-277.622,-0.140,651.820
5510.0,48.46,85.8,0.0,2.8,3,-276.282,-0.180,654.386
5510.0,48.72,85.8,0.0,2.6,3,-275.369,-0.205,656.101
5519.6,49.09,85.8,0.0,3.1,3,-273.968,-0.232,658.679
5519.6,49.34,85.9,0.0,3.1,3,-273.015,-0.247,660.401
5519.6,49.73,86.0,0.0,2.9,3,-271.558,-0.263,662.991
5519.6,50.08,86.1,0.0,3.3,3,-270.067,-0.277,665.587
5529.6,50.34,86.1,0.0,3.1,3,-269.055,-0.289,667.321
5529.6,50.69,86.2,0.0,2.9,3,-267.508,-0.306,669.927
5529.6,50.82,0.0,0.0,3.0,0,-266.457,-0.315,671.665
5529.6,50.92,84.2,0.0,2.9,4,-264.858,-0.329,674.261
5539.7,51.13,84.3,0.0,2.9,4,-263.776,-0.338,675.991
5539.7,51.45,84.4,0.0,3.0,4,-262.124,-0.351,678.586
5539.7,51.66,84.4,0.0,3.1,4,-261.004,-0.358,680.318
5539.7,51.98,84.5,0.0,2.7,4,-259.296,-0.366,682.915
5550.0,52.19,84.6,0.0,2.6,4,-258.139,-0.370,684.647
5550.0,52.51,84.6,0.0,1.7,4,-256.377,-0.375,687.246
5550.0,52.72,84.7,0.0,1.2,4,-255.187,-0.377,688.981
5550.0,53.03,84.7,0.0,1.3,4,-253.379,-0.382,691.587
5560.4,53.24,84.8,0.0,1.1,4,-252.160,-0.385,693.328
5560.4,53.56,84.8,0.0,0.7,4,-250.313,-0.391,695.945
5560.4,53.87,84.9,0.0,0.9,4,-248.445,-0.398,698.571
5560.4,54.08,85.0,0.0,1.3,4,-247.189,-0.403,700.327
5571.1,54.39,85.2,0.0,1.7,4,-245.289,-0.412,702.967
5571.1,54.59,85.3,0.0,1.9,4,-244.011,-0.418,704.732
5571.1,54.90,85.5,0.0,2.1,4,-242.073,-0.426,707.384
5571.1,55.10,85.6,0.0,2.2,4,-240.768,-0.431,709.154
5582.0,55.40,85.7,0.0,2.6,4,-238.788,-0.437,711.811
5582.0,55.60,85.8,0.0,2.6,4,-237.452,-0.440,713.584
5582.0,55.89,86.0,0.0,2.8,4,-235.424,-0.444,716.242
5582.0,56.08,86.1,0.0,1.8,4,-234.055,-0.446,718.014
5593.1,56.37,86.2,0.0,2.0,4,-231.976,-0.448,720.670
5593.1,56.57,86.3,0.0,1.5,4,-230.575,-0.449,722.441
5593.1,56.86,86.5,0.0,1.3,4,-228.449,-0.450,725.098
5593.1,57.05,86.6,0.0,1.5,4,-227.018,-0.449,726.870
5604.6,57.33,86.7,0.0,2.0,4,-224.850,-0.448,729.529
5604.6,57.62,86.8,0.0,2.4,4,-222.658,-0.445,732.190
5604.6,57.80,86.9,0.0,3.2,4,-221.181,-0.443,733.964
5604.6,58.07,87.1,0.0,4.0,4,-218.942,-0.437,736.623
5616.4,58.25,87.2,0.0,4.6,4,-217.430,-0.431,738.391
5616.4,58.52,87.3,0.0,3.6,4,-215.131,-0.420,741.033
5616.4,58.69,87.4,0.0,3.8,4,-213.576,-0.410,742.787
5616.4,58.96,87.5,0.0,3.1,4,-211.211,-0.392,745.405
5628.3,59.13,87.6,0.0,2.9,4,-209.611,-0.379,747.143
5628.3,59.39,87.7,0.0,3.5,4,-207.181,-0.357,749.737
5628.3,59.56,87.8,0.0,3.2,4,-205.539,-0.341,751.459
5628.3,59.82,87.9,0.0,3.7,4,-203.047,-0.314,754.029
5640.5,59.99,88.0,0.0,4.1,4,-201.365,-0.296,755.735
5640.5,60.23,88.1,0.0,4.5,4,-198.811,-0.270,758.281
5640.5,60.48,88.2,0.0,4.2,4,-196.219,-0.246,760.810
5640.5,60.64,88.3,0.0,3.9,4,-194.470,-0.231,762.485
5652.8,60.87,88.4,0.0,4.2,0,-191.812,-0.212,764.980
5652.8,60.83,0.0,0.0,4.1,0,-190.022,-0.205,766.630
5652.8,60.97,87.2,0.0,3.5,5,-187.313,-0.199,769.079
5652.8,61.12,87.2,0.0,3.3,5,-185.486,-0.196,770.698
5665.3,61.33,87.3,0.0,3.3,5,-182.712,-0.192,773.106
5665.3,61.48,87.4,0.0,3.4,5,-180.841,-0.189,774.697
5665.3,61.70,87.6,0.0,3.8,5,-178.004,-0.181,777.064
5665.3,61.85,87.6,0.0,4.1,5,-176.093,-0.176,778.629
5677.8,62.07,87.7,0.0,4.4,5,-173.197,-0.171,780.960
5677.8,62.22,87.8,0.0,4.6,5,-171.246,-0.170,782.500
5677.8,62.43,87.9,0.0,4.4,5,-168.291,-0.172,784.790
5677.8,62.58,87.9,0.0,4.2,5,-166.299,-0.175,786.301
5690.6,62.78,88.1,0.0,4.3,5,-163.278,-0.177,788.540
5690.6,62.99,88.2,0.0,5.0,5,-160.216,-0.175,790.745
5690.6,63.12,88.3,0.0,5.6,5,-158.154,-0.172,792.196
5703.4,63.34,88.3,0.0,5.5,5,-155.028,-0.171,794.346
5703.4,63.47,88.4,0.0,4.7,5,-152.923,-0.173,795.759
5703.4,63.67,88.5,0.0,3.3,5,-149.730,-0.171,797.845
5703.4,63.80,88.6,0.0,2.9,5,-147.579,-0.166,799.213
5716.4,64.00,88.7,0.0,3.8,5,-144.321,-0.156,801.233
5716.4,64.15,88.7,0.0,4.6,5,-142.130,-0.151,802.562
5716.4,64.34,88.8,0.0,5.5,5,-138.816,-0.149,804.529
5716.4,64.48,88.8,0.0,5.6,5,-136.586,-0.148,805.820
5729.6,64.67,88.9,0.0,4.7,5,-133.210,-0.145,807.719
5729.6,64.80,89.0,0.0,4.4,5,-130.938,-0.141,808.961
5729.6,64.99,89.1,0.0,4.6,5,-127.501,-0.139,810.789
5729.6,65.11,89.1,0.0,5.0,5,-125.189,-0.139,811.981
5742.8,65.30,89.2,0.0,5.7,5,-121.689,-0.135,813.728
5742.8,65.48,89.3,0.0,5.6,5,-118.154,-0.133,815.429
5742.8,65.60,89.3,0.0,5.5,5,-115.777,-0.129,816.534
5742.8,65.79,89.4,0.0,5.3,5,-112.183,-0.126,818.152
5756.2,65.90,89.5,0.0,5.6,5,-109.769,-0.124,819.202
5756.2,66.08,89.6,0.0,5.5,5,-106.118,-0.122,820.735
5756.2,66.19,89.6,0.0,5.3,5,-103.666,-0.118,821.726
5756.2,66.37,89.7,0.0,5.2,5,-99.960,-0.110,823.167
5769.6,66.49,89.7,0.0,5.3,5,-97.471,-0.106,824.098
5769.6,66.66,89.8,0.0,5.4,5,-93.713,-0.099,825.451
5769.6,66.78,89.9,0.0,5.8,5,-91.191,-0.095,826.323
5769.6,66.95,89.9,0.0,5.5,5,-87.384,-0.091,827.587
5782.9,67.06,90.0,0.0,5.0,5,-84.830,-0.088,828.398
5782.9,67.23,90.1,0.0,4.2,5,-80.974,-0.080,829.565
5782.9,67.41,90.1,0.0,3.9,5,-77.092,-0.071,830.678
5782.9,67.52,90.2,0.0,4.0,5,-74.489,-0.065,831.390
5796.4,67.69,90.2,0.0,4.7,5,-70.565,-0.056,832.416
5796.4,67.81,90.3,0.0,4.2,5,-67.936,-0.050,833.073
5796.4,67.98,90.3,0.0,3.1,5,-63.974,-0.039,834.016
5796.4,68.10,90.4,0.0,2.8,5,-61.320,-0.032,834.620
5809.9,68.27,90.4,0.0,2.4,5,-57.323,-0.020,835.489
5809.9,68.39,90.5,0.0,2.3,5,-54.647,-0.010,836.046
5809.9,68.57,90.6,0.0,2.4,5,-50.619,0.006,836.851
5809.9,68.68,90.6,0.0,2.4,5,-47.923,0.018,837.369
5823.6,68.85,90.7,0.0,2.4,5,-43.866,0.039,838.118
5823.6,68.97,90.7,0.0,2.5,5,-41.152,0.054,838.601
5823.6,69.15,90.8,0.0,2.5,5,-37.068,0.078,839.298
5823.6,69.31,90.8,0.0,2.4,5,-32.969,0.100,839.963
5837.4,69.43,90.9,0.0,2.2,5,-30.227,0.115,840.389
5837.4,69.60,90.9,0.0,1.5,5,-26.101,0.139,841.001
5837.4,69.71,91.0,0.0,1.3,5,-23.343,0.155,841.392
5837.4,69.87,91.0,0.0,1.0,5,-19.194,0.184,841.955
5851.3,69.99,91.1,0.0,0.8,5,-16.421,0.203,842.318
5851.3,70.16,91.1,0.0,0.5,5,-12.251,0.230,842.848
5851.3,70.27,91.2,0.0,0.3,5,-9.464,0.247,843.193
5851.3,70.43,91.2,0.0,0.1,5,-5.274,0.275,843.701
5865.3,70.59,91.3,0.0,-0.0,5,-1.074,0.304,844.202
5865.3,70.62,0.0,0.0,-0.1,0,1.732,0.323,844.534
5865.3,70.61,90.4,0.0,-0.1,6,5.937,0.349,845.028
5865.3,70.71,90.4,0.0,-0.1,6,8.744,0.368,845.358
10.2,70.86,90.5,0.0,-0.0,6,12.962,0.398,845.854
