opponent,v3,Mike Conway,0,1771612845356
Game,version,date,track,car,event,laptime [s],S1 [s],S2 [s],S3 [s],S4+ [s]
LMU,1.2,2026-02-20 18:40:45,Silverstone Grand Prix Circuit - ELMS,Toyota Gazoo Racing 2025 #7:LM (Hyper),Live,110.535,0,0,0
Tracklen [m],TotalLaps
5869.1,5
,
,
lapdistance [m],speed [m/s],throttle [%],brake [%],steer [%],gear [int],world_x [m],world_y [m],world_z [m]
103.0,73.81,60.6,0.0,0.3,6,105.145,1.140,857.252
103.0,73.91,60.6,0.0,0.5,6,108.083,1.160,857.552
103.0,74.03,60.6,0.0,0.2,6,112.498,1.191,858.002
103.0,74.12,60.6,0.0,-0.1,6,115.446,1.213,858.301
117.7,74.25,60.6,0.0,-0.2,6,119.874,1.247,858.746
117.7,74.33,60.7,0.0,-0.1,6,122.830,1.267,859.042
117.7,74.46,60.7,0.0,0.3,6,127.272,1.290,859.486
117.7,74.55,60.7,0.0,-0.1,6,130.237,1.304,859.782
132.6,74.67,60.7,0.0,0.2,6,134.691,1.327,860.226
132.6,74.74,60.8,0.0,0.1,6,137.664,1.347,860.521
132.6,74.86,60.9,0.0,0.2,6,142.130,1.384,860.964
147.6,75.00,60.8,0.0,-0.1,6,146.604,1.414,861.404
147.6,75.07,60.8,0.0,0.1,6,149.591,1.431,861.697
147.6,75.19,60.9,0.0,0.2,6,154.077,1.458,862.136
147.6,75.27,60.9,0.0,0.1,6,157.072,1.475,862.428
162.6,75.39,60.9,0.0,0.1,6,161.570,1.499,862.864
162.6,75.46,61.0,0.0,0.1,6,164.573,1.518,863.155
162.6,75.58,61.0,0.0,0.0,6,169.083,1.548,863.590
162.6,75.66,61.0,0.0,-0.0,6,172.094,1.568,863.880
177.7,75.78,61.0,0.0,0.1,6,176.616,1.599,864.314
177.7,75.86,61.0,0.0,-0.5,6,179.635,1.620,864.602
177.7,75.97,61.1,0.0,-0.1,6,184.169,1.649,865.035
177.7,76.05,61.1,0.0,0.4,6,187.196,1.667,865.325
192.9,76.16,61.1,0.0,-0.3,6,191.741,1.694,865.760
192.9,76.24,61.1,0.0,-0.8,6,194.775,1.714,866.052
192.9,76.35,61.2,0.0,-0.7,6,199.331,1.742,866.493
192.9,76.47,61.2,0.0,-0.1,6,203.894,1.768,866.942
208.1,76.54,61.2,0.0,-0.2,6,206.938,1.785,867.246
208.1,76.66,61.2,0.0,-0.1,6,211.511,1.808,867.710
208.1,76.72,61.3,0.0,0.0,6,214.562,1.825,868.024
208.1,76.84,61.3,0.0,0.2,6,219.144,1.856,868.498
223.5,76.91,61.3,0.0,0.3,6,222.203,1.878,868.816
223.5,77.03,61.3,0.0,0.3,6,226.796,1.911,869.293
223.5,77.10,61.5,0.0,0.4,6,229.862,1.932,869.609
223.5,77.11,27.1,24.2,0.4,6,234.465,1.966,870.079
238.9,76.72,3.3,64.5,0.4,6,237.529,1.990,870.388
238.9,75.59,0.0,84.0,0.5,6,242.080,2.023,870.840
238.9,74.74,0.0,83.2,0.5,6,245.074,2.041,871.134
238.9,73.51,0.0,80.1,0.7,6,249.503,2.064,871.559
253.9,72.70,0.0,79.4,1.0,6,252.416,2.080,871.832
253.9,71.52,0.0,72.3,1.2,6,256.727,2.102,872.225
253.9,70.40,0.0,86.1,1.3,6,260.970,2.125,872.594
253.9,69.57,0.0,70.6,1.6,6,263.761,2.141,872.826
268.0,68.38,0.0,87.2,1.9,6,267.891,2.163,873.149
268.0,67.53,0.0,86.8,1.6,6,270.604,2.177,873.346
268.0,66.28,0.0,85.6,1.6,6,274.612,2.196,873.613
268.0,65.46,0.0,79.8,1.8,6,277.244,2.206,873.771
281.3,64.33,0.0,66.8,2.2,6,281.134,2.221,873.973
281.3,63.67,0.0,58.1,2.6,6,283.692,2.230,874.084
281.3,62.75,0.0,63.6,3.6,6,287.485,2.243,874.210
281.3,62.10,0.0,65.4,2.8,6,289.983,2.250,874.268
293.9,61.14,0.0,52.2,2.3,6,293.681,2.264,874.312
293.9,60.62,30.9,33.6,3.6,0,296.117,2.275,874.313
293.9,60.10,0.0,23.3,5.1,5,299.739,2.290,874.273
293.9,59.79,0.0,29.6,5.3,5,302.136,2.300,874.214
305.9,59.29,0.0,17.3,5.3,5,305.706,2.318,874.077
305.9,58.92,0.0,13.8,5.5,5,309.248,2.337,873.881
305.9,58.69,0.0,10.7,6.1,5,311.594,2.351,873.716
305.9,58.38,0.0,7.0,7.6,5,315.094,2.373,873.419
317.5,58.20,0.0,6.3,8.4,5,317.414,2.387,873.186
317.5,57.92,0.0,24.7,8.4,5,320.875,2.407,872.784
317.5,57.60,0.0,29.1,8.9,5,323.166,2.421,872.479
317.5,57.06,0.0,25.8,9.1,5,326.569,2.442,871.967
328.9,56.73,0.0,12.8,8.7,5,328.814,2.454,871.590
328.9,56.48,33.4,0.0,7.6,5,332.151,2.471,870.967
328.9,56.51,61.7,0.0,7.4,5,334.364,2.482,870.510
328.9,56.57,33.2,0.0,8.8,5,337.673,2.497,869.761
340.4,56.47,7.1,16.4,10.4,5,340.965,2.512,868.939
340.4,56.21,0.0,18.0,10.7,5,343.142,2.521,868.354
340.4,55.85,0.0,2.0,9.4,5,346.373,2.534,867.426
340.4,55.72,12.3,0.0,8.5,5,348.506,2.543,866.770
351.9,55.69,54.8,0.0,9.7,5,351.680,2.557,865.729
351.9,55.78,57.9,0.0,10.6,5,353.785,2.566,864.995
351.9,55.80,24.2,0.0,14.3,5,356.925,2.581,863.832
351.9,55.71,7.4,9.1,16.2,5,359.001,2.591,863.017
363.5,55.39,0.0,4.4,17.2,5,362.080,2.607,861.738
363.5,55.23,17.1,0.0,17.0,5,364.105,2.618,860.848
363.5,55.19,53.9,0.0,16.3,5,367.109,2.634,859.454
363.5,55.21,46.8,0.0,16.4,5,369.091,2.645,858.482
375.0,55.21,40.3,0.0,17.6,5,372.034,2.661,856.960
375.0,55.22,39.3,0.0,18.7,5,373.973,2.672,855.903
375.0,55.27,37.5,0.0,21.8,5,376.849,2.688,854.256
375.0,55.23,18.7,0.0,23.5,5,378.744,2.699,853.118
386.4,55.15,22.3,0.0,23.6,5,381.548,2.715,851.357
386.4,55.12,35.1,0.0,21.8,5,384.306,2.731,849.531
386.4,55.13,37.7,0.0,20.9,5,386.119,2.741,848.277
397.7,55.13,31.3,0.0,19.5,5,388.800,2.757,846.339
397.7,55.12,31.4,0.0,18.9,5,390.560,2.768,845.010
397.7,55.13,34.5,0.0,17.4,5,393.156,2.784,842.963
397.7,55.13,36.8,0.0,16.5,5,394.859,2.794,841.562
408.9,55.17,34.3,0.0,17.0,5,397.371,2.810,839.408
408.9,55.13,12.1,0.0,19.0,5,399.016,2.820,837.938
408.9,55.15,52.7,0.0,19.8,5,401.436,2.835,835.685
408.9,55.20,39.3,0.0,19.6,5,403.021,2.845,834.149
420.0,55.19,26.7,0.0,18.8,5,405.353,2.859,831.797
420.0,55.19,34.6,0.0,18.4,5,406.877,2.867,830.199
420.0,55.22,30.9,0.0,16.9,5,409.114,2.879,827.757
420.0,55.17,30.0,0.0,16.2,5,411.291,2.892,825.261
430.8,55.18,34.5,0.0,15.6,5,412.709,2.899,823.571
430.8,55.18,29.4,0.0,15.2,5,414.787,2.908,820.994
430.8,55.20,43.3,0.0,14.3,5,416.137,2.916,819.247
430.8,55.34,55.6,0.0,14.2,5,418.111,2.933,816.583
441.4,55.47,55.8,0.0,14.4,5,419.396,2.945,814.778
441.4,55.64,55.9,0.0,14.4,5,421.281,2.960,812.029
441.4,55.81,56.1,0.0,14.6,5,422.507,2.970,810.168
441.4,56.01,56.2,0.0,14.4,5,424.304,2.985,807.336
452.2,56.16,56.3,0.0,14.0,5,425.472,2.995,805.421
452.2,56.36,56.6,0.0,12.5,5,427.174,3.015,802.507
452.2,56.40,34.7,19.9,12.0,5,428.275,3.030,800.538
452.2,56.00,0.0,16.4,9.9,5,429.870,3.053,797.564
463.2,55.72,0.0,7.9,9.9,5,430.891,3.070,795.577
463.2,55.46,0.5,0.0,4.7,5,432.364,3.094,792.584
463.2,55.32,39.7,0.0,1.5,5,433.770,3.113,789.574
463.2,55.31,41.4,0.0,2.0,5,434.667,3.128,787.551
474.1,55.38,45.3,0.0,2.0,5,435.960,3.148,784.493
474.1,55.44,45.7,0.0,4.0,5,436.782,3.166,782.434
474.1,55.54,50.4,0.0,7.2,5,437.960,3.197,779.321
474.1,55.65,49.8,0.0,9.1,5,438.718,3.214,777.231
485.1,55.78,51.4,0.0,9.2,5,439.815,3.234,774.074
485.1,55.88,53.9,0.0,8.1,5,440.517,3.250,771.954
485.1,56.05,51.7,0.0,2.7,5,441.528,3.275,768.753
485.1,56.19,52.7,0.0,2.0,5,442.180,3.291,766.606
496.1,56.40,53.2,0.0,2.2,5,443.127,3.313,763.364
496.1,56.54,51.1,0.0,1.9,5,443.740,3.328,761.191
496.1,56.79,35.5,0.0,2.7,5,444.641,3.350,757.913
496.1,56.89,39.6,0.0,2.6,5,445.231,3.366,755.718
507.3,57.10,52.8,0.0,2.1,5,446.104,3.393,752.413
507.3,57.23,50.4,0.0,0.7,5,446.676,3.417,750.201
507.3,57.41,51.9,0.0,1.0,5,447.523,3.452,746.868
507.3,57.64,51.5,0.0,2.5,5,448.360,3.478,743.521
518.6,57.78,54.6,0.0,2.8,5,448.911,3.491,741.279
518.6,58.02,56.7,0.0,3.5,5,449.725,3.511,737.903
518.6,58.16,57.9,0.0,3.8,5,450.257,3.528,735.641
518.6,58.41,58.1,0.0,4.2,5,451.035,3.561,732.232
530.1,58.59,58.3,0.0,3.9,5,451.541,3.582,729.948
530.1,58.84,58.2,0.0,2.8,5,452.278,3.605,726.504
530.1,59.01,58.1,0.0,2.8,5,452.750,3.620,724.195
530.1,59.25,58.2,0.0,2.4,5,453.426,3.648,720.713
541.9,59.48,58.4,0.0,2.3,5,454.069,3.677,717.211
541.9,59.64,58.5,0.0,2.4,5,454.482,3.693,714.865
541.9,59.88,58.6,0.0,2.2,5,455.080,3.715,711.330
541.9,60.04,58.7,0.0,1.9,5,455.464,3.729,708.962
553.8,60.28,58.8,0.0,1.7,5,456.020,3.756,705.396
553.8,60.44,59.0,0.0,1.5,5,456.379,3.776,703.010
553.8,60.68,59.0,0.0,1.1,5,456.904,3.805,699.415
553.8,60.84,59.1,0.0,0.8,5,457.246,3.824,697.009
565.8,61.07,59.3,0.0,0.6,5,457.747,3.855,693.387
565.8,61.24,59.3,0.0,0.1,5,458.077,3.876,690.963
565.8,61.48,59.4,0.0,-0.4,5,458.566,3.907,687.315
565.8,61.63,59.5,0.0,0.5,5,458.891,3.927,684.875
577.9,61.87,59.6,0.0,0.3,5,459.377,3.958,681.203
577.9,62.02,59.6,0.0,0.6,5,459.700,3.979,678.746
577.9,62.26,59.7,0.0,0.1,5,460.184,4.009,675.050
577.9,62.41,59.8,0.0,0.6,5,460.507,4.030,672.578
590.2,62.64,59.9,0.0,-0.1,5,460.989,4.061,668.859
590.2,62.87,60.0,0.0,0.7,5,461.472,4.092,665.125
590.2,63.02,60.0,0.0,1.1,5,461.794,4.112,662.628
602.7,63.25,60.1,0.0,1.3,5,462.273,4.141,658.871
602.7,63.40,60.2,0.0,1.1,5,462.588,4.162,656.358
602.7,63.62,60.2,0.0,0.9,5,463.051,4.195,652.577
602.7,63.77,60.2,0.0,0.9,5,463.353,4.216,650.047
615.4,63.99,60.3,0.0,0.6,5,463.797,4.248,646.241
615.4,64.13,60.3,0.0,0.9,5,464.087,4.269,643.696
615.4,64.35,60.4,0.0,-0.3,5,464.515,4.299,639.866
615.4,64.49,60.4,0.0,-0.3,5,464.796,4.320,637.305
628.3,64.70,60.5,0.0,0.2,5,465.217,4.352,633.453
628.3,64.85,60.5,0.0,-0.3,5,465.498,4.373,630.877
628.3,65.06,60.6,0.0,1.9,5,465.920,4.404,627.004
628.3,65.27,60.6,0.0,2.5,5,466.339,4.434,623.117
641.3,65.41,60.6,0.0,0.0,5,466.611,4.453,620.518
641.3,65.61,60.7,0.0,-0.8,5,467.008,4.483,616.608
641.3,65.75,60.7,0.0,-1.4,5,467.267,4.504,613.995
641.3,65.95,60.8,0.0,-0.8,5,467.657,4.534,610.063
654.4,66.09,60.8,0.0,0.3,5,467.920,4.554,607.436
654.4,66.29,60.9,0.0,1.0,5,468.319,4.584,603.485
654.4,66.42,60.9,0.0,0.6,5,468.588,4.604,600.845
654.4,66.62,61.0,0.0,0.3,5,468.988,4.633,596.875
667.7,66.75,61.0,0.0,0.2,5,469.252,4.652,594.221
667.7,66.95,61.1,0.0,0.9,5,469.644,4.681,590.229
667.7,67.08,61.1,0.0,0.7,5,469.900,4.699,587.562
667.7,67.27,61.2,0.0,1.3,5,470.278,4.725,583.549
681.1,67.40,61.2,0.0,0.9,5,470.524,4.742,580.868
681.1,67.59,61.2,0.0,1.2,5,470.883,4.764,576.834
681.1,67.77,61.2,0.0,1.5,5,471.227,4.785,572.789
681.1,67.90,61.2,0.0,1.5,5,471.448,4.798,570.085
694.7,68.08,61.2,0.0,1.6,5,471.762,4.817,566.018
694.7,68.20,61.3,0.0,1.2,5,471.960,4.829,563.300
694.7,68.38,61.3,0.0,1.0,5,472.240,4.844,559.212
694.7,68.50,61.3,0.0,0.7,5,472.416,4.852,556.480
708.3,68.68,61.3,0.0,-0.2,5,472.666,4.865,552.373
708.3,68.80,61.3,0.0,-0.5,5,472.827,4.873,549.628
708.3,68.98,61.3,0.0,0.0,5,473.064,4.882,545.502
708.3,69.10,61.3,0.0,0.1,5,473.221,4.887,542.745
722.2,69.27,61.3,0.0,-0.1,5,473.456,4.894,538.601
722.2,69.39,61.3,0.0,-0.0,5,473.613,4.896,535.832
722.2,69.56,61.2,0.0,0.3,5,473.847,4.898,531.671
722.2,69.67,61.2,0.0,0.2,5,474.003,4.899,528.891
736.1,69.84,61.2,0.0,0.2,5,474.236,4.898,524.712
736.1,70.01,61.0,0.0,0.0,5,474.466,4.896,520.523
736.1,70.12,61.0,0.0,-0.0,5,474.619,4.894,517.725
736.1,70.28,60.8,0.0,-0.0,5,474.848,4.889,513.519
750.1,70.39,60.7,0.0,0.0,5,475.000,4.886,510.710
750.1,70.55,60.6,0.0,0.1,5,475.228,4.878,506.489
750.1,70.65,60.6,0.0,0.0,5,475.379,4.869,503.669
750.1,70.80,60.4,0.0,0.2,5,475.606,4.854,499.432
764.3,70.90,60.4,0.0,0.3,5,475.756,4.843,496.602
764.3,70.88,0.0,0.0,0.3,0,475.980,4.825,492.352
764.3,70.92,87.1,0.0,0.2,6,476.127,4.811,489.521
764.3,71.07,77.3,0.0,0.0,6,476.345,4.785,485.268
778.5,71.17,70.9,0.0,-0.1,6,476.489,4.767,482.427
778.5,71.32,61.2,0.0,-0.2,6,476.702,4.746,478.158
778.5,71.42,60.0,0.0,-0.4,6,476.845,4.733,475.307
778.5,71.58,59.7,0.0,-1.0,6,477.060,4.714,471.023
792.7,71.73,60.0,0.0,-1.5,6,477.282,4.695,466.730
792.7,71.83,60.1,0.0,-1.9,6,477.437,4.682,463.863
792.7,71.97,60.0,0.0,-2.4,6,477.685,4.659,459.557
792.7,72.04,41.1,0.0,-2.9,6,477.866,4.645,456.682
807.1,71.98,41.5,0.0,-3.0,6,478.164,4.622,452.372
807.1,72.06,60.1,0.0,-3.3,6,478.384,4.608,449.500
807.1,72.20,60.2,0.0,-2.8,6,478.749,4.586,445.188
807.1,72.28,60.2,0.0,-3.2,6,479.018,4.571,442.312
821.5,72.42,60.3,0.0,-3.5,6,479.459,4.548,437.993
821.5,72.51,60.3,0.0,-3.7,6,479.780,4.533,435.113
821.5,72.64,60.3,0.0,-4.2,6,480.303,4.510,430.790
821.5,72.72,60.3,0.0,-3.5,6,480.681,4.494,427.908
836.0,72.84,60.4,0.0,-2.0,6,481.295,4.475,423.585
836.0,72.93,60.4,0.0,-2.1,6,481.733,4.464,420.703
836.0,73.06,60.4,0.0,-3.2,6,482.430,4.448,416.379
850.5,73.19,60.4,0.0,-3.7,6,483.172,4.431,412.055
850.5,73.27,60.5,0.0,-4.3,6,483.692,4.419,409.173
850.5,73.43,60.5,0.0,-4.1,6,484.798,4.391,403.410
850.5,73.51,60.5,0.0,-3.9,6,485.387,4.376,400.531
865.1,73.62,60.5,0.0,-3.0,6,486.319,4.349,396.217
865.1,73.70,60.6,0.0,-2.5,6,486.972,4.330,393.344
865.1,73.82,60.6,0.0,-2.1,6,487.994,4.297,389.039
865.1,73.90,60.6,0.0,-1.8,6,488.703,4.271,386.171
879.7,74.02,60.6,0.0,-3.3,6,489.800,4.232,381.871
879.7,74.10,60.6,0.0,-3.8,6,490.553,4.204,379.007
879.7,74.21,60.6,0.0,-6.5,6,491.718,4.157,374.713
879.7,74.28,60.7,0.0,-7.8,6,492.523,4.124,371.855
895.0,74.37,60.7,0.0,-7.7,6,493.786,4.068,367.578
895.0,74.41,60.7,0.0,-7.1,6,494.672,4.032,364.738
895.0,74.49,58.7,0.0,-7.4,6,496.070,3.976,360.496
895.0,74.52,58.7,0.0,-5.5,6,497.560,3.925,356.282
910.5,74.56,59.5,0.0,-2.6,6,498.603,3.893,353.489
910.5,74.65,60.8,0.0,-0.8,6,500.235,3.845,349.320
910.5,74.68,60.8,0.0,0.0,6,501.365,3.817,346.556
910.5,74.78,59.6,0.0,0.9,6,503.103,3.771,342.423
925.9,74.83,44.9,0.0,0.2,6,504.279,3.730,339.672
925.9,74.61,0.5,36.5,4.1,6,506.050,3.661,335.550
925.9,74.14,0.0,49.3,3.2,6,507.220,3.616,332.813
925.9,73.21,0.0,60.0,-1.7,6,508.936,3.566,328.737
941.2,72.60,0.0,60.8,-2.6,6,510.058,3.534,326.044
941.2,71.67,0.0,54.2,-0.8,6,511.714,3.488,322.044
941.2,71.09,0.0,57.0,1.3,6,512.806,3.463,319.405
941.2,70.20,0.0,53.2,2.1,6,514.427,3.427,315.487
955.6,69.64,0.0,52.0,1.1,6,515.493,3.405,312.901
955.6,69.07,6.8,0.0,4.7,6,517.068,3.373,309.052
955.6,68.93,1.6,2.6,8.6,6,518.100,3.353,306.492
955.6,68.63,0.0,36.1,10.4,6,519.602,3.328,302.647
969.3,68.00,0.0,35.6,10.9,6,521.024,3.310,298.801
969.3,67.56,0.0,37.0,10.3,6,521.921,3.301,296.242
969.3,66.85,0.0,45.1,9.0,6,523.184,3.287,292.411
969.3,66.34,0.0,49.2,8.6,6,523.971,3.278,289.864
982.5,65.51,0.0,51.9,7.7,6,525.069,3.262,286.063
982.5,64.93,0.0,49.6,7.2,6,525.747,3.249,283.543
982.5,64.07,0.0,53.5,5.6,6,526.682,3.229,279.786
982.5,63.49,0.0,55.0,4.1,6,527.249,3.216,277.297
995.6,62.63,0.0,42.0,0.9,6,528.016,3.200,273.591
995.6,62.16,0.0,39.2,-1.3,0,528.471,3.190,271.137
995.6,61.47,0.0,37.9,-5.2,5,529.073,3.175,267.476
995.6,61.02,0.0,34.6,-9.7,5,529.421,3.166,265.050
1008.6,60.34,0.0,25.7,-16.5,5,529.862,3.155,261.436
1008.6,59.94,0.0,7.7,-20.2,5,530.104,3.150,259.042
1008.6,59.56,7.8,0.0,-24.9,5,530.390,3.143,255.469
1021.2,59.30,8.9,0.0,-23.0,5,530.586,3.138,251.908
1021.2,59.15,8.7,0.0,-17.0,5,530.670,3.136,249.541
1021.2,59.00,40.5,0.0,-4.3,5,530.720,3.134,245.998
1021.2,59.07,58.3,0.0,5.8,5,530.705,3.134,243.637
1033.2,59.29,54.4,0.0,18.7,5,530.621,3.135,240.088
1033.2,59.40,51.3,0.0,21.9,5,530.533,3.137,237.716
1033.2,59.49,47.8,0.0,20.2,5,530.345,3.143,234.154
1033.2,59.58,56.9,0.0,16.6,5,530.176,3.148,231.779
1045.0,59.69,58.9,0.0,13.0,5,529.849,3.156,228.216
1045.0,59.72,36.5,0.0,11.4,5,529.582,3.160,225.842
1045.0,59.62,19.0,0.0,12.0,5,529.107,3.167,222.293
1045.0,59.54,21.0,0.0,11.5,5,528.739,3.173,219.939
1056.5,59.48,30.3,0.0,13.0,5,528.111,3.185,216.424
1056.5,59.50,50.6,0.0,13.8,5,527.640,3.198,214.092
1056.5,59.45,35.9,2.1,14.0,5,526.862,3.223,210.609
1056.5,59.61,37.3,22.9,12.0,5,526.011,3.250,207.141
1068.1,59.44,9.9,3.8,12.1,5,525.411,3.270,204.836
1068.1,59.26,8.8,0.0,7.4,5,524.460,3.302,201.405
1068.1,59.28,44.6,0.0,2.6,5,523.793,3.324,199.131
1068.1,59.49,58.0,0.0,-2.2,5,522.745,3.357,195.726
1080.2,59.65,58.5,0.0,-2.2,5,522.021,3.379,193.456
1080.2,59.89,58.7,0.0,-0.4,5,520.914,3.412,190.046
1080.2,60.05,58.7,0.0,1.5,5,520.170,3.433,187.766
1080.2,60.28,58.8,0.0,1.7,5,519.048,3.468,184.336
1092.4,60.44,59.0,0.0,-0.3,5,518.294,3.491,182.042
1092.4,60.68,59.0,0.0,-3.8,5,517.154,3.522,178.593
1092.4,60.83,51.8,0.0,-4.7,5,516.394,3.537,176.285
1092.4,60.60,2.9,47.9,-4.2,5,515.266,3.550,172.815
1104.8,59.80,0.0,57.6,-3.4,5,514.178,3.562,169.368
1104.8,59.22,0.0,65.4,-2.5,5,513.480,3.571,167.091
1104.8,58.28,0.0,55.2,-2.2,5,512.479,3.584,163.710
1104.8,57.73,0.0,49.5,-2.0,5,511.843,3.596,161.478
1116.6,56.95,0.0,48.6,-3.2,5,510.931,3.614,158.160
1116.6,56.42,0.0,51.1,-3.2,5,510.354,3.628,155.966
1116.6,55.60,0.0,52.9,-5.9,5,509.532,3.657,152.705
1116.6,55.01,0.0,44.7,-6.1,5,509.013,3.677,150.553
1128.1,54.43,0.0,38.3,-7.1,0,508.277,3.703,147.354
1128.1,54.00,32.3,26.6,-6.9,0,507.811,3.711,145.234
1128.1,53.49,0.0,9.3,-7.8,4,507.166,3.718,142.075
1128.1,53.24,0.0,1.7,-8.8,4,506.778,3.722,139.975
1139.6,52.99,0.4,3.6,-5.4,4,506.259,3.727,136.831
1139.6,52.80,0.0,3.0,-5.1,4,505.958,3.731,134.737
1139.6,52.53,0.0,9.2,-5.7,4,505.573,3.736,131.599
1139.6,52.23,0.0,28.4,-8.0,4,505.256,3.730,128.472
1150.7,51.93,0.0,33.2,-9.9,4,505.083,3.721,126.395
1150.7,51.30,0.0,34.0,-10.6,4,504.877,3.699,123.303
1150.7,50.90,0.0,28.3,-10.3,4,504.786,3.688,121.261
1150.7,50.41,1.0,3.0,-6.0,4,504.718,3.676,118.223
1161.5,50.31,62.2,0.0,-5.1,4,504.720,3.672,116.210
1161.5,50.36,58.0,0.0,-3.1,4,504.796,3.672,113.191
1161.5,50.35,29.8,0.0,-1.4,4,504.889,3.671,111.179
1161.5,50.22,28.1,0.0,-0.8,4,505.088,3.665,108.168
1172.1,50.11,18.1,0.0,0.9,4,505.255,3.654,106.168
1172.1,49.79,10.8,0.0,2.5,4,505.577,3.643,103.187
1172.1,49.63,13.1,0.0,1.8,4,505.840,3.639,101.216
1172.1,49.44,14.1,0.0,5.0,4,506.283,3.623,98.277
1182.6,49.28,10.0,0.0,7.8,4,506.620,3.608,96.331
1182.6,49.04,10.0,0.0,7.5,4,507.193,3.589,93.437
1182.6,48.80,9.9,0.0,10.6,4,507.843,3.568,90.575
1182.6,48.65,9.9,0.0,13.6,4,508.319,3.553,88.684
1192.8,48.46,9.9,0.0,11.6,4,509.094,3.529,85.876
1192.8,48.35,9.9,0.0,7.2,4,509.649,3.509,84.021
1192.8,48.18,16.5,0.0,-0.8,4,510.538,3.475,81.265
1192.8,48.19,72.1,0.0,-7.0,4,511.170,3.451,79.445
1202.8,48.45,91.9,0.0,-17.1,4,512.180,3.412,76.729
1202.8,48.64,86.1,0.0,-23.4,4,512.892,3.384,74.923
1202.8,48.83,68.7,0.0,-30.5,4,514.012,3.340,72.222
1202.8,48.91,61.5,0.0,-31.7,4,514.790,3.309,70.429
1212.7,49.00,60.2,0.0,-30.3,4,516.012,3.264,67.759
1212.7,49.06,60.5,0.0,-28.4,4,516.866,3.236,65.994
1212.7,49.06,33.0,23.9,-24.7,4,518.212,3.200,63.375
1212.7,48.78,0.0,22.9,-20.6,4,519.147,3.179,61.655
1222.5,48.33,0.0,38.4,-12.2,4,520.598,3.149,59.128
1222.5,47.95,0.0,40.6,-6.2,4,521.594,3.130,57.480
1222.5,47.30,0.0,81.7,1.9,4,523.121,3.103,55.063
1231.9,46.26,0.0,87.8,5.5,0,524.670,3.077,52.718
1231.9,45.48,32.7,71.3,6.4,0,525.701,3.061,51.198
1231.9,44.58,0.0,16.0,11.9,3,527.241,3.036,48.979
1231.9,44.37,0.0,0.8,14.1,3,528.267,3.018,47.526
1240.9,44.44,48.7,5.5,12.7,3,529.804,2.990,45.352
1240.9,44.34,5.5,34.4,11.6,3,530.814,2.971,43.891
1240.9,43.79,0.0,28.6,9.3,3,532.283,2.941,41.690
1240.9,43.48,0.0,12.9,8.8,3,533.225,2.922,40.221
1249.7,43.22,0.0,2.0,8.5,3,534.585,2.894,38.005
1249.7,43.10,0.0,1.4,8.5,3,535.457,2.874,36.515
1249.7,42.94,0.0,0.5,10.1,3,536.716,2.842,34.262
1249.7,42.84,2.6,0.0,12.9,3,537.523,2.820,32.748
1258.3,42.73,10.1,0.0,16.1,3,538.685,2.786,30.459
1258.3,42.62,6.5,0.0,12.5,3,539.786,2.750,28.148
1258.3,42.54,2.9,0.5,11.4,3,540.486,2.727,26.595
1258.3,42.41,9.9,0.1,14.7,3,541.485,2.690,24.250
1267.1,42.42,44.9,0.0,16.9,3,542.116,2.666,22.676
1267.1,42.52,45.7,0.0,17.1,3,543.008,2.630,20.290
1267.1,42.61,51.9,0.0,19.0,3,543.568,2.607,18.682
1267.1,42.70,28.2,1.3,23.1,3,544.357,2.569,16.247
1276.4,42.60,2.0,8.4,25.5,3,544.848,2.543,14.613
1276.4,42.31,0.0,6.3,26.1,3,545.524,2.503,12.156
1276.4,42.15,13.4,0.4,25.3,3,545.930,2.477,10.517
1276.4,42.18,57.8,0.0,22.6,3,546.472,2.441,8.047
1285.7,42.33,70.1,0.0,22.1,3,546.792,2.418,6.389
1285.7,42.50,55.0,0.0,24.1,3,547.213,2.382,3.880
1285.7,42.59,49.2,0.0,27.0,3,547.458,2.355,2.196
1285.7,42.63,36.9,0.0,31.4,3,547.764,2.312,-0.342
1295.0,42.60,26.5,0.0,36.7,3,547.997,2.267,-2.889
1295.0,42.57,23.0,0.0,39.6,3,548.112,2.238,-4.588
1295.0,42.50,28.6,0.0,43.8,3,548.227,2.194,-7.137
1295.0,42.50,33.2,0.0,46.2,3,548.266,2.163,-8.836
1304.0,42.46,24.0,0.0,49.7,3,548.271,2.115,-11.385
1304.0,42.38,16.6,0.0,51.3,3,548.236,2.081,-13.081
1304.0,42.22,11.0,0.0,50.5,3,548.123,2.032,-15.617
1304.0,42.10,10.2,0.0,49.3,3,548.005,2.002,-17.299
1313.3,41.92,10.3,0.0,50.9,3,547.764,1.959,-19.808
1313.3,41.79,10.2,0.0,51.0,3,547.560,1.932,-21.470
1313.3,41.61,10.0,0.0,48.6,3,547.190,1.894,-23.944
1313.3,41.42,10.1,0.0,48.7,3,546.743,1.858,-26.395
1322.6,41.30,10.1,0.0,46.8,3,546.403,1.836,-28.014
1322.6,41.11,10.4,0.0,48.3,3,545.828,1.806,-30.418
1322.6,41.01,10.5,0.0,47.6,3,545.405,1.787,-32.005
1322.6,40.84,10.1,0.0,48.8,3,544.714,1.758,-34.361
1331.5,40.73,10.1,0.0,48.8,3,544.217,1.738,-35.915
1331.5,40.58,14.0,0.0,48.7,3,543.419,1.707,-38.220
1331.5,40.47,10.8,0.0,48.7,3,542.850,1.686,-39.738
1331.5,40.30,10.6,0.0,47.4,3,541.943,1.657,-41.985
1340.2,40.18,11.2,0.0,45.7,3,541.301,1.639,-43.461
1340.2,40.03,12.9,0.0,42.4,3,540.283,1.614,-45.641
1340.2,39.93,26.1,0.0,39.5,3,539.202,1.590,-47.782
1340.2,39.93,40.2,0.0,37.7,3,538.447,1.574,-49.189
1348.4,39.98,43.5,0.0,35.2,3,537.262,1.550,-51.273
1348.4,40.00,33.4,0.0,33.3,3,536.436,1.535,-52.642
1348.4,40.00,38.3,0.0,29.7,3,535.147,1.513,-54.666
1348.4,40.05,53.2,0.0,26.3,3,534.254,1.498,-55.994
1356.6,40.35,91.9,0.0,20.1,3,532.861,1.477,-57.962
1356.6,40.59,91.9,0.0,15.9,3,531.896,1.464,-59.260
1356.6,40.97,91.9,0.0,9.8,3,530.393,1.443,-61.190
1356.6,41.23,91.9,0.0,6.3,3,529.356,1.428,-62.465
1364.9,41.63,91.9,0.0,2.6,3,527.750,1.405,-64.362
1364.9,41.91,91.9,0.0,1.7,3,526.647,1.388,-65.616
1364.9,42.33,91.9,0.0,2.4,3,524.948,1.362,-67.486
1364.9,42.62,91.9,0.0,3.3,3,523.789,1.343,-68.727
1373.2,43.03,91.9,0.0,4.7,3,522.015,1.314,-70.584
1373.2,43.45,91.9,0.0,5.2,3,520.203,1.284,-72.439
1373.2,43.73,91.9,0.0,4.8,3,518.973,1.263,-73.674
1381.9,44.14,91.9,0.0,4.3,3,517.096,1.232,-75.524
1381.9,44.41,91.9,0.0,4.3,3,515.824,1.209,-76.755
1381.9,44.83,91.9,0.0,4.4,3,513.885,1.172,-78.599
1381.9,45.11,92.0,0.0,4.6,3,512.570,1.145,-79.826
1390.6,45.51,92.0,0.0,5.1,3,510.566,1.106,-81.660
1390.6,45.78,92.0,0.0,5.3,3,509.207,1.080,-82.878
1390.6,46.18,92.0,0.0,5.2,3,507.134,1.044,-84.697
1390.6,46.44,92.0,0.0,5.3,3,505.729,1.021,-85.903
1399.7,46.84,92.0,0.0,5.6,3,503.588,0.986,-87.703
1399.7,47.09,92.0,0.0,5.8,3,502.138,0.961,-88.895
1399.7,47.47,92.0,0.0,5.8,3,499.927,0.921,-90.672
1399.7,47.73,92.0,0.0,6.6,3,498.429,0.893,-91.846
1409.1,48.11,92.1,0.0,5.1,3,496.146,0.850,-93.591
1409.1,48.48,92.1,0.0,4.0,3,493.818,0.806,-95.315
1409.1,48.73,92.1,0.0,4.1,3,492.243,0.777,-96.453
1409.1,49.10,92.1,0.0,3.7,3,489.845,0.736,-98.144
1418.7,49.35,92.1,0.0,3.1,3,488.225,0.710,-99.262
1418.7,49.72,92.1,0.0,2.0,3,485.764,0.673,-100.927
1418.7,49.97,92.1,0.0,1.2,3,484.105,0.650,-102.032
1418.7,50.33,92.1,0.0,0.3,3,481.592,0.617,-103.684
1428.7,50.57,92.1,0.0,0.2,3,479.901,0.596,-104.785
1428.7,50.93,92.2,0.0,-0.3,3,477.345,0.563,-106.439
1428.7,51.17,92.3,0.0,-0.9,3,475.630,0.542,-107.546
1428.7,51.51,92.2,0.0,-1.6,3,473.041,0.510,-109.214
1439.0,51.63,0.0,0.0,-1.9,0,471.308,0.488,-110.334
1439.0,51.72,92.0,0.0,-2.2,4,468.712,0.458,-112.023
1439.0,51.95,92.0,0.0,-2.4,4,466.978,0.441,-113.160
1439.0,52.26,92.0,0.0,-3.1,4,464.373,0.416,-114.887
1449.8,52.59,92.0,0.0,-3.3,4,461.762,0.393,-116.641
1449.8,52.82,91.4,0.0,-3.5,4,460.020,0.377,-117.828
1449.8,53.13,81.7,0.0,-3.8,4,457.408,0.352,-119.636
1449.8,53.35,75.1,0.0,-3.8,4,455.668,0.333,-120.862
1460.8,53.66,65.5,0.0,-4.1,4,453.062,0.303,-122.735
1460.8,53.87,59.6,0.0,-4.2,4,451.330,0.284,-124.009
1460.8,54.17,59.8,0.0,-4.6,4,448.743,0.262,-125.960
1460.8,54.37,59.9,0.0,-5.1,4,447.026,0.250,-127.287
1472.0,54.68,60.0,0.0,-5.9,4,444.459,0.234,-129.314
1472.0,54.88,60.0,0.0,-6.0,4,442.754,0.223,-130.690
1472.0,55.18,60.1,0.0,-6.2,4,440.210,0.209,-132.793
1472.0,55.37,60.2,0.0,-5.3,4,438.524,0.202,-134.223
1483.3,55.66,60.3,0.0,-5.0,4,436.011,0.195,-136.408
1483.3,55.85,60.3,0.0,-5.3,4,434.346,0.193,-137.891
1483.3,56.14,60.4,0.0,-7.6,4,431.864,0.191,-140.155
1483.3,56.41,60.4,0.0,-9.0,4,429.402,0.188,-142.465
1494.7,56.59,60.5,0.0,-9.5,4,427.775,0.185,-144.033
1494.7,56.85,60.6,0.0,-9.5,4,425.361,0.183,-146.431
1494.7,57.02,60.7,0.0,-9.2,4,423.772,0.182,-148.062
1494.7,57.27,60.8,0.0,-8.9,4,421.421,0.182,-150.557
1506.1,57.44,60.8,0.0,-8.4,4,419.877,0.184,-152.254
1506.1,57.68,60.9,0.0,-8.1,4,417.598,0.189,-154.848
1506.1,57.85,60.9,0.0,-7.9,4,416.101,0.191,-156.608
1506.1,58.12,61.0,0.0,-6.7,4,413.886,0.189,-159.289
1517.5,58.29,61.0,0.0,-6.3,4,412.430,0.186,-161.105
1517.5,58.55,61.1,0.0,-4.7,4,410.275,0.178,-163.869
1517.5,58.72,61.1,0.0,-4.6,4,408.857,0.172,-165.737
1517.5,58.99,61.1,0.0,-4.1,4,406.753,0.158,-168.572
1529.1,59.17,61.1,0.0,-4.4,4,405.365,0.147,-170.484
1529.1,59.43,61.1,0.0,-4.3,4,403.305,0.131,-173.385
1529.1,59.69,61.1,0.0,-4.3,4,401.271,0.114,-176.322
1529.1,59.86,61.2,0.0,-4.6,4,399.929,0.101,-178.300
1540.9,60.11,61.1,0.0,-4.1,4,397.939,0.081,-181.299
1540.9,60.28,61.1,0.0,-4.3,4,396.628,0.066,-183.318
1540.9,60.53,61.1,0.0,-3.4,4,394.684,0.043,-186.376
1540.9,60.69,61.0,0.0,-3.1,4,393.404,0.028,-188.435
1553.0,60.94,60.7,0.0,-2.5,4,391.506,0.011,-191.551
1553.0,61.10,60.6,0.0,-2.4,4,390.254,0.002,-193.645
1553.0,61.34,60.5,0.0,-2.1,4,388.391,-0.012,-196.810
1553.0,61.49,60.2,0.0,-2.1,4,387.159,-0.020,-198.935
1565.2,61.64,0.0,0.0,-2.0,0,385.325,-0.029,-202.144
1565.2,61.60,90.2,0.0,-1.8,5,384.115,-0.034,-204.290
1565.2,61.84,80.5,0.0,-1.6,5,382.313,-0.040,-207.525
1565.2,62.00,74.0,0.0,-1.6,5,381.119,-0.044,-209.694
1577.5,62.23,64.3,0.0,-1.8,5,379.340,-0.050,-212.968
1577.5,62.47,59.9,0.0,-1.8,5,377.572,-0.054,-216.264
1577.5,62.62,60.0,0.0,-1.7,5,376.400,-0.057,-218.474
1590.0,62.84,60.0,0.0,-1.4,5,374.653,-0.063,-221.808
1590.0,63.01,60.0,0.0,-1.1,5,373.495,-0.068,-224.042
1590.0,63.23,60.1,0.0,-1.0,5,371.766,-0.072,-227.411
1590.0,63.38,60.2,0.0,-0.9,5,370.618,-0.073,-229.668
1602.6,63.62,60.2,0.0,-0.8,5,368.901,-0.075,-233.069
1602.6,63.78,60.2,0.0,-1.0,5,367.760,-0.076,-235.346
1602.6,64.04,60.2,0.0,-0.5,5,366.050,-0.085,-238.777
1602.6,64.19,60.4,0.0,-0.4,5,364.912,-0.093,-241.075
1615.4,64.41,60.4,0.0,-0.8,5,363.211,-0.106,-244.538
1615.4,64.56,60.4,0.0,-1.1,5,362.080,-0.116,-246.856
1615.4,64.78,60.5,0.0,-0.2,5,360.388,-0.132,-250.347
1615.4,64.93,60.5,0.0,0.2,5,359.262,-0.142,-252.684
1628.3,65.15,60.6,0.0,0.5,5,357.572,-0.158,-256.201
1628.3,65.37,60.6,0.0,0.7,5,355.878,-0.174,-259.730
1628.3,65.51,60.7,0.0,0.7,5,354.744,-0.185,-262.089
1628.3,65.72,60.7,0.0,0.7,5,353.035,-0.202,-265.635
1641.4,65.87,60.8,0.0,0.7,5,351.888,-0.213,-268.003
1641.4,66.08,60.8,0.0,0.8,5,350.156,-0.229,-271.562
1641.4,66.22,60.9,0.0,0.9,5,348.993,-0.241,-273.938
1641.4,66.43,60.9,0.0,0.9,5,347.237,-0.257,-277.509
1654.7,66.56,61.0,0.0,0.8,5,346.058,-0.268,-279.893
1654.7,66.77,61.0,0.0,0.7,5,344.278,-0.285,-283.475
1654.7,66.91,61.0,0.0,0.6,5,343.083,-0.297,-285.866
1654.7,67.12,61.1,0.0,0.5,5,341.278,-0.317,-289.459
1668.0,67.25,61.1,0.0,0.4,5,340.068,-0.331,-291.858
1668.0,67.45,61.2,0.0,0.4,5,338.241,-0.352,-295.462
1668.0,67.59,61.2,0.0,0.3,5,337.017,-0.366,-297.869
1668.0,67.79,61.2,0.0,0.5,5,335.170,-0.391,-301.486
1681.5,67.98,61.2,0.0,0.3,5,333.312,-0.417,-305.110
1681.5,68.11,61.3,0.0,0.1,5,332.067,-0.429,-307.530
1681.5,68.31,61.3,0.0,0.2,5,330.192,-0.447,-311.167
1681.5,68.44,61.3,0.0,0.3,5,328.937,-0.462,-313.597
1695.2,68.63,61.3,0.0,0.3,5,327.048,-0.486,-317.249
1695.2,68.76,61.3,0.0,0.2,5,325.783,-0.502,-319.688
1695.2,68.95,61.3,0.0,-0.3,5,323.879,-0.524,-323.353
1695.2,69.07,61.3,0.0,-0.6,5,322.605,-0.539,-325.802
1709.0,69.26,61.3,0.0,-0.6,5,320.692,-0.560,-329.484
1709.0,69.38,61.2,0.0,-0.5,5,319.416,-0.575,-331.945
1709.0,69.56,61.2,0.0,-0.4,5,317.502,-0.597,-335.648
1709.0,69.69,61.2,0.0,-0.3,5,316.227,-0.612,-338.124
1722.9,69.87,61.1,0.0,-0.2,5,314.316,-0.635,-341.848
1722.9,70.04,61.0,0.0,-0.3,5,312.405,-0.658,-345.585
1722.9,70.15,60.9,0.0,-0.2,5,311.131,-0.673,-348.082
1722.9,70.33,60.8,0.0,-0.1,5,309.220,-0.696,-351.838
1736.9,70.44,60.7,0.0,-0.1,5,307.946,-0.712,-354.348
1736.9,70.61,60.6,0.0,0.0,5,306.033,-0.736,-358.122
1736.9,70.71,60.5,0.0,0.1,5,304.756,-0.754,-360.643
1736.9,70.87,60.4,0.0,0.1,5,302.837,-0.782,-364.433
1751.0,70.98,60.3,0.0,0.1,0,301.556,-0.801,-366.964
1751.0,70.89,90.3,0.0,0.1,6,299.634,-0.831,-370.761
1751.0,71.00,83.8,0.0,0.1,6,298.351,-0.851,-373.292
1751.0,71.17,74.1,0.0,0.1,6,296.422,-0.882,-377.095
1765.2,71.27,67.7,0.0,0.1,6,295.133,-0.902,-379.635
1765.2,71.43,59.9,0.0,0.0,6,293.194,-0.934,-383.451
1765.2,71.59,60.0,0.0,-0.1,6,291.249,-0.966,-387.276
1765.2,71.70,60.0,0.0,-0.1,6,289.950,-0.986,-389.830
1779.5,71.86,60.1,0.0,-0.1,6,287.998,-1.017,-393.668
1779.5,71.96,60.1,0.0,-0.1,6,286.694,-1.038,-396.232
1779.5,72.12,60.1,0.0,-0.1,6,284.736,-1.071,-400.085
1779.5,72.22,60.2,0.0,-0.0,6,283.428,-1.095,-402.658
1793.9,72.38,60.2,0.0,0.1,6,281.464,-1.127,-406.525
1793.9,72.48,60.3,0.0,0.1,6,280.152,-1.146,-409.108
1793.9,72.63,60.3,0.0,0.0,6,278.181,-1.171,-412.989
1793.9,72.73,60.3,0.0,-0.0,6,276.864,-1.188,-415.580
1808.4,72.88,60.3,0.0,-0.1,6,274.885,-1.215,-419.474
1808.4,72.98,60.4,0.0,-0.2,6,273.563,-1.234,-422.075
1808.4,73.13,60.4,0.0,-0.2,6,271.578,-1.262,-425.982
1808.4,73.22,60.4,0.0,-0.2,6,270.254,-1.281,-428.592
1823.0,73.37,60.5,0.0,-0.1,6,268.266,-1.309,-432.515
1823.0,73.52,60.5,0.0,-0.1,6,266.276,-1.339,-436.447
1823.0,73.61,60.5,0.0,-0.1,6,264.949,-1.358,-439.073
1837.7,73.75,60.6,0.0,-0.1,6,262.958,-1.386,-443.019
1837.7,73.85,60.6,0.0,-0.1,6,261.629,-1.405,-445.655
1837.7,73.99,60.6,0.0,0.0,6,259.635,-1.432,-449.616
1837.7,74.08,60.6,0.0,-0.0,6,258.304,-1.450,-452.261
1852.5,74.22,60.7,0.0,-0.1,6,256.305,-1.475,-456.235
1852.5,74.31,60.7,0.0,-0.0,6,254.971,-1.491,-458.889
1852.5,74.45,60.7,0.0,-0.0,6,252.968,-1.515,-462.877
1852.5,74.54,60.7,0.0,0.0,6,251.630,-1.532,-465.540
1867.4,74.68,60.7,0.0,0.1,6,249.622,-1.558,-469.540
1867.4,74.77,60.8,0.0,0.1,6,248.280,-1.575,-472.211
1867.4,74.90,60.8,0.0,0.2,6,246.265,-1.601,-476.222
1867.4,74.99,60.8,0.0,0.2,6,244.918,-1.617,-478.901
1882.4,75.12,60.9,0.0,0.2,6,242.894,-1.641,-482.923
1882.4,75.25,60.9,0.0,0.2,6,240.863,-1.666,-486.951
1882.4,75.34,60.9,0.0,0.2,6,239.505,-1.682,-489.639
1882.4,75.47,60.9,0.0,0.1,6,237.463,-1.707,-493.676
1897.5,75.56,61.0,0.0,0.1,6,236.097,-1.723,-496.370
1897.5,75.68,61.0,0.0,0.0,6,234.042,-1.748,-500.415
1897.5,75.77,61.0,0.0,0.1,6,232.669,-1.762,-503.114
1897.5,75.90,61.0,0.0,0.0,6,230.605,-1.785,-507.169
1912.6,75.98,61.1,0.0,-0.1,6,229.226,-1.800,-509.875
1912.6,76.11,61.1,0.0,-0.2,6,227.154,-1.824,-513.940
1912.6,76.19,61.1,0.0,-0.2,6,225.771,-1.839,-516.654
1912.6,76.32,61.1,0.0,-0.3,6,223.695,-1.863,-520.731
1927.9,76.40,61.2,0.0,-0.4,6,222.311,-1.881,-523.453
1927.9,76.53,61.2,0.0,-0.4,6,220.236,-1.907,-527.544
1927.9,76.60,61.2,0.0,-0.5,6,218.853,-1.922,-530.277
1927.9,76.72,61.2,0.0,-0.6,6,216.782,-1.946,-534.384
1943.2,76.84,61.3,0.0,-0.7,6,214.715,-1.970,-538.500
1943.2,76.92,61.3,0.0,-0.7,6,213.339,-1.990,-541.251
1943.2,77.05,61.3,0.0,-0.6,6,211.280,-2.024,-545.385
1943.2,77.12,61.3,0.0,-0.6,6,209.910,-2.050,-548.147
1958.6,77.24,61.3,0.0,-0.5,6,207.862,-2.092,-552.300
1958.6,77.32,61.3,0.0,-0.5,6,206.501,-2.122,-555.075
1958.6,77.43,61.4,0.0,-0.4,6,204.464,-2.168,-559.246
1958.6,77.51,61.4,0.0,-0.3,6,203.110,-2.200,-562.033
1974.1,77.63,61.4,0.0,-0.3,6,201.084,-2.250,-566.223
1974.1,77.70,61.4,0.0,-0.3,6,199.735,-2.284,-569.021
1974.1,77.82,61.4,0.0,-0.2,6,197.716,-2.336,-573.226
1974.1,77.89,61.4,0.0,-0.2,6,196.371,-2.372,-576.035
1989.6,78.01,61.4,0.0,-0.2,6,194.356,-2.427,-580.255
1989.6,78.09,61.4,0.0,-0.2,6,193.014,-2.463,-583.073
1989.6,78.20,61.4,0.0,-0.0,6,191.001,-2.516,-587.307
1989.6,78.31,61.4,0.0,0.1,6,188.988,-2.569,-591.549
2005.2,78.39,61.4,0.0,0.2,6,187.646,-2.607,-594.380
2005.2,78.50,61.5,0.0,0.3,6,185.629,-2.663,-598.632
2005.2,78.57,61.5,0.0,0.5,6,184.282,-2.700,-601.470
2005.2,78.68,61.5,0.0,0.5,6,182.256,-2.756,-605.730
2020.9,78.75,61.5,0.0,0.6,6,180.901,-2.793,-608.571
2020.9,78.86,61.5,0.0,0.7,6,178.858,-2.847,-612.835
2020.9,78.93,61.5,0.0,0.7,6,177.490,-2.881,-615.678
2020.9,79.04,61.5,0.0,0.8,6,175.425,-2.933,-619.944
2036.7,79.11,61.5,0.0,0.9,6,174.040,-2.967,-622.787
2036.7,79.20,61.4,0.0,0.8,6,171.948,-3.011,-627.050
2036.7,79.27,61.5,0.0,0.8,6,170.544,-3.038,-629.891
2036.7,79.38,61.5,0.0,0.8,6,168.423,-3.077,-634.152
2052.5,79.44,61.4,0.0,0.8,6,167.001,-3.102,-636.992
2052.5,79.54,61.4,0.0,0.8,6,164.853,-3.137,-641.250
2052.5,79.60,61.4,0.0,0.6,6,163.412,-3.157,-644.088
2052.5,79.70,61.4,0.0,0.6,6,161.239,-3.184,-648.344
2068.4,79.80,61.4,0.0,0.5,6,159.052,-3.207,-652.599
2068.4,79.86,61.4,0.0,0.5,6,157.586,-3.219,-655.436
2068.4,79.96,61.3,0.0,0.3,6,155.378,-3.234,-659.692
2068.4,80.02,61.3,0.0,0.3,6,153.900,-3.241,-662.529
2084.4,80.11,61.2,0.0,0.4,6,151.673,-3.244,-666.785
2084.4,80.17,61.2,0.0,0.4,6,150.183,-3.245,-669.623
2084.4,80.26,61.1,0.0,0.3,6,147.939,-3.245,-673.881
2084.4,80.32,61.1,0.0,0.3,6,146.437,-3.241,-676.720
2100.4,80.41,61.1,0.0,0.3,6,144.177,-3.233,-680.979
2100.4,80.46,61.0,0.0,0.4,6,142.665,-3.226,-683.818
2100.4,80.54,60.9,0.0,0.3,6,140.389,-3.211,-688.079
2100.4,80.60,60.9,0.0,0.3,6,138.867,-3.198,-690.919
2116.5,80.68,60.9,0.0,0.4,6,136.575,-3.174,-695.180
2116.5,80.74,60.8,0.0,0.5,6,135.042,-3.155,-698.021
2116.5,80.82,60.8,0.0,0.6,6,132.734,-3.122,-702.283
2132.6,80.89,60.7,0.0,1.1,6,130.415,-3.086,-706.544
2132.6,80.94,60.7,0.0,1.5,6,128.861,-3.059,-709.383
2132.6,81.01,60.6,0.0,1.8,6,126.516,-3.014,-713.637
2132.6,81.04,56.6,0.0,1.9,6,124.940,-2.980,-716.469
2148.7,80.64,7.3,66.2,1.8,6,122.558,-2.923,-720.701
2148.7,79.93,0.0,77.9,1.6,6,120.967,-2.881,-723.493
2148.7,78.72,0.0,79.2,1.3,6,118.589,-2.814,-727.618
2148.7,77.91,0.0,77.3,0.5,6,117.008,-2.766,-730.324
2164.4,76.72,0.0,78.2,1.0,6,114.643,-2.689,-734.317
2164.4,75.92,0.0,80.6,1.2,6,113.072,-2.635,-736.936
2164.4,74.69,0.0,82.0,1.0,6,110.726,-2.551,-740.799
2164.4,73.87,0.0,82.0,0.7,6,109.170,-2.493,-743.331
2179.3,72.64,0.0,85.5,0.5,6,106.847,-2.405,-747.065
2179.3,71.37,0.0,84.6,0.7,6,104.541,-2.317,-750.720
2179.3,70.54,0.0,81.5,1.2,6,103.014,-2.258,-753.114
2179.3,69.32,0.0,80.3,1.6,6,100.738,-2.172,-756.641
2193.5,68.56,0.0,80.2,2.2,6,99.229,-2.117,-758.950
2193.5,67.37,0.0,75.9,2.2,6,96.978,-2.044,-762.353
2193.5,66.61,0.0,75.6,1.6,6,95.482,-1.996,-764.577
2193.5,65.49,0.0,74.3,1.3,6,93.240,-1.919,-767.846
2206.8,64.75,0.0,75.9,1.4,6,91.749,-1.869,-769.983
2206.8,63.63,0.0,78.5,1.0,6,89.519,-1.797,-773.126
2206.8,62.86,0.0,77.9,1.5,6,88.039,-1.749,-775.178
2206.8,61.72,0.0,81.3,2.1,6,85.828,-1.676,-778.193
2219.3,60.95,30.2,80.0,1.9,0,84.361,-1.628,-780.162
2219.3,59.81,0.0,61.9,0.6,5,82.172,-1.561,-783.052
2219.3,59.20,0.0,46.8,0.1,5,80.721,-1.517,-784.938
2219.3,58.37,0.0,71.0,1.0,5,78.545,-1.454,-787.717
2231.1,57.32,0.0,78.1,2.5,5,76.382,-1.394,-790.434
2231.1,56.57,0.0,81.8,3.9,5,74.950,-1.355,-792.207
2231.1,55.30,0.0,93.8,6.2,5,72.822,-1.300,-794.807
2231.1,54.43,0.0,84.5,6.5,5,71.416,-1.264,-796.493
2242.1,53.30,28.3,71.0,5.2,0,69.315,-1.210,-798.951
2242.1,52.60,0.0,60.2,3.8,4,67.916,-1.175,-800.542
2242.1,51.76,0.0,34.0,1.6,4,65.810,-1.124,-802.859
2242.1,51.35,0.0,24.1,0.8,4,64.396,-1.090,-804.360
2252.5,50.89,0.0,17.7,2.2,4,62.247,-1.039,-806.549
2252.5,50.61,0.0,15.3,3.9,4,60.796,-1.005,-807.969
2252.5,50.25,0.0,12.5,7.1,4,58.592,-0.954,-810.041
2252.5,50.03,0.0,10.6,9.2,4,57.104,-0.920,-811.387
2262.4,49.74,0.0,8.1,11.4,4,54.850,-0.868,-813.356
2262.4,49.56,0.0,7.3,11.9,4,53.332,-0.833,-814.637
2262.4,49.30,0.0,7.4,11.9,4,51.032,-0.784,-816.509
2262.4,49.03,0.0,5.8,10.9,4,48.702,-0.735,-818.319
2272.2,48.86,0.0,3.6,10.6,4,47.132,-0.703,-819.488
2272.2,48.64,0.0,2.7,10.6,4,44.750,-0.654,-821.186
2272.2,48.50,0.0,2.0,11.2,4,43.145,-0.621,-822.281
2272.2,48.30,0.0,0.8,10.9,4,40.712,-0.574,-823.867
2282.1,48.17,0.0,0.1,11.7,4,39.075,-0.542,-824.887
2282.1,48.00,4.1,0.0,11.7,4,36.594,-0.493,-826.358
2282.1,47.89,5.1,0.0,12.6,4,34.924,-0.460,-827.302
2282.1,47.73,3.5,0.0,11.6,4,32.398,-0.411,-828.661
2292.0,47.63,3.1,0.0,11.6,4,30.700,-0.378,-829.529
2292.0,47.46,1.8,0.0,12.8,4,28.134,-0.329,-830.774
2292.0,47.34,1.2,0.0,13.5,4,26.411,-0.297,-831.566
2292.0,47.17,2.6,0.0,13.4,4,23.810,-0.247,-832.694
2302.0,47.05,4.9,0.0,13.9,4,22.065,-0.214,-833.405
2302.0,46.90,4.0,0.0,13.4,4,19.432,-0.163,-834.411
2302.0,46.72,0.3,1.1,15.8,4,16.784,-0.113,-835.347
2302.0,46.59,0.0,0.5,17.6,4,15.012,-0.082,-835.932
2311.9,46.38,0.0,0.7,18.5,4,12.345,-0.036,-836.746
2311.9,46.24,0.0,1.6,16.4,4,10.561,-0.005,-837.245
2311.9,46.01,0.0,8.3,15.5,4,7.878,0.044,-837.926
2311.9,45.82,0.0,6.7,15.2,4,6.088,0.077,-838.334
2321.6,45.55,0.0,7.0,15.0,4,3.402,0.126,-838.882
2321.6,45.37,0.0,6.4,14.9,4,1.612,0.158,-839.205
2321.6,45.11,0.0,5.6,15.1,4,-1.070,0.204,-839.624
2321.6,44.94,0.0,3.4,16.0,4,-2.855,0.235,-839.861
2331.2,44.75,16.9,0.0,16.0,4,-5.529,0.279,-840.152
2331.2,44.71,29.7,0.0,15.2,4,-7.312,0.307,-840.305
2331.2,44.64,15.8,0.0,15.5,4,-9.987,0.348,-840.473
2340.8,44.39,0.0,10.1,16.4,4,-12.657,0.387,-840.570
2340.8,44.15,0.0,19.6,16.0,4,-14.429,0.412,-840.595
2340.8,43.85,22.9,0.0,14.1,4,-17.067,0.447,-840.577
2340.8,43.82,26.3,6.3,12.9,4,-18.820,0.468,-840.526
2350.2,43.60,0.0,5.3,13.3,4,-21.440,0.499,-840.393
2350.2,43.47,18.2,0.0,13.9,4,-23.177,0.518,-840.268
2350.2,43.53,68.5,0.0,15.0,4,-25.774,0.542,-840.024
2350.2,43.70,90.9,0.0,16.1,4,-27.507,0.557,-839.825
2359.5,43.97,91.9,0.0,17.2,4,-30.112,0.576,-839.472
2359.5,44.17,91.9,0.0,17.2,4,-31.854,0.588,-839.201
2359.5,44.44,91.9,0.0,17.7,4,-34.471,0.603,-838.737
2359.5,44.62,91.9,0.0,17.6,4,-36.217,0.614,-838.389
2368.7,44.89,91.9,0.0,16.9,4,-38.838,0.630,-837.807
2368.7,45.08,91.9,0.0,16.8,4,-40.585,0.641,-837.379
2368.7,45.36,91.9,0.0,16.3,4,-43.205,0.657,-836.677
2368.7,45.64,91.9,0.0,16.3,4,-45.823,0.671,-835.905
2378.4,45.83,91.9,0.0,16.5,4,-47.567,0.679,-835.352
2378.4,46.10,91.9,0.0,17.2,4,-50.177,0.688,-834.463
2378.4,46.29,91.9,0.0,17.0,4,-51.912,0.695,-833.830
2378.4,46.56,91.9,0.0,17.6,4,-54.507,0.705,-832.819
2388.1,46.74,91.9,0.0,17.7,4,-56.231,0.710,-832.105
2388.1,47.02,91.9,0.0,17.7,4,-58.807,0.717,-830.976
2388.1,47.21,91.9,0.0,17.9,4,-60.517,0.719,-830.185
2388.1,47.48,91.9,0.0,18.1,4,-63.070,0.719,-828.941
2398.0,47.67,91.9,0.0,18.5,4,-64.762,0.719,-828.071
2398.0,47.95,91.9,0.0,19.4,4,-67.285,0.717,-826.708
2398.0,48.12,91.9,0.0,20.2,4,-68.956,0.714,-825.761
2398.0,48.39,91.9,0.0,20.7,4,-71.445,0.708,-824.282
2407.8,48.57,91.9,0.0,21.0,4,-73.091,0.703,-823.257
2407.8,48.83,91.9,0.0,21.4,4,-75.538,0.694,-821.662
2407.8,49.09,92.0,0.0,22.1,4,-77.956,0.684,-819.995
2407.8,49.27,92.0,0.0,22.7,4,-79.552,0.676,-818.846
2417.6,49.51,84.1,0.0,23.9,4,-81.920,0.663,-817.064
2417.6,49.64,77.1,0.0,25.2,4,-83.478,0.653,-815.838
2417.6,49.83,63.9,0.0,26.4,4,-85.784,0.636,-813.945
2417.6,49.83,29.1,0.0,26.7,4,-87.298,0.624,-812.648
2427.4,49.74,23.9,0.0,26.7,4,-89.525,0.604,-810.657
2427.4,49.67,21.2,0.0,27.5,4,-90.979,0.589,-809.301
2427.4,49.60,22.0,0.0,27.4,4,-93.115,0.564,-807.225
2427.4,49.55,24.0,0.0,27.2,4,-94.506,0.546,-805.812
2437.1,49.46,30.3,0.0,28.3,4,-96.542,0.520,-803.649
2437.1,49.44,45.4,0.0,29.0,4,-97.866,0.502,-802.180
2437.1,49.35,9.0,0.0,27.1,4,-99.802,0.474,-799.934
2437.1,49.24,11.6,0.0,25.5,4,-101.057,0.454,-798.413
2446.6,49.13,24.8,0.0,27.2,4,-102.883,0.423,-796.095
2446.6,49.09,41.7,0.0,26.7,4,-104.646,0.389,-793.735
2446.6,49.09,40.2,0.0,27.3,4,-105.787,0.365,-792.137
2446.6,49.12,47.2,0.0,26.5,4,-107.449,0.326,-789.704
2456.1,49.17,54.3,0.0,26.7,4,-108.523,0.297,-788.058
2456.1,49.30,71.4,0.0,27.4,4,-110.087,0.251,-785.553
2456.1,49.40,69.7,0.0,27.5,4,-111.100,0.218,-783.859
2456.1,49.49,55.9,0.0,24.9,4,-112.570,0.166,-781.283
2465.7,49.55,59.6,0.0,23.6,4,-113.518,0.128,-779.545
2465.7,49.65,65.4,0.0,16.7,4,-114.892,0.065,-776.907
2465.7,49.75,84.1,0.0,12.7,4,-115.771,0.022,-775.125
2465.7,50.00,92.0,0.0,5.8,4,-117.034,-0.041,-772.414
2475.6,50.15,92.0,0.0,-2.0,4,-117.846,-0.086,-770.584
2475.6,50.49,87.4,0.0,-14.7,4,-119.032,-0.165,-767.809
2475.6,50.70,91.9,0.0,-16.9,4,-119.805,-0.221,-765.941
2475.6,51.01,92.0,0.0,-11.6,4,-120.954,-0.306,-763.115
2485.9,51.24,92.0,0.0,-6.2,4,-121.733,-0.361,-761.226
2485.9,51.55,92.0,0.0,-1.3,4,-122.940,-0.447,-758.391
2485.9,51.86,92.0,0.0,-0.5,4,-124.201,-0.539,-755.558
2485.9,52.08,92.0,0.0,0.0,4,-125.075,-0.602,-753.673
2496.3,52.39,92.0,0.0,-0.6,4,-126.426,-0.699,-750.848
2496.3,52.62,92.0,0.0,-1.7,4,-127.350,-0.764,-748.963
2496.3,52.95,87.4,0.0,-2.5,4,-128.763,-0.862,-746.131
2496.3,53.17,80.9,0.0,-2.5,4,-129.721,-0.927,-744.239
2507.0,53.51,71.2,0.0,-2.2,4,-131.181,-1.027,-741.393
2507.0,53.73,64.7,0.0,-2.1,4,-132.170,-1.095,-739.492
2507.0,54.06,59.7,0.0,-2.7,4,-133.677,-1.200,-736.633
2507.0,54.27,59.7,0.0,-3.4,4,-134.696,-1.273,-734.724
2517.9,54.60,59.9,0.0,-2.7,4,-136.251,-1.386,-731.854
2517.9,54.81,60.0,0.0,-2.4,4,-137.305,-1.464,-729.938
2517.9,55.14,60.1,0.0,-2.2,4,-138.910,-1.586,-727.060
2517.9,55.35,60.1,0.0,-2.2,4,-139.996,-1.671,-725.138
2529.1,55.68,60.2,0.0,-2.3,4,-141.649,-1.803,-722.249
2529.1,55.99,60.3,0.0,-2.1,4,-143.329,-1.940,-719.355
2529.1,56.20,60.3,0.0,-2.0,4,-144.466,-2.032,-717.423
2540.3,56.52,60.4,0.0,-1.9,4,-146.194,-2.172,-714.520
2540.3,56.72,60.5,0.0,-1.8,4,-147.361,-2.267,-712.582
2540.3,57.03,60.6,0.0,-1.7,4,-149.133,-2.408,-709.670
2540.3,57.24,60.7,0.0,-1.6,4,-150.330,-2.503,-707.726
2551.8,57.54,60.8,0.0,-1.5,4,-152.146,-2.643,-704.804
2551.8,57.75,60.8,0.0,-1.4,4,-153.371,-2.736,-702.853
2551.8,58.05,60.9,0.0,-1.4,4,-155.228,-2.872,-699.921
2551.8,58.25,61.0,0.0,-1.4,4,-156.478,-2.962,-697.963
2563.4,58.55,61.0,0.0,-1.3,4,-158.373,-3.097,-695.019
2563.4,58.74,61.1,0.0,-1.4,4,-159.649,-3.184,-693.053
2563.4,59.03,61.1,0.0,-1.2,4,-161.582,-3.308,-690.099
2563.4,59.32,61.1,0.0,-1.2,4,-163.538,-3.422,-687.138
2575.3,59.50,61.1,0.0,-1.2,4,-164.855,-3.492,-685.162
2575.3,59.78,61.2,0.0,-1.0,4,-166.849,-3.587,-682.193
2575.3,60.05,61.1,0.0,-1.1,4,-168.865,-3.670,-679.219
2575.3,60.23,61.1,0.0,-2.0,4,-170.222,-3.720,-677.233
2587.2,60.50,61.0,0.0,-4.3,4,-172.276,-3.787,-674.251
2587.2,60.66,60.8,0.0,-5.3,4,-173.663,-3.825,-672.265
2587.2,60.91,60.6,0.0,-3.3,4,-175.775,-3.874,-669.292
2587.2,61.07,60.5,0.0,-1.7,4,-177.205,-3.902,-667.317
2599.4,61.31,60.3,0.0,-0.8,4,-179.381,-3.938,-664.360
2599.4,61.47,60.2,0.0,-1.0,0,-180.848,-3.960,-662.391
2599.4,61.43,90.2,0.0,-1.2,5,-183.064,-3.989,-659.445
2599.4,61.59,83.7,0.0,-1.1,5,-184.550,-4.008,-657.485
2611.7,61.83,74.0,0.0,-1.0,5,-186.796,-4.033,-654.542
2636.6,63.88,60.3,0.0,-1.0,5,-207.874,-4.071,-627.933
2649.3,64.10,60.4,0.0,-1.1,5,-210.307,-4.048,-624.963
2649.3,64.25,60.4,0.0,-1.2,5,-211.939,-4.033,-622.982
2649.3,64.46,60.4,0.0,-1.4,5,-214.402,-4.008,-620.010
2649.3,64.60,60.5,0.0,-1.6,5,-216.055,-3.991,-618.028
2662.1,64.82,60.5,0.0,-1.9,5,-218.553,-3.967,-615.056
2662.1,64.95,60.5,0.0,-2.0,5,-220.232,-3.953,-613.077
2662.1,65.16,60.6,0.0,-1.9,5,-222.769,-3.936,-610.111
2662.1,65.19,24.8,22.0,-1.7,5,-224.474,-3.927,-608.138
2675.1,64.70,0.0,50.5,-1.5,5,-227.038,-3.918,-605.199
2675.1,64.16,0.0,61.4,-1.2,5,-228.742,-3.916,-603.264
2675.1,63.20,0.0,69.5,-0.6,5,-231.281,-3.916,-600.405
2675.1,62.13,0.0,84.9,-0.5,5,-233.794,-3.919,-597.604
2687.9,61.33,0.0,82.9,0.1,5,-235.452,-3.923,-595.772
2687.9,60.17,0.0,66.1,0.0,5,-237.908,-3.935,-593.076
2687.9,59.47,0.0,75.9,-0.1,5,-239.526,-3.945,-591.312
2687.9,58.39,0.0,77.6,-0.2,5,-241.926,-3.965,-588.712
2699.9,57.66,0.0,77.7,-0.5,5,-243.507,-3.981,-587.010
2699.9,56.55,0.0,79.1,-0.7,5,-245.847,-4.008,-584.505
2699.9,55.80,0.0,79.2,-0.6,5,-247.387,-4.028,-582.867
2699.9,54.72,0.0,79.4,0.0,5,-249.666,-4.061,-580.456
2711.2,53.97,0.0,69.1,0.7,5,-251.165,-4.083,-578.879
2711.2,52.96,0.0,83.8,0.0,0,-253.383,-4.116,-576.558
2711.2,52.20,28.4,83.4,0.4,0,-254.840,-4.139,-575.040
2711.2,51.06,0.0,85.8,0.9,4,-256.989,-4.174,-572.806
2721.7,50.27,0.0,85.8,0.9,4,-258.396,-4.198,-571.345
2721.7,49.09,0.0,85.8,0.8,4,-260.467,-4.233,-569.197
2721.7,47.93,0.0,85.9,0.6,4,-262.488,-4.268,-567.100
2721.7,47.14,0.0,85.9,-0.1,4,-263.808,-4.292,-565.730
2731.4,45.98,0.0,85.9,-0.3,4,-265.747,-4.327,-563.716
2731.4,45.20,0.0,85.9,0.3,0,-267.013,-4.351,-562.401
2731.4,44.06,0.0,86.0,-0.4,3,-268.869,-4.386,-560.469
2731.4,43.28,0.0,86.0,-0.5,3,-270.080,-4.408,-559.208
2740.4,42.13,0.0,86.0,-0.5,3,-271.856,-4.441,-557.358
2740.4,41.35,0.0,86.1,-0.9,3,-273.014,-4.462,-556.153
2740.4,40.20,0.0,85.5,-1.1,3,-274.711,-4.492,-554.388
2740.4,39.44,0.0,82.9,-1.3,3,-275.818,-4.512,-553.241
2748.6,38.33,0.0,81.6,-1.6,3,-277.442,-4.540,-551.563
2748.6,37.61,0.0,78.5,-1.8,3,-278.502,-4.559,-550.473
2748.6,36.56,0.0,72.8,-2.0,0,-280.061,-4.587,-548.883
2748.6,35.94,36.2,71.4,-2.2,0,-281.082,-4.606,-547.852
2756.0,34.98,0.0,69.7,-2.8,2,-282.587,-4.632,-546.346
2756.0,34.35,0.0,67.5,-3.2,2,-283.575,-4.648,-545.371
2756.0,33.93,58.2,78.0,-3.7,2,-285.037,-4.672,-543.946
2762.9,33.09,0.0,80.2,-5.2,2,-286.494,-4.695,-542.552
2762.9,32.40,0.0,78.2,-5.6,2,-287.447,-4.711,-541.652
2762.9,31.36,0.0,37.1,-4.4,2,-288.850,-4.733,-540.349
2762.9,31.10,30.8,72.6,-2.9,2,-289.772,-4.748,-539.510
2769.2,30.26,0.0,74.1,-3.6,0,-291.150,-4.768,-538.282
2769.2,29.63,26.6,39.8,-2.7,0,-292.051,-4.782,-537.491
2769.2,28.94,0.0,65.2,-1.1,1,-293.380,-4.801,-536.341
2769.2,28.47,0.0,64.3,-1.9,1,-294.253,-4.814,-535.595
2774.9,27.79,0.0,51.5,-8.3,1,-295.544,-4.832,-534.506
2774.9,27.31,0.0,48.5,-11.8,1,-296.393,-4.845,-533.804
2774.9,26.69,0.0,15.2,-14.5,1,-297.656,-4.862,-532.789
2774.9,26.50,0.0,10.7,-14.5,1,-298.498,-4.873,-532.139
2780.2,26.09,0.0,33.6,-12.4,1,-299.766,-4.889,-531.196
2780.2,25.76,0.0,19.1,-11.7,1,-300.610,-4.899,-530.592
2780.2,25.40,0.0,13.4,-11.4,1,-301.872,-4.913,-529.719
2780.2,25.14,0.0,24.3,-12.6,1,-303.138,-4.926,-528.883
2785.2,24.90,0.0,17.2,-13.7,1,-303.982,-4.934,-528.345
2785.2,24.61,0.0,17.5,-15.4,1,-305.249,-4.945,-527.569
2785.2,24.41,0.0,12.4,-16.2,1,-306.095,-4.952,-527.073
2785.2,24.15,0.0,23.7,-16.3,1,-307.367,-4.961,-526.361
2790.1,23.89,0.0,25.8,-18.4,1,-308.215,-4.967,-525.907
2817.1,21.55,0.0,6.6,-53.7,1,-330.055,-4.953,-520.902
2817.1,21.33,0.0,1.7,-60.7,1,-331.331,-4.946,-521.066
2817.1,21.23,5.2,1.3,-53.8,1,-332.170,-4.941,-521.205
2817.1,21.10,18.1,0.1,-54.2,1,-333.414,-4.934,-521.460
2821.5,21.05,10.9,0.0,-57.7,1,-334.233,-4.928,-521.659
2821.5,21.05,29.1,0.0,-44.0,1,-335.447,-4.918,-522.005
2821.5,21.09,34.0,0.0,-33.9,1,-336.249,-4.910,-522.265
2821.5,21.35,62.9,0.0,-19.8,1,-337.445,-4.897,-522.698
2825.8,21.58,66.7,0.0,-13.4,1,-338.244,-4.888,-523.009
2825.8,22.02,84.7,0.0,-9.4,1,-339.453,-4.872,-523.504
2825.8,22.37,91.0,0.0,-9.3,1,-340.270,-4.862,-523.850
2825.8,22.92,91.7,0.0,-14.3,1,-341.513,-4.845,-524.395
2830.2,23.28,91.7,0.0,-18.9,1,-342.352,-4.834,-524.778
2830.2,23.82,91.7,0.0,-20.9,1,-343.625,-4.816,-525.389
2830.2,24.19,91.5,0.0,-19.9,1,-344.481,-4.803,-525.822
2830.2,24.73,83.0,0.0,-17.0,1,-345.776,-4.785,-526.512
2834.9,25.25,78.5,0.0,-16.2,1,-347.078,-4.766,-527.253
2834.9,25.58,78.0,0.0,-14.5,1,-347.949,-4.753,-527.775
2834.9,26.07,79.3,0.0,-11.5,1,-349.257,-4.734,-528.603
2834.9,26.41,78.5,0.0,-8.7,1,-350.130,-4.720,-529.184
2839.9,26.90,68.4,0.0,-0.6,1,-351.443,-4.699,-530.096
2839.9,27.15,55.5,0.0,3.7,1,-352.321,-4.685,-530.727
2839.9,27.42,43.8,0.0,7.4,1,-353.646,-4.664,-531.688
2839.9,27.57,41.9,0.0,9.0,1,-354.538,-4.649,-532.330
2845.4,27.74,31.6,0.0,10.8,1,-355.894,-4.628,-533.286
2845.4,27.80,19.2,0.0,11.5,1,-356.810,-4.615,-533.915
2845.4,27.74,1.2,0.1,12.2,1,-358.198,-4.596,-534.838
2845.4,27.69,9.7,0.0,13.4,1,-359.130,-4.583,-535.438
2851.0,27.71,23.0,0.0,15.7,1,-360.542,-4.566,-536.313
2851.0,27.79,35.4,0.0,17.3,1,-361.496,-4.555,-536.880
2851.0,27.92,30.2,0.0,18.6,1,-362.949,-4.540,-537.705
2851.0,27.98,17.7,0.0,18.8,1,-364.429,-4.527,-538.494
2856.8,27.95,4.5,0.0,18.7,1,-365.428,-4.519,-538.997
2856.8,27.84,3.0,0.0,19.3,1,-366.940,-4.508,-539.716
2856.8,27.79,10.1,0.0,20.0,1,-367.956,-4.503,-540.169
2856.8,27.77,17.6,0.0,21.8,1,-369.494,-4.496,-540.810
2862.9,27.79,26.3,0.0,23.0,1,-370.531,-4.493,-541.211
2862.9,27.86,31.7,0.0,25.0,1,-372.102,-4.490,-541.774
2862.9,27.96,37.8,0.0,25.9,1,-373.162,-4.490,-542.124
2862.9,28.14,46.0,0.0,27.6,1,-374.773,-4.490,-542.607
2870.0,28.29,51.2,0.0,28.1,1,-375.862,-4.490,-542.901
2870.0,28.56,54.6,0.0,28.2,1,-377.520,-4.491,-543.299
2870.0,28.76,51.0,0.0,28.4,1,-378.642,-4.490,-543.530
2870.0,29.01,52.6,0.0,29.2,1,-380.347,-4.488,-543.831
2876.6,29.13,45.9,0.0,29.6,1,-381.496,-4.490,-544.001
2876.6,29.34,53.5,0.0,30.5,1,-383.238,-4.492,-544.204
2876.6,29.62,49.9,0.0,33.0,1,-385.001,-4.494,-544.341
2876.6,29.75,46.9,0.0,35.3,1,-386.187,-4.494,-544.395
2883.3,29.92,34.3,0.0,39.5,1,-387.977,-4.495,-544.422
2883.3,29.94,22.4,0.0,43.0,1,-389.174,-4.496,-544.404
2883.3,29.94,22.0,0.0,47.4,1,-390.969,-4.498,-544.325
2883.3,29.91,19.4,0.0,49.7,1,-392.163,-4.499,-544.239
2890.6,29.84,16.3,0.0,51.8,1,-393.946,-4.500,-544.057
2890.6,29.79,15.4,0.0,52.3,1,-395.129,-4.500,-543.902
2890.6,29.69,15.0,0.0,51.7,1,-396.890,-4.500,-543.616
2890.6,29.63,15.3,0.0,50.6,1,-398.055,-4.500,-543.391
2896.7,29.56,15.8,0.0,48.9,1,-399.787,-4.502,-543.000
2896.7,29.51,16.0,0.0,48.0,1,-400.932,-4.505,-542.706
2896.7,29.44,16.2,0.0,47.0,1,-402.631,-4.512,-542.215
2896.7,29.40,16.4,0.0,46.7,1,-403.751,-4.518,-541.855
2902.4,29.33,17.2,0.0,46.0,1,-405.412,-4.530,-541.267
2902.4,29.28,19.2,0.0,44.1,1,-407.047,-4.544,-540.622
2902.4,29.26,22.0,0.0,42.4,1,-408.123,-4.555,-540.161
2908.0,29.28,29.5,0.0,38.6,1,-409.716,-4.574,-539.421
2908.0,29.34,36.7,0.0,35.4,1,-410.764,-4.587,-538.897
2908.0,29.55,55.6,0.0,30.4,1,-412.320,-4.609,-538.063
2908.0,29.80,82.0,0.0,26.7,1,-413.349,-4.625,-537.473
2913.7,30.29,63.9,0.0,19.7,1,-414.890,-4.650,-536.539
2925.9,35.35,92.0,0.0,14.9,0,-429.499,-4.887,-524.524
2932.7,35.36,0.0,0.0,11.2,0,-430.487,-4.902,-523.511
2932.7,35.72,91.9,0.0,6.9,2,-431.940,-4.922,-521.956
2932.7,36.06,91.9,0.0,4.3,2,-432.899,-4.934,-520.889
2932.7,36.58,91.9,0.0,3.0,2,-434.330,-4.952,-519.246
2939.7,37.12,91.9,0.0,2.7,2,-435.754,-4.970,-517.557
2939.7,37.46,91.9,0.0,3.7,2,-436.702,-4.982,-516.407
2939.7,37.94,91.9,0.0,5.8,2,-438.124,-5.000,-514.649
2939.7,38.28,92.0,0.0,6.8,2,-439.071,-5.012,-513.455
2947.1,38.79,92.0,0.0,7.9,2,-440.489,-5.031,-511.630
2947.1,39.11,92.0,0.0,8.2,2,-441.429,-5.042,-510.389
2947.1,39.60,92.0,0.0,7.6,2,-442.830,-5.058,-508.489
2947.1,39.91,92.0,0.0,7.5,2,-443.755,-5.068,-507.196
2954.7,40.37,92.0,0.0,6.5,2,-445.126,-5.081,-505.218
2954.7,40.66,92.0,0.0,6.1,2,-446.029,-5.089,-503.872
2954.7,41.11,92.1,0.0,5.8,2,-447.363,-5.099,-501.813
2954.7,41.41,92.1,0.0,5.5,2,-448.240,-5.105,-500.415
2962.7,41.86,92.1,0.0,5.8,2,-449.535,-5.112,-498.279
2962.7,42.12,92.1,0.0,6.0,2,-450.383,-5.115,-496.830
2962.7,42.42,0.0,0.0,8.5,0,-451.632,-5.119,-494.620
2970.9,42.52,91.9,0.0,9.5,3,-452.840,-5.121,-492.381
2970.9,42.77,91.9,0.0,9.8,3,-453.626,-5.123,-490.868
2970.9,43.17,91.9,0.0,8.5,3,-454.777,-5.128,-488.562
2970.9,43.45,91.9,0.0,7.7,3,-455.525,-5.133,-487.000
2979.3,43.84,91.9,0.0,8.4,3,-456.616,-5.142,-484.620
2979.3,44.10,91.9,0.0,9.2,3,-457.322,-5.149,-483.010
2979.3,44.48,91.9,0.0,10.8,3,-458.349,-5.163,-480.560
2979.3,44.74,91.9,0.0,11.0,3,-459.012,-5.174,-478.904
2987.8,45.13,92.0,0.0,11.0,3,-459.972,-5.193,-476.386
2987.8,45.37,92.0,0.0,10.9,3,-460.588,-5.208,-474.685
2987.8,45.75,92.0,0.0,10.3,3,-461.475,-5.235,-472.100
2987.8,46.00,92.0,0.0,10.0,3,-462.040,-5.254,-470.355
2996.7,46.36,92.0,0.0,10.1,3,-462.845,-5.284,-467.705
2996.7,46.60,92.0,0.0,10.3,3,-463.354,-5.306,-465.917
2996.7,46.97,92.0,0.0,10.9,3,-464.073,-5.342,-463.205
2996.7,47.32,92.0,0.0,11.8,3,-464.740,-5.380,-460.457
3005.9,47.55,92.0,0.0,12.1,3,-465.153,-5.407,-458.606
3005.9,47.90,92.1,0.0,12.8,3,-465.725,-5.449,-455.801
3005.9,48.12,92.1,0.0,13.0,3,-466.072,-5.477,-453.913
3005.9,48.46,92.1,0.0,13.2,3,-466.541,-5.518,-451.055
3015.3,48.68,92.1,0.0,13.3,3,-466.817,-5.545,-449.132
3045.5,51.48,92.0,0.0,12.3,4,-466.847,-5.943,-416.046
3045.5,51.65,92.0,0.0,11.2,4,-466.547,-5.959,-414.005
3045.5,51.92,92.0,0.0,10.8,4,-466.032,-5.981,-410.941
3056.5,52.21,92.0,0.0,11.6,4,-465.441,-6.003,-407.875
3056.5,52.40,92.0,0.0,12.8,4,-465.008,-6.019,-405.828
3056.5,52.68,92.0,0.0,14.1,4,-464.304,-6.048,-402.757
3056.5,52.86,89.4,0.0,14.5,4,-463.798,-6.069,-400.708
3067.5,53.12,79.6,0.0,13.8,4,-462.980,-6.101,-397.637
3067.5,53.29,73.2,0.0,12.7,4,-462.393,-6.121,-395.591
3067.5,53.56,63.4,0.0,11.1,4,-461.449,-6.146,-392.529
3067.5,53.74,59.6,0.0,10.1,4,-460.777,-6.161,-390.491
3078.4,54.01,59.7,0.0,9.5,4,-459.710,-6.181,-387.441
3078.4,54.20,59.8,0.0,9.2,4,-458.960,-6.194,-385.411
3078.4,54.48,59.9,0.0,10.0,4,-457.782,-6.215,-382.372
3078.4,54.67,60.0,0.0,11.0,4,-456.960,-6.228,-380.350
3089.2,54.94,60.1,0.0,11.3,4,-455.673,-6.245,-377.324
3089.2,55.21,60.2,0.0,10.6,4,-454.318,-6.255,-374.311
3089.2,55.39,60.2,0.0,9.9,4,-453.377,-6.261,-372.310
3089.2,55.66,60.3,0.0,7.5,4,-451.913,-6.270,-369.318
3100.0,55.84,60.3,0.0,6.5,4,-450.902,-6.278,-367.330
3100.0,56.13,60.3,0.0,6.1,4,-449.338,-6.291,-364.359
3100.0,56.32,60.4,0.0,6.1,4,-448.262,-6.299,-362.384
3100.0,56.60,60.5,0.0,6.0,4,-446.605,-6.311,-359.431
3111.1,56.78,60.6,0.0,5.9,4,-445.471,-6.319,-357.467
3111.1,57.06,60.6,0.0,5.3,4,-443.730,-6.330,-354.529
3111.1,57.24,60.7,0.0,5.1,4,-442.542,-6.336,-352.577
3111.1,57.52,60.8,0.0,5.1,4,-440.718,-6.342,-349.657
3122.4,57.71,60.8,0.0,5.1,4,-439.476,-6.347,-347.716
3122.4,57.98,61.0,0.0,5.0,4,-437.575,-6.354,-344.813
3122.4,58.17,61.0,0.0,4.5,4,-436.282,-6.359,-342.884
3122.4,58.44,61.1,0.0,4.3,4,-434.304,-6.365,-340.000
3134.0,58.68,61.1,0.0,3.5,4,-432.280,-6.367,-337.128
3134.0,58.86,61.1,0.0,3.0,4,-430.906,-6.365,-335.220
3134.0,59.16,61.1,0.0,1.4,4,-428.812,-6.361,-332.367
3134.0,59.30,61.1,0.0,1.2,4,-427.395,-6.356,-330.468
3145.8,59.58,61.2,0.0,1.2,4,-425.245,-6.346,-327.623
3145.8,59.75,61.1,0.0,2.0,4,-423.797,-6.336,-325.727
3145.8,60.00,61.0,0.0,1.7,4,-421.608,-6.326,-322.878
3145.8,60.19,61.1,0.0,1.2,4,-420.137,-6.320,-320.976
3157.8,60.45,61.1,0.0,0.7,4,-417.915,-6.308,-318.120
3157.8,60.62,61.1,0.0,0.6,4,-416.425,-6.300,-316.212
3157.8,60.87,61.1,0.0,-0.3,4,-414.177,-6.285,-313.344
3157.8,61.04,61.1,0.0,-1.1,4,-412.671,-6.277,-311.426
3170.0,61.27,60.3,0.0,-2.2,0,-410.404,-6.266,-308.541
3170.0,61.24,0.0,0.0,-2.0,0,-408.892,-6.260,-306.611
3170.0,61.40,83.6,0.0,-1.2,5,-406.635,-6.248,-303.708
3182.3,61.63,73.9,0.0,-0.3,5,-404.382,-6.232,-300.785
3182.3,61.79,67.4,0.0,-0.0,5,-402.881,-6.221,-298.825
3182.3,62.03,59.6,0.0,-0.3,5,-400.630,-6.203,-295.871
3182.3,62.19,59.7,0.0,0.1,5,-399.128,-6.191,-293.893
3194.6,62.42,59.8,0.0,-0.4,5,-396.869,-6.173,-290.914
3194.6,62.58,59.9,0.0,-0.6,5,-395.361,-6.160,-288.921
3194.6,62.81,60.0,0.0,-0.2,5,-393.094,-6.139,-285.920
3194.6,62.96,60.0,0.0,-0.2,5,-391.580,-6.124,-283.911
3207.2,63.20,60.1,0.0,-0.4,5,-389.306,-6.103,-280.887
3207.2,63.35,60.1,0.0,0.0,5,-387.786,-6.089,-278.863
3207.2,63.57,60.2,0.0,-0.4,5,-385.503,-6.067,-275.817
3207.2,63.72,60.3,0.0,-0.4,5,-383.977,-6.051,-273.779
3219.9,63.95,60.3,0.0,-0.4,5,-381.684,-6.026,-270.712
3219.9,64.17,60.4,0.0,-0.2,5,-379.388,-5.999,-267.630
3219.9,64.32,60.4,0.0,-0.2,5,-377.855,-5.981,-265.568
3219.9,64.54,60.4,0.0,-0.2,5,-375.553,-5.954,-262.464
3232.8,64.68,60.5,0.0,-0.2,5,-374.015,-5.936,-260.387
3232.8,64.90,60.5,0.0,-0.1,5,-371.704,-5.909,-257.262
3232.8,65.04,60.6,0.0,0.0,5,-370.161,-5.889,-255.171
3232.8,65.25,60.6,0.0,0.2,5,-367.841,-5.855,-252.026
3245.8,65.39,60.7,0.0,0.2,5,-366.292,-5.831,-249.923
3245.8,65.60,60.7,0.0,0.3,5,-363.960,-5.794,-246.760
3245.8,65.75,60.7,0.0,0.3,5,-362.400,-5.768,-244.647
3245.8,65.95,60.8,0.0,0.3,5,-360.052,-5.728,-241.470
3258.9,66.09,60.8,0.0,0.3,5,-358.481,-5.699,-239.348
3258.9,66.29,60.9,0.0,0.3,5,-356.115,-5.652,-236.159
3258.9,66.43,60.9,0.0,0.2,5,-354.532,-5.621,-234.029
3258.9,66.63,61.0,0.0,-0.1,5,-352.149,-5.575,-230.827
3272.2,66.77,61.0,0.0,-0.1,5,-350.554,-5.546,-228.689
3272.2,66.97,61.1,0.0,-0.1,5,-348.153,-5.507,-225.475
3272.2,67.17,61.1,0.0,-0.1,5,-345.744,-5.471,-222.252
3272.2,67.30,61.2,0.0,-0.1,5,-344.134,-5.444,-220.099
3312.9,69.06,61.3,0.0,-0.2,5,-321.263,-4.992,-189.526
3312.9,69.18,61.3,0.0,-0.1,5,-319.608,-4.954,-187.312
3326.7,69.35,61.3,0.0,-0.1,5,-317.121,-4.899,-183.983
3326.7,69.53,61.2,0.0,-0.0,5,-314.630,-4.843,-180.644
3326.7,69.65,61.2,0.0,-0.1,5,-312.966,-4.806,-178.413
3326.7,69.81,61.1,0.0,-0.2,5,-310.467,-4.750,-175.059
3340.6,69.93,61.1,0.0,-0.2,5,-308.798,-4.714,-172.817
3340.6,70.10,60.9,0.0,0.2,5,-306.291,-4.658,-169.447
3340.6,70.21,60.9,0.0,-0.0,5,-304.617,-4.621,-167.196
3340.6,70.37,60.7,0.0,-0.2,5,-302.102,-4.562,-163.812
3354.6,70.47,60.7,0.0,-0.0,5,-300.421,-4.523,-161.552
3354.6,70.63,60.6,0.0,-0.1,5,-297.896,-4.465,-158.156
3354.6,70.73,60.5,0.0,-0.2,5,-296.209,-4.424,-155.887
3354.6,70.89,60.4,0.0,-0.3,5,-293.674,-4.365,-152.478
3368.7,70.99,60.3,0.0,-0.3,0,-291.982,-4.325,-150.201
3368.7,70.89,90.3,0.0,0.2,6,-289.446,-4.264,-146.783
3368.7,71.00,83.9,0.0,0.1,6,-287.757,-4.223,-144.504
3368.7,71.15,74.1,0.0,-0.0,6,-285.220,-4.162,-141.077
3383.0,71.25,67.6,0.0,0.3,6,-283.526,-4.123,-138.788
3383.0,71.41,59.8,0.0,0.0,6,-280.982,-4.065,-135.347
3383.0,71.51,59.9,0.0,-0.2,6,-279.282,-4.026,-133.049
3383.0,71.66,60.0,0.0,-0.2,6,-276.728,-3.965,-129.597
3397.3,71.82,60.0,0.0,0.4,6,-274.169,-3.904,-126.137
3397.3,71.91,60.1,0.0,0.7,6,-272.461,-3.862,-123.826
3397.3,72.06,60.1,0.0,0.6,6,-269.892,-3.800,-120.354
3397.3,72.17,60.2,0.0,0.2,6,-268.173,-3.759,-118.038
3411.7,72.31,60.2,0.0,0.3,6,-265.587,-3.696,-114.561
3411.7,72.41,60.2,0.0,0.4,6,-263.856,-3.655,-112.241
3411.7,72.55,60.3,0.0,-0.7,6,-261.253,-3.592,-108.759
3411.7,72.65,60.3,0.0,-1.1,6,-259.514,-3.549,-106.434
3426.2,72.79,60.4,0.0,-0.9,6,-256.904,-3.482,-102.938
3426.2,72.89,60.4,0.0,-0.6,6,-255.166,-3.437,-100.600
3426.2,73.04,60.4,0.0,-0.4,6,-252.562,-3.370,-97.081
3426.2,73.13,60.4,0.0,-0.5,6,-250.830,-3.324,-94.728
3440.8,73.27,60.4,0.0,-0.5,6,-248.235,-3.258,-91.185
3440.8,73.36,60.5,0.0,-0.5,6,-246.507,-3.214,-88.817
3440.8,73.51,60.5,0.0,-0.3,6,-243.917,-3.150,-85.252
3440.8,73.60,60.5,0.0,0.1,6,-242.192,-3.108,-82.870
3455.5,73.73,60.5,0.0,0.8,6,-239.605,-3.044,-79.287
3455.5,73.83,60.6,0.0,1.2,6,-237.878,-3.002,-76.895
3455.5,73.96,60.6,0.0,0.6,6,-235.279,-2.938,-73.303
3455.5,74.05,60.6,0.0,0.9,6,-233.540,-2.895,-70.908
3470.2,74.18,60.6,0.0,1.6,6,-230.918,-2.831,-67.317
3470.2,74.21,28.1,28.7,2.7,6,-228.278,-2.765,-63.731
3470.2,73.83,0.0,54.6,3.0,6,-226.510,-2.719,-61.354
3485.0,72.88,0.0,71.5,2.9,6,-223.861,-2.649,-57.836
3485.0,72.15,0.0,76.1,2.4,6,-222.100,-2.602,-55.530
3485.0,71.02,0.0,61.9,2.2,6,-219.464,-2.532,-52.137
3485.0,70.39,0.0,45.9,2.6,6,-217.708,-2.486,-49.919
3499.2,69.65,0.0,36.4,3.6,6,-215.068,-2.419,-46.652
3499.2,69.22,0.0,28.8,5.2,6,-213.297,-2.376,-44.511
3499.2,68.69,0.0,16.8,4.5,6,-210.621,-2.310,-41.357
3499.2,68.42,0.0,8.3,3.3,6,-208.819,-2.266,-39.290
3512.9,68.13,1.0,0.5,4.6,6,-206.087,-2.202,-36.239
3512.9,67.99,7.2,0.0,5.2,6,-204.242,-2.157,-34.236
3512.9,67.83,14.6,0.0,5.5,6,-201.441,-2.091,-31.279
3512.9,67.73,13.6,0.0,6.2,6,-199.549,-2.048,-29.336
3526.3,67.53,8.2,23.1,6.7,6,-196.678,-1.984,-26.468
3526.3,67.21,0.0,23.1,6.2,6,-194.743,-1.941,-24.592
3526.3,66.44,0.0,38.2,5.6,6,-191.820,-1.874,-21.841
3526.3,66.06,72.2,0.0,4.9,6,-188.881,-1.806,-19.173
3539.5,66.13,78.4,0.0,5.6,6,-186.896,-1.762,-17.428
3539.5,66.26,68.0,0.0,8.5,6,-183.874,-1.702,-14.851
3539.5,66.35,56.0,0.0,11.4,6,-181.831,-1.667,-13.160
3539.5,66.39,46.0,0.0,14.8,6,-178.727,-1.622,-10.666
3552.6,66.44,53.5,0.0,15.7,6,-176.632,-1.598,-9.034
3552.6,66.52,57.7,0.0,16.1,6,-173.445,-1.569,-6.635
3552.6,66.59,57.6,0.0,16.0,6,-171.290,-1.552,-5.073
3552.6,66.64,56.7,0.0,15.9,6,-168.008,-1.528,-2.792
3566.2,66.64,44.3,0.0,16.4,6,-165.788,-1.509,-1.317
3566.2,66.56,29.7,0.0,17.9,6,-162.415,-1.480,0.825
3566.2,66.51,32.7,0.0,18.9,6,-160.138,-1.457,2.203
3566.2,66.40,36.0,0.0,20.2,6,-156.684,-1.418,4.194
3580.2,66.39,45.0,0.0,21.4,6,-154.357,-1.393,5.474
3580.2,66.38,42.4,0.0,23.4,6,-150.835,-1.360,7.331
3580.2,66.32,17.0,0.0,25.0,6,-148.463,-1.341,8.524
3580.2,66.11,14.4,0.0,27.4,6,-144.878,-1.310,10.237
3594.4,65.97,15.3,0.0,28.4,6,-142.472,-1.288,11.327
3594.4,65.77,21.4,0.0,29.0,6,-138.838,-1.253,12.883
3594.4,65.65,21.9,0.0,29.3,6,-136.401,-1.229,13.868
3594.4,65.47,19.9,0.0,30.0,6,-132.724,-1.190,15.265
3608.0,65.33,18.2,0.0,30.5,6,-130.260,-1.165,16.144
3608.0,65.13,15.9,0.0,31.8,6,-126.548,-1.129,17.384
3608.0,64.88,8.5,0.0,33.3,6,-122.819,-1.096,18.531
3608.0,64.70,8.5,0.0,33.9,6,-120.327,-1.074,19.241
3621.2,64.44,8.5,0.0,34.8,6,-116.579,-1.040,20.225
3621.2,64.26,8.5,0.0,35.7,6,-114.077,-1.019,20.829
3621.2,63.99,8.4,0.0,36.3,6,-110.319,-0.987,21.655
3621.2,63.80,8.4,0.0,36.4,6,-107.811,-0.963,22.149
3633.9,63.53,8.4,0.0,36.9,6,-104.048,-0.926,22.809
3633.9,63.35,8.4,0.0,37.3,6,-101.540,-0.901,23.197
3633.9,63.08,8.4,0.0,37.0,6,-97.780,-0.865,23.699
3633.9,62.90,8.4,0.0,36.3,6,-95.276,-0.838,23.978
3646.2,62.63,8.4,0.0,34.7,6,-91.525,-0.796,24.316
3646.2,62.46,8.3,0.0,33.5,6,-89.029,-0.767,24.488
3646.2,62.21,8.3,0.0,30.8,6,-85.293,-0.723,24.667
3646.2,62.04,9.7,0.0,29.0,6,-82.809,-0.694,24.734
3658.3,61.83,17.6,0.0,27.2,6,-79.093,-0.649,24.755
3658.3,61.72,22.1,0.0,25.6,6,-76.623,-0.619,24.715
3658.3,61.58,24.5,0.0,24.1,6,-72.926,-0.573,24.579
3658.3,61.48,35.9,0.0,20.4,6,-69.242,-0.529,24.353
3670.6,61.45,51.8,0.0,18.8,6,-66.792,-0.498,24.152
3670.6,61.46,23.5,0.0,15.8,6,-63.123,-0.453,23.777
3670.6,61.40,23.4,0.0,13.9,6,-60.684,-0.423,23.479
3670.6,61.38,53.5,0.0,11.1,6,-57.040,-0.366,22.952
3682.8,61.48,54.3,0.0,7.9,6,-54.615,-0.325,22.555
3682.8,61.60,54.9,0.0,2.5,6,-50.983,-0.265,21.898
3682.8,61.68,55.9,0.0,-2.3,6,-48.563,-0.235,21.430
3682.8,61.86,45.2,0.0,-9.5,6,-44.932,-0.203,20.687
3695.0,61.95,54.1,0.0,-10.5,6,-42.512,-0.183,20.163
3695.0,62.13,54.4,0.0,-4.3,6,-38.880,-0.150,19.355
3695.0,62.25,54.1,0.0,-0.3,6,-36.450,-0.125,18.822
3695.0,62.43,54.7,0.0,0.1,6,-32.791,-0.088,18.049
3707.4,62.55,54.8,0.0,-1.6,6,-30.342,-0.064,17.549
3707.4,62.75,54.8,0.0,-4.4,6,-26.655,-0.031,16.821
3707.4,62.93,55.0,0.0,-5.5,6,-22.952,-0.005,16.117
3707.4,63.04,55.4,0.0,-5.8,6,-20.473,0.010,15.667
3720.0,63.21,55.4,0.0,-5.4,6,-16.740,0.031,15.027
3720.0,63.33,55.5,0.0,-5.3,6,-14.242,0.046,14.628
3720.0,63.49,55.9,0.0,-6.7,6,-10.478,0.070,14.077
3720.0,63.60,55.7,0.0,-7.8,6,-7.959,0.087,13.742
3732.8,63.76,55.8,0.0,-9.0,6,-4.165,0.113,13.292
3732.8,63.86,56.0,0.0,-9.0,6,-1.627,0.131,13.030
3732.8,64.00,56.1,0.0,-8.8,6,2.194,0.161,12.700
3732.8,64.08,56.1,0.0,-8.9,6,4.750,0.183,12.524
3745.7,64.22,56.3,0.0,-9.1,6,8.593,0.221,12.327
3745.7,64.31,56.5,0.0,-9.5,6,11.162,0.248,12.240
3745.7,64.45,56.5,0.0,-9.7,6,15.024,0.291,12.176
3745.7,64.53,56.5,0.0,-10.0,6,17.603,0.322,12.179
3758.9,64.68,56.5,0.0,-9.8,6,21.478,0.373,12.251
3758.9,64.81,56.7,0.0,-8.9,6,25.359,0.428,12.406
3758.9,64.90,56.8,0.0,-8.1,6,27.948,0.469,12.558
3772.3,65.02,57.0,0.0,-7.4,6,31.833,0.533,12.853
3772.3,65.08,56.9,0.0,-8.2,6,34.424,0.571,13.090
3772.3,65.19,48.9,0.0,-10.2,6,38.310,0.620,13.501
3772.3,65.21,28.1,0.0,-12.8,6,42.192,0.667,13.988
3785.9,65.23,51.6,0.0,-13.3,6,44.774,0.701,14.359
3785.9,65.34,57.1,0.0,-12.0,6,48.640,0.756,14.983
3785.9,65.44,57.1,0.0,-10.7,6,52.499,0.810,15.690
3785.9,65.53,57.2,0.0,-10.5,6,55.066,0.846,16.207
3799.4,65.66,57.4,0.0,-10.7,6,58.909,0.901,17.055
3799.4,65.72,57.3,0.0,-10.9,6,61.463,0.938,17.668
3799.4,65.84,57.3,0.0,-11.5,6,65.284,0.995,18.657
3799.4,65.93,57.2,0.0,-11.7,6,67.823,1.033,19.361
3812.9,66.05,57.2,0.0,-11.2,6,71.619,1.088,20.484
3812.9,66.12,57.6,0.0,-10.8,6,74.140,1.126,21.278
3812.9,66.23,57.6,0.0,-10.2,6,77.904,1.183,22.538
3812.9,66.31,57.6,0.0,-10.1,6,80.402,1.221,23.424
3826.6,66.43,57.6,0.0,-10.2,6,84.131,1.278,24.820
3826.6,66.50,57.8,0.0,-10.3,6,86.603,1.315,25.796
3826.6,66.62,57.8,0.0,-10.3,6,90.291,1.372,27.327
3826.6,66.70,57.9,0.0,-10.5,6,92.735,1.412,28.393
3840.1,66.82,57.7,0.0,-10.3,6,96.377,1.471,30.058
3840.1,66.94,57.7,0.0,-9.9,6,99.990,1.532,31.803
3840.1,67.01,57.2,0.0,-9.5,6,102.382,1.573,33.010
3840.1,67.14,57.5,0.0,-9.0,6,105.942,1.636,34.885
3853.5,67.22,57.3,0.0,-8.3,6,108.297,1.677,36.177
3853.5,67.34,57.5,0.0,-7.6,6,111.802,1.740,38.178
3853.5,67.43,57.6,0.0,-7.3,6,114.120,1.781,39.552
3853.5,67.55,57.9,0.0,-7.1,6,117.570,1.844,41.671
3866.9,67.64,57.9,0.0,-7.1,6,119.851,1.885,43.122
3907.7,68.94,58.2,10.1,-4.5,6,151.189,2.319,67.258
3907.7,68.50,0.0,61.8,-3.0,6,154.223,2.338,70.059
3907.7,67.86,0.0,81.5,-1.7,6,156.206,2.348,71.933
3907.7,66.64,0.0,88.0,0.7,6,159.111,2.364,74.738
3921.3,65.80,0.0,89.4,1.8,6,161.001,2.375,76.596
3921.3,64.53,0.0,87.7,2.1,6,163.771,2.391,79.359
3921.3,63.68,0.0,88.8,1.7,6,165.576,2.402,81.183
3921.3,62.43,0.0,86.9,0.8,6,168.227,2.420,83.884
3934.0,61.60,0.0,84.1,0.7,0,169.962,2.432,85.660
3934.0,60.42,0.0,85.4,0.7,5,172.520,2.451,88.282
3934.0,59.62,0.0,83.8,0.8,5,174.198,2.464,90.000
3934.0,58.45,0.0,82.5,0.7,5,176.678,2.484,92.532
3945.8,57.69,0.0,79.2,0.6,5,178.307,2.496,94.190
3945.8,56.54,0.0,79.0,0.4,5,180.716,2.514,96.629
3945.8,55.43,0.0,78.8,0.4,5,183.086,2.532,99.013
3945.8,54.67,0.0,79.3,0.4,5,184.644,2.544,100.571
3957.0,53.58,0.0,77.8,0.5,5,186.948,2.561,102.863
3986.0,42.49,0.0,87.5,2.4,3,207.879,2.718,122.770
3986.0,41.71,0.0,85.7,2.4,3,209.139,2.732,123.890
3986.0,40.66,7.2,81.8,2.4,3,210.998,2.751,125.517
3986.0,39.99,2.4,81.0,2.8,3,212.223,2.763,126.570
3994.2,38.92,0.0,66.1,3.3,3,214.034,2.780,128.097
3994.2,38.31,0.0,59.6,3.5,3,215.225,2.790,129.081
3994.2,37.68,17.5,48.1,4.2,3,216.999,2.802,130.512
3994.2,37.02,0.0,43.8,5.6,3,218.767,2.812,131.893
4001.8,36.60,0.0,41.2,6.2,3,219.938,2.817,132.786
4001.8,36.01,0.0,35.4,6.6,3,221.688,2.823,134.085
4001.8,35.66,0.0,33.9,6.9,3,222.851,2.826,134.924
4001.8,35.14,36.0,37.6,7.1,0,224.590,2.828,136.146
4008.9,34.78,0.0,36.8,7.0,2,225.746,2.829,136.934
4008.9,34.23,0.0,37.1,7.1,2,227.473,2.829,138.078
4008.9,33.85,0.0,36.7,7.4,2,228.619,2.828,138.814
4008.9,33.31,0.0,33.1,7.8,2,230.330,2.826,139.879
4015.7,32.97,0.0,16.3,12.8,2,231.466,2.824,140.563
4015.7,32.56,2.6,28.3,20.2,2,233.170,2.820,141.547
4015.7,32.26,0.0,20.8,22.1,2,234.307,2.816,142.171
4015.7,31.92,3.6,2.5,19.9,2,236.017,2.809,143.055
4022.1,31.83,5.9,0.0,17.4,2,237.165,2.804,143.609
4022.1,31.73,6.4,12.2,14.9,2,238.904,2.795,144.392
4022.1,31.56,4.9,0.0,13.8,2,240.659,2.784,145.118
4022.1,31.50,5.9,0.0,13.4,2,241.836,2.776,145.571
4028.1,31.42,6.0,20.2,13.4,2,243.613,2.764,146.208
4028.1,31.21,0.9,20.6,13.5,2,244.802,2.755,146.605
4028.1,30.86,0.0,21.6,13.2,2,246.581,2.742,147.158
4028.1,30.65,2.9,3.6,13.0,2,247.763,2.733,147.499
4034.0,30.40,1.7,20.3,7.3,2,249.534,2.720,147.970
4034.0,30.17,0.0,16.8,3.8,2,250.711,2.711,148.262
4034.0,29.87,0.0,16.3,1.6,2,252.464,2.699,148.676
4034.0,29.68,0.0,17.9,1.9,2,253.626,2.691,148.941
4040.1,29.40,33.2,10.3,3.8,0,255.356,2.680,149.326
4040.1,29.28,0.0,13.1,5.1,1,256.503,2.674,149.575
4040.1,29.02,0.0,11.7,7.2,1,258.216,2.667,149.932
4040.1,28.85,0.0,7.2,8.7,1,259.351,2.663,150.157
4046.5,28.66,0.0,6.9,11.1,1,261.047,2.658,150.474
4046.5,28.47,0.0,2.5,11.8,1,262.738,2.655,150.759
4046.5,28.38,0.0,1.9,12.3,1,263.862,2.654,150.930
4053.1,28.22,0.0,7.2,15.2,1,265.545,2.654,151.158
4053.1,28.08,0.0,9.5,14.8,1,266.664,2.656,151.287
4053.1,27.84,0.0,12.0,15.2,1,268.334,2.659,151.447
4053.1,27.66,0.0,12.9,17.3,1,269.442,2.662,151.530
4061.0,27.39,0.0,11.9,17.5,1,271.091,2.668,151.617
4061.0,27.21,0.0,11.0,17.1,1,272.183,2.673,151.648
4061.0,26.96,0.0,11.4,19.5,1,273.809,2.682,151.657
4061.0,26.78,0.0,9.8,21.6,1,274.884,2.690,151.635
4084.7,25.13,12.9,0.0,51.3,1,291.815,2.985,147.550
4084.7,25.05,10.1,0.0,52.2,1,292.701,3.008,147.079
4084.7,24.93,11.2,0.0,53.0,1,293.999,3.042,146.328
4084.7,24.81,10.6,0.0,53.9,1,295.255,3.076,145.523
4089.2,24.73,11.1,0.0,54.6,1,296.069,3.099,144.958
4089.2,24.61,11.5,0.0,54.6,1,297.254,3.131,144.071
4089.2,24.54,13.0,0.0,55.6,1,298.019,3.152,143.454
4089.2,24.45,14.3,0.0,57.2,1,299.130,3.181,142.492
4093.5,24.40,16.6,0.0,59.0,1,299.846,3.198,141.827
4093.5,24.35,21.2,0.0,64.9,1,300.883,3.222,140.796
4093.5,24.31,17.2,0.0,64.6,1,301.550,3.237,140.088
4093.5,24.19,9.8,0.0,65.2,1,302.512,3.256,138.996
4097.7,24.10,9.9,0.0,65.9,1,303.126,3.267,138.251
4097.7,23.96,9.9,0.0,65.4,1,304.004,3.283,137.107
4097.7,23.88,10.2,0.0,71.7,1,304.560,3.292,136.328
4097.7,23.74,9.9,0.0,71.7,1,305.348,3.305,135.137
4101.9,23.60,9.8,0.0,68.9,1,306.081,3.316,133.920
4101.9,23.51,9.9,0.0,66.4,1,306.539,3.322,133.097
4101.9,23.37,9.9,0.0,61.0,1,307.178,3.329,131.844
4101.9,23.28,10.4,0.0,53.9,1,307.572,3.333,130.999
4106.3,23.19,16.1,0.0,38.1,1,308.113,3.337,129.714
4106.3,23.21,35.2,0.0,24.7,1,308.443,3.339,128.847
4106.3,23.44,56.4,0.0,5.5,1,308.895,3.342,127.525
4106.3,23.68,67.4,0.0,3.8,1,309.180,3.346,126.626
4110.8,24.10,72.1,0.0,7.5,1,309.591,3.348,125.253
4110.8,24.38,67.9,0.0,10.7,1,309.853,3.348,124.320
4110.8,24.78,67.9,0.0,10.3,1,310.229,3.348,122.895
4110.8,25.06,67.8,0.0,9.2,1,310.467,3.349,121.927
4115.7,25.46,65.3,0.0,11.8,1,310.808,3.352,120.451
4115.7,25.76,80.6,0.0,13.0,1,311.024,3.354,119.451
4115.7,26.33,91.5,0.0,12.1,1,311.330,3.359,117.920
4115.7,26.75,91.5,0.0,13.6,1,311.523,3.363,116.877
4120.8,27.33,91.7,0.0,12.4,1,311.789,3.370,115.278
4120.8,27.93,91.8,0.0,9.5,1,312.028,3.378,113.639
4120.8,28.34,91.8,0.0,7.0,1,312.173,3.383,112.524
4126.4,28.96,91.8,0.0,3.8,1,312.367,3.391,110.817
4126.4,29.35,68.6,0.0,3.2,1,312.482,3.398,109.657
4126.4,29.45,3.2,11.3,4.1,1,312.628,3.408,107.896
4126.4,29.29,0.0,10.1,4.9,1,312.710,3.416,106.723
4132.2,29.05,0.0,13.1,4.7,1,312.814,3.429,104.976
4132.2,28.86,0.0,17.3,3.8,1,312.874,3.439,103.819
4132.2,28.53,0.0,19.0,2.0,1,312.953,3.456,102.098
4132.2,28.31,0.0,18.6,0.8,1,313.001,3.468,100.962
4137.8,28.00,0.0,8.0,-1.3,1,313.068,3.486,99.274
4137.8,27.86,2.5,0.6,-2.2,1,313.113,3.498,98.157
4137.8,27.88,24.1,0.0,-2.8,1,313.184,3.516,96.488
4137.8,27.97,20.8,0.0,-3.9,1,313.262,3.534,94.814
4143.3,27.97,5.2,7.0,-4.6,1,313.319,3.547,93.697
4143.3,27.73,0.0,17.6,-4.4,1,313.415,3.567,92.027
4143.3,27.52,0.0,7.9,-3.9,1,313.485,3.581,90.924
4143.3,27.86,91.8,0.0,-2.2,1,313.600,3.604,89.271
4148.7,28.27,91.4,0.0,-1.1,1,313.683,3.620,88.153
4148.7,28.74,40.2,1.7,-2.9,1,313.813,3.644,86.446
4148.7,28.82,25.5,16.6,-3.2,1,313.906,3.661,85.299
4148.7,28.56,0.0,26.6,-5.6,1,314.054,3.687,83.581
4154.4,28.25,0.0,35.9,-6.6,1,314.159,3.704,82.449
4154.4,27.72,0.0,30.7,-8.3,1,314.329,3.731,80.778
4154.4,27.41,0.0,26.1,-9.2,1,314.453,3.749,79.682
4154.4,26.99,0.0,22.0,-9.9,1,314.656,3.775,78.062
4159.8,26.63,0.0,19.8,-12.0,1,314.882,3.799,76.469
4159.8,26.39,0.0,18.7,-13.5,1,315.048,3.815,75.422
4159.8,26.06,0.0,16.9,-15.1,1,315.320,3.836,73.871
4159.8,25.85,0.0,15.6,-15.9,1,315.519,3.849,72.852
4164.9,25.55,0.0,16.2,-16.2,1,315.845,3.867,71.345
4164.9,25.34,0.0,15.4,-16.6,1,316.082,3.878,70.355
4164.9,25.05,0.0,13.9,-17.6,1,316.464,3.893,68.892
4164.9,24.86,0.0,13.0,-18.3,1,316.738,3.902,67.932
4170.0,24.59,0.0,14.2,-18.9,1,317.179,3.914,66.514
4170.0,24.40,0.0,14.0,-19.3,1,317.492,3.921,65.586
4170.0,24.12,0.0,14.0,-20.0,1,317.990,3.930,64.217
4170.0,23.94,0.0,15.0,-20.5,1,318.341,3.934,63.322
4174.8,23.65,0.0,13.5,-20.6,1,318.897,3.941,62.007
4174.8,23.47,0.0,12.1,-21.2,1,319.286,3.944,61.148
4174.8,23.22,0.0,12.0,-22.6,1,319.896,3.948,59.887
4174.8,22.96,0.0,12.0,-23.3,1,320.540,3.950,58.659
4179.4,22.79,0.0,12.3,-23.1,1,320.987,3.951,57.861
4179.4,22.54,0.0,11.2,-23.4,1,321.684,3.950,56.693
4179.4,22.38,0.0,9.7,-23.9,1,322.166,3.949,55.934
4179.4,22.16,0.0,10.4,-24.1,1,322.915,3.946,54.827
4183.8,22.01,0.0,10.4,-22.4,1,323.430,3.943,54.109
4183.8,21.79,0.0,9.8,-22.8,1,324.224,3.937,53.062
4183.8,21.65,0.0,8.8,-24.4,1,324.768,3.933,52.384
4183.8,21.45,0.0,6.1,-27.1,1,325.605,3.925,51.398
4188.0,21.33,0.0,5.8,-27.0,1,326.178,3.920,50.762
4188.0,21.17,0.0,3.2,-26.9,1,327.059,3.911,49.841
4188.0,21.08,0.0,1.3,-27.4,1,327.661,3.905,49.248
4188.0,20.97,0.9,0.0,-28.6,1,328.586,3.895,48.390
4192.4,20.91,3.5,0.0,-25.7,1,329.218,3.888,47.840
4192.4,20.87,17.0,0.0,-22.8,1,330.187,3.878,47.046
4192.4,21.01,43.4,0.0,-23.2,1,331.182,3.868,46.281
4192.4,21.17,56.2,0.0,-25.0,1,331.863,3.861,45.784
4197.1,21.50,66.2,0.0,-29.1,1,332.916,3.852,45.057
4197.1,21.79,84.9,0.0,-31.1,1,333.641,3.846,44.585
4197.1,22.24,75.5,0.0,-33.6,1,334.767,3.837,43.896
4197.1,22.49,64.3,0.0,-34.9,1,335.544,3.831,43.453
4202.2,22.78,56.5,0.0,-39.3,1,336.745,3.823,42.820
4202.2,22.94,49.6,0.0,-46.1,1,337.568,3.817,42.422
4202.2,23.10,37.4,0.0,-57.2,1,338.832,3.809,41.867
4202.2,23.12,21.4,0.0,-64.7,1,339.691,3.804,41.526
4207.6,23.02,10.7,0.0,-74.8,1,340.997,3.797,41.064
4207.6,22.93,10.0,0.0,-79.4,1,341.874,3.792,40.790
4207.6,22.79,10.0,0.0,-86.0,1,343.198,3.786,40.430
4207.6,22.68,10.0,0.0,-91.4,1,344.084,3.782,40.225
4213.1,22.51,10.0,0.0,-98.5,1,345.415,3.777,39.968
4213.1,22.39,10.0,0.0,-100.0,1,346.303,3.773,39.831
4213.1,22.20,10.1,0.0,-100.0,1,347.633,3.769,39.678
4218.4,22.02,10.1,0.0,-100.0,1,348.957,3.765,39.587
4218.4,21.90,10.1,0.0,-100.0,1,349.835,3.763,39.560
4218.4,21.72,10.1,0.0,-100.0,1,351.143,3.760,39.571
4218.4,21.60,10.1,0.0,-100.0,1,352.009,3.759,39.612
4223.6,21.42,10.2,0.0,-100.0,1,353.295,3.757,39.723
4223.6,21.30,10.3,0.0,-100.0,1,354.143,3.756,39.829
4223.6,21.12,10.4,0.0,-100.0,1,355.399,3.756,40.037
4223.6,21.00,10.5,0.0,-95.8,1,356.224,3.756,40.208
4228.5,20.84,10.6,0.0,-87.6,1,357.442,3.756,40.512
4228.5,20.74,10.6,0.0,-80.9,1,358.240,3.757,40.745
4228.5,20.61,11.3,0.0,-71.5,1,359.416,3.759,41.141
4228.5,20.54,11.2,0.0,-67.2,1,360.185,3.761,41.435
4233.1,20.46,18.2,0.0,-59.7,1,361.314,3.765,41.921
4233.1,20.46,31.2,0.0,-52.6,1,362.052,3.768,42.275
4233.1,20.68,82.5,0.0,-40.7,1,363.140,3.774,42.852
4233.1,21.13,76.4,0.0,-27.1,1,364.221,3.780,43.487
4237.4,21.44,85.2,0.0,-19.2,1,364.941,3.785,43.940
4237.4,21.98,91.0,0.0,-12.3,1,366.025,3.792,44.660
4237.4,22.35,91.7,0.0,-12.2,1,366.752,3.798,45.166
4237.4,22.91,91.7,0.0,-14.0,1,367.848,3.806,45.964
4241.8,23.28,91.7,0.0,-15.1,1,368.584,3.812,46.522
4241.8,23.84,91.7,0.0,-15.9,1,369.693,3.821,47.397
4241.8,24.22,91.6,0.0,-20.4,1,370.434,3.827,48.007
4241.8,24.78,91.4,0.0,-22.6,1,371.548,3.835,48.966
4246.4,25.16,88.9,0.0,-22.3,1,372.288,3.841,49.635
4246.4,25.68,84.3,0.0,-18.5,1,373.392,3.849,50.686
4246.4,26.03,88.4,0.0,-15.9,1,374.121,3.855,51.419
4246.4,26.57,83.0,0.0,-16.5,1,375.206,3.862,52.563
4251.3,26.93,84.7,0.0,-17.0,1,375.923,3.868,53.357
4251.3,27.46,82.6,0.0,-14.1,1,376.984,3.875,54.595
4251.3,28.00,83.4,0.0,-14.0,1,378.027,3.881,55.889
4251.3,28.36,82.0,0.0,-14.0,1,378.713,3.885,56.783
4256.6,28.89,83.1,0.0,-13.7,1,379.723,3.891,58.170
4256.6,29.23,79.4,0.0,-13.4,1,380.384,3.894,59.125
4256.6,29.74,80.3,0.0,-12.8,1,381.354,3.897,60.604
4256.6,30.08,82.3,0.0,-8.9,1,381.986,3.898,61.619
4262.3,30.60,83.2,0.0,-5.2,1,382.911,3.899,63.185
4262.3,30.97,90.3,0.0,-6.8,1,383.515,3.899,64.258
4262.3,31.56,91.2,0.0,-3.2,1,384.401,3.899,65.910
4262.3,31.97,91.9,0.0,-2.6,1,384.981,3.898,67.040
4268.5,32.58,91.9,0.0,-4.8,1,385.834,3.898,68.777
4268.5,32.98,91.9,0.0,-8.0,1,386.394,3.899,69.961
4268.5,33.57,91.9,0.0,-6.5,1,387.221,3.900,71.777
4268.5,34.15,92.0,0.0,-4.1,1,388.034,3.900,73.637
4274.9,34.49,92.0,0.0,-2.9,1,388.571,3.901,74.899
4274.9,35.08,92.1,0.0,-3.7,1,389.373,3.901,76.825
4274.9,35.43,92.1,0.0,-4.8,1,389.904,3.900,78.131
4274.9,35.81,0.0,0.0,-5.9,0,390.692,3.899,80.120
4281.9,35.83,91.9,0.0,-6.0,2,391.206,3.896,81.456
4281.9,36.34,91.9,0.0,-6.0,2,391.963,3.892,83.483
4281.9,36.70,90.9,0.0,-5.5,2,392.460,3.889,84.855
4281.9,37.13,91.8,0.0,-3.8,2,393.191,3.882,86.944
4289.1,37.40,83.0,0.0,-2.6,2,393.666,3.877,88.356
4289.1,37.85,85.6,0.0,-1.6,2,394.362,3.872,90.505
4289.1,38.21,91.9,0.0,-1.9,2,394.814,3.868,91.956
4289.1,38.70,92.0,0.0,-2.6,2,395.475,3.865,94.167
4296.5,39.07,92.0,0.0,-3.1,2,395.907,3.864,95.660
4296.5,39.57,92.0,0.0,-2.9,2,396.541,3.862,97.932
4296.5,40.05,92.0,0.0,-1.6,2,397.158,3.859,100.239
4296.5,40.39,92.0,0.0,-1.5,2,397.561,3.857,101.795
4304.3,40.84,92.1,0.0,-1.7,2,398.155,3.853,104.157
4304.3,41.16,92.1,0.0,-2.4,2,398.544,3.850,105.749
4304.3,41.62,92.2,0.0,-3.7,2,399.119,3.847,108.164
4304.3,41.91,92.2,0.0,-3.9,2,399.497,3.845,109.790
4312.4,42.37,92.2,0.0,-3.5,2,400.056,3.840,112.255
4312.4,42.65,92.2,0.0,-3.5,0,400.422,3.838,113.916
4312.4,42.68,91.9,0.0,-3.2,3,400.954,3.835,116.419
4312.4,42.96,91.9,0.0,-3.4,3,401.298,3.833,118.096
4320.8,43.37,91.9,0.0,-4.0,3,401.799,3.830,120.636
4320.8,43.64,91.9,0.0,-4.3,3,402.122,3.829,122.346
4320.8,44.05,91.9,0.0,-4.8,3,402.590,3.827,124.934
4320.8,44.32,91.9,0.0,-4.9,3,402.889,3.825,126.676
4329.4,44.73,91.9,0.0,-4.7,3,403.315,3.821,129.312
4329.4,45.13,92.0,0.0,-4.7,3,403.714,3.817,131.977
4329.4,45.39,92.0,0.0,-4.8,3,403.964,3.813,133.770
4338.4,45.79,92.0,0.0,-5.0,3,404.312,3.808,136.482
4338.4,46.05,92.0,0.0,-5.5,3,404.526,3.804,138.306
4338.4,46.44,92.0,0.0,-6.4,3,404.820,3.799,141.064
4338.4,46.69,92.0,0.0,-6.9,3,404.996,3.796,142.918
4347.5,47.07,92.0,0.0,-7.0,3,405.226,3.789,145.721
4347.5,47.32,92.0,0.0,-6.7,3,405.356,3.785,147.603
4347.5,47.69,92.0,0.0,-6.4,3,405.513,3.779,150.449
4347.5,47.94,92.0,0.0,-6.8,3,405.591,3.775,152.359
4356.9,48.30,92.1,0.0,-7.3,3,405.669,3.768,155.244
4356.9,48.54,92.1,0.0,-7.6,3,405.694,3.764,157.180
4356.9,48.89,92.1,0.0,-7.7,3,405.689,3.757,160.102
4356.9,49.13,92.1,0.0,-7.7,3,405.656,3.752,162.062
4366.5,49.47,92.1,0.0,-8.2,3,405.560,3.746,165.017
4366.5,49.81,92.1,0.0,-8.5,3,405.409,3.738,167.991
4366.5,50.03,92.1,0.0,-8.6,3,405.275,3.732,169.983
4366.5,50.36,92.1,0.0,-9.0,3,405.024,3.725,172.984
4376.4,50.57,92.2,0.0,-9.4,3,404.822,3.720,174.992
4376.4,50.89,92.3,0.0,-9.6,3,404.467,3.711,178.014
4376.4,51.10,92.3,0.0,-9.9,3,404.194,3.705,180.035
4376.4,51.39,92.1,0.0,-10.7,3,403.730,3.697,183.074
4386.5,51.58,92.2,0.0,-10.9,0,403.384,3.692,185.104
4386.5,51.54,92.0,0.0,-10.6,4,402.808,3.682,188.144
4386.5,51.72,92.0,0.0,-9.9,4,402.386,3.677,190.165
4386.5,52.00,92.0,0.0,-9.1,4,401.691,3.669,193.197
4396.9,52.19,92.0,0.0,-9.7,4,401.188,3.665,195.219
4396.9,52.46,92.0,0.0,-10.1,4,400.374,3.657,198.250
4396.9,52.65,92.0,0.0,-10.0,4,399.790,3.653,200.270
4396.9,52.92,86.8,0.0,-10.4,4,398.852,3.649,203.294
4407.8,53.10,80.3,0.0,-11.0,4,398.186,3.648,205.307
4407.8,53.37,70.6,0.0,-11.8,4,397.128,3.646,208.320
4407.8,53.64,60.8,0.0,-12.2,4,395.999,3.644,211.325
4407.8,53.82,59.6,0.0,-12.2,4,395.205,3.645,213.321
4419.5,54.08,59.8,0.0,-11.7,4,393.951,3.649,216.305
4419.5,54.24,59.8,0.0,-11.5,4,393.075,3.654,218.286
4419.5,54.50,59.9,0.0,-11.3,4,391.703,3.660,221.245
4419.5,54.66,55.2,0.0,-11.5,4,390.750,3.665,223.209
4431.0,54.92,59.9,0.0,-11.7,4,389.262,3.674,226.140
4431.0,55.09,60.1,0.0,-11.6,4,388.232,3.680,228.083
4431.0,55.35,60.2,0.0,-11.3,4,386.634,3.687,230.985
4431.0,55.52,60.2,0.0,-10.9,4,385.533,3.689,232.910
4442.0,55.79,60.3,0.0,-10.5,4,383.828,3.689,235.780
4442.0,55.97,60.3,0.0,-11.5,4,382.655,3.689,237.682
4442.0,56.21,60.4,0.0,-11.8,4,380.837,3.689,240.513
4442.0,56.37,60.5,0.0,-11.7,4,379.587,3.691,242.386
4453.0,56.61,60.5,0.0,-11.3,4,377.655,3.696,245.170
4453.0,56.84,60.6,0.0,-11.0,4,375.654,3.705,247.922
4453.0,57.01,60.7,0.0,-10.8,4,374.283,3.711,249.740
4453.0,57.26,60.7,0.0,-10.6,4,372.172,3.720,252.440
4464.2,57.42,60.8,0.0,-10.2,4,370.728,3.726,254.222
4464.2,57.67,60.9,0.0,-7.7,4,368.511,3.736,256.868
4464.2,57.83,60.9,0.0,-6.6,4,366.999,3.743,258.613
4464.2,58.10,61.0,0.0,-5.5,4,364.683,3.753,261.208
4475.7,58.28,61.0,0.0,-5.0,4,363.110,3.758,262.923
4475.7,58.54,61.1,0.0,-4.4,4,360.710,3.764,265.476
4475.7,58.72,61.1,0.0,-4.2,4,359.084,3.767,267.165
4475.7,58.98,61.1,0.0,-4.3,4,356.609,3.770,269.683
4487.4,59.15,61.1,0.0,-4.4,4,354.937,3.770,271.351
4487.4,59.42,61.1,0.0,-4.4,4,352.395,3.768,273.838
4487.4,59.60,61.5,0.0,-4.3,4,350.677,3.768,275.486
4487.4,59.81,61.5,0.0,-4.6,4,348.068,3.770,277.939
4499.2,60.08,61.1,0.0,-4.3,4,345.420,3.774,280.372
4499.2,60.24,61.1,0.0,-3.5,4,343.632,3.779,281.981
4499.2,60.45,60.6,0.0,-2.4,4,340.918,3.789,284.377
4499.2,60.63,60.5,0.0,-1.6,4,339.090,3.792,285.965
4511.3,60.90,60.7,0.0,-0.8,4,336.321,3.793,288.337
4511.3,60.97,0.0,0.0,-0.5,0,334.460,3.792,289.911
4511.3,60.97,86.9,0.0,-0.0,5,331.659,3.788,292.260
4511.3,61.14,80.4,0.0,0.1,5,329.784,3.786,293.824
4523.4,61.40,70.5,0.0,0.2,5,326.958,3.784,296.175
4523.4,61.56,64.0,0.0,0.4,5,325.067,3.782,297.748
4523.4,61.80,59.6,0.0,0.6,5,322.223,3.780,300.115
4523.4,61.96,59.6,0.0,0.7,5,320.322,3.780,301.699
4535.7,62.19,59.7,0.0,0.7,5,317.465,3.779,304.087
4535.7,62.34,59.8,0.0,0.7,5,315.556,3.781,305.687
4535.7,62.57,59.9,0.0,0.6,5,312.688,3.786,308.098
4535.7,62.73,60.0,0.0,0.6,5,310.773,3.791,309.714
4548.2,62.96,60.0,0.0,0.6,5,307.896,3.797,312.150
4586.5,65.03,60.5,0.0,0.4,5,280.732,3.802,335.529
4586.5,65.17,60.6,0.0,0.2,5,278.765,3.797,337.235
4586.5,65.38,60.7,0.0,0.2,5,275.812,3.795,339.807
4586.5,65.52,60.7,0.0,0.2,5,273.839,3.796,341.527
4599.6,65.73,60.8,0.0,0.1,5,270.875,3.799,344.119
4599.6,65.94,60.8,0.0,0.1,5,267.903,3.800,346.721
4599.6,66.08,60.8,0.0,-0.0,5,265.918,3.803,348.462
4599.6,66.28,60.9,0.0,-0.1,5,262.934,3.812,351.080
4612.8,66.42,61.0,0.0,-0.1,5,260.940,3.820,352.831
4612.8,66.63,61.0,0.0,0.1,5,257.940,3.835,355.464
4612.8,66.75,61.1,0.0,0.2,5,255.935,3.845,357.223
4612.8,66.97,61.0,0.0,0.1,5,252.921,3.859,359.869
4626.2,67.09,61.1,0.0,0.1,5,250.906,3.868,361.638
4626.2,67.28,61.2,0.0,0.3,5,247.878,3.885,364.298
4626.2,67.42,61.2,0.0,0.3,5,245.855,3.896,366.076
4626.2,67.62,61.2,0.0,0.3,5,242.814,3.907,368.752
4639.7,67.74,61.2,0.0,0.2,5,240.783,3.914,370.542
4639.7,67.93,61.2,0.0,0.2,5,237.731,3.924,373.234
4639.7,68.06,61.2,0.0,0.2,5,235.693,3.929,375.035
4639.7,68.25,61.2,0.0,0.0,5,232.630,3.931,377.744
4653.3,68.44,61.3,0.0,-0.2,5,229.560,3.929,380.463
4653.3,68.56,61.3,0.0,-0.2,5,227.509,3.928,382.280
4653.3,68.75,61.3,0.0,-0.4,5,224.426,3.923,385.011
4653.3,68.87,61.3,0.0,-0.4,5,222.365,3.921,386.835
4667.0,69.05,61.3,0.0,-0.1,5,219.265,3.916,389.575
4667.0,69.17,61.3,0.0,-0.2,5,217.193,3.912,391.404
4667.0,69.35,61.3,0.0,-0.2,5,214.075,3.905,394.151
4667.0,69.47,61.2,0.0,-0.1,5,211.991,3.900,395.985
4680.8,69.64,61.2,0.0,-0.0,5,208.857,3.891,398.741
4723.1,70.97,83.9,0.0,0.0,6,178.218,3.843,425.741
4723.1,71.12,74.1,0.0,-0.1,6,175.031,3.839,428.571
4723.1,71.23,67.6,0.0,-0.1,6,172.903,3.835,430.463
4723.1,71.39,59.9,0.0,-0.1,6,169.705,3.828,433.305
4737.3,71.49,59.9,0.0,0.0,6,167.570,3.825,435.203
4737.3,71.64,60.0,0.0,-0.2,6,164.360,3.821,438.054
4737.3,71.74,60.0,0.0,-0.2,6,162.216,3.820,439.958
4737.3,71.90,60.1,0.0,-0.0,6,158.993,3.818,442.819
4751.7,72.00,60.1,0.0,0.1,6,156.840,3.818,444.728
4751.7,72.15,60.2,0.0,0.3,6,153.605,3.819,447.597
4751.7,72.25,60.2,0.0,0.3,6,151.444,3.822,449.513
4751.7,72.40,60.3,0.0,0.3,6,148.199,3.826,452.393
4766.1,72.55,60.3,0.0,0.2,6,144.948,3.829,455.282
4766.1,72.65,60.3,0.0,0.2,6,142.780,3.830,457.212
4766.1,72.79,60.3,0.0,0.1,6,139.523,3.832,460.116
4766.1,72.89,60.4,0.0,0.1,6,137.350,3.834,462.056
4780.7,73.04,60.4,0.0,-0.0,6,134.087,3.836,464.974
4780.7,73.04,60.4,0.0,-0.0,6,134.087,3.836,464.974
4780.7,73.04,60.4,0.0,-0.0,6,134.087,3.836,464.974
4780.7,73.32,60.5,0.0,-0.1,6,127.544,3.841,470.830
4795.3,73.51,60.5,0.0,-0.8,6,123.168,3.845,474.747
4795.3,73.61,60.5,0.0,-0.1,6,120.974,3.846,476.707
4795.3,73.74,60.5,0.0,0.2,6,117.676,3.847,479.651
4795.3,73.84,60.6,0.0,0.2,6,115.473,3.847,481.615
4810.0,73.98,60.6,0.0,-1.0,6,112.163,3.845,484.566
4810.0,74.07,60.6,0.0,-0.3,6,109.953,3.843,486.535
4810.0,74.20,60.6,0.0,0.5,6,106.629,3.837,489.491
4810.0,74.30,60.6,0.0,-0.1,6,104.409,3.833,491.464
4824.9,74.43,60.7,0.0,-0.2,6,101.072,3.824,494.426
4824.9,74.52,60.7,0.0,0.3,6,98.844,3.817,496.402
4824.9,74.66,60.7,0.0,0.4,6,95.496,3.808,499.372
4824.9,74.79,60.7,0.0,-0.3,6,92.143,3.795,502.347
4839.8,74.88,60.8,0.0,-0.3,6,89.904,3.784,504.334
4839.8,75.01,60.8,0.0,0.5,6,86.541,3.766,507.318
4839.8,75.10,60.8,0.0,0.5,6,84.295,3.753,509.311
4839.8,75.23,60.9,0.0,-0.6,6,80.923,3.732,512.304
4854.8,75.32,60.9,0.0,-0.5,6,78.671,3.718,514.303
4854.8,75.45,60.9,0.0,0.5,6,75.287,3.697,517.304
4854.8,75.53,60.9,0.0,0.6,6,73.028,3.682,519.307
4854.8,75.66,61.0,0.0,-0.7,6,69.634,3.659,522.315
4869.9,75.79,61.0,0.0,-0.5,6,66.233,3.635,525.328
4869.9,75.87,61.0,0.0,-0.2,6,63.961,3.618,527.337
4869.9,76.00,61.1,0.0,0.2,6,60.545,3.591,530.351
4869.9,76.09,61.1,0.0,0.3,6,58.262,3.572,532.362
4885.1,76.21,61.1,0.0,-0.1,6,54.832,3.541,535.379
4885.1,76.30,61.1,0.0,0.2,6,52.541,3.518,537.393
4885.1,76.42,61.2,0.0,0.5,6,49.101,3.483,540.418
4885.1,76.50,61.2,0.0,0.5,6,46.805,3.458,542.438
4900.4,76.63,61.2,0.0,0.4,6,43.359,3.419,545.476
4900.4,76.71,61.2,0.0,0.3,6,41.060,3.390,547.506
4900.4,76.84,61.3,0.0,0.2,6,37.612,3.345,550.559
4900.4,76.92,61.3,0.0,0.2,6,35.313,3.311,552.601
4915.7,77.04,61.3,0.0,0.2,6,31.862,3.254,555.671
4915.7,77.12,61.3,0.0,0.2,6,29.561,3.217,557.722
4915.7,77.25,61.3,0.0,0.1,6,26.108,3.159,560.807
4915.7,77.32,61.4,0.0,0.0,6,23.805,3.121,562.868
4931.1,77.45,61.4,0.0,0.1,6,20.347,3.062,565.967
4931.1,77.56,61.4,0.0,0.1,6,16.886,3.002,569.072
4931.1,77.64,61.4,0.0,-0.0,6,14.577,2.962,571.145
4946.6,77.76,61.4,0.0,-0.3,6,11.109,2.903,574.260
4946.6,77.84,61.4,0.0,-0.3,6,8.794,2.864,576.339
4946.6,77.95,61.4,0.0,0.0,6,5.317,2.808,579.461
4946.6,77.96,32.9,32.0,-0.1,6,2.995,2.772,581.543
4962.2,77.28,0.0,70.9,-0.6,6,-0.477,2.715,584.654
4962.2,76.13,0.0,80.7,-0.6,6,-3.909,2.654,587.725
4962.2,75.32,0.0,82.6,-0.2,6,-6.170,2.617,589.743
4962.2,74.09,0.0,84.4,0.3,6,-9.519,2.563,592.725
4977.3,73.25,0.0,84.8,0.3,6,-11.723,2.526,594.684
4977.3,72.01,0.0,84.2,-0.1,6,-14.984,2.474,597.577
4977.3,71.18,0.0,84.6,-0.5,6,-17.129,2.441,599.477
4977.3,69.95,0.0,85.3,-0.9,6,-20.302,2.394,602.284
4991.5,69.13,0.0,87.0,-0.7,6,-22.388,2.362,604.126
4991.5,67.87,0.0,88.7,-0.6,6,-25.475,2.311,606.843
4991.5,67.02,0.0,87.6,-0.7,6,-27.504,2.278,608.623
4991.5,65.76,0.0,86.7,-0.2,6,-30.506,2.229,611.244
5004.9,64.93,0.0,84.6,-0.1,6,-32.481,2.197,612.959
5004.9,63.72,0.0,84.0,-0.4,6,-35.402,2.153,615.485
5004.9,62.52,0.0,85.4,-0.7,6,-38.276,2.111,617.955
5004.9,61.72,0.0,85.1,-0.8,0,-40.165,2.083,619.571
5017.5,60.54,0.0,85.1,-1.2,5,-42.960,2.039,621.950
5017.5,59.73,0.0,85.6,-1.0,5,-44.796,2.011,623.505
5017.5,58.54,0.0,84.1,-1.5,5,-47.513,1.970,625.791
5017.5,57.74,0.0,85.4,-2.0,5,-49.300,1.942,627.282
5029.3,56.56,0.0,84.3,-3.1,5,-51.945,1.901,629.468
5029.3,55.77,0.0,85.2,-3.1,5,-53.686,1.874,630.890
5029.3,54.58,0.0,84.1,-2.8,5,-56.267,1.835,632.966
5029.3,53.80,0.0,84.4,-3.1,5,-57.969,1.810,634.311
5040.3,52.65,28.8,82.9,-3.6,0,-60.493,1.773,636.270
5040.3,51.89,0.0,82.0,-3.6,4,-62.159,1.748,637.535
5040.3,50.75,0.0,69.2,-3.2,4,-64.633,1.711,639.371
5040.3,50.09,0.0,59.6,-3.1,4,-66.269,1.686,640.552
5050.4,49.24,0.0,51.8,-3.1,4,-68.711,1.651,642.261
5050.4,48.47,0.0,47.7,-4.3,4,-71.144,1.615,643.898
5050.4,47.99,0.0,47.8,-5.1,4,-72.763,1.591,644.950
5050.4,47.27,0.0,48.3,-6.2,4,-75.184,1.557,646.471
5060.0,46.78,0.0,44.6,-7.0,4,-76.793,1.535,647.445
5060.0,46.12,0.0,41.3,-7.0,4,-79.201,1.501,648.851
5060.0,45.70,0.0,35.5,-6.7,4,-80.803,1.480,649.750
5060.0,45.16,0.0,27.7,-6.5,4,-83.203,1.448,651.043
5069.0,44.85,0.0,23.7,-7.4,4,-84.802,1.426,651.870
5069.0,44.44,0.0,21.4,-8.6,4,-87.203,1.394,653.059
5069.0,44.18,0.0,20.9,-9.3,4,-88.806,1.372,653.817
5069.0,43.72,0.0,41.3,-9.9,0,-91.211,1.339,654.903
5077.7,43.33,32.4,40.4,-10.0,0,-92.811,1.318,655.591
5077.7,42.66,0.0,39.5,-9.1,3,-95.201,1.286,656.567
5077.7,42.25,0.0,26.7,-8.5,3,-96.785,1.265,657.179
5077.7,41.82,0.0,13.5,-8.6,3,-99.156,1.236,658.040
5086.2,41.62,0.0,8.9,-9.4,3,-100.736,1.216,658.577
5086.2,41.38,0.0,7.0,-11.5,3,-103.110,1.186,659.328
5086.2,41.15,0.0,4.1,-13.3,3,-105.488,1.156,660.017
5086.2,41.02,0.0,5.5,-13.9,3,-107.076,1.136,660.441
5094.6,40.82,0.0,2.9,-14.7,3,-109.461,1.107,661.022
5094.6,40.70,0.0,4.5,-14.7,3,-111.053,1.088,661.375
5094.6,40.49,0.0,3.2,-14.1,3,-113.442,1.058,661.848
5094.6,40.37,0.0,3.4,-13.8,3,-115.036,1.039,662.126
5102.9,40.17,0.0,3.6,-14.2,3,-117.425,1.012,662.486
5102.9,40.04,0.0,2.7,-14.4,3,-119.017,0.994,662.689
5102.9,39.85,0.0,5.0,-14.2,3,-121.401,0.967,662.936
5102.9,39.72,0.0,3.0,-13.9,3,-122.988,0.951,663.062
5111.2,39.54,0.0,3.7,-14.0,3,-125.362,0.928,663.193
5111.2,39.41,0.0,3.1,-14.4,3,-126.940,0.913,663.242
5111.2,39.22,0.0,2.9,-14.9,3,-129.300,0.892,663.262
5111.2,39.10,0.0,4.2,-15.2,3,-130.866,0.879,663.239
5119.4,38.92,0.0,2.2,-15.5,3,-133.205,0.858,663.149
5119.4,38.80,0.0,2.9,-15.2,3,-134.757,0.844,663.054
5119.4,38.62,0.0,1.6,-15.4,3,-137.071,0.824,662.854
5127.4,38.45,0.0,2.2,-16.1,3,-139.368,0.806,662.590
5127.4,38.34,0.0,0.5,-16.4,3,-140.889,0.793,662.377
5127.4,38.20,1.4,0.4,-16.7,3,-143.155,0.775,662.005
5127.4,38.09,0.1,1.4,-16.9,3,-144.654,0.762,661.721
5135.5,37.93,0.0,0.6,-17.2,3,-146.884,0.745,661.240
5135.5,37.82,0.0,1.4,-17.6,3,-148.357,0.734,660.884
5135.5,37.65,0.0,1.2,-18.2,3,-150.544,0.718,660.298
5135.5,37.54,0.3,0.3,-18.5,3,-151.986,0.707,659.873
5143.4,37.38,0.0,2.0,-18.9,3,-154.126,0.691,659.183
5143.4,37.27,0.5,0.3,-19.4,3,-155.534,0.681,658.688
5143.4,37.11,0.1,1.7,-19.9,3,-157.620,0.666,657.895
5143.4,36.94,0.4,0.4,-20.3,3,-159.671,0.651,657.041
5151.5,36.83,1.1,0.0,-20.2,3,-161.017,0.642,656.437
5151.5,36.66,0.0,0.8,-19.8,3,-163.003,0.631,655.478
5151.5,36.56,3.7,0.0,-19.7,3,-164.303,0.624,654.804
5151.5,36.41,0.5,0.3,-20.0,3,-166.219,0.617,653.744
5159.8,36.29,0.0,0.7,-19.7,3,-167.471,0.613,653.004
5159.8,36.17,9.5,0.0,-18.7,3,-169.310,0.609,651.845
5159.8,36.09,6.5,0.0,-18.6,3,-170.512,0.606,651.043
5159.8,35.98,17.3,0.0,-19.9,3,-172.276,0.602,649.793
5167.5,35.96,23.5,0.0,-21.4,3,-173.427,0.601,648.930
5167.5,35.91,30.4,0.0,-23.3,3,-175.114,0.600,647.589
5167.5,35.95,47.8,0.0,-24.1,3,-176.213,0.602,646.662
5167.5,36.12,65.8,0.0,-25.7,3,-177.826,0.606,645.224
5175.6,36.29,76.0,0.0,-27.2,3,-178.882,0.609,644.234
5175.6,36.56,79.1,0.0,-30.9,3,-180.439,0.613,642.701
5175.6,36.76,59.8,0.0,-34.3,3,-181.959,0.618,641.111
5175.6,36.80,36.7,0.0,-34.4,3,-182.948,0.622,640.021
5183.2,36.81,38.8,0.0,-34.5,3,-184.388,0.628,638.347
5183.2,36.84,44.4,0.0,-34.3,3,-185.318,0.634,637.205
5183.2,36.94,58.4,0.0,-34.3,3,-186.669,0.645,635.452
5183.2,37.05,60.0,0.0,-34.7,3,-187.542,0.652,634.258
5190.9,37.18,49.3,0.0,-35.9,3,-188.812,0.663,632.428
5190.9,37.20,32.5,0.0,-36.5,3,-189.629,0.670,631.185
5190.9,37.14,20.1,0.0,-36.7,3,-190.806,0.682,629.290
5190.9,37.09,25.3,0.0,-36.5,3,-191.555,0.690,628.009
5198.2,37.07,32.2,0.0,-35.7,3,-192.627,0.703,626.060
5198.2,37.06,34.1,0.0,-35.6,3,-193.310,0.710,624.744
5198.2,37.06,35.2,0.0,-34.6,3,-194.284,0.718,622.745
5198.2,37.06,37.1,0.0,-33.5,3,-194.900,0.722,621.397
5205.2,37.09,38.8,0.0,-31.9,3,-195.772,0.726,619.350
5205.2,37.15,53.6,0.0,-31.5,3,-196.320,0.727,617.971
5205.2,37.31,60.0,0.0,-31.7,3,-197.093,0.726,615.876
5205.2,37.41,61.3,0.0,-32.2,3,-197.576,0.725,614.462
5212.2,37.57,56.7,0.0,-34.6,3,-198.249,0.724,612.316
5212.2,37.63,43.1,0.0,-36.1,3,-198.664,0.723,610.870
5212.2,37.61,26.0,0.0,-36.9,3,-199.234,0.724,608.686
5212.2,37.57,26.6,0.0,-36.3,3,-199.742,0.724,606.488
5219.5,37.55,32.2,0.0,-35.9,3,-200.044,0.725,605.017
5219.5,37.52,22.1,0.0,-33.1,3,-200.444,0.726,602.800
5219.5,37.44,5.9,6.3,-30.6,3,-200.671,0.728,601.317
5219.5,37.20,0.0,2.5,-27.7,3,-200.952,0.732,599.095
5227.0,37.07,6.4,0.0,-26.0,3,-201.100,0.736,597.617
5227.0,36.94,10.0,0.0,-20.0,3,-201.261,0.743,595.403
5227.0,37.03,79.6,0.0,-12.6,3,-201.328,0.749,593.926
5227.0,37.39,91.2,0.0,-2.1,3,-201.375,0.760,591.695
5234.4,37.66,91.3,0.0,3.3,3,-201.376,0.770,590.195
5234.4,38.01,51.4,0.0,7.2,3,-201.344,0.786,587.924
5234.4,38.14,38.2,0.0,5.6,3,-201.313,0.799,586.402
5234.4,38.12,5.7,0.0,4.7,3,-201.272,0.817,584.113
5242.0,38.06,1.4,4.8,6.0,3,-201.253,0.827,582.590
5242.0,37.86,0.0,12.7,9.3,3,-201.247,0.843,580.311
5242.0,37.57,0.0,20.6,11.9,3,-201.277,0.861,578.048
5242.0,37.31,0.0,25.4,12.7,3,-201.320,0.872,576.550
5249.7,36.88,0.0,24.4,12.9,3,-201.425,0.889,574.326
5249.7,36.59,0.0,28.7,12.7,3,-201.524,0.901,572.859
5249.7,36.12,0.0,31.2,12.2,3,-201.716,0.917,570.685
5249.7,35.80,0.0,32.6,11.6,3,-201.873,0.926,569.255
5257.0,35.28,38.3,32.4,11.3,0,-202.150,0.939,567.140
5257.0,34.97,0.0,23.9,11.2,2,-202.364,0.947,565.751
5257.0,34.54,0.0,23.2,10.3,2,-202.728,0.960,563.698
5257.0,34.26,0.0,24.7,10.1,2,-203.001,0.969,562.348
5264.4,33.78,0.0,28.8,9.6,2,-203.447,0.982,560.354
5264.4,33.47,0.0,19.9,9.9,2,-203.767,0.990,559.048
5264.4,33.10,0.0,19.2,10.9,2,-204.283,1.005,557.118
5264.4,32.86,0.0,26.4,11.6,2,-204.650,1.016,555.850
5271.4,32.40,0.0,31.0,12.7,2,-205.231,1.032,553.979
5271.4,32.07,0.0,29.5,13.1,2,-205.638,1.044,552.755
5271.4,31.61,0.0,23.7,13.3,2,-206.276,1.061,550.954
5271.4,31.34,0.0,21.8,13.3,2,-206.723,1.072,549.776
5278.2,30.96,0.0,20.1,13.5,2,-207.424,1.090,548.044
5278.2,30.60,0.0,13.8,13.5,2,-208.164,1.109,546.351
5278.2,30.42,0.0,9.9,14.1,2,-208.677,1.123,545.244
5285.7,30.18,0.0,9.0,15.5,2,-209.480,1.144,543.612
5285.7,30.03,0.0,8.6,16.3,2,-210.036,1.158,542.543
5285.7,29.81,0.0,5.9,17.7,2,-210.900,1.178,540.970
5285.7,29.68,0.0,5.6,18.6,2,-211.498,1.191,539.941
5292.4,29.49,0.0,3.1,19.4,2,-212.427,1.209,538.428
5292.4,29.38,0.0,1.6,20.2,2,-213.070,1.222,537.442
5292.4,29.27,34.2,0.0,21.5,0,-214.070,1.240,535.995
5292.4,29.19,1.7,0.0,21.9,1,-214.761,1.252,535.051
5298.9,29.06,4.5,0.0,23.4,1,-215.834,1.269,533.672
5298.9,28.99,6.9,0.0,24.6,1,-216.573,1.280,532.776
5298.9,28.89,5.1,2.7,26.8,1,-217.717,1.296,531.470
5298.9,28.77,0.0,1.3,28.2,1,-218.503,1.306,530.625
5305.6,28.60,0.8,0.1,29.3,1,-219.713,1.320,529.401
5305.6,28.50,4.1,0.0,30.3,1,-220.540,1.329,528.614
5305.6,28.36,3.1,0.0,31.7,1,-221.814,1.342,527.479
5305.6,28.21,4.4,0.0,33.3,1,-223.123,1.354,526.400
5311.6,28.12,6.5,0.0,34.2,1,-224.016,1.362,525.712
5311.6,28.00,6.4,0.0,35.9,1,-225.383,1.372,524.729
5311.6,27.91,5.8,0.0,37.0,1,-226.312,1.378,524.106
5311.6,27.77,4.0,0.0,38.8,1,-227.730,1.387,523.222
5317.5,27.67,3.8,0.0,40.2,1,-228.689,1.392,522.666
5317.5,27.52,4.4,0.0,42.1,1,-230.149,1.398,521.884
5317.5,27.42,4.0,0.0,43.1,1,-231.134,1.402,521.396
5317.5,27.26,3.4,0.0,44.2,1,-232.628,1.407,520.719
5323.2,27.16,6.4,0.0,44.9,1,-233.634,1.409,520.302
5323.2,27.03,6.2,0.0,45.6,1,-235.156,1.412,519.732
5323.2,26.94,6.7,0.0,46.2,1,-236.179,1.414,519.387
5323.2,26.82,10.5,0.0,46.5,1,-237.724,1.415,518.924
5328.8,26.71,10.3,0.0,46.2,1,-239.279,1.416,518.526
5328.8,26.65,10.7,0.0,45.9,1,-240.322,1.416,518.296
5328.8,26.56,13.7,0.0,45.2,1,-241.891,1.415,518.005
5328.8,26.51,16.3,0.0,44.3,1,-242.941,1.414,517.847
5334.6,26.49,23.7,0.0,42.3,1,-244.520,1.411,517.665
5334.6,26.54,35.9,0.0,41.1,1,-245.576,1.409,517.578
5334.6,26.68,40.9,0.0,39.4,1,-247.170,1.405,517.500
5334.6,26.80,47.5,0.0,38.3,1,-248.239,1.402,517.482
5340.1,27.07,60.2,0.0,36.8,1,-249.854,1.397,517.506
5340.1,27.30,66.7,0.0,35.9,1,-250.940,1.393,517.554
5340.1,27.66,65.7,0.0,34.7,1,-252.583,1.386,517.678
5340.1,27.91,67.3,0.0,33.9,1,-253.688,1.382,517.794
5345.9,28.27,60.1,0.0,33.0,1,-255.358,1.374,518.021
5345.9,28.48,57.6,0.0,32.9,1,-256.477,1.368,518.208
5345.9,28.77,53.8,0.0,33.4,1,-258.161,1.359,518.542
5345.9,28.94,48.3,0.0,34.3,1,-259.285,1.353,518.802
5351.8,29.18,51.4,0.0,36.7,1,-260.971,1.341,519.243
5351.8,29.32,32.2,0.0,38.7,1,-262.653,1.329,519.748
5351.8,29.38,33.1,0.0,39.6,1,-263.766,1.320,520.120
5351.8,29.48,35.2,0.0,40.9,1,-265.423,1.305,520.729
5358.0,29.55,34.4,0.0,41.7,1,-266.518,1.296,521.169
5358.0,29.70,43.5,0.0,43.7,1,-268.147,1.280,521.879
5358.0,29.80,38.5,0.0,45.4,1,-269.223,1.270,522.386
5358.0,29.84,23.3,0.0,47.2,1,-270.819,1.254,523.196
5364.4,29.85,27.1,0.0,45.5,1,-271.867,1.243,523.766
5364.4,29.94,38.2,0.0,47.9,1,-273.415,1.226,524.669
5364.4,30.01,37.0,0.0,49.4,1,-274.434,1.214,525.302
5364.4,30.04,19.1,0.0,48.6,1,-275.936,1.195,526.297
5370.7,30.00,16.6,0.0,49.3,1,-276.917,1.182,526.989
5370.7,29.93,16.7,0.0,49.9,1,-278.354,1.163,528.070
5370.7,29.86,15.5,0.0,50.1,1,-279.747,1.143,529.200
5370.7,29.81,15.2,0.0,50.1,1,-280.651,1.130,529.980
5377.0,29.74,18.1,0.0,49.9,1,-281.967,1.108,531.188
5377.0,29.72,20.8,0.0,49.9,1,-282.819,1.094,532.017
5377.0,29.65,14.4,0.0,49.5,1,-284.057,1.071,533.298
5377.0,29.59,15.2,0.0,48.2,1,-284.854,1.057,534.175
5383.4,29.53,17.5,0.0,45.6,1,-286.004,1.034,535.525
5383.4,29.51,19.8,0.0,43.7,1,-286.741,1.020,536.448
5383.4,29.51,25.3,0.0,40.6,1,-287.801,0.999,537.865
5383.4,29.54,31.0,0.0,38.5,1,-288.479,0.984,538.832
5390.2,29.65,37.6,0.0,35.0,1,-289.454,0.963,540.315
5390.2,29.80,58.8,0.0,32.7,1,-290.076,0.948,541.327
5390.2,30.19,71.8,0.0,30.9,1,-290.976,0.925,542.884
5390.2,30.44,62.2,0.0,29.5,1,-291.552,0.910,543.950
5396.7,30.74,53.9,0.0,24.3,1,-292.379,0.886,545.588
5396.7,30.92,50.8,0.0,21.5,1,-292.901,0.871,546.705
5396.7,31.16,44.9,0.0,18.9,1,-293.641,0.849,548.413
5396.7,31.30,45.4,0.0,17.8,1,-294.105,0.834,549.572
5403.4,31.65,74.4,0.0,16.7,1,-294.763,0.811,551.341
5403.4,31.98,82.8,0.0,15.6,1,-295.180,0.795,552.542
5403.4,32.49,85.0,0.0,14.1,1,-295.771,0.771,554.382
5411.1,33.01,89.5,0.0,14.4,1,-296.320,0.749,556.268
5411.1,33.38,91.2,0.0,12.1,1,-296.660,0.736,557.551
5411.1,33.95,91.9,0.0,8.4,1,-297.134,0.718,559.513
5411.1,34.32,92.0,0.0,7.6,1,-297.425,0.706,560.846
5418.4,34.87,92.0,0.0,7.7,1,-297.827,0.688,562.881
5418.4,35.22,92.1,0.0,7.0,1,-298.072,0.676,564.261
5418.4,35.75,86.1,0.0,7.7,1,-298.403,0.659,566.363
5418.4,36.02,60.2,0.0,8.4,1,-298.601,0.650,567.785
5426.4,36.16,32.1,0.0,9.6,1,-298.863,0.637,569.935
5426.4,36.28,52.3,0.0,10.2,1,-299.015,0.630,571.375
5426.4,36.47,0.0,0.0,15.9,0,-299.209,0.620,573.549
5426.4,36.46,76.1,0.0,19.2,2,-299.311,0.615,575.004
5433.9,36.90,91.9,0.0,22.0,2,-299.415,0.610,577.201
5433.9,37.21,91.9,0.0,24.2,2,-299.452,0.608,578.682
5433.9,37.54,73.7,0.0,28.7,2,-299.450,0.604,580.924
5433.9,37.77,90.7,0.0,26.3,2,-299.409,0.602,582.429
5441.6,38.02,50.0,0.0,23.9,2,-299.289,0.598,584.701
5441.6,38.26,66.9,0.0,17.7,2,-299.096,0.593,586.980
5441.6,38.40,55.5,0.0,17.5,2,-298.926,0.588,588.503
5441.6,38.61,61.7,0.0,16.6,2,-298.610,0.580,590.791
5449.3,38.76,61.7,0.0,14.5,2,-298.358,0.573,592.317
5449.3,39.03,76.6,0.0,10.4,2,-297.918,0.562,594.608
5449.3,39.26,83.2,0.0,7.7,2,-297.585,0.554,596.137
5449.3,39.66,88.3,0.0,3.5,2,-297.028,0.538,598.437
5457.1,39.94,91.8,0.0,0.9,2,-296.620,0.527,599.975
5457.1,40.39,82.6,0.0,-0.2,2,-295.953,0.508,602.290
5457.1,40.68,91.8,0.0,0.4,2,-295.476,0.494,603.839
5457.1,41.16,92.1,0.0,2.7,2,-294.717,0.469,606.173
5465.1,41.47,92.1,0.0,4.0,2,-294.186,0.451,607.737
5465.1,41.93,92.1,0.0,4.4,2,-293.357,0.426,610.097
5465.1,42.23,92.1,0.0,4.4,2,-292.785,0.409,611.679
5465.1,42.54,0.0,0.0,4.0,0,-291.900,0.383,614.065
5473.6,42.55,91.9,0.0,2.1,3,-291.295,0.365,615.654
5473.6,42.98,91.9,0.0,0.4,3,-290.365,0.336,618.045
5473.6,43.25,90.1,0.0,0.4,3,-289.732,0.316,619.648
5473.6,43.61,86.3,0.0,3.1,3,-288.766,0.284,622.067
5482.2,44.03,91.9,0.0,4.3,3,-287.777,0.249,624.502
5482.2,44.30,91.9,0.0,4.5,3,-287.103,0.225,626.134
5482.2,44.71,91.9,0.0,4.9,3,-286.065,0.190,628.593
5482.2,44.99,92.0,0.0,4.8,3,-285.353,0.166,630.239
5491.0,45.39,91.9,0.0,3.9,3,-284.256,0.127,632.717
5491.0,45.67,92.0,0.0,3.3,3,-283.504,0.101,634.375
5491.0,46.07,92.0,0.0,2.5,3,-282.342,0.061,636.869
5491.0,46.34,92.0,0.0,2.9,3,-281.549,0.033,638.537
5500.2,46.74,92.0,0.0,3.0,3,-280.330,-0.006,641.048
5500.2,47.00,92.0,0.0,3.8,3,-279.498,-0.027,642.727
5500.2,47.35,92.1,0.0,3.2,3,-278.227,-0.061,645.253
5500.2,47.61,91.9,0.0,2.7,3,-277.360,-0.087,646.943
5509.6,48.01,92.0,0.0,2.8,3,-276.030,-0.125,649.484
5509.6,48.28,92.1,0.0,2.2,3,-275.123,-0.150,651.182
5509.6,48.66,92.1,0.0,1.4,3,-273.731,-0.183,653.735
5509.6,48.91,92.1,0.0,1.1,3,-272.786,-0.200,655.441
5519.3,49.28,92.1,0.0,1.2,3,-271.346,-0.224,658.010
5519.3,49.65,92.1,0.0,1.6,3,-269.883,-0.245,660.591
5519.3,49.90,92.1,0.0,1.8,3,-268.896,-0.258,662.319
5519.3,50.26,92.1,0.0,2.0,3,-267.395,-0.276,664.922
5529.2,50.50,92.1,0.0,2.0,3,-266.380,-0.286,666.662
5529.2,50.86,92.2,0.0,2.4,3,-264.836,-0.301,669.281
5529.2,51.09,92.2,0.0,2.5,3,-263.792,-0.311,671.032
5529.2,51.43,92.2,0.0,2.7,3,-262.201,-0.324,673.664
5539.4,51.65,92.1,0.0,2.7,3,-261.124,-0.332,675.421
5539.4,51.87,0.0,0.0,2.8,0,-259.484,-0.343,678.060
5539.4,51.86,92.0,0.0,2.6,4,-258.377,-0.349,679.814
5539.4,52.18,92.0,0.0,1.5,4,-256.693,-0.356,682.441
5549.7,52.40,92.0,0.0,2.2,4,-255.554,-0.360,684.195
5549.7,52.72,92.0,0.0,1.7,4,-253.821,-0.367,686.829
5549.7,52.93,87.4,0.0,1.4,4,-252.651,-0.371,688.587
5549.7,53.26,77.7,0.0,-0.0,4,-250.872,-0.378,691.229
5560.2,53.47,71.2,0.0,-0.7,4,-249.674,-0.383,692.995
5560.2,53.79,61.5,0.0,-0.8,4,-247.862,-0.391,695.653
5560.2,54.11,59.7,0.0,-0.2,4,-246.037,-0.401,698.327
5560.2,54.33,59.7,0.0,-0.5,4,-244.816,-0.409,700.118
5571.0,54.64,59.9,0.0,0.9,4,-242.978,-0.419,702.820
5571.0,54.85,60.0,0.0,0.7,4,-241.747,-0.425,704.631
5571.0,55.16,60.1,0.0,1.7,4,-239.892,-0.432,707.360
5571.0,55.37,60.1,0.0,1.5,4,-238.647,-0.437,709.186
5582.0,55.68,60.2,0.0,1.7,4,-236.764,-0.443,711.934
5582.0,55.88,60.3,0.0,1.6,4,-235.498,-0.447,713.770
5582.0,56.18,60.3,0.0,2.7,4,-233.579,-0.452,716.530
5582.0,56.38,60.4,0.0,2.6,4,-232.286,-0.454,718.372
5593.2,56.67,60.5,0.0,2.9,4,-230.323,-0.457,721.136
5593.2,56.87,60.5,0.0,3.6,4,-228.997,-0.458,722.980
5593.2,57.16,60.7,0.0,4.1,4,-226.982,-0.460,725.743
5593.2,57.35,60.7,0.0,5.4,4,-225.619,-0.460,727.583
5604.9,57.62,60.8,0.0,5.5,4,-223.542,-0.459,730.336
5604.9,57.90,60.9,0.0,5.9,4,-221.424,-0.458,733.078
5604.9,58.08,61.0,0.0,5.9,4,-219.986,-0.456,734.898
5616.7,58.34,61.0,0.0,5.9,4,-217.788,-0.450,737.612
5616.7,58.52,61.1,0.0,5.6,4,-216.295,-0.444,739.410
5616.7,58.78,61.1,0.0,5.4,4,-214.015,-0.431,742.089
5616.7,58.95,61.1,0.0,4.4,4,-212.467,-0.420,743.863
5628.7,59.21,61.1,0.0,3.7,4,-210.107,-0.402,746.507
5628.7,59.39,61.1,0.0,4.0,4,-208.509,-0.388,748.260
5628.7,59.65,61.1,0.0,4.2,4,-206.078,-0.365,750.874
5628.7,59.81,61.2,0.0,4.1,4,-204.434,-0.348,752.608
5641.0,60.07,61.1,0.0,4.1,4,-201.935,-0.321,755.194
5641.0,60.24,61.1,0.0,4.2,4,-200.248,-0.303,756.909
5641.0,60.49,61.1,0.0,4.4,4,-197.686,-0.278,759.467
5641.0,60.65,61.0,0.0,4.6,4,-195.956,-0.264,761.164
5653.3,60.89,60.8,0.0,4.8,4,-193.329,-0.243,763.691
5653.3,61.05,60.6,0.0,5.1,4,-191.556,-0.231,765.365
5653.3,61.28,60.6,0.0,5.5,4,-188.866,-0.222,767.860
5653.3,61.50,60.4,0.0,6.2,4,-186.134,-0.218,770.331
5665.8,61.57,0.0,0.0,6.4,0,-184.289,-0.216,771.961
5665.8,61.58,86.5,0.0,4.5,5,-181.491,-0.212,774.370
5665.8,61.72,79.9,0.0,4.1,5,-179.602,-0.207,775.955
5665.8,61.94,70.7,0.0,3.9,5,-176.730,-0.199,778.302
5678.3,62.09,64.3,0.0,3.9,5,-174.791,-0.195,779.849
5678.3,62.31,59.7,0.0,4.2,5,-171.849,-0.191,782.144
5678.3,62.46,59.8,0.0,4.5,5,-169.867,-0.191,783.660
5678.3,62.69,59.9,0.0,4.5,5,-166.864,-0.194,785.913
5691.1,62.84,60.0,0.0,5.0,5,-164.840,-0.195,787.398
5691.1,63.05,60.1,0.0,5.1,5,-161.773,-0.194,789.601
5691.1,63.20,60.1,0.0,5.8,5,-159.706,-0.193,791.051
5691.1,63.40,60.2,0.0,5.6,5,-156.573,-0.190,793.197
5704.0,63.52,60.3,0.0,5.2,5,-154.463,-0.187,794.608
5704.0,63.76,60.3,0.0,4.4,5,-151.266,-0.188,796.695
5704.0,63.97,60.3,0.0,4.2,5,-148.026,-0.185,798.741
5704.0,64.07,51.2,0.0,4.6,5,-145.844,-0.178,800.081
5717.1,64.19,52.6,0.0,5.2,5,-142.543,-0.166,802.058
5717.1,64.31,55.4,0.0,6.3,5,-140.325,-0.162,803.357
5717.1,64.50,58.1,0.0,8.2,5,-136.970,-0.160,805.273
5717.1,64.61,58.8,0.0,9.2,5,-134.711,-0.160,806.525
5730.3,64.77,60.0,0.0,9.7,5,-131.289,-0.154,808.355
5730.3,64.83,60.6,0.0,10.4,5,-128.985,-0.149,809.542
5730.3,65.04,60.8,0.0,11.2,5,-125.497,-0.147,811.277
5730.3,65.13,60.7,0.0,10.2,5,-123.146,-0.145,812.396
5743.6,65.28,60.8,0.0,9.6,5,-119.584,-0.139,814.014
5743.6,65.40,60.7,0.0,4.5,5,-117.186,-0.136,815.054
5743.6,65.58,60.8,0.0,2.4,5,-113.556,-0.129,816.556
5743.6,65.78,60.8,0.0,2.1,5,-109.891,-0.126,818.003
5757.0,65.93,60.8,0.0,2.8,5,-107.431,-0.125,818.944
5757.0,66.13,60.8,0.0,3.2,5,-103.719,-0.122,820.326
5757.0,66.26,60.9,0.0,4.8,5,-101.230,-0.117,821.229
5757.0,66.46,60.9,0.0,5.3,5,-97.477,-0.108,822.557
5770.5,66.59,61.0,0.0,6.2,5,-94.961,-0.103,823.421
5770.5,66.77,61.0,0.0,5.9,5,-91.164,-0.097,824.679
5770.5,66.89,61.1,0.0,5.6,5,-88.617,-0.095,825.490
5770.5,67.06,61.1,0.0,5.6,5,-84.772,-0.091,826.658
5784.0,67.18,61.2,0.0,5.2,5,-82.193,-0.086,827.402
5784.0,67.35,61.2,0.0,5.6,5,-78.301,-0.076,828.470
5784.0,67.47,61.2,0.0,5.5,5,-75.692,-0.069,829.149
5784.0,67.65,61.2,0.0,4.8,5,-71.757,-0.059,830.122
5797.6,67.76,61.2,0.0,4.8,5,-69.121,-0.053,830.739
5797.6,67.94,61.2,0.0,3.3,5,-65.146,-0.041,831.618
5797.6,68.06,61.2,0.0,2.4,5,-62.484,-0.032,832.175
5797.6,68.24,61.3,0.0,2.0,5,-58.474,-0.017,832.973
5811.2,68.43,61.3,0.0,1.8,5,-54.445,-0.001,833.732
5811.2,68.55,61.3,0.0,1.8,5,-51.750,0.010,834.220
5811.2,68.74,61.3,0.0,1.5,5,-47.694,0.027,834.931
5811.2,68.86,61.3,0.0,1.5,5,-44.981,0.041,835.391
5824.9,69.04,61.3,0.0,2.1,5,-40.899,0.064,836.063
5824.9,69.16,61.3,0.0,2.3,5,-38.170,0.081,836.499
5824.9,69.34,61.3,0.0,2.4,5,-34.064,0.104,837.132
5824.9,69.46,61.2,0.0,2.2,5,-31.318,0.119,837.539
5838.7,69.63,61.2,0.0,1.1,5,-27.187,0.144,838.126
5838.7,69.75,61.2,0.0,1.1,5,-24.426,0.161,838.502
5838.7,69.92,61.1,0.0,1.1,5,-20.272,0.189,839.047
5838.7,70.03,61.0,0.0,0.5,5,-17.495,0.208,839.400
5852.7,70.20,60.9,0.0,-0.1,5,-13.321,0.235,839.917
98.7,74.04,60.6,0.0,-0.2,6,101.437,1.178,851.423
