opponent,v3,Jack Aitken,0,1771575754467
Game,version,date,track,car,event,laptime [s],S1 [s],S2 [s],S3 [s],S4+ [s]
LMU,1.2,2026-02-20 08:22:34,Silverstone Grand Prix Circuit - ELMS,Cadillac Whelen 2025 #311:LM (Hyper),Live,111.616,0,0,0
Tracklen [m],TotalLaps
5865.7,1
,
,
lapdistance [m],speed [m/s],throttle [%],brake [%],steer [%],gear [int],world_x [m],world_y [m],world_z [m]
2.0,70.52,85.9,0.0,-0.5,6,6.065,0.377,845.959
2.0,70.69,86.0,0.0,-0.4,6,10.275,0.405,846.428
2.0,70.81,86.0,0.0,-0.3,6,13.087,0.425,846.743
16.1,70.97,86.0,0.0,-0.0,6,17.313,0.458,847.220
16.1,71.08,86.1,0.0,-0.0,6,20.135,0.480,847.540
16.1,71.25,86.1,0.0,0.1,6,24.378,0.512,848.022
16.1,71.41,86.1,0.0,0.3,6,28.629,0.546,848.507
30.4,71.52,86.1,0.0,0.4,6,31.469,0.570,848.832
30.4,71.67,86.1,0.0,0.3,6,35.736,0.608,849.319
30.4,71.79,86.1,0.0,0.2,6,38.587,0.631,849.643
30.4,71.94,86.1,0.0,0.1,6,42.871,0.668,850.128
44.7,72.04,86.2,0.0,0.1,6,45.732,0.694,850.451
44.7,72.20,86.2,0.0,0.2,6,50.032,0.734,850.932
44.7,72.30,86.2,0.0,0.2,6,52.904,0.761,851.251
44.7,72.45,86.2,0.0,0.3,6,57.219,0.801,851.729
59.2,72.54,86.3,0.0,0.3,6,60.101,0.826,852.046
59.2,72.70,86.3,0.0,0.4,6,64.432,0.866,852.521
59.2,72.79,86.3,0.0,0.4,6,67.325,0.894,852.836
59.2,72.94,86.3,0.0,0.3,6,71.671,0.937,853.308
73.7,73.04,86.3,0.0,0.1,6,74.573,0.964,853.622
73.7,73.18,86.4,0.0,0.0,6,78.934,1.002,854.092
73.7,73.33,86.4,0.0,0.0,6,83.304,1.037,854.560
73.7,73.43,86.3,0.0,0.0,6,86.222,1.060,854.872
88.3,73.56,86.4,0.0,0.1,6,90.607,1.095,855.340
88.3,73.66,86.4,0.0,0.1,6,93.535,1.118,855.652
88.3,73.81,86.4,0.0,0.1,6,97.933,1.150,856.120
88.3,73.89,86.4,0.0,0.1,6,100.871,1.171,856.433
103.0,74.03,86.5,0.0,0.2,6,105.283,1.203,856.902
103.0,74.13,86.5,0.0,0.3,6,108.230,1.224,857.215
103.0,74.26,86.5,0.0,0.6,6,112.656,1.255,857.684
103.0,74.35,86.5,0.0,0.6,6,115.612,1.278,857.997
117.9,74.49,86.5,0.0,0.3,6,120.052,1.310,858.465
117.9,74.57,86.6,0.0,0.1,6,123.016,1.329,858.775
117.9,74.72,86.6,0.0,0.1,6,127.471,1.352,859.237
117.9,74.80,86.6,0.0,0.2,6,130.446,1.367,859.542
132.8,74.93,86.6,0.0,0.4,6,134.914,1.392,859.999
132.8,75.05,86.6,0.0,0.5,6,139.391,1.425,860.453
132.8,75.13,86.7,0.0,0.5,6,142.379,1.448,860.754
147.8,75.28,86.7,0.0,0.4,6,146.869,1.476,861.204
147.8,75.36,86.7,0.0,0.3,6,149.867,1.495,861.503
147.8,75.50,86.7,0.0,0.2,6,154.371,1.522,861.949
147.8,75.58,86.7,0.0,0.1,6,157.378,1.539,862.244
162.9,75.70,86.7,0.0,0.1,6,161.895,1.564,862.685
162.9,75.79,86.7,0.0,0.1,6,164.910,1.583,862.978
162.9,75.92,86.7,0.0,-0.0,6,169.441,1.613,863.415
162.9,76.01,86.7,0.0,-0.1,6,172.465,1.633,863.705
178.1,76.13,86.8,0.0,-0.0,6,177.008,1.664,864.139
178.1,76.22,86.7,0.0,-0.1,6,180.041,1.684,864.428
178.1,76.33,86.8,0.0,-0.4,6,184.596,1.713,864.862
178.1,76.41,86.8,0.0,-0.5,6,187.637,1.731,865.153
193.3,76.53,86.8,0.0,-0.7,6,192.204,1.759,865.591
193.3,76.66,86.8,0.0,-0.7,6,196.778,1.788,866.034
193.3,76.73,86.8,0.0,-0.6,6,199.831,1.807,866.334
193.3,76.85,86.8,0.0,-0.3,6,204.415,1.833,866.790
208.7,76.74,21.7,6.9,-0.5,6,207.473,1.850,867.099
208.7,76.33,5.4,52.9,-0.7,6,212.044,1.874,867.565
208.7,75.70,0.0,67.2,-0.6,6,215.070,1.892,867.877
208.7,74.52,0.0,75.0,-0.1,6,219.555,1.923,868.341
223.8,73.66,0.0,76.5,0.2,6,222.504,1.944,868.648
223.8,72.38,0.0,78.6,0.7,6,226.863,1.976,869.102
223.8,71.50,0.0,76.7,0.6,6,229.727,1.995,869.401
223.8,70.51,0.0,21.5,-0.2,6,233.962,2.027,869.840
238.1,70.10,0.0,50.8,-0.4,6,236.760,2.048,870.130
238.1,69.14,0.0,71.8,-0.4,6,240.919,2.078,870.558
238.1,68.35,0.0,77.3,-0.1,6,243.657,2.095,870.839
238.1,67.06,0.0,79.8,1.7,6,247.700,2.116,871.254
251.8,66.20,0.0,79.4,2.7,6,250.353,2.130,871.526
251.8,64.92,0.0,82.2,3.3,0,254.269,2.150,871.923
251.8,63.63,0.0,83.0,3.3,5,258.109,2.170,872.305
251.8,62.76,0.0,97.0,3.8,5,260.626,2.184,872.549
264.6,61.31,0.0,93.8,4.5,5,264.335,2.204,872.897
264.6,60.38,0.0,90.4,5.2,5,266.761,2.217,873.116
264.6,59.00,0.0,85.3,6.1,5,270.332,2.234,873.422
264.6,58.14,0.0,82.4,6.3,5,272.668,2.245,873.608
276.5,56.89,0.0,81.9,5.6,5,276.112,2.260,873.860
276.5,56.07,39.6,81.9,4.4,0,278.367,2.268,874.008
276.5,54.88,0.0,80.1,2.8,4,281.693,2.281,874.196
276.5,54.08,0.0,76.6,2.1,4,283.871,2.289,874.298
287.5,53.05,0.0,28.3,1.1,4,287.083,2.300,874.419
287.5,52.61,0.0,22.6,-0.4,4,289.196,2.306,874.472
287.5,52.05,0.0,23.3,-2.8,4,292.336,2.318,874.502
287.5,51.54,0.0,21.8,-4.2,4,295.445,2.331,874.472
297.9,51.19,0.0,20.6,-3.3,4,297.500,2.340,874.425
297.9,50.63,0.0,22.1,0.1,4,300.554,2.352,874.322
297.9,50.33,0.0,12.8,3.2,4,302.572,2.362,874.237
297.9,49.88,0.0,14.4,6.2,4,305.577,2.377,874.095
307.9,49.65,0.0,9.5,6.7,4,307.564,2.387,873.991
307.9,49.36,0.0,9.5,6.5,4,310.530,2.404,873.817
307.9,49.17,0.0,10.9,6.8,4,312.497,2.416,873.688
307.9,48.87,0.0,10.9,6.0,4,315.431,2.434,873.473
317.7,48.67,0.0,10.8,6.5,4,317.375,2.445,873.313
317.7,48.36,0.0,11.0,7.0,4,320.275,2.461,873.048
317.7,48.16,0.0,9.9,8.0,4,322.196,2.471,872.855
317.7,47.87,0.0,7.8,9.7,4,325.059,2.488,872.536
327.3,47.69,0.0,9.6,11.2,4,326.957,2.498,872.304
327.3,47.40,0.0,11.2,12.0,4,329.785,2.513,871.924
327.3,47.08,0.0,12.1,12.9,4,332.588,2.526,871.504
327.3,46.86,0.0,10.9,13.2,4,334.442,2.534,871.199
336.7,46.71,54.9,0.0,14.4,4,337.203,2.546,870.704
336.7,46.84,63.7,0.0,16.2,4,339.039,2.554,870.345
336.7,47.02,60.7,0.0,19.0,4,341.793,2.565,869.761
336.7,47.13,59.6,0.0,20.6,4,343.628,2.571,869.341
346.2,47.28,56.0,0.0,23.1,4,346.378,2.581,868.661
346.2,47.36,54.3,0.0,24.7,4,348.206,2.588,868.173
346.2,47.47,55.6,0.0,27.6,4,350.941,2.599,867.391
346.2,47.56,57.9,0.0,29.9,4,352.758,2.606,866.835
356.0,47.67,54.3,0.0,32.1,4,355.474,2.617,865.948
356.0,47.71,44.1,0.0,33.3,4,357.276,2.624,865.322
356.0,47.69,31.9,0.0,37.7,4,359.961,2.636,864.331
356.0,47.65,24.6,0.0,41.0,4,361.737,2.644,863.636
365.7,47.54,23.8,0.0,46.0,4,364.375,2.657,862.543
365.7,47.43,21.9,0.0,51.6,4,366.982,2.671,861.393
365.7,47.34,17.6,0.0,54.9,4,368.702,2.679,860.596
375.4,47.17,14.4,0.0,59.0,4,371.252,2.692,859.356
375.4,47.05,13.6,0.0,61.2,4,372.931,2.701,858.499
375.4,46.86,13.0,0.0,64.1,4,375.417,2.714,857.172
375.4,46.73,12.7,0.0,63.1,4,377.052,2.723,856.260
384.9,46.54,12.6,0.0,62.5,4,379.469,2.736,854.851
384.9,46.42,12.6,0.0,62.1,4,381.058,2.745,853.884
384.9,46.22,12.4,0.0,61.5,4,383.404,2.758,852.394
384.9,46.10,12.5,0.0,60.8,4,384.943,2.767,851.374
394.2,45.91,12.5,0.0,59.4,4,387.214,2.781,849.804
394.2,45.78,12.7,0.0,60.1,4,388.702,2.790,848.733
394.2,45.60,12.7,0.0,61.0,4,390.896,2.804,847.089
394.2,45.48,12.5,0.0,61.1,4,392.333,2.812,845.969
403.4,45.30,12.3,0.0,59.7,4,394.448,2.825,844.253
403.4,45.17,12.6,0.0,60.4,4,395.832,2.833,843.087
403.4,44.99,12.5,0.0,59.0,4,397.865,2.845,841.303
403.4,44.81,12.6,0.0,57.5,4,399.849,2.857,839.480
412.3,44.69,13.1,0.0,55.0,4,401.143,2.864,838.243
412.3,44.53,14.3,0.0,52.9,4,403.041,2.875,836.356
412.3,44.42,14.8,0.0,50.9,4,404.278,2.883,835.077
412.3,44.27,15.5,0.0,50.6,4,406.090,2.894,833.129
421.1,44.17,16.6,0.0,49.1,4,407.268,2.901,831.810
421.1,44.03,18.0,0.0,45.9,4,408.992,2.911,829.802
421.1,43.96,21.8,0.0,46.8,4,410.111,2.919,828.443
421.1,43.87,23.0,0.0,45.3,4,411.746,2.932,826.377
429.6,43.81,22.7,0.0,45.9,4,412.807,2.940,824.981
429.6,43.73,26.4,0.0,41.1,4,414.357,2.951,822.861
429.6,43.69,31.8,0.0,38.2,4,415.361,2.958,821.429
429.6,43.72,51.0,0.0,31.3,4,416.823,2.972,819.253
438.2,43.82,70.3,0.0,24.7,4,417.769,2.983,817.781
438.2,44.11,83.6,0.0,16.3,4,419.153,2.998,815.537
438.2,44.42,83.8,0.0,5.5,4,420.499,3.013,813.248
438.2,44.64,83.8,0.0,3.0,4,421.376,3.021,811.699
446.7,44.95,84.1,0.0,-2.5,4,422.658,3.035,809.338
446.7,45.19,84.0,0.0,-4.2,4,423.494,3.044,807.741
446.7,45.54,84.0,0.0,-3.0,4,424.719,3.059,805.312
446.7,45.78,83.9,0.0,0.4,4,425.519,3.069,803.670
455.6,46.13,84.0,0.0,7.2,4,426.698,3.088,801.179
455.6,46.36,84.1,0.0,10.3,4,427.474,3.101,799.500
455.6,46.71,83.7,0.0,6.0,4,428.624,3.121,796.957
455.6,46.94,84.1,0.0,2.7,4,429.382,3.134,795.245
464.8,47.30,84.4,0.0,-0.1,4,430.509,3.156,792.653
464.8,47.53,84.5,0.0,0.1,4,431.254,3.171,790.909
464.8,47.90,84.6,0.0,2.1,4,432.368,3.192,788.273
464.8,48.12,84.7,0.0,3.9,4,433.109,3.205,786.502
474.3,48.48,84.8,0.0,5.1,4,434.216,3.225,783.824
474.3,48.83,85.0,0.0,6.0,4,435.316,3.247,781.120
474.3,49.06,84.8,0.0,6.3,4,436.043,3.262,779.303
474.3,49.40,85.0,0.0,6.1,4,437.122,3.283,776.555
484.0,49.60,85.1,0.0,5.8,4,437.830,3.298,774.706
484.0,49.94,85.2,0.0,5.2,4,438.876,3.323,771.909
484.0,50.19,85.3,0.0,4.5,4,439.561,3.337,770.028
484.0,50.50,85.4,0.0,3.7,4,440.571,3.356,767.183
493.9,50.74,85.4,0.0,3.5,4,441.231,3.368,765.270
493.9,51.06,85.6,0.0,4.1,4,442.202,3.386,762.376
493.9,51.25,85.8,0.0,4.3,4,442.835,3.400,760.431
493.9,51.52,72.6,0.0,5.0,4,443.766,3.421,757.491
504.0,51.72,73.5,0.0,6.1,4,444.370,3.438,755.517
504.0,52.02,85.9,0.0,6.5,4,445.258,3.465,752.535
504.0,52.23,85.8,0.0,6.4,4,445.839,3.481,750.533
504.0,52.58,85.8,0.0,4.5,4,446.688,3.506,747.506
514.2,52.76,85.8,0.0,3.4,4,447.239,3.523,745.474
514.2,53.07,85.5,0.0,2.2,4,448.040,3.551,742.402
514.2,53.36,86.2,0.0,1.5,4,448.818,3.574,739.306
514.2,53.62,86.1,0.0,1.3,4,449.325,3.583,737.228
524.8,53.91,86.1,0.0,2.4,4,450.063,3.601,734.088
524.8,54.14,86.1,0.0,3.5,4,450.540,3.616,731.981
524.8,54.46,86.2,0.0,5.0,4,451.234,3.642,728.799
524.8,54.67,86.2,0.0,5.9,4,451.684,3.658,726.664
535.6,54.98,86.3,0.0,5.5,4,452.338,3.684,723.441
535.6,55.19,86.3,0.0,4.9,4,452.759,3.702,721.279
535.6,55.49,86.4,0.0,4.3,4,453.367,3.728,718.015
535.6,55.70,86.4,0.0,3.2,4,453.758,3.745,715.827
546.6,56.00,86.6,0.0,2.3,4,454.323,3.767,712.524
546.6,56.22,86.5,0.0,1.6,4,454.685,3.781,710.309
546.6,56.52,86.6,0.0,1.9,4,455.209,3.805,706.969
557.8,56.82,86.6,0.0,2.2,4,455.713,3.833,703.607
557.8,57.03,86.7,0.0,2.2,4,456.042,3.851,701.354
557.8,57.33,86.7,0.0,1.4,4,456.524,3.878,697.958
557.8,57.53,86.7,0.0,1.0,4,456.838,3.898,695.683
569.2,57.82,86.8,0.0,0.5,4,457.302,3.928,692.255
569.2,58.02,86.8,0.0,0.5,4,457.607,3.948,689.959
569.2,58.31,86.8,0.0,0.6,4,458.059,3.977,686.499
569.2,58.50,86.9,0.0,0.8,4,458.358,3.997,684.182
580.7,58.79,86.9,0.0,0.9,4,458.804,4.027,680.693
580.7,58.97,87.0,0.0,1.0,4,459.099,4.048,678.357
580.7,59.25,87.0,0.0,1.1,4,459.537,4.078,674.838
580.7,59.43,87.0,0.0,1.1,0,459.827,4.098,672.483
592.5,59.39,85.2,0.0,1.1,5,460.256,4.128,668.944
592.5,59.64,85.3,0.0,0.9,5,460.678,4.158,665.399
592.5,59.81,85.4,0.0,1.0,5,460.956,4.177,663.026
592.5,60.06,85.4,0.0,1.1,5,461.367,4.206,659.454
604.4,60.23,85.4,0.0,1.2,5,461.637,4.226,657.064
604.4,60.48,85.5,0.0,1.3,5,462.035,4.257,653.465
604.4,60.65,85.5,0.0,1.3,5,462.297,4.278,651.058
604.4,60.90,85.6,0.0,1.4,5,462.681,4.308,647.432
616.5,61.06,85.7,0.0,1.4,5,462.933,4.328,645.007
616.5,61.31,85.7,0.0,1.4,5,463.302,4.358,641.355
616.5,61.47,85.7,0.0,1.4,5,463.543,4.378,638.911
616.5,61.72,85.7,0.0,1.4,5,463.895,4.407,635.233
628.8,61.87,85.8,0.0,1.4,5,464.125,4.428,632.772
628.8,62.12,85.9,0.0,1.4,5,464.459,4.458,629.068
628.8,62.36,85.9,0.0,1.4,5,464.784,4.487,625.348
628.8,62.52,85.9,0.0,1.2,5,464.994,4.507,622.860
641.2,62.76,86.0,0.0,1.3,5,465.300,4.536,619.115
641.2,62.92,86.0,0.0,1.3,5,465.498,4.555,616.609
641.2,63.15,86.0,0.0,1.2,5,465.786,4.585,612.839
641.2,63.31,86.0,0.0,1.1,5,465.974,4.605,610.317
653.8,63.54,86.1,0.0,0.9,5,466.247,4.635,606.522
653.8,63.70,86.1,0.0,0.9,5,466.425,4.655,603.984
653.8,63.92,86.2,0.0,0.9,5,466.684,4.685,600.164
653.8,64.08,86.2,0.0,0.9,5,466.853,4.705,597.610
666.6,64.31,86.2,0.0,0.8,5,467.101,4.734,593.767
666.6,64.46,86.2,0.0,0.8,5,467.263,4.754,591.197
666.6,64.69,86.3,0.0,-0.2,5,467.501,4.782,587.331
666.6,64.84,86.3,0.0,-1.4,5,467.657,4.800,584.746
679.5,65.06,86.3,0.0,-1.2,5,467.890,4.826,580.857
679.5,65.28,86.4,0.0,-1.3,5,468.127,4.850,576.954
679.5,65.42,86.4,0.0,-1.0,5,468.289,4.866,574.345
679.5,65.64,86.4,0.0,-0.4,5,468.540,4.886,570.422
692.6,65.79,86.4,0.0,0.5,5,468.713,4.898,567.799
692.6,66.00,86.5,0.0,1.2,5,468.978,4.914,563.855
692.6,66.15,86.5,0.0,0.7,5,469.156,4.924,561.218
692.6,66.36,86.5,0.0,1.2,5,469.425,4.939,557.252
705.9,66.51,86.6,0.0,1.2,5,469.601,4.949,554.601
705.9,66.72,86.6,0.0,0.3,5,469.861,4.961,550.613
705.9,66.85,86.6,0.0,0.2,5,470.030,4.969,547.947
705.9,67.07,86.6,0.0,-0.0,5,470.278,4.978,543.938
719.3,67.20,86.7,0.0,-0.1,5,470.441,4.983,541.258
719.3,67.41,86.7,0.0,0.2,5,470.685,4.988,537.227
719.3,67.54,86.7,0.0,0.5,5,470.846,4.991,534.533
719.3,67.75,86.8,0.0,1.1,5,471.088,4.995,530.483
732.8,67.88,86.8,0.0,1.1,5,471.247,4.996,527.775
732.8,68.08,86.8,0.0,1.0,5,471.482,4.995,523.703
732.8,68.21,86.8,0.0,0.7,5,471.636,4.993,520.982
732.8,68.41,86.8,0.0,0.3,5,471.859,4.989,516.890
746.5,68.60,86.9,0.0,0.2,5,472.077,4.983,512.786
746.5,68.72,86.9,0.0,0.2,5,472.220,4.978,510.044
746.5,68.92,86.9,0.0,0.2,5,472.430,4.969,505.920
746.5,69.05,86.9,0.0,0.2,5,472.569,4.961,503.164
760.3,69.24,87.0,0.0,0.3,5,472.776,4.946,499.021
760.3,69.37,87.0,0.0,0.3,5,472.912,4.933,496.252
760.3,69.55,87.0,0.0,0.3,5,473.116,4.913,492.090
760.3,69.68,87.0,0.0,0.2,5,473.251,4.898,489.309
774.2,69.78,0.0,0.0,0.1,0,473.451,4.874,485.129
774.2,69.71,85.8,0.0,0.4,6,473.584,4.859,482.343
774.2,69.89,85.8,0.0,0.5,6,473.780,4.836,478.160
774.2,70.00,85.8,0.0,-0.2,6,473.909,4.822,475.366
788.2,70.18,85.9,0.0,-0.8,6,474.102,4.805,471.165
788.2,70.35,85.9,0.0,-1.9,6,474.297,4.787,466.954
788.2,70.48,85.9,0.0,-2.3,6,474.430,4.775,464.141
802.3,70.64,85.9,0.0,-2.8,6,474.641,4.757,459.914
802.3,70.75,86.0,0.0,-3.2,6,474.792,4.746,457.090
802.3,70.92,86.0,0.0,-4.2,6,475.038,4.729,452.847
802.3,71.03,86.0,0.0,-4.7,6,475.218,4.714,450.014
816.4,71.19,86.0,0.0,-5.1,6,475.515,4.691,445.758
816.4,71.29,86.1,0.0,-5.2,6,475.736,4.678,442.918
816.4,71.45,86.1,0.0,-6.6,6,476.100,4.656,438.652
816.4,71.55,86.1,0.0,-7.0,6,476.365,4.637,435.804
830.6,71.69,86.1,0.0,-7.1,6,476.805,4.609,431.530
830.6,71.78,86.1,0.0,-7.4,6,477.130,4.595,428.680
830.6,71.91,86.2,0.0,-8.7,6,477.666,4.578,424.403
830.6,72.00,86.3,0.0,-8.7,6,478.054,4.565,421.551
845.0,72.14,86.2,0.0,-8.5,6,478.689,4.545,417.274
845.0,72.27,86.2,0.0,-8.8,6,479.389,4.530,412.999
845.0,72.35,86.3,0.0,-9.7,6,479.892,4.520,410.151
845.0,72.47,86.3,0.0,-10.5,6,480.700,4.504,405.883
859.3,72.55,86.3,0.0,-10.8,6,481.276,4.492,403.040
859.3,72.67,86.3,0.0,-11.3,6,482.195,4.473,398.781
859.3,72.75,86.3,0.0,-11.4,6,482.844,4.457,395.947
859.3,72.85,86.4,0.0,-12.5,6,483.875,4.429,391.702
873.7,72.93,86.4,0.0,-13.8,6,484.599,4.406,388.878
873.7,73.03,76.0,0.0,-15.8,6,485.743,4.365,384.651
873.7,73.04,59.9,0.0,-16.3,6,486.545,4.335,381.842
873.7,72.94,34.1,0.0,-16.0,6,487.810,4.288,377.649
888.1,72.83,25.5,0.0,-15.1,6,488.694,4.254,374.870
888.1,72.55,1.2,12.0,-12.9,6,490.081,4.202,370.734
888.1,72.25,0.0,12.9,-11.4,6,491.045,4.166,368.003
888.1,71.76,0.0,29.0,-8.5,6,492.547,4.112,363.951
902.8,70.97,0.0,73.5,-6.4,6,494.112,4.058,359.961
902.8,70.20,0.0,85.2,-4.4,6,495.182,4.023,357.346
902.8,68.84,0.0,94.6,-0.4,6,496.807,3.972,353.502
902.8,67.90,0.0,91.9,2.6,6,497.899,3.938,350.993
917.0,66.55,46.5,48.8,8.6,0,499.544,3.889,347.309
917.0,65.94,0.0,23.8,12.4,5,500.651,3.859,344.902
917.0,65.41,0.0,12.9,12.9,5,502.334,3.812,341.340
917.0,65.14,0.0,22.7,9.7,5,503.467,3.778,338.987
930.5,64.59,0.0,26.4,3.7,5,505.153,3.723,335.478
930.5,64.20,0.0,26.9,1.6,5,506.256,3.688,333.150
930.5,63.64,0.0,24.1,2.5,5,507.866,3.642,329.668
930.5,63.27,0.0,23.4,5.1,5,508.910,3.614,327.354
943.5,62.76,0.0,21.3,8.9,5,510.432,3.576,323.893
943.5,62.43,0.0,21.9,10.3,5,511.418,3.552,321.591
943.5,61.92,0.0,21.1,10.2,5,512.848,3.518,318.144
943.5,61.42,0.0,18.1,9.0,5,514.214,3.488,314.705
956.0,61.11,0.0,21.0,8.5,5,515.088,3.469,312.415
956.0,60.55,0.0,33.1,5.8,5,516.341,3.443,308.985
956.0,60.09,0.0,35.2,5.4,5,517.136,3.428,306.706
956.0,59.38,0.0,30.0,4.9,5,518.267,3.410,303.303
967.8,58.98,0.0,24.8,6.4,5,518.982,3.400,301.046
967.8,58.46,0.0,12.2,9.2,5,519.999,3.388,297.672
967.8,58.22,0.0,9.0,10.9,5,520.640,3.379,295.428
967.8,57.89,0.0,7.3,13.0,5,521.549,3.366,292.065
979.2,57.68,0.0,4.3,13.5,5,522.120,3.358,289.824
979.2,57.55,55.2,0.0,12.8,5,522.924,3.343,286.464
979.2,57.64,71.6,0.0,12.7,5,523.426,3.332,284.216
979.2,57.55,4.9,23.6,12.3,5,524.129,3.315,280.830
990.8,57.22,0.0,20.2,12.4,5,524.559,3.304,278.574
990.8,56.77,0.0,6.2,11.5,5,525.143,3.290,275.205
990.8,56.59,15.7,0.3,10.6,5,525.492,3.283,272.965
990.8,56.50,24.2,1.3,8.5,5,525.959,3.272,269.605
1003.0,56.25,0.0,10.5,7.0,5,526.358,3.264,266.244
1003.0,56.06,0.0,3.5,7.4,5,526.588,3.260,264.010
1003.0,55.82,13.5,0.0,8.6,5,526.890,3.247,260.667
1003.0,55.76,50.5,0.0,10.0,5,527.056,3.239,258.442
1015.6,55.76,26.7,2.3,11.5,5,527.242,3.246,255.101
1015.6,55.67,1.1,3.0,13.2,5,527.339,3.245,252.874
1015.6,55.49,46.5,0.0,16.4,5,527.440,3.234,249.541
1015.6,55.57,75.8,0.0,17.5,5,527.467,3.231,247.320
1027.5,55.63,39.8,0.0,17.8,5,527.453,3.227,243.984
1027.5,55.58,19.9,0.0,18.1,5,527.406,3.225,241.759
1027.5,55.39,0.9,0.9,18.0,5,527.280,3.221,238.432
1027.5,55.23,0.0,0.2,17.2,5,527.158,3.220,236.222
1038.9,55.00,1.6,0.0,15.9,5,526.915,3.224,232.924
1038.9,54.79,2.9,0.0,13.8,5,526.599,3.233,229.645
1038.9,54.65,0.6,0.0,12.6,5,526.348,3.242,227.470
1050.0,54.44,3.0,0.0,11.7,5,525.916,3.256,224.226
1050.0,54.31,1.6,0.0,11.0,5,525.591,3.266,222.075
1050.0,54.09,1.0,2.7,11.8,5,525.048,3.280,218.868
1050.0,53.93,0.0,2.4,10.2,5,524.650,3.291,216.744
1060.7,53.70,0.0,0.2,8.8,5,523.997,3.312,213.582
1060.7,53.62,32.5,0.0,8.5,5,523.527,3.327,211.488
1060.7,53.75,80.9,0.0,7.3,5,522.774,3.351,208.357
1060.7,53.92,84.0,0.0,6.6,5,522.241,3.368,206.271
1071.3,54.18,84.0,0.0,5.4,5,521.400,3.395,203.140
1071.3,54.35,84.1,0.0,4.0,5,520.814,3.413,201.050
1071.3,54.61,84.1,0.0,1.7,5,519.901,3.440,197.912
1071.3,54.80,84.2,0.0,0.0,5,519.275,3.459,195.816
1082.3,55.06,84.2,0.0,-0.9,5,518.315,3.486,192.664
1082.3,55.24,84.3,0.0,-1.0,5,517.665,3.504,190.556
1082.3,55.51,84.3,0.0,-2.0,5,516.684,3.530,187.382
1082.3,55.78,84.4,0.0,-3.1,5,515.701,3.555,184.192
1093.5,55.95,84.5,0.0,-3.9,5,515.048,3.570,182.055
1093.5,56.20,70.7,0.0,-4.9,5,514.078,3.592,178.833
1093.5,56.27,43.5,0.0,-5.8,5,513.439,3.606,176.676
1093.5,56.09,5.0,36.3,-6.7,5,512.503,3.624,173.435
1104.8,55.64,0.0,49.8,-6.9,5,511.899,3.635,171.282
1104.8,54.78,0.0,53.9,-6.6,5,511.028,3.652,168.083
1104.8,54.17,0.0,55.4,-6.3,5,510.473,3.662,165.974
1104.8,53.27,40.6,52.1,-5.1,0,509.682,3.675,162.849
1115.7,52.69,0.0,49.3,-4.3,4,509.184,3.685,160.788
1115.7,51.84,0.0,44.5,-4.0,4,508.482,3.697,157.730
1115.7,51.31,0.0,41.8,-1.7,4,508.045,3.706,155.713
1115.7,50.58,0.0,37.0,-3.6,4,507.435,3.721,152.717
1126.2,50.12,0.0,31.8,-6.5,4,507.055,3.729,150.738
1126.2,49.54,0.0,23.9,-8.8,4,506.528,3.742,147.795
1126.2,49.08,0.0,11.5,-11.6,4,506.050,3.754,144.875
1126.2,48.86,0.0,5.9,-13.0,4,505.758,3.761,142.938
1136.4,48.62,0.0,1.5,-14.2,4,505.362,3.768,140.040
1136.4,48.49,0.0,0.1,-15.4,4,505.127,3.772,138.112
1136.4,48.30,0.5,0.0,-16.8,4,504.820,3.775,135.224
1136.4,48.18,2.6,0.0,-17.4,4,504.647,3.776,133.302
1146.5,48.02,9.4,0.0,-19.4,4,504.434,3.775,130.424
1146.5,47.95,15.5,0.0,-22.0,4,504.323,3.770,128.508
1146.5,47.84,14.5,0.0,-24.4,4,504.201,3.758,125.636
1146.5,47.74,9.7,0.0,-24.9,4,504.155,3.749,123.725
1156.6,47.57,6.8,0.8,-24.2,4,504.143,3.737,120.865
1156.6,47.43,1.1,1.7,-23.5,4,504.173,3.731,118.965
1156.6,47.19,6.0,0.0,-21.9,4,504.276,3.726,116.128
1156.6,47.03,11.2,0.0,-20.1,4,504.451,3.726,113.307
1166.5,46.95,7.7,0.0,-19.5,4,504.599,3.723,111.434
1166.5,46.75,7.8,0.0,-20.7,4,504.870,3.712,108.635
1166.5,46.64,15.1,0.0,-21.2,4,505.092,3.709,106.781
1166.5,46.54,18.2,0.0,-23.6,4,505.475,3.703,104.013
1176.4,46.46,15.5,0.0,-27.1,4,505.762,3.695,102.175
1176.4,46.29,10.2,0.0,-32.6,4,506.243,3.681,99.434
1176.4,46.18,16.4,0.0,-34.8,4,506.600,3.672,97.619
1176.4,46.06,14.6,0.0,-39.6,4,507.183,3.657,94.914
1186.2,45.97,14.7,0.0,-43.3,4,507.603,3.644,93.122
1186.2,45.82,13.5,0.0,-46.6,4,508.281,3.623,90.452
1186.2,45.73,13.6,0.0,-47.4,4,508.766,3.610,88.687
1186.2,45.58,12.7,0.0,-50.0,4,509.539,3.587,86.059
1195.9,45.48,13.0,0.0,-50.8,4,510.084,3.569,84.321
1195.9,45.34,12.6,0.0,-51.8,4,510.945,3.538,81.735
1195.9,45.18,12.7,0.0,-53.4,4,511.860,3.504,79.179
1195.9,45.07,12.5,0.0,-54.5,4,512.501,3.480,77.491
1205.3,44.92,12.4,0.0,-56.5,4,513.507,3.442,74.986
1205.3,44.81,12.3,0.0,-58.1,4,514.207,3.415,73.333
1205.3,44.64,12.5,0.0,-60.1,4,515.302,3.375,70.884
1205.3,44.53,12.5,0.0,-60.9,4,516.063,3.348,69.271
1214.4,44.35,12.3,0.0,-60.1,4,517.248,3.310,66.883
1214.4,44.23,12.3,0.0,-57.4,4,518.070,3.287,65.313
1214.4,44.04,6.4,22.4,-55.6,4,519.346,3.256,62.991
1214.4,43.77,0.0,22.4,-56.5,4,520.224,3.238,61.470
1223.2,43.29,39.8,36.2,-51.1,0,521.574,3.212,59.233
1223.2,42.91,0.0,39.9,-39.9,3,522.494,3.195,57.774
1223.2,42.21,0.0,45.5,-23.9,3,523.897,3.171,55.638
1223.2,41.70,0.0,48.4,-12.4,3,524.846,3.156,54.252
1231.7,40.91,0.0,41.6,3.9,3,526.282,3.134,52.231
1231.7,40.44,0.0,28.3,11.9,3,527.246,3.120,50.919
1231.7,39.99,18.2,0.0,34.1,3,528.699,3.098,48.995
1239.7,40.01,37.6,0.0,40.0,3,530.165,3.076,47.097
1239.7,40.03,21.7,5.8,33.8,3,531.147,3.061,45.832
1239.7,39.73,0.0,30.7,21.3,3,532.592,3.039,43.921
1239.7,39.37,0.0,24.7,14.0,3,533.523,3.024,42.641
1247.7,38.91,0.0,10.3,5.8,3,534.865,3.002,40.715
1247.7,38.70,0.0,3.2,2.1,3,535.726,2.987,39.423
1247.7,38.47,1.4,0.0,-0.6,3,536.966,2.963,37.468
1247.7,38.35,3.2,0.0,-0.7,3,537.760,2.945,36.152
1255.4,38.17,7.3,0.0,1.6,3,538.899,2.918,34.159
1255.4,38.07,9.7,0.0,5.0,3,539.623,2.900,32.817
1255.4,37.95,11.2,0.0,12.4,3,540.657,2.871,30.784
1255.4,37.87,12.3,0.0,18.4,3,541.311,2.851,29.416
1263.0,37.77,10.1,0.0,27.8,3,542.240,2.820,27.346
1263.0,37.68,6.1,0.0,32.8,3,542.828,2.799,25.956
1263.0,37.61,28.6,0.0,38.1,3,543.663,2.766,23.858
1263.0,37.69,43.5,0.0,39.3,3,544.444,2.733,21.740
1270.8,37.80,54.2,0.0,38.8,3,544.934,2.711,20.313
1270.8,37.98,50.2,0.0,38.0,3,545.625,2.679,18.148
1270.8,38.07,47.0,0.0,37.9,3,546.055,2.657,16.689
1270.8,38.17,34.5,0.0,37.6,3,546.652,2.623,14.481
1278.7,38.18,29.4,0.0,37.6,3,547.016,2.600,12.998
1278.7,38.18,31.8,0.0,37.6,3,547.508,2.564,10.761
1278.7,38.19,33.9,0.0,37.0,3,547.800,2.540,9.262
1278.7,38.25,36.2,0.0,35.6,3,548.183,2.505,7.001
1287.0,38.27,34.1,0.0,35.7,3,548.402,2.481,5.487
1287.0,38.32,34.0,0.0,36.8,3,548.678,2.444,3.206
1287.0,38.35,34.8,0.0,38.2,3,548.827,2.418,1.681
1287.0,38.37,31.2,0.0,40.0,3,548.998,2.378,-0.614
1295.2,38.38,33.2,0.0,40.8,3,549.077,2.351,-2.147
1295.2,38.43,37.7,0.0,40.9,3,549.143,2.310,-4.449
1295.2,38.48,42.5,0.0,40.0,3,549.152,2.283,-5.987
1295.2,38.64,55.9,0.0,38.1,3,549.114,2.241,-8.299
1303.3,38.92,78.7,0.0,37.4,3,549.016,2.197,-10.622
1303.3,39.18,75.5,0.0,36.2,3,548.919,2.166,-12.180
1303.3,39.42,55.0,0.0,34.3,3,548.721,2.120,-14.529
1303.3,39.54,50.5,0.0,33.3,3,548.551,2.089,-16.099
1312.0,39.67,48.8,0.0,32.5,3,548.239,2.045,-18.454
1312.0,39.76,50.3,0.0,32.2,3,547.991,2.017,-20.022
1312.0,39.91,53.3,0.0,30.7,3,547.562,1.976,-22.372
1312.0,40.03,57.4,0.0,29.1,3,547.237,1.950,-23.938
1320.8,40.26,60.9,0.0,25.7,3,546.692,1.913,-26.283
1320.8,40.41,61.1,0.0,23.0,3,546.289,1.890,-27.845
1320.8,40.63,62.9,0.0,18.2,3,545.625,1.859,-30.183
1320.8,40.82,63.6,0.0,15.1,3,545.144,1.839,-31.739
1329.8,41.08,65.8,0.0,12.3,3,544.367,1.808,-34.069
1329.8,41.28,65.7,0.0,10.8,3,543.813,1.786,-35.620
1329.8,41.55,67.2,0.0,9.9,3,542.928,1.753,-37.941
1329.8,41.84,67.5,0.0,9.4,3,541.977,1.721,-40.254
1338.4,42.04,70.1,0.0,9.3,3,541.304,1.700,-41.790
1338.4,42.36,73.3,0.0,9.2,3,540.239,1.673,-44.085
1338.4,42.59,74.1,0.0,10.0,3,539.492,1.656,-45.611
1338.4,42.95,74.9,0.0,12.9,3,538.321,1.630,-47.893
1347.4,43.19,74.7,0.0,15.0,3,537.507,1.612,-49.411
1347.4,43.53,75.4,0.0,16.4,3,536.236,1.587,-51.680
1347.4,43.76,74.7,0.0,16.6,3,535.355,1.571,-53.187
1347.4,44.09,75.2,0.0,15.6,3,533.982,1.549,-55.435
1356.5,44.31,75.1,0.0,14.3,3,533.034,1.535,-56.927
1356.5,44.64,76.5,0.0,12.3,3,531.562,1.514,-59.152
1356.5,44.87,76.3,0.0,11.4,3,530.547,1.499,-60.626
1356.5,45.20,77.5,0.0,10.1,3,528.977,1.476,-62.823
1365.5,45.43,78.0,0.0,8.8,3,527.897,1.459,-64.278
1365.5,45.75,78.9,0.0,7.7,3,526.228,1.432,-66.444
1365.5,45.97,81.3,0.0,6.8,3,525.083,1.412,-67.877
1365.5,46.34,85.9,0.0,5.3,3,523.317,1.381,-70.009
1374.5,46.72,86.1,0.0,4.0,3,521.492,1.347,-72.120
1374.5,46.96,86.6,0.0,3.2,3,520.242,1.324,-73.515
1374.5,47.26,66.6,0.0,2.5,3,518.320,1.289,-75.588
1374.5,47.45,55.2,0.0,5.3,3,517.008,1.264,-76.954
1383.7,47.44,17.7,0.0,9.6,3,514.999,1.224,-78.972
1383.7,47.50,42.8,0.0,13.5,3,513.637,1.197,-80.294
1383.7,47.64,78.8,0.0,16.2,3,511.557,1.157,-82.245
1383.7,47.88,86.8,0.0,17.2,3,510.144,1.132,-83.529
1393.0,48.27,86.8,0.0,16.4,3,507.980,1.096,-85.436
1393.0,48.50,86.9,0.0,15.6,3,506.509,1.074,-86.692
1393.0,48.60,0.0,0.0,13.6,0,504.261,1.038,-88.549
1393.0,48.69,85.0,0.0,11.4,4,502.742,1.011,-89.762
1402.4,49.00,85.2,0.0,7.6,4,500.424,0.968,-91.553
1402.4,49.23,85.2,0.0,5.3,4,498.850,0.938,-92.728
1402.4,49.56,85.3,0.0,0.0,4,496.445,0.894,-94.458
1412.2,49.91,85.3,0.0,-3.5,4,493.990,0.849,-96.152
1412.2,50.14,85.3,0.0,-3.7,4,492.326,0.821,-97.263
1412.2,50.51,85.3,0.0,-1.0,4,489.796,0.781,-98.908
1412.2,50.75,85.3,0.0,0.9,4,488.089,0.755,-99.997
1422.3,51.11,85.4,0.0,1.7,4,485.507,0.719,-101.630
1422.3,51.36,85.5,0.0,0.9,4,483.773,0.697,-102.720
1422.3,51.70,85.6,0.0,-0.9,4,481.154,0.663,-104.362
1422.3,51.95,85.6,0.0,-1.7,4,479.397,0.641,-105.463
1432.7,52.30,85.7,0.0,-2.8,4,476.749,0.608,-107.124
1432.7,52.53,85.8,0.0,-3.7,4,474.975,0.587,-108.240
1432.7,52.87,85.9,0.0,-5.3,4,472.306,0.556,-109.934
1432.7,53.08,85.9,0.0,-5.2,4,470.522,0.536,-111.077
1443.4,53.40,86.0,0.0,-4.8,4,467.844,0.509,-112.820
1443.4,53.66,86.0,0.0,-5.2,4,466.058,0.493,-114.000
1443.4,53.95,86.1,0.0,-6.3,4,463.379,0.468,-115.800
1443.4,54.28,86.1,0.0,-8.3,4,460.702,0.440,-117.638
1454.7,54.49,86.3,0.0,-9.1,4,458.922,0.426,-118.888
1454.7,54.82,86.3,0.0,-10.4,4,456.256,0.395,-120.794
1454.7,54.99,86.4,0.0,-10.8,4,454.485,0.375,-122.092
1454.7,55.29,86.4,0.0,-11.0,4,451.843,0.347,-124.082
1466.1,55.48,86.4,0.0,-10.7,4,450.092,0.328,-125.438
1466.1,55.77,86.4,0.0,-10.3,4,447.487,0.305,-127.523
1466.1,55.94,86.7,0.0,-10.7,4,445.765,0.293,-128.945
1466.1,56.25,86.6,0.0,-11.0,4,443.200,0.273,-131.125
1477.7,56.44,86.6,0.0,-12.1,4,441.505,0.261,-132.609
1477.7,56.72,86.6,0.0,-11.2,4,438.988,0.246,-134.886
1477.7,56.90,86.7,0.0,-10.4,4,437.327,0.239,-136.437
1477.7,57.19,86.7,0.0,-9.7,4,434.860,0.231,-138.808
1489.5,57.38,86.7,0.0,-9.9,4,433.231,0.227,-140.419
1489.5,57.65,86.8,0.0,-9.7,4,430.809,0.220,-142.876
1489.5,57.93,86.8,0.0,-8.5,4,428.415,0.212,-145.384
1489.5,58.12,86.8,0.0,-7.9,4,426.835,0.207,-147.083
1501.3,58.39,86.9,0.0,-7.4,4,424.489,0.201,-149.674
1501.3,58.57,86.9,0.0,-7.1,4,422.942,0.199,-151.428
1501.3,58.85,86.9,0.0,-7.2,4,420.645,0.199,-154.099
1501.3,59.02,87.0,0.0,-7.7,4,419.130,0.202,-155.904
1513.1,59.20,0.0,0.0,-7.1,0,416.879,0.206,-158.647
1513.1,59.16,85.2,0.0,-6.0,5,415.397,0.206,-160.492
1513.1,59.39,85.4,0.0,-4.9,5,413.200,0.202,-163.288
1513.1,59.57,85.4,0.0,-4.8,5,411.749,0.199,-165.173
1524.9,59.82,85.4,0.0,-5.9,5,409.594,0.191,-168.034
1524.9,59.99,85.4,0.0,-6.5,5,408.170,0.182,-169.961
1524.9,60.23,85.5,0.0,-8.2,5,406.056,0.169,-172.883
1524.9,60.40,85.5,0.0,-7.6,5,404.663,0.160,-174.852
1536.8,60.65,85.6,0.0,-6.1,5,402.596,0.143,-177.838
1536.8,60.82,85.6,0.0,-5.5,5,401.233,0.130,-179.848
1536.8,61.06,85.6,0.0,-4.5,5,399.213,0.109,-182.896
1536.8,61.31,85.7,0.0,-3.9,5,397.223,0.087,-185.979
1549.0,61.47,85.7,0.0,-3.8,5,395.910,0.073,-188.054
1549.0,61.72,85.7,0.0,-3.6,5,393.959,0.052,-191.193
1549.0,61.89,85.8,0.0,-3.4,5,392.671,0.041,-193.302
1549.0,62.13,85.8,0.0,-2.5,5,390.753,0.025,-196.489
1561.3,62.30,85.8,0.0,-2.0,5,389.484,0.016,-198.630
1561.3,62.55,85.9,0.0,-1.7,5,387.592,0.004,-201.861
1561.3,62.72,85.9,0.0,-1.7,5,386.337,-0.002,-204.029
1561.3,62.96,86.0,0.0,-1.7,5,384.461,-0.009,-207.299
1573.8,63.12,86.0,0.0,-1.4,5,383.215,-0.012,-209.491
1573.8,63.37,86.1,0.0,-0.7,5,381.351,-0.017,-212.796
1573.8,63.53,86.1,0.0,-0.3,5,380.112,-0.020,-215.011
1573.8,63.78,86.1,0.0,-0.7,5,378.255,-0.024,-218.348
1586.5,63.94,86.1,0.0,-1.0,5,377.018,-0.027,-220.583
1586.5,64.18,86.2,0.0,-1.4,5,375.164,-0.029,-223.949
1586.5,64.41,86.2,0.0,-1.3,5,373.311,-0.029,-227.332
1586.5,64.57,86.2,0.0,-1.3,5,372.077,-0.030,-229.597
1599.4,64.80,86.3,0.0,-1.1,5,370.228,-0.033,-233.009
1599.4,64.96,86.3,0.0,-1.0,5,368.996,-0.036,-235.293
1599.4,65.19,86.4,0.0,-1.1,5,367.150,-0.042,-238.733
1599.4,65.34,86.4,0.0,-1.2,5,365.921,-0.048,-241.036
1612.3,65.57,86.4,0.0,-1.5,5,364.079,-0.058,-244.504
1612.3,65.73,86.4,0.0,-1.5,5,362.853,-0.066,-246.826
1612.3,65.95,86.5,0.0,-1.4,5,361.015,-0.079,-250.322
1612.3,66.10,86.5,0.0,-1.3,5,359.792,-0.088,-252.663
1625.5,66.33,86.5,0.0,-1.2,5,357.961,-0.103,-256.188
1625.5,66.47,86.6,0.0,-1.1,5,356.744,-0.113,-258.548
1625.5,66.69,86.6,0.0,-1.0,5,354.922,-0.128,-262.103
1625.5,66.84,86.6,0.0,-1.0,5,353.710,-0.139,-264.482
1638.8,67.06,86.7,0.0,-1.1,5,351.896,-0.155,-268.066
1638.8,67.28,86.7,0.0,-1.0,5,350.085,-0.171,-271.666
1638.8,67.42,86.7,0.0,-0.8,5,348.879,-0.182,-274.074
1652.2,67.64,86.7,0.0,-0.4,5,347.074,-0.199,-277.701
1652.2,67.78,86.7,0.0,-0.2,5,345.871,-0.210,-280.127
1652.2,67.99,86.8,0.0,-0.1,5,344.068,-0.228,-283.779
1652.2,68.13,86.8,0.0,-0.1,5,342.867,-0.241,-286.221
1665.8,68.34,86.8,0.0,-0.1,5,341.063,-0.261,-289.896
1665.8,68.47,86.8,0.0,-0.1,5,339.860,-0.276,-292.353
1665.8,68.67,86.9,0.0,-0.1,5,338.054,-0.298,-296.050
1665.8,68.81,86.9,0.0,-0.1,5,336.847,-0.314,-298.520
1679.6,69.02,86.8,0.0,0.1,5,335.035,-0.343,-302.235
1679.6,69.13,86.9,0.0,0.2,5,333.824,-0.359,-304.719
1679.6,69.33,87.0,0.0,0.1,5,332.004,-0.379,-308.453
1679.6,69.47,87.0,0.0,0.1,5,330.789,-0.393,-310.948
1693.4,69.46,0.0,0.0,0.0,0,328.962,-0.418,-314.697
1693.4,69.56,85.8,0.0,-0.1,6,327.136,-0.442,-318.444
1693.4,69.69,85.8,0.0,-0.2,6,325.916,-0.459,-320.948
1693.4,69.88,85.8,0.0,-0.1,6,324.082,-0.483,-324.711
1707.3,70.00,85.8,0.0,-0.0,6,322.857,-0.498,-327.226
1707.3,70.19,85.9,0.0,-0.0,6,321.015,-0.522,-331.006
1707.3,70.31,85.9,0.0,-0.1,6,319.785,-0.538,-333.533
1707.3,70.50,85.9,0.0,-0.1,6,317.936,-0.561,-337.330
1721.4,70.62,85.9,0.0,-0.1,6,316.702,-0.578,-339.868
1721.4,70.80,86.0,0.0,-0.0,6,314.847,-0.602,-343.682
1721.4,70.91,86.0,0.0,-0.0,6,313.608,-0.619,-346.231
1721.4,71.10,86.0,0.0,-0.1,6,311.747,-0.643,-350.063
1735.6,71.22,86.0,0.0,-0.1,6,310.504,-0.660,-352.623
1735.6,71.40,86.0,0.0,-0.1,6,308.637,-0.685,-356.472
1735.6,71.51,86.1,0.0,-0.1,6,307.390,-0.703,-359.044
1735.6,71.69,86.1,0.0,-0.0,6,305.517,-0.731,-362.910
1749.9,71.86,86.1,0.0,-0.1,6,303.641,-0.760,-366.786
1749.9,71.98,86.1,0.0,-0.2,6,302.388,-0.780,-369.375
1749.9,72.16,86.2,0.0,-0.2,6,300.506,-0.811,-373.268
1749.9,72.27,86.2,0.0,-0.1,6,299.249,-0.832,-375.868
1764.3,72.44,86.2,0.0,-0.0,6,297.362,-0.865,-379.777
1764.3,72.55,86.2,0.0,-0.0,6,296.102,-0.887,-382.388
1764.3,72.72,86.2,0.0,-0.1,6,294.209,-0.921,-386.314
1764.3,72.83,86.3,0.0,-0.1,6,292.945,-0.943,-388.936
1778.8,73.01,86.3,0.0,-0.0,6,291.047,-0.975,-392.877
1778.8,73.11,86.3,0.0,0.0,6,289.779,-0.996,-395.509
1778.8,73.28,86.3,0.0,0.1,6,287.874,-1.029,-399.466
1778.8,73.39,86.4,0.0,0.1,6,286.602,-1.052,-402.109
1793.5,73.55,86.3,0.0,0.1,6,284.690,-1.088,-406.080
1793.5,73.66,86.4,0.0,0.1,6,283.413,-1.108,-408.733
1793.5,73.81,86.4,0.0,0.1,6,281.493,-1.135,-412.717
1793.5,73.98,86.4,0.0,0.3,6,279.567,-1.164,-416.711
1808.2,74.09,86.4,0.0,0.3,6,278.281,-1.183,-419.378
1808.2,74.25,86.5,0.0,0.3,6,276.346,-1.211,-423.385
1808.2,74.35,86.5,0.0,0.2,6,275.054,-1.231,-426.060
1808.2,74.50,86.5,0.0,0.2,6,273.109,-1.261,-430.080
1823.1,74.61,86.5,0.0,0.3,6,271.809,-1.281,-432.764
1823.1,74.77,86.6,0.0,0.3,6,269.853,-1.312,-436.796
1823.1,74.87,86.6,0.0,0.4,6,268.546,-1.332,-439.487
1823.1,75.02,86.6,0.0,0.4,6,266.579,-1.363,-443.530
1838.0,75.12,86.6,0.0,0.4,6,265.263,-1.383,-446.229
1838.0,75.28,86.6,0.0,0.4,6,263.284,-1.411,-450.283
1838.0,75.38,86.6,0.0,0.4,6,261.960,-1.430,-452.990
1838.0,75.52,86.7,0.0,0.4,6,259.966,-1.457,-457.054
1853.1,75.62,86.7,0.0,0.4,6,258.633,-1.474,-459.766
1853.1,75.77,86.7,0.0,0.4,6,256.626,-1.500,-463.840
1853.1,75.91,86.7,0.0,0.4,6,254.610,-1.528,-467.920
1853.1,76.01,86.7,0.0,0.4,6,253.261,-1.547,-470.642
1868.3,76.15,86.7,0.0,0.4,6,251.231,-1.573,-474.730
1868.3,76.25,86.7,0.0,0.4,6,249.873,-1.592,-477.459
1868.3,76.39,86.8,0.0,0.5,6,247.828,-1.617,-481.555
1868.3,76.49,86.8,0.0,0.5,6,246.460,-1.634,-484.289
1883.5,76.62,86.8,0.0,0.4,6,244.401,-1.658,-488.395
1883.5,76.72,86.8,0.0,0.3,6,243.023,-1.674,-491.135
1883.5,76.85,86.8,0.0,0.2,6,240.950,-1.697,-495.249
1883.5,76.94,86.8,0.0,0.2,6,239.563,-1.712,-497.994
1898.9,77.08,86.8,0.0,0.2,6,237.477,-1.735,-502.116
1898.9,77.17,86.8,0.0,0.4,6,236.082,-1.751,-504.868
1898.9,77.30,86.9,0.0,0.8,6,233.984,-1.774,-509.000
1898.9,77.38,86.9,0.0,0.8,6,232.583,-1.790,-511.758
1914.3,77.52,86.9,0.0,0.5,6,230.475,-1.813,-515.899
1914.3,77.65,86.9,0.0,0.2,6,228.361,-1.838,-520.046
1914.3,77.74,86.9,0.0,0.1,6,226.947,-1.855,-522.813
1929.8,77.86,87.0,0.0,0.1,6,224.820,-1.880,-526.968
1929.8,77.94,87.0,0.0,0.1,6,223.398,-1.895,-529.740
1929.8,78.07,87.0,0.0,0.0,6,221.261,-1.916,-533.904
1929.8,78.16,87.0,0.0,-0.1,6,219.834,-1.931,-536.683
1945.4,78.28,87.0,0.0,-0.3,6,217.689,-1.957,-540.857
1945.4,78.37,87.0,0.0,-0.4,6,216.257,-1.977,-543.644
1945.4,78.50,87.0,0.0,-0.6,6,214.108,-2.013,-547.830
1945.4,78.58,87.0,0.0,-0.8,6,212.675,-2.039,-550.625
1961.1,78.53,0.0,0.0,-0.7,0,210.527,-2.082,-554.823
1961.1,78.54,86.1,0.0,-0.5,7,209.098,-2.113,-557.619
1961.1,78.66,86.1,0.0,-0.5,7,206.958,-2.159,-561.821
1961.1,78.74,86.1,0.0,-0.6,7,205.533,-2.192,-564.628
1976.9,78.86,86.1,0.0,-0.7,7,203.397,-2.243,-568.846
1976.9,78.98,86.2,0.0,-0.6,7,201.265,-2.295,-573.073
1976.9,79.05,86.2,0.0,-0.6,7,199.845,-2.330,-575.897
1976.9,79.18,86.2,0.0,-0.6,7,197.719,-2.384,-580.141
1992.7,79.26,86.2,0.0,-0.5,7,196.304,-2.420,-582.976
1992.7,79.38,86.2,0.0,-0.5,7,194.183,-2.475,-587.236
1992.7,79.46,86.2,0.0,-0.3,7,192.772,-2.510,-590.081
1992.7,79.57,86.2,0.0,-0.0,7,190.656,-2.564,-594.357
2008.6,79.65,86.2,0.0,0.3,7,189.247,-2.603,-597.212
2008.6,79.76,86.3,0.0,0.5,7,187.133,-2.660,-601.501
2008.6,79.84,86.3,0.0,0.5,7,185.722,-2.698,-604.364
2008.6,79.96,86.3,0.0,0.6,7,183.603,-2.757,-608.664
2024.5,80.03,86.3,0.0,0.7,7,182.187,-2.792,-611.533
2024.5,80.15,86.3,0.0,1.1,7,180.055,-2.844,-615.839
2024.5,80.22,86.3,0.0,1.1,7,178.628,-2.880,-618.711
2024.5,80.33,86.3,0.0,1.1,7,176.477,-2.932,-623.020
2040.6,80.40,86.4,0.0,1.1,7,175.035,-2.963,-625.893
2040.6,80.51,86.4,0.0,1.2,7,172.859,-3.005,-630.201
2040.6,80.62,86.4,0.0,1.4,7,170.666,-3.045,-634.509
2040.6,80.69,86.4,0.0,1.5,7,169.196,-3.070,-637.380
2056.7,80.79,86.4,0.0,1.4,7,166.977,-3.105,-641.686
2056.7,80.87,86.4,0.0,1.2,7,165.488,-3.126,-644.556
2056.7,80.97,86.4,0.0,1.0,7,163.243,-3.153,-648.860
2056.7,81.04,86.4,0.0,1.0,7,161.737,-3.169,-651.729
2072.8,81.15,86.4,0.0,0.9,7,159.467,-3.187,-656.032
2072.8,81.21,86.4,0.0,0.7,7,157.945,-3.196,-658.901
2072.8,81.31,86.5,0.0,0.7,7,155.652,-3.206,-663.204
2072.8,81.38,86.5,0.0,0.7,7,154.116,-3.210,-666.072
2089.0,81.48,86.2,0.0,0.7,7,151.804,-3.212,-670.376
2089.0,81.54,85.9,0.0,0.8,7,150.256,-3.211,-673.245
2089.0,81.64,85.3,0.0,2.3,7,147.924,-3.205,-677.550
2089.0,81.70,85.1,0.0,2.7,7,146.363,-3.199,-680.419
2105.3,81.78,84.8,0.0,1.7,7,144.005,-3.187,-684.719
2105.3,81.86,84.9,0.0,1.0,7,141.626,-3.170,-689.013
2105.3,81.92,83.6,0.0,1.1,7,140.027,-3.156,-691.872
2105.3,81.99,82.3,0.0,1.3,7,137.611,-3.130,-696.155
2121.6,82.04,80.9,0.0,1.1,7,135.991,-3.109,-699.007
2121.6,82.09,79.4,0.0,0.9,7,133.547,-3.075,-703.281
2121.6,82.13,76.8,0.0,0.9,7,131.909,-3.049,-706.128
2121.6,82.01,17.3,45.6,0.9,7,129.441,-3.007,-710.393
2138.0,81.38,0.0,83.0,1.2,7,127.797,-2.976,-713.220
2138.0,79.96,0.0,88.9,1.7,7,125.352,-2.924,-717.402
2138.0,78.94,0.0,97.7,1.9,7,123.741,-2.886,-720.144
2138.0,77.42,0.0,89.4,2.0,7,121.353,-2.825,-724.183
2153.9,76.44,0.0,100.0,2.1,7,119.778,-2.783,-726.829
2153.9,74.87,0.0,94.3,1.8,7,117.440,-2.715,-730.723
2153.9,73.86,0.0,92.2,1.4,7,115.898,-2.665,-733.269
2153.9,72.41,0.0,86.4,1.5,0,113.609,-2.587,-737.014
2168.7,71.03,0.0,84.7,1.1,6,111.345,-2.506,-740.676
2168.7,70.11,0.0,86.8,1.1,6,109.849,-2.450,-743.072
2168.7,68.71,0.0,87.1,0.7,6,107.629,-2.366,-746.597
2168.7,67.79,0.0,85.3,0.8,6,106.164,-2.309,-748.901
2182.6,66.42,0.0,79.6,1.0,6,103.990,-2.225,-752.292
2182.6,65.52,0.0,94.0,1.4,6,102.556,-2.171,-754.510
2182.6,64.17,21.2,86.0,1.9,0,100.430,-2.090,-757.769
2182.6,63.26,0.0,82.7,2.8,5,99.030,-2.040,-759.899
2195.6,61.93,0.0,80.9,1.4,5,96.952,-1.973,-763.032
2195.6,61.00,0.0,77.3,0.6,5,95.581,-1.926,-765.074
2195.6,59.80,0.0,69.6,1.2,5,93.537,-1.855,-768.068
2195.6,59.03,0.0,68.9,1.6,5,92.183,-1.810,-770.023
2207.7,57.85,0.0,73.3,1.9,5,90.165,-1.744,-772.893
2207.7,56.65,0.0,76.5,0.7,5,88.164,-1.677,-775.687
2207.7,55.85,0.0,80.6,0.9,5,86.841,-1.632,-777.509
2219.0,54.59,38.9,81.1,1.7,0,84.880,-1.567,-780.182
2219.0,53.76,0.0,82.9,1.9,4,83.587,-1.525,-781.923
2219.0,52.49,0.0,76.1,1.2,4,81.672,-1.465,-784.474
2219.0,51.68,0.0,69.5,1.5,4,80.412,-1.427,-786.135
2229.4,50.55,0.0,70.0,3.1,4,78.540,-1.372,-788.567
2229.4,49.83,0.0,69.6,4.0,4,77.303,-1.336,-790.149
2229.4,48.74,0.0,58.9,5.6,4,75.463,-1.286,-792.465
2229.4,48.08,0.0,52.4,6.3,4,74.244,-1.253,-793.970
2239.1,47.35,37.7,27.7,6.6,4,72.420,-1.207,-796.175
2239.1,47.10,14.8,22.1,7.3,4,71.197,-1.177,-797.615
2239.1,46.72,19.7,2.8,9.1,4,69.346,-1.132,-799.734
2239.1,46.58,8.8,9.5,11.0,4,67.471,-1.088,-801.813
2248.4,46.39,0.0,7.6,11.9,4,66.206,-1.059,-803.176
2248.4,46.14,0.0,5.3,11.9,4,64.289,-1.015,-805.184
2248.4,45.98,0.0,4.8,11.7,4,62.996,-0.985,-806.497
2248.4,45.76,0.0,3.2,11.5,4,61.036,-0.940,-808.428
2257.5,45.62,0.0,3.6,11.3,4,59.713,-0.910,-809.689
2257.5,45.41,0.0,2.9,11.6,4,57.706,-0.864,-811.540
2257.5,45.27,0.0,1.4,12.0,4,56.352,-0.833,-812.747
2257.5,45.08,0.0,3.5,13.2,4,54.300,-0.786,-814.518
2266.4,44.94,0.0,1.6,14.3,4,52.918,-0.755,-815.672
2266.4,44.80,9.4,0.3,15.8,4,50.824,-0.710,-817.363
2266.4,44.74,20.8,0.0,16.3,4,49.411,-0.680,-818.464
2266.4,44.69,20.8,0.0,17.3,4,47.265,-0.635,-820.073
2275.4,44.63,13.0,0.0,17.9,4,45.816,-0.604,-821.119
2275.4,44.50,6.0,0.0,18.6,4,43.619,-0.560,-822.643
2275.4,44.33,2.1,0.0,18.6,4,41.395,-0.516,-824.112
2275.4,44.21,0.7,0.0,18.1,4,39.898,-0.487,-825.058
2284.4,44.02,0.8,0.3,17.3,4,37.632,-0.442,-826.425
2284.4,43.89,0.0,0.2,17.1,4,36.108,-0.413,-827.301
2284.4,43.71,4.3,0.0,17.3,4,33.803,-0.368,-828.563
2284.4,43.60,4.5,0.0,17.2,4,32.254,-0.338,-829.369
2293.3,43.43,3.3,0.0,17.8,4,29.913,-0.294,-830.524
2293.3,43.31,2.3,0.0,18.0,4,28.341,-0.265,-831.259
2293.3,43.13,8.4,0.0,17.9,4,25.969,-0.222,-832.308
2293.3,43.06,9.6,1.3,17.9,4,24.378,-0.192,-832.970
2302.4,42.90,47.5,0.6,18.1,0,21.977,-0.147,-833.910
2302.4,42.78,0.0,0.3,17.7,3,20.368,-0.116,-834.500
2302.4,42.61,15.0,0.0,18.2,3,17.946,-0.071,-835.332
2302.4,42.54,15.5,1.7,17.7,3,16.325,-0.043,-835.852
2311.4,42.35,5.6,0.5,18.6,3,13.884,-0.001,-836.580
2311.4,42.20,12.9,3.1,16.0,3,11.436,0.040,-837.243
2311.4,42.09,6.2,0.5,15.5,3,9.800,0.069,-837.650
2311.4,41.92,4.9,0.0,15.6,3,7.342,0.113,-838.206
2320.3,41.81,5.8,0.0,16.1,3,5.702,0.143,-838.543
2320.3,41.64,1.6,0.0,16.9,3,3.240,0.187,-838.998
2320.3,41.52,3.0,0.0,17.2,3,1.599,0.215,-839.269
2320.3,41.34,1.1,0.2,16.8,3,-0.860,0.257,-839.625
2328.9,41.21,1.1,0.0,16.5,3,-2.499,0.285,-839.830
2328.9,41.02,0.4,0.2,17.6,3,-4.952,0.325,-840.087
2328.9,40.91,11.2,0.0,17.6,3,-6.585,0.350,-840.226
2328.9,40.91,33.5,0.0,15.9,3,-9.033,0.388,-840.384
2337.6,40.92,23.4,0.0,14.6,3,-10.668,0.412,-840.456
2337.6,40.76,2.2,20.0,15.1,3,-13.120,0.448,-840.518
2337.6,40.47,0.0,12.7,15.5,3,-14.745,0.470,-840.529
2337.6,40.22,8.2,1.4,14.8,3,-17.165,0.503,-840.500
2346.4,40.14,17.7,0.0,14.2,3,-19.573,0.532,-840.417
2346.4,40.06,2.9,0.0,16.0,3,-21.175,0.551,-840.333
2346.4,40.04,41.2,0.0,19.0,3,-23.570,0.576,-840.162
2346.4,40.15,58.6,0.0,20.5,3,-25.167,0.591,-840.018
2355.1,40.41,64.0,0.0,19.9,3,-27.568,0.613,-839.757
2355.1,40.60,65.2,0.0,18.6,3,-29.175,0.625,-839.553
2355.1,40.87,64.7,0.0,17.0,3,-31.593,0.641,-839.200
2355.1,41.06,65.1,0.0,15.7,3,-33.209,0.650,-838.930
2363.5,41.32,63.6,0.0,14.7,3,-35.637,0.665,-838.472
2363.5,41.49,61.0,0.0,14.6,3,-37.258,0.675,-838.132
2363.5,41.75,64.3,0.0,15.3,3,-39.689,0.690,-837.567
2363.5,41.92,63.8,0.0,16.1,3,-41.311,0.700,-837.155
2372.4,42.18,63.0,0.0,17.8,3,-43.743,0.715,-836.486
2372.4,42.36,62.4,0.0,18.5,3,-45.364,0.723,-836.006
2372.4,42.61,63.7,0.0,19.5,3,-47.793,0.734,-835.237
2381.4,42.87,66.7,0.0,19.8,3,-50.219,0.743,-834.406
2381.4,43.06,67.4,0.0,19.2,3,-51.833,0.749,-833.817
2381.4,43.33,68.5,0.0,19.2,3,-54.249,0.759,-832.880
2381.4,43.53,69.3,0.0,18.3,3,-55.855,0.764,-832.220
2390.6,43.81,70.9,0.0,17.0,3,-58.258,0.771,-831.177
2390.6,44.01,71.1,0.0,16.2,3,-59.855,0.773,-830.446
2390.6,44.30,72.7,0.0,15.2,3,-62.241,0.774,-829.297
2390.6,44.50,71.4,0.0,14.8,3,-63.825,0.774,-828.495
2399.8,44.78,69.5,0.0,15.3,3,-66.189,0.773,-827.236
2399.8,44.96,68.0,0.0,16.3,3,-67.756,0.770,-826.361
2399.8,45.21,64.4,0.0,17.9,3,-70.090,0.766,-824.995
2399.8,45.36,59.1,0.0,18.9,3,-71.635,0.761,-824.049
2408.9,45.61,74.6,0.0,20.2,3,-73.932,0.753,-822.577
2408.9,45.82,76.9,0.0,20.6,3,-75.451,0.748,-821.561
2408.9,46.12,76.4,0.0,21.4,3,-77.712,0.738,-819.983
2408.9,46.41,72.4,0.0,22.9,3,-79.950,0.727,-818.341
2418.2,46.57,63.9,0.0,23.2,3,-81.427,0.718,-817.211
2418.2,46.74,57.8,0.0,20.4,3,-83.615,0.704,-815.465
2418.2,46.87,70.2,0.0,20.8,3,-85.054,0.694,-814.268
2418.2,47.17,84.6,0.0,21.7,3,-87.184,0.676,-812.420
2427.4,47.39,79.2,0.0,19.7,3,-88.587,0.663,-811.153
2427.4,47.64,67.5,0.0,17.4,3,-90.665,0.642,-809.201
2427.4,47.78,72.0,0.0,15.9,3,-92.029,0.626,-807.867
2427.4,48.07,87.4,0.0,12.9,3,-94.042,0.600,-805.816
2436.8,48.29,87.1,0.0,11.8,0,-95.364,0.583,-804.413
2436.8,48.23,56.8,0.0,11.7,4,-97.307,0.556,-802.265
2436.8,48.36,79.8,0.0,12.2,4,-98.572,0.538,-800.807
2436.8,48.66,85.0,0.0,13.2,4,-100.433,0.508,-798.571
2446.1,48.88,85.0,0.0,14.0,4,-101.652,0.488,-797.048
2446.1,49.20,85.1,0.0,15.5,4,-103.447,0.455,-794.718
2446.1,49.41,85.2,0.0,16.8,4,-104.622,0.432,-793.134
2446.1,49.75,85.2,0.0,17.5,4,-106.351,0.394,-790.715
2455.7,50.06,85.3,0.0,17.3,4,-108.041,0.351,-788.244
2455.7,50.28,85.4,0.0,20.6,4,-109.145,0.321,-786.569
2455.7,50.58,85.5,0.0,25.9,4,-110.764,0.274,-784.014
2455.7,50.79,85.6,0.0,28.4,4,-111.819,0.241,-782.284
2465.5,51.07,85.7,0.0,30.8,4,-113.365,0.189,-779.650
2465.5,51.14,73.0,0.0,28.2,4,-114.373,0.148,-777.871
2465.5,51.28,57.6,0.0,16.2,4,-115.845,0.081,-775.174
2465.5,51.36,83.7,0.0,8.2,4,-116.788,0.040,-773.352
2475.7,51.45,39.7,0.0,-5.6,4,-118.156,-0.022,-770.586
2475.7,51.52,74.0,0.0,-18.1,4,-119.042,-0.071,-768.729
2475.7,51.73,30.1,0.0,-33.9,4,-120.343,-0.154,-765.921
2475.7,51.75,35.6,0.0,-38.2,4,-121.194,-0.212,-764.036
2486.2,51.89,79.7,0.0,-30.2,4,-122.447,-0.297,-761.193
2486.2,52.15,85.7,0.0,-18.0,4,-123.278,-0.353,-759.286
2486.2,52.40,86.2,0.0,-1.4,4,-124.554,-0.440,-756.422
2486.2,52.75,74.0,0.0,10.8,4,-125.866,-0.545,-753.557
2496.8,52.88,80.4,0.0,15.4,4,-126.773,-0.612,-751.650
2496.8,53.15,74.5,0.0,16.8,4,-128.184,-0.710,-748.800
2496.8,53.33,68.3,0.0,14.4,4,-129.155,-0.776,-746.906
2496.8,53.63,86.0,0.0,6.0,4,-130.660,-0.874,-744.076
2507.6,53.87,86.1,0.0,-1.1,4,-131.690,-0.940,-742.190
2507.6,54.22,86.1,0.0,-8.9,4,-133.262,-1.042,-739.356
2507.6,54.46,86.1,0.0,-10.1,4,-134.323,-1.112,-737.461
2507.6,54.80,86.2,0.0,-7.7,4,-135.937,-1.220,-734.611
2518.7,55.02,86.3,0.0,-4.3,4,-137.032,-1.295,-732.708
2518.7,55.37,86.4,0.0,-0.5,4,-138.704,-1.411,-729.853
2518.7,55.60,86.4,0.0,0.3,4,-139.838,-1.492,-727.947
2518.7,55.94,86.4,0.0,-0.6,4,-141.564,-1.618,-725.085
2530.0,56.29,86.5,0.0,-2.4,4,-143.316,-1.752,-722.213
2530.0,56.51,86.5,0.0,-3.0,4,-144.497,-1.844,-720.294
2530.0,56.85,86.6,0.0,-2.7,4,-146.287,-1.985,-717.406
2530.0,57.07,86.6,0.0,-2.2,4,-147.493,-2.079,-715.476
2541.4,57.41,86.7,0.0,-1.6,4,-149.323,-2.222,-712.574
2541.4,57.62,86.7,0.0,-1.6,4,-150.557,-2.319,-710.635
2541.4,57.96,86.8,0.0,-1.7,4,-152.428,-2.463,-707.720
2541.4,58.17,86.8,0.0,-1.8,4,-153.689,-2.557,-705.773
2553.0,58.49,86.8,0.0,-1.8,4,-155.600,-2.694,-702.845
2553.0,58.70,86.9,0.0,-1.9,4,-156.887,-2.783,-700.889
2553.0,59.01,86.9,0.0,-1.8,4,-158.835,-2.917,-697.947
2553.0,59.22,87.0,0.0,-1.8,4,-160.146,-3.005,-695.981
2564.9,59.53,87.0,0.0,-1.9,4,-162.130,-3.133,-693.027
2564.9,59.62,0.0,0.0,-1.9,0,-163.465,-3.215,-691.054
2564.9,59.70,85.3,0.0,-1.7,5,-165.479,-3.331,-688.100
2564.9,59.88,85.4,0.0,-1.7,5,-166.833,-3.403,-686.130
2576.9,60.16,85.4,0.0,-1.7,5,-168.881,-3.501,-683.171
2576.9,60.44,85.5,0.0,-1.7,5,-170.952,-3.589,-680.206
2576.9,60.62,85.5,0.0,-1.6,5,-172.344,-3.642,-678.226
2589.0,60.88,85.6,0.0,-1.4,5,-174.451,-3.711,-675.253
2589.0,61.06,85.6,0.0,-1.3,5,-175.868,-3.750,-673.268
2589.0,61.33,85.7,0.0,-1.2,5,-178.010,-3.797,-670.287
2589.0,61.51,85.7,0.0,-1.3,5,-179.449,-3.824,-668.297
2601.4,61.78,85.8,0.0,-1.2,5,-181.623,-3.858,-665.305
2601.4,61.95,85.8,0.0,-1.2,5,-183.083,-3.877,-663.308
2601.4,62.21,85.9,0.0,-1.1,5,-185.288,-3.904,-660.306
2601.4,62.38,85.9,0.0,-1.1,5,-186.767,-3.921,-658.302
2613.8,62.64,85.9,0.0,-1.2,5,-189.001,-3.944,-655.289
2613.8,62.82,86.0,0.0,-1.2,5,-190.499,-3.958,-653.276
2613.8,63.07,86.0,0.0,-1.1,5,-192.760,-3.976,-650.253
2613.8,63.31,86.0,0.0,-1.0,5,-195.038,-3.990,-647.222
2626.4,63.49,86.0,0.0,-0.9,5,-196.566,-3.997,-645.198
2626.4,63.73,86.1,0.0,-0.9,5,-198.871,-4.004,-642.157
2626.4,63.90,86.1,0.0,-0.9,5,-200.416,-4.007,-640.126
2626.4,64.14,86.2,0.0,-0.9,5,-202.747,-4.007,-637.074
2639.1,64.30,86.2,0.0,-0.9,5,-204.310,-4.004,-635.036
2639.1,64.53,86.2,0.0,-0.8,5,-206.667,-3.995,-631.974
2639.1,64.69,86.3,0.0,-0.9,5,-208.247,-3.985,-629.929
2639.1,64.93,86.3,0.0,-1.1,5,-210.630,-3.965,-626.857
2652.0,65.08,86.3,0.0,-1.3,5,-212.227,-3.951,-624.805
2652.0,65.31,86.3,0.0,-3.5,5,-214.636,-3.929,-621.724
2652.0,65.47,86.4,0.0,-4.7,5,-216.254,-3.914,-619.669
2652.0,65.69,86.4,0.0,-4.4,5,-218.700,-3.893,-616.589
2665.0,65.83,86.5,0.0,-2.8,5,-220.347,-3.879,-614.538
2665.0,66.06,86.5,0.0,-0.8,5,-222.843,-3.861,-611.469
2665.0,66.21,85.3,0.0,-0.5,5,-224.523,-3.853,-609.425
2665.0,66.27,40.0,36.7,-1.1,5,-227.061,-3.845,-606.363
2678.2,65.59,0.0,59.5,-1.6,5,-229.600,-3.843,-603.322
2678.2,64.92,0.0,69.2,-1.3,5,-231.278,-3.845,-601.321
2678.2,63.79,0.0,77.4,-0.4,5,-233.768,-3.851,-598.366
2678.2,62.98,0.0,79.6,0.0,5,-235.406,-3.857,-596.429
2691.1,61.71,0.0,81.0,0.4,5,-237.829,-3.871,-593.575
2691.1,60.85,0.0,80.7,0.5,5,-239.420,-3.883,-591.708
2691.1,59.60,0.0,84.3,0.2,5,-241.771,-3.906,-588.960
2691.1,58.75,0.0,82.6,0.0,5,-243.313,-3.924,-587.163
2703.2,57.48,0.0,78.7,-0.2,5,-245.590,-3.954,-584.519
2703.2,56.65,0.0,82.6,-0.2,5,-247.083,-3.976,-582.791
2703.2,55.40,0.0,80.3,-0.1,0,-249.286,-4.012,-580.249
2703.2,54.59,37.6,79.0,0.1,0,-250.730,-4.036,-578.587
2714.4,53.37,0.0,78.7,0.5,4,-252.860,-4.072,-576.144
2714.4,52.54,0.0,80.6,0.6,4,-254.255,-4.096,-574.549
2714.4,51.29,0.0,80.8,1.1,4,-256.311,-4.132,-572.205
2714.4,50.07,0.0,79.2,0.9,4,-258.321,-4.167,-569.920
2724.7,49.26,0.0,81.3,1.1,4,-259.637,-4.190,-568.430
2724.7,48.05,0.0,82.1,0.5,4,-261.573,-4.226,-566.242
2724.7,47.23,0.0,84.4,0.8,4,-262.838,-4.250,-564.814
2724.7,46.02,43.6,79.3,-0.2,0,-264.698,-4.287,-562.722
2734.3,45.24,0.0,81.2,-0.8,3,-265.913,-4.312,-561.358
2734.3,44.04,0.0,79.2,-1.9,3,-267.699,-4.350,-559.359
2734.3,43.23,0.0,77.8,-2.3,3,-268.864,-4.375,-558.058
2734.3,42.03,0.0,75.4,-2.8,3,-270.575,-4.409,-556.154
2743.0,41.25,0.0,70.8,-3.8,3,-271.692,-4.430,-554.917
2743.0,40.14,0.0,72.9,-4.0,3,-273.338,-4.462,-553.110
2743.0,39.42,0.0,72.2,-5.0,3,-274.416,-4.482,-551.938
2743.0,38.33,0.0,72.7,-2.4,3,-276.007,-4.511,-550.230
2750.9,37.26,39.6,71.2,-0.8,0,-277.566,-4.539,-548.581
2750.9,36.56,0.0,64.5,-1.4,2,-278.589,-4.558,-547.514
2750.9,35.58,0.0,59.0,-0.4,2,-280.099,-4.585,-545.962
2750.9,34.96,0.0,53.8,-0.5,2,-281.091,-4.602,-544.958
2758.2,34.12,0.0,51.7,-2.2,2,-282.560,-4.627,-543.493
2758.2,33.59,0.0,48.1,-3.8,2,-283.526,-4.642,-542.544
2758.2,32.81,0.0,49.9,-6.9,2,-284.959,-4.665,-541.157
2758.2,32.30,0.0,47.9,-10.0,2,-285.902,-4.681,-540.258
2764.8,31.52,0.0,50.6,-13.2,2,-287.302,-4.703,-538.950
2764.8,30.98,0.0,49.5,-13.4,2,-288.225,-4.718,-538.106
2764.8,30.20,0.0,47.8,-13.0,2,-289.597,-4.740,-536.884
2764.8,29.69,0.0,43.3,-13.2,2,-290.503,-4.754,-536.099
2771.0,29.02,0.0,37.4,-13.7,2,-291.853,-4.774,-534.967
2771.0,28.40,0.0,34.5,-13.7,2,-293.196,-4.794,-533.887
2771.0,28.01,0.0,32.6,-14.1,2,-294.088,-4.806,-533.195
2776.5,27.50,50.8,31.8,-15.1,0,-295.422,-4.824,-532.197
2776.5,27.14,0.0,31.8,-15.3,1,-296.309,-4.835,-531.558
2776.5,26.59,0.0,28.4,-15.0,1,-297.634,-4.850,-530.638
2776.5,26.25,0.0,26.0,-15.2,1,-298.513,-4.860,-530.051
2781.7,25.77,0.0,25.4,-17.8,1,-299.826,-4.873,-529.205
2781.7,25.45,0.0,24.8,-19.1,1,-300.697,-4.881,-528.666
2781.7,25.01,0.0,20.0,-20.0,1,-301.999,-4.892,-527.893
2781.7,24.74,0.0,17.4,-20.0,1,-302.865,-4.899,-527.401
2786.5,24.38,0.0,15.6,-21.2,1,-304.159,-4.908,-526.696
2786.5,24.16,0.0,13.7,-22.5,1,-305.021,-4.913,-526.248
2786.5,23.86,0.0,11.5,-25.5,1,-306.312,-4.921,-525.609
2786.5,23.57,0.0,9.2,-26.6,1,-307.604,-4.928,-525.011
2791.2,23.40,0.0,8.1,-27.5,1,-308.465,-4.933,-524.635
2791.2,23.17,0.0,6.3,-28.8,1,-309.759,-4.938,-524.107
2791.2,23.02,0.0,7.5,-29.3,1,-310.623,-4.940,-523.779
2791.2,22.80,0.0,5.6,-30.5,1,-311.920,-4.943,-523.323
2796.2,22.66,0.0,2.9,-31.5,1,-312.786,-4.944,-523.044
2796.2,22.52,5.9,0.0,-32.5,1,-314.086,-4.943,-522.661
2796.2,22.45,5.5,0.0,-31.2,1,-314.955,-4.942,-522.429
2796.2,22.35,6.6,0.0,-31.3,1,-316.262,-4.939,-522.117
2801.7,22.28,3.1,0.4,-32.0,1,-317.136,-4.936,-521.932
2801.7,22.12,0.3,0.4,-36.6,1,-318.446,-4.930,-521.691
2801.7,22.03,9.8,0.0,-39.5,1,-319.319,-4.924,-521.556
2801.7,21.89,1.2,5.4,-37.4,1,-320.628,-4.915,-521.392
2807.2,21.80,0.0,0.8,-35.0,1,-321.497,-4.909,-521.307
2807.2,21.66,10.6,0.0,-32.1,1,-322.797,-4.903,-521.215
2807.2,21.68,22.2,0.0,-25.8,1,-324.095,-4.901,-521.164
2807.2,21.81,37.9,0.0,-26.0,1,-324.964,-4.900,-521.150
2812.5,21.89,20.7,0.0,-30.6,1,-326.275,-4.899,-521.159
2812.5,21.93,16.9,0.0,-32.5,1,-327.151,-4.900,-521.186
2812.5,21.93,18.1,0.0,-35.7,1,-328.464,-4.895,-521.265
2812.5,21.94,17.9,0.0,-36.9,1,-329.339,-4.891,-521.340
2817.4,21.95,16.1,0.0,-39.6,1,-330.647,-4.885,-521.487
2817.4,21.94,14.4,0.0,-41.8,1,-331.517,-4.880,-521.607
2817.4,21.97,29.0,0.0,-47.7,1,-332.815,-4.874,-521.824
2817.4,22.07,39.0,0.0,-50.0,1,-333.679,-4.869,-521.995
2822.0,22.31,44.4,0.0,-51.1,1,-334.976,-4.860,-522.291
2822.0,22.49,50.7,0.0,-51.7,1,-335.843,-4.854,-522.516
2822.0,22.83,56.0,0.0,-54.5,1,-337.147,-4.842,-522.896
2822.0,23.06,56.2,0.0,-56.0,1,-338.020,-4.833,-523.178
2826.6,23.37,48.9,0.0,-55.2,1,-339.332,-4.818,-523.645
2826.6,23.53,41.0,0.0,-52.1,1,-340.205,-4.807,-523.987
2826.6,23.74,38.5,0.0,-45.7,1,-341.507,-4.790,-524.547
2826.6,23.96,49.1,0.0,-41.8,1,-342.797,-4.771,-525.163
2831.3,24.12,44.4,0.0,-38.5,1,-343.651,-4.758,-525.605
2831.3,24.36,42.6,0.0,-31.5,1,-344.920,-4.738,-526.313
2831.3,24.53,42.2,0.0,-25.7,1,-345.758,-4.725,-526.816
2831.3,24.82,51.2,0.0,-14.5,1,-347.004,-4.705,-527.613
2836.0,25.06,54.7,0.0,-5.4,1,-347.829,-4.692,-528.173
2836.0,25.49,59.4,0.0,6.5,1,-349.065,-4.671,-529.049
2836.0,25.83,68.7,0.0,10.2,1,-349.893,-4.658,-529.654
2836.0,26.38,64.9,0.0,12.4,1,-351.153,-4.636,-530.582
2841.1,26.68,54.2,0.0,13.6,1,-352.009,-4.622,-531.209
2841.1,26.99,43.4,0.0,16.2,1,-353.317,-4.601,-532.148
2841.1,27.15,39.2,0.0,15.0,1,-354.204,-4.587,-532.767
2841.1,27.34,31.4,0.0,14.0,1,-355.558,-4.567,-533.684
2846.5,27.44,30.7,0.0,14.8,1,-356.473,-4.554,-534.286
2846.5,27.59,33.9,0.0,18.2,1,-357.864,-4.536,-535.173
2846.5,27.74,26.5,0.0,21.5,1,-359.281,-4.518,-536.038
2846.5,27.78,22.6,0.0,23.2,1,-360.239,-4.507,-536.599
2852.1,27.82,22.3,0.0,21.8,1,-361.694,-4.493,-537.415
2852.1,27.85,20.7,0.0,23.6,1,-362.676,-4.483,-537.940
2852.1,27.83,14.4,0.0,25.6,1,-364.165,-4.471,-538.697
2852.1,27.81,15.6,0.0,26.1,1,-365.168,-4.463,-539.179
2857.8,27.80,23.0,0.0,27.9,1,-366.688,-4.454,-539.867
2857.8,27.81,17.6,0.0,31.7,1,-367.712,-4.448,-540.301
2857.8,27.77,20.6,0.0,40.2,1,-369.263,-4.440,-540.913
2857.8,27.78,18.2,0.0,44.2,1,-370.307,-4.437,-541.293
2863.8,27.74,27.5,0.0,48.8,1,-371.887,-4.433,-541.820
2863.8,27.80,31.0,0.0,52.0,1,-372.951,-4.432,-542.141
2863.8,27.92,28.9,0.0,57.2,1,-374.562,-4.436,-542.584
2863.8,27.91,21.9,0.0,58.6,1,-375.648,-4.437,-542.844
2870.9,27.86,22.3,0.0,57.6,1,-377.287,-4.434,-543.178
2870.9,27.87,24.0,0.0,58.2,1,-378.935,-4.437,-543.458
2870.9,27.85,26.0,0.0,59.2,1,-380.040,-4.437,-543.606
2877.4,27.84,23.1,0.0,60.9,1,-381.702,-4.435,-543.774
2877.4,27.86,24.6,0.0,62.5,1,-382.813,-4.439,-543.858
2877.4,27.83,22.1,0.0,66.3,1,-384.483,-4.444,-543.930
2877.4,27.82,20.6,0.0,68.7,1,-385.596,-4.448,-543.942
2883.8,27.73,15.8,0.0,73.4,1,-387.262,-4.451,-543.904
2883.8,27.64,13.8,0.0,76.5,1,-388.368,-4.454,-543.844
2883.8,27.51,13.1,0.0,79.2,1,-390.017,-4.456,-543.701
2883.8,27.43,13.0,0.0,80.7,1,-391.109,-4.459,-543.573
2890.9,27.30,12.9,0.0,82.3,1,-392.733,-4.462,-543.332
2890.9,27.21,12.9,0.0,82.0,1,-393.806,-4.464,-543.141
2890.9,27.08,12.8,0.0,80.4,1,-395.401,-4.467,-542.806
2890.9,26.99,12.8,0.0,78.1,1,-396.452,-4.469,-542.551
2896.7,26.85,13.3,0.0,67.2,1,-398.009,-4.471,-542.123
2896.7,26.76,18.9,0.0,52.5,1,-399.543,-4.474,-541.639
2896.7,26.77,34.7,0.0,40.2,1,-400.553,-4.476,-541.284
2896.7,27.02,40.6,0.0,19.3,1,-402.057,-4.482,-540.704
2902.2,27.18,43.0,0.0,6.7,1,-403.057,-4.487,-540.287
2902.2,27.53,56.3,0.0,-4.7,1,-404.557,-4.496,-539.623
2902.2,27.84,63.9,0.0,-6.2,1,-405.561,-4.503,-539.158
2902.2,28.37,65.3,0.0,-1.4,1,-407.079,-4.515,-538.426
2907.8,28.72,65.2,0.0,3.9,1,-408.100,-4.524,-537.917
2907.8,29.22,66.4,0.0,11.0,1,-409.648,-4.539,-537.127
2907.8,29.55,66.8,0.0,14.2,1,-410.689,-4.550,-536.583
2907.8,30.04,67.1,0.0,16.2,1,-412.262,-4.568,-535.737
2913.5,30.36,68.4,0.0,16.2,1,-413.318,-4.582,-535.151
2913.5,30.85,70.7,0.0,15.1,1,-414.908,-4.604,-534.236
2913.5,31.18,70.9,0.0,14.2,1,-415.972,-4.620,-533.599
2913.5,31.68,73.6,0.0,13.7,1,-417.571,-4.644,-532.603
2919.4,32.19,77.5,0.0,13.8,1,-419.173,-4.670,-531.554
2919.4,32.40,0.0,0.0,13.8,0,-420.241,-4.689,-530.825
2919.4,32.51,70.7,0.0,15.7,2,-421.821,-4.716,-529.693
2919.4,32.81,71.8,0.0,16.1,2,-422.866,-4.734,-528.909
2925.7,33.29,82.4,0.0,16.7,2,-424.426,-4.760,-527.688
2925.7,33.64,84.7,0.0,16.7,2,-425.462,-4.777,-526.842
2925.7,34.20,85.2,0.0,14.9,2,-427.013,-4.802,-525.526
2925.7,34.55,85.3,0.0,12.9,2,-428.043,-4.817,-524.616
2932.3,35.05,68.1,0.0,8.7,2,-429.580,-4.839,-523.205
2932.3,35.34,80.4,0.0,7.0,2,-430.597,-4.853,-522.233
2932.3,35.87,85.8,0.0,5.5,2,-432.112,-4.874,-520.730
2932.3,36.25,85.8,0.0,5.3,2,-433.118,-4.887,-519.697
2939.3,36.79,86.0,0.0,5.6,2,-434.619,-4.905,-518.102
2939.3,37.34,86.1,0.0,5.9,2,-436.113,-4.924,-516.456
2939.3,37.71,86.1,0.0,7.5,2,-437.106,-4.937,-515.331
2939.3,38.25,85.4,0.0,11.2,2,-438.590,-4.954,-513.603
2946.7,38.59,79.9,0.0,13.1,2,-439.574,-4.966,-512.424
2946.7,38.99,68.4,0.0,15.1,2,-441.040,-4.983,-510.616
2946.7,39.22,68.3,0.0,15.8,2,-442.007,-4.995,-509.387
2946.7,39.61,76.5,0.0,15.3,2,-443.438,-5.010,-507.505
2954.3,39.88,84.3,0.0,14.8,2,-444.379,-5.019,-506.225
2954.3,40.35,87.3,0.0,13.7,2,-445.772,-5.030,-504.265
2954.3,40.63,87.1,0.0,13.2,0,-446.688,-5.037,-502.930
2954.3,40.63,84.9,0.0,13.0,3,-448.033,-5.046,-500.895
2962.2,40.85,85.5,0.0,12.6,3,-448.903,-5.051,-499.518
2962.2,41.20,64.1,0.0,11.2,3,-450.181,-5.056,-497.415
2962.2,41.51,72.1,0.0,9.9,3,-451.423,-5.062,-495.269
2962.2,41.69,69.5,0.0,9.8,3,-452.228,-5.063,-493.813
2970.1,41.93,60.7,0.0,9.6,3,-453.400,-5.065,-491.595
2970.1,42.13,67.1,0.0,9.7,3,-454.160,-5.069,-490.096
2970.1,42.44,76.6,0.0,8.4,3,-455.265,-5.075,-487.813
2970.1,42.71,85.5,0.0,7.9,3,-455.979,-5.080,-486.268
2978.4,43.09,80.0,0.0,7.6,3,-457.014,-5.089,-483.912
2978.4,43.34,80.0,0.0,7.1,3,-457.681,-5.097,-482.317
2978.4,43.75,85.8,0.0,6.8,3,-458.644,-5.112,-479.890
2978.4,44.02,86.1,0.0,7.0,3,-459.261,-5.123,-478.247
2986.7,44.43,86.2,0.0,8.0,3,-460.150,-5.143,-475.747
2986.7,44.69,86.3,0.0,8.5,3,-460.716,-5.159,-474.058
2986.7,45.09,86.4,0.0,8.8,3,-461.527,-5.185,-471.490
2986.7,45.38,86.3,0.0,9.2,3,-462.041,-5.203,-469.756
2995.4,45.77,86.5,0.0,10.1,3,-462.770,-5.234,-467.122
2995.4,46.16,86.6,0.0,10.7,3,-463.447,-5.267,-464.450
2995.4,46.42,86.6,0.0,11.2,3,-463.870,-5.291,-462.648
3004.4,46.81,86.7,0.0,11.9,3,-464.459,-5.328,-459.914
3004.4,47.06,86.8,0.0,11.9,3,-464.822,-5.354,-458.073
3004.4,47.43,86.8,0.0,11.3,3,-465.317,-5.395,-455.283
3004.4,47.67,86.9,0.0,10.9,3,-465.614,-5.422,-453.405
3013.8,48.04,86.9,0.0,10.5,3,-466.008,-5.462,-450.562
3013.8,48.28,86.9,0.0,11.1,3,-466.237,-5.488,-448.650
3013.8,48.65,87.0,0.0,13.0,3,-466.527,-5.527,-445.758
3013.8,48.89,87.1,0.0,12.2,0,-466.686,-5.553,-443.814
3023.3,48.86,82.0,0.0,11.9,4,-466.872,-5.592,-440.888
3023.3,49.06,82.5,0.0,12.9,4,-466.961,-5.618,-438.932
3023.3,49.38,81.1,0.0,16.1,4,-467.044,-5.657,-435.981
3023.3,49.58,81.3,0.0,18.0,4,-467.067,-5.683,-434.003
3033.1,49.88,84.3,0.0,19.0,4,-467.050,-5.721,-431.020
3033.1,50.19,82.5,0.0,18.2,4,-466.967,-5.758,-428.020
3033.1,50.38,82.4,0.0,17.3,4,-466.874,-5.781,-426.011
3033.1,50.66,82.5,0.0,14.8,4,-466.674,-5.814,-422.987
3043.4,50.85,83.2,0.0,12.0,4,-466.499,-5.834,-420.965
3043.4,51.12,82.7,0.0,8.9,4,-466.174,-5.862,-417.924
3043.4,51.31,82.0,0.0,7.3,4,-465.916,-5.878,-415.892
3043.4,51.58,83.4,0.0,6.5,4,-465.465,-5.900,-412.840
3054.8,51.75,85.8,0.0,6.5,4,-465.122,-5.913,-410.802
3054.8,52.02,72.4,0.0,6.6,4,-464.548,-5.932,-407.743
3054.8,52.11,83.6,0.0,6.7,4,-464.128,-5.946,-405.703
3054.8,52.40,62.5,0.0,6.7,4,-463.453,-5.980,-402.642
3065.8,52.51,75.0,0.0,6.7,4,-462.964,-6.003,-400.602
3065.8,52.76,86.0,0.0,6.5,4,-462.167,-6.038,-397.547
3065.8,52.95,86.0,0.0,7.3,4,-461.591,-6.059,-395.514
3065.8,53.23,86.0,0.0,9.5,4,-460.659,-6.086,-392.468
3076.7,53.42,86.1,0.0,11.3,4,-459.994,-6.101,-390.442
3076.7,53.72,86.1,0.0,13.4,4,-458.935,-6.120,-387.408
3076.7,54.04,86.1,0.0,13.8,4,-457.807,-6.140,-384.379
3076.7,54.22,86.3,0.0,13.2,4,-457.019,-6.153,-382.363
3087.4,54.53,86.3,0.0,11.2,4,-455.783,-6.171,-379.344
3087.4,54.73,86.3,0.0,9.6,4,-454.922,-6.181,-377.336
3087.4,55.03,86.3,0.0,8.4,4,-453.577,-6.192,-374.331
3087.4,55.24,86.3,0.0,8.3,4,-452.646,-6.199,-372.332
3098.2,55.55,86.4,0.0,7.9,4,-451.202,-6.209,-369.340
3098.2,55.76,86.4,0.0,7.6,4,-450.209,-6.218,-367.348
3098.2,56.06,86.5,0.0,7.5,4,-448.676,-6.232,-364.365
3098.2,56.26,86.5,0.0,7.3,4,-447.624,-6.241,-362.381
3109.3,56.57,86.6,0.0,7.6,4,-446.001,-6.253,-359.411
3109.3,56.76,86.6,0.0,7.7,4,-444.890,-6.261,-357.436
3109.3,57.06,86.7,0.0,7.9,4,-443.182,-6.274,-354.480
3109.3,57.26,86.7,0.0,8.1,4,-442.013,-6.280,-352.515
3120.5,57.56,86.7,0.0,9.0,4,-440.218,-6.288,-349.575
3120.5,57.83,86.8,0.0,9.2,4,-438.374,-6.296,-346.647
3120.5,58.03,86.8,0.0,8.7,4,-437.116,-6.301,-344.701
3120.5,58.31,86.8,0.0,7.5,4,-435.188,-6.309,-341.792
3132.0,58.47,86.9,0.0,6.5,4,-433.873,-6.310,-339.862
3132.0,58.78,86.9,0.0,4.4,4,-431.862,-6.315,-336.977
3132.0,58.96,86.9,0.0,3.5,4,-430.494,-6.318,-335.062
3132.0,59.12,0.0,0.0,2.7,0,-428.402,-6.315,-332.201
3143.8,59.08,85.2,0.0,2.3,5,-426.989,-6.310,-330.307
3143.8,59.32,85.3,0.0,1.7,5,-424.842,-6.300,-327.478
3143.8,59.50,85.3,0.0,1.3,5,-423.395,-6.293,-325.594
3143.8,59.78,85.3,0.0,0.4,5,-421.202,-6.282,-322.767
3155.7,59.95,85.3,0.0,-0.1,5,-419.727,-6.274,-320.881
3155.7,60.19,85.4,0.0,-0.7,5,-417.500,-6.260,-318.048
3155.7,60.38,85.5,0.0,-1.0,5,-416.007,-6.250,-316.155
3155.7,60.64,85.5,0.0,-1.2,5,-413.759,-6.237,-313.306
3167.8,60.90,85.6,0.0,-1.3,5,-411.502,-6.222,-310.443
3167.8,61.07,85.6,0.0,-1.4,5,-409.995,-6.213,-308.525
3167.8,61.33,85.6,0.0,-1.2,5,-407.733,-6.200,-305.634
3167.8,61.49,85.7,0.0,-1.2,5,-406.224,-6.190,-303.696
3180.1,61.74,85.7,0.0,-1.3,5,-403.961,-6.174,-300.773
3180.1,61.91,85.8,0.0,-1.2,5,-402.453,-6.162,-298.814
3180.1,62.16,85.8,0.0,-1.1,5,-400.189,-6.145,-295.860
3180.1,62.32,85.9,0.0,-1.0,5,-398.680,-6.132,-293.881
3192.4,62.58,85.9,0.0,-0.9,5,-396.415,-6.113,-290.897
3192.4,62.74,85.9,0.0,-0.9,5,-394.904,-6.100,-288.898
3192.4,62.97,86.0,0.0,-0.8,5,-392.636,-6.079,-285.885
3192.4,63.14,86.0,0.0,-0.7,5,-391.122,-6.065,-283.867
3205.0,63.39,86.0,0.0,-0.6,5,-388.850,-6.045,-280.827
3205.0,63.55,86.1,0.0,-0.5,5,-387.333,-6.031,-278.791
3205.0,63.79,86.1,0.0,-0.4,5,-385.055,-6.008,-275.725
3217.7,64.03,86.1,0.0,-0.3,5,-382.772,-5.983,-272.645
3217.7,64.18,86.2,0.0,-0.2,5,-381.248,-5.966,-270.583
3217.7,64.42,86.2,0.0,-0.1,5,-378.958,-5.938,-267.480
3217.7,64.57,86.2,0.0,-0.1,5,-377.428,-5.920,-265.403
3230.6,64.81,86.3,0.0,-0.2,5,-375.127,-5.893,-262.277
3230.6,64.96,86.3,0.0,-0.2,5,-373.590,-5.875,-260.186
3230.6,65.19,86.3,0.0,-0.2,5,-371.278,-5.847,-257.040
3230.6,65.34,86.3,0.0,0.0,5,-369.733,-5.826,-254.937
3243.6,65.56,86.4,0.0,0.4,5,-367.410,-5.791,-251.771
3243.6,65.72,86.4,0.0,0.6,5,-365.857,-5.768,-249.655
3243.6,65.93,86.5,0.0,0.7,5,-363.519,-5.731,-246.472
3243.6,66.08,86.5,0.0,0.5,5,-361.956,-5.705,-244.345
3256.8,66.30,86.5,0.0,0.4,5,-359.600,-5.664,-241.148
3256.8,66.51,86.6,0.0,0.3,5,-357.234,-5.619,-237.944
3256.8,66.66,86.6,0.0,0.2,5,-355.650,-5.588,-235.803
3256.8,66.88,86.6,0.0,0.1,5,-353.263,-5.542,-232.586
3270.2,67.02,86.6,0.0,-0.1,5,-351.665,-5.512,-230.437
3270.2,67.24,86.7,0.0,-0.1,5,-349.259,-5.471,-227.207
3270.2,67.38,86.7,0.0,-0.2,5,-347.649,-5.447,-225.050
3270.2,67.58,86.6,0.0,-0.2,5,-345.226,-5.409,-221.807
3283.6,67.73,86.7,0.0,-0.2,5,-343.605,-5.382,-219.641
3283.6,67.93,86.7,0.0,-0.3,5,-341.165,-5.339,-216.384
3283.6,68.06,86.8,0.0,-0.2,5,-339.534,-5.309,-214.208
3283.6,68.27,86.8,0.0,0.2,5,-337.081,-5.263,-210.937
3297.2,68.40,86.9,0.0,0.3,5,-335.441,-5.232,-208.751
3297.2,68.59,86.9,0.0,0.2,5,-332.976,-5.184,-205.463
3297.2,68.73,86.9,0.0,0.0,5,-331.329,-5.152,-203.266
3297.2,68.93,86.9,0.0,-0.1,5,-328.852,-5.104,-199.963
3311.0,69.05,86.9,0.0,-0.1,5,-327.197,-5.069,-197.756
3311.0,69.24,86.9,0.0,-0.1,5,-324.709,-5.016,-194.437
3311.0,69.43,86.9,0.0,-0.3,5,-322.216,-4.960,-191.107
3311.0,69.56,87.0,0.0,-0.5,5,-320.550,-4.923,-188.882
3324.9,69.75,87.0,0.0,-0.4,5,-318.047,-4.867,-185.537
3324.9,69.86,87.0,0.0,-0.2,5,-316.376,-4.830,-183.301
3324.9,69.96,0.0,0.0,-0.2,0,-313.866,-4.774,-179.938
3324.9,69.91,85.8,0.0,-0.1,6,-312.194,-4.737,-177.696
3338.8,70.08,85.9,0.0,-0.2,6,-309.687,-4.681,-174.328
3338.8,70.20,85.9,0.0,-0.2,6,-308.013,-4.644,-172.077
3338.8,70.37,85.9,0.0,-0.2,6,-305.499,-4.588,-168.692
3338.8,70.48,85.9,0.0,-0.1,6,-303.820,-4.549,-166.430
3352.9,70.66,86.0,0.0,-0.2,6,-301.300,-4.491,-163.029
3352.9,70.78,86.0,0.0,-0.3,6,-299.617,-4.452,-160.755
3352.9,70.95,86.0,0.0,-0.2,6,-297.090,-4.392,-157.337
3352.9,71.06,86.0,0.0,-0.2,6,-295.403,-4.351,-155.053
3367.1,71.24,86.0,0.0,-0.3,6,-292.870,-4.291,-151.618
3367.1,71.41,86.1,0.0,-0.2,6,-290.333,-4.230,-148.172
3367.1,71.52,86.1,0.0,0.0,6,-288.640,-4.190,-145.870
3367.1,71.68,86.1,0.0,0.2,6,-286.097,-4.128,-142.408
3381.4,72.02,86.1,0.0,0.4,6,-280.994,-4.008,-135.460
3381.4,72.12,86.2,0.0,0.1,6,-279.287,-3.968,-133.137
3395.8,72.29,86.2,0.0,-0.1,6,-276.721,-3.906,-129.648
3395.8,72.40,86.0,0.0,-0.0,6,-275.006,-3.865,-127.317
3395.8,72.56,85.8,0.0,1.0,6,-272.428,-3.803,-123.816
3395.8,72.72,85.4,0.0,0.9,6,-269.841,-3.740,-120.310
3410.3,72.81,78.0,0.0,0.5,6,-268.110,-3.699,-117.970
3410.3,72.87,69.7,0.0,0.7,6,-265.505,-3.636,-114.461
3410.3,72.96,82.4,0.0,0.8,6,-263.763,-3.594,-112.123
3410.3,73.10,83.1,0.0,-0.8,6,-261.142,-3.530,-108.613
3424.9,73.20,83.4,0.0,-1.5,6,-259.390,-3.487,-106.270
3424.9,73.34,83.6,0.0,-1.6,6,-256.760,-3.419,-102.748
3424.9,73.43,84.0,0.0,-1.1,6,-255.008,-3.375,-100.394
3424.9,73.58,83.0,0.0,-0.9,6,-252.384,-3.306,-96.850
3439.6,73.65,83.2,0.0,-1.1,6,-250.638,-3.260,-94.480
3439.6,73.79,80.6,0.0,-1.0,6,-248.023,-3.193,-90.913
3439.6,73.87,81.5,0.0,-0.8,6,-246.282,-3.149,-88.528
3439.6,74.01,81.6,0.0,-0.4,6,-243.675,-3.085,-84.940
3454.4,74.08,80.1,0.0,0.0,6,-241.939,-3.042,-82.540
3454.4,74.21,79.1,0.0,0.8,6,-239.336,-2.978,-78.933
3454.4,74.26,51.3,20.3,1.3,6,-237.599,-2.935,-76.524
3454.4,73.64,0.0,67.1,0.9,6,-234.997,-2.871,-72.923
3469.2,72.45,0.0,80.1,1.2,6,-232.423,-2.808,-69.373
3469.2,71.58,0.0,83.4,1.9,6,-230.726,-2.766,-67.042
3469.2,70.19,0.0,85.1,2.9,6,-228.213,-2.701,-63.608
3469.2,69.28,0.0,86.3,3.5,6,-226.557,-2.657,-61.361
3483.3,67.93,0.0,72.4,3.6,6,-224.099,-2.592,-58.058
3483.3,67.12,0.0,73.0,3.3,6,-222.473,-2.549,-55.900
3483.3,65.92,0.0,60.4,3.5,6,-220.048,-2.484,-52.728
3483.3,65.24,0.0,39.4,3.9,6,-218.439,-2.442,-50.656
3496.6,64.53,0.0,25.8,5.0,6,-216.022,-2.379,-47.604
3496.6,64.15,0.0,20.6,6.0,6,-214.403,-2.338,-45.603
3496.6,63.69,0.0,11.4,8.4,6,-211.958,-2.277,-42.648
3496.6,63.45,0.0,5.9,10.0,6,-210.314,-2.237,-40.708
3509.4,63.18,0.0,0.8,6.8,6,-207.822,-2.177,-37.842
3509.4,63.04,1.9,0.0,6.6,6,-206.140,-2.136,-35.959
3509.4,62.85,6.0,10.1,8.0,6,-203.586,-2.075,-33.178
3509.4,62.48,0.0,22.4,8.3,0,-200.997,-2.014,-30.449
3521.8,62.17,36.2,22.6,8.1,0,-199.256,-1.975,-28.664
3521.8,61.76,3.9,15.5,7.6,5,-196.626,-1.916,-26.038
3521.8,61.47,0.0,33.3,7.3,5,-194.856,-1.875,-24.323
3521.8,60.92,0.0,3.7,6.9,5,-192.183,-1.814,-21.807
3533.9,60.82,44.8,0.0,8.3,5,-190.387,-1.772,-20.164
3533.9,60.97,81.8,0.0,11.7,5,-187.657,-1.711,-17.738
3533.9,61.11,79.7,0.0,14.0,5,-185.810,-1.672,-16.142
3533.9,61.30,83.1,0.0,16.9,5,-183.001,-1.620,-13.777
3546.0,61.44,82.7,0.0,17.7,5,-181.102,-1.590,-12.222
3546.0,61.60,78.9,0.0,18.7,5,-178.212,-1.551,-9.927
3546.0,61.71,80.2,0.0,18.2,5,-176.257,-1.530,-8.423
3546.0,61.87,84.1,0.0,17.0,5,-173.282,-1.503,-6.213
3558.3,62.01,77.7,0.0,15.2,5,-170.250,-1.480,-4.063
3558.3,62.05,49.8,0.0,14.2,5,-168.198,-1.464,-2.668
3558.3,61.91,21.5,0.0,14.9,5,-165.080,-1.438,-0.641
3558.3,61.76,5.4,0.6,16.2,5,-162.979,-1.419,0.664
3571.1,61.52,18.6,0.0,18.5,5,-159.797,-1.387,2.548
3571.1,61.40,32.5,0.0,19.7,5,-157.656,-1.363,3.756
3571.1,61.44,80.2,0.0,21.5,5,-154.416,-1.330,5.506
3571.1,61.52,86.1,0.0,23.1,5,-152.232,-1.311,6.638
3583.9,61.69,71.8,0.0,23.6,5,-148.920,-1.285,8.280
3583.9,61.68,36.8,0.0,24.1,5,-146.688,-1.266,9.332
3583.9,61.54,24.0,0.0,25.6,5,-143.312,-1.237,10.840
3583.9,61.41,26.3,0.0,26.6,5,-141.048,-1.217,11.798
3597.1,61.30,38.8,0.0,28.0,5,-137.629,-1.185,13.164
3597.1,61.29,59.0,0.0,28.9,5,-135.335,-1.162,14.028
3597.1,61.36,74.3,0.0,29.8,5,-131.868,-1.128,15.259
3610.1,61.46,69.1,0.0,30.3,5,-128.369,-1.095,16.412
3610.1,61.50,66.4,0.0,30.7,5,-126.020,-1.074,17.139
3610.1,61.53,65.4,0.0,30.1,5,-122.474,-1.044,18.162
3610.1,61.56,65.3,0.0,29.3,5,-120.095,-1.023,18.798
3622.5,61.61,64.3,0.0,28.8,5,-116.507,-0.992,19.681
3622.5,61.63,61.7,0.0,28.7,5,-114.103,-0.971,20.224
3622.5,61.66,69.8,0.0,28.5,5,-110.480,-0.941,20.967
3622.5,61.70,67.4,0.0,28.2,5,-108.054,-0.918,21.412
3634.8,61.73,61.8,0.0,28.9,5,-104.399,-0.883,22.008
3634.8,61.67,23.7,0.0,29.9,5,-101.956,-0.860,22.357
3634.8,61.45,15.0,0.0,30.4,5,-98.289,-0.826,22.809
3634.8,61.30,14.8,0.0,29.3,5,-95.847,-0.801,23.059
3646.8,61.09,14.7,0.0,27.1,5,-92.187,-0.761,23.359
3646.8,61.05,67.7,0.0,24.5,5,-89.750,-0.733,23.510
3646.8,61.20,85.6,0.0,19.6,5,-86.087,-0.692,23.666
3646.8,61.37,85.8,0.0,15.1,5,-82.411,-0.650,23.738
3658.8,61.47,85.9,0.0,12.2,5,-79.955,-0.621,23.737
3658.8,61.67,85.9,0.0,8.7,5,-76.262,-0.576,23.667
3658.8,61.80,85.9,0.0,7.2,5,-73.795,-0.545,23.573
3658.8,62.01,85.9,0.0,6.7,5,-70.087,-0.497,23.366
3671.1,62.13,85.9,0.0,8.3,5,-67.611,-0.465,23.187
3671.1,62.37,85.9,0.0,10.2,5,-63.891,-0.419,22.863
3671.1,62.50,86.0,0.0,10.5,5,-61.407,-0.387,22.611
3671.1,62.72,86.0,0.0,9.8,5,-57.676,-0.335,22.176
3683.6,62.86,86.0,0.0,8.3,5,-55.186,-0.299,21.852
3683.6,63.09,86.1,0.0,6.2,5,-51.446,-0.246,21.318
3683.6,63.24,86.1,0.0,4.6,5,-48.949,-0.214,20.933
3683.6,63.47,86.1,0.0,1.9,5,-45.201,-0.169,20.309
3696.1,63.63,86.1,0.0,-0.7,5,-42.698,-0.140,19.866
3696.1,63.86,86.1,0.0,-2.6,5,-38.939,-0.096,19.168
3696.1,64.01,81.6,0.0,-1.9,5,-36.426,-0.069,18.692
3696.1,64.19,74.6,0.0,-1.8,5,-32.648,-0.030,17.973
3708.9,64.40,84.5,0.0,-3.1,5,-28.858,0.005,17.259
3708.9,64.56,86.2,0.0,-4.6,5,-26.323,0.026,16.791
3708.9,64.78,86.2,0.0,-6.3,5,-22.505,0.052,16.105
3708.9,64.87,86.5,0.0,-7.4,5,-19.950,0.069,15.663
3721.9,65.10,86.4,0.0,-7.8,5,-16.102,0.092,15.030
3721.9,65.26,86.3,0.0,-7.6,5,-13.525,0.107,14.634
3721.9,65.47,86.5,0.0,-8.2,5,-9.643,0.132,14.083
3721.9,65.59,86.4,0.0,-8.8,5,-7.044,0.148,13.746
3735.1,65.78,86.5,0.0,-10.9,5,-3.129,0.175,13.292
3735.1,65.90,86.5,0.0,-11.8,5,-0.510,0.195,13.026
3735.1,66.06,86.5,0.0,-13.7,5,3.434,0.228,12.687
3735.1,66.19,86.5,0.0,-14.8,5,6.072,0.252,12.502
3748.4,66.36,86.5,0.0,-16.1,5,10.042,0.292,12.290
3748.4,66.45,86.7,0.0,-16.2,5,12.696,0.322,12.193
3748.4,66.61,86.6,0.0,-16.3,5,16.686,0.368,12.116
3748.4,66.74,86.7,0.0,-16.5,5,20.685,0.420,12.124
3762.1,66.84,86.7,0.0,-15.9,5,23.356,0.458,12.178
3762.1,66.94,86.8,0.0,-14.5,5,27.365,0.519,12.334
3762.1,67.04,86.8,0.0,-13.4,5,30.040,0.562,12.487
3762.1,67.18,86.8,0.0,-14.0,5,34.055,0.620,12.782
3776.1,67.28,86.8,0.0,-16.2,5,36.733,0.655,13.020
3776.1,67.40,86.8,0.0,-19.7,5,40.750,0.707,13.448
3776.1,67.48,86.8,0.0,-22.1,5,43.426,0.743,13.784
3776.1,67.61,86.8,0.0,-25.3,5,47.436,0.799,14.359
3790.0,67.67,83.4,0.0,-27.1,5,50.107,0.836,14.789
3790.0,67.61,30.6,0.0,-28.8,5,54.104,0.893,15.504
3790.0,67.51,62.3,0.0,-28.8,5,58.077,0.949,16.301
3790.0,67.53,87.0,0.0,-27.9,5,60.715,0.987,16.880
3803.8,67.62,87.0,0.0,-25.7,5,64.659,1.047,17.821
3803.8,67.70,86.8,0.0,-23.6,5,67.279,1.086,18.496
3803.8,67.78,86.6,0.0,-20.9,5,71.195,1.146,19.581
3803.8,67.80,85.9,0.0,-19.8,5,73.793,1.186,20.353
3817.7,67.70,0.0,0.0,-18.2,0,77.670,1.246,21.584
3817.7,67.53,44.8,0.0,-18.3,6,80.231,1.285,22.451
3817.7,67.51,83.7,0.0,-18.8,6,84.043,1.342,23.821
3817.7,67.57,84.1,0.0,-19.4,6,86.567,1.381,24.783
3831.5,67.60,68.1,0.0,-21.3,6,90.327,1.441,26.301
3831.5,67.59,76.8,0.0,-23.8,6,92.814,1.481,27.361
3831.5,67.65,71.1,0.0,-27.6,6,96.516,1.542,29.020
3831.5,67.65,65.2,0.0,-30.1,6,98.964,1.583,30.173
3845.0,67.65,66.5,0.0,-32.9,6,102.603,1.646,31.969
3845.0,67.65,66.1,0.0,-33.5,6,106.206,1.709,33.839
3845.0,67.67,68.0,0.0,-32.1,6,108.586,1.751,35.126
3858.5,67.68,68.9,0.0,-29.1,6,112.123,1.814,37.119
3858.5,67.68,70.5,0.0,-26.8,6,114.457,1.856,38.490
3858.5,67.71,78.9,0.0,-23.5,6,117.919,1.918,40.611
3858.5,67.77,85.1,0.0,-22.0,6,120.203,1.959,42.069
3871.9,67.87,85.6,0.0,-20.8,6,123.593,2.018,44.319
3871.9,67.94,85.6,0.0,-19.8,6,125.829,2.056,45.860
3871.9,68.04,85.6,0.0,-18.4,6,129.144,2.112,48.235
3871.9,68.11,85.6,0.0,-17.9,6,131.330,2.148,49.859
3885.5,68.24,85.6,0.0,-17.0,6,134.572,2.198,52.352
3885.5,68.32,85.6,0.0,-16.0,6,136.710,2.230,54.052
3885.5,68.45,85.6,0.0,-14.3,6,139.879,2.275,56.657
3885.5,68.54,85.7,0.0,-13.0,6,141.968,2.301,58.428
3899.1,68.68,85.7,0.0,-10.8,6,145.068,2.336,61.137
3899.1,68.77,85.7,0.0,-9.0,6,147.111,2.354,62.975
3899.1,68.92,85.7,0.0,-5.9,6,150.141,2.375,65.782
3899.1,69.08,85.7,0.0,-3.3,6,153.129,2.394,68.646
3912.9,69.18,85.8,0.0,-2.3,6,155.100,2.405,70.585
3912.9,69.23,42.4,39.8,-1.9,6,158.031,2.419,73.530
3912.9,68.83,0.0,56.1,-1.6,6,159.964,2.428,75.505
3912.9,67.75,0.0,81.7,-0.6,6,162.816,2.442,78.453
3926.5,66.87,0.0,79.0,0.5,6,164.683,2.451,80.396
3926.5,65.65,0.0,71.8,1.4,6,167.431,2.468,83.271
3926.5,64.87,0.0,76.3,1.4,6,169.233,2.481,85.162
3926.5,63.64,32.2,79.7,0.9,0,171.893,2.500,87.956
3939.4,62.79,0.0,84.2,0.6,5,173.640,2.514,89.787
3939.4,61.47,0.0,84.5,0.5,5,176.217,2.535,92.484
3939.4,60.60,0.0,83.3,0.3,5,177.909,2.549,94.248
3939.4,59.27,0.0,84.3,0.6,5,180.404,2.567,96.841
3951.5,57.95,0.0,84.8,0.8,5,182.850,2.586,99.371
3951.5,57.06,0.0,86.7,1.9,5,184.454,2.599,101.022
3951.5,55.74,0.0,85.5,2.8,5,186.819,2.617,103.445
3951.5,54.86,0.0,86.2,1.6,0,188.371,2.628,105.025
3962.7,53.56,0.0,85.2,-0.6,4,190.660,2.643,107.340
3962.7,52.68,0.0,85.3,-1.7,4,192.159,2.652,108.847
3962.7,51.36,0.0,83.9,-2.4,4,194.371,2.668,111.053
3962.7,50.49,0.0,84.9,-2.2,4,195.819,2.679,112.487
3973.0,49.16,0.0,83.5,-1.4,4,197.951,2.696,114.587
3973.0,48.31,0.0,84.4,-0.9,4,199.346,2.709,115.952
3973.0,47.02,0.0,84.6,0.3,4,201.397,2.731,117.948
3973.0,46.17,0.0,83.1,1.6,4,202.738,2.746,119.245
3982.5,44.92,0.0,81.4,3.4,0,204.711,2.770,121.139
3982.5,43.73,0.0,77.5,2.7,3,206.640,2.795,122.973
3982.5,42.95,0.0,76.3,3.7,3,207.902,2.811,124.163
3982.5,41.80,0.0,70.7,4.0,3,209.764,2.834,125.897
3991.1,41.06,0.0,64.5,4.0,3,210.985,2.849,127.019
3991.1,40.05,0.0,59.0,4.5,3,212.790,2.869,128.654
3991.1,39.43,0.0,54.2,6.8,3,213.978,2.882,129.711
3991.1,38.57,0.0,46.6,8.0,3,215.743,2.899,131.249
3999.1,38.06,0.0,43.7,9.2,3,216.911,2.909,132.243
3999.1,37.35,0.0,38.7,8.9,3,218.653,2.922,133.688
3999.1,36.91,0.0,37.2,8.8,3,219.809,2.929,134.621
3999.1,36.28,0.0,34.1,7.2,3,221.537,2.936,135.978
4006.5,35.89,40.2,34.7,8.1,0,222.685,2.940,136.855
4006.5,35.31,0.0,33.4,8.7,2,224.400,2.944,138.130
4006.5,34.92,0.0,32.6,8.1,2,225.540,2.946,138.953
4006.5,34.34,0.0,31.2,8.7,2,227.240,2.948,140.148
4013.5,33.96,0.0,29.6,11.4,2,228.368,2.948,140.920
4013.5,33.43,0.0,28.1,14.4,2,230.053,2.948,142.038
4013.5,32.93,0.0,23.2,15.8,2,231.733,2.945,143.108
4013.5,32.63,0.0,21.3,16.8,2,232.851,2.942,143.793
4020.1,32.22,0.0,17.0,17.9,2,234.529,2.936,144.780
4020.1,31.97,0.0,17.0,17.8,2,235.648,2.932,145.409
4020.1,31.59,0.0,18.2,18.3,2,237.330,2.924,146.309
4020.1,31.33,0.0,15.1,18.7,2,238.452,2.918,146.879
4026.3,31.00,0.0,10.4,18.8,2,240.137,2.908,147.690
4026.3,30.82,0.0,9.6,18.9,2,241.264,2.902,148.200
4026.3,30.56,0.0,6.4,20.7,2,242.959,2.892,148.922
4026.3,30.42,0.0,4.1,22.5,2,244.092,2.885,149.373
4032.2,30.22,0.0,4.7,24.3,2,245.798,2.876,150.006
4032.2,30.08,0.0,3.6,25.5,2,246.939,2.869,150.398
4032.2,29.90,0.0,0.7,27.4,2,248.654,2.860,150.940
4032.2,29.80,0.0,1.3,28.3,2,249.802,2.853,151.270
4037.9,29.63,0.0,1.9,29.1,2,251.528,2.843,151.720
4037.9,29.47,0.8,0.0,30.3,2,253.257,2.831,152.112
4037.9,29.37,2.5,0.0,30.3,2,254.411,2.823,152.340
4043.6,29.23,2.6,0.1,30.0,2,256.145,2.811,152.632
4043.6,29.13,2.4,0.0,30.7,2,257.302,2.804,152.791
4043.6,29.00,5.8,0.0,31.6,2,259.036,2.793,152.979
4043.6,28.92,4.9,0.0,31.7,2,260.191,2.786,153.069
4050.1,28.79,2.4,0.0,32.7,2,261.920,2.775,153.153
4050.1,28.69,5.2,0.0,33.1,2,263.070,2.769,153.174
4050.1,28.57,4.5,0.0,32.8,2,264.787,2.760,153.153
4050.1,28.48,3.8,0.0,32.9,2,265.927,2.755,153.103
4056.5,28.34,5.0,0.0,33.1,2,267.627,2.749,152.975
4056.5,28.26,5.2,0.0,33.3,2,268.753,2.747,152.854
4056.5,28.14,5.0,0.0,34.9,2,270.429,2.744,152.621
4056.5,28.06,6.0,0.0,36.8,2,271.537,2.743,152.432
4063.0,27.93,5.7,0.0,39.7,2,273.184,2.743,152.099
4063.0,27.82,10.7,0.0,41.4,2,274.809,2.745,151.704
4063.0,27.74,9.9,0.0,41.4,2,275.879,2.747,151.406
4063.0,27.63,7.0,0.0,40.8,2,277.464,2.754,150.907
4070.9,27.57,14.7,0.0,40.6,2,278.505,2.760,150.540
4070.9,27.50,16.2,0.0,41.5,2,280.044,2.770,149.939
4070.9,27.47,22.0,0.0,41.5,2,281.055,2.778,149.505
4070.9,27.51,38.0,0.0,40.7,2,282.545,2.795,148.800
4077.6,27.61,44.8,0.0,39.9,2,283.523,2.808,148.293
4077.6,27.78,44.9,0.0,35.9,2,284.970,2.833,147.478
4077.6,27.90,47.5,0.0,33.3,2,285.920,2.852,146.898
4077.6,28.12,52.7,0.0,30.9,2,287.324,2.882,145.977
4084.9,28.29,55.8,0.0,29.7,2,288.247,2.903,145.328
4084.9,28.55,59.1,0.0,28.0,2,289.610,2.934,144.306
4084.9,28.85,58.9,0.0,26.4,2,290.948,2.967,143.223
4084.9,29.05,59.3,0.0,25.8,2,291.824,2.990,142.467
4090.9,29.30,47.2,0.0,26.3,2,293.114,3.028,141.284
4090.9,29.41,40.6,0.0,27.5,2,293.955,3.053,140.466
4090.9,29.54,37.3,0.0,30.2,2,295.186,3.093,139.197
4090.9,29.64,42.0,0.0,30.7,2,295.986,3.119,138.325
4096.6,29.81,46.2,0.0,30.2,2,297.156,3.156,136.981
4096.6,29.95,48.2,0.0,29.8,2,297.916,3.181,136.059
4096.6,30.17,52.7,0.0,27.4,2,299.027,3.215,134.640
4096.6,30.33,55.1,0.0,24.8,2,299.746,3.236,133.668
4102.3,30.55,46.3,0.0,20.3,2,300.794,3.266,132.172
4102.3,30.68,46.7,0.0,17.1,2,301.469,3.285,131.151
4102.3,30.88,46.8,0.0,12.8,2,302.447,3.310,129.585
4102.3,31.03,48.5,0.0,10.4,2,303.076,3.325,128.519
4108.2,31.27,53.7,0.0,8.4,2,303.984,3.345,126.886
4108.2,31.54,51.8,0.0,8.5,2,304.850,3.363,125.214
4108.2,31.74,60.4,0.0,9.2,2,305.405,3.374,124.077
4108.2,32.09,64.1,0.0,11.0,2,306.204,3.389,122.338
4114.3,32.34,65.0,0.0,12.9,2,306.714,3.399,121.155
4114.3,32.70,64.4,0.0,15.8,2,307.446,3.413,119.347
4114.3,32.95,64.8,0.0,17.1,2,307.912,3.422,118.120
4114.3,33.34,72.3,0.0,18.7,2,308.579,3.434,116.248
4120.9,33.63,73.0,0.0,19.5,2,309.001,3.441,114.977
4120.9,34.02,69.0,0.0,18.5,2,309.599,3.452,113.038
4120.9,34.27,65.2,0.0,16.7,2,309.971,3.460,111.725
4120.9,34.57,51.3,0.0,13.8,2,310.489,3.471,109.725
4127.7,34.70,38.4,0.0,13.1,2,310.804,3.480,108.376
4127.7,34.78,25.7,0.0,13.8,2,311.228,3.493,106.335
4127.7,34.76,10.9,3.0,15.2,2,311.480,3.503,104.967
4127.7,34.77,52.1,0.0,17.1,2,311.809,3.519,102.910
4134.6,34.80,17.6,33.4,11.7,2,312.090,3.538,100.839
4134.6,34.55,7.8,44.1,9.5,2,312.252,3.551,99.461
4134.6,34.04,6.4,45.0,-1.8,2,312.461,3.571,97.413
4134.6,33.58,0.0,47.9,-15.1,2,312.587,3.585,96.065
4141.5,32.77,0.0,53.0,-18.2,2,312.781,3.606,94.082
4141.5,32.20,0.0,56.7,-14.9,2,312.921,3.621,92.789
4141.5,31.23,0.0,72.6,-8.0,2,313.145,3.643,90.896
4141.5,30.52,0.0,71.5,-4.3,2,313.302,3.658,89.670
4147.8,29.48,0.0,62.0,-5.2,0,313.547,3.680,87.885
4147.8,28.87,50.5,49.1,-0.2,0,313.720,3.695,86.731
4147.8,28.13,0.0,26.7,18.2,1,313.993,3.717,85.042
4147.8,27.78,0.0,23.9,28.4,1,314.174,3.731,83.938
4153.5,27.29,0.0,27.0,31.0,1,314.422,3.754,82.304
4153.5,26.95,0.0,25.5,26.3,1,314.564,3.770,81.228
4153.5,26.47,0.0,21.3,13.7,1,314.740,3.796,79.635
4153.5,26.18,0.0,19.5,5.5,1,314.836,3.814,78.586
4158.8,25.78,0.0,17.6,-3.3,1,314.960,3.840,77.032
4158.8,25.42,0.0,15.2,-9.8,1,315.073,3.866,75.499
4158.8,25.19,0.0,13.5,-13.2,1,315.152,3.883,74.490
4163.7,24.88,0.0,12.1,-18.3,1,315.283,3.906,72.993
4163.7,24.68,0.0,11.9,-21.6,1,315.384,3.920,72.007
4163.7,24.39,0.0,10.8,-24.5,1,315.558,3.941,70.545
4163.7,24.19,0.0,9.3,-26.0,1,315.693,3.954,69.582
4168.5,23.94,0.0,7.5,-27.8,1,315.923,3.971,68.157
4168.5,23.78,0.0,7.1,-28.9,1,316.097,3.982,67.218
4168.5,23.54,0.0,6.2,-28.8,1,316.390,3.997,65.829
4168.5,23.39,0.0,5.5,-29.8,1,316.607,4.006,64.915
4173.2,23.19,0.0,4.6,-32.1,1,316.964,4.017,63.564
4173.2,23.05,0.0,4.7,-33.6,1,317.224,4.024,62.676
4173.2,22.84,0.0,4.1,-35.2,1,317.648,4.034,61.366
4173.2,22.65,0.0,3.3,-36.8,1,318.112,4.042,60.082
4177.7,22.53,0.0,2.3,-37.8,1,318.444,4.046,59.242
4177.7,22.35,0.0,3.2,-38.2,1,318.977,4.052,58.005
4177.7,22.23,0.0,3.4,-40.2,1,319.354,4.055,57.197
4177.7,22.04,0.0,3.6,-42.2,1,319.954,4.057,56.012
4182.1,21.91,0.0,4.6,-42.2,1,320.376,4.058,55.241
4182.1,21.71,0.0,3.9,-41.1,1,321.042,4.058,54.114
4182.1,21.58,0.0,5.9,-40.0,1,321.506,4.056,53.383
4182.1,21.36,0.0,6.2,-40.9,1,322.232,4.053,52.318
4186.2,21.21,0.0,6.0,-40.8,1,322.735,4.050,51.631
4186.2,21.00,0.0,6.0,-40.1,1,323.516,4.045,50.634
4186.2,20.86,0.0,3.0,-39.9,1,324.054,4.041,49.992
4186.2,20.72,2.0,0.0,-40.8,1,324.886,4.034,49.063
4190.2,20.64,4.3,0.0,-41.6,1,325.458,4.030,48.466
4190.2,20.56,8.0,0.0,-44.3,1,326.341,4.022,47.600
4190.2,20.50,10.1,0.0,-47.7,1,327.253,4.013,46.772
4190.2,20.47,10.8,0.0,-49.8,1,327.877,4.006,46.241
4194.4,20.43,15.7,0.0,-55.2,1,328.839,3.996,45.479
4194.4,20.46,28.1,0.0,-58.4,1,329.497,3.988,44.995
4194.4,20.60,39.0,0.0,-60.8,1,330.514,3.977,44.302
4194.4,20.74,43.9,0.0,-64.9,1,331.213,3.969,43.861
4198.4,21.00,49.9,0.0,-67.0,1,332.294,3.956,43.232
4198.4,21.12,37.5,0.0,-75.5,1,333.037,3.948,42.836
4198.4,21.18,18.7,0.0,-77.5,1,334.180,3.935,42.284
4198.4,21.16,18.6,0.0,-76.5,1,334.958,3.926,41.948
4202.9,21.17,23.0,0.0,-74.2,1,336.143,3.913,41.492
4202.9,21.18,24.7,0.0,-72.7,1,336.945,3.905,41.222
4202.9,21.23,26.3,0.0,-77.0,1,338.167,3.893,40.866
4202.9,21.25,20.6,0.0,-79.4,1,338.991,3.885,40.661
4207.7,21.21,16.3,0.0,-81.7,1,340.238,3.874,40.404
4207.7,21.16,15.2,0.0,-80.8,1,341.494,3.863,40.205
4207.7,21.12,16.6,0.0,-83.4,1,342.333,3.855,40.104
4207.7,21.07,16.2,0.0,-86.3,1,343.595,3.845,40.000
4212.6,21.03,15.7,0.0,-87.1,1,344.436,3.839,39.961
4212.6,20.96,15.4,0.0,-86.7,1,345.695,3.829,39.950
4212.6,20.92,14.3,0.0,-85.5,1,346.533,3.822,39.974
4212.6,20.85,14.2,0.0,-82.9,1,347.783,3.813,40.059
4217.6,20.80,14.7,0.0,-81.2,1,348.611,3.808,40.147
4217.6,20.74,17.0,0.0,-76.6,1,349.844,3.799,40.327
4217.6,20.72,20.6,0.0,-71.6,1,350.659,3.794,40.479
4217.6,20.82,39.9,0.0,-61.6,1,351.873,3.787,40.755
4222.8,20.93,43.9,0.0,-57.3,1,352.680,3.783,40.971
4222.8,21.08,44.6,0.0,-49.0,1,353.884,3.777,41.345
4222.8,21.24,43.2,0.0,-33.1,1,354.682,3.774,41.626
4222.8,21.54,55.3,0.0,-16.6,1,355.877,3.770,42.092
4228.1,22.03,68.1,0.0,-12.9,1,357.080,3.766,42.600
4228.1,22.42,82.3,0.0,-14.2,1,357.889,3.765,42.964
4228.1,23.07,82.2,0.0,-17.1,1,359.123,3.764,43.545
4228.1,23.51,81.3,0.0,-18.7,1,359.958,3.764,43.955
4233.6,24.16,78.6,0.0,-22.8,1,361.229,3.766,44.609
4233.6,24.57,75.4,0.0,-23.2,1,362.086,3.769,45.071
4233.6,25.15,71.7,0.0,-22.4,1,363.383,3.775,45.805
4233.6,25.52,70.1,0.0,-22.3,1,364.253,3.781,46.322
4239.5,26.05,67.6,0.0,-23.0,1,365.566,3.791,47.139
4239.5,26.38,65.5,0.0,-24.0,1,366.443,3.800,47.712
4239.5,26.86,64.1,0.0,-25.1,1,367.761,3.812,48.614
4239.5,27.17,64.1,0.0,-26.2,1,368.638,3.821,49.243
4244.7,27.62,64.6,0.0,-26.2,1,369.951,3.835,50.231
4244.7,28.10,65.2,0.0,-24.3,1,371.256,3.848,51.274
4244.7,28.41,65.2,0.0,-23.4,1,372.122,3.856,51.999
4249.9,28.87,68.1,0.0,-24.6,1,373.410,3.868,53.135
4249.9,29.17,61.4,0.0,-21.5,1,374.261,3.876,53.923
4249.9,29.61,66.0,0.0,-20.0,1,375.523,3.886,55.153
4249.9,29.91,63.6,0.0,-23.3,1,376.354,3.893,56.005
4255.5,30.37,70.0,0.0,-22.3,1,377.582,3.903,57.331
4255.5,30.67,67.5,0.0,-19.4,1,378.388,3.909,58.247
4255.5,31.10,65.2,0.0,-23.7,1,379.577,3.918,59.667
4255.5,31.38,67.4,0.0,-26.3,1,380.354,3.924,60.645
4261.4,31.79,66.3,0.0,-21.1,1,381.494,3.931,62.158
4261.4,32.06,68.5,0.0,-23.5,1,382.237,3.935,63.196
4261.4,32.46,68.0,0.0,-25.1,0,383.322,3.940,64.798
4261.4,32.45,0.0,0.0,-19.9,0,384.022,3.943,65.893
4267.7,32.72,82.3,0.0,-18.6,2,385.026,3.947,67.565
4267.7,33.19,73.4,0.0,-18.6,2,385.993,3.950,69.289
4267.7,33.49,82.7,0.0,-14.1,2,386.616,3.953,70.468
4267.7,33.98,80.9,0.0,-13.4,2,387.521,3.957,72.277
4274.2,34.25,57.8,0.0,-10.1,2,388.106,3.958,73.508
4274.2,34.63,82.5,0.0,-5.4,2,388.952,3.961,75.392
4274.2,35.00,81.7,0.0,-3.0,2,389.500,3.963,76.671
4274.2,35.43,66.4,0.0,-1.4,2,390.302,3.962,78.624
4281.0,35.69,80.7,0.0,-1.7,2,390.822,3.962,79.947
4281.0,36.27,84.8,0.0,-3.5,2,391.586,3.959,81.965
4281.0,36.57,84.0,0.0,-4.4,2,392.084,3.957,83.333
4281.0,36.93,47.0,0.0,-4.7,2,392.819,3.949,85.412
4288.3,37.09,77.1,0.0,-4.4,2,393.295,3.942,86.812
4288.3,37.61,86.1,0.0,-2.7,2,393.990,3.935,88.943
4288.3,37.99,86.2,0.0,-3.3,2,394.445,3.931,90.385
4288.3,38.54,86.2,0.0,-3.8,2,395.114,3.924,92.580
4295.7,39.01,86.4,0.0,-4.7,2,395.764,3.923,94.812
4295.7,39.35,86.4,0.0,-5.6,2,396.190,3.922,96.320
4295.7,39.80,86.8,0.0,-5.0,2,396.817,3.919,98.610
4295.7,40.12,87.0,0.0,-3.3,2,397.226,3.917,100.153
4303.5,40.63,87.0,0.0,-3.1,2,397.828,3.912,102.498
4303.5,40.96,87.1,0.0,-3.1,0,398.222,3.910,104.080
4303.5,41.00,85.2,0.0,-4.4,3,398.800,3.908,106.470
4303.5,41.29,85.5,0.0,-4.2,3,399.177,3.907,108.070
4311.5,41.75,85.5,0.0,-4.6,3,399.736,3.905,110.497
4311.5,42.09,85.4,0.0,-4.6,3,400.104,3.902,112.133
4311.5,42.58,85.3,0.0,-4.9,3,400.649,3.897,114.614
4311.5,42.87,85.5,0.0,-5.0,3,401.004,3.894,116.285
4319.8,43.32,85.6,0.0,-5.3,3,401.524,3.890,118.817
4319.8,43.63,85.7,0.0,-5.7,3,401.861,3.889,120.522
4319.8,44.07,85.8,0.0,-6.4,3,402.350,3.886,123.106
4319.8,44.52,85.9,0.0,-8.5,3,402.818,3.884,125.721
4328.5,44.80,86.1,0.0,-9.2,3,403.116,3.882,127.482
4328.5,45.24,86.1,0.0,-9.3,3,403.536,3.878,130.149
4328.5,45.52,86.2,0.0,-9.7,3,403.797,3.874,131.945
4328.5,45.94,86.3,0.0,-7.6,3,404.157,3.869,134.664
4337.5,46.22,86.4,0.0,-7.3,3,404.375,3.865,136.493
4337.5,46.64,86.5,0.0,-7.5,3,404.669,3.859,139.263
4337.5,46.92,86.5,0.0,-7.9,3,404.842,3.855,141.125
4337.5,47.33,86.6,0.0,-8.9,3,405.071,3.848,143.943
4346.7,47.60,86.7,0.0,-9.1,3,405.201,3.844,145.836
4346.7,48.00,86.7,0.0,-8.6,3,405.361,3.837,148.699
4346.7,48.39,86.8,0.0,-8.5,3,405.478,3.830,151.587
4356.1,48.78,86.9,0.0,-9.3,3,405.551,3.824,154.501
4356.1,49.03,86.9,0.0,-9.8,3,405.575,3.819,156.456
4356.1,49.41,87.0,0.0,-10.3,0,405.570,3.812,159.409
4356.1,49.38,0.0,0.0,-10.2,0,405.538,3.807,161.385
4365.8,49.61,85.1,0.0,-10.3,4,405.446,3.800,164.351
4365.8,49.84,85.2,0.0,-10.7,4,405.355,3.795,166.337
4365.8,50.17,85.3,0.0,-11.3,4,405.173,3.787,169.331
4365.8,50.39,85.3,0.0,-11.9,4,405.019,3.782,171.336
4375.7,50.72,85.4,0.0,-13.0,4,404.739,3.775,174.356
4375.7,51.05,85.5,0.0,-13.8,4,404.399,3.767,177.389
4375.7,51.26,85.5,0.0,-14.3,4,404.139,3.761,179.419
4375.7,51.58,85.6,0.0,-15.5,4,403.694,3.753,182.471
4385.9,51.79,85.7,0.0,-16.2,4,403.361,3.748,184.511
4385.9,52.10,85.8,0.0,-16.7,4,402.806,3.739,187.577
4385.9,52.30,85.8,0.0,-16.6,4,402.398,3.733,189.624
4385.9,52.59,85.9,0.0,-15.5,4,401.725,3.725,192.697
4396.4,52.78,86.0,0.0,-15.5,4,401.236,3.721,194.747
4396.4,53.07,86.1,0.0,-15.1,4,400.441,3.714,197.821
4396.4,53.26,86.1,0.0,-13.7,4,399.868,3.710,199.868
4396.4,53.55,86.1,0.0,-13.0,4,398.944,3.706,202.936
4407.4,53.73,86.2,0.0,-13.7,4,398.285,3.705,204.977
4407.4,54.02,86.2,0.0,-15.2,4,397.234,3.703,208.033
4407.4,54.21,86.2,0.0,-16.8,4,396.492,3.701,210.066
4407.4,54.48,86.2,0.0,-17.7,4,395.315,3.701,213.107
4418.9,54.66,86.3,0.0,-17.6,4,394.486,3.704,215.126
4418.9,54.94,86.4,0.0,-17.1,4,393.182,3.710,218.143
4418.9,55.21,86.4,0.0,-16.6,4,391.805,3.717,221.146
4418.9,55.38,86.4,0.0,-16.5,4,390.845,3.722,223.138
4430.9,55.65,86.5,0.0,-15.9,4,389.344,3.731,226.112
4430.9,55.84,86.4,0.0,-15.6,4,388.304,3.736,228.083
4430.9,56.09,86.6,0.0,-15.1,4,386.686,3.743,231.025
4430.9,56.28,86.6,0.0,-14.4,4,385.570,3.745,232.975
4442.1,56.54,86.6,0.0,-13.4,4,383.840,3.746,235.884
4442.1,56.72,86.7,0.0,-14.3,4,382.647,3.745,237.809
4442.1,56.97,86.7,0.0,-14.3,4,380.798,3.746,240.674
4442.1,57.15,86.7,0.0,-14.7,4,379.526,3.748,242.569
4453.2,57.40,86.7,0.0,-15.4,4,377.558,3.754,245.385
4453.2,57.57,86.8,0.0,-16.0,4,376.207,3.760,247.245
4453.2,57.82,86.8,0.0,-16.5,4,374.126,3.769,250.011
4453.2,58.07,86.9,0.0,-14.8,4,371.979,3.778,252.745
4464.6,58.24,86.9,0.0,-12.1,4,370.512,3.785,254.549
4464.6,58.50,86.9,0.0,-8.8,4,368.258,3.795,257.229
4464.6,58.67,87.0,0.0,-7.7,4,366.721,3.802,258.997
4464.6,58.93,87.0,0.0,-6.9,4,364.369,3.812,261.626
4476.2,59.11,87.0,0.0,-6.4,4,362.772,3.817,263.364
4476.2,59.38,87.1,0.0,-5.9,0,360.334,3.823,265.950
4476.2,59.33,0.0,0.0,-5.6,0,358.685,3.826,267.659
4476.2,59.49,85.3,0.0,-5.2,5,356.183,3.828,270.195
4488.0,59.66,85.4,0.0,-5.0,5,354.493,3.827,271.875
4488.0,59.92,85.4,0.0,-5.5,5,351.924,3.826,274.377
4488.0,60.08,85.5,0.0,-5.9,5,350.189,3.827,276.034
4488.0,60.32,85.1,0.0,-6.6,5,347.554,3.832,278.504
4500.0,60.48,85.6,0.0,-6.8,5,345.776,3.837,280.139
4500.0,60.74,85.6,0.0,-4.3,5,343.078,3.844,282.575
4500.0,60.95,85.7,0.0,-2.7,5,340.341,3.850,284.991
4500.0,61.10,85.9,0.0,-1.6,5,338.496,3.851,286.591
4512.1,61.38,85.7,0.0,0.3,5,335.701,3.850,288.976
4512.1,61.53,85.7,0.0,1.1,5,333.821,3.850,290.558
4512.1,61.80,85.8,0.0,1.1,5,330.979,3.848,292.927
4512.1,61.98,85.9,0.0,1.0,5,329.073,3.846,294.506
4524.4,62.23,85.9,0.0,1.0,5,326.202,3.844,296.881
4524.4,62.39,85.8,0.0,0.9,5,324.282,3.842,298.469
4524.4,62.63,85.9,0.0,0.9,5,321.395,3.840,300.863
4524.4,62.80,86.0,0.0,0.8,5,319.467,3.839,302.467
4536.9,63.04,86.0,0.0,0.9,5,316.569,3.839,304.886
4536.9,63.20,86.0,0.0,1.0,5,314.633,3.842,306.507
4536.9,63.45,86.1,0.0,1.1,5,311.726,3.848,308.952
4536.9,63.61,86.1,0.0,1.0,5,309.784,3.853,310.590
4549.5,63.85,86.1,0.0,0.9,5,306.867,3.858,313.062
4549.5,64.01,86.1,0.0,0.9,5,304.919,3.862,314.719
4549.5,64.25,86.2,0.0,0.3,5,301.995,3.870,317.219
4562.3,64.48,86.2,0.0,-0.7,5,299.065,3.878,319.734
4562.3,64.64,86.2,0.0,-0.7,5,297.107,3.882,321.418
4562.3,64.87,86.3,0.0,-0.4,5,294.163,3.886,323.952
4562.3,65.03,86.3,0.0,-0.1,5,292.194,3.887,325.647
4575.3,65.27,86.3,0.0,0.8,5,289.230,3.882,328.195
4575.3,65.42,86.3,0.0,1.1,5,287.248,3.878,329.898
4575.3,65.64,86.4,0.0,1.2,5,284.267,3.871,332.462
4575.3,65.79,86.4,0.0,0.9,5,282.277,3.865,334.178
4588.4,66.24,86.5,0.0,0.5,5,276.292,3.855,339.366
4588.4,66.37,86.5,0.0,0.4,5,274.293,3.855,341.108
4588.4,66.59,86.6,0.0,0.3,5,271.289,3.857,343.732
4601.7,66.75,86.6,0.0,0.4,5,269.282,3.857,345.488
4601.7,66.96,86.6,0.0,0.1,5,266.266,3.861,348.132
4601.7,67.11,86.6,0.0,-0.1,5,264.251,3.866,349.901
4601.7,67.32,86.7,0.0,-0.3,5,261.221,3.878,352.562
4615.1,67.53,86.7,0.0,0.1,5,258.183,3.892,355.232
4615.1,67.67,86.7,0.0,0.3,5,256.151,3.903,357.016
4615.1,67.88,86.8,0.0,0.3,5,253.097,3.916,359.699
4615.1,67.98,86.8,0.0,0.2,5,251.055,3.926,361.492
4628.7,68.21,86.8,0.0,0.2,5,247.986,3.944,364.189
4628.7,68.35,86.8,0.0,0.3,5,245.936,3.954,365.992
4628.7,68.55,86.8,0.0,0.3,5,242.853,3.965,368.706
4628.7,68.68,86.8,0.0,0.3,5,240.794,3.972,370.520
4642.4,68.88,86.9,0.0,0.3,5,237.700,3.983,373.250
4642.4,69.02,86.9,0.0,0.4,5,235.634,3.987,375.076
4642.4,69.21,86.9,0.0,0.3,5,232.527,3.989,377.823
4642.4,69.34,86.9,0.0,0.0,5,230.453,3.988,379.660
4656.2,69.53,86.9,0.0,-0.2,5,227.334,3.986,382.423
4656.2,69.66,87.0,0.0,-0.6,5,225.251,3.983,384.269
4656.2,69.85,87.0,0.0,-0.8,5,222.119,3.979,387.044
4656.2,70.04,87.0,0.0,-0.3,0,218.976,3.975,389.824
4670.1,69.96,0.0,0.0,-0.3,0,216.876,3.971,391.678
4670.1,70.08,85.8,0.0,-0.0,6,213.726,3.964,394.454
4670.1,70.20,85.8,0.0,0.1,6,211.621,3.958,396.308
4670.1,70.37,85.9,0.0,0.0,6,208.454,3.950,399.092
4684.2,70.50,85.9,0.0,0.1,6,206.337,3.946,400.951
4684.2,70.68,85.9,0.0,0.3,6,203.155,3.941,403.745
4684.2,70.79,86.0,0.0,0.4,6,201.029,3.937,405.612
4684.2,70.97,86.0,0.0,0.3,6,197.834,3.932,408.418
4698.3,71.09,86.0,0.0,0.4,6,195.700,3.928,410.294
4698.3,71.27,86.0,0.0,0.4,6,192.495,3.923,413.116
4698.3,71.38,86.0,0.0,0.3,6,190.355,3.919,415.002
4698.3,71.55,86.1,0.0,0.4,6,187.140,3.913,417.839
4712.6,71.73,86.1,0.0,0.3,6,183.920,3.909,420.686
4712.6,71.84,86.1,0.0,0.2,6,181.770,3.907,422.590
4712.6,72.02,86.1,0.0,0.1,6,178.541,3.903,425.453
4712.6,72.13,86.1,0.0,0.0,6,176.386,3.901,427.367
4727.0,72.30,86.2,0.0,-0.3,6,173.148,3.895,430.245
4727.0,72.41,86.2,0.0,-0.1,6,170.985,3.890,432.168
4727.0,72.58,86.2,0.0,-0.0,6,167.735,3.885,435.058
4727.0,72.68,86.2,0.0,-0.1,6,165.563,3.882,436.987
4741.5,72.84,86.3,0.0,-0.3,6,162.300,3.880,439.887
4741.5,72.96,86.3,0.0,-0.1,6,160.119,3.879,441.823
4741.5,73.12,86.3,0.0,0.1,6,156.842,3.878,444.731
4741.5,73.22,86.3,0.0,0.2,6,154.652,3.879,446.673
4756.1,73.38,86.4,0.0,0.4,6,151.361,3.883,449.590
4756.1,73.49,86.3,0.0,0.5,6,149.164,3.885,451.540
4756.1,73.66,86.4,0.0,0.5,6,145.864,3.888,454.471
4770.8,73.81,86.4,0.0,0.3,6,142.559,3.890,457.411
4770.8,73.91,86.4,0.0,0.2,6,140.353,3.892,459.377
4770.8,74.07,86.4,0.0,0.1,6,137.042,3.894,462.333
4770.8,74.18,86.4,0.0,-0.1,6,134.832,3.896,464.310
4785.6,74.33,86.5,0.0,-0.2,6,131.512,3.897,467.281
4785.6,74.43,86.5,0.0,0.1,6,129.296,3.899,469.265
4785.6,74.58,86.5,0.0,0.1,6,125.966,3.903,472.247
4785.6,74.68,86.5,0.0,-0.2,6,123.742,3.904,474.237
4800.5,74.83,86.6,0.0,-0.3,6,120.399,3.907,477.228
4800.5,74.94,86.6,0.0,-0.1,6,118.166,3.907,479.224
4800.5,75.09,86.6,0.0,-0.1,6,114.809,3.907,482.221
4800.5,75.19,86.6,0.0,-0.3,6,112.567,3.905,484.222
4815.5,75.34,86.6,0.0,-0.6,6,109.197,3.902,487.227
4815.5,75.43,86.7,0.0,-0.1,6,106.945,3.899,489.232
4815.5,75.58,86.7,0.0,0.2,6,103.560,3.891,492.242
4815.5,75.73,86.7,0.0,0.1,6,100.166,3.882,495.257
4830.6,75.82,86.7,0.0,0.0,6,97.900,3.876,497.268
4830.6,75.96,86.7,0.0,0.1,6,94.494,3.865,500.291
4830.6,76.06,86.7,0.0,0.3,6,92.220,3.856,502.309
4830.6,76.21,86.7,0.0,0.2,6,88.804,3.839,505.341
4845.9,76.30,86.7,0.0,0.0,6,86.523,3.827,507.366
4845.9,76.44,86.7,0.0,-0.4,6,83.097,3.806,510.408
4845.9,76.53,86.7,0.0,-0.8,6,80.809,3.793,512.439
4845.9,76.67,86.8,0.0,0.6,6,77.371,3.771,515.489
4861.2,76.76,86.8,0.0,0.2,6,75.075,3.756,517.524
4861.2,76.90,86.8,0.0,-0.1,6,71.626,3.734,520.582
4861.2,76.99,86.8,0.0,0.0,6,69.323,3.718,522.624
4861.2,77.13,86.8,0.0,-1.5,6,65.863,3.694,525.690
4876.6,77.22,86.8,0.0,-0.2,6,63.552,3.676,527.737
4876.6,77.35,86.9,0.0,-0.0,6,60.079,3.649,530.808
4876.6,77.49,86.9,0.0,-0.3,6,56.598,3.619,533.883
4876.6,77.57,86.9,0.0,0.0,6,54.272,3.597,535.934
4892.0,77.71,86.9,0.0,-0.5,6,50.777,3.562,539.013
4892.0,77.79,86.9,0.0,0.3,6,48.443,3.537,541.068
4892.0,77.91,87.0,0.0,1.1,6,44.936,3.499,544.153
4892.0,78.01,87.0,0.0,1.1,6,42.595,3.471,546.212
4907.6,78.13,87.0,0.0,0.5,6,39.081,3.426,549.309
4907.6,78.22,87.0,0.0,0.2,6,36.738,3.393,551.380
4907.6,78.36,87.0,0.0,-0.1,6,33.223,3.337,554.494
4907.6,78.44,87.0,0.0,-0.0,6,30.880,3.300,556.577
4923.3,78.37,0.0,0.0,0.3,0,27.367,3.242,559.708
4923.3,78.39,86.1,0.0,0.3,7,25.029,3.202,561.795
4923.3,78.51,86.1,0.0,0.2,7,21.521,3.144,564.932
4923.3,78.60,86.1,0.0,0.2,7,19.180,3.103,567.028
4938.9,78.72,85.6,0.0,0.1,7,15.667,3.042,570.179
4938.9,78.84,85.4,0.0,-0.2,7,12.150,2.982,573.336
4938.9,78.91,81.3,0.0,-0.5,7,9.803,2.943,575.444
4938.9,78.66,6.2,41.4,-0.0,7,6.282,2.884,578.605
4954.7,78.10,0.0,70.9,-0.1,7,3.948,2.848,580.700
4954.7,76.91,0.0,78.2,-0.6,7,0.483,2.792,583.808
4954.7,76.06,0.0,85.6,-0.9,7,-1.797,2.752,585.852
4954.7,74.70,0.0,83.4,-0.8,7,-5.168,2.694,588.869
4970.0,73.78,0.0,82.1,0.0,7,-7.383,2.657,590.847
4970.0,72.45,29.5,82.9,0.6,0,-10.661,2.603,593.767
4970.0,71.58,0.0,81.6,0.2,6,-12.815,2.568,595.682
4970.0,70.24,0.0,83.6,-0.4,6,-15.998,2.517,598.508
4984.4,69.34,0.0,84.0,-0.8,6,-18.088,2.486,600.361
4984.4,68.04,0.0,83.2,-1.0,6,-21.176,2.440,603.094
4984.4,67.13,0.0,83.1,-1.3,6,-23.203,2.407,604.884
4984.4,65.82,0.0,84.2,-1.1,6,-26.198,2.358,607.522
4997.9,64.48,0.0,83.8,-0.2,0,-29.139,2.310,610.101
4997.9,63.62,32.4,82.1,0.3,0,-31.070,2.279,611.786
4997.9,62.32,0.0,86.0,0.2,5,-33.925,2.234,614.266
4997.9,61.43,0.0,83.5,-0.4,5,-35.798,2.206,615.885
5010.6,60.14,0.0,84.7,-0.6,5,-38.563,2.166,618.267
5010.6,59.30,0.0,84.3,-1.4,5,-40.377,2.138,619.823
5010.6,57.98,0.0,83.4,-2.6,5,-43.055,2.096,622.109
5010.6,57.10,0.0,84.3,-2.3,5,-44.810,2.069,623.599
5022.3,55.84,0.0,82.5,-1.7,5,-47.402,2.030,625.785
5022.3,54.97,0.0,82.6,-2.0,5,-49.103,2.003,627.209
5022.3,53.72,46.8,80.7,-3.2,0,-51.615,1.964,629.291
5022.3,52.90,0.0,79.7,-3.9,4,-53.266,1.939,630.644
5033.2,51.68,0.0,74.8,-3.7,4,-55.708,1.902,632.617
5033.2,50.90,0.0,68.9,-4.2,4,-57.315,1.878,633.895
5033.2,49.85,0.0,56.0,-5.0,4,-59.698,1.843,635.757
5043.3,48.96,0.0,48.7,-6.0,4,-62.057,1.807,637.553
5043.3,48.42,0.0,40.7,-6.4,4,-63.620,1.784,638.715
5043.3,47.71,0.0,38.3,-7.3,4,-65.957,1.749,640.406
5043.3,47.25,0.0,38.7,-7.9,4,-67.511,1.726,641.499
5052.8,46.59,0.0,35.4,-7.9,4,-69.837,1.691,643.087
5052.8,46.16,0.0,35.3,-8.3,4,-71.384,1.668,644.111
5052.8,45.54,0.0,31.6,-8.3,4,-73.701,1.634,645.597
5052.8,45.16,0.0,27.3,-8.6,4,-75.243,1.612,646.554
5061.8,44.67,0.0,21.6,-9.4,4,-77.555,1.580,647.939
5061.8,44.37,0.0,21.3,-10.0,4,-79.097,1.559,648.829
5061.8,43.95,0.0,19.4,-10.7,4,-81.414,1.527,650.117
5061.8,43.66,0.0,26.6,-10.5,4,-82.959,1.507,650.943
5070.4,43.15,45.4,36.0,-11.1,0,-85.277,1.476,652.134
5070.4,42.73,0.0,35.7,-11.4,3,-86.817,1.455,652.896
5070.4,42.11,0.0,23.9,-10.9,3,-89.117,1.424,653.987
5070.4,41.66,0.0,14.6,-11.1,3,-91.409,1.392,655.017
5078.7,41.42,0.0,15.3,-11.9,3,-92.938,1.372,655.670
5078.7,41.07,0.0,10.3,-13.4,3,-95.231,1.342,656.601
5078.7,40.87,0.0,7.9,-14.5,3,-96.761,1.322,657.188
5078.7,40.62,0.0,5.1,-16.1,3,-99.060,1.293,658.021
5086.9,40.47,0.0,3.5,-17.2,3,-100.595,1.274,658.544
5086.9,40.27,0.0,3.4,-18.2,3,-102.902,1.244,659.282
5086.9,40.12,0.0,3.1,-19.0,3,-104.443,1.224,659.742
5086.9,39.92,0.0,2.8,-18.8,3,-106.758,1.195,660.380
5095.1,39.79,0.0,3.0,-19.0,3,-108.304,1.177,660.771
5095.1,39.59,0.0,2.2,-19.4,3,-110.624,1.148,661.307
5095.1,39.47,0.0,2.1,-19.3,3,-112.172,1.129,661.629
5095.1,39.27,0.0,2.2,-19.1,3,-114.495,1.101,662.058
5103.1,39.14,0.0,2.1,-19.6,3,-116.044,1.083,662.309
5103.1,38.95,0.0,2.6,-20.2,3,-118.365,1.057,662.631
5103.1,38.82,0.0,1.5,-20.1,3,-119.910,1.039,662.810
5103.1,38.64,0.0,1.9,-19.4,3,-122.224,1.014,663.024
5111.2,38.44,0.0,2.5,-19.0,3,-124.532,0.991,663.172
5111.2,38.31,0.0,1.6,-19.3,3,-126.066,0.977,663.235
5111.2,38.14,0.0,2.1,-19.8,3,-128.359,0.956,663.276
5111.2,38.01,0.0,1.7,-20.4,3,-129.882,0.943,663.269
5119.0,37.83,0.0,0.8,-21.2,3,-132.157,0.922,663.208
5119.0,37.72,0.0,0.9,-21.0,3,-133.666,0.909,663.132
5119.0,37.55,0.0,1.1,-20.9,3,-135.918,0.889,662.967
5119.0,37.43,0.0,1.3,-21.3,3,-137.411,0.877,662.822
5126.9,37.25,3.4,2.5,-22.1,3,-139.635,0.858,662.554
5126.9,37.12,1.1,1.2,-22.2,3,-141.108,0.846,662.341
5126.9,36.99,9.6,0.0,-22.2,3,-143.300,0.828,661.971
5126.9,36.91,8.0,4.9,-22.6,3,-144.751,0.817,661.691
5134.8,36.73,0.9,0.0,-22.9,3,-146.910,0.800,661.219
5134.8,36.62,0.6,1.4,-23.6,3,-148.336,0.789,660.872
5134.8,36.44,0.0,0.6,-24.3,3,-150.452,0.773,660.302
5134.8,36.27,0.0,2.4,-24.6,3,-152.541,0.757,659.673
5142.4,36.15,0.0,1.9,-24.9,3,-153.918,0.747,659.222
5142.4,35.96,0.0,2.7,-25.6,3,-155.956,0.732,658.497
5142.4,35.83,0.0,3.7,-26.0,3,-157.297,0.722,657.982
5142.4,35.62,0.0,1.5,-25.9,3,-159.278,0.708,657.163
5150.3,35.50,0.0,3.5,-25.6,0,-160.578,0.699,656.585
5150.3,35.33,0.0,1.5,-24.1,2,-162.496,0.687,655.670
5150.3,35.18,2.5,0.0,-22.9,2,-163.752,0.681,655.028
5150.3,34.99,2.5,0.0,-21.7,2,-165.600,0.673,654.019
5157.8,34.88,6.8,0.0,-20.3,2,-166.807,0.670,653.315
5157.8,34.79,15.9,0.0,-20.1,2,-168.584,0.669,652.215
5157.8,34.74,20.3,0.0,-21.6,2,-169.746,0.669,651.452
5157.8,34.77,30.0,0.0,-25.8,2,-171.464,0.664,650.269
5165.8,34.82,34.0,0.0,-29.7,2,-172.589,0.660,649.451
5165.8,34.89,37.4,0.0,-34.6,2,-174.248,0.657,648.178
5165.8,35.00,40.5,0.0,-37.4,2,-175.870,0.657,646.850
5165.8,35.07,41.9,0.0,-38.9,2,-176.931,0.659,645.935
5173.3,35.21,43.7,0.0,-39.6,2,-178.493,0.662,644.518
5173.3,35.29,41.1,0.0,-39.2,2,-179.514,0.664,643.544
5173.3,35.41,36.9,0.0,-39.2,2,-181.009,0.668,642.040
5173.3,35.46,41.1,0.0,-41.0,2,-181.980,0.672,641.008
5181.1,35.57,39.6,0.0,-40.8,2,-183.398,0.678,639.417
5181.1,35.62,36.9,0.0,-40.2,2,-184.315,0.683,638.328
5181.1,35.64,22.4,0.0,-40.2,2,-185.646,0.691,636.655
5181.1,35.57,10.2,6.4,-38.4,2,-186.503,0.698,635.516
5188.4,35.35,4.5,0.4,-39.4,2,-187.735,0.708,633.781
5188.4,35.24,20.9,0.0,-42.0,2,-188.522,0.715,632.609
5188.4,35.24,32.9,0.0,-38.7,2,-189.653,0.725,630.824
5188.4,35.28,35.3,0.0,-37.8,2,-190.377,0.732,629.614
5195.6,35.38,43.3,0.0,-36.4,2,-191.416,0.745,627.767
5195.6,35.54,44.8,0.0,-33.2,2,-192.403,0.757,625.883
5195.6,35.64,45.9,0.0,-30.9,2,-193.032,0.763,624.606
5202.4,35.79,44.5,0.0,-26.2,2,-193.931,0.772,622.661
5202.4,35.88,46.4,0.0,-22.0,2,-194.499,0.777,621.346
5202.4,36.02,41.2,0.0,-15.0,2,-195.305,0.782,619.345
5202.4,36.11,41.0,0.0,-10.5,2,-195.810,0.784,617.994
5209.3,36.25,42.3,0.0,-5.3,2,-196.521,0.785,615.943
5209.3,36.36,47.5,0.0,-3.5,2,-196.963,0.785,614.561
5209.3,36.59,57.1,0.0,-3.7,2,-197.579,0.786,612.461
5209.3,36.78,61.6,0.0,-5.2,2,-197.957,0.786,611.044
5216.3,37.14,70.6,0.0,-10.0,2,-198.479,0.788,608.890
5216.3,37.41,71.5,0.0,-13.3,2,-198.798,0.789,607.434
5216.3,37.80,74.3,0.0,-17.7,2,-199.234,0.791,605.220
5216.3,38.09,77.7,0.0,-18.3,2,-199.497,0.792,603.726
5223.8,38.54,84.9,0.0,-18.0,2,-199.849,0.796,601.456
5223.8,39.02,86.2,0.0,-16.0,2,-200.150,0.801,599.150
5223.8,39.32,86.8,0.0,-12.2,2,-200.322,0.806,597.593
5223.8,39.76,59.5,1.3,-7.7,2,-200.537,0.813,595.231
5231.7,39.77,5.5,17.0,-7.1,2,-200.650,0.819,593.643
5231.7,39.33,0.0,36.5,-9.8,2,-200.767,0.831,591.271
5231.7,39.00,29.7,6.1,-4.0,2,-200.812,0.840,589.705
5231.7,38.77,39.6,50.6,0.3,2,-200.839,0.857,587.370
5239.5,38.49,10.0,46.3,-1.3,2,-200.839,0.868,585.824
5239.5,37.80,0.0,46.1,1.5,2,-200.821,0.886,583.534
5239.5,37.28,0.0,40.2,8.4,2,-200.804,0.897,582.031
5239.5,36.63,0.0,28.0,15.0,2,-200.789,0.915,579.813
5247.0,36.28,0.0,22.3,17.4,2,-200.794,0.927,578.355
5247.0,35.84,0.0,16.3,18.9,2,-200.833,0.944,576.191
5247.0,35.59,0.0,11.5,19.3,2,-200.884,0.956,574.763
5247.0,35.28,0.0,9.6,19.5,2,-201.005,0.973,572.640
5254.2,35.08,0.0,8.9,19.8,2,-201.115,0.984,571.237
5254.2,34.80,0.0,9.2,20.9,2,-201.327,0.998,569.151
5254.2,34.50,0.0,8.9,22.0,2,-201.595,1.011,567.089
5254.2,34.30,0.0,8.0,22.5,2,-201.805,1.019,565.728
5261.3,34.01,0.0,20.5,20.2,2,-202.171,1.032,563.711
5261.3,33.73,0.0,10.7,17.4,2,-202.446,1.040,562.384
5261.3,33.47,1.3,31.1,13.6,2,-202.901,1.052,560.420
5261.3,33.12,0.0,32.9,12.0,2,-203.232,1.060,559.129
5268.3,32.52,0.0,31.8,11.1,2,-203.760,1.073,557.230
5268.3,32.13,0.0,28.1,11.3,2,-204.130,1.082,555.991
5268.3,31.61,0.0,25.0,13.0,2,-204.713,1.098,554.169
5268.3,31.30,0.0,20.0,14.6,2,-205.118,1.108,552.977
5275.3,30.92,0.0,13.5,16.7,2,-205.750,1.123,551.221
5275.3,30.71,0.0,13.5,17.9,2,-206.190,1.134,550.069
5275.3,30.38,0.0,12.7,18.9,2,-206.877,1.151,548.369
5275.3,30.05,0.0,15.3,18.7,2,-207.598,1.169,546.705
5282.0,29.83,0.0,14.1,18.4,2,-208.097,1.182,545.616
5282.0,29.52,0.0,9.0,19.4,2,-208.872,1.201,544.012
5282.0,29.35,0.0,6.6,20.7,2,-209.407,1.214,542.963
5282.0,29.13,0.0,4.8,22.0,2,-210.238,1.234,541.417
5288.6,29.00,0.0,2.8,23.2,2,-210.811,1.247,540.405
5288.6,28.83,0.0,1.7,25.2,2,-211.700,1.265,538.916
5288.6,28.72,0.0,1.8,26.2,2,-212.314,1.277,537.942
5288.6,28.57,1.7,0.7,27.7,2,-213.267,1.295,536.512
5295.6,28.46,0.0,0.2,28.8,2,-213.924,1.307,535.579
5295.6,28.32,4.7,0.0,30.1,2,-214.943,1.324,534.214
5295.6,28.24,2.7,0.0,30.9,2,-215.644,1.335,533.326
5295.6,28.09,2.3,0.0,32.3,2,-216.729,1.351,532.031
5301.8,28.00,4.5,0.0,33.5,2,-217.473,1.361,531.191
5301.8,27.88,7.4,0.0,35.5,2,-218.623,1.375,529.971
5301.8,27.82,10.7,0.0,37.1,2,-219.410,1.385,529.183
5301.8,27.75,14.8,0.0,39.3,2,-220.625,1.398,528.041
5307.7,27.69,14.4,0.0,41.3,2,-221.878,1.410,526.948
5307.7,27.65,16.7,0.0,42.5,2,-222.734,1.418,526.246
5307.7,27.62,23.8,0.0,44.1,2,-224.050,1.429,525.238
5307.7,27.63,25.0,0.0,45.2,2,-224.948,1.435,524.594
5313.5,27.64,26.1,0.0,47.1,2,-226.326,1.445,523.672
5313.5,27.65,25.3,0.0,48.5,2,-227.264,1.450,523.086
5313.5,27.64,21.4,0.0,51.6,2,-228.699,1.458,522.253
5313.5,27.61,18.5,0.0,54.0,2,-229.672,1.462,521.730
5319.5,27.55,16.4,0.0,57.1,2,-231.154,1.468,520.992
5319.5,27.50,15.2,0.0,58.8,2,-232.155,1.471,520.534
5319.5,27.41,13.7,0.0,61.2,2,-233.674,1.475,519.897
5319.5,27.35,13.5,0.0,62.7,2,-234.697,1.477,519.507
5325.2,27.24,12.2,0.0,64.5,2,-236.246,1.480,518.974
5325.2,27.16,11.9,0.0,65.1,2,-237.286,1.481,518.654
5325.2,27.05,11.9,0.0,65.1,2,-238.855,1.482,518.227
5330.8,26.94,48.9,0.0,64.8,0,-240.434,1.483,517.867
5330.8,26.84,3.9,0.0,64.0,1,-241.491,1.482,517.662
5330.8,26.67,14.1,0.0,61.1,1,-243.076,1.481,517.412
5330.8,26.62,17.2,0.0,58.3,1,-244.134,1.479,517.283
5336.3,26.57,18.7,0.0,54.6,1,-245.723,1.476,517.144
5336.3,26.55,20.2,0.0,52.6,1,-246.784,1.473,517.088
5336.3,26.55,26.2,0.0,49.0,1,-248.376,1.469,517.059
5336.3,26.64,42.5,0.0,46.6,1,-249.440,1.466,517.075
5341.8,26.85,38.6,0.0,43.2,1,-251.042,1.459,517.151
5341.8,26.98,43.5,0.0,41.0,1,-252.115,1.455,517.237
5341.8,27.26,49.3,0.0,37.5,1,-253.731,1.448,517.417
5341.8,27.47,49.8,0.0,35.3,1,-254.815,1.442,517.572
5347.5,27.76,47.9,0.0,32.7,1,-256.446,1.434,517.855
5347.5,27.97,47.3,0.0,31.7,1,-257.538,1.428,518.079
5347.5,28.24,45.1,0.0,31.7,1,-259.178,1.418,518.466
5347.5,28.50,45.1,0.0,32.8,1,-260.819,1.406,518.914
5353.3,28.66,46.9,0.0,33.5,1,-261.912,1.397,519.247
5353.3,28.93,48.2,0.0,33.1,1,-263.549,1.384,519.798
5353.3,29.12,46.4,0.0,32.3,1,-264.638,1.374,520.200
5353.3,29.37,44.8,0.0,31.6,1,-266.264,1.358,520.856
5359.6,29.85,43.5,0.0,35.1,1,-269.483,1.326,522.358
5359.6,29.99,43.6,0.0,36.5,1,-270.543,1.315,522.915
5359.6,30.23,45.1,0.0,38.7,1,-272.116,1.297,523.801
5365.9,30.39,45.5,0.0,40.9,1,-273.155,1.285,524.426
5365.9,30.62,47.8,0.0,44.1,1,-274.695,1.266,525.413
5365.9,30.79,50.6,0.0,45.8,1,-275.710,1.253,526.105
5365.9,31.02,44.4,0.0,47.3,1,-277.212,1.232,527.191
5372.3,31.16,45.8,0.0,48.3,1,-278.197,1.219,527.949
5372.3,31.36,47.6,0.0,49.7,1,-279.650,1.198,529.134
5372.3,31.52,48.8,0.0,50.8,1,-280.601,1.183,529.956
5372.3,31.68,36.8,0.0,52.7,1,-282.000,1.161,531.236
5378.9,31.77,42.0,0.0,54.6,1,-282.911,1.145,532.119
5378.9,31.88,36.0,0.0,56.9,1,-284.243,1.122,533.487
5378.9,31.92,27.5,0.0,57.5,1,-285.529,1.098,534.905
5378.9,31.92,26.0,0.0,57.9,1,-286.358,1.083,535.876
5386.1,31.90,25.3,0.0,58.4,1,-287.558,1.061,537.368
5386.1,31.88,25.0,0.0,58.8,1,-288.328,1.047,538.385
5386.1,31.86,24.9,0.0,58.7,1,-289.437,1.026,539.942
5386.1,31.85,24.8,0.0,58.5,1,-290.145,1.011,541.001
5392.9,31.85,31.3,0.0,58.9,1,-291.163,0.989,542.617
5392.9,31.87,29.3,0.0,58.7,1,-291.811,0.975,543.715
5392.9,31.87,27.1,0.0,56.5,1,-292.735,0.953,545.389
5392.9,31.87,29.4,0.0,54.6,1,-293.317,0.939,546.522
5400.3,31.91,30.3,0.0,52.3,1,-294.141,0.920,548.249
5400.3,31.97,41.4,0.0,50.8,1,-294.658,0.906,549.417
5400.3,32.18,52.0,0.0,48.3,1,-295.387,0.886,551.196
5400.3,32.38,59.4,0.0,46.3,1,-295.844,0.871,552.403
5407.3,32.69,64.7,0.0,42.4,1,-296.483,0.850,554.247
5407.3,32.77,0.0,0.0,38.4,0,-297.064,0.829,556.126
5407.3,32.83,66.6,0.0,33.3,2,-297.411,0.817,557.390
5414.9,33.21,60.4,0.0,23.8,2,-297.880,0.799,559.314
5414.9,33.43,65.7,0.0,17.2,2,-298.159,0.787,560.617
5414.9,33.80,71.5,0.0,8.4,2,-298.529,0.769,562.599
5414.9,34.07,66.9,0.0,3.0,2,-298.745,0.757,563.938
5422.1,34.55,81.6,0.0,-1.4,2,-299.026,0.739,565.976
5422.1,34.92,85.3,0.0,-0.6,2,-299.187,0.730,567.355
5422.1,35.50,85.3,0.0,4.0,2,-299.398,0.716,569.456
5422.1,35.87,85.4,0.0,8.0,2,-299.522,0.707,570.877
5429.8,36.42,85.7,0.0,11.5,2,-299.686,0.697,573.039
5429.8,36.80,85.7,0.0,12.6,2,-299.781,0.691,574.499
5429.8,37.32,86.0,0.0,13.1,2,-299.896,0.685,576.719
5429.8,37.86,86.0,0.0,13.0,2,-299.975,0.680,578.973
5437.2,38.19,84.9,0.0,12.6,2,-300.004,0.679,580.493
5437.2,38.69,83.6,0.0,11.8,2,-300.010,0.676,582.798
5437.2,39.01,82.4,0.0,11.5,2,-299.987,0.674,584.351
5437.2,39.48,82.0,0.0,11.5,2,-299.909,0.669,586.704
5445.0,39.78,84.1,0.0,12.0,2,-299.828,0.666,588.286
5445.0,40.26,86.7,0.0,12.4,2,-299.659,0.660,590.680
5445.0,40.58,87.0,0.0,13.7,2,-299.515,0.655,592.290
5445.0,40.91,0.0,0.0,14.2,0,-299.250,0.647,594.722
5452.8,40.88,84.9,0.0,14.1,3,-299.040,0.641,596.343
5452.8,41.26,50.4,0.0,17.6,3,-298.676,0.630,598.781
5452.8,41.27,13.4,0.0,20.1,3,-298.399,0.623,600.409
5452.8,41.17,13.2,0.0,23.8,3,-297.935,0.608,602.839
5460.8,41.17,50.2,0.0,23.5,3,-297.594,0.597,604.449
5460.8,41.53,85.3,0.0,22.2,3,-297.029,0.579,606.863
5460.8,41.81,85.4,0.0,20.7,3,-296.615,0.567,608.477
5460.8,42.22,85.6,0.0,14.5,3,-295.940,0.547,610.904
5469.1,42.64,85.8,0.0,9.8,3,-295.200,0.523,613.338
5469.1,42.91,85.9,0.0,5.7,3,-294.671,0.506,614.965
5469.1,43.28,76.8,0.0,-0.6,3,-293.825,0.476,617.408
5469.1,43.51,75.1,0.0,-5.2,3,-293.227,0.456,619.037
5477.6,43.93,83.7,0.0,-4.5,3,-292.287,0.422,621.484
5477.6,44.19,86.1,0.0,-1.4,3,-291.632,0.400,623.119
5477.6,44.68,86.1,0.0,2.8,3,-290.619,0.366,625.585
5477.6,44.99,86.1,0.0,4.4,3,-289.927,0.342,627.237
5486.4,45.35,86.4,0.0,5.9,3,-288.866,0.303,629.731
5486.4,45.70,86.3,0.0,5.4,3,-288.144,0.275,631.401
5486.4,45.99,86.8,0.0,3.8,3,-287.040,0.229,633.920
5486.4,46.18,35.9,0.0,1.0,3,-286.290,0.195,635.604
5495.5,46.44,74.7,0.0,-1.0,3,-285.142,0.138,638.132
5495.5,46.69,86.2,0.0,0.4,3,-284.357,0.103,639.820
5495.5,47.12,86.5,0.0,3.4,3,-283.154,0.057,642.361
5495.5,47.52,86.6,0.0,5.8,3,-281.925,0.014,644.918
5504.8,47.81,86.7,0.0,5.2,3,-281.089,-0.015,646.631
5504.8,48.24,86.8,0.0,3.8,3,-279.810,-0.055,649.211
5504.8,48.49,86.9,0.0,2.9,3,-278.940,-0.082,650.938
5504.8,48.62,0.0,0.0,2.2,0,-277.614,-0.126,653.534
5514.4,48.74,85.0,0.0,1.9,4,-276.718,-0.152,655.261
5514.4,49.08,85.2,0.0,2.4,4,-275.348,-0.181,657.856
5514.4,49.30,85.3,0.0,2.8,4,-274.420,-0.197,659.591
5514.4,49.70,85.1,0.0,3.2,4,-273.004,-0.221,662.201
5524.2,49.93,85.1,0.0,3.9,4,-272.044,-0.231,663.947
5524.2,50.24,85.5,0.0,5.2,4,-270.582,-0.242,666.572
5524.2,50.48,85.5,0.0,4.1,4,-269.594,-0.253,668.326
5524.2,50.86,85.4,0.0,3.9,4,-268.083,-0.272,670.964
5534.3,51.09,85.4,0.0,3.8,4,-267.054,-0.285,672.724
5534.3,51.45,85.5,0.0,4.2,4,-265.480,-0.302,675.365
5534.3,51.80,85.6,0.0,4.6,4,-263.869,-0.318,678.010
5534.3,52.03,85.6,0.0,4.7,4,-262.777,-0.327,679.775
5544.6,52.38,85.7,0.0,4.7,4,-261.109,-0.340,682.425
5544.6,52.60,85.8,0.0,5.0,4,-259.977,-0.346,684.193
5544.6,52.95,85.8,0.0,4.7,4,-258.251,-0.354,686.847
5544.6,53.18,85.9,0.0,3.7,4,-257.079,-0.358,688.616
5555.0,53.51,86.0,0.0,2.9,4,-255.293,-0.362,691.271
5555.0,53.74,86.0,0.0,2.1,4,-254.085,-0.366,693.043
5555.0,54.08,86.0,0.0,2.1,4,-252.247,-0.371,695.704
5555.0,54.30,86.1,0.0,1.5,4,-251.007,-0.374,697.481
5565.7,54.64,86.2,0.0,2.0,4,-249.126,-0.380,700.153
5565.7,54.86,86.2,0.0,2.4,4,-247.860,-0.385,701.939
5565.7,55.18,86.3,0.0,2.8,4,-245.940,-0.393,704.624
5565.7,55.40,86.3,0.0,3.0,4,-244.646,-0.398,706.418
5576.6,55.73,86.4,0.0,3.2,4,-242.685,-0.406,709.113
5576.6,56.05,86.4,0.0,3.4,4,-240.695,-0.413,711.811
5576.6,56.26,86.5,0.0,3.6,4,-239.352,-0.417,713.611
5587.7,56.57,86.5,0.0,3.8,4,-237.311,-0.421,716.311
5587.7,56.78,86.6,0.0,3.9,4,-235.933,-0.423,718.110
5587.7,57.09,86.6,0.0,4.2,4,-233.838,-0.426,720.808
5587.7,57.30,86.6,0.0,4.4,4,-232.422,-0.427,722.604
5599.1,57.60,86.7,0.0,4.5,4,-230.270,-0.429,725.295
5599.1,57.80,86.8,0.0,4.6,4,-228.814,-0.430,727.085
5599.1,58.09,86.8,0.0,4.7,4,-226.600,-0.429,729.765
5599.1,58.27,86.8,0.0,4.9,4,-225.103,-0.427,731.546
5610.9,58.57,86.9,0.0,5.1,4,-222.826,-0.424,734.210
5610.9,58.76,86.9,0.0,5.0,4,-221.287,-0.420,735.981
5610.9,59.03,86.9,0.0,5.2,4,-218.945,-0.412,738.627
5610.9,59.21,87.0,0.0,5.2,4,-217.363,-0.404,740.384
5622.8,59.49,87.1,0.0,5.0,0,-214.957,-0.389,743.008
5622.8,59.45,85.3,0.0,4.7,5,-212.518,-0.371,745.613
5622.8,59.61,85.4,0.0,4.3,5,-210.875,-0.358,747.336
5622.8,59.86,85.4,0.0,4.2,5,-208.380,-0.336,749.908
5635.0,60.04,85.4,0.0,4.2,5,-206.696,-0.321,751.615
5635.0,60.29,85.5,0.0,4.4,5,-204.140,-0.295,754.163
5635.0,60.46,85.5,0.0,4.6,5,-202.417,-0.277,755.854
5635.0,60.71,85.5,0.0,4.9,5,-199.804,-0.250,758.380
5647.3,60.87,85.6,0.0,4.9,5,-198.044,-0.233,760.058
5647.3,61.12,85.6,0.0,4.5,5,-195.376,-0.211,762.561
5647.3,61.28,85.7,0.0,4.6,5,-193.577,-0.196,764.221
5647.3,61.53,85.7,0.0,5.1,5,-190.852,-0.181,766.699
5659.8,61.69,85.8,0.0,5.1,5,-189.016,-0.175,768.343
5659.8,61.94,85.7,0.0,4.7,5,-186.232,-0.169,770.793
5659.8,62.17,85.8,0.0,4.4,5,-183.412,-0.163,773.223
5659.8,62.33,85.8,0.0,4.4,5,-181.512,-0.159,774.832
5672.4,62.81,86.0,0.0,5.3,5,-175.714,-0.146,779.600
5672.4,62.97,86.0,0.0,5.6,5,-173.750,-0.144,781.172
5672.4,63.20,86.0,0.0,6.1,5,-170.774,-0.142,783.510
5685.2,63.35,86.0,0.0,6.3,5,-168.770,-0.144,785.056
5685.2,63.58,86.1,0.0,6.4,5,-165.732,-0.147,787.351
5685.2,63.72,86.1,0.0,6.2,5,-163.684,-0.146,788.863
5685.2,63.95,86.2,0.0,6.2,5,-160.579,-0.145,791.105
5698.1,64.10,86.2,0.0,6.6,5,-158.486,-0.143,792.581
5698.1,64.32,86.3,0.0,6.6,5,-155.316,-0.141,794.768
5698.1,64.54,86.3,0.0,6.1,5,-152.105,-0.141,796.921
5698.1,64.68,86.3,0.0,5.6,5,-149.943,-0.138,798.336
5711.3,64.89,86.3,0.0,5.4,5,-146.667,-0.131,800.426
5711.3,65.03,86.4,0.0,6.1,5,-144.461,-0.126,801.800
5711.3,65.26,86.3,0.0,6.7,5,-141.124,-0.122,803.835
5711.3,65.40,86.4,0.0,7.2,5,-138.879,-0.120,805.172
5724.6,65.60,86.5,0.0,7.0,5,-135.481,-0.118,807.146
5724.6,65.72,86.5,0.0,6.5,5,-133.196,-0.116,808.440
5724.6,65.92,86.6,0.0,7.0,5,-129.737,-0.114,810.348
5724.6,66.09,86.5,0.0,6.6,5,-127.411,-0.113,811.596
5737.9,66.27,86.6,0.0,6.8,5,-123.890,-0.110,813.430
5737.9,66.40,86.6,0.0,7.5,5,-121.522,-0.108,814.628
5737.9,66.61,86.6,0.0,7.2,5,-117.941,-0.106,816.385
5737.9,66.74,86.6,0.0,7.7,5,-115.532,-0.103,817.531
5751.4,66.93,86.6,0.0,7.9,5,-111.891,-0.100,819.208
5751.4,67.05,86.7,0.0,8.3,5,-109.444,-0.098,820.299
5751.4,67.24,86.7,0.0,8.5,5,-105.744,-0.092,821.893
5765.0,67.42,86.7,0.0,8.0,5,-102.010,-0.086,823.433
5765.0,67.55,86.7,0.0,7.9,5,-99.502,-0.082,824.430
5765.0,67.73,86.7,0.0,7.5,5,-95.712,-0.076,825.881
5765.0,67.85,86.8,0.0,7.7,5,-93.167,-0.071,826.816
5778.5,68.02,86.8,0.0,8.1,5,-89.325,-0.065,828.174
5778.5,68.13,86.8,0.0,7.8,5,-86.746,-0.062,829.048
5778.5,68.31,86.8,0.0,7.4,5,-82.853,-0.056,830.311
5778.5,68.42,86.8,0.0,7.5,5,-80.241,-0.052,831.120
5792.1,68.58,86.9,0.0,7.4,5,-76.300,-0.045,832.286
5792.1,68.71,86.9,0.0,7.4,5,-73.657,-0.040,833.032
5792.1,68.88,86.9,0.0,7.9,5,-69.671,-0.033,834.103
5792.1,68.99,86.9,0.0,6.7,5,-67.000,-0.028,834.785
5805.7,69.16,86.9,0.0,5.4,5,-62.972,-0.018,835.760
5805.7,69.28,86.9,0.0,4.8,5,-60.274,-0.011,836.380
5805.7,69.45,87.0,0.0,4.3,5,-56.208,0.002,837.265
5805.7,69.62,87.0,0.0,4.1,5,-52.121,0.018,838.105
5819.5,69.74,87.0,0.0,4.1,0,-49.386,0.031,838.641
5819.5,69.65,85.8,0.0,3.6,6,-45.276,0.052,839.411
5819.5,69.76,85.8,0.0,3.2,6,-42.531,0.068,839.903
5819.5,69.94,85.8,0.0,3.2,6,-38.401,0.091,840.611
5833.4,70.05,85.9,0.0,3.6,6,-35.639,0.106,841.065
5833.4,70.22,85.9,0.0,3.9,6,-31.482,0.130,841.717
5833.4,70.33,85.9,0.0,3.5,6,-28.702,0.146,842.134
5833.4,70.50,85.9,0.0,2.7,6,-24.520,0.173,842.733
5847.5,70.62,86.0,0.0,2.7,6,-21.724,0.193,843.115
5847.5,70.79,86.0,0.0,2.1,6,-17.518,0.223,843.665
5847.5,70.89,86.0,0.0,0.8,6,-14.707,0.240,844.017
5847.5,71.08,86.0,0.0,-0.0,6,-10.478,0.266,844.526
5861.7,71.42,86.0,0.0,0.1,6,-1.986,0.325,845.507
5861.7,71.57,86.1,0.0,-0.2,6,2.276,0.352,845.989
5861.7,71.70,86.1,0.0,-0.4,6,5.123,0.366,846.310
6.8,71.85,86.1,0.0,-0.0,6,9.402,0.394,846.794
