opponent,v3,Neel Jani,0,1771612370736
Game,version,date,track,car,event,laptime [s],S1 [s],S2 [s],S3 [s],S4+ [s]
LMU,1.2,2026-02-20 18:32:50,Silverstone Grand Prix Circuit - ELMS,Proton Competition 2025 #99:LM (Hyper),Live,107.120,0,0,0
Tracklen [m],TotalLaps
5868.8,2
,
,
lapdistance [m],speed [m/s],throttle [%],brake [%],steer [%],gear [int],world_x [m],world_y [m],world_z [m]
48.5,72.69,90.8,0.0,0.1,6,52.339,0.714,851.525
48.5,72.78,90.8,0.0,0.1,6,55.230,0.741,851.849
48.5,72.93,90.9,0.0,0.2,6,59.574,0.779,852.333
63.0,73.02,90.9,0.0,0.2,6,62.475,0.805,852.654
63.0,73.15,91.0,0.0,0.2,6,66.833,0.846,853.135
63.0,73.24,91.0,0.0,0.6,6,69.743,0.875,853.454
63.0,73.38,91.1,0.0,0.5,6,74.115,0.918,853.932
77.7,73.48,91.1,0.0,0.1,6,77.035,0.944,854.247
77.7,73.61,91.1,0.0,0.3,6,81.422,0.981,854.717
77.7,73.69,91.1,0.0,0.2,6,84.351,1.004,855.027
77.7,73.83,91.2,0.0,-0.2,6,88.752,1.037,855.489
92.4,73.95,91.2,0.0,0.5,6,93.161,1.073,855.948
92.4,74.04,91.3,0.0,-0.2,6,96.105,1.096,856.253
92.4,74.17,91.3,0.0,-0.1,6,100.528,1.129,856.708
92.4,74.26,91.3,0.0,-0.2,6,103.481,1.149,857.010
107.2,74.39,91.4,0.0,0.4,6,107.917,1.180,857.465
107.2,74.48,91.4,0.0,0.4,6,110.879,1.201,857.767
107.2,74.60,91.5,0.0,-0.1,6,115.328,1.234,858.217
107.2,74.68,91.5,0.0,-0.2,6,118.298,1.257,858.517
122.1,74.81,91.5,0.0,-0.1,6,122.760,1.288,858.964
122.1,74.90,91.5,0.0,0.2,6,125.740,1.304,859.262
122.1,75.03,91.6,0.0,0.1,6,130.216,1.326,859.708
122.1,75.11,91.6,0.0,0.1,6,133.203,1.341,860.005
137.1,75.22,91.7,0.0,0.0,6,137.691,1.369,860.450
137.1,75.30,91.7,0.0,0.3,6,140.686,1.394,860.747
137.1,75.44,91.7,0.0,0.1,6,145.186,1.426,861.191
137.1,75.52,91.7,0.0,-0.0,6,148.191,1.445,861.485
152.2,75.64,91.8,0.0,0.0,6,152.704,1.472,861.926
152.2,75.76,91.8,0.0,0.2,6,157.224,1.498,862.366
152.2,75.84,91.8,0.0,0.3,6,160.241,1.514,862.659
152.2,75.95,91.9,0.0,0.2,6,164.773,1.541,863.099
167.3,76.03,91.9,0.0,0.1,6,167.799,1.561,863.392
167.3,76.16,91.9,0.0,-0.1,6,172.343,1.592,863.830
167.3,76.23,92.0,0.0,0.2,6,175.377,1.613,864.122
167.3,76.35,92.0,0.0,0.6,6,179.933,1.644,864.557
182.5,76.42,92.0,0.0,0.0,6,182.974,1.663,864.846
182.5,76.54,92.1,0.0,-0.6,6,187.543,1.691,865.278
182.5,76.62,92.1,0.0,-0.8,6,190.592,1.709,865.566
182.5,76.72,92.1,0.0,-0.7,6,195.171,1.738,866.001
197.9,76.84,92.2,0.0,-0.2,6,199.756,1.766,866.446
197.9,76.91,92.2,0.0,-0.2,6,202.816,1.784,866.748
197.9,77.03,92.2,0.0,-0.2,6,207.411,1.810,867.209
197.9,77.10,92.2,0.0,-0.2,6,210.478,1.825,867.521
213.2,77.20,92.3,0.0,0.0,6,215.082,1.851,867.995
213.2,77.27,92.3,0.0,0.3,6,218.155,1.871,868.314
213.2,77.38,92.3,0.0,0.4,6,222.770,1.904,868.795
213.2,77.46,92.3,0.0,0.3,6,225.850,1.926,869.116
228.7,77.57,92.4,0.0,0.3,6,230.475,1.957,869.595
228.7,77.63,92.4,0.0,0.4,6,233.563,1.980,869.911
228.7,77.50,9.6,30.4,0.6,6,238.196,2.016,870.379
228.7,77.04,0.0,65.6,0.7,6,241.274,2.038,870.685
244.2,75.93,0.0,85.0,0.8,6,245.846,2.064,871.134
244.2,75.08,0.0,88.7,0.9,6,248.854,2.079,871.423
244.2,73.77,0.0,91.5,1.1,6,253.302,2.103,871.841
259.1,72.42,0.0,91.3,1.4,6,257.672,2.126,872.236
259.1,71.53,0.0,91.8,1.5,6,260.542,2.143,872.487
259.1,70.19,0.0,91.7,2.0,6,264.782,2.166,872.839
259.1,69.31,0.0,92.1,2.0,6,267.565,2.182,873.056
273.2,67.98,0.0,92.3,1.6,6,271.676,2.202,873.353
273.2,67.10,0.0,92.4,1.7,6,274.373,2.214,873.531
273.2,65.77,0.0,92.2,1.9,6,278.355,2.230,873.767
273.2,64.89,0.0,91.8,2.1,6,280.967,2.239,873.901
286.3,63.59,0.0,84.9,2.5,6,284.820,2.254,874.064
286.3,62.79,0.0,76.6,3.0,6,287.348,2.262,874.148
286.3,61.71,32.8,63.1,2.6,0,291.083,2.274,874.232
286.3,61.07,0.0,53.1,2.5,5,293.539,2.284,874.256
298.6,60.31,0.0,26.8,4.3,5,297.181,2.300,874.243
298.6,59.96,0.0,20.1,5.5,5,299.586,2.309,874.202
298.6,59.52,0.0,18.1,7.0,5,303.170,2.326,874.085
298.6,59.12,0.0,10.2,8.1,5,306.724,2.344,873.902
310.4,58.90,0.0,7.0,8.1,5,309.079,2.358,873.742
310.4,58.62,0.0,5.5,8.6,5,312.593,2.380,873.444
310.4,58.44,0.0,3.2,9.2,5,314.922,2.395,873.207
310.4,58.20,2.1,0.0,10.1,5,318.397,2.417,872.792
321.9,58.06,2.4,0.0,10.5,5,320.701,2.431,872.476
321.9,57.84,0.2,4.2,11.4,5,324.137,2.452,871.940
321.9,57.66,0.0,3.3,12.2,5,326.413,2.466,871.542
321.9,57.40,0.0,5.0,12.6,5,329.802,2.484,870.885
333.4,57.21,0.0,1.7,12.7,5,332.044,2.495,870.406
333.4,56.96,3.2,0.5,12.3,5,335.379,2.511,869.623
333.4,56.85,23.5,0.0,12.1,5,337.584,2.522,869.058
333.4,56.74,34.1,0.0,12.2,5,340.866,2.539,868.144
345.1,56.71,42.4,0.0,12.9,5,343.039,2.549,867.491
345.1,56.67,36.8,0.0,14.8,5,346.276,2.564,866.446
345.1,56.57,27.2,0.0,17.6,5,349.483,2.580,865.324
345.1,56.49,22.7,0.0,18.4,5,351.602,2.590,864.534
356.9,56.35,17.0,0.0,18.8,5,354.750,2.607,863.288
356.9,56.23,13.1,0.0,18.9,5,356.826,2.619,862.416
356.9,56.04,9.0,0.0,18.0,5,359.905,2.638,861.050
356.9,55.93,27.7,0.0,17.3,5,361.933,2.650,860.099
368.6,55.94,66.1,0.0,16.3,5,364.941,2.668,858.614
368.6,56.01,75.4,0.0,16.0,5,366.928,2.680,857.582
368.6,56.09,61.3,0.0,16.3,5,369.881,2.697,855.973
368.6,56.15,71.3,0.0,16.8,5,371.829,2.709,854.859
380.6,56.30,84.9,0.0,17.8,5,374.724,2.727,853.127
380.6,56.42,85.3,0.0,18.1,5,376.635,2.739,851.932
380.6,56.59,85.5,0.0,18.3,5,379.475,2.757,850.081
380.6,56.72,85.5,0.0,18.4,5,381.349,2.769,848.808
392.4,56.89,85.6,0.0,18.5,5,384.133,2.784,846.842
392.4,57.01,85.8,0.0,18.4,5,385.968,2.794,845.493
392.4,57.17,85.9,0.0,17.6,5,388.688,2.810,843.411
392.4,57.34,80.1,0.0,16.5,5,391.365,2.827,841.258
404.5,57.42,75.6,0.0,16.3,5,393.125,2.838,839.786
404.5,57.46,43.5,0.0,15.9,5,395.726,2.854,837.524
404.5,57.44,44.3,0.0,15.5,5,397.430,2.865,835.982
404.5,57.37,31.1,5.1,14.8,5,399.936,2.883,833.619
416.3,57.21,5.3,24.5,14.3,5,401.573,2.894,832.013
416.3,56.71,0.0,17.0,12.6,5,403.967,2.911,829.573
416.3,56.43,9.3,1.5,10.8,5,405.521,2.922,827.928
416.3,56.42,80.0,0.0,7.7,5,407.794,2.938,825.422
427.8,56.54,85.7,0.0,7.1,5,409.279,2.948,823.720
427.8,56.74,85.8,0.0,7.5,5,411.467,2.959,821.120
427.8,56.87,85.9,0.0,7.9,5,412.898,2.966,819.355
427.8,57.07,86.0,0.0,9.5,5,415.000,2.978,816.660
439.0,57.29,86.1,0.0,11.3,5,417.052,2.992,813.911
439.0,57.42,86.2,0.0,12.3,5,418.396,2.999,812.052
439.0,57.63,86.3,0.0,14.2,5,420.373,3.009,809.224
439.0,57.75,86.4,0.0,14.4,5,421.662,3.017,807.310
450.2,57.93,86.6,0.0,13.4,5,423.546,3.032,804.396
450.2,58.06,86.6,0.0,12.2,5,424.770,3.043,802.425
450.2,58.24,86.8,0.0,10.2,5,426.552,3.063,799.426
450.2,58.37,86.9,0.0,9.6,5,427.704,3.079,797.399
461.5,58.56,86.9,0.0,9.2,5,429.381,3.102,794.319
461.5,58.69,87.0,0.0,9.3,5,430.463,3.119,792.239
461.5,58.88,86.5,0.0,9.8,5,432.036,3.145,789.083
461.5,59.01,86.6,0.0,9.7,5,433.053,3.160,786.956
473.1,59.20,87.3,0.0,8.0,5,434.529,3.184,783.732
473.1,59.32,87.5,0.0,7.6,5,435.479,3.203,781.560
473.1,59.52,86.3,0.0,6.5,5,436.857,3.233,778.273
484.9,59.62,73.9,0.0,2.8,5,438.181,3.259,774.954
484.9,59.74,58.0,0.0,-1.3,5,439.041,3.269,772.726
484.9,59.91,86.7,0.0,-4.8,5,440.280,3.281,769.358
484.9,60.03,87.8,0.0,-3.6,5,441.069,3.295,767.093
496.7,60.24,87.8,0.0,1.3,5,442.199,3.326,763.668
496.7,60.38,87.9,0.0,3.7,5,442.928,3.347,761.369
496.7,60.56,71.9,0.0,4.9,5,443.997,3.377,757.902
496.7,60.68,73.2,0.0,4.5,5,444.694,3.395,755.579
508.6,60.88,88.1,0.0,2.5,5,445.714,3.417,752.079
508.6,61.01,88.2,0.0,1.0,5,446.375,3.433,749.733
508.6,61.23,88.3,0.0,1.2,5,447.341,3.461,746.195
508.6,61.41,87.6,0.0,1.9,5,447.971,3.480,743.825
520.7,61.60,87.9,0.0,3.5,5,448.895,3.516,740.253
520.7,61.79,88.6,0.0,3.9,5,449.498,3.540,737.860
520.7,61.99,88.7,0.0,3.5,5,450.382,3.566,734.254
520.7,62.22,88.8,0.0,2.5,5,451.229,3.590,730.625
533.1,62.35,88.8,0.0,2.3,5,451.769,3.608,728.193
533.1,62.58,88.8,0.0,1.9,5,452.543,3.635,724.526
533.1,62.72,88.9,0.0,1.9,5,453.036,3.653,722.070
533.1,62.92,89.0,0.0,2.6,5,453.741,3.683,718.368
545.5,63.07,89.1,0.0,2.9,5,454.191,3.702,715.890
545.5,63.28,89.2,0.0,2.7,5,454.842,3.727,712.156
545.5,63.42,89.2,0.0,1.9,5,455.259,3.742,709.657
545.5,63.63,89.3,0.0,1.4,5,455.859,3.770,705.893
558.2,63.77,89.3,0.0,0.9,5,456.244,3.791,703.375
558.2,63.99,89.4,0.0,0.9,5,456.804,3.821,699.584
558.2,64.13,89.5,0.0,0.6,5,457.168,3.841,697.048
558.2,64.41,89.6,0.0,0.6,5,457.876,3.886,691.956
570.9,64.55,89.6,0.0,0.7,5,458.222,3.907,689.400
570.9,64.76,89.7,0.0,0.7,5,458.734,3.940,685.555
570.9,64.90,89.7,0.0,0.7,5,459.070,3.962,682.984
570.9,65.11,89.8,0.0,0.7,5,459.568,3.994,679.116
583.7,65.25,89.9,0.0,0.8,5,459.894,4.016,676.530
583.7,65.45,89.9,0.0,0.8,5,460.377,4.049,672.639
583.7,65.59,90.0,0.0,0.7,5,460.694,4.071,670.038
583.7,65.79,90.1,0.0,0.7,5,461.162,4.104,666.125
596.7,65.99,90.1,0.0,0.8,5,461.621,4.137,662.198
596.7,66.13,90.2,0.0,0.8,5,461.921,4.158,659.573
596.7,66.32,90.2,0.0,0.9,5,462.362,4.191,655.625
596.7,66.45,90.3,0.0,0.9,5,462.651,4.214,652.986
609.9,66.65,90.4,0.0,1.0,5,463.074,4.249,649.016
609.9,66.78,90.4,0.0,1.0,5,463.349,4.271,646.362
609.9,66.97,90.5,0.0,1.0,5,463.753,4.304,642.370
609.9,67.10,90.5,0.0,0.9,5,464.014,4.325,639.702
623.2,67.29,90.6,0.0,0.9,5,464.396,4.358,635.689
623.2,67.42,90.6,0.0,0.9,5,464.643,4.381,633.007
623.2,67.60,90.7,0.0,0.9,5,465.004,4.414,628.972
623.2,67.73,90.7,0.0,0.9,5,465.236,4.436,626.276
636.7,67.92,90.8,0.0,0.8,5,465.575,4.467,622.221
636.7,68.10,90.9,0.0,0.6,5,465.900,4.499,618.154
636.7,68.22,90.9,0.0,0.7,5,466.110,4.520,615.436
650.3,68.41,91.0,0.0,0.6,5,466.416,4.553,611.350
650.3,68.53,91.0,0.0,0.5,5,466.614,4.574,608.618
650.3,68.71,91.1,0.0,0.5,5,466.902,4.607,604.512
650.3,68.83,91.1,0.0,0.5,5,467.089,4.628,601.768
664.1,69.01,91.2,0.0,0.4,5,467.362,4.660,597.642
664.1,69.13,91.2,0.0,0.5,5,467.540,4.681,594.886
664.1,69.30,91.3,0.0,0.5,5,467.799,4.713,590.742
664.1,69.42,91.3,0.0,0.5,5,467.968,4.733,587.973
677.9,69.59,91.3,0.0,0.5,5,468.215,4.762,583.810
677.9,69.71,91.4,0.0,-0.2,5,468.376,4.780,581.029
677.9,69.88,91.4,0.0,-0.2,5,468.612,4.806,576.848
677.9,69.99,91.5,0.0,0.1,5,468.768,4.823,574.055
691.9,70.16,91.5,0.0,0.1,5,469.000,4.845,569.858
691.9,70.33,91.6,0.0,-0.1,5,469.231,4.863,565.649
691.9,70.44,91.6,0.0,-0.2,5,469.385,4.875,562.839
691.9,70.60,91.7,0.0,0.2,5,469.617,4.891,558.614
706.0,70.71,91.7,0.0,0.2,0,469.772,4.902,555.792
706.0,70.62,90.8,0.0,-0.2,6,470.004,4.916,551.559
706.0,70.73,90.8,0.0,-0.0,6,470.159,4.925,548.736
706.0,70.88,90.9,0.0,-0.4,6,470.391,4.935,544.494
720.3,70.99,90.9,0.0,-0.3,6,470.547,4.941,541.662
720.3,71.14,91.0,0.0,-0.1,6,470.784,4.947,537.405
720.3,71.24,91.0,0.0,0.1,6,470.943,4.950,534.562
720.3,71.40,91.0,0.0,0.6,6,471.185,4.954,530.290
734.6,71.50,91.1,0.0,0.7,6,471.346,4.956,527.437
734.6,71.65,91.1,0.0,0.4,6,471.585,4.954,523.149
734.6,71.75,91.2,0.0,0.1,6,471.741,4.952,520.285
734.6,71.90,91.2,0.0,0.0,6,471.971,4.947,515.982
749.0,72.06,91.2,0.0,0.1,6,472.196,4.940,511.669
749.0,72.16,91.3,0.0,0.2,6,472.344,4.935,508.789
749.0,72.31,91.3,0.0,0.2,6,472.565,4.923,504.461
749.0,72.41,91.3,0.0,0.1,6,472.711,4.914,501.571
763.5,72.55,91.4,0.0,0.2,6,472.928,4.898,497.228
763.5,72.65,91.4,0.0,0.2,6,473.071,4.884,494.328
763.5,72.80,91.4,0.0,0.1,6,473.284,4.861,489.970
763.5,72.89,91.5,0.0,0.1,6,473.425,4.844,487.059
778.0,73.04,91.5,0.0,0.1,6,473.635,4.819,482.686
778.0,73.14,91.6,0.0,0.3,6,473.773,4.803,479.766
778.0,73.28,91.6,0.0,-0.5,6,473.979,4.780,475.379
778.0,73.37,91.6,0.0,-0.8,6,474.116,4.768,472.450
792.7,73.52,91.7,0.0,-1.2,6,474.325,4.750,468.048
792.7,73.61,91.7,0.0,-1.5,6,474.468,4.738,465.109
792.7,73.75,91.7,0.0,-1.9,6,474.697,4.718,460.695
792.7,73.84,91.8,0.0,-2.3,6,474.861,4.707,457.748
807.4,73.97,91.8,0.0,-2.9,6,475.131,4.689,453.322
807.4,74.11,91.8,0.0,-3.1,6,475.433,4.667,448.890
807.4,74.19,91.8,0.0,-3.1,6,475.657,4.650,445.933
807.4,74.31,91.9,0.0,-3.5,6,476.030,4.628,441.494
822.2,74.40,91.9,0.0,-4.1,6,476.305,4.613,438.533
822.2,74.52,91.9,0.0,-4.3,6,476.757,4.583,434.088
822.2,74.59,92.0,0.0,-4.4,6,477.090,4.564,431.125
822.2,74.70,92.0,0.0,-4.4,6,477.643,4.542,426.681
837.0,74.77,92.0,0.0,-4.7,6,478.048,4.531,423.719
837.0,74.89,92.1,0.0,-4.8,6,478.707,4.511,419.278
837.0,74.95,92.1,0.0,-4.7,6,479.184,4.498,416.320
837.0,75.06,92.1,0.0,-5.2,6,479.958,4.482,411.887
866.8,75.69,92.3,0.0,-6.7,6,486.899,4.296,382.559
881.7,75.75,92.3,0.0,-6.5,6,487.772,4.263,379.659
881.7,75.83,92.4,0.0,-6.2,6,489.148,4.212,375.325
881.7,75.88,92.4,0.0,-5.8,6,490.109,4.176,372.448
881.7,75.97,92.4,0.0,-5.6,6,491.618,4.120,368.149
897.0,76.05,92.4,0.0,-5.6,6,493.204,4.062,363.874
897.0,76.11,92.4,0.0,-5.2,6,494.306,4.024,361.038
897.0,76.20,92.5,0.0,-3.2,6,496.021,3.968,356.804
897.0,76.27,92.3,0.0,-1.3,6,497.205,3.930,353.994
912.6,76.34,70.3,1.5,1.0,6,499.029,3.873,349.795
912.6,76.21,10.0,19.1,1.9,6,500.270,3.836,347.007
912.6,75.76,0.0,18.9,2.2,6,502.142,3.785,342.849
912.6,75.43,0.0,40.2,2.4,6,503.383,3.748,340.091
928.2,74.68,0.0,56.3,2.5,6,505.218,3.685,335.976
928.2,74.07,0.0,57.0,2.4,6,506.416,3.643,333.252
928.2,73.15,0.0,51.8,2.3,6,508.163,3.589,329.194
928.2,72.58,0.0,46.3,2.9,6,509.293,3.560,326.507
943.3,71.81,0.0,42.7,3.9,6,510.937,3.520,322.498
943.3,71.32,0.0,43.4,3.6,6,511.997,3.494,319.838
943.3,70.57,0.0,38.5,3.9,6,513.531,3.457,315.866
957.6,69.88,0.0,46.1,4.2,6,514.994,3.426,311.913
957.6,69.32,0.0,59.9,4.8,6,515.929,3.407,309.289
957.6,68.36,0.0,59.7,5.2,6,517.264,3.383,305.378
957.6,67.72,0.0,56.3,4.7,6,518.107,3.370,302.790
971.0,66.83,0.0,46.2,5.0,6,519.302,3.355,298.933
971.0,66.29,0.0,42.7,5.5,6,520.052,3.345,296.377
971.0,65.55,0.0,40.9,5.5,6,521.107,3.331,292.564
971.0,65.07,0.0,36.8,5.7,6,521.763,3.320,290.034
983.7,64.60,53.0,0.0,5.9,6,522.677,3.304,286.256
983.7,64.63,73.4,0.0,6.7,6,523.240,3.292,283.734
983.7,64.32,0.7,38.5,8.4,6,524.019,3.273,279.939
983.7,63.85,0.0,33.5,9.3,6,524.490,3.261,277.418
997.1,63.30,0.8,3.9,7.9,6,525.122,3.247,273.657
997.1,63.15,61.7,0.0,6.8,6,525.494,3.240,271.156
997.1,63.04,7.9,26.1,4.1,6,525.984,3.232,267.400
997.1,62.67,0.0,12.3,5.1,6,526.392,3.230,263.650
1011.3,62.44,1.1,0.7,5.4,6,526.634,3.216,261.159
1011.3,62.14,40.0,0.0,4.8,6,526.935,3.190,257.433
1011.3,62.09,68.5,0.0,5.6,6,527.067,3.197,254.954
1011.3,62.09,82.0,0.0,5.4,6,527.199,3.216,251.232
1025.0,62.22,85.2,0.0,4.3,6,527.263,3.210,248.748
1025.0,62.32,44.3,0.0,5.9,6,527.307,3.190,245.008
1025.0,62.28,48.9,0.0,9.2,6,527.281,3.182,242.517
1025.0,62.11,4.5,3.2,12.4,6,527.159,3.179,238.786
1037.7,61.93,0.0,2.3,14.0,6,527.029,3.179,236.308
1037.7,61.65,0.0,1.0,15.1,6,526.763,3.183,232.610
1037.7,61.48,1.5,0.2,14.5,6,526.537,3.190,230.157
1037.7,61.24,0.0,0.0,12.5,6,526.122,3.206,226.499
1050.2,61.08,1.3,0.9,11.9,6,525.798,3.217,224.074
1050.2,60.82,0.0,2.0,8.6,6,525.242,3.234,220.459
1050.2,60.53,0.0,7.0,5.2,6,524.600,3.252,216.874
1050.2,60.31,0.0,4.6,3.8,6,524.125,3.266,214.504
1062.2,60.10,40.3,0.0,2.4,6,523.342,3.292,210.979
1062.2,60.15,81.1,0.0,2.2,6,522.777,3.310,208.642
1062.2,60.31,84.2,0.0,3.2,6,521.869,3.340,205.144
1062.2,60.43,84.3,0.0,3.6,6,521.230,3.360,202.816
1074.1,60.61,84.5,0.0,2.5,6,520.232,3.390,199.325
1074.1,60.73,84.6,0.0,1.2,6,519.545,3.410,196.998
1074.1,60.92,84.7,0.0,-0.2,6,518.492,3.441,193.504
1074.1,61.04,84.8,0.0,-1.3,6,517.778,3.461,191.172
1098.7,60.48,27.1,81.9,-4.3,0,511.211,3.608,168.773
1111.1,59.31,0.0,84.4,-2.2,5,510.311,3.624,165.291
1111.1,58.51,0.0,80.7,-1.6,5,509.742,3.635,163.003
1111.1,57.38,0.0,72.0,-2.2,5,508.940,3.649,159.618
1111.1,56.66,0.0,68.9,-1.7,5,508.440,3.659,157.392
1122.6,55.65,0.0,62.2,-2.3,5,507.747,3.674,154.093
1122.6,55.04,0.0,57.2,-3.3,5,507.321,3.685,151.919
1122.6,54.20,0.0,42.6,-4.5,5,506.735,3.699,148.694
1122.6,53.75,0.0,31.9,-5.0,5,506.380,3.708,146.563
1133.7,53.25,0.0,15.0,-6.8,5,505.900,3.721,143.390
1133.7,52.93,0.0,5.5,-8.6,5,505.482,3.730,140.232
1133.7,52.77,0.0,2.7,-9.6,5,505.239,3.734,138.131
1133.7,52.57,0.0,2.5,-10.9,5,504.928,3.738,134.986
1145.0,52.42,0.0,6.7,-11.6,5,504.757,3.738,132.893
1145.0,52.18,0.0,1.9,-12.8,5,504.555,3.735,129.761
1145.0,52.04,1.3,4.0,-13.8,5,504.456,3.729,127.678
1145.0,51.81,1.3,0.3,-13.1,5,504.367,3.714,124.564
1155.9,51.67,7.9,7.3,-11.8,5,504.352,3.705,122.494
1155.9,51.41,34.5,6.6,-9.3,0,504.400,3.695,119.402
1155.9,51.22,0.0,1.8,-7.3,4,504.481,3.694,117.351
1155.9,51.05,25.0,0.0,-3.5,4,504.662,3.691,114.289
1166.7,50.99,23.8,0.0,-3.1,4,504.828,3.690,112.254
1166.7,50.87,14.6,0.0,-3.3,4,505.131,3.682,109.213
1166.7,50.80,17.4,0.0,-3.4,4,505.369,3.671,107.193
1166.7,50.69,33.3,0.0,-4.9,4,505.804,3.668,104.180
1177.4,50.65,19.0,0.0,-5.0,4,506.310,3.661,101.183
1177.4,50.54,5.1,0.0,-6.0,4,506.684,3.653,99.193
1177.4,50.35,6.6,0.0,-7.3,4,507.298,3.632,96.229
1177.4,50.22,16.7,0.0,-9.2,4,507.751,3.620,94.269
1188.1,50.09,8.2,0.0,-9.7,4,508.485,3.597,91.350
1188.1,49.97,9.1,0.0,-10.5,4,509.014,3.580,89.420
1188.1,49.78,6.7,0.0,-12.7,4,509.872,3.554,86.553
1188.1,49.67,9.8,0.0,-15.4,4,510.484,3.537,84.660
1198.6,49.51,5.7,0.0,-19.2,4,511.455,3.504,81.847
1198.6,49.40,8.7,0.0,-21.5,4,512.138,3.481,79.991
1198.6,49.24,11.6,0.0,-24.0,4,513.215,3.442,77.235
1198.6,49.14,11.7,0.0,-24.6,4,513.968,3.414,75.417
1208.9,48.98,12.9,0.0,-24.5,4,515.149,3.371,72.721
1208.9,48.93,38.6,0.0,-23.1,4,515.973,3.342,70.945
1208.9,49.04,75.1,0.0,-20.2,4,517.267,3.299,68.309
1208.9,49.20,83.9,0.0,-17.3,4,518.171,3.272,66.565
1218.9,49.46,84.0,0.0,-13.3,4,519.592,3.234,63.970
1218.9,49.74,84.1,0.0,-8.8,4,521.091,3.202,61.400
1218.9,49.92,84.1,0.0,-5.4,4,522.130,3.182,59.700
1218.9,49.92,7.5,30.8,-0.7,4,523.740,3.153,57.170
1228.8,49.59,0.0,56.8,0.7,4,524.835,3.133,55.507
1228.8,48.70,0.0,74.2,4.1,4,526.481,3.105,53.056
1228.8,48.02,0.0,80.5,5.9,4,527.567,3.088,51.454
1228.8,46.91,0.0,85.6,7.0,4,529.162,3.062,49.091
1238.5,46.14,0.0,88.0,6.8,4,530.197,3.043,47.543
1238.5,44.95,0.0,89.7,6.2,4,531.698,3.016,45.257
1238.5,44.17,35.1,90.7,5.6,0,532.661,2.998,43.755
1238.5,43.08,0.0,52.0,4.5,3,534.048,2.972,41.534
1247.4,42.54,0.0,24.8,3.8,3,534.934,2.954,40.069
1247.4,42.14,0.0,7.0,3.8,3,536.207,2.926,37.871
1247.4,41.91,0.0,2.7,6.7,3,537.415,2.896,35.659
1247.4,41.79,0.0,2.0,10.0,3,538.188,2.875,34.174
1264.1,41.27,62.5,0.0,15.1,3,543.919,2.664,20.454
1272.7,41.50,51.7,0.0,17.1,3,544.651,2.628,18.082
1272.7,41.56,27.3,0.0,19.0,3,545.104,2.603,16.484
1272.7,41.42,0.3,0.7,21.7,3,545.730,2.564,14.073
1272.7,41.29,3.6,1.4,22.6,3,546.108,2.538,12.463
1281.7,41.16,29.6,0.0,22.3,3,546.613,2.498,10.043
1281.7,41.28,57.1,0.0,20.4,3,547.044,2.461,7.609
1281.7,41.42,54.7,0.0,20.4,3,547.292,2.437,5.974
1281.7,41.57,51.7,0.0,21.0,3,547.607,2.398,3.506
1290.8,41.67,46.1,0.0,21.8,3,547.781,2.370,1.850
1290.8,41.76,45.4,0.0,23.1,3,547.982,2.327,-0.644
1290.8,41.84,51.5,0.0,23.6,3,548.076,2.297,-2.312
1290.8,42.06,70.7,0.0,24.4,3,548.158,2.253,-4.826
1299.9,42.27,82.6,0.0,25.2,3,548.174,2.223,-6.512
1299.9,42.64,84.6,0.0,26.4,3,548.143,2.176,-9.058
1299.9,42.88,84.7,0.0,26.9,3,548.087,2.142,-10.767
1299.9,43.22,73.8,0.0,27.2,3,547.947,2.090,-13.345
1308.9,43.35,53.5,0.0,27.2,3,547.812,2.055,-15.071
1308.9,43.47,56.5,0.0,27.5,3,547.543,2.005,-17.661
1308.9,43.56,53.7,0.0,27.8,3,547.319,1.973,-19.387
1308.9,43.68,46.7,0.0,27.3,3,546.915,1.928,-21.972
1318.7,43.73,46.2,0.0,27.4,3,546.601,1.900,-23.691
1318.7,43.80,49.8,0.0,26.3,3,546.062,1.863,-26.261
1318.7,43.96,62.8,0.0,25.8,3,545.443,1.828,-28.819
1318.7,44.08,62.5,0.0,24.9,3,544.987,1.807,-30.519
1328.4,44.31,74.5,0.0,25.8,3,544.237,1.776,-33.061
1328.4,44.52,81.9,0.0,27.7,3,543.697,1.754,-34.753
1328.4,44.82,73.4,0.0,30.3,3,542.828,1.720,-37.288
1328.4,44.96,61.9,0.0,32.0,3,542.208,1.696,-38.973
1338.1,45.05,40.8,0.0,33.3,3,541.215,1.663,-41.485
1338.1,45.04,34.0,0.0,33.2,3,540.511,1.644,-43.143
1338.1,45.03,35.4,0.0,32.6,3,539.396,1.617,-45.604
1338.1,45.07,49.6,0.0,32.6,3,538.614,1.600,-47.227
1347.6,45.22,59.9,0.0,32.3,3,537.387,1.573,-49.641
1347.6,45.28,43.3,0.0,31.6,3,536.531,1.555,-51.236
1347.6,45.30,39.4,0.0,30.1,3,535.188,1.531,-53.599
1347.6,45.34,45.4,0.0,28.0,3,533.778,1.509,-55.923
1357.0,45.40,51.4,0.0,26.3,3,532.800,1.494,-57.451
1357.0,45.54,62.3,0.0,23.9,3,531.279,1.473,-59.715
1357.0,45.68,73.7,0.0,22.3,3,530.227,1.458,-61.205
1357.0,45.99,83.2,0.0,19.5,3,528.595,1.434,-63.418
1366.2,46.20,85.0,0.0,17.1,3,527.470,1.417,-64.878
1366.2,46.54,85.6,0.0,13.6,3,525.727,1.388,-67.046
1366.2,46.76,85.6,0.0,11.0,3,524.528,1.368,-68.474
1366.2,47.10,85.7,0.0,7.1,3,522.674,1.335,-70.592
1375.4,47.32,85.8,0.0,5.0,3,521.401,1.313,-71.987
1375.4,47.67,85.8,0.0,2.4,3,519.438,1.278,-74.051
1375.4,47.91,85.8,0.0,1.5,3,518.095,1.255,-75.410
1375.4,48.28,85.8,0.0,2.3,3,516.030,1.218,-77.424
1394.3,50.46,86.7,0.0,6.9,0,502.606,0.981,-89.063
1404.2,50.44,84.7,0.0,5.6,4,500.213,0.938,-90.916
1404.2,50.76,84.9,0.0,3.5,4,497.783,0.893,-92.734
1404.2,50.98,85.0,0.0,2.3,4,496.137,0.862,-93.930
1404.2,51.30,85.2,0.0,2.8,4,493.636,0.816,-95.704
1414.3,51.52,85.3,0.0,3.1,4,491.947,0.786,-96.876
1414.3,51.84,85.5,0.0,2.9,4,489.384,0.744,-98.620
1414.3,52.05,85.6,0.0,2.1,4,487.658,0.717,-99.776
1414.3,52.38,85.8,0.0,0.9,4,485.044,0.680,-101.502
1424.7,52.59,85.9,0.0,0.2,4,483.286,0.656,-102.649
1424.7,52.92,86.1,0.0,-0.5,4,480.630,0.622,-104.370
1424.7,53.13,86.2,0.0,-0.8,4,478.848,0.599,-105.519
1424.7,53.46,86.3,0.0,-1.5,4,476.161,0.566,-107.250
1435.4,53.66,86.4,0.0,-2.5,4,474.362,0.544,-108.412
1435.4,53.98,86.7,0.0,-3.3,4,471.655,0.509,-110.172
1435.4,54.31,86.7,0.0,-2.8,4,468.942,0.477,-111.958
1435.4,54.49,86.9,0.0,-3.2,4,467.134,0.459,-113.167
1446.5,54.80,87.0,0.0,-3.5,4,464.421,0.435,-115.008
1446.5,55.02,87.0,0.0,-4.1,4,462.612,0.419,-116.254
1446.5,55.31,87.2,0.0,-5.5,4,459.904,0.398,-118.157
1446.5,55.51,87.4,0.0,-6.0,4,458.102,0.383,-119.445
1457.9,55.81,87.3,0.0,-6.3,4,455.403,0.351,-121.412
1457.9,55.99,87.5,0.0,-7.0,4,453.613,0.329,-122.752
1457.9,56.26,87.6,0.0,-7.3,4,450.944,0.297,-124.804
1457.9,56.46,87.7,0.0,-7.1,4,449.178,0.279,-126.206
1481.5,58.15,88.4,0.0,-5.2,4,432.996,0.187,-140.750
1481.5,58.33,88.5,0.0,-5.2,4,431.348,0.183,-142.395
1493.4,58.60,88.6,0.0,-4.7,4,428.894,0.175,-144.901
1493.4,58.77,88.7,0.0,-4.5,4,427.271,0.171,-146.596
1493.4,59.03,88.8,0.0,-4.4,4,424.857,0.165,-149.176
1493.4,59.20,88.9,0.0,-4.5,4,423.262,0.163,-150.921
1505.5,59.46,89.0,0.0,-4.5,4,420.891,0.164,-153.576
1505.5,59.63,89.0,0.0,-4.8,4,419.325,0.167,-155.370
1505.5,59.87,89.2,0.0,-5.0,4,416.998,0.174,-158.097
1505.5,60.05,89.2,0.0,-4.8,4,415.460,0.175,-159.937
1517.4,60.30,89.3,0.0,-4.9,4,413.175,0.173,-162.732
1517.4,60.54,89.4,0.0,-4.9,4,410.920,0.168,-165.569
1517.4,60.70,89.5,0.0,-5.1,4,409.433,0.163,-167.484
1529.3,60.94,89.6,0.0,-5.9,4,407.229,0.150,-170.392
1529.3,61.09,89.6,0.0,-6.1,0,405.778,0.140,-172.355
1529.3,61.02,88.4,0.0,-3.9,5,403.640,0.125,-175.330
1529.3,61.17,88.5,0.0,-3.5,5,402.239,0.114,-177.331
1541.4,61.40,88.6,0.0,-3.0,5,400.165,0.093,-180.367
1541.4,61.55,88.6,0.0,-3.1,5,398.802,0.079,-182.413
1541.4,61.77,88.7,0.0,-3.0,5,396.782,0.057,-185.512
1541.4,61.92,88.8,0.0,-2.8,5,395.451,0.042,-187.597
1553.8,62.15,88.8,0.0,-2.4,5,393.475,0.021,-190.751
1553.8,62.30,88.9,0.0,-2.2,5,392.170,0.010,-192.870
1553.8,62.53,89.0,0.0,-1.6,5,390.230,-0.005,-196.072
1553.8,62.68,89.1,0.0,-1.3,5,388.947,-0.014,-198.222
1566.2,62.91,89.1,0.0,-2.4,5,387.034,-0.025,-201.467
1566.2,63.13,89.2,0.0,-2.3,5,385.136,-0.033,-204.737
1566.2,63.28,89.3,0.0,-2.6,5,383.880,-0.036,-206.931
1566.2,63.50,89.4,0.0,-2.3,5,382.011,-0.041,-210.242
1578.9,63.64,89.4,0.0,-2.0,5,380.775,-0.045,-212.464
1578.9,63.86,89.5,0.0,-0.1,5,378.936,-0.050,-215.818
1578.9,64.01,89.5,0.0,0.5,5,377.719,-0.053,-218.067
1578.9,64.23,89.6,0.0,0.2,5,375.898,-0.058,-221.456
1591.7,64.38,89.7,0.0,-0.2,5,374.685,-0.060,-223.723
1591.7,64.59,89.8,0.0,-0.5,5,372.863,-0.061,-227.136
1591.7,64.74,89.8,0.0,-0.4,5,371.647,-0.062,-229.419
1591.7,64.96,89.9,0.0,-0.3,5,369.820,-0.065,-232.854
1604.6,65.10,89.9,0.0,-0.3,5,368.602,-0.067,-235.152
1604.6,65.30,90.0,0.0,-0.4,5,366.772,-0.074,-238.609
1604.6,65.45,90.0,0.0,-0.5,5,365.552,-0.080,-240.922
1604.6,65.65,90.1,0.0,-0.7,5,363.722,-0.091,-244.403
1617.7,65.87,90.2,0.0,-0.8,5,361.891,-0.104,-247.898
1617.7,66.01,90.2,0.0,-0.7,5,360.671,-0.113,-250.236
1617.7,66.21,90.3,0.0,-0.7,5,358.844,-0.128,-253.756
1617.7,66.34,90.3,0.0,-0.7,5,357.627,-0.138,-256.111
1630.9,66.55,90.4,0.0,-0.5,5,355.806,-0.153,-259.657
1630.9,66.68,90.5,0.0,-0.4,5,354.594,-0.163,-262.029
1630.9,66.88,90.5,0.0,-0.3,5,352.777,-0.179,-265.600
1630.9,67.02,90.6,0.0,-0.1,5,351.567,-0.189,-267.989
1644.2,67.22,90.6,0.0,0.1,5,349.752,-0.205,-271.584
1644.2,67.35,90.7,0.0,0.1,5,348.541,-0.216,-273.987
1644.2,67.54,90.7,0.0,0.2,5,346.722,-0.232,-277.602
1644.2,67.68,90.8,0.0,-0.0,5,345.508,-0.244,-280.017
1657.7,67.87,90.8,0.0,-0.1,5,343.682,-0.261,-283.650
1657.7,68.00,90.9,0.0,-0.1,5,342.462,-0.274,-286.078
1657.7,68.19,90.9,0.0,-0.0,5,340.628,-0.294,-289.729
1657.7,68.38,91.0,0.0,-0.5,5,338.789,-0.315,-293.390
1671.3,68.51,91.0,0.0,-0.7,5,337.562,-0.330,-295.837
1671.3,68.69,91.1,0.0,-0.4,5,335.720,-0.352,-299.518
1671.3,68.83,91.1,0.0,-0.3,5,334.492,-0.372,-301.978
1671.3,69.00,91.2,0.0,-0.1,5,332.652,-0.397,-305.681
1685.1,69.12,91.3,0.0,-0.2,5,331.426,-0.410,-308.156
1685.1,69.31,91.3,0.0,-0.3,5,329.587,-0.430,-311.879
1685.1,69.50,91.3,0.0,-0.4,5,327.746,-0.455,-315.614
1685.1,69.62,91.4,0.0,-0.3,5,326.519,-0.472,-318.111
1699.0,69.79,91.5,0.0,-0.2,5,324.676,-0.497,-321.865
1699.0,69.91,91.5,0.0,-0.1,5,323.447,-0.512,-324.374
1699.0,70.09,91.6,0.0,-0.1,5,321.602,-0.535,-328.146
1699.0,70.20,91.6,0.0,-0.1,5,320.371,-0.550,-330.667
1712.9,70.38,91.6,0.0,-0.1,5,318.522,-0.575,-334.457
1712.9,70.49,91.7,0.0,-0.1,5,317.288,-0.591,-336.990
1712.9,70.66,91.7,0.0,-0.1,5,315.434,-0.615,-340.797
1727.0,70.64,0.0,0.0,-0.1,0,313.580,-0.639,-344.611
1727.0,70.68,90.9,0.0,-0.1,6,312.345,-0.656,-347.152
1727.0,70.84,90.9,0.0,-0.1,6,310.491,-0.680,-350.972
1727.0,70.95,90.9,0.0,-0.0,6,309.254,-0.696,-353.523
1741.2,71.11,91.0,0.0,-0.1,6,307.395,-0.722,-357.358
1741.2,71.22,91.0,0.0,-0.1,6,306.155,-0.739,-359.920
1741.2,71.38,91.1,0.0,-0.1,6,304.292,-0.768,-363.771
1741.2,71.48,91.1,0.0,-0.1,6,303.049,-0.788,-366.343
1755.5,71.64,91.1,0.0,-0.1,6,301.182,-0.819,-370.209
1755.5,71.74,91.2,0.0,-0.1,6,299.936,-0.839,-372.791
1755.5,71.90,91.2,0.0,-0.1,6,298.064,-0.871,-376.672
1755.5,72.00,91.2,0.0,-0.1,6,296.814,-0.893,-379.264
1769.8,72.16,91.3,0.0,-0.0,6,294.938,-0.927,-383.160
1769.8,72.31,91.3,0.0,-0.0,6,293.059,-0.960,-387.065
1769.8,72.41,91.4,0.0,-0.0,6,291.804,-0.982,-389.673
1769.8,72.55,91.4,0.0,0.0,6,289.920,-1.014,-393.592
1784.3,72.66,91.4,0.0,0.0,6,288.662,-1.035,-396.209
1784.3,72.81,91.5,0.0,0.1,6,286.772,-1.069,-400.142
1784.3,72.91,91.5,0.0,0.0,6,285.510,-1.092,-402.769
1784.3,73.05,91.5,0.0,0.0,6,283.613,-1.127,-406.715
1798.9,73.15,91.6,0.0,0.0,6,282.346,-1.147,-409.350
1798.9,73.29,91.6,0.0,0.1,6,280.442,-1.173,-413.308
1798.9,73.39,91.6,0.0,0.1,6,279.169,-1.192,-415.952
1798.9,73.54,91.7,0.0,0.1,6,277.257,-1.220,-419.922
1813.6,73.68,91.7,0.0,0.1,6,275.339,-1.248,-423.900
1813.6,73.78,91.7,0.0,0.1,6,274.057,-1.268,-426.556
1813.6,73.91,91.8,0.0,0.1,6,272.130,-1.297,-430.545
1813.6,74.01,91.8,0.0,0.2,6,270.841,-1.317,-433.208
1828.3,74.14,91.8,0.0,0.2,6,268.904,-1.348,-437.208
1828.3,74.24,91.9,0.0,0.2,6,267.609,-1.368,-439.878
1828.3,74.37,91.9,0.0,0.2,6,265.661,-1.398,-443.887
1828.3,74.46,91.9,0.0,0.2,6,264.359,-1.417,-446.564
1843.2,74.60,92.0,0.0,0.3,6,262.399,-1.445,-450.583
1843.2,74.69,92.0,0.0,0.3,6,261.088,-1.464,-453.266
1843.2,74.82,92.0,0.0,0.2,6,259.116,-1.491,-457.294
1843.2,74.92,92.0,0.0,0.2,6,257.796,-1.508,-459.982
1858.2,75.05,92.1,0.0,0.3,6,255.811,-1.533,-464.018
1858.2,75.14,92.1,0.0,0.4,6,254.483,-1.551,-466.712
1858.2,75.27,92.1,0.0,0.4,6,252.484,-1.579,-470.757
1858.2,75.35,92.2,0.0,0.4,6,251.147,-1.596,-473.456
1873.2,75.48,92.2,0.0,0.3,6,249.135,-1.623,-477.508
1873.2,75.61,92.2,0.0,0.2,6,247.114,-1.649,-481.565
1873.2,75.69,92.2,0.0,0.2,6,245.762,-1.665,-484.272
1873.2,75.82,92.3,0.0,0.2,6,243.727,-1.690,-488.336
1888.3,75.90,92.3,0.0,0.2,6,242.367,-1.705,-491.048
1888.3,76.03,92.3,0.0,0.2,6,240.319,-1.728,-495.120
1888.3,76.11,92.4,0.0,0.1,6,238.950,-1.743,-497.837
1888.3,76.24,92.4,0.0,0.1,6,236.891,-1.766,-501.917
1903.6,76.32,92.4,0.0,0.1,6,235.515,-1.782,-504.639
1903.6,76.44,92.4,0.0,0.2,6,233.445,-1.805,-508.727
1903.6,76.52,92.5,0.0,0.2,6,232.061,-1.821,-511.456
1903.6,76.64,92.5,0.0,0.2,6,229.981,-1.845,-515.552
1918.9,76.72,92.5,0.0,0.1,6,228.591,-1.860,-518.286
1918.9,76.84,92.5,0.0,0.1,6,226.500,-1.886,-522.390
1918.9,76.92,92.5,0.0,0.1,6,225.102,-1.903,-525.129
1918.9,77.03,92.6,0.0,0.0,6,223.001,-1.927,-529.242
1934.2,77.15,92.6,0.0,-0.0,6,220.895,-1.947,-533.359
1934.2,77.23,92.6,0.0,-0.1,6,219.489,-1.962,-536.108
1934.2,77.34,92.7,0.0,-0.2,6,217.376,-1.987,-540.235
1934.2,77.43,92.7,0.0,-0.3,6,215.966,-2.006,-542.991
1949.7,77.54,92.7,0.0,-0.3,6,213.850,-2.041,-547.130
1949.7,77.62,92.7,0.0,-0.3,6,212.439,-2.067,-549.893
1949.7,77.73,92.7,0.0,-0.3,6,210.323,-2.109,-554.045
1949.7,77.80,92.8,0.0,-0.3,6,208.913,-2.139,-556.818
1965.2,77.91,92.8,0.0,-0.3,6,206.800,-2.185,-560.983
1965.2,77.98,92.8,0.0,-0.4,6,205.393,-2.218,-563.765
1965.2,78.10,92.8,0.0,-0.3,6,203.284,-2.269,-567.945
1965.2,78.17,92.8,0.0,-0.3,6,201.880,-2.303,-570.737
1980.8,78.28,92.8,0.0,-0.4,6,199.777,-2.354,-574.933
1980.8,78.35,92.9,0.0,-0.4,6,198.377,-2.389,-577.735
1980.8,78.46,92.9,0.0,-0.3,6,196.280,-2.444,-581.945
1996.5,78.57,92.9,0.0,-0.2,6,194.186,-2.498,-586.164
1996.5,78.63,93.0,0.0,-0.1,6,192.792,-2.534,-588.982
1996.5,78.74,93.0,0.0,0.0,6,190.703,-2.585,-593.216
1996.5,78.82,93.0,0.0,0.1,6,189.311,-2.622,-596.043
2012.2,78.92,93.0,0.0,0.2,6,187.223,-2.681,-600.288
2012.2,78.99,93.1,0.0,0.3,6,185.829,-2.718,-603.122
2012.2,79.09,93.1,0.0,0.4,6,183.735,-2.775,-607.377
2012.2,79.16,93.1,0.0,0.5,6,182.337,-2.813,-610.216
2028.0,79.19,0.0,0.0,0.6,0,180.232,-2.864,-614.476
2028.0,79.10,92.4,0.0,0.6,7,178.826,-2.899,-617.312
2028.0,79.20,92.4,0.0,0.7,7,176.709,-2.951,-621.562
2028.0,79.26,92.4,0.0,0.7,7,175.290,-2.984,-624.396
2043.9,79.34,92.4,0.0,0.7,7,173.150,-3.026,-628.645
2043.9,79.41,92.4,0.0,0.7,7,171.715,-3.052,-631.477
2043.9,79.51,92.5,0.0,0.6,7,169.549,-3.091,-635.724
2043.9,79.59,92.5,0.0,0.6,7,167.369,-3.126,-639.969
2059.8,79.65,92.5,0.0,0.6,7,165.907,-3.148,-642.798
2059.8,79.74,92.5,0.0,0.6,7,163.702,-3.177,-647.041
2059.8,79.80,92.5,0.0,0.6,7,162.225,-3.193,-649.869
2059.8,79.89,92.5,0.0,0.5,7,159.998,-3.214,-654.111
2075.7,79.94,92.6,0.0,0.5,7,158.507,-3.225,-656.938
2075.7,80.03,92.6,0.0,0.4,7,156.260,-3.237,-661.179
2075.7,80.09,92.6,0.0,0.4,7,154.756,-3.242,-664.006
2075.7,80.17,92.6,0.0,0.4,7,152.490,-3.245,-668.246
2091.7,80.23,92.6,0.0,0.4,7,150.974,-3.246,-671.074
2091.7,80.31,92.6,0.0,0.4,7,148.692,-3.243,-675.314
2091.7,80.36,92.7,0.0,0.4,7,147.164,-3.238,-678.141
2091.7,80.44,92.7,0.0,0.9,7,144.865,-3.229,-682.382
2107.7,80.50,92.7,0.0,0.8,7,143.326,-3.221,-685.209
2107.7,80.58,92.7,0.0,1.5,7,141.006,-3.204,-689.448
2107.7,80.65,92.7,0.0,1.0,7,138.668,-3.181,-693.682
2107.7,80.70,92.7,0.0,0.7,7,137.099,-3.163,-696.501
2123.8,80.77,92.7,0.0,0.8,7,134.727,-3.132,-700.725
2123.8,80.83,92.8,0.0,0.7,7,133.136,-3.109,-703.537
2123.8,80.90,92.8,0.0,0.9,7,130.733,-3.070,-707.752
2123.8,80.95,92.8,0.0,0.9,7,129.122,-3.042,-710.559
2139.9,81.02,92.8,0.0,1.0,7,126.691,-2.995,-714.766
2139.9,81.06,92.8,0.0,1.2,7,125.059,-2.959,-717.566
2139.9,81.13,92.8,0.0,1.5,7,122.594,-2.900,-721.761
2139.9,81.14,64.4,0.0,2.0,7,120.939,-2.857,-724.552
2156.1,80.75,0.5,62.3,1.1,7,118.440,-2.788,-728.722
2156.1,80.05,0.0,79.0,1.2,7,116.773,-2.738,-731.475
2156.1,78.79,0.0,89.2,0.9,7,114.287,-2.656,-735.543
2156.1,77.90,0.0,91.1,0.9,7,112.640,-2.598,-738.211
2171.9,76.53,0.0,91.6,0.6,7,110.190,-2.509,-742.145
2171.9,75.62,0.0,92.2,0.6,7,108.570,-2.448,-744.722
2171.9,74.26,0.0,92.1,0.7,7,106.160,-2.356,-748.520
2171.9,72.92,0.0,92.5,1.3,7,103.774,-2.264,-752.238
2186.8,72.01,0.0,92.0,1.7,7,102.198,-2.205,-754.672
2186.8,70.68,0.0,92.7,2.1,7,99.852,-2.118,-758.254
2186.8,69.81,23.3,94.9,2.1,0,98.299,-2.064,-760.598
2186.8,68.41,0.0,91.9,0.5,6,95.989,-1.991,-764.044
2200.8,67.52,0.0,91.0,-0.3,6,94.455,-1.939,-766.290
2200.8,66.21,0.0,92.5,0.3,6,92.165,-1.861,-769.587
2200.8,65.31,0.0,91.8,0.7,6,90.650,-1.812,-771.739
2200.8,63.98,0.0,90.8,1.3,6,88.393,-1.738,-774.896
2214.0,63.12,0.0,91.6,1.9,6,86.900,-1.687,-776.955
2214.0,61.82,0.0,91.2,1.5,0,84.678,-1.614,-779.977
2214.0,60.97,26.3,91.8,1.1,0,83.210,-1.567,-781.947
2214.0,59.67,0.0,91.3,1.2,5,81.026,-1.500,-784.836
2226.2,58.38,0.0,90.8,1.7,5,78.865,-1.436,-787.644
2226.2,57.53,0.0,90.6,2.7,5,77.436,-1.395,-789.471
2226.2,56.25,0.0,89.8,3.9,5,75.309,-1.336,-792.143
2226.2,55.42,0.0,91.0,4.3,5,73.900,-1.299,-793.878
2237.5,54.16,31.8,89.3,3.9,0,71.800,-1.245,-796.410
2237.5,53.36,0.0,83.6,3.1,4,70.407,-1.210,-798.049
2237.5,52.18,0.0,68.7,1.4,4,68.325,-1.159,-800.436
2237.5,51.50,0.0,47.6,0.3,4,66.940,-1.125,-801.980
2248.0,50.77,0.0,26.1,-1.1,4,64.854,-1.075,-804.229
2248.0,50.43,0.0,19.0,-0.7,4,63.449,-1.042,-805.687
2248.0,50.02,0.0,14.2,2.6,4,61.318,-0.992,-807.816
2248.0,49.78,0.0,11.8,5.6,4,59.879,-0.959,-809.200
2258.0,49.46,0.0,10.3,9.4,4,57.696,-0.908,-811.224
2258.0,49.27,0.0,8.9,11.3,4,56.227,-0.874,-812.543
2258.0,48.99,0.0,8.0,12.3,4,54.001,-0.823,-814.475
2267.7,48.72,0.0,7.1,12.2,4,51.748,-0.773,-816.350
2267.7,48.54,0.0,6.5,11.6,4,50.230,-0.740,-817.567
2267.7,48.28,0.0,4.7,10.5,4,47.928,-0.692,-819.338
2267.7,48.12,0.0,3.6,10.4,4,46.375,-0.659,-820.482
2277.4,47.89,0.0,1.9,10.9,4,44.021,-0.610,-822.141
2277.4,47.75,0.0,1.0,11.6,4,42.435,-0.578,-823.210
2277.4,47.55,1.2,0.0,12.5,4,40.031,-0.531,-824.758
2277.4,47.43,5.7,0.0,13.1,4,38.412,-0.500,-825.751
2287.1,47.27,6.0,0.0,13.8,4,35.958,-0.452,-827.183
2287.1,47.15,6.5,0.0,14.3,4,34.307,-0.420,-828.099
2287.1,46.98,4.7,0.0,14.6,4,31.808,-0.371,-829.415
2287.1,46.87,5.1,0.0,14.6,4,30.129,-0.339,-830.253
2296.9,46.69,5.4,0.0,14.4,4,27.590,-0.292,-831.450
2296.9,46.58,7.5,0.0,14.2,4,25.885,-0.260,-832.207
2296.9,46.41,7.7,0.0,14.1,4,23.311,-0.212,-833.280
2296.9,46.26,9.2,0.0,13.0,4,20.716,-0.162,-834.277
2306.6,46.15,5.3,0.0,13.4,4,18.976,-0.129,-834.901
2306.6,45.98,2.7,0.0,15.0,4,16.355,-0.082,-835.779
2306.6,45.85,2.6,0.0,15.9,4,14.602,-0.051,-836.325
2306.6,45.68,5.8,0.0,16.0,4,11.963,-0.006,-837.082
2316.3,45.56,4.1,0.0,15.5,4,10.197,0.024,-837.544
2316.3,45.38,2.5,0.0,14.7,4,7.543,0.072,-838.172
2316.3,45.25,0.8,0.0,14.3,4,5.770,0.105,-838.549
2316.3,45.06,0.8,0.3,13.8,4,3.108,0.152,-839.052
2325.8,44.87,0.0,0.7,13.3,4,0.444,0.199,-839.482
2325.8,44.74,0.0,1.6,13.2,4,-1.331,0.229,-839.727
2325.8,44.54,0.0,1.0,14.1,4,-3.992,0.273,-840.034
2325.8,44.42,0.0,1.8,13.5,4,-5.764,0.301,-840.198
2335.3,44.22,0.0,1.2,11.7,4,-8.416,0.342,-840.385
2335.3,44.10,0.0,2.1,11.4,4,-10.181,0.369,-840.470
2335.3,43.93,13.1,0.0,11.6,4,-12.820,0.407,-840.540
2335.3,43.94,47.5,0.0,11.6,4,-14.577,0.432,-840.550
2344.8,44.10,59.6,1.9,11.5,4,-17.217,0.467,-840.510
2344.8,44.06,8.2,26.8,12.0,4,-18.980,0.489,-840.450
2344.8,43.58,0.0,25.5,13.8,4,-21.607,0.518,-840.309
2344.8,43.28,0.0,4.3,13.7,4,-23.339,0.536,-840.184
2353.8,43.21,62.4,0.0,12.2,4,-25.920,0.560,-839.944
2353.8,43.38,81.8,0.0,11.4,4,-27.640,0.575,-839.749
2353.8,43.66,82.0,0.0,10.9,4,-30.227,0.594,-839.402
2353.8,43.94,82.0,0.0,11.6,4,-32.823,0.611,-838.992
2363.2,44.13,82.1,0.0,12.4,4,-34.556,0.621,-838.681
2363.2,44.41,82.2,0.0,13.7,4,-37.159,0.637,-838.156
2363.2,44.59,82.3,0.0,14.3,4,-38.896,0.648,-837.768
2363.2,44.88,81.3,0.0,15.0,4,-41.502,0.665,-837.129
2372.7,45.05,78.5,0.0,15.2,4,-43.239,0.675,-836.666
2372.7,45.30,75.3,0.0,15.5,4,-45.843,0.690,-835.916
2372.7,45.46,77.6,0.0,15.9,4,-47.577,0.698,-835.379
2372.7,45.72,80.1,0.0,16.0,4,-50.172,0.708,-834.516
2382.3,45.89,80.4,0.0,15.7,4,-51.898,0.714,-833.902
2382.3,46.15,81.0,0.0,15.7,4,-54.477,0.724,-832.919
2382.3,46.32,81.7,0.0,15.8,4,-56.191,0.730,-832.225
2382.3,46.60,83.1,0.0,16.1,4,-58.752,0.737,-831.126
2392.0,46.88,83.2,0.0,16.6,4,-61.302,0.740,-829.959
2392.0,47.05,83.3,0.0,16.9,4,-62.993,0.740,-829.142
2392.0,47.33,83.4,0.0,17.6,4,-65.515,0.740,-827.857
2392.0,47.51,83.6,0.0,18.4,4,-67.187,0.738,-826.960
2401.7,47.77,81.0,0.0,19.3,4,-69.677,0.735,-825.558
2401.7,47.93,79.3,0.0,19.7,4,-71.325,0.731,-824.585
2401.7,48.18,81.5,0.0,20.2,4,-73.775,0.723,-823.067
2401.7,48.34,83.9,0.0,20.5,4,-75.394,0.717,-822.016
2411.4,48.60,83.8,0.0,20.2,4,-77.799,0.708,-820.381
2411.4,48.77,83.4,0.0,20.1,4,-79.385,0.700,-819.253
2411.4,48.99,70.1,0.0,20.0,4,-81.739,0.687,-817.504
2411.4,49.08,62.0,0.0,20.3,4,-83.287,0.678,-816.300
2421.1,49.24,72.7,0.0,21.4,4,-85.576,0.662,-814.440
2421.1,49.39,82.7,0.0,22.2,4,-87.080,0.650,-813.165
2421.1,49.64,81.2,0.0,22.8,4,-89.305,0.630,-811.197
2430.7,49.80,42.1,0.0,23.7,4,-91.492,0.608,-809.167
2430.7,49.73,11.9,0.0,24.2,4,-92.923,0.591,-807.783
2430.7,49.56,11.8,0.0,23.5,4,-95.018,0.564,-805.665
2430.7,49.45,11.8,0.0,22.5,4,-96.379,0.548,-804.227
2440.3,49.29,11.7,0.0,21.0,4,-98.366,0.521,-802.030
2440.3,49.24,50.0,0.0,19.5,4,-99.656,0.503,-800.541
2440.3,49.45,85.4,0.0,17.3,4,-101.544,0.473,-798.262
2440.3,49.63,85.5,0.0,15.8,4,-102.775,0.453,-796.709
2449.7,49.91,85.6,0.0,14.7,4,-104.581,0.420,-794.332
2449.7,50.09,85.7,0.0,14.2,4,-105.758,0.397,-792.716
2449.7,50.37,85.9,0.0,13.5,4,-107.482,0.358,-790.245
2449.7,50.56,85.9,0.0,13.2,4,-108.605,0.330,-788.568
2459.6,50.84,86.1,0.0,13.6,4,-110.249,0.285,-786.010
2459.6,51.01,86.2,0.0,12.3,4,-111.320,0.253,-784.279
2459.6,51.30,86.4,0.0,7.3,4,-112.890,0.196,-781.643
2459.6,51.57,86.6,0.0,2.6,4,-114.411,0.136,-778.958
2469.6,51.73,86.8,0.0,0.1,4,-115.392,0.100,-777.142
2469.6,51.94,87.3,0.0,0.7,4,-116.828,0.050,-774.382
2469.6,51.96,88.2,0.0,0.2,0,-117.771,0.008,-772.530
2469.6,52.09,64.5,0.0,-5.4,5,-119.173,-0.082,-769.744
2480.1,52.22,61.0,0.0,-7.1,5,-120.090,-0.144,-767.872
2480.1,52.45,84.9,0.0,-4.3,5,-121.447,-0.231,-765.042
2480.1,52.64,85.6,0.0,-1.9,5,-122.351,-0.283,-763.146
2480.1,52.92,85.6,0.0,-0.2,5,-123.723,-0.363,-760.294
2490.8,53.10,85.8,0.0,-0.2,5,-124.650,-0.423,-758.388
2490.8,53.40,85.8,0.0,-1.2,5,-126.061,-0.523,-755.522
2490.8,53.57,85.9,0.0,-1.7,5,-127.015,-0.592,-753.609
2490.8,53.84,86.1,0.0,-2.0,5,-128.467,-0.692,-750.736
2501.7,54.01,86.2,0.0,-2.1,5,-129.449,-0.757,-748.816
2501.7,54.28,86.3,0.0,-2.8,5,-130.940,-0.855,-745.932
2501.7,54.56,86.5,0.0,-2.4,5,-132.456,-0.956,-743.043
2501.7,54.73,86.6,0.0,-2.8,5,-133.483,-1.023,-741.115
2512.8,54.98,86.8,0.0,-2.6,5,-135.047,-1.124,-738.221
2512.8,55.18,86.8,0.0,-2.5,5,-136.106,-1.193,-736.290
2512.8,55.45,86.9,0.0,-1.4,5,-137.718,-1.302,-733.391
2512.8,55.65,87.0,0.0,-1.2,5,-138.809,-1.379,-731.457
2524.1,55.91,87.1,0.0,-1.4,5,-140.467,-1.502,-728.554
2524.1,56.10,87.2,0.0,-1.2,5,-141.587,-1.588,-726.617
2524.1,56.36,87.4,0.0,-2.5,5,-143.289,-1.720,-723.707
2524.1,56.54,87.4,0.0,-3.0,5,-144.436,-1.814,-721.765
2535.5,56.81,87.5,0.0,-2.7,5,-146.181,-1.957,-718.851
2535.5,56.98,87.6,0.0,-1.7,5,-147.362,-2.052,-716.908
2535.5,57.25,87.7,0.0,-0.9,5,-149.158,-2.195,-713.993
2535.5,57.43,87.8,0.0,-1.5,5,-150.370,-2.292,-712.049
2547.1,57.70,87.9,0.0,-2.6,5,-152.210,-2.437,-709.130
2547.1,57.97,88.0,0.0,-2.6,5,-154.077,-2.580,-706.209
2547.1,58.14,88.1,0.0,-2.2,5,-155.339,-2.673,-704.262
2547.1,58.41,88.2,0.0,-1.7,5,-157.257,-2.806,-701.343
2558.7,58.57,88.3,0.0,-1.1,5,-158.552,-2.894,-699.396
2558.7,58.85,88.4,0.0,-0.6,5,-160.517,-3.023,-696.476
2558.7,59.02,88.4,0.0,-0.8,5,-161.840,-3.108,-694.527
2558.7,59.29,88.5,0.0,-1.1,5,-163.842,-3.232,-691.599
2570.7,59.46,88.6,0.0,-1.1,5,-165.187,-3.310,-689.644
2570.7,59.71,88.7,0.0,-1.0,5,-167.221,-3.420,-686.706
2570.7,59.88,88.8,0.0,-0.9,5,-168.588,-3.488,-684.745
2570.7,60.14,88.9,0.0,-0.9,5,-170.654,-3.583,-681.799
2582.7,60.31,88.9,0.0,-0.9,5,-172.043,-3.640,-679.832
2582.7,60.56,89.0,0.0,-0.8,5,-174.143,-3.717,-676.877
2582.7,60.72,89.1,0.0,-0.7,5,-175.554,-3.760,-674.905
2582.7,60.96,89.2,0.0,-0.7,5,-177.686,-3.813,-671.943
2594.9,61.21,89.2,0.0,-0.7,5,-179.836,-3.855,-668.976
2594.9,61.37,89.3,0.0,-0.7,5,-181.279,-3.878,-666.995
2594.9,61.61,89.4,0.0,-0.7,5,-183.459,-3.907,-664.018
2594.9,61.78,89.4,0.0,-0.7,5,-184.921,-3.925,-662.031
2607.3,62.01,89.5,0.0,-0.6,5,-187.127,-3.949,-659.045
2607.3,62.17,89.6,0.0,-0.7,5,-188.607,-3.964,-657.051
2607.3,62.40,89.6,0.0,-0.7,5,-190.840,-3.985,-654.055
2607.3,62.56,89.7,0.0,-0.6,5,-192.338,-3.996,-652.054
2619.7,62.79,89.8,0.0,-0.6,5,-194.597,-4.011,-649.049
2619.7,62.94,89.8,0.0,-0.6,5,-196.112,-4.019,-647.042
2619.7,63.17,89.9,0.0,-0.6,5,-198.396,-4.027,-644.027
2619.7,63.32,89.9,0.0,-0.6,5,-199.927,-4.031,-642.014
2632.3,63.54,90.0,0.0,-0.6,5,-202.236,-4.033,-638.989
2632.3,63.69,90.0,0.0,-0.6,5,-203.784,-4.032,-636.969
2632.3,63.91,90.1,0.0,-0.5,5,-206.117,-4.026,-633.936
2645.0,64.12,90.2,0.0,-0.6,5,-208.466,-4.013,-630.897
2645.0,64.27,90.2,0.0,-0.7,5,-210.039,-4.000,-628.868
2645.0,64.48,90.3,0.0,-0.9,5,-212.412,-3.978,-625.821
2645.0,64.62,90.4,0.0,-1.0,5,-214.003,-3.963,-623.787
2645.0,64.77,90.4,0.0,-1.1,5,-215.601,-3.949,-621.752
2657.8,64.98,90.5,0.0,-1.3,5,-218.013,-3.926,-618.698
2657.8,65.19,90.5,0.0,-1.6,5,-220.445,-3.905,-615.643
2657.8,65.33,90.6,0.0,-1.2,5,-222.077,-3.892,-613.606
2670.8,65.54,90.6,0.0,-1.0,5,-224.543,-3.877,-610.552
2670.8,65.67,90.7,0.0,-1.1,5,-226.199,-3.871,-608.516
2670.8,65.88,90.7,0.0,-1.0,5,-228.699,-3.867,-605.463
2670.8,66.02,90.8,0.0,-0.9,5,-230.377,-3.867,-603.428
2684.0,66.22,90.8,0.0,-0.7,5,-232.910,-3.871,-600.376
2684.0,66.30,50.4,35.2,-0.8,5,-234.609,-3.877,-598.341
2684.0,65.58,0.0,71.6,-0.8,5,-237.156,-3.891,-595.307
2684.0,64.86,0.0,81.1,-0.8,5,-238.840,-3.904,-593.311
2697.1,63.68,0.0,88.3,-0.3,5,-241.335,-3.927,-590.367
2697.1,62.42,0.0,89.7,0.2,5,-243.791,-3.954,-587.486
2697.1,61.59,0.0,90.7,0.1,5,-245.405,-3.975,-585.602
2697.1,60.32,0.0,91.0,0.1,5,-247.791,-4.010,-582.827
2709.5,59.46,0.0,90.6,0.0,5,-249.358,-4.035,-581.013
2709.5,58.20,0.0,90.7,-0.1,5,-251.671,-4.073,-578.344
2709.5,56.94,0.0,90.7,-0.0,5,-253.940,-4.113,-575.736
2709.5,56.11,0.0,90.7,0.0,5,-255.428,-4.140,-574.031
2721.0,54.86,0.0,91.3,-0.0,5,-257.622,-4.179,-571.524
2721.0,54.02,0.0,90.6,-0.1,5,-259.059,-4.206,-569.887
2721.0,52.81,29.6,92.1,-0.4,0,-261.179,-4.245,-567.480
2721.0,51.97,0.0,91.9,-0.5,4,-262.568,-4.271,-565.909
2731.6,50.73,0.0,91.5,-0.9,4,-264.613,-4.311,-563.602
2731.6,49.90,0.0,91.2,-1.1,4,-265.953,-4.338,-562.098
2731.6,48.67,0.0,91.4,-1.7,4,-267.927,-4.379,-559.894
2731.6,47.42,0.0,90.6,-1.9,4,-269.860,-4.419,-557.752
2741.4,46.61,0.0,90.8,-2.1,4,-271.126,-4.443,-556.360
2741.4,45.40,0.0,91.1,-2.1,4,-272.995,-4.479,-554.325
2741.4,44.58,0.0,91.3,-2.0,0,-274.220,-4.501,-553.004
2741.4,43.39,0.0,92.4,-2.2,3,-276.028,-4.534,-551.079
2750.4,42.57,0.0,92.2,-2.5,3,-277.214,-4.555,-549.832
2750.4,41.36,0.0,91.8,-2.5,3,-278.964,-4.587,-548.018
2750.4,40.57,0.0,91.9,-2.3,3,-280.111,-4.608,-546.846
2750.4,39.35,0.0,90.1,-1.2,3,-281.805,-4.637,-545.147
2758.6,38.56,0.0,88.4,-0.3,3,-282.916,-4.656,-544.053
2758.6,37.45,32.0,79.8,0.5,0,-284.558,-4.682,-542.469
2758.6,36.76,0.0,75.2,0.6,2,-285.639,-4.699,-541.451
2758.6,35.72,0.0,69.5,2.2,2,-287.242,-4.723,-539.979
2766.0,34.77,0.0,66.0,0.4,2,-288.823,-4.747,-538.571
2766.0,34.14,0.0,63.9,-0.6,2,-289.867,-4.763,-537.670
2766.0,33.23,0.0,65.5,-2.2,2,-291.418,-4.786,-536.371
2766.0,32.62,0.0,66.1,-3.3,2,-292.443,-4.800,-535.542
2772.7,31.71,0.0,66.1,-3.4,2,-293.965,-4.821,-534.353
2772.7,31.11,0.0,61.5,-6.5,2,-294.968,-4.834,-533.594
2772.7,30.28,0.0,52.1,-9.0,2,-296.456,-4.852,-532.508
2772.7,29.78,0.0,47.5,-6.6,2,-297.441,-4.864,-531.818
2778.7,29.12,38.0,45.1,-7.6,0,-298.906,-4.880,-530.829
2778.7,28.71,0.0,44.8,-12.1,1,-299.876,-4.890,-530.198
2778.7,28.05,0.0,43.3,-17.5,1,-301.322,-4.904,-529.297
2778.7,27.62,0.0,41.8,-18.9,1,-302.279,-4.913,-528.727
2784.2,26.97,0.0,43.1,-12.8,1,-303.706,-4.924,-527.920
2784.2,26.55,0.0,40.0,-9.9,1,-304.649,-4.931,-527.411
2784.2,25.96,0.0,34.4,-7.7,1,-306.049,-4.941,-526.688
2789.5,25.45,0.0,32.4,-8.6,1,-307.434,-4.949,-526.008
2789.5,25.12,0.0,27.4,-10.6,1,-308.349,-4.954,-525.576
2789.5,24.70,0.0,18.3,-14.3,1,-309.711,-4.960,-524.961
2789.5,24.49,0.0,13.5,-16.6,1,-310.615,-4.963,-524.572
2795.0,24.21,0.0,14.4,-18.6,1,-311.969,-4.966,-524.021
2795.0,24.02,0.0,11.1,-20.9,1,-312.871,-4.967,-523.677
2795.0,23.77,0.0,11.5,-25.3,1,-314.222,-4.968,-523.197
2795.0,23.59,0.0,9.2,-27.2,1,-315.123,-4.968,-522.905
2800.9,23.36,0.0,9.1,-29.9,1,-316.476,-4.965,-522.511
2800.9,23.19,0.0,8.7,-31.4,1,-317.378,-4.963,-522.279
2800.9,22.93,0.0,3.7,-36.4,1,-318.729,-4.955,-521.983
2800.9,22.80,11.7,0.0,-37.0,1,-319.629,-4.949,-521.820
2806.6,22.85,31.4,0.0,-35.6,1,-320.983,-4.939,-521.623
2806.6,23.08,54.5,0.0,-33.9,1,-322.352,-4.929,-521.480
2806.6,23.26,58.9,0.0,-30.6,1,-323.274,-4.926,-521.409
2806.6,23.44,31.4,0.0,-26.8,1,-324.674,-4.925,-521.342
2812.3,23.49,6.2,7.9,-24.1,1,-325.614,-4.926,-521.325
2812.3,23.28,0.0,10.2,-19.3,1,-327.018,-4.932,-521.345
2812.3,23.05,0.0,4.8,-17.0,1,-327.944,-4.933,-521.394
2812.3,22.79,2.1,0.0,-12.6,1,-329.312,-4.927,-521.526
2817.5,22.69,5.6,0.0,-11.6,1,-330.213,-4.920,-521.650
2817.5,22.58,9.3,0.0,-10.6,1,-331.550,-4.910,-521.885
2817.5,22.54,18.8,0.0,-12.0,1,-332.433,-4.904,-522.074
2817.5,22.64,42.4,0.0,-15.3,1,-333.745,-4.895,-522.406
2822.3,22.82,52.9,0.0,-18.0,1,-334.617,-4.888,-522.661
2822.3,23.20,63.9,0.0,-22.9,1,-335.927,-4.876,-523.092
2822.3,23.50,74.6,0.0,-26.1,1,-336.805,-4.867,-523.409
2822.3,24.03,80.1,0.0,-28.5,1,-338.131,-4.853,-523.927
2827.2,24.54,75.3,0.0,-27.6,1,-339.471,-4.835,-524.498
2827.2,24.85,63.7,0.0,-25.4,1,-340.368,-4.823,-524.910
2827.2,25.30,70.1,0.0,-24.1,1,-341.717,-4.803,-525.574
2827.2,25.58,62.3,0.0,-21.9,1,-342.616,-4.789,-526.049
2832.2,25.95,61.2,0.0,-16.7,1,-343.961,-4.768,-526.809
2832.2,26.22,64.7,0.0,-12.6,1,-344.855,-4.753,-527.347
2832.2,26.69,67.5,0.0,-5.3,1,-346.192,-4.731,-528.198
2832.2,27.04,74.4,0.0,-0.3,1,-347.086,-4.716,-528.794
2837.5,27.63,81.7,0.0,5.0,1,-348.435,-4.694,-529.723
2837.5,28.06,81.3,0.0,5.6,1,-349.346,-4.680,-530.363
2837.5,28.64,63.8,0.0,10.1,1,-350.732,-4.657,-531.348
2837.5,28.86,43.2,0.0,11.1,1,-351.672,-4.642,-532.010
2843.1,28.98,21.2,0.0,12.9,1,-353.101,-4.619,-532.995
2843.1,28.99,18.6,0.0,10.3,1,-354.065,-4.604,-533.639
2843.1,29.07,29.3,0.0,9.9,1,-355.526,-4.583,-534.586
2843.1,29.17,34.1,0.0,10.7,1,-356.511,-4.570,-535.206
2848.8,29.35,37.6,0.0,16.3,1,-358.011,-4.551,-536.119
2848.8,29.52,33.9,0.0,21.6,1,-359.539,-4.534,-537.004
2848.8,29.59,26.0,0.0,23.9,1,-360.575,-4.524,-537.574
2848.8,29.59,15.7,0.0,25.7,1,-362.151,-4.510,-538.392
2855.0,29.58,19.9,0.0,25.8,1,-363.215,-4.501,-538.909
2855.0,29.55,13.4,0.0,25.0,1,-364.831,-4.491,-539.641
2855.0,29.49,7.0,0.0,25.4,1,-365.921,-4.485,-540.097
2855.0,29.36,9.9,0.0,26.5,1,-367.568,-4.477,-540.731
2861.2,29.29,9.6,0.0,26.9,1,-368.675,-4.473,-541.119
2861.2,29.17,2.9,0.0,27.0,1,-370.348,-4.468,-541.649
2861.2,29.09,15.5,0.0,27.9,1,-371.468,-4.467,-541.968
2861.2,29.17,39.2,0.0,29.7,1,-373.160,-4.467,-542.398
2867.6,29.29,48.2,0.0,30.7,1,-374.301,-4.469,-542.652
2867.6,29.63,69.8,0.0,29.6,1,-376.035,-4.473,-542.989
2867.6,29.91,52.9,0.0,25.4,1,-377.800,-4.477,-543.267
2867.6,30.11,72.6,0.0,23.7,1,-378.990,-4.477,-543.414
2875.2,30.43,52.2,0.0,20.1,1,-380.799,-4.473,-543.582
2875.2,30.59,63.7,0.0,17.0,1,-382.017,-4.471,-543.661
2875.2,30.78,26.7,0.0,9.3,1,-383.857,-4.475,-543.736
2875.2,30.77,17.5,0.0,2.7,1,-385.088,-4.481,-543.753
2882.3,30.70,12.9,0.0,-13.9,1,-386.933,-4.492,-543.725
2882.3,30.63,12.6,0.0,-21.2,1,-388.158,-4.497,-543.669
2882.3,30.57,26.5,0.0,-11.7,1,-389.989,-4.499,-543.536
2882.3,30.68,50.7,0.0,-2.4,1,-391.207,-4.500,-543.412
2890.0,31.03,56.4,0.0,13.4,1,-393.041,-4.501,-543.173
2890.0,31.27,56.3,0.0,22.5,1,-394.272,-4.503,-542.982
2890.0,31.59,58.7,0.0,31.4,1,-396.129,-4.504,-542.654
2890.0,31.81,59.7,0.0,34.0,1,-397.372,-4.504,-542.408
2896.6,32.13,61.7,0.0,34.3,1,-399.244,-4.505,-541.991
2896.6,32.46,62.6,0.0,31.4,1,-401.120,-4.507,-541.512
2896.6,32.66,54.1,0.0,28.8,1,-402.374,-4.510,-541.159
2903.0,32.88,50.6,0.0,25.0,1,-404.251,-4.518,-540.576
2903.0,33.00,44.3,0.0,22.9,1,-405.498,-4.526,-540.151
2903.0,33.12,36.5,0.0,19.8,1,-407.357,-4.540,-539.459
2903.0,33.16,31.8,0.0,18.5,1,-408.586,-4.551,-538.961
2909.3,33.18,26.3,0.0,15.9,1,-410.408,-4.571,-538.162
2909.3,33.17,25.9,0.0,14.1,1,-411.607,-4.585,-537.594
2909.3,33.16,28.0,0.0,12.4,1,-413.381,-4.610,-536.693
2909.3,33.18,30.3,0.0,11.4,1,-414.546,-4.628,-536.058
2915.6,33.25,44.7,0.0,11.5,1,-416.267,-4.656,-535.055
2915.6,33.38,52.6,0.0,12.4,1,-417.398,-4.675,-534.352
2915.6,33.65,61.9,0.0,12.7,1,-419.074,-4.703,-533.242
2915.6,33.89,68.3,0.0,13.0,1,-420.179,-4.722,-532.467
2922.0,34.29,77.4,0.0,13.5,0,-421.821,-4.750,-531.251
2922.0,34.29,0.0,0.0,13.4,0,-422.903,-4.769,-530.406
2922.0,34.58,80.1,0.0,13.5,2,-424.493,-4.795,-529.093
2922.0,35.08,83.9,0.0,12.5,2,-426.065,-4.820,-527.718
2928.8,35.43,84.4,0.0,11.1,2,-427.105,-4.835,-526.767
2928.8,35.92,84.6,0.0,13.1,2,-428.655,-4.858,-525.292
2928.8,36.22,84.9,0.0,11.6,2,-429.680,-4.872,-524.278
2928.8,36.76,84.9,0.0,7.4,2,-431.206,-4.894,-522.709
2935.9,37.09,85.0,0.0,5.2,2,-432.215,-4.907,-521.632
2935.9,37.62,85.1,0.0,3.2,2,-433.719,-4.926,-519.972
2935.9,37.95,85.2,0.0,2.5,2,-434.717,-4.939,-518.837
2935.9,38.46,85.4,0.0,3.7,2,-436.209,-4.957,-517.098
2943.4,38.98,85.4,0.0,6.2,2,-437.700,-4.977,-515.318
2943.4,39.45,85.3,0.0,8.5,2,-439.189,-4.995,-513.497
2943.4,39.75,84.2,0.0,9.4,2,-440.178,-5.007,-512.260
2943.4,40.21,77.7,0.0,9.3,2,-441.652,-5.025,-510.368
2951.1,40.46,80.6,0.0,8.9,2,-442.625,-5.035,-509.082
2951.1,40.87,86.4,0.0,7.8,2,-444.067,-5.051,-507.115
2951.1,41.17,86.2,0.0,7.0,2,-445.016,-5.061,-505.777
2951.1,41.46,0.0,0.0,6.7,0,-446.414,-5.071,-503.729
2959.1,41.53,84.4,0.0,5.6,3,-447.770,-5.079,-501.644
2959.1,41.77,66.6,0.0,5.3,3,-448.654,-5.084,-500.234
2959.1,42.10,82.3,0.0,5.1,3,-449.955,-5.091,-498.082
2959.1,42.32,84.8,0.0,5.3,3,-450.803,-5.094,-496.623
2967.2,42.73,81.1,0.0,6.2,3,-452.050,-5.098,-494.397
2967.2,42.98,84.7,0.0,7.1,3,-452.861,-5.100,-492.887
2967.2,43.39,84.8,0.0,7.7,3,-454.049,-5.104,-490.584
2967.2,43.63,84.9,0.0,7.5,3,-454.820,-5.107,-489.024
2975.4,44.02,85.0,0.0,6.6,3,-455.945,-5.114,-486.648
2975.4,44.26,85.0,0.0,6.4,3,-456.672,-5.121,-485.040
2975.4,44.66,85.1,0.0,6.2,3,-457.727,-5.133,-482.590
2975.4,44.92,85.1,0.0,7.5,3,-458.404,-5.143,-480.933
2984.1,45.30,85.2,0.0,9.8,3,-459.383,-5.160,-478.410
2984.1,45.56,85.2,0.0,11.7,3,-460.010,-5.173,-476.705
2984.1,45.94,85.3,0.0,13.6,3,-460.913,-5.196,-474.114
2984.1,46.18,85.4,0.0,14.0,3,-461.489,-5.214,-472.365
2992.9,46.55,85.4,0.0,13.7,3,-462.311,-5.243,-469.708
2992.9,46.90,85.6,0.0,13.3,3,-463.080,-5.274,-467.013
2992.9,47.13,85.6,0.0,12.7,3,-463.562,-5.297,-465.196
3002.0,47.48,85.7,0.0,12.2,3,-464.237,-5.333,-462.441
3002.0,47.70,85.7,0.0,12.1,3,-464.654,-5.359,-460.584
3002.0,48.04,85.8,0.0,11.8,3,-465.227,-5.399,-457.770
3002.0,48.26,85.9,0.0,11.5,3,-465.574,-5.427,-455.876
3011.4,48.59,85.9,0.0,11.0,3,-466.039,-5.468,-453.009
3011.4,48.81,86.0,0.0,10.9,3,-466.311,-5.496,-451.081
3011.4,49.15,86.0,0.0,11.4,3,-466.663,-5.536,-448.164
3011.4,49.36,86.0,0.0,12.2,3,-466.859,-5.562,-446.204
3021.1,49.70,86.1,0.0,13.9,3,-467.098,-5.601,-443.243
3021.1,49.91,86.1,0.0,15.0,3,-467.220,-5.628,-441.255
3021.1,50.23,86.2,0.0,15.9,3,-467.349,-5.667,-438.254
3021.1,50.45,86.2,0.0,16.3,3,-467.397,-5.694,-436.242
3031.0,50.49,0.0,0.0,16.2,0,-467.412,-5.733,-433.211
3031.0,50.65,84.5,0.0,14.7,4,-467.353,-5.771,-430.180
3031.0,50.83,84.7,0.0,13.3,4,-467.271,-5.796,-428.152
3031.0,51.10,84.8,0.0,11.8,4,-467.085,-5.830,-425.101
3041.3,51.28,85.0,0.0,10.6,4,-466.918,-5.852,-423.060
3041.3,51.55,85.1,0.0,8.7,4,-466.601,-5.883,-419.993
3041.3,51.73,85.2,0.0,8.3,4,-466.345,-5.901,-417.944
3041.3,52.01,85.4,0.0,8.4,4,-465.898,-5.924,-414.865
3052.3,52.19,85.5,0.0,9.0,4,-465.558,-5.938,-412.809
3052.3,52.48,85.6,0.0,9.8,4,-464.987,-5.958,-409.722
3052.3,52.67,85.7,0.0,10.5,4,-464.570,-5.971,-407.662
3052.3,52.96,85.9,0.0,11.5,4,-463.894,-5.997,-404.567
3063.6,53.15,86.0,0.0,11.9,4,-463.412,-6.019,-402.501
3063.6,53.42,86.1,0.0,11.7,4,-462.635,-6.056,-399.400
3063.6,53.60,86.2,0.0,11.2,4,-462.075,-6.079,-397.335
3063.6,53.86,86.4,0.0,10.6,4,-461.173,-6.110,-394.241
3074.9,54.04,86.5,0.0,10.0,4,-460.529,-6.127,-392.181
3074.9,54.31,86.6,0.0,9.3,4,-459.500,-6.148,-389.099
3074.9,54.58,86.8,0.0,8.4,4,-458.401,-6.167,-386.024
3074.9,54.77,86.8,0.0,7.8,4,-457.631,-6.180,-383.977
3085.8,55.05,87.0,0.0,7.1,4,-456.419,-6.199,-380.915
3085.8,55.23,87.0,0.0,6.8,4,-455.574,-6.211,-378.878
3085.8,55.50,87.1,0.0,6.5,4,-454.252,-6.225,-375.831
3085.8,55.69,87.2,0.0,6.6,4,-453.336,-6.232,-373.805
3096.7,55.96,87.4,0.0,6.8,4,-451.913,-6.241,-370.773
3096.7,56.16,87.5,0.0,6.5,4,-450.935,-6.249,-368.756
3096.7,56.43,87.6,0.0,6.0,4,-449.421,-6.262,-365.737
3096.7,56.62,87.6,0.0,5.6,4,-448.382,-6.272,-363.730
3107.8,56.89,87.8,0.0,5.6,4,-446.776,-6.285,-360.728
3107.8,57.07,87.9,0.0,5.9,4,-445.675,-6.293,-358.732
3107.8,57.34,87.9,0.0,6.0,4,-443.979,-6.306,-355.749
3107.8,57.61,88.1,0.0,5.9,4,-442.229,-6.317,-352.778
3119.1,57.78,88.2,0.0,5.7,4,-441.032,-6.323,-350.806
3119.1,58.05,88.3,0.0,5.8,4,-439.194,-6.330,-347.858
3119.1,58.23,88.3,0.0,5.6,4,-437.939,-6.335,-345.900
3119.1,58.49,88.4,0.0,4.8,4,-436.014,-6.343,-342.975
3130.6,58.65,88.6,0.0,4.4,4,-434.702,-6.347,-341.035
3130.6,58.91,88.7,0.0,3.0,4,-432.693,-6.353,-338.137
3130.6,59.06,88.8,0.0,2.9,4,-431.327,-6.356,-336.214
3130.6,59.34,88.8,0.0,2.3,4,-429.240,-6.358,-333.339
3142.4,59.51,88.9,0.0,2.1,4,-427.825,-6.354,-331.430
3142.4,59.79,89.0,0.0,1.5,4,-425.672,-6.342,-328.571
3142.4,59.98,89.0,0.0,0.9,4,-424.219,-6.334,-326.667
3142.4,60.23,89.1,0.0,-0.3,4,-422.017,-6.327,-323.812
3154.4,60.40,89.2,0.0,-0.6,4,-420.534,-6.320,-321.909
3154.4,60.67,89.3,0.0,-0.7,4,-418.293,-6.305,-319.051
3154.4,60.83,0.0,0.0,-0.8,0,-416.037,-6.289,-316.186
3154.4,60.80,88.1,0.0,-0.9,5,-414.532,-6.282,-314.276
3166.6,61.02,88.2,0.0,-0.8,5,-412.271,-6.268,-311.404
3166.6,61.19,88.3,0.0,-0.8,5,-410.762,-6.259,-309.482
3166.6,61.42,88.4,0.0,-0.7,5,-408.495,-6.244,-306.586
3166.6,61.57,88.5,0.0,-0.7,5,-406.983,-6.234,-304.646
3178.8,61.80,88.6,0.0,-0.8,5,-404.715,-6.218,-301.721
3178.8,61.96,88.6,0.0,-0.7,5,-403.202,-6.207,-299.763
3178.8,62.19,88.7,0.0,-0.6,5,-400.933,-6.189,-296.810
3178.8,62.34,88.8,0.0,-0.4,5,-399.420,-6.177,-294.833
3191.2,62.56,88.9,0.0,-0.4,5,-397.149,-6.158,-291.853
3191.2,62.71,88.9,0.0,-0.5,5,-395.634,-6.145,-289.858
3191.2,62.94,89.0,0.0,-0.6,5,-393.360,-6.124,-286.852
3191.2,63.09,89.1,0.0,-0.4,5,-391.843,-6.110,-284.839
3203.7,63.30,89.2,0.0,-0.4,5,-389.566,-6.089,-281.808
3203.7,63.53,89.3,0.0,-0.3,5,-387.286,-6.069,-278.762
3203.7,63.67,89.3,0.0,-0.4,5,-385.764,-6.054,-276.724
3216.4,63.89,89.4,0.0,-0.3,5,-383.477,-6.030,-273.656
3216.4,64.03,89.4,0.0,-0.2,5,-381.951,-6.013,-271.603
3216.4,64.25,89.5,0.0,-0.1,5,-379.658,-5.986,-268.513
3216.4,64.39,89.6,0.0,-0.1,5,-378.126,-5.967,-266.446
3229.3,64.61,89.6,0.0,-0.1,5,-375.826,-5.940,-263.334
3229.3,64.75,89.7,0.0,-0.1,5,-374.289,-5.923,-261.254
3229.3,64.96,89.8,0.0,-0.2,5,-371.978,-5.895,-258.123
3229.3,65.09,89.8,0.0,-0.1,5,-370.435,-5.875,-256.030
3242.3,65.30,89.9,0.0,0.2,5,-368.114,-5.842,-252.882
3242.3,65.43,90.0,0.0,0.3,5,-366.564,-5.818,-250.777
3242.3,65.64,90.0,0.0,0.4,5,-364.231,-5.782,-247.612
3242.3,65.77,90.1,0.0,0.4,5,-362.671,-5.756,-245.497
3255.4,65.98,90.1,0.0,0.2,5,-360.323,-5.717,-242.319
3255.4,66.17,90.2,0.0,0.2,5,-357.963,-5.674,-239.134
3255.4,66.30,90.3,0.0,0.2,5,-356.385,-5.644,-237.006
3255.4,66.50,90.3,0.0,0.2,5,-354.008,-5.598,-233.810
3268.7,66.64,90.4,0.0,0.1,5,-352.417,-5.568,-231.675
3268.7,66.83,90.4,0.0,0.1,5,-350.022,-5.525,-228.467
3268.7,66.96,90.5,0.0,0.1,5,-348.421,-5.499,-226.324
3268.7,67.15,90.5,0.0,-0.1,5,-346.010,-5.465,-223.104
3282.1,67.27,90.6,0.0,-0.0,5,-344.397,-5.439,-220.953
3282.1,67.46,90.7,0.0,0.0,5,-341.971,-5.397,-217.721
3282.1,67.59,90.7,0.0,0.1,5,-340.349,-5.368,-215.562
3282.1,67.77,90.8,0.0,0.1,5,-337.910,-5.323,-212.316
3295.6,67.90,90.8,0.0,0.0,5,-336.279,-5.292,-210.148
3295.6,68.08,90.9,0.0,-0.0,5,-333.827,-5.245,-206.889
3295.6,68.21,90.9,0.0,-0.0,5,-332.188,-5.213,-204.711
3295.6,68.39,90.9,0.0,-0.1,5,-329.725,-5.166,-201.437
3309.2,68.56,91.0,0.0,-0.1,5,-327.255,-5.116,-198.155
3309.2,68.68,91.1,0.0,-0.1,5,-325.605,-5.081,-195.961
3309.2,68.86,91.1,0.0,-0.1,5,-323.127,-5.027,-192.663
3309.2,68.98,91.2,0.0,-0.2,5,-321.471,-4.990,-190.460
3323.0,69.16,91.2,0.0,-0.2,5,-318.984,-4.934,-187.146
3323.0,69.27,91.3,0.0,-0.2,5,-317.323,-4.898,-184.931
3323.0,69.44,91.3,0.0,-0.2,5,-314.829,-4.842,-181.601
3323.0,69.56,91.4,0.0,-0.2,5,-313.164,-4.805,-179.376
3336.9,69.72,91.4,0.0,-0.2,5,-310.663,-4.750,-176.029
3336.9,69.84,91.4,0.0,-0.2,5,-308.993,-4.713,-173.793
3336.9,70.01,91.5,0.0,-0.2,5,-306.486,-4.658,-170.430
3336.9,70.11,91.5,0.0,-0.2,5,-304.812,-4.621,-168.183
3350.9,70.27,91.6,0.0,-0.2,5,-302.299,-4.563,-164.804
3350.9,70.39,91.6,0.0,-0.2,5,-300.622,-4.524,-162.546
3350.9,70.55,91.7,0.0,-0.3,5,-298.103,-4.465,-159.151
3350.9,70.52,0.0,0.0,-0.3,0,-295.583,-4.405,-155.749
3365.0,70.60,90.8,0.0,-0.2,6,-293.068,-4.345,-152.347
3365.0,70.75,90.9,0.0,-0.1,6,-290.550,-4.284,-148.935
3365.0,70.85,90.9,0.0,-0.0,6,-288.871,-4.243,-146.655
3379.1,71.00,90.9,0.0,0.0,6,-286.350,-4.183,-143.227
3379.1,71.10,91.0,0.0,0.0,6,-284.667,-4.142,-140.937
3379.1,71.25,91.0,0.0,0.0,6,-282.141,-4.082,-137.495
3379.1,71.34,91.1,0.0,0.0,6,-280.455,-4.042,-135.196
3393.4,71.49,91.1,0.0,0.1,6,-277.922,-3.983,-131.741
3393.4,71.59,91.1,0.0,0.1,6,-276.230,-3.942,-129.433
3393.4,71.73,91.2,0.0,0.1,6,-273.688,-3.880,-125.966
3393.4,71.83,91.2,0.0,0.1,6,-271.990,-3.839,-123.652
3407.8,71.97,91.2,0.0,-0.0,6,-269.438,-3.777,-120.175
3407.8,72.06,91.3,0.0,0.9,6,-267.733,-3.735,-117.853
3407.8,72.21,91.3,0.0,0.6,6,-265.169,-3.672,-114.367
3407.8,72.35,91.4,0.0,0.0,6,-262.595,-3.610,-110.878
3422.2,72.44,91.4,0.0,-0.7,6,-260.873,-3.568,-108.551
3422.2,72.58,91.4,0.0,-1.2,6,-258.284,-3.502,-105.055
3422.2,72.66,91.5,0.0,-0.9,6,-256.557,-3.457,-102.720
3422.2,72.80,91.5,0.0,-0.4,6,-253.968,-3.390,-99.208
3436.7,72.89,91.5,0.0,-0.2,6,-252.244,-3.344,-96.860
3436.7,73.03,91.6,0.0,-0.4,6,-249.661,-3.277,-93.326
3436.7,73.12,91.6,0.0,-0.5,6,-247.941,-3.233,-90.964
3436.7,73.25,91.6,0.0,-0.4,6,-245.362,-3.168,-87.410
3451.4,73.34,91.7,0.0,-0.2,6,-243.644,-3.125,-85.035
3451.4,73.47,91.7,0.0,0.4,6,-241.067,-3.062,-81.464
3451.4,73.56,91.7,0.0,0.8,6,-239.348,-3.019,-79.079
3451.4,73.69,91.7,0.0,1.1,6,-236.765,-2.957,-75.496
3466.1,73.78,91.8,0.0,0.7,6,-235.036,-2.914,-73.107
3466.1,73.90,91.8,0.0,1.0,6,-232.433,-2.850,-69.523
3466.1,73.99,91.8,0.0,1.7,6,-230.688,-2.807,-67.135
3466.1,74.03,37.5,15.9,2.7,6,-228.054,-2.741,-63.559
3480.9,73.47,0.0,62.3,3.2,6,-225.407,-2.672,-60.009
3480.9,72.80,0.0,79.6,3.1,6,-223.642,-2.626,-57.674
3480.9,71.56,0.0,84.4,2.5,6,-221.004,-2.556,-54.235
3480.9,70.74,0.0,70.9,2.3,6,-219.253,-2.510,-51.991
3495.3,69.71,0.0,50.0,2.6,6,-216.631,-2.442,-48.692
3495.3,69.15,0.0,41.0,3.6,6,-214.880,-2.398,-46.536
3495.3,68.46,0.0,26.5,6.0,6,-212.239,-2.333,-43.363
3495.3,68.10,0.0,17.5,5.2,6,-210.463,-2.289,-41.288
3509.0,67.68,0.0,6.8,4.6,6,-207.772,-2.225,-38.231
3509.0,67.48,0.0,1.3,5.3,6,-205.957,-2.182,-36.228
3509.0,67.24,8.1,0.0,4.2,6,-203.198,-2.116,-33.275
3509.0,67.12,15.0,0.0,4.2,6,-201.335,-2.072,-31.339
3522.3,66.94,9.8,0.0,5.0,6,-198.508,-2.008,-28.478
3522.3,66.78,6.3,24.5,5.4,6,-196.603,-1.966,-26.600
3522.3,66.09,0.0,72.3,5.6,6,-193.724,-1.901,-23.835
3522.3,65.10,0.0,10.8,6.2,6,-190.847,-1.836,-21.153
3535.4,65.00,74.3,0.0,6.2,6,-188.919,-1.792,-19.407
3535.4,65.13,87.7,0.0,7.5,6,-185.987,-1.727,-16.832
3535.4,65.22,80.5,0.0,9.4,6,-184.003,-1.688,-15.141
3535.4,65.22,34.4,0.0,12.6,6,-180.987,-1.638,-12.646
3548.2,65.15,44.7,0.0,14.2,6,-178.953,-1.609,-11.015
3548.2,65.15,72.5,0.0,14.7,6,-175.864,-1.574,-8.621
3548.2,65.20,86.7,0.0,14.7,6,-173.777,-1.555,-7.060
3548.2,65.28,88.1,0.0,13.9,6,-170.600,-1.531,-4.773
3561.4,65.34,88.1,0.0,13.3,6,-168.449,-1.515,-3.290
3561.4,65.42,88.2,0.0,14.0,6,-165.175,-1.488,-1.130
3561.4,65.45,88.3,0.0,15.3,6,-162.961,-1.470,0.266
3561.4,65.52,80.7,0.0,16.6,6,-159.592,-1.437,2.288
3575.1,65.55,74.0,0.0,17.3,6,-157.316,-1.412,3.588
3575.1,65.58,86.5,0.0,19.0,6,-153.864,-1.373,5.471
3575.1,65.66,88.6,0.0,20.4,6,-150.369,-1.339,7.282
3575.1,65.74,88.5,0.0,20.5,6,-148.016,-1.321,8.452
3588.9,65.73,62.2,0.0,22.3,6,-144.447,-1.292,10.132
3588.9,65.66,47.4,0.0,24.3,6,-142.046,-1.271,11.200
3588.9,65.50,35.8,0.0,27.9,6,-138.416,-1.236,12.721
3588.9,65.39,39.8,0.0,30.4,6,-135.981,-1.212,13.682
3602.9,65.23,31.6,0.0,33.7,6,-132.308,-1.175,15.047
3602.9,65.09,26.3,0.0,35.3,6,-129.847,-1.151,15.907
3602.9,64.87,22.1,0.0,36.6,6,-126.142,-1.115,17.122
3602.9,64.70,20.1,0.0,36.9,6,-123.664,-1.093,17.880
3616.4,64.43,18.4,0.0,36.4,6,-119.936,-1.060,18.938
3616.4,64.25,17.4,0.0,36.1,6,-117.446,-1.037,19.587
3616.4,63.97,14.2,0.0,35.9,6,-113.704,-1.005,20.480
3629.2,63.67,12.1,0.0,35.8,6,-109.958,-0.972,21.275
3629.2,63.46,12.0,0.0,35.8,6,-107.459,-0.949,21.746
3629.2,63.17,12.0,0.0,36.6,6,-103.711,-0.912,22.371
3629.2,62.98,11.9,0.0,37.3,6,-101.214,-0.888,22.734
3641.6,62.69,11.9,0.0,37.3,6,-97.473,-0.852,23.198
3641.6,62.49,11.8,0.0,36.9,6,-94.982,-0.825,23.452
3641.6,62.21,11.8,0.0,35.6,6,-91.253,-0.784,23.754
3641.6,62.03,11.7,0.0,34.1,6,-88.773,-0.756,23.902
3653.8,61.79,20.7,0.0,30.5,6,-85.061,-0.713,24.047
3653.8,61.64,24.4,0.0,28.0,6,-82.593,-0.685,24.091
3653.8,61.46,33.7,0.0,23.8,6,-78.900,-0.642,24.079
3653.8,61.37,43.3,0.0,20.9,6,-76.444,-0.612,24.018
3665.9,61.30,65.6,0.0,16.6,6,-72.769,-0.565,23.846
3665.9,61.33,83.0,0.0,13.9,6,-70.323,-0.533,23.679
3665.9,61.44,88.4,0.0,10.6,6,-66.654,-0.487,23.356
3665.9,61.56,88.4,0.0,7.6,6,-62.987,-0.443,22.948
3678.2,61.65,88.5,0.0,5.6,6,-60.544,-0.412,22.629
3678.2,61.80,88.5,0.0,3.7,6,-56.882,-0.362,22.084
3678.2,61.89,88.6,0.0,3.3,6,-54.441,-0.327,21.682
3678.2,62.08,88.6,0.0,2.6,6,-50.780,-0.278,21.032
3690.4,62.20,88.7,0.0,1.1,6,-48.338,-0.247,20.571
3690.4,62.38,88.8,0.0,-1.3,6,-44.672,-0.204,19.848
3690.4,62.50,88.8,0.0,-2.4,6,-42.225,-0.176,19.350
3690.4,62.68,88.9,0.0,-3.1,6,-38.546,-0.134,18.597
3702.9,62.80,87.7,0.0,-3.3,6,-36.087,-0.107,18.098
3702.9,62.97,89.0,0.0,-2.9,6,-32.387,-0.068,17.365
3702.9,63.08,89.1,0.0,-3.1,6,-29.911,-0.043,16.891
3702.9,63.28,89.1,0.0,-3.1,6,-26.183,-0.010,16.205
3715.5,63.45,89.2,0.0,-3.6,6,-22.439,0.017,15.550
3715.5,63.54,89.3,0.0,-4.2,6,-19.934,0.033,15.135
3715.5,63.71,89.4,0.0,-5.2,6,-16.162,0.055,14.545
3715.5,63.83,89.4,0.0,-6.2,6,-13.637,0.071,14.179
3728.3,63.99,89.5,0.0,-7.2,6,-9.836,0.097,13.675
3728.3,64.10,89.5,0.0,-7.6,6,-7.293,0.114,13.371
3728.3,64.24,89.6,0.0,-7.7,6,-3.464,0.140,12.971
3728.3,64.34,89.6,0.0,-7.0,6,-0.903,0.157,12.744
3741.3,64.47,89.7,0.0,-6.9,6,2.950,0.187,12.467
3741.3,64.56,89.7,0.0,-7.1,6,5.527,0.210,12.327
3741.3,64.70,89.8,0.0,-7.6,6,9.401,0.248,12.182
3741.3,64.79,89.8,0.0,-7.8,6,11.990,0.276,12.129
3754.6,64.92,89.9,0.0,-8.0,6,15.881,0.320,12.114
3754.6,65.02,89.9,0.0,-8.0,6,18.479,0.351,12.148
3754.6,65.15,90.0,0.0,-7.6,6,22.382,0.403,12.264
3754.6,65.24,90.0,0.0,-7.0,6,24.986,0.441,12.387
3767.9,65.37,90.1,0.0,-6.1,6,28.895,0.503,12.639
3767.9,65.51,90.1,0.0,-6.1,6,32.807,0.565,12.969
3767.9,65.61,90.2,0.0,-7.9,6,35.416,0.602,13.225
3767.9,65.75,90.2,0.0,-10.5,6,39.332,0.648,13.664
3781.5,65.82,90.2,0.0,-11.0,6,41.941,0.681,14.002
3781.5,65.93,90.3,0.0,-10.8,6,45.850,0.734,14.578
3781.5,66.01,90.3,0.0,-10.0,6,48.453,0.770,15.008
3781.5,66.13,90.4,0.0,-9.3,6,52.352,0.825,15.723
3795.2,66.20,90.4,0.0,-9.3,6,54.946,0.862,16.245
3795.2,66.29,90.5,0.0,-9.1,6,58.827,0.917,17.101
3795.2,66.39,90.5,0.0,-8.6,6,61.407,0.954,17.720
3795.2,66.49,90.5,0.0,-8.3,6,65.265,1.011,18.719
3808.8,66.57,90.5,0.0,-7.9,6,67.829,1.049,19.431
3808.8,66.68,90.5,0.0,-7.7,6,71.660,1.105,20.569
3808.8,66.73,90.7,0.0,-7.4,6,74.204,1.143,21.374
3808.8,66.86,90.7,0.0,-7.0,6,78.003,1.200,22.650
3822.6,66.99,90.7,0.0,-7.2,6,81.780,1.258,24.007
3822.6,67.05,90.7,0.0,-7.3,6,84.287,1.296,24.956
3822.6,67.17,90.8,0.0,-6.9,6,88.028,1.353,26.444
3822.6,67.26,90.8,0.0,-6.6,6,90.508,1.392,27.481
3836.3,67.37,90.8,0.0,-7.1,6,94.207,1.453,29.100
3836.3,67.45,90.9,0.0,-7.3,6,96.659,1.493,30.222
3836.3,67.57,90.9,0.0,-7.7,6,100.314,1.555,31.968
3836.3,67.66,90.9,0.0,-7.7,6,102.735,1.597,33.172
3849.9,67.78,91.0,0.0,-7.4,6,106.342,1.661,35.040
3849.9,67.87,91.0,0.0,-7.0,6,108.731,1.704,36.325
3849.9,67.98,91.1,0.0,-6.9,6,112.288,1.768,38.312
3849.9,68.07,91.1,0.0,-6.9,6,114.642,1.811,39.676
3863.4,68.19,91.1,0.0,-7.0,6,118.145,1.875,41.781
3863.4,68.31,91.1,0.0,-7.4,6,121.614,1.937,43.955
3863.4,68.39,91.2,0.0,-7.7,6,123.908,1.977,45.442
3876.9,68.51,91.2,0.0,-7.8,6,127.320,2.036,47.727
3876.9,68.60,91.2,0.0,-7.6,6,129.574,2.074,49.288
3876.9,68.72,91.3,0.0,-7.7,6,132.924,2.128,51.685
3876.9,68.79,91.3,0.0,-7.7,6,135.135,2.163,53.319
3890.6,68.91,91.3,0.0,-7.4,6,138.418,2.211,55.825
3890.6,68.99,91.4,0.0,-7.5,6,140.584,2.242,57.532
3890.6,69.11,91.4,0.0,-7.6,6,143.798,2.282,60.145
3890.6,69.19,91.4,0.0,-7.0,6,145.918,2.305,61.921
3904.4,69.31,91.4,0.0,-6.0,6,149.063,2.331,64.636
3904.4,69.39,91.5,0.0,-4.8,6,151.135,2.346,66.480
3904.4,69.51,91.5,0.0,-3.2,6,154.207,2.366,69.295
3904.4,69.61,91.5,0.0,-2.4,6,156.232,2.377,71.203
3918.3,69.75,89.1,0.0,-1.7,6,159.240,2.391,74.106
3918.3,69.70,26.7,52.2,-1.2,6,162.217,2.406,77.051
3918.3,69.15,0.0,72.2,-0.9,6,164.178,2.415,79.020
3918.3,68.01,0.0,85.0,-0.1,6,167.069,2.429,81.952
3932.1,67.18,0.0,88.7,0.5,6,168.961,2.441,83.886
3932.1,65.91,0.0,91.8,0.8,6,171.748,2.461,86.749
3932.1,65.03,0.0,91.4,0.8,6,173.573,2.474,88.629
3932.1,63.73,0.0,91.9,0.5,6,176.265,2.494,91.404
3945.0,62.88,0.0,92.8,0.3,6,178.029,2.508,93.222
3945.0,61.58,31.2,92.7,0.2,0,180.633,2.526,95.902
3945.0,60.72,0.0,93.2,0.2,5,182.341,2.539,97.655
3945.0,59.41,0.0,91.7,0.3,5,184.862,2.558,100.235
3957.1,58.56,0.0,91.9,0.3,5,186.514,2.570,101.922
3957.1,57.29,0.0,91.9,0.5,5,188.952,2.586,104.402
3957.1,56.44,0.0,92.0,0.5,5,190.551,2.595,106.022
3957.1,55.16,0.0,91.4,0.5,5,192.909,2.608,108.403
3968.4,53.91,0.0,91.5,0.5,5,195.220,2.621,110.722
3968.4,53.07,32.5,92.0,0.6,0,196.735,2.631,112.234
3968.4,51.82,0.0,92.5,0.7,4,198.971,2.647,114.452
3968.4,50.54,0.0,91.5,1.1,4,201.161,2.666,116.608
3978.8,49.70,0.0,91.1,1.3,4,202.597,2.680,118.010
3978.8,48.46,0.0,91.5,1.8,4,204.715,2.703,120.060
3978.8,47.64,0.0,91.7,2.1,4,206.104,2.720,121.391
3978.8,46.39,0.0,91.6,2.4,4,208.152,2.745,123.333
3988.4,45.57,0.0,92.0,2.8,4,209.496,2.762,124.591
3988.4,44.34,36.0,92.1,3.2,0,211.479,2.785,126.422
3988.4,43.12,0.0,92.0,3.3,3,213.426,2.807,128.185
3988.4,42.31,0.0,90.8,3.0,3,214.703,2.821,129.323
3997.1,41.11,0.0,87.8,1.8,3,216.588,2.838,130.972
3997.1,40.35,0.0,80.3,0.9,3,217.826,2.849,132.034
3997.1,39.28,0.0,63.4,-0.9,3,219.658,2.862,133.570
3997.1,38.67,0.0,55.8,-2.2,3,220.867,2.869,134.556
4005.1,37.85,0.0,47.3,-2.6,3,222.670,2.877,135.979
4005.1,37.38,0.0,43.3,-1.9,3,223.868,2.881,136.890
4005.1,36.72,0.0,39.9,0.9,3,225.663,2.885,138.202
4005.1,36.30,0.0,38.0,4.1,3,226.859,2.886,139.042
4012.5,35.72,0.0,35.9,8.5,3,228.650,2.886,140.253
4012.5,35.36,37.8,36.1,10.1,0,229.841,2.885,141.029
4012.5,34.82,0.0,36.3,11.0,2,231.626,2.882,142.149
4012.5,34.44,0.0,35.5,11.1,2,232.812,2.880,142.866
4019.5,33.88,0.0,34.4,11.0,2,234.586,2.874,143.894
4019.5,33.34,0.0,32.2,11.1,2,236.355,2.867,144.866
4019.5,33.00,0.0,30.8,11.3,2,237.531,2.862,145.481
4026.0,32.52,0.0,23.1,12.1,2,239.292,2.853,146.356
4026.0,32.25,0.0,18.2,12.9,2,240.464,2.847,146.908
4026.0,31.92,0.0,13.2,14.6,2,242.225,2.838,147.688
4026.0,31.73,0.0,10.9,15.9,2,243.400,2.831,148.176
4032.2,31.48,0.0,7.3,18.2,2,245.168,2.822,148.863
4032.2,31.33,0.0,5.3,19.1,2,246.350,2.815,149.288
4032.2,31.13,0.0,5.2,19.9,2,248.129,2.805,149.878
4032.2,31.00,0.0,5.2,20.6,2,249.319,2.798,150.239
4038.1,30.80,0.0,4.6,21.7,2,251.107,2.787,150.728
4038.1,30.66,0.0,9.4,18.8,2,252.302,2.780,151.021
4038.1,30.42,0.0,7.2,16.0,2,254.093,2.767,151.409
4038.1,30.28,0.0,4.9,14.7,2,255.286,2.759,151.634
4044.0,30.09,0.0,6.2,14.5,2,257.074,2.747,151.924
4044.0,29.90,0.0,2.6,15.9,2,258.858,2.736,152.157
4044.0,29.80,0.1,0.2,17.2,2,260.046,2.730,152.282
4044.0,29.68,2.6,0.8,21.1,2,261.825,2.720,152.425
4051.0,29.58,0.7,0.1,24.2,2,263.009,2.715,152.489
4051.0,29.47,8.7,0.0,28.0,2,264.780,2.708,152.535
4051.0,29.41,9.2,0.0,29.9,2,265.957,2.704,152.530
4051.0,29.31,10.5,0.0,31.9,2,267.718,2.700,152.466
4057.7,29.27,17.4,0.0,33.3,2,268.886,2.699,152.385
4057.7,29.21,13.7,0.0,36.5,2,270.632,2.699,152.207
4057.7,29.15,14.5,0.0,39.2,2,271.789,2.699,152.051
4057.7,29.04,9.8,0.0,43.3,2,273.511,2.701,151.761
4065.7,28.96,10.5,0.0,45.9,2,274.648,2.703,151.531
4065.7,28.81,7.9,0.0,48.8,2,276.333,2.709,151.127
4065.7,28.69,6.5,0.0,52.4,2,277.442,2.716,150.820
4065.7,28.55,10.5,0.0,58.3,2,279.081,2.727,150.306
4072.7,28.39,38.5,0.0,64.2,0,280.689,2.740,149.730
4072.7,28.23,6.6,0.0,63.8,1,281.741,2.751,149.309
4072.7,28.04,11.3,0.0,61.5,1,283.284,2.771,148.625
4072.7,27.92,11.3,0.0,59.5,1,284.288,2.788,148.132
4080.4,27.77,11.3,0.0,61.2,1,285.760,2.817,147.342
4080.4,27.67,11.2,0.0,59.7,1,286.718,2.837,146.783
4080.4,27.52,11.0,0.0,57.6,1,288.119,2.869,145.901
4080.4,27.42,11.1,0.0,60.5,1,289.029,2.889,145.285
4086.4,27.27,11.1,0.0,57.2,1,290.356,2.921,144.321
4086.4,27.17,11.5,0.0,56.5,1,291.214,2.943,143.651
4086.4,27.04,12.7,0.0,54.7,1,292.462,2.976,142.608
4086.4,26.96,13.6,0.0,53.1,1,293.267,3.000,141.888
4091.9,26.86,15.7,0.0,49.8,1,294.433,3.036,140.771
4091.9,26.81,18.2,0.0,47.3,1,295.183,3.060,140.004
4091.9,26.79,25.4,0.0,42.4,1,296.267,3.095,138.817
4091.9,26.83,32.0,0.0,39.0,1,296.965,3.117,138.004
4097.1,26.98,49.6,0.0,33.5,1,297.975,3.148,136.746
4097.1,27.33,56.5,0.0,26.6,1,298.948,3.178,135.441
4097.1,27.51,46.5,0.0,21.2,1,299.577,3.196,134.543
4097.1,27.80,50.9,0.0,13.0,1,300.487,3.223,133.157
4102.4,27.98,50.6,0.0,8.4,1,301.073,3.239,132.209
4102.4,28.33,58.2,0.0,4.1,1,301.922,3.261,130.750
4102.4,28.61,61.7,0.0,3.0,1,302.471,3.275,129.753
4102.4,29.10,75.6,0.0,3.6,1,303.273,3.295,128.220
4107.9,29.47,76.7,0.0,4.7,1,303.795,3.307,127.172
4107.9,30.02,76.9,0.0,7.2,1,304.561,3.324,125.562
4107.9,30.39,75.3,0.0,8.5,1,305.061,3.334,124.463
4107.9,30.92,73.9,0.0,9.9,1,305.792,3.349,122.776
4113.8,31.26,73.9,0.0,10.8,1,306.265,3.359,121.627
4113.8,31.76,73.4,0.0,12.0,1,306.952,3.373,119.866
4113.8,32.24,74.5,0.0,12.6,1,307.608,3.387,118.064
4113.8,32.56,76.2,0.0,12.7,1,308.028,3.396,116.838
4120.1,33.05,77.0,0.0,12.9,1,308.629,3.408,114.965
4120.1,33.37,78.2,0.0,12.4,1,309.009,3.416,113.693
4120.1,33.85,78.4,0.0,10.8,1,309.544,3.428,111.749
4120.1,34.17,77.4,0.0,8.9,1,309.876,3.436,110.431
4126.8,34.33,0.0,0.0,7.2,0,310.335,3.449,108.424
4126.8,34.48,84.2,0.0,7.3,2,310.609,3.458,107.078
4126.8,34.99,84.4,0.0,8.3,2,310.981,3.474,105.028
4126.8,35.33,84.5,0.0,9.0,2,311.204,3.485,103.640
4133.8,35.83,80.1,0.0,12.1,2,311.502,3.504,101.528
4133.8,36.06,51.6,0.0,12.4,2,311.673,3.518,100.100
4133.8,36.10,8.8,0.1,10.5,2,311.885,3.540,97.944
4133.8,35.98,0.4,19.2,9.1,2,311.998,3.556,96.506
4140.9,35.55,0.0,38.9,6.1,2,312.127,3.580,94.362
4140.9,35.13,0.0,42.5,4.2,2,312.190,3.598,92.949
4140.9,34.39,0.0,63.4,2.3,2,312.257,3.628,90.862
4147.7,33.47,0.0,72.8,0.6,2,312.299,3.660,88.825
4147.7,32.82,0.0,76.5,-0.9,2,312.317,3.682,87.498
4147.7,31.77,0.0,79.6,-3.5,2,312.338,3.716,85.559
4147.7,31.07,0.0,80.6,-5.0,2,312.350,3.739,84.301
4153.8,29.99,0.0,80.6,-7.0,0,312.373,3.772,82.468
4153.8,29.32,30.1,72.8,-8.1,0,312.394,3.794,81.280
4153.8,28.36,0.0,52.6,-9.0,1,312.438,3.826,79.549
4153.8,27.86,0.0,42.1,-9.8,1,312.480,3.846,78.425
4159.3,27.26,0.0,31.7,-11.6,1,312.566,3.874,76.774
4159.3,26.77,0.0,24.5,-14.0,1,312.683,3.900,75.157
4159.3,26.49,0.0,20.6,-15.5,1,312.779,3.916,74.096
4159.3,26.13,0.0,16.2,-17.4,1,312.955,3.937,72.527
4164.4,25.91,0.0,15.3,-18.3,1,313.093,3.951,71.495
4164.4,25.60,0.0,13.6,-19.4,1,313.334,3.970,69.968
4164.4,25.41,0.0,12.3,-20.1,1,313.518,3.982,68.964
4164.4,25.14,0.0,10.8,-20.9,1,313.828,3.998,67.480
4169.4,24.96,0.0,11.7,-20.6,1,314.058,4.008,66.504
4169.4,24.70,0.0,11.2,-21.2,1,314.439,4.021,65.063
4169.4,24.52,0.0,10.6,-22.2,1,314.715,4.030,64.118
4169.4,24.27,0.0,10.1,-23.6,1,315.164,4.040,62.725
4174.3,24.10,0.0,10.3,-24.0,1,315.487,4.046,61.812
4174.3,23.86,0.0,8.6,-24.7,1,316.007,4.054,60.470
4174.3,23.70,0.0,7.2,-25.6,1,316.376,4.058,59.593
4174.3,23.50,0.0,5.8,-27.1,1,316.966,4.063,58.305
4179.0,23.30,0.0,5.8,-28.1,1,317.598,4.066,57.052
4179.0,23.17,0.0,5.5,-28.5,1,318.043,4.066,56.236
4179.0,22.98,0.0,4.7,-28.9,1,318.745,4.066,55.042
4179.0,22.86,0.0,4.0,-29.1,1,319.235,4.065,54.268
4183.5,22.68,0.0,5.5,-29.3,1,320.005,4.063,53.138
4183.5,22.56,0.0,5.8,-29.4,1,320.539,4.059,52.408
4183.5,22.36,0.0,5.7,-29.6,1,321.369,4.053,51.346
4183.5,22.23,0.0,5.9,-29.7,1,321.942,4.049,50.662
4187.6,22.04,0.0,6.6,-29.7,1,322.830,4.041,49.674
4187.6,21.91,0.0,8.0,-29.8,1,323.439,4.035,49.039
4187.6,21.70,0.0,7.7,-29.4,1,324.377,4.026,48.127
4187.6,21.56,0.0,7.4,-29.9,1,325.017,4.020,47.545
4191.6,21.36,0.0,6.3,-31.6,1,325.998,4.010,46.710
4191.6,21.24,0.0,5.3,-33.0,1,326.666,4.003,46.180
4191.6,21.05,0.0,5.4,-35.2,1,327.686,3.991,45.426
4191.6,20.90,5.2,0.0,-38.4,1,328.730,3.978,44.723
4195.7,20.92,31.6,0.0,-39.8,1,329.800,3.964,44.069
4195.7,21.04,43.0,0.0,-40.5,1,330.531,3.955,43.660
4195.7,21.30,55.2,0.0,-42.2,1,331.660,3.940,43.079
4195.7,21.53,68.2,0.0,-38.3,1,332.434,3.929,42.715
4200.0,21.87,45.5,0.0,-41.1,1,333.632,3.914,42.203
4200.0,22.00,50.0,0.0,-42.1,1,334.451,3.903,41.889
4200.0,22.23,42.2,0.0,-39.1,1,335.707,3.887,41.463
4200.0,22.40,48.4,0.0,-35.5,1,336.562,3.876,41.210
4204.9,22.68,52.1,0.0,-37.0,1,337.873,3.862,40.878
4204.9,22.87,52.9,0.0,-37.4,1,338.763,3.852,40.689
4204.9,23.16,54.8,0.0,-35.9,1,340.122,3.838,40.452
4204.9,23.37,52.5,0.0,-34.8,1,341.044,3.830,40.326
4210.1,23.67,53.0,0.0,-37.7,1,342.448,3.817,40.186
4210.1,23.98,54.5,0.0,-42.0,1,343.874,3.805,40.104
4210.1,24.16,44.6,0.0,-44.9,1,344.837,3.797,40.081
4215.7,24.27,27.2,0.0,-49.7,1,346.290,3.785,40.098
4215.7,24.29,22.6,0.0,-53.2,1,347.260,3.778,40.144
4215.7,24.26,18.6,0.0,-58.5,1,348.712,3.768,40.264
4215.7,24.22,16.1,0.0,-60.4,1,349.675,3.762,40.378
4221.6,24.13,17.5,0.0,-61.7,1,351.109,3.755,40.601
4221.6,24.11,20.4,0.0,-61.8,1,352.056,3.750,40.784
4221.6,24.03,13.7,0.0,-64.6,1,353.463,3.745,41.111
4221.6,23.95,12.3,0.0,-65.1,1,354.389,3.742,41.363
4227.4,23.84,11.1,0.0,-61.1,1,355.758,3.739,41.791
4227.4,23.77,15.3,0.0,-57.4,1,356.655,3.737,42.109
4227.4,23.74,20.2,0.0,-50.0,1,357.980,3.736,42.636
4227.4,23.74,25.5,0.0,-44.9,1,358.848,3.735,43.020
4233.1,23.92,59.4,0.0,-35.8,1,360.132,3.736,43.644
4233.1,24.41,67.4,0.0,-26.3,1,361.409,3.738,44.328
4233.1,24.71,68.4,0.0,-20.2,1,362.260,3.740,44.818
4233.1,25.21,72.9,0.0,-12.5,1,363.535,3.746,45.600
4238.6,25.58,75.5,0.0,-9.6,1,364.387,3.751,46.152
4238.6,26.15,75.3,0.0,-8.7,1,365.669,3.760,47.024
4238.6,26.51,73.0,0.0,-10.1,1,366.527,3.768,47.634
4238.6,27.03,71.0,0.0,-13.2,1,367.817,3.779,48.589
4244.0,27.37,70.7,0.0,-15.5,1,368.679,3.788,49.252
4244.0,27.86,70.1,0.0,-16.8,1,369.972,3.800,50.287
4244.0,28.19,70.6,0.0,-16.8,1,370.832,3.808,51.005
4244.0,28.70,73.1,0.0,-17.0,1,372.118,3.820,52.125
4249.5,29.05,76.0,0.0,-17.9,1,372.972,3.827,52.901
4249.5,29.57,76.8,0.0,-15.6,1,374.246,3.838,54.111
4249.5,29.91,70.9,0.0,-14.1,1,375.089,3.845,54.950
4249.5,30.42,77.0,0.0,-13.2,1,376.342,3.854,56.254
4255.2,30.94,76.1,0.0,-12.4,1,377.578,3.864,57.617
4255.2,31.26,75.0,0.0,-14.1,1,378.391,3.870,58.558
4255.2,31.74,73.2,0.0,-16.6,1,379.591,3.879,60.017
4255.2,32.05,73.6,0.0,-16.3,1,380.376,3.884,61.023
4267.6,34.34,81.6,0.0,-5.9,2,387.043,3.913,71.787
4274.2,34.83,84.3,0.0,-4.1,2,387.932,3.917,73.660
4274.2,35.17,84.5,0.0,-3.7,2,388.507,3.919,74.936
4274.2,35.70,84.6,0.0,-4.5,2,389.349,3.919,76.887
4274.2,36.05,84.7,0.0,-5.5,2,389.899,3.917,78.211
4281.3,36.50,85.1,0.0,-6.6,2,390.706,3.916,80.233
4281.3,36.87,84.5,0.0,-6.0,2,391.234,3.914,81.601
4281.3,37.38,83.0,0.0,-5.1,2,392.011,3.910,83.688
4281.3,37.69,83.7,0.0,-4.4,2,392.518,3.905,85.101
4296.3,40.65,83.9,0.0,-2.5,3,397.251,3.871,100.899
4304.2,40.97,83.9,0.0,-2.6,3,397.655,3.869,102.480
4304.2,41.40,84.0,0.0,-2.1,3,398.251,3.866,104.876
4304.2,41.68,84.1,0.0,-2.5,3,398.643,3.862,106.490
4304.2,42.11,84.2,0.0,-3.1,3,399.220,3.858,108.936
4312.4,42.52,84.4,0.0,-3.7,3,399.784,3.857,111.410
4312.4,42.81,84.4,0.0,-4.6,3,400.154,3.855,113.076
4312.4,43.23,84.5,0.0,-5.3,3,400.695,3.852,115.599
4312.4,43.51,84.6,0.0,-5.4,3,401.045,3.850,117.298
4320.9,43.93,84.7,0.0,-5.5,3,401.548,3.847,119.871
4320.9,44.20,84.8,0.0,-5.5,3,401.868,3.845,121.604
4320.9,44.61,84.9,0.0,-5.6,3,402.324,3.842,124.228
4320.9,44.89,85.0,0.0,-5.6,3,402.611,3.840,125.994
4329.6,45.29,85.1,0.0,-5.4,3,403.015,3.836,128.668
4329.6,45.56,85.1,0.0,-5.2,3,403.266,3.832,130.468
4329.6,45.96,85.2,0.0,-5.2,3,403.613,3.826,133.190
4329.6,46.23,85.3,0.0,-5.2,3,403.825,3.822,135.021
4338.7,46.62,85.4,0.0,-5.4,3,404.113,3.815,137.791
4338.7,46.88,85.4,0.0,-5.4,3,404.285,3.811,139.653
4338.7,47.27,85.5,0.0,-5.7,3,404.513,3.805,142.467
4338.7,47.66,85.6,0.0,-5.9,3,404.704,3.798,145.308
4348.0,47.91,85.7,0.0,-5.7,3,404.809,3.793,147.216
4348.0,48.29,85.7,0.0,-5.6,3,404.933,3.786,150.098
4348.0,48.53,85.8,0.0,-6.1,3,404.992,3.782,152.033
4348.0,48.90,85.9,0.0,-6.7,3,405.044,3.775,154.955
4357.5,49.14,85.9,0.0,-7.0,3,405.055,3.771,156.915
4357.5,49.50,86.0,0.0,-7.2,3,405.031,3.764,159.874
4357.5,49.74,86.0,0.0,-7.3,3,404.986,3.759,161.858
4357.5,50.08,86.1,0.0,-7.1,3,404.877,3.753,164.850
4367.3,50.32,86.1,0.0,-7.8,3,404.776,3.748,166.855
4367.3,50.66,86.2,0.0,-6.6,0,404.578,3.740,169.877
4367.3,50.63,84.2,0.0,-5.8,4,404.325,3.733,172.905
4367.3,50.84,84.3,0.0,-5.7,4,404.126,3.728,174.924
4377.3,51.15,84.3,0.0,-7.6,4,403.785,3.720,177.964
4377.3,51.35,84.4,0.0,-9.4,4,403.528,3.715,179.998
4377.3,51.65,84.5,0.0,-11.5,4,403.094,3.707,183.057
4377.3,51.84,84.6,0.0,-12.1,4,402.771,3.701,185.101
4387.5,52.12,84.8,0.0,-12.2,4,402.232,3.693,188.172
4387.5,52.30,85.0,0.0,-11.7,4,401.833,3.687,190.222
4387.5,52.58,85.1,0.0,-11.1,4,401.173,3.681,193.297
4387.5,52.75,85.3,0.0,-11.3,4,400.691,3.677,195.347
4398.1,53.02,85.4,0.0,-11.0,4,399.904,3.671,198.421
4398.1,53.19,85.5,0.0,-10.7,4,399.336,3.667,200.467
4398.1,53.45,85.7,0.0,-11.4,4,398.417,3.665,203.531
4409.5,53.71,85.8,0.0,-12.6,4,397.421,3.664,206.587
4409.5,53.89,85.9,0.0,-13.9,4,396.716,3.662,208.620
4409.5,54.14,86.0,0.0,-15.0,4,395.595,3.660,211.660
4409.5,54.30,86.1,0.0,-14.8,4,394.804,3.661,213.679
4421.1,54.55,86.3,0.0,-13.8,4,393.550,3.667,216.693
4421.1,54.70,86.4,0.0,-13.1,4,392.671,3.672,218.693
4421.1,54.95,86.5,0.0,-12.1,4,391.288,3.679,221.677
4421.1,55.11,86.6,0.0,-11.8,4,390.323,3.684,223.655
4432.7,55.34,86.8,0.0,-11.7,4,388.810,3.693,226.602
4432.7,55.51,86.8,0.0,-12.0,4,387.759,3.699,228.553
4432.7,55.75,87.0,0.0,-12.5,4,386.123,3.705,231.462
4432.7,55.92,87.0,0.0,-12.6,4,384.993,3.707,233.388
4443.9,56.15,87.2,0.0,-12.0,4,383.241,3.706,236.256
4443.9,56.31,87.2,0.0,-10.9,4,382.032,3.706,238.152
4443.9,56.55,87.4,0.0,-8.5,4,380.157,3.707,240.971
4443.9,56.79,87.5,0.0,-6.7,4,378.212,3.710,243.759
4455.0,56.96,87.5,0.0,-6.5,4,376.876,3.714,245.600
4455.0,57.22,87.7,0.0,-6.2,4,374.820,3.722,248.339
4455.0,57.39,87.7,0.0,-7.0,4,373.416,3.727,250.150
4455.0,57.66,87.8,0.0,-6.2,4,371.263,3.736,252.848
4466.3,57.83,87.9,0.0,-5.4,4,369.798,3.742,254.632
4466.3,58.10,88.0,0.0,-4.7,4,367.556,3.752,257.290
4466.3,58.27,88.1,0.0,-4.8,4,366.034,3.758,259.050
4466.3,58.53,88.2,0.0,-4.6,4,363.711,3.767,261.673
4477.9,58.71,88.3,0.0,-4.4,4,362.137,3.772,263.411
4477.9,58.96,88.4,0.0,-4.2,4,359.738,3.778,265.999
4477.9,59.14,88.5,0.0,-4.3,4,358.114,3.782,267.714
4477.9,59.40,88.6,0.0,-4.6,4,355.641,3.786,270.269
4489.6,59.57,88.7,0.0,-4.7,4,353.969,3.786,271.961
4489.6,59.82,88.7,0.0,-4.5,4,351.423,3.786,274.480
4489.6,60.08,88.6,0.0,-4.8,4,348.834,3.787,276.976
4489.6,60.24,88.9,0.0,-4.5,4,347.084,3.787,278.627
4501.6,60.45,89.1,0.0,-3.5,0,344.422,3.792,281.081
4501.6,60.41,0.0,0.0,-1.8,0,342.626,3.795,282.701
4501.6,60.57,87.9,0.0,-0.8,5,339.910,3.796,285.104
4501.6,60.73,88.0,0.0,-0.4,5,338.079,3.797,286.694
4513.7,60.95,88.2,0.0,-0.8,5,335.305,3.799,289.066
4513.7,61.11,88.3,0.0,-1.2,5,333.440,3.803,290.642
4513.7,61.40,88.3,0.0,-0.9,5,330.623,3.806,293.004
4513.7,61.57,88.2,0.0,-0.5,5,328.734,3.803,294.578
4525.9,61.81,88.3,0.0,0.0,5,325.884,3.799,296.940
4525.9,61.96,88.4,0.0,0.3,5,323.974,3.798,298.514
4525.9,62.19,88.5,0.0,0.3,5,321.098,3.797,300.880
4525.9,62.34,88.6,0.0,0.3,5,319.174,3.796,302.461
4550.9,63.77,89.1,0.0,0.6,5,300.713,3.827,317.733
4576.5,65.21,89.7,0.0,0.5,5,281.044,3.816,334.421
4576.5,65.35,89.7,0.0,0.3,5,279.066,3.809,336.125
4589.5,65.55,89.8,0.0,0.3,5,276.096,3.806,338.693
4589.5,65.69,89.9,0.0,0.3,5,274.113,3.806,340.412
4589.5,65.90,90.0,0.0,0.3,5,271.133,3.808,343.001
4589.5,66.04,90.0,0.0,0.2,5,269.143,3.810,344.734
4602.6,66.24,90.0,0.0,0.1,5,266.153,3.813,347.342
4602.6,66.37,90.1,0.0,0.0,5,264.156,3.817,349.087
4602.6,66.58,90.2,0.0,-0.0,5,261.155,3.827,351.712
4602.6,66.70,90.2,0.0,0.1,5,259.149,3.836,353.468
4615.9,66.91,90.3,0.0,0.1,5,256.135,3.849,356.109
4615.9,67.04,90.4,0.0,0.1,5,254.121,3.859,357.875
4615.9,67.24,90.4,0.0,0.1,5,251.092,3.870,360.530
4629.3,67.42,90.5,0.0,0.1,5,248.056,3.884,363.194
4629.3,67.55,90.5,0.0,0.2,5,246.027,3.895,364.974
4629.3,67.75,90.6,0.0,0.3,5,242.976,3.907,367.651
4629.3,67.88,90.6,0.0,0.1,5,240.938,3.914,369.440
4642.9,68.06,90.7,0.0,-0.0,5,237.874,3.923,372.131
4642.9,68.19,90.7,0.0,0.0,5,235.827,3.928,373.930
4642.9,68.38,90.8,0.0,0.1,5,232.750,3.931,376.634
4642.9,68.50,90.8,0.0,0.1,5,230.694,3.931,378.442
4656.6,68.69,90.9,0.0,0.0,5,227.603,3.929,381.159
4656.6,68.81,90.9,0.0,-0.0,5,225.539,3.927,382.976
4656.6,69.00,91.0,0.0,-0.0,5,222.435,3.922,385.707
4656.6,69.12,91.0,0.0,0.0,5,220.362,3.918,387.531
4670.3,69.30,91.1,0.0,0.1,5,217.246,3.914,390.275
4670.3,69.42,91.1,0.0,0.1,5,215.163,3.910,392.108
4670.3,69.60,91.2,0.0,0.0,5,212.034,3.903,394.864
4670.3,69.78,91.3,0.0,-0.0,5,208.897,3.895,397.627
4684.3,69.89,91.3,0.0,0.0,5,206.801,3.890,399.473
4684.3,70.06,91.4,0.0,0.0,5,203.652,3.884,402.249
4684.3,70.17,91.4,0.0,0.1,5,201.548,3.881,404.104
4684.3,70.35,91.5,0.0,0.1,5,198.386,3.875,406.891
4698.3,70.46,91.5,0.0,0.0,5,196.274,3.872,408.754
4698.3,70.55,0.0,0.0,0.0,0,193.100,3.868,411.553
4698.3,70.49,90.6,0.0,0.0,6,190.986,3.864,413.419
4698.3,70.64,90.7,0.0,0.0,6,187.812,3.858,416.221
4712.4,70.75,90.7,0.0,0.1,6,185.692,3.855,418.093
4712.4,70.91,90.8,0.0,0.1,6,182.508,3.851,420.906
4712.4,71.01,90.8,0.0,0.1,6,180.381,3.849,422.786
4712.4,71.17,90.8,0.0,0.1,6,177.186,3.846,425.611
4726.6,71.27,90.9,0.0,0.1,6,175.053,3.843,427.499
4726.6,71.43,90.9,0.0,0.1,6,171.848,3.836,430.337
4726.6,71.58,91.0,0.0,0.1,6,168.637,3.830,433.182
4726.6,71.68,91.0,0.0,0.1,6,166.494,3.827,435.083
4740.9,71.83,91.1,0.0,0.1,6,163.274,3.824,437.942
4740.9,71.93,91.1,0.0,0.1,6,161.125,3.823,439.852
4740.9,72.09,91.1,0.0,0.1,6,157.897,3.822,442.723
4740.9,72.19,91.2,0.0,0.1,6,155.742,3.823,444.641
4755.3,72.33,91.2,0.0,0.1,6,152.504,3.826,447.524
4755.3,72.43,91.2,0.0,0.1,6,150.343,3.829,449.451
4755.3,72.58,91.3,0.0,0.1,6,147.097,3.833,452.347
4755.3,72.68,91.3,0.0,0.1,6,144.930,3.835,454.282
4769.9,72.82,91.3,0.0,0.1,6,141.676,3.837,457.190
4769.9,72.92,91.4,0.0,0.0,6,139.503,3.839,459.133
4769.9,73.06,91.4,0.0,0.0,6,136.239,3.843,462.052
4769.9,73.16,91.4,0.0,0.0,6,134.061,3.844,464.003
4784.4,73.30,91.5,0.0,0.0,6,130.788,3.846,466.933
4784.4,73.44,91.5,0.0,0.0,6,127.509,3.848,469.870
4784.4,73.52,91.6,0.0,0.0,6,125.320,3.850,471.832
4784.4,73.67,91.6,0.0,0.1,6,122.032,3.852,474.779
4799.1,73.76,91.6,0.0,0.1,6,119.836,3.853,476.747
4799.1,73.90,91.7,0.0,0.0,6,116.538,3.853,479.704
4799.1,73.99,91.7,0.0,-0.0,6,114.336,3.853,481.678
4799.1,74.12,91.7,0.0,-0.1,6,111.028,3.851,484.645
4813.9,74.22,91.7,0.0,-0.0,6,108.820,3.849,486.625
4813.9,74.35,91.8,0.0,-0.0,6,105.502,3.843,489.601
4813.9,74.44,91.8,0.0,-0.0,6,103.286,3.838,491.587
4813.9,74.57,91.8,0.0,0.0,6,99.958,3.829,494.571
4828.8,74.66,91.9,0.0,0.0,6,97.735,3.824,496.563
4828.8,74.79,91.9,0.0,0.0,6,94.397,3.814,499.556
4828.8,74.88,91.9,0.0,0.0,6,92.168,3.805,501.553
4828.8,75.01,92.0,0.0,-0.0,6,88.819,3.790,504.554
4843.8,75.14,92.0,0.0,-0.0,6,85.465,3.772,507.561
4843.8,75.23,92.0,0.0,-0.0,6,83.225,3.759,509.568
4843.8,75.35,92.1,0.0,-0.0,6,79.861,3.739,512.583
4843.8,75.44,92.1,0.0,-0.0,6,77.615,3.726,514.595
4858.8,75.57,92.1,0.0,-0.0,6,74.242,3.705,517.618
4858.8,75.65,92.1,0.0,-0.1,6,71.989,3.690,519.636
4858.8,75.78,92.2,0.0,-0.1,6,68.605,3.668,522.667
4858.8,75.86,92.2,0.0,-0.1,6,66.346,3.652,524.690
4874.0,75.99,92.2,0.0,-0.1,6,62.952,3.627,527.728
4874.0,76.07,92.3,0.0,-0.1,6,60.685,3.609,529.756
4874.0,76.20,92.3,0.0,-0.2,6,57.281,3.581,532.800
4874.0,76.28,92.3,0.0,-0.1,6,55.007,3.560,534.832
4889.2,76.41,92.3,0.0,0.0,6,51.591,3.526,537.883
4889.2,76.49,92.4,0.0,0.1,6,49.309,3.503,539.919
4889.2,76.61,92.4,0.0,0.2,6,45.883,3.466,542.977
4904.5,76.73,92.4,0.0,0.2,6,42.450,3.426,546.039
4904.5,76.81,92.4,0.0,0.2,6,40.160,3.398,548.084
4904.5,76.93,92.5,0.0,0.1,6,36.721,3.352,551.157
4904.5,77.01,92.5,0.0,0.1,6,34.427,3.317,553.210
4919.9,77.13,92.5,0.0,0.1,6,30.982,3.260,556.294
4919.9,77.20,92.6,0.0,0.1,6,28.684,3.222,558.354
4919.9,77.33,92.6,0.0,0.0,6,25.233,3.164,561.450
4919.9,77.41,92.6,0.0,0.0,6,22.931,3.126,563.518
4935.3,77.53,92.6,0.0,0.0,6,19.475,3.067,566.624
4935.3,77.61,92.6,0.0,0.0,6,17.168,3.027,568.698
4935.3,77.72,92.7,0.0,-0.1,6,13.704,2.967,571.814
4935.3,77.80,92.7,0.0,-0.3,6,11.392,2.928,573.894
4950.9,77.91,92.7,0.0,-0.3,6,7.919,2.870,577.017
4950.9,77.98,92.7,0.0,-0.4,6,5.599,2.833,579.100
4950.9,78.07,78.8,0.0,-0.3,6,2.114,2.780,582.225
4950.9,77.82,9.2,68.1,-0.4,6,-1.376,2.720,585.346
4966.4,77.11,0.0,81.1,-0.4,6,-3.690,2.677,587.410
4966.4,75.85,0.0,88.7,-0.3,6,-7.120,2.619,590.462
4966.4,74.99,0.0,90.8,-0.3,6,-9.378,2.583,592.466
4966.4,73.65,0.0,91.3,-0.4,6,-12.719,2.529,595.422
4981.4,72.77,0.0,91.5,-0.5,6,-14.916,2.494,597.360
4981.4,71.44,0.0,91.5,-0.5,6,-18.167,2.445,600.218
4981.4,70.56,0.0,91.6,-0.5,6,-20.304,2.413,602.091
4981.4,69.25,0.0,92.5,-0.6,6,-23.465,2.364,604.852
4995.6,68.36,0.0,91.9,-0.7,6,-25.542,2.330,606.659
4995.6,67.06,0.0,91.8,-0.6,6,-28.615,2.279,609.320
4995.6,66.18,0.0,91.4,-0.6,6,-30.634,2.245,611.061
4995.6,64.88,0.0,91.6,-0.7,6,-33.621,2.198,613.621
5008.8,63.59,0.0,92.0,-0.8,6,-36.558,2.154,616.120
5008.8,62.73,0.0,92.1,-1.0,6,-38.488,2.125,617.753
5008.8,61.45,29.2,92.5,-1.1,0,-41.342,2.082,620.151
5008.8,60.60,0.0,92.6,-1.2,5,-43.217,2.054,621.716
5021.2,59.32,0.0,92.5,-1.2,5,-45.990,2.011,624.011
5021.2,58.46,0.0,92.1,-1.6,5,-47.811,1.983,625.507
5021.2,57.18,0.0,91.7,-2.0,5,-50.505,1.941,627.697
5021.2,56.33,0.0,91.7,-2.5,5,-52.275,1.914,629.121
5032.7,55.07,0.0,91.4,-2.9,5,-54.894,1.874,631.201
5032.7,54.23,0.0,91.9,-3.1,5,-56.617,1.848,632.549
5032.7,53.00,26.0,92.6,-3.2,0,-59.167,1.810,634.513
5032.7,52.16,0.0,90.2,-3.0,4,-60.846,1.785,635.782
5043.3,50.93,0.0,83.4,-2.4,4,-63.332,1.747,637.626
5043.3,50.15,0.0,71.4,-1.8,4,-64.969,1.722,638.814
5043.3,49.17,0.0,56.5,-1.5,4,-67.404,1.686,640.533
5043.3,48.35,0.0,48.6,-2.2,4,-69.823,1.651,642.179
5053.2,47.85,0.0,45.8,-3.4,4,-71.430,1.629,643.238
5053.2,47.13,0.0,49.3,-5.3,4,-73.834,1.595,644.771
5053.2,46.64,0.0,50.9,-6.3,4,-75.431,1.574,645.756
5053.2,45.89,0.0,47.7,-7.4,4,-77.815,1.542,647.180
5062.4,45.41,0.0,43.2,-7.4,4,-79.397,1.520,648.094
5062.4,44.77,0.0,35.4,-6.8,4,-81.761,1.489,649.410
5062.4,44.39,0.0,28.0,-6.5,4,-83.333,1.468,650.253
5062.4,43.94,0.0,22.0,-7.5,4,-85.690,1.436,651.465
5071.2,43.67,0.0,17.8,-8.2,4,-87.262,1.414,652.241
5071.2,43.34,0.0,21.4,-9.1,4,-89.623,1.381,653.354
5071.2,43.06,0.0,31.5,-9.7,4,-91.199,1.359,654.063
5071.2,42.54,37.1,41.2,-10.1,0,-93.561,1.327,655.076
5079.8,42.14,0.0,33.6,-9.6,3,-95.130,1.306,655.715
5079.8,41.63,0.0,18.9,-9.0,3,-97.475,1.275,656.619
5079.8,41.27,0.0,12.1,-9.4,3,-99.816,1.245,657.458
5079.8,41.08,0.0,8.7,-10.3,3,-101.378,1.224,657.982
5088.1,40.83,0.0,5.9,-11.8,3,-103.723,1.194,658.716
5088.1,40.69,0.0,3.5,-12.6,3,-105.289,1.173,659.170
5088.1,40.50,0.0,2.5,-13.3,3,-107.642,1.143,659.800
5088.1,40.39,0.0,2.5,-14.0,3,-109.213,1.124,660.185
5096.6,40.21,0.0,2.8,-14.5,3,-111.573,1.095,660.710
5096.6,40.08,0.0,3.5,-14.4,3,-113.148,1.075,661.024
5096.6,39.89,0.0,3.7,-14.2,3,-115.511,1.046,661.441
5096.6,39.76,0.0,3.8,-14.4,3,-117.086,1.028,661.682
5104.9,39.56,0.0,3.8,-14.2,3,-119.446,1.000,661.988
5104.9,39.43,0.0,3.5,-13.8,3,-121.017,0.983,662.154
5104.9,39.23,0.0,4.2,-13.2,3,-123.369,0.958,662.346
5113.0,39.03,0.0,3.9,-13.4,3,-125.714,0.936,662.470
5113.0,38.90,0.0,4.3,-13.1,3,-127.272,0.922,662.516
5113.0,38.70,0.0,3.9,-14.0,3,-129.600,0.901,662.532
5113.0,38.58,0.0,3.6,-14.7,3,-131.146,0.887,662.508
5121.2,38.38,0.0,5.2,-13.6,3,-133.453,0.866,662.419
5121.2,38.24,0.0,5.1,-14.1,3,-134.983,0.853,662.325
5121.2,38.04,0.0,4.3,-14.1,3,-137.264,0.834,662.133
5121.2,37.91,0.0,2.0,-15.0,3,-138.774,0.821,661.970
5129.1,37.75,0.0,1.0,-14.8,3,-141.024,0.803,661.675
5129.1,37.64,0.0,2.2,-13.3,3,-142.515,0.790,661.444
5129.1,37.48,0.0,2.4,-12.4,3,-144.733,0.772,661.048
5129.1,37.37,0.0,3.1,-13.8,3,-146.201,0.761,660.751
5137.2,37.20,0.0,1.9,-16.4,3,-148.383,0.744,660.259
5137.2,37.03,0.0,1.8,-18.4,3,-150.541,0.728,659.708
5137.2,36.92,0.0,1.4,-19.3,3,-151.965,0.717,659.308
5137.2,36.76,0.0,0.8,-20.0,3,-154.078,0.702,658.658
5153.0,35.58,12.0,0.0,-16.3,3,-166.607,0.634,653.115
5153.0,35.51,8.1,0.0,-16.1,3,-167.829,0.633,652.387
5161.1,35.39,6.1,0.0,-17.5,3,-169.627,0.631,651.250
5161.1,35.30,3.4,1.6,-19.9,3,-170.802,0.628,650.463
5161.1,35.14,7.4,0.0,-24.9,3,-172.527,0.621,649.242
5161.1,35.08,21.6,0.0,-28.0,3,-173.651,0.617,648.400
5168.7,35.06,33.7,0.0,-29.4,3,-175.296,0.616,647.089
5168.7,35.11,44.0,0.0,-30.6,3,-176.366,0.618,646.182
5168.7,35.24,51.5,0.0,-33.0,3,-177.938,0.623,644.775
5168.7,35.32,50.2,0.0,-34.8,3,-178.966,0.626,643.808
5176.7,35.43,44.3,0.0,-36.8,3,-180.473,0.629,642.314
5176.7,35.44,28.2,0.0,-37.7,3,-181.934,0.633,640.768
5176.7,35.41,24.7,0.0,-37.3,3,-182.877,0.637,639.711
5184.1,35.36,25.6,0.0,-35.5,3,-184.244,0.644,638.086
5184.1,35.34,28.6,0.0,-34.0,3,-185.123,0.651,636.979
5184.1,35.42,57.3,0.0,-32.7,3,-186.395,0.661,635.281
5184.1,35.54,56.2,0.0,-32.1,3,-187.215,0.668,634.124
5191.6,35.68,46.7,0.0,-32.0,3,-188.405,0.679,632.349
5191.6,35.74,43.5,0.0,-31.7,3,-189.171,0.685,631.143
5191.6,35.82,41.8,0.0,-31.1,3,-190.273,0.696,629.301
5191.6,35.87,44.7,0.0,-30.6,3,-190.976,0.705,628.052
5198.7,35.97,48.9,0.0,-28.7,3,-191.984,0.717,626.148
5198.7,36.08,56.0,0.0,-27.3,3,-192.627,0.725,624.858
5198.7,36.27,62.5,0.0,-24.6,3,-193.547,0.735,622.893
5198.7,36.43,64.4,0.0,-22.4,3,-194.130,0.741,621.562
5205.6,36.66,66.3,0.0,-18.6,3,-194.960,0.747,619.533
5205.6,36.90,59.9,0.0,-14.3,3,-195.735,0.751,617.468
5205.6,37.04,59.7,0.0,-11.7,3,-196.221,0.753,616.071
5205.6,37.25,61.0,0.0,-8.5,3,-196.900,0.753,613.949
5212.7,37.40,63.2,0.0,-7.2,3,-197.320,0.754,612.517
5212.7,37.66,67.9,0.0,-7.1,3,-197.899,0.755,610.342
5212.7,37.84,70.3,0.0,-7.6,3,-198.251,0.756,608.874
5212.7,38.15,71.8,0.0,-9.9,3,-198.729,0.758,606.645
5220.1,38.35,74.1,0.0,-11.3,3,-199.015,0.760,605.143
5220.1,38.70,79.0,0.0,-12.4,3,-199.396,0.762,602.864
5220.1,38.95,82.2,0.0,-13.8,3,-199.619,0.765,601.327
5220.1,39.34,83.4,0.0,-12.4,3,-199.910,0.771,598.997
5227.9,39.61,83.5,0.0,-10.6,3,-200.073,0.776,597.427
5227.9,40.01,83.6,0.0,-7.0,3,-200.277,0.784,595.048
5227.9,40.29,83.6,0.0,-4.6,3,-200.386,0.791,593.447
5227.9,40.71,83.8,0.0,-1.6,3,-200.511,0.803,591.021
5235.9,40.99,33.1,9.4,0.9,3,-200.601,0.817,588.570
5235.9,40.85,1.7,23.8,1.9,3,-200.646,0.829,586.933
5235.9,40.37,0.0,47.6,3.7,3,-200.709,0.845,584.495
5235.9,39.90,0.0,60.6,4.5,3,-200.753,0.855,582.889
5244.1,39.01,0.0,64.3,5.3,3,-200.830,0.871,580.521
5244.1,38.41,0.0,56.4,6.0,3,-200.891,0.881,578.973
5244.1,37.64,0.0,48.1,7.1,3,-201.003,0.898,576.693
5244.1,37.17,0.0,41.3,7.8,3,-201.094,0.909,575.199
5251.7,36.59,0.0,29.8,8.9,3,-201.260,0.925,572.992
5251.7,36.27,0.0,25.1,9.6,3,-201.392,0.936,571.540
5251.7,35.87,0.0,17.6,11.1,3,-201.623,0.951,569.388
5251.7,35.65,0.0,13.3,12.1,3,-201.800,0.960,567.968
5259.0,35.37,0.0,10.4,13.7,3,-202.106,0.972,565.859
5259.0,35.20,0.0,10.0,13.8,3,-202.338,0.981,564.467
5259.0,34.98,39.1,11.1,12.7,0,-202.730,0.995,562.398
5259.0,34.81,0.0,11.4,11.6,2,-203.020,1.004,561.032
5266.4,34.53,0.0,9.1,11.8,2,-203.494,1.017,559.007
5266.4,34.28,0.0,18.7,12.3,2,-204.018,1.032,557.010
5266.4,34.02,0.0,36.8,12.7,2,-204.395,1.043,555.696
5266.4,33.46,0.0,30.5,13.3,2,-204.993,1.060,553.761
5273.5,33.03,0.0,58.8,13.5,2,-205.413,1.072,552.498
5273.5,32.21,0.0,43.6,12.8,2,-206.067,1.089,550.652
5273.5,31.77,0.0,33.0,12.0,2,-206.520,1.101,549.455
5273.5,31.26,0.0,23.9,11.3,2,-207.232,1.119,547.703
5280.9,30.97,0.0,17.4,11.6,2,-207.729,1.132,546.562
5280.9,30.65,0.0,12.6,13.1,2,-208.507,1.153,544.885
5280.9,30.46,0.0,14.7,14.6,2,-209.048,1.166,543.789
5280.9,30.15,0.0,16.3,16.6,2,-209.891,1.187,542.177
5287.7,29.93,0.0,17.7,17.7,2,-210.472,1.201,541.125
5287.7,29.59,0.0,13.9,18.5,2,-211.372,1.220,539.582
5287.7,29.39,0.0,10.9,18.7,2,-211.991,1.232,538.578
5287.7,29.14,0.0,8.4,19.4,2,-212.953,1.250,537.108
5295.0,28.91,0.0,6.0,20.4,2,-213.953,1.268,535.682
5295.0,28.77,0.0,4.1,21.1,2,-214.642,1.280,534.756
5295.0,28.61,38.4,3.3,22.5,0,-215.707,1.296,533.405
5295.0,28.52,0.0,3.3,23.1,1,-216.441,1.307,532.528
5301.2,28.33,0.0,1.3,24.2,1,-217.573,1.322,531.253
5301.2,28.21,0.0,0.1,25.2,1,-218.349,1.332,530.430
5301.2,28.04,2.6,0.0,26.4,1,-219.544,1.346,529.238
5301.2,27.95,6.7,0.0,27.5,1,-220.360,1.354,528.472
5307.2,27.85,12.3,0.0,29.3,1,-221.616,1.366,527.366
5307.2,27.81,14.5,0.0,30.4,1,-222.475,1.374,526.657
5307.2,27.77,19.9,0.0,32.2,1,-223.794,1.385,525.637
5307.2,27.79,24.4,0.0,33.4,1,-224.694,1.392,524.985
5313.1,27.84,28.0,0.0,35.4,1,-226.075,1.401,524.050
5313.1,27.87,27.9,0.0,37.0,1,-227.017,1.407,523.456
5313.1,27.93,26.6,0.0,39.9,1,-228.460,1.415,522.607
5319.0,27.94,21.3,0.0,43.1,1,-229.936,1.421,521.811
5319.0,27.93,20.7,0.0,45.2,1,-230.935,1.425,521.311
5319.0,27.91,20.6,0.0,47.9,1,-232.457,1.430,520.610
5319.0,27.88,19.1,0.0,49.7,1,-233.484,1.433,520.176
5325.0,27.83,19.8,0.0,52.2,1,-235.044,1.436,519.575
5325.0,27.80,20.6,0.0,53.9,1,-236.094,1.438,519.208
5325.0,27.72,13.8,0.0,56.2,1,-237.684,1.440,518.709
5325.0,27.61,12.7,0.0,57.9,1,-239.286,1.442,518.275
5330.7,27.52,12.0,0.0,58.9,1,-240.359,1.442,518.021
5330.7,27.39,11.4,0.0,60.4,1,-241.974,1.442,517.694
5330.7,27.30,11.1,0.0,60.9,1,-243.053,1.442,517.513
5330.7,27.16,11.0,0.0,60.1,1,-244.673,1.440,517.296
5336.4,27.07,10.9,0.0,59.6,1,-245.752,1.439,517.187
5336.4,26.93,11.1,0.0,60.7,1,-247.369,1.436,517.080
5336.4,26.80,10.9,0.0,59.2,1,-248.980,1.432,517.038
5336.4,26.71,11.1,0.0,59.4,1,-250.050,1.429,517.046
5341.9,26.58,11.2,0.0,58.2,1,-251.648,1.424,517.111
5341.9,26.50,11.4,0.0,57.1,1,-252.707,1.420,517.191
5341.9,26.38,12.3,0.0,54.9,1,-254.284,1.414,517.362
5341.9,26.31,13.3,0.0,53.0,1,-255.327,1.409,517.512
5347.4,26.24,19.0,0.0,49.9,1,-256.879,1.401,517.788
5347.4,26.26,32.4,0.0,47.7,1,-257.906,1.396,518.006
5347.4,26.38,35.9,0.0,44.8,1,-259.439,1.386,518.384
5347.4,26.48,37.7,0.0,42.9,1,-260.456,1.379,518.669
5352.9,26.59,34.3,0.0,40.0,1,-261.975,1.366,519.147
5352.9,26.70,44.2,0.0,37.3,1,-262.981,1.357,519.499
5352.9,27.01,61.9,0.0,32.3,1,-264.483,1.342,520.077
5352.9,27.28,60.1,0.0,28.5,1,-265.483,1.332,520.499
5358.4,27.64,57.0,0.0,23.2,1,-266.981,1.316,521.183
5358.4,28.01,55.4,0.0,19.4,1,-268.472,1.299,521.932
5358.4,28.25,57.1,0.0,17.9,1,-269.462,1.287,522.466
5358.4,28.62,59.1,0.0,14.4,1,-270.937,1.270,523.320
5364.6,28.89,58.2,0.0,16.8,1,-271.916,1.257,523.923
5364.6,29.27,56.8,0.0,17.5,1,-273.375,1.238,524.879
5364.6,29.51,57.5,0.0,16.9,1,-274.341,1.224,525.548
5364.6,29.88,58.5,0.0,20.3,1,-275.778,1.202,526.599
5370.8,30.26,59.6,0.0,21.0,1,-277.202,1.180,527.706
5370.8,30.66,63.3,0.0,21.6,1,-278.609,1.158,528.871
5370.8,30.93,64.1,0.0,24.4,1,-279.538,1.144,529.679
5377.2,31.33,62.8,0.0,24.0,1,-280.915,1.121,530.939
5377.2,31.59,63.1,0.0,24.7,1,-281.821,1.105,531.812
5377.2,31.96,63.2,0.0,25.5,1,-283.157,1.080,533.171
5377.2,32.20,62.8,0.0,25.2,1,-284.031,1.064,534.110
5384.5,32.56,63.7,0.0,24.7,1,-285.314,1.039,535.568
5384.5,32.80,63.5,0.0,24.9,1,-286.148,1.024,536.573
5384.5,33.15,63.8,0.0,25.2,1,-287.366,1.001,538.131
5384.5,33.37,65.2,0.0,25.6,1,-288.156,0.985,539.201
5391.7,33.72,64.1,0.0,26.4,1,-289.304,0.962,540.853
5391.7,34.05,63.9,0.0,28.3,1,-290.408,0.939,542.560
5391.7,34.26,64.4,0.0,30.5,1,-291.117,0.923,543.727
5391.7,34.56,55.8,0.0,33.5,1,-292.140,0.899,545.520
5407.2,34.73,18.7,0.0,49.2,1,-297.418,0.762,558.394
5415.3,34.66,18.9,0.0,47.3,1,-297.783,0.752,559.733
5415.3,34.64,35.7,0.0,43.9,1,-298.274,0.736,561.753
5415.3,34.66,35.4,0.0,40.9,1,-298.564,0.726,563.108
5415.3,34.68,29.3,0.0,35.6,1,-298.942,0.711,565.153
5422.6,34.74,47.5,0.0,31.9,1,-299.155,0.701,566.524
5422.6,35.02,70.6,0.0,24.8,0,-299.417,0.689,568.599
5422.6,35.00,0.0,0.0,20.4,0,-299.556,0.681,569.993
5422.6,35.31,84.5,0.0,12.9,2,-299.709,0.669,572.093
5430.2,35.82,84.7,0.0,5.2,2,-299.805,0.658,574.223
5430.2,36.16,84.8,0.0,2.2,2,-299.838,0.652,575.662
5430.2,36.68,84.9,0.0,1.2,2,-299.847,0.644,577.846
5430.2,37.04,84.9,0.0,2.7,2,-299.827,0.639,579.320
5437.6,37.56,85.1,0.0,5.9,2,-299.765,0.634,581.556
5437.6,37.90,85.1,0.0,7.7,2,-299.704,0.630,583.063
5437.6,38.40,84.7,0.0,9.2,2,-299.582,0.625,585.348
5437.6,38.73,84.6,0.0,9.6,2,-299.480,0.622,586.886
5445.2,39.21,85.0,0.0,9.6,2,-299.292,0.616,589.216
5445.2,39.53,85.5,0.0,9.7,2,-299.141,0.611,590.783
5445.2,40.01,85.7,0.0,10.1,2,-298.874,0.604,593.153
5445.2,40.31,85.9,0.0,9.7,2,-298.667,0.598,594.745
5453.1,40.79,85.9,0.0,9.3,2,-298.313,0.588,597.151
5453.1,41.09,86.0,0.0,9.2,2,-298.047,0.580,598.766
5453.1,41.55,86.1,0.0,9.3,2,-297.602,0.566,601.204
5453.1,41.86,0.0,0.0,9.9,0,-297.102,0.551,603.658
5461.1,41.85,84.1,0.0,9.5,3,-296.739,0.538,605.292
5461.1,42.26,84.3,0.0,9.7,3,-296.148,0.518,607.744
5461.1,42.53,84.4,0.0,9.0,3,-295.721,0.505,609.385
5461.1,42.94,84.5,0.0,8.4,3,-295.034,0.484,611.854
5469.4,43.21,84.6,0.0,9.5,3,-294.546,0.468,613.506
5469.4,43.62,84.7,0.0,8.0,3,-293.769,0.442,615.991
5469.4,43.89,84.8,0.0,6.3,3,-293.219,0.423,617.652
5469.4,44.30,84.9,0.0,4.6,3,-292.347,0.393,620.149
5478.1,44.58,84.9,0.0,4.1,3,-291.738,0.371,621.818
5478.1,44.99,85.0,0.0,4.0,3,-290.787,0.333,624.331
5478.1,45.26,85.1,0.0,3.8,3,-290.129,0.307,626.011
5478.1,45.68,85.1,0.0,3.5,3,-289.108,0.268,628.540
5487.0,46.06,85.3,0.0,3.4,3,-288.049,0.232,631.079
5487.0,46.30,85.5,0.0,3.4,3,-287.323,0.208,632.777
5487.0,46.69,85.6,0.0,2.2,3,-286.208,0.167,635.334
5487.0,46.92,85.8,0.0,0.9,3,-285.449,0.135,637.044
5496.2,47.32,67.6,0.0,-1.0,3,-284.284,0.078,639.618
5496.2,47.45,82.6,0.0,-1.7,3,-283.489,0.040,641.337
5496.2,47.90,85.7,0.0,-0.5,3,-282.262,-0.010,643.922
5496.2,48.23,85.6,0.0,1.5,3,-281.420,-0.035,645.650
5505.7,48.59,85.9,0.0,2.6,3,-280.131,-0.069,648.252
5505.7,48.86,85.9,0.0,2.9,3,-279.257,-0.092,649.993
5505.7,48.99,0.0,0.0,3.2,0,-277.926,-0.130,652.611
5505.7,49.11,84.0,0.0,2.5,4,-277.029,-0.165,654.353
5515.4,49.39,65.3,0.0,1.1,4,-275.655,-0.212,656.967
5515.4,49.53,82.4,0.0,1.5,4,-274.717,-0.233,658.708
5515.4,49.86,84.1,0.0,2.9,4,-273.280,-0.253,661.319
5525.3,50.20,84.1,0.0,3.8,4,-271.811,-0.267,663.936
5525.3,50.42,84.2,0.0,4.4,4,-270.815,-0.274,665.684
5525.3,50.75,84.2,0.0,4.2,4,-269.297,-0.292,668.311
5525.3,50.96,84.3,0.0,3.3,4,-268.266,-0.305,670.064
5535.4,51.28,84.4,0.0,3.0,4,-266.686,-0.323,672.692
5535.4,51.49,84.4,0.0,3.1,4,-265.611,-0.333,674.443
5535.4,51.81,84.5,0.0,3.4,4,-263.969,-0.348,677.071
5535.4,52.03,84.5,0.0,3.5,4,-262.855,-0.357,678.823
5545.8,52.34,84.6,0.0,3.3,4,-261.154,-0.369,681.452
5545.8,52.55,84.6,0.0,3.0,4,-260.001,-0.375,683.203
5545.8,52.87,84.7,0.0,2.0,4,-258.241,-0.382,685.831
5545.8,53.08,84.8,0.0,1.6,4,-257.051,-0.385,687.583
5556.3,53.39,84.8,0.0,1.3,4,-255.240,-0.389,690.213
5556.3,53.60,84.9,0.0,1.2,4,-254.018,-0.392,691.970
5556.3,53.92,84.9,0.0,1.0,4,-252.165,-0.397,694.609
5556.3,54.23,85.0,0.0,0.6,4,-250.290,-0.402,697.257
5566.9,54.44,85.0,0.0,0.9,4,-249.030,-0.406,699.027
5566.9,54.75,85.1,0.0,1.4,4,-247.123,-0.414,701.689
5566.9,54.95,85.2,0.0,1.7,4,-245.840,-0.420,703.469
5566.9,55.25,85.4,0.0,1.9,4,-243.898,-0.428,706.143
5577.8,55.46,85.5,0.0,2.1,4,-242.590,-0.433,707.929
5577.8,55.76,85.7,0.0,2.2,4,-240.606,-0.440,710.611
5577.8,55.95,85.8,0.0,2.4,4,-239.269,-0.444,712.400
5577.8,56.25,86.0,0.0,2.6,4,-237.238,-0.449,715.084
5588.9,56.44,86.1,0.0,2.7,4,-235.868,-0.452,716.873
5588.9,56.73,86.2,0.0,3.0,4,-233.786,-0.454,719.554
5588.9,56.92,86.3,0.0,3.1,4,-232.381,-0.456,721.340
5588.9,57.21,86.4,0.0,3.2,4,-230.244,-0.457,724.014
5600.4,57.39,86.5,0.0,3.3,4,-228.801,-0.458,725.794
5600.4,57.67,86.7,0.0,3.3,4,-226.605,-0.457,728.457
5600.4,57.95,86.8,0.0,3.4,4,-224.374,-0.455,731.112
5600.4,58.13,86.9,0.0,3.4,4,-222.865,-0.453,732.876
5612.1,58.40,87.1,0.0,3.4,4,-220.572,-0.447,735.514
5612.1,58.57,87.2,0.0,3.0,4,-219.022,-0.442,737.266
5612.1,58.84,87.3,0.0,2.6,4,-216.666,-0.432,739.884
5612.1,59.02,87.4,0.0,2.2,4,-215.076,-0.422,741.624
5624.0,59.29,87.5,0.0,2.0,4,-212.661,-0.405,744.224
5624.0,59.47,87.6,0.0,2.5,4,-211.033,-0.392,745.953
5624.0,59.73,87.7,0.0,2.5,4,-208.566,-0.372,748.540
5624.0,59.89,87.8,0.0,3.1,4,-206.903,-0.356,750.259
5636.3,60.15,87.9,0.0,2.6,4,-204.383,-0.330,752.831
5636.3,60.32,88.0,0.0,3.2,4,-202.685,-0.311,754.541
5636.3,60.57,88.1,0.0,3.9,4,-200.112,-0.284,757.095
5636.3,60.73,88.2,0.0,4.1,4,-198.378,-0.266,758.792
5648.6,60.98,88.3,0.0,3.9,4,-195.747,-0.243,761.323
5648.6,61.00,0.0,0.0,3.6,0,-193.081,-0.221,763.833
5648.6,61.07,87.1,0.0,3.6,5,-191.290,-0.210,765.490
5648.6,61.30,87.1,0.0,3.2,5,-188.574,-0.201,767.960
5661.1,61.45,87.2,0.0,3.2,5,-186.743,-0.198,769.594
5661.1,61.67,87.3,0.0,3.3,5,-183.964,-0.194,772.026
5661.1,61.81,87.4,0.0,3.5,5,-182.090,-0.192,773.635
5661.1,62.03,87.5,0.0,3.7,5,-179.248,-0.184,776.027
5673.6,62.18,87.6,0.0,3.9,5,-177.333,-0.179,777.610
5673.6,62.40,87.7,0.0,4.1,5,-174.432,-0.173,779.966
5673.6,62.55,87.8,0.0,4.3,5,-172.479,-0.171,781.524
5673.6,62.76,87.9,0.0,4.5,5,-169.518,-0.171,783.840
5686.4,62.91,87.9,0.0,4.4,5,-167.524,-0.174,785.369
5686.4,63.11,88.0,0.0,4.2,5,-164.499,-0.177,787.637
5686.4,63.25,88.1,0.0,4.4,5,-162.460,-0.177,789.130
5686.4,63.45,88.2,0.0,5.3,5,-159.369,-0.174,791.340
5699.4,63.67,88.3,0.0,5.7,5,-156.238,-0.171,793.517
5699.4,63.78,88.4,0.0,5.2,5,-154.129,-0.171,794.949
5699.4,64.00,88.5,0.0,3.7,5,-150.933,-0.171,797.065
5699.4,64.13,88.6,0.0,2.9,5,-148.779,-0.169,798.452
5712.4,64.33,88.6,0.0,3.1,5,-145.514,-0.161,800.499
5712.4,64.46,88.7,0.0,4.1,5,-143.318,-0.154,801.843
5712.4,64.68,88.8,0.0,5.3,5,-139.995,-0.150,803.834
5712.4,64.78,88.9,0.0,5.7,5,-137.761,-0.149,805.141
5725.6,64.99,88.9,0.0,5.0,5,-134.378,-0.148,807.068
5725.6,65.09,89.0,0.0,4.5,5,-132.102,-0.143,808.327
5725.6,65.29,89.1,0.0,4.5,5,-128.657,-0.139,810.181
5725.6,65.43,89.1,0.0,4.2,5,-126.340,-0.139,811.392
5738.8,65.62,89.2,0.0,4.6,5,-122.832,-0.137,813.167
5738.8,65.73,89.3,0.0,5.1,5,-120.475,-0.135,814.325
5738.8,65.92,89.3,0.0,4.8,5,-116.909,-0.132,816.024
5752.2,66.10,89.4,0.0,4.9,5,-113.311,-0.127,817.677
5752.2,66.23,89.5,0.0,4.9,5,-110.894,-0.126,818.755
5752.2,66.41,89.5,0.0,5.0,5,-107.241,-0.124,820.333
5752.2,66.52,89.6,0.0,4.9,5,-104.788,-0.121,821.356
5765.7,66.70,89.7,0.0,4.8,5,-101.081,-0.114,822.850
5765.7,66.82,89.7,0.0,4.9,5,-98.592,-0.110,823.819
5765.7,67.00,89.8,0.0,5.1,5,-94.835,-0.104,825.230
5765.7,67.12,89.8,0.0,5.3,5,-92.313,-0.099,826.143
5779.1,67.29,89.9,0.0,5.5,5,-88.506,-0.095,827.471
5779.1,67.40,90.0,0.0,5.2,5,-85.952,-0.092,828.326
5779.1,67.57,90.0,0.0,4.8,5,-82.096,-0.085,829.563
5779.1,67.68,90.1,0.0,4.8,5,-79.510,-0.080,830.356
5792.6,67.85,90.2,0.0,4.9,5,-75.609,-0.072,831.500
5792.6,67.96,90.2,0.0,5.0,5,-72.994,-0.066,832.233
5792.6,68.13,90.3,0.0,5.1,5,-69.049,-0.058,833.286
5792.6,68.29,90.3,0.0,3.6,5,-65.080,-0.049,834.283
5806.2,68.41,90.4,0.0,3.4,5,-62.421,-0.042,834.917
5806.2,68.57,90.4,0.0,2.9,5,-58.414,-0.031,835.827
5806.2,68.68,90.5,0.0,2.7,5,-55.731,-0.022,836.406
5806.2,68.85,90.6,0.0,2.6,5,-51.690,-0.006,837.238
5819.8,68.97,90.6,0.0,2.6,5,-48.986,0.005,837.771
5819.8,69.15,90.7,0.0,2.6,5,-44.914,0.026,838.539
5819.8,69.26,90.7,0.0,2.6,5,-42.191,0.041,839.031
5819.8,69.43,90.8,0.0,2.5,5,-38.092,0.065,839.741
5833.6,69.60,90.8,0.0,2.4,5,-33.977,0.087,840.417
5833.6,69.71,90.9,0.0,2.5,5,-31.225,0.102,840.849
5833.6,69.87,90.9,0.0,1.8,5,-27.084,0.126,841.469
5833.6,69.98,91.0,0.0,1.4,5,-24.315,0.143,841.864
5847.6,70.15,91.0,0.0,1.0,5,-20.150,0.172,842.433
5847.6,70.25,91.1,0.0,0.8,5,-17.367,0.192,842.799
5847.6,70.42,91.1,0.0,0.5,5,-13.180,0.218,843.330
5847.6,70.53,91.2,0.0,0.3,5,-10.383,0.235,843.675
5861.7,70.61,0.0,0.0,0.1,0,-6.178,0.263,844.183
5861.7,70.54,90.3,0.0,-0.0,6,-3.375,0.282,844.516
5861.7,70.70,90.3,0.0,-0.1,6,0.833,0.312,845.010
5861.7,70.81,90.4,0.0,-0.1,6,3.644,0.329,845.338
6.6,70.96,90.4,0.0,-0.1,6,7.868,0.354,845.830
