opponent,v3,Kévin Estre,0,1771612684744
Game,version,date,track,car,event,laptime [s],S1 [s],S2 [s],S3 [s],S4+ [s]
LMU,1.2,2026-02-20 18:38:04,Silverstone Grand Prix Circuit - ELMS,Porsche Penske Motorsport 2025 #6:LM (Hyper),Live,107.187,0,0,0
Tracklen [m],TotalLaps
5869.1,4
,
,
lapdistance [m],speed [m/s],throttle [%],brake [%],steer [%],gear [int],world_x [m],world_y [m],world_z [m]
38.7,72.00,90.9,0.0,0.2,6,45.596,0.664,849.674
38.7,72.10,90.9,0.0,0.2,6,48.459,0.689,850.002
53.1,72.24,91.0,0.0,0.1,6,52.761,0.729,850.491
53.1,72.34,91.0,0.0,0.1,6,55.634,0.756,850.816
53.1,72.48,91.0,0.0,0.1,6,59.950,0.796,851.301
53.1,72.57,91.1,0.0,0.1,6,62.833,0.822,851.623
67.6,72.71,91.1,0.0,0.1,6,67.164,0.864,852.106
67.6,72.80,91.2,0.0,0.1,6,70.057,0.891,852.426
67.6,72.94,91.2,0.0,0.1,6,74.402,0.932,852.906
67.6,73.04,91.2,0.0,0.0,6,77.304,0.957,853.226
82.2,73.18,91.3,0.0,-0.0,6,81.664,0.992,853.704
82.2,73.27,91.3,0.0,-0.0,6,84.575,1.015,854.023
82.2,73.40,91.3,0.0,-0.0,6,88.949,1.050,854.500
82.2,73.53,91.4,0.0,0.0,6,93.330,1.085,854.979
96.9,73.63,91.4,0.0,0.1,6,96.256,1.106,855.298
96.9,73.76,91.4,0.0,0.1,6,100.651,1.138,855.777
96.9,73.85,91.5,0.0,0.1,6,103.585,1.158,856.096
96.9,73.98,91.5,0.0,0.2,6,107.993,1.190,856.575
111.6,74.06,91.6,0.0,0.2,6,110.937,1.212,856.894
111.6,74.19,91.6,0.0,0.3,6,115.358,1.243,857.372
111.6,74.28,91.6,0.0,0.2,6,118.310,1.265,857.689
111.6,74.41,91.7,0.0,0.2,6,122.745,1.294,858.163
126.4,74.50,91.7,0.0,0.2,6,125.707,1.311,858.477
126.4,74.63,91.7,0.0,0.1,6,130.156,1.334,858.945
126.4,74.71,91.7,0.0,0.1,6,133.126,1.350,859.255
126.4,74.83,91.8,0.0,0.1,6,137.588,1.377,859.719
141.5,74.91,91.8,0.0,0.2,6,140.566,1.400,860.027
141.5,75.05,91.8,0.0,0.1,6,145.041,1.432,860.486
141.5,75.17,91.9,0.0,0.1,6,149.524,1.460,860.943
141.5,75.25,91.9,0.0,0.1,6,152.517,1.478,861.246
156.4,75.37,92.0,0.0,0.1,6,157.012,1.505,861.699
156.4,75.46,92.0,0.0,0.2,6,160.013,1.520,862.000
156.4,75.57,92.0,0.0,0.2,6,164.521,1.547,862.449
156.4,75.65,92.0,0.0,0.1,6,167.531,1.566,862.748
171.5,75.77,92.0,0.0,-0.0,6,172.051,1.596,863.193
171.5,75.85,92.1,0.0,-0.1,6,175.069,1.616,863.490
171.5,75.97,92.1,0.0,-0.2,6,179.602,1.646,863.934
171.5,76.05,92.1,0.0,-0.3,6,182.627,1.665,864.230
186.7,76.17,92.2,0.0,-0.4,6,187.172,1.693,864.675
186.7,76.25,92.2,0.0,-0.4,6,190.205,1.711,864.974
186.7,76.36,92.2,0.0,-0.4,6,194.761,1.740,865.427
186.7,76.44,92.2,0.0,-0.3,6,197.801,1.760,865.734
202.0,76.55,92.3,0.0,-0.3,6,202.367,1.787,866.200
202.0,76.66,92.3,0.0,-0.3,6,206.939,1.814,866.673
202.0,76.74,92.3,0.0,-0.2,6,209.990,1.829,866.992
202.0,76.85,92.4,0.0,0.1,6,214.572,1.855,867.477
217.3,76.92,92.4,0.0,0.3,6,217.630,1.874,867.802
217.3,77.03,92.4,0.0,0.4,6,222.222,1.907,868.292
217.3,77.11,92.4,0.0,0.3,6,225.288,1.928,868.618
217.3,77.22,92.4,0.0,0.4,6,229.891,1.959,869.104
232.7,77.29,92.5,0.0,0.5,6,232.965,1.981,869.425
232.7,77.40,92.5,0.0,0.5,6,237.580,2.015,869.901
232.7,77.39,52.6,46.5,0.6,6,240.661,2.037,870.214
232.7,76.55,0.0,84.5,0.7,6,245.264,2.064,870.673
248.2,75.71,0.0,88.9,0.8,6,248.296,2.079,870.970
248.2,74.38,0.0,90.3,1.1,6,252.781,2.104,871.398
248.2,73.50,0.0,91.7,1.4,6,255.728,2.121,871.671
248.2,72.16,0.0,91.5,1.5,6,260.083,2.145,872.061
263.0,70.83,0.0,91.5,2.0,6,264.360,2.168,872.423
263.0,69.94,0.0,91.6,2.2,6,267.168,2.183,872.646
263.0,68.62,0.0,92.0,2.2,6,271.316,2.204,872.951
263.0,67.74,0.0,92.3,2.4,6,274.040,2.216,873.134
276.8,66.42,0.0,91.9,2.5,6,278.060,2.231,873.373
276.8,65.54,0.0,91.7,2.4,6,280.697,2.240,873.506
276.8,64.24,0.0,85.8,2.5,6,284.590,2.255,873.664
276.8,63.43,0.0,77.3,2.7,6,287.143,2.264,873.740
289.8,62.31,0.0,62.7,2.2,6,290.916,2.276,873.809
289.8,61.67,0.0,52.5,2.2,6,293.397,2.287,873.819
289.8,60.92,29.8,27.1,3.5,0,297.074,2.304,873.782
289.8,60.59,0.0,21.4,4.5,5,299.504,2.315,873.722
302.1,60.13,0.0,19.3,5.8,5,303.123,2.332,873.575
302.1,59.84,0.0,13.7,6.9,5,305.519,2.345,873.440
302.1,59.49,0.0,7.0,7.8,5,309.089,2.365,873.182
313.9,59.21,0.0,7.7,7.9,5,312.635,2.389,872.856
313.9,59.02,0.0,4.6,7.4,5,314.987,2.404,872.602
313.9,58.78,0.4,0.3,7.9,5,318.494,2.426,872.167
313.9,58.63,0.1,2.8,7.6,5,320.819,2.439,871.840
325.5,58.37,0.0,13.1,7.6,5,324.287,2.459,871.292
325.5,58.12,0.0,15.7,7.9,5,326.583,2.472,870.890
325.5,57.71,0.0,24.4,8.2,5,329.996,2.490,870.235
325.5,57.38,0.0,23.9,9.0,5,332.250,2.501,869.762
337.1,56.92,0.0,4.5,9.5,5,335.593,2.517,868.998
337.1,56.79,31.1,0.0,9.7,5,337.799,2.529,868.450
337.1,56.80,57.0,0.0,11.0,5,341.089,2.545,867.563
337.1,56.85,67.2,0.0,12.6,5,343.271,2.556,866.930
348.8,56.96,69.7,0.0,15.8,5,346.531,2.571,865.915
348.8,57.02,62.4,0.0,18.3,5,348.694,2.581,865.196
348.8,57.03,46.9,0.0,19.7,5,351.919,2.597,864.053
348.8,56.92,15.5,0.0,21.0,5,355.114,2.613,862.834
361.1,56.80,14.2,0.0,21.3,5,357.223,2.625,861.981
361.1,56.67,34.7,0.0,20.9,5,360.351,2.643,860.640
361.1,56.64,52.8,0.0,20.6,5,362.415,2.655,859.705
361.1,56.71,73.5,0.0,20.5,5,365.482,2.673,858.238
372.9,56.76,59.8,0.0,21.0,5,367.509,2.684,857.217
372.9,56.73,45.3,0.0,23.1,5,370.519,2.701,855.624
372.9,56.72,53.4,0.0,24.8,5,372.502,2.712,854.522
372.9,56.72,51.9,0.0,27.3,5,375.442,2.730,852.808
385.0,56.70,46.6,0.0,28.6,5,377.378,2.741,851.627
385.0,56.64,40.0,0.0,30.3,5,380.246,2.758,849.800
385.0,56.59,36.4,0.0,31.1,5,382.132,2.769,848.547
385.0,56.52,44.8,0.0,31.5,5,384.921,2.784,846.614
396.8,56.41,30.9,0.0,31.5,5,387.659,2.799,844.617
396.8,56.32,29.7,0.0,31.3,5,389.453,2.809,843.251
396.8,56.19,28.9,0.0,30.3,5,392.095,2.826,841.150
396.8,56.10,29.0,0.0,29.4,5,393.824,2.837,839.717
408.5,55.97,31.1,0.0,28.3,5,396.367,2.853,837.518
408.5,55.85,34.3,0.0,26.9,5,398.848,2.869,835.260
408.5,55.79,37.5,0.0,26.1,5,400.468,2.880,833.723
408.5,55.71,36.3,0.0,25.0,5,402.846,2.897,831.371
420.0,55.65,38.2,0.0,24.1,5,404.397,2.908,829.773
420.0,55.63,56.4,0.0,22.3,5,406.674,2.924,827.332
420.0,55.67,70.1,0.0,21.0,5,408.159,2.933,825.674
420.0,55.82,85.4,0.0,19.6,5,410.341,2.947,823.140
431.1,55.93,84.8,0.0,18.5,5,411.768,2.953,821.420
431.1,56.10,85.7,0.0,15.7,5,413.862,2.963,818.792
431.1,56.27,85.8,0.0,13.5,5,415.896,2.976,816.104
431.1,56.40,85.9,0.0,12.7,5,417.221,2.986,814.281
442.1,56.60,86.0,0.0,12.3,5,419.163,2.998,811.504
442.1,56.72,86.1,0.0,11.8,5,420.428,3.005,809.623
442.1,56.91,86.2,0.0,10.9,5,422.276,3.018,806.759
442.1,57.05,86.3,0.0,10.2,5,423.476,3.029,804.822
453.1,57.25,86.4,0.0,9.5,5,425.230,3.046,801.876
453.1,57.39,86.5,0.0,8.8,5,426.367,3.060,799.885
453.1,57.59,86.6,0.0,8.3,5,428.025,3.083,796.862
453.1,57.73,86.7,0.0,7.9,5,429.102,3.098,794.822
464.4,57.95,86.8,0.0,7.5,5,430.671,3.124,791.727
464.4,58.08,86.6,0.0,7.7,5,431.687,3.142,789.641
464.4,58.29,86.6,0.0,7.1,5,433.171,3.165,786.481
464.4,58.43,87.1,0.0,6.3,5,434.131,3.180,784.354
475.9,58.65,87.3,0.0,6.1,5,435.528,3.206,781.132
475.9,58.83,86.0,0.0,5.7,5,436.874,3.237,777.875
475.9,58.95,86.1,0.0,4.7,5,437.744,3.258,775.686
487.6,59.09,60.6,0.0,1.0,5,439.016,3.281,772.380
487.6,59.18,50.2,0.0,-2.4,5,439.843,3.287,770.164
487.6,59.31,86.4,0.0,-2.5,5,441.032,3.299,766.815
487.6,59.45,87.7,0.0,0.2,5,441.789,3.316,764.565
499.3,59.68,87.8,0.0,4.5,5,442.889,3.346,761.166
499.3,59.80,74.2,0.0,5.8,5,443.608,3.365,758.887
499.3,59.97,73.2,0.0,5.4,5,444.662,3.392,755.452
499.3,60.10,85.6,0.0,3.9,5,445.347,3.409,753.151
511.1,60.31,88.0,0.0,0.8,5,446.347,3.434,749.680
511.1,60.46,88.0,0.0,1.2,5,446.995,3.452,747.353
511.1,60.70,87.3,0.0,2.5,5,447.941,3.482,743.844
511.1,60.86,87.5,0.0,3.1,5,448.556,3.505,741.494
523.1,61.08,88.5,0.0,3.4,5,449.455,3.543,737.949
523.1,61.26,88.7,0.0,2.6,5,450.328,3.568,734.384
523.1,61.45,88.6,0.0,1.3,5,450.892,3.580,731.996
523.1,61.67,88.6,0.0,1.2,5,451.697,3.604,728.391
535.3,61.82,88.7,0.0,1.7,5,452.209,3.624,725.976
535.3,62.02,88.8,0.0,2.4,5,452.944,3.652,722.335
535.3,62.17,88.8,0.0,3.2,5,453.415,3.672,719.897
535.3,62.39,88.9,0.0,3.5,5,454.094,3.701,716.223
547.7,62.54,89.0,0.0,3.0,5,454.532,3.718,713.763
572.8,64.26,89.6,0.0,0.6,5,459.006,3.956,683.667
572.8,64.41,89.7,0.0,0.7,5,459.342,3.978,681.116
572.8,64.62,89.7,0.0,0.8,5,459.840,4.009,677.279
585.5,64.75,89.8,0.0,0.8,5,460.168,4.031,674.712
585.5,64.96,89.9,0.0,0.7,5,460.652,4.064,670.852
585.5,65.17,89.9,0.0,0.7,5,461.128,4.097,666.977
585.5,65.30,90.0,0.0,0.8,5,461.441,4.118,664.387
598.5,65.51,90.1,0.0,0.8,5,461.901,4.149,660.490
598.5,65.64,90.1,0.0,0.9,5,462.202,4.171,657.885
598.5,65.84,90.2,0.0,0.8,5,462.645,4.204,653.966
598.5,65.97,90.2,0.0,0.9,5,462.934,4.227,651.346
611.6,66.17,90.3,0.0,0.9,5,463.358,4.261,647.405
611.6,66.31,90.3,0.0,0.9,5,463.634,4.283,644.770
611.6,66.50,90.4,0.0,0.8,5,464.039,4.315,640.807
611.6,66.63,90.4,0.0,0.8,5,464.301,4.337,638.158
624.8,66.83,90.5,0.0,0.9,5,464.684,4.370,634.173
624.8,66.95,90.6,0.0,0.9,5,464.932,4.392,631.509
624.8,67.15,90.6,0.0,1.0,5,465.295,4.424,627.503
638.2,67.33,90.7,0.0,0.9,5,465.644,4.456,623.484
665.4,68.87,91.2,0.0,0.6,5,468.130,4.719,589.526
665.4,69.05,91.3,0.0,0.5,5,468.388,4.749,585.397
679.1,69.16,91.3,0.0,0.6,5,468.555,4.767,582.638
679.1,69.34,91.3,0.0,0.6,5,468.800,4.794,578.490
679.1,69.52,91.4,0.0,0.4,5,469.038,4.818,574.332
679.1,69.63,91.4,0.0,0.4,5,469.193,4.833,571.554
693.0,69.80,91.5,0.0,0.4,5,469.419,4.853,567.377
693.0,69.92,91.5,0.0,0.3,5,469.566,4.865,564.587
693.0,70.09,91.6,0.0,0.2,5,469.783,4.882,560.393
693.0,70.20,91.6,0.0,0.0,5,469.924,4.892,557.591
707.1,70.36,91.7,0.0,-0.1,5,470.132,4.908,553.380
707.1,70.47,91.7,0.0,-0.1,5,470.270,4.917,550.567
707.1,70.64,91.8,0.0,-0.3,5,470.475,4.929,546.339
707.1,70.67,0.0,0.0,-0.1,0,470.613,4.935,543.515
721.2,70.66,90.9,0.0,-0.4,6,470.820,4.942,539.282
721.2,70.76,90.9,0.0,-0.5,6,470.961,4.946,536.458
721.2,70.92,91.0,0.0,0.3,6,471.177,4.951,532.213
721.2,71.07,91.0,0.0,0.6,6,471.398,4.954,527.959
735.5,71.18,91.0,0.0,0.5,6,471.545,4.954,525.118
735.5,71.33,91.1,0.0,0.1,6,471.765,4.951,520.849
735.5,71.43,91.1,0.0,-0.0,6,471.911,4.948,517.998
735.5,71.59,91.2,0.0,0.0,6,472.126,4.943,513.713
749.8,71.69,91.2,0.0,0.0,6,472.269,4.938,510.851
749.8,71.84,91.2,0.0,0.0,6,472.482,4.929,506.551
749.8,71.94,91.3,0.0,0.1,6,472.624,4.921,503.679
749.8,72.09,91.3,0.0,0.1,6,472.836,4.906,499.363
764.2,72.19,91.3,0.0,0.2,6,472.977,4.894,496.481
764.2,72.35,91.4,0.0,0.1,6,473.187,4.873,492.150
764.2,72.45,91.4,0.0,0.1,6,473.327,4.857,489.258
764.2,72.59,91.4,0.0,-0.0,6,473.534,4.832,484.912
778.7,72.69,91.5,0.0,0.1,6,473.672,4.816,482.010
778.7,72.83,91.5,0.0,-0.2,6,473.877,4.792,477.650
778.7,72.98,91.6,0.0,-0.9,6,474.082,4.771,473.281
778.7,73.07,91.6,0.0,-1.3,6,474.220,4.760,470.363
793.3,73.22,91.6,0.0,-1.4,6,474.436,4.742,465.980
793.3,73.31,91.7,0.0,-1.6,6,474.588,4.728,463.054
793.3,73.45,91.7,0.0,-2.0,6,474.834,4.710,458.658
793.3,73.54,91.7,0.0,-2.7,6,475.012,4.699,455.724
807.9,73.68,91.8,0.0,-3.1,6,475.304,4.679,451.317
807.9,73.77,91.8,0.0,-3.4,6,475.518,4.663,448.376
807.9,73.89,91.8,0.0,-3.6,6,475.875,4.639,443.961
807.9,73.97,91.9,0.0,-4.0,6,476.140,4.626,441.016
822.6,74.10,91.9,0.0,-4.7,6,476.578,4.600,436.596
822.6,74.18,91.9,0.0,-4.6,6,476.901,4.579,433.648
822.6,74.28,91.9,0.0,-4.6,6,477.439,4.552,429.227
822.6,74.35,92.0,0.0,-4.7,6,477.837,4.539,426.281
837.4,74.46,92.0,0.0,-5.0,6,478.491,4.521,421.865
837.4,74.57,92.0,0.0,-4.2,6,479.212,4.501,417.453
837.4,74.64,92.1,0.0,-3.6,6,479.733,4.489,414.515
852.2,74.75,92.1,0.0,-5.4,6,480.571,4.473,410.112
852.2,74.82,92.1,0.0,-5.8,6,481.167,4.461,407.181
852.2,74.92,92.1,0.0,-4.9,6,482.117,4.443,402.791
852.2,74.99,92.2,0.0,-4.5,6,482.788,4.430,399.869
867.0,75.10,92.2,0.0,-4.3,6,483.849,4.405,395.493
867.0,75.17,92.2,0.0,-4.5,6,484.593,4.385,392.581
867.0,75.28,92.2,0.0,-5.7,6,485.760,4.348,388.222
867.0,75.35,92.3,0.0,-5.6,6,486.573,4.319,385.321
912.8,76.13,92.5,0.0,0.3,6,498.716,3.887,351.084
912.8,76.25,92.5,0.0,1.9,6,500.531,3.833,346.889
912.8,76.30,39.8,6.7,2.0,6,502.377,3.782,342.701
912.8,76.10,1.3,40.2,2.0,6,503.608,3.745,339.911
928.5,75.31,0.0,54.1,1.9,6,505.431,3.678,335.748
928.5,74.71,0.0,55.7,2.0,6,506.621,3.636,332.992
928.5,73.82,0.0,52.4,2.4,6,508.359,3.584,328.888
928.5,73.25,0.0,47.1,3.0,6,509.485,3.555,326.170
943.7,72.47,0.0,43.5,3.8,6,511.125,3.515,322.116
943.7,71.97,0.0,43.5,3.3,6,512.182,3.489,319.427
943.7,71.23,0.0,39.0,2.8,6,513.712,3.452,315.412
958.1,70.52,0.0,52.8,3.8,6,515.172,3.421,311.417
958.1,69.93,0.0,61.1,4.4,6,516.106,3.402,308.766
958.1,68.95,0.0,60.9,4.7,6,517.441,3.379,304.817
958.1,68.31,0.0,57.9,4.2,6,518.287,3.367,302.204
971.6,67.43,0.0,45.2,4.8,6,519.488,3.352,298.312
971.6,66.91,0.0,42.8,4.7,6,520.245,3.342,295.733
971.6,66.18,0.0,41.7,4.1,6,521.312,3.327,291.884
971.6,65.69,0.0,24.4,3.8,6,521.979,3.317,289.331
984.6,65.41,72.5,0.0,3.9,6,522.913,3.300,285.515
984.6,65.46,60.7,4.9,4.9,6,523.497,3.287,282.964
984.6,65.17,0.0,23.9,7.9,6,524.312,3.268,279.127
984.6,64.84,0.0,9.8,9.4,6,524.812,3.255,276.575
998.1,64.64,59.4,0.0,9.5,6,525.497,3.241,272.754
998.1,64.70,79.9,0.0,10.4,6,525.911,3.232,270.201
998.1,64.81,74.0,0.0,10.0,6,526.469,3.218,266.357
998.1,64.80,75.1,0.0,9.4,6,526.945,3.212,262.497
1012.6,64.93,77.1,0.0,8.5,6,527.221,3.206,259.916
1012.6,64.83,13.9,24.6,7.3,6,527.571,3.193,256.037
1012.6,64.47,0.0,35.5,8.0,6,527.751,3.189,253.456
1012.6,63.92,0.0,7.1,9.1,6,527.942,3.184,249.609
1026.5,63.63,1.0,0.3,9.7,6,528.020,3.181,247.059
1026.5,63.34,0.3,5.4,10.7,6,528.057,3.177,243.250
1026.5,63.12,0.0,7.8,12.1,6,528.031,3.175,240.720
1026.5,62.77,0.0,5.5,14.2,6,527.915,3.173,236.944
1039.5,62.55,0.0,3.5,15.2,6,527.786,3.174,234.441
1039.5,62.25,0.4,0.1,15.5,6,527.513,3.183,230.707
1039.5,62.08,2.6,0.0,15.1,6,527.278,3.193,228.231
1039.5,61.84,5.4,0.0,14.4,6,526.852,3.207,224.538
1051.8,61.69,7.4,0.0,13.4,6,526.520,3.216,222.089
1051.8,61.44,1.5,0.6,10.2,6,525.950,3.230,218.439
1051.8,61.23,26.2,0.0,7.8,6,525.287,3.247,214.820
1051.8,61.15,40.7,0.0,6.5,6,524.794,3.263,212.422
1063.8,61.19,79.9,0.0,5.6,6,523.983,3.290,208.844
1063.8,61.28,85.0,0.0,5.3,6,523.396,3.309,206.466
1063.8,61.44,85.1,0.0,4.9,6,522.456,3.340,202.907
1063.8,61.55,85.2,0.0,3.8,6,521.794,3.361,200.539
1076.1,61.72,85.3,0.0,1.3,6,520.758,3.392,196.989
1076.1,61.85,85.4,0.0,1.0,6,520.044,3.413,194.623
1076.1,62.03,85.6,0.0,0.2,6,518.949,3.445,191.073
1076.1,62.15,85.7,0.0,-0.3,6,518.206,3.466,188.703
1088.6,62.34,85.8,0.0,-1.5,6,517.079,3.497,185.143
1088.6,62.46,85.9,0.0,-2.0,6,516.325,3.516,182.764
1088.6,62.62,60.6,20.2,-2.5,6,515.197,3.543,179.185
1088.6,62.33,5.8,76.4,-2.9,6,514.453,3.559,176.796
1101.2,61.24,29.6,80.8,-2.9,0,513.366,3.576,173.248
1101.2,60.11,0.0,72.4,-2.3,5,512.324,3.594,169.758
1101.2,59.42,0.0,63.7,-2.5,5,511.656,3.606,167.461
1101.2,58.51,0.0,50.4,-5.0,5,510.699,3.623,164.055
1113.3,57.97,0.0,44.8,-5.4,5,510.093,3.633,161.804
1113.3,57.27,0.0,50.1,-5.8,5,509.237,3.648,158.453
1113.3,56.74,0.0,54.4,-4.7,5,508.703,3.658,156.235
1113.3,55.90,0.0,57.4,-4.1,5,507.960,3.676,152.938
1124.9,55.32,0.0,50.6,-4.7,5,507.500,3.687,150.760
1124.9,54.56,0.0,37.4,-5.2,5,506.866,3.702,147.524
1124.9,54.16,0.0,24.5,-6.0,5,506.483,3.712,145.383
1124.9,53.73,0.0,9.8,-8.0,5,505.963,3.723,142.189
1136.2,53.53,0.0,3.9,-9.3,5,505.656,3.729,140.066
1136.2,53.31,0.0,0.8,-11.3,5,505.253,3.735,136.886
1136.2,53.11,0.0,5.9,-13.3,5,504.921,3.738,133.710
1136.2,52.95,0.0,4.9,-14.4,5,504.739,3.737,131.596
1147.4,52.73,3.1,3.1,-16.5,5,504.525,3.731,128.432
1147.4,52.57,1.0,1.0,-17.3,5,504.419,3.722,126.329
1147.4,52.38,13.3,0.4,-15.6,5,504.328,3.706,123.182
1147.4,52.24,4.6,0.1,-14.2,5,504.316,3.697,121.089
1158.4,52.03,6.7,0.0,-11.3,5,504.376,3.692,117.961
1158.4,51.92,15.8,0.0,-9.0,5,504.465,3.691,115.884
1158.4,51.79,17.7,0.0,-6.7,5,504.665,3.690,112.779
1158.4,51.70,11.2,0.0,-6.0,5,504.838,3.686,110.716
1169.5,51.53,15.3,0.0,-3.7,0,505.155,3.673,107.636
1169.5,51.34,37.5,0.0,-1.6,0,505.416,3.667,105.595
1169.5,51.18,32.9,0.0,0.0,4,505.882,3.668,102.555
1169.5,51.13,20.8,0.0,1.8,4,506.223,3.658,100.538
1180.4,50.97,13.0,0.0,6.7,4,506.790,3.634,97.526
1180.4,50.75,15.7,0.0,10.4,4,507.441,3.616,94.545
1180.4,50.63,16.2,0.0,13.3,4,507.916,3.602,92.574
1191.1,50.42,11.8,0.0,20.5,4,508.688,3.578,89.642
1191.1,50.27,11.8,0.0,24.4,4,509.247,3.563,87.707
1191.1,50.09,11.7,0.0,26.3,4,510.141,3.538,84.832
1191.1,49.97,11.7,0.0,25.1,4,510.770,3.517,82.933
1201.5,49.80,11.6,0.0,15.4,4,511.766,3.481,80.110
1201.5,49.69,11.6,0.0,6.1,4,512.466,3.455,78.247
1201.5,49.62,33.3,0.0,-9.0,4,513.572,3.414,75.483
1201.5,49.59,22.6,0.0,-19.0,4,514.348,3.385,73.656
1211.7,49.54,38.2,0.0,-28.9,4,515.556,3.339,70.940
1211.7,49.59,60.6,0.0,-31.1,4,516.390,3.309,69.142
1211.7,49.76,72.5,0.0,-28.1,4,517.694,3.266,66.463
1211.7,49.94,72.7,0.0,-23.1,4,519.071,3.229,63.809
1221.7,50.07,81.3,0.0,-19.1,4,520.032,3.206,62.055
1221.7,50.31,84.3,0.0,-11.6,4,521.537,3.176,59.448
1221.7,50.41,33.7,19.8,-6.7,4,522.582,3.156,57.725
1221.7,49.99,0.0,49.7,-2.2,4,524.199,3.127,55.180
1231.7,49.48,0.0,65.6,1.2,4,525.299,3.108,53.521
1231.7,48.51,0.0,77.9,6.3,4,526.961,3.082,51.093
1231.7,47.78,0.0,82.1,8.1,4,528.065,3.064,49.513
1231.7,46.64,0.0,85.0,9.2,4,529.699,3.035,47.197
1241.2,45.86,0.0,86.0,9.4,4,530.767,3.017,45.684
1241.2,44.71,0.0,86.2,8.3,4,532.322,2.990,43.454
1241.2,43.98,38.4,62.8,7.8,0,533.323,2.973,41.989
1241.2,43.21,0.0,23.8,7.2,3,534.767,2.947,39.809
1250.1,42.93,0.0,10.3,6.3,3,535.692,2.930,38.355
1250.1,42.67,0.0,3.6,7.0,3,537.027,2.902,36.162
1250.1,42.47,0.0,1.1,11.0,3,538.301,2.871,33.948
1250.1,42.36,0.4,0.1,14.5,3,539.117,2.851,32.461
1258.6,42.20,4.5,0.0,17.9,3,540.290,2.818,30.212
1258.6,42.10,5.4,0.0,18.0,3,541.038,2.796,28.700
1258.6,41.95,3.7,0.0,19.4,3,542.107,2.762,26.416
1258.6,41.85,11.5,0.0,19.9,3,542.782,2.739,24.882
1267.2,41.86,45.1,0.0,20.0,3,543.737,2.703,22.561
1267.2,41.97,62.1,0.0,19.7,3,544.336,2.679,20.996
1267.2,42.20,60.2,0.0,21.2,3,545.179,2.644,18.617
1267.2,42.32,54.2,0.0,23.1,3,545.705,2.621,17.011
1276.2,42.45,45.2,0.0,26.4,3,546.440,2.585,14.576
1276.2,42.49,36.2,0.0,29.3,3,546.892,2.560,12.939
1276.2,42.48,29.8,0.0,33.0,3,547.512,2.521,10.466
1276.2,42.45,29.2,0.0,34.4,3,547.884,2.496,8.809
1285.3,42.42,26.6,0.0,36.2,3,548.383,2.458,6.313
1285.3,42.35,21.0,0.0,38.1,3,548.809,2.420,3.806
1285.3,42.30,26.3,0.0,39.6,3,549.055,2.393,2.131
1285.3,42.25,24.5,0.0,41.9,3,549.363,2.351,-0.387
1294.0,42.19,20.5,0.0,43.4,3,549.528,2.323,-2.068
1294.0,42.07,15.7,0.0,45.6,3,549.714,2.280,-4.588
1294.0,41.96,14.3,0.0,46.6,3,549.797,2.252,-6.267
1294.0,41.82,16.4,0.0,47.8,3,549.859,2.208,-8.779
1303.1,41.74,25.7,0.0,49.1,3,549.861,2.178,-10.450
1303.1,41.66,19.6,0.0,49.1,3,549.803,2.133,-12.951
1303.1,41.56,14.3,0.0,49.8,3,549.723,2.103,-14.614
1303.1,41.39,13.9,0.0,49.5,3,549.541,2.060,-17.095
1312.1,41.28,12.0,0.0,50.4,3,549.378,2.032,-18.741
1312.1,41.11,11.9,0.0,48.8,3,549.071,1.993,-21.193
1312.1,40.99,12.0,0.0,49.0,3,548.826,1.967,-22.817
1312.1,40.81,12.1,0.0,48.6,3,548.397,1.929,-25.233
1321.0,40.63,12.1,0.0,47.2,3,547.893,1.894,-27.623
1321.0,40.51,12.3,0.0,46.2,3,547.515,1.871,-29.202
1321.0,40.34,12.6,0.0,44.4,3,546.887,1.839,-31.544
1321.0,40.24,12.8,0.0,43.3,3,546.428,1.818,-33.089
1329.7,40.10,19.5,0.0,42.3,3,545.682,1.787,-35.381
1329.7,40.04,23.7,0.0,41.6,3,545.147,1.767,-36.891
1329.7,39.97,27.0,0.0,41.0,3,544.289,1.736,-39.133
1329.7,39.94,28.6,0.0,40.3,3,543.679,1.716,-40.610
1337.9,39.86,19.7,0.0,38.1,3,542.711,1.687,-42.800
1337.9,39.81,23.8,0.0,35.3,3,542.030,1.668,-44.241
1337.9,39.79,34.1,0.0,29.5,3,540.954,1.641,-46.371
1337.9,39.84,51.3,0.0,25.6,3,540.200,1.624,-47.773
1346.2,40.12,82.8,0.0,19.9,3,539.013,1.599,-49.856
1346.2,40.37,83.9,0.0,15.7,3,538.182,1.582,-51.234
1346.2,40.76,84.0,0.0,9.6,3,536.879,1.558,-53.288
1354.5,41.15,84.1,0.0,4.7,3,535.507,1.534,-55.326
1354.5,41.42,84.2,0.0,2.4,3,534.557,1.519,-56.676
1354.5,41.85,84.2,0.0,1.2,3,533.082,1.496,-58.690
1354.5,42.13,84.3,0.0,2.3,3,532.067,1.481,-60.027
1362.9,42.55,84.3,0.0,5.1,3,530.505,1.458,-62.030
1362.9,42.84,84.4,0.0,6.3,3,529.440,1.441,-63.364
1362.9,43.26,84.5,0.0,7.0,3,527.809,1.415,-65.365
1362.9,43.53,84.6,0.0,6.9,3,526.698,1.397,-66.698
1371.5,43.95,84.7,0.0,6.4,3,524.995,1.368,-68.694
1371.5,44.36,84.9,0.0,7.2,3,523.247,1.337,-70.684
1371.5,44.63,84.9,0.0,8.5,3,522.056,1.316,-72.005
1371.5,45.03,85.1,0.0,9.5,3,520.227,1.282,-73.976
1380.2,45.29,85.1,0.0,9.4,3,518.979,1.259,-75.281
1380.2,45.69,85.2,0.0,9.5,3,517.063,1.224,-77.223
1380.2,45.95,85.3,0.0,9.7,3,515.756,1.199,-78.507
1380.2,46.33,85.3,0.0,9.7,3,513.751,1.160,-80.414
1389.2,46.58,85.4,0.0,9.4,3,512.384,1.134,-81.672
1389.2,46.96,85.5,0.0,8.6,3,510.286,1.096,-83.534
1389.2,47.21,85.5,0.0,8.1,3,508.858,1.073,-84.760
1389.2,47.58,85.6,0.0,8.0,3,506.670,1.039,-86.576
1398.4,47.83,85.7,0.0,8.0,3,505.184,1.017,-87.772
1398.4,48.20,85.9,0.0,7.8,3,502.914,0.980,-89.544
1398.4,48.45,86.0,0.0,7.2,3,501.374,0.952,-90.712
1398.4,48.82,86.1,0.0,6.2,3,499.024,0.908,-92.440
1408.0,49.18,86.3,0.0,3.8,3,496.625,0.864,-94.137
1408.0,49.43,86.4,0.0,2.1,3,494.999,0.834,-95.252
1408.0,49.80,86.5,0.0,1.1,3,492.525,0.791,-96.906
1408.0,50.05,86.6,0.0,1.0,3,490.855,0.763,-98.000
1417.8,50.42,86.8,0.0,0.9,3,488.324,0.724,-99.633
1417.8,50.66,86.9,0.0,0.5,3,486.621,0.700,-100.721
1417.8,50.77,0.0,0.0,-0.2,0,484.049,0.665,-102.353
1417.8,50.90,85.1,0.0,-0.7,4,482.331,0.643,-103.439
1428.0,51.24,85.3,0.0,-1.0,4,479.741,0.610,-105.074
1428.0,51.45,85.4,0.0,-1.4,4,478.006,0.589,-106.171
1428.0,51.77,85.6,0.0,-2.3,4,475.391,0.556,-107.829
1428.0,51.99,85.7,0.0,-3.3,4,473.642,0.534,-108.946
1438.4,52.33,85.8,0.0,-3.3,4,471.013,0.501,-110.641
1438.4,52.53,86.0,0.0,-3.0,4,469.259,0.481,-111.788
1438.4,52.83,86.2,0.0,-3.3,4,466.625,0.455,-113.536
1438.4,53.16,86.4,0.0,-3.6,4,463.992,0.432,-115.317
1449.4,53.39,86.5,0.0,-4.3,4,462.237,0.418,-116.525
1449.4,53.69,86.7,0.0,-5.3,4,459.608,0.398,-118.369
1449.4,53.89,86.7,0.0,-5.9,4,457.858,0.380,-119.619
1449.4,54.19,86.8,0.0,-6.8,4,455.239,0.350,-121.531
1460.5,54.39,86.9,0.0,-7.0,4,453.500,0.329,-122.831
1460.5,54.66,87.0,0.0,-7.3,4,450.907,0.298,-124.826
1460.5,54.87,87.2,0.0,-6.9,4,449.191,0.280,-126.187
1460.5,55.13,87.3,0.0,-6.0,4,446.640,0.260,-128.278
1471.9,55.33,87.4,0.0,-6.0,4,444.953,0.247,-129.704
1471.9,55.60,87.5,0.0,-6.7,4,442.444,0.227,-131.888
1471.9,55.78,87.6,0.0,-6.6,4,440.786,0.216,-133.376
1471.9,56.06,87.7,0.0,-5.1,4,438.325,0.203,-135.656
1483.4,56.34,87.8,0.0,-5.3,4,435.890,0.194,-137.988
1483.4,56.53,87.9,0.0,-5.2,4,434.281,0.189,-139.570
1483.4,56.81,88.0,0.0,-5.5,4,431.886,0.183,-141.983
1483.4,56.99,88.1,0.0,-5.3,4,430.302,0.178,-143.617
1495.1,57.26,88.2,0.0,-4.8,4,427.946,0.170,-146.105
1495.1,57.44,88.3,0.0,-4.6,4,426.389,0.165,-147.790
1495.1,57.72,88.4,0.0,-4.4,4,424.076,0.160,-150.355
1495.1,57.89,88.5,0.0,-4.5,4,422.548,0.158,-152.091
1506.8,58.16,88.6,0.0,-4.7,4,420.279,0.159,-154.730
1506.8,58.34,88.7,0.0,-5.0,4,418.781,0.163,-156.514
1506.8,58.60,88.8,0.0,-5.0,4,416.553,0.167,-159.223
1506.8,58.78,88.8,0.0,-4.9,4,415.081,0.167,-161.052
1518.5,59.04,88.9,0.0,-4.8,4,412.896,0.163,-163.829
1518.5,59.21,89.0,0.0,-4.8,4,411.455,0.159,-165.704
1518.5,59.46,89.1,0.0,-5.2,4,409.319,0.151,-168.552
1530.2,59.72,89.2,0.0,-5.6,4,407.213,0.137,-171.441
1530.2,59.88,89.3,0.0,-5.0,4,405.828,0.128,-173.391
1530.2,60.13,89.4,0.0,-3.2,4,403.779,0.114,-176.351
1530.2,60.30,89.4,0.0,-3.1,4,402.430,0.102,-178.346
1542.2,60.55,89.5,0.0,-2.5,4,400.430,0.081,-181.369
1542.2,60.72,89.6,0.0,-2.4,4,399.111,0.066,-183.403
1542.2,60.97,89.7,0.0,-2.2,4,397.152,0.045,-186.483
1542.2,61.04,0.0,0.0,-2.1,0,395.857,0.031,-188.552
1554.4,61.08,88.5,0.0,-1.8,5,393.935,0.010,-191.669
1554.4,61.24,88.6,0.0,-1.5,5,392.665,-0.002,-193.759
1554.4,61.47,88.7,0.0,-1.2,5,390.771,-0.017,-196.915
1554.4,61.63,88.7,0.0,-1.1,5,389.515,-0.025,-199.032
1566.6,61.86,88.8,0.0,-1.1,5,387.639,-0.036,-202.226
1566.6,62.02,88.9,0.0,-1.1,5,386.393,-0.043,-204.367
1566.6,62.24,89.0,0.0,-0.9,5,384.530,-0.050,-207.596
1566.6,62.48,89.1,0.0,-0.8,5,382.674,-0.055,-210.844
1579.1,62.63,89.1,0.0,-0.4,5,381.440,-0.058,-213.020
1579.1,62.85,89.2,0.0,-0.6,5,379.593,-0.062,-216.300
1579.1,63.00,89.2,0.0,-0.8,5,378.362,-0.065,-218.495
1579.1,63.23,89.3,0.0,-1.1,5,376.519,-0.068,-221.803
1591.6,63.37,89.4,0.0,-1.0,5,375.291,-0.069,-224.017
1591.6,63.59,89.5,0.0,-0.9,5,373.451,-0.069,-227.352
1591.6,63.75,89.5,0.0,-0.8,5,372.227,-0.070,-229.585
1591.6,63.97,89.6,0.0,-0.8,5,370.393,-0.072,-232.948
1604.4,64.11,89.6,0.0,-0.7,5,369.172,-0.074,-235.200
1604.4,64.34,89.7,0.0,-0.8,5,367.343,-0.081,-238.591
1604.4,64.48,89.8,0.0,-0.7,5,366.125,-0.087,-240.861
1604.4,64.70,89.8,0.0,-0.7,5,364.300,-0.096,-244.280
1617.3,64.84,89.9,0.0,-0.7,5,363.086,-0.104,-246.568
1617.3,65.05,90.0,0.0,-0.8,5,361.267,-0.117,-250.013
1617.3,65.26,90.0,0.0,-0.8,5,359.452,-0.130,-253.475
1617.3,65.40,90.1,0.0,-0.8,5,358.245,-0.140,-255.793
1630.3,65.61,90.2,0.0,-0.7,5,356.438,-0.155,-259.283
1656.8,67.17,90.7,0.0,-0.2,5,342.708,-0.281,-286.560
1656.8,67.37,90.7,0.0,-0.1,5,340.922,-0.301,-290.179
1670.2,67.56,90.8,0.0,0.0,5,339.135,-0.323,-293.811
1670.2,67.69,90.9,0.0,0.0,5,337.942,-0.338,-296.238
1670.2,67.88,90.9,0.0,-0.0,5,336.151,-0.360,-299.890
1670.2,68.03,90.9,0.0,-0.0,5,334.954,-0.381,-302.330
1683.8,68.20,91.0,0.0,-0.0,5,333.156,-0.406,-305.999
1683.8,68.33,91.1,0.0,-0.0,5,331.954,-0.418,-308.451
1683.8,68.52,91.1,0.0,0.0,5,330.149,-0.438,-312.138
1683.8,68.65,91.1,0.0,-0.0,5,328.943,-0.454,-314.601
1697.5,68.83,91.2,0.0,-0.0,5,327.129,-0.479,-318.305
1725.2,70.27,91.7,0.0,-0.1,5,312.470,-0.670,-348.301
1725.2,70.45,91.7,0.0,-0.1,5,310.620,-0.694,-352.096
1725.2,70.56,91.8,0.0,-0.0,5,309.386,-0.711,-354.631
1739.3,70.65,0.0,0.0,-0.0,0,307.531,-0.736,-358.441
1739.3,70.59,90.9,0.0,-0.1,6,306.296,-0.754,-360.981
1739.3,70.75,90.9,0.0,-0.1,6,304.443,-0.782,-364.794
1739.3,70.85,91.0,0.0,-0.1,6,303.206,-0.801,-367.341
1753.4,71.02,91.0,0.0,-0.1,6,301.348,-0.832,-371.170
1753.4,71.12,91.0,0.0,-0.1,6,300.108,-0.852,-373.727
1753.4,71.28,91.1,0.0,-0.1,6,298.245,-0.883,-377.571
1753.4,71.38,91.1,0.0,0.0,6,297.001,-0.905,-380.139
1767.6,71.54,91.2,0.0,-0.1,6,295.133,-0.939,-383.998
1767.6,71.70,91.2,0.0,-0.1,6,293.262,-0.971,-387.866
1767.6,71.80,91.2,0.0,-0.1,6,292.013,-0.992,-390.449
1782.0,71.95,91.3,0.0,-0.0,6,290.136,-1.024,-394.331
1782.0,72.06,91.3,0.0,0.0,6,288.883,-1.045,-396.924
1782.0,72.21,91.4,0.0,0.1,6,287.001,-1.078,-400.821
1782.0,72.31,91.4,0.0,0.1,6,285.743,-1.102,-403.424
1796.4,72.46,91.4,0.0,0.1,6,283.854,-1.136,-407.334
1796.4,72.56,91.5,0.0,0.1,6,282.592,-1.155,-409.945
1796.4,72.70,91.5,0.0,0.1,6,280.695,-1.181,-413.868
1796.4,72.81,91.5,0.0,0.1,6,279.427,-1.200,-416.487
1811.0,72.96,91.6,0.0,0.1,6,277.521,-1.228,-420.422
1811.0,73.05,91.6,0.0,0.1,6,276.247,-1.246,-423.050
1811.0,73.20,91.6,0.0,0.1,6,274.332,-1.275,-426.997
1811.0,73.30,91.7,0.0,0.2,6,273.052,-1.295,-429.633
1825.6,73.44,91.7,0.0,0.2,6,271.128,-1.324,-433.591
1825.6,73.58,91.7,0.0,0.2,6,269.197,-1.355,-437.557
1825.6,73.68,91.8,0.0,0.2,6,267.906,-1.375,-440.204
1825.6,73.82,91.8,0.0,0.2,6,265.963,-1.404,-444.179
1840.3,73.91,91.8,0.0,0.3,6,264.665,-1.423,-446.833
1840.3,74.05,91.9,0.0,0.3,6,262.711,-1.451,-450.819
1840.3,74.14,91.9,0.0,0.2,6,261.404,-1.470,-453.479
1840.3,74.28,91.9,0.0,0.2,6,259.438,-1.496,-457.473
1855.2,74.37,91.9,0.0,0.2,6,258.122,-1.513,-460.139
1855.2,74.51,92.0,0.0,0.3,6,256.142,-1.538,-464.142
1855.2,74.60,92.0,0.0,0.3,6,254.818,-1.556,-466.814
1855.2,74.73,92.0,0.0,0.3,6,252.825,-1.583,-470.825
1870.1,74.82,92.1,0.0,0.3,6,251.492,-1.601,-473.502
1870.1,74.95,92.1,0.0,0.2,6,249.485,-1.627,-477.522
1870.1,75.08,92.1,0.0,0.2,6,247.469,-1.653,-481.546
1870.1,75.17,92.2,0.0,0.2,6,246.121,-1.669,-484.232
1885.1,75.30,92.2,0.0,0.2,6,244.092,-1.693,-488.263
1885.1,75.38,92.2,0.0,0.2,6,242.735,-1.709,-490.954
1885.1,75.51,92.2,0.0,0.1,6,240.694,-1.731,-494.994
1885.1,75.60,92.3,0.0,0.2,6,239.328,-1.746,-497.690
1900.2,75.72,92.3,0.0,0.2,6,237.275,-1.768,-501.738
1900.2,75.81,92.3,0.0,0.1,6,235.902,-1.783,-504.440
1900.2,75.93,92.3,0.0,0.1,6,233.838,-1.806,-508.497
1900.2,76.02,92.4,0.0,0.1,6,232.458,-1.822,-511.204
1915.4,76.14,92.4,0.0,0.1,6,230.382,-1.846,-515.270
1915.4,76.22,92.4,0.0,0.1,6,228.995,-1.861,-517.982
1915.4,76.35,92.4,0.0,0.1,6,226.909,-1.886,-522.056
1915.4,76.46,92.5,0.0,0.1,6,224.817,-1.911,-526.135
1930.6,76.55,92.5,0.0,-0.0,6,223.418,-1.927,-528.857
1930.6,76.66,92.5,0.0,-0.1,6,221.317,-1.947,-532.944
1930.6,76.75,92.5,0.0,-0.1,6,219.913,-1.961,-535.672
1930.6,76.87,92.6,0.0,-0.2,6,217.805,-1.986,-539.769
1946.0,76.95,92.6,0.0,-0.3,6,216.397,-2.004,-542.505
1946.0,77.07,92.6,0.0,-0.3,6,214.285,-2.037,-546.614
1946.0,77.15,92.6,0.0,-0.3,6,212.876,-2.063,-549.357
1946.0,77.26,92.7,0.0,-0.2,6,210.764,-2.104,-553.479
1961.4,77.34,92.7,0.0,-0.2,6,209.356,-2.134,-556.232
1961.4,77.45,92.7,0.0,-0.4,6,207.246,-2.180,-560.368
1961.4,77.53,92.7,0.0,-0.4,6,205.841,-2.211,-563.131
1961.4,77.65,92.7,0.0,-0.4,6,203.734,-2.261,-567.282
1976.9,77.76,92.8,0.0,-0.3,6,201.631,-2.312,-571.442
1976.9,77.83,92.8,0.0,-0.3,6,200.231,-2.346,-574.220
1976.9,77.94,92.8,0.0,-0.3,6,198.134,-2.398,-578.396
1976.9,78.02,92.8,0.0,-0.3,6,196.738,-2.434,-581.185
1992.4,78.13,92.8,0.0,-0.2,6,194.646,-2.488,-585.376
1992.4,78.20,92.9,0.0,-0.2,6,193.253,-2.524,-588.174
1992.4,78.31,92.9,0.0,-0.1,6,191.166,-2.574,-592.380
1992.4,78.38,92.9,0.0,0.0,6,189.775,-2.611,-595.188
2008.1,78.50,92.9,0.0,0.2,6,187.688,-2.669,-599.406
2008.1,78.56,93.0,0.0,0.3,6,186.296,-2.706,-602.221
2008.1,78.67,93.0,0.0,0.4,6,184.205,-2.763,-606.449
2008.1,78.74,93.0,0.0,0.4,6,182.808,-2.801,-609.270
2023.8,78.84,93.1,0.0,0.6,6,180.707,-2.852,-613.504
2023.8,78.95,93.1,0.0,0.6,6,178.596,-2.904,-617.740
2023.8,79.01,93.1,0.0,0.7,6,177.182,-2.939,-620.565
2039.6,79.11,93.1,0.0,0.8,6,175.050,-2.988,-624.802
2039.6,79.18,93.2,0.0,0.9,6,173.621,-3.016,-627.626
2039.6,79.28,93.2,0.0,0.8,0,171.465,-3.055,-631.862
2039.6,79.18,0.0,0.0,0.7,0,170.021,-3.081,-634.684
2055.4,79.21,92.4,0.0,0.5,7,167.845,-3.117,-638.906
2055.4,79.28,92.4,0.0,0.5,7,166.386,-3.139,-641.720
2055.4,79.36,92.5,0.0,0.5,7,164.185,-3.168,-645.939
2055.4,79.42,92.5,0.0,0.5,7,162.710,-3.186,-648.752
2071.3,79.51,92.5,0.0,0.5,7,160.487,-3.208,-652.970
2071.3,79.57,92.5,0.0,0.5,7,158.999,-3.220,-655.782
2071.3,79.66,92.5,0.0,0.3,7,156.756,-3.232,-659.999
2071.3,79.72,92.5,0.0,0.3,7,155.254,-3.238,-662.810
2087.2,79.80,92.6,0.0,0.4,7,152.992,-3.243,-667.027
2087.2,79.89,92.6,0.0,0.4,7,150.720,-3.244,-671.245
2087.2,79.95,92.6,0.0,0.4,7,149.200,-3.242,-674.057
2087.2,80.03,92.6,0.0,0.4,7,146.911,-3.236,-678.276
2103.1,80.09,92.6,0.0,0.4,7,145.379,-3.230,-681.088
2103.1,80.17,92.6,0.0,0.4,7,143.073,-3.217,-685.307
2103.1,80.22,92.6,0.0,0.5,7,141.530,-3.206,-688.119
2103.1,80.30,92.7,0.0,0.6,7,139.206,-3.186,-692.337
2119.1,80.35,92.7,0.0,0.9,7,137.651,-3.169,-695.148
2119.1,80.43,92.7,0.0,0.7,7,135.308,-3.140,-699.364
2119.1,80.48,92.7,0.0,1.0,7,133.738,-3.118,-702.174
2119.1,80.56,92.7,0.0,1.0,7,131.370,-3.081,-706.384
2135.2,80.61,92.7,0.0,1.0,7,129.782,-3.054,-709.189
2135.2,80.68,92.7,0.0,1.3,7,127.383,-3.009,-713.391
2135.2,80.73,92.8,0.0,1.5,7,125.773,-2.975,-716.188
2135.2,80.80,92.8,0.0,1.7,7,123.339,-2.918,-720.378
2151.3,80.87,92.8,0.0,2.1,7,120.881,-2.855,-724.558
2151.3,80.89,72.6,22.3,1.5,7,119.227,-2.810,-727.338
2151.3,80.23,0.0,71.9,1.4,7,116.732,-2.737,-731.484
2151.3,79.46,0.0,84.0,1.2,7,115.071,-2.683,-734.214
2167.3,78.16,0.0,89.9,0.9,7,112.595,-2.597,-738.246
2167.3,77.26,0.0,90.9,0.7,7,110.955,-2.538,-740.888
2167.3,75.91,0.0,92.1,0.7,7,108.514,-2.446,-744.784
2167.3,75.01,0.0,92.1,0.8,7,106.899,-2.385,-747.335
2182.5,73.65,0.0,91.4,1.3,7,104.497,-2.293,-751.095
2182.5,72.77,0.0,92.6,1.7,7,102.908,-2.232,-753.556
2182.5,71.43,0.0,92.4,2.0,7,100.543,-2.144,-757.181
2182.5,70.56,0.0,94.3,2.2,0,98.977,-2.088,-759.551
2196.9,69.19,0.0,92.6,1.6,6,96.646,-2.013,-763.039
2196.9,67.84,0.0,90.6,0.4,6,94.325,-1.936,-766.434
2196.9,66.98,0.0,92.4,0.6,6,92.783,-1.883,-768.647
2196.9,65.64,0.0,91.7,0.6,6,90.482,-1.808,-771.896
2210.4,64.76,0.0,91.0,0.9,6,88.958,-1.759,-774.014
2210.4,63.46,0.0,91.5,2.0,6,86.684,-1.684,-777.118
2210.4,62.59,0.0,91.5,2.1,6,85.178,-1.635,-779.142
2210.4,61.31,27.0,92.4,1.8,0,82.936,-1.565,-782.108
2222.9,60.44,0.0,91.8,1.7,5,81.451,-1.520,-784.040
2222.9,59.15,0.0,91.4,1.6,5,79.240,-1.456,-786.867
2222.9,58.28,0.0,91.0,1.9,5,77.776,-1.414,-788.705
2222.9,57.00,0.0,90.5,2.4,5,75.594,-1.355,-791.392
2234.5,56.15,0.0,90.6,2.9,5,74.150,-1.317,-793.136
2234.5,54.89,0.0,90.7,3.0,5,71.997,-1.263,-795.681
2234.5,54.05,0.0,84.7,2.7,0,70.570,-1.228,-797.329
2234.5,52.91,0.0,74.8,1.9,4,68.438,-1.176,-799.729
2245.4,51.88,0.0,44.6,0.7,4,66.311,-1.125,-802.044
2245.4,51.38,0.0,29.5,0.1,4,64.890,-1.091,-803.543
2245.4,50.86,0.0,18.8,1.1,4,62.740,-1.040,-805.731
2245.4,50.59,0.0,15.8,3.5,4,61.292,-1.006,-807.152
2255.5,50.22,0.0,12.3,7.4,4,59.097,-0.955,-809.232
2255.5,50.01,0.0,11.6,9.5,4,57.618,-0.920,-810.586
2255.5,49.70,0.0,9.6,11.4,4,55.380,-0.868,-812.571
2255.5,49.51,0.0,9.0,11.7,4,53.874,-0.833,-813.862
2265.4,49.22,0.0,8.0,11.5,4,51.593,-0.783,-815.752
2265.4,49.03,0.0,7.4,11.1,4,50.057,-0.751,-816.978
2265.4,48.76,0.0,4.8,10.2,4,47.727,-0.703,-818.761
2265.4,48.60,0.0,3.0,9.7,4,46.156,-0.670,-819.912
2275.3,48.38,0.0,3.0,10.3,4,43.775,-0.621,-821.583
2275.3,48.22,0.0,2.7,10.4,4,42.170,-0.590,-822.659
2275.3,48.02,0.0,0.3,9.3,4,39.740,-0.542,-824.218
2285.2,47.83,3.3,0.0,9.0,4,37.282,-0.494,-825.708
2285.2,47.72,2.8,0.0,9.1,4,35.628,-0.461,-826.666
2285.2,47.55,1.0,0.0,10.0,4,33.128,-0.411,-828.050
2285.2,47.43,1.4,0.0,10.2,4,31.449,-0.378,-828.938
2295.1,47.26,2.5,0.0,12.3,4,28.912,-0.329,-830.217
2295.1,47.15,4.6,0.0,13.5,4,27.210,-0.296,-831.034
2295.1,46.99,8.4,0.0,13.8,4,24.640,-0.247,-832.203
2295.1,46.90,13.4,0.0,14.4,4,22.914,-0.214,-832.943
2305.0,46.79,14.8,0.0,13.6,4,20.308,-0.162,-833.994
2305.0,46.70,8.9,0.0,14.9,4,18.559,-0.128,-834.655
2305.0,46.53,4.4,0.0,17.6,4,15.923,-0.080,-835.590
2305.0,46.35,7.6,0.0,19.7,4,13.273,-0.034,-836.451
2314.9,46.24,9.5,0.0,18.0,4,11.500,-0.003,-836.982
2314.9,46.07,8.0,0.0,17.7,4,8.828,0.045,-837.711
2314.9,45.95,6.6,0.0,17.6,4,7.042,0.079,-838.152
2314.9,45.77,4.6,0.0,17.9,4,4.355,0.129,-838.748
2324.6,45.64,4.4,0.0,17.9,4,2.562,0.161,-839.101
2324.6,45.46,4.0,0.0,18.2,4,-0.131,0.208,-839.567
2324.6,45.33,1.9,0.0,18.9,4,-1.927,0.239,-839.835
2324.6,45.13,3.3,0.0,19.3,4,-4.620,0.284,-840.170
2333.9,45.00,1.5,0.0,18.4,4,-6.413,0.313,-840.351
2333.9,44.80,2.5,0.0,17.2,4,-9.099,0.354,-840.559
2333.9,44.67,0.9,0.2,17.0,4,-10.886,0.381,-840.655
2333.9,44.54,32.1,0.0,16.6,4,-13.560,0.420,-840.735
2343.4,44.58,60.4,0.0,16.3,4,-15.342,0.444,-840.748
2343.4,44.71,34.1,18.7,16.1,4,-18.021,0.478,-840.708
2343.4,44.35,0.0,34.3,17.4,4,-20.693,0.510,-840.599
2343.4,44.00,0.0,14.3,18.1,4,-22.457,0.529,-840.489
2353.0,43.74,21.7,0.0,17.8,4,-25.078,0.555,-840.271
2353.0,43.80,74.5,0.0,17.6,4,-26.818,0.571,-840.086
2353.0,44.06,82.0,0.0,17.7,4,-29.432,0.591,-839.752
2353.0,44.23,81.9,0.0,17.9,4,-31.178,0.603,-839.490
2362.3,44.50,82.2,0.0,18.8,4,-33.800,0.620,-839.039
2362.3,44.66,82.4,0.0,19.5,4,-35.550,0.631,-838.697
2362.3,44.91,82.5,0.0,20.3,4,-38.175,0.647,-838.123
2362.3,45.09,82.6,0.0,20.6,4,-39.923,0.658,-837.699
2371.9,45.34,80.2,0.0,20.8,4,-42.545,0.674,-837.002
2371.9,45.49,76.1,0.0,20.8,4,-44.289,0.683,-836.497
2371.9,45.72,76.7,0.0,19.5,4,-46.901,0.696,-835.680
2371.9,45.88,79.9,0.0,19.3,4,-48.636,0.703,-835.096
2381.6,46.12,80.1,0.0,19.0,4,-51.231,0.712,-834.158
2381.6,46.36,80.9,0.0,19.1,4,-53.814,0.721,-833.145
2381.6,46.53,81.2,0.0,19.2,4,-55.527,0.727,-832.429
2381.6,46.79,83.0,0.0,19.6,4,-58.086,0.734,-831.295
2391.3,46.96,83.3,0.0,19.9,4,-59.784,0.736,-830.500
2391.3,47.23,83.4,0.0,20.3,4,-62.317,0.737,-829.249
2391.3,47.40,83.6,0.0,20.6,4,-63.995,0.737,-828.375
2391.3,47.66,83.8,0.0,21.5,4,-66.495,0.734,-827.003
2401.1,47.84,83.4,0.0,22.3,4,-68.150,0.732,-826.050
2401.1,48.09,80.8,0.0,23.1,4,-70.612,0.726,-824.562
2401.1,48.23,75.2,0.0,23.1,4,-72.239,0.720,-823.532
2401.1,48.42,73.8,0.0,22.8,4,-74.655,0.711,-821.929
2410.9,48.55,77.8,0.0,22.3,4,-76.246,0.704,-820.821
2410.9,48.79,83.9,0.0,21.4,4,-78.607,0.693,-819.103
2410.9,49.02,74.7,0.0,20.3,4,-80.934,0.680,-817.317
2410.9,49.14,65.5,0.0,19.9,4,-82.466,0.670,-816.089
2420.7,49.30,71.1,0.0,19.8,4,-84.730,0.654,-814.194
2420.7,49.44,81.8,0.0,19.7,4,-86.217,0.642,-812.895
2420.7,49.69,82.7,0.0,19.2,4,-88.414,0.621,-810.892
2420.7,49.85,78.0,0.0,19.2,4,-89.858,0.607,-809.522
2430.5,50.06,79.0,0.0,19.0,4,-91.989,0.582,-807.415
2430.5,50.22,84.1,0.0,18.1,4,-93.385,0.564,-805.975
2430.5,50.48,85.8,0.0,16.8,4,-95.442,0.536,-803.764
2430.5,50.67,85.9,0.0,16.4,4,-96.788,0.517,-802.254
2440.3,50.93,86.0,0.0,15.7,4,-98.770,0.486,-799.940
2440.3,51.10,86.1,0.0,15.5,4,-100.065,0.465,-798.364
2440.3,51.37,86.3,0.0,15.2,4,-101.967,0.431,-795.950
2440.3,51.56,86.4,0.0,15.1,4,-103.208,0.408,-794.308
2450.1,51.83,86.5,0.0,14.9,4,-105.031,0.369,-791.800
2450.1,52.10,86.7,0.0,14.2,4,-106.806,0.327,-789.237
2450.1,52.28,86.7,0.0,13.6,4,-107.962,0.296,-787.500
2460.3,52.56,86.9,0.0,12.7,4,-109.654,0.246,-784.849
2460.3,52.74,87.0,0.0,10.6,4,-110.753,0.211,-783.054
2460.3,53.01,87.1,0.0,8.3,4,-112.360,0.155,-780.319
2460.3,53.22,87.2,0.0,6.9,4,-113.404,0.115,-778.470
2470.8,53.50,87.3,0.0,4.0,4,-114.933,0.050,-775.659
2470.8,53.70,87.4,0.0,2.2,4,-115.928,0.006,-773.761
2470.8,54.01,87.6,0.0,-0.5,4,-117.390,-0.065,-770.882
2470.8,54.21,87.6,0.0,-2.5,4,-118.348,-0.116,-768.943
2481.6,54.52,87.7,0.0,-3.4,4,-119.771,-0.198,-766.009
2481.6,54.75,87.8,0.0,-3.1,4,-120.716,-0.255,-764.039
2481.6,55.06,87.9,0.0,-2.1,4,-122.142,-0.343,-761.072
2481.6,55.37,88.0,0.0,-1.6,4,-123.587,-0.434,-758.094
2492.8,55.58,88.1,0.0,-1.8,4,-124.564,-0.499,-756.103
2492.8,55.88,88.3,0.0,-2.1,4,-126.051,-0.602,-753.111
2492.8,56.08,88.4,0.0,-2.0,4,-127.058,-0.673,-751.114
2492.8,56.38,88.4,0.0,-1.9,4,-128.595,-0.777,-748.113
2504.2,56.58,88.5,0.0,-1.8,4,-129.636,-0.846,-746.110
2504.2,56.89,88.6,0.0,-1.7,4,-131.225,-0.949,-743.102
2504.2,57.08,88.7,0.0,-1.9,4,-132.300,-1.017,-741.094
2504.2,57.39,88.8,0.0,-2.4,4,-133.936,-1.126,-738.076
2515.9,57.60,88.8,0.0,-2.7,4,-135.043,-1.202,-736.062
2515.9,57.89,88.9,0.0,-2.4,4,-136.726,-1.320,-733.037
2515.9,58.09,89.0,0.0,-2.2,4,-137.865,-1.401,-731.018
2515.9,58.39,89.1,0.0,-2.0,4,-139.599,-1.527,-727.988
2527.7,58.58,89.2,0.0,-2.0,4,-140.772,-1.615,-725.966
2527.7,58.87,89.3,0.0,-2.3,4,-142.556,-1.754,-722.932
2527.7,59.16,89.4,0.0,-2.1,4,-144.370,-1.899,-719.895
2527.7,59.36,89.5,0.0,-2.0,4,-145.597,-1.998,-717.869
2539.6,59.64,89.6,0.0,-1.8,4,-147.463,-2.146,-714.830
2539.6,59.83,89.6,0.0,-1.7,4,-148.723,-2.246,-712.802
2539.6,60.12,89.7,0.0,-1.6,4,-150.637,-2.397,-709.760
2539.6,60.30,89.8,0.0,-1.5,4,-151.928,-2.497,-707.730
2551.7,60.57,89.9,0.0,-1.3,4,-153.888,-2.644,-704.683
2551.7,60.76,90.0,0.0,-1.3,4,-155.209,-2.739,-702.650
2551.7,61.03,90.1,0.0,-1.4,4,-157.211,-2.879,-699.598
2551.7,61.12,0.0,0.0,-1.3,0,-158.558,-2.972,-697.561
2563.9,61.18,88.9,0.0,-1.2,5,-160.591,-3.108,-694.513
2563.9,61.35,89.0,0.0,-1.2,5,-161.958,-3.196,-692.481
2563.9,61.59,89.1,0.0,-1.3,5,-164.026,-3.321,-689.430
2563.9,61.76,89.1,0.0,-1.2,5,-165.417,-3.398,-687.395
2576.3,62.00,89.2,0.0,-1.2,5,-167.523,-3.505,-684.339
2576.3,62.24,89.3,0.0,-1.2,5,-169.650,-3.599,-681.281
2576.3,62.40,89.4,0.0,-1.0,5,-171.081,-3.656,-679.240
2576.3,62.64,89.5,0.0,-0.9,5,-173.245,-3.731,-676.178
2588.8,62.80,89.5,0.0,-0.8,5,-174.699,-3.774,-674.134
2588.8,63.03,89.6,0.0,-0.8,5,-176.898,-3.827,-671.067
2588.8,63.19,89.7,0.0,-0.8,5,-178.375,-3.856,-669.020
2588.8,63.42,89.7,0.0,-0.8,5,-180.605,-3.893,-665.946
2601.5,63.57,89.8,0.0,-0.7,5,-182.101,-3.914,-663.895
2601.5,63.80,89.8,0.0,-0.7,5,-184.361,-3.942,-660.813
2601.5,63.95,89.9,0.0,-0.7,5,-185.877,-3.961,-658.757
2601.5,64.18,90.0,0.0,-0.7,5,-188.164,-3.985,-655.668
2614.2,64.33,90.0,0.0,-0.7,5,-189.698,-4.000,-653.607
2614.2,64.54,90.1,0.0,-0.6,5,-192.012,-4.019,-650.510
2614.2,64.76,90.1,0.0,-0.6,5,-194.342,-4.035,-647.409
2614.2,64.90,90.2,0.0,-0.6,5,-195.904,-4.043,-645.340
2627.1,65.11,90.3,0.0,-0.6,5,-198.260,-4.051,-642.232
2627.1,65.26,90.3,0.0,-0.5,5,-199.839,-4.054,-640.157
2627.1,65.46,90.4,0.0,-0.6,5,-202.220,-4.055,-637.042
2627.1,65.60,90.4,0.0,-0.6,5,-203.815,-4.053,-634.962
2640.1,65.80,90.5,0.0,-2.2,5,-206.220,-4.044,-631.839
2640.1,65.94,90.5,0.0,-2.5,5,-207.835,-4.034,-629.757
2640.1,66.14,90.6,0.0,-2.3,5,-210.276,-4.014,-626.637
2640.1,66.27,90.6,0.0,-2.1,5,-211.919,-3.999,-624.561
2653.2,66.47,90.7,0.0,-2.0,5,-214.406,-3.976,-621.452
2653.2,66.60,90.7,0.0,-2.2,5,-216.081,-3.960,-619.384
2653.2,66.79,90.8,0.0,-2.2,5,-218.617,-3.936,-616.290
2653.2,66.92,90.8,0.0,-1.3,5,-220.324,-3.921,-614.231
2666.5,67.11,90.9,0.0,-0.0,5,-222.907,-3.903,-611.150
2666.5,67.31,90.9,0.0,0.3,5,-225.512,-3.890,-608.072
2666.5,67.44,91.0,0.0,0.0,5,-227.257,-3.885,-606.019
2680.0,67.63,91.0,0.0,-0.3,5,-229.887,-3.882,-602.937
2680.0,67.63,33.4,26.8,-0.4,5,-231.645,-3.884,-600.879
2680.0,67.05,0.0,64.1,-0.3,5,-234.274,-3.891,-597.806
2680.0,66.39,0.0,78.0,-0.3,5,-236.012,-3.899,-595.778
2693.4,65.22,0.0,86.5,-0.3,5,-238.586,-3.916,-592.780
2693.4,64.40,0.0,89.9,-0.3,5,-240.278,-3.929,-590.814
2693.4,63.14,0.0,91.4,-0.1,5,-242.778,-3.955,-587.914
2693.4,62.28,0.0,91.4,-0.2,5,-244.420,-3.975,-586.015
2706.2,61.00,0.0,91.5,-0.2,5,-246.843,-4.009,-583.218
2706.2,60.15,0.0,91.5,-0.2,5,-248.433,-4.034,-581.387
2706.2,58.87,0.0,91.1,-0.1,5,-250.778,-4.073,-578.692
2706.2,57.62,0.0,92.0,0.5,5,-253.078,-4.112,-576.057
2718.0,56.77,0.0,91.6,1.1,5,-254.585,-4.138,-574.334
2718.0,55.51,0.0,91.7,1.1,5,-256.806,-4.177,-571.798
2718.0,54.68,0.0,91.7,0.3,5,-258.258,-4.203,-570.138
2718.0,53.44,0.0,92.2,-1.0,0,-260.396,-4.242,-567.696
2728.9,52.61,34.1,92.2,-1.5,0,-261.795,-4.268,-566.100
2728.9,51.37,0.0,92.6,-1.7,4,-263.855,-4.308,-563.754
2728.9,50.55,0.0,92.5,-1.4,4,-265.204,-4.335,-562.224
2728.9,49.31,0.0,92.5,-1.6,4,-267.192,-4.377,-559.980
2739.0,48.46,0.0,91.4,-1.5,4,-268.494,-4.405,-558.519
2739.0,47.23,0.0,90.8,-2.8,4,-270.413,-4.444,-556.381
2739.0,46.42,0.0,90.8,-3.6,4,-271.672,-4.468,-554.993
2739.0,45.20,0.0,91.2,-2.3,4,-273.533,-4.503,-552.967
2748.3,44.41,36.5,91.7,-2.0,0,-274.755,-4.525,-551.654
2748.3,43.20,0.0,92.2,-0.9,3,-276.560,-4.558,-549.740
2748.3,41.99,0.0,92.4,-0.3,3,-278.331,-4.590,-547.894
2748.3,41.18,0.0,91.6,-0.1,3,-279.492,-4.610,-546.700
2756.8,39.96,0.0,90.3,0.1,3,-281.203,-4.640,-544.966
2756.8,39.17,0.0,89.1,0.3,3,-282.325,-4.659,-543.848
2756.8,38.00,0.0,79.7,0.2,0,-283.979,-4.686,-542.226
2756.8,37.32,39.4,75.0,-0.1,0,-285.066,-4.703,-541.181
2764.4,36.30,0.0,70.2,-0.2,2,-286.677,-4.728,-539.667
2764.4,35.66,0.0,68.2,-1.2,2,-287.738,-4.745,-538.693
2764.4,34.72,0.0,66.4,-3.6,2,-289.311,-4.770,-537.283
2764.4,34.10,0.0,66.7,-5.1,2,-290.348,-4.786,-536.376
2771.4,33.17,0.0,68.9,-6.5,2,-291.886,-4.810,-535.067
2771.4,32.55,0.0,69.8,-7.3,2,-292.900,-4.825,-534.228
2771.4,31.61,0.0,64.6,-10.0,2,-294.400,-4.846,-533.020
2771.4,31.03,0.0,58.1,-11.1,2,-295.389,-4.860,-532.249
2777.7,30.24,0.0,51.3,-11.1,2,-296.860,-4.879,-531.145
2777.7,29.51,0.0,46.3,-12.6,2,-298.319,-4.896,-530.102
2777.7,29.07,37.1,44.5,-14.0,0,-299.287,-4.907,-529.441
2777.7,28.45,0.0,43.8,-14.5,1,-300.735,-4.921,-528.499
2783.4,28.02,0.0,43.4,-14.0,1,-301.696,-4.929,-527.905
2783.4,27.39,0.0,39.4,-15.5,1,-303.129,-4.940,-527.062
2783.4,26.98,0.0,37.6,-17.2,1,-304.080,-4.947,-526.532
2783.4,26.41,0.0,36.0,-18.4,1,-305.498,-4.956,-525.786
2788.6,26.04,0.0,35.8,-18.1,1,-306.439,-4.962,-525.320
2788.6,25.50,0.0,27.5,-19.0,1,-307.842,-4.969,-524.668
2788.6,25.19,0.0,24.4,-19.9,1,-308.772,-4.974,-524.265
2788.6,24.78,0.0,22.2,-20.3,1,-310.165,-4.979,-523.707
2793.5,24.52,0.0,19.2,-20.1,1,-311.090,-4.981,-523.366
2793.5,24.18,0.0,14.3,-20.3,1,-312.475,-4.983,-522.899
2793.5,23.99,0.0,13.3,-21.0,1,-313.396,-4.984,-522.617
2793.5,23.71,0.0,11.0,-21.4,1,-314.776,-4.982,-522.235
2799.8,23.47,0.0,7.9,-22.9,1,-316.152,-4.980,-521.903
2799.8,23.32,0.0,7.9,-23.7,1,-317.068,-4.977,-521.709
2799.8,23.10,0.0,5.1,-28.8,1,-318.438,-4.971,-521.460
2799.8,22.99,5.8,0.4,-28.7,1,-319.350,-4.966,-521.324
2805.5,23.04,37.1,0.0,-26.0,1,-320.719,-4.958,-521.163
2805.5,23.20,49.8,0.0,-24.5,1,-321.640,-4.954,-521.080
2805.5,23.55,66.7,0.0,-19.1,1,-323.038,-4.947,-520.994
2805.5,23.82,46.4,0.0,-17.8,1,-323.984,-4.945,-520.956
2811.1,23.86,6.0,9.8,-20.2,1,-325.416,-4.943,-520.934
2811.1,23.74,0.0,16.0,-22.4,1,-326.369,-4.942,-520.944
2811.1,23.41,0.0,9.0,-24.9,1,-327.783,-4.941,-521.000
2811.1,23.26,0.0,5.0,-25.3,1,-328.714,-4.937,-521.066
2816.3,23.09,0.0,1.0,-26.3,1,-330.097,-4.929,-521.206
2816.3,22.96,1.5,0.0,-28.2,1,-331.466,-4.922,-521.392
2816.3,22.90,11.8,0.0,-31.0,1,-332.371,-4.916,-521.543
2821.1,22.98,37.7,0.0,-32.8,1,-333.719,-4.908,-521.812
2830.7,25.73,58.4,0.0,-17.4,1,-344.998,-4.775,-526.238
2846.8,29.12,27.4,0.0,8.7,1,-356.462,-4.596,-533.970
2858.8,29.32,31.1,0.0,35.3,1,-371.072,-4.474,-541.333
2865.9,29.43,41.8,0.0,38.4,1,-372.186,-4.473,-541.705
2865.9,29.67,51.3,0.0,41.4,1,-373.881,-4.472,-542.218
2865.9,29.83,46.5,0.0,44.8,1,-375.607,-4.470,-542.675
2865.9,29.91,33.6,0.0,44.7,1,-376.769,-4.473,-542.952
2872.7,30.04,34.1,0.0,45.8,1,-378.532,-4.476,-543.314
2872.7,30.04,30.5,0.0,48.3,1,-379.716,-4.474,-543.514
2872.7,30.05,23.0,0.0,52.1,1,-381.503,-4.473,-543.760
2872.7,30.02,21.9,0.0,55.8,1,-382.697,-4.474,-543.888
2880.4,29.96,19.5,0.0,59.8,1,-384.491,-4.478,-544.028
2880.4,29.89,17.9,0.0,60.1,1,-385.687,-4.482,-544.086
2880.4,29.75,12.5,0.0,61.2,1,-387.476,-4.485,-544.109
2880.4,29.64,12.0,0.0,61.9,1,-388.664,-4.486,-544.087
2887.2,29.50,11.9,0.0,61.5,1,-390.436,-4.487,-544.001
2887.2,29.40,11.8,0.0,61.0,1,-391.610,-4.488,-543.910
2887.2,29.26,11.8,0.0,60.4,1,-393.360,-4.490,-543.722
2887.2,29.16,11.7,0.0,59.7,1,-394.518,-4.490,-543.562
2893.6,29.01,11.8,0.0,58.6,1,-396.239,-4.491,-543.270
2893.6,28.91,12.0,0.0,58.3,1,-397.374,-4.491,-543.041
2893.6,28.78,12.1,0.0,57.0,1,-399.059,-4.493,-542.645
2893.6,28.65,12.0,0.0,55.4,1,-400.721,-4.496,-542.187
2899.8,28.56,12.0,0.0,54.1,1,-401.814,-4.499,-541.850
2899.8,28.44,12.1,0.0,52.4,1,-403.432,-4.507,-541.295
2899.8,28.36,12.4,0.0,51.3,1,-404.494,-4.514,-540.893
2899.8,28.24,13.3,0.0,48.6,1,-406.063,-4.526,-540.243
2905.2,28.18,14.7,0.0,44.5,1,-407.092,-4.535,-539.779
2905.2,28.12,21.7,0.0,37.8,1,-408.608,-4.550,-539.037
2905.2,28.15,34.5,0.0,33.0,1,-409.603,-4.561,-538.511
2905.2,28.51,61.5,0.0,23.1,1,-411.080,-4.580,-537.674
2910.7,28.72,51.3,0.0,14.7,1,-412.059,-4.593,-537.082
2910.7,29.09,56.2,0.0,3.7,1,-413.519,-4.614,-536.148
2910.7,29.37,67.6,0.0,-0.3,1,-414.488,-4.629,-535.496
2910.7,29.93,78.8,0.0,-2.7,1,-415.944,-4.652,-534.477
2916.4,30.55,80.3,0.0,-0.3,1,-417.410,-4.676,-533.411
2916.4,30.95,81.0,0.0,2.8,1,-418.394,-4.692,-532.674
2916.4,31.56,82.4,0.0,8.4,1,-419.882,-4.718,-531.534
2916.4,31.95,82.5,0.0,10.5,1,-420.881,-4.735,-530.751
2922.4,32.54,83.7,0.0,11.6,1,-422.387,-4.761,-529.540
2922.4,32.93,84.7,0.0,11.2,1,-423.395,-4.778,-528.706
2922.4,33.51,85.6,0.0,10.7,1,-424.909,-4.804,-527.412
2922.4,33.89,86.0,0.0,9.7,1,-425.919,-4.820,-526.519
2928.9,34.48,86.1,0.0,7.9,1,-427.432,-4.844,-525.137
2928.9,34.83,86.2,0.0,6.8,0,-428.438,-4.858,-524.185
2928.9,34.90,84.1,0.0,5.6,2,-429.934,-4.880,-522.722
2928.9,35.24,84.3,0.0,5.7,2,-430.920,-4.894,-521.726
2935.7,35.78,84.4,0.0,6.2,2,-432.399,-4.914,-520.194
2935.7,36.13,84.5,0.0,6.7,2,-433.385,-4.926,-519.148
2935.7,36.65,84.8,0.0,6.2,2,-434.863,-4.945,-517.543
2942.8,37.17,84.9,0.0,7.0,2,-436.340,-4.963,-515.894
2942.8,37.51,85.0,0.0,8.0,2,-437.323,-4.976,-514.771
2942.8,38.02,85.0,0.0,9.2,2,-438.792,-4.993,-513.047
2942.8,38.34,84.0,0.0,9.7,2,-439.766,-5.005,-511.872
2950.2,38.81,82.8,0.0,10.1,2,-441.214,-5.022,-510.068
2950.2,39.12,83.3,0.0,9.9,2,-442.170,-5.033,-508.838
2950.2,39.59,85.0,0.0,9.7,2,-443.587,-5.048,-506.950
2950.2,39.92,85.6,0.0,9.4,2,-444.518,-5.058,-505.662
2958.0,40.38,85.8,0.0,9.4,2,-445.894,-5.070,-503.686
2958.0,40.66,85.9,0.0,9.7,2,-446.796,-5.076,-502.340
2958.0,41.13,86.0,0.0,10.0,2,-448.125,-5.085,-500.278
2958.0,41.43,86.1,0.0,10.0,2,-448.995,-5.090,-498.875
2966.0,41.85,86.2,0.0,9.7,0,-450.274,-5.097,-496.730
2966.0,41.84,0.0,0.0,9.7,0,-451.103,-5.100,-495.275
2966.0,42.12,84.3,0.0,9.8,3,-452.306,-5.102,-493.066
2966.0,42.52,84.5,0.0,10.6,3,-453.474,-5.104,-490.812
2974.2,42.77,84.6,0.0,10.9,3,-454.233,-5.107,-489.285
2974.2,43.19,84.6,0.0,10.7,3,-455.340,-5.114,-486.957
2974.2,43.45,84.7,0.0,11.1,3,-456.057,-5.119,-485.380
2974.2,43.84,84.8,0.0,11.4,3,-457.097,-5.128,-482.979
2982.6,44.10,84.9,0.0,11.3,3,-457.769,-5.137,-481.354
2982.6,44.48,85.0,0.0,11.2,3,-458.740,-5.153,-478.881
2982.6,44.74,85.0,0.0,11.3,3,-459.362,-5.165,-477.209
2982.6,45.11,85.2,0.0,11.4,3,-460.257,-5.187,-474.668
2991.2,45.37,85.2,0.0,11.1,3,-460.827,-5.203,-472.951
2991.2,45.74,85.3,0.0,10.7,3,-461.640,-5.231,-470.343
2991.2,46.10,85.4,0.0,10.9,3,-462.401,-5.261,-467.695
2991.2,46.35,85.4,0.0,10.9,3,-462.879,-5.282,-465.910
3000.2,46.71,85.5,0.0,11.2,3,-463.550,-5.317,-463.200
3000.2,46.95,85.5,0.0,11.5,3,-463.966,-5.341,-461.374
3000.2,47.30,85.6,0.0,11.8,3,-464.542,-5.380,-458.607
3000.2,47.54,85.7,0.0,11.7,3,-464.894,-5.407,-456.744
3009.4,47.89,85.8,0.0,11.5,3,-465.370,-5.448,-453.922
3009.4,48.12,85.8,0.0,11.4,3,-465.653,-5.475,-452.023
3009.4,48.47,85.8,0.0,11.7,3,-466.024,-5.516,-449.150
3009.4,48.70,85.9,0.0,12.4,3,-466.236,-5.542,-447.219
3018.9,49.05,85.9,0.0,11.6,3,-466.502,-5.581,-444.300
3018.9,49.27,86.0,0.0,10.9,3,-466.644,-5.607,-442.339
3018.9,49.61,86.1,0.0,10.0,3,-466.807,-5.648,-439.378
3018.9,49.84,86.1,0.0,9.7,3,-466.880,-5.674,-437.391
3028.7,50.17,86.1,0.0,11.7,3,-466.940,-5.714,-434.392
3028.7,50.49,86.2,0.0,12.9,0,-466.935,-5.753,-431.373
3028.7,50.45,0.0,0.0,12.9,0,-466.894,-5.778,-429.354
3028.7,50.63,84.3,0.0,12.0,4,-466.771,-5.814,-426.327
3038.9,50.81,84.4,0.0,11.2,4,-466.649,-5.837,-424.303
3038.9,51.09,84.4,0.0,9.6,4,-466.403,-5.868,-421.257
3038.9,51.27,84.5,0.0,9.3,4,-466.196,-5.887,-419.220
3038.9,51.56,84.6,0.0,9.5,4,-465.824,-5.911,-416.159
3050.0,51.74,84.7,0.0,10.1,4,-465.534,-5.926,-414.114
3050.0,52.01,85.0,0.0,10.9,4,-465.038,-5.946,-411.041
3050.0,52.21,85.0,0.0,11.7,4,-464.669,-5.959,-408.990
3050.0,52.46,85.2,0.0,12.6,4,-464.058,-5.980,-405.911
3061.2,52.66,85.4,0.0,13.0,4,-463.618,-5.998,-403.855
3061.2,52.94,85.5,0.0,12.3,4,-462.909,-6.035,-400.769
3061.2,53.19,85.6,0.0,12.0,4,-462.126,-6.074,-397.684
3061.2,53.35,85.7,0.0,11.8,4,-461.556,-6.097,-395.631
3072.3,53.59,85.8,0.0,11.7,4,-460.630,-6.124,-392.560
3072.3,53.76,86.0,0.0,11.6,4,-459.968,-6.138,-390.519
3072.3,54.03,86.1,0.0,11.4,4,-458.910,-6.158,-387.464
3072.3,54.21,86.2,0.0,10.7,4,-458.165,-6.171,-385.432
3083.1,54.47,86.4,0.0,9.2,4,-456.989,-6.190,-382.391
3083.1,54.66,86.4,0.0,7.9,4,-456.167,-6.202,-380.369
3083.1,54.94,86.5,0.0,6.3,4,-454.876,-6.218,-377.346
3083.1,55.12,86.6,0.0,5.8,4,-453.978,-6.227,-375.337
3093.9,55.40,86.8,0.0,5.9,4,-452.579,-6.236,-372.332
3093.9,55.59,86.9,0.0,6.0,4,-451.615,-6.242,-370.333
3093.9,55.88,87.0,0.0,5.6,4,-450.124,-6.254,-367.340
3093.9,56.07,87.1,0.0,5.3,4,-449.102,-6.263,-365.349
3104.9,56.34,87.2,0.0,5.1,4,-447.525,-6.277,-362.369
3104.9,56.62,87.3,0.0,5.2,4,-445.896,-6.290,-359.398
3104.9,56.81,87.4,0.0,5.3,4,-444.781,-6.299,-357.422
3116.1,57.08,87.5,0.0,5.3,4,-443.068,-6.312,-354.466
3116.1,57.26,87.6,0.0,5.2,4,-441.898,-6.318,-352.502
3116.1,57.53,87.8,0.0,5.7,4,-440.100,-6.327,-349.566
3116.1,57.71,87.8,0.0,5.9,4,-438.874,-6.332,-347.614
3127.5,57.98,87.9,0.0,5.5,4,-436.995,-6.340,-344.697
3127.5,58.16,88.0,0.0,5.0,4,-435.714,-6.346,-342.760
3127.5,58.39,88.2,0.0,4.3,4,-433.751,-6.350,-339.866
3127.5,58.61,88.1,0.0,3.2,4,-432.418,-6.357,-337.943
3139.1,58.87,88.3,0.0,2.1,4,-430.376,-6.360,-335.072
3139.1,59.05,88.4,0.0,1.6,4,-428.990,-6.360,-333.165
3139.1,59.31,88.5,0.0,1.0,4,-426.877,-6.354,-330.312
3139.1,59.54,88.8,0.0,1.1,4,-424.729,-6.342,-327.467
3151.0,59.72,88.8,0.0,1.0,4,-423.282,-6.335,-325.572
3151.0,60.00,88.8,0.0,0.8,4,-421.091,-6.325,-322.726
3151.0,60.18,88.9,0.0,0.4,4,-419.618,-6.315,-320.827
3151.0,60.33,0.0,0.0,-0.3,0,-417.395,-6.298,-317.974
3163.0,60.32,87.6,0.0,-0.9,5,-415.909,-6.291,-316.073
3163.0,60.55,87.7,0.0,-1.1,5,-413.674,-6.276,-313.218
3163.0,60.72,87.8,0.0,-1.1,5,-412.179,-6.267,-311.308
3163.0,60.95,87.9,0.0,-0.9,5,-409.934,-6.253,-308.432
3175.3,61.10,88.0,0.0,-0.7,5,-408.435,-6.243,-306.505
3175.3,61.33,88.1,0.0,-0.6,5,-406.187,-6.228,-303.602
3175.3,61.48,88.2,0.0,-0.6,5,-404.687,-6.218,-301.656
3175.3,61.72,88.3,0.0,-0.6,5,-402.438,-6.201,-298.724
3187.5,61.87,88.4,0.0,-0.5,5,-400.938,-6.189,-296.760
3187.5,62.10,88.5,0.0,-0.4,5,-398.686,-6.170,-293.801
3187.5,62.32,88.5,0.0,-0.4,5,-396.433,-6.151,-290.826
3187.5,62.48,88.6,0.0,-0.4,5,-394.930,-6.138,-288.834
3199.9,62.69,88.7,0.0,-0.5,5,-392.673,-6.117,-285.834
3199.9,62.84,88.8,0.0,-0.4,5,-391.166,-6.103,-283.825
3199.9,63.07,88.8,0.0,-0.4,5,-388.905,-6.083,-280.800
3199.9,63.22,88.9,0.0,-0.2,5,-387.395,-6.069,-278.776
3212.5,63.44,89.0,0.0,-0.3,5,-385.127,-6.046,-275.728
3212.5,63.58,89.1,0.0,-0.3,5,-383.612,-6.030,-273.689
3212.5,63.80,89.1,0.0,-0.2,5,-381.337,-6.004,-270.619
3212.5,63.94,89.2,0.0,-0.1,5,-379.819,-5.987,-268.566
3225.3,64.15,89.3,0.0,-0.1,5,-377.536,-5.959,-265.474
3225.3,64.30,89.3,0.0,-0.1,5,-376.012,-5.941,-263.407
3225.3,64.51,89.4,0.0,-0.0,5,-373.720,-5.915,-260.296
3225.3,64.65,89.5,0.0,-0.0,5,-372.189,-5.897,-258.215
3238.2,64.86,89.5,0.0,0.1,5,-369.887,-5.866,-255.086
3238.2,65.07,89.6,0.0,0.3,5,-367.579,-5.832,-251.946
3238.2,65.20,89.7,0.0,0.3,5,-366.037,-5.809,-249.847
3238.2,65.41,89.8,0.0,0.4,5,-363.715,-5.772,-246.691
3251.2,65.54,89.8,0.0,0.3,5,-362.162,-5.747,-244.582
3251.2,65.75,89.9,0.0,0.3,5,-359.824,-5.706,-241.413
3251.2,65.88,89.9,0.0,0.3,5,-358.260,-5.677,-239.297
3251.2,66.08,90.0,0.0,0.3,5,-355.904,-5.631,-236.116
3264.4,66.21,90.0,0.0,0.2,5,-354.328,-5.601,-233.992
3264.4,66.40,90.1,0.0,0.0,5,-351.954,-5.555,-230.800
3264.4,66.54,90.2,0.0,0.1,5,-350.366,-5.527,-228.668
3264.4,66.74,90.2,0.0,0.1,5,-347.975,-5.489,-225.464
3277.7,66.87,90.3,0.0,0.1,5,-346.376,-5.466,-223.323
3277.7,67.05,90.3,0.0,0.1,5,-343.970,-5.427,-220.107
3277.7,67.17,90.4,0.0,0.1,5,-342.362,-5.399,-217.958
3277.7,67.36,90.5,0.0,0.2,5,-339.943,-5.355,-214.729
3291.1,67.55,90.5,0.0,0.1,5,-337.516,-5.310,-211.490
3291.1,67.68,90.6,0.0,0.1,5,-335.894,-5.279,-209.327
3291.1,67.86,90.7,0.0,0.0,5,-333.454,-5.231,-206.074
3291.1,67.98,90.7,0.0,-0.0,5,-331.824,-5.200,-203.901
3304.6,68.17,90.7,0.0,-0.1,5,-329.373,-5.153,-200.634
3304.6,68.29,90.8,0.0,-0.2,5,-327.736,-5.120,-198.451
3304.6,68.47,90.9,0.0,-0.1,5,-325.275,-5.067,-195.169
3304.6,68.59,90.9,0.0,-0.1,5,-323.632,-5.031,-192.976
3318.3,68.77,90.9,0.0,-0.1,5,-321.163,-4.976,-189.678
3318.3,68.89,91.0,0.0,-0.1,5,-319.514,-4.938,-187.474
3318.3,69.06,91.1,0.0,-0.1,5,-317.037,-4.883,-184.160
3318.3,69.18,91.1,0.0,-0.1,5,-315.383,-4.846,-181.945
3332.1,69.35,91.1,0.0,-0.1,5,-312.899,-4.791,-178.614
3332.1,69.46,91.2,0.0,-0.2,5,-311.241,-4.754,-176.388
3332.1,69.63,91.2,0.0,-0.2,5,-308.750,-4.699,-173.041
3346.0,69.80,91.3,0.0,-0.2,5,-306.255,-4.644,-169.685
3346.0,69.91,91.3,0.0,-0.2,5,-304.589,-4.606,-167.442
3346.0,70.07,91.4,0.0,-0.2,5,-302.088,-4.548,-164.070
3346.0,70.18,91.4,0.0,-0.1,5,-300.419,-4.509,-161.816
3360.0,70.35,91.5,0.0,0.2,5,-297.912,-4.450,-158.428
3360.0,70.45,91.5,0.0,0.0,5,-296.238,-4.410,-156.164
3360.0,70.53,0.0,0.0,-0.2,0,-293.723,-4.350,-152.762
3360.0,70.46,90.7,0.0,-0.2,6,-292.047,-4.311,-150.495
3374.1,70.61,90.7,0.0,0.2,6,-289.534,-4.250,-147.091
3374.1,70.71,90.7,0.0,0.1,6,-287.855,-4.209,-144.817
3374.1,70.86,90.8,0.0,0.0,6,-285.334,-4.149,-141.400
3374.1,70.96,90.8,0.0,0.3,6,-283.651,-4.109,-139.118
3388.3,71.11,90.9,0.0,0.1,6,-281.120,-4.050,-135.689
3388.3,71.26,90.9,0.0,-0.2,6,-278.584,-3.991,-132.253
3388.3,71.35,90.9,0.0,-0.2,6,-276.890,-3.951,-129.959
3388.3,71.50,91.0,0.0,0.4,6,-274.344,-3.890,-126.512
3402.6,71.59,91.0,0.0,0.8,6,-272.645,-3.849,-124.211
3402.6,71.74,91.1,0.0,0.6,6,-270.088,-3.788,-120.754
3402.6,71.83,91.1,0.0,0.3,6,-268.379,-3.746,-118.448
3402.6,71.97,91.1,0.0,0.4,6,-265.805,-3.684,-114.986
3417.0,72.07,91.2,0.0,0.4,6,-264.083,-3.643,-112.677
3417.0,72.21,91.2,0.0,-0.8,6,-261.492,-3.580,-109.210
3417.0,72.30,91.2,0.0,-1.2,6,-259.761,-3.538,-106.897
3417.0,72.44,91.3,0.0,-1.1,6,-257.163,-3.471,-103.418
3431.4,72.53,91.3,0.0,-0.7,6,-255.433,-3.426,-101.093
3431.4,72.67,91.4,0.0,-0.4,6,-252.842,-3.359,-97.592
3431.4,72.76,91.4,0.0,-0.4,6,-251.117,-3.313,-95.250
3431.4,72.90,91.4,0.0,-0.5,6,-248.535,-3.247,-91.726
3446.0,73.03,91.5,0.0,-0.4,6,-245.957,-3.182,-88.189
3446.0,73.12,91.5,0.0,-0.3,6,-244.240,-3.140,-85.824
3446.0,73.25,91.5,0.0,0.3,6,-241.666,-3.076,-82.267
3446.0,73.34,91.6,0.0,0.7,6,-239.950,-3.034,-79.890
3460.6,73.47,91.6,0.0,1.2,6,-237.373,-2.971,-76.319
3460.6,73.56,91.6,0.0,0.7,6,-235.650,-2.929,-73.937
3460.6,73.69,91.7,0.0,0.8,6,-233.055,-2.865,-70.364
3460.6,73.77,91.7,0.0,1.4,6,-231.316,-2.822,-67.982
3475.4,73.90,91.7,0.0,2.5,6,-228.693,-2.757,-64.414
3475.4,73.97,91.8,0.0,3.0,6,-226.931,-2.711,-62.039
3475.4,73.62,3.4,60.8,3.5,6,-224.268,-2.642,-58.494
3475.4,72.56,0.0,83.4,3.3,6,-221.603,-2.573,-55.007
3490.1,71.75,0.0,73.5,2.8,6,-219.831,-2.526,-52.727
3490.1,70.68,0.0,53.5,2.6,6,-217.178,-2.456,-49.377
3490.1,70.10,0.0,43.5,2.8,6,-215.407,-2.412,-47.188
3490.1,69.38,0.0,29.2,4.7,6,-212.737,-2.345,-43.965
3504.2,68.82,0.0,15.5,3.4,6,-210.042,-2.280,-40.815
3504.2,68.55,0.0,7.9,3.6,6,-208.229,-2.236,-38.751
3504.2,68.25,0.6,0.4,5.0,6,-205.479,-2.171,-35.706
3504.2,68.10,8.8,0.0,4.1,6,-203.623,-2.127,-33.708
3517.8,67.93,14.9,0.0,4.6,6,-200.806,-2.061,-30.755
3517.8,67.81,12.9,0.0,5.8,6,-198.908,-2.017,-28.815
3517.8,67.51,2.1,24.5,6.6,6,-196.029,-1.952,-25.949
3517.8,67.16,0.0,84.1,6.7,6,-194.093,-1.909,-24.076
3531.1,66.17,0.0,21.5,5.9,6,-191.181,-1.842,-21.333
3531.1,65.90,47.2,0.7,5.3,6,-189.232,-1.797,-19.552
3531.1,65.98,87.9,0.0,5.8,6,-186.271,-1.731,-16.931
3531.1,66.07,88.0,0.0,7.5,6,-184.267,-1.690,-15.212
3544.1,66.19,77.5,0.0,11.1,6,-181.218,-1.638,-12.673
3544.1,66.22,63.4,0.0,13.5,6,-179.158,-1.609,-11.009
3544.1,66.23,72.4,0.0,15.5,6,-176.028,-1.572,-8.561
3557.4,66.31,88.2,0.0,16.0,6,-172.849,-1.544,-6.174
3557.4,66.37,88.3,0.0,15.5,6,-170.699,-1.528,-4.619
3557.4,66.44,88.4,0.0,14.8,6,-167.423,-1.503,-2.351
3557.4,66.48,88.5,0.0,15.1,6,-165.207,-1.484,-0.884
3571.1,66.55,86.5,0.0,16.2,6,-161.833,-1.453,1.247
3571.1,66.54,69.8,0.0,17.0,6,-159.552,-1.429,2.619
3571.1,66.51,62.0,0.0,18.9,6,-156.089,-1.391,4.603
3571.1,66.49,70.8,0.0,20.7,6,-153.756,-1.366,5.880
3585.3,66.52,78.9,0.0,23.3,6,-150.222,-1.336,7.732
3585.3,66.49,57.6,0.0,24.8,6,-147.841,-1.315,8.919
3585.3,66.37,43.0,0.0,27.1,6,-144.238,-1.284,10.625
3585.3,66.26,34.4,0.0,28.1,6,-141.818,-1.261,11.711
3599.1,66.08,33.4,0.0,29.1,6,-138.162,-1.225,13.261
3599.1,65.95,30.4,0.0,29.5,6,-135.710,-1.200,14.242
3599.1,65.76,33.0,0.0,29.9,6,-132.012,-1.162,15.632
3599.1,65.55,21.0,0.0,30.4,6,-128.291,-1.125,16.928
3612.9,65.37,12.5,0.0,31.0,6,-125.801,-1.101,17.738
3612.9,65.08,12.4,0.0,31.3,6,-122.055,-1.068,18.873
3612.9,64.89,12.3,0.0,31.2,6,-119.552,-1.046,19.574
3612.9,64.60,12.3,0.0,31.8,6,-115.789,-1.012,20.541
3625.9,64.41,12.2,0.0,32.2,6,-113.277,-0.991,21.132
3625.9,64.11,12.2,0.0,32.7,6,-109.505,-0.958,21.933
3625.9,63.92,12.1,0.0,33.0,6,-106.989,-0.935,22.410
3625.9,63.64,12.1,0.0,33.8,6,-103.215,-0.897,23.043
3638.4,63.45,12.0,0.0,34.4,6,-100.700,-0.873,23.411
3638.4,63.16,12.0,0.0,35.8,6,-96.931,-0.836,23.883
3638.4,62.97,11.9,0.0,35.8,6,-94.421,-0.808,24.141
3638.4,62.69,11.9,0.0,33.8,6,-90.664,-0.766,24.447
3650.6,62.42,11.8,0.0,31.1,6,-86.916,-0.722,24.657
3650.6,62.24,18.6,0.0,28.6,6,-84.424,-0.693,24.744
3650.6,62.04,30.8,0.0,25.0,6,-80.697,-0.649,24.793
3650.6,61.93,38.0,0.0,25.0,6,-78.217,-0.619,24.772
3662.8,61.80,45.2,0.0,22.8,6,-74.507,-0.573,24.660
3662.8,61.75,53.7,0.0,20.8,6,-72.040,-0.543,24.534
3662.8,61.73,77.3,0.0,18.4,6,-68.346,-0.499,24.273
3662.8,61.77,88.0,0.0,17.0,6,-65.886,-0.468,24.048
3675.2,61.86,87.5,0.0,13.8,6,-62.201,-0.423,23.637
3675.2,61.91,88.6,0.0,11.0,6,-59.747,-0.391,23.312
3675.2,62.01,88.7,0.0,7.2,6,-56.073,-0.330,22.744
3675.2,62.09,88.7,0.0,3.4,6,-53.626,-0.290,22.323
3687.5,62.20,89.1,0.0,-3.5,6,-49.960,-0.238,21.641
3687.5,62.25,58.8,0.0,-9.2,6,-47.520,-0.213,21.157
3687.5,62.30,49.9,0.0,-13.9,6,-43.862,-0.181,20.394
3687.5,62.43,88.3,0.0,-9.0,6,-40.208,-0.147,19.592
3699.8,62.54,88.5,0.0,-2.3,6,-37.767,-0.122,19.057
3699.8,62.71,88.6,0.0,2.3,6,-34.091,-0.084,18.282
3699.8,62.83,89.0,0.0,1.7,6,-31.630,-0.059,17.786
3699.8,63.00,89.1,0.0,-2.1,6,-27.925,-0.024,17.067
3712.4,63.14,89.1,0.0,-4.6,6,-25.445,-0.005,16.601
3712.4,63.32,89.1,0.0,-6.1,6,-21.714,0.020,15.923
3712.4,63.43,89.2,0.0,-5.9,6,-19.217,0.034,15.488
3712.4,63.58,89.3,0.0,-5.0,6,-15.458,0.055,14.874
3725.1,63.74,89.4,0.0,-4.6,6,-11.680,0.079,14.313
3725.1,63.85,89.4,0.0,-4.8,6,-9.152,0.096,13.970
3725.1,64.01,89.5,0.0,-7.0,6,-5.344,0.122,13.505
3725.1,64.11,89.5,0.0,-8.1,6,-2.797,0.139,13.229
3738.0,64.26,89.6,0.0,-8.4,6,1.037,0.168,12.873
3738.0,64.35,89.6,0.0,-8.7,6,3.601,0.190,12.676
3738.0,64.48,89.7,0.0,-8.7,6,7.459,0.226,12.446
3738.0,64.57,89.7,0.0,-8.8,6,10.037,0.253,12.338
3751.1,64.70,89.8,0.0,-8.3,6,13.913,0.295,12.242
3751.1,64.78,89.8,0.0,-8.4,6,16.502,0.326,12.224
3751.1,64.90,89.9,0.0,-8.6,6,20.392,0.376,12.267
3751.1,64.99,89.9,0.0,-8.3,6,22.988,0.411,12.342
3764.6,65.12,90.0,0.0,-7.6,6,26.886,0.470,12.527
3764.6,65.19,90.0,0.0,-6.9,6,29.486,0.512,12.698
3764.6,65.34,90.1,0.0,-7.2,6,33.388,0.574,13.018
3764.6,65.43,90.1,0.0,-9.0,6,35.991,0.609,13.269
3778.0,65.56,90.1,0.0,-11.3,6,39.896,0.656,13.705
3778.0,65.67,90.2,0.0,-11.7,6,43.797,0.706,14.227
3778.0,65.73,90.3,0.0,-11.4,6,46.395,0.742,14.622
3778.0,65.81,90.3,0.0,-10.6,6,48.989,0.778,15.055
3791.6,65.92,90.3,0.0,-10.0,6,52.875,0.833,15.774
3791.6,66.03,90.4,0.0,-9.8,6,56.750,0.887,16.579
3791.6,66.10,90.5,0.0,-9.6,6,59.327,0.924,17.164
3805.3,66.21,90.5,0.0,-9.0,6,63.180,0.981,18.114
3805.3,66.29,90.5,0.0,-8.7,6,65.740,1.020,18.796
3805.3,66.40,90.5,0.0,-8.3,6,69.567,1.077,19.888
3805.3,66.46,90.6,0.0,-8.0,6,72.108,1.114,20.661
3818.9,66.58,90.6,0.0,-7.7,6,75.905,1.169,21.890
3818.9,66.65,90.6,0.0,-7.8,6,78.424,1.207,22.757
3818.9,66.77,90.6,0.0,-8.1,6,82.184,1.265,24.126
3818.9,66.87,90.7,0.0,-8.1,6,85.920,1.322,25.576
3832.6,66.93,90.8,0.0,-8.0,6,88.398,1.359,26.588
3832.6,67.06,90.8,0.0,-7.9,6,92.091,1.418,28.174
3832.6,67.14,90.8,0.0,-8.2,6,94.538,1.457,29.275
3832.6,67.25,90.8,0.0,-8.4,6,98.184,1.517,30.994
3846.1,67.32,90.9,0.0,-8.5,6,100.598,1.559,32.184
3846.1,67.44,90.9,0.0,-8.4,6,104.193,1.622,34.032
3846.1,67.51,91.0,0.0,-8.2,6,106.572,1.664,35.306
3846.1,67.64,91.0,0.0,-7.6,6,110.114,1.728,37.279
3859.6,67.72,91.0,0.0,-7.3,6,112.456,1.769,38.635
3859.6,67.84,91.0,0.0,-7.1,6,115.940,1.832,40.731
3859.6,67.91,91.1,0.0,-7.2,6,118.242,1.874,42.169
3859.6,68.04,91.1,0.0,-7.6,6,121.667,1.936,44.383
3873.2,68.12,91.1,0.0,-8.0,6,123.930,1.975,45.897
3873.2,68.24,91.2,0.0,-8.0,6,127.294,2.031,48.223
3873.2,68.36,91.2,0.0,-8.0,6,130.620,2.086,50.616
3873.2,68.44,91.2,0.0,-7.8,6,132.816,2.120,52.248
3886.8,68.56,91.3,0.0,-7.4,6,136.075,2.169,54.750
3886.8,68.64,91.3,0.0,-7.1,6,138.225,2.200,56.455
3886.8,68.76,91.3,0.0,-7.1,6,141.414,2.243,59.066
3886.8,68.84,91.4,0.0,-7.4,6,143.516,2.267,60.841
3900.5,68.96,91.4,0.0,-6.8,6,146.635,2.298,63.553
3900.5,69.04,91.4,0.0,-5.8,6,148.691,2.315,65.395
3900.5,69.17,91.4,0.0,-3.9,6,151.737,2.336,68.207
3900.5,69.25,91.5,0.0,-2.6,6,153.744,2.349,70.114
3914.3,69.40,91.5,0.0,-1.2,6,156.723,2.365,73.017
3914.3,69.50,91.5,0.0,-0.7,6,158.691,2.375,74.977
3914.3,69.50,29.6,37.8,-0.5,6,161.622,2.390,77.947
3914.3,69.08,0.0,60.5,-0.4,6,163.559,2.400,79.932
3928.1,68.05,0.0,80.7,0.1,6,166.425,2.417,82.888
3928.1,66.85,0.0,87.9,0.5,6,169.237,2.438,85.803
3928.1,66.01,0.0,90.2,1.9,6,171.082,2.453,87.718
3928.1,64.73,0.0,91.2,2.6,6,173.807,2.476,90.542
3941.3,63.87,0.0,91.8,2.4,6,175.598,2.491,92.390
3941.3,62.58,0.0,92.0,1.5,6,178.251,2.513,95.105
3941.3,61.72,0.0,91.2,0.8,0,179.998,2.526,96.876
3941.3,60.45,0.0,92.3,-0.9,5,182.587,2.546,99.473
3953.7,59.58,0.0,91.5,-1.9,5,184.292,2.560,101.165
3953.7,58.31,0.0,91.2,-2.0,5,186.814,2.580,103.650
3953.7,57.49,0.0,92.6,-1.5,5,188.468,2.591,105.272
3953.7,56.19,0.0,90.7,-0.5,5,190.908,2.606,107.658
3965.3,55.36,0.0,90.9,0.0,5,192.506,2.616,109.218
3965.3,54.09,0.0,90.2,0.5,5,194.858,2.632,111.511
3965.3,52.86,31.9,91.3,0.6,0,197.160,2.649,113.751
3965.3,52.04,0.0,91.9,0.7,4,198.667,2.662,115.213
3976.0,50.78,0.0,91.5,1.1,4,200.887,2.684,117.358
3976.0,49.94,0.0,90.9,1.4,4,202.340,2.700,118.755
3976.0,48.70,0.0,91.1,2.0,4,204.483,2.725,120.799
3976.0,47.89,0.0,91.3,2.1,4,205.887,2.742,122.129
3985.9,46.65,0.0,91.3,2.6,4,207.957,2.768,124.070
3985.9,45.83,0.0,90.9,3.1,4,209.315,2.785,125.328
3985.9,44.61,0.0,91.3,3.4,0,211.319,2.809,127.160
3985.9,43.80,38.2,90.9,3.6,0,212.635,2.824,128.344
3994.9,42.61,0.0,89.7,3.4,3,214.578,2.845,130.064
3994.9,41.41,0.0,86.0,2.4,3,216.486,2.863,131.714
3994.9,40.66,0.0,76.3,1.5,3,217.739,2.873,132.777
4003.2,39.62,0.0,60.5,0.5,3,219.594,2.886,134.315
4003.2,39.03,0.0,53.4,-0.9,3,220.819,2.892,135.302
4003.2,38.25,0.0,46.2,-1.0,3,222.648,2.900,136.729
4003.2,37.79,0.0,43.9,0.3,3,223.863,2.904,137.645
4010.8,37.14,0.0,40.7,3.7,3,225.680,2.907,138.970
4010.8,36.73,0.0,39.8,6.3,3,226.888,2.909,139.822
4010.8,36.13,0.0,38.8,8.4,3,228.692,2.909,141.059
4010.8,35.75,0.0,38.4,8.9,3,229.889,2.909,141.856
4018.0,35.19,35.8,39.8,9.5,0,231.678,2.906,143.011
4018.0,34.81,0.0,39.5,9.8,2,232.867,2.904,143.751
4018.0,34.20,0.0,36.7,9.3,2,234.642,2.898,144.818
4018.0,33.83,0.0,36.2,10.3,2,235.822,2.894,145.498
4024.8,33.26,0.0,31.9,13.4,2,237.584,2.887,146.471
4024.8,32.78,0.0,23.3,14.5,2,239.343,2.879,147.385
4024.8,32.50,0.0,19.6,15.1,2,240.515,2.872,147.961
4024.8,32.15,0.0,13.5,16.7,2,242.277,2.863,148.773
4031.1,31.95,0.0,10.5,17.6,2,243.454,2.857,149.280
4031.1,31.69,0.0,8.9,18.4,2,245.227,2.847,149.989
4031.1,31.53,0.0,8.5,19.7,2,246.413,2.841,150.428
4031.1,31.30,0.0,3.2,21.8,2,248.199,2.832,151.032
4037.1,31.18,0.0,3.2,22.0,2,249.393,2.825,151.400
4037.1,31.00,0.0,3.9,23.6,2,251.191,2.815,151.899
4037.1,30.87,0.0,0.7,25.1,2,252.392,2.808,152.197
4037.1,30.71,0.7,0.2,25.0,2,254.197,2.796,152.589
4043.0,30.60,0.1,1.7,25.2,2,255.403,2.788,152.813
4043.0,30.43,1.6,0.4,26.1,2,257.212,2.776,153.093
4043.0,30.32,3.5,0.0,26.0,2,258.419,2.769,153.240
4043.0,30.17,1.7,0.5,26.4,2,260.226,2.758,153.403
4049.7,30.01,3.2,0.2,27.0,2,262.030,2.748,153.498
4049.7,29.92,7.1,0.0,27.3,2,263.228,2.741,153.522
4049.7,29.80,5.3,0.0,27.8,2,265.020,2.732,153.500
4049.7,29.71,6.5,0.0,28.2,2,266.209,2.727,153.446
4056.3,29.60,8.2,0.0,28.7,2,267.984,2.721,153.307
4056.3,29.52,6.3,0.0,29.1,2,269.159,2.719,153.175
4056.3,29.40,8.2,0.0,30.8,2,270.908,2.717,152.920
4056.3,29.33,8.4,0.0,32.2,2,272.064,2.716,152.712
4063.0,29.20,8.1,0.0,34.7,2,273.782,2.717,152.347
4063.0,29.13,11.2,0.0,36.4,2,274.915,2.718,152.067
4063.0,29.01,9.7,0.0,36.9,2,276.593,2.723,151.590
4063.0,28.94,9.4,0.0,37.4,2,277.696,2.728,151.235
4071.0,28.83,13.5,0.0,39.0,2,279.327,2.737,150.648
4071.0,28.76,14.1,0.0,39.2,2,280.397,2.745,150.221
4071.0,28.69,24.6,0.0,39.0,2,281.974,2.760,149.526
4071.0,28.72,35.7,0.0,38.5,2,283.516,2.780,148.761
4077.9,28.77,37.5,0.0,37.4,2,284.527,2.797,148.214
4077.9,28.89,46.0,0.0,36.3,2,286.018,2.825,147.338
4077.9,29.01,51.5,0.0,36.3,2,286.995,2.845,146.718
4077.9,29.23,58.9,0.0,36.4,2,288.440,2.876,145.738
4085.3,29.41,59.0,0.0,36.3,2,289.390,2.898,145.051
4085.3,29.59,47.6,0.0,35.7,2,290.791,2.931,143.970
4085.3,29.71,48.7,0.0,35.2,2,291.707,2.955,143.216
4085.3,29.90,52.6,0.0,34.8,2,293.051,2.992,142.038
4091.3,30.03,48.4,0.0,34.9,2,293.927,3.019,141.222
4091.3,30.17,43.8,0.0,34.5,2,295.211,3.059,139.952
4091.3,30.26,43.8,0.0,33.5,2,296.045,3.086,139.078
4091.3,30.42,47.3,0.0,32.1,2,297.263,3.125,137.727
4097.1,30.54,50.8,0.0,31.3,2,298.052,3.150,136.799
4097.1,30.75,56.7,0.0,28.7,2,299.203,3.185,135.366
4097.1,31.01,60.5,0.0,24.9,2,300.314,3.216,133.884
4097.1,31.16,49.7,0.0,21.7,2,301.031,3.236,132.869
4102.9,31.33,48.3,0.0,16.1,2,302.069,3.262,131.308
4102.9,31.45,44.7,0.0,12.3,2,302.734,3.278,130.244
4102.9,31.61,47.0,0.0,7.5,2,303.690,3.299,128.612
4102.9,31.75,47.2,0.0,5.2,2,304.301,3.312,127.502
4108.9,31.99,58.9,0.0,3.9,2,305.176,3.329,125.804
4108.9,32.19,60.3,0.0,4.1,2,305.735,3.338,124.649
4108.9,32.52,68.3,0.0,5.6,2,306.535,3.352,122.881
4108.9,32.79,69.9,0.0,7.4,2,307.045,3.361,121.679
4115.2,33.18,68.8,0.0,11.0,2,307.775,3.374,119.840
4115.2,33.44,68.9,0.0,13.2,2,308.239,3.383,118.592
4115.2,33.84,70.4,0.0,15.8,2,308.904,3.394,116.687
4115.2,34.09,70.6,0.0,17.0,2,309.325,3.401,115.396
4121.9,34.48,71.9,0.0,16.5,2,309.922,3.411,113.428
4121.9,34.75,74.2,0.0,15.2,2,310.295,3.419,112.095
4121.9,35.19,82.8,0.0,12.8,2,310.817,3.430,110.065
4128.9,35.66,84.8,0.0,10.7,2,311.292,3.442,107.994
4128.9,35.96,78.4,0.0,9.7,2,311.582,3.451,106.591
4128.9,36.36,66.2,0.0,8.3,2,311.973,3.465,104.458
4128.9,36.56,58.0,0.0,8.9,2,312.203,3.477,103.018
4136.1,36.75,31.6,0.0,11.7,2,312.497,3.495,100.838
4136.1,36.72,6.7,3.6,11.8,2,312.658,3.509,99.377
4136.1,36.50,0.0,16.3,10.9,2,312.853,3.531,97.188
4136.1,36.25,0.0,32.5,9.1,2,312.953,3.546,95.736
4143.3,35.67,0.0,50.1,5.5,2,313.063,3.570,93.579
4143.3,35.18,0.0,56.6,3.3,2,313.114,3.589,92.162
4143.3,34.33,0.0,70.1,1.3,2,313.163,3.618,90.075
4143.3,33.69,0.0,75.4,-0.1,2,313.182,3.639,88.713
4150.0,32.66,0.0,79.8,-2.6,2,313.198,3.672,86.721
4150.0,31.95,0.0,81.9,-4.3,2,313.205,3.695,85.427
4150.0,30.85,0.0,82.5,-6.3,2,313.215,3.729,83.541
4150.0,29.78,34.7,79.2,-7.8,0,313.233,3.763,81.721
4155.9,29.11,0.0,67.0,-8.6,1,313.253,3.784,80.543
4155.9,28.21,0.0,48.0,-9.4,1,313.300,3.817,78.824
4155.9,27.74,0.0,38.4,-10.3,1,313.345,3.837,77.705
4155.9,27.18,0.0,29.9,-12.6,1,313.440,3.865,76.060
4161.3,26.86,0.0,25.5,-14.3,1,313.522,3.882,74.981
4161.3,26.45,0.0,19.7,-16.6,1,313.676,3.906,73.389
4161.3,26.20,0.0,16.6,-17.7,1,313.799,3.920,72.343
4161.3,25.87,0.0,15.5,-19.0,1,314.018,3.940,70.796
4166.4,25.66,0.0,14.0,-19.8,1,314.187,3.952,69.779
4166.4,25.37,0.0,12.0,-20.9,1,314.476,3.969,68.276
4166.4,25.19,0.0,10.9,-21.0,1,314.692,3.980,67.288
4166.4,24.92,0.0,12.0,-21.2,1,315.052,3.994,65.828
4171.4,24.74,0.0,11.1,-22.5,1,315.316,4.002,64.870
4171.4,24.47,0.0,10.4,-23.5,1,315.746,4.014,63.457
4171.4,24.22,0.0,10.3,-24.4,1,316.220,4.023,62.075
4171.4,24.05,0.0,9.4,-24.8,1,316.560,4.028,61.171
4176.2,23.82,0.0,7.4,-26.0,1,317.105,4.035,59.842
4176.2,23.68,0.0,5.9,-27.1,1,317.493,4.039,58.975
4176.2,23.48,0.0,5.8,-28.2,1,318.111,4.043,57.702
4176.2,23.35,0.0,5.4,-29.4,1,318.547,4.044,56.872
4180.8,23.16,0.0,4.4,-30.5,1,319.237,4.045,55.659
4180.8,23.04,0.0,3.8,-30.7,1,319.721,4.044,54.872
4180.8,22.87,0.0,3.3,-30.7,1,320.481,4.042,53.723
4180.8,22.76,0.0,5.5,-30.6,1,321.010,4.040,52.979
4185.2,22.56,0.0,5.3,-31.3,1,321.835,4.034,51.898
4185.2,22.44,0.0,5.3,-31.2,1,322.406,4.029,51.203
4185.2,22.25,0.0,6.0,-30.5,1,323.293,4.022,50.197
4185.2,22.05,0.0,7.4,-30.3,1,324.213,4.013,49.238
4189.3,21.92,0.0,7.2,-30.6,1,324.844,4.007,48.625
4189.3,21.71,0.0,6.4,-32.0,1,325.814,3.997,47.745
4189.3,21.58,0.0,5.7,-33.2,1,326.475,3.990,47.186
4189.3,21.40,0.0,4.7,-34.9,1,327.489,3.978,46.388
4193.5,21.28,0.0,3.1,-33.6,1,328.178,3.970,45.884
4193.5,21.16,8.3,0.0,-32.3,1,329.232,3.956,45.171
4193.5,21.18,26.3,0.0,-31.0,1,329.949,3.947,44.722
4193.5,21.35,43.2,0.0,-29.9,1,331.053,3.933,44.083
4197.7,21.53,51.4,0.0,-30.8,1,331.808,3.923,43.677
4197.7,21.90,71.5,0.0,-33.5,1,332.972,3.908,43.097
4197.7,22.18,60.0,0.0,-36.5,1,333.773,3.899,42.729
4197.7,22.48,53.8,0.0,-43.5,1,335.009,3.884,42.213
4202.4,22.69,50.9,0.0,-47.5,1,335.854,3.875,41.895
4202.4,22.99,56.7,0.0,-44.5,1,337.154,3.861,41.462
4202.4,23.26,49.7,0.0,-42.9,1,338.488,3.848,41.083
4202.4,23.41,42.9,0.0,-45.9,1,339.395,3.839,40.862
4207.6,23.61,45.1,0.0,-46.7,1,340.776,3.828,40.580
4207.6,23.75,43.2,0.0,-51.2,1,341.710,3.820,40.424
4207.6,23.91,35.0,0.0,-59.3,1,343.128,3.809,40.240
4207.6,23.93,22.1,0.0,-65.0,1,344.081,3.802,40.151
4213.1,23.83,10.4,0.0,-69.9,1,345.512,3.792,40.067
4213.1,23.74,10.0,0.0,-71.7,1,346.464,3.785,40.045
4213.1,23.59,9.9,0.0,-73.9,1,347.883,3.776,40.064
4213.1,23.50,9.9,0.0,-74.4,1,348.824,3.771,40.112
4218.7,23.34,9.9,0.0,-73.6,1,350.224,3.764,40.236
4218.7,23.25,9.9,0.0,-70.6,1,351.149,3.761,40.354
4218.7,23.11,9.9,0.0,-68.5,1,352.520,3.755,40.583
4218.7,23.02,10.2,0.0,-71.8,1,353.424,3.752,40.771
4225.3,22.88,9.9,0.0,-66.0,1,354.761,3.749,41.103
4225.3,22.76,11.0,0.0,-64.4,1,356.072,3.747,41.496
4225.3,22.69,11.8,0.0,-64.2,1,356.933,3.745,41.790
4230.7,22.58,12.5,0.0,-60.0,1,358.199,3.744,42.280
4230.7,22.53,14.5,0.0,-54.7,1,359.027,3.744,42.638
4230.7,22.52,29.5,0.0,-44.6,1,360.245,3.745,43.221
4230.7,22.65,58.2,0.0,-41.0,1,361.044,3.746,43.642
4235.7,23.12,70.2,0.0,-31.7,1,362.235,3.749,44.322
4235.7,23.40,64.8,0.0,-24.2,1,363.027,3.752,44.809
4235.7,23.90,68.6,0.0,-14.2,1,364.212,3.758,45.587
4235.7,24.25,78.8,0.0,-10.8,1,365.003,3.763,46.135
4240.7,24.85,81.7,0.0,-8.2,1,366.193,3.771,47.000
4240.7,25.25,80.3,0.0,-8.2,1,366.992,3.778,47.604
4240.7,25.84,78.1,0.0,-10.0,1,368.196,3.788,48.549
4240.7,26.41,77.4,0.0,-15.1,1,369.408,3.799,49.542
4245.8,26.77,76.7,0.0,-17.8,1,370.219,3.806,50.230
4245.8,27.32,76.7,0.0,-19.4,1,371.433,3.817,51.305
4245.8,27.68,77.6,0.0,-19.7,1,372.240,3.824,52.051
4245.8,28.23,76.6,0.0,-17.7,1,373.444,3.833,53.217
4251.1,28.56,65.5,0.0,-14.6,1,374.241,3.839,54.025
4251.1,29.05,74.7,0.0,-9.6,1,375.423,3.847,55.284
4251.1,29.40,75.4,0.0,-7.3,1,376.203,3.853,56.154
4251.1,29.97,81.2,0.0,-7.0,1,377.363,3.860,57.503
4256.7,30.36,79.9,0.0,-7.8,1,378.131,3.866,58.434
4256.7,30.93,77.4,0.0,-9.8,1,379.271,3.873,59.874
4256.7,31.29,76.6,0.0,-13.1,1,380.023,3.877,60.865
4256.7,31.81,77.5,0.0,-12.8,1,381.135,3.884,62.395
4262.8,32.16,79.6,0.0,-16.2,1,381.866,3.888,63.444
4262.8,32.70,84.1,0.0,-16.8,1,382.945,3.892,65.062
4262.8,33.25,85.6,0.0,-15.0,1,384.000,3.896,66.734
4262.8,33.61,86.1,0.0,-14.9,1,384.687,3.899,67.880
4269.2,33.99,0.0,0.0,-9.6,0,385.692,3.903,69.645
4269.2,33.98,80.2,0.0,-7.6,2,386.334,3.905,70.842
4269.2,34.47,84.1,0.0,-5.9,2,387.261,3.909,72.672
4269.2,34.82,84.2,0.0,-5.6,2,387.862,3.911,73.921
4275.8,35.34,84.4,0.0,-6.2,2,388.739,3.914,75.833
4275.8,35.68,84.5,0.0,-7.0,2,389.311,3.915,77.132
4275.8,36.21,84.7,0.0,-7.8,2,390.151,3.914,79.117
4275.8,36.55,84.9,0.0,-7.9,2,390.700,3.912,80.463
4283.0,37.05,83.6,0.0,-7.7,2,391.507,3.907,82.517
4283.0,37.35,83.1,0.0,-7.9,2,392.032,3.904,83.909
4283.0,37.83,84.7,0.0,-6.5,2,392.800,3.898,86.029
4283.0,38.14,85.6,0.0,-4.3,2,393.298,3.894,87.463
4290.3,38.63,73.0,0.0,-0.0,2,394.026,3.888,89.649
4290.3,38.93,82.1,0.0,1.4,2,394.496,3.884,91.127
4290.3,39.46,85.3,0.0,1.3,2,395.179,3.879,93.376
4290.3,39.95,85.6,0.0,-1.3,2,395.837,3.878,95.664
4298.1,40.29,85.6,0.0,-2.7,2,396.266,3.877,97.209
4298.1,40.80,85.7,0.0,-2.4,2,396.897,3.876,99.558
4298.1,41.13,85.8,0.0,-1.8,2,397.310,3.874,101.142
4298.1,41.63,86.0,0.0,-1.3,2,397.920,3.870,103.549
4306.1,41.95,86.0,0.0,-1.0,2,398.318,3.866,105.172
4306.1,42.39,86.1,0.0,-2.0,2,398.906,3.861,107.631
4306.1,42.58,0.0,0.0,-2.5,0,399.290,3.858,109.288
4306.1,42.72,84.3,0.0,-3.1,3,399.852,3.856,111.780
4314.4,43.01,84.4,0.0,-3.9,3,400.220,3.854,113.454
4314.4,43.42,84.6,0.0,-4.8,3,400.758,3.852,115.990
4314.4,43.70,84.6,0.0,-5.0,3,401.106,3.849,117.696
4314.4,44.12,84.7,0.0,-5.3,3,401.609,3.846,120.282
4323.0,44.52,84.9,0.0,-5.4,3,402.086,3.844,122.897
4323.0,44.79,84.9,0.0,-5.5,3,402.388,3.842,124.657
4323.0,45.20,85.0,0.0,-5.4,3,402.815,3.838,127.322
4323.0,45.47,85.1,0.0,-5.2,3,403.083,3.835,129.115
4331.9,45.87,85.2,0.0,-5.1,3,403.457,3.829,131.828
4331.9,46.13,85.3,0.0,-5.2,3,403.686,3.825,133.653
4331.9,46.53,85.3,0.0,-5.3,3,404.002,3.819,136.414
4331.9,46.79,85.4,0.0,-5.3,3,404.192,3.815,138.270
4341.0,47.18,85.5,0.0,-5.4,3,404.448,3.809,141.077
4341.0,47.43,85.5,0.0,-5.7,3,404.598,3.805,142.963
4341.0,47.81,85.6,0.0,-5.9,3,404.792,3.798,145.813
4341.0,48.06,85.7,0.0,-5.7,3,404.899,3.793,147.727
4350.3,48.44,85.8,0.0,-5.8,3,405.025,3.786,150.619
4350.3,48.68,85.8,0.0,-6.4,3,405.085,3.782,152.560
4350.3,49.05,85.9,0.0,-6.9,3,405.140,3.776,155.490
4359.9,49.41,86.0,0.0,-7.2,3,405.150,3.769,158.444
4359.9,49.64,86.0,0.0,-7.3,3,405.129,3.765,160.424
4359.9,49.99,86.1,0.0,-7.8,3,405.054,3.758,163.412
4359.9,50.22,86.1,0.0,-8.3,3,404.975,3.754,165.414
4369.8,50.56,86.2,0.0,-7.7,0,404.810,3.746,168.432
4369.8,50.52,0.0,0.0,-6.5,0,404.669,3.740,170.449
4369.8,50.73,84.2,0.0,-5.9,4,404.407,3.734,173.473
4369.8,50.94,84.3,0.0,-7.5,4,404.202,3.729,175.496
4379.9,51.24,84.4,0.0,-9.5,4,403.849,3.721,178.540
4379.9,51.44,84.4,0.0,-10.7,4,403.580,3.715,180.576
4379.9,51.72,84.6,0.0,-11.9,4,403.126,3.707,183.637
4379.9,51.92,84.7,0.0,-12.1,4,402.787,3.701,185.681
4390.2,52.19,84.9,0.0,-11.9,4,402.221,3.693,188.753
4390.2,52.37,85.0,0.0,-11.3,4,401.804,3.687,190.801
4390.2,52.65,85.2,0.0,-11.0,4,401.115,3.681,193.875
4390.2,52.91,85.4,0.0,-11.2,4,400.352,3.674,196.948
4401.0,53.08,85.5,0.0,-10.9,4,399.800,3.670,198.994
4401.0,53.35,85.6,0.0,-10.8,4,398.906,3.666,202.059
4401.0,53.52,85.7,0.0,-11.5,4,398.267,3.665,204.098
4401.0,53.79,85.9,0.0,-12.7,4,397.245,3.664,207.150
4412.3,53.96,86.0,0.0,-13.9,4,396.524,3.662,209.181
4412.3,54.21,86.1,0.0,-14.5,4,395.379,3.660,212.217
4412.3,54.37,86.2,0.0,-14.0,4,394.572,3.662,214.233
4412.3,54.61,86.4,0.0,-13.1,4,393.294,3.669,217.242
4423.9,54.79,86.4,0.0,-12.6,4,392.401,3.674,219.239
4423.9,55.03,86.6,0.0,-11.4,4,390.998,3.681,222.220
4423.9,55.19,86.7,0.0,-10.9,4,390.020,3.686,224.195
4423.9,55.44,86.8,0.0,-10.5,4,388.490,3.695,227.140
4435.7,55.60,86.9,0.0,-10.6,4,387.430,3.701,229.091
4435.7,55.86,87.0,0.0,-10.3,4,385.783,3.706,232.000
4435.7,56.12,87.1,0.0,-9.8,4,384.069,3.706,234.889
4435.7,56.28,87.2,0.0,-9.6,4,382.889,3.706,236.802
4446.7,56.53,87.3,0.0,-7.9,4,381.061,3.706,239.650
4446.7,56.69,87.4,0.0,-7.7,4,379.804,3.707,241.533
4446.7,56.95,87.5,0.0,-8.7,4,377.864,3.711,244.335
4446.7,57.12,87.6,0.0,-9.1,4,376.533,3.716,246.188
4457.9,57.37,87.7,0.0,-9.8,4,374.484,3.725,248.943
4457.9,57.53,87.8,0.0,-9.7,4,373.084,3.730,250.765
4457.9,57.77,87.9,0.0,-7.4,4,370.931,3.739,253.472
4457.9,57.94,88.0,0.0,-5.7,4,369.461,3.746,255.259
4469.3,58.20,88.1,0.0,-4.5,4,367.207,3.756,257.915
4469.3,58.37,88.2,0.0,-4.6,4,365.674,3.762,259.670
4469.3,58.63,88.3,0.0,-4.6,4,363.331,3.771,262.283
4469.3,58.80,88.3,0.0,-4.6,4,361.742,3.775,264.012
4480.9,59.06,88.4,0.0,-4.4,4,359.321,3.781,266.588
4480.9,59.31,88.6,0.0,-4.4,4,356.855,3.786,269.143
4480.9,59.49,88.6,0.0,-4.4,4,355.188,3.787,270.835
4480.9,59.74,88.8,0.0,-4.4,4,352.651,3.787,273.356
4492.8,59.91,88.7,0.0,-4.2,4,350.936,3.787,275.024
4492.8,60.15,88.9,0.0,-4.6,4,348.328,3.788,277.507
4492.8,60.30,89.0,0.0,-4.7,4,346.567,3.790,279.150
4492.8,60.55,89.1,0.0,-3.2,4,343.891,3.791,281.596
4504.8,60.72,89.2,0.0,-1.8,0,342.083,3.793,283.214
4504.8,60.69,87.9,0.0,-0.6,5,339.345,3.796,285.616
4504.8,60.85,88.0,0.0,0.1,5,337.504,3.799,287.202
4504.8,61.06,88.2,0.0,0.3,5,334.718,3.803,289.570
4516.9,61.25,88.2,0.0,0.1,5,332.846,3.804,291.145
4516.9,61.50,88.3,0.0,-0.1,5,330.022,3.804,293.508
4516.9,61.67,88.3,0.0,-0.1,5,328.131,3.801,295.086
4516.9,61.89,88.4,0.0,0.1,5,325.284,3.799,297.459
4529.2,62.13,88.5,0.0,0.5,5,322.427,3.798,299.841
4529.2,62.28,88.6,0.0,0.6,5,320.517,3.798,301.436
4529.2,62.58,88.7,0.0,0.7,5,316.687,3.797,304.641
4541.6,62.73,88.7,0.0,0.6,5,314.768,3.799,306.252
4541.6,62.96,88.8,0.0,0.6,5,311.884,3.806,308.681
4541.6,63.11,88.9,0.0,0.6,5,309.958,3.811,310.308
4541.6,63.33,89.0,0.0,0.1,5,307.066,3.817,312.761
4554.2,63.48,89.0,0.0,-0.2,5,305.134,3.821,314.404
4554.2,63.70,89.1,0.0,-0.3,5,302.231,3.829,316.879
4554.2,63.84,89.2,0.0,-0.1,5,300.291,3.834,318.535
4554.2,64.06,89.3,0.0,0.3,5,297.374,3.841,321.027
4567.0,64.21,89.3,0.0,0.4,5,295.423,3.844,322.694
4567.0,64.43,89.4,0.0,0.3,5,292.490,3.847,325.202
4567.0,64.58,89.4,0.0,0.3,5,290.530,3.846,326.879
4567.0,64.79,89.5,0.0,0.6,5,287.584,3.839,329.405
4579.9,64.93,89.6,0.0,0.7,5,285.617,3.834,331.095
4579.9,65.14,89.7,0.0,0.6,5,282.661,3.827,333.642
4579.9,65.35,89.7,0.0,0.3,5,279.700,3.817,336.203
4579.9,65.48,89.8,0.0,0.3,5,277.724,3.813,337.918
4593.0,65.68,89.9,0.0,0.2,5,274.757,3.813,340.502
4593.0,65.83,89.9,0.0,0.1,5,272.775,3.813,342.231
4593.0,66.04,90.0,0.0,0.1,5,269.797,3.816,344.835
4593.0,66.17,90.0,0.0,0.1,5,267.809,3.818,346.577
4606.2,66.37,90.1,0.0,0.0,5,264.820,3.823,349.199
4606.2,66.50,90.2,0.0,-0.1,5,262.823,3.830,350.952
4606.2,66.70,90.2,0.0,-0.0,5,259.821,3.843,353.589
4606.2,66.83,90.3,0.0,0.1,5,257.815,3.852,355.352
4619.5,67.03,90.4,0.0,0.2,5,254.799,3.867,358.002
4619.5,67.17,90.4,0.0,0.1,5,252.783,3.875,359.774
4619.5,67.35,90.4,0.0,-0.0,5,249.753,3.889,362.438
4619.5,67.48,90.5,0.0,0.1,5,247.729,3.901,364.219
4633.0,67.68,90.6,0.0,0.3,5,244.686,3.916,366.898
4633.0,67.87,90.6,0.0,0.2,5,241.635,3.927,369.586
4633.0,67.99,90.7,0.0,0.2,5,239.597,3.934,371.382
4633.0,68.18,90.7,0.0,0.1,5,236.534,3.943,374.085
4646.5,68.31,90.8,0.0,0.1,5,234.488,3.946,375.892
4646.5,68.50,90.8,0.0,-0.0,5,231.414,3.946,378.611
4646.5,68.62,90.9,0.0,-0.1,5,229.360,3.945,380.428
4646.5,68.80,90.9,0.0,-0.1,5,226.273,3.942,383.160
4660.2,68.92,91.0,0.0,-0.2,5,224.211,3.940,384.986
4660.2,69.10,91.0,0.0,-0.2,5,221.110,3.935,387.729
4660.2,69.22,91.1,0.0,-0.1,5,219.038,3.932,389.561
4660.2,69.41,91.1,0.0,-0.0,5,215.921,3.927,392.314
4674.1,69.52,91.2,0.0,-0.0,5,213.837,3.922,394.152
4674.1,69.70,91.2,0.0,-0.1,5,210.705,3.913,396.914
4674.1,69.87,91.3,0.0,-0.0,5,207.563,3.906,399.682
4674.1,69.99,91.3,0.0,0.0,5,205.464,3.902,401.531
4688.0,70.16,91.4,0.0,0.2,5,202.309,3.897,404.309
4688.0,70.28,91.4,0.0,0.2,5,200.201,3.893,406.165
4688.0,70.44,91.5,0.0,0.1,5,197.034,3.888,408.955
4688.0,70.56,91.5,0.0,0.1,5,194.918,3.885,410.820
4702.1,70.54,0.0,0.0,0.1,0,191.742,3.880,413.622
4702.1,70.58,90.7,0.0,0.1,6,189.628,3.876,415.490
4702.1,70.74,90.7,0.0,0.2,6,186.452,3.870,418.297
4702.1,70.84,90.7,0.0,0.2,6,184.331,3.868,420.174
4716.2,71.00,90.8,0.0,0.1,6,181.147,3.864,422.995
4716.2,71.10,90.8,0.0,0.1,6,179.021,3.862,424.881
4716.2,71.26,90.9,0.0,-0.0,6,175.827,3.858,427.717
4730.5,71.41,90.9,0.0,-0.1,6,172.629,3.853,430.560
4730.5,71.52,91.0,0.0,0.0,6,170.493,3.848,432.459
4730.5,71.67,91.0,0.0,0.0,6,167.283,3.842,435.314
4730.5,71.77,91.0,0.0,-0.1,6,165.140,3.840,437.220
4744.8,71.92,91.1,0.0,-0.1,6,161.919,3.838,440.085
4744.8,72.02,91.1,0.0,-0.0,6,159.768,3.837,441.997
4744.8,72.17,91.2,0.0,0.1,6,156.535,3.836,444.871
4744.8,72.27,91.2,0.0,0.1,6,154.376,3.837,446.789
4759.2,72.41,91.2,0.0,0.2,6,151.132,3.841,449.673
4759.2,72.51,91.3,0.0,0.3,6,148.966,3.844,451.599
4759.2,72.66,91.3,0.0,0.2,6,145.714,3.847,454.495
4759.2,72.76,91.3,0.0,0.2,6,143.543,3.848,456.430
4773.8,72.90,91.4,0.0,0.2,6,140.283,3.851,459.339
4773.8,73.04,91.4,0.0,0.1,6,137.020,3.854,462.257
4773.8,73.14,91.4,0.0,-0.1,6,134.841,3.855,464.207
4773.8,73.28,91.5,0.0,-0.1,6,131.570,3.857,467.137
4788.4,73.37,91.5,0.0,0.1,6,129.386,3.858,469.095
4788.4,73.50,91.6,0.0,-0.1,6,126.104,3.862,472.035
4788.4,73.60,91.6,0.0,-0.5,6,123.913,3.863,473.998
4788.4,73.74,91.6,0.0,-0.4,6,120.618,3.866,476.945
4803.1,73.83,91.6,0.0,-0.4,6,118.418,3.867,478.911
4803.1,73.97,91.7,0.0,0.5,6,115.108,3.866,481.861
4803.1,74.06,91.7,0.0,0.2,6,112.897,3.865,483.830
4803.1,74.19,91.8,0.0,-0.4,6,109.575,3.862,486.787
4817.9,74.28,91.8,0.0,-0.9,6,107.357,3.858,488.761
4817.9,74.42,91.8,0.0,0.2,6,104.023,3.851,491.724
4817.9,74.51,91.8,0.0,0.1,6,101.795,3.845,493.701
4817.9,74.63,91.9,0.0,-0.2,6,98.449,3.836,496.670
4832.8,74.77,91.9,0.0,0.3,6,95.094,3.826,499.643
4832.8,74.86,91.9,0.0,0.5,6,92.855,3.818,501.628
4832.8,74.99,92.0,0.0,-0.5,6,89.492,3.801,504.611
4832.8,75.07,92.0,0.0,-0.6,6,87.247,3.790,506.603
4847.8,75.21,92.0,0.0,0.2,6,83.875,3.770,509.595
4847.8,75.29,92.1,0.0,0.6,6,81.624,3.756,511.592
4847.8,75.42,92.1,0.0,-0.5,6,78.242,3.735,514.592
4847.8,75.50,92.1,0.0,-0.8,6,75.984,3.721,516.595
4862.9,75.63,92.1,0.0,-0.5,6,72.592,3.699,519.603
4862.9,75.71,92.2,0.0,0.0,6,70.326,3.684,521.609
4862.9,75.84,92.2,0.0,0.9,6,66.920,3.660,524.621
4862.9,75.92,92.2,0.0,0.2,6,64.647,3.643,526.632
4878.1,76.05,92.2,0.0,-1.5,6,61.232,3.617,529.652
4878.1,76.13,92.3,0.0,-0.7,6,58.952,3.598,531.668
4878.1,76.25,92.3,0.0,0.1,6,55.524,3.568,534.692
4878.1,76.38,92.3,0.0,0.9,6,52.085,3.534,537.715
4893.3,76.46,92.4,0.0,0.8,6,49.789,3.510,539.732
4893.3,76.58,92.4,0.0,0.4,6,46.340,3.473,542.762
4893.3,76.67,92.4,0.0,0.1,6,44.040,3.447,544.788
4893.3,76.79,92.4,0.0,0.1,6,40.589,3.405,547.834
4908.6,76.87,92.4,0.0,0.3,6,38.289,3.374,549.871
4908.6,76.99,92.5,0.0,0.3,6,34.836,3.324,552.934
4908.6,77.07,92.5,0.0,0.2,6,32.534,3.285,554.981
4908.6,77.17,92.6,0.0,0.1,6,29.080,3.229,558.059
4924.0,77.26,92.6,0.0,0.1,6,26.776,3.190,560.116
4924.0,77.37,92.6,0.0,0.1,6,23.319,3.133,563.209
4924.0,77.45,92.6,0.0,0.1,6,21.013,3.094,565.275
4924.0,77.58,92.6,0.0,0.1,6,17.551,3.034,568.380
4939.5,77.65,92.7,0.0,0.0,6,15.241,2.994,570.453
4939.5,77.76,92.7,0.0,-0.3,6,11.772,2.934,573.568
4939.5,77.84,92.7,0.0,-0.5,6,9.457,2.896,575.647
4939.5,77.95,92.7,0.0,-0.0,6,5.980,2.839,578.769
4955.0,78.06,92.8,0.0,0.0,6,2.495,2.786,581.893
4955.0,78.12,67.1,28.3,-0.4,6,0.168,2.748,583.977
4955.0,77.41,0.0,75.4,-0.7,6,-3.314,2.684,587.092
4955.0,76.63,0.0,84.6,-0.4,6,-5.613,2.644,589.146
4970.6,75.36,0.0,89.5,0.2,6,-9.019,2.589,592.180
4970.6,74.49,0.0,91.0,0.3,6,-11.260,2.552,594.173
4970.6,73.15,0.0,90.7,0.0,6,-14.574,2.499,597.115
4970.6,72.28,0.0,90.9,-0.5,6,-16.752,2.466,599.044
4985.4,70.96,0.0,91.1,-0.8,6,-19.972,2.418,601.894
4985.4,70.11,0.0,92.5,-0.7,6,-22.088,2.386,603.762
4985.4,68.78,0.0,91.3,-0.8,6,-25.217,2.335,606.517
4985.4,67.91,0.0,91.2,-0.8,6,-27.273,2.301,608.321
4999.3,66.61,0.0,91.0,-0.3,6,-30.315,2.251,610.977
4999.3,65.75,0.0,90.9,-0.1,6,-32.314,2.219,612.715
4999.3,64.47,0.0,91.0,-0.3,6,-35.271,2.174,615.271
5012.4,63.19,0.0,91.3,-0.7,6,-38.176,2.131,617.770
5012.4,62.35,0.0,91.8,-0.8,6,-40.085,2.102,619.403
5012.4,61.08,30.0,92.1,-1.2,0,-42.906,2.059,621.805
5012.4,60.22,0.0,91.9,-1.1,5,-44.758,2.030,623.374
5024.6,58.96,0.0,91.4,-1.6,5,-47.496,1.988,625.678
5024.6,58.11,0.0,91.2,-1.7,5,-49.295,1.960,627.179
5024.6,56.85,0.0,90.8,-2.4,5,-51.954,1.919,629.379
5024.6,56.02,0.0,90.8,-2.6,5,-53.702,1.892,630.809
5035.9,54.77,0.0,90.9,-3.1,5,-56.290,1.853,632.898
5035.9,53.94,0.0,91.0,-3.2,5,-57.993,1.828,634.252
5035.9,52.73,30.8,89.3,-3.2,0,-60.516,1.791,636.224
5035.9,51.92,0.0,87.3,-3.0,4,-62.177,1.766,637.499
5046.5,50.73,0.0,72.4,-2.5,4,-64.640,1.729,639.350
5046.5,49.74,0.0,57.7,-2.4,4,-67.076,1.693,641.127
5046.5,49.18,0.0,51.9,-2.7,4,-68.691,1.669,642.272
5046.5,48.41,0.0,47.6,-4.0,4,-71.103,1.634,643.932
5056.2,47.93,0.0,46.7,-4.9,4,-72.706,1.611,645.002
5056.2,47.22,0.0,46.8,-6.9,4,-75.104,1.576,646.553
5056.2,46.74,0.0,43.9,-8.1,4,-76.697,1.554,647.550
5056.2,46.08,0.0,40.8,-8.6,4,-79.081,1.521,648.991
5065.4,45.66,0.0,35.6,-8.1,4,-80.668,1.499,649.913
5065.4,45.11,0.0,27.2,-7.4,4,-83.045,1.467,651.241
5065.4,44.80,0.0,23.7,-7.9,4,-84.631,1.446,652.089
5065.4,44.37,0.0,21.0,-8.7,4,-87.014,1.414,653.307
5074.2,44.10,0.0,20.4,-9.6,4,-88.605,1.393,654.083
5074.2,43.65,0.0,40.0,-10.4,4,-90.994,1.361,655.192
5074.2,43.24,0.0,41.2,-10.8,0,-92.584,1.339,655.894
5074.2,42.60,0.0,38.5,-10.6,3,-94.961,1.308,656.890
5082.7,42.02,0.0,22.0,-9.6,3,-97.324,1.278,657.815
5082.7,41.74,0.0,13.8,-9.5,3,-98.897,1.259,658.393
5082.7,41.43,0.0,8.4,-10.1,3,-101.257,1.229,659.202
5082.7,41.27,0.0,6.9,-11.1,3,-102.833,1.210,659.704
5091.1,41.03,0.0,4.2,-13.0,3,-105.201,1.180,660.403
5091.1,40.89,0.0,4.8,-13.9,3,-106.782,1.161,660.832
5091.1,40.69,0.0,3.3,-15.1,3,-109.158,1.133,661.421
5091.1,40.56,0.0,4.1,-15.4,3,-110.743,1.113,661.778
5099.4,40.35,0.0,3.0,-15.0,3,-113.122,1.084,662.259
5099.4,40.23,0.0,3.7,-14.4,3,-114.709,1.066,662.542
5099.4,40.02,0.0,3.6,-14.3,3,-117.089,1.039,662.909
5099.4,39.89,0.0,2.8,-14.3,3,-118.674,1.021,663.116
5107.6,39.70,0.0,4.1,-14.0,3,-121.048,0.995,663.371
5107.6,39.56,0.0,2.6,-13.6,3,-122.628,0.978,663.502
5107.6,39.38,0.0,3.6,-13.4,3,-124.992,0.954,663.642
5107.6,39.25,0.0,3.1,-13.7,3,-126.564,0.940,663.697
5115.7,39.06,0.0,3.3,-14.3,3,-128.913,0.919,663.725
5115.7,38.87,0.0,3.0,-15.0,3,-131.251,0.899,663.689
5115.7,38.75,0.0,2.1,-15.3,3,-132.803,0.885,663.630
5115.7,38.57,0.0,3.4,-14.9,3,-135.118,0.864,663.487
5123.6,38.45,0.0,2.8,-14.9,3,-136.653,0.852,663.356
5123.6,38.27,0.0,2.2,-15.4,3,-138.941,0.833,663.104
5123.6,38.15,0.0,3.1,-15.7,3,-140.456,0.821,662.902
5123.6,37.98,0.0,1.5,-15.7,3,-142.712,0.803,662.545
5131.7,37.87,0.0,1.8,-15.9,3,-144.205,0.791,662.273
5131.7,37.70,0.0,1.0,-16.0,3,-146.424,0.774,661.810
5131.7,37.59,0.0,1.4,-16.4,3,-147.890,0.763,661.468
5131.7,37.42,0.0,1.4,-17.0,3,-150.068,0.747,660.901
5139.7,37.31,0.0,0.7,-17.5,3,-151.505,0.737,660.490
5139.7,37.15,0.0,2.1,-18.1,3,-153.637,0.721,659.822
5139.7,37.03,0.0,1.2,-18.5,3,-155.041,0.711,659.343
5139.7,36.86,0.0,0.9,-18.9,3,-157.121,0.696,658.574
5147.5,36.69,0.0,1.9,-19.1,3,-159.166,0.682,657.746
5147.5,36.57,0.0,2.5,-19.1,3,-160.509,0.673,657.161
5147.5,36.37,0.0,5.8,-18.8,3,-162.491,0.661,656.232
5147.5,36.23,0.0,2.6,-18.5,3,-163.789,0.654,655.580
5155.5,36.04,0.0,2.9,-18.2,3,-165.699,0.645,654.554
5155.5,35.92,0.0,4.6,-18.5,3,-166.948,0.640,653.838
5155.5,35.73,4.2,0.0,-18.8,3,-168.783,0.633,652.718
5155.5,35.64,8.8,0.0,-19.1,3,-169.980,0.630,651.941
5163.1,35.55,14.8,0.0,-19.7,3,-171.739,0.626,650.730
5163.1,35.52,22.9,0.0,-20.3,3,-172.887,0.624,649.892
5163.1,35.50,25.7,0.0,-21.7,3,-174.572,0.623,648.589
5163.1,35.52,34.4,0.0,-22.5,3,-175.671,0.623,647.690
5171.1,35.59,43.0,0.0,-23.2,3,-177.285,0.625,646.295
5171.1,35.72,49.5,0.0,-24.3,3,-178.858,0.628,644.845
5171.1,35.82,52.4,0.0,-24.7,3,-179.883,0.632,643.848
5178.6,36.00,56.9,0.0,-27.0,3,-181.388,0.636,642.307
5178.6,36.13,59.5,0.0,-28.2,3,-182.368,0.640,641.249
5178.6,36.31,57.2,0.0,-28.0,3,-183.804,0.645,639.618
5178.6,36.43,57.0,0.0,-27.2,3,-184.735,0.650,638.500
5186.4,36.64,65.3,0.0,-26.1,3,-186.093,0.659,636.781
5186.4,36.81,74.0,0.0,-25.7,3,-186.973,0.666,635.605
5186.4,37.14,77.2,0.0,-28.0,3,-188.256,0.676,633.796
5186.4,37.27,44.3,0.0,-29.7,3,-189.088,0.683,632.562
5193.8,37.18,2.5,3.5,-30.7,3,-190.287,0.694,630.675
5193.8,37.03,2.3,0.6,-29.2,3,-191.049,0.702,629.401
5193.8,36.90,23.4,0.0,-26.3,3,-192.133,0.715,627.467
5193.8,36.91,37.0,0.0,-24.4,3,-192.822,0.722,626.161
5200.9,37.02,55.0,0.0,-26.4,3,-193.806,0.732,624.175
5200.9,37.20,57.0,0.0,-25.7,3,-194.735,0.738,622.152
5200.9,37.31,55.3,0.0,-23.6,3,-195.323,0.741,620.783
5200.9,37.49,60.1,0.0,-20.9,3,-196.156,0.744,618.700
5208.0,37.64,65.2,0.0,-19.5,3,-196.680,0.744,617.292
5208.0,37.88,66.8,0.0,-17.6,3,-197.418,0.742,615.151
5208.0,38.04,65.4,0.0,-17.0,3,-197.877,0.741,613.704
5208.0,38.29,68.1,0.0,-17.9,3,-198.511,0.741,611.504
5215.2,38.46,69.0,0.0,-17.8,3,-198.899,0.741,610.020
5215.2,38.73,69.6,0.0,-17.4,3,-199.428,0.743,607.766
5215.2,38.91,71.3,0.0,-18.7,3,-199.746,0.743,606.247
5215.2,39.20,75.9,0.0,-19.1,3,-200.170,0.745,603.943
5222.9,39.42,79.8,0.0,-19.3,3,-200.418,0.746,602.391
5254.9,35.71,0.0,11.4,12.7,3,-202.867,0.950,565.730
5262.2,35.44,0.0,13.7,11.6,3,-203.246,0.963,563.629
5262.2,35.24,0.0,14.7,10.6,3,-203.527,0.972,562.243
5262.2,34.96,37.9,17.4,9.2,0,-203.986,0.985,560.188
5262.2,34.74,0.0,18.1,10.5,2,-204.317,0.995,558.833
5269.9,34.36,0.0,30.4,11.0,2,-204.850,1.011,556.829
5269.9,34.02,0.0,42.7,13.0,2,-205.229,1.022,555.514
5269.9,33.39,0.0,35.4,15.8,2,-205.827,1.041,553.581
5269.9,32.95,0.0,49.5,14.1,2,-206.247,1.053,552.321
5277.0,32.23,0.0,39.4,11.9,2,-206.905,1.071,550.479
5277.0,31.83,0.0,31.6,11.6,2,-207.363,1.084,549.282
5277.0,31.34,0.0,21.2,9.2,2,-208.082,1.103,547.528
5277.0,31.09,0.0,16.3,9.0,2,-208.583,1.117,546.384
5284.7,30.78,0.0,13.6,11.2,2,-209.364,1.138,544.701
5284.7,30.48,0.0,15.0,14.3,2,-210.179,1.161,543.053
5284.7,30.28,0.0,14.9,16.6,2,-210.740,1.175,541.975
5284.7,29.97,0.0,12.3,22.2,2,-211.609,1.196,540.389
5291.5,29.78,0.0,8.9,22.9,2,-212.209,1.209,539.356
5291.5,29.54,0.0,6.6,20.9,2,-213.145,1.229,537.842
5291.5,29.40,0.0,5.7,23.0,2,-213.792,1.241,536.857
5291.5,29.19,0.0,2.5,26.1,2,-214.800,1.260,535.417
5298.1,29.07,0.0,1.0,27.2,2,-215.498,1.272,534.484
5298.1,28.90,0.4,0.1,30.6,2,-216.582,1.289,533.124
5298.1,28.79,1.8,0.0,32.7,2,-217.330,1.300,532.245
5298.1,28.63,5.1,0.0,34.6,2,-218.488,1.316,530.970
5304.9,28.55,38.2,0.0,36.7,0,-219.284,1.325,530.149
5304.9,28.42,9.7,0.0,38.0,1,-220.514,1.338,528.962
5304.9,28.35,13.2,0.0,38.6,1,-221.356,1.347,528.201
5304.9,28.26,14.5,0.0,40.6,1,-222.653,1.359,527.105
5310.9,28.19,16.4,0.0,43.0,1,-223.989,1.370,526.064
5310.9,28.15,17.4,0.0,44.8,1,-224.900,1.377,525.401
5310.9,28.09,17.6,0.0,47.5,1,-226.294,1.386,524.451
5310.9,28.05,16.9,0.0,49.5,1,-227.241,1.392,523.849
5316.8,27.97,15.0,0.0,52.5,1,-228.687,1.400,522.992
5316.8,27.90,14.3,0.0,54.4,1,-229.666,1.405,522.453
5316.8,27.79,13.1,0.0,56.9,1,-231.155,1.411,521.694
5316.8,27.71,12.4,0.0,58.2,1,-232.160,1.414,521.222
5322.6,27.58,11.7,0.0,60.0,1,-233.684,1.418,520.566
5322.6,27.49,11.3,0.0,61.1,1,-234.709,1.421,520.164
5322.6,27.35,11.0,0.0,57.7,1,-236.260,1.424,519.614
5322.6,27.26,11.1,0.0,59.7,1,-237.301,1.425,519.283
5328.3,27.12,11.2,0.0,60.1,1,-238.872,1.427,518.841
5328.3,27.03,11.0,0.0,59.6,1,-239.924,1.427,518.582
5328.3,26.90,11.1,0.0,61.5,1,-241.507,1.427,518.248
5328.3,26.76,10.9,0.0,60.1,1,-243.094,1.426,517.980
5334.0,26.67,10.9,0.0,60.3,1,-244.154,1.425,517.838
5334.0,26.54,11.1,0.0,60.5,1,-245.742,1.423,517.679
5334.0,26.45,11.0,0.0,60.5,1,-246.799,1.421,517.609
5334.0,26.31,11.1,0.0,59.9,1,-248.381,1.417,517.560
5339.7,26.23,11.2,0.0,59.1,1,-249.432,1.414,517.563
5339.7,26.11,11.5,0.0,57.4,1,-251.002,1.409,517.620
5339.7,26.03,11.9,0.0,55.3,1,-252.042,1.405,517.694
5339.7,25.93,14.2,0.0,51.7,1,-253.592,1.398,517.858
5345.2,25.88,16.4,0.0,49.1,1,-254.618,1.393,518.002
5345.2,25.86,22.8,0.0,44.9,1,-256.147,1.385,518.270
5345.2,25.90,34.2,0.0,42.0,1,-257.159,1.379,518.482
5345.2,26.12,50.4,0.0,37.6,1,-258.674,1.369,518.851
5350.6,26.34,61.5,0.0,34.5,1,-259.685,1.362,519.131
5350.6,26.76,67.3,0.0,29.6,1,-261.206,1.349,519.601
5350.6,27.14,56.3,0.0,22.2,1,-262.733,1.336,520.134
5350.6,27.36,53.4,0.0,18.9,1,-263.750,1.326,520.523
5356.3,27.72,58.5,0.0,12.4,1,-265.273,1.310,521.161
5356.3,27.99,60.4,0.0,10.5,1,-266.288,1.300,521.619
5356.3,28.41,57.8,0.0,14.7,1,-267.811,1.283,522.354
5356.3,28.66,55.7,0.0,16.8,1,-268.825,1.271,522.877
5362.2,29.02,55.0,0.0,16.1,1,-270.342,1.254,523.707
5375.2,32.25,63.7,0.0,28.2,1,-283.422,1.068,533.695
5382.0,32.61,64.0,0.0,29.6,1,-284.760,1.044,535.107
5382.0,32.84,64.8,0.0,30.9,1,-285.631,1.029,536.083
5382.0,33.18,60.8,0.0,33.0,1,-286.907,1.007,537.597
5382.0,33.37,54.9,0.0,34.5,1,-287.735,0.993,538.639
5389.6,33.61,51.0,0.0,37.4,1,-288.938,0.971,540.248
5389.6,33.73,42.3,0.0,39.7,1,-289.714,0.957,541.349
5389.6,33.82,36.1,0.0,45.4,1,-290.834,0.935,543.038
5389.6,33.85,33.2,0.0,49.5,1,-291.550,0.920,544.187
5396.9,33.81,18.3,0.0,54.8,1,-292.575,0.899,545.939
5396.9,33.68,16.0,0.0,55.9,1,-293.538,0.880,547.720
5396.9,33.59,15.6,0.0,54.1,1,-294.145,0.867,548.921
5404.8,33.46,15.6,0.0,57.2,1,-295.002,0.849,550.741
5404.8,33.37,15.4,0.0,55.7,1,-295.537,0.836,551.966
5404.8,33.23,15.1,0.0,54.8,1,-296.284,0.817,553.819
5404.8,33.13,15.2,0.0,56.6,1,-296.744,0.805,555.064
5412.0,32.98,14.9,0.0,53.2,1,-297.373,0.787,556.945
5412.0,32.89,15.0,0.0,52.3,1,-297.752,0.777,558.207
5412.0,32.77,17.9,0.0,52.4,1,-298.262,0.762,560.110
5412.0,32.74,27.5,0.0,50.5,1,-298.563,0.752,561.385
5419.0,32.73,25.7,0.0,46.6,1,-298.960,0.737,563.308
5419.0,32.70,19.1,0.0,44.7,1,-299.187,0.727,564.597
5419.0,32.63,22.6,0.0,39.5,1,-299.470,0.713,566.536
5419.0,32.67,37.7,0.0,31.5,1,-299.683,0.700,568.483
5426.2,32.82,62.0,0.0,25.4,1,-299.789,0.692,569.787
5426.2,33.30,86.0,0.0,15.5,1,-299.896,0.679,571.766
5426.2,33.66,86.1,0.0,8.3,1,-299.938,0.671,573.103
5426.2,34.20,85.9,0.0,-0.2,1,-299.957,0.659,575.138
5433.2,34.43,0.0,0.0,-2.5,0,-299.944,0.653,576.512
5433.2,34.64,84.0,0.0,-0.7,2,-299.887,0.643,578.578
5433.2,34.99,84.1,0.0,2.2,2,-299.832,0.638,579.969
5433.2,35.52,84.3,0.0,5.8,2,-299.730,0.633,582.081
5440.4,35.87,84.5,0.0,7.0,2,-299.649,0.629,583.506
5440.4,36.39,84.7,0.0,7.8,2,-299.508,0.624,585.667
5440.4,36.73,84.8,0.0,8.0,2,-299.397,0.620,587.125
5440.4,37.24,85.0,0.0,8.3,2,-299.201,0.614,589.334
5447.6,37.58,85.1,0.0,8.5,2,-299.049,0.610,590.822
5447.6,38.08,85.2,0.0,9.3,2,-298.787,0.602,593.076
5447.6,38.41,85.3,0.0,9.2,2,-298.588,0.597,594.592
5447.6,38.91,85.4,0.0,8.9,2,-298.250,0.587,596.886
5455.1,39.39,85.6,0.0,8.8,2,-297.863,0.575,599.202
5455.1,39.72,85.6,0.0,8.8,2,-297.578,0.567,600.758
5455.1,40.18,85.8,0.0,9.4,2,-297.109,0.552,603.108
5455.1,40.50,85.9,0.0,9.0,2,-296.768,0.540,604.684
5463.0,40.98,85.9,0.0,8.5,2,-296.214,0.521,607.064
5463.0,41.28,86.0,0.0,8.1,2,-295.814,0.508,608.659
5463.0,41.74,86.1,0.0,7.8,2,-295.168,0.489,611.063
5463.0,42.05,86.2,0.0,8.9,2,-294.709,0.474,612.674
5471.1,42.18,0.0,0.0,8.7,0,-293.978,0.450,615.096
5471.1,42.34,84.3,0.0,7.1,3,-293.462,0.431,616.704
5471.1,42.76,84.4,0.0,5.0,3,-292.644,0.404,619.121
5471.1,43.03,84.5,0.0,4.4,3,-292.071,0.384,620.738
5479.6,43.46,84.6,0.0,4.5,3,-291.174,0.350,623.172
5479.6,43.74,84.7,0.0,4.4,3,-290.554,0.325,624.801
5479.6,44.15,84.8,0.0,4.0,3,-289.590,0.287,627.254
5479.6,44.54,85.0,0.0,3.8,3,-288.587,0.251,629.717
5488.3,44.87,84.9,0.0,3.5,3,-287.898,0.227,631.367
5488.3,45.21,85.4,0.0,2.9,3,-286.838,0.189,633.851
5488.3,45.39,64.7,0.0,1.6,3,-286.115,0.158,635.512
5488.3,45.69,71.9,0.0,0.4,3,-285.001,0.111,638.007
5497.3,45.90,85.2,0.0,0.4,3,-284.241,0.079,639.673
5497.3,46.38,85.2,0.0,0.1,3,-283.076,0.028,642.182
5497.3,46.67,85.4,0.0,0.7,3,-282.279,-0.002,643.862
5497.3,47.07,85.4,0.0,2.0,3,-281.052,-0.042,646.390
5506.5,47.29,85.7,0.0,1.8,3,-280.217,-0.066,648.082
5506.5,47.69,85.8,0.0,1.3,3,-278.939,-0.105,650.630
5506.5,47.91,85.9,0.0,1.5,3,-278.071,-0.130,652.334
5506.5,48.07,0.0,0.0,0.8,0,-276.752,-0.175,654.895
5516.0,48.26,83.6,0.0,1.7,4,-275.407,-0.214,657.449
5516.0,48.49,83.8,0.0,2.7,4,-274.494,-0.233,659.155
5516.0,48.80,83.6,0.0,3.6,4,-273.101,-0.256,661.719
5516.0,49.05,83.7,0.0,3.8,4,-272.156,-0.266,663.432
5525.7,49.32,84.1,0.0,4.6,4,-270.713,-0.277,666.006
5525.7,49.58,84.0,0.0,4.4,4,-269.735,-0.286,667.724
5525.7,49.92,84.0,0.0,3.3,4,-268.239,-0.305,670.306
5525.7,50.13,84.1,0.0,3.1,4,-267.220,-0.318,672.027
5535.6,50.45,84.2,0.0,3.5,4,-265.658,-0.335,674.608
5556.0,53.22,84.8,0.0,0.7,4,-250.718,-0.404,697.034
5566.5,53.43,84.8,0.0,0.9,4,-249.487,-0.407,698.775
5566.5,53.74,84.9,0.0,1.3,4,-247.624,-0.414,701.395
5566.5,53.96,84.9,0.0,1.6,4,-246.371,-0.420,703.147
5566.5,54.26,85.0,0.0,1.8,4,-244.474,-0.429,705.780
5577.2,54.57,85.2,0.0,2.1,4,-242.553,-0.437,708.420
5577.2,54.77,85.3,0.0,2.2,4,-241.259,-0.441,710.182
5577.2,55.07,85.5,0.0,2.5,4,-239.295,-0.447,712.827
5577.2,55.27,85.6,0.0,2.6,4,-237.970,-0.451,714.591
5588.1,55.57,85.7,0.0,2.8,4,-235.958,-0.455,717.238
5588.1,55.77,85.9,0.0,3.0,4,-234.599,-0.456,719.002
5588.1,56.06,86.0,0.0,3.1,4,-232.534,-0.459,721.645
5588.1,56.25,86.1,0.0,3.2,4,-231.139,-0.460,723.406
5599.3,56.54,86.2,0.0,3.3,4,-229.019,-0.461,726.042
5599.3,56.73,86.3,0.0,3.3,4,-227.585,-0.461,727.796
5599.3,57.01,86.5,0.0,3.2,4,-225.405,-0.460,730.420
5599.3,57.20,86.6,0.0,3.3,4,-223.931,-0.458,732.165
5610.8,57.48,86.7,0.0,3.4,4,-221.690,-0.454,734.775
5610.8,57.66,86.8,0.0,3.5,4,-220.176,-0.450,736.509
5610.8,57.93,86.9,0.0,3.6,4,-217.873,-0.440,739.101
5610.8,58.21,87.1,0.0,3.5,4,-215.532,-0.427,741.682
5622.6,58.39,87.2,0.0,3.4,4,-213.951,-0.416,743.395
5622.6,58.65,87.3,0.0,3.4,4,-211.548,-0.398,745.955
5622.6,58.83,87.4,0.0,3.2,4,-209.926,-0.385,747.654
5622.6,59.09,87.5,0.0,3.0,4,-207.462,-0.363,750.192
5634.6,59.27,87.6,0.0,2.8,4,-205.799,-0.347,751.876
5634.6,59.52,87.7,0.0,2.9,4,-203.275,-0.320,754.391
5634.6,59.70,87.8,0.0,3.0,4,-201.574,-0.302,756.060
5634.6,59.95,87.9,0.0,3.3,4,-198.993,-0.275,758.555
5646.7,60.13,88.0,0.0,3.3,4,-197.255,-0.259,760.211
5646.7,60.37,88.1,0.0,3.1,4,-194.618,-0.236,762.684
5646.7,60.54,88.2,0.0,3.3,4,-192.842,-0.222,764.324
5646.7,60.79,88.3,0.0,3.4,4,-190.150,-0.208,766.773
5659.0,60.95,88.4,0.0,3.2,4,-188.336,-0.203,768.397
5659.0,61.19,88.5,0.0,3.1,4,-185.586,-0.199,770.819
5659.0,61.21,0.0,0.0,3.1,0,-182.803,-0.195,773.218
5659.0,61.29,87.2,0.0,2.9,5,-180.934,-0.191,774.800
5671.5,61.50,87.4,0.0,3.3,5,-178.102,-0.183,777.156
5671.5,61.66,87.4,0.0,3.7,5,-176.196,-0.179,778.715
5671.5,61.88,87.6,0.0,4.3,5,-173.308,-0.174,781.038
5671.5,62.03,87.6,0.0,4.6,5,-171.365,-0.173,782.575
5684.1,62.25,87.7,0.0,4.5,5,-168.420,-0.175,784.862
5684.1,62.39,87.8,0.0,4.3,5,-166.437,-0.177,786.371
5684.1,62.60,87.9,0.0,4.1,5,-163.428,-0.179,788.609
5684.1,62.74,88.0,0.0,4.1,5,-161.401,-0.178,790.083
5696.9,62.95,88.1,0.0,4.6,5,-158.327,-0.175,792.266
5696.9,63.10,88.1,0.0,4.6,5,-156.257,-0.174,793.705
5696.9,63.31,88.2,0.0,4.2,5,-153.121,-0.173,795.836
5696.9,63.44,88.3,0.0,4.1,5,-151.010,-0.173,797.238
5709.8,63.65,88.4,0.0,3.9,5,-147.810,-0.168,799.311
5709.8,63.85,88.5,0.0,4.2,5,-144.574,-0.159,801.349
5709.8,63.97,88.6,0.0,4.4,5,-142.397,-0.156,802.691
5722.8,64.20,88.7,0.0,4.2,5,-139.105,-0.154,804.677
5722.8,64.34,88.7,0.0,4.3,5,-136.889,-0.154,805.981
5722.8,64.53,88.8,0.0,3.9,5,-133.535,-0.150,807.902
5722.8,64.66,88.9,0.0,4.4,5,-131.279,-0.147,809.160
5736.0,64.87,88.9,0.0,5.2,5,-127.867,-0.146,811.017
5736.0,65.04,89.0,0.0,5.2,5,-124.419,-0.145,812.833
5736.0,65.17,89.1,0.0,5.1,5,-122.100,-0.143,814.018
5736.0,65.36,89.2,0.0,4.8,5,-118.593,-0.141,815.760
5749.2,65.49,89.2,0.0,4.7,5,-116.235,-0.138,816.894
5749.2,65.68,89.3,0.0,5.0,5,-112.669,-0.135,818.557
5749.2,65.80,89.4,0.0,5.4,5,-110.273,-0.134,819.639
5749.2,65.98,89.4,0.0,5.6,5,-106.651,-0.130,821.222
5762.5,66.09,89.5,0.0,5.6,5,-104.218,-0.126,822.249
5762.5,66.27,89.6,0.0,5.3,5,-100.541,-0.119,823.746
5762.5,66.39,89.6,0.0,5.3,5,-98.071,-0.115,824.716
5762.5,66.57,89.7,0.0,5.2,5,-94.341,-0.109,826.127
5775.8,66.68,89.8,0.0,5.4,5,-91.837,-0.104,827.038
5775.8,66.86,89.8,0.0,5.5,5,-88.056,-0.100,828.362
5775.8,66.97,89.9,0.0,5.1,5,-85.518,-0.097,829.214
5775.8,67.14,89.9,0.0,4.9,5,-81.688,-0.090,830.444
5789.1,67.32,90.0,0.0,4.9,5,-77.829,-0.084,831.618
5789.1,67.43,90.1,0.0,5.0,5,-75.242,-0.079,832.371
5789.1,67.60,90.1,0.0,5.4,5,-71.339,-0.072,833.454
5789.1,67.71,90.2,0.0,5.0,5,-68.723,-0.067,834.146
5802.5,67.88,90.2,0.0,3.5,5,-64.778,-0.058,835.137
5802.5,67.99,90.3,0.0,3.3,5,-62.136,-0.052,835.768
5802.5,68.16,90.3,0.0,3.0,5,-58.153,-0.041,836.673
5802.5,68.28,90.4,0.0,3.0,5,-55.486,-0.032,837.249
5816.0,68.45,90.5,0.0,3.2,5,-51.469,-0.016,838.079
5816.0,68.57,90.5,0.0,3.1,5,-48.781,-0.003,838.611
5816.0,68.74,90.6,0.0,2.9,5,-44.734,0.018,839.375
5816.0,68.85,90.6,0.0,3.0,5,-42.026,0.034,839.864
5829.7,69.03,90.7,0.0,2.5,5,-37.950,0.057,840.565
5829.7,69.14,90.7,0.0,2.3,5,-35.223,0.071,841.012
5829.7,69.31,90.8,0.0,2.2,5,-31.119,0.094,841.652
5829.7,69.48,90.8,0.0,2.0,5,-27.001,0.119,842.258
5843.6,69.59,90.9,0.0,1.8,5,-24.246,0.137,842.645
5843.6,69.75,91.0,0.0,1.7,5,-20.104,0.167,843.199
5843.6,69.87,91.0,0.0,0.9,5,-17.334,0.187,843.554
5843.6,70.04,91.0,0.0,-0.1,5,-13.169,0.212,844.070
5857.5,70.15,91.1,0.0,-0.2,5,-10.385,0.229,844.403
5857.5,70.31,91.2,0.0,0.0,5,-6.201,0.257,844.894
5857.5,70.43,91.2,0.0,-0.0,5,-3.405,0.276,845.218
5857.5,70.59,91.3,0.0,-0.1,5,0.798,0.306,845.702
2.4,70.62,0.0,0.0,-0.2,0,3.604,0.322,846.023
