opponent,v3,Dries Vanthoor,0,1771575858039
Game,version,date,track,car,event,laptime [s],S1 [s],S2 [s],S3 [s],S4+ [s]
LMU,1.2,2026-02-20 08:24:18,Silverstone Grand Prix Circuit - ELMS,BMW M Team WRT 2025 #15:LM (Hyper),Live,106.532,0,0,0
Tracklen [m],TotalLaps
5866.5,2
,
,
lapdistance [m],speed [m/s],throttle [%],brake [%],steer [%],gear [int],world_x [m],world_y [m],world_z [m]
1.4,71.75,84.7,0.0,-0.2,6,9.749,0.393,846.617
1.4,71.90,84.7,0.0,-0.0,6,14.030,0.423,847.106
15.7,71.99,84.8,0.0,0.1,6,16.889,0.446,847.435
15.7,72.14,84.8,0.0,0.2,6,21.184,0.479,847.929
15.7,72.24,84.8,0.0,0.3,6,24.052,0.500,848.259
15.7,72.38,84.8,0.0,0.3,6,28.362,0.533,848.755
30.2,72.47,84.8,0.0,0.3,6,31.240,0.558,849.085
30.2,72.61,84.8,0.0,0.2,6,35.564,0.597,849.580
30.2,72.75,84.9,0.0,0.2,6,39.896,0.633,850.072
30.2,72.85,84.9,0.0,0.2,6,42.790,0.658,850.399
44.7,72.98,84.9,0.0,0.2,6,47.137,0.699,850.888
44.7,73.07,84.9,0.0,0.2,6,50.039,0.726,851.212
44.7,73.21,84.9,0.0,0.2,6,54.401,0.768,851.697
44.7,73.31,84.9,0.0,0.3,6,57.313,0.794,852.019
59.3,73.44,84.9,0.0,0.4,6,61.688,0.832,852.500
59.3,73.52,85.0,0.0,0.4,6,64.610,0.859,852.820
59.3,73.66,85.0,0.0,0.3,6,68.999,0.902,853.299
59.3,73.75,85.0,0.0,0.3,6,71.929,0.932,853.617
74.0,73.88,85.0,0.0,0.2,6,76.332,0.973,854.091
74.0,73.96,85.0,0.0,-0.0,6,79.272,0.998,854.406
74.0,74.10,85.0,0.0,-0.1,6,83.689,1.033,854.876
74.0,74.19,85.0,0.0,-0.2,6,86.638,1.056,855.189
88.8,74.31,85.1,0.0,0.0,6,91.068,1.091,855.658
88.8,74.40,85.1,0.0,0.1,6,94.025,1.115,855.972
88.8,74.52,85.1,0.0,0.1,6,98.467,1.148,856.444
103.7,74.65,85.1,0.0,-0.0,6,102.918,1.180,856.916
103.7,74.74,85.1,0.0,0.1,6,105.888,1.201,857.231
103.7,74.86,85.1,0.0,1.0,6,110.351,1.232,857.704
103.7,74.94,85.2,0.0,1.0,6,113.330,1.253,858.018
118.6,75.06,85.2,0.0,0.1,6,117.805,1.287,858.487
118.6,75.15,85.2,0.0,0.3,6,120.793,1.309,858.798
118.6,75.28,85.2,0.0,0.5,6,125.282,1.334,859.261
118.6,75.36,85.2,0.0,0.0,6,128.279,1.349,859.567
133.6,75.47,85.2,0.0,0.0,6,132.780,1.372,860.023
133.6,75.54,85.3,0.0,0.4,6,135.785,1.390,860.326
133.6,75.66,85.3,0.0,0.2,6,140.298,1.424,860.780
133.6,75.74,85.3,0.0,0.2,6,143.311,1.447,861.081
148.8,75.86,85.3,0.0,-0.0,6,147.836,1.475,861.530
148.8,75.94,85.3,0.0,0.2,6,150.858,1.494,861.828
148.8,76.06,85.3,0.0,0.1,6,155.396,1.521,862.273
148.8,76.18,85.3,0.0,0.3,6,159.941,1.545,862.715
164.0,76.25,85.3,0.0,0.3,6,162.975,1.564,863.010
164.0,76.36,85.3,0.0,0.2,6,167.531,1.593,863.451
164.0,76.43,85.3,0.0,0.1,6,170.573,1.613,863.744
164.0,76.54,85.4,0.0,-0.1,6,175.141,1.645,864.184
179.3,76.62,85.4,0.0,-0.2,6,178.190,1.665,864.476
179.3,76.74,85.4,0.0,-0.5,6,182.769,1.695,864.915
179.3,76.81,85.4,0.0,0.5,6,185.826,1.714,865.208
179.3,76.91,85.4,0.0,-0.3,6,190.416,1.741,865.647
194.6,76.98,85.4,0.0,-1.0,6,193.480,1.760,865.940
194.6,77.09,85.4,0.0,-1.0,6,198.081,1.789,866.381
194.6,77.16,85.4,0.0,-0.7,6,201.151,1.807,866.679
194.6,77.26,85.5,0.0,-0.3,6,205.761,1.834,867.134
210.1,77.34,85.5,0.0,-0.2,6,208.837,1.849,867.443
210.1,77.57,85.5,0.0,0.2,6,219.623,1.916,868.553
210.1,77.64,85.5,0.0,0.2,6,222.711,1.937,868.875
225.5,77.74,85.5,0.0,0.2,6,227.347,1.969,869.357
225.5,77.94,85.5,0.0,0.9,6,236.638,2.038,870.308
241.1,78.04,79.9,0.0,1.1,6,241.294,2.073,870.774
241.1,78.03,44.7,28.7,1.1,6,244.401,2.091,871.080
241.1,77.23,0.0,76.5,1.5,6,249.043,2.114,871.528
241.1,76.40,0.0,85.1,1.9,6,252.104,2.129,871.817
256.6,75.04,0.0,89.9,2.1,6,256.632,2.152,872.231
256.6,74.10,0.0,90.6,2.1,6,259.605,2.168,872.494
256.6,72.70,0.0,91.8,2.5,6,263.996,2.193,872.865
256.6,71.76,0.0,92.1,3.0,6,266.878,2.209,873.094
271.2,70.35,0.0,92.1,2.7,6,271.133,2.231,873.407
271.2,69.42,0.0,92.1,2.7,6,273.924,2.243,873.596
271.2,68.03,0.0,92.3,4.1,6,278.043,2.261,873.844
271.2,67.10,0.0,92.0,4.8,6,280.744,2.271,873.986
284.9,65.73,26.2,90.1,5.4,0,284.727,2.286,874.157
284.9,64.86,0.0,88.5,5.5,5,287.339,2.294,874.243
284.9,63.52,0.0,73.5,3.6,5,291.192,2.306,874.325
284.9,62.40,0.0,47.6,1.4,5,294.971,2.323,874.344
297.7,61.86,0.0,28.3,1.1,5,297.456,2.333,874.318
297.7,61.28,0.0,19.9,1.9,5,301.149,2.349,874.219
297.7,60.96,0.0,18.4,3.9,5,303.592,2.361,874.109
297.7,60.52,0.0,9.8,8.1,5,307.230,2.381,873.882
309.8,60.29,0.0,6.8,10.5,5,309.638,2.395,873.689
309.8,59.99,0.0,5.6,13.5,5,313.231,2.418,873.343
309.8,59.80,0.0,2.4,14.6,5,315.612,2.434,873.074
309.8,59.56,3.4,0.0,14.6,5,319.163,2.456,872.613
321.6,59.41,2.3,0.0,14.2,5,321.517,2.471,872.265
321.6,59.15,0.0,7.1,13.2,5,325.026,2.492,871.679
321.6,58.94,0.0,6.0,13.3,5,327.349,2.506,871.247
321.6,58.60,0.0,10.4,12.3,5,330.803,2.524,870.536
333.3,58.35,0.0,10.5,12.2,5,333.085,2.535,870.019
333.3,58.03,7.5,0.5,11.9,5,336.474,2.552,869.180
333.3,57.90,37.9,0.0,12.3,5,339.827,2.569,868.261
333.3,57.88,47.8,0.0,13.3,5,342.047,2.580,867.603
345.2,57.92,47.6,0.0,20.7,5,348.641,2.612,865.414
345.2,57.87,31.4,0.0,22.8,5,351.897,2.629,864.202
357.3,57.77,15.1,0.0,23.0,5,354.048,2.640,863.351
357.3,57.56,7.4,0.0,22.6,5,357.239,2.658,862.013
357.3,57.39,30.1,0.0,20.7,5,360.385,2.677,860.601
357.3,57.36,50.0,0.0,19.3,5,362.458,2.690,859.618
369.6,57.45,79.5,0.0,17.5,5,365.537,2.709,858.078
369.6,57.53,69.8,0.0,16.9,5,367.572,2.721,857.007
369.6,57.58,58.3,0.0,18.1,5,370.595,2.739,855.336
369.6,57.63,73.9,0.0,19.1,5,372.587,2.751,854.180
381.7,57.79,83.7,0.0,19.9,5,375.544,2.770,852.380
381.7,57.90,83.8,0.0,20.1,5,377.495,2.783,851.137
381.7,58.09,83.8,0.0,20.9,5,380.393,2.801,849.211
381.7,58.21,83.8,0.0,21.7,5,382.305,2.812,847.886
393.8,58.40,83.8,0.0,23.2,5,385.142,2.827,845.840
393.8,58.50,83.8,0.0,23.6,5,387.010,2.837,844.435
393.8,58.67,83.9,0.0,22.7,5,389.776,2.854,842.267
393.8,58.78,83.9,0.0,22.0,5,391.596,2.866,840.782
406.3,58.95,84.0,0.0,20.8,5,394.287,2.882,838.495
406.3,59.11,79.8,0.0,18.9,5,396.930,2.899,836.138
406.3,59.18,62.0,0.0,17.7,5,398.663,2.911,834.527
406.3,59.10,19.1,24.5,17.4,5,401.213,2.929,832.057
418.4,58.79,0.0,37.5,17.0,5,402.874,2.941,830.381
418.4,58.20,0.0,3.9,14.9,5,405.295,2.957,827.841
418.4,58.08,54.3,0.0,12.0,5,406.865,2.968,826.126
418.4,58.22,83.8,0.0,9.6,5,409.168,2.984,823.507
430.2,58.35,83.8,0.0,9.1,5,410.674,2.992,821.728
430.2,58.54,83.8,0.0,8.6,5,412.887,3.003,819.008
430.2,58.68,83.8,0.0,9.6,5,414.331,3.012,817.162
430.2,58.87,83.9,0.0,12.6,5,416.449,3.026,814.343
441.8,59.02,83.9,0.0,14.8,5,417.834,3.035,812.435
441.8,59.22,83.9,0.0,16.4,5,419.871,3.044,809.532
441.8,59.42,83.9,0.0,15.9,5,421.854,3.057,806.577
441.8,59.55,84.0,0.0,15.1,5,423.145,3.067,804.578
453.3,59.74,84.1,0.0,13.6,5,425.033,3.084,801.538
453.3,59.87,84.0,0.0,12.5,5,426.256,3.097,799.483
453.3,60.06,84.1,0.0,12.4,5,428.039,3.121,796.358
453.3,60.20,84.1,0.0,12.0,5,429.193,3.136,794.248
465.0,60.38,84.2,0.0,12.9,5,430.870,3.163,791.044
465.0,60.52,83.8,0.0,13.1,5,431.953,3.181,788.882
465.0,60.69,84.2,0.0,12.1,5,433.528,3.204,785.605
465.0,60.85,84.2,0.0,10.7,5,434.542,3.221,783.396
477.0,61.00,84.3,0.0,10.1,5,436.009,3.252,780.049
477.0,61.13,83.3,0.0,9.1,5,436.954,3.272,777.796
477.0,61.26,84.4,0.0,6.3,5,438.324,3.296,774.391
477.0,61.38,73.9,0.0,2.6,5,439.211,3.305,772.105
489.1,61.56,83.9,0.0,-0.0,5,440.484,3.322,768.644
489.1,61.76,84.4,0.0,2.1,5,441.688,3.350,765.146
489.1,61.91,84.4,0.0,5.0,5,442.460,3.371,762.796
501.2,62.14,77.2,0.0,7.9,5,443.583,3.399,759.248
501.2,62.25,69.5,0.0,7.9,5,444.311,3.416,756.870
501.2,62.39,82.5,0.0,6.4,5,445.368,3.443,753.284
501.2,62.53,84.5,0.0,4.1,5,446.049,3.461,750.881
513.6,62.75,84.3,0.0,2.3,5,447.036,3.490,747.255
513.6,62.88,83.6,0.0,2.8,5,447.673,3.509,744.824
513.6,63.11,83.4,0.0,4.0,5,448.600,3.540,741.160
513.6,63.25,84.5,0.0,5.1,5,449.200,3.568,738.705
526.1,63.40,84.8,0.0,5.8,5,450.075,3.603,735.007
526.1,63.53,85.1,0.0,4.0,5,450.643,3.615,732.534
526.1,63.76,84.3,0.0,3.1,5,451.463,3.633,728.803
526.1,63.90,84.7,0.0,3.9,5,451.982,3.652,726.303
538.8,64.11,84.7,0.0,4.5,5,452.726,3.683,722.536
538.8,64.25,84.8,0.0,4.5,5,453.202,3.705,720.013
538.8,64.46,84.8,0.0,3.9,5,453.887,3.735,716.214
538.8,64.67,84.9,0.0,3.1,5,454.540,3.761,712.396
551.6,64.82,84.8,0.0,2.3,5,454.958,3.777,709.840
551.6,65.01,84.9,0.0,1.7,5,455.558,3.805,705.992
551.6,65.16,84.9,0.0,1.8,5,455.945,3.827,703.418
551.6,65.37,85.0,0.0,1.7,5,456.508,3.857,699.544
564.5,65.50,85.0,0.0,1.3,5,456.874,3.878,696.953
564.5,65.71,85.0,0.0,0.9,5,457.411,3.912,693.054
564.5,65.85,85.0,0.0,0.8,5,457.762,3.935,690.446
564.5,66.05,85.1,0.0,1.1,5,458.281,3.968,686.524
577.6,66.19,85.1,0.0,1.1,5,458.622,3.991,683.902
577.6,66.39,85.1,0.0,1.2,5,459.127,4.025,679.957
577.6,66.53,85.1,0.0,1.1,5,459.460,4.047,677.320
577.6,66.72,85.1,0.0,1.1,5,459.951,4.081,673.354
590.8,66.85,85.2,0.0,1.1,5,460.274,4.104,670.702
590.8,67.06,85.2,0.0,1.2,5,460.750,4.137,666.713
590.8,67.25,85.2,0.0,1.2,5,461.216,4.170,662.712
590.8,67.38,85.2,0.0,1.3,5,461.522,4.192,660.037
604.1,67.57,85.3,0.0,1.4,5,461.971,4.225,656.014
604.1,67.69,85.3,0.0,1.3,5,462.264,4.249,653.326
604.1,67.88,85.3,0.0,1.3,5,462.694,4.284,649.282
604.1,68.01,85.3,0.0,1.3,5,462.974,4.306,646.579
617.7,68.19,85.4,0.0,1.3,5,463.383,4.340,642.513
617.7,68.32,85.4,0.0,1.4,5,463.648,4.362,639.796
617.7,68.51,85.4,0.0,1.5,5,464.035,4.395,635.711
617.7,68.63,85.4,0.0,1.5,5,464.286,4.418,632.980
631.3,68.81,85.4,0.0,1.4,5,464.651,4.451,628.873
631.3,68.92,85.5,0.0,1.3,5,464.887,4.473,626.129
631.3,69.11,85.5,0.0,1.2,5,465.229,4.505,622.003
631.3,69.22,85.5,0.0,1.2,5,465.450,4.527,619.245
645.1,69.40,85.5,0.0,0.9,5,465.770,4.559,615.099
645.1,69.57,85.6,0.0,0.8,5,466.078,4.593,610.943
645.1,69.68,85.6,0.0,0.8,5,466.277,4.615,608.165
645.1,69.86,85.6,0.0,0.8,5,466.567,4.648,603.989
659.0,69.97,85.6,0.0,0.8,5,466.755,4.669,601.199
659.0,70.14,85.6,0.0,0.8,5,467.029,4.701,597.005
659.0,70.25,85.6,0.0,0.8,5,467.208,4.723,594.204
659.0,70.42,85.7,0.0,-0.7,5,467.470,4.755,589.992
673.1,70.53,85.7,0.0,-1.6,5,467.642,4.775,587.179
673.1,70.69,85.7,0.0,-1.0,5,467.902,4.805,582.951
673.1,70.80,85.7,0.0,-0.5,5,468.078,4.823,580.127
673.1,70.96,85.7,0.0,0.8,5,468.349,4.849,575.883
687.3,71.07,85.7,0.0,1.6,5,468.533,4.865,573.049
687.3,71.23,85.8,0.0,0.9,5,468.807,4.886,568.789
687.3,71.39,85.8,0.0,0.1,5,469.077,4.904,564.520
687.3,71.48,85.8,0.0,0.0,5,469.254,4.915,561.668
701.6,71.64,85.8,0.0,0.1,5,469.514,4.932,557.383
701.6,71.74,85.8,0.0,0.8,5,469.685,4.942,554.520
701.6,71.89,85.8,0.0,0.0,5,469.939,4.956,550.219
701.6,71.99,85.8,0.0,-0.3,5,470.107,4.964,547.347
716.0,72.14,85.8,0.0,0.1,0,470.357,4.973,543.030
716.0,72.05,0.0,0.0,-0.0,0,470.523,4.978,540.150
716.0,72.13,84.8,0.0,-0.1,6,470.772,4.984,535.834
716.0,72.23,84.8,0.0,0.4,6,470.939,4.986,532.952
730.5,72.37,84.8,0.0,0.9,6,471.189,4.990,528.622
730.5,72.47,84.8,0.0,1.0,6,471.355,4.990,525.730
730.5,72.62,84.8,0.0,0.5,6,471.598,4.988,521.384
730.5,72.71,84.8,0.0,0.2,6,471.756,4.985,518.482
745.0,72.86,84.8,0.0,0.1,6,471.989,4.978,514.121
745.0,73.20,84.9,0.0,0.4,6,472.515,4.957,503.912
759.7,73.34,84.9,0.0,0.3,6,472.736,4.942,499.522
759.7,73.43,84.9,0.0,0.2,6,472.883,4.929,496.590
759.7,73.57,85.0,0.0,0.0,6,473.099,4.908,492.186
759.7,73.67,85.0,0.0,0.1,6,473.242,4.892,489.245
774.4,73.80,85.0,0.0,0.1,6,473.455,4.866,484.826
774.4,73.89,85.0,0.0,0.3,6,473.595,4.850,481.876
774.4,74.03,85.0,0.0,0.1,6,473.804,4.825,477.444
774.4,74.12,85.0,0.0,-0.6,6,473.943,4.811,474.484
789.2,74.25,85.1,0.0,-1.3,6,474.150,4.793,470.038
789.2,74.35,85.1,0.0,-1.9,6,474.290,4.781,467.070
789.2,74.48,85.1,0.0,-2.6,6,474.510,4.761,462.610
789.2,74.57,85.1,0.0,-2.9,6,474.666,4.749,459.634
804.0,74.69,85.1,0.0,-4.0,6,474.921,4.732,455.164
804.0,74.78,85.1,0.0,-4.2,6,475.107,4.719,452.180
804.0,74.90,85.1,0.0,-4.5,6,475.416,4.695,447.701
818.9,75.02,85.2,0.0,-4.5,6,475.769,4.672,443.217
818.9,75.10,85.2,0.0,-5.1,6,476.030,4.658,440.227
818.9,75.23,85.2,0.0,-5.9,6,476.461,4.630,435.738
818.9,75.29,85.2,0.0,-6.0,6,476.778,4.609,432.745
833.9,75.39,85.2,0.0,-6.1,6,477.307,4.585,428.256
833.9,75.45,85.3,0.0,-6.5,6,477.696,4.573,425.264
833.9,75.56,85.3,0.0,-6.8,6,478.332,4.553,420.779
833.9,75.63,85.2,0.0,-6.6,6,478.794,4.539,417.791
849.0,75.73,85.3,0.0,-6.9,6,479.547,4.522,413.313
849.0,75.78,85.3,0.0,-7.3,6,480.088,4.511,410.332
849.0,75.88,85.3,0.0,-7.6,6,480.959,4.495,405.867
849.0,75.94,85.3,0.0,-7.8,6,481.581,4.482,402.895
864.0,76.03,85.3,0.0,-8.3,6,482.572,4.461,398.445
864.0,76.12,85.3,0.0,-8.5,6,483.638,4.435,394.007
864.0,76.18,85.3,0.0,-8.9,6,484.389,4.414,391.055
864.0,76.26,85.3,0.0,-9.7,6,485.578,4.374,386.639
879.0,76.31,85.3,0.0,-9.5,6,486.413,4.344,383.705
879.0,76.38,85.4,0.0,-8.2,6,487.734,4.295,379.319
879.0,76.43,85.4,0.0,-7.0,6,488.661,4.261,376.407
879.0,76.51,85.4,0.0,-6.4,6,490.118,4.206,372.057
894.4,76.56,85.4,0.0,-6.9,6,491.134,4.168,369.169
894.4,76.65,85.4,0.0,-7.7,6,492.723,4.111,364.856
894.4,76.70,85.4,0.0,-8.0,6,493.824,4.072,361.994
894.4,76.79,85.4,0.0,-5.9,6,495.538,4.015,357.722
910.1,76.84,85.4,0.0,-3.4,6,496.721,3.977,354.886
910.1,76.94,85.4,0.0,0.4,6,498.549,3.920,350.651
910.1,77.02,85.4,0.0,2.4,6,499.797,3.882,347.836
910.1,77.13,84.9,0.0,3.1,6,501.695,3.830,343.621
925.9,77.21,85.2,0.0,3.3,6,502.965,3.792,340.808
925.9,77.32,85.5,0.0,4.2,6,504.859,3.728,336.578
925.9,77.32,32.1,24.1,4.5,6,506.725,3.665,332.330
925.9,76.93,1.9,51.3,5.0,6,507.944,3.628,329.494
941.7,76.01,0.0,52.9,4.3,6,509.718,3.580,325.260
941.7,75.38,0.0,55.9,5.5,6,510.862,3.552,322.456
941.7,74.41,0.0,55.0,5.2,6,512.514,3.511,318.275
941.7,73.77,0.0,49.1,4.1,6,513.570,3.487,315.505
956.6,72.88,0.0,64.7,3.4,6,515.084,3.455,311.373
956.6,72.15,0.0,74.1,4.7,6,516.048,3.435,308.635
956.6,70.93,0.0,73.2,6.8,6,517.422,3.412,304.566
956.6,70.15,0.0,68.5,7.2,6,518.288,3.400,301.879
970.6,67.88,0.0,47.0,7.5,6,521.009,3.364,292.613
970.6,67.31,0.0,45.0,7.1,6,521.696,3.354,289.997
983.9,66.70,45.2,0.3,6.3,6,522.648,3.337,286.094
983.9,66.66,35.1,24.5,7.3,6,523.510,3.318,282.186
983.9,66.29,0.0,40.4,9.0,6,524.034,3.305,279.578
983.9,65.47,0.0,38.4,10.1,0,524.740,3.289,275.687
997.7,65.10,37.0,5.3,9.2,0,525.159,3.279,273.110
997.7,64.86,59.4,6.1,7.9,5,525.712,3.272,269.254
997.7,64.74,8.5,26.1,7.3,5,526.031,3.272,266.681
997.7,64.33,0.0,3.3,8.8,5,526.456,3.257,262.831
1012.2,64.15,40.8,0.0,10.5,5,526.702,3.238,260.274
1012.2,64.00,66.3,0.0,11.4,5,526.986,3.225,256.440
1012.2,64.02,83.3,0.0,11.1,5,527.108,3.244,253.883
1012.2,64.07,85.8,0.0,10.6,5,527.245,3.253,250.043
1026.2,64.19,0.0,0.0,11.2,0,527.313,3.237,247.480
1026.2,63.99,48.9,0.0,15.7,6,527.336,3.217,243.633
1026.2,63.97,59.7,0.0,16.6,6,527.287,3.214,241.075
1026.2,63.87,24.5,0.0,18.0,6,527.134,3.213,237.241
1039.5,63.73,28.9,1.7,19.3,0,526.979,3.213,234.694
1039.5,63.44,0.6,0.1,20.1,5,526.662,3.221,230.891
1039.5,63.16,5.8,0.0,19.3,5,526.247,3.236,227.115
1039.5,62.99,9.1,0.0,18.7,5,525.917,3.248,224.614
1052.1,62.73,8.3,0.0,16.5,5,525.346,3.265,220.885
1052.1,62.54,2.9,4.5,13.4,5,524.913,3.277,218.417
1052.1,62.20,0.0,5.4,9.3,5,524.185,3.298,214.746
1052.1,61.98,11.8,0.9,6.7,5,523.648,3.315,212.321
1064.4,61.93,78.3,0.0,2.5,5,522.767,3.344,208.712
1064.4,62.05,84.5,0.0,1.0,5,522.131,3.364,206.315
1064.4,62.26,84.5,0.0,1.0,5,521.111,3.395,202.729
1064.4,62.40,84.5,0.0,1.1,5,520.394,3.417,200.342
1076.8,62.63,84.5,0.0,0.7,5,519.279,3.449,196.761
1076.8,62.78,84.5,0.0,0.7,5,518.521,3.470,194.371
1076.8,63.01,84.5,0.0,-1.8,5,517.371,3.501,190.777
1076.8,63.16,84.6,0.0,-3.2,5,516.602,3.521,188.374
1089.5,63.38,84.6,0.0,-4.4,5,515.453,3.550,184.756
1089.5,63.60,84.7,0.0,-5.1,5,514.318,3.576,181.120
1089.5,63.74,79.6,0.0,-5.5,5,513.575,3.592,178.685
1089.5,63.83,38.5,24.0,-6.3,5,512.486,3.614,175.015
1102.3,63.48,1.5,58.1,-6.6,5,511.784,3.627,172.565
1102.3,62.49,0.0,76.5,-6.2,5,510.778,3.646,168.919
1102.3,61.71,0.0,82.4,-5.4,5,510.142,3.658,166.516
1102.3,60.45,0.0,88.1,-4.2,5,509.240,3.674,162.961
1114.8,59.60,0.0,86.7,-3.3,5,508.676,3.685,160.626
1114.8,58.31,0.0,83.5,-2.1,0,507.886,3.699,157.176
1114.8,57.51,35.6,77.4,-1.4,0,507.399,3.709,154.910
1114.8,56.37,0.0,64.3,-0.8,4,506.727,3.725,151.558
1126.6,55.68,0.0,51.0,0.1,4,506.317,3.734,149.354
1126.6,54.85,0.0,29.6,-0.0,4,505.763,3.747,146.084
1126.6,54.32,0.0,11.0,-2.5,4,505.284,3.759,142.844
1126.6,54.09,0.0,3.6,-5.7,4,505.005,3.764,140.694
1137.8,53.85,1.4,0.2,-11.8,4,504.647,3.771,137.476
1137.8,53.72,2.1,0.3,-15.4,4,504.446,3.773,135.334
1137.8,53.50,2.9,0.2,-18.6,4,504.199,3.774,132.126
1137.8,53.39,12.3,0.0,-19.4,4,504.072,3.773,129.992
1149.0,53.27,18.1,0.0,-21.2,4,503.932,3.764,126.795
1149.0,53.18,15.3,0.0,-21.2,4,503.877,3.754,124.667
1149.0,52.97,2.5,6.0,-20.2,4,503.862,3.738,121.481
1149.0,52.77,0.0,8.0,-18.7,4,503.900,3.729,119.366
1160.3,52.44,0.0,1.4,-15.1,4,504.030,3.719,116.212
1160.3,52.27,1.1,0.0,-12.1,4,504.167,3.715,114.122
1160.3,52.07,14.8,0.0,-8.4,4,504.444,3.712,111.004
1160.3,51.97,15.8,0.0,-7.3,4,504.674,3.712,108.936
1171.3,51.83,18.5,0.0,-6.9,4,505.079,3.706,105.848
1171.3,51.70,17.1,0.0,-9.1,4,505.559,3.695,102.779
1171.3,51.59,7.9,0.0,-11.9,4,505.923,3.688,100.745
1182.2,51.41,8.0,0.0,-14.7,4,506.521,3.667,97.713
1182.2,51.28,13.3,0.0,-16.8,4,506.966,3.655,95.707
1182.2,51.15,14.9,0.0,-21.6,4,507.696,3.637,92.722
1182.2,51.05,8.8,0.0,-23.3,4,508.220,3.622,90.746
1192.9,50.88,9.9,0.0,-24.0,4,509.068,3.599,87.808
1192.9,50.77,7.8,0.0,-24.6,4,509.670,3.582,85.866
1192.9,50.60,8.3,0.0,-24.2,4,510.627,3.551,82.980
1192.9,50.47,7.6,0.0,-23.5,4,511.303,3.527,81.075
1203.5,50.33,16.3,0.0,-22.6,4,512.372,3.488,78.246
1203.5,50.23,15.8,0.0,-22.1,4,513.124,3.461,76.381
1203.5,50.09,14.9,0.0,-21.9,4,514.311,3.418,73.615
1203.5,49.99,23.8,0.0,-21.9,4,515.140,3.388,71.794
1213.8,50.03,64.1,0.0,-20.6,4,516.445,3.343,69.094
1213.8,50.25,82.6,0.0,-18.2,4,517.827,3.301,66.423
1213.8,50.44,83.8,0.0,-15.7,4,518.792,3.276,64.656
1213.8,50.73,83.9,0.0,-12.5,4,520.305,3.242,62.026
1223.9,50.93,83.9,0.0,-9.1,4,521.354,3.221,60.285
1223.9,51.10,29.0,32.6,-3.2,4,522.982,3.192,57.691
1223.9,50.79,0.0,54.3,-0.4,4,524.091,3.172,55.979
1223.9,49.89,0.0,74.3,3.3,4,525.760,3.143,53.458
1234.0,49.17,0.0,80.4,6.1,4,526.863,3.125,51.811
1234.0,48.02,0.0,85.4,8.6,4,528.487,3.098,49.386
1234.0,47.22,0.0,86.3,9.0,4,529.543,3.078,47.798
1234.0,45.99,33.7,89.9,9.0,0,531.076,3.050,45.457
1243.4,45.19,0.0,91.8,8.4,3,532.061,3.031,43.921
1243.4,43.98,0.0,61.9,6.9,3,533.482,3.003,41.652
1243.4,43.36,0.0,32.8,6.2,3,534.390,2.985,40.159
1243.4,42.84,0.0,9.5,5.3,3,535.693,2.956,37.927
1252.1,42.65,0.0,4.4,6.2,3,536.524,2.937,36.433
1252.1,42.44,0.0,1.7,10.9,3,537.718,2.905,34.177
1252.1,42.26,0.1,0.1,17.4,3,538.849,2.871,31.902
1252.1,42.14,2.6,0.0,21.0,3,539.569,2.848,30.375
1260.6,41.99,4.1,0.0,23.2,3,540.599,2.812,28.071
1260.6,41.89,3.6,0.0,23.3,3,541.249,2.788,26.525
1260.6,41.74,14.9,0.0,22.3,3,542.171,2.751,24.191
1260.6,41.74,37.9,0.0,21.4,3,542.747,2.726,22.625
1269.5,41.92,60.2,0.0,19.0,3,543.555,2.690,20.250
1269.5,42.07,56.8,0.0,21.6,3,544.058,2.665,18.648
1269.5,42.17,22.0,2.7,22.3,3,544.760,2.627,16.220
1269.5,42.05,1.2,9.2,24.1,3,545.190,2.601,14.591
1278.2,41.75,0.0,7.8,25.3,3,545.775,2.560,12.145
1278.2,41.58,9.0,0.6,22.7,3,546.122,2.533,10.515
1278.2,41.59,46.0,0.0,19.4,3,546.578,2.496,8.065
1278.2,41.70,49.5,0.0,17.1,3,546.843,2.472,6.420
1287.4,41.83,43.6,0.0,19.5,3,547.183,2.435,3.938
1287.4,41.93,36.6,0.0,22.4,3,547.457,2.393,1.440
1287.4,41.96,33.3,0.0,24.2,3,547.600,2.364,-0.231
1287.4,42.02,41.4,0.0,25.9,3,547.755,2.320,-2.745
1296.6,42.12,60.4,0.0,25.9,3,547.817,2.291,-4.426
1296.6,42.44,82.5,0.0,23.9,3,547.853,2.246,-6.961
1296.6,42.68,84.3,0.0,22.8,3,547.840,2.215,-8.663
1296.6,42.95,56.2,0.0,18.3,3,547.765,2.166,-11.231
1306.0,43.09,64.0,0.0,15.9,3,547.676,2.131,-12.948
1306.0,43.26,50.5,0.0,13.7,3,547.479,2.079,-15.531
1306.0,43.36,53.0,0.0,11.3,3,547.303,2.046,-17.253
1306.0,43.47,41.2,0.0,8.4,3,546.969,2.000,-19.836
1315.7,43.56,62.3,0.0,5.7,3,546.702,1.972,-21.555
1315.7,43.74,44.6,0.0,-2.2,3,546.234,1.931,-24.132
1315.7,43.73,12.6,0.0,-8.4,3,545.691,1.891,-26.700
1315.7,43.64,12.1,0.0,-8.2,3,545.286,1.866,-28.400
1325.4,43.52,46.6,0.0,-1.9,3,544.613,1.834,-30.925
1325.4,43.66,67.9,0.0,3.0,3,544.124,1.813,-32.598
1325.4,43.91,75.7,0.0,13.0,3,543.326,1.780,-35.099
1325.4,44.15,84.4,0.0,20.2,3,542.752,1.757,-36.763
1335.0,44.52,84.6,0.0,29.8,3,541.826,1.723,-39.256
1335.0,44.77,84.6,0.0,34.8,3,541.166,1.700,-40.915
1335.0,45.09,76.3,0.0,38.9,3,540.111,1.671,-43.395
1335.0,45.28,68.0,0.0,39.8,3,539.366,1.654,-45.041
1344.5,45.54,75.7,0.0,41.2,3,538.189,1.628,-47.497
1344.5,45.71,71.0,0.0,41.6,3,537.365,1.609,-49.125
1344.5,45.83,43.6,0.0,40.6,3,536.069,1.582,-51.548
1344.5,45.85,41.8,0.0,39.6,3,535.163,1.565,-53.142
1353.8,45.88,44.3,0.0,37.4,3,533.745,1.543,-55.500
1353.8,45.94,47.3,0.0,34.8,3,532.256,1.522,-57.817
1353.8,46.00,50.3,0.0,33.1,3,531.225,1.507,-59.340
1363.2,46.10,60.9,0.0,29.3,3,529.622,1.485,-61.589
1363.2,46.25,73.8,0.0,26.2,3,528.516,1.469,-63.069
1363.2,46.52,82.5,0.0,20.3,3,526.801,1.443,-65.259
1363.2,46.72,78.8,0.0,16.3,3,525.620,1.424,-66.701
1372.5,46.96,61.8,0.0,9.1,3,523.792,1.394,-68.835
1372.5,47.11,74.7,0.0,4.7,3,522.536,1.372,-70.235
1372.5,47.40,78.0,0.0,-0.7,3,520.599,1.339,-72.304
1372.5,47.62,84.0,0.0,-3.2,3,519.272,1.317,-73.664
1381.8,48.00,85.3,0.0,-4.0,3,517.230,1.282,-75.676
1381.8,48.27,85.3,0.0,-1.9,3,515.835,1.258,-77.003
1381.8,48.68,85.3,0.0,3.2,3,513.699,1.217,-78.975
1381.8,48.95,85.3,0.0,6.5,3,512.250,1.188,-80.282
1391.4,49.34,85.4,0.0,8.9,3,510.043,1.146,-82.236
1391.4,49.71,85.5,0.0,8.2,3,507.797,1.106,-84.179
1391.4,49.97,85.6,0.0,7.4,3,506.276,1.081,-85.468
1391.4,50.35,85.6,0.0,6.8,3,503.961,1.044,-87.389
1401.2,50.58,85.7,0.0,7.1,3,502.394,1.018,-88.660
1401.2,50.95,85.7,0.0,7.8,3,500.009,0.975,-90.553
1401.2,51.19,85.8,0.0,8.4,3,498.394,0.945,-91.804
1401.2,51.55,85.8,0.0,6.3,3,495.935,0.899,-93.660
1411.3,51.67,0.0,0.0,5.5,0,494.273,0.868,-94.885
1411.3,51.76,84.0,0.0,5.3,4,491.756,0.822,-96.693
1411.3,51.97,84.1,0.0,4.7,4,490.057,0.793,-97.884
1411.3,52.31,84.1,0.0,3.5,4,487.479,0.753,-99.653
1421.7,52.53,84.2,0.0,2.7,4,485.740,0.727,-100.824
1421.7,52.87,84.2,0.0,1.4,4,483.106,0.691,-102.572
1421.7,53.08,84.3,0.0,0.6,4,481.334,0.668,-103.733
1421.7,53.42,84.3,0.0,-0.4,4,478.657,0.633,-105.476
1432.3,53.75,84.4,0.0,-1.8,4,475.960,0.600,-107.225
1432.3,53.97,84.5,0.0,-2.7,4,474.152,0.578,-108.396
1432.3,54.28,84.6,0.0,-3.6,4,471.431,0.543,-110.166
1432.3,54.51,84.7,0.0,-4.0,4,469.612,0.523,-111.359
1443.3,54.83,84.7,0.0,-4.3,4,466.879,0.495,-113.171
1443.3,55.03,84.8,0.0,-4.8,4,465.056,0.476,-114.396
1443.3,55.34,84.7,0.0,-5.6,4,462.322,0.447,-116.263
1443.3,55.55,84.7,0.0,-6.0,4,460.501,0.431,-117.530
1454.8,55.83,84.9,0.0,-6.7,4,457.776,0.412,-119.464
1454.8,56.05,84.9,0.0,-7.4,4,455.963,0.393,-120.774
1454.8,56.34,85.0,0.0,-9.0,4,453.250,0.361,-122.777
1454.8,56.53,84.9,0.0,-9.7,4,451.451,0.341,-124.140
1466.5,56.81,85.1,0.0,-9.3,4,448.770,0.315,-126.229
1466.5,56.99,85.1,0.0,-8.6,4,446.995,0.301,-127.653
1466.5,57.27,85.2,0.0,-8.4,4,444.353,0.282,-129.836
1466.5,57.54,85.2,0.0,-9.4,4,441.736,0.263,-132.074
1478.3,57.72,85.2,0.0,-8.7,4,440.007,0.252,-133.598
1478.3,57.99,85.2,0.0,-6.9,4,437.437,0.241,-135.931
1478.3,58.18,85.3,0.0,-7.3,4,435.739,0.236,-137.516
1478.3,58.46,85.3,0.0,-7.7,4,433.212,0.230,-139.935
1490.3,58.64,85.3,0.0,-7.8,4,431.541,0.227,-141.575
1490.3,58.90,85.4,0.0,-7.2,4,429.055,0.220,-144.075
1490.3,59.08,85.4,0.0,-7.0,4,427.412,0.216,-145.768
1490.3,59.34,85.4,0.0,-6.8,4,424.969,0.211,-148.347
1502.3,59.52,85.5,0.0,-6.8,4,423.356,0.209,-150.093
1502.3,59.77,85.5,0.0,-6.5,4,420.961,0.209,-152.751
1502.3,59.94,85.6,0.0,-6.5,4,419.380,0.213,-154.549
1502.3,60.20,85.6,0.0,-7.0,4,417.031,0.219,-157.282
1514.2,60.46,85.6,0.0,-7.1,4,414.708,0.220,-160.057
1514.2,60.63,85.6,0.0,-7.2,4,413.174,0.218,-161.930
1514.2,60.87,85.7,0.0,-7.1,4,410.898,0.212,-164.776
1514.2,61.02,85.7,0.0,-7.2,4,409.398,0.206,-166.698
1526.2,61.28,85.7,0.0,-7.4,4,407.175,0.194,-169.616
1526.2,61.43,85.8,0.0,-8.6,4,405.712,0.183,-171.586
1526.2,61.66,85.8,0.0,-6.9,4,403.549,0.168,-174.578
1526.2,61.82,85.8,0.0,-6.0,4,402.128,0.157,-176.597
1538.4,62.05,85.8,0.0,-5.5,4,400.025,0.136,-179.661
1538.4,62.21,85.8,0.0,-4.9,4,398.643,0.122,-181.726
1538.4,62.22,0.0,0.0,-4.2,0,396.600,0.100,-184.853
1538.4,62.29,84.4,0.0,-3.3,5,395.260,0.084,-186.950
1550.8,62.52,84.5,0.0,-2.7,5,393.274,0.063,-190.124
1550.8,62.67,84.5,0.0,-2.9,5,391.964,0.053,-192.257
1550.8,62.90,84.6,0.0,-2.8,5,390.013,0.038,-195.479
1550.8,63.06,84.6,0.0,-2.5,5,388.722,0.029,-197.642
1563.3,63.28,84.6,0.0,-2.8,5,386.797,0.017,-200.907
1563.3,63.51,84.6,0.0,-3.4,5,384.887,0.010,-204.195
1563.3,63.66,84.7,0.0,-2.7,5,383.621,0.007,-206.401
1576.0,63.89,84.7,0.0,-3.5,5,381.734,0.001,-209.729
1576.0,64.04,84.7,0.0,-3.4,5,380.485,-0.002,-211.962
1576.0,64.26,84.8,0.0,-3.0,5,378.626,-0.006,-215.331
1576.0,64.40,84.8,0.0,-2.4,5,377.397,-0.009,-217.592
1588.9,64.62,84.8,0.0,-1.9,5,375.568,-0.015,-221.002
1588.9,64.76,84.9,0.0,-1.8,5,374.357,-0.018,-223.289
1588.9,64.98,84.9,0.0,-1.3,5,372.554,-0.021,-226.738
1588.9,65.13,84.9,0.0,0.1,5,371.358,-0.022,-229.049
1601.8,65.34,84.9,0.0,1.0,5,369.567,-0.025,-232.529
1601.8,65.48,85.0,0.0,0.9,5,368.373,-0.027,-234.857
1601.8,65.70,85.0,0.0,0.3,5,366.578,-0.034,-238.359
1601.8,65.92,85.0,0.0,-0.3,5,364.775,-0.045,-241.871
1614.9,66.06,85.0,0.0,-0.4,5,363.568,-0.052,-244.218
1614.9,66.27,85.1,0.0,-0.5,5,361.753,-0.067,-247.748
1614.9,66.40,85.1,0.0,-0.6,5,360.541,-0.077,-250.108
1614.9,66.61,85.1,0.0,-0.8,5,358.720,-0.092,-253.658
1628.2,66.75,85.1,0.0,-0.9,5,357.506,-0.102,-256.033
1628.2,66.95,85.2,0.0,-0.7,5,355.684,-0.117,-259.606
1628.2,67.09,85.2,0.0,-0.6,5,354.470,-0.127,-261.996
1628.2,67.29,85.2,0.0,-0.6,5,352.650,-0.143,-265.592
1641.6,67.42,85.2,0.0,-0.3,5,351.436,-0.154,-267.997
1641.6,67.61,85.3,0.0,0.1,5,349.614,-0.170,-271.615
1641.6,67.75,85.3,0.0,0.2,5,348.398,-0.181,-274.034
1641.6,67.95,85.3,0.0,0.1,5,346.570,-0.197,-277.671
1655.2,68.08,85.4,0.0,0.2,5,345.349,-0.208,-280.102
1655.2,68.28,85.4,0.0,-0.2,5,343.513,-0.226,-283.757
1655.2,68.47,85.4,0.0,-0.0,5,341.671,-0.246,-287.422
1655.2,68.60,85.4,0.0,0.1,5,340.441,-0.259,-289.871
1668.8,68.79,85.4,0.0,0.2,5,338.591,-0.282,-293.554
1668.8,68.90,85.5,0.0,0.1,5,337.355,-0.296,-296.015
1668.8,69.09,85.5,0.0,-0.2,5,335.497,-0.319,-299.714
1668.8,69.22,85.5,0.0,-0.5,5,334.256,-0.339,-302.186
1682.6,69.39,85.5,0.0,-0.8,5,332.391,-0.361,-305.902
1682.6,69.51,85.6,0.0,-0.5,5,331.146,-0.374,-308.386
1682.6,69.69,85.6,0.0,-0.4,5,329.280,-0.395,-312.121
1682.6,69.82,85.6,0.0,-0.6,5,328.035,-0.412,-314.618
1696.6,70.00,85.6,0.0,-0.5,5,326.167,-0.438,-318.374
1696.6,70.11,85.6,0.0,-0.3,5,324.921,-0.454,-320.883
1696.6,70.29,85.6,0.0,-0.0,5,323.052,-0.477,-324.658
1696.6,70.41,85.7,0.0,-0.0,5,321.806,-0.492,-327.180
1710.6,70.57,85.7,0.0,-0.2,5,319.935,-0.516,-330.972
1710.6,70.74,85.7,0.0,-0.2,5,318.061,-0.540,-334.775
1710.6,70.86,85.7,0.0,-0.0,5,316.810,-0.556,-337.315
1710.6,71.02,85.7,0.0,-0.2,5,314.931,-0.580,-341.134
1724.8,71.14,85.8,0.0,-0.3,5,313.677,-0.596,-343.686
1724.8,71.30,85.8,0.0,-0.5,5,311.794,-0.620,-347.521
1724.8,71.41,85.8,0.0,-0.5,5,310.538,-0.636,-350.084
1724.8,71.57,85.8,0.0,-0.3,5,308.653,-0.661,-353.936
1739.0,71.68,85.8,0.0,-0.2,5,307.397,-0.678,-356.511
1739.0,71.83,85.8,0.0,-0.2,5,305.512,-0.705,-360.381
1739.0,71.94,85.8,0.0,-0.3,5,304.255,-0.724,-362.967
1739.0,72.09,85.8,0.0,-0.3,5,302.368,-0.754,-366.854
1753.4,72.12,0.0,0.0,-0.3,0,301.110,-0.775,-369.450
1753.4,72.09,84.7,0.0,-0.2,6,299.227,-0.806,-373.342
1753.4,72.19,84.7,0.0,-0.1,6,297.972,-0.827,-375.940
1753.4,72.34,84.8,0.0,-0.0,6,296.087,-0.860,-379.844
1767.8,72.49,84.8,0.0,-0.1,6,294.201,-0.894,-383.758
1767.8,72.59,84.8,0.0,-0.1,6,292.943,-0.916,-386.373
1767.8,72.74,84.8,0.0,-0.0,6,291.053,-0.948,-390.301
1767.8,72.84,84.9,0.0,0.0,6,289.791,-0.970,-392.925
1782.3,72.99,84.9,0.0,0.1,6,287.897,-1.003,-396.868
1782.3,73.09,84.9,0.0,0.0,6,286.632,-1.026,-399.501
1782.3,73.23,84.9,0.0,-0.0,6,284.732,-1.062,-403.457
1782.3,73.32,84.9,0.0,-0.1,6,283.463,-1.085,-406.099
1797.0,73.46,85.0,0.0,0.1,6,281.555,-1.115,-410.067
1797.0,73.56,85.0,0.0,0.1,6,280.281,-1.132,-412.717
1797.0,73.71,85.0,0.0,0.2,6,278.366,-1.160,-416.698
1797.0,73.80,85.0,0.0,0.2,6,277.087,-1.179,-419.356
1811.7,73.94,85.0,0.0,0.2,6,275.163,-1.207,-423.349
1811.7,74.03,85.0,0.0,0.2,6,273.878,-1.227,-426.014
1811.7,74.17,85.1,0.0,0.2,6,271.946,-1.256,-430.018
1826.5,74.31,85.1,0.0,0.2,6,270.008,-1.286,-434.028
1826.5,74.40,85.1,0.0,0.3,6,268.712,-1.307,-436.705
1826.5,74.53,85.1,0.0,0.3,6,266.764,-1.336,-440.725
1826.5,74.62,85.1,0.0,0.3,6,265.461,-1.356,-443.408
1841.4,74.76,85.1,0.0,0.4,6,263.501,-1.385,-447.438
1841.4,74.84,85.1,0.0,0.4,6,262.191,-1.404,-450.128
1841.4,74.97,85.2,0.0,0.5,6,260.219,-1.432,-454.166
1841.4,75.06,85.2,0.0,0.4,6,258.900,-1.450,-456.862
1856.4,75.19,85.2,0.0,0.4,6,256.916,-1.476,-460.909
1856.4,75.28,85.2,0.0,0.4,6,255.588,-1.492,-463.609
1856.4,75.41,85.2,0.0,0.4,6,253.590,-1.520,-467.664
1856.4,75.49,85.2,0.0,0.5,6,252.254,-1.538,-470.370
1871.5,75.62,85.2,0.0,0.5,6,250.243,-1.565,-474.432
1871.5,75.70,85.2,0.0,0.5,6,248.897,-1.583,-477.143
1871.5,75.82,85.3,0.0,0.3,6,246.872,-1.608,-481.212
1871.5,75.95,85.3,0.0,0.2,6,244.839,-1.633,-485.285
1886.6,76.03,85.3,0.0,0.2,6,243.479,-1.649,-488.003
1886.6,76.15,85.3,0.0,0.3,6,241.432,-1.673,-492.084
1886.6,76.23,85.3,0.0,0.3,6,240.063,-1.688,-494.807
1886.6,76.36,85.3,0.0,0.1,6,238.004,-1.711,-498.895
1901.9,76.43,85.3,0.0,0.0,6,236.628,-1.726,-501.623
1901.9,76.55,85.4,0.0,0.1,6,234.557,-1.750,-505.719
1901.9,76.63,85.4,0.0,0.2,6,233.174,-1.766,-508.452
1901.9,76.75,85.4,0.0,0.5,6,231.094,-1.790,-512.556
1917.2,76.82,85.4,0.0,0.6,6,229.704,-1.805,-515.294
1917.2,76.94,85.4,0.0,0.4,6,227.615,-1.829,-519.407
1917.2,77.02,85.4,0.0,0.2,6,226.218,-1.846,-522.151
1917.2,77.12,85.4,0.0,0.1,6,224.118,-1.872,-526.270
1932.6,77.19,85.5,0.0,0.1,6,222.715,-1.888,-529.019
1932.6,77.31,85.5,0.0,0.0,6,220.605,-1.908,-533.146
1932.6,77.42,85.5,0.0,-0.1,6,218.491,-1.931,-537.278
1932.6,77.50,85.5,0.0,-0.2,6,217.080,-1.948,-540.036
1948.1,77.61,85.5,0.0,-0.4,6,214.962,-1.978,-544.179
1948.1,77.69,85.5,0.0,-0.4,6,213.548,-2.002,-546.944
1948.1,77.79,85.5,0.0,-0.4,6,211.428,-2.042,-551.099
1948.1,77.87,85.5,0.0,-0.4,6,210.015,-2.071,-553.873
1963.7,77.97,85.5,0.0,-0.4,6,207.898,-2.117,-558.040
1963.7,78.04,85.5,0.0,-0.5,6,206.488,-2.147,-560.823
1963.7,78.15,85.5,0.0,-0.6,6,204.374,-2.196,-565.004
1963.7,78.22,85.5,0.0,-0.5,6,202.967,-2.230,-567.796
1979.3,78.32,85.6,0.0,-0.5,6,200.859,-2.281,-571.992
1979.3,78.39,85.6,0.0,-0.6,6,199.456,-2.316,-574.794
1979.3,78.49,85.6,0.0,-0.6,6,197.354,-2.369,-579.005
1979.3,78.56,85.6,0.0,-0.6,6,195.956,-2.405,-581.817
1995.0,78.66,85.6,0.0,-0.4,6,193.860,-2.460,-586.042
1995.0,78.76,85.6,0.0,-0.4,6,191.769,-2.512,-590.276
1995.0,78.82,85.7,0.0,-0.2,6,190.376,-2.547,-593.103
1995.0,78.93,85.6,0.0,0.1,6,188.287,-2.605,-597.349
2010.7,78.99,85.7,0.0,0.2,6,186.895,-2.643,-600.184
2010.7,79.09,85.7,0.0,0.5,6,184.806,-2.699,-604.441
2010.7,79.16,85.7,0.0,0.6,6,183.411,-2.737,-607.281
2010.7,79.24,85.7,0.0,0.8,6,181.313,-2.791,-611.544
2026.5,79.31,85.7,0.0,0.9,6,179.911,-2.825,-614.388
2026.5,79.41,85.7,0.0,0.9,6,177.798,-2.878,-618.655
2026.5,79.48,85.7,0.0,1.0,6,176.383,-2.913,-621.500
2026.5,79.56,85.7,0.0,1.1,6,174.249,-2.960,-625.767
2042.4,79.62,85.8,0.0,1.2,6,172.818,-2.988,-628.610
2042.4,79.71,85.7,0.0,1.1,6,170.659,-3.028,-632.874
2042.4,79.77,85.8,0.0,1.1,6,169.211,-3.053,-635.716
2042.4,79.86,85.8,0.0,1.1,6,167.026,-3.089,-639.977
2058.3,79.94,85.8,0.0,1.1,6,164.826,-3.120,-644.236
2058.3,80.00,85.8,0.0,1.0,6,163.352,-3.140,-647.074
2058.3,80.08,85.8,0.0,0.9,6,161.128,-3.164,-651.331
2058.3,80.13,85.8,0.0,0.8,6,159.639,-3.177,-654.168
2074.3,80.21,85.8,0.0,0.9,6,157.394,-3.192,-658.422
2074.3,80.27,85.8,0.0,0.9,6,155.891,-3.199,-661.257
2074.3,80.35,85.8,0.0,0.8,6,153.628,-3.206,-665.511
2074.3,80.40,85.8,0.0,0.6,6,152.113,-3.208,-668.347
2090.4,80.49,85.8,0.0,0.4,6,149.831,-3.208,-672.600
2090.4,80.54,85.8,0.0,0.4,6,148.304,-3.205,-675.436
2090.4,80.61,85.8,0.0,0.5,6,146.005,-3.197,-679.688
2090.4,80.66,85.8,0.0,0.6,6,144.467,-3.191,-682.523
2106.4,80.73,85.8,0.0,0.9,0,142.152,-3.177,-686.775
2106.4,80.61,0.0,0.0,0.9,0,140.604,-3.165,-689.607
2106.4,80.62,84.8,0.0,0.7,7,138.279,-3.142,-693.846
2122.5,80.69,84.9,0.0,0.7,7,135.941,-3.114,-698.084
2122.5,80.74,84.9,0.0,0.9,7,134.376,-3.093,-700.907
2122.5,80.81,84.9,0.0,1.5,7,132.018,-3.058,-705.141
2122.5,80.85,84.9,0.0,1.9,7,130.439,-3.032,-707.962
2138.6,80.92,84.9,0.0,2.3,7,128.056,-2.989,-712.190
2138.6,80.96,84.9,0.0,2.3,7,126.458,-2.956,-715.005
2138.6,81.02,84.9,0.0,2.4,7,124.041,-2.901,-719.220
2138.6,81.06,84.9,0.0,2.5,7,122.416,-2.861,-722.025
2154.8,81.12,84.9,0.0,2.7,7,119.955,-2.797,-726.221
2154.8,81.16,84.9,0.0,2.2,7,118.298,-2.750,-729.012
2154.8,81.06,33.3,44.7,2.2,7,115.788,-2.673,-733.184
2154.8,80.52,0.0,70.7,2.1,7,114.106,-2.617,-735.946
2170.9,79.27,0.0,86.9,1.7,7,111.591,-2.528,-740.031
2170.9,78.35,0.0,90.0,1.4,7,109.925,-2.466,-742.708
2170.9,76.93,0.0,91.6,1.2,7,107.444,-2.372,-746.653
2170.9,75.98,0.0,92.2,1.2,7,105.803,-2.309,-749.235
2186.3,74.55,0.0,92.0,2.1,0,103.363,-2.215,-753.037
2186.3,73.14,0.0,93.4,2.7,6,100.948,-2.122,-756.753
2186.3,72.22,0.0,95.1,3.1,6,99.350,-2.063,-759.183
2186.3,70.74,0.0,92.2,2.1,6,96.974,-1.986,-762.757
2200.7,69.78,0.0,89.5,1.2,6,95.399,-1.935,-765.086
2200.7,68.41,0.0,92.0,1.5,6,93.046,-1.853,-768.502
2200.7,67.47,0.0,91.8,1.9,6,91.486,-1.802,-770.729
2200.7,66.06,0.0,91.0,1.9,6,89.162,-1.726,-773.995
2214.2,65.16,26.6,92.2,3.0,0,87.623,-1.674,-776.122
2214.2,63.78,0.0,91.8,3.3,5,85.330,-1.598,-779.240
2214.2,62.86,0.0,91.7,2.8,5,83.813,-1.549,-781.270
2214.2,61.49,0.0,91.2,2.7,5,81.555,-1.480,-784.242
2226.6,60.59,0.0,90.9,2.6,5,80.060,-1.436,-786.175
2226.6,59.24,0.0,91.2,3.0,5,77.835,-1.372,-789.001
2226.6,58.33,0.0,91.4,3.3,5,76.362,-1.331,-790.836
2226.6,57.01,32.5,92.8,4.0,0,74.168,-1.273,-793.514
2238.2,55.69,0.0,93.0,4.2,4,71.991,-1.218,-796.104
2238.2,54.79,0.0,87.7,3.8,4,70.550,-1.183,-797.781
2238.2,53.54,0.0,76.3,2.8,4,68.399,-1.130,-800.219
2238.2,52.81,0.0,55.9,2.0,4,66.970,-1.095,-801.796
2248.9,51.96,0.0,30.9,0.5,4,64.823,-1.044,-804.091
2248.9,51.53,0.0,21.6,-0.1,4,63.383,-1.010,-805.577
2248.9,51.07,0.0,15.8,2.0,4,61.200,-0.959,-807.747
2248.9,50.80,0.0,13.4,4.8,4,59.727,-0.925,-809.155
2259.1,50.45,0.0,12.0,9.7,4,57.493,-0.873,-811.213
2259.1,50.23,0.0,10.5,12.9,4,55.989,-0.838,-812.552
2259.1,49.92,0.0,9.8,15.6,4,53.712,-0.785,-814.512
2259.1,49.71,0.0,9.3,16.3,4,52.180,-0.752,-815.786
2269.0,49.40,0.0,8.2,15.6,4,49.861,-0.702,-817.647
2269.0,49.12,0.0,4.7,14.1,4,47.512,-0.653,-819.441
2269.0,48.95,0.0,3.2,13.7,4,45.929,-0.619,-820.598
2269.0,48.71,0.0,1.8,14.0,4,43.528,-0.570,-822.278
2278.8,48.56,0.0,0.5,14.5,4,41.911,-0.538,-823.359
2278.8,48.35,3.0,0.0,15.3,4,39.459,-0.490,-824.922
2278.8,48.24,8.8,0.0,16.2,4,37.808,-0.458,-825.924
2278.8,48.07,7.1,0.0,17.3,4,35.305,-0.409,-827.367
2288.7,47.96,8.5,0.0,17.1,4,33.621,-0.376,-828.290
2288.7,47.79,5.9,0.0,17.9,4,31.071,-0.327,-829.613
2288.7,47.67,7.6,0.0,18.3,4,29.358,-0.294,-830.455
2288.7,47.50,8.1,0.0,18.4,4,26.768,-0.246,-831.656
2298.6,47.39,12.0,0.0,18.5,4,25.029,-0.213,-832.415
2298.6,47.24,11.9,0.0,18.5,4,22.401,-0.163,-833.489
2298.6,47.15,13.0,0.0,18.5,4,20.638,-0.129,-834.162
2298.6,46.99,6.8,0.0,19.9,4,17.977,-0.079,-835.109
2308.6,46.81,5.8,0.0,20.1,4,15.302,-0.032,-835.981
2308.6,46.69,6.3,0.0,20.7,4,13.511,-0.001,-836.521
2308.6,46.52,7.9,0.0,17.9,4,10.816,0.045,-837.264
2308.6,46.40,6.0,0.0,17.2,4,9.013,0.077,-837.715
2318.4,46.22,3.7,0.0,17.0,4,6.303,0.127,-838.325
2318.4,46.09,2.8,0.0,17.2,4,4.493,0.160,-838.689
2318.4,45.90,1.5,0.0,17.3,4,1.775,0.208,-839.172
2318.4,45.77,1.2,0.0,17.3,4,-0.037,0.239,-839.452
2328.1,45.58,0.6,0.0,18.1,4,-2.754,0.285,-839.808
2328.1,45.44,1.0,0.0,18.7,4,-4.564,0.314,-840.004
2328.1,45.26,2.8,0.0,16.7,4,-7.275,0.357,-840.236
2328.1,45.13,1.5,0.0,15.0,4,-9.079,0.385,-840.350
2337.8,44.92,59.6,0.0,14.0,4,-15.370,0.477,-840.492
2337.8,45.06,63.9,0.0,13.8,4,-17.169,0.500,-840.464
2347.4,44.88,0.9,25.8,14.8,0,-19.869,0.533,-840.368
2347.4,44.55,35.0,26.4,17.1,0,-21.656,0.553,-840.270
2347.4,44.12,9.8,0.9,17.5,3,-24.307,0.579,-840.071
2347.4,44.18,78.5,0.0,15.6,3,-26.940,0.604,-839.805
2356.9,44.42,83.5,0.0,14.2,3,-28.698,0.618,-839.591
2356.9,44.79,81.4,0.0,12.3,3,-31.348,0.636,-839.216
2356.9,45.03,82.2,0.0,11.9,3,-33.120,0.647,-838.927
2356.9,45.40,84.6,0.0,12.3,3,-35.787,0.663,-838.434
2366.5,45.64,83.8,0.0,13.1,3,-37.569,0.674,-838.063
2366.5,46.00,82.9,0.0,14.7,3,-40.246,0.691,-837.442
2366.5,46.21,77.1,0.0,16.2,3,-42.033,0.702,-836.987
2366.5,46.50,69.8,0.0,18.4,3,-44.712,0.718,-836.244
2376.3,46.68,70.4,0.0,20.2,3,-46.497,0.727,-835.709
2376.3,46.95,77.2,0.0,22.5,3,-49.170,0.738,-834.848
2376.3,47.16,78.2,0.0,22.5,3,-50.949,0.744,-834.233
2376.3,47.46,80.5,0.0,22.2,3,-53.610,0.755,-833.249
2386.2,47.67,81.5,0.0,21.6,3,-55.380,0.761,-832.551
2386.2,47.98,84.4,0.0,20.7,3,-58.026,0.769,-831.443
2386.2,48.31,85.3,0.0,19.6,3,-60.661,0.773,-830.262
2386.2,48.52,85.5,0.0,18.8,3,-62.411,0.774,-829.432
2396.2,48.84,85.6,0.0,17.8,3,-65.021,0.774,-828.124
2396.2,49.04,85.6,0.0,17.9,3,-66.751,0.773,-827.209
2396.2,49.33,84.2,0.0,18.6,3,-69.328,0.769,-825.772
2396.2,49.53,80.5,0.0,18.9,3,-71.033,0.765,-824.772
2406.2,49.79,83.4,0.0,20.2,3,-73.568,0.758,-823.208
2406.2,49.98,86.2,0.0,21.3,3,-75.242,0.752,-822.123
2406.2,50.27,86.3,0.0,22.1,3,-77.728,0.742,-820.431
2406.2,50.46,86.3,0.0,22.7,3,-79.368,0.734,-819.262
2416.2,50.70,69.1,0.0,23.5,3,-81.800,0.721,-817.447
2416.2,50.79,56.0,0.0,24.5,3,-83.400,0.711,-816.198
2416.2,50.92,74.7,0.0,27.1,3,-85.761,0.694,-814.267
2416.2,51.10,86.2,0.0,28.4,0,-87.313,0.681,-812.942
2426.3,51.00,76.8,0.0,29.4,4,-89.599,0.660,-810.903
2426.3,51.18,72.2,0.0,29.7,4,-91.833,0.637,-808.805
2426.3,51.32,78.2,0.0,29.1,4,-93.297,0.619,-807.371
2436.2,51.57,84.1,0.0,27.3,4,-95.454,0.592,-805.164
2436.2,51.74,84.2,0.0,26.5,4,-96.865,0.575,-803.655
2436.2,51.86,26.1,0.0,26.3,4,-98.939,0.547,-801.339
2436.2,51.75,11.8,0.0,26.2,4,-100.288,0.526,-799.765
2446.1,51.57,11.7,0.0,25.0,4,-102.251,0.495,-797.366
2446.1,51.61,72.5,0.0,24.3,4,-103.521,0.473,-795.741
2446.1,51.87,84.2,0.0,23.6,4,-105.380,0.438,-793.257
2446.1,52.05,84.2,0.0,23.0,4,-106.591,0.413,-791.568
2456.1,52.33,84.2,0.0,21.7,4,-108.363,0.372,-788.988
2456.1,52.50,84.3,0.0,21.7,4,-109.515,0.342,-787.237
2456.1,52.74,84.6,0.0,19.1,4,-111.201,0.293,-784.569
2456.1,52.87,63.7,0.0,14.0,4,-112.296,0.256,-782.764
2466.5,53.02,75.7,0.0,4.6,4,-113.889,0.196,-780.016
2466.5,53.26,84.8,0.0,-3.1,4,-115.419,0.137,-777.220
2466.5,53.46,84.6,0.0,-5.3,4,-116.412,0.097,-775.331
2466.5,53.74,84.7,0.0,-5.7,4,-117.868,0.026,-772.466
2477.1,53.97,84.6,0.0,-7.1,4,-118.818,-0.028,-770.535
2477.1,54.33,84.6,0.0,-6.4,4,-120.221,-0.114,-767.606
2477.1,54.54,84.5,0.0,-4.1,4,-121.150,-0.173,-765.638
2477.1,54.86,84.7,0.0,-1.0,4,-122.551,-0.255,-762.672
2488.1,55.08,84.6,0.0,-0.7,4,-123.496,-0.312,-760.688
2488.1,55.43,84.6,0.0,-1.7,4,-124.931,-0.410,-757.703
2488.1,55.64,84.8,0.0,-2.7,4,-125.902,-0.480,-755.707
2488.1,55.95,84.8,0.0,-3.5,4,-127.384,-0.585,-752.708
2499.5,56.16,84.9,0.0,-3.4,4,-128.388,-0.655,-750.705
2499.5,56.47,84.9,0.0,-3.6,4,-129.920,-0.758,-747.696
2499.5,56.68,85.0,0.0,-4.1,4,-130.958,-0.828,-745.687
2499.5,56.99,85.0,0.0,-3.7,4,-132.543,-0.933,-742.670
2511.1,57.28,85.2,0.0,-3.8,4,-134.159,-1.037,-739.648
2511.1,57.49,85.1,0.0,-3.8,4,-135.254,-1.107,-737.632
2511.1,57.80,85.1,0.0,-2.9,4,-136.923,-1.218,-734.604
2511.1,58.00,85.2,0.0,-2.9,4,-138.053,-1.298,-732.584
2522.9,58.31,85.3,0.0,-3.0,4,-139.775,-1.424,-729.552
2522.9,58.50,85.3,0.0,-2.9,4,-140.940,-1.512,-727.529
2522.9,58.81,85.3,0.0,-3.4,4,-142.713,-1.648,-724.492
2522.9,59.01,85.4,0.0,-4.1,4,-143.910,-1.745,-722.466
2534.8,59.31,85.4,0.0,-3.6,4,-145.733,-1.894,-719.424
2534.8,59.50,85.5,0.0,-2.2,4,-146.967,-1.993,-717.397
2534.8,59.80,85.5,0.0,-1.9,4,-148.845,-2.143,-714.354
2534.8,59.99,85.5,0.0,-2.6,4,-150.113,-2.243,-712.325
2546.8,60.28,85.6,0.0,-3.6,4,-152.039,-2.395,-709.278
2546.8,60.47,85.6,0.0,-3.7,4,-153.339,-2.496,-707.246
2546.8,60.74,85.6,0.0,-2.8,4,-155.316,-2.641,-704.198
2546.8,61.02,85.7,0.0,-2.1,4,-157.324,-2.780,-701.150
2559.0,61.20,85.8,0.0,-1.9,4,-158.679,-2.872,-699.118
2559.0,61.48,85.8,0.0,-2.1,4,-160.734,-3.008,-696.068
2559.0,61.66,85.8,0.0,-2.5,4,-162.118,-3.096,-694.033
2559.0,61.93,85.8,0.0,-2.4,4,-164.216,-3.224,-690.979
2571.4,62.10,85.8,0.0,-2.4,4,-165.628,-3.304,-688.942
2571.4,62.26,0.0,0.0,-1.5,0,-167.767,-3.416,-685.886
2571.4,62.22,84.4,0.0,-1.0,5,-169.202,-3.485,-683.854
2571.4,62.47,84.5,0.0,-1.0,5,-171.370,-3.579,-680.807
2584.0,62.63,84.5,0.0,-1.1,5,-172.826,-3.635,-678.773
2584.0,62.88,84.5,0.0,-1.0,5,-175.025,-3.709,-675.719
2584.0,63.03,84.6,0.0,-0.9,5,-176.502,-3.749,-673.679
2584.0,63.27,84.6,0.0,-1.0,5,-178.731,-3.799,-670.616
2596.7,63.51,84.7,0.0,-0.9,5,-180.976,-3.838,-667.547
2596.7,63.67,84.7,0.0,-0.9,5,-182.483,-3.860,-665.498
2596.7,63.90,84.7,0.0,-1.0,5,-184.755,-3.888,-662.420
2596.7,64.06,84.7,0.0,-1.1,5,-186.279,-3.905,-660.365
2609.5,64.28,84.8,0.0,-1.1,5,-188.577,-3.929,-657.276
2609.5,64.43,84.8,0.0,-1.0,5,-190.118,-3.943,-655.214
2609.5,64.66,84.8,0.0,-0.9,5,-192.442,-3.962,-652.117
2609.5,64.81,84.9,0.0,-0.9,5,-194.000,-3.972,-650.049
2622.3,65.02,84.9,0.0,-1.0,5,-196.350,-3.985,-646.944
2622.3,65.17,84.9,0.0,-1.0,5,-197.924,-3.990,-644.870
2622.3,65.39,85.0,0.0,-1.0,5,-200.298,-3.996,-641.755
2622.3,65.53,85.0,0.0,-0.9,5,-201.889,-3.997,-639.676
2635.4,65.74,85.0,0.0,-0.9,5,-204.287,-3.996,-636.553
2635.4,65.88,85.0,0.0,-0.8,5,-205.894,-3.991,-634.468
2635.4,66.08,85.1,0.0,-1.0,5,-208.317,-3.978,-631.338
2635.4,66.22,85.1,0.0,-1.2,5,-209.940,-3.966,-629.248
2648.5,66.43,85.1,0.0,-1.5,5,-212.387,-3.943,-626.111
2648.5,66.64,85.1,0.0,-1.7,5,-214.850,-3.921,-622.970
2648.5,66.77,85.2,0.0,-1.8,5,-216.501,-3.905,-620.875
2661.7,66.97,85.2,0.0,-2.1,5,-218.994,-3.882,-617.731
2661.7,67.10,85.2,0.0,-2.3,5,-220.667,-3.868,-615.636
2661.7,67.30,85.2,0.0,-1.6,5,-223.194,-3.849,-612.495
2661.7,67.43,85.3,0.0,-1.7,5,-224.890,-3.840,-610.401
2675.2,67.63,85.3,0.0,-1.8,5,-227.452,-3.831,-607.263
2675.2,67.76,85.3,0.0,-1.7,5,-229.172,-3.830,-605.171
2675.2,67.94,78.7,0.0,-1.3,5,-231.768,-3.831,-602.036
2675.2,67.98,45.5,5.5,-1.1,5,-233.509,-3.836,-599.948
2688.8,67.51,0.0,66.2,-1.2,5,-236.125,-3.847,-596.829
2688.8,66.41,0.0,82.3,-1.2,5,-238.719,-3.865,-593.756
2688.8,65.57,0.0,86.8,-1.0,5,-240.427,-3.879,-591.742
2688.8,64.27,0.0,89.9,-0.3,5,-242.955,-3.906,-588.775
2701.9,63.37,0.0,90.5,0.0,5,-244.617,-3.926,-586.834
2701.9,62.04,0.0,91.2,-0.1,5,-247.073,-3.959,-583.980
2701.9,61.15,0.0,91.3,-0.2,5,-248.685,-3.984,-582.115
2701.9,59.81,0.0,90.9,-0.3,5,-251.064,-4.023,-579.372
2714.2,58.93,0.0,91.4,-0.3,5,-252.625,-4.050,-577.580
2714.2,57.60,0.0,91.1,-0.1,5,-254.926,-4.090,-574.945
2714.2,56.72,0.0,91.2,-0.1,0,-256.434,-4.118,-573.224
2714.2,55.41,0.0,91.5,-0.1,4,-258.656,-4.158,-570.695
2725.6,54.54,0.0,91.9,-0.3,4,-260.112,-4.185,-569.045
2725.6,53.24,0.0,91.9,-0.7,4,-262.256,-4.225,-566.621
2725.6,52.36,0.0,91.5,-1.1,4,-263.658,-4.253,-565.040
2725.6,51.07,0.0,91.3,-1.7,4,-265.724,-4.294,-562.722
2736.1,49.77,0.0,92.0,-2.3,4,-267.744,-4.335,-560.467
2736.1,48.90,0.0,91.4,-2.8,4,-269.066,-4.362,-559.000
2736.1,47.61,0.0,91.6,-3.1,4,-271.014,-4.400,-556.855
2736.1,46.76,0.0,91.7,-3.2,0,-272.290,-4.424,-555.462
2745.7,45.50,0.0,92.9,-3.1,3,-274.171,-4.459,-553.428
2745.7,44.64,0.0,92.4,-2.7,3,-275.404,-4.482,-552.110
2745.7,43.35,0.0,92.2,-2.8,3,-277.220,-4.515,-550.192
2745.7,42.51,0.0,92.2,-3.0,3,-278.409,-4.536,-548.952
2754.4,41.26,0.0,91.6,-2.9,3,-280.164,-4.568,-547.150
2754.4,40.41,0.0,90.1,-2.8,3,-281.314,-4.589,-545.988
2754.4,39.24,39.7,88.8,-2.7,0,-283.015,-4.617,-544.307
2754.4,38.47,0.0,84.8,-3.3,2,-284.133,-4.634,-543.225
2762.3,37.34,0.0,76.6,-4.1,2,-285.786,-4.660,-541.660
2762.3,36.62,0.0,72.3,-3.7,2,-286.873,-4.677,-540.655
2762.3,35.62,0.0,69.3,-2.4,2,-288.486,-4.702,-539.206
2762.3,34.65,0.0,66.9,-2.4,2,-290.080,-4.726,-537.823
2769.5,34.01,0.0,67.9,-2.7,2,-291.131,-4.741,-536.939
2769.5,33.06,0.0,69.3,-3.2,2,-292.693,-4.763,-535.667
2769.5,32.42,0.0,69.2,-3.7,0,-293.722,-4.777,-534.855
2769.5,31.52,0.0,65.2,-4.0,1,-295.250,-4.797,-533.692
2775.9,30.92,0.0,58.6,-5.3,1,-296.257,-4.809,-532.951
2775.9,30.06,0.0,49.6,-1.1,1,-297.751,-4.827,-531.894
2775.9,29.54,0.0,45.8,1.8,1,-298.737,-4.838,-531.223
2775.9,28.82,0.0,44.5,-7.5,1,-300.203,-4.854,-530.265
2781.7,28.37,0.0,44.3,-14.8,1,-301.175,-4.863,-529.659
2781.7,27.70,0.0,43.8,-15.5,1,-302.623,-4.876,-528.802
2781.7,27.24,0.0,45.4,-14.3,1,-303.582,-4.884,-528.262
2781.7,26.58,0.0,40.5,-12.2,1,-305.003,-4.895,-527.495
2787.0,26.18,0.0,36.4,-11.6,1,-305.940,-4.901,-527.009
2787.0,25.63,0.0,34.2,-8.7,1,-307.332,-4.910,-526.315
2787.0,25.13,0.0,26.5,-14.6,1,-308.706,-4.917,-525.655
2787.0,24.85,0.0,20.1,-19.6,1,-309.613,-4.921,-525.236
2792.1,24.51,0.0,12.0,-26.3,1,-310.969,-4.925,-524.640
2792.1,24.33,0.0,14.6,-28.8,1,-311.872,-4.927,-524.266
2792.1,24.03,0.0,11.3,-30.8,1,-313.225,-4.930,-523.742
2792.1,23.86,0.0,6.7,-30.1,1,-314.128,-4.930,-523.419
2797.6,23.65,0.0,8.5,-26.8,1,-315.482,-4.929,-522.975
2797.6,23.51,0.0,5.4,-32.4,1,-316.386,-4.927,-522.703
2797.6,23.29,0.0,6.7,-41.0,1,-317.742,-4.923,-522.340
2797.6,23.13,0.0,2.5,-51.4,1,-318.646,-4.916,-522.129
2803.5,23.01,21.5,0.0,-58.3,1,-320.003,-4.906,-521.861
2803.5,23.07,40.6,0.0,-60.2,1,-320.912,-4.900,-521.711
2803.5,23.30,35.5,0.0,-62.6,1,-322.290,-4.894,-521.527
2810.4,23.36,41.6,0.0,-61.5,1,-323.683,-4.889,-521.395
2810.4,23.47,27.5,0.0,-61.1,1,-324.618,-4.891,-521.331
2810.4,23.47,5.1,3.9,-60.9,1,-326.028,-4.895,-521.282
2810.4,23.34,0.0,3.2,-58.5,1,-326.965,-4.898,-521.280
2815.6,23.05,3.3,0.0,-58.0,1,-328.356,-4.897,-521.337
2815.6,22.94,8.7,0.0,-57.9,1,-329.272,-4.892,-521.414
2815.6,22.81,10.8,0.0,-61.1,1,-330.635,-4.884,-521.582
2815.6,22.74,11.8,0.0,-65.0,1,-331.534,-4.878,-521.728
2820.4,22.66,16.4,0.0,-74.4,1,-332.869,-4.870,-521.997
2820.4,22.60,12.5,0.0,-80.8,1,-333.750,-4.865,-522.208
2820.4,22.48,9.4,0.0,-89.7,1,-335.053,-4.855,-522.572
2820.4,22.40,10.4,0.0,-95.5,1,-335.908,-4.847,-522.844
2825.1,22.27,12.0,0.0,-100.0,1,-337.171,-4.834,-523.293
2825.1,22.18,9.6,0.0,-99.4,1,-337.999,-4.825,-523.618
2825.1,22.03,9.2,0.0,-90.2,1,-339.215,-4.809,-524.146
2825.1,21.90,11.0,0.0,-75.8,1,-340.400,-4.792,-524.724
2829.5,21.87,19.2,0.0,-64.7,1,-341.171,-4.780,-525.137
2829.5,22.00,60.0,0.0,-47.0,1,-342.305,-4.761,-525.800
2829.5,22.23,42.5,0.0,-34.2,1,-343.053,-4.747,-526.272
2829.5,22.59,66.7,0.0,-14.9,1,-344.167,-4.727,-527.022
2833.9,22.92,73.2,0.0,-5.2,1,-344.909,-4.714,-527.547
2833.9,23.52,81.0,0.0,1.8,1,-346.033,-4.693,-528.368
2833.9,23.95,80.9,0.0,4.1,1,-346.792,-4.679,-528.935
2833.9,24.58,81.1,0.0,6.5,1,-347.953,-4.659,-529.812
2838.7,25.00,81.3,0.0,7.9,1,-348.744,-4.646,-530.408
2838.7,25.63,80.9,0.0,8.7,1,-349.960,-4.625,-531.317
2838.7,26.05,76.0,0.0,10.4,1,-350.791,-4.610,-531.929
2838.7,26.58,65.4,0.0,14.3,1,-352.070,-4.589,-532.853
2843.9,27.01,56.3,0.0,18.1,1,-353.387,-4.567,-533.775
2843.9,27.25,52.8,0.0,20.6,1,-354.284,-4.553,-534.384
2843.9,27.59,50.8,0.0,23.7,1,-355.661,-4.533,-535.284
2843.9,27.82,50.7,0.0,25.2,1,-356.600,-4.521,-535.872
2849.4,28.15,51.8,0.0,27.1,1,-358.040,-4.504,-536.734
2849.4,28.35,49.5,0.0,28.3,1,-359.022,-4.493,-537.292
2849.4,28.64,45.2,0.0,29.1,1,-360.528,-4.479,-538.100
2849.4,28.80,43.1,0.0,29.3,1,-361.553,-4.470,-538.617
2855.2,29.01,38.3,0.0,29.2,1,-363.122,-4.459,-539.356
2855.2,29.12,31.2,0.0,28.2,1,-364.186,-4.452,-539.823
2855.2,29.20,23.7,0.0,27.6,1,-365.808,-4.444,-540.480
2855.2,29.23,24.9,0.0,28.9,1,-366.903,-4.439,-540.888
2861.3,29.28,21.2,0.0,31.6,1,-368.565,-4.434,-541.453
2861.3,29.27,14.4,0.0,32.8,1,-369.684,-4.431,-541.798
2861.3,29.21,17.2,0.0,34.0,1,-371.375,-4.428,-542.266
2861.3,29.25,32.7,0.0,36.0,1,-372.510,-4.428,-542.547
2867.7,29.44,46.1,0.0,37.2,1,-374.229,-4.430,-542.921
2867.7,29.72,64.1,0.0,34.6,1,-375.974,-4.433,-543.240
2867.7,30.02,71.2,0.0,31.1,1,-377.153,-4.435,-543.423
2867.7,30.23,39.4,0.0,24.7,1,-378.947,-4.438,-543.649
2875.2,30.34,43.0,0.0,19.9,1,-380.153,-4.438,-543.762
2875.2,30.61,62.0,0.0,12.8,1,-381.977,-4.440,-543.883
2875.2,30.81,22.9,0.0,-2.7,1,-383.205,-4.443,-543.933
2875.2,30.91,38.7,0.0,0.1,1,-385.056,-4.449,-543.960
2882.2,31.03,43.4,0.0,4.2,1,-386.294,-4.452,-543.943
2882.2,31.29,51.1,0.0,13.0,1,-388.161,-4.455,-543.859
2882.2,31.48,51.2,0.0,19.5,1,-389.412,-4.457,-543.766
2882.2,31.80,49.8,0.0,28.0,1,-391.300,-4.461,-543.572
2890.1,31.97,50.0,0.0,33.5,1,-392.564,-4.463,-543.408
2890.1,32.25,50.8,0.0,39.2,1,-394.467,-4.465,-543.111
2890.1,32.43,52.3,0.0,41.1,1,-395.740,-4.467,-542.880
2890.1,32.71,55.2,0.0,41.8,1,-397.652,-4.467,-542.480
2896.8,32.99,57.8,0.0,38.1,1,-399.567,-4.469,-542.017
2896.8,33.17,51.6,0.0,33.6,1,-400.844,-4.471,-541.671
2896.8,33.36,44.4,0.0,26.2,1,-402.756,-4.477,-541.099
2896.8,33.47,40.6,0.0,21.4,1,-404.025,-4.483,-540.681
2903.4,33.57,36.3,0.0,14.0,1,-405.917,-4.495,-539.999
2903.4,33.62,30.9,0.0,9.4,1,-407.168,-4.505,-539.508
2903.4,33.64,24.2,0.0,3.6,1,-409.026,-4.522,-538.719
2903.4,33.64,23.3,0.0,0.5,1,-410.250,-4.535,-538.160
2909.8,33.64,27.3,0.0,-2.8,1,-412.062,-4.558,-537.272
2909.8,33.68,35.7,0.0,-2.7,1,-413.255,-4.575,-536.648
2909.8,33.87,55.7,0.0,1.7,1,-415.024,-4.602,-535.664
2909.8,34.09,62.9,0.0,2.6,1,-416.194,-4.621,-534.974
2916.3,34.51,47.1,0.0,14.5,1,-417.940,-4.650,-533.885
2916.3,34.55,16.4,0.0,21.6,1,-419.094,-4.669,-533.126
2916.3,34.55,49.6,0.0,26.6,1,-420.795,-4.699,-531.944
2922.9,35.01,84.4,0.0,31.7,1,-422.474,-4.728,-530.710
2922.9,35.37,85.7,0.0,31.3,0,-423.591,-4.746,-529.853
2922.9,35.37,83.3,0.0,28.7,2,-425.243,-4.773,-528.522
2922.9,35.69,84.2,0.0,26.8,2,-426.327,-4.790,-527.604
2929.7,36.19,84.5,0.0,20.9,2,-427.938,-4.812,-526.172
2929.7,36.48,78.7,0.0,18.2,2,-429.002,-4.827,-525.182
2929.7,36.79,51.9,0.0,11.1,2,-430.574,-4.849,-523.646
2929.7,37.02,80.6,0.0,6.6,2,-431.603,-4.863,-522.590
2937.0,37.46,72.9,0.0,-0.1,2,-433.125,-4.882,-520.956
2937.0,37.77,83.8,0.0,-2.4,2,-434.127,-4.894,-519.835
2937.0,38.29,84.9,0.0,-3.1,2,-435.618,-4.911,-518.108
2937.0,38.65,85.0,0.0,-0.9,2,-436.608,-4.923,-516.930
2944.4,39.22,84.9,0.0,4.8,2,-438.090,-4.942,-515.127
2944.4,39.52,85.0,0.0,8.5,2,-439.078,-4.954,-513.902
2944.4,39.99,81.9,0.0,12.1,2,-440.558,-4.971,-512.031
2944.4,40.41,78.9,0.0,13.9,2,-442.030,-4.988,-510.120
2952.3,40.70,82.2,0.0,13.2,2,-443.003,-5.000,-508.824
2952.3,41.13,85.7,0.0,11.0,2,-444.449,-5.017,-506.841
2952.3,41.43,85.7,0.0,9.5,2,-445.397,-5.024,-505.490
2952.3,41.75,0.0,0.0,6.9,0,-446.798,-5.034,-503.423
2960.3,41.74,77.2,0.0,4.4,3,-447.710,-5.042,-502.025
2960.3,42.07,84.2,0.0,4.4,3,-449.042,-5.049,-499.894
2960.3,42.35,83.1,0.0,4.8,3,-449.913,-5.054,-498.449
2960.3,42.72,79.8,0.0,8.6,3,-451.191,-5.059,-496.242
2968.6,42.96,83.6,0.0,10.1,3,-452.022,-5.060,-494.745
2968.6,43.27,65.2,0.0,11.5,3,-453.241,-5.063,-492.463
2968.6,43.40,68.4,0.0,11.5,3,-454.029,-5.065,-490.919
2968.6,43.57,34.8,0.0,8.4,3,-455.176,-5.071,-488.575
2976.9,43.85,83.2,0.0,4.7,3,-456.277,-5.081,-486.196
2976.9,44.07,84.7,0.0,3.5,3,-456.984,-5.086,-484.586
2976.9,44.48,81.6,0.0,3.2,3,-458.011,-5.099,-482.137
2976.9,44.75,84.6,0.0,5.2,3,-458.672,-5.110,-480.480
2985.4,45.17,84.7,0.0,8.4,3,-459.627,-5.128,-477.958
2985.4,45.45,84.7,0.0,11.2,3,-460.241,-5.142,-476.253
2985.4,45.86,84.8,0.0,14.4,3,-461.129,-5.166,-473.663
2985.4,46.11,84.9,0.0,15.1,3,-461.698,-5.185,-471.915
2994.2,46.51,85.0,0.0,14.9,3,-462.517,-5.214,-469.260
2994.2,46.77,85.0,0.0,14.4,3,-463.038,-5.235,-467.469
2994.2,47.16,85.1,0.0,13.3,3,-463.778,-5.270,-464.751
2994.2,47.41,85.2,0.0,12.7,3,-464.243,-5.294,-462.918
3003.5,47.79,85.2,0.0,12.8,3,-464.896,-5.333,-460.139
3003.5,48.03,85.3,0.0,12.8,3,-465.300,-5.360,-458.266
3003.5,48.40,85.4,0.0,12.7,3,-465.856,-5.402,-455.429
3003.5,48.75,85.5,0.0,12.4,3,-466.352,-5.444,-452.558
3012.9,48.99,85.5,0.0,13.4,3,-466.648,-5.471,-450.626
3012.9,49.34,85.6,0.0,15.1,3,-467.037,-5.512,-447.703
3012.9,49.58,85.6,0.0,16.6,3,-467.261,-5.539,-445.738
3012.9,49.92,85.6,0.0,18.9,3,-467.541,-5.579,-442.767
3022.6,50.14,85.7,0.0,20.3,3,-467.692,-5.605,-440.772
3022.6,50.47,85.7,0.0,21.1,3,-467.859,-5.645,-437.760
3022.6,50.68,85.8,0.0,21.6,3,-467.932,-5.671,-435.738
3022.6,50.99,85.8,0.0,21.9,3,-467.982,-5.710,-432.690
3032.6,51.18,85.9,0.0,21.9,0,-467.973,-5.735,-430.647
3032.6,51.10,79.1,0.0,21.1,4,-467.895,-5.772,-427.579
3032.6,51.25,83.1,0.0,19.9,4,-467.797,-5.796,-425.535
3032.6,51.52,84.2,0.0,17.0,4,-467.583,-5.830,-422.461
3043.0,51.69,84.2,0.0,14.4,4,-467.394,-5.851,-420.406
3043.0,52.31,84.4,0.0,7.8,4,-466.440,-5.912,-413.192
3053.9,52.59,84.4,0.0,7.4,4,-465.894,-5.934,-410.093
3053.9,52.78,84.4,0.0,8.4,4,-465.487,-5.949,-408.026
3053.9,53.07,84.4,0.0,12.4,4,-464.817,-5.974,-404.922
3053.9,53.29,84.4,0.0,14.9,4,-464.333,-5.994,-402.851
3065.3,53.57,84.4,0.0,17.8,4,-463.549,-6.026,-399.744
3065.3,53.76,84.5,0.0,18.3,4,-462.990,-6.048,-397.672
3065.3,54.04,84.5,0.0,16.8,4,-462.090,-6.077,-394.566
3065.3,54.21,84.6,0.0,14.7,4,-461.449,-6.093,-392.499
3076.3,54.49,84.7,0.0,11.3,4,-460.426,-6.115,-389.403
3076.3,54.68,84.7,0.0,10.8,4,-459.703,-6.128,-387.343
3076.3,54.96,84.8,0.0,8.7,4,-458.560,-6.149,-384.260
3076.3,55.15,84.8,0.0,8.7,4,-457.758,-6.163,-382.210
3087.2,55.43,84.8,0.0,10.7,4,-456.496,-6.182,-379.142
3087.2,55.62,84.8,0.0,11.8,4,-455.615,-6.192,-377.104
3087.2,55.88,84.9,0.0,13.1,4,-454.235,-6.202,-374.057
3087.2,56.16,85.0,0.0,13.1,4,-452.790,-6.211,-371.023
3098.2,56.35,85.0,0.0,10.8,4,-451.792,-6.218,-369.006
3098.2,56.63,85.0,0.0,7.4,4,-450.243,-6.231,-365.992
3098.2,56.81,85.1,0.0,6.0,4,-449.175,-6.240,-363.991
3098.2,57.10,85.1,0.0,5.4,4,-447.523,-6.252,-361.000
3109.3,57.29,85.1,0.0,6.1,4,-446.391,-6.260,-359.012
3109.3,57.58,85.1,0.0,7.1,4,-444.651,-6.271,-356.039
3109.3,57.76,85.1,0.0,7.1,4,-443.464,-6.278,-354.061
3109.3,58.05,85.2,0.0,6.8,4,-441.643,-6.286,-351.103
3120.7,58.23,85.3,0.0,7.2,4,-440.404,-6.291,-349.135
3120.7,58.51,85.3,0.0,7.1,4,-438.506,-6.297,-346.193
3120.7,58.68,85.3,0.0,6.7,4,-437.215,-6.301,-344.238
3120.7,58.94,85.4,0.0,5.5,4,-435.240,-6.307,-341.315
3132.4,59.11,85.5,0.0,5.2,4,-433.896,-6.308,-339.374
3132.4,59.37,85.5,0.0,4.3,4,-431.844,-6.311,-336.472
3132.4,59.65,85.5,0.0,2.0,4,-429.746,-6.309,-333.583
3132.4,59.79,85.6,0.0,1.6,4,-428.325,-6.305,-331.663
3144.3,60.05,85.5,0.0,1.2,4,-426.165,-6.296,-328.789
3144.3,60.25,85.5,0.0,1.9,4,-424.709,-6.291,-326.874
3144.3,60.48,85.6,0.0,1.9,4,-422.504,-6.282,-324.002
3144.3,60.63,85.7,0.0,1.3,4,-421.021,-6.275,-322.087
3156.4,60.89,85.7,0.0,0.8,4,-418.781,-6.263,-319.212
3156.4,61.06,85.7,0.0,0.5,4,-417.279,-6.253,-317.292
3156.4,61.29,85.8,0.0,0.9,4,-415.014,-6.240,-314.404
3156.4,61.44,85.9,0.0,0.3,4,-413.497,-6.231,-312.474
3168.6,61.61,0.0,0.0,-1.4,0,-411.215,-6.217,-309.571
3168.6,61.58,84.3,0.0,-2.4,5,-409.694,-6.209,-307.632
3168.6,61.83,84.3,0.0,-2.9,5,-407.415,-6.195,-304.715
3168.6,61.97,84.3,0.0,-2.5,5,-405.897,-6.186,-302.760
3181.0,62.20,84.4,0.0,-1.1,5,-403.624,-6.171,-299.809
3181.0,62.44,84.4,0.0,0.2,5,-401.357,-6.154,-296.835
3181.0,62.59,84.5,0.0,0.4,5,-399.846,-6.142,-294.843
3193.5,62.82,84.5,0.0,0.4,5,-397.579,-6.124,-291.841
3193.5,62.97,84.5,0.0,-0.1,5,-396.064,-6.112,-289.833
3193.5,63.20,84.6,0.0,-1.0,5,-393.785,-6.092,-286.811
3193.5,63.35,84.6,0.0,-1.0,5,-392.262,-6.077,-284.790
3206.1,63.57,84.7,0.0,-0.7,5,-389.974,-6.055,-281.747
3206.1,63.72,84.7,0.0,-0.4,5,-388.447,-6.042,-279.710
3206.1,64.02,84.7,0.0,0.4,5,-385.388,-6.012,-275.619
3206.1,64.16,84.7,0.0,-0.4,5,-383.853,-5.996,-273.566
3218.9,64.38,84.8,0.0,-0.9,5,-381.544,-5.970,-270.477
3218.9,64.53,84.8,0.0,-0.7,5,-380.002,-5.952,-268.411
3218.9,64.74,84.9,0.0,-0.3,5,-377.686,-5.925,-265.302
3218.9,64.89,84.9,0.0,-0.2,5,-376.139,-5.907,-263.221
3231.8,65.10,84.9,0.0,-0.4,5,-373.817,-5.880,-260.089
3231.8,65.31,84.9,0.0,-0.3,5,-371.489,-5.852,-256.945
3231.8,65.45,84.9,0.0,-0.1,5,-369.935,-5.831,-254.842
3231.8,65.66,85.0,0.0,0.2,5,-367.600,-5.797,-251.678
3244.9,65.79,85.0,0.0,0.4,5,-366.040,-5.773,-249.562
3244.9,66.00,85.0,0.0,0.6,5,-363.693,-5.735,-246.380
3244.9,66.14,85.1,0.0,0.4,5,-362.124,-5.710,-244.254
3244.9,66.34,85.1,0.0,0.2,5,-359.762,-5.669,-241.059
3258.1,66.48,85.1,0.0,0.2,5,-358.181,-5.639,-238.925
3258.1,66.67,85.2,0.0,0.3,5,-355.801,-5.592,-235.718
3258.1,66.80,85.2,0.0,0.3,5,-354.209,-5.561,-233.576
3258.1,67.00,85.2,0.0,0.2,5,-351.812,-5.515,-230.357
3271.5,67.14,85.2,0.0,0.1,5,-350.208,-5.486,-228.207
3271.5,67.34,85.3,0.0,-0.2,5,-347.794,-5.449,-224.976
3271.5,67.46,85.3,0.0,-0.1,5,-346.179,-5.424,-222.818
3271.5,67.64,85.4,0.0,0.2,5,-343.750,-5.383,-219.574
3285.0,67.76,85.4,0.0,0.2,5,-342.127,-5.355,-217.407
3285.0,67.96,85.3,0.0,0.2,5,-339.686,-5.311,-214.149
3285.0,68.14,85.4,0.0,-0.0,5,-337.238,-5.265,-210.882
3285.0,68.27,85.4,0.0,-0.2,5,-335.602,-5.234,-208.699
3298.5,68.45,85.4,0.0,-0.2,5,-333.142,-5.186,-205.417
3298.5,68.57,85.5,0.0,0.0,5,-331.499,-5.155,-203.225
3298.5,68.76,85.4,0.0,0.1,5,-329.028,-5.107,-199.928
3298.5,68.88,85.4,0.0,-0.1,5,-327.378,-5.072,-197.726
3312.3,69.05,85.5,0.0,-0.2,5,-324.898,-5.019,-194.414
3312.3,69.17,85.5,0.0,-0.1,5,-323.241,-4.983,-192.202
3312.3,69.34,85.5,0.0,-0.2,5,-320.752,-4.927,-188.875
3312.3,69.45,85.6,0.0,-0.3,5,-319.089,-4.890,-186.652
3326.1,69.63,85.6,0.0,-0.2,5,-316.592,-4.834,-183.310
3326.1,69.75,85.6,0.0,-0.2,5,-314.924,-4.797,-181.077
3326.1,69.91,85.6,0.0,-0.2,5,-312.419,-4.741,-177.720
3326.1,70.02,85.6,0.0,-0.2,5,-310.747,-4.704,-175.476
3340.1,70.18,85.6,0.0,-0.2,5,-308.235,-4.648,-172.103
3340.1,70.35,85.6,0.0,-0.0,5,-305.720,-4.592,-168.721
3340.1,70.46,85.7,0.0,0.2,5,-304.041,-4.553,-166.460
3354.1,70.62,85.7,0.0,0.5,5,-301.519,-4.496,-163.062
3354.1,70.73,85.7,0.0,0.1,5,-299.834,-4.456,-160.793
3354.1,70.88,85.7,0.0,0.1,5,-297.302,-4.396,-157.382
3354.1,70.99,85.7,0.0,0.1,5,-295.611,-4.356,-155.105
3368.3,71.15,85.8,0.0,-0.5,5,-293.070,-4.297,-151.682
3368.3,71.24,85.8,0.0,-0.4,5,-291.374,-4.257,-149.395
3368.3,71.40,85.8,0.0,0.1,5,-288.827,-4.195,-145.957
3368.3,71.50,85.8,0.0,-0.0,5,-287.126,-4.153,-143.661
3382.6,71.65,85.8,0.0,-0.2,5,-284.573,-4.092,-140.209
3382.6,71.75,85.8,0.0,0.5,5,-282.869,-4.052,-137.904
3382.6,71.89,85.8,0.0,-0.1,5,-280.307,-3.993,-134.439
3382.6,71.98,85.8,0.0,-0.2,5,-278.597,-3.954,-132.126
3397.0,72.04,0.0,0.0,-0.1,0,-276.027,-3.894,-128.651
3397.0,72.01,84.7,0.0,1.3,6,-273.462,-3.832,-125.177
3397.0,72.10,84.7,0.0,1.4,6,-271.749,-3.791,-122.859
3397.0,72.24,84.8,0.0,0.3,6,-269.172,-3.728,-119.380
3411.4,72.33,84.8,0.0,0.7,6,-267.449,-3.687,-117.059
3411.4,72.47,84.8,0.0,0.8,6,-264.854,-3.625,-113.576
3411.4,72.56,84.8,0.0,0.0,6,-263.118,-3.584,-111.253
3411.4,72.70,84.9,0.0,-1.4,6,-260.507,-3.520,-107.765
3426.0,72.78,84.9,0.0,-1.7,6,-258.763,-3.476,-105.436
3426.0,72.93,84.9,0.0,-1.1,6,-256.149,-3.409,-101.934
3426.0,73.05,84.9,0.0,-0.6,6,-253.541,-3.342,-98.417
3426.0,73.19,84.9,0.0,-0.8,6,-250.938,-3.274,-94.886
3440.6,73.28,84.9,0.0,-1.0,6,-249.206,-3.229,-92.524
3440.6,73.41,84.9,0.0,-0.8,6,-246.612,-3.163,-88.971
3440.6,73.50,84.9,0.0,-0.6,6,-244.884,-3.121,-86.595
3440.6,73.63,84.9,0.0,-0.2,6,-242.296,-3.056,-83.020
3455.3,73.71,85.0,0.0,0.4,6,-240.571,-3.014,-80.631
3455.3,73.84,85.0,0.0,1.4,6,-237.983,-2.950,-77.041
3455.3,73.93,85.0,0.0,1.6,6,-236.253,-2.908,-74.645
3455.3,74.05,85.0,0.0,1.1,6,-233.650,-2.844,-71.050
3470.1,74.14,85.0,0.0,1.5,6,-231.906,-2.801,-68.654
3470.1,74.26,85.0,0.0,3.1,6,-229.277,-2.736,-65.062
3470.1,74.38,85.1,0.0,4.5,6,-226.626,-2.667,-61.477
3470.1,74.45,85.1,0.0,5.2,6,-224.843,-2.620,-59.094
3484.9,74.50,39.1,12.2,5.3,6,-222.140,-2.550,-55.535
3484.9,74.23,0.4,36.3,5.5,6,-220.320,-2.502,-53.181
3484.9,73.42,0.0,55.0,5.8,6,-217.576,-2.432,-49.700
3484.9,72.79,0.0,53.6,5.6,6,-215.741,-2.386,-47.422
3499.7,71.87,0.0,40.8,6.7,6,-212.979,-2.317,-44.073
3499.7,71.36,0.0,29.3,5.6,6,-211.127,-2.271,-41.888
3499.7,70.79,0.0,11.4,3.1,6,-208.324,-2.203,-38.675
3499.7,70.53,0.0,2.8,4.9,6,-206.436,-2.158,-36.572
3513.9,70.27,15.2,0.0,7.1,6,-203.569,-2.089,-33.471
3513.9,70.15,20.5,0.0,8.0,6,-201.633,-2.044,-31.437
3513.9,69.97,19.5,0.0,9.8,6,-198.693,-1.976,-28.433
3513.9,69.80,10.0,24.5,10.1,6,-196.710,-1.931,-26.462
3527.7,69.07,0.0,68.3,8.8,6,-193.707,-1.864,-23.567
3527.7,68.07,0.0,7.7,7.0,6,-190.697,-1.795,-20.765
3527.7,67.97,71.3,0.0,6.2,6,-188.677,-1.749,-18.945
3541.2,68.07,84.2,0.0,8.0,6,-185.600,-1.683,-16.265
3541.2,68.16,84.1,0.0,11.7,6,-183.518,-1.643,-14.508
3541.2,68.27,75.0,0.0,17.4,6,-180.350,-1.592,-11.917
3541.2,68.28,61.6,0.0,20.3,6,-178.209,-1.563,-10.221
3554.8,68.32,79.5,0.0,21.8,6,-174.956,-1.529,-7.730
3554.8,68.43,84.3,0.0,18.6,6,-168.279,-1.477,-2.962
3554.8,68.47,84.3,0.0,17.8,6,-164.849,-1.448,-0.704
3568.7,68.54,81.5,0.0,18.8,6,-161.357,-1.416,1.464
3568.7,68.52,66.9,0.0,19.9,6,-158.996,-1.390,2.856
3568.7,68.45,67.7,0.0,22.5,6,-155.412,-1.351,4.866
3568.7,68.47,79.3,0.0,25.1,6,-152.997,-1.327,6.158
3583.1,68.52,75.5,0.0,27.9,6,-149.337,-1.297,8.029
3583.1,68.49,64.2,0.0,29.8,6,-146.871,-1.276,9.223
3583.1,68.41,51.3,0.0,33.2,6,-143.137,-1.243,10.935
3583.1,68.31,45.8,0.0,35.2,6,-140.628,-1.220,12.021
3597.7,68.14,35.5,0.0,37.6,6,-136.837,-1.183,13.566
3597.7,68.01,35.7,0.0,38.7,6,-134.293,-1.157,14.539
3597.7,67.82,35.2,0.0,39.3,6,-130.458,-1.119,15.916
3597.7,67.69,31.4,0.0,39.4,6,-127.889,-1.094,16.779
3612.0,67.45,29.4,0.0,39.7,6,-124.019,-1.059,17.988
3612.0,67.21,28.5,0.0,38.7,6,-120.132,-1.024,19.093
3612.0,67.05,20.1,0.0,38.4,6,-117.533,-1.001,19.769
3625.5,66.74,11.7,0.0,38.8,6,-113.628,-0.968,20.697
3625.5,66.52,11.6,0.0,38.8,6,-111.022,-0.946,21.256
3625.5,66.19,11.5,0.0,38.6,6,-107.110,-0.909,22.000
3625.5,65.98,11.5,0.0,38.9,6,-104.503,-0.883,22.435
3638.5,65.67,11.4,0.0,39.5,6,-100.594,-0.846,23.002
3638.5,65.46,11.3,0.0,39.0,6,-97.991,-0.821,23.320
3638.5,65.15,11.2,0.0,37.5,6,-94.092,-0.779,23.708
3638.5,64.95,11.2,0.0,36.0,6,-91.497,-0.750,23.907
3651.2,64.67,24.9,0.0,32.6,6,-87.615,-0.707,24.119
3651.2,64.55,40.6,0.0,29.6,6,-85.032,-0.677,24.204
3651.2,64.45,55.8,0.0,24.8,6,-81.162,-0.633,24.246
3651.2,64.43,69.8,0.0,22.1,6,-78.585,-0.602,24.218
3663.9,64.48,82.9,0.0,18.5,6,-74.721,-0.554,24.089
3663.9,64.58,83.6,0.0,13.4,6,-70.856,-0.504,23.862
3663.9,64.65,83.6,0.0,12.6,6,-68.280,-0.472,23.657
3663.9,64.77,83.6,0.0,10.2,6,-64.417,-0.426,23.277
3676.8,64.85,83.6,0.0,7.8,6,-61.842,-0.394,22.974
3676.8,64.99,83.5,0.0,5.1,6,-57.983,-0.343,22.448
3676.8,65.09,83.6,0.0,4.6,6,-55.413,-0.304,22.052
3676.8,65.27,83.5,0.0,3.4,6,-51.556,-0.249,21.410
3689.8,65.37,83.6,0.0,1.9,6,-48.984,-0.216,20.954
3689.8,65.55,83.6,0.0,0.2,6,-45.123,-0.172,20.233
3689.8,65.67,83.6,0.0,-2.1,6,-42.547,-0.143,19.733
3689.8,65.84,83.7,0.0,-2.9,6,-38.677,-0.099,18.972
3702.8,65.96,82.1,0.0,-1.9,6,-36.090,-0.071,18.465
3702.8,66.13,83.7,0.0,-2.0,6,-32.200,-0.031,17.716
3702.8,66.25,83.8,0.0,-3.0,6,-29.598,-0.006,17.226
3702.8,66.43,83.7,0.0,-5.0,6,-25.684,0.027,16.508
3716.1,66.54,83.8,0.0,-5.9,6,-23.066,0.046,16.044
3716.1,66.70,83.9,0.0,-6.9,6,-19.127,0.070,15.377
3716.1,66.85,83.9,0.0,-7.0,6,-15.170,0.093,14.754
3716.1,66.95,83.9,0.0,-7.0,6,-12.522,0.110,14.369
3729.6,67.10,83.9,0.0,-8.2,6,-8.536,0.136,13.839
3729.6,67.18,84.1,0.0,-10.0,6,-5.870,0.153,13.521
3729.6,67.30,84.2,0.0,-11.3,6,-1.857,0.181,13.102
3729.6,67.40,84.1,0.0,-11.2,6,0.827,0.201,12.865
3743.1,67.53,84.0,0.0,-11.4,6,4.864,0.235,12.578
3743.1,67.59,84.2,0.0,-11.3,6,7.562,0.261,12.435
3743.1,67.72,84.1,0.0,-11.6,6,11.619,0.304,12.293
3743.1,67.80,84.1,0.0,-11.5,6,14.328,0.333,12.246
3757.0,67.90,84.1,0.0,-12.1,6,18.399,0.383,12.251
3757.0,68.01,84.2,0.0,-11.9,6,22.474,0.437,12.346
3757.0,68.08,84.2,0.0,-11.4,6,25.193,0.477,12.459
3757.0,68.18,84.2,0.0,-10.1,6,29.273,0.542,12.707
3771.1,68.27,84.2,0.0,-9.4,6,31.992,0.586,12.921
3771.1,68.38,84.3,0.0,-12.2,6,36.074,0.643,13.302
3771.1,68.47,84.2,0.0,-14.1,6,38.794,0.675,13.600
3771.1,68.56,84.2,0.0,-15.2,6,42.871,0.728,14.124
3785.3,68.62,84.3,0.0,-15.8,6,45.584,0.765,14.524
3785.3,68.71,84.3,0.0,-15.1,6,49.648,0.821,15.200
3785.3,68.78,84.3,0.0,-14.4,6,52.351,0.859,15.701
3785.3,68.87,84.3,0.0,-13.6,6,56.396,0.916,16.529
3799.5,68.90,84.5,0.0,-12.8,6,59.083,0.955,17.134
3799.5,69.01,84.4,0.0,-11.7,6,63.101,1.014,18.120
3799.5,69.07,84.3,0.0,-11.5,6,65.770,1.054,18.828
3799.5,69.14,84.4,0.0,-10.6,6,69.756,1.115,19.966
3813.7,69.20,84.5,0.0,-10.1,6,72.402,1.154,20.774
3813.7,69.30,84.4,0.0,-9.4,6,76.351,1.213,22.061
3813.7,69.38,84.4,0.0,-9.6,6,80.276,1.272,23.439
3813.7,69.41,84.5,0.0,-9.9,6,82.877,1.312,24.407
3828.0,69.52,84.6,0.0,-10.4,6,86.756,1.371,25.932
3828.0,69.58,84.4,0.0,-10.5,6,89.326,1.411,26.997
3828.0,69.68,84.5,0.0,-11.3,6,93.155,1.471,28.667
3828.0,69.75,84.4,0.0,-11.9,6,95.690,1.511,29.828
3842.1,69.84,84.5,0.0,-12.3,6,99.464,1.574,31.640
3842.1,69.90,84.5,0.0,-11.6,6,101.961,1.616,32.894
3842.1,70.01,84.5,0.0,-10.2,6,105.679,1.681,34.842
3842.1,70.09,84.5,0.0,-9.1,6,108.138,1.725,36.185
3856.1,70.19,84.5,0.0,-8.4,6,111.796,1.791,38.263
3856.1,70.27,84.5,0.0,-8.3,6,114.215,1.834,39.690
3856.1,70.38,84.5,0.0,-8.7,6,117.813,1.900,41.892
3870.1,70.49,84.5,0.0,-9.3,6,121.376,1.963,44.164
3870.1,70.57,84.5,0.0,-9.7,6,123.732,2.004,45.716
3870.1,70.68,84.6,0.0,-9.7,6,127.235,2.063,48.099
3870.1,70.76,84.6,0.0,-9.3,6,129.549,2.102,49.725
3884.2,70.87,84.6,0.0,-9.2,6,132.988,2.157,52.219
3884.2,70.94,84.6,0.0,-9.0,6,135.258,2.192,53.919
3884.2,71.05,84.6,0.0,-8.9,6,138.627,2.241,56.524
3884.2,71.12,84.6,0.0,-9.3,6,140.850,2.272,58.297
3898.3,71.24,84.6,0.0,-9.7,6,144.148,2.312,61.010
3898.3,71.31,84.7,0.0,-9.0,6,146.323,2.334,62.852
3898.3,71.42,84.7,0.0,-7.0,6,149.550,2.360,65.667
3898.3,71.50,84.7,0.0,-5.4,6,151.675,2.375,67.579
3912.6,71.62,84.7,0.0,-3.6,6,154.826,2.395,70.494
3912.6,71.70,84.7,0.0,-2.9,6,156.904,2.407,72.468
3912.6,71.66,16.7,19.0,-2.1,6,159.990,2.423,75.466
3912.6,70.98,0.0,67.9,-1.5,6,163.031,2.438,78.485
3926.9,70.23,0.0,80.0,-0.6,6,165.025,2.448,80.488
3926.9,68.95,0.0,87.5,0.4,6,167.959,2.466,83.463
3926.9,68.06,0.0,89.5,0.6,6,169.878,2.480,85.422
3926.9,66.71,0.0,90.9,0.6,6,172.705,2.500,88.317
3940.4,65.81,0.0,91.5,0.5,0,174.556,2.515,90.216
3940.4,64.45,0.0,92.0,0.4,5,177.285,2.537,93.016
3940.4,63.53,0.0,91.9,0.3,5,179.074,2.550,94.850
3940.4,62.17,0.0,91.2,0.5,5,181.711,2.570,97.549
3953.1,61.27,0.0,91.6,0.7,5,183.440,2.583,99.314
3953.1,59.93,0.0,92.2,0.9,5,185.989,2.603,101.910
3953.1,59.04,0.0,91.8,0.9,5,187.660,2.615,103.607
3953.1,57.72,0.0,93.0,0.8,5,190.124,2.631,106.099
3964.8,56.79,0.0,91.2,0.6,5,191.738,2.640,107.726
3964.8,55.48,29.1,91.6,0.6,0,194.118,2.654,110.113
3964.8,54.60,0.0,92.2,0.5,4,195.678,2.664,111.668
3964.8,53.26,0.0,91.4,0.8,4,197.978,2.681,113.948
3975.7,51.94,0.0,91.6,0.9,4,200.231,2.700,116.162
3975.7,51.06,0.0,91.5,1.5,4,201.706,2.715,117.602
3975.7,49.75,0.0,92.1,2.3,4,203.883,2.739,119.706
3975.7,48.88,0.0,91.7,2.9,4,205.308,2.756,121.072
3985.7,47.58,0.0,92.7,3.3,4,207.410,2.782,123.065
3985.7,46.72,36.0,92.7,3.8,0,208.787,2.799,124.356
3985.7,45.42,0.0,92.2,4.3,3,210.819,2.824,126.235
3985.7,44.13,0.0,90.1,4.3,3,212.809,2.847,128.044
3994.9,43.29,0.0,88.8,4.3,3,214.114,2.861,129.211
3994.9,42.06,0.0,85.8,3.7,3,216.040,2.880,130.901
3994.9,41.27,0.0,81.4,3.4,3,217.305,2.891,131.989
3994.9,40.17,0.0,66.0,3.0,3,219.176,2.905,133.562
4003.2,39.54,0.0,58.3,2.5,3,220.411,2.912,134.571
4003.2,38.71,40.5,51.7,2.3,0,222.253,2.921,136.027
4003.2,38.19,0.0,48.1,2.6,2,223.477,2.925,136.961
4003.2,37.41,0.0,42.8,3.1,2,225.305,2.929,138.305
4010.9,36.95,0.0,40.2,4.3,2,226.520,2.931,139.164
4010.9,36.31,0.0,37.4,7.7,2,228.339,2.932,140.400
4010.9,35.89,0.0,37.2,9.8,2,229.549,2.930,141.190
4010.9,35.29,0.0,36.6,12.5,2,231.359,2.927,142.324
4018.1,34.90,0.0,35.8,14.0,2,232.563,2.924,143.049
4018.1,34.32,0.0,35.4,15.4,2,234.362,2.918,144.087
4018.1,33.76,0.0,33.5,15.6,2,236.155,2.911,145.068
4018.1,33.39,0.0,32.9,15.8,2,237.346,2.905,145.689
4024.7,32.87,0.0,25.3,16.2,2,239.129,2.896,146.570
4024.7,32.57,0.0,20.1,16.3,2,240.315,2.890,147.125
4024.7,32.21,0.0,14.9,17.8,2,242.094,2.880,147.907
4024.7,32.00,0.0,12.4,19.5,2,243.282,2.873,148.397
4031.0,31.72,0.0,8.2,22.5,2,245.067,2.863,149.082
4031.0,31.57,0.0,5.9,24.1,2,246.259,2.856,149.506
4031.0,31.36,0.0,5.1,25.9,2,248.053,2.846,150.094
4031.0,31.22,0.0,4.5,26.8,2,249.253,2.839,150.452
4037.0,31.03,0.0,3.0,28.4,2,251.056,2.828,150.939
4037.0,30.91,0.0,6.6,26.2,2,252.260,2.820,151.230
4037.0,30.70,0.0,5.4,21.5,2,254.069,2.807,151.614
4037.0,30.57,0.0,3.6,19.1,2,255.274,2.799,151.836
4043.0,30.41,0.2,5.5,18.6,2,257.081,2.786,152.121
4043.0,30.23,0.0,2.1,21.4,2,258.886,2.776,152.348
4043.0,30.13,0.9,0.1,26.6,2,260.087,2.769,152.468
4049.9,30.01,4.7,0.0,33.6,2,261.886,2.759,152.601
4049.9,29.92,3.7,0.0,36.3,2,263.084,2.754,152.655
4049.9,29.82,12.3,0.0,38.9,2,264.875,2.746,152.683
4049.9,29.77,10.0,0.0,40.0,2,266.067,2.742,152.664
4056.6,29.66,12.0,0.0,40.8,2,267.848,2.738,152.576
4056.6,29.61,12.3,0.0,41.5,2,269.029,2.736,152.478
4056.6,29.51,10.8,0.0,44.5,2,270.791,2.735,152.273
4056.6,29.44,10.0,0.0,47.6,2,271.957,2.735,152.098
4063.5,29.30,8.9,0.0,52.0,2,273.690,2.737,151.777
4063.5,29.17,11.8,0.0,55.7,2,275.400,2.741,151.387
4063.5,29.08,7.3,0.0,57.3,0,276.526,2.746,151.087
4063.5,28.94,5.8,0.0,63.5,1,278.192,2.756,150.581
4071.7,28.83,12.5,0.0,68.1,1,279.285,2.763,150.207
4071.7,28.70,13.9,0.0,75.4,1,280.898,2.776,149.592
4071.7,28.60,13.8,0.0,80.3,1,281.953,2.788,149.146
4071.7,28.42,11.0,0.0,81.7,1,283.502,2.809,148.422
4078.6,28.29,10.8,0.0,80.6,1,284.511,2.826,147.903
4078.6,28.13,10.7,0.0,79.8,1,285.987,2.855,147.074
4078.6,28.02,10.6,0.0,79.1,1,286.946,2.876,146.490
4078.6,27.87,10.6,0.0,76.4,1,288.347,2.907,145.569
4085.8,27.76,10.8,0.0,76.9,1,289.255,2.928,144.927
4085.8,27.60,10.9,0.0,76.2,1,290.577,2.960,143.922
4085.8,27.50,11.0,0.0,74.9,1,291.431,2.981,143.225
4085.8,27.35,11.6,0.0,71.6,1,292.668,3.016,142.140
4091.5,27.23,13.4,0.0,67.5,1,293.853,3.051,141.010
4091.5,27.16,15.5,0.0,63.8,1,294.614,3.075,140.233
4091.5,27.10,21.8,0.0,57.2,1,295.713,3.111,139.034
4091.5,27.11,29.1,0.0,51.7,1,296.418,3.133,138.211
4096.8,27.26,49.1,0.0,42.0,1,297.438,3.166,136.940
4096.8,27.43,43.2,0.0,34.1,1,298.094,3.187,136.066
4096.8,27.63,39.1,0.0,21.8,1,299.045,3.215,134.716
4096.8,27.76,38.4,0.0,13.9,1,299.654,3.234,133.791
4102.1,28.01,46.8,0.0,5.2,1,300.534,3.259,132.369
4102.1,28.24,55.9,0.0,2.8,1,301.101,3.276,131.399
4102.1,28.70,66.8,0.0,2.5,1,301.929,3.298,129.907
4102.1,29.05,70.9,0.0,3.4,1,302.469,3.313,128.886
4107.6,29.61,74.7,0.0,6.3,1,303.264,3.333,127.318
4107.6,29.99,75.2,0.0,8.7,1,303.786,3.345,126.247
4107.6,30.54,73.8,0.0,12.0,1,304.556,3.363,124.603
4107.6,31.07,68.3,0.0,13.5,1,305.308,3.379,122.916
4113.6,31.40,71.3,0.0,14.3,1,305.797,3.390,121.767
4113.6,31.91,71.5,0.0,15.3,1,306.510,3.405,120.008
4113.6,32.23,71.9,0.0,15.8,1,306.970,3.416,118.811
4113.6,32.72,74.2,0.0,15.7,1,307.634,3.430,116.980
4119.9,33.05,74.7,0.0,15.3,1,308.058,3.438,115.736
4119.9,33.51,74.7,0.0,15.0,1,308.664,3.451,113.834
4119.9,33.80,65.8,0.0,13.9,1,309.045,3.459,112.544
4119.9,34.24,76.0,0.0,11.9,1,309.577,3.472,110.575
4126.6,34.55,78.0,0.0,10.9,1,309.907,3.480,109.240
4126.6,34.72,0.0,0.0,10.9,0,310.362,3.494,107.209
4126.6,34.87,83.9,0.0,12.1,2,310.633,3.504,105.846
4126.6,35.40,84.1,0.0,13.2,2,310.999,3.521,103.771
4133.6,35.74,84.3,0.0,13.5,2,311.218,3.533,102.366
4133.6,36.20,62.3,0.0,16.3,2,311.504,3.554,100.227
4133.6,36.33,31.9,0.0,15.1,2,311.665,3.568,98.785
4133.6,36.28,5.6,13.7,11.9,2,311.857,3.591,96.614
4140.8,35.90,0.0,37.0,8.7,2,311.994,3.616,94.450
4140.8,35.48,0.0,44.8,6.4,2,312.058,3.634,93.023
4140.8,34.73,0.0,62.5,3.4,2,312.123,3.665,90.915
4140.8,34.12,0.0,69.3,2.3,2,312.149,3.686,89.537
4147.6,33.12,0.0,75.6,-0.4,2,312.172,3.720,87.518
4147.6,32.42,0.0,77.4,-3.0,2,312.180,3.743,86.206
4147.6,31.36,0.0,79.0,-6.6,2,312.187,3.778,84.291
4147.6,30.63,0.0,78.7,-8.5,0,312.193,3.801,83.050
4153.8,29.60,0.0,71.9,-11.0,1,312.209,3.834,81.242
4153.8,28.92,0.0,58.5,-12.2,1,312.228,3.856,80.070
4153.8,28.10,0.0,42.0,-13.6,1,312.273,3.887,78.360
4153.8,27.66,0.0,34.4,-16.4,1,312.317,3.906,77.245
4159.3,27.13,0.0,25.4,-16.9,1,312.410,3.933,75.604
4159.3,26.71,0.0,20.6,-20.1,1,312.537,3.958,73.994
4159.3,26.45,0.0,18.3,-22.3,1,312.642,3.973,72.935
4164.5,26.10,0.0,15.2,-25.7,1,312.832,3.994,71.370
4164.5,25.88,0.0,13.2,-25.9,1,312.982,4.007,70.341
4164.5,25.59,0.0,12.7,-26.7,1,313.241,4.026,68.818
4164.5,25.40,0.0,12.6,-27.4,1,313.437,4.037,67.817
4169.5,25.11,0.0,11.7,-30.2,1,313.768,4.053,66.338
4169.5,24.93,0.0,10.7,-29.1,1,314.012,4.062,65.367
4169.5,24.66,0.0,11.6,-29.2,1,314.415,4.075,63.934
4169.5,24.48,0.0,12.1,-30.7,1,314.707,4.083,62.996
4174.4,24.20,0.0,11.0,-32.9,1,315.181,4.092,61.613
4174.4,24.03,0.0,8.6,-33.1,1,315.520,4.098,60.710
4174.4,23.80,0.0,7.6,-33.9,1,316.065,4.104,59.383
4174.4,23.65,0.0,7.3,-34.8,1,316.453,4.107,58.516
4179.1,23.43,0.0,7.2,-36.1,1,317.069,4.111,57.246
4179.1,23.28,0.0,4.2,-36.4,1,317.504,4.112,56.418
4179.1,23.11,0.0,4.2,-36.5,1,318.191,4.113,55.208
4179.1,22.93,0.0,4.9,-37.0,1,318.919,4.111,54.034
4183.6,22.80,0.0,5.5,-37.4,1,319.427,4.109,53.273
4183.6,22.62,0.0,3.6,-38.2,1,320.221,4.105,52.165
4183.6,22.50,0.0,4.1,-37.7,1,320.770,4.101,51.449
4183.6,22.32,0.0,6.2,-37.5,1,321.623,4.095,50.409
4187.7,22.19,0.0,7.4,-37.8,1,322.210,4.090,49.739
4187.7,21.98,0.0,9.3,-38.7,1,323.116,4.082,48.772
4187.7,21.83,0.0,6.0,-39.7,1,323.737,4.076,48.153
4187.7,21.64,0.0,5.6,-38.6,1,324.690,4.067,47.263
4191.7,21.52,0.0,6.1,-39.4,1,325.340,4.061,46.694
4191.7,21.33,0.0,6.9,-42.2,1,326.335,4.051,45.880
4191.7,21.19,0.0,7.5,-44.0,1,327.011,4.043,45.364
4191.7,21.00,0.7,1.3,-47.7,1,328.043,4.031,44.631
4195.7,20.94,14.4,0.0,-50.3,1,328.743,4.023,44.171
4195.7,21.03,34.4,0.0,-52.8,1,329.820,4.010,43.520
4195.7,21.22,44.4,0.0,-55.1,1,330.931,3.996,42.911
4195.7,21.39,49.1,0.0,-56.8,1,331.692,3.986,42.529
4200.0,21.74,53.6,0.0,-58.4,1,332.868,3.971,41.990
4200.0,21.87,40.5,0.0,-57.2,1,333.673,3.960,41.656
4200.0,21.98,22.9,0.0,-51.9,1,334.908,3.944,41.202
4200.0,22.05,25.9,0.0,-47.5,1,335.746,3.933,40.931
4204.7,22.22,42.6,0.0,-41.3,1,337.024,3.917,40.576
4204.7,22.36,44.8,0.0,-39.1,1,337.892,3.907,40.372
4204.7,22.62,42.2,0.0,-38.8,1,339.215,3.893,40.113
4204.7,22.79,45.2,0.0,-40.0,1,340.112,3.884,39.973
4209.7,23.09,52.9,0.0,-42.6,1,341.478,3.871,39.811
4209.7,23.31,53.6,0.0,-44.6,1,342.402,3.862,39.734
4209.7,23.64,53.2,0.0,-48.6,1,343.809,3.850,39.666
4209.7,23.85,51.7,0.0,-51.0,1,344.758,3.842,39.652
4215.2,24.15,50.4,0.0,-53.5,1,346.197,3.830,39.682
4215.2,24.42,49.3,0.0,-55.3,1,347.651,3.819,39.773
4215.2,24.62,48.6,0.0,-58.3,1,348.627,3.812,39.869
4215.2,24.83,38.8,0.0,-60.7,1,350.097,3.803,40.066
4221.0,24.92,35.0,0.0,-61.4,1,351.077,3.798,40.234
4221.0,25.04,34.5,0.0,-63.0,1,352.544,3.791,40.541
4221.0,25.13,33.7,0.0,-63.3,1,353.518,3.787,40.782
4221.0,25.22,31.6,0.0,-60.9,1,354.970,3.782,41.197
4227.0,25.29,35.0,0.0,-58.5,1,355.930,3.780,41.510
4227.0,25.49,48.1,0.0,-53.3,1,357.361,3.777,42.032
4227.0,25.71,59.3,0.0,-49.8,1,358.309,3.776,42.416
4227.0,26.08,61.0,0.0,-41.4,1,359.728,3.777,43.046
4232.9,26.34,59.5,0.0,-35.5,1,360.671,3.778,43.502
4232.9,26.73,61.3,0.0,-28.4,1,362.081,3.782,44.240
4232.9,27.02,60.4,0.0,-23.6,1,363.016,3.786,44.768
4232.9,27.48,66.3,0.0,-18.7,1,364.415,3.795,45.612
4238.7,27.95,64.9,0.0,-17.1,1,365.809,3.805,46.516
4238.7,28.26,62.8,0.0,-17.5,1,366.737,3.814,47.151
4238.7,28.72,61.2,0.0,-19.6,1,368.123,3.827,48.149
4238.7,29.00,61.1,0.0,-22.2,1,369.044,3.836,48.844
4244.6,29.42,62.7,0.0,-23.8,1,370.418,3.849,49.931
4244.6,29.73,64.2,0.0,-22.7,1,371.328,3.857,50.685
4244.6,30.19,68.0,0.0,-27.4,1,372.685,3.870,51.863
4244.6,30.51,72.4,0.0,-30.2,1,373.582,3.878,52.680
4250.2,31.00,67.8,0.0,-23.8,1,374.916,3.889,53.954
4250.2,31.30,67.3,0.0,-25.4,1,375.795,3.896,54.836
4250.2,31.73,67.5,0.0,-26.5,1,377.093,3.906,56.210
4250.2,32.02,67.1,0.0,-27.5,1,377.944,3.913,57.159
4256.1,32.40,60.4,0.0,-27.5,1,379.193,3.923,58.633
4256.1,32.74,62.2,0.0,-27.7,1,380.406,3.931,60.164
4256.1,32.96,58.0,0.0,-24.4,1,381.192,3.936,61.216
4262.4,33.28,60.4,0.0,-22.9,1,382.337,3.942,62.839
4262.4,33.48,56.3,0.0,-22.3,1,383.076,3.945,63.951
4262.4,33.77,57.9,0.0,-15.2,1,384.144,3.948,65.662
4262.4,34.00,63.2,0.0,-13.0,1,384.830,3.950,66.830
4269.0,34.39,70.7,0.0,-12.0,1,385.820,3.953,68.625
4269.0,34.67,75.8,0.0,-9.3,1,386.455,3.955,69.851
4269.0,35.02,0.0,0.0,-7.9,0,387.373,3.958,71.732
4269.0,35.03,83.1,0.0,-7.4,2,387.958,3.959,73.004
4275.7,35.45,84.5,0.0,-4.9,2,388.797,3.963,74.944
4275.7,35.82,73.8,0.0,-3.2,2,389.345,3.963,76.260
4275.7,36.31,84.3,0.0,-2.9,2,390.148,3.961,78.268
4275.7,36.68,84.3,0.0,-3.8,2,390.673,3.961,79.630
4282.9,37.21,84.2,0.0,-6.3,2,391.452,3.958,81.704
4282.9,37.52,83.8,0.0,-7.8,2,391.963,3.955,83.107
4282.9,37.95,84.5,0.0,-8.3,2,392.718,3.947,85.242
4282.9,38.45,76.2,0.0,-5.8,2,393.455,3.937,87.413
4290.3,38.79,84.7,0.0,-3.5,2,393.936,3.931,88.881
4290.3,39.30,85.1,0.0,-3.3,2,394.637,3.925,91.116
4290.3,39.66,85.0,0.0,-3.3,2,395.094,3.922,92.627
4290.3,40.13,85.3,0.0,-4.4,2,395.764,3.919,94.924
4298.2,40.47,85.3,0.0,-4.7,2,396.202,3.917,96.475
4298.2,40.99,85.3,0.0,-3.8,2,396.844,3.913,98.833
4298.2,41.27,85.6,0.0,-2.5,2,397.261,3.913,100.424
4298.2,41.79,85.6,0.0,-1.8,2,397.878,3.909,102.838
4306.2,42.12,85.6,0.0,-1.4,2,398.281,3.906,104.466
4306.2,42.59,85.7,0.0,-3.0,2,398.873,3.903,106.937
4306.2,42.89,85.8,0.0,-3.5,2,399.262,3.904,108.601
4306.2,43.21,0.0,0.0,-3.8,0,399.837,3.899,111.121
4314.6,43.20,84.0,0.0,-3.9,3,400.211,3.896,112.807
4314.6,43.65,84.1,0.0,-4.5,3,400.759,3.892,115.354
4314.6,44.09,84.3,0.0,-5.3,3,401.294,3.888,117.930
4314.6,44.38,84.3,0.0,-5.9,3,401.642,3.886,119.665
4323.3,44.81,84.4,0.0,-6.5,3,402.148,3.884,122.291
4323.3,45.09,84.5,0.0,-6.7,3,402.473,3.882,124.059
4323.3,45.52,84.6,0.0,-7.1,3,402.940,3.880,126.736
4323.3,45.79,84.7,0.0,-7.0,3,403.237,3.877,128.537
4332.3,46.21,84.8,0.0,-6.7,3,403.657,3.873,131.265
4332.3,46.49,84.9,0.0,-6.8,3,403.921,3.869,133.099
4332.3,46.90,85.0,0.0,-7.4,3,404.288,3.863,135.876
4332.3,47.17,85.0,0.0,-8.0,3,404.514,3.860,137.743
4341.5,47.57,85.1,0.0,-7.7,3,404.823,3.855,140.568
4341.5,47.83,85.2,0.0,-7.9,3,405.009,3.851,142.466
4341.5,48.23,85.2,0.0,-8.8,3,405.256,3.845,145.337
4341.5,48.49,85.3,0.0,-9.6,3,405.398,3.841,147.265
4350.9,48.87,85.4,0.0,-9.8,3,405.576,3.834,150.180
4350.9,49.25,85.5,0.0,-10.7,3,405.706,3.828,153.120
4350.9,49.49,85.5,0.0,-11.0,3,405.766,3.824,155.093
4350.9,49.86,85.6,0.0,-11.3,3,405.812,3.818,158.073
4360.6,50.08,85.7,0.0,-11.1,3,405.812,3.813,160.071
4360.6,50.44,85.7,0.0,-11.0,3,405.763,3.806,163.086
4360.6,50.66,85.8,0.0,-11.4,3,405.697,3.801,165.106
4360.6,51.00,85.8,0.0,-12.0,3,405.549,3.793,168.152
4370.6,51.23,85.8,0.0,-12.1,3,405.414,3.788,170.192
4370.6,51.30,0.0,0.0,-12.4,0,405.158,3.780,173.260
4370.6,51.39,84.0,0.0,-12.3,4,404.950,3.774,175.302
4370.6,51.70,84.1,0.0,-11.9,4,404.584,3.766,178.372
4380.7,51.90,84.1,0.0,-12.5,4,404.301,3.760,180.424
4380.7,52.19,84.2,0.0,-14.2,4,403.820,3.752,183.509
4380.7,52.49,84.2,0.0,-15.4,4,403.272,3.743,186.600
4380.7,52.68,84.3,0.0,-15.7,4,402.867,3.737,188.664
4391.1,52.97,84.3,0.0,-14.9,4,402.200,3.729,191.762
4391.1,53.16,84.4,0.0,-14.6,4,401.714,3.724,193.828
4391.1,53.43,84.5,0.0,-14.5,4,400.924,3.717,196.925
4391.1,53.61,84.5,0.0,-13.5,4,400.355,3.711,198.989
4402.0,53.89,84.6,0.0,-12.3,4,399.434,3.706,202.079
4402.0,53.89,84.6,0.0,-12.3,4,399.434,3.706,202.079
4402.0,53.98,84.6,0.0,-12.2,4,399.110,3.705,203.108
4402.0,54.53,84.7,0.0,-14.4,4,396.983,3.701,209.259
4413.3,54.80,84.7,0.0,-14.5,4,395.805,3.700,212.319
4413.3,54.96,84.8,0.0,-14.5,4,394.976,3.702,214.352
4413.3,55.24,84.8,0.0,-13.7,4,393.668,3.707,217.387
4413.3,55.42,84.9,0.0,-13.6,4,392.755,3.711,219.403
4425.3,55.68,84.9,0.0,-13.2,4,391.324,3.718,222.412
4425.3,55.95,84.9,0.0,-12.9,4,389.820,3.726,225.403
4425.3,56.13,85.0,0.0,-12.5,4,388.776,3.732,227.387
4436.8,56.38,85.0,0.0,-12.4,4,387.154,3.740,230.346
4436.8,56.57,85.0,0.0,-13.0,4,386.035,3.743,232.308
4436.8,56.83,85.1,0.0,-13.3,4,384.302,3.743,235.235
4436.8,56.99,85.1,0.0,-12.8,4,383.108,3.743,237.172
4448.0,57.25,85.1,0.0,-12.5,4,381.257,3.743,240.056
4448.0,57.41,85.2,0.0,-12.6,4,379.983,3.745,241.962
4448.0,57.66,85.2,0.0,-12.7,4,378.012,3.750,244.796
4448.0,57.83,85.2,0.0,-12.7,4,376.659,3.755,246.668
4459.3,58.08,85.3,0.0,-13.1,4,374.573,3.764,249.449
4459.3,58.24,85.3,0.0,-12.9,4,373.146,3.770,251.286
4459.3,58.49,85.4,0.0,-11.8,4,370.950,3.780,254.013
4459.3,58.65,85.4,0.0,-10.8,4,369.451,3.786,255.813
4470.8,58.91,85.4,0.0,-7.7,4,367.149,3.797,258.484
4470.8,59.16,85.5,0.0,-6.0,4,364.788,3.806,261.124
4470.8,59.33,85.5,0.0,-5.3,4,363.185,3.812,262.868
4470.8,59.59,85.5,0.0,-5.0,4,360.738,3.817,265.464
4482.7,59.78,85.5,0.0,-5.2,4,359.080,3.821,267.182
4482.7,60.04,85.5,0.0,-5.7,4,356.560,3.824,269.744
4482.7,60.21,85.6,0.0,-5.9,4,354.857,3.823,271.442
4482.7,60.45,85.6,0.0,-5.7,4,352.270,3.822,273.973
4494.7,60.63,85.8,0.0,-5.8,4,350.523,3.823,275.649
4494.7,60.88,85.8,0.0,-6.2,4,347.868,3.826,278.146
4494.7,61.05,85.8,0.0,-6.0,4,346.076,3.830,279.798
4494.7,61.25,85.8,0.0,-4.0,4,343.354,3.839,282.257
4506.9,61.41,85.8,0.0,-2.9,4,341.518,3.844,283.884
4506.9,61.57,0.0,0.0,-1.0,0,338.735,3.846,286.309
4506.9,61.50,84.3,0.0,-0.2,5,336.867,3.842,287.912
4506.9,61.72,84.3,0.0,0.3,5,334.045,3.840,290.297
4519.2,61.95,84.3,0.0,-0.1,5,331.200,3.840,292.677
4519.2,62.11,84.4,0.0,0.1,5,329.294,3.839,294.265
4519.2,62.35,84.4,0.0,0.6,5,326.423,3.837,296.652
4519.2,62.51,84.5,0.0,0.7,5,324.503,3.836,298.248
4531.6,62.74,84.5,0.0,0.7,5,321.615,3.836,300.652
4531.6,62.90,84.5,0.0,0.8,5,319.686,3.835,302.262
4531.6,63.13,84.6,0.0,0.9,5,316.787,3.835,304.687
4531.6,63.27,84.6,0.0,1.0,5,314.851,3.837,306.312
4544.1,63.50,84.6,0.0,1.1,5,311.942,3.843,308.762
4544.1,63.65,84.7,0.0,1.1,5,309.999,3.848,310.403
4544.1,63.88,84.7,0.0,1.0,5,307.082,3.854,312.877
4544.1,64.03,84.7,0.0,0.9,5,305.134,3.858,314.536
4556.9,64.25,84.8,0.0,0.8,5,302.210,3.865,317.036
4556.9,64.39,84.8,0.0,0.1,5,300.258,3.871,318.712
4556.9,64.61,84.8,0.0,-0.8,5,297.326,3.877,321.238
4556.9,64.84,84.8,0.0,-0.7,5,294.385,3.882,323.774
4569.8,64.98,84.9,0.0,-0.3,5,292.419,3.884,325.469
4569.8,65.20,84.9,0.0,0.6,5,289.460,3.880,328.017
4569.8,65.35,84.9,0.0,1.1,5,287.480,3.875,329.719
4569.8,65.56,85.0,0.0,1.2,5,284.504,3.868,332.280
4582.8,65.70,85.0,0.0,0.9,5,282.516,3.862,333.994
4582.8,65.91,85.0,0.0,0.5,5,279.530,3.853,336.577
4582.8,66.04,85.1,0.0,0.4,5,277.538,3.851,338.307
4582.8,66.25,85.1,0.0,0.5,5,274.545,3.851,340.913
4596.0,66.39,85.1,0.0,0.5,5,272.546,3.851,342.657
4596.0,66.60,85.1,0.0,0.4,5,269.543,3.853,345.282
4596.0,66.73,85.2,0.0,0.2,5,267.538,3.855,347.039
4596.0,66.93,85.2,0.0,-0.0,5,264.523,3.861,349.683
4609.4,67.06,85.2,0.0,-0.3,5,262.510,3.868,351.450
4609.4,67.26,85.2,0.0,-0.1,5,259.482,3.882,354.109
4609.4,67.46,85.3,0.0,0.1,5,256.445,3.897,356.775
4609.4,67.59,85.3,0.0,0.3,5,254.416,3.907,358.557
4622.9,67.77,85.3,0.0,0.2,5,251.364,3.920,361.237
4622.9,67.91,85.3,0.0,0.1,5,249.326,3.932,363.027
4622.9,68.10,85.4,0.0,0.4,5,246.261,3.949,365.721
4622.9,68.23,85.4,0.0,0.5,5,244.214,3.957,367.521
4636.5,68.42,85.4,0.0,0.5,5,241.137,3.967,370.230
4636.5,68.54,85.4,0.0,0.4,5,239.082,3.975,372.041
4636.5,68.74,85.4,0.0,0.3,5,235.995,3.983,374.767
4636.5,68.86,85.5,0.0,0.2,5,233.934,3.985,376.589
4650.2,69.04,85.5,0.0,-0.1,5,230.836,3.984,379.331
4650.2,69.16,85.5,0.0,-0.4,5,228.767,3.983,381.163
4650.2,69.34,85.5,0.0,-0.6,5,225.657,3.979,383.919
4650.2,69.46,85.5,0.0,-0.5,5,223.579,3.976,385.760
4664.0,69.64,85.6,0.0,-0.5,5,220.454,3.972,388.525
4664.0,69.76,85.6,0.0,-0.5,5,218.365,3.969,390.370
4664.0,69.93,85.6,0.0,0.0,5,215.222,3.963,393.141
4678.0,70.11,85.6,0.0,-0.0,5,212.068,3.954,395.917
4678.0,70.23,85.6,0.0,-0.1,5,209.960,3.949,397.770
4678.0,70.39,85.7,0.0,-0.0,5,206.791,3.941,400.553
4678.0,70.50,85.7,0.0,0.0,5,204.674,3.938,402.412
4692.1,70.67,85.7,0.0,0.3,5,201.491,3.933,405.206
4692.1,70.79,85.7,0.0,0.5,5,199.365,3.929,407.073
4692.1,70.95,85.7,0.0,0.4,5,196.171,3.924,409.880
4692.1,71.06,85.8,0.0,0.2,5,194.039,3.921,411.756
4706.3,71.23,85.8,0.0,0.3,5,190.836,3.914,414.577
4706.3,71.33,85.8,0.0,0.5,5,188.698,3.910,416.463
4706.3,71.49,85.8,0.0,0.4,5,185.487,3.905,419.299
4706.3,71.59,85.8,0.0,0.4,5,183.343,3.903,421.195
4720.5,71.75,85.8,0.0,0.2,5,180.124,3.900,424.046
4720.5,71.86,85.8,0.0,0.2,5,177.976,3.897,425.952
4720.5,72.01,85.8,0.0,-0.0,5,174.749,3.893,428.817
4720.5,72.03,0.0,0.0,-0.2,0,172.595,3.888,430.731
4734.9,72.00,84.7,0.0,-0.2,6,169.368,3.882,433.601
4734.9,72.15,84.7,0.0,-0.2,6,166.136,3.877,436.473
4734.9,72.25,84.8,0.0,-0.1,6,163.977,3.875,438.391
4734.9,72.40,84.8,0.0,-0.2,6,160.732,3.874,441.271
4749.4,72.49,84.8,0.0,-0.2,6,158.565,3.873,443.195
4749.4,72.64,84.8,0.0,0.3,6,155.307,3.873,446.083
4749.4,72.73,84.8,0.0,0.3,6,153.132,3.875,448.012
4749.4,72.88,84.9,0.0,0.4,6,149.864,3.879,450.910
4763.9,72.98,84.9,0.0,0.4,6,147.683,3.881,452.847
4763.9,73.12,84.9,0.0,0.3,6,144.407,3.883,455.758
4763.9,73.21,84.9,0.0,0.3,6,142.221,3.884,457.704
4763.9,73.35,84.9,0.0,0.2,6,138.940,3.887,460.630
4778.6,73.44,84.9,0.0,0.1,6,136.751,3.889,462.586
4778.6,73.58,85.0,0.0,-0.1,6,133.464,3.891,465.527
4778.6,73.67,85.0,0.0,-0.3,6,131.270,3.892,467.491
4778.6,73.81,85.0,0.0,-0.1,6,127.973,3.895,470.442
4793.3,73.90,85.0,0.0,0.0,6,125.772,3.897,472.412
4793.3,74.04,85.0,0.0,-0.0,6,122.465,3.900,475.372
4793.3,74.18,85.0,0.0,-0.1,6,119.151,3.901,478.335
4793.3,74.26,85.0,0.0,-0.3,6,116.937,3.902,480.313
4808.1,74.40,85.1,0.0,-0.3,6,113.611,3.900,483.283
4808.1,74.48,85.1,0.0,-0.1,6,111.389,3.899,485.265
4808.1,74.62,85.1,0.0,-0.4,6,108.050,3.895,488.241
4808.1,74.71,85.1,0.0,-0.2,6,105.819,3.890,490.227
4823.0,74.83,85.1,0.0,-0.1,6,102.466,3.882,493.207
4823.0,74.92,85.1,0.0,0.0,6,100.227,3.876,495.196
4823.0,75.05,85.1,0.0,0.1,6,96.863,3.867,498.182
4823.0,75.14,85.2,0.0,0.0,6,94.617,3.860,500.176
4838.0,75.26,85.1,0.0,-0.1,6,91.243,3.845,503.171
4838.0,75.35,84.9,0.0,0.0,6,88.990,3.834,505.171
4838.0,75.47,84.5,0.0,0.0,6,85.608,3.815,508.176
4838.0,75.55,84.3,0.0,-0.2,6,83.349,3.802,510.181
4853.1,75.67,84.1,0.0,-0.2,6,79.958,3.781,513.193
4853.1,75.74,83.9,0.0,0.1,6,77.693,3.767,515.204
4853.1,75.86,83.7,0.0,-0.1,6,74.292,3.745,518.223
4853.1,75.98,83.2,0.0,0.0,6,70.885,3.723,521.245
4868.3,76.05,83.1,0.0,-0.2,6,68.610,3.707,523.262
4868.3,76.16,83.3,0.0,-0.5,6,65.192,3.683,526.290
4868.3,76.23,83.4,0.0,-0.2,6,62.911,3.665,528.311
4868.3,76.34,83.6,0.0,-0.9,6,59.483,3.638,531.344
4883.5,76.42,83.6,0.0,-0.7,6,57.193,3.618,533.366
4883.5,76.26,47.2,23.8,0.3,6,53.753,3.586,536.399
4883.5,76.04,70.8,0.0,0.6,6,51.467,3.562,538.411
4883.5,75.50,44.0,75.0,0.0,6,48.047,3.527,541.419
4898.7,74.72,0.0,75.0,0.3,6,45.789,3.502,543.404
4898.7,73.54,0.0,75.0,0.6,6,42.448,3.463,546.343
4898.7,72.74,0.0,75.0,0.7,6,40.252,3.436,548.277
4898.7,71.80,32.7,75.0,0.5,6,37.000,3.393,551.147
4913.4,71.13,0.0,37.5,0.5,6,34.858,3.360,553.042
4913.4,70.29,44.5,75.0,0.2,6,31.681,3.309,555.859
4913.4,69.54,0.0,37.5,0.2,6,29.590,3.277,557.718
4913.4,68.83,44.9,75.0,0.1,6,26.490,3.225,560.480
4927.4,68.04,30.7,75.0,0.3,6,23.430,3.175,563.215
4927.4,67.42,0.0,75.0,0.3,6,21.409,3.141,565.023
4927.4,66.27,0.0,75.0,0.2,6,18.420,3.089,567.700
4927.4,65.50,0.0,75.0,0.1,0,16.457,3.055,569.460
4940.8,64.37,0.0,37.5,-0.0,5,13.556,3.005,572.064
4940.8,64.10,63.9,75.0,-0.1,5,11.646,2.973,573.779
4940.8,63.21,0.0,75.0,0.1,5,8.803,2.927,576.335
4940.8,62.45,0.0,75.0,0.6,5,6.934,2.896,578.017
4953.5,60.32,0.0,75.0,-1.2,5,0.554,2.796,583.763
4953.5,59.55,32.5,75.0,-1.1,5,-2.117,2.748,586.167
4965.6,58.95,0.0,75.0,-0.8,5,-3.882,2.718,587.752
4965.6,58.18,32.8,75.0,0.3,5,-6.498,2.674,590.095
4965.6,57.60,0.0,75.0,0.8,5,-8.227,2.646,591.639
4965.6,56.84,33.2,75.0,0.3,5,-10.786,2.603,593.923
4977.2,55.89,0.0,75.0,-0.5,0,-13.314,2.562,596.177
4977.2,55.16,32.4,75.0,-0.7,0,-14.973,2.535,597.655
4977.2,54.06,0.0,37.5,-0.9,4,-17.421,2.497,599.836
4977.2,53.84,61.0,75.0,-0.9,4,-19.032,2.474,601.269
4988.2,53.03,0.0,75.0,-0.4,4,-21.433,2.438,603.398
4988.2,52.45,39.4,75.0,-0.9,4,-23.012,2.412,604.795
4988.2,51.73,0.0,75.0,-1.1,4,-25.359,2.373,606.866
4988.2,51.00,0.0,37.5,-1.4,4,-26.903,2.347,608.224
4998.6,50.41,45.4,75.0,-0.7,4,-29.191,2.310,610.231
4998.6,49.72,0.0,75.0,-0.2,4,-30.700,2.286,611.549
4998.6,48.99,33.5,75.0,-0.1,4,-32.931,2.250,613.493
4998.6,48.46,0.0,75.0,-0.5,4,-34.404,2.228,614.772
5008.5,47.55,39.2,12.5,-1.5,4,-36.579,2.196,616.657
5008.5,47.61,69.6,0.0,-2.0,4,-38.018,2.175,617.900
5008.5,47.87,69.6,0.0,-1.9,4,-40.190,2.143,619.766
5008.5,48.05,69.6,0.0,-2.2,4,-41.648,2.120,621.012
5018.1,48.32,69.6,0.0,-2.0,4,-43.852,2.085,622.882
5018.1,48.58,69.5,0.0,-2.6,4,-46.076,2.051,624.753
5018.1,48.76,69.6,0.0,-2.7,4,-47.569,2.028,626.001
5027.8,48.96,49.3,0.0,-2.4,4,-49.826,1.991,627.872
5027.8,49.01,29.4,3.9,-3.3,4,-51.340,1.967,629.117
5027.8,48.74,0.0,39.4,-5.5,4,-53.616,1.932,630.970
5027.8,48.31,0.0,48.1,-6.2,4,-55.129,1.908,632.188
5037.5,47.53,0.0,58.3,-4.8,4,-57.383,1.874,633.977
5037.5,46.95,0.0,61.4,-4.2,4,-58.872,1.852,635.142
5037.5,46.04,0.0,64.1,-3.9,4,-61.085,1.819,636.844
5037.5,45.42,35.8,65.2,-5.0,0,-62.544,1.797,637.949
5046.6,44.50,0.0,57.5,-6.6,3,-64.711,1.764,639.559
5046.6,43.93,0.0,52.5,-7.3,3,-66.142,1.743,640.599
5046.6,43.15,0.0,46.6,-8.0,3,-68.274,1.712,642.111
5046.6,42.68,0.0,44.4,-8.0,3,-69.687,1.692,643.087
5055.2,42.00,0.0,42.2,-8.1,3,-71.797,1.661,644.502
5055.2,41.55,0.0,41.6,-8.2,3,-73.198,1.640,645.414
5055.2,40.90,0.0,41.1,-8.3,3,-75.292,1.610,646.734
5055.2,40.48,0.0,38.9,-8.7,3,-76.682,1.591,647.582
5063.3,39.87,0.0,36.4,-9.1,3,-78.759,1.562,648.808
5063.3,39.49,0.0,17.8,-9.6,3,-80.138,1.543,649.594
5063.3,39.24,1.9,1.8,-10.1,3,-82.207,1.515,650.729
5063.3,39.06,0.0,6.0,-10.8,3,-84.288,1.488,651.820
5070.9,38.93,0.0,8.8,-11.3,3,-85.681,1.469,652.523
5070.9,38.68,0.0,11.5,-12.6,3,-87.775,1.441,653.541
5070.9,38.50,0.0,16.0,-12.5,3,-89.174,1.422,654.195
5070.9,38.11,0.0,30.1,-12.3,3,-91.273,1.393,655.136
5078.5,37.78,0.0,30.2,-12.1,3,-92.668,1.374,655.734
5078.5,37.19,0.0,38.7,-11.5,3,-94.751,1.346,656.588
5078.5,36.81,36.2,29.2,-11.1,0,-96.130,1.328,657.127
5078.5,36.37,0.0,19.2,-10.9,2,-98.189,1.303,657.890
5085.8,36.12,0.0,14.0,-11.3,2,-99.557,1.286,658.370
5085.8,35.83,0.0,10.2,-12.9,2,-101.607,1.260,659.047
5085.8,35.65,0.0,8.2,-14.1,2,-102.972,1.243,659.472
5085.8,35.43,0.0,5.8,-15.2,2,-105.019,1.217,660.068
5093.0,35.29,0.0,6.0,-15.6,2,-106.384,1.200,660.439
5093.0,35.08,0.0,4.7,-15.9,2,-108.432,1.176,660.955
5093.0,34.96,0.0,4.6,-15.9,2,-109.796,1.159,661.272
5093.0,34.76,0.0,5.7,-15.9,2,-111.843,1.134,661.706
5100.2,34.63,0.0,4.2,-15.7,2,-113.206,1.117,661.967
5100.2,34.45,0.0,4.8,-15.7,2,-115.249,1.093,662.317
5100.2,34.32,0.0,5.4,-16.2,2,-116.609,1.077,662.522
5100.2,34.13,0.0,4.0,-16.2,2,-118.645,1.055,662.790
5107.2,33.94,0.0,5.1,-15.9,2,-120.676,1.031,663.007
5107.2,33.82,0.0,4.6,-15.7,2,-122.026,1.017,663.125
5107.2,33.63,0.0,4.5,-15.6,2,-124.045,0.997,663.260
5107.2,33.51,0.0,2.4,-15.9,2,-125.387,0.984,663.323
5114.1,33.44,27.0,0.0,-16.7,2,-127.393,0.966,663.378
5114.1,33.56,44.4,0.0,-17.4,2,-128.732,0.954,663.389
5114.1,33.80,52.1,0.0,-19.4,2,-130.752,0.936,663.368
5114.1,34.03,65.7,0.0,-20.5,2,-132.107,0.924,663.328
5121.2,34.41,61.9,0.0,-20.8,2,-134.157,0.906,663.227
5121.2,34.66,68.2,0.0,-21.0,2,-135.535,0.893,663.131
5121.2,35.07,68.9,0.0,-21.8,2,-137.617,0.876,662.941
5121.2,35.34,69.7,0.0,-22.5,2,-139.016,0.865,662.784
5128.4,35.75,71.2,0.0,-22.7,2,-141.128,0.848,662.499
5128.4,36.02,73.2,0.0,-22.3,2,-142.545,0.836,662.275
5128.4,36.44,71.4,0.0,-22.3,2,-144.684,0.818,661.887
5128.4,36.70,70.2,0.0,-22.0,2,-146.115,0.807,661.591
5136.2,37.02,50.2,0.0,-22.8,2,-148.270,0.791,661.092
5136.2,37.12,36.9,0.0,-24.3,2,-149.706,0.780,660.721
5136.2,37.19,28.8,0.0,-27.0,2,-151.849,0.764,660.108
5136.2,37.17,14.6,0.0,-29.6,2,-153.975,0.748,659.430
5143.9,37.08,7.8,0.0,-30.9,2,-155.378,0.738,658.943
5143.9,36.94,6.7,0.0,-31.5,2,-157.456,0.723,658.160
5143.9,36.83,3.5,0.4,-30.8,2,-158.823,0.713,657.604
5143.9,36.64,4.6,0.0,-28.8,2,-160.841,0.700,656.718
5152.0,36.53,3.7,0.0,-26.9,2,-162.164,0.691,656.093
5152.0,36.33,3.9,0.2,-24.2,2,-164.112,0.681,655.101
5152.0,36.22,7.6,0.0,-22.9,2,-165.386,0.676,654.406
5152.0,36.06,1.8,0.0,-21.4,2,-167.260,0.669,653.312
5160.1,35.96,12.4,0.0,-20.6,2,-168.483,0.665,652.552
5160.1,35.88,14.5,0.0,-19.4,2,-170.279,0.661,651.362
5160.1,35.82,15.3,0.0,-20.1,2,-171.453,0.658,650.538
5160.1,35.79,23.4,0.0,-23.1,2,-173.175,0.657,649.255
5167.8,35.79,23.1,0.0,-25.8,2,-174.300,0.656,648.369
5167.8,35.80,32.9,0.0,-30.1,2,-175.949,0.657,646.995
5167.8,35.84,38.2,0.0,-32.1,2,-177.025,0.659,646.049
5167.8,36.00,43.1,0.0,-34.1,2,-178.606,0.662,644.585
5175.8,36.17,47.8,0.0,-35.7,2,-180.149,0.666,643.066
5175.8,36.31,52.2,0.0,-37.6,2,-181.156,0.669,642.024
5175.8,36.53,55.9,0.0,-39.5,2,-182.632,0.674,640.414
5175.8,36.68,51.2,0.0,-38.5,2,-183.593,0.678,639.309
5183.4,36.84,48.3,0.0,-35.2,2,-184.994,0.686,637.606
5183.4,36.98,56.7,0.0,-33.1,2,-185.899,0.692,636.441
5183.4,37.29,76.6,0.0,-30.8,2,-187.218,0.703,634.647
5183.4,37.52,60.2,0.0,-29.8,2,-188.073,0.710,633.420
5191.2,37.61,17.8,5.5,-28.4,2,-189.315,0.720,631.537
5191.2,37.46,0.7,7.5,-27.4,2,-190.106,0.727,630.260
5191.2,37.26,0.0,1.2,-26.7,2,-190.864,0.735,628.971
5191.2,37.11,28.3,0.0,-25.0,2,-191.939,0.749,627.018
5198.5,37.20,47.6,0.0,-23.6,2,-192.950,0.760,625.032
5198.5,37.33,54.2,0.0,-22.8,2,-193.591,0.767,623.687
5198.5,37.52,48.3,0.0,-20.0,2,-194.507,0.775,621.636
5205.6,37.67,46.0,0.0,-15.7,2,-195.364,0.780,619.550
5205.6,37.79,48.3,0.0,-12.8,2,-195.903,0.782,618.141
5205.6,37.95,48.5,0.0,-10.5,2,-196.662,0.782,615.999
5205.6,38.09,53.3,0.0,-9.6,2,-197.134,0.782,614.554
5212.9,38.32,59.6,0.0,-10.1,2,-197.791,0.782,612.359
5212.9,38.49,59.3,0.0,-11.3,2,-198.193,0.782,610.877
5212.9,38.79,68.5,0.0,-12.6,2,-198.745,0.784,608.626
5212.9,39.03,71.6,0.0,-13.9,2,-199.079,0.785,607.106
5220.5,39.37,75.3,0.0,-15.2,2,-199.529,0.787,604.799
5220.5,39.65,72.4,0.0,-14.0,2,-199.797,0.788,603.242
5220.5,40.05,85.2,0.0,-13.9,2,-200.148,0.792,600.879
5220.5,40.50,85.6,0.0,-10.5,2,-200.440,0.797,598.481
5228.5,40.79,86.2,0.0,-7.3,2,-200.603,0.802,596.863
5228.5,41.24,86.0,0.0,-1.6,2,-200.799,0.810,594.411
5228.5,41.56,85.7,0.0,1.3,2,-200.899,0.817,592.759
5228.5,42.04,86.0,0.0,3.8,2,-201.008,0.830,590.254
5236.8,42.22,31.5,20.1,4.3,2,-201.057,0.840,588.569
5236.8,41.78,0.0,43.3,3.5,2,-201.113,0.857,586.045
5236.8,41.32,0.0,59.5,3.9,2,-201.148,0.868,584.382
5236.8,40.38,0.0,73.4,5.1,2,-201.207,0.884,581.929
5245.1,39.69,0.0,70.8,6.3,2,-201.255,0.894,580.327
5245.1,38.70,0.0,57.6,8.5,2,-201.344,0.911,577.976
5245.1,38.14,0.0,51.4,9.9,2,-201.416,0.922,576.440
5245.1,37.39,0.0,38.2,11.8,2,-201.552,0.939,574.178
5252.8,36.99,0.0,30.6,12.7,2,-201.663,0.951,572.694
5252.8,36.49,0.0,22.5,14.2,2,-201.862,0.967,570.498
5252.8,36.21,0.0,16.8,15.5,2,-202.019,0.977,569.053
5252.8,35.87,0.0,10.1,17.1,2,-202.293,0.990,566.907
5260.3,35.59,0.0,9.5,18.9,2,-202.618,1.003,564.788
5260.3,35.41,0.0,9.7,18.6,2,-202.865,1.012,563.390
5260.3,35.13,0.0,10.1,16.8,2,-203.280,1.026,561.314
5260.3,34.95,0.0,9.8,16.1,2,-203.586,1.036,559.945
5267.6,34.77,0.0,9.2,16.0,2,-203.913,1.045,558.590
5267.6,34.48,0.0,27.9,16.3,2,-204.448,1.061,556.582
5267.6,33.93,0.0,38.6,17.0,2,-205.030,1.079,554.611
5267.6,33.52,0.0,32.6,17.3,2,-205.438,1.091,553.325
5275.2,32.82,0.0,50.2,17.1,2,-206.082,1.108,551.439
5275.2,32.33,0.0,40.3,16.4,2,-206.530,1.120,550.214
5275.2,31.72,0.0,29.7,15.4,2,-207.231,1.139,548.425
5275.2,31.38,0.0,22.3,14.5,2,-207.719,1.152,547.261
5282.2,30.99,0.0,13.6,14.9,2,-208.485,1.173,545.554
5282.2,30.79,0.0,13.8,16.6,2,-209.018,1.186,544.439
5282.2,30.48,0.0,15.3,19.4,2,-209.850,1.208,542.799
5282.2,30.27,0.0,15.5,21.3,2,-210.424,1.222,541.728
5289.7,29.94,0.0,14.0,25.2,2,-211.313,1.242,540.156
5289.7,29.64,0.0,9.5,25.3,2,-212.239,1.261,538.627
5289.7,29.47,0.0,7.6,25.1,0,-212.877,1.273,537.631
5289.7,29.28,0.0,6.6,27.1,1,-213.869,1.292,536.174
5296.3,29.12,0.0,4.2,27.5,1,-214.553,1.304,535.226
5296.3,28.92,0.0,1.8,28.4,1,-215.612,1.321,533.844
5296.3,28.79,0.0,0.6,29.7,1,-216.340,1.332,532.949
5296.3,28.61,1.3,0.0,31.7,1,-217.467,1.348,531.646
5302.6,28.51,4.3,0.0,33.3,1,-218.240,1.358,530.805
5302.6,28.37,6.1,0.0,35.2,1,-219.432,1.373,529.585
5302.6,28.29,8.7,0.0,36.9,1,-220.249,1.381,528.799
5302.6,28.20,13.4,0.0,39.5,1,-221.507,1.394,527.664
5308.7,28.17,15.1,0.0,41.2,1,-222.368,1.402,526.935
5308.7,28.12,18.7,0.0,43.5,1,-223.692,1.414,525.887
5308.7,28.13,23.5,0.0,45.1,1,-224.595,1.421,525.218
5308.7,28.17,28.7,0.0,47.6,1,-225.984,1.431,524.257
5314.9,28.24,27.8,0.0,50.4,1,-227.412,1.440,523.349
5314.9,28.28,26.0,0.0,53.0,1,-228.384,1.445,522.773
5314.9,28.30,23.2,0.0,57.7,1,-229.872,1.452,521.955
5314.9,28.28,19.4,0.0,60.8,1,-230.880,1.456,521.442
5320.8,28.24,18.1,0.0,65.1,1,-232.416,1.461,520.722
5320.8,28.20,16.7,0.0,68.0,1,-233.453,1.464,520.276
5320.8,28.12,14.7,0.0,71.8,1,-235.026,1.468,519.659
5320.8,28.05,13.4,0.0,74.2,1,-236.085,1.470,519.283
5326.6,27.93,12.1,0.0,77.0,1,-237.685,1.473,518.774
5326.6,27.84,11.6,0.0,78.3,1,-238.759,1.474,518.471
5326.6,27.70,10.9,0.0,79.9,1,-240.377,1.475,518.073
5326.6,27.60,10.7,0.0,81.0,1,-241.459,1.475,517.845
5332.4,27.45,10.5,0.0,80.0,1,-243.086,1.475,517.559
5332.4,27.35,10.5,0.0,80.8,1,-244.171,1.474,517.406
5332.4,27.21,10.4,0.0,79.3,1,-245.799,1.472,517.234
5332.4,27.11,10.3,0.0,78.6,1,-246.882,1.470,517.157
5338.0,26.96,10.6,0.0,78.3,1,-248.504,1.466,517.098
5338.0,26.83,10.6,0.0,76.0,1,-250.117,1.462,517.106
5338.0,26.74,10.9,0.0,74.4,1,-251.188,1.458,517.148
5343.6,26.62,11.9,0.0,71.1,1,-252.784,1.452,517.266
5343.6,26.55,13.3,0.0,68.3,1,-253.842,1.448,517.382
5343.6,26.47,16.4,0.0,63.5,1,-255.416,1.441,517.608
5343.6,26.44,19.8,0.0,59.8,1,-256.457,1.435,517.795
5349.1,26.48,28.9,0.0,54.3,1,-258.009,1.426,518.128
5349.1,26.56,37.1,0.0,50.7,1,-259.038,1.420,518.385
5349.1,26.81,53.8,0.0,44.9,1,-260.576,1.408,518.821
5349.1,27.05,61.3,0.0,40.6,1,-261.603,1.400,519.147
5354.9,27.37,45.5,0.0,32.4,1,-263.143,1.386,519.688
5354.9,27.55,43.4,0.0,26.8,1,-264.167,1.376,520.084
5354.9,27.84,51.4,0.0,20.2,1,-265.696,1.360,520.731
5354.9,28.08,50.7,0.0,17.9,1,-266.712,1.349,521.197
5360.7,28.45,55.9,0.0,18.7,1,-268.232,1.332,521.947
5360.7,28.70,54.4,0.0,21.2,1,-269.242,1.320,522.481
5360.7,29.07,54.3,0.0,25.5,1,-270.751,1.302,523.332
5360.7,29.45,53.5,0.0,30.1,1,-272.252,1.284,524.240
5366.8,29.68,53.1,0.0,33.0,1,-273.248,1.271,524.877
5366.8,30.02,55.3,0.0,35.2,1,-274.731,1.251,525.879
5366.8,30.24,56.8,0.0,34.6,1,-275.711,1.237,526.579
5366.8,30.61,57.7,0.0,32.6,1,-277.167,1.215,527.679
5373.1,30.86,60.1,0.0,31.3,1,-278.126,1.201,528.447
5373.1,31.25,63.0,0.0,33.0,1,-279.548,1.179,529.650
5373.1,31.51,57.9,0.0,30.2,1,-280.482,1.164,530.487
5373.1,31.86,60.0,0.0,29.9,1,-281.861,1.140,531.794
5380.2,32.09,59.5,0.0,30.1,1,-282.764,1.124,532.700
5380.2,32.39,52.0,0.0,29.3,1,-284.087,1.099,534.109
5380.2,32.57,52.9,0.0,28.4,1,-284.947,1.082,535.082
5380.2,32.87,57.9,0.0,28.3,1,-286.201,1.059,536.592
5387.2,33.08,57.4,0.0,28.6,1,-287.013,1.043,537.631
5387.2,33.39,61.1,0.0,29.4,1,-288.193,1.020,539.237
5387.2,33.60,60.7,0.0,29.9,1,-288.954,1.004,540.339
5387.2,33.93,61.4,0.0,30.9,1,-290.057,0.980,542.038
5395.0,34.24,57.7,0.0,33.1,1,-291.112,0.956,543.789
5395.0,34.42,60.0,0.0,33.1,1,-291.787,0.939,544.985
5395.0,34.72,57.9,0.0,32.7,1,-292.752,0.916,546.820
5395.0,34.92,65.1,0.0,32.6,0,-293.364,0.901,548.071
5402.5,34.88,60.9,0.0,32.6,2,-294.231,0.880,549.978
5402.5,35.05,63.5,0.0,32.5,2,-294.771,0.865,551.267
5402.5,35.31,51.8,0.0,31.6,2,-295.534,0.843,553.234
5402.5,35.47,59.2,0.0,32.9,2,-296.007,0.827,554.568
5410.8,35.71,56.2,0.0,32.0,2,-296.660,0.806,556.601
5410.8,35.86,51.0,0.0,29.3,2,-297.057,0.793,557.976
5410.8,36.17,72.3,0.0,25.4,2,-297.594,0.776,560.068
5410.8,36.43,68.6,0.0,23.0,2,-297.917,0.764,561.483
5418.5,36.81,79.5,0.0,17.7,2,-298.348,0.746,563.636
5418.5,37.20,71.6,0.0,11.3,2,-298.716,0.729,565.826
5418.5,37.49,84.2,0.0,8.2,2,-298.924,0.719,567.304
5418.5,38.02,84.0,0.0,5.3,2,-299.187,0.705,569.552
5426.8,38.35,84.9,0.0,6.1,2,-299.332,0.697,571.072
5426.8,38.88,85.0,0.0,8.1,2,-299.506,0.686,573.381
5426.8,39.23,85.0,0.0,10.2,2,-299.595,0.679,574.940
5426.8,39.74,85.2,0.0,13.1,2,-299.690,0.673,577.306
5435.0,40.07,85.3,0.0,14.2,2,-299.730,0.670,578.901
5435.0,40.54,84.9,0.0,14.7,2,-299.750,0.667,581.319
5435.0,40.85,84.1,0.0,14.3,2,-299.736,0.665,582.946
5435.0,41.30,82.3,0.0,12.9,2,-299.672,0.662,585.409
5443.0,41.59,83.0,0.0,12.4,2,-299.598,0.659,587.064
5443.0,42.03,85.2,0.0,12.2,2,-299.438,0.653,589.567
5443.0,42.32,86.2,0.0,12.9,2,-299.298,0.649,591.247
5443.0,42.75,85.8,0.0,14.2,0,-299.037,0.641,593.785
5451.3,42.74,83.9,0.0,14.7,3,-298.712,0.631,596.330
5451.3,43.02,84.1,0.0,15.7,3,-298.461,0.623,598.026
5451.3,43.43,84.2,0.0,15.8,3,-298.030,0.611,600.582
5451.3,43.70,84.3,0.0,16.4,3,-297.709,0.602,602.294
5459.6,44.10,84.4,0.0,18.4,3,-297.176,0.584,604.872
5459.6,44.37,84.5,0.0,18.2,3,-296.784,0.570,606.597
5459.6,44.75,84.6,0.0,17.1,3,-296.138,0.550,609.190
5459.6,45.02,84.7,0.0,14.8,3,-295.668,0.537,610.922
5468.4,45.41,84.8,0.0,13.5,3,-294.907,0.512,613.525
5468.4,45.66,84.9,0.0,11.1,3,-294.363,0.494,615.262
5468.4,46.05,85.0,0.0,5.8,3,-293.489,0.464,617.870
5468.4,46.31,85.0,0.0,2.7,3,-292.870,0.442,619.610
5477.4,46.72,85.1,0.0,1.2,3,-291.891,0.407,622.223
5477.4,47.00,85.0,0.0,2.1,3,-291.208,0.381,623.968
5477.4,47.44,85.1,0.0,3.3,3,-290.145,0.343,626.593
5477.4,47.69,85.2,0.0,4.2,3,-289.413,0.320,628.348
5486.8,48.09,85.2,0.0,5.0,3,-288.286,0.283,630.990
5486.8,48.33,85.8,0.0,4.8,0,-287.130,0.238,633.642
5486.8,48.41,0.0,0.0,2.7,0,-286.348,0.196,635.412
5496.3,48.62,82.4,0.0,1.9,4,-285.150,0.133,638.060
5496.3,48.82,83.3,0.0,3.2,4,-284.330,0.100,639.827
5496.3,49.21,83.3,0.0,4.2,4,-283.076,0.053,642.485
5496.3,49.44,83.4,0.0,5.0,4,-282.223,0.024,644.264
5506.1,49.78,83.6,0.0,4.5,4,-280.919,-0.020,646.938
5506.1,50.02,83.6,0.0,4.2,4,-280.032,-0.049,648.725
5506.1,50.35,83.7,0.0,3.4,4,-278.677,-0.094,651.413
5506.1,50.59,83.7,0.0,3.3,4,-277.757,-0.122,653.209
5516.1,50.91,84.0,0.0,2.6,4,-276.354,-0.163,655.911
5516.1,51.21,83.9,0.0,2.5,4,-275.401,-0.188,657.717
5516.1,51.53,84.0,0.0,3.2,4,-273.943,-0.213,660.431
5516.1,51.73,84.0,0.0,4.1,4,-272.954,-0.225,662.243
5526.4,52.04,84.1,0.0,5.0,4,-271.442,-0.237,664.964
5526.4,52.24,84.3,0.0,5.9,4,-270.418,-0.246,666.780
5526.4,52.59,84.3,0.0,4.7,4,-268.853,-0.266,669.508
5526.4,52.91,84.3,0.0,4.7,4,-267.248,-0.284,672.235
5536.9,53.14,84.3,0.0,3.9,4,-266.156,-0.296,674.053
5536.9,53.46,84.4,0.0,4.0,4,-264.486,-0.313,676.779
5536.9,53.68,84.4,0.0,4.0,4,-263.352,-0.323,678.597
5536.9,54.00,84.5,0.0,4.9,4,-261.624,-0.337,681.325
5547.6,54.21,84.5,0.0,5.3,4,-260.452,-0.344,683.145
5547.6,54.53,84.6,0.0,4.8,4,-258.666,-0.353,685.874
5547.6,54.74,84.6,0.0,3.6,4,-257.456,-0.357,687.693
5547.6,55.05,84.7,0.0,2.6,4,-255.613,-0.362,690.421
5558.5,55.26,84.7,0.0,2.1,4,-254.366,-0.365,692.241
5558.5,55.57,84.8,0.0,1.8,4,-252.473,-0.369,694.974
5558.5,55.78,84.8,0.0,1.3,4,-251.197,-0.373,696.799
5558.5,56.09,84.9,0.0,1.7,4,-249.264,-0.379,699.542
5569.5,56.30,84.9,0.0,2.0,4,-247.963,-0.384,701.374
5569.5,56.60,84.9,0.0,2.6,4,-245.994,-0.392,704.129
5569.5,56.80,85.0,0.0,2.8,4,-244.668,-0.398,705.968
5569.5,57.10,85.1,0.0,3.0,4,-242.657,-0.406,708.731
5580.8,57.39,85.1,0.0,3.3,4,-240.620,-0.413,711.495
5580.8,57.59,85.1,0.0,3.6,4,-239.245,-0.417,713.338
5580.8,57.88,85.2,0.0,3.9,4,-237.158,-0.422,716.102
5580.8,58.07,85.2,0.0,4.1,4,-235.749,-0.425,717.944
5592.3,58.36,85.3,0.0,4.4,4,-233.608,-0.427,720.702
5592.3,58.92,85.4,0.0,4.8,4,-229.221,-0.430,726.202
5604.0,59.19,85.4,0.0,4.8,4,-226.973,-0.430,728.940
5604.0,59.37,85.5,0.0,4.9,4,-225.453,-0.429,730.760
5604.0,59.64,85.5,0.0,5.1,4,-223.142,-0.426,733.480
5604.0,59.90,85.5,0.0,5.0,4,-220.792,-0.420,736.188
5616.1,60.07,85.6,0.0,5.1,4,-219.203,-0.415,737.986
5616.1,60.33,85.6,0.0,5.1,4,-216.788,-0.403,740.671
5616.1,60.50,85.6,0.0,5.0,4,-215.156,-0.393,742.452
5616.1,60.75,85.6,0.0,4.9,4,-212.676,-0.374,745.113
5628.4,60.92,85.7,0.0,4.9,4,-211.001,-0.361,746.878
5628.4,61.17,85.7,0.0,4.6,4,-208.457,-0.340,749.512
5628.4,61.33,85.7,0.0,4.3,4,-206.740,-0.324,751.260
5628.4,61.57,85.8,0.0,4.1,4,-204.134,-0.298,753.867
5640.9,61.74,85.8,0.0,4.2,4,-202.376,-0.279,755.596
5640.9,61.98,85.8,0.0,4.6,4,-199.711,-0.251,758.178
5640.9,62.14,85.8,0.0,4.8,4,-197.915,-0.234,759.891
5640.9,62.27,0.0,0.0,4.7,0,-195.193,-0.210,762.447
5653.5,62.22,84.4,0.0,4.5,5,-193.364,-0.196,764.136
5653.5,62.45,84.4,0.0,4.4,5,-190.598,-0.180,766.652
5653.5,62.67,84.5,0.0,4.4,5,-187.796,-0.172,769.150
5653.5,62.82,84.5,0.0,4.7,5,-185.909,-0.169,770.804
5666.3,63.04,84.6,0.0,4.9,5,-183.050,-0.164,773.268
5666.3,63.18,84.6,0.0,4.8,5,-181.123,-0.160,774.899
5666.3,63.40,84.7,0.0,5.1,5,-178.204,-0.152,777.327
5666.3,63.55,84.7,0.0,5.3,5,-176.238,-0.148,778.934
5679.2,63.77,84.7,0.0,5.3,5,-173.261,-0.144,781.325
5679.2,63.91,84.7,0.0,5.6,5,-171.255,-0.143,782.905
5679.2,64.12,84.8,0.0,6.1,5,-168.216,-0.145,785.253
5679.2,64.33,84.8,0.0,6.3,5,-165.139,-0.149,787.571
5692.3,64.45,84.8,0.0,6.3,5,-163.065,-0.148,789.099
5692.3,64.67,84.8,0.0,6.0,5,-159.921,-0.146,791.361
5692.3,64.80,84.9,0.0,6.4,5,-157.803,-0.144,792.850
5692.3,65.00,84.9,0.0,6.0,5,-154.593,-0.143,795.055
5705.5,65.13,84.9,0.0,5.8,5,-152.432,-0.143,796.504
5705.5,65.33,84.9,0.0,5.4,5,-149.156,-0.139,798.646
5705.5,65.46,85.0,0.0,5.4,5,-146.951,-0.134,800.053
5705.5,65.67,85.0,0.0,6.2,5,-143.613,-0.126,802.134
5718.8,65.80,85.0,0.0,6.6,5,-141.369,-0.123,803.502
5718.8,65.99,85.0,0.0,7.1,5,-137.973,-0.121,805.526
5718.8,66.11,85.1,0.0,6.8,5,-135.688,-0.120,806.853
5718.8,66.31,85.1,0.0,6.2,5,-132.231,-0.116,808.809
5732.3,66.43,85.2,0.0,6.7,5,-129.906,-0.115,810.089
5732.3,66.61,85.2,0.0,6.6,5,-126.388,-0.115,811.973
5732.3,66.80,85.2,0.0,6.7,5,-122.832,-0.112,813.809
5732.3,66.90,85.3,0.0,7.2,5,-120.442,-0.110,815.008
5745.9,67.09,85.2,0.0,6.9,5,-116.827,-0.107,816.765
5745.9,67.20,85.3,0.0,7.3,5,-114.397,-0.104,817.909
5745.9,67.39,85.3,0.0,7.4,5,-110.724,-0.102,819.584
5745.9,67.50,85.3,0.0,7.6,5,-108.255,-0.100,820.672
5759.5,67.67,85.3,0.0,7.6,5,-104.524,-0.094,822.259
5759.5,67.78,85.3,0.0,7.4,5,-102.018,-0.089,823.287
5759.5,67.95,85.4,0.0,7.3,5,-98.231,-0.083,824.784
5759.5,68.07,85.4,0.0,7.1,5,-95.689,-0.079,825.751
5773.1,68.23,85.4,0.0,7.4,5,-91.849,-0.072,827.155
5773.1,68.34,85.4,0.0,7.6,5,-89.272,-0.068,828.061
5773.1,68.50,85.5,0.0,7.1,5,-85.382,-0.064,829.371
5773.1,68.61,85.5,0.0,6.9,5,-82.772,-0.060,830.212
5786.7,68.77,85.5,0.0,6.7,5,-78.834,-0.053,831.424
5786.7,68.93,85.5,0.0,6.7,5,-74.868,-0.046,832.578
5786.7,69.03,85.5,0.0,6.7,5,-72.209,-0.041,833.316
5800.4,69.19,85.5,0.0,6.9,5,-68.200,-0.034,834.374
5800.4,69.29,85.5,0.0,5.3,5,-65.514,-0.028,835.046
5800.4,69.46,85.6,0.0,4.6,5,-61.465,-0.018,836.010
5800.4,69.56,85.6,0.0,4.0,5,-58.753,-0.011,836.622
5814.2,69.73,85.6,0.0,3.7,5,-54.668,0.004,837.500
5814.2,69.83,85.6,0.0,3.7,5,-51.934,0.015,838.060
5814.2,70.00,85.6,0.0,3.7,5,-47.818,0.034,838.866
5814.2,70.11,85.6,0.0,3.7,5,-45.064,0.049,839.384
5828.1,70.26,85.7,0.0,4.0,5,-40.920,0.073,840.130
5828.1,70.37,85.7,0.0,3.9,5,-38.149,0.088,840.609
5828.1,70.53,85.7,0.0,3.9,5,-33.978,0.110,841.297
5828.1,70.64,85.7,0.0,3.6,5,-31.189,0.126,841.735
5842.2,70.80,85.7,0.0,3.4,5,-26.993,0.151,842.361
5842.2,70.94,85.7,0.0,3.0,5,-22.783,0.180,842.952
5842.2,71.04,85.8,0.0,2.7,5,-19.968,0.201,843.327
5842.2,71.21,85.8,0.0,1.0,5,-15.735,0.229,843.864
5856.4,71.31,85.8,0.0,0.1,5,-12.906,0.246,844.207
5856.4,71.46,85.8,0.0,0.1,5,-8.653,0.274,844.707
5856.4,71.56,85.8,0.0,0.3,5,-5.811,0.293,845.034
5856.4,71.72,85.8,0.0,0.0,5,-1.541,0.323,845.520
1.5,71.82,85.8,0.0,-0.2,5,1.311,0.342,845.843
