opponent,v3,Mike Conway,0,1771612734286
Game,version,date,track,car,event,laptime [s],S1 [s],S2 [s],S3 [s],S4+ [s]
LMU,1.2,2026-02-20 18:38:54,Silverstone Grand Prix Circuit - ELMS,Toyota Gazoo Racing 2025 #7:LM (Hyper),Live,109.821,0,0,0
Tracklen [m],TotalLaps
5869.1,4
,
,
lapdistance [m],speed [m/s],throttle [%],brake [%],steer [%],gear [int],world_x [m],world_y [m],world_z [m]
66.3,73.43,60.5,0.0,0.1,6,65.748,0.822,852.593
95.8,74.81,60.7,0.0,0.2,6,107.015,1.159,857.035
110.7,74.90,60.8,0.0,0.3,6,109.992,1.180,857.352
110.7,75.04,60.8,0.0,0.3,6,114.465,1.213,857.827
110.7,75.18,60.5,0.0,0.2,6,118.946,1.246,858.301
110.7,75.27,59.5,0.0,0.2,6,121.939,1.266,858.614
125.7,75.39,56.0,0.0,0.2,6,126.434,1.291,859.082
125.7,75.45,53.7,0.0,0.2,6,129.435,1.306,859.392
125.7,75.53,50.9,0.0,0.2,6,133.940,1.330,859.855
125.7,75.59,54.3,0.0,0.1,6,136.947,1.348,860.161
140.9,75.67,49.6,0.0,0.1,6,141.461,1.384,860.619
140.9,75.71,46.0,0.0,0.1,6,144.473,1.406,860.922
140.9,75.74,39.4,0.0,0.2,6,148.994,1.434,861.374
140.9,75.74,35.4,0.0,0.2,6,152.009,1.452,861.674
156.0,75.62,4.8,1.6,0.2,6,156.528,1.478,862.121
156.0,75.50,16.2,0.0,0.2,6,159.536,1.494,862.417
156.0,75.48,44.1,0.0,0.2,6,164.043,1.521,862.858
156.0,75.53,51.1,0.0,0.1,6,167.049,1.541,863.151
171.1,75.63,54.5,0.0,-0.0,6,171.562,1.571,863.587
171.1,75.70,58.0,0.0,-0.1,6,174.575,1.592,863.877
171.1,75.82,59.0,0.0,-0.1,6,179.099,1.622,864.311
171.1,75.93,56.8,0.0,-0.3,6,183.631,1.651,864.745
186.2,76.00,56.5,0.0,-0.3,6,186.655,1.669,865.035
186.2,76.11,59.5,0.0,-0.4,6,191.197,1.696,865.474
186.2,76.19,61.0,0.0,-0.4,6,194.228,1.716,865.770
186.2,76.31,57.5,0.0,-0.4,6,198.781,1.745,866.219
201.5,76.39,59.6,0.0,-0.2,6,201.820,1.762,866.523
201.5,76.50,57.5,0.0,-0.2,6,206.383,1.789,866.985
201.5,76.57,57.3,0.0,-0.1,6,209.428,1.804,867.297
201.5,76.67,58.0,0.0,0.0,6,214.001,1.828,867.770
216.8,76.75,59.2,0.0,0.2,6,217.053,1.848,868.088
216.8,76.86,60.3,0.0,0.4,6,221.636,1.881,868.568
216.8,76.88,30.4,41.8,0.4,6,224.694,1.902,868.887
216.8,76.11,0.0,82.4,0.5,6,229.264,1.934,869.362
232.1,74.86,0.0,91.3,0.5,6,233.773,1.966,869.826
232.1,73.98,0.0,91.1,0.4,6,236.736,1.990,870.127
232.1,72.67,0.0,91.0,0.2,6,241.116,2.024,870.566
232.1,71.85,0.0,95.9,1.6,6,243.994,2.042,870.850
246.8,70.52,0.0,90.7,0.3,6,248.248,2.064,871.258
246.8,69.64,0.0,45.3,1.6,6,251.041,2.079,871.518
246.8,68.62,18.7,91.2,0.9,6,255.177,2.101,871.888
246.8,67.80,0.0,95.6,2.4,6,257.897,2.115,872.121
260.7,66.51,0.0,89.6,0.7,6,261.916,2.137,872.445
260.7,65.65,0.0,89.2,-0.2,6,264.553,2.152,872.646
260.7,64.39,0.0,88.8,-0.1,6,268.447,2.173,872.923
260.7,63.56,0.0,88.4,0.4,6,271.002,2.186,873.093
273.7,62.32,0.0,87.9,1.4,0,274.773,2.203,873.327
273.7,61.50,32.1,87.5,2.1,0,277.247,2.212,873.468
273.7,60.28,0.0,85.7,3.1,5,280.899,2.225,873.654
285.9,59.10,0.0,72.6,3.4,5,284.479,2.239,873.805
285.9,58.41,0.0,61.5,3.4,5,286.829,2.247,873.882
285.9,57.56,0.0,25.8,0.8,5,290.307,2.257,873.959
285.9,57.26,0.0,6.2,-2.7,5,292.603,2.267,873.981
297.4,57.05,0.0,3.3,-3.1,5,296.033,2.282,873.980
297.4,56.92,0.0,1.0,-0.4,5,298.312,2.292,873.968
297.4,56.78,11.4,0.0,3.7,5,301.723,2.305,873.945
297.4,56.74,18.0,0.0,5.2,5,303.993,2.315,873.925
308.8,56.70,22.3,5.4,7.2,5,307.396,2.331,873.876
308.8,56.59,5.0,6.6,10.3,5,309.662,2.342,873.824
308.8,56.36,0.0,3.9,12.9,5,313.048,2.361,873.702
308.8,56.20,0.0,5.7,13.6,5,315.297,2.374,873.584
319.9,55.91,0.0,11.5,14.0,5,318.653,2.392,873.348
319.9,55.68,0.0,14.4,13.5,5,320.876,2.404,873.148
319.9,55.30,0.0,15.5,14.4,5,324.186,2.424,872.780
319.9,54.91,0.0,11.7,16.2,5,327.463,2.443,872.333
330.9,54.67,0.0,3.1,17.9,5,329.628,2.454,871.992
330.9,54.43,14.9,0.0,20.9,5,332.849,2.470,871.415
330.9,54.32,21.4,0.0,23.5,5,334.981,2.481,870.985
330.9,54.20,25.0,0.0,27.7,5,338.158,2.495,870.274
341.8,54.12,19.7,0.0,30.6,5,340.262,2.504,869.757
341.8,53.98,13.3,0.0,34.3,5,343.395,2.517,868.918
341.8,53.86,11.0,0.0,36.0,5,345.467,2.525,868.317
341.8,53.67,8.5,0.0,37.6,5,348.546,2.538,867.354
352.8,53.53,8.3,0.0,38.3,5,350.578,2.547,866.670
352.8,53.32,8.3,0.0,38.4,5,353.594,2.561,865.583
352.8,53.10,10.0,0.0,38.0,5,356.568,2.575,864.422
352.8,52.96,9.4,0.0,37.7,5,358.526,2.585,863.605
363.8,52.75,13.3,0.0,38.0,5,361.426,2.602,862.321
363.8,52.61,13.0,0.0,38.6,5,363.333,2.613,861.425
363.8,52.40,12.8,0.0,39.8,5,366.155,2.629,860.024
363.8,52.27,12.8,0.0,40.5,5,368.010,2.640,859.053
374.8,52.06,13.0,0.0,40.7,5,370.753,2.656,857.544
374.8,51.92,13.3,0.0,40.3,5,372.553,2.667,856.502
374.8,51.72,13.9,0.0,39.3,5,375.211,2.685,854.888
374.8,51.59,14.6,0.0,38.2,5,376.954,2.696,853.778
385.5,51.41,16.4,0.0,36.0,5,379.524,2.713,852.063
385.5,51.29,17.7,0.0,34.6,0,381.208,2.724,850.886
385.5,51.09,18.6,0.0,31.9,4,383.687,2.740,849.072
385.5,51.02,35.3,0.0,30.0,4,385.309,2.750,847.831
396.1,50.94,31.5,0.0,27.3,4,387.697,2.767,845.919
396.1,50.89,41.4,0.0,25.1,4,390.031,2.783,843.948
396.1,50.91,51.9,0.0,23.6,4,391.558,2.794,842.602
396.1,51.00,71.6,0.0,20.7,4,393.808,2.811,840.533
406.6,51.13,86.6,0.0,18.5,4,395.284,2.822,839.122
406.6,51.38,92.0,0.0,14.9,4,397.463,2.838,836.953
406.6,51.56,92.0,0.0,12.1,4,398.893,2.850,835.472
406.6,51.83,92.0,0.0,8.7,4,401.005,2.867,833.201
417.2,52.02,92.0,0.0,6.7,4,402.391,2.879,831.654
417.2,52.31,92.0,0.0,5.2,4,404.438,2.896,829.288
417.2,52.50,92.0,0.0,4.7,4,405.784,2.907,827.681
417.2,52.81,91.4,0.0,4.8,4,407.776,2.923,825.230
427.9,53.01,84.8,0.0,5.2,4,409.089,2.933,823.571
427.9,53.32,75.1,0.0,5.1,4,411.038,2.945,821.047
427.9,53.62,65.3,0.0,4.9,4,412.963,2.957,818.481
427.9,53.82,59.5,0.0,5.3,4,414.233,2.966,816.748
438.6,54.12,59.7,0.0,6.3,4,416.118,2.980,814.116
438.6,54.31,59.8,0.0,6.9,4,417.361,2.989,812.340
438.6,54.61,59.9,0.0,7.3,4,419.206,2.998,809.643
438.6,54.80,60.0,0.0,7.4,4,420.418,3.005,807.822
449.2,55.07,60.1,0.0,7.9,4,422.207,3.018,805.054
449.2,55.26,60.1,0.0,8.4,4,423.379,3.028,803.185
449.2,55.54,60.2,0.0,8.6,4,425.105,3.043,800.345
449.2,55.71,60.3,0.0,8.7,4,426.231,3.056,798.426
460.0,55.98,60.4,0.0,9.1,4,427.883,3.077,795.511
460.0,56.15,60.4,0.0,9.1,4,428.959,3.091,793.544
460.0,56.41,60.5,0.0,9.9,4,430.531,3.116,790.557
460.0,56.58,60.4,0.0,10.1,4,431.552,3.132,788.541
471.1,56.84,60.6,0.0,9.5,4,433.042,3.155,785.483
471.1,57.08,60.7,0.0,9.0,4,434.479,3.179,782.382
471.1,57.25,60.7,0.0,8.8,4,435.407,3.195,780.293
482.4,57.51,60.7,0.0,8.6,4,436.757,3.217,777.127
482.4,57.68,60.7,0.0,8.1,4,437.630,3.233,774.995
482.4,57.91,60.9,0.0,6.8,4,438.894,3.259,771.766
482.4,58.08,61.0,0.0,6.0,4,439.707,3.279,769.594
493.8,58.34,61.1,0.0,4.2,4,440.888,3.307,766.308
493.8,58.52,61.1,0.0,2.8,4,441.650,3.323,764.099
493.8,58.78,61.1,0.0,1.7,4,442.755,3.342,760.759
493.8,58.94,55.9,0.0,2.5,4,443.466,3.354,758.514
505.4,59.11,61.1,0.0,4.5,4,444.491,3.381,755.126
505.4,59.29,61.1,0.0,5.2,4,445.155,3.400,752.853
505.4,59.57,61.2,0.0,4.3,4,446.123,3.433,749.422
505.4,59.81,61.2,0.0,3.0,4,447.058,3.465,745.966
517.2,59.97,61.3,0.0,2.1,4,447.664,3.485,743.649
517.2,60.21,61.0,0.0,1.7,4,448.545,3.511,740.152
517.2,60.39,61.1,0.0,2.7,4,449.114,3.527,737.809
517.2,60.64,61.1,0.0,3.6,4,449.944,3.544,734.275
529.2,60.78,60.9,0.0,4.0,4,450.478,3.558,731.907
529.2,61.00,60.5,0.0,4.0,4,451.251,3.584,728.337
529.2,61.15,60.4,0.0,3.8,4,451.747,3.603,725.945
529.2,61.39,60.4,0.0,3.5,4,452.463,3.633,722.340
541.3,61.53,60.2,0.0,3.1,4,452.920,3.653,719.925
541.3,61.56,0.0,0.0,2.5,0,453.579,3.683,716.289
541.3,61.64,86.9,0.0,1.9,5,454.000,3.700,713.862
541.3,61.88,77.2,0.0,1.3,5,454.606,3.724,710.207
553.6,62.03,70.7,0.0,1.2,5,454.994,3.741,707.760
553.6,62.26,61.0,0.0,1.5,5,455.558,3.771,704.075
553.6,62.49,59.9,0.0,1.3,5,456.104,3.801,700.373
553.6,62.65,59.9,0.0,1.0,5,456.459,3.820,697.896
566.0,62.87,60.0,0.0,0.5,5,456.980,3.853,694.167
566.0,63.03,60.1,0.0,0.7,5,457.321,3.875,691.673
566.0,63.26,60.1,0.0,0.7,5,457.826,3.907,687.919
566.0,63.41,60.2,0.0,0.7,5,458.157,3.928,685.408
578.5,63.63,60.2,0.0,0.8,5,458.648,3.961,681.629
578.5,63.78,60.2,0.0,0.8,5,458.972,3.983,679.101
578.5,64.01,60.3,0.0,0.8,5,459.450,4.016,675.298
578.5,64.15,60.3,0.0,0.7,5,459.765,4.037,672.755
591.2,64.38,60.4,0.0,0.7,5,460.230,4.070,668.928
591.2,64.52,60.4,0.0,0.7,5,460.536,4.091,666.368
591.2,64.74,60.5,0.0,0.8,5,460.986,4.123,662.517
591.2,64.88,60.5,0.0,0.8,5,461.281,4.144,659.942
604.1,65.09,60.6,0.0,0.9,5,461.716,4.176,656.068
604.1,65.31,60.6,0.0,0.8,5,462.140,4.209,652.179
604.1,65.45,60.6,0.0,0.9,5,462.417,4.232,649.579
604.1,65.66,60.7,0.0,0.9,5,462.823,4.264,645.667
617.1,65.80,60.7,0.0,0.9,5,463.088,4.286,643.052
617.1,66.01,60.8,0.0,0.9,5,463.475,4.317,639.117
617.1,66.15,60.8,0.0,1.0,5,463.726,4.339,636.486
617.1,66.35,60.9,0.0,1.1,5,464.093,4.371,632.528
630.3,66.49,61.0,0.0,1.0,5,464.331,4.393,629.882
630.3,66.69,61.0,0.0,0.8,5,464.677,4.424,625.902
630.3,66.83,61.0,0.0,0.7,5,464.900,4.445,623.242
630.3,67.03,61.1,0.0,1.0,5,465.225,4.476,619.240
643.6,67.16,61.1,0.0,0.9,5,465.436,4.497,616.564
643.6,67.36,61.2,0.0,0.7,5,465.741,4.529,612.541
643.6,67.50,61.2,0.0,0.7,5,465.939,4.551,609.851
643.6,67.69,61.2,0.0,0.6,5,466.228,4.583,605.806
657.1,67.89,61.2,0.0,0.1,5,466.507,4.614,601.749
657.1,68.02,61.2,0.0,0.2,5,466.688,4.635,599.037
657.1,68.21,61.3,0.0,-0.6,5,466.955,4.667,594.959
657.1,68.34,61.3,0.0,-1.0,5,467.131,4.688,592.234
670.8,68.53,61.3,0.0,-0.9,5,467.397,4.718,588.137
670.8,68.66,61.3,0.0,-0.4,5,467.578,4.737,585.400
670.8,68.84,61.3,0.0,-0.2,5,467.857,4.765,581.285
670.8,68.97,61.3,0.0,0.6,5,468.048,4.782,578.535
684.5,69.16,61.3,0.0,1.1,5,468.338,4.806,574.402
684.5,69.28,61.3,0.0,0.8,5,468.531,4.821,571.641
684.5,69.46,61.2,0.0,0.3,5,468.815,4.840,567.488
684.5,69.58,61.2,0.0,0.2,5,469.001,4.851,564.714
698.4,69.76,61.2,0.0,0.2,5,469.272,4.867,560.543
698.4,69.88,61.1,0.0,0.2,5,469.449,4.878,557.756
698.4,70.06,61.0,0.0,0.7,5,469.710,4.893,553.566
712.5,70.23,60.9,0.0,0.0,5,469.965,4.906,549.366
712.5,70.34,60.8,0.0,0.0,5,470.133,4.914,546.560
712.5,70.51,60.7,0.0,-0.2,5,470.382,4.923,542.341
712.5,70.63,60.6,0.0,-0.0,5,470.547,4.927,539.524
726.6,70.79,60.5,0.0,0.2,5,470.796,4.932,535.289
726.6,70.90,60.5,0.0,0.5,5,470.961,4.935,532.460
726.6,71.06,60.2,0.0,0.6,0,471.208,4.938,528.208
726.6,71.00,0.0,0.0,0.6,0,471.371,4.938,525.371
740.9,71.09,83.9,0.0,0.2,6,471.609,4.935,521.117
740.9,71.20,77.4,0.0,0.1,6,471.764,4.932,518.275
740.9,71.37,67.7,0.0,0.0,6,471.992,4.927,514.005
740.9,71.48,61.2,0.0,0.1,6,472.142,4.922,511.152
755.2,71.64,60.0,0.0,0.2,6,472.364,4.913,506.864
755.2,71.81,60.0,0.0,0.2,6,472.583,4.901,502.566
755.2,71.92,60.1,0.0,0.2,6,472.729,4.891,499.696
755.2,72.08,60.1,0.0,0.1,6,472.945,4.872,495.381
769.6,72.19,60.1,0.0,0.1,6,473.087,4.857,492.499
769.6,72.36,60.2,0.0,0.1,6,473.298,4.834,488.169
769.6,72.47,60.2,0.0,0.1,6,473.438,4.817,485.276
769.6,72.62,60.3,0.0,0.3,6,473.645,4.793,480.929
784.1,72.73,60.3,0.0,0.1,6,473.783,4.777,478.025
784.1,72.89,60.4,0.0,-0.7,6,473.987,4.755,473.662
784.1,72.99,60.4,0.0,-0.9,6,474.124,4.743,470.747
784.1,73.15,60.4,0.0,-1.4,6,474.333,4.726,466.369
798.7,73.26,60.4,0.0,-1.7,6,474.479,4.713,463.444
798.7,73.41,60.5,0.0,-2.1,6,474.712,4.694,459.051
798.7,73.51,60.5,0.0,-2.7,6,474.882,4.683,456.118
798.7,73.66,60.5,0.0,-2.9,6,475.159,4.664,451.712
813.4,73.81,60.5,0.0,-3.3,6,475.472,4.640,447.299
813.4,73.90,60.6,0.0,-3.3,6,475.703,4.624,444.354
813.4,74.03,60.6,0.0,-3.8,6,476.089,4.604,439.933
813.4,74.13,60.6,0.0,-4.3,6,476.372,4.586,436.984
828.1,74.26,60.6,0.0,-4.5,6,476.838,4.555,432.557
828.1,74.34,60.7,0.0,-4.5,6,477.182,4.538,429.605
828.1,74.46,60.7,0.0,-4.6,6,477.754,4.519,425.179
828.1,74.54,60.7,0.0,-4.9,6,478.169,4.507,422.228
843.0,74.67,60.7,0.0,-4.8,6,478.846,4.487,417.803
843.0,74.74,60.8,0.0,-5.0,6,479.335,4.475,414.855
843.0,74.86,60.8,0.0,-5.5,6,480.126,4.459,410.438
843.0,74.97,60.8,0.0,-5.7,6,480.987,4.442,406.027
857.8,75.05,60.8,0.0,-5.8,6,481.599,4.430,403.090
857.8,75.16,60.9,0.0,-6.2,6,482.577,4.410,398.691
857.8,75.23,60.9,0.0,-5.1,6,483.268,4.393,395.764
857.8,75.34,60.9,0.0,-6.0,6,484.364,4.364,391.383
872.7,75.45,60.9,0.0,-7.5,6,485.528,4.326,387.012
872.7,75.52,60.9,0.0,-7.6,6,486.344,4.296,384.105
872.7,75.61,61.0,0.0,-6.7,6,487.632,4.247,379.758
872.7,75.68,61.0,0.0,-6.0,6,488.534,4.213,376.871
887.6,75.77,61.0,0.0,-5.5,6,489.953,4.160,372.555
887.6,75.84,61.0,0.0,-5.6,6,490.943,4.123,369.689
887.6,75.94,61.0,0.0,-6.2,6,492.492,4.066,365.409
887.6,76.00,61.0,17.8,-6.4,6,493.568,4.028,362.567
903.0,75.61,0.0,29.5,-4.6,6,495.242,3.971,358.334
903.0,75.22,0.0,24.4,-2.1,6,496.391,3.934,355.545
903.0,74.72,0.0,29.4,1.7,6,498.158,3.879,351.408
903.0,74.31,0.0,46.2,3.2,6,499.360,3.842,348.679
918.4,73.52,0.0,46.9,2.9,6,501.179,3.792,344.632
918.4,73.03,0.0,41.3,2.2,6,502.388,3.758,341.962
918.4,72.38,0.0,53.6,1.9,6,504.181,3.702,337.984
933.4,71.56,0.0,48.9,2.3,6,505.935,3.641,334.037
933.4,71.03,0.0,48.5,2.7,6,507.076,3.604,331.422
933.4,70.25,0.0,48.3,2.9,6,508.739,3.558,327.522
933.4,69.76,0.0,34.3,3.8,6,509.816,3.531,324.937
947.7,69.16,0.0,42.3,4.3,6,511.383,3.491,321.074
947.7,68.68,0.0,51.8,3.5,6,512.392,3.466,318.507
947.7,67.84,0.0,50.6,2.5,6,513.848,3.432,314.677
947.7,67.41,22.8,47.7,2.2,6,514.780,3.412,312.138
961.2,66.71,0.0,44.2,3.4,6,516.122,3.385,308.343
961.2,66.22,0.0,39.7,5.2,6,516.979,3.370,305.825
961.2,65.58,0.0,36.4,6.2,6,518.205,3.352,302.066
961.2,65.17,0.0,27.3,6.7,6,518.983,3.342,299.568
974.0,64.68,0.0,8.6,6.8,6,520.089,3.327,295.833
974.0,64.48,5.0,17.2,6.5,6,520.784,3.317,293.345
974.0,64.04,0.0,26.4,6.7,6,521.762,3.302,289.613
974.0,63.55,0.0,22.0,6.9,6,522.660,3.285,285.892
986.7,63.24,0.0,9.8,7.0,6,523.213,3.273,283.416
986.7,63.01,33.8,0.0,6.8,6,523.974,3.255,279.707
986.7,62.93,17.3,12.2,7.1,6,524.435,3.244,277.231
986.7,62.54,0.0,22.3,7.4,6,525.054,3.231,273.515
1000.3,62.23,0.0,4.3,7.4,6,525.421,3.224,271.047
1000.3,62.10,46.9,2.0,6.9,6,525.905,3.216,267.350
1000.3,62.02,30.3,0.3,7.9,6,526.186,3.214,264.884
1000.3,61.93,18.7,0.0,6.6,6,526.561,3.198,261.184
1013.8,61.89,26.4,0.0,5.6,6,526.776,3.181,258.717
1013.8,61.86,36.1,0.0,6.9,6,527.007,3.178,255.012
1013.8,61.79,30.8,0.0,8.0,6,527.102,3.196,252.541
1013.8,61.73,8.3,3.3,7.6,6,527.204,3.203,248.836
1027.3,61.52,0.0,5.3,10.2,6,527.259,3.179,245.138
1027.3,61.34,0.0,4.1,13.8,6,527.247,3.165,242.680
1027.3,61.05,0.0,4.5,14.0,6,527.139,3.161,239.010
1027.3,60.88,0.0,3.7,13.3,6,527.018,3.163,236.574
1040.0,60.61,0.0,4.0,13.5,6,526.766,3.166,232.938
1040.0,60.41,0.0,4.1,13.3,6,526.548,3.172,230.527
1040.0,60.13,0.0,6.3,12.9,6,526.144,3.187,226.933
1040.0,59.94,30.1,8.0,12.7,0,525.827,3.198,224.552
1052.1,59.64,0.0,2.2,11.6,5,525.281,3.214,221.006
1052.1,59.49,19.5,0.0,9.5,5,524.871,3.226,218.659
1052.1,59.46,56.6,0.0,7.2,5,524.182,3.246,215.159
1052.1,59.51,58.0,0.0,6.5,5,523.673,3.262,212.835
1063.8,59.65,52.7,0.0,6.4,5,522.842,3.289,209.358
1063.8,59.76,52.6,0.0,6.7,5,522.246,3.308,207.046
1063.8,59.96,52.7,0.0,6.3,5,521.298,3.337,203.582
1063.8,60.15,53.7,0.0,3.3,5,520.296,3.367,200.122
1075.8,60.29,54.4,0.0,0.9,5,519.602,3.387,197.815
1075.8,60.50,54.8,0.0,-0.8,5,518.531,3.418,194.354
1075.8,60.64,54.7,0.0,-1.6,5,517.803,3.438,192.043
1075.8,60.85,54.2,0.0,-2.2,5,516.703,3.467,188.569
1088.0,60.98,47.9,0.0,-1.3,5,515.970,3.486,186.245
1088.0,61.01,15.1,28.4,-3.1,5,514.880,3.512,182.749
1088.0,60.65,0.0,60.4,-4.0,5,514.166,3.528,180.421
1088.0,59.75,0.0,75.6,-2.6,5,513.126,3.550,176.960
1100.2,58.65,0.0,40.9,-1.1,5,512.130,3.569,173.547
1100.2,58.40,72.4,79.6,1.8,5,511.492,3.582,171.297
1100.2,57.45,0.0,79.8,2.7,5,510.563,3.601,167.943
1100.2,56.71,0.0,95.7,-0.2,5,509.960,3.613,165.739
1111.9,55.60,31.0,15.3,-3.3,5,509.078,3.628,162.488
1111.9,55.30,30.5,65.6,-3.4,5,508.504,3.638,160.343
1111.9,54.30,0.0,72.4,-5.8,5,507.670,3.652,157.159
1111.9,53.63,0.0,63.5,-7.9,5,507.137,3.661,155.066
1122.9,52.80,0.0,38.6,-9.1,5,506.386,3.677,151.963
1122.9,52.38,0.0,29.1,-8.5,0,505.920,3.686,149.911
1122.9,51.93,0.0,16.2,-7.9,4,505.281,3.698,146.847
1122.9,51.69,0.0,10.7,-8.0,4,504.896,3.706,144.810
1133.6,51.38,0.0,7.6,-9.2,4,504.381,3.715,141.761
1133.6,51.19,0.0,6.1,-10.7,4,504.080,3.720,139.731
1133.6,50.94,0.0,0.5,-13.2,4,503.693,3.725,136.692
1133.6,50.82,6.0,0.0,-14.7,4,503.477,3.727,134.668
1144.4,50.68,14.2,0.0,-16.7,4,503.216,3.728,131.634
1144.4,50.53,3.0,5.0,-18.6,4,503.030,3.727,128.603
1144.4,50.37,0.0,11.4,-20.1,4,502.945,3.722,126.586
1144.4,50.16,0.0,7.1,-20.9,4,502.891,3.714,124.576
1154.9,49.87,0.0,1.9,-20.8,4,502.877,3.702,121.575
1154.9,49.66,14.6,0.0,-19.6,4,502.945,3.691,118.590
1154.9,49.57,18.1,0.0,-18.6,4,503.039,3.685,116.608
1165.2,49.44,11.6,0.0,-17.3,4,503.251,3.676,113.645
1165.2,49.32,8.1,0.0,-17.0,4,503.438,3.670,111.678
1165.2,49.22,30.6,0.0,-17.6,4,503.786,3.661,108.743
1165.2,49.15,14.7,0.0,-17.8,4,504.063,3.654,106.794
1175.4,48.99,11.0,0.0,-18.1,4,504.544,3.645,103.890
1175.4,48.89,10.0,0.0,-18.5,4,504.906,3.637,101.966
1175.4,48.77,19.8,0.0,-18.9,4,505.507,3.622,99.098
1175.4,48.65,10.6,0.0,-16.9,4,506.181,3.605,96.254
1185.7,48.54,6.2,0.0,-16.4,4,506.672,3.594,94.373
1185.7,48.40,8.1,0.0,-15.4,4,507.465,3.575,91.575
1185.7,48.30,9.9,0.0,-14.2,4,508.032,3.561,89.726
1185.7,48.16,5.9,0.0,-12.9,4,508.941,3.539,86.979
1195.8,48.06,7.2,0.0,-12.9,4,509.582,3.522,85.164
1195.8,47.93,7.6,0.0,-12.2,4,510.597,3.492,82.469
1195.8,47.85,9.2,0.0,-12.0,4,511.307,3.470,80.690
1195.8,47.75,20.2,0.0,-12.1,4,512.423,3.434,78.049
1205.8,47.76,47.2,0.0,-12.2,4,513.201,3.408,76.305
1205.8,47.87,59.6,0.0,-12.6,4,514.419,3.368,73.708
1205.8,47.97,63.2,0.0,-12.9,4,515.265,3.340,71.989
1205.8,48.17,81.5,0.0,-12.7,4,516.587,3.298,69.427
1215.6,48.36,90.2,0.0,-12.4,4,517.504,3.271,67.729
1215.6,48.64,88.5,0.0,-10.3,4,518.935,3.233,65.196
1215.6,48.73,20.2,21.6,-5.8,4,520.432,3.200,62.684
1215.6,48.48,0.0,22.1,-2.8,4,521.455,3.179,61.030
1225.3,47.98,0.0,38.1,1.6,4,523.012,3.151,58.588
1225.3,47.59,0.0,39.6,3.4,4,524.055,3.132,56.985
1225.3,46.66,0.0,88.0,1.0,4,525.611,3.106,54.617
1225.3,45.86,0.0,86.3,2.5,4,526.631,3.089,53.072
1234.7,44.72,32.5,86.3,5.0,0,528.129,3.065,50.801
1234.7,43.97,0.0,86.3,5.0,3,529.101,3.049,49.316
1234.7,42.82,0.0,73.5,3.9,3,530.517,3.023,47.128
1234.7,42.15,0.0,44.1,3.2,3,531.429,3.006,45.694
1243.3,41.60,0.0,14.7,3.9,3,532.752,2.980,43.559
1243.3,41.41,0.0,8.6,5.5,3,533.607,2.963,42.136
1243.3,41.21,0.0,4.0,8.8,3,534.853,2.936,39.993
1243.3,41.10,0.0,3.5,10.2,3,535.661,2.917,38.558
1251.5,40.94,0.0,1.5,11.2,3,536.835,2.887,36.395
1251.5,40.79,0.0,3.8,11.7,3,537.962,2.856,34.217
1251.5,40.68,0.0,4.1,12.2,3,538.684,2.834,32.757
1251.5,40.50,0.0,0.9,12.7,3,539.722,2.801,30.553
1259.7,40.48,52.1,0.0,12.9,3,540.382,2.778,29.075
1259.7,40.80,80.9,0.0,13.7,3,541.330,2.743,26.830
1259.7,41.01,74.6,0.0,14.8,3,541.935,2.719,25.311
1259.7,41.29,77.6,0.0,16.6,3,542.801,2.682,22.999
1268.0,41.46,58.9,0.0,17.2,3,543.347,2.657,21.437
1268.0,41.39,5.7,16.2,18.8,3,544.114,2.621,19.070
1268.0,41.18,0.0,9.5,19.9,3,544.588,2.596,17.488
1268.0,40.94,11.9,0.0,20.2,3,545.241,2.559,15.114
1276.9,40.95,46.5,0.0,19.9,3,545.638,2.533,13.525
1276.9,41.10,48.9,0.0,19.7,3,546.177,2.494,11.124
1276.9,41.28,75.9,0.0,19.2,3,546.644,2.456,8.699
1276.9,41.47,71.2,0.0,18.0,3,546.917,2.432,7.067
1285.9,41.69,61.5,0.0,20.5,3,547.271,2.395,4.597
1285.9,41.82,57.9,0.0,21.9,3,547.472,2.368,2.940
1285.9,41.96,53.0,0.0,24.4,3,547.717,2.325,0.439
1285.9,42.06,57.5,0.0,25.3,3,547.843,2.296,-1.236
1295.1,42.24,62.3,0.0,25.5,3,547.973,2.251,-3.761
1295.1,42.36,58.4,0.0,25.8,3,548.021,2.222,-5.452
1295.1,42.45,33.5,0.0,25.5,3,548.036,2.176,-7.996
1295.1,42.44,21.7,0.0,26.4,3,548.009,2.143,-9.694
1304.0,42.37,17.9,0.0,27.0,3,547.911,2.093,-12.235
1304.0,42.28,20.2,0.0,26.8,3,547.740,2.041,-14.769
1304.0,42.23,17.9,0.0,26.2,3,547.584,2.008,-16.452
1313.4,42.11,11.8,0.0,24.4,3,547.284,1.962,-18.964
1313.4,42.03,7.8,0.0,23.1,3,547.040,1.934,-20.629
1313.4,41.88,5.9,0.0,20.3,3,546.608,1.893,-23.109
1313.4,41.77,7.2,0.0,19.4,3,546.278,1.867,-24.749
1322.8,41.65,14.0,0.0,15.8,3,545.720,1.829,-27.189
1322.8,41.57,12.4,0.0,15.0,3,545.304,1.806,-28.800
1322.8,41.49,17.8,0.0,12.6,3,544.613,1.779,-31.194
1322.8,41.45,13.5,0.0,12.6,3,544.116,1.759,-32.777
1332.0,41.36,13.5,0.0,14.7,3,543.317,1.728,-35.129
1332.0,41.32,16.6,0.0,15.1,3,542.750,1.705,-36.682
1332.0,41.29,28.4,0.0,16.6,3,541.847,1.672,-38.989
1332.0,41.32,40.0,0.0,16.6,3,541.210,1.651,-40.513
1341.0,41.46,60.3,0.0,15.5,3,540.199,1.623,-42.781
1341.0,41.74,78.1,0.0,14.3,3,539.121,1.599,-45.030
1341.0,41.95,79.4,0.0,14.5,3,538.366,1.583,-46.524
1341.0,42.27,82.9,0.0,15.0,3,537.184,1.557,-48.756
1349.9,42.49,83.5,0.0,14.9,3,536.361,1.538,-50.237
1349.9,42.83,87.2,0.0,12.7,3,535.069,1.513,-52.446
1349.9,43.06,86.5,0.0,11.3,3,534.170,1.499,-53.909
1349.9,43.42,88.6,0.0,9.4,3,532.767,1.478,-56.090
1358.6,43.67,89.3,0.0,8.8,3,531.796,1.464,-57.536
1358.6,44.06,90.0,0.0,8.9,3,530.289,1.444,-59.693
1358.6,44.31,91.2,0.0,9.1,3,529.251,1.431,-61.122
1358.6,44.69,90.8,0.0,8.8,3,527.647,1.408,-63.256
1367.6,44.95,91.5,0.0,8.4,3,526.546,1.392,-64.670
1367.6,45.33,91.4,0.0,8.2,3,524.847,1.366,-66.779
1367.6,45.60,91.3,0.0,7.9,3,523.685,1.347,-68.177
1367.6,45.98,91.5,0.0,7.7,3,521.894,1.316,-70.259
1376.7,46.36,91.8,0.0,7.6,3,520.050,1.284,-72.325
1376.7,46.62,91.6,0.0,7.4,3,518.790,1.262,-73.692
1376.7,47.00,91.7,0.0,7.4,3,516.856,1.228,-75.727
1376.7,47.25,91.9,0.0,7.4,3,515.539,1.203,-77.074
1385.9,47.62,91.7,0.0,7.2,3,513.522,1.162,-79.080
1385.9,47.88,91.3,0.0,7.0,3,512.149,1.134,-80.408
1385.9,48.25,91.8,0.0,7.0,3,510.048,1.092,-82.381
1385.9,48.49,91.5,0.0,6.9,3,508.618,1.065,-83.684
1395.2,48.85,91.6,0.0,7.9,3,506.432,1.028,-85.618
1395.2,49.09,91.9,0.0,7.5,3,504.947,1.004,-86.895
1395.2,49.45,92.0,0.0,8.4,3,502.680,0.967,-88.790
1395.2,49.68,92.1,0.0,8.0,3,501.142,0.939,-90.040
1404.9,50.04,92.1,0.0,7.1,3,498.793,0.896,-91.892
1404.9,50.27,92.1,0.0,5.3,3,497.200,0.865,-93.110
1404.9,50.61,92.2,0.0,3.7,3,494.770,0.819,-94.911
1404.9,50.96,92.2,0.0,3.7,3,492.293,0.774,-96.685
1414.9,51.19,92.3,0.0,3.5,3,490.618,0.745,-97.854
1414.9,51.53,92.2,0.0,2.6,3,488.072,0.705,-99.589
1414.9,51.76,92.1,0.0,1.8,3,486.355,0.679,-100.737
1414.9,51.85,0.0,0.0,2.5,0,483.757,0.643,-102.447
1425.2,51.98,92.0,0.0,3.6,4,482.016,0.621,-103.576
1425.2,52.31,92.0,0.0,3.4,4,479.380,0.588,-105.261
1425.2,52.53,92.0,0.0,0.3,4,477.606,0.566,-106.377
1425.2,52.86,88.6,0.0,-4.5,4,474.921,0.533,-108.045
1435.8,53.08,83.5,0.0,-5.8,4,473.121,0.510,-109.161
1435.8,53.39,73.8,0.0,-5.5,4,470.412,0.479,-110.854
1435.8,53.61,66.0,0.0,-5.0,4,468.606,0.460,-112.002
1435.8,53.93,58.9,0.0,-5.3,4,465.900,0.433,-113.757
1446.8,54.14,58.8,0.0,-5.7,4,464.099,0.414,-114.952
1446.8,54.45,58.5,0.0,-6.5,4,461.406,0.387,-116.782
1446.8,54.70,51.0,0.0,-7.0,4,458.725,0.365,-118.661
1446.8,54.82,43.8,0.0,-7.4,4,456.945,0.347,-119.937
1458.0,54.98,45.4,0.0,-7.4,4,454.292,0.320,-121.888
1458.0,55.09,45.6,0.0,-7.4,4,452.536,0.301,-123.215
1458.0,55.25,32.7,0.0,-8.2,4,449.923,0.271,-125.247
1458.0,55.35,54.5,0.0,-8.2,4,448.201,0.254,-126.634
1469.6,55.62,60.2,0.0,-7.7,4,445.642,0.235,-128.761
1469.6,55.81,60.3,0.0,-7.4,4,443.950,0.224,-130.211
1469.6,56.10,60.4,0.0,-7.9,4,441.432,0.207,-132.431
1469.6,56.29,60.4,0.0,-7.1,4,439.769,0.196,-133.942
1481.1,56.57,60.5,0.0,-5.3,4,437.298,0.185,-136.256
1481.1,56.76,60.5,0.0,-5.0,4,435.665,0.180,-137.827
1481.1,57.04,60.6,0.0,-4.9,4,433.234,0.174,-140.224
1481.1,57.24,60.7,0.0,-5.1,4,431.626,0.170,-141.846
1492.8,57.52,60.8,0.0,-4.9,4,429.228,0.163,-144.317
1492.8,57.71,60.8,0.0,-4.8,4,427.641,0.158,-145.987
1492.8,57.99,60.9,0.0,-4.7,4,425.277,0.152,-148.529
1504.6,58.27,61.0,0.0,-4.7,4,422.935,0.148,-151.113
1504.6,58.45,61.1,0.0,-4.5,4,421.386,0.148,-152.859
1504.6,58.73,61.1,0.0,-4.8,4,419.083,0.152,-155.514
1504.6,58.91,61.1,0.0,-5.0,4,417.559,0.156,-157.306
1516.3,59.18,61.1,0.0,-7.3,4,415.293,0.159,-160.029
1516.3,59.36,61.1,0.0,-8.6,4,413.796,0.158,-161.867
1516.3,59.61,61.1,0.0,-9.4,4,411.578,0.153,-164.662
1516.3,59.77,61.2,0.0,-9.3,4,410.121,0.149,-166.553
1528.1,60.00,61.1,0.0,-9.2,4,407.969,0.137,-169.430
1528.1,60.16,61.1,0.0,-9.5,4,406.559,0.127,-171.376
1528.1,60.38,61.1,0.0,-8.0,4,404.486,0.111,-174.338
1528.1,60.54,61.0,0.0,-5.7,4,403.132,0.101,-176.341
1540.1,60.79,61.0,0.0,-3.1,4,401.136,0.081,-179.385
1540.1,60.95,60.8,0.0,-1.9,4,399.828,0.066,-181.437
1540.1,61.20,60.6,0.0,-1.7,4,397.890,0.043,-184.547
1540.1,61.45,60.4,0.0,-3.5,4,395.974,0.020,-187.688
1552.3,61.61,60.3,0.0,-4.6,4,394.707,0.006,-189.798
1552.3,61.75,0.0,0.0,-5.7,0,392.826,-0.014,-192.986
1552.3,61.71,90.2,0.0,-5.4,5,391.591,-0.025,-195.124
1552.3,61.94,80.5,0.0,-1.9,5,389.772,-0.040,-198.356
1564.7,62.09,74.0,0.0,-0.5,5,388.579,-0.049,-200.531
1564.7,62.33,64.3,0.0,-0.2,5,386.812,-0.061,-203.818
1564.7,62.49,59.9,0.0,-0.5,5,385.645,-0.068,-206.025
1564.7,62.73,59.9,0.0,-0.6,5,383.902,-0.076,-209.352
1577.2,62.88,60.0,0.0,-0.6,5,382.742,-0.081,-211.580
1577.2,63.11,60.1,0.0,-0.7,5,381.005,-0.087,-214.937
1577.2,63.27,60.1,0.0,0.0,5,379.849,-0.091,-217.184
1577.2,63.50,60.2,0.0,-0.2,5,378.114,-0.096,-220.568
1589.8,63.72,60.2,0.0,-0.7,5,376.377,-0.099,-223.966
1589.8,63.87,60.3,0.0,-1.0,5,375.219,-0.101,-226.239
1589.8,64.09,60.3,0.0,-1.0,5,373.482,-0.103,-229.662
1589.8,64.24,60.4,0.0,-0.8,5,372.326,-0.106,-231.953
1602.6,64.46,60.4,0.0,-0.5,5,370.594,-0.111,-235.404
1602.6,64.60,60.5,0.0,-0.5,5,369.442,-0.115,-237.713
1602.6,64.82,60.5,0.0,-0.7,5,367.716,-0.125,-241.190
1602.6,64.96,60.5,0.0,-0.8,5,366.566,-0.131,-243.517
1615.5,65.17,60.6,0.0,-0.9,5,364.845,-0.142,-247.021
1615.5,65.31,60.6,0.0,-0.9,5,363.699,-0.151,-249.365
1615.5,65.53,60.7,0.0,-0.7,5,361.984,-0.165,-252.896
1615.5,65.67,60.7,0.0,-0.6,5,360.844,-0.176,-255.258
1628.6,65.87,60.8,0.0,-0.5,5,359.137,-0.193,-258.815
1628.6,66.01,60.8,0.0,-0.5,5,358.001,-0.204,-261.196
1628.6,66.22,60.9,0.0,-0.4,5,356.299,-0.221,-264.779
1628.6,66.42,60.9,0.0,-0.4,5,354.600,-0.239,-268.376
1641.8,66.56,61.0,0.0,-0.4,5,353.468,-0.251,-270.783
1641.8,66.76,61.0,0.0,-0.2,5,351.771,-0.269,-274.404
1641.8,66.90,61.1,0.0,-0.1,5,350.639,-0.281,-276.825
1641.8,67.10,61.1,0.0,-0.4,5,348.942,-0.299,-280.469
1655.2,67.23,61.2,0.0,0.1,5,347.810,-0.311,-282.905
1655.2,67.43,61.2,0.0,0.2,5,346.110,-0.330,-286.569
1655.2,67.57,61.2,0.0,0.1,5,344.974,-0.346,-289.018
1655.2,67.76,61.2,0.0,0.2,5,343.268,-0.372,-292.702
1668.7,67.89,61.2,0.0,0.5,5,342.127,-0.388,-295.163
1668.7,68.08,61.2,0.0,0.7,5,340.410,-0.411,-298.862
1668.7,68.21,61.3,0.0,0.7,5,339.260,-0.428,-301.333
1668.7,68.40,61.3,0.0,0.6,5,337.526,-0.456,-305.046
1682.3,68.52,61.3,0.0,0.7,5,336.362,-0.473,-307.525
1682.3,68.71,61.3,0.0,0.5,5,334.606,-0.497,-311.248
1682.3,68.89,61.3,0.0,0.5,5,332.836,-0.521,-314.977
1682.3,69.02,61.3,0.0,0.4,5,331.649,-0.538,-317.467
1696.0,69.20,61.3,0.0,0.4,5,329.859,-0.561,-321.206
1696.0,69.32,61.3,0.0,0.4,5,328.659,-0.577,-323.703
1696.0,69.50,61.2,0.0,0.5,5,326.850,-0.601,-327.454
1696.0,69.62,61.2,0.0,0.6,5,325.637,-0.616,-329.958
1709.9,69.79,61.2,0.0,0.5,5,323.810,-0.640,-333.719
1709.9,69.91,61.1,0.0,0.4,5,322.586,-0.657,-336.230
1709.9,70.08,61.0,0.0,0.3,5,320.740,-0.681,-340.002
1709.9,70.19,60.8,0.0,0.1,5,319.503,-0.695,-342.520
1723.9,70.36,60.8,0.0,0.2,5,317.640,-0.719,-346.301
1723.9,70.47,60.7,0.0,0.1,5,316.392,-0.736,-348.826
1723.9,70.62,60.5,0.0,0.1,5,314.515,-0.763,-352.619
1723.9,70.73,60.5,0.0,-0.0,5,313.260,-0.781,-355.152
1738.0,70.88,60.3,0.0,0.1,0,311.372,-0.808,-358.958
1738.0,70.80,90.3,0.0,-0.1,6,309.481,-0.834,-362.764
1738.0,70.90,83.9,0.0,-0.1,6,308.220,-0.851,-365.302
1752.2,71.06,74.1,0.0,-0.1,6,306.325,-0.878,-369.115
1752.2,71.17,67.6,0.0,-0.0,6,305.059,-0.898,-371.662
1752.2,71.33,59.9,0.0,0.0,6,303.157,-0.927,-375.490
1752.2,71.43,59.9,0.0,-0.1,6,301.887,-0.948,-378.047
1766.4,71.59,60.0,0.0,0.0,6,299.979,-0.979,-381.889
1766.4,71.69,60.0,0.0,0.0,6,298.705,-1.000,-384.456
1766.4,71.85,60.1,0.0,-0.1,6,296.791,-1.033,-388.313
1766.4,71.95,60.1,0.0,-0.1,6,295.512,-1.053,-390.889
1780.8,72.11,60.2,0.0,-0.0,6,293.592,-1.084,-394.760
1780.8,72.21,60.2,0.0,-0.0,6,292.309,-1.104,-397.345
1780.8,72.36,60.2,0.0,-0.6,6,290.382,-1.136,-401.230
1780.8,72.51,60.3,0.0,-0.8,6,288.454,-1.170,-405.125
1795.3,72.61,60.3,0.0,-0.6,6,287.169,-1.193,-407.727
1795.3,72.75,60.3,0.0,-0.2,6,285.244,-1.223,-411.640
1795.3,72.85,60.4,0.0,-0.0,6,283.963,-1.240,-414.255
1795.3,73.01,60.4,0.0,0.2,6,282.042,-1.268,-418.186
1809.9,73.10,60.4,0.0,0.3,6,280.761,-1.287,-420.812
1809.9,73.25,60.4,0.0,0.4,6,278.836,-1.315,-424.758
1809.9,73.35,60.5,0.0,0.4,6,277.549,-1.334,-427.392
1809.9,73.49,60.5,0.0,0.2,6,275.613,-1.364,-431.348
1824.5,73.59,60.5,0.0,0.1,6,274.317,-1.384,-433.989
1824.5,73.73,60.5,0.0,0.2,6,272.367,-1.415,-437.954
1824.5,73.82,60.5,0.0,0.3,6,271.062,-1.436,-440.601
1824.5,73.96,60.6,0.0,0.4,6,269.099,-1.467,-444.576
1839.3,74.05,60.6,0.0,0.4,6,267.786,-1.487,-447.229
1839.3,74.19,60.7,0.0,0.4,6,265.809,-1.516,-451.212
1839.3,74.33,60.7,0.0,0.4,6,263.823,-1.542,-455.200
1839.3,74.42,60.7,0.0,0.4,6,262.493,-1.560,-457.861
1854.1,74.56,60.7,0.0,0.4,6,260.490,-1.585,-461.856
1854.1,74.65,60.7,0.0,0.4,6,259.148,-1.601,-464.521
1854.1,74.78,60.8,0.0,0.4,6,257.128,-1.627,-468.523
1854.1,74.87,60.8,0.0,0.3,6,255.775,-1.645,-471.192
1869.1,75.00,60.8,0.0,0.4,6,253.737,-1.671,-475.199
1869.1,75.09,60.8,0.0,0.4,6,252.372,-1.689,-477.873
1869.1,75.22,60.9,0.0,0.5,6,250.317,-1.714,-481.886
1869.1,75.31,60.9,0.0,0.4,6,248.940,-1.730,-484.563
1884.1,75.43,60.9,0.0,0.5,6,246.866,-1.752,-488.581
1884.1,75.52,61.0,0.0,0.5,6,245.477,-1.767,-491.261
1884.1,75.65,61.0,0.0,0.5,6,243.383,-1.790,-495.284
1884.1,75.73,61.0,0.0,0.5,6,241.981,-1.804,-497.967
1899.2,75.85,61.1,0.0,0.5,6,239.867,-1.822,-501.993
1899.2,75.94,61.0,0.0,0.4,6,238.452,-1.837,-504.679
1899.2,76.06,61.1,0.0,0.2,6,236.319,-1.859,-508.709
1899.2,76.19,61.1,0.0,0.1,6,234.175,-1.879,-512.742
1914.4,76.27,61.1,0.0,0.1,6,232.740,-1.893,-515.432
1914.4,76.40,61.2,0.0,-0.1,6,230.581,-1.916,-519.471
1914.4,76.48,61.2,0.0,-0.2,6,229.138,-1.932,-522.166
1914.4,76.60,61.2,0.0,-0.4,6,226.970,-1.955,-526.214
1929.7,76.67,61.2,0.0,-0.4,6,225.523,-1.969,-528.917
1929.7,76.79,61.3,0.0,-0.5,6,223.353,-1.989,-532.977
1929.7,76.88,61.3,0.0,-0.6,6,221.908,-2.002,-535.689
1929.7,77.00,61.3,0.0,-0.6,6,219.743,-2.025,-539.765
1945.1,77.07,61.3,0.0,0.2,6,218.302,-2.042,-542.489
1945.1,77.20,61.3,0.0,0.1,6,216.143,-2.074,-546.582
1945.1,77.28,61.3,0.0,-0.5,6,214.705,-2.099,-549.316
1945.1,77.39,61.4,0.0,-0.6,6,212.548,-2.139,-553.424
1960.5,77.50,61.4,0.0,-0.8,6,210.392,-2.183,-557.540
1960.5,77.58,61.4,0.0,-0.5,6,208.958,-2.213,-560.290
1960.5,77.70,61.4,0.0,-0.0,6,206.812,-2.259,-564.424
1960.5,77.78,61.4,0.0,-0.3,6,205.384,-2.292,-567.186
1976.0,77.89,61.4,0.0,-1.0,6,203.244,-2.342,-571.336
1976.0,77.96,61.4,0.0,-0.4,6,201.821,-2.377,-574.109
1976.0,78.07,61.4,0.0,-0.2,6,199.691,-2.429,-578.277
1976.0,78.15,61.4,0.0,-0.1,6,198.275,-2.464,-581.061
1991.6,78.26,61.4,0.0,-0.4,6,196.155,-2.519,-585.247
1991.6,78.33,61.4,0.0,-0.4,6,194.745,-2.555,-588.042
1991.6,78.44,61.5,0.0,-0.3,6,192.632,-2.606,-592.244
1991.6,78.52,61.5,0.0,0.0,6,191.225,-2.642,-595.049
2007.3,78.63,61.5,0.0,0.2,6,189.116,-2.700,-599.265
2007.3,78.70,61.5,0.0,0.3,6,187.710,-2.736,-602.080
2007.3,78.81,61.5,0.0,0.4,6,185.599,-2.792,-606.307
2023.0,78.92,61.5,0.0,0.7,6,183.483,-2.850,-610.538
2023.0,78.98,61.5,0.0,0.8,6,182.068,-2.883,-613.361
2023.0,79.09,61.5,0.0,0.6,6,179.936,-2.935,-617.596
2023.0,79.16,61.5,0.0,0.7,6,178.507,-2.970,-620.420
2038.9,79.26,61.5,0.0,0.8,6,176.352,-3.020,-624.655
2038.9,79.32,61.5,0.0,1.0,6,174.906,-3.049,-627.477
2038.9,79.43,61.4,0.0,0.9,6,172.722,-3.088,-631.709
2038.9,79.49,61.4,0.0,0.9,6,171.257,-3.114,-634.529
2054.7,79.59,61.4,0.0,0.7,6,169.044,-3.149,-638.757
2054.7,79.65,61.4,0.0,0.7,6,167.558,-3.171,-641.574
2054.7,79.74,61.4,0.0,0.7,6,165.315,-3.201,-645.797
2054.7,79.81,61.4,0.0,0.9,6,163.810,-3.218,-648.611
2070.7,79.90,61.3,0.0,0.6,6,161.539,-3.240,-652.829
2070.7,79.96,61.3,0.0,0.3,6,160.016,-3.251,-655.640
2070.7,80.05,61.2,0.0,0.6,6,157.719,-3.263,-659.854
2070.7,80.14,61.3,0.0,0.9,6,155.407,-3.272,-664.068
2086.6,80.20,61.2,0.0,0.9,6,153.858,-3.274,-666.875
2086.6,80.28,61.1,0.0,0.9,6,151.522,-3.275,-671.085
2086.6,80.33,61.1,0.0,0.9,6,149.956,-3.273,-673.889
2086.6,80.41,61.0,0.0,1.0,6,147.590,-3.265,-678.091
2102.6,80.46,61.0,0.0,1.1,6,146.003,-3.258,-680.889
2102.6,80.54,60.9,0.0,0.8,6,143.607,-3.245,-685.083
2102.6,80.59,60.9,0.0,0.7,6,141.999,-3.234,-687.875
2102.6,80.66,60.8,0.0,0.7,6,139.573,-3.212,-692.060
2118.7,80.71,60.8,0.0,0.5,6,137.945,-3.194,-694.847
2118.7,80.78,60.8,0.0,0.4,6,135.491,-3.164,-699.023
2118.7,80.83,60.7,0.0,0.5,6,133.847,-3.141,-701.806
2118.7,80.90,60.7,0.0,0.4,6,131.370,-3.102,-705.978
2134.8,80.95,60.7,0.0,0.3,6,129.713,-3.074,-708.758
2134.8,80.77,12.2,37.9,0.3,6,127.219,-3.028,-712.924
2134.8,79.91,0.0,71.5,0.5,6,124.734,-2.975,-717.059
2134.8,79.16,0.0,78.2,0.6,6,123.090,-2.936,-719.785
2150.8,77.94,0.0,80.3,0.9,6,120.648,-2.872,-723.818
2150.8,77.12,0.0,81.1,1.0,6,119.036,-2.826,-726.469
2150.8,75.89,0.0,80.7,1.0,6,116.640,-2.756,-730.387
2150.8,75.07,0.0,81.0,1.2,6,115.057,-2.705,-732.959
2166.1,73.85,0.0,81.1,1.4,6,112.700,-2.626,-736.756
2166.1,73.03,0.0,81.1,1.2,6,111.140,-2.572,-739.247
2166.1,71.82,0.0,80.0,0.9,6,108.814,-2.490,-742.919
2166.1,71.02,0.0,80.5,0.6,6,107.272,-2.434,-745.325
2180.5,69.81,0.0,80.0,0.5,6,104.972,-2.349,-748.871
2180.5,69.02,0.0,80.2,0.7,6,103.449,-2.293,-751.193
2180.5,67.83,0.0,80.6,0.7,6,101.180,-2.211,-754.617
2180.5,67.03,0.0,80.7,0.4,6,99.679,-2.158,-756.859
2194.1,65.87,0.0,82.0,0.1,6,97.447,-2.084,-760.165
2194.1,64.64,0.0,80.1,-0.3,6,95.241,-2.016,-763.402
2194.1,63.85,0.0,79.2,0.2,6,93.785,-1.969,-765.520
2194.1,62.70,0.0,81.2,0.8,6,91.624,-1.896,-768.644
2207.0,61.92,0.0,80.2,1.4,6,90.199,-1.850,-770.691
2207.0,60.76,30.7,81.6,1.1,0,88.086,-1.782,-773.706
2207.0,59.98,0.0,80.7,1.2,5,86.692,-1.736,-775.679
2207.0,58.82,0.0,80.8,1.3,5,84.622,-1.668,-778.582
2219.0,58.04,0.0,80.3,1.4,5,83.256,-1.624,-780.480
2219.0,56.88,0.0,80.2,2.0,5,81.227,-1.560,-783.270
2219.0,56.11,0.0,80.6,2.2,5,79.886,-1.518,-785.090
2219.0,54.96,0.0,80.1,3.6,5,77.891,-1.457,-787.761
2230.2,54.20,0.0,80.0,4.5,5,76.571,-1.418,-789.502
2230.2,53.06,0.0,78.3,5.0,0,74.602,-1.361,-792.049
2230.2,52.34,27.9,74.5,4.6,0,73.294,-1.325,-793.703
2230.2,51.28,0.0,64.6,3.4,4,71.335,-1.273,-796.120
2240.7,50.41,0.0,34.6,2.8,4,69.375,-1.221,-798.456
2240.7,50.02,0.0,21.5,3.3,4,68.059,-1.188,-799.974
2240.7,49.53,0.0,10.0,7.2,4,65.392,-1.122,-802.929
2250.7,49.34,0.0,5.8,8.9,4,64.037,-1.089,-804.369
2250.7,49.11,0.0,3.3,9.8,4,61.977,-1.040,-806.486
2250.7,48.97,0.0,2.0,3.4,4,60.586,-1.007,-807.868
2250.7,48.79,0.0,5.0,4.2,4,58.475,-0.957,-809.905
2260.4,48.65,0.0,3.6,1.2,4,57.056,-0.923,-811.240
2260.4,48.45,0.0,4.7,8.8,4,54.912,-0.871,-813.212
2260.4,48.32,0.0,3.7,5.2,4,53.473,-0.837,-814.507
2260.4,48.12,0.0,6.0,8.5,4,51.301,-0.788,-816.418
2270.0,47.96,0.0,4.8,8.6,4,49.843,-0.755,-817.669
2270.0,47.76,0.0,4.6,7.4,4,47.635,-0.706,-819.505
2270.0,47.62,0.0,3.8,8.1,4,46.150,-0.672,-820.702
2270.0,47.41,0.0,6.5,8.4,4,43.902,-0.622,-822.456
2279.7,47.25,0.0,6.0,9.3,4,42.391,-0.589,-823.596
2279.7,47.02,0.0,4.0,12.6,4,40.103,-0.540,-825.259
2279.7,46.81,0.5,0.5,15.6,4,37.789,-0.491,-826.861
2279.7,46.69,3.3,0.0,16.8,4,36.229,-0.458,-827.893
2289.2,46.52,5.3,0.0,17.6,4,33.863,-0.408,-829.383
2289.2,46.42,14.1,0.0,18.1,4,32.268,-0.375,-830.337
2289.2,46.31,19.9,0.0,19.2,4,29.849,-0.326,-831.709
2289.2,46.28,44.3,0.0,20.3,4,28.218,-0.294,-832.584
2298.7,46.38,74.6,0.0,22.3,4,25.739,-0.245,-833.839
2298.7,46.52,90.0,0.0,23.9,4,24.063,-0.213,-834.639
2298.7,46.75,86.7,0.0,26.0,4,21.511,-0.162,-835.786
2298.7,46.86,65.9,0.0,27.8,4,19.787,-0.128,-836.514
2308.4,46.91,48.4,0.0,30.9,4,17.172,-0.078,-837.551
2308.4,46.90,41.1,0.0,32.9,4,15.413,-0.044,-838.204
2308.4,46.81,20.1,0.0,35.3,4,12.756,0.006,-839.124
2308.4,46.71,19.2,0.0,35.9,4,10.976,0.039,-839.695
2318.0,46.56,16.9,0.0,35.6,4,8.292,0.089,-840.487
2318.0,46.40,16.2,0.0,33.9,4,5.596,0.139,-841.199
2318.0,46.29,16.1,0.0,32.1,4,3.793,0.172,-841.630
2318.0,46.16,23.9,0.0,29.8,4,1.081,0.220,-842.211
2327.5,46.08,22.7,0.0,28.8,4,-0.731,0.251,-842.553
2327.5,45.97,21.7,0.0,27.6,4,-3.456,0.296,-843.004
2327.5,45.89,22.2,0.0,26.5,4,-5.275,0.324,-843.261
2327.5,45.78,22.3,0.0,24.6,4,-8.006,0.366,-843.581
2337.0,45.71,21.0,0.0,22.9,4,-9.827,0.393,-843.752
2337.0,45.55,4.8,7.2,20.3,4,-12.559,0.431,-843.944
2337.0,45.37,0.0,8.3,18.0,4,-14.376,0.456,-844.030
2337.0,45.02,0.0,10.4,14.6,4,-17.088,0.491,-844.095
2346.3,44.82,0.0,10.1,11.9,4,-18.885,0.512,-844.097
2346.3,44.50,0.0,11.2,8.4,4,-21.564,0.543,-844.039
2346.3,44.25,0.0,5.2,10.9,4,-24.224,0.572,-843.920
2346.3,44.24,65.0,0.0,17.1,4,-25.990,0.591,-843.817
2355.4,44.34,40.9,1.1,19.6,4,-28.641,0.616,-843.643
2355.4,44.34,39.6,0.0,19.7,4,-30.409,0.631,-843.494
2355.4,44.31,30.0,0.0,19.3,4,-33.054,0.653,-843.215
2355.4,44.27,20.2,0.0,18.1,4,-34.811,0.667,-842.991
2364.4,44.17,20.5,0.0,17.8,4,-37.434,0.687,-842.593
2364.4,44.13,27.8,0.0,16.8,4,-39.174,0.701,-842.287
2364.4,44.10,31.7,0.0,16.8,4,-41.769,0.719,-841.769
2364.4,44.06,21.3,0.0,15.8,4,-43.489,0.729,-841.383
2373.3,43.94,12.5,0.0,17.5,4,-46.052,0.742,-840.746
2373.3,43.90,36.2,0.0,17.9,4,-47.746,0.750,-840.283
2373.3,43.97,61.3,0.0,18.0,4,-50.271,0.761,-839.528
2382.1,44.13,73.1,0.0,20.2,4,-52.781,0.770,-838.702
2382.1,44.24,73.3,0.0,20.1,4,-54.447,0.776,-838.113
2382.1,44.44,79.5,0.0,21.7,4,-56.935,0.782,-837.172
2382.1,44.58,86.3,0.0,22.0,4,-58.585,0.785,-836.506
2390.8,44.84,91.9,0.0,22.9,4,-61.050,0.788,-835.448
2390.8,45.01,91.9,0.0,22.9,4,-62.685,0.789,-834.703
2390.8,45.27,91.9,0.0,23.4,4,-65.124,0.789,-833.528
2390.8,45.44,91.9,0.0,23.5,4,-66.740,0.788,-832.705
2399.6,45.70,91.9,0.0,25.9,4,-69.148,0.785,-831.410
2399.6,45.86,85.8,0.0,28.5,4,-70.742,0.782,-830.508
2399.6,45.98,50.9,0.0,29.0,4,-73.110,0.776,-829.099
2399.6,46.00,46.0,0.0,30.6,4,-74.669,0.771,-828.123
2408.6,45.99,42.0,0.0,30.9,4,-76.975,0.763,-826.607
2408.6,46.00,43.3,0.0,34.0,4,-79.240,0.754,-825.030
2408.6,46.02,54.6,0.0,35.2,4,-80.727,0.747,-823.945
2408.6,46.05,36.7,0.0,37.6,4,-82.922,0.735,-822.269
2417.4,45.99,24.4,0.0,37.9,4,-84.360,0.726,-821.119
2417.4,45.87,21.4,0.0,38.0,4,-86.472,0.713,-819.348
2417.4,45.79,20.7,0.0,38.4,4,-87.849,0.704,-818.138
2417.4,45.67,19.4,0.0,39.6,4,-89.869,0.689,-816.281
2426.1,45.61,31.9,0.0,40.2,4,-91.184,0.677,-815.014
2426.1,45.53,22.7,0.0,40.9,4,-93.109,0.659,-813.073
2426.1,45.43,15.9,0.0,40.4,4,-94.360,0.646,-811.752
2426.1,45.28,15.5,0.0,39.8,4,-96.184,0.625,-809.733
2434.7,45.20,28.1,0.0,40.0,4,-97.366,0.611,-808.362
2434.7,45.16,37.7,0.0,39.2,4,-99.089,0.589,-806.269
2434.7,45.12,23.0,0.0,38.7,4,-100.204,0.573,-804.849
2434.7,45.00,19.7,0.0,36.5,4,-101.828,0.544,-802.688
2443.3,44.91,37.1,0.0,32.0,4,-103.389,0.513,-800.489
2443.3,44.93,58.7,0.0,30.2,4,-104.393,0.494,-798.999
2443.3,45.07,73.5,0.0,25.7,4,-105.849,0.467,-796.726
2443.3,45.21,86.1,0.0,24.8,4,-106.789,0.447,-795.185
2451.8,45.49,91.9,0.0,19.9,4,-108.158,0.416,-792.834
2451.8,45.68,91.9,0.0,18.0,4,-109.044,0.392,-791.242
2451.8,45.96,91.9,0.0,10.5,4,-110.338,0.347,-788.817
2451.8,46.15,91.9,0.0,4.4,4,-111.176,0.313,-787.177
2460.8,46.47,91.9,0.0,-2.2,4,-112.397,0.256,-784.683
2460.8,46.69,90.7,0.0,-8.7,4,-113.187,0.217,-782.997
2460.8,46.99,88.5,0.0,-12.2,4,-114.349,0.159,-780.440
2460.8,47.22,88.2,0.0,-5.6,4,-115.121,0.118,-778.722
2470.0,47.54,91.9,0.0,-1.5,4,-116.290,0.058,-776.134
2470.0,47.75,91.9,0.0,-2.1,4,-117.086,0.018,-774.404
2470.0,48.10,91.9,0.0,-0.6,4,-118.304,-0.047,-771.801
2470.0,48.45,91.9,0.0,-1.5,4,-119.548,-0.122,-769.187
2479.6,48.68,91.9,0.0,-2.0,4,-120.392,-0.174,-767.438
2479.6,49.00,92.0,0.0,-2.5,4,-121.678,-0.251,-764.807
2479.6,49.23,92.0,0.0,-0.8,4,-122.549,-0.303,-763.047
2479.6,49.56,92.0,0.0,0.4,4,-123.873,-0.381,-760.398
2489.6,49.80,92.0,0.0,0.1,4,-124.765,-0.437,-758.623
2489.6,50.15,92.0,0.0,-1.0,4,-126.114,-0.528,-755.948
2489.6,50.37,92.0,0.0,-1.0,4,-127.022,-0.592,-754.156
2489.6,50.71,92.0,0.0,-0.3,4,-128.397,-0.687,-751.456
2499.9,50.94,92.0,0.0,-0.4,4,-129.322,-0.748,-749.647
2499.9,51.27,92.0,0.0,-1.2,4,-130.723,-0.840,-746.922
2499.9,51.50,92.0,0.0,-1.2,4,-131.666,-0.904,-745.097
2499.9,51.84,92.0,0.0,-1.1,4,-133.094,-1.000,-742.347
2510.4,52.06,92.0,0.0,-1.3,4,-134.056,-1.065,-740.507
2510.4,52.39,92.0,0.0,-2.4,4,-135.517,-1.162,-737.737
2510.4,52.60,90.1,0.0,-2.2,4,-136.503,-1.228,-735.885
2510.4,52.95,84.8,0.0,-2.8,4,-138.001,-1.332,-733.097
2521.1,53.28,77.0,0.0,-2.1,4,-139.522,-1.444,-730.300
2521.1,53.48,70.6,0.0,-2.1,4,-140.550,-1.524,-728.431
2521.1,53.82,60.8,0.0,-1.6,4,-142.115,-1.650,-725.622
2521.1,54.04,59.6,0.0,-2.1,4,-143.175,-1.738,-723.745
2532.0,54.38,59.7,0.0,-3.0,4,-144.788,-1.873,-720.924
2532.0,54.59,59.8,0.0,-3.2,4,-145.880,-1.965,-719.041
2532.0,54.90,58.3,0.0,-2.5,4,-147.545,-2.103,-716.213
2532.0,55.11,58.4,0.0,-2.7,4,-148.671,-2.196,-714.326
2543.0,55.42,59.6,0.0,-2.2,4,-150.385,-2.336,-711.491
2543.0,55.64,60.2,0.0,-2.6,4,-151.543,-2.430,-709.599
2543.0,55.95,60.3,0.0,-3.4,4,-153.306,-2.569,-706.757
2543.0,56.16,60.4,0.0,-2.7,4,-154.499,-2.659,-704.861
2554.2,56.46,60.5,0.0,-3.3,4,-156.317,-2.791,-702.017
2554.2,56.67,60.5,0.0,-2.6,4,-157.548,-2.877,-700.120
2554.2,56.98,60.2,0.0,-2.3,4,-159.421,-3.005,-697.276
2565.7,57.27,60.5,0.0,-2.4,4,-161.327,-3.131,-694.431
2565.7,57.47,60.6,0.0,-3.1,4,-162.616,-3.212,-692.534
2565.7,57.75,60.9,0.0,-4.2,4,-164.575,-3.328,-689.690
2565.7,57.94,61.0,0.0,-4.2,4,-165.902,-3.401,-687.796
2577.3,58.22,61.1,0.0,-5.3,4,-167.926,-3.501,-684.961
2577.3,58.41,61.1,0.0,-4.8,4,-169.300,-3.563,-683.077
2577.3,58.69,61.1,0.0,-4.6,4,-171.399,-3.647,-680.263
2577.3,58.87,61.1,0.0,-4.3,4,-172.825,-3.698,-678.394
2589.1,59.14,61.1,0.0,-2.6,4,-175.003,-3.764,-675.606
2589.1,59.32,61.1,0.0,-2.4,4,-176.481,-3.801,-673.755
2589.1,59.58,61.1,0.0,-1.8,4,-178.730,-3.847,-670.987
2589.1,59.76,61.2,0.0,-1.1,4,-180.248,-3.872,-669.146
2601.1,60.03,61.1,0.0,-0.6,4,-182.548,-3.903,-666.386
2601.1,60.29,61.1,0.0,-0.6,4,-184.870,-3.928,-663.623
2601.1,60.47,61.0,0.0,-0.1,4,-186.429,-3.942,-661.778
2601.1,60.72,61.6,0.0,-0.0,4,-188.778,-3.962,-659.004
2613.3,60.89,61.7,0.0,0.5,4,-190.352,-3.975,-657.150
2613.3,61.14,61.9,0.0,0.9,4,-192.721,-3.991,-654.360
2613.3,61.30,61.8,0.0,1.5,4,-194.304,-4.001,-652.492
2613.3,61.53,61.5,0.0,1.8,0,-196.681,-4.011,-649.678
2625.6,61.48,0.0,0.0,1.6,0,-198.263,-4.016,-647.793
2625.6,61.63,81.2,0.0,1.1,5,-200.624,-4.018,-644.956
2625.6,61.77,74.3,0.0,0.9,5,-202.195,-4.018,-643.052
2625.6,61.99,64.6,0.0,0.7,5,-204.548,-4.016,-640.180
2638.0,62.13,58.3,0.0,0.5,5,-206.114,-4.012,-638.255
2638.0,62.35,57.8,0.0,0.3,5,-208.462,-4.001,-635.352
2638.0,62.49,57.8,0.0,0.3,5,-210.028,-3.991,-633.408
2638.0,62.70,57.7,0.0,0.1,5,-212.378,-3.973,-630.479
2650.5,62.91,57.8,0.0,-0.1,5,-214.732,-3.950,-627.537
2650.5,63.05,58.4,0.0,-0.3,5,-216.304,-3.934,-625.568
2650.5,63.27,58.5,0.0,-0.8,5,-218.668,-3.909,-622.608
2650.5,63.40,58.2,0.0,-1.3,5,-220.250,-3.894,-620.629
2663.1,63.61,58.8,0.0,-2.3,5,-222.634,-3.871,-617.657
2663.1,63.75,59.3,0.0,-2.3,5,-224.234,-3.858,-615.676
2663.1,63.96,59.3,0.0,-1.9,5,-226.653,-3.841,-612.705
2663.1,64.09,53.5,0.0,-1.7,5,-228.279,-3.832,-610.727
2675.8,64.16,26.8,16.1,-1.5,5,-230.737,-3.825,-607.766
2675.8,63.95,1.1,47.9,-1.3,5,-232.384,-3.824,-605.802
2675.8,63.02,0.0,86.6,-1.2,5,-234.846,-3.827,-602.888
2675.8,62.20,0.0,86.8,-1.0,5,-236.470,-3.832,-600.980
2688.4,60.96,0.0,87.1,-0.1,5,-238.877,-3.842,-598.174
2688.4,60.15,0.0,87.3,-0.1,5,-240.463,-3.851,-596.340
2688.4,58.93,0.0,87.7,1.4,5,-242.810,-3.869,-593.644
2688.4,58.10,0.0,88.1,1.5,5,-244.353,-3.884,-591.883
2700.3,56.87,0.0,88.6,0.9,5,-246.634,-3.910,-589.292
2700.3,55.65,0.0,89.2,0.9,5,-248.871,-3.938,-586.761
2700.3,54.82,0.0,89.5,0.7,5,-250.336,-3.960,-585.105
2700.3,53.60,30.4,90.0,0.3,0,-252.493,-3.994,-582.667
2711.4,52.80,0.0,90.4,-0.0,4,-253.903,-4.019,-581.071
2711.4,51.56,0.0,90.9,-0.2,4,-255.977,-4.057,-578.723
2711.4,50.73,0.0,91.3,-0.2,4,-257.331,-4.083,-577.188
2711.4,49.50,0.0,91.8,-0.1,4,-259.322,-4.124,-574.931
2721.6,48.65,0.0,92.2,-0.0,4,-260.621,-4.151,-573.458
2721.6,47.41,0.0,92.8,0.8,4,-262.528,-4.190,-571.295
2721.6,46.57,0.0,92.9,0.4,4,-263.772,-4.215,-569.884
2721.6,45.33,33.9,92.6,-1.4,0,-265.596,-4.251,-567.814
2731.0,44.52,0.0,92.3,-0.8,3,-266.787,-4.274,-566.466
2731.0,43.31,0.0,91.2,-0.3,3,-268.534,-4.309,-564.490
2731.0,42.49,0.0,91.5,-0.5,3,-269.673,-4.332,-563.205
2731.0,41.26,0.0,91.8,-1.0,3,-271.343,-4.365,-561.325
2739.6,40.05,0.0,91.5,-0.5,3,-272.968,-4.397,-559.503
2739.6,39.26,0.0,90.4,-0.8,3,-274.028,-4.417,-558.320
2739.6,38.08,40.4,85.3,-0.3,0,-275.581,-4.447,-556.595
2739.6,37.34,0.0,80.7,0.2,2,-276.595,-4.467,-555.476
2747.4,36.28,0.0,76.3,-0.2,2,-278.083,-4.495,-553.842
2747.4,35.59,0.0,74.2,1.4,2,-279.056,-4.514,-552.782
2747.4,34.59,0.0,69.9,1.1,2,-280.485,-4.541,-551.234
2747.4,33.97,0.0,64.7,1.6,2,-281.418,-4.559,-550.227
2754.4,33.11,0.0,64.5,1.5,2,-282.786,-4.585,-548.750
2754.4,32.53,0.0,63.4,1.1,2,-283.679,-4.602,-547.786
2754.4,31.69,0.0,59.1,-5.9,2,-284.988,-4.626,-546.371
2754.4,31.16,0.0,56.2,-9.4,2,-285.846,-4.643,-545.451
2760.9,30.40,0.0,51.8,-8.6,2,-287.120,-4.666,-544.112
2760.9,29.72,30.0,49.7,-7.2,0,-288.381,-4.690,-542.822
2760.9,29.27,0.0,53.5,-3.8,1,-289.216,-4.705,-541.987
2766.8,28.53,0.0,55.2,-0.5,1,-290.456,-4.726,-540.773
2766.8,28.03,0.0,51.5,0.1,1,-291.270,-4.740,-539.986
2766.8,27.42,0.0,23.8,-1.2,1,-292.471,-4.759,-538.835
2766.8,27.17,0.0,25.1,-2.8,1,-293.263,-4.772,-538.083
2772.3,26.76,0.0,27.9,-4.6,1,-294.443,-4.790,-536.975
2772.3,26.48,0.0,28.0,-5.4,1,-295.223,-4.802,-536.250
2772.3,26.09,0.0,36.3,-0.4,1,-296.386,-4.821,-535.184
2772.3,25.75,0.0,38.4,-3.1,1,-297.152,-4.833,-534.484
2777.5,25.22,0.0,36.0,-10.1,1,-298.288,-4.851,-533.459
2777.5,24.88,0.0,38.3,-12.9,1,-299.039,-4.862,-532.795
2777.5,24.36,0.0,26.6,-12.7,1,-300.161,-4.878,-531.833
2777.5,24.08,0.0,29.2,-14.7,1,-300.906,-4.888,-531.213
2782.3,23.65,0.0,29.5,-16.9,1,-302.024,-4.903,-530.317
2782.3,23.20,0.0,31.1,-18.3,1,-303.142,-4.916,-529.464
2782.3,22.90,0.0,23.9,-18.8,1,-303.887,-4.925,-528.921
2782.3,22.55,0.0,17.2,-19.7,1,-305.007,-4.936,-528.143
2786.9,22.35,0.0,14.8,-19.9,1,-305.757,-4.943,-527.648
2786.9,22.05,0.0,25.4,-20.3,1,-306.887,-4.952,-526.942
2786.9,21.81,0.0,16.1,-20.8,1,-307.642,-4.958,-526.494
2786.9,21.60,17.2,1.5,-22.0,1,-308.778,-4.965,-525.859
2791.4,21.65,33.4,0.0,-22.8,1,-309.543,-4.970,-525.456
2791.4,21.79,33.6,0.0,-26.2,1,-310.711,-4.974,-524.879
2791.4,21.87,33.1,0.0,-31.7,1,-311.503,-4.977,-524.513
2791.4,22.00,37.3,0.0,-33.4,1,-312.713,-4.980,-523.996
2796.5,22.09,36.4,0.0,-27.4,1,-313.533,-4.981,-523.674
2818.6,23.75,36.6,0.0,-48.7,1,-334.523,-4.905,-522.731
2823.7,24.01,74.5,0.0,-38.8,1,-335.894,-4.894,-523.141
2823.7,24.31,87.9,0.0,-40.6,1,-336.811,-4.885,-523.445
2823.7,24.79,65.2,0.0,-38.6,1,-338.194,-4.870,-523.949
2823.7,25.04,71.1,0.0,-39.9,1,-339.119,-4.859,-524.318
2828.7,25.38,66.1,0.0,-27.7,1,-340.505,-4.840,-524.923
2828.7,25.63,70.8,0.0,-25.9,1,-341.426,-4.827,-525.360
2828.7,26.01,61.0,0.0,-16.4,1,-342.804,-4.806,-526.067
2828.7,26.23,59.3,0.0,-13.5,1,-343.719,-4.792,-526.571
2834.0,26.65,77.9,0.0,-10.1,1,-345.086,-4.770,-527.372
2834.0,26.97,73.1,0.0,-13.8,1,-345.998,-4.755,-527.935
2834.0,27.33,49.4,0.0,-16.8,1,-347.360,-4.733,-528.828
2834.0,27.45,32.3,0.0,-14.1,1,-348.261,-4.718,-529.453
2839.3,27.49,18.7,0.0,-17.5,1,-349.593,-4.696,-530.424
2839.3,27.54,22.6,0.0,-0.8,1,-350.900,-4.673,-531.431
2839.3,27.59,24.9,0.0,8.1,1,-351.767,-4.658,-532.112
2839.3,27.69,26.2,0.0,11.9,1,-353.075,-4.634,-533.131
2844.9,27.79,37.1,0.0,11.3,1,-353.958,-4.618,-533.802
2844.9,27.95,32.3,0.0,10.9,1,-355.302,-4.596,-534.797
2844.9,27.99,13.5,0.0,9.9,1,-356.210,-4.582,-535.450
2844.9,27.92,3.5,0.0,9.8,1,-357.586,-4.563,-536.411
2850.5,27.87,4.7,0.0,11.3,1,-358.509,-4.550,-537.038
2850.5,27.76,1.5,9.3,15.6,1,-359.904,-4.533,-537.954
2850.5,27.60,0.0,14.4,18.0,1,-360.840,-4.523,-538.546
2850.5,27.29,0.0,11.0,18.8,1,-362.251,-4.509,-539.397
2856.1,27.14,0.6,1.1,18.5,1,-363.196,-4.500,-539.937
2856.1,27.12,27.0,0.0,18.1,1,-364.627,-4.490,-540.711
2856.1,27.22,39.4,0.0,18.9,1,-365.595,-4.483,-541.204
2856.1,27.43,42.4,0.0,22.3,1,-367.072,-4.475,-541.914
2861.9,27.56,27.9,0.0,25.8,1,-368.579,-4.468,-542.584
2861.9,27.58,17.9,0.0,27.3,1,-369.599,-4.464,-543.006
2861.9,27.55,14.6,0.0,26.3,1,-371.144,-4.460,-543.596
2861.9,27.52,12.9,0.0,26.3,1,-372.184,-4.458,-543.958
2867.8,27.46,7.5,0.0,25.5,1,-373.757,-4.455,-544.456
2867.8,27.40,8.9,0.0,26.8,1,-374.813,-4.454,-544.755
2867.8,27.32,5.5,0.0,27.9,1,-376.405,-4.452,-545.154
2867.8,27.25,6.8,0.0,28.1,1,-377.471,-4.452,-545.387
2873.8,27.18,18.1,0.0,28.4,1,-379.076,-4.451,-545.684
2873.8,27.19,24.9,0.0,29.1,1,-380.151,-4.451,-545.849
2873.8,27.33,48.4,0.0,32.8,1,-381.773,-4.452,-546.046
2873.8,27.52,59.8,0.0,34.1,1,-382.865,-4.452,-546.146
2880.4,27.92,75.1,0.0,35.4,1,-384.523,-4.453,-546.249
2880.4,28.19,69.5,0.0,36.9,1,-385.645,-4.454,-546.287
2880.4,28.57,66.3,0.0,36.7,1,-387.347,-4.456,-546.294
2880.4,28.93,68.2,0.0,36.8,1,-389.070,-4.458,-546.240
2886.5,29.16,60.9,0.0,37.3,1,-390.229,-4.459,-546.169
2886.5,29.44,53.2,0.0,37.4,1,-391.979,-4.462,-546.006
2886.5,29.54,33.2,0.0,37.6,1,-393.150,-4.463,-545.860
2886.5,29.56,24.4,0.0,37.6,1,-394.902,-4.466,-545.584
2892.6,29.57,25.6,0.0,35.6,1,-396.063,-4.468,-545.363
2892.6,29.64,36.4,0.0,42.1,1,-397.796,-4.471,-544.978
2892.6,29.71,32.7,0.0,40.3,1,-398.947,-4.475,-544.688
2892.6,29.76,30.1,0.0,37.5,1,-400.664,-4.482,-544.203
2898.5,29.83,39.8,0.0,38.0,1,-401.801,-4.488,-543.847
2898.5,30.03,50.1,0.0,41.3,1,-403.498,-4.499,-543.263
2898.5,30.14,38.1,0.0,39.8,1,-404.625,-4.508,-542.841
2898.5,30.23,35.4,0.0,37.0,1,-406.302,-4.525,-542.158
2904.2,30.33,44.4,0.0,36.6,1,-407.410,-4.538,-541.669
2904.2,30.54,53.7,0.0,37.1,1,-409.057,-4.559,-540.883
2904.2,30.82,60.8,0.0,32.9,1,-410.690,-4.581,-540.036
2904.2,31.04,66.2,0.0,31.2,1,-411.772,-4.598,-539.437
2910.1,31.42,72.7,0.0,28.5,1,-413.384,-4.623,-538.485
2910.1,31.66,66.6,0.0,25.5,1,-414.453,-4.641,-537.816
2910.1,32.06,71.7,0.0,20.8,1,-416.044,-4.668,-536.758
2910.1,32.31,65.4,0.0,16.5,1,-417.096,-4.686,-536.018
2916.1,32.70,75.7,0.0,12.5,1,-418.658,-4.713,-534.852
2929.3,36.86,91.9,0.0,6.1,2,-432.186,-4.925,-521.817
2936.5,37.36,91.9,0.0,7.4,2,-433.658,-4.943,-520.148
2936.5,37.70,91.9,0.0,9.1,2,-434.637,-4.956,-519.011
2936.5,38.17,92.0,0.0,8.8,2,-436.100,-4.974,-517.269
2936.5,38.52,92.0,0.0,8.1,2,-437.071,-4.988,-516.082
2943.9,39.01,92.0,0.0,8.1,2,-438.514,-5.006,-514.260
2943.9,39.33,92.0,0.0,8.2,2,-439.468,-5.018,-513.017
2943.9,39.79,92.0,0.0,7.4,2,-440.883,-5.035,-511.113
2943.9,40.11,92.0,0.0,6.7,2,-441.816,-5.047,-509.816
2951.6,40.56,92.0,0.0,6.0,2,-443.195,-5.063,-507.829
2951.6,41.01,92.0,0.0,4.1,2,-444.549,-5.077,-505.791
2951.6,41.30,92.1,0.0,3.4,2,-445.437,-5.084,-504.406
2959.5,41.73,92.1,0.0,4.2,2,-446.751,-5.095,-502.290
2959.5,42.05,92.2,0.0,4.6,2,-447.615,-5.101,-500.854
2959.5,42.47,92.0,0.0,6.6,0,-448.891,-5.109,-498.664
2959.5,42.46,0.0,0.0,7.1,0,-449.727,-5.113,-497.185
2967.8,42.75,91.9,0.0,8.1,3,-450.952,-5.117,-494.945
2967.8,43.02,91.9,0.0,7.7,3,-451.754,-5.118,-493.429
2967.8,43.42,91.9,0.0,7.8,3,-452.935,-5.119,-491.121
2967.8,43.68,91.9,0.0,7.9,3,-453.707,-5.122,-489.561
2976.2,44.08,91.9,0.0,6.8,3,-454.842,-5.128,-487.186
2976.2,44.35,91.9,0.0,6.7,3,-455.581,-5.134,-485.580
2976.2,44.74,91.9,0.0,7.0,3,-456.665,-5.144,-483.138
2976.2,45.13,92.0,0.0,7.5,3,-457.717,-5.157,-480.656
2984.8,45.39,92.0,0.0,8.2,3,-458.401,-5.168,-478.981
2984.8,45.78,92.0,0.0,9.9,3,-459.398,-5.188,-476.435
2984.8,46.02,92.0,0.0,10.8,3,-460.042,-5.203,-474.716
2984.8,46.39,92.0,0.0,11.1,3,-460.974,-5.230,-472.106
2993.9,46.64,92.0,0.0,11.1,3,-461.570,-5.249,-470.344
2993.9,46.99,92.0,0.0,11.5,3,-462.423,-5.280,-467.669
2993.9,47.23,92.0,0.0,11.6,3,-462.963,-5.303,-465.864
2993.9,47.58,92.0,0.0,11.9,3,-463.728,-5.339,-463.126
3003.1,47.80,92.0,0.0,12.4,3,-464.207,-5.365,-461.280
3003.1,48.14,92.1,0.0,13.1,3,-464.877,-5.406,-458.482
3003.1,48.36,92.1,0.0,13.2,3,-465.290,-5.434,-456.597
3003.1,48.69,92.1,0.0,13.1,3,-465.857,-5.476,-453.742
3012.6,48.91,92.1,0.0,13.1,3,-466.199,-5.505,-451.821
3012.6,49.23,92.1,0.0,13.4,3,-466.656,-5.546,-448.914
3012.6,49.44,92.1,0.0,14.1,3,-466.923,-5.573,-446.959
3012.6,49.76,92.1,0.0,15.4,3,-467.268,-5.614,-444.004
3022.4,50.07,92.1,0.0,16.7,3,-467.546,-5.654,-441.023
3022.4,50.27,92.1,0.0,17.0,3,-467.693,-5.681,-439.022
3022.4,50.57,92.2,0.0,17.4,3,-467.855,-5.720,-436.002
3022.4,50.76,92.3,0.0,17.6,3,-467.924,-5.746,-433.977
3032.4,51.04,92.2,0.0,17.9,3,-467.967,-5.785,-430.925
3032.4,51.22,92.1,0.0,17.5,3,-467.954,-5.811,-428.880
3032.4,51.38,0.0,0.0,16.7,0,-467.870,-5.847,-425.802
3032.4,51.31,85.7,0.0,15.7,4,-467.770,-5.870,-423.751
3042.7,51.54,92.0,0.0,13.4,4,-467.552,-5.903,-420.675
3042.7,51.72,92.0,0.0,12.2,4,-467.361,-5.923,-418.619
3042.7,51.98,92.0,0.0,11.1,4,-467.008,-5.950,-415.529
3042.7,52.15,92.0,0.0,11.1,4,-466.727,-5.966,-413.466
3053.6,52.42,92.0,0.0,11.9,4,-466.243,-5.990,-410.367
3053.6,52.61,92.0,0.0,12.8,4,-465.878,-6.005,-408.299
3053.6,52.88,88.8,0.0,15.0,4,-465.273,-6.030,-405.193
3053.6,53.15,79.0,0.0,16.6,4,-464.601,-6.060,-402.085
3064.9,53.31,72.5,0.0,18.5,4,-464.114,-6.082,-400.012
3064.9,53.54,59.7,0.0,20.0,4,-463.321,-6.113,-396.907
3064.9,53.64,42.4,0.0,20.5,4,-462.748,-6.132,-394.841
3064.9,53.70,37.4,0.0,21.1,4,-461.821,-6.156,-391.758
3075.7,53.75,42.7,0.0,21.2,4,-461.159,-6.170,-389.714
3075.7,53.82,33.5,0.0,21.2,4,-460.102,-6.191,-386.664
3075.7,53.82,29.8,0.0,21.1,4,-459.356,-6.205,-384.645
3075.7,53.81,32.3,0.0,20.6,4,-458.175,-6.226,-381.640
3086.3,53.84,37.0,0.0,20.1,4,-457.344,-6.238,-379.654
3086.3,53.85,25.6,0.0,18.8,4,-456.035,-6.252,-376.700
3086.3,53.86,35.6,0.0,17.9,4,-455.119,-6.258,-374.751
3086.3,53.96,40.8,0.0,16.1,4,-453.684,-6.264,-371.852
3096.9,54.13,59.8,0.0,13.9,4,-452.181,-6.273,-368.981
3096.9,54.27,59.9,0.0,12.2,4,-451.141,-6.280,-367.079
3096.9,54.51,60.0,0.0,9.3,4,-449.523,-6.292,-364.245
3096.9,54.71,60.0,0.0,6.7,4,-448.408,-6.299,-362.368
3107.7,55.02,60.1,0.0,4.8,4,-446.684,-6.310,-359.564
3107.7,55.26,60.1,0.0,4.2,4,-445.506,-6.317,-357.700
3107.7,55.56,60.2,0.0,3.4,4,-443.703,-6.328,-354.908
3107.7,55.75,60.3,0.0,2.5,4,-442.479,-6.334,-353.049
3118.7,56.05,60.3,0.0,1.9,4,-440.615,-6.343,-350.261
3141.3,58.53,61.1,0.0,0.5,4,-423.211,-6.363,-326.085
3153.0,58.72,61.1,0.0,0.5,4,-421.787,-6.356,-324.223
3153.0,59.00,61.1,0.0,0.4,4,-419.635,-6.343,-321.423
3153.0,59.17,61.1,0.0,0.1,4,-418.192,-6.333,-319.552
3153.0,59.45,61.1,0.0,-0.3,4,-416.016,-6.319,-316.737
3164.9,59.71,61.1,0.0,-0.6,4,-413.828,-6.304,-313.910
3164.9,59.89,61.2,0.0,-0.6,4,-412.365,-6.294,-312.018
3164.9,60.15,61.1,0.0,-0.7,4,-410.164,-6.279,-309.169
3164.9,60.32,61.1,0.0,-0.7,4,-408.694,-6.268,-307.260
3176.9,60.58,61.0,0.0,-0.7,4,-406.486,-6.253,-304.383
3176.9,60.74,61.0,0.0,-0.7,4,-405.013,-6.242,-302.455
3176.9,60.99,60.7,0.0,-0.7,4,-402.802,-6.225,-299.550
3176.9,61.15,60.6,0.0,-0.6,4,-401.328,-6.213,-297.603
3189.1,61.38,60.3,0.0,-0.7,4,-399.114,-6.194,-294.668
3189.1,61.54,60.2,0.0,-0.6,4,-397.638,-6.182,-292.703
3189.1,61.57,0.0,0.0,-0.3,0,-395.424,-6.163,-289.744
3189.1,61.65,86.9,0.0,0.2,5,-393.952,-6.150,-287.769
3201.3,61.88,77.2,0.0,0.4,5,-391.742,-6.129,-284.795
3201.3,62.04,70.7,0.0,0.2,5,-390.264,-6.115,-282.806
3201.3,62.28,61.0,0.0,-0.1,5,-388.040,-6.095,-279.813
3201.3,62.51,59.9,0.0,-0.1,5,-385.807,-6.074,-276.809
3213.8,62.66,59.9,0.0,-0.1,5,-384.314,-6.059,-274.800
3213.8,62.89,60.0,0.0,-0.1,5,-382.067,-6.034,-271.778
3213.8,63.04,60.1,0.0,-0.1,5,-380.566,-6.016,-269.757
3213.8,63.27,60.1,0.0,-0.2,5,-378.307,-5.989,-266.715
3226.4,63.42,60.2,0.0,-0.2,5,-376.798,-5.971,-264.680
3226.4,63.64,60.2,0.0,-0.3,5,-374.529,-5.945,-261.618
3226.4,63.79,60.3,0.0,-0.2,5,-373.013,-5.927,-259.569
3226.4,64.01,60.3,0.0,-0.2,5,-370.735,-5.899,-256.487
3239.1,64.15,60.4,0.0,-0.1,5,-369.213,-5.878,-254.425
3239.1,64.37,60.4,0.0,0.0,5,-366.926,-5.843,-251.321
3239.1,64.51,60.4,0.0,0.1,5,-365.397,-5.820,-249.246
3239.1,64.73,60.5,0.0,0.2,5,-363.099,-5.784,-246.124
3252.0,64.87,60.5,0.0,0.0,5,-361.563,-5.758,-244.037
3252.0,65.08,60.6,0.0,0.1,5,-359.252,-5.718,-240.898
3252.0,65.29,60.6,0.0,0.1,5,-356.932,-5.674,-237.750
3252.0,65.43,60.7,0.0,0.0,5,-355.381,-5.644,-235.646
3265.1,65.63,60.7,0.0,0.1,5,-353.047,-5.599,-232.483
3265.1,65.77,60.7,0.0,0.3,5,-351.486,-5.570,-230.369
3265.1,65.98,60.8,0.0,0.4,5,-349.136,-5.529,-227.192
3265.1,66.12,60.8,0.0,0.4,5,-347.564,-5.505,-225.070
3278.2,66.31,60.9,0.0,0.3,5,-345.196,-5.469,-221.880
3278.2,66.44,60.9,0.0,0.2,5,-343.611,-5.442,-219.750
3278.2,66.64,61.0,0.0,0.1,5,-341.225,-5.400,-216.550
3278.2,66.78,61.0,0.0,0.1,5,-339.628,-5.371,-214.413
3291.5,66.98,61.1,0.0,0.1,5,-337.224,-5.326,-211.201
3291.5,67.11,61.1,0.0,0.0,5,-335.616,-5.295,-209.055
3291.5,67.30,61.2,0.0,0.0,5,-333.197,-5.248,-205.830
3291.5,67.43,61.2,0.0,0.0,5,-331.580,-5.218,-203.675
3305.0,67.62,61.2,0.0,-0.1,5,-329.147,-5.170,-200.436
3305.0,67.81,61.2,0.0,-0.1,5,-326.708,-5.120,-197.188
3305.0,67.94,61.2,0.0,-0.1,5,-325.077,-5.085,-195.017
3318.5,68.12,61.2,0.0,-0.1,5,-322.627,-5.031,-191.754
3318.5,68.25,61.3,0.0,-0.1,5,-320.991,-4.994,-189.572
3318.5,68.43,61.3,0.0,-0.2,5,-318.531,-4.939,-186.293
3318.5,68.55,61.3,0.0,-0.2,5,-316.888,-4.903,-184.101
3332.2,68.73,61.3,0.0,-0.2,5,-314.421,-4.848,-180.804
3332.2,68.91,61.3,0.0,-0.1,5,-311.948,-4.793,-177.498
3332.2,69.03,61.3,0.0,-0.1,5,-310.298,-4.756,-175.288
3332.2,69.20,61.3,0.0,-0.1,5,-307.818,-4.702,-171.965
3346.0,69.32,61.3,0.0,-0.2,5,-306.163,-4.665,-169.744
3346.0,69.49,61.2,0.0,-0.2,5,-303.676,-4.609,-166.405
3346.0,69.60,61.2,0.0,-0.2,5,-302.016,-4.570,-164.173
3346.0,69.77,61.2,0.0,-0.2,5,-299.523,-4.512,-160.817
3359.9,69.88,61.1,0.0,-0.2,5,-297.859,-4.473,-158.574
3359.9,70.04,60.9,0.0,-0.2,5,-295.360,-4.414,-155.202
3359.9,70.15,60.9,0.0,-0.2,5,-293.693,-4.374,-152.948
3359.9,70.31,60.8,0.0,-0.2,5,-291.189,-4.315,-149.560
3374.0,70.42,60.8,0.0,-0.1,5,-289.519,-4.274,-147.295
3374.0,70.57,60.7,0.0,-0.1,5,-287.011,-4.214,-143.890
3374.0,70.67,60.6,0.0,-0.1,5,-285.337,-4.173,-141.615
3374.0,70.83,60.5,0.0,-0.0,5,-282.824,-4.114,-138.195
3388.1,70.97,60.3,0.0,0.0,0,-280.307,-4.055,-134.766
3388.1,70.89,0.0,0.0,0.1,0,-278.628,-4.016,-132.479
3388.1,70.98,83.9,0.0,0.1,6,-276.111,-3.955,-129.049
3388.1,71.08,77.4,0.0,0.1,6,-274.431,-3.915,-126.759
3402.3,71.23,67.7,0.0,0.1,6,-271.905,-3.853,-123.318
3402.3,71.33,61.2,0.0,0.5,6,-270.217,-3.812,-121.021
3402.3,71.48,59.9,0.0,0.9,6,-267.679,-3.750,-117.571
3402.3,71.58,60.0,0.0,0.3,6,-265.981,-3.709,-115.268
3416.6,71.72,60.0,0.0,0.4,6,-263.425,-3.647,-111.812
3416.6,71.82,60.0,0.0,-0.4,6,-261.715,-3.605,-109.506
3416.6,71.96,60.1,0.0,-1.0,6,-259.144,-3.541,-106.044
3416.6,72.06,60.1,0.0,-0.9,6,-257.427,-3.497,-103.732
3431.0,72.21,60.2,0.0,-0.5,6,-254.853,-3.430,-100.253
3431.0,72.30,60.2,0.0,-0.3,6,-253.139,-3.386,-97.927
3431.0,72.45,60.3,0.0,-0.5,6,-250.571,-3.318,-94.426
3431.0,72.59,60.3,0.0,-0.6,6,-248.006,-3.252,-90.913
3445.5,72.68,60.3,0.0,-0.6,6,-246.297,-3.210,-88.564
3445.5,72.82,60.3,0.0,-0.3,6,-243.735,-3.146,-85.030
3445.5,72.92,60.3,0.0,0.1,6,-242.028,-3.104,-82.668
3445.5,73.05,60.4,0.0,0.8,6,-239.467,-3.042,-79.117
3460.1,73.15,60.4,0.0,1.2,6,-237.757,-3.000,-76.745
3460.1,73.28,60.4,0.0,0.7,6,-235.184,-2.937,-73.186
3460.1,73.37,60.5,0.0,1.0,6,-233.462,-2.894,-70.812
3460.1,73.50,60.5,0.0,1.6,6,-230.866,-2.830,-67.253
3503.6,68.87,0.0,6.9,4.6,6,-207.723,-2.242,-38.090
3503.6,68.59,3.3,0.3,4.5,6,-204.940,-2.176,-35.048
3517.3,68.45,9.9,0.0,4.1,6,-203.059,-2.131,-33.055
3517.3,68.30,13.0,0.0,4.5,6,-200.202,-2.066,-30.111
3517.3,68.18,10.7,0.0,5.2,6,-198.274,-2.022,-28.179
3517.3,67.82,0.7,23.5,6.1,6,-195.352,-1.958,-25.327
3530.7,67.30,0.0,65.6,6.8,6,-193.390,-1.913,-23.465
3530.7,66.41,0.0,7.3,6.2,6,-190.446,-1.846,-20.744
3530.7,66.33,72.1,0.0,5.6,6,-188.469,-1.801,-18.974
3530.7,66.45,75.0,0.0,7.1,6,-185.460,-1.736,-16.365
3543.8,66.51,58.1,0.0,9.3,6,-183.424,-1.698,-14.655
3543.8,66.50,20.9,0.0,12.9,6,-180.330,-1.649,-12.134
3543.8,66.39,27.8,0.0,14.8,6,-177.191,-1.609,-9.676
3543.8,66.39,52.9,0.0,14.8,6,-175.074,-1.588,-8.074
3557.1,66.47,57.7,0.0,14.5,6,-171.854,-1.561,-5.726
3557.1,66.52,57.8,0.0,14.2,6,-169.675,-1.545,-4.201
3557.1,66.55,57.8,0.0,14.8,6,-166.358,-1.520,-1.980
3557.1,66.56,57.9,0.0,15.9,6,-164.116,-1.502,-0.544
3570.9,66.58,22.5,0.0,17.7,6,-160.708,-1.471,1.539
3570.9,66.49,35.7,0.0,19.3,6,-158.407,-1.446,2.876
3570.9,66.52,58.1,0.0,21.3,6,-154.918,-1.405,4.813
3570.9,66.58,58.0,0.0,22.9,6,-152.568,-1.379,6.063
3585.1,66.61,41.8,0.0,24.0,6,-149.007,-1.344,7.878
3585.1,66.52,43.8,0.0,24.6,6,-145.411,-1.319,9.617
3585.1,66.48,28.7,0.0,24.7,6,-142.992,-1.300,10.724
3585.1,66.27,13.1,0.0,28.4,6,-139.333,-1.266,12.298
3599.0,66.13,16.4,0.0,31.3,6,-136.879,-1.242,13.293
3599.0,65.92,16.3,0.0,35.1,6,-133.178,-1.205,14.706
3599.0,65.69,13.9,0.0,37.5,6,-129.456,-1.167,16.025
3599.0,65.53,12.3,0.0,38.3,6,-126.966,-1.143,16.854
3612.9,65.27,10.8,0.0,38.1,6,-123.218,-1.109,18.018
3612.9,65.08,10.4,0.0,37.5,6,-120.713,-1.087,18.739
3612.9,64.80,9.5,0.0,36.8,6,-116.946,-1.052,19.736
3612.9,64.61,9.0,0.0,36.9,6,-114.430,-1.030,20.345
3626.0,64.31,8.5,0.0,37.4,6,-110.653,-0.998,21.177
3626.0,64.11,8.4,0.0,38.0,6,-108.133,-0.974,21.673
3626.0,63.82,8.4,0.0,39.4,6,-104.352,-0.937,22.333
3626.0,63.64,8.4,0.0,40.5,6,-101.832,-0.913,22.719
3638.6,63.35,8.4,0.0,40.9,6,-98.055,-0.876,23.219
3638.6,63.15,8.4,0.0,40.5,6,-95.540,-0.850,23.497
3638.6,62.88,8.4,0.0,38.8,6,-91.774,-0.808,23.832
3638.6,62.70,8.4,0.0,37.3,6,-89.268,-0.779,24.003
3650.8,62.43,8.6,0.0,33.8,6,-85.518,-0.736,24.180
3650.8,62.18,12.3,0.0,30.2,6,-81.781,-0.692,24.260
3650.8,62.03,14.6,0.0,27.5,6,-79.297,-0.663,24.260
3663.1,61.83,19.8,0.0,23.8,6,-75.582,-0.617,24.177
3663.1,61.73,24.6,0.0,21.3,6,-73.114,-0.585,24.068
3663.1,61.64,34.9,0.0,17.6,6,-69.421,-0.538,23.825
3663.1,61.62,37.7,0.0,15.5,6,-66.966,-0.507,23.614
3675.4,61.61,41.2,0.0,12.5,6,-63.290,-0.463,23.225
3675.4,61.66,50.3,0.0,10.5,6,-60.844,-0.434,22.917
3675.4,61.78,54.2,0.0,7.6,6,-57.181,-0.382,22.380
3675.4,61.88,54.3,0.0,5.6,6,-54.741,-0.345,21.978
3687.7,62.03,54.8,0.0,2.8,6,-51.083,-0.293,21.321
3687.7,62.15,54.7,0.0,0.6,6,-48.645,-0.264,20.851
3687.7,62.33,54.7,0.0,-1.6,6,-44.987,-0.224,20.103
3687.7,62.45,54.7,0.0,-2.1,6,-42.546,-0.197,19.584
3700.0,62.64,54.9,0.0,-2.6,6,-38.877,-0.155,18.796
3700.0,62.83,54.7,0.0,-3.5,6,-35.195,-0.116,18.016
3700.0,62.94,55.1,0.0,-4.2,6,-32.732,-0.090,17.509
3700.0,63.13,55.1,0.0,-4.2,6,-29.023,-0.054,16.774
3712.6,63.24,55.3,0.0,-3.8,6,-26.540,-0.032,16.304
3712.6,63.41,55.4,0.0,-4.4,6,-22.801,-0.004,15.631
3712.6,63.52,55.7,0.0,-4.9,6,-20.299,0.013,15.205
3712.6,63.69,55.8,0.0,-5.8,6,-16.530,0.035,14.605
3725.4,63.80,55.8,0.0,-6.6,6,-14.008,0.050,14.233
3725.4,63.96,56.0,0.0,-7.6,6,-10.210,0.075,13.724
3725.4,64.06,56.1,0.0,-7.8,6,-7.668,0.092,13.418
3725.4,64.21,56.2,0.0,-8.1,6,-3.842,0.118,13.015
3738.3,64.31,56.2,0.0,-7.7,6,-1.282,0.136,12.786
3738.3,64.45,56.4,0.0,-7.7,6,2.570,0.165,12.507
3738.3,64.53,56.5,0.0,-7.9,6,5.145,0.187,12.364
3738.3,64.67,56.6,0.0,-8.2,6,9.018,0.225,12.216
3751.4,64.81,56.7,0.0,-8.4,6,12.901,0.267,12.145
3751.4,64.90,56.7,0.0,-8.6,6,15.495,0.296,12.141
3751.4,65.03,56.8,0.0,-8.6,6,19.392,0.344,12.199
3751.4,65.13,56.9,0.0,-8.3,6,21.994,0.378,12.281
3764.9,65.26,57.0,0.0,-7.3,6,25.900,0.435,12.473
3764.9,65.35,57.1,0.0,-6.7,6,28.506,0.477,12.647
3764.9,65.47,57.1,0.0,-6.5,6,32.416,0.540,12.973
3764.9,65.53,57.2,0.0,-8.0,6,35.024,0.578,13.227
3778.3,65.66,40.7,0.0,-10.8,6,38.935,0.625,13.661
3778.3,65.68,39.5,0.0,-12.0,6,41.541,0.657,13.993
3778.3,65.76,57.3,0.0,-11.6,6,45.442,0.709,14.559
3778.3,65.84,57.3,0.0,-10.5,6,48.039,0.745,14.982
3792.0,65.94,57.5,0.0,-9.2,6,51.929,0.800,15.686
3792.0,66.02,57.5,0.0,-9.3,6,54.517,0.837,16.202
3792.0,66.15,57.5,0.0,-9.6,6,58.391,0.891,17.047
3792.0,66.26,57.6,0.0,-9.7,6,62.252,0.948,17.978
3805.7,66.35,57.7,0.0,-9.8,6,64.819,0.987,18.643
3805.7,66.47,57.9,0.0,-9.7,6,68.658,1.043,19.706
3805.7,66.56,57.7,0.0,-9.3,6,71.209,1.081,20.458
3805.7,66.67,57.7,0.0,-8.2,6,75.023,1.137,21.652
3819.5,66.75,58.0,0.0,-7.8,6,77.555,1.176,22.493
3819.5,66.87,58.1,0.0,-7.9,6,81.337,1.234,23.821
3819.5,66.96,58.0,0.0,-8.2,6,83.847,1.272,24.748
3819.5,67.09,58.0,0.0,-8.8,6,87.595,1.329,26.203
3833.1,67.16,58.2,0.0,-8.8,6,90.080,1.368,27.217
3833.1,67.29,58.2,0.0,-8.9,6,93.789,1.428,28.802
3833.1,67.37,58.2,0.0,-8.6,6,96.248,1.468,29.900
3833.1,67.50,58.3,0.0,-8.2,6,99.912,1.530,31.613
3846.6,67.62,58.3,0.0,-8.0,6,103.548,1.594,33.403
3846.6,67.70,58.4,0.0,-8.0,6,105.956,1.637,34.638
3846.6,67.83,58.4,0.0,-7.9,6,109.542,1.702,36.553
3846.6,67.91,58.5,0.0,-8.1,6,111.915,1.745,37.870
3860.1,68.04,58.5,0.0,-8.2,6,115.449,1.808,39.905
3860.1,68.12,58.6,0.0,-8.2,6,117.785,1.851,41.302
3860.1,68.24,58.6,0.0,-8.1,6,121.262,1.914,43.456
3860.1,68.33,58.6,0.0,-8.3,6,123.561,1.955,44.931
3873.6,68.45,58.7,0.0,-8.3,6,126.980,2.013,47.199
3873.6,68.53,58.7,0.0,-8.1,6,129.238,2.052,48.750
3873.6,68.65,58.8,0.0,-8.4,6,132.593,2.107,51.132
3873.6,68.74,58.8,0.0,-8.4,6,134.808,2.142,52.757
3887.3,68.86,58.9,0.0,-8.3,6,138.098,2.191,55.250
3887.3,68.94,58.9,0.0,-8.4,6,140.268,2.222,56.948
3887.3,69.07,59.0,0.0,-8.4,6,143.489,2.264,59.549
3887.3,69.15,59.0,0.0,-8.0,6,145.614,2.287,61.317
3901.0,69.28,59.0,0.0,-7.3,6,148.767,2.315,64.019
3901.0,69.19,14.7,27.1,-5.5,6,151.874,2.336,66.781
3901.0,68.77,0.0,61.3,-3.9,6,153.910,2.349,68.646
3914.8,67.82,0.0,73.3,-0.9,6,156.898,2.365,71.454
3914.8,67.09,0.0,79.8,1.2,6,158.842,2.375,73.327
3914.8,65.88,0.0,81.9,3.1,6,161.688,2.390,76.127
3914.8,65.08,0.0,81.3,3.1,6,163.539,2.399,77.982
3928.0,63.89,0.0,81.0,1.9,6,166.255,2.413,80.740
3928.0,63.11,0.0,79.7,0.8,6,168.029,2.423,82.559
3928.0,61.95,0.0,81.7,-0.2,6,170.644,2.439,85.253
3928.0,61.19,30.6,82.6,-0.3,0,172.359,2.451,87.023
3940.3,60.04,0.0,81.5,0.1,5,174.891,2.468,89.636
3940.3,59.27,0.0,82.1,0.3,5,176.553,2.480,91.351
3940.3,58.12,0.0,81.6,0.4,5,179.007,2.497,93.880
3940.3,56.95,0.0,81.5,0.4,5,181.415,2.514,96.357
3951.9,56.19,0.0,86.3,0.3,5,182.996,2.526,97.978
3951.9,55.02,0.0,82.3,0.3,5,185.329,2.543,100.365
3951.9,54.26,0.0,81.4,0.3,5,186.861,2.554,101.927
3951.9,53.13,30.8,82.8,0.4,0,189.122,2.569,104.225
3962.7,52.38,0.0,86.2,0.5,4,190.606,2.577,105.727
3962.7,51.18,0.0,83.9,0.4,4,192.795,2.588,107.935
3962.7,50.01,0.0,83.3,0.3,4,194.939,2.600,110.087
3962.7,49.25,0.0,83.7,0.3,4,196.345,2.608,111.490
3972.7,48.08,0.0,83.4,0.6,4,198.419,2.622,113.550
3972.7,47.31,0.0,83.5,0.5,4,199.777,2.632,114.891
3972.7,46.17,0.0,85.5,0.7,4,201.780,2.649,116.857
3972.7,45.39,0.0,84.7,1.1,4,203.093,2.662,118.136
3982.0,44.26,36.3,85.4,1.5,0,205.028,2.683,120.006
3982.0,43.12,0.0,83.2,2.0,3,206.925,2.705,121.819
3982.0,42.37,0.0,82.6,2.1,3,208.168,2.720,122.995
3982.0,41.24,0.0,78.8,2.4,3,210.001,2.742,124.711
3990.5,40.52,0.0,76.0,2.8,3,211.203,2.756,125.822
3990.5,39.52,0.0,62.3,3.1,3,212.980,2.776,127.439
3990.5,38.95,0.0,55.6,3.5,3,214.150,2.789,128.486
3990.5,38.19,0.0,48.4,4.5,3,215.891,2.806,130.012
3998.4,37.73,0.0,43.1,5.0,3,217.044,2.815,131.001
4012.8,33.36,0.0,24.5,8.2,2,231.505,2.876,142.456
4012.8,33.11,0.0,18.0,9.6,2,232.569,2.878,143.255
4019.5,32.81,0.0,8.8,14.6,2,234.166,2.879,144.420
4019.5,32.58,0.0,9.9,17.2,2,235.776,2.879,145.542
4019.5,32.42,0.0,10.0,22.1,2,236.859,2.878,146.262
4026.0,32.16,0.0,6.1,27.3,2,238.498,2.875,147.294
4026.0,32.01,0.0,7.2,28.3,2,239.603,2.871,147.948
4026.0,31.75,0.0,8.3,30.3,2,241.279,2.865,148.873
4026.0,31.58,0.0,5.7,31.8,2,242.406,2.860,149.450
4032.2,31.33,0.0,6.6,32.7,2,244.113,2.853,150.257
4032.2,31.16,0.0,6.6,33.7,2,245.260,2.847,150.753
4032.2,30.91,0.0,2.4,37.1,2,246.992,2.839,151.438
4032.2,30.76,0.0,0.9,40.1,2,248.153,2.834,151.854
4038.1,30.56,0.0,0.3,44.6,2,249.904,2.826,152.419
4038.1,30.43,1.1,0.0,48.9,2,251.077,2.820,152.757
4038.1,30.26,8.4,0.0,55.3,2,252.840,2.810,153.210
4038.1,30.16,9.7,0.0,58.4,2,254.019,2.803,153.475
4043.9,30.01,9.6,0.0,57.4,2,255.791,2.792,153.819
4056.5,28.65,9.7,0.0,67.7,1,270.983,2.725,153.946
4056.5,28.49,9.8,0.0,72.8,1,272.668,2.725,153.629
4063.0,28.37,9.7,0.0,76.2,1,273.778,2.725,153.382
4063.0,28.19,9.7,0.0,81.0,1,275.422,2.728,152.959
4063.0,28.06,9.7,0.0,83.9,1,276.502,2.731,152.643
4063.0,27.87,9.6,0.0,88.3,1,278.095,2.738,152.118
4070.4,27.73,9.6,0.0,90.7,1,279.140,2.743,151.736
4070.4,27.51,9.6,0.0,93.7,1,280.676,2.754,151.113
4070.4,27.30,9.6,0.0,95.8,1,282.174,2.767,150.433
4070.4,27.14,9.6,0.0,97.2,1,283.149,2.778,149.949
4076.8,26.91,9.6,0.0,98.6,1,284.575,2.798,149.177
4076.8,26.75,9.6,0.0,99.2,1,285.501,2.812,148.634
4076.8,26.53,9.6,0.0,99.7,1,286.849,2.837,147.776
4076.8,26.38,9.6,0.0,100.0,1,287.722,2.854,147.177
4082.9,26.16,9.6,0.0,100.0,1,288.991,2.880,146.242
4082.9,26.02,9.6,0.0,99.3,1,289.810,2.898,145.594
4082.9,25.79,9.6,0.0,94.4,1,290.996,2.925,144.589
4082.9,25.66,9.6,0.0,89.5,1,291.757,2.944,143.897
4088.6,25.46,9.6,0.0,79.4,1,292.856,2.973,142.828
4088.6,25.34,9.6,0.0,73.4,1,293.559,2.993,142.094
4088.6,25.18,9.6,0.0,64.3,1,294.568,3.023,140.964
4088.6,25.08,9.6,0.0,56.9,1,295.211,3.043,140.191
4093.8,24.97,15.5,0.0,45.2,1,296.130,3.073,139.004
4093.8,25.13,82.4,0.0,36.2,1,296.715,3.091,138.192
4093.8,25.52,58.2,0.0,21.0,1,297.564,3.118,136.933
4098.9,25.92,72.4,0.0,7.1,1,298.381,3.143,135.626
4098.9,26.23,79.6,0.0,1.0,1,298.913,3.159,134.729
4098.9,26.81,91.7,0.0,-1.7,1,299.699,3.183,133.348
4098.9,27.23,89.5,0.0,-0.4,1,300.220,3.199,132.402
4104.1,27.85,91.8,0.0,3.7,1,300.999,3.222,130.947
4104.1,28.26,91.8,0.0,6.3,1,301.519,3.236,129.953
4104.1,28.86,91.0,0.0,8.3,1,302.296,3.258,128.427
4104.1,29.26,91.8,0.0,8.3,1,302.812,3.271,127.387
4109.7,29.87,91.8,0.0,8.3,1,303.581,3.291,125.789
4109.7,30.26,91.8,0.0,8.4,1,304.087,3.303,124.699
4109.7,30.87,91.9,0.0,8.3,1,304.836,3.321,123.026
4109.7,31.27,91.9,0.0,8.4,1,305.326,3.332,121.885
4109.7,31.65,91.9,0.0,8.6,1,305.806,3.344,120.723
4115.8,32.41,91.9,0.0,9.5,1,306.733,3.366,118.335
4115.8,32.78,90.3,0.0,9.7,1,307.178,3.376,117.110
4115.8,33.30,89.3,0.0,10.0,1,307.819,3.390,115.234
4122.3,33.65,91.7,0.0,10.0,1,308.225,3.399,113.959
4122.3,34.13,84.0,0.0,9.0,1,308.801,3.412,112.010
4122.3,34.45,89.4,0.0,8.1,1,309.160,3.421,110.687
4122.3,34.93,87.6,0.0,7.8,1,309.660,3.435,108.668
4129.2,35.22,72.6,0.0,8.2,1,309.967,3.445,107.299
4129.2,35.35,0.0,0.0,9.7,0,310.382,3.460,105.220
4129.2,35.47,75.7,0.0,10.9,2,310.625,3.472,103.827
4129.2,35.67,35.6,13.1,11.7,2,310.944,3.491,101.713
4136.3,35.42,4.8,59.9,6.1,2,311.127,3.505,100.301
4136.3,34.58,0.0,62.6,-6.1,2,311.367,3.526,98.213
4136.3,34.01,0.0,27.8,-13.0,2,311.519,3.540,96.849
4136.3,33.36,2.8,59.2,-10.4,2,311.753,3.563,94.838
4154.8,26.92,0.0,21.4,4.4,1,313.817,3.770,79.622
4154.8,26.57,0.0,19.0,-0.8,1,313.960,3.797,78.023
4154.8,26.34,0.0,18.5,-2.5,1,314.050,3.814,76.969
4160.1,26.01,0.0,17.9,-6.4,1,314.187,3.840,75.404
4160.1,25.80,0.0,17.4,-9.3,1,314.283,3.855,74.372
4160.1,25.49,0.0,15.4,-12.7,1,314.441,3.878,72.841
4160.1,25.29,0.0,15.3,-14.2,1,314.560,3.892,71.833
4165.1,25.00,0.0,15.8,-16.1,1,314.762,3.911,70.337
4165.1,24.80,0.0,15.0,-17.3,1,314.914,3.924,69.352
4165.1,24.52,0.0,11.9,-18.5,1,315.169,3.940,67.894
4169.9,24.28,0.0,11.0,-18.1,1,315.461,3.956,66.459
4169.9,24.12,0.0,12.2,-18.9,1,315.675,3.966,65.515
4169.9,23.86,0.0,10.8,-21.2,1,316.027,3.978,64.119
4169.9,23.70,0.0,9.0,-22.1,1,316.282,3.986,63.202
4174.7,23.48,0.0,8.1,-23.2,1,316.697,3.996,61.849
4174.7,23.34,0.0,8.5,-24.1,1,316.997,4.003,60.962
4174.7,23.12,0.0,8.7,-25.7,1,317.480,4.011,59.654
4174.7,22.97,0.0,8.7,-26.6,1,317.824,4.015,58.798
4179.3,22.76,0.0,6.7,-27.2,1,318.375,4.021,57.542
4179.3,22.62,0.0,8.1,-27.9,1,318.765,4.023,56.722
4179.3,22.40,0.0,10.8,-28.7,1,319.384,4.025,55.520
4179.3,22.23,0.0,13.4,-28.8,1,319.819,4.026,54.740
4183.7,21.95,0.0,15.1,-28.8,1,320.501,4.026,53.603
4183.7,21.66,0.0,13.7,-27.9,1,321.217,4.023,52.507
4183.7,21.47,0.0,13.0,-27.8,1,321.712,4.020,51.800
4183.7,21.21,0.0,14.0,-28.0,1,322.480,4.016,50.776
4187.7,21.02,0.0,15.2,-28.2,1,323.009,4.012,50.117
4187.7,20.74,0.0,11.3,-28.8,1,323.825,4.006,49.165
4187.7,20.59,0.0,3.9,-27.9,1,324.383,4.002,48.555
4187.7,20.51,18.1,0.0,-28.1,1,325.244,3.995,47.673
4191.6,20.58,37.1,0.0,-30.0,1,325.835,3.990,47.103
4191.6,20.72,36.2,0.0,-33.9,1,326.752,3.981,46.271
4191.6,20.79,28.9,0.0,-36.3,1,327.384,3.975,45.732
4191.6,20.83,25.7,0.0,-40.4,1,328.362,3.965,44.956
4195.7,20.90,42.0,0.0,-41.9,1,329.033,3.957,44.460
4195.7,21.12,55.3,0.0,-44.7,1,330.073,3.946,43.750
4195.7,21.29,58.8,0.0,-47.7,1,330.790,3.938,43.298
4195.7,21.58,66.3,0.0,-53.1,1,331.900,3.925,42.651
4200.1,21.86,48.4,0.0,-57.7,1,333.054,3.912,42.045
4200.1,21.91,31.4,0.0,-60.0,1,333.844,3.903,41.667
4200.1,21.92,20.9,0.0,-62.7,1,335.052,3.889,41.149
4200.1,21.89,17.3,0.0,-64.0,1,335.871,3.879,40.836
4204.8,21.82,13.8,0.0,-66.9,1,337.114,3.866,40.419
4204.8,21.75,12.8,0.0,-69.0,1,337.951,3.858,40.176
4204.8,21.65,11.5,0.0,-71.2,1,339.215,3.845,39.862
4204.8,21.57,11.0,0.0,-71.9,1,340.061,3.838,39.688
4209.7,21.46,10.7,0.0,-72.5,1,341.335,3.827,39.478
4209.7,21.38,10.6,0.0,-72.2,1,342.185,3.820,39.372
4209.7,21.26,10.7,0.0,-71.4,1,343.460,3.809,39.265
4209.7,21.19,11.0,0.0,-70.3,1,344.308,3.802,39.228
4213.9,21.08,11.9,0.0,-67.7,1,345.577,3.792,39.223
4213.9,21.02,12.9,0.0,-65.4,1,346.418,3.786,39.254
4213.9,20.94,15.5,0.0,-60.8,1,347.673,3.776,39.352
4213.9,20.91,23.8,0.0,-56.1,1,348.918,3.767,39.511
4218.8,20.94,34.3,0.0,-52.3,1,349.743,3.761,39.651
4218.8,21.14,68.9,0.0,-45.2,1,350.976,3.753,39.911
4218.8,21.42,91.7,0.0,-39.6,1,351.801,3.748,40.117
4218.8,21.81,74.3,0.0,-31.1,1,353.047,3.741,40.473
4224.9,22.09,68.0,0.0,-25.5,1,353.882,3.737,40.744
4224.9,22.54,89.0,0.0,-17.7,1,355.140,3.731,41.197
4224.9,22.88,83.6,0.0,-14.2,1,355.985,3.728,41.529
4224.9,23.45,91.7,0.0,-13.6,1,357.265,3.724,42.068
4230.3,23.83,91.7,0.0,-15.0,1,358.126,3.722,42.455
4230.3,24.41,91.6,0.0,-14.9,1,359.432,3.721,43.077
4230.3,25.00,91.4,0.0,-15.0,1,360.752,3.722,43.748
4230.3,25.39,91.3,0.0,-16.9,1,361.640,3.724,44.222
4235.7,25.97,91.3,0.0,-16.6,1,362.983,3.729,44.976
4235.7,26.37,91.4,0.0,-16.1,1,363.884,3.734,45.507
4235.7,26.97,91.7,0.0,-15.8,1,365.244,3.744,46.348
4235.7,27.37,91.8,0.0,-15.7,1,366.155,3.752,46.938
4241.2,27.96,91.8,0.0,-15.5,1,367.526,3.766,47.870
4241.2,28.35,89.9,0.0,-16.0,1,368.443,3.775,48.523
4241.2,28.88,76.7,0.0,-16.5,1,369.819,3.789,49.549
4241.2,29.20,73.8,0.0,-14.1,1,370.731,3.798,50.267
4246.7,29.68,81.4,0.0,-15.5,1,372.092,3.811,51.392
4246.7,30.01,84.4,0.0,-18.0,1,372.992,3.819,52.175
4246.7,30.49,71.6,0.0,-16.8,1,374.329,3.831,53.401
4252.3,30.94,83.7,0.0,-14.9,1,375.647,3.842,54.688
4252.3,31.26,79.2,0.0,-16.4,1,376.514,3.849,55.579
4252.3,31.70,49.4,0.0,-19.0,1,377.794,3.859,56.967
4252.3,31.93,81.0,0.0,-21.1,1,378.629,3.866,57.926
4258.3,32.41,79.6,0.0,-23.4,1,379.858,3.875,59.414
4258.3,32.66,61.8,0.0,-24.2,1,380.660,3.881,60.438
4258.3,33.01,87.6,0.0,-30.5,1,381.830,3.888,62.022
4258.3,33.31,80.2,0.0,-30.4,1,382.590,3.892,63.109
4264.6,33.56,36.3,0.0,-28.0,1,383.696,3.896,64.784
4264.6,33.65,59.1,0.0,-26.4,1,384.403,3.898,65.926
4264.6,34.07,91.8,0.0,-23.6,1,385.423,3.901,67.680
4264.6,34.38,82.1,0.0,-20.0,1,386.079,3.903,68.881
4271.3,34.81,90.1,0.0,-13.7,1,387.028,3.906,70.726
4271.3,34.96,0.0,0.0,-9.1,0,387.636,3.908,71.983
4271.3,35.01,86.6,0.0,-3.7,2,388.500,3.910,73.893
4271.3,35.47,69.1,0.0,1.7,2,389.316,3.916,75.842
4278.2,35.60,54.4,0.0,4.3,2,389.843,3.919,77.161
4278.2,35.88,73.5,0.0,5.4,2,390.609,3.918,79.162
4278.2,36.18,89.6,0.0,3.8,2,391.105,3.917,80.515
4278.2,36.68,78.0,0.0,0.7,2,391.836,3.913,82.574
4285.2,36.97,67.0,0.0,-1.1,2,392.317,3.908,83.965
4285.2,37.35,77.0,0.0,-2.6,2,393.026,3.895,86.076
4285.2,37.60,85.3,0.0,-3.3,2,393.488,3.888,87.500
4285.2,38.11,78.5,0.0,-2.4,2,394.171,3.880,89.667
4292.7,38.43,83.8,0.0,-2.0,2,394.620,3.876,91.130
4292.7,38.95,92.0,0.0,-1.6,2,395.280,3.871,93.355
4292.7,39.28,92.0,0.0,-1.6,2,395.712,3.869,94.858
4292.7,39.80,92.0,0.0,-2.0,2,396.348,3.865,97.143
4300.3,40.12,92.0,0.0,-1.6,2,396.763,3.862,98.686
4300.3,40.60,92.0,0.0,-1.3,2,397.373,3.859,101.028
4300.3,41.11,92.0,0.0,-1.5,2,397.973,3.856,103.405
4300.3,41.43,92.0,0.0,-1.5,2,398.366,3.855,105.007
4308.4,41.91,92.1,0.0,-2.0,2,398.948,3.854,107.439
4308.4,42.21,92.2,0.0,-1.9,2,399.330,3.851,109.077
4308.4,42.66,92.0,0.0,-1.8,2,399.893,3.845,111.560
4308.4,42.82,0.0,0.0,-2.2,0,400.261,3.841,113.230
4316.8,42.97,91.9,0.0,-2.9,3,400.796,3.836,115.744
4316.8,43.25,91.9,0.0,-3.4,3,401.145,3.834,117.432
4316.8,43.66,91.9,0.0,-4.0,3,401.656,3.831,119.988
4316.8,43.93,91.9,0.0,-4.3,3,401.986,3.829,121.707
4325.3,44.34,91.9,0.0,-4.2,3,402.463,3.827,124.311
4325.3,44.61,91.9,0.0,-4.2,3,402.770,3.826,126.063
4325.3,45.01,92.0,0.0,-4.2,3,403.209,3.822,128.714
4325.3,45.41,92.0,0.0,-4.3,3,403.622,3.818,131.394
4334.2,45.68,92.0,0.0,-4.6,3,403.883,3.814,133.197
4334.2,46.08,92.0,0.0,-5.2,3,404.251,3.809,135.924
4334.2,46.34,92.0,0.0,-5.7,3,404.480,3.806,137.758
4334.2,46.72,92.0,0.0,-6.4,3,404.795,3.801,140.531
4343.3,46.98,92.0,0.0,-6.9,3,404.985,3.798,142.395
4343.3,47.35,92.0,0.0,-7.1,3,405.237,3.792,145.213
4343.3,47.60,92.0,0.0,-7.0,3,405.381,3.788,147.106
4343.3,47.97,92.0,0.0,-6.6,3,405.558,3.782,149.967
4352.6,48.21,92.1,0.0,-7.0,3,405.650,3.778,151.887
4352.6,48.57,92.1,0.0,-7.6,3,405.747,3.772,154.789
4352.6,48.81,92.1,0.0,-8.0,3,405.784,3.767,156.736
4352.6,49.16,92.1,0.0,-8.1,3,405.796,3.760,159.674
4362.2,49.51,92.1,0.0,-8.3,3,405.753,3.754,162.633
4362.2,49.73,92.1,0.0,-8.6,3,405.693,3.749,164.617
4362.2,50.07,92.1,0.0,-8.9,3,405.554,3.741,167.607
4362.2,50.29,92.1,0.0,-8.9,3,405.428,3.736,169.610
4372.0,50.61,92.2,0.0,-9.3,3,405.187,3.728,172.627
4372.0,50.83,92.3,0.0,-9.6,3,404.990,3.723,174.646
4372.0,51.14,92.3,0.0,-9.9,3,404.642,3.714,177.684
4372.0,51.34,92.2,0.0,-10.4,3,404.374,3.708,179.716
4382.1,51.53,0.0,0.0,-11.4,0,403.914,3.700,182.769
4382.1,51.48,92.0,0.0,-11.4,4,403.571,3.695,184.800
4382.1,51.77,92.0,0.0,-10.8,4,402.998,3.686,187.843
4382.1,51.95,92.0,0.0,-10.7,4,402.576,3.680,189.873
4392.3,52.23,92.0,0.0,-10.5,4,401.881,3.672,192.920
4392.3,52.50,92.0,0.0,-11.5,4,401.113,3.665,195.966
4392.3,52.68,92.0,0.0,-11.7,4,400.560,3.660,197.996
4403.0,52.95,86.2,0.0,-11.3,4,399.668,3.653,201.036
4403.0,53.13,79.7,0.0,-11.3,4,399.029,3.651,203.059
4403.0,53.39,70.0,0.0,-12.2,4,398.008,3.649,206.086
4403.0,53.56,63.5,0.0,-13.1,4,397.286,3.648,208.099
4414.5,53.79,48.1,0.0,-14.1,4,396.143,3.645,211.110
4414.5,53.91,48.4,0.0,-14.4,4,395.340,3.646,213.108
4414.5,54.14,59.8,0.0,-14.1,4,394.073,3.650,216.091
4414.5,54.30,59.9,0.0,-13.7,4,393.187,3.654,218.070
4426.1,54.50,43.6,0.0,-13.1,4,391.799,3.660,221.024
4426.1,54.56,34.5,0.0,-13.1,4,390.834,3.665,222.980
4426.1,54.72,57.2,0.0,-13.0,4,389.329,3.673,225.891
4426.1,54.87,60.1,0.0,-12.6,4,388.287,3.679,227.818
4437.4,55.07,44.7,0.0,-12.8,4,386.668,3.686,230.691
4437.4,55.25,56.8,0.0,-12.5,4,384.986,3.689,233.540
4437.4,55.39,51.8,0.0,-12.1,4,383.828,3.688,235.426
4437.4,55.63,59.7,0.0,-11.0,4,382.037,3.687,238.233
4448.3,55.79,60.3,0.0,-10.0,4,380.805,3.687,240.089
4448.3,56.05,60.4,0.0,-8.6,4,378.901,3.690,242.852
4448.3,56.23,60.4,0.0,-8.0,4,377.596,3.693,244.678
4448.3,56.49,60.5,0.0,-7.4,4,375.585,3.700,247.397
4459.4,56.68,60.5,0.0,-7.9,4,374.212,3.706,249.196
4459.4,56.95,60.6,0.0,-7.7,4,372.106,3.714,251.876
4459.4,57.12,60.7,0.0,-7.0,4,370.671,3.720,253.649
4459.4,57.39,60.8,0.0,-5.6,4,368.473,3.730,256.288
4470.7,57.57,60.8,0.0,-5.2,4,366.978,3.736,258.035
4470.7,57.84,60.9,0.0,-5.0,4,364.695,3.745,260.637
4470.7,58.02,60.9,0.0,-4.8,4,363.147,3.750,262.361
4470.7,58.30,61.0,0.0,-5.0,4,360.786,3.757,264.930
4482.2,58.56,61.1,0.0,-4.9,4,358.380,3.763,267.479
4482.2,58.74,61.1,0.0,-4.7,4,356.752,3.766,269.167
4482.2,59.01,61.1,0.0,-4.6,4,354.275,3.767,271.684
4482.2,59.18,61.1,0.0,-4.3,4,352.599,3.767,273.351
4494.0,59.44,61.7,0.0,-4.6,4,350.051,3.768,275.834
4494.0,59.60,61.6,0.0,-5.2,4,348.330,3.769,277.479
4494.0,59.86,61.2,0.0,-5.3,4,345.715,3.772,279.928
4494.0,60.02,61.2,0.0,-4.8,4,343.949,3.774,281.550
4505.9,60.31,61.1,0.0,-3.6,4,341.265,3.774,283.963
4505.9,60.48,61.1,0.0,-3.2,4,339.450,3.777,285.556
4505.9,60.72,61.1,0.0,-2.8,4,336.694,3.782,287.926
4505.9,60.97,60.7,0.0,-1.7,4,333.898,3.786,290.273
4518.0,61.14,60.8,0.0,-1.4,4,332.015,3.786,291.826
4518.0,61.36,60.3,0.0,-1.7,4,329.163,3.782,294.143
4518.0,61.51,60.1,0.0,-2.1,4,327.245,3.779,295.679
4518.0,61.54,0.0,0.0,-2.2,0,324.349,3.777,297.972
4530.2,61.63,86.9,0.0,-1.8,5,322.411,3.775,299.490
4530.2,61.87,77.2,0.0,-1.1,5,319.483,3.772,301.759
4530.2,62.03,70.7,0.0,-0.9,5,317.518,3.769,303.267
4530.2,62.26,61.0,0.0,-1.3,5,314.550,3.767,305.524
4542.6,62.41,59.8,0.0,-1.4,5,312.560,3.769,307.026
4542.6,62.64,59.9,0.0,-1.3,5,309.557,3.773,309.274
4542.6,62.80,60.0,0.0,-1.0,5,307.544,3.774,310.771
4542.6,63.03,60.0,0.0,-0.5,5,304.507,3.777,313.013
4555.0,63.18,60.1,0.0,-0.3,5,302.472,3.781,314.506
4555.0,63.41,60.2,0.0,0.1,5,299.405,3.787,316.745
4555.0,63.64,60.2,0.0,0.4,5,296.325,3.790,318.989
4555.0,63.79,60.2,0.0,0.6,5,294.264,3.791,320.488
4567.7,64.00,60.3,0.0,0.8,5,291.165,3.792,322.745
4567.7,64.15,60.3,0.0,1.0,5,289.095,3.789,324.255
4567.7,64.37,60.4,0.0,1.2,5,285.985,3.782,326.534
4567.7,64.51,60.4,0.0,1.3,5,283.910,3.778,328.062
4580.5,64.73,60.5,0.0,1.4,5,280.796,3.773,330.372
4580.5,64.87,60.5,0.0,1.7,5,278.719,3.766,331.922
4580.5,65.08,60.5,0.0,1.6,5,275.605,3.753,334.267
4580.5,65.21,60.6,0.0,1.7,5,273.531,3.751,335.843
4593.4,65.42,60.7,0.0,1.8,5,270.422,3.752,338.229
4593.4,65.56,60.7,0.0,1.7,5,268.351,3.753,339.833
4593.4,65.77,60.8,0.0,1.8,5,265.249,3.756,342.261
4593.4,65.90,60.8,0.0,1.9,5,263.183,3.757,343.893
4606.6,66.10,60.9,0.0,1.9,5,260.087,3.758,346.362
4606.6,66.31,60.9,0.0,1.6,5,256.995,3.759,348.855
4606.6,66.44,60.9,0.0,1.4,5,254.936,3.761,350.531
4619.8,66.64,61.0,0.0,1.3,5,251.852,3.765,353.066
4619.8,66.77,61.1,0.0,1.2,5,249.798,3.769,354.767
4619.8,66.97,61.1,0.0,1.2,5,246.718,3.774,357.338
4619.8,67.10,61.1,0.0,1.1,5,244.665,3.776,359.063
4633.2,67.29,61.2,0.0,0.9,5,241.587,3.779,361.666
4633.2,67.42,61.2,0.0,0.8,5,239.536,3.783,363.413
4633.2,67.61,61.2,0.0,0.8,5,236.460,3.790,366.048
4633.2,67.74,61.2,0.0,0.7,5,234.408,3.792,367.813
4646.7,67.93,61.2,0.0,0.5,5,231.330,3.793,370.476
4646.7,68.06,61.2,0.0,0.4,5,229.277,3.795,372.259
4646.7,68.25,61.3,0.0,0.3,5,226.195,3.796,374.947
4646.7,68.43,61.3,0.0,0.1,5,223.111,3.795,377.648
4660.4,68.56,61.3,0.0,-0.0,5,221.052,3.794,379.455
4660.4,68.74,61.3,0.0,-0.1,5,217.958,3.791,382.174
4660.4,68.86,61.3,0.0,-0.2,5,215.893,3.787,383.992
4660.4,69.04,61.3,0.0,-0.3,5,212.787,3.780,386.725
4674.1,69.16,61.3,0.0,-0.3,5,210.712,3.777,388.550
4674.1,69.34,61.3,0.0,-0.2,5,207.590,3.771,391.292
4674.1,69.46,61.2,0.0,-0.2,5,205.504,3.766,393.122
4674.1,69.63,61.2,0.0,-0.1,5,202.365,3.760,395.872
4688.0,69.75,61.2,0.0,-0.0,5,200.267,3.756,397.707
4688.0,69.92,61.0,0.0,0.2,5,197.113,3.750,400.464
4688.0,70.03,61.0,0.0,0.3,5,195.005,3.746,402.305
4688.0,70.19,60.9,0.0,0.3,5,191.838,3.739,405.073
4702.0,70.30,60.8,0.0,0.3,5,189.723,3.737,406.923
4702.0,70.46,60.7,0.0,0.2,5,186.546,3.733,409.705
4702.0,70.62,60.6,0.0,0.1,5,183.365,3.727,412.497
4702.0,70.73,60.5,0.0,0.1,5,181.242,3.724,414.363
4716.1,70.88,60.4,0.0,0.2,5,178.053,3.721,417.169
4716.1,70.90,0.0,0.0,0.2,0,175.924,3.719,419.043
4716.1,70.89,87.1,0.0,0.3,6,172.736,3.717,421.856
4716.1,71.00,80.6,0.0,0.3,6,170.609,3.715,423.734
4730.3,71.15,70.9,0.0,0.4,6,167.415,3.710,426.560
4730.3,71.26,64.4,0.0,0.4,6,165.284,3.707,428.449
4730.3,71.41,59.9,0.0,0.3,6,162.084,3.703,431.291
4730.3,71.51,59.9,0.0,0.1,6,159.949,3.702,433.192
4744.6,71.66,60.0,0.0,0.1,6,156.744,3.700,436.050
4744.6,71.76,60.0,0.0,0.1,6,154.605,3.701,437.961
4744.6,71.91,60.1,0.0,0.2,6,151.393,3.702,440.834
4744.6,72.06,60.2,0.0,0.3,6,148.175,3.706,443.716
4759.0,72.16,60.2,0.0,0.2,6,146.028,3.709,445.641
4759.0,72.31,60.2,0.0,0.2,6,142.803,3.713,448.536
4759.0,72.41,60.3,0.0,0.2,6,140.650,3.714,450.471
4759.0,72.56,60.3,0.0,0.2,6,137.418,3.715,453.380
4773.4,72.65,60.3,0.0,0.3,6,135.261,3.717,455.325
4773.4,72.80,60.3,0.0,0.1,6,132.021,3.723,458.248
4773.4,72.90,60.3,0.0,0.2,6,129.859,3.725,460.201
4773.4,73.04,60.4,0.0,0.1,6,126.613,3.726,463.138
4788.0,73.14,60.4,0.0,0.0,6,124.446,3.726,465.100
4788.0,73.28,60.4,0.0,0.0,6,121.192,3.725,468.050
4788.0,73.37,60.5,0.0,0.0,6,119.019,3.726,470.021
4788.0,73.51,60.5,0.0,0.0,6,115.757,3.729,472.982
4802.7,73.65,60.5,0.0,0.3,6,112.488,3.732,475.949
4802.7,73.74,60.5,0.0,0.0,6,110.306,3.732,477.931
4802.7,73.88,60.6,0.0,-0.1,6,107.030,3.731,480.910
4802.7,73.97,60.6,0.0,0.1,6,104.842,3.729,482.900
4817.4,74.11,60.6,0.0,0.0,6,101.557,3.725,485.890
4847.2,75.25,60.9,0.0,0.5,6,72.916,3.623,512.116
4862.2,75.38,60.9,0.0,0.5,6,69.603,3.604,515.188
4907.8,76.59,61.2,0.0,-0.1,6,37.541,3.306,545.425
4907.8,76.67,61.2,0.0,-0.2,6,35.319,3.278,547.536
4907.8,76.79,61.3,0.0,-0.4,6,31.981,3.233,550.705
4907.8,76.87,61.3,0.0,-0.4,6,29.751,3.202,552.820
4923.1,77.00,61.3,0.0,-0.5,6,26.399,3.154,555.994
4923.1,77.08,61.3,0.0,-0.5,6,24.159,3.119,558.109
4923.1,77.20,61.3,0.0,-0.5,6,20.790,3.063,561.282
4923.1,77.28,61.3,0.0,-0.3,6,18.537,3.026,563.396
4938.5,77.40,61.4,0.0,-0.4,6,15.148,2.970,566.565
4938.5,77.47,58.0,0.0,-0.5,6,12.883,2.931,568.677
4938.5,77.32,4.7,38.1,-0.7,6,9.479,2.873,571.839
4938.5,76.84,0.0,60.9,-0.8,6,7.216,2.834,573.935
4953.9,75.83,0.0,71.6,-0.4,6,3.848,2.778,577.042
4953.9,74.73,0.0,74.4,-0.1,6,0.519,2.727,580.098
4953.9,73.98,0.0,75.9,0.0,6,-1.677,2.694,582.105
4953.9,72.85,0.0,76.2,-0.3,6,-4.935,2.641,585.073
4968.7,72.09,0.0,76.4,-0.4,6,-7.082,2.605,587.023
4968.7,70.95,0.0,75.8,-0.3,6,-10.264,2.551,589.905
4968.7,70.20,0.0,75.9,-0.4,6,-12.361,2.517,591.797
4968.7,69.08,0.0,76.2,-0.3,6,-15.468,2.468,594.594
4982.8,68.34,0.0,76.2,-0.3,6,-17.515,2.437,596.430
4982.8,67.63,19.2,24.1,-0.5,6,-20.552,2.389,599.146
4982.8,67.30,0.0,45.6,-0.7,6,-22.567,2.358,600.942
4982.8,66.47,0.0,71.8,-0.8,6,-25.571,2.311,603.608
4996.2,65.76,0.0,76.8,-0.8,6,-27.553,2.279,605.360
4996.2,64.64,0.0,80.4,-0.7,6,-30.492,2.230,607.947
4996.2,63.87,0.0,81.0,-0.7,6,-32.426,2.197,609.641
4996.2,62.71,0.0,81.8,-0.7,6,-35.291,2.152,612.136
5009.0,61.54,0.0,86.7,-0.8,0,-38.112,2.109,614.576
5009.0,60.73,28.4,88.6,-0.9,0,-39.967,2.081,616.171
5009.0,59.45,0.0,96.9,-0.7,5,-42.711,2.039,618.514
5009.0,58.57,0.0,91.7,-0.9,5,-44.512,2.013,620.042
5021.0,57.31,0.0,89.3,-0.9,5,-47.172,1.972,622.283
5021.0,56.47,0.0,89.2,-1.1,5,-48.919,1.944,623.744
5021.0,55.23,0.0,89.1,-1.6,5,-51.502,1.905,625.883
5021.0,54.41,0.0,89.0,-2.0,5,-53.199,1.879,627.274
5032.1,53.20,32.1,81.8,-2.4,0,-55.708,1.841,629.308
5032.1,52.47,0.0,71.7,-1.5,4,-57.360,1.816,630.628
5032.1,51.50,0.0,60.1,-2.5,4,-59.812,1.781,632.558
5032.1,50.93,0.0,53.3,-2.3,4,-61.432,1.757,633.813
5042.5,50.15,0.0,54.4,-2.5,4,-63.847,1.721,635.649
5042.5,49.35,0.0,55.6,-3.7,4,-66.243,1.685,637.433
5042.5,48.81,0.0,56.1,-5.3,4,-67.828,1.662,638.592
5042.5,48.01,0.0,52.9,-5.4,4,-70.192,1.629,640.283
5052.2,47.50,0.0,49.3,-6.2,4,-71.758,1.609,641.378
5052.2,46.78,0.0,47.1,-7.0,4,-74.098,1.579,642.970
5052.2,46.32,0.0,42.9,-7.2,4,-75.652,1.560,643.997
5052.2,45.65,0.0,45.5,-7.8,4,-77.978,1.530,645.484
5061.5,45.20,0.0,43.5,-8.0,4,-79.524,1.509,646.439
5061.5,44.56,0.0,34.7,-7.6,4,-81.838,1.477,647.816
5061.5,44.20,0.0,33.7,-7.1,4,-83.380,1.455,648.698
5061.5,43.63,33.8,38.0,-7.2,0,-85.691,1.421,649.964
5070.3,43.25,0.0,33.3,-6.5,3,-87.230,1.398,650.772
5070.3,42.72,0.0,23.0,-5.0,3,-89.535,1.364,651.930
5070.3,42.34,0.0,16.2,-6.1,3,-91.839,1.332,653.026
5070.3,42.12,0.0,17.7,-8.5,3,-93.378,1.311,653.725
5078.8,41.79,0.0,13.4,-10.8,3,-95.687,1.279,654.727
5078.8,41.59,0.0,10.2,-12.2,3,-97.228,1.257,655.366
5078.8,41.35,0.0,8.2,-11.8,3,-99.544,1.226,656.274
5078.8,41.19,0.0,7.9,-11.6,3,-101.092,1.205,656.848
5087.4,40.96,0.0,7.6,-11.6,3,-103.420,1.174,657.657
5087.4,40.80,0.0,7.8,-12.0,3,-104.975,1.154,658.162
5087.4,40.57,0.0,8.2,-12.7,3,-107.313,1.124,658.866
5087.4,40.41,0.0,7.9,-13.0,3,-108.874,1.104,659.299
5096.0,40.17,0.0,8.0,-14.2,3,-111.217,1.076,659.894
5096.0,40.01,0.0,7.8,-14.0,3,-112.779,1.056,660.255
5096.0,39.77,0.0,8.3,-14.5,3,-115.124,1.027,660.740
5096.0,39.61,0.0,7.8,-14.9,3,-116.685,1.009,661.026
5104.4,39.36,0.0,7.5,-15.2,3,-119.025,0.982,661.397
5104.4,39.12,0.0,8.1,-14.7,3,-121.361,0.956,661.699
5104.4,38.96,0.0,8.9,-11.7,3,-122.914,0.940,661.860
5112.5,38.72,0.0,9.6,-12.1,3,-125.237,0.919,662.046
5112.5,38.56,0.0,4.1,-12.2,3,-126.781,0.905,662.133
5112.5,38.37,0.0,4.3,-13.6,3,-129.087,0.884,662.212
5112.5,38.24,0.0,5.3,-14.8,3,-130.620,0.871,662.229
5120.7,38.05,0.0,4.6,-15.7,3,-132.909,0.851,662.204
5120.7,37.92,0.0,4.4,-16.0,3,-134.427,0.838,662.152
5120.7,37.72,0.0,6.0,-17.1,3,-136.693,0.819,662.022
5120.7,37.58,0.0,5.3,-18.3,3,-138.194,0.807,661.899
5128.5,37.37,0.0,6.3,-18.8,3,-140.431,0.788,661.661
5128.5,37.22,0.0,8.4,-16.6,3,-141.910,0.777,661.465
5128.5,36.97,0.0,8.5,-13.8,3,-144.109,0.759,661.119
5128.5,36.82,0.0,8.8,-14.1,3,-145.560,0.748,660.853
5136.5,36.58,0.0,8.1,-15.9,3,-147.717,0.731,660.403
5136.5,36.34,0.0,8.1,-18.1,3,-149.845,0.715,659.893
5136.5,36.18,0.0,11.2,-19.1,3,-151.246,0.705,659.520
5136.5,35.90,0.0,14.6,-19.9,3,-153.322,0.690,658.911
5144.1,35.70,0.0,11.5,-20.1,3,-154.686,0.680,658.473
5144.1,35.44,0.0,4.5,-20.3,3,-156.701,0.665,657.767
5144.1,35.30,0.0,1.6,-20.2,3,-158.023,0.655,657.264
5144.1,35.14,2.9,0.0,-20.0,3,-159.977,0.642,656.459
5151.9,35.05,4.4,0.0,-19.8,3,-161.259,0.634,655.888
5151.9,34.91,3.2,0.0,-19.2,3,-163.151,0.624,654.978
5151.9,34.82,3.3,0.0,-18.6,0,-164.390,0.620,654.337
5151.9,34.71,1.4,2.6,-17.0,2,-166.214,0.617,653.325
5159.9,34.60,0.2,1.2,-15.8,2,-167.407,0.616,652.618
5159.9,34.47,10.2,0.0,-15.8,2,-169.161,0.614,651.515
5159.9,34.45,26.3,0.0,-19.1,2,-170.877,0.609,650.362
5159.9,34.51,44.4,0.0,-22.7,2,-172.001,0.605,649.564
5167.3,34.68,48.1,0.0,-25.9,2,-173.662,0.600,648.320
5167.3,34.80,49.2,0.0,-27.3,2,-174.751,0.598,647.457
5167.3,34.91,30.8,0.0,-28.1,2,-176.352,0.601,646.112
5167.3,34.87,10.8,0.0,-29.3,2,-177.396,0.604,645.186
5175.3,34.75,5.6,0.0,-31.6,2,-178.923,0.608,643.760
5175.3,34.69,30.0,0.0,-35.4,2,-179.912,0.610,642.785
5175.3,34.73,28.6,0.0,-37.7,2,-181.356,0.614,641.284
5175.3,34.70,21.0,0.0,-38.8,2,-182.290,0.618,640.256
5182.6,34.63,16.0,0.0,-38.1,2,-183.645,0.624,638.679
5182.6,34.56,13.5,0.0,-36.7,2,-184.516,0.629,637.603
5182.6,34.46,14.2,0.0,-34.6,2,-185.774,0.638,635.958
5182.6,34.40,15.9,0.0,-33.1,2,-186.579,0.645,634.841
5190.0,34.34,19.0,0.0,-31.2,2,-187.739,0.655,633.137
5190.0,34.31,22.0,0.0,-29.9,2,-188.481,0.662,631.981
5190.0,34.42,60.3,0.0,-27.3,2,-189.547,0.672,630.219
5190.0,34.58,26.2,0.0,-28.2,2,-190.562,0.683,628.413
5196.8,34.64,53.6,0.0,-34.2,2,-191.208,0.691,627.189
5196.8,34.79,38.0,0.0,-34.0,2,-192.132,0.703,625.322
5196.8,34.79,22.8,0.0,-30.5,2,-192.717,0.710,624.059
5196.8,34.84,44.2,0.0,-30.1,2,-193.544,0.720,622.142
5203.6,34.91,38.8,0.0,-26.2,2,-194.064,0.725,620.848
5203.6,35.08,57.7,0.0,-20.3,2,-194.794,0.732,618.880
5203.6,35.24,59.3,0.0,-15.9,2,-195.251,0.736,617.551
5203.6,35.51,61.5,0.0,-9.7,2,-195.892,0.740,615.528
5210.3,35.71,66.3,0.0,-7.0,2,-196.290,0.741,614.162
5210.3,36.08,76.2,0.0,-5.4,2,-196.848,0.743,612.083
5210.3,36.35,78.7,0.0,-6.1,2,-197.195,0.745,610.677
5210.3,36.78,84.4,0.0,-8.5,2,-197.681,0.748,608.538
5217.4,37.24,85.3,0.0,-10.4,2,-198.132,0.751,606.365
5217.4,37.55,90.3,0.0,-10.9,2,-198.413,0.753,604.896
5217.4,38.03,89.1,0.0,-10.8,2,-198.802,0.756,602.663
5217.4,38.34,91.0,0.0,-12.6,2,-199.039,0.759,601.155
5224.8,38.80,91.8,0.0,-11.0,2,-199.357,0.765,598.863
5224.8,39.11,91.1,0.0,-8.9,2,-199.542,0.770,597.317
5224.8,39.57,87.5,0.0,-6.2,2,-199.780,0.778,594.969
5224.8,39.73,30.9,2.6,-5.4,2,-199.912,0.784,593.388
5232.7,39.34,0.0,49.7,-3.5,2,-200.068,0.795,591.016
5232.7,38.85,0.0,65.5,-2.0,2,-200.150,0.803,589.453
5232.7,37.93,0.0,57.8,-4.9,2,-200.249,0.818,587.150
5232.7,37.31,0.0,63.7,-4.1,2,-200.299,0.829,585.644
5240.4,36.49,0.0,44.6,-5.5,2,-200.350,0.846,583.431
5240.4,36.03,0.0,37.1,-4.5,2,-200.368,0.857,581.980
5240.4,35.50,0.0,26.6,-1.5,2,-200.369,0.874,579.834
5247.6,35.10,0.0,16.7,1.9,2,-200.347,0.893,577.716
5247.6,34.89,0.0,8.9,4.2,2,-200.327,0.906,576.316
5247.6,34.69,0.0,3.0,6.8,2,-200.301,0.926,574.229
5247.6,34.52,0.0,18.3,13.0,2,-200.293,0.939,572.844
5254.6,34.29,10.7,0.0,12.3,2,-200.309,0.959,570.781
5254.6,34.26,11.0,16.4,14.5,2,-200.342,0.972,569.410
5254.6,33.97,0.0,15.3,19.9,2,-200.430,0.990,567.364
5254.6,33.75,0.0,6.6,20.0,2,-200.519,1.002,566.012
5261.5,33.58,7.1,10.1,19.9,2,-200.703,1.019,564.001
5261.5,33.47,31.4,0.0,14.2,2,-200.949,1.037,562.006
5261.5,33.31,6.5,5.9,9.5,2,-201.255,1.055,560.024
5261.5,33.34,48.5,0.0,9.3,2,-201.487,1.066,558.712
5268.4,33.50,27.8,28.5,15.3,2,-201.877,1.084,556.745
5268.4,33.26,1.8,29.6,17.2,2,-202.164,1.096,555.439
5268.4,32.78,0.0,29.8,20.5,2,-202.632,1.113,553.514
5268.4,32.45,0.0,33.1,21.3,2,-202.972,1.125,552.254
5275.4,31.72,0.0,61.4,21.9,2,-203.522,1.144,550.405
5275.4,31.18,0.0,47.7,21.0,2,-203.911,1.157,549.207
5275.4,30.63,0.0,33.5,18.2,2,-204.531,1.176,547.462
5275.4,30.14,0.0,36.1,16.5,2,-205.204,1.195,545.766
5281.9,29.82,35.4,6.0,16.1,0,-205.680,1.207,544.666
5281.9,29.58,3.3,27.5,16.2,1,-206.441,1.225,543.053
5281.9,29.28,0.0,25.6,17.0,1,-206.977,1.238,542.004
5281.9,28.95,5.1,1.4,19.2,1,-207.817,1.255,540.474
5288.2,28.83,0.0,9.8,20.7,1,-208.404,1.267,539.479
5288.2,28.56,0.0,11.7,21.8,1,-209.322,1.283,538.021
5288.2,28.37,0.0,7.5,22.0,1,-209.956,1.293,537.075
5288.2,28.15,0.0,2.2,21.4,1,-210.940,1.308,535.694
5294.6,28.04,1.5,0.0,20.9,1,-211.618,1.318,534.798
5294.6,27.91,0.5,1.4,20.9,1,-212.668,1.332,533.489
5294.6,27.84,17.2,0.2,17.6,1,-213.389,1.341,532.639
5294.6,27.92,21.2,21.2,18.0,1,-214.504,1.354,531.393
5300.5,27.73,1.2,18.2,19.7,1,-215.267,1.363,530.581
5300.5,27.40,0.0,10.9,21.8,1,-216.430,1.375,529.405
5300.5,27.16,0.0,2.4,23.1,1,-217.619,1.387,528.280
5300.5,27.05,1.2,0.1,23.6,1,-218.427,1.394,527.557
5306.2,26.94,6.2,0.0,23.1,1,-219.666,1.405,526.514
5306.2,26.89,7.5,0.0,21.4,1,-220.510,1.411,525.845
5306.2,26.83,16.0,0.0,24.1,1,-221.800,1.420,524.880
5306.2,26.84,22.3,0.0,25.9,1,-222.678,1.426,524.263
5311.7,26.90,25.6,0.0,20.4,1,-224.023,1.433,523.374
5311.7,26.95,24.1,0.0,22.8,1,-224.937,1.437,522.805
5311.7,27.02,29.7,0.0,26.8,1,-226.335,1.443,521.989
5311.7,27.08,28.4,0.0,29.0,1,-227.285,1.447,521.470
5317.2,27.15,24.6,0.0,28.0,1,-228.735,1.452,520.733
5317.2,27.17,21.7,0.0,27.9,1,-229.718,1.455,520.270
5317.2,27.25,32.5,0.0,26.3,1,-231.214,1.458,519.619
5317.2,27.33,34.5,0.0,28.4,1,-232.227,1.460,519.213
5322.8,27.45,31.5,0.0,28.5,1,-233.770,1.462,518.649
5322.8,27.54,30.0,0.0,27.3,1,-235.339,1.463,518.139
5322.8,27.59,27.3,0.0,29.7,1,-236.397,1.463,517.830
5328.4,27.63,22.8,0.0,32.5,1,-238.002,1.463,517.415
5328.4,27.64,21.8,0.0,34.1,1,-239.080,1.462,517.172
5328.4,27.65,19.6,0.0,35.9,1,-240.709,1.461,516.860
5328.4,27.63,13.2,0.0,37.0,1,-241.801,1.459,516.686
5334.0,27.54,11.5,0.0,38.0,1,-243.443,1.456,516.479
5334.0,27.50,14.6,0.0,38.0,1,-244.540,1.454,516.379
5334.0,27.44,11.5,0.0,38.0,1,-246.185,1.449,516.283
5334.0,27.38,10.4,0.0,38.0,1,-247.281,1.446,516.256
5339.7,27.31,15.6,0.0,32.8,1,-248.921,1.440,516.272
5339.7,27.29,18.2,0.0,27.2,1,-250.012,1.436,516.318
5339.7,27.34,25.5,0.0,24.0,1,-251.646,1.429,516.440
5339.7,27.38,25.9,0.0,22.8,1,-252.734,1.423,516.555
5345.3,27.48,32.4,0.0,18.6,1,-254.365,1.415,516.775
5345.3,27.62,32.3,0.0,16.4,1,-255.995,1.407,517.049
5345.3,27.73,36.5,0.0,16.0,1,-257.081,1.401,517.259
5345.3,27.95,46.4,0.0,17.3,1,-258.713,1.392,517.611
5351.0,28.12,47.3,0.0,18.6,1,-259.803,1.385,517.872
5351.0,28.35,42.4,0.0,20.2,1,-261.442,1.375,518.301
5351.0,28.48,39.2,0.0,20.9,1,-262.534,1.367,518.615
5351.0,28.66,39.8,0.0,22.0,1,-264.169,1.354,519.128
5356.8,28.78,38.2,0.0,22.5,1,-265.256,1.345,519.500
5356.8,28.93,33.8,0.0,22.8,1,-266.878,1.332,520.103
5356.8,29.02,33.6,0.0,23.5,1,-267.953,1.322,520.536
5356.8,29.16,35.0,0.0,25.0,1,-269.553,1.308,521.231
5362.8,29.25,33.8,0.0,25.6,1,-270.611,1.299,521.726
5362.8,29.37,32.1,0.0,25.9,1,-272.182,1.285,522.516
5362.8,29.47,41.2,0.0,26.3,1,-273.217,1.275,523.073
5362.8,29.71,53.2,0.0,26.9,1,-274.756,1.260,523.958
5368.9,30.02,58.9,0.0,27.7,1,-276.278,1.244,524.902
5368.9,30.25,67.1,0.0,27.9,1,-277.284,1.232,525.564
5368.9,30.65,71.3,0.0,27.7,1,-278.781,1.215,526.610
5368.9,30.92,74.4,0.0,27.6,1,-279.770,1.203,527.343
5375.4,31.35,77.2,0.0,25.5,1,-281.239,1.184,528.495
5375.4,31.64,71.7,0.0,24.1,1,-282.208,1.171,529.299
5375.4,32.03,71.8,0.0,26.1,1,-283.642,1.151,530.560
5375.4,32.28,70.6,0.0,27.2,1,-284.582,1.138,531.436
5382.0,32.60,61.8,0.0,30.0,1,-285.966,1.117,532.805
5382.0,32.80,61.0,0.0,32.4,1,-286.868,1.104,533.751
5382.0,33.04,49.2,0.0,36.3,1,-288.187,1.083,535.221
5382.0,33.14,40.9,0.0,40.1,1,-289.041,1.070,536.232
5388.8,33.16,20.0,0.0,45.2,1,-290.280,1.050,537.790
5388.8,33.10,15.0,0.0,48.2,1,-291.075,1.037,538.850
5388.8,33.00,15.6,0.0,50.2,1,-292.221,1.018,540.468
5388.8,32.90,15.2,0.0,49.8,1,-293.309,1.000,542.119
5396.0,32.83,15.6,0.0,48.7,1,-294.000,0.987,543.237
5396.0,32.74,17.5,0.0,46.0,1,-294.986,0.969,544.940
5396.0,32.70,19.5,0.0,44.5,1,-295.607,0.957,546.092
5396.0,32.66,28.1,0.0,45.0,1,-296.485,0.939,547.845
5402.9,32.70,35.8,0.0,44.0,1,-297.036,0.928,549.030
5402.9,32.75,27.3,0.0,43.8,1,-297.811,0.910,550.834
5402.9,32.74,23.1,0.0,45.0,1,-298.294,0.898,552.052
5402.9,32.71,22.4,0.0,44.7,1,-298.964,0.880,553.897
5410.0,32.69,21.7,0.0,44.2,1,-299.376,0.869,555.139
5410.0,32.66,25.7,0.0,43.1,1,-299.938,0.852,557.017
5410.0,32.67,28.2,0.0,42.2,1,-300.276,0.841,558.279
5410.0,32.71,31.7,0.0,38.5,1,-300.726,0.825,560.187
5416.8,32.76,35.9,0.0,35.8,1,-300.989,0.814,561.470
5416.8,32.94,61.4,0.0,28.9,1,-301.329,0.799,563.409
5416.8,33.20,82.5,0.0,24.8,1,-301.521,0.789,564.717
5416.8,33.69,92.0,0.0,17.2,1,-301.761,0.774,566.708
5423.6,34.21,85.4,0.0,4.1,1,-301.946,0.759,568.735
5423.6,34.56,91.2,0.0,-0.2,1,-302.041,0.750,570.106
5423.6,35.11,92.1,0.0,-1.3,1,-302.145,0.736,572.192
5423.6,35.48,92.1,0.0,1.0,1,-302.190,0.728,573.603
5430.7,36.01,92.0,0.0,5.3,0,-302.225,0.716,575.746
5430.7,36.03,0.0,0.0,8.9,0,-302.230,0.708,577.187
5430.7,36.40,91.9,0.0,12.8,2,-302.207,0.698,579.356
5430.7,36.73,91.9,0.0,11.5,2,-302.170,0.692,580.818
5437.9,37.23,91.9,0.0,11.4,2,-302.077,0.682,583.034
5437.9,37.56,91.9,0.0,13.2,2,-301.988,0.676,584.527
5437.9,38.03,91.9,0.0,14.7,2,-301.811,0.666,586.786
5437.9,38.35,92.0,0.0,15.1,2,-301.660,0.658,588.306
5445.2,38.80,92.0,0.0,15.0,2,-301.382,0.647,590.602
5445.2,39.26,92.0,0.0,12.1,2,-301.039,0.637,592.918
5445.2,39.56,92.0,0.0,11.7,2,-300.773,0.630,594.471
5452.9,40.01,92.0,0.0,10.2,2,-300.320,0.618,596.814
5452.9,40.31,92.0,0.0,10.3,2,-299.983,0.610,598.384
5452.9,40.75,92.0,0.0,9.3,2,-299.423,0.596,600.749
5452.9,41.06,92.1,0.0,9.1,2,-299.017,0.585,602.333
5460.8,41.47,92.2,0.0,6.9,2,-298.360,0.565,604.719
5460.8,41.79,92.2,0.0,5.2,2,-297.891,0.549,606.316
5460.8,42.21,92.0,0.0,5.4,2,-297.140,0.527,608.721
5460.8,42.38,0.0,0.0,6.1,0,-296.613,0.512,610.330
5469.1,42.52,91.9,0.0,6.6,3,-295.787,0.486,612.735
5469.1,42.93,91.9,0.0,6.7,3,-294.918,0.458,615.146
5469.1,43.21,91.9,0.0,6.2,3,-294.315,0.437,616.759
5469.1,43.62,91.9,0.0,4.5,3,-293.373,0.403,619.186
5477.7,43.87,91.9,0.0,2.7,3,-292.719,0.380,620.809
5477.7,44.28,91.9,0.0,1.6,3,-291.707,0.346,623.252
5477.7,44.58,91.9,0.0,0.8,3,-291.014,0.324,624.887
5477.7,44.96,92.0,0.0,0.3,3,-289.950,0.290,627.352
5486.5,45.20,92.0,0.0,0.8,3,-289.227,0.266,629.003
5486.5,45.61,92.0,0.0,1.8,3,-288.122,0.227,631.493
5486.5,45.80,92.0,0.0,1.9,3,-287.375,0.195,633.162
5486.5,46.11,32.9,0.0,0.8,3,-286.239,0.136,635.674
5495.6,46.27,75.7,0.0,0.8,3,-285.469,0.097,637.352
5495.6,46.67,92.0,0.0,2.0,3,-284.291,0.044,639.878
5495.6,46.92,92.0,0.0,2.5,3,-283.491,0.013,641.569
5495.6,47.31,92.0,0.0,2.8,3,-282.269,-0.029,644.117
5504.9,47.71,92.0,0.0,2.4,3,-281.017,-0.068,646.678
5504.9,48.00,91.9,0.0,1.6,3,-280.167,-0.096,648.391
5504.9,48.36,92.0,0.0,1.6,3,-278.866,-0.137,650.971
5504.9,48.61,92.1,0.0,1.9,3,-277.983,-0.164,652.697
5514.5,48.97,92.1,0.0,1.6,3,-276.634,-0.203,655.296
5514.5,49.25,92.1,0.0,1.3,3,-275.719,-0.224,657.034
5514.5,49.65,92.1,0.0,0.7,3,-274.321,-0.254,659.649
5514.5,49.88,92.1,0.0,1.4,3,-273.372,-0.272,661.398
5524.3,50.26,92.1,0.0,2.9,3,-271.923,-0.291,664.028
5524.3,50.49,92.1,0.0,3.6,3,-270.943,-0.300,665.787
5524.3,50.82,92.3,0.0,3.2,3,-269.449,-0.312,668.432
5524.3,51.05,92.2,0.0,2.4,3,-268.436,-0.323,670.200
5534.5,51.41,92.2,0.0,2.1,3,-266.887,-0.342,672.854
5534.5,51.62,92.2,0.0,2.5,3,-265.834,-0.353,674.625
5534.5,51.84,0.0,0.0,2.9,0,-264.227,-0.369,677.282
5534.5,51.94,92.0,0.0,2.9,4,-262.593,-0.384,679.929
5544.8,52.15,92.0,0.0,2.8,4,-261.487,-0.393,681.692
5544.8,52.47,92.0,0.0,2.7,4,-259.800,-0.403,684.337
5544.8,52.68,92.0,0.0,2.0,4,-258.657,-0.408,686.102
5544.8,53.00,85.5,0.0,2.4,4,-256.917,-0.414,688.751
5555.2,53.21,79.0,0.0,2.4,4,-255.739,-0.417,690.519
5555.2,53.53,69.2,0.0,2.0,4,-253.949,-0.421,693.173
5555.2,53.74,62.7,0.0,1.9,4,-252.740,-0.425,694.945
5555.2,54.06,59.6,0.0,1.4,4,-250.903,-0.430,697.606
5565.9,54.27,59.7,0.0,1.8,4,-249.665,-0.434,699.384
5565.9,54.58,59.9,0.0,1.1,4,-247.787,-0.441,702.054
5565.9,54.79,60.0,0.0,0.7,4,-246.523,-0.447,703.839
5565.9,55.10,60.1,0.0,0.1,4,-244.607,-0.455,706.521
5576.7,55.31,60.1,0.0,-0.6,4,-243.320,-0.461,708.315
5576.7,55.61,60.2,0.0,0.2,4,-241.377,-0.468,711.015
5576.7,55.81,60.3,0.0,1.1,4,-240.074,-0.473,712.822
5576.7,56.11,60.3,0.0,2.7,4,-238.107,-0.479,715.543
5587.8,56.41,60.4,0.0,3.3,4,-236.121,-0.483,718.271
5587.8,56.60,60.5,0.0,3.4,4,-234.782,-0.486,720.091
5587.8,56.89,60.6,0.0,3.5,4,-232.747,-0.489,722.820
5587.8,57.08,60.6,0.0,3.5,4,-231.372,-0.490,724.638
5599.1,57.35,60.7,0.0,3.8,4,-229.281,-0.493,727.359
5599.1,57.54,60.8,0.0,3.9,4,-227.866,-0.493,729.169
5599.1,57.81,60.9,0.0,3.7,4,-225.711,-0.492,731.877
5599.1,58.00,60.9,0.0,3.9,4,-224.254,-0.490,733.677
5610.7,58.27,61.0,0.0,3.9,4,-222.036,-0.486,736.369
5610.7,58.44,61.0,0.0,4.1,4,-220.536,-0.482,738.156
5610.7,58.71,61.1,0.0,4.1,4,-218.252,-0.472,740.827
5610.7,58.88,61.1,0.0,4.0,4,-216.708,-0.464,742.600
5622.6,59.14,61.1,0.0,3.9,4,-214.358,-0.448,745.247
5622.6,59.39,61.1,0.0,4.1,4,-211.969,-0.430,747.880
5622.6,59.56,61.1,0.0,3.9,4,-210.354,-0.418,749.627
5634.6,59.81,61.2,0.0,3.7,4,-207.900,-0.398,752.235
5634.6,59.98,61.2,0.0,3.5,4,-206.243,-0.383,753.964
5634.6,60.22,61.1,0.0,3.2,4,-203.725,-0.359,756.545
5634.6,60.38,61.1,0.0,3.1,4,-202.026,-0.342,758.256
5646.8,60.62,61.0,0.0,3.3,4,-199.449,-0.317,760.812
5646.8,60.78,60.9,0.0,2.9,4,-197.713,-0.303,762.509
5646.8,61.02,60.7,0.0,2.5,4,-195.081,-0.283,765.044
5646.8,61.17,60.6,0.0,3.3,4,-193.309,-0.272,766.726
5659.1,61.39,60.3,0.0,3.2,4,-190.626,-0.260,769.239
5659.1,61.54,60.3,0.0,3.9,4,-188.819,-0.254,770.906
5659.1,61.55,0.0,0.0,4.4,0,-186.083,-0.247,773.389
5659.1,61.61,86.9,0.0,4.3,5,-184.245,-0.243,775.027
5671.6,61.83,77.2,0.0,3.9,5,-181.456,-0.238,777.462
5671.6,62.03,67.5,0.0,4.7,5,-178.626,-0.235,779.870
5671.6,62.17,61.0,0.0,5.4,5,-176.717,-0.233,781.458
5671.6,62.38,59.8,0.0,6.0,5,-173.818,-0.232,783.816
5684.1,62.51,59.9,0.0,6.1,5,-171.862,-0.231,785.369
5684.1,62.72,60.0,0.0,6.0,5,-168.893,-0.232,787.670
5684.1,62.84,60.0,0.0,5.8,5,-166.888,-0.232,789.182
5684.1,63.04,60.1,0.0,5.5,5,-163.844,-0.232,791.416
5696.9,63.17,60.1,0.0,5.3,5,-161.790,-0.231,792.883
5696.9,63.36,60.2,0.0,5.4,5,-158.672,-0.229,795.048
5696.9,63.49,60.2,0.0,4.8,5,-156.571,-0.228,796.468
5696.9,63.69,60.3,0.0,3.7,5,-153.384,-0.227,798.566
5709.7,63.82,60.3,0.0,3.3,5,-151.237,-0.225,799.942
5709.7,64.02,60.3,0.0,3.7,5,-147.987,-0.221,801.977
5709.7,64.15,60.4,0.0,4.4,5,-145.801,-0.217,803.316
5709.7,64.35,60.4,0.0,4.7,5,-142.494,-0.212,805.298
5722.7,64.54,60.5,0.0,5.1,5,-139.154,-0.207,807.246
5722.7,64.67,60.5,0.0,5.0,5,-136.909,-0.204,808.524
5722.7,64.86,60.5,0.0,4.3,5,-133.510,-0.200,810.409
5722.7,64.99,60.6,0.0,4.3,5,-131.225,-0.197,811.642
5735.8,65.17,60.6,0.0,4.9,5,-127.769,-0.195,813.459
5735.8,65.30,60.6,0.0,5.3,5,-125.446,-0.194,814.647
5735.8,65.47,60.7,0.0,5.5,5,-121.932,-0.191,816.391
5735.8,65.59,60.8,0.0,5.6,5,-119.571,-0.188,817.528
5748.9,65.77,60.8,0.0,5.4,5,-115.999,-0.184,819.193
5748.9,65.89,60.8,0.0,5.4,5,-113.599,-0.181,820.276
5748.9,66.06,60.9,0.0,5.3,5,-109.970,-0.176,821.857
5748.9,66.17,60.9,0.0,5.3,5,-107.532,-0.171,822.881
5762.1,66.35,61.0,0.0,5.5,5,-103.848,-0.163,824.374
5762.1,66.46,61.0,0.0,5.4,5,-101.374,-0.159,825.340
5762.1,66.64,61.0,0.0,5.6,5,-97.636,-0.152,826.745
5762.1,66.81,61.1,0.0,5.4,5,-93.868,-0.144,828.095
5775.4,66.92,61.1,0.0,5.4,5,-91.339,-0.139,828.965
5775.4,67.09,61.1,0.0,6.8,5,-87.522,-0.135,830.225
5775.4,67.20,61.1,0.0,6.5,5,-84.961,-0.133,831.034
5775.4,67.35,61.2,0.0,7.0,5,-81.095,-0.128,832.195
5788.7,67.46,61.2,0.0,6.7,5,-78.502,-0.124,832.933
5788.7,67.61,61.2,0.0,6.5,5,-74.590,-0.117,833.986
5788.7,67.71,61.2,0.0,5.7,5,-71.967,-0.112,834.651
5788.7,67.87,61.2,0.0,4.4,5,-68.011,-0.104,835.593
5802.1,67.97,61.2,0.0,3.3,5,-65.359,-0.098,836.186
5802.1,68.14,61.3,0.0,2.7,5,-61.364,-0.088,837.027
5802.1,68.25,61.3,0.0,2.5,5,-58.689,-0.079,837.559
5802.1,68.42,61.3,0.0,2.4,5,-54.661,-0.063,838.320
5815.6,68.54,61.3,0.0,2.2,5,-51.965,-0.051,838.807
5815.6,68.71,61.3,0.0,2.1,5,-47.909,-0.029,839.509
5815.6,68.87,61.3,0.0,2.1,5,-43.837,-0.005,840.182
5815.6,68.99,61.3,0.0,2.3,5,-41.114,0.012,840.614
5829.3,69.17,61.3,0.0,2.4,5,-37.017,0.034,841.239
5829.3,69.27,61.3,0.0,2.3,5,-34.278,0.049,841.640
5829.3,69.44,61.2,0.0,2.1,5,-30.157,0.074,842.215
5829.3,69.54,61.2,0.0,1.7,5,-27.402,0.092,842.583
5843.2,69.70,61.2,0.0,1.2,5,-23.259,0.120,843.110
5843.2,69.81,61.0,0.0,1.1,5,-20.489,0.141,843.447
5843.2,69.97,61.1,0.0,0.7,5,-16.325,0.171,843.934
5843.2,70.08,61.0,0.0,-0.1,5,-13.542,0.187,844.250
5857.2,70.24,60.8,0.0,-0.4,5,-9.358,0.214,844.714
16.2,71.29,61.2,0.0,0.2,6,27.222,0.466,848.812
