opponent,v3,Paul-Loup Chatin,0,1771575762474
Game,version,date,track,car,event,laptime [s],S1 [s],S2 [s],S3 [s],S4+ [s]
LMU,1.2,2026-02-20 08:22:42,Silverstone Grand Prix Circuit - ELMS,Alpine Endurance Team 2025 #35:LM (Hyper),Live,108.830,0,0,0
Tracklen [m],TotalLaps
5865.7,1
,
,
lapdistance [m],speed [m/s],throttle [%],brake [%],steer [%],gear [int],world_x [m],world_y [m],world_z [m]
3.3,71.01,86.4,0.0,-0.4,6,7.400,0.368,845.863
3.3,71.18,86.4,0.0,-0.2,6,11.638,0.397,846.345
3.3,71.28,86.4,0.0,-0.0,6,14.468,0.418,846.669
17.5,71.44,86.5,0.0,0.0,6,18.722,0.451,847.157
17.5,71.55,86.5,0.0,0.0,6,21.562,0.473,847.484
17.5,71.71,86.5,0.0,0.1,6,25.832,0.505,847.975
17.5,71.82,86.5,0.0,0.2,6,28.683,0.529,848.303
31.8,71.97,86.6,0.0,0.3,6,32.968,0.566,848.796
31.8,72.08,86.6,0.0,0.3,6,35.830,0.591,849.124
31.8,72.23,86.6,0.0,0.3,6,40.131,0.627,849.616
31.8,72.34,86.6,0.0,0.3,6,43.004,0.651,849.943
46.3,72.49,86.6,0.0,0.4,6,47.320,0.690,850.432
46.3,72.59,86.6,0.0,0.3,6,50.203,0.717,850.756
46.3,72.74,86.7,0.0,0.3,6,54.536,0.758,851.242
46.3,72.85,86.7,0.0,0.3,6,57.429,0.784,851.564
60.8,72.99,86.7,0.0,0.3,6,61.778,0.823,852.045
60.8,73.14,86.8,0.0,0.4,6,66.135,0.864,852.525
60.8,73.24,86.7,0.0,0.4,6,69.045,0.892,852.844
60.8,73.39,86.8,0.0,0.2,6,73.417,0.935,853.321
75.4,73.48,86.8,0.0,0.2,6,76.337,0.961,853.638
75.4,73.63,86.8,0.0,0.1,6,80.724,0.997,854.114
75.4,73.73,86.8,0.0,-0.0,6,83.654,1.021,854.430
75.4,73.87,86.8,0.0,-0.1,6,88.056,1.055,854.904
90.2,73.96,86.9,0.0,-0.0,6,90.996,1.079,855.220
90.2,74.11,86.9,0.0,0.1,6,95.412,1.113,855.694
90.2,74.20,86.9,0.0,0.2,6,98.361,1.134,856.011
90.2,74.35,86.9,0.0,0.2,6,102.792,1.166,856.486
105.0,74.43,86.9,0.0,0.3,6,105.750,1.187,856.803
105.0,74.57,86.9,0.0,0.6,6,110.194,1.219,857.279
105.0,74.66,86.9,0.0,0.7,6,113.162,1.240,857.595
105.0,74.80,87.0,0.0,0.6,6,117.620,1.274,858.070
119.9,74.90,87.0,0.0,0.4,6,120.597,1.294,858.385
119.9,75.03,87.0,0.0,0.3,6,125.070,1.320,858.854
119.9,75.12,87.0,0.0,0.3,6,128.057,1.336,859.165
119.9,75.25,87.0,0.0,0.4,6,132.544,1.359,859.629
134.9,75.39,87.0,0.0,0.4,6,137.039,1.387,860.091
134.9,75.46,87.1,0.0,0.3,6,140.040,1.412,860.396
134.9,75.61,87.1,0.0,0.3,6,144.548,1.443,860.853
134.9,75.68,87.1,0.0,0.3,6,147.558,1.462,861.156
150.0,75.82,87.1,0.0,0.4,6,152.081,1.489,861.608
150.0,75.90,87.1,0.0,0.4,6,155.100,1.507,861.908
150.0,76.03,87.1,0.0,0.3,6,159.635,1.532,862.357
150.0,76.10,87.2,0.0,0.3,6,162.663,1.550,862.654
165.2,76.23,87.2,0.0,0.3,6,167.210,1.579,863.099
165.2,76.31,87.2,0.0,0.2,6,170.247,1.599,863.394
165.2,76.43,87.2,0.0,0.0,6,174.807,1.629,863.835
165.2,76.52,87.2,0.0,-0.1,6,177.852,1.649,864.129
180.4,76.64,87.2,0.0,-0.2,6,182.425,1.679,864.568
180.4,76.76,87.2,0.0,-0.5,6,187.006,1.707,865.010
180.4,76.84,87.2,0.0,-0.7,6,190.063,1.725,865.306
195.8,76.96,87.2,0.0,-0.9,6,194.655,1.754,865.754
195.8,77.04,87.2,0.0,-0.5,6,197.720,1.774,866.057
195.8,77.15,87.3,0.0,-0.5,6,202.322,1.801,866.517
195.8,77.23,87.3,0.0,-0.7,6,205.394,1.819,866.828
211.2,77.34,87.3,0.0,-0.6,6,210.006,1.843,867.300
211.2,77.41,87.3,0.0,-0.2,6,213.085,1.860,867.618
211.2,77.51,81.7,0.0,0.5,6,217.707,1.890,868.100
211.2,77.46,39.3,49.1,0.6,6,220.791,1.912,868.424
226.7,76.53,0.0,85.3,0.5,6,225.392,1.944,868.906
226.7,75.66,0.0,89.4,0.6,6,228.422,1.965,869.223
226.7,74.28,0.0,90.9,0.8,6,232.898,1.998,869.688
226.7,73.38,0.0,92.4,1.2,6,235.837,2.021,869.990
241.5,72.01,0.0,93.5,1.4,6,240.178,2.053,870.433
241.5,70.60,0.0,91.7,1.8,6,244.438,2.079,870.861
241.5,69.68,0.0,90.3,2.1,6,247.231,2.094,871.138
241.5,68.33,0.0,91.4,2.4,6,251.355,2.116,871.538
255.5,67.44,0.0,92.6,2.9,6,254.059,2.130,871.796
255.5,66.08,21.6,93.7,3.4,0,258.050,2.151,872.165
255.5,65.19,0.0,95.9,4.0,5,260.667,2.166,872.400
255.5,63.79,0.0,93.2,4.5,5,264.524,2.187,872.733
268.5,62.89,0.0,92.5,5.3,5,267.051,2.201,872.941
268.5,61.54,0.0,90.7,6.6,5,270.775,2.219,873.232
268.5,60.67,0.0,90.5,7.5,5,273.215,2.230,873.410
268.5,59.38,0.0,89.0,8.8,5,276.810,2.245,873.652
280.6,58.52,0.0,86.9,9.9,5,279.166,2.254,873.796
280.6,57.31,24.7,82.0,10.5,0,282.637,2.267,873.981
280.6,56.54,0.0,73.1,11.0,4,284.914,2.275,874.082
280.6,55.47,0.0,57.5,11.1,4,288.273,2.285,874.201
291.9,54.56,0.0,45.9,9.4,4,291.574,2.296,874.270
291.9,54.05,0.0,38.5,8.6,4,293.747,2.306,874.285
291.9,53.43,0.0,19.3,8.0,4,296.971,2.320,874.262
291.9,53.14,0.0,14.1,7.9,4,299.103,2.328,874.214
302.6,52.78,0.0,13.0,9.2,4,302.278,2.343,874.093
302.6,52.54,0.0,10.8,10.9,4,304.382,2.353,873.980
302.6,52.24,0.0,4.9,12.6,4,307.518,2.371,873.764
302.6,52.08,0.0,4.5,13.6,4,309.598,2.383,873.589
313.0,51.85,0.0,4.6,14.7,4,312.701,2.404,873.283
313.0,51.69,0.0,2.8,15.1,4,314.759,2.417,873.049
313.0,51.49,1.5,0.0,14.0,4,317.829,2.437,872.654
313.0,51.37,2.8,0.0,12.0,4,319.865,2.449,872.361
323.1,51.18,0.2,4.0,10.6,4,322.904,2.468,871.876
323.1,51.03,0.0,6.5,10.2,4,324.918,2.480,871.524
323.1,50.78,0.0,8.9,10.9,4,327.919,2.497,870.955
323.1,50.49,0.0,9.9,14.4,4,330.895,2.512,870.338
333.2,50.29,0.0,9.9,16.0,4,332.863,2.522,869.900
333.2,50.03,2.8,0.6,17.6,4,335.790,2.536,869.202
333.2,49.95,22.3,0.0,18.2,4,337.727,2.546,868.706
333.2,49.91,32.5,0.0,19.1,4,340.616,2.561,867.914
343.4,49.92,39.1,0.0,19.9,4,342.532,2.570,867.354
343.4,49.96,40.1,0.0,21.3,4,345.393,2.583,866.464
343.4,49.96,35.1,0.0,22.3,4,347.290,2.592,865.836
343.4,49.92,26.4,0.0,24.4,4,350.118,2.606,864.843
353.8,49.87,20.6,0.0,25.2,4,351.988,2.616,864.148
353.8,49.72,6.7,0.0,24.4,4,354.769,2.630,863.054
353.8,49.61,6.0,0.0,23.9,4,356.604,2.641,862.292
353.8,49.46,20.5,0.0,23.5,4,359.327,2.657,861.100
364.6,49.42,30.0,0.0,22.8,4,361.123,2.668,860.273
364.6,49.49,67.0,0.0,22.0,4,363.793,2.684,858.982
364.6,49.64,76.3,0.0,21.5,4,365.562,2.695,858.087
364.6,49.78,47.2,0.0,20.8,4,368.198,2.710,856.691
375.0,49.83,52.1,0.0,21.7,4,370.807,2.726,855.234
375.0,49.94,68.2,0.0,22.4,4,372.530,2.737,854.228
375.0,50.17,83.7,0.0,23.1,4,375.095,2.753,852.669
375.0,50.36,85.0,0.0,22.7,4,376.794,2.764,851.594
385.6,50.63,82.2,0.0,20.3,4,379.324,2.780,849.929
385.6,50.79,78.2,0.0,18.4,4,380.998,2.790,848.784
385.6,51.02,77.4,0.0,16.2,4,383.488,2.804,847.016
385.6,51.17,78.9,0.0,15.3,4,385.131,2.813,845.801
396.3,51.41,84.2,0.0,14.5,4,387.571,2.828,843.927
396.3,51.58,81.3,0.0,13.5,4,389.180,2.838,842.642
396.3,51.71,40.8,0.0,12.0,4,391.564,2.854,840.662
396.3,51.68,26.6,0.0,11.9,4,393.130,2.864,839.311
407.1,51.56,12.0,1.0,13.1,4,395.435,2.878,837.242
407.1,51.36,3.0,0.0,14.8,4,397.686,2.894,835.128
407.1,51.25,12.5,3.4,15.7,4,399.156,2.905,833.696
417.7,51.01,3.9,3.7,16.4,4,401.319,2.921,831.519
417.7,50.85,1.3,2.4,15.9,4,402.731,2.931,830.050
417.7,50.74,39.6,0.0,14.0,4,404.808,2.947,827.822
417.7,50.84,67.9,0.0,12.5,4,406.170,2.957,826.315
428.1,51.13,84.4,0.0,11.6,4,408.187,2.971,824.017
428.1,51.32,81.7,0.0,11.4,4,409.516,2.979,822.458
428.1,51.61,82.7,0.0,10.7,4,411.485,2.989,820.080
428.1,51.82,85.0,0.0,10.2,4,412.781,2.996,818.468
438.4,52.12,85.7,0.0,11.5,4,414.697,3.008,816.009
438.4,52.32,85.7,0.0,12.5,4,415.957,3.017,814.344
438.4,52.63,85.8,0.0,13.8,4,417.820,3.027,811.806
438.4,52.84,85.8,0.0,13.9,4,419.046,3.032,810.090
448.6,53.14,85.8,0.0,13.8,4,420.852,3.042,807.474
448.6,53.32,86.0,0.0,14.1,4,422.033,3.051,805.704
448.6,53.62,86.0,0.0,14.7,4,423.773,3.064,803.009
448.6,53.90,85.2,0.0,14.3,4,425.469,3.080,800.266
459.1,54.08,81.5,0.0,14.2,4,426.574,3.093,798.411
459.1,54.31,80.0,0.0,14.4,4,428.192,3.113,795.591
459.1,54.49,84.4,0.0,13.9,4,429.244,3.127,793.686
459.1,54.76,86.1,0.0,15.1,4,430.780,3.151,790.792
469.7,54.94,85.7,0.0,15.2,4,431.778,3.167,788.838
469.7,55.20,86.3,0.0,13.6,4,433.234,3.189,785.872
469.7,55.41,86.3,0.0,11.4,4,434.176,3.204,783.872
469.7,55.64,86.5,0.0,10.8,4,435.546,3.229,780.835
480.7,55.84,86.0,0.0,9.9,4,436.431,3.247,778.789
480.7,56.05,86.0,0.0,10.6,4,437.714,3.278,775.688
480.7,56.22,86.8,0.0,10.8,4,438.547,3.293,773.603
480.7,56.41,54.2,0.0,6.7,4,439.763,3.305,770.452
491.8,56.51,80.8,0.0,8.9,4,440.542,3.312,768.333
491.8,56.72,86.6,0.0,11.2,4,441.653,3.334,765.124
491.8,56.96,81.5,0.0,12.9,4,442.701,3.362,761.878
491.8,57.10,79.3,0.0,8.2,4,443.367,3.381,759.696
503.0,57.28,76.2,0.0,1.6,4,444.317,3.408,756.399
503.0,57.46,86.0,0.0,-1.1,4,444.921,3.425,754.186
503.0,57.75,86.7,0.0,-1.5,4,445.783,3.453,750.841
503.0,57.90,86.8,0.0,0.3,4,446.332,3.473,748.594
514.4,58.13,87.0,0.0,5.1,4,447.125,3.507,745.204
514.4,58.39,86.5,0.0,4.8,4,447.641,3.527,742.931
514.4,58.66,86.8,0.0,4.0,4,448.399,3.552,739.503
514.4,58.85,86.9,0.0,3.4,4,448.894,3.566,737.206
526.0,59.14,86.9,0.0,3.5,4,449.622,3.586,733.742
526.0,59.32,86.9,0.0,2.7,4,450.093,3.602,731.421
526.0,59.60,87.0,0.0,2.9,4,450.782,3.630,727.921
526.0,59.88,87.0,0.0,3.2,4,451.454,3.657,724.400
537.8,60.06,86.9,0.0,3.0,4,451.892,3.676,722.042
537.8,60.33,87.0,0.0,3.0,4,452.536,3.705,718.489
537.8,60.51,87.0,0.0,1.0,4,452.956,3.724,716.109
537.8,60.78,87.2,0.0,-3.2,4,453.577,3.750,712.525
549.9,60.96,87.2,0.0,-3.3,4,453.988,3.766,710.125
549.9,61.22,87.3,0.0,-1.6,4,454.609,3.793,706.513
549.9,61.40,87.3,0.0,-0.6,4,455.030,3.812,704.098
549.9,61.65,87.3,0.0,-2.1,4,455.672,3.840,700.463
562.1,61.83,87.4,0.0,-0.0,4,456.110,3.859,698.033
562.1,62.08,87.4,0.0,0.6,4,456.776,3.890,694.377
562.1,62.25,87.4,0.0,0.8,0,457.227,3.911,691.932
562.1,62.21,86.1,0.0,0.8,5,457.907,3.940,688.261
574.4,62.37,86.1,0.0,1.2,5,458.360,3.960,685.811
574.4,62.62,86.2,0.0,2.0,5,459.040,3.990,682.124
574.4,62.87,86.2,0.0,2.3,5,459.714,4.019,678.421
574.4,63.03,86.2,0.0,2.3,5,460.159,4.038,675.943
586.9,63.28,86.3,0.0,1.6,5,460.817,4.068,672.212
586.9,63.45,86.3,0.0,1.3,5,461.250,4.087,669.716
586.9,63.69,86.3,0.0,1.2,5,461.890,4.116,665.956
586.9,63.85,86.4,0.0,1.6,5,462.312,4.135,663.441
599.5,64.09,86.4,0.0,2.2,5,462.936,4.163,659.654
599.5,64.25,86.4,0.0,2.5,5,463.347,4.182,657.121
599.5,64.48,86.5,0.0,2.1,5,463.952,4.213,653.308
599.5,64.63,86.5,0.0,2.4,5,464.348,4.234,650.756
612.4,64.86,86.5,0.0,2.6,5,464.930,4.265,646.916
612.4,65.02,86.5,0.0,3.2,5,465.309,4.285,644.346
612.4,65.23,86.6,0.0,3.6,5,465.863,4.314,640.479
612.4,65.38,86.6,0.0,3.3,5,466.221,4.334,637.892
625.3,65.60,86.7,0.0,3.7,5,466.739,4.365,633.997
625.3,65.73,86.7,0.0,3.9,5,467.072,4.386,631.392
625.3,65.95,86.7,0.0,3.6,5,467.551,4.417,627.472
638.5,66.15,86.8,0.0,3.0,5,468.006,4.448,623.535
638.5,66.29,86.8,0.0,2.6,5,468.295,4.468,620.903
638.5,66.50,86.8,0.0,2.5,5,468.709,4.500,616.941
638.5,66.64,86.8,0.0,2.0,5,468.973,4.520,614.291
651.8,66.85,86.9,0.0,2.2,5,469.352,4.552,610.305
651.8,66.99,86.9,0.0,0.8,5,469.596,4.573,607.640
651.8,67.19,86.9,0.0,2.1,5,469.951,4.604,603.631
651.8,67.33,86.9,0.0,2.9,5,470.181,4.625,600.951
665.2,67.53,87.0,0.0,2.8,5,470.514,4.655,596.919
665.2,67.66,87.0,0.0,2.1,5,470.727,4.675,594.224
665.2,67.86,87.0,0.0,1.9,5,471.033,4.705,590.170
665.2,67.99,87.0,0.0,1.6,5,471.228,4.723,587.461
678.7,68.19,87.1,0.0,1.8,5,471.506,4.751,583.385
678.7,68.32,87.1,0.0,1.6,5,471.683,4.768,580.661
678.7,68.52,87.1,0.0,1.5,5,471.938,4.792,576.564
678.7,68.71,87.2,0.0,1.4,5,472.179,4.814,572.455
692.4,68.83,87.2,0.0,1.4,5,472.333,4.829,569.708
692.4,69.03,87.2,0.0,1.0,5,472.555,4.849,565.579
692.4,69.16,87.2,0.0,0.7,5,472.697,4.861,562.819
692.4,69.34,87.2,0.0,0.4,5,472.904,4.876,558.670
706.2,69.46,87.3,0.0,0.1,5,473.039,4.886,555.897
706.2,69.65,87.3,0.0,0.0,5,473.236,4.899,551.729
706.2,69.77,87.3,0.0,-0.3,5,473.367,4.907,548.944
706.2,69.96,87.3,0.0,-0.6,5,473.561,4.916,544.757
720.2,70.07,87.3,0.0,-0.7,5,473.692,4.922,541.960
720.2,70.25,87.4,0.0,-0.5,5,473.891,4.928,537.755
720.2,70.37,87.4,0.0,-0.3,5,474.026,4.930,534.946
720.2,70.53,87.4,0.0,0.0,5,474.233,4.933,530.724
734.3,70.65,87.4,0.0,0.1,5,474.374,4.933,527.905
734.3,70.81,87.4,0.0,0.2,5,474.586,4.932,523.667
734.3,70.83,0.2,0.0,0.0,0,474.729,4.930,520.837
734.3,70.82,86.4,0.0,-0.1,6,474.942,4.927,516.595
748.5,70.98,86.4,0.0,0.0,6,475.155,4.923,512.347
748.5,71.08,86.4,0.0,0.0,6,475.298,4.919,509.509
748.5,71.25,86.4,0.0,0.0,6,475.512,4.909,505.245
748.5,71.36,86.4,0.0,0.4,6,475.655,4.900,502.397
762.7,71.51,86.4,0.0,0.9,6,475.869,4.885,498.117
762.7,71.62,86.5,0.0,1.1,6,476.011,4.874,495.258
762.7,71.77,86.5,0.0,1.2,6,476.220,4.855,490.962
762.7,71.88,86.5,0.0,1.2,6,476.356,4.839,488.092
777.1,72.03,86.5,0.0,0.6,6,476.554,4.812,483.780
777.1,72.12,86.6,0.0,0.4,6,476.681,4.796,480.900
777.1,72.27,86.6,0.0,-0.1,6,476.865,4.776,476.572
777.1,72.37,86.6,0.0,-0.6,6,476.985,4.763,473.682
791.5,72.52,86.6,0.0,-1.6,6,477.164,4.744,469.339
791.5,72.62,86.6,0.0,-1.9,6,477.286,4.731,466.439
791.5,72.77,86.6,0.0,-2.6,6,477.476,4.710,462.082
791.5,72.91,86.7,0.0,-4.4,6,477.682,4.689,457.717
806.1,73.01,86.7,0.0,-5.7,6,477.831,4.674,454.802
806.1,73.14,86.8,0.0,-6.4,6,478.081,4.653,450.425
806.1,73.24,86.8,0.0,-6.8,6,478.267,4.639,447.504
806.1,73.37,86.8,0.0,-6.8,6,478.584,4.616,443.117
820.7,73.45,86.8,0.0,-7.6,6,478.822,4.602,440.191
820.7,73.58,86.8,0.0,-6.5,6,479.223,4.579,435.798
820.7,73.67,86.8,0.0,-8.8,6,479.521,4.563,432.868
820.7,73.79,86.8,0.0,-9.8,6,480.017,4.540,428.472
835.4,73.86,86.9,0.0,-9.7,6,480.383,4.527,425.542
835.4,73.98,86.9,0.0,-8.3,6,480.988,4.511,421.149
835.4,74.05,86.9,0.0,-6.5,6,481.427,4.500,418.221
835.4,74.18,86.9,0.0,-5.6,6,482.140,4.483,413.832
850.1,74.26,86.9,0.0,-6.0,6,482.649,4.472,410.908
850.1,74.38,86.9,0.0,-7.8,6,483.462,4.454,406.523
850.1,74.47,86.9,0.0,-8.5,6,484.033,4.441,403.602
850.1,74.59,86.9,0.0,-9.1,6,484.937,4.418,399.223
864.9,74.71,87.0,0.0,-8.6,6,485.896,4.391,394.848
864.9,74.78,87.0,0.0,-7.7,6,486.569,4.370,391.935
864.9,74.91,87.0,0.0,-6.5,6,487.626,4.333,387.571
864.9,74.98,87.0,0.0,-5.3,6,488.365,4.306,384.666
879.7,75.05,44.4,9.4,-3.3,6,489.523,4.263,380.316
879.7,74.87,1.6,3.0,-2.9,6,490.323,4.232,377.425
879.7,74.81,67.5,0.0,-10.7,6,491.556,4.184,373.109
879.7,74.71,22.3,24.0,-15.7,6,492.403,4.148,370.241
895.1,74.20,0.0,23.5,-17.8,6,493.715,4.094,365.969
895.1,73.79,0.0,51.6,-16.7,6,494.621,4.058,363.150
895.1,72.79,0.0,76.5,-10.7,6,496.030,4.005,358.980
895.1,72.00,0.0,83.3,-6.1,6,496.997,3.971,356.249
910.3,70.70,0.0,86.2,0.1,6,498.482,3.921,352.230
910.3,69.83,0.0,69.6,4.5,6,499.490,3.888,349.605
910.3,68.80,0.0,30.1,10.8,6,501.032,3.844,345.743
924.7,68.20,0.0,16.4,13.7,6,502.615,3.797,341.951
924.7,67.89,0.0,31.0,12.0,6,503.694,3.762,339.451
924.7,67.26,0.0,38.6,5.4,6,505.327,3.706,335.739
924.7,66.81,0.0,25.8,1.8,6,506.410,3.669,333.285
938.4,66.31,0.0,25.1,1.9,6,508.007,3.619,329.625
938.4,65.96,0.0,29.6,4.2,6,509.050,3.590,327.193
938.4,65.39,0.0,33.0,8.0,6,510.578,3.552,323.560
938.4,64.98,0.0,33.3,9.6,6,511.573,3.527,321.149
951.7,64.37,20.6,32.5,10.4,0,513.020,3.492,317.548
951.7,63.98,0.0,31.7,9.2,5,513.952,3.472,315.155
951.7,63.38,0.0,38.9,8.7,5,515.296,3.443,311.577
951.7,62.88,0.0,54.9,8.3,5,516.153,3.425,309.200
964.2,61.96,0.0,56.2,8.8,5,517.378,3.403,305.659
964.2,61.34,0.0,52.2,9.4,5,518.152,3.391,303.317
964.2,60.50,0.0,43.2,10.2,5,519.251,3.377,299.829
964.2,59.78,0.0,20.9,11.2,5,520.277,3.364,296.370
976.0,59.45,0.0,22.0,12.3,5,520.921,3.355,294.073
976.0,58.98,0.0,15.0,12.5,5,521.827,3.342,290.637
976.0,58.75,19.0,2.2,12.6,5,522.391,3.332,288.351
976.0,58.81,81.0,0.0,12.9,5,523.179,3.317,284.915
987.6,58.87,37.7,14.7,13.9,5,523.670,3.305,282.613
987.6,58.42,0.0,30.0,14.9,5,524.347,3.288,279.157
987.6,58.03,0.0,24.5,15.0,5,524.758,3.278,276.864
987.6,57.61,7.8,1.6,13.8,5,525.312,3.265,273.440
1000.2,57.54,42.2,0.0,12.6,5,525.642,3.258,271.161
1000.2,57.41,3.7,21.0,11.6,5,526.080,3.249,267.739
1000.2,57.14,0.0,12.2,11.5,5,526.333,3.247,265.462
1000.2,56.89,1.6,1.0,11.0,5,526.669,3.237,262.057
1012.7,56.72,37.8,0.0,11.4,5,526.865,3.219,259.794
1012.7,56.74,63.2,0.0,12.9,5,527.083,3.229,256.397
1012.7,56.74,7.4,0.0,12.5,5,527.248,3.229,252.998
1012.7,56.67,8.9,0.0,15.7,5,527.331,3.219,250.730
1025.2,56.58,35.2,0.0,18.4,5,527.390,3.214,247.334
1025.2,56.52,16.0,0.9,18.6,5,527.389,3.211,245.072
1025.2,56.28,0.0,6.0,18.9,5,527.328,3.208,241.688
1025.2,56.09,0.0,7.5,18.8,5,527.249,3.205,239.441
1036.8,55.80,0.0,3.2,17.2,5,527.070,3.202,236.089
1036.8,55.63,0.0,2.4,16.0,5,526.910,3.203,233.866
1036.8,55.40,22.6,1.8,14.0,0,526.606,3.211,230.549
1036.8,55.26,0.0,3.2,13.0,4,526.361,3.220,228.349
1048.0,55.02,0.0,1.6,12.7,4,525.937,3.234,225.068
1048.0,54.86,0.0,0.6,12.8,4,525.616,3.244,222.894
1048.0,54.64,0.0,2.9,14.4,4,525.081,3.259,219.652
1048.0,54.48,0.0,3.9,12.4,4,524.687,3.270,217.505
1058.9,54.23,0.0,1.5,10.6,4,524.041,3.289,214.309
1058.9,54.11,20.5,0.0,10.0,4,523.577,3.304,212.192
1058.9,54.21,76.9,0.0,8.2,4,522.832,3.329,209.032
1058.9,54.41,86.1,0.0,7.1,4,522.304,3.346,206.925
1069.6,54.71,86.2,0.0,5.7,4,521.470,3.372,203.760
1069.6,55.02,86.2,0.0,3.6,4,520.589,3.399,200.589
1069.6,55.23,86.2,0.0,2.1,4,519.980,3.417,198.470
1069.6,55.54,86.3,0.0,0.2,4,519.039,3.445,195.284
1080.7,55.75,86.3,0.0,-0.1,4,518.398,3.463,193.152
1080.7,56.07,86.3,0.0,-1.1,4,517.424,3.490,189.943
1080.7,56.27,86.4,0.0,-1.9,4,516.769,3.508,187.795
1080.7,56.58,86.4,0.0,-3.1,4,515.784,3.533,184.557
1092.0,56.78,86.5,0.0,-3.9,4,515.128,3.549,182.387
1092.0,57.08,85.4,0.0,-5.1,4,514.153,3.571,179.114
1092.0,57.26,79.6,0.0,-6.0,4,513.510,3.585,176.920
1092.0,57.27,18.1,43.2,-7.0,4,512.564,3.603,173.613
1103.5,56.78,0.0,62.7,-7.5,4,511.953,3.614,171.413
1103.5,55.80,0.0,69.6,-7.7,4,511.073,3.631,168.150
1103.5,54.73,0.0,71.7,-7.7,4,510.240,3.647,164.938
1103.5,54.02,0.0,68.0,-7.2,4,509.713,3.656,162.826
1114.7,53.01,0.0,61.8,-7.1,4,508.966,3.669,159.702
1114.7,52.37,0.0,59.9,-5.6,4,508.499,3.678,157.646
1114.7,51.45,0.0,54.8,-5.4,4,507.845,3.692,154.599
1114.7,50.88,0.0,51.2,-7.4,4,507.439,3.702,152.592
1125.3,50.11,0.0,41.0,-9.7,4,506.874,3.715,149.615
1125.3,49.65,0.0,18.5,-9.7,4,506.528,3.724,147.649
1125.3,49.43,28.6,0.0,-12.3,4,506.054,3.736,144.717
1125.3,49.40,17.1,0.0,-14.4,4,505.767,3.742,142.762
1135.6,49.26,4.2,0.0,-17.4,4,505.379,3.750,139.827
1135.6,49.16,4.6,0.0,-18.9,4,505.150,3.753,137.872
1135.6,48.98,0.3,1.0,-19.8,4,504.854,3.756,134.942
1135.6,48.86,0.0,1.2,-20.0,4,504.689,3.757,132.992
1145.9,48.67,2.1,0.0,-20.8,4,504.492,3.755,130.073
1145.9,48.52,8.7,0.0,-22.3,4,504.353,3.746,127.160
1145.9,48.42,14.2,0.0,-22.0,4,504.295,3.737,125.223
1156.1,48.28,5.6,0.5,-21.1,4,504.266,3.724,122.321
1156.1,48.16,0.0,3.3,-20.8,4,504.286,3.717,120.392
1156.1,47.89,2.1,0.3,-20.1,4,504.378,3.714,117.512
1156.1,47.78,3.4,0.0,-19.2,4,504.478,3.716,115.601
1166.2,47.62,6.4,0.0,-19.7,4,504.667,3.702,112.744
1166.2,47.48,7.2,0.0,-21.4,4,504.835,3.699,110.850
1166.2,47.34,14.4,0.0,-22.5,4,505.143,3.697,108.022
1166.2,47.28,14.4,0.0,-23.0,4,505.375,3.687,106.144
1176.2,47.11,14.1,0.0,-26.3,4,505.793,3.687,103.343
1176.2,47.04,6.8,0.7,-28.6,4,506.099,3.681,101.485
1176.2,46.85,4.6,0.0,-32.0,4,506.597,3.657,98.712
1176.2,46.72,17.4,0.0,-32.9,4,506.974,3.653,96.880
1186.2,46.62,11.3,0.0,-34.3,4,507.585,3.639,94.147
1186.2,46.44,6.7,0.0,-37.5,4,508.247,3.613,91.434
1186.2,46.33,13.2,0.0,-38.3,4,508.728,3.599,89.642
1186.2,46.19,7.0,0.0,-40.4,4,509.502,3.578,86.976
1196.0,46.07,8.0,0.0,-42.7,4,510.050,3.562,85.214
1196.0,45.91,24.6,0.0,-44.9,0,510.919,3.532,82.595
1196.0,45.81,3.6,0.0,-46.1,3,511.530,3.510,80.865
1196.0,45.63,13.7,0.0,-47.2,3,512.494,3.474,78.297
1205.5,45.54,14.3,0.0,-47.6,3,513.167,3.450,76.603
1205.5,45.39,14.5,0.0,-48.2,3,514.226,3.410,74.089
1205.5,45.30,15.5,0.0,-48.6,3,514.964,3.384,72.432
1205.5,45.20,25.3,0.0,-48.0,3,516.119,3.343,69.975
1214.7,45.17,30.3,0.0,-46.8,3,516.922,3.317,68.357
1214.7,45.14,34.5,0.0,-42.9,3,518.178,3.280,65.956
1214.7,45.16,41.4,0.0,-40.4,3,519.050,3.258,64.375
1214.7,45.27,57.1,0.0,-37.2,3,520.409,3.228,62.028
1223.8,45.50,77.0,0.0,-25.9,3,521.830,3.201,59.706
1223.8,45.67,52.4,0.0,-16.0,3,522.812,3.183,58.170
1223.8,45.50,0.1,22.6,-2.8,3,524.329,3.157,55.890
1223.8,45.18,0.0,43.7,3.3,3,525.360,3.140,54.397
1232.8,44.42,0.0,61.9,11.3,3,526.915,3.117,52.201
1232.8,43.82,0.0,59.9,14.4,3,527.945,3.101,50.766
1232.8,42.89,0.0,68.4,14.5,3,529.461,3.077,48.649
1232.8,42.23,0.0,70.6,13.7,3,530.445,3.060,47.259
1241.5,41.24,0.0,73.0,13.2,3,531.873,3.036,45.199
1241.5,40.56,0.0,73.5,13.3,3,532.791,3.021,43.843
1241.5,39.60,0.0,44.5,13.7,3,534.114,2.997,41.834
1241.5,39.13,0.0,23.9,13.8,3,534.961,2.982,40.506
1249.5,38.73,0.0,8.0,14.1,3,536.179,2.957,38.514
1249.5,38.57,0.0,4.5,15.1,3,536.958,2.940,37.179
1249.5,38.38,0.0,2.2,17.4,3,538.079,2.912,35.161
1249.5,38.21,0.0,0.9,21.1,3,539.144,2.883,33.125
1257.1,38.11,0.0,0.2,23.5,3,539.824,2.864,31.758
1257.1,37.95,0.8,0.0,25.8,3,540.797,2.833,29.695
1257.1,37.85,0.6,0.0,26.3,3,541.414,2.812,28.310
1257.1,37.70,0.9,0.0,25.7,3,542.293,2.780,26.221
1264.9,37.61,8.6,0.0,25.0,3,542.847,2.757,24.820
1264.9,37.63,40.0,0.0,24.1,3,543.628,2.724,22.704
1264.9,37.73,52.6,0.0,23.7,3,544.118,2.702,21.279
1264.9,37.96,57.9,0.0,24.6,3,544.807,2.668,19.117
1272.6,38.09,53.8,0.0,26.2,3,545.237,2.646,17.658
1272.6,38.25,43.4,0.0,28.5,3,545.836,2.612,15.448
1272.6,38.31,34.4,0.0,29.6,3,546.204,2.588,13.962
1272.6,38.36,32.9,0.0,30.9,3,546.706,2.552,11.718
1280.9,38.40,40.0,0.0,30.9,3,547.008,2.527,10.213
1280.9,38.55,52.4,0.0,29.5,3,547.407,2.492,7.941
1280.9,38.70,41.0,0.0,29.2,3,547.746,2.457,5.648
1280.9,38.74,35.4,0.0,29.4,3,547.937,2.432,4.112
1289.0,38.80,34.6,0.0,29.7,3,548.173,2.393,1.798
1289.0,38.85,44.1,0.0,29.8,3,548.294,2.366,0.251
1289.0,39.00,50.3,0.0,29.3,3,548.424,2.325,-2.080
1289.0,39.11,56.5,0.0,28.2,3,548.475,2.297,-3.641
1297.4,39.36,70.0,0.0,26.5,3,548.498,2.255,-5.994
1297.4,39.58,75.9,0.0,25.8,3,548.478,2.227,-7.572
1297.4,39.93,80.6,0.0,25.9,3,548.400,2.181,-9.955
1297.4,40.17,76.1,0.0,25.4,3,548.314,2.149,-11.554
1306.2,40.37,43.4,0.0,24.3,3,548.131,2.100,-13.963
1306.2,40.41,36.4,0.0,23.9,3,547.969,2.067,-15.571
1306.2,40.49,47.2,0.0,24.4,3,547.666,2.021,-17.978
1306.2,40.58,51.3,0.0,24.8,3,547.423,1.992,-19.580
1315.3,40.74,53.8,0.0,24.8,3,547.001,1.950,-21.983
1315.3,40.94,55.6,0.0,24.0,3,546.508,1.913,-24.383
1315.3,41.08,56.9,0.0,24.4,3,546.143,1.888,-25.982
1324.0,41.28,58.8,0.0,23.0,3,545.535,1.855,-28.375
1324.0,41.42,59.5,0.0,22.9,3,545.094,1.834,-29.969
1324.0,41.65,60.9,0.0,23.8,3,544.377,1.803,-32.356
1324.0,41.81,61.7,0.0,24.5,3,543.862,1.783,-33.943
1333.2,42.05,62.6,0.0,24.9,3,543.038,1.750,-36.319
1333.2,42.21,63.8,0.0,24.9,3,542.452,1.727,-37.899
1333.2,42.46,65.0,0.0,23.6,3,541.518,1.695,-40.260
1333.2,42.62,66.3,0.0,22.1,3,540.856,1.674,-41.827
1342.4,42.89,66.9,0.0,19.1,3,539.805,1.648,-44.166
1342.4,43.07,68.2,0.0,17.9,3,539.067,1.632,-45.718
1342.4,43.35,68.7,0.0,18.2,3,537.905,1.606,-48.035
1342.4,43.53,69.7,0.0,18.3,3,537.095,1.588,-49.572
1351.5,43.82,70.8,0.0,17.3,3,535.824,1.562,-51.863
1351.5,44.10,71.9,0.0,16.3,3,534.485,1.539,-54.135
1351.5,44.31,72.8,0.0,15.5,3,533.556,1.525,-55.639
1351.5,44.63,77.1,0.0,14.7,3,532.109,1.504,-57.880
1360.6,44.86,78.1,0.0,14.5,3,531.110,1.490,-59.363
1360.6,45.18,78.1,0.0,14.1,3,529.558,1.469,-61.574
1360.6,45.41,78.9,0.0,13.1,3,528.491,1.453,-63.037
1360.6,45.76,78.7,0.0,11.8,3,526.839,1.427,-65.216
1369.6,45.98,79.7,0.0,11.2,3,525.704,1.409,-66.657
1369.6,46.33,83.0,0.0,9.8,3,523.953,1.379,-68.801
1369.6,46.58,85.6,0.0,8.9,3,522.753,1.357,-70.219
1369.6,46.96,86.5,0.0,8.0,3,520.903,1.324,-72.327
1378.8,47.21,86.5,0.0,7.3,3,519.636,1.301,-73.720
1378.8,47.60,86.6,0.0,6.9,3,517.688,1.265,-75.791
1378.8,47.86,86.6,0.0,7.4,3,516.358,1.240,-77.160
1378.8,48.09,29.2,0.0,12.8,3,514.319,1.199,-79.193
1388.1,48.04,15.0,0.0,16.2,3,512.934,1.171,-80.528
1388.1,48.28,86.6,0.0,19.1,3,510.822,1.131,-82.495
1388.1,48.65,86.7,0.0,18.6,3,508.657,1.093,-84.434
1388.1,48.89,86.7,0.0,17.2,3,507.183,1.069,-85.711
1397.6,49.24,86.9,0.0,12.7,3,504.927,1.034,-87.601
1397.6,49.49,86.9,0.0,11.2,3,503.393,1.008,-88.844
1397.6,49.83,87.1,0.0,6.1,3,501.050,0.966,-90.683
1397.6,50.08,87.1,0.0,3.3,3,499.459,0.937,-91.891
1407.3,50.45,87.1,0.0,-0.8,3,497.028,0.891,-93.674
1407.3,50.70,87.1,0.0,-1.4,3,495.379,0.860,-94.845
1407.3,51.09,87.1,0.0,1.2,3,492.867,0.816,-96.580
1407.3,51.34,87.1,0.0,3.4,3,491.170,0.787,-97.725
1417.5,51.71,87.2,0.0,4.7,3,488.594,0.746,-99.433
1417.5,51.96,87.3,0.0,3.8,3,486.860,0.721,-100.569
1417.5,52.33,87.3,0.0,1.4,3,484.236,0.685,-102.271
1417.5,52.57,87.3,0.0,-0.2,3,482.471,0.661,-103.405
1427.9,52.94,87.4,0.0,-1.4,3,479.805,0.627,-105.108
1427.9,53.03,0.0,0.0,-2.4,0,477.122,0.595,-106.818
1427.9,53.17,85.8,0.0,-3.6,4,475.333,0.572,-107.960
1427.9,53.52,85.9,0.0,-5.5,4,472.641,0.541,-109.689
1438.6,53.75,85.9,0.0,-5.5,4,470.841,0.521,-110.855
1438.6,54.07,86.2,0.0,-5.3,4,468.138,0.493,-112.628
1438.6,54.28,86.2,0.0,-6.0,4,466.335,0.476,-113.829
1438.6,54.57,86.3,0.0,-6.8,4,463.630,0.451,-115.658
1449.9,54.79,86.2,0.0,-7.8,4,461.827,0.433,-116.898
1449.9,55.15,86.2,0.0,-9.9,4,459.126,0.405,-118.789
1449.9,55.33,86.2,0.0,-11.2,4,457.330,0.387,-120.076
1449.9,55.61,86.5,0.0,-11.5,4,454.646,0.361,-122.043
1461.4,55.84,86.3,0.0,-11.6,4,452.861,0.337,-123.378
1461.4,56.10,86.4,0.0,-11.1,4,450.206,0.311,-125.432
1461.4,56.29,86.4,0.0,-10.6,4,448.449,0.297,-126.833
1461.4,56.54,86.7,0.0,-11.3,4,445.834,0.277,-128.984
1473.0,56.86,86.5,0.0,-12.2,4,443.244,0.255,-131.190
1473.0,57.03,86.6,0.0,-12.7,4,441.534,0.242,-132.693
1473.0,57.30,86.7,0.0,-10.7,4,438.995,0.226,-134.998
1473.0,57.49,86.7,0.0,-10.5,4,437.320,0.219,-136.568
1484.9,57.76,86.7,0.0,-10.1,4,434.832,0.210,-138.968
1484.9,57.96,86.7,0.0,-10.3,4,433.189,0.206,-140.598
1484.9,58.22,86.8,0.0,-9.9,4,430.747,0.198,-143.083
1484.9,58.41,86.8,0.0,-8.7,4,429.134,0.193,-144.768
1496.8,58.69,86.9,0.0,-7.0,4,426.737,0.185,-147.335
1496.8,58.87,86.9,0.0,-6.6,4,425.154,0.181,-149.073
1496.8,59.14,87.0,0.0,-6.6,4,422.801,0.177,-151.718
1496.8,59.33,87.0,0.0,-6.9,4,421.246,0.177,-153.506
1508.7,59.60,87.0,0.0,-7.9,4,418.933,0.182,-156.222
1508.7,59.88,87.1,0.0,-7.9,4,416.641,0.185,-158.977
1508.7,60.06,87.1,0.0,-7.7,4,415.125,0.186,-160.835
1520.7,60.32,87.2,0.0,-7.8,4,412.870,0.182,-163.655
1520.7,60.50,87.2,0.0,-7.8,4,411.382,0.179,-165.558
1520.7,60.75,87.3,0.0,-8.4,4,409.171,0.171,-168.446
1520.7,60.93,87.2,0.0,-9.0,4,407.712,0.162,-170.394
1532.7,61.17,87.3,0.0,-9.4,4,405.551,0.148,-173.351
1532.7,61.34,87.3,0.0,-7.7,4,404.129,0.139,-175.346
1532.7,61.59,87.4,0.0,-7.3,4,402.023,0.121,-178.373
1532.7,61.75,87.4,0.0,-6.5,4,400.637,0.107,-180.413
1545.0,62.00,87.4,0.0,-5.8,4,398.584,0.086,-183.506
1545.0,62.17,87.4,0.0,-5.2,4,397.232,0.071,-185.589
1545.0,62.20,0.0,0.0,-4.5,0,395.230,0.049,-188.740
1545.0,62.36,86.1,0.0,-3.8,5,393.261,0.030,-191.913
1557.4,62.52,86.1,0.0,-3.5,5,391.961,0.019,-194.045
1557.4,62.76,86.2,0.0,-3.1,5,390.027,0.004,-197.267
1557.4,62.92,86.2,0.0,-3.0,5,388.745,-0.005,-199.429
1557.4,63.16,86.2,0.0,-2.7,5,386.834,-0.016,-202.692
1569.9,63.32,86.3,0.0,-2.4,5,385.567,-0.021,-204.881
1569.9,63.56,86.3,0.0,-2.0,5,383.673,-0.027,-208.182
1569.9,63.71,86.3,0.0,-1.6,5,382.416,-0.031,-210.395
1569.9,63.95,86.4,0.0,-0.8,5,380.535,-0.036,-213.731
1582.7,64.11,86.4,0.0,-1.2,5,379.285,-0.039,-215.965
1582.7,64.34,86.4,0.0,-1.7,5,377.411,-0.043,-219.332
1582.7,64.50,86.5,0.0,-1.9,5,376.163,-0.045,-221.586
1582.7,64.73,86.5,0.0,-1.7,5,374.293,-0.047,-224.981
1595.5,64.87,86.5,0.0,-1.5,5,373.048,-0.047,-227.255
1595.5,65.11,86.5,0.0,-1.3,5,371.184,-0.048,-230.679
1595.5,65.34,86.6,0.0,-1.3,5,369.323,-0.051,-234.121
1595.5,65.48,86.7,0.0,-1.4,5,368.084,-0.054,-236.425
1608.6,65.70,86.7,0.0,-1.4,5,366.227,-0.062,-239.895
1608.6,65.85,86.7,0.0,-1.3,5,364.991,-0.069,-242.217
1608.6,66.07,86.7,0.0,-1.4,5,363.140,-0.080,-245.714
1608.6,66.22,86.8,0.0,-1.5,5,361.908,-0.088,-248.055
1621.8,66.44,86.8,0.0,-1.7,5,360.062,-0.102,-251.581
1621.8,66.58,86.8,0.0,-1.6,5,358.834,-0.112,-253.940
1621.8,66.80,86.8,0.0,-1.5,5,356.996,-0.127,-257.494
1621.8,66.94,86.9,0.0,-1.3,5,355.773,-0.137,-259.873
1635.1,67.15,86.9,0.0,-1.2,5,353.944,-0.153,-263.455
1635.1,67.29,86.9,0.0,-1.1,5,352.727,-0.164,-265.852
1635.1,67.50,87.0,0.0,-1.0,5,350.906,-0.180,-269.462
1635.1,67.63,87.0,0.0,-0.9,5,349.694,-0.190,-271.878
1648.6,67.84,87.0,0.0,-0.6,5,347.878,-0.207,-275.514
1648.6,68.06,87.0,0.0,-0.6,5,346.065,-0.224,-279.165
1648.6,68.19,87.0,0.0,-0.5,5,344.857,-0.235,-281.607
1648.6,68.40,87.1,0.0,-0.3,5,343.046,-0.254,-285.282
1662.2,68.53,87.1,0.0,-0.2,5,341.838,-0.268,-287.740
1662.2,68.73,87.1,0.0,-0.2,5,340.025,-0.289,-291.437
1662.2,68.86,87.1,0.0,-0.1,5,338.816,-0.304,-293.908
1662.2,69.06,87.2,0.0,-0.1,5,337.000,-0.326,-297.626
1675.9,69.18,87.3,0.0,-0.1,5,335.787,-0.344,-300.110
1675.9,69.38,87.2,0.0,-0.0,5,333.965,-0.372,-303.846
1675.9,69.50,87.3,0.0,-0.0,5,332.748,-0.386,-306.342
1675.9,69.69,87.3,0.0,0.1,5,330.919,-0.406,-310.095
1689.8,69.82,87.3,0.0,0.0,5,329.697,-0.421,-312.604
1689.8,70.01,87.3,0.0,0.1,5,327.860,-0.447,-316.374
1689.8,70.13,87.3,0.0,0.1,5,326.633,-0.464,-318.894
1689.8,70.31,87.4,0.0,-0.0,5,324.789,-0.489,-322.682
1703.8,70.43,87.4,0.0,-0.0,5,323.557,-0.505,-325.212
1703.8,70.61,87.4,0.0,0.1,5,321.706,-0.528,-329.017
1703.8,70.79,87.4,0.0,0.1,5,319.850,-0.552,-332.831
1703.8,70.83,0.2,0.0,0.0,0,318.612,-0.568,-335.379
1718.0,70.82,86.4,0.0,-0.1,6,316.755,-0.593,-339.199
1718.0,70.94,86.4,0.0,-0.1,6,315.516,-0.609,-341.748
1718.0,71.11,86.4,0.0,-0.1,6,313.655,-0.634,-345.581
1718.0,71.22,86.4,0.0,-0.1,6,312.412,-0.650,-348.142
1732.1,71.39,86.4,0.0,-0.1,6,310.545,-0.675,-351.991
1732.1,71.50,86.5,0.0,-0.1,6,309.299,-0.692,-354.562
1732.1,71.67,86.5,0.0,-0.0,6,307.426,-0.718,-358.427
1732.1,71.78,86.5,0.0,-0.0,6,306.176,-0.736,-361.010
1746.4,71.95,86.5,0.0,-0.1,6,304.299,-0.765,-364.891
1746.4,72.06,86.5,0.0,-0.1,6,303.046,-0.785,-367.484
1746.4,72.23,86.6,0.0,-0.2,6,301.163,-0.816,-371.382
1746.4,72.34,86.6,0.0,-0.2,6,299.906,-0.836,-373.985
1760.9,72.50,86.6,0.0,-0.1,6,298.019,-0.869,-377.898
1760.9,72.66,86.6,0.0,-0.1,6,296.128,-0.902,-381.820
1760.9,72.76,86.7,0.0,-0.1,6,294.866,-0.925,-384.440
1775.4,72.92,86.7,0.0,-0.1,6,292.970,-0.958,-388.378
1775.4,73.03,86.7,0.0,-0.1,6,291.704,-0.979,-391.008
1775.4,73.19,86.7,0.0,-0.1,6,289.803,-1.012,-394.960
1775.4,73.29,86.7,0.0,-0.1,6,288.533,-1.034,-397.600
1790.0,73.45,86.8,0.0,0.0,6,286.626,-1.067,-401.567
1790.0,73.55,86.8,0.0,0.0,6,285.352,-1.092,-404.216
1790.0,73.70,86.8,0.0,0.1,6,283.437,-1.125,-408.197
1790.0,73.80,86.8,0.0,0.2,6,282.158,-1.143,-410.855
1804.8,73.96,86.8,0.0,0.3,6,280.235,-1.170,-414.848
1804.8,74.06,86.8,0.0,0.2,6,278.951,-1.190,-417.515
1804.8,74.20,86.9,0.0,0.1,6,277.019,-1.218,-421.522
1804.8,74.35,86.9,0.0,0.2,6,275.082,-1.248,-425.535
1819.6,74.45,86.9,0.0,0.3,6,273.788,-1.267,-428.214
1819.6,74.60,86.9,0.0,0.3,6,271.841,-1.298,-432.240
1819.6,74.70,86.9,0.0,0.4,6,270.540,-1.318,-434.927
1819.6,74.84,87.0,0.0,0.4,6,268.583,-1.349,-438.963
1834.5,74.93,87.0,0.0,0.5,6,267.275,-1.369,-441.657
1834.5,75.08,87.0,0.0,0.5,6,265.306,-1.399,-445.704
1834.5,75.17,87.0,0.0,0.5,6,263.990,-1.418,-448.405
1834.5,75.31,87.0,0.0,0.5,6,262.009,-1.446,-452.461
1849.6,75.40,87.0,0.0,0.5,6,260.684,-1.465,-455.168
1849.6,75.54,87.1,0.0,0.5,6,258.690,-1.491,-459.233
1849.6,75.63,87.1,0.0,0.5,6,257.356,-1.508,-461.946
1849.6,75.77,87.1,0.0,0.6,6,255.349,-1.535,-466.020
1864.7,75.86,87.1,0.0,0.6,6,254.006,-1.554,-468.738
1864.7,75.99,87.1,0.0,0.7,6,251.984,-1.580,-472.820
1864.7,76.08,87.1,0.0,0.7,6,250.632,-1.598,-475.544
1864.7,76.21,87.1,0.0,0.7,6,248.597,-1.625,-479.634
1879.9,76.34,87.1,0.0,0.5,6,246.553,-1.650,-483.728
1879.9,76.43,87.2,0.0,0.4,6,245.186,-1.667,-486.461
1879.9,76.55,87.2,0.0,0.5,6,243.129,-1.691,-490.563
1879.9,76.64,87.2,0.0,0.4,6,241.752,-1.706,-493.300
1895.2,76.76,87.2,0.0,0.4,6,239.682,-1.729,-497.409
1895.2,76.85,87.2,0.0,0.4,6,238.298,-1.744,-500.152
1895.2,76.97,87.3,0.0,0.5,6,236.215,-1.768,-504.269
1895.2,77.06,87.2,0.0,0.6,6,234.823,-1.784,-507.017
1910.6,77.17,87.3,0.0,0.5,6,232.730,-1.807,-511.143
1910.6,77.26,87.3,0.0,0.4,6,231.332,-1.823,-513.897
1910.6,77.38,87.3,0.0,0.2,6,229.228,-1.846,-518.031
1910.6,77.46,87.3,0.0,0.2,6,227.821,-1.863,-520.790
1926.1,77.57,87.3,0.0,0.3,6,225.706,-1.889,-524.932
1926.1,77.66,87.3,0.0,0.2,6,224.293,-1.906,-527.696
1926.1,77.76,87.4,0.0,0.1,6,222.169,-1.927,-531.846
1926.1,77.88,87.4,0.0,-0.1,6,220.040,-1.949,-536.001
1941.6,77.96,87.4,0.0,-0.1,6,218.618,-1.965,-538.775
1941.6,78.08,87.4,0.0,-0.1,6,216.484,-1.993,-542.941
1941.6,78.16,87.4,0.0,-0.2,6,215.060,-2.016,-545.722
1941.6,78.27,87.4,0.0,-0.3,6,212.924,-2.054,-549.900
1957.2,78.34,87.4,0.0,-0.4,6,211.500,-2.082,-552.689
1957.2,78.45,87.4,0.0,-0.6,6,209.365,-2.127,-556.880
1957.2,78.52,87.4,0.0,-0.7,0,207.943,-2.157,-559.678
1957.2,78.39,86.6,0.0,-0.7,7,205.814,-2.205,-563.876
1972.9,78.47,86.6,0.0,-0.6,7,204.398,-2.239,-566.675
1972.9,78.57,86.6,0.0,-0.5,7,202.278,-2.290,-570.882
1972.9,78.65,86.7,0.0,-0.5,7,200.866,-2.324,-573.691
1972.9,78.75,86.7,0.0,-0.6,7,198.752,-2.377,-577.913
1988.6,78.87,86.7,0.0,-0.6,7,196.641,-2.431,-582.144
1988.6,78.94,86.7,0.0,-0.7,7,195.236,-2.468,-584.970
1988.6,79.04,86.7,0.0,-0.4,7,193.131,-2.522,-589.215
1988.6,79.11,86.7,0.0,-0.3,7,191.729,-2.556,-592.050
2004.4,79.22,86.7,0.0,-0.1,7,189.627,-2.612,-596.309
2004.4,79.29,86.7,0.0,-0.1,7,188.226,-2.651,-599.153
2004.4,79.39,86.8,0.0,0.1,7,186.122,-2.708,-603.423
2004.4,79.47,86.8,0.0,0.4,7,184.718,-2.746,-606.273
2020.3,79.57,86.8,0.0,0.9,7,182.608,-2.802,-610.551
2020.3,79.63,86.8,0.0,1.1,7,181.197,-2.836,-613.405
2020.3,79.74,86.8,0.0,1.2,7,179.074,-2.890,-617.688
2020.3,79.81,86.8,0.0,1.4,7,177.652,-2.925,-620.544
2036.2,79.90,86.8,0.0,1.7,7,175.508,-2.975,-624.829
2036.2,79.97,86.9,0.0,1.8,7,174.071,-3.004,-627.685
2036.2,80.06,86.9,0.0,1.6,7,171.903,-3.044,-631.968
2036.2,80.13,86.9,0.0,1.3,7,170.449,-3.070,-634.822
2052.2,80.23,86.9,0.0,1.2,7,168.254,-3.106,-639.103
2052.2,80.32,86.9,0.0,1.3,7,166.043,-3.139,-643.381
2052.2,80.38,86.9,0.0,1.3,7,164.561,-3.159,-646.233
2068.2,80.48,86.9,0.0,1.1,7,162.326,-3.185,-650.510
2068.2,80.53,86.9,0.0,1.0,7,160.828,-3.198,-653.360
2068.2,80.62,87.0,0.0,0.8,7,158.571,-3.214,-657.635
2068.2,80.68,86.9,0.0,0.8,7,157.059,-3.222,-660.485
2084.3,80.77,87.0,0.0,0.9,7,154.782,-3.230,-664.759
2084.3,80.83,87.0,0.0,1.0,7,153.258,-3.233,-667.609
2084.3,80.91,87.0,0.0,1.0,7,150.963,-3.234,-671.884
2084.3,80.97,87.0,0.0,2.5,7,149.427,-3.232,-674.734
2100.5,81.05,87.0,0.0,2.4,7,147.111,-3.224,-679.008
2100.5,81.11,87.0,0.0,2.1,7,145.558,-3.218,-681.855
2100.5,81.19,87.0,0.0,1.4,7,143.212,-3.204,-686.121
2100.5,81.27,87.0,0.0,1.8,7,140.844,-3.186,-690.381
2116.7,81.32,87.0,0.0,2.0,7,139.255,-3.171,-693.217
2116.7,81.40,87.0,0.0,1.8,7,136.854,-3.143,-697.468
2116.7,81.45,87.0,0.0,1.7,7,135.244,-3.121,-700.299
2116.7,81.53,87.1,0.0,1.4,7,132.814,-3.086,-704.541
2132.9,81.58,87.1,0.0,1.3,7,131.186,-3.060,-707.368
2132.9,81.65,87.1,0.0,1.8,7,128.730,-3.017,-711.604
2132.9,81.69,87.1,0.0,2.3,7,127.085,-2.984,-714.426
2132.9,81.76,85.5,2.9,2.7,7,124.605,-2.929,-718.656
2149.2,81.59,19.3,33.8,2.8,7,122.942,-2.890,-721.470
2149.2,80.71,0.0,77.5,3.2,7,120.447,-2.825,-725.656
2149.2,79.86,0.0,86.3,2.0,7,118.792,-2.779,-728.410
2149.2,78.49,0.0,90.4,2.0,7,116.326,-2.704,-732.473
2165.1,77.55,0.0,91.4,2.1,7,114.696,-2.649,-735.136
2165.1,76.14,0.0,91.0,2.6,7,112.272,-2.564,-739.061
2165.1,75.20,0.0,90.8,2.7,7,110.672,-2.505,-741.631
2165.1,73.81,0.0,91.1,2.5,7,108.293,-2.416,-745.418
2180.1,72.44,17.3,92.3,2.4,0,105.940,-2.325,-749.124
2180.1,71.53,0.0,92.7,2.8,6,104.386,-2.265,-751.549
2180.1,70.11,0.0,90.8,3.5,6,102.078,-2.177,-755.120
2180.1,69.27,0.0,95.0,4.2,6,100.553,-2.118,-757.453
2194.2,67.87,0.0,93.1,5.3,0,98.287,-2.039,-760.889
2194.2,66.92,26.3,90.6,4.8,0,96.790,-1.991,-763.133
2194.2,65.57,0.0,91.2,3.3,5,94.560,-1.915,-766.424
2194.2,64.67,0.0,91.5,3.4,5,93.082,-1.865,-768.571
2207.4,63.30,0.0,89.9,3.4,5,90.882,-1.793,-771.720
2207.4,62.42,0.0,89.1,2.8,5,89.427,-1.745,-773.772
2207.4,61.09,0.0,87.9,4.0,5,87.260,-1.672,-776.780
2207.4,60.23,0.0,89.3,4.5,5,85.828,-1.624,-778.740
2219.7,58.92,0.0,89.7,4.4,5,83.700,-1.555,-781.615
2219.7,58.05,0.0,89.8,4.5,5,82.295,-1.510,-783.487
2219.7,56.76,22.9,91.1,4.9,0,80.210,-1.447,-786.230
2219.7,55.44,0.0,89.6,5.3,4,78.149,-1.387,-788.895
2231.0,54.58,0.0,86.0,5.8,4,76.789,-1.348,-790.626
2231.0,53.33,0.0,83.8,7.0,4,74.769,-1.293,-793.159
2231.0,52.53,0.0,86.6,8.3,4,73.434,-1.258,-794.803
2231.0,51.28,0.0,83.4,10.3,4,71.447,-1.207,-797.204
2241.5,50.49,0.0,75.8,11.3,4,70.133,-1.174,-798.760
2241.5,49.40,0.0,59.2,12.1,4,68.171,-1.126,-801.026
2241.5,48.78,0.0,40.1,11.8,4,66.865,-1.094,-802.493
2241.5,48.13,0.0,23.3,10.0,4,64.898,-1.047,-804.633
2251.3,47.81,0.0,17.6,9.3,4,63.573,-1.015,-806.021
2251.3,47.42,0.0,13.8,9.7,4,61.562,-0.968,-808.051
2251.3,47.18,0.0,11.8,10.6,4,60.205,-0.937,-809.370
2251.3,46.87,0.0,10.4,12.4,4,58.146,-0.890,-811.298
2260.6,46.57,0.0,8.6,14.9,4,56.058,-0.842,-813.169
2260.6,46.38,0.0,8.3,16.5,4,54.652,-0.810,-814.384
2260.6,46.13,24.9,7.1,18.0,0,52.522,-0.762,-816.163
2260.6,45.98,0.0,8.0,18.3,3,51.087,-0.731,-817.319
2269.8,45.70,0.0,5.2,17.7,3,48.914,-0.685,-819.005
2269.8,45.54,0.0,4.2,17.4,3,47.451,-0.654,-820.096
2269.8,45.31,0.0,1.6,17.2,3,45.234,-0.608,-821.681
2269.8,45.16,0.2,0.1,17.5,3,43.743,-0.578,-822.705
2278.9,44.97,3.9,0.0,18.2,3,41.483,-0.533,-824.190
2278.9,44.86,7.5,0.0,18.6,3,39.962,-0.504,-825.146
2278.9,44.71,8.1,0.0,19.7,3,37.658,-0.459,-826.529
2278.9,44.61,8.3,0.0,20.3,3,36.108,-0.429,-827.416
2288.0,44.46,7.4,0.0,21.2,3,33.762,-0.383,-828.695
2288.0,44.30,6.7,0.0,21.5,3,31.394,-0.339,-829.911
2288.0,44.18,3.8,0.0,21.8,3,29.803,-0.309,-830.687
2297.2,44.02,8.5,0.0,21.2,3,27.401,-0.264,-831.797
2297.2,43.92,7.5,0.0,20.9,3,25.789,-0.235,-832.500
2297.2,43.77,8.8,0.0,20.7,3,23.356,-0.190,-833.500
2297.2,43.66,6.5,0.0,20.6,3,21.724,-0.158,-834.128
2306.4,43.50,5.8,0.0,21.1,3,19.265,-0.112,-835.016
2306.4,43.39,4.7,0.0,21.8,3,17.619,-0.082,-835.571
2306.4,43.21,5.3,0.0,22.5,3,15.141,-0.038,-836.351
2306.4,43.10,6.1,0.0,22.4,3,13.483,-0.010,-836.834
2315.5,42.93,5.6,0.0,21.2,3,10.991,0.032,-837.502
2315.5,42.82,6.0,0.0,20.3,3,9.325,0.062,-837.909
2315.5,42.65,3.8,0.0,19.4,3,6.821,0.107,-838.462
2315.5,42.48,3.4,0.0,19.1,3,4.314,0.152,-838.949
2324.5,42.36,1.0,0.1,19.2,3,2.642,0.182,-839.237
2324.5,42.19,2.9,0.0,18.8,3,0.134,0.224,-839.616
2324.5,42.06,0.7,0.1,18.7,3,-1.537,0.252,-839.834
2324.5,41.89,2.2,0.0,20.3,3,-4.040,0.293,-840.108
2333.2,41.77,1.8,0.2,20.2,3,-5.707,0.320,-840.256
2333.2,41.59,2.6,0.0,17.6,3,-8.202,0.358,-840.427
2333.2,41.48,1.8,0.4,16.0,3,-9.862,0.383,-840.507
2333.2,41.32,9.0,0.2,16.2,3,-12.344,0.419,-840.577
2342.1,41.32,41.5,0.0,16.8,3,-13.996,0.443,-840.592
2342.1,41.54,70.0,0.0,17.5,3,-16.481,0.476,-840.569
2342.1,41.66,29.8,19.8,17.9,3,-18.145,0.497,-840.524
2342.1,41.29,0.0,34.6,19.1,3,-20.634,0.526,-840.412
2351.0,40.92,0.0,12.1,18.8,3,-22.275,0.544,-840.309
2351.0,40.83,50.7,0.0,17.4,3,-24.717,0.569,-840.111
2351.0,41.13,81.1,0.0,17.2,3,-27.161,0.591,-839.858
2351.0,41.39,78.1,0.0,17.4,3,-28.799,0.604,-839.660
2359.9,41.71,70.8,0.0,17.7,3,-31.267,0.621,-839.314
2359.9,41.90,71.6,0.0,18.0,3,-32.918,0.631,-839.050
2359.9,42.22,75.1,0.0,18.7,3,-35.401,0.646,-838.602
2359.9,42.44,74.8,0.0,19.1,3,-37.060,0.657,-838.267
2368.6,42.76,74.3,0.0,19.0,3,-39.554,0.673,-837.710
2368.6,42.96,71.1,0.0,19.2,3,-41.219,0.683,-837.303
2368.6,43.22,64.1,0.0,19.3,3,-43.717,0.698,-836.638
2368.6,43.39,62.7,0.0,19.6,3,-45.382,0.707,-836.159
2377.8,43.63,66.2,0.0,20.8,3,-47.875,0.719,-835.387
2377.8,43.81,69.2,0.0,21.3,3,-49.534,0.725,-834.836
2377.8,44.08,69.9,0.0,20.8,3,-52.017,0.734,-833.953
2377.8,44.26,71.5,0.0,20.7,3,-53.669,0.741,-833.326
2387.1,44.56,75.6,0.0,20.2,3,-56.140,0.750,-832.330
2387.1,44.78,76.8,0.0,19.7,3,-57.783,0.754,-831.629
2387.1,45.10,79.8,0.0,18.7,3,-60.241,0.758,-830.523
2387.1,45.43,83.5,0.0,17.4,3,-62.689,0.759,-829.349
2396.4,45.66,79.7,0.0,16.4,3,-64.315,0.759,-828.528
2396.4,45.97,79.0,0.0,15.4,3,-66.742,0.757,-827.238
2396.4,46.17,75.3,0.0,15.2,3,-68.350,0.755,-826.340
2396.4,46.43,70.0,0.0,14.9,3,-70.746,0.750,-824.935
2405.9,46.59,70.2,0.0,15.1,3,-72.330,0.746,-823.960
2405.9,46.85,74.2,0.0,16.1,3,-74.685,0.737,-822.440
2405.9,47.03,72.6,0.0,16.8,3,-76.239,0.731,-821.388
2405.9,47.28,67.4,0.0,17.9,3,-78.548,0.721,-819.754
2415.3,47.41,59.0,0.0,18.9,3,-80.071,0.713,-818.629
2415.3,47.47,27.8,0.0,20.9,3,-82.323,0.699,-816.888
2415.3,47.44,29.0,0.0,22.9,3,-83.800,0.690,-815.696
2415.3,47.54,63.3,0.0,25.2,3,-85.979,0.673,-813.862
2424.6,47.72,81.0,0.0,25.6,3,-87.413,0.661,-812.608
2424.6,48.04,76.4,0.0,24.7,3,-89.537,0.642,-810.676
2424.6,48.27,69.4,0.0,23.5,3,-91.629,0.619,-808.683
2424.6,48.44,78.1,0.0,21.6,3,-93.003,0.602,-807.322
2434.1,48.77,86.6,0.0,17.9,3,-95.031,0.576,-805.228
2434.1,48.99,86.9,0.0,15.9,3,-96.362,0.559,-803.796
2434.1,49.30,87.1,0.0,14.2,3,-98.325,0.532,-801.596
2434.1,49.53,86.5,0.0,12.8,3,-99.611,0.512,-800.095
2443.6,49.84,86.1,0.0,10.8,3,-101.503,0.482,-797.793
2443.6,50.06,86.9,0.0,9.9,3,-102.740,0.461,-796.225
2443.6,50.39,87.2,0.0,10.1,3,-104.558,0.427,-793.823
2443.6,50.61,87.2,0.0,10.4,3,-105.745,0.402,-792.189
2453.2,50.93,87.3,0.0,11.0,3,-107.488,0.362,-789.693
2453.2,51.16,87.2,0.0,11.6,3,-108.624,0.333,-787.997
2453.2,51.49,87.3,0.0,15.3,3,-110.291,0.287,-785.409
2453.2,51.73,87.3,0.0,14.9,3,-111.379,0.254,-783.655
2463.2,51.79,0.0,0.0,13.7,0,-112.975,0.200,-780.989
2463.2,52.00,85.6,0.0,9.5,4,-114.521,0.139,-778.290
2463.2,52.20,85.5,0.0,5.8,4,-115.525,0.101,-776.466
2473.4,52.49,85.8,0.0,4.4,4,-116.993,0.052,-773.690
2473.4,52.60,86.7,0.0,3.3,4,-117.957,0.014,-771.822
2473.4,52.89,73.5,0.0,-1.4,4,-119.395,-0.071,-769.008
2473.4,53.12,70.5,0.0,-5.7,4,-120.349,-0.137,-767.116
2484.2,53.47,85.3,0.0,-9.0,4,-121.762,-0.227,-764.251
2484.2,53.66,86.1,0.0,-8.0,4,-122.698,-0.283,-762.324
2484.2,54.04,86.0,0.0,-3.5,4,-124.108,-0.376,-759.419
2484.2,54.26,86.0,0.0,-1.5,4,-125.057,-0.440,-757.474
2495.1,54.59,86.1,0.0,-1.3,4,-126.500,-0.540,-754.547
2495.1,54.82,86.1,0.0,-1.7,4,-127.477,-0.607,-752.591
2495.1,55.15,86.2,0.0,-3.5,4,-128.965,-0.708,-749.648
2495.1,55.38,86.2,0.0,-4.5,4,-129.971,-0.776,-747.681
2506.4,55.71,86.3,0.0,-5.4,4,-131.502,-0.879,-744.723
2506.4,56.04,86.4,0.0,-4.9,4,-133.062,-0.982,-741.759
2506.4,56.25,86.4,0.0,-4.3,4,-134.120,-1.050,-739.779
2506.4,56.58,86.4,0.0,-4.0,4,-135.733,-1.153,-736.806
2517.9,56.81,86.5,0.0,-3.0,4,-136.826,-1.224,-734.822
2517.9,57.12,86.5,0.0,-3.0,4,-138.491,-1.341,-731.840
2517.9,57.35,86.6,0.0,-2.8,4,-139.618,-1.424,-729.850
2517.9,57.65,86.6,0.0,-4.0,4,-141.335,-1.554,-726.861
2529.6,57.88,86.7,0.0,-4.7,4,-142.495,-1.644,-724.865
2529.6,58.18,86.7,0.0,-4.7,4,-144.261,-1.788,-721.869
2529.6,58.39,86.8,0.0,-4.4,4,-145.457,-1.886,-719.871
2529.6,58.70,86.8,0.0,-2.3,4,-147.279,-2.034,-716.872
2541.3,58.91,86.9,0.0,-3.0,4,-148.511,-2.132,-714.871
2541.3,59.22,86.9,0.0,-3.9,4,-150.385,-2.282,-711.868
2541.3,59.42,87.0,0.0,-4.5,4,-151.650,-2.382,-709.864
2541.3,59.72,87.0,0.0,-4.1,4,-153.573,-2.531,-706.855
2553.3,60.02,87.1,0.0,-2.8,4,-155.526,-2.673,-703.845
2553.3,60.21,87.1,0.0,-2.1,4,-156.846,-2.765,-701.837
2553.3,60.51,87.2,0.0,-1.7,4,-158.848,-2.901,-698.823
2553.3,60.71,87.2,0.0,-1.7,4,-160.196,-2.991,-696.810
2565.5,61.00,87.2,0.0,-2.0,4,-162.238,-3.123,-693.787
2565.5,61.19,87.3,0.0,-2.3,4,-163.611,-3.207,-691.768
2565.5,61.47,87.3,0.0,-2.3,4,-165.689,-3.328,-688.733
2565.5,61.65,87.3,0.0,-2.2,4,-167.086,-3.403,-686.707
2577.8,61.93,87.4,0.0,-2.1,4,-169.200,-3.507,-683.664
2577.8,62.10,87.4,0.0,-2.1,4,-170.621,-3.570,-681.632
2577.8,62.27,0.0,0.0,-1.9,0,-172.770,-3.656,-678.581
2577.8,62.24,86.1,0.0,-1.6,5,-174.211,-3.706,-676.551
2590.4,62.50,86.1,0.0,-1.4,5,-176.386,-3.768,-673.508
2590.4,62.75,86.2,0.0,-1.5,5,-178.582,-3.817,-670.460
2590.4,62.91,86.2,0.0,-1.5,5,-180.056,-3.844,-668.425
2590.4,63.17,86.3,0.0,-1.6,5,-182.282,-3.878,-665.367
2603.0,63.33,86.3,0.0,-1.5,5,-183.776,-3.897,-663.326
2603.0,63.57,86.3,0.0,-1.3,5,-186.031,-3.924,-660.260
2603.0,63.74,86.3,0.0,-1.2,5,-187.544,-3.940,-658.212
2603.0,63.98,86.4,0.0,-1.2,5,-189.828,-3.962,-655.137
2615.7,64.13,86.4,0.0,-1.2,5,-191.360,-3.975,-653.083
2615.7,64.37,86.4,0.0,-1.1,5,-193.671,-3.992,-649.998
2615.7,64.52,86.5,0.0,-1.1,5,-195.220,-4.001,-647.939
2615.7,64.75,86.5,0.0,-1.1,5,-197.558,-4.011,-644.845
2628.6,64.90,86.5,0.0,-1.0,5,-199.125,-4.015,-642.779
2628.6,65.13,86.6,0.0,-0.9,5,-201.488,-4.019,-639.676
2628.6,65.28,86.6,0.0,-1.0,5,-203.071,-4.019,-637.604
2628.6,65.50,86.6,0.0,-1.1,5,-205.459,-4.014,-634.491
2641.6,65.72,86.7,0.0,-1.4,5,-207.862,-4.002,-631.374
2641.6,65.87,86.7,0.0,-1.5,5,-209.472,-3.990,-629.292
2641.6,66.08,86.8,0.0,-1.5,5,-211.901,-3.968,-626.167
2641.6,66.23,86.7,0.0,-1.7,5,-213.528,-3.953,-624.081
2654.7,66.45,86.8,0.0,-2.0,5,-215.985,-3.931,-620.950
2654.7,66.59,86.8,0.0,-2.3,5,-217.633,-3.916,-618.861
2654.7,66.80,86.8,0.0,-2.7,5,-220.121,-3.894,-615.728
2654.7,66.94,86.9,0.0,-2.1,5,-221.792,-3.881,-613.640
2668.0,67.15,86.9,0.0,-1.9,5,-224.316,-3.866,-610.508
2668.0,67.29,86.9,0.0,-2.1,5,-226.011,-3.860,-608.421
2668.0,67.49,83.9,0.0,-2.1,5,-228.569,-3.855,-605.291
2668.0,67.58,67.4,7.6,-2.0,5,-230.286,-3.856,-603.205
2681.4,67.16,0.0,68.6,-1.8,5,-232.869,-3.860,-600.088
2681.4,66.04,0.0,83.1,-1.7,5,-235.430,-3.870,-597.016
2681.4,65.21,0.0,86.9,-1.5,5,-237.118,-3.880,-595.002
2694.7,63.93,0.0,89.2,-1.4,5,-239.615,-3.898,-592.036
2694.7,63.06,0.0,90.3,-1.0,5,-241.257,-3.913,-590.096
2694.7,61.74,0.0,90.1,-0.8,5,-243.684,-3.941,-587.242
2694.7,60.88,0.0,90.5,-0.9,5,-245.278,-3.961,-585.376
2707.1,59.56,0.0,90.3,-0.8,5,-247.632,-3.996,-582.632
2707.1,58.69,0.0,89.8,-0.8,5,-249.177,-4.021,-580.839
2707.1,57.40,0.0,89.9,-0.7,0,-251.457,-4.060,-578.203
2707.1,56.56,26.8,91.1,-0.6,0,-252.952,-4.085,-576.480
2718.6,55.27,0.0,91.2,-0.4,4,-255.157,-4.124,-573.949
2718.6,54.40,0.0,90.5,-0.5,4,-256.601,-4.150,-572.296
2718.6,53.11,0.0,89.9,-0.5,4,-258.728,-4.188,-569.868
2718.6,52.27,0.0,90.6,-0.8,4,-260.121,-4.213,-568.284
2729.3,51.00,0.0,90.2,-1.2,4,-262.171,-4.251,-565.958
2729.3,49.73,0.0,90.3,-1.8,4,-264.175,-4.290,-563.693
2729.3,48.91,0.0,77.0,-2.2,4,-265.486,-4.317,-562.218
2729.3,47.81,0.0,82.3,-3.1,0,-267.420,-4.357,-560.052
2739.1,47.04,27.3,85.5,-3.7,0,-268.688,-4.384,-558.640
2739.1,45.84,0.0,88.1,-4.0,3,-270.559,-4.421,-556.572
2739.1,45.02,0.0,88.0,-4.4,3,-271.784,-4.445,-555.228
2739.1,43.80,0.0,86.9,-4.8,3,-273.590,-4.478,-553.265
2748.0,43.00,0.0,85.5,-5.0,3,-274.773,-4.500,-551.992
2748.0,41.80,0.0,83.7,-6.2,3,-276.517,-4.532,-550.137
2748.0,41.04,0.0,82.9,-7.0,3,-277.660,-4.552,-548.937
2748.0,39.89,0.0,81.2,-8.0,3,-279.349,-4.583,-547.190
2756.2,39.13,0.0,80.0,-8.4,0,-280.457,-4.603,-546.061
2756.2,38.07,0.0,79.1,-8.4,2,-282.097,-4.630,-544.424
2756.2,37.32,0.0,76.3,-8.4,2,-283.176,-4.648,-543.368
2756.2,36.28,0.0,69.2,-8.5,2,-284.771,-4.673,-541.839
2763.7,35.63,0.0,65.3,-8.5,2,-285.821,-4.690,-540.855
2763.7,34.69,0.0,62.8,-7.5,2,-287.380,-4.714,-539.432
2763.7,33.80,0.0,61.3,-7.8,2,-288.921,-4.738,-538.071
2763.7,33.20,0.0,60.3,-8.3,2,-289.938,-4.753,-537.197
2770.5,32.32,0.0,62.5,-9.2,2,-291.449,-4.775,-535.937
2770.5,31.73,0.0,62.9,-9.9,2,-292.446,-4.789,-535.130
2770.5,30.83,0.0,62.2,-7.7,2,-293.924,-4.810,-533.971
2770.5,30.23,0.0,57.4,-11.2,2,-294.897,-4.822,-533.231
2776.6,29.40,0.0,48.3,-13.2,2,-296.339,-4.841,-532.171
2776.6,28.91,0.0,43.9,-9.1,2,-297.292,-4.852,-531.497
2776.6,28.25,0.0,40.9,-11.4,2,-298.712,-4.868,-530.532
2776.6,27.84,0.0,39.6,-18.2,2,-299.652,-4.878,-529.919
2782.1,27.23,0.0,37.1,-24.0,2,-301.055,-4.891,-529.045
2782.1,26.85,0.0,35.9,-21.0,2,-301.986,-4.899,-528.493
2782.1,26.30,33.7,36.8,-23.0,0,-303.374,-4.910,-527.706
2782.1,25.94,0.0,34.5,-24.4,1,-304.293,-4.916,-527.209
2787.2,25.40,0.0,29.5,-25.5,1,-305.664,-4.926,-526.504
2787.2,24.90,0.0,29.4,-20.6,1,-307.024,-4.934,-525.849
2787.2,24.58,0.0,27.0,-17.0,1,-307.925,-4.939,-525.438
2787.2,24.15,0.0,20.6,-16.2,1,-309.266,-4.945,-524.856
2792.1,23.90,0.0,19.3,-18.8,1,-310.155,-4.948,-524.489
2792.1,23.54,0.0,15.5,-30.1,1,-311.480,-4.951,-523.968
2792.1,23.33,0.0,13.3,-37.4,1,-312.360,-4.952,-523.643
2792.1,23.03,0.0,12.2,-43.8,1,-313.676,-4.953,-523.192
2797.4,22.84,0.0,12.3,-42.8,1,-314.552,-4.953,-522.919
2797.4,22.56,0.0,8.6,-41.8,1,-315.863,-4.951,-522.550
2797.4,22.39,0.0,9.1,-41.7,1,-316.736,-4.948,-522.332
2797.4,22.14,0.0,8.4,-45.6,1,-318.042,-4.942,-522.049
2802.9,21.97,0.0,3.2,-51.8,1,-318.909,-4.935,-521.890
2802.9,21.85,28.0,0.0,-54.7,1,-320.208,-4.924,-521.694
2802.9,21.94,42.6,0.0,-54.3,1,-321.077,-4.918,-521.589
2802.9,22.26,41.2,0.0,-44.2,1,-322.396,-4.914,-521.466
2808.5,22.53,49.4,0.0,-39.3,1,-323.736,-4.907,-521.391
2808.5,22.68,26.9,0.0,-33.4,1,-324.640,-4.905,-521.361
2808.5,22.65,0.8,13.5,-28.8,1,-326.003,-4.906,-521.353
2808.5,22.47,0.0,13.2,-27.0,1,-326.906,-4.912,-521.371
2814.7,22.09,0.0,4.1,-25.1,1,-328.238,-4.908,-521.454
2814.7,21.95,0.0,1.5,-24.1,1,-329.115,-4.903,-521.539
2814.7,21.80,0.7,0.0,-27.4,1,-330.417,-4.897,-521.708
2814.7,21.71,2.9,0.0,-32.5,1,-331.276,-4.892,-521.849
2819.0,21.65,21.5,0.0,-43.1,1,-332.551,-4.884,-522.097
2819.0,21.73,35.0,0.0,-47.5,1,-333.398,-4.879,-522.286
2819.0,21.97,45.8,0.0,-49.5,1,-334.667,-4.871,-522.608
2819.0,22.18,50.0,0.0,-49.6,1,-335.516,-4.864,-522.849
2823.6,22.53,61.6,0.0,-50.5,1,-336.795,-4.853,-523.250
2823.6,22.83,59.2,0.0,-50.0,1,-337.652,-4.844,-523.545
2823.6,23.14,44.0,0.0,-45.7,1,-338.943,-4.829,-524.031
2828.3,23.43,46.0,0.0,-38.8,1,-340.230,-4.812,-524.570
2828.3,23.62,48.4,0.0,-34.3,1,-341.086,-4.800,-524.960
2828.3,23.95,48.7,0.0,-32.4,1,-342.367,-4.782,-525.589
2828.3,24.16,47.5,0.0,-30.6,1,-343.217,-4.768,-526.037
2833.1,24.51,55.4,0.0,-25.8,1,-344.488,-4.748,-526.753
2833.1,24.76,55.0,0.0,-22.2,1,-345.333,-4.735,-527.260
2833.1,25.19,55.3,0.0,-12.2,1,-346.598,-4.714,-528.060
2833.1,25.51,64.1,0.0,-4.7,1,-347.443,-4.701,-528.620
2838.1,26.07,71.7,0.0,5.1,1,-348.718,-4.680,-529.493
2838.1,26.48,71.7,0.0,3.8,1,-349.579,-4.666,-530.095
2838.1,27.03,57.8,0.0,14.1,1,-350.888,-4.645,-531.023
2838.1,27.25,42.4,0.0,16.3,1,-351.774,-4.631,-531.650
2843.4,27.42,25.8,0.0,19.0,1,-353.122,-4.609,-532.585
2843.4,27.47,19.8,0.0,15.7,1,-354.490,-4.588,-533.502
2843.4,27.51,22.0,0.0,14.6,1,-355.411,-4.575,-534.102
2843.4,27.62,29.4,0.0,16.2,1,-356.807,-4.556,-534.988
2848.8,27.74,35.2,0.0,18.7,1,-357.749,-4.545,-535.568
2848.8,27.88,25.8,0.0,22.6,1,-359.183,-4.528,-536.423
2848.8,27.93,22.8,0.0,25.1,1,-360.151,-4.517,-536.979
2848.8,27.97,20.1,0.0,30.1,1,-361.620,-4.503,-537.787
2854.7,27.98,19.1,0.0,35.3,1,-362.611,-4.494,-538.306
2854.7,27.96,16.3,0.0,40.3,1,-364.115,-4.482,-539.051
2854.7,27.95,17.2,0.0,41.8,1,-365.130,-4.475,-539.521
2854.7,27.88,12.6,0.0,44.4,1,-366.668,-4.466,-540.185
2860.7,27.83,13.5,0.0,45.5,1,-367.703,-4.461,-540.597
2860.7,27.72,6.4,0.0,47.0,1,-369.268,-4.454,-541.168
2860.7,27.62,4.8,0.0,47.2,1,-370.319,-4.451,-541.517
2860.7,27.52,20.8,0.0,48.1,1,-371.904,-4.448,-541.990
2866.8,27.59,33.5,0.0,50.6,1,-372.968,-4.448,-542.275
2866.8,27.81,44.3,0.0,54.9,1,-374.582,-4.451,-542.660
2866.8,28.09,59.0,0.0,56.0,1,-376.224,-4.454,-542.994
2866.8,28.25,53.4,0.0,53.1,1,-377.335,-4.453,-543.184
2873.2,28.53,47.8,0.0,43.4,1,-379.020,-4.454,-543.427
2873.2,28.65,41.2,0.0,33.9,1,-380.156,-4.453,-543.556
2873.2,28.85,37.2,0.0,22.2,1,-381.873,-4.456,-543.704
2873.2,29.01,39.3,0.0,21.0,1,-383.029,-4.456,-543.770
2880.8,29.11,30.6,0.0,12.9,1,-384.772,-4.461,-543.823
2880.8,29.12,17.4,0.0,-1.7,1,-385.937,-4.468,-543.828
2880.8,29.10,30.2,0.0,1.0,1,-387.682,-4.472,-543.775
2880.8,29.11,20.3,0.0,4.8,1,-388.844,-4.474,-543.702
2887.4,29.14,32.1,0.0,12.2,1,-390.583,-4.477,-543.538
2887.4,29.23,34.7,0.0,18.7,1,-391.741,-4.480,-543.391
2887.4,29.45,51.0,0.0,25.9,1,-393.478,-4.483,-543.115
2887.4,29.67,52.7,0.0,29.7,1,-394.639,-4.485,-542.895
2894.5,30.01,55.4,0.0,34.6,1,-396.387,-4.487,-542.512
2894.5,30.36,56.2,0.0,36.8,1,-398.142,-4.489,-542.067
2894.5,30.59,57.2,0.0,36.1,1,-399.316,-4.491,-541.738
2894.5,30.91,46.7,0.0,31.7,1,-401.079,-4.494,-541.196
2900.7,31.09,51.8,0.0,28.0,1,-402.254,-4.498,-540.802
2900.7,31.66,52.3,0.0,17.2,1,-405.772,-4.518,-539.463
2906.8,31.95,51.8,0.0,13.9,1,-407.523,-4.531,-538.705
2906.8,32.15,53.0,0.0,12.5,1,-408.686,-4.542,-538.167
2906.8,32.47,56.3,0.0,12.2,1,-410.425,-4.560,-537.313
2906.8,32.73,0.0,0.0,13.3,0,-412.157,-4.580,-536.401
2913.1,32.71,57.7,0.0,14.7,2,-413.300,-4.596,-535.766
2913.1,33.05,63.0,0.0,17.5,2,-415.000,-4.621,-534.768
2913.1,33.29,63.1,0.0,19.5,2,-416.129,-4.638,-534.073
2913.1,33.67,71.6,0.0,22.6,2,-417.816,-4.665,-532.985
2919.4,33.96,73.9,0.0,24.0,2,-418.937,-4.684,-532.229
2919.4,34.39,73.0,0.0,25.8,2,-420.613,-4.713,-531.050
2919.4,34.66,72.4,0.0,25.2,2,-421.725,-4.732,-530.232
2919.4,35.08,73.3,0.0,21.0,2,-423.382,-4.760,-528.956
2926.1,35.37,75.1,0.0,18.3,2,-424.479,-4.779,-528.072
2926.1,35.79,71.0,0.0,13.1,2,-426.111,-4.805,-526.697
2926.1,36.06,69.8,0.0,10.5,2,-427.188,-4.822,-525.747
2926.1,36.49,80.5,0.0,7.9,2,-428.789,-4.845,-524.273
2933.2,36.71,39.5,0.0,6.4,2,-429.846,-4.860,-523.261
2933.2,37.07,83.7,0.0,7.9,2,-431.411,-4.882,-521.699
2933.2,37.44,85.8,0.0,9.3,2,-432.447,-4.895,-520.630
2933.2,37.97,86.0,0.0,10.5,2,-433.996,-4.915,-518.982
2940.5,38.50,86.2,0.0,11.1,2,-435.540,-4.934,-517.287
2940.5,38.86,86.3,0.0,12.0,2,-436.566,-4.947,-516.130
2940.5,39.38,86.4,0.0,14.1,2,-438.100,-4.966,-514.355
2940.5,39.70,81.4,0.0,15.3,2,-439.116,-4.978,-513.145
2948.2,40.08,64.2,0.0,16.4,2,-440.628,-4.996,-511.289
2948.2,40.27,57.3,0.0,16.1,2,-441.622,-5.007,-510.028
2948.2,40.55,67.0,0.0,16.3,2,-443.091,-5.024,-508.099
2948.2,40.78,77.6,0.0,16.3,2,-444.053,-5.033,-506.789
2956.1,41.21,86.5,0.0,15.0,2,-445.474,-5.046,-504.783
2956.1,41.45,79.0,0.0,14.0,2,-446.407,-5.054,-503.419
2956.1,41.88,84.8,0.0,13.1,2,-447.781,-5.064,-501.332
2956.1,42.15,77.9,0.0,12.1,2,-448.680,-5.070,-499.912
2964.3,42.57,87.3,0.0,11.2,2,-449.998,-5.075,-497.740
2964.3,42.73,0.0,0.0,10.1,0,-450.856,-5.077,-496.264
2964.3,42.79,80.3,0.0,9.9,3,-452.099,-5.080,-494.023
2964.3,43.13,65.2,0.0,9.7,3,-453.298,-5.082,-491.741
2972.5,43.33,78.0,0.0,9.8,3,-454.075,-5.087,-490.198
2972.5,43.63,60.9,0.0,9.5,3,-455.203,-5.093,-487.847
2972.5,43.82,79.2,0.0,9.7,3,-455.930,-5.098,-486.257
2972.5,44.18,73.3,0.0,10.6,3,-456.983,-5.107,-483.837
2980.9,44.40,75.5,0.0,11.3,3,-457.660,-5.115,-482.200
2980.9,44.80,85.9,0.0,12.7,3,-458.637,-5.131,-479.710
2980.9,45.05,86.0,0.0,13.8,3,-459.263,-5.143,-478.026
2980.9,45.46,86.0,0.0,15.2,3,-460.164,-5.163,-475.465
2989.5,45.71,86.2,0.0,15.5,3,-460.739,-5.180,-473.735
2989.5,46.10,86.2,0.0,14.9,3,-461.561,-5.206,-471.107
2989.5,46.36,86.3,0.0,14.6,3,-462.081,-5.226,-469.333
2989.5,46.73,86.4,0.0,13.9,3,-462.816,-5.257,-466.640
2998.6,47.11,86.5,0.0,13.1,3,-463.498,-5.292,-463.910
2998.6,47.35,86.5,0.0,12.7,3,-463.921,-5.316,-462.069
2998.6,47.71,86.4,0.0,12.4,3,-464.507,-5.355,-459.279
2998.6,47.94,85.1,0.0,12.0,3,-464.864,-5.382,-457.401
3007.9,48.30,86.0,0.0,10.1,3,-465.348,-5.423,-454.556
3007.9,48.53,86.8,0.0,11.3,3,-465.636,-5.450,-452.641
3007.9,48.90,86.8,0.0,11.5,3,-466.013,-5.491,-449.744
3007.9,49.14,86.8,0.0,14.1,3,-466.229,-5.517,-447.795
3017.4,49.50,86.9,0.0,15.7,3,-466.498,-5.557,-444.850
3017.4,49.73,86.9,0.0,15.2,3,-466.643,-5.583,-442.871
3017.4,50.08,86.7,0.0,14.2,3,-466.807,-5.624,-439.882
3017.4,50.32,86.3,0.0,15.3,3,-466.882,-5.650,-437.876
3027.3,50.66,86.7,0.0,18.0,3,-466.942,-5.690,-434.848
3027.3,50.88,83.5,0.0,18.9,3,-466.946,-5.717,-432.818
3027.3,51.17,82.0,0.0,19.3,3,-466.895,-5.756,-429.758
3037.5,51.44,78.0,0.0,18.8,3,-466.773,-5.792,-426.683
3037.5,51.62,82.5,0.0,18.1,3,-466.651,-5.815,-424.626
3037.5,51.89,83.5,0.0,15.4,3,-466.405,-5.847,-421.531
3037.5,52.09,86.1,0.0,14.4,3,-466.198,-5.866,-419.463
3048.3,52.27,0.0,0.0,13.3,0,-465.823,-5.892,-416.353
3048.3,52.21,73.7,0.0,13.4,4,-465.530,-5.907,-414.285
3048.3,52.44,85.8,0.0,13.7,4,-465.027,-5.927,-411.186
3048.3,52.66,85.8,0.0,14.4,4,-464.652,-5.939,-409.119
3060.0,52.91,86.2,0.0,15.9,4,-464.034,-5.961,-406.013
3060.0,53.10,62.8,0.0,17.1,4,-463.588,-5.981,-403.941
3060.0,53.30,84.9,0.0,19.8,4,-462.867,-6.018,-400.833
3060.0,53.47,86.0,0.0,19.9,4,-462.344,-6.043,-398.763
3071.2,53.74,86.0,0.0,19.8,4,-461.492,-6.077,-395.662
3071.2,53.92,86.1,0.0,19.4,4,-460.878,-6.096,-393.599
3071.2,54.17,86.2,0.0,17.2,4,-459.888,-6.119,-390.512
3071.2,54.45,86.2,0.0,14.6,4,-458.818,-6.139,-387.434
3082.1,54.64,86.2,0.0,12.9,4,-458.062,-6.152,-385.388
3082.1,54.91,86.3,0.0,10.9,4,-456.868,-6.172,-382.327
3082.1,55.11,86.3,0.0,9.9,4,-456.031,-6.184,-380.292
3082.1,55.40,86.3,0.0,9.3,4,-454.716,-6.200,-377.250
3093.0,55.59,86.3,0.0,9.6,4,-453.802,-6.208,-375.228
3093.0,55.89,86.3,0.0,10.4,4,-452.379,-6.218,-372.202
3093.0,56.08,86.4,0.0,10.4,4,-451.399,-6.225,-370.189
3093.0,56.38,86.5,0.0,9.7,4,-449.885,-6.237,-367.175
3104.1,56.57,86.6,0.0,9.1,4,-448.846,-6.246,-365.169
3104.1,56.87,86.5,0.0,8.4,4,-447.244,-6.260,-362.167
3104.1,57.06,86.6,0.0,8.6,4,-446.146,-6.269,-360.171
3104.1,57.35,86.6,0.0,9.0,4,-444.456,-6.282,-357.184
3115.3,57.54,86.7,0.0,9.1,4,-443.300,-6.291,-355.198
3115.3,57.83,86.7,0.0,9.1,4,-441.524,-6.301,-352.228
3115.3,58.02,86.7,0.0,9.2,4,-440.310,-6.308,-350.255
3115.3,58.30,86.8,0.0,9.3,4,-438.448,-6.317,-347.304
3126.8,58.58,86.8,0.0,8.8,4,-436.535,-6.327,-344.366
3126.8,58.77,86.9,0.0,8.2,4,-435.231,-6.332,-342.415
3126.8,59.04,86.9,0.0,6.8,4,-433.232,-6.338,-339.501
3126.8,59.24,86.9,0.0,6.1,4,-431.872,-6.341,-337.566
3138.6,59.48,87.1,0.0,5.0,4,-429.793,-6.340,-334.675
3138.6,59.69,87.0,0.0,3.6,4,-428.384,-6.340,-332.752
3138.6,59.99,87.2,0.0,2.7,4,-426.237,-6.336,-329.875
3138.6,60.18,87.1,0.0,1.7,4,-424.787,-6.332,-327.960
3150.6,60.44,87.3,0.0,1.5,4,-422.583,-6.318,-325.091
3150.6,60.63,87.2,0.0,1.2,4,-421.099,-6.309,-323.178
3150.6,60.91,87.2,0.0,0.4,4,-418.856,-6.297,-320.304
3150.6,61.10,87.2,0.0,-0.2,4,-417.350,-6.289,-318.384
3162.8,61.36,87.3,0.0,-0.9,4,-415.078,-6.275,-315.497
3162.8,61.54,87.3,0.0,-1.1,4,-413.558,-6.266,-313.566
3162.8,61.80,87.3,0.0,-1.3,4,-411.271,-6.251,-310.658
3162.8,62.05,87.4,0.0,-1.3,4,-408.980,-6.235,-307.734
3175.2,62.22,87.4,0.0,-1.3,4,-407.450,-6.224,-305.776
3175.2,62.47,87.4,0.0,-1.3,0,-405.155,-6.208,-302.822
3175.2,62.42,0.0,0.0,-1.3,0,-403.626,-6.196,-300.846
3175.2,62.59,86.1,0.0,-1.2,5,-401.340,-6.177,-297.876
3187.6,62.75,86.1,0.0,-1.1,5,-399.815,-6.165,-295.887
3187.6,62.99,86.2,0.0,-1.2,5,-397.527,-6.146,-292.889
3187.6,63.14,86.2,0.0,-1.2,5,-396.000,-6.132,-290.881
3187.6,63.39,86.3,0.0,-1.1,5,-393.709,-6.112,-287.856
3200.2,63.54,86.3,0.0,-1.0,5,-392.180,-6.097,-285.830
3200.2,63.77,86.3,0.0,-0.8,5,-389.885,-6.077,-282.777
3200.2,64.00,86.4,0.0,-0.6,5,-387.588,-6.058,-279.709
3200.2,64.15,86.4,0.0,-0.7,5,-386.054,-6.044,-277.656
3213.0,64.38,86.4,0.0,-0.8,5,-383.750,-6.019,-274.564
3213.0,64.54,86.5,0.0,-0.6,5,-382.212,-6.001,-272.495
3213.0,64.76,86.5,0.0,-0.4,5,-379.902,-5.974,-269.380
3213.0,64.91,86.5,0.0,-0.3,5,-378.359,-5.956,-267.296
3225.9,65.14,86.5,0.0,-0.3,5,-376.040,-5.929,-264.159
3225.9,65.28,86.6,0.0,-0.3,5,-374.491,-5.911,-262.060
3225.9,65.50,86.6,0.0,-0.2,5,-372.163,-5.883,-258.903
3225.9,65.65,86.6,0.0,0.1,5,-370.608,-5.863,-256.791
3239.0,65.86,86.7,0.0,0.4,5,-368.270,-5.829,-253.614
3239.0,66.00,86.7,0.0,0.4,5,-366.708,-5.806,-251.490
3239.0,66.22,86.8,0.0,0.6,5,-364.357,-5.770,-248.296
3239.0,66.36,86.8,0.0,0.7,5,-362.785,-5.744,-246.161
3252.2,66.57,86.8,0.0,0.6,5,-360.418,-5.705,-242.953
3252.2,66.78,86.8,0.0,0.5,5,-358.040,-5.662,-239.736
3252.2,66.91,86.9,0.0,0.3,5,-356.448,-5.633,-237.588
3265.6,67.12,86.9,0.0,0.2,5,-354.051,-5.588,-234.361
3265.6,67.26,86.9,0.0,0.1,5,-352.447,-5.559,-232.205
3265.6,67.46,86.9,0.0,0.2,5,-350.031,-5.516,-228.965
3265.6,67.60,86.9,0.0,0.2,5,-348.416,-5.491,-226.801
3279.1,67.80,86.9,0.0,0.1,5,-345.984,-5.456,-223.548
3279.1,67.93,87.0,0.0,0.0,5,-344.357,-5.429,-221.375
3279.1,68.12,87.1,0.0,0.2,5,-341.909,-5.387,-218.110
3279.1,68.26,87.1,0.0,0.4,5,-340.273,-5.358,-215.929
3292.7,68.44,87.1,0.0,0.5,5,-337.812,-5.313,-212.649
3292.7,68.58,87.1,0.0,0.2,5,-336.167,-5.281,-210.458
3292.7,68.77,87.1,0.0,-0.1,5,-333.692,-5.234,-207.164
3292.7,68.89,87.2,0.0,-0.1,5,-332.038,-5.202,-204.964
3306.4,69.08,87.2,0.0,-0.0,5,-329.551,-5.154,-201.656
3306.4,69.20,87.2,0.0,-0.0,5,-327.890,-5.120,-199.445
3306.4,69.38,87.2,0.0,-0.1,5,-325.393,-5.067,-196.122
3306.4,69.56,87.3,0.0,-0.3,5,-322.890,-5.013,-192.789
3320.3,69.69,87.3,0.0,-0.4,5,-321.219,-4.976,-190.562
3320.3,69.86,87.3,0.0,-0.4,5,-318.707,-4.919,-187.213
3320.3,69.99,87.3,0.0,-0.4,5,-317.031,-4.882,-184.975
3320.3,70.16,87.3,0.0,-0.3,5,-314.512,-4.827,-181.610
3334.3,70.28,87.4,0.0,-0.3,5,-312.830,-4.789,-179.361
3334.3,70.45,87.4,0.0,-0.3,5,-310.305,-4.733,-175.978
3334.3,70.56,87.4,0.0,-0.3,5,-308.620,-4.696,-173.718
3334.3,70.73,87.4,0.0,-0.4,5,-306.088,-4.641,-170.319
3348.4,70.83,87.4,0.0,-0.4,0,-304.398,-4.602,-168.048
3348.4,70.74,86.3,0.0,-0.4,6,-301.866,-4.544,-164.639
3348.4,70.85,86.3,0.0,-0.4,6,-300.179,-4.504,-162.365
3348.4,71.01,86.4,0.0,-0.4,6,-297.645,-4.445,-158.946
3362.6,71.18,86.4,0.0,-0.4,6,-295.109,-4.385,-155.517
3362.6,71.28,86.4,0.0,-0.5,6,-293.417,-4.344,-153.225
3362.6,71.43,86.5,0.0,-0.4,6,-290.876,-4.283,-149.780
3362.6,71.54,86.5,0.0,-0.3,6,-289.181,-4.241,-147.478
3376.9,71.70,86.5,0.0,-0.2,6,-286.636,-4.180,-144.016
3376.9,71.80,86.5,0.0,-0.1,6,-284.938,-4.139,-141.703
3376.9,71.96,86.5,0.0,0.0,6,-282.389,-4.078,-138.226
3376.9,72.07,86.5,0.0,0.0,6,-280.687,-4.038,-135.902
3391.3,72.21,86.6,0.0,0.1,6,-278.130,-3.978,-132.411
3391.3,72.31,86.6,0.0,0.2,6,-276.423,-3.936,-130.079
3391.3,72.46,86.6,0.0,0.3,6,-273.857,-3.874,-126.575
3391.3,72.56,86.6,0.0,0.2,6,-272.143,-3.832,-124.236
3405.8,72.71,86.6,0.0,0.0,6,-269.568,-3.769,-120.721
3405.8,72.86,86.7,0.0,-0.2,6,-266.986,-3.706,-117.200
3405.8,72.96,86.7,0.0,-0.4,6,-265.261,-3.664,-114.848
3405.8,73.11,86.7,0.0,-0.5,6,-262.671,-3.600,-111.315
3420.4,73.20,86.7,0.0,-0.5,6,-260.942,-3.556,-108.955
3420.4,73.35,86.7,0.0,-0.7,6,-258.347,-3.489,-105.407
3420.4,73.44,86.8,0.0,-0.5,6,-256.616,-3.444,-103.036
3420.4,73.58,86.8,0.0,-0.5,6,-254.020,-3.375,-99.471
3435.1,73.68,86.8,0.0,-0.5,6,-252.290,-3.329,-97.089
3435.1,73.82,86.8,0.0,-0.6,6,-249.695,-3.261,-93.506
3435.1,73.91,86.8,0.0,-0.6,6,-247.965,-3.217,-91.112
3435.1,74.05,86.8,0.0,-0.5,6,-245.370,-3.151,-87.512
3449.8,74.14,86.8,0.0,-0.1,6,-243.640,-3.108,-85.106
3449.8,74.28,86.9,0.0,0.9,6,-241.043,-3.044,-81.489
3449.8,74.37,86.9,0.0,1.5,6,-239.311,-3.001,-79.074
3449.8,74.50,86.9,0.0,1.8,6,-236.705,-2.938,-75.448
3464.7,74.59,86.9,0.0,1.4,6,-234.961,-2.895,-73.030
3464.7,74.72,86.9,0.0,2.6,6,-232.332,-2.830,-69.404
3464.7,74.84,80.0,10.1,4.1,6,-229.686,-2.764,-65.781
3464.7,74.65,24.6,66.6,4.9,6,-227.912,-2.719,-63.373
3479.6,73.52,0.0,84.8,5.6,6,-225.253,-2.650,-59.805
3479.6,72.65,0.0,88.9,5.8,6,-223.492,-2.603,-57.470
3479.6,71.28,0.0,88.1,6.2,6,-220.865,-2.534,-54.041
3479.6,70.39,0.0,76.8,6.7,6,-219.122,-2.487,-51.805
3494.1,69.24,0.0,59.1,7.6,6,-216.516,-2.420,-48.525
3494.1,68.58,0.0,48.5,8.1,6,-214.776,-2.377,-46.386
3494.1,67.78,0.0,32.2,10.1,6,-212.154,-2.311,-43.245
3494.1,67.36,0.0,21.3,8.5,6,-210.393,-2.268,-41.195
3507.7,66.89,0.0,8.1,6.9,6,-207.723,-2.205,-38.180
3507.7,66.67,0.0,1.7,8.2,6,-205.923,-2.162,-36.207
3507.7,66.42,6.5,0.0,7.3,6,-203.187,-2.097,-33.300
3507.7,66.29,14.7,0.0,7.5,6,-201.340,-2.054,-31.393
3520.9,66.12,12.2,0.0,8.7,6,-198.540,-1.991,-28.577
3520.9,65.81,1.8,24.5,8.9,6,-195.705,-1.929,-25.811
3520.9,65.45,0.0,90.0,8.4,6,-193.803,-1.886,-24.002
3533.9,64.41,23.3,26.2,10.0,0,-190.948,-1.821,-21.350
3533.9,64.12,48.0,1.5,10.7,5,-189.044,-1.778,-19.626
3533.9,64.26,86.5,0.0,12.8,5,-186.153,-1.716,-17.084
3533.9,64.34,55.9,0.1,14.8,5,-184.197,-1.678,-15.413
3546.6,64.07,0.0,11.1,17.6,5,-181.228,-1.627,-12.955
3546.6,63.83,2.4,1.5,18.5,5,-179.232,-1.599,-11.355
3546.6,63.64,49.8,0.0,17.8,5,-176.210,-1.563,-9.014
3546.6,63.70,84.5,0.0,17.2,5,-174.170,-1.544,-7.491
3559.5,63.84,86.5,0.0,16.4,5,-171.062,-1.519,-5.259
3559.5,63.94,86.5,0.0,15.9,5,-168.957,-1.503,-3.810
3559.5,64.10,84.3,0.0,18.2,5,-165.751,-1.478,-1.697
3559.5,64.14,74.2,0.0,21.3,5,-163.581,-1.460,-0.329
3572.6,64.24,81.7,0.0,24.2,5,-160.281,-1.427,1.655
3572.6,64.31,73.1,0.0,23.3,5,-156.929,-1.384,3.559
3572.6,64.36,82.9,0.0,23.2,5,-154.670,-1.358,4.790
3572.6,64.57,86.8,0.0,25.8,5,-151.242,-1.321,6.582
3586.4,64.55,87.2,0.0,26.6,5,-148.934,-1.301,7.740
3586.4,64.51,0.0,0.0,26.4,0,-145.444,-1.287,9.424
3586.4,64.33,39.8,0.0,26.2,6,-143.096,-1.267,10.484
3586.4,64.28,64.7,0.0,27.3,6,-139.545,-1.233,11.991
3600.3,64.25,56.3,0.0,29.8,6,-137.157,-1.210,12.943
3600.3,64.18,52.6,0.0,35.3,6,-133.547,-1.175,14.291
3600.3,64.12,49.1,0.0,39.7,6,-131.125,-1.151,15.138
3600.3,64.03,43.1,0.0,46.2,6,-127.471,-1.117,16.332
3613.5,63.94,38.8,0.0,49.5,6,-125.023,-1.095,17.080
3613.5,63.79,34.3,0.0,51.3,6,-121.337,-1.063,18.128
3613.5,63.61,31.4,0.0,50.1,6,-117.636,-1.029,19.084
3613.5,63.48,29.2,0.0,48.6,6,-115.163,-1.007,19.669
3626.5,63.24,22.0,0.0,45.6,0,-111.445,-0.976,20.468
3626.5,63.05,21.2,0.0,43.2,5,-108.965,-0.954,20.944
3626.5,62.85,32.8,0.0,40.1,5,-105.241,-0.918,21.573
3626.5,62.74,33.4,0.0,38.9,5,-102.755,-0.894,21.937
3638.9,62.57,36.8,0.0,37.6,5,-99.025,-0.859,22.403
3638.9,62.48,39.9,0.0,36.8,5,-96.537,-0.834,22.657
3638.9,62.38,45.9,0.0,36.1,5,-92.804,-0.794,22.956
3638.9,62.32,51.3,0.0,35.2,5,-90.315,-0.767,23.104
3651.1,62.33,67.6,0.0,31.9,5,-86.578,-0.725,23.247
3651.1,62.38,77.8,0.0,29.0,5,-84.085,-0.697,23.292
3651.1,62.52,86.3,0.0,23.3,5,-80.339,-0.654,23.286
3651.1,62.63,86.3,0.0,18.9,5,-77.837,-0.625,23.232
3663.5,62.79,86.3,0.0,12.4,5,-74.078,-0.578,23.075
3663.5,62.96,86.4,0.0,7.7,5,-70.315,-0.530,22.830
3663.5,63.09,86.3,0.0,6.4,5,-67.803,-0.498,22.621
3663.5,63.30,86.3,0.0,5.8,5,-64.031,-0.452,22.245
3676.0,63.43,86.3,0.0,6.4,5,-61.513,-0.420,21.955
3676.0,63.64,86.4,0.0,8.2,5,-57.733,-0.367,21.467
3676.0,63.79,86.4,0.0,8.4,5,-55.210,-0.330,21.113
3676.0,64.00,86.4,0.0,7.5,5,-51.420,-0.278,20.540
3688.7,64.15,86.4,0.0,4.9,5,-48.890,-0.245,20.132
3688.7,64.37,86.5,0.0,0.4,5,-45.090,-0.198,19.483
3688.7,64.52,86.5,0.0,-1.7,5,-42.553,-0.166,19.029
3688.7,64.74,86.5,0.0,-3.1,5,-38.740,-0.121,18.329
3701.5,64.89,85.6,0.0,-3.9,5,-36.191,-0.092,17.859
3701.5,65.10,86.6,0.0,-5.0,5,-32.354,-0.051,17.162
3701.5,65.24,86.7,0.0,-4.6,5,-29.788,-0.025,16.708
3701.5,65.48,86.6,0.0,-4.5,5,-25.923,0.009,16.048
3714.6,65.68,86.6,0.0,-5.7,5,-22.040,0.037,15.417
3714.6,65.79,86.8,0.0,-6.6,5,-19.443,0.055,15.016
3714.6,66.01,86.8,0.0,-9.3,5,-15.530,0.080,14.444
3714.6,66.14,86.7,0.0,-10.8,5,-12.912,0.096,14.089
3727.8,66.33,86.7,0.0,-12.0,5,-8.969,0.122,13.601
3727.8,66.42,86.9,0.0,-12.4,5,-6.330,0.139,13.310
3727.8,66.58,87.0,0.0,-12.2,5,-2.358,0.165,12.930
3727.8,66.71,86.9,0.0,-11.9,5,0.300,0.183,12.718
3741.3,66.88,87.0,0.0,-12.4,5,4.299,0.216,12.466
3741.3,66.96,87.0,0.0,-13.0,5,6.973,0.241,12.344
3741.3,67.12,87.0,0.0,-14.0,5,10.994,0.282,12.227
3741.3,67.25,86.9,0.0,-14.1,5,13.681,0.311,12.193
3755.0,67.39,87.0,0.0,-14.6,5,17.719,0.359,12.211
3755.0,67.48,87.1,0.0,-14.5,5,20.416,0.394,12.269
3755.0,67.63,87.1,0.0,-13.3,5,24.466,0.451,12.425
3755.0,67.71,87.1,0.0,-12.2,5,27.167,0.493,12.578
3768.8,67.87,87.1,0.0,-11.1,5,31.223,0.558,12.878
3768.8,68.02,87.2,0.0,-14.4,5,35.281,0.617,13.253
3768.8,68.12,87.1,0.0,-16.6,5,37.988,0.650,13.542
3783.0,68.25,87.2,0.0,-18.4,5,42.047,0.701,14.048
3783.0,68.33,87.2,0.0,-19.2,5,44.751,0.738,14.433
3783.0,68.45,87.2,0.0,-19.0,5,48.802,0.793,15.085
3783.0,68.54,87.1,0.0,-18.4,5,51.498,0.831,15.568
3797.1,68.65,87.1,0.0,-18.0,5,55.535,0.887,16.367
3797.1,68.72,87.2,0.0,-17.4,5,58.219,0.926,16.950
3797.1,68.83,87.2,0.0,-16.4,5,62.234,0.986,17.901
3797.1,68.90,87.4,0.0,-16.2,5,64.902,1.025,18.584
3811.4,68.99,87.4,0.0,-16.2,5,68.889,1.086,19.684
3811.4,69.00,0.0,0.0,-16.1,0,71.536,1.127,20.466
3811.4,68.85,72.9,0.0,-14.6,6,75.479,1.186,21.708
3811.4,68.92,86.3,0.0,-14.0,6,79.392,1.245,23.037
3825.6,69.04,86.2,0.0,-13.8,6,81.988,1.284,23.971
3825.6,69.13,86.1,0.0,-14.2,6,85.861,1.344,25.444
3825.6,69.16,86.3,0.0,-14.2,6,88.428,1.384,26.473
3825.6,69.30,86.2,0.0,-13.9,6,92.255,1.444,28.087
3839.6,69.38,86.2,0.0,-14.1,6,94.791,1.484,29.210
3839.6,69.48,86.2,0.0,-14.4,6,98.567,1.546,30.966
3839.6,69.56,86.2,0.0,-14.5,6,101.067,1.588,32.183
3839.6,69.67,86.2,0.0,-14.4,6,104.789,1.653,34.075
3853.5,69.74,86.3,0.0,-13.8,6,107.253,1.697,35.381
3853.5,69.86,86.3,0.0,-13.1,6,110.919,1.763,37.404
3853.5,69.94,86.3,0.0,-12.7,6,113.344,1.806,38.795
3853.5,70.06,86.3,0.0,-12.3,6,116.951,1.871,40.945
3867.4,70.14,86.3,0.0,-12.3,6,119.334,1.914,42.421
3867.4,70.26,86.3,0.0,-12.7,6,122.879,1.977,44.694
3867.4,70.38,86.4,0.0,-12.9,6,126.386,2.037,47.038
3867.4,70.46,86.3,0.0,-12.7,6,128.703,2.076,48.640
3881.4,70.57,86.4,0.0,-13.0,6,132.144,2.133,51.101
3881.4,70.66,86.4,0.0,-12.9,6,134.415,2.168,52.779
3881.4,70.77,86.4,0.0,-12.4,6,137.787,2.219,55.353
3881.4,70.85,86.4,0.0,-12.4,6,140.011,2.250,57.107
3895.5,70.97,86.4,0.0,-12.4,6,143.311,2.292,59.793
3895.5,71.06,86.4,0.0,-11.5,6,145.486,2.316,61.618
3895.5,71.17,86.4,0.0,-9.8,6,148.713,2.344,64.409
3895.5,71.26,86.4,0.0,-8.0,6,150.840,2.359,66.305
3909.7,71.38,86.5,0.0,-5.8,6,153.991,2.380,69.199
3909.7,71.48,86.4,0.0,-4.8,6,156.069,2.391,71.160
3909.7,71.33,21.1,57.7,-3.6,6,159.153,2.407,74.141
3909.7,70.69,0.0,73.4,-2.7,6,161.177,2.417,76.137
3923.9,69.49,0.0,85.4,-0.9,6,164.151,2.432,79.114
3923.9,68.18,0.0,89.2,0.3,6,167.052,2.449,82.058
3923.9,67.29,0.0,90.1,0.5,6,168.948,2.461,83.997
3923.9,65.96,0.0,91.8,0.3,0,171.736,2.480,86.864
3937.4,65.07,21.2,92.1,0.3,0,173.562,2.493,88.746
3937.4,63.72,0.0,92.2,0.5,5,176.253,2.513,91.523
3937.4,62.83,0.0,92.0,0.6,5,178.015,2.526,93.342
3937.4,61.49,0.0,91.3,0.9,5,180.614,2.546,96.020
3950.0,60.58,0.0,90.6,0.9,5,182.317,2.558,97.772
3950.0,59.27,0.0,90.6,1.1,5,184.828,2.577,100.350
3950.0,58.40,0.0,91.2,1.2,5,186.474,2.590,102.034
3950.0,57.09,0.0,90.8,1.6,0,188.901,2.606,104.511
3961.7,56.24,24.2,92.0,1.6,0,190.491,2.615,106.127
3961.7,54.93,0.0,91.7,1.7,4,192.837,2.628,108.502
3961.7,54.05,0.0,91.0,1.6,4,194.373,2.637,110.050
3961.7,52.74,0.0,90.4,2.0,4,196.638,2.652,112.320
3972.6,51.44,0.0,89.8,2.1,4,198.855,2.668,114.527
3972.6,50.58,0.0,90.2,2.5,4,200.308,2.681,115.963
3972.6,49.30,0.0,90.2,3.3,4,202.449,2.702,118.063
3972.6,48.47,0.0,91.2,3.9,4,203.852,2.718,119.428
3982.6,47.19,23.7,91.1,5.0,0,205.919,2.742,121.421
3982.6,46.35,0.0,92.2,5.2,3,207.274,2.759,122.713
3982.6,45.08,0.0,91.6,6.2,3,209.271,2.784,124.597
3982.6,44.21,0.0,89.5,7.0,3,210.579,2.799,125.815
3991.8,42.99,0.0,85.9,8.3,3,212.508,2.822,127.585
3991.8,42.18,0.0,83.8,9.2,3,213.773,2.836,128.727
3991.8,41.02,0.0,80.3,10.0,3,215.642,2.855,130.384
3991.8,40.28,0.0,78.0,10.4,3,216.871,2.866,131.451
4000.1,39.24,25.3,66.2,10.9,0,218.691,2.881,132.995
4000.1,38.34,0.0,57.2,10.2,2,220.491,2.892,134.474
4000.1,37.75,0.0,51.6,9.5,2,221.682,2.897,135.423
4007.8,36.97,0.0,44.8,8.6,2,223.457,2.904,136.792
4007.8,36.48,0.0,42.0,8.1,2,224.636,2.907,137.670
4007.8,35.82,0.0,39.4,9.1,2,226.399,2.910,138.935
4007.8,35.39,0.0,37.7,10.9,2,227.571,2.911,139.746
4014.9,34.79,0.0,36.7,13.6,2,229.324,2.911,140.914
4014.9,34.39,0.0,36.4,14.7,2,230.489,2.909,141.662
4014.9,33.80,0.0,35.8,16.4,2,232.229,2.906,142.739
4014.9,33.42,0.0,36.0,17.5,2,233.386,2.903,143.427
4021.6,32.84,0.0,33.9,18.0,2,235.112,2.896,144.414
4021.6,32.48,0.0,32.7,18.3,2,236.259,2.892,145.041
4021.6,31.94,0.0,30.1,19.2,2,237.974,2.884,145.935
4021.6,31.61,0.0,24.6,19.8,2,239.113,2.879,146.500
4027.8,31.20,0.0,17.7,20.8,2,240.819,2.869,147.301
4027.8,30.87,0.0,13.6,23.1,2,242.525,2.860,148.048
4027.8,30.67,0.0,11.0,24.9,2,243.664,2.854,148.515
4027.8,30.42,0.0,7.3,27.6,2,245.375,2.845,149.172
4033.7,30.27,0.0,5.5,28.9,2,246.518,2.838,149.580
4033.7,30.07,0.0,5.0,30.2,2,248.239,2.829,150.144
4033.7,29.94,0.0,4.5,30.9,2,249.388,2.822,150.490
4033.7,29.76,0.0,3.0,32.3,2,251.117,2.812,150.960
4039.5,29.63,0.0,6.2,27.6,2,252.271,2.804,151.241
4039.5,29.44,0.0,5.0,23.2,2,254.003,2.792,151.617
4039.5,29.32,0.0,3.4,24.1,2,255.158,2.784,151.837
4039.5,29.16,0.3,3.9,28.1,2,256.889,2.772,152.121
4045.5,29.05,0.1,2.8,28.1,2,258.042,2.765,152.280
4045.5,28.90,0.3,0.2,33.1,2,259.770,2.755,152.473
4045.5,28.81,3.8,0.0,36.8,2,260.920,2.749,152.570
4045.5,28.69,2.2,0.0,40.8,2,262.643,2.740,152.668
4051.8,28.56,5.9,0.0,42.6,2,264.360,2.733,152.705
4051.8,28.49,8.4,0.0,43.6,2,265.501,2.728,152.694
4051.8,28.36,5.1,0.0,44.1,2,267.205,2.723,152.623
4051.8,28.29,8.8,0.0,44.4,2,268.335,2.721,152.539
4058.2,28.18,6.0,0.0,46.0,2,270.020,2.719,152.357
4058.2,28.10,8.2,0.0,48.1,2,271.134,2.718,152.200
4058.2,27.97,6.1,0.0,50.7,2,272.791,2.719,151.910
4058.2,27.88,7.3,0.0,51.9,2,273.885,2.720,151.681
4066.0,27.76,8.5,0.0,52.8,2,275.505,2.725,151.283
4066.0,27.66,5.1,0.0,52.5,2,276.571,2.730,150.980
4066.0,27.53,10.6,0.0,57.8,2,278.148,2.739,150.474
4066.0,27.47,17.4,0.0,62.6,2,279.183,2.746,150.102
4072.8,27.41,19.6,0.0,70.1,2,280.713,2.759,149.494
4072.8,27.37,22.0,0.0,74.9,2,281.717,2.768,149.055
4072.8,27.31,21.7,0.0,79.8,2,283.196,2.787,148.344
4072.8,27.24,18.0,0.0,77.5,2,284.639,2.810,147.573
4080.5,27.19,18.5,0.0,76.0,2,285.580,2.829,147.025
4080.5,27.12,20.1,0.0,73.9,2,286.959,2.857,146.158
4080.5,27.08,21.9,0.0,72.1,2,287.856,2.877,145.550
4080.5,27.05,25.0,0.0,68.6,2,289.170,2.907,144.597
4086.6,27.04,28.0,0.0,65.4,2,290.024,2.927,143.933
4086.6,27.08,36.7,0.0,58.9,2,291.271,2.959,142.895
4086.6,27.16,46.4,0.0,54.6,2,292.080,2.981,142.174
4086.6,27.38,61.3,0.0,46.6,2,293.265,3.015,141.048
4092.2,27.57,60.4,0.0,40.6,2,294.038,3.039,140.267
4092.2,27.82,55.5,0.0,32.0,2,295.169,3.076,139.051
4092.2,28.06,54.1,0.0,24.2,2,296.267,3.111,137.785
4097.7,28.32,56.6,0.0,19.1,2,297.331,3.145,136.472
4097.7,28.52,58.4,0.0,18.3,2,298.023,3.167,135.571
4097.7,28.83,61.1,0.0,18.5,2,299.036,3.198,134.182
4097.7,29.04,62.5,0.0,19.3,2,299.695,3.218,133.231
4103.2,29.39,66.2,0.0,21.1,2,300.662,3.247,131.770
4103.2,29.64,69.3,0.0,22.1,2,301.292,3.265,130.772
4103.2,30.03,70.4,0.0,22.6,2,302.216,3.289,129.240
4103.2,30.29,69.5,0.0,21.7,2,302.817,3.305,128.195
4109.0,30.68,67.8,0.0,20.1,2,303.696,3.325,126.592
4109.0,31.03,53.8,0.0,18.9,2,304.544,3.344,124.947
4109.0,31.23,56.8,0.0,18.2,2,305.090,3.355,123.828
4109.0,31.58,65.5,0.0,18.5,2,305.879,3.371,122.118
4115.1,31.83,65.0,0.0,19.2,2,306.384,3.382,120.956
4115.1,32.18,64.2,0.0,20.9,2,307.112,3.397,119.180
4115.1,32.41,64.7,0.0,21.7,2,307.576,3.406,117.975
4115.1,32.78,66.5,0.0,22.7,2,308.240,3.418,116.136
4121.5,33.03,66.7,0.0,23.5,2,308.659,3.426,114.889
4121.5,33.42,63.9,0.0,22.3,2,309.254,3.438,112.987
4121.5,33.67,69.1,0.0,20.5,2,309.625,3.445,111.698
4121.5,34.05,66.0,0.0,17.4,2,310.144,3.457,109.734
4128.3,34.32,76.6,0.0,16.3,2,310.463,3.466,108.405
4128.3,34.70,66.1,0.0,15.5,2,310.900,3.480,106.382
4128.3,34.95,67.9,0.0,15.3,2,311.164,3.489,105.014
4128.3,35.34,69.5,0.0,15.3,2,311.516,3.506,102.936
4135.3,35.58,62.2,0.0,18.9,2,311.721,3.518,101.533
4135.3,35.71,21.4,0.0,19.0,2,311.982,3.539,99.409
4135.3,35.57,0.4,11.5,16.0,2,312.186,3.561,97.279
4135.3,35.36,0.0,27.7,13.6,2,312.292,3.576,95.863
4142.3,34.81,0.0,44.9,9.0,2,312.412,3.601,93.760
4142.3,34.35,0.0,51.0,6.4,2,312.470,3.619,92.377
4142.3,33.55,0.0,62.7,3.9,2,312.531,3.649,90.338
4142.3,32.94,0.0,67.2,2.5,2,312.558,3.669,89.008
4148.9,31.97,0.0,67.7,-0.5,2,312.584,3.702,87.059
4148.9,31.32,0.0,70.1,-3.2,2,312.596,3.724,85.792
4148.9,30.35,0.0,70.0,-7.0,2,312.611,3.757,83.940
4148.9,29.68,0.0,72.6,-9.5,2,312.624,3.779,82.738
4154.8,28.68,0.0,63.8,-13.1,2,312.650,3.811,80.986
4154.8,28.08,0.0,51.6,-15.2,2,312.677,3.832,79.850
4154.8,27.37,0.0,37.9,-18.2,2,312.734,3.862,78.187
4154.8,26.82,0.0,29.4,-20.8,2,312.819,3.890,76.564
4160.1,26.50,0.0,26.2,-22.6,2,312.893,3.907,75.499
4160.1,26.12,33.0,21.6,-25.0,0,313.032,3.931,73.927
4160.1,25.86,0.0,18.7,-26.4,1,313.145,3.945,72.893
4160.1,25.49,0.0,16.6,-28.1,1,313.347,3.965,71.366
4165.1,25.26,0.0,15.1,-29.3,1,313.503,3.977,70.362
4165.1,24.94,0.0,12.6,-31.1,1,313.770,3.995,68.880
4165.1,24.74,0.0,11.1,-32.3,1,313.970,4.006,67.906
4165.1,24.46,0.0,11.6,-32.6,1,314.305,4.020,66.468
4170.0,24.27,0.0,11.3,-32.9,1,314.551,4.029,65.524
4170.0,24.00,0.0,10.5,-34.5,1,314.952,4.041,64.133
4170.0,23.82,0.0,9.8,-36.6,1,315.241,4.048,63.221
4170.0,23.56,0.0,10.1,-38.7,1,315.708,4.057,61.878
4174.8,23.38,0.0,8.9,-39.3,1,316.043,4.063,61.001
4174.8,23.14,0.0,6.6,-40.5,1,316.578,4.069,59.711
4174.8,22.93,0.0,4.4,-42.1,1,317.153,4.074,58.455
4174.8,22.80,0.0,3.0,-43.0,1,317.560,4.076,57.636
4179.3,22.61,0.0,4.5,-44.1,1,318.204,4.078,56.435
4179.3,22.48,0.0,3.7,-44.9,1,318.655,4.078,55.654
4179.3,22.30,0.0,2.6,-45.5,1,319.364,4.077,54.512
4179.3,22.18,0.0,1.9,-45.7,1,319.858,4.075,53.773
4183.7,22.02,0.0,4.2,-45.8,1,320.630,4.071,52.694
4183.7,21.89,0.0,4.3,-46.0,1,321.164,4.067,51.996
4183.7,21.70,0.0,4.9,-46.1,1,321.993,4.061,50.984
4183.7,21.57,0.0,5.4,-45.9,1,322.563,4.056,50.333
4187.7,21.38,0.0,5.5,-45.7,1,323.444,4.048,49.392
4187.7,21.25,0.0,7.4,-46.0,1,324.047,4.042,48.789
4187.7,21.03,0.0,6.8,-46.1,1,324.973,4.033,47.922
4187.7,20.89,0.0,5.9,-47.3,1,325.604,4.027,47.369
4191.6,20.70,0.0,4.4,-50.1,1,326.569,4.016,46.578
4191.6,20.58,0.0,3.4,-52.0,1,327.225,4.009,46.076
4191.6,20.41,0.0,1.5,-56.0,1,328.227,3.996,45.363
4195.6,20.31,16.5,0.0,-60.2,1,329.250,3.983,44.698
4195.6,20.35,30.7,0.0,-61.3,1,329.948,3.974,44.281
4195.6,20.54,43.2,0.0,-62.3,1,331.022,3.960,43.691
4195.6,20.73,48.6,0.0,-62.9,1,331.759,3.950,43.319
4199.9,20.99,40.0,0.0,-63.3,1,332.895,3.935,42.796
4199.9,21.08,27.1,0.0,-62.7,1,333.672,3.925,42.473
4199.9,21.21,34.0,0.0,-57.3,1,334.861,3.910,42.034
4199.9,21.32,37.1,0.0,-53.8,1,335.670,3.900,41.771
4204.7,21.85,48.8,0.0,-36.0,1,338.172,3.870,41.120
4204.7,22.07,50.2,0.0,-40.2,1,339.032,3.861,40.945
4204.7,22.42,53.1,0.0,-46.2,1,340.347,3.848,40.723
4209.8,22.66,48.9,0.0,-45.7,1,341.240,3.840,40.601
4209.8,22.95,45.6,0.0,-52.9,1,342.600,3.828,40.460
4209.8,23.14,46.7,0.0,-58.0,1,343.520,3.820,40.396
4209.8,23.44,48.3,0.0,-64.0,1,344.915,3.809,40.343
4215.3,23.69,43.6,0.0,-68.8,1,346.329,3.798,40.346
4215.3,23.85,41.8,0.0,-72.5,1,347.279,3.791,40.381
4215.3,24.00,30.0,0.0,-80.5,1,348.711,3.781,40.484
4215.3,24.02,23.2,0.0,-83.9,1,349.667,3.775,40.586
4221.1,24.06,27.0,0.0,-86.3,1,351.094,3.769,40.792
4221.1,24.06,24.8,0.0,-87.3,1,352.041,3.765,40.965
4221.1,24.03,17.7,0.0,-92.5,1,353.450,3.761,41.275
4221.1,24.01,15.5,0.0,-95.5,1,354.381,3.759,41.517
4227.0,23.92,13.1,0.0,-97.5,1,355.759,3.756,41.928
4227.0,23.84,12.6,0.0,-94.6,1,356.663,3.755,42.234
4227.0,23.72,12.8,0.0,-90.5,1,357.998,3.753,42.740
4227.0,23.65,13.8,0.0,-87.3,1,358.871,3.753,43.108
4232.7,23.58,17.5,0.0,-79.5,1,360.155,3.754,43.705
4232.7,23.57,22.8,0.0,-72.5,1,360.996,3.755,44.133
4232.7,23.69,41.5,0.0,-61.3,1,362.235,3.759,44.819
4232.7,24.05,54.1,0.0,-45.8,1,363.457,3.764,45.562
4238.0,24.31,49.5,0.0,-33.9,1,364.268,3.769,46.089
4238.0,24.72,60.1,0.0,-19.6,1,365.476,3.777,46.926
4238.0,25.05,65.8,0.0,-14.0,1,366.279,3.783,47.513
4238.0,25.60,65.7,0.0,-11.4,1,367.487,3.793,48.433
4243.1,25.95,65.5,0.0,-13.5,1,368.295,3.800,49.072
4243.1,26.47,65.2,0.0,-18.7,1,369.510,3.811,50.069
4243.1,26.82,65.3,0.0,-21.3,1,370.322,3.819,50.758
4243.1,27.33,66.8,0.0,-23.7,1,371.540,3.830,51.831
4248.4,27.69,68.9,0.0,-25.2,1,372.353,3.836,52.572
4248.4,28.23,72.0,0.0,-25.1,1,373.569,3.847,53.725
4248.4,28.60,72.4,0.0,-23.6,1,374.378,3.853,54.523
4248.4,29.12,69.5,0.0,-20.3,1,375.584,3.862,55.764
4253.8,29.65,71.5,0.0,-18.8,1,376.779,3.871,57.059
4253.8,29.99,68.9,0.0,-18.8,1,377.567,3.877,57.953
4253.8,30.47,61.7,0.0,-19.1,1,378.735,3.885,59.340
4253.8,30.76,67.9,0.0,-19.4,1,379.501,3.891,60.294
4259.5,31.27,72.6,0.0,-19.9,1,380.632,3.898,61.770
4259.5,31.59,69.9,0.0,-20.7,1,381.374,3.902,62.785
4259.5,32.07,70.2,0.0,-20.5,1,382.466,3.908,64.350
4259.5,32.38,78.7,0.0,-20.5,0,383.178,3.911,65.424
4265.6,32.41,75.2,0.0,-20.7,2,384.212,3.915,67.070
4265.6,32.72,81.3,0.0,-19.7,2,384.877,3.918,68.189
4265.6,33.23,82.2,0.0,-15.1,2,385.849,3.921,69.912
4265.6,33.57,84.5,0.0,-13.9,2,386.480,3.924,71.088
4272.1,34.10,84.8,0.0,-11.5,2,387.403,3.928,72.896
4272.1,34.46,85.0,0.0,-10.5,2,388.003,3.931,74.128
4272.1,35.01,85.1,0.0,-9.8,2,388.881,3.934,76.017
4278.9,35.52,85.6,0.0,-10.1,2,389.735,3.935,77.952
4278.9,35.89,85.7,0.0,-10.1,2,390.293,3.935,79.267
4278.9,36.43,85.0,0.0,-9.2,2,391.113,3.934,81.274
4278.9,36.79,83.7,0.0,-8.6,2,391.649,3.931,82.636
4286.0,37.24,78.5,0.0,-8.9,2,392.431,3.925,84.712
4286.0,37.49,45.8,0.0,-7.8,2,392.937,3.921,86.118
4286.0,37.86,84.0,0.0,-5.7,2,393.672,3.913,88.253
4286.0,38.20,86.2,0.0,-5.6,2,394.146,3.909,89.698
4293.5,38.74,86.4,0.0,-5.2,2,394.839,3.907,91.899
4293.5,39.12,86.2,0.0,-4.8,2,395.292,3.904,93.388
4293.5,39.64,86.3,0.0,-4.6,2,395.951,3.901,95.656
4293.5,39.98,86.4,0.0,-5.0,2,396.379,3.899,97.189
4301.2,40.53,86.4,0.0,-5.3,2,397.003,3.897,99.520
4301.2,40.82,86.8,0.0,-5.2,2,397.408,3.895,101.094
4301.2,41.35,86.7,0.0,-4.5,2,398.002,3.892,103.486
4301.2,41.87,86.8,0.0,-3.8,2,398.577,3.890,105.915
4309.3,42.20,86.9,0.0,-4.0,2,398.951,3.887,107.554
4309.3,42.69,87.1,0.0,-4.4,2,399.498,3.882,110.041
4309.3,43.01,87.1,0.0,-4.6,2,399.853,3.878,111.717
4309.3,43.50,87.3,0.0,-5.5,2,400.371,3.872,114.260
4317.8,43.80,87.4,0.0,-6.0,2,400.705,3.869,115.973
4317.8,44.26,87.4,0.0,-6.7,0,401.192,3.864,118.568
4317.8,44.26,0.0,0.0,-7.2,0,401.503,3.861,120.312
4317.8,44.58,85.5,0.0,-7.5,3,401.947,3.857,122.937
4326.5,44.86,85.6,0.0,-7.9,3,402.229,3.855,124.703
4326.5,45.29,85.8,0.0,-8.2,3,402.631,3.850,127.376
4326.5,45.58,85.9,0.0,-8.1,3,402.884,3.847,129.175
4326.5,45.99,85.9,0.0,-8.2,3,403.239,3.841,131.898
4335.5,46.26,86.0,0.0,-8.4,3,403.457,3.837,133.730
4335.5,46.68,86.1,0.0,-8.7,3,403.758,3.830,136.501
4335.5,47.09,86.2,0.0,-8.8,3,404.024,3.824,139.300
4335.5,47.36,86.3,0.0,-9.0,3,404.183,3.820,141.182
4344.7,47.76,86.4,0.0,-9.5,3,404.390,3.813,144.028
4344.7,48.03,86.5,0.0,-9.6,3,404.508,3.808,145.939
4344.7,48.43,86.5,0.0,-9.2,3,404.650,3.801,148.829
4344.7,48.68,86.6,0.0,-9.7,3,404.722,3.797,150.769
4354.3,49.07,86.7,0.0,-10.9,3,404.795,3.791,153.700
4354.3,49.33,86.7,0.0,-11.3,3,404.819,3.787,155.667
4354.3,49.71,86.8,0.0,-11.9,3,404.817,3.780,158.637
4354.3,49.95,86.9,0.0,-12.1,3,404.788,3.776,160.630
4364.1,50.32,87.0,0.0,-10.4,3,404.701,3.769,163.636
4364.1,50.57,87.0,0.0,-9.4,3,404.614,3.765,165.651
4364.1,50.94,87.1,0.0,-9.4,3,404.441,3.757,168.691
4364.1,51.18,87.1,0.0,-9.7,3,404.297,3.752,170.728
4374.1,51.54,87.2,0.0,-11.2,3,404.038,3.745,173.797
4374.1,51.89,87.3,0.0,-13.5,3,403.729,3.738,176.884
4374.1,52.12,87.3,0.0,-15.9,3,403.494,3.732,178.950
4374.1,52.45,87.4,0.0,-18.8,3,403.092,3.724,182.061
4384.5,52.66,87.4,0.0,-19.5,0,402.788,3.719,184.140
4384.5,52.61,85.7,0.0,-19.0,4,402.275,3.710,187.256
4384.5,52.78,85.8,0.0,-17.9,4,401.893,3.705,189.328
4384.5,53.07,85.9,0.0,-16.1,4,401.255,3.698,192.439
4395.1,53.25,86.0,0.0,-16.1,4,400.786,3.694,194.512
4395.1,53.52,86.0,0.0,-15.7,4,400.017,3.688,197.621
4395.1,53.70,86.1,0.0,-15.3,4,399.459,3.685,199.691
4395.1,53.97,86.1,0.0,-16.2,4,398.553,3.682,202.791
4406.3,54.15,86.1,0.0,-17.6,4,397.904,3.682,204.853
4406.3,54.43,86.1,0.0,-20.7,4,396.866,3.680,207.940
4406.3,54.59,86.2,0.0,-22.7,4,396.131,3.678,209.992
4406.3,54.85,86.2,0.0,-22.9,4,394.962,3.678,213.060
4417.9,55.09,86.4,0.0,-21.6,4,393.709,3.685,216.111
4417.9,55.27,86.3,0.0,-20.5,4,392.832,3.690,218.135
4417.9,55.52,86.4,0.0,-19.1,4,391.451,3.696,221.158
4417.9,55.68,86.4,0.0,-18.2,4,390.486,3.701,223.162
4430.0,55.91,86.5,0.0,-17.5,4,388.971,3.710,226.146
4430.0,56.09,86.4,0.0,-17.4,4,387.917,3.715,228.122
4430.0,56.33,86.6,0.0,-17.4,4,386.272,3.722,231.065
4430.0,56.50,86.6,0.0,-17.2,4,385.135,3.723,233.014
4441.3,56.74,86.6,0.0,-16.4,4,383.367,3.723,235.914
4441.3,56.90,86.6,0.0,-15.2,4,382.147,3.723,237.832
4441.3,57.15,86.7,0.0,-13.3,4,380.253,3.723,240.681
4441.3,57.33,86.7,0.0,-12.6,4,378.950,3.725,242.563
4452.5,57.59,86.7,0.0,-11.5,4,376.936,3.730,245.360
4452.5,57.76,86.7,0.0,-10.8,4,375.555,3.735,247.208
4452.5,58.04,86.8,0.0,-10.0,4,373.433,3.743,249.958
4463.9,58.31,86.8,0.0,-9.1,4,371.253,3.752,252.683
4463.9,58.50,86.8,0.0,-8.5,4,369.770,3.758,254.488
4463.9,58.78,86.9,0.0,-8.2,4,367.501,3.767,257.176
4463.9,58.96,86.9,0.0,-8.5,4,365.962,3.774,258.957
4475.6,59.23,86.9,0.0,-8.0,4,363.614,3.782,261.613
4475.6,59.41,87.0,0.0,-7.7,4,362.022,3.787,263.373
4475.6,59.68,87.0,0.0,-7.6,4,359.596,3.794,265.994
4475.6,59.86,87.1,0.0,-7.8,4,357.952,3.798,267.731
4487.5,60.13,87.1,0.0,-8.1,4,355.451,3.801,270.319
4487.5,60.31,87.1,0.0,-8.2,4,353.758,3.801,272.032
4487.5,60.56,87.1,0.0,-8.0,4,351.181,3.803,274.581
4487.5,60.73,87.2,0.0,-8.7,4,349.437,3.805,276.268
4499.5,60.97,87.3,0.0,-8.3,4,346.785,3.807,278.776
4499.5,61.15,87.3,0.0,-7.7,4,344.992,3.807,280.435
4499.5,61.44,87.3,0.0,-5.3,4,342.266,3.811,282.902
4499.5,61.68,87.3,0.0,-4.0,4,339.497,3.816,285.346
4511.8,61.83,87.4,0.0,-3.1,0,337.631,3.818,286.964
4511.8,61.80,86.0,0.0,-1.9,5,334.810,3.817,289.372
4511.8,61.96,86.0,0.0,-1.1,5,332.915,3.818,290.965
4511.8,62.22,86.0,0.0,-0.6,5,330.052,3.817,293.348
4524.2,62.38,86.0,0.0,-0.3,5,328.131,3.816,294.935
4524.2,62.61,86.2,0.0,0.3,5,325.234,3.815,297.315
4524.2,62.78,86.1,0.0,0.5,5,323.295,3.814,298.905
4524.2,63.02,86.2,0.0,0.6,5,320.375,3.813,301.295
4536.7,63.18,86.2,0.0,0.6,5,318.422,3.811,302.893
4536.7,63.42,86.3,0.0,0.8,5,315.485,3.811,305.301
4536.7,63.57,86.3,0.0,0.9,5,313.522,3.814,306.912
4536.7,63.81,86.4,0.0,1.0,5,310.572,3.820,309.341
4549.4,63.97,86.4,0.0,1.1,5,308.602,3.824,310.967
4549.4,64.20,86.4,0.0,1.1,5,305.640,3.829,313.419
4549.4,64.36,86.4,0.0,1.1,5,303.663,3.833,315.062
4549.4,64.59,86.4,0.0,1.1,5,300.692,3.841,317.539
4562.2,64.81,86.5,0.0,1.2,5,297.717,3.848,320.031
4562.2,64.97,86.5,0.0,1.1,5,295.730,3.851,321.701
4562.2,65.19,86.6,0.0,1.0,5,292.747,3.855,324.220
4562.2,65.35,86.6,0.0,1.1,5,290.755,3.854,325.907
4575.2,65.57,86.6,0.0,1.2,5,287.764,3.848,328.451
4575.2,65.71,86.6,0.0,1.0,5,285.767,3.843,330.156
4575.2,65.93,86.7,0.0,1.0,5,282.768,3.837,332.726
4575.2,66.08,86.7,0.0,0.8,5,280.766,3.830,334.447
4588.4,66.30,86.7,0.0,0.6,5,277.760,3.823,337.041
4588.4,66.44,86.8,0.0,0.7,5,275.753,3.823,338.779
4588.4,66.66,86.8,0.0,0.6,5,272.738,3.822,341.396
4588.4,66.79,86.8,0.0,0.5,5,270.725,3.824,343.147
4601.7,67.01,86.9,0.0,0.3,5,267.699,3.827,345.785
4601.7,67.15,86.9,0.0,0.2,5,265.679,3.830,347.549
4601.7,67.35,86.9,0.0,0.1,5,262.642,3.837,350.206
4601.7,67.56,87.0,0.0,0.2,5,259.597,3.848,352.872
4615.2,67.69,87.0,0.0,0.2,5,257.563,3.857,354.655
4615.2,67.90,87.0,0.0,0.3,5,254.505,3.871,357.337
4615.2,68.03,87.1,0.0,0.1,5,252.462,3.879,359.129
4615.2,68.23,87.0,0.0,-0.0,5,249.390,3.893,361.826
4628.8,68.36,87.1,0.0,-0.0,5,247.338,3.903,363.628
4628.8,68.57,87.1,0.0,0.2,5,244.252,3.917,366.339
4628.8,68.69,87.1,0.0,0.1,5,242.190,3.923,368.150
4628.8,68.89,87.2,0.0,-0.0,5,239.090,3.933,370.875
4642.5,69.02,87.2,0.0,-0.0,5,237.018,3.938,372.696
4642.5,69.21,87.2,0.0,0.1,5,233.905,3.943,375.435
4642.5,69.34,87.2,0.0,0.1,5,231.824,3.944,377.265
4642.5,69.53,87.2,0.0,0.1,5,228.697,3.943,380.017
4656.4,69.66,87.3,0.0,0.1,5,226.607,3.941,381.856
4656.4,69.84,87.3,0.0,0.1,5,223.467,3.937,384.621
4656.4,70.02,87.3,0.0,0.1,5,220.318,3.932,387.393
4656.4,70.15,87.3,0.0,0.1,5,218.214,3.929,389.246
4670.3,70.33,87.4,0.0,0.1,5,215.052,3.924,392.031
4670.3,70.45,87.4,0.0,0.0,5,212.939,3.919,393.892
4670.3,70.63,87.4,0.0,0.0,5,209.765,3.912,396.691
4670.3,70.74,87.4,0.0,0.0,5,207.644,3.906,398.560
4684.5,70.91,87.4,0.0,0.1,0,204.457,3.900,401.371
4684.5,70.83,0.0,0.0,0.1,0,202.331,3.896,403.247
4684.5,70.94,86.3,0.0,0.1,6,199.143,3.891,406.059
4684.5,71.05,86.4,0.0,0.1,6,197.013,3.888,407.938
4698.6,71.22,86.4,0.0,0.1,6,193.814,3.884,410.762
4698.6,71.33,86.4,0.0,0.1,6,191.676,3.880,412.649
4698.6,71.50,86.4,0.0,0.0,6,188.465,3.874,415.486
4698.6,71.61,86.5,0.0,0.1,6,186.320,3.870,417.381
4712.9,71.77,86.5,0.0,0.2,6,183.098,3.866,420.230
4712.9,71.94,86.5,0.0,0.2,6,179.868,3.863,423.086
4712.9,72.05,86.5,0.0,0.2,6,177.712,3.861,424.994
4727.3,72.21,86.6,0.0,0.2,6,174.472,3.856,427.863
4727.3,72.32,86.6,0.0,0.3,6,172.309,3.852,429.779
4727.3,72.47,86.6,0.0,0.3,6,169.059,3.845,432.661
4727.3,72.58,86.6,0.0,0.3,6,166.890,3.842,434.587
4741.8,72.74,86.6,0.0,0.2,6,163.631,3.839,437.482
4741.8,72.84,86.6,0.0,0.2,6,161.455,3.838,439.416
4741.8,73.00,86.7,0.0,0.2,6,158.186,3.838,442.324
4741.8,73.10,86.7,0.0,0.3,6,156.005,3.838,444.267
4756.4,73.25,86.7,0.0,0.2,6,152.727,3.841,447.188
4756.4,73.35,86.7,0.0,0.2,6,150.539,3.844,449.139
4756.4,73.50,86.7,0.0,0.2,6,147.253,3.848,452.073
4756.4,73.61,86.8,0.0,0.1,6,145.059,3.850,454.033
4771.1,73.75,86.8,0.0,0.2,6,141.764,3.852,456.980
4771.1,73.90,86.8,0.0,0.2,6,138.463,3.856,459.933
4771.1,74.00,86.8,0.0,0.1,6,136.259,3.858,461.906
4771.1,74.15,86.9,0.0,0.1,6,132.949,3.860,464.871
4785.9,74.24,86.9,0.0,0.1,6,130.739,3.861,466.851
4785.9,74.39,86.9,0.0,0.1,6,127.419,3.864,469.827
4785.9,74.48,86.9,0.0,0.1,6,125.203,3.866,471.815
4785.9,74.63,86.9,0.0,0.1,6,121.873,3.867,474.801
4800.8,74.72,86.9,0.0,0.2,6,119.650,3.868,476.795
4800.8,74.86,86.9,0.0,0.1,6,116.310,3.869,479.792
4800.8,74.95,86.9,0.0,-0.0,6,114.079,3.868,481.793
4800.8,75.09,87.0,0.0,-0.1,6,110.729,3.866,484.799
4815.8,75.18,87.0,0.0,-0.0,6,108.493,3.864,486.806
4815.8,75.33,87.0,0.0,-0.0,6,105.132,3.858,489.822
4815.8,75.41,87.0,0.0,0.0,6,102.889,3.852,491.835
4815.8,75.55,87.0,0.0,0.0,6,99.518,3.844,494.859
4830.9,75.64,87.1,0.0,0.1,6,97.267,3.838,496.878
4830.9,75.77,87.1,0.0,0.1,6,93.886,3.828,499.910
4830.9,75.91,87.1,0.0,0.1,6,90.498,3.813,502.948
4830.9,76.00,87.1,0.0,0.0,6,88.236,3.802,504.976
4846.0,76.13,87.1,0.0,-0.1,6,84.839,3.785,508.023
4846.0,76.21,87.1,0.0,-0.0,6,82.571,3.771,510.057
4846.0,76.34,87.2,0.0,-0.0,6,79.164,3.751,513.112
4846.0,76.43,87.2,0.0,-0.0,6,76.889,3.738,515.152
4861.3,76.56,87.2,0.0,-0.1,6,73.472,3.716,518.216
4861.3,76.64,87.2,0.0,-0.1,6,71.191,3.701,520.261
4861.3,76.77,87.2,0.0,-0.1,6,67.764,3.678,523.332
4861.3,76.85,87.2,0.0,-0.1,6,65.476,3.662,525.382
4876.6,76.98,87.2,0.0,-0.1,6,62.038,3.636,528.461
4876.6,77.06,87.2,0.0,-0.0,6,59.743,3.618,530.515
4876.6,77.19,87.3,0.0,-0.0,6,56.294,3.588,533.600
4876.6,77.27,87.3,0.0,-0.1,6,53.992,3.566,535.659
4892.1,77.39,87.3,0.0,-0.0,6,50.533,3.532,538.751
4892.1,77.51,87.3,0.0,0.2,6,47.068,3.495,541.847
4892.1,77.58,87.3,0.0,0.3,6,44.755,3.470,543.914
4892.1,77.71,87.3,0.0,0.3,6,41.282,3.428,547.018
4907.6,77.79,87.3,0.0,0.3,6,38.964,3.399,549.091
4907.6,77.91,87.3,0.0,0.2,6,35.485,3.349,552.206
4907.6,77.99,87.3,0.0,0.2,6,33.163,3.312,554.286
4907.6,78.09,87.4,0.0,0.1,6,29.677,3.258,557.412
4923.1,78.18,87.4,0.0,0.1,6,27.352,3.219,559.500
4923.1,78.28,87.4,0.0,0.0,6,23.861,3.161,562.637
4923.1,78.36,87.4,0.0,0.1,6,21.532,3.122,564.732
4923.1,78.47,87.4,0.0,0.3,6,18.034,3.061,567.878
4938.8,78.54,87.4,0.0,0.2,6,15.700,3.020,569.978
4938.8,78.47,0.0,0.0,-0.2,0,12.198,2.960,573.131
4938.8,78.49,86.6,0.0,-0.7,7,9.865,2.920,575.230
4938.8,78.60,86.6,0.0,-0.9,7,6.361,2.863,578.381
4954.5,78.71,86.7,0.0,-0.7,7,2.849,2.809,581.532
4954.5,78.79,82.6,10.8,-0.6,7,0.503,2.771,583.633
4954.5,78.32,0.0,69.3,-0.8,7,-3.017,2.708,586.777
4954.5,77.56,0.0,82.8,-0.8,7,-5.346,2.668,588.851
4970.2,76.25,0.0,88.3,-0.9,7,-8.798,2.611,591.918
4970.2,75.35,0.0,90.0,-1.0,7,-11.068,2.573,593.930
4970.2,73.99,0.0,91.1,-1.1,7,-14.428,2.519,596.897
4970.2,73.06,0.0,90.8,-1.1,0,-16.636,2.485,598.842
4985.2,71.72,0.0,92.4,-1.0,6,-19.902,2.437,601.710
4985.2,70.82,0.0,92.5,-1.1,6,-22.049,2.404,603.587
4985.2,69.45,0.0,91.7,-1.4,6,-25.224,2.353,606.353
4985.2,68.54,0.0,91.2,-1.4,6,-27.309,2.318,608.163
4999.2,67.19,0.0,90.9,-1.6,6,-30.392,2.267,610.826
4999.2,66.29,0.0,90.6,-1.7,6,-32.418,2.235,612.566
4999.2,64.98,20.8,91.8,-1.9,0,-35.414,2.189,615.126
4999.2,64.09,0.0,92.2,-2.0,5,-37.384,2.160,616.797
5012.4,62.76,0.0,91.7,-2.2,5,-40.294,2.116,619.253
5012.4,61.42,0.0,90.6,-2.7,5,-43.153,2.073,621.644
5012.4,60.54,0.0,90.9,-2.8,5,-45.031,2.044,623.204
5024.7,59.23,0.0,90.7,-3.8,5,-47.806,2.001,625.490
5024.7,58.35,0.0,90.6,-4.2,5,-49.629,1.972,626.978
5024.7,57.06,0.0,90.9,-5.3,0,-52.325,1.931,629.154
5024.7,56.21,23.0,91.8,-5.8,0,-54.098,1.904,630.567
5036.1,54.91,0.0,92.0,-6.1,4,-56.721,1.865,632.627
5036.1,54.03,0.0,91.1,-6.5,4,-58.446,1.839,633.961
5036.1,52.74,0.0,89.6,-7.2,4,-60.999,1.801,635.899
5036.1,51.89,0.0,87.3,-7.7,4,-62.678,1.776,637.150
5046.6,50.66,0.0,73.9,-7.8,4,-65.166,1.738,638.963
5046.6,49.94,0.0,63.6,-7.6,4,-66.807,1.713,640.129
5046.6,49.00,0.0,54.9,-6.8,4,-69.251,1.678,641.816
5046.6,48.17,0.0,50.6,-6.9,4,-71.680,1.643,643.430
5056.3,47.63,0.0,53.9,-7.3,4,-73.293,1.621,644.466
5056.3,46.82,25.2,59.3,-8.3,0,-75.701,1.588,645.961
5056.3,46.24,0.0,55.3,-9.5,3,-77.298,1.567,646.920
5056.3,45.40,0.0,46.6,-10.2,3,-79.677,1.534,648.299
5065.4,44.91,0.0,41.3,-10.2,3,-81.255,1.513,649.180
5065.4,43.77,0.0,23.1,-12.6,3,-85.964,1.450,651.648
5065.4,43.35,0.0,17.0,-14.1,3,-88.316,1.417,652.789
5074.1,43.10,0.0,26.6,-14.8,3,-89.885,1.395,653.517
5074.1,42.57,0.0,41.2,-15.8,3,-92.237,1.363,654.557
5074.1,42.13,0.0,43.8,-15.8,3,-93.799,1.342,655.216
5074.1,41.47,0.0,29.2,-14.8,3,-96.127,1.311,656.148
5082.5,41.14,0.0,19.2,-14.5,3,-97.672,1.290,656.734
5082.5,40.77,0.0,12.0,-15.1,3,-99.987,1.261,657.558
5082.5,40.58,0.0,8.5,-16.3,3,-101.531,1.241,658.072
5082.5,40.33,0.0,5.7,-18.3,3,-103.849,1.210,658.793
5090.9,40.19,0.0,3.6,-19.3,3,-105.396,1.191,659.239
5090.9,40.00,0.0,2.5,-20.5,3,-107.721,1.161,659.857
5090.9,39.83,0.0,2.5,-21.7,3,-110.051,1.132,660.413
5090.9,39.71,0.0,2.5,-21.9,3,-111.606,1.113,660.750
5099.0,39.53,0.0,2.7,-21.6,3,-113.940,1.084,661.203
5099.0,39.41,0.0,2.0,-21.6,3,-115.496,1.065,661.469
5099.0,39.23,0.0,3.0,-21.8,3,-117.829,1.038,661.815
5099.0,39.11,0.0,2.9,-21.6,3,-119.384,1.020,662.010
5107.3,38.92,0.0,3.4,-20.9,3,-121.713,0.994,662.247
5107.3,38.79,0.0,3.5,-20.6,3,-123.262,0.978,662.368
5107.3,38.60,0.0,3.3,-21.1,3,-125.581,0.956,662.495
5107.3,38.47,0.0,3.6,-21.7,3,-127.122,0.942,662.543
5115.4,38.28,0.0,3.1,-22.6,3,-129.425,0.921,662.565
5115.4,38.16,0.0,3.0,-23.1,3,-130.954,0.908,662.544
5115.4,37.97,0.0,4.1,-23.5,3,-133.236,0.887,662.461
5115.4,37.84,0.0,4.2,-23.4,3,-134.750,0.874,662.371
5123.3,37.64,0.0,3.7,-23.3,3,-137.007,0.854,662.183
5123.3,37.46,0.0,0.9,-24.0,3,-139.246,0.836,661.933
5123.3,37.35,0.0,0.4,-22.2,3,-140.728,0.823,661.731
5131.3,37.19,0.0,1.6,-18.4,3,-142.936,0.805,661.378
5131.3,37.09,0.0,1.7,-18.5,3,-144.398,0.793,661.110
5131.3,36.94,26.8,2.4,-22.1,0,-146.572,0.776,660.660
5131.3,36.85,0.0,2.8,-24.6,2,-148.011,0.765,660.329
5139.0,36.66,0.0,1.4,-27.3,2,-150.149,0.749,659.785
5139.0,36.54,0.0,0.7,-28.4,2,-151.559,0.738,659.391
5139.0,36.35,0.9,0.0,-29.2,2,-153.650,0.722,658.752
5139.0,36.23,1.5,0.0,-29.5,2,-155.028,0.712,658.293
5147.0,36.05,0.3,3.9,-30.0,2,-157.067,0.697,657.555
5147.0,35.90,0.0,4.7,-29.8,2,-158.407,0.687,657.030
5147.0,35.63,0.0,4.9,-29.1,2,-160.385,0.674,656.194
5147.0,35.41,2.1,0.3,-27.5,2,-162.320,0.663,655.300
5155.1,35.30,6.7,0.0,-26.3,2,-163.586,0.659,654.670
5155.1,35.21,20.5,0.0,-26.0,2,-165.452,0.656,653.675
5155.1,35.20,18.7,0.0,-26.0,2,-166.676,0.655,652.978
5155.1,35.13,9.5,0.0,-27.2,2,-168.482,0.654,651.887
5162.6,35.05,7.0,0.0,-30.2,2,-169.666,0.652,651.131
5162.6,34.89,2.0,0.4,-38.1,2,-171.406,0.647,649.959
5162.6,34.79,9.3,0.0,-42.8,2,-172.545,0.639,649.155
5162.6,34.76,35.1,0.0,-48.0,2,-174.212,0.635,647.902
5170.6,34.76,37.0,0.0,-47.9,2,-175.299,0.637,647.036
5170.6,34.94,47.1,0.0,-48.5,2,-176.899,0.640,645.689
5170.6,35.05,45.6,0.0,-50.3,2,-177.945,0.644,644.760
5170.6,35.22,46.2,0.0,-53.2,2,-179.484,0.648,643.321
5178.1,35.27,37.2,0.0,-54.9,2,-180.488,0.651,642.332
5178.1,35.31,31.8,0.0,-59.3,2,-181.956,0.656,640.805
5178.1,35.29,22.8,0.0,-60.7,2,-182.906,0.659,639.761
5178.1,35.21,19.9,0.0,-61.5,2,-184.286,0.665,638.158
5185.7,35.14,21.1,0.0,-61.4,2,-185.608,0.674,636.512
5185.7,35.09,22.9,0.0,-61.5,2,-186.458,0.681,635.394
5185.7,35.06,25.0,0.0,-61.2,2,-187.687,0.691,633.686
5185.7,35.04,23.4,0.0,-61.0,2,-188.477,0.697,632.527
5192.8,34.99,23.5,0.0,-59.2,2,-189.613,0.708,630.760
5192.8,34.96,23.8,0.0,-57.3,2,-190.338,0.715,629.563
5192.8,34.93,27.9,0.0,-53.8,2,-191.376,0.727,627.742
5192.8,34.94,32.4,0.0,-50.5,2,-192.036,0.735,626.510
5199.7,35.02,40.0,0.0,-45.7,2,-192.978,0.746,624.635
5199.7,35.11,46.1,0.0,-42.0,2,-193.575,0.752,623.366
5199.7,35.30,48.5,0.0,-35.1,2,-194.425,0.759,621.433
5199.7,35.40,40.1,0.0,-29.7,2,-194.960,0.763,620.125
5206.4,35.55,45.8,0.0,-21.4,2,-195.715,0.767,618.135
5206.4,35.66,44.0,0.0,-16.2,2,-196.185,0.768,616.791
5206.4,35.83,44.5,0.0,-10.1,2,-196.842,0.769,614.750
5206.4,36.05,55.8,0.0,-6.9,2,-197.439,0.769,612.679
5213.3,36.22,54.9,0.0,-6.2,2,-197.804,0.770,611.281
5213.3,36.54,71.6,0.0,-8.0,2,-198.304,0.772,609.157
5213.3,36.82,75.3,0.0,-9.9,2,-198.607,0.773,607.722
5213.3,37.25,76.7,0.0,-13.8,2,-199.021,0.776,605.540
5220.4,37.54,75.8,0.0,-14.9,2,-199.269,0.778,604.066
5220.4,38.01,83.5,0.0,-16.3,2,-199.602,0.781,601.824
5220.4,38.35,86.0,0.0,-16.4,2,-199.798,0.785,600.310
5220.4,38.84,86.4,0.0,-12.1,2,-200.052,0.791,598.009
5228.1,39.18,86.5,0.0,-9.1,2,-200.196,0.796,596.456
5228.1,39.70,86.6,0.0,-4.5,2,-200.374,0.805,594.098
5228.1,40.04,86.6,0.0,-2.6,2,-200.469,0.813,592.506
5228.1,40.55,82.5,0.0,-0.3,2,-200.581,0.825,590.092
5236.1,40.72,36.7,7.2,0.8,2,-200.639,0.835,588.468
5236.1,40.48,0.0,25.5,2.5,2,-200.713,0.852,586.030
5236.1,39.93,0.0,48.7,5.3,2,-200.784,0.868,583.616
5236.1,39.39,0.0,64.2,6.6,2,-200.835,0.878,582.029
5244.1,38.47,0.0,59.6,9.0,2,-200.924,0.893,579.693
5244.1,37.89,0.0,53.4,10.7,2,-200.993,0.904,578.167
5244.1,37.10,0.0,46.2,12.7,2,-201.117,0.920,575.919
5244.1,36.63,0.0,38.0,13.8,2,-201.215,0.931,574.447
5251.7,36.06,0.0,27.8,15.1,2,-201.392,0.947,572.273
5251.7,35.74,0.0,23.1,16.2,2,-201.530,0.957,570.843
5251.7,35.34,0.0,14.9,18.3,2,-201.772,0.971,568.725
5251.7,35.12,0.0,10.4,19.4,2,-201.957,0.979,567.328
5259.0,34.85,0.0,9.1,21.7,2,-202.275,0.992,565.252
5259.0,34.67,0.0,9.0,21.6,2,-202.514,1.001,563.882
5259.0,34.42,0.0,9.9,19.8,2,-202.916,1.014,561.849
5259.0,34.24,0.0,9.3,18.8,2,-203.211,1.023,560.507
5266.3,33.98,0.0,7.6,19.2,2,-203.692,1.037,558.518
5266.3,33.73,0.0,23.5,19.9,2,-204.222,1.052,556.556
5266.3,33.42,0.0,35.3,20.4,2,-204.600,1.063,555.266
5273.3,32.87,0.0,28.2,21.0,2,-205.198,1.080,553.369
5273.3,32.46,0.0,52.5,21.2,2,-205.618,1.092,552.130
5273.3,31.69,0.0,39.9,20.1,2,-206.272,1.109,550.319
5273.3,31.27,0.0,31.0,19.2,2,-206.725,1.121,549.144
5280.7,30.76,0.0,23.1,18.5,2,-207.436,1.139,547.424
5280.7,30.48,0.0,16.9,18.7,2,-207.930,1.152,546.304
5280.7,30.16,0.0,14.2,21.2,2,-208.704,1.172,544.657
5280.7,29.95,0.0,16.1,23.4,2,-209.241,1.186,543.581
5287.4,29.61,0.0,17.2,25.8,2,-210.075,1.206,542.000
5287.4,29.38,0.0,18.6,27.1,2,-210.649,1.219,540.969
5287.4,29.03,0.0,13.9,28.3,2,-211.538,1.238,539.458
5287.4,28.83,0.0,10.9,28.7,2,-212.149,1.250,538.475
5293.9,28.57,0.0,8.1,29.9,2,-213.096,1.268,537.037
5293.9,28.34,0.0,5.5,31.7,2,-214.080,1.285,535.642
5293.9,28.21,0.0,3.6,32.7,2,-214.757,1.296,534.735
5293.9,28.03,0.0,2.3,34.6,2,-215.803,1.313,533.412
5300.7,27.92,0.0,1.7,35.9,2,-216.523,1.323,532.555
5300.7,27.77,0.0,0.4,37.9,2,-217.633,1.338,531.306
5300.7,27.66,0.7,0.0,39.2,2,-218.394,1.347,530.500
5300.7,27.52,2.2,0.0,40.2,2,-219.566,1.361,529.331
5306.6,27.43,4.9,0.0,41.2,2,-220.367,1.369,528.579
5306.6,27.32,8.7,0.0,42.7,2,-221.600,1.381,527.494
5306.6,27.27,12.1,0.0,43.7,2,-222.442,1.389,526.798
5306.6,27.22,18.7,0.0,45.2,2,-223.735,1.399,525.799
5312.4,27.21,22.8,0.0,46.3,2,-224.618,1.406,525.161
5312.4,27.23,28.8,0.0,48.0,2,-225.971,1.415,524.247
5312.4,27.27,28.2,0.0,49.9,2,-227.360,1.423,523.385
5312.4,27.30,28.7,0.0,51.6,2,-228.305,1.428,522.840
5318.1,27.38,32.3,0.0,57.0,2,-231.226,1.439,521.349
5318.1,27.43,36.0,0.0,58.1,2,-232.226,1.442,520.901
5318.1,27.52,37.8,0.0,60.1,2,-233.751,1.445,520.277
5323.9,27.58,36.3,0.0,61.4,2,-234.784,1.447,519.892
5323.9,27.65,33.1,0.0,63.6,2,-236.355,1.449,519.365
5323.9,27.68,31.1,0.0,65.2,2,-237.414,1.450,519.047
5323.9,27.70,29.1,0.0,67.1,2,-239.020,1.451,518.621
5329.9,27.71,27.0,0.0,68.5,2,-240.100,1.451,518.372
5329.9,27.70,23.9,0.0,70.8,2,-241.731,1.450,518.052
5329.9,27.66,22.6,0.0,72.1,2,-243.372,1.449,517.796
5329.9,27.65,22.3,0.0,72.2,2,-244.470,1.448,517.661
5335.6,27.60,21.0,0.0,72.9,2,-246.121,1.445,517.512
5335.6,27.57,20.9,0.0,72.8,2,-247.223,1.442,517.450
5335.6,27.52,21.7,0.0,72.1,2,-248.875,1.439,517.410
5335.6,27.50,21.2,0.0,71.5,2,-249.975,1.435,517.419
5341.3,27.45,21.1,0.0,70.6,2,-251.622,1.430,517.487
5341.3,27.43,22.0,0.0,69.8,2,-252.717,1.426,517.569
5341.3,27.40,23.5,0.0,68.3,2,-254.352,1.419,517.745
5341.3,27.39,24.7,0.0,67.3,2,-255.438,1.414,517.898
5347.0,27.40,27.8,0.0,65.5,2,-257.057,1.406,518.180
5347.0,27.42,29.9,0.0,64.5,2,-258.130,1.401,518.402
5347.0,27.46,32.5,0.0,62.7,2,-259.730,1.391,518.788
5347.0,27.51,34.9,0.0,61.2,2,-260.790,1.383,519.078
5352.8,27.59,40.1,0.0,57.9,2,-262.369,1.371,519.566
5352.8,27.70,46.8,0.0,54.5,2,-263.414,1.362,519.926
5352.8,27.90,52.9,0.0,48.6,2,-264.973,1.347,520.518
5358.5,28.12,49.2,0.0,42.9,2,-266.518,1.332,521.176
5358.5,28.27,52.4,0.0,39.9,2,-267.541,1.322,521.650
5358.5,28.50,53.9,0.0,37.2,2,-269.062,1.305,522.415
5358.5,28.66,53.1,0.0,35.8,2,-270.066,1.293,522.960
5364.8,28.91,53.0,0.0,31.3,2,-271.557,1.275,523.831
5364.8,29.07,53.1,0.0,33.8,2,-272.540,1.263,524.445
5364.8,29.32,53.6,0.0,30.2,2,-273.996,1.243,525.418
5364.8,29.51,55.7,0.0,27.0,2,-274.956,1.229,526.098
5371.0,29.78,55.9,0.0,33.3,2,-276.378,1.208,527.165
5371.0,29.97,57.6,0.0,30.7,2,-277.313,1.193,527.908
5371.0,30.29,61.4,0.0,28.7,2,-278.698,1.171,529.069
5371.0,30.51,61.5,0.0,33.3,2,-279.609,1.156,529.873
5377.4,30.83,60.2,0.0,33.3,2,-280.957,1.133,531.125
5377.4,31.04,60.6,0.0,34.6,2,-281.841,1.117,531.990
5377.4,31.35,59.8,0.0,35.6,2,-283.143,1.093,533.333
5377.4,31.65,59.2,0.0,34.2,2,-284.413,1.069,534.732
5384.6,31.85,60.1,0.0,33.4,2,-285.239,1.052,535.695
5384.6,32.15,58.6,0.0,33.4,2,-286.446,1.029,537.188
5384.6,32.35,58.7,0.0,33.0,2,-287.228,1.014,538.213
5384.6,32.62,59.2,0.0,32.8,2,-288.365,0.991,539.795
5391.6,32.78,44.4,0.0,31.8,2,-289.097,0.977,540.879
5391.6,33.02,58.6,0.0,33.4,2,-290.157,0.953,542.543
5391.6,33.17,58.4,0.0,36.1,2,-290.835,0.938,543.679
5391.6,33.37,50.0,0.0,39.3,2,-291.813,0.914,545.421
5398.8,33.62,69.0,0.0,40.9,2,-292.434,0.900,546.606
5398.8,33.89,44.9,0.0,41.4,2,-293.325,0.879,548.424
5398.8,34.05,59.1,0.0,41.0,2,-293.891,0.864,549.660
5398.8,34.34,44.4,0.0,42.8,2,-294.692,0.843,551.548
5406.8,34.82,50.3,0.0,45.0,2,-296.122,0.798,555.439
5406.8,34.98,40.7,0.0,40.6,2,-296.740,0.778,557.438
5406.8,35.09,51.3,0.0,37.0,2,-297.114,0.766,558.789
5415.0,35.41,73.7,0.0,34.7,2,-297.618,0.749,560.841
5415.0,36.08,63.1,0.0,23.2,2,-298.440,0.713,565.051
5422.6,36.46,66.5,0.0,16.0,2,-298.750,0.698,567.203
5422.6,36.71,69.9,0.0,10.5,2,-298.921,0.689,568.656
5422.6,37.19,85.8,0.0,6.6,2,-299.127,0.675,570.862
5422.6,37.53,86.1,0.0,5.3,2,-299.233,0.667,572.352
5430.6,38.08,86.0,0.0,5.8,2,-299.352,0.656,574.616
5430.6,38.43,86.2,0.0,8.5,2,-299.403,0.650,576.144
5430.6,38.96,86.2,0.0,13.0,2,-299.443,0.644,578.465
5430.6,39.30,84.6,0.0,15.3,2,-299.447,0.641,580.029
5438.4,39.78,81.6,0.0,16.8,2,-299.417,0.638,582.400
5438.4,40.07,80.0,0.0,16.7,2,-299.372,0.636,583.996
5438.4,40.50,78.7,0.0,16.3,2,-299.263,0.633,586.410
5438.4,40.79,78.8,0.0,15.8,2,-299.162,0.630,588.032
5446.5,41.22,82.9,0.0,16.3,2,-298.964,0.624,590.484
5446.5,41.53,86.5,0.0,16.9,2,-298.801,0.620,592.130
5446.5,41.99,87.2,0.0,15.8,2,-298.508,0.612,594.617
5446.5,42.46,87.3,0.0,14.6,2,-298.156,0.601,597.125
5454.7,42.75,87.3,0.0,14.1,2,-297.887,0.593,598.807
5454.7,43.21,87.4,0.0,13.9,2,-297.432,0.579,601.344
5454.7,43.37,0.0,0.0,14.2,0,-297.094,0.568,603.044
5454.7,43.49,85.4,0.0,14.1,3,-296.537,0.549,605.585
5463.1,43.77,85.4,0.0,13.9,3,-296.131,0.535,607.282
5463.1,44.18,85.6,0.0,13.3,3,-295.470,0.515,609.835
5463.1,44.45,85.7,0.0,13.1,3,-294.996,0.501,611.543
5463.1,44.86,85.8,0.0,12.4,3,-294.238,0.476,614.112
5471.9,45.14,85.8,0.0,11.2,3,-293.701,0.457,615.830
5471.9,45.56,85.9,0.0,9.0,3,-292.847,0.428,618.413
5471.9,45.84,86.0,0.0,8.3,3,-292.248,0.408,620.139
5471.9,46.26,86.1,0.0,8.0,3,-291.307,0.373,622.736
5480.9,46.53,86.1,0.0,7.7,3,-290.654,0.346,624.473
5480.9,46.97,86.2,0.0,7.0,3,-289.636,0.306,627.085
5480.9,47.36,86.3,0.0,7.2,3,-288.574,0.269,629.707
5480.9,47.68,86.4,0.0,7.3,3,-287.845,0.243,631.462
5490.2,48.41,86.8,0.0,3.1,3,-285.560,0.156,636.752
5490.2,48.84,86.3,0.0,1.6,3,-284.364,0.101,639.412
5499.8,49.10,87.0,0.0,0.9,3,-283.544,0.065,641.190
5499.8,49.51,86.9,0.0,2.5,3,-282.280,0.013,643.864
5499.8,49.92,87.0,0.0,6.7,3,-280.977,-0.029,646.545
5499.8,50.17,87.1,0.0,7.6,3,-280.089,-0.055,648.338
5509.7,50.57,87.0,0.0,7.6,3,-278.729,-0.094,651.036
5509.7,50.84,87.1,0.0,7.0,3,-277.805,-0.123,652.840
5509.7,50.93,0.0,0.0,3.6,0,-276.390,-0.169,655.545
5509.7,51.01,85.4,0.0,2.6,4,-275.426,-0.195,657.340
5519.8,51.36,85.4,0.0,3.3,4,-273.946,-0.225,660.031
5519.8,51.58,85.5,0.0,4.7,4,-272.939,-0.238,661.826
5519.8,51.91,85.5,0.0,6.3,4,-271.401,-0.251,664.522
5519.8,52.15,85.6,0.0,6.7,4,-270.359,-0.261,666.324
5530.2,52.52,85.6,0.0,5.3,4,-268.770,-0.279,669.030
5530.2,52.73,85.7,0.0,4.7,4,-267.689,-0.292,670.836
5530.2,53.07,85.8,0.0,5.0,4,-266.034,-0.309,673.544
5530.2,53.29,85.8,0.0,5.5,4,-264.911,-0.320,675.350
5540.7,53.62,85.8,0.0,5.7,4,-263.197,-0.335,678.060
5540.7,53.94,85.9,0.0,5.7,4,-261.447,-0.348,680.769
5540.7,54.16,85.9,0.0,5.3,4,-260.260,-0.355,682.576
5540.7,54.48,86.0,0.0,3.8,4,-258.450,-0.362,685.286
5551.5,54.70,86.1,0.0,2.7,4,-257.224,-0.366,687.093
5551.5,55.02,86.1,0.0,2.7,4,-255.361,-0.370,689.805
5551.5,55.23,86.2,0.0,2.3,4,-254.103,-0.373,691.616
5551.5,55.55,86.2,0.0,2.0,4,-252.196,-0.378,694.337
5562.4,55.76,86.3,0.0,1.5,4,-250.912,-0.381,696.155
5562.4,56.08,86.3,0.0,1.9,4,-248.968,-0.388,698.889
5562.4,56.29,86.4,0.0,2.3,4,-247.661,-0.393,700.717
5562.4,56.60,86.4,0.0,3.0,4,-245.682,-0.402,703.465
5573.5,56.81,86.4,0.0,3.3,4,-244.350,-0.407,705.300
5573.5,57.12,86.5,0.0,3.7,4,-242.332,-0.416,708.058
5573.5,57.42,86.6,0.0,4.1,4,-240.286,-0.423,710.818
5573.5,57.62,86.7,0.0,4.4,4,-238.907,-0.427,712.659
5584.9,57.91,86.7,0.0,4.6,4,-236.813,-0.432,715.420
5584.9,58.11,86.7,0.0,4.8,4,-235.399,-0.434,717.259
5584.9,58.41,86.8,0.0,5.3,4,-233.251,-0.437,720.016
5584.9,58.60,86.8,0.0,5.4,4,-231.800,-0.438,721.851
5596.5,58.88,86.9,0.0,5.6,4,-229.594,-0.439,724.599
5596.5,59.07,86.9,0.0,5.7,4,-228.104,-0.439,726.427
5596.5,59.36,87.0,0.0,5.8,4,-225.836,-0.438,729.161
5596.5,59.54,87.0,0.0,6.0,4,-224.304,-0.436,730.979
5608.5,59.81,87.0,0.0,5.7,4,-221.973,-0.433,733.696
5608.5,60.00,87.1,0.0,5.8,4,-220.398,-0.429,735.501
5608.5,60.27,87.1,0.0,5.2,4,-218.003,-0.420,738.199
5608.5,60.45,87.1,0.0,4.6,4,-216.386,-0.412,739.991
5620.8,60.71,87.2,0.0,4.8,4,-213.930,-0.396,742.670
5620.8,60.98,87.2,0.0,3.7,4,-211.439,-0.377,745.338
5620.8,61.15,87.3,0.0,3.2,4,-209.761,-0.364,747.113
5633.2,61.41,87.3,0.0,4.8,4,-207.218,-0.341,749.768
5633.2,61.58,87.3,0.0,6.0,4,-205.506,-0.324,751.534
5633.2,61.83,87.4,0.0,6.7,4,-202.911,-0.296,754.173
5633.2,62.00,87.4,0.0,6.8,4,-201.161,-0.277,755.926
5645.9,62.24,87.4,0.0,6.8,0,-198.506,-0.250,758.541
5645.9,62.18,0.0,0.0,6.5,0,-196.717,-0.234,760.272
5645.9,62.34,86.1,0.0,5.8,5,-194.009,-0.211,762.841
5645.9,62.49,86.2,0.0,6.4,5,-192.183,-0.197,764.543
5658.5,62.73,86.2,0.0,6.5,5,-189.412,-0.185,767.079
5658.5,62.88,86.2,0.0,6.4,5,-187.543,-0.181,768.758
5658.5,63.11,86.2,0.0,6.3,5,-184.708,-0.177,771.257
5658.5,63.26,86.3,0.0,6.3,5,-182.796,-0.175,772.909
5671.5,63.49,86.3,0.0,6.3,5,-179.896,-0.167,775.367
5671.5,63.64,86.3,0.0,6.9,5,-177.941,-0.161,776.992
5671.5,63.86,86.4,0.0,7.0,5,-174.978,-0.155,779.411
5671.5,64.08,86.4,0.0,7.1,5,-171.978,-0.152,781.803
5684.5,64.23,86.4,0.0,7.1,5,-169.956,-0.152,783.384
5684.5,64.45,86.4,0.0,6.9,5,-166.891,-0.155,785.730
5684.5,64.59,86.4,0.0,7.6,5,-164.825,-0.156,787.276
5684.5,64.78,86.5,0.0,8.5,5,-161.692,-0.156,789.567
5697.7,64.94,86.5,0.0,9.7,5,-159.582,-0.156,791.077
5697.7,65.16,86.6,0.0,9.0,5,-156.383,-0.152,793.311
5697.7,65.26,86.7,0.0,8.2,5,-154.229,-0.151,794.781
5697.7,65.46,86.8,0.0,6.2,5,-150.963,-0.150,796.953
5711.0,65.61,86.6,0.0,5.7,5,-148.763,-0.147,798.378
5711.0,65.80,86.7,0.0,6.7,5,-145.428,-0.137,800.481
5711.0,65.95,86.7,0.0,8.1,5,-143.184,-0.132,801.862
5711.0,66.15,86.7,0.0,9.9,5,-139.789,-0.129,803.907
5724.6,66.28,86.9,0.0,10.2,5,-137.506,-0.128,805.249
5724.6,66.47,86.9,0.0,8.7,5,-134.047,-0.126,807.223
5724.6,66.67,86.9,0.0,8.9,5,-130.550,-0.121,809.150
5724.6,66.79,86.9,0.0,8.9,5,-128.197,-0.121,810.410
5738.1,66.98,86.9,0.0,8.9,5,-124.634,-0.120,812.255
5738.1,67.11,86.9,0.0,9.3,5,-122.236,-0.118,813.456
5738.1,67.28,87.0,0.0,9.1,5,-118.609,-0.115,815.213
5738.1,67.41,87.0,0.0,8.5,5,-116.169,-0.112,816.355
5751.8,67.59,87.0,0.0,7.8,5,-112.480,-0.108,818.025
5751.8,67.71,87.0,0.0,8.2,5,-110.002,-0.107,819.110
5751.8,67.89,87.0,0.0,8.3,5,-106.256,-0.104,820.694
5751.8,68.00,87.1,0.0,8.1,5,-103.740,-0.100,821.721
5765.5,68.18,87.1,0.0,8.2,5,-99.939,-0.093,823.218
5765.5,68.30,87.1,0.0,8.3,5,-97.387,-0.089,824.188
5765.5,68.48,87.1,0.0,8.5,5,-93.535,-0.083,825.601
5765.5,68.60,87.2,0.0,8.7,5,-90.950,-0.079,826.514
5779.3,68.77,87.2,0.0,8.4,5,-87.048,-0.076,827.839
5779.3,68.94,87.2,0.0,7.9,5,-83.117,-0.069,829.108
5779.3,69.05,87.2,0.0,8.2,5,-80.480,-0.063,829.922
5779.3,69.22,87.2,0.0,8.2,5,-76.502,-0.055,831.098
5793.1,69.33,87.3,0.0,8.3,5,-73.836,-0.049,831.851
5793.1,69.50,87.3,0.0,8.7,5,-69.814,-0.041,832.934
5793.1,69.61,87.3,0.0,6.7,5,-67.119,-0.035,833.623
5793.1,69.78,87.3,0.0,6.0,5,-63.057,-0.025,834.611
5806.9,69.89,87.3,0.0,5.4,5,-60.335,-0.018,835.240
5806.9,70.05,87.3,0.0,4.9,5,-56.236,-0.004,836.142
5806.9,70.17,87.3,0.0,5.0,5,-53.491,0.006,836.717
5806.9,70.33,87.4,0.0,4.8,5,-49.359,0.023,837.546
5820.8,70.44,87.4,0.0,4.7,5,-46.594,0.036,838.076
5820.8,70.61,87.4,0.0,4.7,5,-42.433,0.059,838.841
5820.8,70.78,87.4,0.0,4.7,5,-38.255,0.082,839.569
5820.8,70.88,87.4,0.0,4.6,0,-35.460,0.098,840.035
5834.9,70.78,86.3,0.0,4.1,6,-31.263,0.121,840.702
5834.9,70.89,86.4,0.0,3.0,6,-28.462,0.137,841.126
5834.9,71.05,86.4,0.0,2.5,6,-24.248,0.162,841.734
5834.9,71.15,86.4,0.0,2.3,6,-21.431,0.182,842.122
5849.1,71.31,86.4,0.0,2.1,6,-17.195,0.211,842.684
5849.1,71.42,86.4,0.0,1.7,6,-14.364,0.229,843.047
5849.1,71.58,86.5,0.0,0.9,6,-10.107,0.255,843.578
5849.1,71.69,86.5,0.0,0.6,6,-7.262,0.274,843.924
5863.4,71.85,86.5,0.0,0.2,6,-2.987,0.303,844.435
5863.4,71.95,86.5,0.0,0.0,6,-0.131,0.323,844.773
5863.4,72.12,86.5,0.0,-0.1,6,4.161,0.349,845.276
5863.4,72.22,86.6,0.0,-0.1,6,7.028,0.368,845.611
8.6,72.37,86.6,0.0,0.0,6,11.336,0.398,846.114
