opponent,v3,Norman Nato,0,1771612387337
Game,version,date,track,car,event,laptime [s],S1 [s],S2 [s],S3 [s],S4+ [s]
LMU,1.2,2026-02-20 18:33:07,Silverstone Grand Prix Circuit - ELMS,Cadillac Hertz Team Jota 2025 #12:LM (Hyper),Live,107.677,0,0,0
Tracklen [m],TotalLaps
5868.8,2
,
,
lapdistance [m],speed [m/s],throttle [%],brake [%],steer [%],gear [int],world_x [m],world_y [m],world_z [m]
30.0,72.09,92.0,0.0,0.5,6,29.695,0.558,848.416
30.0,72.18,92.0,0.0,0.4,6,32.561,0.583,848.749
30.0,72.34,92.1,0.0,0.2,6,36.868,0.620,849.246
30.0,72.44,92.1,0.0,0.1,6,39.745,0.643,849.576
44.5,72.58,92.1,0.0,0.3,6,44.066,0.680,850.070
44.5,72.68,92.1,0.0,0.3,6,46.953,0.707,850.397
44.5,72.82,92.2,0.0,0.3,6,51.289,0.747,850.887
44.5,72.91,92.2,0.0,0.2,6,54.186,0.774,851.212
59.0,73.06,92.3,0.0,0.1,6,58.537,0.813,851.696
59.0,73.20,92.3,0.0,0.1,6,62.898,0.853,852.179
59.0,73.28,92.3,0.0,0.2,6,65.809,0.881,852.499
59.0,73.42,92.4,0.0,0.2,6,70.184,0.924,852.979
73.7,73.52,92.4,0.0,0.1,6,73.105,0.952,853.298
73.7,73.66,92.4,0.0,0.0,6,77.494,0.990,853.775
73.7,73.75,92.4,0.0,0.0,6,80.425,1.015,854.093
73.7,73.88,92.5,0.0,-0.0,6,84.828,1.050,854.568
88.4,73.97,92.5,0.0,-0.0,6,87.768,1.073,854.885
88.4,74.10,92.6,0.0,-0.0,6,92.184,1.108,855.361
88.4,74.20,92.6,0.0,0.0,6,95.133,1.131,855.678
88.4,74.33,92.6,0.0,0.0,6,99.562,1.163,856.155
103.2,74.42,92.6,0.0,-0.0,6,102.520,1.184,856.473
103.2,74.55,92.7,0.0,0.2,6,106.963,1.216,856.950
103.2,74.63,92.7,0.0,0.5,6,109.929,1.237,857.268
103.2,74.76,92.7,0.0,0.6,6,114.385,1.270,857.745
118.1,74.89,92.8,0.0,0.4,6,118.849,1.302,858.221
118.1,74.97,92.8,0.0,0.2,6,121.830,1.322,858.536
118.1,75.11,92.8,0.0,0.3,6,126.307,1.347,859.005
118.1,75.19,92.8,0.0,0.4,6,129.297,1.362,859.316
133.1,75.32,92.9,0.0,0.5,6,133.788,1.386,859.781
133.1,75.40,92.9,0.0,0.3,6,136.787,1.405,860.089
133.1,75.52,92.9,0.0,0.2,6,141.290,1.440,860.548
133.1,75.60,92.9,0.0,0.2,6,144.296,1.461,860.853
148.3,75.73,93.0,0.0,0.4,6,148.813,1.488,861.308
148.3,75.81,93.0,0.0,0.4,6,151.829,1.507,861.610
148.3,75.93,93.0,0.0,0.5,6,156.358,1.534,862.061
148.3,76.01,93.0,0.0,0.3,6,159.382,1.550,862.360
163.4,76.13,93.1,0.0,0.3,6,163.923,1.577,862.807
163.4,76.20,93.1,0.0,0.2,6,166.955,1.596,863.104
163.4,76.33,93.1,0.0,-0.0,6,171.509,1.626,863.546
163.4,76.39,93.2,0.0,-0.1,6,174.549,1.647,863.840
178.7,76.51,93.2,0.0,-0.2,6,179.116,1.678,864.280
178.7,76.63,93.2,0.0,-0.4,6,183.689,1.707,864.719
178.7,76.71,93.3,0.0,-0.5,6,186.741,1.725,865.013
178.7,76.82,93.3,0.0,-0.5,6,191.325,1.753,865.457
194.0,76.89,93.3,0.0,-0.7,6,194.384,1.773,865.757
194.0,76.99,93.4,0.0,-0.5,6,198.978,1.801,866.211
194.0,77.08,93.4,0.0,-0.6,6,202.044,1.819,866.519
194.0,77.18,93.4,0.0,-0.4,6,206.648,1.845,866.986
209.4,77.25,93.4,0.0,-0.2,6,209.720,1.861,867.302
209.4,77.36,93.4,0.0,0.1,6,214.334,1.887,867.782
209.4,77.43,93.4,0.0,0.3,6,217.413,1.908,868.105
209.4,77.54,93.5,0.0,0.4,6,222.036,1.939,868.593
224.8,77.61,93.5,0.0,0.5,6,225.122,1.961,868.918
224.8,77.72,93.5,0.0,0.6,6,229.756,1.993,869.403
224.8,77.82,93.5,0.5,0.6,6,234.397,2.027,869.883
224.8,77.70,20.7,30.9,0.6,6,237.493,2.050,870.198
240.4,76.87,0.0,75.4,0.7,6,242.111,2.082,870.662
269.7,68.50,0.0,90.9,2.9,6,268.211,2.223,873.023
269.7,67.56,0.0,91.4,3.1,6,270.927,2.236,873.223
269.7,66.17,0.0,92.5,3.2,6,274.932,2.254,873.493
269.7,65.21,0.0,91.5,3.4,0,277.557,2.264,873.651
282.9,63.83,0.0,92.2,2.8,5,281.426,2.279,873.853
282.9,62.44,0.0,82.8,2.2,5,285.213,2.293,874.007
282.9,61.62,0.0,73.8,2.0,5,287.694,2.301,874.084
282.9,60.44,0.0,54.4,0.6,5,291.357,2.313,874.154
295.2,59.80,0.0,41.7,-0.1,5,293.763,2.323,874.166
295.2,59.10,0.0,18.7,0.5,5,297.329,2.339,874.130
295.2,58.78,0.0,14.0,2.1,5,299.686,2.349,874.069
295.2,58.38,0.0,13.2,6.3,5,303.198,2.366,873.920
306.9,58.12,0.0,8.9,9.4,5,305.525,2.378,873.784
306.9,57.82,0.0,4.3,12.3,5,308.994,2.398,873.526
306.9,57.65,0.0,3.5,13.4,5,311.294,2.413,873.320
306.9,57.39,0.0,2.5,13.9,5,314.727,2.435,872.960
318.2,57.23,0.1,0.3,13.8,5,317.003,2.449,872.684
318.2,57.03,3.0,0.6,12.9,5,320.399,2.470,872.216
318.2,56.87,0.2,3.6,13.5,5,322.650,2.484,871.865
318.2,56.58,0.0,8.5,11.5,5,326.004,2.503,871.281
329.6,56.37,0.0,12.8,10.3,5,328.223,2.515,870.855
329.6,55.98,0.0,13.4,8.9,5,331.522,2.532,870.160
329.6,55.58,0.0,5.4,9.6,5,334.782,2.548,869.401
329.6,55.42,15.0,0.0,10.7,5,336.935,2.559,868.858
340.8,55.37,44.4,0.0,13.5,5,340.141,2.575,867.986
340.8,55.38,55.3,0.0,15.9,5,342.267,2.586,867.366
340.8,55.46,58.8,0.0,19.5,5,345.442,2.601,866.376
340.8,55.50,56.6,0.0,21.5,5,347.548,2.611,865.678
352.3,55.49,37.5,0.0,24.3,5,350.689,2.627,864.571
352.3,55.44,25.8,0.0,23.9,5,352.767,2.637,863.793
352.3,55.26,6.7,0.0,23.1,5,355.854,2.654,862.568
352.3,55.11,9.9,0.0,22.7,5,357.889,2.665,861.713
364.0,54.98,35.6,0.0,21.5,5,360.907,2.683,860.372
364.0,54.98,60.7,0.0,21.0,5,362.898,2.695,859.438
364.0,55.11,82.4,0.0,20.9,5,365.859,2.712,857.976
364.0,55.22,60.5,0.0,21.7,5,368.791,2.729,856.440
375.8,55.25,60.7,0.0,23.4,5,370.727,2.740,855.376
375.8,55.35,83.1,0.0,26.1,5,373.601,2.758,853.720
375.8,55.47,86.2,0.0,27.7,5,375.499,2.770,852.576
375.8,55.65,81.9,0.0,29.5,5,378.320,2.787,850.801
387.4,55.73,72.6,0.0,31.1,5,380.182,2.799,849.579
387.4,55.82,64.2,0.0,33.3,5,382.945,2.814,847.691
387.4,55.84,59.3,0.0,34.7,5,384.765,2.824,846.396
387.4,55.86,54.7,0.0,35.8,5,387.457,2.839,844.401
399.1,55.85,51.7,0.0,35.3,5,389.225,2.849,843.036
399.1,55.87,62.6,0.0,33.9,5,391.837,2.866,840.936
399.1,55.89,54.0,0.0,32.8,5,393.552,2.877,839.502
399.1,55.89,57.4,0.0,31.5,5,396.081,2.892,837.301
410.8,55.90,56.9,0.0,30.2,5,397.738,2.903,835.800
433.3,55.75,87.1,0.0,13.2,5,412.163,2.997,820.375
433.3,55.94,87.1,0.0,10.3,5,414.233,3.008,817.740
433.3,56.07,87.2,0.0,10.0,5,415.581,3.018,815.951
433.3,56.28,87.3,0.0,11.2,5,417.558,3.031,813.222
444.3,56.43,87.4,0.0,12.6,5,418.848,3.038,811.375
444.3,56.64,87.4,0.0,14.5,5,420.742,3.049,808.561
444.3,56.77,87.5,0.0,15.3,5,421.975,3.058,806.658
444.3,57.00,87.6,0.0,15.1,5,423.784,3.074,803.764
455.3,57.13,87.7,0.0,14.5,5,424.963,3.085,801.809
455.3,57.35,87.8,0.0,12.6,5,426.685,3.105,798.838
455.3,57.49,87.9,0.0,12.1,5,427.804,3.120,796.833
455.3,57.71,88.0,0.0,10.4,5,429.437,3.143,793.788
466.6,57.85,88.1,0.0,10.7,5,430.495,3.160,791.734
466.6,58.06,87.7,0.0,11.3,5,432.037,3.186,788.618
466.6,58.19,88.0,0.0,10.9,5,433.037,3.201,786.519
466.6,58.43,88.4,0.0,9.2,5,434.489,3.226,783.337
478.1,58.63,88.5,0.0,9.9,5,435.889,3.252,780.117
478.1,58.76,87.4,0.0,9.9,5,436.794,3.271,777.951
478.1,58.95,87.8,0.0,8.5,5,438.107,3.302,774.673
478.1,59.05,88.9,0.0,5.8,5,438.959,3.316,772.473
489.7,59.28,78.2,0.0,0.4,5,440.204,3.326,769.148
489.7,59.38,88.3,0.0,-0.2,5,440.997,3.339,766.912
489.7,59.60,89.0,0.0,2.4,5,442.136,3.366,763.530
489.7,59.76,89.0,0.0,5.2,5,442.870,3.385,761.259
501.5,59.96,74.3,0.0,7.9,5,443.940,3.413,757.831
513.4,61.23,89.7,0.0,5.6,5,449.625,3.593,736.788
525.5,61.39,90.0,0.0,4.4,5,450.468,3.610,733.209
525.5,61.57,77.3,0.0,2.6,5,451.012,3.619,730.810
525.5,61.73,89.6,0.0,3.2,5,451.784,3.647,727.193
525.5,61.90,89.8,0.0,3.9,5,452.277,3.668,724.770
537.7,62.13,89.9,0.0,3.7,5,452.985,3.699,721.118
537.7,62.28,90.0,0.0,3.8,5,453.437,3.719,718.671
537.7,62.51,90.1,0.0,3.1,5,454.090,3.747,714.986
537.7,62.65,90.2,0.0,2.6,5,454.508,3.763,712.518
550.1,62.88,90.2,0.0,2.0,5,455.111,3.787,708.801
550.1,63.10,90.3,0.0,2.0,5,455.686,3.817,705.066
550.1,63.25,90.4,0.0,2.0,5,456.059,3.837,702.567
562.7,63.48,90.4,0.0,1.6,5,456.603,3.867,698.805
562.7,63.62,90.5,0.0,1.3,5,456.958,3.888,696.288
562.7,63.84,90.6,0.0,1.0,5,457.479,3.921,692.501
562.7,63.99,90.6,0.0,1.0,5,457.821,3.943,689.968
575.3,64.21,90.7,0.0,1.1,5,458.327,3.975,686.156
575.3,64.35,90.7,0.0,1.1,5,458.660,3.997,683.607
575.3,64.57,90.8,0.0,1.0,5,459.153,4.030,679.771
575.3,64.71,90.8,0.0,1.0,5,459.478,4.052,677.207
588.1,64.93,90.9,0.0,1.1,5,459.958,4.085,673.348
588.1,65.07,91.0,0.0,1.2,5,460.274,4.107,670.767
588.1,65.28,91.0,0.0,1.1,5,460.742,4.139,666.885
588.1,65.42,91.1,0.0,1.0,5,461.048,4.161,664.290
601.1,65.63,91.1,0.0,1.1,5,461.500,4.193,660.385
601.1,65.83,91.2,0.0,1.1,5,461.942,4.225,656.467
601.1,65.96,91.3,0.0,1.2,5,462.231,4.248,653.847
601.1,66.17,91.3,0.0,1.2,5,462.656,4.282,649.906
614.3,66.31,91.4,0.0,1.3,5,462.933,4.304,647.272
614.3,66.51,91.4,0.0,1.3,5,463.339,4.337,643.308
614.3,66.64,91.5,0.0,1.2,5,463.603,4.358,640.659
614.3,66.84,91.5,0.0,1.3,5,463.988,4.391,636.674
627.5,66.97,91.6,0.0,1.2,5,464.238,4.413,634.009
627.5,67.17,91.6,0.0,1.3,5,464.602,4.446,630.002
627.5,67.30,91.7,0.0,1.4,5,464.838,4.467,627.324
627.5,67.49,91.8,0.0,1.5,5,465.181,4.499,623.295
641.0,67.62,91.8,0.0,1.2,5,465.403,4.520,620.603
641.0,67.80,91.8,0.0,1.0,5,465.726,4.551,616.553
641.0,67.93,91.9,0.0,0.7,5,465.934,4.573,613.847
641.0,68.11,91.9,0.0,0.8,5,466.236,4.605,609.777
654.6,68.30,92.0,0.0,0.8,5,466.527,4.637,605.695
654.6,68.42,92.1,0.0,0.8,5,466.717,4.659,602.968
654.6,68.61,92.1,0.0,0.8,5,466.993,4.691,598.867
654.6,68.73,92.1,0.0,0.6,5,467.173,4.711,596.126
668.3,68.91,92.2,0.0,-0.4,5,467.436,4.743,592.006
668.3,69.03,92.2,0.0,-0.1,5,467.607,4.764,589.253
668.3,69.20,92.3,0.0,-0.6,5,467.861,4.793,585.114
668.3,69.32,92.3,0.0,-0.9,5,468.030,4.812,582.349
682.1,69.50,92.4,0.0,0.3,5,468.284,4.838,578.192
682.1,69.61,92.4,0.0,0.6,5,468.456,4.855,575.416
682.1,69.78,92.5,0.0,0.6,5,468.715,4.878,571.242
682.1,69.90,92.5,0.0,0.9,5,468.887,4.891,568.454
696.1,70.07,92.5,0.0,0.1,0,469.142,4.908,564.263
696.1,69.99,0.0,0.0,-0.2,0,469.309,4.919,561.466
696.1,70.09,91.7,0.0,-0.1,6,469.556,4.935,557.273
696.1,70.24,91.7,0.0,0.9,6,469.801,4.951,553.070
710.2,70.35,91.7,0.0,0.1,6,469.963,4.959,550.263
710.2,70.52,91.8,0.0,-0.4,6,470.204,4.971,546.044
710.2,70.63,91.8,0.0,-0.1,6,470.365,4.977,543.226
710.2,70.79,91.9,0.0,0.1,6,470.606,4.984,538.990
724.4,70.89,91.9,0.0,-0.2,6,470.768,4.987,536.161
724.4,71.06,91.9,0.0,0.7,6,471.012,4.992,531.910
724.4,71.22,92.0,0.0,1.0,6,471.256,4.994,527.649
724.4,71.32,92.0,0.0,1.0,6,471.417,4.994,524.803
738.6,71.48,92.0,0.0,0.3,6,471.654,4.991,520.526
738.6,71.59,92.1,0.0,0.1,6,471.808,4.988,517.669
738.6,71.74,92.1,0.0,0.0,6,472.034,4.982,513.375
738.6,71.84,92.1,0.0,0.1,6,472.183,4.977,510.508
753.0,72.00,92.2,0.0,0.2,6,472.403,4.968,506.198
753.0,72.11,92.2,0.0,0.3,6,472.549,4.959,503.320
753.0,72.26,92.3,0.0,0.3,6,472.766,4.944,498.995
753.0,72.37,92.3,0.0,0.4,6,472.909,4.931,496.106
767.5,72.51,92.3,0.0,0.3,6,473.123,4.909,491.765
767.5,72.66,92.4,0.0,0.1,6,473.334,4.885,487.415
767.5,72.77,92.4,0.0,0.0,6,473.473,4.869,484.510
782.0,72.91,92.5,0.0,0.5,6,473.680,4.845,480.145
782.0,73.01,92.5,0.0,-0.3,6,473.816,4.829,477.230
782.0,73.16,92.5,0.0,-0.9,6,474.018,4.809,472.850
782.0,73.25,92.5,0.0,-1.3,6,474.154,4.798,469.925
796.6,73.40,92.6,0.0,-1.9,6,474.361,4.779,465.530
796.6,73.50,92.6,0.0,-2.3,6,474.506,4.766,462.596
796.6,73.64,92.6,0.0,-2.9,6,474.740,4.748,458.188
796.6,73.73,92.7,0.0,-3.9,6,474.909,4.737,455.246
811.3,73.87,92.7,0.0,-4.2,6,475.188,4.716,450.826
811.3,74.01,92.7,0.0,-4.4,6,475.501,4.692,446.401
811.3,74.09,92.7,0.0,-4.4,6,475.734,4.678,443.449
811.3,74.21,92.8,0.0,-5.8,6,476.121,4.656,439.017
826.1,74.31,92.8,0.0,-6.3,6,476.403,4.636,436.060
826.1,74.42,92.8,0.0,-6.3,6,476.872,4.607,431.623
826.1,74.49,92.9,0.0,-6.4,6,477.219,4.592,428.666
826.1,74.60,92.9,0.0,-7.1,6,477.792,4.574,424.230
841.0,74.69,92.9,0.0,-7.0,6,478.208,4.560,421.274
841.0,74.79,93.0,0.0,-6.6,6,478.889,4.541,416.842
841.0,74.86,93.0,0.0,-6.9,6,479.383,4.530,413.890
841.0,74.96,93.0,0.0,-8.1,6,480.181,4.514,409.467
855.8,75.07,93.0,0.0,-8.6,6,481.048,4.496,405.050
855.8,75.13,93.0,0.0,-8.8,6,481.665,4.484,402.111
855.8,75.23,93.1,0.0,-9.9,6,482.650,4.463,397.709
855.8,75.29,93.1,0.0,-10.2,6,483.347,4.446,394.780
870.7,75.38,93.1,0.0,-10.9,6,484.453,4.414,390.398
870.7,75.44,93.1,0.0,-11.0,6,485.232,4.388,387.484
870.7,75.51,93.2,0.0,-10.1,6,486.465,4.344,383.127
870.7,75.55,93.2,0.0,-10.1,6,487.333,4.312,380.233
885.6,75.63,93.2,0.0,-9.1,6,488.702,4.261,375.909
885.6,75.69,93.3,0.0,-8.5,6,489.660,4.225,373.039
885.6,75.76,93.3,0.0,-8.1,6,491.166,4.169,368.752
885.6,75.83,93.3,0.0,-8.0,6,492.214,4.131,365.908
901.0,75.90,93.3,0.0,-8.3,6,493.853,4.074,361.662
901.0,75.96,93.3,0.0,-7.4,6,494.989,4.036,358.845
901.0,76.05,93.4,3.1,-4.1,6,496.753,3.980,354.640
901.0,75.88,21.2,51.3,-1.5,6,497.966,3.942,351.852
916.5,75.02,0.0,33.9,2.7,6,499.815,3.886,347.718
916.5,74.40,0.0,15.4,4.4,6,501.681,3.834,343.643
916.5,74.11,0.0,26.0,4.4,6,502.925,3.798,340.945
916.5,73.46,0.0,48.1,3.4,6,504.771,3.738,336.919
931.8,72.87,0.0,51.0,3.0,6,505.978,3.698,334.252
931.8,71.96,0.0,48.5,3.0,6,507.741,3.642,330.279
931.8,71.35,0.0,42.5,3.7,6,508.882,3.610,327.649
931.8,70.60,0.0,34.8,5.4,6,510.540,3.568,323.726
946.4,70.14,0.0,36.6,6.9,6,511.610,3.543,321.121
946.4,69.42,0.0,33.9,7.3,6,513.159,3.505,317.231
946.4,68.96,0.0,30.7,6.3,6,514.151,3.484,314.646
946.4,68.29,0.0,51.1,5.7,6,515.575,3.453,310.781
960.2,67.69,0.0,60.3,5.3,6,516.480,3.435,308.215
960.2,66.66,0.0,55.6,5.3,6,517.766,3.413,304.393
960.2,66.03,0.0,54.3,5.0,6,518.576,3.402,301.865
960.2,65.14,0.0,40.2,6.6,6,519.721,3.388,298.099
973.2,64.40,0.0,31.2,8.3,6,520.784,3.374,294.361
973.2,63.97,0.0,25.4,8.6,6,521.448,3.364,291.880
973.2,63.48,26.5,2.9,9.1,6,522.375,3.349,288.172
973.2,63.46,80.2,0.0,9.7,6,522.949,3.338,285.700
985.7,63.52,34.7,14.8,11.4,6,523.748,3.319,281.974
985.7,63.24,0.3,27.6,12.6,6,524.237,3.307,279.485
985.7,62.68,33.1,14.2,12.0,0,524.899,3.291,275.766
985.7,62.45,4.5,2.1,9.7,5,525.293,3.283,273.295
998.8,62.28,34.4,7.8,6.5,5,525.815,3.272,269.591
998.8,62.10,2.5,25.6,3.8,5,526.119,3.265,267.121
998.8,61.69,0.0,12.9,3.3,5,526.505,3.262,263.428
998.8,61.47,7.4,2.2,3.3,5,526.732,3.250,260.974
1012.8,61.24,57.6,0.0,6.3,5,527.005,3.235,257.304
1012.8,61.25,56.6,0.0,9.2,5,527.133,3.243,254.858
1012.8,61.28,72.9,0.0,13.0,5,527.273,3.247,251.185
1026.2,61.52,74.4,0.0,16.0,5,527.364,3.227,247.504
1026.2,61.49,34.4,0.0,17.3,5,527.372,3.223,245.044
1026.2,61.28,1.8,5.0,18.7,5,527.314,3.221,241.360
1026.2,61.07,0.0,5.2,19.1,5,527.232,3.218,238.914
1038.8,60.75,0.0,2.4,18.1,5,527.038,3.217,235.264
1038.8,60.55,0.0,0.6,17.0,5,526.860,3.220,232.844
1038.8,60.28,4.7,0.0,14.5,5,526.518,3.232,229.235
1038.8,60.12,5.3,0.0,13.2,5,526.241,3.242,226.843
1051.0,59.89,5.1,0.0,12.2,5,525.757,3.258,223.275
1051.0,59.73,5.8,0.0,11.8,5,525.389,3.268,220.911
1051.0,59.47,0.8,2.3,8.4,5,524.768,3.285,217.389
1051.0,59.29,0.0,4.0,7.4,5,524.308,3.299,215.058
1062.7,59.07,35.3,0.0,6.9,5,523.551,3.324,211.590
1062.7,59.12,77.5,0.0,6.4,5,523.005,3.341,209.291
1062.7,59.33,86.5,0.0,6.5,5,522.128,3.370,205.848
1062.7,59.56,86.6,0.0,5.9,5,521.190,3.399,202.407
1074.5,59.71,86.7,0.0,4.3,5,520.536,3.419,200.114
1074.5,59.95,86.8,0.0,0.9,5,519.519,3.449,196.671
1074.5,60.11,86.9,0.0,-0.4,5,518.822,3.469,194.374
1074.5,60.36,87.0,0.0,-1.7,5,517.758,3.499,190.920
1086.6,60.51,87.1,0.0,-2.5,5,517.041,3.518,188.612
1086.6,60.75,87.2,0.0,-3.2,5,515.963,3.546,185.138
1086.6,60.92,87.3,0.0,-3.8,5,515.248,3.563,182.812
1086.6,61.14,79.2,0.0,-4.6,5,514.189,3.587,179.307
1098.8,61.20,47.2,0.0,-5.4,5,513.494,3.602,176.961
1098.8,60.95,4.9,51.7,-6.1,5,512.479,3.621,173.436
1098.8,60.37,0.0,71.9,-6.2,5,511.827,3.633,171.096
1098.8,59.23,0.0,75.4,-5.5,5,510.891,3.652,167.629
1111.0,58.43,0.0,76.5,-4.9,5,510.298,3.662,165.350
1111.0,57.25,0.0,70.9,-3.3,5,509.458,3.677,161.980
1111.0,56.16,0.0,62.6,-2.1,5,508.679,3.691,158.666
1111.0,55.50,0.0,59.8,-0.9,5,508.196,3.701,156.484
1122.4,54.53,0.0,52.3,-1.5,5,507.527,3.716,153.251
1122.4,53.94,0.0,45.2,-2.6,0,507.116,3.726,151.120
1122.4,53.22,0.0,34.5,-3.1,4,506.553,3.739,147.954
1122.4,52.80,0.0,23.1,-4.8,4,506.215,3.749,145.860
1133.4,52.35,0.0,8.3,-8.4,4,505.759,3.759,142.739
1133.4,52.15,0.0,2.9,-10.8,4,505.488,3.765,140.667
1133.4,51.93,0.6,0.0,-14.3,4,505.133,3.771,137.564
1133.4,51.80,2.6,0.0,-15.9,4,504.930,3.773,135.499
1144.5,51.60,0.5,1.5,-17.1,4,504.677,3.774,132.407
1144.5,51.46,0.0,0.2,-18.0,4,504.543,3.772,130.350
1144.5,51.27,9.3,0.0,-19.2,4,504.394,3.763,127.272
1144.5,51.15,6.0,0.0,-17.9,4,504.332,3.754,125.224
1155.3,50.94,3.5,1.9,-14.9,4,504.303,3.740,122.160
1155.3,50.77,0.1,0.2,-13.2,4,504.329,3.733,120.126
1155.3,50.53,4.8,0.3,-10.4,4,504.441,3.733,117.088
1155.3,50.38,24.5,0.0,-8.2,4,504.623,3.730,114.067
1165.9,50.34,20.2,0.0,-7.9,4,504.777,3.720,112.058
1165.9,50.16,16.9,0.0,-8.3,4,505.083,3.716,109.059
1165.9,50.10,23.6,0.0,-7.7,4,505.325,3.709,107.068
1165.9,50.00,20.1,0.0,-10.0,4,505.752,3.701,104.095
1176.5,49.89,17.0,0.0,-12.8,4,506.083,3.701,102.125
1176.5,49.75,5.0,0.0,-14.9,4,506.623,3.686,99.184
1176.5,49.63,7.3,0.0,-15.4,4,507.012,3.666,97.235
1176.5,49.39,24.5,0.0,-16.9,4,507.679,3.658,94.342
1187.0,49.34,21.3,0.0,-17.1,4,508.161,3.651,92.427
1187.0,49.23,8.5,0.0,-16.6,4,508.922,3.622,89.569
1187.0,49.09,6.2,0.0,-16.8,4,509.466,3.598,87.678
1187.0,48.89,13.4,0.0,-19.0,4,510.352,3.573,84.876
1197.4,48.74,9.0,0.0,-21.6,4,511.303,3.542,82.105
1197.4,48.63,12.6,0.0,-24.3,4,511.974,3.519,80.277
1197.4,48.48,10.9,0.0,-28.4,4,513.033,3.481,77.563
1197.4,48.38,14.8,0.0,-30.7,4,513.774,3.455,75.773
1207.5,48.24,13.0,0.0,-33.2,4,514.937,3.413,73.118
1207.5,48.16,33.1,0.0,-33.6,4,515.747,3.385,71.369
1207.5,48.24,60.3,0.0,-31.7,4,517.016,3.342,68.771
1207.5,48.36,79.7,0.0,-29.2,4,517.900,3.315,67.055
1217.3,48.64,85.0,0.0,-23.6,4,519.288,3.278,64.498
1217.3,48.82,85.0,0.0,-20.4,4,520.254,3.256,62.806
1217.3,49.12,85.0,0.0,-12.2,4,521.765,3.225,60.287
1217.3,49.29,62.6,0.0,-5.7,4,522.810,3.206,58.620
1227.1,49.11,0.4,25.9,2.0,4,524.425,3.177,56.144
1227.1,48.73,0.0,49.6,4.3,4,525.519,3.159,54.520
1227.1,47.86,0.0,69.3,7.7,4,527.162,3.133,52.130
1236.8,46.80,0.0,74.9,9.4,4,528.778,3.107,49.791
1236.8,46.07,0.0,77.2,9.3,4,529.829,3.089,48.258
1236.8,44.91,0.0,81.1,8.7,0,531.357,3.062,45.993
1236.8,44.16,25.4,83.7,8.4,0,532.339,3.044,44.505
1245.7,43.01,0.0,63.3,7.2,3,533.757,3.019,42.305
1245.7,42.35,0.0,34.6,6.1,3,534.664,3.002,40.858
1245.7,41.77,0.0,8.8,4.5,3,535.968,2.975,38.699
1245.7,41.57,0.0,3.0,4.9,3,536.799,2.956,37.254
1254.1,41.36,0.0,0.1,8.6,3,537.995,2.926,35.073
1254.1,41.23,1.1,0.0,13.2,3,538.756,2.905,33.607
1254.1,41.08,6.2,0.0,20.5,3,539.848,2.873,31.392
1254.1,40.99,7.0,0.0,24.1,3,540.544,2.851,29.906
1262.3,40.85,6.7,0.0,26.4,3,541.539,2.817,27.661
1262.3,40.75,5.5,0.0,26.4,3,542.169,2.793,26.156
1262.3,40.64,26.2,0.0,25.1,3,543.060,2.757,23.883
1262.3,40.74,55.0,0.0,22.7,3,543.885,2.721,21.587
1270.8,40.89,64.1,0.0,21.9,3,544.400,2.697,20.039
1270.8,41.12,55.8,0.0,23.0,3,545.122,2.662,17.687
1270.8,41.23,47.1,0.0,24.8,3,545.568,2.637,16.102
1270.8,41.28,28.2,0.0,28.0,3,546.182,2.599,13.704
1279.8,41.27,32.7,0.0,30.4,3,546.553,2.573,12.096
1279.8,41.30,43.6,0.0,32.6,3,547.052,2.534,9.670
1279.8,41.39,54.1,0.0,32.4,3,547.344,2.509,8.043
1279.8,41.57,51.7,0.0,33.5,3,547.728,2.472,5.584
1288.4,41.71,50.6,0.0,34.9,3,548.045,2.432,3.107
1288.4,41.78,46.6,0.0,36.1,3,548.219,2.403,1.447
1288.4,41.86,41.5,0.0,37.3,3,548.422,2.360,-1.053
1288.4,41.90,44.8,0.0,38.0,3,548.517,2.331,-2.725
1297.4,42.03,56.4,0.0,38.4,3,548.601,2.286,-5.240
1297.4,42.13,51.7,0.0,39.0,3,548.617,2.256,-6.923
1297.4,42.32,65.3,0.0,41.5,3,548.584,2.209,-9.455
1297.4,42.47,64.8,0.0,43.6,3,548.525,2.177,-11.149
1306.7,42.66,51.0,0.0,46.7,3,548.381,2.126,-13.699
1306.7,42.69,31.6,0.0,48.9,3,548.244,2.093,-15.400
1306.7,42.61,23.2,0.0,51.8,3,547.978,2.045,-17.945
1306.7,42.54,22.8,0.0,53.1,3,547.759,2.015,-19.634
1316.1,42.44,22.7,0.0,52.7,3,547.370,1.973,-22.153
1316.1,42.37,23.2,0.0,51.5,3,547.070,1.946,-23.822
1316.1,42.28,25.0,0.0,48.8,3,546.556,1.909,-26.309
1316.1,42.19,27.0,0.0,45.5,3,545.966,1.874,-28.773
1325.5,42.15,28.7,0.0,43.3,3,545.531,1.854,-30.402
1325.5,42.13,31.4,0.0,41.2,3,544.816,1.824,-32.827
1325.5,42.12,37.8,0.0,40.9,3,544.301,1.803,-34.431
1325.5,42.22,48.4,0.0,41.2,3,543.472,1.770,-36.821
1334.7,42.26,41.8,0.0,41.7,3,542.880,1.748,-38.403
1334.7,42.33,43.2,0.0,41.6,3,541.935,1.716,-40.757
1334.7,42.35,41.8,0.0,40.4,3,541.266,1.696,-42.313
1334.7,42.45,52.3,0.0,36.7,3,540.203,1.670,-44.623
1343.4,42.56,60.4,0.0,34.1,3,539.457,1.653,-46.150
1343.4,42.85,83.7,0.0,30.8,3,538.281,1.627,-48.425
1343.4,43.09,85.8,0.0,27.9,3,537.460,1.609,-49.934
1343.4,43.45,86.0,0.0,22.3,3,536.167,1.584,-52.184
1352.4,43.81,86.1,0.0,15.8,3,534.800,1.561,-54.416
1352.4,44.03,74.6,0.0,10.8,3,533.849,1.546,-55.893
1352.4,44.32,78.4,0.0,4.4,3,532.365,1.524,-58.088
1352.4,44.53,74.4,0.0,1.4,3,531.337,1.510,-59.537
1361.4,44.83,84.2,0.0,-0.4,3,529.742,1.487,-61.690
1361.4,45.09,86.4,0.0,-0.4,3,528.643,1.471,-63.113
1361.4,45.50,86.4,0.0,1.2,3,526.944,1.445,-65.232
1361.4,45.77,86.3,0.0,3.7,3,525.777,1.426,-66.635
1370.4,46.18,86.4,0.0,7.2,3,523.980,1.396,-68.726
1370.4,46.45,86.4,0.0,9.3,3,522.752,1.375,-70.112
1370.4,46.84,86.5,0.0,11.1,3,520.868,1.343,-72.181
1370.4,47.11,86.6,0.0,11.0,3,519.586,1.320,-73.553
1379.6,47.50,86.7,0.0,9.8,3,517.621,1.285,-75.600
1379.6,47.75,86.8,0.0,9.2,3,516.284,1.260,-76.956
1379.6,48.13,87.0,0.0,10.7,3,514.239,1.220,-78.978
1389.0,48.52,87.1,0.0,9.9,3,512.144,1.178,-80.981
1389.0,48.76,87.2,0.0,11.6,3,510.718,1.150,-82.304
1389.0,49.12,87.4,0.0,12.7,3,508.536,1.112,-84.267
1389.0,49.36,87.5,0.0,13.2,3,507.052,1.087,-85.562
1398.6,49.45,0.0,0.0,12.2,0,504.786,1.051,-87.477
1398.6,49.54,85.8,0.0,11.9,4,503.255,1.026,-88.730
1398.6,49.87,86.0,0.0,8.0,4,500.919,0.984,-90.583
1398.6,50.09,86.2,0.0,5.9,4,499.334,0.954,-91.800
1408.4,50.42,86.3,0.0,3.1,4,496.915,0.909,-93.598
1408.4,50.65,86.3,0.0,2.3,4,495.275,0.878,-94.779
1408.4,50.99,86.4,0.0,3.4,4,492.779,0.833,-96.528
1408.4,51.21,86.6,0.0,4.1,4,491.093,0.805,-97.682
1418.5,51.55,86.7,0.0,4.0,4,488.534,0.764,-99.401
1418.5,51.78,86.8,0.0,3.0,4,486.811,0.739,-100.540
1418.5,52.12,87.0,0.0,1.0,4,484.201,0.703,-102.242
1418.5,52.45,87.2,0.0,-0.6,4,481.565,0.669,-103.941
1429.0,52.68,87.3,0.0,-0.9,4,479.795,0.646,-105.075
1429.0,53.00,87.4,0.0,-1.6,4,477.124,0.613,-106.781
1429.0,53.24,87.5,0.0,-2.8,4,475.334,0.591,-107.926
1429.0,53.57,87.8,0.0,-4.7,4,472.640,0.558,-109.658
1439.8,53.78,87.7,0.0,-4.6,4,470.839,0.538,-110.826
1439.8,54.11,87.9,0.0,-4.4,4,468.135,0.508,-112.602
1439.8,54.30,88.1,0.0,-4.8,4,466.331,0.492,-113.804
1439.8,54.62,88.3,0.0,-5.1,4,463.626,0.467,-115.634
1451.0,54.79,88.3,0.0,-6.2,4,461.825,0.450,-116.875
1451.0,55.11,88.4,0.0,-8.3,4,459.128,0.426,-118.770
1451.0,55.30,88.4,0.0,-9.7,4,457.332,0.406,-120.055
1451.0,55.55,88.6,0.0,-10.2,4,454.651,0.378,-122.022
1462.4,55.74,88.8,0.0,-10.0,4,452.872,0.359,-123.361
1462.4,56.03,88.8,0.0,-9.5,4,450.219,0.329,-125.412
1462.4,56.30,88.9,0.0,-9.3,4,447.594,0.307,-127.524
1462.4,56.46,89.1,0.0,-9.6,4,445.859,0.293,-128.965
1474.1,56.77,89.1,0.0,-9.4,4,443.276,0.272,-131.171
1474.1,56.94,89.2,0.0,-10.2,4,441.570,0.259,-132.675
1474.1,57.21,89.3,0.0,-8.1,4,439.039,0.244,-134.980
1474.1,57.39,89.4,0.0,-6.8,4,437.369,0.236,-136.549
1486.0,57.66,89.5,0.0,-6.3,4,434.887,0.228,-138.947
1486.0,57.85,89.5,0.0,-6.6,4,433.246,0.224,-140.572
1486.0,58.12,89.7,0.0,-6.6,4,430.803,0.216,-143.048
1486.0,58.30,89.7,0.0,-6.2,4,429.186,0.211,-144.723
1497.9,58.57,89.8,0.0,-5.7,4,426.780,0.204,-147.273
1497.9,58.74,89.9,0.0,-5.7,4,425.189,0.200,-148.996
1497.9,59.00,90.0,0.0,-5.9,4,422.822,0.197,-151.618
1497.9,59.19,90.0,0.0,-6.0,4,421.257,0.197,-153.389
1509.9,59.34,0.0,0.0,-6.7,0,418.930,0.202,-156.080
1509.9,59.38,88.8,0.0,-6.2,5,416.635,0.207,-158.800
1509.9,59.54,88.8,0.0,-5.8,5,415.120,0.207,-160.633
1509.9,59.78,88.9,0.0,-6.1,5,412.870,0.204,-163.416
1521.7,59.93,89.0,0.0,-6.4,5,411.385,0.201,-165.294
1521.7,60.15,89.1,0.0,-7.3,5,409.181,0.193,-168.144
1521.7,60.33,89.1,0.0,-7.4,5,407.728,0.185,-170.065
1521.7,60.54,89.3,0.0,-8.5,5,405.576,0.171,-172.983
1533.6,60.70,89.3,0.0,-7.2,5,404.160,0.162,-174.952
1533.6,60.92,89.4,0.0,-6.0,5,402.066,0.145,-177.939
1533.6,61.08,89.5,0.0,-5.4,5,400.688,0.131,-179.952
1533.6,61.31,89.6,0.0,-4.8,5,398.650,0.109,-183.006
1545.7,61.46,89.6,0.0,-4.4,5,397.310,0.095,-185.063
1545.7,61.70,89.7,0.0,-3.7,5,395.324,0.073,-188.178
1545.7,61.86,89.7,0.0,-3.4,5,394.014,0.060,-190.273
1545.7,62.09,89.8,0.0,-3.2,5,392.070,0.043,-193.441
1558.0,62.33,89.9,0.0,-2.5,5,390.145,0.028,-196.638
1558.0,62.48,90.0,0.0,-2.2,5,388.871,0.019,-198.784
1558.0,62.71,90.1,0.0,-1.8,5,386.971,0.008,-202.024
1558.0,62.86,90.1,0.0,-1.6,5,385.712,0.002,-204.196
1570.5,63.10,90.2,0.0,-1.6,5,383.831,-0.003,-207.473
1570.5,63.25,90.3,0.0,-1.5,5,382.581,-0.007,-209.669
1570.5,63.49,90.3,0.0,-0.7,5,380.713,-0.012,-212.980
1570.5,63.64,90.4,0.0,-0.5,5,379.470,-0.015,-215.198
1583.2,63.86,90.5,0.0,-2.2,5,377.609,-0.019,-218.540
1583.2,64.01,90.5,0.0,-1.8,5,376.371,-0.022,-220.778
1583.2,64.24,90.6,0.0,-0.9,5,374.519,-0.024,-224.150
1583.2,64.38,90.6,0.0,-0.5,5,373.287,-0.025,-226.408
1596.0,64.61,90.7,0.0,-0.4,5,371.444,-0.026,-229.810
1596.0,64.76,90.8,0.0,-0.6,5,370.216,-0.027,-232.087
1596.0,64.98,90.8,0.0,-0.8,5,368.377,-0.031,-235.517
1596.0,65.12,90.9,0.0,-0.8,5,367.151,-0.035,-237.812
1608.9,65.35,90.9,0.0,-0.7,5,365.313,-0.044,-241.267
1608.9,65.55,91.0,0.0,-0.9,5,363.477,-0.054,-244.738
1608.9,65.71,91.0,0.0,-1.0,5,362.254,-0.063,-247.061
1608.9,65.84,91.1,0.0,-1.0,5,361.032,-0.072,-249.390
1622.0,66.05,91.2,0.0,-1.1,5,359.202,-0.087,-252.898
1622.0,66.26,91.3,0.0,-1.1,5,357.376,-0.101,-256.421
1622.0,66.40,91.3,0.0,-0.8,5,356.161,-0.111,-258.779
1635.3,66.60,91.4,0.0,-0.5,5,354.342,-0.126,-262.330
1635.3,66.74,91.4,0.0,-0.4,5,353.131,-0.137,-264.706
1635.3,66.95,91.5,0.0,-0.9,5,351.317,-0.152,-268.283
1635.3,67.09,91.5,0.0,-1.0,5,350.110,-0.163,-270.676
1648.6,67.29,91.6,0.0,-1.0,5,348.300,-0.179,-274.277
1648.6,67.42,91.6,0.0,-0.8,5,347.095,-0.190,-276.687
1648.6,67.62,91.7,0.0,-0.3,5,345.290,-0.207,-280.313
1648.6,67.76,91.7,0.0,-0.2,5,344.088,-0.218,-282.739
1662.2,67.95,91.8,0.0,-0.1,5,342.287,-0.238,-286.389
1662.2,68.15,91.8,0.0,0.0,5,340.486,-0.259,-290.053
1662.2,68.27,91.9,0.0,-0.0,5,339.285,-0.273,-292.503
1662.2,68.45,92.0,0.0,-0.1,5,337.483,-0.295,-296.187
1675.8,68.59,92.0,0.0,-0.1,5,336.279,-0.311,-298.649
1675.8,68.78,92.0,0.0,-0.1,5,334.472,-0.340,-302.352
1675.8,68.96,92.1,0.0,-0.1,5,332.661,-0.362,-306.066
1675.8,69.08,92.2,0.0,-0.0,5,331.451,-0.375,-308.547
1689.6,69.26,92.2,0.0,0.0,5,329.633,-0.397,-312.277
1689.6,69.39,92.2,0.0,0.1,5,328.419,-0.415,-314.770
1689.6,69.57,92.3,0.0,-0.0,5,326.593,-0.440,-318.517
1689.6,69.68,92.3,0.0,-0.1,5,325.374,-0.456,-321.021
1703.5,69.86,92.4,0.0,-0.1,5,323.541,-0.480,-324.785
1703.5,69.98,92.4,0.0,0.0,5,322.318,-0.495,-327.299
1703.5,69.97,0.0,0.0,-0.0,0,320.480,-0.519,-331.077
1703.5,70.07,91.5,0.0,-0.0,6,318.643,-0.543,-334.853
1717.5,70.18,91.6,0.0,0.0,6,317.417,-0.559,-337.376
1717.5,70.35,91.6,0.0,0.0,6,315.575,-0.583,-341.168
1717.5,70.46,91.7,0.0,-0.0,6,314.345,-0.599,-343.701
1717.5,70.62,91.7,0.0,-0.1,6,312.498,-0.623,-347.508
1731.5,70.74,91.7,0.0,-0.1,6,311.264,-0.639,-350.052
1731.5,70.91,91.8,0.0,-0.0,6,309.410,-0.664,-353.875
1731.5,71.01,91.8,0.0,0.0,6,308.173,-0.681,-356.430
1731.5,71.17,91.9,0.0,-0.1,6,306.315,-0.708,-360.269
1745.7,71.29,91.9,0.0,-0.1,6,305.075,-0.727,-362.834
1745.7,71.45,91.9,0.0,-0.1,6,303.211,-0.756,-366.689
1745.7,71.56,92.0,0.0,-0.1,6,301.967,-0.776,-369.264
1745.7,71.71,92.0,0.0,-0.2,6,300.099,-0.807,-373.134
1760.0,71.88,92.1,0.0,-0.2,6,298.227,-0.839,-377.014
1760.0,71.98,92.1,0.0,-0.1,6,296.978,-0.861,-379.605
1760.0,72.14,92.1,0.0,-0.1,6,295.102,-0.894,-383.500
1760.0,72.25,92.2,0.0,-0.1,6,293.849,-0.917,-386.102
1774.4,72.40,92.2,0.0,-0.2,6,291.968,-0.949,-390.012
1774.4,72.50,92.2,0.0,-0.2,6,290.712,-0.970,-392.623
1774.4,72.66,92.3,0.0,0.0,6,288.824,-1.003,-396.547
1774.4,72.76,92.3,0.0,0.2,6,287.565,-1.025,-399.168
1788.9,72.91,92.3,0.0,0.3,6,285.672,-1.060,-403.107
1788.9,73.01,92.4,0.0,0.1,6,284.409,-1.083,-405.737
1788.9,73.15,92.4,0.0,0.0,6,282.509,-1.113,-409.689
1788.9,73.25,92.4,0.0,0.0,6,281.240,-1.131,-412.327
1803.5,73.41,92.5,0.0,0.3,6,279.332,-1.159,-416.291
1803.5,73.50,92.5,0.0,0.4,6,278.057,-1.178,-418.938
1803.5,73.65,92.5,0.0,0.4,6,276.142,-1.206,-422.915
1818.2,73.80,92.6,0.0,0.1,6,274.220,-1.235,-426.899
1818.2,73.89,92.6,0.0,0.1,6,272.936,-1.255,-429.558
1818.2,74.04,92.6,0.0,0.1,6,271.003,-1.285,-433.553
1818.2,74.13,92.6,0.0,0.2,6,269.712,-1.306,-436.220
1833.0,74.27,92.7,0.0,0.2,6,267.769,-1.336,-440.225
1833.0,74.36,92.7,0.0,0.3,6,266.470,-1.355,-442.898
1833.0,74.50,92.7,0.0,0.4,6,264.516,-1.384,-446.914
1833.0,74.60,92.8,0.0,0.4,6,263.209,-1.403,-449.594
1847.9,74.73,92.8,0.0,0.3,6,261.243,-1.431,-453.619
1847.9,74.82,92.8,0.0,0.2,6,259.928,-1.449,-456.305
1847.9,74.96,92.8,0.0,0.2,6,257.948,-1.475,-460.339
1847.9,75.05,92.9,0.0,0.3,6,256.624,-1.492,-463.031
1862.9,75.18,92.9,0.0,0.4,6,254.631,-1.520,-467.073
1862.9,75.32,93.0,0.0,0.4,6,252.631,-1.547,-471.120
1862.9,75.40,93.0,0.0,0.4,6,251.292,-1.564,-473.821
1862.9,75.54,93.0,0.0,0.3,6,249.278,-1.591,-477.876
1878.0,75.62,93.0,0.0,0.3,6,247.930,-1.608,-480.582
1878.0,75.75,93.1,0.0,0.3,6,245.901,-1.633,-484.644
1878.0,75.83,93.1,0.0,0.3,6,244.544,-1.649,-487.355
1878.0,75.97,93.1,0.0,0.2,6,242.502,-1.673,-491.425
1893.2,76.05,93.2,0.0,0.3,6,241.136,-1.688,-494.141
1893.2,76.18,93.2,0.0,0.3,6,239.081,-1.710,-498.219
1893.2,76.26,93.2,0.0,0.2,6,237.708,-1.725,-500.941
1893.2,76.38,93.2,0.0,0.3,6,235.642,-1.749,-505.027
1908.4,76.46,93.3,0.0,0.3,6,234.261,-1.765,-507.754
1908.4,76.58,93.3,0.0,0.3,6,232.184,-1.788,-511.848
1908.4,76.66,93.3,0.0,0.2,6,230.796,-1.804,-514.580
1908.4,76.77,93.4,0.0,0.2,6,228.709,-1.828,-518.682
1923.8,76.90,93.4,0.0,0.2,6,226.615,-1.853,-522.789
1923.8,76.97,93.4,0.0,0.2,6,225.216,-1.870,-525.530
1923.8,77.09,93.4,0.0,0.1,6,223.112,-1.894,-529.645
1923.8,77.16,93.5,0.0,-0.0,6,221.707,-1.907,-532.391
1939.2,77.29,93.5,0.0,-0.2,6,219.595,-1.929,-536.515
1939.2,77.36,93.5,0.0,-0.2,6,218.184,-1.946,-539.267
1939.2,77.48,93.5,0.0,-0.3,6,216.066,-1.974,-543.401
1939.2,77.56,93.5,0.0,-0.5,6,214.653,-1.997,-546.161
1954.7,77.67,93.5,0.0,-0.6,6,212.533,-2.036,-550.307
1954.7,77.75,93.6,0.0,-0.4,6,211.119,-2.063,-553.075
1954.7,77.85,93.6,0.0,-0.3,6,209.001,-2.108,-557.234
1954.7,77.92,93.6,0.0,-0.5,6,207.590,-2.139,-560.011
1970.2,78.03,93.7,0.0,-0.6,6,205.475,-2.187,-564.184
1970.2,78.11,93.7,0.0,-0.6,6,204.067,-2.221,-566.971
1970.2,78.21,93.7,0.0,-0.4,6,201.958,-2.271,-571.159
1970.2,78.28,93.7,0.0,-0.4,6,200.554,-2.306,-573.956
1985.8,78.39,93.7,0.0,-0.4,6,198.451,-2.358,-578.159
1985.8,78.50,93.7,0.0,-0.4,6,196.352,-2.412,-582.372
1985.8,78.50,0.0,0.0,-0.4,0,194.955,-2.449,-585.184
1985.8,78.44,93.1,0.0,-0.3,7,192.867,-2.502,-589.402
2001.5,78.51,93.1,0.0,-0.2,7,191.477,-2.536,-592.216
2001.5,78.62,93.1,0.0,-0.0,7,189.394,-2.592,-596.444
2001.5,78.69,93.1,0.0,0.1,7,188.005,-2.631,-599.266
2001.5,78.79,93.1,0.0,0.3,7,185.920,-2.687,-603.505
2017.2,78.86,93.2,0.0,0.5,7,184.529,-2.725,-606.334
2017.2,78.96,93.2,0.0,0.8,7,182.438,-2.780,-610.581
2017.2,79.02,93.2,0.0,1.0,7,181.041,-2.814,-613.414
2017.2,79.12,93.2,0.0,0.9,7,178.937,-2.867,-617.666
2033.0,79.19,93.2,0.0,0.9,7,177.528,-2.902,-620.501
2033.0,79.28,93.3,0.0,0.9,7,175.403,-2.951,-624.754
2033.0,79.38,93.3,0.0,1.0,7,173.263,-2.993,-629.005
2033.0,79.44,93.3,0.0,1.0,7,171.828,-3.020,-631.838
2048.9,79.53,93.3,0.0,0.9,7,169.662,-3.059,-636.087
2048.9,79.60,93.3,0.0,0.8,7,168.209,-3.082,-638.919
2048.9,79.69,93.3,0.0,0.8,7,166.017,-3.115,-643.165
2048.9,79.75,93.4,0.0,0.8,7,164.547,-3.135,-645.995
2064.8,79.84,93.4,0.0,0.8,7,162.331,-3.161,-650.239
2064.8,79.90,93.4,0.0,0.8,7,160.847,-3.175,-653.067
2064.8,79.99,93.4,0.0,0.8,7,158.609,-3.192,-657.310
2064.8,80.05,93.4,0.0,0.6,7,157.111,-3.199,-660.138
2080.8,80.14,93.4,0.0,0.3,7,154.853,-3.207,-664.380
2080.8,80.19,93.5,0.0,0.3,7,153.341,-3.210,-667.208
2080.8,80.28,93.5,0.0,0.5,7,151.065,-3.211,-671.449
2080.8,80.34,93.5,0.0,0.9,7,149.542,-3.210,-674.278
2096.8,80.42,93.5,0.0,1.3,7,147.248,-3.203,-678.520
2096.8,80.50,93.5,0.0,1.9,7,144.941,-3.193,-682.761
2096.8,80.56,93.5,0.0,1.3,7,143.394,-3.184,-685.586
2112.8,80.64,93.5,0.0,1.6,7,141.058,-3.167,-689.820
2112.8,80.69,93.6,0.0,1.7,7,139.488,-3.153,-692.639
2112.8,80.77,93.6,0.0,1.4,7,137.117,-3.126,-696.862
2112.8,80.82,93.6,0.0,1.3,7,135.526,-3.105,-699.675
2128.9,80.90,93.6,0.0,0.7,7,133.124,-3.071,-703.890
2128.9,80.95,93.6,0.0,0.8,7,131.514,-3.045,-706.697
2128.9,81.03,93.6,0.0,1.2,7,129.087,-3.003,-710.906
2128.9,81.07,93.6,0.0,1.7,7,127.460,-2.972,-713.710
2145.1,81.15,93.7,0.0,2.3,7,125.008,-2.918,-717.913
2145.1,81.19,93.7,0.0,2.2,7,123.364,-2.880,-720.712
2145.1,81.27,93.7,0.0,2.0,7,120.880,-2.817,-724.905
2145.1,81.29,67.9,19.8,1.9,7,119.210,-2.771,-727.694
2161.3,80.65,0.0,66.5,1.5,7,116.692,-2.697,-731.854
2161.3,79.86,0.0,81.4,1.7,7,115.017,-2.643,-734.595
2161.3,78.49,0.0,89.3,1.5,7,112.522,-2.556,-738.640
2161.3,77.06,0.0,91.4,0.9,7,110.052,-2.466,-742.601
2176.9,76.08,0.0,91.5,0.6,7,108.420,-2.404,-745.194
2176.9,74.63,0.0,91.7,0.6,7,105.994,-2.311,-749.012
2176.9,73.67,0.0,91.4,1.1,7,104.393,-2.249,-751.509
2176.9,72.24,29.9,91.9,2.0,0,102.014,-2.158,-755.185
2191.7,71.33,0.0,95.7,2.4,6,100.442,-2.098,-757.589
2191.7,69.91,0.0,96.3,2.7,6,98.106,-2.015,-761.126
2191.7,68.83,0.0,91.3,1.2,6,96.565,-1.967,-763.437
2191.7,67.40,0.0,87.7,-1.0,6,94.271,-1.889,-766.820
2205.4,66.02,0.0,90.7,-0.5,6,91.990,-1.812,-770.113
2205.4,64.63,34.5,91.0,-0.6,0,89.729,-1.738,-773.316
2205.4,63.70,0.0,90.2,0.2,5,88.232,-1.688,-775.402
2205.4,62.31,0.0,90.6,1.9,5,86.006,-1.613,-778.460
2218.2,61.39,0.0,90.5,2.2,5,84.537,-1.565,-780.452
2218.2,60.01,0.0,89.9,1.6,5,82.355,-1.495,-783.371
2218.2,59.10,0.0,90.2,2.0,5,80.916,-1.451,-785.270
2218.2,57.73,0.0,89.9,1.9,5,78.779,-1.388,-788.050
2230.0,56.83,0.0,87.1,2.4,5,77.369,-1.348,-789.857
2230.0,55.52,0.0,82.0,3.4,5,75.274,-1.289,-792.499
2230.0,54.28,28.4,87.8,5.1,0,73.198,-1.235,-795.059
2230.0,53.43,0.0,87.0,5.4,4,71.823,-1.200,-796.719
2241.0,52.16,0.0,72.5,4.7,4,69.775,-1.148,-799.138
2241.0,51.41,0.0,60.9,3.7,4,68.416,-1.115,-800.702
2241.0,50.49,0.0,32.7,1.6,4,66.379,-1.066,-802.981
2241.0,50.04,0.0,21.5,-0.2,4,65.013,-1.033,-804.457
2251.1,49.54,0.0,12.0,-1.1,4,62.944,-0.984,-806.611
2251.1,49.29,0.0,9.9,0.2,4,61.547,-0.952,-808.009
2251.1,48.96,0.0,7.3,4.6,4,59.422,-0.903,-810.052
2251.1,48.77,0.0,6.6,8.4,4,57.987,-0.870,-811.380
2260.8,48.50,0.0,5.0,14.1,4,55.810,-0.820,-813.322
2260.8,48.33,0.0,4.7,16.7,4,54.343,-0.787,-814.586
2260.8,48.09,0.0,3.6,18.5,4,52.121,-0.738,-816.439
2260.8,47.93,0.0,3.5,18.2,4,50.626,-0.705,-817.643
2270.4,47.69,0.0,2.6,16.5,4,48.357,-0.657,-819.399
2270.4,47.46,0.0,1.6,15.1,4,46.058,-0.608,-821.091
2270.4,47.32,0.0,0.4,14.7,4,44.509,-0.576,-822.183
2279.9,47.11,3.2,0.0,15.4,4,42.160,-0.529,-823.766
2279.9,46.99,7.4,0.0,15.7,4,40.578,-0.498,-824.785
2279.9,46.83,9.2,0.0,17.0,4,38.179,-0.451,-826.256
2279.9,46.73,10.9,0.0,17.9,4,36.563,-0.420,-827.199
2289.6,46.57,7.1,0.0,19.6,4,34.116,-0.372,-828.558
2289.6,46.47,8.6,0.0,20.2,4,32.470,-0.341,-829.425
2289.6,46.29,3.9,0.0,21.0,4,29.981,-0.294,-830.670
2289.6,46.17,7.7,0.0,20.7,4,28.310,-0.263,-831.461
2299.0,46.00,7.8,0.0,19.8,4,25.785,-0.216,-832.589
2299.0,45.90,10.4,0.0,19.2,4,24.090,-0.184,-833.299
2299.0,45.72,6.8,0.0,18.5,4,21.531,-0.136,-834.303
2299.0,45.62,7.7,0.0,18.7,4,19.816,-0.103,-834.931
2308.6,45.44,2.9,0.2,20.0,4,17.231,-0.056,-835.814
2308.6,45.24,5.6,0.0,21.5,4,14.635,-0.011,-836.625
2308.6,45.12,6.7,0.0,21.8,4,12.898,0.019,-837.125
2308.6,44.95,8.0,0.0,20.8,4,10.285,0.064,-837.813
2318.1,44.83,6.1,0.0,19.9,4,8.539,0.096,-838.229
2318.1,44.65,5.4,0.0,18.9,4,5.914,0.143,-838.791
2318.1,44.53,3.3,0.0,18.2,4,4.162,0.174,-839.125
2318.1,44.34,2.3,0.1,17.4,4,1.532,0.220,-839.566
2327.4,44.21,3.3,0.0,16.9,4,-0.220,0.250,-839.820
2327.4,44.02,1.3,0.1,16.7,4,-2.848,0.293,-840.141
2327.4,43.90,2.5,0.0,17.8,4,-4.598,0.322,-840.317
2327.4,43.72,2.4,0.0,17.1,4,-7.218,0.362,-840.522
2336.8,43.60,3.5,0.0,15.3,4,-8.962,0.389,-840.620
2336.8,43.42,0.1,0.5,14.5,4,-11.571,0.427,-840.712
2336.8,43.35,27.1,0.0,14.9,4,-13.306,0.452,-840.737
2336.8,43.46,66.9,0.0,15.2,4,-15.908,0.487,-840.722
2346.1,43.59,50.6,8.3,15.4,4,-17.648,0.509,-840.679
2346.1,43.30,0.0,25.8,16.4,0,-20.256,0.540,-840.565
2346.1,42.86,0.0,8.0,15.8,3,-22.835,0.568,-840.394
2346.1,42.68,17.1,0.0,14.4,3,-24.540,0.585,-840.249
2355.3,42.84,79.8,0.0,13.6,3,-27.088,0.608,-839.980
2355.3,43.09,83.9,0.0,14.3,3,-28.793,0.621,-839.768
2355.3,43.47,81.1,0.0,15.8,3,-31.363,0.639,-839.400
2355.3,43.71,81.9,0.0,16.8,3,-33.083,0.650,-839.120
2364.6,44.08,85.0,0.0,18.3,3,-35.673,0.666,-838.646
2364.6,44.33,84.1,0.0,19.0,3,-37.405,0.677,-838.294
2364.6,44.68,83.0,0.0,18.9,3,-40.009,0.694,-837.708
2364.6,44.90,77.6,0.0,18.9,3,-41.749,0.705,-837.280
2373.7,45.18,68.7,0.0,18.7,3,-44.358,0.721,-836.581
2373.7,45.34,68.3,0.0,19.0,3,-46.097,0.730,-836.076
2373.7,45.59,73.6,0.0,20.2,3,-48.700,0.741,-835.262
2373.7,45.87,75.7,0.0,20.5,3,-51.296,0.751,-834.377
2383.4,46.06,76.2,0.0,20.7,3,-53.023,0.758,-833.746
2383.4,46.34,77.8,0.0,21.3,3,-55.605,0.767,-832.741
2383.4,46.53,79.6,0.0,21.7,3,-57.320,0.773,-832.031
2383.4,46.83,83.8,0.0,21.9,3,-59.885,0.778,-830.908
2393.1,47.04,86.6,0.0,21.8,3,-61.589,0.779,-830.121
2393.1,47.37,87.1,0.0,21.6,3,-64.134,0.779,-828.881
2393.1,47.57,87.4,0.0,21.6,3,-65.823,0.779,-828.013
2393.1,47.88,82.4,0.0,22.1,3,-68.341,0.777,-826.651
2402.8,48.04,77.4,0.0,22.6,3,-70.008,0.774,-825.703
2402.8,48.27,75.6,0.0,23.7,3,-72.489,0.768,-824.222
2402.8,48.43,79.5,0.0,24.7,3,-74.128,0.763,-823.196
2402.8,48.68,81.9,0.0,26.4,3,-76.562,0.754,-821.596
2412.5,48.85,78.8,0.0,27.2,3,-78.168,0.747,-820.491
2412.5,49.05,65.5,0.0,28.9,3,-80.553,0.735,-818.776
2412.5,49.09,29.7,0.0,30.3,3,-82.899,0.721,-816.996
2412.5,49.04,37.4,0.0,32.1,3,-84.437,0.711,-815.776
2422.2,49.13,68.9,0.0,34.8,3,-86.704,0.694,-813.898
2422.2,49.25,68.3,0.0,35.8,3,-88.193,0.682,-812.613
2422.2,49.39,61.0,0.0,36.5,3,-90.394,0.661,-810.634
2422.2,49.49,67.1,0.0,37.3,3,-91.837,0.646,-809.284
2431.8,49.45,0.0,0.0,37.7,0,-93.965,0.621,-807.211
2431.8,49.35,17.5,0.0,36.7,4,-95.351,0.604,-805.802
2431.8,49.18,13.4,0.0,34.7,4,-97.376,0.579,-803.649
2431.8,49.07,13.4,0.0,33.6,4,-98.691,0.562,-802.188
2441.3,48.90,13.3,0.0,31.2,4,-100.609,0.535,-799.961
2441.3,48.89,59.3,0.0,29.2,4,-101.852,0.515,-798.452
2441.3,49.11,85.6,0.0,26.4,4,-103.672,0.485,-796.145
2441.3,49.29,87.0,0.0,25.2,4,-104.857,0.464,-794.574
2450.6,49.58,87.1,0.0,23.5,4,-106.597,0.429,-792.173
2450.6,49.87,87.3,0.0,22.0,4,-108.287,0.392,-789.716
2450.6,50.04,87.5,0.0,21.8,4,-109.389,0.364,-788.049
2460.3,50.18,41.1,0.0,18.5,4,-111.002,0.318,-785.514
2460.3,50.23,54.5,0.0,13.1,4,-112.049,0.282,-783.801
2460.3,50.43,79.6,0.0,3.4,4,-113.569,0.227,-781.193
2460.3,50.58,85.2,0.0,-1.5,4,-114.553,0.187,-779.429
2470.2,50.83,74.5,0.0,-9.2,4,-115.984,0.130,-776.746
2470.2,51.01,87.2,0.0,-11.9,4,-116.912,0.090,-774.934
2470.2,51.32,88.2,0.0,-12.2,4,-118.274,0.021,-772.186
2470.2,51.58,88.0,0.0,-11.9,4,-119.166,-0.030,-770.332
2480.6,51.94,88.1,0.0,-8.5,4,-120.484,-0.112,-767.523
2480.6,52.15,88.2,0.0,-4.5,4,-121.359,-0.169,-765.636
2480.6,52.45,88.4,0.0,-0.7,4,-122.685,-0.253,-762.794
2480.6,52.73,88.4,0.0,0.7,4,-123.583,-0.310,-760.893
2491.2,53.05,88.7,0.0,-0.1,4,-124.950,-0.403,-758.033
2491.2,53.39,88.7,0.0,-2.9,4,-126.340,-0.501,-755.159
2491.2,53.64,88.8,0.0,-4.1,4,-127.281,-0.569,-753.238
2491.2,53.96,88.9,0.0,-4.3,4,-128.714,-0.667,-750.349
2502.1,54.19,89.0,0.0,-3.9,4,-129.684,-0.732,-748.418
2502.1,54.52,89.1,0.0,-4.8,4,-131.165,-0.833,-745.515
2502.1,54.73,89.2,0.0,-4.2,4,-132.170,-0.901,-743.577
2502.1,55.06,89.4,0.0,-4.0,4,-133.706,-1.002,-740.666
2513.3,55.26,89.5,0.0,-3.6,4,-134.749,-1.068,-738.724
2513.3,55.59,89.5,0.0,-3.8,4,-136.341,-1.170,-735.808
2513.3,55.77,89.6,0.0,-3.3,4,-137.421,-1.242,-733.861
2513.3,56.13,89.7,0.0,-2.1,4,-139.066,-1.363,-730.938
2524.8,56.32,89.8,0.0,-2.2,4,-140.181,-1.445,-728.987
2524.8,56.61,89.9,0.0,-1.8,4,-141.878,-1.574,-726.057
2524.8,56.85,89.9,0.0,-3.4,4,-143.024,-1.665,-724.101
2524.8,57.17,90.0,0.0,-2.8,4,-144.767,-1.807,-721.162
2536.3,57.48,90.1,0.0,-3.2,4,-146.541,-1.951,-718.220
2536.3,57.68,90.2,0.0,-2.8,4,-147.740,-2.047,-716.256
2536.3,57.99,90.3,0.0,-1.8,4,-149.563,-2.192,-713.308
2536.3,58.19,90.4,0.0,-2.8,4,-150.794,-2.290,-711.340
2547.9,58.49,90.5,0.0,-3.8,4,-152.663,-2.437,-708.385
2547.9,58.68,90.6,0.0,-3.8,4,-153.927,-2.533,-706.414
2547.9,58.98,90.7,0.0,-3.1,4,-155.849,-2.673,-703.458
2547.9,59.17,90.8,0.0,-2.8,4,-157.148,-2.763,-701.487
2559.8,59.36,0.0,0.0,-1.6,0,-159.122,-2.896,-698.530
2559.8,59.33,89.5,0.0,-0.8,5,-160.449,-2.983,-696.565
2559.8,59.60,89.5,0.0,-0.8,5,-162.459,-3.110,-693.620
2559.8,59.78,89.6,0.0,-1.2,5,-163.810,-3.193,-691.654
2571.8,60.05,89.7,0.0,-1.5,5,-165.853,-3.309,-688.699
2571.8,60.22,89.8,0.0,-1.5,5,-167.225,-3.382,-686.725
2571.8,60.48,89.9,0.0,-1.3,5,-169.298,-3.483,-683.759
2571.8,60.73,90.0,0.0,-1.3,5,-171.391,-3.575,-680.788
2584.0,60.90,90.0,0.0,-1.2,5,-172.798,-3.630,-678.804
2584.0,61.24,90.1,0.0,-1.0,5,-175.636,-3.723,-674.829
2584.0,61.40,90.2,0.0,-1.0,5,-177.068,-3.760,-672.839
2596.3,61.65,90.3,0.0,-1.1,5,-179.232,-3.806,-669.849
2596.3,61.82,90.3,0.0,-1.1,5,-180.684,-3.831,-667.852
2596.3,62.06,90.4,0.0,-1.0,5,-182.877,-3.863,-664.853
2596.3,62.23,90.4,0.0,-0.9,5,-184.348,-3.881,-662.850
2608.8,62.47,90.5,0.0,-0.9,5,-186.569,-3.906,-659.840
2608.8,62.63,90.6,0.0,-1.0,5,-188.059,-3.922,-657.831
2608.8,62.87,90.6,0.0,-1.0,5,-190.307,-3.943,-654.811
2608.8,63.02,90.7,0.0,-0.9,5,-191.814,-3.955,-652.795
2621.3,63.26,90.8,0.0,-0.8,5,-194.088,-3.971,-649.766
2621.3,63.41,90.8,0.0,-0.7,5,-195.613,-3.979,-647.743
2621.3,63.64,90.9,0.0,-0.8,5,-197.913,-3.988,-644.704
2621.3,63.87,91.0,0.0,-0.9,5,-200.228,-3.994,-641.659
2634.0,64.02,91.0,0.0,-0.9,5,-201.780,-3.995,-639.626
2634.0,64.24,91.1,0.0,-0.8,5,-204.119,-3.994,-636.572
2634.0,64.39,91.1,0.0,-0.7,5,-205.687,-3.990,-634.533
2634.0,64.60,91.2,0.0,-0.8,5,-208.051,-3.977,-631.469
2646.8,64.75,91.2,0.0,-0.9,5,-209.636,-3.966,-629.424
2646.8,64.96,91.3,0.0,-1.1,5,-212.025,-3.944,-626.353
2646.8,65.11,91.3,0.0,-1.4,5,-213.626,-3.930,-624.303
2646.8,65.33,91.4,0.0,-1.7,5,-216.041,-3.907,-621.224
2659.8,65.46,91.4,0.0,-2.1,5,-217.661,-3.892,-619.171
2659.8,65.67,91.5,0.0,-2.4,5,-220.107,-3.871,-616.089
2659.8,65.82,91.5,0.0,-2.3,5,-221.748,-3.858,-614.035
2659.8,66.03,91.6,0.0,-1.5,5,-224.229,-3.843,-610.955
2672.9,66.16,91.6,0.0,-1.7,5,-225.894,-3.836,-608.901
2672.9,66.37,91.7,0.0,-1.7,5,-228.410,-3.831,-605.823
2672.9,66.51,91.7,0.0,-1.6,5,-230.098,-3.830,-603.771
2672.9,66.71,91.8,0.0,-1.3,5,-232.648,-3.834,-600.694
2686.2,66.79,36.4,25.8,-1.2,5,-235.216,-3.844,-597.618
2686.2,66.48,0.0,50.2,-1.2,5,-236.931,-3.853,-595.575
2686.2,65.52,0.0,76.9,-1.0,5,-239.488,-3.872,-592.546
2686.2,64.71,0.0,84.4,-0.6,5,-241.174,-3.888,-590.559
2699.4,63.40,0.0,88.3,0.1,5,-243.669,-3.916,-587.631
2699.4,62.51,0.0,89.7,0.0,5,-245.308,-3.937,-585.718
2699.4,61.15,0.0,90.5,0.1,5,-247.729,-3.972,-582.903
2699.4,60.22,0.0,89.9,0.1,5,-249.316,-3.998,-581.064
2711.8,58.88,0.0,90.3,0.1,5,-251.657,-4.037,-578.362
2711.8,57.97,0.0,90.3,0.2,5,-253.192,-4.064,-576.597
2711.8,56.63,0.0,90.3,0.5,5,-255.453,-4.103,-574.004
2711.8,55.73,0.0,90.5,0.4,5,-256.934,-4.130,-572.312
2723.2,54.40,44.8,90.9,0.3,0,-259.115,-4.170,-569.827
2723.2,53.52,0.0,91.9,-0.1,4,-260.543,-4.196,-568.206
2723.2,52.18,0.0,91.6,-0.5,4,-262.644,-4.236,-565.827
2723.2,50.84,0.0,90.8,-1.2,4,-264.696,-4.276,-563.513
2733.8,49.95,0.0,90.7,-1.6,4,-266.037,-4.303,-562.006
2733.8,48.64,0.0,91.1,-2.3,4,-268.011,-4.344,-559.800
2733.8,47.73,0.0,90.0,-2.6,4,-269.301,-4.371,-558.366
2733.8,46.42,0.0,90.2,-2.4,4,-271.198,-4.408,-556.271
2743.4,45.56,44.5,90.0,-2.3,0,-272.440,-4.432,-554.911
2743.4,44.30,0.0,90.1,-1.9,3,-274.270,-4.466,-552.928
2743.4,43.46,0.0,89.1,-1.5,3,-275.468,-4.488,-551.643
2743.4,42.18,0.0,87.4,-1.2,3,-277.231,-4.520,-549.772
2752.2,41.37,0.0,86.8,-0.7,3,-278.385,-4.541,-548.561
2752.2,40.17,0.0,85.6,0.5,0,-280.087,-4.572,-546.802
2752.2,39.38,46.0,84.7,1.1,0,-281.204,-4.592,-545.667
2752.2,38.24,0.0,83.7,0.7,2,-282.857,-4.620,-544.023
2760.1,37.46,0.0,77.2,0.3,2,-283.942,-4.637,-542.966
2760.1,36.37,0.0,67.7,0.4,2,-285.545,-4.663,-541.435
2760.1,35.36,0.0,61.6,2.0,2,-287.124,-4.687,-539.971
2760.1,34.74,0.0,59.6,3.6,2,-288.166,-4.703,-539.031
2767.3,33.83,0.0,57.1,4.4,2,-289.715,-4.727,-537.675
2767.3,33.24,0.0,57.6,4.2,2,-290.739,-4.742,-536.806
2767.3,32.35,0.0,58.6,3.2,2,-292.260,-4.764,-535.556
2767.3,31.75,0.0,58.5,2.3,2,-293.265,-4.778,-534.758
2773.8,30.85,0.0,55.0,2.8,2,-294.756,-4.798,-533.613
2773.8,30.28,0.0,49.1,-0.4,2,-295.738,-4.811,-532.883
2773.8,29.51,0.0,41.5,-3.0,2,-297.198,-4.828,-531.841
2773.8,29.04,0.0,38.4,0.1,2,-298.166,-4.839,-531.180
2779.7,28.40,0.0,36.5,-11.2,2,-299.609,-4.855,-530.237
2779.7,28.00,0.0,35.8,-16.3,2,-300.567,-4.864,-529.640
2779.7,27.44,49.6,35.7,-20.5,0,-301.997,-4.877,-528.790
2785.0,26.83,0.0,37.2,-14.2,1,-303.417,-4.888,-527.991
2785.0,26.42,0.0,35.1,-11.7,1,-304.355,-4.895,-527.485
2785.0,25.85,0.0,29.7,-10.8,1,-305.747,-4.905,-526.761
2785.0,25.51,0.0,25.6,-12.0,1,-306.665,-4.911,-526.300
2790.2,25.03,0.0,24.2,-14.7,1,-308.031,-4.919,-525.639
2790.2,24.74,0.0,18.6,-18.5,1,-308.935,-4.923,-525.220
2790.2,24.40,0.0,11.3,-23.9,1,-310.283,-4.928,-524.622
2790.2,24.21,0.0,11.2,-26.7,1,-311.179,-4.931,-524.246
2795.6,23.93,0.0,9.0,-30.8,1,-312.524,-4.934,-523.717
2795.6,23.76,0.0,9.0,-35.9,1,-313.420,-4.935,-523.389
2795.6,23.48,0.0,8.2,-38.0,1,-314.765,-4.934,-522.940
2795.6,23.31,0.0,6.5,-37.9,1,-315.661,-4.933,-522.670
2801.4,23.06,0.0,6.8,-38.3,1,-317.006,-4.930,-522.311
2801.4,22.89,0.0,8.1,-38.5,1,-317.901,-4.926,-522.104
2801.4,22.62,4.4,0.7,-45.5,1,-319.241,-4.915,-521.843
2801.4,22.61,35.0,0.0,-46.7,1,-320.581,-4.903,-521.639
2807.1,22.78,48.2,0.0,-47.1,1,-321.480,-4.901,-521.526
2807.1,22.98,59.2,0.0,-47.4,1,-322.846,-4.897,-521.399
2807.1,23.10,42.5,0.0,-44.0,1,-323.768,-4.891,-521.349
2807.1,23.26,21.6,0.0,-38.4,1,-325.157,-4.889,-521.312
2812.7,23.21,2.3,7.8,-34.6,1,-326.087,-4.891,-521.313
2812.7,22.93,0.0,3.6,-28.5,1,-327.472,-4.898,-521.361
2812.7,22.73,0.1,0.1,-25.0,1,-328.382,-4.893,-521.436
2812.7,22.57,5.8,0.0,-19.8,1,-329.732,-4.885,-521.598
2817.9,22.48,9.2,0.0,-15.6,1,-330.622,-4.880,-521.739
2817.9,22.40,11.4,0.0,-13.9,1,-331.943,-4.872,-521.997
2817.9,22.38,24.6,0.0,-18.3,1,-332.815,-4.866,-522.200
2817.9,22.56,43.6,0.0,-26.0,1,-334.115,-4.857,-522.551
2822.7,22.88,55.8,0.0,-32.5,1,-335.415,-4.846,-522.955
2822.7,23.14,61.4,0.0,-36.5,1,-336.286,-4.838,-523.251
2822.7,23.62,75.1,0.0,-40.8,1,-337.601,-4.824,-523.735
2822.7,23.97,74.0,0.0,-40.6,1,-338.486,-4.814,-524.085
2827.5,24.42,58.2,0.0,-36.0,1,-339.820,-4.796,-524.654
2827.5,24.68,60.1,0.0,-32.1,1,-340.711,-4.784,-525.065
2827.5,25.10,62.0,0.0,-29.3,1,-342.049,-4.764,-525.728
2827.5,25.35,52.3,0.0,-27.9,1,-342.939,-4.750,-526.201
2832.6,25.70,56.5,0.0,-22.3,1,-344.269,-4.729,-526.957
2832.6,25.96,60.4,0.0,-17.5,1,-345.152,-4.715,-527.492
2832.6,26.39,61.4,0.0,-8.8,1,-346.473,-4.693,-528.339
2832.6,26.73,70.7,0.0,-1.7,1,-347.354,-4.679,-528.932
2837.8,27.32,79.7,0.0,7.4,1,-348.683,-4.657,-529.857
2837.8,27.76,79.4,0.0,9.8,1,-349.581,-4.642,-530.494
2837.8,28.33,59.5,0.0,13.7,1,-350.948,-4.620,-531.474
2837.8,28.54,41.3,0.0,15.1,1,-351.875,-4.604,-532.134
2843.3,28.67,23.4,0.0,17.5,1,-353.284,-4.581,-533.115
2843.3,28.72,26.2,0.0,13.6,1,-354.713,-4.560,-534.074
2843.3,28.80,32.0,0.0,13.8,1,-355.676,-4.546,-534.702
2843.3,28.96,36.8,0.0,20.5,1,-357.141,-4.527,-535.626
2849.0,29.09,40.1,0.0,25.5,1,-358.133,-4.515,-536.229
2849.0,29.25,32.0,0.0,31.1,1,-359.647,-4.498,-537.107
2849.0,29.29,24.7,0.0,33.2,1,-360.672,-4.488,-537.672
2849.0,29.26,16.1,0.0,34.2,1,-362.233,-4.474,-538.479
2855.1,29.25,20.8,0.0,33.6,1,-363.287,-4.466,-538.988
2855.1,29.23,16.0,0.0,31.8,1,-364.887,-4.456,-539.708
2855.1,29.16,9.7,0.0,31.7,1,-365.966,-4.450,-540.155
2855.1,29.04,14.4,0.0,32.5,1,-367.597,-4.442,-540.777
2861.2,28.99,13.9,0.0,33.7,1,-368.694,-4.438,-541.158
2861.2,28.87,5.9,0.0,34.2,1,-370.350,-4.433,-541.678
2861.2,28.80,16.5,0.0,34.7,1,-371.460,-4.432,-541.991
2861.2,28.87,40.1,0.0,36.8,1,-373.136,-4.431,-542.410
2867.6,29.08,52.1,0.0,38.3,1,-374.834,-4.434,-542.775
2867.6,29.27,58.5,0.0,36.7,1,-375.981,-4.437,-542.988
2867.6,29.51,64.7,0.0,29.5,1,-377.725,-4.436,-543.252
2867.6,29.72,85.5,0.0,25.5,0,-378.901,-4.436,-543.396
2875.1,29.70,27.6,0.0,19.8,2,-380.677,-4.438,-543.565
2875.1,29.71,56.9,0.0,15.3,2,-381.863,-4.436,-543.635
2875.1,29.86,20.4,0.0,0.7,2,-383.648,-4.442,-543.702
2875.1,29.87,13.0,0.0,-10.0,2,-384.843,-4.448,-543.714
2882.0,29.79,12.5,0.0,-24.9,2,-386.632,-4.455,-543.681
2882.0,29.73,13.5,0.0,-20.7,2,-387.821,-4.460,-543.628
2882.0,29.77,47.7,0.0,-6.4,2,-389.600,-4.462,-543.495
2882.0,29.95,57.3,0.0,5.4,2,-390.787,-4.465,-543.372
2888.8,30.25,58.1,0.0,23.4,2,-392.577,-4.468,-543.135
2888.8,30.55,58.0,0.0,36.8,2,-394.377,-4.470,-542.843
2888.8,30.73,59.2,0.0,41.8,2,-395.582,-4.472,-542.622
2896.1,31.02,60.2,0.0,44.0,2,-397.395,-4.472,-542.246
2896.1,31.20,60.2,0.0,42.9,2,-398.607,-4.473,-541.964
2896.1,31.45,54.1,0.0,37.3,2,-400.425,-4.475,-541.489
2896.1,31.59,43.8,0.0,31.7,2,-401.636,-4.478,-541.138
2902.4,31.75,41.3,0.0,23.4,2,-403.445,-4.484,-540.560
2902.4,31.82,37.0,0.0,18.1,2,-404.645,-4.491,-540.139
2902.4,31.89,31.3,0.0,10.6,2,-406.430,-4.503,-539.456
2902.4,31.91,28.5,0.0,6.5,2,-407.608,-4.512,-538.967
2908.5,31.92,24.5,0.0,1.5,2,-409.355,-4.528,-538.184
2908.5,31.93,26.1,0.0,-0.5,2,-410.505,-4.541,-537.630
2908.5,32.01,42.0,0.0,-1.2,2,-412.210,-4.562,-536.752
2908.5,32.13,49.0,0.0,-0.4,2,-413.334,-4.578,-536.136
2914.6,32.42,64.9,0.0,1.8,2,-415.007,-4.603,-535.163
2914.6,32.85,73.6,0.0,6.3,2,-416.670,-4.629,-534.132
2914.6,33.17,80.5,0.0,10.3,2,-417.776,-4.647,-533.412
2914.6,33.69,82.6,0.0,15.9,2,-419.434,-4.675,-532.286
2921.0,34.03,82.1,0.0,19.3,2,-420.539,-4.694,-531.504
2921.0,34.53,81.0,0.0,21.6,2,-422.195,-4.723,-530.287
2921.0,34.85,81.6,0.0,21.3,2,-423.296,-4.742,-529.444
2921.0,35.35,82.9,0.0,20.1,2,-424.942,-4.769,-528.132
2927.7,35.68,83.9,0.0,18.5,2,-426.034,-4.786,-527.224
2927.7,36.19,85.7,0.0,17.2,2,-427.662,-4.811,-525.813
2927.7,36.51,85.9,0.0,17.4,2,-428.741,-4.826,-524.838
2927.7,37.02,78.2,0.0,11.5,2,-430.346,-4.849,-523.328
2934.9,37.31,83.0,0.0,8.5,2,-431.406,-4.863,-522.287
2934.9,37.81,86.3,0.0,6.4,2,-432.982,-4.883,-520.678
2934.9,38.15,86.3,0.0,5.5,2,-434.023,-4.896,-519.573
2934.9,38.64,86.6,0.0,4.4,2,-435.572,-4.915,-517.869
2942.4,39.16,86.5,0.0,6.1,2,-437.110,-4.933,-516.114
2942.4,39.50,86.6,0.0,8.6,2,-438.131,-4.945,-514.916
2942.4,39.98,84.7,0.0,12.1,2,-439.653,-4.961,-513.082
2942.4,40.41,73.2,0.0,14.7,2,-441.164,-4.976,-511.201
2950.1,40.62,72.6,0.0,14.7,2,-442.162,-4.988,-509.924
2950.1,41.00,84.1,0.0,12.6,2,-443.638,-5.006,-507.972
2950.1,41.16,0.0,0.0,11.2,0,-444.606,-5.016,-506.643
2950.1,41.20,85.4,0.0,9.3,3,-446.020,-5.027,-504.620
2958.2,41.45,85.7,0.0,7.9,3,-446.942,-5.033,-503.248
2958.2,41.83,83.4,0.0,4.5,3,-448.301,-5.041,-501.152
2958.2,42.19,73.0,0.0,5.4,3,-449.629,-5.050,-499.011
2958.2,42.37,82.1,0.0,7.9,3,-450.495,-5.056,-497.559
2966.2,42.69,76.3,0.0,9.7,3,-451.756,-5.057,-495.341
2966.2,42.96,85.2,0.0,11.6,3,-452.577,-5.058,-493.838
2966.2,43.34,85.9,0.0,13.5,3,-453.784,-5.062,-491.548
2966.2,43.58,81.3,0.0,13.2,3,-454.568,-5.066,-489.996
2974.5,43.79,52.3,0.0,9.6,3,-455.706,-5.072,-487.635
2974.5,43.95,83.2,0.0,7.2,3,-456.439,-5.079,-486.043
2974.5,44.25,64.8,0.0,4.4,3,-457.500,-5.092,-483.620
2974.5,44.45,83.8,0.0,3.4,3,-458.180,-5.101,-481.982
2983.1,44.84,86.3,0.0,4.5,3,-459.160,-5.118,-479.490
2983.1,45.10,86.3,0.0,6.6,3,-459.787,-5.130,-477.805
2983.1,45.48,86.4,0.0,10.9,3,-460.688,-5.151,-475.241
2983.1,45.75,86.4,0.0,13.3,3,-461.263,-5.168,-473.510
2991.8,46.14,86.4,0.0,15.7,3,-462.084,-5.196,-470.880
2991.8,46.51,86.5,0.0,17.5,3,-462.857,-5.226,-468.211
2991.8,46.76,86.6,0.0,17.8,3,-463.344,-5.248,-466.411
3000.8,47.12,86.7,0.0,17.4,3,-464.031,-5.283,-463.680
3000.8,47.36,86.7,0.0,16.9,3,-464.458,-5.307,-461.840
3000.8,47.70,86.9,0.0,16.0,3,-465.052,-5.346,-459.051
3000.8,47.92,86.9,0.0,14.8,3,-465.414,-5.374,-457.174
3010.1,48.25,87.0,0.0,12.4,3,-465.905,-5.415,-454.331
3010.1,48.48,87.1,0.0,10.8,0,-466.196,-5.442,-452.419
3010.1,48.41,59.9,0.0,9.3,4,-466.572,-5.483,-449.536
3010.1,48.54,80.2,0.0,9.6,4,-466.781,-5.509,-447.610
3019.6,48.85,85.2,0.0,12.1,4,-467.038,-5.547,-444.700
3019.6,49.06,85.4,0.0,14.7,4,-467.173,-5.573,-442.748
3019.6,49.36,85.5,0.0,18.5,4,-467.323,-5.612,-439.800
3019.6,49.57,85.6,0.0,20.3,4,-467.388,-5.637,-437.822
3029.4,49.87,85.8,0.0,22.0,4,-467.434,-5.676,-434.840
3029.4,50.17,86.0,0.0,21.6,4,-467.415,-5.715,-431.839
3029.4,50.36,86.2,0.0,20.4,4,-467.365,-5.740,-429.830
3029.4,50.65,86.4,0.0,17.7,4,-467.230,-5.776,-426.803
3039.6,50.83,86.5,0.0,15.8,4,-467.099,-5.798,-424.778
3039.6,51.10,86.7,0.0,11.6,4,-466.839,-5.830,-421.732
3039.6,51.29,86.8,0.0,8.6,4,-466.622,-5.850,-419.696
3039.6,51.56,87.0,0.0,5.8,4,-466.231,-5.876,-416.637
3050.5,51.75,87.0,0.0,4.9,4,-465.928,-5.891,-414.593
3050.5,52.03,87.2,0.0,5.4,4,-465.409,-5.912,-411.524
3050.5,52.23,87.3,0.0,6.1,4,-465.023,-5.925,-409.476
3050.5,52.52,87.5,0.0,8.4,4,-464.386,-5.947,-406.400
3061.7,52.71,87.5,0.0,10.0,4,-463.927,-5.966,-404.346
3061.7,53.01,87.6,0.0,11.7,4,-463.189,-6.001,-401.263
3061.7,53.21,87.7,0.0,12.3,4,-462.658,-6.024,-399.206
3061.7,53.49,87.8,0.0,13.8,4,-461.800,-6.056,-396.123
3072.8,53.78,87.9,0.0,15.1,4,-460.871,-6.084,-393.042
3072.8,53.97,88.0,0.0,15.1,4,-460.211,-6.099,-390.991
3072.8,54.25,88.1,0.0,13.6,4,-459.164,-6.119,-387.920
3072.8,54.43,88.3,0.0,12.0,4,-458.429,-6.132,-385.875
3083.7,54.70,88.4,0.0,9.9,4,-457.269,-6.152,-382.813
3083.7,54.91,88.4,0.0,8.7,4,-456.459,-6.165,-380.777
3083.7,55.19,88.5,0.0,7.9,4,-455.187,-6.182,-377.730
3083.7,55.38,88.6,0.0,8.3,4,-454.301,-6.190,-375.704
3094.5,55.66,88.7,0.0,9.6,4,-452.920,-6.200,-372.673
3094.5,55.84,88.8,0.0,9.8,4,-451.968,-6.207,-370.657
3094.5,56.15,88.9,0.0,9.4,4,-450.495,-6.218,-367.638
3094.5,56.33,89.0,0.0,9.2,4,-449.482,-6.227,-365.629
3105.6,56.61,89.1,0.0,8.5,4,-447.918,-6.241,-362.624
3105.6,56.81,89.1,0.0,8.5,4,-446.845,-6.249,-360.627
3105.6,57.07,89.3,0.0,8.9,4,-445.189,-6.262,-357.639
3105.6,57.27,89.3,0.0,8.8,4,-444.056,-6.271,-355.653
3116.8,57.54,89.5,0.0,8.4,4,-442.310,-6.281,-352.685
3116.8,57.81,89.6,0.0,8.8,4,-440.509,-6.289,-349.731
3116.8,57.99,89.7,0.0,9.3,4,-439.281,-6.293,-347.768
3116.8,58.24,89.8,0.0,8.7,4,-437.394,-6.299,-344.836
3128.3,58.45,89.8,0.0,8.0,4,-436.110,-6.305,-342.888
3128.3,58.70,89.9,0.0,6.3,4,-434.140,-6.312,-339.978
3128.3,58.86,90.1,0.0,5.0,4,-432.797,-6.314,-338.050
3128.3,59.08,90.2,0.0,4.3,0,-430.741,-6.314,-335.170
3140.0,59.06,0.0,0.0,3.2,0,-429.346,-6.312,-333.261
3140.0,59.21,88.7,0.0,1.7,5,-427.227,-6.308,-330.419
3140.0,59.36,88.8,0.0,1.6,5,-425.793,-6.301,-328.531
3140.0,59.61,88.9,0.0,1.4,5,-423.617,-6.290,-325.703
3151.9,59.77,89.0,0.0,1.1,5,-422.151,-6.284,-323.818
3151.9,60.00,89.1,0.0,0.7,5,-419.935,-6.272,-320.991
3151.9,60.26,89.2,0.0,0.1,5,-417.701,-6.258,-318.159
3151.9,60.43,89.2,0.0,-0.4,5,-416.204,-6.248,-316.266
3163.9,60.67,89.3,0.0,-1.3,5,-413.949,-6.237,-313.418
3163.9,60.84,89.4,0.0,-1.5,5,-412.442,-6.229,-311.512
3163.9,61.08,89.5,0.0,-1.5,5,-410.176,-6.215,-308.642
3163.9,61.24,89.5,0.0,-1.1,5,-408.664,-6.206,-306.720
3176.2,61.47,89.6,0.0,-0.9,5,-406.395,-6.192,-303.821
3176.2,61.63,89.7,0.0,-0.9,5,-404.883,-6.182,-301.878
3176.2,61.87,89.8,0.0,-1.0,5,-402.615,-6.165,-298.949
3176.2,62.02,89.8,0.0,-1.0,5,-401.104,-6.153,-296.986
3188.5,62.26,89.9,0.0,-0.8,5,-398.836,-6.135,-294.027
3188.5,62.41,90.0,0.0,-0.7,5,-397.323,-6.122,-292.045
3188.5,62.64,90.1,0.0,-0.7,5,-395.054,-6.103,-289.059
3188.5,62.80,90.1,0.0,-0.7,5,-393.540,-6.089,-287.059
3200.9,63.03,90.2,0.0,-0.7,5,-391.268,-6.068,-284.045
3200.9,63.18,90.3,0.0,-0.7,5,-389.752,-6.054,-282.027
3200.9,63.40,90.3,0.0,-0.6,5,-387.476,-6.034,-278.988
3213.6,63.64,90.4,0.0,-0.6,5,-385.195,-6.011,-275.935
3213.6,63.78,90.5,0.0,-0.5,5,-383.673,-5.995,-273.892
3213.6,64.00,90.5,0.0,-0.2,5,-381.387,-5.969,-270.815
3213.6,64.15,90.6,0.0,-0.2,5,-379.861,-5.951,-268.757
3226.4,64.37,90.7,0.0,-0.2,5,-377.567,-5.924,-265.658
3226.4,64.52,90.7,0.0,-0.2,5,-376.035,-5.906,-263.585
3226.4,64.73,90.8,0.0,-0.2,5,-373.733,-5.879,-260.466
3226.4,64.87,90.8,0.0,-0.1,5,-372.194,-5.861,-258.380
3239.4,65.09,90.9,0.0,0.1,5,-369.882,-5.830,-255.242
3239.4,65.30,91.0,0.0,0.3,5,-367.563,-5.795,-252.093
3239.4,65.43,91.0,0.0,0.4,5,-366.013,-5.772,-249.987
3239.4,65.64,91.1,0.0,0.5,5,-363.682,-5.736,-246.822
3252.5,65.79,91.1,0.0,0.5,5,-362.122,-5.710,-244.706
3252.5,65.99,91.2,0.0,0.4,5,-359.773,-5.670,-241.527
3252.5,66.13,91.2,0.0,0.4,5,-358.202,-5.640,-239.404
3252.5,66.33,91.3,0.0,0.4,5,-355.835,-5.595,-236.212
3265.7,66.46,91.3,0.0,0.3,5,-354.252,-5.565,-234.081
3265.7,66.66,91.4,0.0,0.2,5,-351.866,-5.520,-230.879
3265.7,66.80,91.5,0.0,0.1,5,-350.270,-5.492,-228.740
3265.7,67.00,91.6,0.0,0.1,5,-347.867,-5.455,-225.526
3279.0,67.13,91.6,0.0,0.1,5,-346.260,-5.431,-223.379
3279.0,67.32,91.6,0.0,0.2,5,-343.841,-5.391,-220.152
3279.0,67.44,91.7,0.0,0.2,5,-342.223,-5.362,-217.997
3279.0,67.64,91.7,0.0,0.1,5,-339.790,-5.319,-214.757
3292.5,67.76,91.8,0.0,-0.1,5,-338.163,-5.289,-212.592
3292.5,67.95,91.8,0.0,-0.2,5,-335.716,-5.243,-209.339
3292.5,68.13,91.9,0.0,-0.1,5,-333.261,-5.196,-206.078
3292.5,68.26,91.9,0.0,-0.1,5,-331.620,-5.164,-203.899
3306.1,68.44,92.0,0.0,0.0,5,-329.154,-5.116,-200.623
3306.1,68.56,92.0,0.0,0.0,5,-327.506,-5.082,-198.434
3306.1,68.74,92.1,0.0,-0.1,5,-325.031,-5.030,-195.143
3306.1,68.86,92.1,0.0,-0.3,5,-323.378,-4.994,-192.943
3319.9,69.03,92.2,0.0,-0.3,5,-320.893,-4.938,-189.637
3319.9,69.15,92.2,0.0,-0.3,5,-319.234,-4.901,-187.427
3319.9,69.32,92.3,0.0,-0.2,5,-316.742,-4.846,-184.104
3319.9,69.44,92.3,0.0,-0.1,5,-315.078,-4.809,-181.883
3333.7,69.61,92.4,0.0,-0.1,5,-312.579,-4.753,-178.544
3333.7,69.72,92.4,0.0,-0.2,5,-310.912,-4.717,-176.312
3333.7,69.89,92.4,0.0,-0.2,5,-308.407,-4.662,-172.956
3333.7,70.06,92.5,0.0,-0.2,0,-305.898,-4.606,-169.591
3347.7,69.96,91.6,0.0,-0.1,6,-303.390,-4.549,-166.221
3347.7,70.06,91.6,0.0,-0.2,6,-301.720,-4.510,-163.974
3347.7,70.22,91.7,0.0,-0.2,6,-299.212,-4.452,-160.596
3347.7,70.33,91.7,0.0,-0.3,6,-297.538,-4.412,-158.338
3361.7,70.48,91.8,0.0,-0.3,6,-295.025,-4.352,-154.943
3361.7,70.59,91.8,0.0,-0.4,6,-293.348,-4.312,-152.675
3361.7,70.75,91.8,0.0,-0.3,6,-290.830,-4.252,-149.264
3361.7,70.85,91.9,0.0,-0.3,6,-289.150,-4.212,-146.985
3375.9,71.00,91.9,0.0,-0.2,6,-286.628,-4.151,-143.558
3375.9,71.11,91.9,0.0,-0.2,6,-284.945,-4.110,-141.269
3375.9,71.26,92.0,0.0,-0.1,6,-282.418,-4.049,-137.827
3375.9,71.36,92.0,0.0,0.0,6,-280.731,-4.010,-135.527
3390.1,71.51,92.0,0.0,0.2,6,-278.198,-3.950,-132.071
3390.1,71.65,92.1,0.0,0.3,6,-275.660,-3.889,-128.607
3390.1,71.75,92.1,0.0,0.2,6,-273.965,-3.848,-126.294
3404.4,71.90,92.1,0.0,-0.0,6,-271.418,-3.786,-122.819
3404.4,72.00,92.2,0.0,-0.1,6,-269.715,-3.745,-120.499
3404.4,72.15,92.2,0.0,0.7,6,-267.157,-3.682,-117.013
3404.4,72.24,92.2,0.0,0.9,6,-265.447,-3.641,-114.687
3418.9,72.38,92.3,0.0,0.6,6,-262.875,-3.578,-111.193
3418.9,72.48,92.3,0.0,-0.5,6,-261.155,-3.536,-108.862
3418.9,72.61,92.3,0.0,-1.4,6,-258.569,-3.470,-105.362
3418.9,72.70,92.4,0.0,-1.1,6,-256.843,-3.425,-103.024
3433.4,72.85,92.4,0.0,-0.4,6,-254.255,-3.358,-99.509
3433.4,72.94,92.4,0.0,-0.3,6,-252.531,-3.312,-97.158
3433.4,73.08,92.5,0.0,-0.5,6,-249.947,-3.245,-93.621
3433.4,73.17,92.5,0.0,-0.6,6,-248.226,-3.201,-91.256
3448.0,73.31,92.5,0.0,-0.7,6,-245.646,-3.136,-87.699
3448.0,73.45,92.6,0.0,-0.2,6,-243.068,-3.073,-84.131
3448.0,73.53,92.6,0.0,0.5,6,-241.349,-3.029,-81.747
3448.0,73.67,92.6,0.0,1.3,6,-238.771,-2.966,-78.163
3462.8,73.76,92.7,0.0,1.7,6,-237.049,-2.924,-75.770
3462.8,73.89,92.7,0.0,0.7,6,-234.457,-2.860,-72.179
3462.8,73.98,92.7,0.0,0.9,6,-232.721,-2.817,-69.785
3462.8,74.11,92.7,0.0,2.4,6,-230.104,-2.753,-66.197
3477.5,74.00,31.3,55.5,3.5,6,-228.349,-2.708,-63.808
3477.5,72.96,0.0,81.0,4.4,6,-225.720,-2.640,-60.264
3477.5,72.08,0.0,87.2,4.0,6,-223.979,-2.594,-57.941
3477.5,70.68,0.0,89.3,2.8,6,-221.385,-2.526,-54.529
3492.0,69.76,0.0,72.1,2.6,6,-219.668,-2.480,-52.305
3492.0,68.66,0.0,45.3,4.0,6,-217.102,-2.413,-49.040
3492.0,68.11,0.0,35.0,5.2,6,-215.389,-2.370,-46.907
3492.0,67.44,0.0,22.5,7.8,6,-212.804,-2.305,-43.768
3505.6,66.93,0.0,10.8,8.9,6,-210.192,-2.240,-40.698
3505.6,66.68,0.0,4.6,6.5,6,-208.432,-2.198,-38.688
3505.6,66.39,2.8,0.2,6.9,6,-205.757,-2.135,-35.724
3505.6,66.25,14.5,0.0,5.7,6,-203.949,-2.091,-33.783
3531.7,64.11,88.5,0.0,9.1,6,-186.052,-1.688,-16.685
3544.4,64.25,88.6,0.0,13.1,6,-183.106,-1.633,-14.207
3544.4,64.33,70.7,0.0,15.5,6,-181.113,-1.601,-12.581
3544.4,64.33,55.7,0.0,19.1,6,-178.087,-1.559,-10.187
3544.4,64.34,70.7,0.0,19.8,6,-176.044,-1.537,-8.622
3557.2,64.42,88.6,0.0,20.0,6,-172.939,-1.510,-6.325
3557.2,64.49,88.9,0.0,18.9,6,-170.839,-1.494,-4.830
3557.2,64.58,89.0,0.0,17.1,6,-167.642,-1.468,-2.646
3557.2,64.64,89.0,0.0,17.4,6,-165.479,-1.451,-1.232
3570.6,64.73,89.0,0.0,19.0,6,-162.188,-1.421,0.825
3598.0,64.52,28.3,0.0,38.3,6,-139.100,-1.203,12.480
3598.0,64.31,33.1,0.0,44.1,6,-135.504,-1.168,13.899
3598.0,64.21,40.5,0.0,47.2,6,-133.095,-1.144,14.796
3598.0,64.02,23.9,0.0,49.9,6,-129.465,-1.108,16.070
3611.5,63.78,20.0,0.0,51.0,6,-125.819,-1.074,17.257
3611.5,63.60,19.0,0.0,50.0,6,-123.382,-1.053,17.999
3611.5,63.32,18.0,0.0,47.5,6,-119.717,-1.020,19.032
3611.5,63.14,17.5,0.0,46.3,6,-117.268,-0.997,19.668
3624.3,62.86,16.7,0.0,45.6,6,-113.590,-0.966,20.542
3624.3,62.66,16.5,0.0,45.5,6,-111.136,-0.945,21.071
3624.3,62.37,15.0,0.0,45.8,6,-107.452,-0.910,21.781
3624.3,62.18,13.2,0.0,47.1,6,-104.997,-0.886,22.200
3636.6,61.90,36.1,0.0,49.5,0,-101.315,-0.851,22.751
3636.6,61.67,6.6,0.0,50.1,5,-98.863,-0.828,23.066
3636.6,61.38,15.5,0.0,50.1,5,-95.193,-0.789,23.458
3636.6,61.20,15.4,0.0,49.6,5,-92.750,-0.762,23.668
3648.7,60.93,15.3,0.0,47.7,5,-89.093,-0.721,23.907
3648.7,60.77,20.0,0.0,45.6,5,-86.662,-0.694,24.017
3648.7,60.55,23.9,0.0,40.4,5,-83.023,-0.652,24.108
3648.7,60.36,31.3,0.0,34.7,5,-79.396,-0.610,24.108
3660.5,60.28,48.6,0.0,30.8,5,-76.984,-0.580,24.057
3660.5,60.24,58.2,0.0,24.7,5,-73.373,-0.534,23.905
3660.5,60.26,73.0,0.0,20.8,5,-70.968,-0.503,23.754
3660.5,60.38,89.8,0.0,15.4,5,-67.362,-0.458,23.456
3672.5,60.50,90.1,0.0,11.6,5,-64.957,-0.429,23.211
3672.5,60.68,90.2,0.0,6.8,5,-61.348,-0.385,22.774
3672.5,60.80,90.2,0.0,4.5,5,-58.943,-0.352,22.436
3672.5,61.01,90.3,0.0,4.0,5,-55.334,-0.301,21.869
3684.6,61.16,90.3,0.0,4.3,5,-52.926,-0.268,21.457
3684.6,61.39,90.4,0.0,4.1,5,-49.310,-0.221,20.797
3684.6,61.61,90.4,0.0,0.7,5,-45.688,-0.179,20.093
3684.6,61.77,90.5,0.0,-1.6,5,-43.270,-0.150,19.604
3696.8,62.00,90.6,0.0,-3.7,5,-39.634,-0.108,18.854
3696.8,62.15,89.4,0.0,-4.3,5,-37.203,-0.081,18.352
3696.8,62.38,90.5,0.0,-5.0,5,-33.543,-0.043,17.608
3696.8,62.53,90.7,0.0,-5.6,5,-31.093,-0.018,17.124
3709.2,62.71,90.9,0.0,-6.7,5,-27.402,0.017,16.422
3709.2,62.86,90.9,0.0,-7.6,5,-24.930,0.036,15.973
3709.2,63.08,90.9,0.0,-8.2,5,-21.206,0.062,15.336
3709.2,63.24,90.9,0.0,-6.4,5,-18.713,0.078,14.937
3721.9,63.42,91.0,0.0,-5.1,5,-14.954,0.101,14.384
3721.9,63.56,91.0,0.0,-5.2,5,-12.438,0.117,14.046
3721.9,63.76,91.1,0.0,-6.1,5,-8.647,0.142,13.585
3734.7,63.96,91.2,0.0,-9.5,5,-4.839,0.167,13.178
3734.7,64.04,91.4,0.0,-11.0,5,-2.290,0.184,12.938
3734.7,64.26,91.3,0.0,-11.0,5,1.548,0.213,12.631
3734.7,64.39,91.4,0.0,-11.1,5,4.115,0.234,12.464
3747.7,64.56,91.4,0.0,-10.9,5,7.978,0.271,12.276
3747.7,64.65,91.5,0.0,-11.4,5,10.560,0.298,12.192
3747.7,64.82,91.6,0.0,-10.9,5,14.443,0.340,12.130
3747.7,64.94,91.5,0.0,-10.9,5,17.038,0.371,12.132
3761.1,65.10,91.6,0.0,-11.2,5,20.937,0.422,12.202
3761.1,65.19,91.6,0.0,-10.9,5,23.541,0.458,12.292
3761.1,65.33,91.8,0.0,-10.0,5,27.450,0.518,12.498
3761.1,65.45,91.8,0.0,-9.1,5,30.059,0.560,12.679
3774.7,65.62,91.8,0.0,-9.6,5,33.976,0.618,13.011
3774.7,65.73,91.9,0.0,-11.7,5,36.590,0.651,13.270
3774.7,65.87,91.9,0.0,-14.4,5,40.511,0.701,13.725
3774.7,66.01,91.9,0.0,-16.1,5,44.430,0.754,14.264
3788.2,66.10,91.9,0.0,-16.7,5,47.040,0.790,14.669
3788.2,66.24,92.0,0.0,-16.4,5,50.952,0.844,15.344
3788.2,66.33,92.0,0.0,-15.8,5,53.555,0.880,15.840
3788.2,66.45,92.1,0.0,-14.0,5,57.453,0.936,16.656
3801.9,66.51,92.1,0.0,-12.3,5,60.045,0.974,17.248
3801.9,66.63,92.2,0.0,-9.8,5,63.921,1.032,18.209
3801.9,66.67,92.4,0.0,-7.6,5,66.496,1.070,18.898
3801.9,66.78,92.4,0.0,-5.4,5,70.345,1.128,20.003
3815.7,66.91,92.3,0.0,-4.9,5,72.902,1.165,20.785
3815.7,67.01,92.3,0.0,-4.5,5,76.720,1.222,22.030
3815.7,67.07,92.5,0.0,-5.3,5,79.253,1.261,22.908
3815.7,67.21,92.5,0.0,-7.1,5,83.035,1.318,24.293
3829.5,67.32,92.4,0.0,-8.3,5,85.545,1.356,25.260
3829.5,67.43,92.4,0.0,-9.6,5,89.290,1.414,26.778
3829.5,67.57,92.5,0.0,-10.8,5,93.012,1.473,28.373
3829.5,67.67,92.5,0.0,-11.4,5,95.480,1.513,29.478
3843.0,67.80,92.6,0.0,-11.9,5,99.160,1.574,31.201
3843.0,67.88,92.6,0.0,-11.9,5,101.598,1.617,32.390
3843.0,68.02,92.7,0.0,-11.2,5,105.233,1.681,34.236
3843.0,68.11,92.7,0.0,-10.4,5,107.639,1.724,35.508
3856.6,68.24,92.7,0.0,-9.9,5,111.224,1.788,37.477
3856.6,68.33,92.7,0.0,-9.7,5,113.596,1.831,38.829
3856.6,68.46,92.8,0.0,-10.0,5,117.127,1.895,40.920
3856.6,68.55,92.8,0.0,-10.4,5,119.462,1.938,42.353
3870.2,68.68,92.8,0.0,-11.5,5,122.936,2.000,44.560
3870.2,68.77,92.9,0.0,-11.9,5,125.234,2.039,46.068
3870.2,68.89,92.9,0.0,-11.6,5,128.650,2.098,48.388
3870.2,68.98,92.9,0.0,-11.4,5,130.907,2.135,49.971
3883.9,69.11,93.0,0.0,-11.4,5,134.260,2.189,52.402
3911.5,69.57,92.3,0.0,-3.4,6,154.473,2.407,69.262
3925.5,66.21,0.0,89.2,1.0,6,172.977,2.506,87.840
3939.0,64.84,0.0,91.0,0.8,6,175.707,2.526,90.673
3939.0,63.93,0.0,91.9,0.5,0,177.496,2.539,92.528
3939.0,62.55,0.0,92.4,0.4,5,180.134,2.558,95.259
3939.0,61.61,0.0,91.5,0.4,5,181.863,2.570,97.044
3951.6,60.21,0.0,90.9,0.2,5,184.412,2.590,99.667
3951.6,59.34,0.0,92.9,0.2,5,186.082,2.603,101.380
3951.6,57.95,0.0,91.3,0.2,5,188.545,2.620,103.896
3951.6,57.02,0.0,90.9,0.2,5,190.158,2.629,105.538
3963.4,55.66,0.0,90.7,0.0,5,192.535,2.642,107.946
3963.4,54.74,0.0,89.8,0.0,0,194.092,2.651,109.515
3963.4,53.43,0.0,91.6,0.3,4,196.386,2.665,111.814
3974.2,52.07,0.0,90.6,0.4,4,198.632,2.680,114.048
3974.2,51.16,0.0,90.7,0.4,4,200.102,2.692,115.501
3974.2,49.82,0.0,90.3,0.9,4,202.266,2.713,117.624
3974.2,48.93,0.0,90.6,1.3,4,203.683,2.728,119.002
3984.1,47.61,0.0,90.9,2.2,4,205.770,2.752,121.014
3984.1,46.72,0.0,90.5,2.5,4,207.136,2.768,122.318
3984.1,45.42,43.4,89.5,3.0,0,209.147,2.793,124.218
3984.1,44.58,0.0,88.7,3.5,3,210.465,2.809,125.446
3993.2,43.32,0.0,86.3,3.6,3,212.407,2.832,127.233
3993.2,42.48,0.0,84.2,3.3,3,213.679,2.846,128.387
3993.2,41.29,0.0,81.2,2.0,3,215.555,2.865,130.062
3993.2,40.52,0.0,79.4,0.8,3,216.787,2.876,131.141
4001.4,39.40,0.0,65.6,-0.9,0,218.608,2.891,132.703
4001.4,38.80,47.1,57.0,-2.0,0,219.808,2.899,133.708
4001.4,37.93,0.0,48.5,-2.8,2,221.597,2.909,135.158
4001.4,37.12,0.0,39.9,-2.8,2,223.374,2.916,136.542
4009.0,36.63,0.0,35.9,-2.3,2,224.554,2.919,137.429
4009.0,35.97,0.0,31.8,0.1,2,226.320,2.922,138.705
4009.0,35.58,0.0,30.1,3.2,2,227.497,2.923,139.520
4009.0,35.02,0.0,29.1,9.2,2,229.262,2.923,140.693
4016.1,34.67,0.0,29.0,11.9,2,230.437,2.921,141.443
4016.1,34.14,0.0,28.6,14.9,2,232.197,2.917,142.524
4016.1,33.80,0.0,29.3,16.1,2,233.368,2.914,143.216
4016.1,33.28,0.0,27.8,16.5,2,235.119,2.908,144.209
4022.8,32.94,0.0,26.9,16.3,2,236.283,2.903,144.841
4022.8,32.44,0.0,24.9,16.2,2,238.026,2.895,145.742
4022.8,32.14,0.0,20.1,16.3,2,239.186,2.889,146.312
4022.8,31.75,0.0,13.6,17.3,2,240.925,2.880,147.120
4029.0,31.55,0.0,10.9,18.7,2,242.085,2.874,147.628
4029.0,31.27,0.0,7.8,21.3,2,243.828,2.864,148.344
4029.0,31.04,0.0,4.8,24.5,2,245.576,2.855,149.006
4029.0,30.90,0.0,3.2,25.9,2,246.745,2.848,149.417
4035.0,30.71,0.0,3.3,27.1,2,248.504,2.838,149.985
4035.0,30.59,0.0,3.6,28.0,2,249.680,2.831,150.332
4035.0,30.39,0.0,2.9,29.6,2,251.448,2.820,150.803
4035.0,30.25,0.0,6.9,25.3,2,252.629,2.812,151.084
4040.9,30.02,0.0,5.2,20.9,2,254.398,2.800,151.456
4040.9,29.89,0.0,3.3,19.1,2,255.577,2.792,151.672
4040.9,29.71,0.0,4.5,19.1,2,257.344,2.780,151.948
4040.9,29.58,0.0,2.6,20.5,2,258.520,2.773,152.101
4047.0,29.43,1.5,0.0,23.3,2,260.281,2.763,152.288
4047.0,29.36,6.8,0.0,25.4,2,261.453,2.757,152.384
4047.0,29.23,1.7,0.0,30.4,2,263.208,2.749,152.483
4047.0,29.15,7.2,0.0,34.6,2,264.375,2.744,152.519
4053.4,29.06,11.8,0.0,39.7,2,266.121,2.739,152.521
4053.4,28.97,13.8,0.0,43.0,2,267.861,2.736,152.458
4053.4,28.94,17.7,0.0,45.2,2,269.016,2.735,152.379
4053.4,28.88,16.8,0.0,50.4,2,270.743,2.734,152.207
4061.2,28.83,15.1,0.0,54.6,2,271.887,2.734,152.056
4061.2,28.71,11.5,0.0,59.9,2,273.590,2.737,151.774
4061.2,28.61,10.7,0.0,63.5,2,274.714,2.739,151.550
4061.2,28.47,7.9,0.0,66.9,2,276.381,2.747,151.156
4068.1,28.35,7.8,0.0,72.0,2,277.478,2.753,150.858
4068.1,28.20,12.4,0.0,81.8,2,279.099,2.764,150.358
4068.1,28.09,12.2,0.0,88.6,2,280.164,2.772,149.990
4068.1,27.90,11.4,0.0,89.2,2,281.731,2.788,149.384
4076.0,27.77,11.1,0.0,88.9,2,282.754,2.801,148.947
4076.0,27.58,11.1,0.0,87.0,2,284.255,2.826,148.236
4076.0,27.46,11.0,0.0,84.9,2,285.233,2.844,147.730
4076.0,27.31,10.9,0.0,82.5,2,286.664,2.873,146.923
4082.4,27.15,10.9,0.0,79.8,2,288.053,2.904,146.063
4082.4,27.04,10.8,0.0,77.9,2,288.954,2.924,145.462
4082.4,26.88,49.4,0.0,80.0,0,290.269,2.955,144.519
4082.4,26.73,6.3,0.0,78.8,1,291.118,2.976,143.864
4088.3,26.57,13.1,0.0,75.7,1,292.349,3.009,142.844
4088.3,26.47,13.4,0.0,73.3,1,293.142,3.032,142.140
4088.3,26.34,14.9,0.0,69.4,1,294.290,3.067,141.048
4088.3,26.27,16.5,0.0,65.3,1,295.028,3.090,140.298
4093.7,26.21,22.6,0.0,57.9,1,296.093,3.124,139.139
4093.7,26.23,29.5,0.0,52.2,1,296.777,3.146,138.345
4093.7,26.36,48.8,0.0,42.4,1,297.766,3.177,137.117
4093.7,26.56,47.9,0.0,34.4,1,298.403,3.196,136.273
4098.8,26.75,40.3,0.0,21.4,1,299.327,3.223,134.968
4098.8,26.89,39.8,0.0,13.2,1,299.920,3.241,134.074
4098.8,27.15,49.5,0.0,4.4,1,300.778,3.265,132.700
4104.0,27.53,65.0,0.0,1.9,1,301.606,3.287,131.286
4104.0,27.86,70.3,0.0,3.1,1,302.145,3.301,130.319
4104.0,28.40,73.7,0.0,6.4,1,302.939,3.321,128.831
4104.0,28.77,74.9,0.0,8.8,1,303.459,3.333,127.814
4109.4,29.33,75.9,0.0,11.4,1,304.226,3.350,126.250
4109.4,29.70,76.0,0.0,12.9,1,304.728,3.361,125.182
4109.4,30.24,74.6,0.0,13.3,1,305.466,3.376,123.544
4109.4,30.59,74.4,0.0,13.3,1,305.946,3.386,122.427
4115.4,31.10,74.6,0.0,13.7,1,306.644,3.401,120.714
4115.4,31.43,74.6,0.0,13.8,1,307.093,3.410,119.547
4115.4,31.92,77.1,0.0,13.9,1,307.741,3.424,117.762
4115.4,32.24,76.2,0.0,13.8,1,308.156,3.432,116.549
4121.7,32.41,0.0,0.0,14.1,0,308.744,3.444,114.697
4121.7,32.53,73.0,0.0,14.6,2,309.108,3.451,113.452
4121.7,32.97,79.9,0.0,14.8,2,309.616,3.463,111.555
4121.7,33.47,84.9,0.0,14.2,2,310.085,3.476,109.619
4128.3,33.82,84.9,0.0,13.8,2,310.374,3.484,108.305
4128.3,34.30,81.3,0.0,13.0,2,310.774,3.499,106.302
4128.3,34.63,81.4,0.0,12.6,2,311.015,3.509,104.945
4128.3,35.11,83.1,0.0,11.9,2,311.338,3.526,102.879
4135.3,35.42,74.6,0.0,12.4,2,311.526,3.539,101.482
4135.3,35.70,35.9,0.0,12.2,2,311.764,3.560,99.360
4135.3,35.70,11.1,0.0,10.5,2,311.890,3.575,97.937
4135.3,35.49,0.4,22.2,7.9,2,312.032,3.598,95.805
4142.3,35.18,0.0,32.6,6.5,2,312.098,3.616,94.392
4142.3,34.56,0.0,44.1,4.4,2,312.164,3.644,92.299
4142.3,34.07,0.0,54.7,3.3,2,312.191,3.664,90.926
4142.3,33.19,0.0,64.4,2.2,2,312.213,3.696,88.906
4148.9,32.21,0.0,69.4,-1.1,2,312.221,3.730,86.942
4148.9,31.53,0.0,71.1,-4.0,2,312.222,3.753,85.666
4148.9,30.49,0.0,72.4,-7.6,2,312.222,3.787,83.803
4148.9,29.79,0.0,72.4,-9.5,2,312.226,3.809,82.596
4154.8,28.78,50.3,60.9,-12.0,0,312.241,3.841,80.838
4154.8,28.22,0.0,49.8,-13.1,1,312.260,3.863,79.697
4154.8,27.44,0.0,35.7,-14.2,1,312.307,3.893,78.027
4154.8,27.03,0.0,28.9,-15.6,1,312.353,3.911,76.938
4160.1,26.54,0.0,20.6,-18.5,1,312.449,3.937,75.334
4160.1,26.26,0.0,17.4,-20.7,1,312.531,3.953,74.280
4160.1,25.90,0.0,14.2,-23.9,1,312.685,3.975,72.723
4160.1,25.67,0.0,12.0,-25.6,1,312.809,3.989,71.699
4165.2,25.37,0.0,9.7,-27.1,1,313.028,4.009,70.183
4165.2,25.19,0.0,9.4,-27.8,1,313.198,4.021,69.186
4165.2,24.92,0.0,9.2,-29.1,1,313.486,4.038,67.710
4165.2,24.65,0.0,7.7,-30.4,1,313.818,4.053,66.260
4170.1,24.49,0.0,7.6,-30.2,1,314.062,4.062,65.308
4170.1,24.24,0.0,8.2,-31.2,1,314.465,4.075,63.902
4170.1,24.06,0.0,8.7,-32.3,1,314.757,4.082,62.981
4170.1,23.80,0.0,7.7,-33.7,1,315.229,4.091,61.624
4174.8,23.64,0.0,5.6,-33.5,1,315.568,4.096,60.738
4174.8,23.42,0.0,5.1,-34.1,1,316.111,4.102,59.434
4174.8,23.28,0.0,4.9,-35.0,1,316.496,4.105,58.583
4174.8,23.07,0.0,5.0,-36.4,1,317.108,4.109,57.334
4179.4,22.94,0.0,2.4,-36.9,1,317.539,4.110,56.520
4179.4,22.77,0.0,2.5,-37.2,1,318.218,4.110,55.329
4179.4,22.65,0.0,2.6,-37.7,1,318.694,4.109,54.555
4179.4,22.47,0.0,3.8,-38.3,1,319.439,4.107,53.425
4183.9,22.35,0.0,2.9,-38.8,1,319.956,4.104,52.692
4183.9,22.18,0.0,2.1,-39.1,1,320.762,4.099,51.626
4183.9,22.01,0.0,4.2,-38.9,1,321.602,4.092,50.601
4183.9,21.88,0.0,5.2,-39.0,1,322.180,4.088,49.940
4187.9,21.67,0.0,6.7,-39.4,1,323.072,4.080,48.985
4187.9,21.53,0.0,5.3,-40.2,1,323.683,4.074,48.373
4187.9,21.34,0.0,3.5,-39.7,1,324.621,4.066,47.493
4187.9,21.22,0.0,4.0,-40.2,1,325.260,4.059,46.931
4191.8,21.04,0.0,5.0,-42.5,1,326.239,4.049,46.125
4191.8,20.91,0.0,5.3,-44.4,1,326.904,4.042,45.614
4191.8,20.71,0.0,1.0,-47.7,1,327.919,4.030,44.886
4191.8,20.64,10.8,0.0,-50.9,1,328.608,4.021,44.429
4195.8,20.70,32.5,0.0,-53.8,1,329.665,4.008,43.781
4195.8,20.80,40.4,0.0,-55.2,1,330.387,3.999,43.374
4195.8,21.04,48.7,0.0,-57.1,1,331.500,3.985,42.796
4200.1,21.37,60.3,0.0,-58.8,1,332.652,3.969,42.258
4200.1,21.51,36.0,0.0,-57.5,1,333.442,3.959,41.925
4200.1,21.61,23.9,0.0,-51.7,1,334.653,3.943,41.470
4200.1,21.67,27.2,0.0,-46.9,1,335.474,3.932,41.199
4204.7,21.85,40.7,0.0,-41.0,1,336.728,3.916,40.840
4204.7,22.00,45.0,0.0,-38.9,1,337.580,3.906,40.633
4204.7,22.26,44.0,0.0,-38.9,1,338.880,3.892,40.369
4204.7,22.46,52.0,0.0,-40.1,1,339.762,3.883,40.223
4209.8,22.78,51.5,0.0,-43.2,1,341.108,3.870,40.050
4209.8,23.01,54.4,0.0,-45.4,1,342.019,3.861,39.965
4209.8,23.34,52.3,0.0,-49.3,1,343.406,3.848,39.884
4209.8,23.54,51.6,0.0,-51.6,1,344.343,3.840,39.861
4215.2,23.84,51.5,0.0,-54.4,1,345.764,3.829,39.874
4215.2,24.14,49.8,0.0,-56.6,1,347.201,3.817,39.947
4215.2,24.33,50.2,0.0,-59.2,1,348.167,3.811,40.030
4215.2,24.58,44.1,0.0,-62.7,1,349.623,3.801,40.206
4227.0,25.19,57.7,0.0,-53.0,1,358.671,3.772,42.800
4227.0,25.47,66.2,0.0,-47.7,1,359.594,3.772,43.217
4232.9,25.87,56.6,0.0,-38.2,1,360.976,3.774,43.895
4232.9,26.13,58.9,0.0,-32.4,1,361.894,3.777,44.382
4232.9,26.54,61.2,0.0,-23.8,1,363.265,3.783,45.166
4232.9,26.83,65.1,0.0,-19.4,1,364.175,3.789,45.722
4238.6,27.30,65.0,0.0,-16.2,1,365.538,3.799,46.604
4238.6,27.61,63.5,0.0,-16.1,1,366.443,3.807,47.225
4238.6,28.07,61.8,0.0,-17.8,1,367.798,3.819,48.200
4238.6,28.36,61.7,0.0,-20.5,1,368.698,3.828,48.879
4244.4,28.77,63.2,0.0,-23.1,1,370.043,3.841,49.941
4244.4,29.22,65.4,0.0,-22.6,1,371.378,3.853,51.055
4244.4,29.53,68.1,0.0,-26.0,1,372.263,3.861,51.826
4249.9,30.00,74.8,0.0,-27.7,1,373.581,3.873,53.030
4249.9,30.33,75.3,0.0,-23.4,1,374.452,3.880,53.863
4249.9,30.81,69.6,0.0,-20.2,1,375.747,3.890,55.162
4249.9,31.12,73.7,0.0,-21.8,1,376.600,3.897,56.059
4255.7,31.59,71.4,0.0,-19.4,1,377.860,3.907,57.455
4255.7,31.87,70.9,0.0,-17.4,1,378.686,3.913,58.417
4255.7,32.27,67.4,0.0,-20.8,1,379.902,3.922,59.907
4255.7,32.53,75.0,0.0,-21.5,0,380.695,3.927,60.932
4261.9,32.52,70.4,0.0,-21.7,2,381.848,3.934,62.508
4261.9,32.76,73.0,0.0,-23.8,2,382.589,3.938,63.581
4261.9,33.18,76.1,0.0,-22.2,2,383.670,3.942,65.237
4261.9,33.44,67.4,0.0,-18.2,2,384.371,3.945,66.370
4268.3,33.86,80.6,0.0,-18.3,2,385.387,3.948,68.112
4268.3,34.29,73.2,0.0,-14.8,2,386.364,3.952,69.907
4268.3,34.58,81.5,0.0,-12.3,2,386.992,3.955,71.133
4268.3,35.03,72.5,0.0,-10.0,2,387.903,3.958,73.011
4275.0,35.27,63.0,0.0,-6.1,2,388.489,3.960,74.288
4275.0,35.67,81.7,0.0,-2.3,2,389.337,3.962,76.238
4275.0,35.98,85.8,0.0,-1.6,2,389.885,3.963,77.562
4275.0,36.45,74.3,0.0,-1.0,2,390.687,3.963,79.582
4282.1,36.75,85.4,0.0,-1.8,2,391.210,3.961,80.948
4282.1,37.21,85.3,0.0,-4.1,2,391.976,3.957,83.030
4282.1,37.53,85.3,0.0,-6.0,2,392.477,3.951,84.437
4282.1,38.04,86.1,0.0,-6.3,2,393.215,3.942,86.582
4289.4,38.36,86.5,0.0,-4.6,2,393.694,3.938,88.032
4289.4,38.87,86.3,0.0,-2.6,2,394.398,3.931,90.239
4289.4,39.21,86.4,0.0,-2.2,2,394.856,3.926,91.731
4289.4,39.64,86.6,0.0,-2.9,2,395.525,3.923,94.000
4297.2,40.14,86.6,0.0,-4.7,2,396.176,3.919,96.301
4297.2,40.45,86.7,0.0,-5.2,2,396.602,3.918,97.856
4297.2,40.83,87.1,0.0,-4.0,0,397.225,3.918,100.212
4297.2,40.86,0.0,0.0,-3.9,0,397.633,3.915,101.795
4305.1,41.18,84.8,0.0,-2.6,3,398.229,3.910,104.180
4305.1,41.48,84.9,0.0,-2.9,3,398.619,3.909,105.786
4305.1,41.95,85.0,0.0,-3.3,3,399.196,3.907,108.221
4305.1,42.24,85.4,0.0,-3.0,3,399.575,3.906,109.861
4313.4,42.68,85.5,0.0,-2.5,3,400.134,3.900,112.345
4313.4,42.97,85.5,0.0,-3.3,3,400.500,3.896,114.018
4313.4,43.40,85.6,0.0,-4.7,3,401.037,3.892,116.552
4313.4,43.69,85.7,0.0,-5.5,3,401.387,3.889,118.258
4321.9,44.13,85.8,0.0,-6.9,3,401.899,3.886,120.841
4321.9,44.41,85.9,0.0,-8.2,3,402.230,3.885,122.580
4321.9,44.83,86.1,0.0,-9.2,3,402.704,3.883,125.214
4321.9,45.10,86.1,0.0,-9.3,3,403.005,3.881,126.986
4330.7,45.51,86.2,0.0,-8.6,3,403.427,3.876,129.671
4330.7,45.92,86.3,0.0,-7.8,3,403.812,3.871,132.386
4330.7,46.18,86.4,0.0,-7.7,3,404.048,3.867,134.213
4330.7,46.59,86.4,0.0,-7.6,3,404.367,3.861,136.977
4339.7,46.85,86.5,0.0,-7.9,3,404.557,3.857,138.835
4339.7,47.25,86.6,0.0,-8.3,3,404.810,3.851,141.647
4339.7,47.52,86.6,0.0,-8.7,3,404.956,3.846,143.536
4339.7,47.90,86.7,0.0,-8.6,3,405.142,3.839,146.392
4349.1,48.16,86.8,0.0,-8.2,3,405.242,3.834,148.310
4349.1,48.53,86.8,0.0,-8.0,3,405.356,3.827,151.207
4349.1,48.78,86.9,0.0,-8.6,3,405.408,3.823,153.152
4349.1,49.15,87.1,0.0,-9.5,3,405.447,3.816,156.089
4358.7,49.27,0.0,0.0,-9.8,0,405.448,3.811,158.059
4358.7,49.35,85.3,0.0,-9.2,4,405.406,3.804,161.014
4358.7,49.57,85.4,0.0,-9.6,4,405.349,3.800,162.991
4358.7,49.90,85.7,0.0,-10.7,4,405.220,3.793,165.971
4368.4,50.22,85.8,0.0,-11.5,4,405.038,3.784,168.968
4368.4,50.42,86.0,0.0,-12.0,4,404.884,3.780,170.975
4368.4,50.74,86.1,0.0,-12.8,4,404.605,3.772,173.996
4368.4,50.95,86.3,0.0,-13.2,4,404.386,3.767,176.018
4378.4,51.25,86.4,0.0,-12.7,4,404.006,3.758,179.059
4378.4,51.46,86.5,0.0,-13.3,4,403.716,3.753,181.093
4378.4,51.76,86.7,0.0,-14.7,4,403.228,3.745,184.150
4378.4,51.95,86.8,0.0,-15.1,4,402.866,3.739,186.192
4388.6,52.24,87.0,0.0,-15.3,4,402.266,3.730,189.259
4388.6,52.43,87.1,0.0,-14.6,4,401.826,3.724,191.305
4388.6,52.71,87.3,0.0,-14.2,4,401.106,3.717,194.375
4388.6,52.89,87.4,0.0,-14.1,4,400.585,3.713,196.422
4399.4,53.17,87.5,0.0,-12.3,4,399.742,3.706,199.489
4399.4,53.36,87.6,0.0,-11.4,4,399.136,3.704,201.532
4399.4,53.62,87.8,0.0,-12.2,4,398.163,3.702,204.589
4410.6,53.91,87.8,0.0,-14.1,4,397.116,3.699,207.640
4410.6,54.09,87.9,0.0,-16.0,4,396.377,3.697,209.670
4410.6,54.35,88.1,0.0,-17.0,4,395.205,3.697,212.703
4410.6,54.51,88.2,0.0,-16.3,4,394.381,3.700,214.718
4422.2,54.75,88.3,0.0,-14.9,4,393.083,3.706,217.727
4422.2,54.94,88.3,0.0,-13.5,4,392.177,3.710,219.725
4422.2,55.19,88.5,0.0,-11.9,4,390.754,3.717,222.707
4422.2,55.44,88.6,0.0,-11.4,4,389.256,3.726,225.668
4433.9,55.63,88.6,0.0,-11.7,4,388.217,3.732,227.630
4433.9,55.88,88.8,0.0,-12.9,4,386.599,3.739,230.557
4433.9,56.05,88.9,0.0,-13.3,4,385.484,3.741,232.497
4433.9,56.31,89.0,0.0,-13.5,4,383.756,3.742,235.391
4445.1,56.48,89.0,0.0,-12.6,4,382.567,3.741,237.308
4445.1,56.74,89.1,0.0,-10.6,4,380.726,3.742,240.162
4445.1,57.00,89.2,0.0,-11.8,4,378.819,3.745,242.990
4445.1,57.16,89.3,0.0,-10.8,4,377.509,3.749,244.860
4456.3,57.42,89.4,0.0,-12.3,4,375.491,3.757,247.642
4456.3,57.59,89.5,0.0,-13.2,4,374.111,3.763,249.482
4456.3,57.84,89.6,0.0,-11.7,4,371.990,3.772,252.219
4456.3,58.00,89.7,0.0,-9.6,4,370.542,3.778,254.026
4467.6,58.26,89.8,0.0,-7.5,4,368.319,3.788,256.714
4467.6,58.43,89.8,0.0,-7.1,4,366.806,3.795,258.490
4467.6,58.69,89.9,0.0,-7.3,4,364.492,3.805,261.133
4467.6,58.85,90.0,0.0,-6.9,4,362.920,3.810,262.881
4479.3,59.11,90.1,0.0,-6.4,4,360.523,3.817,265.484
4479.3,59.29,90.1,0.0,-6.1,4,358.898,3.821,267.206
4479.3,59.32,0.0,0.0,-6.1,0,356.425,3.825,269.768
4479.3,59.39,88.8,0.0,-5.8,5,354.758,3.825,271.457
4491.1,59.62,88.9,0.0,-5.3,5,352.223,3.825,273.970
4491.1,59.83,86.7,0.0,-6.2,5,349.645,3.826,276.459
4491.1,60.01,88.2,0.0,-7.0,5,347.904,3.828,278.105
4491.1,60.20,89.2,0.0,-7.2,5,345.260,3.834,280.556
4503.1,60.36,89.2,0.0,-5.4,5,343.475,3.839,282.177
4503.1,60.58,89.5,0.0,-3.0,5,340.765,3.845,284.590
4503.1,60.76,89.4,0.0,-1.1,5,338.937,3.848,286.186
4503.1,60.97,89.4,0.0,0.4,5,336.167,3.848,288.565
4515.2,61.22,89.5,0.0,1.3,5,333.365,3.846,290.928
4515.2,61.44,89.6,0.0,0.6,5,330.539,3.845,293.282
4515.2,61.59,89.8,0.0,0.2,5,328.644,3.844,294.853
4527.4,61.82,89.8,0.0,-0.0,5,325.793,3.842,297.214
4527.4,61.99,89.8,0.0,0.1,5,323.887,3.840,298.794
4527.4,62.24,89.9,0.0,-0.2,5,321.020,3.839,301.174
4527.4,62.40,89.9,0.0,-0.2,5,319.104,3.838,302.768
4539.8,62.62,90.1,0.0,0.2,5,316.222,3.838,305.167
4539.8,62.78,90.1,0.0,0.4,5,314.294,3.841,306.771
4539.8,63.01,90.2,0.0,0.5,5,311.394,3.847,309.184
4539.8,63.17,90.2,0.0,0.5,5,309.455,3.851,310.799
4552.4,63.40,90.3,0.0,0.6,5,306.539,3.856,313.230
4552.4,63.62,90.4,0.0,0.6,5,303.615,3.862,315.673
4552.4,63.78,90.4,0.0,0.7,5,301.662,3.867,317.309
4552.4,64.00,90.6,0.0,0.8,5,298.727,3.874,319.773
4578.1,65.46,91.0,0.0,0.4,5,279.018,3.851,336.564
4591.1,65.59,91.1,0.0,0.4,5,277.036,3.849,338.278
4591.1,65.80,91.2,0.0,0.5,5,274.057,3.849,340.859
4591.1,65.95,91.2,0.0,0.3,5,272.069,3.849,342.587
4591.1,66.16,91.2,0.0,0.2,5,269.080,3.851,345.189
4604.3,66.30,91.3,0.0,0.1,5,267.084,3.853,346.931
4604.3,66.50,91.4,0.0,0.0,5,264.085,3.860,349.552
4604.3,66.63,91.4,0.0,-0.0,5,262.081,3.867,351.305
4604.3,66.84,91.5,0.0,0.1,5,259.069,3.879,353.943
4617.6,67.04,91.5,0.0,0.1,5,256.049,3.894,356.590
4617.6,67.17,91.6,0.0,0.3,5,254.030,3.902,358.359
4617.6,67.36,91.7,0.0,0.1,5,250.996,3.915,361.020
4617.6,67.50,91.7,0.0,-0.0,5,248.969,3.926,362.798
4631.1,67.70,91.7,0.0,0.2,5,245.920,3.942,365.472
4631.1,67.83,91.8,0.0,0.4,5,243.883,3.949,367.260
4631.1,68.02,91.8,0.0,0.2,5,240.820,3.959,369.947
4631.1,68.14,91.9,0.0,0.1,5,238.774,3.966,371.744
4644.7,68.34,91.9,0.0,0.0,5,235.697,3.973,374.445
4644.7,68.46,92.0,0.0,0.1,5,233.642,3.975,376.251
4644.7,68.65,92.0,0.0,0.2,5,230.553,3.975,378.966
4644.7,68.77,92.1,0.0,0.1,5,228.488,3.974,380.780
4658.4,68.96,92.1,0.0,0.1,5,225.386,3.970,383.508
4658.4,69.08,92.2,0.0,0.0,5,223.313,3.967,385.331
4658.4,69.25,92.2,0.0,0.1,5,220.197,3.963,388.071
4658.4,69.43,92.3,0.0,0.1,5,217.074,3.958,390.820
4672.2,69.55,92.3,0.0,0.1,5,214.987,3.954,392.656
4672.2,69.73,92.4,0.0,0.0,5,211.851,3.946,395.416
4672.2,69.84,92.4,0.0,0.0,5,209.755,3.941,397.261
4672.2,69.93,0.0,0.0,0.1,0,206.607,3.933,400.033
4686.2,69.87,91.5,0.0,0.0,6,204.509,3.930,401.881
4686.2,70.04,91.6,0.0,0.1,6,201.360,3.925,404.655
4686.2,70.15,91.6,0.0,0.1,6,199.257,3.921,406.509
4686.2,70.32,91.7,0.0,0.1,6,196.095,3.916,409.295
4700.2,70.43,91.7,0.0,0.0,6,193.984,3.913,411.156
4700.2,70.60,91.7,0.0,0.0,6,190.811,3.907,413.955
4700.2,70.71,91.8,0.0,0.1,6,188.692,3.903,415.824
4700.2,70.86,91.8,0.0,0.2,6,185.508,3.898,418.634
4714.3,71.03,91.9,0.0,0.2,6,182.316,3.895,421.451
4714.3,71.14,91.9,0.0,0.1,6,180.186,3.893,423.333
4714.3,71.30,91.9,0.0,0.1,6,176.984,3.889,426.163
4714.3,71.41,92.0,0.0,0.1,6,174.846,3.886,428.053
4728.6,71.56,92.0,0.0,0.2,6,171.634,3.879,430.895
4728.6,71.67,92.0,0.0,0.2,6,169.490,3.875,432.794
4728.6,71.82,92.1,0.0,0.2,6,166.269,3.870,435.649
4728.6,71.92,92.1,0.0,0.1,6,164.118,3.868,437.557
4742.9,72.08,92.2,0.0,0.2,6,160.888,3.866,440.425
4742.9,72.18,92.2,0.0,0.2,6,158.731,3.866,442.341
4742.9,72.33,92.2,0.0,0.2,6,155.492,3.866,445.222
4742.9,72.43,92.3,0.0,0.2,6,153.329,3.868,447.147
4757.4,72.58,92.3,0.0,0.1,6,150.081,3.873,450.040
4757.4,72.68,92.3,0.0,0.1,6,147.913,3.875,451.973
4757.4,72.83,92.4,0.0,0.1,6,144.656,3.877,454.879
4771.9,72.98,92.4,0.0,0.1,6,141.394,3.880,457.793
4771.9,73.07,92.4,0.0,0.1,6,139.216,3.882,459.739
4771.9,73.22,92.4,0.0,0.1,6,135.944,3.885,462.664
4771.9,73.32,92.5,0.0,0.1,6,133.760,3.886,464.618
4786.5,73.46,92.5,0.0,0.0,6,130.479,3.888,467.554
4786.5,73.55,92.5,0.0,0.0,6,128.288,3.890,469.515
4786.5,73.70,92.6,0.0,0.0,6,124.997,3.893,472.462
4786.5,73.79,92.6,0.0,0.0,6,122.800,3.894,474.430
4801.3,73.93,92.7,0.0,0.0,6,119.499,3.896,477.386
4801.3,74.03,92.7,0.0,0.0,6,117.296,3.896,479.361
4801.3,74.16,92.7,0.0,-0.0,6,113.985,3.895,482.328
4801.3,74.26,92.7,0.0,-0.1,6,111.774,3.894,484.308
4816.1,74.40,92.8,0.0,-0.1,6,108.454,3.891,487.284
4816.1,74.49,92.8,0.0,-0.0,6,106.236,3.887,489.272
4816.1,74.62,92.8,0.0,0.0,6,102.905,3.880,492.256
4816.1,74.76,92.8,0.0,0.0,6,99.567,3.871,495.246
4831.0,74.85,92.9,0.0,0.0,6,97.339,3.865,497.242
4831.0,74.98,92.9,0.0,0.0,6,93.991,3.855,500.240
4831.0,75.07,92.9,0.0,0.0,6,91.755,3.846,502.242
4831.0,75.20,93.0,0.0,-0.0,6,88.397,3.829,505.249
4846.1,75.29,93.0,0.0,-0.1,6,86.155,3.818,507.257
4846.1,75.42,93.0,0.0,-0.0,6,82.787,3.798,510.273
4846.1,75.51,93.0,0.0,-0.0,6,80.539,3.785,512.286
4846.1,75.63,93.1,0.0,-0.0,6,77.161,3.764,515.311
4861.2,75.72,93.1,0.0,-0.1,6,74.906,3.750,517.330
4861.2,75.84,93.1,0.0,-0.1,6,71.518,3.728,520.362
4861.2,75.93,93.2,0.0,-0.1,6,69.256,3.713,522.386
4861.2,76.06,93.2,0.0,-0.1,6,65.858,3.689,525.427
4876.3,76.15,93.2,0.0,-0.2,6,63.590,3.673,527.456
4876.3,76.27,93.2,0.0,-0.3,6,60.181,3.646,530.503
4876.3,76.39,93.3,0.0,-0.9,6,56.766,3.617,533.554
4876.3,76.47,93.3,0.0,-1.7,6,54.485,3.595,535.589
4891.6,76.60,93.3,0.0,0.5,6,51.055,3.562,538.641
4891.6,76.68,93.3,0.0,0.2,6,48.762,3.538,540.676
4891.6,76.79,93.4,0.0,0.6,6,45.317,3.501,543.729
4891.6,76.88,93.4,0.0,0.6,6,43.016,3.474,545.767
4906.9,77.00,93.4,0.0,0.3,6,39.561,3.430,548.828
4906.9,77.07,93.4,0.0,0.2,6,37.256,3.399,550.873
4906.9,77.19,93.5,0.0,0.2,6,33.798,3.345,553.948
4906.9,77.27,93.5,0.0,0.2,6,31.491,3.308,556.003
4922.4,77.40,93.5,0.0,0.3,6,28.030,3.251,559.092
4922.4,77.46,93.5,0.0,0.3,6,25.721,3.212,561.155
4922.4,77.57,93.6,0.0,0.2,6,22.256,3.154,564.257
4922.4,77.65,93.6,0.0,0.2,6,19.945,3.115,566.329
4937.9,77.77,93.6,0.0,0.1,6,16.475,3.054,569.442
4937.9,77.88,93.6,0.0,-0.1,6,13.001,2.994,572.562
4937.9,77.95,93.6,0.0,-0.3,6,10.683,2.955,574.645
4937.9,78.06,93.7,0.0,-0.1,6,7.202,2.897,577.773
4953.5,78.13,93.7,0.0,0.1,6,4.878,2.861,579.859
4953.5,78.25,93.7,0.0,-0.3,6,1.387,2.806,582.992
4953.5,78.24,42.9,22.3,-0.8,6,-0.944,2.765,585.082
4953.5,77.59,0.0,66.1,-0.9,6,-4.430,2.704,588.202
4969.1,76.82,0.0,80.3,-0.3,6,-6.735,2.664,590.261
4969.1,75.49,0.0,88.5,-0.4,6,-10.149,2.608,593.302
4969.1,74.55,0.0,89.6,-0.6,6,-12.394,2.571,595.296
4969.1,73.14,0.0,90.4,-0.8,6,-15.713,2.518,598.235
4984.1,72.19,0.0,90.6,-0.8,6,-17.894,2.485,600.159
4984.1,70.81,0.0,92.6,-0.7,6,-21.117,2.437,602.993
4984.1,69.84,0.0,91.7,-1.0,6,-23.235,2.403,604.847
4984.1,68.43,0.0,90.9,-1.1,6,-26.364,2.352,607.575
4998.1,67.03,0.0,90.7,-0.8,6,-29.436,2.302,610.239
4998.1,66.10,0.0,90.6,-0.8,6,-31.454,2.269,611.978
4998.1,64.71,0.0,91.0,-1.0,6,-34.436,2.223,614.533
4998.1,63.80,32.5,91.4,-1.2,0,-36.395,2.194,616.200
5011.3,62.44,0.0,92.4,-1.3,5,-39.288,2.151,618.647
5011.3,61.51,0.0,92.5,-1.5,5,-41.188,2.122,620.243
5011.3,60.11,0.0,90.7,-1.7,5,-43.991,2.079,622.582
5011.3,59.21,0.0,91.2,-1.5,5,-45.831,2.051,624.104
5023.5,57.85,0.0,91.2,-2.1,5,-48.547,2.009,626.333
5023.5,56.93,0.0,90.5,-2.5,5,-50.330,1.981,627.782
5023.5,55.59,0.0,91.6,-3.3,5,-52.962,1.941,629.898
5023.5,54.70,37.6,91.3,-3.7,0,-54.691,1.914,631.271
5034.8,53.36,0.0,92.4,-3.8,4,-57.246,1.876,633.271
5034.8,52.46,0.0,91.7,-3.5,4,-58.923,1.851,634.564
5034.8,51.14,0.0,83.4,-3.0,4,-61.401,1.814,636.443
5045.1,49.90,0.0,71.7,-1.9,4,-63.837,1.777,638.249
5045.1,49.16,0.0,58.6,-0.9,4,-65.442,1.753,639.411
5045.1,48.24,0.0,46.5,-0.1,4,-67.833,1.718,641.093
5045.1,47.71,0.0,41.4,-0.1,4,-69.419,1.695,642.174
5054.7,47.00,0.0,38.2,-2.2,4,-71.792,1.661,643.738
5054.7,46.55,0.0,39.6,-4.3,4,-73.372,1.638,644.744
5054.7,45.87,0.0,41.9,-7.6,4,-75.734,1.605,646.197
5054.7,45.41,0.0,39.4,-9.4,4,-77.304,1.584,647.131
5063.8,44.75,0.0,34.1,-10.9,4,-79.649,1.552,648.480
5063.8,44.36,0.0,30.6,-10.9,4,-81.207,1.531,649.345
5063.8,43.83,0.0,21.8,-10.0,4,-83.540,1.500,650.593
5063.8,43.55,0.0,18.9,-10.2,4,-85.095,1.479,651.392
5072.4,43.18,43.2,15.2,-11.3,0,-87.428,1.447,652.544
5072.4,42.97,0.0,15.6,-11.4,3,-88.987,1.425,653.279
5072.4,42.55,0.0,28.9,-12.0,3,-91.327,1.393,654.334
5072.4,41.98,0.0,34.5,-12.8,3,-93.662,1.361,655.328
5080.8,41.59,0.0,27.6,-12.7,3,-95.212,1.341,655.955
5080.8,41.10,0.0,14.6,-12.6,3,-97.528,1.310,656.843
5080.8,40.88,0.0,10.6,-13.1,3,-99.071,1.291,657.400
5080.8,40.59,0.0,6.1,-14.7,3,-101.385,1.261,658.186
5089.0,40.43,0.0,4.6,-16.0,3,-102.930,1.241,658.676
5089.0,40.22,0.0,2.1,-17.6,3,-105.250,1.211,659.360
5089.0,40.09,0.0,1.1,-18.0,3,-106.800,1.191,659.783
5089.0,39.92,0.0,1.2,-19.1,3,-109.129,1.162,660.364
5097.3,39.74,0.0,1.2,-19.6,3,-111.461,1.133,660.885
5097.3,39.62,0.0,1.7,-19.4,3,-113.018,1.113,661.198
5097.3,39.43,0.0,2.0,-19.5,3,-115.353,1.085,661.612
5097.3,39.30,0.0,1.9,-19.8,3,-116.909,1.067,661.852
5105.6,39.12,0.0,1.8,-19.7,3,-119.242,1.040,662.158
5105.6,38.99,0.0,1.7,-19.1,3,-120.795,1.023,662.326
5105.6,38.80,0.0,2.3,-18.2,3,-123.121,0.998,662.520
5105.6,38.67,0.0,2.4,-18.1,3,-124.668,0.983,662.613
5113.5,38.48,0.0,2.4,-18.8,3,-126.981,0.962,662.697
5113.5,38.35,0.0,2.3,-19.3,3,-128.518,0.948,662.717
5113.5,38.17,0.0,2.0,-20.3,3,-130.813,0.927,662.696
5113.5,38.04,0.0,2.5,-20.5,3,-132.337,0.914,662.647
5121.6,37.85,0.0,2.8,-20.5,3,-134.611,0.893,662.520
5137.4,36.77,0.0,0.3,-21.5,3,-148.588,0.779,660.306
5137.4,36.60,0.2,0.0,-24.5,3,-150.717,0.763,659.747
5137.4,36.49,0.7,0.0,-25.7,3,-152.122,0.753,659.343
5137.4,36.33,2.1,0.0,-26.7,3,-154.207,0.737,658.690
5145.4,36.23,2.0,0.2,-27.1,3,-155.581,0.727,658.221
5145.4,36.05,0.0,2.7,-27.6,3,-157.615,0.712,657.470
5145.4,35.83,0.0,4.2,-27.2,3,-159.614,0.698,656.659
5145.4,35.68,0.0,1.4,-26.4,3,-160.925,0.690,656.086
5153.0,35.48,7.4,0.0,-24.0,3,-162.856,0.680,655.175
5168.5,34.72,29.9,0.0,-29.0,2,-174.664,0.652,647.649
5168.5,34.73,37.7,0.0,-30.7,2,-175.733,0.654,646.762
5168.5,34.89,47.9,0.0,-35.0,2,-177.303,0.658,645.387
5168.5,34.99,51.3,0.0,-38.1,2,-178.330,0.660,644.440
5176.5,35.22,53.3,0.0,-42.3,2,-179.841,0.665,642.973
5176.5,35.36,57.0,0.0,-45.6,2,-180.828,0.668,641.964
5176.5,35.52,39.6,0.0,-50.1,2,-182.276,0.672,640.407
5176.5,35.53,25.8,0.0,-51.0,2,-183.215,0.676,639.340
5183.9,35.46,22.2,0.0,-51.2,2,-184.578,0.683,637.703
5183.9,35.42,23.5,0.0,-50.5,2,-185.454,0.689,636.589
5183.9,35.43,36.5,0.0,-50.1,2,-186.723,0.700,634.884
5183.9,35.46,27.5,0.0,-49.8,2,-187.939,0.710,633.140
5191.4,35.45,29.3,0.0,-49.8,2,-188.721,0.716,631.956
5191.4,35.44,27.7,0.0,-48.6,2,-189.846,0.727,630.152
5191.4,35.43,27.3,0.0,-47.9,2,-190.565,0.734,628.930
5191.4,35.41,29.2,0.0,-45.1,2,-191.593,0.747,627.070
5198.4,35.43,34.4,0.0,-42.3,2,-192.246,0.755,625.813
5198.4,35.50,42.6,0.0,-37.7,2,-193.179,0.765,623.901
5198.4,35.60,49.8,0.0,-33.8,2,-193.769,0.771,622.608
5198.4,35.79,52.9,0.0,-26.4,2,-194.609,0.778,620.638
5205.1,35.88,39.9,0.0,-20.4,2,-195.137,0.782,619.306
5205.1,35.94,31.4,0.0,-11.1,2,-195.879,0.786,617.283
5205.1,35.96,26.7,0.0,-5.3,2,-196.340,0.787,615.921
5205.1,35.92,22.0,0.0,1.0,2,-196.978,0.787,613.861
5212.0,35.91,35.2,0.0,3.6,2,-197.552,0.788,611.784
5212.0,36.01,55.7,0.0,3.4,2,-197.899,0.789,610.389
5212.0,36.33,67.5,0.0,-0.8,2,-198.372,0.792,608.272
5212.0,36.58,74.2,0.0,-4.6,2,-198.657,0.793,606.843
5219.1,37.01,79.1,0.0,-10.0,2,-199.043,0.796,604.670
5219.1,37.34,81.1,0.0,-12.3,2,-199.274,0.798,603.202
5219.1,37.82,85.6,0.0,-14.9,2,-199.581,0.803,600.970
5219.1,38.15,86.3,0.0,-15.7,2,-199.762,0.807,599.462
5226.6,38.62,86.5,0.0,-12.2,2,-199.996,0.814,597.171
5226.6,38.96,86.5,0.0,-8.7,2,-200.127,0.820,595.626
5226.6,39.46,86.6,0.0,-3.8,2,-200.287,0.829,593.281
5226.6,39.78,86.7,0.0,-1.7,2,-200.370,0.837,591.699
5234.4,40.26,67.8,0.0,0.8,2,-200.463,0.851,589.300
5234.4,40.33,19.4,10.6,1.8,2,-200.508,0.862,587.688
5234.4,40.03,0.0,29.7,3.0,2,-200.563,0.878,585.275
5242.5,39.42,0.0,53.2,5.2,2,-200.616,0.895,582.890
5242.5,38.85,0.0,60.8,6.3,2,-200.656,0.905,581.323
5242.5,37.93,0.0,50.3,8.1,2,-200.730,0.921,579.019
5242.5,37.40,0.0,43.6,9.3,2,-200.790,0.933,577.513
5250.1,36.70,0.0,33.5,11.1,2,-200.903,0.949,575.292
5250.1,36.31,0.0,25.8,12.3,2,-200.997,0.960,573.834
5250.1,35.84,0.0,19.5,13.9,2,-201.168,0.977,571.676
5250.1,35.58,0.0,14.4,15.1,2,-201.304,0.987,570.254
5257.4,35.25,0.0,8.3,17.0,2,-201.544,1.001,568.142
5257.4,35.08,0.0,6.4,17.9,2,-201.729,1.010,566.747
5257.4,34.83,0.0,5.1,19.8,2,-202.048,1.023,564.674
5257.4,34.68,0.0,5.1,19.7,2,-202.289,1.032,563.305
5264.7,34.45,0.0,5.6,18.2,2,-202.695,1.046,561.270
5264.7,34.30,0.0,5.0,17.2,2,-202.993,1.055,559.928
5264.7,34.08,0.0,3.9,17.0,2,-203.482,1.070,557.936
5264.7,33.82,0.0,25.1,17.3,2,-204.022,1.085,555.970
5271.8,33.49,0.0,27.7,17.7,2,-204.406,1.096,554.679
5271.8,32.99,0.0,55.5,18.1,2,-205.017,1.113,552.780
5271.8,32.46,0.0,48.0,18.1,2,-205.443,1.124,551.541
5271.8,31.74,0.0,32.1,16.7,2,-206.108,1.142,549.733
5278.7,31.36,0.0,25.3,15.7,2,-206.570,1.154,548.558
5278.7,30.90,0.0,15.9,14.9,2,-207.296,1.172,546.837
5278.7,30.66,0.0,11.8,15.3,2,-207.802,1.185,545.714
5278.7,30.37,0.0,11.3,17.9,2,-208.594,1.205,544.063
5286.1,30.18,0.0,13.4,20.1,2,-209.143,1.219,542.983
5286.1,29.85,0.0,17.3,22.5,2,-209.995,1.239,541.396
5286.1,29.61,0.0,14.9,23.5,2,-210.581,1.252,540.361
5286.1,29.29,0.0,11.1,24.5,2,-211.488,1.270,538.844
5292.7,29.09,0.0,9.8,25.0,2,-212.111,1.282,537.857
5292.7,28.83,0.0,5.9,26.0,2,-213.077,1.300,536.412
5292.7,28.62,0.0,3.4,27.6,2,-214.080,1.318,535.010
5292.7,28.49,0.0,3.4,28.7,2,-214.770,1.329,534.099
5305.5,27.57,14.6,0.0,40.6,2,-222.590,1.423,526.132
5311.3,27.54,21.8,0.0,42.0,2,-223.904,1.433,525.130
5311.3,27.53,23.6,0.0,43.1,2,-224.801,1.440,524.490
5311.3,27.54,27.6,0.0,44.9,2,-226.175,1.449,523.574
5311.3,27.56,29.9,0.0,46.2,2,-227.111,1.454,522.993
5317.0,27.60,27.9,0.0,49.1,2,-228.544,1.462,522.165
5317.0,27.61,25.8,0.0,51.6,2,-229.518,1.466,521.643
5317.0,27.60,26.6,0.0,55.2,2,-231.002,1.472,520.907
5317.0,27.62,26.8,0.0,57.3,2,-232.006,1.475,520.448
5322.7,27.61,24.0,0.0,60.9,2,-233.534,1.479,519.807
5322.7,27.58,21.2,0.0,64.5,2,-235.084,1.482,519.224
5322.7,27.54,19.3,0.0,66.7,2,-236.128,1.483,518.869
5322.7,27.46,17.4,0.0,68.7,2,-237.707,1.485,518.389
5328.4,27.41,16.7,0.0,69.6,2,-238.766,1.486,518.103
5328.4,27.32,15.4,0.0,70.6,2,-240.365,1.487,517.728
5328.4,27.26,14.7,0.0,71.4,2,-241.435,1.487,517.513
5328.4,27.14,14.1,0.0,71.9,2,-243.045,1.486,517.245
5334.0,27.07,14.3,0.0,71.2,2,-244.120,1.485,517.102
5334.0,26.97,14.3,0.0,70.1,0,-245.734,1.482,516.943
5334.0,26.89,49.2,0.0,69.3,0,-246.809,1.480,516.873
5334.0,26.72,15.2,0.0,66.2,1,-248.416,1.476,516.824
5339.7,26.67,18.3,0.0,63.8,1,-249.484,1.473,516.828
5339.7,26.63,20.0,0.0,61.1,1,-251.082,1.467,516.887
5339.7,26.60,23.0,0.0,58.3,1,-252.674,1.461,517.010
5339.7,26.61,26.5,0.0,56.3,1,-253.732,1.457,517.127
5345.2,26.68,32.5,0.0,52.6,1,-255.314,1.449,517.355
5345.2,26.78,38.1,0.0,49.9,1,-256.367,1.444,517.542
5345.2,27.04,54.5,0.0,45.9,1,-257.945,1.435,517.872
5345.2,27.27,56.0,0.0,43.5,1,-259.001,1.428,518.127
5350.8,27.60,53.6,0.0,39.8,1,-260.588,1.417,518.560
5350.8,27.80,52.4,0.0,37.0,1,-261.647,1.409,518.882
5350.8,28.08,47.4,0.0,32.0,1,-263.235,1.395,519.420
5350.8,28.25,43.2,0.0,28.5,1,-264.290,1.385,519.814
5356.6,28.50,47.5,0.0,24.4,1,-265.865,1.369,520.459
5356.6,28.69,49.2,0.0,23.0,1,-266.909,1.358,520.924
5356.6,28.99,49.7,0.0,23.9,1,-268.467,1.341,521.675
5362.5,29.26,47.9,0.0,27.1,1,-270.013,1.324,522.489
5362.5,29.45,48.0,0.0,29.1,1,-271.036,1.312,523.065
5362.5,29.74,48.8,0.0,33.0,1,-272.558,1.294,523.979
5362.5,29.93,49.1,0.0,36.0,1,-273.563,1.281,524.621
5368.7,30.20,51.3,0.0,39.2,1,-275.057,1.261,525.629
5368.7,30.38,54.0,0.0,40.2,1,-276.043,1.248,526.333
5368.7,30.70,56.2,0.0,39.9,1,-277.503,1.227,527.439
5368.7,30.91,58.5,0.0,39.4,1,-278.464,1.212,528.209
5375.5,31.25,62.1,0.0,38.6,1,-279.885,1.191,529.414
5375.5,31.48,61.1,0.0,37.9,1,-280.819,1.176,530.252
5375.5,31.81,59.5,0.0,37.1,1,-282.195,1.152,531.559
5375.5,32.01,59.7,0.0,36.9,1,-283.096,1.136,532.463
5382.2,32.27,55.2,0.0,35.8,1,-284.415,1.112,533.869
5382.2,32.42,48.7,0.0,34.8,1,-285.272,1.095,534.838
5382.2,32.64,58.7,0.0,34.3,1,-286.518,1.072,536.338
5382.2,32.70,0.0,0.0,34.6,0,-287.717,1.048,537.892
5389.7,32.73,56.0,0.0,35.0,2,-288.484,1.033,538.952
5389.7,32.98,57.1,0.0,35.9,2,-289.591,1.010,540.582
5389.7,33.16,58.3,0.0,37.2,2,-290.302,0.995,541.697
5389.7,33.45,63.4,0.0,39.7,2,-291.330,0.971,543.410
5396.8,33.64,53.8,0.0,40.7,2,-291.989,0.955,544.579
5396.8,33.88,58.2,0.0,42.1,2,-292.933,0.932,546.369
5396.8,34.05,57.3,0.0,43.6,2,-293.532,0.918,547.588
5396.8,34.24,42.1,0.0,45.9,2,-294.388,0.897,549.450
5404.7,34.32,44.2,0.0,47.4,2,-294.927,0.882,550.710
5404.7,34.52,53.2,0.0,49.0,2,-295.690,0.860,552.628
5404.7,34.65,45.7,0.0,49.5,2,-296.168,0.846,553.927
5404.7,34.74,35.6,0.0,50.4,2,-296.832,0.825,555.900
5412.2,34.77,34.3,0.0,48.3,2,-297.238,0.813,557.229
5412.2,34.84,38.6,0.0,43.8,2,-297.791,0.795,559.242
5412.2,35.01,59.5,0.0,39.6,2,-298.278,0.779,561.279
5412.2,35.23,80.3,0.0,35.9,2,-298.568,0.768,562.652
5420.1,35.65,70.5,0.0,26.6,2,-298.954,0.751,564.742
5420.1,35.91,81.9,0.0,20.4,2,-299.177,0.741,566.155
5420.1,36.31,62.0,0.0,10.3,2,-299.459,0.728,568.303
5420.1,36.57,75.3,0.0,5.4,2,-299.613,0.720,569.752
5427.7,37.04,86.1,0.0,2.0,2,-299.795,0.708,571.951
5427.7,37.38,86.2,0.0,1.3,2,-299.887,0.701,573.435
5427.7,37.92,86.2,0.0,3.8,2,-299.984,0.691,575.691
5427.7,38.26,86.2,0.0,6.9,2,-300.022,0.687,577.214
5435.5,38.77,85.6,0.0,11.2,2,-300.045,0.681,579.524
5435.5,39.09,84.3,0.0,12.9,2,-300.039,0.678,581.081
5435.5,39.55,81.6,0.0,13.8,2,-299.995,0.674,583.439
5435.5,39.85,80.5,0.0,13.7,2,-299.941,0.671,585.025
5443.3,40.28,81.7,0.0,13.5,2,-299.820,0.665,587.425
5443.3,40.72,86.2,0.0,13.2,2,-299.648,0.659,589.848
5443.3,41.02,87.2,0.0,13.5,2,-299.502,0.654,591.475
5443.3,41.33,0.0,0.0,14.2,0,-299.237,0.647,593.934
5451.3,41.32,85.0,0.0,13.6,3,-299.029,0.640,595.573
5451.3,41.73,85.3,0.0,15.8,3,-298.667,0.629,598.037
5451.3,42.00,85.4,0.0,18.2,3,-298.393,0.622,599.688
5451.3,42.42,85.5,0.0,20.4,3,-297.934,0.608,602.178
5459.4,42.52,27.8,0.0,21.3,3,-297.593,0.597,603.843
5459.4,42.77,85.6,0.0,20.4,3,-297.031,0.578,606.336
5459.4,43.02,85.7,0.0,19.0,3,-296.618,0.566,608.001
5459.4,43.42,85.8,0.0,15.0,3,-295.944,0.546,610.503
5467.9,43.68,86.0,0.0,11.5,3,-295.457,0.531,612.175
5467.9,44.08,86.1,0.0,9.0,3,-294.676,0.505,614.689
5467.9,44.34,86.1,0.0,5.4,3,-294.119,0.486,616.366
5467.9,44.73,86.3,0.0,0.1,3,-293.230,0.455,618.884
5476.6,45.16,86.3,0.0,-2.2,3,-292.284,0.421,621.408
5476.6,45.43,86.3,0.0,-0.9,3,-291.624,0.396,623.095
5476.6,45.86,86.4,0.0,2.0,3,-290.596,0.361,625.633
5476.6,46.14,86.2,0.0,3.7,3,-289.888,0.338,627.330
5485.6,46.47,86.6,0.0,5.8,3,-288.802,0.302,629.887
5485.6,46.80,86.5,0.0,5.9,3,-288.064,0.272,631.600
5485.6,47.08,86.8,0.0,3.7,3,-286.934,0.221,634.179
5485.6,47.42,86.7,0.0,1.3,3,-286.165,0.184,635.903
5494.9,47.82,86.7,0.0,1.1,3,-284.981,0.128,638.502
5494.9,48.04,86.9,0.0,2.6,3,-284.172,0.095,640.240
5494.9,48.48,86.7,0.0,4.4,3,-282.932,0.046,642.855
5494.9,48.73,86.9,0.0,5.3,3,-282.088,0.017,644.606
5504.5,49.11,86.9,0.0,4.5,3,-280.797,-0.027,647.242
5504.5,49.35,87.0,0.0,4.1,0,-279.920,-0.056,649.005
5504.5,49.39,85.0,0.0,3.4,4,-278.583,-0.100,651.649
5514.3,49.70,85.2,0.0,2.7,4,-277.224,-0.141,654.291
5514.3,49.92,85.2,0.0,2.7,4,-276.301,-0.164,656.057
5514.3,50.33,85.3,0.0,2.5,4,-274.892,-0.193,658.714
5514.3,50.56,85.4,0.0,2.7,4,-273.937,-0.211,660.490
5524.3,50.85,85.4,0.0,3.4,4,-272.477,-0.228,663.158
5524.3,51.08,85.6,0.0,4.4,4,-271.489,-0.236,664.941
5524.3,51.41,85.7,0.0,4.7,4,-269.985,-0.251,667.622
5524.3,51.64,85.6,0.0,4.2,4,-268.965,-0.263,669.413
5534.6,52.00,85.7,0.0,4.7,4,-267.406,-0.282,672.103
5534.6,52.21,85.9,0.0,5.1,4,-266.346,-0.294,673.897
5534.6,52.53,86.1,0.0,5.6,4,-264.723,-0.310,676.587
5534.6,52.75,86.2,0.0,5.7,4,-263.618,-0.321,678.379
5545.0,53.07,86.4,0.0,5.7,4,-261.928,-0.335,681.065
5545.0,53.29,86.5,0.0,5.3,4,-260.779,-0.342,682.855
5545.0,53.60,86.7,0.0,4.2,4,-259.022,-0.351,685.536
5545.0,53.93,86.8,0.0,2.7,4,-257.226,-0.357,688.215
5555.7,54.14,86.9,0.0,2.3,4,-256.009,-0.360,690.001
5555.7,54.46,87.1,0.0,1.8,4,-254.158,-0.365,692.681
5555.7,54.67,87.2,0.0,1.9,4,-252.908,-0.368,694.471
5555.7,54.99,87.3,0.0,1.5,4,-251.014,-0.373,697.160
5566.5,55.20,87.4,0.0,1.5,4,-249.739,-0.376,698.957
5566.5,55.51,87.6,0.0,1.8,4,-247.809,-0.383,701.659
5566.5,55.72,87.6,0.0,2.1,4,-246.511,-0.389,703.465
5566.5,56.02,87.8,0.0,2.6,4,-244.544,-0.397,706.179
5577.6,56.22,87.9,0.0,2.8,4,-243.220,-0.402,707.991
5577.6,56.53,88.0,0.0,3.2,4,-241.213,-0.410,710.713
5577.6,56.72,88.2,0.0,3.4,4,-239.859,-0.414,712.529
5577.6,57.02,88.3,0.0,3.7,4,-237.805,-0.419,715.252
5588.8,57.21,88.4,0.0,3.9,4,-236.418,-0.421,717.067
5588.8,57.51,88.5,0.0,4.3,4,-234.312,-0.424,719.789
5588.8,57.79,88.6,0.0,4.4,4,-232.173,-0.426,722.506
5588.8,57.98,88.7,0.0,4.4,4,-230.728,-0.427,724.315
5600.4,58.25,88.8,0.0,4.5,4,-228.531,-0.428,727.021
5600.4,58.44,88.9,0.0,4.6,4,-227.046,-0.428,728.821
5600.4,58.71,89.0,0.0,4.9,4,-224.787,-0.425,731.513
5600.4,58.88,89.1,0.0,5.0,4,-223.260,-0.423,733.301
5612.2,59.15,89.2,0.0,5.1,4,-220.939,-0.418,735.975
5612.2,59.32,89.3,0.0,5.1,4,-219.371,-0.412,737.750
5612.2,59.49,0.0,0.0,5.1,0,-216.986,-0.401,740.402
5612.2,59.44,87.9,0.0,4.7,5,-215.380,-0.392,742.155
5624.3,59.68,88.0,0.0,4.3,5,-212.942,-0.374,744.768
5624.3,59.84,88.1,0.0,4.4,5,-211.297,-0.361,746.501
5624.3,60.08,88.2,0.0,4.4,5,-208.798,-0.340,749.089
5624.3,60.31,88.3,0.0,4.3,5,-206.264,-0.317,751.661
5636.5,60.47,88.4,0.0,4.2,5,-204.554,-0.299,753.367
5636.5,60.70,88.5,0.0,4.3,5,-201.961,-0.271,755.914
5636.5,60.86,88.6,0.0,4.6,5,-200.214,-0.253,757.604
5636.5,61.10,88.7,0.0,4.8,5,-197.566,-0.227,760.128
5648.9,61.25,88.7,0.0,4.7,5,-195.782,-0.212,761.802
5648.9,61.48,88.8,0.0,4.9,5,-193.078,-0.190,764.301
5648.9,61.64,88.9,0.0,5.2,5,-191.257,-0.180,765.957
5648.9,61.87,89.0,0.0,5.0,5,-188.498,-0.170,768.429
5661.5,62.02,89.0,0.0,4.8,5,-186.639,-0.166,770.067
5661.5,62.24,89.1,0.0,4.5,5,-183.821,-0.162,772.506
5661.5,62.39,89.2,0.0,4.5,5,-181.922,-0.158,774.120
5661.5,62.61,89.3,0.0,4.7,5,-179.043,-0.150,776.523
5674.1,62.76,89.4,0.0,5.0,5,-177.105,-0.145,778.112
5674.1,62.98,89.5,0.0,5.5,5,-174.168,-0.141,780.480
5674.1,63.20,89.6,0.0,6.0,5,-171.197,-0.138,782.825
5674.1,63.35,89.6,0.0,6.2,5,-169.196,-0.139,784.375
5687.0,63.56,89.7,0.0,5.9,5,-166.164,-0.143,786.676
5687.0,63.70,89.8,0.0,6.1,5,-164.120,-0.143,788.193
5687.0,63.91,89.9,0.0,6.2,5,-161.022,-0.142,790.440
5687.0,64.05,90.0,0.0,6.6,5,-158.935,-0.140,791.920
5700.1,64.25,90.0,0.0,6.8,5,-155.772,-0.138,794.113
5700.1,64.40,90.0,0.0,6.2,5,-153.642,-0.138,795.557
5700.1,64.59,90.1,0.0,5.6,5,-150.415,-0.136,797.691
5700.1,64.72,90.2,0.0,5.2,5,-148.241,-0.132,799.092
5713.2,64.91,90.3,0.0,5.7,5,-144.950,-0.123,801.164
5713.2,65.04,90.4,0.0,6.2,5,-142.736,-0.120,802.527
5713.2,65.25,90.4,0.0,6.6,5,-139.388,-0.117,804.544
5713.2,65.39,90.5,0.0,6.6,5,-137.136,-0.116,805.869
5726.5,65.57,90.5,0.0,5.8,5,-133.727,-0.113,807.820
5726.5,65.72,90.6,0.0,6.5,5,-131.433,-0.111,809.099
5726.5,65.91,90.6,0.0,7.3,5,-127.965,-0.110,810.984
5739.9,66.08,90.7,0.0,7.2,5,-124.459,-0.108,812.825
5739.9,66.22,90.8,0.0,7.3,5,-122.102,-0.106,814.027
5739.9,66.39,90.9,0.0,7.0,5,-118.537,-0.104,815.790
5739.9,66.51,90.9,0.0,7.1,5,-116.140,-0.101,816.939
5753.3,66.70,90.9,0.0,7.4,5,-112.516,-0.098,818.621
5753.3,66.81,91.0,0.0,7.9,5,-110.081,-0.096,819.715
5753.3,66.99,91.1,0.0,8.2,5,-106.400,-0.092,821.314
5753.3,67.10,91.1,0.0,7.9,5,-103.927,-0.088,822.349
5766.8,67.27,91.2,0.0,7.7,5,-100.189,-0.082,823.859
5766.8,67.38,91.2,0.0,7.8,5,-97.680,-0.078,824.837
5766.8,67.55,91.3,0.0,7.8,5,-93.890,-0.071,826.256
5766.8,67.66,91.4,0.0,8.3,5,-91.345,-0.066,827.173
5780.4,67.83,91.4,0.0,8.2,5,-87.504,-0.062,828.502
5780.4,67.94,91.4,0.0,7.4,5,-84.927,-0.059,829.357
5780.4,68.09,91.5,0.0,7.2,5,-81.037,-0.052,830.589
5780.4,68.26,91.6,0.0,7.0,5,-77.119,-0.045,831.764
5793.9,68.37,91.6,0.0,6.9,5,-74.492,-0.040,832.515
5793.9,68.53,91.7,0.0,7.6,5,-70.530,-0.033,833.593
5793.9,68.63,91.7,0.0,7.3,5,-67.875,-0.027,834.280
5793.9,68.79,91.8,0.0,5.5,5,-63.871,-0.018,835.264
5807.5,68.90,91.8,0.0,5.1,5,-61.190,-0.011,835.889
5807.5,69.06,91.8,0.0,4.4,5,-57.149,0.001,836.783
5807.5,69.17,91.9,0.0,3.9,5,-54.444,0.011,837.352
5807.5,69.33,91.9,0.0,3.9,5,-50.371,0.028,838.169
5821.2,69.44,92.0,0.0,3.8,5,-47.645,0.042,838.690
5821.2,69.61,92.0,0.0,3.7,5,-43.542,0.064,839.443
5821.2,69.71,92.1,0.0,3.9,0,-40.798,0.079,839.925
5821.2,69.63,91.1,0.0,3.4,6,-36.676,0.102,840.619
5835.1,69.78,91.2,0.0,2.9,6,-32.546,0.125,841.276
5835.1,69.88,91.2,0.0,3.0,6,-29.785,0.141,841.695
5835.1,70.04,91.3,0.0,2.3,6,-25.631,0.166,842.297
5835.1,70.15,91.3,0.0,2.0,6,-22.854,0.186,842.681
5849.1,70.31,91.4,0.0,1.5,6,-18.678,0.216,843.235
5849.1,70.42,91.4,0.0,1.2,6,-15.886,0.234,843.592
5849.1,70.57,91.4,0.0,0.6,6,-11.689,0.259,844.112
5849.1,70.68,91.5,0.0,0.4,6,-8.884,0.278,844.450
5863.3,70.84,91.5,0.0,0.1,6,-4.669,0.306,844.948
5863.3,70.94,91.6,0.0,-0.1,6,-1.852,0.326,845.275
5863.3,71.09,91.7,0.0,-0.3,6,2.380,0.354,845.763
5863.3,71.21,91.6,0.0,-0.4,6,5.207,0.368,846.088
8.3,71.35,91.7,0.0,-0.3,6,9.456,0.395,846.576
