opponent,v3,Jules Gounon,0,1771612075791
Game,version,date,track,car,event,laptime [s],S1 [s],S2 [s],S3 [s],S4+ [s]
LMU,1.2,2026-02-20 18:27:55,Silverstone Grand Prix Circuit - ELMS,Alpine Endurance Team 2025 #36:LM (Hyper),Live,108.605,0,0,0
Tracklen [m],TotalLaps
5869.0,1
,
,
lapdistance [m],speed [m/s],throttle [%],brake [%],steer [%],gear [int],world_x [m],world_y [m],world_z [m]
1.5,72.06,86.5,0.0,-0.0,6,7.097,0.366,845.798
1.5,72.16,86.6,0.0,0.0,6,9.962,0.386,846.137
1.5,72.32,86.6,0.0,0.1,6,14.266,0.416,846.647
15.9,72.42,86.6,0.0,0.2,6,17.140,0.438,846.988
15.9,72.58,86.6,0.0,0.1,6,21.460,0.471,847.500
15.9,72.69,86.6,0.0,0.1,6,24.345,0.493,847.841
15.9,72.84,86.6,0.0,0.3,6,28.680,0.527,848.353
30.4,72.99,86.7,0.0,0.4,6,33.024,0.565,848.863
30.4,73.09,86.7,0.0,0.4,6,35.926,0.590,849.203
30.4,73.24,86.7,0.0,0.4,6,40.286,0.626,849.712
30.4,73.34,86.7,0.0,0.4,6,43.198,0.651,850.049
45.1,73.49,86.7,0.0,0.3,6,47.573,0.691,850.553
45.1,73.58,86.8,0.0,0.3,6,50.495,0.718,850.887
45.1,73.73,86.8,0.0,0.4,6,54.886,0.760,851.386
45.1,73.83,86.8,0.0,0.3,6,57.818,0.786,851.718
59.8,73.97,86.8,0.0,0.4,6,62.223,0.825,852.213
59.8,74.06,86.8,0.0,0.4,6,65.165,0.853,852.542
59.8,74.20,86.9,0.0,0.3,6,69.585,0.896,853.035
59.8,74.30,86.9,0.0,0.3,6,72.537,0.925,853.363
74.6,74.45,86.8,0.0,0.1,6,76.972,0.964,853.853
74.6,74.53,86.9,0.0,0.1,6,79.933,0.990,854.179
74.6,74.67,86.9,0.0,0.0,6,84.383,1.025,854.667
74.6,74.77,86.9,0.0,0.0,6,87.353,1.047,854.993
89.5,74.90,87.0,0.0,0.1,6,91.817,1.083,855.481
89.5,75.04,87.0,0.0,0.2,6,96.288,1.117,855.970
89.5,75.13,87.0,0.0,0.1,6,99.273,1.139,856.296
104.5,75.26,87.0,0.0,0.2,6,103.758,1.171,856.785
104.5,75.35,87.0,0.0,0.3,6,106.752,1.192,857.111
104.5,75.49,87.0,0.0,0.4,6,111.250,1.224,857.599
104.5,75.56,87.0,0.0,0.5,6,114.254,1.246,857.924
119.6,75.70,87.1,0.0,0.4,6,118.765,1.280,858.410
119.6,75.79,87.1,0.0,0.4,6,121.778,1.300,858.732
119.6,75.92,87.1,0.0,0.3,6,126.304,1.324,859.213
119.6,76.01,87.1,0.0,0.2,6,129.325,1.339,859.531
134.8,76.13,87.1,0.0,0.4,6,133.864,1.364,860.007
134.8,76.21,87.1,0.0,0.5,6,136.895,1.383,860.322
134.8,76.33,87.2,0.0,0.4,6,141.446,1.419,860.794
134.8,76.42,87.2,0.0,0.4,6,144.484,1.440,861.106
150.0,76.55,87.2,0.0,0.4,6,149.049,1.467,861.572
150.0,76.63,87.2,0.0,0.4,6,152.097,1.486,861.881
150.0,76.75,87.2,0.0,0.4,6,156.674,1.513,862.342
150.0,76.83,87.2,0.0,0.4,6,159.731,1.529,862.647
165.4,76.94,87.2,0.0,0.3,6,164.320,1.557,863.103
165.4,77.05,87.3,0.0,0.2,6,168.918,1.586,863.556
165.4,77.13,87.3,0.0,0.2,6,171.986,1.607,863.856
165.4,77.26,87.3,0.0,0.4,6,176.596,1.639,864.305
180.8,77.34,87.3,0.0,1.0,6,179.673,1.659,864.603
180.8,77.45,87.3,0.0,-0.4,6,184.295,1.688,865.045
180.8,77.53,87.3,0.0,-1.2,6,187.381,1.706,865.339
180.8,77.63,87.3,0.0,-1.2,6,192.014,1.735,865.779
196.3,77.70,87.3,0.0,-0.9,6,195.107,1.755,866.076
196.3,77.82,87.4,0.0,-0.4,6,199.750,1.783,866.529
196.3,77.89,87.4,0.0,-0.4,6,202.849,1.801,866.836
196.3,78.00,87.4,0.0,-0.5,6,207.502,1.826,867.305
211.8,78.08,87.4,0.0,-0.5,6,210.607,1.842,867.622
211.8,78.17,87.4,0.0,-0.1,6,215.270,1.870,868.102
211.8,78.24,87.4,0.0,0.2,6,218.381,1.891,868.426
211.8,78.34,87.4,0.0,0.8,6,223.053,1.923,868.913
227.5,78.41,87.4,0.0,0.9,6,226.171,1.945,869.237
227.5,78.34,0.0,0.0,0.8,0,230.851,1.978,869.722
227.5,78.38,86.6,0.0,0.8,7,235.527,2.013,870.199
227.5,78.45,86.6,0.0,0.8,7,238.647,2.037,870.513
243.2,78.55,86.7,0.0,1.4,7,243.334,2.068,870.976
243.2,78.43,29.9,57.7,1.9,7,246.462,2.084,871.279
243.2,77.38,0.0,81.9,2.5,7,251.120,2.108,871.721
243.2,76.50,0.0,87.5,2.5,7,254.186,2.123,872.004
258.7,75.13,0.0,90.7,2.6,7,258.720,2.148,872.407
258.7,74.20,0.0,91.3,3.3,7,261.698,2.165,872.661
258.7,72.82,18.1,93.4,4.5,0,266.097,2.190,873.015
258.7,71.90,0.0,94.0,4.1,6,268.985,2.205,873.232
273.3,70.48,0.0,92.5,4.3,6,273.248,2.226,873.524
273.3,69.54,0.0,91.9,4.8,6,276.045,2.238,873.697
273.3,68.15,0.0,91.5,5.5,6,280.173,2.253,873.919
273.3,67.23,0.0,91.1,5.9,6,282.880,2.264,874.041
287.0,65.89,19.7,92.5,7.5,0,286.873,2.278,874.183
287.0,64.97,0.0,88.5,7.3,5,289.491,2.285,874.249
287.0,63.65,0.0,72.6,6.7,5,293.351,2.300,874.301
287.0,62.61,0.0,37.4,7.7,5,297.138,2.317,874.290
299.8,62.15,0.0,27.0,8.0,5,299.634,2.327,874.245
299.8,61.58,0.0,23.8,9.1,5,303.344,2.344,874.116
299.8,61.23,0.0,17.6,10.4,5,305.797,2.356,873.988
299.8,60.81,0.0,10.9,11.9,5,309.450,2.377,873.734
312.0,60.57,0.0,9.3,13.4,5,311.869,2.393,873.523
312.0,60.24,0.0,4.3,15.3,5,315.473,2.416,873.145
312.0,60.06,0.2,0.4,16.0,5,317.862,2.431,872.853
312.0,59.82,2.9,0.0,16.5,5,321.423,2.453,872.352
323.8,59.66,0.9,4.5,17.0,5,323.783,2.467,871.975
323.8,59.38,0.0,3.5,17.7,5,327.299,2.488,871.346
323.8,59.18,0.0,7.0,17.8,5,329.626,2.500,870.883
323.8,58.87,0.0,5.6,17.5,5,333.085,2.518,870.124
335.7,58.67,0.9,0.9,17.0,5,335.371,2.529,869.573
335.7,58.51,31.9,0.0,16.7,5,338.770,2.546,868.679
335.7,58.46,44.8,0.0,17.7,5,342.139,2.563,867.701
335.7,58.45,52.0,0.0,19.5,5,344.371,2.573,867.003
347.6,58.44,41.7,0.0,23.7,5,347.696,2.589,865.887
347.6,58.40,35.3,0.0,25.6,5,349.895,2.600,865.098
347.6,58.29,25.5,0.0,26.1,5,353.166,2.617,863.849
347.6,58.20,22.1,0.0,26.7,5,355.325,2.629,862.973
360.1,58.04,21.5,0.0,25.8,5,358.529,2.648,861.594
360.1,57.93,15.6,0.0,24.7,5,360.640,2.661,860.633
360.1,57.86,57.0,0.0,22.7,5,363.769,2.680,859.128
360.1,57.92,74.3,0.0,21.8,5,365.834,2.692,858.081
372.2,58.01,55.1,0.0,21.1,5,368.903,2.710,856.444
372.2,58.02,56.7,0.0,21.3,5,370.927,2.722,855.308
372.2,58.14,82.6,0.0,22.1,5,373.929,2.741,853.541
372.2,58.27,85.5,0.0,22.2,5,375.910,2.753,852.320
384.6,58.46,85.5,0.0,22.4,5,378.853,2.772,850.423
384.6,58.66,85.5,0.0,22.9,5,381.760,2.789,848.451
384.6,58.78,85.5,0.0,23.3,5,383.678,2.800,847.095
396.8,58.97,85.6,0.0,23.3,5,386.522,2.815,845.000
396.8,59.10,85.6,0.0,22.1,5,388.394,2.826,843.561
396.8,59.28,85.7,0.0,20.5,5,391.165,2.844,841.341
396.8,59.41,85.7,0.0,20.3,5,392.987,2.856,839.820
409.1,59.59,83.2,0.0,19.3,5,395.682,2.872,837.479
409.1,59.70,74.7,0.0,18.6,5,397.452,2.883,835.879
409.1,59.73,44.6,9.2,18.5,5,400.060,2.902,833.422
409.1,59.55,7.3,24.5,18.5,5,401.764,2.914,831.751
421.4,58.86,0.0,25.8,17.1,5,404.255,2.931,829.214
421.4,58.51,8.7,1.9,14.6,5,405.868,2.942,827.509
421.4,58.50,79.8,0.0,11.4,5,408.227,2.958,824.913
421.4,58.63,85.6,0.0,11.0,5,409.769,2.967,823.149
433.2,58.85,85.6,0.0,11.4,5,412.039,2.978,820.454
433.2,59.07,85.5,0.0,13.0,5,414.255,2.989,817.697
433.2,59.21,85.6,0.0,15.1,5,415.702,2.999,815.826
433.2,59.43,85.6,0.0,20.2,5,417.830,3.012,812.974
444.7,59.58,85.6,0.0,21.9,5,419.222,3.018,811.044
444.7,59.77,85.7,0.0,23.2,5,421.264,3.030,808.103
444.7,59.89,85.8,0.0,23.3,5,422.591,3.039,806.112
444.7,60.09,85.8,0.0,22.4,5,424.529,3.056,803.078
456.3,60.20,85.9,0.0,20.1,5,425.782,3.069,801.025
456.3,60.38,85.9,0.0,16.8,5,427.602,3.092,797.899
456.3,60.50,86.0,0.0,15.6,5,428.775,3.108,795.786
456.3,60.70,85.9,0.0,13.7,5,430.475,3.133,792.572
468.2,60.81,86.0,0.0,14.0,5,431.568,3.152,790.402
468.2,61.04,85.5,0.0,12.9,5,433.153,3.176,787.109
468.2,61.17,85.9,0.0,11.8,5,434.171,3.194,784.888
468.2,61.37,86.1,0.0,12.4,5,435.640,3.228,781.519
480.3,61.48,85.9,0.0,12.7,5,437.052,3.262,778.114
480.3,61.58,34.7,0.0,8.7,5,437.969,3.272,775.832
480.3,61.68,81.4,0.0,4.2,5,439.297,3.280,772.382
480.3,61.81,86.0,0.0,3.3,5,440.141,3.291,770.062
492.5,62.00,86.0,0.0,4.8,5,441.350,3.323,766.551
492.5,62.16,86.1,0.0,6.9,5,442.128,3.348,764.193
492.5,62.41,86.2,0.0,8.4,5,443.265,3.378,760.633
492.5,62.53,73.8,0.0,7.2,5,444.005,3.393,758.247
504.7,62.71,79.6,0.0,5.3,5,445.079,3.418,754.648
504.7,62.85,86.1,0.0,3.5,5,445.774,3.437,752.235
504.7,63.08,86.3,0.0,2.4,5,446.788,3.463,748.597
504.7,63.23,85.9,0.0,3.4,5,447.447,3.482,746.159
517.2,63.44,85.8,0.0,5.1,5,448.414,3.512,742.485
517.2,63.62,86.0,0.0,5.9,5,449.046,3.533,740.024
517.2,63.85,86.4,0.0,6.5,5,449.974,3.562,736.316
517.2,64.00,86.4,0.0,6.0,5,450.577,3.583,733.831
529.9,64.22,86.5,0.0,5.5,5,451.452,3.618,730.086
529.9,64.45,86.6,0.0,6.0,5,452.293,3.642,726.320
529.9,64.58,86.6,0.0,5.8,5,452.832,3.657,723.796
529.9,64.79,86.5,0.0,5.2,5,453.600,3.687,719.992
542.7,64.93,86.6,0.0,5.3,5,454.089,3.708,717.445
542.7,65.16,86.6,0.0,4.7,5,454.793,3.734,713.606
542.7,65.31,86.6,0.0,3.3,5,455.242,3.750,711.036
542.7,65.52,86.6,0.0,3.1,5,455.888,3.776,707.165
555.7,65.66,86.6,0.0,2.1,5,456.302,3.797,704.575
568.8,66.80,86.8,0.0,1.7,5,459.379,3.970,683.608
568.8,66.95,86.8,0.0,1.6,5,459.741,3.992,680.958
582.0,67.15,86.9,0.0,1.7,5,460.272,4.024,676.971
582.0,67.29,86.9,0.0,1.7,5,460.620,4.046,674.305
582.0,67.49,86.9,0.0,1.9,5,461.131,4.080,670.295
582.0,67.63,87.0,0.0,1.9,5,461.466,4.102,667.614
595.4,67.83,87.0,0.0,1.7,5,461.957,4.136,663.581
595.4,67.96,87.0,0.0,1.9,5,462.278,4.157,660.885
595.4,68.16,87.0,0.0,1.9,5,462.748,4.190,656.829
595.4,68.29,87.1,0.0,2.0,5,463.055,4.214,654.118
608.9,68.49,87.1,0.0,1.7,5,463.503,4.250,650.040
608.9,68.62,87.1,0.0,1.7,5,463.795,4.273,647.314
608.9,68.81,87.2,0.0,1.8,5,464.221,4.307,643.213
622.6,69.00,87.2,0.0,1.7,5,464.632,4.341,639.100
622.6,69.13,87.2,0.0,1.8,5,464.899,4.363,636.351
622.6,69.31,87.2,0.0,1.9,5,465.287,4.398,632.216
622.6,69.44,87.2,0.0,2.1,5,465.538,4.421,629.453
636.4,69.63,87.3,0.0,1.7,5,465.903,4.455,625.297
636.4,69.75,87.3,0.0,1.8,5,466.139,4.476,622.520
636.4,69.93,87.3,0.0,1.4,5,466.482,4.509,618.345
636.4,70.05,87.3,0.0,1.3,5,466.702,4.531,615.554
650.4,70.22,87.4,0.0,1.3,5,467.023,4.564,611.359
650.4,70.34,87.4,0.0,1.1,5,467.231,4.586,608.555
650.4,70.52,87.4,0.0,0.9,5,467.533,4.619,604.341
650.4,70.63,87.4,0.0,1.0,5,467.728,4.642,601.525
664.5,70.80,87.4,0.0,0.9,5,468.014,4.674,597.292
664.5,70.92,87.4,0.0,1.0,5,468.199,4.696,594.464
664.5,70.89,0.0,0.0,1.0,0,468.471,4.728,590.216
664.5,70.99,86.4,0.0,1.0,6,468.733,4.758,585.970
678.7,71.10,86.4,0.0,0.9,6,468.903,4.777,583.133
678.7,71.27,86.4,0.0,0.9,6,469.152,4.804,578.870
678.7,71.38,86.4,0.0,0.9,6,469.313,4.821,576.022
678.7,71.54,86.4,0.0,0.9,6,469.549,4.845,571.741
693.0,71.65,86.5,0.0,0.8,6,469.703,4.859,568.881
693.0,71.82,86.5,0.0,0.4,6,469.927,4.878,564.583
693.0,71.92,86.5,0.0,0.3,6,470.072,4.890,561.713
693.0,72.09,86.5,0.0,0.1,6,470.286,4.906,557.398
707.4,72.19,86.5,0.0,0.0,6,470.426,4.917,554.516
707.4,72.35,86.6,0.0,0.0,6,470.635,4.931,550.186
707.4,72.46,86.6,0.0,-0.0,6,470.773,4.939,547.293
707.4,72.62,86.6,0.0,-0.0,6,470.980,4.949,542.946
721.9,72.72,86.6,0.0,-0.1,6,471.118,4.954,540.043
721.9,72.87,86.7,0.0,-0.1,6,471.325,4.960,535.681
721.9,72.98,86.7,0.0,0.0,6,471.463,4.963,532.767
721.9,73.13,86.7,0.0,0.1,6,471.671,4.967,528.389
736.6,73.29,86.7,0.0,0.0,6,471.879,4.966,524.002
736.6,73.38,86.7,0.0,-0.1,6,472.019,4.964,521.072
736.6,73.55,86.8,0.0,-0.0,6,472.228,4.960,516.669
736.6,73.64,86.8,0.0,-0.0,6,472.368,4.956,513.729
751.3,73.80,86.8,0.0,-0.1,6,472.579,4.949,509.311
751.3,73.90,86.8,0.0,-0.0,6,472.721,4.942,506.361
751.3,74.05,86.8,0.0,0.1,6,472.934,4.929,501.928
751.3,74.15,86.9,0.0,0.1,6,473.076,4.918,498.968
766.1,74.30,86.9,0.0,0.1,6,473.290,4.898,494.520
766.1,74.40,86.9,0.0,0.0,6,473.432,4.883,491.549
766.1,74.54,86.9,0.0,0.1,6,473.645,4.859,487.086
766.1,74.64,86.9,0.0,-0.1,6,473.787,4.842,484.106
781.1,74.79,86.9,0.0,-0.4,6,473.999,4.818,479.629
781.1,74.87,87.0,0.0,-0.6,6,474.141,4.802,476.639
781.1,75.02,87.0,0.0,-1.5,6,474.357,4.782,472.148
781.1,75.16,87.0,0.0,-2.1,6,474.580,4.764,467.649
796.0,75.26,87.0,0.0,-2.5,6,474.736,4.750,464.645
796.0,75.39,87.0,0.0,-3.2,6,474.986,4.730,460.133
796.0,75.48,87.1,0.0,-4.2,6,475.166,4.718,457.121
796.0,75.61,87.1,0.0,-5.1,6,475.460,4.699,452.598
811.1,75.70,87.1,0.0,-5.7,6,475.674,4.683,449.580
811.1,75.82,87.1,0.0,-6.2,6,476.031,4.658,445.048
811.1,75.90,87.1,0.0,-6.8,6,476.297,4.645,442.025
811.1,76.02,87.1,0.0,-7.9,6,476.738,4.619,437.489
826.2,76.10,87.1,0.0,-7.8,6,477.063,4.598,434.464
826.2,76.20,87.2,0.0,-8.0,6,477.607,4.571,429.928
826.2,76.27,87.2,0.0,-8.3,6,478.009,4.557,426.905
826.2,76.38,87.2,0.0,-8.7,6,478.671,4.538,422.374
841.4,76.44,87.2,0.0,-8.5,6,479.151,4.524,419.356
841.4,76.54,87.2,0.0,-6.7,6,479.934,4.506,414.834
841.4,76.61,87.2,0.0,-8.5,6,480.496,4.494,411.822
841.4,76.71,87.2,0.0,-9.7,6,481.398,4.477,407.312
856.6,76.78,87.2,0.0,-8.8,6,482.039,4.464,404.310
856.6,76.88,87.3,0.0,-7.6,6,483.061,4.443,399.815
856.6,76.98,87.2,0.0,-7.3,6,484.153,4.417,395.331
856.6,77.04,87.3,0.0,-8.0,6,484.919,4.396,392.347
871.8,77.15,87.3,0.0,-9.4,6,486.124,4.357,387.881
871.8,77.21,87.3,0.0,-8.9,6,486.966,4.326,384.911
871.8,77.30,87.3,0.0,-7.3,6,488.288,4.278,380.469
871.8,77.36,87.3,0.0,-6.8,6,489.210,4.245,377.517
887.0,77.46,87.3,0.0,-6.5,6,490.651,4.192,373.102
887.0,77.53,87.3,0.0,-7.6,6,491.649,4.154,370.167
887.0,77.62,87.3,0.0,-10.2,6,493.200,4.097,365.780
887.0,77.68,87.3,0.0,-10.5,6,494.272,4.058,362.865
903.0,77.77,87.4,0.0,-7.4,6,495.941,4.001,358.511
903.0,77.83,87.4,0.0,-4.3,6,497.094,3.963,355.621
903.0,77.92,87.4,0.0,-0.3,6,498.879,3.906,351.303
903.0,78.00,87.3,0.0,1.6,6,500.101,3.871,348.434
919.0,78.13,87.5,0.0,2.0,6,501.962,3.822,344.137
919.0,78.27,87.3,0.0,2.3,6,503.833,3.764,339.833
919.0,78.36,87.3,0.0,2.7,6,505.076,3.719,336.958
935.2,78.46,87.3,0.0,4.0,6,506.920,3.650,332.630
935.2,78.37,34.6,18.5,5.4,6,508.129,3.612,329.736
935.2,77.77,0.0,51.3,6.5,6,509.901,3.563,325.396
935.2,77.14,0.0,62.7,6.9,6,511.050,3.534,322.517
950.9,76.07,0.0,64.8,7.2,6,512.715,3.493,318.230
950.9,75.35,0.0,59.8,6.7,6,513.781,3.469,315.394
950.9,74.32,0.0,82.6,6.9,6,515.310,3.436,311.170
950.9,73.45,0.0,90.2,7.1,6,516.281,3.416,308.376
965.6,72.05,0.0,84.6,6.5,6,517.660,3.393,304.232
965.6,71.17,0.0,83.5,6.9,6,518.528,3.382,301.501
965.6,69.94,0.0,63.8,8.9,6,519.756,3.367,297.448
965.6,69.22,0.0,56.7,8.6,6,520.525,3.356,294.772
979.2,68.28,0.0,50.3,7.5,6,521.604,3.340,290.789
979.2,67.57,43.7,4.8,6.5,6,522.594,3.324,286.838
979.2,67.56,81.6,0.0,7.7,6,523.208,3.311,284.207
979.2,67.41,6.7,43.3,11.5,6,524.063,3.290,280.246
992.8,66.93,0.0,24.0,13.4,6,524.587,3.278,277.609
992.8,66.51,32.6,1.7,13.5,6,525.301,3.263,273.672
992.8,66.51,81.1,0.0,15.4,6,525.732,3.254,271.047
992.8,66.67,85.2,0.0,15.7,6,526.315,3.242,267.096
1007.6,66.73,64.1,0.0,16.6,6,526.658,3.238,264.450
1007.6,66.80,85.3,0.0,16.8,6,527.117,3.219,260.474
1007.6,66.89,85.8,0.0,16.5,6,527.376,3.207,257.811
1007.6,66.69,3.1,46.9,17.5,6,527.666,3.215,253.811
1022.2,66.27,0.0,29.9,20.1,6,527.818,3.213,251.153
1022.2,65.63,1.3,1.9,21.3,6,527.977,3.203,247.202
1022.2,65.39,0.4,10.0,21.3,6,528.027,3.199,244.581
1022.2,64.96,0.0,13.9,21.7,6,528.018,3.194,240.670
1035.8,64.49,0.0,11.1,21.4,0,527.909,3.192,236.787
1035.8,64.21,23.6,9.0,20.8,0,527.778,3.194,234.216
1035.8,63.82,0.0,3.6,19.4,5,527.495,3.204,230.385
1035.8,63.59,0.3,0.5,18.6,5,527.249,3.214,227.848
1048.6,63.31,8.3,0.0,19.3,5,526.800,3.228,224.068
1048.6,63.16,18.5,0.0,17.9,5,526.449,3.236,221.563
1048.6,62.90,15.7,0.6,16.0,5,525.842,3.250,217.829
1048.6,62.78,30.1,0.0,15.0,5,525.384,3.263,215.358
1061.0,62.68,49.4,0.0,13.7,5,524.616,3.287,211.674
1061.0,62.73,74.1,0.0,12.6,5,524.054,3.305,209.229
1061.0,62.92,86.2,0.0,9.9,5,523.143,3.335,205.573
1061.0,63.05,86.3,0.0,7.7,5,522.493,3.356,203.139
1073.4,63.28,86.3,0.0,3.3,5,521.464,3.388,199.492
1073.4,63.42,86.3,0.0,1.1,5,520.747,3.409,197.062
1073.4,63.66,86.3,0.0,0.4,5,519.638,3.442,193.415
1073.4,63.89,86.3,0.0,-1.0,5,518.504,3.474,189.761
1086.3,64.05,86.4,0.0,-0.8,5,517.742,3.495,187.318
1086.3,64.28,86.4,0.0,-1.9,5,516.597,3.526,183.643
1086.3,64.43,86.4,0.0,-2.8,5,515.835,3.546,181.185
1086.3,64.55,35.8,34.7,-4.5,5,514.701,3.572,177.484
1099.3,64.12,0.0,76.5,-5.4,5,513.955,3.585,175.018
1099.3,62.89,0.0,89.6,-5.5,5,512.871,3.605,171.361
1099.3,62.03,0.0,83.2,-5.5,5,512.175,3.617,168.960
1099.3,60.80,0.0,68.9,-5.2,5,511.173,3.634,165.413
1111.9,60.11,0.0,61.5,-5.5,5,510.536,3.644,163.079
1111.9,59.17,0.0,49.9,-10.0,5,509.629,3.660,159.616
1111.9,58.58,0.0,65.1,-11.3,5,509.060,3.670,157.330
1111.9,57.54,0.0,69.9,-10.7,5,508.264,3.688,153.936
1123.8,56.85,21.4,69.2,-10.7,0,507.773,3.700,151.700
1123.8,55.82,0.0,55.8,-9.6,4,507.093,3.715,148.387
1123.8,54.97,0.0,30.9,-7.8,4,506.489,3.730,145.118
1123.8,54.57,0.0,17.1,-8.0,4,506.129,3.738,142.957
1135.4,54.17,0.0,3.8,-9.8,4,505.654,3.747,139.730
1135.4,54.00,0.9,0.3,-12.3,4,505.381,3.752,137.583
1135.4,53.77,0.0,1.4,-17.3,4,505.038,3.755,134.368
1135.4,53.61,0.0,1.2,-21.0,4,504.852,3.754,132.229
1146.7,53.39,6.8,0.0,-26.2,4,504.633,3.750,129.026
1146.7,53.27,7.2,0.0,-27.9,4,504.526,3.743,126.895
1146.7,53.05,9.2,6.0,-26.4,4,504.431,3.730,123.707
1146.7,52.87,2.1,1.6,-24.6,4,504.415,3.723,121.588
1157.9,52.61,0.0,1.5,-20.5,4,504.462,3.716,118.423
1157.9,52.45,12.5,0.0,-18.3,4,504.539,3.711,116.323
1157.9,52.29,27.6,0.0,-16.0,4,504.727,3.707,113.187
1157.9,52.26,23.1,0.0,-15.1,4,504.893,3.700,111.103
1168.9,52.11,17.6,0.0,-15.1,4,505.214,3.691,107.988
1168.9,51.98,22.5,0.0,-14.3,4,505.479,3.690,105.923
1168.9,51.92,19.2,0.0,-16.7,4,505.938,3.683,102.840
1180.2,51.71,4.4,0.1,-21.6,4,506.468,3.667,99.776
1180.2,51.56,9.4,0.0,-23.4,4,506.863,3.654,97.748
1180.2,51.39,19.2,0.0,-28.1,4,507.526,3.640,94.732
1180.2,51.33,14.2,0.0,-33.1,4,508.004,3.625,92.734
1191.0,51.10,14.1,0.0,-38.1,4,508.786,3.601,89.762
1191.0,51.01,15.3,0.0,-41.0,4,509.349,3.585,87.799
1191.0,50.83,12.7,0.0,-47.8,4,510.253,3.558,84.880
1191.0,50.72,12.4,0.0,-51.0,4,510.892,3.536,82.952
1201.6,50.52,12.9,0.0,-54.9,4,511.907,3.499,80.089
1201.6,50.40,14.0,0.0,-56.9,4,512.620,3.473,78.201
1201.6,50.22,14.3,0.0,-58.3,4,513.746,3.431,75.400
1201.6,50.09,14.1,0.0,-59.4,4,514.535,3.402,73.555
1211.9,49.89,16.1,0.0,-58.8,4,515.775,3.357,70.824
1211.9,49.77,17.1,0.0,-56.6,4,516.641,3.327,69.029
1211.9,49.58,18.6,0.0,-53.0,4,517.999,3.285,66.376
1211.9,49.43,21.9,0.0,-51.9,4,519.430,3.249,63.773
1221.9,49.33,23.3,0.0,-47.4,4,520.424,3.228,62.066
1221.9,49.23,31.3,0.0,-36.1,4,521.971,3.198,59.547
1221.9,49.23,41.9,0.0,-27.8,4,523.039,3.179,57.893
1221.9,49.30,54.5,0.0,-16.1,4,524.696,3.151,55.447
1231.8,49.27,19.1,34.2,-3.3,4,525.838,3.134,53.838
1231.8,48.59,0.0,59.6,13.3,4,527.578,3.109,51.469
1231.8,47.97,0.0,67.9,18.3,4,528.733,3.092,49.920
1231.8,46.96,24.0,77.0,18.5,0,530.433,3.065,47.632
1241.4,46.25,0.0,82.7,16.8,3,531.531,3.048,46.124
1241.4,45.10,0.0,85.0,14.4,3,533.118,3.023,43.887
1241.4,44.36,0.0,64.9,13.1,3,534.132,3.006,42.411
1241.4,43.50,0.0,28.3,11.8,3,535.588,2.981,40.214
1250.2,43.12,0.0,13.6,11.0,3,536.515,2.963,38.751
1250.2,42.75,0.0,3.1,8.5,3,537.844,2.935,36.544
1250.2,42.51,1.4,0.3,9.9,3,539.098,2.905,34.315
1250.2,42.38,4.1,0.0,12.8,3,539.892,2.885,32.815
1258.7,42.19,2.8,0.0,18.9,3,541.022,2.852,30.543
1258.7,42.08,6.0,0.0,23.8,3,541.734,2.830,29.015
1258.7,41.91,3.3,0.1,31.3,3,542.742,2.795,26.706
1258.7,41.80,8.7,0.0,35.2,3,543.375,2.771,25.156
1267.2,41.78,39.3,0.0,38.2,3,544.267,2.734,22.814
1267.2,41.86,56.1,0.0,38.5,3,544.825,2.710,21.238
1267.2,42.07,58.2,0.0,38.6,3,545.607,2.674,18.845
1267.2,42.18,51.7,0.0,39.4,3,546.091,2.649,17.231
1276.1,42.29,45.1,0.0,40.4,3,546.760,2.612,14.787
1276.1,42.34,38.2,0.0,41.5,3,547.168,2.586,13.144
1276.1,42.35,36.0,0.0,42.9,3,547.718,2.547,10.664
1276.1,42.37,39.1,0.0,42.9,3,548.042,2.521,9.001
1285.1,42.44,39.8,0.0,43.1,3,548.465,2.481,6.493
1285.1,42.45,33.3,0.0,45.3,3,548.813,2.441,3.971
1285.1,42.47,35.2,0.0,47.3,3,549.004,2.413,2.284
1285.1,42.45,28.8,0.0,50.4,3,549.230,2.370,-0.254
1293.9,42.43,27.6,0.0,51.5,3,549.339,2.340,-1.948
1293.9,42.40,31.9,0.0,52.3,3,549.441,2.296,-4.490
1293.9,42.40,36.0,0.0,52.1,3,549.467,2.266,-6.185
1293.9,42.44,37.0,0.0,51.5,3,549.446,2.220,-8.729
1303.0,42.44,34.7,0.0,52.4,3,549.390,2.189,-10.426
1303.0,42.45,32.2,0.0,53.3,3,549.247,2.140,-12.968
1303.0,42.42,29.3,0.0,53.7,3,549.109,2.107,-14.659
1303.0,42.38,29.0,0.0,53.5,3,548.838,2.060,-17.188
1312.3,42.36,30.1,0.0,52.8,3,548.615,2.030,-18.868
1312.3,42.33,33.0,0.0,50.9,3,548.214,1.987,-21.376
1312.3,42.33,37.2,0.0,47.5,3,547.735,1.945,-23.870
1321.6,42.37,44.0,0.0,43.6,3,547.178,1.906,-26.349
1321.6,42.44,50.8,0.0,40.5,3,546.763,1.881,-27.993
1321.6,42.61,66.7,0.0,35.4,3,546.071,1.848,-30.447
1321.6,42.82,79.2,0.0,31.6,3,545.566,1.826,-32.079
1330.9,43.15,85.7,0.0,27.3,3,544.744,1.794,-34.522
1330.9,43.34,65.1,0.0,24.4,3,544.155,1.771,-36.149
1330.9,43.64,84.7,0.0,21.2,3,543.206,1.736,-38.578
1330.9,43.84,65.8,0.0,18.6,3,542.530,1.713,-40.191
1340.2,44.13,82.2,0.0,14.8,3,541.449,1.681,-42.598
1340.2,44.44,71.8,0.0,11.2,3,540.288,1.652,-44.987
1340.2,44.68,83.3,0.0,10.5,3,539.472,1.634,-46.571
1340.2,45.08,85.9,0.0,12.6,3,538.187,1.606,-48.936
1349.5,45.35,85.9,0.0,14.1,3,537.292,1.587,-50.506
1349.5,45.75,86.0,0.0,15.7,3,535.890,1.561,-52.851
1349.5,46.01,86.1,0.0,16.2,3,534.918,1.545,-54.407
1349.5,46.41,86.2,0.0,15.8,3,533.407,1.521,-56.731
1358.8,46.68,86.2,0.0,15.3,3,532.364,1.506,-58.273
1358.8,47.08,86.3,0.0,15.2,3,530.748,1.483,-60.573
1358.8,47.33,86.4,0.0,14.5,3,529.636,1.467,-62.098
1358.8,47.71,86.5,0.0,13.7,3,527.917,1.440,-64.373
1368.3,47.99,86.5,0.0,13.3,3,526.737,1.421,-65.879
1368.3,48.36,86.6,0.0,13.0,3,524.916,1.390,-68.122
1368.3,48.61,86.6,0.0,12.6,3,523.667,1.368,-69.606
1368.3,49.00,86.7,0.0,12.5,3,521.745,1.333,-71.813
1377.9,49.25,86.8,0.0,12.2,3,520.430,1.309,-73.272
1377.9,49.58,54.1,0.0,14.2,3,518.407,1.272,-75.441
1377.9,49.54,16.0,0.0,17.3,3,516.335,1.233,-77.574
1377.9,49.66,78.1,0.0,18.5,3,514.929,1.205,-78.972
1387.6,50.01,86.9,0.0,18.4,3,512.775,1.162,-81.044
1387.6,50.25,86.9,0.0,17.3,3,511.305,1.134,-82.407
1387.6,50.60,87.1,0.0,15.0,3,509.049,1.095,-84.422
1387.6,50.84,87.1,0.0,13.8,3,507.511,1.071,-85.745
1397.4,51.19,87.3,0.0,13.2,3,505.156,1.034,-87.698
1397.4,51.42,87.2,0.0,12.9,3,503.555,1.008,-88.981
1397.4,51.76,87.3,0.0,12.5,3,501.108,0.964,-90.876
1397.4,51.99,87.3,0.0,11.0,3,499.447,0.933,-92.118
1407.5,52.35,87.4,0.0,5.9,3,496.909,0.886,-93.949
1407.5,52.58,87.3,0.0,4.0,3,495.189,0.854,-95.150
1407.5,52.93,87.4,0.0,3.1,3,492.569,0.808,-96.925
1407.5,53.17,87.4,0.0,3.2,0,490.800,0.779,-98.095
1418.0,53.18,85.7,0.0,2.4,4,488.126,0.737,-99.835
1418.0,53.51,85.8,0.0,0.8,4,485.433,0.700,-101.562
1418.0,53.75,85.8,0.0,-0.3,4,483.623,0.676,-102.714
1418.0,54.08,85.9,0.0,-1.2,4,480.892,0.641,-104.446
1428.8,54.30,86.0,0.0,-1.8,4,479.061,0.618,-105.606
1428.8,54.65,86.1,0.0,-3.0,4,476.303,0.584,-107.358
1428.8,54.87,86.1,0.0,-4.5,4,474.457,0.563,-108.536
1428.8,55.17,86.3,0.0,-5.8,4,471.683,0.529,-110.323
1439.9,55.38,86.3,0.0,-5.5,4,469.830,0.510,-111.531
1439.9,55.74,86.3,0.0,-5.8,4,467.051,0.484,-113.371
1439.9,55.93,86.4,0.0,-6.6,4,465.197,0.466,-114.617
1439.9,56.30,86.4,0.0,-8.2,4,462.419,0.435,-116.517
1451.4,56.45,86.5,0.0,-9.2,4,460.570,0.419,-117.808
1451.4,56.76,86.7,0.0,-10.5,4,457.804,0.394,-119.779
1451.4,57.03,86.7,0.0,-10.8,4,455.963,0.372,-121.118
1451.4,57.26,86.8,0.0,-11.1,4,453.218,0.344,-123.172
1463.2,57.51,86.5,0.0,-11.2,4,451.397,0.321,-124.569
1463.2,57.78,86.7,0.0,-10.7,4,448.690,0.295,-126.719
1463.2,58.03,86.8,0.0,-11.2,4,446.012,0.275,-128.931
1463.2,58.21,86.9,0.0,-11.4,4,444.242,0.261,-130.438
1475.4,58.49,86.9,0.0,-11.6,4,441.611,0.240,-132.748
1475.4,58.68,86.8,0.0,-9.6,4,439.876,0.229,-134.322
1475.4,58.94,86.9,0.0,-9.2,4,437.301,0.216,-136.734
1475.4,59.13,86.9,0.0,-9.3,4,435.601,0.210,-138.373
1487.4,59.40,87.0,0.0,-9.6,4,433.076,0.203,-140.875
1487.4,59.58,87.0,0.0,-9.6,4,431.407,0.198,-142.571
1487.4,59.85,87.0,0.0,-8.9,4,428.926,0.189,-145.156
1487.4,60.04,87.1,0.0,-8.4,4,427.288,0.184,-146.906
1499.8,60.30,87.1,0.0,-8.1,4,424.856,0.177,-149.573
1499.8,60.47,87.2,0.0,-8.1,4,423.251,0.174,-151.378
1499.8,60.74,87.2,0.0,-7.5,4,420.869,0.174,-154.125
1499.8,60.90,87.2,0.0,-7.3,4,419.298,0.177,-155.981
1512.0,61.16,87.3,0.0,-7.0,4,416.962,0.181,-158.801
1512.0,61.42,87.3,0.0,-7.1,4,414.651,0.181,-161.661
1512.0,61.60,87.3,0.0,-7.3,4,413.124,0.179,-163.590
1524.2,61.85,87.4,0.0,-7.4,4,410.857,0.173,-166.518
1524.2,62.01,87.4,0.0,-7.9,4,409.361,0.167,-168.492
1524.2,62.26,87.4,0.0,-9.5,4,407.140,0.154,-171.486
1524.2,62.32,0.0,0.0,-8.1,0,405.680,0.145,-173.505
1536.5,62.35,86.1,0.0,-5.7,5,403.526,0.130,-176.559
1536.5,62.51,86.1,0.0,-5.7,5,402.109,0.117,-178.615
1536.5,62.75,86.2,0.0,-5.5,5,400.010,0.096,-181.731
1536.5,62.91,86.2,0.0,-5.4,5,398.627,0.081,-183.829
1549.0,63.15,86.2,0.0,-5.1,5,396.575,0.059,-187.005
1549.0,63.31,86.2,0.0,-4.6,5,395.221,0.045,-189.141
1549.0,63.54,86.3,0.0,-4.1,5,393.209,0.025,-192.370
1549.0,63.70,86.3,0.0,-3.4,5,391.879,0.014,-194.539
1561.7,63.94,86.4,0.0,-2.8,5,389.900,-0.000,-197.817
1561.7,64.17,86.4,0.0,-2.6,5,387.937,-0.013,-201.120
1561.7,64.33,86.4,0.0,-2.6,5,386.635,-0.020,-203.335
1561.7,64.56,86.4,0.0,-2.2,5,384.692,-0.027,-206.678
1574.5,64.71,86.5,0.0,-2.2,5,383.402,-0.031,-208.918
1574.5,64.94,86.5,0.0,-1.0,5,381.475,-0.035,-212.296
1574.5,65.09,86.5,0.0,-0.9,5,380.194,-0.039,-214.559
1574.5,65.32,86.6,0.0,-1.5,5,378.276,-0.043,-217.969
1587.5,65.47,86.6,0.0,-1.7,5,377.000,-0.045,-220.252
1587.5,65.70,86.7,0.0,-1.6,5,375.088,-0.047,-223.691
1587.5,65.84,86.7,0.0,-1.4,5,373.816,-0.048,-225.994
1587.5,66.07,86.7,0.0,-1.2,5,371.912,-0.049,-229.463
1600.7,66.22,86.7,0.0,-1.2,5,370.645,-0.050,-231.785
1600.7,66.44,86.8,0.0,-1.1,5,368.748,-0.054,-235.283
1600.7,66.59,86.8,0.0,-1.2,5,367.485,-0.058,-237.624
1600.7,66.80,86.8,0.0,-1.3,5,365.593,-0.066,-241.150
1614.0,67.02,86.9,0.0,-1.3,5,363.705,-0.076,-244.692
1614.0,67.16,86.9,0.0,-1.4,5,362.449,-0.085,-247.063
1614.0,67.37,86.9,0.0,-1.6,5,360.567,-0.099,-250.633
1614.0,67.51,86.9,0.0,-1.7,5,359.315,-0.108,-253.022
1627.4,67.72,87.0,0.0,-1.7,5,357.442,-0.123,-256.620
1627.4,67.86,87.0,0.0,-1.5,5,356.196,-0.133,-259.028
1627.4,68.07,87.0,0.0,-1.2,5,354.332,-0.149,-262.655
1627.4,68.20,87.1,0.0,-1.2,5,353.092,-0.160,-265.082
1641.0,68.41,87.1,0.0,-1.0,5,351.237,-0.176,-268.736
1641.0,68.54,87.1,0.0,-0.8,5,350.003,-0.187,-271.181
1641.0,68.75,87.1,0.0,-0.7,5,348.155,-0.204,-274.861
1641.0,68.88,87.1,0.0,-0.6,5,346.925,-0.215,-277.323
1654.7,69.08,87.2,0.0,-0.7,5,345.081,-0.232,-281.028
1654.7,69.27,87.2,0.0,-0.6,5,343.237,-0.251,-284.746
1654.7,69.47,87.2,0.0,-0.3,5,341.394,-0.271,-288.478
1654.7,69.60,87.3,0.0,-0.3,5,340.164,-0.286,-290.972
1668.6,69.79,87.3,0.0,-0.2,5,338.319,-0.308,-294.724
1668.6,69.91,87.3,0.0,-0.1,5,337.088,-0.323,-297.231
1668.6,70.10,87.3,0.0,0.0,5,335.238,-0.350,-301.002
1668.6,70.22,87.3,0.0,0.1,5,334.004,-0.369,-303.522
1682.6,70.40,87.4,0.0,0.0,5,332.149,-0.390,-307.311
1682.6,70.53,87.4,0.0,0.0,5,330.909,-0.403,-309.842
1682.6,70.71,87.4,0.0,-0.0,5,329.047,-0.427,-313.647
1682.6,70.83,87.4,0.0,-0.0,5,327.803,-0.445,-316.190
1696.7,70.92,0.3,0.0,-0.1,0,325.934,-0.470,-320.011
1696.7,70.85,86.4,0.0,-0.1,6,324.688,-0.487,-322.557
1696.7,71.03,86.4,0.0,-0.0,6,322.818,-0.510,-326.381
1696.7,71.14,86.4,0.0,0.0,6,321.570,-0.526,-328.935
1710.9,71.32,86.4,0.0,-0.0,6,319.694,-0.550,-332.775
1710.9,71.43,86.4,0.0,-0.1,6,318.441,-0.566,-335.340
1710.9,71.61,86.5,0.0,-0.1,6,316.559,-0.591,-339.196
1725.2,71.77,86.5,0.0,-0.2,6,314.673,-0.616,-343.061
1725.2,71.88,86.5,0.0,-0.1,6,313.414,-0.632,-345.643
1725.2,72.05,86.6,0.0,-0.1,6,311.523,-0.657,-349.525
1725.2,72.16,86.6,0.0,-0.1,6,310.260,-0.673,-352.117
1739.6,72.33,86.6,0.0,-0.1,6,308.364,-0.699,-356.015
1739.6,72.43,86.6,0.0,-0.2,6,307.098,-0.717,-358.618
1739.6,72.60,86.6,0.0,-0.2,6,305.197,-0.745,-362.531
1739.6,72.71,86.6,0.0,-0.1,6,303.928,-0.765,-365.145
1754.1,72.87,86.7,0.0,-0.1,6,302.021,-0.795,-369.074
1754.1,72.98,86.7,0.0,-0.1,6,300.749,-0.816,-371.699
1754.1,73.13,86.7,0.0,-0.1,6,298.838,-0.848,-375.643
1754.1,73.24,86.7,0.0,-0.1,6,297.562,-0.870,-378.278
1768.7,73.40,86.7,0.0,-0.1,6,295.647,-0.904,-382.237
1768.7,73.50,86.8,0.0,-0.2,6,294.368,-0.926,-384.882
1768.7,73.66,86.8,0.0,-0.2,6,292.447,-0.960,-388.857
1768.7,73.81,86.8,0.0,-0.1,6,290.522,-0.992,-392.840
1783.4,73.92,86.8,0.0,0.0,6,289.237,-1.014,-395.500
1783.4,74.07,86.8,0.0,0.1,6,287.308,-1.048,-399.498
1783.4,74.17,86.8,0.0,0.2,6,286.019,-1.071,-402.168
1783.4,74.32,86.8,0.0,0.2,6,284.083,-1.107,-406.179
1798.3,74.41,86.9,0.0,0.1,6,282.789,-1.127,-408.857
1798.3,74.56,86.9,0.0,0.1,6,280.845,-1.154,-412.881
1798.3,74.66,86.9,0.0,0.2,6,279.546,-1.173,-415.568
1798.3,74.81,86.9,0.0,0.3,6,277.593,-1.202,-419.604
1813.2,74.91,87.0,0.0,0.3,6,276.288,-1.221,-422.299
1813.2,75.05,87.0,0.0,0.3,6,274.327,-1.251,-426.347
1813.2,75.15,87.0,0.0,0.3,6,273.016,-1.270,-429.049
1813.2,75.29,87.0,0.0,0.3,6,271.044,-1.301,-433.108
1828.2,75.38,87.0,0.0,0.4,6,269.726,-1.321,-435.818
1828.2,75.52,87.0,0.0,0.5,6,267.744,-1.352,-439.888
1828.2,75.65,87.1,0.0,0.6,6,265.755,-1.382,-443.963
1828.2,75.75,87.1,0.0,0.5,6,264.426,-1.402,-446.684
1843.3,75.88,87.1,0.0,0.5,6,262.425,-1.430,-450.769
1843.3,75.98,87.1,0.0,0.5,6,261.087,-1.449,-453.495
1843.3,76.11,87.1,0.0,0.5,6,259.073,-1.476,-457.589
1843.3,76.20,87.1,0.0,0.6,6,257.726,-1.494,-460.321
1873.9,76.85,87.2,0.0,0.5,6,247.507,-1.628,-480.877
1873.9,76.93,87.2,0.0,0.6,6,246.129,-1.644,-483.626
1873.9,77.06,87.2,0.0,0.4,6,244.055,-1.669,-487.754
1889.2,77.18,87.3,0.0,0.2,6,241.972,-1.693,-491.886
1889.2,77.26,87.3,0.0,0.2,6,240.580,-1.708,-494.642
1889.2,77.37,87.4,0.0,0.4,6,238.486,-1.731,-498.781
1889.2,77.45,87.4,0.0,0.4,6,237.086,-1.746,-501.543
1904.7,77.58,87.5,0.0,0.3,6,234.980,-1.770,-505.689
1904.7,77.65,87.5,0.0,0.3,6,233.573,-1.785,-508.457
1904.7,77.78,87.5,0.0,0.3,6,231.457,-1.810,-512.611
1904.7,77.85,87.5,0.0,0.2,6,230.043,-1.826,-515.383
1920.3,77.96,87.7,0.0,0.3,6,227.916,-1.850,-519.545
1920.3,78.04,87.6,0.0,0.3,6,226.494,-1.867,-522.323
1920.3,78.15,87.8,0.0,0.3,6,224.358,-1.893,-526.493
1920.3,78.22,87.8,0.0,0.2,6,222.930,-1.908,-529.275
1935.9,78.33,87.8,0.0,0.1,6,220.785,-1.929,-533.453
1935.9,78.41,87.8,0.0,-0.2,6,219.353,-1.945,-536.241
1935.9,78.52,87.8,0.0,-0.4,6,217.201,-1.970,-540.428
1935.9,78.63,87.9,0.0,-0.5,6,215.047,-2.001,-544.621
1951.6,78.63,3.2,0.0,-0.6,0,213.610,-2.026,-547.419
1951.6,78.57,83.9,0.0,-0.5,7,211.461,-2.066,-551.614
1951.6,78.64,83.9,0.0,-0.5,7,210.029,-2.095,-554.414
1951.6,78.73,84.0,0.0,-0.7,7,207.884,-2.141,-558.619
1967.3,78.79,84.4,0.0,-0.8,7,206.455,-2.172,-561.427
1967.3,78.90,84.8,0.0,-0.8,7,204.314,-2.223,-565.645
1967.3,78.96,85.2,0.0,-0.7,7,202.889,-2.256,-568.461
1967.3,79.06,85.1,0.0,-0.7,7,200.754,-2.308,-572.693
1983.1,79.12,85.0,0.0,-0.8,7,199.333,-2.342,-575.520
1983.1,79.22,84.5,0.0,-0.6,7,197.205,-2.396,-579.766
1983.1,79.28,84.5,0.0,-0.4,7,195.788,-2.433,-582.602
1983.1,79.38,84.7,0.0,-0.3,7,193.667,-2.488,-586.863
1998.9,79.44,84.8,0.0,-0.3,7,192.255,-2.523,-589.708
1998.9,79.54,84.7,0.0,-0.1,7,190.139,-2.576,-593.981
1998.9,79.64,84.7,0.0,0.2,7,188.023,-2.635,-598.262
1998.9,79.70,84.7,0.0,0.3,7,186.612,-2.672,-601.119
2014.8,79.79,84.7,0.0,0.5,7,184.493,-2.729,-605.408
2014.8,79.85,85.0,0.0,0.7,7,183.078,-2.768,-608.270
2014.8,79.94,85.2,0.0,1.0,7,180.950,-2.820,-612.565
2014.8,80.01,85.0,0.0,1.2,7,179.526,-2.855,-615.429
2030.8,80.10,85.1,0.0,1.5,7,177.382,-2.909,-619.727
2030.8,80.16,85.2,0.0,1.5,7,175.945,-2.943,-622.592
2030.8,80.24,85.5,0.0,1.4,7,173.779,-2.988,-626.888
2030.8,80.31,85.6,0.0,1.4,7,172.326,-3.015,-629.751
2046.8,80.39,85.9,0.0,1.4,7,170.134,-3.055,-634.045
2046.8,80.45,86.0,0.0,1.3,7,168.665,-3.079,-636.906
2046.8,80.54,86.0,0.0,0.9,7,166.447,-3.114,-641.196
2046.8,80.60,86.2,0.0,1.0,7,164.960,-3.135,-644.055
2062.9,80.68,86.3,0.0,1.2,7,162.718,-3.163,-648.342
2062.9,80.73,86.5,0.0,1.1,7,161.216,-3.179,-651.200
2062.9,80.82,86.6,0.0,0.9,7,158.954,-3.198,-655.485
2079.1,80.90,86.8,0.0,0.8,7,156.678,-3.212,-659.770
2079.1,80.96,86.9,0.0,0.7,7,155.155,-3.218,-662.626
2079.1,81.04,87.0,0.0,0.7,7,152.861,-3.222,-666.910
2079.1,81.10,87.0,0.0,0.7,7,151.325,-3.223,-669.766
2095.2,81.18,87.3,0.0,0.7,7,149.013,-3.222,-674.050
2095.2,81.23,87.3,0.0,0.6,7,147.466,-3.218,-676.906
2095.2,81.31,87.4,0.0,0.8,7,145.136,-3.209,-681.190
2095.2,81.36,87.6,0.0,0.9,7,143.578,-3.201,-684.046
2111.5,81.43,81.7,0.0,0.9,7,141.231,-3.186,-688.328
2111.5,81.38,37.1,9.6,1.0,7,139.662,-3.172,-691.182
2111.5,80.83,0.0,51.3,1.3,7,137.307,-3.147,-695.446
2111.5,80.20,0.0,59.4,1.4,7,135.744,-3.127,-698.263
2127.5,79.15,0.0,63.7,1.5,7,133.417,-3.094,-702.442
2127.5,78.50,0.0,18.6,1.7,7,131.876,-3.069,-705.193
2127.5,78.22,59.7,0.0,2.1,7,129.571,-3.030,-709.287
2127.5,78.28,83.7,0.0,2.7,7,127.253,-2.986,-713.369
2143.2,78.34,85.7,0.0,3.0,7,125.697,-2.953,-716.087
2143.2,78.43,86.3,0.0,3.0,7,123.344,-2.899,-720.159
2143.2,78.50,86.6,0.0,3.1,7,121.761,-2.859,-722.868
2143.2,78.58,87.0,0.0,3.5,7,119.364,-2.795,-726.925
2158.8,78.65,87.4,0.0,2.4,7,117.750,-2.748,-729.623
2158.8,78.73,87.6,0.0,2.8,7,115.305,-2.671,-733.661
2158.8,78.78,76.4,0.0,2.9,7,113.659,-2.616,-736.347
2158.8,78.63,17.9,42.7,2.8,7,111.172,-2.529,-740.363
2174.5,78.05,0.0,71.3,2.5,7,109.507,-2.469,-743.021
2174.5,76.82,0.0,86.1,2.2,7,107.023,-2.375,-746.950
2174.5,75.92,0.0,89.8,2.4,7,105.378,-2.312,-749.525
2174.5,74.52,0.0,91.3,3.3,7,102.931,-2.219,-753.320
2189.7,73.58,0.0,91.4,3.9,7,101.313,-2.158,-755.802
2189.7,72.20,17.2,93.5,4.9,0,98.904,-2.072,-759.455
2189.7,71.24,0.0,92.9,5.0,6,97.310,-2.020,-761.843
2189.7,69.82,0.0,91.3,3.2,6,94.932,-1.942,-765.345
2203.9,68.43,0.0,92.1,3.3,6,92.565,-1.862,-768.753
2203.9,67.51,0.0,92.3,2.9,6,90.996,-1.811,-770.975
2203.9,66.10,0.0,91.5,3.7,6,88.658,-1.735,-774.233
2203.9,65.19,19.9,91.7,4.8,0,87.108,-1.684,-776.355
2217.2,63.83,0.0,92.2,4.6,5,84.800,-1.609,-779.465
2217.2,62.91,0.0,91.7,4.5,5,83.272,-1.561,-781.490
2217.2,61.55,0.0,90.8,4.6,5,80.998,-1.493,-784.454
2217.2,60.65,0.0,91.0,4.8,5,79.493,-1.449,-786.381
2229.5,59.29,0.0,90.8,5.7,5,77.252,-1.386,-789.198
2229.5,58.39,0.0,90.8,6.3,5,75.767,-1.345,-791.027
2229.5,57.08,20.5,92.3,7.5,0,73.557,-1.288,-793.697
2229.5,56.20,0.0,92.6,7.6,4,72.092,-1.251,-795.428
2240.9,54.86,0.0,89.5,7.2,4,69.910,-1.196,-797.948
2240.9,53.98,0.0,85.4,6.9,4,68.463,-1.161,-799.576
2240.9,52.82,0.0,54.4,6.5,4,66.303,-1.108,-801.944
2240.9,51.97,0.0,30.8,5.3,4,64.141,-1.056,-804.226
2251.5,51.57,0.0,22.6,5.0,4,62.689,-1.022,-805.704
2251.5,51.09,0.0,17.8,7.0,4,60.489,-0.970,-807.859
2251.5,50.81,0.0,15.7,9.2,4,59.006,-0.935,-809.257
2251.5,50.43,0.0,14.6,13.4,4,56.758,-0.882,-811.299
2261.6,50.18,0.0,13.0,16.0,4,55.245,-0.847,-812.626
2261.6,49.83,0.0,13.0,18.2,4,52.955,-0.796,-814.565
2261.6,49.60,0.0,12.7,18.5,4,51.415,-0.763,-815.824
2261.6,49.25,0.0,10.7,17.5,4,49.084,-0.714,-817.657
2271.5,49.03,0.0,6.8,16.4,4,47.514,-0.682,-818.840
2271.5,48.76,0.0,3.9,16.0,4,45.135,-0.632,-820.557
2271.5,48.60,0.0,3.3,16.5,4,43.533,-0.600,-821.663
2271.5,48.37,0.0,1.9,14.8,4,41.104,-0.552,-823.264
2281.4,48.22,0.0,0.2,13.4,4,39.469,-0.521,-824.293
2281.4,48.04,3.9,0.0,13.1,4,36.993,-0.472,-825.779
2281.4,47.92,3.3,0.0,13.7,4,35.328,-0.439,-826.733
2281.4,47.75,2.8,0.0,16.0,4,32.810,-0.389,-828.111
2291.4,47.58,3.6,0.0,17.6,4,30.271,-0.339,-829.426
2291.4,47.46,4.2,0.0,19.7,4,28.567,-0.307,-830.268
2291.4,47.30,6.9,0.0,22.3,4,25.994,-0.257,-831.477
2291.4,47.20,11.7,0.0,21.7,4,24.267,-0.224,-832.244
2301.4,47.08,18.0,0.0,22.6,4,21.658,-0.173,-833.336
2301.4,47.01,17.1,0.0,21.0,4,19.907,-0.138,-834.024
2301.4,46.87,6.9,0.0,23.7,4,17.264,-0.088,-834.996
2301.4,46.75,6.1,0.0,25.3,4,15.493,-0.057,-835.605
2311.3,46.58,11.4,0.0,26.1,4,12.825,-0.010,-836.454
2311.3,46.48,11.7,0.0,25.8,4,11.039,0.021,-836.976
2311.3,46.31,9.2,0.0,25.4,4,8.349,0.070,-837.690
2311.3,46.19,7.8,0.0,25.3,4,6.550,0.103,-838.121
2321.1,46.02,24.7,0.0,25.6,0,3.845,0.153,-838.701
2321.1,45.84,4.0,0.0,25.1,3,1.135,0.201,-839.201
2321.1,45.69,5.0,0.0,24.9,3,-0.672,0.233,-839.490
2330.8,45.49,5.4,0.0,25.9,3,-3.383,0.279,-839.858
2330.8,45.36,7.8,0.0,25.3,3,-5.189,0.309,-840.058
2330.8,45.19,8.4,0.0,22.5,3,-7.895,0.351,-840.294
2330.8,45.07,6.9,0.0,22.0,3,-9.697,0.379,-840.407
2340.5,44.90,16.4,0.0,22.4,3,-12.393,0.419,-840.514
2340.5,44.89,45.9,0.0,22.1,3,-14.188,0.444,-840.543
2340.5,45.12,69.3,0.0,21.3,3,-16.887,0.481,-840.528
2340.5,45.13,20.6,27.3,21.3,3,-18.692,0.503,-840.479
2350.1,44.61,0.0,29.5,23.3,3,-21.383,0.534,-840.350
2350.1,44.24,0.0,6.2,23.8,3,-23.156,0.553,-840.229
2350.1,44.11,59.7,0.0,22.7,3,-25.793,0.579,-839.989
2350.1,44.32,85.9,0.0,22.0,3,-27.550,0.594,-839.790
2359.6,44.62,71.7,0.0,20.6,3,-30.195,0.614,-839.436
2359.6,44.84,82.5,0.0,20.6,3,-31.962,0.625,-839.161
2359.6,45.17,74.9,0.0,19.1,3,-34.619,0.641,-838.684
2359.6,45.48,85.1,0.0,19.1,3,-37.280,0.657,-838.130
2368.9,45.71,83.5,0.0,18.5,3,-39.056,0.668,-837.716
2368.9,46.02,76.5,0.0,19.2,3,-41.721,0.684,-837.031
2368.9,46.21,72.7,0.0,19.5,3,-43.496,0.694,-836.531
2368.9,46.45,69.5,0.0,20.3,3,-46.153,0.707,-835.717
2378.8,46.62,73.6,0.0,21.5,3,-47.920,0.715,-835.132
2378.8,46.92,76.3,0.0,23.2,3,-50.564,0.724,-834.193
2378.8,47.11,77.7,0.0,24.0,3,-52.321,0.730,-833.524
2378.8,47.41,79.5,0.0,25.0,3,-54.946,0.740,-832.456
2388.7,47.61,81.8,0.0,25.2,3,-56.690,0.745,-831.702
2388.7,47.94,84.7,0.0,25.0,3,-59.296,0.751,-830.510
2388.7,48.15,86.3,0.0,24.8,3,-61.026,0.752,-829.674
2388.7,48.49,86.8,0.0,23.7,3,-63.609,0.751,-828.358
2398.8,48.70,86.8,0.0,23.2,3,-65.320,0.750,-827.437
2398.8,49.02,85.7,0.0,22.8,3,-67.870,0.747,-825.992
2398.8,49.21,82.7,0.0,21.6,3,-69.557,0.743,-824.986
2398.8,49.48,79.4,0.0,20.0,3,-72.065,0.735,-823.413
2408.9,49.76,86.4,0.0,19.1,3,-74.543,0.725,-821.764
2408.9,49.96,86.6,0.0,18.3,3,-76.177,0.718,-820.621
2408.9,50.27,86.9,0.0,17.4,3,-78.602,0.707,-818.844
2408.9,50.45,77.3,0.0,17.1,3,-80.200,0.698,-817.618
2419.0,50.63,52.6,0.0,18.0,3,-82.565,0.683,-815.719
2419.0,50.70,59.4,0.0,19.7,3,-84.116,0.672,-814.415
2419.0,50.94,87.0,0.0,22.1,3,-86.407,0.652,-812.405
2419.0,51.16,87.0,0.0,23.3,3,-87.914,0.639,-811.027
2429.1,51.43,73.3,0.0,24.7,3,-90.143,0.615,-808.905
2439.2,52.36,81.1,0.0,18.5,4,-99.959,0.478,-798.164
2439.2,52.65,85.8,0.0,17.3,4,-101.913,0.443,-795.693
2449.4,52.85,85.8,0.0,17.2,4,-103.188,0.419,-794.013
2449.4,53.13,85.9,0.0,17.1,4,-105.059,0.379,-791.443
2449.4,53.33,85.9,0.0,17.1,4,-106.279,0.350,-789.698
2449.4,53.63,86.0,0.0,17.0,4,-108.067,0.303,-787.035
2459.8,53.92,86.1,0.0,16.0,4,-109.803,0.252,-784.316
2459.8,54.12,86.0,0.0,14.4,4,-110.931,0.215,-782.475
2459.8,54.43,86.1,0.0,11.8,4,-112.582,0.157,-779.669
2459.8,54.62,86.2,0.0,9.8,4,-113.656,0.115,-777.772
2470.5,54.95,86.2,0.0,6.4,4,-115.229,0.051,-774.888
2470.5,55.16,86.3,0.0,4.4,4,-116.257,0.005,-772.942
2470.5,55.50,86.4,0.0,0.8,4,-117.771,-0.069,-769.990
2470.5,55.70,86.3,0.0,-1.4,4,-118.767,-0.121,-768.002
2481.6,56.06,86.3,0.0,-3.0,4,-120.251,-0.204,-764.997
2481.6,56.27,86.3,0.0,-3.3,4,-121.239,-0.262,-762.981
2481.6,56.61,86.4,0.0,-3.0,4,-122.730,-0.353,-759.942
2481.6,56.81,86.4,0.0,-3.1,4,-123.733,-0.416,-757.909
2493.1,57.13,86.6,0.0,-3.4,4,-125.257,-0.517,-754.851
2493.1,57.34,86.5,0.0,-3.5,4,-126.286,-0.588,-752.807
2493.1,57.65,86.8,0.0,-3.7,4,-127.854,-0.696,-749.736
2493.1,57.86,86.7,0.0,-3.7,4,-128.915,-0.768,-747.686
2504.8,58.18,86.8,0.0,-3.3,4,-130.532,-0.875,-744.606
2504.8,58.50,86.8,0.0,-3.5,4,-132.180,-0.983,-741.520
2504.8,58.70,86.9,0.0,-3.7,4,-133.296,-1.056,-739.460
2504.8,59.02,87.0,0.0,-4.0,4,-134.993,-1.172,-736.366
2516.8,59.23,86.9,0.0,-4.0,4,-136.141,-1.252,-734.300
2516.8,59.53,87.0,0.0,-3.7,4,-137.890,-1.376,-731.199
2516.8,59.74,87.0,0.0,-3.7,4,-139.073,-1.462,-729.131
2516.8,60.04,87.0,0.0,-4.0,4,-140.874,-1.596,-726.025
2528.9,60.24,87.1,0.0,-4.3,4,-142.091,-1.690,-723.952
2528.9,60.54,87.1,0.0,-4.0,4,-143.942,-1.837,-720.841
2528.9,60.73,87.2,0.0,-3.6,4,-145.194,-1.938,-718.767
2528.9,61.03,87.2,0.0,-3.3,4,-147.099,-2.090,-715.654
2541.1,61.22,87.2,0.0,-3.3,4,-148.386,-2.192,-713.578
2541.1,61.51,87.3,0.0,-3.3,4,-150.341,-2.346,-710.462
2541.1,61.70,87.3,0.0,-3.2,4,-151.660,-2.449,-708.384
2541.1,61.98,87.4,0.0,-2.8,4,-153.662,-2.600,-705.264
2553.5,62.17,87.4,0.0,-2.6,4,-155.012,-2.697,-703.183
2553.5,62.35,0.0,0.0,-2.5,0,-157.058,-2.841,-700.059
2553.5,62.42,86.1,0.0,-2.2,5,-159.121,-2.983,-696.943
2553.5,62.59,86.1,0.0,-2.4,5,-160.509,-3.075,-694.865
2566.1,62.85,86.2,0.0,-2.6,5,-162.609,-3.209,-691.746
2566.1,63.03,86.2,0.0,-2.6,5,-164.022,-3.293,-689.665
2566.1,63.28,86.3,0.0,-2.3,5,-166.162,-3.411,-686.540
2566.1,63.45,86.4,0.0,-2.3,5,-167.601,-3.482,-684.455
2578.8,63.69,86.6,0.0,-2.4,5,-169.779,-3.580,-681.326
2578.8,63.86,86.7,0.0,-2.2,5,-171.243,-3.638,-679.238
2578.8,64.11,86.8,0.0,-1.9,5,-173.459,-3.714,-676.104
2578.8,64.27,86.9,0.0,-1.8,5,-174.948,-3.757,-674.014
2591.6,64.51,87.0,0.0,-1.9,5,-177.200,-3.811,-670.876
2591.6,64.67,87.2,0.0,-1.7,5,-178.712,-3.841,-668.781
2591.6,64.91,87.3,0.0,-1.6,5,-180.996,-3.878,-665.637
2591.6,65.06,87.4,0.0,-1.5,5,-182.529,-3.899,-663.538
2604.6,65.30,87.5,0.0,-1.3,5,-184.844,-3.928,-660.387
2604.6,65.53,87.6,0.0,-1.2,5,-187.176,-3.955,-657.231
2604.6,65.68,87.7,0.0,-1.2,5,-188.741,-3.971,-655.124
2617.7,65.91,87.8,0.0,-1.3,5,-191.102,-3.991,-651.961
2617.7,66.06,87.9,0.0,-1.2,5,-192.685,-4.004,-649.849
2617.7,66.27,88.0,0.0,-1.2,5,-195.073,-4.018,-646.678
2617.7,66.43,88.1,0.0,-1.2,5,-196.674,-4.025,-644.562
2630.9,66.64,88.3,0.0,-1.3,5,-199.088,-4.032,-641.383
2630.9,66.79,88.3,0.0,-1.1,5,-200.705,-4.035,-639.261
2630.9,67.00,88.5,0.0,-1.0,5,-203.145,-4.034,-636.074
2630.9,67.14,88.5,0.0,-1.0,5,-204.780,-4.030,-633.948
2644.2,67.35,88.6,0.0,-2.3,5,-207.245,-4.018,-630.754
2644.2,67.49,88.7,0.0,-3.7,5,-208.897,-4.006,-628.623
2644.2,67.69,88.8,0.0,-3.9,5,-211.393,-3.984,-625.428
2644.2,67.83,88.9,0.0,-4.2,5,-213.070,-3.970,-623.299
2657.7,68.03,89.0,0.0,-4.3,5,-215.609,-3.946,-620.111
2657.7,68.15,89.1,0.0,-4.3,5,-217.318,-3.930,-617.991
2657.7,68.35,89.2,0.0,-2.4,5,-219.908,-3.907,-614.819
2657.7,68.55,89.3,0.0,-0.7,5,-222.527,-3.888,-611.656
2671.3,68.68,89.3,0.0,-0.6,5,-224.287,-3.878,-609.550
2671.3,68.82,89.4,0.0,-0.8,5,-226.056,-3.872,-607.445
2671.3,69.02,89.5,0.0,-1.1,5,-228.722,-3.867,-604.284
2671.3,69.09,38.7,37.0,-0.9,5,-231.401,-3.868,-601.121
2685.2,68.67,0.0,60.9,-1.0,5,-233.186,-3.872,-599.019
2685.2,67.61,0.0,80.5,-1.0,5,-235.839,-3.882,-595.904
2685.2,66.79,0.0,86.2,-1.0,5,-237.586,-3.892,-593.859
2685.2,65.49,0.0,89.0,-0.7,5,-240.169,-3.912,-590.842
2698.6,64.60,0.0,89.6,-0.5,5,-241.865,-3.929,-588.867
2698.6,63.28,0.0,90.6,-0.6,5,-244.371,-3.959,-585.959
2698.6,62.39,0.0,90.4,-0.5,5,-246.015,-3.982,-584.056
2698.6,61.05,0.0,90.2,-0.7,5,-248.442,-4.019,-581.255
2711.1,60.17,0.0,90.2,-0.8,5,-250.033,-4.045,-579.423
2722.7,53.65,0.0,91.1,-1.0,4,-261.293,-4.242,-566.576
2722.7,52.77,0.0,90.7,-0.9,4,-262.705,-4.269,-564.981
2733.5,51.49,0.0,90.6,-1.9,4,-264.784,-4.309,-562.641
2733.5,50.62,0.0,90.2,-1.8,4,-266.144,-4.338,-561.116
2733.5,49.34,0.0,89.9,-3.4,4,-268.146,-4.380,-558.880
2733.5,48.48,0.0,89.6,-4.3,4,-269.457,-4.407,-557.425
2743.3,47.23,24.6,90.2,-6.8,0,-271.388,-4.445,-555.297
2743.3,46.42,0.0,91.6,-5.7,3,-272.655,-4.468,-553.916
2743.3,45.12,0.0,90.8,-4.9,3,-274.524,-4.503,-551.901
2743.3,43.85,0.0,89.8,-4.3,3,-276.357,-4.536,-549.958
2752.4,43.02,0.0,89.8,-3.8,3,-277.559,-4.557,-548.701
2752.4,41.77,0.0,88.1,-4.1,3,-279.331,-4.589,-546.874
2752.4,40.93,0.0,86.7,-5.0,3,-280.493,-4.610,-545.695
2752.4,39.73,0.0,84.8,-5.8,3,-282.207,-4.638,-543.984
2760.5,38.93,0.0,80.3,-6.3,0,-283.331,-4.657,-542.881
2760.5,37.88,0.0,76.0,-7.4,2,-284.993,-4.683,-541.282
2760.5,37.15,0.0,73.0,-6.6,2,-286.085,-4.700,-540.252
2760.5,36.12,0.0,70.6,-6.9,2,-287.701,-4.726,-538.760
2767.9,35.46,0.0,70.1,-7.9,2,-288.765,-4.742,-537.800
2767.9,34.45,0.0,69.2,-10.1,2,-290.340,-4.767,-536.413
2767.9,33.79,0.0,70.3,-12.3,2,-291.377,-4.783,-535.523
2767.9,32.81,0.0,71.3,-15.4,2,-292.913,-4.806,-534.242
2774.6,32.15,0.0,69.2,-17.1,2,-293.924,-4.821,-533.425
2774.6,31.22,0.0,59.7,-18.5,2,-295.423,-4.841,-532.254
2774.6,30.63,0.0,54.4,-17.4,2,-296.413,-4.854,-531.510
2774.6,29.83,0.0,48.3,-16.0,2,-297.885,-4.872,-530.448
2780.6,29.09,0.0,44.4,-15.5,2,-299.345,-4.888,-529.450
2780.6,28.61,0.0,43.1,-15.0,2,-300.314,-4.897,-528.821
2780.6,27.92,0.0,42.0,-12.2,2,-301.758,-4.910,-527.929
2780.6,27.48,0.0,39.0,-12.6,2,-302.715,-4.917,-527.370
2786.0,26.87,0.0,36.3,-17.1,2,-304.143,-4.927,-526.581
2786.0,26.50,33.9,35.7,-21.0,0,-305.091,-4.934,-526.089
2786.0,25.94,0.0,35.9,-23.4,1,-306.506,-4.942,-525.398
2786.0,25.55,0.0,29.7,-25.5,1,-307.442,-4.947,-524.968
2791.1,25.06,0.0,24.3,-28.8,1,-308.838,-4.953,-524.369
2791.1,24.77,0.0,22.5,-30.2,1,-309.764,-4.957,-523.999
2791.1,24.35,0.0,18.6,-30.9,1,-311.147,-4.960,-523.488
2791.1,24.10,0.0,14.4,-31.3,1,-312.065,-4.962,-523.177
2796.5,23.79,0.0,12.7,-33.4,1,-313.438,-4.962,-522.752
2796.5,23.60,0.0,12.3,-33.2,1,-314.350,-4.962,-522.496
2796.5,23.32,0.0,8.3,-34.1,1,-315.716,-4.959,-522.152
2796.5,23.08,0.0,8.3,-36.4,1,-317.076,-4.955,-521.856
2802.1,22.92,0.0,8.8,-41.9,1,-317.981,-4.951,-521.685
2802.1,22.70,5.1,0.2,-45.0,1,-319.333,-4.943,-521.472
2802.1,22.68,28.7,0.0,-42.4,1,-320.233,-4.936,-521.360
2802.1,22.95,31.3,0.0,-36.7,1,-321.594,-4.928,-521.227
2807.7,23.09,40.4,0.0,-31.4,1,-322.511,-4.923,-521.162
2807.7,23.41,40.1,0.0,-26.0,1,-323.904,-4.918,-521.098
2807.7,23.54,26.3,0.6,-28.0,1,-324.842,-4.917,-521.076
2807.7,23.42,0.0,14.4,-34.8,1,-326.252,-4.915,-521.079
2813.3,23.16,0.0,10.4,-38.9,1,-327.185,-4.919,-521.102
2813.3,22.91,0.0,4.0,-40.5,1,-328.564,-4.913,-521.186
2813.3,22.79,0.0,1.1,-41.2,1,-329.474,-4.909,-521.268
2813.3,22.63,1.3,0.0,-43.2,1,-330.827,-4.902,-521.430
2818.4,22.54,3.5,0.0,-45.6,1,-331.721,-4.898,-521.564
2818.4,22.54,28.5,0.0,-50.0,1,-333.050,-4.890,-521.806
2818.4,22.66,38.7,0.0,-50.4,1,-333.934,-4.885,-521.995
2818.4,22.92,47.5,0.0,-49.6,1,-335.260,-4.876,-522.324
2823.2,23.26,52.5,0.0,-50.0,1,-336.591,-4.864,-522.707
2823.2,23.55,68.2,0.0,-50.6,1,-337.481,-4.855,-522.992
2823.2,23.89,48.5,0.0,-47.8,1,-338.823,-4.841,-523.468
2823.2,24.07,41.4,0.0,-43.7,1,-339.715,-4.829,-523.818
2832.8,25.60,57.2,0.0,-20.7,1,-345.866,-4.738,-526.984
2832.8,26.08,66.2,0.0,-9.9,1,-347.170,-4.717,-527.820
2832.8,26.46,70.8,0.0,-2.3,1,-348.042,-4.703,-528.403
2837.9,27.09,77.3,0.0,1.3,1,-349.363,-4.682,-529.314
2837.9,27.53,77.8,0.0,5.6,1,-350.256,-4.668,-529.942
2837.9,28.10,61.0,0.0,17.1,1,-351.615,-4.646,-530.909
2837.9,28.46,44.9,0.0,20.4,1,-353.006,-4.624,-531.883
2843.4,28.62,39.1,0.0,18.1,1,-353.949,-4.609,-532.525
2843.4,28.78,27.2,0.0,15.1,1,-355.387,-4.588,-533.473
2843.4,28.85,25.1,0.0,15.8,1,-356.358,-4.575,-534.094
2843.4,28.95,27.4,0.0,14.4,1,-357.832,-4.556,-535.007
2849.1,29.03,26.0,0.0,18.2,1,-358.825,-4.544,-535.604
2849.1,29.07,19.1,0.0,21.7,1,-360.332,-4.527,-536.480
2849.1,29.08,19.7,0.0,25.8,1,-361.347,-4.516,-537.048
2849.1,29.11,20.3,0.0,29.4,1,-362.885,-4.502,-537.872
2855.3,29.10,13.5,0.0,30.0,1,-363.923,-4.493,-538.400
2855.3,29.05,14.3,0.0,30.6,1,-365.496,-4.481,-539.155
2855.3,29.03,19.6,0.0,33.1,1,-366.554,-4.474,-539.633
2855.3,29.01,16.9,0.0,43.3,1,-368.159,-4.465,-540.309
2861.5,29.02,22.6,0.0,49.2,1,-369.240,-4.460,-540.732
2861.5,29.08,29.0,0.0,55.9,1,-370.879,-4.455,-541.321
2861.5,29.22,42.5,0.0,61.7,1,-372.541,-4.450,-541.856
2861.5,29.35,46.4,0.0,64.9,1,-373.665,-4.450,-542.187
2868.0,29.52,41.9,0.0,70.9,1,-375.373,-4.452,-542.640
2868.0,29.66,38.2,0.0,72.1,1,-376.525,-4.456,-542.913
2868.0,29.71,34.5,0.0,72.5,1,-378.272,-4.454,-543.261
2868.0,29.76,31.1,0.0,75.1,1,-379.445,-4.455,-543.461
2875.7,29.79,24.6,0.0,78.9,1,-381.215,-4.455,-543.705
2875.7,29.78,21.2,0.0,82.9,1,-382.400,-4.456,-543.831
2875.7,29.72,21.4,0.0,88.7,1,-384.179,-4.460,-543.969
2875.7,29.66,19.9,0.0,92.4,1,-385.365,-4.463,-544.023
2882.5,29.54,14.8,0.0,92.6,1,-387.142,-4.465,-544.046
2882.5,29.44,14.2,0.0,92.8,1,-388.321,-4.466,-544.025
2882.5,29.31,14.0,0.0,93.2,1,-390.082,-4.468,-543.939
2882.5,29.22,13.9,0.0,93.3,1,-391.249,-4.470,-543.847
2889.9,29.08,13.9,0.0,93.6,1,-392.988,-4.472,-543.658
2889.9,28.95,13.8,0.0,91.4,1,-394.710,-4.474,-543.406
2889.9,28.85,13.8,0.0,92.1,1,-395.849,-4.475,-543.203
2895.9,28.70,14.0,0.0,90.9,1,-397.538,-4.476,-542.846
2895.9,28.61,14.0,0.0,88.8,1,-398.652,-4.477,-542.575
2895.9,28.49,14.0,0.0,84.9,1,-400.303,-4.480,-542.116
2895.9,28.41,14.1,0.0,81.8,1,-401.390,-4.483,-541.778
2901.6,28.30,14.5,0.0,73.4,1,-402.997,-4.490,-541.221
2901.6,28.23,15.8,0.0,66.9,1,-404.054,-4.496,-540.817
2901.6,28.18,21.9,0.0,56.2,1,-405.614,-4.508,-540.164
2901.6,28.22,32.1,0.0,47.6,1,-406.639,-4.516,-539.695
2907.1,28.46,52.7,0.0,32.9,1,-408.162,-4.531,-538.942
2907.1,28.63,39.3,0.0,22.0,1,-409.170,-4.541,-538.406
2907.1,28.97,51.6,0.0,7.7,1,-410.672,-4.559,-537.555
2907.1,29.26,65.1,0.0,1.8,1,-411.671,-4.571,-536.957
2912.8,29.80,72.3,0.0,-0.6,1,-413.173,-4.592,-536.021
2912.8,30.42,78.9,0.0,4.5,1,-414.686,-4.615,-535.038
2912.8,30.84,79.4,0.0,9.8,1,-415.704,-4.631,-534.357
2912.8,31.47,80.2,0.0,14.6,1,-417.243,-4.656,-533.298
2918.8,31.88,82.0,0.0,16.7,1,-418.276,-4.673,-532.566
2918.8,32.51,85.5,0.0,18.5,1,-419.836,-4.699,-531.430
2918.8,32.92,86.5,0.0,19.6,0,-420.882,-4.717,-530.644
2918.8,32.99,84.1,0.0,18.6,2,-422.440,-4.744,-529.427
2925.0,33.35,84.4,0.0,17.5,2,-423.469,-4.762,-528.591
2925.0,33.89,84.6,0.0,15.6,2,-425.010,-4.787,-527.291
2925.0,34.26,84.8,0.0,13.9,2,-426.035,-4.804,-526.394
2925.0,34.82,84.9,0.0,12.5,2,-427.570,-4.828,-525.004
2931.8,35.15,85.3,0.0,11.7,2,-428.590,-4.842,-524.046
2931.8,35.74,85.2,0.0,10.8,2,-430.117,-4.865,-522.568
2931.8,36.09,85.4,0.0,11.1,2,-431.133,-4.878,-521.554
2931.8,36.65,85.5,0.0,11.3,2,-432.654,-4.899,-519.990
2938.9,37.20,85.7,0.0,10.8,2,-434.172,-4.918,-518.378
2938.9,37.56,85.9,0.0,10.7,2,-435.182,-4.931,-517.277
2938.9,38.10,86.0,0.0,12.2,2,-436.694,-4.950,-515.586
2938.9,38.46,86.1,0.0,13.7,2,-437.699,-4.962,-514.431
2946.3,38.98,84.5,0.0,15.3,2,-439.199,-4.980,-512.659
2946.3,39.31,81.9,0.0,16.2,2,-440.192,-4.992,-511.449
2946.3,39.76,78.6,0.0,16.4,2,-441.666,-5.009,-509.592
2946.3,40.06,81.8,0.0,16.0,2,-442.638,-5.020,-508.326
2954.1,40.53,86.1,0.0,15.5,2,-444.074,-5.035,-506.382
2954.1,40.86,86.8,0.0,14.7,2,-445.018,-5.044,-505.056
2954.1,41.37,86.9,0.0,14.5,2,-446.412,-5.055,-503.021
2954.1,41.67,87.1,0.0,15.0,2,-447.325,-5.061,-501.635
2962.1,42.13,87.3,0.0,15.5,2,-448.670,-5.069,-499.511
2962.1,42.43,87.3,0.0,15.1,2,-449.549,-5.074,-498.067
2962.1,42.89,87.4,0.0,13.9,2,-450.836,-5.079,-495.857
2962.1,43.29,87.4,0.0,13.4,0,-452.085,-5.081,-493.594
2970.3,43.28,0.0,0.0,13.3,0,-452.894,-5.083,-492.062
2970.3,43.53,85.8,0.0,13.3,3,-454.063,-5.087,-489.738
2970.3,43.76,65.8,0.0,12.2,3,-454.819,-5.091,-488.165
2970.3,44.12,85.2,0.0,13.0,3,-455.917,-5.099,-485.770
2978.8,44.39,85.8,0.0,14.1,3,-456.625,-5.105,-484.147
2978.8,44.80,85.8,0.0,15.1,3,-457.651,-5.117,-481.677
2978.8,45.08,85.8,0.0,15.7,3,-458.312,-5.127,-480.006
2978.8,45.47,86.0,0.0,16.6,3,-459.265,-5.145,-477.463
2987.5,45.74,86.0,0.0,16.9,3,-459.875,-5.159,-475.745
2987.5,46.13,86.2,0.0,16.5,3,-460.750,-5.184,-473.133
2987.5,46.39,86.2,0.0,15.6,3,-461.306,-5.202,-471.368
2987.5,46.77,86.3,0.0,15.2,3,-462.096,-5.231,-468.688
2996.5,47.04,86.4,0.0,14.9,3,-462.592,-5.253,-466.879
2996.5,47.42,86.4,0.0,14.7,3,-463.291,-5.287,-464.134
2996.5,47.78,86.6,0.0,15.0,3,-463.931,-5.324,-461.351
2996.5,48.03,86.6,0.0,15.2,3,-464.325,-5.350,-459.477
3005.7,48.41,86.7,0.0,14.9,3,-464.865,-5.391,-456.635
3005.7,48.65,86.7,0.0,13.3,3,-465.191,-5.418,-454.722
3005.7,49.02,86.8,0.0,10.8,3,-465.625,-5.460,-451.826
3005.7,49.28,86.8,0.0,10.2,3,-465.880,-5.487,-449.877
3015.3,49.65,86.8,0.0,14.0,3,-466.212,-5.527,-446.929
3015.3,49.91,86.9,0.0,17.0,3,-466.401,-5.554,-444.947
3015.3,50.27,87.0,0.0,20.5,3,-466.635,-5.595,-441.952
3015.3,50.50,87.0,0.0,21.6,3,-466.758,-5.622,-439.941
3025.2,50.85,87.1,0.0,21.7,3,-466.888,-5.663,-436.905
3025.2,51.06,87.2,0.0,21.5,3,-466.937,-5.690,-434.868
3025.2,51.39,87.3,0.0,20.0,3,-466.950,-5.730,-431.795
3025.2,51.60,87.3,0.0,18.5,3,-466.916,-5.756,-429.737
3035.5,51.89,87.4,0.0,16.6,3,-466.800,-5.793,-426.635
3035.5,52.09,0.0,0.0,14.2,0,-466.602,-5.827,-423.520
3035.5,52.02,65.7,0.0,12.6,4,-466.423,-5.848,-421.446
3046.3,52.26,85.7,0.0,12.4,4,-466.086,-5.876,-418.338
3046.3,52.45,85.8,0.0,13.0,4,-465.817,-5.892,-416.262
3046.3,52.74,85.8,0.0,15.0,4,-465.348,-5.914,-413.141
3046.3,52.93,85.9,0.0,15.9,4,-464.992,-5.927,-411.058
3057.7,53.23,86.0,0.0,18.5,4,-464.401,-5.947,-407.929
3057.7,53.43,85.9,0.0,20.1,4,-463.971,-5.963,-405.840
3057.7,53.72,86.1,0.0,21.5,4,-463.274,-5.992,-402.702
3057.7,53.95,86.0,0.0,22.4,4,-462.776,-6.019,-400.607
3069.1,54.20,86.1,0.0,20.9,4,-461.961,-6.056,-397.469
3069.1,54.37,86.1,0.0,19.6,4,-461.372,-6.078,-395.379
3069.1,54.63,86.2,0.0,17.4,4,-460.416,-6.106,-392.253
3069.1,54.81,86.3,0.0,15.7,4,-459.733,-6.121,-390.174
3080.4,55.09,86.3,0.0,13.1,4,-458.641,-6.141,-387.063
3080.4,55.38,86.3,0.0,11.4,4,-457.475,-6.161,-383.962
3080.4,55.56,86.4,0.0,10.6,4,-456.657,-6.174,-381.900
3080.4,55.86,86.4,0.0,10.1,4,-455.370,-6.192,-378.815
3091.4,56.07,86.4,0.0,10.0,4,-454.474,-6.202,-376.764
3091.4,56.36,86.4,0.0,10.4,4,-453.078,-6.213,-373.695
3091.4,56.55,86.5,0.0,10.6,4,-452.115,-6.220,-371.653
3091.4,56.85,86.5,0.0,9.9,4,-450.625,-6.231,-368.596
3102.5,57.05,86.5,0.0,9.4,4,-449.601,-6.240,-366.561
3102.5,57.34,86.6,0.0,8.7,4,-448.021,-6.254,-363.516
3102.5,57.54,86.6,0.0,8.9,4,-446.936,-6.263,-361.491
3102.5,57.82,86.7,0.0,9.4,4,-445.265,-6.276,-358.461
3113.9,58.02,86.7,0.0,9.4,4,-444.122,-6.285,-356.447
3113.9,58.31,86.8,0.0,9.3,4,-442.361,-6.297,-353.434
3113.9,58.49,86.8,0.0,9.2,4,-441.158,-6.304,-351.433
3113.9,58.77,86.9,0.0,9.7,4,-439.308,-6.313,-348.442
3125.4,59.04,86.9,0.0,9.3,4,-437.406,-6.321,-345.464
3125.4,59.23,87.0,0.0,8.5,4,-436.108,-6.326,-343.486
3125.4,59.51,87.0,0.0,7.1,4,-434.118,-6.334,-340.533
3125.4,59.68,87.2,0.0,6.3,4,-432.760,-6.333,-338.574
3137.3,59.97,87.3,0.0,5.0,4,-430.688,-6.334,-335.645
3137.3,60.15,87.3,0.0,3.4,4,-429.282,-6.337,-333.698
3137.3,60.42,87.5,0.0,2.5,4,-427.135,-6.335,-330.788
3137.3,60.59,87.6,0.0,2.4,4,-425.683,-6.331,-328.852
3149.3,60.87,87.8,0.0,2.4,4,-423.478,-6.320,-325.952
3149.3,61.05,87.8,0.0,2.0,4,-421.994,-6.311,-324.018
3149.3,61.33,87.9,0.0,0.4,4,-419.748,-6.298,-321.114
3149.3,61.50,88.1,0.0,-0.4,4,-418.239,-6.287,-319.176
3161.6,61.77,88.2,0.0,-0.8,4,-415.962,-6.275,-316.262
3161.6,61.94,88.3,0.0,-0.9,4,-414.436,-6.265,-314.314
3161.6,62.21,88.4,0.0,-1.1,4,-412.141,-6.250,-311.381
3161.6,62.47,88.5,0.0,-1.2,4,-409.840,-6.235,-308.433
3174.1,62.54,0.0,0.0,-1.2,0,-408.305,-6.225,-306.459
3174.1,62.58,87.4,0.0,-1.3,5,-406.008,-6.210,-303.493
3174.1,62.74,87.5,0.0,-1.2,5,-404.478,-6.199,-301.509
3174.1,62.98,87.6,0.0,-1.1,5,-402.181,-6.182,-298.518
3186.6,63.14,87.7,0.0,-1.0,5,-400.650,-6.169,-296.514
3186.6,63.38,87.8,0.0,-0.9,5,-398.352,-6.151,-293.493
3186.6,63.54,87.9,0.0,-0.9,5,-396.818,-6.138,-291.470
3186.6,63.77,88.0,0.0,-0.9,5,-394.517,-6.117,-288.423
3199.3,63.93,88.1,0.0,-1.0,5,-392.982,-6.103,-286.382
3199.3,64.17,88.2,0.0,-0.8,5,-390.677,-6.082,-283.308
3199.3,64.32,88.3,0.0,-0.7,5,-389.138,-6.068,-281.250
3199.3,64.55,88.4,0.0,-0.6,5,-386.828,-6.047,-278.150
3212.1,64.70,88.5,0.0,-0.6,5,-385.286,-6.032,-276.076
3212.1,64.93,88.6,0.0,-0.5,5,-382.970,-6.007,-272.953
3212.1,65.08,88.7,0.0,-0.4,5,-381.423,-5.989,-270.863
3212.1,65.30,88.8,0.0,-0.2,5,-379.100,-5.962,-267.717
3225.1,65.52,88.9,0.0,-0.2,5,-376.772,-5.934,-264.558
3225.1,65.67,89.0,0.0,-0.2,5,-375.217,-5.916,-262.445
3225.1,65.89,89.1,0.0,-0.1,5,-372.879,-5.889,-259.265
3225.1,66.04,89.2,0.0,0.0,5,-371.318,-5.869,-257.139
3238.3,66.24,89.3,0.0,0.3,5,-368.970,-5.836,-253.940
3238.3,66.39,89.4,0.0,0.4,5,-367.401,-5.813,-251.801
3238.3,66.60,89.5,0.0,0.7,5,-365.040,-5.777,-248.585
3238.3,66.74,89.5,0.0,0.7,5,-363.461,-5.751,-246.437
3251.6,66.96,89.6,0.0,0.4,5,-361.084,-5.712,-243.207
3251.6,67.10,89.7,0.0,0.5,5,-359.493,-5.683,-241.050
3251.6,67.30,89.8,0.0,0.7,5,-357.097,-5.638,-237.808
3251.6,67.44,89.9,0.0,0.9,5,-355.493,-5.607,-235.643
3265.0,67.64,90.0,0.0,0.6,5,-353.079,-5.561,-232.389
3265.0,67.78,90.0,0.0,0.3,5,-351.463,-5.531,-230.216
3265.0,67.99,90.1,0.0,0.2,5,-349.031,-5.490,-226.950
3278.6,68.17,90.2,0.0,0.2,5,-346.587,-5.453,-223.677
3278.6,68.30,90.2,0.0,0.2,5,-344.953,-5.427,-221.491
3278.6,68.50,90.4,0.0,0.1,5,-342.494,-5.384,-218.206
3278.6,68.63,90.4,0.0,0.2,5,-340.850,-5.355,-216.011
3292.3,68.82,90.5,0.0,0.2,5,-338.377,-5.310,-212.712
3292.3,68.95,90.5,0.0,0.1,5,-336.724,-5.278,-210.508
3292.3,69.14,90.7,0.0,-0.0,5,-334.239,-5.231,-207.195
3292.3,69.27,90.7,0.0,-0.0,5,-332.578,-5.199,-204.981
3306.1,69.45,90.8,0.0,-0.0,5,-330.080,-5.151,-201.653
3306.1,69.57,90.9,0.0,-0.1,5,-328.412,-5.117,-199.430
3306.1,69.75,90.9,0.0,-0.1,5,-325.904,-5.064,-196.087
3306.1,69.87,91.0,0.0,-0.2,5,-324.229,-5.028,-193.853
3320.1,70.04,91.1,0.0,-0.3,5,-321.713,-4.972,-190.494
3320.1,70.22,91.1,0.0,-0.3,5,-319.192,-4.916,-187.126
3320.1,70.34,91.2,0.0,-0.3,5,-317.508,-4.878,-184.875
3320.1,70.52,91.3,0.0,-0.3,5,-314.980,-4.822,-181.490
3334.1,70.63,91.4,0.0,-0.4,5,-313.292,-4.784,-179.228
3334.1,70.80,91.4,0.0,-0.4,5,-310.756,-4.728,-175.827
3334.1,70.91,91.5,0.0,-0.4,5,-309.064,-4.691,-173.554
3334.1,71.08,91.6,0.0,-0.5,0,-306.522,-4.635,-170.136
3348.3,70.99,0.0,0.0,-0.4,0,-304.827,-4.596,-167.855
3348.3,71.09,90.6,0.0,-0.4,6,-302.289,-4.537,-164.434
3348.3,71.20,90.7,0.0,-0.4,6,-300.595,-4.497,-162.148
3348.3,71.36,90.8,0.0,-0.5,6,-298.052,-4.438,-158.711
3362.6,71.46,90.8,0.0,-0.4,6,-296.354,-4.397,-156.414
3362.6,71.62,90.9,0.0,-0.5,6,-293.806,-4.337,-152.961
3362.6,71.72,90.9,0.0,-0.4,6,-292.105,-4.296,-150.654
3362.6,71.89,91.0,0.0,-0.3,6,-289.551,-4.234,-147.184
3376.9,72.04,91.0,0.0,-0.2,6,-286.995,-4.172,-143.706
3376.9,72.14,91.1,0.0,-0.1,6,-285.289,-4.131,-141.381
3376.9,72.30,91.1,0.0,0.4,6,-282.727,-4.071,-137.887
3376.9,72.40,91.2,0.0,0.2,6,-281.017,-4.031,-135.554
3391.4,72.55,91.3,0.0,0.0,6,-278.446,-3.970,-132.048
3391.4,72.65,91.3,0.0,-0.0,6,-276.728,-3.929,-129.706
3391.4,72.80,91.4,0.0,0.7,6,-274.147,-3.867,-126.189
3391.4,72.90,91.4,0.0,1.1,6,-272.423,-3.825,-123.841
3405.9,73.05,91.5,0.0,1.1,6,-269.827,-3.762,-120.316
3405.9,73.15,91.5,0.0,0.8,6,-268.091,-3.720,-117.964
3405.9,73.28,91.6,0.0,1.4,6,-265.476,-3.657,-114.434
3405.9,73.39,91.6,0.0,0.5,6,-263.726,-3.615,-112.081
3420.6,73.53,91.7,0.0,-1.3,6,-261.092,-3.551,-108.548
3420.6,73.62,91.7,0.0,-1.9,6,-259.332,-3.507,-106.190
3420.6,73.76,91.8,0.0,-1.4,6,-256.691,-3.439,-102.645
3420.6,73.86,91.8,0.0,-1.1,6,-254.932,-3.394,-100.274
3435.4,74.00,91.9,0.0,-0.9,6,-252.298,-3.325,-96.706
3435.4,74.15,91.9,0.0,-1.1,6,-249.668,-3.257,-93.124
3435.4,74.25,92.0,0.0,-1.1,6,-247.917,-3.212,-90.729
3435.4,74.38,92.0,0.0,-1.2,6,-245.293,-3.147,-87.125
3450.2,74.47,92.1,0.0,-0.8,6,-243.545,-3.104,-84.716
3450.2,74.60,92.1,0.0,0.4,6,-240.924,-3.039,-81.093
3450.2,74.69,92.1,0.0,1.4,6,-239.176,-2.996,-78.672
3450.2,74.83,92.2,0.0,1.5,6,-236.549,-2.932,-75.037
3465.1,74.91,92.2,0.0,1.3,6,-234.792,-2.889,-72.613
3465.1,75.04,92.3,0.0,2.2,6,-232.144,-2.824,-68.976
3465.1,75.13,92.3,0.0,3.4,6,-230.370,-2.780,-66.554
3465.1,75.26,92.4,0.0,5.1,6,-227.691,-2.712,-62.924
3480.2,75.33,92.4,0.0,5.9,6,-225.890,-2.665,-60.511
3480.2,75.44,79.9,7.0,6.3,6,-223.160,-2.594,-56.905
3480.2,75.27,10.2,37.3,6.5,6,-221.320,-2.546,-54.517
3480.2,74.41,0.0,68.3,6.9,6,-218.543,-2.473,-50.983
3495.2,73.28,0.0,65.6,7.0,6,-215.763,-2.403,-47.530
3495.2,72.56,0.0,56.6,8.5,6,-213.908,-2.356,-45.278
3495.2,71.64,0.0,35.4,5.7,6,-211.114,-2.287,-41.975
3495.2,71.18,0.0,20.6,4.6,6,-209.240,-2.242,-39.819
3509.6,70.71,0.0,4.1,7.1,6,-206.403,-2.174,-36.647
3509.6,70.51,5.1,0.1,8.4,6,-204.488,-2.128,-34.571
3509.6,70.32,20.6,0.0,10.0,6,-201.581,-2.060,-31.506
3509.6,70.20,18.7,0.0,11.0,6,-199.618,-2.015,-29.494
3523.6,69.95,7.3,24.5,11.1,6,-196.638,-1.948,-26.527
3523.6,69.59,0.0,94.9,10.7,6,-194.631,-1.902,-24.587
3523.6,68.44,0.0,25.4,9.5,6,-191.610,-1.833,-21.753
3523.6,68.12,48.6,1.0,9.1,6,-189.592,-1.787,-19.916
3537.2,68.21,89.3,0.0,11.5,6,-186.523,-1.721,-17.215
3537.2,68.30,89.3,0.0,14.4,6,-184.445,-1.680,-15.445
3537.2,68.41,71.4,0.0,19.1,6,-181.282,-1.626,-12.835
3550.7,68.35,43.2,0.0,22.1,6,-178.066,-1.582,-10.286
3550.7,68.33,68.3,0.0,22.6,6,-175.895,-1.559,-8.625
3550.7,68.40,89.4,0.0,21.8,6,-172.594,-1.530,-6.192
3550.7,68.46,89.7,0.0,20.7,6,-170.359,-1.512,-4.612
3564.7,68.55,89.7,0.0,20.1,6,-166.954,-1.485,-2.310
3564.7,68.59,89.8,0.0,21.5,6,-164.650,-1.467,-0.823
3564.7,68.65,87.4,0.0,23.5,6,-161.142,-1.434,1.332
3564.7,68.64,73.0,0.0,24.1,6,-158.770,-1.408,2.716
3578.8,68.64,78.1,0.0,24.1,6,-155.171,-1.363,4.715
3578.8,68.72,87.8,0.0,26.6,6,-152.748,-1.341,6.008
3578.8,68.78,90.0,0.0,29.9,6,-149.074,-1.313,7.881
3578.8,68.80,85.4,0.0,31.7,6,-146.596,-1.292,9.078
3593.6,68.80,72.1,0.0,34.7,6,-142.841,-1.260,10.793
3593.6,68.75,58.7,0.0,38.1,6,-139.044,-1.225,12.410
3593.6,68.66,47.5,0.0,40.2,6,-136.493,-1.200,13.432
3593.6,68.53,50.9,0.0,42.6,6,-132.641,-1.162,14.882
3608.1,68.44,45.3,0.0,43.6,6,-130.058,-1.136,15.793
3608.1,68.26,39.0,0.0,44.4,6,-126.163,-1.099,17.076
3608.1,68.14,39.6,0.0,44.3,6,-123.554,-1.076,17.876
3608.1,67.94,38.5,0.0,43.3,6,-119.626,-1.041,18.988
3622.1,67.81,36.8,0.0,43.3,6,-116.998,-1.017,19.669
3622.1,67.59,24.8,0.0,43.8,6,-113.044,-0.983,20.605
3622.1,67.40,14.5,0.0,44.2,6,-110.403,-0.960,21.168
3622.1,67.09,14.4,0.0,44.3,6,-106.439,-0.922,21.920
3635.3,66.89,14.3,0.0,44.7,6,-103.796,-0.896,22.361
3635.3,66.59,14.2,0.0,44.9,6,-99.833,-0.858,22.935
3635.3,66.38,14.2,0.0,43.7,6,-97.193,-0.832,23.257
3635.3,66.09,14.1,0.0,41.3,6,-93.238,-0.789,23.649
3648.4,65.89,14.1,0.0,39.2,6,-90.606,-0.759,23.851
3648.4,65.61,14.0,0.0,34.9,6,-86.667,-0.714,24.066
3648.4,65.42,55.0,0.0,29.9,6,-82.739,-0.668,24.177
3648.4,65.40,73.7,0.0,27.6,6,-80.123,-0.637,24.193
3661.2,65.45,87.8,0.0,22.9,6,-76.199,-0.589,24.130
3661.2,65.51,90.1,0.0,21.0,6,-73.582,-0.556,24.031
3661.2,65.63,90.2,0.0,18.7,6,-69.656,-0.505,23.799
3661.2,65.70,90.2,0.0,18.1,6,-67.038,-0.473,23.592
3674.3,65.82,90.2,0.0,14.2,6,-63.112,-0.426,23.203
3674.3,65.91,90.3,0.0,11.0,6,-60.496,-0.393,22.892
3674.3,66.05,90.4,0.0,6.8,6,-56.576,-0.335,22.346
3674.3,66.16,90.4,0.0,6.0,6,-53.964,-0.297,21.940
3687.4,66.31,90.6,0.0,5.0,6,-50.047,-0.240,21.274
3687.4,66.48,90.4,0.0,1.6,6,-47.434,-0.210,20.802
3687.4,66.66,90.5,0.0,-3.1,6,-43.511,-0.166,20.055
3687.4,66.78,90.6,0.0,-4.9,6,-40.893,-0.137,19.538
3700.6,66.97,89.2,0.0,-2.7,6,-36.957,-0.095,18.758
3700.6,67.15,90.5,0.0,-2.4,6,-33.008,-0.055,17.990
3700.6,67.27,90.8,0.0,-3.6,6,-30.367,-0.029,17.489
3700.6,67.47,90.8,0.0,-6.2,6,-26.393,0.004,16.755
3714.0,67.57,90.9,0.0,-7.3,6,-23.734,0.025,16.282
3714.0,67.73,91.0,0.0,-8.7,6,-19.733,0.050,15.600
3714.0,67.86,91.0,0.0,-8.7,6,-17.055,0.065,15.170
3714.0,68.02,91.1,0.0,-8.4,6,-13.024,0.089,14.569
3727.7,68.10,91.2,0.0,-9.1,6,-10.327,0.107,14.202
3727.7,68.26,91.2,0.0,-11.8,6,-6.266,0.133,13.704
3727.7,68.39,91.2,0.0,-12.7,6,-3.549,0.151,13.410
3727.7,68.52,91.3,0.0,-13.5,6,0.540,0.181,13.032
3741.5,68.61,91.3,0.0,-13.9,6,3.275,0.204,12.826
3741.5,68.72,91.4,0.0,-14.2,6,7.388,0.242,12.590
3741.5,68.82,91.4,0.0,-14.0,6,10.137,0.270,12.482
3741.5,68.94,91.5,0.0,-13.7,6,14.268,0.315,12.393
3755.6,69.06,91.5,0.0,-13.9,6,18.407,0.365,12.397
3755.6,69.15,91.6,0.0,-13.9,6,21.170,0.401,12.451
3755.6,69.25,91.6,0.0,-13.1,6,25.318,0.461,12.610
3755.6,69.32,91.7,0.0,-12.2,6,28.084,0.506,12.770
3770.0,69.45,91.7,0.0,-12.4,6,32.235,0.573,13.082
3770.0,69.53,91.8,0.0,-15.1,6,35.003,0.614,13.333
3770.0,69.68,91.7,0.0,-17.5,6,39.155,0.664,13.773
3770.0,69.73,91.8,0.0,-18.4,6,41.921,0.699,14.118
3784.4,69.82,91.9,0.0,-18.7,6,46.065,0.755,14.713
3784.4,69.88,91.9,0.0,-18.1,6,48.822,0.793,15.163
3784.4,69.98,92.0,0.0,-17.5,6,52.949,0.850,15.917
3784.4,70.05,92.0,0.0,-17.3,6,55.694,0.888,16.473
3798.7,70.13,92.0,0.0,-16.3,6,59.797,0.948,17.388
3798.7,70.18,92.1,0.0,-15.7,6,62.523,0.989,18.052
3798.7,70.25,92.2,0.0,-15.0,6,66.597,1.050,19.126
3813.2,70.36,92.3,0.0,-14.1,6,70.651,1.112,20.293
3813.2,70.44,92.1,0.0,-14.4,6,73.342,1.153,21.123
3813.2,70.51,92.2,0.0,-13.7,6,77.358,1.214,22.444
3813.2,70.60,92.2,0.0,-13.8,6,80.021,1.254,23.376
3827.8,70.69,92.3,0.0,-14.2,6,83.993,1.313,24.849
3827.8,70.70,92.4,0.0,-14.2,6,86.625,1.353,25.883
3827.8,70.82,92.4,0.0,-14.4,6,90.547,1.414,27.509
3827.8,70.86,92.5,0.0,-15.3,6,93.143,1.455,28.643
3842.1,70.98,92.4,0.0,-15.3,6,97.009,1.517,30.420
3842.1,71.03,92.4,0.0,-15.5,6,99.567,1.560,31.654
3842.1,71.13,92.5,0.0,-14.9,6,103.372,1.625,33.580
3842.1,71.20,92.5,0.0,-14.4,6,105.887,1.670,34.911
3856.4,71.30,92.5,0.0,-13.4,6,109.628,1.736,36.979
3856.4,71.37,92.6,0.0,-13.0,6,112.100,1.780,38.403
3856.4,71.47,92.6,0.0,-12.5,6,115.773,1.846,40.609
3856.4,71.58,92.6,0.0,-12.4,6,119.404,1.912,42.895
3870.6,71.65,92.7,0.0,-12.8,6,121.801,1.954,44.462
3870.6,71.76,92.7,0.0,-13.0,6,125.362,2.015,46.875
3870.6,71.83,92.7,0.0,-12.7,6,127.712,2.054,48.525
3870.6,71.93,92.8,0.0,-12.7,6,131.200,2.111,51.061
3884.9,72.01,92.8,0.0,-12.3,6,133.501,2.147,52.791
3884.9,72.12,92.8,0.0,-11.6,6,136.913,2.197,55.446
3884.9,72.20,92.8,0.0,-11.2,6,139.161,2.228,57.255
3884.9,72.30,92.9,0.0,-10.6,6,142.494,2.271,60.026
3899.3,72.38,92.9,0.0,-9.5,6,144.691,2.295,61.910
3899.3,72.50,92.9,0.0,-7.7,6,147.948,2.324,64.787
3899.3,72.59,92.9,0.0,-6.3,6,150.094,2.340,66.740
3899.3,72.71,93.0,0.0,-4.6,6,153.278,2.361,69.716
3913.8,72.80,89.1,0.0,-3.9,6,155.379,2.374,71.730
3913.8,72.64,25.4,65.7,-2.9,6,158.502,2.390,74.783
3913.8,71.53,0.0,83.0,-1.8,6,161.570,2.407,77.838
3913.8,70.67,0.0,87.2,-0.8,6,163.575,2.419,79.858
3928.1,69.32,0.0,89.2,0.1,6,166.523,2.438,82.853
3928.1,68.43,0.0,90.4,0.2,6,168.451,2.452,84.823
3928.1,67.07,0.0,89.3,0.2,6,171.290,2.474,87.736
3928.1,66.17,0.0,89.9,1.4,6,173.149,2.489,89.647
3941.6,64.84,21.6,91.4,2.8,0,175.893,2.512,92.466
3941.6,63.94,0.0,91.9,3.3,5,177.693,2.526,94.310
3941.6,62.59,0.0,91.1,1.5,5,180.354,2.547,97.021
3941.6,61.67,0.0,90.4,0.1,5,182.102,2.560,98.790
3954.2,60.35,0.0,91.1,-0.5,5,184.685,2.581,101.388
3954.2,59.45,0.0,90.5,-0.0,5,186.380,2.594,103.085
3954.2,58.13,0.0,90.7,0.6,5,188.878,2.612,105.579
3954.2,57.25,0.0,90.6,0.9,0,190.515,2.622,107.208
3965.8,55.95,0.0,91.8,1.1,4,192.927,2.637,109.603
3965.8,54.62,0.0,90.9,1.4,4,195.288,2.654,111.936
3965.8,53.74,0.0,91.0,1.4,4,196.833,2.666,113.458
3965.8,52.43,0.0,90.8,1.9,4,199.110,2.686,115.689
3976.7,51.55,0.0,90.4,2.9,4,200.601,2.701,117.141
3976.7,50.26,0.0,90.7,3.6,4,202.798,2.726,119.265
3976.7,49.39,0.0,90.7,4.8,4,204.238,2.743,120.646
3976.7,48.10,0.0,90.4,5.2,4,206.361,2.770,122.661
3986.6,47.25,23.3,91.0,5.4,0,207.753,2.787,123.967
3986.6,45.98,0.0,90.8,4.9,3,209.807,2.812,125.869
3986.6,45.13,0.0,89.5,5.5,3,211.153,2.829,127.099
3986.6,43.86,0.0,86.6,7.8,3,213.140,2.851,128.885
3995.7,43.04,0.0,84.1,9.7,3,214.443,2.865,130.037
3995.7,41.86,0.0,80.8,10.8,3,216.370,2.883,131.706
3995.7,41.11,0.0,73.2,10.9,3,217.638,2.894,132.779
3995.7,40.08,0.0,61.4,9.3,3,219.517,2.906,134.330
4004.0,39.18,0.0,53.2,6.0,3,221.378,2.915,135.812
4004.0,38.63,0.0,49.2,4.5,0,222.611,2.920,136.763
4004.0,37.90,0.0,46.7,3.5,2,224.451,2.925,138.138
4004.0,37.41,0.0,44.6,5.0,2,225.673,2.928,139.021
4011.6,36.71,0.0,42.8,9.2,2,227.495,2.929,140.297
4011.6,36.26,0.0,41.6,11.2,2,228.703,2.929,141.117
4011.6,35.60,0.0,41.1,14.5,2,230.504,2.928,142.304
4011.6,35.16,0.0,41.1,17.6,2,231.698,2.926,143.066
4018.8,34.51,0.0,39.5,20.3,2,233.479,2.922,144.164
4018.8,34.09,0.0,38.1,20.5,2,234.660,2.918,144.863
4018.8,33.47,0.0,38.1,20.8,2,236.426,2.911,145.860
4018.8,33.07,0.0,34.3,21.2,2,237.599,2.906,146.491
4025.4,32.53,0.0,25.8,20.1,2,239.353,2.897,147.385
4025.4,32.21,0.0,22.0,19.7,2,240.520,2.891,147.945
4025.4,31.81,0.0,15.5,21.4,2,242.272,2.881,148.733
4025.4,31.59,0.0,11.9,23.6,2,243.441,2.875,149.224
4031.6,31.31,0.0,9.4,25.9,2,245.200,2.865,149.909
4031.6,31.05,0.0,6.5,29.6,2,246.963,2.855,150.534
4031.6,30.91,0.0,3.3,32.0,2,248.142,2.848,150.917
4037.6,30.73,0.0,3.4,32.8,2,249.915,2.839,151.441
4037.6,30.60,0.0,3.9,33.9,2,251.101,2.832,151.758
4037.6,30.42,0.4,0.0,35.8,2,252.882,2.820,152.181
4037.6,30.32,0.9,0.1,34.9,2,254.071,2.812,152.428
4043.4,30.16,0.0,2.1,34.7,2,255.858,2.800,152.745
4043.4,30.04,1.8,0.4,35.4,2,257.050,2.792,152.919
4043.4,29.90,3.4,0.0,35.6,2,258.836,2.781,153.125
4043.4,29.80,2.1,0.3,35.9,2,260.026,2.774,153.225
4050.0,29.65,2.7,0.2,37.2,2,261.807,2.763,153.320
4050.0,29.56,6.7,0.0,37.4,2,262.991,2.756,153.346
4050.0,29.44,4.4,0.0,38.2,2,264.761,2.747,153.330
4050.0,29.35,5.5,0.0,39.0,2,265.936,2.742,153.282
4056.5,29.24,7.9,0.0,39.8,2,267.688,2.736,153.153
4056.5,29.11,4.3,0.0,40.6,2,269.428,2.733,152.957
4056.5,29.03,7.3,0.0,42.5,2,270.579,2.731,152.789
4056.5,28.92,7.0,0.0,45.4,2,272.291,2.730,152.483
4063.2,28.84,5.1,0.0,46.9,2,273.421,2.730,152.244
4063.2,28.71,13.0,0.0,49.6,2,275.097,2.733,151.830
4063.2,28.65,10.9,0.0,49.1,2,276.201,2.736,151.517
4063.2,28.53,8.4,0.0,49.1,2,277.835,2.743,150.993
4071.2,28.48,18.4,0.0,51.0,2,278.908,2.750,150.607
4071.2,28.42,19.0,0.0,51.8,2,280.493,2.762,149.975
4071.2,28.42,27.7,0.0,51.2,2,281.533,2.772,149.517
4071.2,28.47,38.4,0.0,51.8,2,283.069,2.790,148.775
4078.0,28.54,41.8,0.0,49.8,2,284.077,2.806,148.242
4078.0,28.71,50.1,0.0,46.0,2,285.565,2.832,147.387
4078.0,28.94,59.9,0.0,44.7,2,287.028,2.862,146.467
4078.0,29.12,60.6,0.0,43.7,2,287.990,2.883,145.817
4085.5,29.40,59.0,0.0,41.5,2,289.412,2.915,144.789
4085.5,29.58,59.1,0.0,39.6,2,290.345,2.937,144.069
4085.5,29.83,57.8,0.0,36.6,2,291.720,2.972,142.936
4085.5,30.00,56.2,0.0,35.2,2,292.618,2.997,142.146
4091.5,30.22,48.6,0.0,34.5,2,293.935,3.037,140.910
4091.5,30.34,44.4,0.0,34.7,2,294.792,3.064,140.055
4091.5,30.49,41.5,0.0,34.3,2,296.043,3.104,138.728
4091.5,30.59,42.9,0.0,34.0,2,296.856,3.130,137.817
4097.4,30.76,46.9,0.0,34.4,2,298.040,3.167,136.409
4097.4,30.90,50.5,0.0,33.4,2,298.808,3.191,135.445
4097.4,31.14,55.9,0.0,30.5,2,299.927,3.224,133.959
4097.4,31.31,52.7,0.0,28.1,2,300.651,3.244,132.942
4103.3,31.50,50.3,0.0,23.5,2,301.702,3.272,131.379
4103.3,31.76,51.0,0.0,19.2,2,302.710,3.297,129.771
4103.3,31.93,56.6,0.0,16.8,2,303.358,3.312,128.675
4103.3,32.20,56.1,0.0,15.1,2,304.295,3.331,126.996
4109.4,32.41,65.3,0.0,15.3,2,304.895,3.343,125.853
4109.4,32.69,55.6,0.0,16.4,2,305.761,3.359,124.102
4109.4,32.93,67.0,0.0,17.7,2,306.314,3.369,122.913
4109.4,33.31,69.0,0.0,20.2,2,307.109,3.383,121.093
4115.8,33.58,74.9,0.0,21.8,2,307.616,3.392,119.856
4115.8,34.01,72.8,0.0,22.8,2,308.344,3.405,117.964
4115.8,34.30,75.8,0.0,23.6,2,308.807,3.412,116.679
4115.8,34.66,50.9,0.0,23.3,2,309.464,3.423,114.717
4122.6,34.87,67.4,0.0,22.2,2,309.874,3.430,113.390
4122.6,35.22,54.7,0.0,19.2,2,310.445,3.441,111.366
4122.6,35.44,68.5,0.0,17.6,2,310.797,3.448,109.998
4122.6,35.84,63.6,0.0,16.3,2,311.280,3.461,107.916
4129.7,36.21,71.6,0.0,16.2,2,311.709,3.474,105.798
4129.7,36.47,64.5,0.0,15.9,2,311.965,3.484,104.368
4129.7,36.75,51.6,0.0,19.8,2,312.300,3.502,102.197
4129.7,36.83,29.1,0.0,21.0,2,312.490,3.515,100.738
4137.0,36.72,1.0,9.1,19.0,2,312.725,3.535,98.543
4137.0,36.54,0.0,19.1,16.7,2,312.849,3.550,97.082
4137.0,36.06,0.0,41.3,11.3,2,312.992,3.573,94.907
4137.0,35.61,0.0,47.8,7.6,2,313.062,3.590,93.474
4144.1,34.83,0.0,63.2,3.9,2,313.134,3.618,91.360
4144.1,34.20,0.0,69.6,2.4,2,313.166,3.638,89.979
4144.1,33.18,0.0,75.4,-0.2,2,313.195,3.670,87.955
4144.1,32.46,0.0,76.5,-2.5,2,313.207,3.692,86.641
4150.7,31.38,0.0,76.1,-6.2,2,313.219,3.726,84.725
4150.7,30.65,0.0,77.4,-8.6,2,313.229,3.748,83.483
4150.7,29.57,0.0,73.9,-12.1,2,313.250,3.782,81.674
4156.5,28.57,0.0,55.4,-15.2,2,313.285,3.814,79.930
4156.5,28.04,0.0,45.0,-17.1,2,313.320,3.835,78.798
4156.5,27.40,0.0,33.0,-19.7,2,313.396,3.865,77.136
4156.5,27.05,0.0,29.4,-21.5,2,313.464,3.883,76.049
4161.8,26.58,0.0,23.8,-24.1,2,313.594,3.908,74.445
4161.8,26.30,0.0,20.5,-25.8,0,313.701,3.923,73.392
4161.8,25.97,0.0,18.9,-27.6,1,313.895,3.944,71.835
4161.8,25.72,0.0,17.6,-28.5,1,314.047,3.957,70.812
4166.9,25.37,0.0,14.7,-30.2,1,314.308,3.975,69.301
4166.9,25.15,0.0,12.9,-31.5,1,314.505,3.986,68.310
4166.9,24.85,0.0,12.7,-32.1,1,314.836,4.001,66.847
4166.9,24.65,0.0,12.5,-32.5,1,315.080,4.011,65.887
4171.8,24.35,0.0,11.6,-34.4,1,315.478,4.023,64.471
4171.8,24.16,0.0,10.7,-35.9,1,315.767,4.030,63.545
4171.8,23.89,0.0,10.9,-37.8,1,316.234,4.039,62.181
4171.8,23.62,0.0,8.7,-39.5,1,316.743,4.047,60.849
4176.6,23.45,0.0,6.9,-40.7,1,317.105,4.051,59.980
4176.6,23.23,0.0,4.4,-42.5,1,317.684,4.056,58.704
4176.6,23.10,0.0,3.0,-43.4,1,318.093,4.059,57.873
4176.6,22.91,0.0,4.4,-45.3,1,318.742,4.061,56.654
4181.1,22.77,0.0,3.5,-46.4,1,319.197,4.061,55.862
4181.1,22.59,0.0,2.3,-46.7,1,319.915,4.060,54.705
4181.1,22.48,0.0,1.6,-46.5,1,320.416,4.059,53.955
4181.1,22.31,0.0,4.2,-46.3,1,321.199,4.055,52.863
4185.3,22.18,0.0,4.2,-47.0,1,321.742,4.051,52.158
4185.3,21.99,0.0,4.9,-46.9,1,322.586,4.044,51.135
4185.3,21.86,0.0,5.4,-46.2,1,323.167,4.039,50.478
4185.3,21.65,0.0,5.5,-45.7,1,324.065,4.030,49.531
4189.4,21.51,0.0,7.2,-46.2,1,324.680,4.025,48.924
4189.4,21.30,0.0,6.2,-48.0,1,325.625,4.015,48.054
4189.4,21.16,0.0,5.2,-49.7,1,326.268,4.008,47.500
4189.4,20.97,0.0,3.7,-52.1,1,327.254,3.997,46.710
4193.5,20.79,0.0,2.1,-55.2,1,328.264,3.984,45.968
4193.5,20.69,3.2,0.3,-59.4,1,328.949,3.975,45.501
4193.5,20.68,27.4,0.0,-61.9,1,330.000,3.961,44.842
4193.5,20.78,37.7,0.0,-62.1,1,330.719,3.952,44.430
4197.6,21.03,43.3,0.0,-61.8,1,331.828,3.937,43.846
4197.6,21.19,39.4,0.0,-56.3,1,332.589,3.927,43.481
4197.6,21.40,36.0,0.0,-47.6,1,333.760,3.912,42.972
4197.6,21.54,42.8,0.0,-43.6,1,334.560,3.903,42.660
4202.2,21.86,50.9,0.0,-46.3,1,335.787,3.888,42.228
4202.2,22.12,57.5,0.0,-39.3,1,336.625,3.878,41.965
4202.2,22.48,48.3,0.0,-39.5,1,337.914,3.865,41.607
4202.2,22.69,47.5,0.0,-41.3,1,338.791,3.856,41.392
4207.3,22.99,43.8,0.0,-45.8,1,340.132,3.843,41.110
4207.3,23.25,40.6,0.0,-51.1,1,341.499,3.831,40.876
4207.3,23.41,41.1,0.0,-58.7,1,342.423,3.824,40.749
4207.3,23.65,44.9,0.0,-69.3,1,343.826,3.813,40.603
4212.7,23.83,46.3,0.0,-74.7,1,344.773,3.806,40.537
4212.7,24.04,37.1,0.0,-82.8,1,346.209,3.796,40.485
4212.7,24.13,32.2,0.0,-89.2,1,347.173,3.789,40.485
4212.7,24.16,20.7,0.0,-99.3,1,348.621,3.781,40.536
4218.5,24.11,14.7,0.0,-100.0,1,349.584,3.775,40.607
4218.5,23.99,14.4,0.0,-100.0,1,351.018,3.770,40.767
4218.5,23.93,16.1,0.0,-100.0,1,351.966,3.767,40.910
4218.5,23.84,16.0,0.0,-100.0,1,353.375,3.763,41.177
4225.5,23.77,13.2,0.0,-100.0,1,354.304,3.761,41.389
4225.5,23.67,12.7,0.0,-100.0,1,355.678,3.760,41.759
4225.5,23.59,12.7,0.0,-100.0,1,356.582,3.758,42.037
4225.5,23.47,12.7,0.0,-100.0,1,357.915,3.757,42.504
4231.1,23.39,12.9,0.0,-100.0,1,358.787,3.757,42.846
4231.1,23.28,13.4,0.0,-100.0,1,360.071,3.758,43.406
4231.1,23.18,13.8,0.0,-100.0,1,361.322,3.761,44.020
4231.1,23.10,14.0,0.0,-98.6,1,362.137,3.764,44.458
4236.2,23.01,14.9,0.0,-87.5,1,363.329,3.769,45.160
4236.2,22.97,18.5,0.0,-76.3,1,364.104,3.774,45.656
4236.2,23.05,43.7,0.0,-58.4,1,365.236,3.781,46.442
4236.2,23.29,49.6,0.0,-44.2,1,365.978,3.786,46.997
4241.0,23.65,55.2,0.0,-23.8,1,367.077,3.794,47.876
4241.0,23.96,62.4,0.0,-13.9,1,367.805,3.800,48.489
4241.0,24.55,74.3,0.0,-7.9,1,368.898,3.808,49.447
4241.0,24.98,73.7,0.0,-8.6,1,369.632,3.814,50.111
4245.9,25.59,72.6,0.0,-10.9,1,370.741,3.823,51.143
4245.9,26.00,72.8,0.0,-13.2,1,371.486,3.829,51.856
4245.9,26.61,74.6,0.0,-17.2,1,372.613,3.837,52.960
4245.9,27.02,75.7,0.0,-18.9,1,373.368,3.843,53.720
4251.0,27.65,75.6,0.0,-19.4,1,374.506,3.851,54.899
4251.0,28.06,76.4,0.0,-19.1,1,375.266,3.856,55.713
4251.0,28.70,78.9,0.0,-18.3,1,376.405,3.864,56.976
4256.3,29.32,78.4,0.0,-19.5,1,377.543,3.872,58.292
4256.3,29.72,77.7,0.0,-19.4,1,378.297,3.877,59.199
4256.3,30.26,73.2,0.0,-19.3,1,379.419,3.885,60.605
4256.3,30.64,76.7,0.0,-19.3,1,380.158,3.889,61.572
4268.4,32.81,84.1,0.0,-15.4,2,385.372,3.913,69.584
4268.4,33.17,84.3,0.0,-14.1,2,386.004,3.916,70.741
4268.4,33.71,84.5,0.0,-13.5,2,386.931,3.920,72.520
4268.4,34.07,84.6,0.0,-13.5,2,387.535,3.923,73.733
4274.8,34.63,84.8,0.0,-13.4,2,388.422,3.926,75.592
4281.8,37.13,83.4,0.0,-11.8,2,392.278,3.919,84.862
4281.8,37.53,54.8,0.0,-8.2,2,393.039,3.912,86.968
4289.1,37.78,58.0,0.0,-6.3,2,393.531,3.906,88.392
4289.1,38.23,86.2,0.0,-5.9,2,394.240,3.900,90.558
4289.1,38.62,86.0,0.0,-5.7,2,394.699,3.898,92.024
4289.1,39.15,86.1,0.0,-6.8,2,395.369,3.895,94.257
4296.6,39.49,86.3,0.0,-7.3,2,395.804,3.894,95.768
4296.6,40.02,86.3,0.0,-7.0,2,396.443,3.892,98.066
4296.6,40.40,86.4,0.0,-6.4,2,396.859,3.892,99.619
4296.6,40.90,86.7,0.0,-5.6,2,397.467,3.890,101.978
4304.4,41.21,87.0,0.0,-5.7,2,397.863,3.887,103.571
4304.4,41.74,86.9,0.0,-5.8,2,398.444,3.880,105.991
4304.4,42.06,87.0,0.0,-5.7,2,398.820,3.880,107.623
4304.4,42.58,87.1,0.0,-5.0,2,399.372,3.877,110.101
4312.7,42.90,87.2,0.0,-5.0,2,399.730,3.874,111.772
4312.7,43.39,87.3,0.0,-5.9,2,400.252,3.869,114.306
4312.7,43.86,87.4,0.0,-6.8,2,400.756,3.864,116.874
4312.7,44.17,87.4,0.0,-7.3,0,401.082,3.861,118.603
4321.3,44.20,85.5,0.0,-7.5,3,401.549,3.857,121.213
4321.3,44.50,85.5,0.0,-7.6,3,401.846,3.854,122.961
4321.3,44.93,85.7,0.0,-8.1,3,402.270,3.851,125.609
4321.3,45.21,85.7,0.0,-8.2,3,402.538,3.848,127.391
4330.1,45.64,85.8,0.0,-8.2,3,402.917,3.843,130.089
4330.1,45.92,85.9,0.0,-8.3,3,403.153,3.839,131.905
4330.1,46.34,86.0,0.0,-8.6,3,403.480,3.833,134.652
4330.1,46.61,86.1,0.0,-8.7,3,403.680,3.829,136.500
4339.2,47.03,86.2,0.0,-8.8,3,403.951,3.823,139.295
4339.2,47.31,86.3,0.0,-9.0,3,404.113,3.819,141.174
4339.2,47.71,86.3,0.0,-9.6,3,404.325,3.812,144.016
4339.2,47.98,86.4,0.0,-9.6,3,404.446,3.807,145.926
4348.5,48.39,86.5,0.0,-9.2,3,404.594,3.800,148.812
4348.5,48.78,86.6,0.0,-10.1,3,404.701,3.794,151.724
4348.5,49.04,86.7,0.0,-10.8,3,404.748,3.790,153.680
4358.1,49.42,86.7,0.0,-11.4,3,404.782,3.784,156.633
4358.1,49.68,86.8,0.0,-11.8,3,404.779,3.779,158.614
4358.1,50.06,86.9,0.0,-12.2,3,404.731,3.773,161.605
4358.1,50.30,87.0,0.0,-10.5,3,404.671,3.769,163.611
4368.0,50.68,87.0,0.0,-10.4,3,404.538,3.762,166.637
4368.0,50.92,87.1,0.0,-10.2,3,404.420,3.756,168.665
4368.0,51.29,87.1,0.0,-10.6,3,404.200,3.750,171.723
4368.0,51.53,87.2,0.0,-11.3,3,404.023,3.745,173.772
4378.2,51.89,87.3,0.0,-13.2,3,403.716,3.738,176.858
4378.2,52.12,87.3,0.0,-15.6,3,403.482,3.732,178.925
4378.2,52.45,87.4,0.0,-18.5,3,403.079,3.724,182.036
4378.2,52.67,87.4,0.0,-19.3,3,402.774,3.719,184.115
4388.6,52.72,0.0,0.0,-19.0,0,402.259,3.710,187.238
4388.6,52.89,85.9,0.0,-17.0,4,401.670,3.702,190.348
4388.6,53.09,85.9,0.0,-15.8,4,401.233,3.698,192.422
4388.6,53.36,86.0,0.0,-15.8,4,400.511,3.692,195.532
4399.6,53.55,86.0,0.0,-15.4,4,399.985,3.688,197.604
4399.6,53.83,86.2,0.0,-15.1,4,399.128,3.684,200.709
4399.6,54.02,86.2,0.0,-16.1,4,398.510,3.682,202.775
4399.6,54.30,86.4,0.0,-18.3,4,397.516,3.681,205.868
4411.0,54.49,86.5,0.0,-20.5,4,396.810,3.679,207.926
4411.0,54.74,86.7,0.0,-22.5,4,395.688,3.677,211.004
4411.0,54.92,86.7,0.0,-21.6,4,394.894,3.677,213.048
4411.0,55.16,87.0,0.0,-19.2,4,393.634,3.684,216.100
4422.7,55.35,87.0,0.0,-17.7,4,392.751,3.689,218.125
4422.7,55.60,87.3,0.0,-16.4,4,391.361,3.696,221.150
4422.7,55.77,87.3,0.0,-15.7,4,390.390,3.701,223.154
4422.7,56.01,87.5,0.0,-15.6,4,388.864,3.709,226.139
4434.7,56.27,87.6,0.0,-16.6,4,387.258,3.718,229.100
4434.7,56.46,87.7,0.0,-16.8,4,386.146,3.721,231.061
4434.7,56.71,87.8,0.0,-17.0,4,384.417,3.722,233.982
4434.7,56.88,87.9,0.0,-16.3,4,383.224,3.722,235.915
4445.9,57.14,88.0,0.0,-12.9,4,381.372,3.722,238.791
4445.9,57.32,88.1,0.0,-10.9,4,380.097,3.722,240.691
4445.9,57.59,88.2,0.0,-9.2,4,378.126,3.725,243.518
4445.9,57.77,88.2,0.0,-8.7,4,376.774,3.729,245.388
4457.2,58.06,88.4,0.0,-9.4,4,374.696,3.737,248.172
4457.2,58.24,88.5,0.0,-10.1,4,373.280,3.743,250.017
4457.2,58.52,88.6,0.0,-9.8,4,371.112,3.751,252.767
4457.2,58.71,88.7,0.0,-9.2,4,369.638,3.758,254.590
4468.7,58.99,88.8,0.0,-8.8,4,367.383,3.768,257.306
4468.7,59.17,88.9,0.0,-9.1,4,365.852,3.774,259.106
4468.7,59.45,89.0,0.0,-8.5,4,363.514,3.783,261.788
4468.7,59.62,89.1,0.0,-8.3,4,361.928,3.788,263.563
4480.5,59.89,89.2,0.0,-8.2,4,359.508,3.796,266.207
4480.5,60.15,89.3,0.0,-8.5,4,357.039,3.801,268.828
4480.5,60.33,89.4,0.0,-8.6,4,355.367,3.803,270.563
4480.5,60.60,89.5,0.0,-8.7,4,352.819,3.804,273.146
4492.5,60.77,89.6,0.0,-8.5,4,351.094,3.805,274.853
4492.5,61.01,89.7,0.0,-8.4,4,348.467,3.807,277.391
4492.5,61.16,89.8,0.0,-8.2,4,346.690,3.808,279.069
4492.5,61.44,89.9,0.0,-5.6,4,343.986,3.811,281.563
4504.7,61.61,89.9,0.0,-3.9,4,342.157,3.817,283.210
4504.7,61.92,90.0,0.0,-2.6,4,339.379,3.825,285.661
4504.7,61.98,0.0,0.0,-1.3,0,337.506,3.826,287.285
4504.7,62.00,89.1,0.0,-0.3,5,334.681,3.826,289.699
4517.1,62.18,89.0,0.0,-0.5,5,332.783,3.825,291.300
4517.1,62.42,89.1,0.0,-1.2,5,329.917,3.826,293.698
4517.1,62.61,89.3,0.0,-0.9,5,327.995,3.824,295.298
4517.1,62.86,89.4,0.0,-0.1,5,325.098,3.820,297.701
4529.5,63.09,89.4,0.0,0.1,5,322.186,3.819,300.107
4529.5,63.26,89.5,0.0,0.2,5,320.238,3.819,301.716
4529.5,63.50,89.6,0.0,0.4,5,317.305,3.817,304.137
4529.5,63.66,89.6,0.0,0.6,5,315.345,3.818,305.756
4542.1,63.89,89.8,0.0,0.9,5,312.396,3.823,308.194
4542.1,64.05,89.8,0.0,1.0,5,310.426,3.827,309.826
4542.1,64.29,89.9,0.0,1.0,5,307.464,3.832,312.286
4542.1,64.45,90.0,0.0,1.0,5,305.486,3.835,313.933
4554.9,64.67,90.1,0.0,1.0,5,302.513,3.842,316.416
4554.9,64.83,90.1,0.0,1.0,5,300.529,3.848,318.080
4554.9,65.06,90.2,0.0,1.2,5,297.547,3.854,320.588
4554.9,65.21,90.3,0.0,1.1,5,295.557,3.857,322.269
4567.9,65.43,90.4,0.0,0.9,5,292.567,3.860,324.803
4567.9,65.59,90.4,0.0,1.0,5,290.571,3.858,326.501
4567.9,65.82,90.5,0.0,1.0,5,287.574,3.852,329.060
4581.1,66.03,90.6,0.0,0.9,5,284.572,3.845,331.635
4581.1,66.18,90.7,0.0,1.0,5,282.568,3.840,333.360
4581.1,66.40,90.7,0.0,0.6,5,279.558,3.831,335.960
4581.1,66.53,90.8,0.0,0.6,5,277.549,3.828,337.701
4594.3,66.75,90.9,0.0,0.6,5,274.531,3.828,340.324
4594.3,66.90,90.9,0.0,0.5,5,272.516,3.828,342.079
4594.3,67.12,91.0,0.0,0.5,5,269.487,3.830,344.723
4594.3,67.25,91.1,0.0,0.4,5,267.465,3.832,346.492
4607.8,67.46,91.1,0.0,0.2,5,264.425,3.838,349.155
4607.8,67.59,91.2,0.0,0.1,5,262.395,3.844,350.936
4607.8,67.80,91.3,0.0,0.2,5,259.343,3.857,353.617
4607.8,67.94,91.3,0.0,0.2,5,257.304,3.866,355.408
4621.3,68.15,91.4,0.0,0.3,5,254.238,3.881,358.104
4621.3,68.29,91.4,0.0,0.2,5,252.189,3.889,359.905
4621.3,68.48,91.5,0.0,0.1,5,249.109,3.904,362.615
4621.3,68.68,91.6,0.0,0.1,5,246.021,3.921,365.332
4635.0,68.81,91.6,0.0,0.2,5,243.957,3.929,367.149
4635.0,69.01,91.7,0.0,0.1,5,240.855,3.939,369.882
4635.0,69.13,91.8,0.0,0.0,5,238.783,3.945,371.708
4635.0,69.33,91.8,0.0,0.0,5,235.667,3.953,374.455
4648.9,69.46,91.9,0.0,0.1,5,233.585,3.955,376.291
4648.9,69.65,92.0,0.0,0.2,5,230.456,3.955,379.051
4648.9,69.77,92.0,0.0,0.2,5,228.365,3.954,380.896
4648.9,69.96,92.1,0.0,0.1,5,225.222,3.950,383.669
4662.8,70.08,92.1,0.0,0.0,5,223.122,3.947,385.522
4662.8,70.27,92.2,0.0,0.0,5,219.966,3.943,388.309
4662.8,70.39,92.2,0.0,0.0,5,217.858,3.939,390.170
4662.8,70.57,92.3,0.0,0.0,5,214.689,3.934,392.969
4676.9,70.75,92.4,0.0,0.0,5,211.512,3.926,395.776
4676.9,70.86,92.5,0.0,-0.0,5,209.389,3.920,397.651
4676.9,71.03,92.5,0.0,0.1,0,206.199,3.913,400.469
4676.9,70.95,0.0,0.0,0.1,0,204.071,3.910,402.349
4691.1,71.06,91.6,0.0,0.1,6,200.879,3.905,405.169
4691.1,71.17,91.6,0.0,0.1,6,198.748,3.901,407.053
4691.1,71.34,91.7,0.0,0.1,6,195.545,3.897,409.884
4691.1,71.46,91.7,0.0,0.1,6,193.405,3.894,411.776
4705.3,71.62,91.8,0.0,0.1,6,190.191,3.888,414.619
4705.3,71.73,91.8,0.0,0.2,6,188.044,3.884,416.519
4705.3,71.90,91.9,0.0,0.2,6,184.818,3.879,419.376
4705.3,72.01,91.9,0.0,0.2,6,182.664,3.877,421.284
4719.7,72.17,92.0,0.0,0.2,6,179.427,3.874,424.153
4719.7,72.34,92.0,0.0,0.1,6,176.185,3.870,427.030
4719.7,72.44,92.1,0.0,0.1,6,174.020,3.866,428.953
4719.7,72.60,92.1,0.0,0.2,6,170.767,3.860,431.843
4734.2,72.71,92.2,0.0,0.2,6,168.595,3.856,433.773
4734.2,72.87,92.2,0.0,0.1,6,165.332,3.852,436.676
4734.2,72.97,92.2,0.0,0.1,6,163.154,3.850,438.615
4734.2,73.13,92.3,0.0,0.1,6,159.882,3.849,441.530
4748.7,73.23,92.3,0.0,0.1,6,157.696,3.848,443.478
4748.7,73.38,92.4,0.0,0.2,6,154.414,3.850,446.404
4748.7,73.48,92.4,0.0,0.3,6,152.222,3.852,448.360
4748.7,73.64,92.5,0.0,0.3,6,148.929,3.857,451.298
4763.4,73.74,92.5,0.0,0.2,6,146.731,3.859,453.262
4763.4,73.89,92.5,0.0,0.1,6,143.430,3.861,456.213
4763.4,73.99,92.6,0.0,0.1,6,141.226,3.863,458.185
4763.4,74.13,92.6,0.0,0.1,6,137.916,3.866,461.149
4778.2,74.28,92.7,0.0,0.1,6,134.600,3.869,464.119
4778.2,74.38,92.7,0.0,0.0,6,132.385,3.870,466.103
4778.2,74.52,92.7,0.0,-0.1,6,129.059,3.872,469.084
4778.2,74.62,92.8,0.0,0.1,6,126.838,3.874,471.075
4793.1,74.76,92.8,0.0,0.0,6,123.501,3.877,474.066
4793.1,74.86,92.8,0.0,0.0,6,121.273,3.878,476.063
4793.1,75.00,92.9,0.0,-0.1,6,117.926,3.879,479.064
4793.1,75.09,92.9,0.0,0.0,6,115.691,3.879,481.067
4808.1,75.23,93.0,0.0,0.0,6,112.333,3.878,484.077
4808.1,75.32,93.0,0.0,0.0,6,110.091,3.876,486.087
4808.1,75.46,93.0,0.0,-0.1,6,106.723,3.871,489.106
4808.1,75.55,93.1,0.0,-0.0,6,104.474,3.866,491.121
4823.2,75.68,93.1,0.0,0.0,6,101.094,3.858,494.149
4823.2,75.77,93.1,0.0,0.0,6,98.838,3.852,496.169
4823.2,75.91,93.2,0.0,0.1,6,95.448,3.843,499.204
4838.3,76.05,93.2,0.0,0.0,6,92.051,3.830,502.245
4838.3,76.13,93.2,0.0,-0.0,6,89.784,3.819,504.275
4838.3,76.27,93.3,0.0,-0.4,6,86.377,3.801,507.324
4838.3,76.35,93.3,0.0,-0.8,6,84.103,3.788,509.359
4853.6,76.48,93.3,0.0,-0.1,6,80.684,3.768,512.414
4853.6,76.57,93.4,0.0,-0.1,6,78.401,3.754,514.453
4853.6,76.70,93.4,0.0,-0.3,6,74.969,3.732,517.512
4853.6,76.78,93.4,0.0,-0.7,6,72.677,3.717,519.554
4868.9,76.91,93.5,0.0,-0.1,6,69.232,3.694,522.618
4868.9,76.99,93.5,0.0,-0.5,6,66.931,3.678,524.661
4868.9,77.12,93.5,0.0,-0.6,6,63.472,3.652,527.729
4868.9,77.20,93.5,0.0,-0.7,6,61.162,3.634,529.775
4884.3,77.32,93.6,0.0,-0.4,6,57.689,3.605,532.844
4884.3,77.40,93.6,0.0,-0.1,6,55.369,3.584,534.892
4884.3,77.53,93.6,0.0,0.5,6,51.882,3.550,537.965
4884.3,77.60,93.7,0.0,0.7,6,49.554,3.526,540.016
4899.8,77.73,93.7,0.0,0.7,6,46.059,3.488,543.097
4899.8,77.85,93.7,0.0,0.6,6,42.562,3.447,546.187
4899.8,77.92,93.8,0.0,0.5,6,40.229,3.418,548.251
4899.8,78.04,93.8,0.0,0.3,6,36.730,3.370,551.356
4915.4,78.12,93.8,0.0,0.2,6,34.396,3.334,553.432
4915.4,78.23,93.8,0.0,0.2,6,30.895,3.278,556.552
4915.4,78.31,94.0,0.0,0.3,6,28.560,3.240,558.636
4915.4,78.42,94.0,0.0,0.3,6,25.055,3.181,561.770
4931.1,78.50,94.0,0.0,0.3,6,22.718,3.142,563.863
4931.1,78.61,94.0,0.0,0.3,6,19.209,3.081,567.009
4931.1,78.60,3.4,0.0,0.2,0,16.868,3.040,569.109
4931.1,78.55,93.3,0.0,-0.2,7,13.362,2.980,572.257
4946.8,78.62,93.4,0.0,-0.5,7,11.024,2.940,574.357
4946.8,78.73,93.4,0.0,-0.3,7,7.512,2.882,577.511
4946.8,78.80,93.4,0.0,-0.0,7,5.167,2.845,579.615
4946.8,78.92,93.4,0.0,-0.4,7,1.645,2.790,582.772
4978.1,74.53,0.0,90.8,-0.4,7,-15.714,2.499,598.239
4978.1,73.15,0.0,91.5,-1.2,0,-19.034,2.449,601.176
4978.1,72.26,17.7,93.3,-1.5,0,-21.215,2.417,603.102
4992.8,70.86,0.0,92.1,-1.4,6,-24.438,2.365,605.942
4992.8,69.93,0.0,91.3,-1.4,6,-26.556,2.330,607.800
4992.8,68.56,0.0,90.9,-1.3,6,-29.686,2.278,610.536
4992.8,67.65,0.0,90.7,-1.1,6,-31.742,2.246,612.325
5006.7,66.30,0.0,90.7,-1.3,6,-34.783,2.199,614.956
5006.7,65.41,0.0,91.5,-1.7,0,-36.780,2.170,616.676
5006.7,64.09,0.0,93.2,-2.2,5,-39.732,2.126,619.205
5006.7,63.17,0.0,91.9,-2.6,5,-41.671,2.096,620.857
5019.5,61.82,0.0,90.6,-2.4,5,-44.535,2.052,623.280
5019.5,60.94,0.0,90.5,-3.3,5,-46.417,2.023,624.860
5019.5,59.61,0.0,90.6,-4.6,5,-49.199,1.980,627.175
5019.5,58.29,0.0,90.6,-5.6,5,-51.934,1.938,629.421
5031.5,57.41,0.0,90.8,-5.7,5,-53.733,1.910,630.879
5031.5,56.12,22.3,91.9,-5.7,0,-56.396,1.870,633.005
5031.5,55.24,0.0,91.9,-5.5,4,-58.149,1.844,634.382
5031.5,53.92,0.0,90.1,-6.2,4,-60.745,1.805,636.383
5042.7,53.06,0.0,88.6,-7.3,4,-62.452,1.780,637.674
5042.7,51.80,0.0,74.6,-8.7,4,-64.982,1.742,639.547
5042.7,51.07,0.0,65.7,-9.0,4,-66.652,1.717,640.751
5042.7,50.10,0.0,56.6,-8.7,4,-69.138,1.681,642.493
5052.9,49.50,0.0,53.4,-8.6,4,-70.787,1.657,643.612
5052.9,48.66,0.0,51.6,-8.4,4,-73.251,1.621,645.228
5052.9,48.12,0.0,52.4,-8.6,4,-74.888,1.598,646.263
5052.9,47.33,23.8,48.1,-9.8,0,-77.334,1.564,647.753
5062.4,46.83,0.0,46.9,-9.8,3,-78.959,1.541,648.706
5062.4,46.09,0.0,37.4,-9.3,3,-81.389,1.508,650.075
5062.4,45.67,0.0,30.6,-9.7,3,-83.003,1.487,650.947
5062.4,45.13,0.0,24.2,-11.9,3,-85.423,1.455,652.199
5071.4,44.67,0.0,22.4,-14.1,3,-87.843,1.422,653.386
5071.4,44.38,0.0,30.0,-15.3,3,-89.456,1.400,654.141
5071.4,43.78,0.0,49.3,-16.2,3,-91.873,1.367,655.220
5071.4,43.27,0.0,53.3,-16.1,3,-93.476,1.346,655.902
5080.1,42.50,0.0,36.3,-14.7,3,-95.862,1.315,656.866
5080.1,42.09,0.0,25.2,-13.8,3,-97.443,1.294,657.469
5080.1,41.65,0.0,13.3,-13.7,3,-99.808,1.265,658.317
5080.1,41.44,0.0,9.9,-14.5,3,-101.384,1.245,658.844
5088.5,41.16,0.0,6.0,-17.2,3,-103.750,1.215,659.580
5088.5,41.01,0.0,4.9,-18.8,3,-105.330,1.195,660.034
5088.5,40.79,0.0,4.3,-20.7,3,-107.703,1.166,660.661
5088.5,40.66,0.0,3.5,-21.9,3,-109.287,1.147,661.044
5096.9,40.46,0.0,5.0,-22.3,3,-111.664,1.118,661.565
5096.9,40.32,0.0,3.0,-21.9,3,-113.249,1.098,661.877
5096.9,40.12,0.0,4.3,-21.3,3,-115.627,1.070,662.288
5096.9,39.98,0.0,3.5,-21.5,3,-117.212,1.052,662.525
5105.2,39.79,0.0,3.4,-21.2,3,-119.587,1.025,662.825
5105.2,39.59,0.0,3.4,-20.5,3,-121.957,0.999,663.057
5105.2,39.46,0.0,2.8,-20.3,3,-123.534,0.983,663.173
5113.3,39.26,0.0,4.2,-20.8,3,-125.892,0.961,663.292
5121.4,38.31,0.0,1.8,-23.2,3,-137.514,0.859,662.913
5121.4,38.20,0.0,1.9,-23.8,3,-139.035,0.847,662.741
5129.6,38.02,0.0,1.7,-24.0,3,-141.300,0.828,662.429
5129.6,37.90,0.0,1.1,-24.1,3,-142.799,0.816,662.186
5129.6,37.73,0.0,2.5,-24.4,3,-145.029,0.798,661.768
5129.6,37.61,0.0,0.7,-24.5,3,-146.503,0.787,661.455
5137.4,37.44,0.0,1.5,-25.3,3,-148.694,0.770,660.931
5137.4,37.33,0.0,0.9,-25.8,3,-150.139,0.760,660.548
5137.4,37.16,0.1,0.5,-26.6,3,-152.285,0.744,659.922
5137.4,36.99,0.0,2.5,-27.3,0,-154.401,0.728,659.235
5145.4,36.91,29.1,1.1,-27.7,0,-155.794,0.718,658.742
5145.4,36.72,0.0,1.8,-27.7,2,-157.858,0.704,657.953
5145.4,36.59,0.0,1.2,-27.7,2,-159.214,0.694,657.394
5145.4,36.39,1.5,0.0,-27.3,2,-161.215,0.681,656.506
5153.1,36.26,0.3,1.6,-27.1,2,-162.527,0.673,655.880
5153.1,36.08,4.6,0.0,-26.9,2,-164.459,0.664,654.892
5153.1,35.97,4.0,0.0,-27.5,2,-165.724,0.658,654.201
5153.1,35.78,5.9,0.2,-28.1,2,-167.584,0.653,653.117
5168.8,35.54,33.3,0.0,-38.5,2,-175.706,0.642,647.354
5168.8,35.66,40.7,0.0,-39.9,2,-177.328,0.644,645.964
5168.8,35.79,45.7,0.0,-40.9,2,-178.910,0.647,644.519
5176.8,35.91,49.8,0.0,-40.9,2,-179.941,0.650,643.523
5176.8,36.13,54.4,0.0,-43.7,2,-181.456,0.654,641.982
5176.8,36.27,56.6,0.0,-44.1,2,-182.442,0.658,640.923
5176.8,36.46,46.1,0.0,-41.9,2,-183.886,0.664,639.287
5184.6,36.55,45.6,0.0,-39.7,2,-184.820,0.669,638.165
5184.6,36.75,59.5,0.0,-37.1,2,-186.180,0.678,636.438
5184.6,36.94,71.8,0.0,-36.0,2,-187.059,0.685,635.256
5184.6,37.24,56.9,0.0,-35.5,2,-188.341,0.695,633.437
5192.0,37.32,33.1,0.0,-35.5,2,-189.167,0.702,632.195
5192.0,37.15,0.6,5.2,-35.8,2,-190.354,0.713,630.300
5192.0,36.98,2.9,0.7,-34.3,2,-191.106,0.721,629.022
5192.0,36.89,31.4,0.0,-32.9,2,-192.175,0.734,627.082
5199.2,36.96,41.0,0.0,-32.8,2,-192.854,0.742,625.771
5199.2,37.14,55.2,0.0,-32.1,2,-193.826,0.751,623.773
5199.2,37.32,40.8,0.0,-29.4,2,-194.744,0.758,621.736
5199.2,37.44,49.5,0.0,-26.4,2,-195.325,0.761,620.359
5206.3,37.68,54.7,0.0,-22.6,2,-196.148,0.763,618.262
5206.3,37.83,58.0,0.0,-21.3,2,-196.666,0.763,616.844
5206.3,38.10,59.8,0.0,-20.7,2,-197.394,0.762,614.687
5206.3,38.28,64.6,0.0,-21.4,2,-197.846,0.761,613.228
5213.5,38.53,55.3,0.0,-23.1,2,-198.471,0.761,611.011
5213.5,38.70,65.1,0.0,-22.5,2,-198.852,0.762,609.515
5213.5,39.01,66.9,0.0,-21.1,2,-199.371,0.763,607.242
5213.5,39.22,72.9,0.0,-20.9,2,-199.682,0.764,605.709
5221.1,39.46,53.2,0.0,-19.9,2,-200.097,0.766,603.386
5221.1,39.67,82.6,0.0,-20.7,2,-200.335,0.768,601.823
5221.1,40.02,66.6,0.0,-15.9,2,-200.641,0.772,599.452
5221.1,40.26,85.7,0.0,-11.7,2,-200.809,0.777,597.856
5229.1,40.64,73.4,0.0,-4.3,2,-201.010,0.784,595.438
5229.1,40.95,86.7,0.0,0.5,2,-201.112,0.790,593.810
5229.1,41.46,86.9,0.0,4.7,2,-201.224,0.801,591.342
5229.1,41.77,74.2,0.0,5.7,2,-201.276,0.811,589.678
5237.4,41.75,3.3,27.4,5.0,2,-201.337,0.828,587.169
5245.6,37.65,0.0,45.2,15.0,2,-201.825,0.906,575.222
5245.6,36.97,0.0,32.4,16.4,2,-202.005,0.922,572.990
5253.3,36.61,0.0,27.2,15.7,2,-202.148,0.933,571.525
5253.3,36.15,0.0,18.4,17.4,2,-202.398,0.947,569.357
5253.3,35.90,0.0,13.2,18.6,2,-202.589,0.955,567.928
5253.3,35.60,0.0,10.4,18.7,2,-202.917,0.967,565.808
5260.7,35.41,0.0,10.7,18.0,2,-203.164,0.974,564.409
5260.7,35.13,0.0,11.1,18.6,2,-203.576,0.988,562.333
5260.7,34.93,0.0,11.2,16.6,2,-203.876,0.996,560.964
5260.7,34.65,0.0,11.0,15.7,2,-204.364,1.010,558.934
5268.0,34.35,0.0,25.5,17.1,2,-204.896,1.026,556.933
5268.0,34.02,0.0,40.0,21.0,2,-205.273,1.038,555.617
5268.0,33.36,0.0,38.9,25.5,2,-205.868,1.057,553.683
5268.0,32.89,0.0,50.2,22.8,2,-206.284,1.069,552.424
5275.6,32.14,0.0,40.4,21.0,2,-206.935,1.087,550.584
5275.6,31.70,0.0,33.2,19.9,2,-207.388,1.100,549.390
5275.6,31.16,0.0,23.2,14.4,2,-208.100,1.119,547.643
5275.6,30.88,0.0,17.8,12.9,2,-208.596,1.133,546.505
5282.6,30.54,0.0,14.4,15.5,2,-209.371,1.154,544.833
5282.6,30.33,0.0,16.3,17.9,2,-209.906,1.169,543.739
5282.6,30.00,0.0,16.6,23.5,2,-210.734,1.190,542.129
5282.6,29.77,0.0,15.7,28.8,2,-211.301,1.204,541.077
5290.2,29.45,0.0,10.1,36.6,2,-212.180,1.224,539.533
5290.2,29.27,0.0,7.0,36.8,2,-212.788,1.237,538.527
5290.2,29.04,0.0,5.1,38.3,2,-213.734,1.256,537.056
5296.7,28.84,0.0,2.2,41.8,2,-214.725,1.275,535.630
5296.7,28.71,0.0,0.4,42.6,2,-215.410,1.287,534.705
5296.7,28.54,0.7,0.0,44.5,2,-216.477,1.304,533.359
5296.7,28.43,2.0,0.0,47.1,2,-217.213,1.315,532.489
5303.0,28.27,5.3,0.0,51.4,2,-218.354,1.329,531.227
5303.0,28.17,6.8,0.0,50.7,2,-219.139,1.339,530.416
5303.0,28.04,8.6,0.0,51.3,2,-220.351,1.352,529.243
5303.0,27.98,13.1,0.0,51.9,2,-221.182,1.360,528.492
5309.0,27.90,15.9,0.0,53.9,2,-222.462,1.372,527.410
5315.3,27.80,22.1,0.0,68.2,2,-229.915,1.417,522.562
5315.3,27.77,22.3,0.0,70.1,2,-230.911,1.421,522.069
5321.1,27.73,21.6,0.0,72.4,2,-232.426,1.425,521.378
5321.1,27.70,21.0,0.0,73.8,2,-233.449,1.427,520.951
5321.1,27.65,20.1,0.0,75.5,2,-235.002,1.430,520.362
5321.1,27.61,19.1,0.0,76.6,2,-236.048,1.432,520.005
5326.9,27.53,18.0,0.0,78.5,2,-237.630,1.433,519.523
5326.9,27.48,17.7,0.0,79.3,2,-238.693,1.434,519.237
5326.9,27.40,17.2,0.0,80.2,2,-240.297,1.434,518.863
5326.9,27.34,16.8,0.0,80.7,2,-241.371,1.433,518.649
5332.7,27.25,16.8,0.0,80.4,2,-242.987,1.432,518.385
5332.7,27.20,17.2,0.0,79.5,2,-244.067,1.431,518.245
5332.7,27.12,17.6,0.0,78.2,2,-245.689,1.428,518.090
5332.7,27.04,18.3,0.0,76.4,2,-247.311,1.425,518.002
5338.4,27.00,19.5,0.0,74.7,2,-248.392,1.422,517.980
5338.4,26.95,21.4,0.0,71.8,2,-250.010,1.417,518.001
5338.4,26.93,22.9,0.0,69.7,2,-251.086,1.413,518.051
5338.4,26.92,26.5,0.0,66.9,2,-252.696,1.407,518.181
5344.1,26.94,29.6,0.0,58.5,2,-253.766,1.402,518.303
5344.1,27.03,44.4,0.0,55.1,2,-255.367,1.394,518.539
5344.1,27.17,56.4,0.0,58.9,2,-256.434,1.388,518.732
5344.1,27.43,54.9,0.0,53.7,2,-258.035,1.379,519.072
5350.1,27.58,55.1,0.0,48.0,2,-259.103,1.372,519.334
5350.1,27.91,66.0,0.0,42.6,2,-260.706,1.360,519.780
5350.1,28.11,54.5,0.0,38.8,2,-261.775,1.351,520.114
5350.1,28.36,53.9,0.0,18.4,2,-263.375,1.338,520.668
5356.0,28.56,58.0,0.0,19.9,2,-264.440,1.328,521.070
5356.0,28.85,52.7,0.0,29.8,2,-266.032,1.314,521.725
5356.0,29.00,48.3,0.0,26.3,2,-267.089,1.303,522.195
5356.0,29.22,46.5,0.0,23.3,2,-268.665,1.286,522.947
5362.1,29.43,44.5,0.0,29.6,2,-270.230,1.270,523.750
5362.1,29.57,44.7,0.0,30.4,2,-271.267,1.258,524.312
5362.1,29.78,46.6,0.0,30.4,2,-272.811,1.241,525.198
5362.1,29.91,46.7,0.0,37.0,2,-273.833,1.229,525.815
5368.3,30.11,46.4,0.0,41.3,2,-275.350,1.211,526.784
5368.3,30.25,47.2,0.0,38.5,2,-276.349,1.198,527.462
5368.3,30.47,48.3,0.0,34.7,2,-277.826,1.179,528.526
5368.3,30.61,47.0,0.0,33.0,2,-278.797,1.166,529.267
5375.2,30.83,47.4,0.0,36.4,2,-280.230,1.146,530.426
5375.2,30.97,49.1,0.0,39.7,2,-281.168,1.133,531.229
5375.2,31.18,48.0,0.0,44.9,2,-282.550,1.111,532.481
5375.2,31.30,47.7,0.0,47.7,2,-283.451,1.097,533.346
5381.8,31.50,48.2,0.0,49.8,2,-284.770,1.075,534.691
5381.8,31.64,49.0,0.0,51.1,2,-285.626,1.061,535.618
5381.8,31.81,44.0,0.0,53.6,2,-286.873,1.041,537.055
5381.8,31.89,38.9,0.0,55.2,2,-287.679,1.027,538.042
5388.6,31.97,33.0,0.0,58.3,2,-288.844,1.007,539.563
5388.6,32.00,29.4,0.0,60.5,2,-289.590,0.993,540.602
5388.6,32.00,24.8,0.0,64.8,2,-290.663,0.973,542.194
5388.6,31.98,22.4,0.0,67.8,2,-291.347,0.958,543.276
5396.0,31.92,21.1,0.0,70.6,2,-292.321,0.938,544.926
5396.0,31.88,20.3,0.0,71.1,2,-292.936,0.924,546.044
5396.0,31.82,19.8,0.0,71.3,2,-293.805,0.905,547.746
5402.9,31.76,19.9,0.0,70.8,2,-294.611,0.886,549.475
5402.9,31.71,20.2,0.0,69.7,2,-295.112,0.873,550.641
5402.9,31.66,21.7,0.0,70.5,2,-295.811,0.853,552.409
5402.9,31.63,21.7,0.0,68.4,2,-296.240,0.839,553.600
5410.3,31.58,24.0,0.0,63.1,2,-296.827,0.819,555.402
5410.3,31.56,29.6,0.0,60.9,2,-297.180,0.807,556.615
5410.3,31.64,39.6,0.0,55.8,2,-297.652,0.789,558.451
5410.3,31.74,45.1,0.0,52.2,2,-297.930,0.777,559.687
5417.2,31.96,55.3,0.0,48.1,2,-298.293,0.759,561.562
5424.5,33.91,84.6,0.0,3.3,2,-299.170,0.674,571.354
5424.5,34.48,84.8,0.0,3.7,2,-299.182,0.659,573.404
5431.6,35.04,84.9,0.0,7.9,2,-299.156,0.645,575.488
5431.6,35.40,85.0,0.0,10.5,2,-299.121,0.638,576.895
5431.6,35.95,85.2,0.0,13.4,2,-299.044,0.629,579.034
5431.6,36.31,85.4,0.0,14.4,2,-298.974,0.624,580.476
5438.9,36.85,85.6,0.0,14.8,2,-298.840,0.619,582.666
5438.9,37.22,85.8,0.0,14.8,2,-298.728,0.616,584.143
5438.9,37.74,86.1,0.0,15.7,2,-298.524,0.611,586.381
5438.9,38.09,86.1,0.0,15.1,2,-298.362,0.608,587.888
5446.5,38.62,86.2,0.0,14.7,2,-298.077,0.601,590.171
5446.5,38.96,86.4,0.0,14.6,2,-297.858,0.597,591.706
5446.5,39.48,86.5,0.0,13.1,2,-297.485,0.588,594.029
5446.5,39.82,86.6,0.0,12.2,2,-297.206,0.581,595.589
5454.3,40.32,86.7,0.0,12.2,2,-296.742,0.568,597.947
5454.3,40.65,86.9,0.0,11.2,2,-296.403,0.558,599.530
5454.3,41.16,86.9,0.0,11.6,2,-295.848,0.542,601.920
5454.3,41.48,87.0,0.0,12.5,2,-295.448,0.529,603.523
5462.4,41.99,87.0,0.0,13.5,2,-294.805,0.507,605.942
5462.4,42.30,87.2,0.0,14.0,2,-294.345,0.491,607.563
5462.4,42.78,87.2,0.0,14.5,2,-293.606,0.468,610.005
5462.4,43.09,87.3,0.0,15.1,2,-293.082,0.453,611.640
5470.9,43.41,0.0,0.0,15.5,0,-292.247,0.427,614.099
5470.9,43.41,85.2,0.0,14.8,3,-291.660,0.408,615.732
5470.9,43.83,85.4,0.0,14.7,3,-290.731,0.379,618.177
5470.9,44.09,85.7,0.0,14.9,3,-290.078,0.359,619.809
5479.6,44.51,85.8,0.0,14.5,3,-289.050,0.325,622.260
5479.6,44.93,85.9,0.0,12.3,3,-287.961,0.287,624.710
5479.6,45.20,85.9,0.0,11.9,3,-287.199,0.261,626.343
5479.6,45.61,86.0,0.0,12.9,3,-285.999,0.224,628.787
5488.6,45.87,86.1,0.0,14.3,3,-285.164,0.198,630.414
5488.6,46.28,86.2,0.0,13.9,3,-283.859,0.158,632.850
5488.6,46.55,86.2,0.0,13.5,3,-282.953,0.131,634.470
5488.6,46.94,86.3,0.0,13.5,3,-281.539,0.092,636.890
5497.8,47.20,86.4,0.0,12.4,3,-280.560,0.066,638.498
5497.8,47.60,86.4,0.0,10.7,3,-279.033,0.036,640.896
5497.8,47.81,86.7,0.0,14.0,3,-277.980,0.019,642.487
5497.8,48.12,42.3,0.0,12.9,3,-276.357,-0.009,644.862
5507.2,48.26,74.2,0.0,13.0,3,-275.247,-0.032,646.437
5507.2,48.62,86.6,0.0,11.5,3,-273.535,-0.066,648.783
5507.2,48.87,86.6,0.0,10.0,3,-272.359,-0.086,650.338
5507.2,49.26,86.7,0.0,8.6,3,-270.541,-0.107,652.652
5516.8,49.52,86.7,0.0,9.0,3,-269.297,-0.116,654.186
5516.8,49.91,86.8,0.0,8.6,3,-267.389,-0.128,656.477
5516.8,50.16,86.8,0.0,7.0,3,-266.090,-0.136,657.999
5516.8,50.54,87.0,0.0,5.3,3,-264.105,-0.146,660.275
5526.6,50.81,87.0,0.0,3.6,3,-262.758,-0.154,661.789
5526.6,51.18,87.1,0.0,1.3,3,-260.706,-0.164,664.058
5526.6,51.57,87.2,0.0,-0.4,3,-258.624,-0.175,666.329
5526.6,51.82,87.2,0.0,-1.1,3,-257.221,-0.182,667.848
5536.5,52.19,87.3,0.0,-1.9,3,-255.103,-0.193,670.138
5536.5,52.43,84.6,0.0,-2.3,3,-253.683,-0.199,671.675
5536.5,52.73,73.2,0.0,-2.3,3,-251.547,-0.209,673.996
5536.5,52.91,73.0,0.0,-2.2,3,-250.121,-0.216,675.555
5546.7,53.17,74.9,0.0,-2.0,3,-247.981,-0.225,677.909
5546.7,53.36,76.5,0.0,-1.6,3,-246.553,-0.230,679.491
5546.7,53.54,0.0,0.0,-1.5,0,-244.410,-0.239,681.879
5546.7,53.52,66.0,0.0,-1.0,4,-242.984,-0.244,683.476
5562.9,53.74,66.0,0.0,-0.1,4,-240.847,-0.251,685.880
5562.9,53.88,66.0,0.0,0.5,4,-239.419,-0.255,687.491
5562.9,54.10,66.4,0.0,1.1,4,-237.272,-0.261,689.916
5562.9,54.24,66.7,0.0,1.3,4,-235.835,-0.264,691.538
5574.2,54.46,66.9,0.0,1.2,4,-233.670,-0.269,693.976
5574.2,54.60,67.2,0.0,1.4,4,-232.220,-0.272,695.605
5574.2,54.82,67.3,0.0,1.9,4,-230.033,-0.275,698.052
5574.2,54.96,67.5,0.0,2.5,4,-228.566,-0.277,699.685
5585.6,55.17,67.7,0.0,3.5,4,-226.352,-0.279,702.137
5585.6,55.31,67.9,0.0,3.4,4,-224.865,-0.279,703.771
5585.6,55.52,68.3,0.0,3.2,4,-222.617,-0.280,706.221
5597.2,55.74,68.6,0.0,2.7,4,-220.348,-0.280,708.668
5597.2,55.88,68.8,0.0,2.4,4,-218.823,-0.279,710.298
5597.2,56.09,69.0,0.0,2.3,4,-216.518,-0.277,712.741
5597.2,56.23,69.2,0.0,1.7,4,-214.971,-0.275,714.368
5609.0,56.44,69.3,0.0,1.4,4,-212.635,-0.271,716.810
5609.0,56.58,69.5,0.0,1.0,4,-211.068,-0.268,718.439
5609.0,56.78,69.7,0.0,1.0,4,-208.704,-0.262,720.884
5609.0,56.92,69.9,0.0,0.8,4,-207.121,-0.258,722.515
5621.1,57.13,70.2,0.0,1.1,4,-204.734,-0.250,724.966
5621.1,57.27,70.4,0.0,1.3,4,-203.135,-0.243,726.603
5621.1,57.47,70.7,0.0,2.0,4,-200.725,-0.233,729.060
5621.1,57.61,70.8,0.0,2.4,4,-199.110,-0.225,730.699
5633.1,57.81,71.2,0.0,2.9,4,-196.673,-0.212,733.159
5633.1,57.95,71.5,0.0,3.3,4,-195.038,-0.202,734.798
5633.1,58.15,72.1,0.0,3.9,4,-192.567,-0.185,737.252
5633.1,58.36,72.5,0.0,4.5,4,-190.073,-0.166,739.701
5645.2,58.49,72.7,0.0,4.7,4,-188.396,-0.153,741.328
5645.2,58.70,73.0,0.0,5.0,4,-185.860,-0.135,743.762
5645.2,58.84,73.3,0.0,4.8,4,-184.153,-0.123,745.378
5645.2,59.03,73.5,0.0,4.6,4,-181.571,-0.107,747.793
5657.8,59.17,73.7,0.0,4.2,4,-179.834,-0.097,749.397
5657.8,59.37,73.9,0.0,4.2,4,-177.206,-0.083,751.791
5657.8,59.51,74.1,0.0,4.2,4,-175.438,-0.075,753.381
5657.8,59.71,74.4,0.0,4.7,4,-172.765,-0.063,755.756
5670.2,59.84,74.6,0.0,5.1,4,-170.968,-0.055,757.332
5670.2,60.04,75.0,0.0,5.7,4,-168.249,-0.045,759.685
5670.2,60.17,75.3,0.0,5.8,4,-166.420,-0.039,761.245
5670.2,60.37,75.8,0.0,6.0,4,-163.651,-0.030,763.570
5683.0,60.50,76.1,0.0,6.1,4,-161.788,-0.025,765.110
5683.0,60.69,76.6,0.0,6.0,4,-158.966,-0.017,767.402
5683.0,60.82,71.2,0.0,5.9,4,-157.067,-0.011,768.918
5683.0,60.61,1.6,28.2,5.1,4,-154.197,-0.004,771.168
5695.6,60.23,0.0,39.7,4.4,4,-152.282,0.001,772.644
5695.6,59.50,0.0,48.0,3.2,4,-149.419,0.010,774.816
5695.6,58.97,0.0,50.3,2.6,4,-147.520,0.015,776.236
5695.6,58.14,0.0,52.2,2.5,4,-144.692,0.023,778.323
5707.9,57.57,0.0,52.7,2.6,4,-142.821,0.027,779.687
5707.9,56.72,0.0,53.3,2.9,4,-140.039,0.033,781.694
5707.9,55.87,0.0,53.5,3.1,4,-137.287,0.037,783.656
5707.9,55.30,0.0,53.6,3.0,4,-135.470,0.040,784.939
5720.0,54.45,0.0,53.7,3.2,4,-132.770,0.043,786.827
5720.0,53.89,0.0,53.9,3.3,4,-130.988,0.045,788.061
5720.0,53.04,0.0,54.0,3.8,4,-128.340,0.047,789.875
5720.0,52.48,0.0,54.1,4.2,4,-126.592,0.049,791.060
5731.1,51.63,0.0,54.2,4.6,4,-123.995,0.051,792.799
5731.1,51.07,0.0,54.1,4.8,4,-122.281,0.053,793.933
5731.1,50.23,0.0,54.3,5.0,4,-119.734,0.055,795.594
5731.1,49.67,0.0,54.2,5.2,4,-118.052,0.057,796.675
5741.8,48.83,0.0,54.6,5.3,4,-115.554,0.060,798.255
5741.8,48.27,0.0,54.6,5.8,4,-113.904,0.063,799.282
5741.8,47.44,0.0,54.7,6.1,4,-111.453,0.066,800.781
5741.8,46.88,0.0,54.6,6.6,0,-109.834,0.069,801.752
5751.8,46.07,0.0,56.0,6.8,3,-107.429,0.074,803.167
5751.8,45.50,0.0,55.5,7.1,3,-105.841,0.078,804.081
5751.8,44.65,0.0,54.0,8.0,3,-103.482,0.084,805.408
5751.8,43.83,0.0,51.8,8.7,3,-101.151,0.093,806.681
5761.1,43.29,0.0,50.6,9.3,3,-99.612,0.100,807.498
5761.1,42.51,0.0,47.7,9.8,3,-97.323,0.113,808.679
5761.1,42.02,0.0,46.7,10.3,3,-95.810,0.122,809.435
5761.1,41.29,0.0,43.6,11.3,3,-93.559,0.135,810.525
5770.1,40.83,0.0,42.0,11.7,3,-92.070,0.144,811.220
5770.1,40.17,0.0,40.2,12.4,3,-89.853,0.156,812.217
5770.1,39.74,0.0,38.9,13.1,3,-88.385,0.163,812.851
5770.1,39.10,0.0,37.2,13.7,3,-86.198,0.173,813.755
5778.6,38.70,0.0,36.0,13.5,3,-84.749,0.180,814.325
5778.6,37.92,0.0,33.9,14.3,3,-81.874,0.190,815.390
5778.6,37.55,26.8,33.4,13.8,0,-80.448,0.194,815.884
5786.5,37.01,0.0,33.1,11.5,2,-78.320,0.199,816.578
5786.5,36.62,0.0,33.2,11.0,2,-76.911,0.201,817.010
5786.5,36.05,0.0,35.8,9.9,2,-74.815,0.204,817.614
5786.5,35.66,0.0,37.0,9.0,2,-73.429,0.205,817.987
5794.2,35.04,0.0,40.0,8.5,2,-71.372,0.207,818.508
5794.2,34.62,0.0,42.0,8.3,2,-70.016,0.207,818.829
5794.2,33.95,0.0,43.9,7.5,2,-68.007,0.207,819.279
5794.2,33.50,0.0,44.9,7.0,2,-66.686,0.207,819.557
5801.3,32.81,0.0,46.1,7.0,2,-64.734,0.206,819.948
5801.3,32.34,0.0,46.4,6.6,2,-63.453,0.204,820.192
5801.3,31.64,0.0,47.3,5.7,2,-61.563,0.203,820.534
5801.3,31.17,0.0,47.8,5.3,2,-60.325,0.201,820.749
5807.9,30.45,0.0,47.7,5.2,2,-58.500,0.198,821.053
5807.9,29.75,0.0,48.8,4.2,2,-56.714,0.195,821.337
5807.9,29.27,0.0,49.2,3.5,2,-55.546,0.193,821.516
5807.9,28.59,0.0,50.3,2.5,2,-53.829,0.189,821.771
5814.3,28.08,0.0,49.8,2.2,2,-52.706,0.185,821.933
5814.3,27.35,0.0,50.4,1.8,2,-51.058,0.181,822.165
5814.3,26.86,0.0,50.5,1.7,2,-49.983,0.178,822.312
5814.3,26.15,36.1,50.9,1.5,0,-48.406,0.174,822.523
5819.6,25.70,0.0,51.5,1.3,1,-47.377,0.172,822.658
5819.6,24.98,0.0,51.5,1.2,1,-45.867,0.169,822.853
5819.6,24.47,0.0,48.2,1.0,1,-44.885,0.169,822.978
5819.6,23.73,0.0,50.1,1.0,1,-43.449,0.172,823.160
5824.8,23.26,0.0,49.5,1.1,1,-42.515,0.175,823.277
5824.8,22.54,0.0,46.9,1.1,1,-41.151,0.184,823.447
5824.8,22.07,0.0,45.8,1.1,1,-40.264,0.190,823.556
5824.8,21.40,0.0,44.0,1.0,1,-38.969,0.200,823.715
5829.6,20.94,0.0,44.9,1.0,1,-38.127,0.207,823.817
5829.6,20.26,0.0,44.5,1.0,1,-36.899,0.218,823.965
5829.6,19.82,0.0,37.1,0.9,1,-36.102,0.225,824.061
5829.6,19.28,0.0,29.2,0.7,1,-34.937,0.235,824.200
5833.8,18.81,0.0,25.1,0.6,1,-33.801,0.245,824.335
5833.8,18.53,0.0,24.1,0.1,1,-33.059,0.252,824.422
5833.8,18.11,0.0,21.2,-0.8,1,-31.967,0.262,824.552
5833.8,17.85,0.0,32.8,-1.0,1,-31.252,0.269,824.636
5837.5,17.39,0.0,21.2,-1.0,1,-30.202,0.279,824.762
5837.5,17.14,0.0,14.2,-0.9,1,-29.516,0.285,824.844
5837.5,16.86,0.0,6.2,-0.8,1,-28.504,0.295,824.967
5837.5,16.73,0.0,2.2,-0.7,1,-27.837,0.301,825.048
5841.2,16.60,1.5,0.0,-0.5,1,-26.844,0.310,825.169
5841.2,16.54,4.1,0.0,-0.5,1,-26.186,0.316,825.249
5841.2,16.47,6.9,0.0,-0.3,1,-25.203,0.325,825.369
5841.2,16.44,8.2,0.0,-0.3,1,-24.549,0.331,825.449
5844.7,16.43,11.9,0.0,-0.1,1,-23.571,0.340,825.568
5844.7,16.43,12.2,0.0,-0.1,1,-22.918,0.345,825.648
5844.7,16.43,12.4,0.0,-0.0,1,-21.940,0.354,825.768
5844.7,16.42,12.4,0.0,-0.0,1,-21.288,0.360,825.848
5848.2,16.42,12.5,0.0,-0.0,1,-20.310,0.369,825.968
5848.2,16.42,12.5,0.0,-0.0,1,-19.658,0.375,826.048
5848.2,16.42,12.5,0.0,-0.0,1,-18.680,0.384,826.168
5848.2,16.42,12.5,0.0,-0.1,1,-18.028,0.390,826.248
5851.5,16.42,12.5,0.0,-0.0,1,-17.049,0.399,826.368
5851.5,16.42,12.5,0.0,-0.0,1,-16.071,0.407,826.488
5851.5,16.42,12.5,0.0,0.3,1,-15.419,0.413,826.568
5851.5,16.42,12.5,0.0,0.6,1,-14.441,0.422,826.688
5855.0,16.42,12.5,0.0,0.6,1,-13.789,0.427,826.767
5855.0,16.42,12.3,0.0,0.6,1,-12.811,0.436,826.886
5855.0,16.42,12.3,0.0,0.6,1,-12.159,0.441,826.965
5855.0,16.42,12.4,0.0,0.7,1,-11.181,0.450,827.083
5858.5,16.42,12.4,0.0,0.6,1,-10.529,0.456,827.162
5858.5,16.42,12.5,0.0,0.4,1,-9.551,0.465,827.279
5858.5,16.42,12.5,0.0,0.4,1,-8.899,0.471,827.357
5858.5,16.42,12.6,0.0,0.4,1,-7.920,0.480,827.474
5862.0,16.42,12.6,0.0,0.4,1,-7.268,0.487,827.553
5862.0,16.42,12.6,0.0,0.4,1,-6.290,0.497,827.669
5862.0,16.42,12.6,0.0,0.4,1,-5.638,0.505,827.747
5862.0,16.42,12.6,0.0,0.4,1,-4.660,0.516,827.863
5865.3,16.42,12.7,0.0,0.4,1,-4.008,0.524,827.940
5865.3,16.42,12.7,0.0,0.4,1,-3.030,0.536,828.056
5865.3,16.42,12.7,0.0,0.3,1,-2.378,0.544,828.133
5865.3,16.42,12.7,0.0,0.3,1,-1.400,0.557,828.249
5868.8,16.42,12.7,0.0,0.3,1,-0.748,0.566,828.326
5868.8,16.42,12.7,0.0,0.4,1,0.230,0.578,828.441
5868.8,16.42,12.7,0.0,0.3,1,1.208,0.591,828.556
5868.8,16.42,12.7,0.0,0.3,1,1.860,0.599,828.632
0.4,16.42,12.7,0.0,0.2,1,2.838,0.611,828.746
