opponent,v3,Kévin Estre,0,1771576188475
Game,version,date,track,car,event,laptime [s],S1 [s],S2 [s],S3 [s],S4+ [s]
LMU,1.2,2026-02-20 08:29:48,Silverstone Grand Prix Circuit - ELMS,Porsche Penske Motorsport 2025 #6:LM (Hyper),Live,107.831,0,0,0
Tracklen [m],TotalLaps
5867.5,5
,
,
lapdistance [m],speed [m/s],throttle [%],brake [%],steer [%],gear [int],world_x [m],world_y [m],world_z [m]
31.6,71.57,90.8,0.0,0.6,6,34.209,0.564,848.641
31.6,71.67,90.8,0.0,0.6,6,37.059,0.589,848.928
31.6,71.82,90.8,0.0,0.4,6,41.342,0.625,849.353
31.6,71.91,90.9,0.0,0.3,6,44.203,0.650,849.631
46.0,72.05,90.9,0.0,0.3,6,48.502,0.689,850.042
46.0,72.19,91.0,0.0,0.3,6,52.810,0.730,850.446
46.0,72.28,91.0,0.0,0.1,6,55.687,0.757,850.712
60.4,72.42,91.0,0.0,0.4,6,60.009,0.798,851.107
60.4,72.52,91.1,0.0,0.3,6,62.896,0.826,851.369
60.4,72.65,91.1,0.0,0.0,6,67.233,0.869,851.759
60.4,72.74,91.1,0.0,0.1,6,70.129,0.897,852.018
74.9,72.88,91.2,0.0,-0.4,6,74.480,0.939,852.404
74.9,72.97,91.2,0.0,-0.6,6,77.385,0.964,852.662
74.9,73.11,91.2,0.0,-0.5,6,81.750,1.000,853.050
74.9,73.19,91.3,0.0,-0.4,6,84.664,1.023,853.311
89.5,73.32,91.3,0.0,-0.3,6,89.041,1.059,853.709
89.5,73.41,91.4,0.0,0.2,6,91.963,1.083,853.979
89.5,73.54,91.4,0.0,1.0,6,96.352,1.117,854.388
89.5,73.67,91.4,0.0,0.3,6,100.748,1.150,854.798
104.2,73.75,91.5,0.0,-0.7,6,103.684,1.171,855.069
104.2,73.88,91.5,0.0,-1.3,6,108.094,1.205,855.476
104.2,73.96,91.5,0.0,-1.1,6,111.038,1.227,855.749
104.2,74.08,91.6,0.0,-0.4,6,115.459,1.259,856.168
119.0,74.16,91.6,0.0,-0.2,6,118.410,1.280,856.454
119.0,74.29,91.6,0.0,-1.2,6,122.842,1.307,856.894
119.0,74.37,91.7,0.0,-1.1,6,125.800,1.325,857.195
119.0,74.50,91.7,0.0,0.1,6,130.242,1.351,857.657
133.9,74.57,91.7,0.0,0.6,6,133.206,1.368,857.973
133.9,74.69,91.8,0.0,0.7,6,137.658,1.395,858.452
133.9,74.77,91.8,0.0,0.5,6,140.630,1.416,858.773
133.9,74.90,91.8,0.0,0.3,6,145.094,1.447,859.251
148.9,74.98,91.9,0.0,0.2,6,148.074,1.466,859.567
148.9,75.10,91.9,0.0,-0.2,6,152.552,1.495,860.037
148.9,75.22,91.9,0.0,-0.1,6,157.037,1.521,860.503
148.9,75.29,91.9,0.0,0.1,6,160.031,1.538,860.812
163.9,75.41,92.0,0.0,0.3,6,164.527,1.563,861.276
163.9,75.48,92.0,0.0,0.3,6,167.529,1.581,861.585
163.9,75.59,92.0,0.0,0.2,6,172.037,1.609,862.047
163.9,75.67,92.1,0.0,0.2,6,175.047,1.627,862.353
179.0,75.78,92.1,0.0,0.2,6,179.567,1.656,862.809
179.0,75.86,92.1,0.0,0.1,6,182.584,1.674,863.112
179.0,75.97,92.1,0.0,0.1,6,187.117,1.703,863.562
179.0,76.05,92.2,0.0,-0.1,6,190.142,1.721,863.861
194.2,76.15,92.2,0.0,-0.2,6,194.686,1.751,864.308
194.2,76.23,92.2,0.0,-0.1,6,197.718,1.771,864.607
194.2,76.33,92.3,0.0,0.1,6,202.273,1.800,865.056
194.2,76.40,92.3,0.0,0.2,6,205.312,1.818,865.357
209.4,76.50,92.3,0.0,0.2,6,209.877,1.845,865.809
209.4,76.60,92.3,0.0,0.2,6,214.447,1.872,866.262
209.4,76.67,92.3,0.0,0.2,6,217.498,1.891,866.563
209.4,76.77,92.4,0.0,0.2,6,222.079,1.920,867.013
224.7,76.83,90.0,0.0,0.1,6,225.136,1.941,867.311
224.7,76.75,19.3,34.5,0.1,6,229.724,1.971,867.756
224.7,76.28,0.0,60.3,0.2,6,232.772,1.991,868.049
224.7,75.22,0.0,78.2,0.1,6,237.300,2.021,868.483
240.0,74.42,0.0,81.4,-0.0,6,240.281,2.042,868.767
240.0,73.18,0.0,84.4,-0.0,6,244.692,2.070,869.184
240.0,72.32,0.0,86.4,0.1,6,247.591,2.088,869.457
240.0,71.04,0.0,85.6,0.2,6,251.876,2.113,869.858
254.6,70.19,0.0,86.6,0.3,6,254.690,2.129,870.121
254.6,68.92,0.0,85.0,0.5,6,258.847,2.153,870.505
254.6,68.09,0.0,87.4,0.7,6,261.578,2.168,870.756
254.6,66.81,0.0,85.0,1.1,6,265.610,2.188,871.121
268.3,65.58,0.0,85.9,1.5,6,269.569,2.208,871.470
268.3,64.75,0.0,85.0,1.8,6,272.168,2.219,871.693
268.3,63.52,0.0,84.8,2.3,6,276.005,2.234,872.006
268.3,62.71,0.0,84.3,2.5,6,278.524,2.243,872.200
281.1,61.50,0.0,84.4,2.9,0,282.243,2.256,872.464
281.1,60.30,0.0,87.4,-0.4,5,285.892,2.269,872.695
281.1,59.48,0.0,88.2,1.6,5,288.286,2.277,872.832
293.2,58.20,0.0,86.5,5.2,5,291.814,2.290,873.010
293.2,57.39,0.0,76.5,4.9,5,294.126,2.300,873.108
293.2,56.34,0.0,63.2,5.7,5,297.537,2.314,873.219
293.2,55.72,0.0,50.7,0.1,5,299.779,2.323,873.266
304.4,54.99,0.0,33.6,-2.9,5,303.100,2.338,873.301
304.4,54.62,0.0,22.0,-2.0,5,305.292,2.348,873.303
304.4,54.23,0.0,14.8,4.5,5,308.558,2.363,873.282
304.4,53.98,0.0,23.8,7.8,5,310.723,2.375,873.251
315.2,53.65,4.4,0.0,9.0,5,313.949,2.392,873.176
315.2,53.55,3.5,1.4,10.7,5,316.092,2.404,873.101
315.2,53.33,0.0,8.8,9.9,5,319.295,2.420,872.941
315.2,53.14,0.0,11.2,10.2,5,321.420,2.431,872.800
325.8,52.81,0.0,20.5,12.3,5,324.588,2.448,872.532
325.8,52.36,0.0,22.0,14.2,5,327.726,2.464,872.194
325.8,52.06,0.0,21.7,15.3,0,329.799,2.475,871.931
325.8,51.68,0.0,2.7,15.7,4,332.877,2.489,871.474
336.3,51.52,20.4,0.0,16.5,4,334.912,2.498,871.128
336.3,51.47,53.2,0.0,18.1,4,337.944,2.512,870.543
336.3,51.49,49.7,0.0,20.0,4,339.957,2.521,870.108
336.3,51.45,29.5,0.0,24.0,4,342.962,2.532,869.392
346.7,51.36,18.3,0.0,27.1,4,344.951,2.540,868.871
346.7,51.20,17.2,0.0,31.4,4,347.910,2.552,868.028
346.7,51.10,22.1,0.0,33.8,4,349.866,2.560,867.426
346.7,50.98,27.5,0.0,36.3,4,352.773,2.572,866.465
357.2,50.90,25.1,0.0,37.2,4,354.695,2.580,865.785
357.2,50.76,21.3,0.0,37.7,4,357.547,2.593,864.705
357.2,50.60,19.2,0.0,37.7,4,360.362,2.607,863.554
357.2,50.48,18.1,0.0,37.6,4,362.216,2.617,862.748
367.6,50.30,17.0,0.0,37.9,4,364.962,2.632,861.482
367.6,50.18,16.4,0.0,38.3,4,366.768,2.642,860.600
367.6,50.00,15.9,0.0,38.8,4,369.440,2.657,859.223
367.6,49.87,15.6,0.0,39.0,4,371.195,2.667,858.269
377.9,49.68,15.5,0.0,39.2,4,373.786,2.683,856.785
377.9,49.58,22.4,0.0,39.2,4,375.488,2.694,855.762
377.9,49.43,17.1,0.0,38.8,4,378.000,2.710,854.176
377.9,49.32,16.1,0.0,38.4,4,379.647,2.720,853.087
388.0,49.15,16.8,0.0,37.4,4,382.076,2.736,851.405
388.0,49.04,17.7,0.0,36.2,4,383.667,2.747,850.254
388.0,48.89,19.7,0.0,34.1,4,386.009,2.762,848.480
388.0,48.77,23.3,0.0,31.8,4,388.299,2.778,846.652
398.1,48.70,26.6,0.0,30.1,4,389.796,2.789,845.403
398.1,48.64,38.8,0.0,27.3,4,391.996,2.804,843.484
398.1,48.67,66.6,0.0,25.2,4,393.435,2.815,842.174
398.1,48.91,83.8,0.0,21.5,4,395.558,2.830,840.160
408.1,49.07,83.9,0.0,19.1,4,396.951,2.841,838.782
408.1,49.33,84.0,0.0,15.0,4,399.007,2.856,836.664
408.1,49.51,84.0,0.0,11.6,4,400.354,2.867,835.218
408.1,49.78,84.1,0.0,7.9,4,402.339,2.884,832.998
418.1,49.98,84.2,0.0,6.1,4,403.641,2.895,831.487
418.1,50.27,84.4,0.0,4.9,4,405.561,2.911,829.173
418.1,50.48,84.4,0.0,4.0,4,406.822,2.921,827.603
418.1,50.79,84.6,0.0,2.7,4,408.689,2.937,825.207
428.3,50.99,84.7,0.0,3.9,4,409.921,2.946,823.587
428.3,51.31,84.9,0.0,4.9,4,411.754,2.958,821.126
428.3,51.62,85.1,0.0,6.1,4,413.569,2.969,818.629
428.3,51.82,85.2,0.0,9.4,4,414.767,2.978,816.943
438.6,52.11,85.4,0.0,12.0,4,416.540,2.993,814.379
438.6,52.30,85.6,0.0,12.8,4,417.703,3.001,812.645
438.6,52.57,85.7,0.0,12.6,4,419.415,3.011,810.007
438.6,52.75,85.8,0.0,12.0,4,420.530,3.019,808.219
448.9,53.01,86.0,0.0,11.2,4,422.155,3.034,805.495
448.9,53.18,86.1,0.0,11.4,4,423.208,3.044,803.652
448.9,53.44,86.2,0.0,11.4,4,424.741,3.061,800.845
448.9,53.62,86.3,0.0,8.2,4,425.731,3.074,798.947
459.3,53.89,86.4,0.0,4.5,4,427.169,3.095,796.061
459.3,54.08,86.5,0.0,2.6,4,428.100,3.109,794.113
459.3,54.38,86.6,0.0,2.8,4,429.462,3.132,791.159
459.3,54.56,86.5,0.0,4.2,4,430.350,3.149,789.170
470.0,54.86,86.4,0.0,3.4,4,431.659,3.171,786.160
470.0,55.16,86.9,0.0,2.4,4,432.943,3.194,783.120
470.0,55.35,87.1,0.0,2.5,4,433.786,3.211,781.078
481.0,55.64,86.6,0.0,3.4,4,435.036,3.234,777.993
481.0,55.83,86.3,0.0,5.1,4,435.858,3.249,775.921
481.0,56.11,87.3,0.0,6.5,4,437.068,3.272,772.789
481.0,56.29,87.5,0.0,6.6,4,437.856,3.287,770.684
492.1,56.56,87.6,0.0,5.4,4,439.007,3.309,767.500
492.1,56.75,87.7,0.0,4.9,4,439.752,3.324,765.361
492.1,57.01,87.9,0.0,5.2,4,440.832,3.350,762.124
492.1,57.18,87.9,0.0,5.3,4,441.528,3.367,759.949
503.4,57.41,75.5,0.0,4.3,4,442.536,3.393,756.663
503.4,57.56,83.9,0.0,4.4,4,443.184,3.411,754.457
503.4,57.81,88.2,0.0,4.4,4,444.125,3.436,751.127
503.4,58.08,88.3,0.0,4.0,4,445.026,3.461,747.769
514.8,58.25,88.2,0.0,4.4,4,445.605,3.479,745.516
514.8,58.52,88.2,0.0,3.7,4,446.444,3.503,742.115
514.8,58.69,88.4,0.0,3.1,4,446.982,3.521,739.833
514.8,58.96,88.7,0.0,1.8,4,447.759,3.548,736.391
526.5,59.13,88.7,0.0,1.7,4,448.261,3.566,734.084
526.5,59.40,88.8,0.0,2.6,4,448.992,3.593,730.605
526.5,59.57,88.9,0.0,3.0,4,449.466,3.613,728.273
526.5,59.83,89.0,0.0,2.9,4,450.156,3.641,724.759
538.4,60.00,89.1,0.0,2.6,4,450.602,3.660,722.405
538.4,60.25,89.2,0.0,2.3,4,451.248,3.688,718.856
538.4,60.42,89.3,0.0,2.0,4,451.665,3.708,716.480
538.4,60.67,89.4,0.0,1.7,4,452.268,3.737,712.898
550.4,60.91,89.4,0.0,1.6,4,452.849,3.766,709.298
550.4,61.07,89.5,0.0,1.6,0,453.225,3.785,706.888
550.4,61.03,88.3,0.0,0.1,5,453.772,3.815,703.266
550.4,61.18,88.3,0.0,-0.5,5,454.128,3.834,700.848
562.5,61.41,88.4,0.0,-0.5,5,454.656,3.865,697.209
562.5,61.56,88.5,0.0,-0.4,5,455.007,3.887,694.776
562.5,61.79,88.6,0.0,0.3,5,455.534,3.921,691.114
562.5,61.94,88.7,0.0,0.5,5,455.888,3.942,688.665
574.8,62.17,88.7,0.0,0.6,5,456.419,3.974,684.980
587.2,63.06,89.1,0.0,0.8,5,458.513,4.098,670.101
587.2,63.20,89.2,0.0,0.9,5,458.853,4.119,667.599
587.2,63.42,89.2,0.0,0.9,5,459.354,4.149,663.834
599.9,63.57,89.3,0.0,0.9,5,459.683,4.168,661.316
599.9,63.78,89.4,0.0,1.1,5,460.167,4.198,657.527
599.9,64.00,89.4,0.0,1.1,5,460.639,4.230,653.723
599.9,64.14,89.5,0.0,1.2,5,460.947,4.250,651.180
612.6,64.35,89.6,0.0,1.2,5,461.398,4.281,647.352
612.6,64.49,89.6,0.0,1.2,5,461.691,4.302,644.792
612.6,64.70,89.7,0.0,1.3,5,462.117,4.333,640.940
612.6,64.84,89.8,0.0,1.3,5,462.394,4.354,638.364
625.5,65.05,89.8,0.0,1.3,5,462.795,4.384,634.489
625.5,65.19,89.9,0.0,1.3,5,463.054,4.405,631.898
625.5,65.39,90.0,0.0,0.9,5,463.429,4.436,627.999
625.5,65.52,90.0,0.0,0.5,5,463.671,4.457,625.393
638.6,65.73,90.1,0.0,-0.4,5,464.022,4.487,621.472
638.6,65.86,90.1,0.0,-0.2,5,464.251,4.508,618.850
638.6,66.06,90.2,0.0,-1.1,5,464.592,4.539,614.908
638.6,66.19,90.2,0.0,-0.8,5,464.820,4.559,612.273
651.8,66.39,90.3,0.0,0.2,5,465.168,4.590,608.311
651.8,66.59,90.4,0.0,-0.3,5,465.524,4.621,604.338
651.8,66.72,90.4,0.0,0.2,5,465.766,4.642,601.683
651.8,66.91,90.5,0.0,0.6,5,466.133,4.672,597.692
665.2,67.04,90.5,0.0,-0.1,5,466.380,4.692,595.024
665.2,67.24,90.6,0.0,-0.1,5,466.752,4.721,591.014
665.2,67.36,90.6,0.0,0.9,5,467.000,4.741,588.334
665.2,67.55,90.7,0.0,1.4,5,467.371,4.768,584.304
678.7,67.68,90.7,0.0,1.5,5,467.616,4.785,581.610
678.7,67.87,90.8,0.0,1.3,5,467.974,4.809,577.560
678.7,67.99,90.8,0.0,1.2,5,468.205,4.825,574.853
678.7,68.17,90.9,0.0,1.0,5,468.538,4.846,570.783
692.3,68.30,90.9,0.0,0.9,5,468.752,4.858,568.062
692.3,68.48,91.0,0.0,0.6,5,469.059,4.874,563.970
692.3,68.60,91.0,0.0,0.6,5,469.256,4.884,561.236
692.3,68.78,91.1,0.0,0.3,5,469.540,4.899,557.124
706.1,68.96,91.2,0.0,0.3,5,469.814,4.914,553.002
706.1,69.08,91.2,0.0,-0.2,5,469.992,4.922,550.247
706.1,69.26,91.3,0.0,0.0,5,470.255,4.933,546.105
706.1,69.38,91.3,0.0,-0.0,5,470.428,4.939,543.338
720.0,69.56,91.4,0.0,0.0,5,470.686,4.945,539.178
720.0,69.68,91.4,0.0,0.3,5,470.857,4.949,536.398
720.0,69.85,91.4,0.0,0.2,5,471.113,4.952,532.221
720.0,69.96,91.5,0.0,-0.1,5,471.283,4.955,529.430
734.0,70.13,91.5,0.0,0.1,5,471.537,4.955,525.235
734.0,70.25,91.6,0.0,0.0,5,471.705,4.953,522.432
734.0,70.42,91.6,0.0,1.0,5,471.957,4.948,518.220
734.0,70.53,91.7,0.0,1.0,5,472.122,4.944,515.406
748.1,70.69,91.7,0.0,0.7,0,472.362,4.937,511.177
748.1,70.62,0.0,0.0,0.6,0,472.517,4.932,508.354
748.1,70.72,90.8,0.0,0.2,6,472.738,4.921,504.122
762.3,70.87,90.9,0.0,-0.0,6,472.948,4.907,499.880
762.3,70.98,90.9,0.0,-0.2,6,473.085,4.895,497.046
762.3,71.14,91.0,0.0,-0.0,6,473.286,4.875,492.788
762.3,71.24,91.0,0.0,-0.1,6,473.418,4.860,489.944
776.5,71.40,91.0,0.0,-0.4,6,473.616,4.835,485.669
776.5,71.50,91.1,0.0,-0.1,6,473.749,4.820,482.815
776.5,71.65,91.1,0.0,-0.4,6,473.952,4.796,478.526
776.5,71.75,91.2,0.0,-0.5,6,474.089,4.781,475.661
790.8,71.90,91.2,0.0,-0.9,6,474.298,4.763,471.357
790.8,72.01,91.2,0.0,-1.1,6,474.442,4.752,468.483
790.8,72.16,91.3,0.0,-1.5,6,474.667,4.732,464.164
790.8,72.26,91.3,0.0,-1.7,6,474.826,4.719,461.280
805.2,72.40,91.4,0.0,-2.4,6,475.082,4.702,456.948
805.2,72.50,91.4,0.0,-2.4,6,475.266,4.690,454.056
805.2,72.65,91.4,0.0,-2.9,6,475.568,4.669,449.712
805.2,72.79,91.5,0.0,-3.8,6,475.905,4.644,445.362
819.7,72.87,91.5,0.0,-4.4,6,476.155,4.631,442.460
819.7,73.00,91.6,0.0,-5.3,6,476.570,4.608,438.104
819.7,73.09,91.6,0.0,-5.2,6,476.876,4.588,435.198
819.7,73.20,91.6,0.0,-4.9,6,477.389,4.559,430.840
834.3,73.27,91.6,0.0,-2.5,6,477.771,4.544,427.936
834.3,73.40,91.7,0.0,2.1,6,478.399,4.527,423.581
834.3,73.50,91.1,0.0,2.3,6,478.845,4.514,420.677
834.3,73.64,91.7,0.0,0.6,6,479.534,4.496,416.318
848.9,73.73,91.7,0.0,-1.1,6,479.999,4.485,413.408
848.9,73.87,91.8,0.0,-2.2,6,480.697,4.469,409.035
848.9,73.96,91.8,0.0,-5.9,6,481.166,4.459,406.116
848.9,74.08,91.9,0.0,-9.1,6,481.895,4.443,401.736
863.6,74.15,91.9,0.0,-9.9,6,482.411,4.431,398.816
863.6,74.23,91.9,0.0,-9.5,6,483.248,4.408,394.444
863.6,74.31,92.0,0.0,-9.5,6,484.167,4.379,390.084
863.6,74.35,92.0,0.0,-10.1,6,484.827,4.355,387.185
878.3,74.40,92.0,0.0,-11.1,6,485.896,4.313,382.853
878.3,74.43,92.0,0.0,-11.9,6,486.661,4.283,379.977
878.3,74.48,92.1,0.0,-12.9,6,487.888,4.234,375.682
878.3,74.50,92.1,0.0,-13.3,6,488.759,4.200,372.833
893.1,74.55,92.1,0.0,-13.6,6,490.146,4.146,368.582
893.1,74.58,90.6,0.0,-13.3,6,491.122,4.108,365.764
893.1,74.62,91.8,0.0,-12.1,6,492.667,4.052,361.564
893.1,74.65,92.1,0.0,-10.3,6,493.750,4.015,358.783
908.3,74.70,91.4,0.0,-5.9,6,495.453,3.958,354.640
908.3,74.75,92.1,0.0,-2.7,6,496.640,3.921,351.897
908.3,74.84,91.1,0.0,1.8,6,498.489,3.863,347.809
908.3,74.91,91.8,0.0,3.6,6,499.762,3.827,345.098
923.5,74.70,7.3,54.2,3.8,6,501.710,3.774,341.049
923.5,73.86,0.0,75.5,2.1,6,503.648,3.715,337.034
923.5,73.09,0.0,85.2,0.7,6,504.914,3.674,334.380
923.5,71.85,0.0,66.1,2.1,6,506.764,3.620,330.443
938.6,71.11,0.0,76.5,3.7,6,507.960,3.590,327.844
938.6,69.98,0.0,64.9,5.2,6,509.698,3.546,323.983
938.6,68.97,0.0,62.2,5.0,6,511.362,3.506,320.159
952.7,68.07,0.0,62.0,2.5,6,512.947,3.469,316.365
952.7,67.46,0.0,58.6,1.9,6,513.959,3.448,313.849
952.7,66.57,0.0,58.1,2.8,6,515.410,3.418,310.098
952.7,65.97,0.0,56.8,3.5,6,516.332,3.401,307.611
965.8,65.09,0.0,50.7,4.8,6,517.646,3.380,303.904
965.8,64.56,0.0,48.5,5.1,6,518.476,3.369,301.447
965.8,63.79,0.0,43.3,6.7,6,519.656,3.354,297.780
965.8,63.29,0.0,37.7,7.1,6,520.399,3.344,295.349
978.3,62.63,0.0,38.8,6.5,6,521.447,3.329,291.718
978.3,62.19,0.0,14.0,5.9,6,522.101,3.319,289.308
978.3,61.87,6.0,25.2,5.0,6,523.017,3.303,285.701
978.3,61.38,0.0,22.8,5.0,6,523.856,3.284,282.099
990.8,61.07,0.0,12.3,5.2,6,524.370,3.271,279.705
990.8,60.64,0.0,25.6,6.1,0,525.076,3.254,276.121
990.8,60.32,31.5,17.5,6.0,0,525.501,3.245,273.739
990.8,59.92,0.0,26.6,7.4,5,526.076,3.234,270.176
1003.7,59.59,0.0,31.2,8.8,5,526.420,3.224,267.811
1003.7,59.02,0.0,6.0,9.3,5,526.878,3.208,264.282
1003.7,58.82,19.1,0.0,8.4,5,527.139,3.201,261.940
1003.7,58.74,30.8,0.0,7.3,5,527.464,3.199,258.428
1016.9,58.77,59.5,0.0,6.6,5,527.640,3.198,256.085
1016.9,58.92,82.8,0.0,8.3,5,527.842,3.197,252.561
1016.9,59.07,84.8,0.0,9.6,5,527.940,3.193,250.203
1016.9,59.26,84.5,0.0,12.7,5,528.025,3.185,246.655
1029.5,59.37,78.7,0.0,14.1,5,528.038,3.182,244.283
1029.5,59.55,84.6,0.0,15.7,5,527.995,3.178,240.716
1029.5,59.74,85.3,0.0,16.3,5,527.877,3.176,237.139
1029.5,59.85,85.4,0.0,16.1,5,527.753,3.177,234.751
1041.6,60.02,85.6,0.0,15.3,5,527.497,3.185,231.165
1041.6,60.13,85.7,0.0,14.6,5,527.278,3.193,228.772
1041.6,60.21,50.0,0.0,13.5,5,526.878,3.207,225.183
1041.6,60.18,34.9,0.0,14.1,5,526.566,3.216,222.795
1053.5,60.04,8.4,0.4,12.2,5,526.028,3.229,219.228
1053.5,59.91,19.8,0.0,10.9,5,525.621,3.238,216.863
1053.5,59.81,43.9,0.0,9.3,5,524.937,3.259,213.338
1053.5,59.83,62.0,0.0,8.4,5,524.434,3.276,210.999
1065.2,59.98,84.8,0.0,7.2,5,523.612,3.303,207.502
1065.2,60.11,86.0,0.0,6.4,5,523.021,3.322,205.174
1065.2,60.33,86.1,0.0,4.7,5,522.079,3.352,201.687
1065.2,60.47,86.2,0.0,2.7,5,521.417,3.373,199.364
1077.2,60.71,86.3,0.0,0.4,5,520.381,3.404,195.880
1077.2,60.94,86.4,0.0,-0.3,5,519.306,3.436,192.393
1077.2,61.10,86.5,0.0,-1.0,5,518.575,3.456,190.065
1077.2,61.27,42.4,17.9,-1.1,5,517.467,3.486,186.564
1089.7,61.03,0.0,37.5,-1.1,5,516.728,3.506,184.230
1089.7,60.41,0.0,43.5,-2.4,5,515.632,3.533,180.755
1089.7,59.94,0.0,49.6,-4.3,5,514.914,3.549,178.456
1089.7,59.20,0.0,48.4,-4.1,5,513.864,3.570,175.038
1101.8,58.69,0.0,47.3,-3.3,5,513.187,3.582,172.779
1101.8,57.93,0.0,51.4,-2.2,5,512.212,3.600,169.417
1101.8,57.39,0.0,53.8,-3.2,5,511.587,3.611,167.196
1101.8,56.58,0.0,58.6,-2.8,5,510.693,3.625,163.894
1113.4,56.00,0.0,52.9,-2.8,5,510.125,3.634,161.714
1113.4,55.23,0.0,42.2,-3.7,5,509.316,3.648,158.476
1113.4,54.80,0.0,27.7,-4.0,5,508.805,3.658,156.335
1113.4,54.34,0.0,23.1,-5.6,5,508.083,3.676,153.141
1124.7,53.90,0.0,26.6,-7.7,5,507.412,3.692,149.963
1124.7,53.57,0.0,26.9,-8.1,5,506.996,3.702,147.854
1124.7,53.12,0.0,14.7,-8.8,5,506.422,3.716,144.705
1124.7,52.90,0.0,8.0,-9.2,5,506.075,3.723,142.613
1135.7,52.64,0.0,2.6,-9.7,5,505.608,3.731,139.481
1135.7,52.50,0.0,1.4,-10.4,5,505.336,3.735,137.395
1135.7,52.31,1.6,2.8,-11.8,5,504.987,3.738,134.270
1135.7,52.17,0.0,6.1,-13.0,5,504.794,3.738,132.189
1146.8,51.91,33.8,3.3,-15.3,0,504.563,3.734,129.075
1146.8,51.77,11.7,0.0,-16.9,4,504.446,3.727,127.005
1146.8,51.65,34.0,0.0,-16.5,4,504.332,3.712,123.905
1146.8,51.60,21.5,0.0,-15.4,4,504.302,3.703,121.840
1157.6,51.42,2.9,1.3,-14.1,4,504.329,3.692,118.749
1157.6,51.23,6.3,0.0,-13.3,4,504.398,3.690,116.697
1157.6,51.05,14.0,0.0,-10.8,4,504.570,3.691,113.633
1168.4,50.93,4.8,0.0,-9.1,4,504.809,3.684,110.582
1168.4,50.79,11.8,0.0,-8.8,4,505.012,3.680,108.557
1168.4,50.63,21.1,0.0,-5.8,4,505.374,3.667,105.536
1168.4,50.52,20.7,0.0,-5.2,4,505.667,3.666,103.535
1179.0,50.38,8.0,0.0,-3.6,4,506.162,3.657,100.548
1179.0,50.27,13.5,0.0,-2.3,4,506.525,3.643,98.568
1179.0,50.06,14.6,0.0,-0.9,4,507.136,3.624,95.621
1179.0,49.93,11.8,0.0,-0.6,4,507.584,3.611,93.672
1189.9,49.71,11.7,0.0,-0.5,4,508.317,3.587,90.774
1189.9,49.55,11.6,0.0,-0.4,4,508.850,3.573,88.861
1189.9,49.35,11.6,0.0,-1.8,4,509.711,3.550,86.022
1189.9,49.22,11.5,0.0,-3.8,4,510.322,3.532,84.148
1200.2,49.01,11.4,0.0,-7.3,4,511.293,3.498,81.365
1200.2,48.88,11.4,0.0,-10.5,4,511.978,3.474,79.531
1200.2,48.67,11.4,0.0,-16.3,4,513.062,3.435,76.813
1200.2,48.54,28.3,0.0,-23.2,4,514.214,3.394,74.134
1210.2,48.47,24.9,0.0,-28.7,4,515.020,3.365,72.369
1210.2,48.36,19.0,0.0,-35.7,4,516.285,3.322,69.754
1210.2,48.27,17.9,0.0,-38.1,4,517.163,3.294,68.032
1210.2,48.14,19.6,0.0,-39.1,4,518.528,3.255,65.482
1220.0,48.06,20.4,0.0,-38.4,4,519.469,3.231,63.805
1220.0,47.87,2.4,3.3,-30.1,4,520.932,3.201,61.326
1220.0,47.71,12.3,6.0,-22.9,4,521.940,3.182,59.701
1220.0,47.51,18.9,40.9,-10.9,4,523.500,3.155,57.307
1229.5,47.14,0.0,58.8,-3.2,4,524.568,3.137,55.742
1238.6,44.64,7.1,21.8,13.7,4,531.566,3.032,46.196
1238.6,44.36,0.0,47.3,13.2,4,532.604,3.016,44.748
1238.6,43.67,0.0,36.9,12.2,4,534.105,2.991,42.573
1247.5,43.29,0.0,20.9,11.6,4,535.064,2.974,41.122
1247.5,42.92,0.0,6.1,11.4,4,536.443,2.948,38.935
1247.5,42.75,0.0,2.0,11.6,4,537.323,2.929,37.465
1247.5,42.57,38.9,0.6,13.3,0,538.584,2.900,35.238
1256.0,42.48,1.2,0.0,15.0,3,539.386,2.879,33.738
1256.0,42.28,3.7,0.0,17.7,3,540.530,2.847,31.467
1256.0,42.12,6.9,0.0,20.7,3,541.602,2.814,29.173
1256.0,42.02,5.9,0.0,22.9,3,542.279,2.790,27.632
1264.5,41.85,9.2,0.0,25.4,3,543.236,2.754,25.306
1264.5,41.81,30.1,0.0,26.5,3,543.836,2.730,23.744
1264.5,41.88,45.6,0.0,27.0,3,544.680,2.692,21.381
1264.5,41.98,56.0,0.0,27.3,3,545.205,2.668,19.788
1273.1,42.13,48.7,0.0,28.7,3,545.938,2.632,17.374
1273.1,42.19,40.6,0.0,30.0,3,546.390,2.607,15.750
1273.1,42.19,26.9,0.0,32.5,3,547.013,2.569,13.296
1273.1,42.17,26.7,0.0,34.1,3,547.389,2.543,11.651
1282.1,42.10,23.6,0.0,35.2,3,547.894,2.504,9.175
1282.1,42.06,24.4,0.0,35.3,3,548.190,2.478,7.518
1282.1,42.03,30.2,0.0,36.3,3,548.572,2.439,5.025
1282.1,42.01,28.6,0.0,37.2,3,548.788,2.412,3.358
1291.1,41.98,30.2,0.0,39.1,3,549.054,2.370,0.853
1300.1,41.64,26.9,0.0,42.7,3,549.402,2.194,-9.172
1300.1,41.63,36.0,0.0,43.7,3,549.312,2.147,-11.668
1300.1,41.61,27.3,0.0,44.9,3,549.152,2.099,-14.160
1308.8,41.57,24.3,0.0,45.7,3,549.005,2.068,-15.817
1308.8,41.45,14.6,0.0,46.4,3,548.723,2.023,-18.291
1308.8,41.34,13.4,0.0,46.4,3,548.495,1.994,-19.931
1308.8,41.19,13.7,0.0,45.1,3,548.092,1.953,-22.374
1317.9,41.09,14.2,0.0,43.6,3,547.782,1.927,-23.990
1317.9,40.94,15.5,0.0,40.9,3,547.256,1.889,-26.394
1317.9,40.85,16.9,0.0,38.7,3,546.864,1.866,-27.982
1317.9,40.73,20.2,0.0,35.4,3,546.212,1.833,-30.340
1326.9,40.69,29.7,0.0,33.1,3,545.736,1.813,-31.898
1326.9,40.76,52.6,0.0,31.2,3,544.963,1.783,-34.214
1326.9,40.88,58.3,0.0,30.2,3,544.410,1.761,-35.750
1326.9,41.09,64.8,0.0,28.9,3,543.522,1.728,-38.043
1335.7,41.26,69.0,0.0,27.9,3,542.892,1.707,-39.564
1335.7,41.47,59.1,0.0,25.5,3,541.888,1.675,-41.833
1335.7,41.72,78.9,0.0,21.8,3,540.811,1.647,-44.083
1335.7,41.97,84.3,0.0,18.7,3,540.053,1.629,-45.574
1344.5,42.35,84.5,0.0,14.5,3,538.857,1.603,-47.802
1344.5,42.60,84.6,0.0,11.8,3,538.021,1.585,-49.281
1344.5,42.98,84.7,0.0,8.2,3,536.710,1.559,-51.487
1344.5,43.24,84.7,0.0,6.4,3,535.796,1.542,-52.949
1353.2,43.63,84.8,0.0,5.1,3,534.369,1.519,-55.128
1353.2,43.91,84.8,0.0,5.1,3,533.381,1.504,-56.573
1353.2,44.32,84.9,0.0,6.2,3,531.849,1.482,-58.730
1353.2,44.59,84.9,0.0,7.5,3,530.796,1.467,-60.162
1362.2,44.99,85.0,0.0,8.5,3,529.173,1.445,-62.303
1362.2,45.26,85.1,0.0,8.6,3,528.063,1.428,-63.725
1362.2,45.66,85.2,0.0,8.2,3,526.354,1.401,-65.850
1362.2,45.91,85.3,0.0,7.8,3,525.186,1.383,-67.260
1371.3,46.31,85.3,0.0,7.0,3,523.391,1.352,-69.364
1371.3,46.57,85.4,0.0,6.8,3,522.164,1.331,-70.758
1371.3,46.96,85.5,0.0,6.9,3,520.279,1.298,-72.836
1380.5,47.34,85.6,0.0,6.8,3,518.342,1.263,-74.896
1380.5,47.60,85.6,0.0,6.9,3,517.023,1.239,-76.260
1380.5,47.98,85.7,0.0,9.0,3,515.002,1.200,-78.293
1380.5,48.23,85.7,0.0,10.2,3,513.627,1.172,-79.638
1389.8,48.59,85.8,0.0,10.9,3,511.520,1.130,-81.636
1389.8,48.82,85.9,0.0,10.9,3,510.085,1.102,-82.953
1389.8,49.18,85.9,0.0,10.0,3,507.885,1.065,-84.901
1389.8,49.41,86.0,0.0,9.6,3,506.387,1.041,-86.182
1399.4,49.76,86.1,0.0,9.2,3,504.094,1.004,-88.076
1399.4,49.98,86.1,0.0,7.8,3,502.536,0.978,-89.321
1399.4,50.32,86.2,0.0,5.6,3,500.158,0.935,-91.162
1399.4,50.45,0.0,0.0,3.9,0,498.544,0.905,-92.370
1409.4,50.53,84.2,0.0,1.8,4,496.093,0.859,-94.144
1409.4,50.74,84.2,0.0,1.6,4,494.437,0.828,-95.309
1409.4,51.07,84.3,0.0,2.3,4,491.919,0.784,-97.037
1409.4,51.40,84.3,0.0,2.4,4,489.366,0.743,-98.748
1419.5,51.62,84.4,0.0,1.9,4,487.648,0.716,-99.883
1419.5,51.94,84.5,0.0,0.8,4,485.046,0.680,-101.580
1419.5,52.16,84.6,0.0,0.1,4,483.298,0.656,-102.709
1419.5,52.49,84.7,0.0,-0.6,4,480.657,0.622,-104.406
1430.0,52.71,84.8,0.0,-0.9,4,478.886,0.600,-105.540
1430.0,53.03,85.0,0.0,-1.6,4,476.215,0.567,-107.251
1430.0,53.25,85.1,0.0,-2.7,4,474.428,0.545,-108.399
1430.0,53.58,85.3,0.0,-3.4,4,471.738,0.511,-110.140
1440.8,53.79,85.3,0.0,-3.2,4,469.941,0.488,-111.315
1440.8,54.06,85.7,0.0,-3.4,4,467.246,0.461,-113.104
1440.8,54.32,85.7,0.0,-3.5,4,465.448,0.443,-114.315
1440.8,54.61,85.9,0.0,-3.8,4,462.753,0.422,-116.161
1452.0,54.83,86.0,0.0,-4.5,4,460.959,0.408,-117.413
1452.0,55.12,86.3,0.0,-5.9,4,458.272,0.385,-119.324
1452.0,55.45,86.2,0.0,-6.4,4,455.591,0.353,-121.272
1452.0,55.62,86.4,0.0,-6.7,4,453.810,0.330,-122.598
1463.5,55.88,86.5,0.0,-6.9,4,451.158,0.298,-124.634
1463.5,56.05,86.6,0.0,-6.5,4,449.403,0.280,-126.023
1463.5,56.33,86.7,0.0,-6.1,4,446.795,0.259,-128.159
1463.5,56.50,86.9,0.0,-6.7,4,445.071,0.247,-129.614
1475.3,56.78,86.9,0.0,-7.4,4,442.505,0.227,-131.842
1475.3,56.96,87.1,0.0,-6.3,4,440.811,0.215,-133.358
1475.3,57.23,87.2,0.0,-4.0,4,438.294,0.202,-135.681
1475.3,57.40,87.3,0.0,-4.0,4,436.631,0.196,-137.259
1487.0,57.68,87.4,0.0,-4.1,4,434.156,0.189,-139.665
1487.0,57.86,87.5,0.0,-4.6,4,432.518,0.185,-141.295
1487.0,58.14,87.6,0.0,-4.6,4,430.076,0.178,-143.773
1487.0,58.41,87.7,0.0,-4.3,4,427.655,0.171,-146.295
1498.9,58.59,87.8,0.0,-4.2,4,426.053,0.166,-148.000
1498.9,58.85,87.9,0.0,-4.1,4,423.668,0.162,-150.593
1498.9,59.03,88.0,0.0,-4.1,4,422.092,0.161,-152.346
1498.9,59.29,88.1,0.0,-4.5,4,419.748,0.165,-155.010
1510.9,59.46,88.2,0.0,-4.7,4,418.199,0.169,-156.810
1510.9,59.72,88.3,0.0,-4.8,4,415.894,0.174,-159.542
1510.9,59.89,88.4,0.0,-4.9,4,414.370,0.173,-161.386
1510.9,60.14,88.5,0.0,-5.0,4,412.106,0.170,-164.186
1522.7,60.30,88.6,0.0,-4.9,4,410.613,0.166,-166.075
1522.7,60.55,88.7,0.0,-5.1,4,408.398,0.156,-168.945
1522.7,60.72,88.7,0.0,-5.9,4,406.939,0.147,-170.882
1522.7,60.85,0.0,0.0,-5.0,0,404.780,0.132,-173.823
1534.7,60.80,87.5,0.0,-3.8,5,403.366,0.123,-175.802
1534.7,61.03,87.7,0.0,-3.4,5,401.277,0.104,-178.800
1534.7,61.18,87.7,0.0,-3.1,5,399.903,0.090,-180.821
1534.7,61.40,87.8,0.0,-3.2,5,397.868,0.069,-183.884
1546.9,61.64,87.9,0.0,-2.9,5,395.862,0.046,-186.983
1546.9,61.79,88.0,0.0,-2.6,5,394.540,0.032,-189.066
1546.9,62.02,88.1,0.0,-2.3,5,392.575,0.014,-192.218
1546.9,62.17,88.2,0.0,-2.0,5,391.277,0.003,-194.335
1559.2,62.41,88.2,0.0,-1.7,5,389.345,-0.010,-197.534
1559.2,62.56,88.3,0.0,-2.3,5,388.066,-0.019,-199.681
1559.2,62.78,88.4,0.0,-2.8,5,386.162,-0.029,-202.922
1559.2,62.93,88.5,0.0,-2.9,5,384.903,-0.033,-205.098
1571.7,63.16,88.6,0.0,-2.6,5,383.031,-0.038,-208.385
1571.7,63.31,88.6,0.0,-2.2,5,381.794,-0.041,-210.591
1571.7,63.53,88.7,0.0,-0.8,5,379.956,-0.046,-213.922
1571.7,63.68,88.8,0.0,0.3,5,378.741,-0.050,-216.156
1584.4,63.90,88.9,0.0,0.5,5,376.927,-0.055,-219.525
1584.4,64.12,89.0,0.0,-0.1,5,375.115,-0.059,-222.911
1584.4,64.27,89.0,0.0,-0.4,5,373.906,-0.060,-225.176
1597.2,64.48,89.1,0.0,-0.5,5,372.089,-0.062,-228.584
1610.1,65.35,89.4,0.0,-0.5,5,364.799,-0.084,-242.351
1610.1,65.56,89.5,0.0,-0.7,5,362.973,-0.095,-245.828
1610.1,65.70,89.6,0.0,-0.8,5,361.756,-0.105,-248.154
1623.2,65.91,89.7,0.0,-0.9,5,359.932,-0.119,-251.655
1623.2,66.05,89.7,0.0,-0.9,5,358.717,-0.128,-253.997
1623.2,66.25,89.8,0.0,-0.6,5,356.898,-0.143,-257.524
1623.2,66.39,89.8,0.0,-0.5,5,355.687,-0.153,-259.884
1636.5,66.60,89.9,0.0,-0.1,5,353.874,-0.169,-263.438
1636.5,66.73,90.0,0.0,-0.0,5,352.667,-0.180,-265.815
1636.5,66.93,90.0,0.0,0.1,5,350.857,-0.195,-269.393
1636.5,67.07,90.1,0.0,0.0,5,349.649,-0.206,-271.785
1649.8,67.27,90.1,0.0,-0.1,5,347.835,-0.222,-275.383
1649.8,67.40,90.2,0.0,-0.0,5,346.623,-0.233,-277.789
1649.8,67.60,90.3,0.0,-0.1,5,344.802,-0.250,-281.406
1649.8,67.73,90.3,0.0,-0.2,5,343.586,-0.261,-283.823
1663.4,67.93,90.4,0.0,-0.1,5,341.757,-0.281,-287.459
1663.4,68.12,90.4,0.0,-0.1,5,339.924,-0.302,-291.105
1663.4,68.25,90.5,0.0,-0.0,5,338.699,-0.316,-293.541
1663.4,68.44,90.6,0.0,0.0,5,336.859,-0.337,-297.205
1677.0,68.56,90.6,0.0,-0.1,5,335.629,-0.353,-299.654
1677.0,68.76,90.6,0.0,-0.3,5,333.781,-0.382,-303.335
1677.0,68.88,90.7,0.0,-0.5,5,332.547,-0.397,-305.795
1677.0,69.06,90.8,0.0,-0.3,5,330.694,-0.415,-309.495
1690.8,69.19,90.8,0.0,-0.3,5,329.458,-0.429,-311.968
1690.8,69.38,90.9,0.0,-0.1,5,327.603,-0.454,-315.688
1690.8,69.50,90.9,0.0,-0.2,5,326.366,-0.471,-318.175
1690.8,69.68,91.0,0.0,-0.2,5,324.510,-0.495,-321.914
1704.7,69.80,91.0,0.0,-0.1,5,323.271,-0.511,-324.413
1704.7,69.98,91.1,0.0,-0.2,5,321.412,-0.533,-328.171
1704.7,70.10,91.1,0.0,-0.0,5,320.171,-0.549,-330.682
1704.7,70.27,91.2,0.0,-0.1,5,318.307,-0.573,-334.458
1718.7,70.44,91.3,0.0,-0.1,5,316.440,-0.596,-338.243
1718.7,70.56,91.3,0.0,-0.0,5,315.194,-0.612,-340.772
1718.7,70.65,0.0,0.0,0.0,0,313.322,-0.636,-344.574
1718.7,70.59,90.4,0.0,-0.2,6,312.075,-0.652,-347.108
1732.8,70.75,90.5,0.0,-0.3,6,310.204,-0.676,-350.913
1732.8,70.86,90.5,0.0,-0.2,6,308.956,-0.692,-353.454
1732.8,71.02,90.6,0.0,-0.2,6,307.082,-0.717,-357.275
1732.8,71.13,90.6,0.0,-0.2,6,305.831,-0.735,-359.828
1747.0,71.28,90.7,0.0,-0.1,6,303.956,-0.763,-363.666
1747.0,71.39,90.7,0.0,-0.0,6,302.705,-0.783,-366.231
1747.0,71.55,90.7,0.0,-0.1,6,300.827,-0.814,-370.086
1747.0,71.65,90.8,0.0,-0.1,6,299.574,-0.834,-372.661
1761.3,71.81,90.8,0.0,-0.1,6,297.694,-0.866,-376.532
1761.3,71.92,90.9,0.0,-0.1,6,296.439,-0.888,-379.118
1761.3,72.07,90.9,0.0,-0.0,6,294.555,-0.921,-383.004
1761.3,72.23,91.0,0.0,-0.1,6,292.669,-0.954,-386.900
1775.7,72.33,91.0,0.0,-0.1,6,291.410,-0.976,-389.503
1775.7,72.48,91.0,0.0,-0.0,6,289.520,-1.007,-393.413
1775.7,72.58,91.1,0.0,0.0,6,288.258,-1.029,-396.025
1775.7,72.73,91.1,0.0,0.1,6,286.362,-1.063,-399.950
1790.2,72.83,91.2,0.0,0.1,6,285.096,-1.086,-402.572
1790.2,72.98,91.2,0.0,0.1,6,283.194,-1.122,-406.510
1790.2,73.07,91.2,0.0,0.1,6,281.924,-1.142,-409.140
1790.2,73.22,91.3,0.0,0.1,6,280.014,-1.168,-413.092
1804.8,73.32,91.3,0.0,0.1,6,278.739,-1.186,-415.730
1804.8,73.47,91.3,0.0,0.1,6,276.821,-1.214,-419.694
1804.8,73.56,91.4,0.0,0.2,6,275.540,-1.233,-422.340
1804.8,73.71,91.4,0.0,0.2,6,273.613,-1.262,-426.316
1819.5,73.80,91.4,0.0,0.1,6,272.326,-1.281,-428.970
1819.5,73.94,91.5,0.0,0.1,6,270.390,-1.311,-432.957
1819.5,74.04,91.5,0.0,0.2,6,269.096,-1.331,-435.618
1819.5,74.18,91.6,0.0,0.2,6,267.149,-1.361,-439.616
1834.3,74.31,91.6,0.0,0.2,6,265.197,-1.390,-443.619
1834.3,74.41,91.6,0.0,0.2,6,263.891,-1.409,-446.291
1834.3,74.54,91.7,0.0,0.2,6,261.926,-1.438,-450.304
1834.3,74.63,91.7,0.0,0.2,6,260.612,-1.456,-452.982
1849.1,74.77,91.7,0.0,0.2,6,258.635,-1.483,-457.004
1849.1,74.86,91.8,0.0,0.2,6,257.312,-1.500,-459.688
1849.1,74.99,91.8,0.0,0.3,6,255.322,-1.525,-463.718
1849.1,75.08,91.8,0.0,0.3,6,253.991,-1.543,-466.408
1864.1,75.21,91.9,0.0,0.3,6,251.987,-1.570,-470.447
1864.1,75.30,91.9,0.0,0.3,6,250.647,-1.587,-473.142
1864.1,75.43,91.9,0.0,0.3,6,248.629,-1.614,-477.189
1864.1,75.52,91.9,0.0,0.2,6,247.280,-1.631,-479.889
1879.2,75.64,92.0,0.0,0.2,6,245.249,-1.656,-483.943
1879.2,75.77,92.0,0.0,0.1,6,243.210,-1.680,-488.002
1879.2,75.86,92.0,0.0,0.1,6,241.846,-1.696,-490.710
1894.4,75.98,92.1,0.0,0.2,6,239.794,-1.719,-494.777
1894.4,76.07,92.1,0.0,0.1,6,238.422,-1.734,-497.490
1894.4,76.19,92.1,0.0,0.1,6,236.358,-1.757,-501.565
1894.4,76.27,92.2,0.0,0.1,6,234.979,-1.773,-504.284
1909.6,76.40,92.2,0.0,0.1,6,232.904,-1.796,-508.367
1909.6,76.48,92.2,0.0,0.2,6,231.518,-1.812,-511.092
1909.6,76.60,92.2,0.0,0.3,6,229.433,-1.835,-515.184
1909.6,76.68,92.3,0.0,0.2,6,228.040,-1.851,-517.914
1924.9,76.80,92.3,0.0,0.1,6,225.945,-1.876,-522.014
1924.9,76.88,92.3,0.0,0.1,6,224.545,-1.893,-524.750
1924.9,76.99,92.4,0.0,0.1,6,222.440,-1.918,-528.858
1924.9,77.07,92.4,0.0,0.0,6,221.034,-1.931,-531.600
1940.3,77.20,92.4,0.0,-0.1,6,218.921,-1.953,-535.717
1940.3,77.31,92.4,0.0,-0.2,6,216.804,-1.978,-539.840
1940.3,77.39,92.5,0.0,-0.3,6,215.391,-1.997,-542.592
1940.3,77.51,92.5,0.0,-0.3,6,213.270,-2.031,-546.727
1955.8,77.59,92.5,0.0,-0.3,6,211.856,-2.057,-549.487
1955.8,77.70,92.5,0.0,-0.3,6,209.735,-2.099,-553.635
1955.8,77.78,92.6,0.0,-0.3,6,208.322,-2.129,-556.404
1955.8,77.89,92.6,0.0,-0.3,6,206.204,-2.175,-560.566
1971.4,77.96,92.6,0.0,-0.4,6,204.794,-2.207,-563.345
1971.4,78.08,92.6,0.0,-0.4,6,202.680,-2.258,-567.522
1971.4,78.15,92.6,0.0,-0.3,6,201.273,-2.292,-570.311
1971.4,78.26,92.7,0.0,-0.3,6,199.166,-2.343,-574.503
1987.0,78.33,92.7,0.0,-0.3,6,197.763,-2.378,-577.302
1987.0,78.44,92.7,0.0,-0.2,6,195.661,-2.432,-581.510
1987.0,78.55,92.8,0.0,-0.2,6,193.564,-2.486,-585.726
1987.0,78.62,92.8,0.0,-0.2,6,192.167,-2.521,-588.542
2002.7,78.72,92.8,0.0,-0.0,6,190.074,-2.573,-592.772
2002.7,78.81,92.8,0.0,0.1,6,188.678,-2.610,-595.596
2002.7,78.91,92.8,0.0,0.2,6,186.585,-2.668,-599.839
2002.7,78.97,92.9,0.0,0.3,6,185.189,-2.706,-602.671
2018.4,79.08,92.9,0.0,0.4,6,183.091,-2.762,-606.922
2018.4,79.15,92.9,0.0,0.5,6,181.689,-2.799,-609.759
2018.4,79.24,93.0,0.0,0.6,6,179.580,-2.850,-614.017
2018.4,79.31,93.0,0.0,0.6,6,178.169,-2.885,-616.856
2034.3,79.34,0.0,0.0,0.7,0,176.042,-2.937,-621.116
2034.3,79.25,92.2,0.0,0.7,7,174.620,-2.970,-623.950
2034.3,79.34,92.3,0.0,0.7,7,172.475,-3.012,-628.196
2034.3,79.40,92.3,0.0,0.8,7,171.037,-3.038,-631.026
2050.1,79.50,92.3,0.0,0.7,7,168.869,-3.077,-635.271
2050.1,79.59,92.3,0.0,0.6,7,166.685,-3.112,-639.515
2050.1,79.65,92.3,0.0,0.5,7,165.220,-3.134,-642.343
2050.1,79.74,92.4,0.0,0.6,7,163.012,-3.163,-646.583
2066.1,79.79,92.4,0.0,0.5,7,161.532,-3.180,-649.410
2066.1,79.88,92.4,0.0,0.4,7,159.302,-3.201,-653.649
2066.1,79.94,92.4,0.0,0.4,7,157.808,-3.212,-656.475
2066.1,80.03,92.4,0.0,0.3,7,155.557,-3.224,-660.713
2082.0,80.08,92.4,0.0,0.3,7,154.050,-3.229,-663.538
2082.0,80.17,92.5,0.0,0.4,7,151.781,-3.232,-667.776
2082.0,80.23,92.5,0.0,0.5,7,150.263,-3.232,-670.602
2082.0,80.31,92.5,0.0,0.5,7,147.977,-3.230,-674.841
2098.0,80.36,92.5,0.0,0.4,7,146.448,-3.226,-677.667
2098.0,80.44,92.5,0.0,0.4,7,144.146,-3.217,-681.906
2098.0,80.50,92.5,0.0,0.5,7,142.605,-3.208,-684.732
2098.0,80.57,92.6,0.0,0.5,7,140.285,-3.192,-688.970
2114.1,80.65,92.6,0.0,0.5,7,137.954,-3.169,-693.208
2114.1,80.71,92.6,0.0,0.6,7,136.394,-3.152,-696.033
2114.1,80.78,92.6,0.0,0.8,7,134.043,-3.121,-700.268
2114.1,80.83,92.6,0.0,0.9,7,132.468,-3.098,-703.091
2130.2,80.91,92.6,0.0,1.1,7,130.095,-3.060,-707.322
2130.2,80.96,92.7,0.0,1.2,7,128.504,-3.032,-710.141
2130.2,81.02,92.7,0.0,1.5,7,126.100,-2.984,-714.364
2130.2,81.07,92.7,0.0,1.6,7,124.486,-2.949,-717.175
2146.4,81.13,92.7,0.0,1.6,7,122.044,-2.889,-721.384
2146.4,81.17,83.1,0.0,1.8,7,120.402,-2.846,-724.184
2146.4,80.98,9.7,62.0,1.4,7,117.916,-2.776,-728.369
2146.4,80.29,0.0,80.1,1.5,7,116.254,-2.726,-731.136
2162.5,79.03,0.0,89.4,1.1,7,113.772,-2.645,-735.223
2162.5,78.14,0.0,91.4,0.9,7,112.127,-2.588,-737.903
2162.5,76.77,0.0,91.6,0.5,7,109.677,-2.501,-741.854
2178.0,75.41,0.0,92.0,0.6,7,107.247,-2.411,-745.721
2178.0,74.50,0.0,91.7,0.7,7,105.640,-2.351,-748.254
2178.0,73.16,0.0,92.6,1.4,7,103.250,-2.261,-751.985
2178.0,72.25,0.0,92.3,1.7,7,101.669,-2.202,-754.427
2192.6,70.92,0.0,92.8,2.1,7,99.316,-2.116,-758.022
2192.6,70.06,22.3,95.3,2.2,0,97.758,-2.064,-760.374
2192.6,68.66,0.0,91.7,1.2,6,95.437,-1.993,-763.831
2192.6,67.76,0.0,90.5,0.5,6,93.895,-1.941,-766.083
2206.4,66.46,0.0,92.4,0.7,6,91.592,-1.863,-769.389
2206.4,65.56,0.0,92.1,0.6,6,90.065,-1.814,-771.545
2206.4,64.23,0.0,91.2,1.3,6,87.790,-1.741,-774.707
2206.4,63.36,0.0,91.9,2.0,6,86.282,-1.692,-776.767
2219.2,62.06,0.0,91.8,1.9,0,84.036,-1.621,-779.788
2219.2,61.20,26.2,92.4,1.7,0,82.549,-1.575,-781.756
2219.2,59.89,0.0,91.5,1.3,5,80.335,-1.510,-784.639
2219.2,58.60,0.0,91.0,1.4,5,78.140,-1.446,-787.437
2231.1,57.74,0.0,90.8,1.8,5,76.686,-1.406,-789.256
2231.1,56.47,0.0,90.8,2.6,5,74.521,-1.347,-791.913
2231.1,55.62,0.0,91.3,3.0,5,73.087,-1.309,-793.638
2231.1,54.34,0.0,88.5,2.9,0,70.949,-1.255,-796.153
2242.1,53.55,24.2,81.9,2.4,0,69.532,-1.220,-797.782
2242.1,52.40,0.0,65.7,1.4,4,67.413,-1.166,-800.154
2242.1,51.76,0.0,44.7,0.5,4,66.003,-1.132,-801.688
2242.1,51.07,0.0,24.5,0.1,4,63.881,-1.080,-803.926
2252.4,50.74,0.0,18.4,1.4,4,62.453,-1.045,-805.378
2252.4,50.34,0.0,13.9,5.5,4,60.288,-0.994,-807.501
2252.4,50.11,0.0,11.7,8.0,4,58.830,-0.960,-808.883
2252.4,49.80,0.0,10.7,10.7,4,56.620,-0.907,-810.908
2262.4,49.60,0.0,9.2,11.5,4,55.133,-0.873,-812.227
2262.4,49.31,0.0,8.6,11.6,4,52.880,-0.821,-814.159
2262.4,49.03,0.0,7.6,11.2,4,50.600,-0.773,-816.031
2262.4,48.84,0.0,6.8,10.6,4,49.064,-0.741,-817.244
2272.2,48.58,0.0,3.4,10.2,4,46.733,-0.693,-819.008
2272.2,48.43,0.0,2.8,8.7,4,45.162,-0.660,-820.145
2272.2,48.21,0.0,3.1,8.0,4,42.780,-0.612,-821.798
2272.2,48.07,0.0,2.5,8.1,4,41.176,-0.580,-822.864
2282.0,47.87,0.5,0.1,8.6,4,38.748,-0.532,-824.410
2282.0,47.75,2.6,0.0,9.3,4,37.116,-0.499,-825.405
2282.0,47.59,2.0,0.0,10.2,4,34.646,-0.449,-826.847
2282.0,47.47,0.7,0.0,10.6,4,32.987,-0.416,-827.776
2292.0,47.30,2.0,0.0,10.6,4,30.481,-0.366,-829.117
2292.0,47.19,2.1,0.0,10.5,4,28.798,-0.333,-829.977
2292.0,47.02,3.8,0.0,12.7,4,26.257,-0.283,-831.214
2292.0,46.91,6.2,0.0,13.2,4,24.552,-0.250,-832.001
2302.0,46.77,16.2,0.0,15.0,4,21.976,-0.199,-833.125
2302.0,46.67,15.0,0.0,15.2,4,19.378,-0.147,-834.178
2302.0,46.58,8.8,0.0,17.1,4,17.636,-0.113,-834.842
2302.0,46.41,6.8,0.0,20.4,4,15.009,-0.066,-835.781
2311.8,46.30,9.4,0.0,21.7,4,13.249,-0.035,-836.366
2311.8,46.14,11.8,0.0,20.1,4,10.598,0.012,-837.176
2311.8,46.02,9.6,0.0,20.0,4,8.822,0.045,-837.671
2311.8,45.85,7.6,0.0,20.3,4,6.150,0.095,-838.346
2321.6,45.73,6.5,0.0,20.7,4,4.364,0.129,-838.752
2321.6,45.54,6.1,0.0,21.2,4,1.680,0.177,-839.296
2321.6,45.42,5.8,0.0,21.7,4,-0.111,0.209,-839.614
2321.6,45.22,2.2,0.0,23.1,4,-2.798,0.255,-840.026
2331.2,45.08,2.5,0.0,23.6,4,-4.589,0.285,-840.258
2331.2,44.86,1.9,0.0,22.7,4,-7.273,0.328,-840.540
2331.2,44.73,3.2,0.0,22.5,4,-9.058,0.356,-840.685
2331.2,44.52,0.8,0.1,22.4,4,-11.732,0.396,-840.839
2340.7,44.44,46.8,0.0,22.0,4,-14.398,0.434,-840.917
2340.7,44.52,70.0,0.0,21.8,4,-16.177,0.457,-840.928
2340.7,44.53,15.4,26.4,21.9,4,-18.850,0.491,-840.885
2340.7,44.26,0.0,34.4,22.8,4,-20.625,0.512,-840.817
2350.2,43.77,0.0,4.7,23.8,4,-23.261,0.540,-840.659
2350.2,43.62,15.0,0.0,23.5,4,-25.003,0.557,-840.516
2350.2,43.61,56.0,0.0,23.2,4,-27.604,0.580,-840.241
2350.2,43.73,78.3,0.0,23.2,4,-29.336,0.594,-840.019
2359.5,43.97,80.0,0.0,23.5,4,-31.937,0.612,-839.627
2359.5,44.10,68.0,0.0,23.9,4,-33.672,0.623,-839.325
2359.5,44.31,82.0,0.0,24.8,4,-36.273,0.640,-838.811
2359.5,44.47,81.8,0.0,25.2,4,-38.007,0.650,-838.428
2368.6,44.67,67.4,0.0,25.3,4,-40.604,0.666,-837.791
2368.6,44.79,72.8,0.0,25.5,4,-42.331,0.676,-837.327
2368.6,44.96,63.7,0.0,25.5,4,-44.914,0.691,-836.571
2378.2,45.12,74.5,0.0,25.9,4,-47.487,0.702,-835.744
2378.2,45.27,80.8,0.0,26.0,4,-49.195,0.709,-835.155
2378.2,45.48,73.4,0.0,25.3,4,-51.748,0.717,-834.209
2378.2,45.62,79.1,0.0,24.9,4,-53.442,0.723,-833.538
2387.7,45.83,71.2,0.0,24.5,4,-55.969,0.732,-832.471
2387.7,45.95,67.6,0.0,24.3,4,-57.644,0.736,-831.720
2387.7,46.12,68.2,0.0,24.1,4,-60.139,0.740,-830.537
2387.7,46.25,74.9,0.0,24.0,4,-61.791,0.740,-829.710
2397.4,46.46,74.2,0.0,23.6,4,-64.251,0.739,-828.412
2397.4,46.62,82.2,0.0,23.0,4,-65.877,0.738,-827.507
2397.4,46.88,83.2,0.0,22.2,4,-68.299,0.734,-826.093
2397.4,47.04,79.8,0.0,21.5,4,-69.900,0.730,-825.112
2407.0,47.29,82.9,0.0,20.2,4,-72.282,0.722,-823.584
2407.0,47.47,83.7,0.0,19.2,4,-73.855,0.715,-822.527
2407.0,47.73,83.9,0.0,17.4,4,-76.190,0.705,-820.884
2407.0,48.00,84.1,0.0,15.6,4,-78.495,0.694,-819.171
2416.6,48.18,82.2,0.0,14.4,4,-80.014,0.686,-817.992
2416.6,48.41,70.9,0.0,13.3,4,-82.265,0.671,-816.168
2416.6,48.54,69.9,0.0,13.2,4,-83.745,0.660,-814.916
2416.6,48.77,81.5,0.0,13.4,4,-85.935,0.642,-812.987
2426.3,48.96,84.6,0.0,13.4,4,-87.375,0.629,-811.666
2426.3,49.24,80.2,0.0,13.7,4,-89.507,0.607,-809.633
2426.3,49.40,78.4,0.0,13.9,4,-90.908,0.591,-808.246
2426.3,49.66,83.7,0.0,12.9,4,-92.979,0.564,-806.116
2436.0,49.85,85.3,0.0,12.1,4,-94.338,0.546,-804.662
2436.0,50.15,85.5,0.0,11.5,4,-96.343,0.518,-802.432
2436.0,50.33,85.6,0.0,11.7,4,-97.658,0.498,-800.914
2436.0,50.62,85.8,0.0,11.7,4,-99.598,0.466,-798.589
2445.7,50.81,85.8,0.0,11.7,4,-100.867,0.444,-797.008
2445.7,51.10,86.0,0.0,11.9,4,-102.736,0.410,-794.589
2445.7,51.39,86.2,0.0,12.0,4,-104.564,0.372,-792.117
2445.7,51.58,86.3,0.0,11.6,4,-105.758,0.345,-790.441
2455.7,51.87,86.4,0.0,11.1,4,-107.513,0.301,-787.882
2455.7,52.06,86.5,0.0,11.7,4,-108.658,0.270,-786.148
2455.7,52.35,86.7,0.0,9.7,4,-110.336,0.219,-783.504
2455.7,52.54,86.8,0.0,7.7,4,-111.428,0.183,-781.714
2466.0,52.83,86.9,0.0,7.0,4,-113.029,0.125,-778.989
2476.5,54.07,87.4,0.0,-2.8,4,-119.044,-0.152,-767.671
2476.5,54.39,87.5,0.0,-3.4,4,-120.487,-0.236,-764.756
2476.5,54.59,87.6,0.0,-2.7,4,-121.447,-0.290,-762.801
2487.5,54.92,87.7,0.0,-1.4,4,-122.895,-0.377,-759.856
2487.5,55.09,87.9,0.0,-1.2,4,-123.872,-0.438,-757.885
2487.5,55.43,87.9,0.0,-1.7,4,-125.356,-0.536,-754.922
2487.5,55.62,88.0,0.0,-2.2,4,-126.359,-0.604,-752.942
2498.7,55.94,88.1,0.0,-2.3,4,-127.884,-0.709,-749.965
2498.7,56.13,88.2,0.0,-2.3,4,-128.916,-0.779,-747.977
2498.7,56.43,88.3,0.0,-2.0,4,-130.489,-0.885,-744.991
2498.7,56.73,88.5,0.0,-1.7,4,-132.092,-0.987,-742.000
2510.3,56.94,88.6,0.0,-1.7,4,-133.176,-1.057,-740.004
2510.3,57.25,88.6,0.0,-2.0,4,-134.827,-1.167,-737.005
2510.3,57.45,88.7,0.0,-2.3,4,-135.943,-1.243,-735.002
2510.3,57.75,88.8,0.0,-2.3,4,-137.641,-1.361,-731.996
2522.0,57.95,88.9,0.0,-2.2,4,-138.789,-1.443,-729.989
2522.0,58.25,89.0,0.0,-2.0,4,-140.537,-1.571,-726.976
2522.0,58.45,89.1,0.0,-2.0,4,-141.718,-1.660,-724.965
2522.0,58.74,89.2,0.0,-2.2,4,-143.514,-1.802,-721.947
2533.8,58.94,89.2,0.0,-2.1,4,-144.728,-1.899,-719.933
2533.8,59.23,89.3,0.0,-1.9,4,-146.575,-2.047,-716.912
2533.8,59.42,89.4,0.0,-1.8,4,-147.823,-2.146,-714.896
2533.8,59.71,89.5,0.0,-1.7,4,-149.719,-2.295,-711.872
2545.7,59.90,89.6,0.0,-1.7,4,-150.999,-2.396,-709.854
2545.7,60.18,89.7,0.0,-1.4,4,-152.941,-2.545,-706.824
2545.7,60.36,89.7,0.0,-1.2,4,-154.251,-2.642,-704.803
2545.7,60.63,89.9,0.0,-1.2,4,-156.238,-2.782,-701.769
2557.9,60.91,89.9,0.0,-1.3,4,-158.248,-2.920,-698.731
2557.9,61.10,90.0,0.0,-1.3,0,-159.601,-3.012,-696.702
2557.9,61.07,88.8,0.0,-1.2,5,-161.645,-3.145,-693.664
2557.9,61.24,88.9,0.0,-1.2,5,-163.017,-3.231,-691.641
2570.2,61.48,89.0,0.0,-1.2,5,-165.093,-3.353,-688.604
2570.2,61.65,89.0,0.0,-1.2,5,-166.490,-3.427,-686.577
2570.2,61.89,89.1,0.0,-1.2,5,-168.603,-3.530,-683.535
2570.2,62.05,89.2,0.0,-1.2,5,-170.024,-3.593,-681.505
2582.6,62.30,89.3,0.0,-1.0,5,-172.173,-3.677,-678.458
2582.6,62.46,89.3,0.0,-0.9,5,-173.618,-3.726,-676.424
2582.6,62.69,89.4,0.0,-0.8,5,-175.804,-3.789,-673.373
2582.6,62.85,89.5,0.0,-0.8,5,-177.272,-3.823,-671.337
2595.2,63.08,89.5,0.0,-0.8,5,-179.490,-3.865,-668.279
2595.2,63.24,89.6,0.0,-0.8,5,-180.979,-3.888,-666.239
2595.2,63.47,89.7,0.0,-0.7,5,-183.228,-3.919,-663.174
2607.9,63.70,89.7,0.0,-0.7,5,-185.493,-3.945,-660.105
2607.9,63.85,89.8,0.0,-0.7,5,-187.013,-3.962,-658.057
2607.9,64.08,89.8,0.0,-0.7,5,-189.306,-3.985,-654.980
2607.9,64.22,89.9,0.0,-0.7,5,-190.843,-3.999,-652.926
2620.6,64.44,90.0,0.0,-0.6,5,-193.163,-4.016,-649.841
2620.6,64.59,90.0,0.0,-0.6,5,-194.718,-4.026,-647.782
2620.6,64.80,90.1,0.0,-0.6,5,-197.064,-4.037,-644.690
2620.6,64.95,90.1,0.0,-0.6,5,-198.636,-4.041,-642.626
2633.6,65.16,90.2,0.0,-0.5,5,-201.007,-4.045,-639.525
2633.6,65.30,90.3,0.0,-0.6,5,-202.596,-4.045,-637.456
2633.6,65.50,90.3,0.0,-0.6,5,-204.991,-4.041,-634.348
2633.6,65.64,90.4,0.0,-0.7,5,-206.595,-4.034,-632.274
2646.6,65.84,90.4,0.0,-0.8,5,-209.014,-4.017,-629.159
2646.6,65.98,90.5,0.0,-0.8,5,-210.635,-4.003,-627.080
2646.6,66.19,90.6,0.0,-1.0,5,-213.080,-3.981,-623.958
2646.6,66.38,90.6,0.0,-1.9,5,-215.542,-3.958,-620.835
2659.8,66.52,90.7,0.0,-2.1,5,-217.195,-3.942,-618.754
2659.8,66.71,90.7,0.0,-1.8,5,-219.693,-3.921,-615.635
2659.8,66.84,90.8,0.0,-0.9,5,-221.373,-3.907,-613.559
2659.8,67.04,90.8,0.0,-0.5,5,-223.913,-3.891,-610.448
2673.1,67.17,90.8,0.0,-0.6,5,-225.619,-3.884,-608.376
2673.1,67.37,90.9,0.0,-0.9,5,-228.193,-3.879,-605.268
2673.1,67.49,90.9,0.0,-0.8,5,-229.919,-3.878,-603.196
2673.1,67.42,8.5,32.1,-1.0,5,-232.520,-3.882,-600.090
2686.6,66.99,0.0,62.1,-0.9,5,-234.252,-3.888,-598.032
2686.6,65.98,0.0,81.7,-0.6,5,-236.830,-3.901,-594.983
2686.6,65.19,0.0,86.2,-0.2,5,-238.530,-3.913,-592.983
2686.6,63.96,0.0,90.3,0.2,5,-241.047,-3.935,-590.034
2699.7,63.11,0.0,90.9,0.4,5,-242.702,-3.952,-588.104
2699.7,61.84,0.0,91.3,0.2,5,-245.149,-3.983,-585.262
2699.7,60.55,0.0,91.0,-0.2,5,-247.551,-4.018,-582.482
2699.7,59.70,0.0,90.8,-0.4,5,-249.127,-4.044,-580.663
2712.0,58.43,0.0,90.8,-0.3,5,-251.455,-4.083,-577.988
2712.0,57.59,0.0,90.9,-0.0,5,-252.982,-4.109,-576.238
2712.0,56.34,0.0,91.2,0.2,5,-255.235,-4.148,-573.665
2712.0,55.50,0.0,91.1,0.3,5,-256.713,-4.174,-571.984
2723.3,54.25,0.0,91.0,0.2,5,-258.891,-4.212,-569.512
2723.3,53.43,32.5,91.7,-0.2,0,-260.319,-4.238,-567.897
2723.3,52.19,0.0,91.8,-0.5,4,-262.423,-4.278,-565.524
2723.3,51.36,0.0,91.6,-0.8,4,-263.800,-4.304,-563.975
2733.9,50.13,0.0,91.4,-1.2,4,-265.830,-4.345,-561.702
2733.9,49.31,0.0,91.4,-1.7,4,-267.159,-4.373,-560.221
2733.9,48.06,0.0,90.4,-2.0,4,-269.118,-4.414,-558.051
2733.9,47.24,0.0,90.5,-2.3,4,-270.401,-4.439,-556.639
2743.6,46.03,0.0,90.8,-2.4,4,-272.294,-4.475,-554.576
2743.6,44.82,0.0,91.4,-2.1,0,-274.150,-4.509,-552.577
2743.6,44.03,34.7,91.8,-2.0,0,-275.368,-4.531,-551.282
2743.6,42.81,0.0,92.7,-2.3,3,-277.167,-4.563,-549.394
2752.4,42.01,0.0,92.4,-2.4,3,-278.347,-4.585,-548.173
2752.4,40.79,0.0,91.7,-1.9,3,-280.087,-4.616,-546.398
2752.4,39.97,0.0,90.3,-1.5,3,-281.228,-4.635,-545.253
2752.4,38.79,0.0,87.5,-0.1,3,-282.914,-4.663,-543.594
2760.5,38.02,0.0,81.0,0.2,0,-284.021,-4.681,-542.527
2760.5,37.01,0.0,74.2,0.5,2,-285.660,-4.706,-540.983
2760.5,36.33,0.0,71.6,1.8,2,-286.742,-4.723,-539.990
2760.5,35.35,0.0,67.8,-0.5,2,-288.346,-4.748,-538.556
2767.8,34.71,0.0,65.7,-1.5,2,-289.405,-4.764,-537.637
2767.8,33.79,0.0,66.4,-2.7,2,-290.979,-4.787,-536.314
2767.8,32.86,0.0,67.5,-3.9,2,-292.536,-4.809,-535.056
2767.8,32.24,0.0,67.6,-4.8,2,-293.563,-4.823,-534.255
2774.4,31.33,0.0,60.8,-5.8,2,-295.088,-4.843,-533.106
2774.4,30.77,0.0,54.4,-7.4,2,-296.093,-4.856,-532.375
2774.4,30.00,0.0,47.7,-4.1,2,-297.590,-4.873,-531.332
2774.4,29.54,0.0,45.6,-6.0,2,-298.579,-4.884,-530.668
2780.4,28.92,37.4,43.5,-13.3,0,-300.054,-4.899,-529.718
2780.4,28.50,0.0,42.1,-16.9,1,-301.032,-4.908,-529.115
2780.4,27.87,0.0,42.2,-13.2,1,-302.491,-4.921,-528.258
2780.4,27.45,0.0,40.6,-10.8,1,-303.457,-4.928,-527.716
2785.8,26.86,0.0,35.7,-8.9,1,-304.893,-4.938,-526.944
2785.8,26.50,0.0,32.1,-8.5,1,-305.841,-4.945,-526.454
2785.8,26.00,0.0,30.5,-9.5,1,-307.253,-4.953,-525.754
2791.0,25.54,0.0,23.7,-17.3,1,-308.652,-4.961,-525.093
2791.0,25.27,0.0,21.7,-21.7,1,-309.580,-4.965,-524.678
2791.0,24.89,0.0,18.7,-25.1,1,-310.969,-4.970,-524.098
2791.0,24.66,0.0,15.8,-25.7,1,-311.894,-4.971,-523.741
2796.5,24.35,0.0,14.9,-26.3,1,-313.280,-4.973,-523.250
2796.5,24.14,0.0,14.6,-24.9,1,-314.204,-4.973,-522.954
2796.5,23.84,0.0,10.9,-24.3,1,-315.588,-4.971,-522.557
2796.5,23.67,0.0,9.9,-24.9,1,-316.509,-4.969,-522.322
2802.4,23.42,0.0,9.5,-28.8,1,-317.889,-4.964,-522.018
2802.4,23.25,0.0,2.8,-33.3,1,-318.807,-4.958,-521.848
2802.4,23.12,26.3,0.0,-34.1,1,-320.181,-4.948,-521.643
2802.4,23.23,43.8,0.0,-33.1,1,-321.102,-4.941,-521.538
2808.2,23.51,34.9,0.0,-29.0,1,-322.499,-4.930,-521.424
2808.2,23.63,56.1,0.0,-26.4,1,-323.440,-4.925,-521.374
2808.2,23.87,20.3,0.8,-16.2,1,-324.863,-4.925,-521.333
2808.2,23.77,0.0,11.9,-18.0,1,-326.294,-4.929,-521.340
2814.6,23.60,0.0,8.8,-19.4,1,-327.241,-4.933,-521.376
2814.6,23.28,0.2,0.7,-21.4,1,-328.643,-4.930,-521.487
2814.6,23.17,3.9,0.0,-21.4,1,-329.565,-4.924,-521.600
2814.6,23.06,7.2,0.0,-22.7,1,-330.934,-4.913,-521.821
2819.5,23.01,10.9,0.0,-25.1,1,-331.838,-4.906,-521.999
2819.5,23.06,33.6,0.0,-29.7,1,-333.184,-4.898,-522.311
2819.5,23.19,45.4,0.0,-31.2,1,-334.077,-4.891,-522.549
2819.5,23.49,57.6,0.0,-32.1,1,-335.417,-4.881,-522.949
2824.1,23.70,57.2,0.0,-32.7,1,-336.313,-4.872,-523.245
2824.1,24.16,79.5,0.0,-32.7,1,-337.661,-4.858,-523.734
2824.1,24.50,70.9,0.0,-31.4,1,-338.566,-4.848,-524.090
2824.1,24.89,60.1,0.0,-27.6,1,-339.928,-4.830,-524.672
2829.1,25.15,59.7,0.0,-25.7,1,-340.835,-4.817,-525.094
2829.1,25.52,62.1,0.0,-23.6,1,-342.192,-4.797,-525.776
2829.1,25.88,55.6,0.0,-19.5,1,-343.543,-4.775,-526.517
2829.1,26.12,56.5,0.0,-15.6,1,-344.440,-4.761,-527.043
2834.3,26.53,68.2,0.0,-8.9,1,-345.778,-4.739,-527.880
2834.3,26.85,72.5,0.0,-3.4,1,-346.669,-4.724,-528.467
2834.3,27.40,79.3,0.0,3.9,1,-348.009,-4.702,-529.387
2834.3,27.81,81.7,0.0,6.2,1,-348.911,-4.687,-530.023
2839.7,28.44,75.5,0.0,9.5,1,-350.282,-4.665,-531.006
2839.7,28.77,59.3,0.0,10.7,1,-351.212,-4.649,-531.672
2839.7,29.05,38.9,0.0,12.4,1,-352.630,-4.626,-532.671
2839.7,29.15,32.2,0.0,11.4,1,-353.590,-4.611,-533.328
2845.4,29.32,35.0,0.0,10.6,1,-355.052,-4.589,-534.297
2845.4,29.44,35.9,0.0,11.2,1,-356.040,-4.575,-534.932
2845.4,29.62,38.6,0.0,16.9,1,-357.545,-4.556,-535.866
2845.4,29.75,39.2,0.0,20.3,1,-358.565,-4.544,-536.473
2851.4,29.89,29.9,0.0,23.8,1,-360.122,-4.528,-537.355
2851.4,29.93,21.3,0.0,25.8,1,-361.708,-4.513,-538.194
2851.4,29.93,21.5,0.0,26.2,1,-362.781,-4.504,-538.725
2851.4,29.94,19.1,0.0,25.5,1,-364.412,-4.493,-539.479
2857.4,29.91,13.0,0.0,26.0,1,-365.513,-4.487,-539.949
2857.4,29.82,14.1,0.0,27.6,1,-367.180,-4.479,-540.606
2857.4,29.77,13.1,0.0,28.8,1,-368.301,-4.474,-541.010
2857.4,29.67,7.2,0.0,29.2,1,-369.997,-4.468,-541.563
2863.7,29.58,10.1,0.0,30.1,1,-371.133,-4.467,-541.898
2863.7,29.60,36.5,0.0,32.3,1,-372.849,-4.467,-542.349
2863.7,29.70,46.7,0.0,32.8,1,-374.004,-4.468,-542.617
2863.7,30.00,65.3,0.0,33.1,1,-375.758,-4.472,-542.974
2871.1,30.24,72.9,0.0,31.8,1,-376.945,-4.474,-543.180
2871.1,30.63,56.3,0.0,27.9,1,-378.752,-4.476,-543.440
2871.1,30.77,71.5,0.0,25.8,1,-379.972,-4.474,-543.576
2871.1,31.04,40.9,0.0,15.0,1,-381.820,-4.472,-543.728
2878.1,31.14,16.5,0.0,4.5,1,-383.686,-4.476,-543.825
2878.1,31.10,17.4,0.0,1.4,1,-384.930,-4.480,-543.854
2878.1,31.02,13.1,0.0,-14.8,1,-386.794,-4.489,-543.845
2878.1,30.95,12.9,0.0,-21.8,1,-388.033,-4.493,-543.801
2886.1,30.86,18.2,0.0,-12.8,1,-389.883,-4.495,-543.685
2886.1,30.91,43.3,0.0,-4.1,1,-391.113,-4.496,-543.573
2886.1,31.21,55.4,0.0,11.1,1,-392.962,-4.498,-543.349
2886.1,31.44,55.3,0.0,20.6,1,-394.201,-4.499,-543.165
2892.9,31.76,57.8,0.0,30.5,1,-396.069,-4.501,-542.846
2892.9,31.97,59.1,0.0,33.8,1,-397.320,-4.501,-542.604
2892.9,32.28,61.2,0.0,34.8,1,-399.204,-4.501,-542.196
2892.9,32.50,64.0,0.0,33.5,1,-400.462,-4.502,-541.891
2899.8,32.84,57.6,0.0,30.4,1,-402.354,-4.507,-541.381
2906.0,33.19,15.7,0.0,20.5,1,-409.835,-4.562,-538.701
2906.0,33.15,37.9,0.0,18.7,1,-411.644,-4.585,-537.874
2906.0,33.20,34.9,0.0,20.4,1,-412.834,-4.601,-537.288
2912.3,33.29,44.2,0.0,18.3,1,-414.597,-4.628,-536.357
2912.3,33.39,48.4,0.0,18.7,1,-415.758,-4.647,-535.702
2912.3,33.61,54.6,0.0,22.3,1,-417.479,-4.676,-534.666
2918.7,33.88,61.6,0.0,24.8,1,-419.177,-4.705,-533.564
2918.7,34.08,63.6,0.0,23.9,1,-420.296,-4.724,-532.793
2918.7,34.44,76.4,0.0,23.4,0,-421.957,-4.752,-531.584
2918.7,34.42,0.0,0.0,22.4,0,-423.048,-4.770,-530.743
2925.2,34.68,77.2,0.0,21.8,2,-424.652,-4.797,-529.436
2925.2,34.98,83.3,0.0,22.2,2,-425.708,-4.813,-528.529
2925.2,35.47,84.6,0.0,18.5,2,-427.277,-4.835,-527.114
2925.2,35.80,84.7,0.0,17.0,2,-428.312,-4.850,-526.135
2932.1,36.21,82.3,0.0,13.8,2,-429.847,-4.870,-524.615
2932.1,36.50,66.9,0.0,8.1,2,-430.857,-4.885,-523.570
2932.1,36.94,84.5,0.0,1.7,2,-432.351,-4.906,-521.953
2932.1,37.24,85.3,0.0,-2.4,2,-433.334,-4.918,-520.843
2939.4,37.67,80.9,0.0,-5.6,2,-434.793,-4.934,-519.136
2939.4,37.98,84.9,0.0,-5.5,2,-435.760,-4.947,-517.973
2939.4,38.52,85.4,0.0,-1.8,2,-437.207,-4.965,-516.192
2939.4,39.03,85.4,0.0,4.1,2,-438.654,-4.984,-514.370
2946.9,39.37,84.4,0.0,7.0,2,-439.621,-4.998,-513.135
2946.9,39.85,79.7,0.0,9.3,2,-441.069,-5.016,-511.252
2946.9,40.11,78.7,0.0,9.3,2,-442.030,-5.026,-509.974
2946.9,40.53,83.5,0.0,7.4,2,-443.460,-5.042,-508.024
2954.7,40.80,85.8,0.0,5.9,2,-444.402,-5.052,-506.698
2954.7,41.25,86.1,0.0,4.2,2,-445.796,-5.065,-504.669
2954.7,41.53,86.1,0.0,3.8,0,-446.711,-5.072,-503.290
2954.7,41.56,84.0,0.0,3.0,3,-448.053,-5.082,-501.189
2962.8,41.79,84.3,0.0,3.7,3,-448.926,-5.087,-499.769
2962.8,42.19,84.6,0.0,5.1,3,-450.209,-5.093,-497.603
2962.8,42.44,84.7,0.0,7.2,3,-451.049,-5.095,-496.134
2962.8,42.84,84.6,0.0,9.8,3,-452.285,-5.098,-493.894
2979.4,44.65,85.1,0.0,7.8,3,-457.606,-5.133,-482.871
2979.4,44.91,85.1,0.0,8.9,3,-458.292,-5.142,-481.217
2979.4,45.30,85.2,0.0,10.1,3,-459.283,-5.158,-478.700
2979.4,45.55,85.2,0.0,10.8,3,-459.918,-5.171,-476.999
2988.2,45.92,85.3,0.0,11.6,3,-460.833,-5.194,-474.412
2988.2,46.17,85.4,0.0,11.5,3,-461.418,-5.211,-472.666
2988.2,46.55,85.4,0.0,11.0,3,-462.253,-5.240,-470.014
2988.2,46.78,85.5,0.0,10.9,3,-462.782,-5.260,-468.225
2997.1,47.15,85.6,0.0,10.5,3,-463.532,-5.294,-465.510
2997.1,47.51,85.6,0.0,10.4,3,-464.229,-5.330,-462.758
2997.1,47.75,85.7,0.0,10.7,3,-464.663,-5.356,-460.904
3006.4,48.10,85.8,0.0,10.9,3,-465.267,-5.396,-458.094
3016.0,49.47,86.0,0.0,12.1,3,-467.074,-5.561,-446.534
3016.0,49.79,86.1,0.0,14.0,3,-467.367,-5.601,-443.572
3016.0,50.01,86.2,0.0,15.5,3,-467.596,-5.641,-440.584
3025.8,50.33,86.2,0.0,16.1,3,-467.712,-5.667,-438.579
3025.8,50.38,0.0,0.0,16.6,0,-467.828,-5.706,-435.557
3025.8,50.45,84.3,0.0,16.3,4,-467.865,-5.732,-433.542
3025.8,50.73,84.3,0.0,15.7,4,-467.860,-5.770,-430.508
3035.8,50.90,84.4,0.0,15.3,4,-467.814,-5.795,-428.476
3035.8,51.17,84.4,0.0,15.1,4,-467.681,-5.831,-425.418
3035.8,51.34,84.6,0.0,14.6,4,-467.550,-5.853,-423.372
3035.8,51.59,84.8,0.0,13.3,4,-467.286,-5.885,-420.297
3046.4,51.76,84.9,0.0,12.8,4,-467.065,-5.904,-418.242
3046.4,52.03,85.0,0.0,11.8,4,-466.666,-5.930,-415.154
3046.4,52.20,85.1,0.0,11.5,4,-466.356,-5.946,-413.093
3046.4,52.47,85.3,0.0,11.5,4,-465.827,-5.968,-409.998
3057.5,52.66,85.4,0.0,12.2,4,-465.434,-5.983,-407.933
3057.5,52.93,85.6,0.0,13.5,4,-464.786,-6.009,-404.833
3057.5,53.21,85.6,0.0,14.4,4,-464.072,-6.040,-401.731
3057.5,53.38,85.8,0.0,14.6,4,-463.557,-6.061,-399.662
3068.6,53.65,85.9,0.0,13.9,4,-462.724,-6.093,-396.562
3068.6,53.82,86.0,0.0,13.0,4,-462.126,-6.112,-394.498
3068.6,54.08,86.2,0.0,11.1,4,-461.165,-6.136,-391.408
3068.6,54.25,86.3,0.0,10.0,4,-460.481,-6.150,-389.353
3079.6,54.52,86.4,0.0,10.0,4,-459.395,-6.170,-386.276
3079.6,54.69,86.5,0.0,9.8,4,-458.631,-6.184,-384.230
3079.6,54.96,86.6,0.0,10.0,4,-457.425,-6.205,-381.171
3079.6,55.13,86.7,0.0,10.2,4,-456.580,-6.217,-379.138
3090.4,55.39,86.8,0.0,10.0,4,-455.251,-6.231,-376.102
3090.4,55.55,86.9,0.0,10.1,4,-454.324,-6.237,-374.086
3090.4,55.82,87.1,0.0,9.1,4,-452.875,-6.245,-371.076
3090.4,56.00,87.1,0.0,7.5,4,-451.874,-6.252,-369.076
3101.4,56.27,87.3,0.0,5.4,4,-450.321,-6.264,-366.089
3101.4,56.54,87.4,0.0,4.2,4,-448.707,-6.278,-363.115
3101.4,56.72,87.4,0.0,4.0,4,-447.598,-6.286,-361.140
3101.4,57.00,87.6,0.0,4.5,4,-445.891,-6.297,-358.187
3112.6,57.19,87.6,0.0,4.7,4,-444.725,-6.305,-356.223
3112.6,57.46,87.8,0.0,4.6,4,-442.938,-6.315,-353.285
3112.6,57.64,87.8,0.0,4.5,4,-441.721,-6.320,-351.332
3112.6,57.92,88.0,0.0,4.8,4,-439.858,-6.327,-348.409
3124.0,58.09,88.0,0.0,4.5,4,-438.591,-6.331,-346.466
3124.0,58.36,88.1,0.0,4.0,4,-436.655,-6.341,-343.558
3124.0,58.55,88.2,0.0,3.6,4,-435.339,-6.346,-341.625
3124.0,58.80,88.4,0.0,2.7,4,-433.326,-6.350,-338.738
3135.6,58.98,88.5,0.0,2.5,4,-431.959,-6.349,-336.820
3135.6,59.26,88.6,0.0,0.8,4,-429.875,-6.346,-333.951
3135.6,59.44,88.7,0.0,0.4,4,-428.464,-6.345,-332.042
3135.6,59.71,88.7,0.0,0.0,4,-426.318,-6.340,-329.183
3147.5,59.85,88.9,0.0,0.2,4,-424.871,-6.332,-327.280
3147.5,60.16,88.9,0.0,0.1,4,-422.682,-6.319,-324.422
3147.5,60.40,89.1,0.0,0.2,4,-420.475,-6.308,-321.557
3147.5,60.56,89.2,0.0,0.7,0,-418.996,-6.300,-319.643
3159.5,60.54,87.9,0.0,1.1,5,-416.772,-6.288,-316.770
3159.5,60.68,87.9,0.0,1.0,5,-415.287,-6.280,-314.855
3159.5,60.94,88.0,0.0,-0.2,5,-413.047,-6.268,-311.975
3159.5,61.09,88.1,0.0,-1.2,5,-411.548,-6.259,-310.051
3171.8,61.32,88.2,0.0,-1.6,5,-409.292,-6.243,-307.153
3171.8,61.50,88.2,0.0,-1.3,5,-407.787,-6.236,-305.213
3171.8,61.72,88.3,0.0,-0.1,5,-405.530,-6.223,-302.286
3171.8,61.88,88.4,0.0,0.0,5,-404.026,-6.212,-300.325
3184.1,62.10,88.5,0.0,-0.0,5,-401.768,-6.194,-297.370
3184.1,62.26,88.5,0.0,-0.1,5,-400.261,-6.182,-295.392
3184.1,62.49,88.6,0.0,-0.5,5,-397.996,-6.163,-292.413
3196.5,62.71,88.7,0.0,-0.5,5,-395.726,-6.144,-289.421
3196.5,62.86,88.8,0.0,-0.1,5,-394.210,-6.131,-287.419
3196.5,63.08,88.9,0.0,-0.2,5,-391.933,-6.109,-284.405
3196.5,63.23,89.0,0.0,0.3,5,-390.413,-6.094,-282.388
3209.1,63.45,89.0,0.0,0.2,5,-388.127,-6.073,-279.352
3209.1,63.60,89.1,0.0,-0.4,5,-386.599,-6.059,-277.322
3209.1,63.81,89.2,0.0,-0.8,5,-384.302,-6.035,-274.268
3209.1,63.96,89.2,0.0,-0.7,5,-382.768,-6.019,-272.225
3221.9,64.17,89.3,0.0,-0.4,5,-380.463,-5.993,-269.148
3221.9,64.32,89.4,0.0,-0.1,5,-378.926,-5.975,-267.090
3221.9,64.53,89.5,0.0,-0.2,5,-376.618,-5.948,-263.990
3221.9,64.67,89.5,0.0,-0.1,5,-375.077,-5.930,-261.915
3234.8,64.88,89.6,0.0,-0.2,5,-372.763,-5.903,-258.793
3234.8,65.02,89.6,0.0,-0.1,5,-371.218,-5.884,-256.705
3234.8,65.22,89.7,0.0,0.0,5,-368.896,-5.852,-253.563
3234.8,65.43,89.8,0.0,0.2,5,-366.569,-5.816,-250.409
3247.8,65.57,89.8,0.0,0.3,5,-365.014,-5.792,-248.301
3247.8,65.77,89.9,0.0,0.3,5,-362.674,-5.754,-245.132
3247.8,65.90,90.0,0.0,0.2,5,-361.109,-5.728,-243.015
3247.8,66.10,90.0,0.0,0.2,5,-358.753,-5.685,-239.832
3261.0,66.23,90.1,0.0,0.2,5,-357.177,-5.655,-237.707
3274.3,67.26,90.4,0.0,-0.1,5,-344.410,-5.433,-220.585
3274.3,67.39,90.5,0.0,-0.2,5,-342.797,-5.405,-218.428
3287.8,67.58,90.6,0.0,-0.3,5,-340.371,-5.361,-215.187
3287.8,67.70,90.6,0.0,0.0,5,-338.751,-5.331,-213.021
3287.8,67.89,90.7,0.0,-0.1,5,-336.315,-5.285,-209.764
3287.8,68.02,90.7,0.0,-0.0,5,-334.689,-5.253,-207.587
3301.3,68.20,90.8,0.0,0.0,5,-332.244,-5.206,-204.313
3301.3,68.39,90.8,0.0,-0.3,5,-329.794,-5.158,-201.029
3301.3,68.50,90.9,0.0,-0.4,5,-328.157,-5.125,-198.835
3301.3,68.68,90.9,0.0,-0.0,5,-325.699,-5.073,-195.536
3315.0,68.80,91.0,0.0,-0.1,5,-324.057,-5.037,-193.331
3315.0,68.97,91.0,0.0,0.1,5,-321.590,-4.981,-190.016
3315.0,69.09,91.1,0.0,0.1,5,-319.943,-4.943,-187.801
3315.0,69.26,91.1,0.0,0.1,5,-317.467,-4.888,-184.470
3328.8,69.38,91.2,0.0,0.1,5,-315.813,-4.851,-182.245
3328.8,69.55,91.2,0.0,0.3,5,-313.326,-4.795,-178.901
3328.8,69.66,91.3,0.0,0.1,5,-311.665,-4.758,-176.668
3328.8,69.83,91.3,0.0,0.1,5,-309.166,-4.702,-173.311
3342.8,69.94,91.4,0.0,0.4,5,-307.496,-4.665,-171.070
3342.8,70.11,91.4,0.0,-0.0,5,-304.985,-4.609,-167.703
3342.8,70.22,91.4,0.0,-0.2,5,-303.306,-4.571,-165.454
3342.8,70.38,91.5,0.0,-0.1,5,-300.783,-4.513,-162.076
3356.8,70.54,91.6,0.0,-0.1,5,-298.253,-4.454,-158.690
3356.8,70.64,91.6,0.0,-0.2,5,-296.564,-4.415,-156.428
3356.8,70.62,0.0,0.0,-0.4,0,-294.029,-4.355,-153.030
3356.8,70.65,90.7,0.0,-0.3,6,-292.341,-4.315,-150.765
3370.9,70.80,90.8,0.0,-0.3,6,-289.808,-4.255,-147.361
3370.9,70.90,90.8,0.0,0.2,6,-288.119,-4.214,-145.087
3370.9,71.05,90.9,0.0,0.1,6,-285.583,-4.153,-141.667
3370.9,71.15,90.9,0.0,-0.2,6,-283.890,-4.113,-139.382
3385.1,71.30,90.9,0.0,0.1,6,-281.348,-4.055,-135.948
3385.1,71.39,91.0,0.0,-0.1,6,-279.650,-4.016,-133.655
3385.1,71.53,91.0,0.0,-0.2,6,-277.100,-3.956,-130.209
3385.1,71.63,91.0,0.0,-0.2,6,-275.397,-3.915,-127.908
3399.4,71.77,91.1,0.0,0.6,6,-272.839,-3.854,-124.450
3399.4,71.87,91.1,0.0,0.6,6,-271.130,-3.813,-122.141
3399.4,72.01,91.2,0.0,0.4,6,-268.559,-3.751,-118.675
3413.8,72.16,91.2,0.0,-0.1,6,-265.978,-3.688,-115.205
3413.8,72.25,91.2,0.0,0.2,6,-264.251,-3.647,-112.890
3413.8,72.39,91.3,0.0,-0.5,6,-261.654,-3.584,-109.415
3413.8,72.48,91.3,0.0,-0.9,6,-259.918,-3.542,-107.096
3428.3,72.62,91.4,0.0,-1.0,6,-257.314,-3.475,-103.609
3428.3,72.71,91.4,0.0,-0.7,6,-255.579,-3.430,-101.278
3428.3,72.84,91.4,0.0,-0.3,6,-252.981,-3.363,-97.769
3428.3,72.94,91.5,0.0,-0.4,6,-251.252,-3.317,-95.422
3442.9,73.07,91.5,0.0,-0.5,6,-248.663,-3.251,-91.890
3442.9,73.16,91.5,0.0,-0.5,6,-246.939,-3.207,-89.529
3442.9,73.29,91.6,0.0,-0.4,6,-244.355,-3.143,-85.976
3442.9,73.38,91.6,0.0,-0.0,6,-242.634,-3.100,-83.601
3457.5,73.51,91.6,0.0,0.7,6,-240.054,-3.036,-80.030
3457.5,73.60,91.6,0.0,1.2,6,-238.332,-2.995,-77.644
3457.5,73.73,91.7,0.0,0.8,6,-235.743,-2.931,-74.063
3457.5,73.86,91.7,0.0,0.9,6,-233.141,-2.867,-70.481
3472.3,73.94,91.7,0.0,1.6,6,-231.399,-2.824,-68.094
3472.3,74.06,89.8,0.0,2.6,6,-228.771,-2.759,-64.516
3472.3,74.11,72.0,3.3,3.1,6,-227.006,-2.713,-62.136
3472.3,73.67,0.0,72.5,3.5,6,-224.341,-2.644,-58.586
3487.1,72.92,0.0,83.9,3.1,6,-222.564,-2.598,-56.252
3487.1,71.66,0.0,76.2,2.7,6,-219.909,-2.528,-52.820
3487.1,70.90,0.0,60.5,2.4,6,-218.144,-2.481,-50.580
3487.1,69.99,0.0,43.2,2.7,6,-215.494,-2.413,-47.286
3501.3,69.48,0.0,33.9,4.1,6,-213.721,-2.369,-45.132
3501.3,68.87,0.0,20.4,4.5,6,-211.042,-2.303,-41.962
3501.3,68.56,0.0,10.9,3.2,6,-209.240,-2.260,-39.887
3501.3,68.23,0.0,1.8,4.7,6,-206.509,-2.195,-36.824
3514.9,67.99,9.8,0.0,4.2,6,-203.739,-2.129,-33.820
3514.9,67.88,16.7,0.0,4.3,6,-201.871,-2.085,-31.848
3514.9,67.71,13.9,0.0,6.0,6,-199.036,-2.019,-28.931
3514.9,67.57,6.7,24.5,7.0,6,-197.125,-1.976,-27.015
3528.3,67.08,0.0,85.6,6.8,6,-194.233,-1.911,-24.193
3528.3,66.37,0.0,48.9,6.4,6,-192.296,-1.867,-22.354
3528.3,65.79,47.2,0.8,5.1,6,-189.384,-1.800,-19.670
3528.3,65.83,87.9,0.0,5.1,6,-187.421,-1.755,-17.918
3541.3,65.97,87.9,0.0,7.3,6,-184.430,-1.693,-15.333
3541.3,66.05,88.0,0.0,9.9,6,-182.408,-1.657,-13.636
3541.3,66.13,65.0,0.0,13.2,6,-179.333,-1.611,-11.131
3541.3,66.13,61.3,0.0,14.7,6,-177.257,-1.585,-9.492
3554.6,66.19,86.1,0.0,15.9,6,-174.104,-1.554,-7.083
3554.6,66.24,88.3,0.0,15.8,6,-171.972,-1.537,-5.512
3554.6,66.32,88.4,0.0,15.0,6,-168.725,-1.513,-3.215
3554.6,66.39,88.4,0.0,15.2,6,-165.419,-1.486,-0.996
3568.0,66.44,88.5,0.0,15.8,6,-163.183,-1.466,0.437
3568.0,66.46,66.6,0.0,17.4,6,-159.780,-1.431,2.514
3568.0,66.40,53.0,0.0,18.4,6,-157.482,-1.405,3.849
3568.0,66.37,67.9,0.0,21.1,6,-154.000,-1.368,5.782
3582.0,66.37,75.7,0.0,23.4,6,-151.656,-1.347,7.027
3582.0,66.33,54.3,0.0,25.9,6,-148.104,-1.317,8.827
3582.0,66.25,45.0,0.0,27.5,6,-145.715,-1.296,9.977
3582.0,66.08,32.7,0.0,29.2,6,-142.103,-1.263,11.626
3596.2,65.95,33.4,0.0,29.9,6,-139.679,-1.240,12.673
3596.2,65.75,27.2,0.0,30.5,6,-136.019,-1.202,14.164
3596.2,65.60,28.8,0.0,30.9,6,-133.566,-1.177,15.105
3596.2,65.39,26.4,0.0,31.4,6,-129.868,-1.139,16.436
3609.9,65.15,14.6,0.0,32.4,6,-126.152,-1.103,17.672
3609.9,64.96,12.3,0.0,33.1,6,-123.667,-1.081,18.444
3609.9,64.66,12.3,0.0,33.5,6,-119.929,-1.048,19.517
3609.9,64.47,12.2,0.0,33.9,6,-117.432,-1.026,20.177
3622.9,64.18,12.2,0.0,35.0,6,-113.681,-0.993,21.087
3622.9,63.98,12.1,0.0,35.5,6,-111.178,-0.972,21.639
3622.9,63.68,12.1,0.0,36.0,6,-107.420,-0.938,22.381
3622.9,63.49,12.0,0.0,36.5,6,-104.915,-0.913,22.821
3635.5,63.20,12.0,0.0,37.3,6,-101.158,-0.877,23.400
3635.5,63.01,11.9,0.0,37.9,6,-98.656,-0.852,23.733
3635.5,62.71,11.9,0.0,36.8,6,-94.907,-0.813,24.150
3635.5,62.52,11.8,0.0,35.5,6,-92.412,-0.784,24.373
3647.8,62.25,11.8,0.0,33.3,6,-88.677,-0.741,24.627
3647.8,61.98,17.2,0.0,30.7,6,-84.954,-0.698,24.786
3647.8,61.83,24.2,0.0,28.4,6,-82.478,-0.669,24.839
3659.8,61.63,30.9,0.0,26.7,6,-78.775,-0.625,24.838
3659.8,61.52,36.3,0.0,25.4,6,-76.312,-0.594,24.784
3659.8,61.38,41.9,0.0,23.1,6,-72.629,-0.548,24.624
3659.8,61.33,49.7,0.0,19.3,6,-70.179,-0.520,24.470
3672.1,61.31,83.7,0.0,17.1,6,-66.514,-0.475,24.161
3672.1,61.38,87.9,0.0,14.9,6,-64.074,-0.445,23.905
3672.1,61.48,88.2,0.0,11.0,6,-60.418,-0.401,23.449
3672.1,61.52,88.5,0.0,9.1,6,-57.985,-0.363,23.091
3684.3,61.64,88.6,0.0,4.5,6,-54.341,-0.303,22.484
3684.3,61.74,88.8,0.0,-0.9,6,-50.703,-0.244,21.805
3684.3,61.77,89.2,0.0,-6.2,6,-48.280,-0.216,21.327
3684.3,61.90,38.2,0.0,-12.7,6,-44.649,-0.184,20.572
3696.5,61.95,55.5,0.0,-13.2,6,-42.229,-0.164,20.046
3696.5,62.09,88.5,0.0,-6.3,6,-38.598,-0.130,19.236
3696.5,62.20,87.7,0.0,-2.1,6,-36.170,-0.105,18.706
3696.5,62.36,88.9,0.0,1.0,6,-32.511,-0.067,17.950
3709.0,62.48,88.9,0.0,0.7,6,-30.061,-0.043,17.471
3709.0,62.67,89.0,0.0,-2.2,6,-26.371,-0.011,16.784
3709.0,62.78,89.1,0.0,-4.2,6,-23.901,0.007,16.343
3709.0,62.94,89.2,0.0,-5.8,6,-20.183,0.030,15.706
3721.6,63.08,89.1,0.0,-5.4,6,-17.695,0.043,15.302
3721.6,63.24,89.2,0.0,-4.8,6,-13.949,0.064,14.732
3721.6,63.35,89.3,0.0,-4.7,6,-11.442,0.080,14.381
3721.6,63.52,89.4,0.0,-4.9,6,-7.668,0.105,13.900
3734.4,63.68,89.4,0.0,-5.4,6,-3.877,0.130,13.474
3734.4,63.78,89.5,0.0,-6.1,6,-1.340,0.148,13.223
3734.4,63.93,89.6,0.0,-7.9,6,2.477,0.179,12.900
3734.4,64.03,89.6,0.0,-8.8,6,5.030,0.201,12.722
3747.3,64.17,89.6,0.0,-9.0,6,8.869,0.239,12.515
3747.3,64.26,89.7,0.0,-8.9,6,11.436,0.267,12.419
3747.3,64.39,89.8,0.0,-8.4,6,15.295,0.310,12.339
3747.3,64.48,89.8,0.0,-8.4,6,17.872,0.342,12.331
3760.6,64.61,89.8,0.0,-8.3,6,21.743,0.393,12.389
3760.6,64.69,89.9,0.0,-8.0,6,24.328,0.430,12.474
3760.6,64.81,89.9,0.0,-7.3,6,28.207,0.491,12.673
3760.6,64.91,90.0,0.0,-7.0,6,30.794,0.533,12.853
3773.9,65.05,90.1,0.0,-8.5,6,34.678,0.592,13.182
3773.9,65.19,90.1,0.0,-11.0,6,38.565,0.640,13.578
3773.9,65.26,90.1,0.0,-11.8,6,41.155,0.671,13.887
3773.9,65.37,90.2,0.0,-11.8,6,45.036,0.723,14.423
3787.5,65.45,90.2,0.0,-11.2,6,47.620,0.759,14.828
3787.5,65.56,90.2,0.0,-10.3,6,51.490,0.814,15.506
3787.5,65.62,90.3,0.0,-10.2,6,54.066,0.850,16.005
3787.5,65.74,90.3,0.0,-9.7,6,57.919,0.904,16.825
3801.0,65.79,90.4,0.0,-9.4,6,60.481,0.942,17.422
3801.0,65.90,90.4,0.0,-9.0,6,64.311,0.999,18.389
3801.0,65.98,90.5,0.0,-8.8,6,66.856,1.036,19.080
3801.0,66.08,90.6,0.0,-8.4,6,70.660,1.091,20.187
3814.7,66.18,90.5,0.0,-8.1,6,73.186,1.128,20.971
3814.7,66.27,90.5,0.0,-7.6,6,76.957,1.185,22.219
3814.7,66.35,90.6,0.0,-7.4,6,79.459,1.224,23.098
3814.7,66.45,90.7,0.0,-7.4,6,83.194,1.281,24.483
3828.2,66.58,90.7,0.0,-7.5,6,86.905,1.337,25.950
3828.2,66.65,90.7,0.0,-7.5,6,89.365,1.375,26.973
3828.2,66.76,90.8,0.0,-8.1,6,93.032,1.434,28.576
3828.2,66.85,90.8,0.0,-8.3,6,95.461,1.473,29.688
3841.7,66.97,90.8,0.0,-8.5,6,99.081,1.533,31.422
3841.7,67.05,90.8,0.0,-8.4,6,101.477,1.574,32.621
3841.7,67.17,90.9,0.0,-7.9,6,105.047,1.637,34.482
3841.7,67.24,90.9,0.0,-7.5,6,107.409,1.679,35.764
3855.2,67.37,91.0,0.0,-6.6,6,110.925,1.742,37.748
3855.2,67.45,91.0,0.0,-6.2,6,113.251,1.783,39.112
3855.2,67.58,91.0,0.0,-6.0,6,116.711,1.846,41.216
3855.2,67.66,91.0,0.0,-6.2,6,119.000,1.888,42.656
3868.6,67.80,91.1,0.0,-6.6,6,122.407,1.948,44.870
3868.6,67.89,91.1,0.0,-6.9,6,124.661,1.987,46.381
3868.6,68.02,91.1,0.0,-6.8,6,128.014,2.043,48.698
3882.2,68.15,91.2,0.0,-6.8,6,131.334,2.097,51.078
3882.2,68.23,91.2,0.0,-6.6,6,133.528,2.132,52.698
3882.2,68.36,91.2,0.0,-6.3,6,136.788,2.181,55.179
3882.2,68.45,91.3,0.0,-6.4,6,138.941,2.212,56.867
3895.8,68.58,91.3,0.0,-6.5,6,142.139,2.254,59.450
3895.8,68.67,91.3,0.0,-6.6,6,144.250,2.279,61.204
3895.8,68.80,91.4,0.0,-5.9,6,147.385,2.309,63.883
3895.8,68.88,91.4,0.0,-4.8,6,149.453,2.325,65.701
3909.5,69.02,91.4,0.0,-3.4,6,152.521,2.347,68.476
3909.5,69.11,91.4,0.0,-2.7,6,154.546,2.360,70.355
3909.5,69.26,91.5,0.0,-1.9,6,157.554,2.376,73.215
3909.5,69.36,91.5,0.0,-1.5,6,159.543,2.386,75.146
3923.4,69.29,17.0,33.7,-1.1,6,162.505,2.402,78.071
3923.4,68.85,0.0,58.4,-0.8,6,164.459,2.412,80.026
3923.4,67.86,0.0,80.4,-0.1,6,167.348,2.428,82.943
3923.4,66.66,0.0,87.7,0.4,6,170.179,2.448,85.822
3936.9,65.82,0.0,90.0,0.6,6,172.035,2.462,87.716
3936.9,64.54,0.0,91.2,0.5,6,174.770,2.483,90.514
3936.9,63.68,0.0,91.6,0.4,6,176.564,2.498,92.349
3936.9,62.38,0.0,91.7,0.3,6,179.210,2.518,95.055
3949.6,61.53,0.0,91.7,0.3,0,180.946,2.531,96.827
3949.6,60.27,0.0,92.9,0.4,5,183.507,2.550,99.436
3949.6,59.40,0.0,92.2,0.5,5,185.187,2.564,101.143
3949.6,58.12,0.0,91.9,0.6,5,187.666,2.582,103.654
3961.4,57.28,0.0,92.4,0.6,5,189.291,2.592,105.295
3961.4,55.99,0.0,91.4,0.5,5,191.688,2.605,107.706
3961.4,55.15,0.0,91.2,0.5,5,193.260,2.614,109.280
3961.4,53.89,0.0,91.0,0.4,5,195.580,2.629,111.590
3972.4,52.64,32.9,91.5,0.6,0,197.854,2.646,113.838
3972.4,51.80,0.0,92.1,0.7,4,199.345,2.658,115.303
3972.4,50.54,0.0,91.5,1.2,4,201.546,2.679,117.448
3972.4,49.71,0.0,91.6,1.4,4,202.988,2.694,118.843
3982.6,48.45,0.0,91.4,2.0,4,205.116,2.719,120.882
3982.6,47.62,0.0,91.5,2.1,4,206.512,2.736,122.206
3982.6,46.39,0.0,91.6,2.6,4,208.571,2.762,124.136
3982.6,45.57,0.0,92.1,3.1,4,209.922,2.778,125.387
3991.9,44.34,35.9,92.1,3.5,0,211.916,2.801,127.206
3991.9,43.13,0.0,91.8,3.6,3,213.874,2.823,128.957
3991.9,42.33,0.0,90.4,3.1,3,215.159,2.835,130.086
3991.9,41.14,0.0,85.2,2.0,3,217.057,2.853,131.722
4000.4,40.38,0.0,74.5,1.1,3,218.304,2.862,132.774
4000.4,39.37,0.0,59.4,-0.8,3,220.152,2.874,134.295
4000.4,38.79,0.0,53.2,-1.8,3,221.374,2.880,135.272
4000.4,38.01,0.0,45.7,-2.0,3,223.199,2.887,136.679
4008.2,37.54,0.0,42.8,-1.2,3,224.413,2.891,137.580
4008.2,36.88,0.0,39.5,2.3,3,226.231,2.894,138.877
4008.2,36.47,0.0,37.7,5.5,3,227.442,2.894,139.706
4008.2,35.89,0.0,36.6,9.2,3,229.256,2.893,140.902
4015.5,35.52,0.0,36.5,10.6,0,230.462,2.891,141.667
4015.5,34.98,0.0,37.1,11.5,2,232.269,2.887,142.770
4015.5,34.60,0.0,37.1,11.4,2,233.470,2.884,143.474
4015.5,34.03,0.0,34.8,10.9,2,235.266,2.877,144.482
4022.4,33.48,0.0,32.9,10.9,2,237.056,2.869,145.431
4022.4,33.13,0.0,29.1,11.4,2,238.246,2.863,146.031
4022.4,32.67,0.0,20.5,12.2,2,240.029,2.854,146.880
4022.4,32.43,0.0,16.3,13.1,2,241.216,2.847,147.414
4028.8,32.11,0.0,11.9,15.2,2,243.000,2.837,148.167
4028.8,31.93,0.0,9.2,17.0,2,244.192,2.830,148.637
4028.8,31.69,0.0,6.0,19.1,2,245.984,2.820,149.295
4028.8,31.55,0.0,5.0,19.9,2,247.182,2.813,149.701
4034.9,31.36,0.0,4.6,20.9,2,248.985,2.803,150.260
4034.9,31.23,0.0,4.5,21.6,2,250.191,2.796,150.599
4034.9,31.04,0.0,9.5,20.5,2,252.002,2.784,151.055
4034.9,30.88,0.0,8.6,18.3,2,253.211,2.776,151.325
4041.0,30.65,0.0,5.3,15.3,2,255.023,2.763,151.677
4041.0,30.53,0.0,2.2,14.3,2,256.230,2.754,151.879
4041.0,30.34,0.0,5.1,14.8,2,258.039,2.743,152.131
4047.2,30.17,0.0,0.3,16.4,2,259.844,2.732,152.327
4047.2,30.10,4.3,0.9,19.3,2,261.045,2.726,152.427
4047.2,29.96,1.5,0.0,24.4,2,262.844,2.717,152.531
4047.2,29.88,6.9,0.0,27.0,2,264.040,2.712,152.566
4053.7,29.80,10.2,0.0,29.9,2,265.831,2.705,152.566
4053.7,29.73,7.9,0.0,31.2,2,267.021,2.702,152.528
4053.7,29.65,17.7,0.0,33.1,2,268.798,2.700,152.414
4053.7,29.62,15.3,0.0,35.0,2,269.978,2.699,152.299
4061.6,29.55,15.9,0.0,39.1,2,271.739,2.699,152.071
4061.6,29.49,12.0,0.0,42.0,2,272.904,2.700,151.881
4061.6,29.36,11.8,0.0,46.6,2,274.637,2.703,151.540
4061.6,29.26,11.7,0.0,48.8,2,275.779,2.707,151.274
4068.6,29.13,9.7,0.0,53.6,2,277.471,2.716,150.818
4068.6,29.04,11.5,0.0,57.9,2,278.584,2.723,150.478
4068.6,28.89,11.4,0.0,64.5,2,280.228,2.736,149.915
4068.6,28.70,10.3,0.0,65.4,2,281.838,2.752,149.288
4076.7,28.58,10.0,0.0,64.9,2,282.890,2.766,148.833
4076.7,28.39,10.0,0.0,62.6,2,284.432,2.791,148.097
4076.7,28.28,37.2,0.0,61.1,0,285.437,2.811,147.572
4076.7,28.08,5.2,0.0,58.2,1,286.907,2.842,146.736
4083.3,27.97,11.2,0.0,58.5,1,287.861,2.863,146.148
4083.3,27.84,15.0,0.0,58.1,1,289.257,2.895,145.223
4083.3,27.74,11.8,0.0,58.4,1,290.162,2.917,144.578
4083.3,27.59,11.3,0.0,59.4,1,291.480,2.950,143.570
4089.6,27.49,11.1,0.0,58.0,1,292.332,2.973,142.871
4089.6,27.34,11.4,0.0,57.4,1,293.567,3.010,141.786
4089.6,27.25,11.8,0.0,56.3,1,294.364,3.034,141.039
4089.6,27.12,12.9,0.0,53.8,1,295.515,3.071,139.884
4094.9,27.04,14.3,0.0,51.4,1,296.255,3.094,139.093
4094.9,26.96,16.7,0.0,47.5,1,297.322,3.128,137.875
4094.9,26.91,21.9,0.0,43.2,1,298.338,3.160,136.619
4094.9,26.91,28.5,0.0,39.6,1,298.987,3.179,135.761
4099.9,27.04,45.9,0.0,33.1,1,299.921,3.206,134.441
4099.9,27.23,66.6,0.0,27.6,1,300.519,3.223,133.536
4099.9,27.48,40.6,0.0,18.1,1,301.383,3.246,132.140
4099.9,27.66,47.8,0.0,11.7,1,301.935,3.260,131.186
4105.2,27.94,54.3,0.0,4.3,1,302.729,3.280,129.721
4105.2,28.20,65.6,0.0,1.7,1,303.239,3.292,128.721
4105.2,28.68,70.7,0.0,0.9,1,303.980,3.309,127.186
4105.2,29.04,77.7,0.0,2.4,1,304.461,3.320,126.138
4110.8,29.61,76.6,0.0,5.3,1,305.166,3.335,124.527
4110.8,29.99,75.4,0.0,7.2,1,305.626,3.344,123.429
4110.8,30.53,75.0,0.0,9.8,1,306.299,3.358,121.744
4110.8,30.88,74.7,0.0,11.3,1,306.736,3.368,120.597
4116.8,31.38,74.5,0.0,12.5,1,307.372,3.382,118.841
4116.8,31.90,76.6,0.0,12.6,1,307.981,3.394,117.045
4116.8,32.23,77.5,0.0,12.6,1,308.370,3.402,115.823
4116.8,32.74,78.6,0.0,12.4,1,308.927,3.414,113.956
4123.2,33.07,80.2,0.0,11.6,1,309.277,3.422,112.689
4123.2,33.58,81.6,0.0,9.7,1,309.769,3.434,110.752
4123.2,33.91,78.3,0.0,8.6,1,310.075,3.443,109.437
4123.2,34.08,0.0,0.0,8.1,0,310.493,3.457,107.437
4129.9,34.24,84.1,0.0,8.9,2,310.740,3.466,106.096
4129.9,34.75,84.3,0.0,10.0,2,311.072,3.482,104.054
4129.9,35.08,84.4,0.0,10.6,2,311.267,3.495,102.672
4129.9,35.56,75.0,0.0,13.0,2,311.522,3.515,100.568
4136.8,35.79,57.2,0.0,12.2,2,311.663,3.529,99.149
4136.8,35.95,31.5,0.0,10.2,2,311.831,3.553,97.003
4136.8,35.78,0.1,30.3,7.9,2,311.946,3.578,94.851
4136.8,35.43,0.0,43.2,5.7,2,311.997,3.596,93.427
4143.9,34.74,0.0,57.9,2.7,2,312.042,3.626,91.320
4150.4,30.80,0.0,80.5,-6.8,2,312.051,3.763,83.427
4150.4,29.75,34.7,76.2,-8.2,0,312.060,3.796,81.609
4156.2,28.79,0.0,56.9,-8.9,1,312.085,3.829,79.852
4156.2,28.25,0.0,45.4,-9.3,1,312.114,3.850,78.711
4156.2,27.60,0.0,33.2,-13.9,1,312.183,3.879,77.037
4156.2,27.25,0.0,26.9,-12.8,1,312.248,3.897,75.942
4161.6,26.82,0.0,21.7,-13.3,1,312.376,3.921,74.324
4161.6,26.56,0.0,19.1,-16.3,1,312.480,3.937,73.262
4161.6,26.20,0.0,15.2,-19.5,1,312.669,3.958,71.690
4161.6,26.00,0.0,13.4,-19.5,1,312.818,3.971,70.656
4166.7,25.71,0.0,12.7,-20.6,1,313.078,3.990,69.127
4166.7,25.52,0.0,12.3,-21.7,1,313.274,4.001,68.121
4166.7,25.24,0.0,11.3,-21.7,1,313.606,4.017,66.635
4166.7,25.06,0.0,11.1,-20.6,1,313.852,4.027,65.659
4171.7,24.80,0.0,11.8,-20.1,1,314.256,4.040,64.218
4171.7,24.62,0.0,12.3,-20.5,1,314.548,4.048,63.274
4171.7,24.35,0.0,11.6,-20.3,1,315.020,4.058,61.882
4171.7,24.09,0.0,9.6,-21.0,1,315.530,4.066,60.521
4176.5,23.94,0.0,8.6,-23.1,1,315.891,4.070,59.630
4176.5,23.71,0.0,7.3,-26.7,1,316.465,4.076,58.321
4176.5,23.57,0.0,6.9,-28.4,1,316.870,4.078,57.466
4176.5,23.37,0.0,4.0,-29.1,1,317.514,4.080,56.214
4181.1,23.25,0.0,4.4,-29.2,1,317.967,4.081,55.399
4181.1,23.07,0.0,4.8,-29.5,1,318.681,4.080,54.206
4181.1,22.95,0.0,5.5,-29.7,1,319.181,4.079,53.433
4181.1,22.76,0.0,4.8,-29.9,1,319.963,4.075,52.307
4185.3,22.64,0.0,4.5,-28.9,1,320.506,4.071,51.579
4185.3,22.45,0.0,6.1,-28.8,1,321.351,4.065,50.522
4185.3,22.32,0.0,7.3,-29.2,1,321.934,4.060,49.842
4185.3,22.11,0.0,8.9,-29.9,1,322.835,4.053,48.859
4189.4,21.96,0.0,7.6,-30.4,1,323.452,4.047,48.229
4189.4,21.76,0.0,6.0,-29.2,1,324.402,4.039,47.325
4189.4,21.57,0.0,6.4,-30.6,1,325.378,4.029,46.466
4189.4,21.44,0.0,6.6,-32.2,1,326.043,4.023,45.920
4193.5,21.25,0.0,7.3,-34.2,1,327.060,4.012,45.141
4193.5,21.12,0.0,1.8,-36.3,1,327.750,4.004,44.650
4193.5,21.04,19.4,0.0,-38.2,1,328.806,3.991,43.955
4193.5,21.10,33.3,0.0,-39.0,1,329.527,3.982,43.519
4197.5,21.29,44.8,0.0,-40.6,1,330.637,3.969,42.901
4197.5,21.44,49.9,0.0,-41.9,1,331.397,3.959,42.512
4197.5,21.79,73.4,0.0,-43.7,1,332.571,3.943,41.963
4197.5,22.02,46.3,0.0,-43.6,1,333.376,3.933,41.619
4201.9,22.26,48.5,0.0,-41.4,1,334.617,3.917,41.146
4201.9,22.40,43.3,0.0,-39.3,1,335.463,3.906,40.860
4201.9,22.64,47.6,0.0,-35.8,1,336.758,3.889,40.478
4201.9,22.82,50.4,0.0,-35.2,1,337.639,3.879,40.257
4206.7,23.10,51.0,0.0,-35.7,1,338.986,3.864,39.971
4206.7,23.38,52.2,0.0,-37.0,1,340.361,3.851,39.745
4206.7,23.59,53.9,0.0,-38.4,1,341.293,3.842,39.627
4206.7,23.88,50.9,0.0,-41.1,1,342.711,3.829,39.498
4211.9,24.06,50.0,0.0,-43.8,1,343.668,3.821,39.446
4211.9,24.26,33.4,0.0,-47.8,1,345.117,3.809,39.417
4211.9,24.30,25.5,0.0,-50.5,1,346.088,3.801,39.431
4211.9,24.30,21.0,0.0,-54.6,1,347.545,3.791,39.506
4217.5,24.28,19.4,0.0,-57.2,1,348.512,3.784,39.591
4217.5,24.23,16.2,0.0,-59.0,1,349.957,3.775,39.768
4217.5,24.18,15.4,0.0,-59.2,1,350.913,3.770,39.922
4217.5,24.11,16.1,0.0,-59.1,1,352.334,3.764,40.203
4223.2,24.06,16.5,0.0,-58.0,1,353.272,3.759,40.425
4223.2,24.00,17.5,0.0,-54.4,1,354.661,3.755,40.809
4223.2,23.98,24.6,0.0,-49.5,1,356.030,3.751,41.254
4223.2,24.03,32.3,0.0,-45.1,1,356.931,3.749,41.584
4229.7,24.28,68.6,0.0,-38.5,1,358.271,3.747,42.131
4229.7,24.59,70.9,0.0,-32.8,1,359.162,3.747,42.530
4229.7,24.99,66.5,0.0,-23.7,1,360.499,3.748,43.180
4229.7,25.31,62.1,0.0,-18.9,1,361.389,3.749,43.648
4235.2,25.78,75.7,0.0,-13.6,1,362.722,3.754,44.401
4235.2,26.13,73.6,0.0,-11.0,1,363.612,3.758,44.934
4235.2,26.67,72.6,0.0,-10.2,1,364.950,3.767,45.781
4235.2,27.03,71.4,0.0,-11.0,1,365.843,3.774,46.376
4240.5,27.52,68.4,0.0,-13.1,1,367.185,3.786,47.312
4240.5,27.85,67.3,0.0,-14.9,1,368.080,3.795,47.963
4240.5,28.30,67.0,0.0,-19.2,1,369.421,3.808,48.980
4240.5,28.61,67.6,0.0,-17.6,1,370.313,3.816,49.686
4246.0,29.08,68.9,0.0,-16.2,1,371.646,3.829,50.789
4246.0,29.57,72.5,0.0,-20.9,1,372.970,3.841,51.945
4246.0,29.89,75.9,0.0,-20.7,1,373.847,3.848,52.748
4251.5,30.41,77.3,0.0,-15.9,1,375.151,3.859,54.000
4251.5,30.74,73.1,0.0,-17.5,1,376.012,3.866,54.868
4251.5,31.22,73.5,0.0,-21.4,1,377.287,3.876,56.218
4251.5,31.52,71.8,0.0,-22.0,1,378.124,3.883,57.153
4257.4,31.90,62.4,0.0,-22.3,1,379.354,3.893,58.604
4257.4,32.14,64.1,0.0,-22.1,1,380.154,3.898,59.603
4257.4,32.48,62.3,0.0,-21.8,1,381.322,3.906,61.149
4257.4,32.70,61.1,0.0,-21.7,1,382.078,3.910,62.211
4263.7,33.01,57.4,0.0,-20.8,1,383.176,3.915,63.847
4263.7,33.18,58.7,0.0,-19.1,1,383.882,3.917,64.967
4263.7,33.50,62.5,0.0,-15.8,1,384.899,3.919,66.688
4263.7,33.72,66.4,0.0,-14.0,1,385.550,3.921,67.863
4270.1,34.07,66.4,0.0,-9.5,1,386.485,3.923,69.668
4270.1,34.33,0.0,0.0,-4.7,0,387.372,3.925,71.520
4270.1,34.30,80.1,0.0,-1.4,2,387.934,3.925,72.772
4270.1,34.72,84.5,0.0,1.1,2,388.736,3.929,74.680
4276.9,35.11,81.6,0.0,2.3,2,389.257,3.930,75.974
4276.9,35.56,84.9,0.0,1.8,2,390.023,3.931,77.950
4276.9,35.90,81.6,0.0,0.5,2,390.526,3.930,79.288
4276.9,36.45,84.1,0.0,-1.1,2,391.271,3.924,81.326
4284.0,36.82,83.0,0.0,-2.2,2,391.762,3.921,82.706
4284.0,37.27,68.3,0.0,-3.0,2,392.488,3.915,84.805
4284.0,37.46,45.7,0.0,-2.5,2,392.965,3.908,86.221
4284.0,37.79,85.1,0.0,-1.5,2,393.663,3.895,88.365
4291.3,38.15,71.6,0.0,-1.8,2,394.119,3.889,89.814
4291.3,38.65,85.3,0.0,-2.8,2,394.790,3.884,92.017
4291.3,38.99,85.4,0.0,-3.2,2,395.229,3.880,93.506
4291.3,39.55,85.4,0.0,-4.2,2,395.876,3.879,95.770
4299.0,40.01,85.7,0.0,-3.3,2,396.511,3.878,98.069
4299.0,40.38,85.6,0.0,-1.8,2,396.927,3.874,99.621
4299.0,40.87,85.8,0.0,-1.2,2,397.537,3.871,101.980
4299.0,41.19,86.0,0.0,-0.9,2,397.936,3.869,103.572
4306.9,41.67,86.0,0.0,-1.1,2,398.524,3.864,105.986
4306.9,41.97,86.0,0.0,-2.1,2,398.910,3.861,107.613
4306.9,42.44,86.1,0.0,-2.8,2,399.479,3.857,110.079
4306.9,42.62,0.0,0.0,-2.8,0,399.853,3.856,111.740
4315.2,42.77,84.3,0.0,-3.0,3,400.399,3.853,114.239
4315.2,43.05,84.4,0.0,-3.2,3,400.754,3.852,115.918
4315.2,43.47,84.6,0.0,-3.7,3,401.275,3.849,118.459
4315.2,43.89,84.7,0.0,-4.2,3,401.779,3.846,121.030
4323.8,44.16,84.7,0.0,-4.5,3,402.104,3.845,122.761
4332.6,46.06,85.3,0.0,-5.1,3,404.060,3.827,135.235
4332.6,46.45,85.3,0.0,-5.2,3,404.394,3.822,137.990
4341.7,46.72,85.4,0.0,-5.2,3,404.598,3.818,139.841
4341.7,47.11,85.5,0.0,-5.7,3,404.876,3.813,142.641
4341.7,47.37,85.5,0.0,-5.8,3,405.042,3.809,144.523
4341.7,47.74,85.6,0.0,-5.7,3,405.259,3.803,147.367
4351.0,48.12,85.7,0.0,-5.6,3,405.436,3.797,150.237
4351.0,48.37,85.7,0.0,-6.2,3,405.532,3.793,152.164
4351.0,48.74,85.8,0.0,-6.8,3,405.641,3.788,155.075
4351.0,48.98,85.9,0.0,-7.6,3,405.688,3.784,157.028
4360.6,49.34,86.0,0.0,-8.5,3,405.720,3.777,159.977
4360.6,49.58,86.0,0.0,-8.8,3,405.712,3.773,161.955
4360.6,49.91,86.1,0.0,-9.4,3,405.653,3.767,164.939
4360.6,50.14,86.1,0.0,-9.7,3,405.582,3.762,166.938
4370.4,50.47,86.2,0.0,-9.7,0,405.423,3.754,169.951
4370.4,50.43,0.0,0.0,-9.6,0,405.281,3.749,171.965
4370.4,50.62,84.3,0.0,-9.4,4,405.011,3.742,174.982
4370.4,50.81,84.3,0.0,-9.4,4,404.795,3.736,176.998
4380.4,51.10,84.3,0.0,-10.0,4,404.414,3.728,180.031
4380.4,51.39,84.4,0.0,-11.3,4,403.963,3.720,183.072
4380.4,51.58,84.6,0.0,-12.1,4,403.625,3.715,185.103
4380.4,51.86,84.8,0.0,-12.5,4,403.060,3.706,188.154
4390.6,52.04,84.9,0.0,-12.3,4,402.644,3.701,190.189
4390.6,52.32,85.1,0.0,-11.7,4,401.958,3.693,193.243
4390.6,52.49,85.2,0.0,-11.8,4,401.460,3.688,195.279
4390.6,52.76,85.4,0.0,-11.3,4,400.652,3.681,198.331
4401.2,52.94,85.5,0.0,-10.6,4,400.070,3.676,200.363
4401.2,53.20,85.6,0.0,-10.3,4,399.132,3.672,203.405
4401.2,53.38,85.7,0.0,-10.8,4,398.463,3.671,205.429
4401.2,53.65,85.9,0.0,-11.5,4,397.398,3.669,208.457
4423.9,54.78,86.5,0.0,-10.6,4,391.916,3.682,221.433
4423.9,55.03,86.6,0.0,-10.1,4,390.456,3.690,224.385
4423.9,55.20,86.7,0.0,-9.6,4,389.442,3.696,226.343
4435.5,55.46,86.9,0.0,-9.4,4,387.864,3.705,229.263
4435.5,55.73,87.0,0.0,-9.0,4,386.221,3.710,232.165
4435.5,55.90,87.0,0.0,-10.2,4,385.089,3.711,234.090
4435.5,56.15,87.2,0.0,-10.9,4,383.337,3.710,236.957
4446.5,56.31,87.3,0.0,-10.7,4,382.130,3.710,238.855
4446.5,56.55,87.4,0.0,-10.2,4,380.261,3.711,241.678
4446.5,56.72,87.5,0.0,-10.0,4,378.976,3.713,243.543
4446.5,56.96,87.6,0.0,-9.4,4,376.989,3.720,246.314
4457.6,57.12,87.7,0.0,-9.5,4,375.626,3.726,248.144
4457.6,57.37,87.8,0.0,-9.3,4,373.528,3.735,250.862
4457.6,57.53,87.9,0.0,-9.0,4,372.094,3.741,252.657
4457.6,57.78,87.9,0.0,-8.2,4,369.889,3.751,255.322
4469.0,57.94,88.0,0.0,-7.1,4,368.385,3.757,257.081
4469.0,58.19,88.1,0.0,-5.2,4,366.079,3.768,259.692
4469.0,58.36,88.2,0.0,-4.3,4,364.511,3.774,261.416
4469.0,58.62,88.3,0.0,-3.3,4,362.116,3.780,263.981
4480.6,58.89,88.4,0.0,-3.1,4,359.674,3.785,266.522
4480.6,59.06,88.5,0.0,-3.4,4,358.021,3.788,268.205
4480.6,59.32,88.6,0.0,-3.9,4,355.509,3.790,270.715
4480.6,59.50,88.7,0.0,-4.0,4,353.814,3.789,272.380
4492.4,59.76,88.7,0.0,-3.8,4,351.238,3.787,274.862
4492.4,59.93,88.5,0.0,-4.2,4,349.499,3.788,276.507
4492.4,60.16,89.0,0.0,-3.5,4,346.858,3.792,278.956
4492.4,60.33,89.0,0.0,-2.9,4,345.075,3.795,280.578
4504.4,60.52,0.0,0.0,-0.9,0,342.369,3.800,282.993
4504.4,60.47,87.8,0.0,-0.8,5,340.550,3.801,284.588
4504.4,60.68,88.0,0.0,-0.1,5,337.798,3.802,286.961
4504.4,60.87,88.0,0.0,0.1,5,335.946,3.803,288.537
4516.5,61.13,88.2,0.0,-0.0,5,333.148,3.805,290.895
4516.5,61.35,88.3,0.0,-0.1,5,330.330,3.804,293.252
4516.5,61.52,88.3,0.0,-0.2,5,328.444,3.802,294.826
4516.5,61.75,88.4,0.0,-0.1,5,325.603,3.798,297.194
4528.8,61.91,88.4,0.0,0.2,5,323.704,3.799,298.778
4528.8,62.14,88.5,0.0,0.7,5,320.848,3.799,301.163
4528.8,62.30,88.6,0.0,0.7,5,318.938,3.798,302.759
4528.8,62.53,88.7,0.0,0.6,5,316.068,3.798,305.164
4541.2,62.67,88.7,0.0,0.6,5,314.152,3.801,306.775
4541.2,62.90,88.8,0.0,0.6,5,311.272,3.808,309.203
4541.2,63.05,88.9,0.0,0.6,5,309.349,3.813,310.830
4541.2,63.28,89.0,0.0,0.6,5,306.460,3.819,313.283
4553.8,63.42,89.0,0.0,0.6,5,304.532,3.823,314.926
4553.8,63.65,89.1,0.0,0.6,5,301.635,3.831,317.404
4553.8,63.79,89.2,0.0,0.4,5,299.702,3.836,319.064
4553.8,64.01,89.3,0.0,-0.4,5,296.798,3.842,321.567
4566.5,64.23,89.4,0.0,-0.5,5,293.887,3.847,324.082
4566.5,64.38,89.4,0.0,-0.5,5,291.942,3.848,325.764
4566.5,64.60,89.5,0.0,0.4,5,289.014,3.844,328.293
4566.5,64.74,89.5,0.0,0.7,5,287.056,3.839,329.983
4579.4,64.95,89.6,0.0,0.7,5,284.111,3.832,332.526
4579.4,65.09,89.7,0.0,0.5,5,282.144,3.826,334.227
4579.4,65.30,89.7,0.0,0.2,5,279.189,3.817,336.789
4579.4,65.44,89.8,0.0,0.2,5,277.215,3.815,338.504
4592.4,65.64,89.9,0.0,0.2,5,274.250,3.815,341.086
4592.4,65.78,89.9,0.0,0.2,5,272.270,3.816,342.814
4592.4,65.99,90.0,0.0,0.1,5,269.294,3.818,345.415
4605.6,66.19,90.1,0.0,0.0,5,266.310,3.821,348.027
4605.6,66.33,90.1,0.0,-0.1,5,264.317,3.826,349.773
4605.6,66.53,90.2,0.0,-0.1,5,261.321,3.838,352.401
4605.6,66.65,90.3,0.0,0.0,5,259.318,3.847,354.156
4618.9,66.86,90.3,0.0,0.1,5,256.307,3.862,356.797
4618.9,66.98,90.4,0.0,0.2,5,254.294,3.872,358.561
4618.9,67.18,90.4,0.0,0.0,5,251.268,3.883,361.215
4618.9,67.31,90.4,0.0,-0.0,5,249.247,3.894,362.989
4632.4,67.50,90.5,0.0,0.2,5,246.208,3.912,365.657
4632.4,67.64,90.6,0.0,0.4,5,244.178,3.920,367.441
4632.4,67.83,90.6,0.0,0.3,5,241.126,3.930,370.123
4632.4,67.95,90.7,0.0,0.2,5,239.087,3.938,371.917
4645.9,68.14,90.7,0.0,0.1,5,236.024,3.946,374.616
4645.9,68.33,90.8,0.0,0.0,5,232.953,3.948,377.324
4645.9,68.46,90.8,0.0,-0.1,5,230.902,3.948,379.134
4645.9,68.64,90.9,0.0,-0.1,5,227.820,3.945,381.857
4659.6,68.77,90.9,0.0,-0.3,5,225.761,3.943,383.676
4659.6,68.95,91.0,0.0,-0.2,5,222.664,3.938,386.411
4659.6,69.07,91.0,0.0,-0.2,5,220.595,3.936,388.237
4659.6,69.25,91.1,0.0,-0.1,5,217.482,3.930,390.981
4673.4,69.37,91.2,0.0,0.0,5,215.401,3.926,392.812
4673.4,69.55,91.2,0.0,0.0,5,212.272,3.918,395.565
4673.4,69.67,91.2,0.0,-0.0,5,210.181,3.913,397.403
4673.4,69.84,91.3,0.0,0.0,5,207.037,3.905,400.165
4687.3,69.95,91.3,0.0,0.0,5,204.937,3.901,402.010
4687.3,70.13,91.4,0.0,0.2,5,201.779,3.896,404.782
4687.3,70.25,91.4,0.0,0.2,5,199.670,3.892,406.635
4687.3,70.41,91.5,0.0,0.1,5,196.500,3.887,409.420
4701.4,70.58,91.5,0.0,0.1,5,193.324,3.882,412.214
4701.4,70.69,91.6,0.0,0.1,0,191.204,3.878,414.080
4701.4,70.61,90.7,0.0,0.2,6,188.024,3.872,416.883
4701.4,70.71,90.7,0.0,0.2,6,185.904,3.869,418.752
4715.5,70.87,90.8,0.0,0.1,6,182.720,3.865,421.563
4715.5,70.97,90.8,0.0,0.1,6,180.595,3.863,423.442
4715.5,71.13,90.9,0.0,0.0,6,177.403,3.860,426.267
4715.5,71.23,90.9,0.0,-0.0,6,175.272,3.856,428.155
4729.7,71.39,90.9,0.0,-0.0,6,172.070,3.850,430.993
4729.7,71.49,91.0,0.0,-0.0,6,169.932,3.846,432.889
4729.7,71.64,91.0,0.0,0.1,6,166.719,3.840,435.738
4729.7,71.74,91.0,0.0,-0.0,6,164.574,3.838,437.641
4744.0,71.90,91.1,0.0,-0.0,6,161.351,3.836,440.500
4744.0,72.00,91.1,0.0,0.0,6,159.198,3.835,442.410
4744.0,72.15,91.2,0.0,0.1,6,155.964,3.835,445.279
4744.0,72.29,91.2,0.0,0.2,6,152.723,3.838,448.155
4758.5,72.39,91.2,0.0,0.2,6,150.559,3.841,450.076
4758.5,72.54,91.3,0.0,0.1,6,147.309,3.844,452.964
4758.5,72.64,91.3,0.0,0.1,6,145.139,3.846,454.893
4758.5,72.78,91.3,0.0,0.1,6,141.881,3.848,457.794
4773.0,72.88,91.4,0.0,0.1,6,139.707,3.850,459.733
4773.0,73.02,91.4,0.0,-0.1,6,136.441,3.852,462.647
4773.0,73.12,91.4,0.0,-0.0,6,134.262,3.854,464.594
4773.0,73.26,91.5,0.0,-0.1,6,130.988,3.855,467.520
4787.6,73.40,91.5,0.0,-0.0,6,127.708,3.858,470.452
4787.6,73.49,91.6,0.0,0.0,6,125.518,3.860,472.410
4787.6,73.63,91.6,0.0,-0.0,6,122.228,3.862,475.352
4787.6,73.72,91.6,0.0,-0.0,6,120.031,3.864,477.315
4802.3,73.86,91.7,0.0,-0.1,6,116.729,3.864,480.266
4802.3,73.95,91.7,0.0,0.0,6,114.525,3.864,482.235
4802.3,74.09,91.7,0.0,0.0,6,111.213,3.862,485.193
4802.3,74.18,91.7,0.0,-0.1,6,109.001,3.859,487.168
4817.1,74.31,91.8,0.0,-0.3,6,105.678,3.853,490.135
4817.1,74.40,91.8,0.0,-0.2,6,103.459,3.848,492.115
4817.1,74.54,91.9,0.0,0.2,6,100.125,3.839,495.089
4817.1,74.62,91.9,0.0,0.1,6,97.898,3.833,497.074
4832.0,74.76,91.9,0.0,-0.6,6,94.553,3.823,500.056
4832.0,74.84,91.9,0.0,-0.4,6,92.320,3.815,502.047
4832.0,74.98,92.0,0.0,0.3,6,88.964,3.798,505.036
4847.0,75.11,92.0,0.0,0.2,6,85.601,3.780,508.030
4847.0,75.19,92.0,0.0,-0.4,6,83.357,3.767,510.029
4847.0,75.32,92.1,0.0,-0.7,6,79.984,3.746,513.030
4847.0,75.41,92.1,0.0,-0.1,6,77.731,3.732,515.032
4862.1,75.53,92.1,0.0,0.7,6,74.344,3.710,518.038
4862.1,75.62,92.1,0.0,0.1,6,72.083,3.696,520.043
4862.1,75.74,92.2,0.0,-1.1,6,68.685,3.673,523.056
4862.1,75.83,92.2,0.0,-0.6,6,66.416,3.656,525.066
4877.2,75.95,92.2,0.0,-0.0,6,63.005,3.631,528.081
4877.2,76.04,92.3,0.0,0.1,6,60.726,3.613,530.092
4877.2,76.16,92.3,0.0,0.0,6,57.300,3.584,533.109
4877.2,76.24,92.3,0.0,0.0,6,55.011,3.563,535.122
4892.4,76.37,92.3,0.0,0.3,6,51.573,3.528,538.144
4892.4,76.45,92.4,0.0,0.4,6,49.278,3.505,540.162
4892.4,76.57,92.4,0.0,0.4,6,45.832,3.467,543.195
4892.4,76.69,92.4,0.0,0.4,6,42.385,3.427,546.237
4907.7,76.78,92.4,0.0,0.3,6,40.085,3.398,548.270
4907.7,76.90,92.5,0.0,0.2,6,36.636,3.351,551.328
4907.7,76.97,92.5,0.0,0.3,6,34.335,3.316,553.371
4907.7,77.10,92.5,0.0,0.2,6,30.883,3.258,556.444
4923.1,77.17,92.6,0.0,0.1,6,28.582,3.221,558.498
4923.1,77.29,92.6,0.0,-0.0,6,25.127,3.162,561.586
4923.1,77.37,92.6,0.0,0.0,6,22.823,3.124,563.649
4923.1,77.49,92.6,0.0,0.1,6,19.364,3.065,566.750
4938.6,77.57,92.6,0.0,0.1,6,17.057,3.025,568.820
4938.6,77.68,92.7,0.0,-0.1,6,13.592,2.965,571.932
4938.6,77.76,92.7,0.0,-0.3,6,11.279,2.926,574.009
4938.6,77.87,92.7,0.0,-0.2,6,7.806,2.868,577.129
4954.1,77.95,92.7,0.0,0.0,6,5.487,2.831,579.210
4954.1,78.05,92.8,0.0,-0.2,6,2.003,2.778,582.334
4954.1,77.95,23.1,64.6,-0.6,6,-1.485,2.718,585.459
4954.1,77.28,0.0,80.5,-0.7,6,-3.801,2.676,587.531
4969.7,76.03,0.0,88.4,-0.0,6,-7.235,2.617,590.595
4969.7,75.17,0.0,90.7,0.3,6,-9.495,2.581,592.606
4969.7,73.84,0.0,91.1,0.2,6,-12.839,2.527,595.576
4969.7,72.95,0.0,91.1,-0.0,6,-15.037,2.492,597.525
4984.5,71.63,0.0,91.5,-0.6,6,-18.287,2.443,600.402
4984.5,70.75,0.0,91.4,-1.0,6,-20.421,2.411,602.289
4984.5,69.44,0.0,91.9,-0.9,6,-23.578,2.362,605.073
4984.5,68.57,0.0,91.5,-0.7,6,-25.651,2.328,606.897
4998.5,67.26,0.0,91.6,-0.6,6,-28.718,2.277,609.584
4998.5,66.39,0.0,91.4,-0.6,6,-30.734,2.244,611.341
4998.5,65.09,0.0,91.2,-1.0,6,-33.716,2.197,613.927
4998.5,64.24,0.0,91.2,-1.1,6,-35.677,2.168,615.616
5011.6,62.96,0.0,91.9,-1.3,6,-38.578,2.125,618.099
5011.6,61.68,28.7,92.5,-1.2,0,-41.432,2.081,620.518
5011.6,60.84,0.0,92.6,-1.1,5,-43.308,2.052,622.096
5011.6,59.55,0.0,92.2,-1.2,5,-46.085,2.010,624.409
5023.9,58.70,0.0,92.0,-1.5,5,-47.910,1.982,625.915
5023.9,57.43,0.0,91.6,-2.1,5,-50.611,1.940,628.119
5023.9,56.58,0.0,91.5,-2.5,5,-52.388,1.912,629.551
5023.9,55.32,0.0,91.1,-2.9,5,-55.018,1.872,631.641
5035.3,54.48,0.0,91.4,-3.2,5,-56.749,1.846,632.995
5035.3,53.25,31.5,91.2,-3.3,0,-59.313,1.808,634.965
5035.3,52.43,0.0,89.6,-3.2,4,-61.002,1.783,636.238
5035.3,51.21,0.0,82.5,-2.8,4,-63.505,1.745,638.087
5045.8,50.44,0.0,69.6,-2.4,4,-65.154,1.720,639.277
5045.8,49.47,0.0,55.5,-2.0,4,-67.608,1.684,640.998
5045.8,48.66,0.0,48.4,-2.5,4,-70.049,1.649,642.646
5045.8,48.17,0.0,46.5,-3.5,4,-71.671,1.625,643.706
5055.5,47.44,0.0,48.8,-5.2,4,-74.097,1.591,645.237
5055.5,46.95,0.0,50.2,-6.2,4,-75.709,1.569,646.221
5055.5,46.22,0.0,45.2,-7.3,4,-78.117,1.536,647.641
5055.5,45.76,0.0,41.2,-7.3,4,-79.717,1.515,648.551
5064.7,45.13,0.0,33.1,-6.7,4,-82.109,1.483,649.862
5064.7,44.78,0.0,26.4,-6.8,4,-83.700,1.462,650.700
5064.7,44.34,0.0,21.9,-7.8,4,-86.086,1.429,651.906
5064.7,44.06,0.0,18.0,-8.6,4,-87.678,1.407,652.677
5073.5,43.71,0.0,27.4,-9.4,4,-90.069,1.374,653.782
5073.5,43.39,0.0,36.6,-9.9,4,-91.663,1.352,654.484
5073.5,42.80,37.8,39.2,-10.1,0,-94.049,1.320,655.485
5073.5,42.43,0.0,32.5,-9.6,3,-95.634,1.299,656.115
5082.1,41.92,0.0,18.1,-9.0,3,-98.002,1.268,657.004
5082.1,41.57,0.0,11.3,-9.5,3,-100.368,1.238,657.828
5082.1,41.38,0.0,8.0,-10.4,3,-101.946,1.218,658.340
5090.6,41.14,0.0,4.9,-12.1,3,-104.316,1.186,659.057
5090.6,41.00,0.0,2.9,-12.9,3,-105.898,1.166,659.499
5090.6,40.82,0.0,2.4,-13.9,3,-108.276,1.136,660.109
5090.6,40.70,0.0,2.3,-14.6,3,-109.863,1.117,660.480
5098.9,40.52,0.0,2.7,-14.9,3,-112.247,1.087,660.984
5107.3,39.61,0.0,3.6,-13.6,3,-123.364,0.959,662.443
5107.3,39.48,0.0,3.8,-12.9,3,-124.944,0.944,662.528
5107.3,39.29,0.0,3.6,-14.2,3,-127.306,0.923,662.601
5115.6,39.16,0.0,3.4,-14.1,3,-128.875,0.908,662.613
5115.6,38.97,0.0,3.9,-13.7,3,-131.219,0.887,662.577
5115.6,38.84,0.0,4.6,-14.2,3,-132.774,0.873,662.518
5115.6,38.64,0.0,4.6,-14.7,3,-135.094,0.852,662.377
5123.6,38.44,0.0,3.4,-14.6,3,-137.398,0.833,662.171
5123.6,38.31,0.0,1.1,-15.2,3,-138.923,0.820,662.000
5123.6,38.15,0.2,0.2,-14.9,3,-141.196,0.802,661.689
5123.6,38.04,0.0,0.9,-13.3,3,-142.700,0.789,661.448
5131.8,37.89,0.0,2.0,-12.3,3,-144.941,0.771,661.034
5131.8,37.78,0.0,2.0,-13.8,3,-146.423,0.759,660.726
5131.8,37.62,0.0,1.4,-16.4,3,-148.626,0.743,660.215
5131.8,37.51,0.0,0.9,-17.9,3,-150.082,0.732,659.841
5140.0,37.35,0.0,0.7,-19.4,3,-152.243,0.715,659.232
5140.0,37.24,0.0,0.6,-20.0,3,-153.669,0.705,658.792
5140.0,37.07,0.0,1.5,-20.6,3,-155.782,0.689,658.080
5140.0,36.95,0.0,5.6,-20.9,3,-157.173,0.679,657.572
5147.8,36.71,0.0,8.8,-20.9,3,-159.228,0.664,656.759
5147.8,36.53,0.0,4.4,-20.8,3,-160.575,0.655,656.182
5147.8,36.32,3.8,0.0,-19.5,3,-162.559,0.644,655.266
5156.1,36.18,11.8,0.0,-18.3,3,-164.499,0.637,654.284
5156.1,36.12,18.1,0.0,-17.3,3,-165.770,0.634,653.593
5156.1,36.04,13.6,0.0,-16.1,3,-167.641,0.633,652.503
5156.1,35.98,9.6,0.0,-16.4,3,-168.866,0.631,651.745
5163.8,35.86,5.4,0.8,-19.3,3,-170.668,0.628,650.562
5163.8,35.75,3.0,0.1,-22.6,3,-171.845,0.624,649.745
5163.8,35.64,22.3,0.0,-27.9,3,-173.570,0.617,648.477
5163.8,35.62,30.4,0.0,-29.8,3,-174.694,0.615,647.601
5171.9,35.66,40.0,0.0,-31.9,3,-176.338,0.618,646.234
5171.9,35.70,44.7,0.0,-33.7,3,-177.409,0.621,645.292
5171.9,35.80,43.1,0.0,-37.4,3,-178.984,0.625,643.835
5171.9,35.85,36.7,0.0,-39.5,3,-180.011,0.628,642.836
5179.9,35.81,22.7,0.0,-43.2,3,-181.511,0.632,641.296
5179.9,35.74,17.9,0.0,-44.6,3,-182.480,0.636,640.243
5179.9,35.62,15.2,0.0,-45.5,3,-183.887,0.643,638.628
5179.9,35.49,14.4,0.0,-45.3,3,-185.232,0.652,636.973
5187.2,35.42,24.2,0.0,-45.0,3,-186.096,0.659,635.847
5187.2,35.37,23.7,0.0,-43.6,3,-187.341,0.669,634.127
5187.2,35.34,28.1,0.0,-43.5,3,-188.140,0.676,632.960
5187.2,35.29,23.0,0.0,-43.1,3,-189.290,0.686,631.181
5194.5,35.22,16.1,0.0,-42.4,3,-190.023,0.693,629.976
5194.5,35.10,16.3,0.0,-41.0,3,-191.070,0.705,628.144
5194.5,35.04,18.7,0.0,-39.3,3,-191.733,0.714,626.908
5194.5,34.97,23.7,0.0,-36.1,3,-192.676,0.725,625.031
5201.2,34.95,27.9,0.0,-33.9,3,-193.270,0.732,623.766
5201.2,34.95,36.9,0.0,-30.0,3,-194.111,0.740,621.845
5201.2,35.00,46.4,0.0,-27.3,3,-194.638,0.744,620.549
5201.2,35.17,66.1,0.0,-22.7,3,-195.379,0.749,618.580
5208.0,35.36,77.2,0.0,-19.2,3,-195.842,0.752,617.248
5208.0,35.64,66.1,0.0,-13.8,3,-196.492,0.753,615.220
5208.0,35.91,67.5,0.0,-9.2,3,-197.085,0.754,613.157
5208.0,36.09,70.2,0.0,-7.0,3,-197.447,0.755,611.764
5214.8,36.41,76.6,0.0,-5.5,3,-197.942,0.757,609.647
5214.8,36.64,77.9,0.0,-5.4,3,-198.240,0.759,608.218
5214.8,37.00,79.1,0.0,-6.9,3,-198.642,0.762,606.046
5214.8,37.25,80.5,0.0,-7.9,3,-198.880,0.765,604.581
5222.1,37.64,81.6,0.0,-9.0,3,-199.196,0.769,602.358
5222.1,37.90,82.6,0.0,-10.6,3,-199.379,0.773,600.859
5222.1,38.31,82.9,0.0,-9.9,3,-199.617,0.780,598.586
5222.1,38.58,83.0,0.0,-8.3,3,-199.750,0.785,597.054
5229.8,38.99,83.2,0.0,-5.6,3,-199.917,0.795,594.734
5229.8,39.27,83.2,0.0,-4.1,3,-200.006,0.802,593.172
5229.8,39.69,83.4,0.0,-2.0,3,-200.111,0.815,590.806
5229.8,39.96,74.4,0.0,-0.5,3,-200.166,0.824,589.215
5237.7,40.16,34.4,0.0,1.5,3,-200.233,0.841,586.811
5237.7,40.12,4.1,29.6,3.6,3,-200.292,0.858,584.402
5237.7,39.78,0.0,51.4,4.5,3,-200.335,0.868,582.803
5237.7,39.00,0.0,56.4,5.3,3,-200.411,0.884,580.438
5245.7,38.47,0.0,50.7,6.0,3,-200.472,0.894,578.889
5245.7,37.76,0.0,44.8,7.1,3,-200.584,0.911,576.604
5245.7,37.33,0.0,37.1,7.9,3,-200.675,0.922,575.105
5245.7,36.79,0.0,27.1,8.9,3,-200.841,0.939,572.887
5253.3,36.49,0.0,22.7,9.6,3,-200.972,0.949,571.427
5253.3,36.13,0.0,14.9,11.0,3,-201.203,0.965,569.261
5253.3,35.92,0.0,11.6,12.0,3,-201.381,0.974,567.831
5253.3,35.66,0.0,8.0,13.6,3,-201.688,0.987,565.705
5260.7,35.51,0.0,8.4,13.6,3,-201.920,0.996,564.300
5260.7,35.27,0.0,10.8,12.5,3,-202.313,1.010,562.213
5260.7,35.12,38.2,9.0,11.8,0,-202.603,1.019,560.835
5260.7,34.90,0.0,9.0,12.0,2,-203.079,1.034,558.788
5267.9,34.65,0.0,17.7,12.4,2,-203.605,1.049,556.769
5267.9,34.39,0.0,32.1,12.7,2,-203.984,1.060,555.440
5267.9,33.88,0.0,27.6,13.3,2,-204.587,1.077,553.482
5267.9,33.47,0.0,60.2,13.6,2,-205.011,1.088,552.202
5275.5,32.64,0.0,44.6,12.9,2,-205.673,1.106,550.331
5275.5,32.19,0.0,34.8,12.1,2,-206.131,1.118,549.118
5275.5,31.66,0.0,22.3,11.3,2,-206.852,1.136,547.343
5275.5,31.39,0.0,17.4,11.6,2,-207.355,1.149,546.187
5282.4,31.06,0.0,13.6,13.1,2,-208.144,1.170,544.487
5282.4,30.85,0.0,15.9,14.4,2,-208.692,1.183,543.377
5282.4,30.52,0.0,19.9,16.6,2,-209.546,1.204,541.745
5282.4,30.27,0.0,19.7,17.6,2,-210.134,1.218,540.680
5289.8,29.91,0.0,14.4,18.3,2,-211.045,1.237,539.121
5289.8,29.70,0.0,12.3,18.6,2,-211.672,1.249,538.107
5289.8,29.43,0.0,8.4,19.3,2,-212.645,1.268,536.623
5296.3,29.20,0.0,5.2,20.3,2,-213.657,1.286,535.184
5296.3,29.07,0.0,4.6,21.1,2,-214.353,1.298,534.249
5296.3,28.89,0.0,1.3,22.5,2,-215.431,1.314,532.885
5296.3,28.78,0.0,0.1,23.3,2,-216.172,1.325,532.001
5302.5,28.65,38.9,1.2,24.8,0,-217.317,1.341,530.714
5302.5,28.57,0.0,0.9,25.7,1,-218.103,1.350,529.881
5302.5,28.40,4.6,0.0,26.8,1,-219.314,1.365,528.675
5302.5,28.31,7.8,0.0,27.4,1,-220.142,1.374,527.900
5308.5,28.21,8.6,0.0,28.5,1,-221.416,1.386,526.781
5308.5,28.14,13.4,0.0,29.5,1,-222.286,1.394,526.065
5308.5,28.12,21.9,0.0,31.1,1,-223.622,1.405,525.035
5308.5,28.13,23.8,0.0,32.3,1,-224.534,1.412,524.376
5314.6,28.16,26.7,0.0,34.4,1,-225.934,1.421,523.432
5314.6,28.20,28.6,0.0,35.8,1,-226.888,1.427,522.832
5314.6,28.26,26.1,0.0,38.7,1,-228.349,1.435,521.975
5314.6,28.26,20.6,0.0,41.9,1,-229.843,1.442,521.172
5320.4,28.26,24.1,0.0,43.8,1,-230.854,1.446,520.669
5320.4,28.25,20.9,0.0,46.6,1,-232.395,1.451,519.961
5320.4,28.23,19.8,0.0,48.4,1,-233.436,1.454,519.522
5320.4,28.17,17.4,0.0,50.9,1,-235.015,1.458,518.914
5326.2,28.12,16.0,0.0,52.4,1,-236.078,1.460,518.543
5332.0,27.59,11.7,0.0,58.5,1,-243.666,1.464,516.754
5332.0,27.51,11.6,0.0,58.5,1,-244.759,1.463,516.615
5332.0,27.38,11.4,0.0,58.4,1,-246.398,1.460,516.461
5337.6,27.29,11.3,0.0,58.3,1,-247.490,1.458,516.397
5337.6,27.16,11.4,0.0,57.8,1,-249.123,1.455,516.354
5337.6,27.07,11.5,0.0,57.2,1,-250.207,1.452,516.361
5337.6,26.95,11.7,0.0,56.1,1,-251.827,1.447,516.426
5343.1,26.83,12.5,0.0,54.4,1,-253.435,1.441,516.556
5348.6,26.74,35.9,0.0,39.0,1,-261.266,1.398,518.151
5354.1,26.94,50.4,0.0,35.4,1,-262.795,1.385,518.653
5354.1,27.29,62.5,0.0,31.1,1,-264.320,1.371,519.217
5354.1,27.55,59.3,0.0,27.8,1,-265.336,1.360,519.628
5354.1,27.91,57.0,0.0,22.6,1,-266.858,1.344,520.298
5359.9,28.15,56.9,0.0,20.0,1,-267.870,1.333,520.781
5359.9,28.52,56.2,0.0,17.9,1,-269.381,1.315,521.558
5359.9,28.75,55.1,0.0,17.6,1,-270.383,1.304,522.111
5359.9,29.10,55.5,0.0,18.1,1,-271.877,1.286,522.993
5365.8,29.34,55.0,0.0,19.5,1,-272.866,1.273,523.615
5365.8,29.69,54.6,0.0,22.3,1,-274.339,1.254,524.596
5365.8,29.91,55.8,0.0,23.9,1,-275.313,1.240,525.282
5365.8,30.25,58.0,0.0,25.1,1,-276.761,1.219,526.358
5372.1,30.50,58.7,0.0,25.2,1,-277.716,1.205,527.107
5372.1,30.86,61.8,0.0,25.1,1,-279.133,1.183,528.281
5372.1,31.12,63.3,0.0,25.0,1,-280.066,1.169,529.096
5372.1,31.50,61.5,0.0,24.3,1,-281.445,1.146,530.370
5378.6,31.87,61.9,0.0,24.2,1,-282.798,1.121,531.704
5378.6,32.10,61.7,0.0,24.2,1,-283.684,1.105,532.626
5378.6,32.44,61.1,0.0,23.8,1,-284.984,1.080,534.060
5378.6,32.67,61.4,0.0,23.5,1,-285.831,1.063,535.048
5385.8,33.00,61.5,0.0,23.8,1,-287.067,1.040,536.581
5385.8,33.23,61.4,0.0,24.2,1,-287.868,1.024,537.635
5385.8,33.57,62.8,0.0,25.2,1,-289.036,1.000,539.263
5385.8,33.79,61.6,0.0,26.0,1,-289.789,0.985,540.378
5392.9,34.11,61.0,0.0,27.7,1,-290.883,0.961,542.096
5392.9,34.32,61.9,0.0,29.1,1,-291.586,0.945,543.270
5392.9,34.56,50.0,0.0,30.5,1,-292.599,0.922,545.071
5392.9,34.72,57.8,0.0,31.5,1,-293.243,0.906,546.297
5400.9,35.01,57.4,0.0,33.1,1,-294.165,0.885,548.174
5400.9,35.17,55.8,0.0,34.6,1,-294.750,0.871,549.449
5400.9,35.34,0.0,0.0,36.5,0,-295.583,0.850,551.395
5400.9,35.30,42.2,0.0,38.0,2,-296.352,0.828,553.367
5408.4,35.34,33.0,0.0,38.4,2,-296.829,0.814,554.697
5408.4,35.36,29.3,0.0,36.9,2,-297.486,0.794,556.714
5408.4,35.37,31.2,0.0,35.3,2,-297.885,0.783,558.071
5408.4,35.44,43.3,0.0,32.4,2,-298.426,0.766,560.124
5416.5,35.60,67.3,0.0,30.5,2,-298.750,0.755,561.507
5416.5,35.96,71.5,0.0,26.1,2,-299.184,0.740,563.609
5416.5,36.24,79.5,0.0,22.2,2,-299.440,0.730,565.029
5416.5,36.68,85.0,0.0,16.2,2,-299.771,0.716,567.190
5424.1,36.99,85.2,0.0,11.9,2,-299.958,0.707,568.651
5424.1,37.46,83.9,0.0,6.6,2,-300.186,0.696,570.872
5424.1,37.77,85.3,0.0,4.2,2,-300.306,0.689,572.371
5424.1,38.26,85.4,0.0,2.1,2,-300.436,0.679,574.646
5432.0,38.59,85.4,0.0,2.5,2,-300.492,0.673,576.182
5432.0,39.09,85.5,0.0,5.6,2,-300.530,0.665,578.510
5432.0,39.57,84.6,0.0,8.4,2,-300.519,0.659,580.869
5432.0,39.88,83.8,0.0,10.4,2,-300.485,0.656,582.458
5439.9,40.33,82.0,0.0,11.1,2,-300.397,0.649,584.862
5439.9,40.62,82.1,0.0,11.2,2,-300.312,0.645,586.478
5439.9,41.05,84.8,0.0,12.2,2,-300.141,0.637,588.921
5439.9,41.35,86.0,0.0,13.2,2,-299.996,0.632,590.562
5447.9,41.78,86.2,0.0,13.4,2,-299.729,0.624,593.041
5447.9,41.93,0.0,0.0,13.7,0,-299.517,0.618,594.703
5447.9,42.03,84.3,0.0,13.1,3,-299.145,0.607,597.190
5447.9,42.29,84.4,0.0,13.3,3,-298.862,0.599,598.852
5456.0,42.69,84.5,0.0,13.7,3,-298.381,0.586,601.355
5456.0,42.93,84.6,0.0,14.5,3,-298.025,0.576,603.029
5456.0,43.33,84.7,0.0,13.8,3,-297.438,0.556,605.548
5456.0,43.58,84.7,0.0,13.1,3,-297.009,0.542,607.232
5464.4,43.96,84.9,0.0,11.8,3,-296.305,0.521,609.761
5464.4,44.20,85.0,0.0,9.4,3,-295.797,0.506,611.449
5464.4,44.61,85.0,0.0,7.9,3,-294.983,0.480,613.985
5473.2,44.99,85.1,0.0,5.0,3,-294.104,0.450,616.524
5473.2,45.25,85.2,0.0,2.9,3,-293.483,0.429,618.218
5473.2,45.66,85.2,0.0,1.0,3,-292.506,0.394,620.764
5473.2,45.94,85.3,0.0,3.3,3,-291.828,0.369,622.465
5482.3,46.35,85.4,0.0,9.6,3,-290.775,0.330,625.025
5482.3,46.57,85.4,0.0,11.2,3,-290.048,0.303,626.734
5482.3,46.98,85.6,0.0,10.6,3,-288.913,0.263,629.300
5482.3,47.18,85.8,0.0,8.9,3,-288.127,0.236,631.009
5491.6,47.39,60.6,0.0,1.7,0,-286.900,0.194,633.568
5491.6,47.34,0.0,0.0,-5.1,0,-286.058,0.160,635.266
5491.6,47.54,30.5,0.0,-15.0,4,-284.762,0.103,637.797
5491.6,47.61,63.0,0.0,-16.2,4,-283.874,0.067,639.479
5501.0,47.91,83.5,0.0,-9.6,4,-282.511,0.018,641.997
5501.0,48.15,83.5,0.0,-3.5,4,-281.592,-0.012,643.683
5501.0,48.49,83.5,0.0,3.0,4,-280.215,-0.055,646.234
5501.0,48.84,83.3,0.0,4.1,4,-278.843,-0.097,648.810
5510.6,49.06,83.6,0.0,3.0,4,-277.928,-0.125,650.540
5510.6,49.39,83.8,0.0,1.7,4,-276.544,-0.166,653.149
5510.6,49.62,83.8,0.0,1.3,4,-275.610,-0.190,654.894
5510.6,49.94,84.0,0.0,1.6,4,-274.190,-0.220,657.521
5520.5,50.16,84.1,0.0,2.1,4,-273.231,-0.237,659.278
5520.5,50.49,84.2,0.0,2.5,4,-271.772,-0.256,661.921
5520.5,50.71,84.2,0.0,2.7,4,-270.787,-0.265,663.688
5520.5,51.03,84.3,0.0,3.0,4,-269.287,-0.281,666.346
5530.6,51.26,84.3,0.0,2.8,4,-268.272,-0.293,668.122
5530.6,51.59,84.4,0.0,2.4,4,-266.723,-0.309,670.790
5530.6,51.80,84.5,0.0,1.5,4,-265.673,-0.319,672.571
5530.6,52.13,84.5,0.0,1.0,4,-264.076,-0.333,675.248
5541.0,52.34,84.6,0.0,1.1,4,-262.997,-0.342,677.037
5541.0,52.67,84.7,0.0,1.9,4,-261.359,-0.355,679.727
5541.0,52.99,84.7,0.0,2.0,4,-259.698,-0.365,682.426
5541.0,53.20,84.8,0.0,1.8,4,-258.577,-0.371,684.229
5551.5,53.52,84.9,0.0,0.3,4,-256.876,-0.377,686.941
5551.5,53.73,85.0,0.0,0.1,4,-255.731,-0.381,688.755
5551.5,54.05,85.2,0.0,-0.0,4,-253.998,-0.387,691.484
5551.5,54.27,85.3,0.0,0.2,4,-252.833,-0.391,693.310
5562.3,54.58,85.4,0.0,0.2,4,-251.075,-0.398,696.061
5562.3,54.80,85.5,0.0,1.5,4,-249.896,-0.403,697.903
5562.3,55.11,85.7,0.0,2.5,4,-248.112,-0.412,700.675
5562.3,55.32,85.8,0.0,2.9,4,-246.912,-0.419,702.529
5573.2,55.62,86.0,0.0,3.1,4,-245.090,-0.429,705.313
5573.2,55.82,86.1,0.0,3.2,4,-243.859,-0.435,707.171
5573.2,56.12,86.2,0.0,3.1,4,-241.985,-0.444,709.957
5573.2,56.32,86.3,0.0,2.9,4,-240.717,-0.449,711.813
5584.4,56.61,86.5,0.0,2.9,4,-238.784,-0.456,714.594
5584.4,56.90,86.6,0.0,3.0,4,-236.815,-0.462,717.372
5584.4,57.09,86.7,0.0,3.1,4,-235.483,-0.465,719.222
5584.4,57.38,86.9,0.0,3.4,4,-233.455,-0.468,721.993
5595.8,57.57,87.0,0.0,3.3,4,-232.083,-0.470,723.837
5595.8,57.85,87.1,0.0,3.5,4,-229.995,-0.473,726.598
5595.8,58.03,87.2,0.0,3.4,4,-228.582,-0.474,728.434
5595.8,58.30,87.3,0.0,3.7,4,-226.432,-0.474,731.182
5607.4,58.48,87.4,0.0,3.8,4,-224.977,-0.472,733.009
5607.4,58.75,87.5,0.0,3.8,4,-222.763,-0.469,735.741
5607.4,58.93,87.6,0.0,3.8,4,-221.265,-0.466,737.555
5607.4,59.18,87.7,0.0,3.7,4,-218.984,-0.457,740.266
5619.3,59.36,87.8,0.0,3.7,4,-217.441,-0.449,742.066
5619.3,59.62,87.9,0.0,3.6,4,-215.093,-0.434,744.753
5619.3,59.79,88.0,0.0,3.6,4,-213.506,-0.423,746.537
5619.3,60.04,88.1,0.0,3.4,4,-211.093,-0.405,749.201
5631.4,60.29,88.3,0.0,3.0,4,-208.642,-0.385,751.851
5631.4,60.45,88.3,0.0,2.8,4,-206.987,-0.371,753.609
5631.4,60.71,88.4,0.0,3.1,4,-204.474,-0.347,756.234
5631.4,60.87,88.5,0.0,3.4,4,-202.779,-0.331,757.976
5643.6,60.90,0.0,0.0,3.8,0,-200.208,-0.306,760.576
5643.6,60.97,87.3,0.0,3.7,5,-198.481,-0.292,762.294
5643.6,61.19,87.4,0.0,3.5,5,-195.861,-0.272,764.856
5643.6,61.34,87.5,0.0,4.2,5,-194.093,-0.260,766.553
5656.0,61.57,87.6,0.0,5.4,5,-191.411,-0.247,769.082
5656.0,61.71,87.6,0.0,5.7,5,-189.601,-0.240,770.755
5656.0,61.92,87.7,0.0,5.5,5,-186.850,-0.231,773.243
5656.0,62.06,87.8,0.0,5.3,5,-184.992,-0.226,774.885
5668.4,62.27,87.9,0.0,4.8,5,-182.169,-0.221,777.321
5668.4,62.41,88.0,0.0,4.6,5,-180.261,-0.218,778.927
5668.4,62.62,88.1,0.0,4.6,5,-177.363,-0.216,781.307
5681.1,62.83,88.2,0.0,4.9,5,-174.420,-0.213,783.652
5681.1,62.97,88.2,0.0,5.1,5,-172.435,-0.212,785.197
5681.1,63.17,88.4,0.0,5.3,5,-169.422,-0.212,787.486
5681.1,63.30,88.4,0.0,5.1,5,-167.390,-0.212,788.992
5693.8,63.50,88.5,0.0,4.7,5,-164.307,-0.211,791.220
5706.7,64.32,88.9,0.0,2.9,5,-151.570,-0.204,799.760
5706.7,64.52,89.0,0.0,3.4,5,-148.293,-0.200,801.808
5706.7,64.66,89.0,0.0,4.2,5,-146.090,-0.197,803.157
5719.8,64.86,89.1,0.0,4.6,5,-142.758,-0.192,805.156
5719.8,64.99,89.1,0.0,5.0,5,-140.518,-0.188,806.471
5719.8,65.19,89.2,0.0,5.1,5,-137.131,-0.183,808.414
5719.8,65.32,89.3,0.0,5.0,5,-134.854,-0.181,809.689
5732.9,65.50,89.4,0.0,4.9,5,-131.408,-0.177,811.566
5732.9,65.76,89.5,0.0,5.0,5,-126.756,-0.173,814.001
5732.9,65.94,89.5,0.0,5.2,5,-123.225,-0.170,815.771
5732.9,66.06,89.6,0.0,5.5,5,-120.851,-0.168,816.925
5746.2,66.24,89.7,0.0,5.5,5,-117.261,-0.165,818.616
5746.2,66.35,89.7,0.0,5.5,5,-114.848,-0.162,819.715
5746.2,66.53,89.8,0.0,5.4,5,-111.200,-0.157,821.321
5759.5,66.70,89.9,0.0,5.2,5,-107.517,-0.150,822.874
5759.5,66.81,89.9,0.0,5.3,5,-105.044,-0.144,823.880
5759.5,66.99,90.0,0.0,5.3,5,-101.307,-0.137,825.344
5759.5,67.10,90.0,0.0,5.5,5,-98.798,-0.133,826.291
5772.9,67.27,90.1,0.0,5.4,5,-95.009,-0.125,827.665
5772.9,67.38,90.2,0.0,5.4,5,-92.466,-0.119,828.550
5772.9,67.55,90.2,0.0,6.1,5,-88.627,-0.114,829.835
5772.9,67.66,90.3,0.0,6.7,5,-86.052,-0.112,830.659
5786.3,67.81,90.3,0.0,6.6,5,-82.165,-0.108,831.845
5786.3,67.91,90.4,0.0,6.6,5,-79.558,-0.104,832.600
5786.3,68.06,90.4,0.0,5.2,5,-75.624,-0.098,833.679
5786.3,68.16,90.5,0.0,4.9,5,-72.987,-0.093,834.362
5799.7,68.32,90.6,0.0,4.8,5,-69.010,-0.085,835.333
5799.7,68.48,90.6,0.0,3.3,5,-65.009,-0.076,836.243
5799.7,68.57,90.7,0.0,2.8,5,-62.329,-0.070,836.818
5799.7,68.74,90.7,0.0,2.3,5,-58.292,-0.057,837.638
5813.3,68.85,90.8,0.0,2.2,5,-55.591,-0.047,838.160
5813.3,69.07,90.8,0.0,2.1,5,-50.164,-0.021,839.152
5813.3,69.23,90.9,0.0,2.3,5,-46.076,0.001,839.858
5813.3,69.34,90.9,0.0,2.3,5,-43.343,0.017,840.312
5827.1,69.50,91.0,0.0,2.3,5,-39.230,0.042,840.968
5827.1,69.61,91.0,0.0,2.2,5,-36.480,0.056,841.389
5827.1,69.76,91.1,0.0,2.2,5,-32.343,0.079,841.992
5827.1,69.86,91.1,0.0,1.9,5,-29.578,0.097,842.377
5841.0,70.02,91.2,0.0,1.5,5,-25.418,0.123,842.928
5841.0,70.17,91.3,0.0,1.1,5,-21.245,0.154,843.450
5841.0,70.27,91.3,0.0,1.0,5,-18.457,0.175,843.785
5855.1,70.43,91.4,0.0,0.6,5,-14.264,0.202,844.270
5855.1,70.54,91.4,0.0,0.3,5,-11.462,0.218,844.584
5855.1,70.60,0.0,0.0,0.2,0,-7.252,0.247,845.044
5855.1,70.58,90.5,0.0,-0.0,6,-3.042,0.275,845.493
-0.0,70.76,90.6,0.0,-0.0,6,2.580,0.314,846.084
