opponent,v3,Loïc Duval,0,1771612402955
Game,version,date,track,car,event,laptime [s],S1 [s],S2 [s],S3 [s],S4+ [s]
LMU,1.2,2026-02-20 18:33:22,Silverstone Grand Prix Circuit - ELMS,Peugeot TotalEnergies 2025 #94:LM (Hyper),Live,115.706,0,0,0
Tracklen [m],TotalLaps
5868.8,2
,
,
lapdistance [m],speed [m/s],throttle [%],brake [%],steer [%],gear [int],world_x [m],world_y [m],world_z [m]
17.0,71.10,59.3,0.0,0.2,5,29.436,0.499,848.249
31.1,71.25,59.3,0.0,0.2,5,33.678,0.536,848.740
31.1,71.35,59.3,0.0,0.2,5,36.511,0.560,849.067
31.1,71.51,59.3,0.0,0.2,5,40.769,0.595,849.556
31.1,71.61,59.3,0.0,0.2,5,43.612,0.619,849.880
45.4,71.76,59.4,0.0,0.2,5,47.885,0.658,850.366
45.4,71.85,59.4,0.0,0.2,5,50.739,0.684,850.688
45.4,72.00,59.4,0.0,0.2,5,55.027,0.725,851.169
45.4,72.10,59.4,0.0,0.2,5,57.891,0.751,851.488
59.8,72.24,59.4,0.0,0.2,5,62.195,0.790,851.965
59.8,72.39,59.4,0.0,0.2,5,66.507,0.830,852.440
59.8,72.48,59.3,0.0,0.2,5,69.387,0.858,852.757
74.3,72.62,59.2,0.0,0.1,5,73.714,0.901,853.230
74.3,72.71,59.2,0.0,0.0,5,76.603,0.926,853.544
74.3,72.85,59.1,0.0,0.0,5,80.944,0.962,854.016
74.3,72.94,59.1,0.0,-0.0,5,83.842,0.985,854.329
88.8,73.07,58.9,0.0,0.0,5,88.197,1.019,854.799
88.8,73.15,58.8,0.0,0.0,5,91.104,1.042,855.113
88.8,73.21,0.0,0.0,0.1,0,95.471,1.076,855.584
88.8,73.13,88.2,0.0,0.1,6,98.381,1.097,855.897
103.4,73.27,78.6,0.0,0.0,6,102.747,1.128,856.367
103.4,73.35,72.3,0.0,0.1,6,105.662,1.149,856.680
103.4,73.48,62.7,0.0,0.3,6,110.042,1.180,857.150
103.4,73.57,58.2,0.0,0.3,6,112.966,1.201,857.463
118.1,73.69,58.3,0.0,0.3,6,117.358,1.234,857.931
118.1,73.82,58.3,0.0,0.2,6,121.759,1.264,858.397
118.1,73.91,58.3,0.0,0.2,6,124.697,1.281,858.706
118.1,74.04,58.3,0.0,0.2,6,129.111,1.304,859.166
132.9,74.12,58.3,0.0,0.3,6,132.058,1.319,859.471
132.9,74.24,58.4,0.0,0.2,6,136.486,1.344,859.927
132.9,74.31,58.4,0.0,0.3,6,139.441,1.366,860.229
132.9,74.44,58.4,0.0,0.2,6,143.880,1.401,860.681
147.8,74.53,58.4,0.0,0.2,6,146.845,1.420,860.981
147.8,74.65,58.5,0.0,0.2,6,151.298,1.447,861.428
147.8,74.73,58.5,0.0,0.2,6,154.270,1.465,861.724
147.8,74.86,58.5,0.0,0.2,6,158.736,1.489,862.167
162.7,74.93,58.5,0.0,0.2,6,161.717,1.505,862.462
162.7,75.05,58.5,0.0,0.1,6,166.195,1.533,862.901
162.7,75.13,58.5,0.0,0.1,6,169.184,1.553,863.193
162.7,75.25,58.6,0.0,0.0,6,173.674,1.583,863.629
177.7,75.37,58.6,0.0,-0.1,6,178.171,1.613,864.064
177.7,75.44,58.6,0.0,-0.2,6,181.173,1.633,864.354
177.7,75.56,58.6,0.0,-0.4,6,185.682,1.661,864.789
177.7,75.64,58.7,0.0,-0.5,6,188.692,1.678,865.081
192.8,75.75,58.7,0.0,-0.4,6,193.211,1.706,865.521
192.8,75.82,58.7,0.0,-0.4,6,196.228,1.726,865.819
192.8,75.94,58.7,0.0,-0.4,6,200.758,1.754,866.271
192.8,76.01,58.8,0.0,-0.4,6,203.782,1.771,866.577
208.0,76.13,58.8,0.0,-0.3,6,208.322,1.797,867.042
208.0,76.20,58.8,0.0,-0.1,6,211.352,1.812,867.356
208.0,76.31,58.8,0.0,0.2,6,215.902,1.838,867.832
208.0,76.37,58.9,0.0,0.3,6,218.939,1.859,868.151
223.2,76.49,58.9,0.0,0.4,6,223.499,1.891,868.632
223.2,76.56,58.9,0.0,0.4,6,226.543,1.913,868.952
223.2,76.64,40.4,8.9,0.5,6,231.115,1.944,869.428
223.2,76.24,0.0,57.2,0.6,6,235.682,1.977,869.898
238.5,75.60,0.0,75.0,0.5,6,238.705,1.999,870.204
238.5,74.46,0.0,85.1,0.6,6,243.187,2.030,870.652
238.5,73.61,0.0,84.6,0.7,6,246.135,2.047,870.943
238.5,72.34,0.0,84.6,1.0,6,250.496,2.070,871.363
253.4,71.52,0.0,85.0,1.2,6,253.363,2.087,871.632
253.4,70.26,0.0,85.2,1.5,6,257.601,2.109,872.019
253.4,69.03,0.0,85.7,1.5,6,261.767,2.132,872.381
253.4,68.19,0.0,85.0,1.7,6,264.503,2.147,872.608
267.3,66.95,0.0,85.2,2.2,6,268.548,2.169,872.923
267.3,66.13,0.0,85.4,2.3,6,271.204,2.182,873.114
267.3,64.90,0.0,85.7,2.6,6,275.129,2.200,873.371
267.3,64.08,0.0,85.2,2.8,0,277.706,2.210,873.521
280.4,62.87,0.0,85.8,2.7,5,281.513,2.224,873.710
280.4,62.04,0.0,82.6,2.5,5,284.010,2.233,873.810
280.4,60.89,0.0,71.3,2.7,5,287.698,2.246,873.920
292.8,59.86,0.0,57.2,2.4,5,291.321,2.258,873.978
292.8,59.27,0.0,47.6,2.7,5,293.705,2.269,873.983
292.8,58.58,0.0,23.3,4.2,5,297.240,2.285,873.942
292.8,58.28,0.0,17.7,5.5,5,299.576,2.296,873.881
304.4,57.88,0.0,17.2,7.2,5,303.059,2.312,873.738
304.4,57.62,0.0,12.8,8.1,5,305.365,2.324,873.610
304.4,57.30,0.0,6.6,8.4,5,308.804,2.344,873.365
304.4,57.13,0.0,5.7,8.6,5,311.085,2.358,873.166
315.7,56.87,0.0,5.1,7.9,5,314.487,2.381,872.815
315.7,56.71,0.0,1.5,8.5,5,316.743,2.395,872.546
315.7,56.51,0.5,2.0,7.9,5,320.109,2.415,872.090
315.7,56.37,0.0,5.8,7.7,5,322.341,2.429,871.749
326.9,56.08,0.0,13.5,8.0,5,325.668,2.448,871.187
326.9,55.73,0.0,18.8,8.4,5,328.965,2.465,870.566
326.9,55.46,0.0,18.8,9.4,5,331.144,2.476,870.119
326.9,55.06,0.0,9.9,10.3,5,334.380,2.492,869.397
338.1,54.87,7.8,0.7,10.5,5,336.517,2.503,868.880
338.1,54.79,40.2,0.0,11.3,5,339.699,2.519,868.047
338.1,54.81,46.1,0.0,12.4,5,341.808,2.530,867.452
338.1,54.91,47.2,0.0,15.0,5,344.958,2.545,866.499
349.6,54.96,38.7,0.0,17.0,5,347.049,2.555,865.825
349.6,54.99,29.5,0.0,20.3,5,350.169,2.569,864.753
349.6,54.97,21.2,0.0,20.9,5,352.236,2.579,864.000
349.6,54.84,8.2,0.0,21.2,5,355.309,2.595,862.813
361.2,54.68,12.1,0.0,20.9,5,358.345,2.612,861.557
361.2,54.60,17.7,0.0,20.3,5,360.348,2.624,860.681
361.2,54.54,34.9,0.0,19.9,5,363.319,2.642,859.308
361.2,54.55,38.2,0.0,20.0,5,365.281,2.653,858.354
372.6,54.54,25.4,0.0,21.2,5,368.195,2.670,856.863
372.6,54.51,23.6,0.0,23.1,5,370.116,2.680,855.831
372.6,54.46,28.7,0.0,25.7,5,372.965,2.697,854.229
372.6,54.45,29.2,0.0,27.2,5,374.843,2.709,853.125
384.0,54.41,27.5,0.0,28.2,5,377.626,2.726,851.416
384.0,54.38,24.9,0.0,28.5,5,379.459,2.737,850.242
384.0,54.31,21.9,0.0,28.6,5,382.171,2.753,848.432
384.0,54.25,20.7,0.0,28.8,5,383.953,2.762,847.192
395.6,54.15,20.3,0.0,28.8,5,386.585,2.776,845.282
395.6,54.08,21.0,0.0,28.8,5,388.310,2.787,843.975
395.6,53.98,21.2,0.0,28.5,5,390.854,2.802,841.966
395.6,53.91,20.6,0.0,28.4,5,392.521,2.813,840.595
406.8,53.82,20.5,0.0,27.4,5,394.975,2.829,838.492
406.8,53.73,22.7,0.0,26.3,5,397.374,2.844,836.334
406.8,53.69,26.0,0.0,25.1,5,398.942,2.855,834.865
406.8,53.65,28.6,0.0,23.5,5,401.247,2.872,832.617
417.8,53.64,30.0,0.0,22.2,5,402.754,2.883,831.089
417.8,53.64,31.4,0.0,20.5,5,404.968,2.899,828.754
417.8,53.66,36.3,0.0,19.2,5,406.414,2.909,827.168
417.8,53.71,37.3,0.0,17.2,5,408.538,2.924,824.747
428.7,53.75,41.9,0.0,16.4,5,409.925,2.932,823.106
428.7,53.92,49.6,0.0,15.3,5,411.965,2.942,820.602
428.7,54.03,49.6,0.0,14.5,5,413.298,2.949,818.904
428.7,54.19,49.9,0.0,13.5,5,415.255,2.962,816.315
439.4,54.32,50.1,0.0,13.1,5,416.533,2.971,814.561
439.4,54.50,50.3,0.0,12.7,5,418.413,2.983,811.892
439.4,54.63,50.3,0.0,12.2,5,419.642,2.989,810.089
439.4,54.84,50.5,0.0,11.5,5,421.447,3.001,807.346
450.0,55.03,50.8,0.0,10.8,5,423.202,3.015,804.556
450.0,55.15,50.9,0.0,10.2,5,424.346,3.025,802.674
450.0,55.36,51.1,0.0,9.5,5,426.020,3.043,799.812
450.0,55.48,51.3,0.0,9.2,5,427.108,3.058,797.881
460.8,55.69,51.5,0.0,9.1,5,428.699,3.079,794.951
460.8,55.81,51.6,0.0,8.7,5,429.733,3.095,792.975
460.8,56.01,51.8,0.0,9.4,5,431.241,3.121,789.980
460.8,56.14,51.7,0.0,9.3,5,432.220,3.136,787.962
471.8,56.34,52.1,0.0,8.5,5,433.649,3.159,784.906
471.8,56.47,52.2,0.0,8.0,5,434.573,3.175,782.847
471.8,56.68,52.5,0.0,7.8,5,435.919,3.197,779.732
471.8,56.81,52.1,0.0,7.8,5,436.791,3.213,777.637
483.1,57.02,52.0,0.0,7.1,5,438.057,3.242,774.467
483.1,57.12,53.0,0.0,6.0,5,438.875,3.262,772.336
483.1,57.29,54.1,0.0,4.5,5,440.068,3.284,769.119
494.3,57.52,53.1,0.0,2.7,5,441.221,3.296,765.874
494.3,57.66,53.3,0.0,3.3,5,441.961,3.308,763.693
494.3,57.86,53.8,0.0,4.9,5,443.031,3.332,760.397
494.3,57.98,46.1,0.0,5.7,5,443.723,3.351,758.187
505.7,58.14,49.7,0.0,5.3,5,444.732,3.378,754.853
505.7,58.29,53.8,0.0,4.6,5,445.386,3.396,752.618
505.7,58.48,54.2,0.0,2.6,5,446.338,3.422,749.248
505.7,58.64,54.1,0.0,2.7,5,446.954,3.443,746.989
517.3,58.84,54.0,0.0,3.8,5,447.852,3.477,743.582
517.3,59.02,53.8,0.0,3.7,5,448.438,3.494,741.299
517.3,59.21,54.6,0.0,3.8,5,449.291,3.521,737.857
517.3,59.35,54.9,0.0,3.9,5,449.843,3.537,735.551
529.1,59.57,54.8,0.0,3.5,5,450.644,3.559,732.075
529.1,59.70,54.9,0.0,3.4,5,451.159,3.575,729.746
529.1,59.91,55.1,0.0,3.7,5,451.900,3.601,726.236
529.1,60.12,55.1,0.0,3.9,5,452.607,3.629,722.706
541.0,60.26,55.2,0.0,3.7,5,453.060,3.650,720.341
541.0,60.48,55.4,0.0,3.2,5,453.713,3.679,716.779
541.0,60.63,55.3,0.0,2.7,5,454.132,3.696,714.394
541.0,60.84,55.5,0.0,2.2,5,454.736,3.719,710.801
553.0,60.98,55.6,0.0,1.8,5,455.124,3.735,708.396
553.0,61.19,55.8,0.0,1.8,5,455.685,3.763,704.775
553.0,61.33,55.9,0.0,1.6,5,456.047,3.783,702.352
553.0,61.55,55.9,0.0,1.0,5,456.578,3.812,698.704
565.2,61.69,56.1,0.0,0.8,5,456.923,3.832,696.264
565.2,61.90,56.2,0.0,0.7,5,457.430,3.864,692.592
565.2,62.04,56.2,0.0,0.7,5,457.763,3.885,690.136
565.2,62.25,56.4,0.0,0.7,5,458.256,3.917,686.440
577.5,62.39,56.4,0.0,0.7,5,458.580,3.938,683.969
577.5,62.60,56.5,0.0,0.7,5,459.061,3.970,680.250
577.5,62.81,56.6,0.0,0.8,5,459.534,4.002,676.518
577.5,62.95,56.7,0.0,0.9,5,459.846,4.023,674.023
589.9,63.16,56.8,0.0,0.9,5,460.308,4.055,670.268
589.9,63.30,56.9,0.0,0.9,5,460.612,4.076,667.758
589.9,63.50,57.0,0.0,0.9,5,461.061,4.108,663.981
589.9,63.64,57.0,0.0,1.0,5,461.355,4.128,661.455
602.6,63.85,57.2,0.0,1.0,5,461.789,4.159,657.656
602.6,63.98,57.2,0.0,1.0,5,462.073,4.180,655.115
602.6,64.18,57.3,0.0,1.0,5,462.490,4.213,651.294
602.6,64.32,57.4,0.0,1.0,5,462.763,4.235,648.739
615.3,64.52,57.5,0.0,1.0,5,463.163,4.267,644.895
615.3,64.65,57.5,0.0,1.0,5,463.423,4.288,642.325
615.3,64.85,57.6,0.0,1.0,5,463.804,4.320,638.460
615.3,64.98,57.7,0.0,1.1,5,464.051,4.341,635.875
628.3,65.18,57.7,0.0,1.0,5,464.412,4.373,631.988
628.3,65.31,57.8,0.0,1.0,5,464.646,4.394,629.389
628.3,65.50,57.9,0.0,1.1,5,464.987,4.425,625.480
628.3,65.70,57.9,0.0,1.0,5,465.316,4.456,621.559
641.3,65.82,58.0,0.0,0.9,5,465.529,4.476,618.937
641.3,66.02,58.0,0.0,0.8,5,465.839,4.507,614.995
641.3,66.14,58.1,0.0,0.7,5,466.039,4.528,612.359
641.3,66.33,58.1,0.0,0.6,5,466.331,4.559,608.396
654.6,66.46,58.2,0.0,0.7,5,466.520,4.580,605.748
654.6,66.65,58.2,0.0,0.6,5,466.797,4.611,601.765
654.6,66.77,58.2,0.0,0.7,5,466.977,4.632,599.103
654.6,66.96,58.3,0.0,0.6,5,467.240,4.662,595.100
667.9,67.08,58.3,0.0,-0.2,5,467.411,4.683,592.425
667.9,67.26,58.3,0.0,0.1,5,467.664,4.713,588.403
667.9,67.39,58.4,0.0,-0.4,5,467.831,4.732,585.715
667.9,67.57,58.4,0.0,-0.2,5,468.082,4.759,581.675
681.4,67.75,58.4,0.0,0.4,5,468.335,4.784,577.624
681.4,67.87,58.5,0.0,0.4,5,468.504,4.800,574.917
681.4,68.05,58.5,0.0,0.3,5,468.758,4.822,570.848
681.4,68.17,58.5,0.0,0.6,5,468.927,4.835,568.129
695.0,68.34,58.6,0.0,0.2,5,469.176,4.852,564.042
695.0,68.46,58.6,0.0,0.1,5,469.340,4.862,561.311
695.0,68.63,58.7,0.0,-0.0,5,469.584,4.878,557.206
695.0,68.75,58.7,0.0,0.4,5,469.744,4.888,554.463
708.7,68.92,58.8,0.0,0.0,5,469.983,4.901,550.340
708.7,69.04,58.8,0.0,-0.2,5,470.141,4.909,547.586
708.7,69.21,58.9,0.0,-0.0,5,470.378,4.919,543.445
708.7,69.33,58.9,0.0,-0.2,5,470.536,4.923,540.679
722.6,69.49,58.9,0.0,0.1,5,470.774,4.929,536.522
722.6,69.61,59.0,0.0,0.3,5,470.934,4.932,533.745
722.6,69.78,59.0,0.0,0.5,5,471.174,4.935,529.570
736.6,69.95,59.0,0.0,0.6,5,471.411,4.936,525.386
736.6,70.06,59.1,0.0,0.5,5,471.567,4.934,522.590
736.6,70.23,59.1,0.0,0.2,5,471.796,4.930,518.388
736.6,70.34,59.1,0.0,0.1,5,471.946,4.927,515.581
750.7,70.50,59.2,0.0,0.1,5,472.167,4.920,511.362
750.7,70.61,59.2,0.0,0.2,5,472.313,4.915,508.544
750.7,70.77,59.2,0.0,0.2,5,472.529,4.904,504.308
750.7,70.88,59.2,0.0,0.2,5,472.672,4.895,501.479
764.9,71.04,59.3,0.0,0.1,5,472.884,4.878,497.227
764.9,71.15,59.3,0.0,0.1,5,473.025,4.865,494.387
764.9,71.31,59.3,0.0,0.2,5,473.234,4.842,490.118
764.9,71.42,59.3,0.0,0.2,5,473.372,4.826,487.267
779.2,71.57,59.3,0.0,0.2,5,473.577,4.802,482.983
779.2,71.67,59.4,0.0,0.3,5,473.713,4.786,480.121
779.2,71.83,59.4,0.0,-0.3,5,473.914,4.763,475.821
779.2,71.98,59.4,0.0,-0.7,5,474.115,4.744,471.512
793.5,72.08,59.4,0.0,-1.2,5,474.250,4.733,468.634
793.5,72.24,59.4,0.0,-1.6,5,474.459,4.714,464.309
793.5,72.34,59.4,0.0,-1.9,5,474.607,4.701,461.422
793.5,72.48,59.3,0.0,-2.6,5,474.845,4.684,457.084
808.0,72.58,59.2,0.0,-3.1,5,475.018,4.673,454.188
808.0,72.72,59.1,0.0,-3.3,5,475.303,4.653,449.839
808.0,72.81,59.1,0.0,-3.6,5,475.512,4.636,446.936
808.0,72.93,58.9,0.0,-3.7,5,475.862,4.614,442.578
822.5,73.06,58.8,0.0,-4.3,5,476.257,4.592,438.216
822.5,73.15,58.9,0.0,-4.7,5,476.545,4.573,435.307
822.5,73.26,58.7,0.0,-4.9,0,477.023,4.543,430.941
822.5,73.15,0.0,0.0,-4.8,0,477.375,4.528,428.033
837.1,73.20,81.8,0.0,-4.5,6,477.955,4.511,423.683
837.1,73.28,75.5,0.0,-4.5,6,478.376,4.498,420.784
837.1,73.39,65.9,0.0,-4.9,6,479.061,4.479,416.438
837.1,73.47,59.5,0.0,-5.6,6,479.554,4.468,413.542
851.7,73.57,58.3,0.0,-6.4,6,480.349,4.452,409.204
851.7,73.64,58.3,0.0,-6.4,6,480.915,4.442,406.315
851.7,73.75,58.3,0.0,-5.7,6,481.821,4.424,401.987
851.7,73.82,58.3,0.0,-5.7,6,482.463,4.410,399.106
866.3,73.92,58.3,0.0,-7.5,6,483.482,4.386,394.793
866.3,73.98,58.3,0.0,-7.8,6,484.200,4.367,391.923
866.3,74.09,58.3,0.0,-8.7,6,485.334,4.330,387.629
866.3,74.17,58.4,0.0,-8.1,6,486.540,4.286,383.348
880.8,74.23,58.4,0.0,-7.9,6,487.387,4.254,380.504
880.8,74.31,58.4,0.0,-7.1,6,488.723,4.204,376.253
880.8,74.37,58.4,0.0,-6.8,6,489.656,4.169,373.430
880.8,74.46,58.4,0.0,-6.5,6,491.123,4.115,369.213
895.8,74.52,58.4,0.0,-6.6,6,492.143,4.078,366.414
895.8,74.61,58.5,0.0,-6.8,6,493.735,4.021,362.234
895.8,74.67,58.5,0.0,-6.0,6,494.839,3.983,359.460
895.8,74.77,58.5,0.0,-3.3,6,496.553,3.928,355.319
911.1,74.80,36.4,8.2,-1.3,6,497.734,3.891,352.570
911.1,74.48,0.0,21.7,1.1,6,499.545,3.835,348.471
911.1,74.16,0.0,21.5,1.9,6,500.768,3.800,345.761
911.1,73.71,0.0,24.9,2.4,6,502.606,3.749,341.724
926.3,73.10,0.0,52.1,2.5,6,504.426,3.692,337.710
926.3,72.53,0.0,54.6,2.7,6,505.619,3.650,335.052
926.3,71.65,0.0,53.1,2.8,6,507.365,3.592,331.093
926.3,71.08,0.0,50.0,2.8,6,508.496,3.560,328.471
941.2,70.30,0.0,42.9,3.7,6,510.143,3.519,324.561
941.2,69.82,0.0,43.2,4.3,6,511.208,3.494,321.968
941.2,69.09,0.0,42.2,4.4,6,512.751,3.456,318.096
941.2,68.61,0.0,38.0,4.4,6,513.741,3.433,315.525
955.2,67.95,0.0,47.2,4.9,6,515.168,3.403,311.683
955.2,67.40,0.0,61.0,5.1,6,516.079,3.384,309.132
955.2,66.43,0.0,60.1,5.4,6,517.377,3.361,305.331
955.2,65.81,0.0,56.3,4.9,6,518.197,3.349,302.815
968.3,64.94,0.0,45.5,5.0,6,519.357,3.335,299.067
968.3,64.42,0.0,42.3,5.2,6,520.086,3.326,296.584
968.3,63.72,0.0,37.7,6.1,6,521.113,3.312,292.879
980.9,63.06,0.0,17.9,7.0,6,522.060,3.298,289.194
980.9,62.83,49.4,0.0,6.9,6,522.646,3.287,286.746
980.9,62.90,57.3,2.3,8.5,6,523.464,3.270,283.065
980.9,62.77,9.1,36.8,9.7,6,523.968,3.258,280.601
993.5,62.18,27.6,22.6,11.3,0,524.657,3.240,276.915
993.5,61.87,0.0,7.2,9.4,5,525.071,3.230,274.469
993.5,61.69,50.1,0.0,7.4,5,525.622,3.219,270.805
993.5,61.63,17.4,13.4,6.4,5,525.947,3.212,268.359
1007.3,61.21,0.0,10.4,7.0,5,526.364,3.207,264.696
1007.3,61.04,15.4,0.5,7.9,5,526.604,3.204,262.262
1007.3,60.94,58.9,0.0,7.2,5,526.917,3.186,258.617
1007.3,60.99,53.7,0.0,7.8,5,527.075,3.185,256.183
1020.8,60.96,23.2,0.0,9.1,5,527.240,3.196,252.527
1020.8,60.91,29.4,0.0,9.4,5,527.318,3.194,250.091
1020.8,60.93,32.4,0.0,11.8,5,527.385,3.176,246.436
1020.8,60.83,5.7,3.5,15.8,5,527.367,3.163,242.781
1033.5,60.66,0.0,5.6,16.8,5,527.307,3.161,240.352
1033.5,60.36,0.0,5.1,15.7,5,527.152,3.160,236.723
1033.5,60.17,0.0,3.9,14.2,5,527.003,3.161,234.317
1033.5,59.89,0.0,1.0,11.6,5,526.708,3.169,230.727
1045.8,59.72,0.0,0.6,10.3,5,526.461,3.178,228.348
1045.8,59.48,1.1,0.2,9.1,5,526.019,3.195,224.799
1045.8,59.33,0.9,0.0,10.2,5,525.680,3.205,222.447
1045.8,59.11,4.3,2.1,9.3,5,525.104,3.221,218.940
1057.6,58.95,0.7,1.5,9.0,5,524.675,3.233,216.618
1057.6,58.73,5.0,0.0,8.7,5,523.967,3.255,213.159
1057.6,58.67,39.7,0.0,7.9,5,523.453,3.272,210.869
1057.6,58.81,64.4,0.0,6.3,5,522.624,3.299,207.444
1069.2,58.94,57.9,0.0,5.4,5,522.035,3.318,205.165
1069.2,59.14,54.5,0.0,3.9,5,521.103,3.347,201.748
1069.2,59.36,54.6,0.0,1.8,5,520.120,3.377,198.332
1069.2,59.50,54.7,0.0,0.7,5,519.443,3.397,196.054
1081.1,59.73,54.9,0.0,-0.2,5,518.405,3.426,192.631
1081.1,59.87,55.0,0.0,-1.0,5,517.702,3.446,190.345
1081.1,60.10,55.1,0.0,-2.0,5,516.642,3.474,186.907
1081.1,60.24,55.2,0.0,-2.5,5,515.935,3.492,184.606
1093.2,60.46,55.3,0.0,-3.3,5,514.884,3.518,181.142
1093.2,60.57,42.1,0.0,-3.8,5,514.191,3.534,178.822
1093.2,60.39,1.3,42.2,-4.4,5,513.174,3.554,175.335
1093.2,59.91,0.0,65.4,-4.3,5,512.517,3.566,173.019
1105.4,58.88,0.0,78.7,-3.8,5,511.572,3.583,169.579
1105.4,58.12,0.0,76.3,-3.2,5,510.971,3.594,167.316
1105.4,57.04,0.0,72.4,-2.4,5,510.118,3.611,163.966
1105.4,56.33,0.0,66.5,-1.6,5,509.581,3.621,161.762
1116.9,55.39,0.0,59.9,-2.1,5,508.825,3.635,158.495
1116.9,54.48,0.0,59.2,-1.5,5,508.130,3.649,155.271
1116.9,53.91,0.0,56.5,-2.6,5,507.699,3.660,153.146
1116.9,53.09,0.0,45.8,-5.1,5,507.097,3.675,149.991
1127.9,52.63,0.0,38.5,-5.8,5,506.726,3.684,147.909
1127.9,52.07,0.0,20.6,-7.3,5,506.216,3.698,144.810
1127.9,51.82,37.8,12.3,-8.2,0,505.907,3.705,142.755
1127.9,51.55,0.0,5.4,-9.0,4,505.491,3.713,139.682
1138.7,51.39,0.0,2.4,-9.8,4,505.249,3.717,137.637
1138.7,51.19,0.0,2.2,-10.9,4,504.938,3.720,134.575
1138.7,51.05,0.0,2.8,-11.8,4,504.766,3.720,132.537
1138.7,50.86,2.0,0.1,-13.7,4,504.562,3.717,129.487
1149.7,50.75,5.7,0.0,-15.4,4,504.459,3.710,127.457
1149.7,50.58,8.2,0.0,-15.5,4,504.362,3.695,124.418
1149.7,50.48,11.6,2.3,-14.5,4,504.340,3.685,122.397
1149.7,50.27,0.0,3.1,-13.1,4,504.376,3.678,119.374
1160.3,50.04,2.5,0.2,-11.0,4,504.490,3.675,116.367
1160.3,49.92,10.3,0.0,-9.9,4,504.608,3.675,114.371
1160.3,49.78,12.4,0.0,-9.7,4,504.846,3.677,111.389
1160.3,49.71,6.8,0.0,-9.8,4,505.035,3.668,109.409
1170.8,49.51,12.1,0.0,-11.2,4,505.379,3.655,106.451
1170.8,49.42,18.7,0.0,-12.0,4,505.654,3.652,104.492
1170.8,49.31,7.5,0.0,-14.0,4,506.129,3.649,101.567
1170.8,49.21,1.7,0.0,-15.4,4,506.474,3.638,99.627
1181.3,48.98,6.5,0.0,-19.0,4,507.046,3.617,96.737
1181.3,48.87,15.1,0.0,-21.9,4,507.469,3.607,94.826
1181.3,48.76,10.8,0.0,-24.3,4,508.154,3.586,91.978
1181.3,48.65,8.1,0.0,-26.1,4,508.646,3.570,90.093
1191.6,48.47,9.0,0.0,-28.4,4,509.443,3.545,87.290
1191.6,48.36,7.2,0.0,-30.7,4,510.010,3.528,85.438
1191.6,48.19,8.0,0.0,-33.0,4,510.911,3.497,82.685
1201.7,48.02,8.9,0.0,-34.4,4,511.871,3.462,79.963
1201.7,47.91,9.7,0.0,-35.0,4,512.544,3.437,78.166
1201.7,47.74,10.3,0.0,-35.3,4,513.605,3.397,75.500
1201.7,47.63,10.3,0.0,-35.5,4,514.347,3.369,73.743
1201.7,47.51,11.4,0.0,-35.7,4,515.116,3.340,72.003
1211.5,47.36,17.6,0.0,-35.0,4,516.322,3.297,69.425
1211.5,47.23,20.5,0.0,-32.7,4,517.593,3.257,66.888
1211.5,47.15,23.6,0.0,-31.3,4,518.477,3.232,65.221
1221.0,47.07,32.0,0.0,-30.0,4,519.857,3.199,62.754
1221.0,47.05,38.1,0.0,-26.5,4,520.813,3.179,61.133
1221.0,47.09,55.4,0.0,-18.3,4,522.298,3.152,58.732
1221.0,47.17,58.6,0.0,-12.3,4,523.322,3.134,57.149
1230.4,47.25,35.9,10.0,-4.4,4,524.907,3.108,54.801
1230.4,47.09,4.1,43.4,1.3,4,525.991,3.091,53.256
1230.4,46.38,0.0,62.0,8.2,4,527.628,3.066,50.976
1230.4,45.79,0.0,70.0,10.0,4,528.708,3.049,49.481
1239.7,44.82,33.9,77.2,9.7,0,530.292,3.022,47.269
1239.7,43.78,0.0,82.1,7.7,3,531.817,2.996,45.088
1239.7,43.06,0.0,82.9,6.2,3,532.795,2.980,43.652
1239.7,42.02,0.0,46.3,3.7,3,534.205,2.956,41.523
1248.3,41.54,0.0,21.5,2.1,3,535.106,2.940,40.115
1248.3,41.16,0.0,4.8,1.2,3,536.400,2.914,38.000
1248.3,40.94,0.0,0.4,3.7,3,537.628,2.886,35.865
1248.3,40.83,1.4,0.0,7.6,3,538.412,2.866,34.429
1256.5,40.69,4.1,0.0,15.0,3,539.534,2.835,32.257
1256.5,40.61,6.5,0.0,19.1,3,540.249,2.813,30.796
1256.5,40.49,5.9,0.0,22.5,3,541.274,2.780,28.590
1256.5,40.41,4.6,0.0,23.0,3,541.926,2.758,27.109
1264.8,40.27,10.7,0.0,22.3,3,542.850,2.722,24.872
1264.8,40.26,39.1,0.0,21.3,3,543.430,2.699,23.370
1264.8,40.43,73.9,0.0,20.0,3,544.246,2.663,21.092
1264.8,40.74,77.3,0.0,20.2,3,545.000,2.628,18.778
1273.0,40.91,69.3,0.0,21.5,3,545.471,2.605,17.215
1273.0,41.09,51.5,0.0,24.6,3,546.125,2.568,14.844
1273.0,41.15,40.4,0.0,27.1,3,546.526,2.543,13.249
1273.0,41.17,38.1,0.0,30.5,3,547.073,2.504,10.841
1281.9,41.20,43.3,0.0,31.8,3,547.400,2.478,9.227
1281.9,41.28,44.8,0.0,32.6,3,547.834,2.441,6.791
1281.9,41.31,33.3,0.0,33.8,3,548.087,2.416,5.159
1281.9,41.28,24.7,0.0,35.5,3,548.412,2.377,2.703
1290.8,41.24,24.1,0.0,36.8,3,548.592,2.349,1.062
1290.8,41.18,22.5,0.0,38.0,3,548.804,2.306,-1.401
1290.8,41.12,21.9,0.0,38.4,3,548.907,2.278,-3.043
1290.8,41.05,21.7,0.0,38.8,3,549.003,2.235,-5.506
1299.8,40.97,20.9,0.0,39.1,3,549.028,2.191,-7.966
1299.8,40.95,32.2,0.0,40.2,3,549.008,2.162,-9.604
1299.8,40.93,23.3,0.0,42.2,3,548.922,2.115,-12.058
1299.8,40.85,15.5,0.0,43.4,3,548.828,2.083,-13.691
1308.3,40.72,14.5,0.0,44.5,3,548.630,2.036,-16.130
1308.3,40.64,14.3,0.0,44.6,3,548.458,2.007,-17.748
1308.3,40.50,13.9,0.0,44.2,3,548.141,1.964,-20.162
1308.3,40.40,14.2,0.0,43.2,3,547.891,1.938,-21.760
1317.3,40.27,15.1,0.0,41.3,3,547.455,1.899,-24.140
1317.3,40.19,16.1,0.0,39.8,3,547.124,1.874,-25.715
1317.3,40.07,18.6,0.0,37.5,3,546.567,1.840,-28.057
1317.3,40.00,21.1,0.0,36.0,3,546.155,1.819,-29.605
1326.2,39.94,26.8,0.0,33.5,3,545.478,1.790,-31.905
1326.2,39.93,29.4,0.0,32.6,3,544.989,1.771,-33.426
1326.2,39.93,34.4,0.0,31.6,3,544.203,1.740,-35.688
1334.9,39.96,40.6,0.0,30.6,3,543.355,1.708,-37.929
1334.9,40.01,48.2,0.0,29.3,3,542.754,1.687,-39.412
1334.9,40.16,66.1,0.0,26.3,3,541.798,1.657,-41.617
1334.9,40.33,81.9,0.0,23.4,3,541.122,1.638,-43.078
1343.2,40.67,89.6,0.0,18.3,3,540.051,1.613,-45.257
1343.2,40.91,89.6,0.0,15.3,3,539.298,1.596,-46.704
1343.2,41.28,89.6,0.0,12.0,3,538.114,1.571,-48.866
1343.2,41.53,89.6,0.0,10.1,3,537.289,1.553,-50.301
1351.8,41.90,89.6,0.0,7.9,3,535.994,1.528,-52.442
1351.8,42.15,89.6,0.0,7.1,3,535.095,1.513,-53.861
1351.8,42.54,89.6,0.0,6.8,3,533.694,1.491,-55.980
1351.8,42.81,89.6,0.0,7.1,3,532.727,1.476,-57.386
1360.6,43.20,89.7,0.0,7.8,3,531.232,1.456,-59.487
1360.6,43.58,89.7,0.0,8.6,3,529.685,1.434,-61.581
1360.6,43.84,89.7,0.0,8.4,3,528.627,1.419,-62.971
1360.6,44.23,89.7,0.0,7.9,3,526.996,1.394,-65.050
1369.3,44.49,89.7,0.0,7.8,3,525.882,1.376,-66.430
1369.3,44.87,89.7,0.0,7.3,3,524.167,1.347,-68.489
1369.3,45.13,89.7,0.0,7.2,3,522.996,1.327,-69.855
1369.3,45.51,89.7,0.0,7.2,3,521.196,1.295,-71.892
1378.2,45.76,89.7,0.0,7.2,3,519.968,1.273,-73.241
1378.2,46.14,89.7,0.0,7.5,3,518.083,1.239,-75.252
1378.2,46.39,89.8,0.0,7.5,3,516.799,1.215,-76.584
1378.2,46.72,52.4,0.0,9.1,3,514.833,1.177,-78.568
1387.3,46.72,11.2,0.0,10.4,3,513.498,1.149,-79.876
1387.3,46.93,89.8,0.0,11.3,3,511.462,1.108,-81.809
1387.3,47.17,89.8,0.0,11.1,3,510.077,1.082,-83.081
1387.3,47.52,89.8,0.0,10.2,3,507.953,1.046,-84.966
1396.5,47.87,89.8,0.0,9.7,3,505.774,1.012,-86.821
1396.5,48.11,89.8,0.0,9.3,3,504.293,0.989,-88.041
1396.5,48.44,89.9,0.0,8.0,3,502.030,0.950,-89.846
1396.5,48.68,89.9,0.0,6.2,3,500.493,0.922,-91.033
1406.0,49.03,89.9,0.0,4.3,3,498.146,0.877,-92.787
1406.0,49.26,89.9,0.0,3.1,3,496.554,0.848,-93.939
1406.0,49.62,89.9,0.0,2.5,3,494.129,0.803,-95.645
1406.0,49.86,89.9,0.0,2.7,3,492.489,0.774,-96.771
1415.8,50.21,89.9,0.0,2.6,3,489.999,0.732,-98.445
1415.8,50.45,89.9,0.0,2.1,3,488.320,0.706,-99.555
1415.8,50.80,90.0,0.0,0.9,3,485.776,0.669,-101.214
1415.8,51.03,90.0,0.0,0.2,3,484.065,0.646,-102.318
1425.9,51.38,90.0,0.0,-0.5,3,481.478,0.613,-103.974
1425.9,51.61,90.1,0.0,-0.7,3,479.742,0.591,-105.082
1425.9,51.94,90.0,0.0,-1.3,0,477.123,0.558,-106.751
1425.9,51.92,0.0,0.0,-2.0,0,475.372,0.537,-107.869
1436.4,52.12,89.8,0.0,-3.2,4,472.748,0.504,-109.555
1436.4,52.44,89.8,0.0,-3.0,4,470.118,0.470,-111.265
1436.4,52.65,89.8,0.0,-2.8,4,468.363,0.452,-112.421
1436.4,52.94,83.9,0.0,-3.6,4,465.730,0.429,-114.182
1447.1,53.17,77.3,0.0,-3.9,4,463.973,0.413,-115.373
1447.1,53.47,67.5,0.0,-5.1,4,461.340,0.391,-117.190
1447.1,53.67,61.0,0.0,-5.8,4,459.588,0.377,-118.422
1447.1,53.92,57.4,0.0,-6.9,4,456.966,0.354,-120.303
1458.2,54.05,57.5,0.0,-7.4,4,455.224,0.335,-121.579
1458.2,54.29,47.2,0.0,-7.8,4,452.624,0.302,-123.528
1458.2,54.42,28.3,0.0,-8.6,4,450.901,0.280,-124.855
1458.2,54.55,49.4,0.0,-9.5,4,448.342,0.255,-126.888
1469.7,54.73,57.8,0.0,-9.2,4,446.651,0.241,-128.273
1469.7,55.01,57.9,0.0,-8.0,4,444.137,0.222,-130.397
1469.7,55.28,58.0,0.0,-7.9,4,441.649,0.203,-132.577
1469.7,55.46,58.0,0.0,-7.4,4,440.007,0.193,-134.062
1481.1,55.73,58.1,0.0,-6.4,4,437.569,0.181,-136.338
1481.1,55.91,58.1,0.0,-6.5,4,435.959,0.176,-137.884
1481.1,56.19,58.2,0.0,-6.4,4,433.565,0.169,-140.244
1481.1,56.37,58.2,0.0,-6.5,4,431.982,0.165,-141.844
1492.5,56.64,58.3,0.0,-6.1,4,429.627,0.157,-144.282
1492.5,56.82,58.4,0.0,-5.7,4,428.070,0.152,-145.933
1492.5,57.09,58.4,0.0,-4.7,4,425.757,0.145,-148.448
1492.5,57.27,58.5,0.0,-4.4,4,424.228,0.141,-150.148
1504.1,57.54,58.6,0.0,-4.2,4,421.955,0.139,-152.735
1504.1,57.72,58.6,0.0,-4.3,4,420.451,0.140,-154.482
1504.1,57.98,58.7,0.0,-4.7,4,418.214,0.145,-157.134
1504.1,58.16,58.8,0.0,-4.8,4,416.732,0.148,-158.923
1515.8,58.42,58.9,0.0,-4.9,4,414.527,0.148,-161.636
1515.8,58.69,58.9,0.0,-5.2,4,412.342,0.144,-164.388
1515.8,58.86,59.0,0.0,-5.3,4,410.900,0.140,-166.243
1527.4,59.11,59.0,0.0,-5.6,4,408.756,0.131,-169.058
1527.4,59.28,59.0,0.0,-5.8,4,407.341,0.122,-170.957
1527.4,59.53,59.1,0.0,-6.1,4,405.245,0.108,-173.839
1527.4,59.69,59.1,0.0,-5.0,4,403.866,0.099,-175.783
1539.2,59.94,59.2,0.0,-4.9,4,401.822,0.082,-178.732
1539.2,60.10,59.2,0.0,-4.4,4,400.475,0.068,-180.719
1539.2,60.35,59.2,0.0,-4.0,4,398.481,0.047,-183.732
1539.2,60.51,59.3,0.0,-3.6,4,397.166,0.033,-185.760
1551.2,60.75,59.1,0.0,-3.1,4,395.216,0.011,-188.830
1551.2,60.92,59.0,0.0,-2.8,4,393.929,-0.002,-190.895
1551.2,61.15,58.7,0.0,-2.4,4,392.016,-0.019,-194.017
1551.2,61.31,58.6,0.0,-2.1,0,390.752,-0.029,-196.114
1563.4,61.26,87.8,0.0,-1.5,5,388.872,-0.043,-199.275
1563.4,61.41,81.1,0.0,-1.2,5,387.630,-0.050,-201.390
1563.4,61.62,71.0,0.0,-1.2,5,385.777,-0.059,-204.581
1563.4,61.85,60.9,0.0,-1.2,5,383.933,-0.064,-207.794
1575.7,61.99,56.2,0.0,-1.3,5,382.708,-0.068,-209.946
1575.7,62.21,56.3,0.0,-0.7,5,380.876,-0.072,-213.190
1575.7,62.35,56.5,0.0,-0.6,5,379.657,-0.075,-215.362
1575.7,62.57,56.5,0.0,-0.8,5,377.831,-0.079,-218.635
1588.2,62.71,56.6,0.0,-0.9,5,376.615,-0.082,-220.825
1588.2,62.93,56.7,0.0,-1.0,5,374.795,-0.084,-224.125
1588.2,63.07,56.8,0.0,-1.0,5,373.582,-0.084,-226.334
1588.2,63.28,56.9,0.0,-0.8,5,371.766,-0.085,-229.661
1600.8,63.50,57.0,0.0,-0.7,5,369.954,-0.087,-233.004
1600.8,63.71,57.1,0.0,-0.7,5,368.145,-0.091,-236.363
1600.8,63.84,57.2,0.0,-0.8,5,366.940,-0.096,-238.611
1600.8,64.05,57.2,0.0,-0.9,5,365.135,-0.104,-241.997
1613.5,64.19,57.3,0.0,-1.0,5,363.933,-0.111,-244.262
1613.5,64.40,57.4,0.0,-1.0,5,362.133,-0.124,-247.674
1613.5,64.54,57.4,0.0,-1.0,5,360.934,-0.133,-249.957
1613.5,64.74,57.6,0.0,-1.0,5,359.140,-0.147,-253.395
1626.4,64.88,57.6,0.0,-1.0,5,357.946,-0.157,-255.696
1626.4,65.08,57.7,0.0,-0.9,5,356.160,-0.171,-259.161
1626.4,65.29,57.8,0.0,-0.9,5,354.378,-0.187,-262.642
1626.4,65.42,57.9,0.0,-0.8,5,353.193,-0.197,-264.972
1639.4,65.62,57.9,0.0,-0.7,5,351.420,-0.212,-268.480
1639.4,65.76,58.0,0.0,-0.6,5,350.239,-0.223,-270.828
1639.4,65.96,58.0,0.0,-0.5,5,348.472,-0.239,-274.361
1639.4,66.09,58.1,0.0,-0.5,5,347.295,-0.250,-276.725
1652.6,66.29,58.1,0.0,-0.3,5,345.531,-0.266,-280.283
1652.6,66.42,58.1,0.0,-0.4,5,344.355,-0.278,-282.662
1652.6,66.61,58.2,0.0,-0.4,5,342.592,-0.297,-286.242
1652.6,66.74,58.2,0.0,-0.3,5,341.416,-0.310,-288.636
1665.9,66.94,58.2,0.0,-0.2,5,339.651,-0.332,-292.237
1665.9,67.07,58.3,0.0,-0.2,5,338.473,-0.346,-294.644
1665.9,67.25,58.3,0.0,-0.1,5,336.705,-0.367,-298.264
1665.9,67.38,58.4,0.0,-0.1,5,335.524,-0.384,-300.684
1679.3,67.57,58.4,0.0,0.0,5,333.750,-0.413,-304.322
1679.3,67.75,58.5,0.0,0.0,5,331.972,-0.434,-307.971
1679.3,67.88,58.5,0.0,0.0,5,330.784,-0.446,-310.410
1692.8,68.07,58.5,0.0,0.0,5,328.998,-0.469,-314.076
1692.8,68.19,58.5,0.0,0.1,5,327.805,-0.486,-316.526
1692.8,68.38,58.6,0.0,-0.0,5,326.012,-0.511,-320.209
1692.8,68.49,58.6,0.0,-0.1,5,324.814,-0.527,-322.670
1706.5,68.67,58.7,0.0,-0.1,5,323.013,-0.550,-326.369
1706.5,68.79,58.7,0.0,-0.0,5,321.810,-0.565,-328.841
1706.5,68.97,58.8,0.0,-0.0,5,320.002,-0.588,-332.557
1706.5,69.09,58.8,0.0,-0.0,5,318.794,-0.604,-335.040
1720.3,69.27,58.9,0.0,-0.0,5,316.980,-0.628,-338.773
1720.3,69.39,58.9,0.0,-0.1,5,315.768,-0.644,-341.267
1720.3,69.56,59.0,0.0,-0.1,5,313.947,-0.668,-345.016
1720.3,69.67,59.0,0.0,-0.1,5,312.731,-0.684,-347.521
1734.2,69.85,59.0,0.0,-0.1,5,310.904,-0.708,-351.287
1734.2,70.02,59.1,0.0,-0.1,5,309.074,-0.733,-355.062
1734.2,70.13,59.1,0.0,-0.1,5,307.852,-0.750,-357.585
1734.2,70.30,59.1,0.0,-0.1,5,306.017,-0.777,-361.376
1748.2,70.42,59.2,0.0,-0.1,5,304.791,-0.795,-363.910
1748.2,70.58,59.2,0.0,-0.1,5,302.951,-0.824,-367.718
1748.2,70.69,59.2,0.0,-0.1,5,301.722,-0.845,-370.262
1748.2,70.86,59.2,0.0,-0.1,5,299.876,-0.875,-374.086
1762.4,70.97,59.3,0.0,-0.1,5,298.643,-0.896,-376.640
1762.4,71.13,59.3,0.0,-0.1,5,296.792,-0.929,-380.480
1762.4,71.24,59.3,0.0,-0.1,5,295.556,-0.951,-383.045
1762.4,71.40,59.3,0.0,-0.0,5,293.700,-0.984,-386.900
1776.6,71.51,59.3,0.0,-0.0,5,292.460,-1.006,-389.475
1776.6,71.66,59.4,0.0,-0.0,5,290.598,-1.037,-393.345
1776.6,71.77,59.4,0.0,0.0,5,289.355,-1.058,-395.930
1776.6,71.93,59.4,0.0,0.0,5,287.488,-1.091,-399.814
1791.0,72.03,59.4,0.0,0.1,5,286.240,-1.114,-402.409
1791.0,72.19,59.4,0.0,0.1,5,284.365,-1.149,-406.308
1791.0,72.33,59.4,0.0,0.1,5,282.486,-1.179,-410.214
1791.0,72.43,59.3,0.0,0.1,5,281.230,-1.196,-412.823
1805.4,72.59,59.3,0.0,0.1,5,279.343,-1.223,-416.742
1805.4,72.68,59.2,0.0,0.1,5,278.082,-1.242,-419.359
1805.4,72.83,59.1,0.0,0.2,5,276.185,-1.270,-423.291
1805.4,72.92,59.0,0.0,0.2,5,274.918,-1.289,-425.916
1820.0,73.06,58.9,0.0,0.2,5,273.013,-1.318,-429.859
1820.0,73.15,58.8,0.0,0.2,5,271.739,-1.338,-432.491
1820.0,73.29,58.7,0.0,0.2,0,269.824,-1.368,-436.445
1820.0,73.21,0.0,0.0,0.2,0,268.545,-1.388,-439.082
1834.6,73.29,81.8,0.0,0.3,6,266.625,-1.418,-443.033
1834.6,73.38,75.4,0.0,0.3,6,265.342,-1.437,-445.670
1834.6,73.51,65.9,0.0,0.3,6,263.411,-1.465,-449.631
1834.6,73.65,58.2,0.0,0.3,6,261.473,-1.493,-453.598
1849.3,73.74,58.3,0.0,0.2,6,260.176,-1.511,-456.245
1849.3,73.87,58.3,0.0,0.3,6,258.225,-1.536,-460.220
1849.3,73.96,58.3,0.0,0.3,6,256.919,-1.553,-462.872
1849.3,74.10,58.3,0.0,0.4,6,254.955,-1.579,-466.856
1864.1,74.19,58.3,0.0,0.4,6,253.641,-1.598,-469.514
1864.1,74.32,58.4,0.0,0.3,6,251.663,-1.624,-473.506
1864.1,74.41,58.4,0.0,0.3,6,250.340,-1.642,-476.170
1864.1,74.53,58.4,0.0,0.3,6,248.348,-1.668,-480.169
1878.9,74.62,58.5,0.0,0.3,6,247.016,-1.684,-482.838
1878.9,74.75,58.5,0.0,0.3,6,245.011,-1.708,-486.845
1878.9,74.84,58.5,0.0,0.3,6,243.670,-1.724,-489.519
1878.9,74.96,58.5,0.0,0.3,6,241.652,-1.747,-493.534
1893.9,75.04,58.5,0.0,0.3,6,240.302,-1.762,-496.213
1893.9,75.17,58.6,0.0,0.2,6,238.273,-1.784,-500.236
1893.9,75.29,58.6,0.0,0.2,6,236.236,-1.806,-504.264
1893.9,75.38,58.6,0.0,0.2,6,234.874,-1.822,-506.952
1908.9,75.50,58.6,0.0,0.2,6,232.827,-1.845,-510.988
1908.9,75.58,58.6,0.0,0.2,6,231.458,-1.861,-513.682
1908.9,75.70,58.7,0.0,0.2,6,229.400,-1.884,-517.726
1908.9,75.78,58.7,0.0,0.2,6,228.024,-1.900,-520.425
1924.1,75.90,58.7,0.0,0.1,6,225.956,-1.926,-524.478
1924.1,75.98,58.7,0.0,0.1,6,224.573,-1.942,-527.183
1924.1,76.09,58.8,0.0,0.0,6,222.495,-1.964,-531.244
1924.1,76.17,58.8,0.0,-0.1,6,221.107,-1.977,-533.954
1939.3,76.29,58.8,0.0,-0.2,6,219.021,-1.999,-538.024
1939.3,76.37,58.8,0.0,-0.2,6,217.628,-2.016,-540.741
1939.3,76.49,58.9,0.0,-0.3,6,215.537,-2.046,-544.822
1939.3,76.57,58.9,0.0,-0.3,6,214.142,-2.070,-547.547
1954.5,76.68,58.9,0.0,-0.3,6,212.050,-2.109,-551.640
1954.5,76.80,58.9,0.0,-0.3,6,209.958,-2.153,-555.742
1954.5,76.87,59.0,0.0,-0.4,6,208.565,-2.183,-558.481
1969.9,76.99,59.0,0.0,-0.4,6,206.476,-2.229,-562.596
1969.9,77.06,59.0,0.0,-0.4,6,205.085,-2.262,-565.345
1969.9,77.18,59.0,0.0,-0.4,6,203.000,-2.312,-569.476
1969.9,77.25,59.1,0.0,-0.4,6,201.613,-2.346,-572.234
1985.3,77.36,59.1,0.0,-0.4,6,199.534,-2.397,-576.380
1985.3,77.44,59.1,0.0,-0.4,6,198.150,-2.432,-579.149
1985.3,77.55,59.2,0.0,-0.2,6,196.077,-2.486,-583.310
1985.3,77.62,59.2,0.0,-0.3,6,194.696,-2.522,-586.089
2000.8,77.73,59.2,0.0,-0.2,6,192.629,-2.575,-590.266
2000.8,77.80,59.2,0.0,-0.1,6,191.251,-2.608,-593.054
2000.8,77.92,59.2,0.0,0.1,6,189.186,-2.664,-597.244
2000.8,77.99,59.3,0.0,0.2,6,187.809,-2.703,-600.041
2016.4,78.09,59.3,0.0,0.3,6,185.742,-2.759,-604.242
2016.4,78.21,59.3,0.0,0.4,6,183.670,-2.816,-608.448
2016.4,78.27,59.3,0.0,0.6,6,182.285,-2.852,-611.254
2016.4,78.38,59.4,0.0,0.7,6,180.202,-2.902,-615.466
2032.1,78.45,59.4,0.0,0.8,6,178.808,-2.937,-618.275
2032.1,78.55,59.4,0.0,0.8,6,176.707,-2.989,-622.490
2032.1,78.62,59.4,0.0,0.8,6,175.298,-3.021,-625.299
2032.1,78.72,59.4,0.0,0.8,6,173.172,-3.062,-629.513
2047.8,78.79,59.4,0.0,0.9,6,171.747,-3.088,-632.322
2047.8,78.89,59.4,0.0,0.9,6,169.596,-3.125,-636.534
2047.8,78.95,59.4,0.0,0.9,6,168.154,-3.149,-639.342
2047.8,79.05,59.4,0.0,0.8,6,165.978,-3.181,-643.553
2063.6,79.11,59.5,0.0,0.7,6,164.519,-3.200,-646.360
2063.6,79.21,59.5,0.0,0.7,6,162.319,-3.226,-650.569
2063.6,79.27,59.5,0.0,0.7,6,160.845,-3.240,-653.375
2063.6,79.36,59.5,0.0,0.6,6,158.623,-3.256,-657.583
2079.4,79.46,59.5,0.0,0.5,6,156.389,-3.267,-661.792
2079.4,79.52,59.5,0.0,0.5,6,154.893,-3.271,-664.598
2079.4,79.61,59.5,0.0,0.5,6,152.640,-3.275,-668.807
2079.4,79.67,59.5,0.0,1.1,6,151.133,-3.275,-671.613
2095.2,79.76,59.5,0.0,1.4,6,148.860,-3.272,-675.821
2095.2,79.82,59.5,0.0,1.6,6,147.337,-3.266,-678.626
2095.2,79.90,59.6,0.0,1.3,6,145.035,-3.256,-682.828
2095.2,79.96,59.6,0.0,0.6,6,143.489,-3.247,-685.626
2111.2,80.04,59.6,0.0,0.9,6,141.150,-3.230,-689.818
2111.2,80.09,59.6,0.0,1.1,6,139.580,-3.215,-692.609
2111.2,80.18,59.6,0.0,0.9,6,137.210,-3.189,-696.792
2111.2,80.23,59.6,0.0,0.4,6,135.621,-3.168,-699.579
2127.2,80.31,59.6,0.0,0.6,6,133.224,-3.134,-703.756
2127.2,80.36,59.5,0.0,0.8,6,131.618,-3.108,-706.539
2127.2,80.44,59.5,0.0,0.9,6,129.200,-3.067,-710.713
2127.2,80.51,59.4,0.0,1.1,6,126.767,-3.019,-714.884
2143.2,80.57,54.3,11.7,1.4,6,124.319,-2.965,-719.050
2143.2,80.10,0.0,60.1,1.6,6,121.859,-2.904,-723.201
2143.2,79.42,0.0,77.0,1.8,6,120.222,-2.861,-725.941
2159.1,78.20,0.0,83.6,0.6,6,117.779,-2.791,-729.992
2159.1,77.35,0.0,85.1,0.7,6,116.161,-2.740,-732.651
2159.1,76.06,0.0,85.8,0.7,6,113.751,-2.658,-736.574
2159.1,75.21,0.0,85.7,0.9,6,112.157,-2.601,-739.147
2174.3,73.92,0.0,85.2,0.8,6,109.785,-2.513,-742.942
2174.3,73.08,0.0,85.5,0.7,6,108.216,-2.454,-745.430
2174.3,71.81,0.0,85.3,0.7,6,105.882,-2.365,-749.099
2174.3,70.97,0.0,85.1,1.0,6,104.340,-2.305,-751.502
2188.7,69.72,0.0,85.7,1.6,6,102.045,-2.217,-755.046
2188.7,68.88,0.0,85.9,1.8,6,100.527,-2.159,-757.366
2188.7,67.67,0.0,88.4,1.8,6,98.267,-2.079,-760.784
2188.7,66.34,0.0,83.4,0.9,6,96.027,-2.008,-764.125
2202.2,65.52,0.0,83.3,0.5,6,94.541,-1.958,-766.305
2202.2,64.31,0.0,85.8,1.2,6,92.322,-1.882,-769.508
2202.2,63.49,26.0,85.3,1.4,0,90.853,-1.834,-771.601
2202.2,62.25,0.0,85.6,1.0,5,88.662,-1.762,-774.674
2214.8,61.44,0.0,85.2,1.5,5,87.212,-1.713,-776.680
2214.8,60.21,0.0,84.6,1.5,5,85.053,-1.641,-779.624
2214.8,59.41,0.0,84.8,1.1,5,83.625,-1.594,-781.545
2214.8,58.20,0.0,84.1,1.3,5,81.501,-1.528,-784.365
2226.6,57.40,0.0,83.9,1.5,5,80.097,-1.486,-786.203
2226.6,56.20,0.0,83.9,2.2,5,78.007,-1.425,-788.899
2226.6,55.42,0.0,84.3,2.6,5,76.625,-1.386,-790.653
2226.6,54.23,0.0,84.5,3.2,5,74.568,-1.329,-793.223
2237.6,53.45,36.2,84.8,3.4,0,73.206,-1.294,-794.893
2237.6,52.27,0.0,80.8,2.9,4,71.177,-1.242,-797.333
2237.6,51.50,0.0,72.8,2.9,4,69.832,-1.208,-798.916
2237.6,50.48,0.0,54.7,3.1,4,67.820,-1.158,-801.222
2247.9,49.72,0.0,29.0,3.5,4,65.806,-1.110,-803.453
2247.9,49.37,0.0,20.9,4.2,4,64.453,-1.077,-804.901
2247.9,48.97,0.0,14.9,6.8,4,62.401,-1.028,-807.020
2247.9,48.74,0.0,12.9,8.5,4,61.018,-0.996,-808.401
2257.6,48.42,0.0,10.3,10.4,4,58.919,-0.947,-810.423
2257.6,48.23,0.0,9.7,10.6,4,57.504,-0.915,-811.740
2257.6,47.95,0.0,7.9,11.0,4,55.357,-0.865,-813.668
2257.6,47.77,0.0,7.4,11.0,4,53.910,-0.831,-814.921
2267.1,47.51,0.0,5.8,11.5,4,51.716,-0.782,-816.753
2267.1,47.35,0.0,4.8,11.8,4,50.237,-0.751,-817.941
2267.1,47.12,0.0,3.3,12.1,4,47.992,-0.703,-819.671
2267.1,46.97,0.0,2.7,12.5,4,46.479,-0.671,-820.790
2276.5,46.77,0.0,0.2,13.1,4,44.184,-0.623,-822.414
2276.5,46.64,0.9,0.0,13.7,4,42.637,-0.592,-823.462
2276.5,46.48,6.0,0.0,14.2,4,40.293,-0.546,-824.981
2276.5,46.32,4.8,0.0,14.8,4,37.918,-0.499,-826.434
2286.0,46.22,7.5,0.0,15.0,4,36.319,-0.468,-827.365
2286.0,46.06,3.7,0.0,15.6,4,33.897,-0.421,-828.706
2286.0,45.95,5.7,0.0,15.7,4,32.268,-0.390,-829.563
2286.0,45.79,1.3,0.1,16.1,4,29.805,-0.343,-830.790
2295.5,45.67,4.7,0.0,16.2,4,28.150,-0.312,-831.570
2295.5,45.50,5.2,0.0,16.1,4,25.651,-0.267,-832.681
2295.5,45.40,7.9,0.0,16.0,4,23.973,-0.235,-833.381
2295.5,45.24,4.7,0.0,15.9,4,21.441,-0.187,-834.371
2305.0,45.13,3.7,0.0,16.0,4,19.743,-0.155,-834.990
2305.0,44.96,1.4,1.0,16.9,4,17.184,-0.108,-835.862
2305.0,44.84,1.9,0.2,17.6,4,15.472,-0.078,-836.405
2305.0,44.67,4.5,0.0,17.9,4,12.896,-0.034,-837.160
2314.5,44.56,4.9,0.0,17.4,4,11.172,-0.004,-837.622
2314.5,44.39,3.9,0.0,16.2,4,8.580,0.042,-838.254
2314.5,44.22,2.1,0.0,15.4,4,5.980,0.089,-838.811
2314.5,44.11,0.9,0.6,15.0,4,4.245,0.120,-839.142
2323.6,43.92,0.4,0.3,14.4,4,1.641,0.166,-839.579
2323.6,43.80,0.5,0.6,14.1,4,-0.095,0.195,-839.831
2323.6,43.62,0.0,0.5,14.4,4,-2.699,0.238,-840.151
2323.6,43.51,34.7,0.9,14.7,0,-4.432,0.266,-840.326
2332.8,43.34,0.0,1.5,13.3,3,-7.030,0.307,-840.531
2332.8,43.21,0.0,0.5,12.0,3,-8.758,0.333,-840.630
2332.8,43.02,0.0,0.8,11.4,3,-11.344,0.371,-840.723
2332.8,42.93,19.3,0.0,11.6,3,-13.063,0.396,-840.748
2342.0,43.03,62.1,0.0,11.9,3,-15.640,0.430,-840.736
2342.0,43.18,60.4,1.1,12.1,3,-17.363,0.453,-840.694
2342.0,42.98,0.0,26.5,13.2,3,-19.949,0.484,-840.583
2351.3,42.46,0.0,14.8,13.1,3,-22.508,0.512,-840.418
2351.3,42.26,12.2,0.7,11.9,3,-24.196,0.529,-840.278
2351.3,42.34,72.7,0.0,10.9,3,-26.719,0.552,-840.017
2351.3,42.56,89.6,0.0,11.3,3,-28.404,0.566,-839.811
2360.4,42.93,89.6,0.0,12.4,3,-30.943,0.584,-839.452
2360.4,43.18,89.7,0.0,13.3,3,-32.643,0.595,-839.181
2360.4,43.53,89.7,0.0,14.4,3,-35.202,0.610,-838.721
2360.4,43.77,89.7,0.0,14.9,3,-36.914,0.621,-838.378
2369.6,44.12,89.7,0.0,14.9,3,-39.487,0.637,-837.809
2369.6,44.35,89.7,0.0,14.9,3,-41.207,0.648,-837.393
2369.6,44.69,89.7,0.0,15.0,3,-43.789,0.664,-836.712
2369.6,44.93,89.7,0.0,15.1,3,-45.512,0.673,-836.221
2378.8,45.27,89.7,0.0,16.0,3,-48.099,0.685,-835.429
2378.8,45.48,89.7,0.0,16.5,3,-49.822,0.691,-834.863
2378.8,45.82,89.7,0.0,16.6,3,-52.405,0.701,-833.953
2378.8,46.14,89.8,0.0,17.3,3,-54.982,0.711,-832.971
2388.5,46.35,89.8,0.0,18.0,3,-56.697,0.717,-832.278
2388.5,46.67,89.8,0.0,19.0,3,-59.262,0.723,-831.180
2388.5,46.88,89.8,0.0,19.7,3,-60.967,0.725,-830.410
2388.5,47.19,89.8,0.0,20.7,3,-63.514,0.726,-829.197
2398.2,47.40,89.8,0.0,21.5,3,-65.205,0.726,-828.348
2398.2,47.70,87.4,0.0,23.2,3,-67.727,0.724,-827.017
2398.2,47.87,78.2,0.0,24.4,3,-69.399,0.722,-826.092
2398.2,48.07,69.0,0.0,26.2,3,-71.888,0.716,-824.647
2407.9,48.17,62.2,0.0,27.6,3,-73.533,0.712,-823.646
2407.9,48.28,52.8,0.0,29.6,3,-75.973,0.703,-822.092
2407.9,48.31,43.4,0.0,30.6,3,-77.580,0.697,-821.020
2407.9,48.31,38.0,0.0,31.9,3,-79.959,0.686,-819.364
2417.5,48.27,28.6,0.0,32.5,3,-82.296,0.673,-817.650
2417.5,48.22,27.9,0.0,32.9,3,-83.827,0.664,-816.477
2417.5,48.16,31.5,0.0,33.6,3,-86.085,0.649,-814.671
2417.5,48.12,31.3,0.0,33.9,3,-87.563,0.638,-813.437
2426.9,48.06,29.3,0.0,34.3,3,-89.740,0.619,-811.542
2426.9,48.02,28.3,0.0,34.5,3,-91.163,0.605,-810.251
2426.9,47.89,11.7,0.0,35.3,3,-93.253,0.582,-808.273
2426.9,47.77,11.5,0.0,35.4,3,-94.616,0.566,-806.929
2436.2,47.60,11.4,0.0,34.7,3,-96.608,0.542,-804.876
2436.2,47.48,11.4,0.0,33.9,3,-97.903,0.526,-803.483
2436.2,47.32,11.3,0.0,32.5,3,-99.793,0.502,-801.358
2436.2,47.21,11.2,0.0,31.3,3,-101.019,0.484,-799.918
2445.1,47.10,32.1,0.0,29.1,3,-102.805,0.456,-797.726
2445.1,47.10,46.0,0.0,27.8,3,-103.962,0.437,-796.239
2445.1,47.20,53.4,0.0,26.8,3,-105.652,0.406,-793.972
2445.1,47.27,52.6,0.0,26.2,3,-106.751,0.385,-792.434
2454.3,47.41,76.9,0.0,25.3,3,-108.356,0.349,-790.092
2454.3,47.69,84.0,0.0,22.5,3,-109.917,0.309,-787.705
2454.3,47.87,88.1,0.0,18.8,3,-110.935,0.278,-786.088
2454.3,48.17,89.9,0.0,12.5,3,-112.420,0.226,-783.621
2463.6,48.36,89.9,0.0,9.2,3,-113.382,0.191,-781.947
2463.6,48.63,80.3,0.0,1.1,3,-114.783,0.134,-779.398
2463.6,48.74,80.4,0.0,-2.1,3,-115.688,0.095,-777.674
2463.6,49.11,89.9,0.0,-8.1,3,-117.006,0.037,-775.052
2473.2,49.33,89.9,0.0,-8.8,3,-117.860,-0.004,-773.280
2473.2,49.69,89.9,0.0,-8.3,3,-119.116,-0.074,-770.591
2473.2,49.91,89.9,0.0,-7.3,3,-119.943,-0.128,-768.780
2473.2,50.31,89.9,0.0,-4.0,3,-121.182,-0.213,-766.043
2483.2,50.53,89.9,0.0,-1.9,3,-122.018,-0.270,-764.209
2483.2,50.88,90.0,0.0,-0.8,3,-123.293,-0.350,-761.449
2483.2,51.11,90.0,0.0,-1.6,3,-124.159,-0.405,-759.603
2483.2,51.47,90.1,0.0,-2.5,3,-125.476,-0.497,-756.824
2493.6,51.80,90.0,0.0,-3.6,0,-126.821,-0.595,-754.035
2493.6,51.79,0.0,0.0,-3.1,0,-127.733,-0.660,-752.176
2493.6,52.02,89.8,0.0,-2.3,4,-129.122,-0.755,-749.393
2493.6,52.24,89.8,0.0,-2.2,4,-130.064,-0.818,-747.535
2504.1,52.56,89.8,0.0,-2.8,4,-131.504,-0.915,-744.742
2504.1,52.78,89.8,0.0,-2.6,4,-132.480,-0.980,-742.876
2504.1,53.11,80.0,0.0,-2.7,4,-133.971,-1.077,-740.074
2504.1,53.31,73.5,0.0,-2.2,4,-134.983,-1.141,-738.204
2515.1,53.62,63.8,0.0,-2.7,4,-136.524,-1.242,-735.392
2515.1,53.86,57.3,0.0,-2.7,4,-137.568,-1.315,-733.515
2515.1,54.18,57.4,0.0,-1.9,4,-139.159,-1.428,-730.694
2515.1,54.39,57.5,0.0,-2.1,4,-140.235,-1.508,-728.810
2526.1,54.71,57.7,0.0,-2.2,4,-141.873,-1.633,-725.980
2526.1,55.03,57.8,0.0,-3.0,4,-143.538,-1.765,-723.143
2526.1,55.24,57.8,0.0,-2.6,4,-144.664,-1.857,-721.250
2537.2,55.56,57.9,0.0,-2.6,4,-146.378,-1.997,-718.406
2537.2,55.76,58.0,0.0,-2.2,4,-147.537,-2.090,-716.508
2537.2,56.07,58.1,0.0,-1.8,4,-149.300,-2.230,-713.657
2537.2,56.28,58.2,0.0,-2.2,4,-150.490,-2.324,-711.754
2548.5,56.59,58.2,0.0,-3.0,4,-152.297,-2.467,-708.894
2548.5,56.79,58.3,0.0,-2.9,4,-153.517,-2.561,-706.986
2548.5,57.09,58.4,0.0,-2.3,4,-155.373,-2.698,-704.122
2548.5,57.29,58.5,0.0,-1.8,4,-156.628,-2.785,-702.212
2560.0,57.58,58.6,0.0,-1.2,4,-158.534,-2.915,-699.344
2560.0,57.79,58.6,0.0,-1.1,4,-159.819,-3.000,-697.429
2560.0,58.08,58.7,0.0,-1.3,4,-161.764,-3.126,-694.552
2560.0,58.28,58.8,0.0,-1.3,4,-163.073,-3.208,-692.630
2571.7,58.57,58.9,0.0,-1.3,4,-165.053,-3.326,-689.740
2571.7,58.85,59.0,0.0,-1.2,4,-167.053,-3.435,-686.844
2571.7,59.04,59.0,0.0,-1.1,4,-168.398,-3.503,-684.909
2571.7,59.32,59.1,0.0,-1.2,4,-170.432,-3.596,-682.001
2583.6,59.50,59.1,0.0,-1.1,4,-171.799,-3.654,-680.059
2583.6,59.77,59.2,0.0,-1.0,4,-173.868,-3.730,-677.141
2583.6,59.95,59.2,0.0,-0.9,4,-175.258,-3.774,-675.192
2583.6,60.21,59.2,0.0,-0.9,4,-177.360,-3.828,-672.264
2595.7,60.39,59.3,0.0,-0.8,4,-178.771,-3.858,-670.309
2595.7,60.65,59.1,0.0,-0.8,4,-180.904,-3.894,-667.372
2595.7,60.82,58.9,0.0,-0.8,4,-182.336,-3.915,-665.410
2595.7,61.07,58.8,0.0,-0.9,4,-184.498,-3.942,-662.461
2607.9,61.23,58.7,0.0,-0.9,4,-185.948,-3.958,-660.492
2607.9,61.38,0.0,0.0,-0.9,0,-188.137,-3.982,-657.534
2607.9,61.34,87.8,0.0,-0.7,5,-189.600,-3.996,-655.564
2607.9,61.57,77.7,0.0,-0.6,5,-191.805,-4.014,-652.610
2620.1,61.79,67.7,0.0,-0.5,5,-194.026,-4.030,-649.650
2620.1,61.94,61.0,0.0,-0.6,5,-195.514,-4.038,-647.673
2620.1,62.16,56.4,0.0,-0.7,5,-197.759,-4.047,-644.704
2620.1,62.38,56.4,0.0,-0.7,5,-200.018,-4.053,-641.729
2632.5,62.52,56.5,0.0,-0.7,5,-201.532,-4.055,-639.742
2632.5,62.73,56.6,0.0,-0.7,5,-203.814,-4.054,-636.758
2632.5,62.87,56.7,0.0,-0.7,5,-205.344,-4.050,-634.766
2632.5,63.09,56.8,0.0,-0.8,5,-207.650,-4.040,-631.773
2645.0,63.23,56.9,0.0,-0.8,5,-209.195,-4.028,-629.774
2645.0,63.43,57.0,0.0,-0.9,5,-211.525,-4.007,-626.773
2645.0,63.65,57.1,0.0,-1.1,5,-213.870,-3.986,-623.768
2645.0,63.78,57.1,0.0,-1.3,5,-215.442,-3.971,-621.763
2657.6,63.99,57.2,0.0,-1.5,5,-217.815,-3.949,-618.752
2657.6,64.13,57.3,0.0,-1.6,5,-219.406,-3.936,-616.745
2657.6,64.33,57.4,0.0,-1.6,5,-221.811,-3.916,-613.734
2657.6,64.47,57.4,0.0,-1.3,5,-223.425,-3.905,-611.727
2670.4,64.67,57.5,0.0,-1.3,5,-225.863,-3.894,-608.717
2670.4,64.81,57.5,0.0,-1.3,5,-227.500,-3.890,-606.710
2670.4,65.01,57.6,0.0,-1.2,5,-229.971,-3.889,-603.701
2670.4,65.09,32.9,13.8,-1.1,5,-231.630,-3.891,-601.695
2683.4,64.69,0.0,50.5,-0.9,5,-234.122,-3.899,-598.700
2683.4,64.15,0.0,70.3,-0.8,5,-235.777,-3.907,-596.722
2683.4,63.11,0.0,80.1,-0.5,5,-238.235,-3.922,-593.798
2683.4,62.34,0.0,82.3,-0.4,5,-239.855,-3.935,-591.880
2696.2,61.16,0.0,83.9,0.0,5,-242.255,-3.958,-589.053
2696.2,59.98,0.0,84.2,0.1,5,-244.616,-3.986,-586.288
2696.2,59.19,0.0,84.4,0.0,5,-246.168,-4.007,-584.477
2708.3,58.01,0.0,84.6,-0.1,5,-248.464,-4.042,-581.811
2708.3,57.21,0.0,84.1,-0.2,5,-249.971,-4.067,-580.066
2708.3,56.05,0.0,84.8,-0.1,5,-252.198,-4.105,-577.497
2708.3,55.26,0.0,84.2,-0.0,5,-253.660,-4.131,-575.817
2719.5,54.09,0.0,84.1,0.1,5,-255.817,-4.169,-573.343
2719.5,53.33,0.0,84.9,0.0,0,-257.233,-4.194,-571.725
2719.5,52.18,0.0,85.4,-0.1,4,-259.322,-4.232,-569.344
2719.5,51.41,0.0,85.8,-0.4,4,-260.691,-4.257,-567.788
2730.0,50.23,0.0,84.8,-0.6,4,-262.710,-4.295,-565.499
2730.0,49.46,0.0,84.3,-0.8,4,-264.032,-4.321,-564.005
2730.0,48.31,0.0,84.1,-1.1,4,-265.982,-4.360,-561.811
2730.0,47.56,0.0,84.7,-1.4,4,-267.260,-4.386,-560.380
2739.6,46.40,0.0,83.7,-1.9,4,-269.145,-4.426,-558.281
2739.6,45.27,0.0,84.3,-1.9,0,-270.993,-4.462,-556.242
2739.6,44.52,33.0,84.5,-2.0,0,-272.205,-4.485,-554.915
2739.6,43.39,0.0,85.4,-1.8,3,-273.995,-4.518,-552.976
2748.5,42.64,0.0,85.1,-1.7,3,-275.170,-4.540,-551.717
2748.5,41.49,0.0,84.9,-2.0,3,-276.904,-4.571,-549.880
2748.5,40.75,0.0,85.2,-2.2,3,-278.042,-4.591,-548.691
2748.5,39.63,0.0,85.3,-1.7,3,-279.723,-4.622,-546.959
2756.7,38.87,0.0,84.8,-1.2,3,-280.826,-4.642,-545.840
2756.7,37.77,43.2,84.2,0.0,0,-282.457,-4.669,-544.216
2756.7,37.06,0.0,80.9,0.5,2,-283.529,-4.686,-543.170
2756.7,36.04,0.0,72.6,0.5,2,-285.116,-4.711,-541.654
2764.1,35.39,0.0,67.6,0.7,2,-286.161,-4.727,-540.679
2764.1,34.46,0.0,64.1,1.4,2,-287.712,-4.751,-539.268
2764.1,33.86,0.0,62.3,1.3,2,-288.735,-4.767,-538.361
2764.1,33.00,0.0,60.7,0.1,2,-290.257,-4.790,-537.052
2770.8,32.14,0.0,62.4,-1.7,2,-291.763,-4.812,-535.804
2770.8,31.56,0.0,62.6,-3.1,2,-292.757,-4.826,-535.006
2770.8,30.70,0.0,61.7,-3.3,2,-294.234,-4.846,-533.860
2770.8,30.14,0.0,56.2,-6.4,2,-295.208,-4.858,-533.129
2776.9,29.37,0.0,47.5,-8.5,0,-296.655,-4.876,-532.082
2776.9,28.94,35.6,44.3,-5.8,0,-297.614,-4.887,-531.417
2776.9,28.32,0.0,42.5,-6.8,1,-299.043,-4.903,-530.461
2776.9,27.91,0.0,41.1,-11.7,1,-299.989,-4.912,-529.851
2782.4,27.31,0.0,38.3,-17.4,1,-301.399,-4.926,-528.980
2782.4,26.93,0.0,36.3,-18.6,1,-302.334,-4.934,-528.429
2782.4,26.37,0.0,37.9,-12.6,1,-303.730,-4.944,-527.647
2782.4,25.99,0.0,35.5,-9.9,1,-304.655,-4.951,-527.153
2787.5,25.48,0.0,30.5,-7.9,1,-306.030,-4.960,-526.450
2787.5,25.17,0.0,26.9,-8.1,1,-306.940,-4.966,-526.003
2787.5,24.74,0.0,25.8,-10.7,1,-308.295,-4.973,-525.365
2787.5,24.47,0.0,20.0,-15.6,1,-309.192,-4.978,-524.959
2792.4,24.14,0.0,16.4,-22.1,1,-310.533,-4.982,-524.385
2792.4,23.84,0.0,12.8,-25.1,1,-311.872,-4.985,-523.857
2792.4,23.66,0.0,12.0,-26.0,1,-312.765,-4.987,-523.533
2792.4,23.39,0.0,12.8,-25.1,1,-314.105,-4.987,-523.088
2797.8,23.21,0.0,11.5,-24.5,1,-314.998,-4.986,-522.820
2797.8,22.96,0.0,9.8,-24.8,1,-316.336,-4.983,-522.462
2797.8,22.80,0.0,9.6,-25.8,1,-317.227,-4.980,-522.253
2797.8,22.55,0.0,7.5,-31.6,1,-318.561,-4.974,-521.984
2803.5,22.42,4.4,1.1,-32.5,1,-319.449,-4.967,-521.837
2803.5,22.44,38.3,0.0,-32.4,1,-320.781,-4.957,-521.661
2803.5,22.59,53.8,0.0,-32.7,1,-321.676,-4.950,-521.571
2803.5,22.87,69.7,0.0,-29.1,1,-323.034,-4.942,-521.474
2810.2,23.07,35.6,0.0,-28.6,1,-323.951,-4.938,-521.432
2810.2,23.11,16.1,3.3,-28.9,1,-325.336,-4.936,-521.409
2810.2,22.97,0.0,12.6,-26.9,1,-326.720,-4.941,-521.433
2810.2,22.79,0.0,8.0,-25.6,1,-327.634,-4.945,-521.479
2815.4,22.51,0.0,0.5,-22.9,1,-328.987,-4.942,-521.604
2815.4,22.43,0.6,0.0,-21.9,1,-329.878,-4.935,-521.721
2815.4,22.32,1.9,0.0,-23.6,1,-331.203,-4.925,-521.938
2815.4,22.26,6.7,0.0,-26.9,1,-332.079,-4.919,-522.107
2820.2,22.30,35.4,0.0,-29.3,1,-333.382,-4.912,-522.396
2820.2,22.43,48.5,0.0,-29.5,1,-334.249,-4.906,-522.616
2820.2,22.73,62.5,0.0,-29.6,1,-335.550,-4.896,-522.987
2820.2,22.97,67.3,0.0,-30.4,1,-336.421,-4.888,-523.262
2824.9,23.45,89.2,0.0,-30.9,1,-337.736,-4.875,-523.716
2824.9,23.76,63.3,0.0,-29.6,1,-338.620,-4.865,-524.047
2824.9,24.13,63.8,0.0,-26.1,1,-339.948,-4.848,-524.591
2824.9,24.36,61.4,0.0,-24.7,1,-340.834,-4.836,-524.985
2829.6,24.74,63.2,0.0,-22.6,1,-342.160,-4.817,-525.624
2829.6,24.97,64.0,0.0,-20.3,1,-343.042,-4.803,-526.082
2829.6,25.32,58.8,0.0,-15.6,1,-344.359,-4.782,-526.816
2834.6,25.71,68.4,0.0,-9.8,1,-345.670,-4.761,-527.603
2834.6,26.01,73.6,0.0,-5.3,1,-346.543,-4.747,-528.157
2834.6,26.52,77.6,0.0,1.5,1,-347.855,-4.726,-529.028
2834.6,26.89,86.4,0.0,4.5,1,-348.735,-4.712,-529.630
2839.8,27.51,89.3,0.0,6.6,1,-350.073,-4.691,-530.564
2839.8,27.93,74.2,0.0,10.8,1,-350.978,-4.676,-531.202
2839.8,28.30,42.3,0.0,12.4,1,-352.361,-4.654,-532.171
2839.8,28.40,28.0,0.0,13.3,1,-353.296,-4.639,-532.811
2845.4,28.46,19.5,0.0,9.7,1,-354.717,-4.618,-533.755
2845.4,28.53,27.6,0.0,9.7,1,-356.156,-4.598,-534.677
2845.4,28.63,33.6,0.0,10.9,1,-357.127,-4.585,-535.280
2845.4,28.81,36.8,0.0,13.2,1,-358.603,-4.568,-536.168
2851.2,28.90,27.7,0.0,14.8,1,-359.602,-4.556,-536.747
2851.2,28.97,22.1,0.0,20.0,1,-361.119,-4.541,-537.590
2851.2,28.99,20.7,0.0,23.1,1,-362.144,-4.532,-538.132
2851.2,28.98,14.7,0.0,25.3,1,-363.700,-4.519,-538.907
2857.1,28.96,15.8,0.0,25.9,1,-364.750,-4.512,-539.397
2857.1,28.91,8.3,0.0,27.7,1,-366.343,-4.502,-540.089
2857.1,28.85,10.5,0.0,29.2,1,-367.415,-4.497,-540.519
2857.1,28.75,7.0,0.0,30.9,1,-369.037,-4.490,-541.115
2863.2,28.67,2.6,0.4,31.4,1,-370.127,-4.486,-541.479
2863.2,28.55,17.7,0.0,33.8,1,-371.769,-4.484,-541.977
2863.2,28.58,40.7,0.0,35.8,1,-372.871,-4.484,-542.277
2863.2,28.85,58.2,0.0,37.9,1,-374.543,-4.488,-542.684
2870.4,29.14,60.0,0.0,37.9,1,-376.245,-4.490,-543.037
2870.4,29.32,55.1,0.0,36.6,1,-377.396,-4.492,-543.241
2870.4,29.57,62.6,0.0,36.4,1,-379.144,-4.490,-543.496
2870.4,29.79,58.0,0.0,36.2,1,-380.323,-4.488,-543.634
2877.2,29.95,31.3,0.0,35.9,1,-382.108,-4.489,-543.795
2877.2,29.99,36.6,0.0,37.2,1,-383.304,-4.492,-543.870
2877.2,30.08,35.8,0.0,39.6,1,-385.105,-4.498,-543.931
2877.2,30.12,32.6,0.0,41.8,1,-386.309,-4.502,-543.936
2884.9,30.15,23.7,0.0,46.4,1,-388.116,-4.506,-543.884
2884.9,30.10,16.4,0.0,50.5,1,-389.319,-4.507,-543.810
2884.9,29.99,10.1,0.0,53.9,1,-391.115,-4.510,-543.646
2884.9,29.90,9.9,0.0,56.1,1,-392.305,-4.512,-543.505
2891.6,29.76,10.0,0.0,56.2,1,-394.076,-4.515,-543.246
2891.6,29.67,10.3,0.0,56.4,1,-395.247,-4.516,-543.042
2891.6,29.53,10.8,0.0,54.9,1,-396.987,-4.517,-542.687
2891.6,29.41,11.8,0.0,51.8,1,-398.706,-4.518,-542.274
2897.8,29.30,13.7,0.0,47.9,1,-400.403,-4.520,-541.802
2897.8,29.25,15.6,0.0,45.0,1,-401.521,-4.523,-541.455
2897.8,29.20,19.3,0.0,41.2,1,-403.180,-4.530,-540.887
2897.8,29.19,23.2,0.0,38.8,1,-404.274,-4.536,-540.478
2903.7,29.24,33.1,0.0,33.9,1,-405.896,-4.547,-539.816
2903.7,29.34,46.1,0.0,30.4,1,-406.968,-4.556,-539.344
2903.7,29.68,81.9,0.0,24.1,1,-408.566,-4.571,-538.587
2903.7,29.97,62.4,0.0,18.4,1,-409.631,-4.582,-538.050
2909.4,30.33,70.2,0.0,9.9,1,-411.226,-4.601,-537.197
2909.4,30.58,56.8,0.0,4.9,1,-412.285,-4.614,-536.597
2909.4,30.96,73.0,0.0,0.2,1,-413.871,-4.637,-535.654
2909.4,31.26,73.6,0.0,-0.8,1,-414.926,-4.653,-534.996
2915.3,31.78,88.2,0.0,0.4,1,-416.511,-4.679,-533.967
2915.3,32.37,89.8,0.0,3.8,1,-418.102,-4.705,-532.887
2915.3,32.76,89.8,0.0,6.2,1,-419.167,-4.722,-532.139
2921.5,33.35,89.8,0.0,9.9,1,-420.771,-4.750,-530.975
2921.5,33.71,89.9,0.0,11.3,1,-421.842,-4.769,-530.169
2921.5,34.26,89.9,0.0,11.4,0,-423.449,-4.797,-528.915
2921.5,34.28,0.0,0.0,11.5,0,-424.514,-4.815,-528.051
2928.2,34.62,89.6,0.0,10.8,2,-426.087,-4.840,-526.717
2928.2,34.97,89.6,0.0,10.0,2,-427.132,-4.856,-525.798
2928.2,35.46,89.6,0.0,9.3,2,-428.692,-4.879,-524.375
2928.2,35.81,89.6,0.0,8.4,2,-429.728,-4.894,-523.397
2935.1,36.31,89.7,0.0,7.5,2,-431.275,-4.915,-521.886
2935.1,36.66,89.7,0.0,7.3,2,-432.301,-4.929,-520.849
2935.1,37.17,89.7,0.0,7.2,2,-433.833,-4.948,-519.251
2935.1,37.49,89.7,0.0,6.5,2,-434.849,-4.961,-518.159
2942.4,37.99,89.7,0.0,6.8,2,-436.367,-4.980,-516.479
2942.4,38.49,89.7,0.0,8.3,2,-437.877,-4.999,-514.753
2942.4,38.80,89.8,0.0,9.2,2,-438.877,-5.011,-513.576
2942.4,39.27,89.8,0.0,10.3,2,-440.367,-5.029,-511.770
2949.9,39.56,89.8,0.0,10.5,2,-441.351,-5.040,-510.539
2949.9,39.99,89.8,0.0,9.6,2,-442.811,-5.057,-508.652
2949.9,40.31,89.9,0.0,8.8,2,-443.773,-5.068,-507.367
2949.9,40.70,89.9,0.0,7.5,2,-445.193,-5.082,-505.396
2957.9,40.87,0.0,0.0,6.5,0,-446.122,-5.089,-504.055
2957.9,40.94,89.6,0.0,6.3,3,-447.477,-5.098,-502.012
2957.9,41.17,89.6,0.0,6.1,3,-448.359,-5.102,-500.627
2957.9,41.54,89.6,0.0,6.1,3,-449.654,-5.109,-498.510
2965.8,41.78,89.6,0.0,6.2,3,-450.498,-5.113,-497.073
2965.8,42.14,89.6,0.0,6.2,3,-451.732,-5.116,-494.878
2965.8,42.41,89.6,0.0,6.2,3,-452.535,-5.118,-493.389
2965.8,42.75,89.7,0.0,7.2,3,-453.705,-5.119,-491.119
2974.1,43.11,89.7,0.0,6.8,3,-454.838,-5.125,-488.808
2974.1,43.36,89.7,0.0,6.6,3,-455.574,-5.131,-487.243
2974.1,43.73,89.7,0.0,7.8,3,-456.643,-5.141,-484.859
2974.1,43.99,89.7,0.0,9.2,3,-457.332,-5.148,-483.246
2991.1,46.26,89.8,0.0,12.1,3,-462.879,-5.290,-467.032
3000.0,46.61,89.8,0.0,11.8,3,-463.571,-5.324,-464.334
3000.0,46.83,89.8,0.0,11.9,3,-464.001,-5.348,-462.516
3000.0,47.17,89.8,0.0,12.5,3,-464.597,-5.386,-459.761
3000.0,47.39,89.8,0.0,12.9,3,-464.963,-5.413,-457.906
3009.3,47.72,89.8,0.0,13.0,3,-465.460,-5.453,-455.098
3009.3,47.94,89.8,0.0,13.0,3,-465.757,-5.481,-453.208
3009.3,48.27,89.8,0.0,13.2,3,-466.150,-5.521,-450.350
3009.3,48.49,89.9,0.0,11.8,3,-466.376,-5.548,-448.429
3028.5,50.69,90.0,0.0,14.4,3,-467.078,-5.820,-427.628
3038.6,50.88,90.1,0.0,14.2,3,-466.972,-5.843,-425.600
3038.6,51.15,90.0,0.0,13.2,3,-466.751,-5.876,-422.548
3038.6,51.33,90.0,0.0,12.4,0,-466.561,-5.896,-420.508
3038.6,51.26,81.8,0.0,11.8,4,-466.212,-5.923,-417.450
3049.7,51.50,89.8,0.0,11.3,4,-465.786,-5.946,-414.398
3049.7,51.68,89.8,0.0,11.4,4,-465.461,-5.960,-412.360
3049.7,51.94,89.8,0.0,12.5,4,-464.914,-5.979,-409.301
3049.7,52.11,89.8,0.0,13.2,4,-464.511,-5.993,-407.260
3060.8,52.40,89.8,0.0,14.9,4,-463.858,-6.020,-404.194
3060.8,52.58,89.8,0.0,15.9,4,-463.388,-6.043,-402.148
3060.8,52.83,87.8,0.0,17.0,4,-462.626,-6.079,-399.080
3060.8,52.99,81.3,0.0,17.0,4,-462.077,-6.102,-397.036
3071.8,53.22,71.5,0.0,16.4,4,-461.188,-6.132,-393.977
3071.8,53.38,65.0,0.0,15.4,4,-460.551,-6.148,-391.943
3071.8,53.62,57.3,0.0,14.2,4,-459.530,-6.168,-388.900
3071.8,53.79,57.4,0.0,13.5,4,-458.809,-6.181,-386.877
3082.6,54.02,49.8,0.0,12.8,4,-457.669,-6.200,-383.850
3082.6,54.16,49.3,0.0,12.4,4,-456.872,-6.213,-381.840
3082.6,54.41,57.6,0.0,11.4,4,-455.620,-6.231,-378.834
3082.6,54.67,57.7,0.0,9.7,4,-454.301,-6.245,-375.840
3093.3,54.85,57.8,0.0,8.8,4,-453.386,-6.251,-373.850
3093.3,55.13,57.9,0.0,7.8,4,-451.962,-6.260,-370.874
3093.3,55.32,58.0,0.0,7.2,4,-450.981,-6.267,-368.895
3093.3,55.60,58.0,0.0,6.8,4,-449.465,-6.280,-365.934
3104.2,55.78,58.1,0.0,6.5,4,-448.424,-6.289,-363.965
3104.2,56.05,58.1,0.0,6.3,4,-446.818,-6.302,-361.020
3104.2,56.24,58.2,0.0,6.3,4,-445.720,-6.311,-359.061
3104.2,56.51,58.2,0.0,6.1,4,-444.031,-6.324,-356.131
3115.3,56.69,58.3,0.0,6.0,4,-442.877,-6.332,-354.184
3115.3,56.96,58.4,0.0,5.8,4,-441.104,-6.341,-351.273
3115.3,57.22,58.5,0.0,6.1,4,-439.282,-6.349,-348.372
3115.3,57.40,58.5,0.0,6.0,4,-438.041,-6.355,-346.445
3126.6,57.67,58.6,0.0,5.6,4,-436.139,-6.364,-343.565
3126.6,57.85,58.7,0.0,5.3,4,-434.845,-6.369,-341.652
3126.6,58.12,58.7,0.0,4.1,4,-432.863,-6.375,-338.794
3126.6,58.29,58.8,0.0,3.7,4,-431.516,-6.378,-336.895
3138.1,58.53,58.9,0.0,2.2,4,-429.459,-6.381,-334.058
3138.1,58.71,58.9,0.0,1.9,4,-428.065,-6.381,-332.174
3138.1,58.98,59.0,0.0,1.6,4,-425.942,-6.375,-329.353
3138.1,59.15,59.1,0.0,1.4,4,-424.510,-6.368,-327.474
3149.9,59.43,59.1,0.0,0.9,4,-422.339,-6.357,-324.658
3149.9,59.58,59.2,0.0,0.7,4,-420.877,-6.348,-322.780
3149.9,59.85,59.2,0.0,0.2,4,-418.669,-6.335,-319.959
3161.9,60.11,59.2,0.0,-0.1,4,-416.443,-6.319,-317.132
3161.9,60.28,59.2,0.0,-0.4,4,-414.952,-6.310,-315.241
3161.9,60.54,59.3,0.0,-0.7,4,-412.709,-6.296,-312.395
3161.9,60.70,59.2,0.0,-0.9,4,-411.209,-6.286,-310.490
3174.0,60.95,59.0,0.0,-0.9,4,-408.955,-6.271,-307.620
3174.0,61.11,58.9,0.0,-0.9,4,-407.452,-6.261,-305.698
3174.0,61.34,58.6,0.0,-0.8,4,-405.195,-6.245,-302.800
3174.0,61.41,0.0,0.0,-0.8,0,-403.691,-6.234,-300.858
3186.3,61.44,84.5,0.0,-0.7,5,-401.443,-6.215,-297.942
3186.3,61.58,77.7,0.0,-0.6,5,-399.945,-6.203,-295.990
3186.3,61.80,67.6,0.0,-0.5,5,-397.699,-6.184,-293.049
3186.3,61.95,60.9,0.0,-0.6,5,-396.200,-6.171,-291.079
3198.6,62.16,56.3,0.0,-0.6,5,-393.952,-6.151,-288.113
3198.6,62.30,56.4,0.0,-0.6,5,-392.452,-6.137,-286.126
3198.6,62.52,56.5,0.0,-0.5,5,-390.201,-6.116,-283.135
3198.6,62.73,56.6,0.0,-0.4,5,-387.947,-6.097,-280.129
3211.1,62.87,56.7,0.0,-0.4,5,-386.444,-6.084,-278.117
3211.1,63.07,56.8,0.0,-0.5,5,-384.185,-6.061,-275.089
3211.1,63.21,56.8,0.0,-0.3,5,-382.678,-6.044,-273.063
3211.1,63.42,56.9,0.0,-0.2,5,-380.413,-6.018,-270.013
3223.7,63.56,57.0,0.0,-0.1,5,-378.902,-5.999,-267.973
3223.7,63.77,57.1,0.0,-0.2,5,-376.630,-5.972,-264.903
3223.7,63.90,57.2,0.0,-0.2,5,-375.114,-5.955,-262.849
3223.7,64.11,57.3,0.0,-0.1,5,-372.834,-5.928,-259.759
3236.6,64.24,57.3,0.0,-0.0,5,-371.311,-5.910,-257.693
3236.6,64.44,57.4,0.0,0.1,5,-369.022,-5.877,-254.585
3236.6,64.58,57.5,0.0,0.2,5,-367.492,-5.855,-252.508
3236.6,64.78,57.6,0.0,0.3,5,-365.192,-5.820,-249.383
3249.5,64.91,57.6,0.0,0.4,5,-363.654,-5.796,-247.295
3249.5,65.11,57.7,0.0,0.3,5,-361.339,-5.758,-244.156
3249.5,65.30,57.8,0.0,0.3,5,-359.014,-5.718,-241.010
3249.5,65.43,57.9,0.0,0.4,5,-357.458,-5.689,-238.909
3262.5,65.63,58.0,0.0,0.4,5,-355.116,-5.645,-235.752
3262.5,65.76,58.0,0.0,0.2,5,-353.549,-5.616,-233.643
3262.5,65.95,58.0,0.0,0.1,5,-351.189,-5.573,-230.475
3262.5,66.08,58.1,0.0,0.1,5,-349.610,-5.546,-228.359
3275.7,66.28,58.1,0.0,0.2,5,-347.233,-5.510,-225.179
3275.7,66.40,58.1,0.0,0.2,5,-345.643,-5.488,-223.055
3275.7,66.58,58.2,0.0,0.1,5,-343.251,-5.449,-219.863
3275.7,66.71,58.2,0.0,0.0,5,-341.652,-5.421,-217.731
3289.0,66.89,58.3,0.0,-0.0,5,-339.245,-5.378,-214.527
3289.0,67.02,58.3,0.0,-0.1,5,-337.637,-5.347,-212.386
3289.0,67.20,58.3,0.0,-0.2,5,-335.217,-5.301,-209.168
3289.0,67.32,58.3,0.0,-0.2,5,-333.600,-5.270,-207.019
3316.0,68.43,58.6,0.0,-0.2,5,-318.106,-4.943,-186.403
3343.4,69.54,59.0,0.0,-0.3,5,-301.604,-4.576,-164.289
3343.4,69.65,59.0,0.0,-0.2,5,-299.945,-4.537,-162.054
3357.3,69.82,59.0,0.0,-0.3,5,-297.454,-4.479,-158.693
3357.3,69.92,59.1,0.0,-0.3,5,-295.791,-4.439,-156.447
3357.3,70.08,59.1,0.0,-0.3,5,-293.295,-4.379,-153.070
3357.3,70.19,59.1,0.0,-0.2,5,-291.630,-4.340,-150.814
3371.3,70.34,59.2,0.0,-0.2,5,-289.129,-4.279,-147.420
3371.3,70.45,59.2,0.0,-0.1,5,-287.461,-4.238,-145.152
3371.3,70.60,59.2,0.0,-0.1,5,-284.956,-4.177,-141.743
3371.3,70.71,59.2,0.0,-0.1,5,-283.284,-4.137,-139.464
3385.4,70.86,59.2,0.0,0.0,5,-280.773,-4.079,-136.040
3385.4,70.97,59.2,0.0,0.1,5,-279.097,-4.039,-133.752
3385.4,71.12,59.3,0.0,0.1,5,-276.579,-3.979,-130.314
3399.6,71.26,59.3,0.0,0.1,5,-274.056,-3.918,-126.868
3399.6,71.36,59.3,0.0,0.1,5,-272.370,-3.877,-124.568
3399.6,71.51,59.3,0.0,0.0,5,-269.836,-3.815,-121.112
3399.6,71.61,59.4,0.0,-0.0,5,-268.143,-3.773,-118.804
3413.9,71.75,59.4,0.0,-0.1,5,-265.599,-3.711,-115.337
3413.9,71.85,59.4,0.0,-0.2,5,-263.900,-3.669,-113.022
3413.9,71.99,59.4,0.0,-0.3,5,-261.349,-3.606,-109.543
3413.9,72.09,59.4,0.0,-0.4,5,-259.647,-3.563,-107.218
3428.3,72.23,59.4,0.0,-0.5,5,-257.092,-3.496,-103.724
3428.3,72.32,59.4,0.0,-0.4,5,-255.388,-3.451,-101.389
3428.3,72.46,59.3,0.0,-0.3,5,-252.833,-3.383,-97.878
3428.3,72.56,59.3,0.0,-0.3,5,-251.129,-3.338,-95.531
3442.8,72.69,59.2,0.0,-0.4,5,-248.575,-3.271,-92.002
3442.8,72.78,59.1,0.0,-0.4,5,-246.872,-3.228,-89.644
3442.8,72.91,59.1,0.0,-0.3,5,-244.317,-3.164,-86.098
3442.8,73.04,58.9,0.0,0.3,5,-241.762,-3.101,-82.543
3457.4,73.12,58.8,0.0,0.8,5,-240.058,-3.059,-80.169
3457.4,73.17,0.0,0.0,1.3,0,-237.497,-2.996,-76.603
3457.4,73.09,88.2,0.0,0.9,6,-235.789,-2.954,-74.230
3457.4,73.22,78.6,0.0,1.0,6,-233.217,-2.891,-70.674
3472.1,73.29,62.1,0.0,1.6,6,-231.493,-2.848,-68.305
3472.1,73.14,6.5,43.2,2.5,6,-228.896,-2.784,-64.759
3472.1,72.61,0.0,68.8,2.8,6,-227.162,-2.739,-62.413
3472.1,71.50,0.0,82.2,2.9,6,-224.573,-2.672,-58.948
3486.5,70.68,0.0,84.2,2.9,6,-222.855,-2.627,-56.680
3486.5,69.44,0.0,78.1,2.9,6,-220.291,-2.558,-53.347
3486.5,68.67,0.0,61.4,3.1,6,-218.587,-2.513,-51.172
3486.5,67.77,0.0,44.3,3.7,6,-216.031,-2.447,-47.975
3500.3,67.27,0.0,36.5,4.3,6,-214.320,-2.404,-45.885
3500.3,66.65,0.0,23.7,6.2,6,-211.735,-2.340,-42.809
3500.3,66.18,0.0,9.8,4.7,6,-209.122,-2.277,-39.801
3500.3,65.96,0.0,4.4,4.7,6,-207.360,-2.235,-37.831
3513.5,65.71,4.3,0.0,5.2,6,-204.684,-2.172,-34.926
3513.5,65.59,9.1,0.0,4.8,6,-202.877,-2.129,-33.021
3513.5,65.43,9.7,0.0,4.9,6,-200.134,-2.065,-30.206
3513.5,65.32,8.5,0.0,5.4,6,-198.285,-2.024,-28.357
3526.4,64.99,2.2,24.5,5.6,6,-195.484,-1.962,-25.626
3526.4,64.66,0.0,86.2,5.1,6,-193.605,-1.920,-23.840
3526.4,63.68,0.0,19.7,4.7,6,-190.783,-1.856,-21.220
3526.4,63.52,70.5,0.0,5.4,6,-188.898,-1.813,-19.514
3539.1,63.65,71.6,0.0,7.6,6,-186.034,-1.750,-16.994
3539.1,63.70,39.6,0.0,9.8,6,-184.099,-1.711,-15.338
3539.1,63.47,0.8,5.6,12.8,6,-181.167,-1.662,-12.895
3539.1,63.31,22.7,0.0,13.7,6,-179.195,-1.634,-11.302
3551.7,63.25,56.7,0.0,13.4,6,-176.204,-1.598,-8.964
3551.7,63.33,60.4,0.0,13.2,6,-173.166,-1.570,-6.687
3551.7,63.39,53.0,0.0,13.4,6,-171.110,-1.554,-5.205
3551.7,63.46,53.0,0.0,14.7,6,-167.980,-1.531,-3.041
3564.7,63.49,50.6,0.0,16.5,6,-165.864,-1.514,-1.638
3564.7,63.51,34.0,0.0,19.7,6,-162.649,-1.487,0.405
3564.7,63.49,36.7,0.0,21.4,6,-160.478,-1.466,1.724
3564.7,63.52,52.8,0.0,21.9,6,-157.183,-1.428,3.636
3577.8,63.55,53.4,0.0,22.5,6,-154.962,-1.400,4.870
3577.8,63.56,38.6,0.0,23.4,6,-151.599,-1.367,6.669
3577.8,63.54,40.1,0.0,24.2,6,-149.338,-1.349,7.829
3577.8,63.48,19.2,0.0,26.9,6,-145.912,-1.322,9.501
3591.5,63.36,14.9,0.0,29.9,6,-143.610,-1.302,10.567
3591.5,63.18,18.6,0.0,33.5,6,-140.134,-1.270,12.094
3591.5,63.05,17.2,0.0,35.2,6,-137.803,-1.247,13.063
3591.5,62.84,14.1,0.0,36.7,6,-134.288,-1.211,14.445
3604.9,62.62,11.9,0.0,37.4,6,-130.753,-1.175,15.739
3604.9,62.46,10.9,0.0,37.8,6,-128.387,-1.152,16.552
3604.9,62.21,9.3,0.0,38.9,6,-124.827,-1.118,17.698
3604.9,62.03,8.3,0.0,39.6,6,-122.447,-1.097,18.412
3617.6,61.75,29.1,0.0,40.7,0,-118.868,-1.065,19.404
3617.6,61.56,5.2,0.0,41.8,5,-116.478,-1.043,20.014
3617.6,61.27,8.8,0.0,43.1,5,-112.890,-1.012,20.855
3617.6,61.08,8.7,0.0,43.6,5,-110.496,-0.992,21.365
3629.9,60.80,8.7,0.0,43.8,5,-106.905,-0.958,22.051
3629.9,60.62,8.7,0.0,43.8,5,-104.510,-0.934,22.458
3629.9,60.36,8.6,0.0,43.8,5,-100.921,-0.900,22.996
3629.9,60.17,8.6,0.0,43.5,5,-98.530,-0.877,23.306
3641.7,59.90,8.6,0.0,42.7,5,-94.949,-0.839,23.695
3641.7,59.72,8.6,0.0,41.6,5,-92.565,-0.813,23.903
3641.7,59.46,8.5,0.0,39.8,5,-88.997,-0.772,24.142
3653.4,59.21,8.5,0.0,37.3,5,-85.440,-0.731,24.292
3653.4,59.04,9.1,0.0,35.2,5,-83.075,-0.704,24.343
3653.4,58.81,11.4,0.0,32.1,5,-79.540,-0.663,24.345
3653.4,58.67,13.5,0.0,29.6,5,-77.190,-0.634,24.297
3665.0,58.50,19.0,0.0,25.5,5,-73.679,-0.590,24.151
3665.0,58.42,24.6,0.0,22.6,5,-71.345,-0.560,24.005
3665.0,58.37,35.2,0.0,18.2,5,-67.854,-0.516,23.717
3665.0,58.38,39.8,0.0,15.4,5,-65.532,-0.488,23.480
3676.6,58.47,47.8,0.0,11.7,5,-62.053,-0.447,23.057
3676.6,58.56,53.5,0.0,9.2,5,-59.735,-0.419,22.731
3676.6,58.74,54.5,0.0,6.1,5,-56.262,-0.368,22.176
3676.6,58.87,54.6,0.0,4.4,5,-53.946,-0.334,21.769
3688.3,59.08,54.6,0.0,2.3,5,-50.469,-0.287,21.114
3688.3,59.23,54.6,0.0,1.1,5,-48.149,-0.260,20.650
3688.3,59.45,54.6,0.0,-0.7,5,-44.665,-0.221,19.921
3688.3,59.67,54.8,0.0,-2.1,5,-41.171,-0.181,19.171
3700.1,59.82,54.9,0.0,-2.8,5,-38.835,-0.155,18.668
3700.1,60.03,54.8,0.0,-3.8,5,-35.319,-0.117,17.922
3700.1,60.17,55.1,0.0,-4.5,5,-32.965,-0.092,17.435
3700.1,60.39,55.3,0.0,-5.2,5,-29.419,-0.057,16.728
3712.1,60.52,55.5,0.0,-5.6,5,-27.044,-0.035,16.275
3712.1,60.73,55.5,0.0,-6.4,5,-23.465,-0.008,15.627
3712.1,60.85,55.6,0.0,-6.9,5,-21.068,0.008,15.219
3712.1,61.05,55.7,0.0,-5.7,5,-17.457,0.030,14.649
3724.4,61.18,55.8,0.0,-5.6,5,-15.038,0.045,14.298
3724.4,61.37,56.0,0.0,-5.2,5,-11.393,0.068,13.817
3724.4,61.51,56.0,0.0,-5.4,5,-8.953,0.085,13.526
3724.4,61.70,56.2,0.0,-7.5,5,-5.279,0.109,13.133
3736.8,61.89,56.2,0.0,-8.4,5,-1.587,0.134,12.796
3736.8,62.01,56.3,0.0,-8.3,5,0.884,0.151,12.606
3736.8,62.18,56.4,0.0,-8.4,5,4.602,0.182,12.376
3736.8,62.29,56.5,0.0,-8.4,5,7.089,0.206,12.262
3749.4,62.47,56.6,0.0,-8.7,5,10.829,0.245,12.150
3749.4,62.59,56.6,0.0,-8.5,5,13.330,0.272,12.114
3749.4,62.76,56.6,0.0,-8.7,5,17.090,0.315,12.121
3749.4,62.86,56.8,0.0,-8.9,5,19.601,0.347,12.167
3762.2,63.03,56.8,0.0,-8.7,5,23.375,0.398,12.296
3762.2,63.15,56.9,0.0,-8.3,5,25.895,0.436,12.424
3762.2,63.30,57.1,0.0,-7.6,5,29.679,0.497,12.680
3762.2,63.41,57.1,0.0,-7.5,5,32.204,0.537,12.891
3775.4,63.52,57.2,0.0,-9.6,5,35.993,0.590,13.257
3775.4,63.64,41.5,0.0,-11.7,5,38.521,0.620,13.536
3775.4,63.70,50.6,0.0,-13.1,5,42.311,0.667,14.015
3775.4,63.83,57.3,0.0,-12.3,5,46.095,0.719,14.573
3788.5,63.93,57.3,0.0,-11.4,5,48.616,0.754,14.988
3788.5,64.06,57.4,0.0,-10.6,5,52.392,0.807,15.678
3788.5,64.16,57.4,0.0,-10.8,5,54.906,0.843,16.183
3788.5,64.30,57.5,0.0,-11.4,5,58.670,0.896,17.008
3801.8,64.40,57.6,0.0,-11.6,5,61.174,0.932,17.604
3801.8,64.54,57.6,0.0,-11.2,5,64.920,0.989,18.564
3801.8,64.64,57.5,0.0,-10.8,5,67.411,1.026,19.247
3801.8,64.78,57.7,0.0,-10.2,5,71.137,1.080,20.335
3815.2,64.87,57.8,0.0,-10.0,5,73.614,1.117,21.103
3815.2,65.01,57.9,0.0,-9.6,5,77.315,1.172,22.319
3815.2,65.12,57.8,0.0,-9.4,5,79.773,1.210,23.173
3815.2,65.26,57.9,0.0,-9.6,5,83.447,1.266,24.516
3828.5,65.36,57.9,0.0,-9.6,5,85.885,1.303,25.452
3828.5,65.51,57.9,0.0,-9.4,5,89.526,1.359,26.919
3828.5,65.65,58.0,0.0,-9.2,5,93.145,1.417,28.462
3828.5,65.75,58.0,0.0,-9.2,5,95.546,1.456,29.531
3841.7,65.90,58.1,0.0,-9.1,5,99.125,1.516,31.198
3841.7,65.99,58.1,0.0,-9.0,5,101.497,1.558,32.350
3841.7,66.14,58.1,0.0,-8.8,5,105.033,1.620,34.139
3841.7,66.23,58.2,0.0,-8.6,5,107.376,1.662,35.372
3854.9,66.38,58.2,0.0,-8.6,5,110.866,1.725,37.280
3854.9,66.47,58.2,0.0,-8.6,5,113.177,1.767,38.590
3854.9,66.61,58.2,0.0,-8.7,5,116.617,1.829,40.614
3854.9,66.71,58.3,0.0,-8.7,5,118.893,1.871,42.002
3868.1,66.85,58.3,0.0,-8.8,5,122.282,1.931,44.139
3868.1,66.94,58.3,0.0,-8.9,5,124.523,1.970,45.600
3868.1,67.08,58.3,0.0,-8.9,5,127.857,2.027,47.846
3881.4,67.22,58.4,0.0,-8.9,5,131.155,2.082,50.159
3881.4,67.31,58.4,0.0,-9.0,5,133.334,2.117,51.736
3881.4,67.45,58.4,0.0,-9.0,5,136.572,2.167,54.155
3881.4,67.53,58.4,0.0,-8.9,5,138.709,2.199,55.804
3894.9,67.67,58.5,0.0,-8.9,5,141.883,2.242,58.329
3894.9,67.76,58.5,0.0,-9.0,5,143.977,2.268,60.046
3894.9,67.90,58.5,0.0,-8.4,5,147.086,2.299,62.672
3894.9,68.00,58.5,0.0,-7.8,5,149.137,2.315,64.455
3908.4,68.13,58.6,0.0,-6.1,5,152.179,2.336,67.179
3908.4,68.21,49.2,10.5,-4.9,5,154.184,2.348,69.028
3908.4,67.79,0.0,52.0,-3.3,5,157.150,2.364,71.837
3908.4,67.21,0.0,65.5,-1.9,5,159.090,2.373,73.717
3921.9,66.18,0.0,73.0,0.2,5,161.937,2.386,76.533
3921.9,65.09,0.0,75.4,1.5,5,164.711,2.400,79.332
3921.9,64.34,0.0,75.5,1.5,5,166.522,2.410,81.184
3921.9,63.23,0.0,76.6,0.8,5,169.188,2.426,83.932
3946.8,56.27,0.0,69.3,0.3,5,184.976,2.541,100.256
3946.8,55.62,0.0,69.4,0.4,5,186.540,2.553,101.857
3958.2,54.63,0.0,68.5,0.6,5,188.857,2.568,104.221
3958.2,53.98,0.0,70.8,0.7,5,190.381,2.577,105.770
3958.2,52.97,0.0,70.9,0.7,5,192.638,2.589,108.054
3958.2,52.30,36.9,73.0,0.8,0,194.122,2.597,109.549
3968.9,51.27,0.0,78.8,0.8,4,196.319,2.611,111.750
3968.9,50.53,0.0,82.2,0.9,4,197.762,2.620,113.188
3968.9,49.40,0.0,83.4,0.7,4,199.893,2.636,115.300
3968.9,48.61,0.0,84.9,0.9,4,201.291,2.649,116.676
3978.9,47.45,0.0,84.4,1.2,4,203.354,2.670,118.692
3978.9,46.30,0.0,85.6,1.8,4,205.377,2.694,120.648
3978.9,45.53,0.0,85.3,2.1,0,206.705,2.710,121.919
3988.1,44.40,0.0,83.9,2.3,3,208.665,2.734,123.775
3988.1,43.64,0.0,84.5,2.6,3,209.952,2.750,124.979
3988.1,42.50,0.0,83.1,2.9,3,211.853,2.773,126.733
3988.1,41.75,0.0,81.2,3.0,3,213.101,2.787,127.867
3996.6,40.66,0.0,80.1,2.9,3,214.947,2.806,129.515
3996.6,39.94,0.0,78.4,2.5,3,216.160,2.818,130.579
3996.6,38.89,0.0,69.5,1.5,3,217.955,2.833,132.120
3996.6,38.24,0.0,59.8,0.9,3,219.138,2.842,133.113
4004.4,37.41,0.0,48.7,0.2,3,220.896,2.852,134.549
4004.4,36.93,0.0,43.8,0.8,3,222.063,2.858,135.473
4004.4,36.29,0.0,39.6,3.3,3,223.809,2.864,136.807
4004.4,35.90,0.0,38.2,5.4,3,224.971,2.866,137.664
4011.6,35.33,0.0,37.9,8.3,3,226.712,2.869,138.905
4011.6,34.79,42.8,36.1,10.0,0,228.448,2.870,140.095
4011.6,34.43,0.0,36.9,10.0,2,229.603,2.869,140.859
4011.6,33.87,0.0,36.9,9.5,2,231.332,2.867,141.962
4018.4,33.50,0.0,35.6,9.6,2,232.480,2.864,142.668
4018.4,32.96,0.0,34.0,10.2,2,234.198,2.859,143.681
4018.4,32.61,0.0,32.5,10.5,2,235.340,2.855,144.327
4018.4,32.11,0.0,30.9,11.2,2,237.049,2.848,145.250
4024.8,31.78,0.0,27.6,12.0,2,238.186,2.843,145.835
4024.8,31.36,0.0,19.9,13.1,2,239.888,2.835,146.667
4024.8,31.13,0.0,15.7,13.9,2,241.023,2.829,147.192
4024.8,30.83,0.0,11.6,15.4,2,242.727,2.820,147.935
4030.9,30.66,0.0,9.1,16.6,2,243.866,2.814,148.400
4030.9,30.44,0.0,5.7,18.5,2,245.579,2.804,149.054
4030.9,30.31,0.0,4.0,19.3,2,246.724,2.798,149.459
4030.9,30.14,0.0,4.0,19.9,2,248.449,2.788,150.020
4036.7,29.96,0.0,3.8,21.0,2,250.180,2.778,150.524
4036.7,29.84,0.0,3.2,21.6,2,251.337,2.771,150.829
4036.7,29.65,0.0,7.2,17.6,2,253.076,2.759,151.236
4036.7,29.51,0.0,6.0,15.9,2,254.234,2.751,151.476
4042.5,29.33,0.0,3.0,14.4,2,255.972,2.738,151.789
4042.5,29.23,0.0,5.9,14.6,2,257.129,2.731,151.968
4042.5,29.06,0.0,2.7,15.9,2,258.864,2.720,152.193
4042.5,28.97,0.1,0.3,16.9,2,260.018,2.714,152.314
4048.5,28.86,2.3,0.4,21.7,2,261.748,2.705,152.454
4048.5,28.78,1.0,0.0,24.6,2,262.899,2.700,152.518
4048.5,28.67,8.1,0.0,27.8,2,264.622,2.693,152.566
4048.5,28.64,16.8,0.0,29.6,2,265.768,2.689,152.563
4055.7,28.55,7.0,0.0,31.4,2,267.483,2.685,152.505
4055.7,28.50,15.6,0.0,32.7,2,268.621,2.683,152.430
4055.7,28.45,13.3,0.0,35.6,2,270.322,2.682,152.263
4055.7,28.40,14.2,0.0,38.4,2,271.449,2.682,152.117
4062.4,28.31,10.0,0.0,42.4,2,273.129,2.684,151.844
4062.4,28.20,10.9,0.0,46.5,0,274.791,2.687,151.509
4062.4,28.10,38.0,0.0,48.2,0,275.886,2.691,151.248
4062.4,27.94,7.6,0.0,51.8,1,277.508,2.699,150.804
4070.4,27.86,10.1,0.0,55.4,1,278.574,2.706,150.473
4070.4,27.72,10.5,0.0,61.4,1,280.150,2.718,149.927
4070.4,27.61,10.3,0.0,63.5,1,281.183,2.727,149.530
4070.4,27.43,9.3,0.0,63.2,1,282.702,2.746,148.883
4077.1,27.32,9.2,0.0,61.7,1,283.693,2.761,148.418
4077.1,27.16,9.2,0.0,61.3,1,285.147,2.788,147.670
4077.1,27.06,9.3,0.0,61.9,1,286.093,2.807,147.141
4077.1,26.91,9.1,0.0,59.4,1,287.479,2.837,146.304
4083.4,26.81,9.1,0.0,59.9,1,288.380,2.858,145.719
4083.4,26.66,9.3,0.0,59.0,1,289.697,2.888,144.803
4083.4,26.56,9.3,0.0,56.7,1,290.551,2.909,144.167
4083.4,26.43,11.1,0.0,55.2,1,291.793,2.941,143.175
4089.6,26.31,12.8,0.0,53.1,1,292.988,2.975,142.139
4089.6,26.25,14.7,0.0,51.2,1,293.759,2.998,141.424
4089.6,26.18,18.8,0.0,47.9,1,294.876,3.033,140.318
4089.6,26.16,23.9,0.0,45.3,1,295.596,3.056,139.558
4094.7,26.22,34.7,0.0,40.7,1,296.639,3.090,138.384
4094.7,26.31,44.6,0.0,37.7,1,297.312,3.111,137.578
4094.7,26.58,68.9,0.0,32.6,1,298.292,3.142,136.332
4094.7,26.85,59.4,0.0,28.0,1,298.927,3.161,135.474
4099.7,27.14,62.7,0.0,19.9,1,299.854,3.188,134.146
4099.7,27.34,48.9,0.0,14.4,1,300.451,3.205,133.236
4099.7,27.61,54.5,0.0,7.5,1,301.315,3.228,131.833
4099.7,27.83,54.8,0.0,4.3,1,301.871,3.243,130.875
4104.9,28.23,72.2,0.0,2.3,1,302.680,3.263,129.402
4104.9,28.54,75.3,0.0,2.4,1,303.205,3.276,128.396
4104.9,29.06,81.9,0.0,3.6,1,303.973,3.294,126.850
4110.5,29.60,75.8,0.0,5.6,1,304.722,3.310,125.259
4110.5,29.95,81.9,0.0,6.5,1,305.210,3.320,124.174
4110.5,30.51,84.6,0.0,7.7,1,305.925,3.334,122.508
4110.5,30.88,84.4,0.0,8.1,1,306.389,3.344,121.372
4116.5,31.42,84.4,0.0,8.6,1,307.065,3.358,119.631
4116.5,31.77,80.7,0.0,8.7,1,307.501,3.367,118.445
4116.5,32.26,80.7,0.0,8.6,1,308.128,3.380,116.631
4116.5,32.74,77.4,0.0,9.0,1,308.721,3.392,114.775
4123.0,33.03,74.8,0.0,9.0,1,309.096,3.399,113.514
4123.0,33.48,83.5,0.0,7.6,1,309.622,3.411,111.591
4123.0,33.66,0.0,0.0,6.4,0,309.948,3.419,110.287
4123.0,33.79,89.0,0.0,7.0,2,310.392,3.432,108.317
4129.7,34.11,89.6,0.0,8.8,2,310.661,3.441,106.987
4129.7,34.61,85.9,0.0,12.4,2,311.031,3.456,104.960
4129.7,35.03,74.5,0.0,14.7,2,311.356,3.474,102.897
4129.7,35.24,54.1,0.0,14.7,2,311.545,3.486,101.504
4136.6,35.25,7.8,17.9,12.7,2,311.783,3.507,99.401
4136.6,35.02,0.0,22.4,9.8,2,311.913,3.521,98.001
4136.6,34.60,0.0,36.6,5.9,2,312.066,3.544,95.917
4136.6,34.21,0.0,45.4,4.2,2,312.145,3.560,94.542
4143.5,33.53,0.0,52.4,2.7,2,312.233,3.587,92.510
4143.5,33.03,0.0,57.4,2.2,2,312.276,3.606,91.179
4143.5,32.22,0.0,61.9,1.8,2,312.322,3.637,89.221
4143.5,31.65,0.0,65.2,1.1,2,312.342,3.658,87.942
4149.8,30.76,0.0,67.0,-1.3,2,312.363,3.690,86.069
4149.8,30.16,0.0,67.8,-3.3,2,312.373,3.712,84.849
4149.8,29.25,35.7,68.3,-5.9,0,312.390,3.745,83.066
4149.8,28.66,0.0,67.5,-7.2,1,312.405,3.766,81.906
4155.5,27.78,0.0,51.1,-8.8,1,312.439,3.797,80.213
4155.5,27.09,0.0,36.2,-10.4,1,312.492,3.827,78.568
4155.5,26.73,0.0,29.8,-11.6,1,312.542,3.846,77.492
4155.5,26.28,0.0,23.4,-13.6,1,312.642,3.872,75.905
4160.6,26.02,0.0,20.0,-14.9,1,312.726,3.888,74.862
4160.6,25.67,0.0,15.7,-16.6,1,312.882,3.910,73.319
4160.6,25.47,0.0,13.5,-17.4,1,313.005,3.924,72.303
4160.6,25.19,0.0,13.1,-18.5,1,313.223,3.943,70.799
4165.6,24.91,0.0,11.7,-19.5,1,313.481,3.961,69.318
4165.6,24.66,0.0,10.1,-20.3,1,313.778,3.977,67.861
4165.6,24.50,0.0,9.7,-20.1,1,313.999,3.987,66.903
4170.5,24.25,0.0,11.1,-20.6,1,314.364,4.000,65.486
4170.5,24.09,0.0,10.6,-21.5,1,314.629,4.008,64.556
4170.5,23.85,0.0,9.7,-23.0,1,315.061,4.019,63.184
4170.5,23.69,0.0,9.2,-23.6,1,315.370,4.025,62.285
4175.2,23.46,0.0,9.3,-23.9,1,315.869,4.033,60.961
4175.2,23.31,0.0,7.6,-24.4,1,316.224,4.038,60.095
4175.2,23.10,0.0,5.2,-25.5,1,316.789,4.043,58.823
4175.2,22.98,0.0,3.8,-26.3,1,317.189,4.045,57.992
4179.7,22.81,0.0,10.3,-27.1,1,317.822,4.048,56.772
4179.7,22.59,0.0,8.6,-27.6,1,318.495,4.048,55.588
4179.7,22.44,0.0,7.1,-27.8,1,318.964,4.048,54.818
4179.7,22.24,0.0,5.2,-28.0,1,319.698,4.046,53.697
4188.2,21.02,0.0,6.3,-30.3,1,325.436,3.999,47.248
4192.0,20.89,0.0,5.5,-31.5,1,326.079,3.992,46.710
4192.0,20.72,0.0,4.1,-33.4,1,327.062,3.981,45.940
4192.0,20.62,0.0,4.6,-35.2,1,327.731,3.973,45.453
4192.0,20.47,4.0,0.1,-37.7,1,328.752,3.960,44.763
4196.0,20.46,23.5,0.0,-38.7,1,329.447,3.951,44.331
4196.0,20.60,45.4,0.0,-39.7,1,330.515,3.938,43.720
4196.0,20.75,55.3,0.0,-40.5,1,331.246,3.928,43.335
4196.0,21.08,81.9,0.0,-37.9,1,332.375,3.913,42.791
4200.4,21.43,46.1,0.0,-41.8,1,333.546,3.897,42.284
4200.4,21.57,46.3,0.0,-41.7,1,334.347,3.887,41.973
4200.4,21.78,48.6,0.0,-39.2,1,335.576,3.871,41.549
4200.4,21.94,52.6,0.0,-32.7,1,336.412,3.861,41.296
4205.1,22.27,57.6,0.0,-37.6,1,337.695,3.846,40.959
4205.1,22.46,55.8,0.0,-40.1,1,338.567,3.837,40.764
4205.1,22.73,53.0,0.0,-39.8,1,339.899,3.823,40.517
4205.1,22.88,45.4,0.0,-40.3,1,340.801,3.815,40.383
4210.3,23.08,45.6,0.0,-44.7,1,342.171,3.802,40.229
4210.3,23.20,40.0,0.0,-48.0,1,343.094,3.794,40.157
4210.3,23.30,30.0,0.0,-52.6,1,344.487,3.783,40.096
4210.3,23.32,26.2,0.0,-55.0,1,345.420,3.775,40.086
4215.8,23.33,21.3,0.0,-58.0,1,346.819,3.764,40.120
4215.8,23.31,17.8,0.0,-60.4,1,347.750,3.758,40.175
4215.8,23.24,14.3,0.0,-62.2,1,349.141,3.749,40.306
4215.8,23.15,12.5,0.0,-62.4,1,350.519,3.741,40.498
4221.5,23.08,12.6,0.0,-62.0,1,351.430,3.737,40.658
4221.5,23.00,13.4,0.0,-61.2,1,352.781,3.731,40.949
4221.5,22.93,13.9,0.0,-61.5,1,353.672,3.728,41.176
4221.5,22.85,14.3,0.0,-60.1,1,354.989,3.724,41.566
4227.1,22.80,14.5,0.0,-56.6,1,355.854,3.722,41.857
4227.1,22.76,19.0,0.0,-49.9,1,357.133,3.719,42.340
4227.1,22.77,29.3,0.0,-44.9,1,357.971,3.718,42.694
4227.1,22.96,68.4,0.0,-36.2,1,359.214,3.717,43.270
4232.6,23.27,89.0,0.0,-29.3,1,360.039,3.718,43.687
4232.6,23.68,66.8,0.0,-19.4,1,361.277,3.720,44.358
4232.6,24.01,87.0,0.0,-14.9,1,362.101,3.722,44.836
4232.6,24.52,80.7,0.0,-9.6,1,363.342,3.726,45.596
4237.9,25.10,88.8,0.0,-8.0,1,364.589,3.733,46.406
4237.9,25.51,89.0,0.0,-8.2,1,365.427,3.739,46.972
4237.9,26.12,89.3,0.0,-9.9,1,366.693,3.750,47.863
4237.9,26.53,89.5,0.0,-18.5,1,367.543,3.758,48.483
4243.2,27.08,75.4,0.0,-15.5,1,368.821,3.770,49.458
4243.2,27.42,79.4,0.0,-12.2,1,369.671,3.778,50.138
4243.2,27.92,76.1,0.0,-8.1,1,370.945,3.790,51.202
4243.2,28.27,81.9,0.0,-8.8,1,371.792,3.798,51.939
4248.7,28.80,81.5,0.0,-14.3,1,373.060,3.809,53.088
4248.7,29.15,77.2,0.0,-13.1,1,373.901,3.816,53.884
4248.7,29.62,79.8,0.0,-18.0,1,375.153,3.826,55.124
4248.7,29.93,71.2,0.0,-14.7,1,375.978,3.832,55.982
4254.2,30.38,78.9,0.0,-17.6,1,377.198,3.842,57.317
4254.2,30.67,69.5,0.0,-14.4,1,377.999,3.848,58.238
4254.2,31.08,70.5,0.0,-9.8,1,379.177,3.856,59.667
4260.0,31.51,75.7,0.0,-12.0,1,380.329,3.864,61.149
4260.0,31.79,74.2,0.0,-12.5,1,381.080,3.868,62.167
4260.0,32.21,72.9,0.0,-14.4,1,382.181,3.874,63.739
4260.0,32.48,77.8,0.0,-16.4,1,382.897,3.877,64.816
4266.3,32.88,67.8,0.0,-11.8,1,383.940,3.881,66.476
4266.3,33.15,79.6,0.0,-8.8,1,384.614,3.883,67.611
4266.3,33.58,75.2,0.0,-4.0,1,385.593,3.886,69.356
4266.3,33.90,88.7,0.0,-1.3,0,386.227,3.888,70.547
4272.8,33.94,89.6,0.0,-2.2,2,387.144,3.892,72.364
4272.8,34.28,89.6,0.0,-4.3,2,387.733,3.894,73.594
4272.8,34.80,89.6,0.0,-7.2,2,388.600,3.897,75.475
4272.8,35.14,89.6,0.0,-8.4,2,389.168,3.899,76.752
4279.6,35.65,89.6,0.0,-8.8,2,390.008,3.899,78.702
4279.6,35.97,89.7,0.0,-8.3,2,390.557,3.897,80.023
4279.6,36.48,88.9,0.0,-6.9,2,391.367,3.893,82.039
4279.6,36.93,88.0,0.0,-6.1,2,392.152,3.889,84.094
4286.8,37.18,86.7,0.0,-5.2,2,392.662,3.885,85.485
4286.8,37.62,82.6,0.0,-2.9,2,393.405,3.878,87.603
4286.8,37.90,89.7,0.0,-1.0,2,393.885,3.875,89.035
4286.8,38.31,69.3,0.0,0.4,2,394.585,3.871,91.212
4294.3,38.60,88.8,0.0,0.9,2,395.037,3.868,92.682
4294.3,39.09,89.8,0.0,-0.3,2,395.695,3.865,94.917
4294.3,39.42,89.8,0.0,-1.2,2,396.123,3.864,96.427
4294.3,39.92,89.8,0.0,-1.6,2,396.750,3.863,98.722
4302.0,40.23,89.8,0.0,-1.4,2,397.160,3.862,100.271
4302.0,40.71,89.9,0.0,-1.7,2,397.763,3.858,102.622
4302.0,40.98,89.9,0.0,-2.0,2,398.157,3.854,104.206
4302.0,41.45,89.9,0.0,-3.2,2,398.740,3.849,106.608
4310.0,41.74,89.9,0.0,-4.5,0,399.122,3.847,108.226
4310.0,41.77,89.6,0.0,-5.0,3,399.683,3.844,110.668
4310.0,42.18,89.6,0.0,-4.7,3,400.225,3.839,113.126
4310.0,42.45,89.6,0.0,-4.7,3,400.574,3.837,114.782
4318.3,42.85,89.6,0.0,-4.6,3,401.081,3.834,117.289
4318.3,43.12,89.6,0.0,-4.7,3,401.405,3.831,118.977
4318.3,43.52,89.7,0.0,-5.0,3,401.871,3.828,121.534
4318.3,43.79,89.7,0.0,-5.2,3,402.167,3.826,123.254
4326.9,44.19,89.7,0.0,-5.4,3,402.587,3.823,125.858
4326.9,44.45,89.7,0.0,-5.3,3,402.852,3.820,127.611
4326.9,44.84,89.7,0.0,-5.1,3,403.224,3.814,130.263
4326.9,45.10,89.7,0.0,-5.0,3,403.454,3.810,132.046
4335.6,45.49,89.7,0.0,-5.2,3,403.772,3.804,134.745
4335.6,45.75,89.7,0.0,-5.2,3,403.966,3.800,136.559
4335.6,46.14,89.7,0.0,-5.3,3,404.228,3.794,139.302
4335.6,46.40,89.8,0.0,-5.4,3,404.383,3.789,141.146
4344.7,46.77,89.8,0.0,-5.8,3,404.587,3.783,143.933
4344.7,47.15,89.8,0.0,-5.8,3,404.755,3.775,146.745
4344.7,47.40,89.8,0.0,-5.6,3,404.845,3.771,148.633
4344.7,47.77,89.8,0.0,-5.9,3,404.946,3.764,151.485
4354.1,48.01,89.8,0.0,-6.4,3,404.992,3.760,153.399
4354.1,48.37,89.8,0.0,-6.9,3,405.024,3.754,156.290
4354.1,48.60,89.9,0.0,-7.1,3,405.021,3.749,158.229
4354.1,48.95,89.9,0.0,-7.3,3,404.977,3.742,161.154
4363.6,49.19,89.9,0.0,-6.7,3,404.920,3.738,163.116
4363.6,49.53,89.9,0.0,-7.3,3,404.793,3.731,166.074
4363.6,49.76,89.9,0.0,-7.5,3,404.681,3.726,168.056
4363.6,50.10,89.9,0.0,-6.5,3,404.468,3.718,171.043
4373.4,50.32,89.9,0.0,-6.5,3,404.297,3.714,173.043
4373.4,50.65,90.0,0.0,-6.9,3,403.998,3.707,176.057
4373.4,50.88,90.0,0.0,-8.4,3,403.770,3.702,178.074
4373.4,51.19,90.0,0.0,-10.8,3,403.383,3.693,181.111
4383.4,51.50,90.0,0.0,-12.3,3,402.936,3.686,184.159
4383.4,51.69,90.0,0.0,-12.7,0,402.604,3.680,186.195
4383.4,51.63,89.8,0.0,-12.5,4,402.051,3.672,189.245
4383.4,51.80,89.8,0.0,-11.6,4,401.642,3.667,191.273
4393.8,52.07,89.8,0.0,-11.4,4,400.968,3.661,194.315
4393.8,52.25,89.8,0.0,-11.9,4,400.478,3.657,196.342
4393.8,52.51,89.8,0.0,-12.3,4,399.682,3.651,199.382
4393.8,52.68,89.8,0.0,-12.7,4,399.108,3.649,201.406
4404.8,52.93,83.9,0.0,-14.2,4,398.184,3.647,204.436
4404.8,53.10,77.4,0.0,-15.3,4,397.527,3.647,206.452
4404.8,53.34,67.6,0.0,-17.2,4,396.484,3.644,209.469
4404.8,53.52,61.1,0.0,-18.3,4,395.747,3.643,211.475
4416.1,53.76,57.3,0.0,-18.8,4,394.578,3.646,214.473
4416.1,53.92,57.4,0.0,-19.1,4,393.756,3.650,216.463
4416.1,54.08,42.4,0.0,-19.4,4,392.463,3.657,219.434
4427.6,54.11,22.7,0.0,-19.7,4,391.101,3.664,222.381
4427.6,54.11,33.7,0.0,-19.9,4,390.154,3.669,224.327
4427.6,54.22,49.8,0.0,-19.4,4,388.675,3.678,227.220
4427.6,54.30,42.6,0.0,-19.2,4,387.650,3.685,229.133
4438.7,54.36,30.2,0.0,-19.0,4,386.059,3.690,231.979
4438.7,54.38,35.0,0.0,-18.9,4,384.963,3.691,233.858
4438.7,54.47,41.0,0.0,-18.2,4,383.266,3.690,236.647
4438.7,54.56,52.7,0.0,-17.2,4,382.097,3.690,238.487
4449.5,54.76,51.6,0.0,-15.0,4,380.284,3.691,241.220
4449.5,54.86,42.6,0.0,-13.3,4,379.038,3.693,243.023
4449.5,55.02,53.7,0.0,-10.9,4,377.114,3.698,245.699
4449.5,55.18,57.9,0.0,-9.7,4,375.794,3.703,247.464
4460.3,55.45,58.0,0.0,-8.3,4,373.765,3.711,250.089
4460.3,55.64,58.0,0.0,-7.6,4,372.379,3.717,251.826
4460.3,55.91,58.1,0.0,-6.5,4,370.255,3.725,254.410
4460.3,56.18,58.2,0.0,-5.6,4,368.079,3.734,256.973
4471.4,56.36,58.2,0.0,-5.4,4,366.602,3.741,258.671
4471.4,56.64,58.3,0.0,-5.2,4,364.348,3.749,261.203
4471.4,56.82,58.3,0.0,-4.9,4,362.822,3.754,262.881
4471.4,57.09,58.4,0.0,-4.7,4,360.496,3.760,265.384
4482.7,57.27,58.5,0.0,-4.7,4,358.923,3.764,267.044
4482.7,57.54,58.6,0.0,-5.0,4,356.529,3.768,269.518
4482.7,57.71,58.6,0.0,-5.1,4,354.910,3.769,271.159
4482.7,57.98,58.7,0.0,-5.2,4,352.449,3.768,273.606
4494.2,58.24,58.8,0.0,-5.2,4,349.947,3.769,276.032
4494.2,58.41,58.9,0.0,-5.5,4,348.256,3.770,277.639
4494.2,58.66,58.9,0.0,-5.2,4,345.686,3.772,280.032
4494.2,58.85,58.9,0.0,-4.1,4,343.950,3.772,281.617
4505.9,59.10,59.1,0.0,-3.0,4,341.309,3.780,283.971
4505.9,59.28,59.0,0.0,-2.4,4,339.528,3.785,285.530
4505.9,59.54,59.0,0.0,-1.3,4,336.826,3.787,287.855
4505.9,59.72,59.0,0.0,-0.5,4,335.007,3.786,289.396
4517.8,59.96,59.2,0.0,-0.0,4,332.252,3.784,291.699
4517.8,60.13,59.2,0.0,-0.2,4,330.401,3.782,293.230
4517.8,60.38,59.1,0.0,-0.7,4,327.609,3.781,295.526
4517.8,60.55,59.0,0.0,-0.7,4,325.738,3.780,297.058
4529.8,60.79,58.7,0.0,-0.4,4,322.920,3.780,299.362
4554.3,61.96,57.5,0.0,0.6,5,304.891,3.796,314.156
4554.3,62.18,56.3,0.0,0.7,5,302.026,3.803,316.535
4554.3,62.32,56.4,0.0,0.8,5,300.114,3.808,318.128
4554.3,62.54,56.5,0.0,0.9,5,297.241,3.814,320.531
4566.7,62.68,56.6,0.0,0.9,5,295.323,3.817,322.141
4566.7,62.89,56.7,0.0,0.7,5,292.443,3.820,324.569
4566.7,63.11,56.8,0.0,0.7,5,289.558,3.817,327.012
4566.7,63.25,56.8,0.0,0.7,5,287.633,3.812,328.648
4592.1,64.64,57.5,0.0,0.2,5,268.270,3.790,345.358
4605.0,64.84,57.6,0.0,0.1,5,265.344,3.793,347.912
4605.0,64.97,57.7,0.0,0.1,5,263.390,3.798,349.620
4605.0,65.18,57.8,0.0,0.1,5,260.452,3.808,352.191
4605.0,65.31,57.9,0.0,0.1,5,258.489,3.817,353.911
4618.0,65.51,57.9,0.0,0.1,5,255.537,3.830,356.497
4618.0,65.64,58.0,0.0,0.1,5,253.565,3.839,358.226
4618.0,65.84,58.0,0.0,0.0,5,250.600,3.850,360.827
4618.0,65.97,58.0,0.0,0.0,5,248.619,3.859,362.565
4631.2,66.17,58.1,0.0,0.1,5,245.639,3.875,365.179
4631.2,66.30,58.1,0.0,0.2,5,243.648,3.883,366.927
4631.2,66.49,58.2,0.0,0.1,5,240.655,3.892,369.555
4631.2,66.68,58.2,0.0,0.0,5,237.653,3.901,372.191
4644.4,66.81,58.2,0.0,0.0,5,235.648,3.905,373.953
4644.4,67.00,58.3,0.0,0.0,5,232.632,3.908,376.603
4644.4,67.13,58.3,0.0,0.0,5,230.618,3.908,378.374
4644.4,67.32,58.3,0.0,0.0,5,227.589,3.907,381.037
4657.8,67.44,58.4,0.0,0.0,5,225.565,3.904,382.816
4657.8,67.63,58.4,0.0,0.0,5,222.523,3.899,385.492
4657.8,67.75,58.4,0.0,0.0,5,220.491,3.896,387.281
4657.8,67.94,58.5,0.0,0.0,5,217.435,3.892,389.970
4671.4,68.06,58.5,0.0,0.1,5,215.394,3.888,391.766
4671.4,68.24,58.6,0.0,0.0,5,212.325,3.882,394.468
4671.4,68.37,58.6,0.0,0.0,5,210.274,3.877,396.274
4671.4,68.55,58.6,0.0,0.1,5,207.192,3.869,398.988
4685.0,68.73,58.7,0.0,0.1,5,204.102,3.863,401.711
4685.0,68.86,58.8,0.0,0.1,5,202.038,3.860,403.530
4685.0,69.04,58.8,0.0,0.1,5,198.934,3.855,406.265
4685.0,69.16,58.8,0.0,0.0,5,196.861,3.852,408.093
4698.8,69.34,58.9,0.0,0.1,5,193.745,3.847,410.841
4698.8,69.46,58.9,0.0,0.1,5,191.663,3.844,412.677
4698.8,69.64,59.0,0.0,0.1,5,188.534,3.838,415.438
4698.8,69.76,59.0,0.0,0.1,5,186.444,3.834,417.282
4712.7,69.93,59.1,0.0,0.1,5,183.304,3.830,420.056
4712.7,70.04,59.1,0.0,0.1,5,181.206,3.828,421.909
4712.7,70.21,59.1,0.0,0.1,5,178.053,3.825,424.695
4712.7,70.33,59.2,0.0,0.1,5,175.948,3.822,426.557
4726.7,70.50,59.2,0.0,0.2,5,172.785,3.816,429.357
4726.7,70.61,59.2,0.0,0.2,5,170.672,3.812,431.228
4726.7,70.78,59.2,0.0,0.2,5,167.498,3.806,434.041
4740.9,70.94,59.3,0.0,0.1,5,164.318,3.802,436.862
4740.9,71.05,59.3,0.0,0.1,5,162.195,3.801,438.747
4740.9,71.21,59.3,0.0,0.1,5,159.005,3.800,441.582
4740.9,71.32,59.3,0.0,0.1,5,156.875,3.800,443.477
4755.1,71.48,59.3,0.0,0.1,5,153.675,3.802,446.325
4755.1,71.58,59.3,0.0,0.1,5,151.539,3.804,448.228
4755.1,71.74,59.4,0.0,0.1,5,148.330,3.809,451.089
4755.1,71.85,59.4,0.0,0.1,5,146.187,3.812,453.001
4769.5,72.01,59.4,0.0,0.1,5,142.968,3.814,455.876
4769.5,72.11,59.4,0.0,0.1,5,140.819,3.816,457.796
4769.5,72.27,59.4,0.0,0.1,5,137.590,3.819,460.683
4769.5,72.37,59.4,0.0,0.0,5,135.434,3.821,462.612
4783.9,72.52,59.3,0.0,0.0,5,132.196,3.823,465.511
4783.9,72.62,59.3,0.0,0.0,5,130.033,3.824,467.447
4783.9,72.77,59.1,0.0,0.1,5,126.784,3.827,470.357
4783.9,72.91,59.0,0.0,0.1,5,123.530,3.829,473.273
4798.5,73.01,58.9,0.0,0.1,5,121.356,3.829,475.221
4798.5,73.15,58.9,0.0,0.1,5,118.091,3.831,478.147
4798.5,73.24,58.8,0.0,0.0,5,115.911,3.831,480.101
4798.5,73.21,0.0,0.0,-0.1,0,112.638,3.830,483.036
4813.1,73.24,85.0,0.0,-0.1,6,110.458,3.828,484.990
4813.1,73.38,75.4,0.0,-0.1,6,107.184,3.824,487.927
4813.1,73.47,69.1,0.0,-0.0,6,104.997,3.820,489.887
4813.1,73.62,59.5,0.0,0.0,6,101.712,3.812,492.833
4827.8,73.71,58.2,0.0,0.0,6,99.518,3.806,494.799
4827.8,73.84,58.3,0.0,0.0,6,96.221,3.797,497.753
4827.8,73.94,58.3,0.0,0.1,6,94.020,3.790,499.725
4827.8,74.08,58.3,0.0,0.0,6,90.713,3.777,502.688
4842.6,74.17,58.3,0.0,0.0,6,88.505,3.766,504.667
4842.6,74.30,58.4,0.0,-0.0,6,85.188,3.749,507.639
4842.6,74.43,58.4,0.0,-0.0,6,81.865,3.729,510.616
4842.6,74.52,58.4,0.0,-0.0,6,79.646,3.716,512.604
4872.4,75.39,58.6,0.0,-0.1,6,57.306,3.559,532.601
4887.5,75.52,58.6,0.0,-0.0,6,53.931,3.527,535.618
4887.5,75.61,58.6,0.0,-0.0,6,51.676,3.505,537.631
4887.5,75.73,58.7,0.0,0.1,6,48.290,3.470,540.655
4887.5,75.82,58.7,0.0,0.2,6,46.029,3.445,542.673
4902.6,75.95,58.7,0.0,0.2,6,42.633,3.406,545.705
4902.6,76.03,58.7,0.0,0.2,6,40.366,3.378,547.729
4902.6,76.16,58.8,0.0,0.1,6,36.962,3.333,550.771
4902.6,76.24,58.8,0.0,0.1,6,34.690,3.299,552.803
4917.8,76.36,58.8,0.0,0.1,6,31.280,3.243,555.857
4917.8,76.49,58.9,0.0,0.1,6,27.866,3.188,558.917
4917.8,76.57,58.9,0.0,0.1,6,25.588,3.149,560.961
4917.8,76.69,58.9,0.0,0.0,6,22.168,3.093,564.032
4933.1,76.77,59.0,0.0,0.1,6,19.885,3.054,566.084
4933.1,76.90,59.0,0.0,0.1,6,16.457,2.994,569.166
4933.1,76.92,33.7,32.2,-0.0,6,14.170,2.954,571.223
4933.1,76.25,0.0,64.5,-0.3,6,10.750,2.896,574.300
4948.5,75.59,0.0,71.1,-0.5,6,8.491,2.858,576.331
4948.5,74.49,0.0,73.5,-0.5,6,5.140,2.805,579.342
4948.5,73.76,0.0,73.9,-0.4,6,2.932,2.773,581.322
4948.5,72.67,0.0,76.0,-0.3,6,-0.343,2.722,584.253
4963.3,71.91,0.0,74.7,-0.3,6,-2.501,2.683,586.181
4963.3,70.81,0.0,73.9,-0.3,6,-5.699,2.627,589.030
4963.3,69.72,0.0,74.0,-0.3,6,-8.852,2.575,591.831
4963.3,68.99,0.0,74.7,-0.4,6,-10.929,2.541,593.671
4977.4,67.89,0.0,74.3,-0.5,6,-14.009,2.491,596.391
4977.4,67.17,0.0,74.7,-0.5,6,-16.037,2.460,598.177
4977.4,66.08,0.0,75.1,-0.5,6,-19.042,2.414,600.816
4977.4,65.37,0.0,75.6,-0.4,6,-21.022,2.385,602.548
4990.8,64.27,0.0,76.5,-0.6,6,-23.954,2.339,605.106
4990.8,63.54,0.0,76.1,-0.7,0,-25.884,2.307,606.783
4990.8,62.46,0.0,78.3,-0.7,5,-28.744,2.260,609.259
4990.8,61.71,0.0,77.1,-0.6,5,-30.626,2.228,610.881
5003.4,60.61,0.0,77.1,-0.7,5,-33.413,2.184,613.271
5003.4,59.88,0.0,76.4,-0.8,5,-35.247,2.156,614.836
5003.4,58.80,0.0,76.3,-0.9,5,-37.964,2.116,617.141
5015.3,57.73,0.0,76.9,-1.1,5,-40.639,2.076,619.394
5015.3,57.01,0.0,76.5,-1.1,5,-42.400,2.049,620.867
5015.3,55.95,0.0,76.0,-1.3,5,-45.008,2.010,623.034
5015.3,55.24,0.0,76.1,-1.3,5,-46.724,1.984,624.450
5026.5,54.18,0.0,75.6,-1.7,5,-49.266,1.944,626.530
5026.5,53.48,0.0,75.6,-2.0,5,-50.940,1.918,627.886
5026.5,52.44,36.4,75.4,-2.7,0,-53.420,1.880,629.876
5026.5,51.76,0.0,76.1,-2.8,4,-55.055,1.855,631.171
5037.0,50.71,0.0,75.7,-3.1,4,-57.479,1.819,633.064
5037.0,50.01,0.0,74.9,-3.2,4,-59.077,1.796,634.293
5037.0,48.98,0.0,71.6,-3.5,4,-61.447,1.760,636.084
5037.0,48.32,0.0,69.1,-3.6,4,-63.012,1.737,637.243
5046.7,47.37,0.0,56.6,-3.4,4,-65.337,1.701,638.929
5046.7,46.83,0.0,48.2,-3.6,4,-66.876,1.678,640.017
5046.7,46.14,0.0,42.0,-4.1,4,-69.175,1.645,641.598
5046.7,45.52,0.0,38.3,-5.3,4,-71.467,1.612,643.119
5055.9,45.13,0.0,41.9,-6.0,4,-72.991,1.591,644.101
5055.9,44.50,0.0,45.8,-6.7,4,-75.272,1.560,645.526
5055.9,44.07,33.9,42.9,-6.9,0,-76.787,1.540,646.445
5055.9,43.45,0.0,40.7,-6.9,3,-79.054,1.510,647.774
5064.5,43.04,0.0,35.9,-6.8,3,-80.559,1.489,648.627
5064.5,42.51,0.0,23.2,-6.3,3,-82.812,1.459,649.857
5064.5,42.24,0.0,17.6,-6.6,3,-84.313,1.439,650.645
5064.5,41.91,0.0,12.0,-8.2,3,-86.567,1.408,651.783
5072.9,41.73,0.0,7.8,-9.1,3,-88.073,1.386,652.512
5072.9,41.50,0.0,16.2,-10.1,3,-90.338,1.355,653.563
5072.9,41.28,0.0,22.3,-10.6,3,-91.853,1.334,654.233
5072.9,40.84,0.0,30.2,-10.7,3,-94.123,1.302,655.193
5081.1,40.52,0.0,25.1,-10.2,3,-95.634,1.282,655.800
5081.1,40.12,0.0,15.7,-9.8,3,-97.895,1.252,656.660
5081.1,39.81,0.0,11.6,-10.1,3,-100.155,1.223,657.461
5081.1,39.63,0.0,9.8,-10.8,3,-101.663,1.204,657.962
5089.2,39.39,0.0,5.5,-11.9,3,-103.928,1.174,658.665
5089.2,39.26,0.0,2.5,-12.4,3,-105.439,1.154,659.101
5089.2,39.10,0.0,15.0,-12.9,3,-107.711,1.125,659.706
5089.2,38.90,0.0,20.7,-13.5,3,-109.227,1.106,660.077
5097.3,38.54,0.0,7.6,-13.5,3,-111.495,1.078,660.583
5097.3,38.40,4.3,7.5,-13.1,3,-113.003,1.059,660.887
5097.3,38.19,0.0,4.2,-12.9,3,-115.266,1.031,661.291
5097.3,38.08,9.2,0.0,-13.2,3,-116.772,1.014,661.525
5105.3,37.99,4.7,11.7,-14.0,3,-119.035,0.987,661.827
5105.3,37.81,0.0,9.0,-14.3,3,-120.543,0.970,661.994
5105.3,37.55,0.0,10.6,-13.8,3,-122.795,0.946,662.192
5105.3,37.37,0.0,10.2,-13.4,3,-124.291,0.932,662.290
5113.1,37.23,27.4,0.0,-13.4,3,-126.525,0.911,662.385
5113.1,37.20,5.4,3.4,-10.9,3,-128.759,0.891,662.421
5113.1,37.09,0.0,2.7,-11.6,3,-130.245,0.878,662.415
5113.1,37.06,26.8,0.0,-12.2,3,-132.467,0.858,662.360
5121.0,37.02,3.2,0.0,-13.9,3,-133.947,0.844,662.294
5121.0,37.02,25.5,23.7,-15.3,3,-136.163,0.825,662.149
5121.0,36.82,2.3,23.7,-16.4,3,-137.636,0.813,662.022
5121.0,36.57,25.7,0.0,-17.0,3,-139.823,0.795,661.787
5128.6,36.58,28.8,23.7,-16.0,3,-141.273,0.783,661.598
5128.6,36.25,0.0,11.8,-13.3,3,-143.434,0.766,661.265
5128.6,36.12,22.5,0.0,-12.6,3,-144.859,0.754,661.013
5128.6,35.94,4.5,11.8,-14.8,3,-146.981,0.738,660.587
5136.5,35.82,22.7,0.0,-16.7,3,-148.381,0.728,660.274
5136.5,35.78,16.6,23.6,-19.3,3,-150.466,0.712,659.756
5136.5,35.56,2.4,11.8,-20.5,3,-151.843,0.702,659.379
5136.5,35.33,1.5,4.7,-21.7,3,-153.880,0.687,658.769
5143.9,35.02,0.0,13.2,-22.9,0,-155.884,0.672,658.102
5143.9,34.84,46.3,1.2,-23.9,0,-157.198,0.663,657.627
5143.9,34.68,13.9,23.5,-26.3,2,-159.139,0.649,656.865
5143.9,34.46,3.6,24.0,-31.9,2,-160.412,0.641,656.322
5151.7,34.00,0.0,23.9,-40.3,2,-162.279,0.630,655.464
5151.7,33.69,0.0,23.9,-41.7,2,-163.493,0.624,654.863
5151.7,33.23,0.0,23.8,-42.2,2,-165.265,0.619,653.918
5151.7,32.91,0.0,23.8,-42.2,2,-166.414,0.618,653.260
5158.9,32.48,0.0,23.7,-40.0,2,-168.087,0.617,652.235
5158.9,32.19,0.0,23.7,-43.2,2,-169.172,0.615,651.530
5158.9,31.24,0.0,18.9,-44.9,2,-170.736,0.610,650.431
5158.9,30.98,0.0,23.6,-33.1,2,-171.720,0.606,649.669
5166.3,30.25,0.0,15.2,-6.6,2,-173.144,0.600,648.494
5166.3,29.82,41.7,1.1,12.8,0,-174.035,0.596,647.686
5166.3,29.47,0.0,8.0,36.4,1,-175.312,0.597,646.448
5172.8,29.15,0.0,9.0,59.7,1,-176.530,0.604,645.180
5172.8,28.93,0.0,14.9,69.9,1,-177.315,0.608,644.323
5172.8,28.52,0.0,23.1,77.5,1,-178.453,0.611,643.026
5172.8,28.22,0.0,20.4,80.3,1,-179.182,0.613,642.156
5179.6,27.76,0.0,18.7,74.6,1,-180.229,0.615,640.842
5179.6,27.45,0.0,27.1,63.2,1,-180.894,0.617,639.960
5179.6,26.94,0.0,32.5,46.4,1,-181.838,0.618,638.627
5179.6,26.55,0.0,31.1,31.9,1,-182.429,0.619,637.735
5185.5,26.00,0.0,29.2,12.9,1,-183.258,0.623,636.393
5185.5,25.63,0.0,30.2,7.4,1,-183.772,0.627,635.497
5185.5,25.06,0.0,30.6,-1.5,1,-184.485,0.634,634.152
5185.5,24.69,0.0,30.1,-10.7,1,-184.922,0.640,633.257
5191.0,24.13,0.0,29.7,-21.0,1,-185.522,0.648,631.920
5191.0,23.77,0.0,29.9,-27.3,1,-185.886,0.652,631.033
5191.0,23.22,0.0,32.3,-37.0,1,-186.378,0.659,629.711
5191.0,22.67,0.0,28.3,-57.5,1,-186.806,0.666,628.401
5196.1,22.28,0.0,26.9,-59.6,1,-187.055,0.670,627.537
5196.1,21.74,0.0,31.7,-27.2,1,-187.378,0.676,626.256
5196.1,21.41,0.0,36.2,2.6,1,-187.558,0.680,625.411
5196.1,20.93,0.0,44.1,35.8,1,-187.775,0.686,624.159
5200.7,20.56,0.0,40.8,47.4,1,-187.893,0.690,623.337
5200.7,19.91,0.0,6.4,58.1,1,-188.055,0.696,622.133
5200.7,19.79,10.5,0.0,52.9,1,-188.167,0.700,621.348
5200.7,19.75,5.0,0.0,38.2,1,-188.367,0.708,620.178
5205.0,19.70,0.9,1.1,29.5,1,-188.524,0.713,619.405
5205.0,19.60,0.0,14.2,16.4,1,-188.794,0.720,618.256
5205.0,19.46,0.0,6.5,12.9,1,-188.990,0.725,617.500
5205.0,19.29,0.0,10.2,5.8,1,-189.301,0.733,616.379
5208.8,19.15,0.0,11.0,4.3,1,-189.512,0.739,615.640
5208.8,18.94,0.0,11.0,4.5,1,-189.831,0.748,614.542
5208.8,18.70,0.0,16.0,0.8,1,-190.152,0.756,613.459
5208.8,18.51,0.0,14.5,-3.7,1,-190.365,0.763,612.745
5212.7,18.25,0.0,15.7,-8.1,1,-190.673,0.771,611.686
5212.7,18.07,0.0,17.8,-9.6,1,-190.870,0.776,610.986
5212.7,17.77,0.0,17.2,-10.6,1,-191.151,0.785,609.948
5212.7,17.58,0.0,22.7,-11.0,1,-191.328,0.790,609.263
5216.2,17.23,0.0,23.6,-6.5,1,-191.580,0.797,608.248
5216.2,16.99,0.0,25.4,-3.1,1,-191.741,0.802,607.583
5216.2,16.59,0.0,29.6,-0.4,1,-191.979,0.809,606.603
5216.2,16.31,0.0,33.2,0.4,1,-192.135,0.814,605.963
5219.5,15.81,0.0,36.3,0.7,1,-192.365,0.820,605.026
5219.5,15.48,0.0,32.8,0.2,1,-192.514,0.824,604.418
5219.5,15.02,0.0,35.4,-0.4,1,-192.733,0.829,603.529
5219.5,14.50,0.0,47.5,-0.3,1,-192.945,0.835,602.667
5222.5,14.09,0.0,49.2,0.2,1,-193.081,0.838,602.111
5222.5,13.43,0.0,53.7,0.0,1,-193.279,0.843,601.308
5222.5,12.95,0.0,57.0,0.3,1,-193.405,0.846,600.795
5222.5,12.24,0.0,47.9,0.5,1,-193.587,0.850,600.061
5225.1,11.84,0.0,47.4,0.8,1,-193.703,0.853,599.593
5225.1,11.24,0.4,50.8,1.1,1,-193.870,0.857,598.920
5225.1,10.81,0.0,53.2,2.7,1,-193.977,0.859,598.491
5225.1,10.16,0.0,56.2,6.5,1,-194.132,0.862,597.880
5227.3,9.71,0.0,59.0,9.3,1,-194.233,0.864,597.494
5227.3,8.91,0.0,86.1,13.2,1,-194.379,0.867,596.952
5227.3,8.26,0.0,91.5,16.8,1,-194.472,0.869,596.620
5227.3,7.25,0.0,91.3,23.1,1,-194.603,0.871,596.171
5228.9,6.58,0.0,91.1,27.2,1,-194.684,0.872,595.906
5228.9,5.59,0.0,70.1,24.0,1,-194.797,0.873,595.557
5228.9,4.74,0.0,90.8,37.3,1,-194.897,0.875,595.261
5228.9,4.08,0.0,82.1,50.4,1,-194.958,0.875,595.094
5230.0,3.20,0.0,55.0,19.8,1,-195.037,0.876,594.890
5232.1,3.06,86.9,0.0,42.1,1,-196.110,0.874,592.956
5232.1,3.34,86.9,0.0,31.7,1,-196.210,0.873,592.793
5232.1,3.53,86.9,0.0,24.7,1,-196.281,0.873,592.676
5232.1,3.81,86.9,0.0,16.5,1,-196.393,0.873,592.487
5232.7,4.09,86.9,0.0,8.7,1,-196.512,0.872,592.283
5232.7,4.28,86.9,0.0,3.5,1,-196.595,0.872,592.138
5232.7,4.57,86.9,0.0,-2.0,1,-196.725,0.871,591.907
5232.7,4.76,87.0,0.0,-5.4,1,-196.815,0.871,591.744
5233.5,5.04,87.0,0.0,-9.3,1,-196.954,0.870,591.486
5233.5,5.24,87.0,0.0,-11.9,1,-197.051,0.870,591.305
5233.5,5.52,87.0,0.0,-14.7,1,-197.200,0.869,591.019
5233.5,5.71,87.0,0.0,-15.5,1,-197.302,0.869,590.819
5234.5,6.00,87.0,0.0,-16.5,1,-197.460,0.868,590.506
5234.5,6.19,87.0,0.0,-16.5,1,-197.568,0.867,590.288
5234.5,6.48,87.0,0.0,-22.6,1,-197.733,0.866,589.946
5234.5,6.66,87.0,0.0,-26.1,1,-197.845,0.866,589.709
5237.1,8.57,87.2,0.0,-37.7,1,-198.973,0.863,586.720
5238.7,8.85,87.5,0.0,-36.9,1,-199.118,0.863,586.218
5238.7,9.04,87.8,0.0,-36.0,1,-199.212,0.863,585.873
5238.7,9.33,87.9,0.0,-34.4,1,-199.348,0.863,585.340
5238.7,9.53,88.1,0.0,-32.8,1,-199.435,0.864,584.973
5240.5,9.83,88.3,0.0,-29.5,1,-199.562,0.865,584.407
5240.5,10.14,88.4,0.0,-27.1,1,-199.683,0.867,583.821
5240.5,10.35,88.5,0.0,-26.1,1,-199.761,0.868,583.419
5242.5,10.66,88.6,0.0,-24.9,1,-199.873,0.870,582.799
5242.5,10.87,88.7,0.0,-24.2,1,-199.944,0.871,582.375
5242.5,11.19,88.7,0.0,-22.8,1,-200.045,0.873,581.722
5242.5,11.40,88.8,0.0,-21.7,1,-200.109,0.875,581.275
5244.8,11.72,88.9,0.0,-19.8,1,-200.198,0.878,580.588
5244.8,11.94,89.0,0.0,-18.4,1,-200.254,0.880,580.118
5244.8,12.27,89.3,0.0,-15.0,1,-200.333,0.884,579.397
5244.8,12.50,89.5,0.0,-12.7,1,-200.383,0.886,578.904
5247.2,12.84,89.5,0.0,-9.6,1,-200.456,0.890,578.148
5247.2,13.07,89.5,0.0,-7.7,1,-200.503,0.893,577.633
5247.2,13.42,89.5,0.0,-5.1,1,-200.574,0.898,576.842
5247.2,13.65,89.5,0.0,-3.5,1,-200.621,0.901,576.303
5249.9,14.02,89.5,0.0,-1.3,1,-200.693,0.907,575.477
5249.9,14.39,89.5,0.0,0.6,1,-200.767,0.912,574.629
5249.9,14.64,89.5,0.0,1.9,1,-200.819,0.916,574.052
5249.9,15.02,89.5,0.0,3.8,1,-200.901,0.922,573.167
5252.9,15.29,89.5,0.0,4.9,1,-200.959,0.926,572.564
5252.9,15.69,89.4,0.0,6.4,1,-201.052,0.932,571.641
5252.9,15.97,88.7,0.0,7.4,1,-201.120,0.936,571.012
5252.9,16.39,87.9,0.0,8.6,1,-201.231,0.943,570.048
5256.1,16.68,87.7,0.0,9.1,1,-201.311,0.947,569.392
5256.1,17.12,87.6,0.0,9.0,1,-201.443,0.953,568.388
5256.1,17.43,87.5,0.0,9.1,1,-201.539,0.957,567.704
5256.1,17.89,86.9,0.0,9.4,1,-201.694,0.963,566.657
5259.8,18.20,86.1,0.0,9.7,1,-201.805,0.967,565.945
5259.8,18.67,85.2,0.0,10.6,1,-201.987,0.973,564.855
5259.8,18.98,84.3,0.0,11.1,1,-202.119,0.978,564.114
5259.8,19.44,82.8,0.0,11.7,1,-202.334,0.986,562.983
5263.5,19.90,81.1,0.0,12.9,1,-202.570,0.993,561.828
5263.5,20.21,80.0,0.0,14.1,1,-202.742,0.998,561.044
5263.5,20.67,79.1,0.0,13.6,1,-203.021,1.006,559.851
5263.5,20.98,78.6,0.0,12.8,1,-203.222,1.012,559.044
5267.9,21.44,78.0,0.0,11.1,1,-203.547,1.020,557.815
5267.9,21.76,77.4,0.0,9.9,1,-203.779,1.026,556.983
5267.9,22.24,78.6,0.0,10.7,1,-204.149,1.036,555.717
5267.9,22.56,79.6,0.0,11.9,1,-204.411,1.044,554.861
5272.6,23.06,80.8,0.0,13.0,1,-204.829,1.055,553.559
5272.6,23.40,81.3,0.0,13.3,1,-205.125,1.062,552.680
5272.6,23.93,83.1,0.0,13.8,1,-205.600,1.074,551.343
5272.6,24.29,84.4,0.0,13.6,1,-205.938,1.082,550.441
5277.7,24.85,86.1,0.0,13.4,1,-206.477,1.095,549.071
5277.7,25.23,86.7,0.0,13.1,1,-206.861,1.104,548.146
5277.7,25.81,87.6,0.0,12.5,1,-207.473,1.119,546.744
5277.7,26.37,74.3,0.0,11.0,1,-208.131,1.135,545.324
5283.4,26.73,83.3,0.0,10.8,1,-208.596,1.146,544.371
5283.4,27.29,74.1,0.0,11.8,1,-209.336,1.164,542.930
5283.4,27.59,61.4,0.0,12.8,1,-209.857,1.176,541.965
5283.4,27.92,51.7,0.0,15.7,1,-210.682,1.194,540.518
5290.2,28.09,40.8,0.0,18.1,1,-211.258,1.205,539.558
5290.2,28.21,22.8,0.0,20.8,1,-212.161,1.222,538.130
5290.2,28.21,13.5,0.0,22.1,1,-212.787,1.234,537.191
5290.2,28.13,6.1,0.0,23.1,1,-213.761,1.251,535.809
5296.5,28.06,4.9,0.0,23.2,1,-214.432,1.262,534.908
5296.5,27.95,3.9,0.0,23.2,1,-215.473,1.278,533.588
5296.5,27.86,2.7,0.0,23.4,1,-216.189,1.288,532.732
5296.5,27.74,2.8,0.0,24.0,1,-217.294,1.303,531.483
5302.5,27.65,3.7,0.0,24.8,1,-218.052,1.313,530.675
5302.5,27.53,4.8,0.0,26.0,1,-219.220,1.327,529.502
5302.5,27.42,7.5,0.0,27.5,1,-220.425,1.339,528.376
5302.5,27.37,10.5,0.0,28.5,1,-221.247,1.347,527.652
5308.4,27.31,12.8,0.0,30.0,1,-222.512,1.358,526.607
5308.4,27.28,16.2,0.0,31.0,1,-223.374,1.365,525.938
5308.4,27.28,22.7,0.0,32.5,1,-224.698,1.375,524.976
5308.4,27.30,26.2,0.0,33.7,1,-225.600,1.381,524.362
5314.5,27.36,26.8,0.0,35.7,1,-226.984,1.390,523.482
5314.5,27.39,26.5,0.0,37.3,1,-227.925,1.395,522.923
5314.5,27.44,25.3,0.0,40.3,1,-229.364,1.401,522.126
5314.5,27.45,20.7,0.0,42.3,1,-230.340,1.405,521.624
5331.5,27.00,10.6,0.0,58.5,1,-241.683,1.424,517.786
5331.5,26.87,9.9,0.0,59.6,1,-243.276,1.424,517.516
5331.5,26.78,9.7,0.0,59.9,1,-244.339,1.423,517.371
5331.5,26.65,9.4,0.0,60.2,1,-245.934,1.421,517.206
5337.1,26.56,9.3,0.0,60.3,1,-246.996,1.419,517.131
5337.1,26.42,9.3,0.0,60.1,1,-248.584,1.416,517.071
5337.1,26.33,9.3,0.0,59.7,1,-249.639,1.413,517.065
5337.1,26.20,9.4,0.0,59.0,1,-251.215,1.408,517.108
5342.5,26.12,9.5,0.0,58.4,1,-252.259,1.405,517.170
5342.5,25.99,10.2,0.0,56.9,1,-253.816,1.399,517.315
5342.5,25.92,10.9,0.0,55.6,1,-254.846,1.395,517.445
5342.5,25.82,12.7,0.0,53.3,1,-256.379,1.387,517.689
5347.9,25.77,14.8,0.0,51.5,1,-257.392,1.382,517.885
5347.9,25.72,18.3,0.0,48.9,1,-258.898,1.373,518.228
5347.9,25.71,21.6,0.0,47.0,1,-259.893,1.367,518.488
5347.9,25.75,30.1,0.0,43.9,1,-261.373,1.355,518.926
5353.3,25.86,43.2,0.0,40.0,1,-262.839,1.343,519.421
5353.3,26.03,57.4,0.0,36.9,1,-263.811,1.334,519.783
5353.3,26.43,77.5,0.0,31.4,1,-265.266,1.319,520.377
5353.3,26.69,57.8,0.0,27.1,1,-266.238,1.309,520.806
5358.7,27.07,64.1,0.0,21.5,1,-267.691,1.292,521.501
5358.7,27.32,58.7,0.0,18.8,1,-268.658,1.281,521.999
5358.7,27.70,66.0,0.0,16.0,1,-270.102,1.264,522.797
5358.7,27.95,62.9,0.0,14.5,1,-271.059,1.252,523.363
5364.7,28.39,71.6,0.0,13.7,1,-272.489,1.233,524.261
5364.7,28.71,73.6,0.0,13.1,1,-273.439,1.221,524.893
5364.7,29.18,73.2,0.0,12.5,1,-274.860,1.200,525.890
5364.7,29.50,78.3,0.0,13.4,1,-275.803,1.186,526.587
5370.8,29.99,73.9,0.0,13.6,1,-277.211,1.164,527.682
5370.8,30.31,83.9,0.0,14.9,1,-278.143,1.149,528.446
5370.8,30.81,73.3,0.0,18.4,1,-279.533,1.127,529.641
5377.2,31.26,76.8,0.0,18.3,1,-280.906,1.104,530.897
5377.2,31.56,71.1,0.0,19.2,1,-281.811,1.088,531.768
5377.2,31.98,74.2,0.0,20.5,1,-283.150,1.064,533.124
5377.2,32.22,63.8,0.0,20.6,1,-284.026,1.047,534.062
5384.5,32.57,70.9,0.0,21.0,1,-285.312,1.023,535.518
5384.5,32.82,68.6,0.0,21.8,1,-286.149,1.007,536.523
5384.5,33.18,72.3,0.0,23.4,1,-287.373,0.984,538.078
5384.5,33.43,71.6,0.0,24.7,1,-288.168,0.969,539.146
5391.7,33.77,67.4,0.0,26.9,1,-289.326,0.947,540.795
5391.7,34.00,72.6,0.0,29.0,1,-290.074,0.931,541.924
5391.7,34.32,54.6,0.0,34.7,1,-291.161,0.908,543.661
5391.7,34.42,41.3,0.0,38.5,1,-291.858,0.892,544.847
5399.6,34.53,41.0,0.0,45.1,1,-292.856,0.870,546.659
5399.6,34.58,33.6,0.0,49.5,1,-293.489,0.856,547.887
5399.6,34.54,17.9,0.0,54.6,1,-294.392,0.837,549.754
5399.6,34.41,13.6,0.0,56.1,1,-295.237,0.817,551.643
5407.1,34.32,13.3,0.0,54.5,1,-295.767,0.803,552.911
5407.1,34.17,13.5,0.0,56.7,1,-296.508,0.784,554.828
5407.1,34.07,13.3,0.0,53.7,1,-296.964,0.772,556.115
5407.1,33.93,13.4,0.0,51.8,1,-297.589,0.756,558.056
5415.0,33.84,13.8,0.0,51.2,1,-297.967,0.746,559.358
5415.0,33.73,16.3,0.0,50.7,1,-298.476,0.732,561.320
5415.0,33.65,18.7,0.0,49.8,1,-298.779,0.723,562.633
5415.0,33.55,14.3,0.0,47.1,1,-299.178,0.709,564.610
5422.0,33.48,15.7,0.0,45.0,1,-299.407,0.700,565.931
5422.0,33.39,20.1,0.0,39.6,1,-299.692,0.689,567.916
5422.0,33.38,27.1,0.0,35.4,1,-299.845,0.681,569.242
5422.0,33.47,47.3,0.0,29.5,1,-300.020,0.670,571.239
5429.0,33.65,72.9,0.0,24.7,1,-300.102,0.663,572.578
5429.0,33.99,0.0,0.0,15.9,0,-300.175,0.653,574.608
5429.0,34.11,89.6,0.0,8.1,2,-300.185,0.644,576.647
5429.0,34.45,89.6,0.0,3.0,2,-300.160,0.638,578.017
5436.1,34.98,89.6,0.0,-0.5,2,-300.086,0.630,580.097
5436.1,35.33,89.6,0.0,-0.1,2,-300.014,0.626,581.501
5436.1,35.86,89.6,0.0,2.9,2,-299.877,0.619,583.631
5436.1,36.21,89.6,0.0,5.2,2,-299.770,0.614,585.068
5443.3,36.71,89.7,0.0,7.5,2,-299.586,0.607,587.247
5443.3,37.05,89.7,0.0,8.3,2,-299.447,0.603,588.714
5443.3,37.55,89.7,0.0,8.7,2,-299.209,0.596,590.939
5443.3,37.88,89.7,0.0,9.0,2,-299.029,0.590,592.436
5450.7,38.36,89.8,0.0,8.9,2,-298.725,0.582,594.702
5450.7,38.69,89.8,0.0,8.5,2,-298.497,0.575,596.225
5450.7,39.15,89.8,0.0,8.3,2,-298.116,0.564,598.528
5450.7,39.47,89.8,0.0,8.2,2,-297.835,0.556,600.074
5458.3,39.94,89.8,0.0,8.9,2,-297.373,0.542,602.411
5458.3,40.39,89.9,0.0,8.7,2,-296.862,0.524,604.764
5458.3,40.70,89.9,0.0,8.4,2,-296.493,0.511,606.343
5458.3,41.14,90.0,0.0,8.0,2,-295.895,0.492,608.723
5466.2,41.44,90.0,0.0,7.8,2,-295.466,0.479,610.318
5466.2,41.58,0.0,0.0,8.6,0,-294.781,0.458,612.715
5466.2,41.72,89.6,0.0,7.9,3,-294.298,0.442,614.308
5466.2,42.12,89.6,0.0,6.5,3,-293.532,0.415,616.703
5474.4,42.38,89.6,0.0,5.6,3,-292.993,0.397,618.304
5474.4,42.79,89.6,0.0,4.9,3,-292.146,0.368,620.713
5474.4,43.06,89.6,0.0,4.9,3,-291.557,0.347,622.325
5474.4,43.47,89.7,0.0,4.8,3,-290.641,0.309,624.753
5483.0,43.73,89.7,0.0,4.4,3,-290.009,0.283,626.378
5483.0,44.10,89.7,0.0,4.0,3,-289.027,0.247,628.822
5483.0,44.36,89.7,0.0,4.0,3,-288.352,0.226,630.456
5483.0,44.77,89.5,0.0,3.6,3,-287.313,0.190,632.919
5491.7,45.11,89.8,0.0,1.9,3,-286.243,0.147,635.392
5491.7,45.26,59.5,0.0,0.6,3,-285.512,0.114,637.044
5491.7,45.64,85.8,0.0,-0.8,3,-284.392,0.059,639.528
5491.7,45.89,89.8,0.0,0.1,3,-283.625,0.023,641.189
5500.7,46.29,89.7,0.0,2.8,3,-282.443,-0.024,643.687
5500.7,46.55,89.8,0.0,3.9,3,-281.638,-0.050,645.359
5500.7,46.94,89.7,0.0,4.4,3,-280.405,-0.088,647.877
5500.7,47.15,89.7,0.0,4.0,3,-279.567,-0.113,649.561
5510.0,47.51,89.8,0.0,3.2,3,-278.283,-0.152,652.093
5510.0,47.75,89.8,0.0,2.6,3,-277.409,-0.180,653.784
5510.0,48.17,89.9,0.0,1.3,3,-276.066,-0.214,656.328
5510.0,48.35,89.9,0.0,0.5,3,-275.149,-0.235,658.027
5519.5,48.77,89.9,0.0,0.0,3,-273.745,-0.262,660.578
5519.5,49.11,89.9,0.0,1.2,3,-272.302,-0.281,663.134
5519.5,49.36,89.9,0.0,2.7,3,-271.322,-0.289,664.842
5529.3,49.71,89.9,0.0,4.3,3,-269.828,-0.303,667.410
5529.3,49.95,89.9,0.0,4.0,3,-268.817,-0.316,669.127
5529.3,50.30,89.9,0.0,3.4,3,-267.271,-0.335,671.706
5529.3,50.53,89.9,0.0,3.1,3,-266.220,-0.346,673.427
5539.3,50.87,90.0,0.0,3.0,3,-264.614,-0.361,676.009
5539.3,51.10,90.0,0.0,3.0,3,-263.523,-0.370,677.732
5539.3,51.44,90.1,0.0,3.2,3,-261.859,-0.383,680.319
5539.3,51.66,90.1,0.0,3.0,3,-260.731,-0.390,682.044
5549.6,51.98,90.0,0.0,2.7,0,-259.010,-0.398,684.632
5549.6,51.95,0.0,0.0,2.1,0,-257.846,-0.402,686.355
5549.6,52.17,89.8,0.0,1.3,4,-256.081,-0.406,688.930
5549.6,52.38,89.8,0.0,1.2,4,-254.890,-0.408,690.648
5559.9,52.69,89.8,0.0,1.0,4,-253.084,-0.412,693.231
5559.9,53.00,83.2,0.0,0.8,4,-251.255,-0.417,695.821
5559.9,53.22,76.7,0.0,0.7,4,-250.025,-0.421,697.552
5559.9,53.53,66.9,0.0,1.2,4,-248.163,-0.427,700.157
5570.5,53.74,60.4,0.0,1.5,4,-246.912,-0.433,701.899
5570.5,54.04,57.3,0.0,1.9,4,-245.018,-0.441,704.519
5570.5,54.24,57.4,0.0,2.1,4,-243.744,-0.447,706.269
5570.5,54.55,57.6,0.0,2.4,4,-241.813,-0.455,708.900
5581.2,54.75,57.7,0.0,2.6,4,-240.512,-0.459,710.656
5581.2,55.05,57.8,0.0,3.0,4,-238.538,-0.465,713.292
5581.2,55.24,57.9,0.0,3.1,4,-237.206,-0.468,715.049
5581.2,55.54,58.0,0.0,3.3,4,-235.184,-0.471,717.686
5592.2,55.73,58.0,0.0,3.5,4,-233.819,-0.473,719.443
5592.2,56.02,58.1,0.0,3.6,4,-231.744,-0.475,722.075
5592.2,56.21,58.2,0.0,3.6,4,-230.342,-0.476,723.828
5592.2,56.49,58.2,0.0,3.8,4,-228.211,-0.476,726.452
5603.5,56.77,58.3,0.0,3.9,4,-226.045,-0.476,729.069
5603.5,56.95,58.4,0.0,4.0,4,-224.581,-0.474,730.810
5603.5,57.32,58.5,0.0,3.9,4,-221.605,-0.469,734.278
5603.5,57.50,58.5,0.0,3.9,4,-220.093,-0.465,736.006
5615.2,57.77,58.7,0.0,3.4,4,-217.794,-0.456,738.588
5615.2,57.94,58.7,0.0,3.0,4,-216.241,-0.448,740.304
5615.2,58.21,58.8,0.0,3.1,4,-213.884,-0.433,742.870
5615.2,58.39,58.8,0.0,2.6,4,-212.294,-0.421,744.575
5627.0,58.65,58.9,0.0,2.7,4,-209.883,-0.402,747.128
5627.0,58.83,59.0,0.0,3.0,4,-208.259,-0.388,748.825
5627.0,59.09,59.0,0.0,3.0,4,-205.797,-0.364,751.365
5639.0,59.34,59.1,0.0,3.8,4,-203.304,-0.338,753.895
5639.0,59.51,59.1,0.0,3.8,4,-201.624,-0.319,755.577
5639.0,59.77,59.1,0.0,4.3,4,-199.078,-0.292,758.089
5639.0,59.93,59.2,0.0,4.5,4,-197.361,-0.276,759.757
5651.2,60.18,59.2,0.0,4.4,4,-194.756,-0.254,762.246
5651.2,60.34,59.2,0.0,4.5,4,-192.999,-0.240,763.895
5651.2,60.58,59.2,0.0,4.7,4,-190.334,-0.225,766.356
5651.2,60.74,59.2,0.0,4.6,4,-188.538,-0.220,767.986
5663.5,60.97,59.0,0.0,4.4,4,-185.812,-0.216,770.414
5663.5,61.12,58.9,0.0,4.2,4,-183.973,-0.214,772.020
5663.5,61.34,58.5,0.0,4.1,0,-181.183,-0.209,774.410
5663.5,61.28,0.0,0.0,4.0,0,-179.304,-0.204,775.987
5676.1,61.42,81.1,0.0,3.7,5,-176.464,-0.196,778.326
5676.1,61.56,74.3,0.0,3.7,5,-174.552,-0.193,779.872
5676.1,61.77,64.3,0.0,4.4,5,-171.655,-0.190,782.172
5676.1,61.91,57.6,0.0,5.0,5,-169.704,-0.190,783.692
5688.6,62.11,56.3,0.0,5.3,5,-166.748,-0.194,785.951
5688.6,62.31,56.4,0.0,5.1,5,-163.754,-0.196,788.180
5688.6,62.44,56.5,0.0,5.1,5,-161.738,-0.195,789.648
5688.6,62.64,56.6,0.0,5.8,5,-158.680,-0.192,791.822
5701.5,62.76,56.7,0.0,6.0,5,-156.620,-0.190,793.252
5701.5,62.97,56.7,0.0,5.8,5,-153.500,-0.190,795.371
5701.5,63.09,56.8,0.0,5.3,5,-151.399,-0.190,796.764
5701.5,63.28,56.9,0.0,4.1,5,-148.214,-0.187,798.820
5714.4,63.41,56.9,0.0,4.1,5,-146.069,-0.181,800.169
5714.4,63.61,57.1,0.0,5.1,5,-142.823,-0.172,802.163
5714.4,63.74,57.1,0.0,5.8,5,-140.641,-0.169,803.475
5714.4,63.93,57.2,0.0,6.7,5,-137.339,-0.168,805.414
5727.3,64.05,57.3,0.0,6.4,5,-135.117,-0.167,806.685
5727.3,64.22,57.3,0.0,5.3,5,-131.754,-0.161,808.553
5727.3,64.34,57.5,0.0,5.5,5,-129.492,-0.159,809.776
5727.3,64.53,57.5,0.0,6.0,5,-126.069,-0.159,811.573
5740.5,64.71,57.5,0.0,6.2,5,-122.609,-0.157,813.321
5740.5,64.83,57.7,0.0,6.1,5,-120.282,-0.155,814.461
5740.5,65.01,57.7,0.0,5.4,5,-116.763,-0.152,816.130
5740.5,65.13,57.8,0.0,5.4,5,-114.399,-0.148,817.217
5753.7,65.31,57.8,0.0,5.4,5,-110.825,-0.146,818.810
5753.7,65.43,57.9,0.0,5.7,5,-108.424,-0.144,819.847
5753.7,65.61,58.0,0.0,5.7,5,-104.797,-0.141,821.362
5753.7,65.73,58.0,0.0,5.5,5,-102.362,-0.136,822.345
5766.9,65.90,58.0,0.0,5.4,5,-98.683,-0.129,823.781
5766.9,66.02,58.1,0.0,5.4,5,-96.215,-0.125,824.711
5766.9,66.19,58.1,0.0,5.7,5,-92.487,-0.119,826.066
5766.9,66.31,58.2,0.0,6.0,5,-89.987,-0.115,826.942
5780.2,66.48,58.2,0.0,5.9,5,-86.213,-0.112,828.216
5780.2,66.59,58.2,0.0,5.6,5,-83.681,-0.108,829.035
5780.2,66.76,58.3,0.0,5.5,5,-79.860,-0.100,830.219
5780.2,66.92,58.3,0.0,5.4,5,-76.013,-0.092,831.351
5793.5,67.03,58.3,0.0,5.5,5,-73.434,-0.087,832.076
5793.5,67.20,58.3,0.0,6.0,5,-69.545,-0.079,833.119
5793.5,67.31,58.4,0.0,5.0,5,-66.939,-0.073,833.785
5793.5,67.47,58.4,0.0,4.1,5,-63.010,-0.063,834.739
5806.9,67.58,58.4,0.0,3.7,5,-60.379,-0.056,835.346
5806.9,67.75,58.5,0.0,3.3,5,-56.414,-0.044,836.218
5806.9,67.86,58.5,0.0,3.1,5,-53.760,-0.034,836.773
5806.9,68.03,58.5,0.0,3.1,5,-49.763,-0.018,837.573
5820.4,68.14,58.6,0.0,3.0,5,-47.088,-0.005,838.086
5820.4,68.31,58.6,0.0,2.9,5,-43.062,0.016,838.825
5820.4,68.42,58.7,0.0,2.9,5,-40.369,0.032,839.298
5820.4,68.59,58.7,0.0,2.9,5,-36.316,0.055,839.981
5834.0,68.71,58.7,0.0,2.7,5,-33.605,0.070,840.419
5834.0,68.87,58.8,0.0,2.6,5,-29.526,0.092,841.047
5834.0,69.04,58.8,0.0,1.9,5,-25.433,0.116,841.644
5834.0,69.15,58.8,0.0,1.6,5,-22.696,0.134,842.025
5847.8,69.31,58.9,0.0,1.2,5,-18.579,0.164,842.574
5847.8,69.43,58.9,0.0,1.0,5,-15.827,0.182,842.927
5847.8,69.60,58.9,0.0,0.7,5,-11.689,0.207,843.443
5847.8,69.70,59.0,0.0,0.4,5,-8.923,0.225,843.778
5861.7,69.87,59.0,0.0,0.1,5,-4.766,0.253,844.273
5861.7,69.98,59.1,0.0,-0.1,5,-1.988,0.272,844.598
5861.7,70.14,59.1,0.0,-0.1,5,2.187,0.301,845.083
5861.7,70.26,59.1,0.0,-0.1,5,4.976,0.317,845.405
6.5,70.41,59.2,0.0,-0.1,5,9.168,0.344,845.889
