opponent,v3,Loïc Duval,0,1771612623509
Game,version,date,track,car,event,laptime [s],S1 [s],S2 [s],S3 [s],S4+ [s]
LMU,1.2,2026-02-20 18:37:03,Silverstone Grand Prix Circuit - ELMS,Peugeot TotalEnergies 2025 #94:LM (Hyper),Live,109.782,0,0,0
Tracklen [m],TotalLaps
5869.1,4
,
,
lapdistance [m],speed [m/s],throttle [%],brake [%],steer [%],gear [int],world_x [m],world_y [m],world_z [m]
56.4,72.67,59.2,0.0,0.2,5,61.674,0.783,852.032
56.4,72.76,59.1,0.0,0.2,5,64.564,0.810,852.350
56.4,72.89,59.0,0.0,0.1,5,68.907,0.852,852.827
70.9,72.98,59.0,0.0,0.1,5,71.807,0.880,853.143
70.9,73.11,58.8,0.0,0.1,5,76.164,0.921,853.617
70.9,73.20,58.8,0.0,0.0,5,79.073,0.946,853.933
70.9,73.33,58.7,0.0,0.0,0,83.443,0.981,854.405
85.5,73.24,0.0,0.0,-0.0,0,86.358,1.003,854.719
85.5,73.30,81.8,0.0,-0.0,6,90.727,1.037,855.189
85.5,73.44,72.3,0.0,0.0,6,95.104,1.072,855.660
85.5,73.52,65.9,0.0,0.0,6,98.026,1.093,855.974
100.2,73.65,58.2,0.0,0.0,6,102.416,1.125,856.445
100.2,73.73,58.3,0.0,0.1,6,105.347,1.146,856.760
100.2,73.86,58.3,0.0,0.2,6,109.749,1.177,857.231
100.2,73.95,58.3,0.0,0.3,6,112.689,1.198,857.545
114.9,74.07,58.4,0.0,0.3,6,117.104,1.230,858.014
114.9,74.16,58.4,0.0,0.2,6,120.052,1.252,858.326
114.9,74.29,58.4,0.0,0.1,6,124.480,1.279,858.790
114.9,74.37,58.4,0.0,0.2,6,127.437,1.294,859.099
129.7,74.49,58.4,0.0,0.2,6,131.879,1.317,859.558
129.7,74.61,58.4,0.0,0.2,6,136.329,1.342,860.015
129.7,74.68,58.5,0.0,0.2,6,139.299,1.363,860.318
144.7,74.81,58.5,0.0,0.2,6,143.761,1.399,860.770
144.7,74.90,58.5,0.0,0.2,6,146.740,1.418,861.070
144.7,75.02,58.5,0.0,0.3,6,151.214,1.445,861.519
144.7,75.10,58.5,0.0,0.4,6,154.202,1.463,861.816
159.7,75.22,58.5,0.0,0.3,6,158.689,1.488,862.261
159.7,75.29,58.6,0.0,0.3,6,161.684,1.504,862.557
159.7,75.41,58.6,0.0,0.1,6,166.183,1.532,862.998
159.7,75.48,58.6,0.0,0.0,6,169.187,1.551,863.290
174.7,75.60,58.7,0.0,-0.0,6,173.698,1.582,863.727
174.7,75.68,58.7,0.0,-0.1,6,176.709,1.603,864.017
174.7,75.79,58.7,0.0,-0.2,6,181.232,1.632,864.452
174.7,75.87,58.7,0.0,-0.3,6,184.251,1.651,864.742
189.9,75.98,58.7,0.0,-0.4,6,188.786,1.678,865.180
189.9,76.05,58.8,0.0,-0.4,6,191.812,1.696,865.474
189.9,76.16,58.8,0.0,-0.4,6,196.356,1.726,865.920
189.9,76.28,58.8,0.0,-0.4,6,200.907,1.754,866.374
205.1,76.35,58.8,0.0,-0.3,6,203.944,1.772,866.680
205.1,76.47,58.8,0.0,-0.3,6,208.505,1.796,867.146
205.1,76.54,58.9,0.0,-0.1,6,211.548,1.812,867.461
205.1,76.64,58.9,0.0,0.1,6,216.118,1.838,867.937
220.4,76.71,59.0,0.0,0.3,6,219.168,1.859,868.257
220.4,76.82,59.0,0.0,0.4,6,223.749,1.892,868.738
220.4,76.89,59.0,0.0,0.4,6,226.806,1.914,869.058
220.4,76.93,29.9,27.6,0.6,6,231.397,1.945,869.535
235.8,76.57,0.0,55.0,0.6,6,234.452,1.967,869.849
235.8,75.58,0.0,79.4,0.4,6,238.997,2.001,870.310
235.8,74.79,0.0,84.2,0.4,6,241.991,2.022,870.609
235.8,73.52,0.0,84.9,0.5,6,246.423,2.048,871.044
250.7,72.25,0.0,84.2,0.9,6,250.778,2.071,871.461
250.7,71.43,0.0,85.3,1.2,6,253.641,2.088,871.728
250.7,70.16,0.0,84.7,1.6,6,257.875,2.110,872.112
250.7,69.34,0.0,85.3,1.7,6,260.656,2.125,872.354
264.9,68.09,0.0,85.4,2.0,6,264.767,2.148,872.696
264.9,67.27,0.0,85.5,2.2,6,267.467,2.163,872.908
264.9,66.02,0.0,85.5,2.4,6,271.458,2.183,873.198
264.9,65.20,0.0,85.5,2.5,6,274.079,2.195,873.372
278.1,63.96,0.0,85.1,2.7,0,277.949,2.210,873.599
278.1,63.16,25.7,86.0,2.7,0,280.490,2.220,873.728
278.1,61.92,0.0,81.9,2.5,5,284.242,2.234,873.881
278.1,61.14,0.0,73.8,2.7,5,286.704,2.243,873.957
290.6,60.07,0.0,61.0,2.5,5,290.341,2.254,874.029
290.6,59.16,0.0,46.2,2.9,5,293.919,2.269,874.043
290.6,58.68,0.0,28.7,3.8,5,296.276,2.280,874.018
290.6,58.20,0.0,17.4,5.6,5,299.781,2.296,873.933
302.3,57.93,0.0,17.6,6.8,5,302.102,2.307,873.841
302.3,57.54,0.0,12.3,8.1,5,305.562,2.324,873.654
302.3,57.33,0.0,7.9,8.4,5,307.854,2.337,873.494
302.3,57.05,0.0,5.6,8.6,5,311.273,2.359,873.202
313.7,56.88,0.0,5.8,8.3,5,313.540,2.374,872.972
313.7,56.64,0.0,1.1,9.0,5,316.923,2.396,872.574
313.7,56.50,1.1,0.5,8.4,5,319.166,2.409,872.273
313.7,56.30,0.0,6.2,7.8,5,322.512,2.429,871.767
324.9,56.12,0.0,12.6,7.9,5,324.730,2.443,871.394
324.9,55.79,0.0,16.2,8.0,5,328.032,2.461,870.785
324.9,55.40,0.0,17.7,9.3,5,331.301,2.477,870.117
324.9,55.13,0.0,14.1,10.0,5,333.459,2.488,869.638
336.0,54.83,9.3,0.5,10.6,5,336.666,2.504,868.866
336.0,54.77,32.3,0.0,11.0,5,338.787,2.515,868.314
336.0,54.78,45.3,0.0,12.6,5,341.951,2.530,867.426
336.0,54.84,50.8,0.0,14.2,5,344.050,2.541,866.795
347.3,54.92,37.2,0.0,16.9,5,347.186,2.555,865.789
347.3,54.95,32.0,0.0,19.2,5,349.265,2.565,865.079
347.3,54.91,19.9,0.0,20.4,5,352.364,2.580,863.955
347.3,54.83,9.5,0.0,20.6,5,354.413,2.591,863.168
358.8,54.67,9.4,0.0,20.5,5,357.455,2.608,861.930
358.8,54.57,16.4,0.0,20.1,5,359.462,2.619,861.066
358.8,54.49,29.3,0.0,19.5,5,362.440,2.637,859.711
370.5,54.50,39.4,0.0,19.6,5,365.383,2.654,858.287
370.5,54.51,29.0,0.0,20.4,5,367.326,2.665,857.297
370.5,54.47,23.5,0.0,22.8,5,370.210,2.681,855.757
370.5,54.44,28.1,0.0,24.6,5,372.110,2.693,854.694
381.9,54.43,30.7,0.0,26.7,5,374.929,2.710,853.045
381.9,54.41,30.0,0.0,27.4,5,376.787,2.721,851.911
381.9,54.38,25.9,0.0,27.8,5,379.540,2.738,850.157
381.9,54.34,23.2,0.0,28.0,5,381.351,2.748,848.955
393.3,54.26,21.2,0.0,28.2,5,384.031,2.763,847.101
393.3,54.19,20.8,0.0,28.3,5,385.790,2.773,845.832
393.3,54.10,21.9,0.0,28.4,5,388.386,2.788,843.879
393.3,54.04,21.9,0.0,28.3,5,390.087,2.798,842.543
404.8,53.95,21.2,0.0,28.1,5,392.595,2.814,840.492
404.8,53.86,21.5,0.0,27.1,5,395.050,2.830,838.386
404.8,53.81,22.8,0.0,26.4,5,396.656,2.840,836.952
404.8,53.74,27.0,0.0,24.7,5,399.018,2.856,834.754
415.8,53.72,28.9,0.0,23.7,5,400.562,2.868,833.259
415.8,53.70,29.9,0.0,22.0,5,402.833,2.884,830.972
415.8,53.71,31.3,0.0,20.9,5,404.317,2.895,829.419
415.8,53.74,37.4,0.0,19.1,5,406.497,2.910,827.045
426.7,53.77,40.3,0.0,17.8,5,407.921,2.920,825.434
426.7,53.83,41.6,0.0,16.5,5,410.012,2.933,822.977
426.7,53.93,49.6,0.0,15.9,5,411.379,2.940,821.311
426.7,54.11,49.7,0.0,14.7,5,413.390,2.950,818.769
437.4,54.21,49.9,0.0,14.1,5,414.702,2.958,817.045
437.4,54.40,50.2,0.0,13.5,5,416.629,2.972,814.419
437.4,54.57,50.3,0.0,13.1,5,418.512,2.984,811.747
437.4,54.71,50.3,0.0,12.7,5,419.743,2.990,809.941
448.1,54.91,50.6,0.0,12.0,5,421.549,3.001,807.194
448.1,55.04,50.8,0.0,11.6,5,422.725,3.011,805.336
448.1,55.23,51.0,0.0,10.7,5,424.450,3.026,802.514
448.1,55.36,51.1,0.0,10.1,5,425.572,3.038,800.609
458.8,55.55,51.4,0.0,9.5,5,427.211,3.059,797.714
458.8,55.69,51.6,0.0,9.5,5,428.277,3.074,795.761
458.8,55.88,51.6,0.0,9.0,5,429.834,3.096,792.799
458.8,56.01,51.9,0.0,9.6,5,430.843,3.114,790.802
469.8,56.21,51.7,0.0,9.5,5,432.317,3.138,787.776
469.8,56.34,52.1,0.0,9.0,5,433.273,3.153,785.738
469.8,56.54,52.3,0.0,8.1,5,434.663,3.176,782.650
469.8,56.74,52.6,0.0,7.9,5,436.005,3.200,779.529
481.0,56.88,52.2,0.0,7.6,5,436.873,3.216,777.429
481.0,57.06,52.7,0.0,6.9,5,438.133,3.244,774.253
481.0,57.18,53.3,0.0,6.0,5,438.947,3.263,772.118
481.0,57.42,53.0,0.0,4.5,5,440.136,3.284,768.893
492.3,57.56,53.0,0.0,3.6,5,440.906,3.293,766.726
492.3,57.75,53.1,0.0,4.0,5,442.019,3.311,763.452
492.3,57.89,53.4,0.0,4.7,5,442.735,3.327,761.253
492.3,58.07,46.2,0.0,5.3,5,443.776,3.354,757.934
503.7,58.16,45.2,0.0,4.9,5,444.450,3.373,755.709
503.7,58.37,53.8,0.0,4.9,5,445.433,3.398,752.355
503.7,58.51,54.1,0.0,4.3,5,446.071,3.415,750.107
503.7,58.70,54.3,0.0,3.4,5,446.999,3.446,746.716
515.2,58.83,54.4,0.0,3.4,5,447.599,3.472,744.444
515.2,59.05,54.3,0.0,3.0,5,448.476,3.506,741.018
515.2,59.27,54.8,0.0,3.4,5,449.324,3.532,737.573
515.2,59.40,54.9,0.0,3.8,5,449.873,3.546,735.264
527.0,59.61,55.0,0.0,3.5,5,450.671,3.562,731.785
527.0,59.74,55.1,0.0,3.7,5,451.183,3.575,729.453
527.0,59.95,55.1,0.0,4.0,5,451.919,3.603,725.939
527.0,60.10,55.1,0.0,3.9,5,452.391,3.622,723.586
538.9,60.31,55.2,0.0,3.5,5,453.071,3.652,720.038
538.9,60.45,55.4,0.0,3.1,5,453.506,3.672,717.663
538.9,60.67,55.4,0.0,2.7,5,454.135,3.698,714.084
538.9,60.81,55.6,0.0,2.2,5,454.538,3.714,711.689
550.9,61.03,55.7,0.0,1.9,5,455.121,3.737,708.080
550.9,61.17,55.8,0.0,2.0,5,455.496,3.756,705.666
550.9,61.38,56.0,0.0,1.5,5,456.041,3.786,702.031
563.1,61.60,56.0,0.0,1.1,5,456.570,3.815,698.380
563.1,61.74,56.1,0.0,0.9,5,456.914,3.835,695.937
563.1,61.95,56.2,0.0,0.7,5,457.420,3.868,692.262
563.1,62.10,56.3,0.0,0.7,5,457.752,3.889,689.803
575.3,62.31,56.3,0.0,0.7,5,458.243,3.920,686.104
575.3,62.45,56.4,0.0,0.7,5,458.567,3.941,683.630
575.3,62.66,56.5,0.0,0.8,5,459.046,3.974,679.908
575.3,62.80,56.6,0.0,0.8,5,459.361,3.995,677.419
587.8,63.01,56.7,0.0,0.9,5,459.828,4.027,673.674
587.8,63.22,56.8,0.0,0.8,5,460.288,4.059,669.916
587.8,63.36,56.9,0.0,0.8,5,460.590,4.080,667.403
587.8,63.56,57.0,0.0,0.9,5,461.037,4.112,663.622
600.4,63.70,57.1,0.0,0.9,5,461.330,4.132,661.095
600.4,63.90,57.2,0.0,1.0,5,461.761,4.163,657.291
600.4,64.04,57.2,0.0,1.0,5,462.044,4.184,654.748
600.4,64.24,57.3,0.0,1.1,5,462.459,4.218,650.923
613.1,64.37,57.4,0.0,1.1,5,462.730,4.239,648.366
613.1,64.58,57.5,0.0,1.0,5,463.128,4.271,644.518
613.1,64.71,57.5,0.0,1.1,5,463.387,4.292,641.946
613.1,64.91,57.6,0.0,1.1,5,463.766,4.323,638.076
626.1,65.04,57.7,0.0,1.1,5,464.012,4.344,635.489
626.1,65.24,57.8,0.0,1.2,5,464.371,4.377,631.598
626.1,65.43,57.9,0.0,1.1,5,464.718,4.408,627.694
626.1,65.50,57.9,0.0,1.1,5,464.832,4.419,626.390
639.1,65.76,58.0,0.0,1.0,5,465.270,4.459,621.159
639.1,65.89,58.0,0.0,0.9,5,465.482,4.480,618.534
639.1,66.08,58.1,0.0,0.8,5,465.789,4.510,614.588
639.1,66.20,58.1,0.0,0.8,5,465.988,4.532,611.950
652.3,66.40,58.2,0.0,0.6,5,466.277,4.563,607.983
652.3,66.52,58.2,0.0,0.6,5,466.465,4.584,605.332
652.3,66.71,58.2,0.0,0.5,5,466.739,4.615,601.345
652.3,66.84,58.2,0.0,0.5,5,466.917,4.636,598.680
665.7,67.02,58.3,0.0,0.4,5,467.178,4.666,594.673
665.7,67.14,58.3,0.0,0.1,5,467.349,4.687,591.995
665.7,67.33,58.3,0.0,-0.8,5,467.602,4.717,587.970
665.7,67.51,58.4,0.0,-0.6,5,467.856,4.745,583.933
679.1,67.63,58.4,0.0,-0.5,5,468.029,4.763,581.236
679.1,67.81,58.5,0.0,0.5,5,468.293,4.788,577.181
679.1,67.93,58.5,0.0,1.0,5,468.471,4.804,574.473
679.1,68.11,58.5,0.0,0.5,5,468.737,4.825,570.400
692.7,68.23,58.6,0.0,0.6,5,468.913,4.838,567.679
692.7,68.41,58.6,0.0,0.2,5,469.170,4.854,563.589
692.7,68.52,58.6,0.0,-0.1,5,469.339,4.864,560.856
692.7,68.70,58.7,0.0,0.2,5,469.588,4.880,556.747
706.4,68.82,58.7,0.0,0.6,5,469.752,4.890,554.002
706.4,68.99,58.8,0.0,0.2,5,469.996,4.903,549.875
706.4,69.10,58.8,0.0,-0.1,5,470.157,4.910,547.118
706.4,69.28,58.9,0.0,0.1,5,470.397,4.920,542.974
720.3,69.45,58.9,0.0,0.0,5,470.636,4.926,538.820
720.3,69.56,59.0,0.0,0.0,5,470.797,4.930,536.044
720.3,69.73,59.0,0.0,0.6,5,471.038,4.933,531.873
720.3,69.84,59.0,0.0,0.6,5,471.198,4.936,529.086
734.3,70.01,59.1,0.0,0.6,5,471.437,4.936,524.898
734.3,70.12,59.1,0.0,0.4,5,471.593,4.934,522.099
734.3,70.29,59.2,0.0,0.2,5,471.822,4.930,517.894
734.3,70.40,59.2,0.0,0.1,5,471.972,4.926,515.084
748.4,70.57,59.2,0.0,0.2,5,472.193,4.919,510.861
748.4,70.68,59.2,0.0,0.2,5,472.339,4.914,508.040
748.4,70.84,59.2,0.0,0.2,5,472.555,4.902,503.801
748.4,70.95,59.2,0.0,0.2,5,472.698,4.893,500.969
762.6,71.11,59.3,0.0,0.1,5,472.910,4.876,496.713
762.6,71.27,59.3,0.0,0.1,5,473.120,4.855,492.447
762.6,71.38,59.3,0.0,0.1,5,473.259,4.840,489.597
776.8,71.54,59.3,0.0,0.1,5,473.466,4.815,485.315
776.8,71.64,59.4,0.0,0.2,5,473.602,4.799,482.455
776.8,71.80,59.4,0.0,0.1,5,473.805,4.775,478.157
776.8,71.90,59.4,0.0,-0.4,5,473.939,4.760,475.287
791.2,72.05,59.4,0.0,-0.8,5,474.141,4.742,470.974
791.2,72.15,59.4,0.0,-1.2,5,474.277,4.731,468.093
791.2,72.31,59.4,0.0,-1.7,5,474.488,4.712,463.765
791.2,72.41,59.4,0.0,-1.9,5,474.637,4.699,460.874
805.6,72.55,59.2,0.0,-2.8,5,474.878,4.682,456.533
805.6,72.64,59.1,0.0,-3.2,5,475.054,4.671,453.635
805.6,72.78,59.1,0.0,-3.4,5,475.343,4.649,449.282
805.6,72.91,59.0,0.0,-3.5,5,475.669,4.625,444.923
820.1,72.99,58.9,0.0,-3.7,5,475.911,4.611,442.016
820.1,72.95,0.0,0.0,-4.4,0,476.311,4.589,437.653
820.1,72.97,85.0,0.0,-4.3,6,476.602,4.568,434.750
820.1,73.09,75.4,0.0,-4.3,6,477.086,4.540,430.396
834.7,73.16,69.0,0.0,-4.5,6,477.444,4.526,427.493
834.7,73.28,59.5,0.0,-5.2,6,478.031,4.509,423.140
834.7,73.36,58.2,0.0,-5.4,6,478.455,4.496,420.238
834.7,73.47,58.2,0.0,-5.5,6,479.145,4.477,415.888
849.3,73.54,58.3,0.0,-5.8,6,479.642,4.466,412.990
849.3,73.65,58.3,0.0,-6.1,6,480.443,4.450,408.648
849.3,73.72,58.3,0.0,-6.1,6,481.015,4.439,405.757
849.3,73.82,58.3,0.0,-6.3,6,481.929,4.422,401.426
863.9,73.89,58.3,0.0,-6.7,6,482.577,4.408,398.544
863.9,73.99,58.3,0.0,-5.7,6,483.607,4.383,394.229
863.9,74.10,58.3,0.0,-8.0,6,484.704,4.351,389.924
863.9,74.16,58.3,0.0,-8.7,6,485.473,4.325,387.061
878.5,74.25,58.4,0.0,-9.1,6,486.687,4.280,382.778
878.5,74.30,58.4,0.0,-8.6,6,487.538,4.248,379.932
878.5,74.39,58.4,0.0,-7.3,6,488.881,4.198,375.679
878.5,74.44,58.4,0.0,-6.6,6,489.821,4.162,372.855
893.3,74.52,58.5,0.0,-6.3,6,491.298,4.108,368.637
893.3,74.59,58.5,0.0,-6.6,6,492.325,4.070,365.838
893.3,74.67,58.5,0.0,-6.9,6,493.931,4.013,361.659
893.3,74.73,58.5,0.0,-6.0,6,495.043,3.976,358.885
908.6,74.83,58.5,0.0,-3.1,6,496.770,3.921,354.745
908.6,74.81,24.7,22.3,-1.1,6,497.957,3.884,351.997
908.6,74.33,0.0,25.0,1.4,6,499.774,3.828,347.906
908.6,73.83,0.0,20.3,2.5,6,501.612,3.776,343.859
923.9,73.54,0.0,30.4,2.6,6,502.836,3.742,341.177
923.9,72.89,0.0,53.4,2.5,6,504.652,3.685,337.174
923.9,72.32,0.0,54.9,2.7,6,505.841,3.643,334.524
923.9,71.43,0.0,52.5,2.7,6,507.580,3.586,330.576
938.8,70.87,0.0,48.9,3.0,6,508.706,3.555,327.962
938.8,70.09,0.0,42.0,4.2,6,510.345,3.515,324.062
938.8,69.62,0.0,43.0,5.0,6,511.403,3.489,321.475
938.8,68.89,0.0,40.9,4.1,6,512.935,3.452,317.611
952.9,68.42,0.0,37.2,3.6,6,513.917,3.429,315.046
952.9,67.75,0.0,52.4,4.2,6,515.329,3.400,311.211
952.9,67.18,0.0,61.4,4.8,6,516.230,3.381,308.665
952.9,66.21,0.0,60.0,5.7,6,517.515,3.359,304.874
966.2,65.29,0.0,56.9,5.3,6,518.718,3.343,301.116
966.2,64.71,0.0,45.1,5.6,6,519.476,3.334,298.627
966.2,63.96,0.0,39.2,6.3,6,520.547,3.320,294.918
966.2,63.51,0.0,37.1,6.3,6,521.217,3.311,292.457
978.8,62.87,0.0,13.5,6.7,0,522.153,3.296,288.782
978.8,62.65,30.8,0.0,6.9,0,522.733,3.286,286.340
978.8,62.65,51.0,2.0,8.0,5,523.539,3.268,282.670
978.8,62.53,8.3,33.2,9.2,5,524.034,3.256,280.215
991.4,61.96,0.0,25.3,10.8,5,524.709,3.238,276.540
991.4,61.64,0.0,5.6,9.9,5,525.114,3.229,274.102
991.4,61.55,61.7,0.0,8.7,5,525.654,3.217,270.448
991.4,61.49,15.9,13.4,7.8,5,525.971,3.210,268.007
1005.2,61.09,0.0,12.1,7.3,5,526.378,3.208,264.351
1005.2,60.82,18.7,1.2,7.4,5,526.723,3.200,260.710
1005.2,60.78,64.1,0.0,6.2,5,526.923,3.184,258.287
1018.3,60.75,41.0,0.0,6.9,5,527.140,3.180,254.648
1018.3,60.73,39.1,0.0,9.0,5,527.232,3.192,252.219
1018.3,60.72,48.5,0.0,9.5,5,527.325,3.195,248.577
1018.3,60.82,35.2,0.0,10.0,5,527.360,3.181,246.146
1031.4,60.74,6.3,6.4,14.6,5,527.342,3.164,242.499
1031.4,60.54,0.0,5.9,17.8,5,527.279,3.160,240.074
1031.4,60.24,0.0,3.9,18.1,5,527.115,3.159,236.453
1031.4,60.05,0.0,2.6,16.9,5,526.961,3.161,234.052
1043.6,59.78,0.0,0.4,14.0,5,526.657,3.170,230.469
1043.6,59.61,0.0,0.4,12.3,5,526.404,3.180,228.095
1043.6,59.38,1.2,0.3,10.4,5,525.954,3.196,224.553
1043.6,59.22,0.8,0.1,10.8,5,525.609,3.207,222.206
1055.5,58.99,1.3,2.9,9.3,5,525.022,3.223,218.709
1055.5,58.72,0.0,0.9,8.6,5,524.354,3.242,215.241
1055.5,58.57,6.1,0.0,8.3,5,523.864,3.258,212.946
1055.5,58.55,61.5,0.0,7.3,5,523.067,3.283,209.526
1067.1,58.66,68.2,0.0,6.4,5,522.497,3.302,207.253
1067.1,58.86,57.9,0.0,5.1,5,521.587,3.331,203.847
1067.1,59.01,54.4,0.0,3.9,5,520.950,3.351,201.578
1067.1,59.22,54.5,0.0,1.5,5,519.954,3.380,198.174
1078.9,59.37,54.6,0.0,0.4,5,519.268,3.400,195.904
1078.9,59.59,54.8,0.0,-0.3,5,518.219,3.430,192.494
1078.9,59.74,54.8,0.0,-1.2,5,517.510,3.449,190.215
1078.9,59.96,55.0,0.0,-2.2,5,516.442,3.477,186.787
1091.0,60.18,55.1,0.0,-2.9,5,515.378,3.504,183.344
1091.0,60.33,55.3,0.0,-3.4,5,514.675,3.521,181.039
1091.0,60.45,27.4,0.0,-4.1,5,513.637,3.544,177.566
1091.0,60.36,4.2,28.9,-4.5,5,512.961,3.557,175.246
1103.1,59.71,0.0,69.5,-4.5,5,511.980,3.575,171.776
1103.1,59.03,0.0,78.2,-4.1,5,511.354,3.586,169.483
1103.1,57.92,0.0,82.5,-3.3,5,510.459,3.603,166.089
1103.1,57.15,0.0,79.2,-2.6,5,509.894,3.614,163.856
1114.9,56.03,0.0,71.0,-1.9,5,509.096,3.628,160.555
1114.9,55.34,0.0,66.7,-1.8,5,508.597,3.637,158.382
1114.9,54.36,0.0,60.6,-2.0,5,507.903,3.652,155.164
1114.9,53.77,0.0,56.2,-3.0,5,507.476,3.663,153.043
1126.0,52.95,0.0,44.2,-4.4,5,506.887,3.677,149.895
1126.0,52.28,0.0,31.4,-5.3,5,506.358,3.691,146.782
1126.0,51.95,37.8,19.4,-6.4,0,506.040,3.699,144.722
1126.0,51.61,0.0,9.3,-7.9,4,505.611,3.709,141.644
1136.8,51.42,0.0,4.0,-9.0,4,505.358,3.714,139.599
1136.8,51.21,0.0,1.3,-10.4,4,505.028,3.719,136.538
1136.8,51.09,0.0,2.0,-11.1,4,504.843,3.721,134.500
1136.8,50.89,0.0,1.3,-12.2,4,504.617,3.720,131.449
1147.5,50.77,2.2,0.0,-13.3,4,504.500,3.717,129.419
1147.5,50.61,6.9,0.0,-14.6,4,504.376,3.706,126.380
1147.5,50.50,8.4,0.0,-14.4,4,504.331,3.696,124.358
1147.5,50.34,4.2,3.1,-13.5,4,504.328,3.682,121.333
1158.1,50.17,0.0,2.9,-12.5,4,504.370,3.676,119.323
1158.1,49.94,0.8,0.3,-10.3,4,504.500,3.675,116.322
1158.1,49.77,9.3,0.0,-9.6,4,504.705,3.679,113.338
1158.1,49.68,8.0,0.0,-9.4,4,504.874,3.675,111.356
1168.6,49.53,6.5,0.0,-10.1,4,505.178,3.662,108.394
1168.6,49.40,15.3,0.0,-11.0,4,505.425,3.658,106.431
1168.6,49.30,14.7,0.0,-12.4,4,505.856,3.652,103.501
1168.6,49.20,8.1,0.0,-14.4,4,506.184,3.651,101.559
1179.0,49.06,1.6,0.0,-15.0,4,506.715,3.632,98.659
1179.0,48.89,6.4,0.0,-16.0,4,507.106,3.617,96.739
1179.0,48.74,16.4,0.0,-17.9,4,507.757,3.602,93.884
1179.0,48.68,12.2,0.0,-17.7,4,508.224,3.588,91.992
1189.7,48.51,5.4,0.0,-18.5,4,508.977,3.562,89.175
1189.7,48.38,6.7,0.0,-19.9,4,509.520,3.545,87.315
1189.7,48.22,8.0,0.0,-23.4,4,510.390,3.519,84.550
1199.8,48.06,5.5,0.0,-26.1,4,511.320,3.487,81.816
1199.8,47.95,8.2,0.0,-27.5,4,511.973,3.463,80.010
1199.8,47.79,8.0,0.0,-28.7,4,513.002,3.425,77.329
1199.8,47.69,10.6,0.0,-28.8,4,513.721,3.398,75.560
1209.7,47.54,10.2,0.0,-28.8,4,514.852,3.357,72.936
1209.7,47.45,21.4,0.0,-28.2,4,515.640,3.328,71.208
1209.7,47.40,40.7,0.0,-26.6,4,516.877,3.286,68.646
1209.7,47.43,58.0,0.0,-25.1,4,517.739,3.259,66.957
1219.2,47.54,60.8,0.0,-22.9,4,519.090,3.222,64.450
1219.2,47.62,70.6,0.0,-21.7,4,520.029,3.200,62.795
1219.2,47.85,87.8,0.0,-16.2,4,521.494,3.171,60.336
1219.2,48.01,76.6,0.0,-11.4,4,522.508,3.153,58.709
1228.8,48.00,5.0,18.2,-4.0,4,524.077,3.125,56.290
1228.8,47.54,0.0,50.2,1.6,4,525.685,3.097,53.915
1228.8,47.03,0.0,65.0,5.5,4,526.764,3.080,52.359
1228.8,46.12,0.0,74.1,8.4,4,528.367,3.056,50.068
1238.1,45.44,0.0,77.7,8.6,0,529.414,3.038,48.564
1238.1,44.39,0.0,82.5,7.3,3,530.941,3.011,46.341
1238.1,43.29,0.0,83.7,5.7,3,532.405,2.986,44.153
1238.1,42.55,0.0,72.1,4.4,3,533.344,2.969,42.714
1246.8,41.63,0.0,29.8,2.4,3,534.695,2.944,40.581
1246.8,41.28,0.0,11.9,1.5,3,535.558,2.927,39.165
1246.8,41.01,0.0,2.9,2.8,3,536.798,2.900,37.030
1246.8,40.88,0.0,0.7,5.7,3,537.590,2.881,35.597
1255.1,40.73,0.4,0.1,12.2,3,538.728,2.850,33.429
1255.1,40.63,2.7,0.0,16.3,3,539.455,2.828,31.973
1255.1,40.51,4.6,0.0,19.8,3,540.499,2.795,29.774
1255.1,40.42,3.5,0.0,20.3,3,541.164,2.773,28.298
1263.2,40.28,1.7,0.0,19.5,3,542.110,2.738,26.070
1263.2,40.18,27.1,0.0,18.3,3,542.992,2.702,23.824
1263.2,40.24,55.0,0.0,17.5,3,543.544,2.679,22.314
1263.2,40.51,84.1,0.0,17.3,3,544.320,2.643,20.021
1271.6,40.71,68.7,0.0,18.4,3,544.805,2.620,18.471
1271.6,40.85,37.6,0.0,21.6,3,545.483,2.584,16.120
1271.6,40.84,22.6,0.0,23.8,3,545.901,2.559,14.540
1271.6,40.81,27.6,0.0,26.7,3,546.472,2.520,12.159
1280.5,40.80,33.8,0.0,27.7,3,546.817,2.494,10.564
1280.5,40.93,71.6,0.0,27.5,3,547.276,2.457,8.157
1280.5,41.12,73.3,0.0,27.3,3,547.545,2.433,6.539
1280.5,41.26,44.4,0.0,28.6,3,547.897,2.395,4.093
1289.0,41.31,33.6,0.0,30.9,3,548.185,2.354,1.632
1289.0,41.31,34.4,0.0,32.5,3,548.339,2.326,-0.013
1289.0,41.32,33.4,0.0,34.3,3,548.513,2.282,-2.485
1289.0,41.32,33.1,0.0,35.1,3,548.591,2.253,-4.136
1298.0,41.31,31.7,0.0,36.2,3,548.651,2.210,-6.614
1298.0,41.31,29.5,0.0,37.0,3,548.654,2.180,-8.266
1298.0,41.32,36.7,0.0,38.8,3,548.605,2.134,-10.744
1298.0,41.30,23.9,0.0,40.4,3,548.537,2.101,-12.395
1307.1,41.21,19.0,0.0,41.5,3,548.378,2.052,-14.865
1307.1,41.14,18.0,0.0,42.3,3,548.232,2.021,-16.505
1307.1,41.03,16.9,0.0,42.3,3,547.955,1.976,-18.954
1307.1,40.94,16.4,0.0,41.9,3,547.729,1.948,-20.578
1316.2,40.82,16.8,0.0,40.7,3,547.330,1.908,-22.998
1316.2,40.71,18.0,0.0,39.1,3,546.859,1.871,-25.398
1316.2,40.63,18.9,0.0,38.0,3,546.503,1.848,-26.985
1325.2,40.53,21.3,0.0,36.3,3,545.910,1.816,-29.346
1325.2,40.48,23.9,0.0,35.1,3,545.474,1.796,-30.907
1325.2,40.44,27.2,0.0,34.1,3,544.763,1.768,-33.228
1325.2,40.42,28.6,0.0,33.9,3,544.254,1.748,-34.763
1333.7,40.41,31.0,0.0,33.5,3,543.439,1.716,-37.046
1333.7,40.41,33.7,0.0,32.9,3,542.861,1.695,-38.555
1333.7,40.43,41.9,0.0,30.9,3,541.940,1.664,-40.798
1333.7,40.48,50.7,0.0,28.8,3,541.289,1.644,-42.280
1342.4,40.65,70.5,0.0,24.7,3,540.255,1.618,-44.482
1342.4,40.85,85.0,0.0,22.0,3,539.528,1.602,-45.940
1342.4,41.20,89.6,0.0,18.7,3,538.383,1.578,-48.118
1342.4,41.56,89.6,0.0,15.7,3,537.172,1.552,-50.284
1351.1,41.79,89.6,0.0,13.4,3,536.327,1.535,-51.720
1351.1,42.16,89.6,0.0,10.1,3,535.000,1.512,-53.860
1351.1,42.41,89.6,0.0,8.4,3,534.079,1.497,-55.278
1351.1,42.79,89.6,0.0,6.7,3,532.643,1.476,-57.391
1359.8,43.04,89.7,0.0,6.4,3,531.651,1.462,-58.791
1359.8,43.43,89.7,0.0,7.2,3,530.115,1.441,-60.881
1359.8,43.70,89.7,0.0,7.8,3,529.060,1.426,-62.267
1359.8,44.08,89.7,0.0,8.1,3,527.435,1.402,-64.338
1368.5,44.35,89.7,0.0,8.1,3,526.323,1.384,-65.713
1368.5,44.73,89.7,0.0,7.7,3,524.614,1.357,-67.765
1368.5,44.99,89.7,0.0,7.2,3,523.446,1.337,-69.127
1368.5,45.37,89.7,0.0,6.8,3,521.653,1.306,-71.158
1377.4,45.75,89.7,0.0,6.6,3,519.809,1.273,-73.176
1377.4,46.01,89.7,0.0,6.5,3,518.553,1.251,-74.512
1377.4,46.39,89.8,0.0,6.7,3,516.627,1.216,-76.504
1377.4,46.64,89.8,0.0,8.0,3,515.317,1.191,-77.824
1386.4,47.01,89.8,0.0,9.1,3,513.312,1.150,-79.792
1386.4,47.26,89.8,0.0,8.4,3,511.948,1.122,-81.092
1386.4,47.62,89.8,0.0,9.5,3,509.859,1.082,-83.025
1386.4,47.85,89.8,0.0,9.4,3,508.437,1.057,-84.298
1395.7,48.20,89.8,0.0,9.6,3,506.261,1.021,-86.185
1395.7,48.43,89.9,0.0,8.6,3,504.781,0.998,-87.428
1395.7,48.78,89.9,0.0,8.6,3,502.521,0.960,-89.269
1395.7,49.01,89.9,0.0,7.1,3,500.986,0.933,-90.481
1405.3,49.36,89.9,0.0,5.4,3,498.643,0.889,-92.273
1405.3,49.59,89.9,0.0,4.0,3,497.054,0.859,-93.451
1405.3,49.94,89.9,0.0,2.9,3,494.630,0.814,-95.194
1405.3,50.30,89.9,0.0,3.2,3,492.164,0.770,-96.913
1415.1,50.53,89.9,0.0,3.1,3,490.498,0.741,-98.048
1415.1,50.88,90.0,0.0,2.3,3,487.970,0.702,-99.738
1415.1,51.11,90.0,0.0,1.4,3,486.266,0.677,-100.859
1415.1,51.46,90.1,0.0,0.2,3,483.686,0.642,-102.534
1425.3,51.69,90.0,0.0,-0.4,3,481.952,0.620,-103.650
1425.3,51.92,0.0,0.0,-0.8,0,479.333,0.586,-105.327
1425.3,51.91,89.8,0.0,-1.1,4,477.584,0.564,-106.445
1425.3,52.22,89.8,0.0,-2.2,4,474.953,0.532,-108.128
1435.8,52.43,89.8,0.0,-3.2,4,473.193,0.510,-109.260
1435.8,52.75,89.8,0.0,-3.4,4,470.546,0.477,-110.977
1435.8,53.07,81.2,0.0,-3.1,4,467.896,0.449,-112.724
1435.8,53.29,74.7,0.0,-3.7,4,466.128,0.433,-113.905
1446.6,53.59,65.0,0.0,-4.3,4,463.477,0.411,-115.706
1446.6,53.78,58.7,0.0,-5.2,4,461.710,0.396,-116.926
1446.6,54.05,57.4,0.0,-6.5,4,459.064,0.374,-118.786
1446.6,54.21,57.5,0.0,-7.1,4,457.305,0.358,-120.048
1457.8,54.42,49.2,0.0,-7.6,4,454.676,0.329,-121.974
1457.8,54.51,39.8,0.0,-7.6,4,452.933,0.306,-123.281
1457.8,54.68,21.2,0.0,-8.6,4,450.339,0.271,-125.282
1457.8,54.72,43.9,0.0,-9.0,4,448.629,0.254,-126.645
1469.1,54.96,57.9,0.0,-8.8,4,446.090,0.237,-128.736
1469.1,55.15,57.9,0.0,-8.8,4,444.409,0.225,-130.159
1469.1,55.43,58.0,0.0,-9.3,4,441.908,0.206,-132.338
1480.7,55.70,58.1,0.0,-8.0,4,439.436,0.190,-134.573
1480.7,55.88,58.1,0.0,-6.9,4,437.805,0.182,-136.095
1480.7,56.15,58.2,0.0,-5.8,4,435.381,0.174,-138.423
1480.7,56.33,58.2,0.0,-5.2,4,433.781,0.170,-140.003
1492.2,56.61,58.3,0.0,-5.1,4,431.399,0.163,-142.413
1492.2,56.80,58.3,0.0,-5.0,4,429.823,0.158,-144.043
1492.2,57.07,58.4,0.0,-4.8,4,427.477,0.151,-146.525
1492.2,57.25,58.5,0.0,-4.8,4,425.924,0.146,-148.203
1503.8,57.52,58.6,0.0,-4.7,4,423.612,0.142,-150.754
1503.8,57.70,58.6,0.0,-4.6,4,422.083,0.140,-152.477
1503.8,57.96,58.7,0.0,-4.8,4,419.808,0.143,-155.096
1503.8,58.14,58.8,0.0,-5.0,4,418.303,0.148,-156.864
1515.5,58.41,58.9,0.0,-5.2,4,416.062,0.152,-159.548
1515.5,58.67,58.9,0.0,-5.5,4,413.843,0.151,-162.269
1515.5,58.85,59.0,0.0,-5.6,4,412.376,0.148,-164.105
1515.5,59.10,59.0,0.0,-5.7,4,410.198,0.142,-166.893
1527.2,59.27,59.1,0.0,-5.9,4,408.761,0.135,-168.774
1527.2,59.52,59.1,0.0,-6.8,4,406.629,0.121,-171.629
1527.2,59.68,59.1,0.0,-6.6,4,405.225,0.112,-173.555
1527.2,59.92,59.2,0.0,-5.0,4,403.149,0.098,-176.481
1539.0,60.09,59.2,0.0,-5.1,4,401.782,0.086,-178.453
1539.0,60.33,59.2,0.0,-4.4,4,399.757,0.065,-181.445
1539.0,60.50,59.2,0.0,-4.1,4,398.425,0.050,-183.460
1539.0,60.74,59.1,0.0,-3.5,4,396.451,0.029,-186.514
1551.1,60.90,59.0,0.0,-3.2,4,395.149,0.014,-188.569
1551.1,61.14,58.7,0.0,-2.8,4,393.217,-0.005,-191.679
1551.1,61.29,0.0,0.0,-2.3,0,391.307,-0.021,-194.817
1551.1,61.24,87.8,0.0,-1.7,5,390.047,-0.031,-196.918
1563.3,61.46,77.7,0.0,-1.2,5,388.174,-0.043,-200.087
1563.3,61.61,71.0,0.0,-1.2,5,386.933,-0.050,-202.212
1563.3,61.83,60.9,0.0,-1.3,5,385.080,-0.058,-205.418
1563.3,61.98,56.3,0.0,-1.3,5,383.849,-0.061,-207.567
1575.6,62.20,56.3,0.0,-1.5,5,382.009,-0.066,-210.806
1575.6,62.35,56.4,0.0,-1.2,5,380.786,-0.069,-212.975
1575.6,62.57,56.5,0.0,-1.3,5,378.957,-0.073,-216.246
1575.6,62.78,56.6,0.0,-1.5,5,377.135,-0.077,-219.534
1588.1,62.92,56.7,0.0,-1.6,5,375.924,-0.080,-221.737
1588.1,63.13,56.8,0.0,-1.7,5,374.114,-0.082,-225.057
1588.1,63.27,56.9,0.0,-1.7,5,372.912,-0.083,-227.280
1588.1,63.48,57.0,0.0,-1.5,5,371.117,-0.084,-230.632
1600.7,63.63,57.0,0.0,-1.4,5,369.925,-0.086,-232.877
1600.7,63.83,57.2,0.0,-1.4,5,368.145,-0.090,-236.261
1600.7,63.97,57.2,0.0,-1.5,5,366.964,-0.095,-238.528
1600.7,64.18,57.3,0.0,-1.6,5,365.201,-0.105,-241.944
1613.5,64.38,57.4,0.0,-1.6,5,363.448,-0.116,-245.379
1613.5,64.53,57.4,0.0,-1.5,5,362.285,-0.125,-247.680
1613.5,64.73,57.5,0.0,-1.3,5,360.548,-0.140,-251.146
1613.5,64.86,57.6,0.0,-1.2,5,359.396,-0.150,-253.468
1626.4,65.07,57.7,0.0,-1.1,5,357.676,-0.165,-256.965
1626.4,65.20,57.8,0.0,-0.9,5,356.533,-0.176,-259.306
1626.4,65.41,57.8,0.0,-0.7,5,354.825,-0.193,-262.832
1626.4,65.54,57.9,0.0,-0.6,5,353.689,-0.204,-265.191
1639.4,65.74,58.0,0.0,-0.4,5,351.988,-0.221,-268.743
1639.4,65.87,58.0,0.0,-0.2,5,350.854,-0.233,-271.118
1639.4,66.07,58.1,0.0,-0.0,5,349.154,-0.250,-274.692
1639.4,66.20,58.1,0.0,0.1,5,348.020,-0.261,-277.082
1652.6,66.40,58.1,0.0,0.2,5,346.316,-0.278,-280.676
1652.6,66.53,58.2,0.0,0.1,5,345.178,-0.290,-283.079
1652.6,66.72,58.2,0.0,0.3,5,343.465,-0.309,-286.691
1665.9,66.92,58.3,0.0,0.4,5,341.746,-0.331,-290.312
1665.9,67.05,58.3,0.0,0.5,5,340.595,-0.346,-292.731
1665.9,67.23,58.3,0.0,0.6,5,338.862,-0.368,-296.367
1665.9,67.36,58.4,0.0,0.5,5,337.701,-0.383,-298.795
1679.3,67.56,58.4,0.0,0.2,5,335.950,-0.411,-302.444
1679.3,67.67,58.4,0.0,0.3,5,334.777,-0.430,-304.881
1679.3,67.85,58.5,0.0,0.6,5,333.009,-0.451,-308.542
1679.3,67.98,58.5,0.0,0.6,5,331.825,-0.464,-310.986
1692.9,68.17,58.5,0.0,0.7,5,330.040,-0.485,-314.659
1692.9,68.29,58.6,0.0,0.5,5,328.843,-0.501,-317.111
1692.9,68.47,58.6,0.0,0.4,5,327.038,-0.526,-320.795
1692.9,68.59,58.7,0.0,0.5,5,325.828,-0.542,-323.254
1706.6,68.76,58.7,0.0,0.7,5,324.004,-0.565,-326.949
1706.6,68.94,58.8,0.0,0.7,5,322.167,-0.587,-330.649
1706.6,69.06,58.8,0.0,0.5,5,320.936,-0.603,-333.119
1706.6,69.24,58.9,0.0,0.3,5,319.079,-0.626,-336.828
1720.4,69.35,58.9,0.0,0.3,5,317.834,-0.642,-339.305
1720.4,69.53,59.0,0.0,0.3,5,315.958,-0.665,-343.024
1720.4,69.64,59.0,0.0,0.2,5,314.702,-0.681,-345.508
1720.4,69.82,59.0,0.0,0.1,5,312.810,-0.704,-349.239
1734.3,69.93,59.1,0.0,0.2,5,311.544,-0.720,-351.731
1734.3,70.10,59.1,0.0,0.2,5,309.640,-0.744,-355.475
1734.3,70.21,59.1,0.0,0.2,5,308.366,-0.760,-357.975
1734.3,70.38,59.2,0.0,0.2,5,306.450,-0.786,-361.732
1748.4,70.50,59.2,0.0,0.2,5,305.168,-0.803,-364.241
1748.4,70.66,59.2,0.0,0.2,5,303.240,-0.831,-368.011
1748.4,70.83,59.2,0.0,0.2,5,301.304,-0.860,-371.788
1748.4,70.94,59.2,0.0,0.2,5,300.009,-0.879,-374.310
1762.5,71.10,59.3,0.0,0.2,5,298.061,-0.909,-378.099
1762.5,71.21,59.3,0.0,0.2,5,296.758,-0.930,-380.629
1762.5,71.37,59.3,0.0,0.0,5,294.797,-0.962,-384.430
1762.5,71.48,59.3,0.0,-0.0,5,293.486,-0.983,-386.968
1776.8,71.63,59.4,0.0,-0.1,5,291.515,-1.013,-390.782
1776.8,71.74,59.4,0.0,-0.1,5,290.198,-1.033,-393.328
1776.8,71.90,59.4,0.0,0.0,5,288.219,-1.064,-397.156
1776.8,72.01,59.4,0.0,0.0,5,286.898,-1.085,-399.712
1791.1,72.16,59.4,0.0,-0.0,5,284.913,-1.119,-403.554
1791.1,72.26,59.4,0.0,0.0,5,283.587,-1.141,-406.120
1791.1,72.40,59.4,0.0,0.2,5,281.595,-1.169,-409.975
1791.1,72.51,59.3,0.0,0.1,5,280.265,-1.185,-412.550
1805.6,72.66,59.2,0.0,-0.1,5,278.265,-1.211,-416.418
1805.6,72.80,59.1,0.0,-0.2,5,276.261,-1.237,-420.294
1805.6,72.90,59.1,0.0,-0.2,5,274.923,-1.255,-422.883
1805.6,73.04,59.0,0.0,-0.2,5,272.913,-1.283,-426.772
1820.2,73.13,58.9,0.0,-0.2,5,271.573,-1.301,-429.370
1820.2,73.20,0.0,0.0,-0.1,0,269.561,-1.329,-433.273
1820.2,73.13,88.2,0.0,-0.1,6,268.222,-1.348,-435.875
1820.2,73.26,78.6,0.0,-0.1,6,266.214,-1.376,-439.780
1834.8,73.35,72.3,0.0,-0.1,6,264.875,-1.394,-442.388
1834.8,73.49,62.7,0.0,0.1,6,262.865,-1.422,-446.308
1834.8,73.58,58.2,0.0,0.1,6,261.523,-1.440,-448.925
1834.8,73.72,58.3,0.0,0.2,6,259.507,-1.467,-452.857
1849.5,73.81,58.3,0.0,0.3,6,258.161,-1.483,-455.482
1849.5,73.94,58.3,0.0,0.1,6,256.137,-1.508,-459.426
1849.5,74.08,58.4,0.0,0.1,6,254.107,-1.531,-463.375
1849.5,74.17,58.4,0.0,0.1,6,252.751,-1.548,-466.011
1864.3,74.30,58.4,0.0,0.1,6,250.712,-1.573,-469.971
1864.3,74.39,58.4,0.0,0.2,6,249.350,-1.590,-472.614
1864.3,74.52,58.4,0.0,0.3,6,247.303,-1.615,-476.584
1864.3,74.60,58.4,0.0,0.3,6,245.935,-1.632,-479.234
1879.2,74.73,58.5,0.0,0.4,6,243.876,-1.655,-483.213
1879.2,74.82,58.5,0.0,0.4,6,242.500,-1.671,-485.868
1879.2,74.94,58.5,0.0,0.4,6,240.429,-1.695,-489.855
1879.2,75.02,58.5,0.0,0.2,6,239.043,-1.710,-492.514
1894.2,75.15,58.6,0.0,0.0,6,236.957,-1.732,-496.507
1894.2,75.24,58.6,0.0,-0.0,6,235.562,-1.748,-499.172
1894.2,75.36,58.6,0.0,-0.0,6,233.465,-1.770,-503.173
1909.3,75.48,58.6,0.0,-0.1,6,231.364,-1.792,-507.181
1909.3,75.56,58.7,0.0,-0.2,6,229.960,-1.807,-509.856
1909.3,75.68,58.7,0.0,-0.3,6,227.854,-1.830,-513.874
1909.3,75.76,58.7,0.0,-0.4,6,226.448,-1.844,-516.557
1924.4,75.88,58.7,0.0,-0.5,6,224.340,-1.867,-520.588
1924.4,75.96,58.8,0.0,-0.6,6,222.935,-1.884,-523.280
1924.4,76.08,58.8,0.0,-0.8,6,220.831,-1.910,-527.327
1924.4,76.16,58.8,0.0,-0.9,6,219.431,-1.925,-530.030
1939.6,76.28,58.9,0.0,-0.9,6,217.335,-1.948,-534.094
1939.6,76.35,58.9,0.0,-0.9,6,215.942,-1.964,-536.810
1939.6,76.47,58.9,0.0,-0.9,6,213.860,-1.990,-540.894
1939.6,76.55,58.9,0.0,-1.0,6,212.476,-2.011,-543.624
1954.9,76.67,58.9,0.0,-1.2,6,210.408,-2.048,-547.729
1954.9,76.75,58.9,0.0,-1.1,6,209.036,-2.075,-550.473
1954.9,76.86,59.0,0.0,-0.9,6,206.987,-2.118,-554.600
1954.9,76.97,59.0,0.0,-0.6,6,204.949,-2.164,-558.740
1970.3,77.05,59.0,0.0,-0.6,6,203.597,-2.196,-561.507
1970.3,77.16,59.1,0.0,-0.4,6,201.577,-2.245,-565.669
1970.3,77.24,59.1,0.0,-0.5,6,200.235,-2.279,-568.449
1970.3,77.35,59.1,0.0,-0.3,6,198.227,-2.331,-572.629
1985.7,77.42,59.1,0.0,-0.2,6,196.892,-2.366,-575.421
1985.7,77.53,59.2,0.0,-0.1,6,194.891,-2.420,-579.616
1985.7,77.61,59.2,0.0,-0.1,6,193.559,-2.457,-582.418
1985.7,77.72,59.2,0.0,0.0,6,191.562,-2.511,-586.628
2001.2,77.79,59.2,0.0,0.1,6,190.230,-2.545,-589.438
2001.2,77.90,59.2,0.0,0.3,6,188.232,-2.599,-593.659
2001.2,77.97,59.3,0.0,0.4,6,186.898,-2.637,-596.476
2001.2,78.07,59.3,0.0,0.6,6,184.892,-2.693,-600.705
2016.8,78.14,59.3,0.0,0.8,6,183.552,-2.731,-603.527
2016.8,78.25,59.3,0.0,1.0,6,181.532,-2.787,-607.761
2016.8,78.34,59.3,0.0,1.1,6,179.499,-2.840,-611.996
2016.8,78.41,59.3,0.0,1.1,6,178.136,-2.875,-614.818
2032.5,78.51,59.4,0.0,1.1,6,176.076,-2.926,-619.051
2032.5,78.57,59.4,0.0,1.1,6,174.692,-2.961,-621.871
2032.5,78.66,59.4,0.0,1.2,6,172.600,-3.007,-626.098
2032.5,78.72,59.4,0.0,1.2,6,171.193,-3.033,-628.914
2048.2,78.82,59.4,0.0,1.3,6,169.067,-3.072,-633.135
2048.2,78.88,59.4,0.0,1.3,6,167.638,-3.098,-635.946
2048.2,78.97,59.4,0.0,1.2,6,165.478,-3.132,-640.160
2048.2,79.03,59.4,0.0,1.0,6,164.027,-3.153,-642.967
2064.0,79.12,59.5,0.0,1.0,6,161.833,-3.181,-647.174
2064.0,79.18,59.5,0.0,1.0,6,160.359,-3.196,-649.975
2064.0,79.26,59.5,0.0,1.0,6,158.132,-3.216,-654.174
2064.0,79.32,59.5,0.0,0.9,6,156.638,-3.227,-656.972
2079.8,79.41,59.5,0.0,0.8,6,154.381,-3.238,-661.164
2079.8,79.49,59.5,0.0,0.9,6,152.107,-3.243,-665.354
2079.8,79.54,59.5,0.0,1.1,6,150.583,-3.243,-668.146
2079.8,79.63,59.5,0.0,1.2,6,148.283,-3.242,-672.330
2095.7,79.68,59.5,0.0,1.1,6,146.740,-3.239,-675.118
2095.7,79.76,59.6,0.0,1.2,6,144.410,-3.231,-679.295
2095.7,79.81,59.6,0.0,1.2,6,142.846,-3.223,-682.077
2095.7,79.89,59.6,0.0,1.0,6,140.484,-3.208,-686.245
2111.6,79.94,59.6,0.0,0.9,6,138.900,-3.195,-689.022
2111.6,80.02,59.6,0.0,0.4,6,136.509,-3.171,-693.182
2111.6,80.07,59.6,0.0,0.1,6,134.907,-3.152,-695.954
2111.6,80.14,59.6,0.0,0.6,6,132.495,-3.119,-700.111
2127.6,80.19,59.6,0.0,0.7,6,130.880,-3.094,-702.881
2127.6,80.24,47.4,1.6,0.6,6,128.450,-3.055,-707.036
2127.6,79.78,0.0,66.9,0.5,6,126.015,-3.010,-711.179
2127.6,79.08,0.0,68.7,0.5,6,124.399,-2.977,-713.917
2143.6,77.92,0.0,74.9,0.6,6,121.995,-2.921,-717.971
2143.6,77.12,0.0,77.7,0.9,6,120.408,-2.879,-720.636
2143.6,75.93,0.0,76.2,1.5,6,118.049,-2.813,-724.578
2143.6,75.14,0.0,79.7,1.6,6,116.490,-2.766,-727.167
2158.9,73.95,0.0,77.4,1.6,6,114.168,-2.693,-730.991
2158.9,73.16,0.0,76.8,1.7,6,112.630,-2.642,-733.501
2158.9,71.98,0.0,75.7,1.6,6,110.338,-2.568,-737.205
2158.9,71.21,0.0,78.5,1.4,6,108.817,-2.520,-739.633
2173.5,70.02,0.0,76.4,0.8,6,106.547,-2.447,-743.212
2173.5,69.25,0.0,77.5,0.7,6,105.040,-2.395,-745.556
2173.5,68.09,0.0,76.9,1.0,6,102.792,-2.316,-749.011
2173.5,67.32,0.0,78.6,1.2,6,101.303,-2.265,-751.274
2187.2,66.15,0.0,75.6,1.1,6,99.086,-2.192,-754.611
2187.2,65.00,0.0,82.3,0.9,6,96.889,-2.122,-757.877
2187.2,64.20,0.0,81.4,0.9,6,95.436,-2.076,-760.015
2200.2,63.01,26.3,83.9,0.8,0,93.276,-2.009,-763.164
2200.2,62.23,0.0,83.3,0.9,5,91.850,-1.963,-765.224
2200.2,61.00,0.0,92.7,1.5,5,89.731,-1.896,-768.256
2200.2,60.12,0.0,92.7,2.0,5,88.335,-1.852,-770.237
2212.4,58.80,0.0,92.8,1.9,5,86.263,-1.789,-773.144
2212.4,57.94,0.0,92.9,1.4,5,84.897,-1.746,-775.039
2212.4,56.67,0.0,93.0,1.1,5,82.867,-1.684,-777.817
2212.4,55.55,0.0,90.7,0.5,5,80.862,-1.626,-780.520
2223.7,54.74,0.0,93.2,1.3,5,79.533,-1.586,-782.283
2223.7,53.44,36.2,93.3,2.3,0,77.562,-1.527,-784.863
2223.7,52.60,0.0,93.1,3.0,4,76.261,-1.488,-786.540
2223.7,51.37,0.0,43.0,1.1,4,74.333,-1.432,-788.992
2234.2,50.88,0.0,45.3,1.7,4,73.056,-1.395,-790.589
2234.2,50.15,0.0,52.4,3.8,4,71.138,-1.341,-792.938
2234.2,49.62,0.0,52.9,5.2,4,69.860,-1.307,-794.471
2234.2,48.88,0.0,31.5,5.8,4,67.944,-1.255,-796.721
2244.2,48.54,0.0,19.1,6.3,4,66.664,-1.220,-798.190
2244.2,48.19,0.0,9.5,6.7,4,64.728,-1.169,-800.352
2244.2,48.02,0.0,6.8,8.2,4,63.426,-1.135,-801.768
2244.2,47.79,0.0,3.4,8.9,4,61.450,-1.086,-803.856
2253.7,47.66,0.0,1.8,10.1,4,60.117,-1.053,-805.222
2253.7,47.47,0.0,1.2,8.7,4,58.090,-1.004,-807.230
2253.7,47.29,0.0,2.0,8.8,4,56.030,-0.955,-809.190
2253.7,47.17,0.0,0.9,9.0,4,54.640,-0.922,-810.469
2263.2,47.00,0.0,0.6,9.3,4,52.529,-0.875,-812.346
2263.2,46.89,0.0,0.3,10.8,4,51.104,-0.844,-813.570
2263.2,46.72,0.0,1.2,10.4,4,48.942,-0.799,-815.362
2263.2,46.60,0.0,0.2,8.1,4,47.483,-0.768,-816.525
2272.7,46.44,2.2,0.0,10.3,4,45.269,-0.721,-818.225
2272.7,46.34,2.9,0.0,8.6,4,43.777,-0.689,-819.328
2272.7,46.18,0.2,2.4,9.8,4,41.515,-0.642,-820.936
2272.7,46.06,0.0,1.0,9.8,4,39.992,-0.611,-821.978
2282.3,45.89,1.1,0.0,11.0,4,37.688,-0.562,-823.493
2282.3,45.78,2.0,0.0,12.2,4,36.137,-0.529,-824.471
2282.3,45.63,3.5,0.0,13.1,4,33.790,-0.480,-825.889
2282.3,45.53,3.7,0.0,13.3,4,32.211,-0.447,-826.800
2292.1,45.42,20.9,0.0,13.2,4,29.821,-0.396,-828.115
2292.1,45.39,30.6,0.0,13.3,4,28.213,-0.362,-828.958
2292.1,45.45,60.5,0.0,14.1,4,25.774,-0.312,-830.171
2292.1,45.56,82.2,0.0,15.1,4,24.129,-0.278,-830.948
2301.8,45.82,89.6,0.0,16.4,4,21.629,-0.228,-832.068
2301.8,46.09,88.0,0.0,18.2,4,19.087,-0.177,-833.135
2301.8,46.24,78.6,0.0,20.6,4,17.371,-0.144,-833.817
2301.8,46.42,69.6,0.0,22.8,4,14.769,-0.098,-834.794
2311.7,46.48,50.7,0.0,23.9,4,13.017,-0.068,-835.411
2311.7,46.45,31.2,0.0,24.6,4,10.367,-0.021,-836.278
2311.7,46.41,26.8,0.0,24.6,4,8.589,0.013,-836.815
2311.7,46.31,21.0,0.0,25.8,4,5.909,0.064,-837.557
2321.6,46.23,16.9,0.0,26.1,4,4.115,0.098,-838.012
2321.6,46.08,14.7,0.0,26.8,4,1.417,0.149,-838.631
2321.6,45.97,11.5,0.0,26.5,4,-0.387,0.182,-839.002
2321.6,45.73,1.6,5.3,27.5,4,-3.094,0.231,-839.494
2331.4,45.53,20.8,0.0,26.1,4,-5.799,0.278,-839.912
2331.4,45.45,22.3,0.0,26.3,4,-7.603,0.308,-840.149
2331.4,45.34,22.0,0.0,27.1,4,-10.311,0.352,-840.442
2331.4,45.26,19.1,0.0,29.2,4,-12.116,0.379,-840.596
2341.1,45.13,16.1,0.0,31.2,4,-14.823,0.419,-840.767
2341.1,44.88,11.7,0.9,33.5,4,-16.622,0.443,-840.838
2341.1,44.50,15.4,0.0,38.8,4,-19.303,0.477,-840.861
2341.1,44.41,26.8,0.0,40.8,4,-21.081,0.499,-840.836
2350.7,44.25,15.5,0.0,41.8,4,-23.740,0.528,-840.747
2350.7,44.11,11.0,0.0,40.4,4,-25.505,0.546,-840.650
2350.7,43.93,11.2,0.0,38.5,4,-28.139,0.570,-840.446
2350.7,43.82,12.2,0.0,36.3,4,-29.885,0.584,-840.271
2360.0,43.66,13.0,0.0,32.5,4,-32.490,0.603,-839.951
2360.0,43.56,12.8,0.0,30.3,4,-34.216,0.615,-839.698
2360.0,43.40,13.3,0.0,27.9,4,-36.787,0.633,-839.257
2369.0,43.26,15.4,0.0,26.4,0,-39.336,0.650,-838.743
2369.0,43.16,35.2,0.0,25.7,0,-41.022,0.661,-838.360
2369.0,43.11,42.7,0.0,24.8,3,-43.530,0.676,-837.728
2369.0,43.18,57.9,0.0,24.5,3,-45.193,0.686,-837.268
2378.1,43.33,57.2,0.0,24.6,3,-47.678,0.698,-836.523
2378.1,43.43,62.2,0.0,24.8,3,-49.329,0.704,-835.989
2378.1,43.63,70.5,0.0,24.2,3,-51.796,0.714,-835.132
2378.1,43.79,77.2,0.0,23.7,3,-53.434,0.720,-834.523
2387.2,44.07,83.6,0.0,23.2,3,-55.884,0.729,-833.554
2387.2,44.27,87.8,0.0,22.7,3,-57.512,0.733,-832.870
2387.2,44.59,89.7,0.0,21.9,3,-59.948,0.737,-831.789
2387.2,44.92,88.6,0.0,20.6,3,-62.375,0.738,-830.640
2396.3,45.12,87.6,0.0,19.9,3,-63.984,0.738,-829.834
2396.3,45.43,86.3,0.0,19.4,3,-66.386,0.737,-828.566
2396.3,45.62,85.6,0.0,19.5,3,-67.977,0.736,-827.682
2396.3,45.91,84.8,0.0,20.2,3,-70.348,0.732,-826.297
2405.6,46.12,88.9,0.0,21.0,3,-71.917,0.727,-825.336
2405.6,46.42,81.8,0.0,22.4,3,-74.254,0.720,-823.838
2405.6,46.59,79.0,0.0,23.4,3,-75.798,0.714,-822.801
2405.6,46.83,72.7,0.0,24.5,3,-78.092,0.703,-821.192
2414.8,46.96,67.2,0.0,25.5,3,-79.605,0.695,-820.083
2414.8,47.13,65.6,0.0,27.2,3,-81.848,0.682,-818.370
2414.8,47.24,64.4,0.0,28.0,3,-83.323,0.672,-817.193
2414.8,47.38,56.0,0.0,29.5,3,-85.505,0.657,-815.378
2424.1,47.43,49.7,0.0,30.8,3,-86.938,0.646,-814.137
2424.1,47.47,42.9,0.0,32.7,3,-89.052,0.626,-812.229
2424.1,47.48,35.3,0.0,35.6,3,-91.119,0.605,-810.269
2424.1,47.45,29.9,0.0,39.7,3,-92.469,0.590,-808.934
2433.4,47.34,19.2,0.0,46.4,3,-94.451,0.565,-806.894
2433.4,47.23,14.8,0.0,51.6,3,-95.739,0.548,-805.509
2433.4,47.04,11.3,0.0,59.4,3,-97.621,0.523,-803.397
2433.4,46.89,11.1,0.0,64.3,3,-98.840,0.506,-801.968
2442.4,46.67,11.0,0.0,62.1,3,-100.616,0.478,-799.795
2442.4,46.51,11.0,0.0,63.3,3,-101.765,0.459,-798.327
2442.4,46.29,10.8,0.0,61.0,3,-103.432,0.429,-796.097
2442.4,46.15,10.8,0.0,62.2,3,-104.508,0.408,-794.593
2451.3,45.94,10.7,0.0,59.5,3,-106.068,0.374,-792.313
2451.3,45.79,10.6,0.0,58.0,3,-107.072,0.349,-790.777
2451.3,45.59,10.5,0.0,54.4,3,-108.524,0.309,-788.452
2451.3,45.41,10.5,0.0,49.8,3,-109.913,0.266,-786.102
2460.2,45.27,10.5,0.0,44.3,3,-110.805,0.234,-784.523
2460.2,45.09,11.4,0.0,36.4,3,-112.088,0.185,-782.135
2460.2,45.01,15.9,0.0,32.2,3,-112.907,0.152,-780.530
2460.2,44.91,27.6,0.0,20.8,3,-114.084,0.097,-778.104
2469.2,44.93,52.3,0.0,13.3,3,-114.836,0.057,-776.473
2469.2,45.17,85.7,0.0,2.3,3,-115.912,-0.002,-773.996
2469.2,45.41,88.7,0.0,-5.7,3,-116.604,-0.044,-772.323
2469.2,45.80,89.8,0.0,-12.9,3,-117.617,-0.112,-769.784
2478.2,46.21,89.8,0.0,-14.6,3,-118.615,-0.185,-767.212
2478.2,46.46,89.8,0.0,-11.1,3,-119.288,-0.236,-765.486
2478.2,46.85,89.8,0.0,-5.3,3,-120.333,-0.314,-762.891
2478.2,47.10,89.8,0.0,-2.8,3,-121.059,-0.366,-761.159
2487.6,47.48,89.8,0.0,-1.4,3,-122.191,-0.446,-758.560
2487.6,47.73,89.8,0.0,-1.6,3,-122.975,-0.501,-756.826
2487.6,48.11,89.8,0.0,-3.2,3,-124.189,-0.585,-754.221
2487.6,48.37,89.8,0.0,-3.8,3,-125.020,-0.643,-752.482
2497.3,48.75,89.9,0.0,-2.8,3,-126.299,-0.731,-749.866
2497.3,49.00,89.9,0.0,-2.1,3,-127.170,-0.790,-748.117
2497.3,49.38,89.9,0.0,-1.4,3,-128.502,-0.881,-745.486
2497.3,49.63,89.9,0.0,-1.2,3,-129.406,-0.943,-743.726
2507.2,50.01,89.9,0.0,-1.5,3,-130.782,-1.037,-741.075
2507.2,50.37,89.9,0.0,-1.9,3,-132.182,-1.133,-738.411
2507.2,50.62,89.9,0.0,-1.6,3,-133.129,-1.199,-736.629
2517.5,50.98,90.0,0.0,-1.7,3,-134.567,-1.301,-733.944
2517.5,51.22,90.0,0.0,-2.5,3,-135.539,-1.372,-732.148
2517.5,51.58,90.1,0.0,-2.9,3,-137.017,-1.483,-729.444
2517.5,51.81,90.0,0.0,-2.9,3,-138.018,-1.560,-727.637
2527.9,51.91,0.0,0.0,-2.6,0,-139.542,-1.678,-724.923
2527.9,52.04,89.8,0.0,-2.4,4,-140.569,-1.760,-723.120
2527.9,52.37,89.8,0.0,-2.2,4,-142.135,-1.886,-720.410
2527.9,52.59,89.8,0.0,-2.3,4,-143.195,-1.972,-718.601
2538.4,52.92,85.8,0.0,-2.6,4,-144.809,-2.101,-715.882
2538.4,53.14,79.3,0.0,-2.6,4,-145.903,-2.189,-714.067
2538.4,53.47,69.5,0.0,-2.7,4,-147.567,-2.321,-711.340
2538.4,53.69,63.0,0.0,-2.6,4,-148.694,-2.409,-709.519
2549.1,54.02,57.3,0.0,-2.5,4,-150.409,-2.541,-706.785
2549.1,54.34,57.5,0.0,-2.4,4,-152.155,-2.673,-704.046
2549.1,54.56,57.6,0.0,-2.4,4,-153.335,-2.759,-702.218
2549.1,54.88,57.8,0.0,-2.6,4,-155.129,-2.888,-699.472
2560.1,55.09,57.8,0.0,-2.8,4,-156.340,-2.973,-697.639
2560.1,55.41,57.9,0.0,-3.1,4,-158.182,-3.099,-694.886
2560.1,55.62,58.0,0.0,-3.4,4,-159.427,-3.180,-693.050
2560.1,55.92,58.1,0.0,-3.8,4,-161.321,-3.297,-690.295
2571.2,56.12,58.2,0.0,-4.0,4,-162.604,-3.370,-688.459
2571.2,56.42,58.2,0.0,-4.2,4,-164.558,-3.471,-685.709
2571.2,56.62,58.3,0.0,-4.2,4,-165.883,-3.533,-683.879
2571.2,56.91,58.4,0.0,-4.0,4,-167.903,-3.617,-681.139
2582.6,57.10,58.5,0.0,-3.9,4,-169.272,-3.666,-679.317
2582.6,57.39,58.5,0.0,-3.5,4,-171.358,-3.734,-676.590
2582.6,57.67,58.6,0.0,-2.8,4,-173.483,-3.793,-673.872
2582.6,57.86,58.7,0.0,-2.4,4,-174.920,-3.826,-672.063
2594.2,58.14,58.8,0.0,-1.9,4,-177.104,-3.869,-669.354
2594.2,58.32,58.9,0.0,-1.5,4,-178.576,-3.893,-667.550
2594.2,58.60,58.9,0.0,-0.9,4,-180.806,-3.923,-664.844
2594.2,58.78,59.0,0.0,-0.4,4,-182.306,-3.941,-663.038
2605.9,59.06,59.0,0.0,0.1,4,-184.571,-3.965,-660.324
2605.9,59.24,59.0,0.0,0.4,4,-186.090,-3.980,-658.511
2605.9,59.51,59.1,0.0,0.7,4,-188.379,-4.000,-655.781
2605.9,59.69,59.1,0.0,0.8,4,-189.910,-4.011,-653.954
2617.8,59.95,59.2,0.0,0.8,4,-192.211,-4.026,-651.201
2617.8,60.13,59.2,0.0,0.9,4,-193.748,-4.034,-649.356
2617.8,60.38,59.2,0.0,0.6,4,-196.057,-4.044,-646.574
2617.8,60.55,59.2,0.0,0.5,4,-197.598,-4.048,-644.711
2629.9,60.80,59.1,0.0,0.5,4,-199.913,-4.051,-641.902
2629.9,60.97,58.9,0.0,0.4,4,-201.459,-4.052,-640.020
2629.9,61.21,58.7,0.0,-0.2,4,-203.782,-4.049,-637.185
2629.9,61.35,0.0,0.0,-0.5,0,-206.110,-4.042,-634.337
2642.1,61.31,87.8,0.0,-0.4,5,-207.663,-4.033,-632.438
2642.1,61.53,77.7,0.0,-0.3,5,-209.997,-4.015,-629.587
2642.1,61.68,71.0,0.0,-0.2,5,-211.559,-4.000,-627.681
2642.1,61.90,61.0,0.0,-0.4,5,-213.911,-3.977,-624.816
2654.3,62.05,56.3,0.0,-0.6,5,-215.485,-3.961,-622.902
2654.3,62.26,56.4,0.0,-1.1,5,-217.857,-3.938,-620.026
2654.3,62.40,56.4,0.0,-1.5,5,-219.446,-3.923,-618.105
2654.3,62.62,56.5,0.0,-1.6,5,-221.843,-3.901,-615.220
2666.8,62.76,56.6,0.0,-1.4,5,-223.451,-3.888,-613.297
2666.8,62.97,56.7,0.0,-1.2,5,-225.879,-3.873,-610.410
2666.8,63.11,56.8,0.0,-1.1,5,-227.508,-3.867,-608.486
2666.8,63.32,56.8,0.0,-1.1,5,-229.966,-3.862,-605.598
2679.4,63.53,57.0,0.0,-0.7,5,-232.443,-3.862,-602.709
2679.4,63.67,57.0,0.0,-0.6,5,-234.103,-3.866,-600.781
2679.4,63.63,15.3,43.1,-0.4,5,-236.603,-3.875,-597.889
2679.4,63.17,0.0,60.7,-0.4,5,-238.266,-3.884,-595.972
2692.1,62.20,0.0,77.5,0.4,5,-240.736,-3.903,-593.131
2692.1,61.46,0.0,82.2,0.7,5,-242.361,-3.919,-591.264
2692.1,60.29,0.0,84.2,1.0,5,-244.762,-3.945,-588.508
2692.1,59.50,0.0,85.1,0.6,5,-246.336,-3.964,-586.700
2704.4,58.31,0.0,85.5,0.4,5,-248.656,-3.997,-584.031
2704.4,57.51,0.0,84.9,0.1,5,-250.176,-4.021,-582.281
2704.4,56.32,0.0,84.8,-0.0,5,-252.413,-4.059,-579.698
2704.4,55.54,0.0,85.1,-0.1,5,-253.877,-4.085,-578.005
2715.8,54.36,0.0,84.8,0.1,5,-256.033,-4.125,-575.508
2715.8,53.57,0.0,84.7,0.2,0,-257.444,-4.153,-573.873
2715.8,52.42,0.0,85.4,0.2,4,-259.521,-4.194,-571.462
2726.5,51.24,0.0,85.0,-0.1,4,-261.552,-4.234,-569.105
2726.5,50.47,0.0,85.0,-0.4,4,-262.881,-4.260,-567.562
2726.5,49.31,0.0,84.6,-0.6,4,-264.836,-4.300,-565.293
2726.5,48.54,0.0,84.2,-0.9,4,-266.115,-4.326,-563.810
2736.3,47.39,0.0,84.5,-0.9,4,-267.998,-4.365,-561.631
2736.3,46.62,0.0,84.3,-1.2,4,-269.229,-4.390,-560.209
2736.3,45.48,0.0,84.5,-1.5,0,-271.043,-4.427,-558.122
2736.3,44.73,30.7,85.2,-1.6,0,-272.231,-4.451,-556.763
2745.4,43.59,0.0,85.4,-1.9,3,-273.982,-4.486,-554.771
2745.4,42.83,0.0,85.3,-1.7,3,-275.129,-4.508,-553.476
2745.4,41.31,0.0,85.2,-2.1,3,-277.376,-4.551,-550.967
2745.4,40.56,0.0,85.4,-2.4,3,-278.477,-4.572,-549.754
2753.8,39.43,0.0,85.0,-2.0,3,-280.101,-4.603,-547.985
2753.8,38.68,0.0,85.2,-1.6,3,-281.167,-4.624,-546.841
2753.8,37.57,41.6,84.1,-0.7,0,-282.740,-4.652,-545.179
2753.8,36.85,0.0,82.6,-0.2,2,-283.774,-4.670,-544.106
2761.4,35.80,0.0,75.5,-0.2,2,-285.304,-4.696,-542.551
2761.4,35.13,0.0,70.9,-0.1,2,-286.309,-4.712,-541.549
2761.4,34.17,0.0,67.6,0.6,2,-287.801,-4.737,-540.099
2761.4,33.56,0.0,66.5,1.0,2,-288.785,-4.753,-539.166
2768.3,32.65,0.0,64.8,0.3,2,-290.247,-4.776,-537.819
2768.3,32.05,0.0,65.3,-0.6,2,-291.212,-4.791,-536.955
2768.3,31.16,0.0,65.6,-2.0,2,-292.645,-4.812,-535.711
2768.3,30.29,36.9,65.4,-3.2,0,-294.062,-4.833,-534.529
2774.5,29.74,0.0,63.7,-2.9,1,-294.998,-4.846,-533.775
2774.5,28.90,0.0,57.2,-5.6,1,-296.387,-4.864,-532.695
2774.5,28.36,0.0,52.9,-3.6,1,-297.305,-4.876,-532.009
2774.5,27.60,0.0,48.3,-0.1,1,-298.670,-4.892,-531.029
2780.1,27.12,0.0,44.0,-4.3,1,-299.571,-4.902,-530.406
2780.1,26.58,0.0,14.9,-11.9,1,-300.916,-4.916,-529.522
2780.1,26.37,0.0,19.1,-16.6,1,-301.816,-4.925,-528.963
2780.1,25.99,0.0,25.4,-14.6,1,-303.173,-4.936,-528.169
2785.2,25.72,0.0,25.4,-13.1,1,-304.077,-4.943,-527.666
2785.2,25.30,0.0,24.6,-11.2,1,-305.429,-4.953,-526.947
2785.2,25.04,0.0,23.0,-10.5,1,-306.327,-4.959,-526.490
2785.2,24.66,0.0,24.4,-11.0,1,-307.667,-4.967,-525.835
2790.2,24.28,0.0,18.5,-13.2,1,-308.999,-4.974,-525.216
2790.2,24.07,0.0,13.9,-15.1,1,-309.883,-4.978,-524.824
2790.2,23.82,0.0,12.5,-20.0,1,-311.207,-4.981,-524.266
2790.2,23.65,0.0,11.2,-23.6,1,-312.091,-4.983,-523.917
2795.6,23.41,0.0,8.1,-26.5,1,-313.416,-4.985,-523.430
2795.6,23.26,0.0,9.9,-26.5,1,-314.302,-4.985,-523.133
2795.6,23.02,0.0,7.9,-26.8,1,-315.631,-4.983,-522.731
2795.6,22.88,0.0,8.4,-27.3,1,-316.518,-4.981,-522.492
2801.4,22.65,0.0,10.0,-31.1,1,-317.848,-4.976,-522.179
2801.4,22.49,0.0,4.8,-33.1,1,-318.733,-4.971,-522.002
2801.4,22.35,20.1,0.0,-33.5,1,-320.060,-4.961,-521.784
2801.4,22.42,41.8,0.0,-33.4,1,-320.947,-4.955,-521.669
2807.1,22.67,59.4,0.0,-31.8,1,-322.291,-4.944,-521.538
2807.1,22.87,72.3,0.0,-30.2,1,-323.199,-4.939,-521.474
2807.1,23.15,37.3,0.0,-28.3,1,-324.577,-4.937,-521.409
2812.6,23.20,1.6,14.4,-21.1,1,-325.970,-4.940,-521.388
2812.6,23.03,0.0,15.5,-21.6,1,-326.896,-4.944,-521.402
2812.6,22.65,0.0,6.7,-23.0,1,-328.266,-4.947,-521.473
2812.6,22.47,0.0,0.9,-23.7,1,-329.164,-4.942,-521.559
2817.8,22.31,2.7,0.0,-24.9,1,-330.495,-4.932,-521.741
2817.8,22.23,5.2,0.0,-25.6,1,-331.372,-4.925,-521.895
2817.8,22.17,22.0,0.0,-30.0,1,-332.675,-4.916,-522.169
2817.8,22.24,39.7,0.0,-32.1,1,-333.537,-4.911,-522.381
2822.5,22.47,57.2,0.0,-33.5,1,-334.828,-4.902,-522.742
2822.5,22.69,65.2,0.0,-33.9,1,-335.690,-4.895,-523.011
2822.5,23.09,82.0,0.0,-34.0,1,-336.987,-4.882,-523.456
2822.5,23.42,86.8,0.0,-32.8,1,-337.858,-4.873,-523.781
2827.3,23.83,68.6,0.0,-28.6,1,-339.171,-4.857,-524.314
2827.3,24.08,58.4,0.0,-25.0,1,-340.047,-4.845,-524.700
2827.3,24.43,70.9,0.0,-21.9,1,-341.359,-4.827,-525.327
2827.3,24.81,59.9,0.0,-18.5,1,-342.668,-4.807,-526.010
2842.8,28.35,36.8,0.0,12.2,1,-352.392,-4.648,-532.435
2842.8,28.42,22.1,0.0,13.2,1,-353.330,-4.633,-533.076
2842.8,28.46,22.1,0.0,9.9,1,-354.753,-4.612,-534.017
2842.8,28.53,29.0,0.0,9.7,1,-355.712,-4.599,-534.633
2848.4,28.68,35.3,0.0,10.9,1,-357.168,-4.580,-535.539
2848.4,28.80,36.9,0.0,15.1,1,-358.153,-4.568,-536.132
2848.4,28.95,32.4,0.0,20.6,1,-359.652,-4.551,-536.999
2848.4,29.02,26.3,0.0,23.2,1,-360.668,-4.541,-537.559
2854.4,29.02,11.8,0.0,25.4,1,-362.212,-4.527,-538.364
2854.4,28.99,15.7,0.0,25.5,1,-363.779,-4.515,-539.119
2854.4,28.95,9.8,0.0,25.3,1,-364.836,-4.509,-539.594
2854.4,28.84,3.6,0.0,26.1,1,-366.437,-4.500,-540.260
2860.5,28.76,7.8,0.0,27.1,1,-367.513,-4.495,-540.672
2860.5,28.66,6.4,0.0,28.3,1,-369.140,-4.488,-541.239
2860.5,28.57,3.8,0.0,28.6,1,-370.231,-4.485,-541.584
2860.5,28.48,21.0,0.0,30.4,1,-371.876,-4.483,-542.054
2866.9,28.54,43.1,0.0,32.1,1,-372.981,-4.483,-542.336
2866.9,28.84,64.2,0.0,33.6,1,-374.658,-4.487,-542.717
2866.9,29.07,86.4,0.0,33.1,1,-375.793,-4.489,-542.943
2866.9,29.41,60.7,0.0,29.6,1,-377.524,-4.492,-543.238
2873.4,29.67,87.2,0.0,27.9,1,-378.694,-4.491,-543.400
2873.4,29.94,37.2,0.0,16.9,1,-380.471,-4.488,-543.597
2873.4,30.02,67.6,0.0,15.7,1,-381.665,-4.489,-543.697
2873.4,30.19,24.5,0.0,10.5,1,-383.470,-4.493,-543.801
2881.2,30.26,47.0,0.0,10.8,1,-384.678,-4.497,-543.836
2881.2,30.30,11.6,0.0,3.3,1,-386.495,-4.505,-543.836
2881.2,30.22,22.7,0.0,4.9,1,-388.309,-4.510,-543.764
2881.2,30.23,35.9,0.0,6.9,1,-389.515,-4.511,-543.675
2888.1,30.45,58.6,0.0,11.3,1,-391.324,-4.514,-543.484
2888.1,30.68,68.3,0.0,15.2,1,-392.535,-4.515,-543.320
2888.1,31.10,72.3,0.0,20.7,1,-394.363,-4.518,-543.023
2888.1,31.41,77.7,0.0,24.1,1,-395.590,-4.520,-542.790
2895.5,31.84,68.4,0.0,28.2,1,-397.444,-4.521,-542.389
2895.5,32.08,66.7,0.0,29.9,1,-398.686,-4.522,-542.087
2895.5,32.43,70.5,0.0,30.8,1,-400.554,-4.524,-541.583
2895.5,32.68,68.3,0.0,30.3,1,-401.802,-4.527,-541.214
2901.9,33.00,59.4,0.0,28.9,1,-403.678,-4.535,-540.610
2901.9,33.18,56.7,0.0,27.8,1,-404.927,-4.542,-540.174
2901.9,33.42,54.0,0.0,26.3,1,-406.795,-4.555,-539.467
2901.9,33.63,52.9,0.0,25.2,1,-408.652,-4.571,-538.698
2908.3,33.76,52.4,0.0,24.4,1,-409.884,-4.584,-538.149
2908.3,33.96,50.8,0.0,23.8,1,-411.717,-4.606,-537.276
2908.3,34.09,52.5,0.0,23.7,1,-412.930,-4.622,-536.660
2908.3,34.32,65.4,0.0,24.1,0,-414.735,-4.649,-535.685
2914.7,34.29,0.0,0.0,24.9,0,-415.926,-4.668,-535.002
2914.7,34.34,51.8,0.0,26.8,2,-417.681,-4.697,-533.931
2914.7,34.50,59.4,0.0,28.2,2,-418.836,-4.717,-533.183
2914.7,34.70,46.7,0.0,31.0,2,-420.551,-4.746,-532.014
2921.3,34.80,47.6,0.0,32.2,2,-421.681,-4.765,-531.204
2921.3,34.99,52.6,0.0,32.4,2,-423.354,-4.794,-529.946
2921.3,35.14,57.7,0.0,31.7,2,-424.455,-4.812,-529.078
2921.3,35.42,69.2,0.0,28.7,2,-426.085,-4.838,-527.730
2928.1,35.67,80.7,0.0,26.1,2,-427.159,-4.853,-526.799
2928.1,36.11,89.7,0.0,22.2,2,-428.754,-4.875,-525.354
2928.1,36.53,80.6,0.0,14.7,2,-430.327,-4.897,-523.849
2928.1,36.79,76.6,0.0,10.1,2,-431.364,-4.912,-522.812
2935.2,37.18,66.0,0.0,2.9,2,-432.897,-4.932,-521.210
2935.2,37.43,85.1,0.0,-0.8,2,-433.904,-4.944,-520.110
2935.2,37.86,89.8,0.0,-4.2,2,-435.395,-4.962,-518.415
2935.2,38.17,87.3,0.0,-4.3,2,-436.381,-4.974,-517.259
2942.6,38.64,89.7,0.0,-1.5,2,-437.849,-4.993,-515.484
2942.6,38.97,89.8,0.0,1.8,2,-438.822,-5.004,-514.275
2942.6,39.46,89.8,0.0,6.1,2,-440.275,-5.019,-512.425
2942.6,39.75,89.8,0.0,8.3,2,-441.239,-5.031,-511.168
2950.2,40.22,89.9,0.0,9.1,2,-442.679,-5.050,-509.249
2950.2,40.50,89.9,0.0,8.2,2,-443.629,-5.061,-507.945
2950.2,40.93,90.0,0.0,6.3,0,-445.037,-5.075,-505.949
2950.2,40.93,0.0,0.0,5.4,0,-445.958,-5.081,-504.594
2974.3,43.62,89.7,0.0,6.5,3,-455.511,-5.131,-487.721
2974.3,44.00,89.7,0.0,6.8,3,-456.609,-5.142,-485.334
2974.3,44.22,89.7,0.0,8.5,3,-457.314,-5.148,-483.717
2982.9,44.59,89.7,0.0,11.1,3,-458.335,-5.160,-481.257
2982.9,44.96,89.7,0.0,13.3,3,-459.312,-5.177,-478.756
2982.9,45.20,89.7,0.0,14.5,3,-459.939,-5.189,-477.065
2982.9,45.55,89.7,0.0,15.4,3,-460.841,-5.211,-474.497
2991.6,45.79,89.7,0.0,15.3,3,-461.416,-5.228,-472.764
2991.6,46.14,89.8,0.0,14.2,3,-462.236,-5.257,-470.132
2991.6,46.36,89.8,0.0,13.8,3,-462.753,-5.277,-468.356
2991.6,46.70,89.8,0.0,13.0,3,-463.483,-5.310,-465.662
3000.6,46.92,89.8,0.0,12.7,3,-463.938,-5.333,-463.846
3019.4,49.50,89.9,0.0,16.1,3,-467.249,-5.650,-440.980
3019.4,49.81,89.9,0.0,16.5,3,-467.373,-5.689,-438.004
3019.4,50.01,89.9,0.0,16.8,3,-467.419,-5.715,-436.009
3029.2,50.31,89.9,0.0,16.9,3,-467.433,-5.754,-433.000
3029.2,50.50,90.0,0.0,16.8,3,-467.403,-5.780,-430.985
3029.2,50.79,90.0,0.0,16.0,3,-467.299,-5.817,-427.949
3029.2,50.97,90.1,0.0,15.5,3,-467.188,-5.840,-425.917
3039.5,51.24,89.9,0.0,14.4,0,-466.959,-5.874,-422.860
3039.5,51.18,0.0,0.0,13.3,0,-466.763,-5.895,-420.820
3039.5,51.30,87.7,0.0,11.9,4,-466.404,-5.922,-417.770
3039.5,51.48,89.8,0.0,11.3,4,-466.121,-5.938,-415.734
3050.4,51.74,89.8,0.0,11.2,4,-465.635,-5.959,-412.677
3050.4,51.92,89.8,0.0,11.7,4,-465.270,-5.973,-410.636
3050.4,52.20,89.8,0.0,13.2,4,-464.666,-5.993,-407.573
3061.5,52.45,89.8,0.0,14.9,4,-464.001,-6.020,-404.505
3061.5,52.64,89.8,0.0,14.8,4,-463.524,-6.042,-402.458
3061.5,52.89,85.2,0.0,13.6,4,-462.751,-6.077,-399.388
3061.5,53.07,78.7,0.0,12.6,4,-462.194,-6.100,-397.344
3072.5,53.32,68.9,0.0,11.6,4,-461.295,-6.130,-394.283
3072.5,53.49,62.4,0.0,11.3,4,-460.651,-6.146,-392.246
3072.5,53.75,57.3,0.0,11.4,4,-459.624,-6.166,-389.198
3072.5,53.93,57.4,0.0,11.6,4,-458.900,-6.179,-387.170
3083.4,54.21,57.5,0.0,11.3,4,-457.760,-6.199,-384.134
3083.4,54.39,57.6,0.0,10.9,4,-456.964,-6.211,-382.114
3083.4,54.66,57.7,0.0,9.8,4,-455.717,-6.230,-379.090
3083.4,54.84,57.8,0.0,8.9,4,-454.850,-6.240,-377.079
3116.2,57.02,58.4,0.0,6.4,4,-442.478,-6.335,-353.274
3116.2,57.20,58.5,0.0,6.3,4,-441.294,-6.341,-351.321
3116.2,57.46,58.6,0.0,6.6,4,-439.476,-6.348,-348.402
3116.2,57.63,58.7,0.0,6.5,4,-438.236,-6.353,-346.463
3127.6,57.89,58.7,0.0,6.0,4,-436.335,-6.361,-343.566
3127.6,58.07,58.8,0.0,5.7,4,-435.039,-6.365,-341.642
3127.6,58.34,58.8,0.0,4.6,4,-433.057,-6.374,-338.768
3127.6,58.50,58.9,0.0,4.0,4,-431.708,-6.377,-336.860
3139.2,58.75,59.0,0.0,3.1,4,-429.646,-6.378,-334.011
3139.2,59.03,59.0,0.0,2.2,4,-427.543,-6.375,-331.172
3139.2,59.17,59.1,0.0,1.9,4,-426.119,-6.368,-329.285
3139.2,59.43,59.1,0.0,1.6,4,-423.957,-6.356,-326.460
3151.1,59.61,59.1,0.0,1.2,4,-422.501,-6.348,-324.576
3151.1,59.87,59.2,0.0,0.7,4,-420.298,-6.337,-321.750
3151.1,60.05,59.2,0.0,0.3,4,-418.819,-6.332,-319.863
3151.1,60.27,58.6,0.0,0.1,4,-416.586,-6.317,-317.028
3163.1,60.47,59.2,0.0,-0.4,4,-415.090,-6.308,-315.132
3163.1,60.72,59.1,0.0,-0.8,4,-412.838,-6.294,-312.278
3163.1,60.89,59.0,0.0,-1.0,4,-411.333,-6.284,-310.369
3163.1,61.12,58.8,0.0,-1.0,4,-409.070,-6.269,-307.492
3175.3,61.28,58.7,0.0,-0.9,4,-407.561,-6.259,-305.565
3175.3,61.43,0.0,0.0,-0.8,0,-405.296,-6.244,-302.661
3175.3,61.39,87.8,0.0,-0.7,5,-403.791,-6.233,-300.720
3175.3,61.60,77.7,0.0,-0.7,5,-401.538,-6.215,-297.799
3187.6,61.82,67.7,0.0,-0.6,5,-399.284,-6.196,-294.862
3187.6,61.97,61.0,0.0,-0.6,5,-397.781,-6.184,-292.895
3187.6,62.18,56.3,0.0,-0.6,5,-395.526,-6.164,-289.931
3187.6,62.32,56.4,0.0,-0.7,5,-394.022,-6.151,-287.947
3199.9,62.54,56.5,0.0,-0.6,5,-391.765,-6.130,-284.959
3199.9,62.68,56.6,0.0,-0.5,5,-390.259,-6.116,-282.958
3199.9,62.89,56.7,0.0,-0.4,5,-387.999,-6.096,-279.945
3199.9,63.03,56.7,0.0,-0.3,5,-386.491,-6.082,-277.928
3212.5,63.24,56.9,0.0,-0.3,5,-384.225,-6.059,-274.892
3212.5,63.38,57.0,0.0,-0.3,5,-382.713,-6.042,-272.862
3212.5,63.59,57.0,0.0,-0.2,5,-380.443,-6.016,-269.804
3212.5,63.72,57.1,0.0,-0.2,5,-378.927,-5.998,-267.759
3225.2,63.93,57.2,0.0,-0.2,5,-376.649,-5.971,-264.681
3225.2,64.07,57.3,0.0,-0.2,5,-375.128,-5.953,-262.622
3225.2,64.27,57.3,0.0,-0.1,5,-372.841,-5.927,-259.525
3238.0,64.47,57.4,0.0,0.0,5,-370.549,-5.898,-256.417
3238.0,64.61,57.5,0.0,0.1,5,-369.018,-5.876,-254.339
3238.0,64.81,57.6,0.0,0.2,5,-366.716,-5.842,-251.213
3238.0,64.94,57.7,0.0,0.3,5,-365.177,-5.818,-249.124
3251.0,65.14,57.8,0.0,0.4,5,-362.862,-5.782,-245.984
3251.0,65.27,57.8,0.0,0.3,5,-361.313,-5.756,-243.886
3251.0,65.47,57.9,0.0,0.3,5,-358.982,-5.715,-240.733
3251.0,65.60,58.0,0.0,0.3,5,-357.422,-5.686,-238.627
3264.1,65.79,58.0,0.0,0.3,5,-355.073,-5.641,-235.462
3264.1,65.92,58.0,0.0,0.2,5,-353.501,-5.612,-233.349
3264.1,66.11,58.1,0.0,0.1,5,-351.134,-5.568,-230.174
3264.1,66.24,58.1,0.0,0.1,5,-349.550,-5.541,-228.053
3277.3,66.44,58.1,0.0,0.2,5,-347.166,-5.506,-224.866
3277.3,66.56,58.2,0.0,0.1,5,-345.572,-5.482,-222.738
3277.3,66.74,58.2,0.0,0.1,5,-343.173,-5.443,-219.539
3277.3,66.93,58.3,0.0,0.1,5,-340.766,-5.401,-216.332
3290.7,67.05,58.3,0.0,0.1,5,-339.157,-5.371,-214.191
3290.7,67.23,58.4,0.0,0.1,5,-336.736,-5.326,-210.971
3290.7,67.35,58.4,0.0,0.1,5,-335.118,-5.295,-208.821
3290.7,67.53,58.4,0.0,-0.0,5,-332.685,-5.248,-205.588
3304.1,67.65,58.4,0.0,-0.1,5,-331.060,-5.217,-203.428
3304.1,67.84,58.5,0.0,-0.2,5,-328.615,-5.169,-200.181
3304.1,67.95,58.5,0.0,-0.2,5,-326.983,-5.136,-198.011
3304.1,68.13,58.5,0.0,-0.2,5,-324.529,-5.083,-194.750
3317.7,68.24,58.6,0.0,-0.1,5,-322.890,-5.047,-192.571
3317.7,68.41,58.7,0.0,-0.1,5,-320.428,-4.991,-189.294
3317.7,68.53,58.7,0.0,-0.2,5,-318.785,-4.955,-187.103
3317.7,68.70,58.7,0.0,-0.4,5,-316.315,-4.900,-183.810
3331.4,68.81,58.8,0.0,-0.3,5,-314.667,-4.864,-181.610
3331.4,68.98,58.8,0.0,-0.2,5,-312.190,-4.809,-178.301
3331.4,69.15,58.8,0.0,-0.2,5,-309.710,-4.754,-174.982
3331.4,69.26,58.9,0.0,-0.2,5,-308.055,-4.718,-172.764
3345.2,69.43,58.9,0.0,-0.3,5,-305.569,-4.663,-169.428
3345.2,69.54,59.0,0.0,-0.2,5,-303.909,-4.626,-167.200
3345.2,69.70,59.0,0.0,-0.2,5,-301.417,-4.568,-163.848
3345.2,69.80,59.0,0.0,-0.2,5,-299.755,-4.529,-161.609
3359.2,69.97,59.1,0.0,-0.3,5,-297.257,-4.470,-158.241
3359.2,70.08,59.1,0.0,-0.3,5,-295.591,-4.431,-155.990
3359.2,70.24,59.1,0.0,-0.4,5,-293.089,-4.371,-152.606
3359.2,70.34,59.2,0.0,-0.3,5,-291.419,-4.331,-150.345
3373.2,70.50,59.2,0.0,-0.2,5,-288.913,-4.270,-146.944
3373.2,70.60,59.2,0.0,-0.1,5,-287.240,-4.229,-144.672
3373.2,70.76,59.2,0.0,-0.1,5,-284.729,-4.169,-141.256
3373.2,70.86,59.2,0.0,-0.1,5,-283.053,-4.129,-138.973
3387.4,71.01,59.3,0.0,-0.1,5,-280.536,-4.070,-135.542
3387.4,71.16,59.3,0.0,0.1,5,-278.015,-4.011,-132.102
3387.4,71.26,59.3,0.0,0.1,5,-276.331,-3.970,-129.805
3387.4,71.41,59.3,0.0,0.1,5,-273.801,-3.909,-126.353
3401.6,71.51,59.3,0.0,0.1,5,-272.111,-3.867,-124.049
3401.6,71.66,59.3,0.0,0.1,5,-269.571,-3.805,-120.586
3401.6,71.76,59.4,0.0,0.1,5,-267.874,-3.763,-118.274
3401.6,71.90,59.4,0.0,0.1,5,-265.324,-3.701,-114.800
3416.0,72.00,59.4,0.0,-0.1,5,-263.622,-3.660,-112.481
3416.0,72.14,59.4,0.0,-0.4,5,-261.064,-3.596,-108.995
3416.0,72.23,59.4,0.0,-0.5,5,-259.357,-3.553,-106.667
3416.0,72.37,59.4,0.0,-0.5,5,-256.794,-3.486,-103.167
3430.4,72.47,59.4,0.0,-0.4,5,-255.086,-3.441,-100.829
3430.4,72.60,59.2,0.0,-0.3,5,-252.524,-3.373,-97.311
3430.4,72.74,59.1,0.0,-0.4,5,-249.963,-3.306,-93.784
3430.4,72.82,59.0,0.0,-0.4,5,-248.256,-3.262,-91.426
3444.9,72.95,58.9,0.0,-0.3,5,-245.697,-3.197,-87.881
3444.9,73.04,58.9,0.0,-0.2,5,-243.991,-3.155,-85.512
3444.9,73.16,58.8,0.0,0.4,5,-241.431,-3.091,-81.951
3444.9,73.25,58.8,0.0,0.7,0,-239.724,-3.049,-79.573
3459.6,73.14,88.2,0.0,1.2,6,-237.161,-2.987,-76.007
3459.6,73.22,81.8,0.0,0.8,6,-235.449,-2.945,-73.633
3459.6,73.35,72.2,0.0,1.3,6,-232.871,-2.881,-70.072
3459.6,73.39,41.7,2.7,1.9,6,-231.144,-2.838,-67.699
3474.2,73.06,0.0,55.6,2.7,6,-228.543,-2.774,-64.153
3474.2,72.44,0.0,74.0,2.9,6,-226.810,-2.729,-61.814
3474.2,71.28,0.0,83.1,2.9,6,-224.224,-2.661,-58.361
3474.2,70.46,0.0,84.8,2.8,6,-222.508,-2.616,-56.102
3488.6,69.21,0.0,74.4,2.9,6,-219.947,-2.547,-52.784
3488.6,68.16,0.0,52.1,3.3,6,-217.394,-2.480,-49.550
3488.6,67.60,0.0,41.9,3.9,6,-215.689,-2.436,-47.436
3502.3,66.90,0.0,29.3,5.4,6,-213.117,-2.372,-44.327
3502.3,66.52,0.0,21.1,6.3,6,-211.390,-2.330,-42.293
3502.3,66.09,0.0,8.3,4.5,6,-208.772,-2.267,-39.298
3502.3,65.88,0.0,3.1,5.0,6,-207.007,-2.225,-37.336
3515.4,65.64,4.9,0.0,5.0,6,-204.326,-2.162,-34.442
3515.4,65.52,10.2,0.0,4.7,6,-202.516,-2.119,-32.544
3515.4,65.36,8.5,0.0,5.0,6,-199.769,-2.056,-29.738
3515.4,65.26,8.5,4.9,5.5,6,-197.917,-2.014,-27.895
3528.3,64.87,0.0,24.5,5.2,6,-195.115,-1.952,-25.174
3528.3,64.35,0.0,66.2,4.7,6,-193.236,-1.910,-23.395
3528.3,63.47,0.0,7.6,5.6,6,-190.424,-1.846,-20.793
3528.3,63.40,70.4,0.0,6.2,6,-188.539,-1.803,-19.096
3540.9,63.52,71.5,0.0,8.2,6,-185.674,-1.740,-16.590
3540.9,63.61,43.5,0.0,11.5,6,-182.761,-1.685,-14.127
3540.9,63.56,14.6,0.0,13.4,6,-180.797,-1.654,-12.512
3540.9,63.46,30.3,0.0,14.9,6,-177.817,-1.614,-10.138
3553.5,63.48,47.4,0.0,14.8,6,-175.806,-1.593,-8.589
3553.5,63.56,53.1,0.0,14.9,6,-172.748,-1.566,-6.315
3553.5,63.62,53.1,0.0,15.1,6,-170.680,-1.550,-4.834
3553.5,63.68,53.2,0.0,16.3,6,-167.531,-1.526,-2.673
3566.6,63.69,41.0,0.0,17.8,6,-165.403,-1.508,-1.273
3566.6,63.65,26.3,0.0,20.5,6,-162.171,-1.481,0.764
3566.6,63.61,38.6,0.0,21.8,6,-159.991,-1.459,2.077
3566.6,63.64,53.5,0.0,21.5,6,-156.681,-1.420,3.978
3580.0,63.69,53.5,0.0,21.7,6,-154.450,-1.393,5.204
3580.0,63.72,53.7,0.0,23.2,6,-151.071,-1.361,6.991
3580.0,63.77,42.4,0.0,24.9,6,-147.653,-1.336,8.707
3580.0,63.72,16.1,0.0,27.3,6,-145.351,-1.318,9.805
3593.4,63.54,17.4,0.0,32.0,6,-141.873,-1.287,11.378
3593.4,63.42,19.0,0.0,34.2,6,-139.539,-1.264,12.379
3593.4,63.22,16.2,0.0,36.4,6,-136.019,-1.229,13.808
3593.4,63.08,13.9,0.0,37.1,6,-133.660,-1.205,14.713
3606.9,62.85,11.5,0.0,37.5,6,-130.107,-1.168,15.997
3606.9,62.68,10.4,0.0,37.8,6,-127.729,-1.145,16.803
3606.9,62.43,8.8,0.0,39.0,6,-124.151,-1.112,17.938
3606.9,62.24,8.2,0.0,39.8,6,-121.759,-1.091,18.643
3619.7,61.96,8.2,0.0,41.3,6,-118.163,-1.058,19.622
3619.7,61.69,28.9,0.0,43.7,0,-114.561,-1.026,20.509
3619.7,61.48,4.8,0.0,43.7,5,-112.158,-1.006,21.051
3619.7,61.19,8.8,0.0,43.3,5,-108.552,-0.973,21.787
3631.8,61.00,8.7,0.0,43.9,5,-106.148,-0.950,22.226
3631.8,60.74,8.7,0.0,44.0,5,-102.542,-0.915,22.810
3631.8,60.56,8.7,0.0,43.5,5,-100.140,-0.892,23.151
3631.8,60.28,8.6,0.0,42.8,5,-96.541,-0.856,23.587
3643.7,60.10,8.6,0.0,42.1,5,-94.146,-0.830,23.826
3643.7,59.83,8.6,0.0,40.6,5,-90.559,-0.789,24.109
3643.7,59.66,8.6,0.0,39.7,5,-88.173,-0.762,24.249
3643.7,59.40,8.5,0.0,37.1,5,-84.604,-0.720,24.385
3655.3,59.16,9.9,0.0,34.6,5,-81.047,-0.679,24.433
3655.3,59.00,11.5,0.0,32.6,5,-78.684,-0.651,24.416
3655.3,58.80,14.8,0.0,29.2,5,-75.151,-0.607,24.315
3655.3,58.69,18.7,0.0,26.6,5,-72.804,-0.577,24.200
3690.4,59.40,54.7,0.0,-0.8,5,-46.069,-0.233,20.339
3690.4,59.62,54.8,0.0,-1.7,5,-42.581,-0.195,19.579
3690.4,59.77,54.9,0.0,-2.2,5,-40.249,-0.170,19.064
3702.2,59.99,54.8,0.0,-3.3,5,-36.740,-0.131,18.297
3702.2,60.13,55.1,0.0,-4.2,5,-34.391,-0.107,17.795
3702.2,60.34,55.2,0.0,-5.3,5,-30.853,-0.070,17.062
3702.2,60.48,55.3,0.0,-5.8,5,-28.483,-0.048,16.590
3714.3,60.68,55.5,0.0,-6.6,5,-24.912,-0.018,15.914
3714.3,60.82,55.5,0.0,-6.8,5,-22.521,-0.001,15.486
3714.3,61.02,55.6,0.0,-6.0,5,-18.916,0.022,14.885
3714.3,61.14,55.8,0.0,-6.3,5,-16.502,0.036,14.514
3726.6,61.34,55.8,0.0,-5.9,5,-12.863,0.059,14.003
3726.6,61.46,56.1,0.0,-5.7,5,-10.427,0.075,13.695
3726.6,61.66,56.1,0.0,-6.5,5,-6.758,0.099,13.278
3726.6,61.85,56.2,0.0,-8.1,5,-3.070,0.124,12.917
3739.0,61.98,56.2,0.0,-8.4,5,-0.603,0.141,12.710
3739.0,62.15,56.4,0.0,-8.5,5,3.111,0.169,12.453
3739.0,62.26,56.5,0.0,-8.6,5,5.595,0.191,12.320
3739.0,62.44,56.5,0.0,-8.5,5,9.333,0.229,12.179
3751.7,62.55,56.6,0.0,-8.7,5,11.832,0.256,12.125
3751.7,62.72,56.8,0.0,-8.5,5,15.589,0.298,12.103
3751.7,62.83,56.8,0.0,-8.8,5,18.100,0.328,12.129
3751.7,63.00,56.8,0.0,-8.8,5,21.873,0.377,12.230
3764.7,63.11,56.9,0.0,-8.6,5,24.392,0.413,12.338
3764.7,63.27,57.0,0.0,-7.8,5,28.176,0.472,12.565
3764.7,63.38,57.1,0.0,-7.5,5,30.701,0.513,12.758
3764.7,63.51,57.2,0.0,-8.4,5,34.492,0.571,13.102
3777.7,63.61,51.6,0.0,-10.2,5,37.020,0.603,13.364
3777.7,63.70,40.8,0.0,-12.8,5,40.813,0.648,13.814
3777.7,63.81,57.2,0.0,-12.7,5,44.601,0.698,14.341
3777.7,63.91,57.2,0.0,-11.9,5,47.124,0.733,14.736
3791.0,64.04,57.3,0.0,-10.7,5,50.905,0.786,15.395
3791.0,64.14,57.4,0.0,-10.6,5,53.422,0.822,15.878
3791.0,64.29,57.4,0.0,-11.2,5,57.191,0.874,16.671
3791.0,64.38,57.4,0.0,-11.3,5,59.699,0.911,17.246
3804.1,64.52,57.5,0.0,-11.1,5,63.452,0.966,18.174
3804.1,64.62,57.6,0.0,-11.0,5,65.948,1.004,18.836
3804.1,64.75,57.7,0.0,-10.5,5,69.681,1.059,19.893
3804.1,64.85,57.9,0.0,-10.1,5,72.163,1.095,20.639
3817.5,65.00,57.8,0.0,-9.5,5,75.874,1.150,21.823
3817.5,65.09,57.8,0.0,-9.3,5,78.338,1.188,22.655
3817.5,65.24,57.9,0.0,-9.3,5,82.021,1.244,23.967
3817.5,65.34,58.0,0.0,-9.4,5,84.466,1.281,24.882
3830.9,65.49,58.0,0.0,-9.5,5,88.118,1.337,26.318
3830.9,65.63,58.0,0.0,-9.3,5,91.749,1.394,27.829
3830.9,65.73,58.0,0.0,-9.4,5,94.157,1.434,28.878
3830.9,65.87,58.1,0.0,-9.3,5,97.750,1.493,30.512
3844.1,65.97,58.1,0.0,-9.1,5,100.132,1.534,31.643
3844.1,66.11,58.1,0.0,-8.8,5,103.682,1.597,33.402
3844.1,66.21,58.2,0.0,-8.6,5,106.033,1.639,34.614
3844.1,66.35,58.2,0.0,-8.5,5,109.538,1.702,36.492
3857.3,66.45,58.2,0.0,-8.6,5,111.858,1.743,37.784
3857.3,66.59,58.2,0.0,-8.7,5,115.314,1.805,39.779
3857.3,66.68,58.2,0.0,-8.8,5,117.600,1.847,41.147
3857.3,66.82,58.3,0.0,-8.8,5,121.003,1.909,43.257
3870.6,66.92,58.3,0.0,-8.9,5,123.255,1.949,44.700
3870.6,67.05,58.3,0.0,-9.0,5,126.604,2.006,46.920
3870.6,67.14,58.4,0.0,-8.8,5,128.818,2.044,48.437
3870.6,67.28,58.4,0.0,-9.0,5,132.109,2.099,50.767
3883.9,67.42,58.4,0.0,-9.0,5,135.364,2.150,53.161
3883.9,67.51,58.4,0.0,-9.0,5,137.513,2.182,54.792
3883.9,67.64,58.5,0.0,-9.0,5,140.704,2.227,57.293
3883.9,67.74,58.5,0.0,-8.8,5,142.810,2.255,58.994
3897.4,67.87,58.5,0.0,-8.7,5,145.936,2.289,61.597
3897.4,67.97,58.5,0.0,-8.3,5,147.999,2.308,63.365
3897.4,68.11,58.5,0.0,-6.8,5,151.059,2.330,66.066
3897.4,68.20,58.6,0.0,-5.6,5,153.076,2.343,67.900
3911.0,68.35,58.6,0.0,-3.9,5,156.068,2.360,70.698
3911.0,68.44,48.8,4.9,-3.0,5,158.042,2.369,72.591
3911.0,68.12,0.0,45.4,-1.9,5,160.969,2.383,75.463
3911.0,67.60,0.0,68.7,-1.1,5,162.891,2.392,77.383
3924.6,66.52,0.0,79.3,0.3,5,165.720,2.405,80.249
3924.6,65.75,0.0,82.7,0.9,5,167.569,2.415,82.142
3924.6,64.54,0.0,84.2,1.0,5,170.292,2.432,84.950
3937.6,63.32,0.0,84.9,0.7,5,172.958,2.450,87.711
3937.6,62.51,0.0,84.7,0.5,5,174.706,2.463,89.524
3937.6,61.30,0.0,85.3,0.3,5,177.286,2.483,92.198
3937.6,60.49,0.0,85.1,0.3,5,178.980,2.495,93.951
3949.8,59.27,0.0,84.6,0.3,5,181.481,2.513,96.534
3949.8,58.49,0.0,85.5,0.3,5,183.123,2.525,98.224
3949.8,57.28,0.0,84.9,0.5,5,185.548,2.544,100.713
3949.8,56.49,0.0,85.0,0.5,5,187.140,2.556,102.341
3961.2,55.30,0.0,85.1,0.7,5,189.491,2.571,104.736
3961.2,54.51,0.0,84.8,0.6,5,191.033,2.579,106.302
3961.2,53.31,0.0,84.6,0.6,0,193.310,2.591,108.603
3961.2,52.55,37.0,85.2,0.5,0,194.804,2.599,110.105
3971.8,51.37,0.0,85.7,0.6,4,197.010,2.613,112.311
3971.8,50.57,0.0,85.1,0.6,4,198.457,2.623,113.750
3971.8,49.39,0.0,84.6,0.7,4,200.592,2.640,115.859
3971.8,48.21,0.0,84.0,1.0,4,202.686,2.660,117.909
3981.7,47.45,0.0,85.0,1.4,4,204.060,2.675,119.243
3981.7,46.29,0.0,84.6,2.1,4,206.088,2.699,121.194
3981.7,45.51,0.0,84.8,2.1,0,207.418,2.715,122.461
3981.7,44.38,0.0,85.6,2.5,3,209.384,2.739,124.311
3990.7,43.59,0.0,85.7,2.8,3,210.674,2.755,125.510
3990.7,42.44,0.0,85.6,2.9,3,212.579,2.777,127.255
3990.7,41.68,0.0,85.1,2.8,3,213.829,2.791,128.382
3990.7,40.55,0.0,83.3,2.1,3,215.676,2.809,130.020
3999.1,39.80,0.0,81.6,1.2,3,216.890,2.820,131.076
3999.1,38.75,0.0,68.7,-0.4,3,218.684,2.835,132.606
3999.1,38.12,0.0,58.9,-1.4,3,219.866,2.843,133.591
3999.1,37.29,0.0,49.4,-2.5,3,221.626,2.852,135.014
4006.7,36.57,0.0,42.6,-1.4,3,223.377,2.859,136.374
4006.7,36.13,0.0,39.6,0.5,3,224.542,2.862,137.246
4006.7,35.54,0.0,37.5,4.5,3,226.287,2.865,138.503
4006.7,35.16,0.0,36.0,7.4,0,227.449,2.866,139.310
4013.8,34.65,0.0,36.2,10.2,2,229.190,2.866,140.477
4013.8,34.10,0.0,35.6,10.4,2,230.926,2.864,141.592
4013.8,33.73,0.0,34.9,10.4,2,232.080,2.862,142.306
4013.8,33.20,0.0,34.5,10.6,2,233.806,2.857,143.334
4020.5,32.84,0.0,33.0,10.6,2,234.954,2.853,143.989
4020.5,32.33,0.0,31.0,10.9,2,236.671,2.847,144.926
4020.5,32.01,0.0,29.6,11.4,2,237.813,2.842,145.521
4020.5,31.56,0.0,21.8,12.5,2,239.522,2.833,146.367
4026.8,31.31,0.0,17.1,13.5,2,240.661,2.828,146.900
4026.8,31.00,0.0,12.5,15.1,2,242.371,2.819,147.656
4026.8,30.74,0.0,9.1,16.8,2,244.085,2.809,148.358
4026.8,30.58,0.0,6.9,18.3,2,245.230,2.803,148.797
4032.8,30.38,0.0,4.4,19.6,2,246.954,2.793,149.408
4032.8,30.26,0.0,5.2,18.1,2,248.107,2.787,149.785
4032.8,30.07,0.0,5.5,19.6,2,249.842,2.777,150.303
4032.8,29.95,0.0,5.1,20.7,2,251.000,2.770,150.618
4038.5,29.74,0.0,9.0,19.3,2,252.741,2.758,151.041
4038.5,29.59,0.0,8.0,17.5,2,253.901,2.750,151.291
4038.5,29.38,0.0,5.2,15.3,2,255.640,2.738,151.617
4038.5,29.26,0.0,7.5,14.7,2,256.798,2.730,151.804
4044.8,29.07,0.0,4.7,15.5,2,258.532,2.719,152.039
4044.8,28.96,0.0,1.4,16.3,2,259.686,2.713,152.167
4044.8,28.84,3.5,2.0,18.1,2,261.414,2.704,152.317
4044.8,28.76,0.9,1.4,19.4,2,262.564,2.698,152.388
4051.1,28.63,2.2,0.0,24.3,2,264.284,2.691,152.450
4051.1,28.54,6.2,0.0,28.3,2,265.999,2.685,152.454
4051.1,28.46,4.8,0.0,30.2,2,267.139,2.683,152.423
4057.6,28.39,16.8,0.0,32.6,2,268.841,2.681,152.323
4057.6,28.37,16.3,0.0,34.7,2,269.972,2.681,152.220
4057.6,28.30,17.5,0.0,39.0,2,271.659,2.681,152.014
4057.6,28.27,17.8,0.0,41.8,2,272.777,2.682,151.842
4065.5,28.19,13.5,0.0,46.4,0,274.443,2.685,151.530
4065.5,28.10,37.8,0.0,48.6,0,275.542,2.688,151.286
4065.5,27.94,7.4,0.0,51.7,1,277.170,2.697,150.866
4065.5,27.84,10.4,0.0,55.6,1,278.240,2.703,150.552
4072.3,27.72,11.0,0.0,61.9,1,279.823,2.715,150.029
4072.3,27.61,10.3,0.0,62.8,1,280.863,2.724,149.648
4072.3,27.44,9.2,0.0,63.4,1,282.392,2.742,149.025
4072.3,27.33,9.1,0.0,62.5,1,283.391,2.756,148.576
4079.9,27.16,9.1,0.0,60.4,1,284.857,2.783,147.853
4079.9,27.01,9.2,0.0,62.5,1,286.282,2.812,147.073
4079.9,26.91,9.1,0.0,61.1,1,287.211,2.832,146.525
4079.9,26.76,9.1,0.0,58.9,1,288.569,2.863,145.662
4085.8,26.66,9.2,0.0,61.5,1,289.452,2.883,145.060
4085.8,26.50,9.2,0.0,60.0,1,290.740,2.914,144.120
4085.8,26.40,9.1,0.0,59.4,1,291.573,2.936,143.467
4085.8,26.26,9.8,0.0,58.1,1,292.784,2.970,142.453
4091.2,26.17,10.1,0.0,56.7,1,293.564,2.993,141.753
4101.2,26.97,46.0,0.0,11.0,1,301.378,3.230,131.974
4101.2,27.16,59.4,0.0,6.1,1,301.917,3.244,131.037
4101.2,27.54,61.6,0.0,2.0,1,302.700,3.263,129.596
4106.4,27.83,77.3,0.0,1.3,1,303.207,3.275,128.612
4106.4,28.35,76.4,0.0,2.0,1,303.949,3.292,127.100
4106.4,28.90,89.5,0.0,4.5,1,304.673,3.308,125.545
4106.4,29.28,73.6,0.0,5.8,1,305.147,3.318,124.483
4112.0,29.83,88.9,0.0,7.3,1,305.844,3.332,122.854
4112.0,30.22,89.4,0.0,8.1,1,306.297,3.341,121.743
4112.0,30.78,82.7,0.0,8.6,1,306.961,3.355,120.038
4112.0,31.14,84.3,0.0,8.7,1,307.391,3.364,118.877
4118.0,31.64,80.4,0.0,8.5,1,308.011,3.377,117.100
4118.0,31.97,84.6,0.0,8.6,1,308.408,3.385,115.892
4118.0,32.45,79.6,0.0,9.0,1,308.975,3.396,114.045
4118.0,32.76,77.4,0.0,8.8,1,309.332,3.403,112.792
4124.4,33.22,78.1,0.0,7.9,1,309.832,3.415,110.878
4124.4,33.52,83.6,0.0,7.4,1,310.143,3.424,109.580
4124.4,33.68,0.0,0.0,7.6,0,310.569,3.437,107.606
4144.8,33.05,0.0,66.3,1.1,2,312.239,3.629,89.772
4144.8,32.44,0.0,70.8,0.2,2,312.249,3.651,88.462
4144.8,31.47,0.0,74.9,-2.2,2,312.254,3.684,86.542
4151.1,30.80,0.0,76.2,-4.2,2,312.255,3.707,85.296
4151.1,29.79,36.9,77.0,-6.5,0,312.258,3.740,83.476
4151.1,28.81,0.0,75.3,-8.1,1,312.269,3.773,81.717
4151.1,28.15,0.0,62.9,-8.8,1,312.284,3.794,80.577
4156.7,27.29,0.0,43.4,-9.4,1,312.323,3.825,78.914
4156.7,26.86,0.0,34.7,-10.0,1,312.364,3.845,77.831
4156.7,26.35,0.0,25.1,-12.1,1,312.450,3.871,76.237
4156.7,26.08,0.0,21.0,-13.8,1,312.527,3.888,75.191
4161.8,25.72,0.0,17.0,-16.1,1,312.670,3.910,73.644
4161.8,25.50,0.0,15.3,-17.3,1,312.786,3.924,72.626
4161.8,25.20,0.0,12.6,-18.5,1,312.992,3.944,71.118
4161.8,25.02,0.0,11.5,-19.2,1,313.151,3.956,70.126
4166.7,24.76,0.0,11.0,-20.0,1,313.422,3.973,68.657
4166.7,24.60,0.0,11.1,-20.5,1,313.626,3.983,67.691
4166.7,24.34,0.0,10.4,-20.1,1,313.966,3.998,66.262
4166.7,24.11,0.0,10.2,-21.1,1,314.345,4.011,64.859
4171.6,23.95,0.0,10.4,-22.1,1,314.620,4.019,63.938
4171.6,23.70,0.0,11.0,-23.4,1,315.065,4.029,62.579
4171.6,23.53,0.0,10.3,-23.5,1,315.384,4.035,61.690
4171.6,23.30,0.0,7.9,-24.0,1,315.896,4.042,60.381
4176.2,23.16,0.0,6.9,-24.6,1,316.260,4.046,59.525
4176.2,22.96,0.0,6.6,-25.8,1,316.838,4.050,58.268
4176.2,22.83,0.0,6.8,-26.4,1,317.246,4.052,57.448
4176.2,22.64,0.0,4.5,-26.9,1,317.890,4.054,56.246
4180.7,22.52,0.0,4.3,-27.3,1,318.342,4.054,55.463
4180.7,22.35,0.0,4.2,-27.8,1,319.051,4.053,54.318
4180.7,22.24,0.0,5.0,-28.1,1,319.544,4.051,53.575
4180.7,22.07,0.0,5.2,-28.3,1,320.315,4.048,52.492
4184.9,21.95,0.0,4.7,-28.2,1,320.847,4.044,51.790
4184.9,21.77,0.0,5.0,-28.8,1,321.673,4.037,50.771
4184.9,21.60,0.0,6.7,-29.2,1,322.532,4.030,49.793
4184.9,21.47,0.0,7.9,-29.4,1,323.121,4.025,49.165
4189.0,21.26,0.0,6.6,-29.2,1,324.029,4.017,48.259
4189.0,21.14,0.0,6.1,-29.1,1,324.648,4.011,47.680
4189.0,20.96,0.0,5.5,-30.5,1,325.599,4.001,46.848
4189.0,20.84,0.0,5.5,-31.8,1,326.246,3.995,46.319
4192.9,20.66,0.0,6.6,-33.5,1,327.235,3.983,45.563
4192.9,20.53,0.0,3.8,-35.7,1,327.907,3.975,45.085
4192.9,20.42,13.7,0.0,-37.9,1,328.933,3.962,44.410
4192.9,20.46,33.1,0.0,-38.7,1,329.632,3.954,43.987
4196.8,20.64,50.4,0.0,-39.7,1,330.708,3.940,43.387
4196.8,20.81,57.1,0.0,-40.8,1,331.445,3.931,43.010
4196.8,21.13,79.5,0.0,-43.0,1,332.583,3.915,42.476
4196.8,21.41,54.6,0.0,-42.7,1,333.365,3.905,42.141
4201.1,21.62,55.5,0.0,-40.3,1,334.568,3.889,41.677
4201.1,21.84,48.2,0.0,-37.0,1,335.805,3.873,41.265
4201.1,22.03,61.8,0.0,-35.7,1,336.647,3.862,41.020
4205.9,22.33,57.5,0.0,-36.1,1,337.937,3.848,40.697
4205.9,22.52,55.9,0.0,-37.3,1,338.814,3.838,40.512
4205.9,22.80,54.3,0.0,-40.0,1,340.153,3.825,40.280
4205.9,22.97,50.8,0.0,-42.5,1,341.060,3.816,40.157
4211.1,23.17,37.1,0.0,-46.7,1,342.437,3.804,40.018
4211.1,23.23,29.5,0.0,-50.2,1,343.363,3.796,39.958
4211.1,23.25,22.5,0.0,-54.8,1,344.757,3.784,39.915
4211.1,23.24,21.4,0.0,-57.1,1,345.687,3.777,39.918
4227.7,22.86,35.6,0.0,-45.1,1,356.476,3.723,41.987
4227.7,23.08,64.2,0.0,-38.2,1,357.750,3.720,42.508
4227.7,23.51,65.6,0.0,-29.5,1,359.021,3.719,43.086
4227.7,23.77,68.7,0.0,-22.9,1,359.869,3.719,43.504
4233.2,24.21,69.0,0.0,-15.3,1,361.140,3.721,44.177
4233.2,24.54,81.2,0.0,-12.4,1,361.988,3.723,44.656
4233.2,25.07,81.9,0.0,-9.2,1,363.264,3.728,45.419
4233.2,25.46,88.4,0.0,-8.6,1,364.120,3.733,45.955
4238.7,26.07,87.8,0.0,-9.2,1,365.411,3.742,46.802
4238.7,26.47,89.1,0.0,-10.2,1,366.279,3.749,47.394
4238.7,27.06,81.5,0.0,-11.5,1,367.586,3.761,48.324
4244.3,27.62,84.7,0.0,-13.3,1,368.900,3.774,49.305
4244.3,27.97,71.7,0.0,-13.3,1,369.776,3.783,49.989
4244.3,28.47,75.6,0.0,-12.8,1,371.086,3.795,51.060
4244.3,28.80,73.5,0.0,-12.9,1,371.957,3.803,51.803
4249.7,29.28,75.4,0.0,-15.1,1,373.254,3.815,52.965
4249.7,29.59,70.6,0.0,-13.1,1,374.112,3.822,53.771
4249.7,30.04,77.0,0.0,-13.7,1,375.386,3.833,55.025
4249.7,30.35,72.6,0.0,-15.5,1,376.226,3.839,55.892
4255.4,30.81,79.4,0.0,-15.2,1,377.468,3.849,57.242
4255.4,31.11,71.4,0.0,-13.0,1,378.283,3.855,58.173
4255.4,31.54,71.2,0.0,-15.5,1,379.485,3.864,59.616
4255.4,31.80,72.4,0.0,-16.8,1,380.270,3.870,60.609
4261.4,32.20,67.7,0.0,-12.9,1,381.421,3.877,62.145
4261.4,32.45,69.1,0.0,-14.5,1,382.170,3.881,63.199
4261.4,32.84,72.6,0.0,-15.9,1,383.264,3.886,64.823
4261.4,33.21,70.5,0.0,-13.3,1,384.319,3.890,66.499
4267.7,33.47,78.0,0.0,-13.7,1,385.000,3.892,67.645
4267.7,33.60,0.0,0.0,-11.9,0,385.983,3.896,69.404
4267.7,33.72,88.4,0.0,-8.7,2,386.606,3.898,70.595
4267.7,34.21,89.6,0.0,-7.3,2,387.506,3.901,72.422
4274.3,34.55,89.6,0.0,-5.7,2,388.088,3.903,73.667
4274.3,35.04,89.6,0.0,-3.5,2,388.938,3.904,75.572
4274.3,35.38,89.6,0.0,-2.9,2,389.490,3.904,76.867
4274.3,35.92,89.6,0.0,-3.0,2,390.298,3.903,78.845
4281.3,36.17,89.7,0.0,-3.5,2,390.824,3.903,80.187
4281.3,36.68,88.9,0.0,-4.0,2,391.596,3.900,82.232
4281.3,36.96,88.5,0.0,-4.2,2,392.100,3.899,83.616
4281.3,37.29,22.6,0.0,-2.2,2,392.842,3.892,85.718
4288.6,37.44,71.0,0.0,-1.2,2,393.320,3.887,87.133
4288.6,37.88,89.8,0.0,-0.6,2,394.016,3.879,89.281
4288.6,38.31,84.6,0.0,-1.6,2,394.692,3.874,91.463
4288.6,38.55,74.9,0.0,-1.7,2,395.133,3.872,92.936
4296.0,39.04,89.7,0.0,-1.9,2,395.780,3.869,95.171
4296.0,39.40,89.8,0.0,-1.9,2,396.204,3.866,96.681
4296.0,39.88,89.8,0.0,-1.5,2,396.825,3.864,98.977
4296.0,40.22,89.9,0.0,-0.9,2,397.232,3.862,100.526
4303.9,40.72,89.9,0.0,-0.8,2,397.831,3.857,102.879
4303.9,41.03,89.9,0.0,-0.9,2,398.223,3.853,104.465
4303.9,41.48,90.0,0.0,-2.1,2,398.800,3.849,106.872
4303.9,41.77,90.0,0.0,-2.6,0,399.179,3.847,108.493
4311.9,41.80,89.6,0.0,-2.6,3,399.737,3.844,110.937
4311.9,42.08,89.6,0.0,-2.6,3,400.101,3.841,112.574
4311.9,42.49,89.6,0.0,-3.2,3,400.637,3.838,115.053
4311.9,42.76,89.6,0.0,-4.3,3,400.987,3.836,116.721
4320.3,43.15,89.6,0.0,-5.6,3,401.498,3.832,119.247
4320.3,43.55,89.7,0.0,-6.0,3,401.986,3.830,121.801
4320.3,43.81,89.7,0.0,-6.1,3,402.297,3.828,123.520
4320.3,44.21,89.7,0.0,-6.0,3,402.739,3.825,126.122
4328.9,44.46,89.7,0.0,-5.8,3,403.015,3.823,127.874
4328.9,44.86,89.7,0.0,-5.5,3,403.402,3.818,130.525
4328.9,45.12,89.7,0.0,-5.5,3,403.641,3.814,132.308
4328.9,45.50,89.7,0.0,-5.5,3,403.969,3.807,135.006
4337.8,45.76,89.7,0.0,-5.6,3,404.167,3.803,136.820
4337.8,46.14,89.7,0.0,-5.6,3,404.435,3.797,139.563
4337.8,46.40,89.8,0.0,-5.7,3,404.592,3.793,141.407
4337.8,46.77,89.8,0.0,-6.0,3,404.799,3.786,144.193
4346.9,47.02,89.8,0.0,-6.0,3,404.915,3.781,146.065
4346.9,47.40,89.8,0.0,-5.7,3,405.056,3.774,148.893
4346.9,47.76,89.8,0.0,-6.0,3,405.156,3.767,151.746
4346.9,48.00,89.8,0.0,-6.6,3,405.199,3.763,153.660
4356.2,48.36,89.8,0.0,-7.1,3,405.229,3.757,156.550
4356.2,48.59,89.9,0.0,-7.3,3,405.223,3.752,158.488
4356.2,48.94,89.9,0.0,-7.4,3,405.175,3.745,161.413
4356.2,49.17,89.9,0.0,-7.8,3,405.115,3.741,163.374
4365.8,49.51,89.9,0.0,-8.5,3,404.982,3.734,166.331
4365.8,49.74,89.9,0.0,-7.7,3,404.864,3.728,168.312
4365.8,50.07,89.9,0.0,-6.3,3,404.640,3.721,171.298
4365.8,50.30,89.9,0.0,-6.1,3,404.460,3.716,173.296
4375.6,50.63,90.0,0.0,-8.5,3,404.147,3.709,176.307
4375.6,50.84,90.0,0.0,-9.7,3,403.907,3.703,178.322
4375.6,51.16,90.0,0.0,-11.3,3,403.501,3.695,181.354
4375.6,51.36,90.1,0.0,-11.9,3,403.195,3.689,183.381
4385.8,51.65,90.0,0.0,-12.2,0,402.684,3.681,186.428
4385.8,51.59,89.7,0.0,-11.7,4,402.106,3.672,189.471
4385.8,51.76,89.8,0.0,-10.9,4,401.681,3.667,191.493
4396.2,52.02,89.8,0.0,-10.8,4,400.982,3.661,194.526
4396.2,52.20,89.8,0.0,-11.2,4,400.477,3.657,196.548
4396.2,52.46,89.8,0.0,-11.5,4,399.656,3.651,199.578
4396.2,52.64,89.8,0.0,-11.8,4,399.068,3.648,201.596
4407.1,52.89,85.9,0.0,-13.1,4,398.122,3.646,204.617
4407.1,53.06,79.4,0.0,-14.0,4,397.452,3.646,206.627
4407.1,53.32,69.6,0.0,-15.5,4,396.389,3.643,209.635
4407.1,53.49,63.1,0.0,-16.3,4,395.639,3.642,211.635
4418.4,53.73,57.3,0.0,-15.9,4,394.450,3.645,214.624
4418.4,53.89,57.4,0.0,-15.9,4,393.615,3.650,216.607
4418.4,54.07,46.6,0.0,-16.1,4,392.303,3.657,219.567
4418.4,54.11,21.1,0.0,-16.8,4,390.922,3.663,222.505
4430.3,54.13,39.1,0.0,-17.3,4,389.964,3.668,224.446
4430.3,54.31,57.6,0.0,-17.0,4,388.468,3.677,227.334
4430.3,54.44,48.2,0.0,-16.9,4,387.432,3.683,229.246
4430.3,54.54,35.9,0.0,-16.2,4,385.824,3.688,232.094
4441.2,54.61,44.0,0.0,-15.5,4,384.718,3.689,233.975
4441.2,54.79,54.9,0.0,-14.1,4,383.004,3.688,236.773
4441.2,54.95,57.9,0.0,-12.8,4,381.823,3.688,238.623
4441.2,55.20,57.9,0.0,-11.0,4,379.995,3.689,241.375
4452.0,55.37,58.0,0.0,-10.0,4,378.739,3.691,243.194
4452.0,55.63,58.0,0.0,-10.4,4,376.800,3.697,245.901
4452.0,55.80,58.1,0.0,-9.8,4,375.473,3.702,247.691
4452.0,56.06,58.2,0.0,-9.5,4,373.434,3.711,250.356
4463.0,56.24,58.2,0.0,-8.4,4,372.043,3.716,252.118
4463.0,56.50,58.3,0.0,-6.7,4,369.908,3.725,254.741
4463.0,56.76,58.3,0.0,-5.7,4,367.719,3.735,257.339
4463.0,56.94,58.4,0.0,-5.7,4,366.232,3.742,259.058
4474.2,57.21,58.5,0.0,-5.7,4,363.961,3.750,261.621
4474.2,57.39,58.5,0.0,-5.4,4,362.422,3.755,263.318
4474.2,57.65,58.6,0.0,-5.1,4,360.075,3.762,265.848
4474.2,57.83,58.7,0.0,-5.1,4,358.486,3.765,267.524
4485.6,58.09,58.7,0.0,-5.2,4,356.068,3.769,270.022
4485.6,58.27,58.8,0.0,-5.2,4,354.433,3.769,271.678
4485.6,58.52,58.9,0.0,-5.3,4,351.945,3.769,274.143
4485.6,58.68,59.2,0.0,-5.3,4,350.262,3.769,275.775
4497.3,58.94,59.2,0.0,-5.3,4,347.704,3.771,278.205
4497.3,59.10,59.1,0.0,-5.3,4,345.975,3.774,279.812
4497.3,59.35,59.1,0.0,-3.3,4,343.348,3.780,282.203
4497.3,59.51,59.1,0.0,-2.7,4,341.572,3.785,283.784
4509.1,59.76,59.2,0.0,-1.5,4,338.879,3.794,286.139
4509.1,60.03,59.1,0.0,-0.7,4,336.153,3.793,288.479
4509.1,60.19,59.2,0.0,-0.1,4,334.319,3.790,290.034
4509.1,60.41,59.0,0.0,-0.9,4,331.546,3.788,292.358
4521.1,60.60,59.1,0.0,-1.3,4,329.687,3.787,293.907
4521.1,60.85,59.3,0.0,-0.8,4,326.883,3.784,296.233
4521.1,61.02,59.1,0.0,-0.2,4,325.004,3.782,297.786
4521.1,61.25,58.7,0.0,0.4,4,322.173,3.781,300.117
4533.3,61.41,58.4,0.0,0.4,0,320.278,3.780,301.675
4533.3,61.36,87.8,0.0,0.4,5,317.432,3.778,304.012
4533.3,61.50,81.1,0.0,0.4,5,315.534,3.778,305.572
4533.3,61.72,71.0,0.0,0.5,5,312.679,3.783,307.920
4545.5,61.87,64.3,0.0,0.5,5,310.772,3.788,309.492
4545.5,62.09,56.2,0.0,0.6,5,307.905,3.793,311.860
4545.5,62.24,56.3,0.0,0.6,5,305.991,3.796,313.446
4545.5,62.45,56.5,0.0,0.7,5,303.114,3.802,315.836
4557.9,62.66,56.6,0.0,0.7,5,300.231,3.810,318.239
4557.9,62.81,56.6,0.0,0.7,5,298.307,3.814,319.849
4557.9,63.02,56.7,0.0,0.7,5,295.417,3.819,322.277
4557.9,63.16,56.8,0.0,0.6,5,293.487,3.822,323.903
4570.5,63.38,56.9,0.0,0.7,5,290.590,3.821,326.355
4570.5,63.52,56.9,0.0,0.8,5,288.655,3.817,327.998
4570.5,63.73,57.1,0.0,0.7,5,285.750,3.810,330.474
4570.5,63.87,57.2,0.0,0.6,5,283.811,3.806,332.132
4583.2,64.08,57.2,0.0,0.6,5,280.898,3.797,334.632
4583.2,64.22,57.3,0.0,0.5,5,278.954,3.790,336.306
4583.2,64.42,57.5,0.0,0.4,5,276.035,3.787,338.829
4583.2,64.55,57.5,0.0,0.4,5,274.086,3.787,340.518
4596.1,64.76,57.6,0.0,0.2,5,271.157,3.789,343.062
4596.1,64.97,57.7,0.0,0.2,5,268.222,3.792,345.617
4596.1,65.10,57.7,0.0,0.1,5,266.261,3.794,347.327
4609.1,65.31,57.8,0.0,0.1,5,263.315,3.801,349.901
4609.1,65.44,57.9,0.0,0.1,5,261.347,3.807,351.622
4609.1,65.64,58.0,0.0,0.1,5,258.389,3.820,354.212
4609.1,65.77,58.0,0.0,0.1,5,256.412,3.829,355.943
4622.2,65.97,58.1,0.0,0.1,5,253.440,3.843,358.548
4622.2,66.11,58.0,0.0,0.1,5,251.454,3.850,360.289
4622.2,66.29,58.1,0.0,0.0,5,248.468,3.864,362.907
4622.2,66.42,58.2,0.0,0.1,5,246.473,3.875,364.657
4635.5,66.62,58.2,0.0,0.1,5,243.472,3.887,367.289
4635.5,66.81,58.2,0.0,0.1,5,240.464,3.897,369.929
4635.5,66.94,58.3,0.0,0.0,5,238.454,3.903,371.694
4635.5,67.13,58.3,0.0,0.0,5,235.432,3.910,374.347
4648.9,67.25,58.3,0.0,0.0,5,233.413,3.912,376.121
4648.9,67.44,58.4,0.0,0.0,5,230.378,3.912,378.788
4648.9,67.56,58.4,0.0,0.0,5,228.350,3.911,380.570
4648.9,67.75,58.4,0.0,0.0,5,225.302,3.907,383.250
4662.4,67.87,58.5,0.0,0.0,5,223.265,3.904,385.041
4662.4,68.05,58.5,0.0,0.0,5,220.203,3.899,387.733
4662.4,68.17,58.6,0.0,0.1,5,218.158,3.896,389.532
4662.4,68.35,58.6,0.0,0.0,5,215.083,3.891,392.237
4676.0,68.48,58.6,0.0,0.0,5,213.028,3.886,394.045
4676.0,68.65,58.7,0.0,0.0,5,209.940,3.878,396.762
4676.0,68.77,58.7,0.0,0.0,5,207.878,3.873,398.578
4676.0,68.95,58.8,0.0,0.1,5,204.777,3.866,401.309
4689.8,69.12,58.8,0.0,0.1,5,201.669,3.861,404.046
4689.8,69.24,58.9,0.0,0.0,5,199.593,3.858,405.875
4689.8,69.41,58.9,0.0,0.1,5,196.472,3.853,408.625
4689.8,69.53,58.9,0.0,0.1,5,194.388,3.850,410.462
4703.6,69.70,59.0,0.0,0.1,5,191.255,3.845,413.224
4703.6,69.81,59.0,0.0,0.1,5,189.163,3.841,415.069
4703.6,69.98,59.1,0.0,0.1,5,186.018,3.835,417.844
4703.6,70.10,59.1,0.0,0.1,5,183.917,3.832,419.697
4717.6,70.26,59.2,0.0,0.1,5,180.761,3.829,422.484
4717.6,70.37,59.2,0.0,0.1,5,178.654,3.827,424.346
4717.6,70.54,59.2,0.0,0.1,5,175.486,3.823,427.146
4717.6,70.65,59.2,0.0,0.1,5,173.371,3.819,429.017
4731.7,70.82,59.2,0.0,0.2,5,170.194,3.813,431.829
4731.7,70.92,59.2,0.0,0.2,5,168.072,3.808,433.709
4731.7,71.08,59.3,0.0,0.2,5,164.885,3.804,436.535
4731.7,71.24,59.3,0.0,0.1,5,161.692,3.802,439.369
4745.9,71.34,59.3,0.0,0.1,5,159.560,3.802,441.262
4745.9,71.50,59.3,0.0,0.1,5,156.357,3.802,444.109
4745.9,71.61,59.4,0.0,0.1,5,154.219,3.803,446.012
4745.9,71.76,59.4,0.0,0.1,5,151.007,3.807,448.872
4760.2,71.86,59.4,0.0,0.1,5,148.863,3.810,450.783
4760.2,72.02,59.4,0.0,0.1,5,145.642,3.813,453.655
4760.2,72.12,59.4,0.0,0.1,5,143.492,3.815,455.575
4760.2,72.26,59.4,0.0,0.1,5,140.261,3.818,458.460
4774.7,72.36,59.4,0.0,0.1,5,138.105,3.820,460.387
4774.7,72.51,59.3,0.0,0.1,5,134.865,3.823,463.284
4774.7,72.61,59.3,0.0,0.1,5,132.702,3.824,465.219
4774.7,72.75,59.1,0.0,0.1,5,129.452,3.825,468.127
4789.1,72.89,59.0,0.0,0.0,5,126.197,3.828,471.041
4789.1,72.98,58.9,0.0,0.0,5,124.024,3.829,472.987
4789.1,73.12,58.8,0.0,0.0,5,120.760,3.831,475.911
4789.1,73.21,58.8,0.0,0.0,5,118.580,3.832,477.864
4803.7,73.17,0.0,0.0,0.0,0,115.308,3.832,480.796
4803.7,73.19,85.0,0.0,-0.0,6,113.129,3.831,482.749
4803.7,73.33,75.4,0.0,-0.0,6,109.855,3.829,485.682
4803.7,73.42,69.1,0.0,-0.0,6,107.670,3.826,487.641
4818.4,73.56,59.5,0.0,-0.0,6,104.386,3.820,490.583
4818.4,73.65,58.2,0.0,-0.0,6,102.193,3.814,492.548
4818.4,73.78,58.3,0.0,0.0,6,98.899,3.805,495.499
4818.4,73.87,58.3,0.0,0.0,6,96.700,3.799,497.469
4833.2,74.00,58.3,0.0,0.0,6,93.395,3.789,500.428
4833.2,74.09,58.3,0.0,0.0,6,91.189,3.780,502.404
4833.2,74.22,58.3,0.0,0.0,6,87.875,3.764,505.372
4848.0,74.35,58.4,0.0,-0.0,6,84.554,3.746,508.345
4848.0,74.44,58.4,0.0,-0.0,6,82.338,3.733,510.330
4848.0,74.56,58.4,0.0,-0.0,6,79.008,3.713,513.311
4848.0,74.65,58.5,0.0,-0.0,6,76.785,3.699,515.302
4862.9,74.78,58.5,0.0,-0.0,6,73.445,3.678,518.292
4862.9,74.86,58.5,0.0,-0.0,6,71.215,3.663,520.288
4862.9,74.99,58.5,0.0,-0.1,6,67.866,3.641,523.285
4862.9,75.07,58.5,0.0,-0.1,6,65.629,3.625,525.286
4877.9,75.20,58.6,0.0,-0.1,6,62.269,3.600,528.291
4877.9,75.28,58.6,0.0,-0.1,6,60.025,3.582,530.297
4877.9,75.41,58.6,0.0,-0.0,6,56.655,3.553,533.309
4877.9,75.49,58.6,0.0,-0.0,6,54.404,3.532,535.319
4893.0,75.61,58.6,0.0,-0.0,6,51.022,3.499,538.337
4893.0,75.69,58.7,0.0,0.0,6,48.765,3.475,540.352
4893.0,75.81,58.7,0.0,0.1,6,45.373,3.439,543.377
4893.0,75.94,58.7,0.0,0.2,6,41.977,3.399,546.408
4908.1,76.02,58.7,0.0,0.2,6,39.710,3.371,548.432
4908.1,76.14,58.8,0.0,0.1,6,36.306,3.324,551.473
4908.1,76.22,58.8,0.0,0.2,6,34.035,3.289,553.504
4908.1,76.34,58.8,0.0,0.1,6,30.624,3.233,556.556
4923.3,76.42,58.9,0.0,0.1,6,28.349,3.196,558.594
4923.3,76.54,58.9,0.0,-0.0,6,24.933,3.138,561.658
4923.3,76.62,58.9,0.0,-0.1,6,22.654,3.100,563.703
4923.3,76.74,58.9,0.0,0.0,6,19.232,3.042,566.778
4938.7,76.82,59.0,0.0,0.1,6,16.948,3.002,568.830
4938.7,76.93,59.0,0.0,-0.1,6,13.519,2.942,571.913
4938.7,77.01,59.0,0.0,-0.3,6,11.229,2.903,573.972
4938.7,77.13,59.0,0.0,-0.6,6,7.790,2.846,577.062
4954.1,77.13,29.2,2.7,-0.5,6,5.494,2.809,579.123
4954.1,76.65,0.0,68.5,-0.4,6,2.054,2.757,582.205
4954.1,75.57,0.0,82.9,-0.4,6,-1.353,2.699,585.249
4954.1,74.72,0.0,82.6,-0.3,6,-3.598,2.658,587.250
4997.2,64.85,0.0,85.0,-0.7,6,-28.776,2.257,609.361
4997.2,64.04,0.0,84.8,-0.7,6,-30.730,2.225,611.044
4997.2,62.84,24.0,85.8,-0.7,0,-33.622,2.179,613.522
5009.9,61.63,0.0,85.6,-0.8,5,-36.469,2.136,615.943
5009.9,60.82,0.0,85.3,-0.9,5,-38.340,2.109,617.525
5009.9,59.62,0.0,85.2,-1.0,5,-41.108,2.067,619.851
5009.9,58.82,0.0,84.9,-1.1,5,-42.928,2.040,621.370
5021.8,57.63,0.0,85.1,-1.2,5,-45.620,1.999,623.600
5021.8,56.84,0.0,84.9,-1.4,5,-47.389,1.971,625.054
5021.8,55.64,0.0,84.6,-1.7,5,-50.007,1.931,627.187
5021.8,54.86,0.0,84.6,-2.2,5,-51.729,1.904,628.576
5052.8,46.56,0.0,42.7,-4.1,4,-71.156,1.616,642.960
5052.8,45.90,0.0,46.4,-5.9,4,-73.491,1.584,644.459
5052.8,45.20,0.0,50.9,-6.9,4,-75.817,1.552,645.897
5052.8,44.71,0.0,47.5,-7.4,4,-77.360,1.531,646.821
5061.8,44.06,35.7,41.4,-7.3,0,-79.665,1.500,648.157
5061.8,43.64,0.0,37.9,-6.8,3,-81.197,1.480,649.013
5061.8,43.08,0.0,26.5,-6.1,3,-83.488,1.449,650.246
5061.8,42.78,0.0,22.0,-6.6,3,-85.013,1.429,651.035
5070.4,42.39,0.0,16.1,-8.1,3,-87.302,1.397,652.171
5070.4,42.17,0.0,12.6,-9.0,3,-88.830,1.375,652.897
5070.4,41.84,0.0,27.7,-10.0,3,-91.126,1.343,653.940
5070.4,41.52,0.0,34.4,-10.5,3,-92.656,1.322,654.603
5078.7,40.98,0.0,31.8,-10.3,3,-94.944,1.291,655.549
5078.7,40.50,0.0,18.9,-9.7,3,-97.223,1.261,656.433
5078.7,40.26,0.0,13.3,-9.7,3,-98.740,1.242,656.987
5086.9,39.98,0.0,8.8,-10.5,3,-101.017,1.212,657.770
5086.9,39.82,0.0,6.4,-11.4,3,-102.536,1.192,658.259
5086.9,39.61,0.0,4.0,-12.6,3,-104.819,1.162,658.943
5086.9,39.49,0.0,2.4,-12.9,3,-106.343,1.143,659.366
5095.1,39.33,0.0,2.2,-13.7,3,-108.634,1.114,659.951
5095.1,39.22,0.0,2.3,-14.2,3,-110.164,1.095,660.308
5095.1,39.05,0.0,3.0,-14.4,3,-112.461,1.066,660.794
5095.1,38.93,0.0,3.5,-14.3,3,-113.994,1.047,661.083
5103.1,38.75,0.0,3.3,-14.4,3,-116.293,1.019,661.466
5103.1,38.63,0.0,3.7,-14.5,3,-117.825,1.001,661.685
5103.1,38.45,0.0,3.5,-14.4,3,-120.121,0.975,661.963
5103.1,38.26,0.0,3.9,-13.9,3,-122.412,0.950,662.175
5111.2,38.14,0.0,3.9,-13.7,3,-123.937,0.935,662.280
5111.2,37.95,0.0,3.6,-14.1,3,-126.218,0.914,662.386
5111.2,37.83,0.0,4.2,-12.1,3,-127.733,0.900,662.421
5111.2,37.65,0.0,4.3,-11.4,3,-129.998,0.880,662.426
5119.0,37.53,0.0,5.0,-11.7,3,-131.502,0.866,662.398
5119.0,37.35,0.0,5.5,-12.9,3,-133.747,0.846,662.310
5119.0,37.22,0.0,5.2,-14.1,3,-135.235,0.833,662.220
5119.0,37.03,0.0,3.9,-14.9,3,-137.455,0.814,662.039
5127.0,36.91,0.0,1.5,-15.8,3,-138.926,0.802,661.887
5127.0,36.76,0.1,0.7,-15.6,3,-141.119,0.784,661.611
5127.0,36.67,0.0,1.8,-13.9,3,-142.572,0.773,661.394
5127.0,36.52,0.0,1.8,-12.9,3,-144.736,0.755,661.021
5134.9,36.42,0.0,2.4,-14.3,3,-146.168,0.744,660.741
5134.9,36.26,0.0,1.5,-16.9,3,-148.298,0.728,660.275
5134.9,36.11,0.0,1.0,-18.9,3,-150.405,0.712,659.752
5134.9,36.00,0.0,0.8,-19.9,3,-151.796,0.702,659.372
5142.5,35.85,0.0,0.4,-20.8,3,-153.861,0.687,658.753
5142.5,35.75,0.0,1.4,-21.3,3,-155.222,0.677,658.307
5142.5,35.58,0.0,4.1,-22.0,3,-157.239,0.662,657.590
5142.5,35.45,0.0,3.4,-22.1,3,-158.565,0.653,657.079
5150.4,35.23,0.0,4.2,-22.1,3,-160.523,0.640,656.263
5150.4,35.10,0.0,0.6,-21.8,3,-161.806,0.632,655.686
5150.4,34.95,4.0,0.0,-21.2,3,-163.696,0.623,654.769
5150.4,34.86,7.9,0.0,-20.8,3,-164.934,0.620,654.124
5157.9,34.76,11.5,0.0,-20.0,3,-166.758,0.617,653.105
5157.9,34.70,8.9,0.0,-19.7,3,-167.951,0.616,652.394
5157.9,34.59,6.5,0.0,-21.0,3,-169.709,0.613,651.285
5157.9,34.47,42.5,0.0,-25.0,0,-171.427,0.608,650.126
5165.8,34.39,9.6,0.0,-28.2,2,-172.549,0.604,649.326
5165.8,34.34,26.1,0.0,-30.7,2,-174.195,0.600,648.086
5165.8,34.33,29.8,0.0,-32.4,2,-175.267,0.600,647.228
5165.8,34.41,44.2,0.0,-35.1,2,-176.839,0.604,645.894
5173.2,34.52,49.0,0.0,-37.2,2,-177.868,0.607,644.976
5173.2,34.66,42.0,0.0,-40.8,2,-179.381,0.611,643.556
5173.2,34.70,28.7,0.0,-43.3,2,-180.370,0.613,642.583
5173.2,34.64,17.3,0.0,-47.7,2,-181.813,0.617,641.084
5180.9,34.56,14.6,0.0,-49.5,2,-182.746,0.621,640.061
5180.9,34.43,11.8,0.0,-51.5,2,-184.101,0.628,638.496
5180.9,34.33,10.8,0.0,-50.8,2,-184.972,0.633,637.432
5180.9,34.18,10.3,0.0,-49.6,2,-186.230,0.643,635.806
5188.0,34.04,10.7,0.0,-47.8,2,-187.430,0.653,634.149
5188.0,33.95,10.9,0.0,-47.0,2,-188.199,0.660,633.027
5188.0,33.80,11.9,0.0,-45.8,2,-189.304,0.669,631.321
5188.0,33.72,13.2,0.0,-44.4,2,-190.007,0.676,630.168
5194.9,33.62,15.5,0.0,-42.4,2,-191.012,0.688,628.416
5194.9,33.56,18.0,0.0,-40.6,2,-191.648,0.696,627.232
5194.9,33.51,24.1,0.0,-37.3,2,-192.555,0.707,625.437
5194.9,33.51,28.8,0.0,-35.2,2,-193.129,0.713,624.225
5201.4,33.56,39.4,0.0,-31.6,2,-193.943,0.721,622.386
5201.4,33.65,49.8,0.0,-29.0,2,-194.455,0.726,621.143
5201.4,33.90,73.6,0.0,-24.4,2,-195.179,0.731,619.252
5201.4,34.16,87.9,0.0,-20.5,2,-195.636,0.734,617.971
5207.9,34.48,63.6,0.0,-13.9,2,-196.283,0.736,616.016
5207.9,34.79,61.9,0.0,-8.2,2,-196.879,0.737,614.026
5207.9,34.99,67.3,0.0,-5.5,2,-197.247,0.737,612.680
5214.6,35.33,68.2,0.0,-2.8,2,-197.755,0.738,610.633
5214.6,35.57,81.1,0.0,-2.7,2,-198.064,0.740,609.250
5214.6,36.02,86.2,0.0,-3.4,2,-198.488,0.743,607.146
5214.6,36.33,88.4,0.0,-4.5,2,-198.745,0.745,605.723
5221.7,36.82,89.7,0.0,-5.4,2,-199.093,0.748,603.557
5221.7,37.15,89.7,0.0,-5.6,2,-199.300,0.751,602.093
5221.7,37.64,89.7,0.0,-7.5,2,-199.571,0.756,599.867
5221.7,37.95,89.7,0.0,-7.1,2,-199.727,0.761,598.364
5229.2,38.44,89.8,0.0,-5.8,2,-199.924,0.769,596.082
5229.2,38.75,89.8,0.0,-4.7,2,-200.033,0.776,594.543
5229.2,39.24,89.8,0.0,-3.2,2,-200.165,0.786,592.207
5229.2,39.56,89.8,0.0,-2.0,2,-200.234,0.795,590.634
5237.1,39.87,29.6,12.7,0.2,2,-200.315,0.809,588.250
5237.1,39.56,0.0,30.9,1.9,2,-200.379,0.826,585.865
5237.1,39.21,0.0,48.1,3.1,2,-200.419,0.837,584.289
5237.1,38.45,0.0,65.5,4.5,2,-200.483,0.852,581.957
5244.9,37.86,0.0,63.3,5.0,2,-200.531,0.863,580.431
5244.9,37.00,0.0,50.3,6.0,2,-200.619,0.879,578.186
5244.9,36.52,0.0,44.6,6.7,2,-200.689,0.890,576.716
5244.9,35.89,0.0,32.4,7.9,2,-200.819,0.907,574.547
5252.3,35.55,0.0,25.7,8.8,2,-200.923,0.918,573.122
5252.3,35.13,0.0,19.0,10.1,2,-201.110,0.933,571.009
5252.3,34.90,0.0,13.5,11.0,2,-201.257,0.943,569.616
5252.3,34.62,0.0,9.0,12.5,2,-201.510,0.957,567.546
5259.5,34.46,0.0,6.6,13.5,2,-201.704,0.965,566.178
5259.5,34.24,0.0,6.0,14.3,2,-202.035,0.978,564.144
5259.5,34.10,0.0,7.4,14.0,2,-202.284,0.987,562.799
5259.5,33.87,0.0,6.1,12.6,2,-202.697,1.000,560.802
5266.5,33.67,0.0,6.0,12.3,2,-203.159,1.014,558.829
5266.5,33.53,0.0,6.5,12.8,2,-203.493,1.023,557.527
5266.5,33.25,0.0,30.8,13.1,2,-204.034,1.039,555.597
5266.5,32.93,0.0,28.2,13.3,2,-204.418,1.050,554.329
5273.5,32.48,0.0,63.3,13.5,2,-205.027,1.066,552.464
5273.5,31.96,0.0,55.1,13.3,2,-205.451,1.077,551.245
5273.5,31.22,0.0,36.6,12.4,2,-206.111,1.095,549.468
5273.5,30.85,0.0,27.6,11.8,2,-206.570,1.106,548.314
5280.7,30.41,0.0,17.4,11.4,2,-207.289,1.125,546.623
5280.7,30.19,0.0,14.3,12.0,2,-207.791,1.138,545.519
5280.7,29.90,0.0,12.6,14.1,2,-208.576,1.158,543.896
5280.7,29.72,0.0,16.0,15.4,2,-209.120,1.171,542.835
5287.4,29.39,0.0,19.6,17.0,2,-209.964,1.191,541.275
5287.4,29.05,0.0,15.5,17.9,2,-210.840,1.209,539.756
5287.4,28.84,0.0,12.7,18.1,2,-211.443,1.221,538.767
5287.4,28.57,0.0,10.8,18.6,2,-212.376,1.239,537.319
5293.8,28.42,37.4,7.2,19.1,0,-213.018,1.251,536.378
5293.8,28.24,0.0,5.4,19.9,1,-214.014,1.268,534.999
5293.8,28.10,0.0,4.4,20.6,1,-214.698,1.279,534.104
5293.8,27.90,0.0,0.7,22.0,1,-215.754,1.295,532.797
5300.5,27.80,1.0,0.0,22.9,1,-216.478,1.305,531.951
5300.5,27.66,1.2,0.0,24.5,1,-217.596,1.320,530.719
5300.5,27.56,0.4,0.0,25.7,1,-218.361,1.329,529.922
5300.5,27.44,7.4,0.0,27.3,1,-219.538,1.342,528.767
5306.4,27.38,8.7,0.0,28.2,1,-220.344,1.351,528.023
5306.4,27.29,8.1,0.0,29.4,1,-221.581,1.362,526.947
5306.4,27.23,11.9,0.0,30.1,1,-222.426,1.370,526.257
5306.4,27.21,20.2,0.0,31.3,1,-223.722,1.380,525.265
5312.1,27.22,22.6,0.0,32.7,1,-225.055,1.390,524.321
5312.1,27.24,22.8,0.0,33.9,1,-225.963,1.396,523.720
5312.1,27.29,28.0,0.0,35.8,1,-227.353,1.404,522.859
5312.1,27.33,25.7,0.0,37.5,1,-228.300,1.409,522.314
5317.8,27.34,21.0,0.0,40.3,1,-229.745,1.415,521.538
5317.8,27.33,20.1,0.0,42.0,1,-230.723,1.419,521.050
5317.8,27.33,21.8,0.0,44.4,1,-232.213,1.424,520.364
5317.8,27.33,20.9,0.0,46.0,1,-233.220,1.426,519.938
5323.5,27.30,19.3,0.0,48.2,1,-234.748,1.430,519.346
5323.5,27.28,18.8,0.0,49.7,1,-235.777,1.432,518.984
5323.5,27.23,16.8,0.0,51.8,1,-237.336,1.434,518.489
5323.5,27.19,16.0,0.0,52.8,1,-238.383,1.435,518.193
5329.1,27.11,14.5,0.0,54.3,1,-239.964,1.436,517.799
5329.1,27.05,13.0,0.0,55.2,1,-241.023,1.436,517.571
5329.1,26.95,11.6,0.0,56.6,1,-242.617,1.435,517.279
5334.8,26.83,11.2,0.0,57.0,1,-244.214,1.434,517.050
5334.8,26.76,10.8,0.0,57.0,1,-245.279,1.433,516.932
5334.8,26.64,10.4,0.0,57.0,1,-246.876,1.430,516.807
5334.8,26.56,10.5,0.0,56.9,1,-247.939,1.428,516.758
5340.3,26.44,10.8,0.0,56.2,1,-249.529,1.424,516.737
5340.3,26.37,10.9,0.0,55.7,1,-250.585,1.421,516.757
5340.3,26.26,11.4,0.0,54.7,1,-252.162,1.416,516.839
5340.3,26.19,12.4,0.0,53.8,1,-253.207,1.412,516.927
5345.7,26.11,14.5,0.0,51.8,1,-254.766,1.406,517.109
5345.7,26.07,16.1,0.0,50.2,1,-255.798,1.401,517.264
5345.7,26.03,20.2,0.0,47.6,1,-257.334,1.393,517.547
5345.7,26.05,26.4,0.0,45.2,1,-258.858,1.385,517.889
5351.1,26.09,30.4,0.0,43.7,1,-259.868,1.378,518.149
5351.1,26.20,39.0,0.0,41.2,1,-261.373,1.367,518.586
5351.1,26.32,47.0,0.0,39.4,1,-262.372,1.359,518.910
5351.1,26.61,64.8,0.0,35.7,1,-263.866,1.345,519.444
5356.6,26.88,76.8,0.0,32.6,1,-264.862,1.335,519.833
5356.6,27.26,58.1,0.0,27.0,1,-266.357,1.320,520.467
5356.6,27.49,65.2,0.0,23.6,1,-267.351,1.309,520.925
5356.6,27.85,59.6,0.0,20.0,1,-268.837,1.292,521.664
5362.2,28.09,62.2,0.0,18.7,1,-269.823,1.281,522.191
5362.2,28.45,61.3,0.0,16.9,1,-271.294,1.264,523.035
5362.2,28.71,69.0,0.0,16.5,1,-272.268,1.252,523.631
5362.2,29.15,69.5,0.0,17.4,1,-273.722,1.233,524.578
5368.2,29.43,70.3,0.0,18.4,1,-274.686,1.219,525.242
5368.2,29.86,72.7,0.0,19.3,1,-276.122,1.198,526.289
5368.2,30.28,67.3,0.0,19.4,1,-277.545,1.177,527.398
5368.2,30.56,74.2,0.0,19.6,1,-278.483,1.162,528.172
5374.9,30.99,68.9,0.0,19.9,1,-279.875,1.140,529.383
5374.9,31.25,71.1,0.0,20.0,1,-280.791,1.124,530.225
5374.9,31.66,68.3,0.0,20.5,1,-282.145,1.100,531.538
5374.9,31.92,71.3,0.0,21.3,1,-283.034,1.084,532.447
5381.5,32.29,64.4,0.0,21.9,1,-284.343,1.059,533.859
5381.5,32.51,65.5,0.0,21.9,1,-285.196,1.042,534.834
5381.5,32.87,71.6,0.0,22.7,1,-286.444,1.018,536.345
5381.5,33.11,66.4,0.0,23.6,1,-287.255,1.002,537.385
5388.5,33.46,66.9,0.0,25.4,1,-288.440,0.979,538.993
5388.5,33.67,61.1,0.0,26.9,1,-289.206,0.963,540.094
5388.5,33.96,62.3,0.0,30.3,1,-290.318,0.940,541.791
5388.5,34.25,53.1,0.0,35.0,1,-291.385,0.916,543.536
5396.3,34.33,33.9,0.0,37.9,1,-292.069,0.900,544.725
5396.3,34.37,29.3,0.0,41.9,1,-293.049,0.878,546.538
5396.3,34.37,26.7,0.0,44.0,1,-293.670,0.864,547.764
5396.3,34.35,22.8,0.0,46.4,1,-294.555,0.844,549.626
5403.7,34.31,21.1,0.0,47.4,1,-295.113,0.831,550.881
5403.7,34.25,18.9,0.0,48.1,1,-295.899,0.810,552.782
5403.7,34.19,18.0,0.0,48.8,1,-296.388,0.797,554.060
5403.7,34.09,17.0,0.0,48.7,1,-297.066,0.778,555.993
5411.6,34.01,16.5,0.0,47.9,1,-297.480,0.766,557.291
5411.6,33.91,16.7,0.0,46.2,1,-298.042,0.751,559.249
5411.6,33.86,17.0,0.0,44.9,1,-298.380,0.741,560.562
5411.6,33.82,27.7,0.0,42.5,1,-298.832,0.726,562.541
5418.9,33.80,22.9,0.0,39.7,1,-299.098,0.716,563.867
5418.9,33.80,30.8,0.0,34.9,1,-299.441,0.702,565.865
5418.9,33.91,53.3,0.0,28.3,1,-299.718,0.690,567.876
5418.9,34.15,82.7,0.0,23.4,1,-299.868,0.682,569.228
5426.3,34.30,0.0,0.0,16.2,0,-300.044,0.671,571.278
5426.3,34.45,89.6,0.0,11.3,2,-300.127,0.663,572.648
5426.3,34.95,89.6,0.0,4.4,2,-300.205,0.653,574.728
5426.3,35.30,89.6,0.0,1.9,2,-300.231,0.647,576.132
5433.5,35.82,89.6,0.0,1.5,2,-300.233,0.639,578.265
5433.5,36.17,89.6,0.0,3.0,2,-300.212,0.635,579.704
5433.5,36.69,89.7,0.0,5.9,2,-300.151,0.629,581.888
5433.5,37.03,89.7,0.0,7.7,2,-300.092,0.625,583.360
5440.8,37.53,89.7,0.0,9.1,2,-299.975,0.619,585.593
5440.8,37.85,89.7,0.0,9.4,2,-299.876,0.615,587.097
5440.8,38.34,89.7,0.0,9.4,2,-299.695,0.608,589.374
5440.8,38.66,89.8,0.0,9.3,2,-299.549,0.604,590.907
5448.3,39.13,89.8,0.0,9.8,2,-299.291,0.596,593.225
5448.3,39.60,89.8,0.0,9.3,2,-298.982,0.587,595.566
5448.3,39.91,89.8,0.0,9.2,2,-298.749,0.580,597.138
5456.0,40.36,89.9,0.0,12.2,2,-298.354,0.569,599.513
5456.0,40.66,89.9,0.0,12.5,2,-298.059,0.560,601.106
5456.0,41.07,89.9,0.0,12.6,0,-297.571,0.545,603.508
5456.0,41.07,0.0,0.0,12.7,0,-297.214,0.533,605.112
5464.0,41.32,89.6,0.0,11.1,3,-296.628,0.513,607.510
5464.0,41.57,89.6,0.0,10.7,3,-296.202,0.501,609.111
5464.0,41.95,89.6,0.0,8.4,3,-295.512,0.481,611.519
5464.0,42.22,89.6,0.0,8.0,3,-295.020,0.465,613.128
5472.3,42.61,89.6,0.0,7.4,3,-294.236,0.438,615.548
5472.3,42.87,89.6,0.0,5.9,3,-293.683,0.419,617.165
5472.3,43.27,89.7,0.0,3.9,3,-292.807,0.389,619.595
5472.3,43.68,89.7,0.0,3.2,3,-291.883,0.356,622.033
5480.8,43.95,89.7,0.0,3.3,3,-291.245,0.331,623.665
5480.8,44.33,89.7,0.0,3.3,3,-290.258,0.294,626.121
5480.8,44.62,89.7,0.0,2.9,3,-289.580,0.269,627.765
5480.8,44.96,89.7,0.0,2.7,3,-288.536,0.235,630.239
5489.7,45.22,89.7,0.0,2.6,3,-287.823,0.211,631.896
5489.7,45.55,89.8,0.0,1.9,3,-286.731,0.169,634.389
5489.7,45.63,33.9,0.0,1.1,3,-285.988,0.138,636.054
5489.7,45.81,51.4,0.0,-0.6,3,-284.856,0.088,638.548
5498.7,45.99,45.4,0.0,-0.9,3,-284.087,0.049,640.215
5498.7,46.31,89.2,0.0,1.8,3,-282.906,-0.004,642.717
5498.7,46.55,89.8,0.0,3.5,3,-282.102,-0.032,644.390
5498.7,46.95,89.8,0.0,3.6,3,-280.874,-0.071,646.912
5508.0,47.23,89.6,0.0,2.8,3,-280.041,-0.098,648.600
5508.0,47.60,89.7,0.0,1.6,3,-278.764,-0.137,651.142
5508.0,47.91,89.9,0.0,0.7,3,-277.459,-0.177,653.694
5508.0,48.25,89.9,0.0,0.0,3,-276.573,-0.205,655.401
5517.5,48.60,89.9,0.0,0.3,3,-275.215,-0.236,657.968
5517.5,48.82,89.9,0.0,0.8,3,-274.293,-0.253,659.683
5517.5,49.19,89.9,0.0,1.9,3,-272.886,-0.276,662.264
5517.5,49.42,89.9,0.0,2.8,3,-271.933,-0.285,663.990
5527.3,49.76,89.9,0.0,4.5,3,-270.483,-0.298,666.587
5527.3,50.01,89.9,0.0,4.3,3,-269.501,-0.309,668.323
5527.3,50.36,89.9,0.0,4.2,3,-267.999,-0.326,670.933
5527.3,50.59,89.9,0.0,3.7,3,-266.978,-0.339,672.674
5537.3,50.93,90.0,0.0,3.8,3,-265.412,-0.356,675.286
5537.3,51.16,90.0,0.0,4.0,3,-264.346,-0.367,677.026
5537.3,51.49,90.1,0.0,4.0,3,-262.715,-0.382,679.638
5537.3,51.71,90.0,0.0,3.9,3,-261.606,-0.390,681.378
5547.5,51.93,0.0,0.0,3.5,0,-259.910,-0.400,683.986
5547.5,52.01,89.8,0.0,2.4,4,-258.184,-0.407,686.579
5547.5,52.22,89.8,0.0,1.6,4,-257.016,-0.411,688.305
5547.5,52.53,89.8,0.0,1.2,4,-255.237,-0.414,690.895
5557.9,52.74,89.8,0.0,1.1,4,-254.036,-0.417,692.623
5557.9,53.05,81.3,0.0,1.1,4,-252.214,-0.421,695.221
5557.9,53.26,74.7,0.0,0.8,4,-250.987,-0.424,696.957
5557.9,53.57,65.0,0.0,1.2,4,-249.130,-0.430,699.569
5568.4,53.78,58.5,0.0,1.5,4,-247.881,-0.435,701.315
5568.4,54.09,57.3,0.0,2.0,4,-245.991,-0.443,703.941
5568.4,54.29,57.4,0.0,2.2,4,-244.719,-0.449,705.695
5568.4,54.60,57.6,0.0,2.5,4,-242.792,-0.457,708.332
5579.2,54.80,57.7,0.0,2.7,4,-241.493,-0.461,710.093
5579.2,55.09,57.8,0.0,2.9,4,-239.524,-0.467,712.736
5579.2,55.39,57.9,0.0,3.1,4,-237.526,-0.473,715.380
5579.2,55.59,58.0,0.0,3.2,4,-236.177,-0.475,717.142
5590.1,55.88,58.1,0.0,3.4,4,-234.128,-0.477,719.784
5590.1,56.07,58.1,0.0,3.6,4,-232.744,-0.479,721.544
5590.1,56.36,58.2,0.0,3.7,4,-230.641,-0.480,724.180
5590.1,56.54,58.3,0.0,3.8,4,-229.220,-0.481,725.934
5601.4,56.82,58.3,0.0,3.9,4,-227.060,-0.481,728.560
5601.4,57.01,58.4,0.0,3.9,4,-225.599,-0.480,730.306
5601.4,57.28,58.5,0.0,4.0,4,-223.379,-0.477,732.917
5601.4,57.46,58.5,0.0,4.0,4,-221.878,-0.474,734.653
5612.9,57.73,58.6,0.0,4.0,4,-219.596,-0.467,737.248
5612.9,57.91,58.7,0.0,4.1,4,-218.054,-0.461,738.971
5612.9,58.18,58.8,0.0,4.0,4,-215.710,-0.448,741.546
5612.9,58.35,58.8,0.0,3.9,4,-214.126,-0.438,743.255
5624.8,58.62,58.9,0.0,4.0,4,-211.720,-0.419,745.809
5624.8,58.88,59.0,0.0,3.7,4,-209.277,-0.399,748.349
5624.8,59.04,59.0,0.0,3.7,4,-207.628,-0.384,750.034
5636.7,59.30,59.1,0.0,3.5,4,-205.125,-0.360,752.551
5636.7,59.47,59.1,0.0,3.5,4,-203.437,-0.342,754.221
5636.7,59.72,59.1,0.0,3.6,4,-200.876,-0.314,756.716
5636.7,59.89,59.2,0.0,3.8,4,-199.150,-0.296,758.373
5648.9,60.14,59.2,0.0,3.8,4,-196.534,-0.272,760.846
5648.9,60.30,59.2,0.0,3.7,4,-194.772,-0.256,762.488
5648.9,60.54,59.3,0.0,4.0,4,-192.099,-0.236,764.937
5648.9,60.71,59.2,0.0,4.1,4,-190.300,-0.227,766.562
5661.3,60.95,59.1,0.0,4.0,4,-187.573,-0.220,768.987
5661.3,61.10,58.9,0.0,3.9,4,-185.736,-0.217,770.594
5661.3,61.33,58.6,0.0,3.8,4,-182.950,-0.213,772.987
5661.3,61.35,0.0,0.0,3.5,0,-180.132,-0.207,775.358
5673.7,61.41,84.5,0.0,3.4,5,-178.240,-0.202,776.920
5673.7,61.62,74.4,0.0,3.5,5,-175.374,-0.195,779.246
5673.7,61.76,67.6,0.0,3.9,5,-173.445,-0.191,780.784
5673.7,61.97,57.6,0.0,4.7,5,-170.524,-0.190,783.074
5686.4,62.11,56.3,0.0,5.1,5,-168.558,-0.192,784.588
5686.4,62.31,56.4,0.0,5.1,5,-165.579,-0.195,786.836
5686.4,62.44,56.5,0.0,4.9,5,-163.572,-0.196,788.318
5686.4,62.64,56.6,0.0,4.9,5,-160.530,-0.194,790.515
5699.1,62.78,56.7,0.0,5.1,5,-158.481,-0.192,791.962
5699.1,62.97,56.8,0.0,5.2,5,-155.378,-0.190,794.105
5699.1,63.11,56.8,0.0,5.5,5,-153.289,-0.190,795.517
5699.1,63.30,56.9,0.0,4.9,5,-150.125,-0.190,797.606
5712.0,63.42,57.1,0.0,4.4,5,-147.994,-0.187,798.978
5712.0,63.61,57.1,0.0,4.4,5,-144.767,-0.178,801.006
5712.0,63.82,57.2,0.0,4.9,5,-141.506,-0.172,803.000
5712.0,63.96,57.2,0.0,5.4,5,-139.314,-0.170,804.312
5725.1,64.14,57.4,0.0,5.6,5,-135.996,-0.170,806.251
5725.1,64.26,57.4,0.0,5.0,5,-133.765,-0.167,807.521
5725.1,64.45,57.4,0.0,5.0,5,-130.388,-0.161,809.393
5725.1,64.59,57.5,0.0,5.5,5,-128.118,-0.161,810.620
5738.1,64.77,57.6,0.0,6.1,5,-124.684,-0.161,812.426
5738.1,64.88,57.6,0.0,6.1,5,-122.375,-0.159,813.606
5738.1,65.07,57.7,0.0,6.0,5,-118.883,-0.157,815.338
5738.1,65.18,57.8,0.0,5.7,5,-116.536,-0.154,816.467
5751.4,65.36,57.8,0.0,5.8,5,-112.987,-0.151,818.122
5751.4,65.48,57.9,0.0,6.1,5,-110.602,-0.149,819.199
5751.4,65.66,58.0,0.0,6.4,5,-106.997,-0.147,820.774
5751.4,65.77,58.0,0.0,6.4,5,-104.576,-0.144,821.795
5764.7,65.94,58.1,0.0,6.0,5,-100.916,-0.137,823.285
5764.7,66.11,58.1,0.0,6.0,5,-97.225,-0.131,824.723
5764.7,66.23,58.1,0.0,6.0,5,-94.747,-0.127,825.652
5764.7,66.40,58.2,0.0,6.3,5,-91.005,-0.120,827.003
5777.9,66.51,58.2,0.0,6.5,5,-88.494,-0.118,827.875
5777.9,66.68,58.2,0.0,6.1,5,-84.703,-0.114,829.137
5777.9,66.78,58.3,0.0,5.8,5,-82.160,-0.109,829.947
5777.9,66.95,58.3,0.0,5.7,5,-78.322,-0.101,831.115
5791.2,67.06,58.3,0.0,5.7,5,-75.749,-0.096,831.864
5791.2,67.22,58.4,0.0,5.8,5,-71.868,-0.089,832.941
5791.2,67.33,58.4,0.0,6.1,5,-69.266,-0.084,833.629
5791.2,67.49,58.4,0.0,4.5,5,-65.344,-0.075,834.614
5804.6,67.60,58.4,0.0,4.3,5,-62.716,-0.068,835.242
5804.6,67.77,58.5,0.0,3.6,5,-58.756,-0.058,836.140
5804.6,67.88,58.5,0.0,3.3,5,-56.104,-0.049,836.711
5804.6,68.05,58.5,0.0,3.1,5,-52.110,-0.033,837.532
5818.0,68.22,58.6,0.0,3.0,5,-48.098,-0.015,838.313
5818.0,68.33,58.6,0.0,2.9,5,-45.413,-0.001,838.814
5818.0,68.50,58.7,0.0,2.9,5,-41.373,0.021,839.535
5818.0,68.61,58.7,0.0,2.8,5,-38.670,0.037,839.998
5831.7,68.78,58.7,0.0,2.8,5,-34.603,0.059,840.665
5831.7,68.89,58.8,0.0,2.9,5,-31.883,0.074,841.091
5831.7,69.06,58.8,0.0,2.2,5,-27.791,0.098,841.704
5831.7,69.17,58.9,0.0,1.8,5,-25.054,0.115,842.095
5845.5,69.33,58.9,0.0,1.4,5,-20.938,0.143,842.657
5845.5,69.45,58.9,0.0,1.2,5,-18.186,0.164,843.018
5845.5,69.61,59.0,0.0,0.9,5,-14.048,0.190,843.542
5845.5,69.73,59.0,0.0,0.6,5,-11.282,0.206,843.882
5859.4,69.89,59.0,0.0,0.3,5,-7.124,0.234,844.381
5859.4,70.06,59.1,0.0,0.0,5,-2.955,0.262,844.871
5859.4,70.16,59.1,0.0,-0.1,5,-0.169,0.282,845.195
4.2,70.34,59.1,0.0,-0.1,5,4.017,0.307,845.677
