opponent,v3,Julien Andlauer,0,1771612913513
Game,version,date,track,car,event,laptime [s],S1 [s],S2 [s],S3 [s],S4+ [s]
LMU,1.2,2026-02-20 18:41:53,Silverstone Grand Prix Circuit - ELMS,Porsche Penske Motorsport 2025 #5:LM (Hyper),Live,107.979,0,0,0
Tracklen [m],TotalLaps
5869.1,6
,
,
lapdistance [m],speed [m/s],throttle [%],brake [%],steer [%],gear [int],world_x [m],world_y [m],world_z [m]
52.2,72.42,91.1,0.0,0.2,6,56.085,0.759,850.982
52.2,72.56,91.1,0.0,0.1,6,60.407,0.798,851.468
52.2,72.70,91.2,0.0,0.2,6,64.737,0.839,851.953
66.7,72.79,91.2,0.0,0.1,6,67.629,0.867,852.275
66.7,72.93,91.2,0.0,0.1,6,71.973,0.909,852.757
66.7,73.02,91.3,0.0,0.1,6,74.875,0.935,853.078
66.7,73.17,91.3,0.0,-0.0,6,79.234,0.972,853.558
81.2,73.26,91.3,0.0,-0.1,6,82.145,0.995,853.877
81.2,73.39,91.4,0.0,-0.1,6,86.518,1.029,854.356
81.2,73.48,91.4,0.0,-0.0,6,89.437,1.052,854.675
81.2,73.62,91.4,0.0,0.1,6,93.824,1.087,855.154
95.9,73.71,91.5,0.0,0.1,6,96.753,1.108,855.474
95.9,73.84,91.5,0.0,0.0,6,101.153,1.140,855.955
95.9,73.93,91.5,0.0,0.1,6,104.090,1.161,856.275
95.9,74.06,91.6,0.0,0.2,6,108.504,1.192,856.756
110.7,74.19,91.6,0.0,0.3,6,112.925,1.224,857.235
110.7,74.28,91.6,0.0,0.3,6,115.876,1.246,857.554
110.7,74.41,91.7,0.0,0.2,6,120.311,1.277,858.031
110.7,74.50,91.7,0.0,0.1,6,123.272,1.296,858.347
125.5,74.63,91.7,0.0,0.1,6,127.721,1.320,858.818
125.5,74.71,91.8,0.0,0.1,6,130.691,1.335,859.130
125.5,74.83,91.8,0.0,0.1,6,135.152,1.360,859.596
125.5,74.91,91.8,0.0,0.2,6,138.131,1.379,859.905
140.5,75.03,91.9,0.0,0.3,6,142.605,1.415,860.367
140.5,75.13,91.9,0.0,0.2,6,145.592,1.434,860.674
140.5,75.25,91.9,0.0,0.2,6,150.080,1.462,861.133
140.5,75.33,92.0,0.0,0.2,6,153.076,1.480,861.437
155.5,75.45,92.0,0.0,0.2,6,157.576,1.506,861.891
155.5,75.54,92.0,0.0,0.2,6,160.581,1.522,862.192
155.5,75.65,92.1,0.0,0.1,6,165.093,1.549,862.643
155.5,75.74,92.1,0.0,0.1,6,168.106,1.568,862.942
170.6,75.86,92.1,0.0,-0.0,6,172.632,1.598,863.389
170.6,75.98,92.1,0.0,-0.1,6,177.164,1.629,863.834
170.6,76.05,92.2,0.0,-0.1,6,180.190,1.649,864.130
185.8,76.17,92.2,0.0,-0.3,6,184.735,1.678,864.576
185.8,76.25,92.2,0.0,-0.4,6,187.769,1.696,864.875
185.8,76.36,92.2,0.0,-0.4,6,192.325,1.723,865.326
185.8,76.43,92.3,0.0,-0.4,6,195.365,1.743,865.631
201.1,76.55,92.3,0.0,-0.2,6,199.931,1.771,866.093
201.1,76.63,92.3,0.0,-0.2,6,202.979,1.789,866.406
201.1,76.75,92.3,0.0,-0.2,6,207.555,1.815,866.882
201.1,76.82,92.4,0.0,-0.2,6,210.610,1.830,867.203
216.4,76.93,92.4,0.0,0.1,6,215.196,1.856,867.689
216.4,77.00,92.4,0.0,0.3,6,218.257,1.877,868.016
216.4,77.11,92.5,0.0,0.4,6,222.854,1.909,868.507
216.4,77.23,92.5,0.0,0.2,6,227.458,1.941,868.996
231.8,77.30,92.5,0.0,0.2,6,230.532,1.962,869.320
231.8,77.40,90.4,0.0,0.5,6,235.147,1.995,869.800
231.8,77.40,49.2,8.8,0.7,6,238.227,2.018,870.117
231.8,76.86,0.0,72.7,1.1,6,242.837,2.050,870.583
247.3,76.08,0.0,83.0,1.1,6,245.883,2.066,870.887
247.3,74.80,0.0,88.9,1.2,6,250.391,2.089,871.328
247.3,73.93,0.0,90.9,1.2,6,253.354,2.106,871.610
247.3,72.59,0.0,91.4,1.4,6,257.734,2.130,872.013
262.1,71.72,0.0,92.5,1.5,6,260.610,2.146,872.268
262.1,70.37,0.0,91.8,1.9,6,264.860,2.169,872.626
262.1,69.48,0.0,91.9,2.1,6,267.650,2.184,872.846
262.1,68.15,0.0,92.1,2.3,6,271.771,2.205,873.147
275.9,66.83,0.0,92.6,2.5,6,275.815,2.222,873.409
275.9,65.95,0.0,92.3,2.6,6,278.467,2.232,873.561
275.9,64.62,0.0,91.3,2.4,6,282.382,2.246,873.748
275.9,63.76,0.0,84.8,2.6,6,284.950,2.256,873.845
288.9,62.56,0.0,71.5,2.5,0,288.740,2.268,873.947
288.9,61.87,31.8,62.4,2.0,0,291.229,2.276,873.983
288.9,60.94,0.0,42.4,2.1,5,294.914,2.292,873.985
288.9,60.47,0.0,25.1,3.0,5,297.343,2.303,873.951
301.1,59.98,0.0,18.8,4.7,5,300.955,2.319,873.845
301.1,59.69,0.0,17.7,5.9,5,303.347,2.331,873.737
301.1,59.30,0.0,9.5,7.7,5,306.910,2.350,873.522
301.1,59.09,0.0,6.8,8.1,5,309.271,2.364,873.342
312.9,58.81,0.0,7.3,8.9,5,312.793,2.387,873.016
312.9,58.62,0.0,4.1,9.3,5,315.129,2.402,872.763
312.9,58.39,1.9,0.1,8.7,5,318.612,2.424,872.326
312.9,58.16,0.2,4.2,7.7,5,322.072,2.445,871.820
324.5,57.98,0.0,12.2,7.5,5,324.365,2.458,871.444
324.5,57.63,0.0,16.3,7.4,5,327.778,2.477,870.824
324.5,57.36,0.0,19.2,8.3,5,330.034,2.489,870.375
324.5,56.93,0.0,14.3,9.5,5,333.385,2.505,869.645
336.0,56.69,0.0,2.9,9.9,5,335.596,2.516,869.121
336.0,56.55,40.6,0.0,10.5,5,338.885,2.533,868.275
336.0,56.56,51.1,0.0,11.4,5,341.065,2.544,867.669
336.0,56.64,65.8,0.0,13.6,5,344.318,2.560,866.698
347.6,56.70,64.5,0.0,15.4,5,346.477,2.570,866.008
347.6,56.75,50.3,0.0,18.3,5,349.699,2.585,864.909
347.6,56.73,37.5,0.0,18.7,5,351.832,2.596,864.135
347.6,56.59,9.6,0.0,19.5,5,355.005,2.612,862.911
359.8,56.46,11.0,0.0,19.5,5,357.098,2.624,862.055
359.8,56.32,33.4,0.0,18.9,5,360.202,2.642,860.710
359.8,56.31,63.6,0.0,18.4,5,363.267,2.660,859.291
359.8,56.38,79.5,0.0,18.3,5,365.292,2.672,858.303
371.6,56.49,63.6,0.0,19.3,5,368.305,2.689,856.757
371.6,56.50,56.7,0.0,20.8,5,370.294,2.700,855.685
371.6,56.55,68.1,0.0,23.2,5,373.246,2.718,854.016
371.6,56.61,68.0,0.0,24.8,5,375.194,2.730,852.863
383.4,56.66,59.2,0.0,26.0,5,378.083,2.747,851.076
383.4,56.66,53.9,0.0,26.5,5,379.987,2.759,849.846
383.4,56.66,50.7,0.0,27.1,5,382.808,2.775,847.948
383.4,56.64,48.7,0.0,27.3,5,384.663,2.784,846.647
395.5,56.61,47.8,0.0,26.9,5,387.406,2.800,844.641
395.5,56.58,47.3,0.0,26.3,5,389.206,2.810,843.268
395.5,56.55,48.0,0.0,24.9,5,391.861,2.827,841.154
395.5,56.54,50.1,0.0,24.2,5,393.602,2.838,839.710
407.2,56.53,54.7,0.0,23.4,5,396.168,2.854,837.492
407.2,56.53,58.3,0.0,22.7,5,397.848,2.864,835.979
407.2,56.57,61.6,0.0,21.9,5,400.322,2.882,833.656
407.2,56.56,33.7,0.0,21.5,5,401.940,2.893,832.075
418.8,56.37,17.9,0.1,20.3,5,404.316,2.910,829.659
418.8,56.37,76.8,0.0,18.0,5,406.628,2.925,827.193
418.8,56.48,85.6,0.0,16.5,5,408.138,2.935,825.516
430.2,56.65,86.0,0.0,15.1,5,410.360,2.948,822.951
430.2,56.77,86.1,0.0,14.3,5,411.814,2.955,821.210
430.2,56.95,86.1,0.0,12.3,5,413.948,2.965,818.549
430.2,57.07,86.2,0.0,11.6,5,415.338,2.973,816.741
441.3,57.26,86.4,0.0,11.6,5,417.375,2.988,813.983
441.3,57.39,86.4,0.0,12.2,5,418.704,2.996,812.115
441.3,57.58,86.5,0.0,14.5,5,420.655,3.006,809.270
441.3,57.71,86.6,0.0,14.6,5,421.923,3.015,807.345
452.5,57.90,86.7,0.0,13.4,5,423.775,3.030,804.414
452.5,58.02,86.8,0.0,12.3,5,424.978,3.042,802.432
452.5,58.20,86.9,0.0,10.3,5,426.728,3.063,799.417
452.5,58.39,87.1,0.0,9.4,5,428.416,3.087,796.354
463.9,58.53,87.1,0.0,8.7,5,429.509,3.102,794.287
463.9,58.72,87.2,0.0,8.6,5,431.095,3.128,791.148
463.9,58.86,86.7,0.0,8.6,5,432.120,3.146,789.032
463.9,59.05,87.3,0.0,7.9,5,433.612,3.169,785.826
475.5,59.20,87.4,0.0,6.6,5,434.577,3.183,783.667
475.5,59.41,87.5,0.0,6.6,5,435.973,3.213,780.395
475.5,59.51,86.4,0.0,6.3,5,436.873,3.237,778.195
475.5,59.63,60.9,0.0,2.7,5,438.187,3.264,774.871
487.3,59.74,51.4,0.0,-1.4,5,439.042,3.271,772.643
487.3,59.86,86.7,0.0,-2.8,5,440.273,3.282,769.274
487.3,59.99,87.9,0.0,-0.4,5,441.056,3.298,767.009
487.3,60.20,88.0,0.0,3.2,5,442.188,3.326,763.586
499.2,60.37,88.0,0.0,4.6,5,442.923,3.344,761.290
499.2,60.54,72.0,0.0,4.9,5,444.000,3.372,757.826
499.2,60.69,81.0,0.0,3.6,5,445.043,3.400,754.343
499.2,60.83,88.3,0.0,2.1,5,445.720,3.418,752.009
511.1,61.07,88.3,0.0,0.2,5,446.709,3.444,748.488
511.1,61.20,88.4,0.0,0.8,5,447.349,3.463,746.129
511.1,61.41,87.9,0.0,2.1,5,448.290,3.491,742.572
511.1,61.61,87.9,0.0,3.1,5,448.904,3.514,740.190
523.3,61.79,88.8,0.0,3.6,5,449.806,3.551,736.601
523.3,61.97,88.9,0.0,3.0,5,450.396,3.568,734.198
523.3,62.19,88.9,0.0,2.2,5,451.251,3.591,730.573
523.3,62.32,89.0,0.0,2.5,5,451.797,3.608,728.144
535.6,62.55,89.0,0.0,2.9,5,452.584,3.633,724.482
535.6,62.69,89.0,0.0,3.0,5,453.085,3.651,722.028
535.6,62.89,89.2,0.0,3.5,5,453.805,3.682,718.331
535.6,63.11,89.2,0.0,2.9,5,454.490,3.711,714.614
548.1,63.25,89.3,0.0,2.5,5,454.929,3.727,712.126
548.1,63.47,89.3,0.0,1.6,5,455.561,3.750,708.377
548.1,63.60,89.4,0.0,1.1,5,455.965,3.769,705.869
548.1,63.82,89.5,0.0,0.5,5,456.551,3.801,702.091
560.7,63.97,89.5,0.0,0.7,5,456.932,3.821,699.565
560.7,64.18,89.6,0.0,0.9,5,457.491,3.851,695.762
560.7,64.32,89.7,0.0,0.9,5,457.858,3.873,693.218
560.7,64.53,89.7,0.0,0.9,5,458.398,3.906,689.392
573.5,64.68,89.8,0.0,0.7,5,458.753,3.928,686.832
573.5,64.88,89.8,0.0,0.8,5,459.277,3.960,682.982
573.5,65.02,89.9,0.0,0.9,5,459.620,3.981,680.407
573.5,65.23,90.0,0.0,0.9,5,460.128,4.013,676.533
586.3,65.36,90.0,0.0,0.9,5,460.461,4.035,673.943
586.3,65.57,90.1,0.0,0.9,5,460.952,4.068,670.047
586.3,65.77,90.1,0.0,0.8,5,461.433,4.101,666.136
586.3,65.90,90.2,0.0,0.8,5,461.748,4.122,663.522
599.4,66.10,90.3,0.0,0.9,5,462.212,4.154,659.590
599.4,66.24,90.3,0.0,0.9,5,462.515,4.175,656.961
599.4,66.43,90.4,0.0,1.0,5,462.961,4.210,653.006
599.4,66.56,90.4,0.0,1.0,5,463.251,4.233,650.363
612.6,66.76,90.5,0.0,1.0,5,463.677,4.267,646.387
612.6,66.89,90.5,0.0,0.9,5,463.954,4.289,643.728
612.6,67.08,90.6,0.0,0.9,5,464.359,4.321,639.730
612.6,67.20,90.6,0.0,0.9,5,464.621,4.343,637.058
625.9,67.39,90.7,0.0,0.9,5,465.004,4.377,633.039
625.9,67.52,90.8,0.0,0.9,5,465.252,4.399,630.352
625.9,67.71,90.8,0.0,0.8,5,465.613,4.432,626.312
625.9,67.84,90.8,0.0,0.8,5,465.847,4.453,623.611
639.4,68.02,90.9,0.0,0.7,5,466.186,4.484,619.550
639.4,68.21,91.0,0.0,0.7,5,466.513,4.516,615.477
639.4,68.32,91.0,0.0,0.8,5,466.725,4.538,612.755
653.1,68.51,91.1,0.0,0.6,5,467.033,4.570,608.662
653.1,68.63,91.1,0.0,0.6,5,467.233,4.592,605.927
653.1,68.80,91.2,0.0,0.6,5,467.524,4.624,601.815
653.1,68.93,91.2,0.0,0.6,5,467.714,4.645,599.067
666.8,69.10,91.3,0.0,0.5,5,467.991,4.677,594.936
666.8,69.22,91.3,0.0,0.5,5,468.171,4.698,592.175
666.8,69.40,91.4,0.0,0.5,5,468.435,4.728,588.026
666.8,69.51,91.4,0.0,0.6,5,468.606,4.747,585.253
680.7,69.69,91.5,0.0,0.4,5,468.857,4.775,581.085
680.7,69.80,91.5,0.0,0.5,5,469.020,4.793,578.300
680.7,69.97,91.5,0.0,0.4,5,469.258,4.817,574.114
680.7,70.09,91.6,0.0,0.3,5,469.412,4.832,571.317
694.7,70.25,91.6,0.0,0.4,5,469.638,4.852,567.114
694.7,70.42,91.7,0.0,0.2,5,469.858,4.870,562.899
694.7,70.53,91.7,0.0,0.1,5,470.002,4.881,560.084
694.7,70.69,91.8,0.0,-0.0,0,470.213,4.897,555.853
708.8,70.62,0.0,0.0,-0.0,0,470.352,4.907,553.030
708.8,70.71,90.9,0.0,-0.0,6,470.558,4.920,548.797
708.8,70.81,90.9,0.0,-0.0,6,470.694,4.927,545.970
708.8,70.96,91.0,0.0,-0.0,6,470.900,4.936,541.722
723.1,71.07,91.0,0.0,-0.0,6,471.036,4.940,538.885
723.1,71.22,91.1,0.0,0.0,6,471.242,4.946,534.622
723.1,71.32,91.1,0.0,0.0,6,471.380,4.949,531.774
723.1,71.48,91.1,0.0,0.0,6,471.586,4.952,527.496
737.4,71.58,91.2,0.0,0.0,6,471.724,4.952,524.638
737.4,71.73,91.2,0.0,-0.0,6,471.932,4.949,520.344
737.4,71.83,91.2,0.0,-0.0,6,472.070,4.946,517.476
737.4,71.98,91.3,0.0,-0.0,6,472.279,4.940,513.167
751.8,72.08,91.3,0.0,-0.1,6,472.418,4.935,510.289
751.8,72.23,91.4,0.0,-0.1,6,472.629,4.926,505.965
751.8,72.39,91.4,0.0,0.0,6,472.840,4.913,501.632
751.8,72.48,91.4,0.0,0.0,6,472.981,4.902,498.738
766.3,72.63,91.5,0.0,0.1,6,473.193,4.882,494.390
766.3,72.73,91.5,0.0,0.1,6,473.335,4.868,491.486
766.3,72.87,91.5,0.0,0.1,6,473.546,4.843,487.123
766.3,72.97,91.6,0.0,-0.0,6,473.687,4.826,484.210
780.9,73.12,91.6,0.0,-0.2,6,473.897,4.802,479.833
780.9,73.21,91.6,0.0,-0.4,6,474.038,4.787,476.910
780.9,73.35,91.7,0.0,-0.8,6,474.251,4.767,472.518
780.9,73.45,91.7,0.0,-1.2,6,474.396,4.755,469.586
795.5,73.59,91.7,0.0,-1.4,6,474.623,4.736,465.181
795.5,73.69,91.8,0.0,-1.6,6,474.783,4.723,462.240
795.5,73.82,91.8,0.0,-2.3,6,475.040,4.704,457.822
795.5,73.91,91.8,0.0,-2.8,6,475.225,4.693,454.874
810.2,74.04,91.9,0.0,-3.2,6,475.529,4.672,450.446
810.2,74.17,91.9,0.0,-3.4,6,475.870,4.647,446.012
810.2,74.25,91.9,0.0,-3.7,6,476.123,4.632,443.055
810.2,74.38,92.0,0.0,-4.5,6,476.543,4.610,438.616
825.0,74.47,92.0,0.0,-4.6,6,476.850,4.590,435.655
825.0,74.57,92.0,0.0,-4.6,6,477.362,4.560,431.214
825.0,74.63,92.0,0.0,-4.6,6,477.741,4.545,428.255
825.0,74.74,92.1,0.0,-5.0,6,478.367,4.527,423.818
839.9,74.82,92.1,0.0,-4.5,6,478.822,4.514,420.862
839.9,74.92,92.1,0.0,-5.1,6,479.561,4.495,416.431
839.9,74.99,92.1,0.0,-5.3,6,480.092,4.484,413.481
839.9,75.09,92.2,0.0,-5.5,6,480.949,4.467,409.061
854.8,75.15,92.2,0.0,-4.8,6,481.559,4.456,406.119
854.8,75.26,92.2,0.0,-4.2,6,482.532,4.436,401.713
854.8,75.33,92.3,0.0,-4.2,6,483.218,4.422,398.781
854.8,75.43,92.3,0.0,-4.6,6,484.302,4.395,394.390
869.7,75.54,92.3,0.0,-5.5,6,485.449,4.362,390.009
869.7,75.61,92.3,0.0,-6.0,6,486.248,4.334,387.094
869.7,75.70,92.3,0.0,-5.3,6,487.501,4.288,382.732
869.7,75.76,92.4,0.0,-4.0,6,488.376,4.255,379.832
884.6,75.86,92.4,0.0,-3.4,6,489.747,4.205,375.495
884.6,75.93,92.4,0.0,-3.4,6,490.699,4.170,372.613
884.6,76.03,92.4,0.0,-4.7,6,492.181,4.114,368.302
884.6,76.10,92.5,0.0,-6.1,6,493.204,4.076,365.437
900.2,76.20,92.5,0.0,-6.3,6,494.793,4.019,361.154
900.2,76.26,92.5,0.0,-4.7,6,495.891,3.982,358.309
900.2,76.36,92.5,0.0,-1.6,6,497.595,3.926,354.061
900.2,76.42,92.6,0.0,0.2,6,498.767,3.888,351.239
915.9,76.42,31.1,8.1,2.1,6,500.570,3.834,347.022
915.9,76.22,0.0,15.4,2.0,6,501.790,3.802,344.223
915.9,75.75,0.0,41.7,1.6,6,503.618,3.747,340.044
915.9,75.25,0.0,54.2,1.5,6,504.824,3.704,337.273
931.5,74.34,0.0,57.7,2.0,6,506.599,3.640,333.150
973.8,66.49,0.0,41.8,4.8,6,520.151,3.344,296.103
973.8,66.01,0.0,40.3,4.4,6,520.870,3.334,293.551
973.8,65.30,0.0,28.7,4.0,6,521.882,3.319,289.743
973.8,64.98,34.7,2.9,3.7,6,522.514,3.308,287.216
986.7,65.02,71.4,0.0,4.9,6,523.400,3.290,283.419
986.7,64.79,1.6,21.3,7.4,6,524.217,3.270,279.607
986.7,64.48,0.0,7.1,8.4,6,524.721,3.258,277.071
986.7,64.29,43.1,0.0,8.5,6,525.412,3.243,273.271
1000.7,64.32,79.7,0.0,9.7,6,525.831,3.235,270.734
1000.7,64.44,81.6,0.0,10.0,6,526.400,3.220,266.914
1000.7,64.46,64.5,0.0,10.0,6,526.737,3.214,264.357
1000.7,64.53,78.7,0.0,9.6,6,527.175,3.207,260.510
1015.0,64.55,30.0,18.9,7.9,6,527.430,3.197,257.942
1015.0,64.11,0.0,40.0,8.0,6,527.729,3.190,254.091
1015.0,63.76,0.0,21.6,8.1,6,527.877,3.190,251.537
1015.0,63.29,0.0,1.6,7.7,6,528.034,3.183,247.728
1028.4,63.03,0.0,2.8,7.8,6,528.088,3.179,245.203
1028.4,62.72,0.0,5.8,10.4,6,528.092,3.175,241.430
1028.4,62.50,0.0,6.2,12.8,6,528.043,3.173,238.925
1028.4,62.15,0.0,4.6,15.6,6,527.895,3.173,235.189
1041.2,61.85,0.0,0.3,17.0,6,527.652,3.181,231.476
1041.2,61.67,0.2,0.2,17.0,6,527.439,3.189,229.015
1041.2,61.42,4.5,0.0,15.7,6,527.045,3.204,225.343
1041.2,61.26,5.4,0.0,15.3,6,526.735,3.213,222.909
1053.4,61.01,4.2,1.3,11.8,6,526.197,3.225,219.279
1053.4,60.85,16.5,0.0,9.7,6,525.789,3.235,216.877
1053.4,60.68,30.5,0.0,7.2,6,525.098,3.255,213.297
1053.4,60.64,59.3,0.0,6.1,6,524.586,3.272,210.926
1065.3,60.74,83.9,0.0,5.2,6,523.749,3.300,207.383
1102.4,60.85,28.8,78.1,-3.0,0,513.401,3.577,173.274
1102.4,59.74,0.0,71.4,-2.4,5,512.358,3.594,169.808
1102.4,59.06,0.0,63.0,-2.6,5,511.690,3.606,167.527
1102.4,58.15,0.0,49.7,-5.0,5,510.731,3.622,164.142
1114.4,57.63,0.0,44.6,-5.4,5,510.125,3.632,161.907
1114.4,56.92,0.0,48.5,-5.7,5,509.269,3.647,158.578
1114.4,56.41,0.0,53.8,-4.7,5,508.735,3.658,156.374
1114.4,55.57,0.0,56.0,-4.1,5,507.990,3.675,153.096
1125.9,55.00,0.0,50.1,-4.8,5,507.530,3.686,150.932
1125.9,54.25,0.0,37.7,-5.2,5,506.894,3.701,147.716
1125.9,53.84,0.0,25.3,-6.0,5,506.509,3.711,145.588
1125.9,53.40,0.0,10.2,-7.9,5,505.987,3.723,142.414
1137.0,53.12,0.0,2.1,-9.9,5,505.534,3.731,139.250
1137.0,52.99,0.0,0.5,-11.2,5,505.271,3.735,137.144
1137.0,52.79,0.0,3.9,-13.0,5,504.935,3.738,133.988
1137.0,52.64,0.0,4.9,-14.2,5,504.750,3.737,131.887
1148.1,52.41,1.5,17.9,-16.2,5,504.531,3.732,128.743
1148.1,52.41,1.5,17.9,-16.2,5,504.531,3.732,128.743
1148.1,52.41,1.5,17.9,-16.2,5,504.531,3.732,128.743
1148.1,51.31,0.0,38.2,-13.7,4,504.309,3.704,122.515
1159.0,50.36,0.0,44.2,-6.9,4,504.343,3.694,118.446
1159.0,49.94,0.0,47.0,-2.8,4,504.414,3.694,116.441
1159.0,49.13,0.0,47.5,4.8,4,504.569,3.688,113.470
1159.0,48.65,0.0,49.7,9.1,4,504.711,3.687,111.519
1169.6,48.06,31.6,54.6,15.7,0,504.969,3.679,108.628
1169.6,47.38,0.0,54.8,21.1,3,505.170,3.670,106.729
1169.6,46.64,0.0,55.5,31.2,3,505.531,3.669,103.934
1169.6,46.23,0.0,53.1,37.1,3,505.797,3.664,102.094
1179.6,45.31,0.0,43.8,52.7,3,506.228,3.649,99.382
1179.6,44.79,0.0,37.6,63.3,0,506.538,3.638,97.606
1179.6,44.09,0.0,31.3,77.6,2,507.039,3.621,94.986
1179.6,43.47,0.0,25.8,86.8,2,507.579,3.602,92.414
1188.7,43.05,0.0,22.4,90.3,2,507.957,3.589,90.724
1188.7,42.47,0.0,10.0,88.5,2,508.554,3.570,88.229
1188.7,42.15,0.0,3.2,80.3,2,508.973,3.556,86.589
1188.7,41.77,4.1,0.0,65.5,2,509.641,3.531,84.161
1197.6,41.54,5.2,0.0,54.7,2,510.115,3.512,82.564
1197.6,41.24,13.5,0.0,37.5,2,510.875,3.481,80.200
1197.6,41.08,10.5,0.0,25.6,2,511.417,3.459,78.645
1197.6,40.85,7.8,0.0,7.5,2,512.282,3.426,76.344
1206.1,40.72,14.6,0.0,-5.4,2,512.895,3.402,74.833
1206.1,40.57,6.2,0.0,-23.6,2,513.865,3.367,72.595
1206.1,40.52,34.1,0.0,-34.6,2,514.881,3.329,70.386
1206.1,40.57,43.3,0.0,-36.5,2,515.582,3.304,68.924
1214.3,40.70,52.7,0.0,-33.5,2,516.679,3.270,66.748
1214.3,40.81,54.9,0.0,-29.3,2,517.445,3.249,65.309
1214.3,41.02,67.2,0.0,-21.9,2,518.650,3.221,63.172
1214.3,41.20,67.4,0.0,-17.4,2,519.493,3.204,61.760
1222.4,41.44,58.0,0.0,-10.4,2,520.813,3.180,59.662
1222.4,41.55,37.2,6.9,-3.2,2,521.730,3.164,58.278
1222.4,41.31,0.0,30.2,4.6,2,523.149,3.141,56.233
1222.4,40.91,0.0,44.2,6.8,2,524.107,3.125,54.895
1230.7,40.20,0.0,52.3,6.0,2,525.542,3.103,52.927
1230.7,39.69,0.0,55.5,3.6,2,526.487,3.090,51.638
1230.7,38.89,0.0,59.7,1.5,2,527.878,3.069,49.732
1230.7,38.33,0.0,61.1,2.6,2,528.786,3.055,48.481
1238.6,37.46,0.0,62.4,3.5,2,530.112,3.032,46.632
1238.6,36.59,0.0,63.0,3.5,2,531.393,3.010,44.815
1238.6,36.01,0.0,62.8,3.6,2,532.222,2.996,43.621
1245.9,35.20,0.0,36.1,4.1,2,533.426,2.975,41.856
1245.9,34.85,0.0,17.0,6.1,2,534.205,2.961,40.692
1245.9,34.60,0.6,0.8,10.6,2,535.343,2.940,38.948
1245.9,34.51,1.6,0.0,12.6,2,536.083,2.925,37.780
1252.8,34.38,0.8,0.0,14.4,2,537.159,2.902,36.016
1252.8,34.23,0.0,1.2,14.5,2,538.193,2.878,34.236
1252.8,34.14,0.0,1.8,14.1,2,538.856,2.861,33.040
1252.8,33.99,0.0,2.3,13.9,2,539.810,2.835,31.232
1259.7,33.88,0.0,3.0,14.0,2,540.418,2.818,30.018
1259.7,33.71,0.0,3.3,13.9,2,541.286,2.791,28.186
1259.7,33.60,0.0,3.3,13.7,2,541.836,2.772,26.957
1259.7,33.44,3.0,0.6,12.9,2,542.617,2.743,25.104
1266.6,33.41,22.7,0.0,12.7,2,543.109,2.724,23.861
1266.6,33.56,45.9,0.0,13.4,2,543.808,2.694,21.979
1266.6,33.74,57.9,0.0,12.1,2,544.251,2.675,20.709
1266.6,34.05,50.8,0.0,12.4,2,544.882,2.646,18.776
1273.5,34.20,45.1,0.0,14.2,2,545.283,2.626,17.472
1273.5,34.39,35.7,0.0,14.2,2,545.849,2.596,15.494
1273.5,34.45,21.0,0.0,15.4,2,546.373,2.564,13.496
1273.5,34.43,14.3,0.0,15.4,2,546.694,2.543,12.157
1281.1,34.48,34.3,0.0,14.8,2,547.134,2.511,10.138
1281.1,34.58,43.4,0.0,14.4,2,547.398,2.490,8.783
1281.1,34.81,46.9,0.0,14.5,2,547.752,2.459,6.732
1281.1,34.92,33.1,0.0,15.2,2,547.959,2.438,5.353
1288.4,34.93,12.0,0.0,15.9,2,548.229,2.404,3.274
1288.4,34.90,15.3,0.0,15.9,2,548.379,2.380,1.886
1288.4,34.90,21.5,0.0,15.4,2,548.558,2.344,-0.199
1288.4,34.91,21.9,0.0,15.2,2,548.647,2.320,-1.592
1296.0,35.01,42.3,0.0,14.8,2,548.733,2.283,-3.687
1296.0,35.17,50.8,0.0,14.3,2,548.760,2.258,-5.089
1296.0,35.49,70.6,0.0,13.9,2,548.757,2.220,-7.207
1296.0,35.79,73.4,0.0,14.5,2,548.726,2.194,-8.632
1303.5,36.20,73.3,0.0,15.8,2,548.639,2.153,-10.788
1303.5,36.52,47.0,0.0,16.4,2,548.499,2.109,-12.965
1303.5,36.60,31.5,0.0,16.8,2,548.373,2.079,-14.422
1303.5,36.67,35.4,0.0,16.4,2,548.133,2.036,-16.606
1311.7,36.79,48.8,0.0,15.9,2,547.940,2.008,-18.061
1311.7,37.05,63.3,0.0,15.2,2,547.598,1.969,-20.249
1311.7,37.18,28.5,9.4,14.2,2,547.336,1.944,-21.710
1311.7,36.89,0.0,25.8,12.5,2,546.895,1.907,-23.891
1320.0,36.60,0.0,18.3,10.9,2,546.571,1.884,-25.325
1320.0,36.28,0.0,5.6,8.8,2,546.044,1.853,-27.446
1320.0,36.15,0.7,0.6,8.3,2,545.664,1.834,-28.844
1320.0,36.16,36.2,0.0,9.0,2,545.054,1.807,-30.924
1327.7,36.32,52.9,0.0,10.6,2,544.622,1.790,-32.307
1327.7,36.64,62.0,0.0,12.4,2,543.935,1.764,-34.384
1327.7,36.79,35.7,0.0,12.9,2,543.451,1.744,-35.771
1327.7,36.70,0.9,1.0,12.8,2,542.687,1.715,-37.840
1335.9,36.65,21.6,0.0,11.9,2,542.153,1.696,-39.206
1335.9,36.80,49.8,0.0,11.0,2,541.311,1.668,-41.241
1335.9,37.14,69.1,0.0,10.6,2,540.416,1.644,-43.269
1335.9,37.40,69.4,0.0,10.6,2,539.790,1.630,-44.621
1343.5,37.79,69.9,0.0,11.7,2,538.807,1.608,-46.651
1343.5,38.04,70.0,0.0,12.2,2,538.123,1.593,-48.004
1343.5,38.43,70.5,0.0,12.4,2,537.053,1.569,-50.032
1343.5,38.68,71.3,0.0,11.8,2,536.309,1.554,-51.382
1351.6,39.06,71.9,0.0,10.9,2,535.144,1.533,-53.401
1351.6,39.30,72.7,0.0,10.3,2,534.335,1.520,-54.743
1351.6,39.69,72.9,0.0,9.5,2,533.076,1.501,-56.749
1351.6,39.95,73.3,0.0,9.4,2,532.205,1.488,-58.082
1359.7,40.33,73.7,0.0,9.3,2,530.853,1.469,-60.074
1359.7,40.58,74.1,0.0,9.6,2,529.921,1.456,-61.396
1359.7,40.96,74.9,0.0,9.4,2,528.479,1.435,-63.371
1359.7,41.21,75.5,0.0,9.1,2,527.488,1.419,-64.681
1367.7,41.59,76.0,0.0,8.9,2,525.958,1.394,-66.637
1367.7,41.84,77.0,0.0,8.5,2,524.908,1.376,-67.933
1367.7,42.22,77.7,0.0,8.0,2,523.290,1.347,-69.866
1376.0,42.34,0.0,0.0,7.6,0,521.621,1.317,-71.780
1376.0,42.46,69.8,0.0,7.2,3,520.487,1.297,-73.039
1376.0,42.79,73.7,0.0,8.6,3,518.746,1.265,-74.912
1376.0,43.02,72.8,0.0,9.7,3,517.559,1.243,-76.150
1384.4,43.34,70.2,0.0,11.2,3,515.739,1.208,-77.992
1384.4,43.54,69.6,0.0,11.6,3,514.499,1.183,-79.209
1384.4,43.85,69.8,0.0,11.1,3,512.598,1.146,-81.013
1384.4,44.05,70.0,0.0,10.4,3,511.302,1.121,-82.201
1393.0,44.35,70.2,0.0,9.2,3,509.316,1.086,-83.956
1393.0,44.55,70.4,0.0,8.5,3,507.964,1.064,-85.110
1393.0,44.86,70.6,0.0,8.1,3,505.896,1.032,-86.817
1393.0,45.17,70.9,0.0,7.8,3,503.782,0.999,-88.496
1401.7,45.38,70.9,0.0,6.6,3,502.348,0.975,-89.602
1401.7,45.69,71.1,0.0,3.8,3,500.163,0.935,-91.239
1401.7,45.90,71.1,0.0,3.3,3,498.684,0.908,-92.317
1401.7,46.21,71.1,0.0,2.7,3,496.432,0.866,-93.918
1410.8,46.42,71.6,0.0,2.3,3,494.912,0.838,-94.976
1410.8,46.74,71.7,0.0,2.4,3,492.607,0.797,-96.555
1410.8,46.95,72.2,0.0,2.6,3,491.054,0.771,-97.602
1410.8,47.26,72.4,0.0,2.3,3,488.703,0.734,-99.169
1420.2,47.47,72.8,0.0,1.7,3,487.121,0.710,-100.211
1420.2,47.79,73.2,0.0,0.6,3,484.727,0.677,-101.770
1420.2,48.00,73.4,0.0,0.0,3,483.118,0.656,-102.809
1420.2,48.31,72.8,0.0,-0.5,3,480.688,0.624,-104.370
1429.8,48.51,73.7,0.0,-0.7,3,479.058,0.604,-105.414
1429.8,48.83,74.3,0.0,-1.2,3,476.599,0.573,-106.989
1429.8,49.13,74.7,0.0,-2.5,3,474.126,0.543,-108.576
1429.8,49.34,75.0,0.0,-3.3,3,472.472,0.522,-109.643
1439.8,49.64,75.5,0.0,-2.9,3,469.985,0.491,-111.264
1439.8,49.84,76.5,0.0,-2.7,3,468.325,0.473,-112.360
1439.8,50.13,76.7,0.0,-3.3,3,465.833,0.449,-114.029
1439.8,50.37,77.2,0.0,-3.4,3,464.171,0.435,-115.158
1450.1,50.65,78.8,0.0,-4.7,3,461.678,0.413,-116.879
1450.1,50.83,78.6,0.0,-5.3,0,460.018,0.399,-118.045
1450.1,50.84,74.1,0.0,-6.1,4,457.538,0.376,-119.821
1450.1,50.99,72.1,0.0,-6.3,4,455.894,0.358,-121.022
1460.7,51.22,70.6,0.0,-6.2,4,453.439,0.330,-122.859
1460.7,51.40,70.6,0.0,-6.2,4,451.812,0.310,-124.109
1460.7,51.62,71.0,0.0,-6.0,4,449.389,0.281,-126.026
1460.7,51.77,71.0,0.0,-5.6,4,447.787,0.267,-127.333
1471.4,51.99,70.8,0.0,-6.2,4,445.405,0.250,-129.336
1471.4,52.15,70.8,0.0,-6.3,4,443.828,0.238,-130.696
1471.4,52.38,71.1,0.0,-6.7,4,441.482,0.221,-132.776
1471.4,52.53,71.4,0.0,-6.2,4,439.932,0.211,-134.189
1482.2,52.75,71.5,0.0,-4.8,4,437.629,0.201,-136.350
1482.2,52.91,71.7,0.0,-4.7,4,436.107,0.196,-137.816
1482.2,53.15,71.7,0.0,-4.8,4,433.843,0.189,-140.050
1482.2,53.38,71.7,0.0,-4.6,4,431.598,0.183,-142.324
1493.1,53.54,71.6,0.0,-3.9,4,430.113,0.178,-143.862
1493.1,53.77,71.6,0.0,-3.3,4,427.901,0.170,-146.200
1493.1,53.92,71.8,0.0,-3.3,4,426.437,0.166,-147.779
1493.1,54.15,72.2,0.0,-3.6,4,424.255,0.161,-150.176
1504.1,54.30,72.6,0.0,-3.9,4,422.809,0.160,-151.793
1504.1,54.54,72.9,0.0,-4.0,4,420.655,0.161,-154.247
1504.1,54.69,73.0,0.0,-4.2,4,419.228,0.164,-155.901
1504.1,54.92,73.3,0.0,-4.5,4,417.102,0.169,-158.409
1515.1,55.09,73.4,0.0,-4.3,4,415.695,0.171,-160.100
1515.1,55.32,73.7,0.0,-4.3,4,413.601,0.169,-162.665
1515.1,55.47,73.8,0.0,-4.5,4,412.217,0.167,-164.395
1515.1,55.70,74.0,0.0,-4.7,4,410.160,0.161,-167.020
1526.0,55.84,74.2,0.0,-4.9,4,408.802,0.155,-168.789
1526.0,56.07,74.6,0.0,-4.8,4,406.786,0.143,-171.473
1526.0,56.30,74.8,0.0,-5.6,4,404.798,0.130,-174.195
1526.0,56.44,75.1,0.0,-4.5,4,403.490,0.121,-176.031
1537.2,56.67,74.9,0.0,-3.8,4,401.551,0.104,-178.815
1537.2,56.82,75.1,0.0,-3.5,4,400.273,0.091,-180.691
1537.2,57.05,75.2,0.0,-3.2,4,398.379,0.071,-183.534
1537.2,57.20,75.2,0.0,-2.9,4,397.131,0.058,-185.447
1548.5,57.43,75.4,0.0,-2.4,4,395.278,0.037,-188.343
1548.5,57.58,75.5,0.0,-2.3,4,394.053,0.024,-190.290
1548.5,57.80,75.8,0.0,-2.2,4,392.232,0.008,-193.232
1548.5,57.95,75.9,0.0,-1.9,4,391.026,-0.001,-195.208
1560.0,58.18,76.2,0.0,-1.4,4,389.230,-0.014,-198.193
1560.0,58.33,76.4,0.0,-1.2,4,388.039,-0.021,-200.195
1560.0,58.56,76.7,0.0,-1.2,4,386.261,-0.030,-203.217
1560.0,58.71,77.1,0.0,-1.2,4,385.081,-0.034,-205.243
1571.7,58.93,77.3,0.0,-1.0,4,383.317,-0.039,-208.299
1571.7,59.09,77.4,0.0,-1.0,4,382.144,-0.042,-210.347
1571.7,59.31,77.6,0.0,-1.3,4,380.389,-0.046,-213.435
1571.7,59.46,77.8,0.0,-1.8,4,379.223,-0.048,-215.504
1583.5,59.69,78.4,0.0,-2.2,4,377.480,-0.053,-218.625
1583.5,59.91,78.9,0.0,-2.1,4,375.748,-0.056,-221.766
1583.5,60.05,79.4,0.0,-1.1,4,374.600,-0.058,-223.872
1595.4,60.28,79.7,0.0,-0.2,4,372.886,-0.059,-227.049
1595.4,60.43,80.1,0.0,-0.1,4,371.748,-0.060,-229.177
1595.4,60.65,80.7,0.0,-0.3,4,370.042,-0.062,-232.383
1595.4,60.81,83.3,0.0,-0.4,4,368.904,-0.064,-234.529
1607.6,61.04,82.0,0.0,-0.4,4,367.195,-0.070,-237.760
1607.6,61.19,81.8,0.0,-0.4,0,366.055,-0.076,-239.922
1607.6,61.13,74.2,0.0,-0.5,5,364.347,-0.085,-243.170
1607.6,61.25,74.2,0.0,-0.6,5,363.210,-0.092,-245.338
1619.8,61.44,74.2,0.0,-0.7,5,361.506,-0.105,-248.599
1619.8,61.56,74.4,0.0,-0.7,5,360.370,-0.114,-250.781
1619.8,61.74,75.0,0.0,-0.7,5,358.667,-0.127,-254.064
1619.8,61.86,76.0,0.0,-0.7,5,357.534,-0.136,-256.261
1632.1,62.05,77.9,0.0,-0.5,5,355.836,-0.150,-259.567
1632.1,62.18,79.1,0.0,-0.3,5,354.705,-0.160,-261.779
1632.1,62.38,80.9,0.0,-0.2,5,353.011,-0.174,-265.109
1632.1,62.59,82.6,0.0,-0.0,5,351.316,-0.189,-268.453
1644.6,62.73,83.7,0.0,0.0,5,350.186,-0.199,-270.690
1644.6,62.96,85.3,0.0,0.1,5,348.487,-0.214,-274.056
1644.6,63.10,86.4,0.0,0.0,5,347.353,-0.224,-276.307
1644.6,63.33,86.8,0.0,0.2,5,345.646,-0.240,-279.694
1657.2,63.48,86.9,0.0,-0.1,5,344.505,-0.250,-281.958
1657.2,63.71,87.0,0.0,-0.1,5,342.788,-0.267,-285.365
1657.2,63.86,87.1,0.0,-0.4,5,341.640,-0.280,-287.643
1657.2,64.08,87.2,0.0,-0.6,5,339.915,-0.299,-291.071
1670.0,64.23,87.3,0.0,-0.5,5,338.764,-0.313,-293.364
1670.0,64.44,87.4,0.0,-0.4,5,337.035,-0.333,-296.815
1670.0,64.59,87.5,0.0,-0.2,5,335.882,-0.347,-299.124
1670.0,64.82,87.5,0.0,-0.1,5,334.152,-0.375,-302.599
1682.9,65.02,87.7,0.0,0.0,5,332.421,-0.397,-306.087
1682.9,65.17,87.8,0.0,-0.1,5,331.266,-0.408,-308.420
1682.9,65.38,87.9,0.0,-0.1,5,329.530,-0.428,-311.930
1682.9,65.53,87.9,0.0,-0.2,5,328.370,-0.444,-314.277
1695.9,65.74,88.0,0.0,-0.1,5,326.626,-0.468,-317.807
1695.9,65.87,88.1,0.0,-0.0,5,325.462,-0.484,-320.168
1695.9,66.08,88.2,0.0,-0.1,5,323.712,-0.506,-323.718
1695.9,66.22,88.3,0.0,0.0,5,322.543,-0.520,-326.091
1709.1,66.43,88.4,0.0,-0.0,5,320.785,-0.542,-329.661
1709.1,66.56,88.4,0.0,-0.2,5,319.611,-0.557,-332.047
1709.1,66.77,88.5,0.0,-0.1,5,317.845,-0.579,-335.636
1709.1,66.90,88.6,0.0,-0.0,5,316.666,-0.594,-338.034
1722.5,67.10,88.7,0.0,-0.1,5,314.893,-0.617,-341.642
1722.5,67.23,88.8,0.0,-0.2,5,313.708,-0.633,-344.053
1722.5,67.44,88.8,0.0,-0.2,5,311.928,-0.656,-347.679
1722.5,67.57,88.9,0.0,-0.3,5,310.739,-0.671,-350.103
1735.9,67.76,89.0,0.0,-0.1,5,308.954,-0.694,-353.749
1735.9,67.96,89.1,0.0,-0.1,5,307.166,-0.718,-357.407
1735.9,68.09,89.1,0.0,-0.1,5,305.972,-0.735,-359.851
1735.9,68.28,89.2,0.0,-0.1,5,304.179,-0.763,-363.528
1749.5,68.41,89.3,0.0,-0.1,5,302.982,-0.781,-365.986
1749.5,68.60,89.4,0.0,-0.1,5,301.184,-0.810,-369.681
1749.5,68.72,89.4,0.0,-0.1,5,299.984,-0.830,-372.151
1749.5,68.91,89.5,0.0,-0.1,5,298.180,-0.860,-375.865
1763.3,69.03,89.6,0.0,-0.1,5,296.976,-0.881,-378.346
1763.3,69.22,89.6,0.0,-0.1,5,295.167,-0.913,-382.078
1763.3,69.34,89.7,0.0,-0.1,5,293.958,-0.934,-384.572
1763.3,69.52,89.8,0.0,-0.1,5,292.143,-0.966,-388.321
1777.1,69.64,89.8,0.0,-0.1,5,290.931,-0.986,-390.826
1777.1,69.82,89.9,0.0,0.0,5,289.110,-1.017,-394.592
1777.1,70.00,90.0,0.0,0.1,5,287.285,-1.049,-398.369
1777.1,70.12,90.0,0.0,0.1,5,286.066,-1.071,-400.892
1791.1,70.29,90.1,0.0,0.0,5,284.233,-1.106,-404.684
1791.1,70.41,90.2,0.0,0.0,5,283.009,-1.127,-407.218
1791.1,70.58,90.2,0.0,0.1,5,281.168,-1.154,-411.025
1791.1,70.61,0.0,0.0,0.1,0,279.938,-1.171,-413.568
1805.2,70.61,89.3,0.0,0.1,6,278.093,-1.198,-417.379
1805.2,70.72,89.3,0.0,0.1,6,276.861,-1.216,-419.923
1805.2,70.88,89.4,0.0,0.1,6,275.009,-1.243,-423.745
1805.2,70.98,89.5,0.0,0.1,6,273.771,-1.261,-426.297
1819.3,71.14,89.5,0.0,0.1,6,271.908,-1.289,-430.132
1819.3,71.25,89.6,0.0,0.1,6,270.663,-1.309,-432.693
1819.3,71.41,89.7,0.0,0.2,6,268.790,-1.338,-436.541
1819.3,71.51,89.7,0.0,0.2,6,267.537,-1.357,-439.110
1833.6,71.67,89.8,0.0,0.2,6,265.653,-1.385,-442.970
1833.6,71.77,89.8,0.0,0.2,6,264.393,-1.404,-445.547
1833.6,71.92,89.9,0.0,0.2,6,262.497,-1.431,-449.418
1833.6,72.02,89.9,0.0,0.3,6,261.229,-1.449,-452.002
1847.9,72.18,90.0,0.0,0.2,6,259.320,-1.475,-455.884
1847.9,72.28,90.0,0.0,0.2,6,258.044,-1.492,-458.475
1847.9,72.43,90.1,0.0,0.2,6,256.121,-1.517,-462.368
1862.4,72.59,90.1,0.0,0.3,6,254.191,-1.542,-466.266
1862.4,72.68,90.2,0.0,0.3,6,252.900,-1.560,-468.868
1862.4,72.83,90.2,0.0,0.3,6,250.956,-1.585,-472.776
1862.4,72.93,90.3,0.0,0.2,6,249.655,-1.602,-475.385
1877.0,73.08,90.3,0.0,0.2,6,247.697,-1.628,-479.303
1877.0,73.17,90.4,0.0,0.2,6,246.387,-1.644,-481.918
1877.0,73.31,90.4,0.0,0.2,6,244.415,-1.667,-485.844
1877.0,73.41,90.5,0.0,0.2,6,243.096,-1.683,-488.465
1891.6,73.55,90.5,0.0,0.2,6,241.111,-1.706,-492.402
1891.6,73.65,90.6,0.0,0.2,6,239.783,-1.721,-495.029
1891.6,73.79,90.6,0.0,0.1,6,237.785,-1.743,-498.975
1891.6,73.88,90.7,0.0,0.1,6,236.449,-1.757,-501.609
1906.4,74.02,90.7,0.0,0.1,6,234.440,-1.780,-505.564
1906.4,74.11,90.7,0.0,0.1,6,233.096,-1.795,-508.205
1906.4,74.25,90.8,0.0,0.2,6,231.076,-1.818,-512.170
1906.4,74.34,90.8,0.0,0.2,6,229.725,-1.833,-514.817
1921.3,74.48,90.9,0.0,0.1,6,227.694,-1.856,-518.793
1921.3,74.61,90.9,0.0,0.1,6,225.657,-1.880,-522.774
1921.3,74.70,91.0,0.0,0.2,6,224.295,-1.897,-525.431
1921.3,74.83,91.0,0.0,0.1,6,222.248,-1.920,-529.422
1936.2,74.92,91.1,0.0,-0.0,6,220.879,-1.933,-532.086
1936.2,75.06,91.1,0.0,-0.1,6,218.823,-1.955,-536.088
1936.2,75.15,91.1,0.0,-0.1,6,217.449,-1.971,-538.759
1936.2,75.27,91.2,0.0,-0.2,6,215.387,-1.998,-542.773
1951.2,75.37,91.2,0.0,-0.2,6,214.010,-2.019,-545.452
1951.2,75.50,91.2,0.0,-0.3,6,211.945,-2.057,-549.479
1951.2,75.58,91.3,0.0,-0.3,6,210.568,-2.083,-552.168
1951.2,75.71,91.3,0.0,-0.4,6,208.503,-2.127,-556.210
1966.3,75.79,91.3,0.0,-0.4,6,207.127,-2.157,-558.909
1966.3,75.92,91.4,0.0,-0.4,6,205.064,-2.202,-562.965
1966.3,76.00,91.4,0.0,-0.4,6,203.690,-2.235,-565.675
1966.3,76.13,91.5,0.0,-0.3,6,201.631,-2.284,-569.748
1981.5,76.22,91.5,0.0,-0.3,6,200.259,-2.317,-572.468
1981.5,76.34,91.5,0.0,-0.3,6,198.205,-2.368,-576.558
1981.5,76.42,91.6,0.0,-0.3,6,196.838,-2.403,-579.290
1981.5,76.55,91.6,0.0,-0.2,6,194.789,-2.456,-583.396
1996.8,76.67,91.7,0.0,-0.2,6,192.742,-2.508,-587.511
1996.8,76.75,91.7,0.0,-0.1,6,191.379,-2.542,-590.259
1996.8,76.88,91.7,0.0,0.0,6,189.336,-2.594,-594.390
1996.8,76.96,91.8,0.0,0.1,6,187.973,-2.631,-597.148
2012.2,77.07,91.8,0.0,0.2,6,185.928,-2.687,-601.291
2012.2,77.16,91.8,0.0,0.3,6,184.564,-2.723,-604.057
2012.2,77.28,91.9,0.0,0.4,6,182.513,-2.778,-608.211
2012.2,77.35,91.9,0.0,0.6,6,181.142,-2.813,-610.983
2027.6,77.47,91.9,0.0,0.6,6,179.078,-2.864,-615.143
2027.6,77.55,91.9,0.0,0.6,6,177.696,-2.898,-617.918
2027.6,77.67,92.0,0.0,0.7,6,175.614,-2.949,-622.082
2027.6,77.73,92.0,0.0,0.7,6,174.217,-2.979,-624.859
2043.1,77.84,92.1,0.0,0.7,6,172.111,-3.020,-629.023
2043.1,77.92,92.1,0.0,0.7,6,170.698,-3.045,-631.800
2043.1,78.03,92.1,0.0,0.6,6,168.566,-3.083,-635.964
2043.1,78.11,92.1,0.0,0.6,6,167.137,-3.106,-638.740
2058.7,78.21,92.2,0.0,0.5,6,164.979,-3.138,-642.904
2058.7,78.32,92.2,0.0,0.5,6,162.808,-3.166,-647.067
2058.7,78.39,92.2,0.0,0.5,6,161.352,-3.182,-649.842
2058.7,78.49,92.3,0.0,0.4,6,159.158,-3.202,-654.005
2074.4,78.56,92.3,0.0,0.3,6,157.689,-3.213,-656.781
2074.4,78.66,92.3,0.0,0.3,6,155.475,-3.225,-660.946
2074.4,78.73,92.4,0.0,0.4,6,153.992,-3.229,-663.722
2074.4,78.83,92.4,0.0,0.4,6,151.760,-3.232,-667.888
2090.1,78.90,92.4,0.0,0.5,6,150.266,-3.233,-670.667
2090.1,78.99,92.4,0.0,0.5,6,148.017,-3.230,-674.835
2090.1,79.06,92.5,0.0,0.4,6,146.512,-3.226,-677.615
2090.1,79.15,92.5,0.0,0.4,6,144.245,-3.217,-681.785
2105.9,79.22,92.5,0.0,0.5,6,142.729,-3.209,-684.565
2105.9,79.31,92.6,0.0,0.5,6,140.445,-3.193,-688.736
2105.9,79.36,92.6,0.0,0.6,0,138.916,-3.179,-691.517
2105.9,79.23,91.8,0.0,0.6,7,136.617,-3.154,-695.683
2121.7,79.29,91.8,0.0,0.6,7,135.080,-3.134,-698.455
2121.7,79.38,91.8,0.0,0.8,7,132.763,-3.102,-702.613
2121.7,79.46,91.9,0.0,1.0,7,130.433,-3.065,-706.769
2121.7,79.51,91.9,0.0,1.2,7,128.871,-3.038,-709.538
2137.5,79.59,91.9,0.0,1.4,7,126.512,-2.992,-713.687
2137.5,79.65,91.9,0.0,1.7,7,124.928,-2.958,-716.450
2137.5,79.72,92.0,0.0,1.8,7,122.533,-2.901,-720.588
2137.5,79.77,92.0,0.0,2.0,7,120.923,-2.859,-723.340
2153.4,79.84,79.1,0.0,1.6,7,118.484,-2.792,-727.461
2153.4,79.74,19.8,23.3,1.3,7,116.843,-2.744,-730.199
2153.4,78.98,0.0,73.9,1.4,7,114.372,-2.665,-734.274
2153.4,78.20,0.0,84.9,1.3,7,112.728,-2.609,-736.956
2169.3,76.89,0.0,89.8,0.9,7,110.278,-2.523,-740.914
2169.3,76.00,0.0,91.9,0.6,7,108.656,-2.464,-743.508
2169.3,74.64,0.0,91.7,0.5,7,106.241,-2.374,-747.330
2169.3,73.74,0.0,91.9,0.8,7,104.644,-2.313,-749.833
2184.3,72.39,0.0,92.0,1.6,7,102.268,-2.224,-753.519
2184.3,71.05,0.0,92.9,1.9,7,99.915,-2.138,-757.124
2184.3,70.18,0.0,93.9,2.2,0,98.357,-2.083,-759.482
2198.5,68.81,0.0,93.1,1.7,6,96.038,-2.011,-762.951
2198.5,67.90,0.0,91.4,0.7,6,94.500,-1.962,-765.212
2198.5,66.59,0.0,93.6,0.7,6,92.200,-1.883,-768.529
2198.5,65.69,0.0,92.8,0.6,6,90.675,-1.833,-770.692
2211.8,64.34,0.0,91.8,0.9,6,88.403,-1.761,-773.866
2211.8,63.47,0.0,91.5,1.7,6,86.898,-1.712,-775.933
2211.8,62.16,0.0,91.4,2.1,6,84.655,-1.640,-778.965
2211.8,61.31,28.4,92.4,1.7,0,83.170,-1.594,-780.939
2224.2,59.99,0.0,91.8,1.5,5,80.960,-1.528,-783.833
2224.2,59.14,0.0,91.7,1.4,5,79.496,-1.485,-785.715
2224.2,57.84,0.0,91.3,1.9,5,77.317,-1.423,-788.468
2224.2,56.99,0.0,91.0,2.2,5,75.875,-1.383,-790.257
2235.7,55.71,0.0,90.9,2.8,5,73.727,-1.326,-792.870
2235.7,54.85,0.0,90.7,3.0,5,72.304,-1.290,-794.565
2235.7,53.62,27.8,85.7,2.6,0,70.183,-1.236,-797.035
2235.7,52.44,0.0,73.9,1.7,4,68.074,-1.183,-799.420
2246.4,51.73,0.0,54.2,0.9,4,66.672,-1.148,-800.962
2246.4,50.93,0.0,29.1,0.0,4,64.567,-1.097,-803.209
2246.4,50.57,0.0,21.1,0.7,4,63.153,-1.062,-804.666
2246.4,50.15,0.0,15.4,4.2,4,61.010,-1.011,-806.797
2256.4,49.90,0.0,12.9,6.9,4,59.566,-0.977,-808.182
2256.4,49.58,0.0,11.2,10.0,4,57.379,-0.925,-810.212
2256.4,49.37,0.0,10.0,11.2,4,55.907,-0.890,-811.535
2256.4,49.09,0.0,9.1,11.6,4,53.678,-0.839,-813.474
2266.2,48.90,0.0,8.5,11.5,4,52.177,-0.806,-814.734
2266.2,48.62,0.0,7.6,10.2,4,49.903,-0.758,-816.575
2266.2,48.44,0.0,6.0,9.6,4,48.370,-0.727,-817.766
2266.2,48.19,0.0,2.9,9.1,4,46.045,-0.678,-819.497
2276.0,48.05,0.0,3.2,8.3,4,44.478,-0.646,-820.615
2276.0,47.83,0.0,3.7,8.1,4,42.104,-0.598,-822.239
2276.0,47.62,0.0,0.8,8.3,4,39.704,-0.551,-823.799
2276.0,47.50,1.3,0.0,8.8,4,38.089,-0.519,-824.805
2285.9,47.33,1.8,0.0,9.7,4,35.647,-0.469,-826.264
2285.9,47.22,1.5,0.0,10.2,4,34.006,-0.436,-827.203
2285.9,47.04,1.1,0.0,10.5,4,31.527,-0.387,-828.563
2285.9,46.93,2.4,0.0,11.6,4,29.862,-0.354,-829.435
2295.8,46.76,3.9,0.0,14.6,4,27.348,-0.304,-830.692
2295.8,46.65,7.0,0.0,15.6,4,25.660,-0.271,-831.492
2295.8,46.51,13.3,0.0,14.3,4,23.109,-0.221,-832.635
2295.8,46.43,16.7,0.0,13.2,4,21.396,-0.187,-833.356
2305.7,46.32,12.0,0.0,13.2,4,18.809,-0.136,-834.380
2305.7,46.23,7.1,0.0,15.3,4,17.074,-0.103,-835.025
2305.7,46.06,6.6,0.0,18.0,4,14.459,-0.057,-835.934
2305.7,45.90,11.4,0.0,19.2,4,11.830,-0.011,-836.770
2315.4,45.80,9.7,0.0,19.4,4,10.069,0.021,-837.283
2315.4,45.63,9.0,0.0,19.6,4,7.418,0.070,-837.986
2315.4,45.52,8.2,0.0,19.7,4,5.645,0.104,-838.411
2315.4,45.35,6.8,0.0,19.9,4,2.980,0.153,-838.985
2325.1,45.23,5.3,0.0,19.9,4,1.201,0.185,-839.324
2325.1,45.03,4.2,0.0,20.2,4,-1.470,0.231,-839.768
2325.1,44.90,2.0,0.0,21.0,4,-3.251,0.262,-840.020
2325.1,44.70,2.2,0.6,20.6,4,-5.921,0.306,-840.333
2334.6,44.55,2.0,0.1,19.6,4,-7.698,0.333,-840.500
2334.6,44.35,1.0,1.4,19.2,4,-10.359,0.374,-840.685
2334.6,44.22,5.8,0.2,19.2,4,-12.128,0.400,-840.765
2334.6,44.19,52.1,0.0,18.9,4,-14.778,0.437,-840.824
2343.8,44.29,74.1,0.0,18.7,4,-16.547,0.461,-840.823
2343.8,44.25,6.6,26.7,19.0,4,-19.205,0.494,-840.762
2343.8,43.96,0.0,31.0,20.0,4,-20.968,0.515,-840.683
2343.8,43.51,0.0,3.0,20.7,4,-23.586,0.542,-840.511
2353.2,43.38,45.7,0.0,20.1,4,-26.180,0.567,-840.270
2353.2,43.49,80.9,0.0,19.9,4,-27.905,0.581,-840.071
2353.2,43.75,81.9,0.0,19.8,4,-30.497,0.601,-839.714
2353.2,43.92,81.9,0.0,19.9,4,-32.228,0.612,-839.436
2362.5,44.18,82.2,0.0,20.5,4,-34.827,0.628,-838.960
2362.5,44.33,77.4,0.0,21.0,4,-36.561,0.639,-838.601
2362.5,44.56,81.4,0.0,21.5,4,-39.158,0.655,-838.002
2362.5,44.73,82.2,0.0,21.6,4,-40.888,0.665,-837.561
2371.9,44.97,78.8,0.0,21.8,4,-43.480,0.681,-836.840
2371.9,45.13,76.7,0.0,21.9,4,-45.205,0.690,-836.319
2371.9,45.36,78.9,0.0,21.9,4,-47.786,0.701,-835.479
2371.9,45.52,80.8,0.0,21.9,4,-49.502,0.707,-834.880
2381.5,45.77,81.1,0.0,21.2,4,-52.066,0.716,-833.919
2459.9,52.64,86.5,0.0,10.1,4,-110.469,0.217,-783.401
2492.3,55.62,87.8,0.0,-1.7,4,-125.000,-0.513,-755.623
2492.3,55.82,87.9,0.0,-1.8,4,-126.001,-0.581,-753.633
2492.3,56.12,88.0,0.0,-2.0,4,-127.524,-0.685,-750.642
2492.3,56.45,88.1,0.0,-2.0,4,-129.077,-0.790,-747.645
2503.7,56.63,88.2,0.0,-2.0,4,-130.129,-0.860,-745.644
2503.7,56.94,88.3,0.0,-1.8,4,-131.731,-0.966,-742.639
2503.7,57.14,88.4,0.0,-1.8,4,-132.816,-1.035,-740.634
2503.7,57.45,88.5,0.0,-2.1,4,-134.468,-1.142,-737.621
2515.4,57.65,88.5,0.0,-2.4,4,-135.584,-1.218,-735.610
2515.4,57.95,88.6,0.0,-2.4,4,-137.283,-1.337,-732.589
2515.4,58.15,88.7,0.0,-2.4,4,-138.433,-1.419,-730.574
2515.4,58.44,88.8,0.0,-2.2,4,-140.181,-1.546,-727.548
2527.2,58.64,88.9,0.0,-2.2,4,-141.364,-1.635,-725.529
2527.2,58.93,89.0,0.0,-2.4,4,-143.162,-1.775,-722.498
2527.2,59.13,89.1,0.0,-2.2,4,-144.377,-1.873,-720.476
2527.2,59.42,89.2,0.0,-1.9,4,-146.227,-2.021,-717.442
2539.1,59.61,89.3,0.0,-1.8,4,-147.477,-2.120,-715.419
2539.1,59.89,89.4,0.0,-1.7,4,-149.376,-2.270,-712.383
2539.1,60.08,89.4,0.0,-1.7,4,-150.658,-2.370,-710.358
2539.1,60.36,89.5,0.0,-1.5,4,-152.604,-2.521,-707.318
2551.2,60.64,89.6,0.0,-1.3,4,-154.577,-2.666,-704.275
2551.2,60.82,89.7,0.0,-1.3,4,-155.907,-2.761,-702.245
2551.2,61.09,89.8,0.0,-1.3,0,-157.922,-2.900,-699.196
2551.2,61.06,0.0,0.0,-1.3,0,-159.276,-2.991,-697.164
2563.4,61.24,88.7,0.0,-1.3,5,-161.320,-3.126,-694.122
2563.4,61.40,88.7,0.0,-1.3,5,-162.694,-3.212,-692.093
2563.4,61.65,88.8,0.0,-1.3,5,-164.774,-3.336,-689.046
2563.4,61.81,88.9,0.0,-1.3,5,-166.173,-3.412,-687.013
2575.8,62.06,89.0,0.0,-1.2,5,-168.291,-3.517,-683.962
2575.8,62.22,89.0,0.0,-1.2,5,-169.714,-3.580,-681.925
2575.8,62.46,89.1,0.0,-1.0,5,-171.868,-3.666,-678.869
2575.8,62.62,89.2,0.0,-0.9,5,-173.316,-3.717,-676.830
2588.3,62.86,89.3,0.0,-0.7,5,-175.507,-3.781,-673.770
2588.3,63.01,89.3,0.0,-0.7,5,-176.978,-3.817,-671.728
2588.3,63.25,89.4,0.0,-0.8,5,-179.202,-3.860,-668.663
2601.0,63.48,89.5,0.0,-0.8,5,-181.444,-3.895,-665.593
2601.0,63.63,89.6,0.0,-0.8,5,-182.948,-3.915,-663.544
2601.0,63.86,89.6,0.0,-0.8,5,-185.219,-3.942,-660.467
2601.0,64.02,89.7,0.0,-0.7,5,-186.742,-3.960,-658.412
2613.8,64.24,89.7,0.0,-0.6,5,-189.040,-3.983,-655.328
2613.8,64.39,89.8,0.0,-0.6,5,-190.582,-3.997,-653.268
2613.8,64.60,89.9,0.0,-0.6,5,-192.907,-4.014,-650.176
2613.8,64.75,89.9,0.0,-0.6,5,-194.466,-4.025,-648.112
2626.7,64.96,90.0,0.0,-0.6,5,-196.817,-4.036,-645.012
2626.7,65.10,90.0,0.0,-0.7,5,-198.393,-4.041,-642.943
2626.7,65.32,90.1,0.0,-0.6,5,-200.769,-4.045,-639.835
2626.7,65.46,90.2,0.0,-0.5,5,-202.362,-4.045,-637.760
2639.7,65.66,90.2,0.0,-0.5,5,-204.763,-4.041,-634.645
2639.7,65.86,90.3,0.0,-0.6,5,-207.178,-4.030,-631.526
2639.7,66.00,90.3,0.0,-0.7,5,-208.797,-4.019,-629.444
2639.7,66.20,90.4,0.0,-0.9,5,-211.237,-3.997,-626.318
2652.8,66.34,90.5,0.0,-1.0,5,-212.872,-3.983,-624.232
2652.8,66.54,90.5,0.0,-1.8,5,-215.339,-3.960,-621.101
2652.8,66.67,90.6,0.0,-2.0,5,-216.995,-3.944,-619.015
2652.8,66.87,90.6,0.0,-1.7,5,-219.499,-3.922,-615.888
2666.1,67.00,90.7,0.0,-1.0,5,-221.182,-3.909,-613.806
2666.1,67.19,90.7,0.0,-0.5,5,-223.727,-3.892,-610.687
2666.1,67.33,90.8,0.0,-0.6,5,-225.435,-3.885,-608.609
2666.1,67.51,90.8,0.0,-0.8,5,-228.014,-3.879,-605.493
2679.6,67.65,90.8,0.0,-0.9,5,-229.743,-3.878,-603.415
2679.6,67.56,10.1,41.3,-1.0,5,-232.348,-3.881,-600.301
2679.6,67.08,0.0,64.9,-0.9,5,-234.082,-3.887,-598.239
2679.6,66.03,0.0,82.6,-0.5,5,-236.662,-3.901,-595.187
2693.0,65.23,0.0,87.0,-0.2,5,-238.363,-3.912,-593.185
2693.0,63.99,0.0,90.3,0.2,5,-240.882,-3.933,-590.234
2693.0,62.71,0.0,91.0,0.3,5,-243.359,-3.960,-587.348
2693.0,61.86,0.0,90.7,0.2,5,-244.985,-3.981,-585.459
2705.7,60.58,0.0,91.2,-0.3,5,-247.389,-4.015,-582.678
2705.7,59.73,0.0,90.9,-0.5,5,-248.966,-4.041,-580.858
2705.7,58.46,0.0,90.7,-0.4,5,-251.294,-4.080,-578.181
2705.7,57.62,0.0,91.1,-0.2,5,-252.822,-4.106,-576.431
2717.5,56.36,0.0,91.0,0.1,5,-255.076,-4.145,-573.856
2717.5,55.52,0.0,91.1,0.2,5,-256.553,-4.171,-572.174
2717.5,54.27,0.0,91.1,0.2,5,-258.733,-4.209,-569.701
2717.5,53.45,32.4,91.9,-0.1,0,-260.160,-4.235,-568.086
2728.5,52.21,0.0,92.1,-0.4,4,-262.265,-4.274,-565.712
2728.5,51.37,0.0,91.7,-0.8,4,-263.643,-4.301,-564.163
2728.5,50.13,0.0,91.4,-1.1,4,-265.672,-4.341,-561.890
2728.5,49.31,0.0,91.4,-1.6,4,-267.001,-4.369,-560.409
2738.6,48.06,0.0,90.6,-1.9,4,-268.960,-4.410,-558.238
2738.6,46.84,0.0,90.9,-2.3,4,-270.877,-4.448,-556.131
2738.6,46.02,0.0,90.9,-2.3,4,-272.135,-4.472,-554.762
2738.6,44.81,0.0,91.5,-2.1,4,-273.990,-4.506,-552.763
2747.8,44.01,37.8,91.5,-2.2,0,-275.207,-4.528,-551.467
2747.8,42.80,0.0,93.0,-2.3,3,-277.004,-4.560,-549.579
2747.8,41.99,0.0,92.9,-2.3,3,-278.182,-4.581,-548.358
2747.8,40.77,0.0,92.3,-1.8,3,-279.921,-4.612,-546.582
2756.3,39.94,0.0,90.9,-1.4,3,-281.060,-4.632,-545.437
2756.3,38.76,0.0,88.4,0.1,3,-282.743,-4.660,-543.777
2756.3,38.00,37.7,82.5,0.5,0,-283.847,-4.678,-542.709
2756.3,36.96,0.0,75.4,0.5,2,-285.484,-4.703,-541.164
2764.0,36.27,0.0,71.6,0.9,2,-286.563,-4.720,-540.171
2764.0,35.29,0.0,67.6,0.8,2,-288.163,-4.744,-538.738
2764.0,34.66,0.0,65.6,0.3,2,-289.219,-4.760,-537.819
2764.0,33.73,0.0,66.0,-0.7,2,-290.788,-4.784,-536.495
2770.9,32.81,0.0,66.9,-1.9,2,-292.340,-4.806,-535.237
2770.9,32.19,0.0,66.8,-3.0,2,-293.364,-4.820,-534.435
2770.9,31.28,0.0,61.7,-4.3,2,-294.884,-4.840,-533.285
2770.9,30.71,0.0,55.1,-6.4,2,-295.886,-4.853,-532.553
2777.2,29.93,0.0,47.8,-3.4,2,-297.377,-4.870,-531.508
2777.2,29.47,0.0,45.1,-3.1,2,-298.362,-4.881,-530.844
2777.2,28.85,35.9,43.6,-11.4,0,-299.830,-4.896,-529.890
2777.2,28.43,0.0,42.1,-15.9,1,-300.803,-4.905,-529.284
2782.8,27.80,0.0,39.0,-13.0,1,-302.253,-4.918,-528.420
2782.8,27.39,0.0,40.4,-10.7,1,-303.213,-4.926,-527.873
2782.8,26.80,0.0,36.2,-9.2,1,-304.639,-4.936,-527.091
2782.8,26.44,0.0,32.1,-9.2,1,-305.582,-4.943,-526.594
2788.0,25.94,0.0,30.7,-9.9,1,-306.984,-4.952,-525.883
2788.0,25.62,0.0,26.3,-15.1,1,-307.912,-4.957,-525.431
2788.0,25.20,0.0,22.3,-21.9,1,-309.296,-4.964,-524.791
2788.0,24.94,0.0,21.6,-24.5,1,-310.217,-4.968,-524.392
2793.1,24.56,0.0,16.9,-25.6,1,-311.595,-4.971,-523.838
2793.1,24.24,0.0,15.2,-25.9,1,-312.972,-4.973,-523.339
2793.1,24.03,0.0,15.0,-25.1,1,-313.889,-4.973,-523.037
2798.6,23.72,0.0,11.7,-24.2,1,-315.263,-4.972,-522.631
2798.6,23.54,0.0,10.3,-24.6,1,-316.178,-4.970,-522.391
2798.6,23.28,0.0,9.3,-26.6,1,-317.547,-4.965,-522.078
2798.6,23.11,0.0,7.2,-31.5,1,-318.459,-4.961,-521.901
2805.5,22.92,15.4,0.0,-33.9,1,-319.822,-4.951,-521.685
2805.5,23.01,38.1,0.0,-33.0,1,-320.732,-4.945,-521.572
2805.5,23.22,53.9,0.0,-30.3,1,-322.112,-4.933,-521.448
2805.5,23.40,51.4,0.0,-26.8,1,-323.042,-4.928,-521.391
2811.1,23.54,26.4,0.0,-24.5,1,-324.450,-4.924,-521.345
2811.1,23.59,7.4,4.5,-23.0,1,-325.393,-4.926,-521.338
2811.1,23.41,0.0,8.1,-21.0,1,-326.804,-4.932,-521.373
2811.1,23.23,0.0,3.6,-21.2,1,-327.736,-4.933,-521.433
2816.4,23.01,2.9,0.0,-21.1,1,-329.114,-4.926,-521.580
2816.4,22.94,5.9,0.0,-22.8,1,-330.023,-4.918,-521.714
2816.4,22.86,8.8,0.0,-26.0,1,-331.375,-4.908,-521.961
2816.4,22.84,25.7,0.0,-30.1,1,-332.712,-4.899,-522.259
2821.3,22.93,39.4,0.0,-31.0,1,-333.599,-4.893,-522.486
2821.3,23.19,53.6,0.0,-30.6,1,-334.927,-4.883,-522.870
2821.3,23.43,60.5,0.0,-30.4,1,-335.814,-4.875,-523.154
2821.3,23.87,78.0,0.0,-30.3,1,-337.151,-4.862,-523.625
2826.2,24.21,75.2,0.0,-29.4,1,-338.048,-4.852,-523.969
2826.2,24.64,63.1,0.0,-26.7,1,-339.401,-4.835,-524.531
2826.2,24.92,58.2,0.0,-24.5,1,-340.303,-4.823,-524.938
2826.2,25.32,68.5,0.0,-23.6,1,-341.657,-4.803,-525.598
2831.2,25.59,61.9,0.0,-22.2,1,-342.559,-4.789,-526.071
2831.2,25.96,57.5,0.0,-18.0,1,-343.905,-4.767,-526.829
2831.2,26.35,65.1,0.0,-12.0,1,-345.245,-4.745,-527.643
2831.2,26.65,70.1,0.0,-6.9,1,-346.136,-4.731,-528.216
2836.4,27.18,77.3,0.0,1.1,1,-347.474,-4.709,-529.118
2836.4,27.57,81.6,0.0,4.8,1,-348.371,-4.694,-529.744
2836.4,28.22,80.9,0.0,8.4,1,-349.734,-4.672,-530.713
2836.4,28.60,66.8,0.0,10.3,1,-350.658,-4.656,-531.374
2841.9,28.92,39.9,0.0,11.8,1,-352.065,-4.633,-532.374
2841.9,29.02,28.3,0.0,12.8,1,-353.017,-4.618,-533.034
2841.9,29.11,27.8,0.0,10.2,1,-354.464,-4.596,-534.007
2841.9,29.20,32.5,0.0,12.1,1,-355.441,-4.582,-534.644
2847.7,29.37,37.1,0.0,16.9,1,-356.928,-4.562,-535.580
2847.7,29.50,38.5,0.0,19.7,1,-357.935,-4.550,-536.189
2847.7,29.66,34.1,0.0,22.9,1,-359.473,-4.533,-537.074
2847.7,29.73,26.6,0.0,24.1,1,-360.516,-4.522,-537.642
2853.6,29.73,16.4,0.0,25.1,1,-362.104,-4.509,-538.455
2853.6,29.73,20.5,0.0,24.4,1,-363.718,-4.497,-539.215
2853.6,29.72,15.2,0.0,24.2,1,-364.807,-4.490,-539.692
2853.6,29.62,6.4,0.0,25.1,1,-366.458,-4.481,-540.359
2860.1,29.55,13.2,0.0,26.1,1,-367.567,-4.476,-540.771
2860.1,29.47,9.2,0.0,26.8,1,-369.245,-4.470,-541.336
2860.1,29.38,3.8,0.0,27.0,1,-370.371,-4.468,-541.679
2860.1,29.32,27.0,0.0,28.9,1,-372.069,-4.467,-542.143
2866.5,29.39,40.1,0.0,29.9,1,-373.210,-4.468,-542.420
2866.5,29.62,58.0,0.0,30.5,1,-374.940,-4.471,-542.789
2866.5,29.84,69.7,0.0,28.9,1,-376.110,-4.473,-543.003
2866.5,30.23,70.2,0.0,25.5,1,-377.891,-4.474,-543.274
2873.2,30.39,36.1,0.0,22.7,1,-379.094,-4.474,-543.422
2873.2,30.61,51.2,0.0,17.1,1,-380.917,-4.472,-543.587
2873.2,30.78,57.3,0.0,13.3,1,-382.143,-4.471,-543.663
2873.2,31.00,35.4,0.0,5.7,1,-383.994,-4.476,-543.733
2881.2,31.06,29.9,0.0,4.5,1,-385.235,-4.480,-543.747
2881.2,31.11,18.3,0.0,-2.0,1,-387.100,-4.491,-543.719
2881.2,31.02,20.8,0.0,-1.0,1,-388.961,-4.498,-543.616
2881.2,31.03,35.4,0.0,1.0,1,-390.197,-4.499,-543.504
2888.3,31.24,52.2,0.0,6.3,1,-392.050,-4.501,-543.280
2888.3,31.44,55.2,0.0,11.3,1,-393.289,-4.503,-543.092
2888.3,31.78,55.9,0.0,18.5,1,-395.155,-4.505,-542.757
2888.3,32.00,57.3,0.0,23.0,1,-396.403,-4.506,-542.497
2895.7,32.32,58.7,0.0,27.8,1,-398.282,-4.507,-542.059
2895.7,32.53,60.6,0.0,28.5,1,-399.537,-4.508,-541.735
2895.7,32.88,63.6,0.0,26.6,1,-401.424,-4.511,-541.200
2895.7,33.10,63.2,0.0,24.5,1,-402.684,-4.515,-540.810
2902.2,33.43,61.9,0.0,20.5,1,-404.575,-4.524,-540.173
2902.2,33.63,54.2,0.0,17.5,1,-405.835,-4.532,-539.714
2902.2,33.86,52.4,0.0,13.5,1,-407.718,-4.547,-538.971
2902.2,34.00,47.0,0.0,10.9,1,-408.966,-4.558,-538.439
2908.7,34.19,46.9,0.0,7.8,1,-410.826,-4.578,-537.589
2908.7,34.38,47.5,0.0,5.9,1,-412.669,-4.602,-536.677
2908.7,34.52,50.5,0.0,5.2,1,-413.887,-4.619,-536.034
2908.7,34.68,58.3,0.0,6.9,0,-415.097,-4.638,-535.364
2915.2,34.63,33.2,0.0,11.0,2,-416.889,-4.667,-534.309
2915.2,34.56,11.6,0.0,16.0,2,-418.642,-4.696,-533.197
2915.2,34.56,45.1,0.0,17.7,2,-419.789,-4.716,-532.425
2921.8,34.93,75.8,0.0,21.1,2,-421.487,-4.745,-531.221
2921.8,35.23,79.0,0.0,21.3,2,-422.613,-4.764,-530.385
2921.8,35.69,83.0,0.0,22.6,2,-424.292,-4.793,-529.081
2921.8,36.01,83.4,0.0,22.9,2,-425.404,-4.810,-528.177
2928.7,36.48,84.7,0.0,19.6,2,-427.059,-4.835,-526.767
2928.7,36.80,85.1,0.0,18.6,2,-428.152,-4.851,-525.791
2928.7,37.21,79.3,0.0,15.6,2,-429.773,-4.873,-524.275
2928.7,37.48,68.7,0.0,10.4,2,-430.840,-4.888,-523.230
2936.0,37.88,82.9,0.0,4.8,2,-432.416,-4.909,-521.611
2936.0,38.31,82.7,0.0,-0.9,2,-433.966,-4.928,-519.932
2936.0,38.62,85.3,0.0,-3.6,2,-434.986,-4.941,-518.782
2936.0,39.10,85.5,0.0,-4.2,2,-436.502,-4.959,-517.012
2943.6,39.41,85.6,0.0,-2.3,2,-437.504,-4.971,-515.804
2943.6,39.90,85.6,0.0,2.6,2,-438.996,-4.989,-513.951
2943.6,40.18,84.8,0.0,5.8,2,-439.983,-5.000,-512.691
2943.6,40.62,76.3,0.0,9.1,2,-441.456,-5.019,-510.767
2951.5,40.83,78.8,0.0,9.9,2,-442.430,-5.030,-509.462
2951.5,41.26,86.4,0.0,9.2,0,-443.877,-5.047,-507.469
2951.5,41.29,0.0,0.0,8.1,0,-444.827,-5.057,-506.117
2951.5,41.55,84.1,0.0,6.6,3,-446.218,-5.068,-504.061
2959.4,41.84,84.2,0.0,5.4,3,-447.130,-5.074,-502.664
2959.4,42.23,84.5,0.0,3.9,3,-448.474,-5.082,-500.531
2959.4,42.46,84.6,0.0,4.4,3,-449.354,-5.087,-499.084
2959.4,42.89,84.6,0.0,4.3,3,-450.649,-5.095,-496.876
2967.8,43.13,84.8,0.0,5.8,3,-451.494,-5.099,-495.378
2967.8,43.50,84.8,0.0,8.8,3,-452.731,-5.101,-493.094
2967.8,43.88,85.0,0.0,10.4,3,-453.934,-5.102,-490.767
2967.8,44.15,85.1,0.0,9.5,3,-454.719,-5.106,-489.191
2976.1,44.54,85.1,0.0,7.4,3,-455.866,-5.115,-486.791
2976.1,44.79,85.1,0.0,6.4,3,-456.605,-5.121,-485.165
2976.1,45.15,85.3,0.0,4.8,3,-457.677,-5.132,-482.690
2976.1,45.40,85.3,0.0,5.0,3,-458.365,-5.142,-481.016
2984.8,45.78,85.3,0.0,6.1,3,-459.358,-5.159,-478.467
2984.8,46.04,85.3,0.0,7.4,3,-459.993,-5.173,-476.745
2984.8,46.41,85.4,0.0,9.8,3,-460.906,-5.196,-474.127
2984.8,46.66,85.4,0.0,10.9,3,-461.488,-5.214,-472.359
2993.9,47.03,85.5,0.0,11.9,3,-462.322,-5.243,-469.676
2993.9,47.27,85.6,0.0,12.3,3,-462.851,-5.264,-467.866
2993.9,47.64,85.7,0.0,12.2,3,-463.602,-5.298,-465.121
2993.9,47.87,85.7,0.0,11.9,3,-464.074,-5.323,-463.271
3003.1,48.22,85.8,0.0,11.6,3,-464.737,-5.362,-460.466
3003.1,48.56,85.9,0.0,11.1,3,-465.342,-5.403,-457.628
3003.1,48.79,85.9,0.0,10.7,3,-465.712,-5.431,-455.717
3003.1,49.12,86.0,0.0,10.2,3,-466.214,-5.473,-452.824
3012.6,49.35,86.0,0.0,10.1,3,-466.513,-5.501,-450.878
3012.6,49.68,86.1,0.0,10.6,3,-466.907,-5.542,-447.934
3012.6,49.90,86.1,0.0,11.4,3,-467.134,-5.569,-445.956
3012.6,50.23,86.2,0.0,13.7,3,-467.420,-5.609,-442.967
3022.4,50.44,86.2,0.0,15.2,0,-467.576,-5.636,-440.960
3022.4,50.39,84.1,0.0,16.1,4,-467.751,-5.676,-437.940
3022.4,50.57,84.2,0.0,16.1,4,-467.829,-5.702,-435.923
3022.4,50.85,84.4,0.0,16.1,4,-467.887,-5.741,-432.882
3032.4,51.03,84.4,0.0,16.1,4,-467.886,-5.766,-430.845
3032.4,51.29,84.5,0.0,16.0,4,-467.821,-5.803,-427.777
3032.4,51.46,84.5,0.0,16.0,4,-467.734,-5.827,-425.724
3032.4,51.71,84.6,0.0,15.2,4,-467.540,-5.862,-422.636
3042.8,51.89,84.7,0.0,14.4,4,-467.366,-5.883,-420.572
3042.8,52.14,84.9,0.0,13.5,4,-467.036,-5.912,-417.469
3042.8,52.40,85.0,0.0,12.5,4,-466.626,-5.938,-414.361
3042.8,52.57,85.1,0.0,12.2,4,-466.308,-5.953,-412.286
3053.8,52.83,85.3,0.0,12.3,4,-465.766,-5.976,-409.172
3053.8,53.02,85.4,0.0,13.1,4,-465.363,-5.991,-407.094
3053.8,53.29,85.5,0.0,14.4,4,-464.702,-6.019,-403.975
3053.8,53.47,85.6,0.0,15.2,4,-464.222,-6.039,-401.894
3065.2,53.73,85.7,0.0,15.8,4,-463.444,-6.072,-398.775
3065.2,53.90,85.8,0.0,15.4,4,-462.884,-6.093,-396.697
3065.2,54.14,86.0,0.0,14.0,4,-461.979,-6.121,-393.585
3065.2,54.31,86.1,0.0,12.4,4,-461.331,-6.136,-391.516
3076.2,54.57,86.3,0.0,10.4,4,-460.295,-6.157,-388.419
3076.2,54.74,86.4,0.0,10.6,4,-459.564,-6.171,-386.359
3076.2,55.00,86.5,0.0,10.3,4,-458.405,-6.192,-383.278
3076.2,55.17,86.6,0.0,10.5,4,-457.591,-6.206,-381.231
3087.0,55.42,86.7,0.0,10.7,4,-456.306,-6.223,-378.173
3087.0,55.68,86.8,0.0,10.5,4,-454.945,-6.236,-375.132
3087.0,55.84,86.9,0.0,10.5,4,-453.997,-6.241,-373.114
3098.0,56.10,87.1,0.0,9.5,4,-452.518,-6.249,-370.099
3098.0,56.28,87.1,0.0,7.7,4,-451.497,-6.257,-368.097
3098.0,56.54,87.3,0.0,5.5,4,-449.912,-6.269,-365.107
3098.0,56.73,87.3,0.0,4.5,4,-448.821,-6.278,-363.122
3109.1,57.00,87.4,0.0,3.9,4,-447.135,-6.290,-360.157
3109.1,57.19,87.5,0.0,4.3,4,-445.981,-6.297,-358.186
3109.1,57.46,87.6,0.0,4.4,4,-444.209,-6.308,-355.239
3109.1,57.64,87.7,0.0,4.4,4,-443.002,-6.315,-353.280
3120.5,57.92,87.8,0.0,4.4,4,-441.153,-6.322,-350.348
3120.5,58.10,87.9,0.0,4.6,4,-439.896,-6.326,-348.398
3120.5,58.37,88.0,0.0,4.2,4,-437.975,-6.334,-345.480
3120.5,58.55,88.1,0.0,3.7,4,-436.671,-6.341,-343.539
3132.1,58.83,88.2,0.0,3.1,4,-434.677,-6.347,-340.638
3132.1,58.98,88.3,0.0,2.5,4,-433.324,-6.351,-338.711
3132.1,59.22,88.5,0.0,2.4,4,-431.257,-6.351,-335.831
3132.1,59.52,88.6,0.0,1.0,4,-429.150,-6.347,-332.960
3143.9,59.69,88.6,0.0,0.9,4,-427.725,-6.342,-331.048
3143.9,59.98,88.7,0.0,-0.1,4,-425.562,-6.333,-328.183
3143.9,60.13,88.8,0.0,-0.3,4,-424.105,-6.326,-326.273
3143.9,60.43,88.8,0.0,-0.1,4,-421.902,-6.318,-323.404
3156.0,60.58,89.0,0.0,-0.2,4,-420.423,-6.312,-321.488
3156.0,60.73,0.0,0.0,0.6,0,-418.195,-6.300,-318.608
3156.0,60.70,87.8,0.0,1.0,5,-416.708,-6.292,-316.689
3156.0,60.91,88.0,0.0,0.7,5,-414.472,-6.277,-313.807
3168.2,61.07,88.0,0.0,-0.0,5,-412.974,-6.266,-311.881
3168.2,61.34,88.1,0.0,-1.3,5,-410.718,-6.253,-308.984
3168.2,61.50,88.1,0.0,-1.4,5,-409.211,-6.244,-307.044
3168.2,61.72,88.2,0.0,-0.8,5,-406.949,-6.229,-304.122
3180.5,61.89,88.3,0.0,0.1,5,-405.440,-6.220,-302.163
3180.5,62.11,88.4,0.0,0.4,5,-403.178,-6.203,-299.211
3180.5,62.34,88.5,0.0,-0.2,5,-400.914,-6.186,-296.243
3180.5,62.49,88.5,0.0,-0.2,5,-399.402,-6.174,-294.257
3192.9,62.71,88.6,0.0,-0.1,5,-397.130,-6.155,-291.267
3192.9,62.87,88.7,0.0,-0.1,5,-395.612,-6.143,-289.266
3192.9,63.09,88.8,0.0,-0.1,5,-393.330,-6.122,-286.255
3192.9,63.24,88.8,0.0,-0.4,5,-391.805,-6.107,-284.241
3205.5,63.46,88.9,0.0,-0.5,5,-389.514,-6.086,-281.209
3205.5,63.60,89.0,0.0,-0.1,5,-387.984,-6.072,-279.181
3205.5,63.82,89.1,0.0,-0.6,5,-385.685,-6.050,-276.127
3205.5,63.96,89.1,0.0,-0.7,5,-384.149,-6.034,-274.085
3218.3,64.18,89.2,0.0,-0.5,5,-381.843,-6.009,-271.009
3218.3,64.32,89.3,0.0,-0.3,5,-380.304,-5.992,-268.951
3218.3,64.54,89.4,0.0,-0.1,5,-377.994,-5.964,-265.852
3218.3,64.68,89.4,0.0,-0.1,5,-376.453,-5.946,-263.778
3231.2,64.89,89.5,0.0,-0.2,5,-374.138,-5.919,-260.656
3231.2,65.10,89.6,0.0,-0.2,5,-371.818,-5.892,-257.522
3231.2,65.23,89.6,0.0,-0.0,5,-370.269,-5.871,-255.426
3231.2,65.44,89.7,0.0,0.2,5,-367.941,-5.837,-252.273
3244.2,65.58,89.7,0.0,0.2,5,-366.386,-5.814,-250.164
3244.2,65.78,89.8,0.0,0.3,5,-364.047,-5.777,-246.994
3244.2,65.91,89.9,0.0,0.2,5,-362.483,-5.751,-244.875
3244.2,66.11,89.9,0.0,0.2,5,-360.129,-5.711,-241.691
3257.4,66.24,90.0,0.0,0.3,5,-358.553,-5.682,-239.564
3257.4,66.44,90.1,0.0,0.3,5,-356.182,-5.636,-236.368
3257.4,66.57,90.1,0.0,0.3,5,-354.596,-5.605,-234.233
3257.4,66.77,90.2,0.0,0.0,5,-352.208,-5.558,-231.025
3270.7,66.89,90.2,0.0,0.0,5,-350.610,-5.529,-228.882
3270.7,67.09,90.3,0.0,-0.1,5,-348.205,-5.490,-225.662
3270.7,67.22,90.3,0.0,0.0,5,-346.598,-5.467,-223.510
3270.7,67.40,90.4,0.0,0.1,5,-344.179,-5.428,-220.277
3284.1,67.53,90.5,0.0,-0.0,5,-342.563,-5.400,-218.116
3284.1,67.71,90.6,0.0,0.0,5,-340.134,-5.357,-214.868
3284.1,67.90,90.6,0.0,0.3,5,-337.699,-5.311,-211.610
3284.1,68.02,90.7,0.0,-0.0,5,-336.072,-5.280,-209.432
3297.7,68.21,90.7,0.0,-0.2,5,-333.626,-5.232,-206.159
3297.7,68.34,90.7,0.0,-0.0,5,-331.992,-5.201,-203.971
3297.7,68.51,90.8,0.0,-0.3,5,-329.537,-5.153,-200.681
3297.7,68.63,90.8,0.0,-0.2,5,-327.897,-5.119,-198.483
3311.3,68.81,90.9,0.0,0.1,5,-325.434,-5.067,-195.178
3311.3,68.93,90.9,0.0,0.1,5,-323.789,-5.031,-192.968
3311.3,69.10,91.0,0.0,-0.1,5,-321.316,-4.974,-189.647
3311.3,69.22,91.1,0.0,-0.1,5,-319.665,-4.937,-187.429
3325.1,69.40,91.1,0.0,-0.0,5,-317.182,-4.881,-184.094
3325.1,69.51,91.1,0.0,-0.0,5,-315.523,-4.844,-181.866
3325.1,69.67,91.2,0.0,0.1,5,-313.031,-4.788,-178.517
3325.1,69.79,91.2,0.0,-0.0,5,-311.365,-4.751,-176.280
3339.1,69.96,91.3,0.0,0.0,5,-308.862,-4.696,-172.918
3339.1,70.12,91.3,0.0,0.3,5,-306.352,-4.640,-169.549
3339.1,70.23,91.4,0.0,-0.1,5,-304.674,-4.603,-167.299
3353.1,70.39,91.4,0.0,-0.2,5,-302.151,-4.545,-163.919
3353.1,70.50,91.5,0.0,-0.0,5,-300.466,-4.506,-161.661
3353.1,70.66,91.5,0.0,-0.1,5,-297.934,-4.447,-158.268
3353.1,70.68,0.0,0.0,-0.2,0,-296.243,-4.407,-156.002
3367.2,70.66,90.7,0.0,-0.4,6,-293.710,-4.347,-152.605
3367.2,70.76,90.7,0.0,-0.3,6,-292.020,-4.308,-150.337
3367.2,70.91,90.7,0.0,0.1,6,-289.484,-4.247,-146.927
3367.2,71.01,90.8,0.0,0.0,6,-287.793,-4.206,-144.648
3381.4,71.16,90.8,0.0,-0.1,6,-285.253,-4.146,-141.223
3381.4,71.26,90.9,0.0,0.3,6,-283.557,-4.106,-138.935
3381.4,71.40,90.9,0.0,0.0,6,-281.011,-4.047,-135.496
3381.4,71.50,90.9,0.0,-0.2,6,-279.311,-4.009,-133.199
3395.7,71.65,91.0,0.0,-0.2,6,-276.756,-3.948,-129.748
3395.7,71.79,91.0,0.0,0.4,6,-274.197,-3.887,-126.289
3395.7,71.89,91.1,0.0,0.6,6,-272.489,-3.846,-123.979
3395.7,72.03,91.1,0.0,0.6,6,-269.920,-3.784,-120.510
3410.1,72.12,91.1,0.0,0.3,6,-268.202,-3.742,-118.195
3410.1,72.27,91.2,0.0,0.4,6,-265.617,-3.679,-114.721
3410.1,72.36,91.2,0.0,0.3,6,-263.888,-3.638,-112.403
3410.1,72.50,91.2,0.0,-0.9,6,-261.285,-3.576,-108.923
3424.6,72.59,91.3,0.0,-1.3,6,-259.547,-3.532,-106.600
3424.6,72.73,91.3,0.0,-1.0,6,-256.938,-3.466,-103.108
3424.6,72.82,91.4,0.0,-0.6,6,-255.201,-3.421,-100.773
3424.6,72.95,91.4,0.0,-0.3,6,-252.601,-3.353,-97.259
3439.1,73.04,91.4,0.0,-0.4,6,-250.871,-3.307,-94.907
3439.1,73.18,91.5,0.0,-0.5,6,-248.279,-3.241,-91.369
3439.1,73.27,91.5,0.0,-0.5,6,-246.554,-3.197,-89.003
3439.1,73.40,91.5,0.0,-0.4,6,-243.968,-3.133,-85.444
3453.8,73.48,91.6,0.0,0.1,6,-242.245,-3.090,-83.065
3453.8,73.61,91.6,0.0,0.8,6,-239.662,-3.027,-79.489
3453.8,73.74,91.6,0.0,1.2,6,-237.074,-2.964,-75.905
3453.8,73.83,91.7,0.0,0.7,6,-235.344,-2.921,-73.515
3468.5,73.96,91.7,0.0,0.9,6,-232.738,-2.857,-69.929
3468.5,74.04,91.7,0.0,1.5,6,-230.992,-2.814,-67.540
3468.5,74.13,63.6,0.9,2.6,6,-228.356,-2.748,-63.960
3468.5,74.01,6.5,34.5,3.1,6,-226.588,-2.702,-61.582
3483.3,73.19,0.0,75.1,3.3,6,-223.930,-2.633,-58.049
3483.3,72.42,0.0,84.9,2.8,6,-222.162,-2.587,-55.734
3483.3,71.17,0.0,72.9,2.3,6,-219.520,-2.517,-52.329
3483.3,70.43,0.0,57.9,2.5,6,-217.764,-2.471,-50.107
3497.7,69.55,0.0,42.7,3.1,6,-215.127,-2.404,-46.838
3497.7,69.05,0.0,32.7,4.7,6,-213.361,-2.361,-44.701
3497.7,68.46,0.0,18.7,4.6,6,-210.694,-2.295,-41.554
3497.7,68.17,0.0,10.2,3.4,6,-208.900,-2.252,-39.493
3511.4,67.83,0.0,1.7,4.7,6,-206.181,-2.187,-36.451
3511.4,67.60,8.4,0.0,4.2,6,-203.423,-2.121,-33.469
3511.4,67.49,17.8,0.0,4.6,6,-201.563,-2.077,-31.510
3511.4,67.32,16.0,0.0,6.4,6,-198.741,-2.012,-28.613
3524.7,67.17,7.7,24.5,7.2,6,-196.839,-1.970,-26.710
3524.7,66.67,0.0,79.0,6.7,6,-193.960,-1.904,-23.910
3524.7,66.00,0.0,44.0,6.2,6,-192.031,-1.860,-22.086
3524.7,65.56,74.3,0.0,5.3,6,-189.128,-1.793,-19.421
3537.8,65.64,87.8,0.0,5.4,6,-187.167,-1.749,-17.678
3537.8,65.78,87.9,0.0,8.2,6,-184.181,-1.688,-15.104
3537.8,65.87,85.3,0.0,11.3,6,-182.162,-1.652,-13.415
3537.8,65.92,65.1,0.0,15.0,6,-179.092,-1.607,-10.923
3550.8,65.93,67.6,0.0,16.3,6,-177.019,-1.582,-9.293
3550.8,66.00,87.1,0.0,17.0,6,-173.868,-1.552,-6.899
3550.8,66.06,88.2,0.0,16.5,6,-171.738,-1.535,-5.338
3550.8,66.13,88.3,0.0,15.5,6,-168.493,-1.511,-3.060
3564.3,66.18,88.3,0.0,15.4,6,-166.296,-1.493,-1.585
3564.3,66.23,88.4,0.0,16.4,6,-162.953,-1.464,0.559
3564.3,66.22,55.6,0.0,18.1,6,-159.552,-1.428,2.615
3564.3,66.16,46.6,0.0,19.5,6,-157.257,-1.403,3.937
3578.0,66.09,66.0,0.0,22.3,6,-153.781,-1.366,5.847
3578.0,66.11,84.1,0.0,24.3,6,-151.442,-1.345,7.079
3578.0,66.11,54.7,0.0,26.6,6,-147.896,-1.316,8.859
3578.0,66.01,37.9,0.0,28.1,6,-145.511,-1.295,9.996
3592.1,65.82,28.2,0.0,29.9,6,-141.907,-1.263,11.626
3592.1,65.69,30.1,0.0,30.5,6,-139.489,-1.240,12.661
3592.1,65.47,27.0,0.0,31.0,6,-135.839,-1.203,14.133
3592.1,65.33,28.6,0.0,31.1,6,-133.393,-1.177,15.061
3606.0,65.11,26.2,0.0,31.3,6,-129.707,-1.140,16.374
3606.0,64.96,18.7,0.0,31.7,6,-127.238,-1.116,17.196
3606.0,64.68,12.3,0.0,32.5,6,-123.524,-1.082,18.350
3606.0,64.48,12.2,0.0,32.6,6,-121.041,-1.061,19.065
3619.2,64.19,12.2,0.0,33.1,6,-117.309,-1.027,20.052
3619.2,63.91,12.1,0.0,34.4,6,-113.570,-0.996,20.944
3619.2,63.71,12.1,0.0,34.9,6,-111.075,-0.975,21.483
3631.8,63.41,12.0,0.0,35.3,6,-107.331,-0.940,22.207
3631.8,63.22,12.0,0.0,35.8,6,-104.834,-0.915,22.635
3631.8,62.95,11.9,0.0,36.4,6,-101.091,-0.879,23.198
3631.8,62.76,11.9,0.0,36.1,6,-98.597,-0.855,23.520
3644.2,62.47,11.8,0.0,34.7,6,-94.861,-0.816,23.921
3644.2,62.28,11.8,0.0,33.4,6,-92.375,-0.788,24.133
3644.2,62.01,11.7,0.0,31.0,6,-88.654,-0.746,24.372
3644.2,61.85,21.9,0.0,28.8,6,-86.179,-0.717,24.479
3656.2,61.66,30.1,0.0,25.6,6,-82.474,-0.675,24.560
3656.2,61.55,36.9,0.0,24.0,6,-80.010,-0.646,24.561
3656.2,61.43,49.0,0.0,21.1,6,-76.322,-0.601,24.482
3656.2,61.39,58.6,0.0,19.5,6,-73.869,-0.569,24.377
3668.4,61.41,79.8,0.0,15.4,6,-70.193,-0.524,24.143
3668.4,61.50,88.3,0.0,13.3,6,-66.520,-0.479,23.822
3668.4,61.58,88.4,0.0,11.6,6,-64.073,-0.450,23.561
3668.4,61.71,88.4,0.0,7.8,6,-60.404,-0.406,23.099
3680.7,61.79,88.5,0.0,6.0,6,-57.961,-0.371,22.741
3680.7,61.91,88.6,0.0,2.4,6,-54.300,-0.312,22.140
3680.7,62.03,88.7,0.0,0.2,6,-51.860,-0.275,21.705
3680.7,62.23,88.7,0.0,-2.9,6,-48.198,-0.231,21.012
3693.0,62.33,88.7,0.0,-3.6,6,-45.756,-0.205,20.523
3693.0,62.52,88.8,0.0,-3.5,6,-42.089,-0.168,19.762
3693.0,62.64,88.8,0.0,-1.9,6,-39.639,-0.142,19.249
3693.0,62.82,87.7,0.0,-0.3,6,-35.954,-0.103,18.489
3705.5,62.94,88.8,0.0,-0.8,6,-33.489,-0.077,17.993
3705.5,63.12,89.1,0.0,-2.5,6,-29.778,-0.041,17.263
3705.5,63.23,89.1,0.0,-3.6,6,-27.297,-0.019,16.788
3705.5,63.42,89.1,0.0,-4.7,6,-23.562,0.009,16.093
3718.2,63.53,89.2,0.0,-5.1,6,-21.062,0.025,15.647
3718.2,63.70,89.3,0.0,-4.9,6,-17.299,0.046,15.012
3718.2,63.86,89.3,0.0,-4.8,6,-13.518,0.069,14.425
3718.2,63.95,89.4,0.0,-6.1,6,-10.988,0.086,14.064
3731.0,64.12,89.5,0.0,-7.8,6,-7.177,0.112,13.571
3731.0,64.22,89.5,0.0,-8.4,6,-4.628,0.129,13.277
3731.0,64.37,89.6,0.0,-8.1,6,-0.789,0.156,12.894
3731.0,64.45,89.6,0.0,-7.9,6,1.778,0.176,12.680
3744.0,64.58,89.7,0.0,-7.8,6,5.640,0.209,12.428
3744.0,64.68,89.7,0.0,-7.9,6,8.222,0.235,12.304
3744.0,64.80,89.8,0.0,-8.3,6,12.104,0.277,12.188
3744.0,64.89,89.8,0.0,-8.5,6,14.697,0.306,12.155
3757.3,65.02,89.9,0.0,-8.8,6,18.594,0.353,12.173
3757.3,65.11,89.9,0.0,-8.7,6,21.196,0.387,12.232
3757.3,65.23,90.0,0.0,-7.9,6,25.102,0.443,12.388
3757.3,65.31,90.0,0.0,-7.2,6,27.707,0.484,12.540
3770.8,65.43,90.1,0.0,-6.4,6,31.618,0.547,12.837
3770.8,65.59,90.1,0.0,-8.1,6,35.531,0.604,13.204
3770.8,65.68,90.1,0.0,-9.9,6,38.140,0.635,13.486
3770.8,65.79,90.2,0.0,-11.2,6,42.053,0.683,13.977
3784.4,65.86,90.2,0.0,-11.4,6,44.659,0.718,14.351
3784.4,65.98,90.3,0.0,-10.7,6,48.563,0.773,14.983
3784.4,66.06,90.3,0.0,-10.0,6,51.162,0.809,15.451
3784.4,66.17,90.4,0.0,-9.5,6,55.052,0.864,16.222
3798.0,66.24,90.4,0.0,-9.1,6,57.639,0.900,16.785
3798.0,66.35,90.5,0.0,-8.4,6,61.509,0.956,17.702
3798.0,66.41,90.5,0.0,-8.3,6,64.080,0.995,18.361
3798.0,66.52,90.5,0.0,-8.1,6,67.924,1.052,19.421
3811.7,66.59,90.6,0.0,-8.2,6,70.477,1.090,20.174
3811.7,66.71,90.6,0.0,-7.9,6,74.293,1.145,21.370
3811.7,66.79,90.6,0.0,-7.7,6,76.825,1.182,22.215
3811.7,66.89,90.6,0.0,-7.6,6,80.605,1.240,23.552
3825.5,66.96,90.7,0.0,-7.7,6,83.112,1.278,24.489
3825.5,67.08,90.8,0.0,-8.0,6,86.853,1.335,25.961
3825.5,67.19,90.8,0.0,-7.9,6,90.569,1.393,27.515
3825.5,67.25,90.8,0.0,-7.9,6,93.030,1.433,28.597
3839.1,67.39,90.8,0.0,-7.4,6,96.700,1.493,30.284
3839.1,67.46,90.9,0.0,-7.2,6,99.130,1.534,31.452
3839.1,67.59,90.9,0.0,-7.0,6,102.750,1.597,33.269
3839.1,67.67,90.9,0.0,-6.9,6,105.148,1.639,34.520
3852.6,67.80,91.0,0.0,-6.6,6,108.719,1.703,36.458
3852.6,67.88,91.0,0.0,-6.5,6,111.084,1.745,37.788
3852.6,68.01,91.0,0.0,-6.4,6,114.605,1.809,39.841
3852.6,68.09,91.1,0.0,-6.4,6,116.934,1.851,41.248
3866.2,68.22,91.1,0.0,-6.7,6,120.402,1.914,43.413
3866.2,68.30,91.1,0.0,-7.0,6,122.697,1.955,44.892
3866.2,68.43,91.2,0.0,-7.2,6,126.111,2.013,47.165
3866.2,68.51,91.2,0.0,-7.1,6,128.368,2.051,48.715
3879.7,68.63,91.2,0.0,-7.2,6,131.724,2.106,51.095
3879.7,68.76,91.3,0.0,-7.1,6,135.043,2.158,53.538
3879.7,68.84,91.3,0.0,-6.9,6,137.234,2.191,55.202
3893.4,68.96,91.3,0.0,-7.0,6,140.488,2.237,57.752
3893.4,69.05,91.4,0.0,-7.1,6,142.634,2.265,59.486
3893.4,69.17,91.4,0.0,-6.7,6,145.821,2.300,62.138
3893.4,69.25,91.4,0.0,-6.3,6,147.924,2.319,63.939
3907.3,69.38,91.4,0.0,-4.5,6,151.042,2.342,66.690
3907.3,69.47,91.5,0.0,-3.4,6,153.097,2.355,68.557
3907.3,69.60,91.5,0.0,-2.4,6,156.147,2.373,71.403
3907.3,69.69,91.5,0.0,-1.8,6,158.160,2.384,73.328
3921.2,69.82,62.9,22.2,-1.3,6,161.155,2.399,76.252
3921.2,69.51,5.3,55.3,-1.1,6,163.134,2.408,78.217
3921.2,68.54,0.0,79.8,-0.3,6,166.059,2.422,81.155
3921.2,67.74,0.0,86.2,0.2,6,167.974,2.434,83.096
3934.8,66.49,0.0,90.7,0.6,6,170.797,2.454,85.973
3934.8,65.62,0.0,91.4,0.7,6,172.645,2.467,87.863
3934.8,64.32,0.0,92.5,0.5,6,175.370,2.488,90.654
3934.8,63.46,0.0,93.1,0.3,6,177.156,2.502,92.484
3947.6,62.14,0.0,93.7,0.2,0,179.792,2.521,95.181
3947.6,60.84,0.0,93.5,0.2,5,182.375,2.540,97.818
3947.6,59.97,0.0,92.9,0.3,5,184.070,2.552,99.543
3947.6,58.68,0.0,92.5,0.5,5,186.569,2.571,102.081
3959.6,57.83,0.0,92.7,0.5,5,188.208,2.582,103.740
3959.6,56.54,0.0,91.8,0.4,5,190.625,2.596,106.178
3959.6,55.69,0.0,91.7,0.4,5,192.210,2.605,107.770
3959.6,54.42,0.0,91.3,0.4,5,194.548,2.618,110.107
3970.7,53.57,0.0,91.6,0.6,0,196.081,2.627,111.631
3970.7,52.33,0.0,92.0,0.8,4,198.342,2.643,113.866
3970.7,51.49,0.0,92.8,1.0,4,199.824,2.654,115.323
3970.7,50.22,0.0,91.7,1.2,4,202.010,2.674,117.454
3980.9,49.37,0.0,91.8,1.5,4,203.444,2.689,118.840
3980.9,48.13,0.0,91.6,2.0,4,205.558,2.713,120.865
3980.9,47.29,0.0,92.0,2.1,4,206.944,2.730,122.178
3980.9,46.05,0.0,91.8,2.7,4,208.990,2.755,124.094
3990.4,44.80,0.0,92.0,3.2,0,210.997,2.778,125.943
3990.4,44.01,33.6,92.6,3.4,0,212.313,2.794,127.137
3990.4,42.78,0.0,92.0,3.3,3,214.258,2.814,128.873
3990.4,41.98,0.0,90.2,2.7,3,215.533,2.827,129.991
3999.0,40.79,0.0,84.7,1.4,3,217.417,2.843,131.612
3999.0,40.04,0.0,73.4,0.5,3,218.654,2.853,132.655
3999.0,39.05,0.0,58.7,-1.7,3,220.488,2.864,134.161
3999.0,38.47,0.0,52.8,-2.7,3,221.702,2.870,135.128
4006.9,37.69,0.0,45.4,-2.7,3,223.513,2.877,136.521
4006.9,37.22,0.0,42.4,-1.8,3,224.718,2.880,137.413
4006.9,36.57,0.0,39.2,1.8,3,226.523,2.882,138.696
4006.9,36.16,0.0,37.1,5.2,3,227.725,2.883,139.517
4014.2,35.59,0.0,36.3,9.1,0,229.525,2.882,140.699
4014.2,35.24,37.6,37.0,10.6,0,230.723,2.880,141.456
4014.2,34.67,0.0,36.2,11.4,2,232.516,2.876,142.547
4014.2,34.10,0.0,35.6,11.4,2,234.302,2.871,143.582
4021.1,33.73,0.0,34.0,11.2,2,235.488,2.866,144.241
4021.1,33.19,0.0,32.0,11.3,2,237.264,2.859,145.180
4021.1,32.85,0.0,28.5,11.6,2,238.445,2.853,145.774
4021.1,32.41,0.0,20.0,12.6,2,240.213,2.844,146.616
4027.5,32.17,0.0,15.6,13.6,2,241.391,2.838,147.145
4027.5,31.86,0.0,11.7,15.5,2,243.161,2.828,147.892
4027.5,31.68,0.0,9.3,17.2,2,244.343,2.822,148.358
4027.5,31.44,0.0,5.8,19.3,2,246.121,2.812,149.010
4033.6,31.31,0.0,5.5,17.8,2,247.310,2.805,149.412
4033.6,31.11,0.0,6.9,15.2,2,249.099,2.794,149.967
4033.6,30.97,0.0,7.3,16.2,2,250.294,2.787,150.305
4033.6,30.75,0.0,12.5,17.8,2,252.087,2.776,150.767
4039.7,30.57,0.0,11.4,17.1,2,253.283,2.768,151.042
4039.7,30.32,0.0,7.0,15.9,2,255.073,2.755,151.408
4039.7,30.19,0.0,3.3,15.5,2,256.264,2.747,151.620
4039.7,29.99,0.0,5.8,16.3,2,258.050,2.736,151.891
4046.0,29.82,0.0,0.4,17.7,2,259.831,2.727,152.106
4046.0,29.74,4.5,1.0,19.0,2,261.017,2.721,152.219
4046.0,29.61,0.6,0.1,20.7,2,262.794,2.712,152.342
4046.0,29.53,4.4,0.0,24.1,2,263.976,2.708,152.392
4052.5,29.44,8.7,0.0,28.6,2,265.745,2.702,152.416
4052.5,29.37,8.0,0.0,30.8,2,266.921,2.699,152.395
4052.5,29.31,19.3,0.0,33.9,2,268.678,2.697,152.308
4052.5,29.30,20.1,0.0,36.3,2,269.847,2.697,152.212
4060.3,29.26,22.4,0.0,41.2,2,271.592,2.697,152.013
4060.3,29.23,16.8,0.0,44.4,2,272.749,2.699,151.843
4060.3,29.12,13.5,0.0,49.7,2,274.472,2.701,151.533
4060.3,29.04,11.7,0.0,52.3,2,275.609,2.706,151.287
4067.3,28.89,9.0,0.0,57.6,2,277.294,2.715,150.862
4067.3,28.79,11.0,0.0,62.0,2,278.403,2.722,150.543
4067.3,28.63,10.5,0.0,69.2,2,280.042,2.735,150.011
4067.3,28.50,10.7,0.0,70.0,0,281.116,2.745,149.621
4075.4,28.28,1.7,0.0,69.8,1,282.695,2.764,148.982
4075.4,28.05,11.3,0.0,67.4,1,284.231,2.789,148.277
4075.4,27.93,11.2,0.0,65.8,1,285.230,2.808,147.773
4081.9,27.77,11.1,0.0,64.0,1,286.694,2.839,146.967
4081.9,27.66,11.1,0.0,63.0,1,287.646,2.860,146.400
4081.9,27.50,11.0,0.0,61.8,1,289.039,2.892,145.506
4081.9,27.40,10.9,0.0,60.5,1,289.942,2.913,144.882
4087.8,27.24,10.9,0.0,59.0,1,291.259,2.946,143.906
4087.8,27.14,11.3,0.0,60.7,1,292.110,2.968,143.229
4087.8,26.99,11.2,0.0,62.3,1,293.347,3.004,142.176
4087.8,26.89,10.9,0.0,61.9,1,294.143,3.028,141.450
4093.2,26.74,10.9,0.0,61.9,1,295.295,3.064,140.328
4093.2,26.64,10.9,0.0,61.4,1,296.034,3.088,139.558
4093.2,26.50,10.9,0.0,60.2,1,297.100,3.122,138.372
4093.2,26.40,10.9,0.0,57.7,1,297.781,3.143,137.563
4098.3,26.26,11.5,0.0,52.9,1,298.757,3.172,136.320
4098.3,26.14,15.2,0.0,46.3,1,299.678,3.199,135.047
4098.3,26.10,21.0,0.0,40.9,1,300.261,3.215,134.180
4098.3,26.17,44.8,0.0,31.5,1,301.091,3.238,132.851
4103.4,26.37,50.2,0.0,24.0,1,301.618,3.252,131.943
4103.4,26.63,53.0,0.0,11.7,1,302.374,3.271,130.545
4103.4,26.86,51.1,0.0,5.0,1,302.855,3.283,129.591
4103.4,27.29,71.1,0.0,-0.5,1,303.553,3.299,128.126
4108.6,27.65,74.6,0.0,-1.3,1,304.005,3.310,127.126
4108.6,28.23,79.7,0.0,1.2,1,304.671,3.325,125.589
4108.6,28.63,78.0,0.0,3.7,1,305.108,3.334,124.540
4108.6,29.22,76.4,0.0,7.2,1,305.754,3.348,122.931
4114.2,29.59,76.2,0.0,9.1,1,306.178,3.357,121.835
4114.2,30.13,75.3,0.0,11.1,1,306.802,3.371,120.156
4114.2,30.48,74.9,0.0,11.7,1,307.207,3.380,119.015
4114.2,31.01,76.2,0.0,11.8,1,307.797,3.393,117.268
4120.3,31.54,77.2,0.0,11.7,1,308.362,3.405,115.480
4120.3,31.88,77.8,0.0,11.8,1,308.721,3.413,114.264
4120.3,32.41,80.4,0.0,11.0,1,309.233,3.425,112.406
4120.3,32.75,82.9,0.0,10.1,1,309.553,3.433,111.144
4126.7,33.29,82.3,0.0,8.7,1,310.002,3.446,109.215
4126.7,33.64,86.2,0.0,8.4,1,310.279,3.455,107.907
4126.7,34.16,86.1,0.0,8.1,0,310.660,3.470,105.910
4126.7,34.17,0.0,0.0,8.2,0,310.886,3.480,104.561
4133.5,34.50,84.2,0.0,8.9,2,311.179,3.497,102.526
4133.5,34.84,79.5,0.0,11.1,2,311.348,3.511,101.150
4133.5,35.24,65.2,0.0,11.3,2,311.561,3.532,99.059
4133.5,35.45,58.9,0.0,10.3,2,311.675,3.548,97.650
4140.4,35.56,13.3,17.3,8.5,2,311.806,3.572,95.522
4140.4,35.33,0.0,35.3,7.1,2,311.866,3.590,94.105
4140.4,34.74,0.0,49.6,4.8,2,311.923,3.618,92.002
4140.4,34.24,0.0,60.9,3.6,2,311.942,3.639,90.621
4147.2,33.36,0.0,71.3,1.3,2,311.951,3.673,88.591
4147.2,32.36,0.0,76.8,-1.9,2,311.943,3.707,86.617
4147.2,31.67,0.0,78.8,-4.1,2,311.933,3.731,85.336
4147.2,30.62,0.0,80.0,-6.7,2,311.919,3.765,83.465
4153.3,29.91,0.0,80.0,-8.4,0,311.913,3.788,82.253
4153.3,28.93,0.0,63.4,-10.0,1,311.917,3.821,80.487
4153.3,28.32,0.0,50.7,-10.3,1,311.931,3.842,79.341
4153.3,27.62,0.0,37.0,-13.2,1,311.973,3.872,77.664
4158.8,27.24,0.0,29.7,-14.1,1,312.021,3.891,76.567
4158.8,26.77,0.0,23.0,-13.0,1,312.123,3.917,74.950
4158.8,26.50,0.0,20.2,-15.7,1,312.211,3.933,73.887
4158.8,26.14,0.0,16.6,-20.4,1,312.376,3.955,72.317
4164.0,25.92,0.0,13.5,-22.1,1,312.510,3.969,71.284
4164.0,25.62,0.0,11.6,-24.5,1,312.748,3.988,69.756
4164.0,25.44,0.0,11.4,-24.6,1,312.934,4.000,68.752
4164.0,25.16,0.0,11.6,-23.0,1,313.253,4.016,67.267
4169.0,24.98,0.0,10.4,-20.8,1,313.492,4.026,66.293
4169.0,24.72,0.0,11.5,-18.1,1,313.887,4.040,64.855
4169.0,24.46,0.0,12.5,-18.0,1,314.323,4.051,63.445
4169.0,24.28,0.0,12.9,-18.8,1,314.634,4.058,62.521
4173.9,24.01,0.0,10.4,-17.6,1,315.131,4.066,61.159
4173.9,23.85,0.0,9.5,-17.8,1,315.481,4.071,60.268
4173.9,23.62,0.0,8.7,-21.0,1,316.033,4.077,58.955
4173.9,23.48,0.0,8.4,-24.6,1,316.419,4.080,58.096
4178.6,23.25,0.0,6.0,-28.5,1,317.030,4.084,56.833
4178.6,23.12,0.0,4.1,-29.3,1,317.459,4.085,56.011
4178.6,22.95,0.0,4.5,-30.1,1,318.137,4.085,54.806
4178.6,22.82,0.0,5.1,-30.4,1,318.612,4.084,54.024
4183.0,22.63,0.0,6.6,-30.6,1,319.358,4.082,52.882
4183.0,22.50,0.0,4.0,-30.5,1,319.877,4.079,52.143
4183.0,22.33,0.0,5.4,-28.8,1,320.688,4.074,51.070
4183.0,22.20,0.0,7.0,-28.7,1,321.249,4.069,50.378
4187.2,22.00,0.0,8.9,-29.4,1,322.118,4.063,49.376
4187.2,21.84,0.0,10.0,-30.0,1,322.714,4.057,48.733
4187.2,21.61,0.0,6.5,-29.9,1,323.633,4.049,47.808
4191.1,21.42,0.0,6.4,-29.1,1,324.579,4.041,46.930
4191.1,21.29,0.0,6.9,-30.2,1,325.224,4.035,46.369
4191.1,21.09,0.0,7.6,-32.5,1,326.211,4.025,45.567
4191.1,20.96,0.0,8.3,-33.8,1,326.882,4.018,45.059
4195.0,20.77,2.0,0.5,-36.1,1,327.905,4.006,44.339
4195.0,20.73,17.1,0.0,-37.3,1,328.601,3.997,43.886
4195.0,20.83,36.6,0.0,-38.5,1,329.670,3.985,43.246
4195.0,20.96,43.5,0.0,-39.5,1,330.402,3.976,42.843
4199.0,21.20,50.8,0.0,-41.5,1,331.529,3.961,42.272
4199.0,21.47,75.4,0.0,-42.3,1,332.303,3.951,41.913
4199.0,21.82,52.6,0.0,-41.9,1,333.499,3.935,41.407
4199.0,21.99,53.8,0.0,-40.4,1,334.318,3.924,41.096
4203.4,22.22,39.0,0.0,-37.2,1,335.575,3.908,40.675
4203.4,22.48,54.3,0.0,-33.7,1,336.864,3.891,40.309
4203.4,22.67,54.7,0.0,-33.2,1,337.741,3.881,40.098
4203.4,22.96,49.6,0.0,-34.0,1,339.082,3.866,39.826
4208.2,23.15,49.4,0.0,-34.8,1,339.992,3.857,39.677
4208.2,23.42,51.1,0.0,-36.9,1,341.377,3.844,39.503
4208.2,23.61,51.1,0.0,-38.5,1,342.314,3.835,39.420
4208.2,23.88,48.1,0.0,-42.0,1,343.736,3.823,39.343
4213.4,24.04,44.0,0.0,-44.4,1,344.694,3.815,39.324
4213.4,24.21,36.8,0.0,-47.9,1,346.141,3.803,39.345
4213.4,24.28,30.6,0.0,-50.0,1,347.110,3.796,39.394
4213.4,24.33,25.0,0.0,-54.2,1,348.563,3.786,39.518
4219.9,24.33,21.0,0.0,-55.6,1,349.529,3.779,39.635
4219.9,24.29,18.5,0.0,-56.4,1,350.970,3.771,39.862
4219.9,24.27,18.9,0.0,-56.8,1,351.924,3.767,40.048
4219.9,24.23,19.6,0.0,-55.8,1,353.341,3.761,40.379
4225.6,24.20,20.8,0.0,-52.5,1,354.740,3.756,40.770
4225.6,24.20,25.5,0.0,-49.6,1,355.661,3.753,41.066
4225.6,24.29,36.7,0.0,-43.9,1,357.029,3.750,41.559
4225.6,24.45,61.6,0.0,-40.0,1,357.933,3.748,41.923
4231.3,24.92,60.8,0.0,-32.2,1,359.287,3.748,42.519
4231.3,25.16,60.5,0.0,-26.3,1,360.190,3.749,42.952
4231.3,25.61,60.1,0.0,-19.0,1,361.540,3.751,43.653
4231.3,25.90,69.2,0.0,-15.5,1,362.439,3.754,44.155
4236.8,26.40,71.8,0.0,-11.4,1,363.786,3.761,44.957
4236.8,26.75,71.4,0.0,-10.6,1,364.685,3.767,45.524
4236.8,27.26,69.6,0.0,-11.2,1,366.034,3.777,46.420
4236.8,27.59,67.5,0.0,-12.4,1,366.933,3.785,47.048
4242.3,28.06,65.8,0.0,-15.1,1,368.281,3.798,48.030
4242.3,28.36,65.6,0.0,-19.0,1,369.179,3.806,48.713
4242.3,28.80,66.6,0.0,-16.8,1,370.521,3.819,49.779
4242.3,29.27,68.2,0.0,-16.2,1,371.855,3.831,50.897
4247.8,29.59,70.6,0.0,-19.8,1,372.740,3.839,51.672
4247.8,30.07,75.7,0.0,-20.6,1,374.058,3.851,52.882
4247.8,30.42,76.5,0.0,-17.6,1,374.929,3.858,53.721
4247.8,30.92,71.7,0.0,-20.8,1,376.223,3.869,55.027
4253.5,31.23,71.5,0.0,-22.0,1,377.075,3.875,55.932
4253.5,31.66,66.8,0.0,-22.2,1,378.330,3.885,57.339
4253.5,31.90,64.4,0.0,-22.1,1,379.150,3.892,58.310
4253.5,32.25,60.6,0.0,-21.6,1,380.349,3.900,59.815
4259.5,32.46,60.1,0.0,-21.2,1,381.127,3.905,60.849
4259.5,32.79,59.9,0.0,-20.8,1,382.258,3.912,62.445
4259.5,32.99,57.1,0.0,-20.1,1,382.989,3.914,63.539
4259.5,33.28,64.4,0.0,-17.4,1,384.045,3.918,65.222
4265.8,33.49,59.4,0.0,-15.0,1,384.722,3.919,66.372
4265.8,33.82,66.3,0.0,-12.5,1,385.697,3.921,68.140
4265.8,34.06,63.7,0.0,-9.1,1,386.319,3.923,69.346
4265.8,34.35,0.0,0.0,-5.5,0,387.213,3.925,71.195
4272.4,34.46,83.7,0.0,-2.0,2,388.055,3.926,73.075
4272.4,34.82,84.3,0.0,0.1,2,388.593,3.927,74.351
4272.4,35.29,84.6,0.0,1.5,2,389.378,3.929,76.300
4272.4,35.64,84.7,0.0,0.7,2,389.891,3.928,77.622
4279.3,36.18,84.8,0.0,-1.8,2,390.647,3.926,79.640
4279.3,36.54,84.9,0.0,-3.0,2,391.146,3.923,81.004
4279.3,36.98,83.9,0.0,-4.5,2,391.887,3.917,83.082
4279.3,37.36,83.6,0.0,-4.8,2,392.376,3.912,84.485
4286.5,37.86,85.2,0.0,-3.4,2,393.098,3.903,86.623
4286.5,38.22,85.4,0.0,-1.9,2,393.571,3.896,88.069
4286.5,38.77,85.3,0.0,-1.0,2,394.266,3.888,90.271
4286.5,39.09,85.4,0.0,-1.3,2,394.719,3.886,91.760
4294.1,39.60,85.7,0.0,-1.4,2,395.385,3.881,94.023
4294.1,39.89,86.0,0.0,-2.6,2,395.819,3.879,95.551
4294.1,40.37,86.2,0.0,-3.9,2,396.456,3.877,97.870
4301.9,40.53,0.0,0.0,-3.2,0,397.079,3.875,100.220
4301.9,40.72,84.3,0.0,-3.1,3,397.484,3.873,101.791
4301.9,41.17,84.2,0.0,-2.4,3,398.081,3.869,104.173
4301.9,41.48,84.1,0.0,-2.5,3,398.473,3.866,105.778
4310.0,41.92,84.2,0.0,-3.3,3,399.052,3.862,108.211
4310.0,42.20,84.2,0.0,-3.5,3,399.432,3.860,109.849
4310.0,42.64,84.4,0.0,-3.5,3,399.993,3.857,112.331
4310.0,42.92,84.4,0.0,-3.7,3,400.359,3.855,114.002
4318.4,43.35,84.6,0.0,-3.8,3,400.896,3.852,116.532
4318.4,43.63,84.6,0.0,-4.0,3,401.245,3.849,118.236
4318.4,44.04,84.7,0.0,-4.3,3,401.753,3.847,120.816
4318.4,44.32,84.8,0.0,-4.5,3,402.080,3.845,122.552
4327.1,44.73,84.9,0.0,-4.8,3,402.551,3.843,125.181
4327.1,45.01,85.0,0.0,-4.9,3,402.851,3.841,126.950
4327.1,45.42,85.1,0.0,-4.7,3,403.279,3.837,129.628
4327.1,45.68,85.2,0.0,-4.7,3,403.548,3.834,131.429
4336.0,46.08,85.3,0.0,-5.0,3,403.926,3.829,134.155
4336.0,46.48,85.3,0.0,-5.1,3,404.273,3.824,136.909
4336.0,46.74,85.4,0.0,-5.1,3,404.486,3.820,138.761
4336.0,47.13,85.5,0.0,-5.4,3,404.777,3.815,141.562
4345.2,47.39,85.5,0.0,-5.7,3,404.952,3.811,143.444
4345.2,47.77,85.6,0.0,-5.8,3,405.183,3.805,146.289
4345.2,48.03,85.7,0.0,-5.9,3,405.316,3.801,148.199
4345.2,48.40,85.8,0.0,-7.1,3,405.481,3.795,151.087
4354.7,48.65,85.8,0.0,-8.0,3,405.567,3.791,153.025
4354.7,49.01,85.9,0.0,-8.6,3,405.656,3.786,155.953
4354.7,49.24,86.0,0.0,-8.6,3,405.687,3.781,157.917
4354.7,49.59,86.0,0.0,-8.4,3,405.688,3.775,160.881
4364.4,49.82,86.1,0.0,-8.5,3,405.656,3.770,162.869
4364.4,50.16,86.1,0.0,-9.0,3,405.560,3.763,165.866
4364.4,50.38,0.0,0.0,-9.3,0,405.402,3.755,168.879
4364.4,50.34,84.1,0.0,-9.2,4,405.261,3.750,170.888
4374.3,50.63,84.2,0.0,-9.1,4,404.995,3.743,173.905
4394.8,53.24,85.6,0.0,-9.8,4,399.217,3.670,202.367
4405.7,53.51,85.8,0.0,-10.7,4,398.217,3.668,205.408
4405.7,53.69,85.9,0.0,-11.2,4,397.508,3.667,207.432
4405.7,53.96,86.0,0.0,-12.1,4,396.387,3.664,210.459
4417.1,54.21,86.2,0.0,-11.9,4,395.189,3.665,213.475
4417.1,54.38,86.3,0.0,-11.3,4,394.348,3.668,215.476
4417.1,54.64,86.4,0.0,-10.6,4,393.024,3.674,218.467
4417.1,54.81,86.5,0.0,-10.2,4,392.101,3.678,220.452
4428.7,55.08,86.6,0.0,-10.0,4,390.657,3.685,223.415
4428.7,55.25,86.7,0.0,-9.9,4,389.655,3.691,225.380
4428.7,55.52,86.8,0.0,-9.6,4,388.091,3.700,228.311
4428.7,55.68,87.0,0.0,-9.7,4,387.012,3.705,230.255
4440.2,55.95,87.0,0.0,-9.1,4,385.339,3.708,233.156
4440.2,56.12,87.1,0.0,-8.8,4,384.188,3.708,235.078
4440.2,56.37,87.3,0.0,-9.0,4,382.406,3.707,237.943
4440.2,56.54,87.3,0.0,-9.2,4,381.180,3.708,239.839
4451.2,56.79,87.5,0.0,-9.6,4,379.283,3.710,242.659
4451.2,56.94,87.5,0.0,-9.8,4,377.980,3.713,244.523
4451.2,57.19,87.7,0.0,-9.8,4,375.970,3.721,247.295
4451.2,57.44,87.8,0.0,-9.7,4,373.895,3.730,250.036
4462.5,57.60,87.9,0.0,-9.3,4,372.476,3.736,251.847
4462.5,57.85,88.0,0.0,-7.6,4,370.294,3.745,254.536
4462.5,58.01,88.1,0.0,-6.0,4,368.804,3.752,256.310
4462.5,58.26,88.2,0.0,-4.7,4,366.519,3.762,258.945
4473.9,58.43,88.2,0.0,-4.4,4,364.966,3.768,260.686
4473.9,58.69,88.3,0.0,-4.1,4,362.592,3.776,263.276
4473.9,58.87,88.4,0.0,-4.0,4,360.983,3.780,264.990
4473.9,59.13,88.5,0.0,-4.0,4,358.532,3.785,267.544
4485.7,59.30,88.6,0.0,-4.1,4,356.875,3.788,269.235
4485.7,59.56,88.7,0.0,-4.1,4,354.355,3.788,271.758
4485.7,59.73,88.8,0.0,-4.0,4,352.652,3.787,273.428
4485.7,59.99,88.6,0.0,-4.3,4,350.063,3.787,275.917
4497.6,60.15,89.0,0.0,-4.3,4,348.315,3.788,277.564
4497.6,60.38,89.1,0.0,-4.1,4,345.659,3.789,280.018
4497.6,60.56,89.1,0.0,-2.8,4,343.867,3.790,281.643
4497.6,60.71,0.0,0.0,-1.7,0,341.143,3.796,284.058
4509.7,60.70,88.2,0.0,-0.9,5,338.394,3.804,286.444
4509.7,60.88,88.3,0.0,-0.1,5,336.546,3.806,288.026
4509.7,61.18,88.1,0.0,1.1,5,333.752,3.804,290.392
4509.7,61.35,88.1,0.0,1.0,5,331.874,3.802,291.967
4521.9,61.58,88.4,0.0,0.2,5,329.043,3.802,294.327
4521.9,61.74,88.4,0.0,-0.0,5,327.147,3.799,295.905
4521.9,61.96,88.5,0.0,0.1,5,324.296,3.798,298.280
4521.9,62.13,88.5,0.0,0.4,5,322.390,3.798,299.870
4534.2,62.36,88.6,0.0,0.7,5,319.524,3.798,302.263
4534.2,62.51,88.6,0.0,0.7,5,317.609,3.798,303.865
4534.2,62.73,88.7,0.0,0.7,5,314.731,3.800,306.280
4534.2,62.88,88.8,0.0,0.6,5,312.809,3.804,307.898
4546.7,63.11,88.9,0.0,-0.0,5,309.922,3.812,310.336
4546.7,63.26,89.0,0.0,-0.2,5,307.993,3.815,311.969
4546.7,63.48,89.0,0.0,-0.2,5,305.093,3.821,314.428
4546.7,63.63,89.1,0.0,-0.1,5,303.155,3.826,316.073
4559.4,63.85,89.2,0.0,0.2,5,300.240,3.834,318.548
4559.4,64.07,89.3,0.0,0.4,5,297.315,3.840,321.032
4559.4,64.22,89.3,0.0,0.4,5,295.361,3.843,322.693
4559.4,64.43,89.4,0.0,0.3,5,292.422,3.846,325.194
4572.2,64.58,89.5,0.0,0.4,5,290.458,3.844,326.868
4572.2,64.80,89.5,0.0,0.5,5,287.507,3.838,329.389
4572.2,64.94,89.6,0.0,0.6,5,285.536,3.833,331.076
4572.2,65.15,89.7,0.0,0.5,5,282.575,3.825,333.618
4585.2,65.29,89.7,0.0,0.4,5,280.598,3.819,335.320
4585.2,65.49,89.8,0.0,0.2,5,277.629,3.812,337.885
4585.2,65.63,89.9,0.0,0.3,5,275.647,3.812,339.602
4585.2,65.84,89.9,0.0,0.2,5,272.670,3.812,342.187
4598.3,65.97,90.0,0.0,0.2,5,270.681,3.814,343.917
4598.3,66.18,90.1,0.0,0.1,5,267.692,3.816,346.521
4598.3,66.38,90.1,0.0,0.1,5,264.696,3.821,349.136
4598.3,66.52,90.2,0.0,-0.0,5,262.695,3.828,350.885
4611.5,66.71,90.3,0.0,-0.0,5,259.686,3.840,353.516
4611.5,66.85,90.3,0.0,0.0,5,257.676,3.849,355.275
4611.5,67.04,90.4,0.0,0.1,5,254.654,3.865,357.920
4611.5,67.19,90.4,0.0,0.0,5,252.635,3.872,359.688
4624.9,67.37,90.4,0.0,-0.1,5,249.598,3.886,362.347
4624.9,67.49,90.5,0.0,-0.1,5,247.570,3.898,364.125
4624.9,67.70,90.6,0.0,0.1,5,244.520,3.912,366.797
4624.9,67.82,90.6,0.0,0.1,5,242.482,3.919,368.584
4638.5,68.01,90.7,0.0,0.1,5,239.418,3.929,371.270
4638.5,68.14,90.7,0.0,0.0,5,237.371,3.935,373.065
4638.5,68.33,90.8,0.0,0.0,5,234.294,3.940,375.765
4638.5,68.45,90.8,0.0,-0.0,5,232.238,3.940,377.570
4652.1,68.64,90.9,0.0,-0.0,5,229.148,3.939,380.283
4652.1,68.76,90.9,0.0,-0.0,5,227.083,3.937,382.096
4652.1,68.94,91.0,0.0,-0.0,5,223.979,3.932,384.822
4652.1,69.07,91.0,0.0,-0.0,5,221.906,3.929,386.643
4665.8,69.25,91.1,0.0,0.0,5,218.788,3.924,389.381
4665.8,69.43,91.1,0.0,0.0,5,215.662,3.919,392.126
4665.8,69.55,91.2,0.0,0.0,5,213.574,3.914,393.960
4679.7,69.72,91.3,0.0,-0.0,5,210.435,3.906,396.717
4779.7,73.31,91.5,0.0,0.0,6,131.142,3.848,466.834
4779.7,73.45,91.5,0.0,0.0,6,127.858,3.850,469.765
4779.7,73.54,91.6,0.0,0.0,6,125.665,3.852,471.723
4794.4,73.68,91.6,0.0,0.0,6,122.371,3.854,474.665
4794.4,73.77,91.6,0.0,0.0,6,120.172,3.855,476.630
4794.4,73.91,91.7,0.0,0.0,6,116.868,3.856,479.582
4809.1,74.05,91.7,0.0,-0.0,6,113.558,3.855,482.539
4809.1,74.14,91.7,0.0,-0.0,6,111.349,3.853,484.514
4809.1,74.28,91.8,0.0,-0.0,6,108.029,3.850,487.480
4809.1,74.37,91.8,0.0,-0.0,6,105.812,3.846,489.461
4824.0,74.50,91.8,0.0,-0.0,6,102.482,3.838,492.436
4824.0,74.58,91.9,0.0,-0.0,6,100.259,3.832,494.423
4824.0,74.72,91.9,0.0,-0.0,6,96.919,3.823,497.406
4824.0,74.85,91.9,0.0,-0.0,6,93.572,3.812,500.395
4839.0,74.94,92.0,0.0,0.0,6,91.338,3.803,502.391
4839.0,75.07,92.0,0.0,0.0,6,87.982,3.787,505.388
4839.0,75.15,92.0,0.0,0.0,6,85.741,3.775,507.389
4839.0,75.28,92.0,0.0,-0.0,6,82.375,3.755,510.395
4854.0,75.37,92.1,0.0,-0.0,6,80.128,3.742,512.402
4854.0,75.49,92.1,0.0,-0.0,6,76.753,3.721,515.417
4854.0,75.58,92.1,0.0,-0.0,6,74.499,3.707,517.429
4854.0,75.71,92.2,0.0,-0.0,6,71.114,3.685,520.452
4869.1,75.79,92.2,0.0,-0.1,6,68.853,3.670,522.469
4869.1,75.92,92.2,0.0,-0.1,6,65.458,3.646,525.499
4869.1,76.00,92.2,0.0,-0.1,6,63.190,3.629,527.522
4869.1,76.13,92.3,0.0,-0.1,6,59.784,3.602,530.559
4884.3,76.21,92.3,0.0,-0.1,6,57.510,3.583,532.586
4884.3,76.34,92.3,0.0,-0.0,6,54.093,3.551,535.629
4884.3,76.46,92.3,0.0,0.0,6,50.670,3.517,538.677
4884.3,76.54,92.4,0.0,0.1,6,48.384,3.493,540.711
4899.6,76.66,92.4,0.0,0.2,6,44.951,3.455,543.766
4899.6,76.74,92.4,0.0,0.2,6,42.659,3.428,545.806
4899.6,76.87,92.5,0.0,0.1,6,39.218,3.385,548.870
4899.6,76.94,92.5,0.0,0.1,6,36.922,3.354,550.917
4914.9,77.06,92.5,0.0,0.1,6,33.475,3.300,553.992
4914.9,77.14,92.5,0.0,0.1,6,31.175,3.262,556.046
4914.9,77.26,92.6,0.0,0.1,6,27.722,3.206,559.133
4914.9,77.34,92.6,0.0,0.0,6,25.418,3.167,561.194
4930.4,77.46,92.6,0.0,-0.0,6,21.959,3.110,564.292
4930.4,77.54,92.6,0.0,0.0,6,19.651,3.070,566.360
4930.4,77.65,92.7,0.0,0.0,6,16.185,3.010,569.467
4930.4,77.73,92.7,0.0,-0.1,6,13.872,2.970,571.542
4945.9,77.84,92.7,0.0,-0.4,6,10.398,2.911,574.657
4945.9,77.92,92.7,0.0,-0.5,6,8.078,2.873,576.736
4945.9,78.03,92.7,0.0,-0.5,6,4.593,2.817,579.856
4945.9,78.14,85.8,4.3,-0.3,6,1.098,2.763,582.976
4961.5,78.00,25.3,65.9,-0.4,6,-1.235,2.724,585.054
4961.5,76.91,0.0,85.6,-0.4,6,-4.713,2.660,588.143
4961.5,76.05,0.0,88.6,-0.3,6,-7.004,2.620,590.172
4961.5,74.74,0.0,91.5,-0.4,6,-10.396,2.566,593.169
4976.8,73.85,0.0,91.5,-0.4,6,-12.627,2.530,595.135
4976.8,72.52,0.0,91.6,-0.5,6,-15.927,2.479,598.034
4976.8,71.63,0.0,91.7,-0.5,6,-18.098,2.446,599.934
4976.8,70.31,0.0,92.2,-0.5,6,-21.308,2.398,602.735
4991.2,69.43,0.0,92.3,-0.5,6,-23.419,2.365,604.570
4991.2,68.11,0.0,92.0,-0.7,6,-26.540,2.314,607.272
4991.2,67.24,0.0,91.9,-0.7,6,-28.591,2.279,609.041
4991.2,65.93,0.0,91.5,-0.6,6,-31.625,2.229,611.644
5004.7,64.63,0.0,91.7,-0.8,6,-34.608,2.183,614.185
5004.7,63.77,0.0,91.9,-0.8,6,-36.569,2.153,615.846
5004.7,62.48,0.0,92.0,-1.0,6,-39.468,2.110,618.286
5004.7,61.63,28.4,92.6,-1.1,0,-41.374,2.081,619.879
5017.4,60.35,0.0,93.1,-1.1,5,-44.191,2.038,622.218
5017.4,59.49,0.0,92.8,-1.2,5,-46.042,2.010,623.742
5017.4,58.20,0.0,92.0,-1.6,5,-48.779,1.967,625.977
5017.4,57.35,0.0,91.6,-1.9,5,-50.577,1.939,627.431
5029.2,56.09,0.0,92.1,-2.7,5,-53.237,1.898,629.556
5029.2,55.23,0.0,91.5,-2.9,5,-54.987,1.872,630.936
5029.2,53.98,0.0,92.0,-3.3,5,-57.576,1.833,632.948
5029.2,53.15,30.6,92.4,-3.3,0,-59.279,1.808,634.249
5040.1,51.91,0.0,88.9,-3.0,4,-61.802,1.770,636.142
5040.1,51.10,0.0,84.8,-2.6,4,-63.463,1.745,637.364
5040.1,49.95,0.0,66.1,-1.8,4,-65.926,1.707,639.133
5040.1,49.32,0.0,57.1,-1.5,4,-67.553,1.683,640.271
5050.2,48.48,0.0,48.9,-2.0,4,-69.983,1.649,641.917
5050.2,47.98,0.0,46.3,-3.2,4,-71.597,1.626,642.974
5050.2,47.25,0.0,52.1,-5.1,4,-74.011,1.594,644.505
5059.7,46.46,0.0,54.6,-6.6,4,-76.413,1.562,645.970
5085.7,41.31,0.0,11.0,-9.9,3,-100.027,1.241,657.120
5085.7,41.04,0.0,6.9,-11.1,3,-102.375,1.210,657.887
5085.7,40.81,0.0,4.0,-12.3,3,-104.727,1.178,658.592
5085.7,40.68,0.0,2.4,-12.7,3,-106.298,1.158,659.027
5094.1,40.51,0.0,2.3,-13.6,3,-108.659,1.128,659.626
5094.1,40.39,0.0,2.2,-14.3,3,-110.235,1.108,659.991
5094.1,40.21,0.0,3.2,-14.5,3,-112.602,1.079,660.485
5094.1,40.09,0.0,3.6,-14.5,3,-114.182,1.059,660.778
5102.5,39.89,0.0,3.3,-14.6,3,-116.550,1.030,661.163
5102.5,39.76,0.0,4.2,-11.6,3,-118.128,1.012,661.382
5102.5,39.56,0.0,4.2,-11.8,3,-120.492,0.984,661.657
5102.5,39.43,0.0,4.5,-10.1,3,-122.066,0.967,661.803
5110.9,39.24,0.0,4.9,-8.6,3,-124.420,0.944,661.969
5135.3,37.22,2.3,0.0,-20.6,3,-150.191,0.730,659.760
5135.3,37.07,2.4,0.0,-22.3,3,-152.344,0.714,659.181
5143.1,36.96,3.1,0.0,-23.1,3,-153.763,0.704,658.760
5143.1,36.81,2.0,0.0,-24.1,3,-155.868,0.689,658.075
5143.1,36.69,0.6,2.3,-24.5,3,-157.253,0.679,657.583
5143.1,36.48,0.0,4.9,-24.9,3,-159.301,0.665,656.792
5151.2,36.33,0.0,1.3,-24.8,3,-160.645,0.656,656.229
5151.2,36.14,8.6,0.0,-23.9,3,-162.624,0.645,655.330
5151.2,36.07,10.8,0.0,-23.4,3,-163.921,0.640,654.694
5151.2,35.93,14.9,0.0,-22.4,3,-165.830,0.634,653.684
5158.9,35.88,12.9,0.0,-21.5,3,-167.079,0.633,652.974
5158.9,35.76,7.2,0.0,-20.7,3,-168.917,0.631,651.860
5158.9,35.67,8.2,0.0,-21.2,3,-170.119,0.629,651.087
5158.9,35.53,8.6,0.0,-24.7,3,-171.882,0.625,649.880
5167.1,35.46,19.1,0.0,-27.6,3,-173.031,0.621,649.047
5167.1,35.42,29.3,0.0,-31.8,3,-174.716,0.617,647.751
5167.1,35.40,29.2,0.0,-34.3,3,-175.812,0.618,646.853
5167.1,35.41,33.9,0.0,-37.3,3,-177.415,0.622,645.459
5175.1,35.42,32.8,0.0,-39.8,3,-178.460,0.625,644.503
5175.1,35.39,24.7,0.0,-43.1,3,-179.989,0.628,643.028
5175.1,35.30,17.2,0.0,-46.1,3,-181.468,0.632,641.507
5175.1,35.22,15.5,0.0,-47.0,3,-182.422,0.636,640.468
5182.5,35.09,13.6,0.0,-47.3,3,-183.805,0.643,638.875
5182.5,34.99,12.9,0.0,-46.8,3,-184.693,0.648,637.791
5182.5,34.85,17.0,0.0,-46.1,3,-185.974,0.658,636.133
5182.5,34.78,21.1,0.0,-45.5,3,-186.793,0.665,635.007
5189.9,34.68,36.4,0.0,-45.4,0,-187.973,0.675,633.288
5189.9,34.57,18.1,0.0,-45.5,2,-188.726,0.681,632.126
5189.9,34.48,18.2,0.0,-44.6,2,-189.802,0.691,630.356
5189.9,34.41,14.6,0.0,-44.3,2,-190.486,0.699,629.159
5196.7,34.28,15.4,0.0,-43.4,2,-191.456,0.711,627.341
5196.7,34.22,16.5,0.0,-42.2,2,-192.069,0.718,626.116
5196.7,34.12,18.6,0.0,-38.3,2,-192.936,0.729,624.258
5196.7,34.08,22.0,0.0,-35.2,2,-193.480,0.735,623.007
5203.4,34.08,33.3,0.0,-29.9,2,-194.244,0.743,621.111
5203.4,34.15,45.7,0.0,-26.1,2,-194.720,0.747,619.832
5203.4,34.40,68.8,0.0,-19.4,2,-195.386,0.752,617.888
5203.4,34.63,63.8,0.0,-14.4,2,-195.801,0.755,616.571
5209.9,34.93,63.2,0.0,-7.4,2,-196.379,0.757,614.567
5209.9,35.27,63.5,0.0,-2.5,2,-196.905,0.759,612.528
5209.9,35.51,72.7,0.0,-1.0,2,-197.227,0.761,611.150
5209.9,35.95,77.7,0.0,-1.6,2,-197.668,0.764,609.054
5216.8,36.26,78.1,0.0,-3.2,2,-197.938,0.767,607.636
5216.8,36.72,79.6,0.0,-6.9,2,-198.304,0.770,605.478
5216.8,37.04,80.7,0.0,-8.6,2,-198.526,0.773,604.020
5216.8,37.53,83.7,0.0,-10.4,2,-198.828,0.779,601.805
5224.2,37.86,85.1,0.0,-11.1,2,-199.008,0.783,600.309
5224.2,38.34,85.3,0.0,-8.6,2,-199.244,0.791,598.036
5224.2,38.67,85.4,0.0,-6.6,2,-199.380,0.797,596.503
5224.2,39.16,85.5,0.0,-3.8,2,-199.550,0.807,594.175
5231.9,39.49,85.6,0.0,-2.6,2,-199.642,0.815,592.606
5231.9,39.98,84.5,0.0,-0.8,2,-199.753,0.828,590.225
5231.9,40.22,54.1,0.0,0.3,2,-199.812,0.838,588.622
5231.9,40.20,2.5,9.3,1.8,2,-199.887,0.854,586.208
5239.9,39.99,0.0,33.4,3.0,2,-199.933,0.865,584.604
5239.9,39.37,0.0,60.3,4.3,2,-200.008,0.881,582.221
5239.9,38.80,0.0,59.8,5.0,2,-200.065,0.892,580.658
5239.9,37.98,0.0,49.5,6.1,2,-200.164,0.908,578.355
5247.7,37.26,0.0,41.3,7.3,2,-200.287,0.925,576.101
5247.7,36.85,0.0,32.7,8.0,2,-200.385,0.936,574.621
5247.7,36.35,0.0,24.2,9.2,2,-200.561,0.952,572.432
5247.7,36.06,0.0,19.4,9.9,2,-200.700,0.962,570.990
5255.2,35.71,0.0,11.7,11.4,2,-200.941,0.977,568.850
5255.2,35.52,0.0,9.3,12.3,2,-201.125,0.986,567.437
5255.2,35.28,0.0,6.0,13.8,2,-201.441,0.999,565.337
5255.2,35.13,0.0,6.7,13.8,2,-201.680,1.008,563.949
5262.4,34.90,0.0,7.4,12.6,2,-202.080,1.022,561.886
5283.7,30.33,0.0,18.8,15.7,2,-209.048,1.204,542.193
5283.7,29.96,0.0,19.6,17.3,2,-209.921,1.224,540.608
5283.7,29.72,0.0,16.1,17.8,2,-210.522,1.236,539.576
5290.9,29.41,0.0,12.5,18.3,2,-211.451,1.255,538.065
5290.9,29.22,0.0,11.7,18.7,2,-212.091,1.267,537.082
5290.9,28.97,0.0,5.9,19.6,2,-213.082,1.285,535.644
5297.3,28.77,0.0,4.7,20.7,2,-214.111,1.302,534.251
5297.3,28.66,38.3,5.4,21.6,0,-214.818,1.313,533.346
5297.3,28.50,0.0,1.1,22.3,1,-215.913,1.329,532.026
5297.3,28.38,0.0,0.9,22.9,1,-216.664,1.339,531.171
5303.4,28.20,0.0,1.6,24.3,1,-217.822,1.354,529.930
5303.4,28.09,3.0,0.3,25.4,1,-218.615,1.363,529.130
5303.4,27.97,9.2,0.0,26.7,1,-219.834,1.377,527.972
5303.4,27.90,9.5,0.0,27.7,1,-220.667,1.385,527.227
5309.6,27.81,12.9,0.0,29.0,1,-221.947,1.397,526.153
5309.6,27.79,19.2,0.0,29.8,1,-222.821,1.404,525.465
5309.6,27.80,22.9,0.0,31.1,1,-224.164,1.414,524.477
5309.6,27.82,23.3,0.0,32.0,1,-225.080,1.420,523.845
5315.3,27.85,28.0,0.0,33.6,1,-226.484,1.429,522.942
5315.3,27.90,27.7,0.0,34.7,1,-227.441,1.434,522.369
5315.3,27.95,24.2,0.0,37.3,1,-228.904,1.442,521.554
5315.3,27.95,24.4,0.0,39.8,1,-230.399,1.448,520.794
5321.1,27.98,27.3,0.0,41.3,1,-231.411,1.451,520.318
5321.1,28.03,28.4,0.0,43.6,1,-232.953,1.455,519.652
5321.1,28.05,25.2,0.0,45.2,1,-233.996,1.458,519.240
5321.1,28.05,21.5,0.0,47.6,1,-235.581,1.461,518.671
5326.8,28.03,19.5,0.0,49.1,1,-236.648,1.462,518.326
5326.8,27.98,17.8,0.0,50.7,1,-238.262,1.464,517.860
5326.8,27.93,16.9,0.0,51.5,1,-239.346,1.464,517.584
5326.8,27.86,15.5,0.0,52.8,1,-240.980,1.465,517.225
5332.6,27.79,14.6,0.0,53.8,1,-242.075,1.464,517.021
5332.6,27.68,13.8,0.0,54.4,1,-243.720,1.463,516.770
5332.6,27.62,13.8,0.0,54.3,1,-244.819,1.462,516.639
5332.6,27.52,13.3,0.0,54.2,1,-246.467,1.459,516.497
5338.2,27.44,13.2,0.0,54.1,1,-247.564,1.457,516.440
5338.2,27.34,13.5,0.0,53.7,1,-249.208,1.453,516.408
5338.2,27.27,13.6,0.0,53.2,1,-250.300,1.450,516.423
5338.2,27.18,14.0,0.0,52.3,1,-251.932,1.444,516.499
5343.8,27.11,14.7,0.0,51.4,1,-253.014,1.440,516.585
5343.8,27.04,16.1,0.0,49.5,1,-254.628,1.434,516.768
5343.8,26.98,18.5,0.0,47.0,1,-256.230,1.426,517.015
5343.8,26.96,21.1,0.0,45.1,1,-257.290,1.421,517.215
5349.5,27.03,34.4,0.0,42.7,1,-258.870,1.412,517.566
5349.5,27.10,30.4,0.0,41.5,1,-259.919,1.405,517.835
5349.5,27.20,34.4,0.0,39.6,1,-261.483,1.394,518.288
5349.5,27.29,39.8,0.0,38.0,1,-262.519,1.385,518.623
5355.1,27.52,50.7,0.0,35.1,1,-264.066,1.371,519.177
5355.1,27.73,56.5,0.0,32.8,1,-265.094,1.361,519.581
5355.1,28.08,57.5,0.0,28.9,1,-266.632,1.345,520.240
5355.1,28.31,57.4,0.0,26.4,1,-267.655,1.334,520.715
5360.8,28.66,55.0,0.0,23.6,1,-269.182,1.317,521.482
5360.8,28.88,53.7,0.0,22.4,1,-270.193,1.305,522.029
5360.8,29.20,53.5,0.0,21.1,1,-271.699,1.288,522.904
5360.8,29.42,53.6,0.0,21.1,1,-272.695,1.275,523.522
5366.8,29.75,53.3,0.0,22.2,1,-274.175,1.256,524.501
5366.8,29.97,54.3,0.0,23.3,1,-275.152,1.242,525.187
5366.8,30.29,55.9,0.0,24.7,1,-276.602,1.221,526.266
5366.8,30.52,57.2,0.0,25.2,1,-277.557,1.206,527.018
5373.1,30.87,60.4,0.0,25.9,1,-278.972,1.184,528.196
5373.1,31.25,62.3,0.0,26.1,1,-280.364,1.162,529.433
5373.1,31.50,61.0,0.0,25.8,1,-281.279,1.146,530.291
5373.1,31.86,61.1,0.0,25.8,1,-282.629,1.122,531.628
5380.0,32.10,61.2,0.0,25.8,1,-283.513,1.105,532.552
5380.0,32.42,60.5,0.0,25.3,1,-284.810,1.079,533.988
5380.0,32.65,60.8,0.0,24.8,1,-285.654,1.063,534.977
5380.0,32.98,61.2,0.0,24.6,1,-286.887,1.038,536.511
5387.0,33.21,60.9,0.0,24.8,1,-287.687,1.022,537.566
5387.0,33.53,62.4,0.0,25.4,1,-288.850,0.999,539.195
5387.0,33.76,61.5,0.0,26.0,1,-289.601,0.983,540.311
5387.0,34.08,60.5,0.0,27.5,1,-290.690,0.959,542.029
5394.7,34.29,61.6,0.0,28.8,1,-291.390,0.943,543.203
5394.7,34.55,51.4,0.0,30.1,1,-292.399,0.919,545.005
5394.7,34.80,60.5,0.0,31.6,1,-293.353,0.896,546.853
5394.7,34.99,56.0,0.0,32.9,1,-293.959,0.881,548.110
5402.1,35.23,58.1,0.0,35.3,1,-294.823,0.860,550.030
5402.1,35.31,0.0,0.0,36.6,0,-295.369,0.846,551.332
5402.1,35.28,42.1,0.0,38.0,2,-296.135,0.823,553.304
5402.1,35.32,32.5,0.0,38.6,2,-296.608,0.809,554.634
5410.2,35.33,29.7,0.0,37.1,2,-297.263,0.789,556.650
5410.2,35.35,31.4,0.0,35.4,2,-297.659,0.777,558.007
5410.2,35.42,42.8,0.0,32.4,2,-298.196,0.760,560.060
5410.2,35.58,67.6,0.0,30.6,2,-298.517,0.749,561.442
5417.8,35.96,79.7,0.0,26.1,2,-298.949,0.733,563.543
5417.8,36.26,80.4,0.0,22.0,2,-299.204,0.722,564.964
5417.8,36.70,85.1,0.0,15.6,2,-299.532,0.708,567.127
5417.8,37.01,77.5,0.0,11.1,2,-299.717,0.699,568.589
5425.8,37.44,83.7,0.0,6.1,2,-299.941,0.687,570.810
5425.8,37.75,85.3,0.0,3.8,2,-300.057,0.680,572.309
5425.8,38.24,85.4,0.0,1.9,2,-300.183,0.669,574.583
5425.8,38.57,85.4,0.0,2.5,2,-300.235,0.664,576.118
5433.5,39.07,85.5,0.0,5.1,2,-300.268,0.656,578.446
5433.5,39.40,85.2,0.0,7.2,2,-300.263,0.652,580.015
5433.5,39.87,83.8,0.0,9.9,2,-300.217,0.647,582.392
5441.5,40.32,82.1,0.0,10.7,2,-300.126,0.641,584.795
5441.5,40.61,82.1,0.0,11.0,2,-300.039,0.637,586.411
5441.5,41.05,84.6,0.0,10.6,2,-299.868,0.630,588.853
5441.5,41.34,85.9,0.0,10.4,2,-299.723,0.625,590.494
5449.5,41.79,86.2,0.0,11.7,2,-299.460,0.617,592.973
5449.5,41.95,0.0,0.0,11.4,0,-299.253,0.611,594.636
5449.5,42.06,84.3,0.0,11.3,3,-298.891,0.600,597.127
5449.5,42.32,84.3,0.0,12.4,3,-298.617,0.593,598.791
5457.7,42.73,84.4,0.0,14.0,3,-298.154,0.580,601.300
5457.7,42.97,84.6,0.0,15.3,3,-297.811,0.570,602.979
5457.7,43.37,84.7,0.0,15.0,3,-297.246,0.551,605.505
5457.7,43.62,84.7,0.0,14.3,3,-296.832,0.537,607.194
5466.2,44.00,84.9,0.0,12.1,3,-296.151,0.517,609.732
5466.2,44.24,85.0,0.0,9.8,3,-295.659,0.502,611.426
5466.2,44.64,85.0,0.0,8.4,3,-294.867,0.477,613.971
5466.2,44.89,85.1,0.0,6.5,3,-294.302,0.458,615.669
5475.0,45.28,85.2,0.0,3.2,3,-293.402,0.427,618.219
5475.0,45.55,85.3,0.0,1.7,3,-292.767,0.405,619.920
5475.0,45.97,85.2,0.0,1.4,3,-291.772,0.368,622.478
5475.0,46.36,85.5,0.0,2.4,3,-290.733,0.329,625.044
5484.2,46.61,85.4,0.0,2.8,3,-290.020,0.303,626.761
5484.2,47.03,85.5,0.0,2.7,3,-288.921,0.264,629.345
5484.2,47.29,85.5,0.0,2.6,3,-288.172,0.239,631.075
5484.2,47.58,86.1,0.0,2.4,3,-287.022,0.199,633.678
5493.5,47.85,72.4,0.0,1.2,3,-286.243,0.165,635.420
5493.5,48.19,79.3,0.0,-0.3,3,-285.052,0.106,638.040
5493.5,48.44,85.6,0.0,0.7,3,-284.239,0.067,639.791
5493.5,48.84,86.0,0.0,2.3,3,-282.992,0.016,642.426
5503.1,49.08,86.0,0.0,2.8,3,-282.142,-0.012,644.190
5503.1,49.42,86.1,0.0,3.1,3,-280.843,-0.048,646.842
5503.1,49.61,0.0,0.0,2.4,0,-279.961,-0.072,648.616
5503.1,49.64,84.4,0.0,1.6,4,-278.621,-0.114,651.272
5513.0,49.82,84.8,0.0,1.2,4,-277.715,-0.146,653.043
5513.0,50.28,84.3,0.0,-0.1,4,-276.330,-0.192,655.707
5513.0,50.48,84.4,0.0,0.3,4,-275.386,-0.215,657.487
5513.0,50.80,84.3,0.0,1.9,4,-273.945,-0.244,660.162
5523.0,51.16,84.3,0.0,3.1,4,-272.477,-0.264,662.845
5523.0,51.35,84.4,0.0,3.8,4,-271.484,-0.274,664.637
5523.0,51.65,84.7,0.0,4.7,4,-269.972,-0.286,667.332
5523.0,51.91,84.5,0.0,4.4,4,-268.948,-0.299,669.133
5533.3,52.24,84.6,0.0,3.5,4,-267.379,-0.319,671.835
5533.3,52.44,84.6,0.0,2.9,4,-266.310,-0.330,673.634
5533.3,52.76,84.7,0.0,3.0,4,-264.672,-0.346,676.331
5533.3,52.97,84.7,0.0,2.8,4,-263.560,-0.356,678.129
5543.8,53.29,84.8,0.0,3.6,4,-261.860,-0.369,680.825
5543.8,53.49,84.8,0.0,3.8,4,-260.707,-0.377,682.622
5543.8,53.80,84.9,0.0,3.3,4,-258.946,-0.385,685.315
5543.8,54.00,85.0,0.0,2.4,4,-257.752,-0.389,687.110
5554.5,54.31,85.1,0.0,1.6,4,-255.932,-0.394,689.802
5554.5,54.52,85.3,0.0,1.3,4,-254.701,-0.396,691.596
5554.5,54.83,85.4,0.0,1.3,4,-252.831,-0.401,694.291
5554.5,55.03,85.5,0.0,1.0,4,-251.570,-0.405,696.090
5565.3,55.33,85.7,0.0,1.3,4,-249.660,-0.410,698.793
5565.3,55.54,85.8,0.0,1.6,4,-248.374,-0.415,700.599
5565.3,55.84,85.9,0.0,1.8,4,-246.427,-0.423,703.314
5565.3,56.04,86.0,0.0,1.9,4,-245.115,-0.428,705.126
5576.4,56.33,86.2,0.0,2.1,4,-243.128,-0.437,707.848
5576.4,56.62,86.3,0.0,2.3,4,-241.113,-0.444,710.572
5576.4,56.81,86.4,0.0,2.6,4,-239.755,-0.448,712.389
5576.4,57.10,86.6,0.0,2.8,4,-237.692,-0.453,715.113
5587.6,57.29,86.7,0.0,2.9,4,-236.300,-0.456,716.928
5587.6,57.57,86.8,0.0,3.1,4,-234.185,-0.458,719.647
5587.6,57.76,86.9,0.0,3.2,4,-232.756,-0.460,721.458
5587.6,58.04,87.0,0.0,3.2,4,-230.585,-0.461,724.169
5599.1,58.22,87.1,0.0,3.3,4,-229.118,-0.462,725.972
5599.1,58.49,87.3,0.0,3.2,4,-226.887,-0.462,728.670
5599.1,58.67,87.4,0.0,3.3,4,-225.379,-0.460,730.463
5599.1,58.94,87.5,0.0,3.4,4,-223.086,-0.457,733.143
5611.0,59.11,87.6,0.0,3.5,4,-221.536,-0.454,734.924
5611.0,59.37,87.7,0.0,3.6,4,-219.180,-0.446,737.585
5611.0,59.55,87.8,0.0,3.5,4,-217.588,-0.439,739.351
5611.0,59.80,87.9,0.0,3.3,4,-215.168,-0.425,741.990
5623.1,59.97,88.0,0.0,3.3,4,-213.534,-0.414,743.740
5660.4,62.34,87.8,0.0,3.3,5,-183.480,-0.194,772.468
5660.4,62.48,87.9,0.0,3.2,5,-181.580,-0.191,774.086
5673.1,62.69,88.0,0.0,3.4,5,-178.698,-0.183,776.493
5673.1,62.85,88.1,0.0,3.7,5,-176.758,-0.178,778.086
5673.1,63.06,88.1,0.0,4.1,5,-173.818,-0.172,780.457
5673.1,63.20,88.2,0.0,4.3,5,-171.838,-0.171,782.025
5686.0,63.42,88.3,0.0,4.5,5,-168.839,-0.172,784.355
5686.0,63.62,88.4,0.0,4.2,5,-165.802,-0.175,786.658
5686.0,63.76,88.5,0.0,4.2,5,-163.755,-0.176,788.174
5686.0,63.96,88.6,0.0,4.8,5,-160.652,-0.175,790.420
5699.0,64.09,88.7,0.0,5.4,5,-158.560,-0.173,791.898
5738.9,66.08,89.5,0.0,5.2,5,-123.973,-0.138,812.632
5738.9,66.25,89.6,0.0,5.8,5,-120.419,-0.135,814.400
5738.9,66.38,89.6,0.0,5.3,5,-118.030,-0.134,815.552
5738.9,66.55,89.8,0.0,5.1,5,-114.417,-0.130,817.239
5752.4,66.68,89.8,0.0,4.8,5,-111.990,-0.128,818.337
5752.4,66.85,89.9,0.0,5.2,5,-108.321,-0.125,819.944
5752.4,66.97,89.9,0.0,5.2,5,-105.856,-0.123,820.986
5752.4,67.14,90.0,0.0,5.1,5,-102.131,-0.117,822.505
5765.9,67.31,90.0,0.0,5.2,5,-98.374,-0.110,823.972
5765.9,67.43,90.1,0.0,5.2,5,-95.853,-0.106,824.922
5765.9,67.60,90.1,0.0,5.4,5,-92.045,-0.100,826.303
5765.9,67.71,90.2,0.0,5.6,5,-89.490,-0.096,827.194
5779.5,67.87,90.3,0.0,5.1,5,-85.634,-0.092,828.485
5779.5,67.98,90.3,0.0,4.8,5,-83.046,-0.088,829.314
5779.5,68.14,90.4,0.0,4.8,5,-79.142,-0.080,830.509
5779.5,68.25,90.4,0.0,4.9,5,-76.524,-0.074,831.274
5793.1,68.42,90.5,0.0,5.0,5,-72.575,-0.066,832.377
5793.1,68.52,90.5,0.0,5.4,5,-69.928,-0.061,833.081
5793.1,68.68,90.6,0.0,3.9,5,-65.938,-0.052,834.089
5793.1,68.79,90.6,0.0,3.6,5,-63.264,-0.045,834.730
5806.7,68.96,90.7,0.0,3.0,5,-59.235,-0.034,835.649
5806.7,69.07,90.7,0.0,2.7,5,-56.538,-0.025,836.233
5806.7,69.23,90.8,0.0,2.7,5,-52.474,-0.009,837.071
5806.7,69.35,90.8,0.0,2.7,5,-49.755,0.002,837.607
5820.4,69.51,90.9,0.0,2.7,5,-45.662,0.022,838.380
5820.4,69.63,90.9,0.0,2.7,5,-42.924,0.037,838.874
5820.4,69.79,91.0,0.0,2.5,5,-38.803,0.061,839.587
5820.4,69.90,91.0,0.0,2.6,5,-36.047,0.076,840.043
5834.3,70.07,91.1,0.0,2.5,5,-31.900,0.099,840.699
5834.3,70.22,91.2,0.0,1.8,5,-27.737,0.123,841.320
5834.3,70.33,91.2,0.0,1.5,5,-24.954,0.140,841.717
5848.4,70.49,91.3,0.0,1.2,5,-20.769,0.168,842.286
5848.4,70.60,91.3,0.0,1.0,0,-17.971,0.188,842.651
5848.4,70.51,90.4,0.0,0.5,6,-13.771,0.215,843.180
5848.4,70.61,90.4,0.0,0.2,6,-10.970,0.232,843.523
5862.5,70.76,90.5,0.0,0.1,6,-6.759,0.260,844.025
5862.5,70.87,90.5,0.0,0.1,6,-3.946,0.279,844.355
5862.5,71.02,90.6,0.0,-0.0,6,0.282,0.309,844.846
5862.5,71.12,90.6,0.0,-0.1,6,3.106,0.327,845.172
7.5,71.27,90.6,0.0,-0.2,6,7.349,0.352,845.660
