opponent,v3,Sheldon van der Linde,0,1771576185828
Game,version,date,track,car,event,laptime [s],S1 [s],S2 [s],S3 [s],S4+ [s]
LMU,1.2,2026-02-20 08:29:45,Silverstone Grand Prix Circuit - ELMS,BMW M Team WRT 2025 #20:LM (Hyper),Live,107.376,0,0,0
Tracklen [m],TotalLaps
5867.5,5
,
,
lapdistance [m],speed [m/s],throttle [%],brake [%],steer [%],gear [int],world_x [m],world_y [m],world_z [m]
34.8,72.07,90.4,0.0,0.1,6,37.227,0.606,850.012
34.8,72.20,90.5,0.0,-0.0,6,41.527,0.643,850.497
34.8,72.34,90.5,0.0,0.1,6,45.836,0.684,850.980
49.2,72.44,90.6,0.0,0.3,6,48.714,0.711,851.302
49.2,72.57,90.6,0.0,0.1,6,53.037,0.753,851.782
49.2,72.67,90.6,0.0,0.1,6,55.924,0.779,852.101
49.2,72.80,90.7,0.0,0.3,6,60.261,0.816,852.580
63.7,72.89,90.7,0.0,0.5,6,63.157,0.842,852.897
63.7,73.02,90.8,0.0,0.6,6,67.508,0.884,853.372
63.7,73.10,90.8,0.0,0.8,6,70.413,0.914,853.685
63.7,73.24,90.8,0.0,0.6,6,74.778,0.957,854.152
78.4,73.33,90.8,0.0,0.1,6,77.693,0.982,854.459
78.4,73.46,90.9,0.0,0.1,6,82.072,1.019,854.917
78.4,73.54,90.9,0.0,-0.1,6,84.997,1.042,855.219
78.4,73.67,91.0,0.0,0.1,6,89.390,1.076,855.670
93.0,73.75,91.0,0.0,0.1,6,92.323,1.100,855.969
93.0,73.89,91.0,0.0,-0.2,6,96.729,1.135,856.418
93.0,74.01,91.1,0.0,0.1,6,101.143,1.166,856.867
93.0,74.10,91.1,0.0,0.1,6,104.090,1.187,857.167
107.8,74.23,91.1,0.0,-0.0,6,108.517,1.217,857.617
107.8,74.31,91.1,0.0,0.3,6,111.472,1.238,857.918
107.8,74.44,91.2,0.0,0.4,6,115.911,1.272,858.369
107.8,74.51,91.2,0.0,0.2,6,118.874,1.294,858.670
122.7,74.64,91.3,0.0,0.1,6,123.326,1.323,859.119
122.7,74.72,91.3,0.0,-0.1,6,126.299,1.339,859.417
122.7,74.85,91.3,0.0,0.0,6,130.763,1.361,859.862
122.7,74.93,91.4,0.0,0.5,6,133.744,1.377,860.158
137.7,75.04,91.4,0.0,0.2,6,138.220,1.407,860.603
137.7,75.12,91.4,0.0,0.0,6,141.209,1.432,860.898
137.7,75.25,91.4,0.0,0.1,6,145.698,1.462,861.340
137.7,75.33,91.5,0.0,0.4,6,148.694,1.481,861.633
152.7,75.44,91.5,0.0,0.3,6,153.196,1.509,862.073
152.7,75.55,91.6,0.0,-0.1,6,157.704,1.534,862.511
152.7,75.64,91.6,0.0,-0.2,6,160.714,1.549,862.801
152.7,75.74,91.6,0.0,-0.1,6,165.234,1.578,863.237
183.0,76.17,91.7,0.0,-0.3,6,181.868,1.689,864.830
198.2,76.61,91.9,0.0,-0.9,6,200.116,1.801,866.583
198.2,76.68,91.9,0.0,-0.6,6,203.168,1.819,866.882
198.2,76.79,91.9,0.0,-0.3,6,207.749,1.844,867.337
198.2,76.87,91.9,0.0,-0.0,6,210.806,1.859,867.645
213.6,76.96,92.0,0.0,0.2,6,215.397,1.886,868.116
213.6,77.07,92.0,0.0,0.3,6,219.992,1.918,868.593
213.6,77.13,92.0,0.0,0.3,6,223.059,1.939,868.912
229.0,77.24,92.1,0.0,0.7,6,227.666,1.972,869.391
229.0,77.31,92.0,0.0,0.9,6,230.740,1.993,869.709
229.0,77.42,89.1,0.0,0.9,6,235.357,2.028,870.182
229.0,77.41,48.4,11.5,0.6,6,238.438,2.052,870.494
244.5,76.82,0.0,72.8,0.7,6,243.048,2.083,870.952
244.5,76.04,0.0,83.0,0.9,6,246.093,2.099,871.250
244.5,74.75,0.0,87.9,1.4,6,250.599,2.122,871.681
244.5,73.87,0.0,90.2,1.6,6,253.561,2.138,871.958
259.4,72.52,0.0,89.9,2.1,6,257.937,2.161,872.356
259.4,71.64,0.0,91.0,2.3,6,260.811,2.177,872.608
259.4,70.29,0.0,90.4,2.9,6,265.057,2.201,872.963
259.4,68.98,0.0,92.1,2.9,6,269.224,2.223,873.287
273.5,68.09,0.0,91.0,2.5,6,271.960,2.236,873.484
273.5,66.75,0.0,90.7,2.7,6,275.999,2.253,873.750
273.5,65.88,26.9,90.6,3.2,0,278.649,2.264,873.905
273.5,64.56,0.0,90.5,3.1,5,282.560,2.278,874.104
286.6,63.70,0.0,85.2,3.4,5,285.125,2.288,874.211
286.6,62.48,0.0,75.0,3.7,5,288.910,2.299,874.333
286.6,61.72,0.0,63.6,3.3,5,291.395,2.307,874.387
286.6,60.78,0.0,42.0,3.4,5,295.070,2.323,874.418
298.9,60.32,0.0,25.2,4.3,5,297.493,2.333,874.406
298.9,59.83,0.0,19.0,6.1,5,301.097,2.348,874.337
298.9,59.54,0.0,17.9,7.8,5,303.483,2.359,874.256
298.9,59.14,0.0,9.8,10.6,5,307.039,2.377,874.082
310.7,58.93,0.0,6.6,11.6,5,309.396,2.390,873.929
310.7,58.65,0.0,5.1,12.5,5,312.912,2.412,873.644
310.7,58.39,0.0,0.6,13.4,5,316.406,2.434,873.290
310.7,58.24,5.5,0.0,13.6,5,318.722,2.449,873.014
322.3,58.04,6.8,0.0,14.0,5,322.178,2.470,872.538
322.3,57.91,5.0,0.0,14.9,5,324.470,2.484,872.179
322.3,57.70,9.7,0.0,16.5,5,327.886,2.504,871.577
322.3,57.59,15.1,0.0,17.5,5,330.149,2.516,871.134
333.7,57.41,12.7,0.0,18.6,5,333.521,2.533,870.406
333.7,57.29,16.6,0.0,19.0,5,335.754,2.544,869.877
333.7,57.11,12.4,0.0,19.3,5,339.076,2.560,869.017
333.7,56.98,13.4,0.0,19.3,5,341.273,2.570,868.400
345.4,56.78,13.8,0.0,19.1,5,344.540,2.585,867.409
345.4,56.66,13.7,0.0,19.1,5,346.697,2.595,866.705
345.4,56.47,22.6,0.0,20.2,5,349.900,2.610,865.583
345.4,56.38,27.2,0.0,20.4,5,352.013,2.621,864.792
357.2,56.25,24.7,0.0,20.4,5,355.152,2.637,863.539
357.2,56.08,15.3,0.0,21.8,5,358.249,2.656,862.210
357.2,55.95,6.5,0.0,22.4,5,360.289,2.668,861.283
357.2,55.81,42.4,0.0,22.9,5,363.311,2.686,859.833
368.9,55.83,72.9,0.0,23.0,5,365.304,2.698,858.827
368.9,55.94,64.4,0.0,23.0,5,368.266,2.716,857.257
368.9,55.96,53.2,0.0,23.1,5,370.222,2.727,856.169
368.9,56.03,77.1,0.0,23.2,5,373.124,2.745,854.478
380.8,56.13,85.0,0.0,23.1,5,375.039,2.758,853.311
380.8,56.31,85.5,0.0,21.8,5,377.884,2.776,851.499
380.8,56.42,85.6,0.0,21.1,5,379.762,2.788,850.251
380.8,56.60,85.6,0.0,20.2,5,382.549,2.804,848.321
392.5,56.72,85.7,0.0,19.8,5,384.387,2.815,846.995
392.5,56.89,85.9,0.0,19.4,5,387.111,2.830,844.948
392.5,57.00,85.9,0.0,18.8,5,388.904,2.841,843.543
392.5,57.17,84.4,0.0,17.4,5,391.558,2.859,841.378
404.6,57.33,71.9,0.0,17.1,5,394.168,2.875,839.146
404.6,57.37,56.2,0.0,17.0,5,395.883,2.886,837.622
404.6,57.41,55.0,0.0,16.3,5,398.411,2.903,835.284
404.6,57.41,44.6,0.0,16.0,5,400.066,2.915,833.692
416.3,57.14,0.2,24.5,15.4,5,402.500,2.933,831.262
416.3,56.65,0.0,5.5,12.8,5,404.862,2.949,828.796
416.3,56.52,37.2,0.0,10.0,5,406.396,2.960,827.133
427.8,56.64,85.8,0.0,7.5,5,408.649,2.975,824.595
427.8,56.77,85.9,0.0,7.7,5,410.124,2.984,822.873
427.8,56.98,86.0,0.0,8.9,5,412.299,2.995,820.243
427.8,57.12,86.1,0.0,9.9,5,413.721,3.001,818.460
439.1,57.33,86.2,0.0,12.7,5,415.815,3.015,815.739
439.1,57.47,86.3,0.0,14.1,5,417.185,3.024,813.897
439.1,57.68,86.4,0.0,16.7,5,419.205,3.035,811.095
439.1,57.81,86.5,0.0,18.0,5,420.526,3.041,809.201
450.3,57.99,86.6,0.0,18.6,5,422.462,3.055,806.316
450.3,58.12,86.7,0.0,18.1,5,423.720,3.065,804.365
450.3,58.29,86.9,0.0,16.1,5,425.558,3.083,801.396
450.3,58.41,86.9,0.0,14.0,5,426.746,3.097,799.387
461.6,58.58,87.1,0.0,12.9,5,428.474,3.120,796.332
461.6,58.77,87.1,0.0,11.3,5,430.138,3.144,793.230
461.6,58.90,87.2,0.0,12.1,5,431.210,3.162,791.135
461.6,59.10,86.4,0.0,12.1,5,432.767,3.187,787.957
473.3,59.21,87.2,0.0,11.4,5,433.772,3.203,785.815
473.3,59.38,87.4,0.0,10.6,5,435.225,3.232,782.568
473.3,59.48,87.6,0.0,10.7,5,436.160,3.255,780.382
473.3,59.65,58.3,0.0,6.6,5,437.527,3.274,777.081
485.0,59.73,73.1,0.0,2.7,5,438.410,3.282,774.863
485.0,59.90,87.7,0.0,0.6,5,439.676,3.301,771.505
485.0,60.03,87.8,0.0,1.9,5,440.484,3.318,769.248
485.0,60.22,87.9,0.0,5.1,5,441.650,3.347,765.835
496.9,60.36,88.0,0.0,6.7,5,442.403,3.368,763.543
496.9,60.61,79.9,0.0,6.7,5,443.505,3.394,760.085
496.9,60.73,72.8,0.0,5.4,5,444.570,3.419,756.605
496.9,60.83,81.2,0.0,4.0,5,445.259,3.437,754.273
508.8,61.05,88.2,0.0,1.7,5,446.262,3.463,750.757
508.8,61.18,88.3,0.0,0.6,5,446.911,3.480,748.400
508.8,61.39,87.7,0.0,2.4,5,447.862,3.508,744.848
508.8,61.54,87.6,0.0,3.8,5,448.482,3.528,742.469
521.0,61.77,88.5,0.0,6.1,5,449.397,3.556,738.884
521.0,61.91,88.5,0.0,6.5,5,449.993,3.575,736.484
521.0,62.09,88.7,0.0,6.0,5,450.861,3.611,732.867
521.0,62.22,88.8,0.0,5.6,5,451.420,3.633,730.445
533.3,62.45,88.8,0.0,3.6,5,452.231,3.654,726.795
533.3,62.58,88.8,0.0,3.4,5,452.748,3.668,724.349
533.3,62.76,88.9,0.0,3.2,5,453.479,3.699,720.662
533.3,62.97,89.0,0.0,3.9,5,454.169,3.729,716.954
545.8,63.13,89.0,0.0,3.8,5,454.610,3.747,714.471
545.8,63.34,89.1,0.0,3.3,5,455.245,3.769,710.731
545.8,63.48,89.1,0.0,2.7,5,455.650,3.786,708.227
545.8,63.69,89.2,0.0,2.2,5,456.233,3.816,704.458
558.4,63.82,89.3,0.0,1.4,5,456.609,3.837,701.936
558.4,64.04,89.3,0.0,0.2,5,457.156,3.866,698.140
558.4,64.18,89.4,0.0,-0.5,5,457.514,3.887,695.601
558.4,64.39,89.4,0.0,-0.3,5,458.044,3.920,691.782
571.1,64.53,89.5,0.0,-0.2,5,458.397,3.942,689.228
571.1,64.74,89.6,0.0,0.0,5,458.928,3.974,685.387
571.1,64.87,89.6,0.0,0.0,5,459.283,3.995,682.820
571.1,65.08,89.7,0.0,0.1,5,459.817,4.027,678.958
583.9,65.21,89.7,0.0,0.1,5,460.175,4.048,676.377
583.9,65.42,89.8,0.0,0.1,5,460.712,4.080,672.496
583.9,65.62,89.8,0.0,0.3,5,461.251,4.112,668.602
583.9,65.76,89.9,0.0,0.4,5,461.611,4.133,666.000
596.9,65.95,90.0,0.0,0.5,5,462.149,4.164,662.086
596.9,66.09,90.0,0.0,0.4,5,462.507,4.184,659.470
596.9,66.28,90.1,0.0,0.4,5,463.043,4.216,655.536
596.9,66.41,90.1,0.0,0.7,5,463.398,4.239,652.906
610.1,66.61,90.2,0.0,0.6,5,463.928,4.272,648.951
610.1,66.74,90.2,0.0,0.6,5,464.280,4.294,646.308
610.1,66.93,90.3,0.0,0.7,5,464.803,4.326,642.333
610.1,67.06,90.3,0.0,0.7,5,465.148,4.346,639.676
623.5,67.24,90.4,0.0,0.7,5,465.662,4.378,635.680
623.5,67.37,90.4,0.0,0.8,5,466.001,4.399,633.010
623.5,67.56,90.5,0.0,0.9,5,466.505,4.431,628.994
623.5,67.68,90.5,0.0,0.9,5,466.837,4.453,626.310
636.9,67.87,90.6,0.0,0.9,5,467.328,4.483,622.274
636.9,68.05,90.6,0.0,0.8,5,467.810,4.514,618.225
636.9,68.17,90.7,0.0,1.0,5,468.127,4.534,615.520
650.5,68.35,90.7,0.0,1.0,5,468.595,4.565,611.452
650.5,68.46,90.8,0.0,1.0,5,468.902,4.586,608.733
650.5,68.65,90.8,0.0,1.1,5,469.354,4.617,604.645
650.5,68.76,90.9,0.0,1.0,5,469.649,4.638,601.914
664.2,68.94,90.9,0.0,1.2,5,470.084,4.668,597.806
664.2,69.05,90.9,0.0,1.5,5,470.367,4.687,595.061
664.2,69.22,91.0,0.0,1.4,5,470.784,4.717,590.934
664.2,69.34,91.0,0.0,1.3,5,471.055,4.735,588.177
678.1,69.51,91.1,0.0,1.3,5,471.451,4.762,584.031
678.1,69.62,91.1,0.0,1.3,5,471.708,4.779,581.260
678.1,69.79,91.2,0.0,1.4,5,472.082,4.802,577.095
678.1,69.95,91.2,0.0,1.3,5,472.443,4.824,572.919
692.0,70.06,91.3,0.0,1.3,5,472.676,4.838,570.129
692.0,70.23,91.3,0.0,3.4,5,473.013,4.858,565.934
692.0,70.33,91.4,0.0,4.0,5,473.228,4.870,563.131
692.0,70.49,91.4,0.0,3.8,5,473.530,4.884,558.918
706.1,70.59,91.4,0.0,3.1,5,473.715,4.893,556.103
706.1,70.74,91.5,0.0,2.5,5,473.965,4.906,551.870
706.1,70.84,91.5,0.0,2.3,5,474.114,4.914,549.043
706.1,70.99,91.6,0.0,2.3,5,474.313,4.923,544.793
720.3,71.10,91.6,0.0,2.3,5,474.431,4.930,541.953
720.3,71.25,91.7,0.0,2.1,5,474.585,4.937,537.686
720.3,71.35,91.7,0.0,1.8,5,474.676,4.940,534.836
720.3,71.50,91.7,0.0,1.4,5,474.793,4.943,530.552
734.6,71.65,91.8,0.0,1.1,5,474.890,4.945,526.259
734.6,71.75,91.8,0.0,0.5,5,474.946,4.945,523.392
734.6,71.89,91.9,0.0,-0.1,5,475.020,4.944,519.083
734.6,71.99,91.9,0.0,-0.3,5,475.064,4.943,516.206
748.9,71.96,0.0,0.0,-0.4,0,475.127,4.940,511.886
748.9,71.99,91.0,0.0,-0.5,6,475.168,4.936,509.008
748.9,72.13,91.0,0.0,-1.1,6,475.232,4.927,504.685
748.9,72.23,91.1,0.0,-1.2,6,475.278,4.918,501.799
777.9,72.79,91.2,0.0,-1.4,6,475.658,4.839,484.401
777.9,72.94,91.2,0.0,-1.1,6,475.790,4.817,480.031
777.9,73.03,91.3,0.0,-1.2,6,475.887,4.803,477.114
777.9,73.16,91.3,0.0,-1.4,6,476.045,4.783,472.731
792.5,73.26,91.3,0.0,-1.5,6,476.159,4.771,469.805
792.5,73.40,91.4,0.0,-1.6,6,476.344,4.752,465.410
792.5,73.53,91.4,0.0,-2.0,6,476.547,4.731,461.007
792.5,73.62,91.4,0.0,-2.3,6,476.693,4.717,458.068
807.1,73.75,91.5,0.0,-2.9,6,476.932,4.697,453.653
807.1,73.84,91.5,0.0,-3.6,6,477.105,4.684,450.707
807.1,73.97,91.5,0.0,-4.1,6,477.390,4.660,446.282
807.1,74.05,91.5,0.0,-4.3,6,477.600,4.645,443.329
821.9,74.17,91.6,0.0,-4.8,6,477.949,4.624,438.897
821.9,74.26,91.6,0.0,-5.0,6,478.206,4.607,435.939
821.9,74.37,91.7,0.0,-5.5,6,478.633,4.582,431.502
821.9,74.44,91.7,0.0,-5.8,6,478.947,4.567,428.542
836.7,74.55,91.7,0.0,-6.3,6,479.468,4.548,424.103
836.7,74.62,91.7,0.0,-6.6,6,479.849,4.537,421.144
836.7,74.73,91.7,0.0,-6.9,6,480.473,4.521,416.708
836.7,74.80,91.8,0.0,-7.1,6,480.926,4.510,413.752
851.6,74.89,91.8,0.0,-7.3,6,481.663,4.494,409.323
851.6,74.98,91.8,0.0,-8.2,6,482.471,4.477,404.900
851.6,75.05,91.8,0.0,-8.3,6,483.050,4.465,401.956
851.6,75.14,91.9,0.0,-7.7,6,483.980,4.442,397.548
866.5,75.19,91.9,0.0,-7.6,6,484.641,4.425,394.615
866.5,75.29,91.9,0.0,-8.0,6,485.692,4.392,390.225
866.5,75.35,91.9,0.0,-8.7,6,486.432,4.366,387.305
866.5,75.43,92.0,0.0,-9.1,6,487.606,4.321,382.937
881.4,75.48,92.0,0.0,-8.6,6,488.431,4.290,380.035
881.4,75.56,92.0,0.0,-7.9,6,489.736,4.241,375.696
881.4,75.61,92.0,0.0,-8.3,6,490.650,4.206,372.815
881.4,75.69,92.1,0.0,-8.0,6,492.087,4.151,368.510
896.7,75.74,92.1,0.0,-7.4,6,493.089,4.113,365.652
896.7,75.82,92.1,0.0,-6.4,6,494.657,4.057,361.385
896.7,75.88,92.1,0.0,-5.0,6,495.745,4.019,358.553
896.7,75.98,92.1,0.0,-3.1,6,497.436,3.964,354.324
912.4,76.07,92.2,0.0,-0.7,6,499.189,3.907,350.113
912.4,76.01,29.9,23.2,1.2,6,500.386,3.872,347.316
912.4,75.33,0.0,73.2,2.5,6,502.199,3.823,343.148
912.4,74.58,0.0,85.0,2.4,6,503.401,3.787,340.399
927.9,73.30,0.0,91.9,3.0,6,505.176,3.727,336.330
927.9,72.38,0.0,91.1,3.4,6,506.334,3.685,333.655
927.9,71.03,0.0,90.8,4.2,6,508.021,3.632,329.695
927.9,70.15,0.0,72.0,3.2,6,509.109,3.602,327.089
942.7,69.17,0.0,47.9,3.1,6,510.687,3.562,323.219
942.7,68.64,0.0,47.1,3.4,6,511.704,3.537,320.656
942.7,67.81,46.5,12.5,4.1,6,513.177,3.501,316.837
942.7,67.79,88.3,0.0,7.1,6,514.126,3.480,314.298
956.4,67.76,18.0,16.2,12.7,6,515.506,3.451,310.471
956.4,67.49,0.0,31.5,12.8,6,516.390,3.433,307.913
956.4,66.84,0.0,35.4,10.3,6,517.648,3.411,304.083
969.6,66.18,0.0,43.1,6.8,6,518.818,3.395,300.266
969.6,65.68,0.0,39.8,5.4,6,519.550,3.386,297.732
969.6,65.00,0.0,30.3,3.0,0,520.574,3.371,293.947
969.6,64.62,31.5,26.7,1.6,0,521.208,3.362,291.432
982.2,64.15,30.7,2.0,-0.3,5,522.088,3.347,287.672
982.2,64.17,83.5,0.0,2.2,5,522.630,3.336,285.165
982.2,64.29,50.5,1.6,9.2,5,523.386,3.317,281.385
982.2,64.15,4.6,16.7,12.4,5,523.851,3.306,278.858
995.6,63.75,0.0,5.6,13.8,5,524.489,3.291,275.073
995.6,63.59,37.4,0.0,11.3,5,524.872,3.287,272.556
995.6,63.62,34.2,7.9,9.0,5,525.386,3.289,268.775
995.6,63.45,0.0,12.4,8.8,5,525.700,3.280,266.252
1010.0,63.17,35.4,0.0,7.5,5,526.124,3.247,262.479
1010.0,62.97,63.2,0.0,6.7,5,526.357,3.232,259.968
1010.0,63.09,78.4,0.0,7.5,5,526.624,3.228,256.195
1010.0,63.19,66.1,0.0,11.3,5,526.805,3.233,252.410
1023.5,63.18,43.5,0.0,14.5,5,526.873,3.247,249.883
1023.5,63.07,8.9,10.8,17.6,5,526.928,3.254,246.095
1023.5,62.89,0.0,17.2,18.7,5,526.938,3.240,243.576
1023.5,62.39,0.0,8.4,21.5,5,526.886,3.218,239.816
1036.8,62.13,0.0,3.0,19.3,5,526.793,3.214,237.328
1036.8,61.83,0.0,0.4,14.7,5,526.572,3.216,233.615
1036.8,61.65,9.6,0.0,11.7,5,526.370,3.222,231.154
1036.8,61.44,20.7,0.0,9.0,5,525.986,3.237,227.481
1049.3,61.32,15.1,0.0,8.3,5,525.679,3.249,225.045
1049.3,61.11,12.7,0.0,8.3,5,525.144,3.266,221.411
1049.3,60.96,5.7,0.0,7.9,5,524.739,3.278,219.003
1049.3,60.77,21.1,0.0,7.9,5,524.061,3.298,215.415
1061.4,60.68,31.0,0.0,8.6,5,523.562,3.314,213.037
1061.4,60.73,74.7,0.0,8.1,5,522.750,3.341,209.488
1061.4,60.92,87.0,0.0,7.4,5,521.868,3.370,205.948
1061.4,61.06,87.1,0.0,6.3,5,521.246,3.389,203.589
1073.4,61.27,87.2,0.0,3.2,5,520.267,3.419,200.053
1073.4,61.42,87.3,0.0,1.0,5,519.587,3.440,197.696
1073.4,61.65,87.4,0.0,-0.5,5,518.536,3.471,194.157
1073.4,61.79,87.4,0.0,-1.8,5,517.822,3.491,191.794
1085.8,62.02,87.5,0.0,-2.9,5,516.740,3.520,188.241
1085.8,62.17,87.6,0.0,-3.1,5,516.019,3.539,185.865
1085.8,62.39,87.7,0.0,-3.3,5,514.946,3.565,182.286
1085.8,62.52,75.1,3.6,-4.0,5,514.239,3.581,179.890
1098.3,62.21,0.0,43.8,-4.8,5,513.200,3.603,176.290
1098.3,61.70,0.0,66.0,-4.7,5,512.528,3.616,173.903
1098.3,60.64,0.0,81.9,-4.8,5,511.559,3.634,170.360
1098.3,59.84,0.0,84.5,-4.6,5,510.942,3.646,168.029
1110.6,58.62,0.0,89.9,-3.6,5,510.061,3.663,164.583
1110.6,57.35,0.0,88.8,-3.7,0,509.236,3.678,161.200
1110.6,56.54,29.7,86.8,-3.6,0,508.719,3.687,158.980
1110.6,55.33,0.0,80.3,-2.7,4,507.995,3.701,155.701
1122.1,54.55,0.0,72.7,-2.1,4,507.548,3.712,153.548
1122.1,53.51,0.0,58.6,-1.4,4,506.930,3.727,150.364
1122.1,52.62,0.0,42.9,-0.4,4,506.377,3.740,147.228
1133.0,51.97,0.0,21.4,-1.3,4,505.892,3.753,144.128
1133.0,51.67,0.0,12.1,-3.2,4,505.606,3.760,142.075
1133.0,51.36,0.0,5.0,-7.9,4,505.232,3.767,139.007
1133.0,51.21,0.0,2.0,-11.4,4,505.019,3.770,136.967
1143.7,51.01,0.0,1.4,-15.3,4,504.748,3.773,133.912
1143.7,50.88,1.3,0.2,-16.7,4,504.600,3.772,131.879
1143.7,50.72,3.7,0.0,-18.5,4,504.426,3.767,128.836
1143.7,50.61,7.6,0.0,-18.9,4,504.343,3.759,126.811
1154.7,50.44,5.1,0.0,-16.3,4,504.276,3.745,123.780
1154.7,50.30,1.1,5.1,-14.3,4,504.274,3.737,121.765
1154.7,49.99,0.0,6.0,-11.1,4,504.335,3.728,118.756
1154.7,49.78,33.9,0.0,-7.7,4,504.476,3.727,115.767
1165.2,49.85,65.9,0.0,-6.5,4,504.611,3.727,113.780
1165.2,49.99,63.0,0.0,-6.2,4,504.864,3.720,110.796
1165.2,50.10,54.0,0.0,-6.9,4,505.069,3.712,108.805
1165.2,50.16,65.3,0.0,-8.0,4,505.447,3.707,105.821
1175.7,50.25,74.1,0.0,-7.8,4,505.738,3.702,103.835
1175.7,50.38,25.9,0.0,-9.4,4,506.229,3.690,100.854
1175.7,50.31,19.3,0.0,-10.5,4,506.595,3.679,98.874
1175.7,50.18,13.6,0.0,-11.7,4,507.207,3.664,95.922
1186.4,50.09,14.3,0.0,-14.1,4,507.654,3.653,93.967
1186.4,49.95,5.0,0.0,-18.0,4,508.375,3.627,91.053
1186.4,49.81,8.0,0.0,-20.3,4,508.897,3.610,89.127
1186.4,49.64,6.1,0.0,-23.6,4,509.743,3.586,86.266
1196.8,49.53,8.2,0.0,-26.1,4,510.342,3.568,84.375
1196.8,49.36,7.6,0.0,-28.2,4,511.294,3.534,81.565
1196.8,49.19,9.1,0.0,-29.3,4,512.309,3.497,78.788
1196.8,49.08,11.2,0.0,-29.4,4,513.023,3.470,76.957
1207.1,48.92,12.9,0.0,-28.7,4,514.147,3.428,74.241
1207.1,48.82,15.5,0.0,-28.2,4,514.935,3.399,72.451
1207.1,48.79,54.8,0.0,-25.8,4,516.172,3.355,69.799
1207.1,48.89,76.3,0.0,-23.8,4,517.038,3.327,68.049
1217.0,49.12,83.9,0.0,-19.1,4,518.401,3.287,65.445
1217.0,49.31,84.0,0.0,-16.2,4,519.353,3.263,63.723
1217.0,49.57,84.1,0.0,-11.3,4,520.846,3.232,61.160
1217.0,49.76,84.3,0.0,-6.6,4,521.882,3.212,59.466
1226.9,49.80,8.3,31.8,-0.1,4,523.489,3.183,56.945
1226.9,49.46,0.0,50.6,1.9,4,524.584,3.164,55.288
1226.9,48.63,0.0,71.3,4.9,4,526.234,3.136,52.847
1226.9,47.97,0.0,78.5,7.2,4,527.324,3.119,51.251
1236.6,46.88,0.0,83.7,8.9,4,528.928,3.092,48.898
1236.6,45.74,38.5,87.5,9.0,0,530.479,3.064,46.590
1236.6,44.96,0.0,89.4,8.7,3,531.479,3.046,45.075
1236.6,43.77,0.0,81.7,7.6,3,532.923,3.019,42.836
1245.7,43.04,0.0,52.3,6.8,3,533.847,3.001,41.365
1245.7,42.33,0.0,17.5,5.8,3,535.175,2.974,39.177
1245.7,42.08,0.0,7.9,5.9,3,536.023,2.955,37.717
1245.7,41.84,0.0,2.6,8.7,3,537.241,2.926,35.514
1254.1,41.71,0.0,1.6,12.3,3,538.018,2.905,34.035
1254.1,41.54,0.4,0.1,18.5,3,539.133,2.872,31.801
1254.1,41.43,2.7,0.0,21.8,3,539.843,2.849,30.301
1254.1,41.28,3.9,0.0,23.8,3,540.858,2.814,28.036
1262.4,41.18,3.2,0.0,23.8,3,541.499,2.791,26.517
1262.4,41.04,15.8,0.0,22.7,3,542.408,2.754,24.224
1262.4,41.04,37.9,0.0,21.6,3,542.976,2.730,22.684
1262.4,41.20,59.3,0.0,20.3,3,543.773,2.694,20.351
1271.1,41.41,48.7,0.0,22.3,3,544.507,2.658,17.984
1271.1,41.44,21.3,2.3,24.8,3,544.962,2.633,16.390
1271.1,41.25,0.0,6.1,28.4,3,545.587,2.594,13.989
1271.1,41.08,0.0,6.2,27.8,3,545.963,2.567,12.386
1280.1,40.89,24.3,0.0,26.9,3,546.466,2.529,9.979
1280.1,40.91,46.7,0.0,25.0,3,546.757,2.504,8.370
1280.1,41.08,49.3,0.0,20.0,3,547.137,2.468,5.940
1280.1,41.16,45.7,0.0,20.5,3,547.352,2.443,4.310
1288.7,41.28,40.8,0.0,21.8,3,547.620,2.402,1.852
1288.7,41.32,39.8,0.0,23.0,3,547.759,2.374,0.206
1288.7,41.42,43.8,0.0,24.3,3,547.909,2.330,-2.271
1288.7,41.51,56.0,0.0,24.6,3,547.968,2.301,-3.927
1297.7,41.79,79.5,0.0,25.4,3,547.999,2.257,-6.425
1297.7,42.04,84.0,0.0,25.2,3,547.983,2.226,-8.100
1297.7,42.37,71.6,0.0,22.9,3,547.905,2.177,-10.630
1307.1,42.62,68.0,0.0,16.7,3,547.761,2.126,-13.176
1307.1,42.79,63.1,0.0,14.9,3,547.623,2.091,-14.878
1307.1,42.97,55.2,0.0,11.4,3,547.353,2.042,-17.435
1307.1,43.06,57.8,0.0,9.0,3,547.128,2.012,-19.141
1316.7,43.13,28.7,0.0,5.1,3,546.725,1.968,-21.695
1316.7,43.15,41.7,0.0,2.1,3,546.413,1.941,-23.392
1316.7,43.20,36.0,0.0,1.6,3,545.881,1.901,-25.926
1316.7,43.21,36.5,0.0,-0.5,3,545.483,1.877,-27.608
1326.3,43.30,61.4,0.0,3.0,3,544.821,1.844,-30.116
1326.3,43.44,64.5,0.0,4.5,3,544.340,1.822,-31.782
1326.3,43.65,65.0,0.0,11.1,3,543.554,1.790,-34.273
1326.3,43.86,79.0,0.0,16.1,3,542.990,1.767,-35.929
1335.9,44.19,80.6,0.0,23.7,3,542.082,1.732,-38.408
1335.9,44.42,81.7,0.0,27.6,3,541.435,1.709,-40.057
1335.9,44.76,84.5,0.0,31.1,3,540.400,1.679,-42.523
1335.9,45.11,84.7,0.0,31.6,3,539.288,1.652,-44.978
1345.4,45.34,84.8,0.0,32.4,3,538.506,1.635,-46.608
1345.4,45.67,81.8,0.0,33.2,3,537.276,1.608,-49.045
1345.4,45.84,68.8,0.0,32.7,3,536.415,1.589,-50.660
1345.4,46.04,66.7,0.0,30.4,3,535.061,1.563,-53.060
1354.9,46.16,68.6,0.0,28.2,3,534.116,1.548,-54.643
1354.9,46.40,77.9,0.0,24.1,3,532.638,1.527,-56.992
1354.9,46.58,84.6,0.0,21.2,3,531.611,1.513,-58.542
1354.9,46.85,76.1,0.0,16.8,3,530.012,1.491,-60.843
1364.3,47.01,68.4,0.0,13.5,3,528.907,1.475,-62.361
1373.7,47.93,83.4,0.0,-2.0,3,521.018,1.346,-71.827
1373.7,48.15,86.1,0.0,-1.9,3,519.699,1.323,-73.223
1373.7,48.52,86.3,0.0,0.3,3,517.667,1.288,-75.292
1383.2,48.77,86.4,0.0,3.4,3,516.280,1.264,-76.656
1383.2,49.15,86.5,0.0,8.2,3,514.157,1.223,-78.684
1383.2,49.41,86.6,0.0,10.3,3,512.716,1.194,-80.028
1383.2,49.77,86.8,0.0,10.8,3,510.517,1.151,-82.030
1392.9,50.00,86.9,0.0,9.9,3,509.026,1.124,-83.356
1392.9,50.36,87.0,0.0,7.9,3,506.752,1.085,-85.327
1392.9,50.71,87.2,0.0,7.1,3,504.432,1.048,-87.278
1392.9,50.95,87.3,0.0,7.8,3,502.860,1.022,-88.568
1402.8,51.29,87.4,0.0,8.1,3,500.467,0.979,-90.484
1402.8,51.51,87.5,0.0,8.7,3,498.847,0.949,-91.748
1402.8,51.60,0.0,0.0,6.3,0,496.381,0.902,-93.620
1402.8,51.71,85.9,0.0,4.8,4,494.721,0.871,-94.847
1413.0,52.03,86.0,0.0,4.7,4,492.195,0.825,-96.664
1413.0,52.23,86.2,0.0,4.6,4,490.489,0.796,-97.861
1413.0,52.56,86.3,0.0,3.9,4,487.899,0.754,-99.640
1413.0,52.77,86.4,0.0,3.1,4,486.152,0.729,-100.817
1423.4,53.09,86.5,0.0,1.5,4,483.506,0.692,-102.572
1423.4,53.30,86.6,0.0,0.4,4,481.726,0.669,-103.737
1423.4,53.62,86.7,0.0,-0.6,4,479.037,0.635,-105.485
1423.4,53.84,86.8,0.0,-1.4,4,477.232,0.612,-106.651
1434.2,54.16,86.9,0.0,-3.5,4,474.511,0.578,-108.409
1445.4,55.38,87.5,0.0,-5.1,4,463.557,0.463,-115.667
1445.4,55.66,87.6,0.0,-6.0,4,460.820,0.437,-117.563
1445.4,55.93,87.7,0.0,-6.9,4,458.090,0.416,-119.499
1456.9,56.12,88.0,0.0,-7.4,4,456.273,0.397,-120.810
1456.9,56.39,87.9,0.0,-8.7,4,453.557,0.363,-122.813
1456.9,56.59,88.0,0.0,-9.4,4,451.754,0.341,-124.175
1456.9,56.83,88.1,0.0,-9.0,4,449.069,0.313,-126.263
1468.6,57.02,88.2,0.0,-8.3,4,447.292,0.298,-127.687
1468.6,57.26,88.4,0.0,-8.1,4,444.648,0.280,-129.868
1468.6,57.47,88.3,0.0,-8.4,4,442.898,0.267,-131.352
1468.6,57.71,88.5,0.0,-8.6,4,440.296,0.250,-133.625
1480.6,57.89,88.5,0.0,-7.1,4,438.578,0.241,-135.172
1480.6,58.15,88.6,0.0,-7.3,4,436.025,0.232,-137.538
1480.6,58.33,88.7,0.0,-7.6,4,434.337,0.228,-139.144
1480.6,58.59,88.8,0.0,-7.9,4,431.827,0.223,-141.593
1492.5,58.76,88.9,0.0,-7.5,4,430.167,0.218,-143.252
1492.5,59.02,89.0,0.0,-6.9,4,427.699,0.212,-145.780
1492.5,59.28,89.0,0.0,-6.6,4,425.258,0.206,-148.356
1492.5,59.44,89.1,0.0,-6.6,4,423.647,0.203,-150.099
1504.6,59.70,89.2,0.0,-6.5,4,421.254,0.203,-152.753
1504.6,59.86,89.3,0.0,-6.6,4,419.674,0.206,-154.548
1504.6,60.10,89.4,0.0,-6.9,4,417.329,0.212,-157.277
1504.6,60.27,89.4,0.0,-6.8,4,415.780,0.215,-159.119
1516.5,60.52,89.5,0.0,-6.5,4,413.478,0.213,-161.917
1516.5,60.67,89.6,0.0,-6.5,4,411.961,0.210,-163.807
1516.5,60.91,89.6,0.0,-6.8,4,409.711,0.203,-166.677
1516.5,61.06,89.7,0.0,-7.2,4,408.228,0.195,-168.613
1528.5,61.29,89.8,0.0,-8.5,4,406.031,0.180,-171.554
1528.5,61.44,89.8,0.0,-8.1,4,404.588,0.170,-173.539
1528.5,61.67,89.9,0.0,-6.2,4,402.453,0.154,-176.552
1528.5,61.82,90.0,0.0,-6.1,4,401.049,0.141,-178.584
1540.7,62.04,90.1,0.0,-4.9,4,398.973,0.120,-181.665
1540.7,62.19,90.1,0.0,-4.5,0,397.609,0.105,-183.742
1540.7,62.13,88.9,0.0,-3.3,5,395.594,0.082,-186.880
1553.1,62.35,89.0,0.0,-2.5,5,393.613,0.061,-190.044
1553.1,62.50,89.1,0.0,-2.6,5,392.307,0.050,-192.172
1553.1,62.71,89.2,0.0,-2.5,5,390.364,0.036,-195.386
1553.1,62.87,89.2,0.0,-2.3,5,389.078,0.026,-197.543
1565.6,63.09,89.3,0.0,-1.9,5,387.161,0.014,-200.799
1565.6,63.24,89.3,0.0,-1.7,5,385.891,0.008,-202.983
1565.6,63.46,89.4,0.0,-1.6,5,383.994,0.002,-206.276
1565.6,63.60,89.5,0.0,-2.5,5,382.735,-0.001,-208.483
1578.3,63.82,89.5,0.0,-3.7,5,380.854,-0.006,-211.811
1578.3,63.97,89.6,0.0,-3.7,5,379.607,-0.009,-214.042
1578.3,64.18,89.6,0.0,-2.7,5,377.751,-0.014,-217.408
1578.3,64.33,89.7,0.0,-2.3,5,376.523,-0.017,-219.665
1591.1,64.53,89.8,0.0,-1.0,5,374.697,-0.021,-223.072
1591.1,64.67,89.8,0.0,-0.0,5,373.488,-0.023,-225.356
1591.1,64.89,89.9,0.0,0.2,5,371.681,-0.025,-228.797
1591.1,65.10,89.9,0.0,-0.1,5,369.876,-0.027,-232.253
1604.0,65.24,90.0,0.0,-0.4,5,368.670,-0.029,-234.564
1604.0,65.46,90.0,0.0,-0.4,5,366.858,-0.036,-238.040
1604.0,65.59,90.1,0.0,-0.4,5,365.647,-0.042,-240.364
1604.0,65.80,90.1,0.0,-0.5,5,363.828,-0.053,-243.861
1617.1,65.93,90.2,0.0,-0.5,5,362.614,-0.061,-246.199
1617.1,66.14,90.2,0.0,-0.6,5,360.791,-0.076,-249.717
1617.1,66.27,90.3,0.0,-0.8,5,359.576,-0.086,-252.069
1617.1,66.47,90.3,0.0,-1.0,5,357.754,-0.101,-255.609
1630.4,66.60,90.4,0.0,-0.8,5,356.539,-0.110,-257.977
1630.4,66.80,90.5,0.0,-0.5,5,354.720,-0.126,-261.541
1630.4,66.94,90.5,0.0,-0.2,5,353.508,-0.136,-263.925
1630.4,67.13,90.5,0.0,-0.1,5,351.691,-0.152,-267.513
1643.8,67.27,90.6,0.0,0.2,5,350.479,-0.163,-269.913
1643.8,67.46,90.6,0.0,0.4,5,348.661,-0.179,-273.522
1643.8,67.65,90.7,0.0,0.3,5,346.840,-0.195,-277.143
1643.8,67.78,90.7,0.0,0.1,5,345.623,-0.206,-279.562
1657.3,67.97,90.8,0.0,-0.3,5,343.794,-0.224,-283.200
1657.3,68.10,90.8,0.0,-0.3,5,342.571,-0.236,-285.631
1657.3,68.28,90.9,0.0,-0.8,5,340.733,-0.256,-289.285
1657.3,68.41,90.9,0.0,-1.0,5,339.505,-0.271,-291.728
1670.9,68.59,90.9,0.0,-0.9,5,337.664,-0.293,-295.401
1670.9,68.72,91.0,0.0,-0.5,5,336.437,-0.307,-297.858
1670.9,68.90,91.0,0.0,-0.1,5,334.596,-0.334,-301.553
1670.9,69.01,91.1,0.0,-0.1,5,333.371,-0.351,-304.024
1684.7,69.19,91.2,0.0,-0.1,5,331.533,-0.371,-307.739
1684.7,69.31,91.2,0.0,-0.2,5,330.307,-0.385,-310.223
1684.7,69.49,91.2,0.0,-0.5,5,328.467,-0.409,-313.958
1684.7,69.66,91.3,0.0,-0.4,5,326.625,-0.435,-317.704
1698.5,69.78,91.3,0.0,-0.3,5,325.396,-0.451,-320.207
1698.5,69.95,91.4,0.0,-0.1,5,323.553,-0.475,-323.972
1698.5,70.07,91.4,0.0,-0.1,5,322.323,-0.490,-326.487
1698.5,70.24,91.5,0.0,-0.1,5,320.477,-0.514,-330.270
1712.5,70.35,91.5,0.0,-0.2,5,319.245,-0.530,-332.797
1712.5,70.52,91.5,0.0,-0.2,5,317.396,-0.554,-336.596
1712.5,70.63,91.6,0.0,-0.2,5,316.161,-0.570,-339.134
1712.5,70.79,91.6,0.0,-0.2,5,314.308,-0.595,-342.950
1726.6,70.90,91.6,0.0,-0.2,5,313.070,-0.611,-345.499
1726.6,71.06,91.7,0.0,-0.2,5,311.212,-0.635,-349.331
1726.6,71.17,91.7,0.0,-0.1,5,309.972,-0.651,-351.891
1726.6,71.33,91.8,0.0,-0.1,5,308.110,-0.677,-355.738
1740.9,71.43,91.8,0.0,-0.1,5,306.867,-0.694,-358.308
1740.9,71.59,91.8,0.0,-0.1,5,305.001,-0.722,-362.172
1740.9,71.69,91.9,0.0,-0.0,5,303.756,-0.742,-364.752
1740.9,71.84,92.0,0.0,-0.1,5,301.885,-0.772,-368.630
1755.2,71.99,92.0,0.0,0.0,5,300.012,-0.803,-372.518
1755.2,72.09,92.0,0.0,0.0,0,298.762,-0.824,-375.114
1755.2,71.99,91.1,0.0,-0.0,6,296.888,-0.857,-379.009
1755.2,72.09,91.1,0.0,-0.1,6,295.640,-0.879,-381.606
1769.6,72.24,91.2,0.0,-0.0,6,293.765,-0.913,-385.508
1769.6,72.34,91.2,0.0,-0.0,6,292.513,-0.935,-388.115
1769.6,72.49,91.2,0.0,-0.0,6,290.633,-0.967,-392.031
1769.6,72.58,91.3,0.0,-0.0,6,289.378,-0.988,-394.647
1784.1,72.73,91.3,0.0,-0.1,6,287.493,-1.021,-398.577
1784.1,72.82,91.3,0.0,-0.0,6,286.234,-1.044,-401.201
1784.1,72.97,91.3,0.0,0.1,6,284.342,-1.080,-405.144
1784.1,73.06,91.4,0.0,0.1,6,283.079,-1.101,-407.777
1798.6,73.20,91.4,0.0,0.2,6,281.180,-1.129,-411.732
1798.6,73.34,91.4,0.0,0.1,6,279.277,-1.156,-415.695
1798.6,73.43,91.5,0.0,0.1,6,278.006,-1.175,-418.340
1813.3,73.98,91.6,0.0,0.3,6,270.328,-1.292,-434.276
1828.1,74.11,91.6,0.0,0.3,6,268.394,-1.323,-438.275
1828.1,74.25,91.7,0.0,0.3,6,266.453,-1.352,-442.280
1828.1,74.34,91.7,0.0,0.3,6,265.156,-1.372,-444.954
1842.9,74.47,91.7,0.0,0.4,6,263.205,-1.401,-448.968
1842.9,74.55,91.7,0.0,0.4,6,261.900,-1.420,-451.647
1842.9,74.69,91.8,0.0,0.3,6,259.936,-1.447,-455.670
1842.9,74.77,91.8,0.0,0.3,6,258.622,-1.465,-458.355
1857.8,74.90,91.8,0.0,0.5,6,256.645,-1.490,-462.386
1857.8,74.98,91.9,0.0,0.5,6,255.323,-1.508,-465.076
1857.8,75.11,91.9,0.0,0.4,6,253.334,-1.535,-469.116
1857.8,75.20,91.9,0.0,0.4,6,252.003,-1.552,-471.811
1872.9,75.32,91.9,0.0,0.3,6,249.999,-1.579,-475.857
1872.9,75.40,91.9,0.0,0.3,6,248.659,-1.597,-478.557
1872.9,75.52,92.0,0.0,0.4,6,246.642,-1.622,-482.610
1872.9,75.61,92.0,0.0,0.5,6,245.292,-1.638,-485.315
1888.0,75.73,92.0,0.0,0.4,6,243.262,-1.663,-489.375
1888.0,75.84,92.1,0.0,0.3,6,241.225,-1.686,-493.440
1888.0,75.93,92.1,0.0,0.2,6,239.862,-1.701,-496.152
1888.0,76.04,92.1,0.0,0.2,6,237.812,-1.723,-500.224
1903.1,76.12,92.1,0.0,0.2,6,236.442,-1.739,-502.941
1903.1,76.24,92.1,0.0,0.2,6,234.381,-1.762,-507.020
1903.1,76.31,92.2,0.0,0.1,6,233.004,-1.778,-509.742
1903.1,76.43,92.2,0.0,0.1,6,230.932,-1.801,-513.830
1918.4,76.51,92.2,0.0,0.2,6,229.548,-1.817,-516.557
1918.4,76.63,92.2,0.0,0.2,6,227.466,-1.842,-520.652
1918.4,76.71,92.2,0.0,0.2,6,226.075,-1.859,-523.385
1918.4,76.81,92.3,0.0,0.1,6,223.984,-1.884,-527.488
1933.8,76.88,92.3,0.0,-0.0,6,222.586,-1.899,-530.226
1933.8,76.99,92.3,0.0,-0.1,6,220.486,-1.919,-534.336
1933.8,77.07,92.3,0.0,-0.2,6,219.084,-1.934,-537.080
1933.8,77.18,92.4,0.0,-0.2,6,216.977,-1.960,-541.200
1949.2,77.30,92.4,0.0,-0.3,6,214.869,-1.992,-545.326
1949.2,77.37,92.4,0.0,-0.4,6,213.462,-2.017,-548.081
1949.2,77.48,92.4,0.0,-0.4,6,211.353,-2.057,-552.219
1949.2,77.55,92.4,0.0,-0.4,6,209.947,-2.087,-554.983
1964.7,77.65,92.5,0.0,-0.4,6,207.841,-2.132,-559.134
1964.7,77.72,92.5,0.0,-0.5,6,206.437,-2.163,-561.907
1964.7,77.83,92.5,0.0,-0.5,6,204.335,-2.213,-566.072
1964.7,77.90,92.5,0.0,-0.5,6,202.935,-2.247,-568.854
1980.2,78.00,92.5,0.0,-0.5,6,200.838,-2.298,-573.034
1980.2,78.07,92.6,0.0,-0.5,6,199.442,-2.332,-575.826
1980.2,78.17,92.6,0.0,-0.4,6,197.351,-2.386,-580.020
1980.2,78.24,92.6,0.0,-0.5,6,195.960,-2.422,-582.822
1995.8,78.35,92.6,0.0,-0.5,6,193.875,-2.477,-587.031
1995.8,78.41,92.6,0.0,-0.3,6,192.487,-2.511,-589.842
1995.8,78.52,92.7,0.0,0.0,6,190.407,-2.563,-594.065
1995.8,78.62,92.7,0.0,0.3,6,188.329,-2.622,-598.296
2011.5,78.68,92.7,0.0,0.4,6,186.944,-2.659,-601.120
2011.5,78.78,92.7,0.0,0.4,6,184.864,-2.715,-605.361
2011.5,78.85,92.7,0.0,0.5,6,183.475,-2.754,-608.190
2011.5,78.93,92.8,0.0,0.9,6,181.386,-2.806,-612.437
2027.3,79.00,92.8,0.0,1.1,6,179.989,-2.841,-615.270
2027.3,79.10,92.8,0.0,1.2,6,177.885,-2.894,-619.521
2027.3,79.17,92.8,0.0,1.1,6,176.476,-2.929,-622.355
2027.3,79.25,92.8,0.0,1.0,6,174.350,-2.974,-626.605
2043.1,79.30,92.9,0.0,1.1,6,172.924,-3.002,-629.437
2043.1,79.40,92.9,0.0,1.1,6,170.773,-3.041,-633.684
2043.1,79.46,92.9,0.0,0.9,6,169.331,-3.066,-636.514
2043.1,79.54,92.9,0.0,0.8,6,167.153,-3.101,-640.758
2059.0,79.61,92.9,0.0,0.7,6,165.693,-3.123,-643.586
2059.0,79.69,92.9,0.0,0.8,6,163.490,-3.151,-647.827
2059.0,79.75,93.0,0.0,0.8,6,162.014,-3.167,-650.653
2059.0,79.82,93.0,0.0,0.9,6,159.789,-3.187,-654.892
2074.9,79.91,93.0,0.0,0.8,6,157.553,-3.201,-659.130
2074.9,79.96,93.0,0.0,0.8,6,156.056,-3.208,-661.955
2074.9,80.04,93.0,0.0,0.8,6,153.800,-3.214,-666.192
2074.9,80.10,93.1,0.0,0.7,6,152.291,-3.215,-669.017
2090.8,80.18,93.1,0.0,0.6,6,150.018,-3.215,-673.254
2090.8,80.23,93.1,0.0,0.5,6,148.498,-3.212,-676.079
2090.8,80.31,93.1,0.0,1.7,6,146.207,-3.204,-680.315
2090.8,80.36,93.1,0.0,1.9,6,144.673,-3.197,-683.139
2106.9,80.43,93.2,0.0,1.7,6,142.359,-3.182,-687.370
2106.9,80.48,93.2,0.0,1.8,6,140.806,-3.170,-690.189
2106.9,80.54,93.2,0.0,1.3,6,138.459,-3.146,-694.411
2106.9,80.59,93.2,0.0,1.4,6,136.883,-3.128,-697.221
2122.9,80.66,93.2,0.0,1.1,6,134.502,-3.096,-701.432
2122.9,80.72,93.3,0.0,1.1,6,132.103,-3.060,-705.637
2122.9,80.77,93.3,0.0,1.1,6,130.496,-3.033,-708.438
2139.0,80.83,93.3,0.0,1.3,0,128.071,-2.989,-712.636
2139.0,80.71,0.0,0.0,1.4,0,126.448,-2.956,-715.430
2139.0,80.72,92.4,0.0,1.7,7,124.002,-2.900,-719.608
2139.0,80.76,92.5,0.0,1.9,7,122.361,-2.860,-722.390
2155.1,80.82,92.5,0.0,2.4,7,119.882,-2.794,-726.554
2155.1,80.66,22.5,46.6,2.1,7,118.217,-2.748,-729.323
2155.1,79.71,0.0,78.0,1.9,7,115.718,-2.670,-733.439
2155.1,78.88,0.0,86.9,1.6,7,114.059,-2.614,-736.144
2171.0,77.54,0.0,91.3,1.3,7,111.588,-2.527,-740.136
2171.0,76.62,0.0,91.9,1.1,7,109.953,-2.466,-742.751
2171.0,75.24,0.0,92.2,1.1,7,107.521,-2.373,-746.606
2171.0,74.32,0.0,92.1,1.2,0,105.914,-2.311,-749.130
2186.0,72.95,0.0,92.5,1.9,6,103.525,-2.219,-752.848
2186.0,71.57,0.0,91.7,2.3,6,101.160,-2.127,-756.484
2186.0,70.68,0.0,92.7,3.0,6,99.596,-2.068,-758.863
2186.0,69.29,0.0,93.7,2.1,6,97.271,-1.993,-762.365
2200.1,68.35,0.0,88.5,0.9,6,95.732,-1.943,-764.649
2200.1,67.04,0.0,90.7,0.6,6,93.434,-1.864,-768.000
2200.1,66.16,29.2,91.9,1.3,0,91.911,-1.814,-770.187
2200.1,64.82,0.0,92.0,0.8,5,89.641,-1.740,-773.396
2213.3,63.92,0.0,90.9,1.3,5,88.138,-1.689,-775.488
2213.3,62.60,0.0,91.4,2.5,5,85.902,-1.614,-778.558
2213.3,61.73,0.0,91.5,2.5,5,84.424,-1.566,-780.559
2213.3,60.41,0.0,90.9,2.1,5,82.227,-1.496,-783.494
2225.6,59.53,0.0,90.6,2.5,5,80.776,-1.452,-785.406
2225.6,58.24,0.0,90.8,2.8,5,78.619,-1.389,-788.207
2225.6,56.94,0.0,91.0,3.5,0,76.484,-1.328,-790.927
2225.6,56.11,28.0,92.4,4.0,0,75.072,-1.289,-792.695
2237.0,54.82,0.0,91.9,4.2,4,72.971,-1.234,-795.279
2237.0,53.97,0.0,89.2,4.5,4,71.582,-1.199,-796.955
2237.0,52.75,0.0,78.5,4.4,4,69.510,-1.147,-799.396
2237.0,52.00,0.0,65.6,3.9,4,68.133,-1.112,-800.977
2247.6,51.09,0.0,36.4,2.7,4,66.069,-1.062,-803.279
2247.6,50.65,0.0,25.3,1.5,4,64.684,-1.029,-804.770
2247.6,50.16,0.0,16.4,1.8,4,62.587,-0.979,-806.948
2247.6,49.89,0.0,14.1,3.3,4,61.171,-0.946,-808.362
2257.5,49.54,0.0,11.3,7.2,4,59.019,-0.896,-810.428
2257.5,49.32,0.0,10.2,9.9,4,57.567,-0.863,-811.770
2257.5,49.03,0.0,8.5,14.0,4,55.365,-0.812,-813.734
2257.5,48.84,0.0,7.9,15.7,4,53.882,-0.778,-815.011
2267.2,48.57,0.0,6.8,16.9,4,51.634,-0.728,-816.878
2267.2,48.31,0.0,5.2,16.3,4,49.358,-0.680,-818.685
2267.2,48.14,0.0,5.0,15.6,4,47.823,-0.647,-819.854
2267.2,47.89,0.0,2.3,14.6,4,45.496,-0.597,-821.552
2276.8,47.75,0.0,0.6,14.5,4,43.928,-0.565,-822.648
2276.8,47.55,3.0,0.0,14.8,4,41.550,-0.517,-824.234
2276.8,47.43,7.0,0.0,15.2,4,39.947,-0.486,-825.254
2276.8,47.26,7.8,0.0,16.2,4,37.517,-0.439,-826.725
2286.5,47.15,8.9,0.0,16.9,4,35.881,-0.407,-827.667
2286.5,46.99,6.9,0.0,18.1,4,33.403,-0.359,-829.021
2286.5,46.88,7.0,0.0,18.6,4,31.736,-0.327,-829.885
2286.5,46.69,4.2,0.0,19.4,4,29.216,-0.280,-831.122
2296.2,46.58,7.3,0.0,19.2,4,27.524,-0.249,-831.907
2296.2,46.41,8.1,0.0,18.4,4,24.967,-0.201,-833.022
2296.2,46.30,8.6,0.0,18.0,4,23.251,-0.169,-833.724
2296.2,46.14,6.6,0.0,17.2,4,20.660,-0.120,-834.713
2305.9,45.96,3.5,0.0,17.9,4,18.053,-0.071,-835.629
2305.9,45.83,0.7,0.1,18.7,4,16.308,-0.040,-836.199
2305.9,45.65,5.8,0.0,19.7,4,13.681,0.005,-836.992
2305.9,45.53,4.6,0.0,19.6,4,11.924,0.036,-837.479
2315.5,45.36,6.6,0.0,18.4,4,9.280,0.082,-838.146
2315.5,45.24,2.3,0.0,17.6,4,7.513,0.114,-838.547
2315.5,45.06,3.6,0.0,16.7,4,4.859,0.162,-839.085
2315.5,44.94,0.6,0.1,16.1,4,3.087,0.193,-839.403
2325.0,44.75,1.6,0.1,15.4,4,0.429,0.239,-839.820
2325.0,44.64,37.7,2.0,15.1,0,-1.343,0.268,-840.058
2325.0,44.46,0.0,0.8,16.0,3,-4.000,0.312,-840.354
2325.0,44.32,0.0,0.8,15.8,3,-5.768,0.340,-840.512
2334.4,44.11,2.6,0.0,13.6,3,-8.415,0.380,-840.691
2334.4,43.99,2.1,0.3,12.6,3,-10.175,0.406,-840.771
2334.4,43.83,18.0,0.0,13.3,3,-12.809,0.444,-840.836
2343.5,43.92,59.4,0.0,14.4,3,-15.439,0.480,-840.837
2343.5,44.08,60.0,0.0,15.0,3,-17.199,0.503,-840.803
2343.5,43.89,0.1,26.6,16.3,3,-19.840,0.535,-840.703
2343.5,43.53,0.0,27.1,16.6,3,-21.586,0.554,-840.605
2352.9,43.13,8.7,0.9,15.0,3,-24.177,0.581,-840.410
2352.9,43.14,58.3,0.0,13.9,3,-25.894,0.597,-840.246
2352.9,43.48,83.9,0.0,14.0,3,-28.474,0.619,-839.949
2352.9,43.73,80.8,0.0,14.8,3,-30.203,0.632,-839.718
2362.2,44.08,80.1,0.0,16.3,3,-32.806,0.649,-839.317
2362.2,44.32,82.5,0.0,17.5,3,-34.547,0.660,-839.015
2362.2,44.68,83.3,0.0,18.9,3,-37.167,0.677,-838.504
2362.2,44.91,82.3,0.0,19.1,3,-38.917,0.688,-838.126
2371.7,45.25,77.6,0.0,19.0,3,-41.548,0.705,-837.501
2371.7,45.43,70.6,0.0,18.8,3,-43.303,0.716,-837.045
2371.7,45.67,66.5,0.0,18.8,3,-45.933,0.730,-836.302
2371.7,45.91,71.6,0.0,19.8,3,-48.557,0.741,-835.490
2381.3,46.09,74.4,0.0,20.1,3,-50.303,0.748,-834.909
2381.3,46.37,74.6,0.0,20.0,3,-52.914,0.758,-833.974
2381.3,46.54,76.0,0.0,20.4,3,-54.649,0.765,-833.310
2381.3,46.82,78.2,0.0,20.7,3,-57.242,0.774,-832.254
2391.0,47.02,81.1,0.0,20.8,3,-58.965,0.777,-831.511
2391.0,47.33,84.5,0.0,20.5,3,-61.539,0.780,-830.337
2391.0,47.54,85.5,0.0,20.1,3,-63.248,0.780,-829.513
2391.0,47.85,85.0,0.0,19.6,3,-65.799,0.780,-828.216
2400.8,48.05,84.9,0.0,19.7,3,-67.489,0.779,-827.310
2400.8,48.32,77.3,0.0,20.0,3,-70.007,0.775,-825.890
2400.8,48.49,74.3,0.0,20.2,3,-71.672,0.771,-824.903
2400.8,48.72,79.0,0.0,21.2,3,-74.147,0.763,-823.363
2410.5,48.89,83.1,0.0,22.2,3,-75.781,0.757,-822.295
2410.5,49.17,83.8,0.0,22.9,3,-78.207,0.748,-820.633
2410.5,49.43,76.8,0.0,23.7,3,-80.604,0.735,-818.900
2410.5,49.55,61.2,0.0,24.1,3,-82.183,0.726,-817.707
2420.3,49.64,55.1,0.0,25.7,3,-84.516,0.711,-815.860
2420.3,49.74,72.5,0.0,27.5,3,-86.047,0.699,-814.593
2420.3,50.00,87.1,0.0,29.2,3,-88.312,0.681,-812.639
2420.3,50.19,83.8,0.0,29.6,3,-89.802,0.667,-811.299
2430.0,50.42,73.6,0.0,30.5,3,-92.005,0.644,-809.237
2430.0,50.53,49.0,0.0,31.0,3,-93.450,0.627,-807.827
2430.0,50.42,17.3,0.0,31.2,3,-95.573,0.601,-805.666
2430.0,50.32,17.0,0.0,30.8,3,-96.953,0.584,-804.197
2439.7,50.16,16.8,0.0,32.1,3,-98.968,0.557,-801.956
2439.7,50.06,16.7,0.0,30.9,3,-100.275,0.539,-800.436
2439.7,50.16,85.4,0.0,27.6,3,-102.184,0.509,-798.117
2439.7,50.35,87.5,0.0,25.0,3,-103.428,0.489,-796.538
2449.2,50.63,87.4,0.0,22.6,3,-105.253,0.456,-794.121
2449.2,50.92,87.5,0.0,20.6,3,-107.029,0.420,-791.646
2449.2,51.01,0.0,0.0,19.6,0,-108.183,0.394,-789.964
2449.2,50.94,80.4,0.0,19.0,4,-109.862,0.353,-787.410
2459.2,51.12,56.2,0.0,14.9,4,-110.953,0.318,-785.686
2459.2,51.27,84.4,0.0,7.5,4,-112.543,0.263,-783.059
2459.2,51.44,79.8,0.0,3.1,4,-113.569,0.225,-781.281
2459.2,51.67,86.0,0.0,-2.2,4,-115.064,0.167,-778.574
2469.2,51.84,79.0,0.0,-5.7,4,-116.031,0.127,-776.745
2469.2,52.12,86.5,0.0,-9.2,4,-117.442,0.065,-773.965
2469.2,52.33,86.8,0.0,-9.3,4,-118.360,0.018,-772.090
2469.2,52.65,86.8,0.0,-10.3,4,-119.713,-0.062,-769.248
2479.7,52.89,86.6,0.0,-7.8,4,-120.605,-0.120,-767.335
2479.7,53.20,86.8,0.0,-2.4,4,-121.944,-0.208,-764.450
2479.7,53.43,87.0,0.0,0.1,4,-122.847,-0.265,-762.519
2479.7,53.74,87.1,0.0,-0.1,4,-124.223,-0.352,-759.616
2490.6,54.09,87.2,0.0,-1.8,4,-125.621,-0.449,-756.701
2490.6,54.28,87.3,0.0,-3.9,4,-126.564,-0.517,-754.751
2490.6,54.61,87.4,0.0,-4.3,4,-128.001,-0.619,-751.819
2490.6,54.82,87.5,0.0,-4.3,4,-128.974,-0.686,-749.860
2501.6,55.14,87.6,0.0,-3.5,4,-130.460,-0.786,-746.917
2501.6,55.35,87.7,0.0,-4.5,4,-131.468,-0.855,-744.952
2501.6,55.66,87.8,0.0,-4.4,4,-133.008,-0.959,-742.001
2501.6,55.88,87.9,0.0,-4.3,4,-134.055,-1.026,-740.033
2513.0,56.19,88.0,0.0,-3.7,4,-135.653,-1.128,-737.079
2513.0,56.37,88.2,0.0,-3.0,4,-136.738,-1.199,-735.108
2513.0,56.71,88.2,0.0,-2.4,4,-138.390,-1.318,-732.149
2513.0,56.89,88.3,0.0,-1.6,4,-139.511,-1.399,-730.176
2524.6,57.20,88.4,0.0,-2.0,4,-141.217,-1.526,-727.213
2524.6,57.40,88.4,0.0,-2.7,4,-142.371,-1.614,-725.235
2524.6,57.70,88.5,0.0,-3.3,4,-144.124,-1.755,-722.264
2536.2,58.00,88.6,0.0,-3.5,4,-145.905,-1.901,-719.289
2536.2,58.19,88.7,0.0,-2.5,4,-147.109,-1.998,-717.304
2536.2,58.49,88.8,0.0,-1.7,4,-148.941,-2.145,-714.326
2536.2,58.69,88.9,0.0,-2.4,4,-150.178,-2.243,-712.338
2547.9,58.98,89.0,0.0,-3.9,4,-152.056,-2.392,-709.353
2547.9,59.18,89.0,0.0,-4.1,4,-153.324,-2.491,-707.362
2547.9,59.45,89.1,0.0,-3.4,4,-155.254,-2.633,-704.376
2547.9,59.64,89.2,0.0,-2.8,4,-156.558,-2.725,-702.385
2559.9,59.91,89.4,0.0,-2.5,4,-158.541,-2.859,-699.400
2559.9,60.11,89.4,0.0,-2.2,4,-159.879,-2.948,-697.410
2559.9,60.39,89.4,0.0,-2.3,4,-161.912,-3.079,-694.424
2559.9,60.57,89.5,0.0,-2.5,4,-163.282,-3.163,-692.432
2572.1,60.84,89.6,0.0,-2.4,4,-165.360,-3.284,-689.444
2572.1,61.01,89.7,0.0,-2.2,4,-166.759,-3.360,-687.451
2572.1,61.28,89.8,0.0,-1.0,4,-168.880,-3.464,-684.459
2572.1,61.53,89.9,0.0,-0.6,4,-171.022,-3.559,-681.464
2584.5,61.71,89.9,0.0,-0.7,4,-172.462,-3.617,-679.465
2584.5,61.95,90.0,0.0,-0.8,4,-174.635,-3.693,-676.460
2584.5,62.11,90.1,0.0,-0.8,4,-176.092,-3.735,-674.453
2584.5,62.15,0.0,0.0,-0.7,0,-178.290,-3.787,-671.439
2597.0,62.23,89.0,0.0,-0.7,5,-179.758,-3.816,-669.433
2597.0,62.47,89.0,0.0,-0.8,5,-181.973,-3.851,-666.419
2597.0,62.62,89.1,0.0,-0.9,5,-183.457,-3.870,-664.405
2597.0,62.86,89.2,0.0,-0.9,5,-185.695,-3.896,-661.380
2609.5,63.01,89.2,0.0,-0.9,5,-187.196,-3.912,-659.359
2609.5,63.24,89.3,0.0,-0.9,5,-189.458,-3.935,-656.322
2609.5,63.39,89.3,0.0,-0.9,5,-190.974,-3.948,-654.294
2609.5,63.61,89.4,0.0,-0.9,5,-193.260,-3.965,-651.247
2622.2,63.76,89.5,0.0,-0.8,5,-194.793,-3.975,-649.213
2622.2,63.98,89.5,0.0,-0.7,5,-197.104,-3.985,-646.156
2622.2,64.20,89.6,0.0,-0.9,5,-199.429,-3.992,-643.094
2622.2,64.34,89.7,0.0,-0.8,5,-200.987,-3.995,-641.050
2635.0,64.55,89.7,0.0,-0.7,5,-203.335,-3.995,-637.978
2635.0,64.69,89.8,0.0,-0.8,5,-204.909,-3.993,-635.928
2635.0,64.90,89.8,0.0,-0.9,5,-207.281,-3.983,-632.848
2635.0,65.04,89.9,0.0,-1.0,5,-208.870,-3.973,-630.792
2647.9,65.25,89.9,0.0,-1.1,5,-211.266,-3.953,-627.705
2660.9,66.07,90.2,0.0,-2.4,5,-221.012,-3.864,-615.324
2660.9,66.26,90.3,0.0,-1.6,5,-223.496,-3.846,-612.228
2660.9,66.40,90.3,0.0,-1.3,5,-225.164,-3.837,-610.165
2674.1,66.59,90.4,0.0,-1.3,5,-227.684,-3.830,-607.072
2674.1,66.73,90.4,0.0,-1.4,5,-229.375,-3.828,-605.011
2674.1,66.89,68.2,0.0,-1.3,5,-231.928,-3.830,-601.921
2674.1,66.84,15.2,20.2,-1.2,5,-233.639,-3.835,-599.864
2687.5,66.22,0.0,67.7,-1.1,5,-236.203,-3.847,-596.798
2687.5,65.53,0.0,79.4,-1.0,5,-237.900,-3.858,-594.780
2687.5,64.34,0.0,87.2,-0.8,5,-240.415,-3.878,-591.801
2687.5,63.08,0.0,89.8,-0.1,5,-242.892,-3.904,-588.885
2700.5,62.22,0.0,90.5,-0.1,5,-244.520,-3.924,-586.978
2700.5,60.94,0.0,91.3,-0.1,5,-246.927,-3.957,-584.171
2700.5,60.09,0.0,91.3,-0.1,5,-248.507,-3.981,-582.336
2700.5,58.79,0.0,91.0,-0.3,5,-250.841,-4.019,-579.636
2712.7,57.95,0.0,91.3,-0.3,5,-252.371,-4.045,-577.871
2712.7,56.68,0.0,91.5,-0.0,0,-254.630,-4.085,-575.275
2712.7,55.84,32.9,92.1,0.1,0,-256.111,-4.112,-573.578
2712.7,54.56,0.0,91.7,0.0,4,-258.294,-4.152,-571.084
2723.9,53.71,0.0,91.0,-0.1,4,-259.724,-4.178,-569.456
2723.9,52.46,0.0,91.4,-0.6,4,-261.830,-4.218,-567.064
2723.9,51.62,0.0,90.9,-0.8,4,-263.209,-4.245,-565.502
2723.9,50.37,0.0,91.2,-1.5,4,-265.240,-4.285,-563.211
2734.3,49.54,0.0,91.3,-1.9,4,-266.570,-4.312,-561.717
2734.3,48.30,0.0,91.8,-2.5,4,-268.529,-4.352,-559.528
2734.3,47.47,0.0,91.3,-2.9,4,-269.811,-4.378,-558.103
2734.3,46.23,35.7,91.6,-3.1,0,-271.701,-4.415,-556.019
2743.9,45.01,0.0,92.3,-3.1,3,-273.552,-4.450,-554.000
2743.9,44.19,0.0,92.1,-2.8,3,-274.765,-4.472,-552.690
2743.9,42.95,0.0,92.0,-2.9,3,-276.554,-4.505,-550.781
2743.9,42.14,0.0,92.3,-3.5,3,-277.726,-4.526,-549.545
2752.7,40.92,0.0,91.5,-3.7,3,-279.455,-4.558,-547.748
2752.7,40.12,0.0,90.7,-3.6,3,-280.589,-4.578,-546.587
2752.7,38.95,35.5,88.8,-3.4,0,-282.263,-4.607,-544.905
2752.7,38.21,0.0,87.4,-3.3,2,-283.364,-4.625,-543.822
2760.6,37.10,0.0,79.0,-3.9,2,-284.992,-4.651,-542.253
2760.6,36.38,0.0,73.3,-3.9,2,-286.062,-4.668,-541.244
2760.6,35.39,0.0,68.8,-2.8,2,-287.650,-4.692,-539.787
2760.6,34.77,0.0,67.2,-2.2,2,-288.698,-4.708,-538.852
2767.8,33.86,0.0,65.3,-2.6,2,-290.255,-4.732,-537.503
2767.8,33.26,0.0,66.5,-3.1,2,-291.283,-4.747,-536.639
2767.8,32.35,0.0,67.5,-4.2,2,-292.812,-4.768,-535.395
2774.3,31.47,34.0,67.1,-2.2,0,-294.321,-4.789,-534.216
2774.3,30.88,0.0,62.3,-5.6,1,-295.317,-4.802,-533.463
2774.3,30.01,0.0,52.2,-7.1,1,-296.793,-4.820,-532.385
2774.3,29.49,0.0,47.2,-2.6,1,-297.768,-4.831,-531.701
2780.2,28.79,0.0,43.9,-7.2,1,-299.217,-4.847,-530.721
2780.2,28.36,0.0,42.7,-14.3,1,-300.178,-4.857,-530.100
2780.2,27.72,0.0,42.2,-19.5,1,-301.611,-4.871,-529.217
2780.2,27.30,0.0,41.7,-14.5,1,-302.561,-4.879,-528.659
2785.5,26.67,0.0,42.8,-11.6,1,-303.973,-4.890,-527.864
2785.5,26.27,0.0,39.1,-11.0,1,-304.904,-4.897,-527.360
2785.5,25.71,0.0,32.9,-12.2,1,-306.287,-4.907,-526.638
2785.5,25.38,0.0,32.6,-13.9,1,-307.200,-4.913,-526.179
2790.7,24.91,0.0,25.8,-17.5,1,-308.559,-4.920,-525.523
2790.7,24.64,0.0,20.0,-21.1,1,-309.459,-4.924,-525.106
2790.7,24.31,0.0,12.8,-25.6,1,-310.804,-4.929,-524.516
2790.7,24.03,0.0,13.8,-28.1,1,-312.147,-4.932,-523.969
2796.1,23.85,0.0,10.5,-28.9,1,-313.043,-4.933,-523.628
2796.1,23.60,0.0,10.9,-32.9,1,-314.386,-4.934,-523.156
2796.1,23.44,0.0,8.6,-34.9,1,-315.282,-4.933,-522.869
2796.1,23.21,0.0,7.7,-38.7,1,-316.627,-4.931,-522.481
2801.9,23.04,0.0,7.1,-40.6,1,-317.524,-4.928,-522.253
2801.9,22.80,0.0,4.1,-50.2,1,-318.869,-4.920,-521.960
2801.9,22.68,11.8,0.0,-52.8,1,-319.763,-4.913,-521.797
2801.9,22.71,43.6,0.0,-52.3,1,-321.109,-4.902,-521.603
2807.7,22.84,32.2,0.0,-42.5,1,-322.014,-4.898,-521.497
2807.7,23.12,40.6,0.0,-41.3,1,-323.389,-4.894,-521.380
2807.7,23.18,35.8,0.0,-40.2,1,-324.313,-4.891,-521.332
2807.7,23.25,7.1,5.8,-38.3,1,-325.707,-4.892,-521.300
2813.3,23.16,0.0,9.0,-36.0,1,-326.635,-4.898,-521.304
2813.3,22.83,0.0,1.1,-32.1,1,-328.014,-4.898,-521.372
2813.3,22.63,4.0,0.0,-26.2,1,-329.371,-4.890,-521.508
2813.3,22.54,7.7,0.0,-24.2,1,-330.266,-4.884,-521.632
2818.4,22.43,10.9,0.0,-17.2,1,-331.594,-4.875,-521.868
2818.4,22.38,15.7,0.0,-14.7,1,-332.470,-4.870,-522.058
2818.4,22.42,34.2,0.0,-15.7,1,-333.771,-4.861,-522.391
2818.4,22.55,47.6,0.0,-17.0,1,-334.632,-4.854,-522.646
2823.2,22.91,64.8,0.0,-21.4,1,-335.925,-4.843,-523.077
2823.2,23.24,75.4,0.0,-25.9,1,-336.790,-4.834,-523.394
2823.2,23.78,78.9,0.0,-31.5,1,-338.100,-4.819,-523.914
2823.2,24.14,77.9,0.0,-32.4,1,-338.981,-4.808,-524.289
2828.1,24.63,64.8,0.0,-30.2,1,-340.312,-4.789,-524.896
2828.1,24.95,72.3,0.0,-27.9,1,-341.202,-4.777,-525.330
2828.1,25.40,61.1,0.0,-28.4,1,-342.541,-4.756,-526.027
2828.1,25.65,59.4,0.0,-26.2,1,-343.434,-4.742,-526.522
2833.2,26.03,57.0,0.0,-19.6,1,-344.768,-4.720,-527.310
2833.2,26.46,62.0,0.0,-10.9,1,-346.097,-4.699,-528.152
2833.2,26.78,69.2,0.0,-3.7,1,-346.982,-4.684,-528.741
2833.2,27.35,80.0,0.0,5.9,1,-348.318,-4.662,-529.662
2838.5,27.78,80.3,0.0,9.1,1,-349.218,-4.647,-530.297
2838.5,28.39,67.4,0.0,12.9,1,-350.590,-4.625,-531.275
2838.5,28.64,47.4,0.0,14.4,1,-351.518,-4.610,-531.937
2838.5,28.81,24.9,0.0,17.0,1,-352.932,-4.586,-532.924
2844.1,28.83,19.2,0.0,13.6,1,-353.885,-4.572,-533.572
2844.1,28.90,27.1,0.0,13.4,1,-355.331,-4.550,-534.525
2844.1,28.99,31.5,0.0,18.4,1,-356.306,-4.537,-535.149
2844.1,29.15,35.5,0.0,25.5,1,-357.789,-4.518,-536.065
2849.9,29.26,36.5,0.0,29.3,1,-358.795,-4.507,-536.659
2849.9,29.38,25.7,0.0,32.7,1,-360.329,-4.491,-537.520
2849.9,29.37,15.9,0.0,34.1,1,-361.891,-4.477,-538.337
2849.9,29.36,19.2,0.0,33.7,1,-362.947,-4.468,-538.852
2855.9,29.34,14.7,0.0,31.7,1,-364.550,-4.458,-539.582
2855.9,29.29,8.5,0.0,31.1,1,-365.631,-4.452,-540.036
2855.9,29.19,11.7,0.0,31.3,1,-367.267,-4.444,-540.669
2855.9,29.12,11.2,0.0,32.1,1,-368.367,-4.440,-541.056
2862.1,29.02,6.8,0.0,32.6,1,-370.029,-4.434,-541.586
2862.1,28.94,9.5,0.0,33.1,1,-371.143,-4.433,-541.906
2862.1,28.95,35.0,0.0,35.6,1,-372.825,-4.433,-542.336
2862.1,29.05,45.3,0.0,36.4,1,-373.957,-4.433,-542.589
2868.4,29.31,45.4,0.0,36.8,1,-375.674,-4.437,-542.926
2868.4,29.49,51.4,0.0,33.5,1,-376.834,-4.440,-543.117
2868.4,29.73,50.7,0.0,28.9,1,-378.596,-4.438,-543.349
2876.0,30.07,75.2,0.0,24.2,1,-380.380,-4.437,-543.524
2876.0,30.23,25.5,0.0,7.4,1,-381.583,-4.439,-543.610
2876.0,30.31,17.1,0.0,5.2,1,-383.398,-4.441,-543.690
2876.0,30.30,32.0,0.0,3.4,1,-384.610,-4.444,-543.710
2883.0,30.37,18.4,0.0,-6.0,1,-386.431,-4.454,-543.693
2883.0,30.32,13.0,0.0,-6.1,1,-387.643,-4.460,-543.644
2883.0,30.26,25.3,0.0,-3.1,1,-389.455,-4.464,-543.508
2883.0,30.29,27.6,0.0,0.4,1,-390.659,-4.465,-543.380
2890.7,30.48,54.0,0.0,9.0,1,-392.463,-4.468,-543.131
2890.7,30.70,56.2,0.0,15.4,1,-393.669,-4.470,-542.929
2890.7,31.06,56.9,0.0,25.1,1,-395.486,-4.474,-542.571
2890.7,31.30,58.2,0.0,30.8,1,-396.702,-4.475,-542.298
2897.3,31.64,58.8,0.0,36.3,1,-398.533,-4.476,-541.840
2897.3,31.85,60.8,0.0,37.2,1,-399.757,-4.478,-541.503
2897.3,32.19,58.0,0.0,33.6,1,-401.596,-4.481,-540.950
2897.3,32.47,52.1,0.0,27.2,1,-403.436,-4.488,-540.335
2903.8,32.62,46.8,0.0,21.4,1,-404.659,-4.494,-539.891
2903.8,32.81,42.1,0.0,13.0,1,-406.486,-4.507,-539.174
2903.8,32.91,40.5,0.0,8.3,1,-407.696,-4.517,-538.661
2903.8,33.05,39.7,0.0,2.9,1,-409.497,-4.533,-537.841
2910.1,33.16,41.4,0.0,0.8,1,-410.687,-4.546,-537.262
2910.1,33.35,47.6,0.0,0.1,1,-412.458,-4.568,-536.344
2910.1,33.52,53.0,0.0,1.0,1,-413.630,-4.584,-535.701
2910.1,33.85,64.8,0.0,3.9,1,-415.377,-4.610,-534.688
2916.6,34.13,72.0,0.0,6.9,1,-416.537,-4.628,-533.980
2916.6,34.60,77.8,0.0,12.1,1,-418.271,-4.656,-532.867
2916.6,34.93,80.6,0.0,15.7,1,-419.425,-4.676,-532.092
2916.6,35.42,82.2,0.0,20.8,0,-421.153,-4.706,-530.881
2923.2,35.43,0.0,0.0,21.9,0,-422.296,-4.726,-530.043
2923.2,35.71,76.2,0.0,21.7,2,-423.984,-4.755,-528.743
2923.2,36.18,83.0,0.0,20.0,2,-425.657,-4.782,-527.384
2923.2,36.51,84.4,0.0,17.9,2,-426.765,-4.798,-526.444
2930.2,37.01,84.6,0.0,15.2,2,-428.416,-4.823,-524.984
2930.2,37.31,84.5,0.0,12.4,2,-429.508,-4.838,-523.977
2930.2,37.78,81.7,0.0,8.9,2,-431.132,-4.861,-522.416
2930.2,38.10,84.9,0.0,7.1,2,-432.205,-4.875,-521.344
2937.6,38.61,85.0,0.0,6.0,2,-433.799,-4.895,-519.686
2937.6,38.94,85.0,0.0,5.7,2,-434.854,-4.907,-518.549
2937.6,39.45,85.1,0.0,7.3,2,-436.424,-4.927,-516.800
2937.6,39.79,85.2,0.0,9.5,2,-437.466,-4.940,-515.607
2945.3,40.25,84.7,0.0,13.1,2,-439.018,-4.958,-513.776
2945.3,40.57,79.8,0.0,14.4,2,-440.046,-4.968,-512.529
2945.3,40.91,69.2,0.0,15.1,2,-441.574,-4.985,-510.623
2945.3,41.11,72.5,0.0,13.9,2,-442.580,-4.997,-509.327
2953.3,41.50,84.8,0.0,10.3,2,-444.066,-5.015,-507.344
2953.3,41.90,85.8,0.0,7.4,2,-445.521,-5.028,-505.309
2953.3,42.16,85.9,0.0,6.5,0,-446.471,-5.032,-503.921
2953.3,42.13,77.3,0.0,5.7,3,-447.860,-5.039,-501.807
2961.4,42.30,83.5,0.0,5.2,3,-448.759,-5.045,-500.379
2961.4,42.50,56.8,0.0,4.5,3,-450.076,-5.054,-498.202
2961.4,42.71,76.7,0.0,4.3,3,-450.928,-5.059,-496.728
2961.4,43.08,84.2,0.0,6.0,3,-452.172,-5.062,-494.477
2969.6,43.33,84.3,0.0,7.8,3,-452.981,-5.064,-492.950
2969.6,43.60,61.6,0.0,9.3,3,-454.158,-5.064,-490.622
2969.6,43.66,21.9,0.0,8.5,3,-454.921,-5.068,-489.053
2969.6,43.77,67.7,0.0,7.7,3,-456.025,-5.081,-486.676
2978.1,43.99,84.2,0.0,8.2,3,-456.732,-5.086,-485.070
2978.1,44.35,80.3,0.0,8.2,3,-457.755,-5.097,-482.627
2978.1,44.61,84.6,0.0,8.5,3,-458.413,-5.107,-480.974
2978.1,45.00,84.7,0.0,10.1,3,-459.363,-5.124,-478.460
2986.6,45.39,84.8,0.0,12.8,3,-460.268,-5.145,-475.904
2986.6,45.65,84.9,0.0,14.4,3,-460.845,-5.161,-474.178
2986.6,46.03,84.9,0.0,15.2,3,-461.673,-5.188,-471.556
2986.6,46.28,84.9,0.0,15.3,3,-462.197,-5.207,-469.787
2995.5,46.64,85.1,0.0,15.0,3,-462.941,-5.238,-467.101
2995.5,46.88,85.1,0.0,14.5,3,-463.407,-5.261,-465.291
2995.5,47.24,85.2,0.0,13.6,3,-464.061,-5.297,-462.545
2995.5,47.47,85.2,0.0,13.4,3,-464.465,-5.322,-460.695
3004.6,47.82,85.3,0.0,12.6,3,-465.022,-5.362,-457.892
3004.6,48.05,85.4,0.0,11.8,3,-465.359,-5.389,-456.005
3004.6,48.38,85.5,0.0,10.9,3,-465.811,-5.430,-453.148
3004.6,48.61,85.5,0.0,10.4,3,-466.076,-5.457,-451.227
3014.1,48.96,85.5,0.0,11.1,3,-466.419,-5.497,-448.321
3023.8,50.31,85.7,0.0,18.1,3,-467.144,-5.655,-436.439
3023.8,50.62,85.9,0.0,19.1,3,-467.168,-5.695,-433.412
3023.8,50.82,86.0,0.0,18.7,3,-467.147,-5.721,-431.384
3033.8,51.12,86.1,0.0,17.0,0,-467.056,-5.758,-428.328
3033.8,51.06,0.0,0.0,15.5,0,-466.953,-5.782,-426.286
3033.8,51.19,82.9,0.0,12.4,4,-466.735,-5.816,-423.229
3044.5,51.46,84.7,0.0,8.6,4,-466.439,-5.846,-420.165
3044.5,51.64,84.8,0.0,7.5,4,-466.198,-5.863,-418.118
3044.5,51.92,84.9,0.0,7.2,4,-465.772,-5.887,-415.041
3044.5,52.10,85.0,0.0,8.3,4,-465.446,-5.901,-412.987
3055.7,52.38,85.2,0.0,10.5,4,-464.895,-5.921,-409.902
3055.7,52.54,85.4,0.0,12.1,4,-464.489,-5.933,-407.844
3055.7,52.86,85.5,0.0,14.5,4,-463.831,-5.959,-404.752
3055.7,53.03,85.5,0.0,15.6,4,-463.358,-5.981,-402.688
3066.9,53.31,85.6,0.0,16.7,4,-462.593,-6.017,-399.591
3066.9,53.49,85.7,0.0,16.5,4,-462.042,-6.041,-397.528
3066.9,53.74,85.8,0.0,16.4,4,-461.149,-6.073,-394.439
3066.9,53.91,85.9,0.0,16.0,4,-460.511,-6.090,-392.383
3077.9,54.17,86.1,0.0,14.5,4,-459.488,-6.112,-389.307
3077.9,54.35,86.2,0.0,13.1,4,-458.765,-6.125,-387.261
3077.9,54.62,86.3,0.0,10.8,4,-457.622,-6.144,-384.199
3077.9,54.89,86.4,0.0,8.7,4,-456.409,-6.164,-381.147
3088.8,55.07,86.5,0.0,7.9,4,-455.562,-6.175,-379.118
3088.8,55.35,86.6,0.0,7.6,4,-454.233,-6.189,-376.084
3088.8,55.53,86.7,0.0,8.1,4,-453.311,-6.196,-374.068
3088.8,55.81,86.9,0.0,9.1,4,-451.880,-6.206,-371.050
3099.7,56.00,86.9,0.0,8.9,4,-450.896,-6.213,-369.042
3099.7,56.29,87.0,0.0,8.2,4,-449.376,-6.226,-366.037
3099.7,56.47,87.1,0.0,7.8,4,-448.334,-6.236,-364.038
3099.7,56.75,87.2,0.0,7.5,4,-446.725,-6.249,-361.047
3110.9,56.93,87.3,0.0,7.8,4,-445.624,-6.257,-359.058
3110.9,57.21,87.4,0.0,8.0,4,-443.928,-6.271,-356.084
3110.9,57.39,87.5,0.0,7.9,4,-442.769,-6.279,-354.108
3110.9,57.65,87.6,0.0,7.8,4,-440.986,-6.289,-351.154
3133.8,58.88,88.2,0.0,4.7,4,-431.983,-6.323,-337.553
3133.8,59.04,88.2,0.0,4.2,4,-430.609,-6.326,-335.637
3133.8,59.32,88.3,0.0,2.5,4,-428.510,-6.326,-332.774
3133.8,59.48,88.4,0.0,2.2,4,-427.088,-6.322,-330.871
3145.6,59.74,88.5,0.0,1.6,4,-424.925,-6.313,-328.024
3145.6,59.92,88.5,0.0,1.6,4,-423.465,-6.305,-326.127
3145.6,60.19,88.6,0.0,0.6,4,-421.255,-6.293,-323.282
3145.6,60.34,88.8,0.0,-0.0,4,-419.769,-6.284,-321.385
3157.7,60.62,88.8,0.0,-0.9,4,-417.523,-6.272,-318.534
3157.7,60.87,88.9,0.0,-1.1,4,-415.262,-6.259,-315.676
3157.7,61.04,89.0,0.0,-1.0,4,-413.749,-6.250,-313.765
3169.9,61.28,89.1,0.0,-1.0,4,-411.475,-6.235,-310.886
3182.3,62.23,89.5,0.0,-0.9,4,-402.355,-6.169,-299.204
3182.3,62.37,0.0,0.0,-0.8,0,-400.074,-6.151,-296.240
3182.3,62.41,88.3,0.0,-0.7,5,-397.802,-6.132,-293.269
3194.7,62.55,88.4,0.0,-0.7,5,-396.288,-6.119,-291.282
3194.7,62.78,88.5,0.0,-0.8,5,-394.015,-6.098,-288.287
3194.7,62.91,88.6,0.0,-0.9,5,-392.499,-6.084,-286.282
3194.7,63.14,88.6,0.0,-0.9,5,-390.223,-6.064,-283.262
3207.2,63.29,88.7,0.0,-0.8,5,-388.705,-6.051,-281.240
3207.2,63.51,88.8,0.0,-0.7,5,-386.425,-6.032,-278.196
3207.2,63.65,88.8,0.0,-0.7,5,-384.903,-6.016,-276.159
3207.2,63.86,88.9,0.0,-0.5,5,-382.617,-5.990,-273.092
3220.0,64.01,89.0,0.0,-0.3,5,-381.091,-5.972,-271.040
3220.0,64.22,89.1,0.0,-0.2,5,-378.800,-5.945,-267.951
3220.0,64.36,89.1,0.0,-0.1,5,-377.270,-5.927,-265.885
3220.0,64.57,89.2,0.0,-0.4,5,-374.970,-5.900,-262.775
3232.9,64.71,89.2,0.0,-0.4,5,-373.434,-5.882,-260.695
3232.9,64.92,89.3,0.0,-0.3,5,-371.125,-5.854,-257.567
3232.9,65.12,89.4,0.0,-0.1,5,-368.809,-5.821,-254.428
3232.9,65.26,89.4,0.0,0.1,5,-367.263,-5.798,-252.329
3245.9,65.46,89.5,0.0,0.4,5,-364.936,-5.763,-249.172
3245.9,65.59,89.5,0.0,0.6,5,-363.381,-5.739,-247.063
3245.9,65.79,89.6,0.0,0.5,5,-361.041,-5.700,-243.892
3245.9,65.93,89.6,0.0,0.4,5,-359.475,-5.673,-241.773
3259.0,66.13,89.7,0.0,0.3,5,-357.117,-5.629,-238.590
3259.0,66.26,89.8,0.0,0.2,5,-355.539,-5.600,-236.465
3259.0,66.45,89.8,0.0,0.3,5,-353.163,-5.557,-233.271
3259.0,66.57,89.9,0.0,0.2,5,-351.573,-5.528,-231.139
3272.3,66.77,90.0,0.0,0.3,5,-349.179,-5.488,-227.934
3272.3,66.90,90.0,0.0,0.3,5,-347.578,-5.464,-225.794
3272.3,67.09,90.1,0.0,0.3,5,-345.169,-5.429,-222.577
3272.3,67.21,90.1,0.0,0.3,5,-343.557,-5.402,-220.429
3285.7,67.39,90.2,0.0,0.3,5,-341.133,-5.360,-217.200
3285.7,67.59,90.2,0.0,0.3,5,-338.701,-5.316,-213.963
3285.7,67.71,90.3,0.0,0.2,5,-337.075,-5.285,-211.801
3285.7,67.89,90.4,0.0,0.1,5,-334.629,-5.238,-208.552
3299.2,68.01,90.4,0.0,0.0,5,-332.995,-5.207,-206.381
3299.2,68.19,90.5,0.0,-0.2,5,-330.537,-5.160,-203.117
3299.2,68.30,90.5,0.0,-0.2,5,-328.895,-5.128,-200.937
3299.2,68.48,90.5,0.0,-0.2,5,-326.427,-5.076,-197.659
3312.9,68.60,90.6,0.0,-0.2,5,-324.778,-5.041,-195.469
3312.9,68.77,90.6,0.0,-0.2,5,-322.301,-4.987,-192.176
3312.9,68.89,90.7,0.0,-0.2,5,-320.647,-4.950,-189.976
3312.9,69.07,90.7,0.0,-0.3,5,-318.162,-4.894,-186.667
3326.7,69.18,90.8,0.0,-0.3,5,-316.504,-4.858,-184.455
3326.7,69.34,90.8,0.0,-0.3,5,-314.012,-4.802,-181.130
3326.7,69.46,90.9,0.0,-0.2,5,-312.349,-4.765,-178.908
3326.7,69.62,90.9,0.0,-0.2,5,-309.851,-4.710,-175.567
3340.5,69.73,91.0,0.0,-0.2,5,-308.184,-4.674,-173.334
3340.5,69.89,91.0,0.0,-0.2,5,-305.680,-4.619,-169.977
3340.5,70.05,91.1,0.0,-0.3,5,-303.174,-4.562,-166.610
3340.5,70.16,91.1,0.0,-0.3,5,-301.500,-4.523,-164.360
3354.5,70.32,91.2,0.0,-0.3,5,-298.988,-4.465,-160.977
3354.5,70.42,91.2,0.0,-0.4,5,-297.312,-4.425,-158.717
3354.5,70.58,91.2,0.0,-0.4,5,-294.795,-4.365,-155.318
3354.5,70.68,91.3,0.0,-0.4,5,-293.115,-4.325,-153.047
3368.6,70.83,91.3,0.0,-0.3,5,-290.594,-4.264,-149.632
3368.6,70.93,91.4,0.0,-0.3,5,-288.912,-4.223,-147.350
3368.6,71.09,91.4,0.0,-0.3,5,-286.387,-4.162,-143.919
3368.6,71.18,91.4,0.0,-0.3,5,-284.702,-4.121,-141.627
3382.8,71.33,91.5,0.0,-0.1,5,-282.172,-4.061,-138.181
3382.8,71.43,91.5,0.0,-0.0,5,-280.483,-4.022,-135.879
3382.8,71.57,91.6,0.0,0.1,5,-277.948,-3.961,-132.419
3397.1,71.72,91.6,0.0,0.2,5,-275.408,-3.900,-128.952
3397.1,71.81,91.7,0.0,0.2,5,-273.711,-3.858,-126.637
3397.1,71.95,91.7,0.0,0.1,5,-271.161,-3.796,-123.160
3397.1,71.96,0.0,0.0,0.1,0,-269.459,-3.754,-120.838
3411.5,71.93,90.8,0.0,-0.1,6,-266.906,-3.692,-117.360
3411.5,72.02,90.8,0.0,-0.2,6,-265.203,-3.650,-115.040
3411.5,72.16,90.9,0.0,-0.4,6,-262.644,-3.587,-111.554
3411.5,72.24,90.9,0.0,-0.4,6,-260.936,-3.544,-109.226
3426.0,72.38,91.0,0.0,-0.5,6,-258.372,-3.477,-105.726
3426.0,72.46,91.0,0.0,-0.5,6,-256.663,-3.432,-103.388
3426.0,72.60,91.0,0.0,-0.5,6,-254.098,-3.365,-99.873
3426.0,72.69,91.0,0.0,-0.5,6,-252.389,-3.319,-97.523
3440.5,72.82,91.1,0.0,-0.5,6,-249.826,-3.251,-93.990
3440.5,72.96,91.1,0.0,-0.5,6,-247.263,-3.186,-90.447
3440.5,73.04,91.2,0.0,-0.4,6,-245.555,-3.142,-88.080
3440.5,73.17,91.2,0.0,-0.1,6,-242.993,-3.079,-84.521
3455.1,73.25,91.2,0.0,0.4,6,-241.285,-3.036,-82.143
3455.1,73.38,91.2,0.0,1.2,6,-238.721,-2.973,-78.569
3455.1,73.47,91.3,0.0,1.8,6,-237.008,-2.931,-76.184
3455.1,73.59,91.3,0.0,1.0,6,-234.430,-2.868,-72.605
3469.8,73.68,91.3,0.0,1.4,6,-232.703,-2.825,-70.220
3484.6,71.22,0.0,68.9,4.6,6,-218.634,-2.464,-51.454
3484.6,70.50,0.0,57.8,4.4,6,-216.870,-2.419,-49.235
3498.9,69.58,0.0,42.7,4.5,6,-214.217,-2.353,-45.975
3498.9,69.07,0.0,31.6,6.2,6,-212.438,-2.309,-43.847
3498.9,68.48,0.0,15.8,5.8,6,-209.747,-2.243,-40.719
3498.9,68.19,0.0,7.3,3.4,6,-207.933,-2.200,-38.674
3512.6,67.89,1.2,0.3,4.4,6,-205.179,-2.134,-35.661
3512.6,67.68,15.6,0.0,5.5,6,-202.384,-2.068,-32.707
3512.6,67.57,17.3,0.0,6.7,6,-200.500,-2.024,-30.767
3512.6,67.40,16.7,10.1,8.1,6,-197.644,-1.960,-27.897
3525.9,67.15,2.5,24.5,8.0,6,-195.722,-1.917,-26.013
3525.9,66.43,0.0,69.1,6.6,6,-192.820,-1.852,-23.241
3525.9,65.71,0.0,28.1,5.8,6,-190.888,-1.808,-21.438
3525.9,65.39,74.1,0.0,7.0,6,-187.979,-1.742,-18.798
3539.0,65.47,87.6,0.0,9.2,6,-186.016,-1.700,-17.068
3539.0,65.51,33.9,14.1,13.9,6,-183.030,-1.643,-14.512
3539.0,65.31,2.2,4.0,16.5,6,-181.017,-1.610,-12.840
3539.0,65.12,41.7,0.0,18.3,6,-177.969,-1.568,-10.388
3552.0,65.10,65.8,0.0,18.0,6,-175.914,-1.545,-8.789
3552.0,65.16,87.4,0.0,17.3,6,-172.787,-1.516,-6.445
3552.0,65.22,87.8,0.0,16.3,6,-170.672,-1.499,-4.921
3552.0,65.29,87.9,0.0,15.5,6,-167.449,-1.474,-2.699
3565.4,65.36,87.9,0.0,17.3,6,-164.168,-1.447,-0.554
3565.4,65.41,87.9,0.0,18.7,6,-161.950,-1.428,0.831
3565.4,65.42,77.8,0.0,20.4,6,-158.574,-1.391,2.833
3565.4,65.41,78.9,0.0,20.2,6,-156.295,-1.362,4.118
3578.9,65.46,88.0,0.0,21.4,6,-152.840,-1.324,5.984
3578.9,65.55,88.4,0.0,22.3,6,-150.515,-1.306,7.192
3578.9,65.58,79.1,0.0,24.6,6,-146.987,-1.279,8.936
3578.9,65.55,57.9,0.0,27.0,6,-144.611,-1.259,10.045
3593.0,65.44,57.1,0.0,32.0,6,-141.016,-1.227,11.631
3593.0,65.36,42.6,0.0,36.0,6,-138.600,-1.204,12.634
3593.0,65.17,30.4,0.0,42.2,6,-134.952,-1.168,14.060
3593.0,65.03,29.5,0.0,45.6,6,-132.508,-1.144,14.959
3606.8,64.82,24.4,0.0,48.8,6,-128.826,-1.107,16.231
3606.8,64.66,21.6,0.0,49.9,6,-126.362,-1.084,17.029
3606.8,64.39,18.8,0.0,49.7,6,-122.656,-1.051,18.149
3620.1,64.11,17.3,0.0,48.1,6,-118.938,-1.017,19.170
3620.1,63.92,16.3,0.0,47.3,6,-116.455,-0.995,19.795
3620.1,63.62,30.6,0.0,46.5,0,-112.725,-0.963,20.652
3620.1,63.38,6.9,0.0,45.9,5,-110.237,-0.942,21.166
3632.7,63.06,16.1,0.0,45.2,5,-106.506,-0.907,21.849
3632.7,62.85,14.6,0.0,45.4,5,-104.019,-0.882,22.248
3632.7,62.55,13.3,0.0,45.9,5,-100.292,-0.847,22.764
3632.7,62.34,13.2,0.0,45.8,5,-97.811,-0.823,23.052
3644.9,62.04,13.0,0.0,46.2,5,-94.096,-0.784,23.400
3644.9,61.84,13.0,0.0,46.3,5,-91.624,-0.757,23.577
3644.9,61.58,18.2,0.0,45.0,5,-87.926,-0.715,23.763
3644.9,61.42,21.1,0.0,42.7,5,-85.468,-0.688,23.836
3657.0,61.21,27.5,0.0,37.2,5,-81.789,-0.646,23.869
3657.0,61.10,35.3,0.0,32.7,5,-79.343,-0.617,23.840
3657.0,61.00,53.7,0.0,25.2,5,-75.683,-0.573,23.717
3657.0,61.03,82.5,0.0,17.3,5,-72.030,-0.526,23.500
3669.1,61.12,89.0,0.0,12.5,5,-69.595,-0.495,23.304
3669.1,61.28,89.1,0.0,6.5,5,-65.943,-0.450,22.938
3669.1,61.39,89.1,0.0,3.3,5,-63.507,-0.421,22.648
3669.1,61.57,89.1,0.0,0.5,5,-59.854,-0.375,22.142
3681.4,61.71,89.2,0.0,1.3,5,-57.418,-0.341,21.762
3681.4,61.92,89.2,0.0,4.0,5,-53.762,-0.289,21.145
3681.4,62.06,89.3,0.0,5.1,5,-51.321,-0.256,20.709
3681.4,62.29,89.3,0.0,3.3,5,-47.654,-0.211,20.028
3693.7,62.43,89.4,0.0,0.4,5,-45.206,-0.181,19.557
3693.7,62.65,89.5,0.0,-2.9,5,-41.525,-0.137,18.829
3693.7,62.79,89.5,0.0,-4.0,5,-39.066,-0.108,18.337
3693.7,63.01,88.7,0.0,-4.5,5,-35.365,-0.067,17.600
3706.2,63.22,89.7,0.0,-5.1,5,-31.648,-0.028,16.880
3706.2,63.36,89.7,0.0,-5.6,5,-29.160,-0.003,16.415
3706.2,63.56,89.7,0.0,-6.8,5,-25.413,0.031,15.746
3706.2,63.71,89.8,0.0,-5.5,5,-22.904,0.049,15.321
3718.9,63.90,89.9,0.0,-5.4,5,-19.125,0.075,14.720
3718.9,64.00,90.0,0.0,-6.5,5,-16.595,0.092,14.345
3718.9,64.21,89.9,0.0,-9.1,5,-12.784,0.116,13.827
3718.9,64.32,90.0,0.0,-9.0,5,-10.233,0.133,13.514
3731.8,64.49,90.1,0.0,-9.3,5,-6.392,0.158,13.095
3731.8,64.62,90.1,0.0,-9.4,5,-3.822,0.174,12.851
3731.8,64.78,90.2,0.0,-8.9,5,0.048,0.200,12.545
3731.8,64.90,90.2,0.0,-8.8,5,2.636,0.220,12.382
3745.0,65.05,90.3,0.0,-9.6,5,6.529,0.255,12.201
3745.0,65.17,90.3,0.0,-9.9,5,9.132,0.280,12.123
3745.0,65.32,90.4,0.0,-10.1,5,13.046,0.322,12.069
3745.0,65.50,90.4,0.0,-10.0,5,16.970,0.367,12.090
3758.2,65.58,90.5,0.0,-10.2,5,19.590,0.401,12.148
3758.2,65.74,90.5,0.0,-9.5,5,23.526,0.454,12.299
3758.2,65.83,90.6,0.0,-9.0,5,26.153,0.493,12.444
3758.2,65.99,90.7,0.0,-8.1,5,30.097,0.556,12.729
3771.9,66.11,90.7,0.0,-8.2,5,32.728,0.597,12.959
3771.9,66.28,90.7,0.0,-11.6,5,36.678,0.650,13.359
3771.9,66.37,90.7,0.0,-13.4,5,39.313,0.682,13.665
3771.9,66.49,90.8,0.0,-14.0,5,43.263,0.733,14.193
3785.7,66.57,90.8,0.0,-14.1,5,45.894,0.769,14.592
3785.7,66.71,90.9,0.0,-13.3,5,49.836,0.824,15.260
3785.7,66.79,90.9,0.0,-12.3,5,52.460,0.861,15.752
3785.7,66.92,90.9,0.0,-11.2,5,56.388,0.915,16.560
3799.5,67.03,91.0,0.0,-10.4,5,60.305,0.973,17.457
3799.5,67.12,91.1,0.0,-9.9,5,62.909,1.011,18.102
3799.5,67.22,91.2,0.0,-9.6,5,66.804,1.069,19.138
3799.5,67.35,91.1,0.0,-9.0,5,69.392,1.108,19.874
3813.3,67.46,91.1,0.0,-9.5,5,73.261,1.168,21.047
3813.3,67.53,91.3,0.0,-9.3,5,75.831,1.207,21.872
3813.3,67.65,91.3,0.0,-9.5,5,79.671,1.265,23.176
3813.3,67.76,91.2,0.0,-9.6,5,82.220,1.302,24.089
3827.2,67.87,91.2,0.0,-9.8,5,86.025,1.360,25.526
3827.2,67.94,91.4,0.0,-9.7,5,88.549,1.399,26.528
3827.2,68.07,91.3,0.0,-9.5,5,92.314,1.459,28.099
3827.2,68.15,91.4,0.0,-9.9,5,94.810,1.499,29.191
3841.0,68.27,91.4,0.0,-10.6,5,98.530,1.561,30.897
3841.0,68.40,91.4,0.0,-11.2,5,102.220,1.625,32.681
3841.0,68.48,91.5,0.0,-11.4,5,104.664,1.668,33.914
3854.6,68.61,91.5,0.0,-11.0,5,108.304,1.733,35.826
3854.6,68.68,91.6,0.0,-10.7,5,110.714,1.776,37.142
3854.6,68.80,91.6,0.0,-9.9,5,114.299,1.840,39.179
3854.6,68.88,91.6,0.0,-9.8,5,116.670,1.884,40.579
3868.3,69.00,91.7,0.0,-9.8,5,120.195,1.948,42.741
3868.3,69.09,91.7,0.0,-10.2,5,122.526,1.989,44.222
3868.3,69.21,91.7,0.0,-10.8,5,125.991,2.049,46.503
3868.3,69.28,91.8,0.0,-10.8,5,128.279,2.088,48.062
3882.0,69.40,91.8,0.0,-10.9,5,131.679,2.145,50.459
3882.0,69.52,91.8,0.0,-10.7,5,135.039,2.198,52.924
3882.0,69.60,91.8,0.0,-10.5,5,137.256,2.231,54.604
3882.0,69.71,91.9,0.0,-10.3,5,140.545,2.278,57.182
3895.9,69.79,91.9,0.0,-9.9,5,142.714,2.306,58.936
3895.9,69.91,91.9,0.0,-9.8,5,145.932,2.342,61.621
3895.9,69.99,91.9,0.0,-9.0,5,148.053,2.361,63.446
3895.9,70.11,92.0,0.0,-6.7,5,151.197,2.383,66.234
3909.9,70.20,92.0,0.0,-5.2,5,153.267,2.396,68.128
3909.9,70.33,92.0,0.0,-3.4,5,156.336,2.413,71.017
3909.9,70.40,75.5,0.1,-2.6,5,158.360,2.424,72.973
3909.9,70.14,0.0,43.3,-1.9,5,161.362,2.437,75.939
3923.9,69.60,0.0,69.2,-1.2,5,163.334,2.446,77.922
3923.9,68.47,0.0,83.3,0.1,5,166.239,2.460,80.879
3923.9,67.65,0.0,87.6,0.6,5,168.140,2.471,82.831
3923.9,66.35,0.0,89.9,0.8,5,170.938,2.489,85.721
3937.4,65.04,0.0,90.7,0.5,5,173.676,2.508,88.560
3937.4,64.17,0.0,91.5,0.4,5,175.471,2.521,90.422
3937.4,62.86,0.0,91.7,0.2,5,178.118,2.541,93.166
3937.4,61.98,0.0,91.7,0.3,5,179.855,2.553,94.962
3950.0,60.67,0.0,91.3,0.4,5,182.416,2.572,97.607
3950.0,59.81,0.0,91.3,0.5,5,184.097,2.585,99.337
3950.0,58.52,0.0,91.8,0.7,5,186.576,2.604,101.881
3950.0,57.67,0.0,92.0,0.8,5,188.202,2.615,103.543
3961.7,56.38,31.0,91.8,0.9,0,190.600,2.629,105.987
3961.7,55.52,0.0,91.5,0.9,4,192.172,2.637,107.582
3961.7,54.23,0.0,91.1,0.7,4,194.491,2.650,109.924
3961.7,53.39,0.0,91.4,0.8,4,196.010,2.660,111.450
3972.6,52.11,0.0,91.1,0.9,4,198.251,2.675,113.688
3972.6,50.83,0.0,90.9,0.9,4,200.447,2.692,115.864
3972.6,50.00,0.0,90.7,1.4,4,201.886,2.706,117.280
3972.6,48.76,0.0,92.1,2.0,4,204.008,2.729,119.350
3982.7,47.91,0.0,91.4,2.7,4,205.399,2.745,120.695
3982.7,46.65,0.0,91.8,3.2,0,207.451,2.770,122.658
3982.7,45.84,28.4,92.4,3.6,0,208.796,2.787,123.931
3982.7,44.59,0.0,91.5,4.1,3,210.779,2.811,125.785
3991.9,43.75,0.0,90.4,4.1,3,212.079,2.827,126.984
3991.9,42.54,0.0,88.6,4.3,3,213.998,2.848,128.725
3991.9,41.74,0.0,86.8,4.3,3,215.257,2.861,129.848
3991.9,40.58,0.0,82.5,3.9,3,217.117,2.878,131.476
4000.3,39.84,0.0,72.8,3.6,3,218.340,2.888,132.523
4000.3,38.88,36.3,59.3,3.2,0,220.154,2.901,134.037
4000.3,38.35,0.0,54.9,2.8,2,221.356,2.907,135.009
4000.3,37.54,0.0,47.2,2.9,2,223.149,2.915,136.413
4008.0,36.82,0.0,41.9,3.7,2,224.934,2.920,137.753
4008.0,36.38,0.0,39.9,5.0,2,226.121,2.922,138.611
4008.0,35.76,0.0,37.2,8.3,2,227.899,2.923,139.847
4008.0,35.38,0.0,36.5,10.8,2,229.082,2.923,140.638
4015.2,34.81,0.0,36.0,12.6,2,230.854,2.921,141.778
4015.2,34.43,0.0,35.6,13.7,2,232.032,2.919,142.508
4015.2,33.88,0.0,35.2,15.0,2,233.794,2.914,143.556
4015.2,33.51,0.0,33.9,15.1,2,234.965,2.910,144.225
4022.0,32.99,0.0,32.4,15.2,2,236.717,2.903,145.180
4022.0,32.65,0.0,30.5,15.5,2,237.883,2.897,145.786
4022.0,32.18,0.0,22.7,16.0,2,239.627,2.889,146.646
4022.0,31.91,0.0,18.0,16.6,2,240.790,2.883,147.188
4028.3,31.59,0.0,13.4,18.4,2,242.534,2.874,147.953
4028.3,31.40,0.0,11.0,20.1,2,243.700,2.867,148.432
4028.3,31.14,0.0,7.4,23.2,2,245.451,2.858,149.105
4034.4,30.93,0.0,5.3,25.2,2,247.209,2.848,149.721
4034.4,30.80,0.0,4.9,26.1,2,248.384,2.841,150.100
4034.4,30.61,0.0,4.4,27.4,2,250.152,2.831,150.620
4034.4,30.49,0.0,3.5,28.3,2,251.334,2.824,150.934
4040.3,30.29,0.0,6.9,22.7,2,253.108,2.812,151.354
4040.3,30.15,0.0,5.5,20.2,2,254.292,2.804,151.602
4040.3,29.97,0.0,2.4,18.3,2,256.066,2.791,151.925
4040.3,29.86,0.0,4.6,18.9,2,257.249,2.784,152.109
4046.5,29.69,0.0,1.1,22.0,2,259.020,2.774,152.339
4046.5,29.60,1.6,0.0,27.4,2,260.199,2.767,152.462
4046.5,29.49,5.6,0.0,34.7,2,261.967,2.758,152.601
4046.5,29.41,4.8,0.0,37.5,2,263.143,2.753,152.660
4052.9,29.32,13.2,0.0,40.1,2,264.905,2.746,152.696
4052.9,29.26,10.0,0.0,41.2,2,266.076,2.742,152.683
4052.9,29.17,12.6,0.0,42.0,2,267.827,2.738,152.606
4052.9,29.08,36.2,0.0,43.2,0,269.569,2.736,152.459
4060.6,29.00,8.0,0.0,45.0,1,270.722,2.736,152.323
4060.6,28.85,7.5,0.0,48.8,1,272.438,2.736,152.062
4060.6,28.75,6.1,0.0,51.1,1,273.571,2.737,151.851
4060.6,28.60,12.2,0.0,55.0,1,275.250,2.741,151.476
4067.5,28.52,11.3,0.0,56.9,1,276.356,2.746,151.189
4067.5,28.40,12.1,0.0,64.4,1,277.992,2.755,150.702
4067.5,28.32,13.2,0.0,70.5,1,279.068,2.762,150.341
4067.5,28.18,12.2,0.0,79.8,1,280.656,2.775,149.749
4075.5,28.07,12.8,0.0,82.4,1,281.696,2.785,149.319
4075.5,27.89,10.6,0.0,84.6,1,283.223,2.805,148.623
4075.5,27.77,10.6,0.0,85.1,1,284.219,2.822,148.123
4075.5,27.61,10.5,0.0,79.3,1,285.676,2.849,147.325
4082.0,27.46,10.5,0.0,78.1,1,287.090,2.879,146.472
4082.0,27.35,10.6,0.0,78.3,1,288.008,2.900,145.873
4082.0,27.20,10.5,0.0,77.9,1,289.348,2.930,144.934
4082.0,27.09,10.5,0.0,77.0,1,290.215,2.951,144.281
4087.9,26.94,10.7,0.0,74.2,1,291.475,2.982,143.260
4087.9,26.84,11.2,0.0,71.4,1,292.286,3.004,142.555
4087.9,26.72,13.1,0.0,66.6,1,293.461,3.039,141.459
4087.9,26.65,15.7,0.0,62.9,1,294.216,3.062,140.705
4093.4,26.60,23.1,0.0,55.7,1,295.308,3.097,139.540
4093.4,26.67,39.4,0.0,46.6,1,296.352,3.131,138.332
4093.4,26.83,57.4,0.0,38.8,1,297.026,3.152,137.502
4093.4,27.09,41.1,0.0,24.3,1,298.007,3.183,136.216
4098.7,27.25,45.9,0.0,15.4,1,298.640,3.203,135.333
4098.7,27.53,49.4,0.0,5.5,1,299.560,3.230,133.973
4098.7,27.77,58.2,0.0,2.2,1,300.157,3.248,133.043
4098.7,28.24,69.7,0.0,2.4,1,301.034,3.273,131.612
4104.0,28.59,74.7,0.0,4.7,1,301.608,3.289,130.632
4104.0,29.14,74.7,0.0,9.0,1,302.459,3.311,129.125
4104.0,29.50,74.2,0.0,11.1,1,303.018,3.325,128.095
4104.0,30.00,68.5,0.0,13.0,1,303.844,3.344,126.513
4109.7,30.32,74.7,0.0,14.0,1,304.383,3.356,125.435
4109.7,30.74,56.3,0.0,14.2,1,305.175,3.372,123.784
4109.7,31.03,68.6,0.0,14.3,1,305.687,3.382,122.660
4109.7,31.51,71.4,0.0,14.7,1,306.432,3.398,120.940
4115.7,31.98,70.9,0.0,15.0,1,307.148,3.413,119.176
4115.7,32.27,71.9,0.0,14.8,1,307.608,3.422,117.977
4115.7,32.72,69.1,0.0,14.3,1,308.269,3.434,116.144
4115.7,33.01,71.2,0.0,14.6,1,308.689,3.442,114.898
4122.2,33.43,63.8,0.0,14.0,1,309.284,3.453,112.997
4122.2,33.69,73.0,0.0,12.9,1,309.656,3.461,111.708
4122.2,34.12,70.0,0.0,10.9,1,310.177,3.473,109.742
4122.2,34.41,79.4,0.0,10.4,1,310.499,3.481,108.410
4129.0,34.86,77.7,0.0,10.3,0,310.942,3.495,106.381
4129.0,34.86,0.0,0.0,10.7,0,311.209,3.505,105.011
4129.0,35.16,83.0,0.0,11.8,2,311.559,3.521,102.944
4129.0,35.49,77.5,0.0,13.9,2,311.766,3.534,101.547
4136.0,35.78,38.2,0.0,16.3,2,312.033,3.554,99.425
4136.0,35.81,15.5,0.0,15.4,2,312.180,3.568,98.001
4136.0,35.62,0.8,23.1,12.4,2,312.355,3.590,95.863
4143.0,35.15,0.0,42.0,8.2,2,312.478,3.615,93.742
4143.0,34.72,0.0,49.9,5.4,2,312.536,3.633,92.345
4143.0,33.95,0.0,65.0,2.5,2,312.595,3.663,90.283
4143.0,33.35,0.0,71.1,1.3,2,312.620,3.684,88.936
4149.6,32.36,0.0,76.6,-1.5,2,312.642,3.717,86.962
4149.6,31.68,0.0,78.7,-4.0,2,312.650,3.740,85.680
4149.6,30.63,0.0,79.8,-7.1,0,312.661,3.774,83.809
4149.6,29.93,30.6,79.7,-8.9,0,312.671,3.796,82.597
4155.5,28.91,0.0,69.2,-11.2,1,312.693,3.829,80.830
4155.5,28.27,0.0,55.6,-12.5,1,312.717,3.850,79.686
4155.5,27.51,0.0,40.0,-14.4,1,312.772,3.880,78.013
4155.5,27.11,0.0,33.2,-15.9,1,312.823,3.899,76.921
4160.8,26.61,0.0,26.5,-18.5,1,312.927,3.925,75.313
4160.8,26.32,0.0,22.5,-20.4,1,313.016,3.941,74.257
4160.8,25.94,0.0,17.4,-23.3,1,313.179,3.963,72.698
4160.8,25.61,0.0,15.6,-25.4,1,313.382,3.983,71.165
4165.8,25.40,0.0,14.4,-26.3,1,313.539,3.996,70.156
4165.8,25.11,0.0,12.5,-27.5,1,313.810,4.013,68.666
4165.8,24.92,0.0,11.2,-28.5,1,314.015,4.024,67.686
4165.8,24.66,0.0,11.7,-29.5,1,314.357,4.039,66.238
4170.8,24.48,0.0,11.6,-29.6,1,314.609,4.047,65.288
4170.8,24.22,0.0,10.9,-30.8,1,315.022,4.059,63.886
4170.8,24.05,0.0,10.2,-32.0,1,315.322,4.066,62.967
4170.8,23.80,0.0,10.3,-33.0,1,315.806,4.075,61.615
4175.5,23.64,0.0,9.3,-33.1,1,316.152,4.080,60.732
4175.5,23.41,0.0,7.4,-33.8,1,316.707,4.086,59.434
4175.5,23.27,0.0,6.1,-34.7,1,317.100,4.089,58.587
4175.5,23.07,0.0,6.2,-35.6,1,317.724,4.092,57.345
4180.1,22.94,0.0,5.9,-36.4,1,318.163,4.093,56.536
4180.1,22.75,0.0,5.0,-37.7,1,318.856,4.093,55.352
4180.1,22.57,0.0,4.0,-38.3,1,319.588,4.091,54.206
4180.1,22.46,0.0,3.6,-38.5,1,320.098,4.089,53.464
4184.3,22.30,0.0,5.9,-38.9,1,320.893,4.085,52.382
4184.3,22.17,0.0,5.8,-39.3,1,321.443,4.080,51.683
4184.3,21.98,0.0,5.9,-39.3,1,322.297,4.074,50.670
4184.3,21.85,0.0,6.3,-38.9,1,322.884,4.068,50.019
4188.6,21.66,0.0,6.2,-38.8,1,323.791,4.060,49.079
4188.6,21.53,0.0,7.9,-39.2,1,324.412,4.054,48.478
4188.6,21.33,0.0,7.1,-39.9,1,325.365,4.044,47.614
4188.6,21.20,0.0,6.5,-41.2,1,326.014,4.038,47.064
4192.5,21.01,0.0,5.4,-43.6,1,327.007,4.026,46.278
4192.5,20.90,0.0,4.5,-45.2,1,327.682,4.018,45.781
4192.5,20.74,1.5,0.5,-49.6,1,328.713,4.005,45.075
4192.5,20.70,17.0,0.0,-52.5,1,329.413,3.996,44.633
4196.6,20.80,38.5,0.0,-54.5,1,330.489,3.982,44.009
4196.6,21.03,51.5,0.0,-55.9,1,331.600,3.968,43.428
4196.6,21.24,65.1,0.0,-57.3,1,332.362,3.958,43.064
4196.6,21.46,32.1,0.0,-57.1,1,333.538,3.942,42.554
4201.0,21.51,23.2,0.0,-53.8,1,334.339,3.932,42.244
4201.0,21.61,31.2,0.0,-46.7,1,335.564,3.916,41.828
4201.0,21.71,39.3,0.0,-37.8,1,336.394,3.906,41.582
4201.0,21.94,43.7,0.0,-26.9,1,337.662,3.891,41.260
4205.8,22.14,51.7,0.0,-23.7,1,338.523,3.882,41.073
4205.8,22.53,59.5,0.0,-26.7,1,339.839,3.868,40.829
4205.8,22.78,58.6,0.0,-33.2,1,340.734,3.860,40.692
4205.8,23.13,52.0,0.0,-40.4,1,342.101,3.848,40.524
4211.1,23.33,51.2,0.0,-48.1,1,343.026,3.840,40.439
4211.1,23.62,54.3,0.0,-57.6,1,344.431,3.829,40.354
4211.1,23.94,53.0,0.0,-64.2,1,345.857,3.818,40.321
4211.1,24.11,40.7,0.0,-68.4,1,346.818,3.810,40.331
4216.7,24.23,33.0,0.0,-76.8,1,348.267,3.801,40.395
4222.6,23.94,9.6,0.0,-90.7,1,353.988,3.776,41.278
4222.6,23.80,11.1,0.0,-93.3,1,355.370,3.774,41.654
4228.4,23.67,10.4,0.0,-88.5,1,356.726,3.772,42.089
4228.4,23.58,9.4,0.0,-85.4,1,357.615,3.771,42.412
4228.4,23.44,9.7,0.0,-87.0,1,358.922,3.771,42.943
4228.4,23.35,9.9,0.0,-86.0,1,359.775,3.772,43.328
4234.6,23.23,10.3,0.0,-73.6,1,361.026,3.774,43.950
4234.6,23.17,14.6,0.0,-65.1,1,361.841,3.776,44.395
4234.6,23.23,42.3,0.0,-53.1,1,363.036,3.781,45.105
4234.6,23.46,74.8,0.0,-43.2,1,363.821,3.785,45.610
4239.5,23.91,57.6,0.0,-26.9,1,364.991,3.792,46.415
4239.5,24.22,71.6,0.0,-18.2,1,365.768,3.798,46.982
4239.5,24.75,71.5,0.0,-10.1,1,366.933,3.807,47.876
4239.5,25.13,76.3,0.0,-8.6,1,367.711,3.813,48.498
4244.5,25.71,76.0,0.0,-10.8,1,368.885,3.823,49.470
4244.5,26.09,74.9,0.0,-14.1,1,369.670,3.830,50.144
4244.5,26.64,73.8,0.0,-16.8,1,370.852,3.840,51.194
4244.5,27.19,74.8,0.0,-17.9,1,372.037,3.850,52.289
4249.6,27.56,76.6,0.0,-18.7,1,372.828,3.856,53.046
4249.6,28.13,76.8,0.0,-18.6,1,374.013,3.866,54.222
4249.6,28.51,76.6,0.0,-17.6,1,374.802,3.871,55.034
4249.6,29.08,78.0,0.0,-15.9,1,375.980,3.880,56.295
4255.0,29.46,77.9,0.0,-15.8,1,376.762,3.885,57.166
4255.0,30.02,76.7,0.0,-16.2,1,377.926,3.894,58.517
4255.0,30.38,74.1,0.0,-16.3,1,378.694,3.899,59.448
4255.0,30.89,73.3,0.0,-16.7,1,379.833,3.906,60.889
4260.8,31.23,73.3,0.0,-16.9,1,380.580,3.911,61.881
4260.8,31.72,75.0,0.0,-17.4,1,381.683,3.918,63.412
4260.8,32.06,76.7,0.0,-17.3,1,382.405,3.921,64.463
4260.8,32.56,74.2,0.0,-15.5,1,383.466,3.926,66.085
4267.0,32.88,76.7,0.0,-15.0,1,384.157,3.928,67.195
4267.0,33.36,75.2,0.0,-12.7,1,385.167,3.932,68.906
4267.0,33.87,85.4,0.0,-9.5,1,386.144,3.936,70.669
4267.0,34.23,83.9,0.0,-7.7,1,386.778,3.939,71.873
4273.6,34.77,86.1,0.0,-6.4,1,387.703,3.943,73.723
4273.6,34.99,0.0,0.0,-6.1,0,388.303,3.946,74.984
4273.6,35.16,83.9,0.0,-7.6,2,389.167,3.948,76.899
4273.6,35.51,84.0,0.0,-9.0,2,389.727,3.948,78.196
4280.5,36.05,84.0,0.0,-10.6,2,390.550,3.947,80.177
4280.5,36.37,84.4,0.0,-11.1,2,391.088,3.945,81.521
4280.5,36.90,82.4,0.0,-10.8,2,391.880,3.940,83.571
4280.5,37.22,82.5,0.0,-10.3,2,392.395,3.936,84.960
4287.7,37.67,84.8,0.0,-7.3,2,393.147,3.928,87.076
4287.7,37.97,82.2,0.0,-5.2,2,393.633,3.923,88.507
4287.7,38.44,83.9,0.0,-3.2,2,394.339,3.916,90.687
4287.7,38.79,85.1,0.0,-2.7,2,394.795,3.913,92.163
4295.2,39.28,85.1,0.0,-4.0,2,395.457,3.911,94.409
4295.2,39.80,85.1,0.0,-5.4,2,396.099,3.909,96.693
4295.2,40.13,85.3,0.0,-5.9,2,396.516,3.908,98.236
4295.2,40.62,85.4,0.0,-5.7,2,397.128,3.904,100.579
4303.1,40.94,85.4,0.0,-5.1,2,397.526,3.902,102.160
4303.1,41.41,85.5,0.0,-4.0,2,398.107,3.899,104.560
4303.1,41.73,85.5,0.0,-3.3,2,398.484,3.896,106.179
4303.1,42.21,85.6,0.0,-3.3,2,399.035,3.892,108.635
4311.2,42.51,85.7,0.0,-3.9,2,399.393,3.890,110.290
4311.2,42.96,85.8,0.0,-4.5,2,399.916,3.886,112.800
4311.2,43.26,85.8,0.0,-5.1,2,400.255,3.883,114.490
4311.2,43.40,0.0,0.0,-5.6,0,400.750,3.878,117.046
4319.7,43.57,84.1,0.0,-5.7,3,401.065,3.875,118.754
4319.7,43.99,84.3,0.0,-6.1,3,401.522,3.871,121.341
4319.7,44.41,84.4,0.0,-6.6,3,401.956,3.868,123.956
4319.7,44.69,84.5,0.0,-6.9,3,402.232,3.865,125.716
4328.4,45.10,84.6,0.0,-7.0,3,402.623,3.861,128.380
4328.4,45.37,84.6,0.0,-6.9,3,402.868,3.857,130.172
4328.4,45.78,84.7,0.0,-6.8,3,403.210,3.851,132.884
4328.4,46.04,84.8,0.0,-6.9,3,403.420,3.847,134.708
4337.4,46.45,84.9,0.0,-7.2,3,403.707,3.841,137.467
4337.4,46.71,84.9,0.0,-7.2,3,403.879,3.837,139.322
4337.4,47.11,85.0,0.0,-7.5,3,404.109,3.831,142.126
4337.4,47.36,85.1,0.0,-7.7,3,404.242,3.826,144.010
4346.6,47.75,85.2,0.0,-7.8,3,404.411,3.819,146.858
4346.6,48.01,85.2,0.0,-7.6,3,404.501,3.814,148.770
4346.6,48.38,85.3,0.0,-7.9,3,404.602,3.808,151.659
4346.6,48.63,85.4,0.0,-8.6,3,404.647,3.804,153.599
4356.1,49.00,85.4,0.0,-9.3,3,404.678,3.798,156.527
4356.1,49.36,85.5,0.0,-9.7,3,404.662,3.792,159.477
4356.1,49.60,85.5,0.0,-10.0,3,404.625,3.788,161.455
4365.8,49.95,85.6,0.0,-11.1,3,404.525,3.781,164.440
4365.8,50.18,85.6,0.0,-11.6,3,404.430,3.776,166.439
4365.8,50.52,85.7,0.0,-9.5,3,404.241,3.768,169.453
4365.8,50.74,85.7,0.0,-8.2,3,404.082,3.764,171.472
4375.8,51.08,85.8,0.0,-8.0,3,403.797,3.757,174.512
4375.8,51.30,85.8,0.0,-8.4,3,403.577,3.752,176.547
4375.8,51.63,85.8,0.0,-9.5,3,403.202,3.743,179.612
4375.8,51.74,0.0,0.0,-10.4,0,402.922,3.738,181.661
4386.1,51.80,84.0,0.0,-10.8,4,402.457,3.729,184.729
4386.1,52.00,84.2,0.0,-10.9,4,402.116,3.724,186.776
4386.1,52.29,84.4,0.0,-13.6,4,401.554,3.716,189.854
4386.1,52.48,84.5,0.0,-14.5,4,401.143,3.712,191.908
4396.7,52.75,84.7,0.0,-16.1,4,400.470,3.707,194.992
4396.7,53.02,84.9,0.0,-16.2,4,399.727,3.701,198.076
4396.7,53.19,85.0,0.0,-15.4,4,399.188,3.699,200.131
4396.7,53.45,85.2,0.0,-15.0,4,398.315,3.697,203.208
4407.8,53.62,85.3,0.0,-15.5,4,397.689,3.697,205.255
4407.8,53.88,85.4,0.0,-17.4,4,396.687,3.695,208.320
4407.8,54.03,85.5,0.0,-18.9,4,395.976,3.693,210.357
4407.8,54.27,85.6,0.0,-19.8,4,394.840,3.694,213.401
4419.7,54.41,85.8,0.0,-19.6,4,394.036,3.698,215.420
4419.7,54.66,85.9,0.0,-19.4,4,392.763,3.707,218.434
4419.7,54.81,86.0,0.0,-19.3,4,391.873,3.712,220.433
4419.7,55.04,86.1,0.0,-19.5,4,390.472,3.719,223.416
4431.3,55.19,86.2,0.0,-19.9,4,389.494,3.724,225.392
4431.3,55.43,86.3,0.0,-20.3,4,387.960,3.733,228.334
4431.3,55.56,86.4,0.0,-20.7,4,386.896,3.738,230.281
4431.3,55.80,86.5,0.0,-20.1,4,385.239,3.741,233.182
4442.4,56.02,86.7,0.0,-18.7,4,383.509,3.741,236.056
4442.4,56.16,86.7,0.0,-16.9,4,382.314,3.741,237.954
4442.4,56.38,86.8,0.0,-13.7,4,380.457,3.741,240.773
4442.4,56.54,86.9,0.0,-11.7,4,379.176,3.743,242.633
4453.5,56.77,87.0,0.0,-9.5,4,377.193,3.748,245.393
4453.5,56.93,87.1,0.0,-9.0,4,375.830,3.754,247.213
4453.5,57.18,87.2,0.0,-9.3,4,373.730,3.762,249.916
4453.5,57.35,87.3,0.0,-9.4,4,372.295,3.767,251.701
4464.7,57.61,87.3,0.0,-8.0,4,370.093,3.775,254.355
4464.7,57.79,87.4,0.0,-6.9,4,368.594,3.782,256.110
4464.7,58.06,87.5,0.0,-6.0,4,366.303,3.791,258.723
4464.7,58.32,87.6,0.0,-5.7,4,363.966,3.798,261.316
4488.0,59.55,88.2,0.0,-6.0,4,352.502,3.817,273.180
4488.0,59.71,88.1,0.0,-6.1,4,350.792,3.818,274.842
4488.0,59.96,88.3,0.0,-6.8,4,348.193,3.821,277.319
4499.9,60.12,88.4,0.0,-6.1,4,346.438,3.822,278.958
4499.9,60.37,88.5,0.0,-5.3,4,343.772,3.823,281.398
4499.9,60.54,88.6,0.0,-3.9,4,341.970,3.825,283.011
4499.9,60.80,88.7,0.0,-2.8,4,339.236,3.829,285.412
4512.0,61.02,88.8,0.0,-1.4,4,336.465,3.829,287.795
4512.0,61.19,88.9,0.0,-0.8,4,334.599,3.829,289.374
4512.0,61.44,88.9,0.0,-0.5,4,331.776,3.830,291.732
4512.0,61.61,89.0,0.0,-0.3,4,329.881,3.830,293.302
4524.3,61.85,89.1,0.0,0.1,4,327.021,3.828,295.655
4524.3,62.01,89.2,0.0,0.4,4,325.105,3.827,297.224
4524.3,62.25,89.3,0.0,0.5,4,322.219,3.827,299.583
4524.3,62.32,0.0,0.0,0.5,0,320.289,3.826,301.160
4536.6,62.35,88.1,0.0,0.5,5,317.396,3.824,303.526
4536.6,62.50,88.2,0.0,0.6,5,315.465,3.824,305.108
4536.6,62.73,88.3,0.0,0.8,5,312.561,3.829,307.492
4536.6,62.88,88.3,0.0,0.9,5,310.622,3.834,309.088
4549.1,63.11,88.4,0.0,0.9,5,307.708,3.839,311.494
4549.1,63.33,88.5,0.0,0.8,5,304.787,3.844,313.914
4549.1,63.48,88.6,0.0,0.8,5,302.837,3.850,315.535
4549.1,63.70,88.6,0.0,0.8,5,299.908,3.858,317.980
4561.8,63.86,88.7,0.0,0.8,5,297.953,3.862,319.619
4561.8,64.07,88.8,0.0,0.9,5,295.017,3.867,322.089
4561.8,64.22,88.8,0.0,0.8,5,293.057,3.870,323.744
4561.8,64.44,88.9,0.0,0.8,5,290.113,3.868,326.240
4574.6,64.59,89.0,0.0,0.9,5,288.148,3.864,327.913
4574.6,64.80,89.0,0.0,0.8,5,285.197,3.858,330.434
4574.6,64.94,89.1,0.0,0.7,5,283.228,3.854,332.123
4574.6,65.16,89.2,0.0,0.6,5,280.270,3.844,334.669
4600.7,66.06,89.5,0.0,-0.7,5,267.389,3.842,345.850
4600.7,66.27,89.6,0.0,-0.8,5,264.393,3.847,348.454
4600.7,66.40,89.6,0.0,-0.9,5,262.388,3.853,350.193
4614.0,66.61,89.7,0.0,-0.7,5,259.371,3.863,352.803
4614.0,66.81,89.8,0.0,-0.7,5,256.339,3.875,355.415
4614.0,66.94,89.8,0.0,-0.8,5,254.309,3.884,357.158
4614.0,67.14,89.9,0.0,-1.1,5,251.254,3.894,359.773
4627.4,67.27,89.9,0.0,-0.7,5,249.208,3.902,361.517
4627.4,67.47,90.0,0.0,-0.5,5,246.128,3.915,364.134
4627.4,67.60,90.0,0.0,0.2,5,244.066,3.923,365.879
4627.4,67.80,90.1,0.0,0.2,5,240.962,3.931,368.499
4640.9,67.93,90.2,0.0,0.4,5,238.887,3.935,370.249
4640.9,68.12,90.2,0.0,0.1,5,235.766,3.940,372.878
4640.9,68.25,90.3,0.0,0.1,5,233.680,3.942,374.635
4640.9,68.44,90.3,0.0,0.2,5,230.545,3.942,377.277
4654.5,68.56,90.4,0.0,0.1,5,228.450,3.941,379.042
4654.5,68.75,90.4,0.0,-0.0,5,225.301,3.936,381.697
4654.5,68.87,90.5,0.0,-0.0,5,223.197,3.932,383.471
4654.5,69.06,90.5,0.0,-0.2,5,220.035,3.924,386.139
4668.3,69.23,90.6,0.0,-0.3,5,216.864,3.918,388.814
4668.3,69.35,90.6,0.0,-0.3,5,214.745,3.914,390.600
4668.3,69.53,90.7,0.0,-0.5,5,211.558,3.907,393.284
4668.3,69.65,90.7,0.0,-0.9,5,209.428,3.901,395.076
4682.2,69.83,90.8,0.0,-0.4,5,206.224,3.891,397.767
4682.2,69.94,90.8,0.0,-0.2,5,204.082,3.885,399.563
4682.2,70.11,90.9,0.0,-0.1,5,200.861,3.877,402.259
4682.2,70.22,90.9,0.0,0.1,5,198.707,3.872,404.059
4696.2,70.39,91.0,0.0,-0.2,5,195.470,3.865,406.763
4696.2,70.50,91.0,0.0,-0.2,5,193.307,3.861,408.568
4696.2,70.67,91.1,0.0,-0.3,5,190.055,3.854,411.281
4696.2,70.78,91.1,0.0,0.2,5,187.882,3.848,413.092
4710.3,70.93,91.2,0.0,-0.3,5,184.616,3.840,415.813
4710.3,71.09,91.2,0.0,-0.6,5,181.342,3.835,418.539
4710.3,71.20,91.2,0.0,-0.8,5,179.154,3.832,420.359
4710.3,71.36,91.3,0.0,0.0,5,175.864,3.827,423.091
4724.5,71.45,91.3,0.0,0.0,5,173.666,3.823,424.913
4724.5,71.61,91.4,0.0,1.0,5,170.360,3.816,427.650
4724.5,71.71,91.5,0.0,1.5,5,168.152,3.810,429.478
4724.5,71.86,91.5,0.0,1.5,5,164.838,3.803,432.228
4738.9,71.95,91.6,0.0,1.3,0,162.628,3.800,434.069
4738.9,71.85,90.6,0.0,0.8,6,159.320,3.796,436.838
4738.9,71.95,90.6,0.0,0.7,6,157.120,3.794,438.690
4738.9,72.09,90.7,0.0,0.9,6,153.821,3.793,441.481
4753.2,72.19,90.7,0.0,0.9,6,151.622,3.794,443.349
4753.2,72.33,90.8,0.0,0.7,6,148.324,3.797,446.163
4753.2,72.43,90.8,0.0,0.7,6,146.125,3.799,448.045
4753.2,72.57,90.8,0.0,0.6,6,142.824,3.800,450.879
4767.7,72.71,90.9,0.0,0.4,6,139.523,3.801,453.723
4767.7,72.80,90.9,0.0,0.2,6,137.320,3.802,455.626
4767.7,72.94,90.9,0.0,0.4,6,134.015,3.805,458.487
4767.7,73.04,91.0,0.0,0.2,6,131.809,3.807,460.400
4782.3,73.17,91.0,0.0,0.0,6,128.498,3.807,463.276
4782.3,73.26,91.0,0.0,-0.1,6,126.288,3.806,465.198
4782.3,73.40,91.1,0.0,0.1,6,122.970,3.805,468.087
4782.3,73.48,91.1,0.0,0.1,6,120.755,3.804,470.016
4796.9,73.62,91.1,0.0,-0.1,6,117.428,3.804,472.915
4796.9,73.71,91.2,0.0,-0.1,6,115.207,3.805,474.851
4796.9,73.85,91.2,0.0,-0.2,6,111.870,3.805,477.760
4811.7,73.98,91.2,0.0,-0.1,6,108.526,3.801,480.673
4811.7,74.06,91.3,0.0,-0.0,6,106.294,3.799,482.617
4811.7,74.20,91.3,0.0,-0.0,6,102.939,3.794,485.538
4811.7,74.28,91.3,0.0,-0.0,6,100.699,3.789,487.487
4826.5,74.42,91.4,0.0,0.0,6,97.334,3.779,490.416
4826.5,74.50,91.4,0.0,0.2,6,95.088,3.772,492.371
4826.5,74.63,91.4,0.0,0.3,6,91.714,3.762,495.308
4826.5,74.71,91.4,0.0,0.5,6,89.462,3.755,497.270
4841.5,74.84,91.5,0.0,0.7,6,86.082,3.742,500.220
4841.5,74.92,91.5,0.0,0.9,6,83.826,3.732,502.190
4841.5,75.05,91.5,0.0,1.3,6,80.443,3.717,505.155
4841.5,75.13,91.6,0.0,1.5,6,78.187,3.705,507.138
4856.5,75.25,91.6,0.0,1.5,6,74.806,3.686,510.125
4856.5,75.37,91.6,0.0,1.9,6,71.429,3.667,513.128
4856.5,75.46,91.7,0.0,2.0,6,69.182,3.653,515.140
4856.5,75.57,91.7,0.0,2.2,6,65.818,3.630,518.175
4871.5,75.65,91.7,0.0,2.5,6,63.581,3.614,520.210
4871.5,75.77,91.7,0.0,2.3,6,60.235,3.589,523.282
4871.5,75.85,91.8,0.0,2.2,6,58.012,3.571,525.343
4871.5,75.96,91.8,0.0,2.0,6,54.687,3.542,528.456
4886.7,76.04,91.8,0.0,2.0,6,52.477,3.521,530.544
4886.7,76.16,91.8,0.0,0.9,6,49.174,3.490,533.695
4886.7,76.24,91.9,0.0,0.3,6,46.978,3.467,535.808
4886.7,76.35,91.9,0.0,0.6,6,43.689,3.431,538.993
4901.9,76.43,91.9,0.0,1.2,6,41.500,3.407,541.124
4901.9,76.55,91.9,0.0,1.4,6,38.218,3.367,544.332
4901.9,76.62,92.0,0.0,0.9,6,36.033,3.340,546.478
4901.9,76.74,92.0,0.0,-0.2,6,32.758,3.297,549.709
4917.2,76.54,51.6,28.8,-5.9,6,29.488,3.253,552.952
4917.2,76.00,3.2,45.8,-9.2,6,27.318,3.222,555.099
4917.2,75.25,0.0,12.1,-8.0,6,24.075,3.172,558.271
4917.2,74.99,9.0,0.0,-4.8,6,21.907,3.136,560.351
4932.3,74.91,72.6,0.0,-1.2,6,18.625,3.084,563.423
4932.3,74.97,90.2,0.0,-0.3,6,16.411,3.047,565.444
4932.3,74.69,39.9,35.1,-1.5,6,13.059,2.990,568.439
4932.3,74.33,50.3,3.3,-2.5,6,10.818,2.952,570.403
4947.3,74.40,91.1,0.0,-1.8,6,7.444,2.895,573.320
4947.3,74.49,91.1,0.0,0.5,6,5.181,2.857,575.255
4947.3,74.62,91.2,0.0,2.3,6,1.771,2.801,578.149
4947.3,74.71,91.2,0.0,2.1,6,-0.507,2.764,580.080
4962.2,74.84,91.3,0.0,0.8,6,-3.925,2.710,582.985
4962.2,74.90,57.1,24.4,-0.0,6,-6.202,2.672,584.930
4962.2,74.27,0.0,63.4,-2.1,6,-9.601,2.614,587.848
4962.2,73.19,0.0,80.6,-2.8,6,-12.958,2.558,590.734
4977.1,72.38,0.0,82.4,-2.3,6,-15.170,2.523,592.630
4977.1,71.15,0.0,85.1,-1.3,6,-18.449,2.473,595.425
4977.1,70.31,0.0,81.6,-0.9,6,-20.610,2.439,597.253
4977.1,69.08,0.0,84.5,0.6,6,-23.814,2.388,599.943
4991.2,68.25,0.0,81.7,1.8,6,-25.925,2.355,601.703
4991.2,67.02,0.0,85.8,1.7,6,-29.049,2.306,604.298
4991.2,66.19,0.0,88.8,1.6,6,-31.100,2.273,606.000
4991.2,64.89,29.3,89.8,1.0,0,-34.125,2.223,608.517
5004.5,63.61,0.0,89.4,0.5,5,-37.084,2.177,610.992
5004.5,62.76,0.0,89.2,0.4,5,-39.020,2.147,612.619
5004.5,61.46,0.0,93.4,-0.0,5,-41.869,2.102,615.024
5004.5,60.57,0.0,90.9,-0.5,5,-43.732,2.074,616.603
5017.0,59.28,0.0,93.1,-1.6,5,-46.474,2.033,618.933
5017.0,58.41,0.0,90.8,-2.3,5,-48.268,2.006,620.459
5017.0,57.12,0.0,91.9,-3.4,5,-50.912,1.965,622.704
5017.0,56.27,31.1,90.2,-4.0,0,-52.645,1.939,624.169
5028.6,55.01,0.0,93.1,-4.5,4,-55.205,1.901,626.316
5028.6,54.14,0.0,91.1,-4.6,4,-56.886,1.876,627.712
5028.6,52.89,0.0,85.3,-4.9,4,-59.372,1.841,629.747
5028.6,52.10,0.0,80.4,-4.9,4,-61.009,1.818,631.064
5039.4,50.99,0.0,74.2,-3.7,4,-63.438,1.783,632.982
5039.4,50.31,0.0,64.3,-3.9,4,-65.042,1.761,634.221
5039.4,49.43,0.0,43.3,-4.5,4,-67.432,1.728,636.021
5049.4,48.79,0.0,31.5,-5.7,4,-69.814,1.697,637.756
5049.4,48.44,0.0,29.9,-7.0,4,-71.402,1.678,638.879
5049.4,47.93,0.0,39.9,-7.6,4,-73.787,1.649,640.515
5049.4,47.50,0.0,52.0,-8.9,4,-75.376,1.629,641.575
5058.9,46.70,0.0,65.5,-8.7,4,-77.748,1.597,643.115
5058.9,46.08,0.0,62.1,-9.2,0,-79.318,1.574,644.106
5058.9,45.23,0.0,55.1,-8.5,3,-81.655,1.539,645.538
5058.9,44.68,0.0,48.7,-6.8,3,-83.202,1.515,646.456
5067.9,43.96,0.0,39.6,-5.7,3,-85.512,1.480,647.774
5067.9,43.53,0.0,33.4,-1.6,3,-87.047,1.456,648.615
5067.9,43.02,0.0,19.6,-1.8,3,-89.345,1.422,649.823
5067.9,42.77,0.0,14.9,-3.7,3,-90.877,1.399,650.596
5076.8,42.41,0.0,24.5,-10.6,3,-93.178,1.366,651.711
5076.8,42.12,0.0,26.8,-14.2,3,-94.710,1.344,652.427
5076.8,41.66,0.0,23.6,-15.3,3,-97.004,1.310,653.457
5076.8,41.02,0.0,49.2,-11.5,3,-99.289,1.276,654.431
5085.6,40.54,0.0,34.6,-6.2,3,-100.800,1.254,655.047
5085.6,40.05,0.0,20.2,-1.2,3,-103.052,1.224,655.924
5085.6,39.81,0.0,14.6,-3.6,3,-104.549,1.204,656.482
5085.6,39.53,0.0,8.6,-9.9,3,-106.791,1.176,657.281
5093.9,39.38,0.0,6.3,-13.2,3,-108.285,1.157,657.790
5093.9,39.19,0.0,4.7,-16.7,3,-110.527,1.129,658.519
5093.9,39.07,0.0,4.5,-18.4,3,-112.023,1.111,658.979
5093.9,38.88,0.0,4.2,-23.9,3,-114.270,1.084,659.624
5102.3,38.74,0.0,3.7,-26.4,3,-115.771,1.066,660.022
5102.3,38.54,0.0,3.0,-27.7,3,-118.026,1.040,660.563
5102.3,38.40,0.0,1.6,-28.3,3,-119.531,1.023,660.885
5102.3,38.21,0.2,0.2,-27.3,3,-121.791,1.001,661.304
5110.5,38.08,0.1,0.0,-25.4,3,-123.298,0.987,661.542
5110.5,37.89,0.6,0.0,-23.5,3,-125.558,0.967,661.834
5110.5,37.71,2.3,0.0,-24.1,3,-127.816,0.948,662.052
5110.5,37.59,3.4,0.0,-25.3,3,-129.319,0.934,662.157
5118.3,37.43,5.4,0.0,-27.5,3,-131.567,0.915,662.251
5118.3,37.32,5.6,0.0,-30.2,3,-133.062,0.903,662.273
5118.3,37.16,4.9,0.0,-32.8,3,-135.297,0.884,662.245
5118.3,37.05,3.5,0.0,-34.1,3,-136.780,0.872,662.186
5126.3,36.91,12.8,0.0,-36.2,3,-138.994,0.855,662.039
5126.3,36.85,16.4,0.0,-37.3,3,-140.463,0.843,661.902
5126.3,36.78,17.7,0.0,-38.1,3,-142.656,0.826,661.639
5126.3,36.71,12.9,0.0,-38.6,3,-144.111,0.815,661.426
5134.0,36.58,7.9,0.0,-38.7,3,-146.277,0.798,661.049
5134.0,36.49,8.5,0.0,-38.6,3,-147.710,0.788,660.760
5134.0,36.36,7.4,0.0,-38.8,3,-149.840,0.773,660.270
5134.0,36.26,36.2,0.0,-38.7,0,-151.246,0.763,659.906
5141.8,36.14,17.8,0.0,-37.8,2,-153.334,0.748,659.305
5141.8,36.09,23.3,0.0,-37.8,2,-155.395,0.733,658.637
5141.8,36.06,20.8,0.0,-38.2,2,-156.755,0.724,658.155
5141.8,35.99,13.9,0.0,-39.2,2,-158.772,0.709,657.377
5149.8,35.91,12.7,0.0,-39.6,2,-160.099,0.700,656.822
5149.8,35.77,7.6,0.0,-38.6,2,-162.059,0.688,655.938
5149.8,35.66,2.7,0.0,-36.9,2,-163.344,0.682,655.313
5149.8,35.49,8.0,0.0,-33.7,2,-165.236,0.674,654.325
5157.4,35.39,5.7,0.0,-31.1,2,-166.474,0.669,653.634
5157.4,35.22,11.6,0.0,-24.9,2,-168.292,0.665,652.547
5157.4,35.16,14.3,0.0,-21.2,2,-169.479,0.663,651.789
5157.4,35.07,9.9,0.0,-18.2,2,-171.224,0.661,650.608
5165.4,35.03,18.9,0.0,-17.6,2,-172.364,0.659,649.792
5165.4,35.00,23.4,0.0,-19.2,2,-174.037,0.656,648.522
5165.4,35.03,32.3,0.0,-22.5,2,-175.665,0.656,647.196
5165.4,35.09,37.2,0.0,-25.4,2,-176.729,0.657,646.282
5172.9,35.24,42.1,0.0,-29.0,2,-178.294,0.660,644.868
5172.9,35.33,37.9,0.0,-30.6,2,-179.317,0.663,643.897
5172.9,35.39,28.6,0.0,-32.5,2,-180.820,0.668,642.400
5172.9,35.40,29.1,0.0,-34.2,2,-181.799,0.671,641.376
5180.7,35.48,39.6,0.0,-33.8,2,-183.227,0.676,639.802
5180.7,35.57,43.8,0.0,-32.3,2,-184.153,0.680,638.725
5180.7,35.73,42.8,0.0,-28.5,2,-185.504,0.689,637.067
5180.7,35.78,30.3,0.0,-26.8,2,-186.377,0.695,635.935
5188.0,35.77,17.2,0.0,-25.7,2,-187.641,0.706,634.200
5188.0,35.73,16.1,0.0,-26.4,2,-188.453,0.712,633.023
5188.0,35.64,13.3,0.0,-26.9,2,-189.621,0.722,631.228
5188.0,35.56,9.9,0.0,-26.6,2,-190.365,0.729,630.014
5195.2,35.50,24.0,0.0,-26.0,2,-191.429,0.742,628.167
5195.2,35.54,33.5,0.0,-24.6,2,-192.436,0.754,626.289
5195.2,35.61,37.1,0.0,-24.0,2,-193.077,0.761,625.020
5202.0,35.73,43.8,0.0,-22.7,2,-193.996,0.769,623.087
5202.0,35.84,48.9,0.0,-20.5,2,-194.578,0.774,621.780
5202.0,36.08,55.1,0.0,-16.0,2,-195.409,0.778,619.790
5202.0,36.22,49.3,0.0,-13.2,2,-195.935,0.780,618.443
5208.9,36.43,49.8,0.0,-10.2,2,-196.679,0.781,616.395
5215.9,37.79,71.1,0.0,-15.8,2,-199.402,0.782,606.395
5215.9,38.02,74.9,0.0,-16.6,2,-199.689,0.783,604.907
5215.9,38.40,73.0,0.0,-14.3,2,-200.074,0.785,602.648
5223.4,38.65,78.6,0.0,-14.3,2,-200.297,0.787,601.123
5223.4,39.04,69.5,0.0,-11.6,2,-200.585,0.792,598.811
5223.4,39.24,57.8,0.0,-8.4,2,-200.744,0.797,597.254
5223.4,39.46,44.8,0.0,-4.0,2,-200.933,0.804,594.900
5231.2,39.48,7.0,5.9,-1.9,2,-201.063,0.814,592.534
5231.2,39.34,0.0,14.8,-2.3,2,-201.121,0.822,590.958
5231.2,39.04,37.6,4.6,-1.2,2,-201.180,0.836,588.608
5231.2,39.21,65.4,0.0,1.0,2,-201.207,0.848,587.045
5239.1,39.47,34.9,12.4,4.5,2,-201.242,0.865,584.684
5239.1,39.31,2.1,41.4,6.6,2,-201.267,0.875,583.107
5239.1,38.63,0.0,53.0,8.2,2,-201.317,0.890,580.767
5239.1,38.11,0.0,49.9,9.1,2,-201.361,0.900,579.232
5247.0,37.40,0.0,44.9,10.6,2,-201.449,0.916,576.967
5247.0,36.95,0.0,40.6,11.6,2,-201.525,0.928,575.481
5247.0,36.36,0.0,29.8,12.8,2,-201.668,0.944,573.286
5247.0,36.04,0.0,25.0,13.5,2,-201.786,0.955,571.842
5254.5,35.62,0.0,17.8,15.2,2,-201.998,0.971,569.703
5254.5,35.39,0.0,13.2,16.6,2,-202.163,0.979,568.292
5254.5,35.10,0.0,9.4,18.2,2,-202.451,0.992,566.197
5261.7,34.83,0.0,9.0,19.2,2,-202.790,1.005,564.126
5261.7,34.67,0.0,9.2,18.7,2,-203.047,1.014,562.760
5261.7,34.39,0.0,12.5,16.8,2,-203.475,1.028,560.732
5261.7,34.19,0.0,12.4,16.0,2,-203.787,1.037,559.397
5268.8,33.90,0.0,19.2,15.8,2,-204.298,1.052,557.418
5268.8,33.64,0.0,33.5,15.8,2,-204.665,1.063,556.118
5268.8,33.07,0.0,37.4,16.6,2,-205.251,1.080,554.202
5268.8,32.69,0.0,54.5,16.9,2,-205.662,1.091,552.952
5276.2,31.97,0.0,44.0,16.6,2,-206.306,1.108,551.121
5276.2,31.54,0.0,35.1,15.9,2,-206.753,1.120,549.932
5276.2,31.00,0.0,25.8,15.5,2,-207.454,1.138,548.191
5276.2,30.71,0.0,19.5,15.0,2,-207.942,1.151,547.057
5283.0,30.37,0.0,12.6,16.0,2,-208.707,1.171,545.392
5283.0,30.18,0.0,13.8,18.2,2,-209.238,1.185,544.303
5283.0,29.88,0.0,14.6,21.0,2,-210.065,1.206,542.702
5283.0,29.58,0.0,15.0,22.8,0,-210.927,1.226,541.139
5290.5,29.41,38.1,13.7,23.8,0,-211.520,1.238,540.119
5290.5,29.12,0.0,9.9,24.1,1,-212.441,1.256,538.624
5290.5,28.94,0.0,7.6,24.4,1,-213.075,1.269,537.651
5290.5,28.71,0.0,5.0,25.9,1,-214.057,1.287,536.227
5296.9,28.56,0.0,2.9,27.3,1,-214.733,1.298,535.302
5296.9,28.38,0.0,1.0,29.0,1,-215.779,1.315,533.952
5296.9,28.26,0.0,0.3,30.4,1,-216.498,1.326,533.076
5296.9,28.10,1.7,0.0,32.7,1,-217.608,1.342,531.801
5303.1,28.00,4.4,0.0,34.1,1,-218.370,1.351,530.977
5303.1,27.86,5.7,0.0,35.2,1,-219.544,1.365,529.781
5303.1,27.79,8.4,0.0,36.7,1,-220.348,1.374,529.012
5303.1,27.70,12.3,0.0,38.9,1,-221.586,1.386,527.899
5309.5,27.65,14.2,0.0,40.8,1,-222.433,1.394,527.186
5309.5,27.61,18.2,0.0,43.0,1,-223.734,1.405,526.159
5309.5,27.62,24.5,0.0,45.4,1,-225.073,1.415,525.184
5309.5,27.64,27.5,0.0,47.2,1,-225.987,1.421,524.563
5315.3,27.70,27.4,0.0,50.4,1,-227.388,1.430,523.673
5315.3,27.74,25.8,0.0,53.1,1,-228.343,1.435,523.109
5315.3,27.74,20.5,0.0,58.0,1,-229.802,1.442,522.307
5315.3,27.73,19.0,0.0,61.1,1,-230.791,1.446,521.804
5321.1,27.68,18.2,0.0,65.1,1,-232.295,1.450,521.098
5321.1,27.64,17.1,0.0,67.6,1,-233.312,1.453,520.660
5321.1,27.57,15.3,0.0,71.0,1,-234.853,1.457,520.054
5321.1,27.51,13.9,0.0,73.1,1,-235.891,1.459,519.685
5326.9,27.39,12.3,0.0,76.3,1,-237.460,1.461,519.184
5326.9,27.31,11.6,0.0,77.8,1,-238.513,1.462,518.885
5326.9,27.18,10.9,0.0,79.6,1,-240.100,1.463,518.492
5326.9,27.09,10.6,0.0,80.7,1,-241.162,1.463,518.266
5332.6,26.93,10.3,0.0,81.6,1,-242.757,1.462,517.981
5332.6,26.79,10.3,0.0,81.0,1,-244.354,1.461,517.763
5332.6,26.70,10.2,0.0,80.3,1,-245.419,1.459,517.654
5332.6,26.55,10.2,0.0,79.4,1,-247.013,1.456,517.546
5338.1,26.46,10.3,0.0,78.1,1,-248.073,1.454,517.510
5338.1,26.33,10.6,0.0,75.5,1,-249.656,1.449,517.512
5338.1,26.25,11.0,0.0,73.6,1,-250.707,1.446,517.548
5338.1,26.13,12.2,0.0,70.1,1,-252.275,1.440,517.657
5343.6,26.07,13.9,0.0,67.3,1,-253.313,1.435,517.765
5343.6,26.00,17.2,0.0,62.9,1,-254.860,1.428,517.979
5343.6,25.98,20.7,0.0,59.6,1,-255.885,1.422,518.157
5343.6,26.03,29.8,0.0,54.7,1,-257.412,1.413,518.474
5349.0,26.11,38.1,0.0,51.3,1,-258.425,1.407,518.719
5349.0,26.36,54.8,0.0,45.7,1,-259.941,1.396,519.136
5349.0,26.61,62.3,0.0,41.3,1,-260.953,1.388,519.447
5349.0,26.94,47.4,0.0,32.3,1,-262.473,1.374,519.966
5354.9,27.20,45.0,0.0,24.9,1,-263.989,1.360,520.546
5354.9,27.38,46.2,0.0,20.4,1,-264.996,1.349,520.968
5354.9,27.71,53.5,0.0,15.9,1,-266.500,1.334,521.650
5354.9,27.96,55.5,0.0,16.1,1,-267.500,1.323,522.138
5360.6,28.32,52.7,0.0,22.5,1,-268.997,1.305,522.918
5360.6,28.54,52.0,0.0,21.8,1,-269.990,1.293,523.470
5360.6,28.90,51.4,0.0,24.8,1,-271.473,1.275,524.345
5360.6,29.11,49.8,0.0,31.8,1,-272.458,1.262,524.958
5366.7,29.40,50.7,0.0,29.9,1,-273.925,1.242,525.920
5366.7,29.61,52.7,0.0,28.1,1,-274.896,1.229,526.591
5366.7,29.95,53.1,0.0,25.2,1,-276.339,1.208,527.642
5366.7,30.18,55.2,0.0,24.3,1,-277.293,1.194,528.373
5373.0,30.56,60.2,0.0,23.6,1,-278.710,1.173,529.517
5373.0,30.82,59.8,0.0,25.4,1,-279.646,1.159,530.310
5373.0,31.19,59.1,0.0,31.1,1,-281.035,1.137,531.547
5380.1,31.56,60.5,0.0,32.2,1,-282.401,1.114,532.841
5380.1,31.78,59.9,0.0,33.7,1,-283.297,1.098,533.736
5380.1,32.13,59.8,0.0,34.4,1,-284.614,1.075,535.127
5380.1,32.36,60.6,0.0,35.1,1,-285.474,1.060,536.088
5387.0,32.67,57.7,0.0,36.3,1,-286.732,1.039,537.579
5387.0,32.87,55.9,0.0,36.9,1,-287.548,1.024,538.604
5387.0,33.14,55.6,0.0,37.9,1,-288.735,1.003,540.189
5387.0,33.31,49.2,0.0,38.3,1,-289.500,0.989,541.274
5394.7,33.51,46.3,0.0,41.5,1,-290.607,0.967,542.945
5394.7,33.61,46.2,0.0,44.5,1,-291.315,0.952,544.085
5394.7,33.75,39.5,0.0,48.3,1,-292.331,0.930,545.832
5394.7,33.78,32.5,0.0,51.5,1,-292.973,0.916,547.019
5402.0,33.75,19.8,0.0,54.8,1,-293.882,0.897,548.830
5402.0,33.71,22.7,0.0,58.3,1,-294.452,0.884,550.053
5402.0,33.64,17.4,0.0,67.2,1,-295.251,0.863,551.909
5402.0,33.51,15.0,0.0,75.0,1,-295.986,0.843,553.785
5409.9,33.41,14.5,0.0,75.3,1,-296.440,0.829,555.044
5409.9,33.26,14.4,0.0,76.6,1,-297.064,0.811,556.945
5409.9,33.16,14.4,0.0,77.2,1,-297.442,0.801,558.219
5409.9,33.02,14.1,0.0,75.6,1,-297.949,0.786,560.138
5417.0,32.94,18.1,0.0,73.3,1,-298.250,0.775,561.423
5424.0,32.73,65.4,0.0,29.3,1,-299.479,0.708,570.489
5424.0,33.04,85.4,0.0,19.3,1,-299.534,0.700,571.802
5424.0,33.56,71.6,0.0,3.4,1,-299.573,0.687,573.799
5431.2,33.92,85.6,0.0,-3.6,1,-299.571,0.679,575.148
5431.2,34.52,85.7,0.0,-6.1,1,-299.536,0.669,577.200
5431.2,34.93,85.7,0.0,-3.1,1,-299.495,0.663,578.588
5431.2,35.50,85.8,0.0,3.9,1,-299.416,0.657,580.698
5445.6,37.83,84.7,0.0,12.4,2,-298.578,0.631,592.358
5445.6,38.15,84.8,0.0,12.9,2,-298.397,0.626,593.866
5453.0,38.66,85.0,0.0,12.5,2,-298.086,0.617,596.149
5453.0,39.15,85.1,0.0,11.8,2,-297.725,0.606,598.454
5453.0,39.47,85.2,0.0,11.2,2,-297.455,0.598,600.002
5453.0,39.96,85.3,0.0,11.9,2,-297.007,0.584,602.342
5460.7,40.26,85.4,0.0,12.0,2,-296.678,0.573,603.912
5460.7,40.75,85.4,0.0,11.3,2,-296.142,0.554,606.281
5460.7,41.06,85.5,0.0,11.1,2,-295.752,0.541,607.869
5460.7,41.52,85.6,0.0,10.2,2,-295.121,0.522,610.264
5468.8,41.82,85.7,0.0,10.1,2,-294.669,0.508,611.868
5468.8,42.27,85.8,0.0,9.2,2,-293.948,0.484,614.284
5468.8,42.57,85.8,0.0,8.1,2,-293.439,0.466,615.902
5468.8,43.02,85.9,0.0,6.9,0,-292.630,0.439,618.338
5477.2,43.02,0.0,0.0,6.3,0,-292.063,0.420,619.963
5477.2,43.32,84.1,0.0,6.2,3,-291.178,0.388,622.394
5477.2,43.61,84.2,0.0,6.1,3,-290.566,0.364,624.020
5477.2,44.03,84.3,0.0,5.1,3,-289.613,0.325,626.469
5485.8,44.45,84.5,0.0,4.9,3,-288.621,0.288,628.930
5485.8,44.74,84.5,0.0,5.0,3,-287.939,0.263,630.577
5485.8,45.14,84.6,0.0,5.4,3,-286.889,0.222,633.060
5485.8,45.37,84.8,0.0,5.0,3,-286.172,0.193,634.721
5494.7,45.84,84.8,0.0,4.1,3,-285.067,0.147,637.224
5494.7,46.11,84.8,0.0,4.0,3,-284.312,0.116,638.900
5494.7,46.43,85.0,0.0,3.4,3,-283.150,0.074,641.419
5494.7,46.76,84.9,0.0,3.2,3,-282.356,0.046,643.106
5503.9,47.12,85.1,0.0,4.0,3,-281.137,0.004,645.643
5503.9,47.38,85.2,0.0,4.6,3,-280.305,-0.021,647.339
5503.9,47.78,85.0,0.0,4.3,3,-279.030,-0.064,649.892
5503.9,48.01,85.3,0.0,4.3,3,-278.162,-0.093,651.599
5513.4,48.40,85.3,0.0,3.8,3,-276.830,-0.137,654.166
5513.4,48.65,85.4,0.0,3.7,3,-275.921,-0.161,655.880
5513.4,49.04,85.5,0.0,3.7,3,-274.529,-0.195,658.458
5513.4,49.41,85.5,0.0,3.9,3,-273.102,-0.218,661.042
5523.1,49.66,85.5,0.0,4.2,3,-272.131,-0.228,662.769
5523.1,49.99,85.7,0.0,5.4,3,-270.650,-0.238,665.365
5523.1,50.26,85.7,0.0,5.3,3,-269.646,-0.250,667.100
5523.1,50.62,85.7,0.0,4.3,3,-268.110,-0.269,669.708
5533.1,50.86,85.7,0.0,4.1,3,-267.065,-0.281,671.447
5533.1,51.22,85.8,0.0,4.3,3,-265.468,-0.296,674.059
5533.1,51.44,85.8,0.0,4.4,3,-264.383,-0.305,675.801
5533.1,51.79,85.8,0.0,4.5,3,-262.727,-0.319,678.418
5543.4,51.90,0.0,0.0,4.4,0,-261.604,-0.327,680.163
5543.4,51.99,84.0,0.0,3.8,4,-259.898,-0.337,682.767
5543.4,52.21,84.1,0.0,3.5,4,-258.744,-0.341,684.501
5543.4,52.52,84.2,0.0,2.5,4,-256.984,-0.346,687.103
5553.7,52.73,84.2,0.0,2.2,4,-255.795,-0.349,688.840
5553.7,53.05,84.3,0.0,1.9,4,-253.988,-0.353,691.448
5553.7,53.37,84.3,0.0,1.5,4,-252.157,-0.358,694.063
5553.7,53.58,84.4,0.0,1.1,4,-250.924,-0.361,695.810
5564.3,53.89,84.5,0.0,1.0,4,-249.057,-0.367,698.437
5564.3,54.10,84.6,0.0,1.5,4,-247.801,-0.372,700.195
5564.3,54.41,84.8,0.0,2.1,4,-245.903,-0.381,702.838
5564.3,54.62,84.9,0.0,2.4,4,-244.625,-0.387,704.605
5575.0,54.92,85.0,0.0,2.7,4,-242.692,-0.395,707.262
5575.0,55.12,85.2,0.0,2.9,4,-241.389,-0.400,709.036
5575.0,55.43,85.3,0.0,3.3,4,-239.413,-0.406,711.699
5575.0,55.63,85.4,0.0,3.5,4,-238.081,-0.410,713.476
5586.0,55.92,85.6,0.0,3.7,4,-236.058,-0.414,716.141
5586.0,56.12,85.7,0.0,4.1,4,-234.693,-0.416,717.917
5586.0,56.41,85.8,0.0,4.5,4,-232.619,-0.418,720.580
5586.0,56.60,85.9,0.0,4.6,4,-231.218,-0.419,722.353
5597.2,56.89,86.1,0.0,4.7,4,-229.088,-0.420,725.009
5597.2,57.08,86.2,0.0,4.7,4,-227.649,-0.421,726.776
5597.2,57.36,86.3,0.0,2.7,4,-225.460,-0.419,729.420
5608.8,57.64,86.4,0.0,3.8,4,-223.236,-0.416,732.057
5608.8,57.83,86.5,0.0,3.6,4,-221.736,-0.414,733.812
5608.8,58.10,86.7,0.0,4.3,4,-219.458,-0.408,736.440
5608.8,58.29,86.7,0.0,4.9,4,-217.922,-0.402,738.188
5620.7,58.55,86.9,0.0,3.9,4,-215.588,-0.390,740.803
5620.7,58.73,87.0,0.0,4.4,4,-214.013,-0.380,742.541
5620.7,59.00,87.1,0.0,3.5,4,-211.622,-0.362,745.139
5620.7,59.17,87.2,0.0,3.7,4,-210.008,-0.349,746.865
5632.7,59.42,87.3,0.0,4.7,4,-207.561,-0.327,749.447
5632.7,59.60,87.4,0.0,4.5,4,-205.910,-0.311,751.162
5632.7,59.86,87.5,0.0,4.9,4,-203.406,-0.285,753.725
5632.7,60.03,87.6,0.0,5.0,4,-201.717,-0.266,755.426
5645.0,60.28,87.7,0.0,5.6,4,-199.155,-0.240,757.968
5645.0,60.44,87.8,0.0,5.9,4,-197.428,-0.223,759.654
5645.0,60.68,87.9,0.0,5.5,4,-194.805,-0.201,762.168
5645.0,60.92,88.0,0.0,5.8,4,-192.144,-0.181,764.663
5657.3,61.09,88.1,0.0,5.9,4,-190.351,-0.172,766.317
5657.3,61.32,88.2,0.0,5.3,4,-187.628,-0.166,768.781
5657.3,61.48,88.2,0.0,5.0,4,-185.792,-0.163,770.411
5657.3,61.70,88.3,0.0,4.7,4,-183.003,-0.159,772.835
5669.9,61.85,88.4,0.0,4.7,4,-181.123,-0.155,774.438
5669.9,62.07,88.5,0.0,5.1,0,-178.270,-0.147,776.821
5669.9,62.02,0.0,0.0,5.4,0,-176.351,-0.143,778.395
5669.9,62.15,87.3,0.0,5.3,5,-173.451,-0.138,780.730
5682.5,62.30,87.4,0.0,5.5,5,-171.498,-0.136,782.273
5682.5,62.52,87.5,0.0,6.0,5,-168.540,-0.138,784.567
5682.5,62.65,87.6,0.0,6.1,5,-166.546,-0.141,786.081
5682.5,62.86,87.7,0.0,6.2,5,-163.524,-0.142,788.327
5695.4,63.01,87.7,0.0,7.1,5,-161.488,-0.142,789.807
5695.4,63.20,87.9,0.0,7.4,5,-158.401,-0.139,791.999
5695.4,63.39,88.1,0.0,6.4,5,-155.276,-0.136,794.156
5695.4,63.54,88.0,0.0,5.3,5,-153.171,-0.138,795.575
5708.3,63.74,88.1,0.0,4.6,5,-149.979,-0.134,797.670
5708.3,63.87,88.2,0.0,4.2,5,-147.830,-0.131,799.046
5708.3,64.06,88.3,0.0,5.5,5,-144.574,-0.121,801.078
5708.3,64.22,88.3,0.0,6.5,5,-142.385,-0.117,802.416
5721.4,64.41,88.3,0.0,8.0,5,-139.073,-0.114,804.396
5721.4,64.53,88.5,0.0,8.4,5,-136.846,-0.114,805.695
5721.4,64.71,88.6,0.0,7.1,5,-133.473,-0.110,807.608
5721.4,64.85,88.6,0.0,6.5,5,-131.205,-0.106,808.859
5734.6,65.04,88.7,0.0,6.6,5,-127.771,-0.106,810.701
5734.6,65.15,88.7,0.0,6.9,5,-125.461,-0.106,811.900
5734.6,65.35,88.8,0.0,7.4,5,-121.962,-0.103,813.657
5734.6,65.45,88.9,0.0,7.2,5,-119.610,-0.101,814.801
5747.9,65.64,88.9,0.0,6.2,5,-116.052,-0.097,816.475
5747.9,65.82,89.0,0.0,6.1,5,-112.460,-0.093,818.102
5747.9,65.95,89.1,0.0,6.4,5,-110.047,-0.092,819.161
5747.9,66.13,89.1,0.0,6.7,5,-106.401,-0.089,820.711
5761.2,66.24,89.2,0.0,6.7,5,-103.952,-0.085,821.717
5761.2,66.42,89.3,0.0,6.6,5,-100.254,-0.078,823.186
5761.2,66.55,89.3,0.0,6.6,5,-97.771,-0.074,824.140
5761.2,66.72,89.4,0.0,6.7,5,-94.023,-0.068,825.530
5774.6,66.84,89.4,0.0,7.0,5,-91.508,-0.064,826.429
5774.6,67.01,89.5,0.0,7.0,5,-87.712,-0.060,827.738
5774.6,67.13,89.5,0.0,6.6,5,-85.165,-0.057,828.581
5774.6,67.29,89.6,0.0,6.5,5,-81.322,-0.049,829.800
5788.0,67.40,89.7,0.0,6.4,5,-78.744,-0.044,830.583
5788.0,67.58,89.7,0.0,6.6,5,-74.856,-0.036,831.713
5788.0,67.68,89.8,0.0,6.7,5,-72.250,-0.031,832.437
5788.0,67.85,89.8,0.0,7.0,5,-68.320,-0.023,833.478
5801.5,68.01,89.9,0.0,4.9,5,-64.365,-0.013,834.463
5801.5,68.12,90.0,0.0,4.6,5,-61.716,-0.006,835.091
5801.5,68.29,90.0,0.0,3.9,5,-57.724,0.005,835.990
5801.5,68.40,90.1,0.0,3.6,5,-55.051,0.015,836.563
5815.0,68.58,90.1,0.0,3.7,5,-51.026,0.030,837.388
5815.0,68.69,90.2,0.0,3.7,5,-48.332,0.042,837.916
5815.0,68.85,90.2,0.0,3.7,5,-44.277,0.063,838.678
5815.0,68.97,90.3,0.0,3.7,5,-41.565,0.078,839.167
5828.7,69.14,90.3,0.0,3.6,5,-37.483,0.102,839.872
5828.7,69.25,90.4,0.0,3.7,5,-34.752,0.117,840.324
5828.7,69.41,90.4,0.0,3.5,5,-30.644,0.139,840.975
5828.7,69.52,90.5,0.0,2.9,5,-27.897,0.155,841.390
5842.6,69.68,90.5,0.0,2.2,5,-23.763,0.180,841.985
5842.6,69.79,90.6,0.0,1.8,5,-21.000,0.200,842.365
5842.6,69.95,90.6,0.0,1.5,5,-16.845,0.229,842.914
5856.6,70.12,90.7,0.0,1.0,5,-12.676,0.254,843.444
5856.6,70.23,90.7,0.0,0.7,5,-9.890,0.272,843.787
5856.6,70.39,90.8,0.0,0.3,5,-5.703,0.300,844.292
5856.6,70.50,90.8,0.0,0.1,5,-2.905,0.319,844.624
1.4,70.66,90.9,0.0,-0.1,5,1.300,0.348,845.118
