opponent,v3,Ricky Taylor,0,1771611975385
Game,version,date,track,car,event,laptime [s],S1 [s],S2 [s],S3 [s],S4+ [s]
LMU,1.2,2026-02-20 18:26:15,Silverstone Grand Prix Circuit - ELMS,Cadillac WTR 2025 #101:LM (Hyper),Live,106.622,0,0,0
Tracklen [m],TotalLaps
5866.2,1
,
,
lapdistance [m],speed [m/s],throttle [%],brake [%],steer [%],gear [int],world_x [m],world_y [m],world_z [m]
11.3,72.20,86.2,0.0,0.1,6,15.447,0.448,846.574
11.3,72.30,86.2,0.0,0.1,6,18.318,0.471,846.906
11.3,72.45,86.2,0.0,0.3,6,22.631,0.504,847.404
25.8,72.56,86.2,0.0,0.4,6,25.512,0.526,847.737
25.8,72.70,86.3,0.0,0.6,6,29.840,0.562,848.237
25.8,72.80,86.3,0.0,0.5,6,32.731,0.587,848.571
25.8,72.95,86.3,0.0,0.3,6,37.074,0.624,849.070
40.3,73.05,86.3,0.0,0.2,6,39.975,0.648,849.401
40.3,73.20,86.3,0.0,0.3,6,44.334,0.686,849.895
40.3,73.29,86.3,0.0,0.3,6,47.245,0.712,850.223
40.3,73.43,86.3,0.0,0.3,6,51.619,0.752,850.713
55.0,73.58,86.4,0.0,0.2,6,56.001,0.793,851.200
55.0,73.67,86.4,0.0,0.1,6,58.928,0.820,851.523
55.0,73.81,86.4,0.0,0.2,6,63.326,0.860,852.007
55.0,73.90,86.4,0.0,0.3,6,66.262,0.889,852.328
69.7,74.04,86.4,0.0,0.3,6,70.674,0.932,852.809
69.7,74.14,86.5,0.0,0.2,6,73.620,0.959,853.128
69.7,74.28,86.5,0.0,-0.0,6,78.046,0.998,853.607
69.7,74.37,86.5,0.0,-0.0,6,81.001,1.022,853.925
84.6,74.50,86.5,0.0,-0.0,6,85.442,1.057,854.401
84.6,74.59,86.5,0.0,0.1,6,88.406,1.081,854.719
84.6,74.73,86.5,0.0,0.1,6,92.860,1.116,855.196
84.6,74.82,86.5,0.0,0.1,6,95.833,1.139,855.514
99.5,74.94,86.6,0.0,0.0,6,100.300,1.170,855.992
99.5,75.03,86.6,0.0,0.0,6,103.283,1.192,856.311
99.5,75.17,86.6,0.0,0.2,6,107.763,1.224,856.789
99.5,75.29,86.6,0.0,0.3,6,112.251,1.256,857.267
114.5,75.38,86.7,0.0,0.4,6,115.247,1.279,857.584
114.5,75.51,86.7,0.0,0.4,6,119.748,1.311,858.059
114.5,75.59,86.7,0.0,0.5,6,122.753,1.330,858.374
114.5,75.72,86.7,0.0,0.5,6,127.268,1.354,858.844
129.5,75.81,86.7,0.0,0.4,6,130.282,1.370,859.156
129.5,75.93,86.7,0.0,0.3,6,134.810,1.396,859.620
129.5,76.01,86.7,0.0,0.2,6,137.833,1.416,859.928
129.5,76.12,86.8,0.0,0.3,6,142.374,1.451,860.388
144.8,76.23,86.7,0.0,0.5,6,145.405,1.470,860.692
144.8,76.33,86.8,0.0,0.6,6,149.959,1.499,861.148
144.8,76.41,86.8,0.0,0.4,6,152.998,1.517,861.450
144.8,76.53,86.8,0.0,0.2,6,157.564,1.543,861.902
160.0,76.62,86.8,0.0,0.1,6,160.613,1.560,862.201
160.0,76.72,86.8,0.0,0.1,6,165.190,1.588,862.647
160.0,76.84,86.8,0.0,0.2,6,169.776,1.618,863.091
160.0,76.92,86.8,0.0,0.2,6,172.836,1.638,863.386
175.4,77.04,86.8,0.0,-0.1,6,177.433,1.669,863.828
175.4,77.12,86.8,0.0,-0.3,6,180.502,1.689,864.122
175.4,77.23,86.9,0.0,-0.4,6,185.111,1.718,864.562
175.4,77.30,86.9,0.0,-0.4,6,188.187,1.736,864.857
190.8,77.40,86.9,0.0,-0.5,6,192.806,1.766,865.305
190.8,77.47,86.9,0.0,-0.7,6,195.888,1.786,865.606
190.8,77.59,86.9,0.0,-0.6,6,200.517,1.814,866.065
190.8,77.66,86.9,0.0,-0.3,6,203.607,1.832,866.375
206.3,77.78,86.9,0.0,-0.2,6,208.246,1.857,866.847
206.3,77.84,86.9,0.0,0.0,6,211.341,1.874,867.166
206.3,77.94,86.9,0.0,0.2,6,215.989,1.903,867.650
206.3,78.00,87.0,0.0,0.2,6,219.091,1.924,867.975
221.9,78.11,87.0,0.0,0.3,6,223.748,1.956,868.463
221.9,78.14,0.0,0.0,0.6,0,228.412,1.988,868.949
221.9,78.04,86.0,0.0,0.8,7,231.519,2.009,869.270
237.5,78.14,86.1,0.0,0.9,7,236.180,2.043,869.746
237.5,78.14,86.1,0.0,0.9,7,236.180,2.043,869.746
237.5,78.14,86.1,0.0,0.9,7,236.180,2.043,869.746
237.5,77.13,0.0,76.1,1.5,7,247.041,2.111,870.820
253.0,75.79,0.0,86.7,1.9,7,251.611,2.136,871.255
253.0,74.84,0.0,90.2,2.1,7,254.613,2.152,871.532
253.0,73.34,0.0,88.4,2.2,7,259.045,2.176,871.929
253.0,72.40,29.5,89.5,2.2,0,261.951,2.192,872.178
267.7,70.97,0.0,93.3,2.5,6,266.240,2.215,872.525
267.7,69.97,0.0,93.0,2.9,6,269.052,2.230,872.738
267.7,68.49,0.0,92.7,3.3,6,273.199,2.249,873.027
267.7,67.49,0.0,92.2,3.6,6,275.915,2.260,873.198
281.4,66.02,0.0,92.0,3.8,6,279.917,2.275,873.417
281.4,64.59,27.8,90.1,3.4,0,283.834,2.290,873.588
281.4,63.68,0.0,83.3,3.5,5,286.400,2.299,873.675
281.4,62.35,0.0,66.3,2.6,5,290.182,2.311,873.761
294.1,61.57,0.0,52.7,1.3,5,292.661,2.322,873.786
294.1,60.68,0.0,25.7,0.3,5,296.329,2.338,873.768
294.1,60.29,0.0,15.9,0.6,5,298.748,2.349,873.718
294.1,59.84,0.0,14.6,3.5,5,302.349,2.366,873.582
306.1,59.55,0.0,11.0,6.9,5,304.734,2.379,873.452
306.1,59.20,0.0,4.5,10.2,5,308.288,2.399,873.199
306.1,59.02,0.0,3.6,12.2,5,310.643,2.414,872.994
306.1,58.75,0.0,3.6,13.7,5,314.159,2.437,872.635
317.7,58.57,0.0,0.9,12.7,5,316.489,2.452,872.362
317.7,58.35,3.2,0.3,12.8,5,319.966,2.472,871.898
317.7,58.19,0.4,4.0,11.5,5,322.271,2.486,871.550
317.7,57.88,0.0,11.4,10.7,5,325.706,2.505,870.972
329.3,57.49,0.0,18.2,9.7,5,329.108,2.523,870.327
329.3,57.17,0.0,22.6,9.0,5,331.354,2.534,869.860
329.3,56.66,0.0,10.0,7.8,5,334.686,2.551,869.107
329.3,56.43,6.9,0.6,8.9,5,336.883,2.562,868.569
340.8,56.36,47.2,0.0,12.6,5,340.153,2.579,867.704
340.8,56.41,63.3,0.0,15.8,5,342.322,2.590,867.087
340.8,56.53,70.3,0.0,20.5,5,345.563,2.605,866.103
340.8,56.61,68.6,0.0,23.2,5,347.716,2.615,865.406
352.6,56.66,49.0,0.0,25.9,5,350.929,2.631,864.299
352.6,56.64,34.8,0.0,25.5,5,353.057,2.641,863.519
352.6,56.45,3.1,0.0,25.9,5,356.220,2.658,862.287
352.6,56.30,15.9,0.0,25.7,5,358.304,2.670,861.426
364.8,56.19,47.2,0.0,24.9,5,361.394,2.687,860.072
364.8,56.22,66.9,0.0,24.6,5,363.434,2.699,859.127
364.8,56.35,79.2,0.0,24.7,5,366.468,2.716,857.645
364.8,56.44,58.1,0.0,26.5,5,369.471,2.733,856.087
376.6,56.45,58.5,0.0,28.3,5,371.453,2.745,855.004
376.6,56.55,80.9,0.0,31.5,5,374.393,2.762,853.319
376.6,56.63,63.3,0.0,33.4,5,376.334,2.774,852.154
376.6,56.63,48.3,0.0,36.6,5,379.212,2.791,850.347
388.4,56.61,49.4,0.0,38.9,5,381.106,2.802,849.105
388.4,56.62,52.8,0.0,42.0,5,383.910,2.817,847.188
388.4,56.58,36.0,0.0,43.4,5,385.754,2.827,845.874
388.4,56.46,31.5,0.0,44.4,5,388.476,2.842,843.852
400.4,56.37,30.0,0.0,44.0,5,390.260,2.853,842.469
400.4,56.22,28.1,0.0,42.9,5,392.887,2.869,840.346
400.4,56.12,28.1,0.0,42.0,5,394.606,2.880,838.899
400.4,55.97,27.9,0.0,40.9,5,397.132,2.896,836.679
412.0,55.87,28.3,0.0,40.0,5,398.780,2.907,835.167
412.0,55.71,27.8,0.0,39.3,5,401.199,2.924,832.852
412.0,55.57,25.3,0.0,38.6,5,403.552,2.941,830.484
412.0,55.46,27.6,0.0,38.1,5,405.085,2.952,828.877
423.3,55.35,35.1,0.0,35.5,5,407.329,2.967,826.424
423.3,55.32,48.8,0.0,34.1,5,408.789,2.976,824.761
423.3,55.31,47.6,0.0,32.5,5,410.930,2.988,822.225
423.3,55.30,53.6,0.0,30.3,5,412.324,2.995,820.507
434.4,55.37,72.5,0.0,25.6,5,414.361,3.006,817.886
434.4,55.47,83.6,0.0,23.1,5,415.684,3.015,816.107
434.4,55.68,84.5,0.0,20.0,5,417.621,3.029,813.394
434.4,55.81,84.6,0.0,18.1,5,418.882,3.037,811.556
445.2,56.02,84.6,0.0,14.9,5,420.725,3.048,808.753
445.2,56.14,84.7,0.0,13.3,5,421.920,3.058,806.855
445.2,56.38,84.7,0.0,11.4,5,423.663,3.073,803.965
445.2,56.51,84.7,0.0,11.0,5,424.795,3.085,802.011
456.2,56.75,84.8,0.0,10.3,5,426.444,3.105,799.041
456.2,56.98,84.9,0.0,10.7,5,428.042,3.128,796.027
456.2,57.15,84.8,0.0,9.9,5,429.081,3.143,793.995
467.4,57.38,84.9,0.0,10.3,5,430.599,3.169,790.913
467.4,57.54,84.7,0.0,10.3,5,431.585,3.186,788.838
467.4,57.77,85.0,0.0,8.7,5,433.027,3.209,785.694
467.4,57.94,85.0,0.0,7.5,5,433.962,3.225,783.577
478.9,58.18,85.0,0.0,7.7,5,435.323,3.250,780.371
478.9,58.33,84.5,0.0,7.5,5,436.207,3.266,778.215
478.9,58.58,84.2,0.0,7.5,5,437.495,3.290,774.954
478.9,58.72,85.0,0.0,7.5,5,438.330,3.308,772.762
490.4,58.95,85.2,0.0,6.6,5,439.548,3.337,769.450
490.4,59.05,85.4,0.0,6.6,5,440.338,3.355,767.226
490.4,59.34,85.3,0.0,4.9,5,441.491,3.379,763.866
490.4,59.48,85.3,0.0,4.5,5,442.235,3.398,761.610
502.2,59.66,75.4,0.0,4.1,5,443.314,3.428,758.203
502.2,59.85,80.0,0.0,4.3,5,444.357,3.453,754.773
502.2,60.02,85.5,0.0,4.8,5,445.030,3.468,752.473
502.2,60.23,85.5,0.0,3.7,5,446.009,3.493,749.002
514.0,60.43,85.1,0.0,3.9,5,446.644,3.509,746.674
514.0,60.62,84.5,0.0,4.6,5,447.570,3.537,743.164
514.0,60.79,84.4,0.0,4.5,5,448.170,3.555,740.812
514.0,61.03,85.6,0.0,4.9,5,449.047,3.579,737.265
526.1,61.18,85.7,0.0,5.2,5,449.614,3.593,734.888
526.1,61.41,85.7,0.0,5.2,5,450.436,3.618,731.304
526.1,61.57,85.7,0.0,5.8,5,450.962,3.638,728.902
526.1,61.72,85.8,0.0,5.6,5,451.473,3.657,726.490
526.1,61.72,85.8,0.0,5.6,5,451.473,3.657,726.490
526.1,61.72,85.8,0.0,5.6,5,451.473,3.657,726.490
535.9,61.80,85.8,0.0,5.7,5,451.722,3.666,725.280
535.9,62.43,85.9,0.0,3.4,5,453.570,3.745,715.518
548.2,62.56,85.9,0.0,3.1,5,453.995,3.762,713.055
548.2,62.81,85.9,0.0,2.3,5,454.606,3.787,709.344
548.2,63.04,86.0,0.0,2.4,5,455.190,3.815,705.614
548.2,63.20,86.0,0.0,2.2,5,455.567,3.836,703.118
560.8,63.43,86.0,0.0,1.5,5,456.116,3.866,699.360
560.8,63.58,86.1,0.0,1.0,5,456.473,3.887,696.845
560.8,63.81,86.1,0.0,0.6,5,456.997,3.920,693.060
560.8,63.96,86.1,0.0,0.8,5,457.340,3.942,690.528
573.4,64.19,86.1,0.0,1.2,5,457.848,3.975,686.718
573.4,64.34,86.2,0.0,1.4,5,458.183,3.997,684.169
573.4,64.57,86.2,0.0,1.2,5,458.680,4.031,680.335
573.4,64.72,86.2,0.0,1.0,5,459.007,4.053,677.770
586.2,64.94,86.3,0.0,0.9,5,459.491,4.086,673.911
586.2,65.08,86.3,0.0,0.9,5,459.808,4.108,671.331
586.2,65.30,86.3,0.0,1.1,5,460.278,4.140,667.449
586.2,65.44,86.4,0.0,1.1,5,460.586,4.162,664.852
599.2,65.66,86.4,0.0,1.2,5,461.041,4.194,660.946
599.2,65.87,86.4,0.0,1.2,5,461.486,4.226,657.026
599.2,66.01,86.5,0.0,1.2,5,461.777,4.248,654.405
599.2,66.22,86.5,0.0,1.4,5,462.205,4.282,650.462
612.3,66.36,86.5,0.0,1.4,5,462.484,4.304,647.825
612.3,66.57,86.5,0.0,1.4,5,462.894,4.337,643.859
612.3,66.71,86.6,0.0,1.3,5,463.160,4.358,641.208
612.3,66.91,86.6,0.0,1.4,5,463.549,4.391,637.219
625.6,67.05,86.6,0.0,1.4,5,463.801,4.412,634.552
625.6,67.24,86.7,0.0,1.4,5,464.169,4.445,630.540
625.6,67.38,86.7,0.0,1.4,5,464.407,4.467,627.859
625.6,67.59,86.7,0.0,1.3,5,464.754,4.498,623.825
639.0,67.72,86.7,0.0,1.1,5,464.978,4.519,621.128
639.0,67.91,86.7,0.0,0.9,5,465.303,4.551,617.073
639.0,68.04,86.8,0.0,1.0,5,465.513,4.572,614.363
639.0,68.23,86.8,0.0,1.0,5,465.819,4.605,610.286
652.6,68.43,86.8,0.0,0.9,5,466.114,4.637,606.198
652.6,68.55,86.8,0.0,0.9,5,466.305,4.659,603.465
652.6,68.74,86.8,0.0,-0.6,5,466.586,4.691,599.357
652.6,68.86,86.9,0.0,-0.5,5,466.771,4.712,596.611
666.4,69.04,86.9,0.0,-0.5,5,467.048,4.744,592.484
666.4,69.17,86.9,0.0,-0.7,5,467.235,4.764,589.726
666.4,69.35,87.0,0.0,-0.5,5,467.521,4.793,585.581
666.4,69.47,87.0,0.0,-0.0,5,467.716,4.812,582.811
680.3,69.65,87.0,0.0,0.7,5,468.013,4.838,578.649
680.3,69.77,87.0,0.0,1.0,5,468.213,4.855,575.868
680.3,69.95,87.0,0.0,1.3,5,468.513,4.878,571.688
680.3,70.07,87.0,0.0,1.2,5,468.709,4.891,568.894
694.2,70.04,0.0,0.0,0.5,0,468.996,4.908,564.699
694.2,70.08,85.8,0.0,0.5,6,469.181,4.919,561.904
694.2,70.25,85.9,0.0,0.4,6,469.452,4.935,557.703
694.2,70.36,85.9,0.0,0.9,6,469.629,4.946,554.897
708.3,70.53,85.9,0.0,0.2,6,469.889,4.959,550.678
708.3,70.69,85.9,0.0,-0.3,6,470.143,4.971,546.450
708.3,70.81,86.0,0.0,0.2,6,470.311,4.977,543.625
722.5,70.97,86.0,0.0,0.4,6,470.562,4.984,539.379
722.5,71.08,86.0,0.0,0.2,6,470.728,4.988,536.543
722.5,71.25,86.0,0.0,0.6,6,470.978,4.992,532.280
722.5,71.35,86.0,0.0,0.8,6,471.144,4.995,529.433
736.9,71.52,86.1,0.0,1.0,6,471.389,4.995,525.154
736.9,71.63,86.1,0.0,0.7,6,471.550,4.993,522.296
736.9,71.79,86.1,0.0,0.3,6,471.785,4.988,518.000
736.9,71.90,86.1,0.0,0.1,6,471.938,4.985,515.131
751.3,72.06,86.1,0.0,0.1,6,472.164,4.978,510.819
751.3,72.16,86.1,0.0,0.2,6,472.312,4.972,507.939
751.3,72.32,86.2,0.0,0.2,6,472.532,4.961,503.610
751.3,72.47,86.2,0.0,0.4,6,472.750,4.946,499.272
765.8,72.58,86.2,0.0,0.4,6,472.894,4.933,496.375
765.8,72.74,86.2,0.0,0.2,6,473.109,4.911,492.020
765.8,72.84,86.2,0.0,0.0,6,473.251,4.895,489.112
765.8,72.99,86.3,0.0,0.1,6,473.460,4.871,484.743
780.3,73.08,86.3,0.0,0.3,6,473.599,4.855,481.825
780.3,73.25,86.3,0.0,0.2,6,473.806,4.830,477.440
780.3,73.35,86.3,0.0,-0.5,6,473.943,4.816,474.511
780.3,73.50,86.4,0.0,-1.2,6,474.147,4.799,470.111
795.0,73.60,86.4,0.0,-2.0,6,474.286,4.786,467.173
795.0,73.75,86.4,0.0,-2.6,6,474.502,4.767,462.758
795.0,73.84,86.4,0.0,-2.8,6,474.655,4.754,459.810
795.0,73.98,86.4,0.0,-3.9,6,474.905,4.737,455.382
809.7,74.09,86.4,0.0,-4.1,6,475.087,4.724,452.427
809.7,74.22,86.5,0.0,-4.4,6,475.389,4.701,447.988
809.7,74.30,86.5,0.0,-4.4,6,475.614,4.685,445.026
809.7,74.43,86.5,0.0,-5.3,6,475.988,4.665,440.580
824.5,74.57,86.5,0.0,-6.4,6,476.406,4.637,436.130
824.5,74.65,86.5,0.0,-6.4,6,476.714,4.617,433.162
824.5,74.76,86.6,0.0,-6.5,6,477.228,4.593,428.709
824.5,74.84,86.6,0.0,-7.0,6,477.606,4.581,425.741
839.4,74.96,86.6,0.0,-7.1,6,478.225,4.561,421.291
839.4,75.04,86.6,0.0,-6.8,6,478.675,4.547,418.325
839.4,75.14,86.6,0.0,-7.0,6,479.409,4.530,413.880
839.4,75.20,86.7,0.0,-7.9,6,479.938,4.519,410.920
854.4,75.32,86.7,0.0,-8.5,6,480.789,4.503,406.486
854.4,75.39,86.7,0.0,-8.7,6,481.395,4.491,403.533
854.4,75.50,86.7,0.0,-9.2,6,482.364,4.470,399.112
854.4,75.56,86.7,0.0,-9.2,6,483.050,4.454,396.169
869.3,75.66,86.7,0.0,-9.8,6,484.139,4.425,391.766
869.3,75.72,86.7,0.0,-10.4,6,484.905,4.400,388.837
869.3,75.81,86.7,0.0,-10.9,6,486.116,4.357,384.456
869.3,75.88,86.7,0.0,-10.4,6,487.407,4.310,380.092
884.2,75.94,86.8,0.0,-9.6,6,488.312,4.276,377.194
884.2,76.02,86.8,0.0,-8.4,6,489.739,4.223,372.865
884.2,76.08,86.8,0.0,-8.2,6,490.736,4.186,369.991
884.2,76.17,86.8,0.0,-8.1,6,492.298,4.128,365.700
899.7,76.22,86.8,0.0,-8.6,6,493.385,4.090,362.853
899.7,76.31,86.8,0.0,-7.7,6,495.080,4.033,358.604
899.7,76.37,86.8,0.0,-5.5,6,496.252,3.995,355.784
899.7,76.47,86.8,0.0,-1.3,6,498.067,3.939,351.574
915.3,76.55,86.8,0.0,1.6,6,499.310,3.901,348.778
915.3,76.67,86.7,0.0,3.4,6,501.211,3.847,344.593
915.3,76.75,86.3,0.0,3.5,6,502.489,3.810,341.804
915.3,76.45,5.9,51.2,3.4,6,504.397,3.749,337.616
931.0,75.81,0.0,59.0,3.9,6,505.648,3.707,334.838
931.0,74.73,0.0,56.5,4.5,6,507.472,3.648,330.705
931.0,73.72,0.0,46.2,5.4,6,509.228,3.601,326.610
931.0,73.14,0.0,40.3,5.7,6,510.358,3.572,323.899
946.2,72.32,0.0,42.4,5.1,6,511.992,3.531,319.851
946.2,71.77,0.0,39.1,3.8,6,513.038,3.506,317.165
946.2,70.99,0.0,35.8,3.3,6,514.540,3.473,313.153
946.2,70.46,0.0,61.9,4.7,6,515.500,3.453,310.490
960.5,69.36,0.0,66.9,7.2,6,516.872,3.426,306.523
960.5,68.60,0.0,59.7,8.0,6,517.741,3.413,303.903
960.5,67.58,0.0,51.1,8.3,6,518.974,3.397,300.006
960.5,66.93,0.0,42.8,8.8,6,519.750,3.387,297.429
973.8,66.11,0.0,37.6,8.0,6,520.842,3.372,293.589
973.8,65.60,0.0,37.7,7.4,6,521.522,3.362,291.043
973.8,65.00,37.1,1.3,6.6,6,522.469,3.346,287.244
973.8,64.99,82.2,0.0,7.4,6,523.052,3.334,284.711
986.7,64.95,19.9,32.7,9.2,6,523.859,3.315,280.895
986.7,64.30,0.0,22.5,12.1,6,524.577,3.297,277.082
986.7,63.94,0.0,6.7,10.7,6,525.005,3.288,274.553
1000.6,63.74,67.3,0.0,9.2,6,525.573,3.278,270.767
1000.6,63.71,26.6,13.8,7.9,6,525.906,3.272,268.238
1000.6,63.37,0.0,13.2,8.6,6,526.342,3.265,264.449
1000.6,63.16,33.6,2.7,9.6,0,526.596,3.253,261.931
1014.8,62.82,51.2,0.0,10.8,5,526.913,3.234,258.165
1014.8,62.79,63.4,0.0,11.1,5,527.064,3.241,255.658
1014.8,62.84,82.4,0.0,11.3,5,527.226,3.257,251.893
1014.8,62.87,86.9,0.0,11.2,5,527.308,3.250,249.380
1028.1,62.91,0.0,0.0,11.5,0,527.381,3.224,245.606
1028.1,62.74,35.9,0.0,11.7,6,527.363,3.220,243.093
1028.1,62.63,21.0,0.4,14.0,6,527.259,3.218,239.333
1028.1,62.47,1.7,0.3,16.3,6,527.138,3.216,236.833
1041.0,62.21,38.0,0.2,19.8,0,526.878,3.219,233.102
1041.0,61.93,2.6,0.0,20.3,5,526.524,3.231,229.394
1041.0,61.76,6.3,0.0,19.5,5,526.238,3.241,226.936
1041.0,61.52,7.0,0.0,18.3,5,525.737,3.258,223.272
1053.4,61.35,6.7,0.0,15.9,5,525.356,3.268,220.844
1053.4,61.06,0.6,3.3,10.4,5,524.710,3.286,217.228
1053.4,60.85,0.0,4.1,7.8,5,524.231,3.300,214.837
1053.4,60.60,36.3,0.0,4.7,5,523.441,3.326,211.281
1065.4,60.66,78.5,0.0,3.3,5,522.870,3.345,208.925
1065.4,60.87,85.6,0.0,3.6,5,521.949,3.374,205.398
1065.4,61.02,85.6,0.0,4.3,5,521.297,3.394,203.049
1065.4,61.26,85.7,0.0,3.5,5,520.276,3.425,199.526
1077.6,61.42,85.7,0.0,1.9,5,519.574,3.446,197.176
1077.6,61.67,85.7,0.0,0.2,5,518.496,3.477,193.645
1077.6,61.83,85.8,0.0,-1.5,5,517.766,3.497,191.286
1077.6,62.07,85.8,0.0,-3.2,5,516.664,3.526,187.737
1090.1,62.31,85.8,0.0,-3.9,5,515.562,3.554,184.173
1090.1,62.46,85.9,0.0,-4.3,5,514.833,3.571,181.786
1090.1,62.70,85.9,0.0,-5.0,5,513.757,3.595,178.190
1090.1,62.85,86.0,0.0,-5.7,5,513.053,3.609,175.780
1102.7,62.54,1.1,50.7,-6.4,5,512.028,3.629,172.154
1102.7,61.92,0.0,66.5,-6.4,5,511.372,3.641,169.751
1102.7,60.79,0.0,82.5,-5.8,5,510.436,3.659,166.188
1102.7,59.92,0.0,81.2,-4.9,5,509.845,3.670,163.845
1115.0,58.65,0.0,75.8,-3.3,5,509.011,3.685,160.386
1115.0,57.80,0.0,70.2,-2.3,5,508.491,3.694,158.114
1115.0,56.67,0.0,61.5,-0.8,5,507.768,3.709,154.754
1115.0,55.98,0.0,54.9,-0.6,5,507.326,3.720,152.544
1126.6,55.05,0.0,40.0,-0.2,5,506.719,3.734,149.268
1126.6,54.33,0.0,23.9,-1.7,5,506.184,3.748,146.030
1126.6,53.99,0.0,12.5,-4.1,5,505.867,3.756,143.887
1126.6,53.64,0.0,2.9,-9.1,5,505.447,3.765,140.685
1137.8,53.49,0.3,0.2,-12.8,5,505.205,3.770,138.556
1137.8,53.30,2.5,0.0,-17.1,5,504.895,3.774,135.367
1137.8,53.17,0.8,0.3,-18.6,5,504.722,3.775,133.245
1137.8,52.98,4.9,0.0,-20.1,5,504.517,3.772,130.066
1148.9,52.87,9.7,0.0,-21.3,5,504.414,3.766,127.952
1148.9,52.69,15.6,0.0,-19.3,5,504.319,3.752,124.786
1148.9,52.56,12.2,1.2,-16.6,5,504.301,3.743,122.681
1148.9,52.32,0.0,7.4,-10.8,5,504.346,3.734,119.534
1160.2,52.12,0.0,1.7,-7.4,0,504.425,3.733,117.447
1160.2,51.93,3.5,0.0,-4.3,4,504.602,3.727,114.330
1160.2,51.79,15.3,0.0,-2.7,4,504.762,3.720,112.261
1160.2,51.60,23.6,0.0,-1.4,4,505.075,3.716,109.176
1171.1,51.52,25.9,0.0,-0.4,4,505.457,3.706,106.107
1171.1,51.44,25.4,0.0,-2.5,4,505.758,3.700,104.069
1171.1,51.29,20.2,0.0,-5.3,4,506.278,3.696,101.032
1171.1,51.21,14.1,0.0,-6.5,4,506.656,3.683,99.017
1182.0,50.98,16.1,0.0,-7.8,4,507.285,3.662,96.016
1182.0,50.88,27.8,0.0,-9.8,4,507.760,3.659,94.035
1182.0,50.81,17.5,0.0,-11.9,4,508.515,3.639,91.079
1182.0,50.73,10.6,0.0,-13.2,4,509.046,3.614,89.119
1192.7,50.48,10.7,0.0,-17.0,4,509.921,3.586,86.212
1192.7,50.38,17.7,0.0,-20.8,4,510.545,3.567,84.294
1192.7,50.24,14.8,0.0,-26.7,4,511.538,3.534,81.443
1192.7,50.13,15.0,0.0,-31.3,4,512.237,3.509,79.561
1203.2,49.98,14.2,0.0,-37.2,4,513.338,3.470,76.767
1203.2,49.87,15.3,0.0,-39.9,4,514.106,3.441,74.923
1203.2,49.72,18.6,0.0,-41.6,4,515.309,3.398,72.189
1203.2,49.66,33.0,0.0,-40.5,4,516.146,3.368,70.387
1213.5,49.67,59.4,0.0,-36.7,4,517.459,3.325,67.713
1213.5,49.80,57.7,0.0,-31.4,4,518.846,3.285,65.071
1213.5,49.88,62.8,0.0,-29.1,4,519.812,3.262,63.328
1223.5,50.09,80.6,0.0,-21.8,4,521.323,3.230,60.739
1223.5,50.26,75.0,0.0,-15.3,4,522.372,3.210,59.028
1223.5,50.22,4.9,23.3,-5.5,4,524.000,3.181,56.487
1223.5,49.86,0.0,44.3,-0.6,4,525.111,3.162,54.821
1233.5,49.00,0.0,68.4,8.5,4,526.794,3.135,52.375
1233.5,48.30,0.0,72.7,12.2,4,527.910,3.118,50.779
1233.5,47.16,0.0,76.0,13.4,4,529.553,3.091,48.431
1233.5,46.36,0.0,78.3,12.3,4,530.619,3.072,46.892
1242.9,45.17,0.0,81.5,10.1,0,532.162,3.045,44.618
1242.9,44.42,31.1,76.8,8.5,0,533.152,3.028,43.123
1242.9,43.37,0.0,38.4,6.6,3,534.576,3.002,40.906
1242.9,42.71,0.0,10.4,4.5,3,535.928,2.975,38.707
1251.6,42.47,0.0,3.2,4.0,3,536.791,2.956,37.238
1251.6,42.24,0.6,0.0,6.5,3,538.027,2.926,35.018
1251.6,42.11,3.4,0.0,10.8,3,538.813,2.905,33.526
1251.6,41.95,8.8,0.0,18.9,3,539.938,2.872,31.269
1260.1,41.86,9.2,0.0,23.8,3,540.652,2.850,29.752
1260.1,41.73,8.9,0.0,28.3,3,541.673,2.815,27.462
1260.1,41.64,7.8,0.0,29.3,3,542.319,2.791,25.924
1260.1,41.54,32.4,0.0,28.9,3,543.233,2.754,23.604
1268.5,41.61,52.1,0.0,27.3,3,543.805,2.730,22.043
1268.5,41.85,65.2,0.0,25.3,3,544.609,2.694,19.673
1268.5,42.00,58.6,0.0,25.2,3,545.109,2.669,18.072
1268.5,42.17,48.3,0.0,26.4,3,545.803,2.632,15.645
1277.5,42.24,40.6,0.0,27.7,3,546.228,2.606,14.011
1277.5,42.32,46.1,0.0,30.9,3,546.804,2.567,11.541
1277.5,42.39,49.5,0.0,32.6,3,547.148,2.540,9.882
1277.5,42.56,57.5,0.0,33.5,3,547.601,2.502,7.376
1286.6,42.71,53.8,0.0,36.2,3,547.984,2.463,4.847
1286.6,42.83,50.1,0.0,37.9,3,548.201,2.435,3.150
1286.6,42.93,45.0,0.0,41.0,3,548.468,2.392,0.592
1286.6,42.97,35.6,0.0,42.6,3,548.606,2.362,-1.120
1295.9,42.96,33.4,0.0,44.5,3,548.750,2.317,-3.693
1295.9,42.96,32.6,0.0,45.5,3,548.805,2.287,-5.410
1295.9,42.97,40.4,0.0,46.8,3,548.826,2.241,-7.987
1295.9,43.03,50.9,0.0,48.8,3,548.802,2.209,-9.706
1305.3,43.16,49.3,0.0,51.9,3,548.707,2.159,-12.290
1305.3,43.19,35.2,0.0,53.9,3,548.604,2.126,-14.013
1305.3,43.13,27.3,0.0,56.7,3,548.387,2.077,-16.594
1305.3,43.07,19.9,0.0,58.0,3,548.201,2.045,-18.308
1314.8,42.92,18.3,0.0,58.6,3,547.858,2.002,-20.864
1314.8,42.76,18.3,0.0,56.8,3,547.439,1.960,-23.400
1314.8,42.66,18.7,0.0,54.9,3,547.118,1.934,-25.078
1314.8,42.52,19.5,0.0,51.4,3,546.570,1.898,-27.574
1323.8,42.42,20.8,0.0,49.0,3,546.161,1.876,-29.223
1323.8,42.31,24.1,0.0,45.0,3,545.482,1.845,-31.672
1323.8,42.29,33.7,0.0,43.7,3,544.988,1.824,-33.290
1323.8,42.32,42.1,0.0,42.4,3,544.188,1.792,-35.698
1333.0,42.37,48.7,0.0,42.3,3,543.614,1.770,-37.292
1333.0,42.45,38.2,0.0,42.2,3,542.694,1.737,-39.664
1333.0,42.46,39.7,0.0,41.7,3,542.040,1.716,-41.231
1333.0,42.55,48.9,0.0,38.9,3,540.999,1.687,-43.559
1342.1,42.63,53.4,0.0,35.8,3,540.266,1.670,-45.096
1342.1,42.88,78.4,0.0,31.6,3,539.107,1.644,-47.382
1342.1,43.12,85.8,0.0,28.5,3,538.295,1.626,-48.898
1342.1,43.50,85.9,0.0,22.5,3,537.017,1.600,-51.159
1351.0,43.88,84.4,0.0,15.4,3,535.665,1.575,-53.404
1351.0,44.11,82.2,0.0,10.6,3,534.722,1.560,-54.889
1351.0,44.44,81.1,0.0,3.9,3,533.248,1.537,-57.098
1351.0,44.69,84.8,0.0,0.9,3,532.226,1.522,-58.558
1360.1,45.09,86.3,0.0,-0.4,3,530.637,1.500,-60.732
1360.1,45.35,86.4,0.0,0.5,3,529.542,1.484,-62.171
1360.1,45.80,86.3,0.0,3.2,3,527.847,1.458,-64.316
1360.1,46.08,86.3,0.0,6.1,3,526.685,1.440,-65.738
1369.1,46.49,86.5,0.0,10.1,3,524.896,1.411,-67.861
1369.1,46.77,86.5,0.0,11.3,3,523.676,1.390,-69.271
1369.1,47.19,86.6,0.0,11.6,3,521.804,1.357,-71.378
1369.1,47.45,86.7,0.0,10.9,3,520.528,1.335,-72.775
1378.4,47.85,86.7,0.0,9.6,3,518.572,1.299,-74.859
1378.4,48.12,86.8,0.0,8.8,3,517.239,1.275,-76.239
1378.4,48.51,86.8,0.0,9.7,3,515.197,1.236,-78.295
1378.4,48.77,86.9,0.0,11.8,3,513.808,1.207,-79.655
1387.9,49.14,86.9,0.0,14.2,3,511.678,1.165,-81.677
1387.9,49.50,87.0,0.0,14.9,0,509.494,1.125,-83.673
1387.9,49.47,0.0,0.0,14.1,0,508.009,1.100,-84.983
1397.5,49.68,85.1,0.0,12.5,4,505.747,1.065,-86.909
1397.5,49.92,85.2,0.0,11.5,4,504.209,1.040,-88.174
1397.5,50.22,85.4,0.0,10.1,4,501.860,0.999,-90.045
1397.5,50.45,85.4,0.0,7.2,4,500.265,0.970,-91.272
1407.4,50.80,85.4,0.0,3.6,4,497.828,0.924,-93.083
1407.4,51.02,85.4,0.0,2.1,4,496.175,0.893,-94.271
1407.4,51.37,85.5,0.0,2.4,4,493.656,0.848,-96.027
1407.4,51.61,85.5,0.0,3.4,4,491.953,0.818,-97.185
1417.6,51.96,85.6,0.0,3.8,4,489.370,0.776,-98.909
1417.6,52.19,85.6,0.0,3.0,4,487.630,0.750,-100.053
1417.6,52.54,85.7,0.0,1.1,4,484.996,0.713,-101.763
1417.6,52.88,85.8,0.0,-0.5,4,482.335,0.679,-103.471
1428.1,53.12,85.8,0.0,-1.1,4,480.548,0.656,-104.611
1428.1,53.46,85.9,0.0,-1.7,4,477.852,0.622,-106.329
1428.1,53.68,86.0,0.0,-2.4,4,476.046,0.600,-107.480
1428.1,54.03,86.1,0.0,-4.5,4,473.326,0.567,-109.222
1438.9,54.25,86.1,0.0,-4.7,4,471.508,0.544,-110.396
1438.9,54.56,86.2,0.0,-3.9,4,468.777,0.516,-112.182
1438.9,54.80,86.2,0.0,-4.2,4,466.956,0.498,-113.391
1438.9,55.10,86.4,0.0,-5.0,4,464.225,0.476,-115.236
1450.3,55.32,86.3,0.0,-6.3,4,462.404,0.457,-116.483
1450.3,55.62,86.3,0.0,-8.3,4,459.677,0.428,-118.389
1450.3,55.78,86.4,0.0,-9.3,4,457.865,0.412,-119.684
1450.3,56.10,86.6,0.0,-9.9,4,455.154,0.383,-121.664
1461.9,56.29,86.5,0.0,-10.3,4,453.355,0.362,-123.011
1461.9,56.57,86.6,0.0,-10.2,4,450.673,0.332,-125.076
1461.9,56.76,86.6,0.0,-9.5,4,448.900,0.315,-126.487
1461.9,57.03,86.7,0.0,-9.3,4,446.263,0.296,-128.655
1473.6,57.32,86.7,0.0,-9.5,4,443.652,0.274,-130.877
1473.6,57.50,86.7,0.0,-10.4,4,441.927,0.261,-132.392
1473.6,57.76,86.8,0.0,-9.1,4,439.366,0.245,-134.714
1473.6,57.94,86.8,0.0,-8.4,4,437.677,0.237,-136.296
1485.6,58.22,86.8,0.0,-8.2,4,435.168,0.229,-138.714
1485.6,58.41,86.9,0.0,-8.4,4,433.511,0.224,-140.355
1485.6,58.68,86.9,0.0,-8.5,4,431.047,0.217,-142.857
1485.6,58.85,86.9,0.0,-8.0,4,429.420,0.211,-144.552
1497.6,59.12,87.0,0.0,-7.0,4,427.002,0.203,-147.136
1497.6,59.29,87.0,0.0,-6.7,0,425.407,0.199,-148.886
1497.6,59.23,85.3,0.0,-5.6,5,423.045,0.195,-151.544
1497.6,59.40,85.3,0.0,-4.6,5,421.492,0.195,-153.337
1509.7,59.65,85.3,0.0,-4.9,5,419.185,0.198,-156.063
1509.7,59.90,85.4,0.0,-5.7,5,416.902,0.202,-158.828
1509.7,60.07,85.4,0.0,-6.0,5,415.392,0.202,-160.692
1509.7,60.31,85.5,0.0,-6.3,5,413.145,0.199,-163.519
1521.6,60.47,85.5,0.0,-6.1,5,411.661,0.195,-165.424
1521.6,60.71,85.6,0.0,-6.4,5,409.457,0.188,-168.315
1521.6,60.88,85.6,0.0,-6.3,5,408.003,0.180,-170.263
1521.6,61.10,85.7,0.0,-7.4,5,405.848,0.166,-173.221
1533.7,61.27,85.7,0.0,-6.1,5,404.430,0.157,-175.215
1533.7,61.50,85.7,0.0,-5.6,5,402.331,0.140,-178.241
1533.7,61.67,85.7,0.0,-5.2,5,400.949,0.126,-180.279
1533.7,61.90,85.8,0.0,-4.8,5,398.901,0.104,-183.369
1545.9,62.06,85.8,0.0,-4.3,5,397.553,0.090,-185.449
1545.9,62.31,85.8,0.0,-3.8,5,395.554,0.069,-188.599
1545.9,62.46,85.9,0.0,-3.6,5,394.234,0.055,-190.716
1545.9,62.70,85.9,0.0,-3.2,5,392.273,0.037,-193.917
1558.4,62.93,86.0,0.0,-2.4,5,390.331,0.022,-197.147
1558.4,63.09,86.0,0.0,-2.1,5,389.046,0.013,-199.315
1558.4,63.34,86.0,0.0,-2.0,5,387.130,0.002,-202.588
1558.4,63.50,86.0,0.0,-2.0,5,385.858,-0.004,-204.783
1571.0,63.73,86.1,0.0,-1.7,5,383.959,-0.010,-208.093
1571.0,63.89,86.1,0.0,-1.5,5,382.698,-0.014,-210.312
1571.0,64.12,86.1,0.0,-0.7,5,380.812,-0.019,-213.657
1571.0,64.27,86.2,0.0,-0.8,5,379.558,-0.022,-215.897
1583.8,64.51,86.2,0.0,-1.2,5,377.680,-0.026,-219.273
1583.8,64.65,86.2,0.0,-1.4,5,376.430,-0.028,-221.533
1583.8,64.88,86.3,0.0,-1.4,5,374.556,-0.029,-224.937
1583.8,65.03,86.3,0.0,-1.2,5,373.309,-0.030,-227.216
1596.7,65.26,86.3,0.0,-1.0,5,371.441,-0.031,-230.649
1596.7,65.41,86.3,0.0,-0.9,5,370.198,-0.033,-232.948
1596.7,65.63,86.4,0.0,-1.0,5,368.336,-0.037,-236.409
1609.8,65.86,86.4,0.0,-1.2,5,366.476,-0.046,-239.887
1609.8,65.99,86.5,0.0,-1.1,5,365.238,-0.052,-242.215
1609.8,66.22,86.5,0.0,-1.2,5,363.383,-0.062,-245.721
1609.8,66.36,86.5,0.0,-1.2,5,362.148,-0.071,-248.067
1623.0,66.57,86.5,0.0,-1.2,5,360.300,-0.085,-251.601
1623.0,66.71,86.6,0.0,-1.2,5,359.070,-0.094,-253.966
1623.0,66.93,86.6,0.0,-1.1,5,357.230,-0.110,-257.527
1623.0,67.07,86.6,0.0,-1.1,5,356.006,-0.120,-259.911
1636.4,67.28,86.7,0.0,-1.1,5,354.175,-0.135,-263.501
1636.4,67.42,86.7,0.0,-0.9,5,352.957,-0.147,-265.903
1636.4,67.61,86.7,0.0,-0.9,5,351.134,-0.163,-269.520
1636.4,67.75,86.7,0.0,-1.0,5,349.921,-0.173,-271.940
1649.9,67.96,86.7,0.0,-0.7,5,348.103,-0.190,-275.583
1649.9,68.16,86.8,0.0,-0.4,5,346.288,-0.207,-279.241
1649.9,68.29,86.8,0.0,-0.2,5,345.080,-0.218,-281.687
1649.9,68.49,86.8,0.0,-0.2,5,343.268,-0.237,-285.369
1663.5,68.63,86.8,0.0,-0.2,5,342.060,-0.251,-287.830
1663.5,68.82,86.8,0.0,-0.2,5,340.247,-0.273,-291.533
1663.5,68.95,86.9,0.0,-0.2,5,339.038,-0.287,-294.009
1663.5,69.14,86.9,0.0,-0.2,5,337.221,-0.309,-297.731
1677.3,69.25,87.0,0.0,-0.1,5,336.008,-0.327,-300.219
1677.3,69.45,86.9,0.0,0.1,5,334.186,-0.355,-303.959
1677.3,69.56,87.0,0.0,0.1,5,332.969,-0.370,-306.459
1677.3,69.74,87.0,0.0,0.1,5,331.141,-0.390,-310.216
1691.2,69.86,87.1,0.0,-0.1,0,329.919,-0.405,-312.727
1691.2,69.78,85.8,0.0,-0.2,6,328.087,-0.431,-316.494
1691.2,69.89,85.8,0.0,-0.2,6,326.865,-0.447,-319.005
1691.2,70.07,85.8,0.0,-0.1,6,325.027,-0.472,-322.781
1705.2,70.19,85.9,0.0,0.0,6,323.800,-0.487,-325.303
1705.2,70.36,85.9,0.0,0.0,6,321.957,-0.511,-329.095
1705.2,70.54,85.9,0.0,-0.1,6,320.110,-0.535,-332.896
1705.2,70.65,85.9,0.0,-0.2,6,318.876,-0.551,-335.436
1719.3,70.82,86.0,0.0,-0.1,6,317.022,-0.575,-339.253
1719.3,70.94,86.0,0.0,-0.1,6,315.784,-0.592,-341.804
1719.3,71.11,86.0,0.0,-0.1,6,313.924,-0.616,-345.637
1719.3,71.22,86.0,0.0,-0.1,6,312.682,-0.633,-348.198
1733.5,71.39,86.0,0.0,-0.1,6,310.817,-0.658,-352.048
1733.5,71.50,86.1,0.0,-0.1,6,309.571,-0.675,-354.620
1733.5,71.67,86.1,0.0,-0.0,6,307.701,-0.701,-358.486
1733.5,71.78,86.1,0.0,-0.0,6,306.452,-0.719,-361.068
1747.8,71.94,86.1,0.0,-0.1,6,304.577,-0.748,-364.950
1747.8,72.05,86.2,0.0,-0.1,6,303.325,-0.768,-367.543
1747.8,72.21,86.2,0.0,-0.2,6,301.444,-0.799,-371.440
1747.8,72.37,86.2,0.0,-0.1,6,299.560,-0.829,-375.347
1762.2,72.47,86.2,0.0,-0.0,6,298.302,-0.851,-377.956
1762.2,72.64,86.2,0.0,0.0,6,296.414,-0.885,-381.878
1762.2,72.74,86.3,0.0,-0.0,6,295.153,-0.908,-384.498
1762.2,72.90,86.3,0.0,-0.1,6,293.260,-0.941,-388.435
1776.8,73.00,86.3,0.0,-0.1,6,291.996,-0.962,-391.065
1776.8,73.16,86.3,0.0,-0.0,6,290.097,-0.994,-395.016
1776.8,73.26,86.3,0.0,-0.0,6,288.829,-1.016,-397.656
1776.8,73.41,86.3,0.0,-0.0,6,286.923,-1.050,-401.621
1791.4,73.51,86.3,0.0,0.1,6,285.651,-1.074,-404.270
1791.4,73.66,86.4,0.0,0.1,6,283.738,-1.107,-408.249
1791.4,73.76,86.4,0.0,0.2,6,282.461,-1.126,-410.906
1791.4,73.91,86.4,0.0,0.2,6,280.541,-1.153,-414.898
1806.1,74.01,86.4,0.0,0.3,6,279.258,-1.172,-417.564
1806.1,74.15,86.5,0.0,0.2,6,277.330,-1.201,-421.568
1806.1,74.25,86.5,0.0,0.3,6,276.041,-1.220,-424.242
1806.1,74.40,86.5,0.0,0.3,6,274.104,-1.250,-428.258
1821.0,74.54,86.5,0.0,0.2,6,272.160,-1.280,-432.281
1821.0,74.64,86.5,0.0,0.2,6,270.860,-1.300,-434.967
1821.0,74.78,86.5,0.0,0.2,6,268.906,-1.331,-439.000
1821.0,74.88,86.6,0.0,0.4,6,267.599,-1.351,-441.693
1835.9,75.02,86.6,0.0,0.4,6,265.633,-1.382,-445.737
1835.9,75.11,86.6,0.0,0.4,6,264.319,-1.401,-448.436
1835.9,75.25,86.6,0.0,0.4,6,262.341,-1.429,-452.489
1835.9,75.34,86.6,0.0,0.4,6,261.018,-1.448,-455.195
1851.0,75.48,86.6,0.0,0.4,6,259.027,-1.474,-459.257
1851.0,75.57,86.7,0.0,0.5,6,257.694,-1.491,-461.969
1851.0,75.71,86.7,0.0,0.7,6,255.690,-1.519,-466.040
1851.0,75.79,86.7,0.0,0.6,6,254.349,-1.538,-468.756
1866.1,75.92,86.7,0.0,0.7,6,252.331,-1.564,-472.835
1866.1,76.01,86.7,0.0,0.6,6,250.981,-1.582,-475.557
1866.1,76.13,86.7,0.0,0.3,6,248.949,-1.609,-479.644
1881.3,76.27,86.7,0.0,0.2,6,246.907,-1.634,-483.734
1881.3,76.35,86.8,0.0,0.2,6,245.541,-1.650,-486.464
1881.3,76.48,86.8,0.0,0.4,6,243.486,-1.674,-490.562
1881.3,76.56,86.8,0.0,0.6,6,242.112,-1.690,-493.296
1896.6,76.68,86.8,0.0,0.4,6,240.045,-1.713,-497.402
1896.6,76.77,86.8,0.0,0.3,6,238.663,-1.727,-500.142
1896.6,76.90,86.8,0.0,-0.0,6,236.583,-1.751,-504.256
1896.6,76.97,86.8,0.0,0.0,6,235.193,-1.767,-507.001
1912.0,77.09,86.8,0.0,0.2,6,233.102,-1.790,-511.123
1912.0,77.17,86.8,0.0,0.3,6,231.705,-1.805,-513.873
1912.0,77.30,86.9,0.0,0.3,6,229.604,-1.829,-518.003
1912.0,77.37,86.9,0.0,0.2,6,228.200,-1.846,-520.759
1927.4,77.49,86.9,0.0,0.1,6,226.088,-1.872,-524.897
1927.4,77.57,86.9,0.0,0.1,6,224.677,-1.889,-527.658
1927.4,77.67,86.9,0.0,0.0,6,222.556,-1.909,-531.804
1927.4,77.79,86.9,0.0,-0.0,6,220.430,-1.931,-535.954
1942.9,77.87,86.9,0.0,-0.1,6,219.011,-1.947,-538.725
1942.9,77.98,86.9,0.0,-0.1,6,216.879,-1.975,-542.886
1942.9,78.06,86.9,0.0,-0.1,6,215.457,-1.997,-545.663
1942.9,78.16,87.0,0.0,-0.3,6,213.324,-2.035,-549.836
1958.5,78.23,87.0,0.0,-0.5,6,211.902,-2.063,-552.621
1958.5,78.35,87.0,0.0,-0.7,6,209.769,-2.107,-556.806
1958.5,78.42,87.0,0.0,-0.7,6,208.348,-2.138,-559.601
1958.5,78.53,87.0,0.0,-0.5,6,206.218,-2.186,-563.799
1974.2,78.59,87.0,0.0,-0.4,0,204.800,-2.221,-566.603
1974.2,78.47,86.1,0.0,-0.4,7,202.680,-2.271,-570.811
1974.2,78.54,86.1,0.0,-0.5,7,201.270,-2.305,-573.616
1974.2,78.64,86.1,0.0,-0.6,7,199.159,-2.358,-577.832
1989.9,78.71,86.1,0.0,-0.5,7,197.754,-2.393,-580.648
1989.9,78.82,86.1,0.0,-0.5,7,195.649,-2.449,-584.878
1989.9,78.92,86.1,0.0,-0.3,7,193.547,-2.502,-589.117
1989.9,78.99,86.2,0.0,-0.1,7,192.148,-2.537,-591.948
2005.7,79.10,86.1,0.0,0.2,7,190.051,-2.593,-596.202
2005.7,79.17,86.1,0.0,0.4,7,188.654,-2.632,-599.041
2005.7,79.26,86.2,0.0,0.4,7,186.557,-2.688,-603.306
2005.7,79.33,86.2,0.0,0.5,7,185.157,-2.726,-606.152
2021.5,79.42,86.2,0.0,0.7,7,183.053,-2.784,-610.424
2021.5,79.48,86.3,0.0,1.0,7,181.646,-2.817,-613.273
2021.5,79.59,86.2,0.0,1.2,7,179.529,-2.870,-617.550
2021.5,79.67,86.2,0.0,1.3,7,178.111,-2.906,-620.402
2037.5,79.76,86.3,0.0,1.2,7,175.973,-2.956,-624.680
2037.5,79.82,86.3,0.0,1.2,7,174.539,-2.985,-627.531
2037.5,79.91,86.3,0.0,1.3,7,172.376,-3.026,-631.806
2037.5,79.98,86.3,0.0,1.2,7,170.925,-3.052,-634.656
2053.4,80.08,86.3,0.0,1.0,7,168.735,-3.088,-638.929
2053.4,80.17,86.3,0.0,0.9,7,166.529,-3.122,-643.200
2053.4,80.22,86.3,0.0,1.0,7,165.050,-3.141,-646.046
2053.4,80.32,86.3,0.0,1.0,7,162.820,-3.167,-650.314
2069.4,80.37,86.4,0.0,0.8,7,161.326,-3.181,-653.159
2069.4,80.46,86.4,0.0,0.7,7,159.073,-3.198,-657.426
2069.4,80.52,86.4,0.0,1.1,7,157.565,-3.206,-660.270
2069.4,80.61,86.4,0.0,0.8,7,155.291,-3.214,-664.536
2085.5,80.67,86.4,0.0,1.7,7,153.768,-3.217,-667.379
2085.5,80.75,86.4,0.0,2.4,7,151.471,-3.218,-671.642
2085.5,80.81,86.4,0.0,2.2,7,149.929,-3.216,-674.481
2085.5,80.89,86.4,0.0,1.9,7,147.596,-3.209,-678.734
2101.6,80.94,86.4,0.0,1.8,7,146.028,-3.202,-681.565
2101.6,81.02,86.5,0.0,1.4,7,143.656,-3.188,-685.805
2101.6,81.07,86.4,0.0,1.4,7,142.062,-3.177,-688.628
2101.6,81.15,86.4,0.0,1.0,7,139.653,-3.155,-692.856
2117.8,81.23,86.5,0.0,0.6,7,137.225,-3.127,-697.080
2117.8,81.28,86.5,0.0,0.8,7,135.599,-3.106,-699.894
2117.8,81.36,86.5,0.0,0.7,7,133.150,-3.071,-704.113
2117.8,81.41,86.5,0.0,0.5,7,131.512,-3.045,-706.926
2134.0,81.48,86.5,0.0,0.8,7,129.046,-3.002,-711.145
2134.0,81.53,86.5,0.0,1.1,7,127.397,-2.970,-713.957
2134.0,81.60,86.5,0.0,1.6,7,124.913,-2.916,-718.173
2134.0,81.65,86.5,0.0,1.8,7,123.249,-2.877,-720.982
2150.2,81.71,86.5,0.0,2.3,7,120.737,-2.812,-725.189
2150.2,81.77,86.5,0.0,2.4,7,119.052,-2.767,-727.991
2150.2,81.79,53.6,25.7,2.0,7,116.504,-2.690,-732.184
2150.2,81.37,2.1,55.8,1.7,7,114.796,-2.635,-734.967
2166.5,80.19,0.0,81.9,1.3,7,112.241,-2.546,-739.091
2166.5,79.24,0.0,87.2,0.8,7,110.550,-2.485,-741.795
2166.5,77.77,0.0,91.5,0.6,7,108.035,-2.390,-745.781
2182.2,76.26,0.0,91.4,0.8,7,105.548,-2.295,-749.678
2182.2,75.26,0.0,92.0,1.6,7,103.908,-2.232,-752.227
2182.2,73.75,0.0,91.5,2.4,7,101.471,-2.139,-755.977
2182.2,72.76,0.0,91.7,3.1,7,99.862,-2.078,-758.428
2197.0,71.31,7.6,95.2,2.5,0,97.472,-1.997,-762.032
2197.0,70.22,0.0,90.2,0.4,6,95.893,-1.946,-764.383
2197.0,68.75,0.0,89.8,-0.1,6,93.537,-1.865,-767.825
2197.0,67.79,0.0,91.3,0.1,6,91.977,-1.813,-770.068
2210.7,66.31,0.0,91.0,0.1,6,89.654,-1.737,-773.354
2210.7,65.31,0.0,89.6,1.2,6,88.118,-1.686,-775.493
2210.7,63.90,35.1,91.9,2.7,0,85.834,-1.609,-778.628
2210.7,62.94,0.0,91.8,2.5,5,84.326,-1.560,-780.670
2223.4,61.47,0.0,90.6,2.1,5,82.088,-1.489,-783.660
2223.4,60.51,0.0,90.0,2.2,5,80.612,-1.444,-785.604
2223.4,59.09,0.0,90.1,2.2,5,78.420,-1.380,-788.449
2223.4,57.67,0.0,86.7,2.5,5,76.254,-1.318,-791.205
2235.2,56.77,0.0,86.5,3.0,5,74.824,-1.279,-792.993
2235.2,55.44,36.6,90.0,3.5,0,72.695,-1.224,-795.604
2235.2,54.56,0.0,86.7,3.5,4,71.287,-1.188,-797.296
2235.2,53.25,0.0,73.1,3.0,4,69.189,-1.135,-799.759
2246.0,52.49,0.0,55.8,2.4,4,67.798,-1.101,-801.353
2246.0,51.58,0.0,28.6,1.0,4,65.713,-1.050,-803.675
2246.0,51.14,0.0,18.8,0.4,4,64.315,-1.017,-805.181
2246.0,50.68,0.0,11.8,2.4,4,62.196,-0.967,-807.381
2256.1,50.44,0.0,10.0,6.2,4,60.767,-0.933,-808.812
2256.1,50.11,0.0,8.6,12.2,4,58.598,-0.882,-810.907
2256.1,49.90,0.0,7.7,15.1,4,57.135,-0.848,-812.272
2256.1,49.59,0.0,8.5,17.7,4,54.918,-0.796,-814.270
2266.0,49.39,0.0,6.5,18.0,4,53.425,-0.762,-815.570
2266.0,49.10,0.0,6.3,18.0,4,51.159,-0.712,-817.467
2266.0,48.81,0.0,3.1,16.9,4,48.863,-0.661,-819.298
2266.0,48.64,0.0,3.3,16.6,4,47.313,-0.628,-820.480
2275.8,48.39,0.2,0.1,16.4,4,44.961,-0.578,-822.195
2275.8,48.24,1.9,0.0,17.3,4,43.375,-0.546,-823.299
2275.8,48.03,9.7,0.0,18.2,4,40.969,-0.498,-824.896
2275.8,47.92,10.5,0.0,19.1,4,39.347,-0.466,-825.921
2285.5,47.75,12.3,0.0,20.2,4,36.886,-0.418,-827.397
2285.5,47.64,9.7,0.0,21.1,4,35.228,-0.385,-828.341
2285.5,47.46,9.7,0.0,22.0,4,32.717,-0.337,-829.696
2285.5,47.34,6.7,0.0,22.7,4,31.029,-0.305,-830.558
2295.3,47.14,9.0,0.0,23.3,4,28.476,-0.257,-831.790
2295.3,47.03,9.1,0.0,23.0,4,26.762,-0.226,-832.569
2295.3,46.85,11.2,0.0,22.2,4,24.171,-0.178,-833.673
2295.3,46.73,11.1,0.0,21.5,4,22.432,-0.145,-834.365
2305.1,46.56,9.8,0.0,20.9,4,19.808,-0.096,-835.337
2305.1,46.44,7.0,0.0,21.3,4,18.050,-0.063,-835.943
2305.1,46.24,5.3,0.0,22.5,4,15.401,-0.016,-836.789
2305.1,46.05,9.1,0.0,23.2,4,12.741,0.030,-837.557
2314.8,45.94,9.6,0.0,22.5,4,10.962,0.060,-838.025
2314.8,45.77,8.4,0.0,21.2,4,8.285,0.108,-838.661
2314.8,45.64,5.6,0.0,20.4,4,6.497,0.140,-839.041
2314.8,45.46,5.4,0.0,19.2,4,3.811,0.188,-839.546
2324.1,45.33,4.1,0.0,18.4,4,2.020,0.218,-839.841
2324.1,45.15,4.0,0.0,17.3,4,-0.668,0.264,-840.220
2324.1,45.02,3.4,0.0,17.1,4,-2.459,0.293,-840.431
2324.1,44.83,4.1,0.0,17.7,4,-5.142,0.336,-840.686
2333.6,44.71,2.2,0.0,16.8,4,-6.928,0.363,-840.816
2333.6,44.53,4.4,0.0,14.6,4,-9.602,0.403,-840.951
2333.6,44.41,1.2,0.1,14.4,4,-11.380,0.429,-841.002
2333.6,44.33,40.5,0.0,15.0,4,-14.041,0.466,-841.023
2343.0,44.43,65.6,0.0,15.4,4,-15.815,0.489,-841.001
2343.0,44.57,26.5,24.1,15.7,4,-18.486,0.522,-840.917
2343.0,44.13,0.0,25.6,16.5,4,-21.145,0.553,-840.772
2343.0,43.80,0.0,7.8,16.0,4,-22.899,0.572,-840.643
2352.5,43.62,34.1,0.0,14.6,4,-25.508,0.597,-840.402
2352.5,43.76,80.1,0.0,14.6,4,-27.244,0.612,-840.206
2352.5,44.08,82.0,0.0,15.8,4,-29.856,0.632,-839.861
2352.5,44.28,81.4,0.0,16.9,4,-31.602,0.644,-839.596
2361.9,44.59,82.6,0.0,18.4,4,-34.229,0.661,-839.145
2361.9,44.79,83.6,0.0,19.4,4,-35.984,0.672,-838.808
2361.9,45.09,83.1,0.0,19.9,4,-38.621,0.689,-838.246
2361.9,45.30,82.4,0.0,19.6,4,-40.381,0.700,-837.833
2371.4,45.58,74.8,0.0,19.4,4,-43.021,0.717,-837.156
2371.4,45.74,70.6,0.0,19.2,4,-44.780,0.726,-836.666
2371.4,45.97,72.3,0.0,19.8,4,-47.414,0.739,-835.872
2371.4,46.12,75.9,0.0,20.5,4,-49.166,0.746,-835.304
2381.0,46.38,76.5,0.0,20.5,4,-51.785,0.756,-834.391
2381.0,46.64,77.7,0.0,21.0,4,-54.395,0.766,-833.403
2381.0,46.82,78.4,0.0,21.3,4,-56.128,0.772,-832.704
2390.8,47.09,81.1,0.0,21.5,4,-58.717,0.779,-831.597
2390.8,47.29,82.9,0.0,21.5,4,-60.437,0.781,-830.820
2390.8,47.57,84.7,0.0,21.4,4,-63.004,0.782,-829.594
2390.8,47.78,84.8,0.0,21.4,4,-64.706,0.782,-828.735
2400.5,48.07,84.3,0.0,21.8,4,-67.245,0.781,-827.386
2400.5,48.26,80.3,0.0,22.4,4,-68.926,0.778,-826.446
2400.5,48.51,75.7,0.0,22.9,4,-71.429,0.773,-824.976
2400.5,48.66,77.4,0.0,23.6,4,-73.083,0.768,-823.956
2410.3,48.92,82.4,0.0,24.6,4,-75.540,0.759,-822.366
2410.3,49.10,82.7,0.0,24.8,4,-77.161,0.753,-821.265
2410.3,49.37,82.5,0.0,25.2,4,-79.570,0.742,-819.555
2410.3,49.53,73.5,0.0,25.2,4,-81.158,0.733,-818.377
2420.1,49.69,57.4,0.0,25.3,4,-83.509,0.718,-816.551
2420.1,49.84,73.6,0.0,26.8,4,-85.818,0.702,-814.659
2420.1,50.01,84.3,0.0,27.5,4,-87.335,0.690,-813.361
2420.1,50.28,81.5,0.0,27.9,4,-89.580,0.669,-811.358
2429.8,50.45,76.5,0.0,28.2,4,-91.055,0.654,-809.987
2429.8,50.67,79.4,0.0,29.0,4,-93.233,0.629,-807.876
2429.8,50.85,84.3,0.0,28.8,4,-94.661,0.612,-806.433
2429.8,50.84,14.2,0.0,28.8,4,-96.759,0.586,-804.216
2439.6,50.73,13.9,0.0,29.8,4,-98.124,0.568,-802.711
2439.6,50.57,13.8,0.0,29.0,4,-100.115,0.540,-800.415
2439.6,50.49,50.6,0.0,27.6,4,-101.406,0.520,-798.860
2439.6,50.74,85.4,0.0,24.4,4,-103.293,0.489,-796.483
2449.2,50.93,85.5,0.0,24.2,4,-104.525,0.467,-794.866
2449.2,51.22,85.6,0.0,23.2,4,-106.330,0.431,-792.392
2449.2,51.41,85.6,0.0,22.4,4,-107.506,0.406,-790.710
2449.2,51.69,85.7,0.0,21.9,4,-109.226,0.365,-788.140
2459.2,51.85,61.8,0.0,20.8,4,-110.900,0.319,-785.524
2459.2,51.95,48.6,0.0,15.7,4,-111.988,0.281,-783.756
2459.2,52.13,81.7,0.0,7.0,4,-113.567,0.223,-781.065
2459.2,52.28,86.2,0.0,2.8,4,-114.588,0.183,-779.244
2469.5,52.51,77.7,0.0,-4.4,4,-116.071,0.124,-776.474
2469.5,52.69,84.4,0.0,-8.0,4,-117.031,0.083,-774.603
2469.5,52.99,86.2,0.0,-10.7,4,-118.437,0.011,-771.763
2469.5,53.26,86.1,0.0,-13.8,4,-119.358,-0.044,-769.850
2480.1,53.59,86.1,0.0,-11.7,4,-120.714,-0.130,-766.947
2480.1,53.81,86.0,0.0,-6.8,4,-121.612,-0.188,-764.996
2480.1,54.16,86.1,0.0,-0.3,4,-122.972,-0.274,-762.058
2480.1,54.38,86.2,0.0,0.8,4,-123.895,-0.334,-760.094
2491.1,54.75,86.2,0.0,-0.4,4,-125.301,-0.432,-757.141
2491.1,54.96,86.2,0.0,-2.6,4,-126.255,-0.500,-755.167
2491.1,55.29,86.3,0.0,-3.9,4,-127.712,-0.602,-752.199
2491.1,55.62,86.3,0.0,-4.4,4,-129.198,-0.704,-749.225
2502.3,55.85,86.3,0.0,-4.5,4,-130.206,-0.773,-747.237
2502.3,56.17,86.4,0.0,-4.3,4,-131.744,-0.877,-744.252
2502.3,56.38,86.5,0.0,-3.9,4,-132.790,-0.946,-742.260
2502.3,56.72,86.5,0.0,-3.3,4,-134.387,-1.048,-739.269
2513.8,56.92,86.7,0.0,-3.6,4,-135.471,-1.116,-737.274
2513.8,57.25,86.7,0.0,-3.3,4,-137.122,-1.227,-734.276
2513.8,57.45,86.7,0.0,-3.5,4,-138.240,-1.306,-732.275
2513.8,57.76,86.8,0.0,-3.2,4,-139.944,-1.432,-729.272
2525.6,57.97,86.8,0.0,-2.8,4,-141.097,-1.518,-727.268
2525.6,58.27,86.8,0.0,-3.7,4,-142.852,-1.656,-724.258
2525.6,58.48,86.8,0.0,-3.4,4,-144.039,-1.753,-722.250
2525.6,58.79,86.9,0.0,-3.3,4,-145.846,-1.900,-719.237
2537.4,58.98,86.9,0.0,-2.3,4,-147.070,-1.999,-717.227
2537.4,59.29,87.0,0.0,-2.2,4,-148.932,-2.147,-714.211
2537.4,59.59,87.0,0.0,-3.5,4,-150.822,-2.297,-711.191
2537.4,59.68,0.0,0.0,-3.6,0,-152.098,-2.397,-709.177
2549.3,59.75,85.3,0.0,-3.0,5,-154.030,-2.545,-706.166
2549.3,59.93,85.4,0.0,-2.3,5,-155.334,-2.639,-704.162
2549.3,60.21,85.4,0.0,-1.8,5,-157.314,-2.776,-701.154
2549.3,60.38,85.6,0.0,-1.9,5,-158.649,-2.867,-699.149
2561.4,60.66,85.5,0.0,-1.9,5,-160.673,-3.001,-696.137
2561.4,60.84,85.6,0.0,-2.4,5,-162.036,-3.088,-694.128
2561.4,61.11,85.6,0.0,-2.2,5,-164.100,-3.214,-691.111
2561.4,61.28,85.6,0.0,-1.8,5,-165.489,-3.294,-689.098
2573.7,61.54,85.7,0.0,-1.3,5,-167.593,-3.405,-686.075
2573.7,61.72,85.7,0.0,-1.1,5,-169.007,-3.473,-684.058
2573.7,61.97,85.8,0.0,-1.1,5,-171.146,-3.568,-681.027
2573.7,62.15,85.8,0.0,-1.1,5,-172.583,-3.625,-679.004
2586.2,62.40,85.9,0.0,-1.0,5,-174.754,-3.699,-675.965
2586.2,62.65,85.9,0.0,-0.9,5,-176.944,-3.758,-672.920
2586.2,62.82,86.0,0.0,-1.0,5,-178.414,-3.791,-670.887
2598.8,63.07,86.0,0.0,-1.0,5,-180.633,-3.831,-667.833
2598.8,63.23,86.0,0.0,-1.0,5,-182.122,-3.853,-665.793
2598.8,63.48,86.1,0.0,-0.9,5,-184.370,-3.882,-662.728
2598.8,63.64,86.1,0.0,-0.9,5,-185.877,-3.900,-660.681
2611.5,63.88,86.1,0.0,-0.9,5,-188.152,-3.924,-657.606
2611.5,64.04,86.2,0.0,-1.0,5,-189.678,-3.939,-655.552
2611.5,64.27,86.2,0.0,-0.9,5,-191.979,-3.958,-652.467
2611.5,64.43,86.2,0.0,-0.8,5,-193.522,-3.969,-650.407
2624.3,64.66,86.2,0.0,-0.7,5,-195.850,-3.982,-647.313
2624.3,64.81,86.3,0.0,-0.9,5,-197.410,-3.988,-645.247
2624.3,65.04,86.3,0.0,-0.9,5,-199.763,-3.994,-642.143
2624.3,65.18,86.3,0.0,-0.8,5,-201.339,-3.997,-640.070
2637.3,65.41,86.4,0.0,-0.7,5,-203.717,-3.996,-636.957
2637.3,65.55,86.4,0.0,-0.7,5,-205.310,-3.993,-634.878
2637.3,65.77,86.4,0.0,-0.8,5,-207.713,-3.981,-631.756
2637.3,65.99,86.5,0.0,-1.1,5,-210.130,-3.963,-628.630
2650.4,66.13,86.5,0.0,-1.1,5,-211.750,-3.948,-626.543
2650.4,66.35,86.5,0.0,-1.4,5,-214.193,-3.926,-623.409
2650.4,66.49,86.5,0.0,-1.6,5,-215.831,-3.911,-621.318
2650.4,66.69,86.6,0.0,-1.9,5,-218.304,-3.888,-618.180
2663.6,66.83,86.6,0.0,-2.2,5,-219.963,-3.874,-616.088
2663.6,67.05,86.6,0.0,-1.7,5,-222.470,-3.855,-612.951
2663.6,67.18,86.6,0.0,-1.5,5,-224.153,-3.845,-610.860
2663.6,67.39,86.7,0.0,-1.9,5,-226.696,-3.836,-607.724
2677.0,67.53,86.7,0.0,-1.7,5,-228.402,-3.833,-605.634
2677.0,67.73,86.7,0.0,-1.4,5,-230.979,-3.834,-602.501
2677.0,67.86,86.7,0.0,-1.1,5,-232.709,-3.837,-600.412
2677.0,67.98,36.3,12.3,-0.9,5,-235.319,-3.847,-597.281
2690.6,67.48,0.0,55.3,-1.1,5,-237.934,-3.863,-594.165
2690.6,66.81,0.0,73.3,-1.3,5,-239.668,-3.877,-592.111
2690.6,65.56,0.0,84.9,-0.6,5,-242.238,-3.903,-589.079
2690.6,64.65,0.0,87.9,-0.3,5,-243.928,-3.923,-587.095
2703.9,63.24,0.0,89.7,0.1,5,-246.424,-3.957,-584.178
2703.9,62.32,0.0,91.1,0.1,5,-248.061,-3.982,-582.271
2703.9,60.87,0.0,90.3,0.1,5,-250.476,-4.022,-579.470
2703.9,59.95,0.0,91.2,0.1,5,-252.058,-4.049,-577.642
2716.2,58.51,0.0,90.1,0.6,5,-254.390,-4.090,-574.956
2716.2,57.58,0.0,90.1,0.6,5,-255.916,-4.117,-573.204
2716.2,56.18,0.0,90.9,0.5,5,-258.164,-4.157,-570.632
2716.2,55.26,0.0,91.2,0.2,5,-259.634,-4.184,-568.955
2727.5,53.88,37.4,91.5,-0.4,0,-261.798,-4.224,-566.495
2727.5,52.95,0.0,91.5,-0.7,4,-263.212,-4.252,-564.891
2727.5,51.57,0.0,91.7,-1.5,4,-265.293,-4.293,-562.542
2727.5,50.20,0.0,92.4,-2.5,4,-267.324,-4.335,-560.260
2737.9,49.25,0.0,91.3,-3.0,4,-268.652,-4.363,-558.777
2737.9,47.85,0.0,90.1,-2.7,4,-270.603,-4.402,-556.611
2737.9,46.95,0.0,90.3,-2.3,4,-271.879,-4.427,-555.206
2737.9,45.61,42.2,89.5,-1.8,0,-273.758,-4.462,-553.158
2747.4,44.76,0.0,89.3,-1.4,3,-274.988,-4.484,-551.833
2747.4,43.43,0.0,87.8,-1.7,3,-276.801,-4.518,-549.902
2747.4,42.59,0.0,87.2,-1.7,3,-277.988,-4.539,-548.654
2747.4,41.32,0.0,85.7,-0.8,3,-279.736,-4.571,-546.841
2756.0,40.46,0.0,84.0,-0.0,3,-280.882,-4.592,-545.671
2756.0,39.27,43.7,81.9,1.5,0,-282.573,-4.620,-543.977
2756.0,38.53,0.0,78.3,1.5,2,-283.685,-4.638,-542.887
2756.0,37.42,0.0,70.6,4.9,2,-285.334,-4.664,-541.311
2763.8,36.68,0.0,65.5,8.5,2,-286.417,-4.681,-540.298
2763.8,35.66,0.0,61.2,4.9,2,-288.016,-4.707,-538.828
2763.8,34.71,0.0,58.1,-1.2,2,-289.593,-4.731,-537.423
2763.8,34.08,0.0,58.3,-5.1,2,-290.634,-4.747,-536.523
2770.8,33.15,0.0,59.2,-9.4,2,-292.185,-4.770,-535.230
2770.8,32.52,0.0,59.2,-11.3,2,-293.209,-4.785,-534.406
2770.8,31.60,0.0,55.2,-12.2,2,-294.731,-4.805,-533.226
2770.8,31.02,0.0,49.5,-11.6,2,-295.736,-4.818,-532.477
2777.1,30.21,0.0,42.7,-6.6,2,-297.230,-4.836,-531.408
2777.1,29.72,0.0,40.1,-3.2,2,-298.220,-4.847,-530.731
2777.1,29.03,0.0,37.6,-8.3,2,-299.697,-4.863,-529.767
2777.1,28.61,0.0,36.0,-10.1,2,-300.677,-4.872,-529.159
2782.8,28.00,0.0,35.0,-10.1,2,-302.143,-4.885,-528.299
2782.8,27.60,49.6,34.8,-13.7,0,-303.115,-4.892,-527.758
2782.8,27.03,0.0,30.4,-19.7,1,-304.565,-4.902,-526.989
2782.8,26.66,0.0,27.6,-21.8,1,-305.525,-4.909,-526.507
2788.1,26.14,0.0,26.3,-20.8,1,-306.956,-4.917,-525.826
2788.1,25.81,0.0,23.6,-17.1,1,-307.904,-4.922,-525.400
2788.1,25.37,0.0,18.6,-14.8,1,-309.317,-4.928,-524.799
2793.1,24.99,0.0,18.1,-17.1,1,-310.721,-4.932,-524.237
2793.1,24.74,0.0,14.3,-21.7,1,-311.651,-4.934,-523.884
2793.1,24.42,0.0,12.0,-32.5,1,-313.041,-4.936,-523.389
2793.1,24.20,0.0,11.2,-36.7,1,-313.965,-4.936,-523.085
2798.6,23.90,0.0,7.9,-36.5,1,-315.348,-4.935,-522.673
2798.6,23.71,0.0,7.9,-36.2,1,-316.268,-4.933,-522.428
2798.6,23.45,0.0,7.3,-36.4,1,-317.647,-4.929,-522.107
2798.6,23.25,0.0,3.2,-42.0,1,-318.564,-4.922,-521.926
2805.6,23.09,20.7,0.0,-45.9,1,-319.935,-4.908,-521.704
2805.6,23.17,40.6,0.0,-46.2,1,-320.852,-4.901,-521.585
2805.6,23.51,56.9,0.0,-45.9,1,-322.242,-4.900,-521.437
2805.6,23.71,49.3,0.0,-42.9,1,-323.182,-4.898,-521.368
2811.3,23.86,35.9,0.0,-30.4,1,-324.607,-4.891,-521.315
2811.3,23.92,8.9,7.1,-22.7,1,-325.564,-4.887,-521.310
2811.3,23.75,0.0,11.6,-13.5,1,-326.995,-4.890,-521.338
2811.3,23.35,0.0,4.2,-8.4,1,-328.407,-4.897,-521.415
2816.6,23.21,0.0,0.6,-7.7,1,-329.334,-4.892,-521.506
2816.6,23.04,2.7,0.0,-14.9,1,-330.710,-4.883,-521.688
2816.6,22.96,5.5,0.0,-22.8,1,-331.617,-4.877,-521.839
2816.6,22.95,28.9,0.0,-38.0,1,-332.967,-4.868,-522.107
2821.5,23.05,40.5,0.0,-44.1,1,-333.863,-4.862,-522.312
2821.5,23.33,50.9,0.0,-48.3,1,-335.209,-4.852,-522.662
2821.5,23.55,54.9,0.0,-49.9,1,-336.109,-4.845,-522.922
2821.5,23.96,70.5,0.0,-52.0,1,-337.465,-4.832,-523.357
2826.3,24.27,63.2,0.0,-51.1,1,-338.374,-4.822,-523.677
2826.3,24.59,49.8,0.0,-45.8,1,-339.740,-4.805,-524.206
2826.3,24.76,42.1,0.0,-40.7,1,-340.648,-4.793,-524.592
2826.3,25.02,46.5,0.0,-34.7,1,-342.001,-4.774,-525.222
2831.2,25.20,47.4,0.0,-32.0,1,-342.897,-4.760,-525.676
2831.2,25.47,45.6,0.0,-25.5,1,-344.229,-4.740,-526.405
2831.2,25.79,52.7,0.0,-18.1,1,-345.549,-4.718,-527.193
2831.2,26.05,56.1,0.0,-11.5,1,-346.424,-4.704,-527.748
2836.3,26.54,70.8,0.0,-0.3,1,-347.733,-4.683,-528.625
2836.3,26.94,76.4,0.0,6.0,1,-348.611,-4.669,-529.235
2836.3,27.59,79.0,0.0,4.3,1,-349.942,-4.647,-530.182
2836.3,28.01,70.8,0.0,12.1,1,-350.843,-4.632,-530.833
2841.6,28.47,52.7,0.0,18.6,1,-352.219,-4.609,-531.822
2841.6,28.66,45.1,0.0,20.0,1,-353.154,-4.594,-532.477
2841.6,28.91,38.5,0.0,16.3,1,-354.583,-4.572,-533.446
2841.6,29.03,35.9,0.0,14.8,1,-355.552,-4.559,-534.081
2847.4,29.22,36.2,0.0,15.8,1,-357.029,-4.539,-535.014
2847.4,29.35,38.9,0.0,17.6,1,-358.029,-4.527,-535.623
2847.4,29.51,30.3,0.0,20.7,1,-359.552,-4.509,-536.516
2847.4,29.57,25.3,0.0,22.9,1,-360.582,-4.498,-537.094
2853.3,29.63,27.8,0.0,24.8,1,-362.148,-4.483,-537.931
2853.3,29.66,18.8,0.0,25.8,1,-363.738,-4.470,-538.728
2853.3,29.65,18.2,0.0,28.7,1,-364.811,-4.463,-539.235
2853.3,29.63,22.5,0.0,34.9,1,-366.437,-4.452,-539.954
2859.8,29.61,19.9,0.0,38.3,1,-367.533,-4.447,-540.404
2859.8,29.57,19.5,0.0,42.3,1,-369.195,-4.439,-541.031
2859.8,29.54,16.5,0.0,43.0,1,-370.313,-4.435,-541.416
2859.8,29.49,27.1,0.0,44.5,1,-372.003,-4.432,-541.943
2866.4,29.53,39.7,0.0,45.7,1,-373.140,-4.432,-542.260
2866.4,29.73,41.8,0.0,47.2,1,-374.864,-4.436,-542.691
2866.4,29.83,54.5,0.0,45.6,1,-376.029,-4.437,-542.941
2866.4,30.13,65.8,0.0,39.0,1,-377.797,-4.437,-543.263
2873.1,30.28,51.9,0.0,31.2,1,-378.992,-4.436,-543.442
2873.1,30.45,33.1,0.0,20.6,1,-380.800,-4.436,-543.659
2873.1,30.49,28.0,0.0,16.7,1,-382.015,-4.437,-543.766
2873.1,30.44,17.9,0.0,5.3,1,-383.841,-4.439,-543.871
2881.0,30.35,16.8,0.0,-5.6,1,-385.664,-4.449,-543.918
2881.0,30.26,15.6,0.0,-20.8,1,-386.876,-4.453,-543.904
2881.0,30.14,15.3,0.0,-38.5,1,-388.687,-4.455,-543.826
2881.0,30.08,15.1,0.0,-43.5,1,-389.888,-4.456,-543.741
2887.9,30.00,17.1,0.0,-30.9,1,-391.683,-4.459,-543.573
2887.9,30.01,39.4,0.0,-11.0,1,-392.874,-4.461,-543.428
2887.9,30.35,59.8,0.0,19.3,1,-394.661,-4.463,-543.154
2887.9,30.62,61.5,0.0,37.7,1,-395.861,-4.464,-542.939
2895.0,31.00,63.9,0.0,51.9,1,-397.674,-4.464,-542.577
2895.0,31.21,51.7,0.0,56.7,1,-398.888,-4.465,-542.310
2895.0,31.38,40.9,0.0,57.9,1,-400.712,-4.467,-541.862
2895.0,31.46,36.5,0.0,55.3,1,-401.924,-4.470,-541.531
2901.2,31.57,42.3,0.0,50.7,1,-403.733,-4.478,-540.983
2901.2,31.64,36.7,0.0,47.8,1,-404.932,-4.485,-540.583
2901.2,31.70,31.9,0.0,42.4,1,-406.716,-4.498,-539.928
2907.2,31.70,28.1,0.0,35.4,1,-408.477,-4.513,-539.209
2907.2,31.68,23.6,0.0,30.1,1,-409.635,-4.526,-538.694
2907.2,31.62,19.3,0.0,20.7,1,-411.347,-4.546,-537.872
2907.2,31.57,19.1,0.0,14.0,1,-412.470,-4.562,-537.291
2913.3,31.49,17.7,0.0,4.1,1,-414.123,-4.587,-536.372
2913.3,31.42,17.1,0.0,-2.0,1,-415.203,-4.604,-535.728
2913.3,31.35,16.7,0.0,-21.4,1,-416.792,-4.630,-534.717
2913.3,31.31,18.5,0.0,-20.7,1,-417.832,-4.647,-534.018
2919.3,31.38,60.0,0.0,-11.6,1,-419.362,-4.673,-532.929
2919.3,31.71,85.7,0.0,-2.6,1,-420.371,-4.690,-532.173
2919.3,32.34,87.5,0.0,10.6,1,-421.881,-4.716,-530.988
2919.3,32.78,87.3,0.0,17.7,0,-422.890,-4.734,-530.165
2925.4,32.83,84.2,0.0,24.3,2,-424.390,-4.759,-528.891
2925.4,33.19,84.5,0.0,25.5,2,-425.378,-4.775,-528.017
2925.4,33.73,84.8,0.0,23.5,2,-426.855,-4.797,-526.660
2925.4,34.26,85.1,0.0,19.9,2,-428.322,-4.819,-525.245
2932.0,34.57,85.5,0.0,15.3,2,-429.292,-4.832,-524.269
2932.0,35.05,73.9,0.0,4.4,2,-430.735,-4.854,-522.760
2932.0,35.39,84.8,0.0,0.0,2,-431.687,-4.867,-521.723
2932.0,35.97,85.6,0.0,-1.6,2,-433.109,-4.885,-520.125
2939.1,36.35,85.6,0.0,0.2,2,-434.056,-4.898,-519.032
2939.1,36.91,85.8,0.0,3.1,2,-435.480,-4.916,-517.360
2939.1,37.29,85.9,0.0,5.4,2,-436.434,-4.928,-516.224
2939.1,37.84,86.0,0.0,9.1,2,-437.873,-4.946,-514.490
2946.3,38.20,86.1,0.0,11.1,2,-438.834,-4.958,-513.314
2946.3,38.71,84.2,0.0,12.4,2,-440.275,-4.975,-511.513
2946.3,39.04,82.4,0.0,13.0,2,-441.232,-4.986,-510.288
2946.3,39.52,83.7,0.0,12.7,2,-442.656,-5.003,-508.412
2954.0,39.83,85.8,0.0,12.3,2,-443.596,-5.012,-507.134
2954.0,40.33,86.7,0.0,11.6,2,-444.989,-5.026,-505.174
2954.0,40.81,86.8,0.0,11.6,2,-446.359,-5.037,-503.163
2954.0,41.13,86.8,0.0,12.1,2,-447.258,-5.043,-501.794
2961.9,41.28,0.0,0.0,12.9,0,-448.581,-5.052,-499.701
2961.9,41.41,85.0,0.0,12.5,3,-449.437,-5.056,-498.288
2961.9,41.83,85.5,0.0,12.0,3,-450.692,-5.062,-496.129
2961.9,42.10,85.5,0.0,12.2,3,-451.508,-5.064,-494.663
2969.9,42.53,85.6,0.0,12.5,3,-452.702,-5.065,-492.423
2969.9,42.78,85.8,0.0,12.9,3,-453.479,-5.067,-490.904
2969.9,43.22,83.9,0.0,11.4,3,-454.613,-5.073,-488.588
2969.9,43.64,85.9,0.0,10.9,3,-455.707,-5.080,-486.224
2978.3,43.92,85.9,0.0,11.8,3,-456.413,-5.086,-484.622
2978.3,44.33,86.1,0.0,12.7,3,-457.437,-5.097,-482.181
2978.3,44.62,86.1,0.0,13.5,3,-458.095,-5.107,-480.529
2978.3,45.02,86.2,0.0,14.9,3,-459.046,-5.123,-478.015
2986.9,45.30,86.2,0.0,15.7,3,-459.655,-5.137,-476.314
2986.9,45.69,86.4,0.0,15.8,3,-460.530,-5.160,-473.730
2986.9,45.95,86.4,0.0,15.1,3,-461.086,-5.177,-471.984
2986.9,46.34,86.5,0.0,14.0,3,-461.878,-5.206,-469.332
2995.8,46.60,86.6,0.0,13.6,3,-462.376,-5.226,-467.541
2995.8,46.98,86.7,0.0,12.6,3,-463.077,-5.260,-464.824
2995.8,47.22,86.7,0.0,12.4,3,-463.512,-5.283,-462.992
2995.8,47.60,86.8,0.0,12.4,3,-464.118,-5.321,-460.213
3005.0,47.83,86.9,0.0,12.4,3,-464.487,-5.347,-458.342
3005.0,48.20,86.9,0.0,12.2,3,-464.990,-5.388,-455.506
3005.0,48.56,87.0,0.0,12.8,3,-465.429,-5.429,-452.637
3005.0,48.81,87.0,0.0,13.5,3,-465.686,-5.456,-450.708
3014.5,49.16,87.0,0.0,16.0,3,-466.018,-5.496,-447.788
3014.5,49.28,0.0,0.0,17.3,0,-466.203,-5.522,-445.828
3014.5,49.33,85.1,0.0,15.1,4,-466.426,-5.562,-442.881
3014.5,49.56,85.1,0.0,13.5,4,-466.539,-5.589,-440.907
3024.2,49.89,85.2,0.0,12.1,4,-466.658,-5.629,-437.927
3024.2,50.11,85.2,0.0,11.7,4,-466.703,-5.656,-435.928
3024.2,50.44,85.3,0.0,11.4,4,-466.721,-5.695,-432.912
3024.2,50.66,85.4,0.0,12.6,4,-466.700,-5.721,-430.891
3034.2,50.98,85.5,0.0,14.8,4,-466.614,-5.758,-427.843
3034.2,51.19,85.5,0.0,16.0,4,-466.521,-5.782,-425.802
3034.2,51.50,85.7,0.0,15.7,4,-466.325,-5.815,-422.729
3034.2,51.69,85.7,0.0,14.4,4,-466.154,-5.835,-420.673
3045.0,52.00,85.8,0.0,13.5,4,-465.836,-5.861,-417.579
3045.0,52.21,85.8,0.0,13.2,4,-465.582,-5.878,-415.511
3045.0,52.47,86.0,0.0,13.1,4,-465.139,-5.899,-412.402
3056.4,52.78,86.0,0.0,12.8,4,-464.621,-5.919,-409.288
3056.4,52.95,86.3,0.0,11.9,4,-464.234,-5.932,-407.210
3056.4,53.20,84.0,0.0,11.1,4,-463.597,-5.954,-404.091
3056.4,53.30,69.4,0.0,10.3,4,-463.137,-5.974,-402.011
3067.6,53.55,55.7,0.0,8.3,4,-462.400,-6.019,-398.894
3067.6,53.62,69.5,0.0,8.0,4,-461.860,-6.046,-396.820
3067.6,53.83,86.2,0.0,9.1,4,-460.972,-6.076,-393.723
3067.6,54.00,86.2,0.0,10.8,4,-460.330,-6.092,-391.665
3078.7,54.26,86.3,0.0,13.7,4,-459.294,-6.113,-388.587
3078.7,54.45,86.3,0.0,15.5,4,-458.559,-6.126,-386.542
3078.7,54.72,86.3,0.0,17.5,4,-457.394,-6.146,-383.482
3078.7,54.91,86.3,0.0,17.4,4,-456.576,-6.159,-381.448
3089.6,55.19,86.4,0.0,15.9,4,-455.287,-6.176,-378.407
3089.6,55.37,86.4,0.0,14.0,4,-454.388,-6.185,-376.387
3089.6,55.66,86.4,0.0,11.0,4,-452.978,-6.195,-373.370
3089.6,55.95,86.5,0.0,8.4,4,-451.503,-6.205,-370.365
3100.5,56.15,86.5,0.0,6.9,4,-450.485,-6.213,-368.368
3100.5,56.44,86.6,0.0,5.7,4,-448.909,-6.226,-365.381
3100.5,56.64,86.6,0.0,5.5,4,-447.827,-6.235,-363.395
3100.5,56.94,86.6,0.0,6.2,4,-446.159,-6.248,-360.425
3111.7,57.14,86.6,0.0,6.9,4,-445.020,-6.257,-358.448
3111.7,57.43,86.7,0.0,7.4,4,-443.273,-6.270,-355.489
3111.7,57.63,86.7,0.0,7.3,4,-442.083,-6.278,-353.520
3111.7,57.92,86.8,0.0,7.3,4,-440.258,-6.288,-350.573
3123.1,58.11,86.8,0.0,7.6,4,-439.016,-6.295,-348.614
3123.1,58.38,86.9,0.0,7.2,4,-437.113,-6.306,-345.684
3123.1,58.57,86.9,0.0,6.7,4,-435.817,-6.313,-343.737
3123.1,58.85,86.9,0.0,6.1,4,-433.832,-6.322,-340.828
3134.8,59.11,87.0,0.0,5.0,4,-431.799,-6.328,-337.933
3134.8,59.29,87.0,0.0,4.4,4,-430.417,-6.331,-336.010
3134.8,59.33,0.0,0.0,3.0,0,-428.310,-6.331,-333.139
3134.8,59.42,85.3,0.0,2.3,5,-426.888,-6.328,-331.238
3146.7,59.67,85.3,0.0,1.7,5,-424.728,-6.320,-328.393
3146.7,59.84,85.4,0.0,1.6,5,-423.271,-6.313,-326.499
3146.7,60.10,85.4,0.0,1.2,5,-421.066,-6.302,-323.656
3146.7,60.27,85.4,0.0,0.7,5,-419.584,-6.293,-321.759
3158.7,60.53,85.5,0.0,-0.1,5,-417.347,-6.279,-318.909
3158.7,60.69,85.6,0.0,-0.6,5,-415.847,-6.269,-317.004
3158.7,60.94,85.6,0.0,-0.8,5,-413.589,-6.255,-314.139
3158.7,61.11,85.6,0.0,-0.9,5,-412.078,-6.245,-312.222
3170.9,61.35,85.7,0.0,-1.1,5,-409.809,-6.228,-309.334
3170.9,61.52,85.7,0.0,-1.0,5,-408.293,-6.217,-307.399
3170.9,61.76,85.7,0.0,-1.0,5,-406.019,-6.200,-304.483
3170.9,61.93,85.7,0.0,-1.1,5,-404.502,-6.188,-302.529
3183.3,62.17,85.8,0.0,-1.1,5,-402.226,-6.168,-299.584
3183.3,62.41,85.9,0.0,-0.9,5,-399.949,-6.149,-296.620
3183.3,62.57,85.9,0.0,-0.7,5,-398.431,-6.135,-294.635
3183.3,62.81,86.0,0.0,-0.6,5,-396.152,-6.115,-291.642
3195.7,62.97,86.0,0.0,-0.6,5,-394.633,-6.102,-289.638
3195.7,63.21,86.0,0.0,-0.8,5,-392.351,-6.081,-286.618
3195.7,63.37,86.0,0.0,-0.8,5,-390.829,-6.067,-284.595
3195.7,63.60,86.1,0.0,-0.7,5,-388.543,-6.048,-281.549
3208.4,63.76,86.1,0.0,-0.4,5,-387.017,-6.036,-279.510
3208.4,63.98,86.1,0.0,-0.4,5,-384.726,-6.013,-276.439
3208.4,64.13,86.1,0.0,-0.5,5,-383.197,-5.996,-274.384
3208.4,64.36,86.2,0.0,-0.4,5,-380.898,-5.969,-271.289
3221.2,64.51,86.2,0.0,-0.3,5,-379.363,-5.950,-269.219
3221.2,64.74,86.2,0.0,-0.2,5,-377.058,-5.923,-266.102
3221.2,64.96,86.3,0.0,-0.4,5,-374.746,-5.896,-262.972
3221.2,65.11,86.3,0.0,-0.5,5,-373.202,-5.878,-260.879
3234.2,65.33,86.3,0.0,-0.3,5,-370.881,-5.849,-257.730
3234.2,65.47,86.4,0.0,-0.1,5,-369.330,-5.827,-255.624
3234.2,65.69,86.4,0.0,0.3,5,-366.998,-5.793,-252.456
3234.2,65.83,86.4,0.0,0.4,5,-365.439,-5.769,-250.337
3247.3,66.04,86.5,0.0,0.6,5,-363.094,-5.733,-247.152
3247.3,66.18,86.5,0.0,0.6,5,-361.526,-5.707,-245.023
3247.3,66.39,86.5,0.0,0.5,5,-359.164,-5.667,-241.824
3247.3,66.52,86.5,0.0,0.6,5,-357.584,-5.638,-239.687
3260.5,66.73,86.6,0.0,0.4,5,-355.205,-5.595,-236.475
3260.5,66.87,86.6,0.0,0.3,5,-353.612,-5.567,-234.330
3260.5,67.07,86.6,0.0,0.0,5,-351.212,-5.525,-231.107
3260.5,67.22,86.6,0.0,0.1,5,-349.607,-5.498,-228.955
3273.9,67.42,86.7,0.0,0.2,5,-347.190,-5.462,-225.720
3273.9,67.61,86.7,0.0,0.2,5,-344.763,-5.426,-222.477
3273.9,67.74,86.7,0.0,0.1,5,-343.140,-5.398,-220.311
3287.4,67.94,86.8,0.0,0.1,5,-340.698,-5.356,-217.055
3287.4,68.06,86.8,0.0,0.1,5,-339.066,-5.327,-214.880
3287.4,68.25,86.8,0.0,0.0,5,-336.610,-5.280,-211.610
3287.4,68.39,86.8,0.0,0.0,5,-334.968,-5.249,-209.426
3301.1,68.57,86.8,0.0,0.1,5,-332.500,-5.201,-206.143
3301.1,68.70,86.9,0.0,0.0,5,-330.850,-5.170,-203.949
3301.1,68.88,86.9,0.0,-0.1,5,-328.371,-5.121,-200.650
3301.1,69.00,86.9,0.0,-0.1,5,-326.714,-5.086,-198.447
3314.9,69.18,86.9,0.0,-0.2,5,-324.224,-5.033,-195.133
3314.9,69.30,86.9,0.0,-0.2,5,-322.561,-4.997,-192.918
3314.9,69.47,87.0,0.0,-0.2,5,-320.063,-4.940,-189.589
3314.9,69.60,87.0,0.0,-0.3,5,-318.394,-4.903,-187.364
3328.8,69.77,87.0,0.0,-0.3,5,-315.888,-4.848,-184.018
3328.8,69.94,87.0,0.0,-0.3,0,-313.378,-4.791,-180.662
3328.8,69.87,0.0,0.0,-0.3,0,-311.704,-4.754,-178.422
3328.8,69.96,85.8,0.0,-0.2,6,-309.197,-4.699,-175.062
3342.7,70.07,85.8,0.0,-0.1,6,-307.523,-4.663,-172.816
3342.7,70.22,85.9,0.0,-0.3,6,-305.011,-4.607,-169.440
3342.7,70.34,85.9,0.0,-0.3,6,-303.333,-4.568,-167.185
3342.7,70.50,85.9,0.0,-0.3,6,-300.815,-4.510,-163.793
3356.8,70.61,85.9,0.0,-0.4,6,-299.134,-4.471,-161.526
3356.8,70.93,86.0,0.0,-0.4,6,-294.083,-4.351,-154.701
3356.8,71.04,86.0,0.0,-0.4,6,-292.397,-4.310,-152.417
3371.0,71.20,86.0,0.0,-0.3,6,-289.866,-4.249,-148.982
3371.0,71.30,86.0,0.0,-0.3,6,-288.177,-4.208,-146.687
3371.0,71.45,86.1,0.0,-0.2,6,-285.642,-4.146,-143.237
3371.0,71.60,86.1,0.0,-0.1,6,-283.104,-4.085,-139.777
3385.3,71.71,86.1,0.0,-0.0,6,-281.410,-4.045,-137.465
3385.3,71.86,86.1,0.0,0.1,6,-278.867,-3.985,-133.990
3385.3,71.97,86.1,0.0,0.2,6,-277.168,-3.944,-131.669
3385.3,72.12,86.2,0.0,0.3,6,-274.616,-3.882,-128.181
3399.7,72.22,86.2,0.0,0.2,6,-272.912,-3.840,-125.852
3399.7,72.36,86.2,0.0,0.1,6,-270.349,-3.777,-122.353
3399.7,72.47,86.2,0.0,-0.0,6,-268.638,-3.735,-120.017
3399.7,72.62,86.2,0.0,-0.0,6,-266.065,-3.672,-116.507
3414.2,72.71,86.2,0.0,-0.1,6,-264.346,-3.629,-114.163
3414.2,72.85,86.3,0.0,-0.2,6,-261.766,-3.565,-110.641
3414.2,72.95,86.3,0.0,-0.3,6,-260.043,-3.521,-108.289
3414.2,73.10,86.3,0.0,-0.7,6,-257.458,-3.453,-104.753
3428.8,73.19,86.3,0.0,-0.6,6,-255.734,-3.407,-102.390
3428.8,73.33,86.3,0.0,-0.4,6,-253.148,-3.338,-98.836
3428.8,73.48,86.3,0.0,-0.3,6,-250.563,-3.269,-95.272
3428.8,73.56,86.3,0.0,-0.5,6,-248.839,-3.225,-92.889
3443.4,73.70,86.4,0.0,-0.4,6,-246.255,-3.159,-89.307
3443.4,73.79,86.4,0.0,-0.3,6,-244.532,-3.116,-86.914
3443.4,73.93,86.5,0.0,0.3,6,-241.947,-3.051,-83.315
3443.4,74.02,86.4,0.0,0.9,6,-240.224,-3.008,-80.910
3458.2,74.16,86.5,0.0,1.7,6,-237.634,-2.945,-77.298
3458.2,74.24,86.5,0.0,1.7,6,-235.903,-2.902,-74.887
3458.2,74.38,86.5,0.0,1.2,6,-233.295,-2.837,-71.272
3458.2,74.47,86.5,0.0,2.0,6,-231.547,-2.794,-68.863
3473.1,74.59,86.5,0.0,3.4,6,-228.910,-2.729,-65.252
3473.1,74.67,86.6,0.0,4.3,6,-227.139,-2.684,-62.849
3473.1,74.52,20.5,48.7,5.2,6,-224.461,-2.615,-59.258
3473.1,73.88,0.0,70.2,5.4,6,-222.670,-2.569,-56.889
3488.0,72.61,0.0,74.5,5.1,6,-219.989,-2.499,-53.403
3488.0,71.40,0.0,55.8,4.6,6,-217.317,-2.430,-50.007
3488.0,70.71,0.0,44.1,4.4,6,-215.535,-2.385,-47.792
3502.3,69.88,0.0,29.4,5.6,6,-212.849,-2.319,-44.539
3502.3,69.44,0.0,19.9,6.5,6,-211.044,-2.274,-42.416
3502.3,68.95,0.0,7.2,3.3,6,-208.308,-2.209,-39.294
3502.3,68.72,0.0,1.7,3.6,6,-206.463,-2.164,-37.251
3516.0,68.47,13.4,0.0,5.4,6,-203.661,-2.097,-34.237
3516.0,68.35,18.2,0.0,6.9,6,-201.772,-2.053,-32.258
3516.0,68.18,16.4,0.0,8.9,6,-198.908,-1.988,-29.330
3516.0,68.05,7.9,24.5,9.3,6,-196.979,-1.944,-27.405
3529.4,67.51,0.0,98.1,7.6,6,-194.063,-1.879,-24.568
3529.4,66.65,0.0,60.2,6.5,6,-192.115,-1.835,-22.720
3529.4,65.88,45.8,2.1,4.8,6,-189.200,-1.768,-20.024
3529.4,65.91,85.1,0.0,6.8,6,-187.239,-1.725,-18.263
3542.5,66.02,44.8,6.1,12.1,6,-184.256,-1.664,-15.661
3542.5,65.73,0.0,6.2,16.9,6,-181.231,-1.612,-13.115
3542.5,65.52,16.8,0.2,18.7,6,-179.197,-1.582,-11.455
3542.5,65.41,61.0,0.0,18.7,6,-176.115,-1.545,-9.022
3555.7,65.46,81.5,0.0,18.1,6,-174.033,-1.525,-7.437
3555.7,65.55,85.2,0.0,16.7,6,-170.862,-1.498,-5.115
3555.7,65.61,85.2,0.0,15.7,6,-168.715,-1.481,-3.609
3555.7,65.69,85.2,0.0,16.6,6,-165.444,-1.454,-1.414
3569.0,65.76,85.2,0.0,18.3,6,-163.231,-1.435,0.004
3569.0,65.80,83.4,0.0,20.4,6,-159.862,-1.400,2.057
3569.0,65.81,80.1,0.0,21.8,6,-157.584,-1.373,3.378
3569.0,65.88,84.5,0.0,23.4,6,-154.127,-1.330,5.289
3583.0,65.95,85.4,0.0,25.4,6,-151.797,-1.304,6.522
3583.0,66.00,85.8,0.0,26.1,6,-148.273,-1.279,8.321
3583.0,66.01,53.9,0.0,27.3,6,-145.898,-1.266,9.478
3583.0,65.89,60.8,0.0,30.4,6,-142.300,-1.235,11.121
3597.1,65.79,40.2,0.0,35.7,6,-138.663,-1.200,12.666
3597.1,65.66,33.7,0.0,40.4,6,-136.222,-1.176,13.641
3597.1,65.47,31.1,0.0,48.0,6,-132.539,-1.138,15.024
3597.1,65.32,22.3,0.0,52.2,6,-130.072,-1.114,15.895
3610.9,65.07,18.5,0.0,56.3,6,-126.359,-1.078,17.128
3610.9,64.88,16.9,0.0,57.2,6,-123.877,-1.056,17.900
3610.9,64.57,15.7,0.0,55.9,6,-120.146,-1.022,18.977
3610.9,64.38,14.9,0.0,54.7,6,-117.653,-0.999,19.640
3623.9,64.07,14.0,0.0,52.9,6,-113.909,-0.967,20.553
3623.9,63.84,13.6,0.0,51.8,6,-111.410,-0.945,21.105
3623.9,63.51,13.1,0.0,51.2,6,-107.662,-0.910,21.845
3623.9,63.30,13.0,0.0,51.5,6,-105.163,-0.886,22.281
3636.5,62.98,12.9,0.0,52.2,6,-101.418,-0.850,22.851
3636.5,62.77,12.8,0.0,53.3,6,-98.924,-0.826,23.176
3636.5,62.45,12.8,0.0,54.9,6,-95.188,-0.787,23.578
3636.5,62.15,12.7,0.0,55.3,6,-91.463,-0.746,23.883
3648.7,61.96,32.8,0.0,54.6,0,-88.985,-0.718,24.034
3648.7,61.65,8.5,0.0,50.4,5,-85.279,-0.676,24.182
3648.7,61.46,18.1,0.0,46.2,5,-82.817,-0.648,24.229
3648.7,61.21,22.1,0.0,39.3,5,-79.137,-0.604,24.219
3660.8,61.06,26.3,0.0,34.8,5,-76.692,-0.574,24.158
3660.8,60.88,36.4,0.0,28.1,5,-73.039,-0.528,23.985
3660.8,60.81,47.9,0.0,23.6,5,-70.611,-0.497,23.816
3660.8,60.86,79.9,0.0,17.5,5,-66.977,-0.453,23.488
3672.9,60.96,85.7,0.0,13.5,5,-64.556,-0.424,23.220
3672.9,61.13,85.7,0.0,7.9,5,-60.926,-0.379,22.742
3672.9,61.25,85.7,0.0,5.0,5,-58.507,-0.346,22.373
3672.9,61.48,85.7,0.0,3.3,5,-54.878,-0.295,21.757
3685.1,61.64,85.6,0.0,2.7,5,-52.457,-0.262,21.310
3685.1,61.86,85.7,0.0,1.6,5,-48.823,-0.217,20.596
3685.1,62.10,85.8,0.0,-1.0,5,-45.182,-0.174,19.842
3685.1,62.26,85.8,0.0,-2.6,5,-42.750,-0.146,19.325
3697.4,62.49,85.9,0.0,-4.1,5,-39.091,-0.103,18.543
3697.4,62.65,85.0,0.0,-4.8,5,-36.643,-0.077,18.026
3697.4,62.87,85.9,0.0,-5.8,5,-32.956,-0.037,17.266
3697.4,63.01,86.0,0.0,-6.6,5,-30.487,-0.012,16.776
3709.9,63.25,86.1,0.0,-7.6,5,-26.766,0.022,16.069
3709.9,63.33,86.2,0.0,-7.1,5,-24.275,0.043,15.619
3709.9,63.57,86.2,0.0,-6.2,5,-20.520,0.069,14.982
3709.9,63.74,86.1,0.0,-6.2,5,-18.005,0.085,14.585
3722.6,63.93,86.1,0.0,-8.0,5,-14.216,0.109,14.034
3722.6,64.06,86.2,0.0,-9.5,5,-11.678,0.126,13.698
3722.6,64.26,86.3,0.0,-10.4,5,-7.856,0.151,13.246
3735.6,64.46,86.3,0.0,-10.8,5,-4.015,0.176,12.858
3735.6,64.59,86.3,0.0,-10.0,5,-1.444,0.193,12.639
3735.6,64.76,86.3,0.0,-9.2,5,2.426,0.223,12.372
3735.6,64.87,86.3,0.0,-9.8,5,5.014,0.245,12.238
3748.6,65.05,86.4,0.0,-10.8,5,8.909,0.282,12.102
3748.6,65.16,86.4,0.0,-11.6,5,11.512,0.310,12.054
3748.6,65.33,86.4,0.0,-11.6,5,15.426,0.354,12.044
3748.6,65.44,86.5,0.0,-11.5,5,18.042,0.385,12.081
3762.1,65.61,86.5,0.0,-10.8,5,21.972,0.437,12.199
3762.1,65.74,86.5,0.0,-9.9,5,24.595,0.474,12.323
3762.1,65.87,86.6,0.0,-8.6,5,28.534,0.535,12.576
3762.1,66.00,86.6,0.0,-7.9,5,31.163,0.577,12.789
3775.8,66.18,86.6,0.0,-9.7,5,35.110,0.634,13.165
3775.8,66.30,86.6,0.0,-12.1,5,37.743,0.666,13.454
3775.8,66.45,86.5,0.0,-14.0,5,41.694,0.716,13.955
3775.8,66.55,86.6,0.0,-14.9,5,44.326,0.751,14.335
3789.6,66.69,86.7,0.0,-15.0,5,48.271,0.806,14.973
3789.6,66.79,86.7,0.0,-14.3,5,50.898,0.843,15.445
3789.6,66.90,86.8,0.0,-13.6,5,54.833,0.897,16.222
3789.6,67.03,86.8,0.0,-11.6,5,58.757,0.953,17.086
3803.3,67.15,86.8,0.0,-10.2,5,61.367,0.992,17.710
3803.3,67.27,86.9,0.0,-8.7,5,65.270,1.050,18.718
3803.3,67.37,86.7,0.0,-7.3,5,67.864,1.089,19.437
3803.3,67.47,86.9,0.0,-6.6,5,71.742,1.149,20.585
3817.2,67.57,86.9,0.0,-7.0,5,74.318,1.186,21.394
3817.2,67.73,86.8,0.0,-8.1,5,78.168,1.243,22.677
3817.2,67.80,86.8,0.0,-9.2,5,80.724,1.281,23.578
3817.2,67.92,86.9,0.0,-10.2,5,84.540,1.339,24.996
3831.2,68.03,86.9,0.0,-10.1,5,87.073,1.378,25.984
3831.2,68.18,86.8,0.0,-9.8,5,90.852,1.438,27.533
3831.2,68.25,86.9,0.0,-10.7,5,93.358,1.479,28.610
3831.2,68.40,86.8,0.0,-11.1,5,97.097,1.539,30.291
3844.9,68.47,86.9,0.0,-11.4,5,99.573,1.581,31.457
3844.9,68.62,86.9,0.0,-11.5,5,103.264,1.646,33.271
3844.9,68.74,87.0,0.0,-11.4,5,106.924,1.711,35.162
3844.9,68.83,87.0,0.0,-11.3,5,109.347,1.755,36.464
3858.6,68.97,86.9,0.0,-11.2,5,112.955,1.819,38.481
3858.6,69.06,86.9,0.0,-11.1,5,115.342,1.863,39.867
3858.6,69.18,87.0,0.0,-11.3,5,118.892,1.928,42.009
3858.6,69.27,87.0,0.0,-11.7,5,121.240,1.970,43.477
3872.3,69.40,87.0,0.0,-12.2,5,124.731,2.031,45.738
3872.3,69.49,87.0,0.0,-12.1,5,127.038,2.070,47.284
3872.3,69.41,0.0,0.0,-11.4,0,130.463,2.128,49.661
3872.3,69.41,83.8,0.0,-10.6,6,132.716,2.165,51.281
3886.1,69.53,85.8,0.0,-9.7,6,136.060,2.216,53.767
3886.1,69.60,85.9,0.0,-9.6,6,138.265,2.249,55.464
3886.1,69.72,85.9,0.0,-10.6,6,141.537,2.294,58.064
3886.1,69.81,85.9,0.0,-11.2,6,143.694,2.321,59.833
3900.0,69.93,85.9,0.0,-11.0,6,146.896,2.353,62.539
3900.0,70.06,85.9,0.0,-9.1,6,150.056,2.378,65.305
3900.0,70.23,85.9,0.0,-5.3,6,154.198,2.405,69.091
3914.0,70.37,85.9,0.0,-3.2,6,157.255,2.422,71.998
3914.0,70.53,85.9,0.0,-2.1,6,160.274,2.436,74.955
3914.0,70.69,85.9,0.0,-1.5,6,163.266,2.450,77.955
3928.1,70.55,19.7,58.7,-0.7,6,166.237,2.464,80.984
3928.1,69.46,0.0,79.5,-0.0,6,169.166,2.481,84.000
3928.1,67.17,0.0,88.7,0.8,6,173.917,2.512,88.920
3941.7,65.75,0.0,91.0,0.8,6,176.686,2.533,91.792
3941.7,63.37,0.0,93.0,0.5,5,181.174,2.566,96.439
3941.7,61.90,0.0,91.6,0.2,5,183.793,2.585,99.139
3954.5,60.50,0.0,92.9,0.2,5,186.356,2.605,101.771
3954.5,59.04,0.0,91.6,0.5,5,188.865,2.622,104.336
3954.5,57.60,0.0,90.5,0.5,5,191.319,2.636,106.835
3966.2,56.19,0.0,90.1,0.4,5,193.720,2.649,109.265
3966.2,54.78,0.0,90.3,0.3,5,196.070,2.664,111.628
3966.2,53.40,34.3,90.8,0.2,0,198.368,2.680,113.923
3977.1,51.53,0.0,91.3,0.9,4,201.356,2.706,116.877
3977.1,50.14,0.0,91.3,1.6,4,203.538,2.730,119.011
3977.1,48.75,0.0,90.8,2.6,4,205.673,2.755,121.075
3987.0,47.37,0.0,90.4,2.8,4,207.759,2.780,123.070
3987.0,46.01,0.0,89.0,3.6,0,209.800,2.805,124.993
3987.0,44.73,0.0,87.4,3.9,3,211.797,2.829,126.845
3987.0,43.44,0.0,84.8,4.0,3,213.755,2.852,128.627
3996.0,42.18,0.0,81.3,2.9,3,215.673,2.871,130.338
3996.0,40.99,0.0,74.7,1.0,3,217.555,2.888,131.980
3996.0,39.56,0.0,54.9,-1.9,3,220.017,2.906,134.060
4004.2,38.95,0.0,48.7,-3.4,3,221.234,2.913,135.054
4004.2,38.15,0.0,41.2,-4.3,0,223.051,2.921,136.487
4004.2,37.69,51.6,38.6,-3.8,0,224.259,2.925,137.404
4004.2,36.99,0.0,36.0,-1.3,2,226.071,2.928,138.725
4011.7,36.54,0.0,32.9,1.8,2,227.276,2.929,139.569
4011.7,35.92,0.0,30.4,7.8,2,229.082,2.929,140.781
4011.7,35.53,0.0,30.1,10.9,2,230.284,2.928,141.554
4011.7,34.97,0.0,29.4,14.8,2,232.084,2.924,142.668
4018.8,34.61,0.0,30.1,16.5,2,233.280,2.921,143.379
4018.8,34.05,0.0,28.4,17.0,2,235.070,2.914,144.400
4018.8,33.69,0.0,27.6,16.7,2,236.260,2.910,145.048
4018.8,33.17,0.0,25.3,16.5,2,238.041,2.901,145.973
4025.5,32.85,0.0,20.2,16.4,2,239.226,2.896,146.556
4025.5,32.45,0.0,13.8,17.0,2,241.003,2.886,147.383
4025.5,32.12,0.0,10.1,19.4,2,242.781,2.876,148.151
4025.5,31.93,0.0,7.5,21.5,2,243.969,2.870,148.631
4031.7,31.69,0.0,4.4,24.6,2,245.755,2.859,149.304
4031.7,31.55,0.0,3.3,26.0,2,246.950,2.853,149.720
4031.7,31.35,0.0,2.4,27.6,2,248.747,2.843,150.295
4031.7,31.23,0.0,2.3,28.7,2,249.949,2.836,150.646
4037.7,31.05,0.0,4.3,27.1,2,251.756,2.825,151.120
4037.7,30.91,0.0,4.1,24.7,2,252.963,2.817,151.403
4037.7,30.71,0.0,1.9,21.2,2,254.774,2.804,151.776
4037.7,30.60,0.0,0.3,23.8,2,255.982,2.796,151.991
4043.7,30.43,0.3,1.0,23.9,2,257.793,2.784,152.262
4043.7,30.33,0.7,0.1,26.9,2,258.999,2.777,152.410
4043.7,30.20,7.8,0.0,32.7,2,260.806,2.767,152.581
4050.6,30.09,7.0,0.0,37.3,2,262.612,2.758,152.689
4050.6,30.01,9.6,0.0,39.1,2,263.813,2.753,152.725
4050.6,29.91,13.2,0.0,41.3,2,265.611,2.746,152.724
4050.6,29.84,11.2,0.0,42.2,2,266.806,2.742,152.683
4057.4,29.75,12.6,0.0,43.6,2,268.589,2.739,152.563
4057.4,29.68,7.0,0.0,45.4,2,269.772,2.738,152.444
4057.4,29.55,10.7,0.0,50.1,2,271.533,2.737,152.208
4057.4,29.46,8.8,0.0,53.5,2,272.698,2.738,152.013
4065.5,29.30,10.8,0.0,58.5,2,274.425,2.740,151.664
4065.5,29.21,10.7,0.0,60.9,2,275.564,2.743,151.393
4065.5,29.06,6.2,0.0,64.6,2,277.249,2.751,150.929
4065.5,28.94,11.4,0.0,69.9,2,278.356,2.758,150.583
4072.5,28.80,13.5,0.0,78.3,2,279.992,2.770,150.010
4072.5,28.70,14.4,0.0,83.5,2,281.064,2.780,149.592
4072.5,28.50,12.3,0.0,82.1,2,282.640,2.799,148.912
4072.5,28.34,11.3,0.0,78.5,2,284.174,2.823,148.166
4080.3,28.23,11.5,0.0,79.0,2,285.173,2.841,147.634
4080.3,28.08,11.4,0.0,78.0,2,286.635,2.871,146.788
4080.3,27.97,11.2,0.0,73.2,2,287.585,2.892,146.193
4080.3,27.82,11.8,0.0,74.6,2,288.972,2.923,145.257
4086.5,27.71,12.2,0.0,75.0,2,289.871,2.944,144.605
4086.5,27.57,12.3,0.0,73.8,2,291.179,2.977,143.585
4086.5,27.48,12.7,0.0,72.3,2,292.023,2.999,142.879
4086.5,27.34,13.9,0.0,69.3,2,293.248,3.034,141.782
4092.1,27.27,15.3,0.0,66.6,2,294.036,3.058,141.026
4092.1,27.17,19.7,0.0,60.7,2,295.176,3.094,139.857
4092.1,27.15,25.8,0.0,55.7,2,295.908,3.118,139.056
4092.1,27.20,40.5,0.0,46.9,2,296.967,3.152,137.817
4097.3,27.31,57.5,0.0,40.1,2,297.647,3.173,136.966
4097.3,27.53,45.4,0.0,28.6,2,298.634,3.203,135.650
4097.3,27.65,46.7,0.0,20.6,2,299.267,3.222,134.747
4097.3,27.85,44.4,0.0,8.4,2,300.182,3.249,133.357
4102.7,28.14,64.2,0.0,1.8,2,301.061,3.274,131.928
4102.7,28.42,75.0,0.0,1.4,2,301.630,3.289,130.951
4102.7,28.91,77.5,0.0,4.8,2,302.467,3.311,129.450
4102.7,29.24,76.6,0.0,8.0,2,303.015,3.324,128.425
4108.2,29.72,76.6,0.0,12.3,2,303.823,3.343,126.853
4108.2,30.02,76.8,0.0,14.7,2,304.354,3.355,125.783
4108.2,30.50,74.5,0.0,16.0,2,305.134,3.371,124.146
4108.2,30.81,73.4,0.0,16.2,2,305.643,3.381,123.031
4114.1,31.24,72.7,0.0,16.4,2,306.385,3.396,121.325
4114.1,31.54,72.1,0.0,16.5,2,306.865,3.406,120.165
4114.1,31.97,72.1,0.0,16.6,2,307.558,3.420,118.392
4114.1,32.26,73.2,0.0,16.6,2,308.002,3.428,117.187
4120.4,32.71,74.1,0.0,16.9,2,308.639,3.440,115.346
4120.4,33.00,78.3,0.0,17.1,2,309.042,3.448,114.096
4120.4,33.48,75.1,0.0,15.5,2,309.614,3.459,112.186
4120.4,33.94,73.2,0.0,13.0,2,310.144,3.470,110.235
4127.1,34.24,77.8,0.0,12.0,2,310.471,3.479,108.912
4127.1,34.70,71.6,0.0,11.5,2,310.925,3.492,106.895
4127.1,35.00,81.4,0.0,11.9,2,311.200,3.501,105.529
4127.1,35.51,84.4,0.0,12.4,2,311.573,3.517,103.448
4134.1,35.85,85.1,0.0,13.0,2,311.794,3.529,102.038
4134.1,36.28,56.9,0.0,15.3,2,312.083,3.549,99.894
4134.1,36.38,29.3,0.0,13.9,2,312.244,3.563,98.449
4134.1,36.31,5.9,15.1,11.0,2,312.434,3.585,96.275
4141.3,36.06,0.0,29.4,9.1,2,312.529,3.601,94.830
4141.3,35.45,0.0,42.4,6.0,2,312.631,3.628,92.685
4141.3,34.94,0.0,52.6,4.1,2,312.677,3.648,91.277
4141.3,34.05,0.0,63.8,2.1,2,312.722,3.679,89.205
4148.1,33.38,0.0,69.0,0.0,2,312.740,3.701,87.855
4148.1,32.32,0.0,71.6,-4.2,2,312.757,3.735,85.882
4148.1,31.24,0.0,73.0,-7.8,2,312.769,3.769,83.973
4148.1,30.51,0.0,72.7,-9.6,2,312.780,3.792,82.737
4154.3,29.44,0.0,62.9,-11.9,2,312.805,3.825,80.937
4154.3,28.78,0.0,50.5,-13.2,2,312.831,3.847,79.772
4154.3,28.03,49.2,36.5,-15.2,0,312.889,3.878,78.069
4154.3,27.65,0.0,31.2,-16.3,1,312.943,3.897,76.956
4159.8,27.10,0.0,24.3,-18.4,1,313.053,3.924,75.317
4159.8,26.78,0.0,20.1,-20.2,1,313.145,3.940,74.243
4159.8,26.36,0.0,14.6,-23.4,1,313.314,3.962,72.658
4159.8,26.13,0.0,13.3,-25.1,1,313.450,3.976,71.616
4164.9,25.80,0.0,11.5,-27.1,1,313.687,3.995,70.076
4164.9,25.59,0.0,10.1,-28.2,1,313.869,4.007,69.064
4164.9,25.30,0.0,8.2,-29.6,1,314.177,4.023,67.569
4164.9,25.13,0.0,9.2,-30.1,1,314.407,4.033,66.587
4170.0,24.85,0.0,8.8,-30.3,1,314.789,4.047,65.136
4170.0,24.58,0.0,7.9,-32.4,1,315.214,4.059,63.715
4170.0,24.40,0.0,7.2,-33.8,1,315.521,4.065,62.785
4174.8,24.15,0.0,7.1,-34.7,1,316.018,4.074,61.415
4174.8,23.98,0.0,6.1,-35.1,1,316.375,4.079,60.521
4174.8,23.75,0.0,4.3,-36.1,1,316.945,4.084,59.207
4174.8,23.61,0.0,3.1,-36.9,1,317.350,4.087,58.351
4179.5,23.41,0.0,3.6,-37.6,1,317.994,4.090,57.095
4179.5,23.29,0.0,3.4,-38.8,1,318.447,4.091,56.278
4179.5,23.09,0.0,2.2,-40.1,1,319.160,4.090,55.084
4179.5,22.97,0.0,1.7,-40.6,1,319.660,4.089,54.309
4184.0,22.80,0.0,1.0,-41.0,1,320.442,4.086,53.181
4184.0,22.69,0.0,3.5,-41.4,1,320.984,4.083,52.450
4184.0,22.49,0.0,3.2,-42.1,1,321.829,4.076,51.390
4184.0,22.30,0.0,3.5,-41.5,1,322.709,4.069,50.375
4188.2,22.17,0.0,3.6,-41.0,1,323.315,4.063,49.723
4188.2,21.98,0.0,5.5,-41.0,1,324.250,4.054,48.785
4188.2,21.84,0.0,5.2,-41.2,1,324.890,4.048,48.186
4188.2,21.63,0.0,4.3,-42.8,1,325.872,4.038,47.327
4192.2,21.50,0.0,3.5,-44.4,1,326.540,4.031,46.782
4192.2,21.32,0.0,2.4,-47.0,1,327.563,4.019,46.004
4192.2,21.20,0.0,1.4,-49.0,1,328.258,4.010,45.514
4192.2,21.08,14.9,0.0,-54.8,1,329.320,3.996,44.821
4196.4,21.11,30.6,0.0,-56.6,1,330.044,3.987,44.387
4196.4,21.29,45.2,0.0,-58.3,1,331.157,3.972,43.775
4196.4,21.48,52.7,0.0,-59.2,1,331.921,3.962,43.391
4196.4,21.74,35.5,0.0,-59.0,1,333.100,3.946,42.852
4200.9,21.80,22.5,0.0,-56.5,1,333.905,3.936,42.522
4200.9,21.86,28.2,0.0,-49.7,1,335.137,3.920,42.077
4200.9,21.95,35.3,0.0,-45.5,1,335.972,3.910,41.813
4200.9,22.17,41.6,0.0,-33.9,1,337.248,3.895,41.466
4205.8,22.45,50.9,0.0,-27.6,1,338.553,3.880,41.173
4205.8,22.70,53.6,0.0,-26.8,1,339.440,3.871,41.005
4205.8,23.09,53.9,0.0,-31.2,1,340.796,3.858,40.791
4205.8,23.32,49.5,0.0,-35.0,1,341.716,3.850,40.675
4211.1,23.63,47.4,0.0,-43.3,1,343.118,3.838,40.539
4211.1,23.81,49.0,0.0,-51.1,1,344.064,3.830,40.476
4211.1,24.12,49.4,0.0,-60.4,1,345.500,3.819,40.425
4211.1,24.30,48.7,0.0,-65.8,1,346.469,3.812,40.421
4216.9,24.54,41.2,0.0,-73.8,1,347.934,3.802,40.465
4216.9,24.63,34.2,0.0,-78.5,1,348.915,3.796,40.529
4216.9,24.64,19.4,0.0,-82.6,1,350.387,3.788,40.678
4216.9,24.60,15.0,0.0,-83.7,1,351.362,3.785,40.816
4222.9,24.51,19.5,0.0,-87.3,1,352.812,3.780,41.076
4222.9,24.48,20.1,0.0,-88.2,1,353.769,3.778,41.287
4222.9,24.40,14.2,0.0,-88.0,1,355.188,3.775,41.657
4222.9,24.28,18.1,0.0,-93.3,1,356.584,3.773,42.087
4229.7,24.21,14.6,0.0,-88.1,1,357.499,3.772,42.407
4229.7,24.08,11.5,0.0,-84.1,1,358.849,3.772,42.936
4229.7,24.00,11.5,0.0,-86.4,1,359.731,3.773,43.318
4229.7,23.87,11.9,0.0,-85.1,1,361.027,3.775,43.936
4235.1,23.78,12.1,0.0,-82.0,1,361.873,3.778,44.376
4235.1,23.71,20.9,0.0,-73.4,1,363.112,3.784,45.078
4235.1,23.70,20.9,0.0,-65.8,1,363.920,3.789,45.575
4235.1,23.84,53.8,0.0,-52.4,1,365.105,3.796,46.364
4240.0,24.12,72.0,0.0,-42.1,1,365.884,3.802,46.921
4240.0,24.53,50.8,0.0,-25.8,1,367.045,3.811,47.806
4240.0,24.81,62.5,0.0,-16.7,1,367.811,3.818,48.426
4240.0,25.34,70.7,0.0,-9.0,1,368.957,3.827,49.399
4244.9,25.73,73.5,0.0,-8.5,1,369.722,3.833,50.074
4244.9,26.33,73.0,0.0,-10.9,1,370.873,3.843,51.128
4244.9,26.93,74.1,0.0,-15.2,1,372.028,3.852,52.230
4244.9,27.33,76.1,0.0,-19.0,1,372.800,3.858,52.992
4250.1,27.92,77.2,0.0,-19.0,1,373.958,3.866,54.175
4250.1,28.33,77.3,0.0,-17.8,1,374.730,3.871,54.992
4250.1,28.94,78.8,0.0,-15.8,1,375.886,3.879,56.261
4250.1,29.35,80.7,0.0,-15.5,1,376.655,3.884,57.136
4255.5,29.97,79.6,0.0,-16.0,1,377.802,3.892,58.495
4255.5,30.36,78.7,0.0,-16.3,1,378.562,3.897,59.431
4255.5,30.94,77.9,0.0,-16.9,1,379.692,3.904,60.880
4255.5,31.31,78.1,0.0,-17.3,1,380.436,3.909,61.877
4261.4,31.86,82.0,0.0,-18.1,1,381.537,3.915,63.418
4261.4,32.43,85.7,0.0,-17.6,0,382.617,3.920,65.014
4261.4,32.45,0.0,0.0,-16.4,0,383.319,3.923,66.106
4267.6,32.79,84.3,0.0,-16.5,2,384.335,3.926,67.774
4267.6,33.15,84.7,0.0,-15.6,2,384.995,3.929,68.915
4267.6,33.71,84.8,0.0,-13.7,2,385.963,3.933,70.670
4267.6,34.07,85.0,0.0,-12.7,2,386.593,3.935,71.870
4274.2,34.62,85.1,0.0,-11.9,2,387.515,3.939,73.712
4274.2,35.00,85.3,0.0,-11.5,2,388.114,3.942,74.968
4274.2,35.54,85.4,0.0,-11.3,2,388.994,3.944,76.892
4274.2,35.92,85.6,0.0,-11.2,2,389.567,3.945,78.200
4281.1,36.45,85.7,0.0,-11.4,2,390.408,3.944,80.201
4281.1,36.78,85.6,0.0,-11.3,2,390.957,3.942,81.558
4281.1,37.32,84.6,0.0,-10.0,2,391.761,3.938,83.630
4281.1,37.67,84.8,0.0,-9.3,2,392.286,3.932,85.034
4288.5,38.16,86.4,0.0,-7.2,2,393.050,3.924,87.175
4288.5,38.66,86.7,0.0,-5.5,2,393.783,3.917,89.358
4288.5,38.96,86.9,0.0,-4.9,2,394.256,3.914,90.837
4288.5,39.56,86.6,0.0,-4.6,2,394.944,3.910,93.089
4296.1,39.90,86.7,0.0,-5.7,2,395.389,3.908,94.614
4296.1,40.42,86.8,0.0,-7.1,2,396.038,3.907,96.934
4296.1,40.76,86.8,0.0,-7.2,2,396.462,3.905,98.501
4296.1,41.24,87.1,0.0,-6.2,2,397.081,3.901,100.882
4304.2,41.43,0.0,0.0,-5.2,0,397.483,3.898,102.487
4304.2,41.59,85.1,0.0,-4.0,3,398.062,3.893,104.905
4304.2,41.89,85.3,0.0,-4.1,3,398.436,3.892,106.532
4304.2,42.36,85.4,0.0,-4.4,3,398.984,3.890,108.998
4312.4,42.66,85.4,0.0,-4.7,3,399.340,3.888,110.660
4312.4,43.12,85.6,0.0,-5.0,3,399.862,3.884,113.179
4312.4,43.42,85.6,0.0,-5.3,3,400.200,3.881,114.876
4312.4,43.87,85.8,0.0,-5.7,3,400.693,3.876,117.447
4320.9,44.17,85.8,0.0,-6.0,3,401.011,3.873,119.178
4320.9,44.60,86.0,0.0,-6.6,3,401.470,3.869,121.801
4320.9,45.05,86.1,0.0,-6.8,3,401.904,3.866,124.454
4320.9,45.34,86.1,0.0,-7.0,3,402.179,3.863,126.240
4329.8,45.77,86.2,0.0,-6.9,3,402.568,3.858,128.945
4329.8,46.05,86.3,0.0,-6.8,3,402.810,3.854,130.765
4329.8,46.47,86.4,0.0,-6.9,3,403.147,3.848,133.519
4329.8,46.75,86.5,0.0,-7.0,3,403.353,3.844,135.371
4339.0,47.17,86.6,0.0,-7.4,3,403.634,3.838,138.174
4339.0,47.44,86.6,0.0,-7.5,3,403.801,3.834,140.058
4339.0,47.85,86.7,0.0,-7.8,3,404.023,3.828,142.907
4339.0,48.11,86.8,0.0,-8.1,3,404.151,3.823,144.821
4348.4,48.50,86.8,0.0,-7.9,3,404.309,3.816,147.715
4348.4,48.90,86.9,0.0,-7.9,3,404.426,3.810,150.634
4348.4,49.15,86.9,0.0,-8.5,3,404.480,3.806,152.593
4348.4,49.53,87.0,0.0,-9.3,3,404.525,3.800,155.552
4358.0,49.66,0.0,0.0,-9.6,0,404.529,3.796,157.537
4358.0,49.74,85.1,0.0,-9.6,4,404.494,3.789,160.515
4358.0,49.97,85.2,0.0,-10.0,4,404.441,3.785,162.508
4358.0,50.31,85.3,0.0,-8.3,4,404.321,3.779,165.513
4367.9,50.53,85.3,0.0,-7.8,4,404.212,3.773,167.527
4367.9,50.87,85.4,0.0,-7.9,4,404.008,3.766,170.561
4367.9,51.09,85.5,0.0,-8.7,4,403.844,3.762,172.593
4367.9,51.43,85.5,0.0,-10.2,4,403.557,3.755,175.655
4378.0,51.65,85.6,0.0,-11.5,4,403.339,3.750,177.705
4378.0,51.98,85.7,0.0,-11.8,4,402.966,3.742,180.791
4378.0,52.19,85.7,0.0,-12.2,4,402.686,3.737,182.855
4378.0,52.51,85.8,0.0,-12.3,4,402.215,3.728,185.959
4388.4,52.81,85.9,0.0,-14.9,4,401.682,3.720,189.073
4388.4,53.02,85.9,0.0,-15.6,4,401.288,3.716,191.152
4388.4,53.31,86.1,0.0,-17.1,4,400.636,3.711,194.274
4388.4,53.49,86.1,0.0,-17.5,4,400.160,3.707,196.356
4399.4,53.77,86.2,0.0,-16.3,4,399.382,3.702,199.477
4399.4,53.95,86.2,0.0,-15.9,4,398.817,3.701,201.556
4399.4,54.21,86.3,0.0,-16.7,4,397.901,3.700,204.667
4399.4,54.39,86.3,0.0,-17.7,4,397.246,3.699,206.738
4410.8,54.65,86.3,0.0,-20.1,4,396.198,3.696,209.836
4410.8,54.81,86.3,0.0,-20.9,4,395.453,3.696,211.894
4410.8,55.02,86.5,0.0,-20.5,4,394.261,3.701,214.966
4410.8,55.20,86.5,0.0,-19.5,4,393.420,3.706,217.003
4422.5,55.44,86.6,0.0,-18.1,4,392.093,3.713,220.044
4422.5,55.60,86.6,0.0,-17.4,4,391.163,3.718,222.061
4422.5,55.84,86.6,0.0,-17.3,4,389.699,3.726,225.066
4434.4,56.08,86.5,0.0,-17.8,4,388.151,3.735,228.044
4434.4,56.22,86.7,0.0,-18.8,4,387.076,3.740,230.015
4434.4,56.47,86.6,0.0,-19.5,4,385.401,3.743,232.951
4434.4,56.63,86.7,0.0,-20.0,4,384.242,3.744,234.893
4445.5,56.86,86.7,0.0,-19.1,4,382.440,3.743,237.781
4445.5,57.02,86.7,0.0,-17.7,4,381.196,3.744,239.689
4445.5,57.26,86.7,0.0,-15.5,4,379.267,3.746,242.521
4445.5,57.41,86.8,0.0,-14.0,4,377.938,3.749,244.390
4456.8,57.67,86.8,0.0,-12.1,4,375.884,3.757,247.165
4456.8,57.84,86.8,0.0,-11.5,4,374.477,3.762,248.996
4456.8,58.09,86.8,0.0,-10.5,4,372.311,3.770,251.717
4456.8,58.26,86.9,0.0,-9.6,4,370.832,3.776,253.513
4468.3,58.53,86.9,0.0,-8.4,4,368.564,3.785,256.183
4468.3,58.71,86.9,0.0,-8.2,4,367.020,3.791,257.948
4468.3,58.97,87.0,0.0,-7.7,4,364.661,3.800,260.574
4468.3,59.24,87.0,0.0,-5.6,4,362.252,3.806,263.176
4480.0,59.41,87.0,0.0,-4.6,0,360.619,3.810,264.897
4480.0,59.36,85.3,0.0,-4.1,5,358.138,3.816,267.454
4480.0,59.52,85.3,0.0,-4.2,5,356.465,3.818,269.143
4480.0,59.78,85.4,0.0,-5.0,5,353.922,3.818,271.662
4491.9,59.94,85.4,0.0,-5.7,5,352.206,3.819,273.331
4491.9,60.17,82.7,0.0,-6.4,5,349.601,3.822,275.820
4491.9,60.33,83.8,0.0,-6.8,5,347.843,3.824,277.468
4491.9,60.59,85.5,0.0,-6.3,5,345.174,3.826,279.924
4503.9,60.73,85.6,0.0,-5.1,5,343.373,3.827,281.550
4503.9,60.98,85.6,0.0,-3.6,5,340.640,3.829,283.970
4503.9,61.14,85.6,0.0,-3.1,5,338.797,3.830,285.572
4503.9,61.40,85.7,0.0,-2.1,5,336.004,3.831,287.961
4516.1,61.56,85.7,0.0,-1.4,5,334.125,3.831,289.546
4516.1,61.80,85.8,0.0,-0.7,5,331.283,3.831,291.915
4516.1,62.04,85.8,0.0,-0.4,5,328.418,3.829,294.280
4516.1,62.21,85.8,0.0,-0.1,5,326.497,3.827,295.857
4528.5,62.45,85.9,0.0,0.4,5,323.603,3.827,298.225
4528.5,62.61,85.9,0.0,0.5,5,321.666,3.827,299.807
4528.5,62.86,85.9,0.0,0.6,5,318.752,3.825,302.189
4528.5,63.02,86.0,0.0,0.7,5,316.804,3.824,303.783
4541.0,63.25,86.0,0.0,0.7,5,313.875,3.827,306.184
4541.0,63.41,86.0,0.0,0.7,5,311.918,3.831,307.792
4541.0,63.65,86.1,0.0,0.8,5,308.976,3.837,310.216
4541.0,63.80,86.1,0.0,0.9,5,307.012,3.840,311.840
4553.7,64.04,86.1,0.0,0.9,5,304.060,3.846,314.288
4553.7,64.19,86.2,0.0,0.8,5,302.089,3.852,315.928
4553.7,64.42,86.2,0.0,0.8,5,299.128,3.860,318.401
4553.7,64.57,86.2,0.0,0.9,5,297.152,3.864,320.059
4566.6,64.80,86.3,0.0,0.8,5,294.183,3.869,322.558
4566.6,65.03,86.3,0.0,0.8,5,291.210,3.870,325.073
4566.6,65.18,86.3,0.0,0.8,5,289.225,3.867,326.759
4566.6,65.40,86.3,0.0,0.9,5,286.244,3.861,329.300
4579.6,65.54,86.4,0.0,0.9,5,284.254,3.857,331.002
4579.6,65.76,86.4,0.0,1.0,5,281.266,3.849,333.568
4579.6,65.91,86.4,0.0,0.8,5,279.271,3.842,335.287
4579.6,66.12,86.5,0.0,0.6,5,276.275,3.839,337.878
4592.7,66.27,86.5,0.0,0.7,5,274.275,3.838,339.612
4592.7,66.48,86.5,0.0,0.5,5,271.270,3.839,342.224
4592.7,66.62,86.6,0.0,0.3,5,269.263,3.841,343.973
4592.7,66.83,86.6,0.0,0.0,5,266.247,3.844,346.605
4606.1,66.97,86.6,0.0,-0.0,5,264.234,3.849,348.367
4606.1,67.18,86.7,0.0,0.0,5,261.207,3.858,351.019
4606.1,67.38,86.7,0.0,0.2,5,258.173,3.869,353.681
4606.1,67.52,86.7,0.0,0.2,5,256.145,3.877,355.460
4619.5,67.71,86.7,0.0,0.3,5,253.096,3.890,358.136
4619.5,67.86,86.7,0.0,0.1,5,251.059,3.897,359.925
4619.5,68.05,86.8,0.0,0.0,5,247.996,3.911,362.616
4619.5,68.18,86.8,0.0,0.2,5,245.950,3.921,364.414
4633.1,68.38,86.8,0.0,0.3,5,242.873,3.933,367.118
4633.1,68.51,86.8,0.0,0.1,5,240.817,3.940,368.925
4633.1,68.70,86.8,0.0,0.1,5,237.726,3.948,371.643
4633.1,68.83,86.9,0.0,0.1,5,235.661,3.952,373.460
4646.8,69.02,86.9,0.0,0.2,5,232.557,3.956,376.192
4646.8,69.14,86.9,0.0,0.2,5,230.483,3.957,378.017
4646.8,69.33,86.9,0.0,0.0,5,227.365,3.956,380.762
4646.8,69.45,87.0,0.0,-0.0,5,225.282,3.953,382.596
4660.6,69.63,87.0,0.0,-0.0,5,222.152,3.949,385.354
4660.6,69.81,87.0,0.0,0.0,5,219.014,3.944,388.120
4660.6,69.93,87.0,0.0,0.1,0,216.918,3.941,389.968
4674.6,69.84,85.8,0.0,0.1,6,213.772,3.936,392.741
4674.6,69.96,85.8,0.0,0.0,6,211.675,3.931,394.590
4674.6,70.13,85.9,0.0,0.0,6,208.524,3.923,397.370
4674.6,70.24,85.9,0.0,0.0,6,206.419,3.918,399.227
4688.6,70.42,85.9,0.0,0.1,6,203.255,3.913,402.019
4688.6,70.53,85.9,0.0,0.1,6,201.142,3.909,403.884
4688.6,70.70,85.9,0.0,0.2,6,197.966,3.904,406.688
4688.6,70.81,86.0,0.0,0.2,6,195.844,3.901,408.561
4702.8,70.98,86.0,0.0,0.1,6,192.656,3.896,411.376
4702.8,71.09,86.0,0.0,0.1,6,190.527,3.892,413.257
4702.8,71.26,86.0,0.0,0.1,6,187.328,3.886,416.086
4702.8,71.37,86.1,0.0,0.1,6,185.191,3.883,417.975
4717.0,71.53,86.1,0.0,0.2,6,181.980,3.880,420.815
4717.0,71.64,86.1,0.0,0.2,6,179.836,3.878,422.713
4717.0,71.80,86.1,0.0,0.2,6,176.615,3.875,425.565
4717.0,71.97,86.1,0.0,0.2,6,173.387,3.869,428.426
4731.4,72.07,86.1,0.0,0.3,6,171.232,3.865,430.337
4731.4,72.23,86.2,0.0,0.2,6,167.994,3.859,433.210
4731.4,72.33,86.2,0.0,0.2,6,165.832,3.856,435.130
4731.4,72.49,86.2,0.0,0.1,6,162.586,3.854,438.017
4745.8,72.59,86.2,0.0,0.1,6,160.418,3.853,439.946
4745.8,72.75,86.3,0.0,0.2,6,157.163,3.853,442.845
4745.8,72.85,86.3,0.0,0.3,6,154.989,3.854,444.783
4745.8,73.00,86.3,0.0,0.2,6,151.724,3.858,447.695
4760.4,73.10,86.3,0.0,0.2,6,149.545,3.861,449.641
4760.4,73.25,86.3,0.0,0.1,6,146.271,3.864,452.566
4760.4,73.35,86.3,0.0,0.1,6,144.085,3.866,454.520
4760.4,73.50,86.4,0.0,0.1,6,140.803,3.869,457.458
4775.1,73.60,86.4,0.0,0.1,6,138.612,3.872,459.421
4775.1,73.74,86.4,0.0,0.1,6,135.320,3.875,462.371
4775.1,73.89,86.4,0.0,0.1,6,132.022,3.877,465.327
4775.1,73.98,86.4,0.0,0.1,6,129.821,3.878,467.301
4789.8,74.13,86.5,0.0,0.0,6,126.514,3.881,470.269
4789.8,74.23,86.5,0.0,0.0,6,124.306,3.882,472.250
4789.8,74.37,86.5,0.0,0.0,6,120.989,3.883,475.228
4789.8,74.46,86.5,0.0,0.0,6,118.774,3.884,477.217
4804.7,74.60,86.5,0.0,0.0,6,115.447,3.884,480.204
4804.7,74.69,86.5,0.0,-0.0,6,113.226,3.883,482.199
4804.7,74.83,86.5,0.0,-0.0,6,109.889,3.881,485.196
4804.7,74.93,86.5,0.0,0.1,6,107.660,3.878,487.198
4819.7,75.06,86.6,0.0,0.0,6,104.313,3.872,490.204
4819.7,75.16,86.6,0.0,0.0,6,102.077,3.866,492.211
4819.7,75.29,86.6,0.0,0.0,6,98.719,3.858,495.226
4819.7,75.38,86.6,0.0,-0.0,6,96.477,3.852,497.239
4834.7,75.51,86.6,0.0,-0.0,6,93.108,3.841,500.262
4834.7,75.65,86.6,0.0,-0.0,6,89.734,3.826,503.291
4834.7,75.74,86.7,0.0,-0.0,6,87.480,3.816,505.314
4834.7,75.87,86.7,0.0,-0.0,6,84.096,3.798,508.352
4849.9,75.95,86.7,0.0,-0.0,6,81.836,3.785,510.380
4849.9,76.08,86.7,0.0,-0.1,6,78.442,3.765,513.426
4849.9,76.17,86.7,0.0,-0.1,6,76.176,3.751,515.460
4849.9,76.29,86.8,0.0,-0.0,6,72.772,3.729,518.514
4865.1,76.38,86.7,0.0,-0.0,6,70.499,3.715,520.553
4865.1,76.50,86.8,0.0,-0.1,6,67.085,3.692,523.615
4865.1,76.59,86.8,0.0,-0.2,6,64.806,3.676,525.659
4865.1,76.72,86.8,0.0,-0.2,6,61.381,3.649,528.729
4880.4,76.80,86.8,0.0,-0.0,6,59.095,3.631,530.777
4880.4,76.92,86.8,0.0,-0.0,6,55.659,3.600,533.854
4880.4,77.00,86.8,0.0,-0.0,6,53.366,3.578,535.906
4880.4,77.12,86.8,0.0,0.0,6,49.920,3.543,538.989
4895.8,77.24,86.8,0.0,0.4,6,46.468,3.506,542.075
4895.8,77.32,86.9,0.0,0.5,6,44.164,3.481,544.135
4895.8,77.44,86.9,0.0,0.4,6,40.703,3.439,547.229
4895.8,77.52,86.9,0.0,0.3,6,38.393,3.410,549.296
4911.2,77.65,86.9,0.0,0.1,6,34.926,3.359,552.401
4911.2,77.73,86.9,0.0,-0.0,6,32.613,3.322,554.475
4911.2,77.80,87.0,0.0,-0.2,6,29.142,3.269,557.592
4911.2,77.89,87.0,0.0,-0.2,6,26.826,3.230,559.674
4926.8,78.00,87.0,0.0,-0.1,6,23.350,3.172,562.802
4926.8,78.08,87.0,0.0,0.0,6,21.030,3.133,564.891
4926.8,78.20,87.0,0.0,-0.0,6,17.547,3.072,568.028
4926.8,78.27,87.0,0.0,-0.1,6,15.223,3.032,570.123
4942.4,78.38,87.0,0.0,-0.5,6,11.733,2.972,573.269
4942.4,78.46,87.0,0.0,-0.7,6,9.403,2.933,575.370
4942.4,78.57,87.0,0.0,-0.7,0,5.903,2.876,578.522
4958.1,78.43,86.1,0.0,-0.6,7,2.400,2.823,581.669
4958.1,78.51,86.1,0.0,-0.5,7,0.062,2.784,583.764
4958.1,78.62,81.0,0.0,-0.7,7,-3.452,2.721,586.905
4958.1,78.50,18.2,23.5,-0.9,7,-5.798,2.681,588.997
4973.8,77.69,0.0,73.4,-1.0,7,-9.304,2.622,592.114
4973.8,76.85,0.0,83.7,-0.9,7,-11.618,2.583,594.165
4973.8,75.43,0.0,89.0,-0.6,7,-15.043,2.528,597.193
4973.8,74.46,0.0,90.3,-0.6,7,-17.294,2.493,599.175
4988.8,72.99,0.0,91.1,-0.5,7,-20.620,2.443,602.095
4988.8,72.02,29.7,92.2,-0.7,0,-22.805,2.410,604.006
4988.8,70.56,0.0,92.8,-0.9,6,-26.032,2.357,606.817
4988.8,69.57,0.0,91.9,-0.8,6,-28.150,2.322,608.655
5003.0,68.10,0.0,91.1,-0.9,6,-31.278,2.271,611.356
5003.0,67.13,0.0,90.9,-1.0,6,-33.331,2.239,613.119
5003.0,65.68,0.0,91.0,-1.3,6,-36.363,2.193,615.707
5003.0,64.72,0.0,90.1,-1.5,6,-38.353,2.163,617.396
5016.1,63.32,31.0,91.9,-1.5,0,-41.292,2.119,619.874
5016.1,61.89,0.0,92.1,-1.3,5,-44.176,2.075,622.284
5016.1,60.94,0.0,92.5,-1.4,5,-46.068,2.047,623.853
5016.1,59.49,0.0,91.1,-2.2,5,-48.861,2.003,626.149
5028.3,58.55,0.0,91.0,-2.8,5,-50.693,1.975,627.640
5028.3,57.14,0.0,91.2,-3.8,5,-53.399,1.933,629.818
5028.3,56.19,0.0,90.9,-4.2,5,-55.175,1.906,631.230
5028.3,54.79,0.0,91.3,-4.5,0,-57.798,1.867,633.284
5039.5,53.91,24.0,92.2,-4.3,0,-59.521,1.842,634.611
5039.5,52.55,0.0,86.4,-3.9,4,-62.070,1.804,636.540
5039.5,51.65,0.0,79.0,-2.8,4,-63.745,1.778,637.784
5039.5,50.44,0.0,59.2,-0.6,4,-66.224,1.741,639.583
5049.8,49.79,0.0,50.8,0.5,4,-67.864,1.716,640.739
5049.8,48.92,0.0,42.8,1.1,4,-70.311,1.681,642.409
5049.8,48.40,0.0,41.0,0.2,4,-71.936,1.659,643.480
5049.8,47.63,0.0,45.0,-2.4,4,-74.369,1.625,645.027
5059.4,46.84,0.0,45.4,-6.1,4,-76.791,1.592,646.502
5059.4,46.33,0.0,41.3,-8.5,4,-78.398,1.571,647.447
5059.4,45.61,0.0,35.1,-10.8,4,-80.796,1.538,648.810
5059.4,45.19,0.0,27.9,-10.9,4,-82.390,1.517,649.682
5068.4,44.69,0.0,20.9,-11.3,4,-84.776,1.485,650.939
5068.4,44.40,0.0,17.7,-12.1,4,-86.366,1.463,651.743
5068.4,44.01,0.0,12.4,-12.5,4,-88.753,1.429,652.899
5068.4,43.78,0.0,23.4,-12.6,4,-90.348,1.407,653.636
5077.1,43.29,42.5,34.6,-13.3,0,-92.740,1.374,654.689
5077.1,42.88,0.0,34.2,-12.9,3,-94.330,1.352,655.355
5077.1,42.29,0.0,20.5,-11.7,3,-96.705,1.321,656.298
5077.1,41.99,0.0,13.3,-11.7,3,-98.284,1.301,656.888
5085.7,41.65,0.0,7.5,-13.2,3,-100.652,1.270,657.720
5085.7,41.47,0.0,4.6,-14.8,3,-102.231,1.250,658.239
5085.7,41.24,0.0,2.1,-17.2,3,-104.604,1.218,658.965
5085.7,41.05,0.0,0.1,-18.6,3,-106.983,1.188,659.627
5094.1,40.93,0.2,0.0,-19.6,3,-108.571,1.168,660.032
5094.1,40.74,0.7,0.0,-20.5,3,-110.958,1.139,660.588
5094.1,40.62,0.3,0.1,-20.5,3,-112.550,1.118,660.922
5094.1,40.43,0.0,0.6,-20.1,3,-114.941,1.089,661.368
5102.6,40.30,0.0,0.3,-20.4,3,-116.535,1.071,661.628
5102.6,40.11,0.0,0.7,-20.3,3,-118.924,1.043,661.960
5102.6,39.98,0.0,0.9,-19.7,3,-120.516,1.025,662.143
5102.6,39.79,0.0,1.3,-18.6,3,-122.899,0.999,662.358
5111.0,39.66,0.0,1.7,-18.5,3,-124.485,0.984,662.462
5111.0,39.47,0.0,1.7,-19.4,3,-126.857,0.962,662.561
5111.0,39.34,0.0,1.5,-20.1,3,-128.433,0.948,662.590
5111.0,39.15,0.0,1.6,-19.9,3,-130.788,0.927,662.578
5119.1,39.02,0.0,2.4,-20.2,3,-132.351,0.913,662.533
5119.1,38.82,0.0,2.5,-20.2,3,-134.683,0.892,662.413
5119.1,38.69,0.0,2.9,-20.4,3,-136.229,0.879,662.296
5119.1,38.49,0.0,0.3,-21.8,3,-138.534,0.860,662.067
5127.4,38.31,2.9,0.0,-20.3,3,-140.819,0.841,661.774
5127.4,38.21,2.4,0.0,-18.0,3,-142.332,0.828,661.543
5127.4,38.05,1.4,0.0,-17.5,3,-144.585,0.810,661.144
5127.4,37.94,0.8,0.0,-19.4,3,-146.075,0.799,660.845
5135.6,37.77,1.5,0.0,-23.3,3,-148.291,0.781,660.346
5135.6,37.66,3.2,0.0,-25.4,3,-149.755,0.770,659.980
5135.6,37.50,3.5,0.0,-27.5,3,-151.929,0.754,659.381
5135.6,37.40,3.8,0.0,-28.4,3,-153.363,0.744,658.947
5143.4,37.23,3.6,0.0,-29.3,3,-155.489,0.728,658.245
5143.4,37.12,1.6,0.8,-29.8,3,-156.889,0.718,657.741
5143.4,36.92,0.0,4.9,-30.1,3,-158.958,0.703,656.934
5143.4,36.75,0.0,2.4,-29.8,3,-160.316,0.694,656.361
5151.6,36.53,5.6,0.0,-27.5,3,-162.316,0.683,655.448
5151.6,36.43,9.1,0.0,-25.7,3,-163.625,0.677,654.804
5151.6,36.29,17.1,0.0,-22.1,3,-165.553,0.671,653.783
5151.6,36.24,15.5,0.0,-19.3,3,-166.814,0.670,653.065
5159.9,36.13,13.2,0.0,-16.7,3,-168.670,0.670,651.938
5159.9,36.03,7.8,1.1,-17.8,3,-170.486,0.665,650.758
5159.9,35.91,3.3,0.2,-20.5,3,-171.670,0.662,649.940
5167.6,35.77,21.5,0.0,-23.9,3,-173.404,0.657,648.670
5167.6,35.74,32.7,0.0,-25.8,3,-174.534,0.653,647.793
5167.6,35.76,38.9,0.0,-28.9,3,-176.182,0.656,646.422
5167.6,35.84,43.9,0.0,-31.5,3,-177.255,0.659,645.474
5175.7,35.95,49.8,0.0,-37.0,3,-178.830,0.663,644.007
5175.7,36.07,52.4,0.0,-39.5,3,-179.857,0.665,642.998
5175.7,36.23,54.9,0.0,-45.6,3,-181.363,0.669,641.439
5175.7,36.31,45.9,0.0,-48.6,3,-182.343,0.673,640.369
5183.3,36.36,34.4,0.0,-50.4,3,-183.772,0.679,638.722
5183.3,36.34,25.7,0.0,-50.0,3,-184.694,0.685,637.598
5183.3,36.30,28.2,0.0,-49.3,3,-186.031,0.694,635.876
5183.3,36.32,39.9,0.0,-48.1,3,-187.312,0.705,634.115
5191.0,36.37,42.4,0.0,-47.8,3,-188.137,0.712,632.918
5191.0,36.41,33.1,0.0,-46.7,3,-189.328,0.722,631.088
5191.0,36.40,26.3,0.0,-45.7,3,-190.090,0.729,629.848
5191.0,36.35,28.4,0.0,-43.7,3,-191.182,0.742,627.958
5198.1,36.36,33.5,0.0,-41.4,3,-191.875,0.751,626.680
5198.1,36.41,42.9,0.0,-37.5,3,-192.866,0.762,624.735
5198.1,36.48,49.5,0.0,-34.3,3,-193.494,0.769,623.420
5198.1,36.63,50.9,0.0,-28.1,3,-194.387,0.776,621.418
5205.1,36.71,43.2,0.0,-22.9,3,-194.949,0.780,620.063
5205.1,36.80,36.1,0.0,-14.4,3,-195.741,0.784,618.005
5205.1,36.82,35.2,0.0,-9.0,3,-196.235,0.785,616.618
5205.1,36.83,22.9,0.0,-2.4,3,-196.921,0.786,614.518
5212.1,36.80,26.9,0.0,0.2,3,-197.342,0.786,613.106
5212.1,36.89,53.2,0.0,1.3,3,-197.917,0.787,610.973
5212.1,37.04,63.9,0.0,-0.4,3,-198.266,0.788,609.536
5212.1,37.38,75.8,0.0,-5.0,3,-198.739,0.790,607.356
5219.4,37.75,78.5,0.0,-10.9,3,-199.156,0.793,605.142
5219.4,38.04,80.5,0.0,-13.6,3,-199.405,0.794,603.648
5219.4,38.45,83.5,0.0,-16.6,3,-199.737,0.798,601.378
5219.4,38.75,84.2,0.0,-17.7,3,-199.932,0.802,599.847
5227.0,39.17,84.5,0.0,-14.4,3,-200.185,0.809,597.524
5227.0,39.48,84.6,0.0,-10.9,3,-200.328,0.814,595.958
5227.0,39.93,84.7,0.0,-5.8,3,-200.504,0.823,593.584
5227.0,40.23,84.8,0.0,-3.6,3,-200.596,0.830,591.984
5235.0,40.68,76.3,0.0,-0.7,3,-200.702,0.844,589.560
5235.0,40.85,43.5,0.0,0.8,3,-200.756,0.854,587.930
5235.0,40.83,4.3,14.9,2.8,3,-200.823,0.871,585.479
5235.0,40.58,0.0,36.3,4.5,3,-200.865,0.882,583.850
5243.1,39.84,0.0,57.2,6.4,3,-200.936,0.897,581.436
5243.1,39.24,0.0,53.3,7.7,3,-200.992,0.907,579.854
5243.1,38.41,0.0,44.9,9.7,3,-201.093,0.924,577.526
5243.1,37.67,0.0,37.0,11.4,3,-201.221,0.940,575.246
5251.0,37.25,0.0,29.4,12.4,3,-201.326,0.952,573.750
5251.0,36.74,0.0,22.0,13.7,3,-201.515,0.968,571.538
5251.0,36.45,0.0,17.2,14.9,3,-201.665,0.978,570.081
5251.0,36.10,0.0,10.7,17.0,3,-201.926,0.992,567.920
5258.4,35.81,0.0,8.0,19.0,3,-202.235,1.005,565.785
5258.4,35.64,0.0,7.8,19.5,0,-202.471,1.013,564.376
5258.4,35.42,0.0,9.6,18.3,2,-202.871,1.028,562.281
5258.4,35.22,0.0,9.1,16.5,2,-203.167,1.037,560.899
5265.9,34.93,0.0,6.9,16.0,2,-203.654,1.051,558.851
5265.9,34.76,0.0,9.8,16.3,2,-204.007,1.061,557.503
5265.9,34.36,0.0,33.9,17.0,2,-204.579,1.077,555.507
5265.9,34.36,0.0,33.9,17.0,2,-204.579,1.077,555.507
5265.9,34.36,0.0,33.9,17.0,2,-204.579,1.077,555.507
5273.1,32.74,0.0,41.1,17.4,2,-206.066,1.118,551.041
5273.1,32.06,0.0,27.5,16.0,2,-206.760,1.136,549.225
5273.1,31.71,0.0,22.3,15.4,2,-207.243,1.148,548.044
5280.7,31.27,0.0,13.6,15.0,2,-208.003,1.168,546.314
5280.7,31.05,0.0,9.4,16.2,2,-208.532,1.181,545.185
5280.7,30.76,0.0,12.3,19.8,2,-209.359,1.202,543.525
5280.7,30.55,0.0,12.8,21.6,2,-209.931,1.216,542.440
5287.5,30.22,0.0,13.3,24.1,2,-210.819,1.236,540.847
5287.5,30.00,0.0,11.1,25.3,2,-211.430,1.249,539.809
5287.5,29.71,0.0,7.2,26.0,2,-212.377,1.267,538.288
5287.5,29.55,0.0,5.9,26.5,2,-213.030,1.280,537.298
5294.9,29.32,0.0,3.5,28.0,2,-214.043,1.298,535.851
5294.9,29.13,0.0,1.3,29.4,2,-215.096,1.315,534.449
5294.9,29.02,0.0,0.3,30.6,2,-215.820,1.326,533.539
5301.2,28.85,0.8,0.0,32.7,2,-216.941,1.343,532.213
5301.2,28.74,2.3,0.0,34.3,2,-217.710,1.353,531.356
5301.2,28.60,5.7,0.0,36.3,2,-218.898,1.367,530.112
5301.2,28.51,6.9,0.0,38.1,2,-219.711,1.376,529.310
5307.4,28.40,10.5,0.0,40.7,2,-220.964,1.390,528.150
5307.4,28.33,12.7,0.0,42.4,2,-221.821,1.398,527.406
5307.4,28.26,16.9,0.0,44.9,2,-223.139,1.409,526.336
5307.4,28.23,21.7,0.0,46.5,2,-224.038,1.417,525.652
5313.4,28.23,28.0,0.0,49.4,2,-225.418,1.427,524.670
5313.4,28.26,30.2,0.0,51.4,2,-226.360,1.433,524.046
5313.4,28.30,28.9,0.0,55.3,2,-227.803,1.441,523.155
5313.4,28.31,24.3,0.0,58.6,2,-228.785,1.446,522.590
5319.5,28.26,19.1,0.0,63.8,2,-230.282,1.453,521.791
5319.5,28.21,17.4,0.0,67.1,2,-231.295,1.457,521.292
5319.5,28.13,15.3,0.0,71.7,2,-232.834,1.462,520.593
5319.5,28.05,14.1,0.0,74.6,2,-233.872,1.464,520.162
5325.4,27.92,12.5,0.0,78.6,2,-235.443,1.468,519.568
5325.4,27.78,11.5,0.0,82.2,2,-237.028,1.470,519.039
5325.4,27.68,11.2,0.0,78.6,2,-238.092,1.472,518.723
5325.4,27.54,11.2,0.0,82.7,2,-239.694,1.473,518.303
5331.1,27.44,11.1,0.0,79.4,2,-240.767,1.473,518.060
5331.1,27.29,11.1,0.0,79.9,2,-242.380,1.473,517.752
5331.1,27.19,11.5,0.0,81.3,2,-243.456,1.473,517.584
5331.1,27.05,11.1,0.0,81.1,0,-245.072,1.471,517.387
5336.8,26.95,49.5,0.0,79.3,0,-246.148,1.469,517.293
5336.8,26.74,10.3,0.0,79.2,1,-247.757,1.466,517.210
5336.8,26.64,13.1,0.0,78.4,1,-248.824,1.463,517.192
5336.8,26.51,13.1,0.0,77.7,1,-250.419,1.458,517.221
5342.3,26.43,13.0,0.0,77.5,1,-251.476,1.454,517.277
5342.3,26.30,13.1,0.0,76.8,1,-253.052,1.448,517.415
5342.3,26.22,13.3,0.0,76.1,1,-254.095,1.444,517.542
5342.3,26.11,13.8,0.0,72.4,1,-255.646,1.436,517.784
5347.7,26.05,14.9,0.0,69.5,1,-256.671,1.430,517.980
5347.7,26.00,23.9,0.0,64.6,1,-258.194,1.421,518.324
5347.7,26.02,25.8,0.0,60.8,1,-259.200,1.414,518.586
5347.7,26.08,31.5,0.0,54.4,1,-260.699,1.402,519.029
5353.1,26.18,43.0,0.0,49.3,1,-261.691,1.393,519.357
5353.1,26.50,53.5,0.0,39.1,1,-263.172,1.380,519.902
5353.1,26.79,44.0,0.0,27.6,1,-264.651,1.364,520.509
5353.1,27.00,50.8,0.0,21.5,1,-265.631,1.354,520.950
5358.7,27.38,56.4,0.0,12.7,1,-267.099,1.337,521.660
5358.7,27.68,59.3,0.0,16.9,1,-268.077,1.325,522.165
5358.7,28.10,57.3,0.0,19.3,1,-269.542,1.307,522.972
5358.7,28.38,57.3,0.0,15.2,1,-270.516,1.295,523.541
5364.9,28.80,55.9,0.0,23.7,1,-271.978,1.276,524.437
5364.9,29.05,55.1,0.0,29.6,1,-272.951,1.264,525.062
5364.9,29.43,56.7,0.0,27.4,1,-274.406,1.243,526.042
5364.9,29.68,57.8,0.0,29.0,1,-275.370,1.230,526.724
5371.1,30.06,59.1,0.0,32.0,1,-276.807,1.209,527.793
5371.1,30.32,62.2,0.0,29.6,1,-277.757,1.195,528.539
5371.1,30.75,66.6,0.0,26.9,1,-279.167,1.174,529.706
5371.1,31.05,65.4,0.0,28.5,1,-280.098,1.159,530.518
5377.6,31.47,65.6,0.0,30.9,1,-281.478,1.136,531.788
5377.6,31.74,67.1,0.0,28.8,1,-282.384,1.120,532.668
5377.6,32.11,58.5,0.0,29.2,1,-283.720,1.097,534.040
5377.6,32.34,60.9,0.0,29.0,1,-284.591,1.081,534.988
5384.9,32.68,62.9,0.0,30.0,0,-285.867,1.058,536.463
5384.9,32.64,60.7,0.0,30.7,2,-287.095,1.035,537.991
5384.9,32.83,64.3,0.0,31.5,2,-287.882,1.020,539.036
5384.9,33.10,47.6,0.0,31.1,2,-289.024,0.999,540.650
5392.0,33.21,46.9,0.0,30.5,2,-289.758,0.983,541.755
5392.0,33.43,60.7,0.0,31.0,2,-290.815,0.960,543.451
5392.0,33.56,36.0,0.0,30.5,2,-291.489,0.945,544.609
5392.0,33.73,62.8,0.0,29.9,2,-292.450,0.921,546.382
5399.9,33.84,37.4,0.0,28.9,2,-293.056,0.907,547.590
5399.9,33.97,39.8,0.0,22.9,2,-293.913,0.886,549.435
5399.9,34.03,42.9,0.0,20.7,2,-294.448,0.871,550.685
5399.9,34.23,45.9,0.0,17.6,2,-295.197,0.850,552.590
5407.3,34.38,35.0,0.0,13.7,2,-295.662,0.834,553.881
5407.3,34.40,33.1,0.0,14.6,2,-296.301,0.812,555.842
5407.3,34.44,36.7,0.0,11.2,2,-296.685,0.798,557.164
5407.3,34.57,54.6,0.0,6.8,2,-297.199,0.780,559.169
5415.4,34.77,64.0,0.0,7.2,2,-297.502,0.768,560.521
5415.4,35.14,74.1,0.0,6.5,2,-297.907,0.749,562.578
5415.4,35.45,81.6,0.0,7.3,2,-298.143,0.736,563.968
5415.4,35.98,84.8,0.0,9.5,2,-298.454,0.718,566.088
5422.9,36.53,85.8,0.0,12.0,2,-298.710,0.703,568.247
5422.9,36.91,85.8,0.0,14.1,2,-298.856,0.693,569.707
5422.9,37.43,86.1,0.0,16.2,2,-299.037,0.681,571.929
5422.9,37.79,86.1,0.0,15.5,2,-299.134,0.673,573.430
5431.0,38.31,86.2,0.0,14.8,2,-299.239,0.663,575.709
5431.0,38.65,86.4,0.0,13.0,2,-299.282,0.659,577.247
5431.0,39.17,86.5,0.0,11.2,2,-299.304,0.654,579.581
5431.0,39.49,86.2,0.0,10.5,2,-299.291,0.652,581.154
5438.8,39.99,86.1,0.0,10.0,2,-299.230,0.649,583.537
5438.8,40.31,85.1,0.0,10.0,2,-299.161,0.647,585.141
5438.8,40.78,84.6,0.0,10.7,2,-299.014,0.643,587.568
5438.8,41.09,85.0,0.0,11.6,2,-298.887,0.640,589.199
5446.9,41.42,0.0,0.0,13.9,0,-298.652,0.634,591.665
5446.9,41.40,85.0,0.0,14.9,3,-298.464,0.628,593.311
5446.9,41.84,85.3,0.0,14.6,3,-298.136,0.619,595.784
5446.9,42.12,85.4,0.0,14.7,3,-297.886,0.612,597.444
5455.1,42.56,85.5,0.0,14.1,3,-297.463,0.599,599.948
5455.1,42.99,85.6,0.0,14.8,3,-296.981,0.584,602.468
5455.1,43.26,85.8,0.0,14.6,3,-296.628,0.572,604.156
5463.5,43.71,85.8,0.0,13.7,3,-296.048,0.552,606.699
5463.5,43.98,85.9,0.0,12.8,3,-295.626,0.538,608.400
5463.5,44.40,86.1,0.0,11.8,3,-294.940,0.517,610.961
5463.5,44.68,86.1,0.0,11.1,3,-294.448,0.502,612.672
5472.2,45.10,86.2,0.0,9.3,3,-293.662,0.476,615.248
5472.2,45.39,86.2,0.0,7.8,3,-293.105,0.456,616.969
5472.2,45.82,86.3,0.0,6.5,3,-292.219,0.427,619.557
5472.2,46.10,86.4,0.0,6.8,3,-291.599,0.405,621.286
5481.3,46.54,86.4,0.0,7.1,3,-290.628,0.367,623.889
5481.3,46.81,86.5,0.0,6.7,3,-289.954,0.341,625.630
5481.3,47.23,86.6,0.0,6.0,3,-288.907,0.300,628.248
5481.3,47.52,86.6,0.0,5.6,3,-288.185,0.273,629.999
5490.7,47.89,86.9,0.0,6.3,3,-287.072,0.230,632.634
5490.7,48.19,86.8,0.0,5.4,3,-286.309,0.198,634.397
5490.7,48.56,86.8,0.0,4.0,3,-285.133,0.152,637.048
5490.7,48.82,87.1,0.0,4.0,3,-284.328,0.121,638.821
5500.3,49.07,0.0,0.0,3.3,0,-283.091,0.075,641.485
5500.3,49.13,85.1,0.0,4.1,4,-281.822,0.031,644.141
5500.3,49.37,85.3,0.0,4.2,4,-280.959,0.002,645.910
5500.3,49.72,85.2,0.0,3.7,4,-279.636,-0.043,648.572
5510.1,49.99,85.3,0.0,3.7,4,-278.734,-0.074,650.351
5510.1,50.31,85.5,0.0,4.4,4,-277.352,-0.115,653.022
5510.1,50.56,85.3,0.0,4.0,4,-276.412,-0.143,654.806
5510.1,50.91,85.4,0.0,3.9,4,-274.971,-0.179,657.486
5520.2,51.12,85.4,0.0,4.0,4,-273.990,-0.198,659.275
5520.2,51.49,85.5,0.0,4.3,4,-272.490,-0.221,661.963
5520.2,51.73,85.5,0.0,4.7,4,-271.471,-0.230,663.758
5520.2,52.04,85.8,0.0,4.9,4,-269.917,-0.245,666.453
5530.5,52.30,85.6,0.0,4.1,4,-268.861,-0.258,668.253
5530.5,52.63,85.8,0.0,3.9,4,-267.245,-0.275,670.954
5530.5,52.86,85.8,0.0,4.3,4,-266.147,-0.286,672.755
5530.5,53.20,85.9,0.0,4.7,4,-264.470,-0.301,675.458
5541.0,53.42,85.9,0.0,4.7,4,-263.332,-0.310,677.261
5541.0,53.75,86.0,0.0,4.6,4,-261.595,-0.323,679.966
5541.0,54.09,86.1,0.0,4.1,4,-259.821,-0.333,682.671
5541.0,54.30,86.1,0.0,3.3,4,-258.619,-0.338,684.474
5551.8,54.64,86.2,0.0,2.6,4,-256.786,-0.343,687.179
5551.8,54.85,86.2,0.0,2.4,4,-255.547,-0.345,688.984
5551.8,55.18,86.2,0.0,1.9,4,-253.664,-0.350,691.695
5551.8,55.39,86.3,0.0,1.6,4,-252.395,-0.353,693.505
5562.7,55.71,86.4,0.0,1.0,4,-250.471,-0.359,696.226
5562.7,55.93,86.4,0.0,1.2,4,-249.176,-0.363,698.045
5562.7,56.24,86.5,0.0,1.9,4,-247.217,-0.371,700.780
5562.7,56.46,86.5,0.0,2.4,4,-245.900,-0.377,702.609
5573.8,56.76,86.6,0.0,2.8,4,-243.905,-0.386,705.357
5573.8,56.97,86.6,0.0,2.9,4,-242.563,-0.392,707.193
5573.8,57.28,86.6,0.0,3.1,4,-240.527,-0.399,709.949
5573.8,57.47,86.7,0.0,3.6,4,-239.154,-0.403,711.788
5585.2,57.78,86.7,0.0,3.9,4,-237.071,-0.408,714.547
5585.2,57.97,86.8,0.0,4.1,4,-235.665,-0.411,716.385
5585.2,58.26,86.8,0.0,4.4,4,-233.529,-0.413,719.140
5585.2,58.55,86.9,0.0,4.5,4,-231.359,-0.415,721.891
5596.8,58.73,86.9,0.0,4.6,4,-229.893,-0.416,723.722
5596.8,59.02,86.9,0.0,2.1,4,-227.665,-0.416,726.462
5596.8,59.20,86.9,0.0,1.9,4,-226.160,-0.415,728.285
5596.8,59.48,87.0,0.0,2.7,4,-223.879,-0.413,731.018
5608.7,59.66,87.0,0.0,3.9,0,-222.342,-0.411,732.839
5608.7,59.62,85.3,0.0,5.4,5,-220.019,-0.406,735.561
5608.7,59.78,85.4,0.0,5.1,5,-218.457,-0.400,737.366
5608.7,60.03,85.4,0.0,4.8,5,-216.085,-0.389,740.066
5621.0,60.19,85.4,0.0,4.4,5,-214.484,-0.379,741.859
5621.0,60.43,85.5,0.0,4.0,5,-212.050,-0.362,744.537
5621.0,60.60,85.5,0.0,4.5,5,-210.408,-0.349,746.315
5621.0,60.84,85.5,0.0,4.4,5,-207.914,-0.327,748.970
5633.3,61.01,85.6,0.0,4.2,5,-206.232,-0.311,750.732
5633.3,61.25,85.6,0.0,5.1,5,-203.678,-0.285,753.364
5633.3,61.48,85.7,0.0,5.7,5,-201.089,-0.256,755.981
5633.3,61.64,85.7,0.0,6.2,5,-199.344,-0.238,757.718
5645.9,61.88,85.8,0.0,6.2,5,-196.695,-0.214,760.308
5645.9,62.03,85.8,0.0,5.7,5,-194.907,-0.198,762.023
5645.9,62.25,85.9,0.0,6.0,5,-192.192,-0.178,764.579
5645.9,62.42,85.9,0.0,6.2,5,-190.361,-0.170,766.271
5658.5,62.65,85.9,0.0,5.6,5,-187.582,-0.163,768.791
5658.5,62.80,85.9,0.0,5.3,5,-185.706,-0.160,770.457
5658.5,63.02,86.0,0.0,5.0,5,-182.858,-0.156,772.935
5658.5,63.17,86.0,0.0,4.8,5,-180.937,-0.151,774.571
5671.4,63.40,86.1,0.0,5.2,5,-178.022,-0.143,777.003
5671.4,63.55,86.1,0.0,5.5,5,-176.058,-0.139,778.612
5671.4,63.78,86.1,0.0,6.1,5,-173.081,-0.134,781.004
5671.4,63.92,86.2,0.0,6.7,5,-171.076,-0.133,782.586
5684.4,64.14,86.2,0.0,6.4,5,-168.038,-0.135,784.937
5684.4,64.35,86.2,0.0,6.1,5,-164.959,-0.138,787.256
5684.4,64.49,86.2,0.0,6.1,5,-162.884,-0.139,788.783
5697.5,64.69,86.3,0.0,7.0,5,-159.737,-0.136,791.043
5697.5,64.84,86.3,0.0,7.6,5,-157.617,-0.135,792.531
5697.5,65.04,86.5,0.0,6.0,5,-154.403,-0.133,794.732
5697.5,65.15,86.4,0.0,5.3,5,-152.238,-0.133,796.179
5710.8,65.37,86.4,0.0,3.8,5,-148.957,-0.130,798.315
5710.8,65.50,86.4,0.0,4.0,5,-146.745,-0.124,799.714
5710.8,65.70,86.5,0.0,6.3,5,-143.397,-0.116,801.784
5710.8,65.86,86.4,0.0,7.4,5,-141.145,-0.112,803.146
5724.2,66.05,86.4,0.0,9.1,5,-137.739,-0.111,805.160
5724.2,66.15,86.5,0.0,8.4,5,-135.448,-0.110,806.479
5724.2,66.37,86.5,0.0,6.5,5,-131.978,-0.104,808.419
5724.2,66.48,86.7,0.0,7.0,5,-129.644,-0.101,809.687
5737.8,66.67,86.6,0.0,7.1,5,-126.111,-0.102,811.550
5737.8,66.85,86.6,0.0,8.1,5,-122.537,-0.099,813.359
5737.8,66.95,86.7,0.0,9.1,5,-120.134,-0.097,814.536
5737.8,67.15,86.7,0.0,8.6,5,-116.499,-0.093,816.259
5751.4,67.25,86.7,0.0,8.9,5,-114.055,-0.090,817.378
5751.4,67.45,86.7,0.0,8.5,5,-110.359,-0.088,819.012
5751.4,67.56,86.7,0.0,8.4,5,-107.876,-0.087,820.071
5751.4,67.72,86.8,0.0,8.0,5,-104.121,-0.081,821.610
5765.1,67.83,86.8,0.0,7.8,5,-101.599,-0.077,822.603
5765.1,68.01,86.8,0.0,7.6,5,-97.787,-0.070,824.045
5765.1,68.13,86.8,0.0,7.1,5,-95.229,-0.066,824.975
5765.1,68.29,86.8,0.0,7.2,5,-91.365,-0.059,826.323
5778.8,68.41,86.8,0.0,7.2,5,-88.773,-0.056,827.193
5778.8,68.58,86.9,0.0,6.5,5,-84.861,-0.051,828.451
5778.8,68.69,86.9,0.0,6.4,5,-82.238,-0.046,829.259
5778.8,68.86,86.9,0.0,6.3,5,-78.281,-0.037,830.427
5792.6,69.02,86.9,0.0,6.6,5,-74.298,-0.028,831.543
5792.6,69.13,86.9,0.0,6.6,5,-71.629,-0.023,832.258
5792.6,69.30,86.9,0.0,6.4,5,-67.605,-0.013,833.286
5792.6,69.41,87.0,0.0,5.0,5,-64.910,-0.006,833.941
5806.3,69.58,87.0,0.0,4.4,5,-60.849,0.005,834.882
5806.3,69.69,87.0,0.0,4.1,5,-58.129,0.013,835.482
5806.3,69.77,0.0,0.0,3.7,0,-54.034,0.028,836.344
5806.3,69.70,85.8,0.0,3.5,6,-51.300,0.039,836.894
5820.2,69.86,85.8,0.0,2.9,6,-47.189,0.057,837.685
5820.2,69.96,85.9,0.0,3.1,6,-44.439,0.072,838.193
5820.2,70.13,85.9,0.0,3.6,6,-40.301,0.095,838.925
5820.2,70.24,85.9,0.0,3.8,6,-37.534,0.111,839.395
5834.2,70.40,85.9,0.0,3.8,6,-33.370,0.133,840.075
5834.2,70.51,85.9,0.0,3.7,6,-30.586,0.149,840.509
5834.2,70.67,85.9,0.0,2.3,6,-26.397,0.173,841.132
5834.2,70.77,86.0,0.0,1.9,6,-23.597,0.190,841.528
5848.3,70.93,86.0,0.0,1.5,6,-19.384,0.220,842.098
5848.3,71.10,86.0,0.0,1.1,6,-15.159,0.248,842.644
5848.3,71.21,86.0,0.0,0.8,6,-12.335,0.265,842.997
5848.3,71.36,86.0,0.0,0.5,6,-8.090,0.292,843.515
5862.5,71.47,86.1,0.0,0.2,6,-5.254,0.311,843.853
5862.5,71.62,86.1,0.0,0.0,6,-0.991,0.341,844.355
5862.5,71.73,86.1,0.0,-0.1,6,1.857,0.360,844.688
5862.5,71.89,86.1,0.0,-0.2,6,6.137,0.387,845.185
7.7,71.99,86.1,0.0,-0.2,6,8.995,0.407,845.517
