opponent,v3,Loïc Duval,0,1771576171429
Game,version,date,track,car,event,laptime [s],S1 [s],S2 [s],S3 [s],S4+ [s]
LMU,1.2,2026-02-20 08:29:31,Silverstone Grand Prix Circuit - ELMS,Peugeot TotalEnergies 2025 #94:LM (Hyper),Live,111.170,0,0,0
Tracklen [m],TotalLaps
5867.5,1
,
,
lapdistance [m],speed [m/s],throttle [%],brake [%],steer [%],gear [int],world_x [m],world_y [m],world_z [m]
3.9,69.77,59.0,0.0,-0.2,5,9.209,0.334,846.595
3.9,69.87,59.1,0.0,-0.1,5,11.983,0.353,846.911
3.9,70.04,59.1,0.0,-0.0,5,16.153,0.384,847.389
17.8,70.14,59.2,0.0,0.0,5,18.938,0.407,847.709
17.8,70.31,59.2,0.0,0.1,5,23.124,0.438,848.191
17.8,70.41,59.2,0.0,0.1,5,25.919,0.458,848.513
17.8,70.57,59.2,0.0,0.2,5,30.120,0.493,848.997
31.9,70.73,59.2,0.0,0.2,5,34.331,0.530,849.481
31.9,70.83,59.2,0.0,0.3,5,37.143,0.555,849.804
31.9,70.98,59.3,0.0,0.2,5,41.370,0.590,850.287
31.9,71.08,59.3,0.0,0.2,5,44.193,0.615,850.608
46.1,71.24,59.3,0.0,0.3,5,48.435,0.655,851.088
46.1,71.34,59.3,0.0,0.2,5,51.268,0.682,851.406
46.1,71.49,59.4,0.0,0.2,5,55.526,0.723,851.882
46.1,71.59,59.4,0.0,0.2,5,58.369,0.748,852.198
60.3,71.73,59.4,0.0,0.2,5,62.643,0.785,852.670
60.3,71.83,59.4,0.0,0.2,5,65.496,0.812,852.984
60.3,71.97,59.4,0.0,0.2,5,69.784,0.854,853.453
60.3,72.07,59.4,0.0,0.5,5,72.648,0.883,853.765
74.7,72.22,59.4,0.0,0.3,5,76.951,0.923,854.231
74.7,72.31,59.4,0.0,0.1,5,79.825,0.947,854.539
74.7,72.45,59.3,0.0,-0.0,5,84.143,0.981,854.999
89.2,72.59,59.2,0.0,-0.1,5,88.470,1.014,855.457
89.2,72.68,59.1,0.0,0.4,5,91.359,1.038,855.763
89.2,72.81,59.0,0.0,0.2,5,95.699,1.072,856.220
89.2,72.90,59.0,0.0,-0.0,5,98.597,1.094,856.524
103.7,73.03,58.9,0.0,0.0,5,102.951,1.124,856.979
103.7,73.12,58.8,0.0,0.1,5,105.858,1.145,857.282
103.7,73.17,0.0,0.0,0.6,0,110.224,1.175,857.735
103.7,73.09,88.2,0.0,0.7,6,113.134,1.195,858.035
118.3,73.22,78.6,0.0,0.1,6,117.500,1.229,858.482
118.3,73.31,72.3,0.0,-0.1,6,120.415,1.251,858.778
118.3,73.45,62.7,0.0,0.1,6,124.795,1.278,859.219
118.3,73.53,58.2,0.0,0.2,6,127.719,1.292,859.512
133.0,73.65,58.3,0.0,0.1,6,132.113,1.314,859.950
133.0,73.78,58.3,0.0,0.4,6,136.513,1.338,860.389
133.0,73.85,58.3,0.0,0.5,6,139.451,1.361,860.681
133.0,73.98,58.4,0.0,-0.0,6,143.864,1.396,861.118
147.8,74.07,58.4,0.0,-0.2,6,146.811,1.415,861.407
147.8,74.20,58.4,0.0,0.2,6,151.238,1.441,861.841
147.8,74.27,58.4,0.0,0.2,6,154.193,1.459,862.129
147.8,74.40,58.4,0.0,0.2,6,158.632,1.484,862.561
162.6,74.48,58.4,0.0,0.3,6,161.595,1.500,862.848
162.6,74.60,58.4,0.0,0.1,6,166.047,1.527,863.279
162.6,74.68,58.5,0.0,0.1,6,169.018,1.547,863.565
162.6,74.80,58.5,0.0,-0.0,6,173.482,1.578,863.994
177.5,74.88,58.5,0.0,-0.1,6,176.461,1.598,864.280
177.5,75.00,58.5,0.0,0.7,6,180.937,1.628,864.708
177.5,75.08,58.5,0.0,0.4,6,183.924,1.647,864.993
177.5,75.20,58.6,0.0,-0.5,6,188.412,1.674,865.419
192.5,75.31,58.6,0.0,-0.9,6,192.907,1.702,865.844
192.5,75.38,58.6,0.0,-0.8,6,195.907,1.721,866.129
192.5,75.50,58.7,0.0,-0.4,6,200.412,1.748,866.563
192.5,75.57,58.7,0.0,-0.4,6,203.419,1.765,866.858
207.6,75.69,58.7,0.0,-0.4,6,207.935,1.790,867.308
207.6,75.77,58.7,0.0,-0.4,6,210.948,1.805,867.612
207.6,75.87,58.6,0.0,-0.2,6,215.474,1.831,868.075
207.6,75.93,53.6,0.0,0.1,6,218.493,1.851,868.388
222.8,75.54,3.5,66.5,0.4,6,223.019,1.883,868.859
222.8,74.85,0.0,79.5,0.5,6,226.013,1.905,869.171
222.8,73.64,0.0,83.6,0.5,6,230.447,1.935,869.632
222.8,72.82,0.0,84.6,0.5,6,233.362,1.958,869.933
237.6,71.58,0.0,85.4,0.5,6,237.674,1.993,870.375
237.6,70.76,0.0,86.1,0.4,6,240.508,2.016,870.662
237.6,69.51,0.0,86.6,0.6,6,244.698,2.042,871.081
237.6,68.26,0.0,84.0,0.9,6,248.814,2.062,871.485
251.6,67.45,0.0,84.3,1.2,6,251.517,2.077,871.745
251.6,66.24,0.0,85.1,1.5,6,255.513,2.097,872.120
251.6,65.42,0.0,84.8,1.6,6,258.137,2.110,872.361
251.6,64.22,0.0,85.2,1.7,0,262.013,2.132,872.704
264.8,63.42,22.0,86.2,1.7,0,264.558,2.146,872.920
264.8,62.21,0.0,86.1,1.9,5,268.318,2.167,873.223
264.8,61.40,0.0,85.6,1.8,5,270.785,2.179,873.410
264.8,60.20,0.0,76.8,1.7,5,274.426,2.196,873.668
277.1,59.46,0.0,72.3,1.8,5,276.815,2.206,873.823
277.1,58.40,0.0,79.8,2.5,5,280.348,2.219,874.028
277.1,57.65,0.0,81.3,3.0,5,282.667,2.228,874.147
277.1,56.55,0.0,65.0,4.5,5,286.091,2.241,874.295
288.7,55.92,0.0,54.8,5.1,5,288.340,2.247,874.373
288.7,55.12,0.0,43.5,5.3,5,291.671,2.258,874.453
288.7,54.46,0.0,29.5,5.8,5,294.959,2.272,874.480
288.7,54.13,0.0,17.8,6.2,5,297.132,2.282,874.470
299.6,53.77,0.0,12.5,7.0,5,300.368,2.295,874.410
299.6,53.56,0.0,12.5,7.7,5,302.514,2.304,874.338
299.6,53.26,0.0,8.1,8.6,5,305.716,2.320,874.182
299.6,53.08,0.0,5.4,8.8,5,307.838,2.331,874.047
310.2,52.86,0.0,3.7,9.1,5,311.007,2.350,873.794
310.2,52.72,0.0,3.8,9.3,5,313.109,2.364,873.594
310.2,52.51,0.0,0.9,10.1,5,316.247,2.384,873.245
310.2,52.39,1.0,0.0,10.6,5,318.328,2.397,872.980
320.6,52.22,0.2,0.3,11.1,5,321.435,2.416,872.533
320.6,52.10,0.0,2.7,11.4,5,323.495,2.429,872.201
320.6,51.90,0.0,1.9,12.2,5,326.567,2.448,871.654
330.9,51.70,0.0,2.6,12.3,5,329.616,2.465,871.048
330.9,51.56,0.0,0.9,12.3,5,331.634,2.475,870.611
330.9,51.39,40.5,0.5,12.2,0,334.640,2.490,869.902
330.9,51.27,3.9,0.0,12.1,4,336.630,2.500,869.394
341.3,51.12,11.7,0.0,12.1,4,339.592,2.515,868.580
341.3,51.05,19.0,0.0,12.5,4,341.552,2.524,868.002
341.3,50.96,20.4,0.0,13.5,4,344.470,2.538,867.082
341.3,50.86,16.9,0.0,14.8,4,347.363,2.552,866.100
351.9,50.78,14.2,0.0,15.6,4,349.276,2.562,865.411
351.9,50.65,12.2,0.0,16.5,4,352.120,2.576,864.328
351.9,50.56,11.1,0.0,15.9,4,353.998,2.586,863.573
351.9,50.40,7.4,0.0,14.9,4,356.786,2.603,862.390
362.5,50.25,6.8,0.0,14.3,4,359.539,2.620,861.148
362.5,50.15,15.5,0.0,13.7,4,361.353,2.631,860.288
362.5,50.16,62.0,0.0,13.2,4,364.046,2.648,858.950
362.5,50.27,76.3,0.0,13.1,4,365.828,2.659,858.023
373.1,50.41,50.2,0.0,13.5,4,368.483,2.675,856.583
373.1,50.45,51.8,0.0,14.5,4,370.239,2.685,855.590
373.1,50.59,78.0,0.0,14.7,4,372.849,2.702,854.050
373.1,50.75,88.4,0.0,14.6,4,374.576,2.713,852.991
383.7,51.01,89.7,0.0,13.7,4,377.150,2.730,851.351
383.7,51.18,89.7,0.0,13.0,4,378.855,2.741,850.224
383.7,51.44,89.8,0.0,12.2,4,381.393,2.756,848.483
383.7,51.70,89.8,0.0,11.8,4,383.909,2.770,846.682
394.8,51.87,89.8,0.0,11.7,4,385.572,2.779,845.448
394.8,52.13,89.8,0.0,11.5,4,388.044,2.793,843.544
394.8,52.30,89.1,0.0,11.6,4,389.675,2.804,842.241
394.8,52.53,79.9,0.0,11.0,4,392.098,2.819,840.237
405.7,52.66,69.2,0.0,11.4,4,393.696,2.829,838.869
405.7,52.68,21.4,0.0,12.5,4,396.062,2.844,836.773
405.7,52.62,19.2,0.0,12.4,4,397.614,2.854,835.349
405.7,52.49,7.1,9.6,11.9,4,399.900,2.870,833.176
416.5,52.29,0.9,24.5,11.5,4,401.395,2.881,831.706
416.5,51.83,0.0,15.8,10.0,4,403.587,2.896,829.479
416.5,51.59,8.3,1.3,8.6,4,405.012,2.907,827.981
416.5,51.61,73.6,0.0,7.0,4,407.105,2.922,825.702
427.1,51.77,89.8,0.0,7.1,4,408.478,2.931,824.157
427.1,52.05,89.8,0.0,8.5,4,410.510,2.943,821.798
427.1,52.32,89.8,0.0,9.5,4,412.510,2.952,819.389
427.1,52.50,89.8,0.0,9.9,4,413.823,2.958,817.755
437.4,52.76,89.8,0.0,10.8,4,415.762,2.970,815.263
437.4,52.95,83.9,0.0,11.0,4,417.034,2.979,813.576
437.4,53.21,74.2,0.0,11.9,4,418.914,2.988,811.006
437.4,53.39,67.6,0.0,11.9,4,420.146,2.993,809.266
447.8,53.64,57.9,0.0,12.7,4,421.955,3.004,806.614
447.8,53.79,57.3,0.0,13.4,4,423.135,3.013,804.819
447.8,54.00,34.2,0.0,14.2,4,424.869,3.028,802.089
447.8,54.04,22.2,0.0,14.4,4,425.996,3.040,800.245
458.2,54.19,57.5,0.0,14.0,4,427.641,3.060,797.448
458.2,54.35,57.7,0.0,13.7,4,428.710,3.075,795.559
458.2,54.58,57.7,0.0,12.8,4,430.272,3.097,792.689
458.2,54.71,34.6,0.0,13.3,4,431.283,3.114,790.751
468.9,54.69,34.3,0.0,13.6,4,432.756,3.137,787.818
468.9,54.77,50.6,0.0,12.2,4,434.172,3.157,784.857
468.9,54.90,57.9,0.0,11.1,4,435.083,3.175,782.862
479.7,54.90,9.5,0.0,11.0,4,436.404,3.206,779.844
479.7,54.82,9.4,0.0,9.8,4,437.259,3.219,777.823
479.7,54.91,57.4,0.0,6.0,4,438.499,3.229,774.776
479.7,54.94,18.4,0.0,4.6,4,439.292,3.238,772.726
490.5,54.80,9.5,0.0,4.7,4,440.427,3.259,769.635
490.5,54.76,34.7,0.0,4.9,4,441.151,3.278,767.567
490.5,54.99,57.9,0.0,4.9,4,442.197,3.310,764.447
490.5,55.17,58.0,0.0,5.0,4,442.875,3.330,762.351
501.4,55.42,50.6,0.0,4.3,4,443.865,3.355,759.185
501.4,55.56,49.3,0.0,4.0,4,444.508,3.370,757.061
501.4,55.77,57.4,0.0,3.5,4,445.446,3.392,753.857
501.4,55.94,58.1,0.0,3.3,4,446.054,3.407,751.708
512.4,56.21,58.2,0.0,2.7,4,446.941,3.431,748.463
512.4,56.47,58.1,0.0,3.4,4,447.803,3.456,745.195
512.4,56.66,58.1,0.0,3.5,4,448.364,3.473,743.004
512.4,56.92,58.3,0.0,3.9,4,449.188,3.499,739.698
523.6,57.10,58.4,0.0,4.3,4,449.726,3.516,737.483
523.6,57.34,58.6,0.0,4.6,4,450.512,3.543,734.141
523.6,57.50,58.7,0.0,4.7,4,451.020,3.566,731.902
523.6,57.74,58.9,0.0,4.3,4,451.760,3.594,728.525
535.0,57.93,58.7,0.0,3.5,4,452.238,3.609,726.262
535.0,58.19,58.8,0.0,2.8,4,452.925,3.630,722.847
535.0,58.35,58.9,0.0,2.8,4,453.362,3.647,720.558
535.0,58.60,59.0,0.0,3.7,4,453.991,3.675,717.107
546.7,58.78,59.0,0.0,3.8,4,454.395,3.692,714.795
546.7,59.04,59.0,0.0,3.3,4,454.982,3.714,711.310
546.7,59.21,59.1,0.0,2.6,4,455.358,3.729,708.976
546.7,59.46,59.1,0.0,1.8,4,455.903,3.755,705.458
558.4,59.71,59.2,0.0,1.6,4,456.426,3.785,701.922
558.4,59.88,59.2,0.0,1.3,4,456.765,3.804,699.555
558.4,60.13,59.2,0.0,0.9,4,457.262,3.833,695.990
558.4,60.29,59.2,0.0,0.8,4,457.587,3.853,693.604
570.3,60.54,59.3,0.0,0.7,4,458.066,3.884,690.012
570.3,60.70,59.2,0.0,0.7,4,458.381,3.905,687.608
570.3,60.94,58.9,0.0,0.7,4,458.849,3.936,683.989
570.3,61.09,58.7,0.0,0.8,4,459.157,3.956,681.568
582.4,61.24,0.0,0.0,0.8,0,459.615,3.987,677.926
606.9,62.46,56.5,0.0,1.0,5,462.481,4.193,653.389
606.9,62.67,56.6,0.0,1.0,5,462.879,4.226,649.657
606.9,62.81,56.7,0.0,1.0,5,463.140,4.247,647.161
606.9,63.01,56.8,0.0,1.1,5,463.521,4.278,643.407
619.4,63.15,56.8,0.0,1.1,5,463.770,4.298,640.896
619.4,63.35,56.9,0.0,1.1,5,464.134,4.329,637.119
619.4,63.56,57.1,0.0,1.2,5,464.486,4.360,633.329
619.4,63.69,57.1,0.0,1.2,5,464.715,4.381,630.794
632.1,63.89,57.2,0.0,1.2,5,465.049,4.412,626.982
632.1,64.03,57.2,0.0,1.1,5,465.265,4.432,624.433
632.1,64.23,57.3,0.0,1.1,5,465.580,4.462,620.598
632.1,64.36,57.4,0.0,1.0,5,465.783,4.482,618.035
644.9,64.56,57.5,0.0,0.9,5,466.079,4.512,614.179
644.9,64.69,57.6,0.0,0.9,5,466.271,4.533,611.602
644.9,64.89,57.6,0.0,0.9,5,466.550,4.564,607.725
644.9,65.02,57.7,0.0,0.8,5,466.731,4.584,605.134
657.8,65.21,57.8,0.0,0.7,5,466.996,4.615,601.236
657.8,65.34,57.8,0.0,0.7,5,467.168,4.635,598.631
657.8,65.54,57.9,0.0,0.7,5,467.420,4.664,594.713
657.8,65.66,58.0,0.0,0.7,5,467.584,4.685,592.095
670.9,65.86,58.0,0.0,0.6,5,467.824,4.713,588.157
670.9,66.05,58.1,0.0,-0.4,5,468.058,4.741,584.207
670.9,66.17,58.1,0.0,-0.4,5,468.212,4.759,581.568
684.1,66.36,58.2,0.0,-0.3,5,468.444,4.784,577.599
684.1,66.49,58.2,0.0,0.3,5,468.599,4.800,574.946
684.1,66.68,58.2,0.0,0.4,5,468.833,4.821,570.959
684.1,66.80,58.2,0.0,0.6,5,468.989,4.834,568.294
697.5,66.99,58.3,0.0,0.1,5,469.222,4.851,564.287
697.5,67.11,58.3,0.0,-0.2,5,469.377,4.861,561.610
697.5,67.29,58.4,0.0,-0.1,5,469.606,4.877,557.585
697.5,67.41,58.4,0.0,0.3,5,469.759,4.887,554.896
711.0,67.59,58.4,0.0,0.0,5,469.988,4.900,550.853
711.0,67.71,58.4,0.0,0.3,5,470.140,4.908,548.151
711.0,67.89,58.5,0.0,-0.2,5,470.367,4.917,544.089
711.0,68.07,58.5,0.0,-0.2,5,470.595,4.925,540.017
724.6,68.19,58.6,0.0,-0.2,5,470.749,4.928,537.297
724.6,68.37,58.6,0.0,0.5,5,470.981,4.932,533.207
724.6,68.48,58.7,0.0,0.6,5,471.137,4.935,530.475
724.6,68.66,58.7,0.0,0.7,5,471.369,4.937,526.367
738.4,68.78,58.7,0.0,0.6,5,471.523,4.935,523.623
738.4,68.95,58.8,0.0,0.3,5,471.748,4.932,519.498
738.4,69.06,58.8,0.0,0.2,5,471.896,4.928,516.742
738.4,69.23,58.9,0.0,0.2,5,472.114,4.922,512.599
752.3,69.35,58.9,0.0,0.2,5,472.257,4.918,509.831
752.3,69.52,59.0,0.0,0.3,5,472.469,4.908,505.671
752.3,69.63,59.0,0.0,0.2,5,472.610,4.900,502.892
752.3,69.80,59.1,0.0,0.2,5,472.819,4.885,498.714
766.2,69.92,59.0,0.0,0.2,5,472.957,4.872,495.923
766.2,70.09,59.1,0.0,0.2,5,473.163,4.851,491.728
766.2,70.25,59.1,0.0,0.2,5,473.366,4.828,487.524
766.2,70.36,59.2,0.0,0.2,5,473.501,4.811,484.715
780.3,70.52,59.2,0.0,0.3,5,473.702,4.788,480.493
780.3,70.64,59.2,0.0,0.2,5,473.834,4.772,477.673
780.3,70.80,59.2,0.0,-0.6,5,474.032,4.752,473.435
780.3,70.90,59.3,0.0,-0.8,5,474.164,4.741,470.605
794.4,71.06,59.3,0.0,-1.4,5,474.364,4.724,466.351
794.4,71.17,59.3,0.0,-1.8,5,474.503,4.711,463.510
794.4,71.33,59.3,0.0,-2.2,5,474.724,4.693,459.241
794.4,71.43,59.3,0.0,-2.8,5,474.883,4.682,456.391
808.6,71.58,59.4,0.0,-3.3,5,475.143,4.664,452.109
808.6,71.68,59.4,0.0,-3.6,5,475.333,4.650,449.250
808.6,71.82,59.4,0.0,-3.8,5,475.647,4.626,444.956
808.6,71.91,59.4,0.0,-4.1,5,475.881,4.612,442.091
822.9,72.06,59.4,0.0,-5.0,5,476.265,4.590,437.790
822.9,72.20,59.4,0.0,-5.4,5,476.695,4.560,433.484
822.9,72.28,59.4,0.0,-5.7,5,477.011,4.542,430.612
822.9,72.40,59.2,0.0,-5.8,5,477.535,4.522,426.304
837.3,72.48,59.1,0.0,-6.0,5,477.918,4.511,423.432
837.3,72.60,59.1,0.0,-6.2,5,478.543,4.492,419.125
837.3,72.67,59.0,0.0,-6.3,5,478.994,4.479,416.255
837.3,72.78,58.9,0.0,-7.0,5,479.726,4.463,411.954
851.8,72.85,58.9,0.0,-7.3,5,480.251,4.453,409.089
851.8,72.95,58.8,0.0,-7.6,5,481.092,4.437,404.797
851.8,72.95,0.0,0.0,-7.8,0,481.690,4.425,401.940
851.8,72.88,85.0,0.0,-7.6,6,482.641,4.405,397.672
866.2,72.95,78.6,0.0,-7.6,6,483.313,4.388,394.834
866.2,73.05,69.0,0.0,-7.6,6,484.378,4.359,390.586
866.2,73.12,62.6,0.0,-8.6,6,485.125,4.334,387.760
866.2,73.20,57.2,0.0,-10.4,6,486.304,4.291,383.532
880.6,73.29,58.2,0.0,-11.0,6,487.555,4.244,379.320
880.6,73.34,53.3,0.0,-10.5,6,488.430,4.211,376.521
880.6,73.34,39.5,0.0,-9.4,6,489.804,4.159,372.340
880.6,73.30,33.8,0.0,-8.6,6,490.761,4.123,369.568
895.3,73.10,4.0,21.5,-7.7,6,492.259,4.068,365.437
895.3,72.75,0.0,50.5,-7.3,6,493.295,4.031,362.709
895.3,71.84,0.0,78.0,-5.4,6,494.895,3.976,358.674
895.3,71.05,0.0,82.3,-3.1,6,495.985,3.941,356.030
910.2,69.84,0.0,84.1,1.0,6,497.645,3.890,352.141
910.2,69.00,0.0,69.8,3.5,6,498.764,3.856,349.598
910.2,68.06,0.0,30.0,6.0,6,500.459,3.809,345.853
910.2,67.70,0.0,21.8,5.2,6,501.602,3.778,343.390
924.2,67.24,0.0,33.6,2.8,6,503.319,3.730,339.723
924.2,66.86,0.0,38.4,1.7,6,504.454,3.692,337.292
924.2,66.20,0.0,39.9,2.0,6,506.123,3.634,333.664
937.9,65.54,0.0,37.3,3.1,6,507.744,3.583,330.059
937.9,65.13,0.0,34.9,4.0,6,508.797,3.555,327.666
937.9,64.55,0.0,31.2,5.5,6,510.335,3.518,324.092
937.9,64.18,0.0,31.4,6.0,6,511.330,3.494,321.717
951.0,63.62,0.0,30.7,4.7,6,512.775,3.459,318.165
951.0,63.26,0.0,28.3,4.4,6,513.704,3.438,315.803
951.0,62.74,0.0,31.3,4.5,6,515.043,3.410,312.267
951.0,62.36,25.7,47.1,5.2,0,515.900,3.392,309.915
963.4,61.60,0.0,50.7,5.8,5,517.128,3.368,306.403
963.4,60.84,0.0,43.4,6.3,5,518.286,3.350,302.916
963.4,60.37,0.0,38.0,6.2,5,519.017,3.341,300.604
963.4,59.75,0.0,24.4,6.6,5,520.055,3.329,297.152
975.2,59.43,0.0,20.9,7.1,5,520.708,3.321,294.859
975.2,59.00,0.0,16.5,7.6,5,521.630,3.308,291.428
975.2,58.74,0.0,5.1,8.0,5,522.205,3.299,289.144
975.2,58.68,66.9,0.0,8.7,5,523.011,3.284,285.717
986.8,58.76,48.8,3.0,9.6,5,523.513,3.272,283.422
986.8,58.54,0.0,3.7,10.8,5,524.211,3.255,279.971
986.8,58.38,0.0,2.1,11.0,5,524.637,3.243,277.671
986.8,58.12,0.0,2.4,9.9,5,525.214,3.230,274.223
998.9,58.02,28.6,0.0,9.1,5,525.558,3.223,271.926
998.9,57.89,3.9,9.0,9.4,5,526.019,3.210,268.479
998.9,57.65,0.0,12.3,9.4,5,526.286,3.204,266.182
998.9,57.36,0.0,5.9,9.7,5,526.628,3.203,262.749
1012.0,57.21,7.9,1.0,8.5,5,526.826,3.196,260.466
1012.0,57.06,35.8,0.0,8.0,5,527.064,3.188,257.047
1012.0,56.89,0.1,3.7,8.8,5,527.217,3.198,253.631
1012.0,56.76,3.2,0.4,9.9,5,527.288,3.197,251.359
1024.6,56.59,9.3,1.2,13.1,5,527.350,3.182,247.958
1024.6,56.43,3.0,0.5,15.5,5,527.351,3.172,245.698
1024.6,56.23,8.2,1.8,17.2,5,527.278,3.167,242.319
1024.6,56.09,0.4,4.0,17.9,5,527.187,3.167,240.074
1036.2,55.86,1.8,1.0,18.0,5,526.991,3.165,236.721
1036.2,55.71,2.5,1.0,17.7,5,526.818,3.166,234.496
1036.2,55.49,4.8,0.0,16.3,5,526.492,3.172,231.176
1036.2,55.38,11.7,2.6,15.2,5,526.230,3.180,228.974
1047.5,55.15,0.0,6.0,14.1,5,525.770,3.195,225.689
1047.5,54.97,0.0,5.3,13.7,5,525.422,3.206,223.514
1047.5,54.70,0.0,2.4,13.3,5,524.840,3.222,220.276
1047.5,54.55,46.7,0.0,11.8,5,524.183,3.240,217.066
1058.5,54.59,59.7,0.0,10.7,5,523.703,3.254,214.937
1058.5,54.65,48.4,0.0,9.4,5,522.920,3.279,211.756
1058.5,54.75,54.0,0.0,8.5,5,522.359,3.296,209.641
1058.5,54.86,29.7,0.0,7.4,5,521.463,3.323,206.477
1069.3,54.86,22.2,0.0,6.5,5,520.835,3.342,204.375
1069.3,54.73,3.7,16.1,4.3,5,519.851,3.370,201.235
1069.3,54.50,0.0,19.9,2.1,5,519.174,3.390,199.158
1069.3,54.18,4.3,1.3,-0.9,5,518.136,3.418,196.068
1080.2,54.18,54.7,0.0,-1.3,5,517.433,3.437,194.019
1080.2,54.39,64.8,0.0,-0.9,5,516.363,3.465,190.943
1080.2,54.31,36.4,60.6,-1.8,5,515.646,3.483,188.888
1080.2,53.48,0.0,64.3,-2.0,5,514.582,3.507,185.832
1091.1,52.87,0.0,68.7,-2.1,5,513.888,3.521,183.820
1091.1,51.93,37.2,68.4,-2.2,0,512.871,3.543,180.843
1091.1,50.98,0.0,70.7,-2.1,4,511.886,3.563,177.915
1091.1,50.33,0.0,73.8,-2.2,4,511.250,3.576,175.990
1101.5,49.31,0.0,38.1,-2.1,4,510.327,3.593,173.145
1101.5,48.98,33.4,0.9,-2.9,4,509.733,3.605,171.272
1101.5,49.17,84.0,0.0,-5.3,4,508.868,3.625,168.460
1101.5,49.35,83.9,0.0,-5.8,4,508.306,3.638,166.572
1111.4,49.64,86.3,0.0,-8.5,4,507.483,3.652,163.719
1111.4,49.83,86.4,0.0,-8.0,4,506.952,3.660,161.802
1111.4,50.11,86.4,0.0,-9.2,4,506.186,3.671,158.904
1111.4,50.29,85.3,0.0,-9.2,4,505.699,3.679,156.957
1121.4,50.41,27.7,4.9,-8.7,4,505.010,3.690,154.015
1121.4,50.15,1.5,58.0,-9.4,4,504.579,3.698,152.047
1121.4,49.38,3.6,9.7,-10.2,4,503.981,3.707,149.122
1121.4,49.10,5.9,43.7,-10.0,4,503.617,3.713,147.185
1141.4,48.18,28.0,4.0,-10.7,4,502.023,3.739,135.641
1151.3,47.28,0.0,2.6,-13.2,4,501.392,3.736,125.138
1151.3,47.08,0.0,6.0,-11.2,4,501.358,3.730,122.307
1151.3,46.84,0.0,8.4,-11.8,4,501.388,3.722,119.488
1160.9,46.67,0.0,3.6,-11.2,4,501.444,3.717,117.619
1160.9,46.48,0.6,0.0,-11.0,4,501.581,3.707,114.827
1160.9,46.38,4.0,0.0,-11.9,4,501.707,3.701,112.974
1160.9,46.25,8.1,0.0,-13.0,4,501.949,3.690,110.205
1170.4,46.17,8.7,0.0,-14.0,4,502.144,3.683,108.367
1170.4,46.06,12.3,0.0,-15.5,4,502.488,3.671,105.622
1170.4,45.99,13.9,0.0,-16.6,4,502.752,3.663,103.800
1170.4,45.88,5.9,0.0,-16.9,4,503.200,3.650,101.080
1179.9,45.78,0.5,0.3,-17.9,4,503.531,3.639,99.277
1179.9,45.62,7.8,0.0,-16.9,4,504.078,3.620,96.590
1179.9,45.53,6.6,0.0,-16.8,4,504.479,3.608,94.811
1179.9,45.40,10.6,0.0,-17.2,4,505.132,3.588,92.162
1189.2,45.32,7.7,0.0,-17.5,4,505.600,3.573,90.409
1189.2,45.19,9.5,0.0,-18.3,4,506.352,3.549,87.800
1189.2,45.06,6.4,0.0,-18.9,4,507.164,3.521,85.217
1189.2,44.97,6.9,0.0,-19.3,4,507.736,3.501,83.509
1198.4,44.83,4.7,0.0,-19.6,4,508.642,3.467,80.972
1198.4,44.74,9.0,0.0,-20.2,4,509.278,3.444,79.297
1198.4,44.62,10.4,0.0,-20.7,4,510.279,3.408,76.810
1198.4,44.55,13.5,0.0,-21.0,4,510.977,3.384,75.169
1207.4,44.45,12.1,0.0,-21.5,4,512.071,3.346,72.734
1207.4,44.38,18.7,0.0,-21.8,4,512.831,3.319,71.128
1207.4,44.41,58.9,0.0,-21.9,4,514.016,3.278,68.744
1207.4,44.51,77.7,0.0,-21.0,4,514.841,3.252,67.169
1216.3,44.77,89.6,0.0,-18.1,4,516.132,3.218,64.824
1216.3,44.94,89.6,0.0,-16.2,4,517.029,3.197,63.270
1216.3,45.23,89.4,0.0,-13.5,4,518.426,3.169,60.955
1216.3,45.42,89.4,0.0,-10.4,4,519.391,3.151,59.421
1225.2,45.66,51.1,13.7,-3.9,4,520.887,3.124,57.134
1225.2,45.34,0.0,30.9,0.3,4,522.425,3.098,54.875
1225.2,44.93,0.0,65.5,1.3,4,523.459,3.081,53.392
1225.2,44.03,32.0,75.8,3.0,0,525.001,3.057,51.211
1242.6,38.66,0.0,2.1,4.3,3,534.220,2.886,37.604
1250.6,38.53,0.0,1.3,5.9,3,535.405,2.860,35.614
1250.6,38.45,0.0,1.3,10.0,3,536.174,2.841,34.281
1250.6,38.32,0.0,1.8,10.6,3,537.297,2.811,32.270
1250.6,38.23,0.0,1.4,13.2,3,538.024,2.791,30.923
1258.3,38.09,0.0,1.4,12.5,3,539.077,2.760,28.890
1258.3,37.95,0.0,2.4,12.1,3,540.082,2.729,26.842
1258.3,37.85,0.0,1.3,12.1,3,540.724,2.709,25.468
1266.3,37.76,25.5,0.0,14.2,3,541.644,2.677,23.396
1266.3,37.83,54.7,0.0,16.1,3,542.229,2.657,22.002
1266.3,38.12,85.8,0.0,17.7,3,543.066,2.626,19.885
1266.3,38.32,67.7,0.0,19.9,3,543.599,2.605,18.453
1274.7,38.41,17.9,2.9,23.2,3,544.358,2.572,16.278
1274.7,38.30,0.8,7.3,25.2,3,544.832,2.549,14.819
1274.7,38.04,0.0,10.2,27.5,3,545.490,2.514,12.625
1274.7,37.87,0.8,1.7,28.0,3,545.890,2.491,11.160
1282.7,37.80,47.4,0.0,27.9,3,546.432,2.458,8.957
1282.7,37.92,72.0,0.0,26.3,3,546.754,2.438,7.479
1282.7,38.09,47.7,0.0,27.5,3,547.187,2.407,5.239
1282.7,38.16,36.3,0.0,31.3,3,547.560,2.372,2.982
1291.1,38.16,28.5,0.0,34.4,3,547.774,2.347,1.471
1291.1,38.13,26.2,0.0,38.7,3,548.041,2.308,-0.801
1291.1,38.09,23.1,0.0,41.1,3,548.184,2.281,-2.319
1291.1,38.02,18.9,0.0,43.3,3,548.346,2.242,-4.597
1299.5,37.96,16.8,0.0,44.3,3,548.418,2.216,-6.114
1299.5,37.86,14.8,0.0,45.4,3,548.476,2.176,-8.388
1299.5,37.78,12.9,0.0,46.5,3,548.480,2.148,-9.901
1299.5,37.66,11.5,0.0,47.4,3,548.435,2.104,-12.163
1307.5,37.56,10.9,0.0,47.8,3,548.369,2.075,-13.666
1307.5,37.41,10.4,0.0,48.0,3,548.216,2.032,-15.910
1307.5,37.31,10.3,0.0,47.9,3,548.076,2.004,-17.398
1307.5,37.16,10.3,0.0,47.4,3,547.809,1.965,-19.616
1315.9,37.06,10.6,0.0,46.6,3,547.594,1.940,-21.084
1315.9,36.92,11.5,0.0,44.7,3,547.215,1.904,-23.271
1315.9,36.78,13.1,0.0,43.7,3,546.770,1.870,-25.436
1315.9,36.70,14.3,0.0,42.6,3,546.436,1.849,-26.867
1323.7,36.58,15.6,0.0,39.5,3,545.879,1.819,-28.994
1323.7,36.51,18.3,0.0,36.9,3,545.471,1.801,-30.398
1323.7,36.46,25.7,0.0,32.7,3,544.806,1.775,-32.483
1323.7,36.45,32.3,0.0,31.3,3,544.329,1.757,-33.861
1331.9,36.51,46.8,0.0,27.7,3,543.564,1.728,-35.911
1331.9,36.61,60.0,0.0,25.4,3,543.021,1.708,-37.269
1331.9,36.87,88.4,0.0,21.1,3,542.156,1.678,-39.294
1331.9,37.10,89.5,0.0,17.1,3,541.543,1.658,-40.640
1339.9,37.45,89.6,0.0,10.7,3,540.570,1.631,-42.652
1339.9,37.70,89.6,0.0,6.7,3,539.885,1.615,-43.990
1339.9,38.09,89.6,0.0,3.2,3,538.808,1.593,-45.991
1339.9,38.35,89.6,0.0,3.1,3,538.060,1.577,-47.323
1347.8,38.75,89.6,0.0,4.6,3,536.895,1.551,-49.320
1347.8,39.15,89.6,0.0,6.3,3,535.682,1.526,-51.317
1347.8,39.41,89.6,0.0,7.1,3,534.848,1.511,-52.648
1347.8,39.81,89.6,0.0,7.7,3,533.561,1.490,-54.645
1356.1,40.07,89.6,0.0,7.9,3,532.678,1.478,-55.976
1356.1,40.47,89.6,0.0,7.8,3,531.318,1.459,-57.972
1356.1,40.73,89.6,0.0,7.9,3,530.386,1.447,-59.301
1356.1,41.12,89.6,0.0,8.2,3,528.949,1.428,-61.291
1364.4,41.39,89.6,0.0,8.1,3,527.965,1.415,-62.615
1364.4,41.78,89.6,0.0,7.7,3,526.447,1.393,-64.594
1364.4,42.04,89.6,0.0,7.7,3,525.408,1.377,-65.909
1364.4,42.43,89.6,0.0,7.4,3,523.808,1.351,-67.873
1372.7,42.69,89.6,0.0,7.2,3,522.714,1.333,-69.176
1372.7,43.08,89.7,0.0,7.2,3,521.030,1.303,-71.120
1372.7,43.33,89.7,0.0,7.2,3,519.879,1.283,-72.408
1372.7,43.72,89.7,0.0,7.1,3,518.111,1.252,-74.329
1381.2,44.10,89.7,0.0,7.3,3,516.294,1.219,-76.235
1381.2,44.36,89.7,0.0,7.2,3,515.056,1.195,-77.498
1381.2,44.74,89.7,0.0,6.9,3,513.160,1.156,-79.381
1381.2,45.00,89.7,0.0,6.7,3,511.869,1.129,-80.628
1389.9,45.38,89.7,0.0,6.7,3,509.893,1.090,-82.482
1389.9,45.76,89.7,0.0,7.0,3,507.867,1.053,-84.317
1389.9,46.01,89.7,0.0,6.9,3,506.491,1.030,-85.531
1398.9,46.39,89.8,0.0,6.6,3,504.388,0.996,-87.335
1398.9,46.63,89.8,0.0,8.1,3,502.961,0.973,-88.528
1398.9,47.00,89.8,0.0,7.5,3,500.784,0.933,-90.301
1398.9,47.24,89.8,0.0,7.1,3,499.307,0.906,-91.470
1408.1,47.60,89.8,0.0,5.6,3,497.052,0.863,-93.204
1408.1,47.84,89.8,0.0,4.0,3,495.523,0.834,-94.346
1408.1,48.21,89.8,0.0,3.2,3,493.192,0.790,-96.037
1408.1,48.45,89.8,0.0,3.3,3,491.614,0.762,-97.153
1417.6,48.81,89.9,0.0,3.2,3,489.214,0.723,-98.810
1417.6,49.05,89.9,0.0,2.7,3,487.593,0.697,-99.906
1417.6,49.41,89.9,0.0,1.5,3,485.133,0.662,-101.540
1417.6,49.65,89.9,0.0,0.7,3,483.477,0.640,-102.626
1427.5,50.01,89.9,0.0,-0.3,3,480.968,0.608,-104.252
1427.5,50.37,89.9,0.0,-0.8,3,478.436,0.576,-105.881
1427.5,50.60,89.9,0.0,-1.3,3,476.737,0.554,-106.971
1427.5,50.95,90.0,0.0,-2.6,3,474.174,0.523,-108.616
1437.7,51.18,90.1,0.0,-3.4,3,472.458,0.501,-109.723
1437.7,51.50,90.1,0.0,-3.2,3,469.878,0.470,-111.404
1437.7,51.73,90.0,0.0,-3.0,3,468.155,0.451,-112.540
1437.7,51.80,0.0,0.0,-3.4,0,465.572,0.428,-114.268
1448.3,51.88,89.8,0.0,-3.7,4,463.857,0.413,-115.432
1448.3,52.19,89.8,0.0,-4.7,4,461.287,0.390,-117.205
1448.3,52.41,89.8,0.0,-5.0,4,459.577,0.378,-118.409
1448.3,52.71,89.8,0.0,-5.7,4,457.014,0.355,-120.243
1459.4,52.88,85.9,0.0,-6.4,4,455.307,0.336,-121.486
1459.4,53.17,76.1,0.0,-7.3,4,452.754,0.303,-123.384
1459.4,53.45,66.3,0.0,-7.4,4,450.216,0.272,-125.330
1459.4,53.64,59.8,0.0,-7.1,4,448.535,0.256,-126.657
1470.5,53.93,57.4,0.0,-7.0,4,446.031,0.237,-128.691
1470.5,54.11,57.4,0.0,-7.4,4,444.373,0.226,-130.076
1470.5,54.40,57.6,0.0,-8.6,4,441.901,0.208,-132.193
1470.5,54.59,57.7,0.0,-8.5,4,440.265,0.197,-133.633
1481.6,54.86,57.8,0.0,-6.6,4,437.831,0.186,-135.836
1481.6,55.05,57.9,0.0,-6.3,4,436.221,0.180,-137.332
1481.6,55.32,58.0,0.0,-6.2,4,433.825,0.175,-139.616
1481.6,55.50,58.1,0.0,-6.4,4,432.240,0.172,-141.165
1492.9,55.79,58.1,0.0,-6.4,4,429.878,0.165,-143.524
1492.9,55.97,58.1,0.0,-6.3,4,428.316,0.161,-145.122
1492.9,56.24,58.2,0.0,-6.1,4,425.990,0.155,-147.556
1492.9,56.52,58.3,0.0,-5.9,4,423.688,0.151,-150.033
1504.4,56.69,58.3,0.0,-5.7,4,422.167,0.150,-151.710
1504.4,56.96,58.4,0.0,-5.5,4,419.906,0.153,-154.261
1504.4,57.13,58.5,0.0,-5.6,4,418.412,0.158,-155.985
1504.4,57.40,58.6,0.0,-5.9,4,416.190,0.163,-158.606
1515.8,57.57,58.6,0.0,-6.0,4,414.721,0.163,-160.374
1515.8,57.84,58.7,0.0,-6.3,4,412.537,0.160,-163.060
1515.8,58.01,58.7,0.0,-6.3,4,411.095,0.156,-164.873
1515.8,58.26,58.8,0.0,-6.4,4,408.954,0.148,-167.626
1527.2,58.43,58.9,0.0,-6.5,4,407.542,0.139,-169.484
1527.2,58.68,59.0,0.0,-7.5,4,405.448,0.125,-172.305
1527.2,58.85,59.0,0.0,-6.8,4,404.071,0.115,-174.209
1527.2,59.10,59.0,0.0,-5.6,4,402.032,0.099,-177.100
1538.8,59.26,59.1,0.0,-5.4,4,400.689,0.086,-179.049
1538.8,59.51,59.1,0.0,-4.8,4,398.702,0.066,-182.006
1538.8,59.76,59.1,0.0,-4.1,4,396.745,0.044,-185.001
1538.8,59.92,59.2,0.0,-3.6,4,395.456,0.029,-187.017
1550.7,60.17,59.2,0.0,-2.9,4,393.543,0.009,-190.069
1550.7,60.33,59.2,0.0,-2.7,4,392.281,-0.002,-192.122
1550.7,60.58,59.2,0.0,-2.2,4,390.403,-0.017,-195.225
1550.7,60.75,59.1,0.0,-1.9,4,389.161,-0.026,-197.309
1562.8,60.99,58.9,0.0,-2.4,4,387.309,-0.038,-200.457
1562.8,61.14,58.7,0.0,-3.2,4,386.082,-0.044,-202.568
1562.8,61.37,58.4,0.0,-3.4,0,384.254,-0.050,-205.756
1562.8,61.32,0.0,0.0,-3.1,0,383.046,-0.053,-207.893
1575.0,61.46,81.1,0.0,-1.9,5,381.256,-0.059,-211.110
1575.0,61.61,74.4,0.0,-1.7,5,380.075,-0.062,-213.269
1575.0,61.82,64.3,0.0,-0.1,5,378.318,-0.067,-216.528
1575.0,61.97,57.6,0.0,0.5,5,377.154,-0.071,-218.713
1587.3,62.18,56.4,0.0,0.3,5,375.413,-0.075,-222.005
1587.3,62.40,56.5,0.0,-0.2,5,373.670,-0.078,-225.311
1587.3,62.54,56.5,0.0,-0.2,5,372.505,-0.079,-227.521
1599.8,62.76,56.6,0.0,-0.2,5,370.754,-0.081,-230.847
1599.8,62.90,56.7,0.0,-0.1,5,369.583,-0.083,-233.070
1599.8,63.11,56.8,0.0,-0.2,5,367.824,-0.087,-236.416
1599.8,63.26,56.8,0.0,-0.3,5,366.649,-0.092,-238.653
1612.4,63.46,57.0,0.0,-0.4,5,364.883,-0.102,-242.019
1612.4,63.60,57.0,0.0,-0.5,5,363.705,-0.109,-244.270
1612.4,63.81,57.1,0.0,-0.7,5,361.936,-0.122,-247.658
1612.4,63.95,57.2,0.0,-0.8,5,360.756,-0.131,-249.925
1625.1,64.16,57.3,0.0,-0.9,5,358.987,-0.145,-253.336
1625.1,64.29,57.4,0.0,-0.8,5,357.808,-0.155,-255.618
1625.1,64.50,57.4,0.0,-0.6,5,356.042,-0.169,-259.054
1625.1,64.71,57.5,0.0,-0.3,5,354.279,-0.184,-262.505
1638.0,64.84,57.6,0.0,-0.5,5,353.104,-0.194,-264.814
1638.0,65.05,57.7,0.0,-0.1,5,351.343,-0.210,-268.290
1638.0,65.18,57.8,0.0,-0.1,5,350.168,-0.220,-270.614
1638.0,65.38,57.8,0.0,0.1,5,348.405,-0.235,-274.111
1651.1,65.51,57.9,0.0,0.0,5,347.227,-0.246,-276.448
1651.1,65.72,58.0,0.0,-0.1,5,345.458,-0.262,-279.965
1651.1,65.84,58.0,0.0,-0.2,5,344.275,-0.273,-282.315
1651.1,66.04,58.1,0.0,-0.2,5,342.497,-0.291,-285.849
1664.2,66.18,58.1,0.0,-0.1,5,341.309,-0.304,-288.211
1664.2,66.37,58.1,0.0,0.0,5,339.523,-0.325,-291.763
1664.2,66.50,58.2,0.0,0.1,5,338.330,-0.339,-294.137
1664.2,66.69,58.2,0.0,0.0,5,336.537,-0.360,-297.707
1677.5,66.89,58.2,0.0,-0.5,5,334.738,-0.385,-301.288
1677.5,67.01,58.3,0.0,-0.7,5,333.537,-0.403,-303.681
1677.5,67.19,58.4,0.0,-0.6,5,331.735,-0.423,-307.281
1677.5,67.32,58.4,0.0,-0.5,5,330.533,-0.436,-309.688
1690.9,67.51,58.4,0.0,-0.4,5,328.731,-0.458,-313.309
1690.9,67.64,58.4,0.0,-0.4,5,327.530,-0.474,-315.730
1690.9,67.82,58.5,0.0,-0.4,5,325.729,-0.499,-319.372
1690.9,67.94,58.5,0.0,-0.3,5,324.528,-0.515,-321.807
1718.1,68.67,58.7,0.0,-0.2,5,317.315,-0.606,-336.526
1718.1,68.84,58.8,0.0,-0.1,5,315.507,-0.630,-340.234
1718.1,68.96,58.8,0.0,-0.1,5,314.300,-0.645,-342.712
1718.1,69.14,58.8,0.0,-0.1,5,312.488,-0.669,-346.437
1731.9,69.25,58.9,0.0,-0.1,5,311.279,-0.685,-348.926
1731.9,69.43,58.9,0.0,-0.1,5,309.463,-0.709,-352.669
1731.9,69.60,59.0,0.0,-0.1,5,307.643,-0.734,-356.421
1731.9,69.71,59.0,0.0,-0.1,5,306.429,-0.751,-358.929
1745.8,69.89,59.0,0.0,-0.1,5,304.604,-0.779,-362.698
1745.8,70.00,59.1,0.0,-0.1,5,303.387,-0.798,-365.217
1745.8,70.17,59.1,0.0,-0.1,5,301.557,-0.828,-369.002
1745.8,70.28,59.1,0.0,-0.1,5,300.336,-0.848,-371.532
1759.8,70.45,59.2,0.0,-0.1,5,298.502,-0.879,-375.334
1759.8,70.56,59.2,0.0,-0.1,5,297.277,-0.900,-377.874
1759.8,70.72,59.2,0.0,-0.1,5,295.438,-0.933,-381.692
1759.8,70.83,59.2,0.0,-0.0,5,294.209,-0.955,-384.242
1774.0,70.99,59.3,0.0,-0.0,5,292.365,-0.988,-388.076
1774.0,71.10,59.3,0.0,-0.0,5,291.133,-1.008,-390.637
1774.0,71.26,59.3,0.0,-0.0,5,289.283,-1.040,-394.486
1774.0,71.37,59.3,0.0,0.0,5,288.048,-1.062,-397.056
1788.2,71.53,59.3,0.0,0.1,5,286.191,-1.095,-400.920
1788.2,71.68,59.4,0.0,0.1,5,284.330,-1.130,-404.792
1788.2,71.79,59.4,0.0,0.1,5,283.087,-1.152,-407.378
1788.2,71.94,59.4,0.0,0.1,5,281.219,-1.180,-411.263
1802.6,72.04,59.4,0.0,0.1,5,279.971,-1.197,-413.858
1802.6,72.20,59.4,0.0,0.2,5,278.095,-1.225,-417.757
1802.6,72.30,59.4,0.0,0.2,5,276.841,-1.243,-420.360
1802.6,72.44,59.2,0.0,0.2,5,274.955,-1.271,-424.271
1817.0,72.54,59.2,0.0,0.2,5,273.695,-1.290,-426.882
1817.0,72.69,59.1,0.0,0.2,5,271.800,-1.319,-430.805
1817.0,72.78,59.1,0.0,0.2,5,270.534,-1.338,-433.424
1817.0,72.92,59.0,0.0,0.3,5,268.629,-1.369,-437.358
1831.5,73.01,58.9,0.0,0.3,5,267.355,-1.388,-439.984
1831.5,73.15,58.8,0.0,0.3,5,265.439,-1.417,-443.928
1831.5,73.17,0.0,0.0,0.3,0,264.159,-1.436,-446.560
1831.5,73.14,85.0,0.0,0.3,6,262.236,-1.464,-450.503
1846.2,73.28,75.4,0.0,0.2,6,260.308,-1.491,-454.449
1846.2,73.37,69.1,0.0,0.2,6,259.018,-1.509,-457.083
1846.2,73.50,59.5,0.0,0.3,6,257.076,-1.534,-461.038
1846.2,73.60,58.2,0.0,0.3,6,255.778,-1.551,-463.677
1860.9,73.73,58.3,0.0,0.4,6,253.823,-1.577,-467.641
1860.9,73.82,58.3,0.0,0.4,6,252.516,-1.595,-470.287
1860.9,73.95,58.3,0.0,0.3,6,250.548,-1.621,-474.259
1860.9,74.04,58.3,0.0,0.4,6,249.232,-1.638,-476.909
1875.6,74.17,58.4,0.0,0.3,6,247.251,-1.664,-480.889
1875.6,74.25,58.4,0.0,0.3,6,245.925,-1.680,-483.545
1875.6,74.38,58.4,0.0,0.3,6,243.931,-1.704,-487.533
1875.6,74.47,58.4,0.0,0.3,6,242.596,-1.720,-490.194
1890.5,74.60,58.5,0.0,0.2,6,240.589,-1.742,-494.190
1890.5,74.68,58.5,0.0,0.2,6,239.246,-1.757,-496.856
1890.5,74.81,58.5,0.0,0.3,6,237.226,-1.779,-500.860
1905.4,74.93,58.5,0.0,0.2,6,235.200,-1.803,-504.869
1905.4,75.01,58.5,0.0,0.2,6,233.846,-1.818,-507.544
1905.4,75.14,58.6,0.0,0.2,6,231.809,-1.841,-511.562
1905.4,75.22,58.6,0.0,0.2,6,230.447,-1.857,-514.243
1920.5,75.34,58.6,0.0,0.2,6,228.400,-1.880,-518.269
1920.5,75.43,58.6,0.0,0.2,6,227.031,-1.896,-520.956
1920.5,75.55,58.6,0.0,0.2,6,224.974,-1.921,-524.990
1920.5,75.63,58.7,0.0,0.1,6,223.599,-1.938,-527.682
1935.6,75.74,58.7,0.0,0.0,6,221.532,-1.959,-531.725
1935.6,75.82,58.7,0.0,-0.1,6,220.151,-1.973,-534.423
1935.6,75.94,58.7,0.0,-0.1,6,218.076,-1.996,-538.476
1935.6,76.02,58.8,0.0,-0.2,6,216.691,-2.013,-541.181
1950.8,76.14,58.8,0.0,-0.2,6,214.611,-2.044,-545.244
1950.8,76.22,58.8,0.0,-0.3,6,213.224,-2.068,-547.957
1950.8,76.34,58.9,0.0,-0.3,6,211.144,-2.108,-552.033
1950.8,76.45,58.9,0.0,-0.3,6,209.064,-2.152,-556.117
1966.0,76.53,58.9,0.0,-0.4,6,207.678,-2.182,-558.844
1966.0,76.65,58.9,0.0,-0.4,6,205.601,-2.228,-562.943
1966.0,76.72,58.9,0.0,-0.4,6,204.217,-2.261,-565.680
1966.0,76.83,59.0,0.0,-0.4,6,202.144,-2.311,-569.793
1981.4,76.91,59.0,0.0,-0.4,6,200.764,-2.345,-572.541
1981.4,77.02,59.0,0.0,-0.5,6,198.696,-2.396,-576.669
1981.4,77.10,59.1,0.0,-0.5,6,197.320,-2.431,-579.427
1981.4,77.21,59.1,0.0,-0.4,6,195.258,-2.485,-583.571
1996.8,77.28,59.1,0.0,-0.3,6,193.885,-2.521,-586.339
1996.8,77.39,59.2,0.0,-0.1,6,191.829,-2.572,-590.498
1996.8,77.47,59.2,0.0,-0.0,6,190.459,-2.606,-593.276
1996.8,77.59,59.2,0.0,0.0,6,188.406,-2.663,-597.449
2012.3,77.66,59.2,0.0,0.1,6,187.036,-2.701,-600.235
2012.3,77.76,59.2,0.0,0.3,6,184.980,-2.756,-604.419
2012.3,77.87,59.2,0.0,0.5,6,182.920,-2.812,-608.608
2012.3,77.94,59.3,0.0,0.6,6,181.543,-2.848,-611.403
2027.8,78.05,59.3,0.0,0.8,6,179.470,-2.898,-615.599
2027.8,78.12,59.3,0.0,0.8,6,178.083,-2.933,-618.397
2027.8,78.23,59.3,0.0,0.9,6,175.993,-2.984,-622.595
2027.8,78.29,59.3,0.0,0.9,6,174.591,-3.015,-625.394
2043.5,78.39,59.4,0.0,1.0,6,172.477,-3.056,-629.592
2043.5,78.47,59.4,0.0,1.1,6,171.059,-3.082,-632.390
2043.5,78.57,59.4,0.0,1.1,6,168.919,-3.119,-636.587
2043.5,78.63,59.4,0.0,1.0,6,167.485,-3.142,-639.384
2059.2,78.73,59.4,0.0,0.7,6,165.320,-3.174,-643.579
2059.2,78.79,59.4,0.0,0.6,6,163.868,-3.193,-646.375
2059.2,78.89,59.4,0.0,0.5,6,161.678,-3.218,-650.568
2059.2,78.96,59.4,0.0,0.6,6,160.211,-3.232,-653.363
2074.9,79.05,59.5,0.0,0.6,6,157.999,-3.249,-657.555
2074.9,79.14,59.5,0.0,0.6,6,155.776,-3.259,-661.747
2074.9,79.20,59.5,0.0,0.6,6,154.288,-3.264,-664.543
2074.9,79.30,59.5,0.0,0.5,6,152.046,-3.266,-668.736
2090.7,79.36,59.5,0.0,0.6,6,150.546,-3.267,-671.532
2090.7,79.48,59.5,0.0,0.6,6,147.532,-3.261,-677.125
2090.7,79.54,59.5,0.0,0.5,6,146.018,-3.256,-679.921
2106.6,79.62,59.5,0.0,0.5,6,143.739,-3.245,-684.117
2106.6,79.68,59.5,0.0,0.6,6,142.214,-3.235,-686.914
2106.6,79.77,59.6,0.0,0.7,6,139.917,-3.217,-691.110
2106.6,79.82,59.6,0.0,0.8,6,138.379,-3.201,-693.907
2122.5,79.90,59.6,0.0,1.3,6,136.063,-3.174,-698.101
2122.5,79.96,59.6,0.0,1.4,6,134.510,-3.153,-700.896
2122.5,80.04,59.6,0.0,1.3,6,132.167,-3.118,-705.085
2122.5,80.10,59.6,0.0,1.3,6,130.595,-3.092,-707.875
2138.4,80.18,59.6,0.0,1.5,6,128.220,-3.049,-712.056
2138.4,80.21,50.8,10.7,1.7,6,126.626,-3.017,-714.839
2138.4,79.76,0.0,58.2,1.8,6,124.223,-2.963,-718.998
2138.4,78.72,0.0,80.1,1.6,6,121.822,-2.904,-723.106
2154.3,77.91,0.0,83.5,1.8,6,120.229,-2.860,-725.805
2154.3,76.64,0.0,84.9,0.8,6,117.853,-2.792,-729.789
2154.3,75.80,0.0,85.0,0.7,6,116.278,-2.743,-732.401
2154.3,74.53,0.0,85.5,1.0,6,113.930,-2.663,-736.254
2169.4,73.69,0.0,85.3,1.1,6,112.376,-2.608,-738.779
2169.4,72.43,0.0,84.7,1.0,6,110.062,-2.523,-742.504
2169.4,71.59,0.0,84.6,0.8,6,108.530,-2.465,-744.945
2169.4,70.35,0.0,84.9,0.7,6,106.251,-2.378,-748.544
2183.7,69.52,0.0,84.4,0.8,6,104.744,-2.319,-750.902
2183.7,68.29,0.0,84.7,1.5,6,102.502,-2.233,-754.377
2183.7,67.47,0.0,84.7,1.8,6,101.019,-2.177,-756.653
2183.7,66.31,0.0,89.1,2.1,6,98.812,-2.096,-760.006
2197.2,65.43,0.0,86.2,1.4,6,97.353,-2.049,-762.201
2197.2,64.17,0.0,82.5,0.5,6,95.179,-1.979,-765.425
2197.2,63.00,22.8,85.4,0.9,0,93.015,-1.904,-768.569
2197.2,62.19,0.0,79.0,1.4,5,91.582,-1.856,-770.623
2209.9,61.05,0.0,77.5,0.9,5,89.445,-1.786,-773.642
2209.9,60.30,0.0,80.6,1.3,5,88.027,-1.738,-775.613
2209.9,59.15,0.0,83.8,2.6,5,85.916,-1.667,-778.510
2209.9,58.36,0.0,83.8,2.7,5,84.518,-1.621,-780.401
2221.7,57.17,0.0,84.1,2.1,5,82.438,-1.555,-783.175
2221.7,56.38,0.0,84.0,2.0,5,81.061,-1.513,-784.983
2221.7,55.20,0.0,84.1,1.7,5,79.011,-1.453,-787.632
2221.7,54.41,0.0,83.1,1.9,5,77.653,-1.414,-789.355
2232.7,53.27,36.3,80.9,2.3,0,75.630,-1.358,-791.875
2232.7,52.52,0.0,82.8,2.6,4,74.289,-1.323,-793.514
2232.7,51.37,0.0,83.3,2.7,4,72.290,-1.272,-795.907
2232.7,50.59,0.0,76.7,2.5,4,70.965,-1.240,-797.459
2243.0,49.53,0.0,63.9,2.0,4,68.988,-1.191,-799.721
2243.0,48.65,0.0,39.8,1.6,4,67.013,-1.143,-801.907
2243.0,48.22,0.0,26.0,1.9,4,65.693,-1.112,-803.324
2243.0,47.77,0.0,16.2,3.7,4,63.694,-1.065,-805.397
2252.6,47.54,0.0,13.1,5.9,4,62.349,-1.033,-806.747
2252.6,47.23,0.0,10.5,8.9,4,60.310,-0.987,-808.729
2252.6,47.04,0.0,9.1,9.9,4,58.938,-0.955,-810.022
2252.6,46.78,0.0,8.4,10.1,4,56.859,-0.907,-811.919
2261.9,46.61,0.0,7.3,10.0,4,55.459,-0.874,-813.156
2261.9,46.37,0.0,6.4,9.9,4,53.339,-0.826,-814.968
2261.9,46.21,0.0,5.6,10.1,4,51.910,-0.794,-816.147
2261.9,45.98,0.0,5.1,10.5,4,49.746,-0.749,-817.870
2271.1,45.84,0.0,4.1,10.7,4,48.288,-0.718,-818.986
2271.1,45.63,0.0,2.8,11.4,4,46.078,-0.672,-820.612
2271.1,45.50,0.0,2.3,11.8,4,44.590,-0.641,-821.664
2271.1,45.31,0.0,1.4,12.6,4,42.335,-0.596,-823.192
2280.3,45.13,0.2,0.1,12.8,4,40.054,-0.551,-824.661
2280.3,45.02,3.0,0.0,12.9,4,38.519,-0.521,-825.605
2280.3,44.86,3.0,0.0,13.3,4,36.193,-0.475,-826.969
2280.3,44.76,2.8,0.0,13.6,4,34.629,-0.445,-827.844
2289.7,44.60,1.7,0.0,13.9,4,32.262,-0.399,-829.103
2289.7,44.49,2.0,0.0,14.1,4,30.672,-0.369,-829.906
2289.7,44.32,2.0,0.0,14.2,4,28.270,-0.323,-831.058
2289.7,44.22,3.3,0.0,14.1,4,26.657,-0.294,-831.789
2298.7,44.07,5.8,0.0,13.5,4,24.221,-0.248,-832.829
2298.7,43.97,5.2,0.0,13.7,4,22.587,-0.217,-833.485
2298.7,43.82,4.9,0.0,14.0,4,20.123,-0.170,-834.412
2298.7,43.72,2.7,0.0,14.8,4,18.471,-0.138,-834.994
2308.0,43.56,0.7,0.0,14.7,4,15.985,-0.094,-835.815
2308.0,43.46,34.6,0.0,15.2,0,14.321,-0.066,-836.326
2308.0,43.30,0.0,0.5,13.8,3,11.817,-0.023,-837.037
2317.2,43.12,0.0,0.4,12.1,3,9.305,0.021,-837.678
2317.2,43.00,0.0,0.5,11.9,3,7.627,0.052,-838.066
2317.2,42.82,0.0,0.4,12.4,3,5.107,0.098,-838.593
2317.2,42.70,0.0,0.6,12.8,3,3.426,0.128,-838.908
2326.2,42.52,0.0,0.7,13.3,3,0.905,0.172,-839.328
2326.2,42.40,0.0,0.6,13.5,3,-0.776,0.201,-839.572
2326.2,42.22,0.0,1.1,14.2,3,-3.295,0.243,-839.885
2326.2,42.10,0.0,0.4,14.6,3,-4.973,0.270,-840.059
2335.3,41.92,0.0,0.7,13.2,3,-7.485,0.310,-840.265
2335.3,41.81,0.0,1.1,11.7,3,-9.157,0.335,-840.368
2335.3,41.63,0.0,0.8,11.1,3,-11.658,0.372,-840.469
2335.3,41.55,22.6,0.0,11.3,3,-13.321,0.397,-840.503
2343.9,41.68,69.9,0.0,11.8,3,-15.816,0.431,-840.504
2343.9,41.86,64.8,2.6,11.8,3,-17.486,0.453,-840.473
2343.9,41.67,0.0,27.2,12.4,3,-19.994,0.483,-840.381
2343.9,41.15,0.0,14.8,14.1,3,-22.475,0.510,-840.236
2352.9,40.95,10.4,0.6,14.0,3,-24.112,0.526,-840.110
2352.9,40.99,70.3,0.0,12.8,3,-26.557,0.549,-839.870
2352.9,41.21,89.6,0.0,12.0,3,-28.189,0.563,-839.676
2352.9,41.58,89.6,0.0,11.3,3,-30.648,0.581,-839.339
2361.8,41.81,89.6,0.0,11.2,3,-32.296,0.591,-839.082
2361.8,42.17,89.6,0.0,11.3,3,-34.776,0.605,-838.643
2361.8,42.41,89.6,0.0,11.6,3,-36.435,0.615,-838.313
2361.8,42.76,89.7,0.0,12.0,3,-38.930,0.631,-837.765
2380.1,44.17,89.7,0.0,14.5,3,-48.960,0.685,-834.921
2380.1,44.51,89.7,0.0,14.2,3,-51.472,0.694,-834.047
2380.1,44.73,89.7,0.0,14.0,3,-53.145,0.701,-833.425
2380.1,45.07,89.7,0.0,14.0,3,-55.650,0.710,-832.436
2389.5,45.29,89.7,0.0,14.0,3,-57.316,0.715,-831.739
2389.5,45.62,89.7,0.0,14.3,3,-59.810,0.720,-830.638
2389.5,45.83,89.8,0.0,14.5,3,-61.468,0.721,-829.867
2389.5,46.16,89.8,0.0,14.8,3,-63.946,0.722,-828.654
2398.8,46.37,89.8,0.0,15.3,3,-65.591,0.721,-827.806
2398.8,46.69,89.8,0.0,16.4,3,-68.045,0.719,-826.477
2398.8,46.99,89.8,0.0,17.5,3,-70.483,0.714,-825.080
2398.8,47.19,81.8,0.0,18.3,3,-72.098,0.710,-824.110
2408.4,47.35,50.2,0.0,19.8,3,-74.499,0.702,-822.600
2408.4,47.39,40.4,0.0,21.0,3,-76.081,0.696,-821.557
2408.4,47.35,20.7,0.0,22.6,3,-78.421,0.686,-819.943
2408.4,47.28,13.6,0.0,23.5,3,-79.956,0.679,-818.835
2417.8,47.13,8.3,0.0,23.7,3,-82.219,0.666,-817.132
2417.8,47.03,15.0,0.0,23.3,3,-83.699,0.656,-815.967
2417.8,47.04,57.1,0.0,22.7,3,-85.880,0.641,-814.178
2417.8,47.16,82.0,0.0,22.1,3,-87.310,0.630,-812.953
2427.1,47.46,89.8,0.0,21.1,3,-89.429,0.611,-811.065
2427.1,47.66,89.8,0.0,20.6,3,-90.823,0.597,-809.772
2427.1,47.95,89.8,0.0,20.3,3,-92.888,0.573,-807.781
2427.1,48.15,89.9,0.0,19.6,3,-94.244,0.556,-806.420
2436.4,48.44,89.9,0.0,18.7,3,-96.245,0.531,-804.325
2445.7,48.50,80.1,0.0,19.5,3,-103.750,0.416,-795.414
2445.7,48.80,89.9,0.0,18.4,3,-105.490,0.383,-793.073
2445.7,49.10,89.9,0.0,16.6,3,-107.189,0.347,-790.678
2455.1,49.31,89.9,0.0,15.2,3,-108.297,0.320,-789.052
2455.1,49.60,89.9,0.0,14.0,3,-109.923,0.277,-786.571
2455.1,49.78,90.0,0.0,12.4,3,-110.983,0.245,-784.890
2455.1,50.09,90.0,0.0,7.8,3,-112.537,0.191,-782.330
2464.8,50.29,90.0,0.0,4.5,3,-113.546,0.154,-780.595
2464.8,50.53,90.0,0.0,1.3,3,-115.017,0.098,-777.952
2464.8,50.74,90.0,0.0,-0.3,3,-115.973,0.059,-776.168
2464.8,50.94,0.0,0.0,0.5,0,-117.376,-0.003,-773.458
2474.8,50.91,89.7,0.0,1.3,4,-118.291,-0.052,-771.639
2474.8,51.26,89.7,0.0,-0.8,4,-119.637,-0.134,-768.888
2474.8,51.45,89.7,0.0,-1.8,4,-120.524,-0.188,-767.037
2474.8,51.78,89.8,0.0,-2.2,4,-121.852,-0.268,-764.241
2485.2,52.00,89.8,0.0,-2.1,4,-122.741,-0.321,-762.367
2485.2,52.30,89.8,0.0,-2.1,4,-124.088,-0.404,-759.544
2485.2,52.65,89.8,0.0,-2.2,4,-125.452,-0.500,-756.709
2485.2,52.87,87.8,0.0,-2.6,4,-126.375,-0.567,-754.813
2495.9,53.17,78.1,0.0,-2.2,4,-127.783,-0.667,-751.963
2495.9,53.39,71.5,0.0,-2.1,4,-128.739,-0.733,-750.060
2495.9,53.71,61.7,0.0,-2.6,4,-130.197,-0.830,-747.200
2495.9,53.92,57.2,0.0,-3.4,4,-131.185,-0.896,-745.289
2506.8,54.24,57.4,0.0,-3.2,4,-132.691,-0.997,-742.417
2506.8,54.44,57.6,0.0,-3.5,4,-133.713,-1.064,-740.500
2506.8,54.75,57.8,0.0,-3.2,4,-135.270,-1.163,-737.621
2506.8,54.97,57.8,0.0,-3.1,4,-136.324,-1.232,-735.698
2518.0,55.28,57.9,0.0,-2.8,4,-137.931,-1.343,-732.810
2518.0,55.48,58.0,0.0,-2.4,4,-139.019,-1.421,-730.883
2518.0,55.79,58.1,0.0,-2.8,4,-140.675,-1.545,-727.988
2518.0,55.99,58.1,0.0,-2.5,4,-141.795,-1.631,-726.055
2529.3,56.30,58.2,0.0,-3.0,4,-143.499,-1.765,-723.154
2529.3,56.50,58.2,0.0,-2.7,4,-144.652,-1.859,-721.217
2529.3,56.80,58.3,0.0,-2.7,4,-146.406,-2.002,-718.310
2540.7,57.10,58.4,0.0,-2.0,4,-148.192,-2.145,-715.400
2540.7,57.30,58.5,0.0,-2.1,4,-149.398,-2.240,-713.459
2540.7,57.60,58.6,0.0,-3.0,4,-151.229,-2.385,-710.543
2540.7,57.79,58.6,0.0,-2.9,4,-152.465,-2.482,-708.597
2552.3,58.08,58.8,0.0,-2.7,4,-154.344,-2.625,-705.677
2552.3,58.27,58.8,0.0,-2.4,4,-155.614,-2.717,-703.730
2552.3,58.56,58.9,0.0,-2.0,4,-157.544,-2.850,-700.808
2552.3,58.75,59.0,0.0,-1.5,4,-158.846,-2.937,-698.859
2564.1,59.03,59.0,0.0,-1.1,4,-160.822,-3.067,-695.933
2564.1,59.22,59.0,0.0,-1.2,4,-162.152,-3.152,-693.980
2564.1,59.50,59.1,0.0,-1.3,4,-164.165,-3.275,-691.045
2564.1,59.68,59.1,0.0,-1.3,4,-165.518,-3.353,-689.085
2576.1,59.95,59.2,0.0,-1.2,4,-167.565,-3.462,-686.139
2576.1,60.13,59.2,0.0,-1.1,4,-168.940,-3.529,-684.172
2576.1,60.39,59.3,0.0,-1.1,4,-171.021,-3.621,-681.217
2576.1,60.66,59.0,0.0,-1.0,4,-173.121,-3.704,-678.256
2588.3,60.82,58.9,0.0,-0.9,4,-174.533,-3.752,-676.280
2588.3,61.07,58.6,0.0,-0.9,4,-176.666,-3.812,-673.311
2588.3,61.14,0.0,0.0,-0.9,0,-178.099,-3.844,-671.330
2588.3,61.19,84.5,0.0,-0.8,5,-180.255,-3.884,-668.363
2600.6,61.34,77.7,0.0,-0.7,5,-181.700,-3.906,-666.385
2600.6,61.56,67.6,0.0,-0.8,5,-183.882,-3.934,-663.414
2600.6,61.71,60.9,0.0,-0.8,5,-185.345,-3.951,-661.430
2600.6,61.94,56.2,0.0,-0.9,5,-187.553,-3.975,-658.449
2612.9,62.09,56.3,0.0,-0.9,5,-189.033,-3.990,-656.459
2612.9,62.30,56.4,0.0,-0.8,5,-191.266,-4.009,-653.469
2612.9,62.45,56.5,0.0,-0.7,5,-192.764,-4.021,-651.474
2612.9,62.67,56.6,0.0,-0.7,5,-195.022,-4.035,-648.476
2625.4,62.81,56.7,0.0,-0.7,5,-196.535,-4.042,-646.475
2625.4,63.02,56.8,0.0,-0.7,5,-198.818,-4.049,-643.469
2625.4,63.23,56.9,0.0,-0.7,5,-201.115,-4.053,-640.458
2625.4,63.37,57.0,0.0,-0.7,5,-202.654,-4.054,-638.447
2638.0,63.58,57.1,0.0,-0.6,5,-204.974,-4.051,-635.428
2638.0,63.72,57.2,0.0,-0.6,5,-206.529,-4.045,-633.412
2638.0,63.92,57.3,0.0,-0.7,5,-208.873,-4.031,-630.385
2638.0,64.05,57.3,0.0,-0.8,5,-210.443,-4.017,-628.364
2650.7,64.26,57.4,0.0,-1.1,5,-212.811,-3.995,-625.330
2650.7,64.40,57.4,0.0,-1.3,5,-214.398,-3.980,-623.305
2650.7,64.60,57.5,0.0,-1.6,5,-216.792,-3.958,-620.265
2650.7,64.73,57.6,0.0,-1.7,5,-218.398,-3.943,-618.237
2663.5,64.93,57.6,0.0,-1.9,5,-220.822,-3.923,-615.196
2663.5,65.06,57.7,0.0,-1.5,5,-222.450,-3.910,-613.168
2663.5,65.26,57.8,0.0,-1.3,5,-224.908,-3.896,-610.129
2663.5,65.46,57.9,0.0,-1.4,5,-227.386,-3.888,-607.090
2676.6,65.55,43.3,0.0,-1.3,5,-229.049,-3.887,-605.065
2676.6,65.45,13.7,43.6,-1.1,5,-231.556,-3.888,-602.034
2676.6,64.97,0.0,66.6,-0.9,5,-233.226,-3.892,-600.028
2676.6,63.95,0.0,79.2,-0.5,5,-235.709,-3.903,-597.059
2689.6,63.19,0.0,82.5,-0.2,5,-237.347,-3.913,-595.112
2689.6,62.02,0.0,84.1,-0.1,5,-239.774,-3.930,-592.242
2689.6,61.24,0.0,85.2,-0.0,5,-241.371,-3.945,-590.362
2689.6,60.04,0.0,84.7,0.1,5,-243.735,-3.971,-587.593
2702.0,59.26,0.0,84.7,0.1,5,-245.289,-3.990,-585.781
2702.0,58.08,0.0,84.9,-0.0,5,-247.588,-4.023,-583.112
2702.0,57.29,0.0,84.6,-0.1,5,-249.098,-4.047,-581.365
2702.0,56.12,0.0,84.4,-0.1,5,-251.329,-4.084,-578.794
2713.6,55.35,0.0,84.8,-0.1,5,-252.794,-4.109,-577.112
2713.6,54.18,0.0,84.6,0.1,5,-254.957,-4.147,-574.635
2713.6,53.41,0.0,84.8,0.2,0,-256.376,-4.173,-573.016
2713.6,52.27,0.0,85.5,0.1,4,-258.470,-4.211,-570.632
2724.4,51.11,0.0,85.5,-0.2,4,-260.522,-4.248,-568.304
2724.4,50.34,0.0,85.3,-0.4,4,-261.867,-4.274,-566.783
2724.4,49.18,0.0,84.6,-0.6,4,-263.850,-4.312,-564.548
2724.4,48.43,0.0,84.6,-0.9,4,-265.148,-4.338,-563.088
2734.3,47.29,0.0,85.0,-1.3,4,-267.063,-4.376,-560.946
2734.3,46.53,0.0,84.9,-1.5,4,-268.318,-4.402,-559.549
2734.3,45.38,0.0,84.2,-1.8,0,-270.169,-4.440,-557.502
2734.3,44.65,30.7,85.1,-1.8,0,-271.382,-4.463,-556.170
2743.6,43.52,0.0,85.6,-2.0,3,-273.174,-4.497,-554.221
2743.6,42.76,0.0,85.6,-1.8,3,-274.349,-4.518,-552.956
2743.6,41.64,0.0,85.3,-1.7,3,-276.083,-4.550,-551.108
2743.6,40.88,0.0,85.5,-1.8,3,-277.220,-4.570,-549.910
2752.0,39.78,0.0,85.7,-1.5,3,-278.899,-4.601,-548.164
2752.0,38.68,0.0,85.4,-0.5,3,-280.546,-4.631,-546.481
2752.0,37.93,0.0,84.3,0.1,0,-281.628,-4.649,-545.394
2759.8,33.99,0.0,63.3,1.8,2,-287.882,-4.748,-539.461
2766.8,33.13,0.0,60.6,1.4,2,-289.396,-4.771,-538.131
2766.8,32.29,0.0,60.2,-0.0,2,-290.894,-4.793,-536.860
2766.8,31.73,0.0,61.0,-1.4,2,-291.884,-4.807,-536.046
2773.2,30.89,0.0,61.2,-3.5,2,-293.355,-4.827,-534.876
2773.2,30.34,0.0,60.5,-2.8,2,-294.327,-4.840,-534.128
2773.2,29.55,36.7,52.8,-7.1,0,-295.768,-4.859,-533.055
2773.2,29.07,0.0,47.9,-8.4,1,-296.722,-4.870,-532.372
2779.0,28.39,0.0,42.0,-5.0,1,-298.143,-4.887,-531.395
2779.0,27.98,0.0,41.0,-6.6,1,-299.084,-4.897,-530.772
2779.0,27.38,0.0,39.8,-13.6,1,-300.485,-4.911,-529.878
2779.0,27.00,0.0,39.4,-17.3,1,-301.413,-4.920,-529.310
2784.2,26.42,0.0,41.6,-17.0,1,-302.799,-4.932,-528.503
2784.2,26.02,0.0,40.6,-13.5,1,-303.717,-4.939,-527.994
2784.2,25.45,0.0,36.7,-9.0,1,-305.082,-4.949,-527.271
2784.2,25.09,0.0,33.3,-7.6,1,-305.984,-4.955,-526.814
2789.0,24.62,0.0,31.7,-8.1,1,-307.325,-4.963,-526.160
2789.0,24.16,0.0,24.9,-10.7,1,-308.653,-4.970,-525.543
2789.0,23.91,0.0,19.1,-12.9,1,-309.531,-4.974,-525.152
2789.0,23.61,0.0,12.0,-16.0,1,-310.843,-4.978,-524.593
2793.9,23.44,0.0,14.1,-17.2,1,-311.716,-4.980,-524.241
2793.9,23.18,0.0,11.4,-18.7,1,-313.023,-4.982,-523.742
2793.9,23.02,0.0,6.8,-21.5,1,-313.894,-4.982,-523.431
2793.9,22.84,0.0,6.6,-25.4,1,-315.200,-4.982,-523.000
2800.4,22.71,0.0,4.6,-28.3,1,-316.073,-4.980,-522.738
2800.4,22.53,0.0,5.1,-32.9,1,-317.384,-4.977,-522.387
2800.4,22.38,0.0,5.2,-36.5,1,-318.259,-4.972,-522.183
2800.4,22.20,9.2,0.1,-38.7,1,-319.570,-4.964,-521.923
2806.1,22.19,34.2,0.0,-38.7,1,-320.447,-4.958,-521.780
2806.1,22.37,48.2,0.0,-39.5,1,-321.772,-4.947,-521.608
2806.1,22.56,59.6,0.0,-37.3,1,-322.666,-4.942,-521.516
2806.1,22.87,31.3,0.0,-30.8,1,-324.024,-4.939,-521.411
2811.6,22.88,14.6,3.2,-34.2,1,-325.396,-4.940,-521.352
2811.6,22.80,0.8,11.3,-35.6,1,-326.310,-4.944,-521.339
2811.6,22.53,0.0,5.0,-40.8,1,-327.672,-4.949,-521.365
2811.6,22.33,1.6,0.4,-43.1,1,-328.567,-4.948,-521.418
2816.7,22.19,5.8,0.0,-48.4,1,-329.896,-4.939,-521.554
2816.7,22.12,7.4,0.0,-52.7,1,-330.774,-4.932,-521.675
2816.7,22.02,10.9,0.0,-60.8,1,-332.079,-4.924,-521.896
2816.7,21.95,10.8,0.0,-65.5,1,-332.941,-4.919,-522.069
2821.4,21.83,9.2,0.0,-68.8,1,-334.220,-4.912,-522.367
2821.4,21.74,9.0,0.0,-68.3,1,-335.062,-4.905,-522.593
2821.4,21.62,9.1,0.0,-67.6,1,-336.306,-4.895,-522.973
2821.4,21.54,9.2,0.0,-65.8,1,-337.123,-4.886,-523.252
2825.8,21.42,9.9,0.0,-61.6,1,-338.328,-4.873,-523.710
2825.8,21.35,12.3,0.0,-57.5,1,-339.117,-4.863,-524.042
2825.8,21.31,23.8,0.0,-49.5,1,-340.277,-4.846,-524.580
2825.8,21.43,54.1,0.0,-40.8,1,-341.415,-4.829,-525.167
2830.1,21.66,86.8,0.0,-36.2,1,-342.167,-4.817,-525.587
2830.1,22.02,63.1,0.0,-25.4,1,-343.292,-4.797,-526.260
2830.1,22.27,68.9,0.0,-17.6,1,-344.038,-4.785,-526.736
2830.1,22.68,79.6,0.0,-7.3,1,-345.155,-4.765,-527.488
2834.6,23.02,75.4,0.0,-2.4,1,-345.902,-4.752,-528.013
2834.6,23.57,89.0,0.0,3.1,1,-347.033,-4.732,-528.832
2834.6,23.96,89.1,0.0,5.2,1,-347.797,-4.719,-529.395
2834.6,24.56,89.1,0.0,5.8,1,-348.966,-4.699,-530.261
2839.3,24.96,89.0,0.0,6.0,1,-349.762,-4.686,-530.849
2839.3,25.56,83.3,0.0,7.8,1,-350.984,-4.665,-531.743
2839.3,25.92,76.6,0.0,9.2,1,-351.820,-4.651,-532.344
2839.3,26.39,68.8,0.0,11.6,1,-353.104,-4.630,-533.244
2844.4,26.67,67.6,0.0,12.7,1,-353.981,-4.616,-533.841
2844.4,27.09,63.5,0.0,15.2,1,-355.327,-4.597,-534.728
2844.4,27.46,57.0,0.0,17.1,1,-356.712,-4.578,-535.598
2844.4,27.67,54.5,0.0,18.4,1,-357.657,-4.567,-536.166
2849.8,27.97,49.7,0.0,20.0,1,-359.105,-4.551,-536.994
2849.8,28.12,37.6,0.0,21.0,1,-360.092,-4.541,-537.528
2849.8,28.21,19.0,0.0,22.4,1,-361.598,-4.528,-538.296
2849.8,28.19,15.8,0.0,22.8,1,-362.615,-4.520,-538.782
2855.5,28.18,14.4,0.0,22.5,1,-364.160,-4.510,-539.471
2855.5,28.15,8.9,0.0,22.2,1,-365.201,-4.504,-539.902
2855.5,28.05,7.0,0.0,22.7,1,-366.776,-4.497,-540.505
2855.5,28.00,8.8,0.0,23.3,1,-367.833,-4.492,-540.878
2861.5,27.90,5.1,0.0,24.1,1,-369.430,-4.487,-541.391
2861.5,27.82,1.4,0.2,24.0,1,-370.500,-4.484,-541.701
2861.5,27.77,26.9,0.0,25.2,1,-372.113,-4.484,-542.124
2861.5,27.87,46.0,0.0,26.3,1,-373.196,-4.484,-542.376
2867.6,28.17,65.1,0.0,25.8,1,-374.840,-4.489,-542.716
2867.6,28.57,52.0,0.0,22.3,1,-376.517,-4.492,-543.006
2867.6,28.79,52.7,0.0,18.6,1,-377.652,-4.493,-543.170
2875.0,29.12,79.3,0.0,14.5,1,-379.377,-4.490,-543.368
2875.0,29.35,56.9,0.0,12.3,1,-380.542,-4.488,-543.471
2875.0,29.63,24.9,0.0,9.0,1,-382.307,-4.487,-543.583
2875.0,29.68,49.4,0.0,8.4,1,-383.492,-4.488,-543.628
2881.9,29.91,46.8,0.0,4.4,1,-385.280,-4.496,-543.652
2881.9,30.09,14.7,0.0,4.4,1,-386.480,-4.504,-543.642
2881.9,30.20,45.7,0.0,6.7,1,-388.287,-4.514,-543.573
2881.9,30.33,51.9,0.0,8.7,1,-389.494,-4.518,-543.487
2888.8,30.63,63.8,0.0,12.7,1,-391.312,-4.519,-543.298
2888.8,30.90,71.6,0.0,16.3,1,-392.531,-4.520,-543.137
2888.8,31.32,70.4,0.0,20.5,1,-394.374,-4.522,-542.846
2888.8,31.60,70.0,0.0,22.8,1,-395.611,-4.524,-542.620
2896.2,32.00,74.3,0.0,25.5,1,-397.477,-4.525,-542.228
2896.2,32.40,75.1,0.0,26.2,1,-399.354,-4.526,-541.775
2896.2,32.66,76.1,0.0,25.3,1,-400.611,-4.527,-541.439
2896.2,32.98,56.3,0.0,22.5,1,-402.500,-4.532,-540.885
2902.7,33.15,60.9,0.0,20.6,1,-403.760,-4.537,-540.482
2902.7,33.39,50.1,0.0,17.7,1,-405.645,-4.548,-539.826
2902.7,33.52,48.8,0.0,16.0,1,-406.897,-4.557,-539.354
2902.7,33.69,48.1,0.0,14.0,1,-408.764,-4.573,-538.593
2909.1,33.79,42.4,0.0,12.8,1,-409.999,-4.586,-538.051
2909.1,33.94,49.4,0.0,11.8,1,-411.838,-4.608,-537.188
2909.1,34.05,46.0,0.0,11.5,1,-413.053,-4.624,-536.578
2909.1,34.25,63.6,0.0,13.5,0,-414.860,-4.651,-535.614
2915.5,34.22,0.0,0.0,13.0,0,-416.051,-4.671,-534.937
2915.5,34.26,21.9,0.0,17.0,2,-417.809,-4.700,-533.875
2915.5,34.18,9.4,0.0,20.4,2,-419.531,-4.729,-532.757
2915.5,34.17,51.1,0.0,23.0,2,-420.657,-4.748,-531.984
2922.0,34.42,76.8,0.0,24.9,2,-422.324,-4.777,-530.781
2922.0,34.72,89.6,0.0,24.6,2,-423.427,-4.795,-529.949
2922.0,35.18,89.6,0.0,25.5,2,-425.073,-4.822,-528.651
2922.0,35.49,89.6,0.0,24.4,2,-426.162,-4.839,-527.752
2928.8,35.95,89.7,0.0,20.0,2,-427.783,-4.862,-526.351
2928.8,36.23,82.6,0.0,18.2,2,-428.853,-4.877,-525.383
2928.8,36.53,53.6,0.0,12.6,2,-430.435,-4.898,-523.881
2928.8,36.69,71.2,0.0,8.2,2,-431.472,-4.913,-522.847
2935.9,36.99,68.3,0.0,1.4,2,-432.998,-4.932,-521.249
2935.9,37.21,58.3,0.0,-2.8,2,-433.998,-4.944,-520.153
2935.9,37.50,76.4,0.0,-7.1,2,-435.472,-4.961,-518.467
2935.9,37.69,57.2,0.0,-7.7,2,-436.441,-4.971,-517.318
2943.3,38.09,88.9,0.0,-5.0,2,-437.878,-4.989,-515.560
2943.3,38.54,89.8,0.0,0.9,2,-439.303,-5.006,-513.756
2943.3,38.89,89.8,0.0,4.5,2,-440.250,-5.017,-512.531
2943.3,39.37,89.8,0.0,8.5,2,-441.667,-5.034,-510.659
2950.8,39.66,89.8,0.0,9.3,2,-442.608,-5.047,-509.390
2950.8,40.10,89.8,0.0,8.6,2,-444.009,-5.066,-507.452
2950.8,40.37,89.9,0.0,7.6,2,-444.933,-5.075,-506.133
2950.8,40.78,89.9,0.0,6.1,2,-446.298,-5.085,-504.116
2958.7,41.06,90.0,0.0,4.9,0,-447.194,-5.090,-502.746
2958.7,41.07,89.6,0.0,3.4,3,-448.508,-5.097,-500.661
2958.7,41.28,89.6,0.0,4.0,3,-449.362,-5.102,-499.254
2958.7,41.65,89.6,0.0,5.2,3,-450.620,-5.109,-497.107
2966.7,41.91,89.6,0.0,6.2,3,-451.442,-5.112,-495.652
2966.7,42.27,89.6,0.0,7.6,3,-452.646,-5.116,-493.433
2966.7,42.51,89.7,0.0,7.9,3,-453.429,-5.117,-491.930
2966.7,42.87,89.7,0.0,7.5,3,-454.578,-5.121,-489.642
2974.8,43.22,83.2,0.0,5.9,3,-455.691,-5.129,-487.314
2974.8,43.44,87.1,0.0,5.3,3,-456.413,-5.136,-485.739
2974.8,43.83,89.7,0.0,6.0,3,-457.462,-5.147,-483.340
2974.8,44.08,89.7,0.0,7.3,3,-458.138,-5.156,-481.717
2983.3,44.46,89.7,0.0,9.7,3,-459.117,-5.172,-479.249
2983.3,44.70,89.7,0.0,10.7,3,-459.746,-5.184,-477.581
2983.3,45.06,89.7,0.0,11.8,3,-460.656,-5.206,-475.048
2983.3,45.31,89.7,0.0,11.8,3,-461.239,-5.222,-473.337
2991.9,45.67,89.7,0.0,11.1,3,-462.077,-5.250,-470.741
2991.9,45.90,89.7,0.0,10.8,3,-462.609,-5.270,-468.989
2991.9,46.26,89.8,0.0,10.4,3,-463.367,-5.302,-466.331
2991.9,46.49,89.8,0.0,10.2,3,-463.844,-5.325,-464.539
3000.8,46.84,89.8,0.0,11.4,3,-464.517,-5.362,-461.822
3000.8,47.07,89.8,0.0,12.5,3,-464.935,-5.387,-459.992
3000.8,47.40,89.8,0.0,13.5,3,-465.516,-5.428,-457.219
3010.1,47.72,89.8,0.0,13.9,3,-466.039,-5.469,-454.415
3010.1,47.94,89.8,0.0,13.9,3,-466.352,-5.497,-452.528
3010.1,48.25,89.9,0.0,13.9,3,-466.770,-5.538,-449.674
3010.1,48.46,89.9,0.0,14.1,3,-467.012,-5.564,-447.755
3019.6,48.78,89.9,0.0,14.9,3,-467.320,-5.604,-444.855
3019.6,48.99,89.9,0.0,15.7,3,-467.490,-5.629,-442.908
3019.6,49.29,89.9,0.0,17.0,3,-467.689,-5.668,-439.967
3019.6,49.50,89.9,0.0,17.6,3,-467.784,-5.694,-437.994
3029.3,49.79,89.9,0.0,18.6,3,-467.871,-5.732,-435.017
3029.3,49.98,89.9,0.0,19.0,3,-467.891,-5.758,-433.022
3029.3,50.27,89.9,0.0,19.3,3,-467.863,-5.795,-430.015
3029.3,50.45,90.0,0.0,19.2,3,-467.804,-5.820,-428.002
3039.5,50.72,90.0,0.0,18.8,3,-467.654,-5.855,-424.971
3039.5,50.90,90.1,0.0,18.1,3,-467.513,-5.877,-422.944
3039.5,51.15,90.0,0.0,16.4,3,-467.236,-5.908,-419.896
3039.5,51.17,0.0,0.0,15.2,0,-466.879,-5.936,-416.845
3050.2,51.19,79.9,0.0,14.2,4,-466.597,-5.952,-414.818
3050.2,51.43,89.8,0.0,13.3,4,-466.109,-5.974,-411.779
3050.2,51.60,89.8,0.0,13.2,4,-465.743,-5.988,-409.752
3050.2,51.87,89.8,0.0,14.0,4,-465.134,-6.011,-406.709
3061.1,52.04,89.8,0.0,15.1,4,-464.691,-6.028,-404.679
3061.1,52.31,89.8,0.0,16.2,4,-463.974,-6.058,-401.632
3061.1,52.48,89.8,0.0,16.5,4,-463.458,-6.080,-399.601
3061.1,52.73,89.8,0.0,15.6,4,-462.626,-6.111,-396.557
3072.0,52.90,85.2,0.0,14.5,4,-462.030,-6.130,-394.531
3072.0,53.14,75.5,0.0,12.3,4,-461.073,-6.154,-391.498
3072.0,53.31,69.0,0.0,11.0,4,-460.393,-6.167,-389.481
3072.0,53.57,59.2,0.0,10.0,4,-459.313,-6.187,-386.463
3082.7,53.74,57.3,0.0,9.7,4,-458.555,-6.200,-384.455
3082.7,54.01,57.4,0.0,10.6,4,-457.363,-6.220,-381.451
3082.7,54.29,57.5,0.0,10.4,4,-456.107,-6.238,-378.455
3082.7,54.47,57.6,0.0,10.8,4,-455.234,-6.247,-376.463
3093.4,54.73,57.8,0.0,10.9,4,-453.872,-6.257,-373.485
3093.4,54.91,57.9,0.0,9.8,4,-452.930,-6.262,-371.505
3093.4,55.18,57.9,0.0,7.7,4,-451.468,-6.272,-368.544
3093.4,55.36,58.0,0.0,6.7,4,-450.461,-6.281,-366.577
3104.2,55.64,58.0,0.0,6.3,4,-448.903,-6.294,-363.635
3104.2,55.82,58.1,0.0,6.3,4,-447.834,-6.303,-361.679
3104.2,56.09,58.1,0.0,6.5,4,-446.187,-6.314,-358.754
3104.2,56.27,58.2,0.0,6.4,4,-445.062,-6.322,-356.809
3115.2,56.54,58.3,0.0,5.8,4,-443.334,-6.333,-353.900
3115.2,56.72,58.3,0.0,5.6,4,-442.154,-6.339,-351.967
3115.2,56.99,58.4,0.0,5.7,4,-440.344,-6.344,-349.076
3115.2,57.17,58.5,0.0,5.6,4,-439.112,-6.348,-347.155
3126.5,57.43,58.5,0.0,5.4,4,-437.225,-6.356,-344.281
3126.5,57.69,58.7,0.0,5.1,4,-435.294,-6.363,-341.419
3126.5,57.87,58.7,0.0,4.5,4,-433.980,-6.366,-339.518
3126.5,58.12,58.8,0.0,4.1,4,-431.973,-6.366,-336.677
3138.0,58.29,58.9,0.0,3.0,4,-430.610,-6.363,-334.790
3138.0,58.54,58.9,0.0,1.6,4,-428.534,-6.358,-331.967
3138.0,58.73,58.9,0.0,1.3,4,-427.130,-6.354,-330.089
3138.0,58.96,59.1,0.0,1.1,4,-424.997,-6.346,-327.275
3149.8,59.13,59.1,0.0,1.6,4,-423.562,-6.339,-325.400
3149.8,59.41,59.1,0.0,1.3,4,-421.390,-6.328,-322.585
3149.8,59.56,59.1,0.0,1.1,4,-419.931,-6.318,-320.706
3149.8,59.81,59.1,0.0,0.2,4,-417.728,-6.305,-317.883
3161.7,60.00,59.1,0.0,0.1,4,-416.251,-6.300,-315.996
3161.7,60.22,59.2,0.0,-0.2,4,-414.023,-6.288,-313.161
3161.7,60.38,58.9,0.0,-0.5,4,-412.533,-6.278,-311.265
3161.7,60.64,59.1,0.0,-1.3,4,-410.291,-6.266,-308.411
3173.8,60.87,58.9,0.0,-1.4,4,-408.046,-6.254,-305.539
3173.8,61.03,58.8,0.0,-1.3,4,-406.551,-6.247,-303.615
3173.8,61.26,58.5,0.0,-0.8,0,-404.311,-6.233,-300.710
3173.8,61.21,0.0,0.0,-0.1,0,-402.821,-6.222,-298.764
3186.0,61.36,81.1,0.0,-0.1,5,-400.595,-6.204,-295.841
3186.0,61.50,74.3,0.0,-0.1,5,-399.110,-6.192,-293.883
3186.0,61.72,64.2,0.0,-0.1,5,-396.879,-6.174,-290.936
3186.0,61.86,57.5,0.0,-0.6,5,-395.389,-6.161,-288.965
3198.3,62.07,56.3,0.0,-0.4,5,-393.150,-6.140,-285.997
3198.3,62.21,56.4,0.0,-0.4,5,-391.655,-6.126,-284.012
3198.3,62.42,56.5,0.0,-0.0,5,-389.408,-6.105,-281.023
3198.3,62.57,56.5,0.0,-0.0,5,-387.907,-6.091,-279.025
3210.7,62.77,56.6,0.0,-0.5,5,-385.650,-6.069,-276.018
3210.7,62.91,56.7,0.0,-0.5,5,-384.142,-6.053,-274.008
3210.7,63.12,56.8,0.0,-0.5,5,-381.875,-6.029,-270.982
3223.3,63.33,56.9,0.0,-0.3,5,-379.605,-6.003,-267.943
3223.3,63.47,57.0,0.0,-0.2,5,-378.091,-5.984,-265.910
3223.3,63.67,57.1,0.0,-0.3,5,-375.816,-5.958,-262.849
3223.3,63.81,57.2,0.0,-0.3,5,-374.297,-5.940,-260.802
3236.1,64.01,57.2,0.0,-0.2,5,-372.015,-5.914,-257.720
3236.1,64.14,57.3,0.0,-0.1,5,-370.492,-5.894,-255.660
3236.1,64.34,57.4,0.0,0.1,5,-368.204,-5.861,-252.559
3236.1,64.47,57.5,0.0,0.2,5,-366.675,-5.837,-250.486
3249.0,64.67,57.5,0.0,0.3,5,-364.376,-5.802,-247.368
3249.0,64.80,57.6,0.0,0.3,5,-362.838,-5.777,-245.285
3249.0,65.00,57.6,0.0,0.2,5,-360.525,-5.738,-242.153
3249.0,65.13,57.8,0.0,0.3,5,-358.977,-5.710,-240.062
3262.0,65.32,57.9,0.0,0.3,5,-356.647,-5.665,-236.918
3262.0,65.45,57.9,0.0,0.3,5,-355.088,-5.634,-234.819
3262.0,65.64,58.0,0.0,0.1,5,-352.741,-5.588,-231.664
3262.0,65.84,58.0,0.0,0.0,5,-350.383,-5.544,-228.502
3275.1,65.97,58.1,0.0,-0.0,5,-348.807,-5.518,-226.390
3275.1,66.16,58.1,0.0,0.1,5,-346.435,-5.483,-223.215
3275.1,66.28,58.1,0.0,-0.1,5,-344.849,-5.458,-221.094
3275.1,66.46,58.2,0.0,-0.1,5,-342.464,-5.417,-217.905
3288.4,66.59,58.2,0.0,-0.0,5,-340.870,-5.389,-215.775
3288.4,66.78,58.2,0.0,-0.0,5,-338.473,-5.345,-212.572
3288.4,66.89,58.3,0.0,-0.2,5,-336.871,-5.314,-210.432
3288.4,67.08,58.3,0.0,-0.2,5,-334.462,-5.267,-207.215
3301.7,67.19,58.3,0.0,-0.1,5,-332.853,-5.236,-205.066
3301.7,67.38,58.3,0.0,-0.0,5,-330.433,-5.190,-201.835
3301.7,67.50,58.4,0.0,-0.1,5,-328.816,-5.158,-199.677
3301.7,67.67,58.4,0.0,-0.2,5,-326.385,-5.108,-196.432
3315.2,67.78,58.5,0.0,-0.2,5,-324.762,-5.073,-194.264
3315.2,67.96,58.5,0.0,-0.1,5,-322.322,-5.018,-191.004
3315.2,68.13,58.5,0.0,-0.1,5,-319.877,-4.963,-187.736
3315.2,68.25,58.6,0.0,-0.1,5,-318.244,-4.927,-185.551
3328.8,68.42,58.6,0.0,-0.2,5,-315.791,-4.872,-182.267
3328.8,68.53,58.7,0.0,-0.2,5,-314.153,-4.835,-180.073
3328.8,68.70,58.7,0.0,-0.2,5,-311.692,-4.780,-176.773
3328.8,68.81,58.8,0.0,-0.2,5,-310.049,-4.744,-174.569
3356.4,69.47,58.9,0.0,0.1,5,-300.149,-4.520,-161.256
3356.4,69.63,59.0,0.0,0.0,5,-297.661,-4.461,-157.906
3356.4,69.79,59.0,0.0,-0.2,5,-295.167,-4.402,-154.550
3356.4,69.89,59.1,0.0,-0.4,5,-293.501,-4.363,-152.308
3370.4,70.05,59.1,0.0,-0.3,5,-290.999,-4.303,-148.937
3370.4,70.16,59.1,0.0,0.1,5,-289.329,-4.264,-146.685
3370.4,70.32,59.2,0.0,-0.1,5,-286.822,-4.204,-143.299
3370.4,70.42,59.2,0.0,-0.1,5,-285.148,-4.164,-141.036
3384.4,70.58,59.2,0.0,0.2,5,-282.633,-4.105,-137.636
3384.4,70.68,59.2,0.0,0.0,5,-280.954,-4.066,-135.365
3384.4,70.83,59.3,0.0,-0.2,5,-278.430,-4.008,-131.952
3384.4,70.98,59.3,0.0,-0.1,5,-275.901,-3.948,-128.532
3398.6,71.08,59.3,0.0,0.4,5,-274.213,-3.907,-126.248
3398.6,71.23,59.3,0.0,0.9,5,-271.676,-3.846,-122.815
3398.6,71.33,59.3,0.0,0.6,5,-269.980,-3.805,-120.524
3398.6,71.47,59.3,0.0,0.5,5,-267.428,-3.744,-117.084
3412.9,71.57,59.4,0.0,0.5,5,-265.720,-3.703,-114.789
3412.9,71.72,59.4,0.0,0.0,5,-263.150,-3.642,-111.344
3412.9,71.81,59.4,0.0,-0.7,5,-261.431,-3.600,-109.046
3412.9,71.95,59.4,0.0,-1.3,5,-258.848,-3.535,-105.593
3427.2,72.05,59.4,0.0,-1.1,5,-257.125,-3.491,-103.286
3427.2,72.19,59.4,0.0,-0.7,5,-254.543,-3.424,-99.815
3427.2,72.28,59.4,0.0,-0.6,5,-252.825,-3.379,-97.493
3427.2,72.42,59.3,0.0,-0.7,5,-250.252,-3.312,-93.998
3441.7,72.51,59.3,0.0,-0.8,5,-248.538,-3.268,-91.660
3441.7,72.64,59.2,0.0,-0.7,5,-245.972,-3.203,-88.143
3441.7,72.73,59.1,0.0,-0.5,5,-244.263,-3.161,-85.792
3441.7,72.86,59.0,0.0,0.1,5,-241.702,-3.098,-82.255
3456.2,72.99,59.0,0.0,0.8,5,-239.141,-3.035,-78.708
3456.2,73.07,58.9,0.0,1.2,5,-237.432,-2.993,-76.339
3456.2,73.19,59.5,0.0,0.8,5,-234.861,-2.930,-72.785
3456.2,73.20,0.0,0.0,1.0,0,-233.141,-2.888,-70.415
3470.8,72.83,10.5,59.4,1.8,6,-230.557,-2.825,-66.873
3470.8,72.20,0.0,74.2,2.3,6,-228.839,-2.782,-64.534
3470.8,71.05,0.0,83.3,2.7,6,-226.281,-2.715,-61.078
3470.8,70.24,0.0,85.3,2.8,6,-224.587,-2.669,-58.815
3485.2,69.00,0.0,85.8,2.4,6,-222.062,-2.602,-55.484
3485.2,68.16,0.0,78.0,2.3,6,-220.388,-2.557,-53.309
3485.2,67.09,0.0,53.1,2.8,6,-217.887,-2.491,-50.114
3485.2,66.54,0.0,42.6,3.4,6,-216.221,-2.448,-48.024
3498.8,65.85,0.0,31.6,4.5,6,-213.712,-2.385,-44.945
3498.8,65.47,0.0,23.9,6.3,6,-212.029,-2.343,-42.928
3498.8,65.04,0.0,6.1,4.9,6,-209.484,-2.281,-39.954
3511.8,64.77,0.0,2.0,4.5,6,-206.905,-2.219,-37.037
3511.8,64.62,1.0,0.2,5.1,6,-205.165,-2.177,-35.121
3511.8,64.42,5.6,0.0,6.1,6,-202.525,-2.114,-32.291
3511.8,64.31,7.4,0.0,5.9,6,-200.744,-2.072,-30.432
3524.5,64.13,6.6,6.8,7.3,6,-198.042,-2.011,-27.684
3524.5,63.91,1.2,24.5,7.8,6,-196.221,-1.970,-25.883
3524.5,63.26,0.0,55.7,7.3,0,-193.467,-1.908,-23.237
3524.5,62.70,30.1,19.5,6.9,0,-191.626,-1.866,-21.517
3537.0,62.47,70.5,0.0,5.9,5,-188.844,-1.802,-19.001
3537.0,62.57,76.7,0.0,6.5,5,-186.963,-1.760,-17.355
3537.0,62.72,66.7,0.0,9.6,5,-184.097,-1.701,-14.924
3537.0,62.84,59.4,0.0,12.5,5,-182.159,-1.668,-13.327
3549.4,62.97,54.7,0.0,16.0,5,-179.212,-1.626,-10.970
3549.4,63.07,56.8,0.0,17.3,5,-177.221,-1.602,-9.425
3549.4,63.20,56.9,0.0,17.8,5,-174.192,-1.574,-7.150
3549.4,63.33,57.0,0.0,17.5,5,-171.111,-1.550,-4.934
3562.2,63.40,57.1,0.0,17.2,5,-169.026,-1.535,-3.493
3562.2,63.46,44.5,0.0,17.7,5,-165.852,-1.511,-1.391
3562.2,63.43,24.4,0.0,18.5,5,-163.708,-1.492,-0.033
3562.2,63.29,17.8,0.0,19.8,5,-160.455,-1.460,1.935
3575.4,63.16,9.1,0.0,20.2,5,-158.265,-1.437,3.199
3575.4,63.05,39.0,0.0,20.1,5,-154.950,-1.401,5.026
3575.4,63.06,54.9,0.0,20.6,5,-152.720,-1.379,6.203
3575.4,63.15,42.2,0.0,21.7,5,-149.339,-1.353,7.910
3588.7,63.09,23.7,0.0,22.9,5,-147.062,-1.334,9.001
3588.7,62.95,21.7,0.0,24.9,5,-143.620,-1.304,10.566
3588.7,62.84,19.5,0.0,25.8,5,-141.310,-1.283,11.561
3588.7,62.68,20.5,0.0,26.6,5,-137.822,-1.250,12.982
3602.1,62.59,27.4,0.0,26.7,5,-135.483,-1.226,13.880
3602.1,62.50,28.9,0.0,26.7,5,-131.954,-1.191,15.155
3602.1,62.39,26.4,0.0,26.9,5,-128.401,-1.157,16.344
3602.1,62.31,24.8,0.0,27.3,5,-126.020,-1.135,17.090
3615.2,62.18,23.6,0.0,27.9,5,-122.435,-1.104,18.135
3615.2,62.09,24.1,0.0,28.0,5,-120.035,-1.083,18.782
3615.2,61.95,23.5,0.0,28.4,5,-116.423,-1.050,19.677
3615.2,61.86,22.4,0.0,28.7,5,-114.008,-1.030,20.226
3627.6,61.66,8.8,0.0,28.9,5,-110.378,-0.999,20.975
3627.6,61.49,8.8,0.0,28.6,5,-107.956,-0.977,21.422
3627.6,61.26,8.8,0.0,27.9,5,-104.321,-0.942,22.016
3627.6,61.11,8.7,0.0,27.2,5,-101.899,-0.918,22.362
3639.6,60.87,8.7,0.0,25.7,5,-98.266,-0.884,22.806
3639.6,60.75,24.8,0.0,24.4,5,-95.846,-0.859,23.050
3639.6,60.65,30.2,0.0,22.6,5,-92.216,-0.820,23.338
3639.6,60.61,30.8,0.0,21.4,5,-89.795,-0.793,23.481
3651.5,60.57,36.7,0.0,19.4,5,-86.163,-0.752,23.620
3651.5,60.59,42.5,0.0,17.1,5,-82.529,-0.711,23.674
3651.5,60.64,49.3,0.0,15.4,5,-80.105,-0.683,23.662
3651.5,60.77,55.7,0.0,12.6,5,-76.464,-0.639,23.575
3663.5,60.87,55.7,0.0,10.9,5,-74.034,-0.609,23.470
3663.5,61.04,55.9,0.0,8.6,5,-70.384,-0.561,23.248
3663.5,61.16,55.9,0.0,7.7,5,-67.948,-0.530,23.058
3663.5,61.35,55.9,0.0,6.6,5,-64.289,-0.485,22.718
3675.7,61.47,56.0,0.0,6.0,5,-61.847,-0.454,22.455
3675.7,61.65,56.2,0.0,5.5,5,-58.182,-0.405,22.006
3675.7,61.78,56.2,0.0,5.2,5,-55.736,-0.369,21.675
3675.7,61.98,56.2,0.0,4.7,5,-52.064,-0.317,21.134
3688.0,62.11,56.3,0.0,4.1,5,-49.613,-0.284,20.746
3688.0,62.31,56.4,0.0,1.9,5,-45.933,-0.239,20.126
3688.0,62.51,56.5,0.0,-0.4,5,-42.247,-0.195,19.467
3688.0,62.65,56.6,0.0,-1.3,5,-39.786,-0.166,19.012
3700.4,62.85,55.6,0.0,-0.7,5,-36.086,-0.125,18.320
3700.4,62.99,56.5,0.0,-1.0,5,-33.612,-0.099,17.856
3700.4,63.19,56.9,0.0,-2.1,5,-29.891,-0.062,17.164
3700.4,63.32,56.9,0.0,-2.9,5,-27.403,-0.040,16.709
3713.0,63.53,57.0,0.0,-4.0,5,-23.657,-0.011,16.039
3713.0,63.66,57.0,0.0,-4.7,5,-21.151,0.004,15.607
3713.0,63.85,57.2,0.0,-5.3,5,-17.377,0.026,14.986
3713.0,63.97,57.2,0.0,-5.5,5,-14.851,0.040,14.595
3725.8,64.15,57.4,0.0,-7.1,5,-11.046,0.065,14.049
3725.8,64.27,57.4,0.0,-8.2,5,-8.500,0.082,13.715
3725.8,64.44,57.5,0.0,-9.4,5,-4.666,0.108,13.263
3738.7,64.60,57.5,0.0,-9.5,5,-0.815,0.135,12.877
3738.7,64.69,57.6,0.0,-9.6,5,1.761,0.155,12.661
3738.7,64.83,57.7,0.0,-10.0,5,5.638,0.189,12.401
3738.7,64.93,57.7,0.0,-10.3,5,8.230,0.215,12.273
3752.0,65.07,57.8,0.0,-11.0,5,12.127,0.256,12.145
3752.0,65.17,57.8,0.0,-11.3,5,14.731,0.285,12.104
3752.0,65.31,57.9,0.0,-11.6,5,18.645,0.333,12.110
3752.0,65.40,57.9,0.0,-11.4,5,21.258,0.368,12.160
3765.5,65.53,58.0,0.0,-10.7,5,25.183,0.424,12.304
3765.5,65.62,58.0,0.0,-10.1,5,27.801,0.465,12.448
3765.5,65.74,58.1,0.0,-9.5,5,31.731,0.528,12.734
3765.5,65.80,58.1,0.0,-10.4,5,34.351,0.567,12.965
3779.0,65.92,41.8,0.0,-13.4,5,38.282,0.617,13.368
3779.0,65.93,35.0,0.0,-15.3,5,40.900,0.649,13.679
3779.0,65.99,57.9,0.0,-16.0,5,44.820,0.701,14.214
3779.0,66.10,58.2,0.0,-14.9,5,48.734,0.755,14.831
3792.7,66.18,58.2,0.0,-14.1,5,51.339,0.792,15.290
3792.7,66.29,58.2,0.0,-14.0,5,55.239,0.847,16.048
3792.7,66.36,58.2,0.0,-14.2,5,57.834,0.884,16.602
3792.7,66.47,58.2,0.0,-14.9,5,61.714,0.941,17.504
3806.4,66.54,58.3,0.0,-15.5,5,64.293,0.979,18.153
3806.4,66.65,58.3,0.0,-16.0,5,68.150,1.036,19.195
3806.4,66.72,58.3,0.0,-16.0,5,70.713,1.074,19.934
3806.4,66.83,58.3,0.0,-15.8,5,74.542,1.129,21.112
3820.2,66.89,58.3,0.0,-15.8,5,77.083,1.168,21.943
3820.2,66.99,58.4,0.0,-15.6,5,80.877,1.226,23.261
3820.2,67.06,58.4,0.0,-15.4,5,83.393,1.265,24.186
3820.2,67.17,58.4,0.0,-15.4,5,87.147,1.323,25.641
3833.7,67.23,58.4,0.0,-15.4,5,89.634,1.362,26.658
3833.7,67.32,58.4,0.0,-14.8,5,93.342,1.422,28.254
3833.7,67.43,58.4,0.0,-13.8,5,97.019,1.482,29.931
3833.7,67.50,58.5,0.0,-13.3,5,99.453,1.523,31.096
3847.3,67.61,58.5,0.0,-12.3,5,103.076,1.587,32.912
3847.3,67.68,58.5,0.0,-11.7,5,105.473,1.629,34.166
3847.3,67.80,58.5,0.0,-10.8,5,109.040,1.692,36.113
3847.3,67.88,58.5,0.0,-10.4,5,111.399,1.734,37.452
3860.8,68.00,58.6,0.0,-9.8,5,114.909,1.797,39.524
3860.8,68.08,58.6,0.0,-9.5,5,117.229,1.839,40.946
3860.8,68.20,58.6,0.0,-9.1,5,120.679,1.901,43.137
3860.8,68.28,58.6,0.0,-9.0,5,122.960,1.941,44.636
3874.3,68.41,58.7,0.0,-8.9,5,126.352,1.999,46.939
3874.3,68.49,58.7,0.0,-8.6,5,128.594,2.037,48.511
3874.3,68.62,58.7,0.0,-8.5,5,131.925,2.091,50.923
3874.3,68.71,58.8,0.0,-8.4,5,134.126,2.126,52.566
3888.0,68.84,58.8,0.0,-8.2,5,137.395,2.175,55.082
3888.0,68.96,58.9,0.0,-8.2,5,140.625,2.220,57.661
3888.0,69.05,58.9,0.0,-8.3,5,142.757,2.247,59.413
3888.0,69.18,58.9,0.0,-7.8,5,145.924,2.282,62.090
3901.8,69.27,58.9,0.0,-7.5,5,148.014,2.300,63.906
3901.8,69.40,58.9,0.0,-5.9,5,151.115,2.322,66.678
3901.8,69.49,59.0,0.0,-4.8,5,153.160,2.335,68.558
3901.8,69.38,8.7,27.2,-3.4,5,156.194,2.353,71.418
3915.6,68.97,0.0,58.4,-2.4,5,158.186,2.363,73.341
3915.6,67.99,0.0,76.3,-0.7,5,161.116,2.376,76.226
3915.6,67.23,0.0,81.2,0.4,5,163.029,2.386,78.140
3915.6,66.04,0.0,82.8,1.2,5,165.839,2.401,80.988
3929.1,65.25,0.0,83.6,1.1,5,167.675,2.413,82.867
3929.1,64.05,0.0,84.2,0.5,5,170.380,2.432,85.651
3929.1,63.25,0.0,85.0,0.2,5,172.152,2.444,87.481
3929.1,62.04,0.0,84.9,0.2,5,174.768,2.464,90.184
3941.8,60.85,0.0,85.5,0.4,5,177.334,2.485,92.834
3941.8,60.05,0.0,85.4,0.5,5,179.018,2.497,94.570
3941.8,58.84,0.0,84.7,0.5,5,181.506,2.515,97.130
3941.8,58.06,0.0,85.3,0.5,5,183.138,2.528,98.806
3953.7,56.88,0.0,85.4,0.6,5,185.549,2.547,101.273
3953.7,56.09,0.0,85.2,0.6,5,187.132,2.558,102.888
3953.7,54.92,0.0,85.3,0.5,5,189.470,2.574,105.263
3953.7,54.13,0.0,85.0,0.4,5,191.004,2.583,106.816
3964.8,52.96,37.1,85.0,0.4,0,193.268,2.595,109.097
3964.8,52.20,0.0,85.8,0.4,4,194.755,2.605,110.587
3964.8,51.02,0.0,85.6,0.6,4,196.950,2.620,112.775
3964.8,50.24,0.0,84.8,0.6,4,198.390,2.630,114.201
3984.6,45.24,0.0,84.9,2.3,0,207.309,2.726,122.843
3984.6,44.49,30.8,85.3,2.5,0,208.617,2.743,124.074
3984.6,43.35,0.0,85.9,2.9,3,210.550,2.766,125.868
3984.6,42.58,0.0,85.8,2.9,3,211.819,2.781,127.030
3993.4,41.45,0.0,84.9,2.9,3,213.693,2.802,128.719
3993.4,40.70,0.0,83.8,2.6,3,214.924,2.815,129.810
3993.4,39.60,0.0,82.0,1.3,3,216.743,2.832,131.392
4001.5,38.55,0.0,68.0,-0.0,3,218.532,2.847,132.911
4001.5,37.93,0.0,58.4,-1.0,3,219.710,2.854,133.888
4001.5,37.12,0.0,48.9,-1.9,3,221.465,2.864,135.301
4001.5,36.63,0.0,44.2,-1.3,3,222.629,2.868,136.207
4008.9,35.99,0.0,39.5,1.4,3,224.372,2.874,137.515
4008.9,35.59,0.0,38.2,3.8,3,225.533,2.876,138.354
4008.9,35.04,41.9,36.1,7.9,0,227.272,2.877,139.566
4008.9,34.70,0.0,35.8,9.6,2,228.430,2.877,140.344
4015.9,34.15,0.0,35.7,10.2,2,230.164,2.875,141.470
4015.9,33.79,0.0,35.2,10.2,2,231.316,2.873,142.192
4015.9,33.26,0.0,34.8,10.4,2,233.039,2.869,143.231
4015.9,32.91,0.0,33.7,10.6,2,234.185,2.865,143.894
4022.5,32.40,0.0,31.4,10.8,2,235.900,2.858,144.844
4022.5,32.07,0.0,30.2,11.2,2,237.040,2.853,145.448
4022.5,31.60,0.0,24.8,12.3,2,238.746,2.845,146.308
4022.5,31.22,0.0,17.3,13.3,2,240.451,2.836,147.113
4028.6,31.01,0.0,13.6,14.2,2,241.587,2.830,147.621
4028.6,30.73,0.0,10.6,15.8,2,243.296,2.820,148.337
4028.6,30.57,0.0,8.4,17.1,2,244.437,2.814,148.786
4028.6,30.36,0.0,5.7,18.7,2,246.154,2.804,149.414
4034.5,30.23,0.0,5.3,19.2,2,247.302,2.798,149.802
4034.5,30.05,0.0,4.7,19.9,2,249.029,2.788,150.337
4034.5,29.93,0.0,4.4,20.6,2,250.184,2.781,150.662
4034.5,29.75,0.0,7.3,19.3,2,251.920,2.770,151.101
4040.3,29.61,0.0,7.3,17.1,2,253.078,2.762,151.362
4040.3,29.41,0.0,5.5,14.5,2,254.816,2.749,151.706
4040.3,29.29,0.0,2.1,13.8,2,255.973,2.741,151.905
4040.3,29.16,0.9,3.2,14.7,2,257.708,2.730,152.160
4052.6,28.63,13.0,0.0,29.5,2,265.770,2.690,152.645
4052.6,28.56,5.1,0.0,30.2,2,266.913,2.687,152.606
4052.6,28.46,10.8,0.0,31.3,2,268.620,2.684,152.493
4052.6,28.40,7.3,0.0,32.5,2,269.752,2.684,152.381
4060.1,28.29,7.9,0.0,35.6,2,271.438,2.683,152.159
4060.1,28.21,37.0,0.0,37.8,0,272.553,2.684,151.976
4060.1,28.07,4.3,0.0,40.3,1,274.210,2.685,151.647
4060.1,27.98,8.2,0.0,41.5,1,275.302,2.688,151.392
4066.9,27.83,4.5,0.0,43.6,1,276.918,2.695,150.953
4066.9,27.69,10.2,0.0,48.5,1,278.507,2.705,150.452
4066.9,27.62,11.8,0.0,52.0,1,279.550,2.712,150.085
4081.3,26.95,9.1,0.0,62.0,1,285.952,2.802,147.047
4081.3,26.84,9.1,0.0,61.6,1,286.870,2.821,146.485
4081.3,26.69,9.1,0.0,60.3,1,288.211,2.852,145.602
4081.3,26.54,9.1,0.0,58.1,1,289.510,2.881,144.672
4087.2,26.44,9.6,0.0,57.2,1,290.351,2.902,144.027
4087.2,26.31,10.8,0.0,55.0,1,291.573,2.933,143.022
4087.2,26.23,12.0,0.0,52.9,1,292.361,2.955,142.328
4087.2,26.13,15.8,0.0,49.3,1,293.504,2.988,141.250
4092.6,26.10,19.8,0.0,46.5,1,294.239,3.011,140.509
4092.6,26.11,31.0,0.0,41.9,1,295.305,3.046,139.363
4092.6,26.18,42.2,0.0,38.4,1,295.992,3.068,138.575
4092.6,26.44,69.3,0.0,32.5,1,296.991,3.100,137.356
4097.8,26.71,59.6,0.0,27.5,1,297.641,3.121,136.515
4097.8,26.99,62.9,0.0,19.3,1,298.589,3.150,135.214
4097.8,27.19,49.2,0.0,13.9,1,299.201,3.169,134.320
4097.8,27.49,58.1,0.0,6.6,1,300.089,3.195,132.942
4103.0,27.72,57.9,0.0,3.2,1,300.663,3.212,132.000
4103.0,28.16,74.4,0.0,1.4,1,301.501,3.236,130.550
4103.0,28.66,80.5,0.0,2.3,1,302.319,3.257,129.056
4103.0,29.02,85.9,0.0,3.5,1,302.855,3.271,128.036
4108.5,29.58,81.8,0.0,5.3,1,303.646,3.290,126.467
4108.5,29.94,89.2,0.0,6.6,1,304.165,3.302,125.397
4108.5,30.48,75.1,0.0,7.6,1,304.929,3.319,123.754
4108.5,30.83,88.0,0.0,8.0,1,305.427,3.330,122.635
4114.4,31.38,81.1,0.0,8.5,1,306.154,3.346,120.918
4114.4,31.72,84.9,0.0,8.7,1,306.626,3.356,119.748
4114.4,32.22,73.7,0.0,8.8,1,307.310,3.371,117.957
4114.4,32.52,79.9,0.0,8.8,1,307.748,3.379,116.739
4120.8,32.99,73.6,0.0,9.3,1,308.376,3.392,114.877
4120.8,33.27,78.4,0.0,9.2,1,308.773,3.400,113.613
4120.8,33.70,80.6,0.0,8.6,0,309.333,3.412,111.684
4120.8,33.71,0.0,0.0,8.0,0,309.679,3.420,110.380
4127.5,34.00,89.6,0.0,9.1,2,310.151,3.433,108.409
4127.5,34.49,89.6,0.0,10.5,2,310.578,3.448,106.400
4127.5,34.80,82.1,0.0,11.0,2,310.839,3.458,105.040
4127.5,35.16,60.7,0.0,11.5,2,311.189,3.475,102.970
4134.4,35.32,45.9,0.0,13.7,2,311.393,3.487,101.575
4134.4,35.36,13.5,0.0,14.8,2,311.652,3.508,99.470
4134.4,35.28,1.3,5.5,13.6,2,311.793,3.522,98.063
4134.4,35.03,0.0,26.2,10.2,2,311.961,3.545,95.960
4141.4,34.72,0.0,37.6,7.5,2,312.045,3.562,94.567
4141.4,34.10,0.0,48.2,3.8,2,312.136,3.589,92.502
4141.4,33.63,0.0,58.8,2.2,2,312.176,3.608,91.147
4141.4,32.78,0.0,68.5,1.0,2,312.214,3.640,89.153
4148.0,32.17,0.0,73.1,-0.2,2,312.228,3.662,87.853
4148.0,31.19,0.0,75.5,-2.8,2,312.239,3.695,85.950
4148.0,30.53,0.0,76.8,-4.6,2,312.243,3.718,84.715
4148.0,29.54,29.8,77.7,-6.8,0,312.252,3.751,82.911
4153.9,28.88,0.0,75.8,-7.9,1,312.262,3.773,81.742
4153.9,27.91,0.0,56.2,-9.0,1,312.289,3.804,80.037
4153.9,27.14,0.0,39.0,-9.7,1,312.336,3.834,78.386
4153.9,26.76,0.0,31.8,-10.7,1,312.383,3.853,77.309
4159.3,26.30,0.0,23.2,-13.1,1,312.479,3.880,75.720
4159.3,26.04,0.0,19.8,-14.7,1,312.561,3.895,74.676
4159.3,25.69,0.0,16.5,-16.8,1,312.715,3.917,73.132
4159.3,25.48,0.0,15.0,-17.7,1,312.837,3.931,72.115
4164.3,25.19,0.0,12.1,-18.9,1,313.054,3.950,70.610
4164.3,25.02,0.0,11.6,-19.5,1,313.220,3.962,69.620
4164.3,24.76,0.0,11.5,-20.3,1,313.502,3.979,68.153
4164.3,24.59,0.0,11.6,-20.3,1,313.714,3.989,67.189
4169.2,24.34,0.0,10.2,-20.4,1,314.064,4.003,65.763
4169.2,24.18,0.0,10.6,-21.2,1,314.320,4.012,64.827
4169.2,23.93,0.0,11.1,-22.8,1,314.736,4.023,63.445
4174.0,23.68,0.0,12.0,-23.6,1,315.193,4.033,62.090
4174.0,23.52,0.0,9.3,-23.8,1,315.520,4.039,61.205
4174.0,23.30,0.0,7.6,-24.5,1,316.044,4.045,59.901
4174.0,23.16,0.0,7.1,-25.3,1,316.415,4.049,59.049
4178.6,22.95,0.0,7.0,-26.4,1,317.005,4.053,57.798
4178.6,22.82,0.0,5.6,-26.9,1,317.421,4.055,56.982
4178.6,22.64,0.0,4.0,-27.3,1,318.078,4.056,55.787
4178.6,22.53,0.0,4.3,-27.7,1,318.537,4.056,55.009
4183.0,22.36,0.0,5.2,-28.2,1,319.259,4.054,53.871
4183.0,22.24,0.0,6.0,-28.5,1,319.760,4.052,53.133
4183.0,22.06,0.0,3.5,-28.4,1,320.542,4.048,52.057
4183.0,21.96,0.0,3.9,-28.5,1,321.081,4.043,51.362
4187.0,21.79,0.0,5.8,-29.2,1,321.919,4.037,50.351
4187.0,21.61,0.0,7.8,-29.7,1,322.789,4.030,49.382
4187.0,21.47,0.0,9.1,-30.0,1,323.385,4.024,48.759
4187.0,21.27,0.0,5.1,-29.4,1,324.303,4.016,47.864
4190.9,21.16,0.0,5.5,-29.7,1,324.929,4.010,47.291
4190.9,20.98,0.0,6.1,-31.6,1,325.890,4.000,46.469
4190.9,20.86,0.0,6.6,-32.9,1,326.543,3.993,45.946
4190.9,20.67,0.0,7.7,-35.1,1,327.542,3.982,45.200
4198.8,21.35,88.4,0.0,-44.6,1,332.959,3.913,42.158
4198.8,21.62,54.4,0.0,-43.2,1,334.153,3.897,41.672
4198.8,21.78,51.7,0.0,-41.5,1,334.969,3.887,41.375
4203.3,22.01,59.0,0.0,-38.7,1,336.219,3.871,40.974
4203.3,22.21,57.8,0.0,-38.4,1,337.070,3.861,40.736
4203.3,22.50,57.6,0.0,-39.7,1,338.374,3.847,40.423
4203.3,22.69,53.6,0.0,-41.3,1,339.259,3.837,40.244
4208.2,22.90,40.0,0.0,-44.9,1,340.609,3.824,40.023
4208.2,23.01,30.8,0.0,-49.9,1,341.976,3.812,39.858
4208.2,23.04,24.5,0.0,-53.3,1,342.894,3.804,39.781
4208.2,23.03,18.9,0.0,-57.9,1,344.274,3.792,39.711
4213.4,23.00,17.7,0.0,-59.8,1,345.195,3.785,39.696
4213.4,22.95,15.8,0.0,-61.5,1,346.573,3.774,39.720
4213.4,22.90,14.6,0.0,-62.7,1,347.489,3.768,39.770
4213.4,22.82,13.3,0.0,-63.5,1,348.855,3.759,39.893
4218.8,22.76,12.1,0.0,-63.4,1,349.759,3.753,40.007
4218.8,22.66,12.0,0.0,-62.3,1,351.103,3.746,40.228
4218.8,22.60,12.9,0.0,-61.2,1,351.990,3.742,40.409
4218.8,22.52,14.6,0.0,-58.1,1,353.306,3.737,40.727
4225.2,22.48,16.8,0.0,-55.2,1,354.172,3.733,40.971
4225.2,22.47,26.7,0.0,-49.5,1,355.454,3.729,41.385
4225.2,22.53,39.0,0.0,-44.8,1,356.300,3.727,41.692
4225.2,22.78,72.7,0.0,-37.4,1,357.559,3.724,42.201
4230.6,23.22,63.1,0.0,-28.3,1,358.816,3.723,42.767
4230.6,23.49,73.8,0.0,-21.8,1,359.656,3.723,43.176
4230.6,23.94,72.7,0.0,-14.0,1,360.916,3.724,43.834
4230.6,24.28,87.2,0.0,-12.1,1,361.758,3.725,44.303
4235.9,24.84,84.3,0.0,-9.6,1,363.028,3.730,45.049
4235.9,25.23,88.2,0.0,-9.1,1,363.879,3.735,45.574
4235.9,25.84,88.9,0.0,-9.7,1,365.167,3.743,46.401
4235.9,26.25,89.3,0.0,-10.6,1,366.031,3.750,46.980
4241.1,26.84,84.6,0.0,-11.7,1,367.336,3.763,47.891
4241.1,27.22,84.1,0.0,-12.8,1,368.211,3.771,48.526
4241.1,27.76,74.3,0.0,-14.8,1,369.525,3.784,49.521
4241.1,28.08,76.8,0.0,-12.9,1,370.400,3.792,50.214
4246.4,28.57,72.8,0.0,-12.1,1,371.707,3.805,51.299
4246.4,28.90,76.8,0.0,-15.8,1,372.574,3.813,52.052
4246.4,29.36,73.8,0.0,-17.2,1,373.865,3.824,53.229
4251.9,29.80,71.2,0.0,-13.1,1,375.141,3.835,54.462
4251.9,30.10,75.1,0.0,-14.4,1,375.981,3.841,55.315
4251.9,30.55,76.9,0.0,-16.9,1,377.225,3.851,56.642
4251.9,30.85,74.9,0.0,-16.7,1,378.041,3.858,57.558
4257.7,31.27,76.2,0.0,-17.6,1,379.244,3.867,58.980
4257.7,31.54,66.5,0.0,-18.5,1,380.031,3.872,59.959
4257.7,31.91,73.8,0.0,-16.1,1,381.183,3.880,61.473
4257.7,32.17,66.5,0.0,-16.0,1,381.932,3.884,62.512
4263.8,32.53,72.7,0.0,-17.2,1,383.026,3.889,64.115
4263.8,32.77,70.0,0.0,-15.5,1,383.734,3.892,65.212
4263.8,33.14,72.6,0.0,-14.1,1,384.762,3.895,66.900
4263.8,33.41,77.5,0.0,-14.1,1,385.424,3.897,68.054
4270.2,33.81,82.6,0.0,-12.0,0,386.382,3.901,69.827
4270.2,33.80,0.0,0.0,-10.1,0,386.994,3.903,71.034
4270.2,34.08,89.6,0.0,-8.1,2,387.867,3.906,72.870
4270.2,34.56,89.6,0.0,-4.6,2,388.705,3.907,74.751
4276.9,34.93,89.6,0.0,-2.8,2,389.248,3.908,76.029
4276.9,35.40,89.6,0.0,-1.5,2,390.041,3.909,77.982
4276.9,35.73,89.7,0.0,-1.5,2,390.558,3.910,79.307
4276.9,36.20,86.6,0.0,-1.6,2,391.319,3.908,81.326
4284.0,36.50,67.2,0.0,-1.6,2,391.817,3.905,82.691
4284.0,36.88,87.9,0.0,-1.7,2,392.548,3.898,84.766
4284.0,37.05,33.0,0.0,-1.2,2,393.023,3.893,86.166
4284.0,37.34,88.2,0.0,-1.0,2,393.715,3.884,88.285
4291.2,37.67,86.8,0.0,-1.0,2,394.165,3.880,89.716
4291.2,38.11,70.2,0.0,-1.5,2,394.828,3.875,91.890
4291.2,38.40,81.2,0.0,-1.2,2,395.263,3.872,93.357
4291.2,38.90,89.7,0.0,-1.5,2,395.901,3.867,95.585
4298.8,39.37,89.8,0.0,-2.0,2,396.523,3.865,97.848
4298.8,39.66,89.9,0.0,-1.8,2,396.929,3.862,99.374
4298.8,40.12,89.9,0.0,-2.5,2,397.529,3.858,101.690
4298.8,40.46,90.0,0.0,-2.8,2,397.923,3.856,103.252
4306.6,40.94,89.9,0.0,-3.0,2,398.506,3.851,105.622
4306.6,41.25,89.9,0.0,-3.8,2,398.890,3.848,107.220
4306.6,41.69,89.9,0.0,-3.5,2,399.456,3.845,109.642
4306.6,41.84,0.0,0.0,-2.9,0,399.826,3.842,111.272
4314.7,41.99,89.6,0.0,-2.9,3,400.365,3.838,113.725
4314.7,42.26,89.6,0.0,-3.2,3,400.717,3.836,115.372
4314.7,42.66,89.6,0.0,-3.7,3,401.232,3.833,117.867
4314.7,42.93,89.6,0.0,-4.1,3,401.567,3.831,119.545
4323.1,43.33,89.7,0.0,-4.4,3,402.055,3.829,122.085
4323.1,43.59,89.7,0.0,-4.6,3,402.368,3.828,123.795
4323.1,43.98,89.7,0.0,-4.9,3,402.820,3.826,126.382
4323.1,44.38,89.7,0.0,-4.8,3,403.247,3.822,128.997
4331.8,44.63,89.7,0.0,-4.8,3,403.517,3.819,130.756
4331.8,45.02,89.7,0.0,-5.0,3,403.898,3.814,133.418
4331.8,45.28,89.7,0.0,-5.8,3,404.136,3.810,135.208
4331.8,45.66,89.7,0.0,-6.7,3,404.465,3.805,137.915
4340.6,45.91,89.7,0.0,-6.9,3,404.665,3.802,139.735
4340.6,46.28,89.7,0.0,-7.1,3,404.933,3.796,142.487
4340.6,46.53,89.8,0.0,-7.1,3,405.090,3.792,144.336
4340.6,46.90,89.8,0.0,-6.9,3,405.290,3.786,147.131
4349.8,47.14,89.8,0.0,-6.4,3,405.399,3.781,149.008
4349.8,47.50,89.8,0.0,-6.7,3,405.524,3.775,151.844
4349.8,47.74,89.8,0.0,-7.2,3,405.582,3.771,153.748
4349.8,48.09,89.8,0.0,-7.8,3,405.630,3.765,156.622
4359.2,48.44,89.8,0.0,-8.0,3,405.630,3.757,159.517
4359.2,48.67,89.9,0.0,-8.0,3,405.601,3.753,161.458
4359.2,49.01,89.9,0.0,-8.4,3,405.514,3.746,164.387
4359.2,49.24,89.9,0.0,-8.8,3,405.427,3.741,166.349
4368.8,49.57,89.9,0.0,-9.0,3,405.249,3.733,169.307
4368.8,49.78,89.9,0.0,-9.3,3,405.098,3.728,171.288
4368.8,50.11,89.9,0.0,-9.9,3,404.822,3.721,174.271
4368.8,50.32,89.9,0.0,-10.3,3,404.604,3.715,176.267
4378.6,50.63,90.0,0.0,-10.6,3,404.227,3.707,179.272
4378.6,50.84,90.0,0.0,-11.1,3,403.939,3.701,181.280
4378.6,51.14,90.1,0.0,-11.9,3,403.455,3.693,184.300
4388.7,51.43,90.0,0.0,-12.2,3,402.904,3.684,187.327
4388.7,51.61,90.0,0.0,-12.2,0,402.499,3.678,189.347
4388.7,51.55,89.7,0.0,-11.4,4,401.833,3.670,192.370
4388.7,51.73,89.8,0.0,-11.1,4,401.350,3.666,194.378
4399.1,51.99,89.8,0.0,-11.1,4,400.567,3.659,197.389
4399.1,52.17,89.8,0.0,-10.9,4,400.005,3.654,199.394
4399.1,52.43,89.8,0.0,-11.2,4,399.100,3.650,202.398
4399.1,52.60,89.8,0.0,-12.0,4,398.455,3.649,204.397
4410.3,52.87,86.5,0.0,-13.1,4,397.431,3.647,207.390
4410.3,53.04,80.0,0.0,-13.8,4,396.710,3.645,209.382
4410.3,53.30,70.2,0.0,-13.7,4,395.569,3.644,212.360
4410.3,53.46,63.8,0.0,-13.4,4,394.766,3.646,214.338
4421.6,53.70,57.3,0.0,-12.8,4,393.501,3.651,217.293
4421.6,53.95,57.4,0.0,-12.9,4,392.165,3.658,220.233
4421.6,54.09,48.9,0.0,-13.3,4,391.237,3.662,222.183
4421.6,54.32,56.7,0.0,-13.8,4,389.788,3.670,225.094
4433.0,54.47,57.7,0.0,-13.7,4,388.784,3.677,227.024
4433.0,54.72,57.8,0.0,-13.4,4,387.225,3.685,229.904
4433.0,54.90,57.8,0.0,-13.0,4,386.151,3.689,231.815
4433.0,55.15,57.8,0.0,-12.6,4,384.487,3.690,234.666
4444.0,55.32,57.8,0.0,-12.3,4,383.343,3.689,236.556
4444.0,55.56,58.0,0.0,-13.3,4,381.570,3.689,239.370
4444.0,55.72,58.1,0.0,-13.4,4,380.351,3.690,241.232
4444.0,55.96,58.1,0.0,-13.3,4,378.467,3.693,244.002
4454.9,56.11,58.2,0.0,-12.9,4,377.172,3.698,245.832
4454.9,56.34,58.3,0.0,-12.7,4,375.176,3.707,248.550
4454.9,56.50,58.3,0.0,-12.6,4,373.809,3.713,250.346
4454.9,56.75,58.4,0.0,-11.6,4,371.705,3.722,253.013
4466.0,56.98,58.4,0.0,-9.2,4,369.538,3.732,255.648
4466.0,57.15,58.5,0.0,-7.9,4,368.060,3.738,257.387
4466.0,57.40,58.5,0.0,-6.8,4,365.796,3.749,259.971
4466.0,57.57,58.6,0.0,-6.2,4,364.256,3.755,261.679
4477.4,57.83,58.7,0.0,-5.4,4,361.906,3.761,264.220
4477.4,58.00,58.7,0.0,-5.0,4,360.313,3.765,265.902
4477.4,58.26,58.8,0.0,-4.8,4,357.886,3.770,268.406
4477.4,58.44,58.8,0.0,-4.8,4,356.244,3.771,270.065
4489.0,58.69,58.9,0.0,-4.8,4,353.749,3.770,272.538
4489.0,58.85,59.1,0.0,-4.8,4,352.064,3.769,274.177
4489.0,59.10,59.5,0.0,-5.1,4,349.503,3.769,276.617
4489.0,59.26,59.3,0.0,-4.9,4,347.773,3.773,278.232
4500.8,59.51,59.1,0.0,-4.3,4,345.146,3.777,280.639
4500.8,59.77,59.1,0.0,-2.9,4,342.479,3.785,283.024
4500.8,59.92,59.2,0.0,-2.4,4,340.680,3.792,284.602
4500.8,60.17,59.2,0.0,-0.8,4,337.954,3.797,286.958
4512.8,60.34,59.2,0.0,-0.5,4,336.120,3.796,288.521
4512.8,60.61,59.2,0.0,0.1,4,333.345,3.791,290.858
4512.8,60.76,59.3,0.0,-0.0,4,331.482,3.788,292.414
4512.8,60.98,59.1,0.0,-0.3,4,328.674,3.786,294.748
4524.9,61.15,58.9,0.0,-0.0,4,326.795,3.784,296.308
4524.9,61.37,58.5,0.0,0.5,4,323.967,3.781,298.655
4524.9,61.43,0.0,0.0,0.7,0,322.078,3.781,300.225
4524.9,61.47,84.5,0.0,0.6,5,319.246,3.780,302.582
4537.1,61.61,77.7,0.0,0.5,5,317.357,3.780,304.160
4537.1,61.83,67.7,0.0,0.5,5,314.518,3.782,306.538
4537.1,61.97,61.0,0.0,0.6,5,312.623,3.786,308.131
4537.1,62.19,56.4,0.0,0.8,5,309.777,3.794,310.533
4549.4,62.41,56.4,0.0,0.8,5,306.925,3.799,312.949
4549.4,62.55,56.5,0.0,0.8,5,305.021,3.803,314.567
4549.4,62.76,56.6,0.0,0.7,5,302.163,3.810,317.008
4549.4,62.90,56.7,0.0,0.3,5,300.255,3.816,318.644
4562.0,63.11,56.8,0.0,-0.1,5,297.389,3.822,321.108
4562.0,63.25,56.9,0.0,-0.0,5,295.475,3.825,322.758
4562.0,63.46,57.0,0.0,0.1,5,292.598,3.829,325.242
4562.0,63.60,57.0,0.0,-0.0,5,290.675,3.828,326.903
4574.6,63.81,57.1,0.0,0.4,5,287.783,3.821,329.402
4574.6,63.95,57.2,0.0,0.6,5,285.851,3.816,331.073
4574.6,64.15,57.3,0.0,0.4,5,282.946,3.809,333.588
4574.6,64.29,57.3,0.0,0.3,5,281.006,3.803,335.271
4587.4,64.49,57.4,0.0,0.2,5,278.091,3.796,337.806
4587.4,64.62,57.5,0.0,0.3,5,276.144,3.795,339.502
4587.4,64.83,57.6,0.0,0.2,5,273.218,3.796,342.054
4600.4,65.03,57.7,0.0,0.2,5,270.285,3.798,344.617
4600.4,65.16,57.8,0.0,0.1,5,268.325,3.799,346.332
4600.4,65.36,57.9,0.0,0.1,5,265.380,3.803,348.911
4600.4,65.49,57.9,0.0,0.1,5,263.412,3.809,350.636
4613.4,65.69,58.0,0.0,0.1,5,260.453,3.822,353.230
4613.4,65.82,58.0,0.0,0.1,5,258.476,3.831,354.965
4613.4,66.01,58.1,0.0,0.1,5,255.504,3.847,357.573
4613.4,66.14,58.1,0.0,0.0,5,253.518,3.856,359.316
4626.7,66.34,58.2,0.0,-0.0,5,250.531,3.868,361.939
4626.7,66.46,58.2,0.0,0.0,5,248.536,3.880,363.691
4626.7,66.66,58.2,0.0,0.1,5,245.536,3.896,366.326
4626.7,66.78,58.2,0.0,0.1,5,243.531,3.904,368.087
4640.0,66.97,58.3,0.0,0.1,5,240.517,3.914,370.736
4640.0,67.09,58.3,0.0,0.0,5,238.503,3.921,372.505
4640.0,67.28,58.3,0.0,0.0,5,235.476,3.928,375.166
4640.0,67.46,58.4,0.0,0.0,5,232.440,3.929,377.835
4653.4,67.59,58.4,0.0,0.0,5,230.412,3.928,379.619
4653.4,67.77,58.4,0.0,0.0,5,227.364,3.925,382.301
4653.4,67.89,58.5,0.0,0.0,5,225.327,3.922,384.093
4653.4,68.07,58.5,0.0,0.0,5,222.265,3.918,386.787
4667.0,68.19,58.6,0.0,0.0,5,220.220,3.915,388.587
4667.0,68.36,58.6,0.0,0.1,5,217.145,3.910,391.294
4667.0,68.48,58.7,0.0,0.0,5,215.091,3.905,393.102
4667.0,68.66,58.7,0.0,0.0,5,212.004,3.897,395.821
4680.7,68.78,58.7,0.0,0.1,5,209.942,3.892,397.638
4680.7,68.95,58.8,0.0,0.1,5,206.842,3.884,400.369
4680.7,69.06,58.8,0.0,0.1,5,204.771,3.881,402.194
4680.7,69.24,58.9,0.0,0.1,5,201.658,3.876,404.937
4694.5,69.41,58.9,0.0,0.1,5,198.539,3.871,407.687
4694.5,69.52,59.0,0.0,0.1,5,196.455,3.868,409.525
4694.5,69.69,59.0,0.0,0.1,5,193.323,3.863,412.287
4694.5,69.81,59.0,0.0,0.1,5,191.231,3.859,414.133
4708.5,69.97,59.1,0.0,0.1,5,188.087,3.853,416.908
4708.5,70.08,59.1,0.0,0.1,5,185.988,3.849,418.762
4708.5,70.25,59.1,0.0,0.1,5,182.833,3.846,421.549
4708.5,70.36,59.2,0.0,0.1,5,180.725,3.843,423.411
4722.5,70.52,59.2,0.0,0.1,5,177.559,3.840,426.210
4722.5,70.68,59.2,0.0,0.1,5,174.387,3.835,429.017
4722.5,70.79,59.2,0.0,0.2,5,172.269,3.831,430.892
4722.5,70.95,59.3,0.0,0.2,5,169.086,3.824,433.712
4736.6,71.06,59.3,0.0,0.2,5,166.962,3.821,435.597
4736.6,71.21,59.3,0.0,0.1,5,163.770,3.817,438.430
4736.6,71.32,59.3,0.0,0.1,5,161.639,3.816,440.323
4736.6,71.47,59.3,0.0,0.1,5,158.437,3.815,443.168
4750.9,71.57,59.3,0.0,0.1,5,156.300,3.815,445.070
4750.9,71.73,59.4,0.0,0.1,5,153.090,3.817,447.929
4750.9,71.82,59.4,0.0,0.1,5,150.946,3.820,449.839
4750.9,71.98,59.4,0.0,0.1,5,147.727,3.824,452.710
4765.3,72.08,59.4,0.0,0.1,5,145.578,3.826,454.628
4765.3,72.23,59.4,0.0,0.1,5,142.349,3.828,457.512
4765.3,72.32,59.4,0.0,0.1,5,140.194,3.830,459.439
4765.3,72.47,59.3,0.0,0.0,5,136.956,3.832,462.334
4779.7,72.61,59.3,0.0,0.1,5,133.713,3.834,465.236
4779.7,72.71,59.2,0.0,0.1,5,131.548,3.835,467.174
4779.7,72.84,59.0,0.0,0.1,5,128.295,3.838,470.087
4779.7,72.93,58.9,0.0,0.0,5,126.123,3.840,472.032
4794.2,73.07,58.8,0.0,-0.2,5,122.861,3.843,474.954
4794.2,73.15,58.8,0.0,-0.2,5,120.683,3.844,476.905
4794.2,73.12,0.0,0.0,-0.2,0,117.411,3.845,479.833
4794.2,73.14,85.0,0.0,-0.0,6,115.231,3.845,481.782
4808.8,73.27,75.4,0.0,-0.8,6,111.955,3.843,484.708
4808.8,73.36,69.1,0.0,-0.3,6,109.766,3.841,486.659
4808.8,73.50,59.5,0.0,0.4,6,106.475,3.836,489.589
4808.8,73.59,58.2,0.0,-0.2,6,104.277,3.831,491.543
4823.5,73.72,58.3,0.0,0.1,6,100.973,3.822,494.477
4823.5,73.81,58.3,0.0,0.1,6,98.766,3.816,496.436
4823.5,73.94,58.3,0.0,0.2,6,95.452,3.807,499.378
4838.3,74.07,58.3,0.0,-0.3,6,92.132,3.794,502.326
4838.3,74.16,58.4,0.0,0.3,6,89.915,3.783,504.294
4838.3,74.29,58.4,0.0,0.2,6,86.585,3.765,507.251
4838.3,74.37,58.4,0.0,0.1,6,84.362,3.752,509.225
4853.2,74.50,58.4,0.0,-0.7,6,81.023,3.732,512.190
4853.2,74.58,58.4,0.0,0.2,6,78.794,3.718,514.170
4853.2,74.71,58.5,0.0,0.2,6,75.444,3.697,517.142
4853.2,74.79,58.5,0.0,0.2,6,73.207,3.682,519.126
4868.1,74.91,58.5,0.0,-0.7,6,69.847,3.660,522.106
4868.1,75.00,58.5,0.0,0.1,6,67.603,3.644,524.094
4868.1,75.12,58.6,0.0,0.1,6,64.232,3.619,527.079
4868.1,75.20,58.6,0.0,-0.8,6,61.980,3.602,529.072
4883.1,75.33,58.6,0.0,-0.5,6,58.597,3.574,532.062
4883.1,75.41,58.6,0.0,-0.3,6,56.335,3.554,534.055
4883.1,75.53,58.6,0.0,0.9,6,52.935,3.521,537.045
4883.1,75.65,58.7,0.0,0.4,6,49.527,3.486,540.038
4898.2,75.73,58.7,0.0,0.0,6,47.254,3.462,542.037
4898.2,75.85,58.7,0.0,0.2,6,43.841,3.424,545.042
4898.2,75.93,58.7,0.0,0.5,6,41.565,3.396,547.050
4898.2,76.05,58.8,0.0,0.6,6,38.149,3.352,550.070
4913.4,76.14,58.8,0.0,0.4,6,35.871,3.319,552.088
4913.4,76.26,58.8,0.0,0.3,6,32.452,3.263,555.122
4913.4,76.33,58.8,0.0,0.2,6,30.173,3.226,557.151
4913.4,76.45,58.9,0.0,0.2,6,26.753,3.168,560.201
4928.7,76.52,58.9,0.0,0.1,6,24.472,3.130,562.240
4928.7,76.64,59.0,0.0,0.1,6,21.049,3.073,565.304
4928.7,76.72,58.9,0.0,0.1,6,18.765,3.033,567.351
4928.7,76.84,59.0,0.0,0.1,6,15.336,2.973,570.427
4944.0,76.91,59.0,0.0,-0.1,6,13.049,2.934,572.481
4944.0,77.03,59.1,0.0,-0.4,6,9.613,2.876,575.567
4944.0,77.12,46.8,0.0,-0.0,6,6.172,2.819,578.656
4944.0,77.05,17.4,38.8,0.0,6,3.877,2.784,580.715
4959.4,76.24,0.0,75.7,-0.4,6,0.449,2.730,583.788
4959.4,75.48,0.0,82.7,-0.7,6,-1.813,2.689,585.814
4959.4,74.26,0.0,84.4,-0.6,6,-5.162,2.631,588.810
4959.4,73.43,0.0,84.9,-0.0,6,-7.367,2.595,590.777
4974.3,72.20,0.0,85.1,0.3,6,-10.632,2.543,593.684
4974.3,71.37,0.0,84.7,0.1,6,-12.779,2.507,595.592
4974.3,70.15,0.0,84.6,-0.3,6,-15.957,2.457,598.411
4974.3,69.33,0.0,84.6,-0.6,6,-18.045,2.426,600.262
4988.5,68.13,0.0,85.6,-0.7,6,-21.135,2.381,602.996
4988.5,67.31,0.0,85.4,-0.8,6,-23.167,2.349,604.789
4988.5,66.10,0.0,84.9,-0.7,6,-26.173,2.299,607.435
4988.5,65.29,0.0,84.5,-0.5,6,-28.151,2.266,609.168
5001.8,64.09,0.0,84.5,-0.1,6,-31.077,2.219,611.721
5001.8,62.91,24.8,85.7,-0.3,0,-33.956,2.174,614.219
5001.8,62.12,0.0,85.5,-0.5,5,-35.849,2.146,615.855
5001.8,60.92,0.0,84.9,-0.7,5,-38.649,2.105,618.264
5014.3,60.14,0.0,85.3,-0.8,5,-40.489,2.078,619.839
5014.3,58.94,0.0,84.1,-1.7,5,-43.210,2.035,622.158
5014.3,58.16,0.0,83.8,-2.0,5,-44.998,2.008,623.672
5014.3,57.00,0.0,84.7,-2.4,5,-47.644,1.968,625.896
5026.0,56.21,0.0,84.5,-2.5,5,-49.386,1.941,627.346
5026.0,55.05,0.0,84.6,-2.7,5,-51.965,1.901,629.468
5026.0,54.27,0.0,84.6,-2.8,5,-53.665,1.875,630.846
5026.0,53.12,36.7,84.7,-3.0,0,-56.184,1.837,632.857
5036.9,52.36,0.0,85.3,-3.0,4,-57.846,1.813,634.159
5036.9,51.20,0.0,83.3,-2.9,4,-60.310,1.776,636.054
5036.9,50.06,0.0,79.7,-2.8,4,-62.741,1.740,637.878
5036.9,49.32,0.0,70.3,-2.5,4,-64.345,1.716,639.054
5056.4,46.00,0.0,44.1,-6.6,4,-74.607,1.567,645.944
5056.4,45.55,0.0,44.3,-7.3,4,-76.172,1.545,646.896
5056.4,44.91,0.0,39.6,-7.6,4,-78.512,1.513,648.272
5065.3,44.32,0.0,35.4,-7.4,4,-80.846,1.481,649.585
5065.3,43.97,34.5,29.2,-6.7,0,-82.399,1.460,650.426
5065.3,43.54,0.0,23.7,-7.0,3,-84.729,1.429,651.637
5065.3,43.26,0.0,21.2,-7.8,3,-86.282,1.409,652.413
5073.9,42.88,0.0,16.3,-9.0,3,-88.613,1.377,653.528
5073.9,42.64,0.0,29.1,-9.7,3,-90.169,1.355,654.240
5073.9,42.12,0.0,38.3,-10.4,3,-92.501,1.324,655.258
5073.9,41.72,0.0,41.1,-10.4,3,-94.050,1.303,655.903
5082.2,41.14,0.0,27.0,-9.7,3,-96.362,1.272,656.817
5082.2,40.84,0.0,17.6,-9.4,3,-97.898,1.253,657.390
5082.2,40.51,0.0,11.1,-9.9,3,-100.201,1.224,658.198
5082.2,40.33,0.0,7.8,-10.8,3,-101.737,1.205,658.702
5090.5,40.11,0.0,5.6,-12.6,3,-104.044,1.175,659.410
5090.5,39.97,0.0,4.2,-13.4,3,-105.585,1.155,659.848
5090.5,39.79,0.0,3.8,-14.1,3,-107.900,1.126,660.454
5090.5,39.60,0.0,3.6,-14.7,3,-110.218,1.098,661.000
5098.5,39.48,0.0,3.3,-14.7,3,-111.765,1.079,661.330
5098.5,39.30,0.0,3.9,-14.4,3,-114.087,1.050,661.772
5098.5,39.17,0.0,3.8,-14.3,3,-115.635,1.032,662.032
5098.5,38.99,0.0,3.8,-14.7,3,-117.956,1.006,662.368
5106.7,38.86,0.0,3.6,-14.7,3,-119.501,0.988,662.557
5106.7,38.68,0.0,3.9,-14.4,3,-121.816,0.962,662.785
5106.7,38.55,0.0,3.9,-14.2,3,-123.357,0.946,662.901
5106.7,38.37,0.0,3.7,-14.4,3,-125.661,0.924,663.021
5114.7,38.24,0.0,4.0,-14.7,3,-127.193,0.911,663.065
5114.7,38.06,0.0,3.6,-15.3,3,-129.483,0.890,663.080
5114.7,37.94,0.0,3.2,-15.6,3,-131.003,0.877,663.056
5114.7,37.76,0.0,3.3,-15.9,3,-133.272,0.856,662.968
5122.5,37.64,0.0,3.0,-15.7,3,-134.778,0.843,662.875
5122.5,37.47,0.0,3.2,-15.8,3,-137.023,0.824,662.683
5122.5,37.29,0.0,1.9,-16.4,3,-139.252,0.806,662.430
5122.5,37.18,0.0,1.8,-16.6,3,-140.727,0.794,662.227
5130.5,37.02,0.0,2.0,-16.7,3,-142.925,0.776,661.871
5130.5,36.91,0.0,1.5,-17.0,3,-144.379,0.764,661.600
5130.5,36.75,0.0,1.9,-17.1,3,-146.541,0.747,661.143
5130.5,36.64,0.0,1.6,-17.5,3,-147.969,0.736,660.805
5138.1,36.48,0.0,1.6,-18.2,3,-150.091,0.720,660.247
5138.1,36.38,0.0,0.7,-18.6,3,-151.492,0.709,659.843
5138.1,36.23,0.0,0.4,-19.1,3,-153.569,0.694,659.188
5138.1,36.13,0.0,1.1,-19.5,3,-154.939,0.684,658.719
5146.0,35.97,0.0,1.4,-20.0,3,-156.967,0.669,657.967
5146.0,35.86,0.0,1.1,-20.2,3,-158.301,0.659,657.434
5146.0,35.68,0.0,2.5,-20.3,3,-160.273,0.645,656.586
5146.0,35.57,0.0,0.3,-20.0,3,-161.567,0.636,655.988
5153.6,35.42,2.2,0.0,-19.4,3,-163.475,0.626,655.042
5153.6,35.27,2.5,0.0,-19.3,3,-165.343,0.619,654.038
5153.6,35.18,4.1,0.0,-18.8,3,-166.566,0.616,653.337
5153.6,35.05,2.0,0.0,-18.0,3,-168.364,0.614,652.238
5161.6,34.97,3.6,0.0,-18.2,3,-169.540,0.612,651.477
5161.6,34.84,2.2,0.3,-20.2,3,-171.270,0.608,650.296
5161.6,34.76,5.6,0.0,-22.3,3,-172.400,0.605,649.483
5161.6,34.69,24.8,0.0,-25.4,3,-174.058,0.600,648.223
5169.6,34.67,31.1,0.0,-26.2,3,-175.139,0.600,647.354
5169.6,34.74,54.0,0.0,-27.0,3,-176.724,0.603,646.004
5169.6,34.86,66.4,0.0,-27.7,3,-177.760,0.606,645.075
5169.6,35.10,78.3,0.0,-29.1,3,-179.287,0.610,643.636
5177.0,35.29,81.0,0.0,-29.8,3,-180.288,0.612,642.648
5177.0,35.50,64.1,0.0,-32.4,3,-181.761,0.617,641.117
5177.0,35.61,46.7,0.0,-33.4,3,-183.191,0.622,639.534
5177.0,35.65,41.0,0.0,-33.7,3,-184.117,0.627,638.451
5184.7,35.69,40.2,0.0,-34.0,3,-185.464,0.636,636.788
5184.7,35.71,41.3,0.0,-34.8,3,-186.333,0.643,635.655
5184.7,35.77,41.1,0.0,-36.0,3,-187.596,0.654,633.922
5184.7,35.78,31.4,0.0,-36.9,3,-188.410,0.660,632.746
5191.9,35.71,17.6,0.0,-37.2,3,-189.588,0.671,630.952
5191.9,35.65,15.4,0.0,-36.6,3,-190.340,0.678,629.740
5191.9,35.57,25.7,0.0,-35.3,3,-191.419,0.691,627.896
5191.9,35.56,35.1,0.0,-34.1,3,-192.104,0.699,626.649
5198.9,35.60,43.2,0.0,-32.9,3,-193.087,0.710,624.754
5198.9,35.64,44.8,0.0,-32.3,3,-193.711,0.716,623.473
5198.9,35.71,47.7,0.0,-31.0,3,-194.601,0.723,621.527
5198.9,35.78,50.3,0.0,-30.1,3,-195.164,0.727,620.212
5205.6,35.89,53.2,0.0,-29.1,3,-195.961,0.730,618.216
5205.6,36.02,54.4,0.0,-28.9,3,-196.703,0.730,616.190
5205.6,36.12,55.5,0.0,-29.1,3,-197.167,0.729,614.824
5212.5,36.30,68.1,0.0,-30.2,3,-197.817,0.728,612.752
5212.5,36.41,58.0,0.0,-30.8,3,-198.218,0.728,611.354
5212.5,36.56,59.2,0.0,-31.0,3,-198.774,0.729,609.237
5212.5,36.68,61.3,0.0,-30.6,3,-199.113,0.730,607.813
5219.6,36.84,64.0,0.0,-29.8,3,-199.575,0.731,605.656
5219.6,36.98,71.0,0.0,-28.0,3,-199.851,0.732,604.206
5219.6,37.24,82.1,0.0,-24.4,3,-200.216,0.734,602.011
5219.6,37.45,88.6,0.0,-21.8,3,-200.426,0.736,600.532
5227.0,37.78,89.6,0.0,-16.7,3,-200.690,0.741,598.292
5227.0,38.01,89.6,0.0,-13.0,3,-200.833,0.745,596.783
5227.0,38.36,89.6,0.0,-6.3,3,-200.998,0.753,594.499
5227.0,38.62,89.6,0.0,-2.1,3,-201.075,0.760,592.962
5234.7,39.00,89.6,0.0,2.1,3,-201.146,0.772,590.635
5234.7,39.31,51.6,0.0,4.5,3,-201.170,0.787,588.286
5234.7,39.34,15.0,2.2,4.5,3,-201.171,0.799,586.712
5234.7,39.14,0.0,33.8,4.8,3,-201.170,0.817,584.356
5242.6,38.78,0.0,50.8,5.3,3,-201.176,0.827,582.796
5242.6,38.01,0.0,58.5,5.7,3,-201.204,0.842,580.491
5242.6,37.47,0.0,52.7,6.3,3,-201.235,0.853,578.980
5242.6,36.76,0.0,45.5,7.4,3,-201.308,0.871,576.754
5250.2,36.33,0.0,40.1,8.2,3,-201.375,0.882,575.293
5250.2,35.77,0.0,29.0,9.3,3,-201.506,0.900,573.134
5250.2,35.47,0.0,24.1,9.9,3,-201.615,0.911,571.713
5250.2,35.09,0.0,17.6,11.4,3,-201.815,0.926,569.605
5257.4,34.88,0.0,13.3,12.5,3,-201.971,0.935,568.214
5257.4,34.64,44.5,10.9,13.9,0,-202.246,0.948,566.147
5257.4,34.47,0.0,10.6,14.1,2,-202.458,0.956,564.780
5257.4,34.21,0.0,9.4,13.5,2,-202.820,0.970,562.751
5264.7,33.96,0.0,9.7,12.2,2,-203.232,0.984,560.748
5264.7,33.79,0.0,9.3,12.1,2,-203.534,0.993,559.426
5264.7,33.55,0.0,6.7,12.7,2,-204.027,1.007,557.467
5264.7,33.36,0.0,31.0,12.9,2,-204.383,1.018,556.176
5271.7,32.83,0.0,35.3,13.3,2,-204.952,1.035,554.272
5271.7,32.48,0.0,27.9,13.3,2,-205.351,1.047,553.028
5271.7,31.81,0.0,52.9,12.9,2,-205.980,1.064,551.201
5271.7,31.32,0.0,40.5,12.4,2,-206.416,1.076,550.015
5278.5,30.75,0.0,27.1,11.8,2,-207.097,1.094,548.282
5278.5,30.45,0.0,21.1,11.5,2,-207.573,1.106,547.153
5278.5,30.10,0.0,12.9,12.4,2,-208.318,1.126,545.497
5278.5,29.83,0.0,14.0,14.7,2,-209.103,1.147,543.879
5292.4,28.51,0.0,7.8,19.3,2,-213.230,1.235,536.844
5292.4,28.38,37.4,6.1,20.1,0,-213.884,1.247,535.913
5292.4,28.21,0.0,4.5,20.7,1,-214.898,1.264,534.550
5298.7,28.08,0.0,3.1,21.4,1,-215.594,1.275,533.666
5298.7,27.89,0.0,1.2,22.8,1,-216.671,1.290,532.377
5298.7,27.78,0.0,0.2,23.9,1,-217.409,1.300,531.543
5298.7,27.64,2.3,0.0,25.6,1,-218.547,1.315,530.331
5305.2,27.51,3.9,0.0,26.8,1,-219.721,1.328,529.166
5305.2,27.43,6.9,0.0,27.9,1,-220.524,1.336,528.416
5305.2,27.35,11.3,0.0,29.4,1,-221.759,1.348,527.333
5305.2,27.31,13.0,0.0,30.3,1,-222.603,1.356,526.638
5311.0,27.27,18.6,0.0,31.7,1,-223.899,1.367,525.637
5311.0,27.28,22.9,0.0,32.8,1,-224.783,1.373,524.998
5311.0,27.32,28.0,0.0,34.5,1,-226.139,1.382,524.080
5311.0,27.36,27.1,0.0,35.8,1,-227.063,1.388,523.496
5316.7,27.41,26.8,0.0,38.4,1,-228.479,1.396,522.662
5316.7,27.43,24.7,0.0,40.3,1,-229.441,1.400,522.135
5316.7,27.44,21.1,0.0,42.9,1,-230.908,1.406,521.388
5316.7,27.43,21.7,0.0,44.5,1,-231.901,1.409,520.921
5322.4,27.42,21.2,0.0,46.9,1,-233.411,1.413,520.267
5322.4,27.40,19.1,0.0,49.2,1,-234.944,1.417,519.672
5322.4,27.37,18.2,0.0,50.7,1,-235.977,1.419,519.308
5322.4,27.31,16.1,0.0,52.8,1,-237.540,1.421,518.811
5328.1,27.26,15.2,0.0,53.8,1,-238.591,1.422,518.514
5328.1,27.17,13.5,0.0,55.3,1,-240.175,1.423,518.120
5328.1,27.11,12.1,0.0,56.2,1,-241.237,1.423,517.892
5328.1,26.99,11.1,0.0,57.3,1,-242.834,1.423,517.602
5333.8,26.91,10.9,0.0,57.4,1,-243.901,1.422,517.445
5333.8,26.79,10.5,0.0,57.4,1,-245.501,1.420,517.261
5333.8,26.71,10.3,0.0,57.4,1,-246.568,1.419,517.174
5333.8,26.58,10.4,0.0,57.0,1,-248.165,1.416,517.096
5345.0,26.14,15.4,0.0,51.0,1,-254.996,1.393,517.482
5345.0,26.09,19.0,0.0,48.5,1,-256.542,1.386,517.734
5345.0,26.10,24.8,0.0,45.9,1,-258.076,1.378,518.047
5350.4,26.13,29.3,0.0,44.2,1,-259.092,1.371,518.289
5350.4,26.23,37.7,0.0,41.7,1,-260.607,1.361,518.700
5350.4,26.34,45.5,0.0,39.9,1,-261.612,1.353,519.006
5350.4,26.60,62.9,0.0,36.2,1,-263.115,1.340,519.515
5355.9,26.87,78.0,0.0,33.0,1,-264.117,1.331,519.887
5355.9,27.23,58.5,0.0,27.1,1,-265.620,1.316,520.498
5355.9,27.47,56.7,0.0,23.6,1,-266.620,1.305,520.940
5355.9,27.81,66.1,0.0,19.6,1,-268.115,1.289,521.655
5361.6,28.06,61.9,0.0,18.0,1,-269.108,1.277,522.167
5361.6,28.42,62.3,0.0,16.6,1,-270.589,1.260,522.988
5361.6,28.67,61.2,0.0,15.9,1,-271.570,1.248,523.570
5361.6,29.11,75.0,0.0,16.9,1,-273.035,1.229,524.494
5367.6,29.41,74.8,0.0,18.1,1,-274.007,1.217,525.145
5367.6,29.85,72.4,0.0,17.9,1,-275.457,1.196,526.171
5367.6,30.13,68.7,0.0,19.3,1,-276.417,1.181,526.890
5367.6,30.55,75.9,0.0,18.5,1,-277.843,1.159,528.020
5373.9,30.99,72.3,0.0,19.8,1,-279.251,1.137,529.212
5373.9,31.26,72.3,0.0,19.4,1,-280.178,1.122,530.042
5373.9,31.66,69.6,0.0,20.0,1,-281.550,1.098,531.337
5373.9,31.93,72.2,0.0,20.7,1,-282.451,1.082,532.234
5381.0,32.30,66.9,0.0,21.5,1,-283.778,1.057,533.630
5381.0,32.53,64.2,0.0,21.5,1,-284.643,1.040,534.595
5381.0,32.89,73.1,0.0,22.1,1,-285.911,1.015,536.091
5381.0,33.13,72.5,0.0,22.9,1,-286.735,1.000,537.122
5388.0,33.50,68.0,0.0,24.3,1,-287.938,0.976,538.717
5388.0,33.72,65.6,0.0,25.5,1,-288.718,0.961,539.811
5388.0,34.08,84.3,0.0,27.9,0,-289.851,0.938,541.499
5388.0,34.06,0.0,0.0,29.8,0,-290.580,0.922,542.651
5395.8,34.11,39.7,0.0,33.3,2,-291.622,0.898,544.408
5395.8,34.21,43.1,0.0,36.8,2,-292.606,0.875,546.206
5395.8,34.30,51.1,0.0,39.4,2,-293.230,0.861,547.425
5395.8,34.43,34.6,0.0,42.6,2,-294.122,0.841,549.284
5403.2,34.44,24.2,0.0,44.4,2,-294.687,0.827,550.541
5403.2,34.39,20.3,0.0,45.6,2,-295.485,0.806,552.445
5403.2,34.35,19.2,0.0,45.9,2,-295.983,0.792,553.727
5403.2,34.26,18.3,0.0,45.7,2,-296.673,0.772,555.666
5411.2,34.20,17.7,0.0,44.1,2,-297.095,0.760,556.969
5411.2,34.13,19.0,0.0,41.3,2,-297.667,0.743,558.937
5411.2,34.10,27.1,0.0,39.3,2,-298.010,0.733,560.258
5411.2,34.19,47.0,0.0,36.5,2,-298.470,0.718,562.253
5418.6,34.26,37.9,0.0,33.8,2,-298.741,0.708,563.595
5418.6,34.38,47.6,0.0,29.1,2,-299.094,0.692,565.623
5418.6,34.53,67.6,0.0,25.3,2,-299.292,0.683,566.986
5418.6,34.95,89.5,0.0,18.1,2,-299.540,0.671,569.054
5426.2,35.42,89.6,0.0,11.6,2,-299.731,0.660,571.155
5426.2,35.74,89.6,0.0,7.5,2,-299.828,0.652,572.575
5426.2,36.24,89.7,0.0,2.9,2,-299.931,0.642,574.730
5426.2,36.58,89.7,0.0,2.0,2,-299.971,0.636,576.185
5433.6,37.09,89.7,0.0,3.5,2,-299.991,0.629,578.394
5433.6,37.43,89.7,0.0,5.5,2,-299.982,0.625,579.884
5433.6,37.92,89.7,0.0,8.1,2,-299.935,0.620,582.142
5433.6,38.24,89.7,0.0,9.2,2,-299.883,0.617,583.664
5441.2,38.71,89.8,0.0,9.6,2,-299.773,0.612,585.969
5441.2,39.03,89.8,0.0,9.8,2,-299.675,0.608,587.520
5441.2,39.49,89.8,0.0,9.6,2,-299.490,0.602,589.867
5448.9,39.95,89.8,0.0,10.1,2,-299.256,0.595,592.238
5448.9,40.24,89.9,0.0,10.1,2,-299.071,0.590,593.831
5448.9,40.69,89.9,0.0,9.6,2,-298.748,0.580,596.236
5448.9,40.98,89.9,0.0,11.1,2,-298.504,0.573,597.850
5456.8,41.40,89.9,0.0,11.6,2,-298.089,0.561,600.286
5456.8,41.68,89.9,0.0,11.6,0,-297.780,0.552,601.918
5456.8,41.68,89.6,0.0,13.4,3,-297.271,0.535,604.366
5456.8,41.92,89.6,0.0,12.8,3,-296.899,0.522,605.995
5465.0,42.29,89.6,0.0,11.3,3,-296.287,0.503,608.446
5465.0,42.54,89.6,0.0,10.4,3,-295.844,0.490,610.083
5465.0,42.92,89.7,0.0,9.3,3,-295.129,0.468,612.544
5465.0,43.17,89.7,0.0,9.2,3,-294.621,0.451,614.188
5473.5,43.56,89.7,0.0,6.8,3,-293.809,0.423,616.659
5473.5,43.94,89.7,0.0,4.5,3,-292.939,0.393,619.134
5473.5,44.20,89.7,0.0,3.7,3,-292.330,0.372,620.788
5473.5,44.60,89.7,0.0,3.7,3,-291.378,0.336,623.275
5482.2,44.86,89.7,0.0,3.7,3,-290.721,0.311,624.938
5482.2,45.22,89.7,0.0,3.4,3,-289.703,0.273,627.441
5482.2,45.47,89.7,0.0,3.2,3,-289.005,0.250,629.115
5482.2,45.87,89.7,0.0,2.4,3,-287.930,0.214,631.634
5491.2,46.06,89.7,0.0,2.1,3,-287.198,0.186,633.320
5491.2,46.46,89.8,0.0,1.1,3,-286.074,0.140,635.857
5491.2,46.72,89.8,0.0,-0.0,3,-285.308,0.106,637.555
5491.2,47.14,89.8,0.0,-0.1,3,-284.134,0.049,640.113
5500.5,47.42,89.8,0.0,0.6,3,-283.331,0.012,641.825
5500.5,47.78,89.8,0.0,2.2,3,-282.098,-0.036,644.400
5500.5,48.04,89.8,0.0,3.0,3,-281.259,-0.062,646.122
5500.5,48.42,89.7,0.0,2.7,3,-279.976,-0.101,648.715
5510.0,48.73,89.9,0.0,2.5,3,-278.664,-0.139,651.318
5510.0,49.00,89.9,0.0,2.0,3,-277.774,-0.166,653.058
5510.0,49.38,89.9,0.0,0.8,3,-276.414,-0.206,655.678
5510.0,49.60,89.9,0.0,0.3,3,-275.490,-0.230,657.428
5519.8,49.98,89.9,0.0,0.9,3,-274.077,-0.262,660.059
5519.8,50.20,89.9,0.0,2.1,3,-273.117,-0.276,661.817
5519.8,50.55,89.9,0.0,3.3,3,-271.655,-0.291,664.462
5519.8,50.77,90.0,0.0,4.0,3,-270.666,-0.298,666.230
5529.9,50.87,0.0,0.0,3.5,0,-269.162,-0.315,668.885
5529.9,50.98,89.7,0.0,3.3,4,-268.146,-0.329,670.649
5529.9,51.29,89.7,0.0,3.2,4,-266.591,-0.347,673.293
5529.9,51.49,89.7,0.0,3.6,4,-265.533,-0.357,675.056
5540.1,51.80,89.8,0.0,4.1,4,-263.918,-0.372,677.699
5540.1,52.00,89.8,0.0,4.2,4,-262.820,-0.382,679.460
5540.1,52.31,89.8,0.0,3.9,4,-261.143,-0.394,682.101
5540.1,52.61,89.8,0.0,3.4,4,-259.427,-0.403,684.739
5550.5,52.81,89.1,0.0,2.6,4,-258.262,-0.408,686.496
5550.5,53.12,79.3,0.0,1.8,4,-256.486,-0.413,689.131
5550.5,53.32,72.8,0.0,1.6,4,-255.285,-0.415,690.888
5550.5,53.63,63.0,0.0,1.4,4,-253.459,-0.420,693.526
5561.1,53.84,57.2,0.0,1.4,4,-252.229,-0.423,695.288
5561.1,54.14,57.4,0.0,1.2,4,-250.364,-0.428,697.936
5561.1,54.34,57.5,0.0,1.4,4,-249.110,-0.432,699.706
5561.1,54.64,57.7,0.0,1.8,4,-247.212,-0.440,702.368
5571.8,54.94,57.8,0.0,2.0,4,-245.292,-0.448,705.036
5571.8,55.14,57.9,0.0,2.2,4,-244.000,-0.453,706.818
5571.8,55.43,58.0,0.0,2.4,4,-242.041,-0.461,709.494
5571.8,55.63,58.0,0.0,2.6,4,-240.720,-0.466,711.279
5582.8,55.92,58.1,0.0,3.0,4,-238.716,-0.472,713.958
5582.8,56.10,58.1,0.0,3.2,4,-237.364,-0.475,715.744
5582.8,56.39,58.2,0.0,3.4,4,-235.310,-0.478,718.421
5582.8,56.57,58.3,0.0,3.5,4,-233.924,-0.480,720.205
5593.9,56.85,58.3,0.0,3.6,4,-231.817,-0.481,722.876
5593.9,57.04,58.4,0.0,3.7,4,-230.394,-0.482,724.655
5593.9,57.31,58.5,0.0,3.9,4,-228.231,-0.484,727.316
5593.9,57.49,58.6,0.0,3.9,4,-226.769,-0.483,729.086
5605.5,57.76,58.6,0.0,4.0,4,-224.545,-0.481,731.733
5605.5,57.93,58.7,0.0,4.0,4,-223.043,-0.479,733.492
5605.5,58.20,58.8,0.0,4.0,4,-220.758,-0.474,736.121
5617.2,58.46,58.9,0.0,4.1,4,-218.436,-0.465,738.739
5617.2,58.63,58.9,0.0,4.0,4,-216.867,-0.457,740.477
5617.2,58.88,59.0,0.0,4.0,4,-214.482,-0.442,743.072
5617.2,59.05,59.0,0.0,3.9,4,-212.871,-0.430,744.795
5629.2,59.31,59.1,0.0,3.8,4,-210.425,-0.410,747.368
5629.2,59.47,59.1,0.0,3.7,4,-208.774,-0.396,749.075
5629.2,59.72,59.1,0.0,3.5,4,-206.266,-0.373,751.623
5629.2,59.88,59.2,0.0,3.5,4,-204.575,-0.356,753.314
5641.4,60.13,59.2,0.0,3.5,4,-202.009,-0.328,755.839
5641.4,60.29,59.2,0.0,3.7,4,-200.279,-0.310,757.515
5641.4,60.54,59.3,0.0,3.9,4,-197.658,-0.284,760.018
5641.4,60.69,59.2,0.0,3.8,4,-195.892,-0.268,761.678
5653.7,60.92,59.0,0.0,3.8,4,-193.214,-0.247,764.156
5653.7,61.08,58.8,0.0,4.0,4,-191.411,-0.235,765.799
5653.7,61.31,58.7,0.0,4.0,4,-188.679,-0.225,768.252
5653.7,61.44,0.0,0.0,3.9,0,-185.913,-0.221,770.686
5666.2,61.39,87.8,0.0,3.5,5,-184.056,-0.218,772.292
5666.2,61.59,77.7,0.0,3.0,5,-181.243,-0.213,774.679
5666.2,61.73,71.0,0.0,3.1,5,-179.349,-0.208,776.258
5666.2,61.94,61.0,0.0,3.9,5,-176.479,-0.200,778.609
5678.7,62.08,56.3,0.0,4.4,5,-174.548,-0.197,780.165
5678.7,62.28,56.4,0.0,4.9,5,-171.623,-0.194,782.480
5678.7,62.42,56.5,0.0,5.1,5,-169.655,-0.195,784.012
5678.7,62.62,56.5,0.0,5.0,5,-166.673,-0.199,786.288
5691.5,62.75,56.6,0.0,4.9,5,-164.665,-0.200,787.787
5691.5,62.94,56.7,0.0,4.8,5,-161.619,-0.200,790.010
5691.5,63.07,56.8,0.0,5.0,5,-159.568,-0.198,791.474
5691.5,63.27,56.9,0.0,5.2,5,-156.460,-0.195,793.641
5704.4,63.46,56.9,0.0,4.9,5,-153.315,-0.195,795.777
5704.4,63.59,57.0,0.0,4.8,5,-151.197,-0.194,797.181
5704.4,63.77,57.2,0.0,4.5,5,-147.990,-0.190,799.257
5704.4,63.90,57.2,0.0,4.6,5,-145.831,-0.184,800.621
5717.4,64.09,57.4,0.0,4.8,5,-142.565,-0.176,802.638
5717.4,64.22,57.4,0.0,5.1,5,-140.369,-0.175,803.966
5717.4,64.41,57.4,0.0,5.5,5,-137.047,-0.174,805.929
5717.4,64.53,57.5,0.0,5.2,5,-134.812,-0.173,807.215
5730.5,64.71,57.6,0.0,5.1,5,-131.429,-0.169,809.110
5730.5,64.84,57.6,0.0,5.5,5,-129.156,-0.167,810.352
5730.5,65.02,57.7,0.0,5.8,5,-125.716,-0.167,812.181
5730.5,65.14,57.7,0.0,5.7,5,-123.403,-0.164,813.375
5743.7,65.32,57.9,0.0,5.9,5,-119.905,-0.162,815.130
5743.7,65.44,57.8,0.0,5.7,5,-117.554,-0.160,816.274
5743.7,65.61,58.0,0.0,5.9,5,-113.999,-0.156,817.951
5743.7,65.78,58.0,0.0,6.1,5,-110.410,-0.154,819.581
5757.0,65.90,58.0,0.0,6.2,5,-108.000,-0.152,820.641
5757.0,66.07,58.1,0.0,6.1,5,-104.355,-0.146,822.187
5757.0,66.18,58.1,0.0,5.9,5,-101.908,-0.142,823.189
5757.0,66.34,58.2,0.0,6.0,5,-98.211,-0.136,824.649
5770.3,66.46,58.2,0.0,6.0,5,-95.729,-0.132,825.594
5770.3,66.62,58.2,0.0,6.2,5,-91.980,-0.125,826.966
5770.3,66.73,58.2,0.0,6.3,5,-89.465,-0.122,827.852
5770.3,66.89,58.3,0.0,6.0,5,-85.667,-0.118,829.136
5783.6,67.00,58.3,0.0,5.7,5,-83.120,-0.114,829.960
5783.6,67.16,58.4,0.0,5.6,5,-79.275,-0.106,831.149
5783.6,67.27,58.4,0.0,5.6,5,-76.697,-0.102,831.912
5783.6,67.42,58.4,0.0,5.6,5,-72.809,-0.095,833.009
5797.0,67.53,58.4,0.0,6.1,5,-70.203,-0.090,833.711
5797.0,67.68,58.5,0.0,4.6,5,-66.273,-0.082,834.716
5797.0,67.85,58.5,0.0,4.1,5,-62.320,-0.072,835.667
5797.0,67.96,58.5,0.0,3.6,5,-59.673,-0.066,836.272
5810.4,68.12,58.6,0.0,3.3,5,-55.684,-0.053,837.140
5810.4,68.23,58.6,0.0,3.2,5,-53.014,-0.042,837.694
5810.4,68.39,58.6,0.0,3.0,5,-48.994,-0.024,838.492
5810.4,68.51,58.7,0.0,2.9,5,-46.304,-0.011,839.003
5824.0,68.67,58.7,0.0,2.9,5,-42.256,0.012,839.740
5824.0,68.78,58.8,0.0,2.9,5,-39.548,0.027,840.213
5824.0,68.95,58.8,0.0,2.9,5,-35.473,0.049,840.894
5824.0,69.05,58.8,0.0,2.9,5,-32.748,0.064,841.330
5837.7,69.22,58.9,0.0,2.3,5,-28.648,0.088,841.957
5837.7,69.33,58.9,0.0,1.9,5,-25.907,0.105,842.356
5837.7,69.48,59.0,0.0,1.4,5,-21.782,0.133,842.931
5837.7,69.59,59.0,0.0,1.3,5,-19.026,0.154,843.299
5851.6,69.76,59.0,0.0,0.9,5,-14.880,0.181,843.833
5851.6,69.93,59.0,0.0,0.5,5,-10.721,0.206,844.351
5851.6,70.03,59.1,0.0,0.2,5,-7.943,0.225,844.687
5865.6,70.19,59.1,0.0,0.0,5,-3.766,0.252,845.184
5865.6,70.29,59.2,0.0,-0.0,5,-0.976,0.272,845.512
5865.6,70.46,59.2,0.0,-0.1,5,3.218,0.299,846.001
5865.6,70.57,59.2,0.0,-0.1,5,6.020,0.313,846.327
10.5,70.72,59.2,0.0,-0.1,5,10.230,0.339,846.817
