opponent,v3,Ricky Taylor,0,1771575961671
Game,version,date,track,car,event,laptime [s],S1 [s],S2 [s],S3 [s],S4+ [s]
LMU,1.2,2026-02-20 08:26:01,Silverstone Grand Prix Circuit - ELMS,Cadillac WTR 2025 #101:LM (Hyper),Live,107.742,0,0,0
Tracklen [m],TotalLaps
5866.5,3
,
,
lapdistance [m],speed [m/s],throttle [%],brake [%],steer [%],gear [int],world_x [m],world_y [m],world_z [m]
4.7,71.56,86.1,0.0,-0.1,6,14.530,0.445,846.191
19.0,71.70,86.1,0.0,0.1,6,18.799,0.478,846.684
19.0,71.81,86.1,0.0,0.2,6,21.650,0.501,847.014
19.0,71.95,86.1,0.0,0.3,6,25.934,0.535,847.511
19.0,72.10,86.2,0.0,0.3,6,30.226,0.571,848.008
33.4,72.19,86.2,0.0,0.4,6,33.093,0.596,848.339
33.4,72.35,86.2,0.0,0.3,6,37.400,0.632,848.835
33.4,72.45,86.2,0.0,0.3,6,40.277,0.655,849.164
33.4,72.59,86.2,0.0,0.3,6,44.600,0.692,849.656
47.8,72.68,86.2,0.0,0.3,6,47.487,0.718,849.982
47.8,72.83,86.3,0.0,0.2,6,51.824,0.757,850.469
47.8,72.91,86.3,0.0,0.2,6,54.721,0.784,850.793
47.8,73.06,86.3,0.0,0.1,6,59.073,0.824,851.276
62.4,73.15,86.3,0.0,0.2,6,61.979,0.851,851.596
62.4,73.28,86.3,0.0,0.2,6,66.345,0.892,852.076
62.4,73.38,86.3,0.0,0.2,6,69.261,0.920,852.395
62.4,73.52,86.4,0.0,0.1,6,73.641,0.962,852.872
77.1,73.61,86.4,0.0,0.1,6,76.567,0.988,853.190
77.1,73.75,86.4,0.0,0.1,6,80.961,1.024,853.665
77.1,73.88,86.4,0.0,0.1,6,85.364,1.059,854.139
77.1,73.97,86.4,0.0,0.1,6,88.304,1.082,854.455
91.8,74.10,86.4,0.0,0.1,6,92.720,1.117,854.930
91.8,74.19,86.5,0.0,0.1,6,95.669,1.139,855.247
91.8,74.32,86.5,0.0,0.1,6,100.098,1.171,855.722
91.8,74.42,86.5,0.0,0.1,6,103.056,1.192,856.039
106.7,74.54,86.5,0.0,0.3,6,107.499,1.224,856.515
106.7,74.62,86.5,0.0,0.4,6,110.465,1.246,856.833
106.7,74.75,86.5,0.0,0.4,6,114.921,1.278,857.308
106.7,74.89,86.5,0.0,0.3,6,119.385,1.310,857.781
121.6,74.97,86.6,0.0,0.3,6,122.365,1.329,858.094
121.6,75.10,86.6,0.0,0.3,6,126.843,1.354,858.562
121.6,75.19,86.6,0.0,0.3,6,129.832,1.370,858.872
121.6,75.31,86.6,0.0,0.3,6,134.323,1.395,859.334
136.7,75.39,86.6,0.0,0.2,6,137.321,1.415,859.641
136.7,75.50,86.7,0.0,0.2,6,141.824,1.449,860.098
136.7,75.60,86.7,0.0,0.1,6,144.830,1.468,860.402
136.7,75.71,86.7,0.0,0.0,6,149.346,1.497,860.855
151.8,75.80,86.7,0.0,0.1,6,152.361,1.516,861.155
151.8,75.92,86.7,0.0,0.3,6,156.890,1.542,861.604
151.8,76.00,86.7,0.0,0.3,6,159.913,1.559,861.902
151.8,76.11,86.7,0.0,0.3,6,164.454,1.586,862.348
166.9,76.19,86.7,0.0,0.2,6,167.486,1.605,862.644
166.9,76.31,86.7,0.0,0.1,6,172.039,1.634,863.086
166.9,76.43,86.7,0.0,-0.1,6,176.599,1.664,863.526
166.9,76.50,86.8,0.0,-0.2,6,179.643,1.684,863.819
182.2,76.61,86.8,0.0,-0.5,6,184.215,1.714,864.258
182.2,76.69,86.8,0.0,-0.6,6,187.267,1.732,864.551
182.2,76.80,86.8,0.0,-0.7,6,191.850,1.761,864.994
182.2,76.87,86.8,0.0,-0.8,6,194.909,1.781,865.293
197.5,76.98,86.8,0.0,-0.7,6,199.502,1.810,865.748
197.5,77.05,86.8,0.0,-0.7,6,202.568,1.828,866.055
197.5,77.16,86.9,0.0,-0.5,6,207.170,1.855,866.522
197.5,77.23,86.9,0.0,-0.0,6,210.242,1.871,866.838
212.9,77.33,86.9,0.0,0.3,6,214.853,1.898,867.318
212.9,77.40,86.9,0.0,0.4,6,217.931,1.918,867.642
212.9,77.51,86.9,0.0,0.4,6,222.553,1.949,868.129
212.9,77.58,86.9,0.0,0.6,6,225.638,1.971,868.454
228.4,77.69,86.9,0.0,0.8,6,230.271,2.002,868.938
228.4,77.79,86.9,0.0,0.7,6,234.910,2.035,869.416
228.4,77.85,83.9,0.0,0.6,6,238.007,2.058,869.731
244.0,77.49,7.5,69.1,0.9,6,242.651,2.088,870.194
244.0,76.69,0.0,81.7,1.1,6,245.722,2.105,870.496
244.0,75.35,0.0,88.7,1.5,6,250.266,2.129,870.933
244.0,74.42,0.0,90.8,1.8,6,253.249,2.146,871.214
259.1,72.98,0.0,91.0,2.1,6,257.656,2.170,871.616
259.1,72.04,0.0,91.7,2.1,6,260.547,2.186,871.870
259.1,70.61,0.0,91.0,2.5,6,264.814,2.209,872.227
259.1,69.66,0.0,91.2,3.0,6,267.613,2.223,872.447
273.2,68.26,0.0,91.6,3.5,6,271.743,2.244,872.749
273.2,67.31,0.0,91.6,3.6,6,274.450,2.255,872.929
273.2,65.92,0.0,92.5,3.7,6,278.443,2.271,873.164
273.2,64.98,32.2,92.1,3.4,0,281.059,2.280,873.297
286.3,63.61,0.0,86.8,2.8,5,284.917,2.294,873.454
286.3,62.34,0.0,73.9,2.0,5,288.695,2.307,873.562
286.3,61.53,0.0,60.2,0.8,5,291.174,2.316,873.602
286.3,60.55,0.0,37.1,-0.2,5,294.836,2.333,873.611
298.6,60.07,0.0,20.9,0.1,5,297.249,2.344,873.581
298.6,59.59,0.0,14.3,2.6,5,300.837,2.361,873.477
298.6,59.32,0.0,14.0,5.7,5,303.213,2.373,873.368
298.6,58.94,0.0,6.7,10.8,5,306.754,2.392,873.149
310.4,58.29,0.0,3.1,14.0,5,314.925,2.444,872.391
310.4,58.06,3.0,0.0,11.7,5,318.389,2.465,871.961
321.9,57.85,0.8,2.3,9.6,5,321.831,2.484,871.464
321.9,57.67,0.0,9.7,9.3,5,324.112,2.498,871.095
321.9,57.32,0.0,13.6,9.6,5,327.509,2.516,870.487
321.9,57.05,0.0,19.9,9.6,5,329.754,2.527,870.047
333.4,56.56,0.0,20.2,9.1,5,333.088,2.544,869.334
333.4,56.26,0.0,5.4,8.7,5,335.287,2.555,868.824
333.4,56.06,28.8,0.0,9.8,5,338.554,2.572,868.005
333.4,56.06,47.9,0.0,12.9,5,340.719,2.583,867.422
345.0,56.14,66.7,0.0,18.1,5,343.953,2.598,866.490
345.0,56.22,68.4,0.0,21.2,5,346.101,2.608,865.830
345.0,56.31,59.6,0.0,25.2,5,349.310,2.623,864.780
345.0,56.34,53.9,0.0,26.0,5,351.437,2.634,864.040
356.9,56.27,15.6,0.3,25.9,5,354.606,2.649,862.867
356.9,56.03,8.5,0.3,26.5,5,357.737,2.666,861.622
356.9,55.93,35.7,0.0,26.4,5,359.800,2.678,860.751
356.9,55.89,58.0,0.0,26.5,5,362.862,2.695,859.383
368.7,55.96,79.0,0.0,26.8,5,364.886,2.707,858.430
368.7,56.08,66.4,0.0,28.1,5,367.896,2.723,856.937
368.7,56.08,49.0,0.0,30.4,5,369.885,2.734,855.899
368.7,56.06,56.5,0.0,34.7,5,372.835,2.751,854.282
380.6,56.10,70.0,0.0,37.6,5,374.780,2.762,853.165
380.6,56.11,47.7,0.0,41.3,5,377.666,2.779,851.430
380.6,56.09,45.9,0.0,43.7,5,379.567,2.791,850.237
380.6,55.99,29.1,0.0,46.6,5,382.380,2.806,848.396
392.3,55.89,26.3,0.0,48.1,5,384.229,2.816,847.135
392.3,55.72,22.9,0.0,48.8,5,386.958,2.830,845.193
392.3,55.60,21.5,0.0,48.6,5,388.745,2.841,843.866
392.3,55.41,20.1,0.0,47.9,5,391.378,2.857,841.825
403.9,55.21,18.9,0.0,46.9,5,393.949,2.873,839.728
403.9,55.07,18.6,0.0,46.8,5,395.629,2.883,838.299
403.9,54.86,18.8,0.0,46.6,5,398.096,2.899,836.109
403.9,54.74,18.9,0.0,46.5,5,399.704,2.910,834.619
415.3,54.53,18.0,0.0,46.4,5,402.062,2.926,832.341
415.3,54.40,17.8,0.0,46.1,5,403.597,2.937,830.795
415.3,54.21,19.2,0.0,45.7,5,405.845,2.952,828.437
415.3,54.09,21.1,0.0,44.6,5,407.308,2.961,826.839
426.3,53.96,34.0,0.0,42.7,5,409.447,2.975,824.404
426.3,53.88,25.9,0.0,41.3,5,410.839,2.983,822.756
426.3,53.73,28.9,0.0,37.9,5,412.872,2.992,820.248
426.3,53.66,34.7,0.0,34.6,5,414.189,2.999,818.552
436.9,53.62,56.5,0.0,30.2,5,416.107,3.013,815.968
436.9,53.68,64.3,0.0,28.0,5,417.350,3.022,814.219
436.9,53.81,81.4,0.0,25.3,5,419.169,3.034,811.558
436.9,53.93,84.0,0.0,22.8,5,420.350,3.041,809.756
447.4,54.11,84.1,0.0,18.3,5,422.071,3.055,807.010
447.4,54.32,84.2,0.0,13.4,5,423.733,3.070,804.214
447.4,54.46,84.2,0.0,11.1,5,424.810,3.081,802.324
458.0,54.68,84.2,0.0,8.1,5,426.376,3.102,799.449
458.0,54.84,84.2,0.0,7.8,5,427.391,3.116,797.509
458.0,55.07,84.3,0.0,7.6,5,428.873,3.138,794.564
458.0,55.23,84.3,0.0,7.7,5,429.836,3.154,792.580
468.9,55.46,84.3,0.0,9.2,5,431.248,3.180,789.576
468.9,55.63,83.8,0.0,8.8,5,432.170,3.195,787.554
468.9,55.86,84.5,0.0,6.8,5,433.519,3.218,784.495
468.9,56.02,84.5,0.0,6.5,5,434.396,3.234,782.436
480.0,56.27,84.5,0.0,6.8,5,435.680,3.258,779.323
480.0,56.43,83.5,0.0,6.8,5,436.516,3.272,777.230
480.0,56.65,84.1,0.0,6.9,5,437.739,3.295,774.066
480.0,56.80,84.8,0.0,6.8,5,438.535,3.312,771.943
491.2,57.03,84.8,0.0,6.7,5,439.700,3.338,768.734
491.2,57.19,84.8,0.0,6.3,5,440.458,3.355,766.579
491.2,57.43,84.9,0.0,5.1,5,441.564,3.383,763.323
491.2,57.66,77.5,0.0,4.3,5,442.634,3.411,760.040
502.5,57.75,70.2,0.0,4.0,5,443.326,3.428,757.838
502.5,57.93,78.3,0.0,4.3,5,444.334,3.452,754.518
502.5,58.09,85.1,0.0,4.8,5,444.986,3.467,752.291
502.5,58.31,85.0,0.0,3.4,5,445.935,3.492,748.932
514.0,58.45,85.1,0.0,3.5,5,446.550,3.510,746.679
514.0,58.68,84.6,0.0,4.2,5,447.449,3.535,743.283
514.0,58.85,84.6,0.0,4.4,5,448.034,3.550,741.006
514.0,59.10,85.2,0.0,5.1,5,448.888,3.574,737.573
525.7,59.26,85.3,0.0,5.4,5,449.443,3.589,735.272
525.7,59.49,85.3,0.0,5.0,5,450.247,3.614,731.802
525.7,59.64,85.4,0.0,5.2,5,450.763,3.633,729.477
525.7,59.88,85.4,0.0,5.0,5,451.509,3.660,725.970
537.5,60.03,85.4,0.0,5.1,5,451.987,3.679,723.621
537.5,60.26,85.5,0.0,4.4,5,452.674,3.709,720.079
537.5,60.49,85.5,0.0,3.8,5,453.328,3.738,716.516
537.5,60.66,85.5,0.0,3.2,5,453.748,3.754,714.130
549.6,61.27,85.6,0.0,2.3,5,455.299,3.825,704.501
549.6,61.50,85.7,0.0,2.0,5,455.841,3.854,700.859
561.7,61.67,85.7,0.0,1.4,5,456.193,3.873,698.421
561.7,62.27,85.9,0.0,0.7,5,457.543,3.959,688.600
574.0,62.43,85.9,0.0,0.8,5,457.871,3.980,686.128
574.0,62.66,85.9,0.0,0.9,5,458.356,4.013,682.407
574.0,62.81,85.9,0.0,1.1,5,458.677,4.035,679.919
574.0,63.04,86.0,0.0,1.2,5,459.152,4.067,676.174
586.5,63.26,86.0,0.0,1.1,5,459.621,4.099,672.415
586.5,63.41,86.1,0.0,1.0,5,459.929,4.120,669.901
586.5,63.63,86.1,0.0,1.0,5,460.385,4.152,666.117
586.5,63.78,86.1,0.0,1.1,5,460.684,4.173,663.587
599.1,64.00,86.1,0.0,1.1,5,461.125,4.203,659.780
599.1,64.14,86.1,0.0,1.2,5,461.414,4.224,657.234
599.1,64.36,86.2,0.0,1.2,5,461.840,4.257,653.403
599.1,64.50,86.2,0.0,1.3,5,462.118,4.279,650.841
611.9,64.72,86.2,0.0,1.3,5,462.527,4.311,646.987
611.9,64.86,86.3,0.0,1.3,5,462.793,4.333,644.409
611.9,65.07,86.3,0.0,1.3,5,463.183,4.364,640.532
611.9,65.21,86.3,0.0,1.5,5,463.437,4.385,637.939
624.8,65.41,86.4,0.0,1.5,5,463.808,4.417,634.039
624.8,65.55,86.4,0.0,1.4,5,464.048,4.438,631.431
624.8,65.76,86.4,0.0,1.3,5,464.399,4.469,627.508
637.9,65.96,86.4,0.0,1.2,5,464.737,4.500,623.572
637.9,66.10,86.4,0.0,1.2,5,464.955,4.521,620.940
637.9,66.30,86.5,0.0,1.1,5,465.273,4.552,616.982
637.9,66.42,86.5,0.0,1.2,5,465.479,4.573,614.336
651.2,66.62,86.6,0.0,1.2,5,465.779,4.605,610.356
651.2,66.76,86.6,0.0,1.1,5,465.974,4.626,607.696
651.2,66.96,86.6,0.0,0.8,5,466.257,4.657,603.694
651.2,67.09,86.6,0.0,-1.0,5,466.442,4.678,601.020
664.6,67.28,86.7,0.0,-1.1,5,466.715,4.709,596.999
664.6,67.41,86.7,0.0,-1.0,5,466.897,4.729,594.311
664.6,67.60,86.7,0.0,-0.7,5,467.175,4.760,590.271
664.6,67.79,86.7,0.0,-0.2,5,467.461,4.789,586.220
678.2,68.29,86.8,0.0,1.5,5,468.255,4.858,575.363
678.2,68.48,86.8,0.0,1.2,5,468.552,4.879,571.271
691.8,68.60,86.8,0.0,1.4,5,468.746,4.892,568.536
691.8,68.78,86.9,0.0,0.6,5,469.029,4.909,564.425
691.8,68.90,86.9,0.0,0.4,5,469.211,4.920,561.678
691.8,69.08,86.9,0.0,0.2,5,469.477,4.935,557.547
705.6,69.20,86.9,0.0,0.7,5,469.650,4.946,554.788
705.6,69.38,86.9,0.0,0.1,5,469.903,4.959,550.639
705.6,69.49,87.0,0.0,0.2,5,470.069,4.967,547.867
705.6,69.66,87.0,0.0,-0.1,5,470.315,4.976,543.700
719.6,69.78,87.0,0.0,-0.2,5,470.478,4.981,540.916
719.6,69.95,87.0,0.0,0.0,5,470.723,4.987,536.731
719.6,70.06,87.0,0.0,0.1,0,470.885,4.990,533.936
719.6,69.98,85.8,0.0,0.8,6,471.129,4.994,529.742
733.6,70.14,85.8,0.0,1.0,6,471.370,4.994,525.546
733.6,70.25,85.9,0.0,0.8,6,471.527,4.993,522.743
733.6,70.41,85.9,0.0,0.2,6,471.759,4.989,518.530
733.6,70.52,85.9,0.0,0.1,6,471.909,4.986,515.716
747.8,70.68,85.9,0.0,0.3,6,472.131,4.979,511.486
747.8,70.80,85.9,0.0,0.4,6,472.277,4.974,508.660
747.8,70.96,86.0,0.0,0.4,6,472.494,4.963,504.414
747.8,71.07,86.0,0.0,0.4,6,472.637,4.954,501.577
762.0,71.22,86.0,0.0,0.2,6,472.851,4.937,497.315
762.0,71.33,86.0,0.0,0.1,6,472.992,4.923,494.467
762.0,71.49,86.0,0.0,0.1,6,473.200,4.901,490.188
762.0,71.58,86.1,0.0,0.1,6,473.338,4.885,487.330
776.3,71.75,86.1,0.0,0.3,6,473.543,4.861,483.035
776.3,71.85,86.2,0.0,0.6,6,473.679,4.845,480.167
776.3,72.01,86.1,0.0,-0.4,6,473.880,4.822,475.857
790.6,72.16,86.2,0.0,-0.8,6,474.079,4.804,471.537
790.6,72.26,86.2,0.0,-1.5,6,474.213,4.793,468.652
790.6,72.42,86.2,0.0,-2.2,6,474.420,4.774,464.316
790.6,72.51,86.2,0.0,-2.6,6,474.565,4.761,461.422
805.1,72.66,86.2,0.0,-3.1,6,474.800,4.744,457.073
805.1,72.76,86.3,0.0,-4.0,6,474.971,4.733,454.170
805.1,72.90,86.3,0.0,-4.3,6,475.253,4.711,449.809
805.1,72.99,86.3,0.0,-4.6,6,475.461,4.695,446.899
819.6,73.13,86.3,0.0,-4.7,6,475.808,4.674,442.530
819.6,73.22,86.4,0.0,-5.7,6,476.064,4.660,439.614
819.6,73.36,86.4,0.0,-6.3,6,476.484,4.631,435.238
819.6,73.43,86.4,0.0,-6.2,6,476.794,4.612,432.318
834.3,73.55,86.4,0.0,-6.4,6,477.309,4.589,427.940
834.3,73.63,86.5,0.0,-7.0,6,477.688,4.578,425.021
834.3,73.76,86.4,0.0,-7.0,6,478.305,4.557,420.643
834.3,73.83,86.4,0.0,-6.8,6,478.753,4.544,417.726
848.9,73.95,86.4,0.0,-7.2,6,479.483,4.528,413.353
848.9,74.06,86.5,0.0,-8.0,6,480.281,4.512,408.986
848.9,74.12,86.5,0.0,-8.4,6,480.851,4.501,406.078
848.9,74.24,86.5,0.0,-8.6,6,481.763,4.483,401.722
863.6,74.30,86.5,0.0,-8.9,6,482.409,4.469,398.822
863.6,74.41,86.5,0.0,-9.0,6,483.438,4.444,394.481
863.6,74.47,86.6,0.0,-9.5,6,484.162,4.424,391.593
863.6,74.59,86.5,0.0,-10.5,6,485.307,4.386,387.271
878.3,74.65,86.6,0.0,-10.6,6,486.112,4.357,384.397
878.3,74.72,86.6,0.0,-10.4,6,487.383,4.310,380.100
878.3,74.79,86.6,0.0,-9.5,6,488.275,4.277,377.246
878.3,74.87,86.6,0.0,-8.4,6,489.679,4.224,372.982
893.1,74.94,86.6,0.0,-7.9,6,490.659,4.188,370.152
893.1,75.03,86.6,0.0,-7.7,6,492.197,4.132,365.924
893.1,75.08,86.6,0.0,-8.2,6,493.265,4.094,363.119
893.1,75.18,86.7,0.0,-7.7,6,494.932,4.038,358.932
908.6,75.28,86.7,0.0,-4.6,6,496.672,3.982,354.767
908.6,75.36,86.7,0.0,-2.1,6,497.869,3.944,352.003
908.6,75.48,86.7,0.0,1.8,6,499.712,3.889,347.871
908.6,75.56,86.7,0.0,3.0,6,500.964,3.853,345.122
924.0,75.68,73.2,11.7,3.5,6,502.855,3.799,340.999
924.0,75.50,12.2,44.7,3.7,6,504.112,3.758,338.248
924.0,74.61,0.0,60.6,3.8,6,505.966,3.696,334.140
924.0,73.89,0.0,56.6,4.0,6,507.169,3.657,331.423
939.5,72.93,0.0,47.7,4.9,6,508.918,3.608,327.380
939.5,72.36,0.0,39.9,5.6,6,510.045,3.579,324.701
939.5,71.59,0.0,40.7,6.3,6,511.677,3.538,320.701
939.5,71.07,0.0,39.0,4.7,6,512.724,3.513,318.046
953.9,68.89,0.0,64.4,6.4,6,516.570,3.431,307.513
953.9,67.81,0.0,59.2,7.7,6,517.867,3.410,303.621
967.5,67.16,0.0,58.7,7.7,6,518.686,3.400,301.047
967.5,66.22,0.0,42.0,8.1,6,519.846,3.385,297.216
967.5,65.70,0.0,37.5,8.2,6,520.574,3.375,294.680
967.5,64.96,0.0,36.7,7.5,6,521.594,3.360,290.893
980.4,64.52,0.0,7.1,6.7,6,522.226,3.350,288.382
980.4,64.44,84.4,0.0,7.6,6,523.105,3.332,284.617
980.4,64.49,46.4,11.4,9.2,6,523.647,3.320,282.096
980.4,64.04,0.0,26.4,12.6,6,524.391,3.302,278.309
993.3,63.66,0.0,13.1,12.9,6,524.837,3.292,275.794
993.3,63.36,47.6,0.0,10.5,6,525.433,3.280,272.032
993.3,63.31,26.0,11.1,8.9,6,525.948,3.270,268.266
993.3,63.08,0.0,16.8,8.2,6,526.247,3.265,265.754
1007.5,62.76,34.4,2.0,8.7,0,526.636,3.254,262.000
1007.5,62.60,51.8,0.0,9.4,5,526.859,3.240,259.502
1007.5,62.57,69.8,0.0,10.1,5,527.110,3.239,255.757
1007.5,62.60,71.9,0.0,10.8,5,527.227,3.247,253.257
1021.4,62.62,67.2,0.0,11.7,5,527.358,3.240,249.503
1021.4,62.78,63.6,0.0,12.8,5,527.411,3.226,246.994
1021.4,62.62,6.9,3.2,15.3,5,527.399,3.221,243.231
1021.4,62.42,0.0,4.5,18.2,5,527.342,3.219,240.731
1034.6,62.09,0.0,2.7,21.4,5,527.184,3.216,236.998
1034.6,61.89,0.0,0.8,22.5,5,527.030,3.217,234.523
1034.6,61.60,6.5,0.0,21.2,5,526.722,3.225,230.831
1034.6,61.43,8.8,0.0,19.5,5,526.466,3.234,228.384
1047.0,61.20,8.6,0.0,16.4,5,526.007,3.250,224.733
1047.0,60.96,7.2,0.0,14.2,5,525.463,3.266,221.108
1047.0,60.79,4.0,1.5,10.7,5,525.052,3.277,218.708
1059.1,60.50,0.0,3.8,6.8,5,524.363,3.297,215.135
1059.1,60.31,11.5,0.6,5.4,5,523.855,3.314,212.773
1059.1,60.30,76.3,0.0,4.1,5,523.025,3.340,209.253
1059.1,60.42,85.5,0.0,4.4,5,522.428,3.360,206.914
1071.0,60.64,85.6,0.0,5.8,5,521.475,3.389,203.410
1071.0,60.79,85.6,0.0,5.3,5,520.808,3.410,201.075
1071.0,61.02,85.6,0.0,2.3,5,519.769,3.441,197.573
1071.0,61.18,85.6,0.0,0.5,5,519.057,3.461,195.235
1083.3,61.41,85.7,0.0,-1.3,5,517.968,3.492,191.723
1083.3,61.57,85.7,0.0,-2.5,5,517.234,3.511,189.375
1083.3,61.80,85.7,0.0,-3.5,5,516.131,3.540,185.843
1083.3,61.96,85.8,0.0,-3.9,5,515.399,3.558,183.479
1095.8,62.18,83.7,0.0,-4.5,5,514.315,3.583,179.917
1095.8,62.28,60.7,0.0,-5.2,5,513.604,3.598,177.531
1095.8,62.17,7.7,44.8,-6.2,5,512.565,3.619,173.942
1095.8,61.28,0.0,72.1,-6.4,5,511.571,3.637,170.370
1108.2,60.53,0.0,78.0,-5.9,5,510.938,3.649,168.015
1108.2,59.30,0.0,81.7,-4.8,5,510.038,3.666,164.532
1108.2,58.46,0.0,78.9,-3.7,5,509.471,3.676,162.244
1108.2,57.27,0.0,70.0,-2.1,5,508.674,3.690,158.863
1120.1,56.55,0.0,65.8,-1.0,5,508.180,3.700,156.640
1120.1,55.51,0.0,56.3,-0.5,5,507.496,3.715,153.347
1120.1,54.88,0.0,48.1,-0.9,5,507.078,3.725,151.178
1120.1,54.07,0.0,34.3,-0.7,5,506.508,3.739,147.959
1131.3,53.65,0.0,22.5,-2.5,5,506.167,3.748,145.831
1131.3,53.22,0.0,8.4,-7.0,5,505.711,3.759,142.658
1131.3,53.03,0.0,3.2,-10.4,5,505.443,3.765,140.550
1131.3,52.82,0.0,0.1,-15.1,5,505.094,3.771,137.394
1142.4,52.69,0.0,0.3,-16.9,5,504.894,3.773,135.293
1142.4,52.50,0.0,0.6,-18.0,0,504.648,3.774,132.146
1142.4,52.40,45.7,0.0,-18.7,0,504.519,3.771,130.052
1142.4,52.19,1.7,0.1,-19.1,4,504.378,3.761,126.916
1153.4,52.00,19.9,4.4,-15.7,4,504.309,3.746,123.791
1153.4,51.85,4.3,3.3,-13.4,4,504.309,3.737,121.714
1153.4,51.56,0.0,1.7,-10.3,4,504.383,3.733,118.612
1153.4,51.39,7.5,0.0,-8.5,4,504.482,3.735,116.555
1164.4,51.26,23.7,0.0,-7.3,4,504.676,3.726,113.482
1164.4,51.19,19.1,0.0,-7.5,4,504.846,3.716,111.439
1164.4,51.02,24.5,0.0,-8.0,4,505.181,3.716,108.392
1164.4,50.99,24.9,0.0,-8.0,4,505.436,3.707,106.368
1175.2,50.85,21.4,0.0,-12.5,4,505.889,3.699,103.346
1175.2,50.75,19.7,0.0,-15.0,4,506.238,3.698,101.344
1175.2,50.62,8.0,0.0,-17.2,4,506.804,3.680,98.356
1175.2,50.49,9.4,0.0,-18.0,4,507.217,3.663,96.376
1186.0,50.30,24.1,0.0,-20.2,4,507.915,3.654,93.434
1186.0,50.25,17.3,0.0,-20.7,4,508.410,3.638,91.485
1186.0,50.09,10.6,0.0,-21.4,4,509.204,3.606,88.580
1186.0,49.90,11.5,0.0,-24.1,4,510.082,3.582,85.712
1196.5,49.80,15.1,0.0,-26.2,4,510.704,3.562,83.818
1196.5,49.63,11.5,0.0,-29.9,4,511.691,3.528,81.003
1196.5,49.53,14.9,0.0,-32.6,4,512.386,3.503,79.145
1196.5,49.38,15.2,0.0,-36.1,4,513.481,3.464,76.387
1206.8,49.28,15.7,0.0,-37.7,4,514.246,3.436,74.568
1206.8,49.13,20.2,0.0,-38.9,4,515.446,3.392,71.871
1206.8,49.08,34.5,0.0,-37.9,4,516.282,3.363,70.094
1206.8,49.10,61.8,0.0,-34.8,4,517.594,3.320,67.459
1216.8,49.21,73.6,0.0,-31.7,4,518.509,3.294,65.719
1216.8,49.40,72.4,0.0,-28.2,4,519.943,3.259,63.133
1216.8,49.55,81.4,0.0,-23.9,4,520.941,3.238,61.424
1216.8,49.81,75.4,0.0,-14.2,4,522.498,3.208,58.883
1226.7,49.86,23.0,13.1,-7.3,4,523.573,3.189,57.204
1226.7,49.50,0.0,42.8,0.4,4,525.228,3.160,54.722
1226.7,48.68,0.0,67.0,8.4,4,526.904,3.134,52.296
1226.7,48.02,0.0,72.3,11.4,4,528.016,3.117,50.711
1236.5,46.93,0.0,77.1,12.2,4,529.650,3.089,48.376
1236.5,46.15,0.0,80.3,11.2,4,530.710,3.071,46.843
1236.5,45.01,37.2,84.8,9.6,0,532.244,3.044,44.577
1236.5,44.26,0.0,79.1,8.3,3,533.229,3.027,43.086
1245.7,43.20,0.0,38.2,6.3,3,534.646,3.001,40.877
1245.7,42.73,0.0,17.0,4.7,3,535.551,2.984,39.416
1245.7,42.34,0.0,3.4,3.6,3,536.851,2.955,37.221
1245.7,42.18,0.0,0.3,4.7,3,537.679,2.936,35.747
1254.2,41.75,10.0,0.0,24.3,3,540.700,2.850,29.757
1262.6,41.63,9.4,0.0,28.9,3,541.719,2.815,27.472
1262.6,41.54,8.4,0.0,30.0,3,542.364,2.791,25.939
1262.6,41.45,32.4,0.0,29.5,3,543.278,2.754,23.624
1262.6,41.51,52.3,0.0,27.9,3,543.850,2.730,22.068
1271.3,41.73,63.8,0.0,26.1,3,544.653,2.694,19.705
1271.3,41.87,57.6,0.0,26.2,3,545.154,2.670,18.110
1271.3,42.02,47.8,0.0,27.8,3,545.849,2.633,15.691
1271.3,42.11,42.6,0.0,30.6,3,546.475,2.594,13.247
1280.3,42.16,43.3,0.0,33.2,3,546.853,2.568,11.604
1280.3,42.24,49.1,0.0,35.8,3,547.360,2.529,9.124
1280.3,42.34,51.5,0.0,36.4,3,547.658,2.503,7.460
1280.3,42.45,49.6,0.0,39.4,3,548.046,2.465,4.946
1289.4,42.53,38.5,0.0,41.4,3,548.267,2.437,3.260
1289.4,42.52,32.4,0.0,45.0,3,548.541,2.394,0.724
1289.4,42.51,29.0,0.0,46.9,3,548.684,2.365,-0.971
1289.4,42.47,28.8,0.0,48.8,3,548.839,2.321,-3.515
1298.3,42.44,26.9,0.0,49.5,3,548.902,2.291,-5.212
1298.3,42.40,32.6,0.0,50.2,3,548.935,2.246,-7.756
1298.3,42.43,43.6,0.0,51.8,3,548.920,2.215,-9.452
1298.3,42.48,39.3,0.0,54.6,3,548.838,2.167,-11.998
1307.5,42.48,33.2,0.0,56.6,3,548.745,2.133,-13.694
1307.5,42.42,25.1,0.0,59.3,3,548.544,2.085,-16.233
1307.5,42.33,23.2,0.0,61.2,3,548.270,2.040,-18.761
1307.5,42.23,17.4,0.0,61.7,3,548.045,2.011,-20.437
1316.9,42.07,16.1,0.0,60.3,3,547.648,1.970,-22.935
1316.9,41.96,16.4,0.0,58.5,3,547.342,1.944,-24.587
1316.9,41.81,17.1,0.0,55.0,3,546.819,1.908,-27.045
1316.9,41.70,18.0,0.0,52.6,3,546.428,1.885,-28.669
1326.1,41.57,19.8,0.0,48.3,3,545.777,1.854,-31.080
1326.1,41.50,20.9,0.0,46.3,3,545.302,1.834,-32.672
1326.1,41.43,31.7,0.0,44.8,3,544.532,1.803,-35.037
1326.1,41.44,39.6,0.0,44.4,3,543.981,1.781,-36.600
1335.1,41.50,43.0,0.0,44.3,3,543.096,1.749,-38.924
1335.1,41.51,31.7,0.0,43.9,3,542.467,1.728,-40.461
1335.1,41.50,37.0,0.0,41.3,3,541.467,1.698,-42.741
1335.1,41.54,46.3,0.0,38.0,3,540.762,1.681,-44.244
1343.6,41.71,64.8,0.0,32.3,3,539.647,1.655,-46.478
1343.6,41.91,80.7,0.0,28.8,3,538.867,1.638,-47.956
1343.6,42.28,85.6,0.0,22.7,3,537.638,1.612,-50.161
1343.6,42.65,85.7,0.0,15.5,3,536.338,1.587,-52.351
1352.4,42.91,85.8,0.0,10.8,3,535.431,1.571,-53.801
1352.4,43.28,79.3,0.0,4.5,3,534.012,1.548,-55.961
1352.4,43.53,83.1,0.0,1.5,3,533.028,1.533,-57.391
1352.4,43.93,86.0,0.0,0.7,3,531.499,1.511,-59.521
1361.3,44.22,86.0,0.0,2.5,3,530.444,1.497,-60.933
1361.3,44.64,86.0,0.0,6.7,3,528.814,1.473,-63.041
1361.3,44.92,86.1,0.0,9.2,3,527.698,1.456,-64.442
1361.3,45.34,86.2,0.0,11.7,3,525.983,1.428,-66.536
1370.2,45.60,86.3,0.0,11.7,3,524.813,1.409,-67.928
1370.2,46.01,86.3,0.0,10.6,3,523.018,1.378,-70.008
1370.2,46.28,86.4,0.0,9.7,3,521.793,1.356,-71.388
1370.2,46.67,86.6,0.0,8.6,3,519.914,1.323,-73.446
1379.3,46.93,86.6,0.0,9.2,3,518.632,1.300,-74.809
1379.3,47.33,86.6,0.0,9.2,3,516.666,1.264,-76.840
1379.3,47.67,54.9,0.0,11.8,3,514.650,1.224,-78.855
1379.3,47.68,18.0,0.0,13.8,3,513.282,1.196,-80.184
1388.6,47.91,86.7,0.0,15.4,3,511.195,1.155,-82.147
1388.6,48.15,86.8,0.0,15.2,3,509.775,1.130,-83.440
1388.6,48.52,86.8,0.0,13.9,3,507.600,1.093,-85.356
1388.6,48.74,86.9,0.0,13.4,3,506.119,1.070,-86.616
1398.0,49.09,87.0,0.0,12.5,0,503.854,1.034,-88.481
1398.0,49.07,0.0,0.0,11.7,0,502.318,1.007,-89.704
1398.0,49.27,85.1,0.0,6.8,4,499.981,0.964,-91.500
1398.0,49.49,85.1,0.0,4.6,4,498.396,0.934,-92.677
1407.6,49.83,85.1,0.0,2.5,4,495.978,0.889,-94.416
1407.6,50.05,85.2,0.0,2.5,4,494.340,0.860,-95.559
1407.6,50.40,85.2,0.0,3.8,4,491.851,0.816,-97.256
1407.6,50.62,85.3,0.0,4.1,4,490.172,0.789,-98.379
1417.6,50.97,85.4,0.0,3.2,4,487.628,0.750,-100.056
1417.6,51.31,85.4,0.0,1.2,4,485.056,0.714,-101.726
1417.6,51.53,85.6,0.0,0.1,4,483.326,0.691,-102.838
1427.9,51.87,85.6,0.0,-0.9,4,480.713,0.658,-104.508
1427.9,52.10,85.7,0.0,-1.0,4,478.960,0.635,-105.624
1427.9,52.44,85.7,0.0,-1.8,4,476.316,0.602,-107.309
1427.9,52.65,85.7,0.0,-3.4,4,474.545,0.582,-108.440
1438.5,52.97,86.0,0.0,-4.7,4,471.881,0.550,-110.155
1438.5,53.20,85.9,0.0,-4.7,4,470.100,0.529,-111.312
1438.5,53.51,86.0,0.0,-4.9,4,467.427,0.502,-113.074
1438.5,53.74,86.1,0.0,-4.8,4,465.645,0.486,-114.266
1449.6,54.05,86.2,0.0,-5.6,4,462.973,0.462,-116.084
1449.6,54.25,86.1,0.0,-6.8,4,461.192,0.445,-117.316
1449.6,54.54,86.2,0.0,-8.7,4,458.527,0.420,-119.199
1449.6,54.74,86.2,0.0,-9.5,4,456.755,0.401,-120.478
1460.9,55.02,86.2,0.0,-10.2,4,454.106,0.369,-122.433
1460.9,55.22,86.3,0.0,-10.0,4,452.351,0.351,-123.766
1460.9,55.49,86.3,0.0,-8.8,4,449.735,0.325,-125.811
1460.9,55.77,86.4,0.0,-8.4,4,447.144,0.303,-127.915
1472.4,55.97,86.4,0.0,-9.2,4,445.431,0.290,-129.349
1472.4,56.24,86.5,0.0,-9.9,4,442.882,0.268,-131.546
1472.4,56.41,86.6,0.0,-10.5,4,441.199,0.256,-133.043
1472.4,56.69,86.6,0.0,-8.7,4,438.699,0.242,-135.336
1484.0,56.87,86.7,0.0,-8.0,4,437.049,0.235,-136.897
1484.0,57.15,86.6,0.0,-7.7,4,434.598,0.227,-139.281
1484.0,57.33,86.7,0.0,-8.1,4,432.978,0.222,-140.899
1484.0,57.61,86.8,0.0,-7.8,4,430.569,0.214,-143.365
1495.9,57.79,86.7,0.0,-7.3,4,428.977,0.209,-145.036
1495.9,58.06,86.8,0.0,-6.9,4,426.611,0.202,-147.581
1495.9,58.23,86.9,0.0,-6.9,4,425.049,0.198,-149.304
1495.9,58.50,86.9,0.0,-6.4,4,422.728,0.194,-151.926
1507.7,58.68,86.9,0.0,-5.8,4,421.196,0.194,-153.699
1507.7,58.94,86.9,0.0,-5.8,4,418.920,0.198,-156.394
1507.7,59.20,87.0,0.0,-6.0,4,416.665,0.202,-159.127
1507.7,59.36,87.0,0.0,-5.9,0,415.174,0.202,-160.971
1519.6,59.32,85.2,0.0,-5.9,5,412.962,0.198,-163.761
1519.6,59.47,85.3,0.0,-5.7,5,411.506,0.195,-165.637
1519.6,59.70,85.4,0.0,-6.2,5,409.343,0.187,-168.484
1519.6,59.87,85.4,0.0,-6.4,5,407.915,0.179,-170.402
1531.4,60.09,85.5,0.0,-8.0,5,405.798,0.165,-173.311
1531.4,60.25,85.5,0.0,-7.1,5,404.405,0.156,-175.273
1531.4,60.48,85.5,0.0,-5.8,5,402.340,0.140,-178.249
1531.4,60.64,85.5,0.0,-5.4,5,400.979,0.126,-180.253
1543.4,60.88,85.6,0.0,-4.7,5,398.965,0.105,-183.291
1543.4,61.03,85.6,0.0,-4.2,5,397.639,0.091,-185.336
1543.4,61.27,85.7,0.0,-3.7,5,395.673,0.069,-188.433
1543.4,61.50,85.7,0.0,-3.5,5,393.729,0.049,-191.561
1555.6,61.66,85.7,0.0,-3.3,5,392.446,0.038,-193.663
1555.6,61.89,85.8,0.0,-2.7,5,390.535,0.023,-196.838
1555.6,62.05,85.8,0.0,-2.3,5,389.271,0.014,-198.970
1555.6,62.28,85.8,0.0,-1.9,5,387.385,0.003,-202.188
1568.0,62.44,85.9,0.0,-1.6,5,386.134,-0.004,-204.346
1568.0,62.67,86.0,0.0,-1.4,5,384.266,-0.010,-207.601
1568.0,62.83,86.0,0.0,-1.3,5,383.026,-0.014,-209.782
1568.0,63.05,86.0,0.0,-0.8,5,381.172,-0.019,-213.072
1580.5,63.21,86.0,0.0,-0.6,5,379.938,-0.022,-215.275
1580.5,63.45,86.1,0.0,-1.2,5,378.090,-0.026,-218.595
1580.5,63.60,86.1,0.0,-1.3,5,376.859,-0.028,-220.817
1580.5,63.82,86.1,0.0,-1.4,5,375.014,-0.030,-224.165
1593.2,63.97,86.1,0.0,-1.3,5,373.786,-0.030,-226.406
1593.2,64.20,86.2,0.0,-1.1,5,371.946,-0.031,-229.782
1593.2,64.34,86.2,0.0,-0.9,5,370.722,-0.033,-232.042
1593.2,64.56,86.2,0.0,-0.7,5,368.888,-0.036,-235.446
1606.0,64.79,86.2,0.0,-0.9,5,367.056,-0.043,-238.867
1606.0,64.92,86.2,0.0,-0.9,5,365.837,-0.049,-241.156
1606.0,65.14,86.3,0.0,-0.9,5,364.010,-0.059,-244.604
1606.0,65.29,86.3,0.0,-0.8,5,362.794,-0.067,-246.912
1619.0,65.50,86.4,0.0,-1.0,5,360.973,-0.080,-250.387
1619.0,65.64,86.4,0.0,-1.1,5,359.761,-0.090,-252.713
1619.0,65.85,86.4,0.0,-1.1,5,357.947,-0.105,-256.215
1619.0,65.99,86.5,0.0,-1.1,5,356.740,-0.114,-258.559
1632.1,66.20,86.5,0.0,-1.0,5,354.934,-0.130,-262.089
1632.1,66.34,86.5,0.0,-1.0,5,353.732,-0.140,-264.451
1632.1,66.54,86.6,0.0,-1.2,5,351.934,-0.156,-268.009
1632.1,66.68,86.6,0.0,-1.1,5,350.737,-0.167,-270.389
1645.4,66.89,86.6,0.0,-0.6,5,348.944,-0.184,-273.972
1645.4,67.03,86.6,0.0,-0.4,5,347.751,-0.194,-276.370
1645.4,67.22,86.6,0.0,-0.3,5,345.963,-0.211,-279.979
1645.4,67.35,86.7,0.0,-0.3,5,344.773,-0.222,-282.392
1658.8,67.56,86.7,0.0,-0.4,5,342.987,-0.241,-286.024
1658.8,67.75,86.7,0.0,-0.3,5,341.200,-0.262,-289.668
1658.8,67.88,86.7,0.0,-0.2,5,340.009,-0.277,-292.105
1672.4,68.08,86.8,0.0,-0.1,5,338.219,-0.299,-295.770
1672.4,68.21,86.8,0.0,-0.0,5,337.025,-0.313,-298.220
1672.4,68.41,86.8,0.0,0.1,5,335.230,-0.342,-301.903
1672.4,68.52,86.8,0.0,0.1,5,334.032,-0.359,-304.365
1686.0,68.71,86.9,0.0,0.1,5,332.231,-0.379,-308.067
1686.0,68.84,86.9,0.0,0.1,5,331.029,-0.392,-310.540
1686.0,69.02,86.9,0.0,0.0,5,329.220,-0.416,-314.259
1686.0,69.14,86.9,0.0,0.0,5,328.012,-0.433,-316.744
1699.8,69.32,86.9,0.0,-0.1,5,326.196,-0.458,-320.479
1699.8,69.44,86.9,0.0,-0.1,5,324.982,-0.474,-322.974
1699.8,69.62,87.0,0.0,-0.1,5,323.158,-0.497,-326.726
1699.8,69.74,87.0,0.0,-0.0,5,321.939,-0.513,-329.232
1713.7,69.91,87.0,0.0,-0.0,5,320.109,-0.537,-333.000
1713.7,70.09,87.1,0.0,0.0,0,318.274,-0.561,-336.778
1713.7,70.01,0.0,0.0,-0.0,0,317.050,-0.577,-339.299
1713.7,70.11,85.9,0.0,-0.2,6,315.216,-0.601,-343.079
1727.7,70.22,85.9,0.0,-0.2,6,313.991,-0.617,-345.604
1727.7,70.39,85.9,0.0,-0.2,6,312.151,-0.641,-349.400
1727.7,70.50,85.9,0.0,-0.1,6,310.922,-0.658,-351.936
1727.7,70.67,85.9,0.0,-0.1,6,309.077,-0.683,-355.747
1741.8,70.78,86.0,0.0,-0.0,6,307.845,-0.700,-358.294
1741.8,70.95,86.0,0.0,-0.0,6,305.995,-0.728,-362.122
1741.8,71.05,86.0,0.0,-0.1,6,304.760,-0.747,-364.679
1741.8,71.22,86.0,0.0,-0.1,6,302.905,-0.776,-368.522
1756.0,71.33,86.0,0.0,-0.2,6,301.666,-0.797,-371.090
1756.0,71.48,86.1,0.0,-0.1,6,299.806,-0.827,-374.949
1756.0,71.59,86.1,0.0,-0.1,6,298.564,-0.848,-377.526
1756.0,71.75,86.1,0.0,-0.2,6,296.698,-0.882,-381.400
1770.4,71.86,86.1,0.0,-0.2,6,295.453,-0.904,-383.988
1770.4,72.01,86.1,0.0,-0.1,6,293.582,-0.937,-387.877
1770.4,72.17,86.2,0.0,-0.0,6,291.709,-0.969,-391.776
1770.4,72.27,86.2,0.0,0.1,6,290.458,-0.990,-394.379
1784.8,72.43,86.2,0.0,0.1,6,288.579,-1.022,-398.292
1784.8,72.53,86.2,0.0,0.0,6,287.324,-1.044,-400.905
1784.8,72.68,86.2,0.0,-0.1,6,285.438,-1.079,-404.832
1784.8,72.78,86.3,0.0,-0.1,6,284.179,-1.102,-407.454
1799.3,72.93,86.3,0.0,-0.0,6,282.285,-1.130,-411.393
1799.3,73.02,86.3,0.0,0.0,6,281.020,-1.148,-414.024
1799.3,73.18,86.3,0.0,0.2,6,279.119,-1.176,-417.976
1799.3,73.28,86.3,0.0,0.3,6,277.848,-1.195,-420.615
1813.9,73.42,86.4,0.0,0.3,6,275.938,-1.223,-424.579
1813.9,73.52,86.4,0.0,0.3,6,274.662,-1.243,-427.227
1813.9,73.67,86.4,0.0,0.3,6,272.742,-1.273,-431.203
1813.9,73.76,86.4,0.0,0.3,6,271.459,-1.293,-433.857
1828.6,73.91,86.4,0.0,0.2,6,269.530,-1.324,-437.845
1828.6,74.05,86.5,0.0,0.2,6,267.593,-1.354,-441.838
1828.6,74.14,86.6,0.0,0.2,6,266.298,-1.374,-444.504
1828.6,74.28,86.7,0.0,0.3,6,264.349,-1.402,-448.507
1843.5,74.38,86.8,0.0,0.4,6,263.046,-1.421,-451.179
1843.5,74.51,86.9,0.0,0.4,6,261.085,-1.449,-455.192
1843.5,74.60,87.0,0.0,0.4,6,259.774,-1.466,-457.870
1843.5,74.74,87.1,0.0,0.5,6,257.800,-1.492,-461.892
1858.4,74.83,87.2,0.0,0.5,6,256.480,-1.509,-464.576
1858.4,74.97,87.3,0.0,0.3,6,254.492,-1.538,-468.606
1858.4,75.06,87.4,0.0,0.3,6,253.163,-1.555,-471.296
1858.4,75.19,87.5,0.0,0.3,6,251.161,-1.582,-475.334
1873.4,75.28,87.6,0.0,0.4,6,249.822,-1.600,-478.029
1873.4,75.40,87.7,0.0,0.4,6,247.806,-1.625,-482.074
1873.4,75.50,87.7,0.0,0.4,6,246.458,-1.641,-484.774
1873.4,75.62,87.9,0.0,0.2,6,244.428,-1.666,-488.828
1888.5,75.71,87.9,0.0,0.2,6,243.071,-1.681,-491.533
1888.5,75.83,88.0,0.0,0.3,6,241.029,-1.704,-495.595
1888.5,75.96,88.1,0.0,0.6,6,238.980,-1.726,-499.661
1888.5,76.04,88.2,0.0,0.5,6,237.610,-1.740,-502.375
1903.6,76.17,88.3,0.0,0.3,6,235.550,-1.765,-506.450
1903.6,76.25,88.3,0.0,0.3,6,234.173,-1.780,-509.169
1903.6,76.37,88.4,0.0,0.3,6,232.102,-1.803,-513.252
1903.6,76.45,88.5,0.0,0.3,6,230.717,-1.818,-515.977
1918.9,76.57,88.6,0.0,0.2,6,228.635,-1.843,-520.068
1918.9,76.66,88.6,0.0,0.2,6,227.243,-1.860,-522.798
1918.9,76.77,88.8,0.0,0.2,6,225.150,-1.885,-526.897
1918.9,76.84,88.8,0.0,0.1,6,223.752,-1.900,-529.632
1934.2,76.96,88.9,0.0,-0.1,6,221.650,-1.920,-533.739
1934.2,77.05,89.0,0.0,-0.1,6,220.246,-1.935,-536.480
1934.2,77.16,89.1,0.0,-0.2,6,218.137,-1.960,-540.597
1934.2,77.24,89.1,0.0,-0.3,6,216.729,-1.979,-543.345
1949.6,77.36,89.2,0.0,-0.3,6,214.616,-2.014,-547.474
1949.6,77.47,89.3,0.0,-0.4,6,212.503,-2.054,-551.609
1949.6,77.54,89.3,0.0,-0.4,6,211.094,-2.083,-554.371
1965.1,77.66,89.4,0.0,-0.4,6,208.983,-2.128,-558.521
1965.1,77.73,89.5,0.0,-0.4,6,207.577,-2.158,-561.291
1965.1,77.83,89.6,0.0,-0.5,6,205.469,-2.208,-565.455
1965.1,77.91,89.6,0.0,-0.5,6,204.066,-2.241,-568.236
1980.7,78.02,89.7,0.0,-0.5,6,201.964,-2.292,-572.414
1980.7,78.09,89.8,0.0,-0.4,6,200.564,-2.326,-575.204
1980.7,78.19,89.9,0.0,-0.4,6,198.468,-2.379,-579.397
1980.7,78.27,89.9,0.0,-0.4,6,197.073,-2.415,-582.198
1996.3,78.37,90.0,0.0,-0.3,6,194.984,-2.470,-586.407
1996.3,78.44,90.0,0.0,-0.3,6,193.592,-2.505,-589.217
1996.3,78.39,0.0,0.0,-0.1,0,191.508,-2.557,-593.437
1996.3,78.40,89.2,0.0,0.2,7,190.123,-2.595,-596.249
2012.0,78.50,89.3,0.0,0.4,7,188.046,-2.652,-600.473
2012.0,78.57,89.4,0.0,0.4,7,186.661,-2.689,-603.292
2012.0,78.68,89.4,0.0,0.4,7,184.579,-2.747,-607.525
2012.0,78.77,89.5,0.0,0.6,7,182.492,-2.801,-611.761
2027.7,78.83,89.6,0.0,0.8,7,181.096,-2.835,-614.587
2027.7,78.94,89.6,0.0,0.9,7,178.994,-2.888,-618.827
2027.7,79.00,89.7,0.0,1.0,7,177.587,-2.924,-621.654
2027.7,79.09,89.8,0.0,1.0,7,175.464,-2.971,-625.895
2043.5,79.16,89.8,0.0,1.0,7,174.040,-2.999,-628.722
2043.5,79.26,89.9,0.0,1.0,7,171.892,-3.039,-632.961
2043.5,79.33,89.9,0.0,1.1,7,170.451,-3.064,-635.786
2043.5,79.42,90.0,0.0,1.0,7,168.277,-3.099,-640.023
2059.4,79.48,90.0,0.0,0.9,7,166.819,-3.121,-642.847
2059.4,79.58,90.1,0.0,1.0,7,164.619,-3.150,-647.081
2059.4,79.64,90.1,0.0,1.1,7,163.145,-3.167,-649.904
2059.4,79.73,90.2,0.0,0.8,7,160.924,-3.187,-654.136
2075.3,79.82,90.3,0.0,0.4,7,158.689,-3.202,-658.368
2075.3,79.88,90.3,0.0,1.2,7,157.191,-3.210,-661.189
2075.3,79.94,90.3,0.0,2.1,7,155.688,-3.215,-664.010
2075.3,80.02,90.4,0.0,2.6,7,153.418,-3.219,-668.237
2091.2,80.11,90.5,0.0,2.0,7,151.128,-3.219,-672.460
2091.2,80.16,90.5,0.0,1.6,7,149.587,-3.216,-675.271
2091.2,80.24,90.6,0.0,1.5,7,147.255,-3.208,-679.480
2091.2,80.30,90.6,0.0,1.5,7,145.688,-3.201,-682.282
2107.2,80.38,90.7,0.0,1.0,7,143.319,-3.186,-686.480
2107.2,80.43,90.7,0.0,1.2,7,141.729,-3.175,-689.275
2107.2,80.51,90.7,0.0,1.0,7,139.330,-3.152,-693.465
2107.2,80.56,90.8,0.0,0.6,7,137.723,-3.134,-696.257
2123.3,80.64,90.8,0.0,0.3,7,135.300,-3.103,-700.442
2123.3,80.70,90.9,0.0,0.1,7,133.678,-3.080,-703.231
2123.3,80.77,90.9,0.0,0.5,7,131.237,-3.041,-707.415
2123.3,80.85,91.0,0.0,1.0,7,128.788,-2.998,-711.600
2139.4,80.90,91.0,0.0,1.2,7,127.150,-2.966,-714.389
2139.4,80.97,91.1,0.0,1.6,7,124.684,-2.911,-718.572
2139.4,81.02,91.1,0.0,1.8,7,123.032,-2.872,-721.358
2139.4,81.08,91.2,0.0,2.4,7,120.539,-2.808,-725.533
2155.5,81.13,77.1,0.0,2.5,7,118.865,-2.762,-728.312
2155.5,80.89,6.4,53.0,2.1,7,116.339,-2.686,-732.467
2155.5,80.22,0.0,76.6,1.9,7,114.652,-2.630,-735.215
2155.5,78.90,0.0,88.4,1.6,7,112.138,-2.543,-739.276
2171.5,77.95,0.0,90.2,1.3,7,110.475,-2.482,-741.938
2171.5,76.52,0.0,92.2,1.0,7,108.002,-2.388,-745.859
2171.5,75.53,0.0,91.2,1.0,7,106.369,-2.326,-748.426
2171.5,74.13,0.0,93.9,1.7,7,103.943,-2.232,-752.205
2186.7,73.13,0.0,91.3,2.2,7,102.341,-2.171,-754.678
2186.7,71.76,37.6,95.0,2.8,0,99.960,-2.080,-758.315
2186.7,70.81,0.0,95.3,2.9,6,98.386,-2.025,-760.695
2186.7,69.26,0.0,89.4,0.8,6,96.048,-1.950,-764.189
2201.0,67.87,0.0,89.4,-0.4,6,93.726,-1.871,-767.587
2201.0,66.93,0.0,90.5,-0.1,6,92.186,-1.819,-769.802
2201.0,65.51,0.0,90.3,-0.1,6,89.893,-1.745,-773.049
2201.0,64.58,0.0,89.7,0.9,6,88.376,-1.694,-775.165
2214.2,63.22,37.8,91.5,2.7,0,86.120,-1.618,-778.267
2214.2,62.28,0.0,90.9,2.7,5,84.630,-1.569,-780.289
2214.2,60.91,0.0,91.2,2.0,5,82.417,-1.499,-783.251
2214.2,59.97,0.0,90.2,2.2,5,80.957,-1.454,-785.180
2226.5,58.61,0.0,90.1,2.0,5,78.788,-1.390,-788.003
2226.5,57.70,0.0,88.4,2.4,5,77.356,-1.349,-789.838
2226.5,56.37,0.0,86.2,3.1,5,75.228,-1.290,-792.520
2226.5,55.51,0.0,88.4,3.8,0,73.820,-1.252,-794.262
2237.9,54.24,0.0,88.8,3.9,4,71.724,-1.199,-796.804
2237.9,53.36,0.0,79.8,3.6,4,70.337,-1.164,-798.451
2237.9,52.18,0.0,62.1,2.5,4,68.269,-1.112,-800.850
2237.9,51.51,0.0,41.3,1.6,4,66.894,-1.079,-802.404
2248.4,50.80,0.0,21.8,0.2,4,64.824,-1.029,-804.670
2248.4,50.32,0.0,13.4,2.0,4,62.732,-0.979,-806.867
2248.4,50.07,0.0,11.4,4.7,4,61.322,-0.946,-808.296
2258.4,49.74,0.0,10.2,9.7,4,59.181,-0.896,-810.389
2258.4,49.53,0.0,9.2,12.0,4,57.738,-0.862,-811.754
2258.4,49.23,0.0,9.1,15.6,4,55.554,-0.811,-813.755
2258.4,49.03,0.0,7.8,16.9,4,54.083,-0.777,-815.059
2268.1,48.74,0.0,6.8,17.8,4,51.855,-0.726,-816.967
2268.1,48.55,0.0,4.9,17.6,4,50.353,-0.693,-818.204
2268.1,48.29,0.0,4.3,16.8,4,48.075,-0.643,-820.006
2268.1,48.11,0.0,2.9,16.6,4,46.537,-0.610,-821.169
2277.7,47.87,0.0,0.2,17.0,4,44.204,-0.561,-822.857
2277.7,47.72,0.7,0.0,18.0,4,42.631,-0.528,-823.943
2277.7,47.53,10.8,0.0,19.0,4,40.245,-0.481,-825.515
2277.7,47.36,11.1,0.0,20.5,4,37.825,-0.433,-827.015
2287.4,47.26,11.1,0.0,21.3,4,36.195,-0.401,-827.975
2287.4,47.08,9.0,0.0,22.8,4,33.724,-0.353,-829.355
2287.4,46.97,9.2,0.0,23.4,4,32.061,-0.321,-830.235
2287.4,46.77,5.8,0.0,24.9,4,29.547,-0.274,-831.495
2297.0,46.65,9.3,0.0,25.0,4,27.857,-0.242,-832.293
2297.0,46.47,10.2,0.0,24.5,4,25.304,-0.195,-833.428
2297.0,46.31,10.6,0.0,23.6,4,22.730,-0.147,-834.485
2297.0,46.19,8.3,0.0,23.0,4,21.002,-0.114,-835.146
2306.7,46.02,9.2,0.0,23.2,4,18.396,-0.065,-836.075
2306.7,45.90,4.8,0.0,23.9,4,16.651,-0.034,-836.652
2306.7,45.71,9.6,0.0,25.2,4,14.023,0.012,-837.454
2306.7,45.59,8.5,0.0,25.4,4,12.264,0.043,-837.947
2316.2,45.43,11.3,0.0,24.3,4,9.618,0.089,-838.620
2316.2,45.32,7.6,0.0,23.4,4,7.849,0.120,-839.025
2316.2,45.14,7.5,0.0,22.1,4,5.190,0.168,-839.567
2316.2,45.03,4.6,0.0,21.1,4,3.415,0.199,-839.887
2325.7,44.83,6.0,0.0,19.4,4,0.752,0.244,-840.304
2325.7,44.72,4.4,0.0,18.4,4,-1.023,0.273,-840.540
2325.7,44.53,5.2,0.0,18.2,4,-3.684,0.316,-840.831
2325.7,44.41,5.6,0.0,17.8,4,-5.457,0.344,-840.984
2335.1,44.24,6.0,0.0,16.0,4,-8.111,0.384,-841.154
2335.1,44.08,3.3,0.2,14.8,4,-10.759,0.423,-841.253
2335.1,43.97,12.4,0.0,14.9,4,-12.519,0.448,-841.281
2335.1,44.02,58.7,0.0,15.6,4,-15.157,0.483,-841.269
2344.4,44.15,69.2,0.0,15.7,4,-16.920,0.506,-841.226
2344.4,44.03,3.5,26.2,16.3,4,-19.566,0.537,-841.111
2344.4,43.68,0.0,26.8,16.4,0,-21.318,0.557,-841.002
2344.4,43.30,6.1,1.1,14.7,3,-23.918,0.584,-840.792
2353.5,43.25,39.6,0.0,13.5,3,-25.639,0.600,-840.620
2353.5,43.55,84.9,0.0,13.6,3,-28.223,0.622,-840.310
2353.5,43.80,82.4,0.0,14.4,3,-29.952,0.635,-840.070
2353.5,44.16,81.7,0.0,16.0,3,-32.558,0.653,-839.658
2362.8,44.41,83.6,0.0,17.3,3,-34.302,0.664,-839.349
2362.8,44.78,85.2,0.0,19.1,3,-36.926,0.681,-838.831
2362.8,45.01,84.2,0.0,19.5,3,-38.680,0.692,-838.449
2362.8,45.37,80.7,0.0,19.4,3,-41.317,0.709,-837.819
2372.3,45.56,73.2,0.0,19.3,3,-43.076,0.719,-837.361
2372.3,45.81,67.7,0.0,19.3,3,-45.714,0.733,-836.617
2372.3,46.05,72.5,0.0,20.2,3,-48.346,0.745,-835.803
2372.3,46.22,75.9,0.0,21.0,3,-50.097,0.752,-835.221
2381.9,46.51,75.8,0.0,21.2,3,-52.717,0.762,-834.286
2381.9,46.69,77.2,0.0,21.8,3,-54.458,0.769,-833.623
2381.9,46.96,79.4,0.0,22.4,3,-57.061,0.778,-832.568
2381.9,47.16,82.6,0.0,22.7,3,-58.791,0.781,-831.826
2391.7,47.48,86.4,0.0,22.4,3,-61.376,0.784,-830.653
2391.7,47.68,86.8,0.0,22.1,3,-63.093,0.785,-829.832
2391.7,48.00,87.1,0.0,21.9,3,-65.654,0.785,-828.537
2391.7,48.20,87.5,0.0,22.1,3,-67.352,0.784,-827.633
2401.4,48.48,80.1,0.0,22.7,3,-69.883,0.781,-826.217
2401.4,48.65,76.5,0.0,23.3,3,-71.557,0.777,-825.232
2401.4,48.79,0.0,0.0,24.8,0,-74.046,0.769,-823.695
2401.4,48.70,68.3,0.0,26.0,4,-75.682,0.764,-822.634
2411.2,48.90,80.0,0.0,26.9,4,-78.100,0.754,-820.987
2411.2,49.13,76.4,0.0,28.0,4,-80.488,0.741,-819.270
2411.2,49.25,63.7,0.0,28.5,4,-82.061,0.732,-818.088
2411.2,49.32,52.4,0.0,29.3,4,-83.616,0.722,-816.877
2420.9,49.42,66.2,0.0,31.6,4,-85.913,0.707,-815.007
2420.9,49.64,76.4,0.0,33.2,4,-88.170,0.688,-813.075
2420.9,49.76,67.0,0.0,33.3,4,-89.654,0.675,-811.752
2430.5,49.88,39.9,0.0,33.7,4,-91.844,0.653,-809.717
2430.5,49.81,13.6,0.0,34.4,4,-93.276,0.636,-808.330
2430.5,49.64,13.4,0.0,36.5,4,-95.374,0.611,-806.209
2430.5,49.52,13.4,0.0,36.2,4,-96.737,0.594,-804.768
2440.0,49.35,13.3,0.0,36.3,4,-98.728,0.569,-802.569
2440.0,49.33,49.6,0.0,35.8,4,-100.019,0.551,-801.077
2440.0,49.40,53.0,0.0,33.1,4,-101.910,0.522,-798.798
2440.0,49.48,70.7,0.0,31.1,4,-103.138,0.502,-797.249
2449.4,49.74,85.3,0.0,29.2,4,-104.938,0.471,-794.880
2449.4,49.92,85.3,0.0,28.1,4,-106.110,0.449,-793.269
2449.4,50.18,85.4,0.0,28.0,4,-107.829,0.413,-790.807
2449.4,50.43,85.6,0.0,27.9,4,-109.503,0.372,-788.295
2459.3,50.65,85.4,0.0,25.4,4,-110.596,0.340,-786.595
2459.3,50.90,82.7,0.0,18.5,4,-112.193,0.287,-784.002
2459.3,51.02,70.7,0.0,12.8,4,-113.226,0.250,-782.245
2459.3,51.20,80.3,0.0,2.9,4,-114.723,0.195,-779.570
2469.2,51.32,66.2,0.0,-2.3,4,-115.689,0.157,-777.762
2469.2,51.55,73.3,0.0,-11.7,4,-117.095,0.097,-775.015
2469.2,51.65,70.8,0.0,-14.1,4,-118.004,0.052,-773.163
2469.2,51.96,86.2,0.0,-20.2,4,-119.339,-0.028,-770.359
2479.6,52.21,86.2,0.0,-21.7,4,-120.209,-0.083,-768.467
2479.6,52.53,86.4,0.0,-13.4,4,-121.495,-0.168,-765.603
2479.6,52.75,86.4,0.0,-5.1,4,-122.355,-0.226,-763.682
2479.6,53.09,86.5,0.0,2.4,4,-123.671,-0.314,-760.795
2490.3,53.29,86.8,0.0,2.7,4,-124.568,-0.375,-758.868
2490.3,53.64,86.9,0.0,0.1,4,-125.940,-0.473,-755.971
2490.3,53.97,87.0,0.0,-4.3,4,-127.345,-0.575,-753.066
2490.3,54.18,87.1,0.0,-5.6,4,-128.299,-0.641,-751.127
2501.3,55.15,87.6,0.0,-4.4,4,-132.764,-0.944,-742.363
2501.3,55.34,87.7,0.0,-3.7,4,-133.799,-1.012,-740.412
2512.5,55.66,87.8,0.0,-2.8,4,-135.382,-1.111,-737.483
2512.5,55.88,87.9,0.0,-3.2,4,-136.455,-1.180,-735.529
2512.5,56.20,88.0,0.0,-3.3,4,-138.091,-1.294,-732.594
2523.9,56.51,88.1,0.0,-2.3,4,-139.758,-1.419,-729.655
2523.9,56.71,88.3,0.0,-3.1,4,-140.887,-1.503,-727.694
2523.9,57.03,88.4,0.0,-3.1,4,-142.603,-1.635,-724.748
2523.9,57.23,88.5,0.0,-3.7,4,-143.763,-1.728,-722.781
2535.5,57.55,88.6,0.0,-4.0,4,-145.528,-1.873,-719.828
2535.5,57.76,88.7,0.0,-2.9,4,-146.723,-1.969,-717.858
2535.5,58.06,88.8,0.0,-1.8,4,-148.541,-2.114,-714.902
2535.5,58.26,88.9,0.0,-2.0,4,-149.769,-2.211,-712.929
2547.2,58.56,89.0,0.0,-3.6,4,-151.633,-2.359,-709.966
2547.2,58.75,89.1,0.0,-3.9,4,-152.892,-2.457,-707.989
2547.2,59.04,89.2,0.0,-3.4,4,-154.806,-2.600,-705.023
2547.2,59.23,89.3,0.0,-2.9,4,-156.100,-2.692,-703.045
2559.1,59.52,89.4,0.0,-2.7,4,-158.066,-2.827,-700.078
2559.1,59.61,0.0,0.0,-2.4,0,-159.394,-2.915,-698.101
2559.1,59.68,88.0,0.0,-1.5,5,-161.402,-3.045,-695.145
2559.1,59.85,88.1,0.0,-2.0,5,-162.753,-3.130,-693.175
2571.2,60.11,88.2,0.0,-2.5,5,-164.800,-3.251,-690.218
2571.2,60.37,88.3,0.0,-2.2,5,-166.871,-3.363,-687.258
2571.2,60.54,88.4,0.0,-2.1,5,-168.265,-3.433,-685.283
2571.2,60.80,88.5,0.0,-1.1,5,-170.375,-3.529,-682.319
2583.3,60.97,88.6,0.0,-0.5,5,-171.794,-3.588,-680.341
2583.3,61.22,88.7,0.0,-0.3,5,-173.940,-3.667,-677.371
2583.3,61.38,88.8,0.0,-0.4,5,-175.380,-3.712,-675.388
2583.3,61.63,88.9,0.0,-0.7,5,-177.554,-3.768,-672.406
2595.7,61.79,89.0,0.0,-0.8,5,-179.010,-3.798,-670.414
2595.7,62.04,89.1,0.0,-0.8,5,-181.207,-3.836,-667.419
2595.7,62.20,89.1,0.0,-0.8,5,-182.680,-3.857,-665.418
2595.7,62.44,89.2,0.0,-0.7,5,-184.901,-3.884,-662.411
2608.2,62.60,89.3,0.0,-0.7,5,-186.390,-3.901,-660.402
2608.2,62.84,89.4,0.0,-0.8,5,-188.635,-3.925,-657.382
2608.2,63.00,89.5,0.0,-0.8,5,-190.139,-3.938,-655.365
2608.2,63.23,89.5,0.0,-0.8,5,-192.408,-3.957,-652.334
2620.8,63.39,89.6,0.0,-0.7,5,-193.929,-3.967,-650.309
2620.8,63.62,89.7,0.0,-0.7,5,-196.223,-3.979,-647.267
2620.8,63.84,89.8,0.0,-0.9,5,-198.531,-3.987,-644.219
2620.8,63.99,89.8,0.0,-0.9,5,-200.077,-3.990,-642.184
2633.5,64.21,89.9,0.0,-0.8,5,-202.409,-3.993,-639.125
2633.5,64.36,90.0,0.0,-0.7,5,-203.971,-3.992,-637.083
2633.5,64.58,90.1,0.0,-0.7,5,-206.327,-3.985,-634.016
2633.5,64.72,90.1,0.0,-0.9,5,-207.905,-3.976,-631.968
2646.4,64.94,90.2,0.0,-1.0,5,-210.285,-3.959,-628.891
2646.4,65.07,90.3,0.0,-1.1,5,-211.879,-3.944,-626.838
2646.4,65.29,90.3,0.0,-1.4,5,-214.284,-3.922,-623.754
2646.4,65.43,90.4,0.0,-1.5,5,-215.897,-3.907,-621.696
2659.3,65.64,90.5,0.0,-1.8,5,-218.330,-3.884,-618.607
2659.3,65.78,90.5,0.0,-2.0,5,-219.963,-3.871,-616.548
2659.3,65.99,90.6,0.0,-2.1,5,-222.430,-3.851,-613.459
2659.3,66.20,90.7,0.0,-1.7,5,-224.917,-3.837,-610.371
2672.5,66.34,90.7,0.0,-1.9,5,-226.587,-3.831,-608.313
2672.5,66.54,90.8,0.0,-1.7,5,-229.109,-3.827,-605.226
2672.5,66.67,90.8,0.0,-1.5,5,-230.801,-3.828,-603.169
2672.5,66.87,90.9,0.0,-1.1,5,-233.357,-3.833,-600.084
2685.8,66.95,47.6,15.5,-1.1,5,-235.071,-3.840,-598.028
2685.8,66.49,0.0,53.4,-1.2,5,-237.647,-3.854,-594.958
2685.8,65.86,0.0,72.5,-1.2,5,-239.354,-3.867,-592.933
2685.8,64.68,0.0,83.9,-0.6,5,-241.888,-3.892,-589.942
2699.1,63.81,0.0,87.2,-0.1,5,-243.554,-3.911,-587.983
2699.1,62.49,0.0,89.6,0.0,5,-246.018,-3.943,-585.101
2699.1,61.58,0.0,90.0,0.1,5,-247.636,-3.967,-583.217
2699.1,60.23,0.0,89.9,0.1,5,-250.023,-4.005,-580.447
2711.6,59.33,0.0,89.9,0.1,5,-251.589,-4.032,-578.638
2711.6,57.99,0.0,90.8,0.1,5,-253.897,-4.072,-575.978
2711.6,57.09,0.0,90.4,0.3,5,-255.410,-4.099,-574.241
2711.6,55.77,0.0,91.2,0.2,5,-257.638,-4.140,-571.689
2723.1,54.41,0.0,89.6,0.1,0,-259.818,-4.180,-569.202
2723.1,53.56,33.8,91.4,-0.3,0,-261.245,-4.206,-567.579
2723.1,52.22,0.0,91.0,-0.7,4,-263.345,-4.247,-565.197
2723.1,51.35,0.0,91.3,-1.2,4,-264.719,-4.274,-563.645
2733.7,50.02,0.0,91.1,-1.8,4,-266.741,-4.316,-561.371
2733.7,49.14,0.0,91.0,-2.4,4,-268.063,-4.343,-559.890
2733.7,47.80,0.0,89.6,-2.7,4,-270.008,-4.383,-557.725
2733.7,46.94,0.0,90.2,-2.7,4,-271.281,-4.407,-556.319
2743.4,45.65,0.0,90.0,-2.7,0,-273.156,-4.443,-554.266
2743.4,44.81,35.8,90.5,-2.4,0,-274.384,-4.466,-552.936
2743.4,43.54,0.0,90.0,-2.1,3,-276.194,-4.499,-550.996
2743.4,42.68,0.0,89.1,-2.1,3,-277.378,-4.521,-549.741
2752.3,41.44,0.0,88.1,-1.3,3,-279.124,-4.553,-547.915
2752.3,40.62,0.0,87.4,-0.5,3,-280.267,-4.574,-546.735
2752.3,39.40,0.0,84.9,0.7,0,-281.955,-4.603,-545.026
2752.3,38.65,41.8,83.5,1.4,0,-283.063,-4.622,-543.924
2760.3,37.54,0.0,76.2,0.3,2,-284.705,-4.648,-542.331
2760.3,36.46,0.0,67.7,-0.3,2,-286.321,-4.674,-540.807
2760.3,35.77,0.0,64.0,0.6,2,-287.386,-4.690,-539.828
2767.6,34.83,0.0,61.2,1.6,2,-288.966,-4.714,-538.415
2767.6,34.21,0.0,59.5,1.6,2,-290.010,-4.730,-537.509
2767.6,33.29,0.0,60.9,1.2,2,-291.561,-4.753,-536.205
2767.6,32.68,0.0,61.3,0.8,2,-292.585,-4.768,-535.372
2774.2,31.76,0.0,60.7,2.7,2,-294.106,-4.788,-534.176
2774.2,31.15,0.0,55.9,-0.3,2,-295.108,-4.801,-533.413
2774.2,30.30,0.0,46.8,-2.0,2,-296.595,-4.820,-532.322
2774.2,29.78,0.0,42.2,1.9,2,-297.578,-4.832,-531.629
2780.1,29.09,0.0,39.1,-1.2,2,-299.041,-4.848,-530.639
2780.1,28.67,0.0,38.2,-10.5,2,-300.011,-4.858,-530.011
2780.1,28.05,0.0,36.6,-22.7,2,-301.460,-4.872,-529.116
2780.1,27.46,49.9,38.8,-17.6,0,-302.899,-4.884,-528.277
2785.5,27.08,0.0,37.8,-14.7,1,-303.853,-4.892,-527.745
2785.5,26.47,0.0,32.8,-11.9,1,-305.270,-4.902,-526.987
2785.5,26.10,0.0,28.6,-12.2,1,-306.205,-4.908,-526.505
2785.5,25.60,0.0,26.4,-15.4,1,-307.596,-4.917,-525.816
2790.7,25.29,0.0,21.7,-17.4,1,-308.516,-4.922,-525.380
2790.7,24.80,0.0,12.7,-23.4,1,-310.344,-4.929,-524.562
2790.7,24.59,0.0,12.1,-26.5,1,-311.255,-4.932,-524.180
2790.7,24.31,0.0,9.6,-35.1,1,-312.622,-4.935,-523.644
2796.2,24.12,0.0,9.7,-39.5,1,-313.533,-4.936,-523.314
2796.2,23.83,0.0,8.4,-39.6,1,-314.900,-4.935,-522.865
2796.2,23.65,0.0,6.4,-38.6,1,-315.811,-4.934,-522.597
2796.2,23.40,0.0,6.7,-37.7,1,-317.177,-4.931,-522.242
2802.1,23.20,0.0,6.0,-39.0,1,-318.088,-4.926,-522.039
2802.1,22.97,9.1,0.3,-45.2,1,-319.449,-4.914,-521.788
2802.1,22.96,32.1,0.0,-45.6,1,-320.357,-4.905,-521.653
2802.1,23.15,51.5,0.0,-45.7,1,-321.729,-4.900,-521.486
2807.9,23.49,46.5,0.0,-31.0,1,-323.122,-4.900,-521.364
2807.9,23.60,40.7,0.0,-30.0,1,-324.062,-4.895,-521.317
2807.9,23.61,10.7,3.8,-30.5,1,-325.478,-4.888,-521.295
2807.9,23.53,0.5,8.9,-29.9,1,-326.421,-4.890,-521.304
2813.5,23.23,0.0,2.8,-28.5,1,-327.825,-4.898,-521.360
2813.5,23.04,3.7,0.0,-23.4,1,-328.747,-4.895,-521.442
2813.5,22.90,8.0,0.0,-17.0,1,-330.114,-4.886,-521.618
2813.5,22.83,9.3,0.0,-16.2,1,-331.016,-4.880,-521.768
2818.7,22.77,18.3,0.0,-19.0,1,-332.356,-4.871,-522.041
2818.7,22.81,33.2,0.0,-25.0,1,-333.242,-4.865,-522.254
2818.7,23.05,49.2,0.0,-32.2,1,-334.567,-4.855,-522.620
2818.7,23.28,56.8,0.0,-36.0,1,-335.451,-4.848,-522.893
2823.6,23.69,68.8,0.0,-41.2,1,-336.785,-4.835,-523.343
2823.6,24.02,75.5,0.0,-43.1,1,-337.680,-4.825,-523.670
2823.6,24.51,66.0,0.0,-41.1,1,-339.033,-4.809,-524.206
2828.6,24.89,55.8,0.0,-35.0,1,-340.391,-4.791,-524.798
2828.6,25.15,58.8,0.0,-31.5,1,-341.296,-4.778,-525.224
2828.6,25.52,57.6,0.0,-30.0,1,-342.650,-4.758,-525.912
2828.6,25.73,51.0,0.0,-26.8,1,-343.549,-4.744,-526.403
2833.7,26.08,57.1,0.0,-19.9,1,-344.891,-4.722,-527.187
2833.7,26.36,62.4,0.0,-14.6,1,-345.781,-4.708,-527.740
2833.7,26.84,68.3,0.0,-4.1,1,-347.114,-4.686,-528.614
2833.7,27.20,77.2,0.0,2.7,1,-348.005,-4.671,-529.223
2839.0,27.85,81.6,0.0,8.6,1,-349.356,-4.650,-530.171
2839.0,28.29,77.0,0.0,9.4,1,-350.269,-4.634,-530.822
2839.0,28.76,52.4,0.0,15.9,1,-351.662,-4.611,-531.817
2839.0,28.93,39.1,0.0,17.5,1,-352.606,-4.596,-532.480
2844.7,29.08,30.6,0.0,14.7,1,-354.044,-4.573,-533.460
2844.7,29.17,32.1,0.0,13.7,1,-355.016,-4.559,-534.102
2844.7,29.33,35.6,0.0,15.1,1,-356.494,-4.539,-535.047
2844.7,29.52,39.5,0.0,18.2,1,-357.997,-4.520,-535.972
2850.6,29.63,35.0,0.0,23.6,1,-359.015,-4.508,-536.575
2850.6,29.74,27.8,0.0,30.9,1,-360.565,-4.492,-537.452
2850.6,29.75,23.6,0.0,33.9,1,-361.613,-4.482,-538.015
2850.6,29.76,26.1,0.0,35.4,1,-363.207,-4.469,-538.817
2856.7,29.78,21.4,0.0,34.9,1,-364.284,-4.462,-539.324
2856.7,29.71,11.0,0.0,35.4,1,-365.921,-4.452,-540.038
2856.7,29.62,11.5,0.0,36.2,1,-367.022,-4.446,-540.481
2856.7,29.53,15.0,0.0,37.6,1,-368.688,-4.439,-541.092
2862.9,29.45,9.0,0.0,37.6,1,-369.807,-4.435,-541.465
2862.9,29.34,17.6,0.0,38.2,1,-371.496,-4.432,-541.972
2862.9,29.35,35.6,0.0,39.9,1,-372.630,-4.431,-542.274
2862.9,29.49,51.2,0.0,42.0,1,-374.347,-4.432,-542.679
2870.2,29.67,50.3,0.0,41.8,1,-375.506,-4.435,-542.918
2870.2,29.98,75.0,0.0,36.6,1,-377.266,-4.436,-543.222
2870.2,30.26,60.0,0.0,26.2,1,-379.057,-4.436,-543.466
2870.2,30.43,40.8,0.0,16.4,1,-380.263,-4.438,-543.599
2877.1,30.56,34.3,0.0,10.1,1,-382.088,-4.439,-543.742
2877.1,30.58,21.9,0.0,6.5,1,-383.309,-4.442,-543.803
2877.1,30.50,17.3,0.0,-4.6,1,-385.142,-4.448,-543.840
2877.1,30.44,16.2,0.0,-19.6,1,-386.361,-4.451,-543.826
2885.0,30.35,15.5,0.0,-37.4,1,-388.183,-4.456,-543.755
2885.0,30.29,15.3,0.0,-43.2,1,-389.393,-4.458,-543.675
2885.0,30.24,25.9,0.0,-25.2,1,-391.201,-4.461,-543.516
2885.0,30.34,51.4,0.0,-4.8,1,-392.404,-4.463,-543.376
2891.7,30.71,58.5,0.0,24.1,1,-394.216,-4.465,-543.116
2891.7,30.96,59.9,0.0,39.0,1,-395.432,-4.466,-542.916
2891.7,31.30,63.1,0.0,49.5,1,-397.269,-4.467,-542.579
2891.7,31.52,64.2,0.0,52.3,1,-398.499,-4.467,-542.327
2898.2,31.82,58.2,0.0,52.0,1,-400.351,-4.468,-541.900
2898.2,31.97,42.5,0.0,48.3,1,-401.586,-4.471,-541.581
2898.2,32.07,41.5,0.0,42.9,1,-403.432,-4.477,-541.050
2898.2,32.15,32.4,0.0,38.4,1,-405.265,-4.488,-540.455
2904.6,32.14,25.3,0.0,33.7,1,-406.476,-4.496,-540.022
2904.6,32.07,20.1,0.0,26.7,1,-408.270,-4.512,-539.321
2904.6,32.00,19.4,0.0,21.9,1,-409.449,-4.524,-538.819
2904.6,31.90,18.2,0.0,7.3,1,-411.191,-4.545,-538.018
2910.6,31.84,17.9,0.0,-10.8,1,-412.333,-4.560,-537.452
2910.6,31.78,17.4,0.0,-29.8,1,-414.020,-4.585,-536.560
2910.6,31.74,17.0,0.0,-35.8,1,-415.129,-4.603,-535.940
2910.6,31.72,38.9,0.0,-15.2,1,-416.770,-4.630,-534.977
2916.6,31.93,77.2,0.0,2.4,1,-417.849,-4.648,-534.305
2916.6,32.15,17.9,0.0,27.8,1,-419.457,-4.675,-533.247
2916.6,32.11,17.4,0.0,35.7,1,-420.514,-4.693,-532.516
2916.6,32.25,76.0,0.0,42.0,1,-422.076,-4.720,-531.388
2922.7,32.61,87.3,0.0,45.4,1,-423.112,-4.737,-530.609
2922.7,32.78,0.0,0.0,44.0,0,-424.656,-4.762,-529.393
2922.7,33.07,84.1,0.0,37.9,2,-426.165,-4.785,-528.124
2922.7,33.36,75.0,0.0,29.4,2,-427.159,-4.799,-527.243
2929.1,33.70,65.2,0.0,19.7,2,-428.630,-4.819,-525.871
2929.1,33.85,46.4,0.0,12.7,2,-429.592,-4.832,-524.923
2929.1,34.04,50.6,0.0,0.4,2,-431.007,-4.852,-523.458
2929.1,34.25,68.8,0.0,-4.5,2,-431.931,-4.864,-522.454
2935.7,34.61,58.3,0.0,-11.3,2,-433.298,-4.881,-520.906
2935.7,34.82,71.7,0.0,-11.3,2,-434.199,-4.892,-519.849
2935.7,35.38,85.3,0.0,-5.1,2,-435.542,-4.908,-518.229
2935.7,35.76,85.4,0.0,2.1,2,-436.438,-4.919,-517.126
2942.7,36.25,85.8,0.0,11.5,2,-437.787,-4.935,-515.441
2942.7,36.61,85.7,0.0,13.3,2,-438.689,-4.946,-514.297
2942.7,37.16,85.6,0.0,10.0,2,-440.043,-4.963,-512.548
2942.7,37.49,85.0,0.0,7.0,2,-440.944,-4.975,-511.360
2949.8,37.95,84.8,0.0,7.0,2,-442.292,-4.990,-509.544
2949.8,38.26,85.5,0.0,8.2,2,-443.186,-5.002,-508.312
2949.8,38.75,86.6,0.0,10.2,2,-444.521,-5.019,-506.429
2957.3,39.23,86.7,0.0,11.6,2,-445.840,-5.031,-504.499
2957.3,39.53,86.8,0.0,12.5,2,-446.711,-5.037,-503.186
2957.3,40.02,86.9,0.0,13.4,2,-448.002,-5.044,-501.178
2957.3,40.33,86.8,0.0,13.4,2,-448.850,-5.048,-499.813
2965.0,40.49,0.0,0.0,12.4,0,-450.100,-5.055,-497.731
2965.0,40.59,85.1,0.0,11.3,3,-450.908,-5.060,-496.327
2965.0,41.01,85.3,0.0,10.0,3,-452.089,-5.062,-494.183
2965.0,41.26,85.4,0.0,9.4,3,-452.858,-5.063,-492.728
2973.0,41.64,85.6,0.0,8.3,3,-453.984,-5.067,-490.511
2973.0,41.89,63.0,0.0,6.7,3,-454.716,-5.072,-489.010
2973.0,42.20,84.6,0.0,6.7,3,-455.778,-5.079,-486.724
2973.0,42.46,85.6,0.0,8.0,3,-456.463,-5.085,-485.176
2981.1,42.89,85.7,0.0,10.0,3,-457.457,-5.095,-482.817
2981.1,43.17,85.7,0.0,11.3,3,-458.097,-5.104,-481.220
2981.1,43.58,85.8,0.0,13.5,3,-459.025,-5.120,-478.789
2981.1,43.99,85.9,0.0,15.5,3,-459.911,-5.139,-476.317
2989.5,44.24,86.0,0.0,16.1,3,-460.478,-5.154,-474.647
2989.5,44.65,86.1,0.0,15.4,3,-461.294,-5.179,-472.108
2989.5,44.92,86.2,0.0,14.6,3,-461.811,-5.197,-470.394
2989.5,45.30,86.3,0.0,13.9,3,-462.547,-5.226,-467.791
2998.3,46.31,86.5,0.0,13.1,3,-464.254,-5.318,-460.667
2998.3,46.55,86.6,0.0,13.0,3,-464.620,-5.344,-458.847
3007.3,46.92,86.7,0.0,12.7,3,-465.121,-5.383,-456.089
3007.3,47.16,86.7,0.0,12.6,3,-465.421,-5.410,-454.232
3007.3,47.53,86.7,0.0,12.8,3,-465.822,-5.450,-451.421
3007.3,47.78,86.8,0.0,13.6,3,-466.054,-5.476,-449.529
3016.6,48.13,86.8,0.0,15.8,3,-466.352,-5.515,-446.669
3016.6,48.49,86.9,0.0,15.3,3,-466.590,-5.553,-443.781
3016.6,48.73,86.9,0.0,14.3,3,-466.716,-5.579,-441.841
3016.6,49.08,87.0,0.0,12.9,3,-466.857,-5.619,-438.911
3026.2,49.32,87.0,0.0,13.3,3,-466.918,-5.645,-436.945
3026.2,49.39,0.0,0.0,15.5,0,-466.960,-5.684,-433.981
3026.2,49.49,85.1,0.0,15.8,4,-466.952,-5.709,-432.005
3026.2,49.79,85.2,0.0,15.4,4,-466.886,-5.746,-429.028
3036.2,49.99,85.3,0.0,15.0,4,-466.805,-5.770,-427.035
3036.2,50.28,85.4,0.0,14.5,4,-466.625,-5.803,-424.032
3036.2,50.48,85.5,0.0,13.1,4,-466.464,-5.824,-422.024
3036.2,50.78,85.5,0.0,11.5,4,-466.163,-5.852,-419.002
3046.7,50.97,85.6,0.0,11.3,4,-465.920,-5.869,-416.982
3046.7,51.27,85.8,0.0,12.0,4,-465.497,-5.891,-413.944
3046.7,51.45,86.0,0.0,12.5,4,-465.174,-5.905,-411.916
3046.7,51.74,86.1,0.0,13.2,4,-464.631,-5.924,-408.869
3057.8,51.97,86.6,0.0,12.3,4,-464.021,-5.943,-405.818
3057.8,52.17,57.4,0.0,11.5,4,-463.584,-5.964,-403.782
3057.8,52.38,84.4,0.0,10.8,4,-462.877,-6.002,-400.727
3057.8,52.55,86.6,0.0,10.6,4,-462.361,-6.026,-398.693
3068.9,52.81,86.7,0.0,12.1,4,-461.520,-6.059,-395.647
3068.9,52.99,86.7,0.0,14.0,4,-460.913,-6.077,-393.620
3068.9,53.25,86.9,0.0,17.3,4,-459.935,-6.100,-390.587
3068.9,53.44,87.0,0.0,18.5,4,-459.239,-6.114,-388.570
3079.9,53.72,87.1,0.0,17.4,4,-458.137,-6.133,-385.551
3079.9,53.90,87.2,0.0,15.8,4,-457.364,-6.146,-383.542
3079.9,54.18,87.4,0.0,11.9,4,-456.146,-6.165,-380.539
3079.9,54.36,87.5,0.0,9.6,4,-455.294,-6.176,-378.542
3090.5,54.66,87.5,0.0,7.7,4,-453.958,-6.188,-375.558
3090.5,54.85,87.6,0.0,7.7,4,-453.030,-6.195,-373.575
3090.5,55.13,87.8,0.0,8.2,4,-451.590,-6.204,-370.607
3101.3,55.43,87.9,0.0,8.1,4,-450.096,-6.216,-367.646
3101.3,55.63,88.0,0.0,7.9,4,-449.072,-6.225,-365.676
3101.3,55.92,88.1,0.0,7.4,4,-447.493,-6.239,-362.726
3101.3,56.11,88.2,0.0,7.4,4,-446.412,-6.247,-360.763
3112.4,56.40,88.3,0.0,7.5,4,-444.750,-6.260,-357.826
3112.4,56.60,88.4,0.0,7.7,4,-443.615,-6.269,-355.872
3112.4,56.88,88.5,0.0,7.9,4,-441.872,-6.281,-352.949
3112.4,57.06,88.6,0.0,8.0,4,-440.682,-6.287,-351.006
3123.7,57.34,88.7,0.0,8.4,4,-438.857,-6.296,-348.101
3123.7,57.53,88.8,0.0,7.9,4,-437.613,-6.303,-346.169
3123.7,57.80,88.9,0.0,7.4,4,-435.706,-6.312,-343.283
3123.7,57.98,89.0,0.0,6.7,4,-434.406,-6.317,-341.367
3135.1,58.24,89.1,0.0,5.3,4,-432.415,-6.323,-338.505
3135.1,58.52,89.2,0.0,4.5,4,-430.376,-6.327,-335.657
3135.1,58.68,89.4,0.0,3.7,4,-428.992,-6.327,-333.766
3135.1,58.95,89.4,0.0,2.8,4,-426.883,-6.324,-330.937
3146.9,59.14,89.5,0.0,2.2,4,-425.457,-6.319,-329.055
3146.9,59.39,89.7,0.0,1.5,0,-423.291,-6.308,-326.235
3146.9,59.36,0.0,0.0,1.1,0,-421.834,-6.302,-324.359
3146.9,59.54,88.2,0.0,0.2,5,-419.636,-6.290,-321.552
3158.8,59.69,88.3,0.0,-0.2,5,-418.160,-6.281,-319.679
3158.8,59.94,88.4,0.0,-0.7,5,-415.935,-6.267,-316.863
3158.8,60.10,88.5,0.0,-0.8,5,-414.445,-6.258,-314.981
3158.8,60.35,88.6,0.0,-0.9,5,-412.204,-6.243,-312.146
3170.9,60.51,88.7,0.0,-1.0,5,-410.707,-6.232,-310.249
3170.9,60.75,88.8,0.0,-1.1,5,-408.459,-6.216,-307.389
3170.9,60.91,88.8,0.0,-1.2,5,-406.959,-6.205,-305.474
3170.9,61.16,88.9,0.0,-1.2,5,-404.709,-6.188,-302.585
3183.1,61.39,89.0,0.0,-1.1,5,-402.458,-6.169,-299.679
3183.1,61.55,89.1,0.0,-1.0,5,-400.957,-6.157,-297.733
3183.1,61.77,89.2,0.0,-0.7,5,-398.705,-6.137,-294.798
3183.1,61.94,89.2,0.0,-0.6,5,-397.203,-6.124,-292.831
3195.4,62.17,89.4,0.0,-0.6,5,-394.950,-6.105,-289.868
3195.4,62.32,89.4,0.0,-0.6,5,-393.446,-6.091,-287.884
3195.4,62.56,89.5,0.0,-0.8,5,-391.190,-6.070,-284.894
3195.4,62.71,89.6,0.0,-0.7,5,-389.684,-6.057,-282.892
3207.8,62.94,89.7,0.0,-0.5,5,-387.422,-6.039,-279.878
3207.8,63.09,89.7,0.0,-0.4,5,-385.913,-6.025,-277.859
3207.8,63.31,89.8,0.0,-0.6,5,-383.645,-6.001,-274.821
3207.8,63.46,89.9,0.0,-0.4,5,-382.131,-5.983,-272.787
3220.5,63.69,90.0,0.0,-0.2,5,-379.857,-5.956,-269.726
3220.5,63.83,90.0,0.0,-0.1,5,-378.338,-5.938,-267.677
3220.5,64.05,90.1,0.0,-0.2,5,-376.056,-5.911,-264.594
3220.5,64.20,90.2,0.0,-0.1,5,-374.532,-5.894,-262.532
3233.3,64.42,90.2,0.0,-0.2,5,-372.240,-5.867,-259.429
3233.3,64.62,90.3,0.0,-0.0,5,-369.942,-5.836,-256.314
3233.3,64.77,90.3,0.0,0.1,5,-368.406,-5.814,-254.231
3233.3,64.99,90.4,0.0,0.3,5,-366.097,-5.779,-251.097
3246.3,65.13,90.5,0.0,0.4,5,-364.554,-5.756,-249.003
3246.3,65.33,90.6,0.0,0.6,5,-362.231,-5.719,-245.854
3246.3,65.47,90.6,0.0,0.5,5,-360.677,-5.693,-243.750
3246.3,65.67,90.7,0.0,0.4,5,-358.338,-5.652,-240.587
3259.3,65.81,90.7,0.0,0.4,5,-356.772,-5.623,-238.475
3259.3,66.02,90.8,0.0,0.4,5,-354.414,-5.581,-235.301
3259.3,66.15,90.9,0.0,0.3,5,-352.836,-5.552,-233.181
3259.3,66.36,90.9,0.0,0.3,5,-350.459,-5.511,-229.995
3272.6,66.49,91.0,0.0,0.3,5,-348.868,-5.485,-227.867
3272.6,66.69,91.0,0.0,0.3,5,-346.475,-5.451,-224.669
3272.6,66.82,91.1,0.0,0.2,5,-344.873,-5.426,-222.533
3272.6,67.01,91.2,0.0,0.1,5,-342.464,-5.386,-219.322
3285.9,67.21,91.2,0.0,0.2,5,-340.045,-5.343,-216.104
3285.9,67.34,91.3,0.0,0.2,5,-338.428,-5.314,-213.953
3285.9,67.53,91.3,0.0,0.1,5,-335.996,-5.268,-210.721
3285.9,67.65,91.4,0.0,-0.0,5,-334.370,-5.236,-208.561
3299.4,67.84,91.5,0.0,-0.1,5,-331.926,-5.190,-205.315
3299.4,67.96,91.5,0.0,-0.2,5,-330.292,-5.159,-203.146
3299.4,68.15,91.5,0.0,-0.2,5,-327.835,-5.109,-199.885
3299.4,68.27,91.6,0.0,-0.2,5,-326.194,-5.075,-197.706
3313.0,68.45,91.7,0.0,-0.3,5,-323.728,-5.022,-194.429
3313.0,68.57,91.7,0.0,-0.2,5,-322.081,-4.985,-192.240
3313.0,68.75,91.8,0.0,-0.2,5,-319.607,-4.930,-188.947
3326.7,68.92,91.8,0.0,-0.2,5,-317.128,-4.875,-185.645
3326.7,69.04,91.9,0.0,-0.2,5,-315.473,-4.838,-183.438
3326.7,69.21,91.9,0.0,-0.2,5,-312.987,-4.783,-180.119
3326.7,69.32,92.0,0.0,-0.2,5,-311.327,-4.746,-177.901
3340.6,69.49,92.0,0.0,-0.1,5,-308.835,-4.692,-174.565
3340.6,69.61,92.1,0.0,-0.1,5,-307.172,-4.655,-172.336
3340.6,69.77,92.1,0.0,-0.2,5,-304.673,-4.600,-168.984
3340.6,69.89,92.1,0.0,-0.2,5,-303.005,-4.562,-166.744
3354.5,69.97,0.0,0.0,-0.3,0,-300.501,-4.503,-163.376
3354.5,69.90,91.3,0.0,-0.3,6,-298.834,-4.465,-161.131
3354.5,70.05,91.3,0.0,-0.4,6,-296.334,-4.406,-157.760
3354.5,70.16,91.3,0.0,-0.4,6,-294.665,-4.366,-155.507
3368.5,70.32,91.4,0.0,-0.4,6,-292.160,-4.306,-152.119
3368.5,70.42,91.4,0.0,-0.3,6,-290.488,-4.265,-149.855
3368.5,70.57,91.5,0.0,-0.3,6,-287.979,-4.204,-146.451
3368.5,70.68,91.5,0.0,-0.3,6,-286.305,-4.163,-144.177
3382.6,70.83,91.6,0.0,-0.3,6,-283.791,-4.103,-140.757
3382.6,70.94,91.6,0.0,-0.3,6,-282.113,-4.063,-138.472
3382.6,71.08,91.6,0.0,-0.1,6,-279.593,-4.003,-135.037
3382.6,71.24,91.7,0.0,0.2,6,-277.069,-3.943,-131.595
3396.9,71.33,91.7,0.0,0.3,6,-275.384,-3.902,-129.295
3396.9,71.49,91.8,0.0,0.2,6,-272.851,-3.840,-125.840
3396.9,71.58,91.8,0.0,0.1,6,-271.160,-3.799,-123.533
3396.9,71.73,91.8,0.0,-0.1,6,-268.616,-3.736,-120.067
3411.2,71.83,91.9,0.0,-0.1,6,-266.917,-3.694,-117.753
3411.2,71.98,91.9,0.0,-0.2,6,-264.364,-3.631,-114.276
3411.2,72.07,92.0,0.0,-0.2,6,-262.659,-3.589,-111.954
3411.2,72.21,92.0,0.0,-0.3,6,-260.100,-3.524,-108.465
3425.6,72.31,92.0,0.0,-0.3,6,-258.392,-3.479,-106.133
3425.6,72.44,92.1,0.0,-0.4,6,-255.830,-3.411,-102.628
3425.6,72.55,92.1,0.0,-0.4,6,-254.121,-3.366,-100.286
3425.6,72.68,92.1,0.0,-0.4,6,-251.559,-3.297,-96.763
3440.1,73.05,92.2,0.0,-0.6,6,-244.726,-3.122,-87.319
3440.1,73.19,92.3,0.0,-0.0,6,-242.164,-3.058,-83.759
3454.7,73.27,92.3,0.0,0.6,6,-240.455,-3.016,-81.381
3454.7,73.41,92.4,0.0,1.4,6,-237.889,-2.953,-77.807
3454.7,73.51,92.4,0.0,1.8,6,-236.174,-2.911,-75.421
3454.7,73.64,92.4,0.0,1.2,6,-233.591,-2.847,-71.843
3469.4,73.73,92.4,0.0,1.8,6,-231.861,-2.804,-69.457
3469.4,73.84,92.5,0.0,3.0,6,-229.251,-2.740,-65.882
3469.4,73.86,38.8,14.1,4.3,6,-226.620,-2.673,-62.316
3469.4,73.54,3.2,60.7,4.8,6,-224.856,-2.628,-59.952
3484.2,72.43,0.0,82.0,4.9,6,-222.212,-2.559,-56.456
3484.2,71.55,0.0,81.5,4.7,6,-220.456,-2.513,-54.171
3484.2,70.31,0.0,59.1,4.5,6,-217.834,-2.445,-50.819
3484.2,69.65,0.0,45.4,4.3,6,-216.086,-2.401,-48.631
3498.4,68.84,0.0,30.9,4.7,6,-213.454,-2.336,-45.418
3498.4,68.40,0.0,22.6,6.9,6,-211.686,-2.292,-43.318
3498.4,67.89,0.0,8.6,5.8,6,-209.008,-2.228,-40.229
3498.4,67.65,0.0,3.1,3.8,6,-207.201,-2.185,-38.207
3512.0,67.40,6.9,0.0,5.2,6,-204.459,-2.119,-35.226
3512.0,67.27,15.8,0.0,6.2,6,-202.609,-2.075,-33.268
3512.0,67.12,19.3,0.0,7.9,6,-199.804,-2.010,-30.373
3512.0,67.01,17.8,0.0,8.9,6,-197.915,-1.968,-28.469
3525.3,66.63,0.5,24.5,8.4,6,-195.054,-1.904,-25.656
3525.3,65.61,0.0,64.1,6.6,6,-192.178,-1.839,-22.913
3525.3,64.95,0.0,13.1,5.3,6,-190.268,-1.796,-21.134
3538.3,64.86,88.5,0.0,5.3,6,-187.384,-1.731,-18.523
3538.3,64.96,83.8,1.6,7.2,6,-185.434,-1.690,-16.808
3538.3,64.69,0.0,25.2,13.7,6,-182.477,-1.636,-14.276
3538.3,64.35,0.0,7.2,16.2,6,-180.493,-1.604,-12.624
3551.2,64.14,47.7,0.0,17.5,6,-177.495,-1.563,-10.204
3551.2,64.14,70.2,0.0,17.1,6,-175.473,-1.540,-8.626
3551.2,64.22,88.4,0.0,16.8,6,-172.397,-1.512,-6.310
3551.2,64.29,88.4,0.0,16.1,6,-170.315,-1.495,-4.803
3564.4,64.38,88.5,0.0,16.5,6,-167.143,-1.469,-2.603
3564.4,64.44,88.6,0.0,18.5,6,-164.997,-1.452,-1.178
3564.4,64.50,88.4,0.0,21.0,6,-161.730,-1.422,0.894
3564.4,64.53,83.4,0.0,22.2,6,-158.407,-1.384,2.881
3577.7,64.57,84.3,0.0,22.3,6,-156.163,-1.357,4.161
3577.7,64.69,88.8,0.0,23.3,6,-152.762,-1.319,6.022
3577.7,64.70,89.3,0.0,23.8,6,-150.472,-1.300,7.226
3577.7,64.69,57.6,0.0,24.6,6,-147.001,-1.275,8.967
3591.6,64.61,48.2,0.0,26.5,6,-144.664,-1.254,10.075
3591.6,64.51,63.3,0.0,31.6,6,-141.129,-1.222,11.657
3591.6,64.45,49.6,0.0,36.4,6,-138.753,-1.200,12.659
3591.6,64.27,28.3,0.0,45.0,6,-135.164,-1.164,14.085
3605.3,64.15,34.7,0.0,50.6,6,-132.758,-1.139,14.985
3605.3,63.95,22.1,0.0,56.6,6,-129.134,-1.103,16.265
3605.3,63.78,18.0,0.0,58.8,6,-126.709,-1.080,17.071
3605.3,63.50,15.9,0.0,59.0,6,-123.064,-1.047,18.209
3618.3,63.30,15.1,0.0,57.6,6,-120.628,-1.025,18.915
3618.3,63.01,14.2,0.0,53.9,6,-116.967,-0.992,19.895
3618.3,62.70,13.3,0.0,51.4,6,-113.301,-0.960,20.778
3618.3,62.48,13.3,0.0,50.4,6,-110.855,-0.939,21.313
3630.8,62.16,13.2,0.0,50.5,6,-107.184,-0.904,22.029
3630.8,61.96,13.2,0.0,50.4,0,-104.737,-0.880,22.450
3630.8,61.66,2.0,0.0,52.1,5,-101.070,-0.845,23.004
3630.8,61.43,10.9,0.0,54.0,5,-98.628,-0.822,23.319
3642.9,61.13,15.3,0.0,56.5,5,-94.972,-0.783,23.709
3642.9,60.94,15.2,0.0,57.8,5,-92.540,-0.756,23.917
3642.9,60.66,15.1,0.0,59.2,5,-88.899,-0.715,24.154
3642.9,60.48,15.4,0.0,58.0,5,-86.478,-0.687,24.262
3654.7,59.70,21.0,0.0,40.0,5,-75.666,-0.559,24.252
3666.5,59.50,28.5,0.0,33.0,5,-72.095,-0.514,24.064
3666.5,59.40,35.8,0.0,28.6,5,-69.724,-0.484,23.888
3666.5,59.34,63.0,0.0,22.5,5,-66.178,-0.441,23.552
3666.5,59.43,87.7,0.0,17.1,5,-62.641,-0.399,23.129
3678.4,59.55,89.6,0.0,12.9,5,-60.286,-0.369,22.797
3678.4,59.71,89.7,0.0,8.3,5,-56.755,-0.320,22.228
3678.4,59.83,89.8,0.0,6.4,5,-54.402,-0.285,21.804
3678.4,60.07,89.8,0.0,3.6,5,-50.872,-0.239,21.116
3690.3,60.23,89.8,0.0,0.9,5,-48.517,-0.211,20.623
3690.3,60.45,89.9,0.0,-3.2,5,-44.983,-0.171,19.841
3690.3,60.61,89.9,0.0,-4.4,5,-42.623,-0.144,19.300
3690.3,60.84,90.0,0.0,-4.9,5,-39.074,-0.104,18.480
3702.3,61.00,89.0,0.0,-5.2,5,-36.698,-0.078,17.940
3702.3,61.22,90.1,0.0,-6.2,5,-33.118,-0.040,17.150
3702.3,61.36,90.2,0.0,-7.1,5,-30.720,-0.014,16.642
3702.3,61.57,90.4,0.0,-8.3,5,-27.105,0.019,15.910
3714.6,61.69,90.4,0.0,-9.0,5,-24.684,0.040,15.446
3714.6,61.91,90.5,0.0,-9.3,5,-21.034,0.067,14.789
3714.6,62.12,90.5,0.0,-9.2,5,-17.362,0.092,14.187
3714.6,62.27,90.5,0.0,-8.8,5,-14.902,0.108,13.821
3727.1,62.43,90.8,0.0,-9.1,5,-11.195,0.133,13.326
3727.1,62.58,90.7,0.0,-9.5,5,-8.711,0.150,13.033
3727.1,62.76,90.8,0.0,-10.4,5,-4.971,0.174,12.650
3727.1,62.88,90.9,0.0,-10.1,5,-2.467,0.190,12.433
3739.7,63.08,90.9,0.0,-9.4,5,1.302,0.217,12.170
3739.7,63.20,91.0,0.0,-9.3,5,3.823,0.237,12.036
3739.7,63.38,90.9,0.0,-9.6,5,7.617,0.272,11.898
3739.7,63.50,91.0,0.0,-10.3,5,10.154,0.298,11.848
3752.5,63.69,91.1,0.0,-10.3,5,13.969,0.339,11.832
3752.5,63.81,91.1,0.0,-10.1,5,16.518,0.369,11.862
3752.5,63.96,91.3,0.0,-9.8,5,20.349,0.418,11.967
3752.5,64.15,91.3,0.0,-8.6,5,24.188,0.470,12.145
3765.8,64.26,91.3,0.0,-8.0,5,26.751,0.509,12.306
3765.8,64.44,91.4,0.0,-7.6,5,30.600,0.569,12.609
3765.8,64.64,91.4,0.0,-9.3,5,34.454,0.624,12.977
3765.8,64.76,91.4,0.0,-11.2,5,37.026,0.656,13.257
3779.0,64.93,91.5,0.0,-12.7,5,40.886,0.705,13.736
3779.0,65.03,91.5,0.0,-12.8,5,43.460,0.740,14.097
3779.0,65.19,91.6,0.0,-12.4,5,47.319,0.793,14.699
3779.0,65.29,91.6,0.0,-11.9,5,49.890,0.829,15.142
3792.5,65.46,91.7,0.0,-11.2,5,53.744,0.883,15.871
3792.5,65.56,91.8,0.0,-11.0,5,56.310,0.919,16.399
3792.5,65.71,91.8,0.0,-10.3,5,60.152,0.974,17.258
3792.5,65.78,91.9,0.0,-9.8,5,62.708,1.012,17.875
3806.1,65.91,92.0,0.0,-9.2,5,66.533,1.070,18.866
3806.1,66.06,91.9,0.0,-8.6,5,69.077,1.108,19.569
3806.1,66.22,91.9,0.0,-8.9,5,72.882,1.165,20.687
3806.1,66.25,92.1,0.0,-8.9,5,75.411,1.203,21.476
3819.8,66.39,92.1,0.0,-9.1,5,79.190,1.261,22.726
3819.8,66.55,92.2,0.0,-9.3,5,82.951,1.318,24.053
3819.8,66.67,92.1,0.0,-9.4,5,85.448,1.357,24.981
3833.2,66.80,92.1,0.0,-9.5,5,89.175,1.415,26.440
3833.2,66.90,92.2,0.0,-9.9,5,91.647,1.455,27.457
3833.2,67.02,92.2,0.0,-11.5,5,95.334,1.515,29.048
3833.2,67.12,92.3,0.0,-12.1,5,97.779,1.555,30.153
3846.7,67.25,92.3,0.0,-12.7,5,101.422,1.618,31.875
3846.7,67.34,92.4,0.0,-12.8,5,103.836,1.661,33.066
3846.7,67.48,92.4,0.0,-12.3,5,107.433,1.725,34.914
3846.7,67.57,92.4,0.0,-11.9,5,109.814,1.768,36.188
3860.1,67.71,92.5,0.0,-11.3,5,113.359,1.831,38.161
3860.1,67.79,92.5,0.0,-11.0,5,115.704,1.874,39.518
3860.1,67.92,92.5,0.0,-11.1,5,119.193,1.937,41.615
3860.1,68.01,92.6,0.0,-11.5,5,121.500,1.979,43.053
3873.6,68.14,92.6,0.0,-12.2,5,124.930,2.039,45.269
3873.6,68.28,92.7,0.0,-12.3,5,128.325,2.097,47.554
3873.6,68.37,92.7,0.0,-12.1,5,130.567,2.135,49.116
3873.6,68.50,92.7,0.0,-12.2,5,133.898,2.189,51.515
3887.1,68.83,92.8,0.0,-11.2,5,142.586,2.315,58.236
3887.1,68.93,92.9,0.0,-11.2,5,144.711,2.340,59.989
3900.9,69.06,92.9,0.0,-10.2,5,147.866,2.370,62.668
3900.9,69.13,93.0,0.0,-9.2,5,149.945,2.386,64.489
3900.9,69.28,93.0,0.0,-6.2,5,153.026,2.405,67.272
3900.9,69.41,93.0,0.0,-4.1,5,156.063,2.422,70.115
3914.7,69.52,93.0,0.0,-3.3,5,158.065,2.432,72.041
3914.7,69.67,93.0,0.0,-2.6,5,161.040,2.446,74.970
3914.7,69.75,71.0,0.0,-2.2,5,163.009,2.454,76.945
3914.7,69.54,4.5,50.6,-1.3,5,165.941,2.466,79.928
3928.6,68.93,0.0,71.5,-0.6,5,167.874,2.476,81.914
3928.6,67.72,0.0,84.0,0.5,5,170.726,2.492,84.863
3928.6,66.84,0.0,88.0,1.0,5,172.595,2.503,86.802
3928.6,65.50,0.0,91.1,1.1,5,175.349,2.522,89.664
3942.0,64.56,0.0,90.3,0.8,5,177.154,2.534,91.540
3942.0,63.18,0.0,90.8,0.4,5,179.816,2.552,94.301
3942.0,62.26,0.0,90.4,0.3,5,181.560,2.564,96.106
3942.0,60.89,0.0,91.0,0.2,5,184.134,2.583,98.761
3954.5,59.97,0.0,90.9,0.3,5,185.821,2.596,100.495
3954.5,58.62,0.0,91.2,0.6,5,188.308,2.612,103.042
3954.5,57.28,0.0,92.2,0.8,5,190.745,2.626,105.525
3954.5,56.36,0.0,91.3,0.8,5,192.341,2.634,107.145
3966.1,54.98,0.0,90.0,0.5,5,194.693,2.647,109.520
3966.1,54.09,39.7,90.6,0.6,0,196.233,2.656,111.067
3966.1,52.77,0.0,91.7,0.8,4,198.504,2.670,113.335
3966.1,51.89,0.0,92.6,0.8,4,199.991,2.681,114.810
3976.7,50.51,0.0,90.4,1.3,4,202.181,2.699,116.967
3976.7,49.62,0.0,90.4,1.6,4,203.615,2.714,118.367
3976.7,48.30,0.0,90.6,2.4,4,205.727,2.737,120.412
3976.7,47.41,0.0,90.9,2.8,4,207.111,2.753,121.737
3986.5,46.09,0.0,90.8,3.3,4,209.148,2.777,123.668
3986.5,45.22,41.0,90.1,3.8,0,210.483,2.793,124.917
3986.5,43.97,0.0,88.7,4.1,3,212.451,2.817,126.734
3986.5,43.13,0.0,87.0,4.1,3,213.740,2.831,127.907
3995.5,41.90,0.0,83.8,3.1,3,215.643,2.850,129.609
3995.5,41.10,0.0,81.6,1.8,3,216.890,2.861,130.706
3995.5,39.95,0.0,68.6,-0.1,3,218.734,2.876,132.295
4003.6,38.99,42.8,55.1,-2.2,0,220.552,2.888,133.814
4003.6,38.47,0.0,51.2,-3.0,2,221.757,2.894,134.789
4003.6,37.64,0.0,43.2,-2.9,2,223.556,2.902,136.196
4003.6,37.12,0.0,38.2,-2.3,2,224.750,2.905,137.097
4011.1,36.43,0.0,34.0,-0.4,2,226.537,2.909,138.394
4011.1,36.01,0.0,31.7,2.4,2,227.726,2.910,139.222
4011.1,35.43,0.0,30.6,8.0,2,229.509,2.909,140.413
4011.1,35.06,0.0,30.3,10.9,2,230.697,2.908,141.174
4018.2,34.52,0.0,29.8,14.7,2,232.476,2.904,142.269
4018.2,34.17,0.0,30.2,16.2,2,233.659,2.902,142.969
4018.2,33.63,0.0,28.9,16.9,2,235.428,2.896,143.973
4018.2,33.28,0.0,28.1,16.6,2,236.605,2.891,144.611
4024.8,32.78,0.0,25.4,16.5,2,238.367,2.883,145.522
4024.8,32.33,0.0,17.8,17.2,2,240.124,2.875,146.374
4024.8,32.08,0.0,13.7,18.4,2,241.296,2.869,146.911
4024.8,31.77,0.0,9.9,20.5,2,243.056,2.860,147.669
4031.0,31.59,0.0,7.5,22.2,2,244.231,2.853,148.143
4031.0,31.36,0.0,4.4,25.5,2,245.999,2.844,148.807
4031.0,31.22,0.0,3.9,23.7,2,247.182,2.837,149.217
4031.0,31.03,0.0,5.1,20.3,2,248.961,2.827,149.785
4037.0,30.89,0.0,6.0,20.0,2,250.150,2.820,150.133
4037.0,30.67,0.0,10.9,22.0,2,251.935,2.809,150.611
4037.0,30.49,0.0,9.8,21.7,2,253.124,2.801,150.899
4037.0,30.23,0.0,6.8,21.8,2,254.904,2.789,151.285
4043.0,30.09,0.0,3.0,22.1,2,256.089,2.781,151.512
4043.0,29.89,0.0,4.1,23.5,2,257.865,2.771,151.805
4043.0,29.77,0.0,0.8,24.9,2,259.047,2.765,151.970
4043.0,29.64,6.4,0.0,27.2,2,260.818,2.756,152.172
4049.9,29.54,5.5,0.0,29.4,2,262.588,2.748,152.317
4049.9,29.47,7.3,0.0,33.0,2,263.767,2.744,152.380
4049.9,29.39,17.3,0.0,39.6,2,265.532,2.738,152.425
4049.9,29.34,13.1,0.0,43.0,2,266.706,2.735,152.418
4056.7,29.28,19.7,0.0,47.6,2,268.463,2.733,152.351
4056.7,29.27,25.0,0.0,51.5,2,269.632,2.733,152.269
4056.7,29.25,22.7,0.0,59.2,2,271.378,2.733,152.091
4056.7,29.20,16.7,0.0,64.5,2,272.537,2.735,151.934
4063.6,29.08,13.5,0.0,72.0,2,274.262,2.738,151.646
4063.6,28.98,12.8,0.0,76.2,2,275.400,2.742,151.416
4063.6,28.85,11.1,0.0,82.5,2,277.087,2.751,151.014
4063.6,28.73,11.5,0.0,90.0,2,278.198,2.758,150.710
4071.7,28.55,11.4,0.0,94.3,2,279.839,2.771,150.201
4071.7,28.41,11.2,0.0,96.2,2,280.915,2.782,149.826
4071.7,28.21,11.2,0.0,98.4,2,282.499,2.801,149.212
4071.7,28.08,11.2,0.0,99.2,2,283.534,2.817,148.767
4078.4,27.88,11.1,0.0,98.9,2,285.051,2.844,148.049
4078.4,27.70,11.0,0.0,98.4,2,286.526,2.874,147.273
4078.4,27.57,11.0,0.0,97.8,2,287.487,2.894,146.725
4078.4,27.39,10.9,0.0,97.0,2,288.890,2.926,145.860
4085.4,27.26,10.9,0.0,95.9,2,289.801,2.947,145.256
4085.4,27.08,10.8,0.0,92.2,2,291.128,2.980,144.309
4085.4,26.97,49.0,0.0,89.0,0,291.986,3.002,143.652
4085.4,26.75,6.0,0.0,83.4,1,293.231,3.037,142.627
4090.8,26.62,12.6,0.0,79.9,1,294.031,3.061,141.921
4090.8,26.46,13.2,0.0,74.6,1,295.187,3.097,140.827
4090.8,26.37,14.3,0.0,70.1,1,295.929,3.120,140.075
4090.8,26.28,16.8,0.0,63.0,1,297.000,3.154,138.915
4095.8,26.23,19.5,0.0,58.5,1,297.685,3.175,138.119
4095.8,26.21,28.9,0.0,50.4,1,298.671,3.205,136.895
4095.8,26.27,42.9,0.0,43.4,1,299.301,3.223,136.056
4095.8,26.42,32.7,0.0,29.2,1,300.208,3.248,134.761
4100.8,26.53,30.8,0.0,13.6,1,301.068,3.271,133.426
4100.8,26.63,33.9,0.0,5.0,1,301.617,3.284,132.516
4100.8,26.91,61.2,0.0,-1.1,1,302.411,3.304,131.122
4100.8,27.22,66.8,0.0,-0.7,1,302.925,3.316,130.171
4105.9,27.77,77.3,0.0,3.2,1,303.680,3.333,128.706
4105.9,28.18,77.9,0.0,6.5,1,304.177,3.343,127.704
4105.9,28.78,78.7,0.0,11.0,1,304.912,3.358,126.163
4105.9,29.16,77.6,0.0,13.2,1,305.395,3.368,125.111
4111.4,29.73,76.4,0.0,14.3,1,306.109,3.381,123.495
4111.4,30.28,77.4,0.0,14.5,1,306.803,3.394,121.835
4111.4,30.64,77.6,0.0,14.6,1,307.254,3.402,120.704
4117.4,31.17,78.1,0.0,14.3,1,307.909,3.415,118.970
4117.4,31.53,79.7,0.0,14.1,1,308.331,3.422,117.790
4117.4,32.06,81.1,0.0,13.9,1,308.937,3.433,115.982
4117.4,32.37,70.5,0.0,14.0,1,309.322,3.440,114.753
4123.8,32.53,0.0,0.0,13.4,0,309.865,3.450,112.880
4123.8,32.67,79.1,0.0,13.2,2,310.196,3.457,111.621
4123.8,33.15,83.0,0.0,12.7,2,310.658,3.469,109.702
4123.8,33.49,84.9,0.0,13.0,2,310.943,3.477,108.401
4130.4,34.01,85.1,0.0,13.4,2,311.337,3.490,106.415
4130.4,34.35,85.2,0.0,13.8,2,311.577,3.500,105.070
4130.4,34.86,85.4,0.0,13.7,2,311.898,3.516,103.019
4130.4,35.21,83.2,0.0,14.3,2,312.087,3.528,101.631
4137.4,35.61,59.3,0.0,15.7,2,312.328,3.548,99.521
4137.4,35.78,32.7,0.0,13.5,2,312.516,3.570,97.387
4137.4,35.77,10.3,14.2,11.7,2,312.609,3.585,95.958
4137.4,35.38,0.0,36.9,8.7,2,312.706,3.610,93.823
4144.4,34.96,0.0,41.7,6.6,2,312.746,3.629,92.416
4144.4,34.21,0.0,57.9,4.2,2,312.776,3.659,90.339
4144.4,33.61,0.0,64.6,3.0,2,312.781,3.680,88.982
4144.4,32.63,0.0,70.4,-0.8,2,312.773,3.714,86.992
4150.8,29.83,0.0,71.8,-10.2,2,312.730,3.807,81.991
4150.8,28.81,0.0,56.1,-12.1,2,312.730,3.840,80.231
4156.6,28.24,0.0,44.8,-13.3,2,312.741,3.862,79.089
4156.6,27.61,46.0,32.6,-15.6,0,312.778,3.892,77.414
4156.6,27.26,0.0,28.7,-16.8,1,312.819,3.911,76.316
4156.6,26.76,0.0,21.8,-19.2,1,312.909,3.937,74.698
4161.9,26.47,0.0,17.7,-21.2,1,312.988,3.953,73.636
4161.9,26.10,0.0,12.9,-24.3,1,313.138,3.975,72.066
4161.9,25.79,0.0,11.8,-26.2,1,313.329,3.996,70.520
4161.9,25.58,0.0,10.3,-27.2,1,313.480,4.008,69.504
4167.0,25.30,0.0,8.7,-28.7,1,313.741,4.026,67.999
4167.0,25.13,0.0,8.9,-29.5,1,313.939,4.037,67.010
4167.0,24.87,0.0,8.3,-29.6,1,314.273,4.053,65.548
4167.0,24.69,0.0,7.9,-30.6,1,314.519,4.062,64.587
4171.9,24.44,0.0,8.7,-32.8,1,314.925,4.074,63.170
4171.9,24.26,0.0,9.3,-34.1,1,315.219,4.081,62.241
4171.9,24.00,0.0,6.0,-35.3,1,315.698,4.090,60.875
4171.9,23.85,0.0,5.1,-37.0,1,316.042,4.095,59.981
4176.7,23.63,0.0,4.3,-39.5,1,316.596,4.101,58.668
4176.7,23.49,0.0,4.4,-40.8,1,316.991,4.104,57.812
4176.7,23.28,0.0,1.8,-41.7,1,317.621,4.107,56.558
4176.7,23.16,0.0,1.5,-41.6,1,318.066,4.108,55.743
4181.2,22.99,0.0,2.0,-41.5,1,318.772,4.107,54.551
4181.2,22.81,0.0,3.2,-41.4,1,319.521,4.105,53.399
4181.2,22.69,0.0,2.4,-41.6,1,320.044,4.103,52.654
4185.5,22.51,0.0,1.8,-41.6,1,320.860,4.097,51.571
4185.5,22.40,0.0,3.0,-41.4,1,321.426,4.093,50.874
4185.5,22.21,0.0,4.9,-41.2,1,322.305,4.086,49.864
4185.5,22.07,0.0,6.2,-41.1,1,322.908,4.080,49.216
4189.5,21.86,0.0,3.6,-41.5,1,323.840,4.072,48.283
4189.5,21.74,0.0,3.0,-40.8,1,324.477,4.066,47.688
4189.5,21.56,0.0,3.8,-41.3,1,325.456,4.056,46.833
4189.5,21.44,0.0,4.3,-42.8,1,326.122,4.049,46.290
4193.6,21.25,0.0,5.4,-45.4,1,327.142,4.037,45.514
4193.6,21.11,0.0,2.7,-47.5,1,327.834,4.029,45.024
4193.6,21.00,17.0,0.0,-52.5,1,328.890,4.016,44.333
4193.6,21.05,31.6,0.0,-54.5,1,329.609,4.007,43.899
4197.7,21.22,44.0,0.0,-56.8,1,330.717,3.993,43.284
4197.7,21.48,51.2,0.0,-59.1,1,331.862,3.978,42.711
4197.7,21.70,57.9,0.0,-60.5,1,332.647,3.967,42.353
4197.7,21.86,33.2,0.0,-58.1,1,333.856,3.951,41.855
4202.1,21.91,27.2,0.0,-54.0,1,334.679,3.940,41.556
4202.1,22.00,32.2,0.0,-47.1,1,335.933,3.924,41.156
4202.1,22.11,38.3,0.0,-43.4,1,336.784,3.913,40.924
4202.1,22.33,44.7,0.0,-40.9,1,338.082,3.898,40.625
4206.9,22.50,41.5,0.0,-40.7,1,338.962,3.889,40.457
4206.9,22.77,53.4,0.0,-42.3,1,340.304,3.875,40.254
4206.9,22.98,50.8,0.0,-44.3,1,341.212,3.866,40.149
4206.9,23.32,54.7,0.0,-47.5,1,342.596,3.853,40.040
4212.1,23.54,53.8,0.0,-50.1,1,343.531,3.845,39.999
4212.1,23.85,53.3,0.0,-53.4,1,344.952,3.832,39.986
4212.1,24.06,52.2,0.0,-55.3,1,345.910,3.825,40.009
4212.1,24.35,47.0,0.0,-58.2,1,347.359,3.813,40.095
4217.8,24.52,47.7,0.0,-61.5,1,348.331,3.806,40.187
4217.8,24.73,40.6,0.0,-64.8,1,349.796,3.796,40.377
4217.8,24.85,36.4,0.0,-65.3,1,351.261,3.788,40.633
4217.8,24.96,38.6,0.0,-64.9,1,352.236,3.784,40.840
4224.8,25.11,34.2,0.0,-62.3,1,353.692,3.778,41.206
4224.8,25.16,24.2,0.0,-58.8,1,354.658,3.775,41.487
4224.8,25.24,39.9,0.0,-53.3,1,356.093,3.771,41.962
4224.8,25.40,50.0,0.0,-48.8,1,357.041,3.769,42.315
4230.8,25.67,54.0,0.0,-42.1,1,358.456,3.768,42.901
4230.8,25.88,54.5,0.0,-36.7,1,359.394,3.768,43.328
4230.8,26.22,58.1,0.0,-28.3,1,360.793,3.770,44.023
4230.8,26.49,63.0,0.0,-24.7,1,361.720,3.772,44.522
4236.5,26.94,66.4,0.0,-19.8,1,363.107,3.778,45.324
4236.5,27.28,68.1,0.0,-17.8,1,364.029,3.783,45.892
4236.5,27.77,66.3,0.0,-17.9,1,365.412,3.793,46.793
4236.5,28.22,63.8,0.0,-20.2,1,366.792,3.805,47.750
4242.2,28.53,62.9,0.0,-22.0,1,367.709,3.813,48.417
4242.2,28.96,63.3,0.0,-24.9,1,369.081,3.827,49.461
4242.2,29.23,64.2,0.0,-25.2,1,369.991,3.836,50.186
4242.2,29.68,67.1,0.0,-24.2,1,371.346,3.848,51.318
4247.9,29.99,70.9,0.0,-24.2,1,372.244,3.857,52.103
4247.9,30.48,77.9,0.0,-23.4,1,373.580,3.868,53.328
4247.9,30.81,68.5,0.0,-22.0,1,374.464,3.876,54.177
4247.9,31.26,73.6,0.0,-19.4,1,375.774,3.886,55.498
4253.7,31.58,73.6,0.0,-21.2,1,376.636,3.893,56.412
4253.7,32.05,76.2,0.0,-18.0,1,377.909,3.903,57.832
4253.7,32.34,72.2,0.0,-20.7,1,378.745,3.909,58.811
4253.7,32.64,0.0,0.0,-23.2,0,379.974,3.918,60.328
4259.8,32.61,71.5,0.0,-20.4,2,380.766,3.923,61.364
4259.8,32.99,78.5,0.0,-19.7,2,381.918,3.930,62.957
4259.8,33.31,83.3,0.0,-22.3,2,382.669,3.933,64.049
4259.8,33.78,74.6,0.0,-19.1,2,383.769,3.938,65.734
4266.2,34.20,79.4,0.0,-18.7,2,384.832,3.942,67.473
4266.2,34.50,80.4,0.0,-19.1,2,385.519,3.945,68.662
4266.2,34.95,80.7,0.0,-13.9,2,386.517,3.949,70.490
4266.2,35.27,83.9,0.0,-13.8,2,387.159,3.952,71.738
4272.9,35.76,84.2,0.0,-10.6,2,388.091,3.956,73.653
4272.9,36.02,76.3,0.0,-8.2,2,388.693,3.958,74.955
4272.9,36.47,80.0,0.0,-5.6,2,389.569,3.959,76.946
4272.9,36.77,86.0,0.0,-4.7,2,390.134,3.959,78.296
4280.0,37.27,86.1,0.0,-4.5,2,390.959,3.959,80.358
4280.0,37.61,85.8,0.0,-5.0,2,391.497,3.957,81.755
4280.0,38.04,85.9,0.0,-6.3,2,392.281,3.953,83.883
4280.0,38.32,86.7,0.0,-7.0,2,392.792,3.947,85.322
4287.4,38.77,81.9,0.0,-5.8,2,393.536,3.939,87.512
4287.4,39.10,86.6,0.0,-3.5,2,394.017,3.934,88.992
4287.4,39.57,86.8,0.0,-3.1,2,394.721,3.928,91.245
4295.1,40.05,86.7,0.0,-3.1,2,395.403,3.922,93.535
4295.1,40.38,86.8,0.0,-3.6,2,395.845,3.920,95.082
4295.1,40.87,86.9,0.0,-4.1,2,396.494,3.917,97.431
4295.1,41.17,86.9,0.0,-3.6,2,396.918,3.914,99.016
4303.2,41.50,0.0,0.0,-4.0,0,397.540,3.913,101.419
4303.2,41.48,85.0,0.0,-3.9,3,397.944,3.910,103.028
4303.2,41.93,85.1,0.0,-3.3,3,398.538,3.907,105.458
4303.2,42.21,85.3,0.0,-4.5,3,398.927,3.906,107.094
4311.4,42.64,85.5,0.0,-6.1,3,399.501,3.905,109.573
4311.4,42.94,85.4,0.0,-6.2,3,399.877,3.900,111.242
4311.4,43.37,85.6,0.0,-6.2,3,400.423,3.895,113.772
4311.4,43.65,85.7,0.0,-6.2,3,400.775,3.892,115.477
4319.9,44.08,85.8,0.0,-6.3,3,401.282,3.887,118.058
4319.9,44.50,85.9,0.0,-6.8,3,401.763,3.883,120.671
4319.9,44.79,86.0,0.0,-7.2,3,402.069,3.881,122.430
4319.9,45.20,86.1,0.0,-7.6,3,402.505,3.878,125.093
4328.8,45.48,86.2,0.0,-7.6,3,402.779,3.875,126.885
4328.8,45.89,86.3,0.0,-7.2,3,403.165,3.869,129.598
4328.8,46.15,86.3,0.0,-7.0,3,403.403,3.865,131.423
4328.8,46.55,86.4,0.0,-7.1,3,403.733,3.859,134.184
4337.9,46.83,86.5,0.0,-7.3,3,403.933,3.854,136.040
4337.9,47.22,86.6,0.0,-7.6,3,404.204,3.848,138.848
4337.9,47.49,86.6,0.0,-7.6,3,404.365,3.844,140.735
4337.9,47.88,86.7,0.0,-8.2,3,404.576,3.837,143.587
4347.2,48.13,86.8,0.0,-8.3,3,404.696,3.832,145.503
4347.2,48.50,86.8,0.0,-7.9,3,404.841,3.824,148.397
4347.2,48.75,86.9,0.0,-7.8,3,404.915,3.820,150.340
4347.2,49.11,87.0,0.0,-8.9,3,404.991,3.814,153.275
4356.8,49.36,87.0,0.0,-9.4,3,405.017,3.809,155.243
4356.8,49.60,0.0,0.0,-9.9,0,405.017,3.802,158.214
4356.8,49.68,85.1,0.0,-9.5,4,404.967,3.796,161.189
4356.8,49.90,85.3,0.0,-10.0,4,404.905,3.791,163.179
4366.6,50.22,85.5,0.0,-11.1,4,404.769,3.784,166.178
4366.6,50.42,85.6,0.0,-11.7,4,404.648,3.779,168.187
4366.6,50.74,85.8,0.0,-12.4,4,404.418,3.771,171.213
4366.6,50.95,85.9,0.0,-11.7,4,404.232,3.767,173.238
4376.6,51.26,86.1,0.0,-10.0,4,403.903,3.759,176.286
4376.6,51.47,86.2,0.0,-9.1,4,403.652,3.753,178.324
4376.6,51.78,86.4,0.0,-9.3,4,403.226,3.745,181.392
4376.6,51.99,86.4,0.0,-10.2,4,402.911,3.739,183.443
4386.9,52.30,86.6,0.0,-13.5,4,402.389,3.731,186.527
4386.9,52.50,86.8,0.0,-15.3,4,402.008,3.725,188.588
4386.9,52.79,86.9,0.0,-15.8,4,401.383,3.717,191.683
4386.9,52.98,87.0,0.0,-16.1,4,400.928,3.713,193.749
4397.5,53.25,87.2,0.0,-15.8,4,400.185,3.707,196.847
4397.5,53.51,87.4,0.0,-14.0,4,399.368,3.702,199.943
4397.5,53.69,87.5,0.0,-13.6,4,398.779,3.701,202.005
4397.5,53.95,87.6,0.0,-14.8,4,397.829,3.700,205.090
4408.7,54.13,87.7,0.0,-16.3,4,397.154,3.698,207.144
4408.7,54.39,87.8,0.0,-19.1,4,396.078,3.696,210.216
4408.7,54.55,87.9,0.0,-20.2,4,395.316,3.695,212.257
4408.7,54.78,88.0,0.0,-20.1,4,394.105,3.700,215.304
4420.7,54.94,88.1,0.0,-19.4,4,393.255,3.704,217.326
4420.7,55.18,88.3,0.0,-17.9,4,391.916,3.711,220.346
4420.7,55.34,88.3,0.0,-17.2,4,390.979,3.716,222.348
4420.7,55.57,88.4,0.0,-17.0,4,389.507,3.725,225.331
4432.3,55.72,88.6,0.0,-17.0,4,388.481,3.731,227.306
4432.3,55.94,88.7,0.0,-18.0,4,386.880,3.739,230.247
4432.3,56.11,88.7,0.0,-18.2,4,385.772,3.741,232.195
4432.3,56.35,88.8,0.0,-18.5,4,384.049,3.742,235.095
4443.6,56.49,88.9,0.0,-17.9,4,382.860,3.742,237.013
4443.6,56.73,89.0,0.0,-15.8,4,381.012,3.742,239.862
4443.6,56.96,89.1,0.0,-13.8,4,379.090,3.745,242.678
4443.6,57.11,89.2,0.0,-12.3,4,377.767,3.748,244.537
4454.7,57.36,89.2,0.0,-10.3,4,375.724,3.756,247.296
4454.7,57.53,89.3,0.0,-9.7,4,374.326,3.761,249.119
4454.7,57.78,89.4,0.0,-8.9,4,372.177,3.769,251.829
4454.7,57.96,89.5,0.0,-8.2,4,370.712,3.775,253.621
4466.1,58.22,89.6,0.0,-7.5,4,368.469,3.785,256.289
4466.1,58.40,89.6,0.0,-7.4,4,366.946,3.791,258.055
4466.1,58.65,89.7,0.0,-7.3,4,364.623,3.800,260.687
4466.1,58.83,89.8,0.0,-6.6,4,363.048,3.805,262.431
4477.7,59.09,89.9,0.0,-5.8,4,360.647,3.812,265.028
4477.7,59.27,89.9,0.0,-5.6,4,359.022,3.816,266.748
4477.7,59.42,0.0,0.0,-6.1,0,356.548,3.820,269.311
4477.7,59.37,88.6,0.0,-6.0,5,354.880,3.821,271.003
4489.5,59.61,88.7,0.0,-5.9,5,352.347,3.822,273.517
4489.5,59.84,88.8,0.0,-6.2,5,349.772,3.824,276.008
4489.5,59.99,88.4,0.0,-7.0,5,348.032,3.824,277.657
4501.5,60.23,88.9,0.0,-6.7,5,345.389,3.827,280.110
4501.5,60.36,89.0,0.0,-5.7,5,343.605,3.829,281.732
4501.5,60.61,89.1,0.0,-3.8,5,340.894,3.835,284.146
4501.5,60.78,89.1,0.0,-2.6,5,339.066,3.837,285.743
4513.6,61.02,89.3,0.0,-1.1,5,336.294,3.837,288.123
4513.6,61.19,89.3,0.0,-0.4,5,334.427,3.836,289.699
4513.6,61.41,89.5,0.0,0.2,5,331.600,3.836,292.051
4513.6,61.56,89.5,0.0,-0.1,5,329.702,3.835,293.615
4525.8,61.81,89.6,0.0,-0.2,5,326.839,3.834,295.960
4525.8,61.96,89.7,0.0,-0.1,5,324.921,3.833,297.524
4525.8,62.19,89.8,0.0,0.1,5,322.033,3.832,299.875
4525.8,62.43,89.8,0.0,0.4,5,319.135,3.830,302.236
4538.2,62.59,89.9,0.0,0.6,5,317.197,3.829,303.815
4538.2,62.81,90.0,0.0,0.8,5,314.283,3.830,306.194
4538.2,62.96,90.0,0.0,0.8,5,312.336,3.834,307.787
4538.2,63.20,90.1,0.0,0.9,5,309.411,3.840,310.187
4550.8,63.35,90.2,0.0,0.9,5,307.457,3.843,311.795
4550.8,63.57,90.2,0.0,0.9,5,304.521,3.849,314.220
4550.8,63.72,90.3,0.0,0.9,5,302.561,3.854,315.844
4550.8,63.95,90.4,0.0,1.0,5,299.618,3.862,318.294
4563.5,64.10,90.4,0.0,1.0,5,297.652,3.866,319.935
4563.5,64.32,90.5,0.0,0.9,5,294.701,3.870,322.410
4563.5,64.47,90.6,0.0,0.8,5,292.731,3.872,324.069
4563.5,64.69,90.6,0.0,0.9,5,289.772,3.870,326.571
4576.4,64.84,90.7,0.0,0.9,5,287.797,3.866,328.247
4576.4,65.05,90.8,0.0,0.8,5,284.832,3.860,330.774
4576.4,65.19,90.8,0.0,0.8,5,282.853,3.855,332.466
4576.4,65.41,90.9,0.0,0.7,5,279.880,3.845,335.018
4589.4,65.61,91.0,0.0,0.4,5,276.904,3.840,337.584
4589.4,65.74,91.0,0.0,0.7,5,274.917,3.840,339.302
4589.4,65.96,91.1,0.0,0.6,5,271.931,3.840,341.889
4589.4,66.09,91.1,0.0,0.6,5,269.937,3.842,343.621
4602.6,66.30,91.2,0.0,0.2,5,266.942,3.845,346.228
4602.6,66.44,91.2,0.0,0.1,5,264.941,3.849,347.973
4602.6,66.63,91.3,0.0,0.1,5,261.934,3.857,350.599
4602.6,66.84,91.4,0.0,0.1,5,258.920,3.868,353.235
4615.9,67.05,91.4,0.0,0.2,5,255.898,3.881,355.880
4615.9,67.17,91.5,0.0,0.3,5,253.879,3.889,357.648
4615.9,67.37,91.5,0.0,0.1,5,250.843,3.900,360.307
4615.9,67.50,91.6,0.0,-0.1,5,248.815,3.910,362.085
4629.4,67.69,91.7,0.0,0.2,5,245.765,3.925,364.758
4629.4,67.82,91.7,0.0,0.3,5,243.727,3.933,366.544
4629.4,68.02,91.7,0.0,0.2,5,240.663,3.943,369.230
4629.4,68.14,91.8,0.0,0.0,5,238.616,3.948,371.026
4643.0,68.33,91.8,0.0,0.0,5,235.539,3.955,373.726
4643.0,68.45,91.9,0.0,0.1,5,233.483,3.958,375.530
4643.0,68.64,91.9,0.0,-0.0,5,230.393,3.959,378.244
4643.0,68.76,92.0,0.0,-0.0,5,228.328,3.958,380.057
4656.7,68.95,92.0,0.0,-0.1,5,225.224,3.955,382.784
4656.7,69.06,92.1,0.0,-0.0,5,223.151,3.952,384.606
4656.7,69.25,92.1,0.0,0.1,5,220.035,3.947,387.345
4670.5,69.42,92.2,0.0,0.1,5,216.911,3.942,390.091
4670.5,69.54,92.2,0.0,0.1,5,214.823,3.939,391.925
4670.5,69.71,92.3,0.0,0.0,5,211.686,3.932,394.684
4670.5,69.83,92.3,0.0,-0.0,5,209.591,3.927,396.527
4684.4,69.92,0.0,0.0,0.1,0,206.442,3.919,399.297
4684.4,69.85,91.4,0.0,0.1,6,204.344,3.915,401.144
4684.4,70.02,91.5,0.0,0.1,6,201.194,3.910,403.916
4684.4,70.14,91.5,0.0,0.1,6,199.090,3.906,405.768
4698.4,70.30,91.6,0.0,0.2,6,195.928,3.901,408.552
4698.4,70.41,91.6,0.0,0.1,6,193.816,3.898,410.412
4698.4,70.57,91.7,0.0,0.1,6,190.643,3.893,413.208
4698.4,70.68,91.7,0.0,0.0,6,188.524,3.889,415.076
4712.6,71.17,91.8,0.0,0.1,6,178.951,3.877,423.521
4712.6,71.33,91.9,0.0,0.1,6,175.748,3.873,426.351
4726.8,71.44,91.9,0.0,0.1,6,173.609,3.869,428.242
4726.8,71.59,91.9,0.0,0.2,6,170.395,3.863,431.085
4726.8,71.69,92.0,0.0,0.2,6,168.250,3.859,432.985
4726.8,71.84,92.0,0.0,0.2,6,165.027,3.855,435.840
4741.1,71.94,92.1,0.0,0.2,6,162.876,3.853,437.748
4741.1,72.10,92.1,0.0,0.1,6,159.644,3.852,440.616
4741.1,72.20,92.1,0.0,0.1,6,157.486,3.852,442.533
4741.1,72.35,92.2,0.0,0.2,6,154.246,3.853,445.414
4755.5,72.50,92.2,0.0,0.2,6,150.999,3.858,448.302
4755.5,72.60,92.2,0.0,0.2,6,148.832,3.861,450.232
4755.5,72.75,92.3,0.0,0.2,6,145.577,3.864,453.133
4755.5,72.85,92.3,0.0,0.1,6,143.404,3.865,455.071
4770.1,72.99,92.3,0.0,0.0,6,140.141,3.869,457.985
4770.1,73.09,92.4,0.0,0.0,6,137.962,3.871,459.931
4770.1,73.23,92.4,0.0,0.1,6,134.690,3.874,462.856
4770.1,73.33,92.4,0.0,0.1,6,132.505,3.875,464.810
4784.7,73.47,92.5,0.0,0.1,6,129.223,3.877,467.746
4784.7,73.56,92.5,0.0,0.1,6,127.031,3.879,469.707
4784.7,73.70,92.5,0.0,-0.0,6,123.740,3.880,472.653
4784.7,73.79,92.6,0.0,-0.0,6,121.542,3.881,474.621
4799.4,73.94,92.6,0.0,0.0,6,118.241,3.882,477.577
4799.4,74.03,92.6,0.0,0.0,6,116.037,3.882,479.551
4799.4,74.17,92.7,0.0,-0.0,6,112.725,3.881,482.517
4814.2,74.30,92.7,0.0,-0.0,6,109.408,3.878,485.489
4814.2,74.39,92.7,0.0,-0.0,6,107.193,3.875,487.473
4814.2,74.53,92.7,0.0,0.1,6,103.865,3.868,490.454
4814.2,74.62,92.8,0.0,0.2,6,101.643,3.863,492.444
4829.1,74.76,92.8,0.0,0.1,6,98.304,3.854,495.433
4829.1,74.84,92.8,0.0,0.0,6,96.075,3.848,497.428
4829.1,74.98,92.9,0.0,-0.0,6,92.727,3.836,500.426
4829.1,75.07,92.9,0.0,-0.1,6,90.491,3.827,502.427
4844.1,75.20,92.9,0.0,-0.1,6,87.133,3.811,505.434
4844.1,75.29,92.9,0.0,-0.1,6,84.891,3.799,507.442
4844.1,75.41,93.0,0.0,-0.1,6,81.523,3.780,510.457
4844.1,75.50,93.0,0.0,-0.1,6,79.274,3.767,512.470
4859.2,75.63,93.0,0.0,-0.1,6,75.896,3.746,515.494
4859.2,75.72,93.0,0.0,-0.1,6,73.641,3.732,517.513
4859.2,75.85,93.1,0.0,-0.1,6,70.253,3.710,520.545
4859.2,75.97,93.1,0.0,-0.0,6,66.859,3.687,523.581
4874.4,76.05,93.1,0.0,-0.1,6,64.593,3.671,525.608
4874.4,76.18,93.2,0.0,-0.1,6,61.188,3.645,528.651
4874.4,76.26,93.2,0.0,0.1,6,58.915,3.626,530.682
4874.4,76.38,93.2,0.0,0.1,6,55.500,3.596,533.732
4889.6,76.46,93.2,0.0,0.0,6,53.219,3.574,535.767
4889.6,76.59,93.3,0.0,-0.1,6,49.793,3.539,538.824
4889.6,76.67,93.3,0.0,-0.0,6,47.506,3.514,540.864
4889.6,76.78,93.3,0.0,0.2,6,44.071,3.476,543.928
4904.9,76.86,93.4,0.0,0.3,6,41.778,3.449,545.973
4904.9,76.98,93.4,0.0,0.3,6,38.335,3.405,549.047
4904.9,77.06,93.4,0.0,0.3,6,36.038,3.374,551.099
4904.9,77.20,93.4,0.0,0.3,6,32.588,3.319,554.182
4920.3,77.27,93.4,0.0,0.2,6,30.287,3.284,556.242
4920.3,77.36,93.5,0.0,0.1,6,26.833,3.228,559.337
4920.3,77.47,93.6,0.0,-0.1,6,23.375,3.172,562.438
4920.3,77.55,93.5,0.0,-0.1,6,21.068,3.133,564.509
4935.8,77.67,93.6,0.0,-0.2,6,17.605,3.073,567.621
4935.8,77.74,93.6,0.0,-0.1,6,15.294,3.032,569.699
4935.8,77.85,93.6,0.0,-0.3,6,11.823,2.973,572.820
4935.8,77.92,93.6,0.0,-0.5,6,9.507,2.934,574.903
4951.4,78.04,93.6,0.0,-0.8,6,6.027,2.876,578.030
4951.4,78.11,93.6,0.0,-0.8,6,3.703,2.841,580.115
4951.4,78.23,93.7,0.0,-0.4,6,0.208,2.786,583.243
4951.4,78.14,9.6,33.2,-0.4,6,-3.294,2.724,586.367
4967.0,77.64,0.0,68.7,-0.6,6,-5.623,2.684,588.438
4967.0,76.43,0.0,84.1,-0.7,6,-9.083,2.625,591.508
4967.0,75.53,0.0,88.2,-0.7,6,-11.360,2.587,593.523
4967.0,74.14,0.0,90.4,-0.6,6,-14.729,2.533,596.495
4982.2,72.73,0.0,90.9,-0.5,6,-18.040,2.482,599.405
4982.2,71.78,0.0,90.9,-0.4,6,-20.216,2.449,601.311
4982.2,70.38,0.0,91.5,-0.8,6,-23.431,2.400,604.117
4982.2,69.45,0.0,91.5,-1.1,6,-25.543,2.366,605.952
4996.5,68.04,0.0,91.0,-1.1,6,-28.662,2.314,608.654
4996.5,67.10,0.0,90.5,-1.1,6,-30.710,2.280,610.420
4996.5,65.72,0.0,91.0,-1.0,6,-33.737,2.232,613.016
4996.5,64.81,0.0,91.4,-1.2,6,-35.725,2.202,614.710
5009.8,63.44,35.5,92.3,-1.4,0,-38.662,2.158,617.199
5009.8,62.53,0.0,92.4,-1.4,5,-40.591,2.129,618.822
5009.8,61.15,0.0,91.5,-1.6,5,-43.439,2.086,621.203
5009.8,60.22,0.0,91.3,-1.7,5,-45.309,2.057,622.754
5022.2,58.87,0.0,91.2,-2.0,5,-48.069,2.014,625.026
5022.2,57.94,0.0,90.7,-2.4,5,-49.881,1.986,626.504
5022.2,56.60,0.0,90.8,-3.4,5,-52.557,1.945,628.664
5033.7,55.26,0.0,90.8,-4.0,5,-55.185,1.905,630.755
5033.7,54.37,38.7,91.4,-4.2,0,-56.912,1.880,632.109
5033.7,53.06,0.0,92.4,-4.0,4,-59.465,1.842,634.080
5033.7,52.17,0.0,88.1,-3.8,4,-61.142,1.817,635.354
5044.3,50.88,0.0,78.8,-2.9,4,-63.622,1.779,637.203
5044.3,50.09,0.0,66.6,-1.8,4,-65.255,1.754,638.393
5044.3,49.10,0.0,51.8,-0.5,4,-67.682,1.718,640.115
5044.3,48.52,0.0,45.7,-0.0,4,-69.292,1.695,641.222
5054.1,47.75,0.0,40.1,-1.1,4,-71.697,1.662,642.822
5054.1,47.29,0.0,45.1,-2.9,4,-73.297,1.640,643.850
5054.1,46.52,0.0,50.1,-6.0,4,-75.689,1.608,645.335
5054.1,45.98,0.0,48.3,-8.1,4,-77.276,1.587,646.288
5063.2,45.22,0.0,41.1,-10.9,4,-79.642,1.555,647.664
5063.2,44.76,0.0,36.1,-11.4,4,-81.212,1.535,648.545
5063.2,44.17,0.0,25.4,-10.9,4,-83.558,1.503,649.814
5063.2,43.86,0.0,21.2,-10.9,4,-85.121,1.481,650.626
5072.0,43.32,0.0,12.5,-11.8,4,-88.247,1.436,652.171
5072.0,43.14,43.2,17.3,-12.0,0,-89.813,1.414,652.903
5072.0,42.73,0.0,29.4,-12.5,3,-92.168,1.382,653.951
5072.0,42.36,0.0,32.1,-12.8,3,-93.736,1.360,654.616
5080.6,41.10,0.0,6.8,-14.9,3,-100.753,1.266,657.253
5080.6,40.93,0.0,4.6,-16.2,3,-102.312,1.246,657.763
5088.9,40.72,0.0,2.2,-17.4,3,-104.656,1.214,658.476
5088.9,40.59,0.0,0.9,-17.6,3,-106.221,1.194,658.916
5088.9,40.41,0.0,0.3,-18.7,3,-108.574,1.164,659.525
5088.9,40.29,0.1,0.1,-19.4,3,-110.145,1.144,659.895
5097.4,40.12,0.0,0.7,-18.1,3,-112.504,1.115,660.399
5097.4,40.00,0.0,1.6,-18.3,3,-114.079,1.095,660.698
5097.4,39.81,0.0,1.5,-19.3,3,-116.440,1.066,661.094
5105.8,39.63,0.0,2.5,-15.5,3,-118.801,1.039,661.425
5105.8,39.50,0.0,2.3,-16.4,3,-120.373,1.021,661.610
5105.8,39.32,0.0,3.0,-13.6,3,-122.727,0.996,661.834
5105.8,39.19,0.0,3.3,-12.6,3,-124.293,0.981,661.948
5113.9,39.00,0.0,2.8,-15.1,3,-126.636,0.959,662.072
5113.9,38.88,0.0,3.0,-15.4,3,-128.193,0.945,662.123
5113.9,38.70,0.0,2.7,-18.0,3,-130.520,0.925,662.154
5113.9,38.57,0.0,3.8,-18.2,3,-132.066,0.911,662.144
5122.1,38.37,0.0,3.9,-21.5,3,-134.374,0.891,662.081
5122.1,38.24,0.0,3.4,-23.2,3,-135.904,0.878,662.007
5122.1,38.04,0.0,0.6,-24.2,3,-138.187,0.859,661.843
5122.1,37.92,3.1,0.0,-25.2,3,-139.699,0.847,661.698
5130.3,37.78,5.9,0.0,-23.1,3,-141.954,0.829,661.427
5130.3,37.68,3.8,0.0,-21.1,3,-143.447,0.817,661.209
5130.3,37.53,2.8,0.0,-21.2,3,-145.671,0.800,660.828
5130.3,37.42,2.2,0.0,-23.4,3,-147.142,0.789,660.539
5138.2,37.26,4.0,0.0,-27.5,3,-149.329,0.773,660.052
5138.2,37.10,5.2,0.0,-30.5,3,-151.490,0.757,659.501
5138.2,37.00,5.7,0.0,-32.1,3,-152.917,0.746,659.098
5138.2,36.85,5.7,0.0,-34.0,3,-155.033,0.731,658.441
5146.3,36.75,4.3,0.0,-35.2,3,-156.427,0.721,657.967
5146.3,36.57,2.5,0.0,-36.4,3,-158.490,0.707,657.204
5146.3,36.44,2.9,0.3,-36.6,3,-159.845,0.698,656.660
5146.3,36.25,8.5,0.0,-36.0,3,-161.845,0.686,655.789
5154.0,36.16,12.0,0.0,-35.5,3,-163.156,0.680,655.173
5154.0,36.01,15.2,0.0,-32.5,3,-165.086,0.674,654.193
5154.0,35.93,13.9,0.0,-30.1,3,-166.349,0.670,653.505
5154.0,35.81,11.5,0.0,-25.2,3,-168.207,0.668,652.419
5162.1,35.72,13.5,0.0,-23.4,3,-169.420,0.669,651.660
5162.1,35.61,9.6,0.0,-23.8,3,-171.206,0.664,650.481
5162.1,35.51,16.1,0.0,-24.6,3,-172.371,0.660,649.665
5162.1,35.42,28.8,0.0,-26.6,3,-174.077,0.656,648.393
5170.2,35.42,36.3,0.0,-31.4,3,-175.730,0.657,647.059
5170.2,35.43,37.5,0.0,-35.8,3,-176.806,0.658,646.138
5170.2,35.46,37.5,0.0,-43.8,3,-178.382,0.661,644.710
5170.2,35.48,34.0,0.0,-49.7,3,-179.406,0.663,643.727
5177.7,35.49,30.4,0.0,-59.6,3,-180.902,0.668,642.213
5177.7,35.43,18.6,0.0,-66.5,3,-181.873,0.671,641.179
5177.7,35.29,12.7,0.0,-72.8,3,-183.286,0.677,639.595
5177.7,35.18,40.0,0.0,-75.2,0,-184.196,0.681,638.519
5185.4,34.97,6.3,0.0,-72.9,2,-185.513,0.690,636.876
5185.4,34.83,13.4,0.0,-71.0,2,-186.355,0.696,635.763
5185.4,34.68,15.4,0.0,-68.2,2,-187.567,0.706,634.066
5185.4,34.59,16.8,0.0,-66.5,2,-188.341,0.713,632.917
5192.4,34.46,19.8,0.0,-67.4,2,-189.450,0.722,631.168
5192.4,34.37,15.8,0.0,-68.1,2,-190.154,0.729,629.985
5192.4,34.21,13.2,0.0,-67.8,2,-191.156,0.741,628.187
5192.4,34.05,13.3,0.0,-63.4,2,-192.093,0.753,626.366
5199.1,33.95,13.9,0.0,-59.8,2,-192.683,0.759,625.140
5199.1,33.82,16.4,0.0,-53.0,2,-193.515,0.769,623.285
5199.1,33.75,20.1,0.0,-47.6,2,-194.034,0.774,622.037
5199.1,33.72,32.5,0.0,-38.0,2,-194.759,0.780,620.148
5205.6,34.12,43.8,0.0,-4.9,2,-196.395,0.790,614.980
5212.2,34.33,55.9,0.0,3.3,2,-196.903,0.792,612.991
5212.2,34.67,73.5,0.0,5.6,2,-197.358,0.794,610.974
5212.2,34.99,81.7,0.0,3.6,2,-197.636,0.797,609.609
5212.2,35.51,82.0,0.0,-3.4,2,-198.020,0.800,607.531
5219.1,35.85,82.5,0.0,-8.0,2,-198.257,0.803,606.124
5219.1,36.36,83.7,0.0,-13.2,2,-198.586,0.807,603.984
5219.1,36.70,84.4,0.0,-14.4,2,-198.789,0.810,602.538
5219.1,37.20,85.9,0.0,-15.1,2,-199.067,0.816,600.340
5226.4,37.54,86.1,0.0,-14.1,2,-199.233,0.821,598.855
5226.4,38.04,86.2,0.0,-9.0,2,-199.448,0.829,596.599
5226.4,38.36,86.3,0.0,-6.2,2,-199.569,0.836,595.077
5226.4,38.88,86.4,0.0,-3.4,2,-199.719,0.846,592.765
5234.1,39.22,86.5,0.0,-2.5,2,-199.799,0.855,591.206
5234.1,39.71,76.8,0.0,-0.9,2,-199.894,0.869,588.841
5234.1,39.89,45.4,0.0,0.3,2,-199.944,0.880,587.250
5234.1,39.92,10.7,20.6,2.7,2,-200.010,0.896,584.855
5242.1,39.42,0.0,52.6,5.4,2,-200.076,0.913,582.472
5242.1,38.88,0.0,55.3,6.6,2,-200.125,0.924,580.905
5242.1,38.03,0.0,46.1,8.4,2,-200.212,0.940,578.598
5242.1,37.53,0.0,41.1,9.6,2,-200.282,0.951,577.088
5249.8,36.87,0.0,30.8,11.4,2,-200.411,0.968,574.858
5249.8,36.51,0.0,24.3,12.5,2,-200.515,0.979,573.394
5249.8,36.06,0.0,17.7,14.1,2,-200.702,0.995,571.225
5249.8,35.81,0.0,12.3,15.2,2,-200.850,1.005,569.795
5257.1,35.50,0.0,7.6,17.0,2,-201.107,1.019,567.671
5257.1,35.33,0.0,5.3,18.2,2,-201.305,1.028,566.268
5257.1,35.11,0.0,4.6,19.7,2,-201.642,1.041,564.181
5257.1,34.96,0.0,6.2,19.4,2,-201.897,1.051,562.803
5264.5,34.71,0.0,4.9,17.6,2,-202.322,1.065,560.756
5264.5,34.56,0.0,4.1,17.1,2,-202.633,1.074,559.406
5264.5,34.35,0.0,5.0,17.4,2,-203.141,1.088,557.401
5264.5,34.05,0.0,30.3,17.6,2,-203.699,1.104,555.425
5271.6,33.69,0.0,28.6,17.9,2,-204.095,1.114,554.129
5271.6,33.17,0.0,54.1,18.2,2,-204.724,1.131,552.223
5271.6,32.65,0.0,47.0,18.0,2,-205.163,1.142,550.980
5271.6,31.94,0.0,32.3,16.9,2,-205.847,1.160,549.167
5278.6,31.57,0.0,23.7,15.8,2,-206.323,1.171,547.989
5278.6,31.12,0.0,15.6,15.1,2,-207.070,1.190,546.262
5278.6,30.89,0.0,13.0,15.9,2,-207.590,1.203,545.136
5278.6,30.59,0.0,12.8,18.6,2,-208.403,1.222,543.480
5285.9,30.39,0.0,15.9,20.4,2,-208.966,1.236,542.398
5285.9,30.03,0.0,18.7,22.7,2,-209.839,1.255,540.808
5285.9,29.78,0.0,14.5,23.6,2,-210.438,1.268,539.773
5285.9,29.46,0.0,10.5,24.5,2,-211.365,1.287,538.256
5292.5,29.28,0.0,9.4,25.1,2,-212.004,1.299,537.270
5292.5,29.03,0.0,4.6,26.2,2,-212.991,1.317,535.826
5292.5,28.89,0.0,3.2,27.3,2,-213.670,1.328,534.887
5292.5,28.71,0.0,2.9,29.0,2,-214.721,1.345,533.516
5298.8,28.53,0.7,0.0,30.7,2,-215.811,1.361,532.188
5298.8,28.44,1.7,0.0,31.7,2,-216.559,1.371,531.329
5298.8,28.28,1.4,0.0,34.0,2,-217.713,1.386,530.078
5298.8,28.18,3.6,0.0,35.6,2,-218.504,1.396,529.271
5305.3,28.07,9.4,0.0,37.3,2,-219.721,1.409,528.102
5305.3,28.01,10.3,0.0,38.2,2,-220.553,1.418,527.351
5305.3,27.91,8.9,0.0,39.6,2,-221.833,1.430,526.266
5305.3,27.85,17.4,0.0,40.5,2,-222.706,1.437,525.572
5311.1,27.83,23.7,0.0,41.5,2,-224.046,1.448,524.576
5311.1,27.84,25.5,0.0,42.4,2,-224.961,1.454,523.940
5311.1,27.86,30.3,0.0,44.2,2,-226.363,1.463,523.032
5311.1,27.91,30.4,0.0,45.6,2,-227.318,1.468,522.456
5316.9,27.94,27.1,0.0,49.0,2,-228.779,1.475,521.637
5316.9,27.94,28.9,0.0,52.8,2,-230.272,1.481,520.874
5316.9,27.97,30.0,0.0,55.0,2,-231.283,1.485,520.396
5322.6,27.99,27.0,0.0,58.3,2,-232.822,1.489,519.728
5322.6,27.98,24.8,0.0,60.6,2,-233.863,1.491,519.315
5322.6,27.95,21.2,0.0,64.0,2,-235.442,1.494,518.746
5322.6,27.91,19.1,0.0,65.9,2,-236.504,1.495,518.401
5328.4,27.84,17.6,0.0,67.7,2,-238.111,1.497,517.936
5328.4,27.78,16.9,0.0,68.6,2,-239.189,1.498,517.661
5328.4,27.69,15.7,0.0,69.8,2,-240.814,1.498,517.304
5328.4,27.62,14.7,0.0,70.7,2,-241.902,1.497,517.101
5334.0,27.50,14.4,0.0,71.0,2,-243.537,1.496,516.853
5334.0,27.44,14.7,0.0,70.3,2,-244.629,1.494,516.724
5334.0,27.34,14.5,0.0,69.4,2,-246.266,1.491,516.586
5334.0,27.24,14.8,0.0,68.5,2,-247.902,1.488,516.515
5339.8,27.17,15.4,0.0,67.6,2,-248.990,1.485,516.504
5339.8,27.09,16.3,0.0,66.1,2,-250.618,1.480,516.541
5339.8,27.03,16.9,0.0,64.9,2,-251.698,1.476,516.602
5339.8,26.96,19.3,0.0,62.1,2,-253.312,1.469,516.747
5345.3,26.93,22.3,0.0,59.6,2,-254.381,1.465,516.879
5345.3,26.93,28.6,0.0,55.1,2,-255.977,1.457,517.129
5345.3,26.97,34.8,0.0,51.9,2,-257.036,1.451,517.332
5345.3,27.12,54.1,0.0,47.7,2,-258.618,1.442,517.688
5350.9,27.30,60.6,0.0,45.4,2,-259.671,1.435,517.960
5350.9,27.57,58.9,0.0,41.5,2,-261.251,1.423,518.419
5350.9,27.75,58.6,0.0,38.6,2,-262.303,1.414,518.760
5350.9,28.02,56.0,0.0,33.5,2,-263.877,1.400,519.325
5356.6,28.19,51.8,0.0,30.0,2,-264.923,1.389,519.737
5356.6,28.44,54.5,0.0,26.0,2,-266.483,1.373,520.409
5356.6,28.62,54.7,0.0,24.8,2,-267.516,1.362,520.891
5356.6,28.90,53.2,0.0,26.2,2,-269.057,1.344,521.667
5362.5,29.14,52.0,0.0,29.1,2,-270.584,1.327,522.503
5362.5,29.31,52.8,0.0,30.7,2,-271.592,1.315,523.093
5362.5,29.57,53.2,0.0,33.8,2,-273.093,1.296,524.025
5362.5,29.74,53.4,0.0,35.6,2,-274.083,1.284,524.676
5368.6,30.00,55.9,0.0,37.1,2,-275.554,1.264,525.699
5368.6,30.17,57.3,0.0,37.1,2,-276.523,1.250,526.412
5368.6,30.46,58.9,0.0,36.0,2,-277.956,1.229,527.530
5368.6,30.66,61.1,0.0,35.2,2,-278.898,1.214,528.309
5375.3,30.98,62.6,0.0,34.3,2,-280.289,1.192,529.525
5375.3,31.19,61.2,0.0,33.7,2,-281.201,1.177,530.370
5375.3,31.50,61.1,0.0,33.5,2,-282.545,1.153,531.685
5375.3,31.79,60.5,0.0,33.7,2,-283.854,1.128,533.058
5381.9,31.98,59.8,0.0,32.9,2,-284.707,1.112,534.006
5381.9,32.28,60.8,0.0,31.6,2,-285.953,1.087,535.476
5381.9,32.48,60.5,0.0,31.3,2,-286.760,1.072,536.488
5381.9,32.78,60.5,0.0,31.3,2,-287.936,1.048,538.052
5388.8,32.97,61.8,0.0,31.6,2,-288.696,1.032,539.125
5388.8,33.28,60.3,0.0,32.2,2,-289.797,1.009,540.778
5388.8,33.50,65.0,0.0,33.1,2,-290.507,0.993,541.909
5388.8,33.82,65.7,0.0,34.7,2,-291.532,0.969,543.648
5396.5,34.04,64.9,0.0,34.8,2,-292.189,0.953,544.836
5396.5,34.38,65.8,0.0,35.2,2,-293.132,0.930,546.658
5396.5,34.60,65.4,0.0,35.8,2,-293.731,0.916,547.900
5396.5,34.92,64.8,0.0,37.2,2,-294.586,0.894,549.801
5403.9,35.12,65.7,0.0,38.3,2,-295.126,0.879,551.092
5403.9,35.44,63.3,0.0,39.5,2,-295.892,0.856,553.066
5403.9,35.69,53.6,0.0,42.4,2,-296.598,0.834,555.079
5403.9,35.77,44.6,0.0,41.9,2,-297.032,0.820,556.441
5412.1,35.92,49.9,0.0,39.1,2,-297.626,0.802,558.507
5412.1,36.08,64.4,0.0,37.1,2,-297.984,0.791,559.901
5412.1,36.45,79.3,0.0,33.9,2,-298.471,0.773,562.020
5412.1,36.70,85.1,0.0,29.7,2,-298.761,0.762,563.453
5420.3,37.09,70.1,0.0,21.7,2,-299.145,0.746,565.633
5420.3,37.34,83.9,0.0,16.6,2,-299.363,0.737,567.105
5420.3,37.76,74.9,0.0,9.5,2,-299.638,0.724,569.340
5420.3,38.05,85.6,0.0,7.1,2,-299.786,0.716,570.848
5428.0,38.52,86.5,0.0,5.0,2,-299.959,0.705,573.137
5428.0,38.86,86.5,0.0,5.0,2,-300.043,0.698,574.682
5428.0,39.36,86.6,0.0,7.9,2,-300.122,0.691,577.026
5428.0,39.69,86.6,0.0,10.2,2,-300.148,0.686,578.607
5436.1,40.17,86.0,0.0,12.8,2,-300.146,0.681,581.001
5436.1,40.61,83.3,0.0,14.0,2,-300.099,0.677,583.424
5436.1,40.91,82.5,0.0,14.2,2,-300.040,0.673,585.052
5444.2,41.32,84.1,0.0,14.5,2,-299.909,0.667,587.515
5444.2,41.48,0.0,0.0,14.1,0,-299.792,0.662,589.167
5444.2,41.59,83.5,0.0,13.8,3,-299.566,0.655,591.646
5444.2,41.86,85.3,0.0,14.1,3,-299.384,0.650,593.304
5452.3,42.28,85.4,0.0,14.5,3,-299.063,0.640,595.807
5452.3,42.55,85.5,0.0,16.2,3,-298.816,0.633,597.485
5452.3,42.96,85.6,0.0,19.6,3,-298.396,0.622,600.015
5452.3,43.18,51.2,0.0,22.0,3,-298.082,0.612,601.709
5460.6,43.20,51.2,0.0,22.5,3,-297.559,0.595,604.247
5460.6,43.41,85.7,0.0,22.1,3,-297.175,0.582,605.935
5460.6,43.78,85.9,0.0,20.1,3,-296.542,0.563,608.471
5460.6,44.17,86.0,0.0,14.9,3,-295.840,0.542,611.014
5469.2,44.43,86.1,0.0,12.3,3,-295.335,0.527,612.712
5469.2,44.80,86.3,0.0,8.5,3,-294.524,0.499,615.262
5469.2,45.06,86.4,0.0,4.6,3,-293.946,0.479,616.963
5469.2,45.45,86.5,0.0,-0.9,3,-293.026,0.447,619.516
5478.2,45.72,86.4,0.0,-2.0,3,-292.381,0.424,621.221
5478.2,46.15,86.2,0.0,0.3,3,-291.369,0.386,623.784
5478.2,46.39,86.4,0.0,2.6,3,-290.668,0.363,625.496
5478.2,46.82,86.5,0.0,4.5,3,-289.586,0.331,628.074
5487.4,47.02,86.7,0.0,5.1,3,-288.849,0.303,629.799
5487.4,47.45,86.7,0.0,3.9,3,-287.721,0.257,632.399
5487.4,47.62,87.0,0.0,2.5,0,-286.951,0.226,634.137
5487.4,47.66,84.6,0.0,0.5,4,-285.777,0.172,636.742
5496.8,47.90,84.6,0.0,0.6,4,-284.980,0.131,638.478
5496.8,48.19,85.0,0.0,3.3,4,-283.756,0.078,641.087
5496.8,48.45,84.7,0.0,5.0,4,-282.925,0.047,642.832
5496.8,48.83,84.8,0.0,5.8,4,-281.656,0.003,645.459
5506.4,49.17,84.9,0.0,4.4,4,-280.359,-0.040,648.097
5506.4,49.42,85.0,0.0,3.9,4,-279.478,-0.068,649.859
5506.4,49.76,85.4,0.0,3.0,4,-278.133,-0.110,652.512
5506.4,50.00,85.5,0.0,2.6,4,-277.221,-0.141,654.286
5516.3,50.38,85.6,0.0,2.7,4,-275.825,-0.177,656.953
5516.3,50.61,85.7,0.0,2.9,4,-274.876,-0.194,658.735
5516.3,50.93,86.0,0.0,4.5,4,-273.428,-0.215,661.414
5516.3,51.15,86.1,0.0,4.7,4,-272.444,-0.228,663.202
5526.4,51.47,86.4,0.0,6.8,4,-270.942,-0.242,665.890
5526.4,51.67,86.7,0.0,6.0,4,-269.924,-0.251,667.682
5526.4,52.03,86.6,0.0,4.6,4,-268.366,-0.270,670.375
5526.4,52.24,86.7,0.0,4.0,4,-267.304,-0.282,672.169
5536.8,52.58,86.8,0.0,4.1,4,-265.677,-0.300,674.859
5536.8,52.80,86.9,0.0,4.5,4,-264.571,-0.311,676.653
5536.8,53.13,87.0,0.0,4.5,4,-262.881,-0.326,679.343
5536.8,53.45,87.2,0.0,5.2,4,-261.157,-0.338,682.035
5547.3,53.66,87.3,0.0,5.0,4,-259.988,-0.345,683.829
5547.3,53.97,87.4,0.0,4.2,4,-258.205,-0.352,686.520
5547.3,54.19,87.5,0.0,3.1,4,-256.996,-0.356,688.314
5547.3,54.50,87.7,0.0,2.3,4,-255.156,-0.360,691.005
5558.1,54.72,87.7,0.0,1.9,4,-253.913,-0.363,692.801
5558.1,55.03,87.9,0.0,1.6,4,-252.025,-0.368,695.497
5558.1,55.23,88.0,0.0,1.2,4,-250.753,-0.371,697.298
5558.1,55.54,88.1,0.0,1.7,4,-248.827,-0.378,700.006
5569.0,55.75,88.2,0.0,2.1,4,-247.531,-0.383,701.815
5569.0,56.05,88.3,0.0,2.6,4,-245.569,-0.391,704.535
5569.0,56.26,88.4,0.0,2.8,4,-244.248,-0.397,706.351
5569.0,56.55,88.5,0.0,3.1,4,-242.247,-0.404,709.079
5580.1,56.76,88.6,0.0,3.3,4,-240.897,-0.409,710.900
5580.1,57.05,88.7,0.0,3.8,4,-238.849,-0.415,713.631
5580.1,57.34,88.9,0.0,4.0,4,-236.772,-0.419,716.361
5580.1,57.53,89.0,0.0,4.2,4,-235.369,-0.421,718.180
5591.5,57.82,89.1,0.0,4.5,4,-233.239,-0.424,720.906
5591.5,58.00,89.2,0.0,4.6,4,-231.799,-0.425,722.720
5591.5,58.27,89.3,0.0,4.8,4,-229.611,-0.426,725.436
5591.5,58.46,89.3,0.0,4.8,4,-228.133,-0.427,727.242
5603.1,58.73,89.5,0.0,4.8,4,-225.884,-0.425,729.944
5603.1,58.90,89.6,0.0,4.8,4,-224.364,-0.423,731.739
5603.1,59.16,89.7,0.0,4.9,4,-222.053,-0.419,734.422
5603.1,59.34,89.7,0.0,4.9,4,-220.491,-0.415,736.204
5615.1,59.37,0.0,0.0,5.0,0,-218.118,-0.406,738.863
5615.1,59.45,88.3,0.0,4.5,5,-216.520,-0.398,740.621
5615.1,59.69,88.5,0.0,4.5,5,-214.093,-0.382,743.244
5615.1,59.85,88.5,0.0,4.8,5,-212.455,-0.369,744.985
5627.2,60.08,88.7,0.0,4.6,5,-209.967,-0.349,747.583
5627.2,60.24,88.7,0.0,4.5,5,-208.288,-0.335,749.307
5627.2,60.47,88.8,0.0,4.1,5,-205.739,-0.310,751.879
5639.6,60.70,88.9,0.0,4.0,5,-203.155,-0.282,754.435
5639.6,60.86,89.0,0.0,4.2,5,-201.413,-0.263,756.131
5639.6,61.09,89.1,0.0,4.6,5,-198.774,-0.236,758.663
5639.6,61.25,89.2,0.0,4.7,5,-196.995,-0.220,760.344
5652.0,61.48,89.2,0.0,4.6,5,-194.300,-0.196,762.852
5652.0,61.64,89.3,0.0,5.0,5,-192.485,-0.183,764.515
5652.0,61.87,89.4,0.0,5.1,5,-189.736,-0.170,766.998
5652.0,62.02,89.4,0.0,4.8,5,-187.884,-0.165,768.644
5664.6,62.24,89.5,0.0,4.6,5,-185.078,-0.160,771.097
5664.6,62.39,89.6,0.0,4.6,5,-183.187,-0.157,772.720
5664.6,62.61,89.7,0.0,4.7,5,-180.321,-0.150,775.138
5664.6,62.75,89.8,0.0,5.1,5,-178.390,-0.145,776.737
5677.4,62.97,89.8,0.0,5.6,5,-175.466,-0.138,779.119
5677.4,63.13,89.9,0.0,6.0,5,-173.498,-0.135,780.696
5677.4,63.35,90.0,0.0,6.5,5,-170.517,-0.134,783.042
5677.4,63.56,90.0,0.0,6.3,5,-167.500,-0.138,785.363
5690.3,63.69,90.1,0.0,6.1,5,-165.467,-0.140,786.894
5690.3,63.90,90.2,0.0,6.3,5,-162.384,-0.139,789.161
5690.3,64.03,90.3,0.0,7.2,5,-160.306,-0.138,790.654
5690.3,64.23,90.3,0.0,7.8,5,-157.157,-0.135,792.866
5703.4,64.38,90.4,0.0,7.0,5,-155.038,-0.135,794.322
5703.4,64.55,90.6,0.0,5.6,5,-151.824,-0.134,796.474
5703.4,64.71,90.5,0.0,4.5,5,-149.659,-0.133,797.887
5703.4,64.91,90.6,0.0,4.5,5,-146.377,-0.125,799.970
5716.6,65.04,90.7,0.0,5.6,5,-144.169,-0.118,801.339
5716.6,65.24,90.7,0.0,6.9,5,-140.829,-0.114,803.366
5716.6,65.35,90.8,0.0,7.3,5,-138.583,-0.112,804.699
5716.6,65.55,90.8,0.0,7.1,5,-135.185,-0.111,806.668
5730.0,65.68,90.8,0.0,6.1,5,-132.899,-0.108,807.957
5730.0,65.87,90.9,0.0,6.8,5,-129.441,-0.104,809.858
5730.0,66.05,91.0,0.0,7.1,5,-125.947,-0.104,811.715
5730.0,66.17,91.0,0.0,7.5,5,-123.597,-0.102,812.926
5743.4,66.35,91.1,0.0,8.2,5,-120.041,-0.100,814.706
5743.4,66.48,91.1,0.0,7.4,5,-117.652,-0.098,815.865
5743.4,66.65,91.3,0.0,7.8,5,-114.037,-0.095,817.563
5743.4,66.78,91.3,0.0,7.6,5,-111.609,-0.093,818.668
5756.9,66.95,91.3,0.0,8.0,5,-107.937,-0.091,820.283
5756.9,67.05,91.4,0.0,8.1,5,-105.470,-0.088,821.330
5756.9,67.24,91.4,0.0,7.8,5,-101.742,-0.081,822.856
5756.9,67.35,91.5,0.0,7.8,5,-99.238,-0.077,823.844
5770.5,67.52,91.5,0.0,7.8,5,-95.457,-0.071,825.282
5770.5,67.63,91.6,0.0,8.1,5,-92.918,-0.066,826.210
5770.5,67.80,91.6,0.0,8.5,5,-89.086,-0.061,827.558
5770.5,67.95,91.7,0.0,7.6,5,-85.224,-0.056,828.849
5784.0,68.06,91.7,0.0,7.3,5,-82.633,-0.051,829.677
5784.0,68.22,91.8,0.0,7.2,5,-78.723,-0.044,830.871
5784.0,68.32,91.9,0.0,7.2,5,-76.102,-0.038,831.636
5784.0,68.49,91.9,0.0,7.4,5,-72.147,-0.031,832.735
5797.6,68.59,92.0,0.0,7.9,5,-69.497,-0.026,833.436
5797.6,68.74,92.0,0.0,6.1,5,-65.501,-0.016,834.439
5797.6,68.86,92.0,0.0,5.4,5,-62.824,-0.009,835.077
5797.6,69.02,92.1,0.0,4.4,5,-58.790,0.002,835.989
5811.3,69.12,92.1,0.0,4.0,5,-56.089,0.011,836.568
5811.3,69.29,92.2,0.0,4.0,5,-52.021,0.027,837.398
5811.3,69.40,92.2,0.0,4.0,5,-49.298,0.039,837.929
5811.3,69.56,92.2,0.0,3.9,5,-45.200,0.060,838.693
5825.1,69.67,92.3,0.0,3.8,5,-42.459,0.075,839.183
5825.1,69.76,0.0,0.0,3.7,0,-38.335,0.098,839.889
5825.1,69.74,91.4,0.0,3.2,6,-34.206,0.121,840.559
5825.1,69.85,91.4,0.0,3.1,6,-31.448,0.136,840.986
5839.0,70.00,91.5,0.0,2.6,6,-27.298,0.161,841.599
5839.0,70.10,91.5,0.0,2.4,6,-24.524,0.178,841.989
5839.0,70.26,91.6,0.0,2.0,6,-20.351,0.207,842.552
5839.0,70.36,91.6,0.0,1.7,6,-17.562,0.227,842.913
5853.0,70.53,91.7,0.0,1.0,6,-13.368,0.252,843.438
5853.0,70.63,91.7,0.0,0.6,6,-10.566,0.270,843.778
5853.0,70.78,91.8,0.0,0.3,6,-6.354,0.298,844.277
5853.0,70.89,91.8,0.0,0.1,6,-3.539,0.317,844.604
-2.0,71.05,91.8,0.0,-0.2,6,0.690,0.347,845.091
