opponent,v3,Jules Gounon,0,1771576205831
Game,version,date,track,car,event,laptime [s],S1 [s],S2 [s],S3 [s],S4+ [s]
LMU,1.2,2026-02-20 08:30:05,Silverstone Grand Prix Circuit - ELMS,Alpine Endurance Team 2025 #36:LM (Hyper),Live,105.795,0,0,0
Tracklen [m],TotalLaps
5867.5,2
,
,
lapdistance [m],speed [m/s],throttle [%],brake [%],steer [%],gear [int],world_x [m],world_y [m],world_z [m]
19.1,72.62,86.6,0.0,0.3,6,23.264,0.489,847.412
19.1,72.71,86.7,0.0,0.4,6,26.150,0.512,847.751
19.1,72.86,86.7,0.0,0.5,6,30.487,0.549,848.259
33.7,72.96,86.7,0.0,0.4,6,33.384,0.574,848.597
33.7,73.12,86.7,0.0,0.3,6,37.737,0.610,849.102
33.7,73.22,86.7,0.0,0.3,6,40.644,0.634,849.438
33.7,73.37,86.7,0.0,0.3,6,45.012,0.672,849.939
48.3,73.46,86.7,0.0,0.3,6,47.930,0.698,850.272
48.3,73.61,86.8,0.0,0.3,6,52.313,0.739,850.769
48.3,73.75,86.8,0.0,0.2,6,56.706,0.779,851.263
48.3,73.85,86.8,0.0,0.2,6,59.639,0.806,851.591
63.1,73.99,86.8,0.0,0.3,6,64.047,0.847,852.082
63.1,74.08,86.8,0.0,0.2,6,66.990,0.875,852.408
63.1,74.22,86.9,0.0,0.1,6,71.411,0.918,852.896
63.1,74.32,86.9,0.0,0.1,6,74.364,0.945,853.221
77.9,74.46,86.9,0.0,0.0,6,78.801,0.983,853.706
77.9,74.56,86.9,0.0,0.0,6,81.763,1.007,854.030
77.9,74.69,86.9,0.0,-0.1,6,86.214,1.042,854.514
77.9,74.78,86.9,0.0,-0.0,6,89.185,1.066,854.837
92.8,74.92,87.0,0.0,0.1,6,93.650,1.101,855.322
92.8,75.01,87.0,0.0,0.1,6,96.630,1.123,855.645
92.8,75.14,87.0,0.0,0.1,6,101.108,1.155,856.131
92.8,75.22,87.0,0.0,0.2,6,104.098,1.176,856.455
107.8,75.36,87.0,0.0,0.4,6,108.589,1.209,856.941
122.9,75.88,87.1,0.0,0.4,6,126.634,1.330,858.865
122.9,76.01,87.1,0.0,0.5,6,131.166,1.353,859.339
122.9,76.12,87.1,0.0,0.4,6,135.706,1.380,859.810
138.1,76.20,87.2,0.0,0.4,6,138.736,1.402,860.123
138.1,76.33,87.2,0.0,0.4,6,143.288,1.436,860.590
138.1,76.42,87.1,0.0,0.3,6,146.327,1.455,860.899
138.1,76.54,87.2,0.0,0.3,6,150.893,1.483,861.361
153.4,76.62,87.2,0.0,0.4,6,153.940,1.502,861.668
153.4,76.74,87.2,0.0,0.5,6,158.518,1.527,862.125
153.4,76.81,87.2,0.0,0.5,6,161.574,1.544,862.430
153.4,76.94,87.2,0.0,0.2,6,166.164,1.573,862.884
168.7,77.01,87.3,0.0,0.1,6,169.228,1.593,863.185
168.7,77.13,87.3,0.0,-0.0,6,173.830,1.623,863.635
168.7,77.21,87.3,0.0,-0.1,6,176.902,1.644,863.934
168.7,77.32,87.3,0.0,-0.2,6,181.516,1.674,864.383
184.1,77.40,87.3,0.0,-0.4,6,184.595,1.694,864.682
184.1,77.51,87.3,0.0,-0.7,6,189.220,1.720,865.135
184.1,77.62,87.3,0.0,-0.7,6,193.851,1.750,865.592
184.1,77.70,87.3,0.0,-0.5,6,196.942,1.769,865.900
199.6,77.81,87.3,0.0,-0.5,6,201.583,1.797,866.370
199.6,77.88,87.3,0.0,-0.4,6,204.680,1.815,866.687
199.6,77.98,87.4,0.0,-0.0,6,209.331,1.840,867.169
199.6,78.05,87.4,0.0,0.3,6,212.435,1.857,867.494
215.2,78.16,87.4,0.0,0.4,6,217.095,1.886,867.987
215.2,78.23,87.4,0.0,0.4,6,220.204,1.908,868.316
215.2,78.32,87.4,0.0,0.6,6,224.874,1.941,868.810
215.2,78.32,2.8,0.0,0.9,0,227.991,1.962,869.137
230.8,78.26,86.6,0.0,1.0,7,232.661,1.994,869.624
230.8,78.33,86.6,0.0,1.2,7,235.776,2.018,869.944
230.8,78.41,63.4,10.3,1.4,7,240.454,2.052,870.418
230.8,78.21,6.1,41.3,1.6,7,243.572,2.071,870.729
246.5,77.29,0.0,78.0,2.0,7,248.220,2.095,871.183
246.5,76.45,0.0,85.5,2.4,7,251.283,2.112,871.474
246.5,75.11,0.0,89.8,2.9,7,255.814,2.136,871.894
261.7,73.73,0.0,91.1,3.1,0,260.264,2.160,872.287
261.7,72.82,22.1,92.2,3.5,0,263.187,2.176,872.534
261.7,71.43,0.0,92.4,4.2,6,267.504,2.200,872.874
261.7,70.51,0.0,92.2,4.5,6,270.337,2.215,873.081
276.0,69.12,0.0,91.8,5.7,6,274.520,2.234,873.359
276.0,68.21,0.0,91.7,6.3,6,277.264,2.245,873.520
276.0,66.83,0.0,90.9,6.4,6,281.313,2.259,873.721
276.0,65.93,0.0,91.5,6.6,0,283.967,2.270,873.827
289.3,64.61,0.0,92.7,7.0,5,287.885,2.282,873.941
289.3,63.67,0.0,84.0,6.0,5,290.452,2.291,873.987
289.3,62.44,0.0,61.8,4.8,5,294.236,2.307,874.006
289.3,61.78,0.0,38.3,5.0,5,296.721,2.318,873.983
301.8,61.11,0.0,23.9,5.5,5,300.407,2.334,873.891
301.8,60.76,0.0,22.8,6.7,5,302.842,2.346,873.788
301.8,60.27,0.0,14.2,10.1,5,306.468,2.365,873.573
301.8,59.90,0.0,9.5,12.8,5,310.062,2.387,873.286
313.7,59.68,0.0,9.5,14.6,5,312.442,2.403,873.057
313.7,59.36,0.0,3.7,15.7,5,315.991,2.426,872.657
313.7,59.18,0.7,0.3,14.5,5,318.343,2.440,872.351
313.7,58.95,0.1,3.1,13.1,5,321.849,2.461,871.833
325.4,58.76,0.0,12.3,12.0,5,324.172,2.475,871.447
325.4,58.38,0.0,17.4,11.0,5,327.629,2.494,870.810
325.4,58.08,0.0,23.7,11.9,5,329.912,2.506,870.348
325.4,57.58,0.0,19.8,13.6,5,333.301,2.523,869.599
337.1,57.28,0.0,5.0,14.2,5,335.535,2.534,869.061
337.1,57.12,41.3,0.0,15.6,5,338.853,2.552,868.194
337.1,57.13,54.8,0.0,17.1,5,341.052,2.563,867.573
337.1,57.24,70.2,0.0,20.3,5,344.335,2.579,866.577
348.8,57.33,71.7,0.0,22.9,5,346.515,2.589,865.870
348.8,57.42,54.1,0.0,26.0,5,349.768,2.605,864.744
348.8,57.38,29.8,2.2,25.9,5,352.995,2.622,863.539
348.8,57.23,2.5,4.0,26.4,5,355.126,2.633,862.693
361.1,56.95,7.3,0.5,25.4,5,358.283,2.651,861.364
361.1,56.85,35.7,0.0,23.9,5,360.361,2.664,860.436
361.1,56.86,67.7,0.0,21.6,5,363.445,2.682,858.979
361.1,56.96,81.7,0.0,20.5,5,365.482,2.695,857.964
373.0,57.08,64.6,0.0,20.2,5,368.512,2.712,856.375
373.0,57.13,62.5,0.0,21.0,5,370.512,2.725,855.272
373.0,57.23,82.4,0.0,22.7,5,373.480,2.743,853.553
373.0,57.35,85.4,0.0,22.4,5,375.439,2.755,852.364
385.3,57.55,85.4,0.0,22.1,5,378.347,2.773,850.515
385.3,57.67,85.3,0.0,23.0,5,380.266,2.784,849.241
385.3,57.86,85.4,0.0,24.5,5,383.114,2.800,847.266
385.3,58.04,85.4,0.0,26.6,5,385.922,2.815,845.216
397.4,58.16,85.4,0.0,27.3,5,387.771,2.826,843.808
397.4,58.34,85.5,0.0,26.9,5,390.507,2.843,841.634
397.4,58.46,85.5,0.0,26.6,5,392.306,2.855,840.144
397.4,58.64,85.6,0.0,24.9,5,394.966,2.871,837.850
409.7,58.76,85.1,0.0,22.9,5,396.712,2.882,836.282
409.7,58.92,79.0,0.0,20.6,5,399.289,2.900,833.868
409.7,58.92,34.6,24.5,19.8,5,400.976,2.912,832.222
409.7,58.42,0.0,33.7,18.4,5,403.447,2.929,829.709
421.7,57.98,0.0,7.3,16.6,5,405.047,2.941,828.018
421.7,57.86,75.4,0.0,12.8,5,407.382,2.957,825.448
421.7,57.98,85.4,0.0,11.6,5,408.905,2.967,823.703
421.7,58.19,85.5,0.0,11.1,5,411.146,2.980,821.035
433.4,58.33,85.5,0.0,10.9,5,412.611,2.987,819.223
433.4,58.55,85.4,0.0,12.9,5,414.762,3.000,816.455
433.4,58.69,85.5,0.0,14.7,5,416.166,3.010,814.577
433.4,58.92,85.5,0.0,17.1,5,418.233,3.022,811.718
444.9,59.14,85.5,0.0,17.3,5,420.252,3.031,808.809
444.9,59.28,85.6,0.0,16.8,5,421.567,3.040,806.840
444.9,59.50,85.6,0.0,15.9,5,423.494,3.056,803.843
444.9,59.63,85.7,0.0,15.2,5,424.747,3.067,801.817
456.4,59.84,85.7,0.0,13.9,5,426.576,3.087,798.735
456.4,59.98,85.8,0.0,14.1,5,427.761,3.103,796.653
456.4,60.19,85.7,0.0,13.8,5,429.489,3.126,793.490
456.4,60.33,85.8,0.0,14.7,5,430.606,3.144,791.354
468.2,60.54,85.2,0.0,14.3,5,432.231,3.170,788.114
468.2,60.66,85.7,0.0,13.6,5,433.282,3.186,785.930
468.2,60.90,85.9,0.0,11.6,5,434.806,3.212,782.617
468.2,61.04,86.0,0.0,11.4,5,435.786,3.231,780.385
480.2,61.22,84.9,0.0,10.3,5,437.208,3.263,777.003
480.2,61.43,86.0,0.0,9.1,5,438.574,3.292,773.587
480.2,61.52,69.3,0.0,6.4,5,439.462,3.302,771.294
492.4,62.26,72.2,0.0,8.9,5,444.223,3.399,757.236
504.5,62.46,84.2,0.0,8.1,5,445.299,3.425,753.654
504.5,62.68,86.1,0.0,4.7,5,446.335,3.451,750.046
504.5,62.84,86.0,0.0,4.2,5,447.001,3.470,747.626
516.9,63.06,85.4,0.0,4.1,5,447.969,3.500,743.976
516.9,63.24,85.2,0.0,4.8,5,448.595,3.522,741.530
516.9,63.47,86.4,0.0,6.5,5,449.506,3.558,737.841
516.9,63.61,86.6,0.0,7.1,5,450.098,3.579,735.370
529.5,63.84,86.5,0.0,6.2,5,450.957,3.604,731.644
529.5,63.96,86.5,0.0,5.8,5,451.507,3.620,729.148
529.5,64.19,86.5,0.0,5.2,5,452.297,3.645,725.386
529.5,64.34,86.4,0.0,5.0,5,452.800,3.664,722.866
542.3,64.56,86.5,0.0,4.7,5,453.520,3.696,719.068
542.3,64.70,86.5,0.0,4.6,5,453.981,3.716,716.524
542.3,64.92,86.6,0.0,4.0,5,454.646,3.741,712.693
542.3,65.07,86.5,0.0,3.0,5,455.072,3.757,710.129
555.2,65.28,86.6,0.0,2.8,5,455.686,3.785,706.268
555.2,65.50,86.6,0.0,2.1,5,456.276,3.817,702.389
555.2,65.64,86.6,0.0,2.2,5,456.659,3.838,699.795
555.2,65.86,86.7,0.0,1.5,5,457.219,3.869,695.890
568.3,66.00,86.7,0.0,1.5,5,457.585,3.892,693.279
568.3,66.21,86.7,0.0,1.3,5,458.125,3.926,689.350
568.3,66.36,86.7,0.0,1.2,5,458.479,3.948,686.722
568.3,66.57,86.8,0.0,1.2,5,459.001,3.981,682.769
581.4,66.71,86.8,0.0,1.2,5,459.345,4.004,680.126
581.4,66.92,86.8,0.0,1.4,5,459.852,4.037,676.150
581.4,67.06,86.9,0.0,1.3,5,460.186,4.060,673.491
581.4,67.26,86.9,0.0,1.4,5,460.679,4.094,669.492
594.7,67.40,86.9,0.0,1.4,5,461.002,4.116,666.819
594.7,67.60,87.0,0.0,1.5,5,461.479,4.149,662.797
594.7,67.74,87.0,0.0,1.5,5,461.791,4.171,660.109
594.7,67.93,87.0,0.0,1.5,5,462.250,4.204,656.065
608.2,68.13,87.0,0.0,1.8,5,462.697,4.240,652.009
608.2,68.26,87.1,0.0,1.9,5,462.989,4.263,649.297
608.2,68.46,87.1,0.0,1.8,5,463.418,4.297,645.218
608.2,68.59,87.1,0.0,1.8,5,463.696,4.320,642.492
621.8,68.78,87.1,0.0,1.5,5,464.102,4.353,638.391
621.8,68.91,87.2,0.0,1.5,5,464.365,4.376,635.650
621.8,69.09,87.2,0.0,1.6,5,464.748,4.410,631.529
621.8,69.22,87.2,0.0,1.6,5,464.995,4.432,628.774
635.6,69.41,87.2,0.0,1.5,5,465.355,4.465,624.631
635.6,69.53,87.2,0.0,1.4,5,465.588,4.487,621.863
635.6,69.71,87.3,0.0,1.4,5,465.926,4.519,617.700
635.6,69.83,87.3,0.0,1.5,5,466.145,4.541,614.918
649.5,70.00,87.3,0.0,1.3,5,466.463,4.574,610.735
649.5,70.13,87.3,0.0,1.2,5,466.669,4.596,607.941
649.5,70.30,87.3,0.0,1.2,5,466.970,4.629,603.739
649.5,70.48,87.4,0.0,1.2,5,467.261,4.662,599.526
663.6,70.59,87.4,0.0,1.1,5,467.450,4.683,596.711
663.6,70.76,87.4,0.0,0.9,5,467.725,4.716,592.480
663.6,70.88,87.4,0.0,0.8,5,467.904,4.737,589.653
663.6,71.04,87.4,0.0,1.1,0,468.166,4.767,585.404
677.8,70.96,0.0,0.0,1.0,0,468.335,4.786,582.568
677.8,71.06,86.4,0.0,0.9,6,468.582,4.813,578.317
677.8,71.17,86.4,0.0,0.9,6,468.742,4.830,575.477
677.8,71.34,86.4,0.0,0.8,6,468.977,4.854,571.208
692.0,71.45,86.4,0.0,0.7,6,469.129,4.867,568.357
692.0,71.61,86.5,0.0,0.1,6,469.352,4.886,564.072
692.0,71.72,86.5,0.0,-0.8,6,469.499,4.897,561.209
692.0,71.88,86.5,0.0,-0.5,6,469.716,4.914,556.908
706.4,71.98,86.5,0.0,0.1,6,469.862,4.925,554.034
706.4,72.14,86.5,0.0,-0.1,6,470.083,4.939,549.716
706.4,72.25,86.6,0.0,-0.4,6,470.232,4.947,546.833
706.4,72.41,86.6,0.0,-0.8,6,470.458,4.957,542.499
720.9,72.57,86.6,0.0,0.0,6,470.689,4.964,538.156
720.9,72.67,86.6,0.0,-0.3,6,470.845,4.967,535.255
720.9,72.83,86.6,0.0,0.2,6,471.082,4.971,530.897
720.9,72.93,86.7,0.0,0.7,6,471.241,4.973,527.987
735.5,73.09,86.7,0.0,0.6,6,471.479,4.972,523.613
735.5,73.19,86.7,0.0,0.4,6,471.636,4.970,520.692
735.5,73.34,86.7,0.0,0.1,6,471.868,4.965,516.303
735.5,73.44,86.7,0.0,0.2,6,472.021,4.961,513.371
750.2,73.60,86.8,0.0,0.2,6,472.248,4.954,508.966
750.2,73.69,86.8,0.0,0.3,6,472.397,4.947,506.025
750.2,73.85,86.8,0.0,0.3,6,472.621,4.933,501.604
750.2,73.94,86.8,0.0,0.3,6,472.768,4.922,498.652
765.0,74.10,86.8,0.0,0.3,6,472.988,4.901,494.217
765.0,74.25,86.8,0.0,0.2,6,473.205,4.878,489.772
765.0,74.34,86.9,0.0,0.3,6,473.348,4.861,486.804
779.8,74.49,86.9,0.0,0.3,6,473.562,4.836,482.345
779.8,74.58,86.9,0.0,0.4,6,473.703,4.820,479.367
779.8,74.72,86.9,0.0,-0.9,6,473.914,4.797,474.893
779.8,74.81,87.0,0.0,-1.5,6,474.055,4.785,471.906
794.8,74.96,87.0,0.0,-2.0,6,474.269,4.767,467.418
794.8,75.06,87.0,0.0,-2.7,6,474.418,4.753,464.422
794.8,75.19,87.0,0.0,-3.5,6,474.656,4.734,459.921
794.8,75.28,87.0,0.0,-4.5,6,474.827,4.723,456.917
809.7,75.42,87.0,0.0,-4.9,6,475.109,4.703,452.405
809.7,75.51,87.1,0.0,-5.5,6,475.317,4.687,449.393
809.7,75.63,87.1,0.0,-5.5,6,475.663,4.663,444.873
809.7,75.71,87.1,0.0,-5.9,6,475.920,4.650,441.857
824.8,75.84,87.1,0.0,-7.5,6,476.345,4.624,437.331
824.8,75.95,87.1,0.0,-8.5,6,476.824,4.592,432.803
824.8,76.02,87.1,0.0,-8.7,6,477.180,4.575,429.785
824.8,76.11,87.2,0.0,-9.0,6,477.772,4.556,425.260
840.0,76.19,87.2,0.0,-9.1,6,478.206,4.543,422.245
840.0,76.29,87.2,0.0,-8.6,6,478.917,4.522,417.726
840.0,76.35,87.2,0.0,-8.9,6,479.435,4.511,414.718
840.0,76.45,87.2,0.0,-9.7,6,480.277,4.494,410.212
855.2,76.51,87.2,0.0,-9.0,6,480.880,4.482,407.213
855.2,76.60,87.2,0.0,-7.6,6,481.849,4.463,402.723
855.2,76.67,87.2,0.0,-7.4,6,482.536,4.449,399.735
855.2,76.77,87.2,0.0,-7.6,6,483.625,4.423,395.263
870.3,76.83,87.3,0.0,-8.3,6,484.389,4.403,392.287
870.3,76.94,87.2,0.0,-9.9,6,485.589,4.364,387.833
870.3,77.03,87.3,0.0,-11.0,6,486.859,4.319,383.392
870.3,77.09,87.3,0.0,-10.3,6,487.746,4.286,380.441
885.5,77.18,87.3,0.0,-9.2,6,489.141,4.234,376.029
885.5,77.23,87.3,0.0,-8.5,6,490.116,4.198,373.099
885.5,77.31,87.3,0.0,-8.7,6,491.644,4.142,368.722
885.5,77.37,87.3,0.0,-9.3,6,492.706,4.103,365.817
901.3,77.45,87.3,0.0,-9.0,6,494.365,4.045,361.479
901.3,77.51,87.3,0.0,-7.1,6,495.514,4.007,358.601
901.3,77.61,87.3,0.0,-2.9,6,497.296,3.949,354.303
901.3,77.68,87.4,0.0,-0.5,6,498.520,3.910,351.449
917.2,77.79,87.4,0.0,2.3,6,500.395,3.856,347.179
917.2,77.85,87.6,0.0,2.9,6,501.661,3.822,344.336
917.2,77.97,87.5,0.0,3.9,6,503.563,3.765,340.066
917.2,78.05,87.4,0.0,4.6,6,504.824,3.722,337.213
933.2,78.06,36.5,19.0,5.8,6,506.695,3.656,332.918
933.2,77.39,0.0,59.2,5.4,6,508.519,3.599,328.621
933.2,76.72,0.0,59.5,5.6,6,509.699,3.568,325.772
933.2,75.70,0.0,64.5,6.1,6,511.410,3.526,321.530
948.9,74.98,0.0,63.5,6.7,6,512.510,3.499,318.723
948.9,73.95,0.0,54.9,7.0,6,514.093,3.463,314.543
948.9,73.32,0.0,67.8,7.5,6,515.102,3.441,311.775
948.9,72.12,0.0,87.4,7.8,6,516.545,3.412,307.653
963.5,71.21,0.0,84.1,7.3,6,517.456,3.397,304.933
963.5,69.93,0.0,70.4,7.3,6,518.747,3.380,300.899
963.5,69.17,0.0,61.2,8.5,6,519.559,3.370,298.237
963.5,68.17,0.0,50.5,8.1,6,520.703,3.354,294.277
977.0,67.59,0.0,48.3,7.7,6,521.417,3.344,291.657
977.0,66.81,0.0,7.6,9.0,6,522.415,3.328,287.750
977.0,66.73,72.7,0.0,10.7,6,523.032,3.315,285.153
977.0,66.68,23.4,41.0,13.7,6,523.889,3.295,281.242
990.5,65.99,0.0,20.8,15.9,6,524.659,3.277,277.334
990.5,65.66,0.0,5.3,14.3,6,525.120,3.267,274.742
990.5,65.56,78.2,0.0,14.7,6,525.736,3.254,270.856
990.5,65.59,53.7,0.0,15.0,6,526.101,3.246,268.258
1005.0,65.45,8.4,0.9,14.9,6,526.575,3.239,264.354
1005.0,65.33,28.9,0.0,15.8,6,526.844,3.235,261.752
1005.0,65.37,82.0,0.0,16.1,6,527.194,3.211,257.847
1005.0,65.35,34.5,2.2,15.9,6,527.365,3.212,255.237
1019.0,65.12,0.0,1.8,16.4,6,527.540,3.226,251.326
1019.0,64.98,13.3,0.7,17.5,6,527.625,3.220,248.726
1019.0,64.64,0.0,7.0,18.5,6,527.684,3.201,244.836
1019.0,64.39,0.0,11.5,18.5,6,527.660,3.198,242.255
1032.9,63.99,22.7,13.1,18.0,0,527.547,3.195,238.405
1032.9,63.70,0.0,11.9,16.9,5,527.418,3.195,235.854
1032.9,63.28,0.0,5.5,15.5,5,527.141,3.201,232.055
1045.8,62.94,0.0,0.9,14.4,5,526.765,3.214,228.287
1045.8,62.75,1.6,0.0,14.4,5,526.463,3.225,225.791
1045.8,62.50,12.8,0.0,15.2,5,525.934,3.240,222.070
1045.8,62.36,9.6,0.0,13.1,5,525.532,3.250,219.605
1058.2,62.17,18.6,0.0,12.0,5,524.855,3.269,215.931
1058.2,62.06,22.8,0.0,11.1,5,524.354,3.284,213.498
1058.2,62.06,66.0,0.0,9.6,5,523.534,3.311,209.867
1058.2,62.17,84.3,0.0,8.4,5,522.945,3.330,207.454
1070.4,62.39,86.2,0.0,6.3,5,522.005,3.360,203.838
1070.4,62.54,86.1,0.0,4.5,5,521.344,3.381,201.429
1070.4,62.78,86.2,0.0,1.6,5,520.312,3.412,197.815
1070.4,62.93,86.2,0.0,0.8,5,519.602,3.433,195.403
1083.0,63.17,86.2,0.0,-0.7,5,518.516,3.465,191.780
1083.0,63.33,86.3,0.0,-1.7,5,517.783,3.485,189.359
1083.0,63.56,86.3,0.0,-3.1,5,516.681,3.515,185.716
1083.0,63.79,86.3,0.0,-4.5,5,515.584,3.543,182.057
1095.9,63.95,83.6,0.0,-3.2,5,514.861,3.561,179.607
1095.9,63.93,16.7,37.4,-4.5,5,513.794,3.583,175.919
1095.9,63.43,0.0,75.2,-4.4,5,513.099,3.596,173.466
1095.9,62.23,0.0,89.5,-4.3,5,512.092,3.615,169.829
1108.6,61.35,0.0,83.6,-4.9,5,511.446,3.627,167.442
1108.6,60.15,0.0,71.0,-5.1,5,510.517,3.643,163.916
1108.6,59.42,0.0,63.6,-6.1,5,509.926,3.653,161.597
1108.6,58.46,0.0,68.1,-9.5,5,509.086,3.668,158.161
1120.7,57.77,0.0,71.5,-10.7,5,508.559,3.679,155.895
1120.7,56.70,0.0,70.8,-11.4,0,507.824,3.697,152.539
1120.7,56.02,21.3,63.7,-10.7,0,507.369,3.707,150.330
1120.7,55.05,0.0,46.6,-8.5,4,506.746,3.722,147.055
1132.2,54.54,0.0,28.9,-7.6,4,506.371,3.732,144.895
1132.2,54.02,0.0,11.3,-8.3,4,505.869,3.743,141.678
1132.2,53.70,0.0,1.8,-11.0,4,505.444,3.750,138.474
1132.2,53.55,0.0,0.9,-14.0,4,505.203,3.754,136.343
1143.4,53.32,0.0,3.3,-19.1,4,504.903,3.755,133.150
1143.4,53.17,0.0,0.8,-22.3,4,504.744,3.754,131.026
1143.4,52.96,5.1,0.0,-26.4,4,504.560,3.746,127.848
1143.4,52.82,2.9,0.0,-26.3,4,504.477,3.737,125.734
1154.8,52.58,4.8,2.6,-23.8,4,504.421,3.726,122.571
1154.8,52.40,0.0,2.9,-21.1,4,504.430,3.720,120.471
1154.8,52.16,1.5,0.6,-18.1,4,504.512,3.714,117.335
1154.8,52.00,18.9,0.0,-16.1,4,504.608,3.707,115.254
1165.8,51.86,28.6,0.0,-13.8,4,504.831,3.706,112.147
1165.8,51.85,20.2,0.0,-14.1,4,505.015,3.699,110.080
1165.8,51.69,18.6,0.0,-14.5,4,505.360,3.687,106.993
1165.8,51.57,21.9,0.0,-14.3,4,505.645,3.689,104.947
1176.7,51.48,18.0,0.0,-17.0,4,506.131,3.685,101.894
1176.7,51.30,0.7,0.0,-22.1,4,506.671,3.658,98.857
1176.7,51.11,16.2,0.0,-26.1,4,507.084,3.651,96.851
1176.7,50.99,21.3,0.0,-29.4,4,507.766,3.639,93.866
1187.5,50.93,6.5,0.0,-32.3,4,508.249,3.619,91.885
1187.5,50.69,15.4,0.0,-37.7,4,509.044,3.594,88.942
1187.5,50.59,12.4,0.0,-40.8,4,509.616,3.579,86.999
1187.5,50.40,13.0,0.0,-47.8,4,510.530,3.550,84.111
1198.2,50.29,11.6,0.0,-51.1,4,511.176,3.527,82.203
1198.2,50.11,13.4,0.0,-55.1,4,512.199,3.490,79.369
1198.2,49.99,13.3,0.0,-56.9,4,512.917,3.463,77.501
1198.2,49.81,14.0,0.0,-58.3,4,514.049,3.420,74.729
1208.5,49.68,13.9,0.0,-59.2,4,514.842,3.391,72.904
1208.5,49.50,16.7,0.0,-57.9,4,516.087,3.346,70.202
1208.5,49.38,17.6,0.0,-55.2,4,516.956,3.317,68.426
1208.5,49.20,19.2,0.0,-51.3,4,518.319,3.277,65.801
1218.6,49.05,23.6,0.0,-48.3,4,519.753,3.242,63.226
1218.6,48.97,27.1,0.0,-41.7,4,520.748,3.221,61.537
1218.6,48.92,40.9,0.0,-28.9,4,522.297,3.192,59.043
1218.6,48.97,48.9,0.0,-19.6,4,523.366,3.173,57.403
1228.4,49.00,29.3,14.1,-6.8,4,525.024,3.146,54.976
1228.4,48.78,2.7,46.8,4.2,4,526.159,3.129,53.382
1228.4,47.99,0.0,63.9,14.9,4,527.872,3.104,51.035
1228.4,47.35,0.0,71.1,16.7,0,529.002,3.087,49.497
1238.1,46.33,0.0,80.2,15.2,3,530.654,3.060,47.220
1238.1,45.59,0.0,84.1,14.0,3,531.720,3.043,45.720
1238.1,44.44,0.0,82.1,12.7,3,533.256,3.017,43.496
1238.1,43.71,0.0,58.0,12.2,3,534.237,3.000,42.030
1247.1,42.92,0.0,22.6,11.6,3,535.646,2.975,39.847
1247.1,42.60,0.0,10.6,11.0,3,536.544,2.957,38.391
1247.1,42.28,0.0,1.9,10.1,3,537.831,2.929,36.194
1255.6,42.08,0.8,0.0,13.6,3,539.046,2.898,33.974
1255.6,41.96,3.6,0.0,17.5,3,539.817,2.877,32.481
1255.6,41.80,5.6,0.0,23.8,3,540.914,2.844,30.221
1255.6,41.71,7.1,0.0,27.6,3,541.608,2.822,28.701
1263.9,41.55,2.8,0.0,31.7,3,542.594,2.787,26.406
1263.9,41.46,15.0,0.0,32.9,3,543.214,2.762,24.866
1263.9,41.47,43.0,0.0,32.5,3,544.087,2.726,22.538
1263.9,41.57,58.9,0.0,31.4,3,544.631,2.701,20.970
1272.6,41.80,59.8,0.0,30.9,3,545.393,2.665,18.588
1272.6,41.92,54.0,0.0,31.7,3,545.865,2.641,16.981
1272.6,42.06,47.6,0.0,32.9,3,546.515,2.604,14.548
1272.6,42.13,42.6,0.0,34.2,3,546.910,2.578,12.911
1281.6,42.21,46.5,0.0,35.9,3,547.442,2.538,10.438
1281.6,42.28,49.8,0.0,35.8,3,547.755,2.512,8.778
1281.6,42.44,51.3,0.0,36.2,3,548.163,2.473,6.270
1281.6,42.56,46.9,0.0,38.3,3,548.499,2.432,3.743
1290.7,42.61,41.2,0.0,40.2,3,548.684,2.404,2.050
1290.7,42.65,37.8,0.0,42.6,3,548.899,2.360,-0.499
1290.7,42.68,38.4,0.0,43.4,3,549.001,2.330,-2.202
1290.7,42.76,48.7,0.0,44.2,3,549.093,2.285,-4.762
1299.9,42.84,56.6,0.0,44.2,3,549.113,2.255,-6.473
1299.9,43.04,55.9,0.0,44.6,3,549.083,2.208,-9.049
1299.9,43.12,50.1,0.0,46.4,3,549.022,2.176,-10.771
1299.9,43.21,41.6,0.0,48.2,3,548.872,2.125,-13.356
1308.9,43.23,34.9,0.0,49.5,3,548.729,2.092,-15.079
1308.9,43.21,32.7,0.0,50.3,3,548.450,2.043,-17.656
1308.9,43.20,33.2,0.0,50.3,3,548.221,2.013,-19.369
1308.9,43.19,35.9,0.0,48.8,3,547.811,1.969,-21.928
1318.4,43.20,37.9,0.0,47.0,3,547.494,1.941,-23.626
1318.4,43.24,42.4,0.0,43.9,3,546.953,1.902,-26.162
1318.4,43.32,50.7,0.0,40.2,3,546.330,1.865,-28.682
1318.4,43.39,57.7,0.0,37.5,3,545.870,1.843,-30.354
1327.9,43.62,68.2,0.0,33.8,3,545.113,1.811,-32.852
1327.9,43.78,72.3,0.0,32.3,3,544.566,1.790,-34.511
1327.9,44.09,79.2,0.0,30.0,3,543.683,1.755,-36.994
1327.9,44.30,84.0,0.0,28.5,3,543.052,1.732,-38.645
1337.4,44.57,68.6,0.0,24.8,3,542.038,1.698,-41.110
1346.9,45.80,81.9,0.0,13.0,3,537.185,1.585,-50.785
1346.9,46.15,85.0,0.0,11.9,3,535.779,1.559,-53.157
1346.9,46.40,86.3,0.0,11.6,3,534.801,1.542,-54.728
1356.3,46.78,86.3,0.0,11.4,3,533.272,1.519,-57.067
1356.3,47.04,86.3,0.0,11.9,3,532.214,1.503,-58.616
1356.3,47.43,86.4,0.0,13.7,3,530.571,1.480,-60.924
1356.3,47.68,86.5,0.0,14.3,3,529.440,1.463,-62.453
1365.9,48.06,86.6,0.0,14.8,3,527.693,1.436,-64.731
1365.9,48.33,86.5,0.0,14.6,3,526.494,1.416,-66.240
1365.9,48.69,86.7,0.0,14.0,3,524.645,1.385,-68.486
1365.9,49.07,86.8,0.0,12.7,3,522.736,1.351,-70.712
1375.4,49.32,86.8,0.0,12.1,3,521.430,1.327,-72.183
1375.4,49.69,86.9,0.0,12.6,3,519.422,1.291,-74.370
1375.4,49.94,86.9,0.0,14.2,3,518.050,1.265,-75.814
1375.4,50.30,87.0,0.0,16.9,3,515.945,1.225,-77.960
1385.2,50.54,87.0,0.0,18.1,3,514.509,1.197,-79.376
1385.2,50.89,87.1,0.0,18.0,3,512.306,1.153,-81.474
1385.2,51.12,87.2,0.0,17.2,3,510.804,1.125,-82.853
1385.2,51.46,87.2,0.0,15.0,3,508.499,1.086,-84.890
1395.1,51.68,87.3,0.0,14.4,3,506.928,1.061,-86.226
1395.1,52.02,87.3,0.0,13.6,3,504.524,1.024,-88.199
1395.1,52.23,87.4,0.0,13.1,0,502.891,0.996,-89.494
1395.1,52.20,85.6,0.0,12.3,4,500.404,0.951,-91.399
1405.3,52.41,85.6,0.0,8.6,4,498.720,0.919,-92.640
1405.3,52.73,85.7,0.0,4.1,4,496.152,0.872,-94.469
1405.3,52.95,85.7,0.0,3.2,4,494.413,0.840,-95.668
1405.3,53.28,85.8,0.0,3.2,4,491.768,0.794,-97.444
1415.8,53.62,85.8,0.0,3.1,4,489.086,0.752,-99.203
1415.8,53.84,85.9,0.0,2.2,4,487.282,0.725,-100.369
1415.8,54.18,85.9,0.0,0.5,4,484.554,0.688,-102.117
1415.8,54.40,86.0,0.0,-0.6,4,482.723,0.664,-103.282
1426.6,54.73,86.0,0.0,-1.5,4,479.959,0.629,-105.036
1426.6,54.95,86.1,0.0,-2.4,4,478.107,0.605,-106.211
1426.6,55.27,86.2,0.0,-4.0,4,475.318,0.570,-107.986
1426.6,55.51,86.2,0.0,-5.3,4,473.453,0.550,-109.181
1437.7,55.81,86.2,0.0,-5.7,4,470.651,0.519,-110.995
1437.7,56.02,86.3,0.0,-5.6,4,468.781,0.499,-112.222
1437.7,56.33,86.3,0.0,-6.6,4,465.977,0.470,-114.091
1437.7,56.54,86.5,0.0,-6.7,4,464.110,0.453,-115.358
1449.4,56.86,86.4,0.0,-8.6,4,461.311,0.425,-117.290
1449.4,57.08,86.6,0.0,-9.9,4,459.449,0.409,-118.604
1449.4,57.37,86.6,0.0,-11.1,4,456.665,0.381,-120.609
1461.2,57.63,86.7,0.0,-11.9,4,453.894,0.350,-122.663
1461.2,57.85,86.7,0.0,-12.2,4,452.056,0.328,-124.062
1461.2,58.06,86.9,0.0,-11.2,4,449.323,0.304,-126.212
1461.2,58.29,86.8,0.0,-10.2,4,447.516,0.288,-127.678
1473.3,58.53,86.9,0.0,-11.2,4,444.830,0.267,-129.929
1473.3,58.73,86.9,0.0,-12.3,4,443.055,0.252,-131.462
1473.3,58.98,86.9,0.0,-10.8,4,440.421,0.232,-133.812
1473.3,59.16,86.9,0.0,-9.4,4,438.684,0.222,-135.414
1485.6,59.42,87.0,0.0,-9.5,4,436.107,0.212,-137.865
1485.6,59.60,87.0,0.0,-9.3,4,434.406,0.207,-139.530
1485.6,59.87,87.1,0.0,-9.6,4,431.878,0.199,-142.070
1485.6,60.04,87.1,0.0,-9.3,4,430.208,0.194,-143.791
1497.8,60.30,87.1,0.0,-8.5,4,427.728,0.185,-146.414
1497.8,60.48,87.2,0.0,-8.2,4,426.091,0.180,-148.190
1497.8,60.74,87.2,0.0,-8.1,4,423.661,0.175,-150.894
1497.8,60.99,87.2,0.0,-8.1,4,421.263,0.174,-153.647
1510.2,61.15,87.3,0.0,-8.4,4,419.681,0.177,-155.508
1510.2,61.40,87.4,0.0,-8.7,4,417.332,0.181,-158.336
1510.2,61.59,87.3,0.0,-8.4,4,415.782,0.182,-160.246
1510.2,61.82,87.4,0.0,-7.8,4,413.482,0.179,-163.146
1522.4,61.98,87.4,0.0,-7.1,4,411.966,0.176,-165.104
1522.4,62.23,87.4,0.0,-7.2,0,409.720,0.168,-168.076
1522.4,62.17,0.0,0.0,-7.7,0,408.241,0.160,-170.078
1522.4,62.32,86.1,0.0,-7.7,5,406.059,0.145,-173.106
1534.7,62.47,86.1,0.0,-5.8,5,404.623,0.136,-175.147
1534.7,62.71,86.2,0.0,-6.2,5,402.497,0.119,-178.242
1534.7,62.87,86.2,0.0,-5.7,5,401.095,0.105,-180.326
1534.7,63.10,86.2,0.0,-5.3,5,399.017,0.083,-183.481
1547.2,63.26,86.2,0.0,-4.8,5,397.647,0.068,-185.605
1547.2,63.50,86.3,0.0,-4.3,5,395.612,0.046,-188.817
1547.2,63.73,86.3,0.0,-3.9,5,393.600,0.026,-192.060
1547.2,63.89,86.3,0.0,-3.3,5,392.270,0.014,-194.238
1560.0,64.12,86.4,0.0,-2.9,5,390.290,-0.002,-197.528
1560.0,64.28,86.4,0.0,-2.6,5,388.979,-0.010,-199.735
1560.0,64.50,86.5,0.0,-2.5,5,387.024,-0.021,-203.066
1560.0,64.66,86.5,0.0,-2.4,5,385.726,-0.027,-205.300
1572.8,64.89,86.5,0.0,-2.1,5,383.788,-0.033,-208.668
1572.8,65.04,86.5,0.0,-1.6,5,382.502,-0.037,-210.925
1572.8,65.27,86.6,0.0,-1.1,5,380.577,-0.042,-214.327
1572.8,65.42,86.6,0.0,-1.5,5,379.297,-0.045,-216.606
1585.8,65.64,86.6,0.0,-1.7,5,377.381,-0.048,-220.038
1585.8,65.79,86.6,0.0,-1.9,5,376.105,-0.050,-222.336
1585.8,66.01,86.7,0.0,-1.5,5,374.195,-0.051,-225.798
1585.8,66.16,86.7,0.0,-1.3,5,372.924,-0.052,-228.115
1599.0,66.38,86.8,0.0,-1.3,5,371.022,-0.054,-231.606
1599.0,66.59,86.8,0.0,-1.2,5,369.124,-0.057,-235.114
1599.0,66.73,86.8,0.0,-1.3,5,367.860,-0.061,-237.462
1599.0,66.95,86.8,0.0,-1.4,5,365.967,-0.070,-240.997
1612.3,67.10,86.8,0.0,-1.4,5,364.707,-0.076,-243.363
1612.3,67.30,86.9,0.0,-1.3,5,362.821,-0.088,-246.926
1612.3,67.45,86.9,0.0,-1.2,5,361.566,-0.097,-249.311
1612.3,67.66,87.0,0.0,-1.4,5,359.688,-0.111,-252.902
1625.8,67.79,87.0,0.0,-1.4,5,358.439,-0.121,-255.305
1625.8,68.00,87.0,0.0,-1.4,5,356.569,-0.136,-258.924
1625.8,68.14,87.0,0.0,-1.4,5,355.326,-0.147,-261.346
1625.8,68.33,87.1,0.0,-1.3,5,353.466,-0.163,-264.993
1639.4,68.48,87.1,0.0,-1.0,5,352.228,-0.174,-267.433
1639.4,68.67,87.1,0.0,-0.8,5,350.376,-0.191,-271.107
1639.4,68.87,87.2,0.0,-0.8,5,348.529,-0.208,-274.796
1639.4,69.00,87.2,0.0,-0.7,5,347.299,-0.218,-277.263
1653.1,69.20,87.2,0.0,-0.6,5,345.455,-0.236,-280.976
1653.1,69.32,87.2,0.0,-0.5,5,344.227,-0.248,-283.459
1653.1,69.52,87.2,0.0,-0.4,5,342.384,-0.268,-287.194
1653.1,69.65,87.3,0.0,-0.3,5,341.156,-0.282,-289.692
1667.0,69.83,87.3,0.0,-0.2,5,339.312,-0.304,-293.448
1667.0,69.96,87.3,0.0,-0.1,5,338.082,-0.319,-295.958
1667.0,70.15,87.4,0.0,-0.0,5,336.234,-0.344,-299.733
1667.0,70.28,87.3,0.0,0.1,5,335.001,-0.364,-302.256
1681.0,70.45,87.4,0.0,0.0,5,333.148,-0.387,-306.049
1681.0,70.57,87.4,0.0,0.0,5,331.910,-0.401,-308.583
1681.0,70.74,87.4,0.0,-0.1,0,330.051,-0.423,-312.392
1695.1,70.67,86.3,0.0,-0.2,6,328.190,-0.448,-316.204
1695.1,70.78,86.3,0.0,-0.2,6,326.949,-0.465,-318.746
1695.1,70.95,86.4,0.0,-0.1,6,325.085,-0.490,-322.567
1695.1,71.07,86.4,0.0,-0.1,6,323.839,-0.506,-325.120
1709.3,71.24,86.4,0.0,-0.1,6,321.969,-0.530,-328.957
1709.3,71.35,86.4,0.0,-0.1,6,320.719,-0.546,-331.520
1709.3,71.52,86.5,0.0,-0.1,6,318.842,-0.570,-335.373
1709.3,71.64,86.5,0.0,-0.1,6,317.589,-0.587,-337.947
1723.6,71.80,86.5,0.0,-0.1,6,315.706,-0.612,-341.816
1723.6,71.91,86.5,0.0,-0.1,6,314.449,-0.628,-344.400
1723.6,72.08,86.5,0.0,-0.1,6,312.561,-0.653,-348.285
1723.6,72.19,86.6,0.0,-0.1,6,311.300,-0.670,-350.880
1738.0,72.35,86.6,0.0,-0.1,6,309.407,-0.696,-354.781
1738.0,72.46,86.6,0.0,-0.1,6,308.143,-0.713,-357.386
1738.0,72.63,86.6,0.0,-0.1,6,306.245,-0.741,-361.302
1738.0,72.78,86.6,0.0,-0.0,6,304.343,-0.770,-365.228
1752.5,72.89,86.6,0.0,0.1,6,303.074,-0.790,-367.850
1752.5,73.05,86.7,0.0,0.0,6,301.168,-0.821,-371.792
1752.5,73.15,86.7,0.0,-0.1,6,299.896,-0.842,-374.424
1752.5,73.31,86.7,0.0,-0.1,6,297.986,-0.875,-378.381
1767.1,73.42,86.7,0.0,-0.1,6,296.710,-0.898,-381.023
1767.1,73.57,86.8,0.0,-0.1,6,294.794,-0.932,-384.995
1767.1,73.67,86.8,0.0,-0.1,6,293.515,-0.954,-387.647
1767.1,73.82,86.8,0.0,-0.0,6,291.594,-0.986,-391.633
1781.9,73.93,86.8,0.0,0.1,6,290.311,-1.008,-394.295
1781.9,74.08,86.8,0.0,0.1,6,288.384,-1.041,-398.295
1781.9,74.18,86.9,0.0,0.1,6,287.098,-1.064,-400.966
1781.9,74.33,86.9,0.0,0.1,6,285.165,-1.100,-404.980
1796.7,74.42,86.9,0.0,0.1,6,283.874,-1.123,-407.660
1796.7,74.57,86.9,0.0,0.1,6,281.933,-1.151,-411.686
1796.7,74.72,86.9,0.0,0.2,6,279.987,-1.179,-415.720
1796.7,74.82,86.9,0.0,0.2,6,278.687,-1.198,-418.413
1811.6,74.97,87.0,0.0,0.3,6,276.733,-1.227,-422.459
1811.6,75.06,87.0,0.0,0.3,6,275.427,-1.246,-425.160
1811.6,75.20,87.0,0.0,0.3,6,273.464,-1.277,-429.217
1811.6,75.29,87.0,0.0,0.3,6,272.152,-1.297,-431.926
1826.7,75.44,87.0,0.0,0.4,6,270.178,-1.328,-435.994
1826.7,75.53,87.0,0.0,0.4,6,268.859,-1.349,-438.710
1826.7,75.66,87.1,0.0,0.4,6,266.875,-1.379,-442.788
1826.7,75.75,87.1,0.0,0.4,6,265.548,-1.399,-445.510
1841.8,75.89,87.1,0.0,0.6,6,263.552,-1.428,-449.597
1841.8,75.98,87.1,0.0,0.6,6,262.217,-1.447,-452.325
1841.8,76.11,87.1,0.0,0.5,6,260.208,-1.475,-456.422
1841.8,76.20,87.2,0.0,0.5,6,258.864,-1.492,-459.155
1857.0,76.33,87.2,0.0,0.5,6,256.842,-1.518,-463.259
1857.0,76.47,87.2,0.0,0.7,6,254.811,-1.546,-467.369
1857.0,76.55,87.2,0.0,0.8,6,253.453,-1.565,-470.111
1857.0,76.68,87.2,0.0,0.8,6,251.410,-1.591,-474.228
1872.3,76.76,87.2,0.0,0.7,6,250.043,-1.610,-476.976
1872.3,76.89,87.2,0.0,0.5,6,247.985,-1.637,-481.100
1872.3,76.97,87.2,0.0,0.3,6,246.609,-1.653,-483.852
1872.3,77.09,87.3,0.0,0.3,6,244.537,-1.677,-487.983
1887.7,77.17,87.3,0.0,0.4,6,243.151,-1.693,-490.739
1887.7,77.29,87.3,0.0,0.5,6,241.066,-1.717,-494.877
1887.7,77.37,87.3,0.0,0.5,6,239.672,-1.731,-497.639
1887.7,77.50,87.3,0.0,0.5,6,237.576,-1.754,-501.785
1903.2,77.58,87.3,0.0,0.4,6,236.174,-1.770,-504.552
1903.2,77.70,87.3,0.0,0.3,6,234.067,-1.794,-508.705
1903.2,77.77,87.3,0.0,0.3,6,232.658,-1.810,-511.477
1903.2,77.89,87.3,0.0,0.3,6,230.540,-1.834,-515.638
1918.7,78.00,87.4,0.0,0.3,6,228.415,-1.858,-519.804
1918.7,78.08,87.4,0.0,0.3,6,226.995,-1.876,-522.584
1918.7,78.19,87.4,0.0,0.2,6,224.860,-1.901,-526.757
1918.7,78.26,87.4,0.0,0.1,6,223.433,-1.916,-529.542
1934.3,78.37,87.4,0.0,-0.1,6,221.290,-1.937,-533.723
1934.3,78.45,87.4,0.0,-0.2,6,219.858,-1.952,-536.513
1934.3,78.55,87.4,0.0,-0.3,6,217.708,-1.978,-540.703
1934.3,78.62,87.4,0.0,-0.4,6,216.273,-1.998,-543.500
1950.0,78.65,3.3,0.0,-0.4,0,214.121,-2.034,-547.701
1950.0,78.57,86.6,0.0,-0.4,7,212.689,-2.061,-550.500
1950.0,78.67,86.7,0.0,-0.4,7,210.544,-2.104,-554.700
1950.0,78.75,86.6,0.0,-0.5,7,209.115,-2.134,-557.505
1965.7,78.85,86.7,0.0,-0.6,7,206.973,-2.180,-561.720
1981.5,79.28,86.7,0.0,-1.0,7,198.435,-2.387,-578.665
1981.5,79.38,86.8,0.0,-0.7,7,196.309,-2.442,-582.923
1981.5,79.45,86.7,0.0,-0.6,7,194.893,-2.479,-585.767
1997.4,79.56,86.8,0.0,-0.4,7,192.773,-2.532,-590.040
1997.4,79.63,86.8,0.0,-0.3,7,191.362,-2.567,-592.893
1997.4,79.73,86.8,0.0,0.0,7,189.245,-2.625,-597.179
2013.3,79.83,86.8,0.0,0.4,7,187.128,-2.683,-601.471
2013.3,79.89,86.8,0.0,0.6,7,185.715,-2.720,-604.336
2013.3,80.00,86.8,0.0,0.9,7,183.593,-2.779,-608.637
2013.3,80.06,86.9,0.0,1.0,7,182.175,-2.814,-611.507
2029.3,80.17,86.9,0.0,1.3,7,180.040,-2.866,-615.813
2029.3,80.23,86.9,0.0,1.4,7,178.611,-2.902,-618.685
2029.3,80.33,86.9,0.0,1.4,7,176.457,-2.955,-622.992
2029.3,80.38,86.9,0.0,1.3,7,175.013,-2.985,-625.863
2045.4,80.48,86.9,0.0,1.2,7,172.834,-3.027,-630.169
2045.4,80.55,86.9,0.0,1.3,7,171.372,-3.054,-633.038
2045.4,80.63,86.9,0.0,1.6,7,169.167,-3.092,-637.341
2045.4,80.70,86.9,0.0,1.5,7,167.689,-3.115,-640.209
2061.5,80.79,87.0,0.0,1.3,7,165.459,-3.147,-644.510
2061.5,80.85,87.0,0.0,1.2,7,163.964,-3.166,-647.376
2061.5,80.94,87.0,0.0,1.2,7,161.711,-3.191,-651.674
2061.5,81.03,87.0,0.0,1.1,7,159.444,-3.209,-655.972
2077.6,81.08,87.0,0.0,0.9,7,157.926,-3.218,-658.836
2077.6,81.17,87.0,0.0,0.6,7,155.639,-3.228,-663.132
2077.6,81.22,87.0,0.0,0.6,7,154.107,-3.231,-665.996
2077.6,81.31,87.0,0.0,0.8,7,151.801,-3.234,-670.292
2093.8,81.37,87.0,0.0,0.9,7,150.257,-3.233,-673.156
2093.8,81.45,87.0,0.0,2.1,7,147.933,-3.227,-677.452
2093.8,81.50,87.0,0.0,2.4,7,146.376,-3.221,-680.315
2093.8,81.58,87.1,0.0,1.7,7,144.024,-3.209,-684.605
2110.1,81.63,87.1,0.0,1.3,7,142.444,-3.199,-687.461
2110.1,81.70,87.1,0.0,1.9,7,140.057,-3.178,-691.740
2110.1,81.76,87.1,0.0,1.5,7,138.455,-3.162,-694.590
2110.1,81.83,87.1,0.0,1.4,7,136.036,-3.132,-698.860
2142.8,82.16,87.1,0.0,2.5,7,124.536,-2.928,-718.730
2142.8,82.21,87.1,0.0,2.7,7,122.863,-2.888,-721.559
2142.8,82.27,87.2,0.0,3.0,7,120.336,-2.822,-725.797
2142.8,82.21,45.3,47.0,1.9,7,118.638,-2.775,-728.615
2159.2,81.29,0.0,82.1,2.1,7,116.084,-2.697,-732.810
2159.2,80.41,0.0,88.2,2.2,7,114.391,-2.641,-735.567
2159.2,79.01,0.0,90.8,2.2,7,111.870,-2.552,-739.634
2159.2,78.07,0.0,90.9,2.1,7,110.204,-2.491,-742.299
2175.1,76.66,0.0,91.3,2.1,7,107.726,-2.397,-746.226
2175.1,75.25,0.0,88.3,2.6,7,105.275,-2.302,-750.070
2175.1,74.34,0.0,87.6,3.3,7,103.656,-2.240,-752.587
2190.1,72.97,0.0,89.2,4.0,7,101.245,-2.148,-756.294
2204.3,67.44,0.0,92.1,2.5,6,91.800,-1.827,-770.259
2204.3,66.06,0.0,91.1,3.1,6,89.483,-1.752,-773.528
2204.3,64.71,19.6,91.6,4.3,0,87.186,-1.675,-776.711
2217.4,63.82,0.0,92.5,4.1,5,85.666,-1.624,-778.786
2217.4,62.45,0.0,91.4,3.5,5,83.406,-1.551,-781.829
2217.4,61.55,0.0,90.4,4.0,5,81.913,-1.505,-783.811
2217.4,60.23,0.0,90.6,4.5,5,79.692,-1.438,-786.714
2229.6,59.33,0.0,90.1,5.3,5,78.225,-1.396,-788.603
2229.6,58.01,0.0,90.3,6.6,5,76.040,-1.334,-791.367
2229.6,57.14,21.1,91.1,8.2,0,74.595,-1.295,-793.162
2229.6,55.84,0.0,91.8,9.2,4,72.442,-1.240,-795.783
2241.0,54.95,0.0,89.0,9.0,4,71.016,-1.204,-797.481
2241.0,53.68,0.0,83.5,8.3,4,68.888,-1.151,-799.951
2241.0,52.89,0.0,64.7,7.9,4,67.474,-1.116,-801.548
2241.0,51.96,0.0,36.3,6.5,4,65.353,-1.065,-803.870
2251.5,51.49,0.0,25.7,5.3,4,63.931,-1.031,-805.373
2251.5,50.97,0.0,18.1,5.1,4,61.774,-0.981,-807.563
2251.5,50.55,0.0,14.8,7.5,4,59.584,-0.930,-809.680
2251.5,50.30,0.0,13.9,9.8,4,58.106,-0.896,-811.053
2261.5,49.94,0.0,11.7,14.7,4,55.864,-0.844,-813.057
2261.5,49.72,0.0,11.3,17.3,4,54.353,-0.809,-814.357
2261.5,49.39,0.0,10.2,19.6,4,52.066,-0.758,-816.257
2261.5,49.18,0.0,9.5,19.7,4,50.527,-0.726,-817.489
2271.3,48.87,0.0,7.1,18.4,4,48.194,-0.676,-819.281
2271.3,48.69,0.0,5.9,17.7,4,46.622,-0.643,-820.437
2271.3,48.43,0.0,2.9,17.0,4,44.239,-0.594,-822.114
2271.3,48.28,0.0,1.1,17.1,4,42.634,-0.562,-823.193
2281.1,48.07,1.2,0.0,17.6,4,40.202,-0.514,-824.753
2281.1,47.94,6.4,0.0,18.4,4,38.563,-0.483,-825.753
2281.1,47.77,7.9,0.0,19.6,4,36.079,-0.434,-827.194
2281.1,47.66,8.8,0.0,20.6,4,34.407,-0.402,-828.114
2291.0,47.50,6.8,0.0,21.7,4,31.877,-0.353,-829.436
2291.0,47.32,6.6,0.0,22.4,4,29.322,-0.305,-830.686
2291.0,47.21,7.5,0.0,22.4,4,27.606,-0.273,-831.479
2291.0,47.06,11.4,0.0,22.2,4,25.012,-0.225,-832.606
2300.9,46.95,9.3,0.0,22.1,4,23.271,-0.193,-833.316
2300.9,46.81,12.2,0.0,21.8,4,20.643,-0.143,-834.316
2300.9,46.70,6.6,0.0,22.5,4,18.881,-0.109,-834.941
2300.9,46.52,4.8,0.0,23.8,4,16.225,-0.062,-835.818
2310.7,46.39,3.1,0.0,24.1,4,14.448,-0.031,-836.362
2310.7,46.21,6.9,0.0,23.0,4,11.773,0.014,-837.112
2310.7,46.09,5.0,0.0,22.0,0,9.985,0.046,-837.568
2310.7,45.93,2.6,0.0,20.5,3,7.294,0.094,-838.185
2320.4,45.78,0.7,0.0,19.8,3,5.497,0.127,-838.552
2320.4,45.57,3.1,0.0,19.1,3,2.801,0.175,-839.040
2320.4,45.44,4.1,0.0,18.9,3,1.003,0.205,-839.323
2320.4,45.25,4.0,0.0,19.9,3,-1.694,0.251,-839.686
2330.0,45.12,2.8,0.0,21.1,3,-3.490,0.281,-839.887
2330.0,44.94,6.4,0.0,20.0,3,-6.181,0.324,-840.126
2330.0,44.77,4.3,0.0,17.8,3,-8.867,0.365,-840.295
2330.0,44.65,2.9,0.0,17.7,3,-10.654,0.392,-840.368
2339.6,44.52,30.1,0.0,17.7,3,-13.327,0.431,-840.422
2339.6,44.60,60.6,0.0,17.5,3,-15.109,0.456,-840.420
2339.6,44.84,42.4,17.3,17.2,3,-17.792,0.492,-840.367
2339.6,44.67,2.0,26.3,17.8,3,-19.583,0.515,-840.298
2348.9,44.09,0.0,20.6,19.5,3,-22.243,0.545,-840.146
2348.9,43.81,7.2,1.6,18.7,3,-23.996,0.562,-840.013
2348.9,43.84,68.2,0.0,17.6,3,-26.610,0.587,-839.758
2348.9,44.05,84.6,0.0,17.3,3,-28.356,0.602,-839.552
2358.4,44.38,70.1,0.0,17.5,3,-30.984,0.620,-839.193
2358.4,44.56,82.8,0.0,18.9,3,-32.741,0.630,-838.916
2358.4,44.94,85.8,0.0,19.9,3,-35.383,0.645,-838.441
2367.9,45.32,86.0,0.0,20.1,3,-38.034,0.661,-837.894
2367.9,45.56,85.2,0.0,19.9,3,-39.805,0.672,-837.488
2367.9,45.89,76.6,0.0,20.0,3,-42.464,0.688,-836.816
2367.9,46.08,71.9,0.0,20.1,3,-44.237,0.698,-836.326
2377.7,46.35,72.1,0.0,21.4,3,-46.892,0.712,-835.531
2377.7,46.53,77.8,0.0,22.5,3,-48.659,0.719,-834.960
2377.7,46.83,78.8,0.0,22.3,3,-51.304,0.729,-834.041
2377.7,47.04,81.0,0.0,22.1,3,-53.063,0.736,-833.385
2387.5,47.35,81.8,0.0,22.0,3,-55.693,0.745,-832.339
2387.5,47.56,84.2,0.0,21.7,3,-57.440,0.750,-831.600
2387.5,47.89,85.6,0.0,21.2,3,-60.053,0.755,-830.430
2387.5,48.11,86.7,0.0,20.8,3,-61.788,0.756,-829.608
2397.5,48.45,86.7,0.0,19.9,3,-64.378,0.756,-828.313
2397.5,48.77,86.4,0.0,19.7,3,-66.951,0.754,-826.940
2397.5,48.98,84.3,0.0,19.9,3,-68.655,0.751,-825.983
2397.5,49.26,77.8,0.0,19.8,3,-71.191,0.745,-824.483
2407.5,49.43,79.8,0.0,20.3,3,-72.867,0.740,-823.441
2407.5,49.71,85.7,0.0,21.0,3,-75.356,0.731,-821.815
2407.5,49.91,85.4,0.0,20.9,3,-76.999,0.725,-820.688
2407.5,50.20,83.3,0.0,21.1,3,-79.438,0.714,-818.936
2417.5,50.36,67.0,0.0,21.4,3,-81.045,0.705,-817.727
2427.5,51.47,84.0,0.0,28.2,3,-93.227,0.597,-806.968
2427.5,51.67,87.4,0.0,26.6,3,-94.666,0.578,-805.490
2437.5,51.97,87.4,0.0,24.9,3,-96.784,0.551,-803.217
2437.5,52.05,0.0,0.0,24.7,0,-98.170,0.531,-801.664
2437.5,52.02,76.3,0.0,23.6,4,-100.196,0.501,-799.292
2437.5,52.19,85.7,0.0,22.2,4,-101.513,0.479,-797.677
2447.5,52.46,85.8,0.0,20.9,4,-103.446,0.446,-795.204
2447.5,52.75,85.8,0.0,20.1,4,-105.327,0.409,-792.670
2447.5,52.93,85.9,0.0,19.4,4,-106.552,0.381,-790.948
2447.5,53.22,85.9,0.0,18.2,4,-108.344,0.337,-788.318
2457.8,53.41,85.9,0.0,18.3,4,-109.509,0.306,-786.532
2457.8,53.70,86.0,0.0,17.9,4,-111.211,0.258,-783.808
2457.8,53.86,86.4,0.0,17.0,4,-112.320,0.222,-781.966
2457.8,54.14,77.4,0.0,11.3,4,-113.946,0.159,-779.165
2468.3,54.27,85.9,0.0,6.7,4,-115.001,0.114,-777.272
2468.3,54.60,85.9,0.0,2.1,4,-116.536,0.054,-774.389
2468.3,54.79,86.2,0.0,0.8,4,-117.528,0.021,-772.440
2468.3,54.98,87.3,0.0,-2.0,4,-118.997,-0.043,-769.491
2479.2,55.07,0.0,0.0,-4.0,0,-119.972,-0.110,-767.519
2479.2,55.31,81.4,0.0,-5.9,5,-121.423,-0.216,-764.543
2479.2,55.47,84.6,0.0,-4.3,5,-122.382,-0.268,-762.547
2479.2,55.57,72.2,0.0,-1.0,5,-123.822,-0.352,-759.546
2490.5,55.94,58.9,0.0,3.6,5,-125.281,-0.467,-756.537
2490.5,56.06,79.3,0.0,0.2,5,-126.273,-0.538,-754.531
2490.5,56.34,84.9,0.0,-4.9,5,-127.784,-0.642,-751.518
2490.5,56.54,84.9,0.0,-6.7,5,-128.804,-0.711,-749.505
2501.9,56.83,85.0,0.0,-6.6,5,-130.355,-0.815,-746.480
2501.9,57.01,85.1,0.0,-5.1,5,-131.407,-0.883,-744.462
2501.9,57.35,85.1,0.0,-3.1,5,-133.014,-0.982,-741.433
2501.9,57.53,85.2,0.0,-3.0,5,-134.103,-1.050,-739.411
2513.6,57.84,85.2,0.0,-4.0,5,-135.761,-1.165,-736.376
2513.6,58.02,85.3,0.0,-4.5,5,-136.885,-1.244,-734.351
2513.6,58.32,85.3,0.0,-4.4,5,-138.595,-1.366,-731.312
2513.6,58.51,85.4,0.0,-4.1,5,-139.752,-1.450,-729.285
2525.5,58.79,85.4,0.0,-3.8,5,-141.514,-1.583,-726.243
2525.5,58.98,85.4,0.0,-3.9,5,-142.705,-1.676,-724.214
2525.5,59.27,85.5,0.0,-3.6,5,-144.518,-1.823,-721.169
2537.4,59.55,85.5,0.0,-3.1,5,-146.363,-1.972,-718.123
2537.4,59.74,85.6,0.0,-3.0,5,-147.610,-2.072,-716.093
2537.4,60.02,85.6,0.0,-3.1,5,-149.506,-2.222,-713.045
2537.4,60.21,85.7,0.0,-3.2,5,-150.785,-2.324,-711.012
2549.5,60.49,85.7,0.0,-2.8,5,-152.726,-2.475,-707.959
2549.5,60.67,85.8,0.0,-2.5,5,-154.034,-2.574,-705.923
2549.5,60.95,85.8,0.0,-2.2,5,-156.020,-2.717,-702.866
2549.5,61.13,85.8,0.0,-2.3,5,-157.357,-2.810,-700.825
2561.8,61.40,85.9,0.0,-2.1,5,-159.382,-2.948,-697.761
2561.8,61.58,86.0,0.0,-2.1,5,-160.745,-3.039,-695.716
2561.8,61.85,86.0,0.0,-2.2,5,-162.808,-3.171,-692.644
2561.8,62.03,86.0,0.0,-2.3,5,-164.196,-3.256,-690.594
2574.2,62.29,86.1,0.0,-2.1,5,-166.298,-3.374,-687.516
2574.2,62.46,86.1,0.0,-2.1,5,-167.711,-3.447,-685.462
2574.2,62.72,86.2,0.0,-2.1,5,-169.851,-3.548,-682.378
2574.2,62.97,86.2,0.0,-2.0,5,-172.013,-3.637,-679.290
2586.9,63.14,86.2,0.0,-1.9,5,-173.467,-3.690,-677.230
2586.9,63.39,86.3,0.0,-1.8,5,-175.665,-3.756,-674.137
2586.9,63.55,86.3,0.0,-1.8,5,-177.143,-3.793,-672.074
2586.9,63.79,86.4,0.0,-1.6,5,-179.376,-3.838,-668.975
2599.7,63.95,86.4,0.0,-1.4,5,-180.875,-3.862,-666.906
2599.7,64.19,86.4,0.0,-1.2,5,-183.140,-3.894,-663.800
2599.7,64.35,86.4,0.0,-1.2,5,-184.660,-3.913,-661.727
2599.7,64.59,86.5,0.0,-1.3,5,-186.954,-3.939,-658.613
2612.5,64.75,86.5,0.0,-1.4,5,-188.493,-3.955,-656.534
2612.5,64.98,86.5,0.0,-1.3,5,-190.815,-3.976,-653.412
2612.5,65.13,86.6,0.0,-1.1,5,-192.372,-3.988,-651.327
2612.5,65.36,86.6,0.0,-1.0,5,-194.721,-4.004,-648.196
2625.5,65.58,86.6,0.0,-1.0,5,-197.087,-4.014,-645.061
2625.5,65.73,86.7,0.0,-1.1,5,-198.672,-4.019,-642.967
2625.5,65.95,86.7,0.0,-0.9,5,-201.064,-4.024,-639.823
2625.5,66.10,86.7,0.0,-1.1,5,-202.666,-4.024,-637.724
2638.6,66.31,86.8,0.0,-1.1,5,-205.082,-4.020,-634.572
2638.6,66.46,86.8,0.0,-1.1,5,-206.702,-4.013,-632.467
2638.6,66.67,86.8,0.0,-1.2,5,-209.143,-3.996,-629.307
2638.6,66.81,86.8,0.0,-1.3,5,-210.779,-3.982,-627.198
2651.9,67.02,86.9,0.0,-1.8,5,-213.247,-3.960,-624.032
2651.9,67.10,51.8,0.0,-2.0,5,-214.901,-3.945,-621.920
2651.9,67.25,86.9,0.0,-2.5,5,-217.395,-3.922,-618.755
2651.9,67.39,86.9,0.0,-2.8,5,-219.067,-3.907,-616.645
2665.3,67.59,87.0,0.0,-2.0,5,-221.594,-3.887,-613.481
2665.3,67.73,87.0,0.0,-1.8,5,-223.291,-3.876,-611.373
2665.3,67.86,43.8,0.0,-2.3,5,-225.853,-3.865,-608.212
2665.3,67.63,2.0,38.9,-2.7,5,-228.428,-3.861,-605.063
2678.8,67.16,0.0,48.3,-2.5,5,-230.143,-3.861,-602.981
2678.8,66.33,0.0,55.6,-1.8,5,-232.701,-3.865,-599.897
2678.8,65.71,0.0,61.2,-1.5,5,-234.394,-3.871,-597.869
2678.8,64.73,0.0,63.6,-1.3,5,-236.914,-3.883,-594.872
2692.1,64.06,0.0,100.0,-1.0,5,-238.579,-3.894,-592.905
2692.1,62.67,0.0,89.6,-0.7,5,-241.044,-3.916,-590.006
2692.1,61.80,0.0,79.8,-0.5,5,-242.662,-3.933,-588.112
2692.1,60.67,0.0,70.4,-0.5,5,-245.054,-3.963,-585.322
2704.6,59.96,0.0,78.6,-1.1,5,-246.629,-3.986,-583.492
2704.6,58.79,0.0,84.8,-1.3,5,-248.960,-4.023,-580.795
2704.6,57.96,0.0,93.4,-1.1,5,-250.491,-4.049,-579.029
2704.6,56.61,23.6,100.0,-0.8,0,-252.749,-4.087,-576.434
2716.3,55.23,0.0,100.0,-0.3,4,-254.958,-4.125,-573.905
2716.3,54.28,0.0,100.0,-0.2,4,-256.403,-4.150,-572.256
2716.3,52.88,0.0,100.0,-0.3,4,-258.527,-4.188,-569.840
2716.3,51.97,0.0,100.0,-0.4,4,-259.915,-4.213,-568.265
2727.1,50.58,0.0,100.0,-0.7,4,-261.955,-4.251,-565.959
2727.1,49.65,0.0,98.9,-1.1,4,-263.286,-4.276,-564.458
2727.1,48.32,25.1,93.9,-1.7,0,-265.240,-4.315,-562.260
2727.1,47.47,0.0,88.5,-2.1,3,-266.517,-4.342,-560.830
2736.9,46.25,0.0,79.9,-2.7,3,-268.396,-4.381,-558.735
2736.9,45.49,0.0,75.3,-2.9,3,-269.626,-4.406,-557.372
2736.9,44.43,0.0,69.9,-4.8,3,-271.442,-4.441,-555.375
2736.9,43.77,0.0,67.2,-5.3,3,-272.635,-4.464,-554.075
2745.9,42.83,0.0,61.7,-5.5,3,-274.404,-4.496,-552.171
2745.9,41.93,0.0,62.1,-5.2,3,-276.149,-4.528,-550.319
2745.9,41.33,0.0,67.8,-5.8,3,-277.300,-4.549,-549.115
2754.3,40.35,0.0,70.6,-6.5,3,-279.007,-4.580,-547.353
2754.3,39.70,0.0,67.2,-6.5,3,-280.130,-4.600,-546.211
2754.3,38.74,0.0,75.9,-7.4,3,-281.796,-4.628,-544.547
2754.3,38.04,25.9,79.8,-8.8,0,-282.892,-4.646,-543.469
2762.0,36.96,0.0,79.8,-10.4,2,-284.513,-4.672,-541.905
2762.0,36.23,0.0,77.1,-10.8,2,-285.577,-4.689,-540.898
2762.0,35.17,0.0,71.7,-9.7,2,-287.149,-4.713,-539.441
2762.0,34.52,0.0,67.2,-9.6,2,-288.184,-4.730,-538.506
2769.1,33.58,0.0,63.2,-10.0,2,-289.720,-4.753,-537.156
2769.1,32.69,0.0,60.8,-10.2,2,-291.237,-4.776,-535.870
2769.1,32.10,0.0,59.8,-10.1,2,-292.240,-4.791,-535.047
2769.1,31.23,0.0,58.1,-10.2,2,-293.729,-4.812,-533.865
2775.4,30.68,0.0,53.1,-10.4,2,-294.713,-4.825,-533.112
2775.4,29.88,0.0,45.8,-10.3,2,-296.176,-4.844,-532.033
2775.4,29.40,0.0,42.8,-9.8,2,-297.144,-4.855,-531.347
2775.4,28.74,0.0,39.3,-9.5,2,-298.588,-4.871,-530.367
2781.1,28.33,0.0,38.2,-15.2,2,-299.546,-4.881,-529.745
2781.1,27.74,0.0,37.8,-20.3,2,-300.976,-4.895,-528.857
2781.1,27.35,0.0,38.4,-15.9,2,-301.924,-4.903,-528.296
2781.1,26.78,0.0,34.2,-24.0,2,-303.337,-4.914,-527.493
2786.3,26.42,0.0,31.7,-28.9,0,-304.273,-4.920,-526.985
2786.3,25.95,0.0,30.8,-29.2,1,-305.671,-4.930,-526.267
2786.3,25.61,0.0,30.7,-21.5,1,-306.600,-4.935,-525.817
2786.3,25.12,0.0,22.5,-23.2,1,-307.983,-4.943,-525.181
2791.4,24.72,0.0,19.4,-28.0,1,-309.359,-4.949,-524.594
2791.4,24.47,0.0,17.7,-30.7,1,-310.273,-4.951,-524.230
2791.4,24.12,0.0,12.9,-33.5,1,-311.641,-4.954,-523.725
2791.4,23.93,0.0,13.0,-35.1,1,-312.551,-4.956,-523.415
2796.8,23.63,0.0,11.0,-36.4,1,-313.914,-4.956,-522.993
2796.8,23.45,0.0,8.6,-35.0,1,-314.822,-4.955,-522.739
2796.8,23.22,0.0,6.6,-35.6,1,-316.180,-4.951,-522.399
2796.8,23.06,0.0,9.1,-37.2,1,-317.084,-4.948,-522.199
2802.5,22.81,0.0,3.4,-47.0,1,-318.437,-4.940,-521.942
2802.5,22.68,8.6,0.0,-48.7,1,-319.335,-4.932,-521.801
2802.5,22.74,39.7,0.0,-43.0,1,-320.686,-4.919,-521.631
2802.5,22.98,48.9,0.0,-38.9,1,-321.593,-4.917,-521.538
2808.2,23.16,35.7,0.0,-28.5,1,-322.973,-4.911,-521.438
2808.2,23.37,37.6,0.0,-24.6,1,-324.368,-4.904,-521.384
2808.2,23.47,7.1,12.3,-25.9,1,-325.305,-4.906,-521.365
2808.2,23.22,0.0,13.2,-32.5,1,-326.707,-4.912,-521.376
2813.8,22.91,0.0,13.3,-35.8,1,-327.629,-4.911,-521.413
2813.8,22.62,0.0,9.8,-37.7,1,-328.991,-4.905,-521.512
2813.8,22.44,0.0,6.6,-39.2,1,-329.888,-4.901,-521.604
2813.8,22.24,0.0,3.3,-42.3,1,-331.217,-4.894,-521.781
2818.9,22.12,0.4,0.4,-46.2,1,-332.093,-4.889,-521.924
2818.9,22.07,23.8,0.0,-48.7,1,-333.392,-4.882,-522.177
2818.9,22.16,35.8,0.0,-48.2,1,-334.254,-4.876,-522.375
2818.9,22.41,46.9,0.0,-47.3,1,-335.546,-4.867,-522.713
2823.6,22.63,52.1,0.0,-47.9,1,-336.410,-4.859,-522.967
2823.6,23.08,65.0,0.0,-49.2,1,-337.712,-4.847,-523.392
2823.6,23.33,50.8,0.0,-47.4,1,-338.586,-4.837,-523.705
2823.6,23.65,47.9,0.0,-41.4,1,-339.896,-4.821,-524.223
2828.3,23.94,51.6,0.0,-46.3,1,-341.202,-4.803,-524.796
2828.3,24.16,48.4,0.0,-44.5,1,-342.069,-4.791,-525.210
2828.3,24.46,49.3,0.0,-39.4,1,-343.363,-4.771,-525.881
2828.3,24.65,48.5,0.0,-33.5,1,-344.220,-4.757,-526.360
2833.1,24.99,54.3,0.0,-33.4,1,-345.497,-4.737,-527.124
2833.1,25.24,54.9,0.0,-44.5,1,-346.343,-4.723,-527.665
2833.1,25.56,50.9,0.0,-33.7,1,-347.601,-4.702,-528.524
2833.1,25.79,53.5,0.0,-9.7,1,-348.431,-4.688,-529.128
2838.1,26.28,72.0,0.0,-8.7,1,-349.672,-4.667,-530.073
2838.1,26.67,71.0,0.0,-13.7,1,-350.504,-4.651,-530.728
2838.1,27.14,48.8,0.0,-14.3,1,-351.752,-4.628,-531.752
2838.1,27.31,35.4,0.0,-13.5,1,-352.580,-4.612,-532.459
2843.5,27.43,21.4,0.0,-6.5,1,-353.812,-4.588,-533.545
2843.5,27.47,20.7,0.0,4.2,1,-354.629,-4.571,-534.279
2843.5,27.53,19.5,0.0,11.7,1,-355.857,-4.548,-535.380
2849.0,27.55,16.4,0.0,22.2,1,-357.098,-4.525,-536.472
2849.0,27.52,12.9,0.0,37.7,1,-357.933,-4.511,-537.190
2849.0,27.41,3.5,2.7,61.0,1,-359.207,-4.491,-538.237
2849.0,27.26,0.0,10.6,67.0,1,-360.070,-4.478,-538.908
2854.6,26.90,0.0,16.7,73.7,1,-361.382,-4.462,-539.869
2854.6,26.64,0.0,9.9,75.6,1,-362.266,-4.452,-540.473
2854.6,26.33,0.3,0.6,81.9,1,-363.607,-4.440,-541.327
2854.6,26.16,4.3,0.0,81.5,1,-364.511,-4.432,-541.860
2860.1,25.96,8.5,0.0,83.3,1,-365.887,-4.422,-542.605
2860.1,25.86,12.8,0.0,86.1,1,-366.815,-4.417,-543.067
2860.1,25.72,12.8,0.0,91.3,1,-368.224,-4.410,-543.706
2860.1,25.64,12.7,0.0,91.8,1,-369.174,-4.407,-544.097
2865.5,25.50,12.7,0.0,93.0,1,-370.613,-4.403,-544.630
2865.5,25.42,12.6,0.0,93.4,1,-371.580,-4.401,-544.952
2865.5,25.30,12.6,0.0,93.2,1,-373.039,-4.399,-545.382
2865.5,25.17,12.7,0.0,87.7,1,-374.507,-4.397,-545.752
2870.9,25.10,13.0,0.0,86.7,1,-375.490,-4.397,-545.965
2870.9,25.01,16.2,0.0,74.1,1,-376.969,-4.397,-546.234
2870.9,25.00,23.5,0.0,64.1,1,-377.958,-4.397,-546.380
2870.9,25.20,56.2,0.0,46.9,1,-379.452,-4.398,-546.549
2876.4,25.48,48.2,0.0,35.5,1,-380.462,-4.400,-546.632
2876.4,25.82,57.1,0.0,23.2,1,-381.997,-4.402,-546.713
2876.4,26.11,50.9,0.0,16.7,1,-383.035,-4.403,-546.739
2876.4,26.52,57.5,0.0,17.9,1,-384.613,-4.406,-546.741
2882.0,26.81,56.5,0.0,25.8,1,-385.679,-4.408,-546.717
2882.0,27.23,56.5,0.0,30.3,1,-387.297,-4.412,-546.642
2882.0,27.50,55.0,0.0,31.1,1,-388.389,-4.414,-546.565
2882.0,27.87,52.5,0.0,37.3,1,-390.042,-4.417,-546.410
2887.9,28.22,53.0,0.0,41.0,1,-391.711,-4.421,-546.202
2887.9,28.44,53.3,0.0,38.5,1,-392.831,-4.423,-546.032
2887.9,28.78,49.5,0.0,36.0,1,-394.520,-4.427,-545.726
2887.9,28.98,49.3,0.0,38.1,1,-395.649,-4.429,-545.487
2893.9,29.24,45.2,0.0,29.1,1,-397.346,-4.434,-545.075
2893.9,29.42,45.5,0.0,22.5,1,-398.477,-4.437,-544.765
2893.9,29.72,51.8,0.0,23.3,1,-400.173,-4.445,-544.248
2893.9,29.92,51.8,0.0,26.7,1,-401.304,-4.451,-543.870
2899.8,30.23,49.7,0.0,22.5,1,-402.998,-4.462,-543.250
2899.8,30.53,47.0,0.0,21.9,1,-404.688,-4.476,-542.568
2899.8,30.72,51.7,0.0,24.0,1,-405.811,-4.487,-542.080
2899.8,31.02,47.1,0.0,22.4,1,-407.489,-4.505,-541.298
2905.7,31.22,54.8,0.0,17.9,1,-408.603,-4.519,-540.742
2905.7,31.60,60.6,0.0,20.2,1,-410.266,-4.542,-539.859
2905.7,31.87,64.0,0.0,22.1,1,-411.372,-4.558,-539.237
2905.7,32.28,64.6,0.0,18.7,1,-413.025,-4.583,-538.253
2911.8,32.55,66.1,0.0,20.3,1,-414.122,-4.601,-537.563
2911.8,32.70,0.0,0.0,23.6,0,-415.755,-4.628,-536.478
2911.8,32.84,72.9,0.0,25.3,2,-416.826,-4.647,-535.724
2911.8,33.29,74.2,0.0,26.8,2,-418.419,-4.674,-534.544
2918.1,33.57,74.3,0.0,24.8,2,-419.473,-4.692,-533.723
2918.1,34.02,72.7,0.0,21.1,2,-421.042,-4.719,-532.440
2918.1,34.31,76.2,0.0,20.0,2,-422.078,-4.736,-531.550
2918.1,34.75,76.3,0.0,16.6,2,-423.617,-4.763,-530.164
2924.6,35.21,73.1,0.0,14.8,2,-425.136,-4.787,-528.717
2924.6,35.52,79.4,0.0,12.8,2,-426.136,-4.803,-527.719
2924.6,36.05,85.5,0.0,4.0,2,-427.622,-4.825,-526.171
2924.6,36.41,85.6,0.0,-0.1,2,-428.605,-4.840,-525.108
2931.7,36.97,85.7,0.0,-2.8,2,-430.076,-4.862,-523.472
2931.7,37.34,85.7,0.0,-1.3,2,-431.058,-4.876,-522.357
2931.7,37.89,85.8,0.0,3.1,2,-432.537,-4.896,-520.655
2931.7,38.25,86.0,0.0,5.3,2,-433.531,-4.909,-519.502
2939.1,38.79,86.1,0.0,6.7,2,-435.032,-4.929,-517.745
2939.1,39.15,86.2,0.0,8.3,2,-436.038,-4.941,-516.556
2939.1,39.68,86.4,0.0,11.2,2,-437.552,-4.961,-514.740
2939.1,40.02,85.9,0.0,12.6,2,-438.560,-4.973,-513.507
2946.8,40.48,78.9,0.0,14.3,2,-440.068,-4.991,-511.621
2946.8,40.76,72.6,0.0,14.7,2,-441.065,-5.003,-510.338
2946.8,41.15,77.1,0.0,15.1,2,-442.544,-5.019,-508.377
2954.8,41.60,86.4,0.0,15.3,2,-444.001,-5.034,-506.368
2954.8,41.93,87.1,0.0,15.0,2,-444.959,-5.043,-505.000
2954.8,42.41,87.1,0.0,15.2,2,-446.374,-5.056,-502.904
2954.8,42.70,87.3,0.0,15.0,2,-447.301,-5.062,-501.478
2963.1,43.14,87.4,0.0,14.3,2,-448.666,-5.070,-499.294
2963.1,43.44,87.4,0.0,13.8,2,-449.557,-5.075,-497.811
2963.1,43.54,0.0,0.0,13.6,0,-450.858,-5.080,-495.545
2963.1,43.70,85.4,0.0,14.2,3,-451.696,-5.082,-494.017
2971.5,44.11,85.6,0.0,16.1,3,-452.919,-5.084,-491.685
2971.5,44.37,85.8,0.0,16.6,3,-453.714,-5.087,-490.105
2971.5,44.78,85.8,0.0,16.0,3,-454.874,-5.093,-487.696
2971.5,45.04,85.9,0.0,16.3,3,-455.625,-5.098,-486.065
2980.1,45.43,86.0,0.0,16.5,3,-456.713,-5.107,-483.579
2980.1,45.70,86.1,0.0,16.3,3,-457.415,-5.116,-481.897
2980.1,46.09,86.1,0.0,16.0,3,-458.428,-5.131,-479.338
2980.1,46.48,86.2,0.0,15.9,3,-459.392,-5.150,-476.735
2989.1,46.72,86.4,0.0,15.9,3,-460.006,-5.165,-474.976
2989.1,47.09,86.5,0.0,15.3,3,-460.884,-5.191,-472.303
2989.1,47.35,86.5,0.0,14.6,3,-461.439,-5.210,-470.498
2989.1,47.70,86.6,0.0,14.5,3,-462.224,-5.241,-467.758
2998.3,47.95,86.7,0.0,14.2,3,-462.715,-5.263,-465.909
2998.3,48.31,86.7,0.0,14.4,3,-463.402,-5.299,-463.105
2998.3,48.55,86.8,0.0,14.6,3,-463.826,-5.324,-461.215
2998.3,48.90,86.9,0.0,15.0,3,-464.409,-5.365,-458.351
3007.8,49.15,86.9,0.0,14.8,3,-464.763,-5.392,-456.423
3007.8,49.50,86.9,0.0,12.5,3,-465.238,-5.434,-453.503
3007.8,49.74,86.9,0.0,11.1,3,-465.517,-5.462,-451.539
3007.8,50.10,87.0,0.0,10.9,3,-465.883,-5.503,-448.567
3017.6,50.34,87.0,0.0,11.7,3,-466.091,-5.530,-446.570
3017.6,50.71,87.1,0.0,13.7,3,-466.354,-5.571,-443.551
3017.6,51.06,87.1,0.0,18.5,3,-466.561,-5.613,-440.506
3017.6,51.30,87.2,0.0,20.4,3,-466.666,-5.641,-438.462
3027.7,51.62,87.3,0.0,22.0,3,-466.770,-5.682,-435.377
3027.7,51.84,87.3,0.0,21.7,3,-466.803,-5.710,-433.308
3027.7,52.15,87.5,0.0,20.1,3,-466.791,-5.750,-430.190
3027.7,52.34,87.9,0.0,18.7,0,-466.740,-5.775,-428.101
3038.2,52.27,71.0,0.0,16.7,4,-466.595,-5.811,-424.966
3038.2,52.41,82.9,0.0,14.7,4,-466.452,-5.833,-422.878
3038.2,52.70,85.8,0.0,12.8,4,-466.169,-5.863,-419.739
3038.2,52.87,85.9,0.0,12.7,4,-465.933,-5.881,-417.641
3049.6,53.15,85.9,0.0,13.9,4,-465.513,-5.905,-414.489
3049.6,53.33,86.0,0.0,14.9,4,-465.188,-5.919,-412.385
3049.6,53.63,85.9,0.0,17.0,4,-464.637,-5.938,-409.224
3049.6,53.80,86.4,0.0,17.7,4,-464.228,-5.951,-407.116
3061.1,54.07,84.7,0.0,19.9,4,-463.562,-5.976,-403.949
3061.1,54.37,85.8,0.0,22.0,4,-462.836,-6.015,-400.779
3061.1,54.53,86.2,0.0,23.4,4,-462.310,-6.042,-398.666
3061.1,54.78,86.2,0.0,24.1,4,-461.448,-6.077,-395.503
3072.4,54.94,86.2,0.0,23.9,4,-460.825,-6.097,-393.399
3072.4,55.19,86.4,0.0,22.4,4,-459.819,-6.121,-390.252
3072.4,55.36,86.4,0.0,20.5,4,-459.102,-6.135,-388.161
3072.4,55.62,86.4,0.0,17.1,4,-457.959,-6.155,-385.035
3083.6,55.78,86.5,0.0,15.2,4,-457.152,-6.168,-382.958
3083.6,56.05,86.5,0.0,11.7,4,-455.875,-6.187,-379.857
3083.6,56.23,86.5,0.0,9.6,4,-454.979,-6.198,-377.798
3083.6,56.50,86.5,0.0,8.5,4,-453.569,-6.210,-374.725
3094.7,56.70,86.5,0.0,9.1,4,-452.590,-6.216,-372.684
3094.7,56.99,86.5,0.0,9.8,4,-451.072,-6.227,-369.631
3094.7,57.29,86.6,0.0,9.6,4,-449.497,-6.239,-366.586
3094.7,57.47,86.7,0.0,9.2,4,-448.419,-6.249,-364.561
3106.0,57.76,86.7,0.0,8.3,4,-446.758,-6.262,-361.530
3117.4,58.90,86.9,0.0,9.3,4,-439.605,-6.311,-349.501
3117.4,59.18,86.9,0.0,8.9,4,-437.693,-6.322,-346.519
3129.1,59.45,87.0,0.0,7.6,4,-435.731,-6.333,-343.551
3129.1,59.64,87.0,0.0,7.2,4,-434.394,-6.339,-341.580
3129.1,59.90,87.0,0.0,6.1,4,-432.348,-6.346,-338.636
3129.1,60.08,87.1,0.0,5.5,4,-430.956,-6.349,-336.681
3141.1,60.35,87.1,0.0,4.2,4,-428.832,-6.350,-333.759
3141.1,60.53,87.2,0.0,3.6,4,-427.394,-6.348,-331.817
3141.1,60.80,87.2,0.0,2.8,4,-425.205,-6.341,-328.909
3141.1,60.98,87.2,0.0,2.3,4,-423.729,-6.334,-326.972
3153.3,61.25,87.3,0.0,1.4,4,-421.492,-6.322,-324.067
3153.3,61.43,87.3,0.0,0.7,4,-419.988,-6.313,-322.129
3153.3,61.69,87.3,0.0,-0.0,4,-417.715,-6.299,-319.218
3153.3,61.87,87.3,0.0,-0.4,4,-416.192,-6.289,-317.273
3165.7,62.12,87.4,0.0,-0.9,4,-413.896,-6.274,-314.347
3165.7,62.29,87.4,0.0,-1.0,4,-412.361,-6.263,-312.389
3165.7,62.32,0.0,0.0,-1.3,0,-410.056,-6.247,-309.443
3165.7,62.49,86.1,0.0,-1.3,5,-407.755,-6.230,-306.492
3178.2,62.65,86.1,0.0,-1.2,5,-406.220,-6.219,-304.516
3178.2,62.89,86.2,0.0,-1.2,5,-403.916,-6.201,-301.537
3178.2,63.05,86.2,0.0,-1.2,5,-402.380,-6.188,-299.541
3178.2,63.29,86.3,0.0,-1.0,5,-400.075,-6.169,-296.533
3190.7,63.45,86.3,0.0,-0.9,5,-398.537,-6.155,-294.519
3190.7,63.68,86.3,0.0,-0.9,5,-396.229,-6.136,-291.483
3190.7,63.84,86.3,0.0,-0.9,5,-394.690,-6.122,-289.450
3190.7,64.07,86.4,0.0,-1.0,5,-392.379,-6.100,-286.388
3203.5,64.22,86.4,0.0,-0.8,5,-390.837,-6.087,-284.337
3203.5,64.45,86.4,0.0,-0.6,5,-388.522,-6.067,-281.248
3203.5,64.60,86.5,0.0,-0.5,5,-386.977,-6.055,-279.181
3203.5,64.83,86.5,0.0,-0.4,5,-384.657,-6.031,-276.068
3216.4,64.98,86.5,0.0,-0.5,5,-383.109,-6.014,-273.985
3216.4,65.20,86.6,0.0,-0.4,5,-380.782,-5.986,-270.849
3216.4,65.43,86.6,0.0,-0.3,5,-378.451,-5.959,-267.699
3216.4,65.57,86.6,0.0,-0.2,5,-376.894,-5.940,-265.592
3229.5,65.79,86.7,0.0,-0.1,5,-374.554,-5.913,-262.422
3229.5,65.93,86.7,0.0,-0.1,5,-372.991,-5.895,-260.301
3229.5,66.15,86.7,0.0,-0.1,5,-370.642,-5.865,-257.111
3229.5,66.29,86.8,0.0,0.1,5,-369.072,-5.843,-254.978
3242.7,66.51,86.8,0.0,0.3,5,-366.711,-5.808,-251.770
3242.7,66.65,86.8,0.0,0.5,5,-365.133,-5.784,-249.625
3242.7,66.85,86.8,0.0,0.7,5,-362.759,-5.746,-246.401
3242.7,66.99,86.9,0.0,0.6,5,-361.171,-5.720,-244.246
3256.1,67.19,86.9,0.0,0.6,5,-358.780,-5.678,-241.009
3256.1,67.33,86.9,0.0,0.5,5,-357.179,-5.649,-238.846
3256.1,67.53,87.0,0.0,0.4,5,-354.770,-5.605,-235.597
3256.1,67.67,87.0,0.0,0.3,5,-353.157,-5.575,-233.427
3269.6,67.87,87.0,0.0,0.3,5,-350.729,-5.533,-230.166
3269.6,68.07,87.0,0.0,0.2,5,-348.291,-5.494,-226.897
3269.6,68.21,87.0,0.0,0.3,5,-346.660,-5.470,-224.714
3269.6,68.39,87.1,0.0,0.2,5,-344.206,-5.431,-221.433
3283.2,68.52,87.1,0.0,0.2,5,-342.565,-5.403,-219.241
3283.2,68.71,87.1,0.0,0.3,5,-340.096,-5.360,-215.948
3283.2,68.84,87.1,0.0,0.2,5,-338.445,-5.330,-213.747
3283.2,69.03,87.2,0.0,0.1,5,-335.963,-5.283,-210.439
3297.0,69.15,87.2,0.0,0.0,5,-334.304,-5.251,-208.230
3297.0,69.35,87.2,0.0,-0.1,5,-331.809,-5.203,-204.908
3297.0,69.47,87.2,0.0,-0.1,5,-330.141,-5.171,-202.689
3297.0,69.64,87.3,0.0,-0.2,5,-327.635,-5.120,-199.353
3310.8,69.77,87.3,0.0,-0.2,5,-325.961,-5.085,-197.123
3310.8,69.95,87.3,0.0,-0.2,5,-323.445,-5.030,-193.772
3310.8,70.12,87.3,0.0,-0.3,5,-320.924,-4.974,-190.411
3310.8,70.24,87.3,0.0,-0.3,5,-319.241,-4.936,-188.165
3324.8,70.41,87.4,0.0,-0.3,5,-316.713,-4.880,-184.788
3324.8,70.52,87.4,0.0,-0.3,5,-315.025,-4.842,-182.531
3324.8,70.69,87.4,0.0,-0.3,5,-312.490,-4.786,-179.138
3324.8,70.81,87.4,0.0,-0.3,5,-310.798,-4.748,-176.870
3338.9,70.96,87.4,0.0,-0.4,0,-308.257,-4.693,-173.460
3338.9,70.88,0.0,0.0,-0.4,0,-306.563,-4.656,-171.185
3338.9,70.97,86.4,0.0,-0.3,6,-304.025,-4.598,-167.771
3338.9,71.08,86.4,0.0,-0.3,6,-302.331,-4.559,-165.490
3353.1,71.25,86.4,0.0,-0.5,6,-299.789,-4.500,-162.061
3353.1,71.35,86.4,0.0,-0.6,6,-298.092,-4.460,-159.770
3353.1,71.51,86.4,0.0,-0.6,6,-295.544,-4.399,-156.324
3353.1,71.62,86.5,0.0,-0.6,6,-293.843,-4.358,-154.022
3367.4,71.77,86.5,0.0,-0.5,6,-291.291,-4.297,-150.561
3367.4,71.92,86.5,0.0,-0.4,6,-288.736,-4.235,-147.089
3367.4,72.03,86.5,0.0,-0.3,6,-287.032,-4.193,-144.770
3381.8,72.18,86.5,0.0,-0.1,6,-284.473,-4.132,-141.282
3381.8,72.29,86.6,0.0,-0.0,6,-282.765,-4.091,-138.952
3381.8,72.44,86.6,0.0,0.0,6,-280.201,-4.030,-135.449
3381.8,72.54,86.6,0.0,0.1,6,-278.488,-3.990,-133.110
3396.3,72.68,86.6,0.0,0.1,6,-275.916,-3.928,-129.595
3396.3,72.78,86.6,0.0,0.1,6,-274.198,-3.886,-127.248
3396.3,72.93,86.6,0.0,0.1,6,-271.616,-3.823,-123.721
3396.3,73.03,86.7,0.0,0.1,6,-269.891,-3.780,-121.366
3410.9,73.17,86.7,0.0,-0.1,6,-267.299,-3.717,-117.829
3410.9,73.27,86.7,0.0,-0.3,6,-265.568,-3.674,-115.467
3410.9,73.41,86.8,0.0,-0.5,6,-262.967,-3.610,-111.918
3410.9,73.51,86.8,0.0,-0.6,6,-261.232,-3.567,-109.548
3425.6,73.65,86.8,0.0,-0.8,6,-258.626,-3.499,-105.985
3425.6,73.78,86.8,0.0,-0.6,6,-256.020,-3.431,-102.412
3425.6,73.88,86.8,0.0,-0.5,6,-254.283,-3.385,-100.024
3425.6,74.02,86.9,0.0,-0.4,6,-251.678,-3.315,-96.433
3440.4,74.12,86.8,0.0,-0.4,6,-249.942,-3.270,-94.033
3440.4,74.25,86.9,0.0,-0.4,6,-247.337,-3.203,-90.425
3440.4,74.34,86.9,0.0,-0.3,6,-245.601,-3.159,-88.013
3440.4,74.48,86.9,0.0,0.1,6,-242.997,-3.095,-84.388
3455.3,74.57,86.9,0.0,0.6,6,-241.259,-3.051,-81.966
3455.3,74.71,86.9,0.0,1.6,6,-238.649,-2.987,-78.327
3455.3,74.79,86.9,0.0,1.6,6,-236.904,-2.944,-75.900
3455.3,74.92,87.0,0.0,1.3,6,-234.276,-2.879,-72.259
3470.2,75.01,87.0,0.0,2.0,6,-232.515,-2.836,-69.832
3470.2,75.14,87.0,0.0,3.5,6,-229.859,-2.771,-66.195
3470.2,75.22,87.0,0.0,4.5,6,-228.076,-2.725,-63.774
3470.2,75.34,87.0,0.0,5.8,6,-225.377,-2.655,-60.153
3485.3,75.40,50.0,38.5,7.1,6,-222.644,-2.585,-56.549
3485.3,74.90,0.0,65.6,7.6,6,-220.805,-2.536,-54.168
3485.3,73.78,0.0,74.6,7.7,6,-218.043,-2.465,-50.662
3485.3,72.99,0.0,69.5,7.3,6,-216.202,-2.418,-48.375
3500.1,71.89,0.0,53.9,8.4,6,-213.436,-2.349,-45.021
3500.1,71.27,0.0,40.4,7.2,6,-211.583,-2.304,-42.838
3500.1,70.56,0.0,18.5,4.7,6,-208.783,-2.237,-39.635
3500.1,70.24,0.0,7.6,6.5,6,-206.897,-2.192,-37.544
3514.2,69.93,5.2,0.0,7.0,6,-204.032,-2.124,-34.467
3514.2,69.79,18.6,0.0,7.7,6,-202.098,-2.078,-32.450
3514.2,69.62,16.7,0.0,9.3,6,-199.162,-2.012,-29.472
3514.2,69.39,8.6,24.5,9.4,6,-196.186,-1.946,-26.548
3541.3,67.17,0.0,27.4,17.4,6,-182.031,-1.647,-13.853
3541.3,66.79,0.0,8.6,18.3,6,-179.954,-1.615,-12.160
3541.3,66.46,19.4,0.3,17.3,6,-176.813,-1.575,-9.689
3554.7,66.42,71.0,0.0,16.2,6,-174.696,-1.554,-8.084
3554.7,66.51,85.9,0.0,15.2,6,-171.472,-1.526,-5.737
3554.7,66.59,85.8,0.0,14.9,6,-169.289,-1.509,-4.215
3554.7,66.69,85.8,0.0,17.9,6,-165.962,-1.483,-1.997
3568.3,66.79,85.7,0.0,23.4,6,-162.577,-1.456,0.140
3568.3,66.80,78.8,0.0,24.7,6,-160.286,-1.432,1.515
3568.3,66.86,78.1,0.0,23.5,6,-156.805,-1.381,3.499
3568.3,66.89,85.2,0.0,25.7,6,-154.455,-1.343,4.777
3582.5,66.89,86.9,0.0,27.4,6,-150.904,-1.308,6.648
3582.5,66.98,87.1,0.0,26.5,6,-148.524,-1.305,7.870
3582.5,66.96,56.4,0.0,24.1,6,-144.903,-1.290,9.622
3582.5,66.92,70.2,0.0,23.9,6,-142.462,-1.266,10.720
3596.9,66.89,62.6,0.0,26.9,6,-138.764,-1.229,12.283
3596.9,66.84,55.5,0.0,30.8,6,-136.278,-1.204,13.269
3596.9,66.73,46.2,0.0,39.0,6,-132.521,-1.167,14.662
3596.9,66.63,41.3,0.0,44.6,6,-130.000,-1.142,15.536
3611.0,66.47,35.0,0.0,52.0,6,-126.201,-1.106,16.766
3611.0,66.27,29.9,0.0,55.5,6,-122.384,-1.072,17.902
3611.0,66.12,27.5,0.0,55.6,6,-119.832,-1.049,18.606
3611.0,65.88,24.4,0.0,54.3,6,-115.993,-1.014,19.578
3624.4,65.71,22.6,0.0,52.7,6,-113.428,-0.992,20.171
3624.4,65.43,21.4,0.0,49.4,6,-109.575,-0.958,20.971
3624.4,65.25,17.7,0.0,47.4,6,-107.005,-0.933,21.443
3624.4,64.95,13.4,0.0,46.0,6,-103.148,-0.896,22.062
3637.3,64.74,13.3,0.0,45.3,6,-100.578,-0.871,22.416
3637.3,64.44,13.3,0.0,43.7,6,-96.728,-0.833,22.858
3637.3,64.24,13.2,0.0,42.9,6,-94.165,-0.806,23.092
3637.3,63.97,23.5,0.0,41.1,6,-90.328,-0.764,23.356
3662.4,63.83,85.2,0.0,18.8,6,-73.759,-0.570,23.349
3662.4,63.96,85.3,0.0,12.7,6,-69.935,-0.521,23.087
3662.4,64.05,85.3,0.0,9.7,6,-67.385,-0.489,22.863
3675.2,64.21,85.3,0.0,6.4,6,-63.560,-0.442,22.456
3675.2,64.37,85.3,0.0,5.7,6,-59.735,-0.392,21.967
3675.2,64.49,85.3,0.0,6.3,6,-57.184,-0.356,21.600
3675.2,64.68,85.3,0.0,7.0,6,-53.356,-0.302,21.004
3688.0,64.81,85.3,0.0,6.1,6,-50.802,-0.268,20.579
3688.0,65.00,85.3,0.0,1.9,6,-46.967,-0.220,19.907
3688.0,65.13,85.4,0.0,-0.8,6,-44.407,-0.189,19.437
3688.0,65.32,85.4,0.0,-3.1,6,-40.562,-0.142,18.713
3701.0,65.46,85.1,0.0,-3.8,6,-37.993,-0.113,18.225
3701.0,65.65,85.0,0.0,-4.8,6,-34.128,-0.070,17.500
3701.0,65.77,85.5,0.0,-5.5,6,-31.543,-0.043,17.027
3701.0,65.94,85.6,0.0,-5.3,6,-27.652,-0.005,16.342
3714.2,66.07,85.6,0.0,-5.4,6,-25.048,0.016,15.903
3714.2,66.26,85.6,0.0,-6.4,6,-21.129,0.044,15.273
3714.2,66.40,85.5,0.0,-6.8,6,-18.506,0.061,14.874
3714.2,66.57,85.6,0.0,-9.4,6,-14.558,0.085,14.313
3727.5,66.71,85.8,0.0,-11.3,6,-10.592,0.111,13.804
3727.5,66.84,85.8,0.0,-11.8,6,-7.939,0.128,13.498
3727.5,67.00,85.7,0.0,-12.1,6,-3.945,0.154,13.095
3727.5,67.10,85.7,0.0,-11.4,6,-1.273,0.172,12.867
3741.0,67.23,85.8,0.0,-11.6,6,2.746,0.203,12.592
3741.0,67.33,85.9,0.0,-11.9,6,5.434,0.226,12.453
3741.0,67.48,85.8,0.0,-12.6,6,9.475,0.265,12.315
3741.0,67.57,85.8,0.0,-12.5,6,12.175,0.294,12.268
3754.8,67.70,86.0,0.0,-13.1,6,16.232,0.340,12.265
3754.8,67.81,85.9,0.0,-13.0,6,18.942,0.374,12.310
3754.8,67.94,85.9,0.0,-12.3,6,23.011,0.428,12.446
3754.8,68.01,86.0,0.0,-11.8,6,25.726,0.468,12.586
3768.8,68.16,86.1,0.0,-10.9,6,29.800,0.534,12.866
3768.8,68.30,86.1,0.0,-13.1,6,33.877,0.598,13.225
3768.8,68.41,86.2,0.0,-15.4,6,36.596,0.634,13.502
3768.8,68.54,86.1,0.0,-17.1,6,40.676,0.684,13.981
3783.0,68.59,86.1,0.0,-17.4,6,43.393,0.719,14.350
3783.0,68.72,86.1,0.0,-16.3,6,47.464,0.775,14.976
3783.0,68.79,86.1,0.0,-15.5,6,50.173,0.812,15.445
3783.0,68.89,86.2,0.0,-15.4,6,54.229,0.868,16.225
3797.2,68.96,86.1,0.0,-15.3,6,56.926,0.905,16.796
3797.2,69.07,86.2,0.0,-14.6,6,60.958,0.965,17.733
3797.2,69.15,86.1,0.0,-14.8,6,63.638,1.005,18.408
3797.2,69.26,86.2,0.0,-14.0,6,67.643,1.066,19.496
3811.5,69.28,86.4,0.0,-13.8,6,70.304,1.107,20.270
3811.5,69.41,86.5,0.0,-12.7,6,74.278,1.167,21.504
3811.5,69.49,86.1,0.0,-11.9,6,76.915,1.206,22.376
3811.5,69.58,86.3,0.0,-11.6,6,80.851,1.266,23.756
3825.9,69.67,86.3,0.0,-11.6,6,84.763,1.324,25.224
3825.9,69.79,86.2,0.0,-11.5,6,87.356,1.364,26.249
3825.9,69.90,86.2,0.0,-12.3,6,91.223,1.425,27.860
3825.9,69.96,86.3,0.0,-13.4,6,93.785,1.465,28.981
3840.0,70.08,86.3,0.0,-13.7,6,97.604,1.527,30.731
3840.0,70.16,86.3,0.0,-13.6,6,100.132,1.569,31.944
3840.0,70.27,86.3,0.0,-12.9,6,103.897,1.635,33.832
3840.0,70.34,86.3,0.0,-12.3,6,106.389,1.679,35.134
3854.0,70.46,86.4,0.0,-11.6,6,110.098,1.746,37.154
3854.0,70.54,86.4,0.0,-11.6,6,112.551,1.789,38.544
3854.0,70.66,86.4,0.0,-11.8,6,116.201,1.855,40.694
3868.1,70.78,86.4,0.0,-12.2,6,119.813,1.921,42.919
3868.1,70.86,86.4,0.0,-12.4,6,122.200,1.963,44.443
3868.1,70.98,86.4,0.0,-12.4,6,125.749,2.024,46.789
3868.1,71.05,86.4,0.0,-12.0,6,128.093,2.064,48.393
3882.2,71.16,86.5,0.0,-12.1,6,131.574,2.122,50.859
3882.2,71.25,86.4,0.0,-12.0,6,133.871,2.158,52.541
3882.2,71.36,86.5,0.0,-11.7,6,137.281,2.209,55.125
3882.2,71.44,86.5,0.0,-11.9,6,139.529,2.241,56.885
3896.4,71.56,86.5,0.0,-12.0,6,142.864,2.285,59.583
3896.4,71.63,86.5,0.0,-10.9,6,145.063,2.309,61.418
3896.4,71.75,86.5,0.0,-9.4,6,148.323,2.339,64.223
3896.4,71.84,86.5,0.0,-7.7,6,150.471,2.354,66.129
3910.8,71.96,86.5,0.0,-5.7,6,153.654,2.376,69.040
3910.8,72.10,86.6,0.0,-4.2,6,156.796,2.393,72.007
3910.8,72.01,27.4,37.7,-3.6,6,158.869,2.404,74.012
3910.8,71.22,0.0,69.7,-2.4,6,161.933,2.419,77.030
3925.1,70.47,0.0,80.5,-1.3,6,163.939,2.430,79.035
3925.1,69.21,0.0,87.6,0.0,6,166.888,2.446,82.016
3925.1,68.33,0.0,90.1,0.3,6,168.816,2.459,83.980
3925.1,66.99,0.0,91.6,0.2,6,171.654,2.478,86.886
3938.7,66.07,0.0,91.1,0.2,6,173.512,2.492,88.793
3938.7,64.74,22.3,92.3,0.4,0,176.251,2.513,91.608
3938.7,63.84,0.0,92.7,0.5,5,178.045,2.527,93.453
3938.7,62.48,0.0,91.3,0.7,5,180.691,2.546,96.170
3951.4,61.59,0.0,91.1,0.9,5,182.425,2.559,97.948
3951.4,60.26,0.0,91.0,1.1,5,184.982,2.578,100.564
3951.4,59.38,0.0,91.2,1.2,5,186.658,2.591,102.275
3951.4,58.06,0.0,90.7,1.4,5,189.129,2.607,104.790
3963.3,56.74,0.0,90.4,1.5,0,191.550,2.620,107.244
3963.3,55.88,21.5,91.2,1.4,0,193.137,2.629,108.845
3963.3,54.58,0.0,91.8,1.6,4,195.477,2.644,111.195
3963.3,53.71,0.0,91.6,1.9,4,197.011,2.654,112.726
3974.2,52.40,0.0,91.1,2.2,4,199.272,2.672,114.970
3974.2,51.53,0.0,90.8,2.9,4,200.753,2.685,116.431
3974.2,50.23,0.0,90.4,3.6,4,202.937,2.708,118.567
3974.2,49.37,0.0,90.7,4.4,4,204.369,2.724,119.955
3984.3,48.09,0.0,90.8,5.0,4,206.480,2.749,121.981
3984.3,47.25,23.5,91.4,5.5,0,207.864,2.766,123.295
3984.3,45.98,0.0,91.6,6.4,3,209.907,2.791,125.209
3984.3,45.12,0.0,90.4,6.8,3,211.247,2.808,126.446
3993.6,43.85,0.0,88.1,7.9,3,213.224,2.830,128.243
3993.6,43.04,0.0,86.2,8.4,3,214.521,2.844,129.401
3993.6,41.83,0.0,82.7,9.0,3,216.439,2.862,131.079
3993.6,40.70,0.0,72.1,9.8,3,218.325,2.878,132.686
4002.0,40.03,0.0,63.8,9.9,3,219.568,2.886,133.719
4002.0,39.16,27.5,56.7,9.2,0,221.418,2.896,135.210
4002.0,38.58,0.0,52.6,8.7,2,222.644,2.901,136.167
4002.0,37.77,0.0,47.0,7.5,2,224.475,2.906,137.546
4009.8,37.27,0.0,44.3,7.6,2,225.690,2.909,138.429
4009.8,36.57,0.0,41.1,9.5,2,227.506,2.911,139.699
4009.8,36.13,0.0,39.9,11.1,2,228.713,2.911,140.512
4009.8,35.49,0.0,39.5,13.4,2,230.517,2.909,141.680
4017.0,34.85,0.0,38.6,16.0,2,232.314,2.905,142.791
4017.0,34.44,0.0,38.7,17.3,2,233.506,2.902,143.498
4017.0,33.83,0.0,36.8,18.0,2,235.287,2.896,144.512
4017.0,33.43,0.0,35.6,18.3,2,236.470,2.891,145.155
4023.8,32.86,0.0,31.6,19.1,2,238.236,2.882,146.070
4023.8,32.51,0.0,25.6,19.3,2,239.410,2.877,146.646
4023.8,32.08,0.0,18.4,20.5,2,241.168,2.867,147.462
4023.8,31.84,0.0,15.4,22.2,2,242.340,2.862,147.973
4030.0,31.53,0.0,11.0,25.4,2,244.100,2.852,148.693
4030.0,31.35,0.0,8.1,27.4,2,245.275,2.845,149.140
4030.0,31.12,0.0,5.9,29.5,2,247.043,2.835,149.763
4030.0,30.98,0.0,5.0,30.5,2,248.225,2.829,150.146
4036.0,30.79,0.0,3.8,31.9,2,250.002,2.819,150.671
4036.0,30.66,0.0,2.1,32.9,2,251.190,2.811,150.987
4036.0,30.47,0.0,5.6,27.1,2,252.975,2.799,151.411
4042.0,30.28,0.0,3.2,26.9,2,254.761,2.787,151.775
4042.0,30.16,0.0,0.7,29.6,2,255.952,2.779,151.984
4042.0,30.00,0.1,2.4,28.4,2,257.737,2.767,152.247
4042.0,29.89,0.0,0.5,31.0,2,258.927,2.760,152.389
4048.1,29.76,4.8,0.0,36.3,2,260.709,2.750,152.551
4048.1,29.68,5.2,0.0,39.3,2,261.896,2.744,152.626
4048.1,29.55,5.1,0.0,42.0,2,263.672,2.735,152.684
4048.1,29.48,11.8,0.0,43.4,2,264.852,2.730,152.687
4055.4,29.38,6.1,0.0,44.7,2,266.617,2.724,152.633
4055.4,29.29,8.0,0.0,45.4,2,267.789,2.721,152.559
4055.4,29.22,12.8,0.0,47.1,2,269.536,2.719,152.390
4055.4,29.14,8.3,0.0,49.6,2,270.693,2.718,152.240
4062.3,29.04,13.3,0.0,53.9,2,272.416,2.718,151.957
4062.3,28.97,12.7,0.0,56.1,2,273.554,2.719,151.732
4062.3,28.86,14.9,0.0,58.8,2,275.244,2.723,151.336
4062.3,28.74,7.1,0.0,61.4,2,276.909,2.732,150.871
4070.4,28.68,12.9,0.0,66.1,2,278.004,2.738,150.525
4070.4,28.58,15.2,0.0,74.7,2,279.624,2.750,149.954
4070.4,28.49,14.6,0.0,80.8,2,280.687,2.759,149.538
4070.4,28.37,15.1,0.0,88.5,2,282.253,2.775,148.862
4077.3,28.26,13.8,0.0,89.6,2,283.276,2.790,148.376
4077.3,28.13,13.4,0.0,88.6,2,284.777,2.814,147.597
4077.3,28.03,13.4,0.0,88.3,2,285.755,2.834,147.043
4077.3,27.90,13.5,0.0,87.5,2,287.186,2.864,146.167
4084.7,27.81,13.5,0.0,86.9,2,288.115,2.885,145.553
4084.7,27.68,13.8,0.0,84.7,2,289.473,2.915,144.590
4084.7,27.59,14.3,0.0,82.3,2,290.352,2.937,143.921
4084.7,27.47,16.1,0.0,77.1,2,291.631,2.970,142.876
4090.3,27.41,18.2,0.0,73.1,2,292.456,2.993,142.152
4090.3,27.35,23.5,0.0,66.1,2,293.653,3.028,141.028
4090.3,27.35,33.9,0.0,58.4,2,294.802,3.064,139.858
4090.3,27.42,45.9,0.0,52.3,2,295.543,3.088,139.052
4095.7,27.66,60.4,0.0,41.7,2,296.623,3.123,137.803
4095.7,27.82,53.0,0.0,34.1,2,297.322,3.145,136.942
4095.7,28.04,51.0,0.0,23.8,2,298.338,3.177,135.610
4095.7,28.22,57.4,0.0,18.1,2,298.995,3.197,134.697
4101.0,28.52,62.8,0.0,12.6,2,299.950,3.226,133.290
4101.0,28.77,70.3,0.0,11.4,2,300.570,3.244,132.327
4101.0,29.20,75.7,0.0,12.7,2,301.477,3.269,130.845
4101.0,29.50,76.8,0.0,14.9,2,302.070,3.284,129.832
4106.6,29.95,75.6,0.0,17.4,2,302.940,3.306,128.276
4106.6,30.25,75.6,0.0,18.5,2,303.508,3.320,127.216
4106.6,30.69,75.4,0.0,19.9,2,304.342,3.338,125.589
4106.6,30.98,73.4,0.0,20.1,2,304.883,3.350,124.482
4112.5,31.41,71.7,0.0,19.8,2,305.673,3.366,122.786
4112.5,31.83,70.8,0.0,20.1,2,306.432,3.381,121.048
4112.5,32.10,70.0,0.0,20.6,2,306.919,3.391,119.867
4112.5,32.50,70.3,0.0,21.2,2,307.620,3.405,118.061
4118.9,32.77,71.8,0.0,21.4,2,308.068,3.413,116.835
4118.9,33.20,78.0,0.0,22.2,2,308.706,3.425,114.963
4118.9,33.49,70.3,0.0,21.5,2,309.109,3.433,113.693
4118.9,33.85,75.0,0.0,19.4,2,309.676,3.444,111.755
4125.5,34.14,66.6,0.0,17.6,2,310.028,3.452,110.442
4125.5,34.53,79.3,0.0,16.7,2,310.516,3.465,108.442
4125.5,34.83,72.2,0.0,16.7,2,310.814,3.474,107.088
4125.5,35.24,76.9,0.0,16.9,2,311.221,3.489,105.027
4132.4,35.56,84.8,0.0,16.9,2,311.464,3.500,103.633
4132.4,36.00,70.4,0.0,20.1,2,311.787,3.518,101.510
4132.4,36.30,42.4,0.0,18.1,2,312.055,3.538,99.357
4132.4,36.34,19.3,0.0,15.4,2,312.201,3.553,97.912
4139.6,36.14,1.2,27.1,12.5,2,312.372,3.576,95.742
4139.6,35.80,0.0,41.1,9.9,2,312.458,3.593,94.305
4139.6,35.10,0.0,54.5,6.2,2,312.551,3.620,92.178
4139.6,34.54,0.0,63.3,4.5,2,312.594,3.640,90.784
4146.6,33.60,0.0,71.5,1.6,2,312.638,3.672,88.739
4146.6,32.91,0.0,74.6,-0.7,2,312.658,3.694,87.407
4146.6,31.85,0.0,76.7,-4.6,2,312.679,3.727,85.463
4146.6,31.13,0.0,77.5,-7.1,2,312.691,3.750,84.202
4152.9,30.05,0.0,76.6,-10.7,2,312.715,3.784,82.365
4152.9,29.36,0.0,67.6,-13.0,2,312.736,3.805,81.175
4152.9,28.44,0.0,50.9,-15.9,2,312.783,3.837,79.442
4152.9,27.95,0.0,41.5,-17.6,2,312.826,3.858,78.314
4158.5,27.35,0.0,31.8,-20.1,2,312.915,3.886,76.657
4158.5,26.86,0.0,26.1,-22.8,2,313.037,3.912,75.035
4158.5,26.57,0.0,22.4,-24.5,2,313.137,3.927,73.971
4163.7,26.20,34.2,17.9,-27.0,0,313.319,3.949,72.399
4163.7,25.99,0.0,18.4,-28.0,1,313.463,3.962,71.364
4163.7,25.62,0.0,15.9,-29.4,1,313.712,3.981,69.836
4163.7,25.39,0.0,14.1,-30.5,1,313.901,3.992,68.833
4168.7,25.08,0.0,11.6,-32.0,1,314.219,4.008,67.352
4173.6,23.74,0.0,9.2,-38.6,1,316.246,4.060,60.833
4173.6,23.57,0.0,7.5,-39.9,1,316.609,4.064,59.959
4173.6,23.34,0.0,4.9,-41.9,1,317.188,4.069,58.675
4178.3,23.21,0.0,3.3,-43.0,1,317.597,4.072,57.839
4178.3,23.02,0.0,4.6,-44.3,1,318.246,4.074,56.613
4178.3,22.88,0.0,3.8,-45.3,1,318.702,4.074,55.816
4178.3,22.70,0.0,2.7,-45.8,1,319.419,4.073,54.652
4182.7,22.53,0.0,1.7,-46.0,1,320.177,4.071,53.526
4182.7,22.42,0.0,4.2,-45.8,1,320.704,4.068,52.797
4182.7,22.22,0.0,4.8,-46.3,1,321.524,4.062,51.738
4182.7,22.09,0.0,5.0,-46.3,1,322.090,4.057,51.056
4186.9,21.89,0.0,5.5,-45.8,1,322.966,4.050,50.069
4186.9,21.76,0.0,5.5,-45.6,1,323.568,4.044,49.436
4186.9,21.55,0.0,7.5,-45.7,1,324.496,4.035,48.526
4186.9,21.40,0.0,6.9,-46.4,1,325.129,4.029,47.945
4190.9,21.19,0.0,5.4,-48.8,1,326.099,4.019,47.112
4190.9,21.06,0.0,4.4,-50.7,1,326.758,4.012,46.584
4190.9,20.88,0.0,2.7,-53.5,1,327.767,3.999,45.831
4190.9,20.78,0.0,0.7,-49.1,1,328.452,3.991,45.357
4195.0,20.71,18.2,0.0,-45.7,1,329.499,3.977,44.685
4195.0,20.78,31.1,0.0,-44.0,1,330.211,3.968,44.261
4195.0,21.00,43.9,0.0,-52.2,1,331.307,3.954,43.653
4199.0,21.34,60.8,0.0,-56.1,1,332.438,3.939,43.080
4199.0,21.55,45.0,0.0,-64.2,1,333.216,3.930,42.717
4199.0,21.73,35.5,0.0,-71.0,1,334.412,3.915,42.214
4199.0,21.83,36.6,0.0,-73.6,1,335.228,3.905,41.908
4203.6,22.01,42.9,0.0,-67.2,1,336.476,3.890,41.495
4203.6,22.13,38.8,0.0,-60.2,1,337.325,3.881,41.252
4203.6,22.32,37.1,0.0,-59.4,1,338.620,3.867,40.937
4203.6,22.45,35.8,0.0,-59.1,1,339.497,3.858,40.759
4208.6,22.66,40.0,0.0,-54.9,1,340.832,3.846,40.543
4208.6,22.80,42.2,0.0,-52.8,1,341.734,3.838,40.431
4208.6,23.07,42.8,0.0,-55.5,1,343.105,3.826,40.314
4208.6,23.24,42.4,0.0,-58.1,1,344.029,3.818,40.269
4214.9,23.49,44.9,0.0,-61.0,1,345.430,3.807,40.251
4214.9,23.66,46.1,0.0,-63.2,1,346.373,3.799,40.274
4214.9,23.93,47.4,0.0,-68.8,1,347.797,3.789,40.358
4214.9,24.15,40.0,0.0,-74.7,1,349.232,3.779,40.505
4220.7,24.27,34.1,0.0,-76.4,1,350.190,3.773,40.639
4220.7,24.31,26.8,0.0,-75.7,1,351.624,3.766,40.894
4220.7,24.35,29.7,0.0,-76.1,1,352.575,3.762,41.100
4220.7,24.42,29.9,0.0,-77.4,1,353.992,3.759,41.465
4226.7,24.53,39.7,0.0,-77.5,1,354.931,3.757,41.744
4226.7,24.69,35.3,0.0,-77.7,1,356.331,3.754,42.215
4226.7,24.80,40.8,0.0,-77.1,1,357.257,3.753,42.563
4226.7,24.91,24.2,0.0,-75.2,1,358.634,3.751,43.137
4232.5,24.91,20.9,0.0,-73.0,1,359.539,3.751,43.555
4232.5,24.93,26.9,0.0,-65.3,1,360.873,3.752,44.229
4232.5,25.00,35.6,0.0,-58.8,1,361.747,3.754,44.710
4232.5,25.33,66.6,0.0,-46.7,1,363.043,3.759,45.481
4238.1,25.63,58.5,0.0,-36.7,1,363.902,3.763,46.028
4238.1,26.08,56.4,0.0,-23.4,1,365.185,3.772,46.898
4238.1,26.56,64.9,0.0,-15.8,1,366.463,3.782,47.824
4238.1,26.91,64.7,0.0,-14.2,1,367.314,3.789,48.471
4243.6,27.42,64.5,0.0,-17.1,1,368.591,3.800,49.483
4243.6,27.77,64.7,0.0,-19.7,1,369.441,3.808,50.184
4243.6,28.27,65.9,0.0,-22.7,1,370.717,3.819,51.278
4243.6,28.61,68.0,0.0,-24.5,1,371.566,3.827,52.034
4249.2,29.15,73.6,0.0,-25.9,1,372.836,3.838,53.211
4249.2,29.52,75.9,0.0,-25.3,1,373.680,3.845,54.025
4249.2,30.03,68.2,0.0,-22.4,1,374.939,3.854,55.292
4249.2,30.38,71.6,0.0,-20.5,1,375.770,3.861,56.168
4254.8,30.92,77.0,0.0,-19.7,1,377.005,3.869,57.529
4254.8,31.26,72.2,0.0,-19.7,1,377.819,3.875,58.468
4254.8,31.73,66.9,0.0,-19.8,1,379.022,3.884,59.925
4254.8,32.05,73.7,0.0,-20.0,1,379.811,3.889,60.927
4260.9,32.55,76.6,0.0,-21.2,0,380.972,3.897,62.477
4260.9,32.58,73.5,0.0,-21.6,2,382.097,3.902,64.075
4260.9,32.88,81.5,0.0,-21.4,2,382.823,3.906,65.163
4260.9,33.39,84.6,0.0,-21.5,2,383.888,3.910,66.841
4267.2,33.71,74.8,0.0,-20.0,2,384.581,3.913,67.989
4267.2,34.20,84.4,0.0,-16.4,2,385.592,3.917,69.756
4267.2,34.55,85.0,0.0,-14.0,2,386.248,3.919,70.964
4267.2,35.08,85.2,0.0,-11.6,2,387.205,3.924,72.819
4274.0,35.44,85.3,0.0,-10.8,2,387.826,3.926,74.084
4274.0,35.98,85.4,0.0,-10.4,2,388.733,3.929,76.024
4274.0,36.34,85.5,0.0,-10.9,2,389.323,3.930,77.344
4274.0,36.86,85.8,0.0,-12.5,2,390.187,3.931,79.363
4281.0,37.25,85.8,0.0,-12.0,2,390.750,3.929,80.732
4281.0,37.79,84.2,0.0,-12.3,2,391.577,3.925,82.825
4281.0,38.09,84.1,0.0,-13.0,2,392.113,3.922,84.243
4281.0,38.57,86.0,0.0,-11.4,2,392.896,3.914,86.404
4288.5,38.96,67.9,0.0,-8.2,2,393.651,3.907,88.602
4288.5,39.25,86.3,0.0,-7.3,2,394.135,3.903,90.088
4288.5,39.75,80.3,0.0,-6.3,2,394.839,3.899,92.350
4288.5,40.09,86.6,0.0,-6.3,2,395.294,3.898,93.879
4296.2,40.63,86.8,0.0,-6.2,2,395.959,3.895,96.207
4296.2,40.98,86.8,0.0,-6.2,2,396.390,3.893,97.780
4296.2,41.49,87.0,0.0,-6.1,2,397.020,3.891,100.172
4296.2,41.83,87.1,0.0,-5.9,2,397.430,3.888,101.787
4304.3,42.34,87.0,0.0,-4.9,2,398.030,3.882,104.239
4304.3,42.65,87.2,0.0,-4.8,2,398.417,3.882,105.894
4304.3,43.14,87.3,0.0,-5.3,2,398.985,3.878,108.403
4304.3,43.46,87.3,0.0,-5.8,2,399.353,3.876,110.095
4312.7,43.93,87.4,0.0,-6.5,2,399.892,3.871,112.660
4312.7,44.11,0.0,0.0,-6.8,0,400.241,3.868,114.387
4312.7,44.27,84.7,0.0,-6.8,3,400.743,3.862,116.986
4321.4,44.68,81.4,0.0,-7.2,3,401.224,3.858,119.610
4321.4,44.94,76.9,0.0,-7.6,3,401.531,3.855,121.375
4321.4,45.29,74.7,0.0,-8.3,3,401.971,3.851,124.045
4321.4,45.51,73.4,0.0,-8.6,3,402.249,3.849,125.840
4330.3,45.84,71.7,0.0,-8.6,3,402.643,3.844,128.551
4330.3,46.05,71.2,0.0,-8.5,3,402.888,3.840,130.373
4330.3,46.38,71.5,0.0,-8.7,3,403.229,3.834,133.124
4330.3,46.59,71.7,0.0,-8.9,3,403.437,3.830,134.971
4339.5,46.90,71.9,0.0,-9.0,3,403.721,3.824,137.760
4339.5,47.11,72.2,0.0,-9.0,3,403.892,3.820,139.632
4339.5,47.43,72.5,0.0,-9.5,3,404.117,3.813,142.459
4339.5,47.64,72.9,0.0,-9.8,3,404.247,3.809,144.355
4348.9,47.95,73.2,0.0,-9.7,3,404.411,3.801,147.218
4348.9,48.16,73.5,0.0,-9.5,3,404.497,3.797,149.137
4348.9,48.47,73.8,0.0,-10.4,3,404.593,3.791,152.034
4348.9,48.77,74.3,0.0,-11.3,3,404.646,3.785,154.950
4358.4,48.98,74.6,0.0,-11.6,3,404.656,3.781,156.905
4358.4,49.28,75.1,0.0,-12.1,3,404.633,3.774,159.852
4358.4,49.49,75.2,0.0,-12.5,3,404.589,3.770,161.826
4358.4,49.79,75.7,0.0,-10.2,3,404.482,3.764,164.802
4368.2,49.99,75.6,0.0,-9.4,3,404.383,3.759,166.794
4378.2,51.40,78.0,0.0,-15.2,3,403.082,3.725,180.924
4378.2,51.59,78.7,0.0,-17.6,3,402.804,3.720,182.964
4378.2,51.87,79.8,0.0,-19.4,3,402.335,3.712,186.032
4388.4,52.05,80.5,0.0,-19.6,3,401.986,3.706,188.081
4388.4,52.32,81.5,0.0,-18.5,3,401.400,3.699,191.156
4388.4,52.50,82.3,0.0,-18.0,3,400.968,3.695,193.207
4388.4,52.53,0.0,0.0,-17.7,0,400.254,3.690,196.278
4410.4,52.79,73.4,0.0,-20.6,4,395.148,3.677,212.324
4410.4,52.92,73.8,0.0,-18.7,4,394.359,3.680,214.286
4421.7,53.12,75.5,0.0,-16.5,4,393.115,3.688,217.213
4421.7,53.36,75.8,0.0,-15.3,4,391.797,3.695,220.123
4421.7,53.51,74.5,0.0,-15.1,4,390.878,3.699,222.052
4421.7,53.72,73.7,0.0,-15.9,4,389.435,3.706,224.926
4433.1,53.85,74.2,0.0,-16.6,4,388.431,3.712,226.828
4433.1,54.06,74.3,0.0,-17.8,4,386.867,3.719,229.662
4433.1,54.22,74.1,0.0,-17.4,4,385.788,3.722,231.539
4433.1,54.43,74.2,0.0,-16.4,4,384.114,3.722,234.335
4444.0,54.57,74.2,0.0,-14.9,4,382.960,3.722,236.185
4444.0,54.78,74.3,0.0,-12.4,4,381.174,3.722,238.935
4444.0,54.93,74.3,0.0,-11.2,4,379.946,3.723,240.753
4444.0,55.15,74.3,0.0,-10.6,4,378.050,3.725,243.457
4454.8,55.30,74.4,0.0,-10.4,4,376.752,3.729,245.244
4454.8,55.53,74.6,0.0,-10.9,4,374.758,3.737,247.904
4454.8,55.69,74.9,0.0,-10.9,4,373.399,3.741,249.665
4454.8,55.92,75.1,0.0,-10.2,4,371.317,3.749,252.287
4465.8,56.15,75.2,0.0,-8.2,4,369.185,3.758,254.885
4465.8,56.31,75.4,0.0,-7.5,4,367.737,3.764,256.606
4465.8,56.54,75.6,0.0,-7.9,4,365.526,3.772,259.169
4465.8,56.69,75.8,0.0,-7.9,4,364.028,3.778,260.867
4477.0,56.94,75.9,0.0,-7.6,4,361.745,3.785,263.398
4477.0,57.09,76.5,0.0,-7.6,4,360.200,3.789,265.075
4477.0,57.33,78.4,0.0,-7.8,4,357.847,3.795,267.574
4477.0,57.50,79.8,0.0,-7.9,4,356.256,3.798,269.230
4488.4,57.76,81.6,0.0,-7.8,4,353.835,3.799,271.698
4488.4,57.93,82.1,0.0,-8.0,4,352.197,3.800,273.332
4488.4,58.18,81.2,0.0,-8.3,4,349.704,3.803,275.764
4488.4,58.36,83.2,0.0,-8.6,4,348.018,3.806,277.373
4500.0,58.64,86.3,0.0,-8.1,4,345.454,3.807,279.770
4500.0,58.82,86.9,0.0,-6.7,4,343.721,3.808,281.354
4500.0,59.09,86.9,0.0,-4.9,4,341.086,3.811,283.713
4500.0,59.38,86.9,0.0,-3.8,4,338.411,3.813,286.052
4511.8,59.58,86.9,0.0,-3.0,4,336.607,3.812,287.603
4511.8,59.85,87.0,0.0,-1.8,4,333.874,3.813,289.918
4511.8,60.03,87.1,0.0,-1.2,4,332.036,3.814,291.457
4511.8,60.32,87.1,0.0,-0.8,4,329.258,3.813,293.763
4523.8,60.51,87.2,0.0,-0.5,4,327.393,3.812,295.300
4523.8,60.78,87.2,0.0,-0.2,4,324.582,3.811,297.609
4523.8,60.96,87.2,0.0,0.1,4,322.699,3.811,299.152
4523.8,61.23,87.3,0.0,0.4,4,319.864,3.809,301.475
4535.9,61.41,87.3,0.0,0.7,4,317.967,3.808,303.029
4535.9,61.68,87.3,0.0,0.9,4,315.112,3.808,305.371
4535.9,61.85,87.3,0.0,0.9,4,313.203,3.811,306.939
4535.9,62.11,87.4,0.0,1.1,4,310.333,3.818,309.302
4548.2,62.28,87.4,0.0,1.2,4,308.414,3.821,310.886
4548.2,62.53,87.4,0.0,1.2,4,305.531,3.826,313.273
4548.2,62.55,0.0,0.0,1.1,0,302.643,3.834,315.674
4548.2,62.65,86.1,0.0,1.1,5,300.721,3.839,317.277
4560.7,62.90,86.2,0.0,1.3,5,297.834,3.846,319.695
4560.7,63.06,86.2,0.0,1.3,5,295.906,3.849,321.315
4560.7,63.30,86.2,0.0,1.1,5,293.009,3.853,323.759
4560.7,63.46,86.3,0.0,1.0,5,291.074,3.853,325.397
4573.3,63.70,86.3,0.0,1.1,5,288.168,3.847,327.867
4573.3,63.85,86.3,0.0,1.0,5,286.227,3.843,329.522
4573.3,64.09,86.4,0.0,0.9,5,283.312,3.838,332.018
4573.3,64.24,86.4,0.0,0.9,5,281.366,3.832,333.691
4586.1,64.47,86.4,0.0,0.6,5,278.441,3.823,336.212
4586.1,64.62,86.5,0.0,0.7,5,276.489,3.822,337.900
4586.1,64.85,86.5,0.0,0.9,5,273.555,3.821,340.445
4586.1,65.00,86.6,0.0,0.8,5,271.595,3.822,342.148
4599.0,65.23,86.6,0.0,0.5,5,268.648,3.825,344.713
4599.0,65.38,86.6,0.0,0.3,5,266.680,3.827,346.430
4599.0,65.60,86.6,0.0,0.2,5,263.722,3.833,349.016
4612.1,65.83,86.7,0.0,0.1,5,260.756,3.842,351.613
4612.1,65.97,86.7,0.0,0.2,5,258.773,3.850,353.350
4612.1,66.19,86.7,0.0,0.2,5,255.793,3.863,355.964
4612.1,66.33,86.8,0.0,0.2,5,253.801,3.871,357.711
4625.4,66.54,86.8,0.0,-0.0,5,250.805,3.882,360.340
4625.4,66.69,86.8,0.0,-0.1,5,248.803,3.892,362.098
4625.4,66.90,86.9,0.0,0.1,5,245.792,3.906,364.742
4625.4,67.04,86.9,0.0,0.3,5,243.779,3.914,366.510
4638.8,67.26,86.9,0.0,0.1,5,240.753,3.924,369.169
4638.8,67.39,86.9,0.0,0.1,5,238.731,3.930,370.946
4638.8,67.60,87.0,0.0,0.1,5,235.690,3.936,373.620
4638.8,67.74,87.0,0.0,0.1,5,233.657,3.939,375.407
4652.3,67.94,87.0,0.0,0.1,5,230.601,3.940,378.095
4652.3,68.08,87.0,0.0,0.1,5,228.559,3.940,379.892
4652.3,68.28,87.1,0.0,0.1,5,225.488,3.937,382.595
4652.3,68.49,87.1,0.0,0.0,5,222.409,3.932,385.306
4665.9,68.61,87.1,0.0,0.0,5,220.352,3.928,387.118
4665.9,68.81,87.1,0.0,0.1,5,217.258,3.924,389.842
4665.9,68.94,87.2,0.0,0.1,5,215.191,3.921,391.663
4665.9,69.13,87.2,0.0,0.1,5,212.083,3.915,394.401
4679.7,69.27,87.2,0.0,0.1,5,210.006,3.909,396.231
4679.7,69.46,87.2,0.0,0.1,5,206.885,3.901,398.983
4679.7,69.58,87.3,0.0,0.1,5,204.799,3.897,400.822
4679.7,69.77,87.3,0.0,0.1,5,201.664,3.892,403.587
4693.6,69.90,87.3,0.0,0.1,5,199.569,3.888,405.435
4693.6,70.08,87.3,0.0,0.1,5,196.421,3.884,408.213
4693.6,70.20,87.3,0.0,0.1,5,194.317,3.881,410.069
4693.6,70.39,87.4,0.0,0.1,5,191.156,3.875,412.860
4707.7,70.51,87.4,0.0,0.1,5,189.044,3.871,414.726
4707.7,70.68,87.4,0.0,0.1,5,185.870,3.866,417.530
4707.7,70.86,87.4,0.0,0.2,5,182.689,3.863,420.342
4707.7,70.97,87.4,0.0,0.2,0,180.564,3.861,422.221
4721.8,70.88,86.4,0.0,0.2,6,177.377,3.857,425.040
4721.8,70.99,86.4,0.0,0.1,6,175.253,3.854,426.921
4721.8,71.17,86.4,0.0,0.2,6,172.061,3.848,429.749
4721.8,71.28,86.4,0.0,0.3,6,169.930,3.844,431.639
4736.0,71.45,86.4,0.0,0.2,6,166.727,3.839,434.481
4736.0,71.55,86.5,0.0,0.2,6,164.589,3.837,436.379
4736.0,71.72,86.5,0.0,0.2,6,161.377,3.835,439.235
4736.0,71.83,86.5,0.0,0.2,6,159.232,3.835,441.143
4750.4,71.99,86.5,0.0,0.2,6,156.010,3.835,444.012
4750.4,72.10,86.5,0.0,0.2,6,153.858,3.836,445.929
4750.4,72.26,86.6,0.0,0.2,6,150.626,3.841,448.811
4750.4,72.37,86.6,0.0,0.2,6,148.468,3.844,450.736
4764.8,72.53,86.6,0.0,0.2,6,145.226,3.847,453.632
4764.8,72.68,86.6,0.0,0.1,6,141.979,3.849,456.535
4764.8,72.79,86.7,0.0,0.1,6,139.811,3.852,458.474
4764.8,72.94,86.7,0.0,0.1,6,136.553,3.855,461.390
4779.4,73.05,86.7,0.0,0.1,6,134.379,3.857,463.338
4779.4,73.20,86.7,0.0,0.1,6,131.111,3.859,466.265
4779.4,73.30,86.7,0.0,0.1,6,128.929,3.860,468.220
4779.4,73.45,86.7,0.0,0.1,6,125.651,3.863,471.159
4794.0,73.55,86.7,0.0,0.1,6,123.462,3.863,473.122
4794.0,73.71,86.8,0.0,0.1,6,120.174,3.865,476.072
4794.0,73.80,86.8,0.0,0.0,6,117.978,3.865,478.042
4794.0,73.96,86.8,0.0,0.0,6,114.679,3.865,481.002
4808.8,74.05,86.8,0.0,-0.0,6,112.476,3.864,482.979
4808.8,74.20,86.9,0.0,0.0,6,109.166,3.862,485.949
4808.8,74.29,86.9,0.0,0.0,6,106.955,3.858,487.932
4808.8,74.44,86.9,0.0,-0.0,6,103.634,3.851,490.912
4823.6,74.58,86.9,0.0,-0.0,6,100.307,3.843,493.897
4823.6,74.68,86.9,0.0,0.0,6,98.084,3.837,495.890
4823.6,74.82,86.9,0.0,0.0,6,94.746,3.827,498.885
4823.6,74.92,87.0,0.0,0.0,6,92.516,3.819,500.884
4838.6,75.06,87.0,0.0,0.0,6,89.167,3.804,503.888
4838.6,75.16,87.0,0.0,-0.0,6,86.930,3.793,505.893
4838.6,75.29,87.0,0.0,0.0,6,83.570,3.775,508.907
4838.6,75.38,87.0,0.0,0.0,6,81.327,3.762,510.918
4853.6,75.52,87.0,0.0,-0.1,6,77.957,3.742,513.940
4853.6,75.61,87.1,0.0,-0.1,6,75.706,3.728,515.958
4853.6,75.75,87.1,0.0,-0.1,6,72.326,3.706,518.989
4853.6,75.84,87.1,0.0,-0.1,6,70.068,3.692,521.013
4868.7,75.98,87.1,0.0,-0.1,6,66.676,3.669,524.052
4868.7,76.07,87.1,0.0,-0.1,6,64.412,3.653,526.081
4868.7,76.20,87.1,0.0,-0.1,6,61.009,3.626,529.128
4884.0,76.33,87.1,0.0,-0.1,6,57.599,3.598,532.179
4884.0,76.41,87.2,0.0,-0.1,6,55.322,3.577,534.215
4884.0,76.55,87.2,0.0,-0.0,6,51.902,3.543,537.274
4884.0,76.63,87.2,0.0,0.0,6,49.617,3.520,539.315
4914.6,77.20,87.2,0.0,0.2,6,34.711,3.335,552.642
4914.6,77.28,87.2,0.0,0.2,6,32.411,3.299,554.703
4914.6,77.37,87.3,0.0,0.2,6,28.958,3.246,557.801
4914.6,77.47,87.3,0.0,0.2,6,26.654,3.207,559.870
4930.1,77.59,87.3,0.0,0.2,6,23.195,3.150,562.979
4930.1,77.67,87.3,0.0,0.3,6,20.886,3.111,565.055
4930.1,77.79,87.3,0.0,0.2,6,17.419,3.050,568.174
4930.1,77.87,87.4,0.0,-0.1,6,15.105,3.010,570.256
4945.7,77.99,87.4,0.0,-0.5,6,11.631,2.950,573.385
4945.7,78.14,87.4,0.0,-0.8,6,6.989,2.873,577.562
4945.7,78.26,87.4,0.0,-0.7,6,3.498,2.819,580.696
4945.7,78.34,87.4,0.0,-0.5,6,1.166,2.783,582.785
4961.3,78.44,74.2,0.0,-0.8,6,-2.341,2.721,585.919
4961.3,78.25,22.3,56.1,-1.0,6,-4.682,2.680,588.005
4961.3,77.22,0.0,81.4,-1.1,6,-8.171,2.621,591.107
4976.8,75.92,0.0,88.5,-1.1,6,-11.612,2.564,594.155
4976.8,75.01,0.0,89.7,-0.9,6,-13.875,2.528,596.155
4976.8,73.64,0.0,90.5,-1.0,6,-17.224,2.476,599.104
4976.8,72.74,0.0,91.2,-0.9,6,-19.426,2.443,601.036
4991.6,71.37,0.0,91.4,-1.3,6,-22.682,2.393,603.883
4991.6,70.46,0.0,91.1,-1.5,6,-24.822,2.359,605.747
4991.6,69.09,0.0,90.9,-1.6,6,-27.987,2.307,608.492
4991.6,68.18,0.0,90.7,-1.6,6,-30.066,2.272,610.288
5005.4,66.85,0.0,91.2,-1.7,6,-33.141,2.223,612.929
5005.4,65.95,0.0,91.1,-1.9,6,-35.162,2.192,614.654
5005.4,64.63,20.7,92.3,-2.2,0,-38.150,2.147,617.190
5005.4,63.74,0.0,92.2,-2.2,5,-40.115,2.118,618.846
5018.3,62.39,0.0,91.3,-2.6,5,-43.018,2.074,621.276
5018.3,61.07,0.0,91.5,-3.1,5,-45.871,2.031,623.641
5018.3,60.18,0.0,90.8,-3.7,5,-47.745,2.001,625.183
5018.3,58.87,0.0,91.0,-4.6,5,-50.516,1.958,627.439
5030.4,57.13,22.1,91.5,-5.8,0,-54.139,1.903,630.341
5030.4,56.27,0.0,92.3,-6.0,4,-55.922,1.876,631.745
5030.4,54.94,0.0,91.5,-6.5,4,-58.562,1.837,633.790
5030.4,54.08,0.0,91.2,-6.8,4,-60.299,1.811,635.111
5041.5,52.79,0.0,89.5,-7.5,4,-62.870,1.772,637.030
5041.5,51.93,0.0,81.9,-7.6,4,-64.563,1.746,638.266
5041.5,50.78,0.0,65.6,-7.2,4,-67.073,1.709,640.053
5041.5,50.12,0.0,59.5,-6.8,4,-68.734,1.685,641.202
5051.7,49.22,0.0,53.0,-6.6,4,-71.211,1.650,642.862
5051.7,48.37,0.0,58.4,-7.3,4,-73.674,1.616,644.448
5051.7,47.79,0.0,62.2,-8.0,0,-75.308,1.594,645.464
5061.3,46.88,0.0,59.5,-9.7,3,-77.743,1.561,646.928
5061.3,46.28,0.0,53.0,-10.0,3,-79.355,1.540,647.865
5061.3,45.46,0.0,42.6,-10.0,3,-81.757,1.508,649.210
5061.3,44.81,0.0,29.5,-10.6,3,-84.146,1.475,650.485
5095.9,40.37,0.0,2.2,-22.0,3,-110.964,1.119,660.397
5095.9,40.19,0.0,3.0,-22.0,3,-113.333,1.089,660.876
5095.9,40.06,0.0,3.2,-21.9,3,-114.914,1.070,661.158
5104.1,39.87,0.0,3.5,-22.0,3,-117.283,1.042,661.525
5104.1,39.74,0.0,3.4,-21.8,3,-118.862,1.024,661.734
5104.1,39.54,0.0,3.3,-21.0,3,-121.227,0.997,661.989
5104.1,39.41,0.0,3.6,-20.4,3,-122.801,0.980,662.121
5112.4,39.22,0.0,3.6,-20.5,3,-125.156,0.958,662.262
5112.4,39.02,0.0,4.0,-18.2,3,-127.502,0.937,662.337
5112.4,38.89,0.0,3.9,-19.4,3,-129.060,0.922,662.352
5112.4,38.70,0.0,4.1,-20.2,3,-131.388,0.901,662.322
5120.7,38.57,0.0,5.1,-20.5,3,-132.933,0.888,662.269
5120.7,38.36,0.0,5.0,-22.5,3,-135.237,0.867,662.137
5120.7,38.22,0.0,4.8,-22.4,3,-136.764,0.854,662.016
5120.7,38.03,0.0,0.6,-24.3,3,-139.040,0.835,661.783
5128.6,37.92,1.5,0.0,-25.1,3,-140.547,0.823,661.593
5128.6,37.77,0.6,0.5,-21.4,3,-142.793,0.805,661.256
5128.6,37.66,0.0,0.6,-19.4,3,-144.279,0.793,660.996
5128.6,37.51,0.0,1.1,-22.0,3,-146.492,0.776,660.558
5136.8,37.40,0.0,0.8,-24.7,3,-147.954,0.764,660.233
5136.8,37.24,0.2,0.1,-28.1,3,-150.128,0.748,659.695
5136.8,37.13,0.2,0.0,-29.7,3,-151.563,0.737,659.302
5136.8,36.97,1.5,0.0,-31.0,0,-153.692,0.721,658.663
5144.9,36.84,0.3,1.8,-31.6,2,-155.792,0.705,657.961
5144.9,36.70,0.0,6.9,-31.5,2,-157.174,0.695,657.458
5144.9,36.42,0.0,10.7,-30.5,2,-159.215,0.681,656.652
5144.9,36.21,0.0,5.8,-29.7,2,-160.551,0.672,656.082
5152.7,35.96,5.8,0.0,-27.6,2,-162.517,0.662,655.175
5152.7,35.88,12.9,0.0,-26.4,2,-163.803,0.658,654.534
5152.7,35.83,23.6,0.0,-26.1,2,-165.699,0.655,653.519
5152.7,35.78,20.2,0.0,-25.9,2,-166.942,0.655,652.808
5160.9,35.75,14.5,0.0,-27.3,2,-168.776,0.654,651.693
5160.9,35.69,7.3,0.0,-30.5,2,-169.978,0.652,650.919
5160.9,35.50,1.8,0.5,-38.7,2,-171.746,0.645,649.719
5160.9,35.42,17.3,0.0,-43.8,2,-172.900,0.637,648.895
5168.5,35.36,37.6,0.0,-48.3,2,-174.587,0.635,647.607
5168.5,35.47,41.5,0.0,-48.9,2,-175.688,0.637,646.716
5168.5,35.62,46.5,0.0,-51.4,2,-177.307,0.642,645.330
5168.5,35.75,42.7,0.0,-55.4,2,-178.889,0.646,643.888
5176.6,35.80,37.6,0.0,-58.0,2,-179.922,0.648,642.898
5176.6,35.80,23.9,0.0,-62.3,2,-181.430,0.651,641.367
5176.6,35.74,20.1,0.0,-64.4,2,-182.404,0.655,640.319
5176.6,35.63,17.4,0.0,-64.8,2,-183.816,0.661,638.709
5184.0,35.55,17.0,0.0,-63.8,2,-184.723,0.667,637.611
5184.0,35.45,18.2,0.0,-63.3,2,-186.033,0.677,635.931
5184.0,35.38,19.7,0.0,-62.6,2,-186.872,0.684,634.790
5184.0,35.32,20.6,0.0,-62.6,2,-188.083,0.694,633.049
5191.5,35.25,20.5,0.0,-62.3,2,-188.857,0.701,631.869
5191.5,35.19,21.6,0.0,-59.7,2,-189.969,0.711,630.071
5191.5,35.15,22.9,0.0,-57.5,2,-190.676,0.719,628.855
5191.5,35.12,29.2,0.0,-52.8,2,-191.684,0.731,627.005
5198.4,35.15,35.1,0.0,-48.9,2,-192.324,0.739,625.754
5198.4,35.25,45.8,0.0,-43.0,2,-193.236,0.749,623.850
5198.4,35.46,58.1,0.0,-35.7,2,-194.091,0.757,621.909
5198.4,35.57,42.8,0.0,-30.2,2,-194.630,0.762,620.595
5205.2,35.73,46.7,0.0,-21.3,2,-195.389,0.767,618.595
5205.2,35.84,44.4,0.0,-15.7,2,-195.862,0.769,617.245
5205.2,36.05,52.6,0.0,-9.1,2,-196.522,0.771,615.192
5205.2,36.22,59.2,0.0,-6.6,2,-196.930,0.771,613.806
5212.1,36.50,58.5,0.0,-5.7,2,-197.493,0.773,611.699
5212.1,36.73,66.3,0.0,-7.3,2,-197.838,0.774,610.276
5212.1,37.15,77.0,0.0,-11.3,2,-198.309,0.776,608.112
5212.1,37.45,77.8,0.0,-14.6,2,-198.597,0.778,606.649
5219.3,37.91,80.4,0.0,-17.4,2,-198.989,0.781,604.423
5219.3,38.24,82.2,0.0,-17.4,2,-199.226,0.783,602.920
5219.3,38.73,86.0,0.0,-18.3,2,-199.541,0.788,600.634
5219.3,39.06,86.4,0.0,-15.5,2,-199.726,0.792,599.089
5227.0,39.56,86.6,0.0,-9.9,2,-199.962,0.800,596.744
5227.0,39.89,86.6,0.0,-6.4,2,-200.094,0.806,595.161
5227.0,40.41,86.6,0.0,-2.9,2,-200.255,0.816,592.759
5235.0,40.91,86.0,0.0,-0.8,2,-200.375,0.829,590.323
5235.0,41.15,50.0,0.0,0.3,2,-200.439,0.838,588.683
5235.0,41.02,0.5,16.0,2.1,2,-200.520,0.855,586.216
5235.0,40.75,0.0,38.7,4.0,2,-200.572,0.866,584.581
5243.2,40.04,0.0,62.0,6.6,2,-200.654,0.882,582.155
5243.2,39.45,0.0,61.0,8.3,2,-200.715,0.893,580.565
5243.2,38.56,0.0,52.1,10.7,2,-200.822,0.908,578.226
5243.2,38.04,0.0,48.5,12.1,2,-200.906,0.919,576.696
5251.0,37.32,0.0,37.1,13.7,2,-201.057,0.935,574.439
5251.0,36.93,0.0,30.2,14.5,2,-201.177,0.946,572.958
5251.0,36.43,0.0,23.0,16.0,2,-201.389,0.962,570.767
5251.0,36.15,0.0,17.2,17.5,2,-201.553,0.972,569.325
5258.4,35.81,0.0,10.1,19.9,2,-201.835,0.985,567.184
5258.4,35.63,0.0,9.1,21.3,2,-202.050,0.993,565.771
5258.4,35.36,0.0,9.4,21.1,2,-202.416,1.006,563.673
5258.4,35.10,0.0,10.3,19.0,2,-202.833,1.020,561.600
5265.8,34.92,0.0,9.7,18.8,2,-203.139,1.029,560.234
5265.8,34.65,0.0,7.5,19.7,2,-203.638,1.043,558.207
5265.8,34.49,0.0,19.0,20.0,2,-203.999,1.054,556.871
5265.8,34.03,0.0,32.2,20.7,2,-204.578,1.070,554.896
5273.0,33.67,0.0,28.9,21.2,2,-204.987,1.082,553.605
5273.0,32.95,0.0,52.7,21.2,2,-205.631,1.099,551.709
5273.0,32.44,0.0,41.5,20.2,2,-206.077,1.111,550.478
5273.0,31.81,0.0,29.6,18.8,2,-206.775,1.129,548.681
5280.5,31.47,0.0,23.9,18.0,2,-207.261,1.141,547.512
5280.5,31.06,0.0,15.0,18.9,2,-208.024,1.161,545.798
5280.5,30.85,0.0,14.3,20.9,2,-208.555,1.175,544.679
5280.5,30.53,0.0,17.3,24.0,2,-209.384,1.196,543.035
5287.4,30.29,0.0,18.1,26.0,2,-209.957,1.209,541.961
5287.4,29.92,0.0,18.5,28.0,2,-210.844,1.229,540.387
5287.4,29.56,0.0,13.3,28.6,2,-211.765,1.248,538.858
5287.4,29.37,0.0,10.6,29.2,2,-212.400,1.260,537.865
5294.6,29.10,0.0,8.1,30.5,2,-213.383,1.278,536.412
5294.6,28.94,0.0,5.5,31.6,2,-214.060,1.290,535.468
5294.6,28.75,0.0,2.4,33.4,2,-215.107,1.307,534.091
5294.6,28.63,0.0,2.0,34.9,2,-215.828,1.318,533.198
5300.9,28.47,0.0,0.3,37.0,2,-216.942,1.334,531.896
5300.9,28.36,0.8,0.0,38.6,2,-217.706,1.343,531.055
5300.9,28.22,2.9,0.0,40.3,2,-218.885,1.358,529.834
5300.9,28.13,4.5,0.0,41.7,2,-219.692,1.367,529.048
5306.9,28.02,10.6,0.0,43.4,2,-220.935,1.379,527.911
5306.9,27.96,13.1,0.0,44.6,2,-221.785,1.387,527.183
5306.9,27.90,16.8,0.0,46.2,2,-223.092,1.399,526.133
5306.9,27.88,21.1,0.0,47.4,2,-223.984,1.406,525.464
5312.8,27.88,27.5,0.0,49.5,2,-225.353,1.415,524.503
5312.8,27.92,29.7,0.0,51.7,2,-226.760,1.424,523.596
5312.8,27.95,29.8,0.0,53.6,2,-227.718,1.429,523.021
5312.8,27.99,29.8,0.0,57.4,2,-229.184,1.436,522.204
5318.7,28.01,28.3,0.0,59.8,2,-230.179,1.440,521.691
5318.7,28.03,29.6,0.0,63.1,2,-231.697,1.445,520.969
5318.7,28.05,29.1,0.0,65.5,2,-232.724,1.448,520.520
5318.7,28.06,26.5,0.0,68.8,2,-234.288,1.452,519.896
5324.7,28.04,24.3,0.0,71.0,2,-235.343,1.454,519.514
5324.7,28.01,21.2,0.0,74.2,2,-236.942,1.455,518.994
5324.7,27.97,20.3,0.0,75.6,2,-238.017,1.457,518.683
5324.7,27.91,19.1,0.0,77.5,2,-239.642,1.457,518.269
5330.5,27.86,18.1,0.0,78.7,2,-240.732,1.458,518.031
5330.5,27.77,17.0,0.0,80.1,2,-242.373,1.457,517.727
5330.5,27.68,16.7,0.0,80.2,2,-244.020,1.455,517.490
5330.5,27.63,16.6,0.0,80.0,2,-245.119,1.454,517.369
5336.3,27.53,16.4,0.0,79.7,2,-246.769,1.451,517.244
5336.3,27.47,16.6,0.0,79.0,2,-247.868,1.449,517.197
5336.3,27.39,17.3,0.0,77.6,2,-249.514,1.444,517.184
5342.0,27.31,17.7,0.0,76.1,2,-251.154,1.439,517.236
5342.0,27.24,18.9,0.0,74.0,2,-252.787,1.433,517.354
5342.0,27.20,20.2,0.0,72.3,2,-253.869,1.429,517.469
5342.0,27.17,22.8,0.0,69.3,2,-255.485,1.421,517.695
5347.6,27.16,25.4,0.0,67.1,2,-256.555,1.416,517.882
5347.6,27.18,30.7,0.0,63.9,2,-258.150,1.407,518.215
5347.6,27.22,34.5,0.0,61.7,2,-259.207,1.400,518.471
5347.6,27.32,41.5,0.0,58.1,2,-260.783,1.389,518.908
5353.3,27.42,48.1,0.0,55.1,2,-261.828,1.381,519.233
5353.3,27.66,56.6,0.0,48.5,2,-263.388,1.367,519.775
5353.3,27.80,51.2,0.0,43.3,2,-264.424,1.357,520.172
5353.3,28.02,51.5,0.0,36.2,2,-265.967,1.342,520.822
5359.0,28.19,54.4,0.0,32.4,2,-266.988,1.331,521.292
5359.0,28.46,57.1,0.0,29.9,2,-268.509,1.313,522.049
5359.0,28.64,56.1,0.0,29.7,2,-269.514,1.302,522.589
5359.0,28.93,56.5,0.0,26.1,2,-271.010,1.284,523.451
5365.3,29.12,55.8,0.0,30.4,2,-271.999,1.271,524.059
5365.3,29.39,55.3,0.0,31.2,2,-273.468,1.252,525.020
5365.3,29.68,57.8,0.0,31.9,2,-274.919,1.231,526.035
5365.3,29.87,57.8,0.0,35.6,2,-275.876,1.217,526.743
5371.5,30.17,59.5,0.0,33.3,2,-277.295,1.195,527.851
5371.5,30.39,61.9,0.0,31.9,2,-278.229,1.180,528.622
5371.5,30.74,63.4,0.0,35.2,2,-279.611,1.158,529.826
5371.5,30.95,62.1,0.0,36.8,2,-280.519,1.143,530.660
5378.0,31.28,62.4,0.0,35.0,2,-281.858,1.119,531.959
5378.0,31.49,62.2,0.0,33.0,2,-282.734,1.102,532.858
5378.0,31.81,60.6,0.0,31.4,2,-284.020,1.077,534.254
5378.0,32.02,61.0,0.0,30.4,2,-284.858,1.061,535.216
5385.3,32.34,60.5,0.0,30.7,2,-286.081,1.037,536.709
5385.3,32.53,60.0,0.0,31.1,2,-286.875,1.021,537.735
5385.3,32.85,61.3,0.0,32.3,2,-288.029,0.998,539.320
5385.3,33.02,50.4,0.0,32.2,2,-288.774,0.983,540.407
5392.3,33.30,58.6,0.0,32.8,2,-289.853,0.960,542.077
5392.3,33.55,60.0,0.0,37.9,2,-290.886,0.935,543.796
5392.3,33.70,49.5,0.0,39.3,2,-291.546,0.920,544.968
5392.3,34.04,64.8,0.0,39.9,2,-292.493,0.898,546.763
5407.8,35.33,52.4,0.0,41.9,2,-296.415,0.788,556.392
5407.8,35.48,49.4,0.0,35.6,2,-297.010,0.769,558.430
5407.8,35.67,69.2,0.0,33.9,2,-297.367,0.758,559.807
5416.0,36.07,75.4,0.0,30.8,2,-297.851,0.740,561.903
5416.0,36.30,64.8,0.0,27.3,2,-298.138,0.728,563.321
5416.0,36.62,70.0,0.0,21.7,2,-298.514,0.710,565.475
5416.0,36.89,74.1,0.0,17.7,2,-298.725,0.700,566.929
5423.8,37.33,78.3,0.0,11.3,2,-298.990,0.686,569.138
5423.8,37.65,85.6,0.0,9.7,2,-299.133,0.677,570.630
5423.8,38.15,86.3,0.0,8.3,2,-299.300,0.666,572.897
5423.8,38.53,86.2,0.0,8.7,2,-299.383,0.658,574.428
5431.9,39.05,86.3,0.0,11.8,2,-299.465,0.650,576.753
5431.9,39.40,86.4,0.0,13.9,2,-299.494,0.646,578.320
5431.9,39.90,85.7,0.0,16.4,2,-299.500,0.642,580.698
5431.9,40.23,84.4,0.0,16.8,2,-299.479,0.640,582.300
5440.0,40.69,82.1,0.0,16.2,2,-299.406,0.637,584.725
5440.0,41.13,81.3,0.0,16.0,2,-299.280,0.633,587.175
5440.0,41.43,82.1,0.0,15.8,2,-299.166,0.630,588.822
5448.1,41.87,86.7,0.0,16.8,2,-298.947,0.623,591.310
5448.1,42.19,87.2,0.0,17.1,2,-298.768,0.618,592.982
5448.1,42.64,87.3,0.0,15.8,2,-298.450,0.609,595.505
5448.1,42.94,87.4,0.0,15.4,2,-298.205,0.602,597.199
5456.4,43.38,87.4,0.0,14.9,0,-297.784,0.589,599.753
5456.4,43.37,0.0,0.0,14.9,0,-297.468,0.580,601.460
5456.4,43.65,85.5,0.0,14.8,3,-296.943,0.563,604.013
5456.4,43.93,85.5,0.0,14.3,3,-296.560,0.549,605.722
5465.0,44.34,85.7,0.0,13.5,3,-295.931,0.529,608.294
5465.0,44.63,85.7,0.0,13.3,3,-295.477,0.515,610.014
5465.0,45.03,85.8,0.0,12.8,3,-294.746,0.492,612.601
5465.0,45.30,85.9,0.0,12.6,3,-294.226,0.475,614.331
5473.9,45.73,85.9,0.0,10.4,3,-293.398,0.446,616.932
5473.9,46.14,86.0,0.0,8.8,3,-292.512,0.416,619.541
5473.9,46.42,86.1,0.0,8.4,3,-291.892,0.394,621.284
5473.9,46.84,86.1,0.0,8.7,3,-290.923,0.356,623.907
5483.1,47.12,86.3,0.0,8.1,3,-290.251,0.329,625.661
5483.1,47.52,86.2,0.0,7.2,3,-289.205,0.291,628.299
5483.1,47.81,86.5,0.0,6.6,3,-288.482,0.267,630.063
5483.1,48.20,86.5,0.0,6.4,3,-287.366,0.231,632.718
5492.5,48.39,87.3,0.0,5.3,3,-286.602,0.202,634.492
5492.5,48.61,41.9,0.0,2.2,3,-285.433,0.144,637.157
5492.5,48.83,81.5,0.0,2.1,3,-284.633,0.103,638.933
5492.5,49.24,86.9,0.0,3.0,3,-283.398,0.050,641.603
5502.2,49.50,87.0,0.0,4.2,3,-282.553,0.019,643.387
5502.2,49.88,87.1,0.0,7.1,3,-281.254,-0.020,646.070
5502.2,50.21,86.8,0.0,7.3,3,-280.370,-0.048,647.866
5502.2,50.52,87.2,0.0,7.0,3,-279.014,-0.086,650.565
5512.2,50.81,87.2,0.0,6.8,3,-278.092,-0.116,652.370
5512.2,51.19,87.3,0.0,4.7,3,-276.678,-0.161,655.082
5512.2,51.61,87.2,0.0,2.8,3,-275.221,-0.200,657.799
5512.2,51.82,87.3,0.0,3.2,3,-274.225,-0.221,659.611
5522.4,52.19,87.3,0.0,4.6,3,-272.698,-0.242,662.332
5522.4,52.44,87.3,0.0,5.7,3,-271.660,-0.250,664.149
5522.4,52.69,0.0,0.0,6.6,0,-270.077,-0.263,666.880
5522.4,52.67,85.7,0.0,6.0,4,-269.008,-0.276,668.695
5532.9,53.01,85.7,0.0,4.9,4,-267.377,-0.295,671.413
5532.9,53.23,85.8,0.0,5.0,4,-266.268,-0.307,673.224
5532.9,53.56,85.9,0.0,5.6,4,-264.573,-0.323,675.943
5532.9,53.79,85.9,0.0,5.9,4,-263.424,-0.333,677.755
5543.6,54.11,85.9,0.0,5.9,4,-261.670,-0.347,680.475
5543.6,54.33,86.0,0.0,5.4,4,-260.481,-0.354,682.288
5543.6,54.65,86.1,0.0,4.0,4,-258.667,-0.362,685.007
5543.6,54.86,86.1,0.0,3.3,4,-257.439,-0.365,686.820
5554.4,55.18,86.2,0.0,2.6,4,-255.571,-0.370,689.541
5554.4,55.39,86.2,0.0,2.3,4,-254.309,-0.373,691.357
5554.4,55.71,86.2,0.0,1.9,4,-252.396,-0.378,694.086
5554.4,56.03,86.3,0.0,1.5,4,-250.460,-0.383,696.823
5565.4,56.25,86.3,0.0,2.0,4,-249.158,-0.387,698.652
5565.4,56.56,86.4,0.0,2.5,4,-247.188,-0.395,701.402
5565.4,56.77,86.5,0.0,2.9,4,-245.862,-0.401,703.240
5565.4,57.07,86.5,0.0,3.3,4,-243.855,-0.410,706.003
5576.7,57.28,86.6,0.0,3.6,4,-242.503,-0.416,707.846
5576.7,57.58,86.6,0.0,4.0,4,-240.452,-0.423,710.614
5576.7,57.77,86.7,0.0,4.4,4,-239.069,-0.427,712.461
5576.7,58.08,86.7,0.0,4.7,4,-236.969,-0.432,715.230
5588.1,58.27,86.7,0.0,4.9,4,-235.551,-0.434,717.074
5588.1,58.56,86.8,0.0,5.2,4,-233.398,-0.437,719.839
5588.1,58.76,86.9,0.0,5.4,4,-231.943,-0.438,721.679
5588.1,59.04,86.9,0.0,5.6,4,-229.731,-0.439,724.435
5599.9,59.23,86.9,0.0,5.8,4,-228.236,-0.439,726.268
5599.9,59.51,87.0,0.0,5.8,4,-225.963,-0.438,729.010
5599.9,59.79,87.0,0.0,5.8,4,-223.651,-0.435,731.742
5599.9,59.97,87.1,0.0,5.3,4,-222.089,-0.433,733.557
5612.0,60.25,87.1,0.0,4.8,4,-219.713,-0.426,736.270
5612.0,60.42,87.1,0.0,5.2,4,-218.108,-0.420,738.072
5612.0,60.70,87.2,0.0,4.3,4,-215.671,-0.408,740.765
5612.0,60.86,87.2,0.0,5.0,4,-214.026,-0.397,742.555
5624.4,61.13,87.3,0.0,3.8,4,-211.530,-0.379,745.231
5624.4,61.31,87.3,0.0,3.1,4,-209.849,-0.365,747.011
5624.4,61.56,87.4,0.0,4.8,4,-207.300,-0.342,749.674
5624.4,61.74,87.3,0.0,6.0,4,-205.585,-0.325,751.445
5636.9,61.98,87.4,0.0,6.9,4,-202.984,-0.297,754.092
5636.9,62.15,87.4,0.0,6.9,4,-201.231,-0.278,755.849
5636.9,62.39,87.4,0.0,6.9,0,-198.570,-0.251,758.472
5636.9,62.33,0.0,0.0,6.5,0,-196.778,-0.234,760.207
5649.6,62.49,86.1,0.0,5.7,5,-194.063,-0.211,762.783
5649.6,62.72,86.2,0.0,6.4,5,-191.311,-0.192,765.338
5649.6,62.88,86.2,0.0,6.5,5,-189.455,-0.185,767.031
5662.3,63.11,86.2,0.0,6.5,5,-186.639,-0.180,769.551
5662.3,63.26,86.3,0.0,6.4,5,-184.740,-0.177,771.219
5662.3,63.48,86.3,0.0,6.3,5,-181.859,-0.173,773.699
5662.3,63.64,86.3,0.0,6.2,5,-179.917,-0.168,775.339
5675.3,63.85,86.3,0.0,6.7,5,-176.971,-0.160,777.777
5675.3,64.01,86.4,0.0,6.8,5,-174.986,-0.155,779.390
5675.3,64.22,86.5,0.0,7.1,5,-171.978,-0.151,781.788
5675.3,64.38,86.4,0.0,7.2,5,-169.952,-0.151,783.372
5688.4,64.60,86.4,0.0,7.0,5,-166.879,-0.153,785.724
5688.4,64.74,86.4,0.0,7.9,5,-164.809,-0.156,787.275
5688.4,65.02,86.5,0.0,9.0,5,-160.615,-0.156,790.331
5688.4,65.12,86.7,0.0,9.5,5,-158.491,-0.153,791.834
5701.7,65.35,86.6,0.0,7.6,5,-155.272,-0.151,794.061
5701.7,65.50,86.7,0.0,6.8,5,-153.104,-0.151,795.524
5701.7,65.69,86.8,0.0,5.3,5,-149.815,-0.150,797.685
5701.7,65.82,86.7,0.0,5.6,5,-147.599,-0.144,799.101
5715.2,66.03,86.8,0.0,7.5,5,-144.243,-0.134,801.193
5715.2,66.23,86.8,0.0,9.5,5,-140.851,-0.128,803.252
5715.2,66.38,86.8,0.0,10.5,5,-138.571,-0.127,804.607
5715.2,66.57,86.8,0.0,10.0,5,-135.119,-0.126,806.604
5728.6,66.67,86.9,0.0,8.9,5,-132.795,-0.122,807.908
5728.6,66.89,86.9,0.0,8.2,5,-129.278,-0.117,809.825
5728.6,67.00,86.8,0.0,7.7,5,-126.912,-0.118,811.078
5728.6,67.17,87.0,0.0,8.5,5,-123.327,-0.116,812.908
5742.3,67.29,87.0,0.0,9.5,5,-120.915,-0.115,814.099
5742.3,67.49,87.0,0.0,9.4,5,-117.267,-0.113,815.841
5742.3,67.59,87.0,0.0,9.9,5,-114.813,-0.110,816.972
5742.3,67.79,87.0,0.0,8.8,5,-111.104,-0.108,818.624
5756.1,67.89,87.1,0.0,8.3,5,-108.611,-0.106,819.696
5756.1,68.08,87.1,0.0,7.6,5,-104.843,-0.102,821.257
5756.1,68.20,87.1,0.0,7.5,5,-102.312,-0.098,822.267
5756.1,68.38,87.1,0.0,8.0,5,-98.488,-0.091,823.739
5769.8,68.55,87.1,0.0,8.4,5,-94.634,-0.084,825.160
5769.8,68.68,87.2,0.0,8.7,5,-92.048,-0.080,826.079
5769.8,68.85,87.2,0.0,8.6,5,-88.145,-0.076,827.415
5769.8,68.96,87.2,0.0,8.1,5,-85.527,-0.073,828.276
5783.6,69.13,87.2,0.0,7.9,5,-81.576,-0.065,829.519
5783.6,69.24,87.2,0.0,7.9,5,-78.926,-0.059,830.317
5783.6,69.41,87.2,0.0,8.1,5,-74.929,-0.051,831.468
5783.6,69.52,87.3,0.0,8.6,5,-72.250,-0.045,832.204
5797.4,69.68,87.3,0.0,7.5,5,-68.211,-0.037,833.262
5797.4,69.79,87.3,0.0,6.1,5,-65.504,-0.030,833.935
5797.4,69.96,87.3,0.0,5.5,5,-61.424,-0.019,834.901
5797.4,70.07,87.4,0.0,5.2,5,-58.692,-0.011,835.515
5811.3,70.24,87.4,0.0,4.8,5,-54.577,0.003,836.397
5811.3,70.35,87.4,0.0,4.9,5,-51.823,0.014,836.961
5811.3,70.52,87.4,0.0,4.7,5,-47.676,0.032,837.774
5811.3,70.63,87.4,0.0,4.7,5,-44.902,0.046,838.294
5825.3,70.60,0.0,0.0,4.5,0,-40.729,0.069,839.044
5825.3,70.69,86.3,0.0,4.2,6,-36.553,0.093,839.754
5825.3,70.81,86.3,0.0,4.1,6,-33.760,0.108,840.208
5839.5,70.96,86.4,0.0,3.7,6,-29.557,0.132,840.859
5839.5,71.07,86.4,0.0,3.3,6,-26.747,0.148,841.274
5839.5,71.23,86.4,0.0,2.6,6,-22.521,0.175,841.870
5839.5,71.33,86.4,0.0,2.3,6,-19.696,0.195,842.252
5853.7,71.50,86.5,0.0,1.7,6,-15.447,0.223,842.806
5853.7,71.61,86.5,0.0,1.2,6,-12.608,0.240,843.164
5853.7,71.77,86.5,0.0,0.7,6,-8.339,0.268,843.689
5853.7,71.87,86.5,0.0,0.5,6,-5.487,0.287,844.032
-1.1,72.03,86.5,0.0,0.3,6,-1.201,0.317,844.540
