opponent,v3,Felipe Nasr,0,1771612053369
Game,version,date,track,car,event,laptime [s],S1 [s],S2 [s],S3 [s],S4+ [s]
LMU,1.2,2026-02-20 18:27:33,Silverstone Grand Prix Circuit - ELMS,Porsche Penske Motorsport 2025 #4:LM (Hyper),Live,112.977,0,0,0
Tracklen [m],TotalLaps
5869.0,1
,
,
lapdistance [m],speed [m/s],throttle [%],brake [%],steer [%],gear [int],world_x [m],world_y [m],world_z [m]
3.6,72.02,85.2,0.0,-0.1,6,9.159,0.364,845.917
3.6,72.17,85.2,0.0,0.0,6,13.455,0.394,846.418
3.6,72.27,85.2,0.0,0.1,6,16.324,0.416,846.753
18.0,72.42,85.2,0.0,0.2,6,20.635,0.450,847.257
18.0,72.52,85.3,0.0,0.1,6,23.514,0.471,847.592
18.0,72.67,85.3,0.0,0.1,6,27.840,0.506,848.096
18.0,72.76,85.3,0.0,0.2,6,30.728,0.530,848.431
32.5,72.91,85.3,0.0,0.2,6,35.069,0.569,848.933
32.5,73.01,85.3,0.0,0.2,6,37.968,0.593,849.266
32.5,73.15,85.3,0.0,0.2,6,42.323,0.629,849.764
32.5,73.24,85.4,0.0,0.2,6,45.232,0.655,850.095
47.1,73.38,85.4,0.0,0.1,6,49.603,0.695,850.588
47.1,73.52,85.4,0.0,0.1,6,53.982,0.736,851.079
47.1,73.61,85.4,0.0,0.1,6,56.906,0.763,851.404
61.8,73.75,85.4,0.0,0.1,6,61.300,0.802,851.891
61.8,73.85,85.5,0.0,0.2,6,64.234,0.830,852.214
61.8,73.98,85.5,0.0,0.2,6,68.641,0.872,852.698
61.8,74.07,85.5,0.0,0.1,6,71.584,0.901,853.019
76.6,74.20,85.5,0.0,-0.0,6,76.006,0.942,853.500
76.6,74.29,85.5,0.0,-0.1,6,78.959,0.967,853.820
76.6,74.43,85.5,0.0,-0.1,6,83.394,1.003,854.299
76.6,74.52,85.5,0.0,-0.1,6,86.356,1.025,854.617
91.4,74.65,85.6,0.0,0.0,6,90.805,1.061,855.096
91.4,74.74,85.6,0.0,0.1,6,93.775,1.084,855.415
91.4,74.87,85.6,0.0,0.1,6,98.238,1.117,855.895
91.4,74.95,85.6,0.0,0.0,6,101.217,1.138,856.215
106.4,75.08,85.6,0.0,0.1,6,105.692,1.170,856.695
106.4,75.21,85.7,0.0,0.3,6,110.175,1.202,857.174
106.4,75.30,85.7,0.0,0.4,6,113.168,1.224,857.493
106.4,75.42,85.7,0.0,0.3,6,117.664,1.257,857.970
121.4,75.51,85.7,0.0,0.2,6,120.665,1.278,858.287
121.4,75.64,85.7,0.0,0.1,6,125.175,1.305,858.759
121.4,75.72,85.7,0.0,0.1,6,128.186,1.320,859.072
121.4,75.85,85.7,0.0,0.1,6,132.709,1.344,859.538
136.6,75.92,85.8,0.0,0.2,6,135.728,1.361,859.848
136.6,76.04,85.8,0.0,0.2,6,140.263,1.395,860.309
136.6,76.11,85.8,0.0,0.2,6,143.290,1.419,860.616
136.6,76.25,85.8,0.0,0.0,6,147.838,1.447,861.073
151.8,76.33,85.8,0.0,0.1,6,150.875,1.465,861.376
151.8,76.45,85.8,0.0,0.2,6,155.436,1.493,861.829
151.8,76.53,85.8,0.0,0.2,6,158.480,1.509,862.130
151.8,76.65,85.9,0.0,0.3,6,163.053,1.535,862.579
167.1,76.76,85.9,0.0,0.1,6,167.633,1.564,863.027
167.1,76.84,85.9,0.0,-0.0,6,170.691,1.585,863.324
167.1,76.96,85.9,0.0,-0.1,6,175.283,1.616,863.767
167.1,77.03,85.9,0.0,-0.1,6,178.349,1.636,864.062
182.5,77.15,85.9,0.0,-0.2,6,182.953,1.666,864.505
182.5,77.23,85.9,0.0,-0.3,6,186.026,1.685,864.802
182.5,77.34,85.9,0.0,-0.4,6,190.641,1.712,865.250
182.5,77.41,86.0,0.0,-0.5,6,193.721,1.732,865.551
197.9,77.52,86.0,0.0,-0.3,6,198.346,1.761,866.009
197.9,77.60,86.0,0.0,-0.2,6,201.432,1.779,866.319
197.9,77.71,86.0,0.0,-0.1,6,206.067,1.807,866.791
197.9,77.79,86.0,0.0,-0.1,6,209.160,1.822,867.109
213.5,77.89,86.0,0.0,0.0,6,213.805,1.847,867.591
213.5,77.96,86.0,0.0,0.2,6,216.905,1.867,867.916
213.5,78.06,86.0,0.0,0.4,6,221.559,1.900,868.404
213.5,78.16,86.1,0.0,0.4,6,226.220,1.933,868.891
229.1,78.24,86.0,0.0,0.5,6,229.331,1.954,869.214
229.1,78.34,86.1,0.0,0.5,6,234.004,1.987,869.693
229.1,78.41,86.1,0.0,0.6,6,237.123,2.011,870.009
229.1,78.35,30.0,37.0,0.7,6,241.805,2.045,870.475
244.7,77.88,0.0,65.6,0.9,6,244.917,2.062,870.779
244.7,76.71,0.0,84.5,1.2,6,249.537,2.084,871.221
244.7,75.83,0.0,89.0,1.2,6,252.577,2.101,871.504
244.7,74.46,0.0,91.8,1.3,6,257.070,2.126,871.909
260.0,73.52,0.0,91.4,1.2,6,260.021,2.143,872.164
260.0,72.12,0.0,91.8,1.8,6,264.378,2.167,872.522
260.0,71.20,0.0,92.1,2.1,6,267.238,2.182,872.742
260.0,69.81,0.0,92.6,2.3,6,271.461,2.204,873.040
274.3,68.89,0.0,92.5,2.7,6,274.231,2.216,873.218
274.3,67.50,0.0,92.5,2.8,6,278.319,2.232,873.448
274.3,66.12,0.0,91.9,2.4,6,282.326,2.246,873.629
274.3,65.22,0.0,86.4,2.5,6,284.953,2.256,873.720
287.7,63.95,0.0,74.3,2.4,6,288.829,2.269,873.813
287.7,63.17,0.0,63.9,1.7,6,291.372,2.278,873.841
287.7,62.19,0.0,42.1,2.0,6,295.134,2.295,873.829
287.7,61.71,0.0,25.6,3.0,6,297.612,2.306,873.784
300.2,61.19,0.0,19.7,4.8,6,301.297,2.323,873.660
300.2,60.89,0.0,18.4,6.1,6,303.736,2.336,873.539
300.2,60.47,0.0,9.6,7.8,6,307.369,2.356,873.300
300.2,60.26,0.0,7.5,8.3,6,309.776,2.371,873.103
312.3,59.98,30.9,8.1,8.2,0,313.366,2.395,872.750
312.3,59.69,0.0,2.8,6.7,5,316.932,2.417,872.329
312.3,59.52,0.0,1.7,6.2,5,319.295,2.431,872.011
324.0,59.28,0.0,9.2,6.1,5,322.819,2.452,871.475
324.0,59.06,0.0,13.5,7.0,5,325.154,2.466,871.081
324.0,58.67,0.0,20.5,7.7,5,328.627,2.484,870.436
324.0,58.35,0.0,26.1,8.8,5,330.922,2.495,869.971
335.8,57.82,0.0,15.0,9.7,5,334.326,2.512,869.220
335.8,57.56,4.3,1.3,9.8,5,336.570,2.524,868.682
335.8,57.48,48.3,0.0,10.3,5,339.908,2.541,867.812
335.8,57.51,64.2,0.0,11.3,5,342.122,2.552,867.189
347.6,57.63,71.3,0.0,13.8,5,345.428,2.567,866.189
347.6,57.71,70.0,0.0,16.4,5,347.622,2.578,865.478
347.6,57.77,53.3,0.0,18.4,5,350.896,2.594,864.344
347.6,57.76,39.2,0.0,19.2,5,353.064,2.604,863.545
360.1,57.59,7.2,0.0,20.7,5,356.287,2.622,862.283
360.1,57.45,20.0,0.0,20.9,5,358.412,2.633,861.400
360.1,57.35,29.0,5.6,20.4,5,361.564,2.652,860.012
360.1,57.01,0.0,10.7,19.8,5,364.670,2.670,858.550
372.1,56.81,20.8,24.7,19.3,5,366.709,2.681,857.538
372.1,56.24,0.0,66.8,19.1,5,369.719,2.698,855.964
372.1,55.58,0.0,61.9,17.7,5,371.681,2.709,854.888
372.1,54.87,17.1,0.0,15.3,5,374.552,2.726,853.240
383.7,54.74,36.2,0.0,14.1,5,376.429,2.738,852.108
383.7,54.71,38.4,19.3,13.5,5,379.201,2.756,850.349
383.7,54.51,2.7,21.1,14.5,5,381.020,2.767,849.138
383.7,53.97,0.0,39.3,16.8,5,383.692,2.782,847.276
395.4,53.50,0.0,37.2,17.7,5,385.431,2.791,846.011
395.4,52.82,0.0,33.0,18.9,5,387.971,2.806,844.079
395.4,52.40,0.0,29.5,19.0,0,389.619,2.816,842.770
395.4,51.87,0.0,22.1,17.5,4,392.027,2.833,840.772
406.3,51.55,0.0,9.0,16.0,4,393.591,2.843,839.418
406.3,51.22,4.8,0.0,13.3,4,395.876,2.858,837.350
406.3,51.10,32.8,0.0,10.6,4,398.095,2.874,835.229
406.3,51.06,27.8,0.0,9.0,4,399.540,2.886,833.784
416.8,50.83,1.1,18.8,7.4,4,401.656,2.902,831.576
416.8,50.49,0.0,27.4,6.6,4,403.029,2.913,830.084
416.8,50.03,4.3,1.5,5.1,4,405.031,2.929,827.830
416.8,50.00,48.3,0.0,3.9,4,406.332,2.939,826.312
427.1,50.22,70.5,0.0,4.0,4,408.254,2.954,824.000
427.1,50.38,70.7,0.0,4.9,4,409.520,2.963,822.437
427.1,50.63,70.9,0.0,5.9,4,411.400,2.974,820.060
427.1,50.81,75.5,0.0,5.9,4,412.640,2.981,818.455
437.3,51.07,73.5,0.0,6.4,4,414.480,2.993,816.016
437.3,51.23,71.1,0.0,6.7,4,415.694,3.002,814.369
437.3,51.47,70.7,0.0,7.0,4,417.491,3.014,811.867
437.3,51.71,71.1,0.0,6.9,4,419.260,3.022,809.327
447.3,51.87,71.1,0.0,6.9,4,420.419,3.028,807.611
447.3,52.09,71.2,0.0,7.6,4,422.128,3.041,805.003
447.3,52.25,71.3,0.0,8.2,4,423.247,3.049,803.242
447.3,52.48,71.8,0.0,8.3,4,424.894,3.064,800.567
457.5,52.63,71.8,0.0,8.3,4,425.968,3.075,798.760
457.5,52.85,72.0,0.0,8.4,4,427.542,3.095,796.016
457.5,53.01,72.0,0.0,8.0,4,428.568,3.108,794.164
457.5,53.23,71.6,0.0,8.0,4,430.067,3.130,791.352
467.9,53.36,70.8,0.0,8.9,4,431.039,3.146,789.455
467.9,53.58,70.7,0.0,8.3,4,432.460,3.168,786.579
467.9,53.72,71.9,0.0,7.3,4,433.380,3.182,784.641
467.9,53.95,74.8,0.0,6.9,4,434.717,3.206,781.701
478.5,54.18,71.9,0.0,6.7,4,436.007,3.227,778.726
478.5,54.32,70.4,0.0,6.3,4,436.841,3.241,776.723
478.5,54.53,72.3,0.0,5.4,4,438.054,3.263,773.692
478.5,54.64,74.9,0.0,4.8,4,438.837,3.280,771.654
489.2,54.90,77.8,0.0,4.3,4,439.975,3.308,768.571
489.2,55.01,84.0,0.0,3.7,4,440.710,3.327,766.500
489.2,55.32,83.7,0.0,2.0,4,441.782,3.354,763.368
489.2,55.48,77.7,0.0,0.8,4,442.477,3.369,761.264
500.1,55.65,60.6,0.0,-0.0,4,443.489,3.388,758.086
500.1,55.77,61.2,0.0,1.2,4,444.138,3.402,755.955
500.1,55.94,77.5,0.0,4.0,4,445.081,3.431,752.740
500.1,56.13,76.9,0.0,4.0,4,445.695,3.449,750.585
511.1,56.38,73.1,0.0,2.3,4,446.595,3.475,747.331
511.1,56.52,73.2,0.0,2.3,4,447.180,3.491,745.151
511.1,56.74,72.9,0.0,1.6,4,448.036,3.513,741.863
522.4,56.96,76.8,0.0,0.7,4,448.863,3.537,738.553
522.4,57.15,77.6,6.0,0.1,4,449.402,3.551,736.336
522.4,57.04,0.0,9.7,0.6,4,450.194,3.569,733.001
522.4,56.81,0.0,12.1,1.0,4,450.711,3.584,730.783
533.7,56.48,0.0,15.1,1.8,4,451.472,3.611,727.470
533.7,56.23,0.0,17.1,1.6,4,451.970,3.629,725.271
533.7,55.83,0.0,19.9,1.3,4,452.701,3.657,721.988
533.7,55.55,0.0,21.8,0.9,4,453.177,3.676,719.812
544.8,55.10,0.0,24.6,1.0,4,453.875,3.702,716.566
544.8,54.77,0.0,26.4,0.6,4,454.331,3.716,714.416
544.8,54.27,0.0,29.1,1.0,4,455.000,3.736,711.212
544.8,53.90,0.0,30.8,1.2,4,455.436,3.750,709.093
555.6,53.34,0.0,33.4,1.0,4,456.076,3.773,705.938
555.6,52.95,0.0,35.1,1.1,4,456.493,3.790,703.853
555.6,52.35,0.0,37.7,1.0,4,457.106,3.815,700.753
555.6,51.70,0.0,40.0,-1.2,4,457.702,3.838,697.688
566.1,51.26,0.0,41.5,0.6,4,458.092,3.854,695.665
566.1,50.57,0.0,43.3,0.0,4,458.668,3.879,692.663
566.1,50.17,0.0,16.4,1.2,4,459.046,3.896,690.684
566.1,49.83,0.0,13.8,0.8,4,459.602,3.920,687.736
576.0,49.61,0.0,15.8,0.6,4,459.968,3.936,685.781
576.0,49.26,0.0,18.6,0.6,4,460.507,3.959,682.863
576.0,49.00,0.0,20.6,0.6,4,460.861,3.974,680.930
576.0,48.59,0.0,23.6,0.7,4,461.382,3.995,678.048
585.8,48.29,0.0,25.6,0.9,4,461.724,4.009,676.140
585.8,47.82,0.0,28.5,1.0,4,462.227,4.030,673.300
585.8,47.48,0.0,29.8,1.1,4,462.556,4.044,671.422
585.8,46.96,0.0,32.8,0.9,4,463.039,4.065,668.630
595.2,46.59,0.0,34.7,0.7,4,463.354,4.079,666.785
595.2,46.01,0.0,37.7,0.2,4,463.817,4.100,664.044
595.2,45.40,0.0,40.7,0.8,4,464.268,4.120,661.338
595.2,44.96,0.0,42.6,1.0,4,464.562,4.133,659.554
604.2,44.27,0.0,50.0,0.8,4,464.992,4.153,656.910
604.2,43.78,0.0,47.6,1.0,4,465.271,4.168,655.170
604.2,43.05,38.3,24.6,1.8,0,465.679,4.189,652.596
604.2,42.87,60.3,0.0,4.1,3,465.943,4.203,650.900
612.9,43.19,69.9,65.5,4.5,3,466.327,4.224,648.348
612.9,42.81,44.4,75.0,2.8,3,466.573,4.237,646.643
612.9,41.79,0.0,72.9,0.2,3,466.923,4.256,644.126
612.9,41.10,0.0,75.0,-1.1,3,467.145,4.268,642.482
621.3,40.04,0.0,75.0,-1.6,3,467.465,4.287,640.067
621.3,39.33,0.0,74.7,-1.4,3,467.671,4.300,638.491
621.3,38.27,0.0,75.0,-1.1,3,467.970,4.319,636.181
621.3,37.57,0.0,75.0,-0.6,3,468.164,4.331,634.675
629.0,36.51,0.0,75.0,0.1,0,468.450,4.349,632.469
629.0,35.48,0.0,75.0,0.3,2,468.729,4.367,630.325
629.0,34.79,0.0,75.0,0.4,2,468.910,4.379,628.930
629.0,33.74,0.0,75.0,0.5,2,469.175,4.395,626.890
636.0,33.05,0.0,75.0,0.5,2,469.348,4.405,625.564
636.0,32.00,0.0,75.0,-0.4,2,469.598,4.420,623.627
636.0,31.29,0.0,75.0,0.8,2,469.761,4.429,622.370
636.0,30.27,0.0,75.0,1.1,0,469.996,4.444,620.537
642.3,29.59,36.7,75.0,0.2,0,470.147,4.453,619.348
642.3,28.56,0.0,75.0,-0.7,1,470.366,4.467,617.615
642.3,27.88,0.0,75.0,-0.8,1,470.508,4.475,616.494
642.3,26.86,0.0,75.0,0.3,1,470.715,4.488,614.863
648.0,26.16,0.0,75.0,1.3,1,470.847,4.496,613.810
648.0,25.12,0.0,75.0,3.6,1,471.038,4.507,612.281
648.0,24.10,0.0,75.0,5.7,1,471.214,4.519,610.813
648.0,23.42,0.0,75.0,4.7,1,471.323,4.526,609.867
652.9,22.40,0.0,75.0,4.0,1,471.474,4.536,608.499
652.9,21.87,40.5,12.5,8.1,1,471.566,4.543,607.619
652.9,22.21,69.6,0.0,9.1,1,471.685,4.554,606.306
652.9,22.54,69.4,0.0,8.6,1,471.755,4.562,605.414
657.4,23.02,68.7,0.0,8.0,1,471.848,4.573,604.052
657.4,23.34,68.3,0.0,7.3,1,471.903,4.581,603.127
657.4,23.83,67.9,0.0,4.0,1,471.975,4.592,601.715
657.4,24.15,67.7,0.0,3.4,1,472.018,4.600,600.757
662.0,24.64,67.3,0.0,2.5,1,472.076,4.612,599.295
662.0,24.96,67.0,0.0,1.3,1,472.112,4.620,598.305
662.0,25.45,66.6,0.0,1.7,1,472.163,4.632,596.794
662.0,25.77,66.3,0.0,0.8,1,472.195,4.641,595.771
667.0,26.25,66.1,0.0,0.2,1,472.240,4.653,594.212
667.0,26.74,66.1,0.0,1.3,1,472.285,4.666,592.624
667.0,27.07,66.1,0.0,0.4,1,472.314,4.674,591.549
672.3,27.55,65.9,0.0,1.0,1,472.356,4.687,589.911
672.3,27.88,65.9,0.0,1.1,1,472.384,4.695,588.804
672.3,28.37,66.1,0.0,0.9,1,472.425,4.708,587.118
672.3,28.70,66.1,0.0,0.4,1,472.451,4.716,585.977
678.0,29.19,66.5,0.0,0.9,1,472.489,4.729,584.242
678.0,29.52,66.8,0.0,-0.1,1,472.515,4.737,583.069
678.0,30.01,67.2,0.0,0.3,1,472.552,4.750,581.284
678.0,30.34,67.4,0.0,0.3,1,472.577,4.757,580.078
684.0,30.84,68.1,0.0,0.2,1,472.613,4.769,578.244
684.0,31.17,68.8,0.0,0.1,1,472.637,4.777,577.005
684.0,31.67,69.2,0.0,0.1,1,472.671,4.788,575.121
684.0,32.00,69.8,0.0,0.2,1,472.694,4.796,573.849
690.3,32.50,71.2,0.0,0.1,1,472.728,4.807,571.915
690.3,32.83,71.5,0.0,0.0,1,472.750,4.815,570.609
690.3,33.33,72.1,0.0,-0.2,1,472.783,4.826,568.626
690.3,33.83,73.2,0.0,0.4,1,472.817,4.837,566.612
696.9,34.16,73.5,0.0,0.3,1,472.840,4.844,565.253
696.9,34.66,75.1,0.0,0.2,1,472.873,4.853,563.190
696.9,35.00,79.1,0.0,-0.0,1,472.895,4.859,561.798
696.9,35.39,0.0,0.0,0.2,0,472.927,4.867,559.684
703.9,35.41,72.7,0.0,0.1,2,472.949,4.873,558.270
703.9,35.86,72.1,0.0,0.1,2,472.982,4.881,556.133
703.9,36.15,69.3,0.0,0.0,2,473.005,4.886,554.693
703.9,36.56,68.2,0.0,0.3,2,473.039,4.894,552.513
711.1,36.83,68.3,0.0,-0.2,2,473.061,4.899,551.046
711.1,37.24,68.5,0.0,-0.3,2,473.095,4.905,548.826
711.1,37.51,69.1,0.0,-0.9,2,473.119,4.909,547.332
711.1,37.91,69.3,0.0,-0.2,2,473.156,4.915,545.070
718.6,38.18,69.6,0.0,0.1,2,473.183,4.919,543.549
718.6,38.59,70.4,0.0,-0.6,2,473.224,4.924,541.247
718.6,39.00,70.9,0.0,0.7,2,473.268,4.928,538.920
718.6,39.27,71.6,0.0,-0.0,2,473.298,4.930,537.356
726.3,39.68,71.8,0.0,-0.3,2,473.344,4.933,534.989
726.3,39.95,72.2,0.0,0.3,2,473.375,4.935,533.397
726.3,40.35,72.8,0.0,-0.7,2,473.421,4.937,530.989
726.3,40.62,73.0,0.0,-0.2,2,473.454,4.938,529.371
734.4,41.03,73.8,0.0,-0.1,2,473.503,4.939,526.922
734.4,41.29,74.2,0.0,-0.7,2,473.537,4.939,525.277
734.4,41.70,75.3,0.0,0.1,2,473.590,4.939,522.789
734.4,41.97,75.9,0.0,-0.5,2,473.627,4.938,521.116
742.7,42.37,79.3,0.0,0.4,2,473.684,4.937,518.588
742.7,42.66,82.1,0.0,-0.1,0,473.723,4.936,516.888
742.7,42.69,71.0,0.0,-0.5,3,473.783,4.934,514.328
742.7,42.93,72.7,0.0,-0.2,3,473.824,4.932,512.617
751.3,43.27,68.8,0.0,0.1,3,473.888,4.929,510.032
751.3,43.59,69.2,0.0,-0.1,3,473.952,4.924,507.428
751.3,43.82,69.1,0.0,0.2,3,473.996,4.919,505.681
751.3,44.15,69.3,0.0,-0.1,3,474.061,4.912,503.043
760.0,44.37,69.5,0.0,-0.6,3,474.104,4.907,501.274
760.0,44.69,69.7,0.0,-0.1,3,474.171,4.897,498.604
760.0,44.92,70.0,0.0,-0.4,3,474.216,4.891,496.812
760.0,45.24,70.1,0.0,-0.1,3,474.286,4.879,494.109
769.0,45.46,70.3,0.0,-0.1,3,474.333,4.871,492.296
769.0,45.79,70.5,0.0,-0.2,3,474.406,4.858,489.560
769.0,46.00,70.9,0.0,0.2,3,474.456,4.848,487.726
769.0,46.33,71.2,0.0,-0.1,3,474.531,4.832,484.957
778.2,46.55,71.6,0.0,0.0,3,474.581,4.823,483.101
778.2,46.88,71.9,0.0,0.1,3,474.657,4.809,480.300
778.2,47.09,72.1,0.0,0.1,3,474.707,4.799,478.422
778.2,47.41,72.7,0.0,0.2,3,474.783,4.786,475.589
787.6,47.63,72.9,0.0,-0.3,3,474.832,4.778,473.689
787.6,47.95,73.3,0.0,-0.4,3,474.908,4.767,470.823
787.6,48.27,73.6,0.0,-0.7,3,474.985,4.755,467.939
787.6,48.48,75.0,0.0,-0.7,3,475.038,4.747,466.005
797.2,48.82,77.4,0.0,-1.2,3,475.122,4.734,463.087
797.2,49.05,79.4,0.0,-1.5,3,475.181,4.726,461.131
797.2,49.41,82.2,0.0,-1.6,3,475.279,4.715,458.180
797.2,49.65,84.2,0.0,-1.7,3,475.350,4.708,456.201
807.0,50.03,85.8,0.0,-1.9,3,475.467,4.696,453.213
807.0,50.28,86.0,0.0,-2.2,3,475.554,4.687,451.209
807.0,50.66,86.2,0.0,-2.9,3,475.698,4.671,448.186
807.0,50.90,86.2,0.0,-3.1,0,475.806,4.660,446.158
817.0,50.90,84.2,0.0,-2.9,4,475.989,4.647,443.110
817.0,51.12,84.3,0.0,-3.0,4,476.124,4.638,441.074
817.0,51.46,84.4,0.0,-3.6,4,476.348,4.621,438.006
827.3,51.79,84.4,0.0,-3.7,4,476.601,4.600,434.919
827.3,52.01,84.5,0.0,-3.9,4,476.788,4.587,432.852
827.3,52.34,84.6,0.0,-4.3,4,477.098,4.570,429.738
827.3,52.55,84.6,0.0,-4.6,4,477.326,4.562,427.653
837.7,52.87,84.7,0.0,-4.9,4,477.698,4.550,424.513
837.7,53.09,84.8,0.0,-4.7,4,477.967,4.541,422.411
837.7,53.41,84.8,0.0,-4.1,4,478.405,4.525,419.247
837.7,53.62,84.9,0.0,-4.1,4,478.722,4.516,417.130
848.3,53.94,84.9,0.0,-4.5,4,479.233,4.504,413.944
848.3,54.15,85.0,0.0,-4.8,4,479.598,4.497,411.814
848.3,54.47,85.0,0.0,-4.6,4,480.181,4.485,408.609
848.3,54.67,85.1,0.0,-4.6,4,480.593,4.477,406.466
859.1,54.98,85.1,0.0,-4.7,4,481.248,4.464,403.242
859.1,55.19,85.2,0.0,-5.2,4,481.709,4.455,401.088
859.1,55.49,85.3,0.0,-5.8,4,482.439,4.438,397.850
859.1,55.69,85.3,0.0,-5.8,4,482.953,4.426,395.687
870.1,55.99,85.3,0.0,-6.0,4,483.765,4.404,392.437
870.1,56.28,85.4,0.0,-6.0,4,484.627,4.377,389.181
870.1,56.48,85.4,0.0,-5.8,4,485.231,4.357,387.009
870.1,56.77,85.5,0.0,-5.7,4,486.183,4.323,383.748
881.2,56.96,85.5,0.0,-5.4,4,486.848,4.299,381.574
881.2,57.25,85.6,0.0,-4.4,4,487.893,4.261,378.312
881.2,57.44,85.6,0.0,-3.1,4,488.620,4.235,376.137
881.2,57.73,85.7,0.0,-3.1,4,489.752,4.193,372.873
892.6,57.93,85.7,0.0,-3.5,4,490.533,4.165,370.697
892.6,58.21,85.7,0.0,-4.0,4,491.743,4.121,367.430
892.6,58.41,85.7,0.0,-4.1,4,492.573,4.091,365.251
892.6,58.69,85.8,0.0,-4.0,4,493.855,4.047,361.981
904.7,58.88,85.9,0.0,-4.1,4,494.734,4.018,359.801
904.7,59.16,85.9,0.0,-4.1,4,496.090,3.974,356.531
904.7,59.34,85.9,0.0,-3.3,4,497.019,3.945,354.351
904.7,59.62,86.0,0.0,-1.5,4,498.449,3.900,351.082
916.8,59.90,86.0,0.0,0.6,4,499.918,3.856,347.812
916.8,60.08,86.1,0.0,1.4,4,500.914,3.829,345.630
916.8,60.37,86.0,0.0,1.9,4,502.420,3.787,342.346
916.8,60.55,86.1,0.0,2.2,4,503.428,3.757,340.148
929.1,60.82,86.1,0.0,2.2,4,504.936,3.705,336.835
929.1,60.99,86.1,0.0,2.6,4,505.935,3.670,334.613
929.1,61.26,86.2,0.0,2.5,0,507.417,3.621,331.259
929.1,61.20,0.0,0.0,3.0,0,508.390,3.593,329.011
941.7,61.37,84.7,0.0,3.7,5,509.825,3.555,325.628
941.7,61.53,84.8,0.0,4.4,5,510.766,3.532,323.358
941.7,61.76,84.8,0.0,5.4,5,512.152,3.498,319.930
941.7,61.92,84.9,0.0,5.8,5,513.057,3.476,317.628
954.1,62.14,84.9,0.0,6.2,5,514.378,3.446,314.149
954.1,62.29,84.9,0.0,6.5,5,515.232,3.428,311.812
954.1,62.51,85.0,0.0,4.8,5,516.469,3.402,308.279
954.1,62.72,85.0,0.0,5.2,5,517.653,3.381,304.713
966.4,62.87,85.0,0.0,6.2,5,518.411,3.370,302.319
966.4,63.08,85.1,0.0,8.0,5,519.503,3.356,298.702
966.4,63.22,85.1,0.0,9.2,5,520.201,3.347,296.275
966.4,63.42,85.1,0.0,9.2,5,521.198,3.332,292.609
978.6,63.55,85.2,0.0,9.1,5,521.828,3.322,290.149
978.6,63.74,85.2,0.0,8.9,5,522.715,3.306,286.436
978.6,63.85,85.3,0.0,9.1,5,523.267,3.294,283.944
978.6,64.04,85.3,0.0,8.9,5,524.032,3.275,280.185
991.5,64.15,85.3,0.0,9.0,5,524.498,3.263,277.664
991.5,64.32,85.3,0.0,8.2,5,525.127,3.248,273.863
991.5,64.42,85.3,0.0,8.9,5,525.502,3.240,271.315
991.5,64.57,66.3,6.5,8.2,5,525.996,3.232,267.477
1005.8,64.51,9.3,6.1,8.0,5,526.282,3.228,264.911
1005.8,64.27,22.0,0.0,8.0,5,526.657,3.215,261.065
1005.8,64.26,68.9,0.0,6.9,5,526.871,3.195,258.504
1005.8,64.20,53.7,0.0,6.6,5,527.086,3.200,254.656
1020.0,64.25,65.4,0.0,4.8,5,527.215,3.213,250.808
1020.0,64.31,63.7,0.0,5.0,5,527.270,3.209,248.237
1020.0,64.29,30.9,0.0,7.8,5,527.290,3.192,244.378
1020.0,64.13,6.3,2.9,10.6,5,527.247,3.183,241.809
1033.4,63.81,0.0,4.1,12.6,5,527.097,3.179,237.973
1033.4,63.60,0.0,2.2,13.3,5,526.945,3.180,235.430
1033.4,63.29,0.6,0.2,13.5,5,526.640,3.186,231.635
1033.4,63.11,4.4,0.0,12.9,5,526.383,3.194,229.120
1046.4,62.86,3.0,0.0,12.1,5,525.920,3.212,225.368
1046.4,62.69,2.9,0.0,11.2,5,525.563,3.224,222.882
1046.4,62.42,0.6,6.5,7.5,5,524.955,3.241,219.178
1046.4,62.20,0.0,7.2,5.8,5,524.500,3.254,216.727
1058.8,61.86,0.0,1.5,3.7,5,523.745,3.277,213.082
1058.8,61.77,45.6,0.0,2.8,5,523.196,3.295,210.672
1058.8,61.91,84.7,0.0,2.6,5,522.307,3.324,207.071
1058.8,62.06,84.9,0.0,3.0,5,521.675,3.345,204.674
1071.0,62.28,84.9,0.0,2.8,5,520.680,3.375,201.080
1071.0,62.51,84.9,0.0,1.2,5,519.641,3.407,197.484
1071.0,62.66,85.0,0.0,0.4,5,518.930,3.427,195.084
1083.6,62.89,85.0,0.0,-1.2,5,517.844,3.458,191.477
1083.6,63.05,85.0,0.0,-1.9,5,517.112,3.478,189.067
1083.6,63.27,85.1,0.0,-2.5,5,516.012,3.507,185.441
1083.6,63.43,85.1,0.0,-2.7,5,515.283,3.525,183.015
1096.3,63.65,81.0,0.0,-3.1,5,514.202,3.551,179.360
1096.3,63.74,60.5,0.0,-3.6,5,513.495,3.566,176.912
1096.3,63.49,8.2,63.9,-4.3,5,512.462,3.586,173.232
1096.3,62.80,0.0,84.9,-4.4,5,511.799,3.597,170.792
1109.1,61.54,0.0,90.2,-2.9,5,510.851,3.614,167.182
1109.1,60.66,0.0,86.3,-1.3,5,510.252,3.626,164.811
1109.1,59.40,0.0,76.4,-1.6,5,509.402,3.641,161.308
1109.1,58.28,0.0,69.7,-3.2,5,508.615,3.656,157.864
1121.1,57.56,0.0,67.1,-2.2,5,508.129,3.666,155.598
1121.1,56.55,0.0,60.3,-3.1,5,507.456,3.683,152.240
1121.1,55.92,0.0,49.9,-3.8,5,507.044,3.693,150.028
1121.1,55.14,0.0,34.2,-4.7,5,506.480,3.707,146.744
1132.5,54.75,0.0,20.6,-5.8,5,506.141,3.717,144.572
1132.5,54.35,0.0,7.9,-8.0,5,505.687,3.727,141.331
1132.5,54.16,0.0,3.0,-9.2,5,505.421,3.732,139.176
1132.5,53.95,0.0,1.5,-10.8,5,505.077,3.737,135.951
1143.8,53.81,0.0,7.0,-11.6,5,504.886,3.738,133.804
1143.8,53.56,0.0,5.4,-12.9,5,504.656,3.736,130.591
1143.8,53.39,0.3,7.0,-13.9,5,504.541,3.732,128.455
1143.8,53.11,0.0,2.5,-13.8,5,504.427,3.718,125.261
1155.3,52.92,0.5,9.0,-12.2,5,504.395,3.708,123.141
1155.3,52.60,0.8,0.5,-9.4,5,504.421,3.696,119.975
1155.3,52.44,3.3,0.3,-7.7,5,504.492,3.696,117.875
1155.3,52.32,31.6,0.0,-4.8,5,504.660,3.694,114.738
1166.3,52.29,30.5,0.0,-3.7,5,504.900,3.686,111.609
1166.3,52.23,16.3,0.0,-4.7,5,505.106,3.682,109.528
1166.3,52.07,22.5,0.0,-4.8,5,505.475,3.671,106.421
1166.3,52.02,28.3,0.0,-3.9,5,505.764,3.663,104.359
1177.3,51.85,21.8,0.0,-6.3,5,506.285,3.668,101.287
1177.3,51.78,16.6,0.0,-7.1,5,506.667,3.664,99.250
1177.3,51.66,12.1,0.0,-6.7,5,507.281,3.639,96.208
1177.3,51.54,10.6,0.0,-7.6,0,507.725,3.614,94.192
1188.2,51.28,1.8,0.0,-10.3,4,508.476,3.593,91.200
1188.2,51.14,22.0,0.0,-9.2,4,509.017,3.579,89.224
1188.2,51.01,15.2,0.0,-7.9,4,509.890,3.553,86.285
1188.2,50.90,17.6,0.0,-9.7,4,510.515,3.535,84.345
1199.0,50.73,14.6,0.0,-13.4,4,511.509,3.500,81.463
1199.0,50.62,16.5,0.0,-16.7,4,512.213,3.475,79.561
1199.0,50.46,15.7,0.0,-22.5,4,513.328,3.434,76.741
1199.0,50.31,15.1,0.0,-28.6,4,514.512,3.391,73.960
1209.6,50.21,16.6,0.0,-31.6,4,515.337,3.362,72.126
1209.6,50.12,31.4,0.0,-32.6,4,516.627,3.316,69.408
1209.6,50.09,37.3,0.0,-30.9,4,517.524,3.287,67.616
1209.6,50.09,45.6,0.0,-26.9,4,518.926,3.248,64.958
1219.7,50.16,62.4,0.0,-20.7,4,520.402,3.213,62.339
1219.7,50.30,77.6,0.0,-14.8,4,521.427,3.192,60.612
1219.7,50.50,47.3,4.4,-6.2,4,523.026,3.163,58.045
1219.7,50.41,4.4,20.4,-1.7,4,524.128,3.144,56.353
1229.7,49.86,0.0,54.8,4.9,4,525.815,3.115,53.858
1229.7,49.28,0.0,67.9,8.2,4,526.946,3.098,52.228
1229.7,48.26,0.0,78.3,9.3,4,528.623,3.071,49.827
1229.7,48.26,0.0,78.3,9.3,4,528.623,3.071,49.827
1229.7,48.26,0.0,78.3,9.3,4,528.623,3.071,49.827
1239.5,45.54,0.0,88.6,5.9,4,532.320,3.006,44.391
1239.5,44.39,38.6,63.8,4.3,0,533.787,2.980,42.124
1239.5,43.78,0.0,35.6,3.4,3,534.723,2.963,40.629
1248.5,43.21,0.0,10.0,2.6,3,536.066,2.935,38.393
1248.5,43.01,0.0,4.3,3.2,3,536.921,2.915,36.896
1248.5,42.80,0.0,1.0,7.2,3,538.148,2.884,34.633
1248.5,42.67,0.3,0.1,11.3,3,538.930,2.863,33.112
1257.1,42.51,5.4,0.0,16.6,3,540.047,2.829,30.815
1257.1,42.41,6.7,0.0,18.9,3,540.758,2.806,29.272
1257.1,42.27,5.0,0.0,20.2,3,541.772,2.770,26.943
1257.1,42.16,5.2,0.0,20.0,3,542.412,2.745,25.380
1265.7,42.12,37.8,0.0,18.8,3,543.313,2.708,23.020
1265.7,42.28,62.2,0.0,17.6,3,544.145,2.671,20.630
1265.7,42.44,61.3,0.0,17.7,3,544.663,2.646,19.017
1274.8,42.63,49.6,0.0,19.3,3,545.385,2.609,16.570
1274.8,42.69,35.4,0.0,20.9,3,545.828,2.583,14.922
1274.8,42.68,29.8,0.0,23.8,3,546.433,2.543,12.433
1274.8,42.67,33.0,0.0,25.5,3,546.796,2.516,10.766
1283.7,42.77,56.0,0.0,26.3,3,547.278,2.477,8.250
1283.7,42.91,57.8,0.0,26.9,3,547.559,2.451,6.560
1283.7,43.08,54.2,0.0,28.3,3,547.923,2.412,4.007
1283.7,43.19,52.9,0.0,29.4,3,548.129,2.383,2.294
1293.0,43.31,46.6,0.0,30.9,3,548.377,2.339,-0.288
1293.0,43.36,40.3,0.0,31.7,3,548.503,2.309,-2.017
1293.0,43.38,34.5,0.0,33.0,3,548.627,2.263,-4.616
1293.0,43.41,44.9,0.0,34.0,3,548.668,2.233,-6.350
1302.4,43.51,47.3,0.0,35.9,3,548.670,2.186,-8.957
1302.4,43.58,47.5,0.0,37.9,3,548.632,2.153,-10.698
1302.4,43.64,41.0,0.0,40.3,3,548.517,2.101,-13.312
1302.4,43.66,38.8,0.0,41.9,3,548.399,2.067,-15.053
1312.0,43.61,22.4,0.0,43.5,3,548.158,2.019,-17.660
1312.0,43.46,16.7,0.0,44.1,3,547.840,1.973,-20.253
1312.0,43.36,16.7,0.0,43.5,3,547.584,1.945,-21.970
1312.0,43.21,16.8,0.0,41.9,3,547.134,1.904,-24.528
1321.5,43.11,17.1,0.0,40.5,3,546.789,1.879,-26.220
1321.5,42.96,18.2,0.0,38.3,3,546.205,1.844,-28.735
1321.5,42.86,19.4,0.0,36.8,3,545.771,1.823,-30.395
1321.5,42.79,32.8,0.0,35.3,3,545.054,1.793,-32.862
1330.9,42.81,44.0,0.0,35.2,3,544.536,1.773,-34.493
1330.9,42.90,46.1,0.0,35.4,3,543.699,1.740,-36.924
1330.9,42.95,43.8,0.0,35.8,3,543.102,1.717,-38.534
1330.9,42.94,26.9,0.0,35.9,3,542.146,1.684,-40.927
1340.1,42.89,27.4,0.0,35.1,3,541.469,1.664,-42.504
1340.1,42.87,34.1,0.0,32.2,3,540.395,1.637,-44.842
1340.1,42.90,45.0,0.0,30.0,3,539.641,1.620,-46.382
1340.1,43.11,77.3,0.0,26.8,3,538.452,1.594,-48.670
1348.9,43.35,84.2,0.0,24.2,3,537.620,1.577,-50.186
1348.9,43.70,82.0,0.0,19.9,3,536.310,1.552,-52.444
1348.9,43.94,84.4,0.0,16.9,3,535.395,1.536,-53.938
1348.9,44.30,85.1,0.0,12.3,3,533.959,1.513,-56.161
1357.9,44.56,85.1,0.0,9.1,3,532.961,1.497,-57.630
1357.9,44.93,85.2,0.0,5.4,3,531.404,1.475,-59.816
1357.9,45.31,85.3,0.0,3.5,3,529.778,1.452,-61.979
1357.9,45.58,85.3,0.0,3.0,3,528.657,1.435,-63.409
1367.0,45.99,85.3,0.0,3.5,3,526.922,1.409,-65.538
1367.0,46.25,85.3,0.0,4.7,3,525.732,1.390,-66.947
1367.0,46.67,85.4,0.0,6.3,3,523.900,1.359,-69.046
1367.0,46.94,85.4,0.0,7.1,3,522.649,1.337,-70.439
1376.2,47.34,85.5,0.0,7.4,3,520.732,1.304,-72.517
1376.2,47.60,85.6,0.0,7.2,3,519.427,1.281,-73.895
1376.2,48.00,85.7,0.0,6.5,3,517.428,1.245,-75.950
1376.2,48.26,85.7,0.0,6.2,3,516.068,1.220,-77.312
1385.6,48.65,85.8,0.0,8.1,3,513.988,1.179,-79.342
1385.6,48.91,85.9,0.0,9.1,3,512.574,1.150,-80.685
1385.6,49.28,85.9,0.0,9.8,3,510.408,1.109,-82.679
1385.6,49.51,86.0,0.0,9.7,3,508.934,1.083,-83.994
1395.2,49.88,86.1,0.0,9.2,3,506.676,1.046,-85.940
1395.2,50.11,86.2,0.0,9.0,3,505.140,1.022,-87.220
1395.2,50.36,0.0,0.0,8.7,0,502.793,0.983,-89.114
1395.2,50.32,84.1,0.0,6.9,4,501.207,0.955,-90.353
1405.1,50.64,84.2,0.0,4.2,4,498.790,0.910,-92.176
1405.1,50.86,84.3,0.0,2.3,4,497.150,0.879,-93.372
1405.1,51.19,84.3,0.0,1.6,4,494.653,0.833,-95.141
1405.1,51.53,84.4,0.0,2.3,4,492.114,0.788,-96.886
1415.2,51.75,84.4,0.0,2.5,4,490.401,0.760,-98.040
1415.2,52.09,84.5,0.0,1.8,4,487.805,0.719,-99.762
1415.2,52.32,84.6,0.0,1.1,4,486.059,0.694,-100.905
1415.2,52.66,84.6,0.0,-0.0,4,483.417,0.659,-102.617
1425.6,52.88,84.7,0.0,-0.5,4,481.643,0.636,-103.759
1425.6,53.21,84.8,0.0,-1.0,4,478.964,0.601,-105.477
1425.6,53.43,84.8,0.0,-1.4,4,477.169,0.579,-106.628
1425.6,53.76,84.8,0.0,-2.7,4,474.464,0.546,-108.366
1436.4,53.98,84.9,0.0,-3.4,4,472.655,0.523,-109.536
1436.4,54.31,85.0,0.0,-3.3,4,469.937,0.490,-111.313
1436.4,54.53,85.2,0.0,-3.1,4,468.123,0.471,-112.516
1436.4,54.86,85.2,0.0,-3.4,4,465.402,0.445,-114.346
1447.5,55.05,85.3,0.0,-3.6,4,463.588,0.431,-115.587
1447.5,55.36,85.3,0.0,-4.7,4,460.870,0.409,-117.478
1447.5,55.58,85.4,0.0,-5.5,4,459.061,0.392,-118.761
1447.5,55.89,85.4,0.0,-6.7,4,456.353,0.364,-120.721
1459.0,56.18,85.3,0.0,-7.1,4,453.656,0.331,-122.726
1459.0,56.37,85.4,0.0,-7.1,4,451.868,0.308,-124.093
1459.0,56.65,85.5,0.0,-6.4,4,449.207,0.279,-126.193
1459.0,56.82,85.5,0.0,-5.8,4,447.450,0.266,-127.628
1470.9,57.09,85.6,0.0,-6.3,4,444.836,0.246,-129.828
1470.9,57.28,85.6,0.0,-6.8,4,443.108,0.232,-131.326
1470.9,57.55,85.6,0.0,-6.3,4,440.541,0.214,-133.622
1470.9,57.74,85.7,0.0,-5.1,4,438.847,0.205,-135.185
1482.7,58.01,85.7,0.0,-5.3,4,436.330,0.195,-137.577
1482.7,58.19,85.7,0.0,-5.3,4,434.668,0.190,-139.201
1482.7,58.47,85.8,0.0,-5.6,4,432.196,0.184,-141.678
1482.7,58.65,85.8,0.0,-5.6,4,430.561,0.179,-143.355
1494.8,58.93,85.9,0.0,-5.0,4,428.131,0.171,-145.911
1494.8,59.10,85.9,0.0,-4.8,4,426.526,0.166,-147.641
1494.8,59.37,85.9,0.0,-4.2,4,424.142,0.160,-150.277
1494.8,59.54,86.0,0.0,-3.8,4,422.569,0.158,-152.060
1506.8,59.80,86.0,0.0,-3.8,4,420.231,0.160,-154.771
1506.8,60.07,86.0,0.0,-4.3,4,417.918,0.165,-157.524
1506.8,60.25,86.1,0.0,-4.3,4,416.389,0.167,-159.382
1518.8,60.51,86.1,0.0,-4.3,4,414.113,0.166,-162.200
1518.8,60.68,86.1,0.0,-4.4,4,412.609,0.163,-164.101
1518.8,60.93,86.2,0.0,-4.4,4,410.377,0.158,-166.986
1518.8,61.00,0.0,0.0,-4.8,0,408.905,0.151,-168.931
1530.8,61.03,84.7,0.0,-5.4,5,406.729,0.137,-171.872
1530.8,61.18,84.7,0.0,-4.3,5,405.301,0.128,-173.855
1530.8,61.41,84.8,0.0,-3.4,5,403.186,0.113,-176.863
1530.8,61.57,84.8,0.0,-3.6,5,401.794,0.100,-178.891
1543.0,61.80,84.8,0.0,-3.4,5,399.731,0.079,-181.963
1543.0,61.96,84.8,0.0,-3.1,5,398.372,0.064,-184.031
1543.0,62.19,84.9,0.0,-2.7,5,396.357,0.042,-187.163
1543.0,62.35,84.9,0.0,-2.4,5,395.028,0.028,-189.269
1555.5,62.58,85.0,0.0,-2.2,5,393.053,0.008,-192.454
1555.5,62.74,85.0,0.0,-1.9,5,391.749,-0.003,-194.593
1555.5,62.97,85.0,0.0,-1.5,5,389.806,-0.017,-197.825
1555.5,63.12,85.1,0.0,-1.3,5,388.521,-0.025,-199.994
1568.0,63.36,85.1,0.0,-1.2,5,386.603,-0.036,-203.268
1568.0,63.51,85.1,0.0,-1.1,5,385.330,-0.041,-205.463
1568.0,63.74,85.2,0.0,-1.1,5,383.430,-0.046,-208.773
1568.0,63.97,85.2,0.0,-0.6,5,381.537,-0.051,-212.104
1580.8,64.13,85.2,0.0,-0.5,5,380.279,-0.054,-214.335
1580.8,64.35,85.2,0.0,-0.8,5,378.396,-0.058,-217.697
1580.8,64.51,85.3,0.0,-0.9,5,377.142,-0.061,-219.949
1580.8,64.73,85.3,0.0,-0.9,5,375.264,-0.063,-223.340
1593.6,64.87,85.3,0.0,-0.8,5,374.015,-0.064,-225.611
1593.6,65.09,85.4,0.0,-0.7,5,372.144,-0.065,-229.031
1593.6,65.24,85.4,0.0,-0.6,5,370.899,-0.066,-231.321
1593.6,65.46,85.4,0.0,-0.6,5,369.035,-0.069,-234.770
1606.7,65.61,85.4,0.0,-0.6,5,367.794,-0.073,-237.078
1606.7,65.82,85.5,0.0,-0.7,5,365.935,-0.082,-240.555
1606.7,65.96,85.5,0.0,-0.8,5,364.698,-0.088,-242.882
1606.7,66.17,85.5,0.0,-0.8,5,362.845,-0.099,-246.385
1619.8,66.32,85.5,0.0,-0.8,5,361.611,-0.108,-248.730
1619.8,66.53,85.6,0.0,-0.8,5,359.765,-0.122,-252.261
1619.8,66.73,85.6,0.0,-0.8,5,357.923,-0.137,-255.809
1619.8,66.87,85.6,0.0,-0.8,5,356.699,-0.147,-258.184
1633.2,67.08,85.7,0.0,-0.6,5,354.866,-0.163,-261.760
1633.2,67.22,85.7,0.0,-0.6,5,353.648,-0.173,-264.154
1633.2,67.42,85.7,0.0,-0.5,5,351.824,-0.189,-267.757
1633.2,67.56,85.8,0.0,-0.5,5,350.611,-0.200,-270.168
1646.6,67.76,85.8,0.0,-0.4,5,348.794,-0.217,-273.798
1646.6,67.89,85.8,0.0,-0.5,5,347.584,-0.227,-276.226
1646.6,68.09,85.9,0.0,-0.3,5,345.771,-0.244,-279.880
1646.6,68.22,85.9,0.0,-0.3,5,344.563,-0.256,-282.324
1660.2,68.42,85.9,0.0,-0.2,5,342.751,-0.275,-286.000
1660.2,68.55,85.9,0.0,-0.1,5,341.542,-0.289,-288.459
1660.2,68.75,85.9,0.0,-0.1,5,339.730,-0.311,-292.157
1660.2,68.88,85.9,0.0,-0.0,5,338.520,-0.326,-294.629
1674.0,69.07,86.0,0.0,-0.0,5,336.704,-0.348,-298.347
1674.0,69.19,86.1,0.0,-0.0,5,335.491,-0.366,-300.832
1674.0,69.38,86.0,0.0,0.0,5,333.669,-0.395,-304.568
1674.0,69.56,86.1,0.0,0.0,5,331.843,-0.416,-308.314
1687.8,69.69,86.1,0.0,-0.0,5,330.623,-0.429,-310.818
1687.8,69.89,86.1,0.0,-0.1,5,328.789,-0.452,-314.582
1687.8,70.00,86.1,0.0,-0.1,5,327.564,-0.470,-317.097
1687.8,70.18,86.1,0.0,-0.1,5,325.723,-0.495,-320.877
1701.8,70.30,86.2,0.0,-0.1,5,324.493,-0.511,-323.403
1701.8,70.48,86.2,0.0,-0.0,5,322.645,-0.534,-327.200
1701.8,70.60,86.2,0.0,0.0,5,321.410,-0.550,-329.737
1701.8,70.69,0.0,0.0,-0.0,0,319.556,-0.574,-333.551
1715.9,70.63,85.0,0.0,-0.1,6,318.321,-0.590,-336.092
1715.9,70.79,85.0,0.0,-0.1,6,316.467,-0.615,-339.908
1715.9,70.90,85.0,0.0,-0.1,6,315.230,-0.631,-342.457
1715.9,71.07,85.0,0.0,-0.1,6,313.370,-0.656,-346.289
1730.1,71.18,85.1,0.0,-0.1,6,312.129,-0.672,-348.848
1730.1,71.35,85.1,0.0,-0.1,6,310.264,-0.697,-352.696
1730.1,71.51,85.1,0.0,-0.1,6,308.397,-0.722,-356.552
1730.1,71.62,85.1,0.0,-0.1,6,307.150,-0.740,-359.129
1744.3,71.78,85.2,0.0,-0.1,6,305.277,-0.768,-363.001
1744.3,71.88,85.2,0.0,-0.1,6,304.027,-0.787,-365.588
1744.3,72.05,85.2,0.0,-0.1,6,302.150,-0.818,-369.476
1744.3,72.15,85.2,0.0,-0.1,6,300.896,-0.839,-372.073
1758.7,72.30,85.2,0.0,-0.1,6,299.014,-0.870,-375.976
1758.7,72.41,85.2,0.0,-0.1,6,297.758,-0.891,-378.583
1758.7,72.57,85.3,0.0,-0.1,6,295.870,-0.926,-382.501
1758.7,72.67,85.3,0.0,-0.1,6,294.611,-0.948,-385.118
1773.2,72.82,85.3,0.0,-0.1,6,292.718,-0.981,-389.051
1773.2,72.93,85.3,0.0,-0.1,6,291.455,-1.002,-391.678
1773.2,73.08,85.3,0.0,-0.0,6,289.557,-1.035,-395.625
1773.2,73.18,85.4,0.0,0.0,6,288.290,-1.057,-398.261
1787.8,73.33,85.4,0.0,0.1,6,286.387,-1.091,-402.222
1787.8,73.48,85.4,0.0,0.1,6,284.479,-1.127,-406.192
1787.8,73.57,85.4,0.0,0.1,6,283.205,-1.148,-408.842
1802.5,73.72,85.5,0.0,0.1,6,281.289,-1.174,-412.824
1802.5,73.82,85.5,0.0,0.1,6,280.010,-1.193,-415.482
1802.5,73.97,85.5,0.0,0.1,6,278.086,-1.222,-419.476
1802.5,74.06,85.5,0.0,0.1,6,276.800,-1.240,-422.143
1817.3,74.21,85.5,0.0,0.1,6,274.868,-1.269,-426.149
1817.3,74.31,85.5,0.0,0.1,6,273.576,-1.289,-428.823
1817.3,74.45,85.5,0.0,0.2,6,271.633,-1.319,-432.840
1817.3,74.54,85.5,0.0,0.2,6,270.335,-1.340,-435.522
1832.2,74.68,85.6,0.0,0.2,6,268.382,-1.370,-439.550
1832.2,74.77,85.6,0.0,0.2,6,267.076,-1.390,-442.238
1832.2,74.91,85.6,0.0,0.2,6,265.112,-1.421,-446.276
1832.2,75.00,85.6,0.0,0.3,6,263.798,-1.440,-448.970
1847.1,75.14,85.6,0.0,0.3,6,261.822,-1.468,-453.017
1847.1,75.27,85.7,0.0,0.3,6,259.838,-1.495,-457.070
1847.1,75.36,85.7,0.0,0.2,6,258.511,-1.512,-459.774
1847.1,75.50,85.7,0.0,0.2,6,256.513,-1.538,-463.835
1862.2,75.59,85.7,0.0,0.2,6,255.177,-1.557,-466.545
1862.2,75.72,85.7,0.0,0.3,6,253.166,-1.584,-470.613
1862.2,75.80,85.8,0.0,0.3,6,251.821,-1.602,-473.328
1862.2,75.93,85.7,0.0,0.3,6,249.796,-1.629,-477.405
1877.4,76.02,85.8,0.0,0.2,6,248.441,-1.647,-480.125
1877.4,76.15,85.8,0.0,0.2,6,246.402,-1.672,-484.209
1877.4,76.23,85.8,0.0,0.2,6,245.038,-1.688,-486.934
1877.4,76.36,85.8,0.0,0.2,6,242.986,-1.712,-491.026
1892.6,76.44,85.8,0.0,0.2,6,241.614,-1.727,-493.756
1892.6,76.57,85.9,0.0,0.1,6,239.549,-1.750,-497.856
1892.6,76.65,85.9,0.0,0.2,6,238.169,-1.764,-500.592
1892.6,76.78,85.9,0.0,0.1,6,236.092,-1.788,-504.700
1907.9,76.90,85.9,0.0,0.1,6,234.009,-1.812,-508.812
1907.9,76.98,85.9,0.0,0.1,6,232.617,-1.827,-511.557
1907.9,77.10,85.9,0.0,0.2,6,230.523,-1.851,-515.678
1907.9,77.18,85.9,0.0,0.1,6,229.124,-1.867,-518.428
1923.4,77.31,85.9,0.0,0.1,6,227.020,-1.892,-522.557
1923.4,77.38,85.9,0.0,0.1,6,225.614,-1.909,-525.312
1923.4,77.49,86.0,0.0,0.0,6,223.499,-1.933,-529.450
1923.4,77.57,86.0,0.0,-0.1,6,222.087,-1.947,-532.211
1938.8,77.69,86.0,0.0,-0.1,6,219.964,-1.969,-536.356
1938.8,77.77,86.0,0.0,-0.1,6,218.547,-1.984,-539.124
1938.8,77.89,86.0,0.0,-0.2,6,216.420,-2.013,-543.280
1938.8,77.97,86.0,0.0,-0.3,6,215.000,-2.036,-546.055
1954.4,78.08,86.0,0.0,-0.4,6,212.870,-2.075,-550.224
1954.4,78.16,86.0,0.0,-0.4,6,211.451,-2.103,-553.008
1954.4,78.27,86.0,0.0,-0.4,6,209.322,-2.148,-557.190
1954.4,78.34,86.1,0.0,-0.4,6,207.904,-2.178,-559.982
1970.1,78.45,86.1,0.0,-0.3,6,205.780,-2.227,-564.178
1970.1,78.56,86.1,0.0,-0.3,6,203.658,-2.278,-568.383
1970.1,78.64,86.1,0.0,-0.3,6,202.245,-2.312,-571.191
1970.1,78.75,86.1,0.0,-0.4,6,200.130,-2.364,-575.412
1985.8,78.81,86.1,0.0,-0.4,6,198.721,-2.399,-578.230
1985.8,78.92,86.1,0.0,-0.3,6,196.611,-2.453,-582.465
1985.8,79.00,86.1,0.0,-0.2,6,195.207,-2.490,-585.294
1985.8,79.10,86.1,0.0,-0.1,6,193.102,-2.544,-589.544
2001.6,79.16,86.2,0.0,-0.0,6,191.701,-2.578,-592.381
2017.4,79.47,85.2,0.0,0.6,7,180.476,-2.877,-615.149
2017.4,79.54,85.2,0.0,0.7,7,179.062,-2.912,-617.997
2033.3,79.63,85.2,0.0,0.8,7,176.930,-2.965,-622.269
2033.3,79.69,85.2,0.0,0.7,7,175.502,-2.997,-625.117
2033.3,79.79,85.2,0.0,0.7,7,173.346,-3.039,-629.388
2033.3,79.85,85.2,0.0,0.6,7,171.901,-3.065,-632.234
2049.2,79.94,85.2,0.0,0.6,7,169.720,-3.103,-636.503
2049.2,80.00,85.2,0.0,0.6,7,168.257,-3.127,-639.348
2049.2,80.09,85.2,0.0,0.5,7,166.051,-3.160,-643.614
2049.2,80.15,85.2,0.0,0.5,7,164.573,-3.179,-646.457
2065.2,80.24,85.2,0.0,0.4,7,162.343,-3.205,-650.721
2065.2,80.30,85.3,0.0,0.4,7,160.850,-3.218,-653.563
2065.2,80.38,85.3,0.0,0.3,7,158.599,-3.234,-657.825
2081.2,80.47,85.3,0.0,0.4,7,156.337,-3.245,-662.087
2081.2,80.53,85.3,0.0,1.1,7,154.822,-3.250,-664.928
2081.2,80.61,85.3,0.0,1.2,7,152.541,-3.253,-669.189
2081.2,80.66,85.3,0.0,1.5,7,151.012,-3.253,-672.029
2097.3,80.75,85.3,0.0,1.5,7,148.703,-3.248,-676.286
2097.3,80.80,85.3,0.0,1.2,7,147.151,-3.243,-679.119
2097.3,80.88,85.3,0.0,0.7,7,144.803,-3.232,-683.363
2097.3,80.93,85.3,0.0,0.2,7,143.225,-3.222,-686.188
2113.5,81.01,85.3,0.0,0.6,7,140.840,-3.203,-690.420
2113.5,81.06,85.3,0.0,0.8,7,139.241,-3.188,-693.239
2113.5,81.13,85.4,0.0,0.6,7,136.828,-3.160,-697.464
2113.5,81.18,85.4,0.0,0.6,7,135.212,-3.138,-700.279
2129.6,81.26,85.4,0.0,0.4,7,132.776,-3.103,-704.499
2129.6,81.30,85.4,0.0,0.4,7,131.144,-3.076,-707.312
2129.6,81.38,85.4,0.0,0.8,7,128.688,-3.034,-711.528
2129.6,81.45,85.4,0.0,1.2,7,126.218,-2.984,-715.743
2145.9,81.49,85.4,0.0,1.4,7,124.564,-2.947,-718.550
2145.9,81.56,85.4,0.0,1.5,7,122.068,-2.886,-722.756
2145.9,81.61,85.4,0.0,1.7,7,120.392,-2.842,-725.556
2145.9,81.58,32.1,10.4,1.0,7,117.859,-2.771,-729.746
2162.1,81.23,0.0,57.9,1.2,7,116.162,-2.719,-732.527
2162.1,80.11,0.0,83.8,1.1,7,113.621,-2.633,-736.651
2162.1,79.23,0.0,89.5,0.9,7,111.938,-2.574,-739.359
2162.1,77.83,0.0,91.7,0.6,7,109.434,-2.481,-743.352
2177.9,76.88,0.0,91.9,0.6,7,107.779,-2.418,-745.968
2177.9,75.46,0.0,91.8,0.9,7,105.319,-2.325,-749.822
2177.9,74.54,0.0,92.9,1.5,7,103.694,-2.262,-752.345
2177.9,73.11,0.0,91.4,1.9,7,101.277,-2.171,-756.059
2192.8,72.20,0.0,93.0,2.2,7,99.679,-2.111,-758.488
2192.8,70.80,29.8,93.8,1.6,0,97.301,-2.033,-762.063
2192.8,69.85,0.0,92.0,0.3,6,95.726,-1.983,-764.395
2192.8,68.46,0.0,91.9,0.0,6,93.373,-1.903,-767.815
2206.8,67.09,0.0,92.8,0.6,6,91.039,-1.825,-771.147
2206.8,66.15,0.0,91.9,0.9,6,89.494,-1.775,-773.320
2206.8,64.77,0.0,91.3,1.8,6,87.195,-1.698,-776.507
2206.8,63.88,0.0,91.8,1.8,6,85.675,-1.648,-778.584
2219.8,62.52,0.0,91.3,1.4,6,83.414,-1.575,-781.630
2219.8,61.63,29.2,91.2,1.7,0,81.920,-1.528,-783.615
2219.8,60.30,0.0,92.0,1.5,5,79.697,-1.461,-786.523
2219.8,59.39,0.0,91.2,1.8,5,78.228,-1.419,-788.415
2231.8,58.05,0.0,90.8,2.2,5,76.043,-1.357,-791.182
2231.8,57.17,0.0,91.0,2.7,5,74.598,-1.318,-792.978
2231.8,55.84,0.0,90.6,3.0,5,72.446,-1.262,-795.601
2231.8,54.96,0.0,86.0,2.9,5,71.021,-1.226,-797.300
2243.0,53.74,31.7,76.5,2.3,0,68.896,-1.173,-799.775
2243.0,53.01,0.0,59.2,1.9,4,67.483,-1.138,-801.377
2243.0,52.13,0.0,31.9,1.1,4,65.362,-1.087,-803.712
2243.0,51.57,0.0,19.8,2.1,4,63.225,-1.035,-805.971
2253.4,51.27,0.0,16.4,4.3,4,61.785,-1.001,-807.441
2253.4,50.89,0.0,12.7,8.5,4,59.603,-0.949,-809.593
2253.4,50.66,0.0,11.4,10.2,4,58.132,-0.915,-810.994
2253.4,50.34,0.0,9.2,12.1,4,55.904,-0.862,-813.047
2263.5,50.14,0.0,8.7,12.2,4,54.402,-0.827,-814.382
2263.5,49.85,0.0,7.5,12.4,4,52.124,-0.775,-816.333
2263.5,49.65,0.0,6.3,12.3,4,50.587,-0.741,-817.598
2263.5,49.38,0.0,3.8,11.9,4,48.254,-0.691,-819.437
2273.4,49.21,0.0,2.9,11.9,4,46.680,-0.657,-820.623
2273.4,48.97,0.0,0.3,12.5,4,44.290,-0.607,-822.344
2273.4,48.83,1.1,0.0,13.2,4,42.678,-0.574,-823.452
2273.4,48.64,8.4,0.0,14.1,4,40.232,-0.526,-825.054
2283.2,48.52,6.6,0.0,14.8,4,38.582,-0.493,-826.081
2283.2,48.35,9.1,0.0,15.5,4,36.081,-0.444,-827.559
2283.2,48.22,5.1,0.0,16.1,4,34.396,-0.411,-828.504
2283.2,48.04,6.7,0.0,16.6,4,31.846,-0.362,-829.858
2293.1,47.91,2.1,0.0,16.8,4,30.131,-0.330,-830.719
2293.1,47.71,7.1,0.0,16.9,4,27.538,-0.281,-831.946
2293.1,47.53,8.0,0.0,16.4,4,24.922,-0.233,-833.094
2293.1,47.41,8.9,0.0,16.1,4,23.166,-0.200,-833.815
2303.1,47.23,6.7,0.0,15.7,4,20.514,-0.149,-834.829
2303.1,47.10,5.9,0.0,16.1,4,18.736,-0.116,-835.460
2303.1,46.90,2.8,0.0,17.1,4,16.058,-0.067,-836.344
2303.1,46.77,5.4,0.0,17.6,4,14.266,-0.036,-836.891
2312.9,46.58,6.5,0.0,17.5,4,11.569,0.010,-837.644
2312.9,46.46,7.2,0.0,17.0,4,9.765,0.041,-838.100
2312.9,46.26,1.2,0.0,16.1,4,7.052,0.090,-838.716
2312.9,46.13,4.2,0.0,15.5,4,5.241,0.123,-839.082
2322.6,45.94,0.9,0.2,14.5,4,2.522,0.171,-839.566
2322.6,45.81,2.6,0.0,14.0,4,0.708,0.202,-839.845
2322.6,45.61,0.2,0.4,14.2,4,-2.011,0.247,-840.200
2322.6,45.48,1.9,0.0,14.1,4,-3.823,0.277,-840.393
2332.3,45.28,0.9,0.2,12.5,4,-6.536,0.319,-840.621
2332.3,45.10,2.3,0.2,11.4,4,-9.243,0.360,-840.774
2332.3,44.98,0.3,0.4,11.4,4,-11.044,0.386,-840.836
2341.8,44.87,34.7,0.0,11.5,4,-13.738,0.425,-840.870
2341.8,44.95,61.6,0.0,11.6,4,-15.533,0.448,-840.856
2341.8,45.10,31.1,24.1,12.0,4,-18.234,0.483,-840.780
2341.8,44.87,0.0,26.0,12.8,4,-20.033,0.504,-840.694
2351.4,44.35,0.0,13.1,12.9,4,-22.704,0.533,-840.515
2351.4,44.15,10.9,0.5,11.9,4,-24.467,0.551,-840.364
2351.4,44.24,79.1,0.0,11.1,4,-27.101,0.574,-840.082
2351.4,44.43,82.0,0.0,11.3,4,-28.860,0.588,-839.859
2360.9,44.73,81.7,0.0,12.4,4,-31.506,0.607,-839.471
2360.9,44.92,82.1,0.0,13.3,4,-33.274,0.618,-839.176
2360.9,45.22,82.6,0.0,14.7,4,-35.931,0.635,-838.676
2360.9,45.41,82.6,0.0,15.1,4,-37.705,0.646,-838.305
2370.5,45.71,82.5,0.0,15.3,4,-40.367,0.663,-837.690
2370.5,45.98,77.3,0.0,15.3,4,-43.031,0.679,-837.005
2370.5,46.14,73.5,0.0,15.3,4,-44.805,0.689,-836.509
2370.5,46.38,75.3,0.0,15.8,4,-47.462,0.702,-835.707
2380.2,46.54,78.4,0.0,16.4,4,-49.229,0.709,-835.134
2380.2,46.80,79.0,0.0,16.1,4,-51.872,0.719,-834.211
2380.2,46.97,79.8,0.0,16.3,4,-53.629,0.726,-833.554
2380.2,47.24,80.7,0.0,16.7,4,-56.254,0.735,-832.508
2390.1,47.42,82.3,0.0,17.0,4,-57.997,0.740,-831.770
2390.1,47.71,83.4,0.0,17.3,4,-60.602,0.744,-830.605
2390.1,47.90,83.5,0.0,17.6,4,-62.330,0.745,-829.788
2390.1,48.17,83.6,0.0,17.8,4,-64.908,0.745,-828.501
2399.9,48.36,83.7,0.0,18.3,4,-66.616,0.744,-827.601
2399.9,48.63,81.2,0.0,19.2,4,-69.160,0.741,-826.191
2399.9,48.80,78.0,0.0,19.6,4,-70.844,0.737,-825.211
2399.9,49.04,79.7,0.0,20.4,4,-73.348,0.730,-823.680
2409.7,49.29,83.6,0.0,21.1,4,-75.824,0.722,-822.078
2409.7,49.47,83.5,0.0,21.0,4,-77.458,0.715,-820.969
2409.7,49.73,81.8,0.0,21.3,4,-79.885,0.704,-819.246
2409.7,49.88,72.1,0.0,21.4,4,-81.484,0.695,-818.059
2419.5,50.03,60.9,0.0,21.8,4,-83.851,0.680,-816.220
2419.5,50.13,68.6,0.0,22.4,4,-85.405,0.669,-814.956
2419.5,50.31,48.5,0.0,23.4,4,-87.703,0.651,-813.007
2419.5,50.26,12.0,0.0,23.8,4,-89.209,0.637,-811.673
2429.3,50.09,11.8,0.0,25.9,4,-91.418,0.615,-809.628
2429.3,49.97,11.8,0.0,26.1,4,-92.857,0.598,-808.237
2429.3,49.80,11.7,0.0,23.9,4,-94.963,0.572,-806.109
2429.3,49.72,42.0,0.0,21.8,4,-96.329,0.555,-804.662
2439.1,49.90,83.3,0.0,21.1,4,-98.331,0.529,-802.445
2439.1,50.09,84.2,0.0,20.1,4,-99.638,0.511,-800.933
2439.1,50.36,84.2,0.0,18.6,4,-101.559,0.481,-798.612
2439.1,50.64,84.3,0.0,17.1,4,-103.430,0.450,-796.230
2448.7,50.82,84.4,0.0,16.7,4,-104.649,0.427,-794.608
2448.7,51.10,84.4,0.0,15.8,4,-106.435,0.391,-792.128
2448.7,51.30,84.4,0.0,15.1,4,-107.598,0.365,-790.442
2448.7,51.56,84.5,0.0,14.6,4,-109.300,0.323,-787.869
2458.6,51.75,84.6,0.0,14.1,4,-110.408,0.292,-786.125
2458.6,52.02,84.9,0.0,8.3,4,-112.031,0.239,-783.471
2458.6,52.22,84.8,0.0,3.3,4,-113.087,0.198,-781.674
2458.6,52.50,84.8,0.0,-1.7,4,-114.623,0.137,-778.935
2468.8,52.66,85.3,0.0,-3.7,4,-115.618,0.095,-777.084
2468.8,52.99,84.9,0.0,-4.7,4,-117.074,0.031,-774.270
2468.8,53.20,84.9,0.0,-3.0,4,-118.022,-0.015,-772.370
2468.8,53.55,84.8,0.0,-2.8,4,-119.424,-0.095,-769.491
2479.4,53.81,84.8,0.0,-1.8,4,-120.354,-0.153,-767.557
2479.4,54.12,85.0,0.0,-0.8,4,-121.750,-0.238,-764.638
2479.4,54.46,85.0,0.0,-0.2,4,-123.158,-0.324,-761.703
2479.4,54.66,85.2,0.0,-0.7,4,-124.106,-0.383,-759.739
2490.4,55.01,85.2,0.0,-2.1,4,-125.542,-0.481,-756.781
2490.4,55.22,85.2,0.0,-3.0,4,-126.509,-0.551,-754.801
2490.4,55.56,85.3,0.0,-2.4,4,-127.980,-0.656,-751.824
2490.4,55.77,85.3,0.0,-2.3,4,-128.977,-0.724,-749.835
2501.7,56.09,85.4,0.0,-2.6,4,-130.498,-0.824,-746.846
2501.7,56.31,85.4,0.0,-2.9,4,-131.529,-0.893,-744.850
2501.7,56.62,85.4,0.0,-2.8,4,-133.101,-0.998,-741.852
2501.7,56.82,85.4,0.0,-3.0,4,-134.169,-1.067,-739.851
2513.2,57.14,85.4,0.0,-2.8,4,-135.797,-1.172,-736.848
2513.2,57.34,85.5,0.0,-1.8,4,-136.902,-1.244,-734.844
2513.2,57.65,85.6,0.0,-1.4,4,-138.583,-1.363,-731.835
2513.2,57.86,85.6,0.0,-0.8,4,-139.721,-1.448,-729.826
2525.0,58.15,85.7,0.0,-1.7,4,-141.454,-1.580,-726.811
2525.0,58.35,85.8,0.0,-2.2,4,-142.626,-1.670,-724.799
2525.0,58.68,85.8,0.0,-2.6,4,-144.407,-1.814,-721.777
2536.8,58.98,85.8,0.0,-2.2,4,-146.222,-1.962,-718.754
2536.8,59.18,85.9,0.0,-1.5,4,-147.450,-2.061,-716.737
2536.8,59.48,85.9,0.0,-1.5,4,-149.317,-2.209,-713.712
2536.8,59.68,86.0,0.0,-2.2,4,-150.579,-2.309,-711.693
2548.8,59.97,86.0,0.0,-2.7,4,-152.495,-2.460,-708.662
2548.8,60.16,86.0,0.0,-2.5,4,-153.790,-2.560,-706.641
2548.8,60.44,86.1,0.0,-1.9,4,-155.759,-2.703,-703.610
2548.8,60.63,86.1,0.0,-1.7,4,-157.091,-2.795,-701.590
2561.0,60.82,0.0,0.0,-1.7,0,-159.113,-2.931,-698.560
2561.0,60.79,84.6,0.0,-1.6,5,-160.473,-3.020,-696.547
2561.0,61.06,84.7,0.0,-1.6,5,-162.532,-3.151,-693.530
2561.0,61.23,84.7,0.0,-1.1,5,-163.920,-3.235,-691.518
2573.3,61.49,84.7,0.0,-0.6,5,-166.021,-3.354,-688.499
2573.3,61.65,84.8,0.0,-0.6,5,-167.435,-3.428,-686.484
2573.3,61.91,84.8,0.0,-0.7,5,-169.571,-3.531,-683.457
2573.3,62.16,84.9,0.0,-0.8,5,-171.726,-3.623,-680.423
2585.8,62.33,84.9,0.0,-0.8,5,-173.172,-3.679,-678.398
2585.8,62.57,85.0,0.0,-0.7,5,-175.357,-3.751,-675.355
2585.8,62.73,85.0,0.0,-0.6,5,-176.823,-3.790,-673.323
2585.8,62.98,85.0,0.0,-0.6,5,-179.037,-3.838,-670.271
2598.4,63.14,85.1,0.0,-0.6,5,-180.522,-3.864,-668.233
2598.4,63.38,85.1,0.0,-0.6,5,-182.764,-3.897,-665.170
2598.4,63.54,85.1,0.0,-0.6,5,-184.268,-3.915,-663.126
2598.4,63.78,85.2,0.0,-0.6,5,-186.536,-3.941,-660.053
2611.1,63.94,85.2,0.0,-0.6,5,-188.057,-3.957,-658.001
2611.1,64.17,85.2,0.0,-0.6,5,-190.352,-3.978,-654.919
2611.1,64.32,85.2,0.0,-0.6,5,-191.890,-3.991,-652.861
2611.1,64.55,85.3,0.0,-0.5,5,-194.211,-4.007,-649.769
2624.0,64.70,85.3,0.0,-0.6,5,-195.766,-4.015,-647.705
2624.0,64.92,85.4,0.0,-0.6,5,-198.112,-4.024,-644.604
2624.0,65.14,85.4,0.0,-0.6,5,-200.472,-4.029,-641.498
2624.0,65.29,85.4,0.0,-0.6,5,-202.054,-4.031,-639.424
2636.9,65.50,85.4,0.0,-0.5,5,-204.439,-4.029,-636.309
2636.9,65.65,85.4,0.0,-0.6,5,-206.037,-4.025,-634.229
2636.9,65.86,85.5,0.0,-0.8,5,-208.447,-4.011,-631.106
2636.9,66.00,85.5,0.0,-0.8,5,-210.061,-3.999,-629.021
2650.0,66.21,85.5,0.0,-0.9,5,-212.496,-3.976,-625.891
2650.0,66.35,85.6,0.0,-1.0,5,-214.128,-3.961,-623.802
2650.0,66.56,85.6,0.0,-1.2,5,-216.591,-3.938,-620.667
2650.0,66.69,85.6,0.0,-1.3,5,-218.243,-3.922,-618.577
2663.3,66.90,85.6,0.0,-1.5,5,-220.739,-3.901,-615.441
2663.3,67.03,85.7,0.0,-1.0,5,-222.414,-3.888,-613.352
2663.3,67.24,85.7,0.0,-1.1,5,-224.945,-3.874,-610.218
2663.3,67.38,85.7,0.0,-1.1,5,-226.643,-3.868,-608.130
2676.7,67.57,85.7,0.0,-1.1,5,-229.208,-3.864,-604.998
2676.7,67.77,83.7,0.0,-0.8,5,-231.793,-3.866,-601.867
2676.7,67.86,67.2,2.0,-0.7,5,-233.527,-3.871,-599.781
2676.7,67.48,0.0,67.1,-0.8,5,-236.135,-3.882,-596.662
2690.3,66.78,0.0,80.2,-0.8,5,-237.864,-3.894,-594.604
2690.3,65.54,0.0,87.5,-0.4,5,-240.427,-3.916,-591.569
2690.3,64.68,0.0,89.3,-0.1,5,-242.113,-3.933,-589.582
2690.3,63.35,0.0,90.5,0.3,5,-244.607,-3.962,-586.657
2703.3,62.47,0.0,91.1,0.3,5,-246.246,-3.984,-584.745
2703.3,61.14,0.0,91.3,0.0,5,-248.666,-4.021,-581.931
2703.3,60.25,0.0,91.1,-0.1,5,-250.253,-4.047,-580.092
2703.3,58.94,0.0,91.4,-0.1,5,-252.596,-4.087,-577.388
2715.5,58.05,0.0,91.1,-0.0,5,-254.132,-4.114,-575.621
2715.5,56.75,0.0,91.4,-0.1,5,-256.397,-4.155,-573.023
2715.5,55.44,0.0,91.3,-0.0,5,-258.615,-4.196,-570.489
2726.8,54.15,0.0,91.8,-0.4,5,-260.786,-4.235,-568.017
2726.8,53.29,31.9,91.7,-0.5,0,-262.208,-4.263,-566.404
2726.8,52.00,0.0,92.5,-1.0,4,-264.303,-4.304,-564.036
2726.8,51.14,0.0,92.2,-1.1,4,-265.674,-4.331,-562.493
2737.2,49.85,0.0,92.3,-1.6,4,-267.694,-4.373,-560.231
2737.2,48.98,0.0,91.5,-1.8,4,-269.016,-4.400,-558.760
2737.2,47.69,0.0,91.2,-2.0,4,-270.965,-4.438,-556.609
2737.2,46.84,0.0,91.2,-2.1,4,-272.242,-4.463,-555.213
2746.7,45.57,0.0,91.8,-1.9,4,-274.125,-4.498,-553.175
2746.7,44.31,37.6,92.1,-2.2,0,-275.970,-4.531,-551.206
2746.7,43.48,0.0,93.2,-2.4,3,-277.180,-4.553,-549.931
2746.7,42.22,0.0,92.9,-2.3,3,-278.966,-4.585,-548.078
2755.4,41.39,0.0,92.7,-2.0,3,-280.136,-4.607,-546.881
2755.4,40.13,0.0,90.6,-0.8,3,-281.862,-4.637,-545.146
2755.4,39.31,0.0,88.6,0.3,3,-282.995,-4.655,-544.030
2755.4,38.14,37.3,79.8,1.4,0,-284.667,-4.682,-542.415
2763.3,37.44,0.0,75.4,1.9,2,-285.767,-4.699,-541.377
2763.3,36.38,0.0,71.1,2.7,2,-287.400,-4.724,-539.877
2763.3,35.71,0.0,68.4,1.8,2,-288.475,-4.741,-538.914
2763.3,34.73,0.0,65.5,0.7,2,-290.072,-4.765,-537.527
2770.4,34.08,0.0,66.3,0.1,2,-291.126,-4.780,-536.640
2770.4,33.13,0.0,67.3,-1.0,2,-292.691,-4.802,-535.366
2770.4,32.49,0.0,67.2,-1.9,2,-293.723,-4.816,-534.554
2770.4,31.55,0.0,60.8,-3.1,2,-295.253,-4.836,-533.389
2776.8,30.97,0.0,54.2,-2.5,2,-296.262,-4.849,-532.649
2776.8,30.16,0.0,46.9,-0.9,2,-297.761,-4.867,-531.591
2776.8,29.46,0.0,44.1,-6.8,2,-299.246,-4.883,-530.592
2776.8,29.03,37.9,43.0,-12.6,0,-300.229,-4.893,-529.957
2782.5,28.40,0.0,42.3,-16.8,1,-301.697,-4.907,-529.053
2782.5,27.96,0.0,44.7,-14.7,1,-302.670,-4.915,-528.481
2782.5,27.29,0.0,41.3,-11.1,1,-304.116,-4.927,-527.669
2782.5,26.86,0.0,37.6,-9.5,1,-305.070,-4.934,-527.156
2787.8,26.29,0.0,31.2,-8.6,1,-306.489,-4.943,-526.426
2787.8,25.94,0.0,31.4,-9.6,1,-307.426,-4.949,-525.963
2787.8,25.46,0.0,23.1,-12.8,1,-308.820,-4.956,-525.303
2787.8,25.20,0.0,17.2,-15.3,1,-309.743,-4.960,-524.885
2792.9,24.88,0.0,14.7,-18.9,1,-311.125,-4.965,-524.295
2792.9,24.69,0.0,12.8,-23.1,1,-312.045,-4.967,-523.925
2792.9,24.41,0.0,11.2,-27.4,1,-313.426,-4.968,-523.410
2792.9,24.22,0.0,12.9,-27.5,1,-314.347,-4.968,-523.096
2798.5,23.94,0.0,9.1,-27.9,1,-315.728,-4.967,-522.671
2798.5,23.69,0.0,9.1,-29.1,1,-317.109,-4.964,-522.304
2798.5,23.51,0.0,8.2,-32.8,1,-318.029,-4.960,-522.093
2798.5,23.27,6.8,0.7,-36.3,1,-319.408,-4.951,-521.830
2805.5,23.22,29.9,0.0,-35.9,1,-320.326,-4.945,-521.688
2805.5,23.42,31.5,0.0,-34.8,1,-321.715,-4.934,-521.525
2805.5,23.51,28.0,0.0,-30.2,1,-322.650,-4.927,-521.445
2805.5,23.69,37.0,0.0,-27.1,1,-324.063,-4.923,-521.365
2811.2,23.74,22.4,0.0,-25.4,1,-325.011,-4.923,-521.339
2811.2,23.65,0.8,7.5,-22.2,1,-326.433,-4.929,-521.343
2811.2,23.49,0.0,3.2,-21.2,1,-327.375,-4.932,-521.382
2811.2,23.23,3.5,0.0,-19.4,1,-328.771,-4.928,-521.500
2816.5,23.16,8.3,0.0,-18.9,1,-329.692,-4.921,-521.618
2816.5,23.07,10.8,0.0,-18.7,1,-331.060,-4.911,-521.846
2816.5,23.05,14.4,0.0,-20.7,1,-331.964,-4.904,-522.030
2816.5,23.11,34.9,0.0,-25.2,1,-333.309,-4.896,-522.353
2821.4,23.26,46.2,0.0,-27.3,1,-334.203,-4.889,-522.598
2821.4,23.59,58.4,0.0,-29.3,1,-335.545,-4.878,-523.010
2821.4,24.00,71.3,0.0,-30.8,1,-336.894,-4.865,-523.472
2821.4,24.35,78.0,0.0,-31.2,1,-337.800,-4.855,-523.810
2826.3,24.85,65.6,0.0,-29.1,1,-339.168,-4.839,-524.362
2826.3,25.13,59.3,0.0,-26.5,1,-340.083,-4.826,-524.762
2826.3,25.54,65.2,0.0,-24.6,1,-341.456,-4.807,-525.412
2826.3,25.81,58.5,0.0,-22.7,1,-342.370,-4.793,-525.879
2831.4,26.19,56.4,0.0,-18.0,1,-343.737,-4.771,-526.630
2831.4,26.45,60.5,0.0,-14.0,1,-344.645,-4.757,-527.162
2831.4,26.90,64.2,0.0,-6.9,1,-346.002,-4.735,-528.007
2831.4,27.24,75.9,0.0,-1.7,1,-346.907,-4.720,-528.600
2836.7,27.83,78.7,0.0,4.6,1,-348.272,-4.698,-529.528
2836.7,28.26,80.3,0.0,6.9,1,-349.191,-4.683,-530.168
2836.7,28.88,68.8,0.0,10.1,1,-350.591,-4.660,-531.157
2836.7,29.16,50.8,0.0,12.1,1,-351.539,-4.645,-531.826
2842.3,29.36,31.3,0.0,13.7,1,-352.984,-4.622,-532.824
2842.3,29.48,29.1,0.0,10.4,1,-354.453,-4.599,-533.801
2842.3,29.58,32.6,0.0,10.2,1,-355.446,-4.585,-534.441
2848.1,29.76,37.6,0.0,11.5,1,-356.956,-4.565,-535.383
2848.1,29.90,38.6,0.0,13.1,1,-357.977,-4.553,-535.998
2848.1,30.07,31.9,0.0,19.4,1,-359.534,-4.535,-536.900
2848.1,30.13,27.5,0.0,22.6,1,-360.588,-4.525,-537.481
2854.1,30.16,19.6,0.0,25.4,1,-362.192,-4.511,-538.318
2854.1,30.17,23.9,0.0,25.8,1,-363.275,-4.502,-538.848
2854.1,30.18,15.8,0.0,26.1,1,-364.923,-4.491,-539.600
2854.1,30.12,7.7,0.0,26.9,1,-366.034,-4.485,-540.069
2860.7,29.98,11.9,0.0,28.5,1,-367.715,-4.477,-540.722
2860.7,29.92,11.6,0.0,28.9,1,-368.844,-4.472,-541.121
2860.7,29.79,3.9,0.0,28.9,1,-370.551,-4.467,-541.666
2860.7,29.72,18.9,0.0,30.3,1,-371.695,-4.466,-541.995
2867.3,29.79,41.9,0.0,31.7,1,-373.424,-4.467,-542.437
2867.3,30.04,58.7,0.0,32.3,1,-375.176,-4.471,-542.820
2867.3,30.31,69.6,0.0,31.2,1,-376.362,-4.472,-543.042
2867.3,30.66,46.4,0.0,23.8,1,-378.167,-4.474,-543.326
2875.0,30.83,48.3,0.0,22.6,1,-379.387,-4.473,-543.480
2875.0,31.14,62.8,0.0,19.8,1,-381.236,-4.471,-543.656
2875.0,31.24,27.9,0.0,13.0,1,-382.481,-4.472,-543.742
2875.0,31.25,20.8,0.0,10.0,1,-384.355,-4.477,-543.818
2882.2,31.21,16.3,0.0,3.3,1,-385.604,-4.484,-543.833
2882.2,31.09,13.9,0.0,-7.6,1,-387.473,-4.490,-543.792
2882.2,31.00,13.0,0.0,-16.5,1,-388.713,-4.494,-543.724
2882.2,30.91,12.8,0.0,-26.4,1,-390.564,-4.496,-543.567
2890.0,30.85,14.7,0.0,-23.4,1,-391.791,-4.497,-543.434
2890.0,30.95,51.0,0.0,-5.7,1,-393.626,-4.499,-543.185
2890.0,31.20,57.6,0.0,7.4,1,-394.852,-4.501,-542.984
2890.0,31.58,59.8,0.0,24.3,1,-396.702,-4.502,-542.637
2896.5,31.94,61.3,0.0,33.8,1,-398.566,-4.502,-542.242
2896.5,32.17,63.6,0.0,36.6,1,-399.814,-4.502,-541.952
2896.5,32.54,63.2,0.0,36.2,1,-401.694,-4.505,-541.468
2896.5,32.75,53.0,0.0,35.4,1,-402.950,-4.510,-541.112
2902.9,32.95,43.0,0.0,33.7,1,-404.831,-4.519,-540.525
2902.9,33.01,28.7,0.0,32.0,1,-406.079,-4.527,-540.097
2902.9,33.04,26.3,0.0,30.1,1,-407.934,-4.543,-539.400
2902.9,33.00,15.5,0.0,29.2,1,-409.156,-4.555,-538.900
2909.2,32.94,32.9,0.0,27.9,1,-410.964,-4.576,-538.098
2909.2,32.98,35.7,0.0,26.9,1,-412.152,-4.591,-537.528
2909.2,33.08,44.9,0.0,26.5,1,-413.913,-4.617,-536.621
2909.2,33.20,50.6,0.0,28.3,1,-415.074,-4.635,-535.981
2915.4,33.41,50.1,0.0,26.0,1,-416.795,-4.664,-534.967
2915.4,33.66,60.7,0.0,26.2,1,-418.492,-4.692,-533.888
2915.4,34.00,66.9,0.0,26.2,1,-420.166,-4.721,-532.742
2915.4,34.24,69.1,0.0,25.4,1,-421.271,-4.740,-531.942
2921.8,34.35,0.0,0.0,23.5,0,-422.906,-4.767,-530.689
2921.8,34.47,80.1,0.0,22.8,2,-423.973,-4.786,-529.822
2921.8,34.94,82.7,0.0,19.0,2,-425.553,-4.811,-528.468
2921.8,35.26,81.4,0.0,15.5,2,-426.594,-4.826,-527.527
2928.6,35.74,79.9,0.0,10.5,2,-428.139,-4.848,-526.062
2928.6,36.03,79.2,0.0,6.2,2,-429.157,-4.862,-525.051
2928.6,36.48,70.1,0.0,-0.5,2,-430.666,-4.884,-523.486
2928.6,36.80,81.7,0.0,-1.5,2,-431.660,-4.898,-522.410
2935.7,37.33,85.1,0.0,-2.1,2,-433.139,-4.917,-520.752
2935.7,37.69,85.1,0.0,-0.7,2,-434.121,-4.930,-519.619
2935.7,38.22,85.3,0.0,2.3,2,-435.593,-4.948,-517.883
2935.7,38.58,85.3,0.0,4.6,2,-436.577,-4.961,-516.705
2943.1,39.08,85.5,0.0,7.3,2,-438.059,-4.979,-514.907
2943.1,39.43,85.4,0.0,8.2,2,-439.049,-4.992,-513.687
2943.1,39.94,83.0,0.0,8.7,2,-440.529,-5.010,-511.822
2950.8,40.35,80.9,0.0,8.0,2,-441.997,-5.026,-509.913
2950.8,40.67,82.7,0.0,7.3,2,-442.967,-5.038,-508.615
2950.8,41.13,85.8,0.0,6.0,2,-444.404,-5.054,-506.626
2950.8,41.44,86.1,0.0,5.4,2,-445.347,-5.063,-505.272
2958.9,41.58,0.0,0.0,5.0,0,-446.736,-5.071,-503.201
2958.9,41.69,84.3,0.0,5.0,3,-447.637,-5.077,-501.802
2958.9,42.10,84.4,0.0,5.6,3,-448.962,-5.085,-499.668
2958.9,42.38,84.6,0.0,6.0,3,-449.830,-5.090,-498.220
2967.0,42.75,84.8,0.0,7.4,3,-451.104,-5.095,-496.009
2967.0,43.03,84.7,0.0,7.9,3,-451.934,-5.097,-494.508
2967.0,43.43,84.7,0.0,8.6,3,-453.150,-5.099,-492.219
2967.0,43.69,84.9,0.0,8.4,3,-453.943,-5.102,-490.668
2975.3,44.11,85.1,0.0,7.3,3,-455.103,-5.112,-488.304
2975.3,44.39,85.0,0.0,6.8,3,-455.853,-5.119,-486.702
2975.3,44.75,85.2,0.0,8.2,3,-456.938,-5.126,-484.258
2975.3,45.17,85.2,0.0,9.9,3,-457.979,-5.137,-481.770
2984.1,45.44,85.2,0.0,10.9,3,-458.648,-5.147,-480.087
2984.1,45.84,85.3,0.0,12.3,3,-459.614,-5.165,-477.525
2984.1,46.09,85.3,0.0,13.2,3,-460.231,-5.179,-475.794
2984.1,46.47,85.4,0.0,13.4,3,-461.116,-5.204,-473.163
2993.0,46.71,85.5,0.0,12.9,3,-461.678,-5.222,-471.387
2993.0,47.09,85.6,0.0,12.3,3,-462.475,-5.252,-468.689
2993.0,47.33,85.7,0.0,11.9,3,-462.975,-5.274,-466.869
2993.0,47.69,85.7,0.0,11.4,3,-463.677,-5.309,-464.107
3002.2,47.93,85.8,0.0,11.3,3,-464.111,-5.333,-462.245
3002.2,48.28,85.9,0.0,11.5,3,-464.713,-5.372,-459.423
3002.2,48.52,85.9,0.0,11.4,3,-465.078,-5.400,-457.523
3002.2,48.86,86.0,0.0,10.1,3,-465.573,-5.441,-454.645
3011.7,49.09,86.0,0.0,8.5,3,-465.865,-5.469,-452.708
3011.7,49.45,86.0,0.0,8.8,3,-466.249,-5.510,-449.778
3011.7,49.81,86.1,0.0,10.7,3,-466.568,-5.550,-446.818
3011.7,50.04,86.1,0.0,12.2,3,-466.745,-5.577,-444.830
3021.4,50.38,86.2,0.0,14.2,3,-466.959,-5.617,-441.826
3021.4,50.49,0.0,0.0,14.8,0,-467.067,-5.644,-439.811
3021.4,50.54,84.2,0.0,14.2,4,-467.170,-5.684,-436.785
3021.4,50.73,84.3,0.0,13.7,4,-467.200,-5.710,-434.760
3031.5,51.02,84.4,0.0,12.7,4,-467.185,-5.750,-431.709
3041.9,52.35,84.7,0.0,9.7,4,-466.101,-5.903,-417.289
3041.9,52.64,84.8,0.0,9.9,4,-465.648,-5.927,-414.172
3053.1,52.92,84.9,0.0,10.4,4,-465.121,-5.947,-411.050
3053.1,53.12,84.9,0.0,10.7,4,-464.729,-5.960,-408.966
3053.1,53.39,85.1,0.0,11.4,4,-464.084,-5.981,-405.837
3053.1,53.60,84.9,0.0,11.7,4,-463.622,-6.002,-403.748
3064.8,53.89,85.0,0.0,12.0,4,-462.874,-6.039,-400.612
3064.8,54.06,85.1,0.0,12.3,4,-462.333,-6.064,-398.523
3064.8,54.32,85.1,0.0,11.9,4,-461.452,-6.098,-395.394
3064.8,54.50,85.1,0.0,11.7,4,-460.819,-6.116,-393.312
3075.9,54.76,85.2,0.0,11.0,4,-459.801,-6.140,-390.197
3075.9,54.94,85.2,0.0,10.4,4,-459.080,-6.153,-388.125
3075.9,55.22,85.3,0.0,9.0,4,-457.937,-6.172,-385.025
3075.9,55.40,85.3,0.0,8.1,4,-457.136,-6.185,-382.963
3086.9,55.69,85.3,0.0,6.8,4,-455.876,-6.204,-379.879
3086.9,55.88,85.3,0.0,6.3,4,-454.996,-6.215,-377.828
3086.9,56.16,85.4,0.0,6.1,4,-453.622,-6.227,-374.762
3086.9,56.45,85.4,0.0,6.5,4,-452.186,-6.237,-371.705
3098.0,56.64,85.4,0.0,6.3,4,-451.198,-6.244,-369.671
3098.0,56.93,85.5,0.0,5.8,4,-449.670,-6.257,-366.627
3098.0,57.11,85.6,0.0,5.5,4,-448.621,-6.266,-364.602
3098.0,57.40,85.6,0.0,5.2,4,-447.002,-6.280,-361.573
3109.2,57.58,85.6,0.0,5.5,4,-445.892,-6.289,-359.559
3109.2,57.87,85.7,0.0,5.7,4,-444.184,-6.302,-356.547
3109.2,58.04,85.7,0.0,5.7,4,-443.015,-6.311,-354.546
3109.2,58.32,85.8,0.0,5.6,4,-441.217,-6.321,-351.554
3120.6,58.50,85.8,0.0,5.9,4,-439.989,-6.327,-349.567
3120.6,58.77,85.9,0.0,5.6,4,-438.104,-6.336,-346.597
3120.6,58.95,85.9,0.0,5.2,4,-436.819,-6.341,-344.625
3120.6,59.22,85.9,0.0,4.5,4,-434.846,-6.349,-341.680
3132.3,59.39,86.0,0.0,3.9,4,-433.503,-6.355,-339.726
3132.3,59.67,85.9,0.0,2.6,4,-431.449,-6.365,-336.804
3132.3,59.91,86.0,0.0,2.2,4,-429.344,-6.363,-333.900
3132.3,60.12,86.0,0.0,1.3,4,-427.918,-6.361,-331.969
3144.3,60.38,86.1,0.0,0.8,4,-425.747,-6.352,-329.080
3144.3,60.54,86.1,0.0,0.7,4,-424.281,-6.346,-327.157
3144.3,60.84,86.1,0.0,0.2,4,-422.060,-6.337,-324.273
3144.3,60.98,86.2,0.0,0.2,0,-420.564,-6.327,-322.350
3156.4,60.97,84.6,0.0,-0.5,5,-418.310,-6.313,-319.468
3156.4,61.13,84.7,0.0,-0.8,5,-416.801,-6.302,-317.548
3156.4,61.37,84.7,0.0,-0.8,5,-414.529,-6.287,-314.661
3156.4,61.54,84.7,0.0,-0.7,5,-413.009,-6.277,-312.729
3168.7,61.77,84.8,0.0,-0.7,5,-410.725,-6.262,-309.820
3168.7,61.93,84.8,0.0,-0.6,5,-409.200,-6.252,-307.872
3168.7,62.17,84.9,0.0,-0.6,5,-406.912,-6.236,-304.935
3168.7,62.33,84.9,0.0,-0.6,5,-405.386,-6.226,-302.969
3181.2,62.56,85.0,0.0,-0.6,5,-403.096,-6.208,-300.004
3181.2,62.71,85.0,0.0,-0.5,5,-401.569,-6.196,-298.018
3181.2,62.95,85.0,0.0,-0.4,5,-399.277,-6.177,-295.025
3193.7,63.18,85.1,0.0,-0.5,5,-396.984,-6.157,-292.016
3193.7,63.33,85.1,0.0,-0.5,5,-395.454,-6.144,-290.001
3193.7,63.56,85.1,0.0,-0.5,5,-393.158,-6.123,-286.966
3193.7,63.71,85.1,0.0,-0.4,5,-391.625,-6.109,-284.934
3206.4,63.94,85.2,0.0,-0.4,5,-389.325,-6.088,-281.872
3206.4,64.09,85.2,0.0,-0.2,5,-387.790,-6.075,-279.823
3206.4,64.31,85.2,0.0,-0.3,5,-385.485,-6.054,-276.738
3206.4,64.45,85.3,0.0,-0.3,5,-383.945,-6.037,-274.674
3219.2,64.68,85.3,0.0,-0.2,5,-381.633,-6.011,-271.566
3219.2,64.82,85.3,0.0,-0.0,5,-380.089,-5.992,-269.487
3219.2,65.05,85.3,0.0,-0.0,5,-377.770,-5.965,-266.357
3219.2,65.19,85.4,0.0,-0.1,5,-376.221,-5.947,-264.264
3232.3,65.40,85.4,0.0,-0.2,5,-373.893,-5.920,-261.113
3232.3,65.54,85.4,0.0,-0.1,5,-372.337,-5.901,-259.007
3232.3,65.75,85.5,0.0,0.0,5,-369.999,-5.871,-255.838
3232.3,65.96,85.5,0.0,0.2,5,-367.655,-5.836,-252.658
3245.4,66.10,85.5,0.0,0.3,5,-366.088,-5.813,-250.532
3245.4,66.31,85.5,0.0,0.4,5,-363.731,-5.776,-247.336
3245.4,66.44,85.6,0.0,0.3,5,-362.154,-5.751,-245.200
3245.4,66.65,85.6,0.0,0.3,5,-359.780,-5.711,-241.990
3258.7,66.78,85.6,0.0,0.3,5,-358.192,-5.682,-239.847
3258.7,66.98,85.7,0.0,0.3,5,-355.800,-5.636,-236.625
3258.7,67.11,85.7,0.0,0.3,5,-354.200,-5.606,-234.474
3258.7,67.31,85.7,0.0,0.1,5,-351.791,-5.562,-231.241
3272.1,67.45,85.7,0.0,0.1,5,-350.178,-5.534,-229.082
3272.1,67.64,85.8,0.0,0.1,5,-347.752,-5.496,-225.837
3272.1,67.78,85.8,0.0,0.1,5,-346.128,-5.474,-223.669
3272.1,67.95,85.8,0.0,0.1,5,-343.686,-5.434,-220.412
3285.7,68.08,85.9,0.0,0.1,5,-342.053,-5.406,-218.236
3285.7,68.28,85.8,0.0,0.0,5,-339.596,-5.362,-214.966
3285.7,68.40,85.9,0.0,-0.0,5,-337.954,-5.332,-212.781
3285.7,68.59,85.9,0.0,-0.0,5,-335.483,-5.284,-209.498
3299.4,68.78,85.9,0.0,-0.0,5,-333.006,-5.237,-206.205
3299.4,68.90,86.0,0.0,-0.1,5,-331.350,-5.205,-204.006
3299.4,69.08,86.0,0.0,-0.2,5,-328.861,-5.157,-200.699
3299.4,69.20,86.0,0.0,-0.2,5,-327.198,-5.123,-198.490
3313.2,69.38,86.0,0.0,-0.2,5,-324.699,-5.069,-195.168
3313.2,69.50,86.0,0.0,-0.2,5,-323.030,-5.033,-192.948
3313.2,69.68,86.1,0.0,-0.2,5,-320.522,-4.977,-189.610
3313.2,69.80,86.1,0.0,-0.2,5,-318.848,-4.939,-187.380
3327.1,69.97,86.1,0.0,-0.2,5,-316.333,-4.883,-184.026
3327.1,70.08,86.1,0.0,-0.1,5,-314.654,-4.846,-181.784
3327.1,70.25,86.1,0.0,-0.2,5,-312.133,-4.790,-178.413
3327.1,70.37,86.2,0.0,-0.2,5,-310.450,-4.753,-176.161
3341.1,70.53,86.2,0.0,-0.1,5,-307.922,-4.697,-172.774
3341.1,70.64,86.2,0.0,-0.2,5,-306.235,-4.660,-170.510
3341.1,70.61,0.0,0.0,-0.2,0,-303.703,-4.603,-167.110
3341.1,70.70,85.0,0.0,-0.2,6,-301.175,-4.544,-163.709
3355.3,70.81,85.0,0.0,-0.2,6,-299.488,-4.505,-161.437
3355.3,70.96,85.0,0.0,-0.2,6,-296.956,-4.445,-158.021
3355.3,71.06,85.0,0.0,-0.2,6,-295.266,-4.405,-155.739
3355.3,71.22,85.1,0.0,-0.3,6,-292.729,-4.345,-152.307
3369.5,71.32,85.1,0.0,-0.2,6,-291.036,-4.304,-150.014
3369.5,71.47,85.1,0.0,-0.1,6,-288.495,-4.242,-146.567
3369.5,71.57,85.1,0.0,-0.0,6,-286.800,-4.201,-144.263
3369.5,71.73,85.1,0.0,-0.0,6,-284.254,-4.140,-140.800
3383.8,71.82,85.2,0.0,0.0,6,-282.555,-4.099,-138.486
3383.8,71.97,85.2,0.0,0.1,6,-280.004,-4.039,-135.008
3383.8,72.07,85.2,0.0,0.1,6,-278.301,-3.999,-132.686
3383.8,72.22,85.2,0.0,0.1,6,-275.742,-3.937,-129.195
3398.2,72.31,85.2,0.0,0.1,6,-274.033,-3.896,-126.865
3398.2,72.46,85.3,0.0,0.0,6,-271.464,-3.834,-123.364
3398.2,72.56,85.3,0.0,-0.0,6,-269.748,-3.792,-121.026
3398.2,72.70,85.3,0.0,-0.1,6,-267.169,-3.728,-117.515
3412.7,72.84,85.3,0.0,-0.2,6,-264.585,-3.665,-113.996
3412.7,72.93,85.3,0.0,-0.3,6,-262.860,-3.622,-111.646
3412.7,73.07,85.4,0.0,-0.4,6,-260.270,-3.558,-108.115
3412.7,73.16,85.4,0.0,-0.5,6,-258.542,-3.513,-105.756
3427.3,73.30,85.4,0.0,-0.4,6,-255.950,-3.445,-102.208
3427.3,73.40,85.4,0.0,-0.3,6,-254.222,-3.399,-99.838
3427.3,73.53,85.4,0.0,-0.3,6,-251.631,-3.330,-96.273
3427.3,73.63,85.4,0.0,-0.3,6,-249.904,-3.285,-93.890
3442.0,73.76,85.4,0.0,-0.2,6,-247.314,-3.218,-90.308
3442.0,73.85,85.5,0.0,-0.2,6,-245.587,-3.174,-87.914
3442.0,73.98,85.5,0.0,0.1,6,-242.996,-3.110,-84.315
3442.0,74.07,85.5,0.0,0.6,6,-241.269,-3.067,-81.911
3456.8,74.20,85.5,0.0,1.2,6,-238.674,-3.003,-78.299
3456.8,74.33,85.5,0.0,0.9,6,-236.070,-2.940,-74.685
3456.8,74.41,85.5,0.0,0.8,6,-234.327,-2.897,-72.275
3471.7,74.54,85.6,0.0,1.5,6,-231.698,-2.832,-68.661
3471.7,74.63,85.6,0.0,2.1,6,-229.936,-2.789,-66.255
3471.7,74.75,85.6,0.0,2.9,6,-227.272,-2.722,-62.652
3471.7,74.79,50.8,14.9,3.5,6,-225.480,-2.675,-60.257
3486.6,74.28,0.0,59.4,4.0,6,-222.774,-2.605,-56.693
3486.6,73.58,0.0,73.0,4.0,6,-220.965,-2.558,-54.351
3486.6,72.45,0.0,62.9,3.6,6,-218.253,-2.487,-50.908
3486.6,71.77,0.0,53.0,3.3,6,-216.445,-2.441,-48.661
3501.1,70.88,0.0,38.7,4.1,6,-213.721,-2.374,-45.360
3501.1,70.38,0.0,29.0,4.2,6,-211.893,-2.329,-43.205
3501.1,69.81,0.0,12.4,2.7,6,-209.125,-2.263,-40.039
3501.1,69.54,0.0,5.5,2.9,6,-207.260,-2.219,-37.968
3515.0,69.25,4.2,0.1,4.2,6,-204.429,-2.152,-34.915
3515.0,69.11,12.3,0.0,4.7,6,-202.519,-2.106,-32.913
3515.0,68.93,12.1,0.0,5.5,6,-199.622,-2.040,-29.954
3515.0,68.70,6.3,24.5,5.6,6,-196.689,-1.974,-27.047
3528.6,68.36,0.0,24.5,5.0,6,-194.716,-1.931,-25.142
3528.6,67.38,0.0,56.7,4.4,6,-191.745,-1.864,-22.348
3528.6,66.87,46.1,6.1,3.9,6,-189.767,-1.819,-20.534
3528.6,66.92,84.4,0.0,6.0,6,-186.772,-1.752,-17.866
3541.8,66.97,44.0,17.4,8.2,6,-184.747,-1.710,-16.114
3541.8,66.53,0.0,20.1,11.7,6,-181.680,-1.656,-13.533
3541.8,66.23,3.7,2.3,12.6,6,-179.624,-1.625,-11.855
3541.8,66.09,52.8,0.0,12.2,6,-176.508,-1.587,-9.397
3555.2,66.11,78.2,0.0,11.7,6,-174.404,-1.566,-7.797
3555.2,66.20,84.3,0.0,11.2,6,-171.201,-1.539,-5.454
3555.2,66.25,84.3,0.0,11.2,6,-169.032,-1.522,-3.934
3555.2,66.34,84.3,0.0,12.8,6,-165.727,-1.496,-1.719
3568.7,66.40,84.4,0.0,14.8,6,-163.493,-1.479,-0.287
3568.7,66.46,81.4,0.0,17.1,6,-160.091,-1.448,1.790
3568.7,66.45,82.5,0.0,17.1,6,-157.790,-1.420,3.121
3568.7,66.61,84.5,0.0,15.6,6,-154.291,-1.363,5.041
3582.7,66.58,85.3,0.0,14.4,6,-150.753,-1.318,6.896
3582.7,66.56,85.6,0.0,12.2,6,-148.380,-1.305,8.104
3582.7,66.63,17.5,0.0,8.6,6,-144.790,-1.300,9.864
3582.7,66.34,12.3,0.0,7.2,6,-142.370,-1.285,10.968
3597.0,65.99,12.1,0.0,3.0,6,-138.714,-1.244,12.514
3597.0,65.77,12.0,0.0,1.5,6,-136.264,-1.216,13.486
3597.0,65.44,11.9,0.0,1.7,6,-132.575,-1.179,14.862
3597.0,65.21,11.8,0.0,2.7,6,-130.107,-1.154,15.721
3610.9,64.87,11.8,0.0,5.2,6,-126.394,-1.119,16.923
3623.9,63.55,24.7,0.0,32.5,6,-108.952,-0.967,21.148
3623.9,63.33,21.9,0.0,38.6,6,-105.196,-0.932,21.767
3636.5,63.17,13.4,0.0,40.3,6,-102.692,-0.908,22.132
3636.5,62.89,15.9,0.0,38.6,6,-98.940,-0.873,22.611
3636.5,62.72,20.0,0.0,35.3,6,-96.442,-0.848,22.877
3636.5,62.48,21.7,0.0,29.2,6,-92.699,-0.807,23.192
3648.8,62.26,26.8,0.0,23.2,6,-88.963,-0.766,23.407
3648.8,62.13,32.8,0.0,19.3,6,-86.477,-0.738,23.493
3648.8,61.99,47.2,0.0,14.6,6,-82.754,-0.695,23.538
3648.8,61.95,63.2,0.0,12.2,6,-80.276,-0.667,23.512
3661.0,62.00,82.4,0.0,9.7,6,-76.560,-0.623,23.390
3661.0,62.08,83.4,0.0,8.6,6,-74.083,-0.592,23.255
3661.0,62.21,83.4,0.0,7.7,6,-70.366,-0.545,22.975
3661.0,62.31,83.4,0.0,7.4,6,-67.887,-0.513,22.742
3673.4,62.47,83.4,0.0,6.2,6,-64.167,-0.468,22.333
3673.4,62.58,83.4,0.0,4.8,6,-61.686,-0.438,22.021
3673.4,62.75,83.5,0.0,3.4,6,-57.963,-0.387,21.500
3673.4,62.86,83.5,0.0,2.9,6,-55.480,-0.352,21.121
3685.8,63.05,83.5,0.0,2.7,6,-51.753,-0.300,20.512
3685.8,63.17,83.6,0.0,1.9,6,-49.266,-0.267,20.082
3685.8,63.36,83.6,0.0,-0.0,6,-45.531,-0.221,19.407
3685.8,63.48,83.6,0.0,-1.2,6,-43.038,-0.190,18.941
3698.5,63.67,83.7,0.0,-2.2,6,-39.291,-0.145,18.230
3698.5,63.85,82.9,0.0,-2.8,6,-35.533,-0.103,17.518
3698.5,63.97,83.7,0.0,-3.2,6,-33.020,-0.075,17.052
3698.5,64.16,83.7,0.0,-3.4,6,-29.237,-0.037,16.372
3711.2,64.28,83.8,0.0,-4.1,6,-26.706,-0.013,15.935
3711.2,64.46,83.8,0.0,-4.0,6,-22.896,0.015,15.308
3711.2,64.55,83.9,0.0,-3.7,6,-20.347,0.033,14.913
3711.2,64.73,83.9,0.0,-4.1,6,-16.508,0.056,14.357
3724.2,64.85,83.9,0.0,-5.0,6,-13.939,0.072,14.014
3724.2,65.02,84.0,0.0,-6.5,6,-10.072,0.097,13.545
3724.2,65.13,84.0,0.0,-7.1,6,-7.484,0.115,13.264
3724.2,65.29,84.0,0.0,-7.4,6,-3.590,0.140,12.894
3737.3,65.39,84.0,0.0,-6.8,6,-0.985,0.157,12.685
3737.3,65.53,84.1,0.0,-6.6,6,2.934,0.187,12.434
3737.3,65.62,84.2,0.0,-6.5,6,5.554,0.210,12.310
3737.3,65.77,84.1,0.0,-6.7,6,9.493,0.250,12.189
3750.6,65.87,84.2,0.0,-6.9,6,12.125,0.278,12.151
3750.6,66.01,84.2,0.0,-7.5,6,16.081,0.322,12.157
3750.6,66.14,84.3,0.0,-7.7,6,20.044,0.372,12.241
3750.6,66.25,84.3,0.0,-7.3,6,22.690,0.407,12.339
3764.1,66.38,84.3,0.0,-6.5,6,26.662,0.466,12.555
3764.1,66.47,84.3,0.0,-5.9,6,29.312,0.509,12.745
3764.1,66.62,84.3,0.0,-6.1,6,33.288,0.573,13.093
3764.1,66.71,84.4,0.0,-7.9,6,35.941,0.610,13.361
3778.0,66.85,84.3,0.0,-10.3,6,39.921,0.655,13.818
3778.0,66.93,84.4,0.0,-10.7,6,42.574,0.687,14.170
3778.0,67.04,84.4,0.0,-10.0,6,46.547,0.742,14.771
3778.0,67.13,84.4,0.0,-9.2,6,49.192,0.780,15.219
3791.9,67.24,84.5,0.0,-8.6,6,53.153,0.836,15.963
3791.9,67.33,84.5,0.0,-8.5,6,55.789,0.873,16.506
3791.9,67.44,84.5,0.0,-8.0,6,59.732,0.929,17.394
3791.9,67.50,84.5,0.0,-7.8,6,62.353,0.969,18.036
3805.8,67.62,84.6,0.0,-7.9,6,66.273,1.027,19.066
3805.8,67.72,84.7,0.0,-7.6,6,70.178,1.084,20.179
3805.8,67.85,84.5,0.0,-7.4,6,72.773,1.122,20.964
3819.9,67.96,84.6,0.0,-6.8,6,76.650,1.179,22.212
3819.9,68.03,84.7,0.0,-6.8,6,79.223,1.219,23.090
3819.9,68.15,84.7,0.0,-7.1,6,83.066,1.278,24.475
3819.9,68.24,84.6,0.0,-7.0,6,85.616,1.317,25.442
3833.7,68.35,84.6,0.0,-6.7,6,89.420,1.376,26.961
3833.7,68.43,84.7,0.0,-6.7,6,91.943,1.417,28.019
3833.7,68.55,84.7,0.0,-7.4,6,95.704,1.478,29.673
3833.7,68.63,84.7,0.0,-7.9,6,98.196,1.520,30.820
3847.5,68.75,84.7,0.0,-8.2,6,101.909,1.584,32.606
3847.5,68.84,84.7,0.0,-8.2,6,104.369,1.628,33.839
3847.5,68.96,84.7,0.0,-7.7,6,108.032,1.694,35.751
3847.5,69.03,84.8,0.0,-7.4,6,110.457,1.738,37.069
3861.2,69.15,84.8,0.0,-7.1,6,114.065,1.803,39.108
3861.2,69.23,84.8,0.0,-7.1,6,116.451,1.846,40.510
3861.2,69.35,84.8,0.0,-7.3,6,119.999,1.911,42.674
3861.2,69.47,84.8,0.0,-7.8,6,123.512,1.973,44.910
3875.0,69.55,84.8,0.0,-8.0,6,125.833,2.013,46.440
3875.0,69.62,84.9,0.0,-8.0,6,128.137,2.052,48.002
3875.0,69.74,84.9,0.0,-8.0,6,131.559,2.110,50.402
3875.0,69.86,84.9,0.0,-7.8,6,134.941,2.163,52.871
3888.9,69.94,84.9,0.0,-7.6,6,137.172,2.197,54.555
3888.9,70.05,84.9,0.0,-7.4,6,140.482,2.244,57.139
3888.9,70.13,85.0,0.0,-7.5,6,142.665,2.273,58.898
3888.9,70.25,85.0,0.0,-7.0,6,145.902,2.309,61.590
3902.9,70.33,85.0,0.0,-6.6,6,148.037,2.328,63.420
3902.9,70.45,85.0,0.0,-4.7,6,151.202,2.351,66.216
3902.9,70.54,85.0,0.0,-3.6,6,153.286,2.364,68.115
3902.9,70.67,85.0,0.0,-2.4,6,156.377,2.381,71.011
3916.9,70.77,85.0,0.0,-1.7,6,158.416,2.391,72.971
3931.0,66.61,0.0,91.2,0.7,6,173.088,2.470,87.771
3931.0,65.71,0.0,92.1,0.6,6,174.933,2.483,89.670
3944.2,64.37,0.0,92.8,0.2,6,177.655,2.504,92.470
3944.2,63.45,0.0,92.4,0.2,6,179.439,2.516,94.303
3944.2,62.10,0.0,92.0,0.2,0,182.070,2.535,97.002
3944.2,61.22,24.8,92.7,0.3,0,183.795,2.547,98.767
3956.6,59.91,0.0,94.5,0.5,5,186.340,2.567,101.364
3956.6,58.98,0.0,92.7,0.5,5,188.008,2.578,103.061
3956.6,57.66,0.0,92.5,0.4,5,190.467,2.592,105.554
3956.6,56.31,0.0,91.3,0.4,5,192.875,2.604,107.984
3968.1,55.42,0.0,90.8,0.4,5,194.453,2.613,109.569
3968.1,54.13,0.0,92.0,0.7,5,196.781,2.627,111.893
3968.1,53.26,32.6,91.7,0.6,0,198.306,2.637,113.408
3968.1,51.95,0.0,92.5,1.0,4,200.555,2.654,115.627
3978.7,51.08,0.0,91.7,1.2,4,202.028,2.667,117.070
3978.7,49.78,0.0,92.1,1.6,4,204.200,2.689,119.179
3978.7,48.91,0.0,91.4,2.0,4,205.624,2.706,120.548
3978.7,47.61,0.0,91.9,2.2,4,207.723,2.730,122.545
3988.5,46.75,0.0,91.6,2.7,4,209.100,2.747,123.839
3988.5,45.47,0.0,91.9,3.2,4,211.130,2.771,125.721
3988.5,44.63,37.5,91.8,3.4,0,212.462,2.786,126.936
3988.5,43.38,0.0,91.5,3.5,3,214.429,2.807,128.701
3997.4,42.55,0.0,89.8,2.9,3,215.719,2.820,129.839
3997.4,41.34,0.0,84.1,1.7,3,217.624,2.836,131.486
3997.4,40.55,0.0,72.5,0.7,3,218.875,2.846,132.545
3997.4,39.53,0.0,58.1,-1.5,3,220.729,2.858,134.075
4005.5,38.66,0.0,49.6,-3.0,3,222.567,2.866,135.535
4005.5,38.14,0.0,44.9,-3.0,3,223.786,2.870,136.470
4005.5,37.42,0.0,40.9,-1.5,3,225.612,2.875,137.816
4005.5,36.98,0.0,38.7,1.3,3,226.827,2.876,138.675
4013.0,36.36,0.0,35.8,6.2,3,228.648,2.877,139.912
4013.0,35.97,0.0,35.7,8.7,3,229.860,2.876,140.703
4013.0,35.40,0.0,35.4,11.2,0,231.674,2.873,141.843
4013.0,35.05,37.5,36.0,12.0,0,232.880,2.871,142.572
4020.1,34.46,0.0,35.4,11.6,2,234.685,2.865,143.619
4020.1,34.08,0.0,33.8,11.3,2,235.884,2.861,144.284
4020.1,33.53,0.0,31.7,11.1,2,237.678,2.853,145.232
4020.1,33.17,0.0,26.6,11.5,2,238.871,2.848,145.830
4026.7,32.73,0.0,18.3,12.7,2,240.658,2.839,146.677
4026.7,32.49,0.0,14.1,13.9,2,241.849,2.833,147.210
4026.7,32.19,0.0,10.5,16.1,2,243.639,2.823,147.959
4026.7,31.93,0.0,6.5,18.8,2,245.434,2.814,148.651
4032.9,31.78,0.0,4.6,19.7,2,246.634,2.807,149.079
4032.9,31.58,0.0,5.8,16.1,2,248.441,2.797,149.671
4032.9,31.44,0.0,7.0,15.3,2,249.648,2.790,150.034
4032.9,31.22,0.0,8.6,18.1,2,251.462,2.779,150.530
4038.9,31.05,0.0,11.5,17.5,2,252.672,2.771,150.828
4038.9,30.77,0.0,9.3,16.6,2,254.483,2.759,151.225
4038.9,30.61,0.0,5.9,16.0,2,255.689,2.750,151.458
4038.9,30.41,0.0,6.5,16.4,2,257.496,2.739,151.757
4045.4,30.27,0.0,3.7,17.2,2,258.698,2.732,151.923
4045.4,30.11,1.9,0.0,18.8,2,260.498,2.723,152.126
4045.4,30.03,3.1,0.4,20.0,2,261.697,2.717,152.229
4045.4,29.89,2.5,0.0,23.0,2,263.491,2.710,152.334
4052.0,29.82,8.6,0.0,26.3,2,264.685,2.705,152.371
4052.0,29.74,8.1,0.0,30.3,2,266.472,2.700,152.370
4052.0,29.67,12.9,0.0,32.4,2,267.660,2.698,152.332
4052.0,29.64,24.7,0.0,35.8,2,269.435,2.697,152.217
4059.9,29.61,19.8,0.0,40.5,2,271.203,2.697,152.033
4059.9,29.58,21.2,0.0,43.8,2,272.376,2.698,151.872
4059.9,29.51,16.1,0.0,49.1,2,274.123,2.701,151.574
4059.9,29.43,14.2,0.0,51.9,2,275.278,2.705,151.336
4067.0,29.29,10.1,0.0,56.7,2,276.990,2.714,150.920
4075.2,28.45,10.0,0.0,65.2,2,284.563,2.796,148.110
4075.2,28.33,37.2,0.0,64.0,0,285.574,2.816,147.593
4081.7,28.13,5.2,0.0,61.7,1,287.054,2.848,146.768
4081.7,28.00,11.2,0.0,60.1,1,288.014,2.869,146.187
4081.7,27.84,11.1,0.0,57.9,1,289.418,2.901,145.273
4081.7,27.68,11.3,0.0,59.0,1,290.774,2.934,144.306
4087.7,27.59,11.5,0.0,60.8,1,291.652,2.957,143.634
4087.7,27.43,11.1,0.0,59.6,1,292.927,2.993,142.586
4087.7,27.33,11.2,0.0,60.7,1,293.748,3.017,141.861
4087.7,27.17,11.1,0.0,60.5,1,294.938,3.054,140.740
4093.2,27.07,11.1,0.0,58.5,1,295.702,3.078,139.970
4093.2,26.94,11.7,0.0,54.5,1,296.804,3.113,138.783
4093.2,26.86,12.7,0.0,51.8,1,297.510,3.135,137.971
4093.2,26.75,16.1,0.0,47.0,1,298.524,3.166,136.723
4098.4,26.71,20.4,0.0,43.0,1,299.170,3.185,135.871
4098.4,26.74,34.7,0.0,35.5,1,300.095,3.212,134.563
4098.4,26.88,56.8,0.0,29.3,1,300.685,3.228,133.668
4098.4,27.14,37.9,0.0,18.6,1,301.534,3.250,132.288
4103.5,27.30,46.0,0.0,11.3,1,302.075,3.263,131.344
4103.5,27.62,56.9,0.0,3.1,1,302.854,3.282,129.894
4103.5,28.06,66.1,0.0,-0.2,1,303.601,3.300,128.401
4103.5,28.42,73.0,0.0,-0.0,1,304.087,3.310,127.382
4108.9,29.00,77.8,0.0,3.0,1,304.799,3.326,125.815
4108.9,29.41,76.3,0.0,5.5,1,305.266,3.335,124.745
4108.9,29.98,74.8,0.0,8.6,1,305.953,3.349,123.103
4108.9,30.35,74.7,0.0,10.2,1,306.402,3.358,121.983
4114.7,30.90,74.6,0.0,11.8,1,307.059,3.372,120.268
4114.7,31.25,74.6,0.0,12.3,1,307.485,3.381,119.101
4114.7,31.78,76.4,0.0,12.2,1,308.104,3.393,117.316
4114.7,32.14,77.9,0.0,12.0,1,308.500,3.401,116.101
4121.0,32.66,78.9,0.0,12.0,1,309.067,3.412,114.243
4121.0,33.02,80.5,0.0,11.3,1,309.425,3.420,112.980
4121.0,33.55,79.2,0.0,9.5,1,309.930,3.431,111.049
4121.0,33.89,78.0,0.0,8.4,1,310.243,3.439,109.738
4127.6,34.27,0.0,0.0,7.7,0,310.677,3.453,107.737
4127.6,34.41,84.2,0.0,8.6,2,311.055,3.467,105.716
4127.6,34.77,84.3,0.0,9.4,2,311.279,3.477,104.352
4134.5,35.29,84.4,0.0,11.3,2,311.578,3.495,102.273
4134.5,35.63,80.4,0.0,13.0,2,311.751,3.509,100.866
4134.5,36.03,60.5,0.0,11.8,2,311.968,3.530,98.728
4134.5,36.20,47.0,0.0,10.3,2,312.084,3.546,97.288
4141.6,36.16,3.2,25.7,7.8,2,312.214,3.570,95.119
4141.6,35.83,0.0,41.2,6.1,2,312.273,3.588,93.679
4141.6,35.14,0.0,55.1,3.8,2,312.329,3.617,91.548
4141.6,34.59,0.0,64.7,2.5,2,312.347,3.638,90.153
4148.4,33.63,0.0,74.3,-0.1,2,312.356,3.671,88.104
4148.4,32.93,0.0,76.7,-2.3,2,312.354,3.695,86.771
4148.4,31.86,0.0,79.1,-5.1,2,312.345,3.730,84.826
4148.4,31.12,0.0,79.4,-6.4,2,312.340,3.753,83.565
4154.5,30.05,33.9,76.0,-7.9,0,312.340,3.788,81.728
4154.5,29.07,0.0,57.0,-9.0,1,312.355,3.821,79.954
4154.5,28.49,0.0,45.3,-10.1,1,312.376,3.842,78.802
4154.5,27.82,0.0,33.2,-12.1,1,312.432,3.872,77.114
4160.0,27.46,0.0,26.6,-13.8,1,312.488,3.891,76.009
4160.0,27.02,0.0,20.7,-16.2,1,312.603,3.916,74.378
4160.0,26.76,0.0,18.3,-17.7,1,312.701,3.931,73.307
4160.0,26.39,0.0,14.9,-19.1,1,312.884,3.953,71.723
4165.2,26.18,0.0,12.9,-19.9,1,313.029,3.967,70.681
4165.2,25.89,0.0,12.1,-20.9,1,313.285,3.985,69.140
4165.2,25.69,0.0,12.0,-21.4,1,313.480,3.997,68.127
4165.2,25.40,0.0,11.1,-21.1,1,313.811,4.013,66.630
4170.2,25.22,0.0,10.4,-21.3,1,314.057,4.023,65.647
4170.2,24.96,0.0,10.9,-22.5,1,314.462,4.036,64.196
4170.2,24.78,0.0,11.3,-23.5,1,314.756,4.043,63.246
4170.2,24.50,0.0,10.3,-24.2,1,315.234,4.053,61.846
4175.1,24.25,0.0,7.8,-24.5,1,315.756,4.061,60.480
4175.1,24.09,0.0,7.3,-25.1,1,316.128,4.065,59.588
4175.1,23.87,0.0,6.9,-26.6,1,316.722,4.070,58.277
4175.1,23.72,0.0,7.2,-27.6,1,317.142,4.072,57.422
4179.8,23.52,0.0,3.6,-28.3,1,317.809,4.074,56.171
4179.8,23.40,0.0,3.9,-28.7,1,318.277,4.074,55.358
4179.8,23.22,0.0,4.7,-29.2,1,319.014,4.073,54.169
4179.8,23.09,0.0,5.4,-29.5,1,319.530,4.071,53.399
4184.2,22.90,0.0,3.5,-29.6,1,320.334,4.067,52.278
4184.2,22.78,0.0,3.9,-29.4,1,320.892,4.063,51.554
4184.2,22.60,0.0,5.8,-29.7,1,321.759,4.056,50.504
4184.2,22.47,0.0,7.2,-29.8,1,322.356,4.051,49.828
4188.6,22.25,0.0,9.2,-30.0,1,323.279,4.043,48.854
4188.6,22.10,0.0,5.4,-29.8,1,323.911,4.037,48.231
4188.6,21.91,0.0,5.3,-29.9,1,324.882,4.028,47.337
4188.6,21.73,0.0,5.9,-31.8,1,325.881,4.018,46.489
4192.5,21.60,0.0,6.6,-33.2,1,326.560,4.010,45.951
4192.5,21.39,0.0,4.3,-35.8,1,327.599,3.998,45.187
4192.5,21.28,3.7,0.2,-37.9,1,328.304,3.990,44.706
4192.5,21.28,29.2,0.0,-39.8,1,329.385,3.976,44.028
4196.6,21.38,39.1,0.0,-40.6,1,330.124,3.967,43.602
4196.6,21.61,48.0,0.0,-42.3,1,331.263,3.952,43.000
4196.6,21.79,51.9,0.0,-44.2,1,332.043,3.942,42.622
4196.6,22.16,54.1,0.0,-45.2,1,333.249,3.926,42.090
4201.1,22.31,41.9,0.0,-44.0,1,334.075,3.915,41.762
4201.1,22.52,38.1,0.0,-40.9,1,335.344,3.899,41.317
4201.1,22.67,48.4,0.0,-38.5,1,336.207,3.887,41.051
4201.1,22.94,46.6,0.0,-36.8,1,337.529,3.872,40.702
4206.0,23.12,46.2,0.0,-36.7,1,338.428,3.862,40.502
4206.0,23.39,51.9,0.0,-37.5,1,339.800,3.848,40.252
4206.0,23.70,50.7,0.0,-39.7,1,341.199,3.834,40.063
4206.0,23.90,53.0,0.0,-41.6,1,342.146,3.826,39.970
4211.3,24.21,52.5,0.0,-45.2,1,343.586,3.813,39.881
4211.3,24.40,48.6,0.0,-47.8,1,344.557,3.805,39.855
4211.3,24.57,33.0,0.0,-52.2,1,346.026,3.793,39.867
4211.3,24.61,25.1,0.0,-55.4,1,347.009,3.785,39.910
4217.0,24.55,12.9,0.0,-60.9,1,348.480,3.775,40.028
4217.0,24.47,12.1,0.0,-63.0,1,349.454,3.769,40.140
4217.0,24.34,11.6,0.0,-64.4,1,350.901,3.761,40.362
4217.0,24.26,11.6,0.0,-64.6,1,351.856,3.757,40.545
4222.8,24.14,11.5,0.0,-63.0,1,353.272,3.751,40.870
4222.8,24.06,11.8,0.0,-60.8,1,354.203,3.748,41.122
4222.8,23.97,14.6,0.0,-56.2,1,355.578,3.744,41.552
4222.8,23.95,25.0,0.0,-52.1,1,356.481,3.742,41.872
4228.6,24.03,34.7,0.0,-44.9,1,357.818,3.740,42.404
4228.6,24.30,64.0,0.0,-36.9,1,359.139,3.739,42.997
4228.6,24.62,75.0,0.0,-30.5,1,360.017,3.739,43.426
4235.0,25.07,65.1,0.0,-21.7,1,361.334,3.741,44.123
4235.0,25.40,65.4,0.0,-16.6,1,362.210,3.744,44.622
4235.0,25.90,74.7,0.0,-11.0,1,363.525,3.750,45.419
4235.0,26.29,74.7,0.0,-9.4,1,364.403,3.755,45.982
4240.3,26.86,72.6,0.0,-9.9,1,365.725,3.764,46.871
4240.3,27.22,70.4,0.0,-11.5,1,366.609,3.772,47.494
4240.3,27.74,68.3,0.0,-14.7,1,367.936,3.784,48.470
4240.3,28.06,68.0,0.0,-18.8,1,368.822,3.793,49.147
4245.8,28.54,68.6,0.0,-17.2,1,370.148,3.806,50.206
4245.8,28.88,69.4,0.0,-16.7,1,371.029,3.814,50.942
4245.8,29.39,72.4,0.0,-20.0,1,372.346,3.826,52.089
4245.8,29.73,75.7,0.0,-20.8,1,373.219,3.834,52.886
4251.3,30.25,70.5,0.0,-15.9,1,374.517,3.844,54.130
4251.3,30.74,73.9,0.0,-14.6,1,375.801,3.854,55.433
4251.3,31.08,71.3,0.0,-15.8,1,376.646,3.861,56.334
4251.3,31.58,76.4,0.0,-12.3,1,377.897,3.870,57.736
4257.2,31.90,74.0,0.0,-12.5,1,378.717,3.877,58.704
4257.2,32.37,71.6,0.0,-15.5,1,379.927,3.885,60.205
4257.2,32.69,75.6,0.0,-15.5,1,380.718,3.890,61.237
4257.2,33.16,74.0,0.0,-16.7,1,381.877,3.897,62.836
4263.5,33.46,73.9,0.0,-17.8,1,382.632,3.901,63.932
4263.5,33.90,75.1,0.0,-14.9,1,383.733,3.905,65.626
4263.5,34.20,70.3,0.0,-15.0,1,384.446,3.907,66.786
4263.5,34.32,0.0,0.0,-14.2,0,385.476,3.911,68.568
4270.0,34.46,83.8,0.0,-11.9,2,386.128,3.913,69.777
4270.0,34.97,82.9,0.0,-8.2,2,387.070,3.917,71.634
4270.0,35.31,83.9,0.0,-5.6,2,387.676,3.919,72.902
4270.0,35.82,84.8,0.0,-2.7,2,388.555,3.921,74.844
4277.0,36.37,84.7,0.0,-1.7,2,389.406,3.922,76.834
4277.0,36.69,85.3,0.0,-2.0,2,389.958,3.922,78.185
4277.0,37.21,85.4,0.0,-2.9,2,390.766,3.920,80.248
4277.0,37.52,72.4,0.0,-3.2,2,391.294,3.918,81.645
4284.2,38.00,83.7,0.0,-4.4,2,392.069,3.913,83.774
4284.2,38.32,84.9,0.0,-4.4,2,392.575,3.908,85.214
4284.2,38.84,85.9,0.0,-2.9,2,393.319,3.899,87.406
4284.2,39.24,85.6,0.0,-0.6,2,393.805,3.891,88.890
4291.9,39.75,85.6,0.0,-0.6,2,394.512,3.884,91.152
4291.9,40.10,85.6,0.0,-0.9,2,394.971,3.881,92.681
4291.9,40.64,85.7,0.0,-2.5,2,395.643,3.878,95.007
4291.9,40.97,85.9,0.0,-3.5,2,396.082,3.877,96.577
4299.8,41.46,86.1,0.0,-2.8,2,396.729,3.877,98.964
4299.8,41.82,86.1,0.0,-2.0,2,397.153,3.875,100.574
4299.8,41.99,0.0,0.0,-1.8,0,397.778,3.870,103.013
4299.8,42.30,84.3,0.0,-1.4,3,398.380,3.865,105.466
4308.1,42.58,84.4,0.0,-2.3,3,398.774,3.863,107.117
4308.1,43.04,84.5,0.0,-2.9,3,399.355,3.859,109.618
4308.1,43.31,84.6,0.0,-3.2,3,399.736,3.858,111.301
4308.1,43.76,84.7,0.0,-3.7,3,400.297,3.855,113.852
4316.5,44.05,84.7,0.0,-3.8,3,400.664,3.853,115.569
4316.5,44.48,84.8,0.0,-4.0,3,401.200,3.849,118.169
4316.5,44.76,84.9,0.0,-4.5,3,401.547,3.847,119.919
4316.5,45.19,85.0,0.0,-5.8,3,402.048,3.845,122.570
4325.3,45.47,85.1,0.0,-6.4,3,402.368,3.844,124.354
4325.3,45.88,85.2,0.0,-6.5,3,402.822,3.841,127.056
4325.3,46.16,85.3,0.0,-6.2,3,403.106,3.838,128.874
4325.3,46.56,85.4,0.0,-5.8,3,403.501,3.832,131.626
4334.4,46.84,85.4,0.0,-5.7,3,403.743,3.828,133.478
4334.4,47.23,85.5,0.0,-5.6,3,404.072,3.822,136.280
4334.4,47.50,85.6,0.0,-5.7,3,404.269,3.818,138.164
4334.4,47.90,85.6,0.0,-5.8,3,404.531,3.812,141.013
4343.8,48.29,85.7,0.0,-6.2,3,404.752,3.805,143.889
4343.8,48.54,85.8,0.0,-6.3,3,404.877,3.800,145.821
4343.8,48.93,85.9,0.0,-5.8,3,405.028,3.793,148.741
4343.8,49.18,85.9,0.0,-6.0,3,405.104,3.788,150.701
4353.3,49.56,86.0,0.0,-6.7,3,405.180,3.782,153.661
4353.3,49.80,86.0,0.0,-7.0,3,405.204,3.777,155.648
4353.3,50.17,86.1,0.0,-7.3,3,405.201,3.770,158.646
4353.3,50.40,86.2,0.0,-7.4,3,405.170,3.766,160.657
4363.2,50.65,0.0,0.0,-7.8,0,405.078,3.759,163.689
4363.2,50.62,84.2,0.0,-8.0,4,404.986,3.754,165.711
4363.2,50.93,84.3,0.0,-6.3,4,404.800,3.745,168.751
4363.2,51.14,84.3,0.0,-5.4,4,404.643,3.740,170.787
4373.2,51.46,84.4,0.0,-6.2,4,404.362,3.734,173.851
4373.2,51.68,84.5,0.0,-8.1,4,404.144,3.728,175.902
4373.2,51.99,84.5,0.0,-10.2,4,403.772,3.720,178.989
4383.4,52.29,84.6,0.0,-11.5,4,403.340,3.711,182.087
4383.4,52.49,84.7,0.0,-11.7,4,403.016,3.706,184.157
4383.4,52.78,84.8,0.0,-11.6,4,402.474,3.697,187.268
4383.4,52.97,84.8,0.0,-11.2,4,402.073,3.691,189.344
4394.0,53.25,84.9,0.0,-10.5,4,401.407,3.684,192.459
4394.0,53.43,84.9,0.0,-10.8,4,400.921,3.679,194.537
4394.0,53.71,85.0,0.0,-10.9,4,400.126,3.673,197.651
4394.0,53.89,85.0,0.0,-10.7,4,399.553,3.669,199.724
4405.3,54.16,85.1,0.0,-10.9,4,398.626,3.666,202.830
4405.3,54.34,85.1,0.0,-11.6,4,397.963,3.665,204.896
4405.3,54.62,85.2,0.0,-13.2,4,396.906,3.663,207.988
4405.3,54.79,85.2,0.0,-14.0,4,396.161,3.661,210.045
4416.8,55.05,85.2,0.0,-14.0,4,394.976,3.661,213.119
4416.8,55.29,85.4,0.0,-12.9,4,393.709,3.666,216.176
4416.8,55.47,85.3,0.0,-11.9,4,392.819,3.671,218.204
4416.8,55.72,85.4,0.0,-11.2,4,391.421,3.679,221.231
4428.7,55.88,85.4,0.0,-11.1,4,390.445,3.684,223.238
4428.7,56.12,85.4,0.0,-11.6,4,388.914,3.692,226.229
4428.7,56.30,85.4,0.0,-11.9,4,387.851,3.698,228.210
4428.7,56.55,85.5,0.0,-12.5,4,386.196,3.705,231.162
4440.3,56.72,85.5,0.0,-12.2,4,385.053,3.706,233.117
4440.3,56.96,85.6,0.0,-10.8,4,383.281,3.706,236.030
4440.3,57.12,85.6,0.0,-9.3,4,382.058,3.705,237.956
4440.3,57.37,85.6,0.0,-7.2,4,380.163,3.706,240.820
4451.6,57.55,85.7,0.0,-6.3,4,378.861,3.708,242.713
4451.6,57.81,85.7,0.0,-6.5,4,376.849,3.714,245.529
4451.6,57.98,85.7,0.0,-7.8,4,375.473,3.719,247.390
4451.6,58.24,85.8,0.0,-8.7,4,373.358,3.727,250.161
4463.0,58.41,85.8,0.0,-7.0,4,371.915,3.733,251.994
4463.0,58.68,85.8,0.0,-5.6,4,369.701,3.742,254.721
4463.0,58.94,85.9,0.0,-4.6,4,367.431,3.753,257.421
4463.0,59.12,85.9,0.0,-4.7,4,365.887,3.759,259.208
4474.6,59.39,85.9,0.0,-4.6,4,363.530,3.768,261.868
4474.6,59.56,86.0,0.0,-4.6,4,361.931,3.773,263.629
4474.6,59.82,86.0,0.0,-4.5,4,359.494,3.779,266.252
4474.6,59.99,86.1,0.0,-4.5,4,357.843,3.783,267.989
4486.5,60.25,86.1,0.0,-4.6,4,355.330,3.786,270.576
4486.5,60.42,86.1,0.0,-4.6,4,353.630,3.786,272.288
4486.5,60.68,86.1,0.0,-4.5,4,351.042,3.787,274.837
4486.5,60.84,86.2,0.0,-4.7,4,349.291,3.788,276.522
4498.6,61.05,86.2,0.0,-4.5,0,346.629,3.789,279.030
4498.6,61.02,0.0,0.0,-4.0,0,344.832,3.791,280.684
4498.6,61.15,84.7,0.0,-1.7,5,342.111,3.792,283.136
4498.6,61.32,84.7,0.0,-1.1,5,340.274,3.797,284.757
4510.8,61.61,84.8,0.0,0.0,5,337.489,3.800,287.172
4510.8,61.83,84.9,0.0,0.5,5,334.671,3.803,289.575
4510.8,62.01,84.9,0.0,0.5,5,332.777,3.804,291.171
4510.8,62.28,84.8,0.0,0.1,5,329.918,3.803,293.566
4523.2,62.45,84.9,0.0,-0.3,5,328.003,3.801,295.164
4523.2,62.69,85.0,0.0,-0.3,5,325.118,3.799,297.565
4523.2,62.84,85.0,0.0,-0.1,5,323.186,3.799,299.168
4523.2,63.07,85.0,0.0,0.1,5,320.278,3.798,301.578
4535.7,63.23,85.1,0.0,0.2,5,318.332,3.797,303.188
4535.7,63.46,85.1,0.0,0.3,5,315.404,3.798,305.610
4535.7,63.61,85.1,0.0,0.4,5,313.447,3.801,307.229
4535.7,63.83,85.2,0.0,0.4,5,310.503,3.808,309.668
4548.4,63.99,85.2,0.0,0.4,5,308.535,3.811,311.300
4548.4,64.22,85.2,0.0,0.5,5,305.578,3.816,313.758
4548.4,64.36,85.3,0.0,0.5,5,303.603,3.821,315.404
4548.4,64.59,85.3,0.0,0.6,5,300.634,3.829,317.885
4561.2,64.81,85.3,0.0,0.6,5,297.661,3.835,320.379
4561.2,64.96,85.3,0.0,0.6,5,295.675,3.838,322.050
4561.2,65.18,85.4,0.0,0.4,5,292.693,3.842,324.569
4561.2,65.33,85.4,0.0,0.5,5,290.702,3.841,326.257
4574.2,65.54,85.4,0.0,0.5,5,287.712,3.834,328.800
4574.2,65.69,85.4,0.0,0.5,5,285.715,3.830,330.504
4574.2,65.90,85.5,0.0,0.6,5,282.718,3.823,333.071
4574.2,66.04,85.5,0.0,0.4,5,280.716,3.816,334.791
4587.4,66.25,85.5,0.0,0.2,5,277.711,3.808,337.382
4587.4,66.39,85.6,0.0,0.3,5,275.705,3.807,339.117
4587.4,66.60,85.6,0.0,0.2,5,272.691,3.808,341.730
4587.4,66.73,85.6,0.0,0.2,5,270.678,3.810,343.479
4600.7,66.94,85.7,0.0,0.1,5,267.654,3.812,346.112
4600.7,67.08,85.7,0.0,0.1,5,265.634,3.815,347.873
4600.7,67.28,85.7,0.0,0.0,5,262.598,3.823,350.524
4614.1,67.48,85.8,0.0,0.0,5,259.555,3.835,353.185
4614.1,67.61,85.8,0.0,0.0,5,257.522,3.844,354.964
4614.1,67.81,85.8,0.0,0.1,5,254.465,3.859,357.640
4614.1,67.95,85.8,0.0,0.1,5,252.423,3.866,359.428
4627.7,68.14,85.8,0.0,-0.1,5,249.352,3.879,362.118
4627.7,68.26,85.9,0.0,-0.0,5,247.301,3.890,363.916
4627.7,68.47,85.9,0.0,0.2,5,244.217,3.905,366.620
4627.7,68.60,85.9,0.0,0.2,5,242.156,3.912,368.427
4641.4,68.78,85.9,0.0,0.1,5,239.058,3.921,371.145
4641.4,68.91,85.9,0.0,0.0,5,236.988,3.927,372.961
4641.4,69.10,86.0,0.0,0.0,5,233.876,3.931,375.692
4641.4,69.23,86.0,0.0,0.0,5,231.797,3.932,377.517
4655.2,69.41,86.0,0.0,0.0,5,228.673,3.931,380.261
4655.2,69.54,86.0,0.0,-0.0,5,226.585,3.929,382.095
4655.2,69.72,86.1,0.0,-0.0,5,223.447,3.924,384.852
4655.2,69.90,86.1,0.0,0.0,5,220.302,3.919,387.618
4669.1,70.02,86.1,0.0,0.0,5,218.201,3.916,389.465
4669.1,70.20,86.1,0.0,0.0,5,215.042,3.911,392.242
4669.1,70.32,86.1,0.0,0.0,5,212.932,3.906,394.098
4669.1,70.49,86.2,0.0,-0.0,5,209.761,3.898,396.888
4683.2,70.61,86.2,0.0,0.0,5,207.643,3.892,398.752
4683.2,70.69,0.0,0.0,0.0,0,204.460,3.886,401.555
4683.2,70.63,85.0,0.0,0.0,6,202.339,3.883,403.422
4683.2,70.80,85.0,0.0,0.0,6,199.155,3.877,406.226
4697.3,70.90,85.0,0.0,0.0,6,197.029,3.874,408.099
4697.3,71.06,85.1,0.0,0.1,6,193.833,3.870,410.914
4697.3,71.18,85.1,0.0,0.1,6,191.699,3.866,412.795
4697.3,71.34,85.1,0.0,0.0,6,188.492,3.860,415.622
4711.6,71.45,85.1,0.0,0.1,6,186.351,3.856,417.511
4711.6,71.60,85.1,0.0,0.1,6,183.133,3.852,420.350
4711.6,71.76,85.2,0.0,0.1,6,179.909,3.849,423.196
4711.6,71.87,85.2,0.0,0.1,6,177.757,3.847,425.098
4725.9,72.02,85.2,0.0,0.1,6,174.523,3.842,427.956
4725.9,72.13,85.2,0.0,0.1,6,172.363,3.838,429.867
4725.9,72.28,85.2,0.0,0.1,6,169.120,3.831,432.738
4725.9,72.38,85.2,0.0,0.1,6,166.954,3.827,434.656
4740.3,72.54,85.3,0.0,0.1,6,163.701,3.824,437.541
4740.3,72.64,85.3,0.0,0.1,6,161.530,3.823,439.468
4740.3,72.79,85.3,0.0,0.1,6,158.268,3.822,442.365
4740.3,72.89,85.3,0.0,0.1,6,156.091,3.823,444.300
4754.9,73.03,85.3,0.0,0.1,6,152.821,3.825,447.210
4754.9,73.13,85.4,0.0,0.1,6,150.638,3.828,449.154
4754.9,73.28,85.4,0.0,0.1,6,147.359,3.833,452.076
4754.9,73.38,85.4,0.0,0.0,6,145.170,3.834,454.028
4769.5,73.52,85.4,0.0,0.1,6,141.882,3.837,456.962
4769.5,73.67,85.4,0.0,0.1,6,138.589,3.840,459.903
4769.5,73.76,85.4,0.0,0.0,6,136.390,3.842,461.868
4769.5,73.91,85.5,0.0,0.0,6,133.088,3.844,464.821
4784.3,74.00,85.5,0.0,0.0,6,130.883,3.845,466.793
4784.3,74.14,85.5,0.0,0.0,6,127.572,3.848,469.756
4784.3,74.23,85.5,0.0,0.1,6,125.361,3.850,471.735
4784.3,74.37,85.5,0.0,0.1,6,122.039,3.851,474.708
4799.1,74.46,85.6,0.0,0.1,6,119.822,3.852,476.693
4799.1,74.60,85.7,0.0,0.0,6,116.491,3.853,479.676
4799.1,74.69,85.8,0.0,-0.0,6,114.267,3.852,481.668
4799.1,74.83,85.9,0.0,-0.0,6,110.926,3.850,484.661
4814.0,74.92,86.0,0.0,-0.0,6,108.695,3.848,486.659
4814.0,75.05,86.1,0.0,-0.0,6,105.344,3.842,489.660
4814.0,75.14,86.2,0.0,0.0,6,103.106,3.837,491.664
4814.0,75.27,86.3,0.0,0.0,6,99.745,3.828,494.674
4829.0,75.40,86.4,0.0,-0.0,6,96.377,3.819,497.689
4829.0,75.49,86.5,0.0,-0.0,6,94.129,3.812,499.702
4829.0,75.63,86.6,0.0,-0.0,6,90.751,3.798,502.726
4829.0,75.71,86.7,0.0,-0.0,6,88.496,3.787,504.744
4844.2,75.84,86.8,0.0,-0.0,6,85.109,3.769,507.777
4844.2,75.93,86.9,0.0,-0.0,6,82.847,3.756,509.801
4844.2,76.06,87.0,0.0,-0.0,6,79.450,3.736,512.842
4844.2,76.14,87.0,0.0,-0.1,6,77.182,3.722,514.872
4859.4,76.27,87.1,0.0,-0.1,6,73.775,3.701,517.921
4859.4,76.35,87.2,0.0,-0.1,6,71.501,3.686,519.956
4859.4,76.48,87.3,0.0,-0.0,6,68.084,3.663,523.013
4859.4,76.56,87.4,0.0,-0.1,6,65.803,3.647,525.053
4874.6,76.68,87.5,0.0,-0.1,6,62.376,3.622,528.117
4874.6,76.77,87.6,0.0,-0.1,6,60.087,3.603,530.162
4874.6,76.89,87.7,0.0,-0.0,6,56.649,3.574,533.232
4890.0,77.02,87.8,0.0,0.0,6,53.205,3.541,536.306
4890.0,77.10,87.8,0.0,0.0,6,50.905,3.518,538.358
4890.0,77.22,87.9,0.0,0.1,6,47.451,3.482,541.439
4890.0,77.30,88.0,0.0,0.2,6,45.145,3.457,543.496
4905.4,77.42,88.1,0.0,0.2,6,41.681,3.416,546.586
4905.4,77.50,88.1,0.0,0.2,6,39.370,3.387,548.649
4905.4,77.62,88.2,0.0,0.1,6,35.900,3.339,551.749
4905.4,77.70,88.3,0.0,0.1,6,33.584,3.302,553.820
4920.9,77.82,88.3,0.0,0.0,6,30.108,3.245,556.931
4920.9,77.90,88.4,0.0,0.0,6,27.789,3.207,559.009
4920.9,78.01,88.5,0.0,-0.0,6,24.308,3.149,562.132
4920.9,78.09,88.6,0.0,-0.0,6,21.985,3.110,564.217
4936.5,78.20,88.6,0.0,0.1,6,18.497,3.051,567.349
4936.5,78.28,88.7,0.0,0.0,6,16.170,3.010,569.441
4936.5,78.39,88.8,0.0,-0.2,6,12.674,2.950,572.582
4936.5,78.50,88.9,0.0,-0.5,6,9.173,2.891,575.728
4952.2,78.58,88.9,0.0,-0.5,6,6.836,2.852,577.826
4952.2,78.69,89.0,0.0,-0.4,6,3.322,2.798,580.974
4952.2,78.77,89.1,0.0,-0.3,6,0.975,2.762,583.072
4952.2,78.66,9.4,30.8,-0.4,6,-2.553,2.699,586.217
4967.9,78.18,0.0,66.9,-0.5,6,-4.898,2.657,588.302
4967.9,77.02,0.0,84.5,-0.5,6,-8.384,2.598,591.394
4967.9,76.14,0.0,88.9,-0.5,6,-10.680,2.561,593.424
4967.9,74.77,0.0,90.8,-0.3,6,-14.077,2.507,596.420
4983.2,73.86,0.0,91.5,-0.4,6,-16.311,2.472,598.384
4983.2,72.47,0.0,91.7,-0.4,6,-19.615,2.423,601.278
4983.2,71.57,0.0,93.1,-0.6,6,-21.787,2.390,603.173
4983.2,70.18,0.0,91.8,-0.8,6,-24.997,2.339,605.965
4997.5,69.26,0.0,91.8,-0.8,6,-27.106,2.304,607.792
4997.5,67.90,0.0,91.7,-0.7,6,-30.224,2.252,610.481
4997.5,66.54,0.0,91.7,-0.7,6,-33.289,2.203,613.106
4997.5,65.64,0.0,91.7,-0.8,6,-35.303,2.173,614.821
5010.9,64.29,0.0,92.1,-1.0,6,-38.281,2.128,617.340
5010.9,63.40,0.0,92.2,-1.0,6,-40.237,2.099,618.984
5010.9,62.05,0.0,91.9,-1.2,0,-43.129,2.055,621.397
5010.9,61.18,26.0,92.8,-1.2,0,-45.028,2.026,622.970
5023.4,59.84,0.0,92.7,-1.5,5,-47.836,1.982,625.276
5023.4,58.94,0.0,92.0,-1.7,5,-49.680,1.953,626.776
5023.4,57.62,0.0,92.0,-2.4,5,-52.407,1.911,628.969
5023.4,56.74,0.0,92.0,-2.8,5,-54.200,1.884,630.392
5035.0,55.43,0.0,92.3,-3.1,5,-56.852,1.844,632.467
5035.0,54.55,0.0,91.8,-3.3,5,-58.597,1.819,633.809
5035.0,53.27,30.8,90.7,-3.2,0,-61.179,1.780,635.760
5035.0,52.43,0.0,88.9,-3.0,4,-62.879,1.754,637.019
5045.7,51.17,0.0,71.9,-2.2,4,-65.397,1.716,638.843
5045.7,50.13,0.0,56.7,-1.5,4,-67.886,1.679,640.588
5045.7,49.55,0.0,51.2,-1.6,4,-69.536,1.656,641.709
5045.7,48.75,0.0,47.9,-3.0,4,-72.001,1.621,643.329
5055.6,48.24,0.0,51.9,-4.2,4,-73.639,1.599,644.370
5055.6,47.42,0.0,55.8,-6.1,4,-76.086,1.566,645.873
5055.6,46.86,0.0,51.9,-7.2,4,-77.708,1.545,646.837
5055.6,46.08,0.0,44.9,-7.5,4,-80.126,1.512,648.226
5064.9,45.61,0.0,37.9,-7.1,4,-81.731,1.491,649.115
5064.9,45.03,0.0,26.3,-7.1,4,-84.131,1.458,650.393
5064.9,44.71,0.0,22.9,-7.7,4,-85.730,1.436,651.209
5064.9,44.29,0.0,15.7,-8.6,4,-88.129,1.403,652.382
5073.7,44.07,0.0,21.2,-9.0,4,-89.731,1.380,653.129
5073.7,43.61,0.0,34.9,-9.9,4,-92.136,1.347,654.197
5073.7,43.22,0.0,38.6,-10.2,4,-93.737,1.325,654.873
5073.7,42.66,39.2,26.9,-9.8,0,-96.129,1.293,655.831
5082.4,42.21,0.0,16.0,-9.5,3,-98.514,1.261,656.721
5082.4,41.97,0.0,11.6,-9.8,3,-100.103,1.241,657.278
5082.4,41.68,0.0,7.0,-11.0,3,-102.488,1.210,658.059
5082.4,41.52,0.0,4.9,-11.9,3,-104.080,1.188,658.543
5091.0,41.31,0.0,2.0,-12.7,3,-106.472,1.157,659.215
5091.0,41.19,0.0,1.8,-13.4,3,-108.070,1.137,659.626
5091.0,41.01,0.0,1.9,-14.5,3,-110.472,1.107,660.189
5091.0,40.89,0.0,2.0,-14.8,3,-112.074,1.087,660.528
5099.6,40.70,0.0,3.2,-14.8,3,-114.480,1.057,660.981
5099.6,40.57,0.0,3.0,-14.8,3,-116.084,1.038,661.245
5099.6,40.36,0.0,3.4,-14.8,3,-118.488,1.009,661.584
5099.6,40.23,0.0,3.1,-14.5,3,-120.089,0.991,661.771
5107.9,40.03,0.0,4.1,-11.4,3,-122.487,0.965,661.992
5107.9,39.89,0.0,4.5,-10.3,3,-124.082,0.949,662.101
5107.9,39.69,0.0,4.0,-11.0,3,-126.467,0.927,662.208
5107.9,39.56,0.0,4.3,-10.6,3,-128.051,0.913,662.244
5116.3,39.36,0.0,3.9,-12.1,3,-130.419,0.892,662.248
5116.3,39.16,0.0,5.2,-13.1,3,-132.774,0.871,662.194
5116.3,39.02,0.0,5.3,-14.6,3,-134.337,0.857,662.125
5124.7,38.81,0.0,5.0,-15.4,3,-136.667,0.837,661.971
5124.7,38.67,0.0,1.6,-16.4,3,-138.210,0.824,661.834
5124.7,38.50,2.0,0.0,-17.2,3,-140.511,0.806,661.576
5124.7,38.40,2.2,0.0,-15.5,3,-142.035,0.793,661.368
5132.7,38.23,0.0,0.3,-13.4,3,-144.304,0.775,661.001
5132.7,38.13,0.0,1.0,-14.3,3,-145.806,0.764,660.721
5132.7,37.96,0.0,0.4,-16.9,3,-148.039,0.746,660.248
5132.7,37.85,0.3,0.0,-18.6,3,-149.515,0.735,659.898
5141.0,37.68,1.0,0.0,-20.7,3,-151.706,0.719,659.320
5141.0,37.57,2.0,0.0,-21.6,3,-153.151,0.708,658.899
5141.0,37.41,1.7,0.0,-22.7,3,-155.294,0.693,658.214
5141.0,37.29,0.3,2.7,-23.3,3,-156.704,0.683,657.721
5148.8,37.08,0.0,8.4,-23.6,3,-158.790,0.668,656.929
5148.8,36.82,0.0,1.8,-23.4,3,-160.835,0.654,656.072
5148.8,36.68,4.4,0.0,-22.5,3,-162.174,0.647,655.464
5148.8,36.52,8.4,0.0,-21.1,3,-164.145,0.639,654.495
5157.1,36.44,17.3,0.0,-20.1,3,-165.434,0.636,653.812
5157.1,36.36,13.8,0.0,-18.0,3,-167.333,0.633,652.732
5157.1,36.29,12.4,0.0,-17.3,3,-168.574,0.633,651.977
5157.1,36.17,7.0,0.0,-18.4,3,-170.401,0.630,650.797
5165.4,36.08,4.9,0.0,-21.1,3,-171.593,0.626,649.981
5165.4,35.95,20.2,0.0,-25.8,3,-173.342,0.619,648.712
5165.4,35.92,32.5,0.0,-28.4,3,-174.479,0.616,647.834
5165.4,35.94,35.8,0.0,-31.6,3,-176.141,0.618,646.462
5173.1,35.97,37.4,0.0,-33.8,3,-177.223,0.621,645.515
5173.1,36.03,39.9,0.0,-38.1,3,-178.810,0.626,644.050
5173.1,36.06,34.4,0.0,-42.4,3,-180.353,0.630,642.534
5173.1,36.05,23.5,0.0,-45.4,3,-181.356,0.633,641.497
5181.1,35.93,15.2,0.0,-47.8,3,-182.814,0.639,639.904
5181.1,35.84,13.9,0.0,-48.2,3,-183.753,0.643,638.819
5181.1,35.69,13.1,0.0,-47.5,3,-185.111,0.652,637.157
5181.1,35.60,17.0,0.0,-47.1,3,-185.981,0.659,636.027
5188.4,35.50,20.5,0.0,-46.1,3,-187.234,0.669,634.302
5188.4,35.45,25.3,0.0,-45.9,3,-188.037,0.676,633.132
5188.4,35.38,24.1,0.0,-44.7,3,-189.189,0.686,631.346
5188.4,35.33,19.7,0.0,-43.8,3,-189.923,0.693,630.138
5195.6,35.22,16.9,0.0,-42.2,3,-190.971,0.705,628.298
5195.6,35.15,15.9,0.0,-40.6,3,-191.634,0.714,627.057
5195.6,35.06,20.5,0.0,-37.4,3,-192.575,0.725,625.172
5195.6,35.02,24.5,0.0,-35.0,3,-193.168,0.732,623.902
5202.4,35.01,34.1,0.0,-30.6,3,-194.005,0.740,621.976
5202.4,35.11,54.5,0.0,-25.7,3,-194.780,0.747,620.022
5202.4,35.25,70.9,0.0,-22.0,3,-195.264,0.750,618.701
5202.4,35.56,70.0,0.0,-15.7,3,-195.944,0.754,616.689
5209.2,35.75,64.8,0.0,-11.6,3,-196.366,0.755,615.327
5209.2,36.02,67.9,0.0,-6.6,3,-196.952,0.756,613.256
5209.2,36.22,73.1,0.0,-4.3,3,-197.311,0.758,611.857
5209.2,36.58,77.7,0.0,-3.4,3,-197.801,0.760,609.729
5216.2,36.83,78.7,0.0,-3.9,3,-198.097,0.762,608.292
5216.2,37.22,79.6,0.0,-6.6,3,-198.498,0.765,606.108
5216.2,37.49,80.6,0.0,-8.4,3,-198.737,0.768,604.634
5216.2,37.90,81.6,0.0,-10.0,3,-199.057,0.772,602.396
5223.6,38.17,82.7,0.0,-11.6,3,-199.246,0.776,600.887
5223.6,38.59,83.0,0.0,-10.0,3,-199.494,0.783,598.598
5223.6,38.88,83.2,0.0,-8.1,3,-199.636,0.788,597.055
5223.6,39.30,83.3,0.0,-5.2,3,-199.813,0.798,594.717
5231.4,39.74,83.4,0.0,-3.1,3,-199.953,0.809,592.351
5231.4,40.04,83.5,0.0,-1.8,3,-200.027,0.818,590.758
5231.4,40.41,59.7,0.0,0.2,3,-200.116,0.833,588.346
5231.4,40.52,35.3,0.0,1.5,3,-200.166,0.844,586.728
5239.4,40.48,4.3,30.1,3.5,3,-200.238,0.861,584.297
5239.4,40.13,0.0,52.3,4.5,3,-200.289,0.871,582.684
5239.4,39.32,0.0,55.4,5.5,3,-200.377,0.887,580.300
5239.4,38.78,0.0,49.6,6.2,3,-200.446,0.897,578.739
5247.4,38.05,0.0,43.0,7.2,3,-200.570,0.914,576.436
5247.4,37.61,0.0,35.3,7.9,3,-200.670,0.925,574.926
5247.4,37.08,0.0,26.1,8.9,3,-200.850,0.941,572.692
5247.4,36.78,0.0,21.5,9.6,3,-200.991,0.952,571.221
5255.0,36.41,0.0,13.7,11.1,3,-201.237,0.967,569.039
5255.0,36.21,0.0,10.8,12.2,3,-201.425,0.976,567.599
5255.0,35.95,0.0,7.5,13.6,3,-201.748,0.989,565.458
5262.4,35.72,0.0,9.2,13.2,3,-202.123,1.002,563.341
5262.4,35.55,0.0,9.1,12.1,3,-202.402,1.011,561.943
5262.4,35.31,0.0,7.9,12.0,3,-202.862,1.026,559.867
5262.4,35.15,0.0,8.1,12.6,0,-203.197,1.035,558.498
5270.0,34.94,0.0,23.6,12.6,2,-203.742,1.050,556.466
5270.0,34.63,0.0,30.1,12.5,2,-204.133,1.061,555.130
5270.0,34.12,0.0,26.9,13.1,2,-204.755,1.079,553.163
5270.0,33.70,0.0,59.0,13.3,2,-205.192,1.090,551.877
5277.1,32.84,0.0,43.8,12.6,2,-205.873,1.108,549.999
5277.1,32.38,0.0,33.3,11.8,2,-206.345,1.120,548.783
5277.1,31.86,0.0,21.2,11.2,2,-207.085,1.139,547.003
5277.1,31.59,0.0,17.0,11.6,2,-207.601,1.152,545.844
5284.7,31.25,0.0,13.6,13.3,2,-208.410,1.172,544.141
5284.7,31.04,0.0,17.3,14.7,2,-208.973,1.186,543.029
5284.7,30.67,0.0,21.0,17.0,2,-209.846,1.207,541.396
5284.7,30.28,0.0,16.4,18.2,2,-210.753,1.227,539.808
5291.5,30.06,0.0,13.5,18.5,2,-211.378,1.239,538.775
5291.5,29.76,0.0,11.7,19.1,2,-212.346,1.258,537.264
5291.5,29.57,0.0,7.4,19.6,2,-213.013,1.270,536.282
5291.5,29.35,0.0,4.6,20.6,2,-214.046,1.288,534.848
5298.0,29.22,0.0,4.4,21.5,2,-214.758,1.300,533.917
5298.0,29.04,0.0,0.3,22.9,2,-215.859,1.316,532.560
5298.0,28.93,0.0,0.3,23.7,2,-216.616,1.327,531.681
5298.0,28.78,0.0,1.5,25.3,2,-217.784,1.342,530.403
5304.6,28.67,2.1,0.2,26.5,0,-218.585,1.352,529.579
5304.6,28.57,6.1,0.0,27.6,1,-219.819,1.366,528.385
5304.6,28.48,7.0,0.0,28.0,1,-220.664,1.374,527.619
5304.6,28.35,6.9,0.0,28.8,1,-221.963,1.387,526.514
5310.6,28.30,17.1,0.0,29.5,1,-222.849,1.394,525.808
5310.6,28.30,22.6,0.0,31.1,1,-224.211,1.405,524.795
5310.6,28.31,23.7,0.0,32.4,1,-225.140,1.411,524.149
5310.6,28.35,28.0,0.0,34.7,1,-226.566,1.420,523.224
5316.4,28.42,26.9,0.0,37.4,1,-228.029,1.428,522.353
5316.4,28.44,24.5,0.0,39.6,1,-229.024,1.433,521.802
5316.4,28.43,20.9,0.0,42.7,1,-230.542,1.440,521.022
5316.4,28.43,22.4,0.0,44.5,1,-231.570,1.443,520.535
5322.3,28.43,25.1,0.0,47.2,1,-233.133,1.448,519.854
5322.3,28.44,24.4,0.0,48.9,1,-234.190,1.450,519.432
5322.3,28.43,22.9,0.0,51.7,1,-235.794,1.453,518.851
5322.3,28.40,17.7,0.0,53.5,1,-236.874,1.455,518.498
5328.2,28.31,14.1,0.0,55.5,1,-238.508,1.457,518.022
5328.2,28.25,16.8,0.0,56.6,1,-239.604,1.458,517.741
5328.2,28.16,15.0,0.0,58.3,1,-241.257,1.458,517.375
5328.2,28.09,15.1,0.0,59.5,1,-242.362,1.458,517.168
5334.0,27.95,11.5,0.0,60.3,1,-244.024,1.457,516.912
5334.0,27.82,11.3,0.0,57.3,1,-245.687,1.455,516.724
5334.0,27.72,11.3,0.0,58.2,1,-246.795,1.454,516.636
5334.0,27.59,11.6,0.0,59.4,1,-248.452,1.450,516.561
5339.8,27.50,11.4,0.0,60.0,1,-249.554,1.448,516.548
5339.8,27.36,11.1,0.0,58.1,1,-251.200,1.443,516.583
5339.8,27.27,11.1,0.0,58.4,1,-252.291,1.440,516.644
5339.8,27.14,11.5,0.0,58.2,1,-253.917,1.434,516.788
5345.4,27.05,11.6,0.0,56.8,1,-254.993,1.429,516.921
5345.4,26.93,12.3,0.0,56.4,1,-256.593,1.422,517.174
5345.4,26.86,13.0,0.0,57.3,1,-257.649,1.417,517.378
5345.4,26.78,17.1,0.0,56.9,1,-259.218,1.408,517.737
5350.9,26.72,13.1,0.0,56.4,1,-260.253,1.401,518.010
5350.9,26.61,12.9,0.0,56.2,1,-261.786,1.389,518.469
5350.9,26.55,13.9,0.0,57.9,1,-262.793,1.381,518.808
5350.9,26.45,13.3,0.0,56.8,1,-264.282,1.366,519.365
5356.4,26.38,12.4,0.0,53.1,1,-265.258,1.356,519.769
5356.4,26.29,16.6,0.0,45.4,1,-266.696,1.340,520.424
5356.4,26.32,33.1,0.0,40.4,1,-268.103,1.323,521.137
5356.4,26.47,55.4,0.0,36.1,1,-269.027,1.312,521.645
5361.8,26.88,65.5,0.0,25.8,1,-270.404,1.294,522.459
5361.8,27.18,59.1,0.0,19.9,1,-271.318,1.282,523.036
5361.8,27.62,62.0,0.0,15.5,1,-272.682,1.263,523.951
5361.8,27.92,62.4,0.0,11.9,1,-273.587,1.249,524.595
5367.5,28.37,60.6,0.0,5.8,1,-274.938,1.228,525.606
5367.5,28.67,59.0,0.0,4.9,1,-275.837,1.214,526.307
5367.5,29.10,58.6,0.0,7.3,1,-277.185,1.191,527.396
5367.5,29.38,58.9,0.0,9.8,1,-278.084,1.177,528.143
5373.5,29.79,56.9,0.0,16.4,1,-279.432,1.156,529.297
5373.5,30.05,56.7,0.0,19.9,1,-280.327,1.141,530.090
5373.5,30.42,57.8,0.0,23.2,1,-281.659,1.119,531.320
5373.5,30.67,56.6,0.0,24.8,1,-282.538,1.104,532.168
5380.3,31.00,55.1,0.0,26.0,1,-283.835,1.081,533.487
5380.3,31.22,55.2,0.0,25.8,1,-284.682,1.066,534.397
5380.3,31.55,55.2,0.0,25.7,1,-285.925,1.043,535.810
5387.0,31.87,55.3,0.0,26.4,1,-287.129,1.021,537.281
5387.0,32.08,56.5,0.0,27.1,1,-287.910,1.007,538.294
5387.0,32.40,57.1,0.0,28.5,1,-289.046,0.985,539.858
5387.0,32.61,56.3,0.0,29.6,1,-289.778,0.971,540.932
5394.5,32.92,56.8,0.0,31.6,1,-290.839,0.948,542.586
5401.7,34.13,50.5,0.0,41.5,1,-295.110,0.848,550.945
5401.7,34.35,50.4,0.0,44.9,1,-295.869,0.827,552.854
5401.7,34.44,40.9,0.0,46.0,1,-296.343,0.812,554.145
5409.7,34.47,26.8,0.0,46.4,1,-297.000,0.792,556.106
5417.1,34.39,27.3,0.0,43.9,1,-299.142,0.714,565.482
5417.1,34.40,30.3,0.0,41.9,1,-299.401,0.700,567.529
5424.7,34.41,27.6,0.0,39.5,1,-299.536,0.691,568.898
5424.7,34.52,54.7,0.0,34.9,1,-299.680,0.678,570.960
5424.7,34.71,63.9,0.0,30.9,1,-299.738,0.670,572.342
5424.7,35.07,79.3,0.0,23.4,0,-299.771,0.657,574.434
5431.8,35.05,0.0,0.0,18.2,0,-299.754,0.649,575.837
5431.8,35.38,84.6,0.0,9.5,2,-299.670,0.638,577.944
5431.8,35.74,84.7,0.0,4.6,2,-299.580,0.631,579.363
5431.8,36.26,84.9,0.0,0.5,2,-299.399,0.622,581.514
5439.1,36.63,84.9,0.0,-0.1,2,-299.251,0.617,582.964
5439.1,37.19,84.9,0.0,2.3,2,-298.989,0.608,585.162
5439.1,37.54,85.1,0.0,5.1,2,-298.792,0.603,586.643
5439.1,38.08,85.2,0.0,7.7,2,-298.465,0.594,588.887
5446.7,38.43,85.3,0.0,9.0,2,-298.228,0.589,590.398
5446.7,38.94,85.4,0.0,9.1,2,-297.839,0.579,592.685
5446.7,39.45,85.6,0.0,7.8,2,-297.407,0.569,594.996
5446.7,39.79,85.7,0.0,7.4,2,-297.095,0.561,596.549
5454.5,40.28,85.8,0.0,6.8,2,-296.586,0.546,598.895
5454.5,40.62,85.9,0.0,6.4,2,-296.221,0.536,600.471
5454.5,41.11,86.0,0.0,7.3,2,-295.632,0.518,602.850
5454.5,41.43,86.1,0.0,7.9,2,-295.213,0.505,604.446
5462.5,41.91,86.1,0.0,8.6,2,-294.544,0.481,606.854
5462.5,42.22,86.2,0.0,8.8,0,-294.068,0.466,608.467
5462.5,42.24,84.2,0.0,8.9,3,-293.311,0.443,610.885
5462.5,42.52,84.4,0.0,9.1,3,-292.778,0.427,612.493
5470.9,42.95,84.5,0.0,9.0,3,-291.933,0.401,614.912
5470.9,43.23,84.6,0.0,8.8,3,-291.338,0.382,616.530
5470.9,43.66,84.7,0.0,9.5,3,-290.398,0.353,618.960
5470.9,43.93,84.9,0.0,9.9,3,-289.739,0.331,620.582
5479.5,44.33,85.0,0.0,9.5,3,-288.702,0.296,623.017
5479.5,44.75,85.0,0.0,7.9,3,-287.603,0.258,625.452
5479.5,45.02,85.1,0.0,7.6,3,-286.834,0.233,627.073
5488.5,45.43,85.2,0.0,8.5,3,-285.626,0.196,629.502
5488.5,45.68,85.3,0.0,9.3,3,-284.785,0.170,631.118
5488.5,46.08,85.3,0.0,8.7,3,-283.472,0.129,633.536
5488.5,46.35,85.4,0.0,8.5,3,-282.560,0.103,635.144
5497.6,46.73,85.6,0.0,8.3,3,-281.138,0.064,637.546
5497.6,46.99,85.6,0.0,7.3,3,-280.154,0.039,639.140
5497.6,47.40,85.5,0.0,6.6,3,-278.621,0.009,641.519
5497.6,47.59,85.9,0.0,8.3,3,-277.564,-0.007,643.097
5507.0,48.04,85.7,0.0,8.8,3,-275.936,-0.038,645.458
5507.0,48.28,85.7,0.0,9.4,3,-274.820,-0.060,647.027
5507.0,48.65,85.8,0.0,8.2,3,-273.099,-0.094,649.369
5507.0,48.90,85.9,0.0,6.9,3,-271.916,-0.113,650.920
5516.6,49.27,85.9,0.0,5.5,3,-270.089,-0.131,653.229
5516.6,49.64,86.1,0.0,5.5,3,-268.205,-0.142,655.520
5516.6,49.89,86.1,0.0,4.9,3,-266.922,-0.149,657.042
5516.6,50.26,86.1,0.0,3.7,3,-264.959,-0.159,659.316
5526.3,50.52,86.2,0.0,2.9,3,-263.627,-0.167,660.829
5526.3,50.90,86.2,0.0,1.1,3,-261.595,-0.178,663.092
5526.3,51.03,0.0,0.0,0.0,0,-260.221,-0.186,664.600
5526.3,51.13,84.3,0.0,-1.0,4,-258.147,-0.196,666.851
5536.2,51.35,84.3,0.0,-1.4,4,-256.755,-0.202,668.355
5536.2,51.68,81.0,0.0,-1.5,4,-254.654,-0.212,670.622
5536.2,51.88,72.4,0.0,-1.7,4,-253.248,-0.219,672.143
5536.2,52.10,64.4,0.0,-1.5,4,-251.137,-0.228,674.438
5551.0,52.25,64.4,0.0,-1.4,4,-249.729,-0.234,675.979
5551.0,52.46,64.5,0.0,-1.2,4,-247.618,-0.243,678.304
5551.0,52.60,64.6,0.0,-0.9,4,-246.211,-0.249,679.864
5551.0,52.81,64.7,0.0,-0.7,4,-244.101,-0.256,682.218
5562.3,53.03,64.7,0.0,-0.2,4,-241.989,-0.264,684.589
5562.3,53.17,64.6,0.0,0.2,4,-240.580,-0.268,686.178
5562.3,53.38,64.9,0.0,0.6,4,-238.461,-0.274,688.571
5562.3,53.52,65.0,0.0,0.8,4,-237.044,-0.278,690.172
5573.4,53.73,65.3,0.0,0.8,4,-234.911,-0.283,692.580
5573.4,53.87,65.4,0.0,0.7,4,-233.482,-0.286,694.188
5573.4,54.08,65.7,0.0,0.9,4,-231.327,-0.290,696.606
5573.4,54.22,65.7,0.0,1.1,4,-229.883,-0.292,698.220
5584.7,54.43,65.9,0.0,1.7,4,-227.704,-0.294,700.643
5584.7,54.57,66.0,0.0,1.9,4,-226.241,-0.295,702.259
5584.7,54.78,66.2,0.0,1.9,4,-224.031,-0.296,704.683
5584.7,54.92,66.4,0.0,1.7,4,-222.546,-0.297,706.297
5596.2,55.12,66.6,0.0,1.4,4,-220.300,-0.296,708.717
5596.2,55.26,66.8,0.0,1.2,4,-218.792,-0.295,710.328
5596.2,55.47,66.9,0.0,1.2,4,-216.512,-0.294,712.744
5596.2,55.60,67.1,0.0,0.9,4,-214.981,-0.292,714.353
5607.8,55.81,67.2,0.0,0.7,4,-212.670,-0.288,716.768
5607.8,56.02,67.4,0.0,0.4,4,-210.343,-0.283,719.184
5607.8,56.15,67.5,0.0,0.5,4,-208.784,-0.279,720.796
5607.8,56.36,67.8,0.0,0.4,4,-206.433,-0.272,723.217
5619.8,56.49,68.0,0.0,0.7,4,-204.858,-0.267,724.833
5619.8,56.69,68.2,0.0,0.9,4,-202.485,-0.257,727.262
5619.8,56.83,68.4,0.0,1.2,4,-200.895,-0.250,728.882
5619.8,57.03,68.6,0.0,1.5,4,-198.498,-0.238,731.315
5631.6,57.16,68.9,0.0,1.8,4,-196.891,-0.229,732.937
5631.6,57.37,69.4,0.0,2.1,4,-194.463,-0.215,735.369
5631.6,57.50,69.6,0.0,2.3,4,-192.834,-0.204,736.987
5631.6,57.70,70.0,0.0,2.6,4,-190.370,-0.185,739.410
5643.6,57.83,70.2,0.0,2.7,4,-188.714,-0.173,741.021
5643.6,58.03,70.5,0.0,2.7,4,-186.208,-0.154,743.429
5643.6,58.17,70.6,0.0,2.6,4,-184.523,-0.142,745.029
5643.6,58.36,70.8,0.0,2.4,4,-181.972,-0.125,747.418
5655.8,58.56,71.0,0.0,2.1,4,-179.393,-0.111,749.796
5655.8,58.70,71.1,0.0,2.2,4,-177.660,-0.101,751.375
5655.8,58.89,71.3,0.0,2.4,4,-175.037,-0.089,753.734
5655.8,59.02,71.5,0.0,2.6,4,-173.274,-0.081,755.300
5668.3,59.22,71.7,0.0,3.0,4,-170.608,-0.070,757.639
5668.3,59.35,71.9,0.0,3.2,4,-168.816,-0.064,759.191
5668.3,59.54,72.3,0.0,3.3,4,-166.104,-0.055,761.507
5668.3,59.67,72.7,0.0,3.4,4,-164.279,-0.049,763.041
5680.7,59.86,73.2,0.0,3.6,4,-161.516,-0.040,765.327
5680.7,59.99,73.5,0.0,3.6,4,-159.657,-0.035,766.840
5680.7,60.19,73.5,0.0,3.3,4,-156.841,-0.027,769.091
5680.7,60.31,71.1,0.0,3.0,4,-154.947,-0.022,770.580
5693.5,60.39,30.8,22.4,2.7,4,-152.080,-0.014,772.794
5693.5,60.11,0.0,38.4,2.4,4,-150.159,-0.009,774.253
5693.5,59.39,0.0,47.3,1.8,4,-147.288,-0.002,776.403
5705.9,58.59,0.0,51.1,1.0,4,-144.437,0.006,778.504
5705.9,58.04,0.0,52.3,0.9,4,-142.550,0.010,779.878
5705.9,57.19,0.0,53.1,1.0,4,-139.743,0.016,781.898
5705.9,56.63,0.0,53.4,1.2,4,-137.888,0.019,783.220
5717.9,55.78,0.0,53.7,1.4,4,-135.131,0.022,785.164
5717.9,55.21,0.0,54.0,1.6,4,-133.311,0.025,786.436
5717.9,54.36,0.0,54.0,1.8,4,-130.606,0.027,788.308
5717.9,53.80,0.0,54.2,2.0,4,-128.821,0.029,789.531
5729.3,52.95,0.0,54.2,2.3,4,-126.168,0.032,791.328
5729.3,52.39,0.0,54.5,2.4,4,-124.417,0.033,792.501
5729.3,51.54,0.0,54.5,2.5,4,-121.814,0.036,794.221
5729.3,50.98,0.0,54.8,2.7,4,-120.095,0.037,795.341
5740.1,50.14,0.0,54.6,2.8,4,-117.541,0.040,796.981
5740.1,49.58,0.0,54.9,2.9,4,-115.854,0.042,798.046
5740.1,48.74,0.0,54.8,3.3,4,-113.348,0.046,799.604
5740.1,47.90,0.0,54.9,3.5,4,-110.869,0.050,801.111
5750.4,47.34,0.0,54.8,3.9,4,-109.232,0.053,802.087
5750.4,46.51,0.0,55.0,4.0,4,-106.800,0.058,803.508
5750.4,45.95,0.0,54.9,4.4,4,-105.193,0.062,804.426
5750.4,45.12,0.0,54.2,4.8,4,-102.806,0.069,805.758
5760.1,44.57,0.0,53.7,5.0,4,-101.229,0.075,806.615
5760.1,43.76,0.0,52.0,5.3,4,-98.884,0.086,807.853
5760.1,43.23,0.0,50.2,5.5,0,-97.335,0.095,808.647
5760.1,42.49,0.0,49.0,5.9,3,-95.030,0.109,809.790
5769.3,41.99,0.0,46.6,6.0,3,-93.505,0.118,810.521
5769.3,41.27,0.0,43.4,6.5,3,-91.237,0.131,811.570
5769.3,40.81,0.0,41.8,7.0,3,-89.736,0.139,812.238
5769.3,40.15,0.0,39.7,8.0,3,-87.501,0.151,813.191
5778.0,39.51,0.0,37.8,8.1,3,-85.284,0.160,814.085
5778.0,39.10,0.0,36.5,8.1,3,-83.815,0.166,814.649
5778.0,38.50,0.0,34.8,8.6,3,-81.627,0.173,815.446
5778.0,38.12,0.0,34.3,8.0,3,-80.177,0.177,815.944
5786.0,37.55,0.0,33.4,6.8,3,-78.016,0.182,816.643
5786.0,37.18,0.0,34.9,6.6,3,-76.585,0.185,817.077
5786.0,36.59,0.0,38.1,5.9,3,-74.456,0.188,817.683
5786.0,36.19,0.0,39.7,5.1,3,-73.048,0.189,818.059
5793.9,35.56,36.8,43.6,4.8,0,-70.959,0.190,818.581
5793.9,35.13,0.0,46.1,4.2,2,-69.581,0.190,818.904
5793.9,34.42,0.0,47.4,3.2,2,-67.542,0.190,819.354
5793.9,33.94,0.0,48.6,3.1,2,-66.203,0.189,819.633
5801.1,33.21,0.0,49.5,3.0,2,-64.225,0.188,820.024
5801.1,32.47,0.0,49.8,2.6,2,-62.286,0.186,820.384
5801.1,31.99,0.0,50.5,2.3,2,-61.015,0.185,820.609
5801.1,31.25,0.0,50.8,2.5,2,-59.144,0.182,820.927
5807.9,30.76,0.0,50.9,2.3,2,-57.919,0.180,821.128
5807.9,30.02,0.0,52.4,1.6,2,-56.117,0.177,821.411
5807.9,29.52,0.0,52.9,1.1,0,-54.939,0.174,821.590
5807.9,28.79,0.0,53.3,0.9,1,-53.207,0.170,821.846
5814.3,28.26,0.0,53.5,0.9,1,-52.076,0.166,822.008
5814.3,27.48,0.0,54.0,0.4,1,-50.418,0.161,822.241
5814.3,26.96,0.0,54.0,0.3,1,-49.338,0.158,822.388
5814.3,26.19,0.0,53.4,0.3,1,-47.755,0.154,822.599
5820.1,25.68,0.0,53.1,0.3,1,-46.726,0.152,822.734
5820.1,24.92,0.0,53.1,0.3,1,-45.219,0.151,822.929
5820.1,24.41,0.0,52.7,0.4,1,-44.239,0.152,823.054
5820.1,23.65,0.0,51.7,0.6,1,-42.807,0.156,823.235
5825.0,22.92,0.0,50.9,0.8,1,-41.420,0.164,823.409
5825.0,22.44,0.0,50.1,0.8,1,-40.519,0.170,823.521
5825.0,21.73,0.0,49.3,0.7,1,-39.202,0.181,823.683
5825.0,21.26,0.0,50.3,0.7,1,-38.348,0.188,823.788
5829.8,20.55,0.0,49.2,0.7,1,-37.101,0.198,823.939
5829.8,20.09,0.0,49.1,0.6,1,-36.294,0.205,824.037
5829.8,19.47,0.0,29.6,0.5,1,-35.115,0.216,824.178
5829.8,19.16,0.0,27.2,0.4,1,-34.347,0.223,824.269
5834.1,18.73,0.0,24.5,0.2,1,-33.218,0.233,824.403
5834.1,18.46,0.0,22.7,-0.3,1,-32.478,0.240,824.490
5834.1,18.08,0.0,20.3,-0.6,1,-31.389,0.250,824.620
5834.1,17.80,0.0,29.1,-0.6,1,-30.676,0.257,824.705
5837.7,17.36,0.0,19.8,-0.6,1,-29.628,0.267,824.831
5837.7,17.13,0.0,13.4,-0.5,1,-28.943,0.273,824.913
5837.7,16.88,0.0,6.5,-0.4,1,-27.930,0.282,825.036
5841.4,16.71,0.0,1.5,-0.3,1,-26.930,0.292,825.158
5841.4,16.64,0.7,0.1,-0.3,1,-26.267,0.298,825.239
5841.4,16.56,4.1,0.0,-0.2,1,-25.279,0.307,825.359
5841.4,16.52,5.7,0.0,-0.1,1,-24.622,0.313,825.440
5845.0,16.48,7.4,0.0,-0.1,1,-23.639,0.322,825.560
5845.0,16.46,8.3,0.0,-0.1,1,-22.985,0.328,825.640
5845.0,16.44,9.9,0.0,-0.1,1,-22.006,0.336,825.760
5845.0,16.43,10.7,0.0,-0.1,1,-21.354,0.342,825.840
5848.5,16.42,11.3,0.0,-0.0,1,-20.376,0.351,825.960
5848.5,16.42,11.6,0.0,-0.0,1,-19.724,0.357,826.039
5848.5,16.41,11.8,0.0,-0.0,1,-18.746,0.366,826.159
5848.5,16.41,11.9,0.0,-0.0,1,-18.094,0.372,826.239
5851.7,16.41,12.0,0.0,-0.0,1,-17.117,0.381,826.359
5851.7,16.41,12.0,0.0,-0.0,1,-16.465,0.387,826.439
5851.7,16.41,12.0,0.0,0.2,1,-15.488,0.395,826.559
5851.7,16.41,12.0,0.0,0.4,1,-14.836,0.401,826.639
5855.2,16.41,12.0,0.0,0.4,1,-13.859,0.410,826.758
5855.2,16.41,12.0,0.0,0.4,1,-12.881,0.418,826.877
5855.2,16.41,12.0,0.0,0.4,1,-12.230,0.424,826.956
5855.2,16.41,12.0,0.0,0.4,1,-11.252,0.432,827.074
5858.7,16.41,12.0,0.0,0.4,1,-10.600,0.438,827.153
5858.7,16.41,12.0,0.0,0.3,1,-9.623,0.447,827.270
5858.7,16.41,12.0,0.0,0.3,1,-8.971,0.453,827.348
5858.7,16.41,12.1,0.0,0.3,1,-7.994,0.462,827.466
5862.3,16.41,12.1,0.0,0.3,1,-7.342,0.469,827.544
5862.3,16.41,12.1,0.0,0.3,1,-6.364,0.479,827.660
5862.3,16.41,12.1,0.0,0.3,1,-5.712,0.487,827.738
5862.3,16.41,12.2,0.0,0.3,1,-4.735,0.498,827.854
5865.6,16.41,12.2,0.0,0.3,1,-4.083,0.506,827.932
5865.6,16.41,12.2,0.0,0.2,1,-3.106,0.518,828.047
5865.6,16.41,12.2,0.0,0.2,1,-2.454,0.526,828.124
5865.6,16.41,12.3,0.0,0.2,1,-1.476,0.539,828.240
-0.1,16.41,12.3,0.0,0.2,1,-0.824,0.548,828.316
