opponent,v3,Sébastien Buemi,0,1771613229943
Game,version,date,track,car,event,laptime [s],S1 [s],S2 [s],S3 [s],S4+ [s]
LMU,1.2,2026-02-20 18:47:09,Silverstone Grand Prix Circuit - ELMS,Toyota Gazoo Racing 2025 #8:LM (Hyper),Live,781.248,0,0,0
Tracklen [m],TotalLaps
5869.1,4
,
,
lapdistance [m],speed [m/s],throttle [%],brake [%],steer [%],gear [int],world_x [m],world_y [m],world_z [m]
7.3,16.45,13.6,0.0,-0.1,1,9.595,0.639,829.534
7.3,16.45,13.6,0.0,-0.1,1,10.249,0.644,829.610
7.3,16.45,13.6,0.0,-0.1,1,11.229,0.651,829.725
7.3,16.45,13.6,0.0,-0.1,1,11.882,0.655,829.801
10.8,16.45,13.6,0.0,-0.1,1,12.863,0.662,829.915
10.8,16.45,13.6,0.0,-0.0,1,13.516,0.667,829.992
10.8,16.45,13.6,0.0,1.3,1,14.496,0.674,830.106
10.8,16.45,13.6,0.0,2.3,1,15.150,0.679,830.181
14.1,16.45,13.6,0.0,4.8,1,16.131,0.686,830.291
14.1,16.44,13.8,0.0,17.0,1,16.785,0.691,830.360
14.1,16.42,14.8,0.0,20.3,1,17.767,0.698,830.448
14.1,16.42,15.4,0.0,21.3,1,18.422,0.703,830.493
17.5,16.42,15.6,0.0,23.3,1,19.406,0.711,830.541
17.5,16.42,15.7,0.0,25.2,1,20.062,0.716,830.559
17.5,16.41,15.9,0.0,28.7,1,21.047,0.724,830.564
20.9,16.41,16.3,0.0,33.0,1,22.031,0.731,830.539
20.9,16.40,16.7,0.0,36.2,1,22.686,0.736,830.503
20.9,16.39,17.3,0.0,41.3,1,23.666,0.742,830.418
20.9,16.38,17.9,0.0,44.7,1,24.317,0.746,830.339
24.1,16.37,18.9,0.0,48.7,1,25.287,0.751,830.184
24.1,16.36,19.6,0.0,49.7,1,25.928,0.754,830.055
24.1,16.27,1.7,10.8,46.7,1,26.881,0.758,829.822
24.1,16.11,0.0,20.6,39.8,1,27.503,0.760,829.643
27.3,15.73,0.0,32.8,26.6,1,28.414,0.763,829.350
27.3,15.40,0.0,37.5,19.9,1,29.003,0.764,829.146
27.3,14.85,0.0,40.5,12.7,1,29.858,0.767,828.839
27.3,14.47,0.0,40.4,7.3,1,30.409,0.769,828.636
30.0,13.91,0.0,38.9,-4.5,1,31.209,0.773,828.340
30.0,13.37,0.0,36.4,-4.3,1,31.980,0.776,828.064
30.0,13.03,0.0,34.9,-12.0,1,32.479,0.779,827.889
30.0,12.55,0.0,33.5,-15.8,1,33.207,0.783,827.644
32.5,12.25,0.0,32.5,-20.9,1,33.680,0.785,827.492
32.5,11.80,0.0,30.5,-29.5,1,34.371,0.789,827.285
32.5,11.51,0.0,29.2,-35.9,1,34.822,0.791,827.163
32.5,11.11,0.3,27.6,-46.7,1,35.482,0.794,827.004
34.6,10.86,0.1,26.5,-54.8,1,35.913,0.797,826.917
34.6,10.48,0.0,26.7,-54.4,1,36.546,0.800,826.815
34.6,10.25,0.0,35.8,-13.7,1,36.958,0.802,826.763
34.6,9.79,0.0,30.7,-40.1,1,37.555,0.806,826.680
36.8,9.53,0.0,29.7,-36.7,1,37.939,0.808,826.636
36.8,9.15,0.0,32.8,-33.1,1,38.498,0.811,826.584
36.8,8.75,0.0,33.4,-33.1,1,39.034,0.814,826.543
36.8,8.47,0.0,33.0,-33.1,1,39.378,0.816,826.522
38.5,8.07,0.0,32.5,-32.6,1,39.875,0.819,826.499
38.5,7.80,0.0,32.4,-32.3,1,40.193,0.821,826.489
38.5,7.40,0.0,32.7,-31.7,1,40.649,0.824,826.480
38.5,7.13,0.0,32.0,-31.3,1,40.940,0.826,826.478
40.0,6.73,0.0,31.8,-29.6,1,41.356,0.828,826.480
40.0,6.46,0.0,32.6,-30.2,1,41.621,0.830,826.483
40.0,6.05,0.0,31.4,-24.4,1,41.997,0.832,826.492
40.0,5.79,0.0,31.1,-22.0,1,42.234,0.834,826.498
41.3,5.39,0.0,31.4,-18.9,1,42.570,0.836,826.508
41.3,5.12,0.0,31.3,-17.1,1,42.781,0.837,826.514
41.3,4.72,0.0,31.0,-14.9,1,43.077,0.839,826.524
41.3,4.45,0.0,30.6,-13.5,1,43.260,0.840,826.530
42.4,4.05,0.0,29.4,-11.7,1,43.516,0.842,826.539
42.4,3.66,0.0,29.8,-10.2,1,43.748,0.844,826.547
42.4,3.40,0.0,29.4,-9.3,1,43.889,0.845,826.552
42.4,3.01,0.0,38.5,-8.0,1,44.082,0.846,826.558
50.2,3.12,89.9,0.0,0.0,1,52.122,0.873,815.400
50.2,3.44,83.9,0.0,9.8,1,52.101,0.873,815.595
50.2,3.65,73.1,0.0,10.0,1,52.086,0.873,815.736
50.2,3.96,64.5,0.0,10.1,1,52.063,0.874,815.962
50.2,4.17,60.7,0.0,10.0,1,52.046,0.874,816.124
50.2,4.49,57.7,0.0,9.9,1,52.021,0.874,816.382
50.2,4.70,56.4,0.0,9.7,1,52.004,0.874,816.564
50.2,5.02,54.8,0.0,9.3,1,51.976,0.874,816.854
50.2,5.23,53.7,0.0,9.0,1,51.958,0.874,817.058
50.2,5.55,52.5,0.0,8.4,1,51.929,0.874,817.380
50.2,5.77,52.0,0.0,7.9,1,51.910,0.874,817.605
50.2,6.08,51.0,0.0,7.1,1,51.881,0.874,817.958
50.2,6.41,50.5,0.0,6.3,1,51.852,0.874,818.331
50.2,6.62,50.0,0.0,5.6,1,51.832,0.874,818.591
50.2,6.94,49.3,0.0,4.5,1,51.804,0.874,818.996
50.2,7.15,48.7,0.0,3.8,1,51.786,0.875,819.277
50.2,7.47,48.0,0.0,6.5,1,51.759,0.875,819.714
50.3,7.68,47.1,0.0,8.8,1,51.743,0.875,820.016
50.3,8.00,45.2,0.0,12.0,1,51.723,0.875,820.486
50.3,8.21,42.6,0.0,13.8,1,51.714,0.875,820.809
50.3,8.52,34.2,0.0,15.9,1,51.705,0.875,821.311
50.3,8.73,17.8,0.0,16.8,1,51.704,0.876,821.655
50.3,9.02,19.4,0.0,17.7,1,51.713,0.877,822.187
50.3,9.22,49.2,0.0,20.3,1,51.740,0.879,822.734
50.3,9.33,67.5,0.0,24.7,1,51.772,0.880,823.103
50.6,9.53,69.2,0.0,32.1,1,51.843,0.882,823.664
50.6,9.67,88.8,0.0,37.0,1,51.905,0.884,824.043
50.6,9.91,77.2,0.0,43.4,1,52.021,0.887,824.618
50.6,10.06,57.4,0.0,46.5,1,52.113,0.889,825.007
51.2,10.25,69.1,0.0,49.7,1,52.276,0.894,825.593
51.2,10.37,67.7,0.0,51.0,1,52.401,0.897,825.985
51.2,10.54,64.2,0.0,51.5,1,52.615,0.903,826.575
51.2,10.66,62.9,0.0,50.7,1,52.774,0.906,826.968
52.3,10.82,60.2,0.0,48.1,1,53.037,0.912,827.555
52.3,10.92,58.2,0.0,45.5,1,53.230,0.916,827.944
52.3,11.06,55.9,0.0,40.1,1,53.544,0.922,828.524
52.3,11.15,54.4,0.0,42.1,1,53.770,0.926,828.906
53.6,11.27,51.9,0.0,48.9,1,54.134,0.933,829.472
53.6,11.37,49.2,0.0,52.8,1,54.528,0.939,830.025
53.6,11.42,38.3,0.0,54.0,1,54.807,0.944,830.385
53.6,11.44,25.6,0.0,54.1,1,55.248,0.951,830.910
55.1,11.43,21.3,0.0,53.3,1,55.557,0.956,831.247
55.1,11.39,18.0,0.0,51.3,1,56.040,0.963,831.732
55.1,11.35,17.7,0.0,49.5,1,56.375,0.967,832.041
55.1,11.30,20.1,0.0,46.3,1,56.894,0.975,832.479
57.1,11.28,23.6,0.0,43.7,1,57.251,0.979,832.755
57.1,11.27,50.5,0.0,39.3,1,57.804,0.987,833.145
57.1,11.33,61.3,0.0,35.7,1,58.184,0.991,833.389
57.1,11.46,53.0,0.0,31.7,1,58.773,0.999,833.735
59.1,11.54,53.4,0.0,29.2,1,59.178,1.004,833.952
59.1,11.66,53.6,0.0,23.7,1,59.804,1.011,834.256
59.1,11.75,53.3,0.0,19.0,1,60.232,1.016,834.444
59.1,11.89,53.5,0.0,11.2,1,60.891,1.023,834.706
61.4,12.05,56.0,0.0,4.0,1,61.568,1.031,834.944
61.4,12.13,21.4,0.0,0.1,1,62.028,1.036,835.091
61.4,12.14,9.1,0.0,-2.8,1,62.729,1.043,835.291
61.4,12.14,29.2,0.0,-2.7,1,63.200,1.048,835.408
63.9,12.33,84.1,0.0,-0.5,1,63.916,1.056,835.563
63.9,12.51,74.1,0.0,0.1,1,64.404,1.061,835.656
63.9,12.81,91.0,0.0,1.3,1,65.151,1.069,835.784
63.9,13.02,69.2,0.0,2.0,1,65.661,1.074,835.865
66.4,13.34,91.7,0.0,2.8,1,66.443,1.081,835.980
66.4,13.56,91.9,0.0,2.9,1,66.975,1.086,836.054
66.4,13.89,69.7,0.0,2.3,1,67.791,1.094,836.162
66.4,14.11,85.7,0.0,1.8,1,68.346,1.100,836.233
69.3,14.44,91.4,0.0,1.2,1,69.195,1.108,836.339
69.3,14.66,70.2,0.0,-0.5,1,69.772,1.114,836.410
69.3,14.98,80.3,0.0,0.8,1,70.655,1.122,836.517
72.4,15.31,80.2,0.0,0.7,1,71.557,1.131,836.624
72.4,15.54,70.1,0.0,0.6,1,72.169,1.137,836.696
72.4,15.81,56.4,0.0,0.5,1,73.103,1.146,836.804
72.4,15.93,48.7,0.0,0.4,1,73.734,1.152,836.877
75.6,16.09,39.3,0.0,0.3,1,74.688,1.161,836.986
75.6,16.17,33.9,0.0,0.3,1,75.329,1.167,837.059
75.6,16.27,27.7,0.0,0.3,1,76.295,1.176,837.169
75.6,16.32,24.3,0.0,0.3,1,76.943,1.182,837.243
79.0,16.38,20.3,0.0,0.3,1,77.918,1.191,837.354
79.0,16.40,18.1,0.0,0.3,1,78.569,1.198,837.428
79.0,16.42,16.0,0.0,0.3,1,79.547,1.207,837.538
79.0,16.43,15.2,0.0,0.2,1,80.200,1.213,837.612
82.3,16.44,14.5,0.0,0.2,1,81.180,1.222,837.722
82.3,16.44,14.1,0.0,0.3,1,82.160,1.232,837.831
82.3,16.44,14.0,0.0,0.4,1,82.814,1.238,837.905
82.3,16.44,13.8,0.0,0.3,1,83.794,1.248,838.014
85.7,16.45,13.8,0.0,0.3,1,84.448,1.254,838.086
85.7,16.45,13.7,0.0,0.4,1,85.429,1.264,838.195
85.7,16.45,13.7,0.0,0.4,1,86.083,1.270,838.267
85.7,16.45,13.7,0.0,0.6,1,87.063,1.280,838.375
89.2,16.45,13.7,0.0,0.6,1,87.717,1.286,838.447
89.2,16.45,13.7,0.0,0.7,1,88.698,1.296,838.554
89.2,16.45,13.7,0.0,0.7,1,89.352,1.302,838.625
89.2,16.45,13.6,0.0,0.7,1,90.333,1.310,838.730
92.5,16.45,13.6,0.0,0.7,1,90.988,1.316,838.800
92.5,16.45,13.6,0.0,0.8,1,91.969,1.324,838.905
92.5,16.45,13.6,0.0,0.8,1,92.623,1.330,838.974
92.5,16.45,13.5,0.0,0.8,1,93.604,1.337,839.078
95.9,16.45,13.5,0.0,0.9,1,94.586,1.345,839.180
95.9,16.45,13.5,0.0,0.9,1,95.240,1.350,839.248
95.9,16.45,13.5,0.0,0.8,1,96.222,1.357,839.349
95.9,16.45,13.5,0.0,0.8,1,96.877,1.361,839.416
99.4,16.45,13.5,0.0,0.7,1,97.859,1.368,839.516
99.4,16.45,13.4,0.0,0.7,1,98.513,1.372,839.582
99.4,16.45,13.4,0.0,0.8,1,99.495,1.379,839.680
99.4,16.45,13.4,0.0,0.7,1,100.150,1.383,839.746
102.7,16.45,13.4,0.0,0.6,1,101.132,1.389,839.843
102.7,16.45,13.4,0.0,0.6,1,101.787,1.394,839.908
102.7,16.45,13.4,0.0,0.5,1,102.769,1.400,840.004
102.7,16.45,13.4,0.0,0.4,1,103.424,1.404,840.068
106.1,16.45,13.4,0.0,0.4,1,104.406,1.411,840.164
106.1,16.45,13.4,0.0,0.3,1,105.389,1.417,840.259
106.1,16.45,13.4,0.0,0.3,1,106.044,1.422,840.323
106.1,16.45,13.4,0.0,0.2,1,107.026,1.428,840.418
109.6,16.45,13.4,0.0,0.2,1,107.681,1.432,840.482
109.6,16.45,13.4,0.0,0.1,1,108.663,1.439,840.576
109.6,16.45,13.4,0.0,0.1,1,109.318,1.443,840.639
109.6,16.45,13.4,0.0,-0.1,1,110.301,1.449,840.734
112.8,16.45,13.4,0.0,-0.1,1,110.956,1.454,840.796
112.8,16.45,13.4,0.0,-0.1,1,111.938,1.460,840.891
112.8,16.45,13.4,0.0,-0.1,1,112.593,1.464,840.955
112.8,16.45,13.4,0.0,-0.1,1,113.576,1.470,841.050
116.3,16.45,13.4,0.0,-0.0,1,114.231,1.474,841.114
116.3,16.45,13.4,0.0,-0.1,1,115.213,1.481,841.209
116.3,16.45,13.4,0.0,-0.3,1,116.196,1.487,841.304
116.3,16.45,13.4,0.0,-0.4,1,116.850,1.491,841.367
119.7,16.45,13.4,0.0,-0.5,1,117.833,1.497,841.463
119.7,16.45,13.4,0.0,-0.5,1,118.488,1.501,841.528
119.7,16.45,13.4,0.0,-0.6,1,119.470,1.507,841.624
119.7,16.45,13.4,0.0,-0.7,1,120.125,1.511,841.689
123.0,16.45,13.4,0.0,-0.7,1,121.107,1.517,841.787
123.0,16.45,13.4,0.0,-0.8,1,121.762,1.521,841.852
123.0,16.45,13.4,0.0,-0.8,1,122.744,1.526,841.951
123.0,16.45,13.4,0.0,-0.9,1,123.398,1.530,842.017
126.5,16.45,13.4,0.0,-1.0,1,124.380,1.536,842.118
126.5,16.45,13.4,0.0,-1.0,1,125.035,1.540,842.185
126.5,16.45,13.3,0.0,-0.9,1,126.017,1.546,842.287
126.5,16.45,13.3,0.0,-0.8,1,126.671,1.550,842.355
129.9,16.45,13.3,0.0,-0.7,1,127.653,1.555,842.459
129.9,16.45,13.3,0.0,-0.6,1,128.307,1.559,842.528
129.9,16.45,13.3,0.0,-0.5,1,129.289,1.565,842.632
133.2,16.45,13.3,0.0,-0.3,1,130.270,1.571,842.737
133.2,16.45,13.3,0.0,-0.1,1,130.924,1.574,842.807
133.2,16.45,13.4,0.0,0.2,1,131.906,1.580,842.912
133.2,16.45,13.3,0.0,0.2,1,132.560,1.584,842.982
136.7,16.45,13.3,0.0,0.5,1,133.542,1.589,843.086
136.7,16.45,13.3,0.0,0.6,1,134.196,1.593,843.156
136.7,16.45,13.3,0.0,0.7,1,135.178,1.598,843.259
136.7,16.45,13.3,0.0,0.6,1,135.832,1.602,843.328
140.1,16.45,13.3,0.0,0.6,1,136.814,1.608,843.430
140.1,16.45,13.3,0.0,0.6,1,137.468,1.612,843.498
140.1,16.45,13.4,0.0,0.6,1,138.450,1.618,843.600
140.1,16.45,13.4,0.0,0.5,1,139.105,1.622,843.667
143.4,16.45,13.4,0.0,0.4,1,140.086,1.628,843.768
143.4,16.45,13.3,0.0,0.4,1,140.741,1.633,843.835
143.4,16.45,13.3,0.0,0.3,1,141.723,1.640,843.936
143.4,16.45,13.4,0.0,0.3,1,142.705,1.647,844.035
146.9,16.45,13.4,0.0,0.2,1,143.359,1.652,844.102
146.9,16.45,13.4,0.0,-0.0,1,144.341,1.660,844.202
146.9,16.45,13.5,0.0,-0.1,1,144.996,1.665,844.268
146.9,16.45,13.5,0.0,-0.1,1,145.978,1.674,844.369
150.3,16.45,13.5,0.0,-0.1,1,146.632,1.679,844.436
150.3,16.45,13.5,0.0,-0.1,1,147.614,1.688,844.537
150.3,16.45,13.5,0.0,-0.1,1,148.268,1.693,844.604
150.3,16.45,13.5,0.0,-0.1,1,149.250,1.701,844.705
153.6,16.45,13.5,0.0,-0.0,1,149.904,1.706,844.772
153.6,16.45,13.5,0.0,0.0,1,150.886,1.714,844.874
153.6,16.45,13.5,0.0,0.0,1,151.541,1.718,844.942
153.6,16.45,13.3,0.0,0.0,1,152.522,1.723,845.043
157.0,16.45,13.4,0.0,-0.0,1,153.504,1.728,845.145
157.0,16.45,13.4,0.0,-0.1,1,154.158,1.733,845.213
157.0,16.45,13.3,0.0,-0.1,1,155.140,1.737,845.314
157.0,16.45,13.2,0.0,-0.1,1,155.795,1.740,845.382
160.5,16.45,13.3,0.0,-0.1,1,156.777,1.745,845.484
160.5,16.45,13.3,0.0,-0.0,1,157.431,1.749,845.552
160.5,16.45,13.3,0.0,0.0,1,158.413,1.755,845.655
160.5,16.45,13.3,0.0,-0.0,1,159.067,1.758,845.723
163.8,16.45,13.3,0.0,-0.1,1,160.049,1.763,845.826
163.8,16.45,13.3,0.0,-0.1,1,160.703,1.766,845.894
163.8,16.45,13.3,0.0,-0.1,1,161.685,1.770,845.997
163.8,16.45,13.3,0.0,-0.0,1,162.339,1.773,846.066
167.2,16.45,13.2,0.0,0.0,1,163.321,1.777,846.170
167.2,16.45,13.2,0.0,0.0,1,163.976,1.779,846.239
167.2,16.45,13.2,0.0,0.0,1,164.957,1.783,846.342
167.2,16.45,13.2,0.0,0.0,1,165.939,1.786,846.446
170.7,16.45,13.1,0.0,0.1,1,166.593,1.789,846.515
170.7,16.46,13.1,0.0,0.2,1,167.575,1.792,846.619
170.7,16.46,13.0,0.0,0.2,1,168.230,1.794,846.689
170.7,16.46,13.0,0.0,0.2,1,169.212,1.796,846.793
174.0,16.46,13.0,0.0,0.2,1,169.866,1.797,846.862
174.0,16.46,13.0,0.0,0.1,1,170.848,1.799,846.966
174.0,16.46,13.0,0.0,0.1,1,171.503,1.800,847.035
174.0,16.46,13.0,0.0,0.1,1,172.485,1.801,847.138
177.4,16.46,13.0,0.0,0.1,1,173.139,1.801,847.207
177.4,16.46,12.9,0.0,0.1,1,174.121,1.802,847.311
177.4,16.46,13.0,0.0,0.1,1,174.776,1.803,847.380
177.4,16.46,13.0,0.0,0.1,1,175.758,1.804,847.483
180.9,16.46,13.0,0.0,0.2,1,176.412,1.804,847.552
180.9,16.46,13.0,0.0,0.2,1,177.394,1.806,847.656
180.9,16.46,13.0,0.0,0.2,1,178.376,1.807,847.759
180.9,16.46,13.0,0.0,0.2,1,179.031,1.809,847.828
184.2,16.46,13.0,0.0,0.3,1,180.013,1.811,847.932
184.2,16.46,13.0,0.0,0.3,1,180.667,1.813,848.000
184.2,16.45,13.1,0.0,0.3,1,181.649,1.816,848.102
184.2,16.45,13.1,0.0,0.4,1,182.304,1.818,848.171
187.6,16.45,13.1,0.0,0.4,1,183.286,1.821,848.273
187.6,16.45,13.1,0.0,0.4,1,183.940,1.824,848.341
187.6,16.45,13.1,0.0,0.5,1,184.922,1.827,848.442
187.6,16.45,13.2,0.0,0.5,1,185.577,1.830,848.510
191.1,16.45,13.2,0.0,0.5,1,186.559,1.834,848.610
191.1,16.45,13.2,0.0,0.5,1,187.214,1.837,848.677
191.1,16.45,13.2,0.0,0.5,1,188.196,1.841,848.777
194.4,16.45,13.2,0.0,0.5,1,189.178,1.845,848.877
194.4,16.45,13.2,0.0,0.5,1,189.833,1.848,848.943
194.4,16.45,13.2,0.0,0.5,1,190.815,1.853,849.041
194.4,16.45,13.2,0.0,0.5,1,191.470,1.856,849.107
197.8,16.45,13.2,0.0,0.6,1,192.452,1.860,849.204
197.8,16.45,13.2,0.0,0.5,1,193.107,1.863,849.269
197.8,16.45,13.2,0.0,0.6,1,194.090,1.867,849.366
197.8,16.45,13.2,0.0,0.6,1,194.745,1.870,849.430
201.1,16.45,13.2,0.0,0.6,1,195.727,1.875,849.526
201.1,16.45,13.2,0.0,0.6,1,196.382,1.878,849.589
201.1,16.45,13.3,0.0,0.6,1,197.365,1.883,849.684
201.1,16.45,13.3,0.0,0.6,1,198.020,1.886,849.747
204.5,16.45,13.3,0.0,0.6,1,199.002,1.892,849.841
204.5,16.45,13.3,0.0,0.6,1,199.657,1.895,849.903
204.5,16.45,13.3,0.0,0.6,1,200.640,1.901,849.996
204.5,16.45,13.4,0.0,0.6,1,201.623,1.907,850.088
208.0,16.45,13.4,0.0,0.6,1,202.278,1.912,850.149
208.0,16.45,13.4,0.0,0.6,1,203.261,1.918,850.241
208.0,16.45,13.4,0.0,0.6,1,203.916,1.923,850.301
208.0,16.45,13.4,0.0,0.6,1,204.899,1.930,850.391
211.3,16.45,13.5,0.0,0.6,1,205.554,1.935,850.451
211.3,16.45,13.5,0.0,0.6,1,206.537,1.943,850.540
211.3,16.45,13.5,0.0,0.6,1,207.192,1.948,850.599
211.3,16.45,13.5,0.0,0.6,1,208.175,1.956,850.687
214.7,16.45,13.5,0.0,0.6,1,208.831,1.961,850.745
214.7,16.45,13.5,0.0,0.6,1,209.814,1.969,850.832
214.7,16.45,13.5,0.0,0.6,1,210.469,1.975,850.889
214.7,16.45,13.5,0.0,0.6,1,211.452,1.983,850.975
218.2,16.45,13.5,0.0,0.7,1,212.436,1.991,851.059
218.2,16.45,13.5,0.0,0.7,1,213.091,1.996,851.116
218.2,16.45,13.6,0.0,0.7,1,214.074,2.004,851.199
218.2,16.45,13.5,0.0,0.7,1,214.730,2.010,851.254
221.5,16.45,13.5,0.0,0.6,1,215.713,2.018,851.337
221.5,16.45,13.5,0.0,0.5,1,216.369,2.023,851.391
221.5,16.45,13.5,0.0,0.5,1,217.353,2.032,851.472
221.5,16.45,13.5,0.0,0.5,1,218.008,2.037,851.526
224.9,16.45,13.6,0.0,0.4,1,218.992,2.045,851.606
224.9,16.45,13.5,0.0,0.3,1,219.648,2.051,851.659
224.9,16.45,13.5,0.0,0.2,1,220.631,2.059,851.739
224.9,16.45,13.5,0.0,0.2,1,221.287,2.064,851.792
228.4,16.45,13.5,0.0,0.1,1,222.271,2.072,851.871
228.4,16.45,13.5,0.0,0.0,1,222.927,2.077,851.923
228.4,16.45,13.5,0.0,-0.1,1,223.910,2.084,852.002
228.4,16.45,13.5,0.0,-0.2,1,224.894,2.091,852.081
231.7,16.45,13.5,0.0,-0.3,1,225.550,2.096,852.133
231.7,16.45,13.5,0.0,-0.4,1,226.534,2.102,852.212
231.7,16.45,13.4,0.0,-0.4,1,227.190,2.107,852.265
231.7,16.45,13.4,0.0,-0.4,1,228.173,2.113,852.345
235.1,16.45,13.4,0.0,-0.5,1,228.829,2.118,852.398
235.1,16.45,13.4,0.0,-0.5,1,229.813,2.124,852.478
235.1,16.45,13.4,0.0,-0.5,1,230.469,2.128,852.532
235.1,16.45,13.4,0.0,-0.5,1,231.452,2.134,852.613
238.6,16.45,13.4,0.0,-0.5,1,232.108,2.138,852.667
238.6,16.45,13.4,0.0,-0.5,1,233.092,2.145,852.749
238.6,16.45,13.4,0.0,-0.5,1,233.747,2.149,852.803
238.6,16.45,13.4,0.0,-0.5,1,234.731,2.155,852.886
241.9,16.45,13.4,0.0,-0.6,1,235.387,2.159,852.941
241.9,16.45,13.4,0.0,-0.6,1,236.370,2.165,853.024
241.9,16.45,13.4,0.0,-0.7,1,237.026,2.169,853.080
241.9,16.45,13.4,0.0,-0.7,1,238.009,2.176,853.164
245.3,16.45,13.3,0.0,-0.7,1,238.993,2.182,853.249
245.3,16.45,13.3,0.0,-0.8,1,239.648,2.186,853.306
245.3,16.45,13.3,0.0,-0.9,1,240.632,2.192,853.391
245.3,16.45,13.3,0.0,-0.9,1,241.287,2.196,853.449
248.8,16.45,13.3,0.0,-1.0,1,242.270,2.202,853.536
248.8,16.45,13.2,0.0,-1.0,1,242.926,2.206,853.595
248.8,16.45,13.2,0.0,-1.1,1,243.909,2.212,853.684
248.8,16.45,13.2,0.0,-1.1,1,244.564,2.215,853.743
252.0,16.45,13.1,0.0,-1.1,1,245.548,2.220,853.834
252.0,16.45,13.1,0.0,-1.1,1,246.203,2.224,853.895
252.0,16.45,13.1,0.0,-1.1,1,247.186,2.228,853.987
252.0,16.45,13.1,0.0,-1.1,1,247.841,2.231,854.049
255.5,16.45,13.1,0.0,-1.1,1,248.824,2.236,854.143
255.5,16.46,13.1,0.0,-1.1,1,249.479,2.239,854.206
255.5,16.46,13.1,0.0,-1.1,1,250.462,2.243,854.302
258.9,16.46,13.0,0.0,-1.1,1,251.444,2.247,854.398
258.9,16.46,13.0,0.0,-1.1,1,252.099,2.249,854.463
258.9,16.45,13.0,0.0,-1.1,1,253.082,2.253,854.562
258.9,16.46,13.1,0.0,-1.1,1,253.737,2.256,854.628
262.2,16.46,13.1,0.0,-1.0,1,254.719,2.259,854.729
262.2,16.46,13.0,0.0,-0.9,1,255.373,2.262,854.796
262.2,16.46,13.0,0.0,-0.8,1,256.355,2.265,854.898
262.2,16.46,13.0,0.0,-0.8,1,257.010,2.268,854.966
265.7,16.45,13.1,0.0,-0.8,1,257.992,2.271,855.069
265.7,16.45,13.1,0.0,-0.8,1,258.647,2.273,855.139
265.7,16.45,13.1,0.0,-0.7,1,259.629,2.277,855.243
265.7,16.45,13.1,0.0,-0.6,1,260.283,2.279,855.313
269.1,16.45,13.1,0.0,-0.5,1,261.264,2.282,855.418
269.1,16.45,13.1,0.0,-0.4,1,262.246,2.285,855.524
269.1,16.45,13.1,0.0,-0.2,1,262.900,2.287,855.595
269.1,16.45,13.1,0.0,-0.1,1,263.882,2.290,855.701
272.4,16.45,13.1,0.0,0.1,1,264.536,2.292,855.772
272.4,16.45,13.1,0.0,0.2,1,265.517,2.295,855.878
272.4,16.45,13.1,0.0,0.3,1,266.172,2.298,855.949
272.4,16.45,13.2,0.0,0.4,1,267.153,2.301,856.055
275.9,16.45,13.2,0.0,0.5,1,267.807,2.304,856.125
275.9,16.45,13.2,0.0,0.7,1,268.789,2.307,856.230
275.9,16.45,13.2,0.0,0.7,1,269.443,2.310,856.299
275.9,16.45,13.2,0.0,0.6,1,270.425,2.314,856.403
279.3,16.45,13.2,0.0,0.6,1,271.080,2.317,856.472
279.3,16.45,13.2,0.0,0.5,1,272.062,2.321,856.575
279.3,16.45,13.2,0.0,0.5,1,272.716,2.324,856.643
279.3,16.45,13.2,0.0,0.4,1,273.698,2.328,856.745
282.6,16.45,13.2,0.0,0.3,1,274.680,2.332,856.847
282.6,16.45,13.2,0.0,0.3,1,275.335,2.335,856.914
282.6,16.45,13.2,0.0,0.2,1,276.317,2.340,857.015
282.6,16.45,13.2,0.0,0.1,1,276.971,2.343,857.082
286.1,16.45,13.2,0.0,0.1,1,277.953,2.347,857.183
286.1,16.45,13.3,0.0,0.0,1,278.608,2.350,857.250
286.1,16.45,13.3,0.0,-0.1,1,279.590,2.355,857.351
286.1,16.45,13.3,0.0,-0.1,1,280.244,2.359,857.418
289.5,16.45,13.3,0.0,-0.2,1,281.226,2.364,857.519
289.5,16.45,13.3,0.0,-0.3,1,281.881,2.367,857.586
289.5,16.45,13.3,0.0,-0.2,1,282.863,2.373,857.687
289.5,16.45,13.3,0.0,-0.2,1,283.517,2.376,857.755
292.8,16.45,13.3,0.0,-0.2,1,284.499,2.381,857.857
292.8,16.45,13.3,0.0,-0.3,1,285.154,2.384,857.924
292.8,16.45,13.2,0.0,-0.5,1,286.136,2.388,858.026
292.8,16.45,13.2,0.0,-0.6,1,287.117,2.392,858.128
296.3,16.45,13.2,0.0,-0.8,1,287.772,2.395,858.197
296.3,16.45,13.2,0.0,-1.0,1,288.754,2.398,858.300
296.3,16.45,13.2,0.0,-1.0,1,289.408,2.401,858.369
296.3,16.45,13.2,0.0,-0.8,1,290.390,2.405,858.474
299.7,16.45,13.2,0.0,-0.7,1,291.044,2.407,858.544
299.7,16.45,13.1,0.0,-0.4,1,292.026,2.410,858.650
299.7,16.46,13.0,0.0,-0.4,1,292.680,2.412,858.721
299.7,16.46,13.0,0.0,-0.2,1,293.661,2.414,858.829
303.0,16.46,13.0,0.0,0.0,1,294.316,2.415,858.901
303.0,16.46,12.9,0.0,0.4,1,295.297,2.415,859.009
303.0,16.46,12.9,0.0,0.6,1,295.951,2.415,859.081
303.0,16.46,12.9,0.0,0.8,1,296.933,2.415,859.188
306.4,16.46,12.8,0.0,0.8,1,297.915,2.415,859.295
306.4,16.46,12.7,0.0,0.9,1,298.569,2.415,859.366
306.4,16.46,12.7,0.0,1.2,1,299.551,2.416,859.471
306.4,16.46,12.7,0.0,1.4,1,300.206,2.416,859.541
309.9,16.46,12.7,0.0,1.7,1,301.188,2.417,859.644
309.9,16.46,12.7,0.0,1.8,1,301.843,2.417,859.712
309.9,16.60,74.3,0.0,1.5,1,302.827,2.418,859.813
309.9,16.82,79.9,0.0,1.5,1,303.492,2.419,859.880
313.2,17.17,63.7,0.0,1.9,1,304.506,2.420,859.982
313.2,17.40,55.9,0.0,2.3,1,305.194,2.422,860.050
313.2,17.73,75.7,0.0,2.7,1,306.242,2.423,860.151
313.2,17.97,74.7,0.0,2.5,1,306.952,2.425,860.218
316.9,18.31,51.5,0.0,1.7,1,308.035,2.427,860.317
316.9,18.53,70.7,0.0,2.1,1,308.769,2.430,860.382
316.9,18.87,70.1,0.0,3.6,1,309.886,2.433,860.478
320.8,19.22,51.1,0.0,4.7,1,311.025,2.437,860.571
320.8,19.43,67.5,0.0,4.6,1,311.795,2.440,860.629
320.8,19.78,65.1,0.0,4.9,1,312.968,2.445,860.712
320.8,20.01,56.1,0.0,5.7,1,313.761,2.449,860.763
324.7,20.34,58.3,0.0,7.3,1,314.969,2.456,860.833
324.7,20.55,57.3,0.0,8.2,1,315.785,2.460,860.874
324.7,20.86,55.8,0.0,9.7,1,317.026,2.467,860.923
324.7,21.06,55.3,0.0,10.6,1,317.864,2.472,860.946
329.0,21.35,54.9,0.0,11.5,1,319.135,2.480,860.967
329.0,21.55,54.9,0.0,11.9,1,319.993,2.484,860.970
329.0,21.84,51.8,0.0,12.0,1,321.294,2.491,860.958
329.0,22.02,48.1,0.0,11.9,1,322.170,2.495,860.937
333.6,22.27,49.9,0.0,11.4,1,323.498,2.501,860.887
333.6,22.51,43.2,0.0,10.8,1,324.839,2.505,860.810
333.6,22.66,41.0,0.0,10.2,1,325.739,2.507,860.744
333.6,22.84,27.0,0.0,9.0,1,327.099,2.510,860.620
338.3,22.86,8.5,0.8,9.5,1,328.007,2.513,860.519
338.3,22.75,0.0,3.4,11.9,1,329.365,2.518,860.339
338.3,22.65,0.0,3.3,13.9,1,330.262,2.523,860.200
338.3,22.49,0.0,4.0,16.6,1,331.596,2.534,859.966
342.9,22.38,0.0,4.5,18.2,1,332.477,2.544,859.792
342.9,22.21,0.0,5.3,19.8,1,333.784,2.563,859.507
342.9,22.08,0.0,5.9,20.5,1,334.645,2.579,859.300
342.9,21.90,0.0,2.4,21.3,1,335.922,2.607,858.967
347.5,21.80,0.6,0.2,21.6,1,336.763,2.628,858.729
347.5,21.72,14.0,0.0,22.0,1,338.011,2.662,858.348
347.5,21.73,21.8,0.0,22.5,1,338.837,2.686,858.078
347.5,21.80,34.3,0.0,23.6,1,340.069,2.721,857.649
352.1,21.95,42.9,0.0,25.7,1,341.298,2.754,857.190
352.1,22.07,45.0,0.0,25.8,1,342.116,2.775,856.868
352.1,22.26,46.0,0.0,24.1,1,343.344,2.803,856.359
352.1,22.38,35.2,0.0,22.0,1,344.163,2.821,856.003
356.7,22.51,35.1,0.0,18.1,1,345.386,2.845,855.440
356.7,22.58,27.1,0.0,14.7,1,346.197,2.861,855.046
356.7,22.66,29.4,0.0,9.2,1,347.404,2.884,854.428
356.7,22.71,25.7,0.0,5.7,1,348.202,2.899,853.997
361.3,22.77,27.0,0.0,1.5,1,349.389,2.921,853.324
361.3,22.82,27.9,0.0,-0.2,1,350.173,2.934,852.858
361.3,22.92,32.5,0.0,-1.8,1,351.338,2.952,852.135
361.3,23.00,34.5,0.0,-2.4,1,352.109,2.962,851.636
365.9,23.15,37.6,0.0,-2.4,1,353.257,2.975,850.864
365.9,23.27,38.8,0.0,-2.0,1,354.018,2.982,850.333
365.9,23.47,45.4,0.0,-1.2,1,355.154,2.990,849.512
365.9,23.71,45.1,0.0,-0.5,1,356.286,2.995,848.663
370.7,23.88,45.5,0.0,-0.1,1,357.039,2.997,848.081
370.7,24.14,50.3,0.0,0.8,1,358.166,2.998,847.186
370.7,24.33,50.9,0.0,1.1,1,358.917,2.998,846.574
370.7,24.61,48.9,0.0,0.6,1,360.043,2.997,845.632
375.7,24.81,50.3,0.0,0.2,1,360.794,2.995,844.990
375.7,25.11,50.9,0.0,-0.1,1,361.921,2.991,844.005
375.7,25.41,49.4,0.0,-0.9,1,363.050,2.984,842.995
375.7,25.61,45.4,0.0,-1.6,1,363.804,2.978,842.308
380.9,25.92,55.2,0.0,-2.5,1,364.937,2.967,841.257
380.9,26.24,46.9,0.0,-3.1,1,366.073,2.956,840.183
380.9,26.46,57.0,0.0,-3.0,1,366.833,2.948,839.453
386.3,26.81,57.7,0.0,-2.3,1,367.976,2.939,838.338
404.1,30.77,57.0,0.0,-1.8,1,382.155,3.039,823.172
404.1,31.09,54.0,0.0,-2.6,1,383.356,3.041,821.759
410.4,31.31,59.3,0.0,-2.7,1,384.158,3.041,820.802
410.4,31.65,55.7,0.0,-2.8,1,385.361,3.041,819.347
410.4,31.87,56.2,0.0,-3.0,1,386.163,3.041,818.363
410.4,32.20,62.0,0.0,-3.0,1,387.369,3.039,816.867
416.9,32.44,56.4,0.0,-2.9,1,388.174,3.038,815.856
416.9,32.79,63.3,0.0,-2.8,1,389.384,3.036,814.319
416.9,33.03,69.0,0.0,-2.7,1,390.193,3.036,813.281
416.9,33.40,61.6,0.0,-2.4,1,391.410,3.036,811.704
423.8,33.78,69.0,0.0,-2.0,1,392.633,3.039,810.103
423.8,34.03,76.1,0.0,-1.7,0,393.452,3.041,809.023
423.8,34.09,64.7,0.0,-0.8,2,394.679,3.046,807.387
423.8,34.29,65.5,0.0,0.2,2,395.495,3.050,806.290
430.7,34.65,65.7,0.0,1.2,2,396.724,3.057,804.628
430.7,34.89,66.3,0.0,1.5,2,397.547,3.063,803.508
430.7,35.25,66.6,0.0,1.6,2,398.789,3.074,801.810
430.7,35.49,67.1,0.0,1.4,2,399.621,3.082,800.667
437.9,35.85,69.1,0.0,1.0,2,400.875,3.095,798.934
437.9,36.09,68.5,0.0,0.8,2,401.714,3.105,797.766
437.9,36.46,67.3,0.0,0.5,2,402.979,3.121,795.995
437.9,36.69,67.1,0.0,0.3,2,403.825,3.132,794.802
445.5,37.04,66.7,0.0,0.3,2,405.099,3.148,792.995
445.5,37.39,67.1,0.0,0.5,2,406.377,3.164,791.165
445.5,37.62,67.2,0.0,0.9,2,407.231,3.175,789.932
453.1,37.95,68.1,0.0,1.4,2,408.514,3.191,788.063
453.1,38.17,68.9,0.0,1.4,2,409.371,3.202,786.805
453.1,38.54,69.1,0.0,1.7,2,410.657,3.220,784.897
453.1,38.78,69.1,0.0,2.2,2,411.514,3.233,783.611
461.1,39.11,69.7,0.0,1.6,2,412.798,3.255,781.660
461.1,39.34,69.9,0.0,2.2,2,413.652,3.270,780.345
461.1,39.67,70.9,0.0,1.0,2,414.932,3.291,778.351
461.1,39.89,71.3,0.0,-0.3,2,415.783,3.305,777.007
469.2,40.22,72.0,0.0,0.7,2,417.057,3.325,774.970
469.2,40.45,73.1,0.0,1.5,2,417.904,3.339,773.597
469.2,40.78,74.9,0.0,2.4,2,419.168,3.362,771.515
469.2,41.00,77.3,0.0,2.7,0,420.005,3.378,770.110
477.7,41.00,67.1,0.0,3.2,3,421.246,3.401,767.985
477.7,41.25,67.3,0.0,4.3,3,422.466,3.422,765.841
477.7,41.42,66.1,0.0,4.7,3,423.271,3.434,764.398
477.7,41.68,63.4,0.0,4.8,3,424.465,3.452,762.209
486.3,41.84,62.6,0.0,4.7,3,425.251,3.463,760.736
486.3,42.08,64.5,0.0,4.1,3,426.413,3.479,758.503
486.3,42.25,66.4,0.0,3.4,3,427.175,3.490,756.999
486.3,42.49,68.3,0.0,2.9,3,428.301,3.508,754.720
494.9,42.66,69.5,0.0,2.6,3,429.041,3.517,753.187
494.9,42.92,69.0,0.0,1.6,3,430.133,3.531,750.864
494.9,43.10,67.6,0.0,0.3,3,430.847,3.541,749.299
494.9,43.34,62.1,0.0,-2.1,3,431.897,3.560,746.929
503.8,43.48,58.5,0.0,-3.2,3,432.583,3.573,745.334
503.8,43.68,57.8,0.0,-3.4,3,433.591,3.590,742.921
503.8,43.87,63.1,0.0,-2.5,3,434.571,3.605,740.485
503.8,44.01,65.0,0.0,-2.0,3,435.208,3.615,738.847
512.9,44.23,66.0,0.0,-1.6,3,436.139,3.632,736.369
512.9,44.39,67.6,0.0,-2.2,3,436.742,3.644,734.703
512.9,44.63,67.8,0.0,-3.5,3,437.624,3.663,732.183
512.9,44.80,68.5,0.0,-4.4,3,438.197,3.676,730.489
522.1,45.05,68.7,0.0,-5.3,3,439.035,3.695,727.928
522.1,45.23,68.6,0.0,-5.5,3,439.581,3.708,726.207
522.1,45.50,68.7,0.0,-5.0,3,440.381,3.727,723.606
522.1,45.68,68.6,0.0,-4.0,3,440.903,3.739,721.860
531.5,45.95,68.9,0.0,-1.8,3,441.673,3.758,719.221
531.5,46.13,69.1,0.0,-0.2,3,442.179,3.771,717.451
531.5,46.40,69.6,0.0,1.5,3,442.931,3.790,714.779
531.5,46.58,69.8,0.0,2.0,3,443.430,3.803,712.988
540.9,46.85,70.1,0.0,2.0,3,444.175,3.824,710.287
540.9,47.11,70.4,0.0,1.5,3,444.916,3.845,707.568
540.9,47.30,70.5,0.0,1.1,3,445.407,3.859,705.745
540.9,47.56,70.8,0.0,0.7,3,446.139,3.879,702.995
550.6,47.74,71.0,0.0,0.6,3,446.623,3.893,701.152
550.6,48.00,71.2,0.0,0.8,3,447.343,3.913,698.372
550.6,48.18,71.3,0.0,0.9,3,447.819,3.927,696.509
550.6,48.44,71.6,0.0,1.1,3,448.526,3.948,693.698
560.6,48.62,71.8,0.0,1.1,3,448.994,3.962,691.815
560.6,48.88,72.3,0.0,1.1,3,449.689,3.983,688.974
560.6,49.06,72.7,0.0,1.1,3,450.148,3.998,687.070
560.6,49.32,73.4,0.0,1.0,3,450.829,4.020,684.199
570.7,49.49,73.6,0.0,1.0,3,451.279,4.034,682.275
570.7,49.75,74.2,0.0,0.9,3,451.946,4.056,679.374
570.7,49.93,74.5,0.0,0.9,3,452.386,4.070,677.430
570.7,50.19,75.4,0.0,0.8,3,453.039,4.092,674.499
581.0,50.45,76.3,0.0,0.9,3,453.683,4.113,671.549
581.0,50.63,77.6,0.0,0.9,3,454.107,4.127,669.573
581.0,50.89,78.9,0.0,1.0,3,454.736,4.149,666.594
581.0,51.07,80.2,0.0,1.0,3,455.150,4.163,664.598
591.4,51.13,0.0,0.0,1.0,0,455.763,4.185,661.591
591.4,51.19,70.5,0.0,1.1,4,456.164,4.199,659.586
591.4,51.40,70.7,0.0,1.2,4,456.757,4.222,656.566
591.4,51.55,70.7,0.0,1.3,4,457.147,4.237,654.545
602.0,51.76,70.7,0.0,1.2,4,457.725,4.260,651.500
602.0,51.91,70.2,0.0,1.2,4,458.104,4.276,649.462
602.0,52.12,69.9,0.0,1.1,4,458.665,4.299,646.392
602.0,52.26,70.0,0.0,1.1,4,459.033,4.315,644.338
612.7,52.47,70.2,0.0,1.1,4,459.576,4.338,641.244
612.7,52.61,70.3,0.0,1.2,4,459.932,4.354,639.173
612.7,52.82,69.5,0.0,1.2,4,460.456,4.378,636.054
612.7,52.96,64.6,0.0,1.2,4,460.799,4.393,633.967
623.6,53.17,57.4,0.0,1.3,4,461.305,4.416,630.824
623.6,53.39,50.1,0.0,1.5,4,461.799,4.439,627.666
623.6,53.66,46.4,0.0,1.8,4,462.438,4.470,623.433
634.7,53.80,46.6,0.0,2.0,4,462.750,4.486,621.307
634.7,54.01,46.7,0.0,2.2,4,463.208,4.510,618.106
634.7,54.15,46.9,0.0,2.1,4,463.506,4.526,615.964
634.7,54.35,47.1,0.0,1.9,4,463.943,4.550,612.739
645.9,54.49,47.3,0.0,1.8,4,464.227,4.566,610.581
645.9,54.69,47.5,0.0,1.9,4,464.642,4.590,607.332
645.9,54.83,47.7,0.0,1.7,4,464.911,4.607,605.158
645.9,55.04,47.9,0.0,1.5,4,465.304,4.631,601.886
657.1,55.24,48.2,0.0,1.3,4,465.685,4.655,598.601
657.1,55.38,48.4,0.0,1.2,4,465.932,4.671,596.402
657.1,55.59,48.6,0.0,1.0,4,466.293,4.695,593.094
657.1,55.72,48.7,0.0,1.1,4,466.529,4.711,590.880
668.5,55.93,49.0,0.0,1.1,4,466.875,4.734,587.549
668.5,56.06,49.2,0.0,1.2,4,467.100,4.749,585.321
668.5,56.27,49.5,0.0,1.3,4,467.432,4.770,581.968
668.5,56.41,54.2,0.0,1.3,4,467.649,4.783,579.725
680.1,56.69,60.6,0.0,1.3,4,467.967,4.803,576.348
680.1,56.98,60.7,0.0,1.4,4,468.277,4.822,572.953
680.1,57.18,60.8,0.0,1.5,4,468.479,4.833,570.679
692.0,57.47,60.9,0.0,1.7,4,468.773,4.847,567.253
692.0,57.66,60.9,0.0,1.8,4,468.964,4.856,564.959
692.0,57.94,61.0,0.0,1.8,4,469.240,4.868,561.502
692.0,58.13,61.1,0.0,1.8,4,469.417,4.877,559.188
703.8,58.41,61.1,0.0,1.4,4,469.672,4.890,555.701
779.1,63.72,60.3,0.0,-0.5,5,474.002,4.760,473.868
829.4,58.78,0.0,7.6,-4.8,5,477.001,4.544,428.068
829.4,58.61,0.0,4.0,-5.7,5,477.275,4.536,425.736
829.4,58.40,1.5,0.1,-6.6,5,477.714,4.521,422.253
841.1,58.30,7.3,0.0,-6.7,5,478.027,4.510,419.941
841.1,58.17,12.3,0.0,-6.8,5,478.531,4.495,416.483
841.1,58.06,10.5,0.0,-6.8,5,479.077,4.482,413.039
841.1,57.97,8.6,0.0,-6.7,5,479.464,4.475,410.751
852.7,57.85,8.6,0.0,-6.7,5,480.079,4.462,407.331
852.7,57.76,8.6,0.0,-6.6,5,480.513,4.454,405.060
852.7,57.61,0.7,1.0,-6.7,5,481.200,4.440,401.667
852.7,57.48,0.0,1.9,-6.8,5,481.680,4.430,399.416
864.1,57.28,0.0,4.6,-6.7,5,482.435,4.412,396.056
864.1,57.12,0.0,6.1,-6.6,5,482.962,4.398,393.829
864.1,56.88,0.0,2.8,-6.8,5,483.783,4.374,390.509
864.1,56.74,0.0,0.4,-6.9,5,484.353,4.355,388.310
875.4,56.55,1.1,0.6,-6.8,5,485.241,4.324,385.029
875.4,56.43,0.0,1.0,-7.0,5,485.857,4.302,382.855
875.4,56.24,0.0,1.1,-7.9,5,486.815,4.266,379.613
875.4,56.12,0.0,0.4,-8.3,5,487.477,4.242,377.465
886.5,55.94,4.3,0.0,-8.7,5,488.505,4.203,374.264
886.5,55.79,5.3,0.1,-8.0,5,489.575,4.162,371.088
886.5,55.68,0.6,1.5,-7.7,5,490.313,4.135,368.984
897.7,55.48,0.0,3.2,-6.7,5,491.454,4.093,365.850
897.7,55.34,0.0,11.2,-6.0,5,492.237,4.065,363.777
897.7,54.96,0.0,32.7,-5.0,5,493.445,4.023,360.694
897.7,54.57,0.0,46.6,-4.5,5,494.266,3.996,358.662
908.9,53.84,0.0,51.8,-4.0,0,495.516,3.955,355.658
908.9,53.33,29.0,52.0,-3.3,0,496.357,3.929,353.685
908.9,52.56,0.0,51.1,-1.3,4,497.629,3.889,350.773
908.9,52.03,0.0,39.2,0.8,4,498.483,3.864,348.862
919.7,51.38,0.0,18.7,4.8,4,499.772,3.826,346.041
919.7,51.11,0.0,10.7,7.3,4,500.644,3.803,344.186
919.7,50.84,0.0,5.8,9.0,4,501.969,3.768,341.430
919.7,50.69,0.0,8.5,8.5,4,502.862,3.742,339.606
930.1,50.44,0.0,10.9,6.1,4,504.205,3.699,336.885
930.1,50.17,0.0,9.9,4.1,4,505.537,3.657,334.176
930.1,49.99,0.0,11.3,3.4,4,506.411,3.630,332.373
930.1,49.72,0.0,9.2,3.7,4,507.697,3.594,329.672
940.3,49.55,0.0,9.6,4.3,4,508.537,3.572,327.873
940.3,49.30,0.0,9.0,5.7,4,509.768,3.541,325.174
940.3,49.13,0.0,9.5,6.4,4,510.569,3.522,323.376
940.3,48.87,0.0,8.4,7.2,4,511.740,3.493,320.679
950.3,48.70,0.0,9.0,7.4,4,512.499,3.475,318.881
950.3,48.44,0.0,8.2,7.4,4,513.603,3.450,316.184
950.3,48.28,0.0,8.3,7.4,4,514.316,3.435,314.385
950.3,48.05,0.0,4.4,7.4,4,515.351,3.413,311.687
959.9,47.91,0.0,12.4,6.3,4,516.017,3.399,309.886
959.9,47.61,0.0,14.1,6.2,4,516.979,3.380,307.186
959.9,47.29,0.0,14.5,6.0,4,517.895,3.365,304.490
959.9,47.07,0.0,12.7,6.4,4,518.482,3.356,302.696
969.1,46.77,0.0,11.6,5.9,4,519.324,3.346,300.009
969.1,46.57,0.0,8.0,5.3,4,519.863,3.339,298.221
969.1,46.35,0.0,6.9,4.0,4,520.636,3.329,295.543
969.1,46.20,0.0,5.9,3.4,4,521.130,3.322,293.759
978.2,46.00,0.0,5.7,5.6,4,521.839,3.311,291.085
978.2,45.87,2.8,1.0,7.4,4,522.291,3.304,289.304
978.2,45.84,41.0,0.0,9.3,4,522.939,3.292,286.631
978.2,45.92,54.9,0.0,10.3,4,523.352,3.283,284.843
987.2,45.96,12.6,3.5,10.9,4,523.943,3.269,282.150
987.2,45.84,0.2,6.5,11.0,4,524.316,3.260,280.352
987.2,45.62,0.0,1.4,10.8,4,524.839,3.247,277.658
987.2,45.45,3.1,0.3,10.0,4,525.316,3.236,274.968
996.8,45.39,19.2,0.0,9.6,4,525.610,3.230,273.175
996.8,45.36,23.4,0.0,10.1,4,526.014,3.221,270.483
996.8,45.32,19.4,0.0,10.5,4,526.260,3.214,268.686
996.8,45.25,10.5,0.0,9.5,4,526.594,3.204,265.989
1007.0,45.19,18.2,0.0,9.2,4,526.792,3.199,264.191
1007.0,45.13,22.1,0.0,8.7,4,527.057,3.193,261.494
1007.0,45.11,28.9,0.0,8.2,4,527.212,3.190,259.695
1007.0,45.09,17.0,3.3,9.2,4,527.409,3.186,256.996
1044.4,43.24,9.7,0.0,14.4,4,526.464,3.195,226.241
1070.0,44.28,77.5,0.0,-10.2,3,519.569,3.398,196.856
1078.7,44.62,84.1,0.0,-10.2,3,518.758,3.421,194.316
1078.7,44.87,90.6,0.0,-9.1,3,518.206,3.436,192.615
1078.7,45.27,91.2,0.0,-5.6,3,517.365,3.459,190.046
1078.7,45.54,91.1,0.0,-2.7,3,516.800,3.473,188.320
1087.8,45.92,81.0,0.0,0.1,3,515.951,3.494,185.712
1087.8,46.07,10.7,20.8,1.2,3,515.107,3.514,183.081
1087.8,45.82,0.0,26.4,0.3,3,514.555,3.526,181.327
1097.1,45.32,0.0,38.6,-1.9,3,513.747,3.543,178.714
1097.1,44.92,0.0,40.5,-3.3,3,513.221,3.554,176.986
1097.1,44.29,0.0,37.2,-4.6,3,512.454,3.569,174.422
1097.1,43.88,0.0,36.5,-4.9,3,511.957,3.579,172.729
1106.0,43.29,0.0,36.3,-4.9,3,511.235,3.593,170.214
1106.0,42.91,0.0,33.6,-4.6,3,510.771,3.602,168.553
1106.0,42.37,0.0,32.9,-4.4,3,510.100,3.616,166.083
1106.0,42.01,0.0,31.1,-4.2,3,509.671,3.624,164.450
1114.6,41.48,0.0,30.1,-4.0,3,509.055,3.634,162.021
1114.6,41.15,0.0,28.6,-4.1,3,508.664,3.641,160.415
1114.6,40.66,0.0,27.3,-4.2,3,508.107,3.650,158.024
1114.6,40.20,0.0,27.1,-4.6,3,507.585,3.661,155.654
1122.8,39.89,0.0,23.3,-5.1,3,507.257,3.668,154.085
1122.8,39.49,0.0,20.0,-6.0,3,506.794,3.678,151.749
1122.8,39.24,0.0,18.2,-6.6,3,506.504,3.684,150.201
1122.8,38.89,0.0,15.8,-7.3,3,506.098,3.694,147.892
1130.9,38.68,0.0,12.3,-7.7,3,505.847,3.700,146.361
1130.9,38.42,0.0,7.3,-8.0,3,505.499,3.708,144.074
1130.9,38.28,0.0,4.5,-8.2,3,505.286,3.712,142.555
1130.9,38.10,0.0,1.9,-8.6,3,504.995,3.718,140.282
1138.7,38.00,0.0,0.8,-8.9,3,504.820,3.721,138.770
1138.7,37.87,0.8,0.0,-9.7,3,504.588,3.724,136.506
1138.7,37.79,0.5,0.1,-10.3,3,504.453,3.725,134.999
1138.7,37.66,0.9,0.1,-11.2,3,504.279,3.726,132.742
1146.7,37.59,3.5,0.0,-11.6,3,504.184,3.726,131.239
1146.7,37.49,4.8,0.0,-12.6,3,504.070,3.723,128.990
1146.7,37.41,8.4,0.0,-13.5,3,503.991,3.715,126.744
1146.7,37.36,8.8,0.0,-13.6,3,503.958,3.707,125.249
1154.7,37.27,9.1,0.0,-13.5,3,503.942,3.696,123.010
1154.7,37.21,8.6,0.0,-13.3,3,503.956,3.689,121.521
1154.7,37.11,3.0,0.0,-13.1,3,504.010,3.680,119.291
1154.7,37.03,3.5,0.0,-13.0,3,504.070,3.675,117.810
1162.3,36.92,6.7,0.0,-12.7,3,504.195,3.670,115.595
1162.3,36.85,6.9,0.0,-12.7,3,504.300,3.668,114.123
1162.3,36.76,8.7,0.0,-12.7,3,504.492,3.665,111.923
1162.3,36.71,7.7,0.0,-12.9,3,504.641,3.663,110.461
1170.2,36.61,12.2,0.0,-13.2,3,504.896,3.661,108.277
1170.2,36.56,13.4,0.0,-13.1,3,505.087,3.660,106.826
1170.2,36.51,10.3,0.0,-14.0,3,505.403,3.655,104.656
1170.2,36.43,6.7,0.0,-15.2,3,505.753,3.644,102.495
1177.8,36.35,6.8,0.0,-15.5,3,506.007,3.636,101.062
1177.8,36.23,9.3,0.0,-15.2,3,506.422,3.627,98.924
1177.8,36.18,10.3,0.0,-14.4,3,506.721,3.621,97.507
1177.8,36.11,11.5,0.0,-13.7,3,507.201,3.610,95.393
1185.6,36.05,10.4,0.0,-14.3,3,507.540,3.600,93.990
1185.6,35.96,10.1,0.0,-15.0,3,508.081,3.582,91.898
1185.6,35.90,11.7,0.0,-14.9,3,508.464,3.571,90.513
1185.6,35.82,11.0,0.0,-14.7,3,509.074,3.556,88.450
1193.1,35.77,7.4,0.0,-18.2,3,509.502,3.545,87.083
1193.1,35.75,27.3,0.0,-23.9,3,510.175,3.526,85.046
1193.1,35.75,18.5,0.0,-24.2,3,510.884,3.503,83.022
1193.1,35.72,14.8,0.0,-23.0,3,511.377,3.487,81.680
1200.7,35.66,13.5,0.0,-21.4,3,512.147,3.461,79.682
1200.7,35.62,11.9,0.0,-20.1,3,512.680,3.442,78.360
1200.7,35.55,11.4,0.0,-18.0,3,513.508,3.414,76.392
1200.7,35.51,11.0,0.0,-16.5,3,514.080,3.394,75.091
1208.0,35.44,8.5,0.0,-16.1,3,514.966,3.363,73.156
1208.0,35.41,22.3,0.0,-15.7,3,515.576,3.343,71.878
1208.0,35.47,43.6,0.0,-18.0,3,516.522,3.312,69.974
1208.0,35.56,51.4,0.0,-20.8,3,517.174,3.291,68.712
1215.3,35.73,63.0,0.0,-25.2,3,518.185,3.262,66.828
1243.3,32.92,0.0,29.3,22.0,2,533.364,3.012,45.143
1243.3,32.45,0.0,27.3,20.4,2,534.544,2.995,43.576
1243.3,32.01,0.0,18.7,19.0,2,535.679,2.978,42.009
1243.3,31.77,0.0,13.2,18.3,2,536.410,2.967,40.963
1249.7,31.47,0.0,7.1,18.0,2,537.471,2.949,39.390
1268.0,30.48,33.6,0.0,24.4,2,546.780,2.685,20.151
1268.0,30.53,26.8,0.0,27.5,2,547.159,2.668,18.992
1274.2,30.57,21.8,0.0,29.6,2,547.702,2.642,17.241
1274.2,30.58,19.1,0.0,29.4,2,548.213,2.617,15.479
1274.2,30.58,16.2,0.0,28.6,2,548.535,2.599,14.299
1274.2,30.54,14.6,0.0,26.8,2,548.985,2.572,12.522
1280.6,30.54,22.2,0.0,25.4,2,549.264,2.553,11.333
1280.6,30.58,29.7,0.0,23.4,2,549.650,2.525,9.541
1280.6,30.64,33.9,0.0,22.2,2,549.885,2.506,8.339
1280.6,30.74,32.4,0.0,20.7,2,550.204,2.477,6.526
1286.9,30.80,30.1,0.0,19.9,2,550.395,2.457,5.310
1286.9,30.88,30.4,0.0,19.4,2,550.647,2.428,3.478
1286.9,30.93,30.2,0.0,19.5,2,550.792,2.408,2.250
1286.9,31.01,30.2,0.0,20.0,2,550.975,2.378,0.402
1293.3,31.06,30.5,0.0,20.5,2,551.074,2.358,-0.835
1293.3,31.15,33.9,0.0,21.3,2,551.189,2.327,-2.698
1293.3,31.23,38.3,0.0,21.6,2,551.244,2.305,-3.944
1293.3,31.39,45.7,0.0,21.5,2,551.293,2.272,-5.821
1299.9,31.59,42.4,0.0,20.4,2,551.303,2.239,-7.709
1299.9,31.68,32.0,0.0,19.4,2,551.288,2.217,-8.974
1299.9,31.74,24.4,0.0,18.5,2,551.230,2.183,-10.876
1299.9,31.77,22.6,0.0,18.2,2,551.168,2.161,-12.144
1306.5,31.77,15.4,0.0,18.2,2,551.040,2.127,-14.046
1306.5,31.74,9.9,0.0,18.2,2,550.931,2.105,-15.311
1306.5,31.70,18.6,0.0,18.3,2,550.733,2.073,-17.204
1306.5,31.72,25.2,0.0,18.2,2,550.578,2.052,-18.462
1313.1,31.78,29.7,0.0,17.6,2,550.312,2.021,-20.348
1313.1,31.84,31.0,0.0,17.5,2,550.112,2.000,-21.604
1313.1,31.94,32.7,0.0,16.9,2,549.779,1.969,-23.488
1313.1,32.01,34.7,0.0,16.2,2,549.534,1.949,-24.743
1320.0,32.14,37.2,0.0,15.3,2,549.134,1.920,-26.625
1320.0,32.23,38.9,0.0,14.3,2,548.844,1.901,-27.879
1320.0,32.39,42.0,0.0,13.1,2,548.376,1.873,-29.760
1326.7,32.56,40.0,0.0,12.3,2,547.866,1.846,-31.640
1326.7,32.66,38.8,0.0,12.8,2,547.504,1.828,-32.893
1326.7,32.81,38.5,0.0,16.3,2,546.927,1.802,-34.770
1326.7,32.90,38.7,0.0,18.6,2,546.519,1.785,-36.019
1333.5,33.05,41.2,0.0,25.1,2,545.873,1.760,-37.888
1333.5,33.15,43.6,0.0,34.6,2,545.418,1.743,-39.131
1333.5,33.25,23.4,0.0,48.3,2,544.702,1.720,-40.991
1333.5,33.22,12.6,0.0,56.0,2,544.202,1.704,-42.223
1340.4,33.12,9.7,0.0,53.4,2,543.420,1.680,-44.053
1340.4,33.04,9.7,0.0,51.4,2,542.879,1.664,-45.261
1340.4,32.93,9.7,0.0,54.0,2,542.037,1.641,-47.052
1340.4,32.85,9.7,0.0,55.7,2,541.455,1.627,-48.232
1347.0,32.74,9.7,0.0,57.5,2,540.554,1.606,-49.982
1347.0,32.66,9.7,0.0,59.0,2,539.935,1.592,-51.134
1347.0,32.55,9.6,0.0,61.2,2,538.978,1.572,-52.841
1347.0,32.43,9.6,0.0,62.2,2,537.990,1.552,-54.521
1372.2,31.11,12.4,0.0,35.7,2,523.896,1.301,-72.432
1372.2,31.07,22.3,0.0,28.4,2,522.553,1.278,-73.726
1378.3,31.16,48.2,0.0,20.0,2,521.183,1.255,-74.992
1378.3,31.34,76.9,0.0,13.6,2,520.251,1.240,-75.825
1378.3,31.65,26.5,0.0,2.1,2,518.826,1.217,-77.065
1378.3,31.80,63.8,0.0,-5.1,2,517.858,1.202,-77.885
1384.5,32.10,33.9,0.0,-13.7,2,516.384,1.177,-79.109
1384.5,32.28,64.9,0.0,-16.2,2,515.387,1.161,-79.924
1384.5,32.66,54.4,0.0,-15.1,2,513.874,1.135,-81.148
1384.5,32.90,52.8,0.0,-11.9,2,512.853,1.118,-81.970
1390.9,33.29,86.5,0.0,-1.2,2,511.305,1.093,-83.211
1390.9,33.56,55.2,0.0,4.5,2,510.261,1.076,-84.046
1390.9,33.95,75.2,0.0,9.9,2,508.679,1.052,-85.310
1390.9,34.22,88.1,0.0,18.7,2,507.613,1.037,-86.159
1397.6,34.62,44.1,0.0,15.4,2,505.992,1.013,-87.437
1397.6,34.96,89.1,0.0,10.1,2,504.341,0.987,-88.713
1397.6,35.17,32.1,0.0,1.1,2,503.224,0.968,-89.559
1397.6,35.40,71.8,0.0,-8.9,2,501.524,0.937,-90.821
1404.4,35.58,36.1,0.0,-11.7,2,500.377,0.916,-91.656
1404.4,35.84,76.6,0.0,-10.5,2,498.635,0.883,-92.901
1404.4,36.07,55.5,0.0,-10.1,2,497.458,0.862,-93.726
1404.4,36.43,87.9,0.0,-5.5,2,495.667,0.829,-94.958
1411.6,36.68,64.5,0.0,-3.3,2,494.457,0.808,-95.776
1411.6,37.08,83.0,0.0,-1.7,2,492.616,0.776,-97.003
1411.6,37.37,90.7,0.0,-1.4,2,491.372,0.755,-97.820
1411.6,37.78,63.8,0.0,-1.6,2,489.483,0.726,-99.049
1419.0,38.06,88.9,0.0,-1.7,2,488.208,0.707,-99.870
1419.0,38.50,80.0,0.0,-1.6,2,486.274,0.680,-101.107
1419.0,38.78,69.1,0.0,-1.7,2,484.970,0.662,-101.935
1419.0,39.20,92.1,0.0,-2.3,2,482.992,0.636,-103.183
1426.8,39.56,0.0,0.0,-2.9,0,480.990,0.611,-104.440
1426.8,39.57,85.0,0.0,-2.7,3,479.649,0.594,-105.278
1426.8,39.95,91.9,0.0,-2.0,3,477.626,0.568,-106.540
1426.8,40.22,91.9,0.0,-1.3,3,476.267,0.551,-107.389
1434.9,40.63,79.9,0.0,-2.1,3,474.212,0.527,-108.676
1434.9,40.92,91.3,0.0,-2.1,3,472.832,0.510,-109.545
1434.9,41.28,68.8,0.0,-1.5,3,470.752,0.486,-110.866
1434.9,41.56,83.8,0.0,-1.0,3,469.357,0.470,-111.760
1443.2,41.94,74.5,0.0,-1.1,3,467.256,0.450,-113.122
1443.2,42.26,91.9,0.0,-1.0,3,465.145,0.430,-114.509
1443.2,42.52,65.0,0.0,-0.9,3,463.733,0.416,-115.448
1443.2,42.81,91.2,0.0,-2.6,3,461.612,0.398,-116.880
1452.0,43.21,78.8,0.0,-3.0,3,459.486,0.378,-118.341
1452.0,43.40,89.3,0.0,-3.4,3,458.066,0.366,-119.333
1452.0,43.69,42.9,0.0,-3.1,3,455.935,0.343,-120.843
1452.0,43.85,60.1,0.0,-2.9,3,454.515,0.325,-121.868
1461.1,44.13,86.6,0.0,-2.8,3,452.394,0.299,-123.437
1489.1,47.07,55.4,0.0,-3.4,3,428.144,0.163,-145.533
1498.7,47.19,47.8,0.0,-0.1,3,426.261,0.156,-147.644
1498.7,47.24,44.4,0.0,1.7,3,425.025,0.151,-149.072
1498.7,47.31,47.4,0.0,3.6,3,423.201,0.146,-151.244
1498.7,47.37,50.8,0.0,4.3,3,422.006,0.144,-152.712
1508.4,47.52,65.2,0.0,4.1,3,420.242,0.144,-154.946
1508.4,47.66,72.2,0.0,3.2,3,419.084,0.145,-156.456
1508.4,47.93,82.9,0.0,1.5,3,417.367,0.145,-158.752
1508.4,48.13,82.2,0.0,1.0,3,416.233,0.144,-160.303
1518.0,48.46,92.0,0.0,0.2,3,414.546,0.139,-162.658
1518.0,48.71,92.1,0.0,0.5,3,413.430,0.134,-164.248
1518.0,49.07,92.1,0.0,1.1,3,411.765,0.127,-166.662
1518.0,49.31,92.2,0.0,1.3,3,410.662,0.121,-168.291
1527.8,49.66,92.2,0.0,1.3,3,409.016,0.110,-170.761
1527.8,50.02,92.3,0.0,0.8,3,407.379,0.097,-173.263
1527.8,50.26,92.2,0.0,-0.1,3,406.293,0.089,-174.948
1527.8,50.60,92.1,0.0,-1.9,3,404.670,0.078,-177.501
1537.8,50.73,0.0,0.0,-2.7,0,403.592,0.068,-179.218
1537.8,50.80,92.0,0.0,-3.2,4,401.988,0.051,-181.804
1537.8,51.03,92.0,0.0,-2.7,4,400.924,0.039,-183.540
1537.8,51.36,92.0,0.0,-1.6,4,399.334,0.022,-186.167
1548.0,51.58,92.0,0.0,-0.9,4,398.278,0.011,-187.933
1548.0,51.91,92.0,0.0,-0.4,4,396.698,-0.005,-190.605
1548.0,52.12,92.0,0.0,-0.3,4,395.649,-0.017,-192.401
1548.0,52.46,92.0,0.0,-0.5,4,394.079,-0.033,-195.117
1558.4,52.67,92.0,0.0,-0.7,4,393.035,-0.043,-196.941
1558.4,53.01,85.6,0.0,0.0,4,391.471,-0.055,-199.699
1558.4,53.23,79.1,0.0,-0.5,4,390.430,-0.061,-201.550
1558.4,53.56,69.4,0.0,-1.4,4,388.866,-0.072,-204.346
1569.0,53.78,63.0,0.0,-1.8,4,387.824,-0.079,-206.222
1569.0,54.10,59.9,0.0,-2.0,4,386.260,-0.087,-209.054
1569.0,54.42,60.0,0.0,-1.9,4,384.696,-0.093,-211.909
1569.0,54.63,60.1,0.0,-1.6,4,383.655,-0.096,-213.825
1579.8,54.95,60.1,0.0,-1.6,4,382.094,-0.101,-216.718
1579.8,55.16,60.2,0.0,-1.5,4,381.054,-0.103,-218.658
1579.8,55.47,60.3,0.0,-1.0,4,379.496,-0.105,-221.588
1579.8,55.68,60.3,0.0,-1.2,4,378.457,-0.107,-223.553
1590.9,55.98,60.4,0.0,-1.5,4,376.901,-0.110,-226.519
1590.9,56.18,60.5,0.0,-1.8,4,375.864,-0.111,-228.507
1590.9,56.49,60.6,0.0,-1.8,4,374.309,-0.114,-231.508
1590.9,56.69,60.6,0.0,-1.6,4,373.274,-0.117,-233.520
1602.1,56.98,60.7,0.0,-1.4,4,371.723,-0.123,-236.556
1602.1,57.28,60.8,0.0,-1.4,4,370.174,-0.130,-239.614
1602.1,57.48,60.9,0.0,-1.4,4,369.143,-0.137,-241.664
1613.6,57.77,60.9,0.0,-1.5,4,367.599,-0.145,-244.756
1613.6,57.96,61.0,0.0,-1.6,4,366.571,-0.150,-246.830
1613.6,58.25,61.1,0.0,-1.7,4,365.031,-0.162,-249.957
1613.6,58.44,61.1,0.0,-1.7,4,364.007,-0.170,-252.053
1625.2,58.72,61.1,0.0,-1.6,4,362.472,-0.184,-255.215
1625.2,58.91,61.1,0.0,-1.6,4,361.451,-0.194,-257.334
1625.2,59.19,61.1,0.0,-1.6,4,359.924,-0.210,-260.530
1625.2,59.37,61.1,0.0,-1.7,4,358.908,-0.221,-262.673
1637.0,59.64,61.2,0.0,-1.7,4,357.389,-0.237,-265.904
1637.0,59.83,61.1,0.0,-1.8,4,356.380,-0.248,-268.069
1637.0,60.09,61.1,0.0,-1.7,4,354.870,-0.265,-271.334
1637.0,60.27,61.0,0.0,-1.5,4,353.867,-0.276,-273.521
1649.0,60.53,60.8,0.0,-1.3,4,352.367,-0.293,-276.819
1649.0,60.78,60.6,0.0,-0.8,4,350.872,-0.312,-280.137
1649.0,60.95,60.4,0.0,-0.3,4,349.878,-0.324,-282.359
1649.0,61.19,60.2,0.0,1.1,0,348.390,-0.342,-285.707
1661.2,61.15,0.0,0.0,1.7,0,347.399,-0.356,-287.945
1661.2,61.31,83.7,0.0,1.7,5,345.913,-0.382,-291.302
1661.2,61.47,77.2,0.0,1.7,5,344.917,-0.398,-293.546
1661.2,61.72,67.5,0.0,1.7,5,343.412,-0.421,-296.920
1673.5,61.88,61.0,0.0,1.8,5,342.399,-0.436,-299.175
1673.5,62.12,59.8,0.0,1.9,5,340.864,-0.460,-302.563
1673.5,62.28,59.9,0.0,1.9,5,339.830,-0.477,-304.825
1673.5,62.51,60.0,0.0,2.2,5,338.260,-0.500,-308.223
1685.9,62.67,60.1,0.0,2.2,5,337.202,-0.517,-310.492
1685.9,62.91,60.1,0.0,1.9,5,335.596,-0.541,-313.900
1685.9,63.07,60.2,0.0,1.7,5,334.513,-0.556,-316.174
1685.9,63.29,60.2,0.0,1.5,5,332.870,-0.577,-319.590
1698.5,63.53,60.3,0.0,1.0,5,331.207,-0.597,-323.011
1698.5,63.68,60.3,0.0,0.8,5,330.088,-0.612,-325.296
1698.5,63.91,60.4,0.0,0.6,5,328.395,-0.632,-328.728
1698.5,64.06,60.4,0.0,0.7,5,327.258,-0.644,-331.021
1711.3,64.29,60.5,0.0,0.3,5,325.540,-0.664,-334.467
1711.3,64.44,60.5,0.0,0.1,5,324.388,-0.678,-336.769
1711.3,64.67,60.5,0.0,-0.0,5,322.651,-0.699,-340.230
1711.3,64.81,60.6,0.0,-0.2,5,321.487,-0.712,-342.543
1724.2,65.04,60.6,0.0,-0.1,5,319.735,-0.733,-346.022
1724.2,65.18,60.7,0.0,0.1,5,318.563,-0.748,-348.348
1724.2,65.41,60.7,0.0,-0.0,5,316.800,-0.772,-351.846
1724.2,65.55,60.8,0.0,-0.2,5,315.622,-0.788,-354.185
1737.3,65.77,60.9,0.0,-0.2,5,313.850,-0.812,-357.703
1737.3,65.98,60.9,0.0,-0.2,5,312.074,-0.836,-361.233
1737.3,66.12,61.0,0.0,-0.4,5,310.887,-0.853,-363.593
1737.3,66.34,61.0,0.0,-0.6,5,309.102,-0.882,-367.143
1750.5,66.47,61.1,0.0,-0.1,5,307.910,-0.899,-369.516
1750.5,66.68,61.1,0.0,0.1,5,306.121,-0.923,-373.087
1750.5,66.82,61.1,0.0,0.1,5,304.926,-0.941,-375.474
1750.5,67.04,61.2,0.0,0.1,5,303.131,-0.970,-379.066
1763.8,67.17,61.2,0.0,-0.2,5,301.932,-0.990,-381.467
1763.8,67.38,61.2,0.0,-0.2,5,300.130,-1.020,-385.078
1763.8,67.51,61.2,0.0,-0.1,5,298.926,-1.040,-387.492
1763.8,67.72,61.2,0.0,-0.2,5,297.117,-1.070,-391.123
1777.3,67.85,61.3,0.0,-0.3,5,295.909,-1.090,-393.550
1777.3,68.05,61.3,0.0,0.0,5,294.093,-1.120,-397.199
1777.3,68.17,61.3,0.0,0.1,5,292.880,-1.140,-399.638
1777.3,68.37,61.3,0.0,0.1,5,291.058,-1.171,-403.307
1791.0,68.57,61.3,0.0,0.1,5,289.231,-1.204,-406.986
1791.0,68.70,61.3,0.0,-0.0,5,288.010,-1.225,-409.444
1791.0,68.88,61.3,0.0,0.0,5,286.175,-1.252,-413.141
1791.0,69.00,61.3,0.0,0.1,5,284.948,-1.268,-415.610
1804.7,69.19,61.2,0.0,0.1,5,283.103,-1.293,-419.322
1804.7,69.32,61.2,0.0,0.2,5,281.870,-1.311,-421.803
1804.7,69.50,61.2,0.0,0.3,5,280.015,-1.337,-425.531
1804.7,69.62,61.1,0.0,0.3,5,278.775,-1.355,-428.021
1818.6,69.80,61.0,0.0,0.2,5,276.910,-1.382,-431.764
1818.6,69.91,60.9,0.0,0.2,5,275.662,-1.401,-434.264
1818.6,70.08,60.7,0.0,0.3,5,273.786,-1.430,-438.021
1818.6,70.19,60.7,0.0,0.3,5,272.531,-1.450,-440.529
1832.6,70.36,60.6,0.0,0.3,5,270.642,-1.479,-444.299
1832.6,70.52,60.4,0.0,0.4,5,268.747,-1.509,-448.076
1832.6,70.55,0.0,0.0,0.5,0,267.480,-1.528,-450.598
1846.7,70.53,87.1,0.0,0.4,6,265.577,-1.554,-454.376
1846.7,70.64,80.6,0.0,0.3,6,264.306,-1.569,-456.897
1846.7,70.81,70.9,0.0,0.3,6,262.392,-1.593,-460.683
1846.7,70.91,64.4,0.0,0.3,6,261.111,-1.608,-463.211
1860.8,71.07,59.9,0.0,0.4,6,259.182,-1.627,-467.009
1860.8,71.18,60.0,0.0,0.5,6,257.892,-1.642,-469.545
1860.8,71.35,60.0,0.0,0.5,6,255.950,-1.667,-473.354
1860.8,71.45,60.0,0.0,0.5,6,254.650,-1.684,-475.897
1875.1,71.61,60.1,0.0,0.5,6,252.693,-1.711,-479.716
1875.1,71.77,60.1,0.0,0.5,6,250.727,-1.735,-483.541
1875.1,71.87,60.2,0.0,0.5,6,249.412,-1.750,-486.095
1875.1,72.03,60.3,0.0,0.3,6,247.432,-1.771,-489.931
1889.4,72.13,60.3,0.0,0.3,6,246.107,-1.785,-492.491
1889.4,72.28,60.3,0.0,0.3,6,244.112,-1.808,-496.337
1889.4,72.39,60.3,0.0,0.2,6,242.778,-1.821,-498.904
1889.4,72.54,60.4,0.0,0.3,6,240.771,-1.839,-502.761
1903.9,72.64,60.4,0.0,0.2,6,239.428,-1.852,-505.335
1903.9,72.79,60.4,0.0,0.2,6,237.409,-1.873,-509.202
1903.9,72.89,60.4,0.0,0.2,6,236.059,-1.886,-511.784
1903.9,73.04,60.4,0.0,0.2,6,234.027,-1.907,-515.662
1918.5,73.14,60.5,0.0,0.3,6,232.670,-1.921,-518.251
1918.5,73.29,60.5,0.0,0.3,6,230.628,-1.944,-522.140
1918.5,73.43,60.5,0.0,0.2,6,228.580,-1.965,-526.035
1918.5,73.52,60.6,0.0,0.1,6,227.210,-1.979,-528.635
1933.1,73.67,60.6,0.0,-0.1,6,225.151,-1.998,-532.541
1933.1,73.77,60.6,0.0,-0.1,6,223.774,-2.012,-535.149
1933.1,73.91,60.6,0.0,-0.1,6,221.705,-2.033,-539.066
1933.1,74.01,60.6,0.0,-0.1,6,220.323,-2.048,-541.681
1947.9,74.15,60.7,0.0,-0.3,6,218.247,-2.076,-545.611
1947.9,74.24,60.7,0.0,-0.4,6,216.861,-2.098,-548.235
1947.9,74.38,60.7,0.0,-0.4,6,214.781,-2.135,-552.178
1947.9,74.48,60.7,0.0,-0.4,6,213.394,-2.162,-554.812
1962.8,74.61,60.8,0.0,-0.5,6,211.313,-2.206,-558.771
1962.8,74.70,60.8,0.0,-0.6,6,209.926,-2.234,-561.415
1962.8,74.84,60.8,0.0,-0.7,6,207.847,-2.277,-565.390
1962.8,74.93,60.9,0.0,-0.7,6,206.461,-2.308,-568.045
1977.7,75.07,60.9,0.0,-0.6,6,204.384,-2.356,-572.036
1977.7,75.20,60.9,0.0,-0.7,6,202.310,-2.407,-576.038
1977.7,75.29,61.0,0.0,-0.7,6,200.929,-2.442,-578.712
1977.7,75.43,61.0,0.0,-0.5,6,198.860,-2.493,-582.732
1992.8,75.52,61.0,0.0,-0.4,6,197.482,-2.529,-585.418
1992.8,75.65,61.1,0.0,-0.4,6,195.419,-2.582,-589.455
1992.8,75.73,61.1,0.0,-0.4,6,194.045,-2.615,-592.152
1992.8,75.87,61.1,0.0,-0.2,6,191.985,-2.668,-596.207
2007.9,75.96,61.1,0.0,0.1,6,190.612,-2.704,-598.915
2007.9,76.08,61.2,0.0,0.4,6,188.554,-2.755,-602.984
2007.9,76.17,61.2,0.0,0.5,6,187.180,-2.790,-605.702
2007.9,76.31,61.2,0.0,0.6,6,185.118,-2.847,-609.784
2023.1,76.39,61.2,0.0,0.7,6,183.740,-2.882,-612.509
2023.1,76.51,61.3,0.0,0.9,6,181.667,-2.931,-616.599
2023.1,76.60,61.3,0.0,1.0,6,180.280,-2.965,-619.329
2023.1,76.72,61.3,0.0,1.1,6,178.191,-3.016,-623.426
2038.4,76.83,61.4,0.0,1.1,6,176.088,-3.059,-627.524
2038.4,76.91,61.4,0.0,1.1,6,174.679,-3.085,-630.257
2038.4,77.04,61.4,0.0,1.1,6,172.551,-3.123,-634.355
2038.4,77.11,61.4,0.0,1.1,6,171.124,-3.147,-637.088
2053.8,77.23,61.4,0.0,1.8,6,168.971,-3.180,-641.187
2053.8,77.31,61.4,0.0,2.2,6,167.525,-3.200,-643.918
2053.8,77.42,61.4,0.0,2.3,6,165.341,-3.225,-648.014
2053.8,77.49,61.4,0.0,1.8,6,163.873,-3.241,-650.742
2069.3,77.60,61.4,0.0,1.9,6,161.652,-3.259,-654.830
2069.3,77.67,61.4,0.0,2.0,6,160.158,-3.267,-657.552
2069.3,77.77,61.4,0.0,2.0,6,157.896,-3.278,-661.630
2069.3,77.85,61.4,0.0,0.8,6,156.374,-3.283,-664.345
2084.7,77.95,61.4,0.0,-0.2,6,154.071,-3.286,-668.412
2084.7,78.02,62.2,0.0,-0.1,6,152.526,-3.285,-671.122
2084.7,78.00,16.6,32.5,0.1,6,150.197,-3.282,-675.183
2100.3,77.24,0.0,77.2,0.2,6,147.871,-3.273,-679.225
2100.3,76.44,0.0,82.4,0.4,6,146.335,-3.265,-681.889
2100.3,75.18,0.0,81.9,0.6,6,144.062,-3.250,-685.832
2100.3,74.33,0.0,80.0,0.8,6,142.566,-3.238,-688.423
2115.3,73.10,0.0,75.3,1.2,6,140.352,-3.217,-692.254
2115.3,72.30,0.0,75.3,1.3,6,138.895,-3.201,-694.772
2115.3,70.72,0.0,80.9,1.4,6,136.020,-3.164,-699.722
2115.3,69.90,0.0,77.7,1.6,6,134.602,-3.144,-702.153
2129.4,68.70,0.0,76.3,1.8,6,132.500,-3.111,-705.742
2129.4,67.92,0.0,77.5,1.9,6,131.113,-3.088,-708.098
2129.4,66.73,0.0,78.5,2.1,6,129.053,-3.052,-711.576
2129.4,65.94,0.0,74.7,2.0,6,127.694,-3.025,-713.856
2142.9,64.79,0.0,75.0,1.9,6,125.673,-2.981,-717.220
2142.9,64.05,0.0,53.3,1.8,6,124.339,-2.950,-719.425
2142.9,63.12,0.0,61.1,1.8,6,122.350,-2.901,-722.682
2142.9,62.14,0.0,66.2,1.9,0,120.373,-2.849,-725.881
2155.5,61.47,30.5,71.4,1.9,0,119.064,-2.813,-727.980
2155.5,60.42,0.0,67.5,1.8,5,117.116,-2.756,-731.076
2155.5,59.73,0.0,65.3,1.9,5,115.828,-2.715,-733.106
2155.5,58.72,0.0,64.2,1.9,5,113.911,-2.651,-736.100
2167.5,58.06,0.0,65.6,2.0,5,112.643,-2.607,-738.063
2167.5,57.07,0.0,66.6,1.7,5,110.757,-2.541,-740.958
2167.5,56.44,0.0,60.5,1.6,5,109.510,-2.496,-742.856
2167.5,55.47,0.0,60.6,1.6,5,107.655,-2.428,-745.654
2178.8,54.85,0.0,57.3,1.4,5,106.428,-2.384,-747.489
2178.8,53.95,0.0,67.4,1.5,5,104.601,-2.317,-750.195
2178.8,53.34,30.3,59.2,1.4,0,103.392,-2.272,-751.968
2178.8,52.47,0.0,54.3,1.7,4,101.593,-2.208,-754.585
2189.6,51.91,0.0,50.5,1.3,4,100.402,-2.166,-756.300
2189.6,51.11,0.0,51.5,1.6,4,98.629,-2.107,-758.832
2189.6,50.30,0.0,60.6,1.0,4,96.871,-2.054,-761.317
2189.6,49.68,0.0,36.5,0.7,4,95.709,-2.020,-762.945
2199.7,49.14,0.0,24.1,-0.9,4,93.978,-1.965,-765.349
2199.7,48.84,0.0,35.1,-0.8,4,92.825,-1.928,-766.934
2199.7,48.26,0.0,44.2,-0.9,4,91.106,-1.873,-769.287
2199.7,47.80,0.0,45.8,-0.2,4,89.969,-1.839,-770.837
2209.4,47.09,0.0,47.7,0.5,4,88.284,-1.787,-773.133
2209.4,46.60,0.0,44.8,0.9,4,87.173,-1.753,-774.643
2209.4,45.91,0.0,43.8,1.1,4,85.527,-1.701,-776.878
2209.4,45.45,0.0,46.4,1.2,4,84.441,-1.667,-778.348
2218.7,44.73,0.0,46.9,1.2,0,82.831,-1.617,-780.523
2218.7,44.27,33.4,47.4,1.3,0,81.769,-1.585,-781.952
2218.7,43.53,0.0,53.2,1.8,3,80.192,-1.537,-784.064
2227.4,42.73,0.0,49.2,2.7,3,78.637,-1.490,-786.134
2227.4,42.22,0.0,49.8,3.3,3,77.612,-1.459,-787.490
2227.4,41.48,0.0,45.9,4.3,3,76.090,-1.414,-789.488
2227.4,40.99,0.0,46.9,4.9,3,75.085,-1.385,-790.797
2235.7,40.29,0.0,52.6,5.7,3,73.587,-1.342,-792.722
2235.7,39.80,0.0,46.5,6.2,3,72.595,-1.315,-793.981
2235.7,39.08,0.0,48.9,6.8,3,71.116,-1.275,-795.829
2235.7,38.59,0.0,43.6,7.2,3,70.135,-1.248,-797.035
2243.5,37.95,0.0,25.8,7.9,3,68.671,-1.209,-798.803
2243.5,37.52,0.0,14.6,8.7,3,67.202,-1.170,-800.526
2243.5,37.32,0.0,9.9,9.3,3,66.217,-1.145,-801.653
2243.5,37.07,0.0,5.4,10.2,3,64.726,-1.107,-803.313
2250.9,36.94,0.0,3.0,10.8,3,63.722,-1.082,-804.400
2250.9,36.78,0.0,0.8,11.9,3,62.199,-1.045,-806.004
2250.9,36.68,0.0,0.2,12.5,3,61.173,-1.020,-807.055
2250.9,36.62,20.5,0.0,13.0,3,59.615,-0.983,-808.606
2258.2,36.60,16.4,0.0,13.4,3,58.562,-0.957,-809.624
2258.2,36.53,9.8,0.0,14.1,3,56.963,-0.919,-811.126
2258.2,36.48,9.5,0.0,14.6,3,55.885,-0.893,-812.110
2258.2,36.38,6.8,0.0,15.0,3,54.249,-0.855,-813.560
2265.4,36.32,6.9,0.0,14.9,3,53.146,-0.830,-814.507
2265.4,36.22,7.4,0.0,14.7,3,51.475,-0.794,-815.901
2265.4,36.15,6.4,0.0,14.5,3,50.350,-0.770,-816.811
2265.4,36.05,8.7,0.0,14.0,3,48.644,-0.734,-818.146
2272.6,35.97,9.4,0.0,14.0,3,46.917,-0.698,-819.445
2272.6,35.91,9.9,0.0,14.2,3,45.755,-0.673,-820.291
2272.6,35.83,9.1,0.0,14.6,3,43.996,-0.637,-821.530
2272.6,35.77,7.0,0.0,15.0,3,42.812,-0.614,-822.336
2280.0,35.67,7.7,0.0,15.3,3,41.023,-0.579,-823.515
2280.0,35.61,9.6,0.0,15.4,3,39.820,-0.555,-824.280
2280.0,35.52,8.5,0.0,15.4,3,38.001,-0.519,-825.396
2280.0,35.47,10.5,0.0,15.5,3,36.779,-0.495,-826.118
2287.2,35.39,9.3,0.0,15.8,3,34.932,-0.458,-827.171
2287.2,35.32,7.2,0.0,14.6,3,33.693,-0.434,-827.851
2287.2,35.24,8.6,0.0,12.4,3,31.821,-0.398,-828.839
2287.2,35.18,6.5,0.0,12.8,3,30.566,-0.373,-829.477
2294.7,35.08,12.3,0.0,13.6,3,28.672,-0.337,-830.403
2294.7,35.10,38.9,0.0,14.5,3,26.765,-0.301,-831.292
2294.7,35.18,49.7,0.0,15.0,3,25.482,-0.277,-831.865
2294.7,35.37,62.6,0.0,15.5,3,23.538,-0.239,-832.699
2302.0,35.52,62.8,0.0,15.6,3,22.227,-0.214,-833.238
2302.0,35.74,63.5,0.0,14.9,3,20.239,-0.175,-834.021
2302.0,35.87,54.3,0.0,15.2,3,18.898,-0.149,-834.524
2302.0,36.01,43.5,0.0,15.8,3,16.869,-0.112,-835.251
2309.7,36.07,41.9,0.0,16.5,3,15.504,-0.088,-835.716
2309.7,36.12,28.6,0.0,17.6,3,13.442,-0.052,-836.379
2309.7,36.12,22.3,0.0,18.4,3,12.060,-0.028,-836.797
2309.7,36.09,20.3,0.0,19.6,3,9.976,0.009,-837.389
2317.2,36.06,16.0,0.0,20.3,3,8.581,0.035,-837.758
2317.2,35.98,11.6,0.0,21.3,3,6.483,0.074,-838.277
2317.2,35.93,12.9,0.0,21.8,3,5.081,0.100,-838.598
2317.2,35.85,11.3,0.0,22.3,3,2.975,0.139,-839.045
2324.9,35.77,14.0,0.0,22.5,3,0.865,0.177,-839.449
2324.9,35.72,13.3,0.0,22.6,3,-0.544,0.201,-839.694
2324.9,35.64,12.7,0.0,22.6,3,-2.659,0.238,-840.025
2324.9,35.59,12.9,0.0,22.8,3,-4.070,0.261,-840.221
2332.3,35.50,10.0,0.0,23.0,3,-6.187,0.296,-840.479
2332.3,35.44,9.6,0.0,24.4,3,-7.598,0.318,-840.626
2332.3,35.35,11.4,0.0,26.3,3,-9.714,0.351,-840.811
2332.3,35.28,9.8,0.0,27.5,3,-11.123,0.372,-840.910
2339.9,35.19,11.6,0.0,28.7,3,-13.234,0.403,-841.021
2339.9,35.13,11.1,0.0,28.8,3,-14.639,0.423,-841.072
2339.9,35.03,10.6,0.0,30.1,3,-16.744,0.451,-841.112
2339.9,34.97,11.0,0.0,30.8,3,-18.144,0.469,-841.116
2347.3,34.88,10.2,0.0,30.9,0,-20.239,0.495,-841.085
2347.3,34.81,38.8,0.0,32.1,0,-21.633,0.510,-841.040
2347.3,34.70,10.6,0.0,32.6,2,-23.715,0.533,-840.939
2354.8,34.61,12.0,0.0,32.7,2,-25.790,0.553,-840.795
2354.8,34.55,12.4,0.0,32.8,2,-27.168,0.566,-840.676
2354.8,34.47,11.8,0.0,33.0,2,-29.228,0.583,-840.462
2354.8,34.41,11.7,0.0,33.9,2,-30.595,0.593,-840.297
2361.9,34.33,12.3,0.0,34.3,2,-32.638,0.608,-840.013
2361.9,34.28,11.9,0.0,34.6,2,-33.994,0.617,-839.801
2361.9,34.19,12.8,0.0,35.5,2,-36.017,0.631,-839.448
2361.9,34.14,13.2,0.0,35.6,2,-37.359,0.640,-839.189
2369.0,34.06,13.7,0.0,35.9,2,-39.361,0.653,-838.767
2369.0,34.02,15.1,0.0,36.0,2,-40.689,0.662,-838.463
2369.0,33.96,13.8,0.0,36.1,2,-42.668,0.674,-837.972
2369.0,33.91,13.0,0.0,36.2,2,-43.980,0.682,-837.623
2376.2,33.84,15.5,0.0,36.2,2,-45.935,0.692,-837.066
2397.1,33.84,37.5,0.0,28.3,2,-69.219,0.732,-826.627
2403.9,33.99,46.1,0.0,25.9,2,-70.938,0.728,-825.539
2403.9,34.20,57.2,0.0,23.1,2,-72.644,0.722,-824.411
2403.9,34.38,64.2,0.0,20.8,2,-73.775,0.717,-823.636
2403.9,34.68,66.3,0.0,16.2,2,-75.465,0.710,-822.439
2410.9,34.88,54.4,0.0,12.6,2,-76.587,0.704,-821.616
2410.9,35.10,51.8,0.0,7.0,2,-78.259,0.696,-820.348
2410.9,35.24,49.6,0.0,3.8,2,-79.365,0.689,-819.478
2410.9,35.43,45.0,0.0,-0.1,2,-81.009,0.678,-818.140
2417.9,35.55,47.0,0.0,-1.9,2,-82.094,0.670,-817.226
2417.9,35.76,53.6,0.0,-3.0,2,-83.706,0.658,-815.821
2417.9,35.93,57.9,0.0,-2.5,2,-84.771,0.649,-814.862
2417.9,36.22,65.0,0.0,-0.8,2,-86.358,0.635,-813.391
2425.0,36.45,65.9,0.0,0.7,2,-87.410,0.625,-812.388
2425.0,36.78,58.1,0.0,3.2,2,-88.979,0.609,-810.852
2425.0,37.06,52.9,0.0,6.3,2,-90.537,0.591,-809.277
2425.0,37.22,53.8,0.0,8.3,2,-91.568,0.578,-808.208
2432.3,37.50,59.5,0.0,10.2,2,-93.103,0.557,-806.576
2432.3,37.70,63.7,0.0,10.9,2,-94.120,0.543,-805.469
2432.3,38.01,61.9,0.0,10.9,2,-95.636,0.522,-803.779
2432.3,38.21,60.7,0.0,11.0,2,-96.640,0.508,-802.632
2439.6,38.49,62.2,0.0,10.7,2,-98.133,0.485,-800.883
2439.6,38.69,65.7,0.0,10.1,2,-99.119,0.469,-799.696
2439.6,39.01,74.0,0.0,9.1,2,-100.584,0.444,-797.884
2439.6,39.25,76.1,0.0,8.2,2,-101.551,0.427,-796.654
2447.2,39.60,77.6,0.0,6.5,2,-102.989,0.401,-794.777
2447.2,39.94,69.6,0.0,4.4,2,-104.410,0.372,-792.861
2447.2,40.13,65.8,0.0,2.8,2,-105.346,0.352,-791.563
2454.9,40.41,65.7,0.0,0.9,2,-106.731,0.319,-789.583
2454.9,40.59,60.3,0.0,-0.2,2,-107.641,0.296,-788.243
2454.9,40.84,64.5,0.0,-1.2,2,-108.982,0.258,-786.203
2454.9,41.01,70.9,0.0,-1.6,0,-109.862,0.232,-784.823
2488.5,45.91,92.0,0.0,1.3,3,-126.609,-0.631,-752.726
2497.7,46.32,92.0,0.0,0.6,3,-127.846,-0.712,-750.253
2497.7,46.74,91.6,0.0,-0.4,3,-129.105,-0.800,-747.766
2497.7,47.03,91.9,0.0,-0.9,3,-129.959,-0.859,-746.098
2507.3,47.40,92.1,0.0,-1.3,3,-131.263,-0.947,-743.585
2507.3,47.68,92.1,0.0,-1.3,3,-132.147,-1.005,-741.903
2507.3,48.09,92.1,0.0,-1.4,3,-133.495,-1.095,-739.367
2507.3,48.36,92.1,0.0,-1.5,3,-134.408,-1.157,-737.670
2517.1,48.76,92.1,0.0,-2.0,3,-135.801,-1.253,-735.113
2517.1,49.03,92.1,0.0,-2.3,3,-136.745,-1.321,-733.402
2517.1,49.42,92.1,0.0,-2.5,3,-138.183,-1.424,-730.826
2517.1,49.67,92.1,0.0,-2.4,3,-139.158,-1.496,-729.102
2527.1,50.05,92.2,0.0,-2.3,3,-140.642,-1.608,-726.509
2527.1,50.30,92.3,0.0,-2.2,3,-141.648,-1.685,-724.774
2527.1,50.66,92.1,0.0,-2.2,3,-143.179,-1.807,-722.164
2527.1,51.03,92.1,0.0,-2.1,3,-144.739,-1.933,-719.547
2537.3,51.17,0.0,0.0,-2.0,0,-145.796,-2.018,-717.798
2537.3,51.26,92.0,0.0,-2.1,4,-147.397,-2.146,-715.182
2537.3,51.50,92.0,0.0,-2.1,4,-148.479,-2.232,-713.437
2537.3,51.85,92.0,0.0,-2.0,4,-150.123,-2.362,-710.813
2547.7,52.08,92.0,0.0,-1.9,4,-151.233,-2.449,-709.058
2547.7,52.43,92.0,0.0,-1.5,4,-152.921,-2.578,-706.420
2547.7,52.66,92.0,0.0,-1.3,4,-154.060,-2.662,-704.656
2547.7,53.01,85.5,0.0,-1.1,4,-155.790,-2.785,-702.003
2558.3,53.25,79.1,0.0,-1.2,4,-156.957,-2.866,-700.229
2558.3,53.59,69.4,0.0,-1.4,4,-158.727,-2.988,-697.560
2558.3,53.82,62.9,0.0,-1.6,4,-159.919,-3.068,-695.775
2558.3,54.17,59.8,0.0,-1.8,4,-161.725,-3.185,-693.089
2569.1,54.39,60.0,0.0,-2.0,4,-162.940,-3.261,-691.292
2569.1,54.72,60.1,0.0,-2.0,4,-164.781,-3.369,-688.588
2569.1,55.05,60.2,0.0,-1.8,4,-166.643,-3.468,-685.875
2569.1,55.27,60.2,0.0,-1.8,4,-167.897,-3.529,-684.060
2580.2,55.59,60.3,0.0,-1.6,4,-169.796,-3.613,-681.332
2580.2,55.81,60.3,0.0,-1.6,4,-171.073,-3.664,-679.508
2580.2,56.12,60.4,0.0,-1.4,4,-173.009,-3.733,-676.765
2580.2,56.33,60.5,0.0,-1.3,4,-174.311,-3.773,-674.933
2591.5,56.64,60.6,0.0,-1.3,4,-176.282,-3.824,-672.177
2591.5,56.84,60.7,0.0,-1.3,4,-177.608,-3.853,-670.335
2591.5,57.15,60.8,0.0,-1.4,4,-179.612,-3.889,-667.566
2591.5,57.35,60.8,0.0,-1.3,4,-180.959,-3.910,-665.714
2602.9,57.65,60.9,0.0,-1.2,4,-182.995,-3.938,-662.930
2602.9,57.85,61.0,0.0,-1.2,4,-184.362,-3.955,-661.068
2602.9,58.14,61.0,0.0,-1.2,4,-186.427,-3.980,-658.269
2602.9,58.43,61.1,0.0,-1.1,4,-188.510,-4.002,-655.460
2614.5,58.62,61.1,0.0,-1.1,4,-189.908,-4.015,-653.583
2614.5,58.91,61.1,0.0,-1.1,4,-192.020,-4.032,-650.760
2614.5,59.10,61.1,0.0,-1.0,4,-193.437,-4.042,-648.873
2614.5,59.37,61.1,0.0,-1.0,4,-195.576,-4.055,-646.035
2626.3,59.55,61.2,0.0,-0.9,4,-197.011,-4.060,-644.139
2626.3,59.83,61.1,0.0,-0.9,4,-199.177,-4.066,-641.287
2626.3,60.01,61.1,0.0,-0.8,4,-200.630,-4.069,-639.381
2626.3,60.27,61.0,0.0,-0.8,4,-202.822,-4.069,-636.516
2638.2,60.44,60.9,0.0,-0.9,4,-204.292,-4.066,-634.601
2638.2,60.70,60.7,0.0,-0.9,4,-206.509,-4.057,-631.723
2638.2,60.86,60.6,0.0,-1.0,4,-207.996,-4.048,-629.799
2638.2,61.11,60.4,0.0,-1.1,4,-210.238,-4.029,-626.908
2650.3,61.26,60.2,0.0,-1.2,4,-211.741,-4.016,-624.977
2650.3,61.30,0.0,0.0,-2.3,0,-214.006,-3.996,-622.078
2650.3,61.12,5.2,33.6,-3.8,5,-216.278,-3.975,-619.189
2650.3,60.73,0.0,47.0,-4.3,5,-217.791,-3.961,-617.277
2662.4,59.93,0.0,55.6,-4.3,5,-220.052,-3.942,-614.446
2662.4,59.35,0.0,59.8,-3.4,5,-221.549,-3.931,-612.588
2662.4,58.45,0.0,61.1,-2.6,5,-223.782,-3.917,-609.846
2662.4,57.83,0.0,60.9,-1.2,5,-225.260,-3.911,-608.049
2674.2,56.90,0.0,63.9,0.4,5,-227.462,-3.905,-605.400
2674.2,56.27,0.0,60.9,1.0,5,-228.917,-3.904,-603.665
2674.2,55.35,0.0,64.8,1.1,5,-231.081,-3.904,-601.108
2674.2,54.73,0.0,60.1,0.8,5,-232.510,-3.906,-599.432
2685.5,53.80,0.0,60.9,0.2,0,-234.632,-3.912,-596.959
2685.5,53.21,32.7,61.1,-0.1,0,-236.030,-3.919,-595.338
2685.5,52.32,0.0,60.2,-0.4,4,-238.103,-3.931,-592.943
2685.5,51.72,0.0,58.9,-0.4,4,-239.468,-3.941,-591.371
2696.1,50.84,0.0,57.0,-0.4,4,-241.489,-3.960,-589.049
2696.1,50.27,0.0,56.3,-0.5,4,-242.818,-3.975,-587.524
2696.1,49.36,0.0,58.5,-0.1,4,-244.787,-4.000,-585.272
2706.2,48.46,0.0,56.3,0.1,4,-246.721,-4.027,-583.063
2706.2,47.89,0.0,59.3,0.1,4,-247.992,-4.047,-581.613
2706.2,46.98,0.0,60.3,0.0,4,-249.871,-4.077,-579.473
2706.2,46.38,0.0,62.7,-0.1,4,-251.104,-4.098,-578.070
2715.6,45.51,0.0,59.9,0.4,4,-252.926,-4.128,-576.000
2715.6,44.92,0.0,57.1,0.2,0,-254.122,-4.148,-574.642
2715.6,44.12,0.0,55.8,0.2,3,-255.890,-4.178,-572.638
2715.6,43.57,0.0,52.3,-0.0,3,-257.051,-4.198,-571.322
2724.4,42.77,0.0,53.6,0.2,3,-258.768,-4.228,-569.381
2724.4,42.26,0.0,51.6,-0.1,3,-259.896,-4.249,-568.107
2724.4,41.48,0.0,51.9,-0.2,3,-261.563,-4.280,-566.226
2724.4,40.98,0.0,55.4,0.2,3,-262.659,-4.300,-564.992
2732.7,40.21,0.0,50.3,-0.3,3,-264.277,-4.332,-563.171
2732.7,39.44,0.0,53.3,-0.5,3,-265.868,-4.365,-561.386
2732.7,38.92,0.0,49.9,-1.4,3,-266.911,-4.387,-560.216
2732.7,38.14,0.0,51.6,-2.2,3,-268.453,-4.420,-558.490
2740.5,37.63,0.0,51.9,-1.7,3,-269.465,-4.441,-557.361
2740.5,36.89,0.0,47.9,-2.2,3,-270.960,-4.470,-555.697
2740.5,36.41,0.0,52.1,-2.0,3,-271.942,-4.489,-554.609
2740.5,35.75,39.6,50.6,-4.2,0,-273.398,-4.517,-553.005
2747.8,35.30,0.0,45.0,-5.7,2,-274.358,-4.535,-551.956
2747.8,34.61,0.0,44.3,-4.9,2,-275.783,-4.561,-550.415
2747.8,34.17,0.0,44.5,-4.5,2,-276.723,-4.578,-549.410
2747.8,33.52,0.0,44.8,-4.5,2,-278.121,-4.604,-547.935
2754.6,33.09,0.0,43.4,-4.0,2,-279.044,-4.621,-546.974
2754.6,32.43,0.0,43.3,-2.6,2,-280.416,-4.645,-545.565
2754.6,31.79,0.0,40.9,-2.2,2,-281.773,-4.668,-544.195
2754.6,31.37,0.0,41.5,-2.5,2,-282.668,-4.683,-543.303
2761.0,30.76,0.0,38.4,-3.7,2,-283.997,-4.705,-541.995
2761.0,30.37,0.0,39.6,-4.3,2,-284.875,-4.719,-541.143
2761.0,29.84,31.7,35.2,-6.0,0,-286.179,-4.740,-539.893
2761.0,29.50,0.0,34.7,-6.8,1,-287.043,-4.754,-539.077
2767.0,28.96,0.0,37.6,-7.4,1,-288.328,-4.775,-537.883
2767.0,28.58,0.0,36.5,-8.1,1,-289.179,-4.789,-537.106
2767.0,28.02,0.0,37.5,-11.5,1,-290.443,-4.809,-535.971
2767.0,27.64,0.0,37.1,-13.9,1,-291.280,-4.823,-535.236
2772.6,27.08,0.0,37.1,-16.8,1,-292.528,-4.842,-534.168
2772.6,26.70,0.0,37.7,-17.9,1,-293.355,-4.855,-533.479
2772.6,26.13,0.0,35.9,-19.5,1,-294.587,-4.873,-532.482
2772.6,25.58,0.0,34.9,-21.1,1,-295.812,-4.890,-531.528
2777.8,25.23,0.0,34.7,-22.1,1,-296.625,-4.900,-530.917
2777.8,24.71,0.0,33.4,-23.6,1,-297.839,-4.915,-530.038
2777.8,24.37,0.0,34.0,-24.2,1,-298.645,-4.924,-529.476
2777.8,23.86,0.0,33.7,-25.9,1,-299.848,-4.936,-528.671
2782.6,23.35,0.0,33.9,-28.0,1,-301.044,-4.947,-527.910
2782.6,23.01,0.0,33.3,-29.2,1,-301.836,-4.954,-527.427
2782.6,22.52,0.0,33.2,-30.5,1,-303.017,-4.963,-526.738
2782.6,22.19,0.0,32.9,-31.6,1,-303.798,-4.968,-526.303
2786.9,21.71,0.0,33.2,-33.5,1,-304.962,-4.975,-525.685
2786.9,21.38,0.0,33.2,-34.4,1,-305.732,-4.980,-525.297
2786.9,20.91,0.0,30.8,-34.8,1,-306.877,-4.986,-524.748
2786.9,20.60,0.0,29.2,-35.1,1,-307.633,-4.990,-524.405
2791.1,20.15,0.0,26.4,-35.8,1,-308.758,-4.995,-523.924
2808.3,18.53,62.9,0.0,-28.1,1,-322.639,-4.969,-520.936
2808.3,18.76,76.3,0.0,-25.3,1,-323.384,-4.967,-520.906
2808.3,19.07,27.4,0.0,-20.5,1,-324.520,-4.967,-520.878
2808.3,19.05,3.1,4.4,-19.9,1,-325.283,-4.965,-520.876
2813.0,18.90,0.0,6.6,-20.9,1,-326.421,-4.962,-520.899
2813.0,18.75,0.0,14.1,-21.5,1,-327.174,-4.959,-520.931
2813.0,18.50,0.0,9.9,-23.2,1,-328.290,-4.954,-521.004
2813.0,18.36,0.0,7.3,-24.7,1,-329.025,-4.951,-521.066
2817.2,18.19,0.0,4.2,-27.2,1,-330.115,-4.946,-521.183
2817.2,18.09,0.0,2.9,-28.4,1,-330.835,-4.942,-521.275
2817.2,17.97,0.0,0.9,-30.1,1,-331.905,-4.936,-521.436
2817.2,17.93,26.0,0.0,-33.8,1,-332.964,-4.930,-521.625
2821.1,18.00,41.9,0.0,-36.0,1,-333.668,-4.926,-521.768
2821.1,18.20,55.4,0.0,-38.0,1,-334.726,-4.919,-522.008
2821.1,18.36,60.6,0.0,-38.8,1,-335.434,-4.913,-522.187
2821.1,18.65,65.8,0.0,-39.9,1,-336.504,-4.904,-522.483
2824.8,18.90,91.6,0.0,-40.7,1,-337.222,-4.897,-522.699
2824.8,19.18,53.8,0.0,-40.2,1,-338.310,-4.886,-523.052
2824.8,19.38,61.2,0.0,-39.2,1,-339.037,-4.878,-523.308
2824.8,19.58,67.7,0.0,-36.2,1,-340.128,-4.864,-523.726
2828.5,19.74,43.5,0.0,-33.9,1,-340.854,-4.854,-524.027
2828.5,19.95,48.6,0.0,-30.7,1,-341.940,-4.840,-524.512
2828.5,20.10,47.7,0.0,-30.0,1,-342.663,-4.830,-524.858
2828.5,20.34,52.6,0.0,-29.3,1,-343.742,-4.813,-525.410
2832.5,20.58,49.4,0.0,-27.3,1,-344.817,-4.797,-526.002
2832.5,20.75,48.8,0.0,-25.0,1,-345.530,-4.786,-526.418
2832.5,21.01,58.3,0.0,-19.8,1,-346.595,-4.769,-527.076
2832.5,21.19,60.3,0.0,-15.5,1,-347.302,-4.758,-527.536
2836.6,21.48,52.8,0.0,-6.1,1,-348.358,-4.741,-528.258
2836.6,21.70,64.2,0.0,1.1,1,-349.061,-4.729,-528.759
2836.6,22.09,71.0,0.0,10.0,1,-350.120,-4.712,-529.535
2836.6,22.37,73.2,0.0,12.9,1,-350.833,-4.699,-530.065
2840.9,22.79,50.5,0.0,14.0,1,-351.918,-4.681,-530.876
2840.9,22.94,35.2,0.0,14.2,1,-352.650,-4.669,-531.423
2840.9,22.99,12.3,0.0,14.8,1,-353.761,-4.650,-532.240
2840.9,22.95,2.3,0.2,10.5,1,-354.507,-4.638,-532.777
2845.5,22.87,3.2,0.0,9.6,1,-355.632,-4.621,-533.567
2845.5,22.83,8.7,0.0,10.0,1,-356.385,-4.610,-534.085
2845.5,22.84,19.6,0.0,11.9,1,-357.522,-4.594,-534.848
2845.5,22.90,21.2,0.0,14.8,1,-358.672,-4.579,-535.596
2850.2,22.91,14.7,0.0,16.8,1,-359.447,-4.569,-536.086
2850.2,22.91,15.3,0.0,19.1,1,-360.619,-4.555,-536.803
2850.2,22.91,15.4,0.0,20.2,1,-361.409,-4.547,-537.268
2850.2,22.91,13.2,0.0,22.1,1,-362.605,-4.535,-537.946
2854.9,22.89,8.4,0.0,23.0,1,-363.410,-4.527,-538.383
2854.9,22.85,12.1,0.0,24.0,1,-364.629,-4.518,-539.014
2854.9,22.84,16.6,0.0,24.6,1,-365.448,-4.512,-539.418
2854.9,22.85,15.7,0.0,24.3,1,-366.690,-4.503,-539.999
2860.0,22.85,14.2,0.0,25.0,1,-367.526,-4.499,-540.369
2860.0,22.82,9.1,0.0,31.9,1,-368.791,-4.492,-540.896
2860.0,22.77,5.2,0.0,36.4,1,-369.640,-4.489,-541.229
2860.0,22.68,5.4,0.0,44.3,1,-370.919,-4.485,-541.700
2865.2,22.65,21.6,0.0,51.0,1,-372.207,-4.484,-542.135
2865.2,22.66,24.0,0.0,55.4,1,-373.071,-4.484,-542.406
2865.2,22.66,15.4,0.0,64.2,1,-374.378,-4.486,-542.785
2865.2,22.62,12.1,0.0,63.3,1,-375.253,-4.487,-543.017
2870.5,22.53,12.8,0.0,63.2,1,-376.570,-4.487,-543.333
2870.5,22.49,10.9,0.0,60.2,1,-377.451,-4.487,-543.522
2870.5,22.41,10.3,0.0,63.4,1,-378.774,-4.487,-543.773
2870.5,22.35,10.3,0.0,66.2,1,-379.657,-4.487,-543.918
2875.8,22.27,10.1,0.0,64.4,1,-380.983,-4.487,-544.105
2875.8,22.21,10.1,0.0,62.5,1,-381.867,-4.488,-544.207
2875.8,22.12,10.1,0.0,62.8,1,-383.192,-4.489,-544.327
2875.8,22.07,10.1,0.0,65.1,1,-384.074,-4.490,-544.386
2881.0,21.98,10.1,0.0,66.4,1,-385.394,-4.491,-544.440
2881.0,21.92,10.1,0.0,66.8,1,-386.272,-4.491,-544.454
2881.0,21.84,10.1,0.0,68.2,1,-387.585,-4.492,-544.444
2881.0,21.78,10.1,0.0,69.3,1,-388.457,-4.494,-544.417
2886.2,21.68,10.1,0.0,70.2,1,-389.759,-4.496,-544.343
2886.2,21.60,10.2,0.0,72.8,1,-391.053,-4.498,-544.231
2886.2,21.53,10.2,0.0,75.7,1,-391.910,-4.499,-544.136
2891.0,21.44,10.2,0.0,79.8,1,-393.187,-4.501,-543.961
2891.0,21.37,10.3,0.0,82.1,1,-394.033,-4.502,-543.824
2891.0,21.27,10.3,0.0,82.5,1,-395.290,-4.504,-543.588
2891.0,21.20,10.4,0.0,80.1,1,-396.121,-4.505,-543.411
2895.6,21.09,10.4,0.0,76.6,1,-397.354,-4.506,-543.115
2895.6,21.03,10.4,0.0,73.5,1,-398.168,-4.507,-542.897
2895.6,20.94,10.5,0.0,67.6,1,-399.376,-4.509,-542.541
2895.6,20.88,10.5,0.0,63.0,1,-400.172,-4.511,-542.284
2899.9,20.81,10.8,0.0,54.2,1,-401.352,-4.516,-541.870
2899.9,20.77,14.0,0.0,48.5,1,-402.130,-4.520,-541.574
2899.9,20.93,87.6,0.0,38.6,1,-403.285,-4.527,-541.101
2899.9,21.24,51.7,0.0,25.2,1,-404.442,-4.534,-540.590
2904.0,21.45,52.5,0.0,15.5,1,-405.214,-4.541,-540.227
2904.0,21.74,73.0,0.0,2.4,1,-406.375,-4.551,-539.652
2904.0,22.00,56.6,0.0,-3.1,1,-407.152,-4.558,-539.253
2904.0,22.39,83.4,0.0,-5.6,1,-408.329,-4.570,-538.631
2908.4,22.69,67.8,0.0,-4.6,1,-409.121,-4.578,-538.203
2908.4,23.14,65.5,0.0,-1.1,1,-410.326,-4.592,-537.541
2908.4,23.44,84.9,0.0,2.0,1,-411.137,-4.601,-537.085
2908.4,23.91,48.6,0.0,5.7,1,-412.370,-4.617,-536.382
2912.9,24.17,58.0,0.0,7.3,1,-413.201,-4.629,-535.898
2912.9,24.61,80.8,0.0,9.3,1,-414.457,-4.647,-535.150
2912.9,24.91,54.0,0.0,9.9,1,-415.303,-4.660,-534.636
2912.9,25.34,75.0,0.0,10.1,1,-416.580,-4.680,-533.837
2917.7,25.63,59.7,0.0,10.1,1,-417.437,-4.694,-533.286
2917.7,26.04,69.7,0.0,9.9,1,-418.729,-4.715,-532.431
2917.7,26.45,49.1,0.0,10.7,1,-420.025,-4.737,-531.538
2917.7,26.69,61.3,0.0,10.3,1,-420.890,-4.752,-530.922
2922.7,27.07,55.2,0.0,9.8,1,-422.187,-4.774,-529.965
2922.7,27.31,59.0,0.0,10.8,1,-423.051,-4.789,-529.304
2922.7,27.69,56.2,0.0,10.4,1,-424.342,-4.811,-528.279
2922.7,27.93,55.5,0.0,9.6,1,-425.200,-4.825,-527.572
2928.0,28.30,60.0,0.0,8.5,1,-426.482,-4.845,-526.476
2928.0,28.55,63.2,0.0,8.4,1,-427.332,-4.858,-525.723
2928.0,28.92,52.5,0.0,5.2,1,-428.601,-4.876,-524.557
2928.0,29.14,54.3,0.0,2.7,1,-429.442,-4.888,-523.757
2933.7,29.52,72.0,0.0,-0.2,1,-430.696,-4.906,-522.524
2933.7,29.91,53.9,0.0,-1.7,1,-431.943,-4.922,-521.251
2933.7,30.18,82.4,0.0,-2.0,1,-432.772,-4.933,-520.382
2933.7,30.64,53.7,0.0,-1.8,1,-434.013,-4.949,-519.046
2939.5,31.07,90.9,0.0,-0.6,1,-435.253,-4.964,-517.673
2939.5,31.39,50.4,0.0,-0.4,1,-436.081,-4.975,-516.738
2939.5,31.85,87.6,0.0,0.5,1,-437.323,-4.990,-515.306
2939.5,32.18,91.4,0.0,2.3,1,-438.153,-5.001,-514.332
2945.7,32.63,45.0,0.0,5.1,1,-439.402,-5.015,-512.841
2945.7,32.83,43.2,0.0,6.9,1,-440.232,-5.025,-511.829
2945.7,33.00,37.1,0.0,9.4,1,-441.465,-5.040,-510.287
2945.7,33.13,45.6,0.0,11.1,1,-442.278,-5.049,-509.244
2952.2,33.42,60.4,0.0,12.6,1,-443.487,-5.063,-507.656
2952.2,33.79,77.2,0.0,12.7,1,-444.683,-5.074,-506.034
2952.2,34.05,89.1,0.0,11.8,0,-445.474,-5.081,-504.933
2958.8,34.09,73.8,0.0,9.7,2,-446.645,-5.091,-503.256
2958.8,34.36,89.8,0.0,8.8,2,-447.409,-5.095,-502.121
2958.8,34.64,31.8,0.0,6.2,2,-448.541,-5.099,-500.389
2958.8,34.76,64.6,0.0,4.6,2,-449.282,-5.103,-499.216
2965.4,35.05,50.7,0.0,2.9,2,-450.373,-5.108,-497.427
2965.4,35.20,46.5,0.0,1.4,2,-451.086,-5.111,-496.217
2965.4,35.40,53.6,0.0,0.2,2,-452.130,-5.116,-494.376
2965.4,35.61,70.5,0.0,0.2,2,-452.809,-5.117,-493.129
2972.3,35.82,38.4,0.0,0.1,2,-453.801,-5.116,-491.230
2972.3,35.92,40.9,0.0,-0.2,2,-454.447,-5.119,-489.950
2972.3,36.11,54.5,0.0,-0.2,2,-455.388,-5.126,-488.006
2972.3,36.29,75.7,0.0,0.3,2,-455.998,-5.131,-486.692
2979.2,36.60,58.4,0.0,1.2,2,-456.889,-5.140,-484.695
2979.2,36.93,71.4,0.0,2.8,2,-457.749,-5.149,-482.665
2979.2,37.15,64.3,0.0,3.8,2,-458.306,-5.157,-481.293
2979.2,37.51,82.7,0.0,5.3,2,-459.117,-5.171,-479.206
2986.4,37.77,66.0,0.0,5.9,2,-459.642,-5.181,-477.796
2986.4,38.12,79.6,0.0,6.7,2,-460.405,-5.199,-475.652
2986.4,38.36,70.6,0.0,6.8,2,-460.897,-5.212,-474.204
2986.4,38.69,73.7,0.0,6.3,2,-461.608,-5.234,-472.005
2993.9,38.93,68.4,0.0,5.8,2,-462.063,-5.250,-470.522
2993.9,39.25,75.6,0.0,5.2,2,-462.716,-5.276,-468.270
2993.9,39.45,63.2,0.0,4.8,2,-463.131,-5.294,-466.752
2993.9,39.75,70.1,0.0,4.6,2,-463.721,-5.323,-464.451
3001.5,39.95,64.6,0.0,4.6,2,-464.093,-5.343,-462.902
3001.5,40.25,77.8,0.0,5.1,2,-464.617,-5.376,-460.554
3001.5,40.56,65.8,0.0,5.5,2,-465.099,-5.410,-458.179
3001.5,40.75,77.0,0.0,5.8,2,-465.398,-5.433,-456.581
3009.4,40.99,0.0,0.0,6.1,0,-465.808,-5.468,-454.162
3009.4,40.95,69.8,0.0,6.9,3,-466.054,-5.491,-452.543
3009.4,41.21,74.3,0.0,9.0,3,-466.381,-5.525,-450.101
3009.4,41.42,74.3,0.0,10.7,3,-466.573,-5.548,-448.460
3017.6,41.72,71.8,0.0,13.4,3,-466.824,-5.581,-445.980
3017.6,41.92,71.9,0.0,14.3,3,-466.968,-5.603,-444.314
3017.6,42.19,69.7,0.0,15.9,3,-467.148,-5.637,-441.798
3017.6,42.38,70.9,0.0,15.5,3,-467.244,-5.659,-440.110
3025.8,42.66,69.4,0.0,16.3,3,-467.352,-5.693,-437.562
3025.8,42.83,68.7,0.0,16.6,3,-467.398,-5.715,-435.853
3025.8,43.08,64.2,0.0,17.0,3,-467.430,-5.748,-433.276
3025.8,43.21,54.5,0.0,17.1,3,-467.424,-5.770,-431.551
3034.5,43.34,46.0,0.0,17.6,3,-467.372,-5.803,-428.955
3034.5,43.42,46.5,0.0,18.1,3,-467.307,-5.823,-427.222
3034.5,43.50,36.6,0.0,18.8,3,-467.167,-5.853,-424.618
3034.5,43.60,51.7,0.0,19.7,3,-466.973,-5.880,-422.013
3043.2,43.70,52.1,0.0,19.7,3,-466.814,-5.898,-420.275
3043.2,43.88,62.8,0.0,19.7,3,-466.532,-5.921,-417.663
3043.2,44.02,59.4,0.0,19.1,3,-466.315,-5.935,-415.919
3043.2,44.23,72.2,0.0,18.9,3,-465.945,-5.955,-413.299
3081.2,47.73,76.8,0.0,4.0,3,-456.655,-6.228,-379.690
3090.6,47.98,82.2,0.0,2.9,3,-455.534,-6.242,-377.048
3090.6,48.29,91.8,0.0,2.8,3,-454.353,-6.251,-374.413
3090.6,48.52,92.1,0.0,3.0,3,-453.534,-6.256,-372.659
3090.6,48.86,92.1,0.0,3.6,3,-452.262,-6.264,-370.030
3100.1,49.10,92.1,0.0,4.0,3,-451.386,-6.271,-368.278
3100.1,49.46,92.1,0.0,4.7,3,-450.031,-6.282,-365.651
3100.1,49.70,92.1,0.0,5.2,3,-449.100,-6.290,-363.900
3100.1,50.06,92.1,0.0,5.7,3,-447.666,-6.301,-361.274
3109.9,50.28,92.2,0.0,6.1,3,-446.684,-6.308,-359.524
3151.4,54.11,60.1,0.0,2.3,4,-423.323,-6.330,-325.021
3151.4,54.45,60.0,0.0,2.8,4,-421.317,-6.320,-322.458
3151.4,54.64,60.0,0.0,2.3,4,-419.968,-6.313,-320.744
3151.4,54.95,60.1,0.0,0.9,4,-417.929,-6.303,-318.166
3162.4,55.15,60.2,0.0,0.1,4,-416.560,-6.296,-316.441
3162.4,55.47,60.2,0.0,-0.7,4,-414.493,-6.288,-313.846
3162.4,55.68,60.2,0.0,-1.1,4,-413.108,-6.281,-312.107
3162.4,55.98,60.4,0.0,-1.7,4,-411.023,-6.271,-309.487
3173.5,56.27,60.5,0.0,-1.9,4,-408.930,-6.259,-306.849
3173.5,56.47,60.5,0.0,-1.8,4,-407.533,-6.251,-305.080
3173.5,56.77,60.6,0.0,-1.8,4,-405.436,-6.238,-302.408
3173.5,56.97,60.6,0.0,-1.6,4,-404.038,-6.229,-300.614
3184.9,57.26,60.7,0.0,-1.4,4,-401.940,-6.213,-297.905
3184.9,57.46,60.8,0.0,-1.0,4,-400.542,-6.202,-296.086
3184.9,57.75,60.9,0.0,-0.6,4,-398.444,-6.185,-293.340
3184.9,57.94,61.0,0.0,-0.6,4,-397.044,-6.173,-291.499
3196.4,58.22,61.0,0.0,-0.7,4,-394.941,-6.155,-288.721
3232.1,61.46,0.0,0.0,0.2,0,-367.810,-5.853,-252.137
3244.3,61.41,90.2,0.0,0.3,5,-366.356,-5.831,-250.157
3244.3,61.65,80.5,0.0,0.4,5,-364.171,-5.796,-247.183
3244.3,61.80,74.0,0.0,0.5,5,-362.709,-5.772,-245.194
3244.3,62.04,64.3,0.0,0.5,5,-360.506,-5.735,-242.203
3256.7,62.27,59.8,0.0,0.6,5,-358.292,-5.694,-239.202
3256.7,62.43,59.9,0.0,0.5,5,-356.810,-5.665,-237.197
3256.7,62.66,60.0,0.0,0.4,5,-354.576,-5.621,-234.183
3256.7,62.81,60.1,0.0,0.3,5,-353.080,-5.592,-232.169
3269.2,63.04,60.1,0.0,0.2,5,-350.826,-5.550,-229.141
3269.2,63.19,60.2,0.0,0.2,5,-349.317,-5.524,-227.117
3269.2,63.42,60.2,0.0,0.1,5,-347.044,-5.490,-224.074
3269.2,63.57,60.2,0.0,0.1,5,-345.523,-5.467,-222.041
3281.8,63.79,60.3,0.0,-0.0,5,-343.233,-5.429,-218.983
3281.8,63.94,60.3,0.0,-0.1,5,-341.701,-5.402,-216.940
3281.8,64.16,60.4,0.0,-0.1,5,-339.395,-5.360,-213.866
3281.8,64.30,60.4,0.0,0.0,5,-337.853,-5.332,-211.812
3294.6,64.52,60.5,0.0,0.1,5,-335.533,-5.287,-208.722
3294.6,64.66,60.5,0.0,0.1,5,-333.983,-5.257,-206.656
3294.6,64.88,60.6,0.0,0.1,5,-331.651,-5.212,-203.548
3294.6,65.02,60.6,0.0,0.1,5,-330.093,-5.183,-201.470
3307.6,65.23,60.6,0.0,-0.3,5,-327.749,-5.135,-198.344
3307.6,65.44,60.7,0.0,-0.3,5,-325.398,-5.085,-195.208
3307.6,65.57,60.8,0.0,-0.3,5,-323.826,-5.051,-193.112
3320.7,65.79,60.8,0.0,-0.3,5,-321.464,-4.998,-189.958
3320.7,65.92,60.8,0.0,-0.4,5,-319.886,-4.962,-187.850
3320.7,66.13,60.9,0.0,-0.4,5,-317.514,-4.910,-184.678
3320.7,66.26,60.9,0.0,-0.4,5,-315.929,-4.874,-182.557
3333.9,66.46,61.0,0.0,-0.2,5,-313.548,-4.821,-179.367
3333.9,66.60,61.0,0.0,-0.2,5,-311.957,-4.786,-177.234
3333.9,66.80,61.1,0.0,-0.2,5,-309.568,-4.733,-174.025
3333.9,66.92,61.1,0.0,-0.3,5,-307.972,-4.698,-171.880
3347.2,67.12,61.2,0.0,-0.3,5,-305.574,-4.644,-168.653
3347.2,67.25,61.2,0.0,-0.3,5,-303.973,-4.608,-166.495
3347.2,67.44,61.2,0.0,-0.3,5,-301.566,-4.552,-163.250
3347.2,67.57,61.2,0.0,0.0,5,-299.959,-4.514,-161.080
3360.7,67.76,61.2,0.0,0.2,5,-297.545,-4.458,-157.817
3360.7,67.95,61.3,0.0,0.1,5,-295.124,-4.400,-154.545
3360.7,68.08,61.3,0.0,-0.2,5,-293.507,-4.362,-152.357
3360.7,68.26,61.3,0.0,-0.3,5,-291.076,-4.304,-149.069
3374.4,68.38,61.3,0.0,0.1,5,-289.453,-4.265,-146.872
3374.4,68.57,61.3,0.0,0.0,5,-287.013,-4.206,-143.567
3374.4,68.68,61.3,0.0,0.1,5,-285.383,-4.167,-141.359
3374.4,68.86,61.3,0.0,0.3,5,-282.934,-4.109,-138.039
3388.1,68.98,61.3,0.0,0.3,5,-281.297,-4.071,-135.821
3388.1,69.16,61.3,0.0,-0.0,5,-278.837,-4.014,-132.487
3388.1,69.27,61.2,0.0,-0.2,5,-277.194,-3.976,-130.259
3388.1,69.44,61.2,0.0,0.3,5,-274.723,-3.916,-126.912
3402.0,69.56,61.2,0.0,0.6,5,-273.072,-3.876,-124.676
3402.0,69.73,61.1,0.0,0.9,5,-270.589,-3.817,-121.316
3402.0,69.84,61.0,0.0,0.3,5,-268.928,-3.777,-119.073
3402.0,70.00,60.8,0.0,0.6,5,-266.429,-3.717,-115.705
3415.9,70.15,60.8,0.0,0.7,5,-263.920,-3.656,-112.332
3415.9,70.26,60.7,0.0,-0.1,5,-262.241,-3.616,-110.081
3415.9,70.42,60.6,0.0,-1.0,5,-259.715,-3.554,-106.701
3415.9,70.51,60.5,0.0,-1.4,5,-258.028,-3.511,-104.444
3430.0,70.66,60.4,0.0,-1.1,5,-255.496,-3.446,-101.050
3430.0,70.76,60.3,0.0,-0.9,5,-253.809,-3.402,-98.780
3430.0,70.73,0.0,0.0,-0.7,0,-251.283,-3.335,-95.367
3430.0,70.72,54.1,26.7,-0.7,6,-249.606,-3.292,-93.090
3444.2,70.07,0.0,70.5,-0.7,6,-247.106,-3.229,-89.679
3444.2,69.35,0.0,81.7,-0.7,6,-245.460,-3.188,-87.426
3444.2,68.10,0.0,85.9,-0.4,6,-243.032,-3.127,-84.091
3444.2,67.25,0.0,86.8,0.0,6,-241.441,-3.087,-81.899
3457.9,65.96,0.0,87.6,0.8,6,-239.097,-3.028,-78.660
3457.9,65.09,0.0,86.2,1.2,6,-237.561,-2.990,-76.534
3457.9,63.80,0.0,83.6,1.8,6,-235.298,-2.934,-73.397
3457.9,62.56,0.0,83.9,1.2,0,-233.080,-2.878,-70.321
3470.7,61.74,28.9,83.6,1.2,0,-231.623,-2.842,-68.304
3470.7,60.51,0.0,80.8,1.9,5,-229.471,-2.787,-65.332
3470.7,59.71,0.0,76.0,2.4,5,-228.057,-2.750,-63.386
3470.7,58.58,0.0,73.8,3.4,5,-225.963,-2.694,-60.519
3482.8,57.85,0.0,74.5,3.9,5,-224.583,-2.657,-58.642
3482.8,56.74,0.0,76.2,3.9,5,-222.534,-2.602,-55.879
3482.8,56.00,0.0,72.8,4.2,5,-221.182,-2.566,-54.073
3482.8,54.99,0.0,40.7,4.5,5,-219.172,-2.512,-51.418
3494.1,54.53,0.0,25.1,4.8,5,-217.838,-2.476,-49.681
3494.1,54.08,0.0,14.1,5.3,5,-215.831,-2.424,-47.115
3494.1,53.86,0.0,11.0,5.9,5,-214.484,-2.389,-45.427
3494.1,53.57,0.0,6.5,6.8,5,-212.449,-2.338,-42.929
3504.9,53.41,0.0,4.5,7.5,5,-211.082,-2.303,-41.284
3504.9,53.19,0.0,1.2,9.3,5,-209.011,-2.253,-38.846
3504.9,53.02,2.4,0.0,7.8,5,-206.914,-2.202,-36.447
3504.9,52.92,6.8,0.0,6.5,5,-205.501,-2.168,-34.869
3515.4,52.79,8.0,0.0,7.4,5,-203.357,-2.116,-32.533
3515.4,52.71,11.3,0.0,7.8,5,-201.912,-2.082,-30.996
3515.4,52.59,11.2,0.0,8.0,5,-199.721,-2.032,-28.720
3515.4,52.52,13.1,8.0,8.2,5,-198.245,-1.998,-27.224
3525.8,52.17,0.0,24.5,8.5,5,-196.012,-1.948,-25.013
3525.8,51.86,31.4,49.4,8.3,0,-194.516,-1.914,-23.567
3525.8,51.24,0.0,12.4,7.2,4,-192.266,-1.861,-21.443
3525.8,51.03,12.5,0.4,6.4,4,-190.762,-1.826,-20.058
3536.0,51.19,92.0,0.0,6.7,4,-188.482,-1.773,-18.012
3536.0,51.39,92.0,0.0,7.3,4,-186.940,-1.738,-16.660
3536.0,51.63,58.4,0.0,8.7,4,-184.593,-1.691,-14.650
3536.0,51.65,25.3,0.0,9.9,4,-183.008,-1.663,-13.325
3546.1,51.53,2.5,3.4,12.0,4,-180.608,-1.626,-11.369
3546.1,51.33,4.0,0.3,13.5,4,-178.187,-1.595,-9.456
3546.1,51.25,23.5,0.0,14.0,4,-176.560,-1.577,-8.206
3556.4,51.24,38.6,0.0,14.6,4,-174.096,-1.555,-6.368
3556.4,51.22,19.1,1.1,14.7,4,-172.435,-1.542,-5.167
3556.4,51.04,1.8,0.0,15.0,4,-169.921,-1.524,-3.408
3556.4,51.01,43.8,0.0,15.1,4,-168.229,-1.511,-2.267
3566.8,51.04,40.2,0.0,15.7,4,-165.663,-1.490,-0.597
3566.8,51.02,25.1,0.0,16.2,4,-163.933,-1.474,0.488
3566.8,50.92,17.4,0.0,17.2,4,-161.316,-1.448,2.069
3566.8,50.85,16.6,0.0,17.6,4,-159.556,-1.430,3.092
3577.3,50.79,40.7,0.0,17.9,4,-156.897,-1.402,4.581
3577.3,50.83,57.4,0.0,18.3,4,-155.108,-1.384,5.546
3577.3,50.95,53.8,0.0,19.0,4,-152.399,-1.359,6.954
3577.3,50.97,34.8,0.0,19.3,4,-150.576,-1.345,7.867
3588.1,50.91,24.0,0.0,19.7,4,-147.820,-1.322,9.189
3588.1,50.81,18.9,0.0,19.9,4,-145.043,-1.299,10.454
3588.1,50.73,17.9,0.0,20.0,4,-143.181,-1.283,11.264
3588.1,50.63,25.2,0.0,20.1,4,-140.372,-1.257,12.429
3598.8,50.59,29.7,0.0,20.3,4,-138.489,-1.239,13.173
3630.1,52.47,79.1,0.0,14.2,4,-100.800,-0.902,22.531
3640.4,52.66,79.6,0.0,13.5,4,-97.666,-0.873,22.872
3640.4,52.81,87.9,0.0,13.4,4,-95.565,-0.852,23.065
3640.4,53.07,81.7,0.0,12.8,4,-92.399,-0.818,23.303
3640.4,53.25,75.2,0.0,12.3,4,-90.277,-0.794,23.429
3650.8,53.51,65.5,0.0,13.6,4,-87.078,-0.758,23.567
3650.8,53.69,59.7,0.0,13.6,4,-84.935,-0.734,23.626
3650.8,53.94,52.8,0.0,12.9,4,-81.707,-0.697,23.666
3650.8,54.09,55.0,0.0,12.6,4,-79.547,-0.672,23.661
3661.4,54.36,59.9,0.0,12.0,4,-76.296,-0.633,23.606
3661.4,54.63,60.0,0.0,11.1,4,-73.029,-0.590,23.498
3661.4,54.82,60.1,0.0,10.4,4,-70.843,-0.561,23.396
3661.4,55.10,60.2,0.0,9.9,4,-67.552,-0.519,23.202
3672.3,55.29,60.2,0.0,10.5,4,-65.350,-0.491,23.045
3672.3,55.56,60.3,0.0,10.7,4,-62.037,-0.449,22.764
3672.3,55.74,60.3,0.0,10.6,4,-59.823,-0.419,22.547
3672.3,56.00,60.4,0.0,10.7,4,-56.492,-0.371,22.175
3683.3,56.17,60.5,0.0,10.8,4,-54.266,-0.339,21.899
3683.3,56.44,60.5,0.0,9.2,4,-50.920,-0.290,21.441
3683.3,56.61,60.7,0.0,7.7,4,-48.685,-0.259,21.108
3683.3,56.88,60.7,0.0,5.1,4,-45.324,-0.219,20.567
3694.5,57.06,60.7,0.0,3.3,4,-43.079,-0.194,20.178
3694.5,57.27,42.6,0.0,0.1,4,-39.706,-0.156,19.555
3694.5,57.29,20.8,24.5,-1.8,4,-37.456,-0.132,19.119
3694.5,56.86,0.0,46.3,-3.1,4,-34.096,-0.098,18.452
3705.9,56.27,0.0,7.9,-3.5,4,-30.767,-0.066,17.790
3705.9,56.16,51.2,0.0,-3.0,4,-28.562,-0.046,17.357
3705.9,56.42,76.3,0.0,-3.1,4,-25.246,-0.019,16.722
3705.9,56.61,70.0,0.0,-3.7,4,-23.024,-0.003,16.309
3717.2,56.90,60.7,0.0,-5.6,4,-19.673,0.017,15.706
3717.2,57.09,60.7,0.0,-6.6,4,-17.427,0.028,15.318
3717.2,57.37,60.8,0.0,-7.6,4,-14.039,0.047,14.762
3717.2,57.55,60.8,0.0,-8.2,4,-11.769,0.062,14.411
3728.7,57.81,60.9,0.0,-8.8,4,-8.344,0.085,13.916
3728.7,57.99,61.0,0.0,-9.4,4,-6.049,0.101,13.609
3728.7,58.24,61.1,0.0,-10.3,4,-2.589,0.125,13.185
3728.7,58.41,61.1,0.0,-11.7,4,-0.270,0.143,12.930
3740.5,58.65,61.1,0.0,-14.0,4,3.225,0.172,12.592
3740.5,58.80,61.1,0.0,-15.8,4,5.565,0.194,12.396
3740.5,59.03,61.1,0.0,-18.0,4,9.091,0.230,12.150
3752.5,59.23,56.1,0.0,-20.4,4,12.633,0.269,11.961
3752.5,59.28,34.6,0.0,-21.4,4,15.002,0.297,11.868
3752.5,59.18,6.4,3.9,-22.9,4,18.555,0.341,11.781
3752.5,59.00,0.0,0.8,-23.4,4,20.919,0.374,11.759
3764.7,58.77,11.5,0.0,-23.4,4,24.452,0.426,11.781
3764.7,58.64,10.6,0.3,-23.5,4,26.799,0.462,11.833
3764.7,58.40,0.0,15.6,-24.2,4,30.309,0.516,11.966
3764.7,58.13,0.0,28.5,-25.4,4,32.637,0.550,12.087
3776.7,57.59,0.0,17.1,-28.3,4,36.102,0.596,12.314
3776.7,57.28,0.0,3.8,-30.2,4,38.392,0.626,12.497
3776.7,56.99,8.3,0.0,-32.7,4,41.804,0.673,12.822
3776.7,56.86,11.0,0.0,-34.3,4,44.067,0.705,13.074
3788.4,56.67,10.3,0.0,-37.2,4,47.446,0.753,13.501
3788.4,56.54,9.8,0.0,-39.1,4,49.688,0.785,13.818
3788.4,56.32,1.9,0.2,-41.6,4,53.034,0.832,14.340
3788.4,56.09,9.6,0.0,-43.6,4,56.356,0.880,14.919
3799.9,55.96,10.3,0.0,-44.5,4,58.558,0.912,15.336
3799.9,55.76,9.6,0.0,-45.8,4,61.841,0.961,16.009
3799.9,55.63,9.5,0.0,-46.5,4,64.017,0.994,16.490
3799.9,55.43,9.5,0.0,-45.8,4,67.259,1.044,17.259
3811.2,55.29,9.5,0.0,-47.0,4,69.405,1.077,17.802
3811.2,55.09,9.4,0.0,-46.0,4,72.603,1.126,18.663
3811.2,54.95,9.4,0.0,-46.2,4,74.719,1.160,19.268
3811.2,54.75,9.3,0.0,-45.9,4,77.869,1.209,20.222
3822.4,54.62,9.3,0.0,-45.9,4,79.952,1.241,20.887
3822.4,54.42,9.3,0.0,-45.5,4,83.052,1.290,21.932
3822.4,54.28,9.2,0.0,-46.3,4,85.101,1.323,22.658
3822.4,54.08,9.2,0.0,-45.6,4,88.148,1.372,23.792
3833.2,53.95,9.2,0.0,-46.4,4,90.161,1.405,24.577
3833.2,53.75,9.1,0.0,-45.6,4,93.152,1.455,25.798
3833.2,53.56,9.1,0.0,-44.4,4,96.109,1.504,27.071
3833.2,53.43,9.1,0.0,-43.5,4,98.061,1.536,27.947
3843.9,53.23,9.1,0.0,-42.1,4,100.959,1.585,29.304
3843.9,53.11,9.1,0.0,-41.0,4,102.870,1.618,30.236
3843.9,52.93,10.0,0.0,-39.1,4,105.707,1.667,31.677
3843.9,52.81,10.8,0.0,-37.7,4,107.577,1.699,32.664
3854.3,52.65,17.6,0.0,-35.4,4,110.351,1.747,34.185
3854.3,52.56,19.9,0.0,-33.8,4,112.179,1.779,35.227
3854.3,52.44,25.2,0.0,-31.1,4,114.890,1.826,36.830
3854.3,52.37,30.5,0.0,-28.8,4,116.677,1.858,37.926
3864.7,52.33,42.4,0.0,-24.6,4,119.328,1.905,39.610
3864.7,52.35,50.5,0.0,-21.6,4,121.076,1.936,40.761
3864.7,52.44,69.2,0.0,-17.0,4,123.675,1.982,42.529
3864.7,52.55,70.5,0.0,-13.8,4,125.392,2.012,43.736
3875.0,52.72,68.4,0.0,-9.0,4,127.948,2.056,45.590
3875.0,52.89,63.2,0.0,-4.8,4,130.480,2.098,47.493
3875.0,53.00,59.6,0.0,-3.0,4,132.155,2.126,48.788
3875.0,53.19,52.3,0.0,-3.7,4,134.652,2.165,50.765
3885.6,53.31,46.5,0.0,-5.3,4,136.309,2.190,52.104
3885.6,53.49,46.3,0.0,-7.3,4,138.782,2.226,54.140
3885.6,53.61,44.8,0.0,-7.9,4,140.423,2.249,55.516
3885.6,53.80,45.5,0.0,-8.0,4,142.872,2.280,57.608
3896.2,53.93,48.0,0.0,-7.8,4,144.497,2.298,59.023
3896.2,54.16,54.0,0.0,-7.6,4,146.919,2.321,61.177
3896.2,54.33,57.0,0.0,-7.6,4,148.525,2.333,62.636
3896.2,54.62,59.8,0.0,-7.3,4,150.921,2.348,64.859
3907.1,54.82,60.0,0.0,-6.9,4,152.508,2.357,66.365
3907.1,55.11,60.1,0.0,-6.2,4,154.876,2.369,68.660
3907.1,55.32,60.1,0.0,-5.3,4,156.445,2.376,70.213
3907.1,55.61,60.2,0.0,-3.9,4,158.788,2.386,72.576
3918.1,55.91,60.3,0.0,-2.6,4,161.118,2.396,74.976
3918.1,56.11,60.4,0.0,-2.1,4,162.667,2.402,76.594
3918.1,56.39,48.3,0.0,-0.7,4,164.985,2.412,79.047
3918.1,56.41,13.6,7.2,-0.1,4,166.527,2.419,80.694
3929.2,56.18,0.1,26.4,0.2,4,168.827,2.430,83.169
3929.2,55.82,0.0,45.1,0.4,4,170.350,2.439,84.814
3929.2,55.07,0.0,56.0,0.5,4,172.611,2.453,87.258
3929.2,54.50,0.0,58.5,0.5,4,174.099,2.463,88.868
3940.3,53.59,0.0,63.3,0.6,4,176.303,2.480,91.249
3940.3,52.97,0.0,62.8,0.6,4,177.752,2.491,92.814
3940.3,52.03,0.0,62.4,0.5,4,179.897,2.506,95.123
3940.3,51.40,0.0,62.2,0.4,4,181.307,2.517,96.638
3950.7,50.50,0.0,45.3,0.5,4,183.394,2.533,98.873
3950.7,49.79,0.0,49.4,0.6,4,185.452,2.550,101.069
3950.7,49.27,0.0,56.4,0.8,4,186.810,2.560,102.514
3960.6,48.43,0.0,61.6,0.9,4,188.822,2.574,104.647
3960.6,47.83,0.0,62.3,1.0,4,190.146,2.582,106.047
3960.6,46.91,0.0,63.9,0.7,4,192.103,2.593,108.110
3960.6,46.29,0.0,63.4,0.8,4,193.389,2.601,109.461
3970.0,45.36,0.0,64.7,1.8,4,195.291,2.615,111.449
3970.0,44.74,0.0,64.8,1.9,0,196.541,2.625,112.749
3970.0,43.73,0.0,76.3,2.2,3,198.390,2.641,114.657
3970.0,43.02,0.0,73.5,2.7,3,199.602,2.653,115.900
3978.7,41.98,0.0,86.2,3.4,3,201.391,2.672,117.720
3978.7,40.90,0.0,80.1,2.2,3,203.147,2.694,119.483
3978.7,40.20,0.0,75.6,2.8,3,204.297,2.709,120.628
3978.7,39.19,0.0,69.5,2.7,3,205.995,2.732,122.300
3986.7,38.53,0.0,65.4,2.4,3,207.111,2.747,123.384
3986.7,37.60,0.0,60.8,1.6,0,208.761,2.769,124.965
3986.7,37.03,41.0,58.8,1.0,0,209.848,2.783,125.990
3986.7,36.21,0.0,57.3,1.7,2,211.463,2.803,127.481
3994.1,35.66,0.0,55.8,3.1,2,212.529,2.815,128.447
3994.1,34.84,0.0,53.6,4.3,2,214.111,2.832,129.854
3994.1,34.31,0.0,52.4,4.8,2,215.154,2.842,130.764
3994.1,33.55,0.0,49.7,6.3,2,216.702,2.856,132.087
4000.9,33.06,0.0,43.8,6.8,2,217.724,2.864,132.943
4000.9,32.41,0.0,67.4,6.8,2,219.243,2.874,134.188
4000.9,31.87,0.0,65.0,6.0,2,220.248,2.879,134.992
4000.9,31.01,33.5,60.5,6.2,0,221.733,2.885,136.159
4007.3,30.21,0.0,52.1,6.0,1,223.192,2.890,137.277
4007.3,29.69,0.0,47.7,5.8,1,224.151,2.893,137.997
4007.3,28.97,0.0,21.9,2.6,1,225.572,2.896,139.036
4007.3,28.75,14.2,0.0,4.5,1,226.511,2.897,139.706
4013.1,28.68,2.2,5.3,8.6,1,227.930,2.899,140.685
4013.1,28.57,0.0,7.4,5.8,1,228.881,2.898,141.323
4013.1,28.34,0.0,12.8,10.1,1,230.308,2.897,142.261
4013.1,28.16,0.0,16.2,12.2,1,231.260,2.895,142.871
4018.7,27.83,0.0,18.6,13.3,1,232.687,2.892,143.759
4018.7,27.56,0.0,34.0,13.8,1,233.636,2.889,144.332
4018.7,27.05,0.0,28.9,14.5,1,235.053,2.884,145.156
4018.7,26.74,0.0,23.7,14.7,1,235.992,2.880,145.683
4024.1,26.34,0.0,20.3,14.2,1,237.395,2.874,146.436
4024.1,26.10,0.0,16.9,14.5,1,238.328,2.869,146.915
4024.1,25.78,0.0,15.6,15.4,1,239.727,2.862,147.599
4024.1,25.49,0.0,12.5,16.5,1,241.124,2.853,148.243
4029.1,25.31,0.0,9.2,16.7,1,242.055,2.848,148.649
4029.1,25.10,0.0,5.3,17.3,1,243.454,2.840,149.227
4029.1,24.99,0.0,4.0,18.0,1,244.387,2.834,149.591
4029.1,24.83,0.0,3.1,19.0,1,245.791,2.826,150.105
4033.9,24.73,0.0,1.7,19.5,1,246.728,2.821,150.427
4033.9,24.61,0.3,0.0,19.9,1,248.138,2.813,150.877
4033.9,24.53,0.8,0.0,20.4,1,249.081,2.808,151.156
4033.9,24.43,0.6,0.0,21.2,1,250.498,2.799,151.542
4038.6,24.35,0.3,0.3,21.7,1,251.445,2.793,151.778
4038.6,24.25,3.6,0.0,21.9,1,252.867,2.784,152.098
4038.6,24.19,3.6,0.0,22.0,1,253.817,2.777,152.289
4038.6,24.09,1.1,0.0,22.3,1,255.244,2.767,152.541
4043.2,24.02,0.2,1.1,22.5,1,256.195,2.760,152.686
4043.2,23.90,2.9,0.0,22.5,1,257.621,2.750,152.869
4043.2,23.81,3.4,0.0,23.0,1,259.046,2.741,153.009
4043.2,23.75,2.0,0.0,23.3,1,259.995,2.735,153.079
4048.1,23.64,0.1,0.1,23.6,1,261.415,2.727,153.149
4048.1,23.58,4.0,0.0,23.8,1,262.359,2.721,153.173
4048.1,23.50,3.6,0.0,24.1,1,263.771,2.713,153.172
4048.1,23.43,1.3,0.1,24.1,1,264.710,2.708,153.148
4053.2,23.32,2.4,0.1,23.9,1,266.110,2.702,153.076
4053.2,23.26,4.3,0.0,24.0,1,267.039,2.699,153.005
4053.2,23.16,1.2,0.1,24.3,1,268.425,2.695,152.862
4053.2,23.09,0.1,0.1,24.3,1,269.342,2.693,152.744
4058.6,22.98,2.0,0.0,24.8,1,270.709,2.691,152.533
4058.6,22.92,1.5,0.0,25.3,1,271.612,2.690,152.370
4058.6,22.97,54.4,0.0,26.2,1,272.958,2.690,152.092
4058.6,23.20,64.1,0.0,26.6,1,273.856,2.690,151.883
4065.3,23.48,44.5,0.0,26.7,1,275.212,2.693,151.532
4065.3,23.60,22.1,0.0,28.0,1,276.568,2.697,151.133
4065.3,23.61,18.3,0.0,31.7,1,277.466,2.701,150.841
4071.2,23.65,24.7,0.0,34.0,1,278.801,2.708,150.364
4071.2,23.67,25.7,0.0,35.2,1,279.683,2.714,150.021
4071.2,23.74,30.9,0.0,36.5,1,280.993,2.724,149.469
4071.2,23.82,38.5,0.0,36.5,1,281.858,2.733,149.073
4077.2,23.95,43.1,0.0,35.4,1,283.141,2.750,148.437
4077.2,24.08,44.4,0.0,34.3,1,283.988,2.763,147.986
4077.2,24.32,59.0,0.0,31.7,1,285.246,2.786,147.264
4077.2,24.52,52.3,0.0,29.6,1,286.078,2.803,146.753
4083.0,24.79,59.3,0.0,26.4,1,287.315,2.829,145.944
4083.0,24.97,52.9,0.0,24.3,1,288.132,2.848,145.376
4083.0,25.19,47.2,0.0,21.0,1,289.342,2.875,144.483
4083.0,25.42,48.8,0.0,18.0,1,290.531,2.904,143.540
4088.7,25.58,53.4,0.0,16.2,1,291.311,2.924,142.884
4088.7,25.86,50.0,0.0,14.4,1,292.462,2.956,141.858
4088.7,26.02,47.5,0.0,13.9,1,293.217,2.978,141.147
4088.7,26.24,38.2,0.0,14.8,1,294.327,3.013,140.040
4094.1,26.33,32.4,0.0,16.6,1,295.051,3.036,139.278
4094.1,26.47,39.4,0.0,19.7,1,296.110,3.071,138.102
4094.1,26.61,47.1,0.0,21.4,1,296.801,3.093,137.297
4094.1,26.88,55.6,0.0,22.7,1,297.818,3.125,136.057
4099.3,27.09,59.6,0.0,23.2,1,298.485,3.146,135.209
4099.3,27.46,64.8,0.0,21.8,1,299.466,3.176,133.902
4099.3,27.68,52.6,0.0,19.6,1,300.109,3.195,133.006
4099.3,27.95,52.1,0.0,15.7,1,301.052,3.222,131.629
4104.5,28.20,43.9,0.0,11.8,1,301.963,3.246,130.214
4104.5,28.34,40.7,0.0,9.3,1,302.553,3.261,129.249
4104.5,28.54,45.7,0.0,6.4,1,303.407,3.281,127.773
4104.5,28.69,47.4,0.0,5.0,1,303.958,3.293,126.770
4110.0,28.94,43.9,0.0,4.2,1,304.754,3.310,125.236
4110.0,29.10,49.0,0.0,4.2,1,305.265,3.320,124.194
4110.0,29.39,57.3,0.0,5.1,1,306.002,3.334,122.603
4110.0,29.61,60.8,0.0,6.2,1,306.474,3.343,121.522
4115.7,29.96,60.2,0.0,8.0,1,307.155,3.357,119.871
4115.7,30.20,63.0,0.0,9.1,1,307.590,3.365,118.749
4115.7,30.56,61.6,0.0,10.0,1,308.216,3.377,117.038
4115.7,30.80,68.2,0.0,10.4,1,308.615,3.384,115.878
4121.8,31.15,57.2,0.0,10.7,1,309.183,3.394,114.109
4121.8,31.47,60.4,0.0,10.2,1,309.713,3.404,112.307
4121.8,31.69,57.5,0.0,9.5,1,310.043,3.412,111.088
4121.8,31.96,43.0,0.0,8.4,1,310.503,3.423,109.235
4128.1,32.07,36.5,0.0,8.6,1,310.784,3.431,107.986
4128.1,32.19,27.0,0.0,10.3,1,311.164,3.444,106.096
4128.1,32.20,13.0,0.0,12.3,1,311.389,3.453,104.828
4128.1,32.06,0.3,5.1,14.7,1,311.687,3.468,102.922
4134.5,31.92,0.0,4.2,15.4,1,311.860,3.480,101.654
4134.5,31.71,0.0,4.5,16.5,1,312.082,3.498,99.758
4134.5,31.56,0.0,9.7,15.7,1,312.207,3.511,98.498
4134.5,31.28,0.0,15.3,12.4,1,312.357,3.531,96.619
4140.8,31.06,0.0,20.7,9.8,1,312.434,3.545,95.374
4140.8,30.65,0.0,29.0,6.6,1,312.519,3.567,93.524
4140.8,30.15,0.0,36.2,4.3,1,312.569,3.592,91.699
4140.8,29.77,0.0,41.9,3.2,1,312.588,3.610,90.500
4146.7,29.12,0.0,43.7,2.3,1,312.600,3.639,88.732
4146.7,28.68,0.0,47.0,2.3,1,312.599,3.658,87.575
4146.7,27.98,0.0,50.5,0.0,1,312.588,3.688,85.874
4146.7,27.50,0.0,48.3,-2.4,1,312.576,3.709,84.764
4152.2,26.78,0.0,49.7,-5.4,1,312.559,3.739,83.134
4152.2,26.30,0.0,48.6,-7.0,1,312.550,3.759,82.072
4152.2,25.59,0.0,40.9,-9.4,1,312.546,3.789,80.515
4152.2,25.18,0.0,34.3,-10.9,1,312.551,3.808,79.499
4157.2,24.66,0.0,29.4,-13.3,1,312.575,3.836,78.003
4157.2,24.35,0.0,24.4,-14.8,1,312.603,3.853,77.023
4157.2,23.96,0.0,18.6,-16.7,1,312.669,3.877,75.575
4157.2,23.73,0.0,16.3,-18.3,1,312.728,3.892,74.623
4161.8,23.43,0.0,14.2,-20.8,1,312.843,3.912,73.213
4161.8,23.15,0.0,11.9,-23.1,1,312.991,3.931,71.823
4161.8,22.97,0.0,10.5,-23.8,1,313.109,3.943,70.908
4166.3,22.72,0.0,9.3,-24.4,1,313.316,3.960,69.553
4166.3,22.57,0.0,8.8,-24.8,1,313.473,3.971,68.660
4166.3,22.35,0.0,8.7,-25.3,1,313.739,3.985,67.339
4166.3,22.19,0.0,19.4,-25.8,1,313.937,3.995,66.470
4170.7,21.86,0.0,17.4,-25.3,1,314.261,4.007,65.188
4170.7,21.64,0.0,16.2,-25.4,1,314.495,4.015,64.350
4170.7,21.34,0.0,15.0,-26.1,1,314.873,4.025,63.116
4170.7,21.14,0.0,15.8,-26.6,1,315.142,4.030,62.310
4175.0,20.85,0.0,12.1,-27.1,1,315.573,4.038,61.126
4175.0,20.68,0.0,10.3,-27.1,1,315.877,4.042,60.353
4175.0,20.45,0.0,9.0,-27.8,1,316.359,4.047,59.217
4175.0,20.24,0.0,8.2,-28.6,1,316.873,4.051,58.109
4179.0,20.10,0.0,7.7,-29.2,1,317.231,4.053,57.386
4179.0,19.92,0.0,2.2,-29.7,1,317.794,4.055,56.326
4179.0,19.83,0.0,1.7,-30.1,1,318.186,4.055,55.634
4179.0,19.70,0.0,2.0,-30.6,1,318.800,4.054,54.619
4182.9,19.62,0.0,2.3,-31.0,1,319.225,4.053,53.957
4182.9,19.49,0.0,2.7,-31.3,1,319.887,4.051,52.988
4182.9,19.40,0.0,1.6,-31.7,1,320.343,4.048,52.358
4182.9,19.28,0.0,1.7,-31.6,1,321.049,4.043,51.437
4186.4,19.20,0.0,2.3,-31.4,1,321.535,4.039,50.840
4186.4,19.07,0.0,3.4,-31.4,1,322.284,4.033,49.970
4186.4,18.97,0.0,4.4,-31.6,1,322.796,4.029,49.408
4186.4,18.82,0.0,4.7,-30.7,1,323.584,4.022,48.592
4189.8,18.72,0.0,4.7,-28.1,1,324.120,4.017,48.066
4189.8,18.57,0.0,5.5,-24.6,1,324.940,4.009,47.305
4189.8,18.42,0.0,6.3,-23.9,1,325.774,4.001,46.572
4189.8,18.31,0.0,6.9,-25.9,1,326.337,3.995,46.100
4193.4,18.13,0.0,7.6,-31.2,1,327.192,3.986,45.418
4193.4,18.01,0.0,5.9,-33.8,1,327.768,3.980,44.981
4193.4,17.86,0.0,0.4,-35.5,1,328.644,3.970,44.356
4193.4,17.82,11.4,0.0,-35.1,1,329.237,3.963,43.959
4196.8,17.88,34.9,0.0,-34.3,1,330.143,3.953,43.391
4196.8,17.98,43.3,0.0,-34.3,1,330.761,3.946,43.026
4196.8,18.18,50.6,0.0,-33.8,1,331.709,3.935,42.502
4196.8,18.40,83.9,0.0,-31.5,1,332.358,3.927,42.166
4200.6,18.83,58.8,0.0,-27.3,1,333.360,3.915,41.675
4200.6,19.04,68.2,0.0,-25.1,1,334.049,3.907,41.360
4200.6,19.40,62.9,0.0,-23.8,1,335.109,3.895,40.908
4200.6,19.61,55.5,0.0,-21.5,1,335.833,3.886,40.619
4204.8,19.86,46.9,0.0,-21.6,1,336.944,3.875,40.211
4204.8,20.01,25.9,0.0,-23.5,1,338.079,3.865,39.830
4204.8,20.02,11.3,0.0,-24.5,1,338.844,3.858,39.593
4204.8,19.94,0.4,1.0,-22.6,1,339.997,3.849,39.264
4208.7,19.88,0.0,0.9,-22.1,1,340.768,3.844,39.063
4208.7,19.79,2.4,0.0,-24.8,1,341.925,3.837,38.787
4208.7,19.75,8.9,0.0,-27.7,1,342.698,3.832,38.621
4208.7,19.74,18.8,0.0,-41.6,1,343.862,3.826,38.401
4213.2,19.75,23.0,0.0,-48.9,1,344.642,3.822,38.277
4213.2,19.80,31.5,0.0,-58.8,1,345.818,3.817,38.124
4213.2,19.83,23.3,0.0,-64.6,1,346.607,3.813,38.045
4213.2,19.79,14.1,0.0,-72.2,1,347.793,3.809,37.964
4217.7,19.74,11.8,0.0,-76.2,1,348.583,3.806,37.934
4217.7,19.64,11.1,0.0,-79.2,1,349.764,3.802,37.928
4217.7,19.52,9.0,0.0,-79.8,1,350.939,3.798,37.967
4217.7,19.45,11.2,0.0,-77.9,1,351.716,3.796,38.018
4222.1,19.36,11.3,0.0,-74.5,1,352.875,3.794,38.133
4222.1,19.30,11.3,0.0,-75.0,1,353.642,3.793,38.234
4222.1,19.21,11.4,0.0,-74.0,1,354.782,3.791,38.421
4222.1,19.15,11.4,0.0,-72.1,1,355.534,3.790,38.570
4226.4,19.06,11.6,0.0,-73.3,1,356.651,3.790,38.828
4226.4,19.00,11.8,0.0,-73.0,1,357.387,3.791,39.025
4226.4,18.92,11.7,0.0,-70.6,1,358.476,3.792,39.353
4226.4,18.87,12.4,0.0,-70.9,1,359.192,3.793,39.596
4230.4,18.79,13.0,0.0,-69.8,1,360.249,3.796,39.994
4230.4,18.74,13.6,0.0,-68.4,1,360.942,3.798,40.282
4230.4,18.67,16.0,0.0,-65.7,1,361.964,3.802,40.747
4230.4,18.65,19.2,0.0,-62.9,1,362.632,3.805,41.080
4234.1,18.65,27.0,0.0,-56.2,1,363.615,3.810,41.614
4234.1,18.76,51.4,0.0,-49.2,1,364.578,3.815,42.188
4234.1,18.95,81.5,0.0,-44.0,1,365.212,3.818,42.594
4237.8,19.30,48.6,0.0,-34.4,1,366.160,3.824,43.242
4237.8,19.50,76.4,0.0,-31.1,1,366.786,3.827,43.699
4237.8,19.82,61.6,0.0,-30.6,1,367.718,3.833,44.422
4237.8,20.04,54.4,0.0,-23.6,1,368.332,3.836,44.929
4241.6,20.40,77.3,0.0,-14.2,1,369.245,3.841,45.726
4241.6,20.67,78.7,0.0,-9.6,1,369.850,3.844,46.281
4241.6,21.14,72.0,0.0,-9.8,1,370.758,3.848,47.145
4241.6,21.46,80.2,0.0,-16.3,1,371.364,3.851,47.742
4245.6,21.94,79.8,0.0,-22.1,1,372.271,3.856,48.675
4245.6,22.25,84.2,0.0,-24.3,1,372.872,3.859,49.322
4245.6,22.69,73.6,0.0,-16.3,1,373.766,3.863,50.330
4245.6,23.15,73.7,0.0,-13.7,1,374.650,3.868,51.382
4249.9,23.43,66.5,0.0,-12.2,1,375.236,3.871,52.107
4249.9,23.92,73.3,0.0,-5.7,1,376.105,3.875,53.228
4249.9,24.23,70.6,0.0,3.5,1,376.682,3.878,53.999
4249.9,24.77,90.8,0.0,6.6,1,377.552,3.881,55.182
4254.5,25.15,69.4,0.0,-0.2,1,378.139,3.884,55.988
4254.5,25.65,73.7,0.0,-11.2,1,379.026,3.888,57.228
4254.5,25.98,84.3,0.0,-16.7,1,379.617,3.891,58.074
4254.5,26.52,77.4,0.0,-19.4,1,380.500,3.894,59.376
4259.5,26.83,66.1,0.0,-17.2,1,381.085,3.896,60.268
4259.5,27.30,65.2,0.0,-11.5,1,381.950,3.898,61.641
4259.5,27.55,53.8,0.0,-5.6,1,382.518,3.899,62.579
4259.5,28.00,69.1,0.0,-1.8,1,383.355,3.900,64.018
4264.9,28.44,79.8,0.0,-3.6,1,384.180,3.900,65.496
4264.9,28.79,83.6,0.0,-3.0,1,384.722,3.900,66.503
4264.9,29.35,76.2,0.0,-3.5,1,385.525,3.901,68.050
4264.9,29.71,76.6,0.0,-5.3,1,386.057,3.902,69.104
4270.6,30.27,85.7,0.0,-9.2,1,386.846,3.904,70.720
4270.6,30.64,91.9,0.0,-10.5,1,387.366,3.905,71.820
4270.6,31.15,62.2,0.0,-8.1,1,388.137,3.906,73.505
4270.6,31.43,88.2,0.0,-4.8,1,388.641,3.906,74.650
4276.7,31.89,64.7,0.0,-0.3,1,389.384,3.907,76.397
4276.7,32.18,90.6,0.0,0.6,1,389.869,3.909,77.583
4276.7,32.70,64.4,0.0,0.6,1,390.586,3.912,79.391
4276.7,32.88,89.8,0.0,-0.2,0,391.057,3.914,80.615
4283.1,33.00,75.5,0.0,-0.9,2,391.750,3.910,82.467
4283.1,33.17,71.8,0.0,-1.4,2,392.201,3.902,83.710
4283.1,33.55,70.7,0.0,-2.4,2,392.864,3.893,85.600
4283.1,33.89,91.9,0.0,-3.4,2,393.508,3.892,87.518
4289.6,34.19,33.8,0.0,-2.1,2,393.932,3.889,88.813
4289.6,34.55,87.6,0.0,-2.1,2,394.558,3.881,90.775
4289.6,34.79,69.3,0.0,-1.7,2,394.967,3.876,92.099
4289.6,35.16,69.8,0.0,-1.4,2,395.567,3.869,94.109
4296.4,35.48,76.5,0.0,-1.5,2,395.958,3.867,95.466
4296.4,35.95,91.9,0.0,-1.7,2,396.534,3.868,97.528
4296.4,36.27,91.9,0.0,-1.5,2,396.911,3.869,98.923
4296.4,36.61,36.2,0.0,-0.7,2,397.469,3.867,101.037
4303.5,36.89,76.2,0.0,0.2,2,397.836,3.861,102.459
4303.5,37.34,91.9,0.0,0.6,2,398.373,3.855,104.618
4303.5,37.69,91.9,0.0,-1.2,2,398.725,3.855,106.076
4303.5,38.23,92.0,0.0,-2.5,2,399.249,3.855,108.292
4310.9,38.75,92.0,0.0,-2.3,2,399.767,3.851,110.541
4310.9,39.10,92.0,0.0,-2.0,2,400.109,3.847,112.059
4310.9,39.61,92.0,0.0,-2.3,2,400.613,3.843,114.365
4310.9,39.94,92.0,0.0,-2.9,2,400.944,3.841,115.921
4318.6,40.44,92.0,0.0,-3.5,2,401.431,3.837,118.281
4318.6,40.77,92.0,0.0,-3.9,2,401.749,3.836,119.873
4318.6,41.24,92.1,0.0,-4.4,2,402.214,3.834,122.288
4326.7,41.71,92.2,0.0,-4.8,2,402.663,3.832,124.735
4326.7,42.01,92.0,0.0,-5.0,2,402.951,3.830,126.384
4326.7,42.16,0.0,0.0,-4.9,0,403.365,3.827,128.878
4326.7,42.31,91.9,0.0,-4.8,3,403.624,3.824,130.546
4334.9,42.75,91.9,0.0,-5.0,3,403.993,3.819,133.070
4334.9,43.03,91.9,0.0,-6.0,3,404.225,3.816,134.769
4334.9,43.45,91.9,0.0,-6.5,3,404.550,3.811,137.342
4334.9,43.73,91.9,0.0,-6.1,3,404.750,3.808,139.073
4343.6,44.14,91.9,0.0,-5.6,3,405.023,3.803,141.694
4343.6,44.42,91.9,0.0,-5.6,3,405.188,3.800,143.457
4343.6,44.83,92.0,0.0,-5.6,3,405.407,3.794,146.125
4343.6,45.11,92.0,0.0,-6.0,3,405.534,3.790,147.919
4352.4,45.51,92.0,0.0,-6.9,3,405.696,3.784,150.632
4352.4,45.78,92.0,0.0,-7.8,3,405.782,3.780,152.455
4352.4,46.18,92.0,0.0,-8.8,3,405.880,3.775,155.212
4352.4,46.56,92.0,0.0,-9.4,3,405.935,3.769,157.992
4361.4,46.81,92.0,0.0,-9.4,3,405.947,3.764,159.859
4361.4,47.19,92.0,0.0,-9.4,3,405.924,3.758,162.679
4361.4,47.43,92.0,0.0,-9.7,3,405.880,3.754,164.570
4361.4,47.80,92.1,0.0,-10.2,3,405.772,3.747,167.424
4370.8,48.04,92.1,0.0,-10.3,3,405.669,3.742,169.338
4370.8,48.39,92.1,0.0,-10.9,3,405.469,3.735,172.223
4370.8,48.62,92.1,0.0,-11.3,3,405.303,3.730,174.155
4370.8,48.97,92.1,0.0,-12.2,3,405.006,3.722,177.067
4380.4,49.19,92.1,0.0,-12.5,3,404.776,3.716,179.016
4380.4,49.52,92.1,0.0,-14.0,3,404.379,3.709,181.950
4380.4,49.74,92.1,0.0,-15.1,3,404.080,3.704,183.913
4380.4,50.06,92.2,0.0,-16.5,3,403.582,3.696,186.864
4390.2,50.37,92.2,0.0,-17.7,3,403.021,3.688,189.824
4390.2,50.56,92.2,0.0,-18.0,3,402.612,3.683,191.800
4390.2,50.85,91.7,0.0,-18.9,3,401.944,3.677,194.768
4390.2,50.94,0.0,0.0,-19.7,0,401.462,3.672,196.747
4400.5,50.94,90.7,0.0,-20.2,4,400.687,3.664,199.700
4400.5,51.12,92.0,0.0,-20.2,4,400.132,3.661,201.664
4400.5,51.38,88.3,0.0,-20.9,4,399.242,3.659,204.607
4400.5,51.52,71.8,0.0,-21.8,4,398.611,3.658,206.566
4411.2,51.62,51.7,0.0,-23.3,4,397.611,3.655,209.494
4411.2,51.62,38.0,0.0,-24.3,4,396.908,3.654,211.436
4411.2,51.70,64.0,0.0,-26.0,4,395.799,3.656,214.330
4411.2,51.76,55.8,0.0,-27.1,4,395.025,3.659,216.248
4422.1,51.84,56.3,0.0,-28.2,4,393.813,3.665,219.110
4422.1,51.88,55.0,0.0,-28.6,4,392.971,3.669,221.006
4422.1,51.94,52.0,0.0,-28.6,4,391.659,3.677,223.831
4422.1,51.98,50.5,0.0,-28.1,4,390.287,3.686,226.630
4432.8,52.02,50.4,0.0,-27.6,4,389.339,3.692,228.481
4432.8,52.05,48.4,0.0,-27.3,4,387.870,3.699,231.236
4432.8,52.08,48.2,0.0,-27.9,4,386.860,3.701,233.057
4432.8,52.08,40.5,0.0,-29.4,4,385.299,3.702,235.764
4443.1,52.06,35.8,0.0,-29.8,4,384.228,3.702,237.550
4443.1,51.93,10.6,0.0,-30.9,4,382.575,3.702,240.198
4443.1,51.81,10.6,0.0,-31.3,4,381.444,3.703,241.938
4443.1,51.73,37.3,0.0,-31.0,4,379.705,3.708,244.511
4453.2,51.71,37.6,0.0,-30.4,4,378.514,3.714,246.203
4453.2,51.68,38.4,0.0,-29.8,4,376.685,3.724,248.707
4453.2,51.67,39.6,0.0,-29.2,4,375.436,3.730,250.355
4453.2,51.66,42.6,0.0,-28.1,4,373.520,3.740,252.792
4463.4,51.68,48.2,0.0,-25.3,4,371.553,3.750,255.187
4463.4,51.71,56.9,0.0,-22.4,4,370.213,3.757,256.762
4463.4,51.86,82.9,0.0,-17.9,4,368.158,3.768,259.091
4463.4,52.03,91.6,0.0,-14.6,4,366.757,3.774,260.625
4473.6,52.31,92.0,0.0,-9.6,4,364.611,3.780,262.903
4473.6,52.51,92.0,0.0,-6.2,4,363.151,3.782,264.406
4473.6,52.76,92.0,0.0,-2.1,4,360.918,3.783,266.638
4473.6,53.00,86.9,0.0,0.4,4,359.400,3.787,268.111
4484.1,53.33,77.2,0.0,2.2,4,357.086,3.792,270.304
4484.1,53.51,70.7,0.0,1.6,4,355.520,3.796,271.757
4484.1,53.80,61.2,0.0,-0.8,4,353.140,3.800,273.927
4494.8,54.15,59.0,0.0,-3.0,4,350.733,3.798,276.093
4494.8,54.37,59.0,0.0,-4.0,4,349.113,3.799,277.538
4494.8,54.68,60.2,0.0,-4.1,4,346.664,3.798,279.705
4494.8,54.93,60.0,0.0,-3.7,4,345.015,3.798,281.149
4505.7,55.25,60.1,0.0,-2.0,4,342.517,3.803,283.310
4505.7,55.43,60.3,0.0,-1.6,4,340.835,3.805,284.748
4505.7,55.74,60.4,0.0,-0.7,4,338.289,3.804,286.902
4505.7,55.95,60.4,0.0,-1.0,4,336.578,3.801,288.336
4516.9,56.25,60.5,0.0,-0.9,4,333.991,3.803,290.487
4516.9,56.44,60.5,0.0,-0.6,4,332.255,3.801,291.923
4516.9,56.76,60.5,0.0,0.1,4,329.637,3.795,294.085
4516.9,56.95,60.6,0.0,0.4,4,327.883,3.791,295.531
4528.2,57.25,60.6,0.0,0.6,4,325.240,3.786,297.710
4528.2,57.53,60.7,0.0,0.8,4,322.586,3.784,299.903
4528.2,57.73,60.8,0.0,1.0,4,320.812,3.784,301.374
4528.2,58.02,60.9,0.0,1.3,4,318.141,3.784,303.593
4539.7,58.21,61.0,0.0,1.4,4,316.356,3.784,305.082
4539.7,58.49,61.1,0.0,1.3,4,313.671,3.788,307.328
4539.7,58.68,61.1,0.0,1.2,4,311.877,3.792,308.834
4539.7,58.96,61.1,0.0,0.9,4,309.179,3.798,311.109
4551.4,59.15,61.1,0.0,0.8,4,307.377,3.802,312.636
4551.4,59.42,61.1,0.0,0.8,4,304.668,3.807,314.940
4551.4,59.61,61.1,0.0,0.8,4,302.859,3.812,316.487
4551.4,59.88,61.2,0.0,-0.1,4,300.139,3.820,318.821
4563.3,60.06,61.1,0.0,-0.6,4,298.321,3.824,320.385
4563.3,60.32,61.1,0.0,-0.5,4,295.585,3.829,322.743
4563.3,60.50,61.0,0.0,-0.2,4,293.755,3.831,324.320
4563.3,60.76,60.9,0.0,-0.1,4,290.999,3.831,326.693
4575.4,61.01,60.7,0.0,0.6,4,288.229,3.825,329.074
4575.4,61.18,60.5,0.0,0.9,4,286.375,3.820,330.666
4575.4,61.42,60.2,0.0,0.8,4,283.587,3.814,333.064
4575.4,61.49,0.0,0.0,0.8,0,281.724,3.808,334.669
4587.7,61.53,86.9,0.0,0.4,5,278.934,3.799,337.081
4587.7,61.69,80.5,0.0,0.3,5,277.073,3.798,338.695
4587.7,61.93,70.8,0.0,0.2,5,274.275,3.798,341.128
4587.7,62.09,64.3,0.0,0.2,5,272.406,3.799,342.758
4600.0,62.33,59.8,0.0,0.2,5,269.596,3.802,345.214
4600.0,62.49,59.9,0.0,0.2,5,267.717,3.803,346.858
4600.0,62.73,60.0,0.0,0.1,5,264.893,3.807,349.334
4600.0,62.88,60.1,0.0,-0.1,5,263.005,3.814,350.990
4612.6,63.11,60.1,0.0,-0.1,5,260.165,3.826,353.484
4612.6,63.27,60.2,0.0,0.0,5,258.266,3.835,355.151
4612.6,63.50,60.2,0.0,0.2,5,255.408,3.850,357.660
4612.6,63.74,60.2,0.0,0.2,5,252.540,3.861,360.178
4625.3,63.88,60.3,0.0,0.1,5,250.622,3.871,361.862
4625.3,64.10,60.4,0.0,0.2,5,247.738,3.888,364.395
4625.3,64.25,60.4,0.0,0.3,5,245.810,3.898,366.089
4625.3,64.48,60.4,0.0,0.3,5,242.909,3.908,368.639
4638.1,64.63,60.5,0.0,0.4,5,240.971,3.915,370.345
4638.1,64.84,60.5,0.0,0.3,5,238.057,3.925,372.913
4638.1,64.99,60.6,0.0,0.2,5,236.110,3.930,374.630
4638.1,65.21,60.6,0.0,0.1,5,233.183,3.932,377.216
4651.1,65.36,60.6,0.0,0.0,5,231.227,3.931,378.946
4651.1,65.57,60.7,0.0,-0.2,5,228.285,3.929,381.548
4651.1,65.71,60.7,0.0,-0.1,5,226.320,3.927,383.288
4651.1,65.93,60.8,0.0,-0.3,5,223.363,3.923,385.905
4664.2,66.14,60.9,0.0,-0.3,5,220.395,3.919,388.529
4664.2,66.28,60.9,0.0,-0.2,5,218.410,3.916,390.282
4664.2,66.49,61.0,0.0,-0.0,5,215.423,3.910,392.916
4664.2,66.63,61.0,0.0,-0.1,5,213.425,3.905,394.675
4677.4,66.83,61.1,0.0,-0.1,5,210.419,3.897,397.319
4677.4,66.97,61.1,0.0,-0.0,5,208.409,3.891,399.085
4677.4,67.17,61.2,0.0,0.0,5,205.385,3.885,401.740
4677.4,67.31,61.2,0.0,0.2,5,203.364,3.882,403.514
4690.9,67.51,61.2,0.0,0.2,5,200.324,3.877,406.182
4690.9,67.64,61.2,0.0,0.3,5,198.293,3.874,407.965
4690.9,67.84,61.2,0.0,0.3,5,195.240,3.869,410.647
4690.9,67.98,61.2,0.0,0.2,5,193.200,3.865,412.441
4704.4,68.17,61.3,0.0,0.2,5,190.135,3.859,415.140
4704.4,68.30,61.3,0.0,0.3,5,188.087,3.856,416.944
4704.4,68.49,61.3,0.0,0.3,5,185.011,3.851,419.659
4718.1,68.68,61.3,0.0,0.2,5,181.928,3.848,422.384
4718.1,68.81,61.3,0.0,0.2,5,179.869,3.845,424.206
4718.1,68.99,61.3,0.0,0.0,5,176.775,3.842,426.948
4718.1,69.12,61.3,0.0,0.0,5,174.709,3.839,428.781
4731.9,69.30,61.2,0.0,0.0,5,171.604,3.832,431.537
4731.9,69.42,61.2,0.0,-0.1,5,169.529,3.828,433.379
4731.9,69.60,61.2,0.0,0.1,5,166.411,3.823,436.148
4731.9,69.72,61.2,0.0,-0.1,5,164.328,3.821,437.999
4745.8,69.89,61.0,0.0,-0.1,5,161.196,3.819,440.779
4745.8,70.01,60.9,0.0,-0.0,5,159.104,3.818,442.636
4745.8,70.17,60.8,0.0,0.1,5,155.958,3.818,445.427
4745.8,70.28,60.7,0.0,0.1,5,153.857,3.819,447.290
4759.8,70.44,60.5,0.0,0.2,5,150.699,3.823,450.092
4759.8,70.61,60.5,0.0,0.3,5,147.535,3.827,452.901
4759.8,70.71,60.4,0.0,0.3,5,145.422,3.828,454.778
4759.8,70.87,60.3,0.0,0.3,0,142.249,3.830,457.601
4774.0,70.79,0.0,0.0,0.3,0,140.133,3.832,459.485
4774.0,70.88,83.9,0.0,0.1,6,136.962,3.834,462.313
4774.0,70.98,77.4,0.0,-0.1,6,134.847,3.836,464.203
4774.0,71.15,67.6,0.0,-0.2,6,131.668,3.837,467.045
4788.2,71.25,61.2,0.0,-0.0,6,129.546,3.839,468.944
4788.2,71.40,59.9,0.0,0.1,6,126.357,3.842,471.797
4788.2,71.51,60.0,0.0,-0.0,6,124.227,3.844,473.702
4788.2,71.67,60.0,0.0,-0.2,6,121.025,3.846,476.566
4802.5,71.82,60.1,0.0,-0.0,6,117.817,3.847,479.435
4802.5,71.92,60.1,0.0,-0.1,6,115.673,3.847,481.350
4802.5,72.08,60.2,0.0,-0.1,6,112.451,3.845,484.228
4802.5,72.18,60.2,0.0,0.0,6,110.299,3.843,486.149
4816.9,72.33,60.3,0.0,-0.1,6,107.065,3.839,489.035
4816.9,72.43,60.3,0.0,-0.1,6,104.904,3.834,490.962
4816.9,72.59,60.3,0.0,-0.0,6,101.656,3.826,493.856
4816.9,72.69,60.3,0.0,0.1,6,99.486,3.820,495.788
4831.4,72.83,60.4,0.0,0.1,6,96.226,3.811,498.691
4831.4,72.93,60.4,0.0,0.0,6,94.048,3.804,500.629
4831.4,73.08,60.4,0.0,-0.1,6,90.776,3.789,503.541
4831.4,73.23,60.4,0.0,-0.2,6,87.498,3.772,506.460
4846.0,73.33,60.5,0.0,-0.1,6,85.309,3.760,508.408
4846.0,73.47,60.5,0.0,-0.8,6,82.019,3.740,511.336
4846.0,73.57,60.5,0.0,-0.2,6,79.822,3.727,513.290
4846.0,73.71,60.6,0.0,0.1,6,76.519,3.706,516.223
4860.7,73.81,60.6,0.0,0.2,6,74.312,3.692,518.182
4860.7,73.95,60.6,0.0,-0.7,6,70.996,3.670,521.123
4860.7,74.04,60.6,0.0,-0.4,6,68.782,3.655,523.086
4860.7,74.18,60.6,0.0,0.5,6,65.453,3.631,526.035
4875.5,74.28,60.7,0.0,-0.3,6,63.230,3.614,528.003
4875.5,74.42,60.7,0.0,-0.9,6,59.889,3.588,530.958
4875.5,74.51,60.7,0.0,-0.0,6,57.656,3.569,532.929
4875.5,74.65,60.7,0.0,0.7,6,54.299,3.537,535.888
4890.4,74.79,60.8,0.0,-0.1,6,50.934,3.503,538.849
4890.4,74.88,60.8,0.0,0.1,6,48.687,3.480,540.826
4890.4,75.01,60.8,0.0,0.5,6,45.311,3.443,543.796
4890.4,75.11,60.8,0.0,0.6,6,43.058,3.417,545.780
4905.3,75.24,60.9,0.0,0.5,6,39.675,3.374,548.762
4905.3,75.33,60.9,0.0,0.4,6,37.418,3.343,550.756
4905.3,75.46,61.0,0.0,0.3,6,34.032,3.292,553.755
4905.3,75.56,60.9,0.0,0.3,6,31.774,3.254,555.761
4920.4,75.69,61.0,0.0,0.3,6,28.385,3.199,558.776
4920.4,75.78,61.0,0.0,0.2,6,26.124,3.160,560.793
4920.4,75.91,61.1,0.0,0.1,6,22.732,3.104,563.824
4920.4,75.99,61.1,0.0,0.1,6,20.469,3.066,565.850
4935.6,76.13,61.1,0.0,0.2,6,17.071,3.006,568.896
4935.6,76.25,61.1,0.0,-0.0,6,13.670,2.947,571.949
4935.6,76.34,61.2,0.0,-0.2,6,11.400,2.909,573.988
4950.8,76.47,61.0,5.5,-0.2,6,7.990,2.852,577.052
4950.8,76.30,17.4,43.6,0.0,6,5.715,2.815,579.095
4950.8,75.42,0.0,77.2,-0.2,6,2.325,2.763,582.138
4950.8,74.63,0.0,83.8,-0.5,6,0.090,2.726,584.143
4965.9,73.32,0.0,84.8,-0.7,6,-3.217,2.669,587.108
4965.9,72.47,0.0,85.9,-0.7,6,-5.391,2.633,589.053
4965.9,71.16,0.0,85.8,0.2,6,-8.607,2.580,591.924
4965.9,70.29,0.0,86.2,0.3,6,-10.720,2.545,593.807
4980.1,68.99,0.0,85.7,0.0,6,-13.845,2.494,596.585
4980.1,67.70,0.0,85.7,-0.4,6,-16.913,2.447,599.309
4980.1,66.85,0.0,85.9,-0.7,6,-18.928,2.417,601.095
4980.1,65.60,0.0,87.6,-0.7,6,-21.906,2.372,603.730
4993.5,64.72,0.0,86.4,-1.0,6,-23.861,2.340,605.456
4993.5,63.45,0.0,85.6,-1.0,6,-26.748,2.293,607.998
4993.5,62.61,0.0,85.9,-0.7,6,-28.644,2.261,609.662
4993.5,61.36,29.5,86.5,-0.5,0,-31.447,2.216,612.110
5006.0,60.53,0.0,87.1,-0.6,5,-33.288,2.187,613.710
5006.0,59.26,0.0,86.0,-1.0,5,-36.008,2.147,616.062
5006.0,58.42,0.0,85.9,-1.1,5,-37.793,2.121,617.597
5006.0,57.19,0.0,86.9,-1.2,5,-40.432,2.082,619.852
5017.7,56.36,0.0,86.6,-1.3,5,-42.164,2.054,621.323
5017.7,55.09,0.0,84.9,-1.3,5,-44.722,2.015,623.479
5017.7,53.88,0.0,85.4,-0.9,0,-47.233,1.977,625.576
5017.7,53.08,27.6,86.9,-1.3,0,-48.881,1.951,626.942
5028.6,51.84,0.0,86.3,-1.7,4,-51.316,1.913,628.940
5028.6,51.03,0.0,85.2,-2.3,4,-52.914,1.889,630.239
5028.6,49.81,0.0,82.9,-2.5,4,-55.274,1.853,632.134
5028.6,49.02,0.0,80.8,-2.3,4,-56.824,1.830,633.363
5038.6,47.87,0.0,77.4,-2.3,4,-59.116,1.796,635.154
5038.6,47.14,0.0,71.7,-2.7,4,-60.623,1.774,636.313
5038.6,46.11,0.0,63.8,-3.3,4,-62.857,1.740,638.000
5038.6,45.48,0.0,54.5,-3.6,4,-64.331,1.718,639.089
5047.8,44.69,0.0,42.8,-4.6,4,-66.526,1.685,640.669
5047.8,44.24,0.0,38.7,-5.6,0,-67.984,1.664,641.689
5047.8,43.67,0.0,36.2,-6.6,3,-70.167,1.632,643.172
5047.8,43.28,0.0,34.9,-7.3,3,-71.620,1.611,644.129
5056.5,42.71,0.0,33.4,-8.0,3,-73.794,1.579,645.518
5056.5,42.15,0.0,32.7,-8.5,3,-75.963,1.548,646.853
5056.5,41.80,0.0,30.8,-8.7,3,-77.407,1.529,647.711
5056.5,41.29,0.0,28.2,-9.0,3,-79.568,1.499,648.955
5064.8,40.97,0.0,25.4,-9.1,3,-81.006,1.480,649.754
5064.8,40.54,0.0,18.6,-8.8,3,-83.163,1.451,650.908
5064.8,40.30,0.0,16.8,-9.1,3,-84.600,1.432,651.648
5064.8,39.97,0.0,14.6,-10.0,3,-86.758,1.403,652.718
5072.7,39.76,0.0,12.9,-10.3,3,-88.199,1.383,653.403
5072.7,39.45,0.0,24.0,-10.8,3,-90.361,1.353,654.390
5072.7,39.16,0.0,30.0,-11.2,3,-91.802,1.334,655.020
5072.7,38.64,0.0,32.3,-11.3,3,-93.957,1.304,655.921
5080.5,38.29,0.0,24.1,-11.2,3,-95.386,1.286,656.491
5080.5,37.90,0.0,13.3,-11.2,3,-97.524,1.258,657.300
5080.5,37.62,0.0,8.5,-11.8,3,-99.659,1.232,658.056
5080.5,37.47,0.0,6.0,-12.7,3,-101.084,1.214,658.532
5088.0,37.28,0.0,4.0,-14.0,3,-103.224,1.186,659.203
5088.0,37.15,0.0,3.1,-14.9,3,-104.652,1.168,659.622
5088.0,36.99,0.0,2.0,-15.4,3,-106.798,1.141,660.207
5088.0,36.89,0.0,2.2,-15.8,3,-108.231,1.123,660.568
5095.7,36.73,0.0,1.9,-16.2,3,-110.383,1.097,661.067
5095.7,36.63,0.0,1.9,-16.3,3,-111.818,1.079,661.370
5095.7,36.47,0.0,2.0,-16.3,3,-113.973,1.053,661.779
5095.7,36.37,0.0,1.9,-16.5,3,-115.409,1.036,662.021
5103.1,36.21,0.0,1.9,-17.0,3,-117.563,1.011,662.338
5103.1,36.11,0.0,1.8,-17.1,3,-118.999,0.995,662.520
5103.1,35.95,0.0,1.5,-17.0,3,-121.149,0.970,662.745
5110.7,35.79,0.0,1.9,-16.6,3,-123.295,0.948,662.913
5110.7,35.69,0.0,1.9,-16.6,3,-124.722,0.934,662.994
5110.7,35.54,0.0,1.9,-17.0,3,-126.858,0.914,663.069
5110.7,35.44,0.0,1.9,-17.1,3,-128.277,0.902,663.088
5117.9,35.28,0.0,1.5,-17.6,3,-130.399,0.883,663.073
5117.9,35.18,0.0,1.6,-17.9,3,-131.808,0.870,663.033
5117.9,35.03,0.0,1.5,-17.9,0,-133.912,0.851,662.928
5117.9,34.96,39.9,2.1,-17.7,0,-135.308,0.839,662.828
5125.4,34.80,0.0,2.2,-17.6,2,-137.392,0.821,662.632
5125.4,34.68,0.0,0.9,-17.9,2,-138.772,0.810,662.472
5125.4,34.53,0.7,10.1,-18.3,2,-140.829,0.793,662.187
5125.4,34.28,0.0,6.8,-18.5,2,-142.866,0.776,661.851
5132.6,34.13,0.0,3.9,-18.6,2,-144.211,0.765,661.598
5132.6,33.94,0.0,1.9,-18.5,2,-146.209,0.749,661.176
5132.6,33.82,0.0,0.9,-18.7,2,-147.529,0.739,660.867
5132.6,33.67,0.2,0.0,-19.3,2,-149.489,0.724,660.360
5139.9,33.57,0.6,0.0,-17.4,2,-150.784,0.715,659.995
5139.9,33.44,0.5,0.0,-18.2,2,-152.706,0.700,659.407
5139.9,33.34,1.2,0.0,-18.9,2,-153.975,0.690,658.989
5139.9,33.21,0.8,0.5,-20.1,2,-155.857,0.676,658.321
5146.9,33.03,0.0,11.3,-21.1,2,-157.712,0.663,657.608
5146.9,32.73,0.0,13.0,-21.2,2,-159.534,0.649,656.849
5146.9,32.53,0.0,7.4,-20.7,2,-160.728,0.641,656.320
5146.9,32.31,0.0,1.1,-19.8,2,-162.486,0.631,655.488
5153.9,32.20,2.8,0.0,-19.5,2,-163.637,0.625,654.906
5153.9,32.17,28.8,0.0,-19.5,2,-165.338,0.620,653.993
5153.9,32.20,25.1,0.0,-19.5,2,-166.456,0.617,653.356
5153.9,32.22,17.8,0.0,-20.0,2,-168.112,0.615,652.359
5161.3,32.20,15.3,0.0,-21.3,2,-169.200,0.614,651.668
5161.3,32.10,1.4,7.1,-26.2,2,-170.806,0.610,650.598
5161.3,31.96,0.0,2.2,-28.5,2,-171.857,0.607,649.865
5161.3,31.79,8.8,0.0,-31.3,2,-173.401,0.602,648.737
5168.2,31.73,18.6,0.0,-31.7,2,-174.408,0.601,647.962
5168.2,31.75,35.6,0.0,-31.6,2,-175.885,0.602,646.761
5168.2,31.89,43.2,0.0,-33.5,2,-177.329,0.606,645.513
5168.2,31.97,38.8,0.0,-35.6,2,-178.276,0.608,644.655
5175.5,32.03,25.8,0.0,-40.0,2,-179.668,0.612,643.332
5175.5,32.00,15.3,0.0,-44.0,2,-180.575,0.614,642.428
5175.5,31.90,11.4,0.0,-46.0,2,-181.899,0.618,641.041
5175.5,31.83,10.2,0.0,-45.7,2,-182.756,0.622,640.098
5182.2,31.69,5.4,0.0,-47.1,2,-184.003,0.628,638.656
5182.2,31.58,2.8,0.0,-48.6,2,-184.806,0.633,637.678
5182.2,31.44,9.9,0.0,-45.2,2,-185.969,0.641,636.187
5182.2,31.36,10.6,0.0,-45.0,2,-186.716,0.647,635.178
5188.7,31.26,11.7,0.0,-46.2,2,-187.797,0.657,633.641
5188.7,31.19,12.1,0.0,-47.8,2,-188.490,0.662,632.602
5188.7,31.07,11.3,0.0,-51.0,2,-189.488,0.671,631.023
5195.1,30.95,10.6,0.0,-52.2,2,-190.435,0.681,629.420
5195.1,30.87,10.3,0.0,-52.3,2,-191.037,0.688,628.340
5195.1,30.74,10.5,0.0,-51.6,2,-191.896,0.699,626.704
5195.1,30.66,10.6,0.0,-50.8,2,-192.440,0.705,625.603
5201.1,30.54,11.0,0.0,-49.3,2,-193.213,0.714,623.937
5201.1,30.47,11.6,0.0,-47.7,2,-193.699,0.719,622.817
5201.1,30.36,13.4,0.0,-45.3,2,-194.383,0.725,621.125
5201.1,30.30,15.5,0.0,-43.4,2,-194.809,0.729,619.989
5206.9,30.24,19.2,0.0,-40.3,2,-195.403,0.733,618.272
5206.9,30.22,22.2,0.0,-40.7,2,-195.770,0.735,617.120
5206.9,30.21,20.4,0.0,-40.3,2,-196.276,0.738,615.379
5206.9,30.18,25.0,0.0,-39.4,2,-196.730,0.739,613.626
5212.7,30.19,28.7,0.0,-38.5,2,-197.004,0.741,612.450
5212.7,30.23,28.1,0.0,-36.6,2,-197.371,0.744,610.675
5212.7,30.24,27.1,0.0,-35.0,2,-197.587,0.746,609.485
5212.7,30.33,45.5,0.0,-31.9,2,-197.868,0.751,607.690
5218.7,30.50,71.4,0.0,-28.8,2,-198.028,0.754,606.485
5218.7,30.90,91.1,0.0,-22.2,2,-198.229,0.759,604.656
5218.7,31.16,57.5,0.0,-16.5,2,-198.339,0.763,603.419
5218.7,31.49,71.7,0.0,-6.7,2,-198.461,0.771,601.545
5224.9,31.73,62.0,0.0,0.8,2,-198.516,0.777,600.282
5224.9,32.13,86.1,0.0,8.3,2,-198.564,0.787,598.369
5224.9,32.46,86.9,0.0,10.4,2,-198.577,0.795,597.078
5224.9,32.81,54.6,0.0,10.1,2,-198.575,0.807,595.119
5231.4,33.09,86.7,0.0,7.6,2,-198.566,0.817,593.802
5231.4,33.61,89.1,0.0,3.9,2,-198.556,0.831,591.802
5231.4,34.13,80.9,0.0,1.5,2,-198.560,0.845,589.770
5231.4,34.37,50.7,23.9,1.3,2,-198.572,0.855,588.400
5238.2,34.00,0.0,34.0,3.0,2,-198.602,0.870,586.345
5238.2,33.62,0.0,38.5,3.9,2,-198.630,0.879,584.992
5238.2,33.05,0.0,27.2,5.1,2,-198.683,0.894,582.992
5238.2,32.76,0.0,16.1,5.8,2,-198.727,0.905,581.677
5244.9,32.48,0.0,9.7,7.0,2,-198.809,0.920,579.721
5244.9,32.32,0.0,13.3,7.7,2,-198.877,0.929,578.427
5244.9,32.03,0.0,17.6,9.0,2,-198.999,0.943,576.499
5244.9,31.81,0.0,14.9,9.9,2,-199.095,0.951,575.226
5251.3,31.52,0.0,12.2,11.0,2,-199.264,0.964,573.333
5251.3,31.35,0.0,11.4,11.7,2,-199.394,0.973,572.082
5251.3,31.09,0.0,7.7,12.8,2,-199.617,0.985,570.222
5251.3,30.89,0.0,3.9,13.6,2,-199.876,0.997,568.380
5257.6,30.78,0.0,2.7,14.0,2,-200.070,1.004,567.162
5257.6,30.63,0.0,0.5,14.7,2,-200.392,1.015,565.348
5257.6,30.54,0.0,1.2,15.3,2,-200.630,1.021,564.147
5257.6,30.38,0.0,5.6,15.9,2,-201.021,1.032,562.361
5263.8,30.26,0.0,3.1,15.8,2,-201.305,1.039,561.182
5263.8,30.11,0.6,0.2,15.2,2,-201.764,1.049,559.430
5263.8,30.03,0.8,0.2,14.3,2,-202.094,1.056,558.273
5263.8,29.90,0.0,5.8,13.6,2,-202.622,1.067,556.554
5270.2,29.76,0.0,19.7,13.4,2,-202.995,1.074,555.420
5270.2,29.36,32.6,27.8,13.6,0,-203.583,1.085,553.746
5270.2,29.08,0.0,28.0,13.4,1,-203.991,1.093,552.650
5270.2,28.55,0.0,33.9,13.3,1,-204.626,1.105,551.039
5276.3,28.19,0.0,27.7,13.6,1,-205.063,1.113,549.992
5276.3,27.74,0.0,19.6,14.2,1,-205.740,1.126,548.456
5276.3,27.56,28.9,0.0,14.5,1,-206.446,1.139,546.958
5276.3,27.64,29.0,0.0,13.1,1,-206.938,1.148,545.970
5282.4,27.68,11.5,0.0,11.9,1,-207.706,1.163,544.498
5282.4,27.64,5.9,0.6,12.2,1,-208.235,1.174,543.526
5282.4,27.50,0.0,7.0,12.8,1,-209.049,1.190,542.085
5282.4,27.36,0.0,10.4,13.1,1,-209.604,1.201,541.138
5288.5,27.13,0.0,7.8,14.1,1,-210.455,1.217,539.741
5288.5,26.99,0.0,6.4,15.0,1,-211.033,1.227,538.826
5288.5,26.79,0.0,5.5,16.5,1,-211.921,1.243,537.479
5288.5,26.66,0.0,3.8,17.5,1,-212.527,1.254,536.598
5295.0,26.50,0.0,1.0,19.3,1,-213.458,1.270,535.303
5295.0,26.40,0.0,0.6,20.4,1,-214.094,1.280,534.457
5295.0,26.26,0.0,0.4,21.8,1,-215.073,1.295,533.217
5300.7,26.14,3.9,0.0,23.1,1,-216.083,1.309,532.011
5300.7,26.08,3.7,0.0,24.0,1,-216.773,1.319,531.228
5300.7,25.96,2.3,0.0,25.6,1,-217.835,1.332,530.083
5300.7,25.88,4.0,0.0,26.6,1,-218.560,1.341,529.342
5306.2,25.80,9.3,0.0,27.9,1,-219.674,1.354,528.264
5306.2,25.75,9.9,0.0,28.7,1,-220.435,1.362,527.568
5306.2,25.68,8.7,0.0,29.9,1,-221.603,1.373,526.559
5306.2,25.65,15.5,0.0,30.8,1,-222.398,1.380,525.911
5311.6,25.64,20.5,0.0,32.2,1,-223.619,1.390,524.974
5311.6,25.65,21.5,0.0,33.1,1,-224.451,1.396,524.374
5311.6,25.67,21.8,0.0,34.7,1,-225.725,1.405,523.509
5311.6,25.70,26.3,0.0,35.8,1,-226.592,1.410,522.957
5317.0,25.75,24.6,0.0,37.7,1,-227.918,1.418,522.167
5317.0,25.78,22.1,0.0,40.3,1,-229.272,1.424,521.422
5317.0,25.78,20.5,0.0,42.1,1,-230.190,1.428,520.952
5317.0,25.78,21.8,0.0,44.4,1,-231.586,1.433,520.287
5322.3,25.78,21.2,0.0,45.9,1,-232.529,1.436,519.870
5322.3,25.77,19.6,0.0,48.2,1,-233.962,1.439,519.288
5322.3,25.76,18.9,0.0,49.8,1,-234.928,1.441,518.928
5322.3,25.72,17.8,0.0,52.1,1,-236.391,1.444,518.432
5327.6,25.69,16.6,0.0,53.2,1,-237.374,1.445,518.130
5327.6,25.64,15.5,0.0,54.7,1,-238.859,1.446,517.723
5327.6,25.59,14.3,0.0,55.6,1,-239.855,1.447,517.482
5327.6,25.51,12.1,0.0,56.9,1,-241.355,1.447,517.166
5332.9,25.45,11.7,0.0,57.7,1,-242.358,1.447,516.985
5332.9,25.34,11.5,0.0,58.1,1,-243.865,1.446,516.762
5332.9,25.28,11.3,0.0,57.9,1,-244.871,1.444,516.644
5332.9,25.18,11.1,0.0,57.6,1,-246.379,1.442,516.514
5338.0,25.08,11.3,0.0,57.2,1,-247.885,1.439,516.441
5338.0,25.02,11.8,0.0,56.4,1,-248.887,1.436,516.422
5338.0,24.93,12.3,0.0,55.1,1,-250.386,1.432,516.442
5338.0,24.87,12.9,0.0,54.1,1,-251.381,1.429,516.485
5343.2,24.80,15.3,0.0,51.9,1,-252.867,1.423,516.596
5343.2,24.78,17.8,0.0,50.1,1,-253.853,1.419,516.700
5343.2,24.76,22.4,0.0,47.0,1,-255.325,1.412,516.903
5343.2,24.78,27.4,0.0,44.8,1,-256.301,1.408,517.068
5348.2,24.88,38.6,0.0,41.3,1,-257.761,1.400,517.362
5348.2,25.01,47.8,0.0,39.3,1,-258.733,1.394,517.587
5348.2,25.28,61.1,0.0,36.2,1,-260.191,1.385,517.970
5348.2,25.53,71.7,0.0,33.6,1,-261.166,1.377,518.255
5353.4,25.92,55.7,0.0,28.4,1,-262.635,1.365,518.727
5353.4,26.23,54.9,0.0,22.9,1,-264.107,1.351,519.256
5353.4,26.42,53.4,0.0,19.6,1,-265.087,1.341,519.640
5353.4,26.71,52.6,0.0,15.8,1,-266.552,1.326,520.266
5358.8,26.93,57.2,0.0,14.3,1,-267.525,1.316,520.716
5358.8,27.29,57.2,0.0,14.9,1,-268.982,1.300,521.437
5358.8,27.50,51.7,0.0,16.3,1,-269.950,1.289,521.951
5358.8,27.77,47.4,0.0,19.1,1,-271.392,1.272,522.767
5364.7,27.96,50.9,0.0,21.5,1,-272.346,1.261,523.342
5364.7,28.24,54.5,0.0,24.9,1,-273.768,1.243,524.247
5364.7,28.46,57.5,0.0,26.7,1,-274.709,1.231,524.879
5364.7,28.80,60.3,0.0,27.9,1,-276.111,1.212,525.869
5370.6,29.03,61.2,0.0,27.9,1,-277.039,1.198,526.559
5370.6,29.39,62.5,0.0,27.3,1,-278.417,1.178,527.640
5370.6,29.64,65.9,0.0,26.7,1,-279.326,1.165,528.392
5370.6,30.01,61.8,0.0,25.5,1,-280.674,1.144,529.567
5376.8,30.35,63.3,0.0,24.1,1,-282.001,1.122,530.799
5376.8,30.59,64.9,0.0,23.8,1,-282.871,1.106,531.651
5376.8,30.91,58.6,0.0,23.6,1,-284.154,1.083,532.976
5376.8,31.10,52.9,0.0,23.3,1,-284.992,1.068,533.890
5383.3,31.38,60.1,0.0,23.1,1,-286.219,1.045,535.306
5383.3,31.58,60.8,0.0,23.5,1,-287.015,1.030,536.281
5383.3,31.86,53.0,0.0,24.6,1,-288.178,1.008,537.787
5383.3,32.03,53.3,0.0,26.0,1,-288.930,0.993,538.819
5390.5,32.25,44.5,0.0,28.7,1,-290.022,0.971,540.408
5390.5,32.37,39.7,0.0,31.3,1,-290.725,0.957,541.493
5390.5,32.51,40.9,0.0,36.4,1,-291.739,0.934,543.153
5390.5,32.59,34.2,0.0,39.2,1,-292.389,0.919,544.281
5397.4,32.64,28.0,0.0,41.7,1,-293.323,0.898,546.001
5397.4,32.67,25.7,0.0,43.4,1,-294.204,0.879,547.751
5397.4,32.67,23.7,0.0,44.1,1,-294.763,0.866,548.932
5405.0,32.65,21.8,0.0,44.7,1,-295.557,0.847,550.724
5405.0,32.64,20.9,0.0,44.8,1,-296.056,0.834,551.930
5405.0,32.59,19.5,0.0,44.8,1,-296.756,0.815,553.758
5405.0,32.56,19.7,0.0,45.3,1,-297.189,0.802,554.987
5412.0,32.51,19.5,0.0,44.5,1,-297.787,0.785,556.845
5412.0,32.47,20.9,0.0,43.1,1,-298.323,0.769,558.719
5412.0,32.45,22.4,0.0,41.4,1,-298.645,0.759,559.977
5412.0,32.49,35.1,0.0,38.6,1,-299.080,0.744,561.875
5418.9,32.55,34.6,0.0,35.8,1,-299.337,0.735,563.150
5418.9,32.69,47.9,0.0,30.1,1,-299.674,0.720,565.078
5418.9,32.88,70.7,0.0,25.8,1,-299.865,0.711,566.374
5418.9,33.35,92.0,0.0,17.0,1,-300.108,0.699,568.344
5426.1,33.67,67.6,0.0,10.4,1,-300.242,0.691,569.677
5426.1,34.10,86.2,0.0,2.3,1,-300.401,0.680,571.703
5426.1,34.39,71.6,0.0,-1.7,1,-300.480,0.673,573.070
5426.1,34.74,0.0,0.0,-4.1,0,-300.560,0.663,575.144
5433.1,34.75,90.5,0.0,-2.6,2,-300.586,0.658,576.533
5433.1,35.29,91.9,0.0,2.4,2,-300.592,0.650,578.632
5433.1,35.83,91.9,0.0,7.0,2,-300.567,0.645,580.765
5433.1,36.19,91.9,0.0,8.8,2,-300.536,0.641,582.204
5440.3,36.71,91.9,0.0,10.2,2,-300.464,0.635,584.389
5440.3,37.06,91.9,0.0,10.2,2,-300.397,0.631,585.862
5440.3,37.56,91.9,0.0,10.9,2,-300.264,0.624,588.095
5440.3,37.89,91.9,0.0,11.7,2,-300.150,0.619,589.599
5447.6,38.38,92.0,0.0,9.8,2,-299.937,0.612,591.877
5447.6,38.69,92.0,0.0,10.5,2,-299.766,0.607,593.408
5447.6,39.16,92.0,0.0,10.4,2,-299.463,0.598,595.723
5447.6,39.46,92.0,0.0,8.5,2,-299.230,0.591,597.278
5455.1,39.90,92.1,0.0,8.3,2,-298.831,0.580,599.624
5455.1,40.20,92.0,0.0,5.3,2,-298.532,0.572,601.197
5455.1,40.61,92.1,0.0,4.2,0,-298.033,0.557,603.569
5455.1,40.61,0.0,0.0,1.1,0,-297.667,0.545,605.153
5463.0,40.81,88.4,0.0,2.3,3,-297.068,0.525,607.517
5463.0,41.22,91.9,0.0,6.3,3,-296.406,0.506,609.886
5463.0,41.50,91.9,0.0,8.8,3,-295.933,0.493,611.471
5463.0,41.92,91.9,0.0,10.7,3,-295.181,0.469,613.857
5471.2,42.20,91.9,0.0,11.4,3,-294.651,0.451,615.453
5471.2,42.60,91.9,0.0,10.2,3,-293.812,0.421,617.854
5471.2,42.88,91.9,0.0,7.5,3,-293.224,0.400,619.458
5471.2,43.29,91.9,0.0,2.6,3,-292.297,0.367,621.870
5479.6,43.55,91.9,0.0,0.8,3,-291.651,0.345,623.481
5479.6,43.94,91.9,0.0,-0.6,3,-290.643,0.312,625.904
5479.6,44.20,91.9,0.0,-1.4,3,-289.951,0.289,627.524
5479.6,44.62,92.0,0.0,-1.3,3,-288.883,0.252,629.965
5488.4,44.91,92.0,0.0,-0.8,3,-288.156,0.222,631.599
5488.4,45.27,92.0,0.0,0.2,3,-287.043,0.173,634.062
5488.4,45.53,70.4,0.0,0.4,3,-286.289,0.137,635.712
5488.4,45.95,90.3,0.0,1.0,3,-285.135,0.082,638.201
5497.4,46.35,92.0,0.0,2.3,3,-283.954,0.034,640.705
5497.4,46.64,92.0,0.0,2.6,3,-283.153,0.004,642.383
5497.4,47.05,92.0,0.0,2.9,3,-281.928,-0.040,644.911
5497.4,47.32,92.0,0.0,2.5,3,-281.096,-0.070,646.604
5506.7,47.72,91.9,0.0,2.0,3,-279.822,-0.111,649.154
5506.7,47.97,92.0,0.0,1.7,3,-278.958,-0.139,650.860
5506.7,48.30,92.1,0.0,2.2,3,-277.640,-0.181,653.429
5506.7,48.68,92.1,0.0,1.9,3,-276.746,-0.208,655.150
5516.2,49.01,92.1,0.0,1.8,3,-275.379,-0.235,657.740
5516.2,49.23,92.1,0.0,1.3,3,-274.452,-0.250,659.472
5516.2,49.64,92.1,0.0,1.1,3,-273.037,-0.272,662.078
5516.2,49.86,92.1,0.0,1.6,3,-272.075,-0.282,663.820
5526.1,50.23,92.2,0.0,3.0,3,-270.610,-0.295,666.440
5526.1,50.59,92.2,0.0,3.5,3,-269.118,-0.314,669.070
5526.1,50.82,92.3,0.0,3.6,3,-268.106,-0.328,670.827
5536.2,51.17,92.3,0.0,3.5,3,-266.560,-0.345,673.466
5536.2,51.40,92.2,0.0,3.3,3,-265.510,-0.357,675.229
5536.2,51.73,92.2,0.0,3.1,0,-263.907,-0.372,677.874
5536.2,51.71,0.0,0.0,3.1,0,-262.821,-0.382,679.636
5546.5,51.94,92.0,0.0,2.9,4,-261.170,-0.395,682.267
5546.5,52.16,92.0,0.0,2.9,4,-260.051,-0.401,684.022
5546.5,52.48,92.0,0.0,2.1,4,-258.344,-0.409,686.656
5546.5,52.71,92.0,0.0,1.6,4,-257.189,-0.413,688.414
5556.9,53.03,84.9,0.0,1.2,4,-255.432,-0.418,691.054
5556.9,53.25,78.3,0.0,1.3,4,-254.246,-0.421,692.818
5556.9,53.58,68.7,0.0,2.0,4,-252.447,-0.426,695.469
5556.9,53.80,62.2,0.0,1.9,4,-251.235,-0.430,697.241
5567.5,54.12,59.7,0.0,2.4,4,-249.395,-0.436,699.905
5567.5,54.44,59.8,0.0,2.5,4,-247.531,-0.444,702.575
5567.5,54.66,60.0,0.0,2.6,4,-246.273,-0.449,704.357
5567.5,54.97,60.0,0.0,2.8,4,-244.363,-0.457,707.034
5578.4,55.18,60.1,0.0,2.9,4,-243.074,-0.463,708.819
5612.4,58.86,61.1,0.0,4.0,4,-215.713,-0.452,742.421
5624.3,59.04,61.1,0.0,4.0,4,-214.108,-0.441,744.147
5673.6,62.01,74.0,0.0,3.2,5,-178.705,-0.211,777.297
5673.6,62.16,67.6,0.0,3.6,5,-176.780,-0.206,778.865
5673.6,62.39,59.9,0.0,4.4,5,-173.863,-0.202,781.199
5673.6,62.62,59.9,0.0,4.9,5,-170.911,-0.200,783.512
5686.4,62.85,60.0,0.0,5.1,5,-167.924,-0.203,785.802
5686.4,62.99,60.1,0.0,5.2,5,-165.912,-0.205,787.314
5686.4,63.20,60.1,0.0,5.0,5,-162.862,-0.206,789.555
5686.4,63.35,60.2,0.0,5.0,5,-160.806,-0.204,791.031
5699.2,63.56,60.2,0.0,5.4,5,-157.691,-0.201,793.219
5699.2,63.70,60.3,0.0,5.2,5,-155.593,-0.200,794.659
5699.2,63.92,60.3,0.0,5.0,5,-152.414,-0.199,796.792
5699.2,64.12,60.4,0.0,4.7,5,-149.197,-0.196,798.889
5712.2,64.25,60.4,0.0,4.7,5,-147.031,-0.191,800.267
5712.2,64.46,60.4,0.0,5.1,5,-143.751,-0.183,802.304
5712.2,64.61,60.5,0.0,5.4,5,-141.545,-0.180,803.645
5712.2,64.81,60.5,0.0,5.8,5,-138.207,-0.178,805.627
5725.4,64.94,60.6,0.0,5.8,5,-135.962,-0.177,806.928
5725.4,65.14,60.6,0.0,5.5,5,-132.564,-0.174,808.847
5725.4,65.27,60.6,0.0,5.8,5,-130.279,-0.172,810.103
5725.4,65.46,60.7,0.0,5.9,5,-126.822,-0.171,811.954
5738.6,65.59,60.7,0.0,5.9,5,-124.496,-0.169,813.163
5792.2,67.90,61.2,0.0,5.9,5,-76.165,-0.103,832.322
5792.2,68.01,61.3,0.0,5.8,5,-73.548,-0.099,833.057
5792.2,68.18,61.3,0.0,6.1,5,-69.602,-0.092,834.112
5792.2,68.28,61.3,0.0,5.1,5,-66.957,-0.086,834.784
5805.7,68.45,61.3,0.0,4.5,5,-62.970,-0.077,835.746
5847.2,70.60,60.6,0.0,0.2,5,-9.475,0.214,844.536
5861.3,70.71,60.4,0.0,0.2,5,-6.667,0.234,844.858
5861.3,70.86,60.3,0.0,-0.0,5,-2.448,0.262,845.336
5861.3,70.88,0.0,0.0,-0.2,0,0.370,0.283,845.653
5861.3,70.88,87.1,0.0,-0.2,6,4.594,0.307,846.127
6.2,70.97,80.6,0.0,-0.3,6,7.413,0.322,846.443
